pair_uid,raw_e5_field_equal_centroid_cosine,raw_e5_field_equal_symmetric_top3_cosine,raw_e5_title_centroid_cosine,raw_e5_title_symmetric_top3_cosine,raw_e5_description_centroid_cosine,raw_e5_description_symmetric_top3_cosine,raw_e5_field_equal_centroid_cosine__multiplicity_weighted_audit,raw_e5_field_equal_symmetric_top3_cosine__multiplicity_weighted_audit,raw_e5_title_centroid_cosine__multiplicity_weighted_audit,raw_e5_title_symmetric_top3_cosine__multiplicity_weighted_audit,raw_e5_description_centroid_cosine__multiplicity_weighted_audit,raw_e5_description_symmetric_top3_cosine__multiplicity_weighted_audit
pair_000001,0.881810207505,0.881810207505,0.904095488778,0.904095488778,0.859524926232,0.859524926232,0.881810207505,0.881810207505,0.904095488778,0.904095488778,0.859524926232,0.859524926232
pair_000002,0.786264817658,0.786264817658,0.817865634029,0.817865634029,0.754664001287,0.754664001287,0.786264817658,0.786264817658,0.817865634029,0.817865634029,0.754664001287,0.754664001287
pair_000003,0.991757517154,0.941820400811,0.986138217771,0.964439525053,0.997376816537,0.919201276568,0.998261986459,0.956805718982,0.999147156381,0.994410161396,0.997376816537,0.919201276568
pair_000004,0.833415985414,0.801557574724,0.822414468059,0.814189157476,0.844417502769,0.788925991973,0.833415985414,0.801557574724,0.822414468059,0.814189157476,0.844417502769,0.788925991973
pair_000005,0.898342448017,0.870693432340,0.880169573921,0.845094851059,0.916515322114,0.896292013621,0.898342448017,0.870693432340,0.880169573921,0.845094851059,0.916515322114,0.896292013621
pair_000006,0.971454351617,0.899695627814,0.965496106819,0.863953862720,0.977412596416,0.935437392907,0.958171531922,0.898792437384,0.958309584479,0.868518933957,0.958033479366,0.929065940811
pair_000007,0.943036319299,0.893810181049,0.993050224923,0.894597948421,0.893022413676,0.893022413676,0.942934597941,0.895820185880,0.992846782205,0.898617958084,0.893022413676,0.893022413676
pair_000008,0.957912367481,0.910848912312,0.945693400924,0.882371870621,0.970131334037,0.939325954003,0.954225594336,0.907188856177,0.945693400924,0.882371870621,0.962757787749,0.932005841732
pair_000009,0.986348498471,0.869382766865,0.984126540802,0.851025025031,0.988570456139,0.887740508700,0.986275922164,0.869589451118,0.984126540802,0.851025025031,0.988425303525,0.888153877204
pair_000010,0.956129748199,0.913703562858,0.954783376518,0.905821836883,0.957476119880,0.921585288834,0.950874326472,0.910485174636,0.954783376518,0.905821836883,0.946965276426,0.915148512390
pair_000011,0.981987867979,0.878716285248,0.976816302666,0.873226098350,0.987159433292,0.884206472147,0.981987867979,0.878716285248,0.976816302666,0.873226098350,0.987159433292,0.884206472147
pair_000012,0.981300033196,0.874687436368,0.973176482214,0.863569207787,0.989423584177,0.885805664949,0.979428237866,0.892352408838,0.970954631095,0.884136415757,0.987901844636,0.900568401919
pair_000013,0.987595303545,0.922186724152,0.979773469179,0.913965878941,0.995417137911,0.930407569363,0.984068998996,0.941595029365,0.974764260533,0.934284686994,0.993373737460,0.948905371735
pair_000014,0.991456715304,0.939059526047,0.985627816092,0.939149587253,0.997285614515,0.938969464841,0.990991741039,0.978201766109,0.983921028820,0.972737164709,0.998062453258,0.983666367509
pair_000015,0.989718937549,0.922809826090,0.990354668689,0.920083488534,0.989083206409,0.925536163645,0.979719299853,0.945633321041,0.982950688873,0.946252716085,0.976487910832,0.945013925997
pair_000016,0.991050662981,0.922446595236,0.988952687120,0.904126755590,0.993148638843,0.940766434882,0.982198884181,0.931562242659,0.974678826404,0.914946738171,0.989718941958,0.948177747148
pair_000017,0.979005460291,0.894949508682,0.970411205330,0.877512647315,0.987599715251,0.912386370049,0.973663785789,0.905453289963,0.961059565837,0.882610103941,0.986268005741,0.928296475985
pair_000018,0.991498736455,0.940104265591,0.986942865837,0.916389665835,0.996054607072,0.963818865348,0.991192361494,0.948347930369,0.986421699027,0.928288252376,0.995963023960,0.968407608363
pair_000019,0.990762901124,0.925158194667,0.987385885686,0.907128875781,0.994139916562,0.943187513552,0.989829202421,0.944104036042,0.987168532046,0.933168226988,0.992489872796,0.955039845096
pair_000020,0.954597682821,0.924301317132,0.935316156304,0.908924469250,0.973879209337,0.939678165013,0.954141896557,0.930539449374,0.935316156304,0.908924469250,0.972967636809,0.952154429497
pair_000021,0.985292319111,0.913987041887,0.973491348110,0.897336872436,0.997093290112,0.930637211338,0.984161836802,0.947837336845,0.972286173583,0.925640513971,0.996037500022,0.970034159720
pair_000022,0.979417767801,0.903978122186,0.972774513980,0.889552212936,0.986061021621,0.918404031437,0.967068772545,0.919011931829,0.956858823450,0.892080399146,0.977278721641,0.945943464513
pair_000023,0.996064467922,0.936998651549,0.996108915174,0.939336873724,0.996020020671,0.934660429374,0.994374529134,0.945947789216,0.993068615128,0.943159695005,0.995680443139,0.948735883427
pair_000024,0.986504349529,0.916171840962,0.978829261289,0.910478022827,0.994179437769,0.921865659098,0.981746090124,0.927095276598,0.971915639483,0.922186665472,0.991576540766,0.932003887723
pair_000025,0.988369233385,0.926111895331,0.980428063089,0.913021289241,0.996310403681,0.939202501420,0.985081903217,0.936815787827,0.975064383891,0.922367847902,0.995099422543,0.951263727751
pair_000026,0.976567040214,0.867350650239,0.980541687055,0.863052535968,0.972592393373,0.871648764510,0.969479221449,0.883549097944,0.972020307975,0.879952092166,0.966938134922,0.887146103722
pair_000027,0.990240192120,0.928670274339,0.987046474129,0.923091321179,0.993433910110,0.934249227499,0.989279101510,0.942784575249,0.987456083841,0.941679308566,0.991102119179,0.943889841932
pair_000028,0.990226750460,0.916261188919,0.984167176449,0.894104909590,0.996286324471,0.938417468249,0.990731387118,0.927851614041,0.986426208635,0.907901218328,0.995036565601,0.947802009755
pair_000029,0.969743962818,0.877248206744,0.965227512559,0.855571758523,0.974260413077,0.898924654965,0.955348800026,0.877430312485,0.951844708462,0.858632839562,0.958852891590,0.896227785408
pair_000030,0.982491618129,0.902183000203,0.979802567563,0.880583283113,0.985180668695,0.923782717293,0.978389420314,0.916548508686,0.973084442845,0.901318824446,0.983694397784,0.931778192926
pair_000031,0.994144113219,0.886894227905,0.994046625866,0.876870594453,0.994241600573,0.896917861357,0.993526660918,0.892611229003,0.993083690151,0.882610179009,0.993969631684,0.902612278997
pair_000032,0.990784055315,0.903429105137,0.992670564102,0.897110986460,0.988897546527,0.909747223815,0.990279366752,0.903839187600,0.992151568115,0.896747843639,0.988407165389,0.910930531560
pair_000033,0.986296847819,0.886135101821,0.996173037544,0.877173993029,0.976420658094,0.895096210613,0.985218178992,0.888001316526,0.996145202354,0.880030950962,0.974291155631,0.895971682089
pair_000034,0.995360263908,0.904935167688,0.997013684550,0.897344718087,0.993706843267,0.912525617289,0.988747582670,0.913986297322,0.996688032468,0.897692108455,0.980807132872,0.930280486188
pair_000035,0.991399128329,0.879110351524,0.994922862134,0.874233937249,0.987875394523,0.883986765800,0.991034570666,0.884262741583,0.994767195038,0.878612303153,0.987301946294,0.889913180012
pair_000036,0.994215463533,0.886996767604,0.994516499659,0.874730546337,0.993914427407,0.899262988870,0.992553140510,0.886780405446,0.993573596397,0.873834690875,0.991532684622,0.899726120016
pair_000037,0.991959437223,0.903255934396,0.993911477801,0.895025117811,0.990007396644,0.911486750981,0.990806501098,0.903135782169,0.993563795673,0.894514243387,0.988049206523,0.911757320951
pair_000038,0.972540861361,0.885727523432,0.983370680274,0.892995012752,0.961711042448,0.878460034111,0.961594870449,0.889014255392,0.973045001094,0.893447045671,0.950144739804,0.884581465113
pair_000039,0.916672267719,0.884106115857,0.886963133059,0.855889671857,0.946381402378,0.912322559856,0.916672267719,0.884106115857,0.886963133059,0.855889671857,0.946381402378,0.912322559856
pair_000040,0.982847899732,0.893264123987,0.987054190924,0.875519571103,0.978641608539,0.911008676870,0.977158824490,0.893507461112,0.987041274610,0.876792223933,0.967276374370,0.910222698290
pair_000041,0.984636326943,0.875300916198,0.984389879715,0.857762691556,0.984882774171,0.892839140839,0.982690399069,0.876277897393,0.983470605281,0.863016694183,0.981910192857,0.889539100604
pair_000042,0.990821395082,0.877859438855,0.993023036025,0.867922803477,0.988619754140,0.887796074233,0.989107727884,0.884308390258,0.990973220519,0.877243858261,0.987242235249,0.891372922255
pair_000043,0.977109650102,0.893253404787,0.978385215823,0.875305078853,0.975834084381,0.911201730720,0.977560468261,0.896708049406,0.981793206923,0.880238865684,0.973327729599,0.913177233128
pair_000044,0.976071332869,0.876657807278,0.971295678140,0.854662809818,0.980846987598,0.898652804738,0.972166114028,0.881356906562,0.965857333390,0.854088515334,0.978474894665,0.908625297791
pair_000045,0.986503311597,0.883257260034,0.988094058679,0.867230934826,0.984912564515,0.899283585241,0.982949947812,0.888765008075,0.982973674821,0.874637035602,0.982926220804,0.902892980549
pair_000046,0.994575805071,0.884647735353,0.996572069789,0.875540431256,0.992579540353,0.893755039449,0.992588239288,0.892637521365,0.994594887543,0.885640633780,0.990581591034,0.899634408949
pair_000047,0.991071705455,0.883983426155,0.994400988514,0.867584828933,0.987742422395,0.900382023377,0.990276765916,0.889337169548,0.993173164205,0.873892195979,0.987380367627,0.904782143118
pair_000048,0.993023513162,0.890794944157,0.989544166092,0.866478301867,0.996502860233,0.915111586447,0.992047686294,0.900339332960,0.988295388495,0.878068723627,0.995799984094,0.922609942294
pair_000049,0.995243320144,0.904635103789,0.993592727799,0.890185928792,0.996893912490,0.919084278787,0.992892282640,0.911215303926,0.992381104940,0.899657120383,0.993403460340,0.922773487470
pair_000050,0.995959072549,0.895528603994,0.995088663504,0.877255057142,0.996829481594,0.913802150847,0.995227658876,0.903101433546,0.994564717665,0.887990355436,0.995890600087,0.918212511656
pair_000051,0.980857107607,0.893294876919,0.979263447542,0.873089444954,0.982450767672,0.913500308884,0.982938056827,0.902637994511,0.983185627360,0.883111883670,0.982690486294,0.922164105353
pair_000052,0.975871832707,0.880773947190,0.971817529759,0.861959986620,0.979926135656,0.899587907759,0.974624455783,0.889857927699,0.965917325436,0.863794663724,0.983331586131,0.915921191673
pair_000053,0.991184057787,0.890118213976,0.991181305653,0.873468189199,0.991186809921,0.906768238754,0.989681639155,0.905372435831,0.988512484182,0.893386853504,0.990850794127,0.917358018159
pair_000054,0.993879899496,0.900973229443,0.996107244815,0.893781088425,0.991652554177,0.908165370461,0.988331418460,0.922156424999,0.995561882861,0.903105428416,0.981100954058,0.941207421582
pair_000055,0.991692396415,0.878874489900,0.990967527035,0.863754092947,0.992417265795,0.893994886853,0.989908201109,0.885157224430,0.989732475173,0.871287979146,0.990083927045,0.899026469714
pair_000056,0.991795997938,0.901386214872,0.992972257176,0.889705128346,0.990619738700,0.913067301397,0.989605386933,0.907417301468,0.991585695257,0.897488868075,0.987625078608,0.917345734862
pair_000057,0.997997050765,0.913335851876,0.997762993338,0.898449506989,0.998231108192,0.928222196763,0.997851859239,0.947457066274,0.997571168600,0.936344720572,0.998132549878,0.958569411976
pair_000058,0.962902878537,0.873737403106,0.956203281623,0.847981381638,0.969602475451,0.899493424574,0.961916508323,0.877610933872,0.956540268141,0.856523038399,0.967292748506,0.898698829344
pair_000059,0.974302010337,0.882854581388,0.967205913254,0.849188425105,0.981398107421,0.916520737671,0.971543890903,0.889315300104,0.963918846615,0.856612189596,0.979168935192,0.922018410613
pair_000060,0.966204493330,0.903415679618,0.961907878480,0.872710230895,0.970501108181,0.934121128341,0.961226355648,0.907506957216,0.960880080637,0.874740914036,0.961572630659,0.940273000396
pair_000061,0.997829298228,0.941487869619,0.999516413139,0.946293096912,0.996142183316,0.936682642326,0.998262667092,0.954976273587,0.999159804158,0.956497694275,0.997365530026,0.953454852899
pair_000062,0.927057039750,0.896091361355,0.956687293742,0.942237338788,0.897426785757,0.849945383922,0.941014812379,0.920593043106,0.956687293742,0.942237338788,0.925342331017,0.898948747423
pair_000063,0.965382678045,0.895684871003,0.957875945594,0.867830491794,0.972889410495,0.923539250212,0.967477963759,0.903148881076,0.955709830000,0.870447664691,0.979246097519,0.935850097461
pair_000064,0.984700922024,0.900431990167,0.981555802029,0.877552137764,0.987846042020,0.923311842570,0.984883039774,0.909743018563,0.982981236134,0.888697019988,0.986784843415,0.930789017139
pair_000065,0.984976377579,0.902006305291,0.996977913812,0.888135205935,0.972974841347,0.915877404647,0.981176044190,0.905266394060,0.996530758705,0.891511016518,0.965821329676,0.919021771602
pair_000066,0.998189457747,0.936457614263,0.998034612617,0.918704387340,0.998344302876,0.954210841187,0.998136136358,0.943731755730,0.997757979574,0.922096507074,0.998514293142,0.965367004386
pair_000067,0.972332579493,0.881499746728,0.964940423641,0.852197421206,0.979724735345,0.910802072251,0.968793116480,0.891870548204,0.955512751491,0.860373887177,0.982073481469,0.923367209230
pair_000068,0.971931473586,0.890193903055,0.964605276931,0.859624018235,0.979257670241,0.920763787875,0.964657652944,0.889658564879,0.962890045055,0.855719222107,0.966425260832,0.923597907650
pair_000069,0.978180279325,0.885734534900,0.973995466031,0.861581684677,0.982365092620,0.909887385123,0.980189252374,0.891641092252,0.973045080268,0.860422799567,0.987333424481,0.922859384938
pair_000070,0.974153593116,0.893005245846,0.986798335352,0.867496550686,0.961508850880,0.918513941005,0.972200810745,0.899537131355,0.986121835832,0.879743781929,0.958279785659,0.919330480781
pair_000071,0.989953226972,0.914791413886,0.995739698777,0.912297512232,0.984166755168,0.917285315541,0.986374072132,0.929056849493,0.995221315821,0.912641948505,0.977526828444,0.945471750481
pair_000072,0.998413803259,0.929002488056,0.998145215182,0.919329279857,0.998682391335,0.938675696255,0.998288244606,0.931513110652,0.998041702272,0.919567392062,0.998534786939,0.943458829242
pair_000073,0.991077052873,0.897667671424,0.991290120853,0.878380647162,0.990863984893,0.916954695687,0.974988892753,0.898813021560,0.971096679213,0.877462166874,0.978881106293,0.920163876247
pair_000074,0.989270107361,0.888173167143,0.985162051777,0.862532283191,0.993378162944,0.913814051095,0.986531726389,0.896414657859,0.981119871536,0.872523138418,0.991943581242,0.920306177300
pair_000075,0.972948223377,0.892085884186,0.979577497077,0.877617514939,0.966318949678,0.906554253433,0.973983090520,0.900476022650,0.978103900471,0.887599330613,0.969862280568,0.913352714687
pair_000076,0.984399068696,0.885577821233,0.993518853016,0.869630748650,0.975279284375,0.901524893816,0.982873264089,0.892176310570,0.992485349869,0.878379730413,0.973261178309,0.905972890728
pair_000077,0.995416803970,0.893464984762,0.993091128814,0.872379751316,0.997742479125,0.914550218207,0.994710566595,0.900020515325,0.992127973740,0.881054473242,0.997293159451,0.918986557408
pair_000078,0.992960893923,0.897638780206,0.990658719308,0.863468526685,0.995263068538,0.931809033727,0.991497155432,0.904913665042,0.988312861507,0.872437188145,0.994681449358,0.937390141939
pair_000079,0.989679113405,0.886666341548,0.987000655741,0.871399836279,0.992357571068,0.901932846816,0.988554923350,0.898176418685,0.985120936059,0.885845232612,0.991988910642,0.910507604758
pair_000080,0.983299129171,0.873910952593,0.983681874809,0.869982282959,0.982916383533,0.877839622227,0.976599999875,0.882697855720,0.975019949090,0.873526827440,0.978180050660,0.891868884000
pair_000081,0.981919166295,0.912232620064,0.991829525690,0.907200207063,0.972008806900,0.917265033065,0.981008280822,0.933155598747,0.990726144092,0.936535727614,0.971290417551,0.929775469880
pair_000082,0.981922411788,0.887343223206,0.990041942845,0.876207410855,0.973802880731,0.898479035557,0.979356091423,0.888071394622,0.988353612427,0.878228169777,0.970358570420,0.897914619466
pair_000083,0.996624705277,0.904579015636,0.995648565081,0.891831120057,0.997600845473,0.917326911215,0.994727601312,0.908305610509,0.994979957226,0.895817684747,0.994475245398,0.920793536271
pair_000084,0.990449584709,0.912556665409,0.995335930132,0.904670700229,0.985563239286,0.920442630589,0.984822052982,0.915180793969,0.994426986297,0.905226601112,0.975217119667,0.925134986826
pair_000085,0.996473670401,0.920232776107,0.998084488084,0.913582883360,0.994862852717,0.926882668853,0.995217115415,0.922784945596,0.997440285249,0.915848568720,0.992993945581,0.929721322473
pair_000086,0.994903985694,0.912469254055,0.994144733920,0.905459260137,0.995663237468,0.919479247974,0.992747225331,0.912810640607,0.993151901819,0.906366356587,0.992342548842,0.919254924627
pair_000087,0.996803694427,0.937255268036,0.996368804616,0.917586595272,0.997238584238,0.956923940799,0.995541616153,0.972103381356,0.994168884014,0.963151857218,0.996914348291,0.981054905494
pair_000088,0.986067006846,0.890463806790,0.986831797700,0.860814218777,0.985302215992,0.920113394803,0.980614276397,0.902919677791,0.985908576366,0.866571631009,0.975319976428,0.939267724573
pair_000089,0.979531844446,0.903799482436,0.979552624483,0.867299220881,0.979511064409,0.940299743991,0.975700015497,0.909935108063,0.978337078823,0.866957518135,0.973062952171,0.952912697991
pair_000090,0.986531613027,0.892663841300,0.989416631299,0.867979159994,0.983646594756,0.917348522606,0.981285569859,0.899419774985,0.988823664189,0.874185506351,0.973747475528,0.924654043618
pair_000091,0.986597797220,0.892982340230,0.989589037983,0.874592964203,0.983606556457,0.911371716258,0.980888329737,0.905799065657,0.988781821446,0.883542083327,0.972994838027,0.928056047987
pair_000092,0.994823305044,0.913603088449,0.992869483323,0.909198550174,0.996777126765,0.918007626723,0.993876585200,0.955117782294,0.991351747606,0.946830900843,0.996401422795,0.963404663745
pair_000093,0.984445216455,0.893714656685,0.981965835284,0.857291723880,0.986924597626,0.930137589489,0.981734273778,0.899336665537,0.978320689414,0.862548898185,0.985147858142,0.936124432890
pair_000094,0.993784182504,0.884578834695,0.993486113717,0.870403271414,0.994082251291,0.898754397976,0.993544724626,0.895151522040,0.992921655754,0.882499388459,0.994167793498,0.907803655621
pair_000095,0.989939261867,0.913280270588,0.987517888385,0.893797780574,0.992360635349,0.932762760601,0.982367286028,0.935655587968,0.979985287549,0.921398882727,0.984749284507,0.949912293210
pair_000096,0.981569588426,0.902993492295,0.992075465551,0.876498054488,0.971063711301,0.929488930102,0.978554057505,0.925761607410,0.988799984636,0.900540502141,0.968308130374,0.950982712678
pair_000097,0.980455765340,0.910150219887,0.989422891517,0.886121365664,0.971488639164,0.934179074110,0.979528186444,0.930116124908,0.989102180645,0.900417213699,0.969954192244,0.959815036118
pair_000098,0.977666723051,0.893393416088,0.982990199456,0.870261154860,0.972343246645,0.916525677316,0.975853086519,0.914813066930,0.984110169102,0.885334800451,0.967596003936,0.944291333409
pair_000099,0.984231821732,0.881511621684,0.995363745415,0.871849075731,0.973099898048,0.891174167638,0.982244558443,0.889643931056,0.994181577697,0.883110216674,0.970307539189,0.896177645438
pair_000100,0.985448214522,0.894086202005,0.986286017383,0.870092598567,0.984610411660,0.918079805442,0.982900306139,0.896287778481,0.982214897822,0.870090208468,0.983585714457,0.922485348494
pair_000101,0.960900433368,0.866899757496,0.966023070470,0.857933755765,0.955777796267,0.875865759228,0.943916868398,0.888019144240,0.957614769770,0.878819073209,0.930218967025,0.897219215272
pair_000102,0.984091307736,0.896038449655,0.995011616564,0.886504807818,0.973170998908,0.905572091493,0.976413445421,0.907232725425,0.994739640297,0.890408979920,0.958087250545,0.924056470930
pair_000103,0.986084396403,0.889678705973,0.997765130934,0.887450274025,0.974403661872,0.891907137921,0.985486966165,0.913950752325,0.997423911699,0.914437151667,0.973550020631,0.913464352983
pair_000104,0.978748076271,0.888268933241,0.989849593994,0.878768251911,0.967646558548,0.897769614572,0.977372536864,0.888895613128,0.989697484690,0.881734729826,0.965047589038,0.896056496430
pair_000105,0.989887738455,0.887740962869,0.988298761475,0.873719001239,0.991476715434,0.901762924499,0.989265428466,0.894378876339,0.987626428340,0.882931109576,0.990904428592,0.905826643103
pair_000106,0.985646906083,0.884527756614,0.986172538984,0.858447805287,0.985121273182,0.910607707940,0.979665914895,0.889560703610,0.980030657038,0.865755081205,0.979301172752,0.913366326015
pair_000107,0.989717654463,0.887768764479,0.994123126471,0.881703836399,0.985312182455,0.893833692558,0.982296208945,0.905471003179,0.994464193124,0.890072835697,0.970128224765,0.920869170662
pair_000108,0.989666083652,0.900092383967,0.990251491332,0.893980711607,0.989080675972,0.906204056328,0.979953105005,0.912878096021,0.990087275955,0.904161389751,0.969818934054,0.921594802291
pair_000109,0.991030597350,0.894035960232,0.992333517226,0.881832506108,0.989727677473,0.906239414356,0.983373663038,0.906598115964,0.991577063078,0.883603904082,0.975170262998,0.929592327847
pair_000110,0.990489120992,0.914014410135,0.995811386075,0.908592161484,0.985166855910,0.919436658785,0.986009945274,0.928022431848,0.995352447011,0.908533811798,0.976667443536,0.947511051899
pair_000111,0.994673283806,0.903579536845,0.996101676830,0.893297843836,0.993244890782,0.913861229854,0.987653999496,0.926561199202,0.995785659738,0.900586687055,0.979522339254,0.952535711349
pair_000112,0.983961481669,0.885021417283,0.986487510545,0.876947164800,0.981435452793,0.893095669766,0.983267798265,0.904111716687,0.985604283426,0.897371323109,0.980931313104,0.910852110265
pair_000113,0.973092696081,0.882489690819,0.977080408276,0.872096650921,0.969104983886,0.892882730718,0.967109654756,0.883339232799,0.976613796420,0.875821294019,0.957605513093,0.890857171578
pair_000114,0.986442356812,0.883327559743,0.989280513590,0.877318986467,0.983604200034,0.889336133020,0.985331100301,0.889119824594,0.990093027008,0.884677115527,0.980569173594,0.893562533662
pair_000115,0.986879370162,0.894208305295,0.983501784569,0.885165147791,0.990256955755,0.903251462799,0.987463284177,0.901122985115,0.984634172797,0.894336155741,0.990292395557,0.907909814489
pair_000116,0.989744714295,0.895186657198,0.990934714477,0.880940938718,0.988554714114,0.909432375678,0.986843065342,0.894106910227,0.990154843647,0.881214569774,0.983531287037,0.906999250680
pair_000117,0.904954727254,0.867396220575,0.917598540797,0.902135535517,0.892310913711,0.832656905632,0.906809601166,0.897018266698,0.917598540797,0.902135535517,0.896020661535,0.891900997880
pair_000118,0.955219015132,0.875259018610,0.971404899397,0.925775818905,0.939033130868,0.824742218314,0.955378823511,0.884272958839,0.971404899397,0.925775818905,0.939352747625,0.842770098772
pair_000119,0.987232282149,0.939666743327,0.988958077207,0.948636445783,0.985506487091,0.930697040871,0.987758862716,0.954695012253,0.987802833817,0.947425440609,0.987714891614,0.961964583897
pair_000120,0.884563874220,0.877875889280,0.896399501261,0.883023531381,0.872728247179,0.872728247179,0.884563874220,0.877875889280,0.896399501261,0.883023531381,0.872728247179,0.872728247179
pair_000121,0.936576431881,0.888182022084,0.961401321978,0.899769161994,0.911751541783,0.876594882174,0.936576431881,0.888182022084,0.961401321978,0.899769161994,0.911751541783,0.876594882174
pair_000122,0.941836480850,0.865590398467,0.962297622500,0.868093528593,0.921375339200,0.863087268340,0.938816790190,0.859115731439,0.962297622500,0.868093528593,0.915335957881,0.850137934285
pair_000123,0.959800284108,0.908544739652,0.949274769599,0.886212388212,0.970325798618,0.930877091092,0.957729605278,0.907142847831,0.948906269353,0.886002395213,0.966552941204,0.928283300448
pair_000124,0.973365366209,0.933410661946,0.966610198442,0.920653628948,0.980120533975,0.946167694945,0.966260500525,0.921831810959,0.967290572528,0.921215610724,0.965230428523,0.922448011194
pair_000125,0.999160615842,0.941312755447,0.998999187423,0.931605496332,0.999322044261,0.951020014563,0.999160615842,0.941312755447,0.998999187423,0.931605496332,0.999322044261,0.951020014563
pair_000126,0.946081844903,0.872964197990,0.940114826434,0.873372278609,0.952048863371,0.872556117371,0.943755531043,0.882355587460,0.939495241578,0.873511247705,0.948015820509,0.891199927215
pair_000127,0.953516029383,0.947229218499,0.938787447282,0.931198554605,0.968244611484,0.963259882394,0.953512668770,0.949703074056,0.938818927982,0.934403262256,0.968206409558,0.965002885857
pair_000128,0.994597556977,0.911213928154,0.993524594996,0.888440893037,0.995670518959,0.933986963272,0.994597556977,0.911213928154,0.993524594996,0.888440893037,0.995670518959,0.933986963272
pair_000129,0.949875217257,0.928072451039,0.936358096473,0.911277015472,0.963392338041,0.944867886606,0.949875217257,0.928072451039,0.936358096473,0.911277015472,0.963392338041,0.944867886606
pair_000130,0.942382109266,0.896217059220,0.960168396315,0.928237439638,0.924595822216,0.864196678802,0.947660744879,0.908374590012,0.960168396315,0.928237439638,0.935153093442,0.888511740386
pair_000131,0.991343465561,0.960684681148,0.985139659202,0.929909532782,0.997547271919,0.991459829514,0.990747609128,0.961951457446,0.984302729100,0.932144700641,0.997192489156,0.991758214250
pair_000132,0.993798218661,0.981215111297,0.992595820109,0.969335081879,0.995000617212,0.993095140714,0.993742302902,0.981381046080,0.992595820109,0.969335081879,0.994888785696,0.993427010280
pair_000133,0.995623141378,0.948540799920,0.998966039892,0.981697889178,0.992280242864,0.915383710663,0.996343801025,0.975671835376,0.998966039892,0.981697889178,0.993721562157,0.969645781575
pair_000134,0.975439939815,0.921406290457,0.994698449573,0.928097140768,0.956181430057,0.914715440147,0.974571401903,0.926290568054,0.993882651488,0.928925267567,0.955260152318,0.923655868541
pair_000135,0.981594490778,0.928483342144,0.989307259358,0.917091877519,0.973881722198,0.939874806768,0.981724264551,0.933400928655,0.989523747834,0.918710280009,0.973924781267,0.948091577301
pair_000136,0.926528254568,0.849017997385,0.943482116489,0.883974584979,0.909574392646,0.814061409791,0.929659898585,0.863666318145,0.943482116489,0.883974584979,0.915837680681,0.843358051312
pair_000137,0.903806572796,0.867449787281,0.931315214219,0.898433643501,0.876297931373,0.836465931061,0.900616085317,0.868036040223,0.931315214219,0.898433643501,0.869916956414,0.837638436945
pair_000138,0.960904479703,0.909991613119,0.974042257158,0.910454016289,0.947766702247,0.909529209948,0.980561223060,0.948731739385,0.974034208136,0.911514860965,0.987088237984,0.985948617806
pair_000139,0.973011766755,0.933715034922,0.977827449186,0.943853552630,0.968196084324,0.923576517215,0.967757141035,0.932321508869,0.976889660639,0.945306099311,0.958624621431,0.919336918428
pair_000140,0.994922042417,0.934944728926,0.991456917309,0.886082427713,0.998387167526,0.983807030138,0.994954594160,0.935241020428,0.991514576244,0.886661209100,0.998394612075,0.983820831756
pair_000141,0.935195549237,0.910207588095,0.934700205806,0.916746071988,0.935690892668,0.903669104201,0.931681155483,0.916146285907,0.921967538065,0.910097911073,0.941394772901,0.922194660741
pair_000142,0.982951573951,0.902663193442,0.982179083871,0.901592515828,0.983724064030,0.903733871056,0.985628698478,0.922242580771,0.982179083871,0.901592515828,0.989078313085,0.942892645714
pair_000143,0.975944139302,0.924428741692,0.973065073033,0.927649509312,0.978823205570,0.921207974073,0.976570955113,0.931861325844,0.973270577236,0.927977955302,0.979871332989,0.935744696387
pair_000144,0.976117143061,0.880997777831,0.974165606479,0.870618366717,0.978068679644,0.891377188945,0.975622664395,0.881081215647,0.974165606479,0.870618366717,0.977079722312,0.891544064577
pair_000145,0.918708121062,0.873250703219,0.920999008242,0.856762590482,0.916417233882,0.889738815955,0.916393288852,0.872683383065,0.918406676388,0.855651284106,0.914379901316,0.889715482024
pair_000146,0.946678242877,0.870094219804,0.960359712539,0.898742502666,0.932996773215,0.841445936942,0.946919777283,0.879296659827,0.960359712539,0.898742502666,0.933479842026,0.859850816987
pair_000147,0.900250844538,0.874170306402,0.913032197237,0.878054357798,0.887469491839,0.870286255007,0.900250844538,0.874734637255,0.913032197237,0.878054357798,0.887469491839,0.871414916713
pair_000148,0.958423931788,0.907685296564,0.986178552373,0.932171976828,0.930669311203,0.883198616301,0.958094926657,0.917060735961,0.986118490284,0.932171923964,0.930071363029,0.901949547958
pair_000149,0.980625062088,0.955998568229,0.979210709049,0.929957721332,0.982039415126,0.982039415126,0.980579518871,0.956151030964,0.979119622615,0.930262646802,0.982039415126,0.982039415126
pair_000150,0.980786720979,0.954991259159,0.979534026831,0.927943103191,0.982039415126,0.982039415126,0.980564013045,0.954835703280,0.979088610964,0.927631991433,0.982039415126,0.982039415126
pair_000151,0.890224575779,0.858594540310,0.901758252520,0.878443804999,0.878690899037,0.838745275622,0.890343317813,0.866275792204,0.901758252520,0.878443804999,0.878928383106,0.854107779409
pair_000152,0.885394265376,0.885394265376,0.858579440379,0.858579440379,0.912209090374,0.912209090374,0.885394265376,0.885394265376,0.858579440379,0.858579440379,0.912209090374,0.912209090374
pair_000153,0.894452415275,0.856703925366,0.920226908014,0.878771489854,0.868677922537,0.834636360878,0.894452415275,0.856703925366,0.920226908014,0.878771489854,0.868677922537,0.834636360878
pair_000154,0.989951460048,0.946455954102,0.990554926872,0.944480553913,0.989347993224,0.948431354290,0.991056906903,0.951664418531,0.990554926872,0.944480553913,0.991558886934,0.958848283148
pair_000155,0.936083305144,0.913072202864,0.941356312643,0.919561214098,0.930810297644,0.906583191631,0.936083305144,0.913072202864,0.941356312643,0.919561214098,0.930810297644,0.906583191631
pair_000156,0.996909534638,0.942043452029,0.997255878911,0.945236441171,0.996563190364,0.938850462888,0.996604059250,0.943210757812,0.996812020080,0.945707484519,0.996396098421,0.940714031106
pair_000157,0.965378042579,0.908338495856,0.950847849142,0.872500074751,0.979908236016,0.944176916961,0.965378042579,0.908338495856,0.950847849142,0.872500074751,0.979908236016,0.944176916961
pair_000158,0.934042888076,0.917475580361,0.949498753671,0.930695801812,0.918587022480,0.904255358910,0.934042888076,0.917475580361,0.949498753671,0.930695801812,0.918587022480,0.904255358910
pair_000159,0.972397147327,0.938012254625,0.954441752005,0.907431374795,0.990352542648,0.968593134456,0.972556788670,0.938458660132,0.954441752005,0.907431374795,0.990671825335,0.969485945470
pair_000160,0.936227736233,0.867076551750,0.935862896160,0.884548198082,0.936592576305,0.849604905418,0.936679768213,0.883355482244,0.935862896160,0.884548198082,0.937496640266,0.882162766406
pair_000161,0.922969769422,0.922969769422,0.959945927591,0.959945927591,0.885993611254,0.885993611254,0.922969769422,0.922969769422,0.959945927591,0.959945927591,0.885993611254,0.885993611254
pair_000162,0.950366299631,0.893052397161,0.964543888914,0.906505444982,0.936188710347,0.879599349340,0.946831028142,0.896191277138,0.958390821903,0.905656557606,0.935271234380,0.886725996670
pair_000163,0.950945824743,0.909147774489,0.955560849512,0.901900909823,0.946330799973,0.916394639154,0.956357125861,0.909568162805,0.952268233485,0.895560624515,0.960446018238,0.923575701095
pair_000164,0.988010621215,0.915052419815,0.989353373774,0.913004449838,0.986667868655,0.917100389792,0.986872952171,0.913504908234,0.989353373774,0.913004449838,0.984392530568,0.914005366629
pair_000165,0.985135542130,0.912877532986,0.985855426197,0.912025121017,0.984415658063,0.913729944955,0.983943389905,0.910784154888,0.985855426197,0.912025121017,0.982031353612,0.909543188759
pair_000166,0.944881793047,0.911088237537,0.918790722706,0.865922503332,0.970972863388,0.956253971743,0.943580073226,0.910397067399,0.917588529215,0.865218988419,0.969571617238,0.955575146378
pair_000167,0.955723139177,0.914683381729,0.926529212266,0.872728509852,0.984917066088,0.956638253606,0.955025477760,0.914887621169,0.926529212266,0.872728509852,0.983521743254,0.957046732485
pair_000168,0.997631451720,0.993033388570,0.999847862799,0.992445798518,0.995415040641,0.993620978622,0.997652525803,0.993732659607,0.999847862799,0.992445798518,0.995457188807,0.995019520696
pair_000169,0.946570962163,0.946570962163,0.941525085610,0.941525085610,0.951616838716,0.951616838716,0.946570962163,0.946570962163,0.941525085610,0.941525085610,0.951616838716,0.951616838716
pair_000170,0.939229599385,0.878116054772,0.912619121894,0.834489956867,0.965840076876,0.921742152677,0.939083677881,0.881441068121,0.912039046171,0.834238115591,0.966128309592,0.928644020651
pair_000171,0.931992737207,0.888732946616,0.931501867294,0.877661543154,0.932483607119,0.899804350077,0.931992737207,0.888732946616,0.931501867294,0.877661543154,0.932483607119,0.899804350077
pair_000172,0.936767355569,0.931276744528,0.913080327223,0.902099105141,0.960454383916,0.960454383916,0.936767355569,0.931276744528,0.913080327223,0.902099105141,0.960454383916,0.960454383916
pair_000173,0.952642629200,0.878622245886,0.943703477550,0.876876374346,0.961581780849,0.880368117426,0.955451246170,0.889306628840,0.942980339066,0.877160787656,0.967922153273,0.901452470024
pair_000174,0.866899877432,0.852422736311,0.888072466026,0.882238494359,0.845727288838,0.822606978263,0.866899877432,0.864743060120,0.888072466026,0.882238494359,0.845727288838,0.847247625882
pair_000175,0.907603643016,0.907603643016,0.952686225302,0.952686225302,0.862521060730,0.862521060730,0.907603643016,0.907603643016,0.952686225302,0.952686225302,0.862521060730,0.862521060730
pair_000176,0.924884390812,0.882610632322,0.931088008841,0.890922678860,0.918680772784,0.874298585783,0.924884390812,0.887966362827,0.931088008841,0.893410165519,0.918680772784,0.882522560135
pair_000177,0.950342185693,0.897705257844,0.935429834921,0.859643729947,0.965254536466,0.935766785742,0.949755196050,0.898128714226,0.934176864251,0.859423690108,0.965333527849,0.936833738345
pair_000178,0.984415338500,0.893690861196,0.982402797561,0.875583729362,0.986427879439,0.911797993031,0.975337154257,0.897014808571,0.971825932839,0.879666988063,0.978848375676,0.914362629079
pair_000179,0.985549961429,0.924177469545,0.983960947208,0.910644950656,0.987138975650,0.937709988434,0.988597645829,0.934656275895,0.983960947208,0.910644950656,0.993234344450,0.958667601134
pair_000180,0.889814280898,0.855422283506,0.853623083354,0.824711658475,0.926005478442,0.886132908537,0.870397110788,0.846394150137,0.853623083354,0.824711658475,0.887171138222,0.868076641798
pair_000181,0.944282400868,0.884791942188,0.923042897833,0.863057298790,0.965521903904,0.906526585585,0.944282400868,0.884791942188,0.923042897833,0.863057298790,0.965521903904,0.906526585585
pair_000182,0.935757501398,0.917686711424,0.944370180012,0.922782121112,0.927144822784,0.912591301736,0.924454752684,0.910893937006,0.925635697107,0.911385123380,0.923273808262,0.910402750633
pair_000183,0.981064055547,0.925901506079,0.978808178740,0.905162935448,0.983319932354,0.946640076709,0.979330623671,0.926203927118,0.978300055944,0.902863419072,0.980361191397,0.949544435164
pair_000184,0.969772459296,0.947786975466,0.978309491705,0.955592314454,0.961235426886,0.939981636479,0.969985234326,0.949212354198,0.978309491705,0.955592314454,0.961660976947,0.942832393942
pair_000185,0.939614780306,0.899474559045,0.940677426375,0.894718656902,0.938552134238,0.904230461188,0.941035016750,0.905798952849,0.938123121671,0.894063131221,0.943946911830,0.917534774476
pair_000186,0.940129785040,0.918715587595,0.906471765176,0.877645917528,0.973787804905,0.959785257663,0.923208326802,0.912555248978,0.901384763660,0.877079574244,0.945031889944,0.948030923711
pair_000187,0.940129785040,0.918715587595,0.906471765176,0.877645917528,0.973787804905,0.959785257663,0.923208326802,0.912555248978,0.901384763660,0.877079574244,0.945031889944,0.948030923711
pair_000188,0.939055290399,0.919432840402,0.906471765176,0.877645917528,0.971638815623,0.961219763276,0.920127079085,0.913753871959,0.901384763660,0.877079574244,0.938869394510,0.950428169674
pair_000189,0.963021803015,0.913121704858,0.963941191770,0.901084201045,0.962102414260,0.925159208672,0.964742793480,0.915105240826,0.966533793086,0.903193664799,0.962951793875,0.927016816854
pair_000190,0.962668219562,0.917820705368,0.951141194662,0.883837484666,0.974195244461,0.951803926071,0.958891411762,0.920482461009,0.951141194662,0.883837484666,0.966641628862,0.957127437353
pair_000191,0.919344044491,0.853924569350,0.898857203776,0.851121680548,0.939830885206,0.856727458151,0.919344044491,0.853924569350,0.898857203776,0.851121680548,0.939830885206,0.856727458151
pair_000192,0.946603855628,0.895506870884,0.936048173159,0.892226756133,0.957159538096,0.898786985636,0.948618170066,0.905887626261,0.936048173159,0.892226756133,0.961188166974,0.919548496390
pair_000193,0.963914766463,0.934494617126,0.952237338099,0.916858631203,0.975592194827,0.952130603049,0.963914766463,0.943471304837,0.952237338099,0.928998371905,0.975592194827,0.957944237768
pair_000194,0.961232437532,0.868535031867,0.957857678050,0.867525540229,0.964607197014,0.869544523505,0.955592547404,0.874834955382,0.952137142926,0.873566119423,0.959047951882,0.876103791340
pair_000195,0.915262268880,0.914000258111,0.909679965397,0.907155943859,0.920844572363,0.920844572363,0.915262268880,0.914000258111,0.909679965397,0.907155943859,0.920844572363,0.920844572363
pair_000196,0.986506140568,0.955415861289,0.976986608983,0.942096628057,0.996025672154,0.968735094522,0.985767203112,0.962919270083,0.976986608983,0.942096628057,0.994547797242,0.983741912109
pair_000197,0.967755294617,0.928380941527,0.948985564410,0.897941797439,0.986525024823,0.958820085616,0.966407494894,0.927953708952,0.948985564410,0.897941797439,0.983829425378,0.957965620466
pair_000198,0.918503911985,0.852052976557,0.959696692737,0.903946104008,0.877311131232,0.800159849106,0.912757855102,0.859192097835,0.959696692737,0.903946104008,0.865819017467,0.814438091662
pair_000199,0.925209936250,0.911283534357,0.884347261124,0.858101631042,0.966072611377,0.964465437672,0.925209936250,0.911283534357,0.884347261124,0.858101631042,0.966072611377,0.964465437672
pair_000200,0.931718645482,0.873109723060,0.963549991152,0.894683616434,0.899887299812,0.851535829685,0.923037234303,0.875848993574,0.963549991152,0.894683616434,0.882524477455,0.857014370714
pair_000201,0.937043852618,0.878698808081,0.928983148895,0.857949567987,0.945104556340,0.899448048175,0.956287665236,0.925117060533,0.957012962905,0.917849868457,0.955562367567,0.932384252609
pair_000202,0.987786563544,0.902311261056,0.983150777866,0.890360194861,0.992422349222,0.914262327250,0.987522442405,0.903849868822,0.983150777866,0.890360194861,0.991894106944,0.917339542782
pair_000203,0.861281172854,0.857782322115,0.822094990753,0.815533833526,0.900467354956,0.900030810704,0.861565882691,0.858228307322,0.822094990753,0.815533833526,0.901036774630,0.900922781118
pair_000204,0.877556752217,0.876037575568,0.879406302487,0.876367949189,0.875707201946,0.875707201946,0.877556752217,0.876037575568,0.879406302487,0.876367949189,0.875707201946,0.875707201946
pair_000205,0.942766930519,0.871721772746,0.963728288028,0.892672387815,0.921805573009,0.850771157677,0.940175996980,0.871063036816,0.960006102940,0.890799426799,0.920345891020,0.851326646833
pair_000206,0.982345975586,0.885062901225,0.974927643552,0.867894963511,0.989764307620,0.902230838939,0.982345975586,0.885062901225,0.974927643552,0.867894963511,0.989764307620,0.902230838939
pair_000207,0.885327955811,0.885327955811,0.882604153973,0.882604153973,0.888051757649,0.888051757649,0.885327955811,0.885327955811,0.882604153973,0.882604153973,0.888051757649,0.888051757649
pair_000208,0.993554044406,0.978075196547,0.987541213663,0.958079720120,0.999566875150,0.998070672973,0.993640974645,0.978607893962,0.987541213663,0.958079720120,0.999740735626,0.999136067803
pair_000209,0.916654892872,0.916654892872,0.957340076267,0.957340076267,0.875969709477,0.875969709477,0.916654892872,0.916654892872,0.957340076267,0.957340076267,0.875969709477,0.875969709477
pair_000210,0.910857012777,0.910857012777,0.903362216172,0.903362216172,0.918351809382,0.918351809382,0.910857012777,0.910857012777,0.903362216172,0.903362216172,0.918351809382,0.918351809382
pair_000211,0.939893503292,0.898285928608,0.906880502317,0.823895473037,0.972906504266,0.972676384178,0.939729013473,0.898134259166,0.906880502317,0.823895473037,0.972577524629,0.972373045294
pair_000212,0.882072094199,0.844479447858,0.895101625634,0.858924355308,0.869042562764,0.830034540407,0.882072094199,0.844479447858,0.895101625634,0.858924355308,0.869042562764,0.830034540407
pair_000213,0.945660039395,0.921853442667,0.957320002355,0.925289498051,0.934000076434,0.918417387282,0.948855067950,0.925741316268,0.957320002355,0.925289498051,0.940390133544,0.926193134485
pair_000214,0.895888185725,0.895888185725,0.913538639835,0.913538639835,0.878237731614,0.878237731614,0.895888185725,0.895888185725,0.913538639835,0.913538639835,0.878237731614,0.878237731614
pair_000215,0.972730270201,0.888048058559,0.968298495352,0.854612872520,0.977162045051,0.921483244598,0.971357911405,0.888344399219,0.966868737129,0.855066748122,0.975847085680,0.921622050315
pair_000216,0.985968657878,0.911273765539,0.986064865044,0.897594890508,0.985872450713,0.924952640570,0.983297831737,0.935278453313,0.980960546258,0.914076949748,0.985635117215,0.956479956879
pair_000217,0.997220623024,0.959737200626,0.995460911146,0.937657242314,0.998980334901,0.981817158937,0.997231366164,0.975152842858,0.995242034214,0.960657499399,0.999220698114,0.989648186318
pair_000218,0.865823769333,0.857703411414,0.965055845292,0.948815129454,0.766591693374,0.766591693374,0.865823769333,0.857703411414,0.965055845292,0.948815129454,0.766591693374,0.766591693374
pair_000219,0.917519450741,0.907761305263,0.876339562594,0.857141384395,0.958699338887,0.958381226131,0.917519450741,0.907761305263,0.876339562594,0.857141384395,0.958699338887,0.958381226131
pair_000220,0.832228040354,0.832228040354,0.782501488962,0.782501488962,0.881954591746,0.881954591746,0.832228040354,0.832228040354,0.782501488962,0.782501488962,0.881954591746,0.881954591746
pair_000221,0.947266886723,0.868609917256,0.989335362679,0.883842783207,0.905198410767,0.853377051305,0.989965831724,0.928391551657,0.989022068630,0.884932525235,0.990909594819,0.971850578079
pair_000222,0.951660050441,0.909972496391,0.941301024537,0.883813805564,0.962019076345,0.936131187219,0.952471855922,0.912779075116,0.943072536889,0.888206182627,0.961871174955,0.937351967606
pair_000223,0.976194749715,0.906273527464,0.970468347060,0.880027872681,0.981921152369,0.932519182248,0.969530469012,0.904131412789,0.967704709506,0.879771345008,0.971356228518,0.928491480571
pair_000224,0.956775782812,0.896434684468,0.934890785684,0.844446973815,0.978660779941,0.948422395121,0.956842835817,0.897720011429,0.934890785684,0.844446973815,0.978794885951,0.950993049042
pair_000225,0.959845207087,0.893618685439,0.946450547350,0.846970068670,0.973239866824,0.940267302207,0.963172136355,0.906123999247,0.947642066413,0.855481774072,0.978702206297,0.956766224422
pair_000226,0.962405638650,0.890548658063,0.959031913032,0.872600058280,0.965779364267,0.908497257845,0.961352287513,0.899215436375,0.958345945847,0.870592135849,0.964358629179,0.927838736901
pair_000227,0.905986666132,0.897457459974,0.843591255519,0.838240232414,0.968382076744,0.956674687533,0.905879370460,0.898904665719,0.843591255519,0.838240232414,0.968167485401,0.959569099025
pair_000228,0.844178619574,0.824488831947,0.910197531286,0.881056107799,0.778159707862,0.767921556096,0.844178619574,0.824488831947,0.910197531286,0.881056107799,0.778159707862,0.767921556096
pair_000229,0.996579375982,0.925051681273,0.998417644157,0.926974244458,0.994741107806,0.923129118088,0.996579375982,0.925051681273,0.998417644157,0.926974244458,0.994741107806,0.923129118088
pair_000230,0.908841439990,0.908841439990,0.878129357493,0.878129357493,0.939553522487,0.939553522487,0.908841439990,0.908841439990,0.878129357493,0.878129357493,0.939553522487,0.939553522487
pair_000231,0.992142890721,0.971266870944,0.990598712487,0.966548597194,0.993687068955,0.975985144694,0.992142890721,0.971266870944,0.990598712487,0.966548597194,0.993687068955,0.975985144694
pair_000232,0.991297027032,0.905598738133,0.989235279846,0.894907323906,0.993358774218,0.916290152361,0.992728530844,0.912833899904,0.991032857477,0.903338115370,0.994424204211,0.922329684437
pair_000233,0.988301963321,0.921983135743,0.981666459814,0.880168204802,0.994937466829,0.963798066684,0.986373696995,0.924547727778,0.979148989243,0.882978572508,0.993598404748,0.966116883048
pair_000234,0.958565149409,0.890527646608,0.960562156788,0.886367954170,0.956568142031,0.894687339046,0.958565149409,0.890527646608,0.960562156788,0.886367954170,0.956568142031,0.894687339046
pair_000235,0.993366177099,0.921636450601,0.991452927475,0.905511123309,0.995279426722,0.937761777893,0.994034204163,0.924734798455,0.991452927475,0.905511123309,0.996615480852,0.943958473601
pair_000236,0.998996101342,0.928087107221,0.999851455381,0.904821374146,0.998140747302,0.951352840297,0.998996101342,0.928087107221,0.999851455381,0.904821374146,0.998140747302,0.951352840297
pair_000237,0.823165052216,0.823165052216,0.861376594416,0.861376594416,0.784953510017,0.784953510017,0.823165052216,0.823165052216,0.861376594416,0.861376594416,0.784953510017,0.784953510017
pair_000238,0.975436326347,0.975436326347,0.950872652695,0.950872652695,1.000000000000,1.000000000000,0.975436326347,0.975436326347,0.950872652695,0.950872652695,1.000000000000,1.000000000000
pair_000239,0.863835505930,0.863835505930,0.949609640266,0.949609640266,0.778061371595,0.778061371595,0.863835505930,0.863835505930,0.949609640266,0.949609640266,0.778061371595,0.778061371595
pair_000240,0.902848635259,0.860090484031,0.951933037569,0.919962639979,0.853764232949,0.800218328084,0.902848635259,0.860090484031,0.951933037569,0.919962639979,0.853764232949,0.800218328084
pair_000241,0.845909625990,0.840493814152,0.908039958265,0.897208334589,0.783779293715,0.783779293715,0.845909625990,0.840493814152,0.908039958265,0.897208334589,0.783779293715,0.783779293715
pair_000242,0.835672460974,0.835672460974,0.908755312283,0.908755312283,0.762589609666,0.762589609666,0.835672460974,0.835672460974,0.908755312283,0.908755312283,0.762589609666,0.762589609666
pair_000243,0.939159106462,0.886915359809,0.934009122314,0.890125010886,0.944309090610,0.883705708731,0.941465201646,0.897757413032,0.934009122314,0.890125010886,0.948921280978,0.905389815179
pair_000244,0.922797060477,0.859073429269,0.919186020481,0.861448006027,0.926408100472,0.856698852511,0.922797060477,0.859073429269,0.919186020481,0.861448006027,0.926408100472,0.856698852511
pair_000245,0.881406079560,0.856419112741,0.915779619349,0.904048622435,0.847032539771,0.808789603047,0.874944840811,0.852385524349,0.915779619349,0.904048622435,0.834110062273,0.800722426264
pair_000246,0.850388018910,0.850388018910,0.930173230195,0.930173230195,0.770602807625,0.770602807625,0.850388018910,0.850388018910,0.930173230195,0.930173230195,0.770602807625,0.770602807625
pair_000247,0.944333867054,0.860938751100,0.931250504937,0.829656680661,0.957417229170,0.892220821539,0.944333867054,0.860938751100,0.931250504937,0.829656680661,0.957417229170,0.892220821539
pair_000248,0.876479992146,0.873546149996,0.891391263699,0.888173808950,0.861568720594,0.858918491043,0.876479992146,0.873546149996,0.891391263699,0.888173808950,0.861568720594,0.858918491043
pair_000249,0.910814382134,0.829244688668,0.916386677791,0.822446107595,0.905242086478,0.836043269741,0.910814382134,0.829244688668,0.916386677791,0.822446107595,0.905242086478,0.836043269741
pair_000250,0.821994416013,0.821994416013,0.853436420100,0.853436420100,0.790552411926,0.790552411926,0.821994416013,0.821994416013,0.853436420100,0.853436420100,0.790552411926,0.790552411926
pair_000251,0.823457809103,0.823457809103,0.853436420100,0.853436420100,0.793479198106,0.793479198106,0.823457809103,0.823457809103,0.853436420100,0.853436420100,0.793479198106,0.793479198106
pair_000252,0.871375422768,0.871375422768,0.868194797955,0.868194797955,0.874556047580,0.874556047580,0.871375422768,0.871375422768,0.868194797955,0.868194797955,0.874556047580,0.874556047580
pair_000253,0.835262910431,0.835262910431,0.861807526628,0.861807526628,0.808718294233,0.808718294233,0.835262910431,0.835262910431,0.861807526628,0.861807526628,0.808718294233,0.808718294233
pair_000254,0.947733604223,0.854707968365,0.928880028519,0.806823113146,0.966587179926,0.902592823584,0.947733604223,0.854707968365,0.928880028519,0.806823113146,0.966587179926,0.902592823584
pair_000255,0.802530733271,0.802530733271,0.853252217388,0.853252217388,0.751809249154,0.751809249154,0.802530733271,0.802530733271,0.853252217388,0.853252217388,0.751809249154,0.751809249154
pair_000256,0.912403625533,0.912403625533,0.867866369186,0.867866369186,0.956940881879,0.956940881879,0.912403625533,0.912403625533,0.867866369186,0.867866369186,0.956940881879,0.956940881879
pair_000257,0.846581468647,0.846581468647,0.915279359112,0.915279359112,0.777883578182,0.777883578182,0.846581468647,0.846581468647,0.915279359112,0.915279359112,0.777883578182,0.777883578182
pair_000258,0.883448617680,0.855713562879,0.922913411705,0.899828800661,0.843983823655,0.811598325097,0.883448617680,0.855713562879,0.922913411705,0.899828800661,0.843983823655,0.811598325097
pair_000259,0.978853555113,0.914171140300,0.993195293678,0.916552123306,0.964511816547,0.911790157293,0.958574443794,0.916910023636,0.993351250504,0.917265162331,0.923797637084,0.916554884940
pair_000260,0.880028142557,0.816388574490,0.919649190461,0.855571453190,0.840407094653,0.777205695790,0.880028142557,0.816388574490,0.919649190461,0.855571453190,0.840407094653,0.777205695790
pair_000261,0.996730525896,0.924714137210,0.997731653455,0.906986985154,0.995729398337,0.942441289266,0.996730525896,0.924714137210,0.997731653455,0.906986985154,0.995729398337,0.942441289266
pair_000262,0.882958157946,0.882958157946,0.884714480691,0.884714480691,0.881201835201,0.881201835201,0.882958157946,0.882958157946,0.884714480691,0.884714480691,0.881201835201,0.881201835201
pair_000263,0.906710007176,0.906710007176,0.922526885677,0.922526885677,0.890893128675,0.890893128675,0.906710007176,0.906710007176,0.922526885677,0.922526885677,0.890893128675,0.890893128675
pair_000264,0.947577426642,0.905349489741,0.949383534706,0.901329095971,0.945771318578,0.909369883511,0.947577426642,0.905349489741,0.949383534706,0.901329095971,0.945771318578,0.909369883511
pair_000265,0.950080881165,0.879084805813,0.950096019733,0.865905722017,0.950065742598,0.892263889609,0.950080881165,0.879084805813,0.950096019733,0.865905722017,0.950065742598,0.892263889609
pair_000266,0.965700190158,0.878422310796,0.962167987493,0.857456665176,0.969232392823,0.899387956416,0.972343889274,0.897800016052,0.969730131353,0.885043386579,0.974957647196,0.910556645525
pair_000267,0.904518858596,0.826770823033,0.921857324941,0.849423972256,0.887180392250,0.804117673811,0.904518858596,0.826770823033,0.921857324941,0.849423972256,0.887180392250,0.804117673811
pair_000268,0.978293485914,0.903430912326,0.968481090750,0.861834585879,0.988105881077,0.945027238772,0.978486842243,0.915565867170,0.969266344318,0.883383504423,0.987707340168,0.947748229917
pair_000269,0.964645773471,0.862697310931,0.955909157703,0.834350224887,0.973382389239,0.891044396975,0.961593466350,0.863368414249,0.950545362722,0.835180040849,0.972641569977,0.891556787650
pair_000270,0.969819084223,0.965427559190,0.954714478600,0.945931428536,0.984923689845,0.984923689845,0.969819084223,0.965427559190,0.954714478600,0.945931428536,0.984923689845,0.984923689845
pair_000271,0.956230599817,0.892189261244,0.989795309149,0.897615649728,0.922665890485,0.886762872761,0.956560272804,0.923133867062,0.987205324332,0.900387223703,0.925915221276,0.945880510421
pair_000272,0.965996963583,0.913245145676,0.979878606175,0.876940465562,0.952115320991,0.949549825790,0.965713310483,0.913930870250,0.979362714646,0.876061256417,0.952063906319,0.951800484083
pair_000273,0.888331494556,0.888331494556,0.875299757949,0.875299757949,0.901363231163,0.901363231163,0.888331494556,0.888331494556,0.875299757949,0.875299757949,0.901363231163,0.901363231163
pair_000274,0.897743852174,0.897743852174,0.937672481227,0.937672481227,0.857815223121,0.857815223121,0.897743852174,0.897743852174,0.937672481227,0.937672481227,0.857815223121,0.857815223121
pair_000275,0.995551472100,0.912721880359,0.993546351331,0.886579714880,0.997556592869,0.938864045838,0.995551472100,0.912721880359,0.993546351331,0.886579714880,0.997556592869,0.938864045838
pair_000276,0.921604267201,0.865191253773,0.982898437905,0.891258438257,0.860310096497,0.839124069290,0.915477191272,0.883449659879,0.983435518823,0.921207496436,0.847518863720,0.845691823322
pair_000277,0.977595155174,0.881338902182,0.972369342736,0.869221965791,0.982820967611,0.893455838574,0.976566186523,0.879711068419,0.972397755028,0.869055685603,0.980734618018,0.890366451234
pair_000278,0.851436608300,0.833613551656,0.901431314173,0.894039082399,0.801441902427,0.773188020912,0.851436608300,0.833613551656,0.901431314173,0.894039082399,0.801441902427,0.773188020912
pair_000279,0.953940992923,0.933407013019,0.959442419815,0.937127142264,0.948439566031,0.929686883775,0.953940992923,0.933407013019,0.959442419815,0.937127142264,0.948439566031,0.929686883775
pair_000280,0.928363360983,0.879622341148,0.914512735173,0.862071023671,0.942213986793,0.897173658626,0.928363360983,0.879622341148,0.914512735173,0.862071023671,0.942213986793,0.897173658626
pair_000281,0.952770543325,0.944197945379,0.940934443643,0.925865669603,0.964606643008,0.962530221155,0.951956237320,0.943500664650,0.940934443643,0.925865669603,0.962978030996,0.961135659697
pair_000282,0.911997042252,0.897740803035,0.959974813530,0.938158026359,0.864019270974,0.857323579711,0.911997042252,0.897740803035,0.959974813530,0.938158026359,0.864019270974,0.857323579711
pair_000283,0.999354223382,0.991562519871,0.999174880379,0.987814208216,0.999533566385,0.995310831525,0.999081429740,0.991866972061,0.998629293096,0.988423112598,0.999533566385,0.995310831525
pair_000284,0.960121770244,0.884870715142,0.946163567227,0.845071334871,0.974079973262,0.924670095414,0.959223967242,0.904192187970,0.946669373193,0.846837648548,0.971778561291,0.961546727392
pair_000285,0.811948836895,0.811948836895,0.871417575475,0.871417575475,0.752480098314,0.752480098314,0.811948836895,0.811948836895,0.871417575475,0.871417575475,0.752480098314,0.752480098314
pair_000286,0.858735260381,0.858735260381,0.890825844392,0.890825844392,0.826644676371,0.826644676371,0.858735260381,0.858735260381,0.890825844392,0.890825844392,0.826644676371,0.826644676371
pair_000287,0.890835742117,0.890835742117,0.825751827366,0.825751827366,0.955919656867,0.955919656867,0.890835742117,0.890835742117,0.825751827366,0.825751827366,0.955919656867,0.955919656867
pair_000288,0.899011494443,0.899011494443,0.857995294497,0.857995294497,0.940027694388,0.940027694388,0.899011494443,0.899011494443,0.857995294497,0.857995294497,0.940027694388,0.940027694388
pair_000289,0.888241754328,0.888241754328,0.829339782324,0.829339782324,0.947143726332,0.947143726332,0.888241754328,0.888241754328,0.829339782324,0.829339782324,0.947143726332,0.947143726332
pair_000290,0.888974601096,0.888974601096,0.848322900681,0.848322900681,0.929626301512,0.929626301512,0.888974601096,0.888974601096,0.848322900681,0.848322900681,0.929626301512,0.929626301512
pair_000291,0.897012229221,0.846435777918,0.896824292154,0.846456343465,0.897200166287,0.846415212372,0.897012229221,0.846435777918,0.896824292154,0.846456343465,0.897200166287,0.846415212372
pair_000292,0.984250846201,0.919400132526,0.985036715587,0.892209619645,0.983464976815,0.946590645406,0.983705336585,0.920028278552,0.984171773006,0.892298672896,0.983238900165,0.947757884209
pair_000293,0.893408875608,0.893408875608,0.901823253226,0.901823253226,0.884994497991,0.884994497991,0.893408875608,0.893408875608,0.901823253226,0.901823253226,0.884994497991,0.884994497991
pair_000294,0.937410284759,0.937410284759,0.917418428158,0.917418428158,0.957402141360,0.957402141360,0.937410284759,0.937410284759,0.917418428158,0.917418428158,0.957402141360,0.957402141360
pair_000295,0.871676955974,0.871676955974,0.880991947377,0.880991947377,0.862361964572,0.862361964572,0.871676955974,0.871676955974,0.880991947377,0.880991947377,0.862361964572,0.862361964572
pair_000296,0.881712878244,0.847135556382,0.908907799211,0.871803393640,0.854517957276,0.822467719124,0.881697370081,0.850630486082,0.908907799211,0.871803393640,0.854486940951,0.829457578525
pair_000297,0.856268623111,0.856268623111,0.883043999161,0.883043999161,0.829493247062,0.829493247062,0.856268623111,0.856268623111,0.883043999161,0.883043999161,0.829493247062,0.829493247062
pair_000298,0.959932960851,0.892722416505,0.990992258584,0.897979310925,0.928873663118,0.887465522084,0.984456822984,0.945460521226,0.989095539544,0.912746283936,0.979818106425,0.978174758516
pair_000299,0.989277668142,0.978744166753,0.980683363671,0.961739859781,0.997871972612,0.995748473725,0.995277124055,0.985829444502,0.991499030033,0.974493239854,0.999055218078,0.997165649150
pair_000300,0.879443485196,0.879443485196,0.913548127613,0.913548127613,0.845338842779,0.845338842779,0.879443485196,0.879443485196,0.913548127613,0.913548127613,0.845338842779,0.845338842779
pair_000301,0.923277599316,0.906988905379,0.934282326853,0.913112345823,0.912272871779,0.900865464935,0.923277599316,0.906988905379,0.934282326853,0.913112345823,0.912272871779,0.900865464935
pair_000302,0.965637890916,0.950106364295,0.967870582226,0.948068231367,0.963405199607,0.952144497223,0.965637890916,0.950106364295,0.967870582226,0.948068231367,0.963405199607,0.952144497223
pair_000303,0.931926496306,0.896348837162,0.939608108463,0.901691562100,0.924244884149,0.891006112225,0.928845258514,0.895086765854,0.939608108463,0.901691562100,0.918082408564,0.888481969609
pair_000304,0.947415396997,0.915780686110,0.961399516991,0.919903808118,0.933431277003,0.911657564103,0.947415396997,0.915780686110,0.961399516991,0.919903808118,0.933431277003,0.911657564103
pair_000305,0.957133068703,0.883278416717,0.994031933695,0.881512001997,0.920234203712,0.885044831436,0.969744395377,0.909562098414,0.993183608849,0.880836646870,0.946305181904,0.938287549958
pair_000306,0.991362746137,0.944104173466,0.996348719850,0.902809777059,0.986376772424,0.985398569874,0.991247331904,0.945360404748,0.996291276601,0.905055945756,0.986203387206,0.985664863740
pair_000307,0.984909943364,0.926829955884,0.988988488452,0.890271985568,0.980831398275,0.963387926200,0.989290912417,0.939704006398,0.992301158464,0.898025424868,0.986280666369,0.981382587927
pair_000308,0.968050284653,0.883498589961,0.984366874885,0.882082612580,0.951733694421,0.884914567342,0.986531509534,0.934434043380,0.988431519944,0.889432106234,0.984631499124,0.979435980525
pair_000309,0.920530951447,0.877379300668,0.910587900443,0.863084245132,0.930474002450,0.891674356205,0.920530951447,0.877379300668,0.910587900443,0.863084245132,0.930474002450,0.891674356205
pair_000310,0.907668857881,0.825696345376,0.902604319987,0.826170413711,0.912733395774,0.825222277040,0.907668857881,0.825696345376,0.902604319987,0.826170413711,0.912733395774,0.825222277040
pair_000311,0.853731921850,0.853731921850,0.838630145797,0.838630145797,0.868833697903,0.868833697903,0.853731921850,0.853731921850,0.838630145797,0.838630145797,0.868833697903,0.868833697903
pair_000312,0.980082768404,0.898747893103,0.990085170848,0.886607403106,0.970080365961,0.910888383100,0.982112995641,0.913160308996,0.990859539043,0.905657201641,0.973366452239,0.920663416351
pair_000313,0.941804843304,0.941804843304,0.943349871441,0.943349871441,0.940259815167,0.940259815167,0.941804843304,0.941804843304,0.943349871441,0.943349871441,0.940259815167,0.940259815167
pair_000314,0.834600483002,0.834600483002,0.921304491940,0.921304491940,0.747896474063,0.747896474063,0.834600483002,0.834600483002,0.921304491940,0.921304491940,0.747896474063,0.747896474063
pair_000315,0.833842157016,0.833842157016,0.919787839970,0.919787839970,0.747896474063,0.747896474063,0.833842157016,0.833842157016,0.919787839970,0.919787839970,0.747896474063,0.747896474063
pair_000316,0.812401349980,0.812401349980,0.882337828507,0.882337828507,0.742464871453,0.742464871453,0.812401349980,0.812401349980,0.882337828507,0.882337828507,0.742464871453,0.742464871453
pair_000317,0.834086272152,0.794168681786,0.837558825416,0.796375231611,0.830613718889,0.791962131962,0.834086272152,0.794168681786,0.837558825416,0.796375231611,0.830613718889,0.791962131962
pair_000318,0.973711631726,0.896121960276,0.960312447828,0.876030540323,0.987110815625,0.916213380230,0.986955432722,0.954954362626,0.980738472484,0.951117978447,0.993172392960,0.958790746805
pair_000319,0.836593706088,0.808906962123,0.897514422847,0.868805245223,0.775672989329,0.749008679022,0.836593706088,0.808906962123,0.897514422847,0.868805245223,0.775672989329,0.749008679022
pair_000320,0.846574181733,0.846574181733,0.887369557487,0.887369557487,0.805778805979,0.805778805979,0.846574181733,0.846574181733,0.887369557487,0.887369557487,0.805778805979,0.805778805979
pair_000321,0.808218980117,0.808218980117,0.873303728102,0.873303728102,0.743134232132,0.743134232132,0.808218980117,0.808218980117,0.873303728102,0.873303728102,0.743134232132,0.743134232132
pair_000322,0.925014830609,0.925014830609,0.942601875788,0.942601875788,0.907427785429,0.907427785429,0.925014830609,0.925014830609,0.942601875788,0.942601875788,0.907427785429,0.907427785429
pair_000323,0.924705265624,0.924705265624,0.937975104640,0.937975104640,0.911435426607,0.911435426607,0.924705265624,0.924705265624,0.937975104640,0.937975104640,0.911435426607,0.911435426607
pair_000324,0.878873774305,0.878873774305,0.893630451983,0.893630451983,0.864117096626,0.864117096626,0.878873774305,0.878873774305,0.893630451983,0.893630451983,0.864117096626,0.864117096626
pair_000325,0.923700083995,0.891109978301,0.922059086320,0.912723916748,0.925341081669,0.869496039854,0.927850527982,0.898746449102,0.921901014973,0.913609217812,0.933800040992,0.883883680393
pair_000326,0.921858381801,0.921858381801,0.931239652348,0.931239652348,0.912477111254,0.912477111254,0.921858381801,0.921858381801,0.931239652348,0.931239652348,0.912477111254,0.912477111254
pair_000327,0.958190978392,0.884156923723,0.946112766029,0.856525817787,0.970269190755,0.911788029658,0.958190978392,0.884156923723,0.946112766029,0.856525817787,0.970269190755,0.911788029658
pair_000328,0.925217980822,0.850251611923,0.899603639775,0.815316565934,0.950832321868,0.885186657912,0.925217980822,0.850251611923,0.899603639775,0.815316565934,0.950832321868,0.885186657912
pair_000329,0.866328185894,0.837636989344,0.912329493777,0.883146420145,0.820326878011,0.792127558543,0.866328185894,0.837636989344,0.912329493777,0.883146420145,0.820326878011,0.792127558543
pair_000330,0.875966525625,0.875966525625,0.878306501990,0.878306501990,0.873626549261,0.873626549261,0.875966525625,0.875966525625,0.878306501990,0.878306501990,0.873626549261,0.873626549261
pair_000331,0.933543033231,0.828473429731,0.937217276303,0.826762373636,0.929868790160,0.830184485826,0.933543033231,0.828473429731,0.937217276303,0.826762373636,0.929868790160,0.830184485826
pair_000332,0.951786691539,0.852707842250,0.984777955728,0.878389096260,0.918795427351,0.827026588239,0.951786691539,0.852707842250,0.984777955728,0.878389096260,0.918795427351,0.827026588239
pair_000333,0.991105997265,0.916043946395,0.992082854072,0.892744243951,0.990129140459,0.939343648839,0.992338525808,0.924359451598,0.993303667105,0.904026875198,0.991373384510,0.944692027998
pair_000334,0.946340840598,0.946340840598,0.910466392408,0.910466392408,0.982215288788,0.982215288788,0.946340840598,0.946340840598,0.910466392408,0.910466392408,0.982215288788,0.982215288788
pair_000335,0.911819025733,0.904962437130,0.884128967250,0.870415790045,0.939509084216,0.939509084216,0.911819025733,0.904962437130,0.884128967250,0.870415790045,0.939509084216,0.939509084216
pair_000336,0.838066127777,0.838066127777,0.876811761426,0.876811761426,0.799320494128,0.799320494128,0.838066127777,0.838066127777,0.876811761426,0.876811761426,0.799320494128,0.799320494128
pair_000337,0.965922377423,0.901933968874,0.952650773153,0.869522734786,0.979193981693,0.934345202963,0.965766408918,0.899745343973,0.952650773153,0.869522734786,0.978882044683,0.929967953160
pair_000338,0.925893627114,0.893279773388,0.903134041121,0.860457957742,0.948653213107,0.926101589034,0.925499574477,0.891047082955,0.903134041121,0.860457957742,0.947865107833,0.921636208167
pair_000339,0.966422059080,0.905662662848,0.966199810648,0.887509925675,0.966644307512,0.923815400021,0.967738511042,0.904624849002,0.966199810648,0.887509925675,0.969277211436,0.921739772328
pair_000340,0.803476977989,0.803476977989,0.850773497719,0.850773497719,0.756180458260,0.756180458260,0.803476977989,0.803476977989,0.850773497719,0.850773497719,0.756180458260,0.756180458260
pair_000341,0.959769783257,0.934059216492,0.948813654242,0.908477218050,0.970725912273,0.959641214933,0.959769783257,0.934059216492,0.948813654242,0.908477218050,0.970725912273,0.959641214933
pair_000342,0.921865816089,0.921865816089,0.908752845364,0.908752845364,0.934978786813,0.934978786813,0.921865816089,0.921865816089,0.908752845364,0.908752845364,0.934978786813,0.934978786813
pair_000343,0.947755088147,0.864510448231,0.968610302053,0.853811709363,0.926899874242,0.875209187100,0.930031905708,0.876667838012,0.968937341647,0.855576653536,0.891126469769,0.897759022489
pair_000344,0.913841486821,0.867650768236,0.916894944755,0.869420869372,0.910788028886,0.865880667100,0.913841486821,0.867650768236,0.916894944755,0.869420869372,0.910788028886,0.865880667100
pair_000345,0.862912566804,0.862912566804,0.947763762013,0.947763762013,0.778061371595,0.778061371595,0.862912566804,0.862912566804,0.947763762013,0.947763762013,0.778061371595,0.778061371595
pair_000346,0.934491978010,0.886105952742,0.954790137072,0.912563156042,0.914193818948,0.859648749442,0.934491978010,0.886105952742,0.954790137072,0.912563156042,0.914193818948,0.859648749442
pair_000347,0.803824880089,0.803824880089,0.840698556380,0.840698556380,0.766951203799,0.766951203799,0.803824880089,0.803824880089,0.840698556380,0.840698556380,0.766951203799,0.766951203799
pair_000348,0.878064309099,0.878064309099,1.000000000000,1.000000000000,0.756128618198,0.756128618198,0.878064309099,0.878064309099,1.000000000000,1.000000000000,0.756128618198,0.756128618198
pair_000349,0.873941504698,0.873941504698,0.887296377492,0.887296377492,0.860586631905,0.860586631905,0.873941504698,0.873941504698,0.887296377492,0.887296377492,0.860586631905,0.860586631905
pair_000350,0.914336327487,0.867177297434,0.926969088511,0.876476795038,0.901703566462,0.857877799830,0.909515931435,0.884424194796,0.926969088511,0.876476795038,0.892062774359,0.892371594555
pair_000351,0.924049148640,0.885332203899,0.946515258671,0.914350202402,0.901583038609,0.856314205395,0.919328963725,0.903323820443,0.946515258671,0.914350202402,0.892142668778,0.892297438484
pair_000352,0.927987262915,0.873141532586,0.917703672348,0.852872603849,0.938270853482,0.893410461322,0.927987262915,0.873141532586,0.917703672348,0.852872603849,0.938270853482,0.893410461322
pair_000353,0.955395157445,0.930205261649,0.980870872898,0.968081954082,0.929919441992,0.892328569215,0.967397234036,0.954938710970,0.980870872898,0.968081954082,0.953923595175,0.941795467857
pair_000354,0.836390037038,0.836390037038,0.925432583490,0.925432583490,0.747347490586,0.747347490586,0.836390037038,0.836390037038,0.925432583490,0.925432583490,0.747347490586,0.747347490586
pair_000355,0.911302567623,0.911302567623,0.948355908689,0.948355908689,0.874249226558,0.874249226558,0.911302567623,0.911302567623,0.948355908689,0.948355908689,0.874249226558,0.874249226558
pair_000356,0.907422318935,0.856134573896,0.869070806389,0.803811636463,0.945773831482,0.908457511328,0.907422318935,0.856134573896,0.869070806389,0.803811636463,0.945773831482,0.908457511328
pair_000357,0.942217833237,0.843084955956,0.991842421185,0.874121659819,0.892593245288,0.812048252093,0.900802614055,0.845080926192,0.991052759762,0.876087513488,0.810552468348,0.814074338896
pair_000358,0.890016019705,0.845490378148,0.889890919045,0.852072058056,0.890141120366,0.838908698239,0.890016019705,0.845490378148,0.889890919045,0.852072058056,0.890141120366,0.838908698239
pair_000359,0.932547963378,0.906582395369,0.901869462921,0.862921857452,0.963226463835,0.950242933285,0.932602028708,0.906236495013,0.901869462921,0.862921857452,0.963334594494,0.949551132574
pair_000360,0.958026708545,0.914025436022,0.988440484158,0.919620756304,0.927612932932,0.908430115740,0.946891605923,0.917011987088,0.979556076656,0.921907749230,0.914227135190,0.912116224946
pair_000361,0.956309539722,0.837002477501,0.950906289137,0.843347544223,0.961712790308,0.830657410779,0.956309539722,0.837002477501,0.950906289137,0.843347544223,0.961712790308,0.830657410779
pair_000362,0.900318350448,0.861235708425,0.923959025943,0.886224669790,0.876677674954,0.836246747059,0.900318350448,0.861235708425,0.923959025943,0.886224669790,0.876677674954,0.836246747059
pair_000363,0.871419213609,0.871419213609,0.859045460837,0.859045460837,0.883792966381,0.883792966381,0.871419213609,0.871419213609,0.859045460837,0.859045460837,0.883792966381,0.883792966381
pair_000364,0.907534326722,0.861101374172,0.913433581178,0.873506754439,0.901635072267,0.848695993905,0.907534326722,0.861101374172,0.913433581178,0.873506754439,0.901635072267,0.848695993905
pair_000365,0.936884259332,0.936884259332,0.977939438827,0.977939438827,0.895829079837,0.895829079837,0.936884259332,0.936884259332,0.977939438827,0.977939438827,0.895829079837,0.895829079837
pair_000366,0.919756487318,0.903813348388,0.919134411330,0.906924013705,0.920378563307,0.900702683072,0.916487873818,0.902448129067,0.919134411330,0.906924013705,0.913841336306,0.897972244429
pair_000367,0.903888551867,0.903888551867,0.926325423039,0.926325423039,0.881451680695,0.881451680695,0.903888551867,0.903888551867,0.926325423039,0.926325423039,0.881451680695,0.881451680695
pair_000368,0.902770703154,0.877648672702,0.875649104746,0.843321224214,0.929892301563,0.911976121190,0.902577031916,0.883352235806,0.872938008193,0.842809944359,0.932216055638,0.923894527253
pair_000369,0.985528515912,0.909951234751,0.995299309102,0.904480410244,0.975757722722,0.915422059258,0.984929007156,0.910692773707,0.994492716690,0.904367076304,0.975365297622,0.917018471111
pair_000370,0.916790683837,0.854969114679,0.946746003973,0.868067956909,0.886835363701,0.841870272449,0.900886679319,0.850337199175,0.944124699147,0.868276362670,0.857648659491,0.832398035680
pair_000371,0.864030995915,0.864030995915,0.894227546778,0.894227546778,0.833834445051,0.833834445051,0.864030995915,0.864030995915,0.894227546778,0.894227546778,0.833834445051,0.833834445051
pair_000372,0.923753185216,0.852616749897,0.931561268470,0.871263358162,0.915945101963,0.833970141632,0.923753185216,0.852616749897,0.931561268470,0.871263358162,0.915945101963,0.833970141632
pair_000373,0.822259578103,0.822259578103,0.861838854674,0.861838854674,0.782680301531,0.782680301531,0.822259578103,0.822259578103,0.861838854674,0.861838854674,0.782680301531,0.782680301531
pair_000374,0.930784129784,0.868479470692,0.960756196353,0.867526321719,0.900812063214,0.869432619666,0.932262498505,0.891091360312,0.957231073357,0.869161181028,0.907293923654,0.913021539597
pair_000375,0.959845777960,0.925145125488,0.966850710432,0.938868135757,0.952840845487,0.911422115219,0.959845777960,0.925145125488,0.966850710432,0.938868135757,0.952840845487,0.911422115219
pair_000376,0.847972138950,0.845351039488,0.922962237888,0.917720038964,0.772982040012,0.772982040012,0.847972138950,0.845351039488,0.922962237888,0.917720038964,0.772982040012,0.772982040012
pair_000377,0.965601803733,0.896171305818,0.959526674326,0.828860975273,0.971676933140,0.963481636363,0.965732545138,0.896338234954,0.959134456110,0.828693086616,0.972330634166,0.963983383293
pair_000378,0.859780416176,0.840375986189,0.898903646379,0.860094786405,0.820657185973,0.820657185973,0.859780416176,0.840375986189,0.898903646379,0.860094786405,0.820657185973,0.820657185973
pair_000379,0.959977742790,0.850211157375,0.946289745757,0.817146476894,0.973665739823,0.883275837856,0.959977742790,0.850211157375,0.946289745757,0.817146476894,0.973665739823,0.883275837856
pair_000380,0.940934164811,0.940934164811,0.956559585937,0.956559585937,0.925308743684,0.925308743684,0.940934164811,0.940934164811,0.956559585937,0.956559585937,0.925308743684,0.925308743684
pair_000381,0.813167416962,0.813167416962,0.837385466176,0.837385466176,0.788949367748,0.788949367748,0.813167416962,0.813167416962,0.837385466176,0.837385466176,0.788949367748,0.788949367748
pair_000382,0.967639060610,0.902295942811,0.993819413664,0.889795177944,0.941458707555,0.914796707678,0.964220394454,0.902547677610,0.993962561315,0.893251739482,0.934478227592,0.911843615739
pair_000383,0.988493912249,0.883859238526,0.988976803584,0.892277359492,0.988011020914,0.875441117560,0.988828195063,0.889135991867,0.989201367275,0.897176934105,0.988455022851,0.881095049629
pair_000384,0.952724509611,0.872710633293,0.949795472203,0.876236561205,0.955653547019,0.869184705380,0.952724509611,0.872710633293,0.949795472203,0.876236561205,0.955653547019,0.869184705380
pair_000385,0.906212260333,0.906212260333,1.000000000000,1.000000000000,0.812424520666,0.812424520666,0.906212260333,0.906212260333,1.000000000000,1.000000000000,0.812424520666,0.812424520666
pair_000386,0.911121139167,0.903215721789,0.857609918434,0.843875560889,0.964632359900,0.962555882689,0.910422682395,0.902634071729,0.857609918434,0.843875560889,0.963235446356,0.961392582569
pair_000387,0.870428880721,0.829789053248,0.892030367311,0.859234364073,0.848827394130,0.800343742424,0.855803100747,0.823282513964,0.892030367311,0.859234364073,0.819575834183,0.787330663855
pair_000388,0.994296771352,0.891990527890,0.994513010032,0.870235109097,0.994080532672,0.913745946683,0.994296771352,0.891990527890,0.994513010032,0.870235109097,0.994080532672,0.913745946683
pair_000389,0.982387167134,0.982387167134,0.964774334268,0.964774334268,1.000000000000,1.000000000000,0.982387167134,0.982387167134,0.964774334268,0.964774334268,1.000000000000,1.000000000000
pair_000390,0.933106581200,0.927483334563,0.970826601262,0.959580107988,0.895386561138,0.895386561138,0.933106581200,0.927483334563,0.970826601262,0.959580107988,0.895386561138,0.895386561138
pair_000391,0.886915077904,0.881528399190,0.929984282242,0.919210924815,0.843845873565,0.843845873565,0.886915077904,0.881528399190,0.929984282242,0.919210924815,0.843845873565,0.843845873565
pair_000392,0.941099911784,0.941099911784,0.973016376959,0.973016376959,0.909183446610,0.909183446610,0.941099911784,0.941099911784,0.973016376959,0.973016376959,0.909183446610,0.909183446610
pair_000393,0.877142024251,0.877142024251,0.926227599833,0.926227599833,0.828056448669,0.828056448669,0.877142024251,0.877142024251,0.926227599833,0.926227599833,0.828056448669,0.828056448669
pair_000394,0.877469744183,0.877469744183,0.806974491587,0.806974491587,0.947964996780,0.947964996780,0.877469744183,0.877469744183,0.806974491587,0.806974491587,0.947964996780,0.947964996780
pair_000395,0.909878133724,0.909878133724,0.948798209878,0.948798209878,0.870958057570,0.870958057570,0.909878133724,0.909878133724,0.948798209878,0.948798209878,0.870958057570,0.870958057570
pair_000396,0.978261779398,0.927552918093,0.977782136466,0.928618805179,0.978741422330,0.926487031008,0.978829960141,0.931211884918,0.977932125517,0.931854630706,0.979727794766,0.930569139130
pair_000397,0.967404796551,0.886918369138,0.967709918319,0.887884228956,0.967099674783,0.885952509320,0.968667443478,0.894496734916,0.967709918319,0.887884228956,0.969624968637,0.901109240877
pair_000398,0.987645886657,0.925861957804,0.993953175826,0.936993719482,0.981338597487,0.914730196127,0.987708942756,0.926521773846,0.993953175826,0.936993719482,0.981464709686,0.916049828210
pair_000399,0.999330360407,0.957600023639,0.999272835577,0.939400123597,0.999387885236,0.975799923680,0.999393559182,0.959387703944,0.999272835577,0.939400123597,0.999514282788,0.979375284290
pair_000400,0.997224981060,0.983163792901,0.994854100397,0.968170029895,0.999595861723,0.998157555906,0.997306265276,0.983757155165,0.994854100397,0.968170029895,0.999758430154,0.999344280434
pair_000401,0.964799291981,0.887855912234,0.965951292788,0.897671931532,0.963647291173,0.878039892936,0.969446750427,0.908003435047,0.965077959136,0.897156097524,0.973815541719,0.918850772571
pair_000402,0.865415638602,0.865415638602,0.868910208039,0.868910208039,0.861921069165,0.861921069165,0.865415638602,0.865415638602,0.868910208039,0.868910208039,0.861921069165,0.861921069165
pair_000403,0.900907779581,0.900907779581,0.903847146745,0.903847146745,0.897968412417,0.897968412417,0.900907779581,0.900907779581,0.903847146745,0.903847146745,0.897968412417,0.897968412417
pair_000404,0.883102883266,0.875033187140,0.974570191813,0.958430799561,0.791635574719,0.791635574719,0.883102883266,0.875033187140,0.974570191813,0.958430799561,0.791635574719,0.791635574719
pair_000405,0.860779282885,0.844338621956,0.909748320000,0.876866998142,0.811810245770,0.811810245770,0.860779282885,0.844338621956,0.909748320000,0.876866998142,0.811810245770,0.811810245770
pair_000406,0.845736101359,0.845736101359,0.861219850588,0.861219850588,0.830252352129,0.830252352129,0.845736101359,0.845736101359,0.861219850588,0.861219850588,0.830252352129,0.830252352129
pair_000407,0.990982285462,0.986625634408,0.997709560548,0.988996258440,0.984255010376,0.984255010376,0.990871711500,0.986660221687,0.997488412623,0.989065432998,0.984255010376,0.984255010376
pair_000408,0.989458664134,0.913916893311,0.990994042412,0.913846501655,0.987923285856,0.913987284967,0.989458664134,0.913916893311,0.990994042412,0.913846501655,0.987923285856,0.913987284967
pair_000409,0.985885385473,0.906645669843,0.986546012053,0.907564331691,0.985224758893,0.905727007995,0.984379946425,0.908514676757,0.984557529527,0.909247286445,0.984202363324,0.907782067068
pair_000410,0.985612573049,0.903823021074,0.987658132194,0.908051785207,0.983567013903,0.899594256940,0.985373685898,0.907788458333,0.987267168748,0.911836870988,0.983480203048,0.903740045677
pair_000411,0.968045437004,0.954151109808,0.989523891703,0.972262823057,0.946566982306,0.936039396560,0.967443828136,0.954144761742,0.988528944904,0.971512021867,0.946358711367,0.936777501617
pair_000412,0.986824540348,0.897728182844,0.989218096371,0.903392604823,0.984430984326,0.892063760865,0.986821664290,0.901356882651,0.988879181264,0.906939668973,0.984764147317,0.895774096329
pair_000413,0.984202705758,0.946088609866,0.987420168627,0.936043276573,0.980985242888,0.956133943160,0.985790831202,0.955484531454,0.990283642497,0.952795155078,0.981298019908,0.958173907829
pair_000414,0.984215155846,0.912376332895,0.988655633086,0.893198824250,0.979774678607,0.931553841540,0.972971105256,0.933551899960,0.980040667134,0.919835729229,0.965901543378,0.947268070690
pair_000415,0.998181523084,0.909228267163,0.998053435538,0.890071129813,0.998309610630,0.928385404514,0.997973120434,0.920960546916,0.997806353675,0.905277725342,0.998139887193,0.936643368491
pair_000416,0.978125582293,0.889817387778,0.976658898249,0.864133239961,0.979592266336,0.915501535594,0.979919579139,0.907797204473,0.979970316050,0.885604254079,0.979868842227,0.929990154866
pair_000417,0.980688820832,0.887762871753,0.974124712952,0.849597878694,0.987252928712,0.925927864811,0.972959359784,0.893839748910,0.959895968469,0.857805655334,0.986022751100,0.929873842486
pair_000418,0.971810608486,0.897222777355,0.974275608130,0.856819984172,0.969345608841,0.937625570539,0.967687036896,0.905724460494,0.963361019043,0.864133333204,0.972013054749,0.947315587783
pair_000419,0.969668247605,0.913174867429,0.965690125937,0.890141469408,0.973646369274,0.936208265451,0.962201031510,0.918109666931,0.959865598889,0.896945616581,0.964536464131,0.939273717280
pair_000420,0.986542808938,0.915923227419,0.987749679688,0.878059005488,0.985335938188,0.953787449351,0.981463370558,0.919527080365,0.975359312207,0.880372150990,0.987567428910,0.958682009739
pair_000421,0.980523819035,0.867756053699,0.977800136144,0.860681514310,0.983247501927,0.874830593088,0.976823835757,0.877265082458,0.973587215712,0.869612988256,0.980060455801,0.884917176659
pair_000422,0.961988916583,0.868417603400,0.947409101546,0.816402825642,0.976568731621,0.920432381159,0.955868667945,0.870218652524,0.939602778273,0.815906514831,0.972134557617,0.924530790217
pair_000423,0.976840969289,0.905233138777,0.986674532082,0.874373246980,0.967007406496,0.936093030574,0.976907899700,0.910747823627,0.985828049031,0.877618902336,0.967987750368,0.943876744919
pair_000424,0.964860934561,0.890580942019,0.961770469512,0.826681760101,0.967951399609,0.954480123937,0.965622971831,0.894663409072,0.963013710558,0.829017912196,0.968232233104,0.960308905948
pair_000425,0.969804664115,0.884950642335,0.967131641682,0.837380591664,0.972477686548,0.932520693007,0.970630650357,0.887093948897,0.968410072343,0.837219541866,0.972851228371,0.936968355927
pair_000426,0.985471589137,0.916623055162,0.980846512413,0.873493446973,0.990096665861,0.959752663351,0.984008582899,0.922380346616,0.979451750572,0.879819375891,0.988565415226,0.964941317340
pair_000427,0.973590233693,0.901082389967,0.969844167770,0.889681031097,0.977336299616,0.912483748838,0.974761130142,0.911449309792,0.969501809829,0.889242485565,0.980020450454,0.933656134020
pair_000428,0.980211725725,0.946331516717,0.972569351212,0.930511014698,0.987854100238,0.962152018736,0.971424484954,0.945880518266,0.972569351212,0.930511014698,0.970279618696,0.961250021834
pair_000429,0.978092598916,0.950813201117,0.974882571874,0.940946330510,0.981302625959,0.960680071724,0.968148431897,0.949763997850,0.974882571874,0.940946330510,0.961414291921,0.958581665190
pair_000430,0.945724940483,0.929982213272,0.968230448659,0.943034052945,0.923219432307,0.916930373599,0.946132170532,0.930933613053,0.968230448659,0.943034052945,0.924033892405,0.918833173162
pair_000431,0.983546560785,0.887650872895,0.978249836952,0.853613384227,0.988843284618,0.921688361563,0.983293056979,0.888310520972,0.977926138679,0.854855877510,0.988659975279,0.921765164434
pair_000432,0.998917671559,0.987144400770,0.999058726044,0.976734070727,0.998776617074,0.997554730813,0.999525458676,0.988318129980,0.999058726044,0.976734070727,0.999992191309,0.999902189233
pair_000433,0.987274382375,0.955702837564,0.985615807895,0.946219044028,0.988932956856,0.965186631100,0.987514634442,0.956135211096,0.985750250469,0.946600497499,0.989279018415,0.965669924693
pair_000434,0.983236317120,0.956722095263,0.983398245415,0.955958641797,0.983074388825,0.957485548729,0.988168686640,0.972355404865,0.983391626691,0.956492005841,0.992945746589,0.988218803889
pair_000435,0.989184025668,0.967525699822,0.985790562549,0.959451686351,0.992577488786,0.975599713293,0.986859420208,0.970423370135,0.985790562549,0.959451686351,0.987928277867,0.981395053919
pair_000436,0.976963832718,0.869289872524,0.976242258097,0.853985356754,0.977685407339,0.884594388294,0.977362737148,0.875738252581,0.977116020240,0.860125206760,0.977609454056,0.891351298402
pair_000437,0.983338293814,0.891294784665,0.984513692532,0.895658947504,0.982162895097,0.886930621825,0.981967136211,0.896898707880,0.982803656781,0.900008910978,0.981130615642,0.893788504781
pair_000438,0.948819922837,0.930664973751,0.943663780079,0.917844368374,0.953976065595,0.943485579128,0.948700484352,0.931218698246,0.943507380313,0.918583498344,0.953893588391,0.943853898148
pair_000439,0.985567500733,0.891021512219,0.988767916436,0.883608888440,0.982367085030,0.898434135998,0.984086650804,0.907487640229,0.986078613456,0.886385538854,0.982094688151,0.928589741605
pair_000440,0.992793875075,0.894759321695,0.993015960320,0.874765132327,0.992571789830,0.914753511063,0.992747925635,0.900404679267,0.993151114331,0.877983566339,0.992344736938,0.922825792194
pair_000441,0.990329530133,0.891262089700,0.985601600835,0.869374631016,0.995057459431,0.913149548385,0.990319307796,0.893612597689,0.985525453355,0.872274906940,0.995113162236,0.914950288438
pair_000442,1.000000000000,1.000000000000,1.000000000000,1.000000000000,1.000000000000,1.000000000000,1.000000000000,1.000000000000,1.000000000000,1.000000000000,1.000000000000,1.000000000000
pair_000443,1.000000000000,1.000000000000,1.000000000000,1.000000000000,1.000000000000,1.000000000000,1.000000000000,1.000000000000,1.000000000000,1.000000000000,1.000000000000,1.000000000000
pair_000444,1.000000000000,1.000000000000,1.000000000000,1.000000000000,1.000000000000,1.000000000000,1.000000000000,1.000000000000,1.000000000000,1.000000000000,1.000000000000,1.000000000000
pair_000445,1.000000000000,1.000000000000,1.000000000000,1.000000000000,1.000000000000,1.000000000000,1.000000000000,1.000000000000,1.000000000000,1.000000000000,1.000000000000,1.000000000000
pair_000446,1.000000000000,1.000000000000,1.000000000000,1.000000000000,1.000000000000,1.000000000000,1.000000000000,1.000000000000,1.000000000000,1.000000000000,1.000000000000,1.000000000000
pair_000447,0.874728637738,0.874728637738,1.000000000000,1.000000000000,0.749457275477,0.749457275477,0.874728637738,0.874728637738,1.000000000000,1.000000000000,0.749457275477,0.749457275477
pair_000448,0.907250628067,0.907250628067,1.000000000000,1.000000000000,0.814501256133,0.814501256133,0.907250628067,0.907250628067,1.000000000000,1.000000000000,0.814501256133,0.814501256133
pair_000449,1.000000000000,1.000000000000,1.000000000000,1.000000000000,1.000000000000,1.000000000000,1.000000000000,1.000000000000,1.000000000000,1.000000000000,1.000000000000,1.000000000000
pair_000450,1.000000000000,1.000000000000,1.000000000000,1.000000000000,1.000000000000,1.000000000000,1.000000000000,1.000000000000,1.000000000000,1.000000000000,1.000000000000,1.000000000000
pair_000451,1.000000000000,1.000000000000,1.000000000000,1.000000000000,1.000000000000,1.000000000000,1.000000000000,1.000000000000,1.000000000000,1.000000000000,1.000000000000,1.000000000000
pair_000452,0.971339707495,0.944322239723,0.942679414990,0.888644479447,1.000000000000,1.000000000000,0.971339707495,0.944322239723,0.942679414990,0.888644479447,1.000000000000,1.000000000000
pair_000453,0.889759258706,0.889759258706,0.779518517412,0.779518517412,1.000000000000,1.000000000000,0.889759258706,0.889759258706,0.779518517412,0.779518517412,1.000000000000,1.000000000000
pair_000454,1.000000000000,1.000000000000,1.000000000000,1.000000000000,1.000000000000,1.000000000000,1.000000000000,1.000000000000,1.000000000000,1.000000000000,1.000000000000,1.000000000000
pair_000455,1.000000000000,1.000000000000,1.000000000000,1.000000000000,1.000000000000,1.000000000000,1.000000000000,1.000000000000,1.000000000000,1.000000000000,1.000000000000,1.000000000000
pair_000456,1.000000000000,1.000000000000,1.000000000000,1.000000000000,1.000000000000,1.000000000000,1.000000000000,1.000000000000,1.000000000000,1.000000000000,1.000000000000,1.000000000000
pair_000457,1.000000000000,1.000000000000,1.000000000000,1.000000000000,1.000000000000,1.000000000000,1.000000000000,1.000000000000,1.000000000000,1.000000000000,1.000000000000,1.000000000000
pair_000458,0.874728637738,0.874728637738,1.000000000000,1.000000000000,0.749457275477,0.749457275477,0.874728637738,0.874728637738,1.000000000000,1.000000000000,0.749457275477,0.749457275477
pair_000459,0.907250628067,0.907250628067,1.000000000000,1.000000000000,0.814501256133,0.814501256133,0.907250628067,0.907250628067,1.000000000000,1.000000000000,0.814501256133,0.814501256133
pair_000460,1.000000000000,1.000000000000,1.000000000000,1.000000000000,1.000000000000,1.000000000000,1.000000000000,1.000000000000,1.000000000000,1.000000000000,1.000000000000,1.000000000000
pair_000461,1.000000000000,1.000000000000,1.000000000000,1.000000000000,1.000000000000,1.000000000000,1.000000000000,1.000000000000,1.000000000000,1.000000000000,1.000000000000,1.000000000000
pair_000462,1.000000000000,1.000000000000,1.000000000000,1.000000000000,1.000000000000,1.000000000000,1.000000000000,1.000000000000,1.000000000000,1.000000000000,1.000000000000,1.000000000000
pair_000463,0.971339707495,0.944322239723,0.942679414990,0.888644479447,1.000000000000,1.000000000000,0.971339707495,0.944322239723,0.942679414990,0.888644479447,1.000000000000,1.000000000000
pair_000464,0.889759258706,0.889759258706,0.779518517412,0.779518517412,1.000000000000,1.000000000000,0.889759258706,0.889759258706,0.779518517412,0.779518517412,1.000000000000,1.000000000000
pair_000465,0.946708242407,0.914427225005,0.954298952577,0.922074100042,0.939117532237,0.906780349969,0.939478452850,0.912295315315,0.954298952577,0.922074100042,0.924657953123,0.902516530587
pair_000466,0.951356750170,0.939957619072,0.956181053538,0.936579209043,0.946532446803,0.943336029102,0.953201085820,0.943146470094,0.956181053538,0.936579209043,0.950221118103,0.949713731145
pair_000467,0.842490419342,0.826525541688,0.883420726646,0.851490971339,0.801560112037,0.801560112037,0.842490419342,0.826525541688,0.883420726646,0.851490971339,0.801560112037,0.801560112037
pair_000468,0.933498434256,0.907939582690,0.939380817257,0.915545812147,0.927616051254,0.900333353233,0.930126352105,0.907085677889,0.939380817257,0.915545812147,0.920871886954,0.898625543632
pair_000469,0.953052043629,0.946877063245,0.955228071412,0.942878110646,0.950876015845,0.950876015845,0.953052043629,0.946877063245,0.955228071412,0.942878110646,0.950876015845,0.950876015845
pair_000470,0.880130788025,0.880130788025,0.868733375926,0.868733375926,0.891528200124,0.891528200124,0.880130788025,0.880130788025,0.868733375926,0.868733375926,0.891528200124,0.891528200124
pair_000471,1.000000000000,1.000000000000,1.000000000000,1.000000000000,1.000000000000,1.000000000000,1.000000000000,1.000000000000,1.000000000000,1.000000000000,1.000000000000,1.000000000000
pair_000472,1.000000000000,1.000000000000,1.000000000000,1.000000000000,1.000000000000,1.000000000000,1.000000000000,1.000000000000,1.000000000000,1.000000000000,1.000000000000,1.000000000000
pair_000473,1.000000000000,1.000000000000,1.000000000000,1.000000000000,1.000000000000,1.000000000000,1.000000000000,1.000000000000,1.000000000000,1.000000000000,1.000000000000,1.000000000000
pair_000474,0.874728637738,0.874728637738,1.000000000000,1.000000000000,0.749457275477,0.749457275477,0.874728637738,0.874728637738,1.000000000000,1.000000000000,0.749457275477,0.749457275477
pair_000475,0.907250628067,0.907250628067,1.000000000000,1.000000000000,0.814501256133,0.814501256133,0.907250628067,0.907250628067,1.000000000000,1.000000000000,0.814501256133,0.814501256133
pair_000476,1.000000000000,1.000000000000,1.000000000000,1.000000000000,1.000000000000,1.000000000000,1.000000000000,1.000000000000,1.000000000000,1.000000000000,1.000000000000,1.000000000000
pair_000477,1.000000000000,1.000000000000,1.000000000000,1.000000000000,1.000000000000,1.000000000000,1.000000000000,1.000000000000,1.000000000000,1.000000000000,1.000000000000,1.000000000000
pair_000478,1.000000000000,1.000000000000,1.000000000000,1.000000000000,1.000000000000,1.000000000000,1.000000000000,1.000000000000,1.000000000000,1.000000000000,1.000000000000,1.000000000000
pair_000479,0.889759258706,0.889759258706,0.779518517412,0.779518517412,1.000000000000,1.000000000000,0.889759258706,0.889759258706,0.779518517412,0.779518517412,1.000000000000,1.000000000000
pair_000480,1.000000000000,1.000000000000,1.000000000000,1.000000000000,1.000000000000,1.000000000000,1.000000000000,1.000000000000,1.000000000000,1.000000000000,1.000000000000,1.000000000000
pair_000481,1.000000000000,1.000000000000,1.000000000000,1.000000000000,1.000000000000,1.000000000000,1.000000000000,1.000000000000,1.000000000000,1.000000000000,1.000000000000,1.000000000000
pair_000482,0.874728637738,0.874728637738,1.000000000000,1.000000000000,0.749457275477,0.749457275477,0.874728637738,0.874728637738,1.000000000000,1.000000000000,0.749457275477,0.749457275477
pair_000483,0.907250628067,0.907250628067,1.000000000000,1.000000000000,0.814501256133,0.814501256133,0.907250628067,0.907250628067,1.000000000000,1.000000000000,0.814501256133,0.814501256133
pair_000484,1.000000000000,1.000000000000,1.000000000000,1.000000000000,1.000000000000,1.000000000000,1.000000000000,1.000000000000,1.000000000000,1.000000000000,1.000000000000,1.000000000000
pair_000485,1.000000000000,1.000000000000,1.000000000000,1.000000000000,1.000000000000,1.000000000000,1.000000000000,1.000000000000,1.000000000000,1.000000000000,1.000000000000,1.000000000000
pair_000486,1.000000000000,1.000000000000,1.000000000000,1.000000000000,1.000000000000,1.000000000000,1.000000000000,1.000000000000,1.000000000000,1.000000000000,1.000000000000,1.000000000000
pair_000487,0.889759258706,0.889759258706,0.779518517412,0.779518517412,1.000000000000,1.000000000000,0.889759258706,0.889759258706,0.779518517412,0.779518517412,1.000000000000,1.000000000000
pair_000488,1.000000000000,1.000000000000,1.000000000000,1.000000000000,,,1.000000000000,1.000000000000,1.000000000000,1.000000000000,,
pair_000489,0.885749103144,0.885749103144,1.000000000000,1.000000000000,0.771498206289,0.771498206289,0.885749103144,0.885749103144,1.000000000000,1.000000000000,0.771498206289,0.771498206289
pair_000490,0.961498715778,0.879915203899,0.991699897416,0.901597771575,0.931297534140,0.858232636224,0.992521900516,0.940307282524,0.991678392901,0.902034365079,0.993365408131,0.978580199969
pair_000491,0.970820922385,0.846214756314,0.977415875953,0.850253261729,0.964225968818,0.842176250899,0.986657566368,0.905973037495,0.977316229257,0.850310112010,0.995998903478,0.961635962980
pair_000492,0.932687435908,0.870443318596,0.903540400602,0.821836824248,0.961834471213,0.919049812944,0.947123068770,0.901412265277,0.903347144469,0.821691900223,0.990898993071,0.981132630330
pair_000493,0.971842531330,0.903797336987,0.979296155347,0.877548709424,0.964388907313,0.930045964549,0.989603398295,0.938377045407,0.979217012092,0.877373153074,0.999989784498,0.999380937739
pair_000494,0.975684346189,0.906328130723,0.986979785066,0.882610296897,0.964388907313,0.930045964549,0.993501290082,0.940958827367,0.987012795666,0.882536716994,0.999989784498,0.999380937739
pair_000495,0.949117633393,0.872764914112,0.953459996556,0.867268697102,0.944775270231,0.878261131122,0.974815411805,0.927346108076,0.953370327908,0.867119594750,0.996260495703,0.987572621402
pair_000496,0.902514958098,0.902514958098,1.000000000000,1.000000000000,0.805029916195,0.805029916195,0.902514958098,0.902514958098,1.000000000000,1.000000000000,0.805029916195,0.805029916195
pair_000497,0.886428684933,0.886428684933,1.000000000000,1.000000000000,0.772857369866,0.772857369866,0.886428684933,0.886428684933,1.000000000000,1.000000000000,0.772857369866,0.772857369866
pair_000498,1.000000000000,1.000000000000,1.000000000000,1.000000000000,1.000000000000,1.000000000000,1.000000000000,1.000000000000,1.000000000000,1.000000000000,1.000000000000,1.000000000000
pair_000499,0.874728637738,0.874728637738,1.000000000000,1.000000000000,0.749457275477,0.749457275477,0.874728637738,0.874728637738,1.000000000000,1.000000000000,0.749457275477,0.749457275477
pair_000500,0.907250628067,0.907250628067,1.000000000000,1.000000000000,0.814501256133,0.814501256133,0.907250628067,0.907250628067,1.000000000000,1.000000000000,0.814501256133,0.814501256133
pair_000501,1.000000000000,1.000000000000,1.000000000000,1.000000000000,1.000000000000,1.000000000000,1.000000000000,1.000000000000,1.000000000000,1.000000000000,1.000000000000,1.000000000000
pair_000502,1.000000000000,1.000000000000,1.000000000000,1.000000000000,1.000000000000,1.000000000000,1.000000000000,1.000000000000,1.000000000000,1.000000000000,1.000000000000,1.000000000000
pair_000503,1.000000000000,1.000000000000,1.000000000000,1.000000000000,1.000000000000,1.000000000000,1.000000000000,1.000000000000,1.000000000000,1.000000000000,1.000000000000,1.000000000000
pair_000504,0.889759258706,0.889759258706,0.779518517412,0.779518517412,1.000000000000,1.000000000000,0.889759258706,0.889759258706,0.779518517412,0.779518517412,1.000000000000,1.000000000000
pair_000505,0.938793848207,0.890121411683,0.905503706326,0.817100877122,0.972083990088,0.963141946244,0.938793848207,0.890121411683,0.905503706326,0.817100877122,0.972083990088,0.963141946244
pair_000506,0.960608399411,0.891320662326,0.934950046071,0.809919217069,0.986266752752,0.972722107583,0.960608399411,0.893593820028,0.934950046071,0.809919217069,0.986266752752,0.977268422986
pair_000507,0.986639153867,0.930188634331,0.993363325708,0.886559997410,0.979914982026,0.973817271251,0.982644911265,0.929191348664,0.993363325708,0.886559997410,0.971926496822,0.971822699917
pair_000508,0.874728637738,0.874728637738,1.000000000000,1.000000000000,0.749457275477,0.749457275477,0.874728637738,0.874728637738,1.000000000000,1.000000000000,0.749457275477,0.749457275477
pair_000509,0.907250628067,0.907250628067,1.000000000000,1.000000000000,0.814501256133,0.814501256133,0.907250628067,0.907250628067,1.000000000000,1.000000000000,0.814501256133,0.814501256133
pair_000510,1.000000000000,1.000000000000,1.000000000000,1.000000000000,1.000000000000,1.000000000000,1.000000000000,1.000000000000,1.000000000000,1.000000000000,1.000000000000,1.000000000000
pair_000511,1.000000000000,1.000000000000,1.000000000000,1.000000000000,1.000000000000,1.000000000000,1.000000000000,1.000000000000,1.000000000000,1.000000000000,1.000000000000,1.000000000000
pair_000512,1.000000000000,1.000000000000,1.000000000000,1.000000000000,1.000000000000,1.000000000000,1.000000000000,1.000000000000,1.000000000000,1.000000000000,1.000000000000,1.000000000000
pair_000513,0.889759258706,0.889759258706,0.779518517412,0.779518517412,1.000000000000,1.000000000000,0.889759258706,0.889759258706,0.779518517412,0.779518517412,1.000000000000,1.000000000000
pair_000514,0.941998348433,0.889213929096,0.888888048068,0.806013414469,0.995108648799,0.972414443722,0.941998348433,0.890714378674,0.888888048068,0.806013414469,0.995108648799,0.975415342879
pair_000515,0.911873781054,0.830934706059,0.921543480330,0.820051428750,0.902204081778,0.841817983367,0.953729680163,0.886691725254,0.921543480330,0.820051428750,0.985915879996,0.953332021758
pair_000516,0.951989977702,0.906284917646,0.951989977702,0.906284917646,,,0.979194550883,0.937523278430,0.979194550883,0.937523278430,,
pair_000517,0.845585172061,0.822732642033,0.951989977702,0.906284917646,0.739180366420,0.739180366420,0.859187458651,0.838351822425,0.979194550883,0.937523278430,0.739180366420,0.739180366420
pair_000518,0.975994988851,0.953142458823,0.951989977702,0.906284917646,1.000000000000,1.000000000000,0.989597275441,0.968761639215,0.979194550883,0.937523278430,1.000000000000,1.000000000000
pair_000519,0.886854160229,0.829823056195,0.956769549197,0.863836415510,0.816938771261,0.795809696880,0.900854290955,0.859808951666,0.984769810649,0.923808206452,0.816938771261,0.795809696880
pair_000520,0.907250628067,0.907250628067,1.000000000000,1.000000000000,0.814501256133,0.814501256133,0.907250628067,0.907250628067,1.000000000000,1.000000000000,0.814501256133,0.814501256133
pair_000521,0.907250628067,0.907250628067,1.000000000000,1.000000000000,0.814501256133,0.814501256133,0.907250628067,0.907250628067,1.000000000000,1.000000000000,0.814501256133,0.814501256133
pair_000522,0.907250628067,0.907250628067,1.000000000000,1.000000000000,0.814501256133,0.814501256133,0.907250628067,0.907250628067,1.000000000000,1.000000000000,0.814501256133,0.814501256133
pair_000523,0.797009886773,0.797009886773,0.779518517412,0.779518517412,0.814501256133,0.814501256133,0.797009886773,0.797009886773,0.779518517412,0.779518517412,0.814501256133,0.814501256133
pair_000524,0.931962453524,0.872363394060,0.983670878084,0.869861021175,0.880254028964,0.874865766946,0.928617823272,0.871396560530,0.982340801966,0.868570510034,0.874894844578,0.874222611025
pair_000525,0.993797449696,0.931374416422,0.987594899391,0.862748832845,1.000000000000,1.000000000000,0.993797449696,0.931374416422,0.987594899391,0.862748832845,1.000000000000,1.000000000000
pair_000526,0.970755968848,0.892278004028,0.977587613916,0.855405906079,0.963924323781,0.929150101976,0.986886627825,0.921798794871,0.977587613916,0.855405906079,0.996185641734,0.988191683663
pair_000527,1.000000000000,1.000000000000,1.000000000000,1.000000000000,1.000000000000,1.000000000000,1.000000000000,1.000000000000,1.000000000000,1.000000000000,1.000000000000,1.000000000000
pair_000528,1.000000000000,1.000000000000,1.000000000000,1.000000000000,1.000000000000,1.000000000000,1.000000000000,1.000000000000,1.000000000000,1.000000000000,1.000000000000,1.000000000000
pair_000529,0.971339707495,0.944322239723,0.942679414990,0.888644479447,1.000000000000,1.000000000000,0.971339707495,0.944322239723,0.942679414990,0.888644479447,1.000000000000,1.000000000000
pair_000530,0.889759258706,0.889759258706,0.779518517412,0.779518517412,1.000000000000,1.000000000000,0.889759258706,0.889759258706,0.779518517412,0.779518517412,1.000000000000,1.000000000000
pair_000531,0.965859277018,0.883553061950,0.967794230255,0.837956021925,0.963924323781,0.929150101976,0.981989935994,0.913073852794,0.967794230255,0.837956021925,0.996185641734,0.988191683663
pair_000532,0.925832876126,0.802164579367,0.943970020010,0.797496187170,0.907695732241,0.806832971565,0.925832876126,0.802164579367,0.943970020010,0.797496187170,0.907695732241,0.806832971565
pair_000533,0.901686908374,0.789025609381,0.936004830716,0.795952344121,0.867368986032,0.782098874641,0.900895732133,0.796462806306,0.936004830716,0.795952344121,0.865786633550,0.796973268492
pair_000534,1.000000000000,1.000000000000,1.000000000000,1.000000000000,,,1.000000000000,1.000000000000,1.000000000000,1.000000000000,,
pair_000535,1.000000000000,1.000000000000,1.000000000000,1.000000000000,,,1.000000000000,1.000000000000,1.000000000000,1.000000000000,,
pair_000536,1.000000000000,1.000000000000,1.000000000000,1.000000000000,,,1.000000000000,1.000000000000,1.000000000000,1.000000000000,,
pair_000537,1.000000000000,1.000000000000,1.000000000000,1.000000000000,,,1.000000000000,1.000000000000,1.000000000000,1.000000000000,,
pair_000538,0.948400527899,0.899463561319,0.948400527899,0.899463561319,,,0.987698907459,0.974865890330,0.987698907459,0.974865890330,,
pair_000539,1.000000000000,1.000000000000,1.000000000000,1.000000000000,1.000000000000,1.000000000000,1.000000000000,1.000000000000,1.000000000000,1.000000000000,1.000000000000,1.000000000000
pair_000540,0.889759258706,0.889759258706,0.779518517412,0.779518517412,1.000000000000,1.000000000000,0.889759258706,0.889759258706,0.779518517412,0.779518517412,1.000000000000,1.000000000000
pair_000541,0.889759258706,0.889759258706,0.779518517412,0.779518517412,1.000000000000,1.000000000000,0.889759258706,0.889759258706,0.779518517412,0.779518517412,1.000000000000,1.000000000000
pair_000542,0.869590183210,0.869590183210,1.000000000000,1.000000000000,0.739180366420,0.739180366420,0.869590183210,0.869590183210,1.000000000000,1.000000000000,0.739180366420,0.739180366420
pair_000543,0.925944937487,0.925944937487,1.000000000000,1.000000000000,0.851889874973,0.851889874973,0.925944937487,0.925944937487,1.000000000000,1.000000000000,0.851889874973,0.851889874973
pair_000544,0.876844922308,0.876844922308,1.000000000000,1.000000000000,0.753689844616,0.753689844616,0.876844922308,0.876844922308,1.000000000000,1.000000000000,0.753689844616,0.753689844616
pair_000545,0.881531824505,0.881531824505,1.000000000000,1.000000000000,0.763063649010,0.763063649010,0.881531824505,0.881531824505,1.000000000000,1.000000000000,0.763063649010,0.763063649010
pair_000546,0.874603888394,0.874603888394,1.000000000000,1.000000000000,0.749207776788,0.749207776788,0.874603888394,0.874603888394,1.000000000000,1.000000000000,0.749207776788,0.749207776788
pair_000547,0.882669649580,0.847636629100,0.948400527899,0.899463561319,0.816938771261,0.795809696880,0.902318839360,0.885337793605,0.987698907459,0.974865890330,0.816938771261,0.795809696880
pair_000548,0.907824652833,0.804987670729,0.971600193013,0.836702105042,0.844049112653,0.773273236417,0.910816479761,0.816568512467,0.971600193013,0.836702105042,0.850032766509,0.796434919891
pair_000549,0.965004617665,0.940991205292,0.973619185317,0.938030404256,0.956390050013,0.943952006327,0.965004617665,0.946189004535,0.973619185317,0.945974012605,0.956390050013,0.946403996466
pair_000550,0.986924628861,0.972877683564,0.997454099981,0.982034616630,0.976395157741,0.963720750498,0.985423243898,0.975071174360,0.997454099981,0.983460245014,0.973392387816,0.966682103706
pair_000551,0.990576092690,0.911068369612,0.993097328126,0.925553350870,0.988054857253,0.896583388354,0.992377175720,0.936304958623,0.993097328126,0.935723175437,0.991657023314,0.936886741809
pair_000552,0.985588379008,0.975682419939,0.999166692703,0.979354774566,0.972010065313,0.972010065313,0.985588379008,0.975682419939,0.999166692703,0.979354774566,0.972010065313,0.972010065313
pair_000553,0.947508874208,0.922369249448,0.947211604335,0.912199746628,0.947806144080,0.932538752267,0.945403000077,0.923824230491,0.945144709013,0.912748981394,0.945661291142,0.934899479588
pair_000554,0.971870232563,0.900359668228,0.977709329361,0.924340525981,0.966031135766,0.876378810475,0.968564399681,0.913337351626,0.978742263545,0.941864575529,0.958386535818,0.884810127724
pair_000555,0.988916121682,0.934716073446,0.989957300741,0.933857209923,0.987874942623,0.935574936970,0.991307862888,0.947246676340,0.992982668688,0.946733519507,0.989633057088,0.947759833174
pair_000556,0.996475629181,0.956181962402,0.993008767527,0.912421433969,0.999942490835,0.999942490835,0.996475629181,0.956181962402,0.993008767527,0.912421433969,0.999942490835,0.999942490835
pair_000557,0.994095263901,0.962313521831,0.988862865744,0.933391842920,0.999327662059,0.991235200743,0.993986453393,0.962790558260,0.988664319050,0.934174505273,0.999308587735,0.991406611247
pair_000558,0.970395595615,0.931267391011,0.950557453833,0.892172672216,0.990233737397,0.970362109807,0.970306006538,0.931855657860,0.950264453814,0.893061388765,0.990347559262,0.970649926955
pair_000559,0.930157291565,0.900343428387,0.925929941093,0.874319727368,0.934384642037,0.926367129406,0.930257206651,0.900483529430,0.925929941093,0.874319727368,0.934584472209,0.926647331493
pair_000560,0.987061721349,0.958901183916,0.979062808614,0.937065387372,0.995060634084,0.980736980461,0.987061721349,0.958901183916,0.979062808614,0.937065387372,0.995060634084,0.980736980461
pair_000561,0.986294804784,0.954067891746,0.985107751343,0.938311283713,0.987481858225,0.969824499779,0.986294804784,0.954067891746,0.985107751343,0.938311283713,0.987481858225,0.969824499779
pair_000562,0.986606585009,0.933213914814,0.981423674795,0.888247221487,0.991789495222,0.978180608141,0.986606585009,0.933213914814,0.981423674795,0.888247221487,0.991789495222,0.978180608141
pair_000563,0.985651270277,0.930406551713,0.979113778829,0.883534179556,0.992188761725,0.977278923869,0.985651270277,0.930406551713,0.979113778829,0.883534179556,0.992188761725,0.977278923869
pair_000564,0.985101846088,0.931441095071,0.980544194818,0.889786689873,0.989659497358,0.973095500270,0.982174977141,0.932625162903,0.979969647061,0.892319311892,0.984380307220,0.972931013914
pair_000565,0.987948675747,0.930700345401,0.984827526592,0.884207878077,0.991069824902,0.977192812724,0.987948675747,0.932895008436,0.984827526592,0.888089862622,0.991069824902,0.977700154251
pair_000566,0.989625690945,0.927176347568,0.985441426647,0.877693756804,0.993809955243,0.976658938332,0.989625690945,0.927176347568,0.985441426647,0.877693756804,0.993809955243,0.976658938332
pair_000567,0.989810098783,0.925067721948,0.990579406733,0.925841934213,0.989040790833,0.924293509683,0.989316387756,0.924380203942,0.990028359454,0.925240268729,0.988604416059,0.923520139154
pair_000568,0.980784776240,0.920731215907,0.975451904522,0.875159570502,0.986117647958,0.966302861312,0.980853164988,0.921392937790,0.974954020102,0.875445027591,0.986752309874,0.967340847988
pair_000569,0.984833226710,0.927790264373,0.981958057131,0.884145671834,0.987708396289,0.971434856912,0.984833226710,0.927790264373,0.981958057131,0.884145671834,0.987708396289,0.971434856912
pair_000570,0.984854464726,0.923609679545,0.980377176679,0.877682852542,0.989331752772,0.969536506549,0.984854464726,0.923609679545,0.980377176679,0.877682852542,0.989331752772,0.969536506549
pair_000571,0.964325892692,0.907076800172,0.972733536304,0.886556532487,0.955918249080,0.927597067856,0.975180073672,0.932154302432,0.961130906801,0.888704001543,0.989229240544,0.975604603322
pair_000572,0.987447820226,0.904209207301,0.989005111378,0.889439849174,0.985890529074,0.918978565427,0.987742619909,0.921807462613,0.989321230191,0.892541237260,0.986164009627,0.951073687966
pair_000573,0.974224100384,0.894111686767,0.972607085591,0.867412950051,0.975841115178,0.920810423483,0.974351811184,0.902227221101,0.970878928919,0.873045259919,0.977824693450,0.931409182283
pair_000574,0.992061588688,0.928513424601,0.987290988726,0.893121234297,0.996832188650,0.963905614904,0.990857715106,0.947380141058,0.984416101576,0.918168942107,0.997299328637,0.976591340008
pair_000575,0.973705491215,0.912166830497,0.975354544764,0.920517921065,0.972056437667,0.903815739929,0.971705693863,0.926193138732,0.974293472840,0.923553533060,0.969117914887,0.928832744405
pair_000576,0.991260677639,0.929963852725,0.989808363444,0.903631241529,0.992712991835,0.956296463920,0.986593401423,0.951757782367,0.978368003971,0.937314306376,0.994818798875,0.966201258357
pair_000577,0.996526068839,0.917870354988,0.996234604825,0.920463403398,0.996817532854,0.915277306577,0.996994526132,0.944009702587,0.997074546197,0.942224922681,0.996914506067,0.945794482493
pair_000578,0.980030465133,0.886073011433,0.973797836453,0.870810181291,0.986263093814,0.901335841575,0.979466984076,0.902282871761,0.975119462898,0.889818500396,0.983814505255,0.914747243127
pair_000579,0.987040396199,0.901516594804,0.985275647243,0.884730341398,0.988805145156,0.918302848211,0.979059477599,0.907375066365,0.973594579408,0.887603077785,0.984524375790,0.927147054944
pair_000580,0.982494122429,0.901526712573,0.977359040021,0.881502146455,0.987629204837,0.921551278691,0.973666627514,0.914848535362,0.968817765142,0.888886772799,0.978515489887,0.940810297926
pair_000581,0.997157693831,0.913188087391,0.997333207741,0.902774318506,0.996982179921,0.923601856277,0.995593891510,0.953624669451,0.995513334705,0.952385655003,0.995674448315,0.954863683899
pair_000582,0.919194127061,0.911398229683,0.940703203228,0.925111408473,0.897685050893,0.897685050893,0.919194127061,0.911398229683,0.940703203228,0.925111408473,0.897685050893,0.897685050893
pair_000583,0.994457765963,0.898585879444,0.994704419618,0.890022945382,0.994211112308,0.907148813506,0.993224690929,0.922637515967,0.993405596072,0.918058785351,0.993043785786,0.927216246583
pair_000584,0.982388858462,0.905346203286,0.976805454063,0.869217984186,0.987972262861,0.941474422387,0.967573703716,0.924228448767,0.940520221468,0.873296582469,0.994627185964,0.975160315064
pair_000585,0.976330134297,0.904200610334,0.988654440439,0.881200041442,0.964005828156,0.927201179225,0.971244507064,0.913596991412,0.982794693176,0.899017889812,0.959694320952,0.928176093012
pair_000586,0.988663060211,0.899867779718,0.990725428037,0.886176360840,0.986600692385,0.913559198595,0.983050782457,0.906162393747,0.987861418403,0.889674770928,0.978240146511,0.922650016567
pair_000587,0.951495658204,0.860886441049,0.967487835271,0.857613192939,0.935503481136,0.864159689159,0.950289420894,0.865176301083,0.966525601134,0.860716664442,0.934053240653,0.869635937724
pair_000588,0.854225696620,0.848801232120,0.940981788677,0.930132859676,0.767469604564,0.767469604564,0.854225696620,0.848801232120,0.940981788677,0.930132859676,0.767469604564,0.767469604564
pair_000589,0.966493157801,0.951006656677,0.960259742488,0.935513766274,0.972726573114,0.966499547081,0.966426982945,0.952446924633,0.960094211160,0.935374223536,0.972759754730,0.969519625729
pair_000590,0.999593239280,0.987327170232,0.999699749749,0.984930849472,0.999486728811,0.989723490992,0.999593239280,0.989898024336,0.999699749749,0.988226772488,0.999486728811,0.991569276185
pair_000591,0.971946583385,0.934911021078,0.948420606072,0.894014529711,0.995472560698,0.975807512445,0.971960040317,0.934617608150,0.948403189174,0.894240046902,0.995516891460,0.974995169397
pair_000592,0.999484642538,0.972878644778,0.999093530074,0.956308088876,0.999875755003,0.989449200680,0.999494768717,0.973637889215,0.999117670043,0.957300854245,0.999871867391,0.989974924184
pair_000593,0.920361747109,0.894483553390,0.858684120723,0.828782841963,0.982039373496,0.960184264818,0.920361747109,0.894483553390,0.858684120723,0.828782841963,0.982039373496,0.960184264818
pair_000594,0.910896863060,0.899643843330,0.882934980347,0.866093208050,0.938858745773,0.933194478611,0.910896863060,0.899643843330,0.882934980347,0.866093208050,0.938858745773,0.933194478611
pair_000595,0.940736267938,0.934291564840,0.913811212536,0.902999346156,0.967661323340,0.965583783523,0.940736267938,0.934291564840,0.913811212536,0.902999346156,0.967661323340,0.965583783523
pair_000596,0.941593819683,0.930509155385,0.916799735518,0.900814828765,0.966387903847,0.960203482005,0.941593819683,0.930509155385,0.916799735518,0.900814828765,0.966387903847,0.960203482005
pair_000597,0.995890714796,0.978267398214,0.994570700220,0.975103109466,0.997210729372,0.981431686962,0.995890714796,0.978267398214,0.994570700220,0.975103109466,0.997210729372,0.981431686962
pair_000598,0.998583806113,0.968984823065,0.998011347544,0.947689214993,0.999156264681,0.990280431138,0.998349627053,0.970758469768,0.997563246516,0.950861517948,0.999136007589,0.990655421588
pair_000599,0.841193200367,0.834098048593,0.922767090358,0.914575613346,0.759619310377,0.753620483841,0.841193200367,0.834098048593,0.922767090358,0.914575613346,0.759619310377,0.753620483841
pair_000600,0.928832614784,0.902315337173,0.919135783581,0.878408000880,0.938529445988,0.926222673467,0.928667815066,0.902964641186,0.919135783581,0.878408000880,0.938199846550,0.927521281492
pair_000601,0.968091801163,0.938903586501,0.961915409757,0.924621769716,0.974268192569,0.953185403285,0.967591016269,0.940451003006,0.961555491959,0.925794204424,0.973626540579,0.955107801588
pair_000602,0.975240994741,0.946427223505,0.961123714224,0.921610351550,0.989358275259,0.971244095459,0.975260280895,0.947223272842,0.961123714224,0.921610351550,0.989396847567,0.972836194133
pair_000603,0.951038150996,0.923180557800,0.934127680412,0.898032885140,0.967948621579,0.948328230460,0.952532934086,0.929215300381,0.934127680412,0.898032885140,0.970938187760,0.960397715623
pair_000604,0.953956806576,0.933612516998,0.955226247942,0.922893943196,0.952687365211,0.944331090800,0.953956806576,0.933612516998,0.955226247942,0.922893943196,0.952687365211,0.944331090800
pair_000605,0.955782217327,0.925325669904,0.960686263387,0.918867075273,0.950878171267,0.931784264535,0.952799385990,0.927040906786,0.956909307839,0.919695606534,0.948689464142,0.934386207037
pair_000606,0.926564902887,0.899460552201,0.917590237355,0.871835757516,0.935539568419,0.927085346886,0.926658689978,0.899602974080,0.917590237355,0.871835757516,0.935727142601,0.927370190643
pair_000607,0.932572248008,0.903749039845,0.914928811972,0.872313104924,0.950215684043,0.935184974765,0.932528041964,0.903694183267,0.914928811972,0.872313104924,0.950127271955,0.935075261609
pair_000608,0.976124248193,0.914258467742,0.982693813780,0.941276576165,0.969554682606,0.887240359318,0.974973757745,0.922880660063,0.983342788239,0.942591892934,0.966604727251,0.903169427192
pair_000609,0.981379218730,0.920331266485,0.975298329329,0.874643761602,0.987460108130,0.966018771368,0.981480083926,0.921078107062,0.974897293149,0.875068125285,0.988062874702,0.967088088838
pair_000610,0.985748208942,0.927839213168,0.982668141555,0.884521972957,0.988828276329,0.971156453379,0.985748208942,0.927839213168,0.982668141555,0.884521972957,0.988828276329,0.971156453379
pair_000611,0.985318244489,0.923417213004,0.980327000099,0.877962881561,0.990309488879,0.968871544447,0.985318244489,0.923417213004,0.980327000099,0.877962881561,0.990309488879,0.968871544447
pair_000612,0.967816433661,0.926423873257,0.945683968562,0.883289786411,0.989948898760,0.969557960104,0.967816433661,0.926423873257,0.945683968562,0.883289786411,0.989948898760,0.969557960104
pair_000613,0.994915789900,0.981138345984,0.990414216281,0.972273521110,0.999417363518,0.990003170857,0.994915789900,0.983487990722,0.990414216281,0.975105521393,0.999417363518,0.991870460052
pair_000614,0.924229301577,0.896029565043,0.866478666840,0.832098985384,0.981979936313,0.959960144701,0.924229301577,0.896029565043,0.866478666840,0.832098985384,0.981979936313,0.959960144701
pair_000615,0.997118727520,0.957376243682,0.994297535281,0.914812567606,0.999939919758,0.999939919758,0.997951101760,0.968512275449,0.995962283762,0.937084631140,0.999939919758,0.999939919758
pair_000616,0.979809495761,0.923199417716,0.995453900091,0.916981411553,0.964165091431,0.929417423879,0.997319257820,0.955748261968,0.995453900091,0.916981411553,0.999184615550,0.994515112383
pair_000617,0.987914591916,0.928205027750,0.988172415042,0.929317211497,0.987656768791,0.927092844003,0.987820267519,0.936532473626,0.988303194527,0.938596888314,0.987337340511,0.934468058937
pair_000618,0.991607716572,0.943905388917,0.991557279998,0.942309497932,0.991658153147,0.945501279903,0.990139550310,0.949903734302,0.991256527975,0.948684060991,0.989022572645,0.951123407613
pair_000619,0.971448610733,0.928228154569,0.952013050998,0.885913827614,0.990884170467,0.970542481523,0.971550854668,0.928962216737,0.952280727549,0.887196173265,0.990820981786,0.970728260210
pair_000620,0.944193433589,0.916064928430,0.937717392331,0.898315472150,0.950669474846,0.933814384710,0.943388106312,0.916001870595,0.936796736770,0.898347048648,0.949979475854,0.933656692542
pair_000621,0.872080904997,0.823953545415,0.863801339431,0.821206126050,0.880360470563,0.826700964779,0.860173901788,0.824552565929,0.863341578526,0.821107009735,0.857006225051,0.827998122123
pair_000622,0.980211746591,0.919793142190,0.975228237248,0.877396135077,0.985195255934,0.962190149304,0.977497548781,0.921621228869,0.974195876147,0.880297857975,0.980799221416,0.962944599764
pair_000623,0.983177701742,0.918496820461,0.979741034021,0.870996364945,0.986614369463,0.965997275978,0.983218192560,0.920836552091,0.979197788507,0.874028886348,0.987238596613,0.967644217833
pair_000624,0.986118289352,0.915202142379,0.983588322012,0.866495930248,0.988648256692,0.963908354510,0.986178146771,0.915938636040,0.982946999439,0.866823540684,0.989409294104,0.965053731396
pair_000625,0.982725600823,0.909518507875,0.977855999942,0.870893701961,0.987595201705,0.948143313788,0.976193152283,0.907085478843,0.977628386631,0.871322073212,0.974757917935,0.942848884474
pair_000626,0.984497702777,0.927136018474,0.982175983302,0.886469116601,0.986819422253,0.967802920347,0.981963706433,0.928767116322,0.981845720990,0.889832208960,0.982081691877,0.967702023685
pair_000627,0.983520686207,0.922640979751,0.979157209570,0.880544458712,0.987884162845,0.964737500790,0.980752013133,0.923851372550,0.978815236219,0.882964953151,0.982688790046,0.964737791948
pair_000628,0.901502666155,0.901502666155,0.857377927304,0.857377927304,0.945627405005,0.945627405005,0.901502666155,0.901502666155,0.857377927304,0.857377927304,0.945627405005,0.945627405005
pair_000629,0.881241473154,0.857509380972,0.917092815122,0.892001995995,0.845390131185,0.823016765949,0.881241473154,0.857509380972,0.917092815122,0.892001995995,0.845390131185,0.823016765949
pair_000630,0.903961316492,0.856804320855,0.899907014836,0.853793189892,0.908015618148,0.859815451818,0.903961316492,0.856804320855,0.899907014836,0.853793189892,0.908015618148,0.859815451818
pair_000631,0.899005896804,0.899005896804,0.926469230218,0.926469230218,0.871542563390,0.871542563390,0.899005896804,0.899005896804,0.926469230218,0.926469230218,0.871542563390,0.871542563390
pair_000632,0.872956302440,0.872956302440,0.864102923778,0.864102923778,0.881809681102,0.881809681102,0.872956302440,0.872956302440,0.864102923778,0.864102923778,0.881809681102,0.881809681102
pair_000633,0.926101067880,0.926101067880,0.933400016595,0.933400016595,0.918802119165,0.918802119165,0.926101067880,0.926101067880,0.933400016595,0.933400016595,0.918802119165,0.918802119165
pair_000634,0.896398232871,0.896398232871,0.909722829955,0.909722829955,0.883073635786,0.883073635786,0.896398232871,0.896398232871,0.909722829955,0.909722829955,0.883073635786,0.883073635786
pair_000635,0.921594536524,0.921594536524,0.932228588029,0.932228588029,0.910960485020,0.910960485020,0.921594536524,0.921594536524,0.932228588029,0.932228588029,0.910960485020,0.910960485020
pair_000636,0.967843511106,0.874166417075,0.996629363415,0.898442786384,0.939057658797,0.849890047765,0.998243723648,0.948361275463,0.996580156370,0.900536157383,0.999907290926,0.996186393542
pair_000637,0.985910320949,0.934030165522,0.984607909920,0.919513744589,0.987212731978,0.948546586455,0.980922564033,0.943519171648,0.982249466763,0.924385345990,0.979595661303,0.962652997307
pair_000638,0.983204510067,0.939246936463,0.983149729899,0.930465629038,0.983259290235,0.948028243887,0.985722648969,0.959104015267,0.983503171790,0.945226643270,0.987942126148,0.972981387265
pair_000639,0.980395862753,0.923084578589,0.988844667660,0.918801412837,0.971947057846,0.927367744341,0.973451755746,0.935248657451,0.988009019896,0.927978383208,0.958894491596,0.942518931694
pair_000640,0.986404276680,0.905611934571,0.990133022885,0.885727912605,0.982675530475,0.925495956538,0.981821311552,0.908159730849,0.990133022885,0.885727912605,0.973509600219,0.930591549094
pair_000641,0.900671899256,0.857671902209,0.908269403475,0.863678281978,0.893074395037,0.851665522440,0.904545420914,0.890618884784,0.910671676631,0.896005625017,0.898419165197,0.885232144552
pair_000642,0.944376814227,0.944376814227,0.903824488441,0.903824488441,0.984929140014,0.984929140014,0.944376814227,0.944376814227,0.903824488441,0.903824488441,0.984929140014,0.984929140014
pair_000643,0.934570162121,0.934570162121,0.899699766490,0.899699766490,0.969440557752,0.969440557752,0.934570162121,0.934570162121,0.899699766490,0.899699766490,0.969440557752,0.969440557752
pair_000644,0.946298182490,0.946298182490,0.919904289158,0.919904289158,0.972692075823,0.972692075823,0.946298182490,0.946298182490,0.919904289158,0.919904289158,0.972692075823,0.972692075823
pair_000645,0.969733638229,0.881694645939,0.965949900732,0.872800576335,0.973517375727,0.890588715544,0.938311448567,0.920829639550,0.933824469700,0.919070745247,0.942798427435,0.922588533853
pair_000646,0.959233638848,0.857215911651,0.964841921067,0.849558858580,0.953625356628,0.864872964722,0.941543278541,0.916222867305,0.957047251984,0.937788856225,0.926039305099,0.894656878384
pair_000647,0.908751547703,0.817193069715,0.906686713412,0.814738994249,0.910816381995,0.819647145181,0.872004759371,0.849243960851,0.864325646612,0.839174692814,0.879683872130,0.859313228888
pair_000648,0.864069922150,0.864069922150,0.922240872442,0.922240872442,0.805898971859,0.805898971859,0.864069922150,0.864069922150,0.922240872442,0.922240872442,0.805898971859,0.805898971859
pair_000649,0.940569467728,0.940569467728,0.928792136969,0.928792136969,0.952346798487,0.952346798487,0.940569467728,0.940569467728,0.928792136969,0.928792136969,0.952346798487,0.952346798487
pair_000650,0.887507310996,0.887507310996,0.921184297665,0.921184297665,0.853830324327,0.853830324327,0.887507310996,0.887507310996,0.921184297665,0.921184297665,0.853830324327,0.853830324327
pair_000651,0.925268837711,0.925268837711,0.949430321809,0.949430321809,0.901107353613,0.901107353613,0.925268837711,0.925268837711,0.949430321809,0.949430321809,0.901107353613,0.901107353613
pair_000652,0.889756502313,0.889756502313,0.937934594195,0.937934594195,0.841578410432,0.841578410432,0.889756502313,0.889756502313,0.937934594195,0.937934594195,0.841578410432,0.841578410432
pair_000653,0.891805921663,0.891805921663,0.912733512544,0.912733512544,0.870878330782,0.870878330782,0.891805921663,0.891805921663,0.912733512544,0.912733512544,0.870878330782,0.870878330782
pair_000654,0.971478096309,0.945509374203,0.998289623200,0.947091699085,0.944666569418,0.943927049321,0.971463415804,0.945996715002,0.998188239628,0.947879700937,0.944738591980,0.944113729067
pair_000655,0.934249491595,0.934249491595,0.933102521818,0.933102521818,0.935396461371,0.935396461371,0.934249491595,0.934249491595,0.933102521818,0.933102521818,0.935396461371,0.935396461371
pair_000656,0.806496019405,0.806496019405,0.877536525041,0.877536525041,0.735455513769,0.735455513769,0.806496019405,0.806496019405,0.877536525041,0.877536525041,0.735455513769,0.735455513769
pair_000657,0.976236913927,0.913225889264,0.986974985076,0.947527506174,0.965498842779,0.878924272353,0.977072277559,0.923061796007,0.986974985076,0.947527506174,0.967169570042,0.898596085840
pair_000658,0.974919196817,0.891885554366,0.979430082644,0.917188914134,0.970408310990,0.866582194598,0.974783543561,0.902472765599,0.979430082644,0.917188914134,0.970137004479,0.887756617065
pair_000659,0.980933660770,0.932030328314,0.993952900682,0.969921602073,0.967914420858,0.894139054556,0.981224078115,0.944292691035,0.993952900682,0.969921602073,0.968495255548,0.918663779997
pair_000660,0.922265884262,0.877062685128,0.899513630496,0.855274095901,0.945018138027,0.898851274355,0.922265884262,0.877062685128,0.899513630496,0.855274095901,0.945018138027,0.898851274355
pair_000661,0.943878866342,0.875405932318,0.975721845372,0.893563927714,0.912035887313,0.857247936921,0.967669789028,0.928749447576,0.973087853413,0.895414853403,0.962251724642,0.962084041748
pair_000662,0.989463433404,0.939019642446,0.992527289927,0.932343492627,0.986399576881,0.945695792265,0.980277522776,0.957359304427,0.990154341508,0.945323018154,0.970400704043,0.969395590701
pair_000663,0.955403438516,0.955403438516,0.932459876744,0.932459876744,0.978347000288,0.978347000288,0.955403438516,0.955403438516,0.932459876744,0.932459876744,0.978347000288,0.978347000288
pair_000664,0.973881866433,0.947871352863,0.969441226085,0.938945553514,0.978322506781,0.956797152211,0.973527321420,0.950234416749,0.969441226085,0.938945553514,0.977613416755,0.961523279985
pair_000665,0.875451834517,0.875451834517,0.869132966845,0.869132966845,0.881770702190,0.881770702190,0.875451834517,0.875451834517,0.869132966845,0.869132966845,0.881770702190,0.881770702190
pair_000666,0.907667805101,0.860280791329,0.902328806107,0.865538775570,0.913006804096,0.855022807088,0.907667805101,0.860280791329,0.902328806107,0.865538775570,0.913006804096,0.855022807088
pair_000667,0.870396415328,0.835814746123,0.883268251864,0.838399237993,0.857524578793,0.833230254254,0.870396415328,0.835814746123,0.883268251864,0.838399237993,0.857524578793,0.833230254254
pair_000668,0.897339713515,0.897339713515,0.899200289060,0.899200289060,0.895479137969,0.895479137969,0.897339713515,0.897339713515,0.899200289060,0.899200289060,0.895479137969,0.895479137969
pair_000669,0.799269451333,0.799269451333,0.823102361069,0.823102361069,0.775436541598,0.775436541598,0.799269451333,0.799269451333,0.823102361069,0.823102361069,0.775436541598,0.775436541598
pair_000670,0.884599874020,0.884599874020,0.881596422730,0.881596422730,0.887603325310,0.887603325310,0.884599874020,0.884599874020,0.881596422730,0.881596422730,0.887603325310,0.887603325310
pair_000671,0.876184274495,0.876184274495,0.928106366144,0.928106366144,0.824262182846,0.824262182846,0.876184274495,0.876184274495,0.928106366144,0.928106366144,0.824262182846,0.824262182846
pair_000672,0.860407559430,0.860407559430,0.870496833960,0.870496833960,0.850318284900,0.850318284900,0.860407559430,0.860407559430,0.870496833960,0.870496833960,0.850318284900,0.850318284900
pair_000673,0.907550539515,0.860235345377,0.935044497497,0.887130126833,0.880056581532,0.833340563921,0.907550539515,0.860235345377,0.935044497497,0.887130126833,0.880056581532,0.833340563921
pair_000674,0.900909391963,0.853924479228,0.910860462764,0.864185351629,0.890958321162,0.843663606827,0.900909391963,0.853924479228,0.910860462764,0.864185351629,0.890958321162,0.843663606827
pair_000675,0.900206786185,0.855346541622,0.896489459097,0.845354205551,0.903924113272,0.865338877692,0.871851168819,0.854007073487,0.868165249028,0.837348225245,0.875537088611,0.870665921729
pair_000676,0.904473507756,0.863094046961,0.869002051487,0.829608378225,0.939944964025,0.896579715696,0.917445431333,0.880231396501,0.871279700746,0.836263450016,0.963611161919,0.924199342985
pair_000677,0.907067880281,0.907067880281,0.850722727168,0.850722727168,0.963413033393,0.963413033393,0.907067880281,0.907067880281,0.850722727168,0.850722727168,0.963413033393,0.963413033393
pair_000678,0.884380589647,0.838288997624,0.886185428317,0.850053600597,0.882575750977,0.826524394652,0.884380589647,0.838288997624,0.886185428317,0.850053600597,0.882575750977,0.826524394652
pair_000679,0.873123310438,0.837911369463,0.932495109122,0.885125427378,0.813751511753,0.790697311547,0.873123310438,0.837911369463,0.932495109122,0.885125427378,0.813751511753,0.790697311547
pair_000680,0.966509389074,0.866279261884,0.960741029728,0.839286845478,0.972277748419,0.893271678290,0.966509389074,0.866279261884,0.960741029728,0.839286845478,0.972277748419,0.893271678290
pair_000681,0.944575517812,0.836234575397,0.967167311820,0.838668415698,0.921983723805,0.833800735095,0.944575517812,0.836234575397,0.967167311820,0.838668415698,0.921983723805,0.833800735095
pair_000682,0.868895057475,0.813910723665,0.910575453811,0.852073243879,0.827214661138,0.775748203452,0.868895057475,0.813910723665,0.910575453811,0.852073243879,0.827214661138,0.775748203452
pair_000683,0.912145447742,0.858078766358,0.924365022388,0.857389658043,0.899925873095,0.858767874672,0.926615434565,0.883342719632,0.924365022388,0.857389658043,0.928865846741,0.909295781221
pair_000684,0.917714645401,0.837842982487,0.921114788191,0.845285235896,0.914314502612,0.830400729079,0.927234702560,0.852219518889,0.921114788191,0.845285235896,0.933354616929,0.859153801881
pair_000685,0.974600954196,0.873844818390,0.973751908109,0.864043539213,0.975450000283,0.883646097567,0.960529541399,0.916426333456,0.962231192306,0.916582530069,0.958827890491,0.916270136842
pair_000686,0.965579967382,0.864057660753,0.957035834036,0.843740187734,0.974124100729,0.884375133771,0.961872077345,0.905466199618,0.964837295733,0.910890227338,0.958906858958,0.900042171898
pair_000687,0.878426046726,0.878426046726,0.884427400135,0.884427400135,0.872424693317,0.872424693317,0.878426046726,0.878426046726,0.884427400135,0.884427400135,0.872424693317,0.872424693317
pair_000688,0.911318586099,0.911318586099,0.934178851290,0.934178851290,0.888458320907,0.888458320907,0.911318586099,0.911318586099,0.934178851290,0.934178851290,0.888458320907,0.888458320907
pair_000689,0.910016915533,0.910016915533,0.940410120739,0.940410120739,0.879623710326,0.879623710326,0.910016915533,0.910016915533,0.940410120739,0.940410120739,0.879623710326,0.879623710326
pair_000690,0.888621111626,0.888621111626,0.879915682448,0.879915682448,0.897326540804,0.897326540804,0.888621111626,0.888621111626,0.879915682448,0.879915682448,0.897326540804,0.897326540804
pair_000691,0.976645655939,0.893483845869,0.995641689835,0.902334562934,0.957649622043,0.884633128805,0.946248974185,0.880428578113,0.996041937723,0.908151651348,0.896456010648,0.852705504877
pair_000692,0.992666972202,0.926933475803,0.998723299351,0.921565202852,0.986610645053,0.932301748755,0.987447481125,0.949438401159,0.998825795544,0.930163270622,0.976069166707,0.968713531696
pair_000693,0.978693096602,0.923696623382,0.983564400876,0.903583895328,0.973821792327,0.943809351437,0.980080553306,0.933146933548,0.984083457529,0.902992459929,0.976077649083,0.963301407166
pair_000694,0.989460163664,0.894438816406,0.989725473812,0.899182780597,0.989194853517,0.889694852216,0.983492651005,0.894868919457,0.989312144642,0.904321546095,0.977673157367,0.885416292820
pair_000695,0.901628333487,0.884565098381,0.926317014447,0.905656597453,0.876939652527,0.863473599308,0.901628333487,0.884565098381,0.926317014447,0.905656597453,0.876939652527,0.863473599308
pair_000696,0.884141386548,0.867394091537,0.912668620025,0.892312614497,0.855614153070,0.842475568577,0.884141386548,0.867394091537,0.912668620025,0.892312614497,0.855614153070,0.842475568577
pair_000697,0.910938557828,0.910938557828,0.982281896639,0.982281896639,0.839595219017,0.839595219017,0.910938557828,0.910938557828,0.982281896639,0.982281896639,0.839595219017,0.839595219017
pair_000698,0.864909787367,0.864909787367,0.941918173971,0.941918173971,0.787901400762,0.787901400762,0.864909787367,0.864909787367,0.941918173971,0.941918173971,0.787901400762,0.787901400762
pair_000699,0.894274671183,0.894274671183,0.961856174031,0.961856174031,0.826693168334,0.826693168334,0.894274671183,0.894274671183,0.961856174031,0.961856174031,0.826693168334,0.826693168334
pair_000700,0.853116009848,0.853116009848,0.924489164944,0.924489164944,0.781742854751,0.781742854751,0.853116009848,0.853116009848,0.924489164944,0.924489164944,0.781742854751,0.781742854751
pair_000701,0.910765419518,0.910765419518,0.865423939675,0.865423939675,0.956106899362,0.956106899362,0.910765419518,0.910765419518,0.865423939675,0.865423939675,0.956106899362,0.956106899362
pair_000702,0.967616417684,0.875292819192,0.995822173520,0.901494748288,0.939410661849,0.849090890096,0.983402525141,0.904412082208,0.995645250467,0.901607563429,0.971159799814,0.907216600988
pair_000703,0.945197474569,0.855888788665,0.997298580869,0.911937386652,0.893096368270,0.799840190678,0.950279759031,0.875992264315,0.997063725795,0.917694605882,0.903495792268,0.834289922748
pair_000704,0.829792629917,0.829792629917,0.866308639329,0.866308639329,0.793276620504,0.793276620504,0.829792629917,0.829792629917,0.866308639329,0.866308639329,0.793276620504,0.793276620504
pair_000705,0.905871825365,0.905871825365,0.928152456021,0.928152456021,0.883591194709,0.883591194709,0.905871825365,0.905871825365,0.928152456021,0.928152456021,0.883591194709,0.883591194709
pair_000706,0.846422440165,0.811151843664,0.858071220064,0.826305284652,0.834773660267,0.795998402675,0.846422440165,0.811151843664,0.858071220064,0.826305284652,0.834773660267,0.795998402675
pair_000707,0.916098860408,0.916098860408,0.926025334841,0.926025334841,0.906172385974,0.906172385974,0.916098860408,0.916098860408,0.926025334841,0.926025334841,0.906172385974,0.906172385974
pair_000708,0.896288852024,0.896288852024,0.940528523485,0.940528523485,0.852049180563,0.852049180563,0.896288852024,0.896288852024,0.940528523485,0.940528523485,0.852049180563,0.852049180563
pair_000709,0.933568111083,0.933568111083,0.956135574473,0.956135574473,0.911000647694,0.911000647694,0.933568111083,0.933568111083,0.956135574473,0.956135574473,0.911000647694,0.911000647694
pair_000710,0.889338863079,0.889338863079,0.926304375537,0.926304375537,0.852373350620,0.852373350620,0.889338863079,0.889338863079,0.926304375537,0.926304375537,0.852373350620,0.852373350620
pair_000711,0.980979900883,0.946523105286,0.995089418128,0.924867883826,0.966870383637,0.968178326746,0.984633263917,0.951330938696,0.995062095333,0.925081146526,0.974204432500,0.977580730865
pair_000712,0.946757807128,0.846914876420,0.975819324741,0.855626264182,0.917696289514,0.838203488657,0.946757807128,0.846914876420,0.975819324741,0.855626264182,0.917696289514,0.838203488657
pair_000713,0.988757074115,0.926195436010,0.998337467990,0.924008057078,0.979176680241,0.928382814942,0.960625502881,0.924581750612,0.998593727397,0.944469549180,0.922657278365,0.904693952045
pair_000714,0.901904670142,0.901904670142,0.958665847458,0.958665847458,0.845143492826,0.845143492826,0.901904670142,0.901904670142,0.958665847458,0.958665847458,0.845143492826,0.845143492826
pair_000715,0.904575993731,0.904575993731,0.929496395594,0.929496395594,0.879655591868,0.879655591868,0.904575993731,0.904575993731,0.929496395594,0.929496395594,0.879655591868,0.879655591868
pair_000716,0.891575861111,0.891575861111,0.940846550678,0.940846550678,0.842305171545,0.842305171545,0.891575861111,0.891575861111,0.940846550678,0.940846550678,0.842305171545,0.842305171545
pair_000717,0.938247887659,0.814352790357,0.936667247774,0.806287422584,0.939828527544,0.822418158130,0.938284275719,0.813811559680,0.935267051909,0.806182184454,0.941301499530,0.821440934906
pair_000718,0.954642933588,0.838717292320,0.971718736959,0.846957033857,0.937567130217,0.830477550784,0.954642933588,0.838717292320,0.971718736959,0.846957033857,0.937567130217,0.830477550784
pair_000719,0.925066433652,0.907636934661,0.863789426524,0.840512036288,0.986343440781,0.974761833034,0.924882309220,0.908532314376,0.863789426524,0.841688084864,0.985975191916,0.975376543888
pair_000720,0.986870493895,0.929785375928,0.981311784561,0.879978140877,0.992429203230,0.979592610980,0.987165925276,0.934488989538,0.981922364831,0.888884149835,0.992409485721,0.980093829241
pair_000721,0.987147689444,0.925723675760,0.985951231438,0.880037571791,0.988344147451,0.971409779730,0.987147689444,0.927356921990,0.985951231438,0.882829968338,0.988344147451,0.971883875643
pair_000722,0.987158908337,0.921451032465,0.985200284403,0.874428710714,0.989117532272,0.968473354215,0.987158908337,0.923374575154,0.985200284403,0.877731196341,0.989117532272,0.969017953968
pair_000723,0.999980632972,0.988416704198,0.999961265944,0.981322280975,1.000000000000,0.995511127421,0.999979363456,0.993255955700,0.999961265944,0.986511911399,0.999997460969,1.000000000000
pair_000724,1.000000000000,0.990152618970,1.000000000000,0.987283353092,1.000000000000,0.993021884849,1.000000000000,0.992860744720,1.000000000000,0.990773749584,1.000000000000,0.994947739857
pair_000725,0.919311962672,0.898613942300,0.858417256618,0.834180597744,0.980206668725,0.963047286855,0.914653287686,0.895092120830,0.858417256618,0.834180597744,0.970889318755,0.956003643917
pair_000726,0.933144546714,0.907536638369,0.932779294921,0.893819248385,0.933509798506,0.921254028353,0.932952940456,0.907610206003,0.932779294921,0.893819248385,0.933126585992,0.921401163621
pair_000727,0.988515437786,0.925824370092,0.981535004404,0.873409637419,0.995495871168,0.978239102766,0.988715000117,0.929101078842,0.981940201461,0.879285047094,0.995489798772,0.978917110590
pair_000728,0.941784809819,0.914607480463,0.934659374299,0.899676827484,0.948910245338,0.929538133442,0.941542176321,0.914522998828,0.934659374299,0.899676827484,0.948424978342,0.929369170172
pair_000729,0.989624750346,0.923238131901,0.988295235636,0.875496565378,0.990954265056,0.970979698423,0.989624750346,0.923238131901,0.988295235636,0.875496565378,0.990954265056,0.970979698423
pair_000730,0.985807757457,0.917131412651,0.985488520716,0.881372756991,0.986126994198,0.952890068312,0.979188855740,0.914034221930,0.985488520716,0.881372756991,0.972889190763,0.946695686870
pair_000731,0.989326197714,0.918609432372,0.987364062490,0.870154033280,0.991288332938,0.967064831465,0.989326197714,0.918609432372,0.987364062490,0.870154033280,0.991288332938,0.967064831465
pair_000732,0.959429102249,0.925711092087,0.958761361192,0.921035546145,0.960096843306,0.930386638030,0.960611094088,0.929725006390,0.957096290705,0.922713783314,0.964125897470,0.936736229466
pair_000733,0.984817468654,0.913456498650,0.982357867285,0.875386128548,0.987277070022,0.951526868752,0.978146678045,0.910591458380,0.982357867285,0.875386128548,0.973935488804,0.945796788213
