candidate_uid,platform_vendor_id,cohort_id,cohort_seller_uid,item_uid,source_dataset,source_record_index,source_csv_line_number_end,source_sequence,transaction_id,title,category,description,item_record_sha256,manifest_row_sha256
v8_identity_control_component_closure_171b034ab6e8894a0e922c2e,554111,A,products_data.csv|identity_control|seller_id:554111|cohort:A,products_data.csv|record:1688|sha256:b860b2e9e67ed8d78cdb,products_data.csv,1688,1689,103,37914,反侦查手册教你化险为夷,教程与文档,本教程分2个方面（适用于贩毒和各类案件）  1-直邮取件注意事项（同样适用于国内收货）  2-一旦翻车，Cop审问逻辑，你该如何回答，并帮助你安全脱险，包括以下4小点： 1.出事后你将面临的流程 2.涉及的相关法律 3.口供 4.态度  本文纯手工打制，结合自己多年经验，当初因为自己一次失足，吃了3年公粮，吃一堑长十智，教你如何化险为夷，这篇文章有可能是你人生的转折点，只出售3美金，拍一份自动发货，有什么不懂的可以留言，我每天都在线，帮你们解答，由于本文可复制性，不接受退款，收到货请尽快放币，谢谢！,b860b2e9e67ed8d78cdbdfca556992650ec556984b55480036dc9666478e90e6,58ea2f78b921d35b852741c2d7d500fd1f63f40e4ab37269012b5f4758f6a589
v8_identity_control_component_closure_171b034ab6e8894a0e922c2e,554111,A,products_data.csv|identity_control|seller_id:554111|cohort:A,products_data.csv|record:1940|sha256:56aca7e048f88ac17854,products_data.csv,1940,1941,58,38094,大麻120一个,实体发货商品,欧洲直邮，7-15天左右到达，3天左右提供跟踪单号，收不到货，可重新发货，再次收不到可退款，对于国内客户我们有丰富的包装经验，成功率99.8％，几乎0失误，下单送反侦查手册（直邮取件指南），保证你的万无一失，收到货请尽快放款，方便下次合作。  品种：Pineapple Kush THC;21% CBD;0.16% 7克-1270元 （拍18份） 28克-3800元（拍54份） 56克-6700元（拍95份）   名: 地址： 省份：省，市，区（县） 邮编：区县邮编 国家： 电话：  收到货尽快放币，方便下次合作,56aca7e048f88ac1785443912b57ce950239dbbfb218d4004f1e778f0c654441,59146982585beaf0aab7619c2e455b309f3f592f4860775c4fc42439b902acf8
v8_identity_control_component_closure_171b034ab6e8894a0e922c2e,554111,A,products_data.csv|identity_control|seller_id:554111|cohort:A,products_data.csv|record:1987|sha256:e7a23b64ec48ee800f8c,products_data.csv,1987,1988,105,37577,荷兰进口LSD200ug,实体发货商品,荷兰进口LSD，100%保证正品无苦味，挂号信，无需身份证领取，7天左右出单号，15-30天左右到达（价格很优惠急躁症勿拍）特殊物品发货后不予退款，未收到货可退款或补发，隐身很安全放心收货。  56贴：3900元（拍55份）  112贴：5700元（拍81份）  224贴:9200元（拍130份）  颜色随机，ug和质量都是一样的  名: 地址： 省份：省，市，区（县） 邮编：区县邮编 国家： 电话：,e7a23b64ec48ee800f8c71b78280e92795a0ae2006fb578253f349ba14f4a41b,e626a58ff0ae776bf5ebb9eed10641881e2af8170e951362ce01b7870108c4dd
v8_identity_control_component_closure_171b034ab6e8894a0e922c2e,554111,A,products_data.csv|identity_control|seller_id:554111|cohort:A,products_data.csv|record:2004|sha256:6efd67cd1fff790bc44a,products_data.csv,2004,2005,122,38048,猪肉650一个,实体发货商品,欧洲直邮，7-20天左右到达（平均天数），3天左右提供跟踪单号，收不到货，可重新发货，再次收不到可退款，对于国内客户我们有丰富的包装经验，成功率99.8％，几乎0失误，下单送反侦查手册（直邮取件指南），保证你的万无一失，收到货请尽快放款，方便下次合作。   10克-6500元（拍91份）  92％ 1.甲基由麻黄碱制成。 2.100％气味诱饵（防犬）和检测证明 3.真空密封 4.防X射线 5.所有产品具有最大的隐身性  名: 地址： 省份：省，市，区（县） 邮编：区县邮编 国家： 电话：,6efd67cd1fff790bc44a96877ca620959917c06092b0e275e65ee544032c5ab5,4e02c430b0c43af911131c4f7a08c41ccecfbbd227fd4f656ec5a6609b5b6a6a
v8_identity_control_component_closure_171b034ab6e8894a0e922c2e,554111,B,products_data.csv|identity_control|seller_id:554111|cohort:B,products_data.csv|record:1980|sha256:5223d1dce1886fa1ae1a,products_data.csv,1980,1981,98,39803,LSD国内发货,实体发货商品,荷兰正品实验室出品，240ug，无苦味，国内发货，不发新疆，西藏。  5贴-1300元（拍19份）  10贴-2400元（拍35份）  50贴-10000元（拍146份）  收到货确认无误，请尽快放币，方便下次合作,5223d1dce1886fa1ae1ad390cd5eed0001e06d086a29a5eb3cb4d71611d5db78,99bb7af0125b98c8c15532693899bf221732ecf16cc465dddc9e1031eed2bb65
v8_identity_control_component_closure_171b034ab6e8894a0e922c2e,554111,B,products_data.csv|identity_control|seller_id:554111|cohort:B,products_data.csv|record:1984|sha256:9c40409991d813cc5694,products_data.csv,1984,1985,102,37859,欧洲进口LSD250ug35元贴,实体发货商品,欧洲进口LSD，250ug，100%保证正品无苦味，2左右出单号，7-15天左右到达，未收到货全额退款或补发，下单送直邮取件指南，保证你的万无一失。  50贴：3200元（拍45份） 100贴：5800元（拍82份） 250贴:12500元（拍177份） 500贴：20000元（拍282份） 1000贴：35000元（拍495份）   名: 地址： 省份：省，市，区（县） 邮编：区县邮编 国家： 电话：  收到产品验证无误，请尽快放币，方便下次合作。,9c40409991d813cc56944657c62c4e60118f5fe8cdb1468e9bcd0edd3e766e5c,e685aaa9e342ee4036952763b72536806d04bbb8239d066fc123d9cbbe70bb5a
v8_identity_control_component_closure_171b034ab6e8894a0e922c2e,554111,B,products_data.csv|identity_control|seller_id:554111|cohort:B,products_data.csv|record:2013|sha256:e8546a10a0fe7550ad6d,products_data.csv,2013,2014,131,37977,GHB迷奸水昏迷水,实体发货商品,荷兰直邮，15天左右到达，2天出单号，收不到货可补发，在收不到可退款，本人只做进口货，直邮成功率99.8％几乎0失误，下单送反侦查手册（直邮取件指南），那些所谓的国产货的质量和安全你们考虑考虑吧！  纯度：95％ 100ml-3000元（拍42份）  200ml-4500元（拍63份）  剂量： 1ml-2ml-30分钟左右起效，特别想做爱，延长性爱时间，女生更加妩媚，温柔，3小时左右下来 （有效治疗抑郁症、焦虑、紧张，1-2ml是最幸福的剂量，善于交流，开心）  3ml-6ml-10分钟左右昏迷，时长4小时左右，让你摆弄，醒来什么都不记得，脑子空白  用法：融于水中，饮料等等  名: 地址： 省份：省，市，区（县） 邮编：区县邮编 国家： 电话：  收到货请尽快放币，方便下次合作！,e8546a10a0fe7550ad6d49eaa1882d5618002e8d6ed9badad351d94a75a62439,f9ec88c003f3e9cc6ba2691612b520496a682a96c3f0d13a37ee1bd5a958b4f7
v8_identity_control_component_closure_1737f7aba4fe33f370e116ba,70239,A,products_data.csv|identity_control|seller_id:70239|cohort:A,products_data.csv|record:696|sha256:31598d31782cdce5f9e8,products_data.csv,696,697,201,18128,怎样逃避追查及反侦察资料,技术服务[非教程],1，资料内容如图所示，有需要的可以尝鲜学习了解。  2，常年从事黑产或者不想被条子轻易咬住的老哥建议学习一下，毕竟反侦察意识很重要。  3，拍下自动显示MEGA盘链接，安全保密，翻墙后谷歌浏览器打开下载。,31598d31782cdce5f9e8851637b4cf1eb9027b99d193f6bb5b5ebe0096b47012,04d7d113f9c9040637783fd062b646e368c68d619a4fbb3410009e108b0f296d
v8_identity_control_component_closure_1737f7aba4fe33f370e116ba,70239,A,products_data.csv|identity_control|seller_id:70239|cohort:A,products_data.csv|record:1817|sha256:a1683f64c25e09c33db5,products_data.csv,1817,1818,233,31472,怎样应付中共国安骚扰,教程与文档,"1,本帖教你怎样妥善应付中共国安骚扰？不要以为国安离你很遥远，公安，国安，武警，特警，网警等等分别管控你的不同方面，就算你自己不涉及违法犯罪，你亲属朋友同事如果不幸连累到你，你最好也能从容应对，更何况从事黑产灰产，怎么可能不被国安等盯上，早做防范为好。  2，主要内容； A;国安是干什么的？国安部门的绩效考核主要围绕四部分工作。 B;请你茶的人来自什么部门？ C；谈话目标的特征（也就是你） D;你被谈话前国安掌握了哪些信息？ E;国安能对你造成什么伤害？ F;跟你谈话喝茶时国安会让你做什么？ G；你应付谈话喝茶的注意事项和策略。  3，拍下自动显示MEGA下载链接，安全保密，翻墙后谷歌浏览器打开。没问题请及时结算，谢谢。祝你安全平安！",a1683f64c25e09c33db5cf18294775c9f84dbcdf058f5e890187f71698cffaad,0475fc779b595d0fcf7f1b7d61c67e3c8a9be12fcb10927a1f1cf4ba5c5b049c
v8_identity_control_component_closure_1737f7aba4fe33f370e116ba,70239,A,products_data.csv|identity_control|seller_id:70239|cohort:A,products_data.csv|record:1842|sha256:901fc22fb03538d4765a,products_data.csv,1842,1843,258,38347,刑事犯罪注意事项手冊547条,教程与文档,1，还记得名侦探柯南吗？每一集都会教你一条犯罪知识。当然这里不是柯南，没有那么文艺，就是血淋淋地教你怎么尽量完美地刑事犯罪，比如杀人，抢劫，下毒，偷越边境，毁尸灭迹，迷奸强奸，消灭证据等等关于刑事犯罪几乎一切的注意事项。具体如截图所示。  2，手册总共547条，相信掌握了这些，面对条子就如同如履平地，稳得一比。具体拿来干什么，犯罪，预防侦查，还是好奇尝鲜学习，就是你的事了。  3，拍下自动显示MEGA 链接，安全保密，翻墙状态下谷歌浏览器打开下载即可。得文件也请主动放币，谢谢。,901fc22fb03538d4765abf3f9be5d9e171607bd5ce9dfcac3f227077f2b9f4cc,c5898725ffbc0955e83d7ed00731af21937bc6f8ee6d3a829d1ccc2d2ff8afd9
v8_identity_control_component_closure_1737f7aba4fe33f370e116ba,70239,A,products_data.csv|identity_control|seller_id:70239|cohort:A,products_data.csv|record:1853|sha256:65dae82575b443512d99,products_data.csv,1853,1854,269,37638,中国古代烹饪食谱方法PK可开古代风味儿饭店,教程与文档,1，还没吃惯可乐鸡翅？宫保鸡丁？西餐牛排? 呵呵，食物的本来味道不应该如此单调，就像中草药一样，在我们现在人眼里好像只剩下六味地黄丸一样的壮阳功效了。中华上下五千年，不想尝一尝和珅，乾隆，朱元璋，刘邦········，等等等等古代豪杰官宦的饮食味道？味道先不说肯定神奇，还有壮阳养生的食疗作用。  2，没有疫情之前，街边各种街头加盟小吃，也有火得一塌糊涂的，其实好多配方都是瞎鸡巴弄，都是在卖概念，卖噱头。疫情之后，一下子打回了本来面目，这就需要新概念和卖点了。都在说疫情之后能干点什么呢？呵呵，你不仅可以自己做来吃，也可以开个古代饭店啊！弄好了，弄弄加盟，钱就到手了。再有钱的老哥，可以旁边开家古代客栈，或者上下楼，那就有意思了。  3，废话不多说了，各位老哥自己考虑，总共如图33本，大概150M大小。拍下自动显示MEGA下载链接，安全保密，翻墙后谷歌浏览器打开下载，得货也请主动放币，谢谢。,65dae82575b443512d9930b3e049d30795cc8ce56486da595c7020847b543279,f370d49b59cbb980aa20459572c96e269f2da6bf51406c3d9d530434fd7572d7
v8_identity_control_component_closure_1737f7aba4fe33f370e116ba,70239,B,products_data.csv|identity_control|seller_id:70239|cohort:B,products_data.csv|record:731|sha256:a299f86698c7947ac690,products_data.csv,731,732,236,39004,新型信用卡诈骗技术,技术服务[非教程],1，疫情之后好多行业都面目全非，部分黑产也是的，到处充满了收割与套路，不过俗话说；乱世出英雄。今天就出一个盛世乱世都适合的黑产套路；信用卡诈骗。这个信用卡诈骗可不是你自己的卡不还银行了。其实银行哪有那么好诈骗，除非你盗刷。本质上还是诈骗别人，并且快速抽离，没有痕迹，无惧各城市摄像头，所以各城市各县城都可以做。其实套路并不复杂，但他妈的就是超级好用。俩人就可以操作。一个人做不了，最少俩人。如果你有个靠谱的兄弟，那就可以干了。  2，本技术适合想赚快钱的，起码胆子有，如果是没坑蒙拐骗过的纯小白不建议从事，虽然全程操作并无惊险，而且做过一次你就会爱上这种征服掌控的感觉，但记得适时停手，否则时间久了什么都会湿鞋。  3，技术内容包括；需要几个人，需要什么工具，用品，以及用到什么网络账号啦，诈骗什么类型的人，怎么聊的话术，怎么接人，怎么安排，怎么实施，怎么收款，怎么撤离等等及各种注意事项。  4，即便你不干，也可以学学防止被骗，这社会不是说你有钱会被骗，可怕的是你没钱别人也有办法让你欠钱，东南亚种菠菜不就这样嘛。人啊，多学多看不是坏事，不用舍不得这几美元，你学到了可以避免被骗几千美元，也可以骗别人几万美元，这世界就是这么奇幻和相辅相成。  5，拍下自动显示MEGA链接，安全保密，翻墙状态下谷歌浏览器打开下载即可。得文件也请及时放币，谢谢。,a299f86698c7947ac6900d9f86eafc1e81b970b29b1d24ba31b11191de17f2b7,7ca86317eb3739b19f0715f84dbdedd0b3dc75f2b30aded65e6bcc10cbe1966b
v8_identity_control_component_closure_1737f7aba4fe33f370e116ba,70239,B,products_data.csv|identity_control|seller_id:70239|cohort:B,products_data.csv|record:1654|sha256:fb9184645287b8a7bd69,products_data.csv,1654,1655,60,31473,中港台娱乐圈黑料400多页PDF版,教程与文档,1，这是一个百年不遇的春节，怪就怪中共这个婊子放毒让老哥们只能在家闲到蛋疼，不过也是个不错的事情，让各位得以有时间思考黑产灰产，等疫情稳定，再重炮上路！这期间特奉上一份娱乐圈黑料秘闻，涉及港澳台，老中青，相当真实，由内部人员爆料了大半个娱乐圈明星的各种事情，各种出轨滥交，简直过瘾。  2，看了这些黑料，再看台上的她们是多么的骚贱，果然老话说得好，戏子就是用来操的，然后还得做了婊子立牌坊。  3，杨幂，阿娇，许晴这些个小婊砸，真的爽。总共400多页，PDF文字黑，有彩色小插图。  4，拍下自动显示MEGA链接，翻墙后谷歌浏览器打开即可下载。,fb9184645287b8a7bd69fa9b10b2c92565b47bf50f2df6971c90c60af14c6847,d1bf5d6caf1cb14dbf3111f05da97b5d5661b93166f265e3998b77e899512a04
v8_identity_control_component_closure_1737f7aba4fe33f370e116ba,70239,B,products_data.csv|identity_control|seller_id:70239|cohort:B,products_data.csv|record:1770|sha256:801a68e3eaad11c0268d,products_data.csv,1770,1771,186,38513,中国国家安全局国安培训教材,教程与文档,1，不要以为公安能管一切，公安只是管有关老百姓正常社会生活中鸡毛蒜皮的治安小事和杀人强奸等刑事犯罪。虽然有经侦，维稳等作用，虽然好多职能是与国安，也就是国保重叠的，但也有好多领域是公安没法插手的。随着社会发展，中共政权越来越不稳，国安的作用和出镜率越来越大越来越多。  2，国安的技术也高于公安，像反党，法轮功，做暗网黑产买枪买毒买卖数据，涉外言论，良心犯，律师犯，或者有境外亲人朋友，供职于外资，来往境内外频繁的人，政治犯等等领域，国安的存在与监控是先于和多于公安的，总之一句话，公安管的了的，国安管，公安管不了的，国安也管。像极了明朝的东厂西厂。具体内容如图，自己理解，我是建议相关有需要有悟性有反侦查意识的老哥学习了解，更好保护自身。  3，拍下自动显示MEGA 链接，安全保密，翻墙状态下谷歌浏览器打开即可下载。,801a68e3eaad11c0268d519bce19d00cccf9b1c19284732f06c34cf648ed1812,1002fa679994dcb564fbd31e13e7afdc054f4ea601812dd1b1fc35bc03543416
v8_identity_control_component_closure_1737f7aba4fe33f370e116ba,70239,B,products_data.csv|identity_control|seller_id:70239|cohort:B,products_data.csv|record:1807|sha256:ee289188ccde9e8bf27c,products_data.csv,1807,1808,223,29798,适合爱cao女人的老哥的禽兽套路教程,教程与文档,"1，本贴出售一个关于对女人的既能偷窥又能赚钱，既能啪啪又能日后发小财的套路。没准还能顺便找个炮友，性奴，或者老婆。当然了，对男人也有效，那就只剩赚钱了，除非你是同志。  2，套路分为A,B,C 三个方向。共20步的超详细步骤，投入成本，利润点与利润比，注意事项都有说明。总之整个套路，很完整。  3，世间万物都是相关的，项目也从来不是孤立的，你学会了本项目，可拓展延伸你的黑产逻辑思路。  4，套路最低启动资金约为5000，依据城市不同，成本与利润不同。可立马上手，能接受成本的再买。  5，纯技术性教学资料，概不退款，只卖33份，每省市区平均一份。保证你的经销操作区域权益，呵呵，这个就有点扯淡了，开个玩笑。不过呢，项目独有性才能保证利润性和操作空间性。  6，拍下自动显示MEGA链接，翻墙后谷歌浏览器打开，链接不会打不开，禁止居心不良不认账的没契约精神的人购买，恶心。项目套路下载到你手即交易完成。还请及时结算放币，谢谢！",ee289188ccde9e8bf27cf4815a53e5c523a873d7d3475b6bfc591851b8130b52,ee9b95259894052bf2e638cd946216349d527ce25251abaff9531565d621ad2d
v8_identity_control_component_closure_1e2a651ee5138f044b464a5c,642912,A,products_data.csv|identity_control|seller_id:642912|cohort:A,products_data.csv|record:588|sha256:bad3240df4e64e270040,products_data.csv,588,589,91,43223,催情香水配方起效快成本低女用催情神器购买赠送监控摄像头资源,技术服务[非教程],加密网盘自动发货 购买后自动发送资源链接 文件无加密 购买即可使用！！！  低成本制作 快速出货 诱导做爱 女用催情  女生喝了之后脸上发红，心跳加快，不自觉的特别渴望异性的亲热，下面发痒，双腿会自己摩擦，特别想要，也很听话，叫她做什么也很配合，问隐私也会回答，可用来打探女朋友老婆的秘密，有无出轨等，稍加挑逗今晚她就是你的人。  提示：  1、为了保存期限，必须用深色压瓶 2、建议用铁盒附密码锁收起(千万不要给家人闻到，家人闻到一样会产生反应，除非你要搞乱伦，否则真的不建议……)  购买24小时内放款即赠：100+监控摄像头资源含链接及账号密码在线观看  注意：以下方式理由进行退款的一概不受理，望周知！ 1：这个东西我有了啊，我已经看过了。 2：不想要了，看不懂。 3：提供问题答疑，让我本人教你那是不行的。 4：如果你在暗网买了其他东西可以私信我，我们可以互相交换，让你免费获得此配方  链接如有失效底部留言回复  本人其他作品：  上帝之眼监控摄像头破解日扫几十万可导入外部ip实时打开监控_编号：43137 烟雾弹、汽油弹、燃烧弹、手雷、棉质TNT制作_编号：43221 蒙汗药配方低价出售以及解药赠送强奸迷奸系列视频_编号：43219 网络摄像头入侵赠送FBI国安级匿名tor暗网反追踪系统_编号：43220,bad3240df4e64e270040f2d80d01b1fcddfe2e1424844674301b7f9d6129b91c,7cc9299a015bc2854b20b81b828fe5c5ef7e0fafa2ce3820221e71e4d254e488
v8_identity_control_component_closure_1e2a651ee5138f044b464a5c,642912,A,products_data.csv|identity_control|seller_id:642912|cohort:A,products_data.csv|record:1848|sha256:cc6c8cc10b869ddb7331,products_data.csv,1848,1849,264,43240,3000多万条开房记录姓名电话家庭住址邮箱含开房信息查询工具,教程与文档,加密网盘自动发货 购买后自动发送链接 文件无加密 购买即可使用！！！  在里边姓名，身份证号，电话，家庭住址，电子邮件都能查到  购买即赠：开房信息查询工具  购买24小时内放款再赠：100+监控摄像头资源含链接及账号密码  本人其他作品：  上帝之眼监控摄像头破解日扫几十万可导入外部ip实时打开监控_编号：43137 烟雾弹、汽油弹、燃烧弹、手雷、棉质TNT制作_编号：43221 蒙汗药配方低价出售以及解药赠送强奸迷奸系列视频_编号：43219 网络摄像头入侵赠送FBI国安级匿名tor暗网反追踪系统_编号：43220 全球发货出售各类制式手抢带50发子弹_编号：43237 精钢警用手铐制式独立编号_编号：43239,cc6c8cc10b869ddb733111e53a366c79ceb49a1919a974721f9cc36a811a6759,0c93a45140ea465472fdc24d44dae8d2f72c8a6d810ac189c7bd6784fcfa7682
v8_identity_control_component_closure_1e2a651ee5138f044b464a5c,642912,A,products_data.csv|identity_control|seller_id:642912|cohort:A,products_data.csv|record:1962|sha256:b5cedeea2bae3ad151c4,products_data.csv,1962,1963,80,43239,精钢警用手铐制式独立编号,实体发货商品,警用手铐，带独立编号。一套包含手铐一副，钥匙2枚，手铐收纳套一个。  另有各种警用武器，小到警棍喷雾，大到枪支弹药，全部出自gong，an局，货不多，详情咨询。  先放款后发货 留言回复收件地址   本人其他作品：  上帝之眼监控摄像头破解日扫几十万可导入外部ip实时打开监控_编号：43137 烟雾弹、汽油弹、燃烧弹、手雷、棉质TNT制作_编号：43221 蒙汗药配方低价出售以及解药赠送强奸迷奸系列视频_编号：43219 网络摄像头入侵赠送FBI国安级匿名tor暗网反追踪系统_编号：43220 全球发货出售各类制式手抢带50发子弹_编号：43237,b5cedeea2bae3ad151c45b230c22cf22fd50f2a2a06cee563af48de1017c18ab,14c999a3764fad090d8028181fb0bc85bd4c80332fc228810ff38660c36b15a0
v8_identity_control_component_closure_1e2a651ee5138f044b464a5c,642912,B,products_data.csv|identity_control|seller_id:642912|cohort:B,products_data.csv|record:732|sha256:a7f5041fe9f13323c54f,products_data.csv,732,733,237,43221,烟雾弹汽油弹燃烧弹手雷棉质TNT制作,技术服务[非教程],加密网盘自动发货 购买后自动发送资源链接 文件无加密 购买即可使用！！！  香港暴徒就是使用这种方法制作的燃烧瓶。至于闪光弹和烟雾弹也是很安全的，手榴弹的爆炸强度相当于现代步兵手雷的威力，你可以把配方卖给明网的人或者其他网站，通过这个方法中间商赚差价，如果你是个恐怖分子就当我没说  购买24小时内放款即赠：蒙汗药制作配方以及解药（低成本制作）  注意：以下方式理由进行退款的一概不受理，望周知！ 1：这个东西我有了啊，我已经看过了。 2：不想要了，看不懂。 3：提供问题答疑，让我本人教你那是不行的。 4：如果你在暗网买了其他东西可以私信我，我们可以互相交换，让你免费获得此配方  链接如有失效底部留言回复  本人其他作品：  上帝之眼监控摄像头破解日扫几十万可导入外部ip实时打开监控_编号：43137,a7f5041fe9f13323c54f2682c438f6da3d79e520aa0cd89b59a29b4e4b48b484,d11244c8540fbd74d43cc34bb121773a87769c4593e45324cce22b72b6025a8f
v8_identity_control_component_closure_1e2a651ee5138f044b464a5c,642912,B,products_data.csv|identity_control|seller_id:642912|cohort:B,products_data.csv|record:1237|sha256:10395033da55c306c94d,products_data.csv,1237,1238,143,43137,上帝之眼监控摄像头破解日扫几十万可导入外部ip实时打开监控,虚拟物品,"加密网盘自动发货 购买后自动发送链接 文件无加密 购买即可使用！！！  购买即赠：IP批量扫+路由器终结者+另外三款扫描破解摄像头工具  购买24小时内放款再赠：100+监控摄像头资源含链接及账号密码  1、支持端口修改扫描 2、部分含破解教程 3、内置视频插件 4、含广泛弱密码 5、高速线程扫描  商家一般情况下 每天都会上线 看到就会发送买家监控摄像头资源  注意：以下方式理由进行退款的一概不受理，望周知！ 1：这个东西我有了啊，我已经看过了。 2：不想要了，看不懂。 3：提供问题答疑，让我本人教你那是不行的。  已上传实测效果图 买家不明白可先留言 由于虚拟资源的可复制性, 拍下后概不退货! 赠送资源属于赠送系列不含购买，工具间可配合使用。屌丝投诉到底！  链接如有失效底部留言回复  给纯小白的一个教程：  先添加开始ip 如：58.64.0.0 结束ip：58.64.255.255 不能超过255  扫描线程可设置到500 扫描端口一般为81 文件以含大量弱密码可直接操作",10395033da55c306c94d87dabe77bfc114d98d2c51044de91a2d89a5153f22df,3a78714e10bcf70952eccf0a895046bede8cb22bbaee800ac8e85d67d518942e
v8_identity_control_component_closure_21acf50d0417e33838b15203,603681,A,products_data.csv|identity_control|seller_id:603681|cohort:A,products_data.csv|record:669|sha256:8fddb4491af1c045a1e5,products_data.csv,669,670,173,44106,老司机救急修车陌陌快速寻芳技术,技术服务[非教程],技术解决的痛点：  很多司机在长夜漫漫的晚上突然想找个女生一起激情一下，而现在大多数人时间宝贵，对约炮来说没有太多的精力，很多新手司机也在修车过程中苦于不知该如何下手，怕受骗，怕仙人跳，本方法主攻救急修车，安全快速寻找你当地的修车资源。  本产品的内容：  本方法为一段6分多钟的视频，内容是以陌陌为载体，来演示如何快速找到你当地的修车资源，时间不长，满满的干货。  虚拟产品，售出不以任何理由退货。请谨慎拍下。  拍下自动MEGA网盘发货。,8fddb4491af1c045a1e567ea9b97abeff134c67b4ae9a6a7512ae16e871d244b,57983186c1be6c4dd94ff2931cfc19c8d02230fa4f9e1c6d930bf1982a96ebfb
v8_identity_control_component_closure_21acf50d0417e33838b15203,603681,A,products_data.csv|identity_control|seller_id:603681|cohort:A,products_data.csv|record:1765|sha256:342574da1da798fbcdb3,products_data.csv,1765,1766,181,43335,本站商品交易避坑指南,教程与文档,"本人一直是本站的长期买家，早在2018年就是本站前身暗网交易论坛的用户，买到过各种商品，也踩到过不少坑，碰到过很多雷，其实碰到不靠谱的卖家，并不担心他骗钱，只是怕可能货不对版，或者买了以后卖家长期不发货也没解释或扯皮，有了纠纷，导致长期的占用你的比特币资金而得不到退款，我会把自己买过的商品，以及其编号，交易记录，乃至自己的评价写到指南里，本指南会随着我新买的商品而随时更新，全部是针对本站产品的视频解说，个人观点，仅供参考。 贴出目前我买过的部分商品目录有 卖家569648 交易编号40301 商品名称：韩国N号房市面上最新最全37G由本人收集整理值得收藏 卖家75066 交易编号24800 商品名称：已测试整理好！微商营销神器全套，含电脑和APP版 卖家50374 交易编号43167 商品名称：福利免费社工库机器人 卖家634642交易编号42849商品名称：QQ查绑定手机号短信轰炸强制聊天 卖家644112交易编号43125商品名称：国外工厂直销国内正品香烟 卖家16199 交易编号31219商品名称：最新干货教程：2019最新各种引流吸粉套路玩法 卖家499135交易编号38699商品名称：2020最新视频换脸软件教程自媒体抖音快手自动发货 卖家账号6364交易编号35807商品名称：低价出售NORDVPN 卖家562789交易编号39668商品名称：偷拍设备电子手环 卖家550719交易编号39327商品名称：手机改号平台单价详细教程附工具 卖家70239交易编号29798商品名称：适合爱CAO女人的老哥的禽兽套路教程 卖家548730交易编号37139商品名称：自媒体社群营销全套教程附带社群工具 卖家555333交易编号38270商品名称：微信公众号虚拟项目长期稳定 卖家66960交易编号31719商品名称：新型组织卖淫详细教程（原创首发） 卖家14820交易编号37425商品名称：微利出售各种香烟中华160一条 卖家399483交易编号26581商品名称：一个只花房费睡女大学生的方法  因为是商品解说录制的视频，所以用MEGA网盘发货，本产品不支持各种理由退款，请慎重拍下。产品解说会随着我买的新商品一直更新,价格也会随着视频的增多而增长，所以越早买越合适，请知悉。 另外因为目录不全，如果你有想买的本站商品可以先问问我，我会尽量回复，基本天天登录。",342574da1da798fbcdb3a5539c597453b35e02b5f9ee3bf2b6784709564e335c,69a63ee7d8829908999f87c49b203f3ffcc4abc643224fa81cc066e3fa08fd18
v8_identity_control_component_closure_21acf50d0417e33838b15203,603681,B,products_data.csv|identity_control|seller_id:603681|cohort:B,products_data.csv|record:1712|sha256:6d4c59a66852ece29380,products_data.csv,1712,1713,128,41733,没钱就没性生活屌丝约炮女学生完全手册,教程与文档,大家好 发布这个方法的初衷是我在本站买了一个“只花房费睡女大学生”的技术贴，本来想着都是同行，看看别人是怎么约妞的，结果购买后发现完全是一个哗众取宠的产品，完全没有实际操作的可能性，就是用唱双簧介绍卖淫来吸引大学生，寥寥几百字，介绍的完全没细节，甚至还说先给真钱然后用假币或者练功券去换回来，这报警一抓你一个准，还说去买假身份证开房 ，难道不知道现在宾馆入住全部面部采样拍照，有点非法行为直接就能找到你，现在骗钱都这么低端了吗？  出于气愤，我把自己实操过的约女大学生的具体方法发出来，方案及其具体步骤，会告诉你具体用什么平台，怎么说话术，注意事项等等严格按照具体操作约炮一次的总费用绝对不会超过300人民币，但这种不花钱玩法不适合长期使用，只建议你最多每月用一次即可，因为部分属于骗炮范畴，道德上确实不太好，但国内骗炮是不违法的，姑娘只能自认倒霉，但如果你是土豪前期不介意花点小钱，只想玩学生，这方法绝对可以长期使用，连骗炮都算不上，而且全都是货真价实的女学生。  备注：本方法操作简单，目标只针对在校大学生，使用社交软件，经我实际操作经验总结得出⁬，虚拟物品，经验之谈，售价本来就不高，售出不以任何理由退款，请考虑好了再拍。由于文字过多mega发货,6d4c59a66852ece293807c4f6209e515f65ab60741d37b1e2d03766c79b77a3b,91c2afd6762ce00f0173693c483d9efba963db5ae6576ac2b207a815854071ae
v8_identity_control_component_closure_21acf50d0417e33838b15203,603681,B,products_data.csv|identity_control|seller_id:603681|cohort:B,products_data.csv|record:1727|sha256:69858948c7bcd99b925a,products_data.csv,1727,1728,143,44117,无处藏身最全社会工程学教程,教程与文档,"无处藏身,最全社会工程学教程打包——信息搜索的艺术，找到你想知道的一切，史上最全  社会工程学不是社工库、不是数据、不是黑产。社会工程学的对象是人！  本教程涵盖了市面上大部分的社会工程学培训资料，一共五个多G，除了教程外还有一些社工必备的工具，学会后用途广泛。  我一般只用来泡妞，其他用途你们可以自己发掘。严禁用于非法用途。  内容太多，摘出部分截图以供预览  拍下后MEGA网盘自动发货，虚拟物品，不以任何理由退货，白嫖党勿扰",69858948c7bcd99b925a1b7702786326b3f5f124bab7d5175b2b9d7996470de1,acb41d16efc98a238bcee2307d6d37060d441adbc91a72412be7e97a39cf7511
v8_identity_control_component_closure_31aeb2cdbe0149cfb90fc23b,575467,A,products_data.csv|identity_control|seller_id:575467|cohort:A,products_data.csv|record:593|sha256:63de6959d6e6af3eb3ec,products_data.csv,593,594,96,50166,只花房费睡女大学生,技术服务[非教程],现在女大学生钱都是不够花的，因为攀比，所以才出现了裸贷！只要有女大学生缺钱，想用身体换钱，那么这个方法就有效！ 并且个人做过几次，效果很好！只要你按照方法，一步一步的去操作，肯定可以睡到女大学生！并且只出一个房费！,63de6959d6e6af3eb3ec71af17f16ba3e4a8b89df12477aedb30e3d776ceb72e,b065517b74b631a4d02deaf74365080585f7ce12a0c84ef9dbb2ebf8da55b5d9
v8_identity_control_component_closure_31aeb2cdbe0149cfb90fc23b,575467,A,products_data.csv|identity_control|seller_id:575467|cohort:A,products_data.csv|record:692|sha256:b29095bc411fc1d3fc5a,products_data.csv,692,693,197,49971,五步陷阱猎杀情感操控术VIP视频赠送大卫爱情解密,技术服务[非教程],"五步陷阱-猎杀情感操控术VIP视频 赠送价值$9.9大卫爱情解密  了解PUA的人，想必都聽說過五步陷阱法。五步陷阱法是一門用來操縱女性心理的方法，力量十分強大，堪稱PUA屆的「葵花寶典」。  五步陷阱法的基本邏輯是：通過不斷對目標進行價值摧毀、情感虐待，讓目標不斷加深自責、愧疚，從而進一步加強對目標的控制。  五步陷阱法就是一個無底洞，一旦你掉入進去，就會越掉越深。即使有一天你從洞中爬了出來，也必定早已傷痕累累。  五步陷阱法實現對人情感的控制：  大家所接觸到的五步陷阱法，是一位名叫「死囚漫步」的PUA資深玩家總結出來的。他把五步陷阱分爲好奇陷阱、探索陷阱、著迷陷阱、摧毀陷阱、情感虐待陷阱，其實質就是建立吸引、引導探索、暗示著迷、價值摧毀、情感虐待五個步驟。  1、建立吸引 2、引導探索 3、暗示著迷 4、價值摧毀 5、情感虐待  到了這一步，其實女方已經深陷其中不能自拔。而等待她的，將是無窮無盡的心理摧殘和情感折磨。  北大女生包麗就是陷入了情感虐待中，雖然包麗男友顯然不是一個PUA玩家，但大家一定要知道，即使一個男人不是PUA，也有可能渣男。即使一個男人不是PUA，跟他談戀愛也有可能會步入情感折磨的陷阱中。區別就在於，PUA對你的折磨，是技術性的，他本身不會受到任何影響；而普通渣男對你的折磨，在折磨你的同時，他自己也痛苦著。  跟普通渣男談戀愛，最怕的就是這個男人抓住「處女」、「第一次」這些東西不放。因爲在長期的潛移默化之下，你真的會認爲自己不是「第一次」就是原罪。這就相當於對你進行了價值摧毀，而一旦你自身的價值被摧毀，情感虐待一定是緊隨其後的。  大卫爱情解密全套《他她X5》又名《蜕变X5》核心教程中，你能获得以下技能：  1、懂得什么叫魅力男人，以及如何改造和提升自己的魅力 2、完全洞悉女人的内心，近乎一种无情的看透女人的能力 3、了解付出与被付出的关系，以及如何引诱女人为你付出肉体，甚至是生命 4、彻底掌握“认识女人”到“发生关系”的全部流程（精确到每一个细节） 5、彻底解决害羞内向不懂聊天的尴尬（NLP话题连接技术，让你的谈话源源不断） 6、懂得如何制造浪漫和惊喜，塑造女人想要的""安全感""和""心动感"" 7、迅速拉升你和女人之间的心灵和身体距离，正确的牵手、KISS、以及你想要的“结果” 8、完全掌握长期关系的核心技巧，让女人永远无法离开你 9、懂得什么叫“成年男孩”与“魅力男人”的区别，以及蜕变为魅力男人的必备因素  目前市面上还没有出现任何一套全方位男女交往策略书籍，《他她X5》又名《蜕变X5》全套核心教程，能  让你在最短的时间内用最高效的方法变成一个极具吸引和个性魅力的男人，彻底看清男女交往的本质。你  在教程里所学到的每一个技巧和策略都是被我在实践中反复验证过的，你不可能在任何一个地方找到如此  系统化的教程——我保证  全套《他她X5》又名《蜕变X5》价值  全套《他她X5》又名《蜕变X5》核心教程（总共5本实体教程），是我长达五年的实战精华总结，以及我  旗下另外2名情场老手的全部经验汇总，交往总对象涉及700多个女人，约会次数高达数千次，看过及统计  的资料文献多达数千篇，其中不乏一些西方的珍贵两性资料，囊括进化心理学、NLP神经语言学、男女择  偶演变史等。  本套核心教程价值连城（我没跟你开玩笑），就单单五步梦境的原稿将近$3000USD美金（约2万人民币）  ，同时还消耗了我将近1年的时间改良和3年时间的实践总结。即使按每年1万元的时间成本来计算（还不  算摸索时所花费的其他费用），4年的时间成本将近4万元，加上$3000USD美金，总价值约6万元。（当然  别担心，这并不是我们的最终售价，在后面我会给你一个不可抗拒的价格）。  29.9$不议价 额外赠送包含$9.9大卫爱情解密全套《他她X5》又名《蜕变X5》核心教程。",b29095bc411fc1d3fc5af1ed0db13a3c6038516c506bec40dbbd445758cee7d5,cdbfc926b088fd0fd1f4f0444f955b337d892277625a0e268dba97edf214a3f1
v8_identity_control_component_closure_31aeb2cdbe0149cfb90fc23b,575467,A,products_data.csv|identity_control|seller_id:575467|cohort:A,products_data.csv|record:1800|sha256:19a504eb3c81f2104c65,products_data.csv,1800,1801,216,50167,女人性爱高潮教程,教程与文档,让女性高潮完全可以通过标准化操作实现。此贴旨在帮助广大男性极大提升性爱能力，当然你天赋异禀的话，那么不在此贴讨论范围内。 任何事情其实都可以通过科学系统的标准化训练，达到一个稳定的训练结果，也就是你们最想了解的——女性高潮。其实不管之前网上怎么说什么不是每个女性都能获得高潮，或者说女性潮吹取决于女性自身，亦或是其他类似自我安慰的理由，都是你不愿意去了解改变自己的借口，这些都是可以通过一些简单的训练达到你意想不到的结果。 相信广大男性都听说过pua课程能够帮你极大的提高把妹上床的概率，这个帖子也是一样，不管你本身性能力如何，通过男性女性篇的一些简单讲解和基本方法，任何人都能让女人高潮迭起，最终让很多女人就此离不开你。  最后，如果以上技巧你都不想学习，还有个速成办法，这个动作（一共就2个字）每天你只要做30次，那么可以大大提升你的时间和硬度，完全可以应付大部分女性了。这个健身动作一劳永逸，基本也不需要其他什么技巧，坚持一两周就能见效，付款即赠送此动作。（绝对不要忽视这个动作，不以为然，其实效果比你想象的还要大，坚持就能见效）,19a504eb3c81f2104c652e5a3386a868a59ccf44cb3a13422f5f00924fa094a0,1f6851a4ca1443f49d670eb398ff958c79d950f855b25c8286dbf1b0cedb8d0f
v8_identity_control_component_closure_31aeb2cdbe0149cfb90fc23b,575467,A,products_data.csv|identity_control|seller_id:575467|cohort:A,products_data.csv|record:1818|sha256:4a8cd594647944e4d143,products_data.csv,1818,1819,234,42047,大卫爱情解密全套蜕变X5,教程与文档,"大卫爱情解密全套《他她X5》又名《蜕变X5》核心教程中，你能获得以下技能：  1、懂得什么叫魅力男人，以及如何改造和提升自己的魅力 2、完全洞悉女人的内心，近乎一种无情的看透女人的能力 3、了解付出与被付出的关系，以及如何引诱女人为你付出肉体，甚至是生命 4、彻底掌握“认识女人”到“发生关系”的全部流程（精确到每一个细节） 5、彻底解决害羞内向不懂聊天的尴尬（NLP话题连接技术，让你的谈话源源不断） 6、懂得如何制造浪漫和惊喜，塑造女人想要的""安全感""和""心动感"" 7、迅速拉升你和女人之间的心灵和身体距离，正确的牵手、KISS、以及你想要的“结果” 8、完全掌握长期关系的核心技巧，让女人永远无法离开你 9、懂得什么叫“成年男孩”与“魅力男人”的区别，以及蜕变为魅力男人的必备因素  目前市面上还没有出现任何一套全方位男女交往策略书籍，《他她X5》又名《蜕变X5》全套核心教程，能  让你在最短的时间内用最高效的方法变成一个极具吸引和个性魅力的男人，彻底看清男女交往的本质。你  在教程里所学到的每一个技巧和策略都是被我在实践中反复验证过的，你不可能在任何一个地方找到如此  系统化的教程——我保证  全套《他她X5》又名《蜕变X5》价值  全套《他她X5》又名《蜕变X5》核心教程（总共5本实体教程），是我长达五年的实战精华总结，以及我  旗下另外2名情场老手的全部经验汇总，交往总对象涉及700多个女人，约会次数高达数千次，看过及统计  的资料文献多达数千篇，其中不乏一些西方的珍贵两性资料，囊括进化心理学、NLP神经语言学、男女择  偶演变史等。  本套核心教程价值连城（我没跟你开玩笑），就单单五步梦境的原稿将近$3000USD美金（约2万人民币）  ，同时还消耗了我将近1年的时间改良和3年时间的实践总结。即使按每年1万元的时间成本来计算（还不  算摸索时所花费的其他费用），4年的时间成本将近4万元，加上$3000USD美金，总价值约6万元。（当然  别担心，这并不是我们的最终售价，在后面我会给你一个不可抗拒的价格）。  9.9$不议价,自动发货，因技术具有可复制性，不支持拍下挂起与退款，任何想骗技术的请绕行",4a8cd594647944e4d143efda66b7e8547d7a8c96bc2154c529b9aca5935c64ed,d06899e66cced4e61d9ae4c66b87b542d9378605cd2ffd541e39515c56e1faae
v8_identity_control_component_closure_31aeb2cdbe0149cfb90fc23b,575467,B,products_data.csv|identity_control|seller_id:575467|cohort:B,products_data.csv|record:510|sha256:843e1a71697b7e6ed1fe,products_data.csv,510,511,11,50006,摄像头在线实时观看,技术服务[非教程],自动扫描网络摄像头，点开即看 下单后自动发mega网盘 软件商品具有可复制性，一旦售出拒不退款，介意勿拍,843e1a71697b7e6ed1fe672e24d9efa71832d6c253f51d7c63540625612f24f6,4125cf082c0b8b01c56e7dc3e6c0e24d95f6940f4f3107b0f680aa1d1910c432
v8_identity_control_component_closure_31aeb2cdbe0149cfb90fc23b,575467,B,products_data.csv|identity_control|seller_id:575467|cohort:B,products_data.csv|record:586|sha256:7bab78cb1d8131d79890,products_data.csv,586,587,89,54852,女性密宗性爱按摩,技术服务[非教程],欧美知名私密情感按摩专家Christina和Jaya倾情推出《女性密宗性爱按摩》视频课，购买后可不限次数反复学习观看  人体对触觉的感知是非常敏感的，没有其他感官能够像触摸一样挑起你的情欲。手是人类身体中最神奇的工具，但我们中的(大多数)并不知道如何来使用它们来获得乐趣。  其实触摸有很多不同的类型:轻抚，撩拨，挤压，敲打，轻按与重压，如何运用这些手法技巧探索彼此的身体，相信您学完这堂课将会对彼此的身体更了解。学习密宗性爱按摩将会为您和您的伴侣打开关于性爱极致欢愉的新一-道大门，相信你们都将会体验到前所未有快乐，并在性爱按摩中建立更亲密的联系。  一共500多个视频教学，96–18岁有强烈的G性高潮。,7bab78cb1d8131d79890ac250ad6c1dd990daa50468aca058f7db1c74d44704c,a58673797990647ae61e22ad3f379be396ee03a19dc5deee1184a8c8a0e8f4b2
v8_identity_control_component_closure_31aeb2cdbe0149cfb90fc23b,575467,B,products_data.csv|identity_control|seller_id:575467|cohort:B,products_data.csv|record:1638|sha256:2edceea72639411dbd2b,products_data.csv,1638,1639,39,54853,女性密宗性爱按摩,教程与文档,欧美知名私密情感按摩专家Christina和Jaya倾情推出《女性密宗性爱按摩》视频课，购买后可不限次数反复学习观看  人体对触觉的感知是非常敏感的，没有其他感官能够像触摸一样挑起你的情欲。手是人类身体中最神奇的工具，但我们中的(大多数)并不知道如何来使用它们来获得乐趣。  其实触摸有很多不同的类型:轻抚，撩拨，挤压，敲打，轻按与重压，如何运用这些手法技巧探索彼此的身体，相信您学完这堂课将会对彼此的身体更了解。学习密宗性爱按摩将会为您和您的伴侣打开关于性爱极致欢愉的新一-道大门，相信你们都将会体验到前所未有快乐，并在性爱按摩中建立更亲密的联系。  500多个教学视频。,2edceea72639411dbd2b6b7fbb3520e1208e541817de25887f134b20e9c2a58b,0d8fd9c592c7994f48628b59373f5237330ca3f66c5442f66eafb27fbf518018
v8_identity_control_component_closure_3c68aad793c88520de25432f,551750,A,products_data.csv|identity_control|seller_id:551750|cohort:A,products_data.csv|record:431|sha256:b2a9dddc2153816b8302,products_data.csv,431,432,203,38033,BC行业专用粉指定代加QQ好友,常规服务与操作,★确保客户转化率★ 高活跃粉、成品号出售（需提前预定） 1、筛选出7天以上连续在线的客户进行添加 2、全部活粉，在线率90%以上、回复率40%以上（除非你特别机械的老话术） 3、男性、23岁以上。地区无限制。 4、筛选掉被频繁举报的QQ  另外【承接指定代加QQ好友】 1、需要客户提供带电话号码精准数据。 2、每添加成功一个QQ好友都会备注QQ好友的电话号码或者姓名（与客户所提交的相符，方便客户核实真伪） 3、添加成功的客户收取费用4元/人。（不添加成功不收费、陌生人被删除拉黑的不计费） PS：最低10万条起接。 PS：各行业历史数据10万条大约能加3000人左右。甚至更低。因为要筛选活跃用户  工作原理： 1、QQ号由我们提供，添加成功之后会将QQ号交给客户。 2、我们所使用的是“小果QQ”不需要养号，登录过去即可直接群发消息。 3、QQ号全部都会绑定令牌，我们会将令牌代码发送给客户。在电脑上就能获取令牌口令。 4、QQ号可以解冻，可以改密。可以群发 5、我们是特殊QQ号，每个QQ号 每天可以申请700条以上的数据。 6、普通电脑可以登录100个以上的QQ号。（如无法登录更多QQ号的客户我们会教你）  购买方法：购买成品粉，350粉起步。拍1份 指定数据添加QQ好友 请拍20份（多退少补）,b2a9dddc2153816b8302513ee77aa428cacb00217576fafe623212176df13c30,143077a20b11f4437d1e24682428dccd6c1614364b67bd8f3e9ab101f58a92c7
v8_identity_control_component_closure_3c68aad793c88520de25432f,551750,A,products_data.csv|identity_control|seller_id:551750|cohort:A,products_data.csv|record:433|sha256:f64d41c34d8ef208d529,products_data.csv,433,434,205,37965,远胜短信效果代加QQ好友,常规服务与操作,★童叟无欺★ 代加QQ好友、（适合任何行业/绝对比短信群发效果好。） 1、承接代加QQ好友、每天可以申请50W条数据 2、需要客户提供带电话号码精准数据。 3、每添加成功一个QQ好友都会备注QQ好友的电话号码或者姓名（与客户所提交的相符，方便客户核实真伪） 4、添加成功的客户收取费用5元/人。（不添加成功不收费） PS：根据行业的不同添加成功率2%-10%之间。 PS：如果客户添加人数较多，我们会通知买家补拍。（最低一万条数据起接单） 大约1万条数据最少需要拍1份、多退少补 因为再垃圾的数据最少也能添加成功上百人。  工作原理： 1、QQ号由我们提供，添加成功之后会将QQ号交给客户。 2、我们所使用的是“小果QQ”不需要养号，登录过去即可直接群发消息。 3、QQ号全部都会绑定令牌，我们会将令牌代码发送给客户。在电脑上就能获取令牌口令。 4、QQ号可以解冻，可以改密。可以群发 5、我们是特殊QQ号，每个QQ号 每天可以申请700条以上的数据。 6、普通电脑可以登录100个以上的QQ号。（如无法登录更多QQ号的客户我们会教你） 目前接受纯QQ号数据添加 请拍一份，留言/或者上传数据给我。 量大价格可以协商。  ★确保客户转化率★ ★比短信群发效果好 ★（适用任何行业） 筛选长期不在线用户，筛选被频繁举报的QQ， 筛选绑定了手机号的QQ，筛选3天以上连续在线的客户  收到数据起算时间，5-7天发货。无论多少数据都是如此。,f64d41c34d8ef208d5292b66e5fed1a13b5c23a05fafd2d0a92e5d3905019455,ff69f40bc1a793efe147cfee048c1ca68819689ad85f722f3c9b69b0a8c7dbc8
v8_identity_control_component_closure_3c68aad793c88520de25432f,551750,A,products_data.csv|identity_control|seller_id:551750|cohort:A,products_data.csv|record:434|sha256:1bf593763bc1ca0c328c,products_data.csv,434,435,206,37849,指定代加QQ好友适合任何带电话数据,常规服务与操作,代加QQ好友、（适合任何行业/绝对比短信群发效果好。） 1、承接代加QQ好友、每天可以申请50W条数据 2、需要客户提供带电话号码精准数据。 3、每添加成功一个QQ好友都会备注QQ好友的电话号码或者姓名（与客户所提交的相符，方便客户核实真伪） 4、添加成功的客户收取费用5元/人。（不添加成功不收费） PS：根据行业的不同添加成功率2%-10%之间。 PS：如果客户添加人数较多，我们会通知买家补拍。（最低一万条数据起接单） 大约1万条数据最少需要拍1份、多退少补 因为再垃圾的数据最少也能添加成功上百人。  工作原理： 1、QQ号由我们提供，添加成功之后会将QQ号交给客户。 2、我们所使用的是“小果QQ”不需要养号，登录过去即可直接群发消息。 3、QQ号全部都会绑定令牌，我们会将令牌代码发送给客户。在电脑上就能获取令牌口令。 4、QQ号可以解冻，可以改密。可以群发 5、我们是特殊QQ号，每个QQ号 每天可以申请700条以上的数据。 6、普通电脑可以登录100个以上的QQ号。（如无法登录更多QQ号的客户我们会教你） 目前接受纯QQ号数据添加 请拍一份，留言/或者上传数据给我。 量大价格可以协商。  ★确保客户转化率★ ★比短信群发效果好 ★（适用任何行业） 筛选长期不在线用户，筛选被频繁举报的QQ， 筛选绑定了手机号的QQ，筛选3天以上连续在线的客户  收到数据起算时间，5-7天发货。无论多少数据都是如此。 不能接受勿拍。,1bf593763bc1ca0c328c7ac503c96115012037b6104688221b32eb25aa56c4fd,3bd0c30dd4c78b1e6c859d702000426d212cfedeea7a0eb202bbc157d5046900
v8_identity_control_component_closure_3c68aad793c88520de25432f,551750,A,products_data.csv|identity_control|seller_id:551750|cohort:A,products_data.csv|record:749|sha256:6ef49ae41eaddf59f0ac,products_data.csv,749,750,254,38629,美女边自慰边中文讲解高潮流白浆14分钟,技术服务[非教程],爆草女人没反应的狼友值得收藏。  美女从脱衣开始讲解，如何一步步高潮流出白浆  全程14分钟美女就已经高潮的不行了。  一边自慰一边解说。非常细致的讲解。 撸管，调教女人的好东西。,6ef49ae41eaddf59f0ac63fba23b6898be184e3fcaa17cd005896320f9421c0e,f108a9a6b35872dead9e9e00747cc3faa4d749a19db189975fe7ccb6604eaf2f
v8_identity_control_component_closure_3c68aad793c88520de25432f,551750,B,products_data.csv|identity_control|seller_id:551750|cohort:B,products_data.csv|record:375|sha256:0920f5db2f40ff01fa8e,products_data.csv,375,376,147,38688,优于短信群发电呼代加QQ好友适合任何数据行业,常规服务与操作,代+QQ好友、全网独家 --客户不真实可以不放款--。 价格计算，每添加成功一个客户价格4元。 添加成功率4%-15%根据行业不同 第一步：你提供数据，（只要有电话号码就行） 第二步：我们提供QQ号（QQ号的资料可以根据你的要求修改） 第三步：我们使用你提供的电话号码进行批量添加QQ好友 第三步PS：每添加一个好友都会自动备注客户的电话或者姓名（备注完全真实无误） 第四步：验证之后付款发QQ账号密码（以及QQ密保令牌给你，绑定的手机号码管理软件给你） PS：我们使用的是小果QQ号，无需养号，非常坚挺，登录过去直接可以群发消息。 PS：最低1万条起添加。（BC QP CP行业最低3万条起添加 1万条你测试不出什么效果因为大部分这类行业的数据质量度不怎么好） ★一万条拍10份作为定金★ 拍好之后请将数据上传给我 [size=200绝对客户承诺/size ★我们只筛选连续7天在线客户进行添加，确保活跃度，确保客户的转化率★ ★去除重复，去除空号，去除Q号被多次举报，异常的用户★  ★QQ号用一下死掉了怎么办？★ QQ号不存在秒死、冻结。如有出现异常修改密码即可恢复。 QQ号可以长期使用，尽量帮客户做到零死号，零损失★ 特殊行业我们也能够控制永久冻结率10%以下（此承诺三个月有效，需要额外维护费1000块钱。）  3-5天发货、绝对真实添加 绝对高活跃用户。 QQ号全部可以自由改密、 所有QQ号全部可以拉群 所有QQ号状态正常无任何异常提醒。,0920f5db2f40ff01fa8e063ea6f85d06024c964e7505d6eec593bba1f61ae41b,117d54216ee86bd5f27e6220abfef7d8587a1415adbe94b7ec8d5c7a5522af15
v8_identity_control_component_closure_3c68aad793c88520de25432f,551750,B,products_data.csv|identity_control|seller_id:551750|cohort:B,products_data.csv|record:430|sha256:053b231be67d2cd70c57,products_data.csv,430,431,202,37699,指定代加QQ好友适合任何数据行业,常规服务与操作,代加QQ好友、（适合任何行业/绝对比短信群发效果好。） 1、承接代加QQ好友、每天可以申请50W条数据 2、需要客户提供带电话号码精准数据。 3、每添加成功一个QQ好友都会备注QQ好友的电话号码或者姓名（与客户所提交的相符，方便客户核实真伪） 4、添加成功的客户收取费用5元/人。（不添加成功不收费） PS：根据行业的不同添加成功率5%-25%之间。 PS：如果客户添加人数较多，我们会通知买家补拍。（最低一万条数据起接单） 大约1万条数据最少需要拍3份、多退少补 因为再垃圾的数据一万条也能够加几百人。  ★确保客户转化率★ ★比短信群发效果好 （任何行业）★ ★可以先验证之后再放款★ 筛选掉未绑定手机号的用户 筛选长期不在线用户，筛选被频繁举报的QQ， 筛选绑定了手机号的QQ，筛选7天以上连续在线的客户  工作原理： 1、QQ号由我们提供，添加成功之后会将QQ号交给客户。 2、我们所使用的是“小果QQ”不需要养号，登录过去即可直接群发消息。 3、QQ号全部都会绑定令牌，我们会将令牌代码发送给客户。在电脑上就能获取令牌口令。 4、QQ号可以解冻，可以改密。可以群发 5、我们是特殊QQ号，每个QQ号 每天可以申请700条以上的数据。 6、普通电脑可以登录100个以上的QQ号。（如无法登录更多QQ号的客户我们会教你）  请拍一份，上传数据给我。 量大价格可以协商。  帖子重开。 图片内容已经全部重新编辑 已经全部打码、未涉及任何站点以外的私密内容。请版主审查。,053b231be67d2cd70c57f752b26eb2aa75ed1c7fb6d8eb1c19cd6efa714ae1ae,e6d457f153f8bd41857ad2944bb30d84ec513e1a6a79650a43970b12e0895faa
v8_identity_control_component_closure_3c68aad793c88520de25432f,551750,B,products_data.csv|identity_control|seller_id:551750|cohort:B,products_data.csv|record:435|sha256:75aed3fc25624175bfce,products_data.csv,435,436,207,37547,代加QQ好友适合任何电话数据行业,常规服务与操作,代加QQ好友、（适合任何行业）诚招代理。代理请拍1份留言。 1、承接代加QQ好友、每天可以申请100W条 2、需要客户提供带电话号码精准数据。 3、每添加成功一个QQ好友都会备注QQ好友的电话号码或者姓名（与客户所提交的相符，方便客户核实真伪） 4、添加成功的客户收取费用5元/人。（不添加成功不收费） PS：根据行业的不同添加成功率3%-25%之间。（费用会按照添加成功率进行浮动） PS：如果客户添加人数较多，我们会通知买家补拍。（最低一万条起接单）  工作原理： 1、QQ号由我们提供，添加成功之后会将QQ号交给客户。 2、我们所使用的是“小果QQ”不需要养号，登录过去即可直接群发消息。 3、QQ号全部都会绑定令牌，我们会将令牌代码发送给客户。在电脑上就能获取令牌口令。 4、QQ号可以解冻，可以改密。 5、我们是特殊QQ号，每个QQ号 每天可以申请700条数据。 6、普通电脑可以登录100个以上的QQ号。（如无法登录更多QQ号的客户我们会教你）  请拍一份，留言/或者上传数据给我。 诚信/长期。小本生意。不便之处可以协商。,75aed3fc25624175bfce6dbcdb5beb55f65e4444b7c712fa8705a685559593e4,d074fc5f7ee22dd11e027665990c7ed2b94105846b0c13d4340c2cc2b5503d46
v8_identity_control_component_closure_3dfde0a07d14f765d0dac0a8,424309,A,products_data.csv|identity_control|seller_id:424309|cohort:A,products_data.csv|record:710|sha256:734f2053534f5a5e825b,products_data.csv,710,711,215,29391,三唑仑制作配方,技术服务[非教程],从一个实验室拍摄到的三唑仑（蒙汗药，迷奸一般用它）制作配方，手稿，外加流程图。自己辨识。,734f2053534f5a5e825b2196f64588a3abf380c7b11bd472d36ef4a4f2ede1f1,11b80de8a32dd064d0acfa6c8c7f01766ac143595200cae28e0d12d675467b64
v8_identity_control_component_closure_3dfde0a07d14f765d0dac0a8,424309,A,products_data.csv|identity_control|seller_id:424309|cohort:A,products_data.csv|record:735|sha256:4fab44465f92805e8254,products_data.csv,735,736,240,40400,算力破解RAR压缩软件,技术服务[非教程],市面上破解软件的原理基本是暴力输入，一般的、包括咸鱼上面的卖家提供的服务破解ZIP压缩包时能做到一秒输入万次以上，但是面对RAR，由于加密机制特殊，因此只能输入最多500次一秒。  本款软件真实调动电脑算力来处理。本人亲测，I5-9400CPU ， GTX950显卡，输入次数也能达到万次。强解9位数以下密码时间在几天以内。,4fab44465f92805e8254f3e3bf5e8df6ecde898343290ef525c90ad14353a3bc,18e9bec39b4bebe29d635228bd459de5617eb4328f5d3d67f0465379b1c6fcd2
v8_identity_control_component_closure_3dfde0a07d14f765d0dac0a8,424309,A,products_data.csv|identity_control|seller_id:424309|cohort:A,products_data.csv|record:1763|sha256:c48dbfe78274d30886b3,products_data.csv,1763,1764,179,28591,压缩文件暴力破解软件,教程与文档,一个暴力破解压缩文件的软件，支持穷举、字典、掩码。 本人亲测可用。仅售5美金。 拍下之后自动发货。,c48dbfe78274d30886b3c3e4c6647aa474ed6be2ac5379d451edf2dfe7bce0f3,b9ff05da85f31550e5b33cc47cee8d0bc2f93864d7e6efc07b77ddb018e25d60
v8_identity_control_component_closure_3dfde0a07d14f765d0dac0a8,424309,B,products_data.csv|identity_control|seller_id:424309|cohort:B,products_data.csv|record:635|sha256:2187caadf98401c0a0d2,products_data.csv,635,636,139,40402,在家制作GHB乖乖水,技术服务[非教程],GHB，又叫迷奸水，乖乖水，是一种起效强的精神药物。  本内容提供两个制备路线，所得产物分为固体和液体，自己根据自身情况使用。  所有原料都简单易得。,2187caadf98401c0a0d2a1ebfa4f664c17769d9921527c0b14af87f02cb01f1c,f233dce1e8ab3303dfaa611576a59e45b3764f56209eae0206891702285d44d5
v8_identity_control_component_closure_3dfde0a07d14f765d0dac0a8,424309,B,products_data.csv|identity_control|seller_id:424309|cohort:B,products_data.csv|record:657|sha256:fdb1c2bba91c6e4b6b62,products_data.csv,657,658,161,40401,致幻剂DMT的制作流程,技术服务[非教程],"化学名称：dimethyl benzene-1,4-dicarboxylate 分子式：C10H10O4 分子量：194.184 二甲基色胺属于第一类精神药品，是人工合成的致幻剂。",fdb1c2bba91c6e4b6b6280d123c1d485a5d13a4d00f985a01500605ab8a9da06,5cfa4ac62308bf6b9c87ab415e53a9683adb656475095040b80d440eb04f77e9
v8_identity_control_component_closure_3dfde0a07d14f765d0dac0a8,424309,B,products_data.csv|identity_control|seller_id:424309|cohort:B,products_data.csv|record:757|sha256:52d0b0b679a0d85a6e29,products_data.csv,757,758,262,40403,在家提取可卡因,技术服务[非教程],在家就可以提取可卡因，前提是你必须要自己有种植古柯叶。  不同于安非他命和ketamin是合成药物。  可卡因是从植物中提取的，  所以只要你能弄到古柯叶就可以按此方法提取。,52d0b0b679a0d85a6e2923ce65dc063b3867de4c05da955bf9bee1ae360bd130,36cbe6e825ad8a49e60e35991931fe9a8b8a0ec67cd7186bcc31bd8a79a62c7b
v8_identity_control_component_closure_49cdba70dac9532f1b6e5328,402832,A,products_data.csv|identity_control|seller_id:402832|cohort:A,products_data.csv|record:2035|sha256:9faab8219d91a7a04164,products_data.csv,2035,2036,153,34085,出售四件套支付宝btc交易所pos机等,实体发货商品,实力卡商，中介勿扰，薄利多销，谢绝议价  四件套=2000元/套=20份 四件套+支付宝=2500元/套=25份 四件套+交易所=2700元/套=27份 四件套+pos机=3500元/套=35份 四件套+支付宝+交易所=3000元/套=30份  预留手机号=联通/移动可选可选，国漫加拍一份/ 交易所=火币/okex/coincola/gate/aex/zb可选 质保二月，司法冻结不包解冻。  不能直发境外，请中转提货。,9faab8219d91a7a04164c90645e554c486fdcbd390c5677810e4070a0cd0a912,2557e6ab3f8371f6a48d2d81d37376711fce7446777aa22f468c8156b827e27e
v8_identity_control_component_closure_49cdba70dac9532f1b6e5328,402832,A,products_data.csv|identity_control|seller_id:402832|cohort:A,products_data.csv|record:2038|sha256:522e33624ad66eb8b221,products_data.csv,2038,2039,156,29607,高性价银行四件套交易所实名账户实名认证激活POS机全方位服务,实体发货商品,行业内黑吃黑现象屡见不鲜，便宜货不便宜！为解决各位黑产大佬资金困扰，我们特推出以下四件套套餐以供选择。我们专注于四件套行业，并且决议只赚这一块的良心钱，希望未来能够与各位大佬建立长期永久的合作关系！质量保证，同时谢绝议价！感谢！    1.纯四件套：2000元每套。银行卡，预留电话号码手机卡，网银盾，身份证正反照  2.带微信实名认证账户+四件套：2500每套  3.带支付宝实名认证账户+四件套：2500每套  4.四件套+微信号+支付宝：3000每套  5.四件套+交易所：3000每套。可赠送微信/支付宝账号之一  6.四件套+实名认证激活POS机：5500元每套 含激活费    网银转账每日额度500万。交易所每日提币额度300BTC，交易不限额    以上，保质期3个月，3个月内绝对保证卡主不挂失。  3个月后用完不再用的话客户自行销毁，把卡剪掉。若仍需用，则每月续用费用为以上每项价目的50%  保证一手卡原，可控可靠，资金无忧！！！  我们致力深耕这一产业，希望最大限度满足你的需求！ 下单时留言区说明你需要的项目，按照对应价目拍单。每份15美元=100元。如2000元的，则拍下20份！拍下后留下收获信息，最迟不过第二日下午五点发货。量特大的需要备货期7天，50套以上可派小弟专门送货到你指定地点！    价目已经很清晰了，所以各位大佬可以放心直接拍，谢绝议价！,522e33624ad66eb8b221780fe82b144be5851d7c1f01e10f0f8c46a339584822,bdbf4e3f9a5a1ed6d9e1b5b5b93dfef4d951435d4e131700e375e851ae78db60
v8_identity_control_component_closure_49cdba70dac9532f1b6e5328,402832,B,products_data.csv|identity_control|seller_id:402832|cohort:B,products_data.csv|record:2037|sha256:d9f4ae3c3e23018a5cf4,products_data.csv,2037,2038,155,29279,2000元出售最高质四件套资金无忧安心使用,实体发货商品,行业内黑吃黑现象屡见不鲜，便宜货不便宜！为解决各位黑产大佬资金困扰，我们特推出以下四件套套餐以供选择。我们专注于四件套行业，并且决议只赚这一块的良心钱，希望未来能够与各位大佬建立长期永久的合作关系！质量保证，同时谢绝议价！感谢！    1.纯四件套：2000/set。银行卡，预留电话号码手机卡，网银盾，身份证正反照  2.带微信实名认证账户+四件套：2500每套  3.带支付宝实名认证账户+四件套：2500每套  4.四件套+微信号+支付宝：3000每套  5.四件套+交易所：3000每套。可赠送微信/支付宝账号之一  网银转账每日额度500万。交易所每日提币额度300BTC，交易不限额  以上，保质期3个月，3个月内绝对保证卡主不挂失。  3个月后用完不再用的话客户自行销毁，把卡剪掉。若仍需用，则每月续用费用为以上每项价目的50%  保证一手卡原，可控可靠，资金无忧！！！  我们致力深耕这一产业，希望最大限度满足你的需求！  下单时留言区说明你需要的项目，按照对应价目拍单。每份15美元=100元。如2000元的，则拍下20份！拍下后留下收获信息，最迟不过第二日下午五点发货。量特大的需要备货期7天，50套以上可派小弟专门送货到你指定地点！。  价目已经很清晰了，所以各位大佬可以放心直接拍，不接受议价。非常时期，各项风控成本都很高，利润已经很低了！,d9f4ae3c3e23018a5cf4af181f9aafe3eaab9b8b395ad8c6e2d027267940cddc,c9542eec2b36be063cf53d359633d1298952a079b753948905fc41d42ade5a3b
v8_identity_control_component_closure_49cdba70dac9532f1b6e5328,402832,B,products_data.csv|identity_control|seller_id:402832|cohort:B,products_data.csv|record:2052|sha256:00134108229b99c81f22,products_data.csv,2052,2053,170,28174,1000元四件套出售火币okex交易所高级实名认证账户,实体发货商品,1.普通四件套：1000一套。银行卡，预留电话号码手机卡，网银盾，身份证正反照  2.带微信实名认证账户+四件套：1500一套  3.带支付宝实名认证账户+四件套：1500一套  4.四件套+交易所高级实名认证账户：2000一套  5.四件套+微信/支付宝+交易所：2500一套  网银转账每日额度1000万。交易所每日提币额度300BTC，交易不限额    以上，保质期2个月，2个月内绝对保证卡主不挂失。  2个月后用完不再用的话客户自行销毁，把卡剪掉。若仍需用，则每月续用费用为以上每项价目的50%    保证一手卡原，可控可靠，资金无忧！！！    普通四件套每月1000套的量，带微信/支付宝/交易所账户的，每月100-200左右的量。    我们致力深耕这一产业，希望最大限度满足你的需求！    下单时留言区说明你需要的项目，按照对应价目拍单。每份15美元=100元。如2000元的，则拍下20份！拍下后留下收获信息，最迟不过第二日下午五点发货。量特大的需要备货期7天，50套以上可派小弟专门送货到你指定地点！拍下可见Tg号码。    价目已经很清晰了，所以各位大佬可以放心直接拍，不接受议价。非常时期，各项风控成本都很高，利润已经很低了！,00134108229b99c81f2236ada1ce738ae3bdff63adc744a60ea71218383bbdf5,e1b439f33243b3531803f13163ecab566d36529a160527e2fa8042cc4c0f2ab1
v8_identity_control_component_closure_4fe98b48893d57835943891e,344175,A,products_data.csv|identity_control|seller_id:344175|cohort:A,products_data.csv|record:602|sha256:785610974ac5541351f2,products_data.csv,602,603,105,36795,AI人工换脸技术用处自己开发自动发货,技术服务[非教程],AI人工换脸技术，用处自己开发，自动发货  表网的一些换脸视频用的都是这套技术，包括做的一些明星网红艳照门等等  小白可根据教程也能轻松做出自己想要的，但这不像过人脸只是简单点头摇头等，这是一个换脸视频操作，你可以把它当成过人脸的升级款，但只要你肯花时间研究，我相信它绝对会比任何过人脸的软件做出来的更加完美，当然技术软件只是个工具，真正落实的是在于你们，用处就由你们自己开发，我就不一一讲解了。  整套包含新老版本，以及使用教程，视频教程和图文教程以及需要用到的辅助工具，一应俱全。  同样的，由于低价出售，故不提供售后讲解，因为视频中已经将得很清楚了  另外在购买之前请确保您的电脑性能问题，那种老电脑请谨慎，能跑，但是会慢，建议配置运行内存不要小于4G，处理器至少I3或者更高，当然如果你是电脑高手当我没说   购买前请注意：虚拟资源可复制，一经购买，禁止退款。 tip：以下理由进行退款的一概不接受，望周知 1、这些网站我有啊，我已经看过了 2、不想要，看不懂,785610974ac5541351f21eb6e2eca09e36500bce1423b2e47c7537d6435f0b95,dd5cf50c446c7a92835852429ce4d59264ad58cc606fc076813c28dcef38678c
v8_identity_control_component_closure_4fe98b48893d57835943891e,344175,A,products_data.csv|identity_control|seller_id:344175|cohort:A,products_data.csv|record:632|sha256:297b4100551db9f82b8c,products_data.csv,632,633,136,38364,美国几十所知名大学学生证护照及身份证PSD模板分层和仿制方法,技术服务[非教程],自动发货 绝对干货，重量级  美国几十所知名大学学生证护照及身份证PSD模板分层文件以及它们的仿制方法，里面有字体文件，PSD分层文件等等  用途很多，我就不一一介绍了，PSD源文件，想怎么修改就怎么修改，直接套模板就行了，里面也有介绍教你如何仿制的方法  简单操作，轻松上手，不需要你很会PS，你只需要把需要的照片啥的拉进模板，修改文字，修改大小即可  具体可直接拍  购买前请注意：虚拟资源可复制，一经购买，禁止退款。 tip：以下理由进行退款的一概不接受，望周知 1、这些我有啊，我已经看过了 2、不想要，看不懂,297b4100551db9f82b8ce46103aad5dbd2c7a69b74863d710e5f1ec4347be0a3,f4448141e7c78007706139b41dc6497196f50dca6168aa832249d1c491165b24
v8_identity_control_component_closure_4fe98b48893d57835943891e,344175,A,products_data.csv|identity_control|seller_id:344175|cohort:A,products_data.csv|record:794|sha256:df2931eddb38b635c6dd,products_data.csv,794,795,299,33765,安卓手机模拟器改机破解抹机改定位,技术服务[非教程],安卓手机修改物理位置抹机破解，让你每时每刻拥有“最新手机”，包含修改国内定位，国内短信接码，注册软件等，视频教学，为您掘金之路如虎添翼. 若有需要可私信我提取一份手机撸货教程参考  拍下为自动发货  虚拟产品易复制，不可退,df2931eddb38b635c6dd8184ec988ac7074edd4d25ee27238573b68947087fda,a294f002f753b17cc140f1678738b7854281458cdc09258d09814d6c94e900a7
v8_identity_control_component_closure_4fe98b48893d57835943891e,344175,B,products_data.csv|identity_control|seller_id:344175|cohort:B,products_data.csv|record:1813|sha256:cf8f061b21edf9947a37,products_data.csv,1813,1814,229,36250,黄网教程目前最全面的教程包含源码x钱等等一应俱全拍下自动发货,教程与文档,"黄网教程目前最全面的教程，包含源码洗钱等等一应俱全，拍下自动发货  如果你是小白没有建站基础,一步 一步的按照教程来操作 那就绝对没有问题了 重点1，关于数据采集,采集出来的,有好多都是无效地址的,后台一键删除就OK 重点2，投资小,给大家算下.服务器360+域名60=420 全部搞定  要知道最不缺流量的地方就是黄网、搭建起来后可用来引流、赚钱、或者是做别的项目也许这时可能很多大牛会说了，现在什么阿猫阿狗都来坑钱了。不就是搭建个网站吗 有什么难的但是我这里不同的是教搭建黄站，包括后面还有一些事情要准备：比如说如何避免被网警追查、以及避免网站被墙 还有防止别人对你网站发起攻击、甚至是脱裤的防止、包括一些防止被查的方法、还有就是怎么去收款。 从最基础开始 ：域名的选择和购买 还有就是空间的操作，以及怎么样去配置好源码，这里只提供教的方法，片源和网站的源码我都会给你准备好。    购买前请注意：虚拟资源可复制，一经购买，不可随意退款。 这也是本人目前在操作的项目之一，有想法也可以在站内信互相探讨。  小本买卖，高抬贵手，收货后请尽快放币，谢谢支持",cf8f061b21edf9947a3741ac6c3d05c70373356a15ea5bb539b91f5a7bc182ad,240d587f4bd4cb660b03310aa98ad24f682d6e607752587aee480108dc05fd6a
v8_identity_control_component_closure_4fe98b48893d57835943891e,344175,B,products_data.csv|identity_control|seller_id:344175|cohort:B,products_data.csv|record:1882|sha256:4a955d5ac14110572183,products_data.csv,1882,1883,298,30239,过人脸教程套餐+加过视频教程，自动发货,教程与文档,过人脸教程套餐+加过视频教程，自动发货。 本教程配套齐全，包含了软件+各种眨眼 张嘴 点头 摇头得脚本和制作方法等，按着教程来，一步步，慢慢操作几遍就会熟练掌握。  支持大部分app的活体认证。  由于低价出售，不提供售后讲解。  第二版是一套过视频教程，在过人脸的技术上进行的升级，原先的过人脸只不过点头摇头张嘴等，这套可以进行说话，更加丰富面部表情，更加逼真。  拍下后自动发货。  购买前请注意：虚拟资源可复制，一经购买，禁止退款。 tip：以下理由进行退款的一概不接受，望周知 1、这些网站我有啊，我已经看过了 2、不想要，看不懂  小本买卖，高抬贵手，收货后请尽快放币，谢谢支持,4a955d5ac141105721830fde481617ff7d64b94b35fe37d55be0e494db07ecff,972836a38459c5f5aa0e5cb919d03b20224c5d26fa3c57c6890be6bef1ae9fcc
v8_identity_control_component_closure_69e628a375fb72539451d0d5,14820,A,products_data.csv|identity_control|seller_id:14820|cohort:A,products_data.csv|record:1896|sha256:d42965858b00eb188f87,products_data.csv,1896,1897,12,17684,出售防卫电棍和喷雾,实体发货商品,"心脏病人群不可用，效果：一头牛电三秒会站不住。电棍长的280块 中长250块 中200 短的170 喷雾100一瓶买两瓶送一瓶。交易方式是论坛下单快递邮寄,换算多少美金就下多少份单。有需要可以下单或留言。",d42965858b00eb188f874ac2ef0c3a8b686286eca3f92c1d693587eb0c6070b5,fe8c7d4ef48a99a6fbb37e05792f625634cb09466ba733625941441030643735
v8_identity_control_component_closure_69e628a375fb72539451d0d5,14820,A,products_data.csv|identity_control|seller_id:14820|cohort:A,products_data.csv|record:1897|sha256:47058ec1f1cfcc4db1dc,products_data.csv,1897,1898,13,18241,出售实名常规卡流量卡注册卡131517开头,实体发货商品,实名13，15开头移动联通实名卡，套餐19，24，39月租可选。价格300元 ，单张可发   实名17开头移动联通实名卡，可打接电话，余额20月租3元。价格120元，十张起发    实名17开头0月租注册卡，短信0.1一条，余额0。 可接语音码，不能打电话能接电话收短信，价格十张起发28元一张    流量卡，移动月租分6元3G 9元5G 12元7G和16元10G。联通月租分10元4G 15元6G 20元10G 30元18G和50元35G。电信卡月租分10元10G 19元30G 29元60G 39元100G和49元120G。价格30元一张卡    所有标价为人民币价格下单请拍下相应的单数  所有卡邮费到付    下单后快递送货,47058ec1f1cfcc4db1dc53675ba990201dd3b23b308e1f67549a695a496720e4,29999402128db100dbaa047e809f627445cfa23b3e2accf37f2058481d0ba2ab
v8_identity_control_component_closure_69e628a375fb72539451d0d5,14820,A,products_data.csv|identity_control|seller_id:14820|cohort:A,products_data.csv|record:1937|sha256:1381cf0a76675d0d6325,products_data.csv,1937,1938,55,37662,可代充流量卡300g流量卡200g流量卡和香港电话卡,实体发货商品,69元一月300G 59元一月200G 39元一月100G 可代充，代充费另加15%。 要的话下2单份。充值另算看充多少而定 香港电话卡余额48元，可上网打接电话注册微信绑定微信100元一张下5单份 邮费到付,1381cf0a76675d0d63252d0896ac61014d8acd3b7b8a14395238ce30773ede73,e8567f80d528b42615372f14bd525429d1c381a43e36fde489db7bc5ec12c45d
v8_identity_control_component_closure_69e628a375fb72539451d0d5,14820,A,products_data.csv|identity_control|seller_id:14820|cohort:A,products_data.csv|record:1942|sha256:0eaa0fa4fc33eda3675c,products_data.csv,1942,1943,60,29305,大弓弩,实体发货商品,大黑鹰一代530(数字是人民币价格) 大黑鹰二代720 黑曼巴550 眼镜蛇300 小飞狼一代350 小飞狼二代300 尼罗鄂530 赵式34D600 折叠k180，720 正品黑曼巴c720 以上弓弩带喵剑钢珠 运费40元(另加) 需要的下好单留下地址电话物流发货,0eaa0fa4fc33eda3675c3e3ce39dedede17000e0b108048bb120d82bb47b8e84,d516efa8f1160d926b5abb7295c1685fa5e83da406754039ec6dd162431fa24d
v8_identity_control_component_closure_69e628a375fb72539451d0d5,14820,A,products_data.csv|identity_control|seller_id:14820|cohort:A,products_data.csv|record:2072|sha256:f5ded5a418e0610109d9,products_data.csv,2072,2073,190,19086,出售国际漫游实名手机卡带服务密码实名手机卡,实体发货商品,国际漫游实名13开头手机卡 月租0元 10元 24元 价格320元    带服务密码实名13开头手机卡 月租8元 19元 58元 价格320    实名13开头手机卡 月租8元 19元 24元 价格320    所有标价为人民币价格下单请拍下相应的单数  所有卡邮费到付    下单后快递送货,f5ded5a418e0610109d9b4a56afc2155acceb63d372ae2c5b1b2a465600f39bd,f5158b15394b85d3543ac9eaacd6b6f52fcb083aae442a479c0f700ca5a3ef53
v8_identity_control_component_closure_69e628a375fb72539451d0d5,14820,B,products_data.csv|identity_control|seller_id:14820|cohort:B,products_data.csv|record:1899|sha256:988eb24689a4d2d2f9ec,products_data.csv,1899,1900,15,18567,出售各种香烟中华200一条抽的都说好,实体发货商品,最新价格，因厂家调动价格 本帖也更新一下信息，    硬中华225元，软中华245元，港澳免税软中华220元。    黄芙蓉王150元    木盒九五至尊350元。木盒1916黄鹤楼350元。  木盒和天下450元木盒荷花390元    一条包邮（发湖南加10元邮费）部分省份快递进不去下单前报下地区  下单价格根据实时汇率相应的份数,988eb24689a4d2d2f9ecaa606c7e05d2d3c56b9862cfa39121b85ec24ae41825,60a4e5675fc36704c394305df5d0fce27dcf6da0ab2cff55dbf2cee7b04405b0
v8_identity_control_component_closure_69e628a375fb72539451d0d5,14820,B,products_data.csv|identity_control|seller_id:14820|cohort:B,products_data.csv|record:1935|sha256:7399064cfcba5f783bbf,products_data.csv,1935,1936,53,22411,小弓弩有兴趣的来一个玩玩,实体发货商品,小玩具配置:红外 备用线 钢珠 5支箭 330元  需要的可留言或自行换算下单。留下地址电话快递邮寄,7399064cfcba5f783bbfe8564ff70d3820d0131d9c39b74584afab561cacd991,0a6da07f3d279ef1d75f66502d1396b72fc6f26a6fe711c15314a7ee2fb44f28
v8_identity_control_component_closure_69e628a375fb72539451d0d5,14820,B,products_data.csv|identity_control|seller_id:14820|cohort:B,products_data.csv|record:1950|sha256:c0e19ddda9cdb390ffcf,products_data.csv,1950,1951,68,18565,500G流量卡300G流量卡无限流量手机卡,实体发货商品,"69元包500G  59元套餐包300G  49元包150G的流量卡出售。  500G,300G,150G的卡50元一张      邮费到付 不能收到付的把邮费拍在单里",c0e19ddda9cdb390ffcffaa77b668fb720eff7e02a53c9c1a29e1607f569f382,c0df05b74f99ae5d4469ef4e294c2bc25a7ac60ea57522fea8a95fa60ad26747
v8_identity_control_component_closure_69e628a375fb72539451d0d5,14820,B,products_data.csv|identity_control|seller_id:14820|cohort:B,products_data.csv|record:1968|sha256:523b2bf3ca979c2005c2,products_data.csv,1968,1969,86,23275,神器 喜欢的来一个玩玩,实体发货商品,蝰蛇:32大瞄 渔轮 价格500,523b2bf3ca979c2005c2a8385ca13f691a91b34d6119de1d65461c2b5af95c53,266ee2a9ef38b85f6545b0ca28f0eb012f51ff65e15acd9b3de80b4f90cc8923
v8_identity_control_component_closure_6df4ed5f5ee82e0f74749e8f,525098,A,products_data.csv|identity_control|seller_id:525098|cohort:A,products_data.csv|record:791|sha256:6d745141ac785c516400,products_data.csv,791,792,296,35535,化学药品工艺打包自动发货,技术服务[非教程],1：此贴为教程出售，因为教程有可复制性，一经售出，不以任何借口任何理由退款  2：此教程为图文教程  3： 其中需要的的工具，一般的五金建材店都可以买到  4：保证教程的真实性可用性与可操作性  再次声明：此教程为图文教程，一经售出，概不接受任何理由的退款，有不明白的地方可以通过留言咨询,6d745141ac785c5164009c18b0b267a2e5f338e62fa7c0f6e62431d02beb1268,23221faa0eaaa153c622e5185c3203a77ce2fa0c891a4cb0187ca23272356f62
v8_identity_control_component_closure_6df4ed5f5ee82e0f74749e8f,525098,A,products_data.csv|identity_control|seller_id:525098|cohort:A,products_data.csv|record:1859|sha256:6123b247957692116dc1,products_data.csv,1859,1860,275,35464,钓鱼网站搭建教程,教程与文档,虚拟产品具有复制性，一经购买拒绝退款，已设置自动发货，下载链接就在第一帖里，链接失效私信联系我补链接。,6123b247957692116dc152b868a0411129eb216912bda1b51478ebaf8eccf7e4,89143cd16385cf4fcd26a665056e2065ef384700c9fd84f928ae270e4e24414b
v8_identity_control_component_closure_6df4ed5f5ee82e0f74749e8f,525098,A,products_data.csv|identity_control|seller_id:525098|cohort:A,products_data.csv|record:1894|sha256:c1a69108932dca5d1e86,products_data.csv,1894,1895,10,35866,迷奸药Rohypnol氟硝西泮,实体发货商品,流言： 夜店中存在着危险的迷奸药“Rohypnol 中文名 氯硝西泮”和“Progesterex”，它们可以溶于饮料，服用了“Rohypnol”之后，受害人会无法想起迷奸经过，而“Progesterex”的危害更为可怕，可使女性终生无法怀孕。 真相： 要理清事实，首先要弄明白流言中的两种迷药“Rohypnol”和“Progesterex”究竟是何方神圣。 “Rohypnol”是一种现实存在的药物，其通用名为氟硝西泮，或称氟硝安定。“Rohypnol”是罗氏公司为氟硝西泮取的商品名。氟硝西泮是一种苯二氮卓类的镇静催眠药，与人们熟知的安定（地西泮）为同类药物。相对安定，氟硝西泮的镇静作用更强，出现副作用的几率也较大，在临床上并不常用。 氟硝西泮有强大的镇静催眠作用，确实可以把人“迷倒”。这种药物在水中的溶解性不好，但可以溶解在乙醇中。而且，这种药物溶解后无色无味，使人难以察觉。因此，将其充分溶解在酒精饮料中加害于人是完全可能的。 氟硝西泮一类的镇静催眠药，除了可以催人入眠，还有抗惊厥、抗焦虑、松弛肌肉等多种药理作用，这其中也包括干扰人记忆的作用。镇静催眠药可以干扰新的记忆的产生，使人无法记住服药后一段时间内发生的事情，这种作用被称为“顺应性遗忘”。包括氟硝西泮在内的同类药物或多或少都有这样的作用。有的时候，这样的作用是有益的，我们可以利用这种遗忘作用减少术中知晓的发生（所谓术中知晓，是指全身麻醉进行手术的病人在手术过程中出现有意识的状态，并在手术后能回忆起手术中发生的事件。由于肌松药的作用，在手术中醒来的病人虽然意识清醒，但无法控制自己的身体，这样一种状态常使人感到严重的恐惧，可留下精神创伤，因此需要尽力避免）；不过更多的时候，“顺应性遗忘”都是作为药物的副作用出现的。 因此，流言中关于“Rohypnol”的描述是有道理的，这种药物确实可以使人忘记服药后发生的事情。在现实中，也确实存在将镇静催眠药用作迷奸药的现象，这一点值得我们警惕。 “Progesterex”，虚构的药品 流言中的另一种迷药“Progesterex”则是一种虚构的药物。在有关迷奸药的流言中，“Progesterex”被描述为“黄体激素，本来是一种避孕药丸”。而事实上，并没有这样一种药物，用“Progesterex”作为关键词检索也无法获得迷奸药流言以外的有效信息。 根据“Progesterex”这个名字以及流言中的描述猜测，编造这种药物的人所指的可能是孕激素制剂（孕激素可由黄体分泌，可作为避孕药成分，且孕激素一词“progestins”与这种“迷奸药”的名称类似）。不过，虽然有轻微的镇静作用，但孕激素并不足以把人迷倒，也没有催情作用。而且，服用较高剂量的孕激素制剂虽然可以避孕，却不会破坏女性的生殖功能，停药体内激素水平恢复后即可恢复生育能力。 关于“Progesterex”的流言，自1999年起就以电子邮件的形式在网上流传，流传期间衍生出若干版本，但核心内容大致相同，都称该药物本来用作马匹绝育（在中文版本中的描述为“消毒马匹”，疑为翻译错误），任何妇女一旦接触了这种药物将导致终生不孕。虽然没有依据，但仍有很多人信以为真，流言被翻译成多种语言，通过电子邮件、社交网站广为流传。甚至有一位英国下议院议员也对此深信不疑，并在议会上提出了针对“Progesterex”的问题。而事实上，无论是人药还是兽药的名单上，从来没有“Progesterex”这个名字。 结论：流言部分属实。 “Rohypnol”氟硝西泮确实具有成为“迷奸药”的潜质，使人无法回忆起服药后发生的事情也确有可能，对此应予以警惕。但会使受害女性终生无法怀孕的迷药“Progesterex”是不存在的。为了保护自己，建议大家尽量不要去那些可能不太安全的场所，不要接受陌生人给的食物和饮料，与不太熟悉的人一同吃饭时别让自己的餐具离开视线。   【赠送1对1服务】：收到货3天内放款的客户，我们将提供远程一对一专业医师指导服务，及更多获得管制药物或器材的方式，除了不见面，药效和服务保证 注： 1，保证品质，因难度和风险极高，故不议价，拍下后及时告知收货地址，一周左右可收到货  2，本店不售毒品！不定期更新药品种类  3，怀疑售假与怀疑超市商品一样，不购买怎么猜测也没用，我们提供测试方法，长期扎根本市场，要玩诈骗早会被封号，加上平台对买家保护力度很大，所以不需问此类问题  4，如有药物检测，批量采购，其他管制药物，线下人员服务，等等其他需求，详谈  拍下留地址 联系方式 每天在线 尽快安排发货（疫情影响）,c1a69108932dca5d1e86c9aae602aa99bd54fc67ccb7ff0282b62636ce7790a5,a5b0748f100c630ab4d620e004c5f573f04a65317ddda8acc9d715f9d09dce48
v8_identity_control_component_closure_6df4ed5f5ee82e0f74749e8f,525098,B,products_data.csv|identity_control|seller_id:525098|cohort:B,products_data.csv|record:444|sha256:f76d6ce0a30aa4402043,products_data.csv,444,445,216,36195,DDOS服务器网站攻击DDOS平台搭建流量出租价格优惠,常规服务与操作,"接DDOS服务器,网站攻击,DDOS平台搭建,流量出售,价格优惠设置1美金只是为了方便,拍前一定要联系!一定要联系沟通好价格!  服务器价格： 100G防御 55美元一小时 包天200美元 200G防御 85美元一小时 包天335美元 300G防御 115美元一小时 包天490美元  网站攻击的需事先留言  出租DDOS攻击流量150-300G国内量,一个月1400刀  搭建DDOS攻击平台(可以出售盈利),包售后包维护!初始70G攻击流量,如果需要叠加的详谈!一个月700刀  CC(网站攻击)搭建,一个月700刀,中小型网站百分百干死!  非诚勿扰,拍前请留言咨询",f76d6ce0a30aa440204367206cc6c305e94e89c3d3514298c7c1d0fe7db4ecd1,463e9b06dc87a30d32380721231b2603dc65e059aedb2d1f2b10953dcaa2264e
v8_identity_control_component_closure_6df4ed5f5ee82e0f74749e8f,525098,B,products_data.csv|identity_control|seller_id:525098|cohort:B,products_data.csv|record:2031|sha256:13431cac1dd4e038d8f0,products_data.csv,2031,2032,149,35548,疫情专卖海外处方药,实体发货商品,您好 欢迎订阅 我们是一家专业提供阿片类止疼药、减肥、ADHD、安眠、焦虑、性药等产品的服务机构。我们不仅提供免费咨询还支持中国现货或海外直邮，这些均通过美国FDA批准，由业内上市制药企业生产出品。在这里您可以安全放心购买需要的产品，我们将安排隐私发货。 平台交易. 支持擔保. 支持代发   产品名：利他林 规格：10毫克*30粒/盒 产地：瑞士 价格：900元/盒  ———————— 产品名：依替唑仑 规格：1毫克*100粒 产地：印度 价格：1200元  产品名：劳拉西泮 规格：2.5毫克*30粒 产地：欧洲 价格：750元  产品名：地西泮 规格：10毫克*30粒 产地：欧洲 价格：750元  产品名：阿普唑仑 规格：1毫克*30粒 产地：欧洲 价格：750元  产品名：氯硝西泮 规格：2毫克*30粒 产地：欧洲 价格：750元  ——————  通用名称：洛匹那韦/利托那韦口 英文名称：Lopinavir/Ritonavir 商品名称：克力芝 成份: 洛匹那韦200mg，利托那韦50mg。 规格：一瓶120粒 价格：中国发货顺丰包邮 1600元一瓶。 印度发货1280元一瓶、运费180元。 用法用量：每日两次、每次两粒  command1-抗艾滋病 武汉肺炎 洛匹那韦 Description-对于武汉肺炎，新型冠状病毒的新闻可以自行搜索新闻 药品名称: 通用名称：洛匹那韦/利托那韦口服液体 英文名称：Lopinavir/Ritonavir Oral Solution 商品名称：克力芝 成份: 本品为复方制剂，其组份为：每毫升口服液含洛匹那韦200mg，利托那韦50mg。 适应症: 本品适用于与其它抗反转录病毒药物联合用药，治疗人类免疫缺陷病毒（HIV）感染。 适应症: 本品适用于与其它抗反转录病毒药物联合用药，治疗人类免疫缺陷病毒（HIV）感染。 用法用量: 一日两次、一次两粒 不良反应: 成年患者 治疗中出现的不良事件 本品曾作为联合用药在Ⅰ/Ⅱ期和Ⅲ期临床试验的891例患者中进行过研究。与本品治疗相关的最常见的不良事件是腹泻，通常为轻至中度。研究863中本品组和奈非那韦组因不良事件而... 禁忌: 本品禁用于已知对其任何成份过敏的患者，包括利托那韦。 本品不能与那些高度依赖CYP3A清除和可升高其血药浓度而引起严重和/或致命事件相关的药物合用。这些药物列在表8中。  相关新闻 https://kknews.cc/zh-hk/health/63yj3bp.html  http://drugs.dxy.cn/drug/58394.htm  http://heart.dxy.cn/article/676533  https://zhuanlan.zhihu.com/p/103633500  https://www.jiqizhixin.com/articles/2020-02-03-5,13431cac1dd4e038d8f0db47c46bf28c20b56af5ca1e936acd510dc209694c49,cb4e08098f7d324a24077323ca079482ff6f76e1d2b303b44f9aaf2e4b7494d0
v8_identity_control_component_closure_6df4ed5f5ee82e0f74749e8f,525098,B,products_data.csv|identity_control|seller_id:525098|cohort:B,products_data.csv|record:2034|sha256:f5dabc202febda421fda,products_data.csv,2034,2035,152,36064,芬特明特效减肥药,实体发货商品,芬特明（啉基 - 叔第三纪丁基一矿），根据品牌销售Ionamin除其他外，与饮食和运动治疗一起使用的药物肥胖。最多可以口服数周。几周后，不再产生有益效果。也可作为芬特明/托吡酯的组合。  一个疗程三个月90粒 2700元 点击购买 发货地：欧洲、中国 常见的副作用包括心跳加快，高血压，睡眠困难，头晕和躁动。严重的副作用可能包括肺动脉高压，心脏瓣膜病和滥用。不建议在怀孕或哺乳期间使用。不建议与SSRIs或MAO抑制剂一起使用。由于是中枢神经系统兴奋剂，它可以作为食欲抑制剂。化学上，芬特明是一种取代的苯丙胺。  您服用芬特明的减肥速度有多快？  用芬特明的预期平均体重减轻为初始体重的 5％。但是，在12周内，它可能高达10％。这相当于200磅（90.7千克）人的体重减轻了10-20磅（4.5-9千克）  如果您梦想着变得苗条健康，那么您可能已经听说过Adipex 75，这是一种流行且可靠的基于苯丁胺的药物。  该药物通过影响负责饱腹感的大脑受体来促进体重减轻。 【赠送1对1服务】：收到货3天内放款的客户，我们将提供远程一对一专业医师指导服务，及更多获得管制药物或器材的方式，除了不见面，药效和服务保证 注： 1，保证品质，因难度和风险极高，故不议价，拍下后及时告知收货地址，一周左右可收到货  2，本店不售毒品！不定期更新药品种类  3，怀疑售假与怀疑超市商品一样，不购买怎么猜测也没用，我们提供测试方法，长期扎根本市场，要玩诈骗早会被封号，加上平台对买家保护力度很大，所以不需问此类问题  4，如有药物检测，批量采购，其他管制药物，线下人员服务，等等其他需求，详谈  拍下留地址 联系方式 每天在线 尽快安排发货（疫情影响）     使用Adipex 75，您可以调整食物的摄取频率，而不会在一整天感到饥饿。  使用Adipex 75，您可以调整食物的摄取频率，而不会在一整天感到饥饿。  使用Adipex 75的主要目的是帮助人们减轻体重：,f5dabc202febda421fdafca4b4384fb08496fe50b833bb7ac3477ddbcea720ec,77247061ed04be4c2e8f50cdb3a6c8353211cda016b5f8128ca9b529f0772cd8
v8_identity_control_component_closure_6e9b49df96b1626e4d93505e,75066,A,products_data.csv|identity_control|seller_id:75066|cohort:A,products_data.csv|record:1692|sha256:5c5c63c62b4aafea4762,products_data.csv,1692,1693,107,22021,价值五六千元的内部全套深度催眠培训课程 初级高级瞬间暴力催眠,教程与文档,价值五六千元的内部全套深度催眠培训课程 初级高级瞬间暴力催眠  基础理论初级催眠 11篇 手把手教实战 9篇 自我催眠 3篇 实例 5级催眠负性幻觉 手指变成手枪 实例 5级催眠负性幻觉 将人变成悟空 实例 6级催眠记忆回溯前世今生 催眠中级理论 2篇 催眠治疗讲解 4篇 催眠高级理论 6篇 高级实战催眠 2篇 瞬间催眠与心锚建立（精华中的精华） 6篇 瞬间催眠（包含NLP） 5篇 瞬间催眠之暴力催眠 3篇 催眠 元辰宫方案 大陆学员勿用 文件1份  全套教程20.94G 隐讳教学资料，不宜传播 付款后不接任何理由退款！ 慎学、慎用,5c5c63c62b4aafea4762361ab513a86b56a07f1f65fde89abe9e925fb30b6770,6fe3223c499b5b64081b615e431e6c29f4ce72956aba708657ea2ca67b40260f
v8_identity_control_component_closure_6e9b49df96b1626e4d93505e,75066,A,products_data.csv|identity_control|seller_id:75066|cohort:A,products_data.csv|record:1730|sha256:b8037a6c5450e01f64a7,products_data.csv,1730,1731,146,24813,企业经营全套执照证件PS模板（营业执照、组织机构代码证、税务登记证、安全生产许可证、开户许可证、企业法人营业执照）,教程与文档,企业经营全套执照证件PS模板，可随意编辑填写  新版营业执照 正（副）本、 组织机构代码证、 税务登记证 正（副）本、 安全生产许可证 正（副）本、 开户许可证、 企业法人营业执照 正（副）本、 电子印章  全套文件为PS模板，打包1.06G，用途自己开发，购买者如作非法用途，自行承担法律风险和后果！ 请看清楚，需要再购买，虚拟产品，售后不退，慎拍！！！谢谢,b8037a6c5450e01f64a729a43bc4cbf6e0e5e622f84edba4db526c76987494cf,17ba721b57f7a02b8d73dfc12b5c72e8c3f5b97b2f4063fc6b77b9bbaeedc732
v8_identity_control_component_closure_6e9b49df96b1626e4d93505e,75066,A,products_data.csv|identity_control|seller_id:75066|cohort:A,products_data.csv|record:1895|sha256:9215f17d3ae7ae6a7ad0,products_data.csv,1895,1896,11,53557,仿女士口红设计自卫防身喷雾独特配方配制,实体发货商品,无论男女，携带一种自卫工具都是一个明智的选择。即使是男性，面对不可战胜的情况，一个自卫喷雾剂可以迅速制服潜在威胁。  我们的自卫喷雾采用了独特的配方，远非市面上常见的低质辣椒喷雾产品。  产品采用了精心设计，外观类似口红，易于携带，无需繁琐的开盖操作，以便用户迅速自救。只需旋转瓶身，喷雾头就会显露，对着歹徒面部按压喷口即可！  我们的喷雾主要由中草药成分制成，对人体无害，但能让歹徒快速就会失去抵抗能力。效果持续大约八小时，无需解药。当威胁被制服后，你将有足够时间报警或采取其他必要措施。  每瓶产品容量为10毫升，保质期永久。  请使用此产品时合法合规，避免接触皮肤。只在紧急情况下对准威胁者的脸部使用。  本产品发货可自选快递公司，到付，到付，到付！  小本生意，收货后，请及时放款！,9215f17d3ae7ae6a7ad0f48c8226e39bc2958b9dd7ec2e8d946d195baf75c2c5,8edf8cb3753c14822f25c28683e6d26710ee6a2ed731944acd2ef3715c7353ba
v8_identity_control_component_closure_6e9b49df96b1626e4d93505e,75066,B,products_data.csv|identity_control|seller_id:75066|cohort:B,products_data.csv|record:1648|sha256:999dcbe6dc8e34f4b7a2,products_data.csv,1648,1649,54,22864,HACK 黑客新手综合书藉+破解技术,教程与文档,HACK 黑客新手综合书藉+破解技术  不多说，收的也不多。看图，需要的购买，售出后，不接受任何理由退款。过路慎拍！！！,999dcbe6dc8e34f4b7a27b3e073758a4abeb63b958a4334142db40938ed6886c,6337e39a1816a0b602e93fc1bbc0acdbb4dc6133e477d33679e6a99fdec07ff0
v8_identity_control_component_closure_6e9b49df96b1626e4d93505e,75066,B,products_data.csv|identity_control|seller_id:75066|cohort:B,products_data.csv|record:1783|sha256:063aa7d760f7f802c5fe,products_data.csv,1783,1784,199,27108,男性增强术完全版:随意控制射精训练教程,教程与文档,男性增强术完全版:随意控制射精训练教程  闺房神技秘本 男性随意控制射精训练教程（全套）解密版  视频教程+真人姿势图教+电子书版 认清购买，售后不退，慎拍！！！  诚信经营，付款后自动发货，收货后无异议，请操作主动放款，谢谢！,063aa7d760f7f802c5fe79d6ac72e93bfd69b566704c5d752be420a5add4f934,d5f00b9953cf70bca7554e0dc2b853b58bd89cbc0e97f2b343294fe71fed1c56
v8_identity_control_component_closure_6e9b49df96b1626e4d93505e,75066,B,products_data.csv|identity_control|seller_id:75066|cohort:B,products_data.csv|record:1877|sha256:bd5099b6f848b952a3de,products_data.csv,1877,1878,293,17807,高价值 入侵渗透 全套大型职业渗透系统特训教学,教程与文档,高价值 入侵渗透 全套大型职业渗透系统特训教学  付款后获取 售后不退,bd5099b6f848b952a3dec4ee33304655e4c254baa344f8c330d29c44ba85c71d,19dc7c4650d20d484be55e1159e6756c96095e4cfc02d2a66b7589e609481323
v8_identity_control_component_closure_716ac5b1563dc059cb353ea7,512381,A,products_data.csv|identity_control|seller_id:512381|cohort:A,products_data.csv|record:701|sha256:fa883516fb2238ce51b4,products_data.csv,701,702,206,41893,百万级文本整理资源大数据筛选去重比对工具,技术服务[非教程],"相信在很多场合中（诸如大批量的资源号码，邮箱等）我们需要处理很多百万级别以上的文本，排序，去重，两个文本比对去重，提取指定内容等等；这款软件便应运而生，专业解决各种文本处理难题，各种应用场景请看图片：     虚拟资源，拍下后网盘自动发货有详细教程，如有任何疑问请留言,没问题请及时放款，谢谢合作！",fa883516fb2238ce51b455565f21c027ec715e2eb10b6aa73c4c8a3d1faee1c3,5693eb57152ed312352b7973846387cf72cb31d749010976c510ced972192555
v8_identity_control_component_closure_716ac5b1563dc059cb353ea7,512381,A,products_data.csv|identity_control|seller_id:512381|cohort:A,products_data.csv|record:727|sha256:85c0e763cc0bec728a55,products_data.csv,727,728,232,44114,获取通讯录APP完美运营可出租可出源码,技术服务[非教程],搭建环境：测试环境：LINUX 宝塔面板 + Apache 2.4 + php7.0 + mysql5.6  出租平台2000RMB/月 出源码2W，包服务器搭建，平台担保交易！  拍下自动发测试APP+后台,85c0e763cc0bec728a55eda2bcfb274a52c1147d3e08038e92e245c8c39d8a91,a9779bd995833d3fd1f8d69cf8a979c8941d5c4c1c389d696490c135a564ea13
v8_identity_control_component_closure_716ac5b1563dc059cb353ea7,512381,A,products_data.csv|identity_control|seller_id:512381|cohort:A,products_data.csv|record:1707|sha256:0cb943a0e0b01b156e88,products_data.csv,1707,1708,123,41902,内部流出印度红绿盘裂变整套话术资料,教程与文档,"新出印度盘流出整套裂变话术资料    虚拟资源，拍下后网盘自动发货，如有任何疑问请留言,没问题请及时放款，谢谢合作！",0cb943a0e0b01b156e882083ec55a608c70706d5415c443ae2df7148d4743944,ef8360dc5054d4c5ab512659c56e944ffc06f3132afcd7d8111d53715f25e862
v8_identity_control_component_closure_716ac5b1563dc059cb353ea7,512381,B,products_data.csv|identity_control|seller_id:512381|cohort:B,products_data.csv|record:382|sha256:590a4e332f9356294741,products_data.csv,382,383,154,41835,全网价格最低印度红绿盘开盘印度支付通道谷歌信息流印度网盟开户,常规服务与操作,Luck Start团队全网最低价 业务项目：  1.印度红绿彩票盘开盘搭建一条龙服务 2.印度支付通道开户，最低100卢比 3.谷歌开户；网盟信息流开户 4.专业印度色粉引流 5.刷单兼职点赞红绿棋牌数据（脱库）；印度车房酒店会员银行航空数据（脱库） 全套印度业务周边服务，需要请留言，站内交易！  您刚好需要，我们刚好专业！精诚合作，步步为赢！,590a4e332f9356294741313a15e8c4b9d8f32fb315fbb44d74d54b34567ed20e,9e21586cd216b53e4870b7622dbbbe16b72ee1eb69e96dad5fcdea8674c2099e
v8_identity_control_component_closure_716ac5b1563dc059cb353ea7,512381,B,products_data.csv|identity_control|seller_id:512381|cohort:B,products_data.csv|record:1820|sha256:b10a73041dfc1624c57c,products_data.csv,1820,1821,236,37657,内部干货外面高价卖的很火的各种黑技术,教程与文档,微信各种实名，新机登陆 ，过人脸验证，实名跳银行卡等；美团撸退款等等，需要的拍下Mega网盘发货  由于虚拟资源可复制性，拍下不接受退款，谢谢,b10a73041dfc1624c57c07d6ddfa05bdd0c2b8cc9c18cb7b525e10a7723d7c78,500c5729be68a338c6e39197b86af466c264ac0ad59e672fee5353a310999d8a
v8_identity_control_component_closure_72da5daa6ac0106df41172ec,38205,A,products_data.csv|identity_control|seller_id:38205|cohort:A,products_data.csv|record:1605|sha256:bb60dfb2de47c663b0fb,products_data.csv,1605,1606,4,38518,人肉搜索教程及社工库社会工程学原理,教程与文档,总览 社会工程学应该分成两个部分，其一为非接触信息收集;其二为与人交流的社会工程学。  社会工程学 参考书籍 Christopher Hadnagy 社会工程-安全体系中的人性漏洞 社会工程 卷2：解读肢体语言 社会工程 防范钓鱼欺诈 卷3 信息安全技术管理 杰出全专家教你辨识并防范钓鱼欺诈 避免信息被窃取 入侵的艺术 (凯文米特尼克全集) 欺骗的艺术 线上幽灵 非安全 黑客社会工程学攻击档案袋 反黑风暴-黑客社会工程学攻防演练 武新华  非接触信息收集 提供两个视频  《别让网络泄露你的隐私》  https://www.bilibili.com/video/av379691/  《How guys will use google glass》 http://www.tuicool.com/articles/aEBJrm  非接触信息收集主要应该收集哪些信息，做到什么程度应该停止（因为越往后需要的成本越高）？ 在一次渗透测试中，社会工程学应该处于何种位置，应该与其他常规手段如何配合？这是一个合格的社会工程学实践者应该考虑的。  在我的理解中，非接触信息收集，顾名思义，就是在不物理接触目标的情况下，通过互联网或其他手段，对目标进行信息收集。主要包括以下信息：  姓名 性别 出生日期 身份证号码 身份证家庭住址 快递收货地址 地理位置 （照片EXIF提取;IP地址;附近的人三角定位，三角定位仅为思路） 学历/小初高大各学校 目标履历素描 QQ 手机号（曾用与现用） 邮箱 银行卡 电子邮箱 支付宝 各SNS主页 微博，人人网，百度贴吧，网易轻博客等 常用ID 目标性格素描 起点 我们的起始点可能是多样的，可能是一个微博ID，或者QQ号，又或者邮箱。  在我们不断的横向移动的过程中，应当重点关注以里程碑式的节点。 另外应注意邮箱和手机号均可能有多个。  邮箱/QQ邮箱 手机号 因为通过这两个可以迅速关联出大量网络痕迹。  ———————————————————————-  拍下可以看整片方法以及预防办法,bb60dfb2de47c663b0fba39eab4c86717f1077a7438c1698d08e1c0b785da763,e37504b8f13cb4f226a8d8d94d93fc0e83c296edbffdabfb61b394ce4e085611
v8_identity_control_component_closure_72da5daa6ac0106df41172ec,38205,A,products_data.csv|identity_control|seller_id:38205|cohort:A,products_data.csv|record:1979|sha256:45de81c0632b03edf58f,products_data.csv,1979,1980,97,24953,印度药女用口服伟姐增强敏感度男用伟哥双效片延时助勃,实体发货商品,印度药女用口服伟姐增强敏感度男用伟哥双效片延时助勃  少量，国内现货可发，大量，印度直邮  女用伟姐vegalis，具有显著增加阴蒂阴道敏感度，稍加刺激，非常容易高潮，潮喷等。药效持续时间通常在24小时以上，看清楚，不是催情产品，不是催情产品，不是催情产品，重要的话说三遍。  男用伟哥，加强勃起时间和硬度，让你增加自信，轻松应对3p以及双飞等各种场面。药效持续时间为8~36小时。  男用双效片，延时+助勃，药效持续时间为8~24小时。既增加硬度和勃起时间，又延时，让你彻底摆脱早泄不举的烦恼，找回男人自信。  保证正品，每件都是辛苦搬运而来，绝非国内各种无良仿制包装的假冒伪劣产品，只在暗网出，别无分店。  之前遇到过一个客户，天生对西地那非免疫，吃后就跟没吃一样 去医院查过才知道他对这个免疫。你如果吃了也是什么反应都没有，只能是两种，其一就是国内的假冒伪劣产品，其二就是你天生对这药的成分免疫。  本人声明：由于每个人的身体情况不同，存在个体差异，所以有些人可能吃药之后效果非常明显，有些人就不是很明显，这种说法也是本人亲自证明了的，本人绝对保证药品是正品，至于你吃了为啥效果不明显，那肯定烟酒喝多了抽多了，不运动。戒烟戒酒，坚持慢跑3个月，然后再吃，保证硬邦邦，时长长。  使用建议：每24小时内最多服用一次，每次一片，肝肾功能不全以及有心脏病高血压糖尿病历史的人群慎用。一定不要吃高油脂食物和茶（酒可以少喝一點），否則效果會大打折扣。  药效： 8~36小时  不良反应：常见不良反应有脸部潮红，心跳加速，鼻塞，轻微头疼，肠胃不适等。不过这些都是暂时的，不需要担心，随着药物代谢完后这些症状会自行消失。  按标号图片查看  价格一览：  1号——女用伟姐vegalis，10mg一粒，一板4粒，25美元，拍25份（20mg的30美元，拍30份） 2号——男用希爱力，一板4粒，25美元，拍25份（买2板40美元，拍40份） 3号——男用万艾可，一板4粒，25美元，拍25份（买2板40美元，拍40份） 4号——男用伟哥，一板4粒，25美元，拍25份（买2板40美元，拍40份） 5号——男用果冻伟哥，一盒7包，30美元，拍30份 6号——男用艾力达，一板10粒，30美元，拍30份（30粒装的65美元，拍65份） 7号——男用希必双效片，一板10粒，35美元，拍35份（一盒10板，175美元，拍175份） 8号——男用超级希必双效片，一板10粒，40美元，拍40份（一盒10板，200美元，拍200份） 9号——男用艾必双效片，一板4粒，28美元，拍28份（买2板45美元，拍45份） 10号——男用超级艾必双效片，一板4粒，32美元，拍32份（买2板50美元，拍50份） 11号——男用西必双效片，一板4粒，28美元，拍28份（买2板45美元，拍45份） 12号——男用卡玛格绿包装，一板4粒，28美元，拍28份（买2板45美元，拍45份） 13号——男用超级卡玛格蓝包装，一板4粒，32美元，拍32份（买2板50美元，拍50份）    请看清标价并按照标价拍下即可，本帖默认1美元  拍下请立即留言收货地址，以便我们给您快速发货。,45de81c0632b03edf58f4f3d9fff58917d2764e7307624da72532115ab058bde,ea68f2dd2ccbea8457f8c99589a43df3f347126d097ca8ae1730ee674e4cd211
v8_identity_control_component_closure_72da5daa6ac0106df41172ec,38205,A,products_data.csv|identity_control|seller_id:38205|cohort:A,products_data.csv|record:2069|sha256:ea4c51e71cfaca4f6532,products_data.csv,2069,2070,187,24631,部队配发军品斧头望远镜墨镜手表甩棍,实体发货商品,本人出售物品全部是部队配发真品，全国包邮。  永远记住：信誉第一 诚信互利：墨迹只会耽误彼此的时间。  商品都带军检戳，保真  按标号图片查看  价格一览：  1号 石家庄6411产新款Q8A工兵铲 35美元，拍35份 2号 步兵第31师装甲团定制钛镁合金眼镜 25美元，拍25份 3号 配发维和部队奔赴索马里偏光眼镜 25美元，拍25份 4号 内卫金属短棍 三节长47cm 25美元，拍25份 六节长90cm 35美元，拍35份 九节长135cm 45美元，拍45份 5号 部队13式边防巡逻手电 15美元，拍15份 6号 西藏第52山地旅高原装配手电 20美元，拍20份 7号 户外精钢斧子 20美元，拍20份 8号 精钢一体好斧子 20美元，拍20份 9号 海军部隊纯金属钢链防水舰艇手表 75美元，拍75份 10号 部队训练表绿色手表腕表 35美元，拍35份 11号 纯铜欧洲回流打火机 35美元，拍35份 12号 部队87式望远镜骑兵单筒望远镜 80美元，拍80份 13号 泥色塑料面具伪装面罩 8美元，拍8份 14号 绿色塑料面具伪装面罩 8美元，拍8份 15号 部队硬塑料聚酯纤维甩棍维稳棍 15美元，拍15份 16号 部队空降飞行偏光眼镜一体成型钛金腿 35美元，拍35份  请看清标价并按照标价拍下即可，本帖默认1美元  拍下请立即留言收货地址，以便我们给您快速发货。,ea4c51e71cfaca4f6532500575addb066f623eedcd0b4cf0b7467c192cdb8c88,be958300ddf429149c50985d5679b0e1eabf73c8895053f7834159b94976c33a
v8_identity_control_component_closure_72da5daa6ac0106df41172ec,38205,B,products_data.csv|identity_control|seller_id:38205|cohort:B,products_data.csv|record:1971|sha256:c7edad2f49b25d2c3904,products_data.csv,1971,1972,89,25632,部队配发军品军用望远镜墨镜手表钱包内卫腰带,实体发货商品,部队配发军品军用望远镜墨镜手表钱包内卫腰带  本人出售物品全部是部队配发真品，全国包邮。  永远记住：信誉第一 诚信互利：墨迹只会耽误彼此的时间。  商品都带军检戳，保真  按标号图片查看  价格一览：  1号 空军02飞行空降腰带 30美元，拍30份  2号 内卫战术笔，功能有 笔+笔芯+电池+一字头+十字头+求生哨+打火棒+美工刀，25美元，拍25份  3号 快开版内勤腰带 20美元，拍20份  4号 内勤护卫工具铲 30美元，拍30份  5号 雪豹突击队配发偏光眼镜 30美元，拍30份  6号 HJG7*50型海95配发舰船望远镜 600美元，拍600份  7号 部队空降飞行偏光钛金腿眼镜 40美元，拍40份  8号 配发转色飞行偏光太阳镜 50美元，拍50份  9号 空军部队地勤配发偏光眼镜 30美元，拍30份  10号 部队爱国主义教育参观的礼品望远镜，非军品，但是质量很棒 35美元，拍35份  11号 YJZB97型指北针部队配发97式指南针 80美元，拍80份  12号 辽宁舰纪念手包钱包，质量超级好，秒杀市面千元以下所有钱包 70美元，拍70份  13号 58旅定制钱包，质量过硬 65美元，拍65份  14号 部队GG88-212型12倍望远镜 580美元，拍580份   请看清标价并按照标价拍下即可，本帖默认1美元  拍下请立即留言收货地址，以便我们给您快速发货。,c7edad2f49b25d2c39049abc8dc8ce1487175b2e110aab944941c0cbf49c4216,380381e3c349857dfd42a9175bad5d0524c5ca630154a507481dcc3fe7c8aedc
v8_identity_control_component_closure_72da5daa6ac0106df41172ec,38205,B,products_data.csv|identity_control|seller_id:38205|cohort:B,products_data.csv|record:1986|sha256:58fbfa53a141382ad563,products_data.csv,1986,1987,104,40620,不锈钢精钢警用手铐,实体发货商品,警用手铐，带独立编号。 一套包含手铐一副，钥匙2枚，手铐收纳套一个。  拍下后私信给我地址，发货后我私信给你快递单号,58fbfa53a141382ad5639abba7b0ad70cef611679e40fc85e9d7d75a63875f41,39889018888002cda1cd01bc4bbd11c432b69621a62b7a32f9b6f7deed98d8f2
v8_identity_control_component_closure_7a15e166b866eb9ba1a0e65c,15153,A,products_data.csv|identity_control|seller_id:15153|cohort:A,products_data.csv|record:466|sha256:a3d280bf99325a6410bb,products_data.csv,466,467,238,20419,支付宝强制注销违规账户店铺账户释放注册名额,常规服务与操作,支付宝规定一个身份证只能注册三个支付宝！ 有的人 跑BC 店铺扣48分 或者被投诉 都会导致账户无法注销是非注销状态！ 影响使用 而且部分违规还会影响正常账户！ 违规账户占用三个实名的资格无法从个人名下注销！这时候我们可以帮你操作！ 这项技术可以 把任何疑难账户 强制从你的名下注销 释放实名资格 无视违规！ 还有一个好处！可以同时释放违规主账户的 花呗 借呗 网商贷 余利宝等资格！ 楼主亲测注销违规主账户后 在新申请的账号成功开通了 花呗网商贷等 业务！（不作为交易担保和内容具体开通条件看支付宝） 如果需要请拍下留言 约好处理时间！楼主看到会及时回复！,a3d280bf99325a6410bb0045bdb33cf75a2882c8239a0bbf0f560ac0ee934b40,e316df9a1d35039e9ca83234089ca190f069377a738ff74f6cdab3f9684b5828
v8_identity_control_component_closure_7a15e166b866eb9ba1a0e65c,15153,A,products_data.csv|identity_control|seller_id:15153|cohort:A,products_data.csv|record:1711|sha256:4a27ede86189bb9535f7,products_data.csv,1711,1712,127,27686,支付宝购买BTC比特币的网址无需翻墙,教程与文档,（自动发货）付款后自动出现网址！ 分享一个国内可以直接用支付宝购买比特币的渠道 就是一个网址！ 不支持退款虚拟商品！禁止倒卖 发布 看到会投诉！ 卖的就是一个网址！ 可以自己在里面用支付宝购买比特币 方便快捷,4a27ede86189bb9535f7e4ea4043a530f2cfbb08512fed3f95637cfe67016ff6,706943ebf541d873f607f77e6e62df8079bb40f6e485feadfdf19075208c920f
v8_identity_control_component_closure_7a15e166b866eb9ba1a0e65c,15153,B,products_data.csv|identity_control|seller_id:15153|cohort:B,products_data.csv|record:446|sha256:d62c730df6833a9d82a6,products_data.csv,446,447,218,20418,支付宝支付功能关闭 强制提现解封 解决一切支付宝问题 被投诉 清退违规 180天 非法交易,常规服务与操作,代解决一切支付宝账户问题！ 强制注销违规支付宝阻断违规 请看本人其他贴！ 问题：支付功能关闭 被投诉 风控 清退 180天 非法交易等限制 等一切支付宝问题 一手解决 ！ 收费：账户金额低于1W的我们收账户金额的百分之20 低于5W以下的我们收账户金额的百分之15 5W以上收百分之10！ 量大金额大点位可谈! 司法冻结 非法交易 180天 30个点 有任何疑问留言看到后第一时间给你回复！,d62c730df6833a9d82a6ff4ddec9cb0e895fec6c8cd099766d1fb311c35969e7,9899bdda0e5f0505584a579ce37718c935aece533795ff2d04ced8d975ca205c
v8_identity_control_component_closure_7a15e166b866eb9ba1a0e65c,15153,B,products_data.csv|identity_control|seller_id:15153|cohort:B,products_data.csv|record:481|sha256:bf4f545dc78d1ee26679,products_data.csv,481,482,253,20420,余利宝强制开通,常规服务与操作,马云推出余利宝，但是不是所有用户都有，也无法手动开通！我们可以帮您开通余利宝 余利宝的收益相对来说要比余额宝要高一些，对比一下还是余利宝有优势，还有一点，通过余利宝提现还可以免去手续费 最高有1000万的额度！（具体规则请以支付宝发布为准咱这边只负责开通） 如果需要请拍下后 留言楼主看到后会及时回复！,bf4f545dc78d1ee266795e110fdbecda93867dd456bef1ea15e71d2f2e76ac88,c0c643902bb9f87ddd01f6b73a95d60063ccf5a00cdc17bed4dacca4fea0e4ab
v8_identity_control_component_closure_821db8371346d10853c56bdb,55315,A,products_data.csv|identity_control|seller_id:55315|cohort:A,products_data.csv|record:759|sha256:8a7a9436fbd783847e7a,products_data.csv,759,760,264,22580,微观信任建立术----如果没人教你察言观色，那教父来教你,技术服务[非教程],面试、购物、恋爱：学它千遍你也不厌倦；可使工作、恋爱、朋友、家庭关系顺利进行的禁忌技巧；对工作、个人私事都大有帮助；冒牌算命师、教主、骗子惯用的逆向沟通术。  它，是一种瞬间打开陌生人心扉的方法，不但能让对方觉得”这个人真是了解我“，也能赢得对方绝对的信任。它，是通往幸福与丰富人生的关键技巧，帮助你“受人喜欢”、“增加自信”、“拒绝受骗”，以及“成为理想的自己”。它，是一种“了解对方心意”与“建立信任关係”的技巧，使用得当，能在瞬间就赢得陌生者信任。  目前整个社会的心理状态，与其说是相信别人、接纳别人，还不如说是偏向怀疑别人、批判别人。或许有人会说“为了骗人，我想要精通它”。但是，请你仔细思考一下：这个社会上欺骗、批判、操纵别人的人已经过多，也过于竞争了。现在，社会上最供不应求的，毋宁是“了解我”、“信任我”、“接纳我”这种类型的人。因此，如果你认真努力的去了解别人的心意，对社会来说，“物以稀为贵”，非但大家抢着成为你的朋友、想和你谈恋爱、买你的商品，也会蜂拥而来寻找你。也因此，“它”能让你在工作、恋爱、交友、家庭关係上都随心所欲。它不只是沟通术，也是建立信任关系的方法。  对一般人而言，学习它，可以对健全的事业和人际关系有正面的影响。想想看，能让恋人觉得“他还真是了解我啊！”或让第一次见面的客户认为“这个业务员完全知道我的感受”，不是太棒了吗？接下来事情一定会发展得很顺利。也就是说，只要受人信任，工作、恋爱、个人私事，都能随心所欲！使用它，能在不知不觉中控制对方，因为它帮你建立过去未有的信任关系，一旦信任建立，对方就毫无保留的信任你，你说的谎话都会变成真话。  如果你想了解得更多关于它的内容，你可自己来了解！我不再多说了。,8a7a9436fbd783847e7affab16bc95b6708bbafc32043dbb936aee540cb90b71,2345d1207dc401899407ecb31f72f0255306c6d743c5a3dc6db0385e6bac4f63
v8_identity_control_component_closure_821db8371346d10853c56bdb,55315,A,products_data.csv|identity_control|seller_id:55315|cohort:A,products_data.csv|record:1607|sha256:bb130d22c8388f098802,products_data.csv,1607,1608,6,22311,表网禁学-pua泡学知识 --深渊版！！！防身+保护家人必备！！,教程与文档,无详情描述,bb130d22c8388f09880247b705de7afa037a5b8f06f213ade577ea8e10ede34f,380a31b82c5d190ed8d3a64baa4ffedd9ebab3ad6f1c5fc2edce23fdfb1294be
v8_identity_control_component_closure_821db8371346d10853c56bdb,55315,A,products_data.csv|identity_control|seller_id:55315|cohort:A,products_data.csv|record:1728|sha256:8c90d7f5837effbe3d3f,products_data.csv,1728,1729,144,22309,珍藏版-原價0.375 btc 的做愛聖經（共12卷）--除了它，別的教程都是渣渣！ ！ （自動發貨）,教程与文档,今年6月份，出於學習和工作的目的，和幾個朋友合買了一套日本原版性愛聖經，珍藏版--真人教學，尺度極大（一共12卷）歷時一年。官網價值155000日元，約為0.37個BTC，買了後，讓人翻譯，等了三個月終於等到！  內容為日文，所以又找了專業翻譯團隊，歷時三個月，現9月初終於完成了全套課程的日文到中文的翻譯。 此前從未提及這個課程，一是擔心翻譯失敗，二是擔心質量。 現在顧慮全無！  這幾天看完全套教程，兩個感受： 一，為何不早點找到這套如此靠譜的X愛教程！ 二，此等重量級乾貨必須讓兄弟們看到，別在受網上那些亂七八糟X愛教程忽悠。 教程翻譯後共26集視頻，總時長1421分鐘，詳細目錄看下方圖片，大尺度實戰講解！你懂的！這是迄今為止我看到的最完整最實用的一套性愛教程。  你看過這套教程後就會明白，相比之下，網上別的的教程是多麼垃圾！渣渣！甚至連皮毛都不算！ 一個男人如果沒看過這套教程，那真是天大的遺憾，特別是在X方面表現一般般的兄弟！不要錯過！ 朋友說要是賣的話，每人至少收費500。因為，教程實在太他媽靠譜！翻譯費也確實貴！又耗時三個月才做好！況且別的地方根本沒有，你想要只能原價去買日文版光盤！  現在，教程費用就免了，只眾籌一下翻譯費。 教程原價加上翻譯費超過兩萬元港币，翻譯團隊歷時三個月才完成！,8c90d7f5837effbe3d3f4fd178a893994718942b5b20cb0876c3fe0039e0cf3f,1af4dd4a2950b97c013f89e850370887df26d51261d4332f7f23a7d9ce76f9d3
v8_identity_control_component_closure_821db8371346d10853c56bdb,55315,B,products_data.csv|identity_control|seller_id:55315|cohort:B,products_data.csv|record:717|sha256:750a160a415cc87403b0,products_data.csv,717,718,222,22308,如何在3个月内看80个女性的裸体，并发生亲密关系,技术服务[非教程],效果如图；  这是一套完整的教程，一套教你如何后宫三千，一周一个，成为当代“皇帝”的神秘教程。 里面会教你如何让她喜欢上你，如何让她愿意给你发裸照，并和你开房等等。想想你觊觎已久的女神或男神在你胯下求饶的样子，想想他们主动求你上她，一脸欲求不满的样子，想想你不再被忽视，被在乎被疼爱的样子。这份教程可以帮助你！  切记，请务必做到以下几点，做不到者请勿拍：1、不能破坏别人家庭，不挑已婚人士。2、要做好善后工作，不能让对方伤心过度，不能让对方自残等。3、务必做好安全措施，拒绝感染，拒绝人流。4、不作恶，不强迫。要建立在你情我愿的份上！  拍下，教程会自动发货。,750a160a415cc87403b0e15dc49dc75d06ac801f6ebcaba54315635cdcf35b0d,3f2a4789557f2ff36587cecadee8dbbe92256c1c337a8cc9ddc84c4eb057a50e
v8_identity_control_component_closure_821db8371346d10853c56bdb,55315,B,products_data.csv|identity_control|seller_id:55315|cohort:B,products_data.csv|record:1769|sha256:dbdc4135fb7b8836a8a2,products_data.csv,1769,1770,185,22735,教父-pua把妹技术---不建议学习的~邪术！！！购买者，需承诺不作恶！！！,教程与文档,无详情描述,dbdc4135fb7b8836a8a2b9b11f62ddc74f0cf8e077a7c6fc798a81d55b29a7e2,6fe049400316a00cd58aac5aa8c6bf0de328bbff15f75e19c18dbc2d5dcbe683
v8_identity_control_component_closure_88608ba86b4b535d1848205d,596198,A,products_data.csv|identity_control|seller_id:596198|cohort:A,products_data.csv|record:294|sha256:d45c6396ef649e38d02f,products_data.csv,294,295,60,52425,提取指定任意TG纸飞机号所加入的群提供用户名,常规服务与操作,供应商品：提取任意telegram指定账号所加入的群 指定TG纸飞机号群提取 商品介绍：一般可用于：                                                                                       ① 挖掘竞争对手所在群组，挖掘客户 ②挖掘行业大牛所加入的群组，与大牛拥有同个层次的圈子，寻找跟大牛一样牛逼的技术资源渠道。                                         ③找到骗子所加入的群  让骗子在所在群内社死！ —————————————————————————— 仅需要提供需要提取的用户名 ID也可  价格：100U  下单正常隔天出货,d45c6396ef649e38d02f29ae7a12775ee78e559824052e2f7334e088bcc6144a,9b898c824a124bafbffae8825cf9a099618326f2a802491edb9984cb0a46c20f
v8_identity_control_component_closure_88608ba86b4b535d1848205d,596198,A,products_data.csv|identity_control|seller_id:596198|cohort:A,products_data.csv|record:650|sha256:c56a93380f16ff31b8fe,products_data.csv,650,651,154,52426,提取指定任意TG纸飞机号所加入的群提供用户名,技术服务[非教程],供应商品：提取任意telegram指定账号所加入的群 指定TG纸飞机号群提取 商品介绍：一般可用于： ① 挖掘竞争对手所在群组，挖掘客户 ②挖掘行业大牛所加入的群组，与大牛拥有同个层次的圈子，寻找跟大牛一样牛逼的技术资源渠道。 ③找到骗子所加入的群 让骗子在所在群内社死！ —————————————————————————— 仅需要提供需要提取的用户名 ID也可 价格：100U  下单正常隔天出货,c56a93380f16ff31b8fe8d205e44f6427c23ec86751da3010d95446307f2df87,73dbcaed550fcde7cd719fb22fc0724a50e168b2f42e21b483cf12ea04472f52
v8_identity_control_component_closure_88608ba86b4b535d1848205d,596198,A,products_data.csv|identity_control|seller_id:596198|cohort:A,products_data.csv|record:1945|sha256:9d12640c314e06007ef8,products_data.csv,1945,1946,63,40934,高质量四件套专供电诈专用售价3500支持定制,实体发货商品,"高质量四件套专供电诈专用售价3500支持定制（不议价，量大另谈） 四件套专供缅甸菲律宾柬埔寨电诈专用 四件套包含：电话卡+银行卡+U盾或密码器+身份证正反面图片 为方便购买，设置16美元=100元单价 纯四件套：3500元/套，请拍35份（不贵，嫌贵去找便宜的） 四件套+ (实名）交易所+500RMB（可指定那个交易所APP等等，按要求操作 ）请拍40份 带安卓二手手机300元，全新手机700元。绑定（VX,ZFB,交易所等）避免使用过程需要扫脸。后期需要扫脸500一次 三个保证： 1.保证是新卡，干净无任何第三方快捷支付绑定。 2.保证质保2个月期限内绝无挂失情况发生。 3.保证售后随时在线处理，诸如需要刷脸解冻之类的问题。 注意事项：卡本身是一次性用品，钱款在使用过程中尽量不要逗留过久快进快出， 避免造成不必要的损失，毕竟不能养卡主带在身边。 (虽然断卡行动，目前四件套还稳定。后期还会加价，从快递签收当天算起用2个月 需要开通国漫提前说明，开通免费 任何问题均可本处留言咨询，本人频繁上线，上线后第一时间解答。  欢迎各位大佬咨询",9d12640c314e06007ef8423bc5fa7449469cd53888180e11c92c5cf78ad516a0,09f322d9ca422191ecec35aff181979cb9ff54adf2d6b2598daded58363659ce
v8_identity_control_component_closure_88608ba86b4b535d1848205d,596198,B,products_data.csv|identity_control|seller_id:596198|cohort:B,products_data.csv|record:373|sha256:b119abd0ffe08ef61517,products_data.csv,373,374,145,40921,火币币安中币可乐各类交易所人脸认证可定制,常规服务与操作,火币币安中币可乐各类交易所人脸认证可定制 洗钱好通道等等各类用途 火币、可盈可乐、币安、中币、芝麻开门、币团网、长币网、ZT、BigONE等交易所高级认证 可指定任意四件套名字定制交易所平台账号 （例如：火币平台一个名字可以定制10个20个同名账号，可定制跟四件套姓名一样的多个账号） 火币平台成功率60%，其他交易所平台成功率90%以上  单价：1200元/一个账号  一般20分钟左右搞定 因为需要随时接验证码，请安排好时间 使用中遇到风控可付费再次人脸识别 需要准备资料：注册好的账号密码，最好用手机号注册,b119abd0ffe08ef6151752d321125a452007e2ffbda4fc5e00219e8fbd66a83b,6bc00fadcda52c148804e02c5f13933ef9bb68fd8f7967acebd6a9aa681d5238
v8_identity_control_component_closure_88608ba86b4b535d1848205d,596198,B,products_data.csv|identity_control|seller_id:596198|cohort:B,products_data.csv|record:1923|sha256:06e3c505a95a44eecbf7,products_data.csv,1923,1924,41,50505,高质量四件套配交易所微信支付宝,实体发货商品,"高质量四件套专供电诈专用售价7500支持定制（不议价，量大另谈） 四件套专供缅甸菲律宾柬埔寨电诈专用 四件套包含：电话卡+银行卡+U盾或密码器+身份证正反面图片 为方便购买，设置16美元=100元单价 纯四件套：7500元/套，请拍75份（不贵，嫌贵去找便宜的） 四件套+ (实名）交易所+500RMB（可指定那个交易所APP等等，按要求操作 ）请拍80份 带安卓二手手机300元，全新手机700元。绑定（VX,ZFB,交易所等）避免使用过程需要扫脸。后期需要扫脸500一次 三个保证： 1.保证是新卡，干净无任何第三方快捷支付绑定。 2.保证质保2个月期限内绝无挂失情况发生。 3.保证售后随时在线处理，诸如需要刷脸解冻之类的问题。 注意事项：卡本身是一次性用品，钱款在使用过程中尽量不要逗留过久快进快出， 避免造成不必要的损失，毕竟不能养卡主带在身边。 (虽然断卡行动，目前四件套还稳定。后期还会加价，从快递签收当天算起用2个月 需要开通国漫提前说明，开通免费 任何问题均可本处留言咨询，本人频繁上线，上线后第一时间解答。  欢迎各位大佬咨询",06e3c505a95a44eecbf73f0fe83d27c0e187af4213456cf89b57fb73d0c6d0bb,fdffc450d83e536066a35a5fe510f20668939e9dd1da1db660d002bc96739768
v8_identity_control_component_closure_907ab44ba89a64ccf0ed1f85,507092,A,products_data.csv|identity_control|seller_id:507092|cohort:A,products_data.csv|record:267|sha256:d2bb22e642be532f9483,products_data.csv,267,268,26,34218,侦探各类查询低价,常规服务与操作,【个人基本信息类】 个人户籍-提供身份证号码-50RMB·(拍1份) 全家户籍-提供身份证号码-500RMB·(拍10份) 模糊查询-提供大概年龄+地区+名字-250RMB·(拍5份) 犯罪记录-提供身份证号码-150RMB·(拍3份) 网逃记录-提供身份证号码-150RMB·(拍3份) 学信网学籍-提供身份证号码-400RMB·(拍8份) 名下资产-提供身份证号码-500RMB·(拍10份) 开房记录-提供身份证号码-500RMB·(拍10份) 婚姻记录-提供身份证号码-600RMB·(拍12份) 工作单位-提供身份证号码-300RMB·(拍6份) 身份证使用轨迹/提供身份证号码-1500RMB·(拍30份) （注意以上价格只针对个人散单，同行可以来合作互补） 【车辆信息类】 查名下车-提供身份证号码-150RMB·(拍3份) 车主信息-提供车牌号码-300RMB·(拍6份 车辆轨迹-提供车牌号码-1100RMB·(拍22份) 违章处理人-提供车牌号码-800RMB·(拍16份) 违章车牌-提供身份证号码-800RMB·(拍16份) 车辆抵押-提供身份证号码-800RMB·(拍16份 车辆保险-提供身份证号码-800RMB·(拍16份 （注意以上价格只针对个人散单，同行可以来合作互补） 【银行信息类】 个人征信/提供身份证号码-700RMB·(拍14份) 提供身份证查名下银行 提供银行卡号查身份证 中国工商农业建业邮政光大交通兴业广发浦发中信银行正反查价格不一600起 五大行流水/提供银行卡号卡号/~~~3000/月·(拍60份) （注意以上价格只针对个人散单，同行可以来合作互补） 【网购地址信息类】 顺丰地址-提供手机号码-500RMB·(拍10份) 邮政快递-提供手机号码-500RMB·(拍10份) 大数据地址-提供手机号码-500RMB·(拍10份) 外卖地址达达-提供手机号码-300RMB·(拍6份) 美团地址-提供手机号码-300RMB·(拍6份) 饿了么地址-提供手机号码-300RMB·(拍6份) 淘宝默认收货地址-提供手机号码+身份证号码-600RMB·(拍12份) 拼多多收货地址-提供手机号+身份证号码-600RMB·(拍12份) 京东收货地址-提供手机号+身份证号码-600RMB·(拍12份) 唯品会收货地址-提供手机号+身份证号-600RMB·(拍12份) （注意以上价格只针对个人散单，同行可以来合作互补） 【手机号码信息类】 联通手机号机主身份证-提供手机号-400RMB·(拍8份) 移动机主信息-提供手机号（部分）-600RMB(拍12份） 电信机主信息-提供手机号（部分）-600RMB(拍12份） 手机号码定位-提供手机号-1000RMB·(拍20份) 联通通话记录-提供手机号-2000RMB-月·(拍40份) 移动通话记录-提供手机号-2000RMB-月·(拍40份) 电信通话记录-提供手机号-2000RMB-月·(拍40份) 手机号码查姓名-提供手机号-200RMB·(拍4份) （注意以上价格只针对个人散单，同行可以来合作互补） 【全国房产】 固定资产商品房-提供身份证-1500RMB(拍30份) 【社交软件类】 微信号查注册手机号-提供微信号码-1500RMB(拍30份) 微信好友提取-提供微信号吧他的好友提取出来-2000(拍40份） QQ好友提取-提供QQ号把他的好友全部提取出来-2000（拍40份） QQ群提取-800（拍16份） （注意以上价格只针对个人散单，同行可以来合作互补） ------------------------------------------------- 批发同行资源.百分百给你优势 ------------------------------------------------- 如果有什么不清楚的地方可以向我咨询 如果你想要做代理，你可以拍下10份然后留言，我会和你联系，只要你的量大那我给的价格就低  为了避免同行故意刁难，结果出来后无理由的申诉 《《注意查结果我会局部做马赛克处理，放款后发你完整信息》》,d2bb22e642be532f94834026f96a0b9e8471ddb258573c595575a7d45ce1740e,e9c8f630845a2fc7b0431efbb32fe745ef12215502e4f80f0525161aee3d2990
v8_identity_control_component_closure_907ab44ba89a64ccf0ed1f85,507092,A,products_data.csv|identity_control|seller_id:507092|cohort:A,products_data.csv|record:318|sha256:7fa9dc07bdc77c4d399d,products_data.csv,318,319,90,44516,手机号定位电信联通移动,常规服务与操作,三网（电信联通移动）定位， 保证百分百真实（实时数据）， 价格是300美金 拍2份 拍好后预定时间，我上线后会及时处理 同时招代理  （同时接各种侦探相关查询） 保证比任何一家都便宜,7fa9dc07bdc77c4d399d26b4b98e380ba3f8707dfc71701c9f72d913860465bd,21816bd40332224da19bd2a61581b4d82c686c60d941ea45adaaceee8d393b2e
v8_identity_control_component_closure_907ab44ba89a64ccf0ed1f85,507092,A,products_data.csv|identity_control|seller_id:507092|cohort:A,products_data.csv|record:347|sha256:760c0b57b468d4f32a07,products_data.csv,347,348,119,36191,快查高质量侦探业务,常规服务与操作,（快速查询） 每天在线时间早10点-24点 下单之前务必先咨询在下单价格每天都在变动 【个人基本信息类】 个人户籍-提供身份证号码-(拍1份) 全家户籍-提供身份证号码-(拍10份) 模糊查询-提供大概年龄+地区+名字(拍5份) 犯罪记录-提供身份证号码-(拍5份) 网逃记录-提供身份证号码-(拍5份) 学信网学籍-提供身份证号码-(拍8份) 名下资产-提供身份证号码-(拍10份) 开房同住记录-提供身份证号码-拍30份)（打码带系统查询时间） 开房记录-提供身份证号码-(拍20份)（打码带系统查询时间） 婚姻记录-提供身份证号码-(拍20份) 工作单位-提供身份证号码-(拍6份) 身份证使用轨迹/提供身份证号码-时价 【车辆信息类】 查名下车-提供身份证号码-(拍3份) 车主信息-提供车牌号码-(拍6份） 车辆轨迹-提供车牌号码-(拍22份) 违章处理人-提供车牌号码-(拍16份) 违章车牌-提供身份证号码-(拍16份) 车辆抵押-提供身份证号码-(拍16份） 车辆保险-提供身份证号码-(拍16份） 【银行信息类】 个人征信/提供身份证号码-(拍18份) 提供身份证查名下银行-(拍18份) 提供银行卡号查身份证-(拍18份) 中国工商农业建业邮政光大交通兴业广发浦发中信银行正反查价格不一600起 五大行流水/提供银行卡号卡号/~~~·(拍60份) 【网购地址信息类】 无单号顺丰地址-提供手机号码-(拍10份) 有单号顺丰地址-提供手机号码-(拍15份) 邮政快递-提供手机号码-(拍10份) 无单号大数据地址-提供手机号码-(拍10份) 无单号外卖地址达达-提供手机号码-(拍10份) 无单号美团地址-提供手机号码-(拍10份) 无单号饿了么地址-提供手机号码-(拍10份) 无单号淘宝默认收货地址-提供手机号码+身份证号码-(拍12份) 拼多多收货地址-提供手机号+身份证号码-(拍12份) 京东收货地址-提供手机号+身份证号码-(拍12份) 唯品会收货地址-提供手机号+身份证号-(拍12份) 【手机号码信息类】 联通手机号机主身份证-提供手机号-(拍8份) 移动机主信息-提供手机号（部分）(拍12份） 电信机主信息-提供手机号（部分）(拍12份） 手机号码定位-提供手机号-(拍20份) 联通通话记录-提供手机号-(拍40份) 移动通话记录-提供手机号-(拍40份) 电信通话记录-提供手机号-(拍40份) 手机号码查姓名-提供手机号(拍4份) 【全国房产】 固定资产商品房-提供身份证-(拍30份) 【社交软件类】 QQ关联绑定手机号身份证（25份） 微信号查注册手机号-提供微信号码--时价 微信好友提取-提供微信号吧他的好友提取出来--时价 QQ好友提取-提供QQ号把他的好友全部提取出来--时价） QQ群提取--时价 （注意以上价格只针对个人散单，同行可以来合作互补） ------------------------------------------------- 批发同行资源.百分百给你优势 ------------------------------------------------- 常年寻求各类一手资源，数字货币交易安全可靠 如果有什么不清楚的地方可以随时向我咨询 如果你想要做代理，你可以拍下50份然后留言，我会和你联系，只要你的量大那我给的价格就低 【买家必看】 我不是源头我只是中间商赚取差价， 查询信息不是现货他是订制品您一但下单就更改不了了， 他不是商品你退货了其他人也可以用， 查信息不是，它是专属于您的信息， 自您下单开始我就已经产生费用了，查不了的除外， 希望您可以理解卖家的难处不要故意刁难无理由挂起， 本店郑重的承诺，在本店查询的信息百分百的真实有效， 如果质疑查询结果请您必须出具有力证据，不要光靠嘴说，我会严肃处理（百分百退款）。  承诺 本店查询百分百保真,760c0b57b468d4f32a07fe661bb23c4afddc8a64855d7ce04218930a06be53ec,f7d3a1670821c3d1368425484b847108d9146106c49fe885281389fb55f69231
v8_identity_control_component_closure_907ab44ba89a64ccf0ed1f85,507092,A,products_data.csv|identity_control|seller_id:507092|cohort:A,products_data.csv|record:358|sha256:f65e965f6b2b3944d6ae,products_data.csv,358,359,130,45981,银行一微信一支付宝一企业一查流水,常规服务与操作,收支付宝流水 历届以来最牛逼的流水，不服的来战！！！！！ 价格先不要喊着高或者低，我的东西就是值些钱， 不讲价我说多少就是多少， 欢迎同行实体来洽谈合作。 ---------------------- 用途；找人，查婚外情，婚前调查，查过去，消费偏好，追求女孩。  亮点一，流水不光只有流水，还有收货地址（商品详情）， 只要是在淘宝购买的商品，需要邮寄的都会有地址的。 （看看她给谁买过东西买过 什么东西，是避孕套还是威哥.）  亮点二，只要是支付宝支付过的商家都有详细的商店名称， 外卖商品详情，滴滴打车谁开的车（这类没有收货地址） （可以定制定制加5k） 由于资料太过详细，为了个人隐私原版样板就不发给大家了，  亮点三，这个流水等于是看见这个人的所有过去所做的事情。 通俗点说就是出这个流水等同于把人家祖坟都刨出来了。 一年价格（拍300份）    验证方法（提供转账时间）验证结果我告诉你金额 验证后确认放款发完整资料给您 个人银行（无视大中小银行）3个月-2年.姓名+银行卡号（价格3个月拍120份，一年拍250份） 企业银行（无视大中小银行）3个月-2年.企业名+银行卡号（价格请咨询）  微信账户流水3个月-2年提供（微信号）（原始id）任意一个.价格3个月拍180份，一年拍350份） 用途，看看你的微信好友都和谁有联系，和谁的转账最多， 婚外情一目了然。 购买流程；先拍所需的价格 发完整的账号 验证方法（提供转账时间）验证结果我告诉你金额 验证后确认放款发完整资料给您   出单时间(1-5天）,f65e965f6b2b3944d6aee16f4f0653d4ed2e9992ed96e661994048de3d42f3e3,3ad737faba3c7da3cc32f9b6b8c50e597bbd1a145336524907deb805b1e36c7d
v8_identity_control_component_closure_907ab44ba89a64ccf0ed1f85,507092,B,products_data.csv|identity_control|seller_id:507092|cohort:B,products_data.csv|record:325|sha256:8397161d4c0a94de29fa,products_data.csv,325,326,97,35169,侦探各类查询大全,常规服务与操作,春节期间价格稍有调整，回复信息可能会慢。过了正月15恢复正常 【个人基本信息类】 个人户籍-提供身份证号码-50RMB·(拍1份) 全家户籍-提供身份证号码-500RMB·(拍10份) 模糊查询-提供大概年龄+地区+名字-250RMB·(拍5份) 犯罪记录-提供身份证号码-200RMB·(拍4份) 网逃记录-提供身份证号码-200RMB·(拍3份) 学信网学籍-提供身份证号码-400RMB·(拍8份) 名下资产-提供身份证号码-500RMB·(拍10份) 开房同住记录-提供身份证号码-1500RMB·(拍30份)（打码带系统查询时间） 开房记录-提供身份证号码-1000RMB·(拍20份)（打码带系统查询时间） 婚姻记录-提供身份证号码-1000RMB·(拍20份) 工作单位-提供身份证号码-300RMB·(拍6份) 身份证使用轨迹/提供身份证号码-时价 身份证关联信息/提供身份证号码-时价 身份证关联信息内容包括同乘车同飞机同住宿同机构总合评分需要样板可以回复我。 【车辆信息类】 查名下车-提供身份证号码-150RMB·(拍3份) 车主信息-提供车牌号码-300RMB·(拍6份） 车辆轨迹-提供车牌号码-1100RMB·(拍22份) 违章处理人-提供车牌号码-800RMB·(拍16份) 违章车牌-提供身份证号码-800RMB·(拍16份) 车辆抵押-提供身份证号码-800RMB·(拍16份） 车辆保险-提供身份证号码-800RMB·(拍16份） 【银行信息类】 个人征信/提供身份证号码-900RMB·(拍18份) 提供身份证查名下银行-900RMB·(拍18份) 提供银行卡号查身份证-900RMB·(拍18份) 中国工商农业建业邮政光大交通兴业广发浦发中信银行正反查价格不一600起 五大行流水/提供银行卡号卡号/~~~3000/月·(拍60份) 【网购地址信息类】 无单号顺丰地址-提供手机号码-500RMB·(拍10份) 有单号顺丰地址-提供手机号码-850RMB·(拍15份) 邮政快递-提供手机号码-500RMB·(拍10份) 无单号大数据地址-提供手机号码-500RMB·(拍10份) 无单号外卖地址达达-提供手机号码-500RMB·(拍10份) 无单号美团地址-提供手机号码-500RMB·(拍10份) 无单号饿了么地址-提供手机号码-500RMB·(拍10份) 无单号淘宝默认收货地址-提供手机号码+身份证号码-600RMB·(拍12份) 拼多多收货地址-提供手机号+身份证号码-600RMB·(拍12份) 京东收货地址-提供手机号+身份证号码-600RMB·(拍12份) 唯品会收货地址-提供手机号+身份证号-600RMB·(拍12份) 【手机号码信息类】 联通手机号机主身份证-提供手机号-400RMB·(拍8份) 移动机主信息-提供手机号（部分）-600RMB(拍12份） 电信机主信息-提供手机号（部分）-600RMB(拍12份） 手机号码定位-提供手机号-1000RMB·(拍20份) 联通通话记录-提供手机号-2000RMB-月·(拍40份) 移动通话记录-提供手机号-2000RMB-月·(拍40份) 电信通话记录-提供手机号-2000RMB-月·(拍40份) 手机号码查姓名-提供手机号-200RMB·(拍4份) 【全国房产】 固定资产商品房-提供身份证-1500RMB(拍30份) 【社交软件类】 微信号查注册手机号-提供微信号码--时价 微信好友提取-提供微信号吧他的好友提取出来--时价 QQ好友提取-提供QQ号把他的好友全部提取出来--时价） QQ群提取--时价 （注意以上价格只针对个人散单，同行可以来合作互补） ------------------------------------------------- 批发同行资源.百分百给你优势 ------------------------------------------------- 常年寻求各类一手资源，数字货币交易安全可靠 如果有什么不清楚的地方可以随时向我咨询 如果你想要做代理，你可以拍下50份然后留言，我会和你联系，只要你的量大那我给的价格就低 【买家必看】 我不是源头我只是中间商赚取差价， 查询信息不是现货他是订制品您一但下单就更改不了了， 他不是商品你退货了其他人也可以用， 查信息不是，它是专属于您的信息， 自您下单开始我就已经产生费用了，查不了的除外， 希望您可以理解卖家的难处不要故意刁难无理由挂起， 本店郑重的承诺，在本店查询的信息百分百的真实有效， 如果质疑查询结果请您必须出具有力证据，不要光靠嘴说，我会严肃处理（百分百退款）。  承诺 本店查询百分百保真,8397161d4c0a94de29fa08757028f06932dd3959e8b8466798dce3a348744a87,1bd83debe4143ff467d112c92b472775494a47e9f5e22f42dc6ae707864b8b07
v8_identity_control_component_closure_907ab44ba89a64ccf0ed1f85,507092,B,products_data.csv|identity_control|seller_id:507092|cohort:B,products_data.csv|record:357|sha256:df79f3551c858a033c7f,products_data.csv,357,358,129,46700,一银行卡微信zfb查身份证,常规服务与操作,1.接批量银行卡查身份证+预留手机号（拍100份）批量打五折 提供银行卡号，反馈结果注册人的身份证+手机号. 2.微信号查身份证，注册手机号。（拍100份）批量打五折,df79f3551c858a033c7f9fb87dadb8e70b59da93907c3c7a0b7f9b31f11f1153,5b4d0f2c1a3d405009ec0c304a1056279f5e7729d7eb9f6008718b348f7d7014
v8_identity_control_component_closure_907ab44ba89a64ccf0ed1f85,507092,B,products_data.csv|identity_control|seller_id:507092|cohort:B,products_data.csv|record:432|sha256:d3299ab8941b875b3550,products_data.csv,432,433,204,34595,查询各大银行流水,常规服务与操作,无盲查询各大银行流水， 最近100流水账， 500美金 查询周期2天内出结果 不接受挂起，    : 注意是银行提供给法院的金融系统查询的，不是银行内部查询 资料出来后局部打码赛克，放款后发你完整资料,d3299ab8941b875b3550277a50f584d8e0af5798be08385c58a864924be0b816,8dac447bfbe223cf8f4290a550992a46bebd75c2fb0a847a6f3946caf83b020e
v8_identity_control_component_closure_98444f42afb9409392a58d28,522959,A,products_data.csv|identity_control|seller_id:522959|cohort:A,products_data.csv|record:741|sha256:85b30782a8e22a0866ee,products_data.csv,741,742,246,42106,视频传授小白也可以让你女友次次小高潮,技术服务[非教程],这几天看完全套教程，两个感受：  一，为何不早点找到这套如此靠谱的X爱教程！  二，此等重量级干货必须让兄弟们看到，别在受网上那些乱七八糟X爱教程忽悠。  教程翻译后共26集视频，总时长1421分钟，详细目录看下方图片，大尺度实战讲解！你懂的！这是迄今为止我看到的最完整最实用的一套性爱教程。    你看过这套教程后就会明白，相比之下，网上别的的教程是多么垃圾！渣渣！甚至连皮毛都不算！  一个男人如果没看过这套教程，那真是天大的遗憾，特别是在X方面表现一般般的兄弟！不要错过！  朋友说要是卖的话，每人至少收费500。因为，教程实在太他妈靠谱！翻译费也确实贵！又耗时三个月才做好！况且别的地方根本没有，你想要只能原价去买日文版光盘！,85b30782a8e22a0866eefd3f138b3770ef3219f3d1ae0a61efff7374e5446ff7,09b3535ae46d468c83cc86b6cb512d03aa9aff6e7554b7e5df96a8e278194268
v8_identity_control_component_closure_98444f42afb9409392a58d28,522959,A,products_data.csv|identity_control|seller_id:522959|cohort:A,products_data.csv|record:1101|sha256:59b57dfbefe688999a12,products_data.csv,1101,1102,6,44183,高清身份证正反面照法人营业执照自动发货300套,虚拟物品,高清身份证正反面照+法人营业执照+自动发货+300套 图片清晰（参考图片）、真实有效、用处多多,59b57dfbefe688999a127e2ecdddc937a11eda333cb8af0b4ec34a4d5da24dee,6a87eb1081de51a3d1a50cc5ad7a630dcac887852cdcbb671839209514744dc8
v8_identity_control_component_closure_98444f42afb9409392a58d28,522959,B,products_data.csv|identity_control|seller_id:522959|cohort:B,products_data.csv|record:1236|sha256:2120fa797f17e8dceb82,products_data.csv,1236,1237,142,54020,2023年底裸贷照片视频联系方式,虚拟物品,防止他人恶意复制，已经购买无法退款，请知晓,2120fa797f17e8dceb82aec856dae27da093f621f5d35fc9bc17bd7cb0f11134,330733231c96486f2a9423b6da4e666a08ce9d3961a1ea251a8092ff6fbe8649
v8_identity_control_component_closure_98444f42afb9409392a58d28,522959,B,products_data.csv|identity_control|seller_id:522959|cohort:B,products_data.csv|record:1611|sha256:5dae42c34aa4a94fdea0,products_data.csv,1611,1612,10,42105,pua把妹技术让妹妹每天给你口,教程与文档,教你如何一步一步把妹，天天让他听你话，离不开你！,5dae42c34aa4a94fdea0d53d56882d958ce1fc1ac0fed81558a879bab4f4d695,a9dd64590fe99d54a68691359789503d328a425d13926ced44630bc2349d8910
v8_identity_control_component_closure_9dab518bb202efddc9ef064a,504232,A,products_data.csv|identity_control|seller_id:504232|cohort:A,products_data.csv|record:427|sha256:8d2bd191eca220c758f4,products_data.csv,427,428,199,38278,接亡单不成功不收费,常规服务与操作,本团队多年来在东南亚顺利完成亡单超过十单，现在在大陆有正当生意作掩饰，专业接亡单。我们做事经验丰富，不留后患，不成功不收费。收费参考价为十万美元，雇主需提供目标的照片、职业、体态、日常活动区域等信息。,8d2bd191eca220c758f474c32c0a541620bf11af869aef099b330ef9ced113c6,97c962dfd5d0df32101e5e3ec1f3305fdfa17d29ac8c6a1ef746389648984a81
v8_identity_control_component_closure_9dab518bb202efddc9ef064a,504232,A,products_data.csv|identity_control|seller_id:504232|cohort:A,products_data.csv|record:1941|sha256:1171a56b0d67c0bc17db,products_data.csv,1941,1942,59,45145,售搞来的细支中华烟,实体发货商品,卖搞到手的细支中华烟，从烟店搞到，还有仓库弄到手的。超低价出。标的是一条，十包的价格,1171a56b0d67c0bc17dbbebe28baef38ac2d180d38f08e36e3f578a6ace6d0a3,c4c792ecd3995cc2aab3dc652a58063ddb0c46bc7aa258036ed227bb8e8ed0af
v8_identity_control_component_closure_9dab518bb202efddc9ef064a,504232,A,products_data.csv|identity_control|seller_id:504232|cohort:A,products_data.csv|record:1953|sha256:a3b07c729cbc8237800a,products_data.csv,1953,1954,71,45066,超简单超快捷停车场道闸遥控器复制器,实体发货商品,和汽车遥控器外观一样。快速复制，超简单！以后你要进入这个停车场就按一下开关，杆就起来了，你可开车自由进出。十五到二十米复制信号没问题。简单粗暴,a3b07c729cbc8237800ac01cdcbc425056e6a2ce5817e7bdb594680e67ea621d,b80d6875bd3362f91d9d0f2883a859bf6c04a2a199e199eca2609111a5beb96c
v8_identity_control_component_closure_9dab518bb202efddc9ef064a,504232,A,products_data.csv|identity_control|seller_id:504232|cohort:A,products_data.csv|record:1969|sha256:6e5f9876a332e5b1b09d,products_data.csv,1969,1970,87,42814,出售汽车锁车信号强力干扰器,实体发货商品,出售汽车锁车强力干扰器，大小如空调遥控器。可放在兜里，当车主出车门时打开开关，也就是干扰车主把车门锁上，可屏蔽大约七成的车。操作：打开开关就自动干扰！超级简单粗暴！拿到货随时随地直接开干！下单后需留收货地址电话,6e5f9876a332e5b1b09d9575e7d9dc3a8ca50aee64667321f3998227c7629b52,adfb80a8739aa458009f41b34ae71cf2582362bc3b2729631d1ee98eeb631f8f
v8_identity_control_component_closure_9dab518bb202efddc9ef064a,504232,A,products_data.csv|identity_control|seller_id:504232|cohort:A,products_data.csv|record:2002|sha256:00b6087cabbca0a76d7f,products_data.csv,2002,2003,120,39451,出售深圳某高档小区门禁通卡,实体发货商品,小区每套房子价值一千万元人民币或以上，小区内都是名车。同时还提供小区安防布局细节。接受询问。拍一份60美元，包含咨询服务。通卡也就是可刷开任何一道公共门。对于卖房子的，送快递的，还有非法活动的都很方便,00b6087cabbca0a76d7fe7fb6d63136bda654d6481f69bff23cd0dce853f20b8,278e471ff03e7d6cffe2b1f2739a0764e451297f538759bb17efdd6dbbe36bb7
v8_identity_control_component_closure_9dab518bb202efddc9ef064a,504232,B,products_data.csv|identity_control|seller_id:504232|cohort:B,products_data.csv|record:1938|sha256:440f4f1c88a7643c223e,products_data.csv,1938,1939,56,38871,出售氯硝西泮50粒装05mg,实体发货商品,氯硝西泮为强效安眠药，药力相当于地西泮片五倍，五十粒足够让一个人失去生命，真正药厂直接取出的。你可让拿小动物做实验，一粒可以让它昏睡五个小时。药物来之不易，拒绝讨价还价。如药效不是上述一样，可以让网站退回货款。拍一份为60美元。,440f4f1c88a7643c223e97fb962ec62c77c549967e002496df47bae9410e75c5,7777139d768f97eeb4e55f8c28064d13e4421f17c7069ee4bef6b30447453b91
v8_identity_control_component_closure_9dab518bb202efddc9ef064a,504232,B,products_data.csv|identity_control|seller_id:504232|cohort:B,products_data.csv|record:1951|sha256:6d256bd791da6c7f7f07,products_data.csv,1951,1952,69,45493,售香港手机卡,实体发货商品,"属于中国移动在香港发行的手机号，不需实名登记，内含一百港元左右话费。直接可接打电话。充值在淘宝就能充。收到货可直接打电话，注册APP,微信等较方便，基本上不会被封",6d256bd791da6c7f7f0789d17f487faedc4d751369292db29753c819b960bb38,5cba1ce83e52f5ff8650f801fd92ab24a491759a73ca0d5d50cdff7bc62db77d
v8_identity_control_component_closure_9dab518bb202efddc9ef064a,504232,B,products_data.csv|identity_control|seller_id:504232|cohort:B,products_data.csv|record:1964|sha256:286c149fe39da1ab9fa6,products_data.csv,1964,1965,82,43130,可以和朋友喝酒时放的u盘,实体发货商品,有欣赏价值，人美，身材好，舞姿上档次，法国女人，高水平脱全光。大批记者贵宾拍照。全身露！诱人！和宾客互动！ktv包房也可播放。已拷到u盘。拍过后需留收u盘地址和电话,286c149fe39da1ab9fa6e5abd3c71ecf669601be2aa06131195035aece6ca0f8,8b5b08ca6b11aa2950348215d76cf1fd99c0ec79e86707bec9c6b5f1709be8d8
v8_identity_control_component_closure_9dab518bb202efddc9ef064a,504232,B,products_data.csv|identity_control|seller_id:504232|cohort:B,products_data.csv|record:1989|sha256:89edfba1b3c002b93d20,products_data.csv,1989,1990,107,40255,出售硅胶头套,实体发货商品,出售硅胶头套，也就是人皮面具。傍晚戴上头套出门做事或自动柜员机取钱很合适。做工细腻，很逼真，非刻意细看不会发现异常。用料也相当高端。套上可大胆在摄像头下面办事。一个头套，一直连到脖子处，售价450美元。买家拍下后需留收货的信息。,89edfba1b3c002b93d20df9d498da3b07515de6df3ac30486ceb3ab0903b77fb,33b51a7cb294d5347f932bcf86f86840267a5ff3bab6a0f426df75f44b0b8bf7
v8_identity_control_component_closure_9dab518bb202efddc9ef064a,504232,B,products_data.csv|identity_control|seller_id:504232|cohort:B,products_data.csv|record:1999|sha256:9e58a8d97804bd64a2ad,products_data.csv,1999,2000,117,39717,出售赌博出千设备,实体发货商品,出售赌博出千设备。有专用扑克牌（和街上买的一模一样），扫描设备（体积很小，放牌桌上），主机（放衣服裤子袋里），发牌打色后戴在耳朵的微型耳机就会传来哪家赢的信息（斗牛），然后你马上把钱押在那家上。货物一份788.6美元。做庄的方法拍下后我会教你。拍下物品后需留收货方式。,9e58a8d97804bd64a2ad37171e39b578e5ab121d9051aec7ce4334268babcdb7,531f6db6cb8e3010ffba9de53f26ef94072da2b9f8d2877dd2f4e3fa28175f6a
v8_identity_control_component_closure_a306a038c2a96d1b12637054,508275,A,products_data.csv|identity_control|seller_id:508275|cohort:A,products_data.csv|record:383|sha256:e46f3830b16a8c3d4453,products_data.csv,383,384,155,42007,全网高性价_查资产_查户籍_查轨迹_侦探查询_保真稳定,常规服务与操作,发帖后不便修改内容； 可以直接拍下，能查就直接给你查了， 价格随行情波动，如果差价较大会联系你直接退款； 其它查询内容请留言； 一般当天或者隔天出结果。 ------------------------------------------------- 【个人信息】请提供身份证 个人户籍 200RMB·(拍2份) 全家户籍 800RMB·(拍8份) 犯罪记录 400RMB·(拍4份) 网逃记录 400RMB·(拍4份) 学信学籍 800RMB·(拍8份) 开房记录 1600RMB·(拍16份) 婚姻记录 500RMB·(拍5份) 工作单位 800RMB·(拍8份) 个人轨迹 2100RMB·(拍21份) 个人征信 2600RMB·(拍26份) ------------------------------------------------- 【车辆/房产】请提供身份证 名下房产/套 1500RMB·(拍15份) 名下车 400RMB·(拍4份) 车辆抵押 1200RMB·(拍12份) 车辆保险 1200RMB·(拍12份) ------------------------------------------------- 【快递外卖】请提供手机号 顺丰地址 800RMB·(拍8份) 邮政及其他快递600RMB·(拍6份) 美团外卖 1900RMB·(拍19份) 饿了么 1900RMB·(拍19份) ------------------------------------------------- 【手机号码】请提供手机号 联通查机主 300RMB·(拍3份) 移动查机主 500RMB(拍5份) 电信机查机主 500RMB(拍5份) 手机号定位 1700RMB·(拍17份) 联通通话记录 4000RMB/月·(拍40份) 移动通话记录 9000RMB/月·(拍90份) 电信通话记录 7000RMB-月·(拍70份) 身份证查手机 500RMB(拍5份) ------------------------------------------------- 【社交软件】请提供相应账号 微信查手机号 1900RMB(拍19份) 微信好友提取 2900(拍29份) QQ好友提取 2900(拍29份) QQ群提取 1200（拍12份） ------------------------------------------------- 【银行】请提供身份证或银行卡号 四大行或其它商业银行（地方小银行不一定能出）正反查 2100起 银行流水/提供银行卡号卡号 4000/月·(拍40份) 具体价格请留言 ------------------------------------------------- 一般当天（或隔天）出结果保真。查询不到全额退款； 如有疑问或其它服务查询请留言，每天不定时上线第一时间回复。,e46f3830b16a8c3d445313c255d9a71ebbc313ce7c1adfef8386140974374182,04f6337d490cd9bf6ebc15e2a7ae7646bf8103d3cda06fb4dbd9d9b8483d48b7
v8_identity_control_component_closure_a306a038c2a96d1b12637054,508275,A,products_data.csv|identity_control|seller_id:508275|cohort:A,products_data.csv|record:391|sha256:8f195bc60cd2a7588770,products_data.csv,391,392,163,41771,全网最高信价比查询_查人_查档_查资产,常规服务与操作,发帖后不便修改内容； 价格随行情波动，可以直接拍下，能查就直接给你查了，如果差价较大会联系你直接退款； 其它查询内容请留言； 一般当天或者隔天出结果。 ------------------------------------------------- 【个人信息】请提供身份证 个人户籍 300RMB·(拍3份) 全家户籍 900RMB·(拍6份) 犯罪记录 400RMB·(拍4份) 网逃记录 400RMB·(拍4份) 学信网学籍 800RMB·(拍8份) 开房记录 1800RMB·(拍18份) 婚姻记录 500RMB·(拍5份) 工作单位 800RMB·(拍8份) 个人轨迹 2100RMB·(拍21份) 个人征信 2600RMB·(拍26份) ------------------------------------------------- 【车辆/房产】请提供身份证 名下房产/套 1500RMB·(拍15份) 名下车 400RMB·(拍4份) 车辆抵押 1200RMB·(拍12份) 车辆保险 1200RMB·(拍12份) ------------------------------------------------- 【快递外卖】请提供手机号 顺丰地址 1000RMB·(拍10份) 邮政及其他快递800RMB·(拍8份) 美团外卖 1900RMB·(拍14份) 饿了么 1900RMB·(拍14份) ------------------------------------------------- 【手机号码】请提供手机号 联通查机主 400RMB·(拍4份) 移动查机主 600RMB(拍6份) 电信机查机主 600RMB(拍6份) 手机号定位 1900RMB·(拍19份) 联通通话记录 4000RMB/月·(拍40份) 移动通话记录 9000RMB/月·(拍90份) 电信通话记录 7000RMB-月·(拍70份) 身份证查手机 500RMB(拍5份) ------------------------------------------------- 【社交软件】请提供相应账号 微信查手机号 1900RMB(拍19份) 微信好友提取 2900(拍29份) QQ好友提取 2900(拍29份) QQ群提取 1200（拍12份） ------------------------------------------------- 【银行】请提供身份证或银行卡号 四大行或其它商业银行（地方小银行不一定能出）正反查 2100起 银行流水/提供银行卡号卡号 4000/月·(拍40份) 具体价格请留言 ------------------------------------------------- 一般当天（或隔天）出结果，保真。查询不到全额退款； 如有疑问或其它服务查询请留言，每天不定时上线第一时间回复。,8f195bc60cd2a75887702a882fc0f23c905a16d8c9751df9586cdf18a1f33c83,4e4a98d9c5783bc7e78ab67979088181f84bc6b854b46d033ec602dde2174748
v8_identity_control_component_closure_a306a038c2a96d1b12637054,508275,A,products_data.csv|identity_control|seller_id:508275|cohort:A,products_data.csv|record:392|sha256:abf087420e2fd2e4f3a1,products_data.csv,392,393,164,41717,全网最高性价比查询查档查身份证轨迹,常规服务与操作,发帖后不便修改内容； 价格随行情波动，建议拍前先咨询； 其它查询内容请留言； 一般当天或者隔天出结果。 ------------------------------------------------- 【个人信息】请提供身份证 个人户籍 300RMB·(拍3份) 全家户籍 600RMB·(拍6份) 犯罪记录 400RMB·(拍4份) 网逃记录 400RMB·(拍4份) 学信网学籍 800RMB·(拍8份) 开房记录 1800RMB·(拍18份) 婚姻记录 500RMB·(拍5份) 工作单位 800RMB·(拍8份) 个人轨迹 2100RMB·(拍21份) 个人征信 2600RMB·(拍26份) ------------------------------------------------- 【车辆/房产】请提供身份证 名下房产/套 1500RMB·(拍15份) 名下车 400RMB·(拍4份) 车辆抵押 1200RMB·(拍12份) 车辆保险 1200RMB·(拍12份) ------------------------------------------------- 【快递外卖】请提供手机号 顺丰地址 1000RMB·(拍10份) 邮政及其他快递800RMB·(拍8份) 美团外卖 1400RMB·(拍14份) 饿了么 1400RMB·(拍14份) ------------------------------------------------- 【手机号码】请提供手机号 联通查机主 400RMB·(拍4份) 移动查机主 600RMB(拍6份) 电信机查机主 600RMB(拍6份) 手机号定位 1900RMB·(拍19份) 联通通话记录 4000RMB/月·(拍40份) 移动通话记录 9000RMB/月·(拍90份) 电信通话记录 7000RMB-月·(拍70份) 身份证查手机 500RMB(拍5份) ------------------------------------------------- 【社交软件】请提供相应账号 微信查手机号 1900RMB(拍19份) 微信好友提取 2900(拍29份) QQ好友提取 2900(拍29份) QQ群提取 1200（拍12份） ------------------------------------------------- 【银行】请提供身份证或银行卡号 四大行或其它商业银行（地方小银行不一定能出）正反查 2100起 银行流水/提供银行卡号卡号 4000/月·(拍40份) 具体价格请留言 ------------------------------------------------- 一般当天（或隔天）出结果，保真。查询不到全额退款； 如有疑问或其它服务查询请留言，每天不定时上线第一时间回复。,abf087420e2fd2e4f3a19c20860bceafa21444ee4860d22b33a1f29329c871b0,4842e5eb15bfda279f1defd67733992535a1791c306cb8d628bcad4f1ffe0571
v8_identity_control_component_closure_a306a038c2a96d1b12637054,508275,B,products_data.csv|identity_control|seller_id:508275|cohort:B,products_data.csv|record:380|sha256:702911b6a8e5350c08ca,products_data.csv,380,381,152,41999,侦探查询_查资产_查户籍_查轨迹_高质稳定,常规服务与操作,发帖后不便修改内容； 可以直接拍下，能查就直接给你查了， 价格随行情波动，如果差价较大会联系你直接退款； 其它查询内容请留言； 一般当天或者隔天出结果。 ------------------------------------------------- 【个人信息】请提供身份证 个人户籍 200RMB·(拍2份) 全家户籍 800RMB·(拍8份) 犯罪记录 400RMB·(拍4份) 网逃记录 400RMB·(拍4份) 学信学籍 800RMB·(拍8份) 开房记录 1600RMB·(拍16份) 婚姻记录 500RMB·(拍5份) 工作单位 800RMB·(拍8份) 个人轨迹 2100RMB·(拍21份) 个人征信 2600RMB·(拍26份) ------------------------------------------------- 【车辆/房产】请提供身份证 名下房产/套 1500RMB·(拍15份) 名下车 400RMB·(拍4份) 车辆抵押 1200RMB·(拍12份) 车辆保险 1200RMB·(拍12份) ------------------------------------------------- 【快递外卖】请提供手机号 顺丰地址 800RMB·(拍8份) 邮政及其他快递600RMB·(拍6份) 美团外卖 1900RMB·(拍19份) 饿了么 1900RMB·(拍19份) ------------------------------------------------- 【手机号码】请提供手机号 联通查机主 300RMB·(拍3份) 移动查机主 500RMB(拍5份) 电信机查机主 500RMB(拍5份) 手机号定位 1700RMB·(拍17份) 联通通话记录 4000RMB/月·(拍40份) 移动通话记录 9000RMB/月·(拍90份) 电信通话记录 7000RMB-月·(拍70份) 身份证查手机 500RMB(拍5份) ------------------------------------------------- 【社交软件】请提供相应账号 微信查手机号 1900RMB(拍19份) 微信好友提取 2900(拍29份) QQ好友提取 2900(拍29份) QQ群提取 1200（拍12份） ------------------------------------------------- 【银行】请提供身份证或银行卡号 四大行或其它商业银行（地方小银行不一定能出）正反查 2100起 银行流水/提供银行卡号卡号 4000/月·(拍40份) 具体价格请留言 ------------------------------------------------- 一般当天（或隔天）出结果，保真。查询不到全额退款； 有疑问或其它服务查询请留言，每天不定时上线第一时间回复。,702911b6a8e5350c08ca60ccb6e9c371fc265d1b2f275f99f78aa1344da60f2f,dcb957da082988300bfe3c13d0adaaa250796bee3d3f65133ea3a17310887025
v8_identity_control_component_closure_a306a038c2a96d1b12637054,508275,B,products_data.csv|identity_control|seller_id:508275|cohort:B,products_data.csv|record:387|sha256:316144e16ba75da3cbaf,products_data.csv,387,388,159,41833,侦探查询_查资产_查户籍_查所有_查身份证轨迹,常规服务与操作,发帖后不便修改内容； 可以直接拍下，能查就直接给你查了， 价格随行情波动，如果差价较大会联系你直接退款； 其它查询内容请留言； 一般当天或者隔天出结果。 ------------------------------------------------- 【个人信息】请提供身份证 个人户籍 200RMB·(拍2份) 全家户籍 800RMB·(拍8份) 犯罪记录 400RMB·(拍4份) 网逃记录 400RMB·(拍4份) 学信学籍 800RMB·(拍8份) 开房记录 1600RMB·(拍16份) 婚姻记录 500RMB·(拍5份) 工作单位 800RMB·(拍8份) 个人轨迹 2100RMB·(拍21份) 个人征信 2600RMB·(拍26份) ------------------------------------------------- 【车辆/房产】请提供身份证 名下房产/套 1500RMB·(拍15份) 名下车 400RMB·(拍4份) 车辆抵押 1200RMB·(拍12份) 车辆保险 1200RMB·(拍12份) ------------------------------------------------- 【快递外卖】请提供手机号 顺丰地址 800RMB·(拍8份) 邮政及其他快递600RMB·(拍6份) 美团外卖 1900RMB·(拍19份) 饿了么 1900RMB·(拍19份) ------------------------------------------------- 【手机号码】请提供手机号 联通查机主 300RMB·(拍3份) 移动查机主 500RMB(拍5份) 电信机查机主 500RMB(拍5份) 手机号定位 1700RMB·(拍17份) 联通通话记录 4000RMB/月·(拍40份) 移动通话记录 9000RMB/月·(拍90份) 电信通话记录 7000RMB-月·(拍70份) 身份证查手机 500RMB(拍5份) ------------------------------------------------- 【社交软件】请提供相应账号 微信查手机号 1900RMB(拍19份) 微信好友提取 2900(拍29份) QQ好友提取 2900(拍29份) QQ群提取 1200（拍12份） ------------------------------------------------- 【银行】请提供身份证或银行卡号 四大行或其它商业银行（地方小银行不一定能出）正反查 2100起 银行流水/提供银行卡号卡号 4000/月·(拍40份) 具体价格请留言 ------------------------------------------------- 一般当天（或隔天）出结果，保真。查询不到全额退款； 如有疑问或其它服务查询请留言，每天不定时上线第一时间回复。,316144e16ba75da3cbaf19a7892d30d3452d7bc352cfcd6d25161c13b9acaf86,1124b076091782293e4c6bf249010a237ca4f08382858096f990b141edc4130c
v8_identity_control_component_closure_a306a038c2a96d1b12637054,508275,B,products_data.csv|identity_control|seller_id:508275|cohort:B,products_data.csv|record:395|sha256:abcb9e57ae250649b408,products_data.csv,395,396,167,41633,稳定查房查档,常规服务与操作,长期稳定保真查房。 提供身份证-查全国2年开房记录-拍40份（4000RMB) 提供身份证-查全国3年开房记录-拍55份（5500RMB) 提供身份证-查全国开房同同行记录-拍55份（5500RMB) 提供其它查询，请留言咨询。保真，查不到全额退款。,abcb9e57ae250649b40894ddbffaebdffb79c428af3f5bbf4c3cc9ab4e03c67f,f37b5120265206093e195c62fc74eff7747dd781c59efa42b8955ff85d9a8c65
v8_identity_control_component_closure_b46142e89a46cc36f4d6990b,597964,A,products_data.csv|identity_control|seller_id:597964|cohort:A,products_data.csv|record:704|sha256:2d8803608048fa13ea6c,products_data.csv,704,705,209,42192,购买的支付宝养号秘籍有效避免被风控,技术服务[非教程],很多人不方便使用自己的支付宝收付款， 然后买了支付宝，出现了比如冻结付款等情况 其实这些都可以避免的，把自己总结的一些养号心得分享出来 价格不高，但是很实用。至少我自己买的支付宝号能使用很久 很少被风控 拍下自动发货，有事留言 不要无意义的恶意挂起，申诉到底,2d8803608048fa13ea6c1eff693fb2cc5b9436e72b4443a8f63b83c960e773e3,4c1f7971cc4f87222b32d3c76fd2ca85e3a4a2f1e7658007565d4557c55d8d94
v8_identity_control_component_closure_b46142e89a46cc36f4d6990b,597964,A,products_data.csv|identity_control|seller_id:597964|cohort:A,products_data.csv|record:1845|sha256:dcb2b11970c835601339,products_data.csv,1845,1846,261,42184,数字货币洗钱教程,教程与文档,如题 此教程适用于黑灰产资金洗白。 简单真实易操作。此方法可以复制。禁止倒卖！！自己用就行了。,dcb2b11970c83560133972ae7d86d620ba3da439468f8073b35403b5f5487ffd,6a68223051686a3793ca74480d0b72a88ccec2ad7cb4fa26c936c57701ea9fe2
v8_identity_control_component_closure_b46142e89a46cc36f4d6990b,597964,B,products_data.csv|identity_control|seller_id:597964|cohort:B,products_data.csv|record:385|sha256:9fde613611ffc96911de,products_data.csv,385,386,157,42037,价低查档欢迎批量,常规服务与操作,"查无赦 身份证相关查询业务】 个人户 ▽ 50 全家户 ▽ 220 查名下车 ▽ 130 名下无车也出图也收费 车主信息 ▽ 150 提供车牌号三页档包含sfz号 名字 手机号等 名下手机号 ▽ 120 身份证复印件 ▽ 90 ⇔ 身份证高清正反 ▽ 180 ⇔ 大头照 ▽ 90 模糊查询列模 ▽ 180 工作单位 ▽ 300 企业法人股东 ▽ 330 名下企业 ▽ 180 宽带地址 ▽ 250 出入境记录 ▽ 600 护照正反查 ▽ 250 学籍记录 ▽ 250 开房记录 ▽ 具体聊 婚姻记录 ▽ 500 电力房产 ▽ 800 同住记录 ▽ 具体聊 征信记录 ▽ 1200 身份证使用轨迹 ▽ 1500具体聊 人员大关联 ▽ 1700具体聊 ⇔ 车辆轨迹 ▽ 550 ⇔ 原始户 ▽ 1200 人脸识别 ▽ 600 ⇔ 同名列文字 ▽ 批量 一个3 ★大关联包含同住同乘同地等 ★身份轨迹包含:个人户籍/名下车/驾照/出入境/开房/机票/车票等业务  ★电力房产就是出所有电力缴费记录，可以当名下房产使用  【运营商业务】 手机号机主 ▽ 300 ⇔ 联通150 其他具体聊 通话记录 ▽ 2500/月 ,如果多月优惠 此为联通价，具体聊 手机定位 ▽ 900 顺丰地址 ▽ 260最后一次地址，如果多地址490 邮政地址 ▽ 190 百世地址 ▽ 190  美团地址 ▽ 500  ★通话记录优惠为4000/季 6000/半年 ★手机定位精度为200米，保1公里误差，只限电信联通，移动目前不能精准实时定位，请注意  ★顺丰邮政百世快递都是1年内最后一次地址，美团是3个月内最后一次  【社交平台】 微信号反查手机 ▽ 800 ⇔ 微信号反查实名信息和绑定的卡 ▽ 1250 具体聊 QQ查绑定手机 ▽ 200 微博查绑定手机 ▽ 200 手机号查绑定微博 ▽ 200 微信qq好友提取 2500 回单慢 名下支付宝账号 ▽ 400 支付宝收款码出实名信息 ▽ 500  身份证残缺号码补齐 160 【银行业务】 中国，工商，农业，建业，邮政，光大，交通，兴业，广发，浦发，中信银行正反查~~~价格不一500起 名下常用银行卡 ▽ 提供身份证名下绑定软件使用银行卡 ▽ 1000 五大行流水/提供银行卡号卡号 ▽ 3000 具体聊",9fde613611ffc96911de34e8dc1dc8a8a2dba13990e74dec8959402072833989,c077325ea5f37b4b1a4ae6faca542d475ff9506269fba64a73783fa5d0c1d50d
v8_identity_control_component_closure_b46142e89a46cc36f4d6990b,597964,B,products_data.csv|identity_control|seller_id:597964|cohort:B,products_data.csv|record:389|sha256:78ee29f34c6ecadab13e,products_data.csv,389,390,161,41818,适合bc行业提取竞争对手客户名单的来只需要微信号出好友名单,常规服务与操作,欢迎做生意的老板长期合作！！ 目标微信号放在留言框， 结果我会尽快回复你 2600人民币 五个起2000 以往单子如下图所示：,78ee29f34c6ecadab13e1d81852fa9bf21a0b0f537f9676a8bb81475208d89d5,2d98099a9321d52188b947c0cec9f75296e189588735a747444a70debf106371
v8_identity_control_component_closure_b65a641889642e25bf7e176a,399483,A,products_data.csv|identity_control|seller_id:399483|cohort:A,products_data.csv|record:671|sha256:ffc61c0a96ce5a3b9e05,products_data.csv,671,672,175,27214,大叔也可以的裸聊技术全套,技术服务[非教程],说说，这个到地能挣多少钱？ 这个主要取决于两个方面，一是你的客户都是有钱的，那就挣得多，你想很多网红不漏什么，都一月几万，你想一下，如果网红裸聊你又能挣多少钱呢？所以第二点取决于你的视频源！  大老板的联系方式可以自己找，也可以找我买，交易后联系就可以了！ 第二就是网红的视频也有的，这里的配套视频都是美女的虽然很好看，但不是网红啊！网红视频源，需要的交易后联系！  我徒弟做这个项目时的收入，每天8小时，800ip差不多3000左右，他的客户是普通客户，视频源也不是网红，就是美女，想挣更多，多弄些流量就可以了！或是高质量客户，网红视频源！  裸聊都知道是很挣钱的！具体步骤如下： 首先，流量，可以买色粉！也可以自己推广留微信 然后，和对方语音几句或是视频一下（几秒钟），然后说收费标准，一般一分钟一元钱以上，听指挥的要2元每分钟！ 后面如果对方想见面啪啪，那就收定金！  只要软件配合都是可以完成的，啪啪那个肯定是不行，不过你也可以找个小姐过去，看你怎么操作了！还可以介绍质量好的外围女，都是可以的  需要工具：男声变女声，这个软件有好多种，大部分我都用过，站里有个变声的，那种都是搞笑用的，实际效果，不做评述！有个国外的软件，电脑上用的，变声器效果很好，我是38岁，变声以后听着像28左右女孩的声音，这个和声线有关，经过训练也可以，就是麻烦点！这个软件请拍2个 另一种效果就很好，手机上用的，这种是播放的录音，所以效果非常好，就是贵点，安卓请拍12个 绑定手机的，苹果安卓都可以 苹果的手机请拍20个  再就是微信虚拟视频软件，这个是电脑上的！可以视频的时候播放视频，还有配套的视频也会送你！请拍2个！  关于推广，推广的流量越多，肯定挣得就越多，可以提供你十几个推广脚本，适用于不同聊天软件！请拍8个  当然做这个有没有什么弊端呢？ 首先就是微信号容易封号，就是被人举报了！如何避免，当然是有方法的，避免封号的方法请拍3个，是不是就一定不会封号？那不是的，可以很大程度上规避风险！ 因为每个人也就几百元，所以安全还是可以的！  付款后留下邮箱，我把你拍的相应东西发你,ffc61c0a96ce5a3b9e05fe2f7739a7d48111a121c1cc81c93e2e514213e475e1,c4229ce404c81ab3e261a64344bdfcdd9a800fd276b3066c8093c593a3926662
v8_identity_control_component_closure_b65a641889642e25bf7e176a,399483,A,products_data.csv|identity_control|seller_id:399483|cohort:A,products_data.csv|record:1724|sha256:c845f12046c377adbe2b,products_data.csv,1724,1725,140,27743,AI视频换脸+过人脸识别+裸聊技术+苹果安卓监听+验证码技术=9.9自动发货,教程与文档,资源已经上传到网盘，自动发货，无需等待！赠品需留言或站内私信留言，看到就发你！  AI视频换脸技术（包括软件和换好的明星的视频） 很多明星哦！内容自己脑补一下 就是可以将视频中人物的脸换成你想要人的脸！ 过App中人脸识别的技术（包括软件） （这个是赠品，只有15分钟之内放款的朋友可以等到！） 这个就很容易理解，很多软件中都有人脸识别，只需要有一张高清的照片，就可以过很多世面上软件的人脸识别了！ 裸聊技术（两个软件一个变声器，一个虚拟视频） （这个是赠品，只有15分钟之内放款的朋友可以等到！） 有了这个就可以变成很多人了！ 安卓苹果电脑监听技术，可以监听对方的一举一动！ 可以用一周，过期就要收费！ 验证码技术，国内国外几十个平台和网站，让你从此注册无忧！  以上所有技术和软件加一起，一共需要9.9，真的只要这么多！ 这样就够了吗？ 在您付款之后，15分钟之内放款的朋友还可以等到下面为您准备的上百种小技术！   多种破解国内视频网站vip技术，可以不用花钱看视频！ 迅雷破解版，不限速，无广告！ 百度云破解版，不限速！ 几十种老司机看私密视频app让你看个够！ QQ定位微信定位技术，ip查询 rar密码破解 WiFi密码破解 微信破解版 上面这些只是列举了一部分，还有很多，都包含在下面的里面，这些都是别人的，我也没用过，所以不保障都有用！   还有 一个公众号，解密黑产灰产套路 一个公众号，上百种手机电脑技术 一个YouTube，很多破解软件 Telegram 机器人技术，定时群发技术  购买我的东西也是对我的信任，可以成为我的好友，以后有技术问题或是项目合作都可以找我！ 如果我解决不了，可以找我师傅帮忙，他人很好，很多东西都是他给我的！ 东西太多，好多还没有整理好，还会持续更新！ 关于发货，除赠品外都是自动发货，赠品请留言或站内私信，会在看到之后给您发货，3天之内！  虚拟物品，发货不退，但保证都是货真价实的，真实可用的，都是测试过的！,c845f12046c377adbe2bd9dceeeee9ecc39991fe3c66aec562930c652feaec4d,0950b20feee204e4620bb05ec47c083273ed8adab97d41a3f2853f17685693b8
v8_identity_control_component_closure_b65a641889642e25bf7e176a,399483,A,products_data.csv|identity_control|seller_id:399483|cohort:A,products_data.csv|record:1756|sha256:6e742ab2c2e4e3b59620,products_data.csv,1756,1757,172,27867,AI视频换脸+过人脸识别+裸聊技术+苹果安卓监听+验证码技术=9.9自动发货,教程与文档,资源已经上传到网盘，自动发货，无需等待！赠品需留言或站内私信留言，看到就发你！  AI视频换脸技术（包括软件和换好的明星的视频） 很多明星哦！内容自己脑补一下 就是可以将视频中人物的脸换成你想要人的脸！ 过App中人脸识别的技术（包括软件） （这个是赠品，只有15分钟之内放款的朋友可以等到！） 这个就很容易理解，很多软件中都有人脸识别，只需要有一张高清的照片，就可以过很多世面上软件的人脸识别了！ 裸聊技术（两个软件一个变声器，一个虚拟视频） （这个是赠品，只有15分钟之内放款的朋友可以等到！） 有了这个就可以变成很多人了！ 安卓苹果电脑监听技术，可以监听对方的一举一动！ 可以用一周，过期就要收费！ 验证码技术，国内国外几十个平台和网站，让你从此注册无忧！  以上所有技术和软件加一起，一共需要9.9，真的只要这么多！ 这样就够了吗？ 在您付款之后，15分钟之内放款的朋友还可以等到下面为您准备的上百种小技术！   多种破解国内视频网站vip技术，可以不用花钱看视频！ 迅雷破解版，不限速，无广告！ 百度云破解版，不限速！ 几十种老司机看私密视频app让你看个够！ QQ定位微信定位技术，ip查询 rar密码破解 WiFi密码破解 微信破解版 上面这些只是列举了一部分，还有很多，都包含在下面的里面，这些都是别人的，我也没用过，所以不保障都有用！   还有 一个公众号，解密黑产灰产套路 一个公众号，上百种手机电脑技术 一个YouTube，很多破解软件 Telegram 机器人技术，定时群发技术  购买我的东西也是对我的信任，可以成为我的好友，以后有技术问题或是项目合作都可以找我！ 如果我解决不了，可以找我师傅帮忙，他人很好，很多东西都是他给我的！ 东西太多，好多还没有整理好，还会持续更新！ 关于发货，除赠品外都是自动发货，赠品请留言或站内私信，会在看到之后给您发货，3天之内！  虚拟物品，发货不退，但保证都是货真价实的，真实可用的，都是测试过的！,6e742ab2c2e4e3b596201ad3d0f0c7430f7c7a7af6cfed5d98dc6ee789d7143a,e9bade46059d38dbd63315cbc24ff9e2a46bba10f927142e6278bd7a4fb9d61f
v8_identity_control_component_closure_b65a641889642e25bf7e176a,399483,B,products_data.csv|identity_control|seller_id:399483|cohort:B,products_data.csv|record:474|sha256:f5c24a6a4932b83bb309,products_data.csv,474,475,246,26582,富二代包装服务,常规服务与操作,完美包装服务  你和富二代只差一个有钱的爹吗？ 错，只差一个包装服务！ 你和官二代只差一个有钱的爹吗？  错，只差一个包装服务！ 你和拆二代只差一个房吗？  错，只差一个包装服务！  没有学历怎么办？ 可以包装学历啊！ 没有好工作怎么办？ 可以包装工作啊！ 没有房子车子怎么办？ 可以包装啊！  虽然包装的东西是虚幻的！ 但是你可以得到爱情！  虽然包装的东西是虚拟的！ 但是你可以得到面子！  虽然包装的东西是虚幻的！ 但是你可以得到票子！  问：这样的包装不是欺骗爱情吗？  错，你不是说爱我吗？为什么要在乎其他的？  问：这样的包装不是骗人吗？  错，中国社会干啥不需要关系，我有关系，帮你办事，事情没成，不是我不努力，而是钱不够！   问：这样的包装不是欺骗吗？  错，中国社会干啥不需要面子！有时候面子比里子更重要！    初级包装！   500美元，包括你想包装身份的，学历照，毕业照，旅游照，高档酒店照，消费照，房产照，跑车照！需要您的配合！我们做后期处理！不是专业人士看不出来是假的！     中级包装！   5000美元，包括房产证，毕业证，文凭证，原件的制作，当然是不可查的，也很少有人去查，不过您想要真的可查询的也可以做，具体价格看具体情况！     终极包装！   不但拥有上面东西以外，可以拍摄视频，网上炒作，制造新闻，比如富二代因摩擦，闹市区怒砸哈雷，价格详谈！,f5c24a6a4932b83bb309db603d6b24f914ce5fa199f122698ffc18d90f1a0475,1d25143323da866c4ed9235fa8677c9e7b9eb111b5f7d593ce53611f955e27d5
v8_identity_control_component_closure_b65a641889642e25bf7e176a,399483,B,products_data.csv|identity_control|seller_id:399483|cohort:B,products_data.csv|record:517|sha256:2bc7b23702b39362c00b,products_data.csv,517,518,18,26581,一个只花房费睡女大学生的方法,技术服务[非教程],一个可以睡女大学生的方法     大部分女学生钱都是不够花的，因为攀比，所以才出现了裸贷什么的！只要有女学生缺钱，想用身体换钱，那么这个方法就有效！ 并且个人做过几次，效果很好！只要你按照方法，一步一步的去操作，肯定可以睡到大学生！并且只出一个房费！,2bc7b23702b39362c00b564a9a58f32668bd9bab5d9679d556bb1f48fd2fd40a,eaa901c9948a12f95ce1b69ddbd90f475f12c56cfa5fcead5193b23bd267ef26
v8_identity_control_component_closure_b65a641889642e25bf7e176a,399483,B,products_data.csv|identity_control|seller_id:399483|cohort:B,products_data.csv|record:1649|sha256:c04e9bb2d0d4a4720997,products_data.csv,1649,1650,55,29486,脱衣软件+网贷诈骗+影艺大碗+阿里巴巴+刷cvv买比特币+5大技术,教程与文档,"美女照片脱衣软件，只要导入照片，点一下，一会美女衣服就脱掉了，还能保存照片哦！拍一个就可以！ AI视频换脸+过人脸识别+裸聊技术+苹果安卓监听+验证码技术 请拍10个 资源已经上传到网盘，自动发货，无需等待！赠品需留言或站内私信留言，看到就发你！  AI视频换脸技术（包括软件和换好的明星的视频） 很多明星哦！内容自己脑补一下 就是可以将视频中人物的脸换成你想要人的脸！ 过App中人脸识别的技术（包括软件） （这个是赠品，只有15分钟之内放款的朋友可以等到！） 这个就很容易理解，很多软件中都有人脸识别，只需要有一张高清的照片，就可以过很多世面上软件的人脸识别了！ 裸聊技术（两个软件一个变声器，一个虚拟视频） （这个是赠品，只有15分钟之内放款的朋友可以等到！） 有了这个就可以变成很多人了！ 安卓苹果电脑监听技术，可以监听对方的一举一动！ 可以用一周，过期就要收费！ 验证码技术，国内国外几十个平台和网站，让你从此注册无忧！  以上所有技术和软件加一起，一共需要9.9，真的只要这么多！ 这样就够了吗？ 在您付款之后，15分钟之内放款的朋友还可以等到下面为您准备的上百种小技术！   多种破解国内视频网站vip技术，可以不用花钱看视频！ 迅雷破解版，不限速，无广告！ 百度云破解版，不限速！ 几十种老司机看私密视频app让你看个够！ QQ定位微信定位技术，ip查询 rar密码破解 WiFi密码破解 微信破解版 上面这些只是列举了一部分，还有很多，都包含在下面的里面，这些都是别人的，我也没用过，所以不保障都有用！   还有 一个公众号，解密黑产灰产套路 一个公众号，上百种手机电脑技术 一个YouTube，很多破解软件 Telegram 机器人技术，定时群发技术  购买我的东西也是对我的信任，可以成为我的好友，以后有技术问题或是项目合作都可以找我！ 如果我解决不了，可以找我师傅帮忙，他人很好，很多东西都是他给我的！ 东西太多，好多还没有整理好，还会持续更新！ 关于发货，除赠品外都是自动发货，赠品请留言或站内私信，会在看到之后给您发货，3天之内！  虚拟物品，发货不退，但保证都是货真价实的，真实可用的，都是测试过的！    网贷诈骗平台源代码含套路! 请拍20个   一.十一种状态显示，可设置温馨提示，功能强大，具体看演示。 状态包含 1.审核未通过 2.正在审核 3.审核通过 4.已提现未出款 5. 提现成功 6. 待激活用户 7. 贷款资金冻结 8.收取保险费 9.预付首期费用 10. VIP加急到账 11.订单退款 二.接入审核通知短信，默认短信宝 三.可上传收款二维码。支持客户在线支付。 四.可设置某某会员禁止登陆。 五.在线客服系统，支持客户在线咨询，不跑单。  给你花借贷系统借款分期含支付，已经二次开发 把之前秒滴的短信平台换成了短信宝，充值更便宜 5快钱就可以,系统已集成天工支付，短信接口已对接为短信宝，如需其他支付接口请自行修改。 温馨提示：如果遇到某些客户，恶意频繁申请借款，生成订单。请在用户管理，找到那个客户的手机号，直接【禁止登录】即可！  【后台打三枪，操作流程】 步骤一：客户资料提交了，订单状态自动变为正在审核订单 步骤二：正常过10分钟左右，可以将订单 ./修改订单状态设置审核通过{ 此时短信接 口会下发通知短信内容到客户的手机上。} 客户前台界面会要提示 审核通 过，可提现，请及时出款，提现界面需要输入提款授权码，可以打一枪收费 授权码的费用。你给客户授权码，客户输入正确之后，状态会自动变为提现 已提交。 步骤步骤三：开始打第二枪，和客户说贷款审核通过提现成功了。需要收取代办包装费用 （百分之5）。 如果交谈中，客户不同意支付费用，就和他说不支付费用， 我们联系贷款平台不要出款。 （此时将客户的订单 ./修改状态已提-订单 未完成）短信接口会马上下发给客户通知短信他贷款的订单未完成无法账。 步骤四：这步是第三枪，如果客户前面2枪都支付了费用。那这第三枪，就是将客户 的订单设置为 ./修改订单状态订单出款冻结。（这时短信接口会下发客户通 知订单出款冻结了）这时，就要和客户沟通，叫他添加贷的业务部经理 办理解除冻结订单。 【经理，告诉客户，要解除订单冻结，需要预付贷款的首期费用，才能激活订单。 虚拟产品一经售出不退款 虚拟产品一经售出不退款 虚拟产品一经售出不退款  出售影艺圈各路大咖名人大碗的联系方式 请拍 130个  影艺圈各路大咖名人大碗的联系方式 你认识的不认识的，都有，不多说，觉得值就买，得来不易 下面是名单图   很详细的alibaba集团所有人联系方式，至于可以用来干什么，自己发挥 不接受任何理由退款！！！请慎拍！！！请拍30个  盗刷信用卡买比特币的新方法 请拍 60份  盗刷信用卡买比特币的新方法 -------------------------- 功能：教你盗刷通过特殊渠道获得的cc。英文版教程。如需翻译成简体中文，请拍两份。 你之所以没有盗刷成功，很可能是因为你不知道这些知识。打包出售，建议有理解力和动手能力的人购买。 不提供免费技术咨询，技术问题，请放币后再提问。 -----------------------------------------------------------   虚拟物品，不支持退货退款，拍下后留言，你需要的东西，我就会把相应的网盘地址发你了",c04e9bb2d0d4a4720997be71a7d3df1ce009cdbbcb46a9661ace91237922c98e,2223cbe54938dd4cfd15d0eb7627d4299f234ff9aa07be7d219071e38ebaac6a
v8_identity_control_component_closure_b87464ab81cede4b397db6f6,542685,A,products_data.csv|identity_control|seller_id:542685|cohort:A,products_data.csv|record:784|sha256:430f90cce05482d210e8,products_data.csv,784,785,289,37057,殺手_killer_missiom_興奮劑_formula,技术服务[非教程],購買後可看：馬賽克遮住部分 購買後可看：馬賽克遮住部分 購買後可看：馬賽克遮住部分 ----------------------------------------------------------- 台灣地區黑道殺手 美國海軍陸戰隊 橄欖球隊 專用 軍事行動專用  (Ephedrine hydrochloride)麻黃素鹽酸  (Caffine)咖啡因  (Aspirin)阿斯匹靈  購買後可看：馬賽克遮住部分 購買後可看：馬賽克遮住部分 購買後可看：馬賽克遮住部分  ----------------------------------------------------------- 以及 本教程提供內容：  1.如何服用，服用不當 將引發 a.胃痛，胃潰瘍 b.肝臟疲勞 c.腎上腺疲勞 d.臉部青春痘大增 e.身體發炎  服用得當的好處 a.預防中風，清血管與腸壁 b.專注力大幅提升(尤其在執行劇烈運動或軍事任務時) c.快速消耗脂肪，身體進入分解作用 e.預防肥胖與糖尿病(腎上腺素與胰島素拮抗)  2.為甚麼Why，這個興奮劑配方的原理是甚麼  3.如何取得藥物   回復後即可看到 教程，  歡迎 黑社會，殺手，功夫愛好者 購買   ----------------------------------------------------------- 購買後可看：馬賽克遮住部分 購買後可看：馬賽克遮住部分 購買後可看：馬賽克遮住部分,430f90cce05482d210e81c4203a105c46c90fa7e9bb88fec2fe474ce74b238ae,fb890d8bd5358a315f45f0068b443cdac08d3e468c03f86d81c720728f1b6f75
v8_identity_control_component_closure_b87464ab81cede4b397db6f6,542685,A,products_data.csv|identity_control|seller_id:542685|cohort:A,products_data.csv|record:1774|sha256:18ce55b9105817abe302,products_data.csv,1774,1775,190,37776,教你怎么_白嫖_免花錢_享受最刺激的服務,教程与文档,中央反黑， 但按摩店与桑拿仍隐藏在街头巷尾 以浙江为例， 口爆 400人民币 臀推 500人民币    身为一个游走在各大城市的老司机， 白嫖 是必备的生活艺术 与 情趣  冒险 远比 单纯的性爱来的刺激百万倍 尤其成功了还能与同伴夸耀事迹  购买即可看到教程，感谢各位买家大大,18ce55b9105817abe302c4cad2d3acb86f2ecdec8314f959a74170af4d470208,7de597400c819902caed9f36e70ee9c4a74a625529c68c021f23b26ee8615392
v8_identity_control_component_closure_b87464ab81cede4b397db6f6,542685,A,products_data.csv|identity_control|seller_id:542685|cohort:A,products_data.csv|record:1827|sha256:876bd5e388f17f775ec4,products_data.csv,1827,1828,243,37747,與女性_交談_攻防_深入人心的對話藝術,教程与文档,如圖所示， 購買後及時發貨,876bd5e388f17f775ec440d9a9a1732e8950ad1e7e14d1b713a2f880c9967758,f3244c0b144c655625f75ffed2b9e3001f4a5b5586201345cc2cfca96279bab8
v8_identity_control_component_closure_b87464ab81cede4b397db6f6,542685,B,products_data.csv|identity_control|seller_id:542685|cohort:B,products_data.csv|record:525|sha256:3349df7425869cf62119,products_data.csv,525,526,26,37130,精液一费洛蒙香水DIY,技术服务[非教程],如何用自身精液_制作费洛蒙香水 --------------------------------------------------------------------- 古埃及人很早就理解如何制作香水， 法国女性有个习俗，假如女性成年，遇到中意的男性 她们会将沾过自身阴道分泌物的香包，拿给他，以诱惑男人与其做爱  人类鼻腔中的犁鼻器，有许多费洛蒙受体， 成年男性与成年女性，在性行为过后 颈部、腋下、胯下、精液、阴道分泌物中 皆含有大量费洛蒙  成年男性分泌的是：雄二烯酮 成年女性分泌的是：雌四烯醇 --------------------------------------------------------------------- 如何将费洛蒙，搜集起来制作成费洛蒙香水，是本教程的核心课题 --------------------------------------------------------------------- 异性或同性恋，犁鼻器只要接收到挥发的费洛蒙， 在MRI脑核磁共振成像 的扫描下， 下视丘负责调节性欲的部分将会充血  人类的大脑才是最大的性器官， 尤其女人对嗅觉尤其灵敏 (下次打完手枪，或在外面偷吃完，记得把身体洗干净， 不然被闻到就惨了…)  ---------------------------------------------------------------------  注：女性于生理期时，对雄二烯酮，较不感兴趣，因为此时女性性欲缺缺 想找的男性是可靠的，温和的，憨厚的，泰迪熊  女性于排卵期，与黄体期，只要一滴，费洛蒙香水， 女性阴蒂自动会勃起，阴道分泌液体， 没有知识的女性，可能会误以为遇到白马王子， 但其实，这只是费洛蒙作祟  基本上，女性只要对你有一点好感与信任感，你们就能上床了 --------------------------------------------------------------------- 注：费洛蒙香水，千万不要给家人闻到，家人闻到一样会产生反应， 除非你要搞乱伦，否则真的不建议，很尴尬，也有点恶心,3349df7425869cf621197e46cf2f579405e06119102e5d04bdcb84401aa050aa,f1efedf1c6884ee2214a4dbdd11525804d8cac91b84083da21390b8ec10f8744
v8_identity_control_component_closure_b87464ab81cede4b397db6f6,542685,B,products_data.csv|identity_control|seller_id:542685|cohort:B,products_data.csv|record:570|sha256:195545252bb0256e9d27,products_data.csv,570,571,73,37709,遥控炸弹_DIY_摧毁犯罪证据,技术服务[非教程],当国安，特警，城管，知道你的ip地址，循线找到电脑主机，  或实体伺服器的位置时，一名顶尖黑客，会怎么做?  满满的犯罪证据，都安放在某个城郊的偏僻租房中…  此时，你需要的是赶紧逃离，并远端炸毁所有证据，  此谓；兵者，诡道也───狡兔有三窟───焦土战术  此教程，提供 最简易入门的，炸弹－遥控－炸药资讯  整合了 电子(遥控)－化工(炸药)，以及网路商品的购买资讯  商品简述：  1. 遥控炸弹制作方法 2. TATP制作方法，可混合鞭炮黑火药    警告：(这些资讯只能在暗网分享，在明网分享，一旦被发现，十年牢饭跑不掉),195545252bb0256e9d279fb1355b09f4be41826cfe84a526e389c27013a76efd,0bd062f0197c1393809bad133a58f016066ab28c7146649ff6f4fc9b616489fa
v8_identity_control_component_closure_b87464ab81cede4b397db6f6,542685,B,products_data.csv|identity_control|seller_id:542685|cohort:B,products_data.csv|record:703|sha256:aea3a691dcdcb6928ed2,products_data.csv,703,704,208,37198,睪丸酮_formula_sex_Big_penis,技术服务[非教程],睪丸酮水平，影響了男人的企圖心，性慾，與競爭意識 如何提升睪丸酮水平？是每個男人必須要學會的課題   睪丸酮高的男人，就算不健身，雄性同化性類固醇，也會自然讓肌肉量增加 這就是為何美國猩猩，要打類固醇  國內藥品取得不易， 所以我們只能透過營養學，提升自身睪丸酮的含量  切記：依照此方式服用，將變得暴躁，易怒，有強姦慾望 但同時，你在性愛上的表現，你的體味，將使伴侶永世難忘   Formula: (劑量：以馬賽克遮住，付款即可看到) 發酵鱈魚肝油+高維生素奶油 維生素D3 巴西胡桃,aea3a691dcdcb6928ed21fff0f183c6705ae69d6b0582520c55382298232dbb1,315fdd9369a5f6b27807145365214f8af1523616aafcf02fea7394744dc98bec
v8_identity_control_component_closure_c2144982b86bb91790a437a4,518779,A,products_data.csv|identity_control|seller_id:518779|cohort:A,products_data.csv|record:2005|sha256:453422ddb71e4de57443,products_data.csv,2005,2006,123,38962,S400俄罗斯防控导弹系统,实体发货商品,S-400 Triumph 完整一套  俄罗斯第四代陆基移动式中远程防空导弹系统  有疑问细聊！  中介勿扰！中介勿扰！中介勿扰！,453422ddb71e4de574437dbc3fc1040f4a1fd4b06907aa5ef57b49f21cfa83db,133ad56bc792834f9db220d53eeeb65d29157e4e0ee3592810551a6298fd612d
v8_identity_control_component_closure_c2144982b86bb91790a437a4,518779,A,products_data.csv|identity_control|seller_id:518779|cohort:A,products_data.csv|record:2044|sha256:8e798d1f34e5256b50da,products_data.csv,2044,2045,162,35650,批发800kg冰毒纯度80,实体发货商品,批发800kg冰毒，纯度：80%  只售全部都能消化的大客户，不零售。  800kg=1000万美元 比特币交易！  质疑是否一手货源，看价格，自己判断。  临海，方便提货，送货！  可现场验货。,8e798d1f34e5256b50da63fc7e10cd574f00a2679025774846116cda06adaf19,6277b227ae17c486cf4b31ec8362931187f3fdf660af44e112616a8851b140d3
v8_identity_control_component_closure_c2144982b86bb91790a437a4,518779,A,products_data.csv|identity_control|seller_id:518779|cohort:A,products_data.csv|record:2045|sha256:80f453e1dacbdbfff066,products_data.csv,2045,2046,163,35327,出售印刷新版100美元正品原材料,实体发货商品,"印刷新版美元材料的销售 I need to have a printing technology team！  需持印刷技术团队 I need to have a printing technology team！  美元印刷正版胶卷 I need to have a printing technology team！  100美元（2009年）I need to have a printing technology team！  加拿大墨水 I need to have a printing technology team！  真钱纸墨水纸 I need to have a printing technology team！  能印出4亿美元 I need to have a printing technology team！  原始产品 特殊渠道所得！I need to have a printing technology team！  台湾银行、中国银行、汇丰银行都测试通过！I need to have a printing technology team！  没有实力勿扰！I need to have a printing technology team！  售价：5000万美元（可议）  Sale of printed New edition USD materials US Dollar Printing Genuine Film 100 U.S. Dollars (2009) Canadian ink Genuine money paper Ink, paper Can print 400 million Dollar Original Product Income from special channels！ All domestic banks passed the test！ Do not disturb without strength！ Price: $50 million",80f453e1dacbdbfff066820d9d5dc62aa79890033fee182610391eeb3a950b93,73184d22b67e3af90693aef2c911b7e6ea7efaea7e3ec592efa22078466c3e97
v8_identity_control_component_closure_c2144982b86bb91790a437a4,518779,A,products_data.csv|identity_control|seller_id:518779|cohort:A,products_data.csv|record:2049|sha256:8b396cc119ec269caede,products_data.csv,2049,2050,167,35081,出售美元印刷整套材料胶片模板墨水专用纸,实体发货商品,"印刷新版美元材料的销售  美元印刷正版胶卷  100美元（2009年）  加拿大墨水  真钱纸墨水纸  能印出4亿美元  原始产品 特殊渠道所得！  国内所有银行都测试通过！  没有实力勿扰！  售价：5000万美元  Sale of printed New edition USD materials US Dollar Printing Genuine Film 100 U.S. Dollars (2009) Canadian ink Genuine money paper Ink, paper Can print 400 million Dollar Original Product Income from special channels！ All domestic banks passed the test！ Do not disturb without strength！ Price: $50 million",8b396cc119ec269caedef1b2f22f1fa3656fb65bf371eaefb1d49b11555cb0a0,19c5bcb83704d561cb194c8dc0ea9b3949278bec1ad48367f50f9374e66e3fab
v8_identity_control_component_closure_c2144982b86bb91790a437a4,518779,B,products_data.csv|identity_control|seller_id:518779|cohort:B,products_data.csv|record:2028|sha256:476a624391d56f19a042,products_data.csv,2028,2029,146,37238,图160轰炸机设计图,实体发货商品,售：  图-160M轰炸机设计图  可现场验货  有什么疑问直接在下方留言  最迟8小时回复;,476a624391d56f19a04244e0c4c3d81fedd941ef2874e53358778c5086541d78,13a4a5be3f0a65f82b678d66519bab1e889b4a038c0ae8290f73c8607d35555b
v8_identity_control_component_closure_c2144982b86bb91790a437a4,518779,B,products_data.csv|identity_control|seller_id:518779|cohort:B,products_data.csv|record:2041|sha256:8e2aaa8549395c6d6ac4,products_data.csv,2041,2042,159,35980,前NBA球星科比被暗杀录音实据,实体发货商品,"证据乃是高层之间的对话以及通话记录。  科比被暗杀的实据录音内容： 1.科比掌握了大量的NBA财团高层的非法所得！ 2.经NBA高层反复与科比沟通，没能成功！ 3.固想除掉他。我们这里有NBA财团高层中3人之间的通话录音。NBA的人只要一听录音里的声音就能识别是谁,当然包括科比家人也都能识别。录音里明确说了怎么除掉他的详细计划。 4.与空管指挥与机长的沟通录音记录备份，以及失事前最后几分钟的录音。 5.与地面失连后，坠机前几分钟机舱内录音。 6.录音里还有提及NBA公司的内部账本，而且录音里明确指出把账本隐藏的秘密地点。 7.以及承诺飞行员，事后补偿事项。  这录音的商业价值远远不止这些。  特殊渠道所得！",8e2aaa8549395c6d6ac42eec5b0c1be64727d782e12a2c910e9ac2d20d248537,02150a222b80d95cab30c7592364e6317df2fe8e1a8b5ac3eaf5a54a113f4fc3
v8_identity_control_component_closure_c2144982b86bb91790a437a4,518779,B,products_data.csv|identity_control|seller_id:518779|cohort:B,products_data.csv|record:2043|sha256:3010c06418bd536287ff,products_data.csv,2043,2044,161,35736,出售市面纯度最高冰毒800KG,实体发货商品,批发800kg冰毒，纯度：80%  只售全部都能消化的大客户，不零售。  800kg=1000万美元 比特币交易！  质疑是否一手货源，看价格，自己判断。  临海，方便提货，送货！  可现场验货。,3010c06418bd536287fff4f2bdf468fad12dcc6df9fb449f42b1094c06fbb9d6,d25549fb264be03146a86ae7cfa4794a948f5857674c170382d6d01c2019658e
v8_identity_control_component_closure_c2144982b86bb91790a437a4,518779,B,products_data.csv|identity_control|seller_id:518779|cohort:B,products_data.csv|record:2048|sha256:c9e844eb97f4833aa83e,products_data.csv,2048,2049,166,35213,出售印刷100美元所有材料寻印真钞技术,实体发货商品,"印刷新版美元材料的销售  美元印刷正版胶卷  100美元（2009年）  加拿大墨水  真钱纸墨水纸  能印出4亿美元  原始产品 特殊渠道所得！  中国银行、台湾银行都测试通过！  没有实力勿扰！  售价：5000万美元  Sale of printed New edition USD materials US Dollar Printing Genuine Film 100 U.S. Dollars (2009) Canadian ink Genuine money paper Ink, paper Can print 400 million Dollar Original Product Income from special channels！ All domestic banks passed the test！ Do not disturb without strength！ Price: $50 million",c9e844eb97f4833aa83eb8c65cc7615731d83bc486fd80500b34c0689896601f,e5f471f210f02a08d62455f237c0a98b6908ad2331d1aea8bdd090506da829ff
v8_identity_control_component_closure_c8341b29de271b45d350c305,29667,A,products_data.csv|identity_control|seller_id:29667|cohort:A,products_data.csv|record:384|sha256:869cad6233c462d141a9,products_data.csv,384,385,156,9064,代封骗子仇人 微信号 公众号 微博号 QQ号 QQ空间 QQ群 高效率纯人工，专职各种不服！,常规服务与操作,无详情描述,869cad6233c462d141a9ec4aeefe388138ef3ebea3c148e836441d8af865ef18,f5a14691c91e696cf374d30cf01030fcf81ac8adb1c4fa07888941e557678c64
v8_identity_control_component_closure_c8341b29de271b45d350c305,29667,A,products_data.csv|identity_control|seller_id:29667|cohort:A,products_data.csv|record:639|sha256:5204816cfc07f8645440,products_data.csv,639,640,143,21043,2019撸饿了么首单无限下单软件（自动发货）,技术服务[非教程],2019最新撸饿了么首单无限下单软件（自动发货） 注意：更新服务，买过我饿了么教程的老铁可以过来找我拿链接，一款专注饿了么首单的软件。你想免费吃饭？值得你拥有！买了自己研究，非常之简单，不会使用遇到问题，付款3件。包解答！  注意：以下方式理由进行退款的一概不受理，望周知！ 1：这个软件我有了啊，我已经看过了。 2：不想要了，看不懂。 3：提供问题答疑，让我本人教你那是不行的。,5204816cfc07f86454401a2963804d860c85cb7dffdfb44f5d832bae441fae64,62adf5ff65df6427cbb5622178aad575e0b74f735eb3622ad6d8aaffb3b11b82
v8_identity_control_component_closure_c8341b29de271b45d350c305,29667,A,products_data.csv|identity_control|seller_id:29667|cohort:A,products_data.csv|record:1760|sha256:8c332d2ce57eb4c24ff5,products_data.csv,1760,1761,176,18922,Web安全技术合集 电子书格式（自动发货）,教程与文档,（自动发货）Web安全技术合集 电子书格式（自动发货） 电子书格式，具体有哪些书在最下面已经写出！ 虚拟资源一经购买，禁止退款！  注意：以下方式理由进行退款的一概不受理，望周知！ 1：这个教程啊，我已经看过了。 2：不想要了，看不懂。 3：提供问题答疑，让我本人教你那是不行的。  教程目录：  N0.1《Web安全深度剖析》  N0.2《白帽子讲Web安全》  N0.3《Web前端安全揭秘》  N0.4《Web渗透测试使用Kali Linux》  N0.5《黑客攻防技术宝典Web实战篇》  N0.6《SQL注入攻击与防御》  N0.7《XSS跨站脚本攻击剖析与防御》  N0.8《Metaspolit渗透测试魔鬼训练营》,8c332d2ce57eb4c24ff592f82250ede34c483b426e7ff40e2bc06e95d794b904,ed6dc8eb598705d22f254df8acda42abde2e1f993d214154da4cee646c29473c
v8_identity_control_component_closure_c8341b29de271b45d350c305,29667,A,products_data.csv|identity_control|seller_id:29667|cohort:A,products_data.csv|record:1875|sha256:1dd5881f77874991df53,products_data.csv,1875,1876,291,17192,饿了么免费吃饭教程 易上手 帮客户代下单点餐技术 自动发货,教程与文档,之前有论坛兄弟问我有饿了么免费吃饭的教程 不为赚钱，只为分享。买了我超过5件商品的老铁，免费送。免费送。 当然，如果身边有外卖吃饭资源的客户可接单赚钱，操作简单！ 学习能力差和理解能力差的，不要买。因为低价出售，希望理解，谢谢合作！ 付款自动发货，购买后在本帖内容下面直接获取下载链接。 付款自动发货，购买后在本帖内容下面直接获取下载链接。 付款自动发货，购买后在本帖内容下面直接获取下载链接。,1dd5881f77874991df532c2a2f6df91a7c7448bcf50836775af2e8d5e61ca586,65d2263f2ed45b566584046c370047f857c1814f72d163bc11af5e01f648a079
v8_identity_control_component_closure_c8341b29de271b45d350c305,29667,B,products_data.csv|identity_control|seller_id:29667|cohort:B,products_data.csv|record:403|sha256:81fc316738613201d2c7,products_data.csv,403,404,175,12442,出售极品轰炸技术 语音轰炸+短信轰炸 双管齐下效率极高直接死机,常规服务与操作,出售极品轰炸技术 语音轰炸+短信轰炸 双管齐下效率极高直接死机 付款后自动发货！ 开始轰炸直接是语音轰炸+短信轰炸，直接双管齐下整死机！终身使用！开启10秒马上见效。（购买后测试需谨慎） 终身价格：0.005 BTC,81fc316738613201d2c71d4118f5651476c70ae97f30cacc7490215ac52eaf49,823cc47570f85f6a912026678193025f880c66d787bdb27abc8df4493fe8927d
v8_identity_control_component_closure_c8341b29de271b45d350c305,29667,B,products_data.csv|identity_control|seller_id:29667|cohort:B,products_data.csv|record:700|sha256:c5110ff3716a0fbd11c4,products_data.csv,700,701,205,19218,犯罪跑路隐蔽资料 情报获取自保手段等 自动发货,技术服务[非教程],付款自动发货，付款自动发货，付款自动发货，重要事情说三遍！  ps：针对一些经常在灰色行业边缘行走的朋友，可以普及一下常识。  （文件txt文档 详细流程操作步骤说明）  目录：  炸药的氧平衡 硝酸铵遥控炸药制作工艺及配方 无线对讲机的语音保密技术 网上扩线排查 网络案件的侦查 土雷的制作方法 手机安全知识 防窃听 防定位 上网时被监控的处置手段 情报导侦的方法战术 抢劫案的侦破手段 跑路方法 利用通信器材缉捕嫌疑人手段 看守所执法细则 监规全文 互联网上查控嫌疑人手段 公安系统警力 关城门技术 犯罪老手的一些防狗细节 反审讯培训 毒品犯罪量刑标准 不完全犯罪手冊 盗窃案侦查手段 搏杀群敌时的技战术 便衣侦查的策略 爆炸物的检测 DNA检测,c5110ff3716a0fbd11c4771e9e2a48766d31aa1b158bf1523798f137f4f7383a,063cc60a9254a886defabf8d850deab5cb992ceda5a8d466073d5723ec09e69a
v8_identity_control_component_closure_c8341b29de271b45d350c305,29667,B,products_data.csv|identity_control|seller_id:29667|cohort:B,products_data.csv|record:1847|sha256:5a7de6bfc04fb3ce8594,products_data.csv,1847,1848,263,19320,千房万术：28部爱爱技巧真人演示视频教程（自动发货）,教程与文档,千房万术：28部爱爱技巧真人演示视频教程（自动发货）  1：这个视频啊，我已经看过了。 2：不想要了，看不懂。 3：提供问题答疑，让我本人教你那是不行的。  资源介绍：  这部视频X爱教程是上个世纪中国最早的一套性爱姿势课程，语言和动作非常淳朴和真实。相对于当下演员的夸张和做作，这些视频里的女孩都很青涩，展示出她们对于性的好奇与渴望。未成年请在父母的陪同下观看，如若未经许可，请不要下载该视频。  教程目录：  章鱼式  国悠然自得式  扬奶出海式  燕子含泥式  悬空吊腰式  国闻鸡起舞式  翰天旋地转式  天蟹式  双星探月式  翰十星连珠式  骑鱼过江式  铺天盖地式  国靠后台式  金鸡独立式  画绞龙翻江式  娇腿缠颈式  国娇凤展翅式  交剪陀螺式  箭在弦上式  激情摇滚式  国虎趴式  后庭开花式  贵妃含楼式  拱桥离地式  国弓箭式  倒骑马式  国彩蝶恋花式  国抱花式,5a7de6bfc04fb3ce8594be5fe1dea77f62eeb2fd8f164cf5c17c02c85f8b3a48,228b2ce07c38ea7ad252a97e863bdd08763c7783cb0ab54f616f2a85127139b3
v8_identity_control_component_closure_c8341b29de271b45d350c305,29667,B,products_data.csv|identity_control|seller_id:29667|cohort:B,products_data.csv|record:1851|sha256:c4632a35ae05f3340f9a,products_data.csv,1851,1852,267,10570,不泄露个人信息 低价购买阿里云服务器技术 送实名支付宝可收付款,教程与文档,不泄露个人信息 低价购买阿里云服务器技术 送实名支付宝可收付款 100%确保你购买的阿里云服务器安全，不会有一点安全隐患！ 需求：针对有对阿里云服务器需求的用户可以购买哦， 好处：不用自己的信息去购买，安全第一。保证不泄露自己一丝个人信息！ 仅需0.002btc 6小时之内发货！教你怎么操作。,c4632a35ae05f3340f9a841dd2bf2a68eaacbbcad3c824f8cc987a70e27b2758,930f2c9a02e4c81bbd96346c15dace6e9c8d4add3c3ceab311f6ada03f3901a7
v8_identity_control_component_closure_cbd41283d4978f679f41ac4a,472165,A,products_data.csv|identity_control|seller_id:472165|cohort:A,products_data.csv|record:1673|sha256:d6171729c85d5296ac44,products_data.csv,1673,1674,83,41071,GSM短信嗅探采集拦截盗刷银行卡技术教程,教程与文档,主要内容包括以下 1.告诉你需要什么设备 2.扫描采集到的手机号测试那些可用 3.被刷对象的个人信息4件套的准备 4.如何消费套现 本教程不包含嗅探设备，设备可以买现成做好的，设备会配有系统软件 除了嗅探设备还需要准备2台笔记本电脑，安卓或者苹果手机就不用说了，还有收款的黑卡  高价买来的教程，我自己不敢操作，便宜转给需要的兄弟 据说操作起来是100%成功，胆大的一个月搞一套房都不是问题  MEGA网盘链接自动发货，虚拟物品不接受任何理由退款，白嫖党莫拍，坚决投诉到底！！！,d6171729c85d5296ac44822779ae5dd377dfd488603bf6260d02a29ef8c2ecf4,9cc1d8a79c09fc923e157fae491aa5d06131669d7b6dcf0ead84a94543795e93
v8_identity_control_component_closure_cbd41283d4978f679f41ac4a,472165,A,products_data.csv|identity_control|seller_id:472165|cohort:A,products_data.csv|record:1873|sha256:66036ae61a40fb0657bd,products_data.csv,1873,1874,289,35170,微信的正确使用做网赚的必备知识,教程与文档,本教程适用于做网赚在使用微信的时候，不了解腾讯规则，不懂养号，以及要做微信营销不懂腾讯的规则，在使用微信的时候遇到的各种各样的问题的概述，自己以及同行的经验，手打文字大约一万多字，需要话2个小时看完，排版不怎么精美，但不影响学习，介意勿拍！,66036ae61a40fb0657bde6a6b56b6442f368c486def1caddd26a111cd06e1e05,e3f5fe6c00cfc82d40567524fa68435d68a3dfcadd80b6e284a3ab92650d891f
v8_identity_control_component_closure_cbd41283d4978f679f41ac4a,472165,B,products_data.csv|identity_control|seller_id:472165|cohort:B,products_data.csv|record:1651|sha256:54d8fa4a6fa06b51d972,products_data.csv,1651,1652,57,41050,迷药配方蒙汗药配方制作方法教程,教程与文档,迷药+蒙汗药两个配方  迷药的特点 此配方的思路是以合法且好搞到的致幻剂替代不合法不好搞到的化学迷药。此配方微苦，程淡黄色，气味有点像药酒。其原理在于抑制大脑皮层的gaba受体，和中枢神经，骆驼蓬子里的单胺氧化酶抑制剂又可极大的发挥促进作用，使人陷入深度无知觉状态  蒙汗药的特点 透过传说的迷雾，我们大致可以将蒙汗药的特点做如下总结：首先，该药药性极强，人服用后可迅速导致昏迷，经过一段时间后方有苏醒的可能。这中间有何事发生，则浑然不觉；其次，该药能够溶于酒水之中，除了酒是古代的大众饮品，容易得手之外，想必是需用酒色和酒味来掩盖蒙汗药自身的颜色与味道。根据传说和小说中记载，和很多著名毒药一样，蒙汗药是有解药的。用冷水喷面或强灌特制的药汤，就能使人体内的药性很快散去，苏醒过来。 制作成品然后自己花点钱在1688包装贴牌，可以和成人保健品店谈合作，利润相当客观，懂的人自然懂。  MEGA网盘自动发货，虚拟物品不接受任何理由退款，白嫖投诉到底！,54d8fa4a6fa06b51d9729181b8bde959e1306647941069d3e05a754b3827e03f,53865a28dc69a5e814ef124959d3520a717f85631852588c4c58c1986464dec7
v8_identity_control_component_closure_cbd41283d4978f679f41ac4a,472165,B,products_data.csv|identity_control|seller_id:472165|cohort:B,products_data.csv|record:1652|sha256:85a59e86ad119bc2a8ad,products_data.csv,1652,1653,58,32960,做灰产，防止喝茶的防御手段！,教程与文档,本教程分为两部分，第一部分为，电脑搭建多层匿名跳板，以及注意细节，事项，使你的行踪，业务不被泄露。第二部分为：特定手机的购买，硬件的改装，以及高匿网络的使用的种种事项。  考虑到很多小白，教程尽可能写的通俗易懂，需要的技术与工具以及怎样得到技术与工具的方法都写到了，并配上了需要某些工具与技术的链接教程，如果还有不明白的，可以通过相关关键词自行搜素谷歌或者youtube即可。也可以私信问我. 拍下会自动获取教程链接，价格已经冰点，不接受讨价还价，虚拟商品，不接受退款，想好再拍！ 本商品为暗网独家，禁止抄袭，一经发现，一律举报，绝不姑息。,85a59e86ad119bc2a8ad09289632eca60fae084e5c13f2216d2a649b19060708,57b48cee2aa18634deb92f51af7d65cf99b77800dc45a7af2cd862931bd13610
v8_identity_control_component_closure_cd343ccd629f4ae3ffc40198,399920,A,products_data.csv|identity_control|seller_id:399920|cohort:A,products_data.csv|record:767|sha256:fdec181b0dc8cd057075,products_data.csv,767,768,272,28759,完美解决洋葱浏览器 翻译问题，不是简单的插件，多国翻译,技术服务[非教程],完美解决 洋葱浏览器 浏览外国网站翻译的问题 支持世界各种语言翻译 翻译快速，准确 解决了大量的bug，不会出现翻译乱码，部分翻译，或者洋葱浏览器打不开等问题 这里不是简单的翻译插件给你 需要你按照傻瓜式教程设置 pc端洋葱浏览器，手机移动端的用不了 退款政策： 按照教程设置以后，不能完美翻译，遇到各种问题，全额退款,fdec181b0dc8cd0570757d186082cdd11adb0cc9c27a529e54102cb76be2eb67,00101cbc35c9edc5f21e39dbaf8050534cedb6d567d586d87670c49ce42e9e40
v8_identity_control_component_closure_cd343ccd629f4ae3ffc40198,399920,A,products_data.csv|identity_control|seller_id:399920|cohort:A,products_data.csv|record:2065|sha256:839365f1922fa0abb160,products_data.csv,2065,2066,183,32568,0月租移动&电信动态ip流量卡 一张也包邮送vpn会员,实体发货商品,普鲁克店铺的精品推荐 一张3美元包邮 ，流量资费便宜 购买确认收货以后，再您一个月的 本店售卖的Vpn  0月租 移动&电信 动态ip的流量卡 本卡已经实名制，插卡即可使用，没有最低消费限制 4g网络 ，不限速 全国动态ip，结合送的vpn代理，创造最安全的上网环境  手机开飞行模式，重新连接网络，就会分配一个新的ip地址，养号必备   移动和电信流量费用同价 0月租 移动 动态ip流量卡 ：7G10元/ 15G14元/20G18元/40G22元/65G36元/105G42元/220G62元/320G80元/550G100元 流量充值30天使用期 月度不清零  售后政策：一年之内出现封卡，免费赠送一个 或 全额退款  可代充值流量卡，手续费单笔1美元 （充值不限制金额）,839365f1922fa0abb16007619d5e68de3b072647a1f9a4983e396ee126c7ad4b,ffbca0405071f3c65f0a2c2662839b1c485f0b3214baf648e8ff09e4185ec89d
v8_identity_control_component_closure_cd343ccd629f4ae3ffc40198,399920,B,products_data.csv|identity_control|seller_id:399920|cohort:B,products_data.csv|record:317|sha256:97397f5d2e658ec74e2a,products_data.csv,317,318,89,28090,提供个人虚拟美国号码，加拿大号码，可以接打电话收发短信,常规服务与操作,提供个人虚拟美国号码，加拿大号码 不需要实体卡 安装软件就可以接打电话，接受短信，带tg账号 不能注册谷歌，其他的可以 零月租，永远免费，可指定城市 可接大批量订单,97397f5d2e658ec74e2a0ae7366c01fbdc33621f3e92447e145f958bae89c77f,8027972218b9258358438d4be0198ae6ca98c35aa2a2981e3e77d5ed2552aa75
v8_identity_control_component_closure_cd343ccd629f4ae3ffc40198,399920,B,products_data.csv|identity_control|seller_id:399920|cohort:B,products_data.csv|record:1780|sha256:deb7db4d82e48c545ec6,products_data.csv,1780,1781,196,27385,让女性更容易达到高潮教程，做回猛男,教程与文档,掌握正确的方法和姿势，用科学理论来讲解，如何让女性容易达到高潮，做真男人。 有专家讲义和视频教程,deb7db4d82e48c545ec641516f5be20c18dd3dd8523c5993c9dab4986bbcb1b0,0dc31fc5316bb2af35da8100e288403454e64f05bc5d6aea05c8a940581cd8ae
v8_identity_control_component_closure_d20f89af2de158001c0d5387,26383,A,products_data.csv|identity_control|seller_id:26383|cohort:A,products_data.csv|record:656|sha256:acefb12d522c0c1397a2,products_data.csv,656,657,160,38415,更新手把手教你自制致幻剂DMT,技术服务[非教程],"因特殊情况之前交易被下架，现在重发，并更新教程，增加可雾化DMT制备教程，老买家免费更新 DMT的致幻效果与LSD类似，且绝对安全，无任何副作用 本方法为亲自实践所得的原创方法，所需材料完全合法，在网上均能买到，花费百元左右，方法简单，非常详细，即使没有任何经验，也能在你的厨房里做出属于你自己的安全高效致幻剂，遨游宇宙，而不用花大价钱买LSD（而且你买到的往往是假的）或者吃了容易便秘的蘑菇...... 网上的大多数方法并不准确，你甚至可以看到很多文章里有不少明显的化学常识性错误，容易导致爆炸与中毒，本人化工制药行业出身，经验丰富，帮你避免所有危险因素并获得最高产率及最纯净的成品。 教程包括:材料购买途径，详细提取方法，废料的处理，服用方法,剂量等，绝对的遨游宇宙一条龙服务。 本教程纯手写原创，教程方面任何问题免费解答，让你也当一次毒师 另外我们提供全网最好的合成大麻素烟油，及接受批发合作，需要可以咨询站内合作",acefb12d522c0c1397a201ade7f26779ebb1ec5e759c1da2c65b671d1f5e4018,1b2f7b78c4efdd0568132c270c157f89b438faa2ba0ade0f2032e135b34c7817
v8_identity_control_component_closure_d20f89af2de158001c0d5387,26383,A,products_data.csv|identity_control|seller_id:26383|cohort:A,products_data.csv|record:754|sha256:af3f6393af777f311035,products_data.csv,754,755,259,31646,如何对付红外和微波探测器,技术服务[非教程],本教程包含如何对付 被动红外线报警器和 微波探测器，如果你需要潜入而不被发现，你应该看看这个教程，教程非常详细，来源为某暗网论坛（已关闭），本人亲自翻译并标注，通俗易懂。  教程有可复制性，不接受任何退款,af3f6393af777f311035d87ac4416e2188afe6c62f908d5fa97fce1b35ae84ec,82b449711cfd1cc6334df55aa7ce1a5473b0f00e3c0e85b66fbb6d8ac22c1429
v8_identity_control_component_closure_d20f89af2de158001c0d5387,26383,A,products_data.csv|identity_control|seller_id:26383|cohort:A,products_data.csv|record:1810|sha256:4898ed5bdf32d38f059b,products_data.csv,1810,1811,226,35285,手把手教你国外暗网买货安全取件必备,教程与文档,大家经常逛国外暗网市场，但是怕海外直邮国内不安全，经常想买货却犹豫，从国外买东西最危险的流程就是取件。  本教程延续前两个指南，详细讲解在国外买货后在国内收货的方法，众所周知，不论是进货国内销售还是自用，海外直邮省钱且品质高，但是接货风险也大，不懂收货方法，非常容易被抓，本教程为本人多年经验，可以帮助你规避所有风险，帮助你收货。  无论你是轻车熟路的老飞行员，还是日进斗金的圈内大佬，做到懂、会、熟本篇内的直邮取件方法、反侦察技巧，都是非常必要的，有问题可以站内提问。  注：1.本教程是教你*安全取件*而不是如何买东西，因为国外暗网市场很多，教程不包括“如何在国外暗网买东西”的教学，需要的话可以直接Google。  2.暗网市场鱼龙混杂，教程为虚拟物品有可复制性，为防止骗货，一经售出，拒绝以任何理由退款，有问题可以向我提问。  3.购买后自动发货。  4.只要是从海外直邮敏感物品，都会有一定风险，请不要贪小便宜，忽略本教程直接取件。,4898ed5bdf32d38f059b3c73d8c53bd6bf1a3a29725b9404ac2e2c815b35f304,ae8b3f6e45f74d173a13c1686aedf7da0fc1bfd4afd167726faa82ae6d19863c
v8_identity_control_component_closure_d20f89af2de158001c0d5387,26383,B,products_data.csv|identity_control|seller_id:26383|cohort:B,products_data.csv|record:569|sha256:995e022de74b75ffe962,products_data.csv,569,570,72,31712,教你购买敏感物品安全接货,技术服务[非教程],暗网上可以买到不少不错的实体物品，但怎么接货安全，如何隐藏身份，大部分人并不了解，本教程可以帮助你安全接货。 不论是需要还是好奇都可以买来学习，毕竟技多不压身，暗网混的早晚用得上。 经验详细纯手写 虚拟物品有可复制性，不接受退款,995e022de74b75ffe96274dca64c217c4e50e7a092192fb05c4e560846b60fc8,2722bf054a44a727d4c22d107141049f956e9fd9367c1f8e77e12573dbcd9d16
v8_identity_control_component_closure_d20f89af2de158001c0d5387,26383,B,products_data.csv|identity_control|seller_id:26383|cohort:B,products_data.csv|record:587|sha256:76c746e0346656595919,products_data.csv,587,588,90,29764,手把手教你合成GHB,技术服务[非教程],最详细的方法，最简单的设备，操作十分简单，所有设备和试剂都可以在网上合法买到并且花费在百元左右，不管你有没有化工经验按我的方法一步一步做都可以成功。 关于GHB合成，你在网上查的大多数文献和方法都出错的或不准确的，本人多年有机合成经验，纯手写教程，不懂的可以问我 购买后私信发，或者告诉我你的邮箱我给你发 购买后有不懂的可以问我,76c746e03466565959192e98a8d4e793e98ebfcb99e99beda33081cc493133d7,1d5ae39e5e4339f721d99253507b505ca7e3f00a0185930c2af0c8a39bf14b40
v8_identity_control_component_closure_d20f89af2de158001c0d5387,26383,B,products_data.csv|identity_control|seller_id:26383|cohort:B,products_data.csv|record:1741|sha256:3f4d6f889890c46f83b1,products_data.csv,1741,1742,157,32054,重大更新-教你购买敏感物品安全接货,教程与文档,任何时候安全第一，购买教程就是为自己上一个护身符 1.增加获得靠谱接货手机卡的若干途径（独家）  2.最近某网购平台与公安部门合作抓人内幕和防范方法（独家）  3.一旦出事被询问时的自保方法，把风险降到最低，并帮助你安全脱险  4.tg圈已被警察渗透，揭秘警察查人方法和防范方法（独家）  暗网上可以买到不少不错的实体物品，但怎么接货安全，如何隐藏身份，大部分人并不了解，本教程可以帮助你安全接货。  不论是需要还是好奇都可以买来学习，毕竟技多不压身，暗网混的早晚用得上。  经验详细纯手写 虚拟物品有可复制性，不接受退款。 主动放款后接受提问，之前购买【未更新】版本的，主动放款后私信我，免费更新,3f4d6f889890c46f83b14423391a6ec385bcade7b9d015645c59296651f506c4,6e924ba8297c243c13047131e2523c274ef5f6f9c3a80a63251804a3fa885a2d
v8_identity_control_component_closure_d5e67795424e6d2e387bce84,543865,A,products_data.csv|identity_control|seller_id:543865|cohort:A,products_data.csv|record:394|sha256:fe764ff76afe8f2ffaa9,products_data.csv,394,395,166,37313,国内全新身份户口办理AND隐形双国籍跑路方式,常规服务与操作,《人民的名义中》 当高小琴大美女疑惑赵瑞龙是怎么大摇大摆地从北京出境而没有阻拦时 赵瑞龙的回答可谓惊呆众人： “我五本护照五个身份，随便换一本护照就出境了。”  五个身份的原理： 首先要有5个国内的户口本+身份证+中国护照 不同身份证可以在国内不受限制的买房、结婚、贷款等，绑定微信支付宝，相当于另一个你。 有备无患  另外，每一个中国护照配一个海外的绿卡或者护照  无论哪一个身份被限制出境或者法院限制，可以随时换一个走人  送保留隐形双国籍路线全球无阻  实力办理国内第二个身份证+户口本，2.9万美金起，拍29个 海外护照有墨西哥、英国、瓦努阿图、塞浦路斯，葡萄牙，绿卡有希腊、葡萄牙西班牙，加拿大、美国等。 具体根据需求定制。 拍1个后留下你的需求,fe764ff76afe8f2ffaa96675db1412867d70d44c21dbe05037ae7eef3c3783e6,760c6bbd1703072a9c0b33854bb3220137944e1271cc8c505d08ad654ff35879
v8_identity_control_component_closure_d5e67795424e6d2e387bce84,543865,A,products_data.csv|identity_control|seller_id:543865|cohort:A,products_data.csv|record:440|sha256:6c5564217ddc9de26a7f,products_data.csv,440,441,212,36992,移民瓦努阿图护照入籍可更名藏钱跑路送保留中国国籍教程,常规服务与操作,《人民的名义中》 当高小琴大美女疑惑赵瑞龙是怎么大摇大摆地从北京出境而没有阻拦时 赵瑞龙的回答可谓惊呆众人： “我五本护照五个身份，随便换一本护照就出境了。” 瓦努阿图护照1个月拿到，全程保护隐私 本单定金仅限拍一件，定金100美金可抵扣1000美金办理费用 8万美金是1个人的价格，全家办理总价在8~12万美金，具体单议。,6c5564217ddc9de26a7fd1a6bc6fcffa103229b4f37787f3aa4f35b2c7f2a303,08e5fab7567df44ef0afa375502c5eaeb55b9b157bc2a546089cec855a11794a
v8_identity_control_component_closure_d5e67795424e6d2e387bce84,543865,B,products_data.csv|identity_control|seller_id:543865|cohort:B,products_data.csv|record:439|sha256:726635412c9e5c617588,products_data.csv,439,440,211,37066,百度精准客户抓取贷款股民数据截取同行客户,常规服务与操作,三网 运营商大数据 内部渠道 1、指定网址 截取访问过网址的用户 比如同行的竞价页面访客信息 2、指定400电话 固话 截取呼入呼出记录 3 、指定APP 截取手机上装有指定app的高频用户 4 、可以截取指定号码发送短信的短信接收用户 5、关键词搜索同时可以限定、地域、年龄 支持测试 一手渠道 无效退款！ 送AI智能回访机器人，协助电话回访 诚招代理 欢迎咨询！ 2500美金 5000条一手数据 拍下后请留下你要的数据种类，APP名称，对方网址和400电话 MEGA发货,726635412c9e5c6175886031ca7b537744f46da52cb503670efad1a0d3c796ab,10f26482700236f8f984942f61103d2a7104b3ea70a742d19e47a4bc79a2c8bd
v8_identity_control_component_closure_d5e67795424e6d2e387bce84,543865,B,products_data.csv|identity_control|seller_id:543865|cohort:B,products_data.csv|record:441|sha256:5023d5b6e8041d0183f8,products_data.csv,441,442,213,36994,新加坡美国开立银行账户,常规服务与操作,规避CRS，全球开立账户 足不出户开立新加坡个人账户、美国账户（无需美签，无需赴美） 国内视频开户即可，仅需护照和身份证 2~3周开好,5023d5b6e8041d0183f83afe19260ee8d901620987f6dba9e73719437cb488be,33a0b512c52da2593a7fe96bd8849dd1309dcf19628f7387a85b458e47032757
v8_identity_control_component_closure_d9d91572350aeb4697ff0225,555333,A,products_data.csv|identity_control|seller_id:555333|cohort:A,products_data.csv|record:1777|sha256:d146666aac3659acaa25,products_data.csv,1777,1778,193,37763,黑帽内部SEO优化教程,教程与文档,请注意，虚拟商品拍下不退  做站群的可以看看很不错的  目录 1.网站标签的讲解 10.中文分词算法 11.隐含语义素引原理 12.网站优化方案制作 13.IIS日志分析以及扩展 14.IIS日志的作用 15.蛋糕原理 16.网站权重分析 17.关键词排名下降恢复 18.网站收录下降恢复 19.软文营销策略 2.关键词选取以及布局 20.如何编写软文提升网站收录和排名 21.相关课程介绍 3.程序优化以及目录布置 4.页面布局和内页优化上 5.robots.txt的作用 6.robots语法讲解 7.站群优化上 8.站群优化中 9.站群优化下,d146666aac3659acaa25d0ceb0144acc63beb8196385efa891a5d80643a69fd1,4284357a5457f223cff9ab920fdb0502c359eb1e85cc6da8ccf50c5d40fd728c
v8_identity_control_component_closure_d9d91572350aeb4697ff0225,555333,A,products_data.csv|identity_control|seller_id:555333|cohort:A,products_data.csv|record:1856|sha256:74c511cb8fd3e70aa5cd,products_data.csv,1856,1857,272,37762,Facebook怎么做网赚视频教程,教程与文档,"请注意,虚拟商品拍下不退  Facebook网赚初级篇 第1节 哪些人通过FB赚到了钱－facebook广告的历史和发展 第2节 Facebook广告发展及其商业价值 第３节 从Wish平台的崛起，看Facebook如何引领移动互联 第４节 Facebook广告与Google广告的区别 第５节 个人帐户、专页与广告帐户的关系 第６节 好友和粉丝的区别 第７节 翻墙其实很简单_关于VPN 第８节 如何保证个人帐户的安全运营 第９节 看懂facebook个人主页的页面布局 。。。。。。 Facebook网赚中级篇 第1节 Facebook的新算法及广告新规则 第2节 新规则下的Facebook营销怎么做 第3节 主流跨境电商平台的Facebook营销数据分析 第4节 必知的广告术语及一美分Facebook广告数据分析 第5节 出奇制胜_新规则下的Facebook广告出价 第6节 道与术_低成本Facebook广告为什么可能 第7节 低成本Facebook广告基本原理之精准受众 。。。。。。 Facebook网赚高级篇 第1节 低成本Facebook广告实操案例1 第2节 低成本Facebook广告实操案例2 第3节 低成本Facebook广告实操案例3 。。。。。。",74c511cb8fd3e70aa5cd2d551e06ad9cf86fcda84cddef6fcfdab767dcc84803,878fca3a89c1bddd6a8a3216bf17d91a5a3e2824dc09d5062909479084bc6510
v8_identity_control_component_closure_d9d91572350aeb4697ff0225,555333,A,products_data.csv|identity_control|seller_id:555333|cohort:A,products_data.csv|record:1865|sha256:83a1d5e0b16353423a1a,products_data.csv,1865,1866,281,38271,一小时学会引流脚本制作,教程与文档,目录 课时1学习方法及环境的搭建 课时2写营销引流脚本仅需要掌握的几个命令 课时3实例：碰碰app脚本的写法 课时4UI界面的写法 课时5实例：聊聊app脚本的写法 课时6图色的操作与循环判断 课时7发布小精灵APK程序 课时8实例：美恋app脚本的写法 课时9实例：比邻app脚本的写法需购买观看 课时10实例：网易云音乐app附近的人脚本写法,83a1d5e0b16353423a1aee2293f67e14ec522d0224aef5505f3a94b1e376b751,540d366dfe3b6cafed442e1991ffc9b1a1674cdb15cac47d089aa13564125680
v8_identity_control_component_closure_d9d91572350aeb4697ff0225,555333,B,products_data.csv|identity_control|seller_id:555333|cohort:B,products_data.csv|record:1701|sha256:8da8a4296bdcb3364b52,products_data.csv,1701,1702,116,38265,QQ群30分钟上排名日引千粉马上变现视频教程,教程与文档,请注意教程资源拍下不退，谢谢合作！  物以类聚，人以群分。人是比喜欢找与自己兴趣相投的群体一起交流学习的。 互联网提供了很多这样的平台，其中最大的之一就是QQ群。我们随手搜一下QQ群就会发现，各种各样的群都有。有股票群，篮球爱好，文学爱好，交友，户外运动等等。 在淘宝的严重打击下，很多类的产品不能在淘宝名目张胆的交易了，很容易被封店。于是，很多的商品就流入了QQ群，其中最为火爆的估计就是高仿类的产品了。尤其学生，最爱什么高仿耐克阿迪。 互联网行业中，QQ群排名技术是见效最快的了，但是并不是说谁都可以去操作这类业务。 因为在QQ群排名中，是需要有一定技术含量的，那么今天初心给大家分享QQ群排名的一个技术视频教程，秒上首页！就是这么吊！,8da8a4296bdcb3364b52f21bc9b7e6b31c6d1b78c18b92eaa382177327da83d1,6050def0ca4126978e4dfcb01642f618786774849bbcaf3a0641c62c0cbc6220
v8_identity_control_component_closure_d9d91572350aeb4697ff0225,555333,B,products_data.csv|identity_control|seller_id:555333|cohort:B,products_data.csv|record:1870|sha256:b13cdcda622742f9de9e,products_data.csv,1870,1871,286,38267,抖音女粉玩法减肥精准粉获取以及变现黑五类通用教程,教程与文档,具体请看下图介绍！！！！！,b13cdcda622742f9de9e0fa9e29a3d8d13101096a4546df2b8415cc5b761be44,fdc07cf95cf3f4879da1ba043e01cd1f28a44a9a08287cf97cb4fbfdb6bd2518
v8_identity_control_component_closure_d9d91572350aeb4697ff0225,555333,B,products_data.csv|identity_control|seller_id:555333|cohort:B,products_data.csv|record:1883|sha256:9e48cc014da973ffb356,products_data.csv,1883,1884,299,38300,信用卡网贷黑技术教程,教程与文档,本课程将教会你信用卡办技术； 信用卡提额技术；信用卡养卡技术； 低成本贷款技术；信用卡刷卡技术； 信用卡POS机技术； 零首付融资等全套信用卡技术。,9e48cc014da973ffb356860491a144ddf135c06c3f34e5e2c2842d629f303dfb,c1582779cd7a4560c380e06714d3befa24d6d25469a6a2c5f9cc097ba7a12602
v8_identity_control_component_closure_de2a166d8afca79e279c4447,539806,A,products_data.csv|identity_control|seller_id:539806|cohort:A,products_data.csv|record:413|sha256:c2f93020a1111b618608,products_data.csv,413,414,185,39503,替人消灾伤残亡栽赃陷害,常规服务与操作,替人消灾，伤残亡栽赃陷害等等单不需要人多，本人单独一人替雇主办一切的事情，是不是雇主觉得一个人能办出什么事情来？人手不够怎样办事能力是不是不行？ 您理解错了，恰恰相反！一个人办事总比多人办事手尾多，我一向单独办事，独来独往，行踪无迹，我出门从不坐汽车火车飞机，我的出行一般都是摩托车电动车自行车，我自有一定的反侦查能力，能避开电子眼，避开一切蛛丝马迹，栽赃陷害一个人借刀杀人，意外身亡，我通常用软性药，或者给他的车动手脚，或者意外电，意外高空坠物，等等！给钱办事我有一百个意外让雇主的目中丁完全无察觉的意外，（这100美金拍下，只是您的对于我的诚意金，联系我TG我，给我简单说您要处理的对象什么类型，人在哪里？我给您说出我的处理方法与及我反侦查能力有多强，我有一百个意外足已让对方完成最后一程，觉得我的方法和反侦能力到位的，我们继续谈价钱合作交易）   我对您的承诺 保障1、雇主资金放心交易，站内担保交易，站内定金1BTC，私拍定金，挂起暂停结算，我开始给你办事，办完事情后，3天内必须结清尾款 保障2、雇主无名隐蔽，雇主与我的联系都是暗网与TG，不能明网联系，各都不认识，万一事情不成，或者我出事了，也牵连不到对方 保障3、任务完成了，结算佣金后我们各自删除不联系！  交易流程： 沟通好细节确定接单，开新帖给你拍，随后安排时间独自出发  有合作意向者可直接下单，附上期望价格及选择（要求）  收到订单会尽快回复  此单为质询单：为杜绝一些没有质量问问党的问答请下单后留言，否则不做回答！,c2f93020a1111b61860872508b66e6e1ea301d768250c261f1867c605de2d7dd,11d3accc18eedb363a81193893078fbbc1d738815e415cc56b77f927cb2cfacc
v8_identity_control_component_closure_de2a166d8afca79e279c4447,539806,A,products_data.csv|identity_control|seller_id:539806|cohort:A,products_data.csv|record:747|sha256:c6d7ed864c2bd083c463,products_data.csv,747,748,252,41683,路子分享资源导航小白变大神,技术服务[非教程],刚进入暗网 遇见茶马古道这个担保交易市场，挺兴奋的，后来买来好多个项目 下载好打开一看 （哈哈哈）差点没给老子笑抽过去。分享一个可操作的项目，认识有人在做，没什么技术含量但也没什么门槛。想放大操作搞大钱去收人头，就考验个人实力 后来想了想谁会把赚钱的项目发出来呢，自己把这个总结的项目整理好了打包出售的 下面是网盘地址 自动发的,c6d7ed864c2bd083c46381bdb5e2f1312e829e6822a3ddac5d06a90b0598d380,c9265b43f510996e2522cfb627cb7a684d7d6bf81b643987038e90d6ed761bb0
v8_identity_control_component_closure_de2a166d8afca79e279c4447,539806,B,products_data.csv|identity_control|seller_id:539806|cohort:B,products_data.csv|record:1912|sha256:51dbf503b81971723690,products_data.csv,1912,1913,28,36577,处方药专卖曲马多等镇静,实体发货商品,鹽酸曲馬多是一種作用於中樞神經的鎮痛藥，這種藥物主要用於緩解骨折或者手術過後的疼痛症狀。由於其價格低廉，而且在很多地方都能輕易買到，有些青少年竟然把它當成了麻醉自我的毒品。曲馬多是一種人工合成的鎮痛藥物，起初主要用於醫療手術方面，多用於止痛，鎮定等療效，但有些人過度的使用曲馬多，很容易造成曲馬多依賴上癮，這種極度的依賴感便造成了藥物依賴上癮，也就等同我們常說的毒品依賴。從另一個角度來說，曲馬多在初期使用的時候，對患者的病情起到的作用還是非常大的，當然這種作用也是有區別的，主要的針對人群還是以那些使用時間比較短，而且劑量不大的人們來說的。由於曲馬多本身的特性，越來越多的人喜歡使用曲馬多，這就造成了長期使用成癮的問題越來越更加的嚴重。因為曲馬多的藥物癮性，是非常的！就拿目前的正常人來說，如果每天使用曲馬多的劑量在200毫克左右的話，差不多在六個月左右就會產生對曲馬多的依賴，如果更多的話，依賴的時間就會更加的縮短。曲馬多對人體的中樞神經具有興奮左右，而這種狀態是非常容易使使用者迷戀，造成曲馬多上癮，這種的現象在全球各個國家都有發生，所以，現在曲馬多已經成為世界衛生組織列入的第五類禁止濫用的藥品之一。 100粒1800元 拍下七份  曲馬多服用方法与劑量 吞服，勿嚼碎。本品用量視疼痛程度而定。一般成人及14歲以上中度疼痛的患者，單劑量為50?100毫克（1/2?1片）。體重不低於25公斤的1歲以上兒童的服用劑量為每公斤體重1?2mg的，本品最低劑量為50毫克（1/2片）。每日最高劑量通常不超過0.4克（4片）。治療癌性痛時也可考慮使用相對的大劑量。肝腎功能不全者，應酌情使用。老年患者的劑量要考慮有所減少。兩次服藥的間隔不得少於8小時。述推薦劑量僅供參考，原則上應選用最低的止痛劑量，遵醫囑服用。 曲馬多的副作用 曲馬多的常見副作用包括噁心，腹瀉，頭痛，頭暈，嗜睡和便秘等。長期服藥還可以出現出汗，焦慮，睡眠不良，疼痛和身體顫抖等戒斷反應。如果用藥很長一段時間，最好是諮詢醫生選擇更安全的停藥方式。過敏和刺激反應比較罕見，但有時會引起蕁麻疹，呼吸困難和暈眩等副作用。如果出現胸痛，呼吸困難，癲癇發作，心跳過快等症狀應該看急診，但這類情況比較罕見。 注意事項 使用曲馬多的禁忌藥物包括百憂解，左洛复，帕羅西汀，蘭釋等其他選擇性五羥色胺再攝取抑製劑，因為有導致血清素症候群的危險。嚴重時還可以引起癲癇發作甚至死亡。儘管血清素充足是好事情，但數量過多也有導致死亡的潛在風險。其他應該避免的藥物還包括單胺氧化酶抑製劑（第一代抗抑鬱藥）。要記住的是，在服用曲馬多之前，一定要告知醫生正在服用的其他抗抑鬱藥。不建議孕婦或哺乳母親使用這種藥物。此外，心臟和腎臟存在疾病的人也應該避免這種藥物。患有週期性或慢性呼吸疾病的人應該諮詢醫生後服用曲馬多。有些藥物可以降低曲馬多的效力，它們包括卡馬西平和奎尼丁。前者是一種鎮痛抗驚厥藥物，常用於治療雙向情感障礙疾病患者。後者是調節心率的藥物。這些藥物都會降低曲馬多療效。  注： 1，少量供应，保证品质，因难度和风险极高，故不议价，拍下后及时告知收货地址，一周左右可收到货  2，本店不售毒品！不定期更新药品种类  3，怀疑售假与怀疑超市商品一样，不购买怎么猜测也没用，我们提供测试方法，长期扎根本市场，要玩诈骗早会被封号，加上平台对买家保护力度很大，所以不需问此类问题  4，如有药物检测，批量采购，其他管制药物，线下人员服务，等等其他需求，详谈   :建议在服用这种药物之前应咨询好医生。没有好医生的处方，不应服用这种药物。,51dbf503b81971723690dd9ace7fb76880c9e160268487de1d65fdba411c1c79,673e13daf879e8510b7b0677dfd0b9b5adefcc485a479e8b2bdfe70f9811aa9e
v8_identity_control_component_closure_de2a166d8afca79e279c4447,539806,B,products_data.csv|identity_control|seller_id:539806|cohort:B,products_data.csv|record:1992|sha256:cd8054ea5bc99f415c9a,products_data.csv,1992,1993,110,36575,印度药房产品抗癌药鼻炎日常药品奥利司他奥司他韦,实体发货商品,《我不是药神》 艾滋病 阻断药 痛风 乙肝 保法止 脚气 保健品 等 这类产品很多就不一一上架了，批发、零售价不同，付款我们即配送！全部中国现货！拿现货和印度缅甸直邮价对比的可以直接忽略，印度药市场已从增量→存量→残量 步入3个阶段，13年至今年疫情爆发 物流终止发件的残量时代我们已见证历史。PS:不信任再关注，信任再下单。  洛匹那韦/利托那韦/克力芝 武汉肺炎 通用名称：洛匹那韦/利托那韦口 英文名称：Lopinavir/Ritonavir 商品名称：克力芝 成份: 洛匹那韦200mg，利托那韦50mg。 价格：中国发货顺丰包邮 1600元一盒。   tramadol 曲马多   158元一盒 点击购买 超级卡玛格拉是枸西地那非 （100mg）和达泊西汀（60mg）的组合。  莫达非尼 莫达非尼：Provigil；Modavigil; Alertec; Modalert; Modvigil; Modatec; 莫达非尼是一种兴奋剂，通常被称为“促觉醒药物”或“ eugeroic”  芬特明减肥 特效减肥药 芬特明 Adipex-75 【美国雅培】 芬特明是一種在性質和結構上與安非他明相似的刺激劑。   Xanax阿普唑仑、Ambien唑吡坦、氯硝西泮 、劳拉西泮、地西泮、佐匹克隆、依替唑仑 佐匹克隆 100粒1200元 200粒2000元 点击购买 佐匹克隆（英语：Zopiclone）  注： 1，少量供应，保证品质，因难度和风险极高，故不议价，拍下后及时告知收货地址，一周左右可收到货  2，本店不售毒品！不定期更新药品种类  3，怀疑售假与怀疑超市商品一样，不购买怎么猜测也没用，我们提供测试方法，长期扎根本市场，要玩诈骗早会被封号，加上平台对买家保护力度很大，所以不需问此类问题  4，如有药物检测，批量采购，其他管制药物，线下人员服务，等等其他需求，详谈   :建议在服用这种药物之前应咨询好医生。没有好医生的处方，不应服用这种药物。,cd8054ea5bc99f415c9a2723687e9d0d639d32ff87d8ad9252d73d19aa623da4,13d1d04a8746b2434a24047bc306ab5fd69f9ac3f8aa41a34b510a2b6b552d25
v8_identity_control_component_closure_e10f2bce16b27eae4fb6c807,550719,A,products_data.csv|identity_control|seller_id:550719|cohort:A,products_data.csv|record:764|sha256:4f503fbe942b86b471f1,products_data.csv,764,765,269,37653,出27个实用技术,技术服务[非教程],"低价出27个最新实用技术教程  花了￥3998元买来的技术现在跳楼价（25美元）打包全部带走。  最新技术,亲测有效,随便一套都超值 不坑不骗,真实诚信  总有一套是适合您的，物超所值 值得拥有  1.无限开通商家码教程 (288￥收的)  2.最新登录跳过人脸技术 (158￥收的)  3.过人脸CT软件+教程 (188￥收的)  4.VX查实名技术 (158￥收的)  5.VX强开临时登录技术 (188￥收的)  6.VX强行注销实名账户技术(98￥收的)  7.VX上传SFZ正反面技术(158￥收的)  8.VX避免大封杀技术(98￥收的)  9.苹果试玩0撸50+技术(158￥收的)  10.VX冻结技术(98￥收的)  11.VX封号推送技术(118￥收的)  12.VX实名跳银行卡技术(158￥收的)  13.变声器软件(128￥收的)  14.美团外卖无限退款教程(88￥收的)  15.群流量变现讲解(138￥收的)  16.淘宝客技术(128￥收的)  17.VX被动加5000好友方法(188￥收的)  18.VX防封技巧大全(98￥收的)  19.VX封号推送名片(118￥收的)  20.学生群裂变方法(108￥收的)  21.支付宝0撸2000教程(128￥收的)  22.支付宝强开花呗教程(128￥收的)  23.支付宝无限实名技术(128￥收的)  24.300套同人套图+视频(198￥收的)  25.585套营销成交话术(188￥收的)  26.1000多个黑灰产偏门方法教程(188￥收的)  27.支付宝芝麻信用13星教程(188￥收的)  注：拍下得24套实用技术教程，  自动发货；24小时内主动放款再发300套同人套图+视频；585套各行业销售成交话术；1000多个黑灰产偏门方法教程。  注：数据具有可复制性，一经售出，概不退款。",4f503fbe942b86b471f1390b47f62424dd2f38b68bab8acc3cfaf68c0a77bd24,438e33ef7591f591ddb3dfd24bbf98da3f7e4349cd25db209712e1951afde771
v8_identity_control_component_closure_e10f2bce16b27eae4fb6c807,550719,A,products_data.csv|identity_control|seller_id:550719|cohort:A,products_data.csv|record:1127|sha256:7c3d3cbd3319e18a3e8c,products_data.csv,1127,1128,32,39017,低价出10000多套身份证正反面手持身份证银行卡手机号,虚拟物品,白菜价 10000多套，便宜出，身份证正反面+手持身份证+银行卡+手机号 8090后大学生为主  用处自己开发。用于各种套身份 注册 等待业务。  数据具有复制性，售出不退，谢谢。,7c3d3cbd3319e18a3e8caa51f746fe3d052ccea218856c3d3675334002495f44,08931bb1761b22c48b6c5be3cbb0a4e8f39537484320100f417af0698dd980e2
v8_identity_control_component_closure_e10f2bce16b27eae4fb6c807,550719,A,products_data.csv|identity_control|seller_id:550719|cohort:A,products_data.csv|record:1630|sha256:2842c7dded7e090190f2,products_data.csv,1630,1631,29,39327,手机改号平台搭建详细教程附工具,教程与文档,搭建手机改号平台详细教程附工具  简单易会，操作简单，内含详细的视频教程  安装包，软件，工具，注册机，直播系统，清除挂起 ，目录破解工具  购买自动发货，虚拟货品，不支持退款,2842c7dded7e090190f2ad3b7cbc792016d11e636948ebce25d5accc2a144ff9,88dbdf51977f89718a82cd446da0d87edca74007f5d1a4c329a189d8cf103903
v8_identity_control_component_closure_e10f2bce16b27eae4fb6c807,550719,A,products_data.csv|identity_control|seller_id:550719|cohort:A,products_data.csv|record:1684|sha256:a5ab6d142ae92a86cbf6,products_data.csv,1684,1685,99,39414,菠菜网站搭建源码和全套详细教程,教程与文档,"博彩网站搭建源码和教程全套目前最全面的教程 购买自动发货  如果你是小白没有建站基础,一步 一步的按照教程来操作 那就绝对没有问题了  购买前请注意：虚拟资源可复制，一经购买，不可随意退款。  小本买卖，高抬贵手，收货后请尽快放币，谢谢支持  12小时主动放款再送最新菠菜刷水教程",a5ab6d142ae92a86cbf60a43231adf33ecdde6545b2cea46783fc2260714d216,382aa6ca5546cfa807bb1114acdaefa6bfd27a98cbb9bbcfe41d2597658c4ebb
v8_identity_control_component_closure_e10f2bce16b27eae4fb6c807,550719,B,products_data.csv|identity_control|seller_id:550719|cohort:B,products_data.csv|record:585|sha256:371acc2851e67d0edd4c,products_data.csv,585,586,88,39171,专业级超全内部变声器冰点价,技术服务[非教程],超全内部变声器冰点价处理（教程+设置+软件+插件+背景+皮肤+音效+语音）  商品介绍： 还在为你声音不自信而感到困扰吗？ 还因为声音不自信追不到女神吗？ 快来试试这个吧！【自动发货】,371acc2851e67d0edd4c57ff9f602f22dfd709d69ad6e7548d30ac6aa6b41f67,f8bfd7934828daa8c741ae711a470de11348dbca8ba6119b9091ccd99f17481f
v8_identity_control_component_closure_e10f2bce16b27eae4fb6c807,550719,B,products_data.csv|identity_control|seller_id:550719|cohort:B,products_data.csv|record:1231|sha256:627ccf09a6874995ec3c,products_data.csv,1231,1232,137,39382,高清11万套营业执照及法人手持身份证银行卡门头照合同电话,虚拟物品,高清11万套营业执照及法人手持身份证银行卡联系电话门头照租赁合同  内含营业执照，法人手持身份证，银行卡，办公环境，门头照，办理POS机合同，租赁合同，联系方式全套资料 便宜处理  各个地区都有，照片清晰真实，用处自己开发。用于各种套身份 注册 等待业务。  个别失效，数量太多无法筛选，绝对超值划算，都是实用性的。用心开发挖金  数据具有复制性，售出不退，谢谢。  24小时主动放款再送  （高清13000多套大学生身份证正反面+手持身份证+银行卡+手机号）  （5000条最新全国企业名录大全）,627ccf09a6874995ec3c286aaf3afea094efe8a35080f7e59b1af3ae7c392040,db6022386d46327b69666059825c73233732e8eb0236fa3fb3ddc83b60cbf57a
v8_identity_control_component_closure_e10f2bce16b27eae4fb6c807,550719,B,products_data.csv|identity_control|seller_id:550719|cohort:B,products_data.csv|record:1647|sha256:3de416b5ae414e79ae07,products_data.csv,1647,1648,53,39309,自动扫描破解网络Ip摄像头在线看实时查看,教程与文档,自动扫描网络摄像头，点开即看 下单后自动发mega网盘 软件商品具有可复制性，一旦售出拒不退款，介意勿拍,3de416b5ae414e79ae07588cdfa1ec19dc9e9ce2ac79042f62be6550681d30e3,f8f74d43c5288d82cb3bde564803b90bececd0cfef0dffce41f4f822f4d641ca
v8_identity_control_component_closure_e10f2bce16b27eae4fb6c807,550719,B,products_data.csv|identity_control|seller_id:550719|cohort:B,products_data.csv|record:1690|sha256:cba4256621d4c3aaaa60,products_data.csv,1690,1691,105,39455,营业执照生成器和身份证生成器高仿可过认证,教程与文档,营业执照生成器+身份证生成器，高仿-可过认证  营业执照生成器加身份证正反面生成器  两款软件  一款是营业执照生成器  一款是身份证正反面生成器  所有东西都可以自定义生成  已设置自动发货，拍下付款会自动发货  麻烦买家收到货后第一时间放款，谢谢  24小时内主动放款赠送113万身份信息（真实姓名＋身份证号码）,cba4256621d4c3aaaa6088a28986424ce138c4ab13dc63a82b3c3f12cee2c21c,550ed32f049c5ce281ceb08213ceba1d6fc5c2cf31f13a6629f4c73ec1634058
v8_identity_control_component_closure_ea4d9d193e3ca0c7b2a538a2,74766,A,products_data.csv|identity_control|seller_id:74766|cohort:A,products_data.csv|record:584|sha256:de2d099fcf6ecf2a45ab,products_data.csv,584,585,87,25841,最简单实行人肉搜索，个人信息查询,技术服务[非教程],社会工程-安全体系中的人性漏洞 入侵的艺术 欺骗的艺术 线上幽灵 姓名 性别 出生日期 身份证号码 身份证家庭住址 快递收货地址 地理位置 （照片EXIF提取;IP地址） 学历/小初高大各学校 目标履历素描 QQ 手机号（曾用与现用） 邮箱 银行卡 电子邮箱 支付宝 各SNS主页 微博，人人网，百度贴吧，网易轻博客等 常用ID  本教程都包括,de2d099fcf6ecf2a45ab9072d3b47e76d7a5a8565c6a307086f221deb7f43d71,82bbc081f58d1074838e78e8dae319c3550146b95ed0aa1c5264bb37903a9a2c
v8_identity_control_component_closure_ea4d9d193e3ca0c7b2a538a2,74766,A,products_data.csv|identity_control|seller_id:74766|cohort:A,products_data.csv|record:1280|sha256:8a86b4ae492999586de1,products_data.csv,1280,1281,186,24939,深网级魔改短信轰炸机爆破机,虚拟物品,深网级魔改短信轰炸机 爆破机 报复人必备，最好不要亲测，小心手机变废 因是虚拟物品售出既不退换 链接失效请呼叫我,8a86b4ae492999586de11b4456b56bfa0e5e1cde4f8af48a7ae8dca62bbc73ac,d02a814e29726dfc8de4a64c244a1634c49e194b767575fa11693854ef2cea0b
v8_identity_control_component_closure_ea4d9d193e3ca0c7b2a538a2,74766,A,products_data.csv|identity_control|seller_id:74766|cohort:A,products_data.csv|record:1819|sha256:9ad3989dd8b642a377f1,products_data.csv,1819,1820,235,28072,明网严禁《在当代社会生存必备的常识》,教程与文档,在中国这样的国度里生存需要最大的勇气和智慧，没有这两样，你很难在这样的社会里立足。 这篇文章就是要告诉你生活的真相，也是本人数十年生活的经验积累， 希望能帮助那些寻找生活方向的人们。 本文主要讲述了如何在中国这个大环境下生存的更舒服的 从如何交友到思想状态再到国家意识 本文都有阐述,9ad3989dd8b642a377f134c0a5b78bf01e21c5b69bbc8e7f3a3df195210f1ab7,c7e97abdaa605f3eda7c3494fcc02896e167cd553e6f6b0cf6acb5f6a69520c9
v8_identity_control_component_closure_ea4d9d193e3ca0c7b2a538a2,74766,A,products_data.csv|identity_control|seller_id:74766|cohort:A,products_data.csv|record:1884|sha256:705f56ffce87f8e6a6a6,products_data.csv,1884,1885,300,19787,原创文章生成器，一键生成文章，微信自媒体软文套现神器,教程与文档,因是虚拟软件所以已经发出既不退款，链接消失可以呼叫我，教程已整合到里面,705f56ffce87f8e6a6a62f1edcd8ba0635f845c110455c7640188284ebb1f50f,015f5f0d9b920765d002c171a9893e1246380dcc6acf7c978397ac6a81eb2b84
v8_identity_control_component_closure_ea4d9d193e3ca0c7b2a538a2,74766,B,products_data.csv|identity_control|seller_id:74766|cohort:B,products_data.csv|record:787|sha256:20e73f2257e5394440c4,products_data.csv,787,788,292,24938,多开分身虚拟定位破解，暗网必备信息隐藏商用模拟,技术服务[非教程],多开引擎源自内核技术，不占内存，多开快速稳定 若链接失效请呼叫,20e73f2257e5394440c46cb7f5f11557fce6cc221d8c09464111d6c6d28211b6,27845e6e3cbe7fd07ff829d2937542022430b02c3c0bf867d24e7d14614cd5a6
v8_identity_control_component_closure_ea4d9d193e3ca0c7b2a538a2,74766,B,products_data.csv|identity_control|seller_id:74766|cohort:B,products_data.csv|record:788|sha256:0c8b653c979e939dc7fb,products_data.csv,788,789,293,25146,网络黑爬虫爬手必备网站99+,技术服务[非教程],自己看图 亲自收集整合 多年扒手经验传授与人不易，赚个手工费 链接失效呼叫我 因是虚拟物品售出不易退还，请慎重，但绝对值这个价,0c8b653c979e939dc7fb5d98beb3ce7d421e956af539a43fc674a992ee6aa558,491dd3d8ea12006254629f34ec3c771603db533881130fbce11b64cd67a71e16
v8_identity_control_component_closure_ea4d9d193e3ca0c7b2a538a2,74766,B,products_data.csv|identity_control|seller_id:74766|cohort:B,products_data.csv|record:1676|sha256:217c13dbbc0ee197c97f,products_data.csv,1676,1677,87,23019,wifi破解简单易懂，自带教程，破解邻居家wifi轻松自如,教程与文档,wifi破解简单易懂，自带教程，破解邻居家wifi轻松自如,217c13dbbc0ee197c97fee10134b9d03368b6ebc1add14b6344394c46e000fc8,c2d5556cc4526e740e9d940a2461cd9fd4be784e0b48ae4c1aaf9b3ff88834cc
v8_identity_control_component_closure_f6cdb679fac158469cd1b2ee,519199,A,products_data.csv|identity_control|seller_id:519199|cohort:A,products_data.csv|record:1936|sha256:5dd9fc9fa8d3ec2a196e,products_data.csv,1936,1937,54,35089,香港移动卡注册微信80不需要辅助微信不用实名可以直接进百人群,实体发货商品,香港移动卡，余额48元，月租2元，全新卡，插卡就激活，功能正常，打接1.8元一分钟，发信息1.5元一条，收信息免费，此卡从未停过，可以注册市面上大部分业务，注册微信80%不需要辅助，微信不用实名可以直接进百人群。   1张起拍 不包邮（发顺丰） 不能 及时确认收货的 勿拍 谢谢！！！ 代充值：为了不暴露支付账号，更好的隐蔽您的身份，提供代充服务 付款后在本帖回复收货信息：姓名、电话、地址（名字可虚假，电话能联系上就行） ★查询，使用。有什么问题回复本帖，无特殊情况每天都在★,5dd9fc9fa8d3ec2a196eb5d6993be8770cc2abbcc84246c1b0c702337ee32d5a,8b3ffc2cd8d1b92a210fa8c5e3ea6dff9847270b656faac260c4d7251d6c646e
v8_identity_control_component_closure_f6cdb679fac158469cd1b2ee,519199,A,products_data.csv|identity_control|seller_id:519199|cohort:A,products_data.csv|record:2010|sha256:41c0c38526171c4c7ef8,products_data.csv,2010,2011,128,37910,国际卡流量卡,实体发货商品,国际卡流量卡。不用交费 插卡直接就用  直接登陆Facebook youtoubo 暗网 飞机  不需要翻墙 插卡直接打开就来  联通4g 包100.G.流量  全国无禁区  专业流量卡  无需多言  不包邮 一张起发货 顺丰！不能及时确认收货 的勿扰！！！！！！  邮费另拍！,41c0c38526171c4c7ef8244e428e4b40672bc23389fbf284e9e486f2c81c3698,473cde71919553faa8c94f222eb54a7a70daa9f641a6259f26e6c4a6fae3bc53
v8_identity_control_component_closure_f6cdb679fac158469cd1b2ee,519199,B,products_data.csv|identity_control|seller_id:519199|cohort:B,products_data.csv|record:1934|sha256:1a4f48b69db057ee99ab,products_data.csv,1934,1935,52,35088,5G电信流量卡,实体发货商品,电信流量卡，动态ip全国跳，流量30天清零，不限速，无需预存。无需十名。欢迎各工作室对接联系！动态ip、插卡即用、无需任何操作！群控、工作室以及其他企业用户必备精品！ 工作室必备 跳动ip流量卡养微信号必备 四大优点： 1.充值流量直接可以用 2.手机重启ip会变，养号抗封能力强 3.流量套餐灵活，一卡多套餐 4.非三方流量池卡，不会封卡 5.无需实名 6.热点随便开。 10张起拍 不包邮 不能 及时确认收货的 勿拍！！谢谢 代充值：为了不暴露支付账号，更好的隐蔽您的身份，提供代充服务 付款后在本帖回复收货信息：姓名、电话、地址（名字可虚假，电话能联系上就行） ★流量卡充值、查询，使用。有什么问题回复本帖，无特殊情况每天都在★,1a4f48b69db057ee99abb60d70623495a56de38868f6fd0628161772d3747c20,ab6d10e8d254bd6179dfec530bdda46f26ca49ab48337284a7591b9a0ac5d1e1
v8_identity_control_component_closure_f6cdb679fac158469cd1b2ee,519199,B,products_data.csv|identity_control|seller_id:519199|cohort:B,products_data.csv|record:2042|sha256:b962e0090086a5f96295,products_data.csv,2042,2043,160,35900,英国电销卡国内可用,实体发货商品,"英国电销卡国内可用,每天200通电话不死卡 平均0.09/分钟，十起发 公众号充值     收到货请即时确认收货！！快递显示签收5小时内没确认收货 拒绝再次合作 不包邮！！  代充值：为了不暴露支付账号，更好的隐蔽您的身份，提供代充服务 付款后在本帖回复收货信息：姓名、电话、地址（名字可虚假，电话能联系上就行） ★流量卡充值、查询，使用。有什么问题回复本帖，无特殊情况每天都在★",b962e0090086a5f9629529c79dc966c7d6db3f396270b55be3fe24b2999a1b23,f4b087b67f6acd62b3753bee9ba9ca592f7b99fd4576b56d5679c24f307f1522
v8_identity_control_component_closure_fab70753782cc45f82b5c43e,176839,A,products_data.csv|identity_control|seller_id:176839|cohort:A,products_data.csv|record:292|sha256:3ac40170b5e9e42b54dc,products_data.csv,292,293,58,49058,代考驾照c1b1免人到场45天就可以拿到驾照,常规服务与操作,"代考驾驶证不需要人到场，解决色盲，没有时间，年纪大，记不住考试题目的人群  真实不需要人到场，只要你的一些考试准备资料就可以  需要准备的资料：  1.申请人身份证正反面照片 2.一寸白底照片一张或者本人直接站在白色墙纸前自拍上半身照片 3.找张白纸写上你的名字和手机号 印上左右拇指指纹 注释：左右拇指 指纹需要拍清晰照片，因为这边机器需要扫描 4.报名可以先发本人身份证和本人手机号码 预约好 在补齐资料  目前有二种套餐 套餐一先交报名费800元，后面考一个科目报名成功就交一课的费用 套餐二 一次性交付所有的费用 详情看图二  声明一下，本单只是咨询费用，下单之后，留下你的联系方式 微信或者电报都可以，备注一下是什么聊天工具 由于是咨询单只设置最低价格1美金，只要你购买 不管你咨询不咨询，这一美金不会退款 再次申明一下，代考驾照本来就是违规的，大家购买之前先考虑清楚是不是需要找人代考 要是只是自己考挂了几次不想考 ，就来报名我们也接受，只是一旦我们接单之后，就开始操作，不接受退款 不要上来就问我们是怎么操作的,我们既然可以吃这碗饭，肯定有我们的路子 驾驶证考完之后可以帮忙移签到本地，不显示是在外地考的 不接受已经违规 酒驾 吊销驾驶证期间的报名 不接受已经被禁驾时间没有到的报名 终身禁驾的就不用咨询了，我们也处理不了 每天晚上我都会在线，购买之后，直接留下联系方式我们会来加你 备注加的时候会以大写A备注 看到同意一下就可以",3ac40170b5e9e42b54dc891885dcafbfb67e7814d15dcdcd7ffeae641087c379,4979cc85dddfdcf24439be809e8aa9b7d9b9e283000481b98cfc2f73f6010f97
v8_identity_control_component_closure_fab70753782cc45f82b5c43e,176839,A,products_data.csv|identity_control|seller_id:176839|cohort:A,products_data.csv|record:563|sha256:bf37979d629d5b1638ea,products_data.csv,563,564,66,42741,微盘二开版带余额宝功能期货数字火币交易完整数据k线正常,技术服务[非教程],微盘wp二开版带余额宝功能时间盘黄金期货数字火币交易+完整数据+k线正常 亲测可以正常运营 功能二开了余额宝功能，他直接服务器打包给我的。  也是别人正在运营的东西，所以不啰嗦啥  之前很火的微盘项目，现在还有不少灰产还在做  详细内容看下面的图片  由于是虚拟产品所有不接受退款，有操作后台和前台  自己看好感觉合适再来购买  前台：https://a.yujunmh.cn/index/  后台：https://a.yujunmh.cn/index.php/admin/index/index.html  账户：admin 密码：123456,bf37979d629d5b1638ea7e3f8413dcc03a5eee7f07e2719948531b318454d39f,b00d4d3bcb0d7398ea87061264f0fd2b2d6d0f525a13c41b7c97694de7c91b83
v8_identity_control_component_closure_fab70753782cc45f82b5c43e,176839,A,products_data.csv|identity_control|seller_id:176839|cohort:A,products_data.csv|record:599|sha256:a140fca5c7898cec514b,products_data.csv,599,600,102,49046,最火的泽爱相亲网站源码月人十万不在是梦,技术服务[非教程],最近几年一直在火的相亲项目，不知道再坐各位有没有玩过 不管是在百度搜索还是YouTube搜索 相亲项目一直很火  为什么这么火了，因为相亲是刚需  市场上面 一对一相亲男方收取费用到达1.2万一个人  这还是三四线城市，价格都到了这么高，本人去测试了一下珍爱网 相亲线下报价是也是上万  其中的利润和价值，可想而知，完全是暴力，结婚的女生也非常好找，直接去几个女生app或者论坛里面发一个贴相亲，就  可以添加几十人上百的本地女生，然后再去对接哪些需要相亲的男生 收取费用，完全是空手套白狼的玩法，只要你有  耐心 一个月几千男粉 几千女粉 完全没有问题，关键是还是合法途径， 操作难度又很少  回归正题 本贴是卖网站源码的 不是带徒弟的  这下面的链接是官方的网站， 系统里面分 总后台 红娘系统 推广分销 婚恋商城，功能非常强大，只要你引流量进来 平台设置和对接好公众号，就可以自动成交， 要是你想一对一成交 就走线下成交 自己请几个红娘 帮你客户跟进就可以了  下面是官方网站， 可以联系他们拿后台演示， 我的后台就不公开出来了，因为已经在运营 有真实的客户在里面 http://z1.23zq.cn/?agentid=all   官方报价是6800元 套餐有几种， 我这里是破解版的 跟着官方同步更新， 就是价格便宜 我这里就卖150美金 交个朋友 一起来做这个相亲项目，市场那么大 我们团队吃不下这整个蛋糕,a140fca5c7898cec514b0665bb9849a77b917f1cb84f7eba8a7d45f4e144e4b2,ccc14c64d0e5926333b003f5d72b943a5108695dcd623a7b0b71e910bf9f40db
v8_identity_control_component_closure_fab70753782cc45f82b5c43e,176839,A,products_data.csv|identity_control|seller_id:176839|cohort:A,products_data.csv|record:1753|sha256:8967c97049fb4e95c1a9,products_data.csv,1753,1754,169,43108,失传很久的民间性巫术终于拷贝成电子书了手慢无,教程与文档,最近刚刚整理出来的民间性巫术这本书，拷贝成图片，生成PDF电子书，一起有186页 里面内容包括画符，制作媚药（和网络的方法不一样），采用动物或者植物就可以制成药 很是新奇，对这方面感兴趣的可以看看 这是属于巫术，电子书拿到之后，自己去参悟，记住学会了，不用轻易对人使用， 下面有二张图 是书籍的目录，看看是不是自己需要的。 由于是虚拟产品，所有不接受退货，大家都是成年人，要对自己做的事情负责 要是对巫术不感兴趣，可以自行离开，我只是卖书的不对书中任何内容指导，拍下之前自己考虑清楚  发货地址是国外网盘：要想下载的话 记得翻墙，不翻墙是拿不到这个资源的,8967c97049fb4e95c1a9986917986f50737c500460a503d4af55e712219082e3,5cafbee8b0bf5f9f9d2895567e622b36618317c204edaad7fe81ef5a6bfa5fe3
v8_identity_control_component_closure_fab70753782cc45f82b5c43e,176839,A,products_data.csv|identity_control|seller_id:176839|cohort:A,products_data.csv|record:1956|sha256:078570cb7665cbc28fc1,products_data.csv,1956,1957,74,44262,女用伟哥保健品春药,实体发货商品,女用伟哥德国正品，口服保健品原料99%含量  一盒六包 一次一包，本产品为女士专用，无色无味，溶于水，饮料酒类，服用几分钟，女性体内发.痒，身体热、热、麻、麻、分泌物增多，急需艾艾，渴望姓生活，yin部敏。感，热情奔放，激起主动性本能，想法上强烈的要求与异性艾艾，让您随心所欲！  一般5到10分钟起效  无色无味 放入茶水 不影响口感,078570cb7665cbc28fc19418d0477dbc45c5ea209bdf9c3b89d6ecda691b7415,84ec4366ed2a92ef7331afd5b1f5d2575fad398ca566026d4cd23fdaad2ad92c
v8_identity_control_component_closure_fab70753782cc45f82b5c43e,176839,B,products_data.csv|identity_control|seller_id:176839|cohort:B,products_data.csv|record:667|sha256:742b9f7966eb50b793c3,products_data.csv,667,668,171,25121,黑客渗透工具包Cracer渗透工具,技术服务[非教程],黑客渗透工具包，内含IIS提权，MD5在线破解器，网站后台目录扫描，旁注扫描，大马小马图片马，提权，盲注，链接嗅探，跳转拦截，注入中转，注入抓包，转码等多个实用工具，是您拿站的好帮手， 详情请你看看图片 测试过 软件可以正常使用，19年5-16号测试的 付款后链接自动显示,742b9f7966eb50b793c3a8758af348c02a511e73d04056b5d5847c9233855c17,73474d4393af8ea4747034159d1e18cac6124e919ef11b73d8854262f65d9189
v8_identity_control_component_closure_fab70753782cc45f82b5c43e,176839,B,products_data.csv|identity_control|seller_id:176839|cohort:B,products_data.csv|record:738|sha256:a5c5687bbeecbdc6783e,products_data.csv,738,739,243,42715,梦想贩卖机V20因为有梦所以敢想我们给你一个支点带数据,技术服务[非教程],"梦想贩卖机V 2.0因为有梦,所以敢想!我们给你一个支点,助你翘起心中的月球。梦想贩卖机2.0 ,你的梦想,我来实现!带数据可以直接搭建之后就可以正常使用  1、修复VIP次卡解锁资源没有资源附件的bug  2、修复会员分类、级别没有附件的bug  3、修复io3使用积分兑换资源(卡密类型)后卡密不弹出的问题  4、修复新用户助力后点击任务获取无任务的问题  5、修复并发时支付订单后无卡密的bug  6、修复 资源删除后，用户收藏里还有的bug 7、优化 积分不足时提示文字：您的积分不足，请到【我的钱袋】申请积分【解决积分充值入口太深的提醒问题】 8、优化首页资源列表加载速度、其他页面数据加载速度  修复 后台VIP设置中会员权益没显示的问题 备注:本次更新需要更新小程序  适用范围  梦想贩卖机、资源变现、赚钱神器、知识社群、激励视频、微信小程序、小程序源码  运行环境 PHP+MYSQL+微擎+小程序 此连接是案例连接 mp://LfvoXrhLQEHm2Vl  由于是虚拟产品不接受退货，因为是带数据库使用价格比较高",a5c5687bbeecbdc6783e52d00138a26e68faead00013130e57fdb3cca84962bf,a448151b0370bc01c02e14d851ec496a668d57664c015ec79069eab6edb908ef
v8_identity_control_component_closure_fab70753782cc45f82b5c43e,176839,B,products_data.csv|identity_control|seller_id:176839|cohort:B,products_data.csv|record:1811|sha256:7272b679dbd3a04c7c5f,products_data.csv,1811,1812,227,25122,黑客渗透工具包.Cracer渗透工具包v3.0，自动发货,教程与文档,黑客渗透工具包，内含IIS提权，MD5在线破解器，网站后台目录扫描，旁注扫描，大马小马图片马，提权，盲注，  链接嗅探，跳转拦截，注入中转，注入抓包，转码等多个实用工具，是您拿站的好帮手， 详情请你看看图片 测试过 软件可以正常使用，19年5-16号测试的 付款后链接自动显示,7272b679dbd3a04c7c5f830f30ed37f78f3bb71b8874ef3b09a163a5e53e1702,25a62f6c7f4486a0423cbd367a2f45d2eca6fa88faf2b4882787143e5297c206
v8_identity_control_component_closure_fab70753782cc45f82b5c43e,176839,B,products_data.csv|identity_control|seller_id:176839|cohort:B,products_data.csv|record:1961|sha256:41e21ff34984103cd414,products_data.csv,1961,1962,79,43212,爱情降头实物要提前预约才可以拿到,实体发货商品,把情‮油降‬点在‮照的人上心‬片上（面部），‮涂边一‬抹，一边催动‮咒心‬念出对方‮字名‬， 其功效堪比‮级顶‬情降对方‮在会‬极短的‮对内间时‬你欲‮不罢‬能、断‮异他其与绝‬性的不正‮系关当‬， 满心‮是都‬念出TA名字的‮人个那‬！ 爱到无‮拔自法‬将情降油‮自在涂‬己的手腕‮侧内‬，通过双手‮腕手‬的摩擦，‮动催‬心咒， 可让‮己自‬抓住机会，所‮的有‬正桃花‮逃都‬不出你的‮掌手‬。 对异‮操的性‬控可以为所欲为，对你百‮依般‬赖情降‮涂油‬在下‮和巴‬眉心两处，‮手双‬合十念‮心动‬咒，能‮到觉感够‬眉心和下巴‮明有‬显的凉意，随‮暖暖始开后‬的感觉。 这‮父师是‬的灵力进‮你去‬身体的‮兆预‬，这会提升‮力魅的你‬、人缘，‮人的围周‬会对‮无你‬条件付出，不求‮报回‬，对你‮关别特会‬注， 发自内‮心关想的心‬你，和你说话在“啪啪啪”之前，把‮尼仆‬油涂在私处（男女均可）可以最‮的度程大‬释放‮性天‬，感受鱼水‮欢之‬，事后对‮会方‬死心塌地的‮不离‬开你，甚至‮你对‬产生极度迷恋（非‮居同‬状态慎‮哦用‬否则对方会‮人缠太‬） 在国外论坛上看到不少的人在玩这个，自己试了一下，第一次心有杂念，导致没有成功，但是第二次 晚上的时候试了一下，晚上公司女同事就约出来了，发生了关系，按照上面的方法，我们已经同居了 由于是实物，购买的朋友要填写自己的地址，请填写自己附近或者隔壁小区的地址，电话号码最好找没有实名的那种，这个东西要提前预定，付款之后3天内要是我还没有填写发货地址，拿就估计还要等几天，因为一批量只有那么多，请付款之后耐心等待一个星期左右就可以到了,41e21ff34984103cd414e083ee2087e4c2e7e5686b5297e12c6ce97b45c13530,0846cf50181eaa891bac7a6fc0286b3e36d7ab55e450978d9a71729fdc181e87
