method,role,endpoint,metric,mean,ci_low,ci_high,ABC,BCA,CAB
seq,raw,O,average_precision,0.270029241930072,0.25116145277773194,0.28884624580785456,0.2549036625414478,0.26858869018545384,0.28659537306331434
seq,raw,O,trapezoidal_pr_auc,0.2568520045400753,0.23731799944266616,0.2762647370839739,0.2416408202905816,0.25500140777554314,0.2739137855541012
seq,raw,O,roc_auc,0.7387930633147114,0.723930895018622,0.7541540677374302,0.7321648044692738,0.7408275139664805,0.74338687150838
seq,raw,O,recall_at_fpr_1pct,0.1525,0.13625,0.16958333333333334,0.13874999999999998,0.14500000000000002,0.17375000000000002
seq,raw,O,brier,0.04729126926536909,0.04682712505814908,0.047780605715628054,0.04837595631323143,0.04584344895987692,0.047654402522998934
seq,raw,O,log_loss,0.22577507477643607,0.22036004463803016,0.23119268589469277,0.2461837278542348,0.1953223448014421,0.23581915167363127
seq,raw,O,precision,0.20902777777777778,0.16527777777777777,0.25208333333333327,0.0,0.6270833333333333,0.0
seq,raw,O,recall,0.018333333333333337,0.014166666666666668,0.02250000000000001,0.0,0.055000000000000014,0.0
seq,raw,O,f1,0.03323883242361503,0.02583066691762344,0.040898180171278,0.0,0.09971649727084508,0.0
seq,raw,O,specificity,0.9996042830540036,0.9993947858472998,0.9997905027932962,1.0,0.9988128491620112,1.0
seq,raw,O,balanced_accuracy,0.5089688081936685,0.5068505586592179,0.5111571810986966,0.5,0.5269064245810056,0.5
seq,raw,O,mcc,0.057708321299698856,0.04499439059593,0.07015220829108358,0.0,0.17312496389909657,0.0
seq,raw,O,map,0.4165969439595041,0.4008984787679673,0.43151578734427853,0.404301119237254,0.41627825838597876,0.4292114542552795
seq,raw,O,mrr,0.46431281792283907,0.4476551966261045,0.48003224813064543,0.4542998179494505,0.4656745580241439,0.47296407779492283
seq,raw,O,recall_at_1,0.2294642857142857,0.21398809523809526,0.24464285714285713,0.21830357142857146,0.22678571428571428,0.24330357142857142
seq,raw,O,recall_at_3,0.422172619047619,0.4026748511904762,0.44092261904761904,0.40982142857142856,0.42544642857142856,0.43125
seq,raw,O,recall_at_5,0.5438988095238095,0.5224702380952381,0.5648809523809524,0.5419642857142857,0.5535714285714286,0.5361607142857143
seq,raw,O,recall_at_10,0.7183035714285714,0.6973177083333334,0.7395870535714285,0.7080357142857142,0.7160714285714285,0.7308035714285714
seq,raw,O,ndcg_at_1,0.3169642857142857,0.29851190476190476,0.3351190476190476,0.3026785714285714,0.3142857142857143,0.33392857142857146
seq,raw,O,ndcg_at_3,0.37258194149931523,0.3549738935653455,0.3892573013412887,0.35974807817016535,0.3736513810424338,0.3843463652853465
seq,raw,O,ndcg_at_5,0.4269501291547269,0.40922891789987204,0.4438897705585318,0.41868007636366367,0.43087249970236274,0.4312978113981544
seq,raw,O,ndcg_at_10,0.4886456396373673,0.47192536211892483,0.5050765884033702,0.477204740465904,0.488479779572948,0.5002523988732499
seq,raw,N,average_precision,0.31511600873015055,0.29288785160095315,0.3381937626323277,0.3293951107884795,0.29676011878124287,0.3191927966207293
seq,raw,N,trapezoidal_pr_auc,0.30216107332361025,0.279468136718332,0.325626656538564,0.31730511906297576,0.2829905912889916,0.3061875096188634
seq,raw,N,roc_auc,0.7586871508379889,0.7433282122905027,0.7736877618715086,0.7623847765363129,0.7484706703910615,0.7652060055865922
seq,raw,N,recall_at_fpr_1pct,0.18666666666666668,0.16541666666666668,0.20876041666666653,0.20500000000000002,0.16875,0.18625
seq,raw,N,brier,0.04735659787416017,0.046888400521693345,0.047802448307761876,0.047366625188318454,0.04676300245656162,0.04794016597760045
seq,raw,N,log_loss,0.22822335389885282,0.22309218363268368,0.23363064415364923,0.2313354241938123,0.2091638045004751,0.24417083300227102
seq,raw,N,precision,0.12152777777777775,0.07847222222222223,0.16527777777777777,0.0,0.2645833333333333,0.1
seq,raw,N,recall,0.011666666666666665,0.007083333333333333,0.01666666666666667,0.0,0.03,0.005
seq,raw,N,f1,0.020674524750611708,0.01267472865298952,0.02936118757450276,0.0,0.0524997647280256,0.009523809523809523
seq,raw,N,specificity,0.9998603351955307,0.9997672253258845,0.9999534450651769,1.0,0.9995810055865921,1.0
seq,raw,N,balanced_accuracy,0.5057635009310987,0.5034601955307262,0.5082867783985102,0.5,0.5147905027932961,0.5025
seq,raw,N,mcc,0.034743654974824977,0.022242786366753857,0.047218389736854265,0.0,0.08244103465822676,0.021789930266248158
seq,raw,N,map,0.46693788871969666,0.4489236680543416,0.4846098123307454,0.4728842657500455,0.4500850165364434,0.4778443838726012
seq,raw,N,mrr,0.5140358749274533,0.4953269637029966,0.5322029295539623,0.5250829196323148,0.48830834545735696,0.5287163596926883
seq,raw,N,recall_at_1,0.275297619047619,0.2572879464285714,0.29315476190476186,0.28928571428571426,0.25491071428571427,0.2816964285714286
seq,raw,N,recall_at_3,0.4916666666666667,0.47008928571428577,0.5138392857142856,0.4933035714285714,0.47455357142857146,0.5071428571428571
seq,raw,N,recall_at_5,0.5980654761904761,0.5748511904761905,0.6214285714285713,0.5950892857142857,0.5776785714285713,0.6214285714285714
seq,raw,N,recall_at_10,0.7380952380952381,0.7171093749999998,0.7587834821428572,0.7321428571428572,0.7249999999999999,0.7571428571428571
seq,raw,N,ndcg_at_1,0.3726190476190476,0.3505877976190475,0.3943452380952381,0.3901785714285715,0.34642857142857136,0.38125000000000003
seq,raw,N,ndcg_at_3,0.4354135739815172,0.4150187801549117,0.4555687067398209,0.4418336947401851,0.41613328911097713,0.44827373809338944
seq,raw,N,ndcg_at_5,0.483300507829253,0.46383901089788426,0.5025359161194287,0.4877855386198082,0.46224865261726356,0.49986733225068725
seq,raw,N,ndcg_at_10,0.5328319354872578,0.5145680714322862,0.5511342806513728,0.5364066176017948,0.5141771114018346,0.5479120774581441
seq,raw,Z,average_precision,0.32311167614368197,0.2974997047908306,0.3510392441467193,0.3402575611388246,0.31640823085702796,0.3126692364351934
seq,raw,Z,trapezoidal_pr_auc,0.31031569474672654,0.28385348214480993,0.33910851393256375,0.32882855786129966,0.3020843733138454,0.30003415306503456
seq,raw,Z,roc_auc,0.760784450651769,0.7442154329608938,0.7771254073556798,0.7580656424581006,0.7584986033519553,0.7657891061452515
seq,raw,Z,recall_at_fpr_1pct,0.19833333333333333,0.17166666666666672,0.22666666666666663,0.2325,0.1875,0.175
seq,raw,Z,brier,0.04621532647240522,0.04555297406986044,0.04685188047390204,0.04725251366796385,0.04434014439411247,0.04705332135513934
seq,raw,Z,log_loss,0.22143829529962708,0.21550925220069825,0.22756261684423962,0.23928746219205635,0.19267107270434514,0.2323563510024798
seq,raw,Z,precision,0.2430555555555555,0.15694444444444447,0.33055555555555555,0.0,0.5291666666666666,0.2
seq,raw,Z,recall,0.02333333333333333,0.014166666666666666,0.03333333333333334,0.0,0.06,0.01
seq,raw,Z,f1,0.041349049501223416,0.02534945730597904,0.05872237514900552,0.0,0.1049995294560512,0.019047619047619046
seq,raw,Z,specificity,0.9997206703910614,0.9995344506517689,0.9999068901303537,1.0,0.9991620111731843,1.0
seq,raw,Z,balanced_accuracy,0.5115270018621975,0.5069203910614525,0.5165735567970205,0.5,0.5295810055865922,0.505
seq,raw,Z,mcc,0.06948730994964995,0.044485572733507714,0.09443677947370853,0.0,0.16488206931645352,0.043579860532496316
seq,raw,Z,map,0.4718062788299937,0.44980146814305033,0.4938709109024051,0.4727026337856522,0.4738681960215832,0.4688480066827457
seq,raw,Z,mrr,0.521074106888931,0.4982749311209973,0.5442965792103882,0.5230360439094105,0.5162974997068157,0.5238887770505664
seq,raw,Z,recall_at_1,0.28125,0.2580357142857143,0.3044642857142857,0.2928571428571428,0.28125,0.26964285714285713
seq,raw,Z,recall_at_3,0.4994047619047619,0.4735119047619048,0.5255952380952381,0.49196428571428574,0.50625,0.5
seq,raw,Z,recall_at_5,0.5982142857142856,0.5714211309523808,0.6244047619047618,0.5723214285714285,0.5999999999999999,0.6223214285714286
seq,raw,Z,recall_at_10,0.7488095238095238,0.724702380952381,0.7720238095238096,0.7383928571428573,0.7419642857142856,0.7660714285714285
seq,raw,Z,ndcg_at_1,0.38095238095238093,0.3523809523809523,0.41011904761904755,0.39642857142857146,0.3767857142857142,0.36964285714285716
seq,raw,Z,ndcg_at_3,0.44211721516864083,0.41757607815614756,0.4668896679529011,0.4418683176292565,0.4458371385172918,0.43864618935937427
seq,raw,Z,ndcg_at_5,0.48682155358129653,0.46307327691941536,0.5105796541595417,0.47831584399781113,0.4881391102054276,0.49400970654065085
seq,raw,Z,ndcg_at_10,0.5400192389478402,0.5178415387641147,0.5617570628428057,0.5370383938745115,0.5382485556959586,0.5447707672730505
seq,raw,F_first,average_precision,0.0471393951862277,0.02542431809464734,0.06953702589993213,0.06064832885587931,0.03990850222741549,0.0408613544753883
seq,raw,F_first,trapezoidal_pr_auc,0.045842227726852376,0.023223179571712944,0.0692244898970284,0.059450236520804195,0.03869190585699189,0.03938454080276105
seq,raw,F_first,roc_auc,0.031962290502793235,0.0151674813780259,0.04844326117318419,0.027611731843575238,0.026557262569832485,0.04171787709497199
seq,raw,F_first,recall_at_fpr_1pct,0.03250000000000001,0.007500000000000016,0.057499999999999975,0.04749999999999999,0.01999999999999999,0.030000000000000054
seq,raw,F_first,brier,-0.002917451228397853,-0.003413331246372556,-0.002401240606758596,-0.0010280383758382375,-0.003281162097055805,-0.0044431532122995165
seq,raw,F_first,log_loss,-0.032158232349805686,-0.036997909159028265,-0.02740446921040985,0.0028706693462453303,-0.03356888009056552,-0.06577648630509686
seq,raw,F_first,precision,-0.24027777777777778,-0.2972222222222223,-0.17777777777777778,0.0,-0.7208333333333333,0.0
seq,raw,F_first,recall,-0.021666666666666678,-0.028333333333333335,-0.015000000000000005,0.0,-0.06500000000000003,0.0
seq,raw,F_first,f1,-0.0391735679779158,-0.05077404479578392,-0.02773668360624884,0.0,-0.1175207039337474,0.0
seq,raw,F_first,specificity,0.00032588454376162684,9.310986964620554e-05,0.0006517690875233276,0.0,0.0009776536312848805,0.0
seq,raw,F_first,balanced_accuracy,-0.010670391061452547,-0.01405027932960897,-0.007383612662942296,0.0,-0.032011173184357644,0.0
seq,raw,F_first,mcc,-0.06774435952006574,-0.08539080654426501,-0.049396968678110324,0.0,-0.20323307856019723,0.0
seq,raw,F_first,map,0.06339324911674982,0.041808659576983494,0.08542323437599214,0.09250861475334071,0.044537088497250577,0.05313404409965816
seq,raw,F_first,mrr,0.06209770635917966,0.038970258744691115,0.08499697079774825,0.09139127027936156,0.0427946778753685,0.05210717092280892
seq,raw,F_first,recall_at_1,0.05565476190476193,0.03154761904761912,0.07916666666666668,0.09107142857142853,0.036607142857142894,0.03928571428571437
seq,raw,F_first,recall_at_3,0.08392857142857146,0.05534970238095232,0.11339285714285714,0.12946428571428575,0.0589285714285715,0.06339285714285714
seq,raw,F_first,recall_at_5,0.07499999999999996,0.049702380952381026,0.10119047619047605,0.08124999999999993,0.05267857142857135,0.09107142857142858
seq,raw,F_first,recall_at_10,0.03125,0.004761904761904744,0.057738095238095255,0.019642857142857184,0.025000000000000022,0.049107142857142794
seq,raw,F_first,ndcg_at_1,0.06785714285714284,0.038095238095238106,0.09821428571428566,0.10357142857142854,0.050000000000000044,0.04999999999999993
seq,raw,F_first,ndcg_at_3,0.07634157648032643,0.05024328463010792,0.10299189068228318,0.11779849788878544,0.05314714585933228,0.058079085692861576
seq,raw,F_first,ndcg_at_5,0.0730295177003961,0.050664714790526824,0.09650923373841169,0.09701163110350919,0.052099024664772065,0.06997789733290705
seq,raw,F_first,ndcg_at_10,0.05703636218257602,0.035695972483805155,0.07797029635634507,0.0759185772251525,0.04071432238436301,0.054476186938212545
seq,raw,F,average_precision,0.04868546310561348,0.03291725246247038,0.06478222094154129,0.0590717492371519,0.037458257788620136,0.04952638229106843
seq,raw,F,trapezoidal_pr_auc,0.048619868973852155,0.0323321126472871,0.0652926239788015,0.05914230433218491,0.03745100826072119,0.04926629432865037
seq,raw,F,roc_auc,0.02602420856610795,0.014715898510242064,0.03707899790502791,0.02481145251396638,0.02386173184357543,0.02939944134078204
seq,raw,F,recall_at_fpr_1pct,0.03250000000000001,0.01583333333333331,0.04999999999999999,0.03750000000000002,0.01999999999999999,0.04000000000000002
seq,raw,F,brier,-0.0018899170124572668,-0.0022667542190672975,-0.0015167176121349737,-0.00014558631750863707,-0.002942053144032713,-0.002582111575830451
seq,raw,F,log_loss,-0.01991138070128369,-0.023183208474324424,-0.016651158184249216,0.011746107478098983,-0.02950034523235101,-0.04197990434959904
seq,raw,F,precision,-0.20902777777777778,-0.25208333333333327,-0.16527777777777777,0.0,-0.6270833333333333,0.0
seq,raw,F,recall,-0.018333333333333337,-0.02250000000000001,-0.014166666666666668,0.0,-0.055000000000000014,0.0
seq,raw,F,f1,-0.03323883242361503,-0.040898180171278,-0.025830666917623445,0.0,-0.09971649727084508,0.0
seq,raw,F,specificity,0.0003957169459962902,0.0002094972067039532,0.0006052141527001883,0.0,0.0011871508379888707,0.0
seq,raw,F,balanced_accuracy,-0.00896880819366854,-0.011157181098696513,-0.006850558659217872,0.0,-0.026906424581005617,0.0
seq,raw,F,mcc,-0.057708321299698856,-0.0701522082910836,-0.04499439059593001,0.0,-0.17312496389909657,0.0
seq,raw,F,map,0.05862391832565179,0.04524776195930435,0.0723875653381729,0.07080831250416564,0.04352663431417719,0.06153680815861254
seq,raw,F,mrr,0.05715121529336886,0.042660562578174833,0.07171755395232288,0.07071150155342928,0.038022940502589725,0.06271920382408758
seq,raw,F,recall_at_1,0.052083333333333336,0.036160714285714324,0.06756324404761903,0.06874999999999995,0.03526785714285714,0.05223214285714292
seq,raw,F,recall_at_3,0.07752976190476193,0.05922619047619045,0.0961346726190476,0.09196428571428572,0.05937500000000007,0.08125000000000002
seq,raw,F,recall_at_5,0.06711309523809518,0.04791666666666663,0.08601190476190473,0.06830357142857135,0.048214285714285654,0.08482142857142855
seq,raw,F,recall_at_10,0.02113095238095238,0.0028236607142856536,0.0383928571428571,0.013839285714285776,0.021428571428571408,0.028124999999999956
seq,raw,F,ndcg_at_1,0.06339285714285713,0.04374255952380949,0.08303571428571428,0.08214285714285716,0.042857142857142844,0.06517857142857139
seq,raw,F,ndcg_at_3,0.07127226255724696,0.05481418600029349,0.08805257522490444,0.08658119670141473,0.052734395937213685,0.07450119503311245
seq,raw,F,ndcg_at_5,0.0669955903183638,0.05267400582108621,0.08138959084794183,0.07651950416751382,0.04849106097620498,0.0759762058113726
seq,raw,F,ndcg_at_10,0.05064968761316809,0.03754472693016804,0.06364258043137748,0.05775842881549881,0.03836384185214031,0.05582679217186515
seq,raw,G,average_precision,0.07579624806630315,0.0577365762139191,0.09444198133206821,0.09764628582946695,0.06655761533003622,0.06318484303940627
seq,raw,G,trapezoidal_pr_auc,0.07707447701476837,0.058705855916628503,0.09606969699225922,0.09986540478417742,0.06773534669387994,0.06362267956624773
seq,raw,G,roc_auc,0.035826350093109825,0.023316457169459976,0.04870591829608939,0.05210544692737423,0.03237779329608925,0.022995810055865984
seq,raw,G,recall_at_fpr_1pct,0.05708333333333334,0.03708333333333332,0.07874999999999997,0.07125000000000002,0.04125000000000001,0.05875
seq,raw,G,brier,0.0026421154360359565,0.002290754733646762,0.0030092828880949715,0.0022417459566953686,0.002789722529682393,0.002894877821730108
seq,raw,G,log_loss,0.023535216579374078,0.01943653366232848,0.02772669127425787,0.008965192239369549,0.023006693659007232,0.038633763839745455
seq,raw,G,precision,0.12152777777777775,0.07847222222222223,0.16527777777777777,0.0,0.2645833333333333,0.1
seq,raw,G,recall,0.011666666666666665,0.007083333333333333,0.01666666666666667,0.0,0.03,0.005
seq,raw,G,f1,0.020674524750611708,0.01267472865298952,0.02936118757450276,0.0,0.0524997647280256,0.009523809523809523
seq,raw,G,specificity,-0.00013966480446928978,-0.00023277467411549532,-4.6554934823102766e-05,0.0,-0.00041899441340786936,0.0
seq,raw,G,balanced_accuracy,0.005763500931098693,0.00346019553072624,0.008286778398510256,0.0,0.014790502793296079,0.0025000000000000022
seq,raw,G,mcc,0.034743654974824977,0.022242786366753857,0.047218389736854265,0.0,0.08244103465822676,0.021789930266248158
seq,raw,G,map,0.06610519736347677,0.05106281714990435,0.08172766877779203,0.07852005839127621,0.05464736411885365,0.06514816958030042
seq,raw,G,mrr,0.06954664117477923,0.05255755861088713,0.0864316908964892,0.08813113907948342,0.054804368415264065,0.0657044160295902
seq,raw,G,recall_at_1,0.058630952380952374,0.04166666666666668,0.07648809523809523,0.07499999999999998,0.0433035714285714,0.05758928571428576
seq,raw,G,recall_at_3,0.0846726190476191,0.06338913690476188,0.10625000000000001,0.09866071428571427,0.07008928571428577,0.08526785714285723
seq,raw,G,recall_at_5,0.06696428571428564,0.044791666666666674,0.08898809523809521,0.08392857142857141,0.05669642857142848,0.06026785714285704
seq,raw,G,recall_at_10,0.03973214285714279,0.02232142857142862,0.05744047619047615,0.046428571428571375,0.047767857142857084,0.02499999999999991
seq,raw,G,ndcg_at_1,0.07708333333333332,0.05476190476190476,0.10029761904761902,0.09821428571428575,0.05892857142857133,0.07410714285714287
seq,raw,G,ndcg_at_3,0.07988413474725346,0.06096621377993162,0.09910454883799774,0.09453078415762733,0.06475385248896057,0.08036776759517247
seq,raw,G,ndcg_at_5,0.07255031640415492,0.05562778292681019,0.08975148949597349,0.08916431262141969,0.058881417180400686,0.06960521941064438
seq,raw,G,ndcg_at_10,0.06259856319058489,0.047828899161630904,0.07754264263422524,0.07520158393199078,0.055581423231960636,0.057012682407803245
seq,raw,final_all,average_precision,0.287723386667942,0.2680795169071111,0.3078064453231468,0.2833549620739067,0.2845285370759785,0.2952866608539407
seq,raw,final_all,trapezoidal_pr_auc,0.27467323460895904,0.25428885027971204,0.2953094185689782,0.27070339948082095,0.27069572962164384,0.2826205747244123
seq,raw,final_all,roc_auc,0.7461235257603973,0.7319963337988826,0.7600738477653631,0.7407984171322161,0.7467178770949721,0.7508542830540038
seq,raw,final_all,recall_at_fpr_1pct,0.1677777777777778,0.15055555555555555,0.18583333333333332,0.17,0.15916666666666668,0.17416666666666666
seq,raw,final_all,brier,0.04693262166771447,0.04645309570372276,0.04741474514028952,0.04800147543147557,0.045342347437955434,0.047454042133712404
seq,raw,final_all,log_loss,0.22432948161749974,0.21906870116525848,0.22958498425964416,0.24388497263350864,0.19443858743574313,0.23466488478324746
seq,raw,final_all,precision,0.22037037037037036,0.1796296296296296,0.260659722222222,0.0,0.5944444444444444,0.06666666666666667
seq,raw,final_all,recall,0.020000000000000004,0.015555555555555559,0.024451388888888797,0.0,0.05666666666666668,0.0033333333333333335
seq,raw,final_all,f1,0.03594223811615115,0.02834139793378924,0.043890058713428284,0.0,0.10147750799924711,0.006349206349206348
seq,raw,final_all,specificity,0.999643078833023,0.9994878957169461,0.9997827436374922,1.0,0.9989292364990688,1.0
seq,raw,final_all,balanced_accuracy,0.5098215394165114,0.507614835505897,0.5121128375232775,0.5,0.5277979515828678,0.5016666666666666
seq,raw,final_all,mcc,0.06163465084968255,0.04969345949363249,0.07368677981101393,0.0,0.17037733237154887,0.014526620177498771
seq,raw,final_all,map,0.43500005558300064,0.41884551447068724,0.45020545009012963,0.42710162408672003,0.43547490426451363,0.4424236383977682
seq,raw,final_all,mrr,0.483233247578203,0.46656371755809506,0.4988843589456866,0.47721189326943714,0.48254887191836787,0.489938977546804
seq,raw,final_all,recall_at_1,0.24672619047619046,0.23114831349206347,0.26240079365079366,0.2431547619047619,0.24494047619047618,0.2520833333333333
seq,raw,final_all,recall_at_3,0.4479166666666667,0.4287648809523809,0.46686755952380943,0.437202380952381,0.4523809523809524,0.45416666666666666
seq,raw,final_all,recall_at_5,0.5620039682539683,0.5417658730158731,0.5817460317460318,0.5520833333333334,0.5690476190476189,0.5648809523809524
seq,raw,final_all,recall_at_10,0.7284722222222223,0.7087276785714286,0.7483134920634921,0.718154761904762,0.7247023809523809,0.7425595238095237
seq,raw,final_all,ndcg_at_1,0.33829365079365076,0.3192460317460317,0.3563541666666667,0.3339285714285714,0.33511904761904754,0.3458333333333334
seq,raw,final_all,ndcg_at_3,0.3957603660557571,0.37741930396001394,0.4131639096787884,0.38712149132319573,0.3977133002007198,0.40244630664335573
seq,raw,final_all,ndcg_at_5,0.44690727063025015,0.42882314422718437,0.4637082894911903,0.4385586655750462,0.4499613698700511,0.4522017764456532
seq,raw,final_all,ndcg_at_10,0.5057701727408582,0.48893791602133374,0.5220656298539632,0.49714929160210647,0.5050693716139515,0.5150918550065168
seq,stage-cal,O,average_precision,0.270029241930072,0.25116145277773194,0.28884624580785456,0.2549036625414478,0.26858869018545384,0.28659537306331434
seq,stage-cal,O,trapezoidal_pr_auc,0.2568520045400753,0.23731799944266616,0.2762647370839739,0.2416408202905816,0.25500140777554314,0.2739137855541012
seq,stage-cal,O,roc_auc,0.7387930633147114,0.723930895018622,0.7541540677374302,0.7321648044692738,0.7408275139664805,0.74338687150838
seq,stage-cal,O,recall_at_fpr_1pct,0.1525,0.13625,0.16958333333333334,0.13874999999999998,0.14500000000000002,0.17375000000000002
seq,stage-cal,O,brier,0.045745722491410956,0.045103309344901664,0.0463805383603892,0.046292943114597564,0.04580896261281381,0.04513526174682149
seq,stage-cal,O,log_loss,0.18418684095933313,0.18093538656944744,0.1874079801721818,0.18649576965165326,0.18422796072010506,0.18183679250624107
seq,stage-cal,O,precision,0.5904166666666667,0.4969409722222222,0.6813888888888888,0.5995833333333334,0.6174999999999999,0.5541666666666667
seq,stage-cal,O,recall,0.05958333333333334,0.04958333333333334,0.07,0.0675,0.06500000000000002,0.04625
seq,stage-cal,O,f1,0.10603856409291192,0.08884318142606187,0.12370761080706731,0.11808455674760024,0.11564848919196745,0.08438264633916807
seq,stage-cal,O,specificity,0.998510242085661,0.9980214152700185,0.9989525139664804,0.99804469273743,0.9981843575418994,0.9993016759776535
seq,stage-cal,O,balanced_accuracy,0.5290467877094972,0.5239885649441341,0.5342539571694599,0.5327723463687151,0.5315921787709497,0.5227758379888268
seq,stage-cal,O,mcc,0.17324239064732797,0.14508371243330992,0.201002531502188,0.1832020299668345,0.18600900245099003,0.1505161395241594
seq,stage-cal,O,map,0.4165969439595041,0.4008984787679673,0.43151578734427853,0.404301119237254,0.41627825838597876,0.4292114542552795
seq,stage-cal,O,mrr,0.46431281792283907,0.4476551966261045,0.48003224813064543,0.4542998179494505,0.4656745580241439,0.47296407779492283
seq,stage-cal,O,recall_at_1,0.2294642857142857,0.21398809523809526,0.24464285714285713,0.21830357142857146,0.22678571428571428,0.24330357142857142
seq,stage-cal,O,recall_at_3,0.422172619047619,0.4026748511904762,0.44092261904761904,0.40982142857142856,0.42544642857142856,0.43125
seq,stage-cal,O,recall_at_5,0.5438988095238095,0.5224702380952381,0.5648809523809524,0.5419642857142857,0.5535714285714286,0.5361607142857143
seq,stage-cal,O,recall_at_10,0.7183035714285714,0.6973177083333334,0.7395870535714285,0.7080357142857142,0.7160714285714285,0.7308035714285714
seq,stage-cal,O,ndcg_at_1,0.3169642857142857,0.29851190476190476,0.3351190476190476,0.3026785714285714,0.3142857142857143,0.33392857142857146
seq,stage-cal,O,ndcg_at_3,0.37258194149931523,0.3549738935653455,0.3892573013412887,0.35974807817016535,0.3736513810424338,0.3843463652853465
seq,stage-cal,O,ndcg_at_5,0.4269501291547269,0.40922891789987204,0.4438897705585318,0.41868007636366367,0.43087249970236274,0.4312978113981544
seq,stage-cal,O,ndcg_at_10,0.4886456396373673,0.47192536211892483,0.5050765884033702,0.477204740465904,0.488479779572948,0.5002523988732499
seq,stage-cal,N,average_precision,0.31511600873015055,0.29288785160095315,0.3381937626323277,0.3293951107884795,0.29676011878124287,0.3191927966207293
seq,stage-cal,N,trapezoidal_pr_auc,0.30216107332361025,0.279468136718332,0.325626656538564,0.31730511906297576,0.2829905912889916,0.3061875096188634
seq,stage-cal,N,roc_auc,0.7586871508379889,0.7433282122905027,0.7736877618715086,0.7623847765363129,0.7484706703910615,0.7652060055865922
seq,stage-cal,N,recall_at_fpr_1pct,0.18666666666666668,0.16541666666666668,0.20876041666666653,0.20500000000000002,0.16875,0.18625
seq,stage-cal,N,brier,0.043996613519311,0.04332048277842728,0.044658788036233216,0.04363562642774504,0.04465582984561063,0.04369838428457734
seq,stage-cal,N,log_loss,0.17648101822936693,0.1731615028168353,0.17982138387155755,0.17493784810171598,0.17885173530795162,0.17565347127843323
seq,stage-cal,N,precision,0.6019444444444445,0.5272222222222221,0.6754201388888889,0.7208333333333333,0.35041666666666665,0.7345833333333334
seq,stage-cal,N,recall,0.06958333333333334,0.05833333333333335,0.08208333333333331,0.08250000000000002,0.04,0.08625000000000002
seq,stage-cal,N,f1,0.12117199708504056,0.1026791607848673,0.14134517861365684,0.14505552418595896,0.06918675889328064,0.1492737081758821
seq,stage-cal,N,specificity,0.9986964618249533,0.998254189944134,0.9991154562383612,0.9986033519553073,0.9992318435754189,0.998254189944134
seq,stage-cal,N,balanced_accuracy,0.5341398975791435,0.5284566748137803,0.5403447683891993,0.5405516759776539,0.5196159217877094,0.5422520949720673
seq,stage-cal,N,mcc,0.18870166130904517,0.16365065133628073,0.2147453477458878,0.2277007294791208,0.10746217183891729,0.23094208260909743
seq,stage-cal,N,map,0.46693788871969666,0.4489236680543416,0.4846098123307454,0.4728842657500455,0.4500850165364434,0.4778443838726012
seq,stage-cal,N,mrr,0.5140358749274533,0.4953269637029966,0.5322029295539623,0.5250829196323148,0.48830834545735696,0.5287163596926883
seq,stage-cal,N,recall_at_1,0.275297619047619,0.2572879464285714,0.29315476190476186,0.28928571428571426,0.25491071428571427,0.2816964285714286
seq,stage-cal,N,recall_at_3,0.4916666666666667,0.47008928571428577,0.5138392857142856,0.4933035714285714,0.47455357142857146,0.5071428571428571
seq,stage-cal,N,recall_at_5,0.5980654761904761,0.5748511904761905,0.6214285714285713,0.5950892857142857,0.5776785714285713,0.6214285714285714
seq,stage-cal,N,recall_at_10,0.7380952380952381,0.7171093749999998,0.7587834821428572,0.7321428571428572,0.7249999999999999,0.7571428571428571
seq,stage-cal,N,ndcg_at_1,0.3726190476190476,0.3505877976190475,0.3943452380952381,0.3901785714285715,0.34642857142857136,0.38125000000000003
seq,stage-cal,N,ndcg_at_3,0.4354135739815172,0.4150187801549117,0.4555687067398209,0.4418336947401851,0.41613328911097713,0.44827373809338944
seq,stage-cal,N,ndcg_at_5,0.483300507829253,0.46383901089788426,0.5025359161194287,0.4877855386198082,0.46224865261726356,0.49986733225068725
seq,stage-cal,N,ndcg_at_10,0.5328319354872578,0.5145680714322862,0.5511342806513728,0.5364066176017948,0.5141771114018346,0.5479120774581441
seq,stage-cal,Z,average_precision,0.32311167614368197,0.2974997047908306,0.3510392441467193,0.3402575611388246,0.31640823085702796,0.3126692364351934
seq,stage-cal,Z,trapezoidal_pr_auc,0.31031569474672654,0.28385348214480993,0.33910851393256375,0.32882855786129966,0.3020843733138454,0.30003415306503456
seq,stage-cal,Z,roc_auc,0.760784450651769,0.7442154329608938,0.7771254073556798,0.7580656424581006,0.7584986033519553,0.7657891061452515
seq,stage-cal,Z,recall_at_fpr_1pct,0.19833333333333333,0.17166666666666672,0.22666666666666663,0.2325,0.1875,0.175
seq,stage-cal,Z,brier,0.04374279414224739,0.042921830561655036,0.0445240704629454,0.043370019719768935,0.04368991011562527,0.044168452591347974
seq,stage-cal,Z,log_loss,0.1755666542536117,0.17173070447992791,0.17931198061247328,0.17449626994852593,0.17594292884823884,0.17626076396407037
seq,stage-cal,Z,precision,0.6891666666666666,0.5880555555555556,0.7877986111111108,0.7,0.6008333333333333,0.7666666666666667
seq,stage-cal,Z,recall,0.07416666666666667,0.05916666666666668,0.09000000000000001,0.08000000000000002,0.075,0.06750000000000002
seq,stage-cal,Z,f1,0.1303722630026978,0.10520766123972644,0.15621855903758078,0.140918501788067,0.12884970826275177,0.12134857895727462
seq,stage-cal,Z,specificity,0.9987430167597765,0.9982309124767225,0.9992085661080075,0.9988826815642458,0.9984636871508379,0.9988826815642458
seq,stage-cal,Z,balanced_accuracy,0.5364548417132217,0.528907704841713,0.5442824138733705,0.539441340782123,0.5367318435754189,0.5331913407821232
seq,stage-cal,Z,mcc,0.20859938682698234,0.17399756629558233,0.2425253785690898,0.2217548600835134,0.19313441341158644,0.21090888698584723
seq,stage-cal,Z,map,0.4718062788299937,0.44980146814305033,0.4938709109024051,0.4727026337856522,0.4738681960215832,0.4688480066827457
seq,stage-cal,Z,mrr,0.521074106888931,0.4982749311209973,0.5442965792103882,0.5230360439094105,0.5162974997068157,0.5238887770505664
seq,stage-cal,Z,recall_at_1,0.28125,0.2580357142857143,0.3044642857142857,0.2928571428571428,0.28125,0.26964285714285713
seq,stage-cal,Z,recall_at_3,0.4994047619047619,0.4735119047619048,0.5255952380952381,0.49196428571428574,0.50625,0.5
seq,stage-cal,Z,recall_at_5,0.5982142857142856,0.5714211309523808,0.6244047619047618,0.5723214285714285,0.5999999999999999,0.6223214285714286
seq,stage-cal,Z,recall_at_10,0.7488095238095238,0.724702380952381,0.7720238095238096,0.7383928571428573,0.7419642857142856,0.7660714285714285
seq,stage-cal,Z,ndcg_at_1,0.38095238095238093,0.3523809523809523,0.41011904761904755,0.39642857142857146,0.3767857142857142,0.36964285714285716
seq,stage-cal,Z,ndcg_at_3,0.44211721516864083,0.41757607815614756,0.4668896679529011,0.4418683176292565,0.4458371385172918,0.43864618935937427
seq,stage-cal,Z,ndcg_at_5,0.48682155358129653,0.46307327691941536,0.5105796541595417,0.47831584399781113,0.4881391102054276,0.49400970654065085
seq,stage-cal,Z,ndcg_at_10,0.5400192389478402,0.5178415387641147,0.5617570628428057,0.5370383938745115,0.5382485556959586,0.5447707672730505
seq,stage-cal,F_first,average_precision,0.0471393951862277,0.02542431809464734,0.06953702589993213,0.06064832885587931,0.03990850222741549,0.0408613544753883
seq,stage-cal,F_first,trapezoidal_pr_auc,0.045842227726852376,0.023223179571712944,0.0692244898970284,0.059450236520804195,0.03869190585699189,0.03938454080276105
seq,stage-cal,F_first,roc_auc,0.031962290502793235,0.0151674813780259,0.04844326117318419,0.027611731843575238,0.026557262569832485,0.04171787709497199
seq,stage-cal,F_first,recall_at_fpr_1pct,0.03250000000000001,0.007500000000000016,0.057499999999999975,0.04749999999999999,0.01999999999999999,0.030000000000000054
seq,stage-cal,F_first,brier,0.002029949141855327,0.0013228897146999854,0.0027788176526381786,0.0026749183422418443,0.001487292879552772,0.0019276362037713643
seq,stage-cal,F_first,log_loss,0.01041257300575211,0.006988186233407043,0.013867346061106083,0.01170150553062993,0.008619646880213994,0.010916566606412409
seq,stage-cal,F_first,precision,-0.06472222222222217,-0.18361111111111109,0.057506944444444444,-0.054166666666666585,-0.14916666666666656,0.009166666666666656
seq,stage-cal,F_first,recall,0.004999999999999993,-0.011666666666666672,0.021666666666666657,-0.025,-0.005000000000000018,0.045
seq,stage-cal,F_first,f1,0.005872743198830137,-0.02227074760987805,0.03375816080055208,-0.04136316581968756,-0.011464397920919661,0.07044579333709763
seq,stage-cal,F_first,specificity,-0.0003724394785847481,-0.0009776536312850654,0.0002327746741154213,0.0013966480446928609,-0.0009776536312848805,-0.0015363128491622247
seq,stage-cal,F_first,balanced_accuracy,0.002313780260707684,-0.006089385474860376,0.01060114059590322,-0.01180167597765358,-0.002988826815642387,0.02173184357541902
seq,stage-cal,F_first,mcc,-0.004853160763643051,-0.044333102881309164,0.035760604569522736,-0.04175435071234054,-0.03423971462478942,0.06143458304620081
seq,stage-cal,F_first,map,0.06339324911674982,0.041808659576983494,0.08542323437599214,0.09250861475334071,0.044537088497250577,0.05313404409965816
seq,stage-cal,F_first,mrr,0.06209770635917966,0.038970258744691115,0.08499697079774825,0.09139127027936156,0.0427946778753685,0.05210717092280892
seq,stage-cal,F_first,recall_at_1,0.05565476190476193,0.03154761904761912,0.07916666666666668,0.09107142857142853,0.036607142857142894,0.03928571428571437
seq,stage-cal,F_first,recall_at_3,0.08392857142857146,0.05534970238095232,0.11339285714285714,0.12946428571428575,0.0589285714285715,0.06339285714285714
seq,stage-cal,F_first,recall_at_5,0.07499999999999996,0.049702380952381026,0.10119047619047605,0.08124999999999993,0.05267857142857135,0.09107142857142858
seq,stage-cal,F_first,recall_at_10,0.03125,0.004761904761904744,0.057738095238095255,0.019642857142857184,0.025000000000000022,0.049107142857142794
seq,stage-cal,F_first,ndcg_at_1,0.06785714285714284,0.038095238095238106,0.09821428571428566,0.10357142857142854,0.050000000000000044,0.04999999999999993
seq,stage-cal,F_first,ndcg_at_3,0.07634157648032643,0.05024328463010792,0.10299189068228318,0.11779849788878544,0.05314714585933228,0.058079085692861576
seq,stage-cal,F_first,ndcg_at_5,0.0730295177003961,0.050664714790526824,0.09650923373841169,0.09701163110350919,0.052099024664772065,0.06997789733290705
seq,stage-cal,F_first,ndcg_at_10,0.05703636218257602,0.035695972483805155,0.07797029635634507,0.0759185772251525,0.04071432238436301,0.054476186938212545
seq,stage-cal,F,average_precision,0.04868546310561348,0.03291725246247038,0.06478222094154129,0.0590717492371519,0.037458257788620136,0.04952638229106843
seq,stage-cal,F,trapezoidal_pr_auc,0.048619868973852155,0.0323321126472871,0.0652926239788015,0.05914230433218491,0.03745100826072119,0.04926629432865037
seq,stage-cal,F,roc_auc,0.02602420856610795,0.014715898510242064,0.03707899790502791,0.02481145251396638,0.02386173184357543,0.02939944134078204
seq,stage-cal,F,recall_at_fpr_1pct,0.03250000000000001,0.01583333333333331,0.04999999999999999,0.03750000000000002,0.01999999999999999,0.04000000000000002
seq,stage-cal,F,brier,0.0019600140744790843,0.0014374362829050055,0.002493325014352507,0.0023370844808716373,0.0013749809752132552,0.0021679767673523608
seq,stage-cal,F,log_loss,0.009325032971395794,0.007009689223699622,0.011666865274551862,0.010130868763885054,0.00840757102552811,0.009436659124774219
seq,stage-cal,F,precision,-0.046666666666666655,-0.13305555555555557,0.041673611111110974,0.021250000000000047,-0.27541666666666664,0.11416666666666664
seq,stage-cal,F,recall,0.007916666666666667,-0.0020833333333333376,0.01834374999999986,-0.007499999999999989,-0.025000000000000012,0.05625
seq,stage-cal,F,f1,0.010825399238442697,-0.006191421561530254,0.028824282541130338,-0.011208968567664242,-0.045702742909264654,0.08938790919225699
seq,stage-cal,F,specificity,2.3277467411523627e-05,-0.0005353817504655064,0.0005586592178771407,0.0009776536312849915,0.0006284916201117485,-0.0015363128491621691
seq,stage-cal,F,balanced_accuracy,0.003969972067039196,-0.0011362313780260715,0.009376425744879003,-0.0032611731843574243,-0.012185754189944054,0.027356843575419065
seq,stage-cal,F,mcc,0.003657259312583256,-0.02274776478287841,0.03053354453388667,-0.0037885832702120315,-0.07856374371894154,0.09332410492690334
seq,stage-cal,F,map,0.05862391832565179,0.04524776195930435,0.0723875653381729,0.07080831250416564,0.04352663431417719,0.06153680815861254
seq,stage-cal,F,mrr,0.05715121529336886,0.042660562578174833,0.07171755395232288,0.07071150155342928,0.038022940502589725,0.06271920382408758
seq,stage-cal,F,recall_at_1,0.052083333333333336,0.036160714285714324,0.06756324404761903,0.06874999999999995,0.03526785714285714,0.05223214285714292
seq,stage-cal,F,recall_at_3,0.07752976190476193,0.05922619047619045,0.0961346726190476,0.09196428571428572,0.05937500000000007,0.08125000000000002
seq,stage-cal,F,recall_at_5,0.06711309523809518,0.04791666666666663,0.08601190476190473,0.06830357142857135,0.048214285714285654,0.08482142857142855
seq,stage-cal,F,recall_at_10,0.02113095238095238,0.0028236607142856536,0.0383928571428571,0.013839285714285776,0.021428571428571408,0.028124999999999956
seq,stage-cal,F,ndcg_at_1,0.06339285714285713,0.04374255952380949,0.08303571428571428,0.08214285714285716,0.042857142857142844,0.06517857142857139
seq,stage-cal,F,ndcg_at_3,0.07127226255724696,0.05481418600029349,0.08805257522490444,0.08658119670141473,0.052734395937213685,0.07450119503311245
seq,stage-cal,F,ndcg_at_5,0.0669955903183638,0.05267400582108621,0.08138959084794183,0.07651950416751382,0.04849106097620498,0.0759762058113726
seq,stage-cal,F,ndcg_at_10,0.05064968761316809,0.03754472693016804,0.06364258043137748,0.05775842881549881,0.03836384185214031,0.05582679217186515
seq,stage-cal,G,average_precision,0.07579624806630315,0.0577365762139191,0.09444198133206821,0.09764628582946695,0.06655761533003622,0.06318484303940627
seq,stage-cal,G,trapezoidal_pr_auc,0.07707447701476837,0.058705855916628503,0.09606969699225922,0.09986540478417742,0.06773534669387994,0.06362267956624773
seq,stage-cal,G,roc_auc,0.035826350093109825,0.023316457169459976,0.04870591829608939,0.05210544692737423,0.03237779329608925,0.022995810055865984
seq,stage-cal,G,recall_at_fpr_1pct,0.05708333333333334,0.03708333333333332,0.07874999999999997,0.07125000000000002,0.04125000000000001,0.05875
seq,stage-cal,G,brier,0.0028171511176077204,0.0022112030277547635,0.0034442643536472207,0.003505568644020799,0.002549352213261677,0.0023965324955406847
seq,stage-cal,G,log_loss,0.011445813435205723,0.008630314536760032,0.014301327525823276,0.015475283845751947,0.010067186011447155,0.008794970448418066
seq,stage-cal,G,precision,0.2051388888888889,0.11596874999999993,0.2895833333333333,0.3145833333333333,0.08791666666666664,0.2129166666666667
seq,stage-cal,G,recall,0.03208333333333334,0.021666666666666667,0.042916666666666665,0.04750000000000003,0.018749999999999992,0.03
seq,stage-cal,G,f1,0.05417676164415295,0.036804727729999466,0.07197162538548407,0.08190264445699226,0.0308341694537347,0.049793471021731886
seq,stage-cal,G,specificity,0.0003724394785847296,-0.00018621973929242955,0.0009543761638733383,-0.0005586592178770111,0.0009776536312848805,0.0006983240223463194
seq,stage-cal,G,balanced_accuracy,0.016227886405959163,0.01089237081005583,0.021690264199255117,0.023470670391061654,0.009863826815642462,0.015349162011173367
seq,stage-cal,G,mcc,0.07846586691378447,0.05353486886102209,0.1031216308954127,0.11773122821895626,0.04210065344749324,0.07556571907490392
seq,stage-cal,G,map,0.06610519736347677,0.05106281714990435,0.08172766877779203,0.07852005839127621,0.05464736411885365,0.06514816958030042
seq,stage-cal,G,mrr,0.06954664117477923,0.05255755861088713,0.0864316908964892,0.08813113907948342,0.054804368415264065,0.0657044160295902
seq,stage-cal,G,recall_at_1,0.058630952380952374,0.04166666666666668,0.07648809523809523,0.07499999999999998,0.0433035714285714,0.05758928571428576
seq,stage-cal,G,recall_at_3,0.0846726190476191,0.06338913690476188,0.10625000000000001,0.09866071428571427,0.07008928571428577,0.08526785714285723
seq,stage-cal,G,recall_at_5,0.06696428571428564,0.044791666666666674,0.08898809523809521,0.08392857142857141,0.05669642857142848,0.06026785714285704
seq,stage-cal,G,recall_at_10,0.03973214285714279,0.02232142857142862,0.05744047619047615,0.046428571428571375,0.047767857142857084,0.02499999999999991
seq,stage-cal,G,ndcg_at_1,0.07708333333333332,0.05476190476190476,0.10029761904761902,0.09821428571428575,0.05892857142857133,0.07410714285714287
seq,stage-cal,G,ndcg_at_3,0.07988413474725346,0.06096621377993162,0.09910454883799774,0.09453078415762733,0.06475385248896057,0.08036776759517247
seq,stage-cal,G,ndcg_at_5,0.07255031640415492,0.05562778292681019,0.08975148949597349,0.08916431262141969,0.058881417180400686,0.06960521941064438
seq,stage-cal,G,ndcg_at_10,0.06259856319058489,0.047828899161630904,0.07754264263422524,0.07520158393199078,0.055581423231960636,0.057012682407803245
seq,stage-cal,final_all,average_precision,0.287723386667942,0.2680795169071111,0.3078064453231468,0.2833549620739067,0.2845285370759785,0.2952866608539407
seq,stage-cal,final_all,trapezoidal_pr_auc,0.27467323460895904,0.25428885027971204,0.2953094185689782,0.27070339948082095,0.27069572962164384,0.2826205747244123
seq,stage-cal,final_all,roc_auc,0.7461235257603973,0.7319963337988826,0.7600738477653631,0.7407984171322161,0.7467178770949721,0.7508542830540038
seq,stage-cal,final_all,recall_at_fpr_1pct,0.1677777777777778,0.15055555555555555,0.18583333333333332,0.17,0.15916666666666668,0.17416666666666666
seq,stage-cal,final_all,brier,0.04507807970835643,0.04442133036286724,0.04571198807106266,0.045318635316321354,0.045102611780417634,0.04481299202833031
seq,stage-cal,final_all,log_loss,0.18131344539075933,0.1781159304562591,0.18450754996993288,0.1824959364172775,0.18146628342948298,0.17997811632551752
seq,stage-cal,final_all,precision,0.6233333333333334,0.5446203703703704,0.7015763888888891,0.6330555555555556,0.6119444444444444,0.625
seq,stage-cal,final_all,recall,0.06444444444444446,0.054722222222222235,0.07472222222222223,0.07166666666666667,0.06833333333333334,0.053333333333333344
seq,stage-cal,final_all,f1,0.11414979706284055,0.09763361696676914,0.13139552227160917,0.12569587176108918,0.12004889554889557,0.09670462387853691
seq,stage-cal,final_all,specificity,0.9985878336436994,0.9982153941651146,0.9989292364990687,0.9983240223463685,0.9982774674115454,0.9991620111731843
seq,stage-cal,final_all,balanced_accuracy,0.531516139044072,0.5266623991309745,0.5366561724084419,0.5349953445065178,0.5333054003724395,0.5262476722532589
seq,stage-cal,final_all,mcc,0.1850280560405461,0.1598579485694505,0.2106138563357579,0.1960529733390608,0.18838413943785548,0.17064705534472202
seq,stage-cal,final_all,map,0.43500005558300064,0.41884551447068724,0.45020545009012963,0.42710162408672003,0.43547490426451363,0.4424236383977682
seq,stage-cal,final_all,mrr,0.483233247578203,0.46656371755809506,0.4988843589456866,0.47721189326943714,0.48254887191836787,0.489938977546804
seq,stage-cal,final_all,recall_at_1,0.24672619047619046,0.23114831349206347,0.26240079365079366,0.2431547619047619,0.24494047619047618,0.2520833333333333
seq,stage-cal,final_all,recall_at_3,0.4479166666666667,0.4287648809523809,0.46686755952380943,0.437202380952381,0.4523809523809524,0.45416666666666666
seq,stage-cal,final_all,recall_at_5,0.5620039682539683,0.5417658730158731,0.5817460317460318,0.5520833333333334,0.5690476190476189,0.5648809523809524
seq,stage-cal,final_all,recall_at_10,0.7284722222222223,0.7087276785714286,0.7483134920634921,0.718154761904762,0.7247023809523809,0.7425595238095237
seq,stage-cal,final_all,ndcg_at_1,0.33829365079365076,0.3192460317460317,0.3563541666666667,0.3339285714285714,0.33511904761904754,0.3458333333333334
seq,stage-cal,final_all,ndcg_at_3,0.3957603660557571,0.37741930396001394,0.4131639096787884,0.38712149132319573,0.3977133002007198,0.40244630664335573
seq,stage-cal,final_all,ndcg_at_5,0.44690727063025015,0.42882314422718437,0.4637082894911903,0.4385586655750462,0.4499613698700511,0.4522017764456532
seq,stage-cal,final_all,ndcg_at_10,0.5057701727408582,0.48893791602133374,0.5220656298539632,0.49714929160210647,0.5050693716139515,0.5150918550065168
seq,first-cal,O,average_precision,0.270029241930072,0.25116145277773194,0.28884624580785456,0.2549036625414478,0.26858869018545384,0.28659537306331434
seq,first-cal,O,trapezoidal_pr_auc,0.2568520045400753,0.23731799944266616,0.2762647370839739,0.2416408202905816,0.25500140777554314,0.2739137855541012
seq,first-cal,O,roc_auc,0.7387930633147114,0.723930895018622,0.7541540677374302,0.7321648044692738,0.7408275139664805,0.74338687150838
seq,first-cal,O,recall_at_fpr_1pct,0.1525,0.13625,0.16958333333333334,0.13874999999999998,0.14500000000000002,0.17375000000000002
seq,first-cal,O,brier,0.057935868004057416,0.05632930373707281,0.05955541347196509,0.04739073473799076,0.057237803859070915,0.06917906541511057
seq,first-cal,O,log_loss,0.22079948471833288,0.21575865505237357,0.22577916649226742,0.19061495951733748,0.22104408084562227,0.2507394137920389
seq,first-cal,O,precision,0.367506826426508,0.3344439355174501,0.40031798317539746,0.4694246031746032,0.36059263073098213,0.2725032453739387
seq,first-cal,O,recall,0.21666666666666667,0.1979166666666667,0.23375,0.1175,0.21000000000000002,0.3225
seq,first-cal,O,f1,0.24383540168877307,0.22441088624812125,0.26234582177222016,0.18325441734053055,0.25776489218118975,0.29048689554459894
seq,first-cal,O,specificity,0.9733938547486033,0.9708798882681564,0.9757681564245811,0.9923184357541899,0.9777932960893854,0.9500698324022347
seq,first-cal,O,balanced_accuracy,0.595030260707635,0.586139199255121,0.6036027991154562,0.5549092178770949,0.5938966480446928,0.6362849162011173
seq,first-cal,O,mcc,0.23401181046816666,0.21280153915934685,0.25459052220629014,0.21054122317853413,0.24058850058582876,0.2509057076401371
seq,first-cal,O,map,0.4165969439595041,0.4008984787679673,0.43151578734427853,0.404301119237254,0.41627825838597876,0.4292114542552795
seq,first-cal,O,mrr,0.46431281792283907,0.4476551966261045,0.48003224813064543,0.4542998179494505,0.4656745580241439,0.47296407779492283
seq,first-cal,O,recall_at_1,0.2294642857142857,0.21398809523809526,0.24464285714285713,0.21830357142857146,0.22678571428571428,0.24330357142857142
seq,first-cal,O,recall_at_3,0.422172619047619,0.4026748511904762,0.44092261904761904,0.40982142857142856,0.42544642857142856,0.43125
seq,first-cal,O,recall_at_5,0.5438988095238095,0.5224702380952381,0.5648809523809524,0.5419642857142857,0.5535714285714286,0.5361607142857143
seq,first-cal,O,recall_at_10,0.7183035714285714,0.6973177083333334,0.7395870535714285,0.7080357142857142,0.7160714285714285,0.7308035714285714
seq,first-cal,O,ndcg_at_1,0.3169642857142857,0.29851190476190476,0.3351190476190476,0.3026785714285714,0.3142857142857143,0.33392857142857146
seq,first-cal,O,ndcg_at_3,0.37258194149931523,0.3549738935653455,0.3892573013412887,0.35974807817016535,0.3736513810424338,0.3843463652853465
seq,first-cal,O,ndcg_at_5,0.4269501291547269,0.40922891789987204,0.4438897705585318,0.41868007636366367,0.43087249970236274,0.4312978113981544
seq,first-cal,O,ndcg_at_10,0.4886456396373673,0.47192536211892483,0.5050765884033702,0.477204740465904,0.488479779572948,0.5002523988732499
seq,first-cal,N,average_precision,0.31511600873015055,0.29288785160095315,0.3381937626323277,0.3293951107884795,0.29676011878124287,0.3191927966207293
seq,first-cal,N,trapezoidal_pr_auc,0.30216107332361025,0.279468136718332,0.325626656538564,0.31730511906297576,0.2829905912889916,0.3061875096188634
seq,first-cal,N,roc_auc,0.7586871508379889,0.7433282122905027,0.7736877618715086,0.7623847765363129,0.7484706703910615,0.7652060055865922
seq,first-cal,N,recall_at_fpr_1pct,0.18666666666666668,0.16541666666666668,0.20876041666666653,0.20500000000000002,0.16875,0.18625
seq,first-cal,N,brier,0.049740266809725854,0.04860183491029747,0.050888683602919954,0.04392040223751008,0.048125372851154744,0.05717502534051273
seq,first-cal,N,log_loss,0.19457656167666593,0.1906054930436768,0.19860556611473507,0.17678112166979518,0.1911802506578001,0.21576831270240254
seq,first-cal,N,precision,0.5158183243243841,0.46415528944206885,0.5631419774376929,0.6695238095238095,0.4970853778574366,0.3808457855919064
seq,first-cal,N,recall,0.2054166666666667,0.18790625,0.22375,0.14,0.155,0.32125000000000004
seq,first-cal,N,f1,0.25378688781918496,0.232558249479684,0.274997345767918,0.2266221282743022,0.20353678978847622,0.3312017453947765
seq,first-cal,N,specificity,0.9834264432029795,0.9816806331471136,0.9850558659217876,0.9962290502793296,0.9885474860335195,0.9655027932960895
seq,first-cal,N,balanced_accuracy,0.5944215549348231,0.5854526303538176,0.6036571520018621,0.5681145251396648,0.5717737430167599,0.6433763966480446
seq,first-cal,N,mcc,0.27346088105346567,0.24853017810402284,0.2982236157737472,0.2859769141562417,0.22818664085893386,0.3062190881452215
seq,first-cal,N,map,0.46693788871969666,0.4489236680543416,0.4846098123307454,0.4728842657500455,0.4500850165364434,0.4778443838726012
seq,first-cal,N,mrr,0.5140358749274533,0.4953269637029966,0.5322029295539623,0.5250829196323148,0.48830834545735696,0.5287163596926883
seq,first-cal,N,recall_at_1,0.275297619047619,0.2572879464285714,0.29315476190476186,0.28928571428571426,0.25491071428571427,0.2816964285714286
seq,first-cal,N,recall_at_3,0.4916666666666667,0.47008928571428577,0.5138392857142856,0.4933035714285714,0.47455357142857146,0.5071428571428571
seq,first-cal,N,recall_at_5,0.5980654761904761,0.5748511904761905,0.6214285714285713,0.5950892857142857,0.5776785714285713,0.6214285714285714
seq,first-cal,N,recall_at_10,0.7380952380952381,0.7171093749999998,0.7587834821428572,0.7321428571428572,0.7249999999999999,0.7571428571428571
seq,first-cal,N,ndcg_at_1,0.3726190476190476,0.3505877976190475,0.3943452380952381,0.3901785714285715,0.34642857142857136,0.38125000000000003
seq,first-cal,N,ndcg_at_3,0.4354135739815172,0.4150187801549117,0.4555687067398209,0.4418336947401851,0.41613328911097713,0.44827373809338944
seq,first-cal,N,ndcg_at_5,0.483300507829253,0.46383901089788426,0.5025359161194287,0.4877855386198082,0.46224865261726356,0.49986733225068725
seq,first-cal,N,ndcg_at_10,0.5328319354872578,0.5145680714322862,0.5511342806513728,0.5364066176017948,0.5141771114018346,0.5479120774581441
seq,first-cal,Z,average_precision,0.32311167614368197,0.2974997047908306,0.3510392441467193,0.3402575611388246,0.31640823085702796,0.3126692364351934
seq,first-cal,Z,trapezoidal_pr_auc,0.31031569474672654,0.28385348214480993,0.33910851393256375,0.32882855786129966,0.3020843733138454,0.30003415306503456
seq,first-cal,Z,roc_auc,0.760784450651769,0.7442154329608938,0.7771254073556798,0.7580656424581006,0.7584986033519553,0.7657891061452515
seq,first-cal,Z,recall_at_fpr_1pct,0.19833333333333333,0.17166666666666672,0.22666666666666663,0.2325,0.1875,0.175
seq,first-cal,Z,brier,0.05278526484937973,0.051242078129570955,0.05428300836470298,0.04328911468416586,0.05084331002922656,0.06422336983474676
seq,first-cal,Z,log_loss,0.20368595658861977,0.1985827180054905,0.20869274888310924,0.17573969532156425,0.199911378454061,0.235406795990234
seq,first-cal,Z,precision,0.46797624587071845,0.41284536632801444,0.5181262804399849,0.704047619047619,0.39417075571487337,0.30571036284966324
seq,first-cal,Z,recall,0.26333333333333336,0.23750000000000004,0.2891666666666667,0.1625,0.2525,0.375
seq,first-cal,Z,f1,0.2985851244545122,0.2706484723032274,0.3253690097014802,0.2602203818725558,0.3034409802921793,0.33209401119880155
seq,first-cal,Z,specificity,0.9753724394785847,0.9725325884543762,0.9779329608938547,0.9965083798882681,0.9787709497206704,0.9508379888268157
seq,first-cal,Z,balanced_accuracy,0.6193528864059591,0.6067870693668529,0.6322217178770949,0.579504189944134,0.6156354748603353,0.6629189944134077
seq,first-cal,Z,mcc,0.2999316560591948,0.26843795077394494,0.32968315428592754,0.32085560231813043,0.2839445533604795,0.2949948124989744
seq,first-cal,Z,map,0.4718062788299937,0.44980146814305033,0.4938709109024051,0.4727026337856522,0.4738681960215832,0.4688480066827457
seq,first-cal,Z,mrr,0.521074106888931,0.4982749311209973,0.5442965792103882,0.5230360439094105,0.5162974997068157,0.5238887770505664
seq,first-cal,Z,recall_at_1,0.28125,0.2580357142857143,0.3044642857142857,0.2928571428571428,0.28125,0.26964285714285713
seq,first-cal,Z,recall_at_3,0.4994047619047619,0.4735119047619048,0.5255952380952381,0.49196428571428574,0.50625,0.5
seq,first-cal,Z,recall_at_5,0.5982142857142856,0.5714211309523808,0.6244047619047618,0.5723214285714285,0.5999999999999999,0.6223214285714286
seq,first-cal,Z,recall_at_10,0.7488095238095238,0.724702380952381,0.7720238095238096,0.7383928571428573,0.7419642857142856,0.7660714285714285
seq,first-cal,Z,ndcg_at_1,0.38095238095238093,0.3523809523809523,0.41011904761904755,0.39642857142857146,0.3767857142857142,0.36964285714285716
seq,first-cal,Z,ndcg_at_3,0.44211721516864083,0.41757607815614756,0.4668896679529011,0.4418683176292565,0.4458371385172918,0.43864618935937427
seq,first-cal,Z,ndcg_at_5,0.48682155358129653,0.46307327691941536,0.5105796541595417,0.47831584399781113,0.4881391102054276,0.49400970654065085
seq,first-cal,Z,ndcg_at_10,0.5400192389478402,0.5178415387641147,0.5617570628428057,0.5370383938745115,0.5382485556959586,0.5447707672730505
seq,first-cal,F_first,average_precision,0.0471393951862277,0.02542431809464734,0.06953702589993213,0.06064832885587931,0.03990850222741549,0.0408613544753883
seq,first-cal,F_first,trapezoidal_pr_auc,0.045842227726852376,0.023223179571712944,0.0692244898970284,0.059450236520804195,0.03869190585699189,0.03938454080276105
seq,first-cal,F_first,roc_auc,0.031962290502793235,0.0151674813780259,0.04844326117318419,0.027611731843575238,0.026557262569832485,0.04171787709497199
seq,first-cal,F_first,recall_at_fpr_1pct,0.03250000000000001,0.007500000000000016,0.057499999999999975,0.04749999999999999,0.01999999999999999,0.030000000000000054
seq,first-cal,F_first,brier,0.013290348838746711,0.011606281966622896,0.015111308280806592,0.003878671165020789,0.010904070498138706,0.02508830485308064
seq,first-cal,F_first,log_loss,0.04506088168168045,0.03958748719148302,0.05074315836366428,0.016304277477971613,0.04022997109995119,0.07864839646711855
seq,first-cal,F_first,precision,0.19425195423117872,0.08785262469863173,0.29224465808311606,0.0465079365079365,0.19341305280546772,0.34283487338013197
seq,first-cal,F_first,recall,-0.15166666666666664,-0.17666666666666667,-0.12666666666666668,-0.07,-0.15250000000000002,-0.23249999999999996
seq,first-cal,F_first,f1,-0.12910166219343874,-0.16149540153182468,-0.09889801168188271,-0.10045240066585642,-0.15094662857697516,-0.13590595733748462
seq,first-cal,F_first,specificity,0.022858472998137553,0.020437616387336877,0.025418994413407673,0.0074022346368715075,0.018156424581005415,0.04301675977653574
seq,first-cal,F_first,balanced_accuracy,-0.06440409683426444,-0.07695361964618251,-0.052044867318435675,-0.03129888268156422,-0.06717178770949717,-0.09474162011173193
seq,first-cal,F_first,mcc,-0.05727397965856762,-0.09711728220872858,-0.019257531099495774,-0.06745062392654222,-0.07250013139426306,-0.03187118365489758
seq,first-cal,F_first,map,0.06339324911674982,0.041808659576983494,0.08542323437599214,0.09250861475334071,0.044537088497250577,0.05313404409965816
seq,first-cal,F_first,mrr,0.06209770635917966,0.038970258744691115,0.08499697079774825,0.09139127027936156,0.0427946778753685,0.05210717092280892
seq,first-cal,F_first,recall_at_1,0.05565476190476193,0.03154761904761912,0.07916666666666668,0.09107142857142853,0.036607142857142894,0.03928571428571437
seq,first-cal,F_first,recall_at_3,0.08392857142857146,0.05534970238095232,0.11339285714285714,0.12946428571428575,0.0589285714285715,0.06339285714285714
seq,first-cal,F_first,recall_at_5,0.07499999999999996,0.049702380952381026,0.10119047619047605,0.08124999999999993,0.05267857142857135,0.09107142857142858
seq,first-cal,F_first,recall_at_10,0.03125,0.004761904761904744,0.057738095238095255,0.019642857142857184,0.025000000000000022,0.049107142857142794
seq,first-cal,F_first,ndcg_at_1,0.06785714285714284,0.038095238095238106,0.09821428571428566,0.10357142857142854,0.050000000000000044,0.04999999999999993
seq,first-cal,F_first,ndcg_at_3,0.07634157648032643,0.05024328463010792,0.10299189068228318,0.11779849788878544,0.05314714585933228,0.058079085692861576
seq,first-cal,F_first,ndcg_at_5,0.0730295177003961,0.050664714790526824,0.09650923373841169,0.09701163110350919,0.052099024664772065,0.06997789733290705
seq,first-cal,F_first,ndcg_at_10,0.05703636218257602,0.035695972483805155,0.07797029635634507,0.0759185772251525,0.04071432238436301,0.054476186938212545
seq,first-cal,F,average_precision,0.04868546310561348,0.03291725246247038,0.06478222094154129,0.0590717492371519,0.037458257788620136,0.04952638229106843
seq,first-cal,F,trapezoidal_pr_auc,0.048619868973852155,0.0323321126472871,0.0652926239788015,0.05914230433218491,0.03745100826072119,0.04926629432865037
seq,first-cal,F,roc_auc,0.02602420856610795,0.014715898510242064,0.03707899790502791,0.02481145251396638,0.02386173184357543,0.02939944134078204
seq,first-cal,F,recall_at_fpr_1pct,0.03250000000000001,0.01583333333333331,0.04999999999999999,0.03750000000000002,0.01999999999999999,0.04000000000000002
seq,first-cal,F,brier,0.012927741650276861,0.011543439451180394,0.014332421181669988,0.0031096477766982614,0.012910979172726895,0.02276259800140543
seq,first-cal,F,log_loss,0.04190178445060059,0.03785883873172954,0.045972064080884716,0.013028497748009224,0.04487940060410797,0.06779745499968456
seq,first-cal,F,precision,0.20071226385140575,0.1370905248316841,0.2630867097343556,0.09807539682539682,0.23149070260235116,0.2725706921264694
seq,first-cal,F,recall,-0.10791666666666666,-0.12458333333333334,-0.09124999999999998,-0.04124999999999999,-0.14375000000000002,-0.13874999999999998
seq,first-cal,F,f1,-0.07846297834918126,-0.09731476603689514,-0.059997680319161716,-0.0544631651144957,-0.14076475101800515,-0.04016101891504292
seq,first-cal,F,specificity,0.02155493482309116,0.019483240223463556,0.0237435986964616,0.005516759776536373,0.02018156424580997,0.03896648044692713
seq,first-cal,F,balanced_accuracy,-0.043180865921787694,-0.05132396415270017,-0.03493211708566111,-0.017866620111731735,-0.06178421787709493,-0.049891759776536426
seq,first-cal,F,mcc,-0.018019075379941105,-0.04034150843036084,0.004135186359621754,-0.022401962922099214,-0.057823842808210235,0.02616857959048613
seq,first-cal,F,map,0.05862391832565179,0.04524776195930435,0.0723875653381729,0.07080831250416564,0.04352663431417719,0.06153680815861254
seq,first-cal,F,mrr,0.05715121529336886,0.042660562578174833,0.07171755395232288,0.07071150155342928,0.038022940502589725,0.06271920382408758
seq,first-cal,F,recall_at_1,0.052083333333333336,0.036160714285714324,0.06756324404761903,0.06874999999999995,0.03526785714285714,0.05223214285714292
seq,first-cal,F,recall_at_3,0.07752976190476193,0.05922619047619045,0.0961346726190476,0.09196428571428572,0.05937500000000007,0.08125000000000002
seq,first-cal,F,recall_at_5,0.06711309523809518,0.04791666666666663,0.08601190476190473,0.06830357142857135,0.048214285714285654,0.08482142857142855
seq,first-cal,F,recall_at_10,0.02113095238095238,0.0028236607142856536,0.0383928571428571,0.013839285714285776,0.021428571428571408,0.028124999999999956
seq,first-cal,F,ndcg_at_1,0.06339285714285713,0.04374255952380949,0.08303571428571428,0.08214285714285716,0.042857142857142844,0.06517857142857139
seq,first-cal,F,ndcg_at_3,0.07127226255724696,0.05481418600029349,0.08805257522490444,0.08658119670141473,0.052734395937213685,0.07450119503311245
seq,first-cal,F,ndcg_at_5,0.0669955903183638,0.05267400582108621,0.08138959084794183,0.07651950416751382,0.04849106097620498,0.0759762058113726
seq,first-cal,F,ndcg_at_10,0.05064968761316809,0.03754472693016804,0.06364258043137748,0.05775842881549881,0.03836384185214031,0.05582679217186515
seq,first-cal,G,average_precision,0.07579624806630315,0.0577365762139191,0.09444198133206821,0.09764628582946695,0.06655761533003622,0.06318484303940627
seq,first-cal,G,trapezoidal_pr_auc,0.07707447701476837,0.058705855916628503,0.09606969699225922,0.09986540478417742,0.06773534669387994,0.06362267956624773
seq,first-cal,G,roc_auc,0.035826350093109825,0.023316457169459976,0.04870591829608939,0.05210544692737423,0.03237779329608925,0.022995810055865984
seq,first-cal,G,recall_at_fpr_1pct,0.05708333333333334,0.03708333333333332,0.07874999999999997,0.07125000000000002,0.04125000000000001,0.05875
seq,first-cal,G,brier,-0.00038753893013288715,-0.0015093931981220929,0.0007235703644610988,0.0043649963698694505,-0.0007750013330332581,-0.004752611827234854
seq,first-cal,G,log_loss,0.0014246974933694913,-0.00222733878707575,0.005015525153401087,0.01768949623824896,-0.00117041664398905,-0.012244987114151437
seq,first-cal,G,precision,0.12716941332253198,0.059650063020187764,0.19351981063873486,0.2945238095238095,0.11000204452410325,-0.023017614080316773
seq,first-cal,G,recall,0.12708333333333333,0.11125,0.14333333333333334,0.085,0.11624999999999999,0.18000000000000002
seq,first-cal,G,f1,0.1422768758254699,0.12466440084309399,0.16087162183144094,0.13610494417016156,0.1346043490408181,0.15612133426543007
seq,first-cal,G,specificity,-0.009473929236498979,-0.011103351955307244,-0.007821229050279413,-0.0006284916201116375,-0.008659217877095005,-0.019134078212290295
seq,first-cal,G,balanced_accuracy,0.058804702048417166,0.05083097648975788,0.06712907355679695,0.04218575418994419,0.053795391061452646,0.08043296089385465
seq,first-cal,G,mcc,0.13356554696757914,0.1116734306247562,0.1564826822853735,0.16201580544334637,0.12016508680697485,0.11851574865241618
seq,first-cal,G,map,0.06610519736347677,0.05106281714990435,0.08172766877779203,0.07852005839127621,0.05464736411885365,0.06514816958030042
seq,first-cal,G,mrr,0.06954664117477923,0.05255755861088713,0.0864316908964892,0.08813113907948342,0.054804368415264065,0.0657044160295902
seq,first-cal,G,recall_at_1,0.058630952380952374,0.04166666666666668,0.07648809523809523,0.07499999999999998,0.0433035714285714,0.05758928571428576
seq,first-cal,G,recall_at_3,0.0846726190476191,0.06338913690476188,0.10625000000000001,0.09866071428571427,0.07008928571428577,0.08526785714285723
seq,first-cal,G,recall_at_5,0.06696428571428564,0.044791666666666674,0.08898809523809521,0.08392857142857141,0.05669642857142848,0.06026785714285704
seq,first-cal,G,recall_at_10,0.03973214285714279,0.02232142857142862,0.05744047619047615,0.046428571428571375,0.047767857142857084,0.02499999999999991
seq,first-cal,G,ndcg_at_1,0.07708333333333332,0.05476190476190476,0.10029761904761902,0.09821428571428575,0.05892857142857133,0.07410714285714287
seq,first-cal,G,ndcg_at_3,0.07988413474725346,0.06096621377993162,0.09910454883799774,0.09453078415762733,0.06475385248896057,0.08036776759517247
seq,first-cal,G,ndcg_at_5,0.07255031640415492,0.05562778292681019,0.08975148949597349,0.08916431262141969,0.058881417180400686,0.06960521941064438
seq,first-cal,G,ndcg_at_10,0.06259856319058489,0.047828899161630904,0.07754264263422524,0.07520158393199078,0.055581423231960636,0.057012682407803245
seq,first-cal,final_all,average_precision,0.287723386667942,0.2680795169071111,0.3078064453231468,0.2833549620739067,0.2845285370759785,0.2952866608539407
seq,first-cal,final_all,trapezoidal_pr_auc,0.27467323460895904,0.25428885027971204,0.2953094185689782,0.27070339948082095,0.27069572962164384,0.2826205747244123
seq,first-cal,final_all,roc_auc,0.7461235257603973,0.7319963337988826,0.7600738477653631,0.7407984171322161,0.7467178770949721,0.7508542830540038
seq,first-cal,final_all,recall_at_fpr_1pct,0.1677777777777778,0.15055555555555555,0.18583333333333332,0.17,0.15916666666666668,0.17416666666666666
seq,first-cal,final_all,brier,0.05621900028583152,0.054843486323230786,0.057572441857202485,0.046023528053382466,0.055106305915789466,0.06752716688832262
seq,first-cal,final_all,log_loss,0.21509497534176183,0.2105400882470032,0.21960836787247973,0.1856565381187464,0.21399984671510186,0.2456285411914373
seq,first-cal,final_all,precision,0.40099663290791154,0.36912092508784605,0.4330535130486829,0.5476322751322752,0.37178533905894584,0.28357228453251354
seq,first-cal,final_all,recall,0.23222222222222225,0.21583333333333332,0.24861111111111112,0.13249999999999998,0.2241666666666667,0.34
seq,first-cal,final_all,f1,0.2620853092773528,0.24377688866321656,0.2800249878225234,0.20890973885120565,0.27299025488485296,0.3043559340959998
seq,first-cal,final_all,specificity,0.9740533829919306,0.9720511328367474,0.9759931719428926,0.9937150837988827,0.9781191806331471,0.9503258845437618
seq,first-cal,final_all,balanced_accuracy,0.6031378026070763,0.5949442698634388,0.6112495732464307,0.5631075418994412,0.601142923649907,0.6451629422718808
seq,first-cal,final_all,mcc,0.2559850923318427,0.23562750850940622,0.2760748594440211,0.24731268289173292,0.255040518177379,0.2656020759264162
seq,first-cal,final_all,map,0.43500005558300064,0.41884551447068724,0.45020545009012963,0.42710162408672003,0.43547490426451363,0.4424236383977682
seq,first-cal,final_all,mrr,0.483233247578203,0.46656371755809506,0.4988843589456866,0.47721189326943714,0.48254887191836787,0.489938977546804
seq,first-cal,final_all,recall_at_1,0.24672619047619046,0.23114831349206347,0.26240079365079366,0.2431547619047619,0.24494047619047618,0.2520833333333333
seq,first-cal,final_all,recall_at_3,0.4479166666666667,0.4287648809523809,0.46686755952380943,0.437202380952381,0.4523809523809524,0.45416666666666666
seq,first-cal,final_all,recall_at_5,0.5620039682539683,0.5417658730158731,0.5817460317460318,0.5520833333333334,0.5690476190476189,0.5648809523809524
seq,first-cal,final_all,recall_at_10,0.7284722222222223,0.7087276785714286,0.7483134920634921,0.718154761904762,0.7247023809523809,0.7425595238095237
seq,first-cal,final_all,ndcg_at_1,0.33829365079365076,0.3192460317460317,0.3563541666666667,0.3339285714285714,0.33511904761904754,0.3458333333333334
seq,first-cal,final_all,ndcg_at_3,0.3957603660557571,0.37741930396001394,0.4131639096787884,0.38712149132319573,0.3977133002007198,0.40244630664335573
seq,first-cal,final_all,ndcg_at_5,0.44690727063025015,0.42882314422718437,0.4637082894911903,0.4385586655750462,0.4499613698700511,0.4522017764456532
seq,first-cal,final_all,ndcg_at_10,0.5057701727408582,0.48893791602133374,0.5220656298539632,0.49714929160210647,0.5050693716139515,0.5150918550065168
seq,primary,O,average_precision,0.270029241930072,0.25116145277773194,0.28884624580785456,0.2549036625414478,0.26858869018545384,0.28659537306331434
seq,primary,O,trapezoidal_pr_auc,0.2568520045400753,0.23731799944266616,0.2762647370839739,0.2416408202905816,0.25500140777554314,0.2739137855541012
seq,primary,O,roc_auc,0.7387930633147114,0.723930895018622,0.7541540677374302,0.7321648044692738,0.7408275139664805,0.74338687150838
seq,primary,O,recall_at_fpr_1pct,0.1525,0.13625,0.16958333333333334,0.13874999999999998,0.14500000000000002,0.17375000000000002
seq,primary,O,brier,0.045745722491410956,0.045103309344901664,0.0463805383603892,0.046292943114597564,0.04580896261281381,0.04513526174682149
seq,primary,O,log_loss,0.18418684095933313,0.18093538656944744,0.1874079801721818,0.18649576965165326,0.18422796072010506,0.18183679250624107
seq,primary,O,precision,0.5904166666666667,0.4969409722222222,0.6813888888888888,0.5995833333333334,0.6174999999999999,0.5541666666666667
seq,primary,O,recall,0.05958333333333334,0.04958333333333334,0.07,0.0675,0.06500000000000002,0.04625
seq,primary,O,f1,0.10603856409291192,0.08884318142606187,0.12370761080706731,0.11808455674760024,0.11564848919196745,0.08438264633916807
seq,primary,O,specificity,0.998510242085661,0.9980214152700185,0.9989525139664804,0.99804469273743,0.9981843575418994,0.9993016759776535
seq,primary,O,balanced_accuracy,0.5290467877094972,0.5239885649441341,0.5342539571694599,0.5327723463687151,0.5315921787709497,0.5227758379888268
seq,primary,O,mcc,0.17324239064732797,0.14508371243330992,0.201002531502188,0.1832020299668345,0.18600900245099003,0.1505161395241594
seq,primary,O,map,0.4165969439595041,0.4008984787679673,0.43151578734427853,0.404301119237254,0.41627825838597876,0.4292114542552795
seq,primary,O,mrr,0.46431281792283907,0.4476551966261045,0.48003224813064543,0.4542998179494505,0.4656745580241439,0.47296407779492283
seq,primary,O,recall_at_1,0.2294642857142857,0.21398809523809526,0.24464285714285713,0.21830357142857146,0.22678571428571428,0.24330357142857142
seq,primary,O,recall_at_3,0.422172619047619,0.4026748511904762,0.44092261904761904,0.40982142857142856,0.42544642857142856,0.43125
seq,primary,O,recall_at_5,0.5438988095238095,0.5224702380952381,0.5648809523809524,0.5419642857142857,0.5535714285714286,0.5361607142857143
seq,primary,O,recall_at_10,0.7183035714285714,0.6973177083333334,0.7395870535714285,0.7080357142857142,0.7160714285714285,0.7308035714285714
seq,primary,O,ndcg_at_1,0.3169642857142857,0.29851190476190476,0.3351190476190476,0.3026785714285714,0.3142857142857143,0.33392857142857146
seq,primary,O,ndcg_at_3,0.37258194149931523,0.3549738935653455,0.3892573013412887,0.35974807817016535,0.3736513810424338,0.3843463652853465
seq,primary,O,ndcg_at_5,0.4269501291547269,0.40922891789987204,0.4438897705585318,0.41868007636366367,0.43087249970236274,0.4312978113981544
seq,primary,O,ndcg_at_10,0.4886456396373673,0.47192536211892483,0.5050765884033702,0.477204740465904,0.488479779572948,0.5002523988732499
seq,primary,N,average_precision,0.31511600873015055,0.29288785160095315,0.3381937626323277,0.3293951107884795,0.29676011878124287,0.3191927966207293
seq,primary,N,trapezoidal_pr_auc,0.30216107332361025,0.279468136718332,0.325626656538564,0.31730511906297576,0.2829905912889916,0.3061875096188634
seq,primary,N,roc_auc,0.7586871508379889,0.7433282122905027,0.7736877618715086,0.7623847765363129,0.7484706703910615,0.7652060055865922
seq,primary,N,recall_at_fpr_1pct,0.18666666666666668,0.16541666666666668,0.20876041666666653,0.20500000000000002,0.16875,0.18625
seq,primary,N,brier,0.043996613519311,0.04332048277842728,0.044658788036233216,0.04363562642774504,0.04465582984561063,0.04369838428457734
seq,primary,N,log_loss,0.17648101822936693,0.1731615028168353,0.17982138387155755,0.17493784810171598,0.17885173530795162,0.17565347127843323
seq,primary,N,precision,0.6019444444444445,0.5272222222222221,0.6754201388888889,0.7208333333333333,0.35041666666666665,0.7345833333333334
seq,primary,N,recall,0.06958333333333334,0.05833333333333335,0.08208333333333331,0.08250000000000002,0.04,0.08625000000000002
seq,primary,N,f1,0.12117199708504056,0.1026791607848673,0.14134517861365684,0.14505552418595896,0.06918675889328064,0.1492737081758821
seq,primary,N,specificity,0.9986964618249533,0.998254189944134,0.9991154562383612,0.9986033519553073,0.9992318435754189,0.998254189944134
seq,primary,N,balanced_accuracy,0.5341398975791435,0.5284566748137803,0.5403447683891993,0.5405516759776539,0.5196159217877094,0.5422520949720673
seq,primary,N,mcc,0.18870166130904517,0.16365065133628073,0.2147453477458878,0.2277007294791208,0.10746217183891729,0.23094208260909743
seq,primary,N,map,0.46693788871969666,0.4489236680543416,0.4846098123307454,0.4728842657500455,0.4500850165364434,0.4778443838726012
seq,primary,N,mrr,0.5140358749274533,0.4953269637029966,0.5322029295539623,0.5250829196323148,0.48830834545735696,0.5287163596926883
seq,primary,N,recall_at_1,0.275297619047619,0.2572879464285714,0.29315476190476186,0.28928571428571426,0.25491071428571427,0.2816964285714286
seq,primary,N,recall_at_3,0.4916666666666667,0.47008928571428577,0.5138392857142856,0.4933035714285714,0.47455357142857146,0.5071428571428571
seq,primary,N,recall_at_5,0.5980654761904761,0.5748511904761905,0.6214285714285713,0.5950892857142857,0.5776785714285713,0.6214285714285714
seq,primary,N,recall_at_10,0.7380952380952381,0.7171093749999998,0.7587834821428572,0.7321428571428572,0.7249999999999999,0.7571428571428571
seq,primary,N,ndcg_at_1,0.3726190476190476,0.3505877976190475,0.3943452380952381,0.3901785714285715,0.34642857142857136,0.38125000000000003
seq,primary,N,ndcg_at_3,0.4354135739815172,0.4150187801549117,0.4555687067398209,0.4418336947401851,0.41613328911097713,0.44827373809338944
seq,primary,N,ndcg_at_5,0.483300507829253,0.46383901089788426,0.5025359161194287,0.4877855386198082,0.46224865261726356,0.49986733225068725
seq,primary,N,ndcg_at_10,0.5328319354872578,0.5145680714322862,0.5511342806513728,0.5364066176017948,0.5141771114018346,0.5479120774581441
seq,primary,Z,average_precision,0.32311167614368197,0.2974997047908306,0.3510392441467193,0.3402575611388246,0.31640823085702796,0.3126692364351934
seq,primary,Z,trapezoidal_pr_auc,0.31031569474672654,0.28385348214480993,0.33910851393256375,0.32882855786129966,0.3020843733138454,0.30003415306503456
seq,primary,Z,roc_auc,0.760784450651769,0.7442154329608938,0.7771254073556798,0.7580656424581006,0.7584986033519553,0.7657891061452515
seq,primary,Z,recall_at_fpr_1pct,0.19833333333333333,0.17166666666666672,0.22666666666666663,0.2325,0.1875,0.175
seq,primary,Z,brier,0.04374279414224739,0.042921830561655036,0.0445240704629454,0.043370019719768935,0.04368991011562527,0.044168452591347974
seq,primary,Z,log_loss,0.1755666542536117,0.17173070447992791,0.17931198061247328,0.17449626994852593,0.17594292884823884,0.17626076396407037
seq,primary,Z,precision,0.6891666666666666,0.5880555555555556,0.7877986111111108,0.7,0.6008333333333333,0.7666666666666667
seq,primary,Z,recall,0.07416666666666667,0.05916666666666668,0.09000000000000001,0.08000000000000002,0.075,0.06750000000000002
seq,primary,Z,f1,0.1303722630026978,0.10520766123972644,0.15621855903758078,0.140918501788067,0.12884970826275177,0.12134857895727462
seq,primary,Z,specificity,0.9987430167597765,0.9982309124767225,0.9992085661080075,0.9988826815642458,0.9984636871508379,0.9988826815642458
seq,primary,Z,balanced_accuracy,0.5364548417132217,0.528907704841713,0.5442824138733705,0.539441340782123,0.5367318435754189,0.5331913407821232
seq,primary,Z,mcc,0.20859938682698234,0.17399756629558233,0.2425253785690898,0.2217548600835134,0.19313441341158644,0.21090888698584723
seq,primary,Z,map,0.4718062788299937,0.44980146814305033,0.4938709109024051,0.4727026337856522,0.4738681960215832,0.4688480066827457
seq,primary,Z,mrr,0.521074106888931,0.4982749311209973,0.5442965792103882,0.5230360439094105,0.5162974997068157,0.5238887770505664
seq,primary,Z,recall_at_1,0.28125,0.2580357142857143,0.3044642857142857,0.2928571428571428,0.28125,0.26964285714285713
seq,primary,Z,recall_at_3,0.4994047619047619,0.4735119047619048,0.5255952380952381,0.49196428571428574,0.50625,0.5
seq,primary,Z,recall_at_5,0.5982142857142856,0.5714211309523808,0.6244047619047618,0.5723214285714285,0.5999999999999999,0.6223214285714286
seq,primary,Z,recall_at_10,0.7488095238095238,0.724702380952381,0.7720238095238096,0.7383928571428573,0.7419642857142856,0.7660714285714285
seq,primary,Z,ndcg_at_1,0.38095238095238093,0.3523809523809523,0.41011904761904755,0.39642857142857146,0.3767857142857142,0.36964285714285716
seq,primary,Z,ndcg_at_3,0.44211721516864083,0.41757607815614756,0.4668896679529011,0.4418683176292565,0.4458371385172918,0.43864618935937427
seq,primary,Z,ndcg_at_5,0.48682155358129653,0.46307327691941536,0.5105796541595417,0.47831584399781113,0.4881391102054276,0.49400970654065085
seq,primary,Z,ndcg_at_10,0.5400192389478402,0.5178415387641147,0.5617570628428057,0.5370383938745115,0.5382485556959586,0.5447707672730505
seq,primary,F_first,average_precision,0.0471393951862277,0.02542431809464734,0.06953702589993213,0.06064832885587931,0.03990850222741549,0.0408613544753883
seq,primary,F_first,trapezoidal_pr_auc,0.045842227726852376,0.023223179571712944,0.0692244898970284,0.059450236520804195,0.03869190585699189,0.03938454080276105
seq,primary,F_first,roc_auc,0.031962290502793235,0.0151674813780259,0.04844326117318419,0.027611731843575238,0.026557262569832485,0.04171787709497199
seq,primary,F_first,recall_at_fpr_1pct,0.03250000000000001,0.007500000000000016,0.057499999999999975,0.04749999999999999,0.01999999999999999,0.030000000000000054
seq,primary,F_first,brier,0.002029949141855327,0.0013228897146999854,0.0027788176526381786,0.0026749183422418443,0.001487292879552772,0.0019276362037713643
seq,primary,F_first,log_loss,0.01041257300575211,0.006988186233407043,0.013867346061106083,0.01170150553062993,0.008619646880213994,0.010916566606412409
seq,primary,F_first,precision,-0.06472222222222217,-0.18361111111111109,0.057506944444444444,-0.054166666666666585,-0.14916666666666656,0.009166666666666656
seq,primary,F_first,recall,0.004999999999999993,-0.011666666666666672,0.021666666666666657,-0.025,-0.005000000000000018,0.045
seq,primary,F_first,f1,0.005872743198830137,-0.02227074760987805,0.03375816080055208,-0.04136316581968756,-0.011464397920919661,0.07044579333709763
seq,primary,F_first,specificity,-0.0003724394785847481,-0.0009776536312850654,0.0002327746741154213,0.0013966480446928609,-0.0009776536312848805,-0.0015363128491622247
seq,primary,F_first,balanced_accuracy,0.002313780260707684,-0.006089385474860376,0.01060114059590322,-0.01180167597765358,-0.002988826815642387,0.02173184357541902
seq,primary,F_first,mcc,-0.004853160763643051,-0.044333102881309164,0.035760604569522736,-0.04175435071234054,-0.03423971462478942,0.06143458304620081
seq,primary,F_first,map,0.06339324911674982,0.041808659576983494,0.08542323437599214,0.09250861475334071,0.044537088497250577,0.05313404409965816
seq,primary,F_first,mrr,0.06209770635917966,0.038970258744691115,0.08499697079774825,0.09139127027936156,0.0427946778753685,0.05210717092280892
seq,primary,F_first,recall_at_1,0.05565476190476193,0.03154761904761912,0.07916666666666668,0.09107142857142853,0.036607142857142894,0.03928571428571437
seq,primary,F_first,recall_at_3,0.08392857142857146,0.05534970238095232,0.11339285714285714,0.12946428571428575,0.0589285714285715,0.06339285714285714
seq,primary,F_first,recall_at_5,0.07499999999999996,0.049702380952381026,0.10119047619047605,0.08124999999999993,0.05267857142857135,0.09107142857142858
seq,primary,F_first,recall_at_10,0.03125,0.004761904761904744,0.057738095238095255,0.019642857142857184,0.025000000000000022,0.049107142857142794
seq,primary,F_first,ndcg_at_1,0.06785714285714284,0.038095238095238106,0.09821428571428566,0.10357142857142854,0.050000000000000044,0.04999999999999993
seq,primary,F_first,ndcg_at_3,0.07634157648032643,0.05024328463010792,0.10299189068228318,0.11779849788878544,0.05314714585933228,0.058079085692861576
seq,primary,F_first,ndcg_at_5,0.0730295177003961,0.050664714790526824,0.09650923373841169,0.09701163110350919,0.052099024664772065,0.06997789733290705
seq,primary,F_first,ndcg_at_10,0.05703636218257602,0.035695972483805155,0.07797029635634507,0.0759185772251525,0.04071432238436301,0.054476186938212545
seq,primary,F,average_precision,0.04868546310561348,0.03291725246247038,0.06478222094154129,0.0590717492371519,0.037458257788620136,0.04952638229106843
seq,primary,F,trapezoidal_pr_auc,0.048619868973852155,0.0323321126472871,0.0652926239788015,0.05914230433218491,0.03745100826072119,0.04926629432865037
seq,primary,F,roc_auc,0.02602420856610795,0.014715898510242064,0.03707899790502791,0.02481145251396638,0.02386173184357543,0.02939944134078204
seq,primary,F,recall_at_fpr_1pct,0.03250000000000001,0.01583333333333331,0.04999999999999999,0.03750000000000002,0.01999999999999999,0.04000000000000002
seq,primary,F,brier,0.0019600140744790843,0.0014374362829050055,0.002493325014352507,0.0023370844808716373,0.0013749809752132552,0.0021679767673523608
seq,primary,F,log_loss,0.009325032971395794,0.007009689223699622,0.011666865274551862,0.010130868763885054,0.00840757102552811,0.009436659124774219
seq,primary,F,precision,-0.046666666666666655,-0.13305555555555557,0.041673611111110974,0.021250000000000047,-0.27541666666666664,0.11416666666666664
seq,primary,F,recall,0.007916666666666667,-0.0020833333333333376,0.01834374999999986,-0.007499999999999989,-0.025000000000000012,0.05625
seq,primary,F,f1,0.010825399238442697,-0.006191421561530254,0.028824282541130338,-0.011208968567664242,-0.045702742909264654,0.08938790919225699
seq,primary,F,specificity,2.3277467411523627e-05,-0.0005353817504655064,0.0005586592178771407,0.0009776536312849915,0.0006284916201117485,-0.0015363128491621691
seq,primary,F,balanced_accuracy,0.003969972067039196,-0.0011362313780260715,0.009376425744879003,-0.0032611731843574243,-0.012185754189944054,0.027356843575419065
seq,primary,F,mcc,0.003657259312583256,-0.02274776478287841,0.03053354453388667,-0.0037885832702120315,-0.07856374371894154,0.09332410492690334
seq,primary,F,map,0.05862391832565179,0.04524776195930435,0.0723875653381729,0.07080831250416564,0.04352663431417719,0.06153680815861254
seq,primary,F,mrr,0.05715121529336886,0.042660562578174833,0.07171755395232288,0.07071150155342928,0.038022940502589725,0.06271920382408758
seq,primary,F,recall_at_1,0.052083333333333336,0.036160714285714324,0.06756324404761903,0.06874999999999995,0.03526785714285714,0.05223214285714292
seq,primary,F,recall_at_3,0.07752976190476193,0.05922619047619045,0.0961346726190476,0.09196428571428572,0.05937500000000007,0.08125000000000002
seq,primary,F,recall_at_5,0.06711309523809518,0.04791666666666663,0.08601190476190473,0.06830357142857135,0.048214285714285654,0.08482142857142855
seq,primary,F,recall_at_10,0.02113095238095238,0.0028236607142856536,0.0383928571428571,0.013839285714285776,0.021428571428571408,0.028124999999999956
seq,primary,F,ndcg_at_1,0.06339285714285713,0.04374255952380949,0.08303571428571428,0.08214285714285716,0.042857142857142844,0.06517857142857139
seq,primary,F,ndcg_at_3,0.07127226255724696,0.05481418600029349,0.08805257522490444,0.08658119670141473,0.052734395937213685,0.07450119503311245
seq,primary,F,ndcg_at_5,0.0669955903183638,0.05267400582108621,0.08138959084794183,0.07651950416751382,0.04849106097620498,0.0759762058113726
seq,primary,F,ndcg_at_10,0.05064968761316809,0.03754472693016804,0.06364258043137748,0.05775842881549881,0.03836384185214031,0.05582679217186515
seq,primary,G,average_precision,0.07579624806630315,0.0577365762139191,0.09444198133206821,0.09764628582946695,0.06655761533003622,0.06318484303940627
seq,primary,G,trapezoidal_pr_auc,0.07707447701476837,0.058705855916628503,0.09606969699225922,0.09986540478417742,0.06773534669387994,0.06362267956624773
seq,primary,G,roc_auc,0.035826350093109825,0.023316457169459976,0.04870591829608939,0.05210544692737423,0.03237779329608925,0.022995810055865984
seq,primary,G,recall_at_fpr_1pct,0.05708333333333334,0.03708333333333332,0.07874999999999997,0.07125000000000002,0.04125000000000001,0.05875
seq,primary,G,brier,0.0028171511176077204,0.0022112030277547635,0.0034442643536472207,0.003505568644020799,0.002549352213261677,0.0023965324955406847
seq,primary,G,log_loss,0.011445813435205723,0.008630314536760032,0.014301327525823276,0.015475283845751947,0.010067186011447155,0.008794970448418066
seq,primary,G,precision,0.2051388888888889,0.11596874999999993,0.2895833333333333,0.3145833333333333,0.08791666666666664,0.2129166666666667
seq,primary,G,recall,0.03208333333333334,0.021666666666666667,0.042916666666666665,0.04750000000000003,0.018749999999999992,0.03
seq,primary,G,f1,0.05417676164415295,0.036804727729999466,0.07197162538548407,0.08190264445699226,0.0308341694537347,0.049793471021731886
seq,primary,G,specificity,0.0003724394785847296,-0.00018621973929242955,0.0009543761638733383,-0.0005586592178770111,0.0009776536312848805,0.0006983240223463194
seq,primary,G,balanced_accuracy,0.016227886405959163,0.01089237081005583,0.021690264199255117,0.023470670391061654,0.009863826815642462,0.015349162011173367
seq,primary,G,mcc,0.07846586691378447,0.05353486886102209,0.1031216308954127,0.11773122821895626,0.04210065344749324,0.07556571907490392
seq,primary,G,map,0.06610519736347677,0.05106281714990435,0.08172766877779203,0.07852005839127621,0.05464736411885365,0.06514816958030042
seq,primary,G,mrr,0.06954664117477923,0.05255755861088713,0.0864316908964892,0.08813113907948342,0.054804368415264065,0.0657044160295902
seq,primary,G,recall_at_1,0.058630952380952374,0.04166666666666668,0.07648809523809523,0.07499999999999998,0.0433035714285714,0.05758928571428576
seq,primary,G,recall_at_3,0.0846726190476191,0.06338913690476188,0.10625000000000001,0.09866071428571427,0.07008928571428577,0.08526785714285723
seq,primary,G,recall_at_5,0.06696428571428564,0.044791666666666674,0.08898809523809521,0.08392857142857141,0.05669642857142848,0.06026785714285704
seq,primary,G,recall_at_10,0.03973214285714279,0.02232142857142862,0.05744047619047615,0.046428571428571375,0.047767857142857084,0.02499999999999991
seq,primary,G,ndcg_at_1,0.07708333333333332,0.05476190476190476,0.10029761904761902,0.09821428571428575,0.05892857142857133,0.07410714285714287
seq,primary,G,ndcg_at_3,0.07988413474725346,0.06096621377993162,0.09910454883799774,0.09453078415762733,0.06475385248896057,0.08036776759517247
seq,primary,G,ndcg_at_5,0.07255031640415492,0.05562778292681019,0.08975148949597349,0.08916431262141969,0.058881417180400686,0.06960521941064438
seq,primary,G,ndcg_at_10,0.06259856319058489,0.047828899161630904,0.07754264263422524,0.07520158393199078,0.055581423231960636,0.057012682407803245
seq,primary,final_all,average_precision,0.287723386667942,0.2680795169071111,0.3078064453231468,0.2833549620739067,0.2845285370759785,0.2952866608539407
seq,primary,final_all,trapezoidal_pr_auc,0.27467323460895904,0.25428885027971204,0.2953094185689782,0.27070339948082095,0.27069572962164384,0.2826205747244123
seq,primary,final_all,roc_auc,0.7461235257603973,0.7319963337988826,0.7600738477653631,0.7407984171322161,0.7467178770949721,0.7508542830540038
seq,primary,final_all,recall_at_fpr_1pct,0.1677777777777778,0.15055555555555555,0.18583333333333332,0.17,0.15916666666666668,0.17416666666666666
seq,primary,final_all,brier,0.04507807970835643,0.04442133036286724,0.04571198807106266,0.045318635316321354,0.045102611780417634,0.04481299202833031
seq,primary,final_all,log_loss,0.18131344539075933,0.1781159304562591,0.18450754996993288,0.1824959364172775,0.18146628342948298,0.17997811632551752
seq,primary,final_all,precision,0.6233333333333334,0.5446203703703704,0.7015763888888891,0.6330555555555556,0.6119444444444444,0.625
seq,primary,final_all,recall,0.06444444444444446,0.054722222222222235,0.07472222222222223,0.07166666666666667,0.06833333333333334,0.053333333333333344
seq,primary,final_all,f1,0.11414979706284055,0.09763361696676914,0.13139552227160917,0.12569587176108918,0.12004889554889557,0.09670462387853691
seq,primary,final_all,specificity,0.9985878336436994,0.9982153941651146,0.9989292364990687,0.9983240223463685,0.9982774674115454,0.9991620111731843
seq,primary,final_all,balanced_accuracy,0.531516139044072,0.5266623991309745,0.5366561724084419,0.5349953445065178,0.5333054003724395,0.5262476722532589
seq,primary,final_all,mcc,0.1850280560405461,0.1598579485694505,0.2106138563357579,0.1960529733390608,0.18838413943785548,0.17064705534472202
seq,primary,final_all,map,0.43500005558300064,0.41884551447068724,0.45020545009012963,0.42710162408672003,0.43547490426451363,0.4424236383977682
seq,primary,final_all,mrr,0.483233247578203,0.46656371755809506,0.4988843589456866,0.47721189326943714,0.48254887191836787,0.489938977546804
seq,primary,final_all,recall_at_1,0.24672619047619046,0.23114831349206347,0.26240079365079366,0.2431547619047619,0.24494047619047618,0.2520833333333333
seq,primary,final_all,recall_at_3,0.4479166666666667,0.4287648809523809,0.46686755952380943,0.437202380952381,0.4523809523809524,0.45416666666666666
seq,primary,final_all,recall_at_5,0.5620039682539683,0.5417658730158731,0.5817460317460318,0.5520833333333334,0.5690476190476189,0.5648809523809524
seq,primary,final_all,recall_at_10,0.7284722222222223,0.7087276785714286,0.7483134920634921,0.718154761904762,0.7247023809523809,0.7425595238095237
seq,primary,final_all,ndcg_at_1,0.33829365079365076,0.3192460317460317,0.3563541666666667,0.3339285714285714,0.33511904761904754,0.3458333333333334
seq,primary,final_all,ndcg_at_3,0.3957603660557571,0.37741930396001394,0.4131639096787884,0.38712149132319573,0.3977133002007198,0.40244630664335573
seq,primary,final_all,ndcg_at_5,0.44690727063025015,0.42882314422718437,0.4637082894911903,0.4385586655750462,0.4499613698700511,0.4522017764456532
seq,primary,final_all,ndcg_at_10,0.5057701727408582,0.48893791602133374,0.5220656298539632,0.49714929160210647,0.5050693716139515,0.5150918550065168
er,raw,O,average_precision,0.23071474023398056,0.2124818740561751,0.2504446069438972,0.20504975281118482,0.2523786709112372,0.23471579697951972
er,raw,O,trapezoidal_pr_auc,0.21873292093508143,0.20003607251987637,0.23896881475676426,0.19184875274042346,0.2416113601311129,0.2227386499337079
er,raw,O,roc_auc,0.6988134310986965,0.6836457896880819,0.7141423999068902,0.6878526536312849,0.7144011871508381,0.6941864525139665
er,raw,O,recall_at_fpr_1pct,0.12416666666666666,0.10666666666666667,0.14291666666666666,0.09125000000000003,0.1475,0.13374999999999998
er,raw,O,brier,0.04857471664194782,0.048077499531004535,0.04905268996420729,0.0492969157608677,0.047886276227173716,0.04854095793780204
er,raw,O,log_loss,0.27519707093977847,0.2676693486154768,0.2828303602323721,0.28682675079149944,0.2552333902691818,0.2835310717586541
er,raw,O,precision,0.3375000000000001,0.25,0.4291666666666667,0.225,0.42500000000000004,0.36250000000000004
er,raw,O,recall,0.022500000000000003,0.016666666666666666,0.02875,0.01125,0.03125000000000001,0.024999999999999998
er,raw,O,f1,0.04182037768994291,0.030997788443440616,0.053194169960474304,0.02142857142857143,0.05760399021268588,0.04642857142857143
er,raw,O,specificity,0.9995810055865922,0.9993482309124767,0.9997672253258845,0.9997905027932961,0.9996508379888268,0.9993016759776536
er,raw,O,balanced_accuracy,0.5110405027932962,0.5081238361266295,0.5141422253258846,0.5055202513966481,0.5154504189944135,0.5121508379888269
er,raw,O,mcc,0.08220518503502043,0.06084258177761455,0.10462300672465294,0.04849882667647667,0.10926064444338604,0.08885608398519856
er,raw,O,map,0.37672347165231246,0.3586917437591795,0.39480702258505185,0.3622648745952953,0.3926704802773345,0.3752350600843075
er,raw,O,mrr,0.4262409403947151,0.40695475097296746,0.4451231017843534,0.41484937951676626,0.44015862948199,0.423714812185389
er,raw,O,recall_at_1,0.20401785714285714,0.18719866071428568,0.22098214285714282,0.19419642857142855,0.21830357142857143,0.19955357142857144
er,raw,O,recall_at_3,0.37901785714285713,0.3572916666666666,0.4013392857142857,0.3651785714285714,0.3897321428571428,0.3821428571428571
er,raw,O,recall_at_5,0.4861607142857143,0.4617559523809524,0.5108630952380951,0.46919642857142857,0.515625,0.4736607142857143
er,raw,O,recall_at_10,0.6622023809523809,0.6401748511904762,0.684077380952381,0.6459821428571428,0.6812499999999999,0.6593749999999999
er,raw,O,ndcg_at_1,0.28065476190476185,0.26011904761904764,0.3008928571428571,0.2678571428571428,0.2946428571428571,0.2794642857142857
er,raw,O,ndcg_at_3,0.33197903541563606,0.3117882410322625,0.351940322062783,0.3179112230466213,0.344505973667614,0.33351990953267296
er,raw,O,ndcg_at_5,0.38045561898092295,0.35953500928653986,0.4011970347056716,0.36475404522555105,0.401278528763523,0.37533428295369475
er,raw,O,ndcg_at_10,0.4425166119380593,0.4232994354103161,0.461730692090384,0.42735329121316123,0.460337645785364,0.43985889881565265
er,raw,N,average_precision,0.25740421058136836,0.23873846363236084,0.27690968225626966,0.24360609700011673,0.2661798017039924,0.262426733039996
er,raw,N,trapezoidal_pr_auc,0.2442514281955038,0.2252301866437829,0.2640029121458196,0.23006364073165625,0.2531264454065876,0.2495641984482675
er,raw,N,roc_auc,0.7263378724394786,0.7120672718808192,0.7410079870810057,0.7171019553072626,0.7241847067039107,0.7377269553072627
er,raw,N,recall_at_fpr_1pct,0.14333333333333334,0.12748958333333332,0.1608333333333333,0.13,0.15625,0.14375
er,raw,N,brier,0.04847624955273517,0.04804475103234765,0.04888381543577825,0.04889104293619047,0.04799699736689891,0.04854070835511615
er,raw,N,log_loss,0.2619094801605434,0.2556355252526779,0.2684175876449948,0.27046858232683996,0.24678299434353418,0.268476863811256
er,raw,N,precision,0.13749999999999998,0.09583333333333333,0.18333333333333335,0.025,0.0875,0.3
er,raw,N,recall,0.010000000000000002,0.006666666666666668,0.013333333333333336,0.00125,0.0075000000000000015,0.021250000000000005
er,raw,N,f1,0.01850649350649351,0.012517135642135642,0.024603174603174603,0.0023809523809523807,0.013744588744588743,0.039393939393939405
er,raw,N,specificity,0.9997206703910614,0.9995810055865921,0.9998370577281191,1.0,0.9996508379888268,0.9995111731843574
er,raw,N,balanced_accuracy,0.5048603351955308,0.5032402234636871,0.5065270018621975,0.500625,0.5035754189944134,0.5103805865921788
er,raw,N,mcc,0.034617803104770146,0.023690461293281822,0.04587973869712457,0.0054474825665620395,0.023300042906237814,0.07510588384151058
er,raw,N,map,0.4109011942278418,0.3945830961577667,0.42757008453311374,0.3917613676383571,0.41289638084175184,0.42804583420341663
er,raw,N,mrr,0.45977485630786274,0.44110386555831405,0.47765658123658145,0.44392408540570016,0.45829332444633664,0.47710715907155143
er,raw,N,recall_at_1,0.22842261904761899,0.21235119047619047,0.2443452380952381,0.21026785714285712,0.23169642857142853,0.2433035714285714
er,raw,N,recall_at_3,0.4208333333333332,0.3998511904761905,0.44151785714285713,0.3924107142857143,0.42232142857142857,0.44776785714285705
er,raw,N,recall_at_5,0.5267857142857143,0.5075892857142857,0.546875,0.5080357142857143,0.5209821428571428,0.5513392857142857
er,raw,N,recall_at_10,0.6974702380952381,0.6785714285714285,0.7175595238095239,0.6843750000000001,0.6901785714285714,0.7178571428571429
er,raw,N,ndcg_at_1,0.3160714285714286,0.29404761904761906,0.33780505952380946,0.2991071428571429,0.3196428571428571,0.32946428571428577
er,raw,N,ndcg_at_3,0.3704442557510692,0.3509163912619643,0.38970499659279706,0.3460132169918292,0.3727854142950662,0.39253413596631226
er,raw,N,ndcg_at_5,0.41787332924329906,0.4001064284187717,0.4362223717350235,0.3981214414558396,0.4170999590557334,0.4383985872183243
er,raw,N,ndcg_at_10,0.4782747682872579,0.4611206195101327,0.49580457179824233,0.46072875445024575,0.47693129385567173,0.4971642565558563
er,raw,Z,average_precision,0.2553133709147081,0.23524532281690538,0.277380159501921,0.22383712557320184,0.2868743274901457,0.25522865968077674
er,raw,Z,trapezoidal_pr_auc,0.24188108189922164,0.22139381673018246,0.2645776577080217,0.20924567318742393,0.2728117318029665,0.24358584070727457
er,raw,Z,roc_auc,0.7230249068901303,0.7073540502793298,0.7394918237895718,0.6962430167597766,0.7388722067039106,0.7339594972067041
er,raw,Z,recall_at_fpr_1pct,0.15083333333333335,0.13,0.17333333333333334,0.12499999999999997,0.19000000000000003,0.1375
er,raw,Z,brier,0.0478089958472216,0.04717976737776013,0.048371747441024245,0.04864129027000897,0.04677093472880235,0.04801476254285347
er,raw,Z,log_loss,0.25954371103432866,0.25186550210561165,0.26682292748042863,0.27133421307930583,0.24051417737161201,0.26678274265206803
er,raw,Z,precision,0.27499999999999997,0.19166666666666665,0.3666666666666667,0.05,0.175,0.6
er,raw,Z,recall,0.020000000000000004,0.013333333333333336,0.026666666666666672,0.0025,0.015000000000000003,0.04250000000000001
er,raw,Z,f1,0.03701298701298702,0.025034271284271284,0.049206349206349205,0.0047619047619047615,0.027489177489177487,0.07878787878787881
er,raw,Z,specificity,0.9994413407821229,0.9991620111731843,0.9996741154562384,1.0,0.9993016759776536,0.9990223463687149
er,raw,Z,balanced_accuracy,0.5097206703910614,0.5064804469273744,0.5130540037243949,0.50125,0.5071508379888268,0.5207611731843576
er,raw,Z,mcc,0.06923560620954029,0.047380922586563644,0.09175947739424914,0.010894965133124079,0.04660008581247563,0.15021176768302116
er,raw,Z,map,0.41007973062490083,0.39170734957166803,0.42929284761033043,0.3711705140959799,0.4400482789995282,0.4190203987791943
er,raw,Z,mrr,0.45864928168374847,0.4388806649888426,0.47912696531776855,0.41658834551153634,0.4859131303087361,0.47344636923097305
er,raw,Z,recall_at_1,0.22857142857142856,0.21160714285714285,0.24613095238095237,0.19017857142857142,0.2607142857142857,0.2348214285714286
er,raw,Z,recall_at_3,0.4226190476190476,0.3994047619047619,0.4467261904761905,0.3732142857142857,0.45000000000000007,0.444642857142857
er,raw,Z,recall_at_5,0.5205357142857142,0.4961235119047619,0.5458333333333333,0.475,0.5357142857142855,0.5508928571428571
er,raw,Z,recall_at_10,0.6916666666666668,0.6681473214285714,0.7154836309523809,0.6580357142857144,0.6982142857142857,0.71875
er,raw,Z,ndcg_at_1,0.31488095238095243,0.2910714285714286,0.33869047619047615,0.2696428571428572,0.35535714285714287,0.31964285714285723
er,raw,Z,ndcg_at_3,0.37123929151918333,0.34995342981651956,0.39308146957248974,0.3250243454060294,0.40301267054453405,0.38568085860698653
er,raw,Z,ndcg_at_5,0.4153400619844195,0.3944288478748944,0.4367544923604109,0.37107862471264214,0.4420147276255967,0.43292683361501966
er,raw,Z,ndcg_at_10,0.47561259662840655,0.4567743211009438,0.4957550645551541,0.43542958355344485,0.49954308769831657,0.4918651186334581
er,raw,F_first,average_precision,0.09165068507308416,0.06801334390027287,0.1151335045623453,0.11322309403580452,0.06727145725345829,0.09445750392998964
er,raw,F_first,trapezoidal_pr_auc,0.08960768061654574,0.06489018328746365,0.11380672730417021,0.11173768934122497,0.06348070721591437,0.09360464529249793
er,raw,F_first,roc_auc,0.07411429236499063,0.05660739641526998,0.09156389664804467,0.07460893854748596,0.06617667597765364,0.08155726256983231
er,raw,F_first,recall_at_fpr_1pct,0.06500000000000002,0.037500000000000026,0.09333333333333334,0.09749999999999996,0.017499999999999988,0.0800000000000001
er,raw,F_first,brier,-0.0015415565113476558,-0.0020971577601818026,-0.0010133145176019903,2.3739963802546504e-05,-0.0009320294472793256,-0.0037163800505661884
er,raw,F_first,log_loss,0.017391100552903233,0.01097415388231673,0.023658514318081605,0.05026280715622966,0.030375119233048697,-0.028464624730568655
er,raw,F_first,precision,-0.39999999999999997,-0.5138888888888888,-0.2916666666666667,-0.2,-0.55,-0.45
er,raw,F_first,recall,-0.027500000000000007,-0.035833333333333335,-0.02,-0.01,-0.04250000000000001,-0.03
er,raw,F_first,f1,-0.050956772695903145,-0.0661680469289165,-0.03695189472363387,-0.019047619047619046,-0.07797854319593453,-0.05584415584415584
er,raw,F_first,specificity,0.0003258845437616638,9.310986964620554e-05,0.0006052141527002434,0.0,0.0006983240223463749,0.0002793296089386166
er,raw,F_first,balanced_accuracy,-0.013587057728119264,-0.017753724394785918,-0.009789920856610831,-0.0050000000000001155,-0.020900837988826915,-0.01486033519553076
er,raw,F_first,mcc,-0.0993673493663381,-0.12730205034230285,-0.0721267490874253,-0.043579860532496316,-0.14408486244725255,-0.11043732511926545
er,raw,F_first,map,0.11121843986215463,0.08884520276000885,0.13302097314510722,0.13376652461512756,0.09112031751977823,0.1087684774515581
er,raw,F_first,mrr,0.11087197770593499,0.08629003215883245,0.13487145642498144,0.13378127598720213,0.09167567128866244,0.10715898584194039
er,raw,F_first,recall_at_1,0.09404761904761905,0.06815476190476194,0.11815476190476192,0.11785714285714283,0.07232142857142856,0.09196428571428578
er,raw,F_first,recall_at_3,0.13095238095238101,0.10238095238095242,0.15892857142857142,0.1607142857142857,0.11875000000000008,0.11339285714285724
er,raw,F_first,recall_at_5,0.131547619047619,0.0994047619047619,0.16369047619047614,0.15089285714285716,0.11160714285714268,0.13214285714285712
er,raw,F_first,recall_at_10,0.09077380952380958,0.06190476190476202,0.1184523809523809,0.086607142857143,0.07499999999999996,0.11071428571428577
er,raw,F_first,ndcg_at_1,0.12023809523809526,0.08809523809523812,0.15178571428571422,0.15178571428571427,0.09285714285714292,0.11607142857142855
er,raw,F_first,ndcg_at_3,0.12523322966773773,0.09924389203924944,0.1505934935760199,0.15328674915308854,0.10814259483859734,0.11427034501152733
er,raw,F_first,ndcg_at_5,0.12526540538711187,0.09954062476691326,0.15037376974512928,0.14930079565765508,0.10609321017452011,0.12040221032916038
er,raw,F_first,ndcg_at_10,0.11080555063648216,0.08814597145736755,0.13290774752323165,0.1272530555703295,0.09154665477032231,0.11361694156879465
er,raw,F,average_precision,0.06418731926740968,0.04872898299018817,0.07918557324412877,0.08134686296186355,0.037854911669027436,0.07336018317133805
er,raw,F,trapezoidal_pr_auc,0.063046613874492,0.04678341684535241,0.07895258223829522,0.08148433588796139,0.03561323077818683,0.07204227495732778
er,raw,F,roc_auc,0.05253433426443199,0.039918077863128405,0.06514740456238369,0.054752094972066956,0.035815293296089346,0.06703561452513968
er,raw,F,recall_at_fpr_1pct,0.04125,0.02375,0.058750000000000024,0.06374999999999997,0.0037499999999999964,0.056250000000000036
er,raw,F,brier,-0.0009292866270453545,-0.0013221559850498648,-0.0005534679378386187,-5.465631672182253e-05,-0.0009178256197282728,-0.0018153779446859683
er,raw,F,log_loss,0.014877197067718895,0.010203492015051448,0.01965374074511285,0.02927934772596072,0.016713062725963013,-0.0013608192487670479
er,raw,F,precision,-0.3375000000000001,-0.4291666666666667,-0.25,-0.225,-0.42500000000000004,-0.36250000000000004
er,raw,F,recall,-0.022500000000000003,-0.02875,-0.016666666666666666,-0.01125,-0.03125000000000001,-0.024999999999999998
er,raw,F,f1,-0.04182037768994291,-0.05319416996047432,-0.03099778844344062,-0.02142857142857143,-0.05760399021268588,-0.04642857142857143
er,raw,F,specificity,0.00041899441340783233,0.0002327746741154768,0.0006517690875233092,0.00020949720670387917,0.00034916201117318746,0.0006983240223464304
er,raw,F,balanced_accuracy,-0.011040502793296159,-0.014142225325884588,-0.008123836126629444,-0.005520251396648135,-0.015450418994413462,-0.01215083798882688
er,raw,F,mcc,-0.08220518503502043,-0.10462300672465295,-0.06084258177761458,-0.04849882667647667,-0.10926064444338604,-0.08885608398519856
er,raw,F,map,0.07332397024353506,0.05875709687595082,0.08812934110431808,0.08248771887927206,0.04685573523915748,0.09062845661217564
er,raw,F,mrr,0.07217448680449343,0.05706917552438816,0.08785206053153949,0.08222695495843588,0.048716032732763176,0.08558047272228123
er,raw,F,recall_at_1,0.05699404761904761,0.040624999999999994,0.07321428571428569,0.06517857142857142,0.03080357142857143,0.07499999999999998
er,raw,F,recall_at_3,0.08824404761904765,0.0693452380952381,0.10773809523809524,0.09508928571428574,0.07098214285714288,0.09866071428571432
er,raw,F,recall_at_5,0.09241071428571428,0.07202380952380953,0.11398809523809522,0.1026785714285714,0.06160714285714283,0.11294642857142856
er,raw,F,recall_at_10,0.06517857142857146,0.04806175595238105,0.08244047619047623,0.06830357142857146,0.04330357142857144,0.08392857142857146
er,raw,F,ndcg_at_1,0.07619047619047621,0.05713541666666663,0.09583333333333337,0.08928571428571432,0.046428571428571486,0.09285714285714283
er,raw,F,ndcg_at_3,0.08234481223520683,0.0650185677910363,0.09965682010638564,0.09101956018821641,0.05994416248250134,0.09607071403490272
er,raw,F,ndcg_at_5,0.08380366770465242,0.06751949809566944,0.10048714543663566,0.09440004778424232,0.05599852964343002,0.10101242568628488
er,raw,F,ndcg_at_10,0.074424869272193,0.060284580906263666,0.08907421505464681,0.08273642007722584,0.048612892092382454,0.09192529564697069
er,raw,G,average_precision,0.04074368003131632,0.02704117587270135,0.05510074400370554,0.03523636381698883,0.05835115754917858,0.028643518727781564
er,raw,G,trapezoidal_pr_auc,0.041838052931591894,0.027952942208200562,0.05620712829437744,0.03654325138332165,0.05995465179316392,0.02901625561829009
er,raw,G,roc_auc,0.02344564711359402,0.013572349278398515,0.03362158112197388,0.02519902234636867,0.028646997206703773,0.01649092178770961
er,raw,G,recall_at_fpr_1pct,0.026249999999999985,0.012083333333333323,0.04208333333333333,0.009999999999999981,0.046249999999999986,0.022499999999999992
er,raw,G,brier,0.0018913316466731753,0.0015890126481698835,0.00221158521505025,0.0015154410583959957,0.0018437656285284244,0.0023147882530951056
er,raw,G,log_loss,0.0106918256768059,0.006880941375790306,0.014614098369570084,-0.0005617744334669994,0.00463056332844862,0.02800668813543608
er,raw,G,precision,0.13749999999999998,0.09583333333333333,0.18333333333333335,0.025,0.0875,0.3
er,raw,G,recall,0.010000000000000002,0.006666666666666668,0.013333333333333336,0.00125,0.0075000000000000015,0.021250000000000005
er,raw,G,f1,0.01850649350649351,0.012517135642135642,0.024603174603174603,0.0023809523809523807,0.013744588744588743,0.039393939393939405
er,raw,G,specificity,-0.00027932960893857955,-0.00041899441340788785,-0.00016294227188081342,0.0,-0.00034916201117318746,-0.0004888268156425513
er,raw,G,balanced_accuracy,0.004860335195530714,0.003240223463687167,0.0065270018621974195,0.0006249999999999867,0.003575418994413382,0.010380586592178775
er,raw,G,mcc,0.034617803104770146,0.023690461293281822,0.04587973869712457,0.0054474825665620395,0.023300042906237814,0.07510588384151058
er,raw,G,map,0.03529269289067156,0.021133951373262204,0.049654786942565754,0.02499351460124996,0.04094273636547002,0.0399418277052947
er,raw,G,mrr,0.03985460299107246,0.0238209611472999,0.055975160249072294,0.031355149480572164,0.044982219391173,0.043226440101472224
er,raw,G,recall_at_1,0.029464285714285696,0.013839285714285715,0.04583333333333334,0.012946428571428553,0.03660714285714284,0.0388392857142857
er,raw,G,recall_at_3,0.04553571428571426,0.026488095238095245,0.06473214285714281,0.02991071428571429,0.051339285714285754,0.055357142857142744
er,raw,G,recall_at_5,0.029315476190476152,0.010416666666666657,0.0486607142857142,0.028571428571428553,0.029017857142857095,0.030357142857142805
er,raw,G,recall_at_10,0.025595238095238115,0.01011904761904762,0.04226562500000007,0.020982142857142838,0.03794642857142866,0.01785714285714285
er,raw,G,ndcg_at_1,0.04494047619047622,0.025297619047619038,0.06517857142857143,0.03214285714285714,0.051785714285714296,0.05089285714285721
er,raw,G,ndcg_at_3,0.04348289677455067,0.02612918468700782,0.060896979419563346,0.029005912053609084,0.049379453218289404,0.05206332505175351
er,raw,G,ndcg_at_5,0.03643757795189589,0.02024177912042524,0.05255591448798461,0.02887799782142661,0.039783442312556205,0.04065129372170484
er,raw,G,ndcg_at_10,0.03517777348222337,0.021232938430005167,0.049363443124545325,0.026469148497496986,0.04303467750583828,0.036029494443334836
er,raw,final_all,average_precision,0.23891428379422308,0.22223438996605466,0.2565656104558018,0.2113122103985238,0.26387722310420675,0.2415534178799387
er,raw,final_all,trapezoidal_pr_auc,0.22644897458979482,0.20935311231053508,0.24449168829285572,0.19764772622275695,0.25201148402173074,0.22968771352489678
er,raw,final_all,roc_auc,0.7068839230291745,0.6936133903631285,0.7204267632681564,0.6906494413407822,0.7225581936685289,0.7074441340782124
er,raw,final_all,recall_at_fpr_1pct,0.13305555555555557,0.11777777777777777,0.14916666666666667,0.1025,0.16166666666666665,0.13499999999999998
er,raw,final_all,brier,0.04831947637703909,0.047850815206661894,0.0487570309247624,0.049078373930581454,0.0475144957277166,0.048365559472819196
er,raw,final_all,log_loss,0.2699792843046285,0.2633378732732878,0.2766897496580323,0.28166257155410157,0.25032698596999187,0.2779482953897921
er,raw,final_all,precision,0.3166666666666667,0.24537037037037035,0.39166666666666666,0.16666666666666666,0.34166666666666673,0.44166666666666665
er,raw,final_all,recall,0.021666666666666667,0.016666666666666666,0.026944444444444448,0.008333333333333333,0.025833333333333337,0.030833333333333334
er,raw,final_all,f1,0.040217914130957606,0.031030648095865487,0.04996086642825772,0.015873015873015872,0.04756571930484974,0.05721500721500722
er,raw,final_all,specificity,0.999534450651769,0.9993482309124766,0.9997051520794537,0.9998603351955307,0.999534450651769,0.9992085661080073
er,raw,final_all,balanced_accuracy,0.5106005586592178,0.508092799503414,0.5132627250155183,0.5040968342644321,0.5126838919925513,0.5150209497206705
er,raw,final_all,mcc,0.0778819920931937,0.05994168257297509,0.09670919763517512,0.0359642061620258,0.08837379156641591,0.10930797855113943
er,raw,final_all,map,0.3878422246431752,0.37244886635915064,0.4027733061870138,0.36523342109552354,0.40846307985139907,0.3898301729826031
er,raw,final_all,mrr,0.4370437208243929,0.42033993112348766,0.45274452875590016,0.41542903484835625,0.45541012975757206,0.4402919978672504
er,raw,final_all,recall_at_1,0.21220238095238095,0.19811507936507936,0.22649057539682538,0.19285714285714284,0.23244047619047614,0.2113095238095238
er,raw,final_all,recall_at_3,0.3935515873015873,0.3740079365079365,0.413095238095238,0.3678571428571429,0.40982142857142856,0.40297619047619043
er,raw,final_all,recall_at_5,0.4976190476190476,0.47767857142857145,0.5174603174603175,0.4711309523809524,0.5223214285714285,0.4994047619047619
er,raw,final_all,recall_at_10,0.6720238095238095,0.6529761904761905,0.6912698412698411,0.65,0.6869047619047618,0.6791666666666666
er,raw,final_all,ndcg_at_1,0.2920634920634921,0.2742063492063492,0.30932539682539684,0.26845238095238094,0.3148809523809524,0.29285714285714287
er,raw,final_all,ndcg_at_3,0.34506578745015176,0.3274622338035534,0.3623029566512667,0.32028226383309066,0.3640082059599206,0.3509068925574441
er,raw,final_all,ndcg_at_5,0.39208376664875516,0.3744880210184839,0.4090026801301452,0.36686223838791476,0.4148572617175476,0.39453179984080305
er,raw,final_all,ndcg_at_10,0.4535486068348417,0.43681496393632185,0.46958803091593243,0.4300453886599224,0.4734061264230149,0.45719430542158784
er,stage-cal,O,average_precision,0.23071474023398056,0.2124818740561751,0.2504446069438972,0.20504975281118482,0.2523786709112372,0.23471579697951972
er,stage-cal,O,trapezoidal_pr_auc,0.21873292093508143,0.20003607251987637,0.23896881475676426,0.19184875274042346,0.2416113601311129,0.2227386499337079
er,stage-cal,O,roc_auc,0.6988134310986965,0.6836457896880819,0.7141423999068902,0.6878526536312849,0.7144011871508381,0.6941864525139665
er,stage-cal,O,recall_at_fpr_1pct,0.12416666666666666,0.10666666666666667,0.14291666666666666,0.09125000000000003,0.1475,0.13374999999999998
er,stage-cal,O,brier,0.04714374589275639,0.04666456768668028,0.04761218233138384,0.04768589227782753,0.04659684863626043,0.04714849676418121
er,stage-cal,O,log_loss,0.19267747218787687,0.18962560762766761,0.19569652989201103,0.19657401311259265,0.18951309574040642,0.1919453077106315
er,stage-cal,O,precision,0.0,0.0,0.0,0.0,0.0,0.0
er,stage-cal,O,recall,0.0,0.0,0.0,0.0,0.0,0.0
er,stage-cal,O,f1,0.0,0.0,0.0,0.0,0.0,0.0
er,stage-cal,O,specificity,1.0,1.0,1.0,1.0,1.0,1.0
er,stage-cal,O,balanced_accuracy,0.5,0.5,0.5,0.5,0.5,0.5
er,stage-cal,O,mcc,0.0,0.0,0.0,0.0,0.0,0.0
er,stage-cal,O,map,0.37672347165231246,0.3586917437591795,0.39480702258505185,0.3622648745952953,0.3926704802773345,0.3752350600843075
er,stage-cal,O,mrr,0.4262409403947151,0.40695475097296746,0.4451231017843534,0.41484937951676626,0.44015862948199,0.423714812185389
er,stage-cal,O,recall_at_1,0.20401785714285714,0.18719866071428568,0.22098214285714282,0.19419642857142855,0.21830357142857143,0.19955357142857144
er,stage-cal,O,recall_at_3,0.37901785714285713,0.3572916666666666,0.4013392857142857,0.3651785714285714,0.3897321428571428,0.3821428571428571
er,stage-cal,O,recall_at_5,0.4861607142857143,0.4617559523809524,0.5108630952380951,0.46919642857142857,0.515625,0.4736607142857143
er,stage-cal,O,recall_at_10,0.6622023809523809,0.6401748511904762,0.684077380952381,0.6459821428571428,0.6812499999999999,0.6593749999999999
er,stage-cal,O,ndcg_at_1,0.28065476190476185,0.26011904761904764,0.3008928571428571,0.2678571428571428,0.2946428571428571,0.2794642857142857
er,stage-cal,O,ndcg_at_3,0.33197903541563606,0.3117882410322625,0.351940322062783,0.3179112230466213,0.344505973667614,0.33351990953267296
er,stage-cal,O,ndcg_at_5,0.38045561898092295,0.35953500928653986,0.4011970347056716,0.36475404522555105,0.401278528763523,0.37533428295369475
er,stage-cal,O,ndcg_at_10,0.4425166119380593,0.4232994354103161,0.461730692090384,0.42735329121316123,0.460337645785364,0.43985889881565265
er,stage-cal,N,average_precision,0.25740421058136836,0.23873846363236084,0.27690968225626966,0.24360609700011673,0.2661798017039924,0.262426733039996
er,stage-cal,N,trapezoidal_pr_auc,0.2442514281955038,0.2252301866437829,0.2640029121458196,0.23006364073165625,0.2531264454065876,0.2495641984482675
er,stage-cal,N,roc_auc,0.7263378724394786,0.7120672718808192,0.7410079870810057,0.7171019553072626,0.7241847067039107,0.7377269553072627
er,stage-cal,N,recall_at_fpr_1pct,0.14333333333333334,0.12748958333333332,0.1608333333333333,0.13,0.15625,0.14375
er,stage-cal,N,brier,0.04630233047602128,0.045838373052087225,0.046742006169888196,0.0465057252143371,0.04629920001395079,0.046102066199775936
er,stage-cal,N,log_loss,0.18627806925219084,0.1834574172544809,0.18894733654098053,0.18834640349387044,0.18619041028729869,0.18429739397540348
er,stage-cal,N,precision,0.0,0.0,0.0,0.0,0.0,0.0
er,stage-cal,N,recall,0.0,0.0,0.0,0.0,0.0,0.0
er,stage-cal,N,f1,0.0,0.0,0.0,0.0,0.0,0.0
er,stage-cal,N,specificity,1.0,1.0,1.0,1.0,1.0,1.0
er,stage-cal,N,balanced_accuracy,0.5,0.5,0.5,0.5,0.5,0.5
er,stage-cal,N,mcc,0.0,0.0,0.0,0.0,0.0,0.0
er,stage-cal,N,map,0.4109011942278418,0.3945830961577667,0.42757008453311374,0.3917613676383571,0.41289638084175184,0.42804583420341663
er,stage-cal,N,mrr,0.45977485630786274,0.44110386555831405,0.47765658123658145,0.44392408540570016,0.45829332444633664,0.47710715907155143
er,stage-cal,N,recall_at_1,0.22842261904761899,0.21235119047619047,0.2443452380952381,0.21026785714285712,0.23169642857142853,0.2433035714285714
er,stage-cal,N,recall_at_3,0.4208333333333332,0.3998511904761905,0.44151785714285713,0.3924107142857143,0.42232142857142857,0.44776785714285705
er,stage-cal,N,recall_at_5,0.5267857142857143,0.5075892857142857,0.546875,0.5080357142857143,0.5209821428571428,0.5513392857142857
er,stage-cal,N,recall_at_10,0.6974702380952381,0.6785714285714285,0.7175595238095239,0.6843750000000001,0.6901785714285714,0.7178571428571429
er,stage-cal,N,ndcg_at_1,0.3160714285714286,0.29404761904761906,0.33780505952380946,0.2991071428571429,0.3196428571428571,0.32946428571428577
er,stage-cal,N,ndcg_at_3,0.3704442557510692,0.3509163912619643,0.38970499659279706,0.3460132169918292,0.3727854142950662,0.39253413596631226
er,stage-cal,N,ndcg_at_5,0.41787332924329906,0.4001064284187717,0.4362223717350235,0.3981214414558396,0.4170999590557334,0.4383985872183243
er,stage-cal,N,ndcg_at_10,0.4782747682872579,0.4611206195101327,0.49580457179824233,0.46072875445024575,0.47693129385567173,0.4971642565558563
er,stage-cal,Z,average_precision,0.2553133709147081,0.23524532281690538,0.277380159501921,0.22383712557320184,0.2868743274901457,0.25522865968077674
er,stage-cal,Z,trapezoidal_pr_auc,0.24188108189922164,0.22139381673018246,0.2645776577080217,0.20924567318742393,0.2728117318029665,0.24358584070727457
er,stage-cal,Z,roc_auc,0.7230249068901303,0.7073540502793298,0.7394918237895718,0.6962430167597766,0.7388722067039106,0.7339594972067041
er,stage-cal,Z,recall_at_fpr_1pct,0.15083333333333335,0.13,0.17333333333333334,0.12499999999999997,0.19000000000000003,0.1375
er,stage-cal,Z,brier,0.04627933055942288,0.04569227572102643,0.04681087626914797,0.047088105489066806,0.045447531445085086,0.046302354744116724
er,stage-cal,Z,log_loss,0.18709266476620948,0.183659217737556,0.19023033441089965,0.1927230461209059,0.18298961291361318,0.18556533526410934
er,stage-cal,Z,precision,0.0,0.0,0.0,0.0,0.0,0.0
er,stage-cal,Z,recall,0.0,0.0,0.0,0.0,0.0,0.0
er,stage-cal,Z,f1,0.0,0.0,0.0,0.0,0.0,0.0
er,stage-cal,Z,specificity,1.0,1.0,1.0,1.0,1.0,1.0
er,stage-cal,Z,balanced_accuracy,0.5,0.5,0.5,0.5,0.5,0.5
er,stage-cal,Z,mcc,0.0,0.0,0.0,0.0,0.0,0.0
er,stage-cal,Z,map,0.41007973062490083,0.39170734957166803,0.42929284761033043,0.3711705140959799,0.4400482789995282,0.4190203987791943
er,stage-cal,Z,mrr,0.45864928168374847,0.4388806649888426,0.47912696531776855,0.41658834551153634,0.4859131303087361,0.47344636923097305
er,stage-cal,Z,recall_at_1,0.22857142857142856,0.21160714285714285,0.24613095238095237,0.19017857142857142,0.2607142857142857,0.2348214285714286
er,stage-cal,Z,recall_at_3,0.4226190476190476,0.3994047619047619,0.4467261904761905,0.3732142857142857,0.45000000000000007,0.444642857142857
er,stage-cal,Z,recall_at_5,0.5205357142857142,0.4961235119047619,0.5458333333333333,0.475,0.5357142857142855,0.5508928571428571
er,stage-cal,Z,recall_at_10,0.6916666666666668,0.6681473214285714,0.7154836309523809,0.6580357142857144,0.6982142857142857,0.71875
er,stage-cal,Z,ndcg_at_1,0.31488095238095243,0.2910714285714286,0.33869047619047615,0.2696428571428572,0.35535714285714287,0.31964285714285723
er,stage-cal,Z,ndcg_at_3,0.37123929151918333,0.34995342981651956,0.39308146957248974,0.3250243454060294,0.40301267054453405,0.38568085860698653
er,stage-cal,Z,ndcg_at_5,0.4153400619844195,0.3944288478748944,0.4367544923604109,0.37107862471264214,0.4420147276255967,0.43292683361501966
er,stage-cal,Z,ndcg_at_10,0.47561259662840655,0.4567743211009438,0.4957550645551541,0.43542958355344485,0.49954308769831657,0.4918651186334581
er,stage-cal,F_first,average_precision,0.09165068507308416,0.06801334390027287,0.1151335045623453,0.11322309403580452,0.06727145725345829,0.09445750392998964
er,stage-cal,F_first,trapezoidal_pr_auc,0.08960768061654574,0.06489018328746365,0.11380672730417021,0.11173768934122497,0.06348070721591437,0.09360464529249793
er,stage-cal,F_first,roc_auc,0.07411429236499063,0.05660739641526998,0.09156389664804467,0.07460893854748596,0.06617667597765364,0.08155726256983231
er,stage-cal,F_first,recall_at_fpr_1pct,0.06500000000000002,0.037500000000000026,0.09333333333333334,0.09749999999999996,0.017499999999999988,0.0800000000000001
er,stage-cal,F_first,brier,0.003640369802952903,0.002995831573608715,0.004316202517929241,0.004009647184721549,0.002844138117960207,0.004067324106176953
er,stage-cal,F_first,log_loss,0.019895172558414425,0.01670230074737337,0.023134285829216564,0.02264789830900496,0.01744058669124937,0.01959703267498894
er,stage-cal,F_first,precision,0.5727777777777777,0.46915972222222224,0.6763888888888888,0.5,0.5841666666666667,0.6341666666666667
er,stage-cal,F_first,recall,0.07,0.055833333333333346,0.08416666666666667,0.034999999999999996,0.07500000000000001,0.1
er,stage-cal,F_first,f1,0.1217561954953259,0.09860426077545642,0.14536047979797972,0.06455862977602109,0.13036768304159607,0.17034227366836058
er,stage-cal,F_first,specificity,-0.0015828677839852718,-0.0020949720670392358,-0.0011173184357542443,-0.0002793296089386166,-0.0023743016759777413,-0.002094972067039458
er,stage-cal,F_first,balanced_accuracy,0.03420856610800749,0.027308601024208595,0.041339618249534464,0.01736033519553082,0.036312849162011274,0.04895251396648037
er,stage-cal,F_first,mcc,0.1849953641287145,0.1508063473520904,0.21858133762760174,0.12518029451851675,0.1931005871978488,0.23670521066977787
er,stage-cal,F_first,map,0.11121843986215463,0.08884520276000885,0.13302097314510722,0.13376652461512756,0.09112031751977823,0.1087684774515581
er,stage-cal,F_first,mrr,0.11087197770593499,0.08629003215883245,0.13487145642498144,0.13378127598720213,0.09167567128866244,0.10715898584194039
er,stage-cal,F_first,recall_at_1,0.09404761904761905,0.06815476190476194,0.11815476190476192,0.11785714285714283,0.07232142857142856,0.09196428571428578
er,stage-cal,F_first,recall_at_3,0.13095238095238101,0.10238095238095242,0.15892857142857142,0.1607142857142857,0.11875000000000008,0.11339285714285724
er,stage-cal,F_first,recall_at_5,0.131547619047619,0.0994047619047619,0.16369047619047614,0.15089285714285716,0.11160714285714268,0.13214285714285712
er,stage-cal,F_first,recall_at_10,0.09077380952380958,0.06190476190476202,0.1184523809523809,0.086607142857143,0.07499999999999996,0.11071428571428577
er,stage-cal,F_first,ndcg_at_1,0.12023809523809526,0.08809523809523812,0.15178571428571422,0.15178571428571427,0.09285714285714292,0.11607142857142855
er,stage-cal,F_first,ndcg_at_3,0.12523322966773773,0.09924389203924944,0.1505934935760199,0.15328674915308854,0.10814259483859734,0.11427034501152733
er,stage-cal,F_first,ndcg_at_5,0.12526540538711187,0.09954062476691326,0.15037376974512928,0.14930079565765508,0.10609321017452011,0.12040221032916038
er,stage-cal,F_first,ndcg_at_10,0.11080555063648216,0.08814597145736755,0.13290774752323165,0.1272530555703295,0.09154665477032231,0.11361694156879465
er,stage-cal,F,average_precision,0.06418731926740968,0.04872898299018817,0.07918557324412877,0.08134686296186355,0.037854911669027436,0.07336018317133805
er,stage-cal,F,trapezoidal_pr_auc,0.063046613874492,0.04678341684535241,0.07895258223829522,0.08148433588796139,0.03561323077818683,0.07204227495732778
er,stage-cal,F,roc_auc,0.05253433426443199,0.039918077863128405,0.06514740456238369,0.054752094972066956,0.035815293296089346,0.06703561452513968
er,stage-cal,F,recall_at_fpr_1pct,0.04125,0.02375,0.058750000000000024,0.06374999999999997,0.0037499999999999964,0.056250000000000036
er,stage-cal,F,brier,0.0023205887277019874,0.0019211247875428625,0.0027298362351946296,0.0027189777421584745,0.0013983074950496277,0.00284448094589786
er,stage-cal,F,log_loss,0.013781618433414472,0.011471387076831643,0.016165942633492233,0.015913944918859974,0.009877373099169584,0.015553537282213856
er,stage-cal,F,precision,0.28638888888888886,0.23457986111111112,0.3381944444444444,0.25,0.29208333333333336,0.31708333333333333
er,stage-cal,F,recall,0.035,0.027916666666666673,0.042083333333333334,0.017499999999999998,0.037500000000000006,0.05
er,stage-cal,F,f1,0.06087809774766295,0.04930213038772821,0.07268023989898986,0.032279314888010543,0.06518384152079804,0.08517113683418029
er,stage-cal,F,specificity,-0.0007914338919926359,-0.0010474860335196179,-0.0005586592178771221,-0.0001396648044693083,-0.0011871508379888707,-0.001047486033519729
er,stage-cal,F,balanced_accuracy,0.017104283054003744,0.013654300512104298,0.020669809124767232,0.00868016759776541,0.018156424581005637,0.024476256983240186
er,stage-cal,F,mcc,0.09249768206435725,0.0754031736760452,0.10929066881380087,0.06259014725925838,0.0965502935989244,0.11835260533488894
er,stage-cal,F,map,0.07332397024353506,0.05875709687595082,0.08812934110431808,0.08248771887927206,0.04685573523915748,0.09062845661217564
er,stage-cal,F,mrr,0.07217448680449343,0.05706917552438816,0.08785206053153949,0.08222695495843588,0.048716032732763176,0.08558047272228123
er,stage-cal,F,recall_at_1,0.05699404761904761,0.040624999999999994,0.07321428571428569,0.06517857142857142,0.03080357142857143,0.07499999999999998
er,stage-cal,F,recall_at_3,0.08824404761904765,0.0693452380952381,0.10773809523809524,0.09508928571428574,0.07098214285714288,0.09866071428571432
er,stage-cal,F,recall_at_5,0.09241071428571428,0.07202380952380953,0.11398809523809522,0.1026785714285714,0.06160714285714283,0.11294642857142856
er,stage-cal,F,recall_at_10,0.06517857142857146,0.04806175595238105,0.08244047619047623,0.06830357142857146,0.04330357142857144,0.08392857142857146
er,stage-cal,F,ndcg_at_1,0.07619047619047621,0.05713541666666663,0.09583333333333337,0.08928571428571432,0.046428571428571486,0.09285714285714283
er,stage-cal,F,ndcg_at_3,0.08234481223520683,0.0650185677910363,0.09965682010638564,0.09101956018821641,0.05994416248250134,0.09607071403490272
er,stage-cal,F,ndcg_at_5,0.08380366770465242,0.06751949809566944,0.10048714543663566,0.09440004778424232,0.05599852964343002,0.10101242568628488
er,stage-cal,F,ndcg_at_10,0.074424869272193,0.060284580906263666,0.08907421505464681,0.08273642007722584,0.048612892092382454,0.09192529564697069
er,stage-cal,G,average_precision,0.04074368003131632,0.02704117587270135,0.05510074400370554,0.03523636381698883,0.05835115754917858,0.028643518727781564
er,stage-cal,G,trapezoidal_pr_auc,0.041838052931591894,0.027952942208200562,0.05620712829437744,0.03654325138332165,0.05995465179316392,0.02901625561829009
er,stage-cal,G,roc_auc,0.02344564711359402,0.013572349278398515,0.03362158112197388,0.02519902234636867,0.028646997206703773,0.01649092178770961
er,stage-cal,G,recall_at_fpr_1pct,0.026249999999999985,0.012083333333333323,0.04208333333333333,0.009999999999999981,0.046249999999999986,0.022499999999999992
er,stage-cal,G,brier,0.0011097692842444082,0.0007222394452761353,0.0014967579686455462,0.0010285449287761456,0.0016865374276723404,0.0006142254962847385
er,stage-cal,G,log_loss,0.005272819431772838,0.003210481137263021,0.007272024785658561,0.0054801604172976665,0.006682383113583268,0.003655914764437579
er,stage-cal,G,precision,-0.20000000000000004,-0.2555555555555556,-0.1486111111111111,-0.15,-0.21250000000000005,-0.2375
er,stage-cal,G,recall,-0.01625,-0.02083333333333334,-0.012083333333333333,-0.0075,-0.018750000000000003,-0.0225
er,stage-cal,G,f1,-0.029415572350354954,-0.03760884797569581,-0.02187175294512251,-0.014285714285714285,-0.03359068467764119,-0.04037031808770939
er,stage-cal,G,specificity,0.0010009310986965152,0.0006983240223464119,0.001326815642458161,0.0001396648044693083,0.0017458100558659373,0.0011173184357542998
er,stage-cal,G,balanced_accuracy,-0.007624534450651736,-0.009997963221601533,-0.005448091247672278,-0.003680167597765349,-0.008502094972066998,-0.01069134078212286
er,stage-cal,G,mcc,-0.05086707045934615,-0.06521814697514824,-0.03711524349818244,-0.03207623812936531,-0.054466553258299986,-0.06605841999037315
er,stage-cal,G,map,0.03529269289067156,0.021133951373262204,0.049654786942565754,0.02499351460124996,0.04094273636547002,0.0399418277052947
er,stage-cal,G,mrr,0.03985460299107246,0.0238209611472999,0.055975160249072294,0.031355149480572164,0.044982219391173,0.043226440101472224
er,stage-cal,G,recall_at_1,0.029464285714285696,0.013839285714285715,0.04583333333333334,0.012946428571428553,0.03660714285714284,0.0388392857142857
er,stage-cal,G,recall_at_3,0.04553571428571426,0.026488095238095245,0.06473214285714281,0.02991071428571429,0.051339285714285754,0.055357142857142744
er,stage-cal,G,recall_at_5,0.029315476190476152,0.010416666666666657,0.0486607142857142,0.028571428571428553,0.029017857142857095,0.030357142857142805
er,stage-cal,G,recall_at_10,0.025595238095238115,0.01011904761904762,0.04226562500000007,0.020982142857142838,0.03794642857142866,0.01785714285714285
er,stage-cal,G,ndcg_at_1,0.04494047619047622,0.025297619047619038,0.06517857142857143,0.03214285714285714,0.051785714285714296,0.05089285714285721
er,stage-cal,G,ndcg_at_3,0.04348289677455067,0.02612918468700782,0.060896979419563346,0.029005912053609084,0.049379453218289404,0.05206332505175351
er,stage-cal,G,ndcg_at_5,0.03643757795189589,0.02024177912042524,0.05255591448798461,0.02887799782142661,0.039783442312556205,0.04065129372170484
er,stage-cal,G,ndcg_at_10,0.03517777348222337,0.021232938430005167,0.049363443124545325,0.026469148497496986,0.04303467750583828,0.036029494443334836
er,stage-cal,final_all,average_precision,0.23891428379422308,0.22223438996605466,0.2565656104558018,0.2113122103985238,0.26387722310420675,0.2415534178799387
er,stage-cal,final_all,trapezoidal_pr_auc,0.22644897458979482,0.20935311231053508,0.24449168829285572,0.19764772622275695,0.25201148402173074,0.22968771352489678
er,stage-cal,final_all,roc_auc,0.7068839230291745,0.6936133903631285,0.7204267632681564,0.6906494413407822,0.7225581936685289,0.7074441340782124
er,stage-cal,final_all,recall_at_fpr_1pct,0.13305555555555557,0.11777777777777777,0.14916666666666667,0.1025,0.16166666666666665,0.13499999999999998
er,stage-cal,final_all,brier,0.04685560744831189,0.04640826993505745,0.04728865985711442,0.04748663001490729,0.04621374290586865,0.04686644942415971
er,stage-cal,final_all,log_loss,0.1908158697139877,0.18806864893920267,0.19353904699814084,0.19529035744869705,0.18733860146480866,0.18981865022845745
er,stage-cal,final_all,precision,0.0,0.0,0.0,0.0,0.0,0.0
er,stage-cal,final_all,recall,0.0,0.0,0.0,0.0,0.0,0.0
er,stage-cal,final_all,f1,0.0,0.0,0.0,0.0,0.0,0.0
er,stage-cal,final_all,specificity,1.0,1.0,1.0,1.0,1.0,1.0
er,stage-cal,final_all,balanced_accuracy,0.5,0.5,0.5,0.5,0.5,0.5
er,stage-cal,final_all,mcc,0.0,0.0,0.0,0.0,0.0,0.0
er,stage-cal,final_all,map,0.3878422246431752,0.37244886635915064,0.4027733061870138,0.36523342109552354,0.40846307985139907,0.3898301729826031
er,stage-cal,final_all,mrr,0.4370437208243929,0.42033993112348766,0.45274452875590016,0.41542903484835625,0.45541012975757206,0.4402919978672504
er,stage-cal,final_all,recall_at_1,0.21220238095238095,0.19811507936507936,0.22649057539682538,0.19285714285714284,0.23244047619047614,0.2113095238095238
er,stage-cal,final_all,recall_at_3,0.3935515873015873,0.3740079365079365,0.413095238095238,0.3678571428571429,0.40982142857142856,0.40297619047619043
er,stage-cal,final_all,recall_at_5,0.4976190476190476,0.47767857142857145,0.5174603174603175,0.4711309523809524,0.5223214285714285,0.4994047619047619
er,stage-cal,final_all,recall_at_10,0.6720238095238095,0.6529761904761905,0.6912698412698411,0.65,0.6869047619047618,0.6791666666666666
er,stage-cal,final_all,ndcg_at_1,0.2920634920634921,0.2742063492063492,0.30932539682539684,0.26845238095238094,0.3148809523809524,0.29285714285714287
er,stage-cal,final_all,ndcg_at_3,0.34506578745015176,0.3274622338035534,0.3623029566512667,0.32028226383309066,0.3640082059599206,0.3509068925574441
er,stage-cal,final_all,ndcg_at_5,0.39208376664875516,0.3744880210184839,0.4090026801301452,0.36686223838791476,0.4148572617175476,0.39453179984080305
er,stage-cal,final_all,ndcg_at_10,0.4535486068348417,0.43681496393632185,0.46958803091593243,0.4300453886599224,0.4734061264230149,0.45719430542158784
er,first-cal,O,average_precision,0.23071474023398056,0.2124818740561751,0.2504446069438972,0.20504975281118482,0.2523786709112372,0.23471579697951972
er,first-cal,O,trapezoidal_pr_auc,0.21873292093508143,0.20003607251987637,0.23896881475676426,0.19184875274042346,0.2416113601311129,0.2227386499337079
er,first-cal,O,roc_auc,0.6988134310986965,0.6836457896880819,0.7141423999068902,0.6878526536312849,0.7144011871508381,0.6941864525139665
er,first-cal,O,recall_at_fpr_1pct,0.12416666666666666,0.10666666666666667,0.14291666666666666,0.09125000000000003,0.1475,0.13374999999999998
er,first-cal,O,brier,0.05680094626254234,0.05497164274067138,0.05852813972901935,0.050635445492491465,0.04923100879815283,0.07053638449698271
er,first-cal,O,log_loss,0.2287062080654291,0.22222622591084285,0.23511315219341675,0.21601361787381979,0.20812957831195825,0.2619754280105093
er,first-cal,O,precision,0.3682967495832043,0.3268635127660797,0.4128603826541853,0.3742451298701299,0.47960768398268405,0.2510374348967988
er,first-cal,O,recall,0.1729166666666667,0.1575,0.18833333333333332,0.0975,0.14,0.28125
er,first-cal,O,f1,0.20449026228599634,0.18633100301037794,0.22267742519691344,0.1483965632028818,0.21019871683725844,0.2548755068178488
er,first-cal,O,specificity,0.9753258845437616,0.97243947858473,0.9781890130353817,0.9895251396648044,0.9904329608938548,0.9460195530726256
er,first-cal,O,balanced_accuracy,0.5741212756052141,0.566363885009311,0.5818756983240223,0.5435125698324021,0.5652164804469273,0.6136347765363128
er,first-cal,O,mcc,0.20328592864137143,0.18183416004143674,0.22556953062557858,0.1630390693140891,0.23220711811659706,0.2146115984934281
er,first-cal,O,map,0.37672347165231246,0.3586917437591795,0.39480702258505185,0.3622648745952953,0.3926704802773345,0.3752350600843075
er,first-cal,O,mrr,0.4262409403947151,0.40695475097296746,0.4451231017843534,0.41484937951676626,0.44015862948199,0.423714812185389
er,first-cal,O,recall_at_1,0.20401785714285714,0.18719866071428568,0.22098214285714282,0.19419642857142855,0.21830357142857143,0.19955357142857144
er,first-cal,O,recall_at_3,0.37901785714285713,0.3572916666666666,0.4013392857142857,0.3651785714285714,0.3897321428571428,0.3821428571428571
er,first-cal,O,recall_at_5,0.4861607142857143,0.4617559523809524,0.5108630952380951,0.46919642857142857,0.515625,0.4736607142857143
er,first-cal,O,recall_at_10,0.6622023809523809,0.6401748511904762,0.684077380952381,0.6459821428571428,0.6812499999999999,0.6593749999999999
er,first-cal,O,ndcg_at_1,0.28065476190476185,0.26011904761904764,0.3008928571428571,0.2678571428571428,0.2946428571428571,0.2794642857142857
er,first-cal,O,ndcg_at_3,0.33197903541563606,0.3117882410322625,0.351940322062783,0.3179112230466213,0.344505973667614,0.33351990953267296
er,first-cal,O,ndcg_at_5,0.38045561898092295,0.35953500928653986,0.4011970347056716,0.36475404522555105,0.401278528763523,0.37533428295369475
er,first-cal,O,ndcg_at_10,0.4425166119380593,0.4232994354103161,0.461730692090384,0.42735329121316123,0.460337645785364,0.43985889881565265
er,first-cal,N,average_precision,0.25740421058136836,0.23873846363236084,0.27690968225626966,0.24360609700011673,0.2661798017039924,0.262426733039996
er,first-cal,N,trapezoidal_pr_auc,0.2442514281955038,0.2252301866437829,0.2640029121458196,0.23006364073165625,0.2531264454065876,0.2495641984482675
er,first-cal,N,roc_auc,0.7263378724394786,0.7120672718808192,0.7410079870810057,0.7171019553072626,0.7241847067039107,0.7377269553072627
er,first-cal,N,recall_at_fpr_1pct,0.14333333333333334,0.12748958333333332,0.1608333333333333,0.13,0.15625,0.14375
er,first-cal,N,brier,0.05243022315332236,0.05102402209758903,0.053859702675611305,0.04779784198660561,0.046678248221316936,0.06281457925204453
er,first-cal,N,log_loss,0.20946372975483507,0.20394941001679626,0.21471795639419433,0.1998240646280039,0.19553084651557912,0.2330362781209222
er,first-cal,N,precision,0.45209430556385327,0.39940170198572866,0.5051570410223463,0.47604707792207795,0.5953318903318903,0.28490394843759137
er,first-cal,N,recall,0.16416666666666666,0.15040625000000002,0.17833333333333334,0.0925,0.12750000000000003,0.27249999999999996
er,first-cal,N,f1,0.20393204324158054,0.18708290505977979,0.22146216895621082,0.146656633030829,0.19819022131395783,0.2669492753799549
er,first-cal,N,specificity,0.9817970204841714,0.9797718808193668,0.9837290502793298,0.993854748603352,0.9939245810055863,0.9576117318435755
er,first-cal,N,balanced_accuracy,0.5729818435754189,0.5661662011173184,0.5798557960893855,0.5431773743016759,0.5607122905027933,0.6150558659217877
er,first-cal,N,mcc,0.21991960003073643,0.1984750061234083,0.2415805531132775,0.18279004315951397,0.24455999809522316,0.2324087588374722
er,first-cal,N,map,0.4109011942278418,0.3945830961577667,0.42757008453311374,0.3917613676383571,0.41289638084175184,0.42804583420341663
er,first-cal,N,mrr,0.45977485630786274,0.44110386555831405,0.47765658123658145,0.44392408540570016,0.45829332444633664,0.47710715907155143
er,first-cal,N,recall_at_1,0.22842261904761899,0.21235119047619047,0.2443452380952381,0.21026785714285712,0.23169642857142853,0.2433035714285714
er,first-cal,N,recall_at_3,0.4208333333333332,0.3998511904761905,0.44151785714285713,0.3924107142857143,0.42232142857142857,0.44776785714285705
er,first-cal,N,recall_at_5,0.5267857142857143,0.5075892857142857,0.546875,0.5080357142857143,0.5209821428571428,0.5513392857142857
er,first-cal,N,recall_at_10,0.6974702380952381,0.6785714285714285,0.7175595238095239,0.6843750000000001,0.6901785714285714,0.7178571428571429
er,first-cal,N,ndcg_at_1,0.3160714285714286,0.29404761904761906,0.33780505952380946,0.2991071428571429,0.3196428571428571,0.32946428571428577
er,first-cal,N,ndcg_at_3,0.3704442557510692,0.3509163912619643,0.38970499659279706,0.3460132169918292,0.3727854142950662,0.39253413596631226
er,first-cal,N,ndcg_at_5,0.41787332924329906,0.4001064284187717,0.4362223717350235,0.3981214414558396,0.4170999590557334,0.4383985872183243
er,first-cal,N,ndcg_at_10,0.4782747682872579,0.4611206195101327,0.49580457179824233,0.46072875445024575,0.47693129385567173,0.4971642565558563
er,first-cal,Z,average_precision,0.2553133709147081,0.23524532281690538,0.277380159501921,0.22383712557320184,0.2868743274901457,0.25522865968077674
er,first-cal,Z,trapezoidal_pr_auc,0.24188108189922164,0.22139381673018246,0.2645776577080217,0.20924567318742393,0.2728117318029665,0.24358584070727457
er,first-cal,Z,roc_auc,0.7230249068901303,0.7073540502793298,0.7394918237895718,0.6962430167597766,0.7388722067039106,0.7339594972067041
er,first-cal,Z,recall_at_fpr_1pct,0.15083333333333335,0.13,0.17333333333333334,0.12499999999999997,0.19000000000000003,0.1375
er,first-cal,Z,brier,0.054688108007578694,0.052793394553383194,0.05650914980708296,0.049621376435909595,0.04647407985252969,0.06796886773429679
er,first-cal,Z,log_loss,0.21734680127331538,0.21009421970568548,0.22397069768902816,0.20814606955059817,0.19488552694406197,0.2490088073252859
er,first-cal,Z,precision,0.3942487479525491,0.34485821590551347,0.4447834235100092,0.3779274891774892,0.5567352092352091,0.24808354544494898
er,first-cal,Z,recall,0.2008333333333333,0.18083333333333332,0.2225,0.11999999999999997,0.17750000000000002,0.30499999999999994
er,first-cal,Z,f1,0.23712025105915124,0.21240631492508358,0.2636151859883565,0.17885034492482382,0.2627260414735145,0.2697843667791153
er,first-cal,Z,specificity,0.9763500931098695,0.9738361266294228,0.9787709497206704,0.9902234636871509,0.9917597765363126,0.9470670391061452
er,first-cal,Z,balanced_accuracy,0.5885917132216014,0.5788403747672253,0.5993110451582867,0.5551117318435753,0.5846298882681564,0.6260335195530727
er,first-cal,Z,mcc,0.23547140262769525,0.20775735923513602,0.2653652756137755,0.1889891693962094,0.28943160412410274,0.22799343436277358
er,first-cal,Z,map,0.41007973062490083,0.39170734957166803,0.42929284761033043,0.3711705140959799,0.4400482789995282,0.4190203987791943
er,first-cal,Z,mrr,0.45864928168374847,0.4388806649888426,0.47912696531776855,0.41658834551153634,0.4859131303087361,0.47344636923097305
er,first-cal,Z,recall_at_1,0.22857142857142856,0.21160714285714285,0.24613095238095237,0.19017857142857142,0.2607142857142857,0.2348214285714286
er,first-cal,Z,recall_at_3,0.4226190476190476,0.3994047619047619,0.4467261904761905,0.3732142857142857,0.45000000000000007,0.444642857142857
er,first-cal,Z,recall_at_5,0.5205357142857142,0.4961235119047619,0.5458333333333333,0.475,0.5357142857142855,0.5508928571428571
er,first-cal,Z,recall_at_10,0.6916666666666668,0.6681473214285714,0.7154836309523809,0.6580357142857144,0.6982142857142857,0.71875
er,first-cal,Z,ndcg_at_1,0.31488095238095243,0.2910714285714286,0.33869047619047615,0.2696428571428572,0.35535714285714287,0.31964285714285723
er,first-cal,Z,ndcg_at_3,0.37123929151918333,0.34995342981651956,0.39308146957248974,0.3250243454060294,0.40301267054453405,0.38568085860698653
er,first-cal,Z,ndcg_at_5,0.4153400619844195,0.3944288478748944,0.4367544923604109,0.37107862471264214,0.4420147276255967,0.43292683361501966
er,first-cal,Z,ndcg_at_10,0.47561259662840655,0.4567743211009438,0.4957550645551541,0.43542958355344485,0.49954308769831657,0.4918651186334581
er,first-cal,F_first,average_precision,0.09165068507308416,0.06801334390027287,0.1151335045623453,0.11322309403580452,0.06727145725345829,0.09445750392998964
er,first-cal,F_first,trapezoidal_pr_auc,0.08960768061654574,0.06489018328746365,0.11380672730417021,0.11173768934122497,0.06348070721591437,0.09360464529249793
er,first-cal,F_first,roc_auc,0.07411429236499063,0.05660739641526998,0.09156389664804467,0.07460893854748596,0.06617667597765364,0.08155726256983231
er,first-cal,F_first,recall_at_fpr_1pct,0.06500000000000002,0.037500000000000026,0.09333333333333334,0.09749999999999996,0.017499999999999988,0.0800000000000001
er,first-cal,F_first,brier,0.013362680573353942,0.011254964662782935,0.015515118430408125,0.006604713798011426,0.005065846136411034,0.028417481785639367
er,first-cal,F_first,log_loss,0.056255754690829995,0.04994618817219453,0.06253733505104339,0.043230526741840386,0.035928804950638854,0.08960793238001075
er,first-cal,F_first,precision,0.1815049825640975,0.0688653017344555,0.2866882705241848,0.0993849206349206,0.06411796536796532,0.38101206168940654
er,first-cal,F_first,recall,-0.11000000000000003,-0.13166666666666668,-0.08916666666666669,-0.05000000000000001,-0.08499999999999999,-0.19500000000000003
er,first-cal,F_first,f1,-0.09125890814664084,-0.12177266047855909,-0.061759327272045174,-0.07102214413383828,-0.10808842029353949,-0.09466616001254474
er,first-cal,F_first,specificity,0.02309124767225316,0.019273743016759697,0.027049581005586614,0.007681564245810124,0.00712290502793278,0.05446927374301658
er,first-cal,F_first,balanced_accuracy,-0.0434543761638733,-0.05459031657355673,-0.03282250931098685,-0.02115921787709485,-0.038938547486033426,-0.07026536312849163
er,first-cal,F_first,mcc,-0.030036140833887004,-0.06887595028763725,0.007581069620206303,-0.03485969154880808,-0.06917479224277742,0.01392606128992449
er,first-cal,F_first,map,0.11121843986215463,0.08884520276000885,0.13302097314510722,0.13376652461512756,0.09112031751977823,0.1087684774515581
er,first-cal,F_first,mrr,0.11087197770593499,0.08629003215883245,0.13487145642498144,0.13378127598720213,0.09167567128866244,0.10715898584194039
er,first-cal,F_first,recall_at_1,0.09404761904761905,0.06815476190476194,0.11815476190476192,0.11785714285714283,0.07232142857142856,0.09196428571428578
er,first-cal,F_first,recall_at_3,0.13095238095238101,0.10238095238095242,0.15892857142857142,0.1607142857142857,0.11875000000000008,0.11339285714285724
er,first-cal,F_first,recall_at_5,0.131547619047619,0.0994047619047619,0.16369047619047614,0.15089285714285716,0.11160714285714268,0.13214285714285712
er,first-cal,F_first,recall_at_10,0.09077380952380958,0.06190476190476202,0.1184523809523809,0.086607142857143,0.07499999999999996,0.11071428571428577
er,first-cal,F_first,ndcg_at_1,0.12023809523809526,0.08809523809523812,0.15178571428571422,0.15178571428571427,0.09285714285714292,0.11607142857142855
er,first-cal,F_first,ndcg_at_3,0.12523322966773773,0.09924389203924944,0.1505934935760199,0.15328674915308854,0.10814259483859734,0.11427034501152733
er,first-cal,F_first,ndcg_at_5,0.12526540538711187,0.09954062476691326,0.15037376974512928,0.14930079565765508,0.10609321017452011,0.12040221032916038
er,first-cal,F_first,ndcg_at_10,0.11080555063648216,0.08814597145736755,0.13290774752323165,0.1272530555703295,0.09154665477032231,0.11361694156879465
er,first-cal,F,average_precision,0.06418731926740968,0.04872898299018817,0.07918557324412877,0.08134686296186355,0.037854911669027436,0.07336018317133805
er,first-cal,F,trapezoidal_pr_auc,0.063046613874492,0.04678341684535241,0.07895258223829522,0.08148433588796139,0.03561323077818683,0.07204227495732778
er,first-cal,F,roc_auc,0.05253433426443199,0.039918077863128405,0.06514740456238369,0.054752094972066956,0.035815293296089346,0.06703561452513968
er,first-cal,F,recall_at_fpr_1pct,0.04125,0.02375,0.058750000000000024,0.06374999999999997,0.0037499999999999964,0.056250000000000036
er,first-cal,F,brier,0.010054285144264758,0.008688133667240087,0.011391498389997671,0.0056430496579752965,0.0041666936532981855,0.020353112121520793
er,first-cal,F,log_loss,0.041751762061875454,0.036985741732885415,0.04657396504640666,0.031587400260799745,0.025101376457665386,0.06856650946716125
er,first-cal,F,precision,0.1730620708932633,0.10358033737311127,0.24281690299021752,0.16283820346320346,0.12943993506493504,0.22690807415165143
er,first-cal,F,recall,-0.07416666666666669,-0.08916666666666666,-0.05958333333333332,-0.0475,-0.06375,-0.11125000000000006
er,first-cal,F,f1,-0.058240246826328425,-0.07802546390036091,-0.038156905789579705,-0.05888578774645418,-0.07818767473925983,-0.03764727799327129
er,first-cal,F,specificity,0.017504655493482252,0.01515304934823073,0.019762569832402155,0.009078212290502818,0.006424581005586405,0.03701117318435754
er,first-cal,F,balanced_accuracy,-0.028331005586592146,-0.03589507681564237,-0.02079800977653635,-0.0192108938547485,-0.028662709497206618,-0.03711941340782132
er,first-cal,F,mcc,-0.008604347860125336,-0.03392853495863434,0.01633454079623032,-0.01215346359342144,-0.03581262848450083,0.022153048497546263
er,first-cal,F,map,0.07332397024353506,0.05875709687595082,0.08812934110431808,0.08248771887927206,0.04685573523915748,0.09062845661217564
er,first-cal,F,mrr,0.07217448680449343,0.05706917552438816,0.08785206053153949,0.08222695495843588,0.048716032732763176,0.08558047272228123
er,first-cal,F,recall_at_1,0.05699404761904761,0.040624999999999994,0.07321428571428569,0.06517857142857142,0.03080357142857143,0.07499999999999998
er,first-cal,F,recall_at_3,0.08824404761904765,0.0693452380952381,0.10773809523809524,0.09508928571428574,0.07098214285714288,0.09866071428571432
er,first-cal,F,recall_at_5,0.09241071428571428,0.07202380952380953,0.11398809523809522,0.1026785714285714,0.06160714285714283,0.11294642857142856
er,first-cal,F,recall_at_10,0.06517857142857146,0.04806175595238105,0.08244047619047623,0.06830357142857146,0.04330357142857144,0.08392857142857146
er,first-cal,F,ndcg_at_1,0.07619047619047621,0.05713541666666663,0.09583333333333337,0.08928571428571432,0.046428571428571486,0.09285714285714283
er,first-cal,F,ndcg_at_3,0.08234481223520683,0.0650185677910363,0.09965682010638564,0.09101956018821641,0.05994416248250134,0.09607071403490272
er,first-cal,F,ndcg_at_5,0.08380366770465242,0.06751949809566944,0.10048714543663566,0.09440004778424232,0.05599852964343002,0.10101242568628488
er,first-cal,F,ndcg_at_10,0.074424869272193,0.060284580906263666,0.08907421505464681,0.08273642007722584,0.048612892092382454,0.09192529564697069
er,first-cal,G,average_precision,0.04074368003131632,0.02704117587270135,0.05510074400370554,0.03523636381698883,0.05835115754917858,0.028643518727781564
er,first-cal,G,trapezoidal_pr_auc,0.041838052931591894,0.027952942208200562,0.05620712829437744,0.03654325138332165,0.05995465179316392,0.02901625561829009
er,first-cal,G,roc_auc,0.02344564711359402,0.013572349278398515,0.03362158112197388,0.02519902234636867,0.028646997206703773,0.01649092178770961
er,first-cal,G,recall_at_fpr_1pct,0.026249999999999985,0.012083333333333323,0.04208333333333333,0.009999999999999981,0.046249999999999986,0.022499999999999992
er,first-cal,G,brier,-0.002214863390857092,-0.003530729983964995,-0.0008803487056185152,0.0001645577336434785,0.0016730619482904843,-0.008482209854505238
er,first-cal,G,log_loss,-0.006654624369494183,-0.011167598641501728,-0.002259434730099479,1.0544406309070942e-05,0.0032262594250247467,-0.023200676939816367
er,first-cal,G,precision,0.06100947989569419,-0.006187930582162091,0.12658098489403422,0.08854707792207797,0.19533189033189022,-0.10085052856688562
er,first-cal,G,recall,0.09208333333333334,0.07875,0.1054270833333332,0.05624999999999999,0.08250000000000002,0.13749999999999996
er,first-cal,G,f1,0.1022812720315203,0.08569172216278395,0.11916719475455069,0.08253090368770835,0.11966635387704694,0.10464655852980564
er,first-cal,G,specificity,-0.010265363128491634,-0.01226722532588457,-0.008216945996275557,-0.004748603351955205,-0.0024441340782124787,-0.023603351955307217
er,first-cal,G,balanced_accuracy,0.04090898510242086,0.034519145716945955,0.047414135242085605,0.025750698324022325,0.04002793296089385,0.0569483240223464
er,first-cal,G,mcc,0.08818295125324693,0.06794989698837549,0.10853713090412308,0.07673787800366133,0.12874414246007695,0.05906683329600253
er,first-cal,G,map,0.03529269289067156,0.021133951373262204,0.049654786942565754,0.02499351460124996,0.04094273636547002,0.0399418277052947
er,first-cal,G,mrr,0.03985460299107246,0.0238209611472999,0.055975160249072294,0.031355149480572164,0.044982219391173,0.043226440101472224
er,first-cal,G,recall_at_1,0.029464285714285696,0.013839285714285715,0.04583333333333334,0.012946428571428553,0.03660714285714284,0.0388392857142857
er,first-cal,G,recall_at_3,0.04553571428571426,0.026488095238095245,0.06473214285714281,0.02991071428571429,0.051339285714285754,0.055357142857142744
er,first-cal,G,recall_at_5,0.029315476190476152,0.010416666666666657,0.0486607142857142,0.028571428571428553,0.029017857142857095,0.030357142857142805
er,first-cal,G,recall_at_10,0.025595238095238115,0.01011904761904762,0.04226562500000007,0.020982142857142838,0.03794642857142866,0.01785714285714285
er,first-cal,G,ndcg_at_1,0.04494047619047622,0.025297619047619038,0.06517857142857143,0.03214285714285714,0.051785714285714296,0.05089285714285721
er,first-cal,G,ndcg_at_3,0.04348289677455067,0.02612918468700782,0.060896979419563346,0.029005912053609084,0.049379453218289404,0.05206332505175351
er,first-cal,G,ndcg_at_5,0.03643757795189589,0.02024177912042524,0.05255591448798461,0.02887799782142661,0.039783442312556205,0.04065129372170484
er,first-cal,G,ndcg_at_10,0.03517777348222337,0.021232938430005167,0.049363443124545325,0.026469148497496986,0.04303467750583828,0.036029494443334836
er,first-cal,final_all,average_precision,0.23891428379422308,0.22223438996605466,0.2565656104558018,0.2113122103985238,0.26387722310420675,0.2415534178799387
er,first-cal,final_all,trapezoidal_pr_auc,0.22644897458979482,0.20935311231053508,0.24449168829285572,0.19764772622275695,0.25201148402173074,0.22968771352489678
er,first-cal,final_all,roc_auc,0.7068839230291745,0.6936133903631285,0.7204267632681564,0.6906494413407822,0.7225581936685289,0.7074441340782124
er,first-cal,final_all,recall_at_fpr_1pct,0.13305555555555557,0.11777777777777777,0.14916666666666667,0.1025,0.16166666666666665,0.13499999999999998
er,first-cal,final_all,brier,0.05609666684422112,0.05454803522141405,0.057570907332204026,0.05029742247363084,0.04831203248294511,0.06968054557608741
er,first-cal,final_all,log_loss,0.2249197391347245,0.21940272257176438,0.23043072378738413,0.21339110176607923,0.20371489452265948,0.2576532211154348
er,first-cal,final_all,precision,0.37694741570631923,0.34120895672348284,0.41500329846598494,0.37547258297258307,0.5053168590668591,0.2500528050795155
er,first-cal,final_all,recall,0.1822222222222222,0.16888888888888887,0.1958333333333333,0.10499999999999998,0.1525,0.2891666666666667
er,first-cal,final_all,f1,0.21536692521038128,0.19917958316434375,0.23211474378243305,0.15854782377686247,0.2277078250493438,0.25984512680493765
er,first-cal,final_all,specificity,0.9756672873991309,0.9733546710117938,0.9779329608938547,0.9897579143389198,0.9908752327746742,0.9463687150837988
er,first-cal,final_all,balanced_accuracy,0.5789447548106765,0.5723472610180013,0.5856671322160149,0.5473789571694598,0.5716876163873371,0.6177676908752329
er,first-cal,final_all,mcc,0.214014419970146,0.19500115494848405,0.23368732454120758,0.17168910267479587,0.2512819467857656,0.21907221044987657
er,first-cal,final_all,map,0.3878422246431752,0.37244886635915064,0.4027733061870138,0.36523342109552354,0.40846307985139907,0.3898301729826031
er,first-cal,final_all,mrr,0.4370437208243929,0.42033993112348766,0.45274452875590016,0.41542903484835625,0.45541012975757206,0.4402919978672504
er,first-cal,final_all,recall_at_1,0.21220238095238095,0.19811507936507936,0.22649057539682538,0.19285714285714284,0.23244047619047614,0.2113095238095238
er,first-cal,final_all,recall_at_3,0.3935515873015873,0.3740079365079365,0.413095238095238,0.3678571428571429,0.40982142857142856,0.40297619047619043
er,first-cal,final_all,recall_at_5,0.4976190476190476,0.47767857142857145,0.5174603174603175,0.4711309523809524,0.5223214285714285,0.4994047619047619
er,first-cal,final_all,recall_at_10,0.6720238095238095,0.6529761904761905,0.6912698412698411,0.65,0.6869047619047618,0.6791666666666666
er,first-cal,final_all,ndcg_at_1,0.2920634920634921,0.2742063492063492,0.30932539682539684,0.26845238095238094,0.3148809523809524,0.29285714285714287
er,first-cal,final_all,ndcg_at_3,0.34506578745015176,0.3274622338035534,0.3623029566512667,0.32028226383309066,0.3640082059599206,0.3509068925574441
er,first-cal,final_all,ndcg_at_5,0.39208376664875516,0.3744880210184839,0.4090026801301452,0.36686223838791476,0.4148572617175476,0.39453179984080305
er,first-cal,final_all,ndcg_at_10,0.4535486068348417,0.43681496393632185,0.46958803091593243,0.4300453886599224,0.4734061264230149,0.45719430542158784
er,primary,O,average_precision,0.23071474023398056,0.2124818740561751,0.2504446069438972,0.20504975281118482,0.2523786709112372,0.23471579697951972
er,primary,O,trapezoidal_pr_auc,0.21873292093508143,0.20003607251987637,0.23896881475676426,0.19184875274042346,0.2416113601311129,0.2227386499337079
er,primary,O,roc_auc,0.6988134310986965,0.6836457896880819,0.7141423999068902,0.6878526536312849,0.7144011871508381,0.6941864525139665
er,primary,O,recall_at_fpr_1pct,0.12416666666666666,0.10666666666666667,0.14291666666666666,0.09125000000000003,0.1475,0.13374999999999998
er,primary,O,brier,0.04714374589275639,0.04666456768668028,0.04761218233138384,0.04768589227782753,0.04659684863626043,0.04714849676418121
er,primary,O,log_loss,0.19267747218787687,0.18962560762766761,0.19569652989201103,0.19657401311259265,0.18951309574040642,0.1919453077106315
er,primary,O,precision,0.0,0.0,0.0,0.0,0.0,0.0
er,primary,O,recall,0.0,0.0,0.0,0.0,0.0,0.0
er,primary,O,f1,0.0,0.0,0.0,0.0,0.0,0.0
er,primary,O,specificity,1.0,1.0,1.0,1.0,1.0,1.0
er,primary,O,balanced_accuracy,0.5,0.5,0.5,0.5,0.5,0.5
er,primary,O,mcc,0.0,0.0,0.0,0.0,0.0,0.0
er,primary,O,map,0.37672347165231246,0.3586917437591795,0.39480702258505185,0.3622648745952953,0.3926704802773345,0.3752350600843075
er,primary,O,mrr,0.4262409403947151,0.40695475097296746,0.4451231017843534,0.41484937951676626,0.44015862948199,0.423714812185389
er,primary,O,recall_at_1,0.20401785714285714,0.18719866071428568,0.22098214285714282,0.19419642857142855,0.21830357142857143,0.19955357142857144
er,primary,O,recall_at_3,0.37901785714285713,0.3572916666666666,0.4013392857142857,0.3651785714285714,0.3897321428571428,0.3821428571428571
er,primary,O,recall_at_5,0.4861607142857143,0.4617559523809524,0.5108630952380951,0.46919642857142857,0.515625,0.4736607142857143
er,primary,O,recall_at_10,0.6622023809523809,0.6401748511904762,0.684077380952381,0.6459821428571428,0.6812499999999999,0.6593749999999999
er,primary,O,ndcg_at_1,0.28065476190476185,0.26011904761904764,0.3008928571428571,0.2678571428571428,0.2946428571428571,0.2794642857142857
er,primary,O,ndcg_at_3,0.33197903541563606,0.3117882410322625,0.351940322062783,0.3179112230466213,0.344505973667614,0.33351990953267296
er,primary,O,ndcg_at_5,0.38045561898092295,0.35953500928653986,0.4011970347056716,0.36475404522555105,0.401278528763523,0.37533428295369475
er,primary,O,ndcg_at_10,0.4425166119380593,0.4232994354103161,0.461730692090384,0.42735329121316123,0.460337645785364,0.43985889881565265
er,primary,N,average_precision,0.25740421058136836,0.23873846363236084,0.27690968225626966,0.24360609700011673,0.2661798017039924,0.262426733039996
er,primary,N,trapezoidal_pr_auc,0.2442514281955038,0.2252301866437829,0.2640029121458196,0.23006364073165625,0.2531264454065876,0.2495641984482675
er,primary,N,roc_auc,0.7263378724394786,0.7120672718808192,0.7410079870810057,0.7171019553072626,0.7241847067039107,0.7377269553072627
er,primary,N,recall_at_fpr_1pct,0.14333333333333334,0.12748958333333332,0.1608333333333333,0.13,0.15625,0.14375
er,primary,N,brier,0.04630233047602128,0.045838373052087225,0.046742006169888196,0.0465057252143371,0.04629920001395079,0.046102066199775936
er,primary,N,log_loss,0.18627806925219084,0.1834574172544809,0.18894733654098053,0.18834640349387044,0.18619041028729869,0.18429739397540348
er,primary,N,precision,0.0,0.0,0.0,0.0,0.0,0.0
er,primary,N,recall,0.0,0.0,0.0,0.0,0.0,0.0
er,primary,N,f1,0.0,0.0,0.0,0.0,0.0,0.0
er,primary,N,specificity,1.0,1.0,1.0,1.0,1.0,1.0
er,primary,N,balanced_accuracy,0.5,0.5,0.5,0.5,0.5,0.5
er,primary,N,mcc,0.0,0.0,0.0,0.0,0.0,0.0
er,primary,N,map,0.4109011942278418,0.3945830961577667,0.42757008453311374,0.3917613676383571,0.41289638084175184,0.42804583420341663
er,primary,N,mrr,0.45977485630786274,0.44110386555831405,0.47765658123658145,0.44392408540570016,0.45829332444633664,0.47710715907155143
er,primary,N,recall_at_1,0.22842261904761899,0.21235119047619047,0.2443452380952381,0.21026785714285712,0.23169642857142853,0.2433035714285714
er,primary,N,recall_at_3,0.4208333333333332,0.3998511904761905,0.44151785714285713,0.3924107142857143,0.42232142857142857,0.44776785714285705
er,primary,N,recall_at_5,0.5267857142857143,0.5075892857142857,0.546875,0.5080357142857143,0.5209821428571428,0.5513392857142857
er,primary,N,recall_at_10,0.6974702380952381,0.6785714285714285,0.7175595238095239,0.6843750000000001,0.6901785714285714,0.7178571428571429
er,primary,N,ndcg_at_1,0.3160714285714286,0.29404761904761906,0.33780505952380946,0.2991071428571429,0.3196428571428571,0.32946428571428577
er,primary,N,ndcg_at_3,0.3704442557510692,0.3509163912619643,0.38970499659279706,0.3460132169918292,0.3727854142950662,0.39253413596631226
er,primary,N,ndcg_at_5,0.41787332924329906,0.4001064284187717,0.4362223717350235,0.3981214414558396,0.4170999590557334,0.4383985872183243
er,primary,N,ndcg_at_10,0.4782747682872579,0.4611206195101327,0.49580457179824233,0.46072875445024575,0.47693129385567173,0.4971642565558563
er,primary,Z,average_precision,0.2553133709147081,0.23524532281690538,0.277380159501921,0.22383712557320184,0.2868743274901457,0.25522865968077674
er,primary,Z,trapezoidal_pr_auc,0.24188108189922164,0.22139381673018246,0.2645776577080217,0.20924567318742393,0.2728117318029665,0.24358584070727457
er,primary,Z,roc_auc,0.7230249068901303,0.7073540502793298,0.7394918237895718,0.6962430167597766,0.7388722067039106,0.7339594972067041
er,primary,Z,recall_at_fpr_1pct,0.15083333333333335,0.13,0.17333333333333334,0.12499999999999997,0.19000000000000003,0.1375
er,primary,Z,brier,0.04627933055942288,0.04569227572102643,0.04681087626914797,0.047088105489066806,0.045447531445085086,0.046302354744116724
er,primary,Z,log_loss,0.18709266476620948,0.183659217737556,0.19023033441089965,0.1927230461209059,0.18298961291361318,0.18556533526410934
er,primary,Z,precision,0.0,0.0,0.0,0.0,0.0,0.0
er,primary,Z,recall,0.0,0.0,0.0,0.0,0.0,0.0
er,primary,Z,f1,0.0,0.0,0.0,0.0,0.0,0.0
er,primary,Z,specificity,1.0,1.0,1.0,1.0,1.0,1.0
er,primary,Z,balanced_accuracy,0.5,0.5,0.5,0.5,0.5,0.5
er,primary,Z,mcc,0.0,0.0,0.0,0.0,0.0,0.0
er,primary,Z,map,0.41007973062490083,0.39170734957166803,0.42929284761033043,0.3711705140959799,0.4400482789995282,0.4190203987791943
er,primary,Z,mrr,0.45864928168374847,0.4388806649888426,0.47912696531776855,0.41658834551153634,0.4859131303087361,0.47344636923097305
er,primary,Z,recall_at_1,0.22857142857142856,0.21160714285714285,0.24613095238095237,0.19017857142857142,0.2607142857142857,0.2348214285714286
er,primary,Z,recall_at_3,0.4226190476190476,0.3994047619047619,0.4467261904761905,0.3732142857142857,0.45000000000000007,0.444642857142857
er,primary,Z,recall_at_5,0.5205357142857142,0.4961235119047619,0.5458333333333333,0.475,0.5357142857142855,0.5508928571428571
er,primary,Z,recall_at_10,0.6916666666666668,0.6681473214285714,0.7154836309523809,0.6580357142857144,0.6982142857142857,0.71875
er,primary,Z,ndcg_at_1,0.31488095238095243,0.2910714285714286,0.33869047619047615,0.2696428571428572,0.35535714285714287,0.31964285714285723
er,primary,Z,ndcg_at_3,0.37123929151918333,0.34995342981651956,0.39308146957248974,0.3250243454060294,0.40301267054453405,0.38568085860698653
er,primary,Z,ndcg_at_5,0.4153400619844195,0.3944288478748944,0.4367544923604109,0.37107862471264214,0.4420147276255967,0.43292683361501966
er,primary,Z,ndcg_at_10,0.47561259662840655,0.4567743211009438,0.4957550645551541,0.43542958355344485,0.49954308769831657,0.4918651186334581
er,primary,F_first,average_precision,0.09165068507308416,0.06801334390027287,0.1151335045623453,0.11322309403580452,0.06727145725345829,0.09445750392998964
er,primary,F_first,trapezoidal_pr_auc,0.08960768061654574,0.06489018328746365,0.11380672730417021,0.11173768934122497,0.06348070721591437,0.09360464529249793
er,primary,F_first,roc_auc,0.07411429236499063,0.05660739641526998,0.09156389664804467,0.07460893854748596,0.06617667597765364,0.08155726256983231
er,primary,F_first,recall_at_fpr_1pct,0.06500000000000002,0.037500000000000026,0.09333333333333334,0.09749999999999996,0.017499999999999988,0.0800000000000001
er,primary,F_first,brier,0.003640369802952903,0.002995831573608715,0.004316202517929241,0.004009647184721549,0.002844138117960207,0.004067324106176953
er,primary,F_first,log_loss,0.019895172558414425,0.01670230074737337,0.023134285829216564,0.02264789830900496,0.01744058669124937,0.01959703267498894
er,primary,F_first,precision,0.5727777777777777,0.46915972222222224,0.6763888888888888,0.5,0.5841666666666667,0.6341666666666667
er,primary,F_first,recall,0.07,0.055833333333333346,0.08416666666666667,0.034999999999999996,0.07500000000000001,0.1
er,primary,F_first,f1,0.1217561954953259,0.09860426077545642,0.14536047979797972,0.06455862977602109,0.13036768304159607,0.17034227366836058
er,primary,F_first,specificity,-0.0015828677839852718,-0.0020949720670392358,-0.0011173184357542443,-0.0002793296089386166,-0.0023743016759777413,-0.002094972067039458
er,primary,F_first,balanced_accuracy,0.03420856610800749,0.027308601024208595,0.041339618249534464,0.01736033519553082,0.036312849162011274,0.04895251396648037
er,primary,F_first,mcc,0.1849953641287145,0.1508063473520904,0.21858133762760174,0.12518029451851675,0.1931005871978488,0.23670521066977787
er,primary,F_first,map,0.11121843986215463,0.08884520276000885,0.13302097314510722,0.13376652461512756,0.09112031751977823,0.1087684774515581
er,primary,F_first,mrr,0.11087197770593499,0.08629003215883245,0.13487145642498144,0.13378127598720213,0.09167567128866244,0.10715898584194039
er,primary,F_first,recall_at_1,0.09404761904761905,0.06815476190476194,0.11815476190476192,0.11785714285714283,0.07232142857142856,0.09196428571428578
er,primary,F_first,recall_at_3,0.13095238095238101,0.10238095238095242,0.15892857142857142,0.1607142857142857,0.11875000000000008,0.11339285714285724
er,primary,F_first,recall_at_5,0.131547619047619,0.0994047619047619,0.16369047619047614,0.15089285714285716,0.11160714285714268,0.13214285714285712
er,primary,F_first,recall_at_10,0.09077380952380958,0.06190476190476202,0.1184523809523809,0.086607142857143,0.07499999999999996,0.11071428571428577
er,primary,F_first,ndcg_at_1,0.12023809523809526,0.08809523809523812,0.15178571428571422,0.15178571428571427,0.09285714285714292,0.11607142857142855
er,primary,F_first,ndcg_at_3,0.12523322966773773,0.09924389203924944,0.1505934935760199,0.15328674915308854,0.10814259483859734,0.11427034501152733
er,primary,F_first,ndcg_at_5,0.12526540538711187,0.09954062476691326,0.15037376974512928,0.14930079565765508,0.10609321017452011,0.12040221032916038
er,primary,F_first,ndcg_at_10,0.11080555063648216,0.08814597145736755,0.13290774752323165,0.1272530555703295,0.09154665477032231,0.11361694156879465
er,primary,F,average_precision,0.06418731926740968,0.04872898299018817,0.07918557324412877,0.08134686296186355,0.037854911669027436,0.07336018317133805
er,primary,F,trapezoidal_pr_auc,0.063046613874492,0.04678341684535241,0.07895258223829522,0.08148433588796139,0.03561323077818683,0.07204227495732778
er,primary,F,roc_auc,0.05253433426443199,0.039918077863128405,0.06514740456238369,0.054752094972066956,0.035815293296089346,0.06703561452513968
er,primary,F,recall_at_fpr_1pct,0.04125,0.02375,0.058750000000000024,0.06374999999999997,0.0037499999999999964,0.056250000000000036
er,primary,F,brier,0.0023205887277019874,0.0019211247875428625,0.0027298362351946296,0.0027189777421584745,0.0013983074950496277,0.00284448094589786
er,primary,F,log_loss,0.013781618433414472,0.011471387076831643,0.016165942633492233,0.015913944918859974,0.009877373099169584,0.015553537282213856
er,primary,F,precision,0.28638888888888886,0.23457986111111112,0.3381944444444444,0.25,0.29208333333333336,0.31708333333333333
er,primary,F,recall,0.035,0.027916666666666673,0.042083333333333334,0.017499999999999998,0.037500000000000006,0.05
er,primary,F,f1,0.06087809774766295,0.04930213038772821,0.07268023989898986,0.032279314888010543,0.06518384152079804,0.08517113683418029
er,primary,F,specificity,-0.0007914338919926359,-0.0010474860335196179,-0.0005586592178771221,-0.0001396648044693083,-0.0011871508379888707,-0.001047486033519729
er,primary,F,balanced_accuracy,0.017104283054003744,0.013654300512104298,0.020669809124767232,0.00868016759776541,0.018156424581005637,0.024476256983240186
er,primary,F,mcc,0.09249768206435725,0.0754031736760452,0.10929066881380087,0.06259014725925838,0.0965502935989244,0.11835260533488894
er,primary,F,map,0.07332397024353506,0.05875709687595082,0.08812934110431808,0.08248771887927206,0.04685573523915748,0.09062845661217564
er,primary,F,mrr,0.07217448680449343,0.05706917552438816,0.08785206053153949,0.08222695495843588,0.048716032732763176,0.08558047272228123
er,primary,F,recall_at_1,0.05699404761904761,0.040624999999999994,0.07321428571428569,0.06517857142857142,0.03080357142857143,0.07499999999999998
er,primary,F,recall_at_3,0.08824404761904765,0.0693452380952381,0.10773809523809524,0.09508928571428574,0.07098214285714288,0.09866071428571432
er,primary,F,recall_at_5,0.09241071428571428,0.07202380952380953,0.11398809523809522,0.1026785714285714,0.06160714285714283,0.11294642857142856
er,primary,F,recall_at_10,0.06517857142857146,0.04806175595238105,0.08244047619047623,0.06830357142857146,0.04330357142857144,0.08392857142857146
er,primary,F,ndcg_at_1,0.07619047619047621,0.05713541666666663,0.09583333333333337,0.08928571428571432,0.046428571428571486,0.09285714285714283
er,primary,F,ndcg_at_3,0.08234481223520683,0.0650185677910363,0.09965682010638564,0.09101956018821641,0.05994416248250134,0.09607071403490272
er,primary,F,ndcg_at_5,0.08380366770465242,0.06751949809566944,0.10048714543663566,0.09440004778424232,0.05599852964343002,0.10101242568628488
er,primary,F,ndcg_at_10,0.074424869272193,0.060284580906263666,0.08907421505464681,0.08273642007722584,0.048612892092382454,0.09192529564697069
er,primary,G,average_precision,0.04074368003131632,0.02704117587270135,0.05510074400370554,0.03523636381698883,0.05835115754917858,0.028643518727781564
er,primary,G,trapezoidal_pr_auc,0.041838052931591894,0.027952942208200562,0.05620712829437744,0.03654325138332165,0.05995465179316392,0.02901625561829009
er,primary,G,roc_auc,0.02344564711359402,0.013572349278398515,0.03362158112197388,0.02519902234636867,0.028646997206703773,0.01649092178770961
er,primary,G,recall_at_fpr_1pct,0.026249999999999985,0.012083333333333323,0.04208333333333333,0.009999999999999981,0.046249999999999986,0.022499999999999992
er,primary,G,brier,0.0011097692842444082,0.0007222394452761353,0.0014967579686455462,0.0010285449287761456,0.0016865374276723404,0.0006142254962847385
er,primary,G,log_loss,0.005272819431772838,0.003210481137263021,0.007272024785658561,0.0054801604172976665,0.006682383113583268,0.003655914764437579
er,primary,G,precision,-0.20000000000000004,-0.2555555555555556,-0.1486111111111111,-0.15,-0.21250000000000005,-0.2375
er,primary,G,recall,-0.01625,-0.02083333333333334,-0.012083333333333333,-0.0075,-0.018750000000000003,-0.0225
er,primary,G,f1,-0.029415572350354954,-0.03760884797569581,-0.02187175294512251,-0.014285714285714285,-0.03359068467764119,-0.04037031808770939
er,primary,G,specificity,0.0010009310986965152,0.0006983240223464119,0.001326815642458161,0.0001396648044693083,0.0017458100558659373,0.0011173184357542998
er,primary,G,balanced_accuracy,-0.007624534450651736,-0.009997963221601533,-0.005448091247672278,-0.003680167597765349,-0.008502094972066998,-0.01069134078212286
er,primary,G,mcc,-0.05086707045934615,-0.06521814697514824,-0.03711524349818244,-0.03207623812936531,-0.054466553258299986,-0.06605841999037315
er,primary,G,map,0.03529269289067156,0.021133951373262204,0.049654786942565754,0.02499351460124996,0.04094273636547002,0.0399418277052947
er,primary,G,mrr,0.03985460299107246,0.0238209611472999,0.055975160249072294,0.031355149480572164,0.044982219391173,0.043226440101472224
er,primary,G,recall_at_1,0.029464285714285696,0.013839285714285715,0.04583333333333334,0.012946428571428553,0.03660714285714284,0.0388392857142857
er,primary,G,recall_at_3,0.04553571428571426,0.026488095238095245,0.06473214285714281,0.02991071428571429,0.051339285714285754,0.055357142857142744
er,primary,G,recall_at_5,0.029315476190476152,0.010416666666666657,0.0486607142857142,0.028571428571428553,0.029017857142857095,0.030357142857142805
er,primary,G,recall_at_10,0.025595238095238115,0.01011904761904762,0.04226562500000007,0.020982142857142838,0.03794642857142866,0.01785714285714285
er,primary,G,ndcg_at_1,0.04494047619047622,0.025297619047619038,0.06517857142857143,0.03214285714285714,0.051785714285714296,0.05089285714285721
er,primary,G,ndcg_at_3,0.04348289677455067,0.02612918468700782,0.060896979419563346,0.029005912053609084,0.049379453218289404,0.05206332505175351
er,primary,G,ndcg_at_5,0.03643757795189589,0.02024177912042524,0.05255591448798461,0.02887799782142661,0.039783442312556205,0.04065129372170484
er,primary,G,ndcg_at_10,0.03517777348222337,0.021232938430005167,0.049363443124545325,0.026469148497496986,0.04303467750583828,0.036029494443334836
er,primary,final_all,average_precision,0.23891428379422308,0.22223438996605466,0.2565656104558018,0.2113122103985238,0.26387722310420675,0.2415534178799387
er,primary,final_all,trapezoidal_pr_auc,0.22644897458979482,0.20935311231053508,0.24449168829285572,0.19764772622275695,0.25201148402173074,0.22968771352489678
er,primary,final_all,roc_auc,0.7068839230291745,0.6936133903631285,0.7204267632681564,0.6906494413407822,0.7225581936685289,0.7074441340782124
er,primary,final_all,recall_at_fpr_1pct,0.13305555555555557,0.11777777777777777,0.14916666666666667,0.1025,0.16166666666666665,0.13499999999999998
er,primary,final_all,brier,0.04685560744831189,0.04640826993505745,0.04728865985711442,0.04748663001490729,0.04621374290586865,0.04686644942415971
er,primary,final_all,log_loss,0.1908158697139877,0.18806864893920267,0.19353904699814084,0.19529035744869705,0.18733860146480866,0.18981865022845745
er,primary,final_all,precision,0.0,0.0,0.0,0.0,0.0,0.0
er,primary,final_all,recall,0.0,0.0,0.0,0.0,0.0,0.0
er,primary,final_all,f1,0.0,0.0,0.0,0.0,0.0,0.0
er,primary,final_all,specificity,1.0,1.0,1.0,1.0,1.0,1.0
er,primary,final_all,balanced_accuracy,0.5,0.5,0.5,0.5,0.5,0.5
er,primary,final_all,mcc,0.0,0.0,0.0,0.0,0.0,0.0
er,primary,final_all,map,0.3878422246431752,0.37244886635915064,0.4027733061870138,0.36523342109552354,0.40846307985139907,0.3898301729826031
er,primary,final_all,mrr,0.4370437208243929,0.42033993112348766,0.45274452875590016,0.41542903484835625,0.45541012975757206,0.4402919978672504
er,primary,final_all,recall_at_1,0.21220238095238095,0.19811507936507936,0.22649057539682538,0.19285714285714284,0.23244047619047614,0.2113095238095238
er,primary,final_all,recall_at_3,0.3935515873015873,0.3740079365079365,0.413095238095238,0.3678571428571429,0.40982142857142856,0.40297619047619043
er,primary,final_all,recall_at_5,0.4976190476190476,0.47767857142857145,0.5174603174603175,0.4711309523809524,0.5223214285714285,0.4994047619047619
er,primary,final_all,recall_at_10,0.6720238095238095,0.6529761904761905,0.6912698412698411,0.65,0.6869047619047618,0.6791666666666666
er,primary,final_all,ndcg_at_1,0.2920634920634921,0.2742063492063492,0.30932539682539684,0.26845238095238094,0.3148809523809524,0.29285714285714287
er,primary,final_all,ndcg_at_3,0.34506578745015176,0.3274622338035534,0.3623029566512667,0.32028226383309066,0.3640082059599206,0.3509068925574441
er,primary,final_all,ndcg_at_5,0.39208376664875516,0.3744880210184839,0.4090026801301452,0.36686223838791476,0.4148572617175476,0.39453179984080305
er,primary,final_all,ndcg_at_10,0.4535486068348417,0.43681496393632185,0.46958803091593243,0.4300453886599224,0.4734061264230149,0.45719430542158784
half,raw,O,average_precision,0.2392071840422366,0.22241616567138253,0.2574593194787956,0.208572127213985,0.2632817701716648,0.24576765474105994
half,raw,O,trapezoidal_pr_auc,0.22618678878836318,0.20898580943591635,0.24480017374325586,0.19470566817443763,0.2513806905651176,0.23247400762553433
half,raw,O,roc_auc,0.7088983938547487,0.6946638442737431,0.7231448149441341,0.69625,0.726548533519553,0.7038966480446929
half,raw,O,recall_at_fpr_1pct,0.1366666666666667,0.11874999999999998,0.1575,0.11624999999999999,0.14999999999999997,0.14375000000000002
half,raw,O,brier,0.048371429568724894,0.04792766498430964,0.0488010921141102,0.04935771296953756,0.04727317216030942,0.0484834035763277
half,raw,O,log_loss,0.267118721174237,0.26001804939714,0.2742387059207244,0.2867083375755304,0.2361239080570304,0.27852391789015035
half,raw,O,precision,0.17500000000000002,0.1125,0.24583333333333335,0.0,0.4,0.125
half,raw,O,recall,0.012916666666666667,0.008333333333333333,0.017916666666666668,0.0,0.0325,0.00625
half,raw,O,f1,0.023728747098312315,0.015422077922077925,0.032748486416964685,0.0,0.05928147939017505,0.011904761904761904
half,raw,O,specificity,0.9999068901303539,0.9997905027932962,1.0,1.0,0.9997206703910615,1.0
half,raw,O,balanced_accuracy,0.5064117783985103,0.5041317504655494,0.5089001396648044,0.5,0.5161103351955307,0.503125
half,raw,O,mcc,0.04502118994501028,0.029607232722770136,0.06206263919355918,0.0,0.10782615700222065,0.0272374128328102
half,raw,O,map,0.3880769290643669,0.3717948256134359,0.4047295776665902,0.3607400528879384,0.40837513327132524,0.39511560103383714
half,raw,O,mrr,0.4375635017225757,0.4200804802591623,0.4552267924559424,0.40784499289283993,0.4589141218487656,0.4459313904261214
half,raw,O,recall_at_1,0.21443452380952377,0.19835937499999998,0.23021205357142854,0.184375,0.23526785714285708,0.22366071428571427
half,raw,O,recall_at_3,0.39226190476190476,0.37172619047619054,0.4136904761904761,0.3683035714285714,0.41160714285714284,0.396875
half,raw,O,recall_at_5,0.490922619047619,0.4693415178571428,0.5129501488095237,0.4665178571428572,0.5200892857142857,0.4861607142857142
half,raw,O,recall_at_10,0.6647321428571428,0.6431510416666666,0.6867559523809524,0.6473214285714286,0.6866071428571429,0.6602678571428571
half,raw,O,ndcg_at_1,0.29404761904761906,0.2747023809523809,0.31339285714285714,0.25625,0.31607142857142856,0.3098214285714286
half,raw,O,ndcg_at_3,0.34557747472026473,0.32676827038523365,0.36480754428678397,0.31713959970634004,0.36561321073978614,0.35397961371466813
half,raw,O,ndcg_at_5,0.38983614288811214,0.37132842248165426,0.40871509342982587,0.3610340606322995,0.4142072331086474,0.3942671349233895
half,raw,O,ndcg_at_10,0.4513929775508017,0.43410433952366717,0.4691575446278432,0.4251373549905096,0.47365529646988463,0.45538628119201086
half,raw,N,average_precision,0.2735230305301128,0.25335673522514757,0.2947342551896637,0.2693425633291767,0.28168186512007354,0.26954466314108816
half,raw,N,trapezoidal_pr_auc,0.2602038336421975,0.2396592964092922,0.28185455376017415,0.25689745359007476,0.26789382183099414,0.25582022550552364
half,raw,N,roc_auc,0.7316788873370577,0.7184239845204842,0.7456486557262569,0.7206878491620112,0.7344168994413407,0.7399319134078213
half,raw,N,recall_at_fpr_1pct,0.15749999999999997,0.13915624999999998,0.17709374999999986,0.15749999999999997,0.16374999999999998,0.15125
half,raw,N,brier,0.04856020412378778,0.048150517565092,0.04895040957259949,0.049055281234043194,0.047812708770005014,0.04881262236731513
half,raw,N,log_loss,0.26184097420833935,0.2561349284007833,0.2676725362250077,0.2740871020447211,0.23829857961417023,0.2731372409661267
half,raw,N,precision,0.07916666666666668,0.0375,0.125,0.0,0.1375,0.1
half,raw,N,recall,0.004583333333333333,0.0020833333333333333,0.007083333333333334,0.0,0.0075,0.00625
half,raw,N,f1,0.008621933621933623,0.003932178932178932,0.013383838383838385,0.0,0.014177489177489178,0.011688311688311689
half,raw,N,specificity,0.9999068901303539,0.9998137802607076,0.9999767225325885,1.0,0.9997206703910615,1.0
half,raw,N,balanced_accuracy,0.5022451117318436,0.5009951117318435,0.5035183891992552,0.5,0.5036103351955308,0.503125
half,raw,N,mcc,0.018007536010139918,0.008172845429138592,0.028545881438315483,0.0,0.029966018853977826,0.024056589176441927
half,raw,N,map,0.424119387835389,0.40772499068126883,0.44084937767825316,0.4128454376709513,0.4335293787775405,0.4259833470576752
half,raw,N,mrr,0.4719087418872097,0.45470875924179216,0.48911429905528986,0.4629175348834488,0.47955386158071966,0.47325482919746087
half,raw,N,recall_at_1,0.23854166666666665,0.22335937499999994,0.25446428571428575,0.23124999999999996,0.24910714285714283,0.2352678571428571
half,raw,N,recall_at_3,0.4388392857142857,0.41919270833333333,0.4593787202380952,0.4263392857142857,0.4419642857142857,0.4482142857142857
half,raw,N,recall_at_5,0.5461309523809524,0.5269345238095239,0.5663690476190477,0.521875,0.5566964285714286,0.5598214285714285
half,raw,N,recall_at_10,0.7032738095238096,0.6854166666666667,0.7217261904761904,0.6830357142857144,0.7026785714285715,0.7241071428571428
half,raw,N,ndcg_at_1,0.3273809523809524,0.3065401785714285,0.34880952380952385,0.3223214285714286,0.3410714285714285,0.31875
half,raw,N,ndcg_at_3,0.38629103383542024,0.36746010523228956,0.40566817699790647,0.3759609623270598,0.39360497173190484,0.3893071674472961
half,raw,N,ndcg_at_5,0.434213666279281,0.4162628716906411,0.4524137394823118,0.41860328744057884,0.44494508149519635,0.4390926299020676
half,raw,N,ndcg_at_10,0.49001628170889416,0.47330029498222076,0.5069104685731396,0.4759562108759867,0.496706150564793,0.49738648368590277
half,raw,Z,average_precision,0.2736582676272961,0.2513516097637177,0.2979201538311637,0.25769233700102645,0.30429452978384486,0.258987936097017
half,raw,Z,trapezoidal_pr_auc,0.26023711500597846,0.23723245897448958,0.28489369417245464,0.24561459288278092,0.2899155065557804,0.24518124557937404
half,raw,Z,roc_auc,0.7285754189944135,0.7144436103351955,0.7438175628491622,0.7022905027932962,0.7494343575418994,0.7340013966480448
half,raw,Z,recall_at_fpr_1pct,0.16166666666666665,0.14,0.18500000000000003,0.15,0.19249999999999998,0.14250000000000002
half,raw,Z,brier,0.04767764087245,0.047125993959380615,0.04821009237799397,0.048666711948807354,0.04614033676691119,0.048225873901631466
half,raw,Z,log_loss,0.2559229585385627,0.2492848972351339,0.26218228938073335,0.2716723816189277,0.22649281128351925,0.269603682713241
half,raw,Z,precision,0.15833333333333335,0.075,0.25,0.0,0.275,0.2
half,raw,Z,recall,0.009166666666666667,0.004166666666666667,0.014166666666666668,0.0,0.015,0.0125
half,raw,Z,f1,0.017243867243867245,0.007864357864357864,0.02676767676767677,0.0,0.028354978354978355,0.023376623376623377
half,raw,Z,specificity,0.9998137802607077,0.9996275605214152,0.9999534450651769,1.0,0.9994413407821229,1.0
half,raw,Z,balanced_accuracy,0.5044902234636872,0.5019902234636872,0.5070367783985102,0.5,0.5072206703910614,0.5062500000000001
half,raw,Z,mcc,0.036015072020279836,0.016345690858277185,0.057091762876630966,0.0,0.05993203770795565,0.048113178352883854
half,raw,Z,map,0.4253630016148695,0.40585304125530064,0.4461414675569703,0.4021572129560703,0.4594094990162332,0.4145222928723051
half,raw,Z,mrr,0.47179002419535315,0.4515543278472865,0.49317884873089146,0.4447850575695651,0.5049475571430398,0.4656374578734545
half,raw,Z,recall_at_1,0.2404761904761905,0.2205357142857143,0.26071428571428573,0.22946428571428573,0.27321428571428574,0.21875
half,raw,Z,recall_at_3,0.4458333333333333,0.4217261904761905,0.47023809523809534,0.4133928571428571,0.4767857142857143,0.4473214285714285
half,raw,Z,recall_at_5,0.5476190476190477,0.524702380952381,0.5717261904761904,0.4946428571428571,0.5875000000000001,0.5607142857142857
half,raw,Z,recall_at_10,0.7044642857142858,0.6839285714285714,0.725595238095238,0.6616071428571428,0.7214285714285713,0.7303571428571429
half,raw,Z,ndcg_at_1,0.32499999999999996,0.29940476190476195,0.3517857142857143,0.3107142857142857,0.3660714285714285,0.2982142857142857
half,raw,Z,ndcg_at_3,0.38989116337393465,0.36773229922290124,0.4131439630347643,0.36426765645260206,0.4244614754246707,0.38094435824453116
half,raw,Z,ndcg_at_5,0.43545742471119403,0.41464648241644425,0.4572968221688074,0.4006467312304706,0.47400730467700225,0.4317182382261093
half,raw,Z,ndcg_at_10,0.4912897313748297,0.4717398736672623,0.511353594524231,0.4597971145741801,0.5218818114385522,0.4921902681117568
half,raw,F_first,average_precision,0.07995319577577432,0.05707177334554072,0.10311092262900055,0.11237979627941569,0.05372946958624736,0.07375032146165994
half,raw,F_first,trapezoidal_pr_auc,0.07862459828820885,0.054702148689421144,0.10270141017110992,0.11119255663075203,0.05172391629825651,0.07295732193561799
half,raw,F_first,roc_auc,0.05892574487895722,0.04175645949720681,0.07611970437616393,0.06290502793296082,0.047859636871508626,0.06601256983240222
half,raw,F_first,recall_at_fpr_1pct,0.05250000000000002,0.024166666666666673,0.08166666666666665,0.07999999999999999,0.020000000000000018,0.05750000000000005
half,raw,F_first,brier,-0.0017330074460460883,-0.0021918951393226685,-0.0012860947058520096,0.00014051103889849842,-0.0017103319322183536,-0.00362920144481841
half,raw,F_first,log_loss,0.0081435952418946,0.0023318865915143024,0.01411954043021014,0.048941502326599606,0.008885068261990259,-0.033395784862906064
half,raw,F_first,precision,-0.26666666666666666,-0.3666666666666667,-0.17500000000000002,0.0,-0.55,-0.25
half,raw,F_first,recall,-0.02,-0.027500000000000007,-0.012500000000000002,0.0,-0.0475,-0.0125
half,raw,F_first,f1,-0.03663498337411381,-0.050254956396260736,-0.023394974590626772,0.0,-0.08609542631281764,-0.023809523809523808
half,raw,F_first,specificity,0.00018621973929237404,0.0,0.00041899441340783233,0.0,0.0005586592178771221,0.0
half,raw,F_first,balanced_accuracy,-0.00990689013035384,-0.013656890130353871,-0.006226722532588454,0.0,-0.023470670391061543,-0.006249999999999978
half,raw,F_first,mcc,-0.06886189278788875,-0.09341715210983353,-0.045703976696309705,0.0,-0.15211085269804583,-0.0544748256656204
half,raw,F_first,map,0.09281346683054452,0.07346838025139443,0.11345330989537179,0.1340891538065132,0.06536270385775123,0.07898854282736911
half,raw,F_first,mrr,0.09166755029436112,0.07027398874555392,0.11392249433330141,0.13972059340993104,0.06205029073544116,0.07323176673771115
half,raw,F_first,recall_at_1,0.07291666666666673,0.052083333333333336,0.09435267857142851,0.125,0.04285714285714293,0.05089285714285724
half,raw,F_first,recall_at_3,0.11577380952380954,0.0895833333333333,0.14255952380952383,0.15803571428571422,0.0892857142857143,0.10000000000000009
half,raw,F_first,recall_at_5,0.12380952380952377,0.09702380952380942,0.15090029761904755,0.14821428571428552,0.10624999999999996,0.11696428571428585
half,raw,F_first,recall_at_10,0.08839285714285705,0.06220238095238092,0.1145833333333333,0.0892857142857143,0.06339285714285692,0.11249999999999993
half,raw,F_first,ndcg_at_1,0.0946428571428571,0.06726190476190479,0.12380952380952377,0.16249999999999992,0.05535714285714288,0.0660714285714285
half,raw,F_first,ndcg_at_3,0.10586460287594635,0.08240273082130056,0.12999122382086625,0.15362256865997093,0.0766847617911921,0.08728647817667601
half,raw,F_first,ndcg_at_5,0.10972271779582855,0.08747557293305486,0.13244911722993344,0.14985330162346855,0.08586108970057504,0.09345376206344208
half,raw,F_first,ndcg_at_10,0.09663513892315828,0.07749852185954832,0.11642495034460877,0.12991831737494752,0.06882909830302703,0.0911580010915003
half,raw,F,average_precision,0.06264124705160413,0.046833507660592966,0.07847861841604566,0.0866333491742111,0.03374377467783138,0.06754661730276994
half,raw,F,trapezoidal_pr_auc,0.06236713491452556,0.045688881180952184,0.07893541814878247,0.08727677346468722,0.03205938939218171,0.06776524188670775
half,raw,F,roc_auc,0.04501513035381749,0.03363687150837985,0.056866154562383704,0.046916899441340754,0.028619064245810177,0.05950942737430154
half,raw,F,recall_at_fpr_1pct,0.0375,0.017083333333333315,0.05833333333333333,0.05374999999999999,0.007500000000000007,0.051250000000000004
half,raw,F,brier,-0.0012822057587066824,-0.001621687941314836,-0.0009570829899965883,-0.0001453865665054961,-0.0016619400706442515,-0.0020392906389702994
half,raw,F,log_loss,0.00505697700649857,0.0006191737230439915,0.009688269363309417,0.025711499061921494,-0.000922687800870764,-0.009617880241555021
half,raw,F,precision,-0.17500000000000002,-0.24583333333333335,-0.1125,0.0,-0.4,-0.125
half,raw,F,recall,-0.012916666666666667,-0.017916666666666668,-0.008333333333333333,0.0,-0.0325,-0.00625
half,raw,F,f1,-0.023728747098312315,-0.032748486416964685,-0.015422077922077925,0.0,-0.05928147939017505,-0.011904761904761904
half,raw,F,specificity,9.310986964618702e-05,0.0,0.00020949720670391617,0.0,0.00027932960893856107,0.0
half,raw,F,balanced_accuracy,-0.0064117783985102594,-0.0089001396648045,-0.004131750465549329,0.0,-0.01611033519553079,-0.003124999999999989
half,raw,F,mcc,-0.04502118994501028,-0.06206263919355918,-0.029607232722770153,0.0,-0.10782615700222065,-0.0272374128328102
half,raw,F,map,0.06754707094404334,0.05449086536907173,0.08165648073221703,0.08960326118917791,0.04210347017260285,0.07093448147034925
half,raw,F,mrr,0.06641543980017754,0.05372681016851818,0.08032651059089112,0.09412643503109644,0.04170386408321872,0.06341602028621748
half,raw,F,recall_at_1,0.050744047619047605,0.037053571428571436,0.06488095238095239,0.07633928571428565,0.02500000000000001,0.05089285714285717
half,raw,F,recall_at_3,0.08139880952380955,0.06324404761904762,0.10044642857142856,0.10580357142857144,0.05535714285714288,0.08303571428571432
half,raw,F,recall_at_5,0.09345238095238091,0.07366071428571432,0.1141369047619047,0.10937499999999989,0.06696428571428567,0.10401785714285716
half,raw,F,recall_at_10,0.062053571428571465,0.04583333333333339,0.07872023809523813,0.06383928571428577,0.0388392857142858,0.08348214285714284
half,raw,F,ndcg_at_1,0.06904761904761904,0.05238095238095242,0.08750000000000002,0.10357142857142856,0.041071428571428564,0.06249999999999997
half,raw,F,ndcg_at_3,0.0752672150875535,0.0600721318741942,0.09160628160827566,0.10211727334044196,0.04893208040709951,0.07475229151511903
half,raw,F,ndcg_at_5,0.08070479947005778,0.06551821453385916,0.09680813097979454,0.10381782510331891,0.054918659212065846,0.08337791409478856
half,raw,F,ndcg_at_10,0.06945144970787527,0.05637867019595678,0.08303975068174438,0.08799604721525084,0.0439007362468653,0.07645756566150966
half,raw,G,average_precision,0.04775559539891306,0.033510540239607825,0.0623021109111342,0.049656345448292866,0.06195161577204614,0.031658824976400185
half,raw,G,trapezoidal_pr_auc,0.04867033880134212,0.0340027344400286,0.06338933402776045,0.052033050423426944,0.06285190257374705,0.03112606340685238
half,raw,G,roc_auc,0.022344622905027884,0.012458653398510223,0.0325384514664804,0.022280027932960966,0.028041201117318226,0.016712639664804463
half,raw,G,recall_at_fpr_1pct,0.035833333333333314,0.019166666666666655,0.05416666666666667,0.031249999999999986,0.05124999999999996,0.024999999999999994
half,raw,G,brier,0.001921659349955929,0.0016305871584034613,0.0022295906402826754,0.0015093455545724735,0.001984590159744778,0.002271042335550536
half,raw,G,log_loss,0.010018950788029243,0.006518375457577485,0.013796308923742888,-0.0049788154274621466,0.009240090242890575,0.0257955775486593
half,raw,G,precision,0.07916666666666668,0.0375,0.125,0.0,0.1375,0.1
half,raw,G,recall,0.004583333333333333,0.0020833333333333333,0.007083333333333334,0.0,0.0075,0.00625
half,raw,G,f1,0.008621933621933623,0.003932178932178932,0.013383838383838385,0.0,0.014177489177489178,0.011688311688311689
half,raw,G,specificity,-9.310986964618702e-05,-0.00018621973929239255,-2.3277467411560632e-05,0.0,-0.00027932960893856107,0.0
half,raw,G,balanced_accuracy,0.002245111731843589,0.0009951117318435603,0.0035183891992551417,0.0,0.003610335195530723,0.0031250000000000444
half,raw,G,mcc,0.018007536010139918,0.008172845429138592,0.028545881438315483,0.0,0.029966018853977826,0.024056589176441927
half,raw,G,map,0.03699126089177479,0.02329279213444654,0.051190593497655694,0.03163387518084826,0.04410198516038624,0.03523792233408987
half,raw,G,mrr,0.04023382300031436,0.02556367702142896,0.05535160251723286,0.03521386634445045,0.05010634050636581,0.035381262150126824
half,raw,G,recall_at_1,0.031101190476190452,0.01502976190476193,0.04717261904761905,0.023214285714285673,0.0433035714285714,0.026785714285714288
half,raw,G,recall_at_3,0.04523809523809524,0.026934523809523835,0.06428571428571432,0.04419642857142855,0.04241071428571433,0.04910714285714282
half,raw,G,recall_at_5,0.03720238095238095,0.022767857142857097,0.05223214285714281,0.029017857142857123,0.04241071428571441,0.040178571428571314
half,raw,G,recall_at_10,0.022470238095238144,0.009668898809523816,0.035866815476190514,0.012946428571428581,0.04017857142857156,0.01428571428571429
half,raw,G,ndcg_at_1,0.04553571428571426,0.02619047619047617,0.06548363095238087,0.041964285714285704,0.059821428571428525,0.03482142857142856
half,raw,G,ndcg_at_3,0.04394214105054978,0.027237323801350053,0.06146698137986281,0.04069046940999099,0.04711025538338601,0.04402569835827233
half,raw,G,ndcg_at_5,0.04042456252882821,0.02647622944393416,0.05527065557808556,0.03405553214271853,0.0474360342387376,0.0397821212050285
half,raw,G,ndcg_at_10,0.035279518863446824,0.023066063836044114,0.04829546855497843,0.02805313237662843,0.04673415859399818,0.031051265619713858
half,raw,final_all,average_precision,0.25069087857058975,0.2334365106143736,0.2689179592747043,0.22494553047633215,0.2769526900423915,0.2501744151930456
half,raw,final_all,trapezoidal_pr_auc,0.23753689752756832,0.21999174809422994,0.25621521123117996,0.2116753097438854,0.26422562922867193,0.23670975361014757
half,raw,final_all,roc_auc,0.7154574022346369,0.7023781230602112,0.7286807398355059,0.6982635009310988,0.7341771415270019,0.7139315642458102
half,raw,final_all,recall_at_fpr_1pct,0.145,0.12833333333333333,0.16333333333333333,0.12749999999999997,0.16416666666666666,0.14333333333333334
half,raw,final_all,brier,0.04814016666996659,0.04770326972929182,0.048562674926196876,0.04912737929596082,0.046895560362510004,0.04839756035142895
half,raw,final_all,log_loss,0.2633868002956789,0.257191481949676,0.26971752240444336,0.28169635225666284,0.23291354246586002,0.2755505061645139
half,raw,final_all,precision,0.16944444444444448,0.11666666666666665,0.225,0.0,0.3583333333333334,0.15
half,raw,final_all,recall,0.011666666666666667,0.008055555555555557,0.015555555555555557,0.0,0.02666666666666667,0.008333333333333333
half,raw,final_all,f1,0.02156712048016396,0.014971649727084507,0.028596890227325006,0.0,0.048972645711776154,0.015728715728715727
half,raw,final_all,specificity,0.9998758535071385,0.9997827436374922,0.9999534450651769,1.0,0.9996275605214153,1.0
half,raw,final_all,balanced_accuracy,0.5057712600869025,0.5039887880198635,0.5077001862197393,0.5,0.513147113594041,0.5041666666666668
half,raw,final_all,mcc,0.04201915063676679,0.029084282392703806,0.055664170807061784,0.0,0.09186145057079897,0.03419600133950142
half,raw,final_all,map,0.4005056199145345,0.3853619616390948,0.4159887340521445,0.374545772910649,0.4253865885196279,0.4015844983133265
half,raw,final_all,mrr,0.4489723425468348,0.4328414007957566,0.4653007089731016,0.42015834778508165,0.47425860028019035,0.4525000795752325
half,raw,final_all,recall_at_1,0.22311507936507938,0.2086309523809524,0.23769841269841266,0.19940476190476195,0.24791666666666667,0.22202380952380948
half,raw,final_all,recall_at_3,0.41011904761904755,0.39107142857142857,0.42976190476190473,0.3833333333333333,0.43333333333333335,0.4136904761904761
half,raw,final_all,recall_at_5,0.5098214285714286,0.4904761904761905,0.5299652777777777,0.4758928571428572,0.5425595238095239,0.5110119047619047
half,raw,final_all,recall_at_10,0.6779761904761905,0.659719742063492,0.6962301587301587,0.6520833333333333,0.6982142857142857,0.6836309523809524
half,raw,final_all,ndcg_at_1,0.30436507936507934,0.28650793650793654,0.3226190476190476,0.2744047619047619,0.3327380952380952,0.3059523809523809
half,raw,final_all,ndcg_at_3,0.3603487042714881,0.3429771396491064,0.3783026630196367,0.33284895195509406,0.385229298968081,0.3629678618912891
half,raw,final_all,ndcg_at_5,0.40504323682913945,0.3877827902064718,0.4225703923050345,0.3742382841650232,0.43414059029809904,0.4067508360242961
half,raw,final_all,ndcg_at_10,0.46469189549214435,0.44858029361067203,0.4808825464529407,0.4366906081850664,0.4897308014594404,0.4676542768319261
half,stage-cal,O,average_precision,0.2392071840422366,0.22241616567138253,0.2574593194787956,0.208572127213985,0.2632817701716648,0.24576765474105994
half,stage-cal,O,trapezoidal_pr_auc,0.22618678878836318,0.20898580943591635,0.24480017374325586,0.19470566817443763,0.2513806905651176,0.23247400762553433
half,stage-cal,O,roc_auc,0.7088983938547487,0.6946638442737431,0.7231448149441341,0.69625,0.726548533519553,0.7038966480446929
half,stage-cal,O,recall_at_fpr_1pct,0.1366666666666667,0.11874999999999998,0.1575,0.11624999999999999,0.14999999999999997,0.14375000000000002
half,stage-cal,O,brier,0.046748600056767786,0.04626777972892492,0.04721628307566056,0.04741781201059759,0.046080352329606354,0.04674763583009941
half,stage-cal,O,log_loss,0.19039937209735358,0.1875162836237976,0.19324092489192835,0.1948588294350158,0.18637989461163207,0.18995939224541286
half,stage-cal,O,precision,0.0,0.0,0.0,0.0,0.0,0.0
half,stage-cal,O,recall,0.0,0.0,0.0,0.0,0.0,0.0
half,stage-cal,O,f1,0.0,0.0,0.0,0.0,0.0,0.0
half,stage-cal,O,specificity,1.0,1.0,1.0,1.0,1.0,1.0
half,stage-cal,O,balanced_accuracy,0.5,0.5,0.5,0.5,0.5,0.5
half,stage-cal,O,mcc,0.0,0.0,0.0,0.0,0.0,0.0
half,stage-cal,O,map,0.3880769290643669,0.3717948256134359,0.4047295776665902,0.3607400528879384,0.40837513327132524,0.39511560103383714
half,stage-cal,O,mrr,0.4375635017225757,0.4200804802591623,0.4552267924559424,0.40784499289283993,0.4589141218487656,0.4459313904261214
half,stage-cal,O,recall_at_1,0.21443452380952377,0.19835937499999998,0.23021205357142854,0.184375,0.23526785714285708,0.22366071428571427
half,stage-cal,O,recall_at_3,0.39226190476190476,0.37172619047619054,0.4136904761904761,0.3683035714285714,0.41160714285714284,0.396875
half,stage-cal,O,recall_at_5,0.490922619047619,0.4693415178571428,0.5129501488095237,0.4665178571428572,0.5200892857142857,0.4861607142857142
half,stage-cal,O,recall_at_10,0.6647321428571428,0.6431510416666666,0.6867559523809524,0.6473214285714286,0.6866071428571429,0.6602678571428571
half,stage-cal,O,ndcg_at_1,0.29404761904761906,0.2747023809523809,0.31339285714285714,0.25625,0.31607142857142856,0.3098214285714286
half,stage-cal,O,ndcg_at_3,0.34557747472026473,0.32676827038523365,0.36480754428678397,0.31713959970634004,0.36561321073978614,0.35397961371466813
half,stage-cal,O,ndcg_at_5,0.38983614288811214,0.37132842248165426,0.40871509342982587,0.3610340606322995,0.4142072331086474,0.3942671349233895
half,stage-cal,O,ndcg_at_10,0.4513929775508017,0.43410433952366717,0.4691575446278432,0.4251373549905096,0.47365529646988463,0.45538628119201086
half,stage-cal,N,average_precision,0.2735230305301128,0.25335673522514757,0.2947342551896637,0.2693425633291767,0.28168186512007354,0.26954466314108816
half,stage-cal,N,trapezoidal_pr_auc,0.2602038336421975,0.2396592964092922,0.28185455376017415,0.25689745359007476,0.26789382183099414,0.25582022550552364
half,stage-cal,N,roc_auc,0.7316788873370577,0.7184239845204842,0.7456486557262569,0.7206878491620112,0.7344168994413407,0.7399319134078213
half,stage-cal,N,recall_at_fpr_1pct,0.15749999999999997,0.13915624999999998,0.17709374999999986,0.15749999999999997,0.16374999999999998,0.15125
half,stage-cal,N,brier,0.04575091224730236,0.04522609523130251,0.04627287677762692,0.045864755249883954,0.04560568206413286,0.04578229942789025
half,stage-cal,N,log_loss,0.18424361396932962,0.18142285593440743,0.18696727209224137,0.18642207763404023,0.18313504288387222,0.18317372139007632
half,stage-cal,N,precision,0.0861111111111111,0.049999999999999996,0.125,0.2333333333333333,0.0,0.025
half,stage-cal,N,recall,0.006250000000000001,0.0033333333333333335,0.009583333333333334,0.0175,0.0,0.00125
half,stage-cal,N,f1,0.011484409310496267,0.006313131313131313,0.01724229876403789,0.03207227555053642,0.0,0.0023809523809523807
half,stage-cal,N,specificity,0.9998836126629422,0.9997672253258845,0.9999767225325885,0.9997206703910615,1.0,0.9999301675977653
half,stage-cal,N,balanced_accuracy,0.5030668063314713,0.5016550279329609,0.5046985567970205,0.5086103351955308,0.5,0.5005900837988827
half,stage-cal,N,mcc,0.021695651887979294,0.012710792655311427,0.031405205211657516,0.0599438017323793,0.0,0.0051431539315585735
half,stage-cal,N,map,0.424119387835389,0.40772499068126883,0.44084937767825316,0.4128454376709513,0.4335293787775405,0.4259833470576752
half,stage-cal,N,mrr,0.4719087418872097,0.45470875924179216,0.48911429905528986,0.4629175348834488,0.47955386158071966,0.47325482919746087
half,stage-cal,N,recall_at_1,0.23854166666666665,0.22335937499999994,0.25446428571428575,0.23124999999999996,0.24910714285714283,0.2352678571428571
half,stage-cal,N,recall_at_3,0.4388392857142857,0.41919270833333333,0.4593787202380952,0.4263392857142857,0.4419642857142857,0.4482142857142857
half,stage-cal,N,recall_at_5,0.5461309523809524,0.5269345238095239,0.5663690476190477,0.521875,0.5566964285714286,0.5598214285714285
half,stage-cal,N,recall_at_10,0.7032738095238096,0.6854166666666667,0.7217261904761904,0.6830357142857144,0.7026785714285715,0.7241071428571428
half,stage-cal,N,ndcg_at_1,0.3273809523809524,0.3065401785714285,0.34880952380952385,0.3223214285714286,0.3410714285714285,0.31875
half,stage-cal,N,ndcg_at_3,0.38629103383542024,0.36746010523228956,0.40566817699790647,0.3759609623270598,0.39360497173190484,0.3893071674472961
half,stage-cal,N,ndcg_at_5,0.434213666279281,0.4162628716906411,0.4524137394823118,0.41860328744057884,0.44494508149519635,0.4390926299020676
half,stage-cal,N,ndcg_at_10,0.49001628170889416,0.47330029498222076,0.5069104685731396,0.4759562108759867,0.496706150564793,0.49738648368590277
half,stage-cal,Z,average_precision,0.2736582676272961,0.2513516097637177,0.2979201538311637,0.25769233700102645,0.30429452978384486,0.258987936097017
half,stage-cal,Z,trapezoidal_pr_auc,0.26023711500597846,0.23723245897448958,0.28489369417245464,0.24561459288278092,0.2899155065557804,0.24518124557937404
half,stage-cal,Z,roc_auc,0.7285754189944135,0.7144436103351955,0.7438175628491622,0.7022905027932962,0.7494343575418994,0.7340013966480448
half,stage-cal,Z,recall_at_fpr_1pct,0.16166666666666665,0.14,0.18500000000000003,0.15,0.19249999999999998,0.14250000000000002
half,stage-cal,Z,brier,0.045779309543882034,0.045155051618003414,0.04636451749542366,0.046524497218920144,0.04466694144982798,0.04614648996289797
half,stage-cal,Z,log_loss,0.18500485849107337,0.18165537427084996,0.1880597063792888,0.19022475382618947,0.179739523561954,0.18505029808507661
half,stage-cal,Z,precision,0.0,0.0,0.0,0.0,0.0,0.0
half,stage-cal,Z,recall,0.0,0.0,0.0,0.0,0.0,0.0
half,stage-cal,Z,f1,0.0,0.0,0.0,0.0,0.0,0.0
half,stage-cal,Z,specificity,1.0,1.0,1.0,1.0,1.0,1.0
half,stage-cal,Z,balanced_accuracy,0.5,0.5,0.5,0.5,0.5,0.5
half,stage-cal,Z,mcc,0.0,0.0,0.0,0.0,0.0,0.0
half,stage-cal,Z,map,0.4253630016148695,0.40585304125530064,0.4461414675569703,0.4021572129560703,0.4594094990162332,0.4145222928723051
half,stage-cal,Z,mrr,0.47179002419535315,0.4515543278472865,0.49317884873089146,0.4447850575695651,0.5049475571430398,0.4656374578734545
half,stage-cal,Z,recall_at_1,0.2404761904761905,0.2205357142857143,0.26071428571428573,0.22946428571428573,0.27321428571428574,0.21875
half,stage-cal,Z,recall_at_3,0.4458333333333333,0.4217261904761905,0.47023809523809534,0.4133928571428571,0.4767857142857143,0.4473214285714285
half,stage-cal,Z,recall_at_5,0.5476190476190477,0.524702380952381,0.5717261904761904,0.4946428571428571,0.5875000000000001,0.5607142857142857
half,stage-cal,Z,recall_at_10,0.7044642857142858,0.6839285714285714,0.725595238095238,0.6616071428571428,0.7214285714285713,0.7303571428571429
half,stage-cal,Z,ndcg_at_1,0.32499999999999996,0.29940476190476195,0.3517857142857143,0.3107142857142857,0.3660714285714285,0.2982142857142857
half,stage-cal,Z,ndcg_at_3,0.38989116337393465,0.36773229922290124,0.4131439630347643,0.36426765645260206,0.4244614754246707,0.38094435824453116
half,stage-cal,Z,ndcg_at_5,0.43545742471119403,0.41464648241644425,0.4572968221688074,0.4006467312304706,0.47400730467700225,0.4317182382261093
half,stage-cal,Z,ndcg_at_10,0.4912897313748297,0.4717398736672623,0.511353594524231,0.4597971145741801,0.5218818114385522,0.4921902681117568
half,stage-cal,F_first,average_precision,0.07995319577577432,0.05707177334554072,0.10311092262900055,0.11237979627941569,0.05372946958624736,0.07375032146165994
half,stage-cal,F_first,trapezoidal_pr_auc,0.07862459828820885,0.054702148689421144,0.10270141017110992,0.11119255663075203,0.05172391629825651,0.07295732193561799
half,stage-cal,F_first,roc_auc,0.05892574487895722,0.04175645949720681,0.07611970437616393,0.06290502793296082,0.047859636871508626,0.06601256983240222
half,stage-cal,F_first,recall_at_fpr_1pct,0.05250000000000002,0.024166666666666673,0.08166666666666665,0.07999999999999999,0.020000000000000018,0.05750000000000005
half,stage-cal,F_first,brier,0.003124908976826423,0.0024872630920172415,0.0038132832834170665,0.0037232533553161473,0.002105261366799248,0.0035462122083638747
half,stage-cal,F_first,log_loss,0.016584935989823923,0.013461367321287976,0.019936894357831077,0.020272815008816697,0.012797803951189402,0.016684189009465666
half,stage-cal,F_first,precision,0.5727777777777777,0.46915972222222224,0.6763888888888888,0.5,0.5841666666666667,0.6341666666666667
half,stage-cal,F_first,recall,0.07,0.055833333333333346,0.08416666666666667,0.034999999999999996,0.07500000000000001,0.1
half,stage-cal,F_first,f1,0.1217561954953259,0.09860426077545642,0.14536047979797972,0.06455862977602109,0.13036768304159607,0.17034227366836058
half,stage-cal,F_first,specificity,-0.0015828677839852718,-0.0020949720670392358,-0.0011173184357542443,-0.0002793296089386166,-0.0023743016759777413,-0.002094972067039458
half,stage-cal,F_first,balanced_accuracy,0.03420856610800749,0.027308601024208595,0.041339618249534464,0.01736033519553082,0.036312849162011274,0.04895251396648037
half,stage-cal,F_first,mcc,0.1849953641287145,0.1508063473520904,0.21858133762760174,0.12518029451851675,0.1931005871978488,0.23670521066977787
half,stage-cal,F_first,map,0.09281346683054452,0.07346838025139443,0.11345330989537179,0.1340891538065132,0.06536270385775123,0.07898854282736911
half,stage-cal,F_first,mrr,0.09166755029436112,0.07027398874555392,0.11392249433330141,0.13972059340993104,0.06205029073544116,0.07323176673771115
half,stage-cal,F_first,recall_at_1,0.07291666666666673,0.052083333333333336,0.09435267857142851,0.125,0.04285714285714293,0.05089285714285724
half,stage-cal,F_first,recall_at_3,0.11577380952380954,0.0895833333333333,0.14255952380952383,0.15803571428571422,0.0892857142857143,0.10000000000000009
half,stage-cal,F_first,recall_at_5,0.12380952380952377,0.09702380952380942,0.15090029761904755,0.14821428571428552,0.10624999999999996,0.11696428571428585
half,stage-cal,F_first,recall_at_10,0.08839285714285705,0.06220238095238092,0.1145833333333333,0.0892857142857143,0.06339285714285692,0.11249999999999993
half,stage-cal,F_first,ndcg_at_1,0.0946428571428571,0.06726190476190479,0.12380952380952377,0.16249999999999992,0.05535714285714288,0.0660714285714285
half,stage-cal,F_first,ndcg_at_3,0.10586460287594635,0.08240273082130056,0.12999122382086625,0.15362256865997093,0.0766847617911921,0.08728647817667601
half,stage-cal,F_first,ndcg_at_5,0.10972271779582855,0.08747557293305486,0.13244911722993344,0.14985330162346855,0.08586108970057504,0.09345376206344208
half,stage-cal,F_first,ndcg_at_10,0.09663513892315828,0.07749852185954832,0.11642495034460877,0.12991831737494752,0.06882909830302703,0.0911580010915003
half,stage-cal,F,average_precision,0.06264124705160413,0.046833507660592966,0.07847861841604566,0.0866333491742111,0.03374377467783138,0.06754661730276994
half,stage-cal,F,trapezoidal_pr_auc,0.06236713491452556,0.045688881180952184,0.07893541814878247,0.08727677346468722,0.03205938939218171,0.06776524188670775
half,stage-cal,F,roc_auc,0.04501513035381749,0.03363687150837985,0.056866154562383704,0.046916899441340754,0.028619064245810177,0.05950942737430154
half,stage-cal,F,recall_at_fpr_1pct,0.0375,0.017083333333333315,0.05833333333333333,0.05374999999999999,0.007500000000000007,0.051250000000000004
half,stage-cal,F,brier,0.0022268506126618833,0.0018024183338729482,0.0026726121441958536,0.002810063304308351,0.0011850341405849306,0.002685454393092368
half,stage-cal,F,log_loss,0.01249407048818441,0.01027959375847039,0.014840929257224099,0.014873940953755105,0.008174494697992113,0.014433775812806013
half,stage-cal,F,precision,0.3725,0.3070833333333333,0.4358368055555555,0.4833333333333333,0.29208333333333336,0.34208333333333335
half,stage-cal,F,recall,0.04125,0.03373958333333334,0.04916666666666667,0.035,0.037500000000000006,0.051250000000000004
half,stage-cal,F,f1,0.07236250705815922,0.05914064715477759,0.08601395790200136,0.06435159043854696,0.06518384152079804,0.08755208921513268
half,stage-cal,F,specificity,-0.0009078212290503836,-0.001256983240223479,-0.0006052141527002619,-0.00041899441340786936,-0.0011871508379888707,-0.0011173184357544108
half,stage-cal,F,balanced_accuracy,0.020171089385474905,0.016294198091247707,0.024256284916201076,0.017290502793296192,0.018156424581005637,0.025066340782122887
half,stage-cal,F,mcc,0.11419333395233654,0.09392123262986682,0.1342856412889452,0.12253394899163768,0.0965502935989244,0.12349575926644751
half,stage-cal,F,map,0.06754707094404334,0.05449086536907173,0.08165648073221703,0.08960326118917791,0.04210347017260285,0.07093448147034925
half,stage-cal,F,mrr,0.06641543980017754,0.05372681016851818,0.08032651059089112,0.09412643503109644,0.04170386408321872,0.06341602028621748
half,stage-cal,F,recall_at_1,0.050744047619047605,0.037053571428571436,0.06488095238095239,0.07633928571428565,0.02500000000000001,0.05089285714285717
half,stage-cal,F,recall_at_3,0.08139880952380955,0.06324404761904762,0.10044642857142856,0.10580357142857144,0.05535714285714288,0.08303571428571432
half,stage-cal,F,recall_at_5,0.09345238095238091,0.07366071428571432,0.1141369047619047,0.10937499999999989,0.06696428571428567,0.10401785714285716
half,stage-cal,F,recall_at_10,0.062053571428571465,0.04583333333333339,0.07872023809523813,0.06383928571428577,0.0388392857142858,0.08348214285714284
half,stage-cal,F,ndcg_at_1,0.06904761904761904,0.05238095238095242,0.08750000000000002,0.10357142857142856,0.041071428571428564,0.06249999999999997
half,stage-cal,F,ndcg_at_3,0.0752672150875535,0.0600721318741942,0.09160628160827566,0.10211727334044196,0.04893208040709951,0.07475229151511903
half,stage-cal,F,ndcg_at_5,0.08070479947005778,0.06551821453385916,0.09680813097979454,0.10381782510331891,0.054918659212065846,0.08337791409478856
half,stage-cal,F,ndcg_at_10,0.06945144970787527,0.05637867019595678,0.08303975068174438,0.08799604721525084,0.0439007362468653,0.07645756566150966
half,stage-cal,G,average_precision,0.04775559539891306,0.033510540239607825,0.0623021109111342,0.049656345448292866,0.06195161577204614,0.031658824976400185
half,stage-cal,G,trapezoidal_pr_auc,0.04867033880134212,0.0340027344400286,0.06338933402776045,0.052033050423426944,0.06285190257374705,0.03112606340685238
half,stage-cal,G,roc_auc,0.022344622905027884,0.012458653398510223,0.0325384514664804,0.022280027932960966,0.028041201117318226,0.016712639664804463
half,stage-cal,G,recall_at_fpr_1pct,0.035833333333333314,0.019166666666666655,0.05416666666666667,0.031249999999999986,0.05124999999999996,0.024999999999999994
half,stage-cal,G,brier,0.0014342338537899613,0.0010457591556668818,0.0018332476784175317,0.0015085986012320952,0.0019802947441762385,0.0008138082159615499
half,stage-cal,G,log_loss,0.006147069585062527,0.004142655965592733,0.008192570473717527,0.006533509608221827,0.007638251893121603,0.00426944725384415
half,stage-cal,G,precision,-0.13055555555555556,-0.19166666666666665,-0.06944444444444446,0.05833333333333331,-0.21250000000000005,-0.2375
half,stage-cal,G,recall,-0.010833333333333334,-0.01625,-0.005416666666666667,0.008750000000000003,-0.018750000000000003,-0.0225
half,stage-cal,G,f1,-0.019518464627160274,-0.028813264030655327,-0.010131105307735741,0.015405608883869755,-0.03359068467764119,-0.04037031808770939
half,stage-cal,G,specificity,0.0009078212290503281,0.0006052141527001694,0.0012569832402234604,-6.983240223457088e-05,0.0017458100558659373,0.0010474860335196179
half,stage-cal,G,balanced_accuracy,-0.00496275605214147,-0.007636464152700215,-0.002299551908752317,0.004340083798882732,-0.008502094972066998,-0.010726256983240146
half,stage-cal,G,mcc,-0.03270163073740707,-0.04917308328456886,-0.016515038651893296,0.022724409671455417,-0.054466553258299986,-0.06636274862537662
half,stage-cal,G,map,0.03699126089177479,0.02329279213444654,0.051190593497655694,0.03163387518084826,0.04410198516038624,0.03523792233408987
half,stage-cal,G,mrr,0.04023382300031436,0.02556367702142896,0.05535160251723286,0.03521386634445045,0.05010634050636581,0.035381262150126824
half,stage-cal,G,recall_at_1,0.031101190476190452,0.01502976190476193,0.04717261904761905,0.023214285714285673,0.0433035714285714,0.026785714285714288
half,stage-cal,G,recall_at_3,0.04523809523809524,0.026934523809523835,0.06428571428571432,0.04419642857142855,0.04241071428571433,0.04910714285714282
half,stage-cal,G,recall_at_5,0.03720238095238095,0.022767857142857097,0.05223214285714281,0.029017857142857123,0.04241071428571441,0.040178571428571314
half,stage-cal,G,recall_at_10,0.022470238095238144,0.009668898809523816,0.035866815476190514,0.012946428571428581,0.04017857142857156,0.01428571428571429
half,stage-cal,G,ndcg_at_1,0.04553571428571426,0.02619047619047617,0.06548363095238087,0.041964285714285704,0.059821428571428525,0.03482142857142856
half,stage-cal,G,ndcg_at_3,0.04394214105054978,0.027237323801350053,0.06146698137986281,0.04069046940999099,0.04711025538338601,0.04402569835827233
half,stage-cal,G,ndcg_at_5,0.04042456252882821,0.02647622944393416,0.05527065557808556,0.03405553214271853,0.0474360342387376,0.0397821212050285
half,stage-cal,G,ndcg_at_10,0.035279518863446824,0.023066063836044114,0.04829546855497843,0.02805313237662843,0.04673415859399818,0.031051265619713858
half,stage-cal,final_all,average_precision,0.25069087857058975,0.2334365106143736,0.2689179592747043,0.22494553047633215,0.2769526900423915,0.2501744151930456
half,stage-cal,final_all,trapezoidal_pr_auc,0.23753689752756832,0.21999174809422994,0.25621521123117996,0.2116753097438854,0.26422562922867193,0.23670975361014757
half,stage-cal,final_all,roc_auc,0.7154574022346369,0.7023781230602112,0.7286807398355059,0.6982635009310988,0.7341771415270019,0.7139315642458102
half,stage-cal,final_all,recall_at_fpr_1pct,0.145,0.12833333333333333,0.16333333333333333,0.12749999999999997,0.16416666666666666,0.14333333333333334
half,stage-cal,final_all,brier,0.04642550321913921,0.04595433942702832,0.04689367937929292,0.047120040413371776,0.04560921536968023,0.04654725387436559
half,stage-cal,final_all,log_loss,0.1886012008952602,0.18584906492164138,0.19134818715526558,0.19331413756540705,0.1841664375950727,0.1883230275253008
half,stage-cal,final_all,precision,0.0,0.0,0.0,0.0,0.0,0.0
half,stage-cal,final_all,recall,0.0,0.0,0.0,0.0,0.0,0.0
half,stage-cal,final_all,f1,0.0,0.0,0.0,0.0,0.0,0.0
half,stage-cal,final_all,specificity,1.0,1.0,1.0,1.0,1.0,1.0
half,stage-cal,final_all,balanced_accuracy,0.5,0.5,0.5,0.5,0.5,0.5
half,stage-cal,final_all,mcc,0.0,0.0,0.0,0.0,0.0,0.0
half,stage-cal,final_all,map,0.4005056199145345,0.3853619616390948,0.4159887340521445,0.374545772910649,0.4253865885196279,0.4015844983133265
half,stage-cal,final_all,mrr,0.4489723425468348,0.4328414007957566,0.4653007089731016,0.42015834778508165,0.47425860028019035,0.4525000795752325
half,stage-cal,final_all,recall_at_1,0.22311507936507938,0.2086309523809524,0.23769841269841266,0.19940476190476195,0.24791666666666667,0.22202380952380948
half,stage-cal,final_all,recall_at_3,0.41011904761904755,0.39107142857142857,0.42976190476190473,0.3833333333333333,0.43333333333333335,0.4136904761904761
half,stage-cal,final_all,recall_at_5,0.5098214285714286,0.4904761904761905,0.5299652777777777,0.4758928571428572,0.5425595238095239,0.5110119047619047
half,stage-cal,final_all,recall_at_10,0.6779761904761905,0.659719742063492,0.6962301587301587,0.6520833333333333,0.6982142857142857,0.6836309523809524
half,stage-cal,final_all,ndcg_at_1,0.30436507936507934,0.28650793650793654,0.3226190476190476,0.2744047619047619,0.3327380952380952,0.3059523809523809
half,stage-cal,final_all,ndcg_at_3,0.3603487042714881,0.3429771396491064,0.3783026630196367,0.33284895195509406,0.385229298968081,0.3629678618912891
half,stage-cal,final_all,ndcg_at_5,0.40504323682913945,0.3877827902064718,0.4225703923050345,0.3742382841650232,0.43414059029809904,0.4067508360242961
half,stage-cal,final_all,ndcg_at_10,0.46469189549214435,0.44858029361067203,0.4808825464529407,0.4366906081850664,0.4897308014594404,0.4676542768319261
half,first-cal,O,average_precision,0.2392071840422366,0.22241616567138253,0.2574593194787956,0.208572127213985,0.2632817701716648,0.24576765474105994
half,first-cal,O,trapezoidal_pr_auc,0.22618678878836318,0.20898580943591635,0.24480017374325586,0.19470566817443763,0.2513806905651176,0.23247400762553433
half,first-cal,O,roc_auc,0.7088983938547487,0.6946638442737431,0.7231448149441341,0.69625,0.726548533519553,0.7038966480446929
half,first-cal,O,recall_at_fpr_1pct,0.1366666666666667,0.11874999999999998,0.1575,0.11624999999999999,0.14999999999999997,0.14375000000000002
half,first-cal,O,brier,0.05503083359743786,0.05351152179045116,0.0564677451554021,0.04922404944781581,0.04914704301906486,0.06672140832543291
half,first-cal,O,log_loss,0.22033185387088702,0.2148634621533512,0.22573920062935057,0.21032595632179718,0.20013278527858036,0.2505368200122835
half,first-cal,O,precision,0.3897800414056061,0.34799257842605724,0.43135478988971665,0.4459722222222222,0.45161886724386724,0.271749034750729
half,first-cal,O,recall,0.17375000000000004,0.15958333333333333,0.18791666666666665,0.09500000000000001,0.14875,0.2775000000000001
half,first-cal,O,f1,0.21150624940690346,0.19380205974860878,0.2291127263100611,0.14960956149187032,0.2167199557571257,0.26818923097171443
half,first-cal,O,specificity,0.978538175046555,0.9763268156424582,0.9808199487895718,0.992527932960894,0.9887569832402237,0.9543296089385476
half,first-cal,O,balanced_accuracy,0.5761440875232775,0.5689908926908753,0.5834154155027932,0.5437639664804469,0.5687534916201118,0.6159148044692737
half,first-cal,O,mcc,0.21298305546028962,0.1921466082832337,0.23385076230799998,0.17872039465651268,0.23116993867301364,0.22905883305134261
half,first-cal,O,map,0.3880769290643669,0.3717948256134359,0.4047295776665902,0.3607400528879384,0.40837513327132524,0.39511560103383714
half,first-cal,O,mrr,0.4375635017225757,0.4200804802591623,0.4552267924559424,0.40784499289283993,0.4589141218487656,0.4459313904261214
half,first-cal,O,recall_at_1,0.21443452380952377,0.19835937499999998,0.23021205357142854,0.184375,0.23526785714285708,0.22366071428571427
half,first-cal,O,recall_at_3,0.39226190476190476,0.37172619047619054,0.4136904761904761,0.3683035714285714,0.41160714285714284,0.396875
half,first-cal,O,recall_at_5,0.490922619047619,0.4693415178571428,0.5129501488095237,0.4665178571428572,0.5200892857142857,0.4861607142857142
half,first-cal,O,recall_at_10,0.6647321428571428,0.6431510416666666,0.6867559523809524,0.6473214285714286,0.6866071428571429,0.6602678571428571
half,first-cal,O,ndcg_at_1,0.29404761904761906,0.2747023809523809,0.31339285714285714,0.25625,0.31607142857142856,0.3098214285714286
half,first-cal,O,ndcg_at_3,0.34557747472026473,0.32676827038523365,0.36480754428678397,0.31713959970634004,0.36561321073978614,0.35397961371466813
half,first-cal,O,ndcg_at_5,0.38983614288811214,0.37132842248165426,0.40871509342982587,0.3610340606322995,0.4142072331086474,0.3942671349233895
half,first-cal,O,ndcg_at_10,0.4513929775508017,0.43410433952366717,0.4691575446278432,0.4251373549905096,0.47365529646988463,0.45538628119201086
half,first-cal,N,average_precision,0.2735230305301128,0.25335673522514757,0.2947342551896637,0.2693425633291767,0.28168186512007354,0.26954466314108816
half,first-cal,N,trapezoidal_pr_auc,0.2602038336421975,0.2396592964092922,0.28185455376017415,0.25689745359007476,0.26789382183099414,0.25582022550552364
half,first-cal,N,roc_auc,0.7316788873370577,0.7184239845204842,0.7456486557262569,0.7206878491620112,0.7344168994413407,0.7399319134078213
half,first-cal,N,recall_at_fpr_1pct,0.15749999999999997,0.13915624999999998,0.17709374999999986,0.15749999999999997,0.16374999999999998,0.15125
half,first-cal,N,brier,0.050300445416524765,0.04905256185267163,0.05157142598974936,0.04637645071213471,0.04584427256991973,0.05868061296751985
half,first-cal,N,log_loss,0.20227373983359134,0.19739759495639733,0.20702074511970836,0.19596196463185497,0.1890306936174892,0.22182856125142986
half,first-cal,N,precision,0.48560840570534847,0.42523799033413645,0.5462335461639108,0.5723809523809524,0.5457638888888888,0.33868037584620403
half,first-cal,N,recall,0.15833333333333335,0.14457291666666666,0.1729166666666667,0.08875000000000001,0.12375,0.2625
half,first-cal,N,f1,0.20581168109043638,0.187531257758885,0.2244745471229074,0.1480214881736621,0.18790143949379773,0.2815121156038493
half,first-cal,N,specificity,0.9852420856610801,0.9834729981378026,0.9869413407821229,0.9956703910614526,0.9940642458100559,0.9659916201117318
half,first-cal,N,balanced_accuracy,0.5717877094972067,0.5647924231843575,0.5790538291433891,0.5422101955307262,0.5589071229050279,0.614245810055866
half,first-cal,N,mcc,0.22833021433643028,0.20439286528472453,0.2528487026662055,0.20224193258843137,0.22814954340858243,0.25459916701227703
half,first-cal,N,map,0.424119387835389,0.40772499068126883,0.44084937767825316,0.4128454376709513,0.4335293787775405,0.4259833470576752
half,first-cal,N,mrr,0.4719087418872097,0.45470875924179216,0.48911429905528986,0.4629175348834488,0.47955386158071966,0.47325482919746087
half,first-cal,N,recall_at_1,0.23854166666666665,0.22335937499999994,0.25446428571428575,0.23124999999999996,0.24910714285714283,0.2352678571428571
half,first-cal,N,recall_at_3,0.4388392857142857,0.41919270833333333,0.4593787202380952,0.4263392857142857,0.4419642857142857,0.4482142857142857
half,first-cal,N,recall_at_5,0.5461309523809524,0.5269345238095239,0.5663690476190477,0.521875,0.5566964285714286,0.5598214285714285
half,first-cal,N,recall_at_10,0.7032738095238096,0.6854166666666667,0.7217261904761904,0.6830357142857144,0.7026785714285715,0.7241071428571428
half,first-cal,N,ndcg_at_1,0.3273809523809524,0.3065401785714285,0.34880952380952385,0.3223214285714286,0.3410714285714285,0.31875
half,first-cal,N,ndcg_at_3,0.38629103383542024,0.36746010523228956,0.40566817699790647,0.3759609623270598,0.39360497173190484,0.3893071674472961
half,first-cal,N,ndcg_at_5,0.434213666279281,0.4162628716906411,0.4524137394823118,0.41860328744057884,0.44494508149519635,0.4390926299020676
half,first-cal,N,ndcg_at_10,0.49001628170889416,0.47330029498222076,0.5069104685731396,0.4759562108759867,0.496706150564793,0.49738648368590277
half,first-cal,Z,average_precision,0.2736582676272961,0.2513516097637177,0.2979201538311637,0.25769233700102645,0.30429452978384486,0.258987936097017
half,first-cal,Z,trapezoidal_pr_auc,0.26023711500597846,0.23723245897448958,0.28489369417245464,0.24561459288278092,0.2899155065557804,0.24518124557937404
half,first-cal,Z,roc_auc,0.7285754189944135,0.7144436103351955,0.7438175628491622,0.7022905027932962,0.7494343575418994,0.7340013966480448
half,first-cal,Z,recall_at_fpr_1pct,0.16166666666666665,0.14,0.18500000000000003,0.15,0.19249999999999998,0.14250000000000002
half,first-cal,Z,brier,0.052608909314255346,0.0509004435247379,0.05427160087635346,0.04764283300812779,0.045852309499662285,0.06433158543497597
half,first-cal,Z,log_loss,0.20975994097062997,0.20327771265603276,0.21587349820378735,0.20176881412950323,0.18841701770698446,0.23909399107540225
half,first-cal,Z,precision,0.4361550444739299,0.3834651437621832,0.4917402550835148,0.4989285714285715,0.5365277777777777,0.27300878421544056
half,first-cal,Z,recall,0.19833333333333333,0.18000000000000002,0.21749999999999994,0.11000000000000001,0.19249999999999998,0.2925
half,first-cal,Z,f1,0.24413689077434864,0.2210563168080788,0.26757891599037764,0.17630130497521804,0.27738277735010247,0.27872658999772537
half,first-cal,Z,specificity,0.9793761638733706,0.97695530726257,0.981657355679702,0.9930167597765364,0.9903631284916201,0.9547486033519552
half,first-cal,Z,balanced_accuracy,0.5888547486033519,0.5796688780260707,0.5984386638733705,0.5515083798882681,0.5914315642458099,0.6236243016759777
half,first-cal,Z,mcc,0.2489328382655712,0.22095417821445354,0.2771549917722622,0.2116596711723004,0.2963563041589798,0.23878253946543343
half,first-cal,Z,map,0.4253630016148695,0.40585304125530064,0.4461414675569703,0.4021572129560703,0.4594094990162332,0.4145222928723051
half,first-cal,Z,mrr,0.47179002419535315,0.4515543278472865,0.49317884873089146,0.4447850575695651,0.5049475571430398,0.4656374578734545
half,first-cal,Z,recall_at_1,0.2404761904761905,0.2205357142857143,0.26071428571428573,0.22946428571428573,0.27321428571428574,0.21875
half,first-cal,Z,recall_at_3,0.4458333333333333,0.4217261904761905,0.47023809523809534,0.4133928571428571,0.4767857142857143,0.4473214285714285
half,first-cal,Z,recall_at_5,0.5476190476190477,0.524702380952381,0.5717261904761904,0.4946428571428571,0.5875000000000001,0.5607142857142857
half,first-cal,Z,recall_at_10,0.7044642857142858,0.6839285714285714,0.725595238095238,0.6616071428571428,0.7214285714285713,0.7303571428571429
half,first-cal,Z,ndcg_at_1,0.32499999999999996,0.29940476190476195,0.3517857142857143,0.3107142857142857,0.3660714285714285,0.2982142857142857
half,first-cal,Z,ndcg_at_3,0.38989116337393465,0.36773229922290124,0.4131439630347643,0.36426765645260206,0.4244614754246707,0.38094435824453116
half,first-cal,Z,ndcg_at_5,0.43545742471119403,0.41464648241644425,0.4572968221688074,0.4006467312304706,0.47400730467700225,0.4317182382261093
half,first-cal,Z,ndcg_at_10,0.4912897313748297,0.4717398736672623,0.511353594524231,0.4597971145741801,0.5218818114385522,0.4921902681117568
half,first-cal,F_first,average_precision,0.07995319577577432,0.05707177334554072,0.10311092262900055,0.11237979627941569,0.05372946958624736,0.07375032146165994
half,first-cal,F_first,trapezoidal_pr_auc,0.07862459828820885,0.054702148689421144,0.10270141017110992,0.11119255663075203,0.05172391629825651,0.07295732193561799
half,first-cal,F_first,roc_auc,0.05892574487895722,0.04175645949720681,0.07611970437616393,0.06290502793296082,0.047859636871508626,0.06601256983240222
half,first-cal,F_first,recall_at_fpr_1pct,0.05250000000000002,0.024166666666666673,0.08166666666666665,0.07999999999999999,0.020000000000000018,0.05750000000000005
half,first-cal,F_first,brier,0.010965548689957812,0.009284674070760498,0.012636135741328212,0.005203987185698665,0.0047969286845193915,0.02289573019965538
half,first-cal,F_first,log_loss,0.04522250851166119,0.03984891177736095,0.050567136238415,0.036392523263527765,0.025581907014910477,0.07369309525654533
half,first-cal,F_first,precision,0.15987843569112922,0.04841062028213733,0.264220571451157,0.021666666666666667,0.11555194805194813,0.3424166923547729
half,first-cal,F_first,recall,-0.11000000000000003,-0.12999999999999998,-0.09083333333333332,-0.04750000000000002,-0.0875,-0.19500000000000003
half,first-cal,F_first,f1,-0.09744870951636316,-0.1270544021958026,-0.06851864777048731,-0.06984665908803839,-0.10507714505835608,-0.11742232440269501
half,first-cal,F_first,specificity,0.019227188081936464,0.016527001862197317,0.021927374301675795,0.0054469273743015245,0.009357541899441046,0.04287709497206682
half,first-cal,F_first,balanced_accuracy,-0.045386405959031574,-0.05569465782122892,-0.03536039338919921,-0.02102653631284912,-0.039071229050279155,-0.07606145251396645
half,first-cal,F_first,mcc,-0.03855021677267931,-0.07755335483602263,-0.0015728917318181626,-0.04777092888496637,-0.05567478378981752,-0.012204937643254032
half,first-cal,F_first,map,0.09281346683054452,0.07346838025139443,0.11345330989537179,0.1340891538065132,0.06536270385775123,0.07898854282736911
half,first-cal,F_first,mrr,0.09166755029436112,0.07027398874555392,0.11392249433330141,0.13972059340993104,0.06205029073544116,0.07323176673771115
half,first-cal,F_first,recall_at_1,0.07291666666666673,0.052083333333333336,0.09435267857142851,0.125,0.04285714285714293,0.05089285714285724
half,first-cal,F_first,recall_at_3,0.11577380952380954,0.0895833333333333,0.14255952380952383,0.15803571428571422,0.0892857142857143,0.10000000000000009
half,first-cal,F_first,recall_at_5,0.12380952380952377,0.09702380952380942,0.15090029761904755,0.14821428571428552,0.10624999999999996,0.11696428571428585
half,first-cal,F_first,recall_at_10,0.08839285714285705,0.06220238095238092,0.1145833333333333,0.0892857142857143,0.06339285714285692,0.11249999999999993
half,first-cal,F_first,ndcg_at_1,0.0946428571428571,0.06726190476190479,0.12380952380952377,0.16249999999999992,0.05535714285714288,0.0660714285714285
half,first-cal,F_first,ndcg_at_3,0.10586460287594635,0.08240273082130056,0.12999122382086625,0.15362256865997093,0.0766847617911921,0.08728647817667601
half,first-cal,F_first,ndcg_at_5,0.10972271779582855,0.08747557293305486,0.13244911722993344,0.14985330162346855,0.08586108970057504,0.09345376206344208
half,first-cal,F_first,ndcg_at_10,0.09663513892315828,0.07749852185954832,0.11642495034460877,0.12991831737494752,0.06882909830302703,0.0911580010915003
half,first-cal,F,average_precision,0.06264124705160413,0.046833507660592966,0.07847861841604566,0.0866333491742111,0.03374377467783138,0.06754661730276994
half,first-cal,F,trapezoidal_pr_auc,0.06236713491452556,0.045688881180952184,0.07893541814878247,0.08727677346468722,0.03205938939218171,0.06776524188670775
half,first-cal,F,roc_auc,0.04501513035381749,0.03363687150837985,0.056866154562383704,0.046916899441340754,0.028619064245810177,0.05950942737430154
half,first-cal,F,recall_at_fpr_1pct,0.0375,0.017083333333333315,0.05833333333333333,0.05374999999999999,0.007500000000000007,0.051250000000000004
half,first-cal,F,brier,0.00937435086929621,0.0082647376141808,0.010480115176111464,0.004663773173879636,0.004605818349173715,0.018853461084835276
half,first-cal,F,log_loss,0.036773967637234395,0.032867733303360146,0.04070617503106091,0.02657321099437862,0.020370481703838664,0.0633782102134859
half,first-cal,F,precision,0.16413973095166623,0.09621336022185964,0.2310879004376694,0.12694444444444447,0.11796446608946612,0.2475102823210881
half,first-cal,F,recall,-0.07958333333333335,-0.09333333333333331,-0.06624999999999998,-0.04375000000000001,-0.08374999999999999,-0.11125000000000004
half,first-cal,F,f1,-0.06688491595597847,-0.0852005879230448,-0.048459744435741796,-0.0574594109178067,-0.10232606341758117,-0.040869273532547545
half,first-cal,F,specificity,0.016224394785847102,0.014385474860335146,0.017924231843575417,0.006494413407821087,0.008938547486033344,0.03324022346368688
half,first-cal,F,balanced_accuracy,-0.03167946927374297,-0.03858714501862197,-0.024896968109869647,-0.018627793296089268,-0.037405726256983185,-0.03900488826815646
half,first-cal,F,mcc,-0.01662157819228773,-0.04028085479186763,0.005855181045089349,-0.019718150394973114,-0.0546482537449967,0.02450166956310662
half,first-cal,F,map,0.06754707094404334,0.05449086536907173,0.08165648073221703,0.08960326118917791,0.04210347017260285,0.07093448147034925
half,first-cal,F,mrr,0.06641543980017754,0.05372681016851818,0.08032651059089112,0.09412643503109644,0.04170386408321872,0.06341602028621748
half,first-cal,F,recall_at_1,0.050744047619047605,0.037053571428571436,0.06488095238095239,0.07633928571428565,0.02500000000000001,0.05089285714285717
half,first-cal,F,recall_at_3,0.08139880952380955,0.06324404761904762,0.10044642857142856,0.10580357142857144,0.05535714285714288,0.08303571428571432
half,first-cal,F,recall_at_5,0.09345238095238091,0.07366071428571432,0.1141369047619047,0.10937499999999989,0.06696428571428567,0.10401785714285716
half,first-cal,F,recall_at_10,0.062053571428571465,0.04583333333333339,0.07872023809523813,0.06383928571428577,0.0388392857142858,0.08348214285714284
half,first-cal,F,ndcg_at_1,0.06904761904761904,0.05238095238095242,0.08750000000000002,0.10357142857142856,0.041071428571428564,0.06249999999999997
half,first-cal,F,ndcg_at_3,0.0752672150875535,0.0600721318741942,0.09160628160827566,0.10211727334044196,0.04893208040709951,0.07475229151511903
half,first-cal,F,ndcg_at_5,0.08070479947005778,0.06551821453385916,0.09680813097979454,0.10381782510331891,0.054918659212065846,0.08337791409478856
half,first-cal,F,ndcg_at_10,0.06945144970787527,0.05637867019595678,0.08303975068174438,0.08799604721525084,0.0439007362468653,0.07645756566150966
half,first-cal,G,average_precision,0.04775559539891306,0.033510540239607825,0.0623021109111342,0.049656345448292866,0.06195161577204614,0.031658824976400185
half,first-cal,G,trapezoidal_pr_auc,0.04867033880134212,0.0340027344400286,0.06338933402776045,0.052033050423426944,0.06285190257374705,0.03112606340685238
half,first-cal,G,roc_auc,0.022344622905027884,0.012458653398510223,0.0325384514664804,0.022280027932960966,0.028041201117318226,0.016712639664804463
half,first-cal,G,recall_at_fpr_1pct,0.035833333333333314,0.019166666666666655,0.05416666666666667,0.031249999999999986,0.05124999999999996,0.024999999999999994
half,first-cal,G,brier,-0.001466864009620281,-0.002581779368444307,-0.0004024745336247238,0.0009218021026422413,0.001677436803599712,-0.006999830935102796
half,first-cal,G,log_loss,-0.004665602205051998,-0.008513975712832019,-0.0009800904617509481,0.0003088689991903454,0.00464307941908941,-0.018948755033435752
half,first-cal,G,precision,0.0906143025862453,0.010210049871164771,0.16499035799851874,0.22238095238095243,0.1157638888888888,-0.06630193351110536
half,first-cal,G,recall,0.09749999999999999,0.08416666666666667,0.11125,0.06625,0.08249999999999999,0.14375
half,first-cal,G,f1,0.11414149979508321,0.09685730521231434,0.1319704727575841,0.10640658134136396,0.11405082633883674,0.12196709170504891
half,first-cal,G,specificity,-0.009264432029795155,-0.010893854748603346,-0.007728119180633079,-0.003491620111731708,-0.002793296089385444,-0.021508379888268314
half,first-cal,G,balanced_accuracy,0.04411778398510239,0.0374845204841713,0.05099278398510243,0.03137918994413408,0.03985335195530715,0.06112081005586595
half,first-cal,G,mcc,0.10343480721338605,0.08017538000271113,0.12658787235989022,0.1210410283532681,0.11034549615476288,0.07891789713212718
half,first-cal,G,map,0.03699126089177479,0.02329279213444654,0.051190593497655694,0.03163387518084826,0.04410198516038624,0.03523792233408987
half,first-cal,G,mrr,0.04023382300031436,0.02556367702142896,0.05535160251723286,0.03521386634445045,0.05010634050636581,0.035381262150126824
half,first-cal,G,recall_at_1,0.031101190476190452,0.01502976190476193,0.04717261904761905,0.023214285714285673,0.0433035714285714,0.026785714285714288
half,first-cal,G,recall_at_3,0.04523809523809524,0.026934523809523835,0.06428571428571432,0.04419642857142855,0.04241071428571433,0.04910714285714282
half,first-cal,G,recall_at_5,0.03720238095238095,0.022767857142857097,0.05223214285714281,0.029017857142857123,0.04241071428571441,0.040178571428571314
half,first-cal,G,recall_at_10,0.022470238095238144,0.009668898809523816,0.035866815476190514,0.012946428571428581,0.04017857142857156,0.01428571428571429
half,first-cal,G,ndcg_at_1,0.04553571428571426,0.02619047619047617,0.06548363095238087,0.041964285714285704,0.059821428571428525,0.03482142857142856
half,first-cal,G,ndcg_at_3,0.04394214105054978,0.027237323801350053,0.06146698137986281,0.04069046940999099,0.04711025538338601,0.04402569835827233
half,first-cal,G,ndcg_at_5,0.04042456252882821,0.02647622944393416,0.05527065557808556,0.03405553214271853,0.0474360342387376,0.0397821212050285
half,first-cal,G,ndcg_at_10,0.035279518863446824,0.023066063836044114,0.04829546855497843,0.02805313237662843,0.04673415859399818,0.031051265619713858
half,first-cal,final_all,average_precision,0.25069087857058975,0.2334365106143736,0.2689179592747043,0.22494553047633215,0.2769526900423915,0.2501744151930456
half,first-cal,final_all,trapezoidal_pr_auc,0.23753689752756832,0.21999174809422994,0.25621521123117996,0.2116753097438854,0.26422562922867193,0.23670975361014757
half,first-cal,final_all,roc_auc,0.7154574022346369,0.7023781230602112,0.7286807398355059,0.6982635009310988,0.7341771415270019,0.7139315642458102
half,first-cal,final_all,recall_at_fpr_1pct,0.145,0.12833333333333333,0.16333333333333333,0.12749999999999997,0.16416666666666666,0.14333333333333334
half,first-cal,final_all,brier,0.05422352550304369,0.052884049107074574,0.05554550634115914,0.048696977301253136,0.048048798512597336,0.0659248006952806
half,first-cal,final_all,log_loss,0.21680788290413464,0.21179016370944914,0.22175360848035,0.20747357559103252,0.1962275294213817,0.24672254369998972
half,first-cal,final_all,precision,0.405238375761714,0.3653507175533325,0.44628536448168854,0.4636243386243386,0.4799218374218373,0.2721689512389662
half,first-cal,final_all,recall,0.18194444444444446,0.16861111111111113,0.19499999999999998,0.10000000000000002,0.16333333333333333,0.28250000000000003
half,first-cal,final_all,f1,0.22238312986271858,0.20553769764977275,0.23922250324857863,0.15850680931965289,0.23694089628811796,0.2717016839803848
half,first-cal,final_all,specificity,0.9788175046554936,0.9770173805090007,0.9806180167597767,0.9926908752327748,0.9892923649906891,0.9544692737430168
half,first-cal,final_all,balanced_accuracy,0.580380974549969,0.5736443202979515,0.5870363322470515,0.5463454376163873,0.5763128491620111,0.6184846368715085
half,first-cal,final_all,mcc,0.22496631639538348,0.20499266112243583,0.2451309850543086,0.1897001534951086,0.25289872716833567,0.2323000685227062
half,first-cal,final_all,map,0.4005056199145345,0.3853619616390948,0.4159887340521445,0.374545772910649,0.4253865885196279,0.4015844983133265
half,first-cal,final_all,mrr,0.4489723425468348,0.4328414007957566,0.4653007089731016,0.42015834778508165,0.47425860028019035,0.4525000795752325
half,first-cal,final_all,recall_at_1,0.22311507936507938,0.2086309523809524,0.23769841269841266,0.19940476190476195,0.24791666666666667,0.22202380952380948
half,first-cal,final_all,recall_at_3,0.41011904761904755,0.39107142857142857,0.42976190476190473,0.3833333333333333,0.43333333333333335,0.4136904761904761
half,first-cal,final_all,recall_at_5,0.5098214285714286,0.4904761904761905,0.5299652777777777,0.4758928571428572,0.5425595238095239,0.5110119047619047
half,first-cal,final_all,recall_at_10,0.6779761904761905,0.659719742063492,0.6962301587301587,0.6520833333333333,0.6982142857142857,0.6836309523809524
half,first-cal,final_all,ndcg_at_1,0.30436507936507934,0.28650793650793654,0.3226190476190476,0.2744047619047619,0.3327380952380952,0.3059523809523809
half,first-cal,final_all,ndcg_at_3,0.3603487042714881,0.3429771396491064,0.3783026630196367,0.33284895195509406,0.385229298968081,0.3629678618912891
half,first-cal,final_all,ndcg_at_5,0.40504323682913945,0.3877827902064718,0.4225703923050345,0.3742382841650232,0.43414059029809904,0.4067508360242961
half,first-cal,final_all,ndcg_at_10,0.46469189549214435,0.44858029361067203,0.4808825464529407,0.4366906081850664,0.4897308014594404,0.4676542768319261
half,primary,O,average_precision,0.2392071840422366,0.22241616567138253,0.2574593194787956,0.208572127213985,0.2632817701716648,0.24576765474105994
half,primary,O,trapezoidal_pr_auc,0.22618678878836318,0.20898580943591635,0.24480017374325586,0.19470566817443763,0.2513806905651176,0.23247400762553433
half,primary,O,roc_auc,0.7088983938547487,0.6946638442737431,0.7231448149441341,0.69625,0.726548533519553,0.7038966480446929
half,primary,O,recall_at_fpr_1pct,0.1366666666666667,0.11874999999999998,0.1575,0.11624999999999999,0.14999999999999997,0.14375000000000002
half,primary,O,brier,0.046748600056767786,0.04626777972892492,0.04721628307566056,0.04741781201059759,0.046080352329606354,0.04674763583009941
half,primary,O,log_loss,0.19039937209735358,0.1875162836237976,0.19324092489192835,0.1948588294350158,0.18637989461163207,0.18995939224541286
half,primary,O,precision,0.0,0.0,0.0,0.0,0.0,0.0
half,primary,O,recall,0.0,0.0,0.0,0.0,0.0,0.0
half,primary,O,f1,0.0,0.0,0.0,0.0,0.0,0.0
half,primary,O,specificity,1.0,1.0,1.0,1.0,1.0,1.0
half,primary,O,balanced_accuracy,0.5,0.5,0.5,0.5,0.5,0.5
half,primary,O,mcc,0.0,0.0,0.0,0.0,0.0,0.0
half,primary,O,map,0.3880769290643669,0.3717948256134359,0.4047295776665902,0.3607400528879384,0.40837513327132524,0.39511560103383714
half,primary,O,mrr,0.4375635017225757,0.4200804802591623,0.4552267924559424,0.40784499289283993,0.4589141218487656,0.4459313904261214
half,primary,O,recall_at_1,0.21443452380952377,0.19835937499999998,0.23021205357142854,0.184375,0.23526785714285708,0.22366071428571427
half,primary,O,recall_at_3,0.39226190476190476,0.37172619047619054,0.4136904761904761,0.3683035714285714,0.41160714285714284,0.396875
half,primary,O,recall_at_5,0.490922619047619,0.4693415178571428,0.5129501488095237,0.4665178571428572,0.5200892857142857,0.4861607142857142
half,primary,O,recall_at_10,0.6647321428571428,0.6431510416666666,0.6867559523809524,0.6473214285714286,0.6866071428571429,0.6602678571428571
half,primary,O,ndcg_at_1,0.29404761904761906,0.2747023809523809,0.31339285714285714,0.25625,0.31607142857142856,0.3098214285714286
half,primary,O,ndcg_at_3,0.34557747472026473,0.32676827038523365,0.36480754428678397,0.31713959970634004,0.36561321073978614,0.35397961371466813
half,primary,O,ndcg_at_5,0.38983614288811214,0.37132842248165426,0.40871509342982587,0.3610340606322995,0.4142072331086474,0.3942671349233895
half,primary,O,ndcg_at_10,0.4513929775508017,0.43410433952366717,0.4691575446278432,0.4251373549905096,0.47365529646988463,0.45538628119201086
half,primary,N,average_precision,0.2735230305301128,0.25335673522514757,0.2947342551896637,0.2693425633291767,0.28168186512007354,0.26954466314108816
half,primary,N,trapezoidal_pr_auc,0.2602038336421975,0.2396592964092922,0.28185455376017415,0.25689745359007476,0.26789382183099414,0.25582022550552364
half,primary,N,roc_auc,0.7316788873370577,0.7184239845204842,0.7456486557262569,0.7206878491620112,0.7344168994413407,0.7399319134078213
half,primary,N,recall_at_fpr_1pct,0.15749999999999997,0.13915624999999998,0.17709374999999986,0.15749999999999997,0.16374999999999998,0.15125
half,primary,N,brier,0.04575091224730236,0.04522609523130251,0.04627287677762692,0.045864755249883954,0.04560568206413286,0.04578229942789025
half,primary,N,log_loss,0.18424361396932962,0.18142285593440743,0.18696727209224137,0.18642207763404023,0.18313504288387222,0.18317372139007632
half,primary,N,precision,0.0861111111111111,0.049999999999999996,0.125,0.2333333333333333,0.0,0.025
half,primary,N,recall,0.006250000000000001,0.0033333333333333335,0.009583333333333334,0.0175,0.0,0.00125
half,primary,N,f1,0.011484409310496267,0.006313131313131313,0.01724229876403789,0.03207227555053642,0.0,0.0023809523809523807
half,primary,N,specificity,0.9998836126629422,0.9997672253258845,0.9999767225325885,0.9997206703910615,1.0,0.9999301675977653
half,primary,N,balanced_accuracy,0.5030668063314713,0.5016550279329609,0.5046985567970205,0.5086103351955308,0.5,0.5005900837988827
half,primary,N,mcc,0.021695651887979294,0.012710792655311427,0.031405205211657516,0.0599438017323793,0.0,0.0051431539315585735
half,primary,N,map,0.424119387835389,0.40772499068126883,0.44084937767825316,0.4128454376709513,0.4335293787775405,0.4259833470576752
half,primary,N,mrr,0.4719087418872097,0.45470875924179216,0.48911429905528986,0.4629175348834488,0.47955386158071966,0.47325482919746087
half,primary,N,recall_at_1,0.23854166666666665,0.22335937499999994,0.25446428571428575,0.23124999999999996,0.24910714285714283,0.2352678571428571
half,primary,N,recall_at_3,0.4388392857142857,0.41919270833333333,0.4593787202380952,0.4263392857142857,0.4419642857142857,0.4482142857142857
half,primary,N,recall_at_5,0.5461309523809524,0.5269345238095239,0.5663690476190477,0.521875,0.5566964285714286,0.5598214285714285
half,primary,N,recall_at_10,0.7032738095238096,0.6854166666666667,0.7217261904761904,0.6830357142857144,0.7026785714285715,0.7241071428571428
half,primary,N,ndcg_at_1,0.3273809523809524,0.3065401785714285,0.34880952380952385,0.3223214285714286,0.3410714285714285,0.31875
half,primary,N,ndcg_at_3,0.38629103383542024,0.36746010523228956,0.40566817699790647,0.3759609623270598,0.39360497173190484,0.3893071674472961
half,primary,N,ndcg_at_5,0.434213666279281,0.4162628716906411,0.4524137394823118,0.41860328744057884,0.44494508149519635,0.4390926299020676
half,primary,N,ndcg_at_10,0.49001628170889416,0.47330029498222076,0.5069104685731396,0.4759562108759867,0.496706150564793,0.49738648368590277
half,primary,Z,average_precision,0.2736582676272961,0.2513516097637177,0.2979201538311637,0.25769233700102645,0.30429452978384486,0.258987936097017
half,primary,Z,trapezoidal_pr_auc,0.26023711500597846,0.23723245897448958,0.28489369417245464,0.24561459288278092,0.2899155065557804,0.24518124557937404
half,primary,Z,roc_auc,0.7285754189944135,0.7144436103351955,0.7438175628491622,0.7022905027932962,0.7494343575418994,0.7340013966480448
half,primary,Z,recall_at_fpr_1pct,0.16166666666666665,0.14,0.18500000000000003,0.15,0.19249999999999998,0.14250000000000002
half,primary,Z,brier,0.045779309543882034,0.045155051618003414,0.04636451749542366,0.046524497218920144,0.04466694144982798,0.04614648996289797
half,primary,Z,log_loss,0.18500485849107337,0.18165537427084996,0.1880597063792888,0.19022475382618947,0.179739523561954,0.18505029808507661
half,primary,Z,precision,0.0,0.0,0.0,0.0,0.0,0.0
half,primary,Z,recall,0.0,0.0,0.0,0.0,0.0,0.0
half,primary,Z,f1,0.0,0.0,0.0,0.0,0.0,0.0
half,primary,Z,specificity,1.0,1.0,1.0,1.0,1.0,1.0
half,primary,Z,balanced_accuracy,0.5,0.5,0.5,0.5,0.5,0.5
half,primary,Z,mcc,0.0,0.0,0.0,0.0,0.0,0.0
half,primary,Z,map,0.4253630016148695,0.40585304125530064,0.4461414675569703,0.4021572129560703,0.4594094990162332,0.4145222928723051
half,primary,Z,mrr,0.47179002419535315,0.4515543278472865,0.49317884873089146,0.4447850575695651,0.5049475571430398,0.4656374578734545
half,primary,Z,recall_at_1,0.2404761904761905,0.2205357142857143,0.26071428571428573,0.22946428571428573,0.27321428571428574,0.21875
half,primary,Z,recall_at_3,0.4458333333333333,0.4217261904761905,0.47023809523809534,0.4133928571428571,0.4767857142857143,0.4473214285714285
half,primary,Z,recall_at_5,0.5476190476190477,0.524702380952381,0.5717261904761904,0.4946428571428571,0.5875000000000001,0.5607142857142857
half,primary,Z,recall_at_10,0.7044642857142858,0.6839285714285714,0.725595238095238,0.6616071428571428,0.7214285714285713,0.7303571428571429
half,primary,Z,ndcg_at_1,0.32499999999999996,0.29940476190476195,0.3517857142857143,0.3107142857142857,0.3660714285714285,0.2982142857142857
half,primary,Z,ndcg_at_3,0.38989116337393465,0.36773229922290124,0.4131439630347643,0.36426765645260206,0.4244614754246707,0.38094435824453116
half,primary,Z,ndcg_at_5,0.43545742471119403,0.41464648241644425,0.4572968221688074,0.4006467312304706,0.47400730467700225,0.4317182382261093
half,primary,Z,ndcg_at_10,0.4912897313748297,0.4717398736672623,0.511353594524231,0.4597971145741801,0.5218818114385522,0.4921902681117568
half,primary,F_first,average_precision,0.07995319577577432,0.05707177334554072,0.10311092262900055,0.11237979627941569,0.05372946958624736,0.07375032146165994
half,primary,F_first,trapezoidal_pr_auc,0.07862459828820885,0.054702148689421144,0.10270141017110992,0.11119255663075203,0.05172391629825651,0.07295732193561799
half,primary,F_first,roc_auc,0.05892574487895722,0.04175645949720681,0.07611970437616393,0.06290502793296082,0.047859636871508626,0.06601256983240222
half,primary,F_first,recall_at_fpr_1pct,0.05250000000000002,0.024166666666666673,0.08166666666666665,0.07999999999999999,0.020000000000000018,0.05750000000000005
half,primary,F_first,brier,0.003124908976826423,0.0024872630920172415,0.0038132832834170665,0.0037232533553161473,0.002105261366799248,0.0035462122083638747
half,primary,F_first,log_loss,0.016584935989823923,0.013461367321287976,0.019936894357831077,0.020272815008816697,0.012797803951189402,0.016684189009465666
half,primary,F_first,precision,0.5727777777777777,0.46915972222222224,0.6763888888888888,0.5,0.5841666666666667,0.6341666666666667
half,primary,F_first,recall,0.07,0.055833333333333346,0.08416666666666667,0.034999999999999996,0.07500000000000001,0.1
half,primary,F_first,f1,0.1217561954953259,0.09860426077545642,0.14536047979797972,0.06455862977602109,0.13036768304159607,0.17034227366836058
half,primary,F_first,specificity,-0.0015828677839852718,-0.0020949720670392358,-0.0011173184357542443,-0.0002793296089386166,-0.0023743016759777413,-0.002094972067039458
half,primary,F_first,balanced_accuracy,0.03420856610800749,0.027308601024208595,0.041339618249534464,0.01736033519553082,0.036312849162011274,0.04895251396648037
half,primary,F_first,mcc,0.1849953641287145,0.1508063473520904,0.21858133762760174,0.12518029451851675,0.1931005871978488,0.23670521066977787
half,primary,F_first,map,0.09281346683054452,0.07346838025139443,0.11345330989537179,0.1340891538065132,0.06536270385775123,0.07898854282736911
half,primary,F_first,mrr,0.09166755029436112,0.07027398874555392,0.11392249433330141,0.13972059340993104,0.06205029073544116,0.07323176673771115
half,primary,F_first,recall_at_1,0.07291666666666673,0.052083333333333336,0.09435267857142851,0.125,0.04285714285714293,0.05089285714285724
half,primary,F_first,recall_at_3,0.11577380952380954,0.0895833333333333,0.14255952380952383,0.15803571428571422,0.0892857142857143,0.10000000000000009
half,primary,F_first,recall_at_5,0.12380952380952377,0.09702380952380942,0.15090029761904755,0.14821428571428552,0.10624999999999996,0.11696428571428585
half,primary,F_first,recall_at_10,0.08839285714285705,0.06220238095238092,0.1145833333333333,0.0892857142857143,0.06339285714285692,0.11249999999999993
half,primary,F_first,ndcg_at_1,0.0946428571428571,0.06726190476190479,0.12380952380952377,0.16249999999999992,0.05535714285714288,0.0660714285714285
half,primary,F_first,ndcg_at_3,0.10586460287594635,0.08240273082130056,0.12999122382086625,0.15362256865997093,0.0766847617911921,0.08728647817667601
half,primary,F_first,ndcg_at_5,0.10972271779582855,0.08747557293305486,0.13244911722993344,0.14985330162346855,0.08586108970057504,0.09345376206344208
half,primary,F_first,ndcg_at_10,0.09663513892315828,0.07749852185954832,0.11642495034460877,0.12991831737494752,0.06882909830302703,0.0911580010915003
half,primary,F,average_precision,0.06264124705160413,0.046833507660592966,0.07847861841604566,0.0866333491742111,0.03374377467783138,0.06754661730276994
half,primary,F,trapezoidal_pr_auc,0.06236713491452556,0.045688881180952184,0.07893541814878247,0.08727677346468722,0.03205938939218171,0.06776524188670775
half,primary,F,roc_auc,0.04501513035381749,0.03363687150837985,0.056866154562383704,0.046916899441340754,0.028619064245810177,0.05950942737430154
half,primary,F,recall_at_fpr_1pct,0.0375,0.017083333333333315,0.05833333333333333,0.05374999999999999,0.007500000000000007,0.051250000000000004
half,primary,F,brier,0.0022268506126618833,0.0018024183338729482,0.0026726121441958536,0.002810063304308351,0.0011850341405849306,0.002685454393092368
half,primary,F,log_loss,0.01249407048818441,0.01027959375847039,0.014840929257224099,0.014873940953755105,0.008174494697992113,0.014433775812806013
half,primary,F,precision,0.3725,0.3070833333333333,0.4358368055555555,0.4833333333333333,0.29208333333333336,0.34208333333333335
half,primary,F,recall,0.04125,0.03373958333333334,0.04916666666666667,0.035,0.037500000000000006,0.051250000000000004
half,primary,F,f1,0.07236250705815922,0.05914064715477759,0.08601395790200136,0.06435159043854696,0.06518384152079804,0.08755208921513268
half,primary,F,specificity,-0.0009078212290503836,-0.001256983240223479,-0.0006052141527002619,-0.00041899441340786936,-0.0011871508379888707,-0.0011173184357544108
half,primary,F,balanced_accuracy,0.020171089385474905,0.016294198091247707,0.024256284916201076,0.017290502793296192,0.018156424581005637,0.025066340782122887
half,primary,F,mcc,0.11419333395233654,0.09392123262986682,0.1342856412889452,0.12253394899163768,0.0965502935989244,0.12349575926644751
half,primary,F,map,0.06754707094404334,0.05449086536907173,0.08165648073221703,0.08960326118917791,0.04210347017260285,0.07093448147034925
half,primary,F,mrr,0.06641543980017754,0.05372681016851818,0.08032651059089112,0.09412643503109644,0.04170386408321872,0.06341602028621748
half,primary,F,recall_at_1,0.050744047619047605,0.037053571428571436,0.06488095238095239,0.07633928571428565,0.02500000000000001,0.05089285714285717
half,primary,F,recall_at_3,0.08139880952380955,0.06324404761904762,0.10044642857142856,0.10580357142857144,0.05535714285714288,0.08303571428571432
half,primary,F,recall_at_5,0.09345238095238091,0.07366071428571432,0.1141369047619047,0.10937499999999989,0.06696428571428567,0.10401785714285716
half,primary,F,recall_at_10,0.062053571428571465,0.04583333333333339,0.07872023809523813,0.06383928571428577,0.0388392857142858,0.08348214285714284
half,primary,F,ndcg_at_1,0.06904761904761904,0.05238095238095242,0.08750000000000002,0.10357142857142856,0.041071428571428564,0.06249999999999997
half,primary,F,ndcg_at_3,0.0752672150875535,0.0600721318741942,0.09160628160827566,0.10211727334044196,0.04893208040709951,0.07475229151511903
half,primary,F,ndcg_at_5,0.08070479947005778,0.06551821453385916,0.09680813097979454,0.10381782510331891,0.054918659212065846,0.08337791409478856
half,primary,F,ndcg_at_10,0.06945144970787527,0.05637867019595678,0.08303975068174438,0.08799604721525084,0.0439007362468653,0.07645756566150966
half,primary,G,average_precision,0.04775559539891306,0.033510540239607825,0.0623021109111342,0.049656345448292866,0.06195161577204614,0.031658824976400185
half,primary,G,trapezoidal_pr_auc,0.04867033880134212,0.0340027344400286,0.06338933402776045,0.052033050423426944,0.06285190257374705,0.03112606340685238
half,primary,G,roc_auc,0.022344622905027884,0.012458653398510223,0.0325384514664804,0.022280027932960966,0.028041201117318226,0.016712639664804463
half,primary,G,recall_at_fpr_1pct,0.035833333333333314,0.019166666666666655,0.05416666666666667,0.031249999999999986,0.05124999999999996,0.024999999999999994
half,primary,G,brier,0.0014342338537899613,0.0010457591556668818,0.0018332476784175317,0.0015085986012320952,0.0019802947441762385,0.0008138082159615499
half,primary,G,log_loss,0.006147069585062527,0.004142655965592733,0.008192570473717527,0.006533509608221827,0.007638251893121603,0.00426944725384415
half,primary,G,precision,-0.13055555555555556,-0.19166666666666665,-0.06944444444444446,0.05833333333333331,-0.21250000000000005,-0.2375
half,primary,G,recall,-0.010833333333333334,-0.01625,-0.005416666666666667,0.008750000000000003,-0.018750000000000003,-0.0225
half,primary,G,f1,-0.019518464627160274,-0.028813264030655327,-0.010131105307735741,0.015405608883869755,-0.03359068467764119,-0.04037031808770939
half,primary,G,specificity,0.0009078212290503281,0.0006052141527001694,0.0012569832402234604,-6.983240223457088e-05,0.0017458100558659373,0.0010474860335196179
half,primary,G,balanced_accuracy,-0.00496275605214147,-0.007636464152700215,-0.002299551908752317,0.004340083798882732,-0.008502094972066998,-0.010726256983240146
half,primary,G,mcc,-0.03270163073740707,-0.04917308328456886,-0.016515038651893296,0.022724409671455417,-0.054466553258299986,-0.06636274862537662
half,primary,G,map,0.03699126089177479,0.02329279213444654,0.051190593497655694,0.03163387518084826,0.04410198516038624,0.03523792233408987
half,primary,G,mrr,0.04023382300031436,0.02556367702142896,0.05535160251723286,0.03521386634445045,0.05010634050636581,0.035381262150126824
half,primary,G,recall_at_1,0.031101190476190452,0.01502976190476193,0.04717261904761905,0.023214285714285673,0.0433035714285714,0.026785714285714288
half,primary,G,recall_at_3,0.04523809523809524,0.026934523809523835,0.06428571428571432,0.04419642857142855,0.04241071428571433,0.04910714285714282
half,primary,G,recall_at_5,0.03720238095238095,0.022767857142857097,0.05223214285714281,0.029017857142857123,0.04241071428571441,0.040178571428571314
half,primary,G,recall_at_10,0.022470238095238144,0.009668898809523816,0.035866815476190514,0.012946428571428581,0.04017857142857156,0.01428571428571429
half,primary,G,ndcg_at_1,0.04553571428571426,0.02619047619047617,0.06548363095238087,0.041964285714285704,0.059821428571428525,0.03482142857142856
half,primary,G,ndcg_at_3,0.04394214105054978,0.027237323801350053,0.06146698137986281,0.04069046940999099,0.04711025538338601,0.04402569835827233
half,primary,G,ndcg_at_5,0.04042456252882821,0.02647622944393416,0.05527065557808556,0.03405553214271853,0.0474360342387376,0.0397821212050285
half,primary,G,ndcg_at_10,0.035279518863446824,0.023066063836044114,0.04829546855497843,0.02805313237662843,0.04673415859399818,0.031051265619713858
half,primary,final_all,average_precision,0.25069087857058975,0.2334365106143736,0.2689179592747043,0.22494553047633215,0.2769526900423915,0.2501744151930456
half,primary,final_all,trapezoidal_pr_auc,0.23753689752756832,0.21999174809422994,0.25621521123117996,0.2116753097438854,0.26422562922867193,0.23670975361014757
half,primary,final_all,roc_auc,0.7154574022346369,0.7023781230602112,0.7286807398355059,0.6982635009310988,0.7341771415270019,0.7139315642458102
half,primary,final_all,recall_at_fpr_1pct,0.145,0.12833333333333333,0.16333333333333333,0.12749999999999997,0.16416666666666666,0.14333333333333334
half,primary,final_all,brier,0.04642550321913921,0.04595433942702832,0.04689367937929292,0.047120040413371776,0.04560921536968023,0.04654725387436559
half,primary,final_all,log_loss,0.1886012008952602,0.18584906492164138,0.19134818715526558,0.19331413756540705,0.1841664375950727,0.1883230275253008
half,primary,final_all,precision,0.0,0.0,0.0,0.0,0.0,0.0
half,primary,final_all,recall,0.0,0.0,0.0,0.0,0.0,0.0
half,primary,final_all,f1,0.0,0.0,0.0,0.0,0.0,0.0
half,primary,final_all,specificity,1.0,1.0,1.0,1.0,1.0,1.0
half,primary,final_all,balanced_accuracy,0.5,0.5,0.5,0.5,0.5,0.5
half,primary,final_all,mcc,0.0,0.0,0.0,0.0,0.0,0.0
half,primary,final_all,map,0.4005056199145345,0.3853619616390948,0.4159887340521445,0.374545772910649,0.4253865885196279,0.4015844983133265
half,primary,final_all,mrr,0.4489723425468348,0.4328414007957566,0.4653007089731016,0.42015834778508165,0.47425860028019035,0.4525000795752325
half,primary,final_all,recall_at_1,0.22311507936507938,0.2086309523809524,0.23769841269841266,0.19940476190476195,0.24791666666666667,0.22202380952380948
half,primary,final_all,recall_at_3,0.41011904761904755,0.39107142857142857,0.42976190476190473,0.3833333333333333,0.43333333333333335,0.4136904761904761
half,primary,final_all,recall_at_5,0.5098214285714286,0.4904761904761905,0.5299652777777777,0.4758928571428572,0.5425595238095239,0.5110119047619047
half,primary,final_all,recall_at_10,0.6779761904761905,0.659719742063492,0.6962301587301587,0.6520833333333333,0.6982142857142857,0.6836309523809524
half,primary,final_all,ndcg_at_1,0.30436507936507934,0.28650793650793654,0.3226190476190476,0.2744047619047619,0.3327380952380952,0.3059523809523809
half,primary,final_all,ndcg_at_3,0.3603487042714881,0.3429771396491064,0.3783026630196367,0.33284895195509406,0.385229298968081,0.3629678618912891
half,primary,final_all,ndcg_at_5,0.40504323682913945,0.3877827902064718,0.4225703923050345,0.3742382841650232,0.43414059029809904,0.4067508360242961
half,primary,final_all,ndcg_at_10,0.46469189549214435,0.44858029361067203,0.4808825464529407,0.4366906081850664,0.4897308014594404,0.4676542768319261
quarter,raw,O,average_precision,0.2627040566893792,0.24401054793587765,0.28204068095065343,0.23680018216675458,0.28304333257902814,0.2682686553223548
quarter,raw,O,trapezoidal_pr_auc,0.24991023790780584,0.23064643858112363,0.26977162202093513,0.22406575179400667,0.27188009512209765,0.25378486680731316
quarter,raw,O,roc_auc,0.7271694599627562,0.7117584089851023,0.7426490339851024,0.716393156424581,0.73989874301676,0.7252164804469273
quarter,raw,O,recall_at_fpr_1pct,0.15166666666666664,0.13416666666666666,0.17041666666666666,0.11750000000000001,0.16499999999999998,0.17250000000000001
quarter,raw,O,brier,0.04785001759746377,0.04739245755247007,0.04830783189026469,0.04900369950562626,0.04640492802293371,0.04814142526383132
quarter,raw,O,log_loss,0.2496221003929748,0.24328302762153223,0.2561807983133354,0.26982413426295065,0.2161555057989128,0.26288666111706094
quarter,raw,O,precision,0.10416666666666667,0.0625,0.14583333333333334,0.0,0.3125,0.0
quarter,raw,O,recall,0.006666666666666665,0.00375,0.009583333333333334,0.0,0.019999999999999997,0.0
quarter,raw,O,f1,0.012445887445887446,0.0071067821067821065,0.01778499278499279,0.0,0.037337662337662336,0.0
quarter,raw,O,specificity,0.9999767225325885,0.9999301675977653,1.0,1.0,0.9999301675977653,1.0
quarter,raw,O,balanced_accuracy,0.5033216945996276,0.501875,0.504780027932961,0.5,0.5099650837988827,0.5
quarter,raw,O,mcc,0.0252704531518346,0.015282173147563362,0.03540238569757243,0.0,0.0758113594555038,0.0
quarter,raw,O,map,0.4119973908787235,0.3954385058165404,0.4289777789339135,0.3889106568676377,0.4273967600903802,0.41968475567815255
quarter,raw,O,mrr,0.46317805328120315,0.4457498451804947,0.4803966146222811,0.4447807862767057,0.47770286730496203,0.4670505062619418
quarter,raw,O,recall_at_1,0.23184523809523808,0.2151748511904761,0.24881324404761904,0.21116071428571426,0.24821428571428572,0.23616071428571428
quarter,raw,O,recall_at_3,0.4188988095238095,0.39865699404761906,0.440625,0.3933035714285714,0.43616071428571423,0.42723214285714284
quarter,raw,O,recall_at_5,0.5244047619047619,0.5031212797619047,0.5468749999999999,0.5017857142857143,0.5441964285714286,0.5272321428571429
quarter,raw,O,recall_at_10,0.6933035714285714,0.6715773809523808,0.7148809523809524,0.6808035714285714,0.7026785714285715,0.6964285714285714
quarter,raw,O,ndcg_at_1,0.3202380952380952,0.30089285714285713,0.33929315476190475,0.2964285714285714,0.33839285714285716,0.3258928571428571
quarter,raw,O,ndcg_at_3,0.37118990083433206,0.3525951739023825,0.39073034125661354,0.3468897127642496,0.3869840814397615,0.37969590829898514
quarter,raw,O,ndcg_at_5,0.41887213678593627,0.40052978847006043,0.43806695208606916,0.3958233255018735,0.4365256249141852,0.42426745994175025
quarter,raw,O,ndcg_at_10,0.4785711068865612,0.4613811653890466,0.49622930467463416,0.4587048364767169,0.49281471347884437,0.4841937707041222
quarter,raw,N,average_precision,0.2935500082145274,0.27256388101820983,0.3152405713722485,0.2996066501810231,0.2891477854084571,0.29189558905410207
quarter,raw,N,trapezoidal_pr_auc,0.2806226609069203,0.2591931907619067,0.30297783457198507,0.2871869544705355,0.27533654022553766,0.2793444880246877
quarter,raw,N,roc_auc,0.7438652234636872,0.7300814711359406,0.7578109578677841,0.7395635474860336,0.7419378491620112,0.7500942737430168
quarter,raw,N,recall_at_fpr_1pct,0.17125,0.15083333333333335,0.19291666666666665,0.18625000000000003,0.16249999999999998,0.16500000000000004
quarter,raw,N,brier,0.04821298604637488,0.04779341785590985,0.048620322720684644,0.04851835333485868,0.04757091368077673,0.04854969112348921
quarter,raw,N,log_loss,0.25140278595506177,0.24565753196473936,0.2572817618391838,0.26195733194159826,0.22665884489316096,0.26559218103042603
quarter,raw,N,precision,0.041666666666666664,0.008333333333333333,0.075,0.0,0.05,0.075
quarter,raw,N,recall,0.0020833333333333333,0.0004166666666666667,0.00375,0.0,0.0025,0.0037500000000000007
quarter,raw,N,f1,0.003968253968253968,0.0007936507936507935,0.007142857142857143,0.0,0.0047619047619047615,0.007142857142857143
quarter,raw,N,specificity,1.0,1.0,1.0,1.0,1.0,1.0
quarter,raw,N,balanced_accuracy,0.5010416666666667,0.5002083333333333,0.5018750000000001,0.5,0.50125,0.5018750000000001
quarter,raw,N,mcc,0.009079137610936733,0.0018158275221873464,0.01634244769968612,0.0,0.010894965133124079,0.016342447699686118
quarter,raw,N,map,0.4394541382511779,0.4231263057349698,0.4563406115960732,0.4365738023936177,0.4371101170437457,0.44467849531617054
quarter,raw,N,mrr,0.4889322183530216,0.47194703855117975,0.5061855053724356,0.48980390204938784,0.4777986197465639,0.49919413326311307
quarter,raw,N,recall_at_1,0.25282738095238094,0.23616071428571428,0.26979166666666665,0.25401785714285713,0.24508928571428573,0.259375
quarter,raw,N,recall_at_3,0.4555059523809524,0.436156994047619,0.4755989583333333,0.4464285714285714,0.45803571428571427,0.46205357142857145
quarter,raw,N,recall_at_5,0.5611607142857142,0.5428571428571428,0.5805059523809523,0.5491071428571428,0.5571428571428572,0.5772321428571427
quarter,raw,N,recall_at_10,0.7139880952380953,0.6971726190476191,0.7318452380952382,0.6973214285714286,0.7147321428571429,0.7299107142857143
quarter,raw,N,ndcg_at_1,0.3455357142857143,0.3243973214285714,0.3678571428571429,0.35,0.3330357142857143,0.3535714285714286
quarter,raw,N,ndcg_at_3,0.4032059448170175,0.38464212207013776,0.42242610885987947,0.3991723797251421,0.4013001219745795,0.4091453327513308
quarter,raw,N,ndcg_at_5,0.4507873483108824,0.433296660317648,0.4687457799421906,0.44626039388080424,0.44558273214202776,0.4605189189098151
quarter,raw,N,ndcg_at_10,0.5052729248452684,0.4891511092518648,0.521917854258175,0.49863841627441,0.5024511334766175,0.5147292247847776
quarter,raw,Z,average_precision,0.29502765362615385,0.2715215649588742,0.32029968226574884,0.2934597622596273,0.3130099079780969,0.27861329064073753
quarter,raw,Z,trapezoidal_pr_auc,0.28153526629076997,0.25738479836963096,0.3077336870630656,0.28109889812594424,0.2981487404558233,0.2653581602905424
quarter,raw,Z,roc_auc,0.7448649906890131,0.730071170856611,0.7597556447858475,0.7318086592178771,0.7580516759776537,0.7447346368715085
quarter,raw,Z,recall_at_fpr_1pct,0.17750000000000002,0.1525,0.2041666666666667,0.18500000000000005,0.195,0.15250000000000002
quarter,raw,Z,brier,0.04717295206169044,0.046612245154749106,0.047710341678729125,0.04808296273805914,0.04572776812330891,0.047708125323703277
quarter,raw,Z,log_loss,0.24418001716534976,0.23771885222559205,0.25077989468774403,0.2610075290680709,0.21295105158073663,0.25858147084724176
quarter,raw,Z,precision,0.08333333333333333,0.016666666666666666,0.15,0.0,0.1,0.15
quarter,raw,Z,recall,0.004166666666666667,0.0008333333333333334,0.0075,0.0,0.005,0.0075000000000000015
quarter,raw,Z,f1,0.007936507936507936,0.001587301587301587,0.014285714285714285,0.0,0.009523809523809523,0.014285714285714285
quarter,raw,Z,specificity,1.0,1.0,1.0,1.0,1.0,1.0
quarter,raw,Z,balanced_accuracy,0.5020833333333333,0.5004166666666666,0.50375,0.5,0.5025000000000001,0.50375
quarter,raw,Z,mcc,0.018158275221873466,0.003631655044374693,0.03268489539937224,0.0,0.021789930266248158,0.032684895399372235
quarter,raw,Z,map,0.4407240852861327,0.4221785107865714,0.4602911190171113,0.42458656543608875,0.4663084469513861,0.4312772434709233
quarter,raw,Z,mrr,0.4914431507429231,0.47089388750008043,0.5119333263241689,0.47316674686557914,0.5082190572912821,0.49294364807190805
quarter,raw,Z,recall_at_1,0.2547619047619048,0.23511904761904762,0.27529761904761907,0.24375,0.275,0.24553571428571427
quarter,raw,Z,recall_at_3,0.46101190476190473,0.4386904761904762,0.48423363095238087,0.4348214285714286,0.4892857142857142,0.45892857142857146
quarter,raw,Z,recall_at_5,0.563392857142857,0.5428571428571428,0.5848214285714285,0.5366071428571428,0.5794642857142857,0.5741071428571427
quarter,raw,Z,recall_at_10,0.7193452380952382,0.7011904761904763,0.7383928571428572,0.6875,0.7437500000000001,0.7267857142857143
quarter,raw,Z,ndcg_at_1,0.34702380952380957,0.3214285714285714,0.3732291666666665,0.33392857142857146,0.3660714285714286,0.3410714285714286
quarter,raw,Z,ndcg_at_3,0.40632661646968876,0.3851103179258117,0.4284534824211439,0.38572899847853537,0.4335488197175814,0.3997020312129494
quarter,raw,Z,ndcg_at_5,0.4525873659441839,0.43230992638866794,0.47358807941903486,0.43215647763993237,0.47407349563488016,0.45153212455773933
quarter,raw,Z,ndcg_at_10,0.5078394016996453,0.48959145917225394,0.526404251286298,0.4853139599412092,0.5328974401466502,0.5053068050110765
quarter,raw,F_first,average_precision,0.052239398829748006,0.028607869423836984,0.07562855691276857,0.08190038160738006,0.024291803295419467,0.050526011586444486
quarter,raw,F_first,trapezoidal_pr_auc,0.05239285079036073,0.02781630331875899,0.07690935498559776,0.0823885289152812,0.02218956014756479,0.0526004633082362
quarter,raw,F_first,roc_auc,0.03863361266294226,0.022157122905027915,0.055109462290502856,0.035230446927374204,0.03152234636871509,0.04914804469273748
quarter,raw,F_first,recall_at_fpr_1pct,0.03083333333333335,0.0024999999999999745,0.06,0.06749999999999998,-0.007499999999999979,0.03250000000000006
quarter,raw,F_first,brier,-0.0024089683059463165,-0.0028407400516317445,-0.0019707079783254492,-0.0003877673441910548,-0.0027229529896856328,-0.004116184583962262
quarter,raw,F_first,log_loss,-0.010812169286941342,-0.016091107927043494,-0.00553574782817973,0.026030286932742897,-0.012156882372585442,-0.04630991242098148
quarter,raw,F_first,precision,-0.17500000000000002,-0.24166666666666667,-0.09999999999999999,0.0,-0.525,0.0
quarter,raw,F_first,recall,-0.011666666666666665,-0.01666666666666667,-0.006666666666666665,0.0,-0.034999999999999996,0.0
quarter,raw,F_first,f1,-0.021717171717171718,-0.031096681096681105,-0.012409812409812412,0.0,-0.06515151515151515,0.0
quarter,raw,F_first,specificity,4.6554934823121265e-05,0.0,0.0001396648044693268,0.0,0.0001396648044693638,0.0
quarter,raw,F_first,balanced_accuracy,-0.005810055865921797,-0.008333333333333378,-0.0033100558659218127,0.0,-0.01743016759776539,0.0
quarter,raw,F_first,mcc,-0.04327759621491981,-0.06113360711921678,-0.025421585310622854,0.0,-0.12983278864475944,0.0
quarter,raw,F_first,map,0.06254267252856784,0.04119273536013996,0.08356887105099435,0.0911080866438751,0.03613561049871106,0.06038432044311737
quarter,raw,F_first,mrr,0.059878586172990134,0.03697027738186418,0.08291792998817571,0.08712970598874242,0.03211210192754721,0.06039395060268077
quarter,raw,F_first,recall_at_1,0.051488095238095256,0.02648809523809531,0.07559523809523812,0.08035714285714288,0.01874999999999999,0.05535714285714291
quarter,raw,F_first,recall_at_3,0.08333333333333333,0.05624999999999997,0.11071428571428572,0.12321428571428567,0.059821428571428636,0.0669642857142857
quarter,raw,F_first,recall_at_5,0.08630952380952371,0.06130952380952385,0.11101934523809513,0.10446428571428562,0.07053571428571415,0.08392857142857135
quarter,raw,F_first,recall_at_10,0.042559523809523735,0.015773809523809617,0.068154761904762,0.03482142857142856,0.03392857142857131,0.05892857142857133
quarter,raw,F_first,ndcg_at_1,0.06428571428571427,0.033333333333333326,0.09583333333333327,0.0982142857142857,0.021428571428571352,0.07321428571428573
quarter,raw,F_first,ndcg_at_3,0.07342440155165027,0.04870187125399263,0.09834789880055239,0.11022557354493645,0.04632178658866537,0.063725844521349
quarter,raw,F_first,ndcg_at_5,0.07506852686480565,0.05324440121826651,0.09679433741891652,0.10199824045251393,0.05184900536318149,0.07135833477872155
quarter,raw,F_first,ndcg_at_10,0.059674077341496025,0.03892122233169666,0.0795145701182539,0.07878795739667943,0.03770665761933678,0.06252761700847187
quarter,raw,F,average_precision,0.04848665908944727,0.033641141124995375,0.06356051234446508,0.07078566844398744,0.01709044346172564,0.05758386536262873
quarter,raw,F,trapezoidal_pr_auc,0.048413437417409944,0.03293143900425798,0.06390397406496254,0.07046403810399728,0.01488608627972371,0.059890187868508846
quarter,raw,F,roc_auc,0.030785614525139653,0.019509718342644203,0.0424542015828677,0.030890363128491583,0.018481145251396602,0.04298533519553077
quarter,raw,F,recall_at_fpr_1pct,0.028333333333333335,0.010000000000000004,0.047499999999999966,0.06374999999999999,-0.010000000000000009,0.03125000000000003
quarter,raw,F,brier,-0.0017087440579346888,-0.0020425117328330125,-0.001379836209766513,-0.0002543467366063895,-0.0024946734405928185,-0.0023772119966048583
quarter,raw,F,log_loss,-0.007872926208092546,-0.01182514453789759,-0.003992039073776761,0.015624639577036165,-0.016022235189370432,-0.02322118301194337
quarter,raw,F,precision,-0.10416666666666667,-0.14583333333333334,-0.0625,0.0,-0.3125,0.0
quarter,raw,F,recall,-0.006666666666666665,-0.009583333333333334,-0.00375,0.0,-0.019999999999999997,0.0
quarter,raw,F,f1,-0.012445887445887446,-0.01778499278499279,-0.0071067821067821065,0.0,-0.037337662337662336,0.0
quarter,raw,F,specificity,2.3277467411560632e-05,0.0,6.98324022346634e-05,0.0,6.98324022346819e-05,0.0
quarter,raw,F,balanced_accuracy,-0.0033216945996275746,-0.0047800279329609134,-0.0018750000000000155,0.0,-0.009965083798882723,0.0
quarter,raw,F,mcc,-0.0252704531518346,-0.03540238569757243,-0.015282173147563362,0.0,-0.0758113594555038,0.0
quarter,raw,F,map,0.05128081770984416,0.037833194298662526,0.06504678533507033,0.07394634569213585,0.0232131076521766,0.05668299978522004
quarter,raw,F,mrr,0.0479978014335769,0.03450388709806488,0.06150684698008522,0.06988616416516275,0.0195241267187454,0.054583113416822565
quarter,raw,F,recall_at_1,0.04047619047619049,0.02455357142857142,0.05610491071428571,0.06517857142857145,0.007142857142857131,0.04910714285714289
quarter,raw,F,recall_at_3,0.06383928571428574,0.044345238095238076,0.08377976190476188,0.09017857142857139,0.04062500000000005,0.060714285714285776
quarter,raw,F,recall_at_5,0.06711309523809518,0.04999627976190468,0.0848214285714286,0.08035714285714282,0.047321428571428514,0.07366071428571419
quarter,raw,F,recall_at_10,0.03675595238095234,0.01964285714285722,0.054021577380952396,0.03169642857142857,0.0236607142857142,0.05491071428571426
quarter,raw,F,ndcg_at_1,0.05000000000000004,0.03214285714285711,0.0681547619047619,0.07946428571428574,0.01071428571428576,0.05982142857142861
quarter,raw,F,ndcg_at_3,0.058351973407206346,0.041774645808554126,0.07491819799833653,0.08484790666764794,0.030712687803343436,0.05949532575062766
quarter,raw,F,ndcg_at_5,0.05967751698734009,0.04553636052166777,0.07392333165956722,0.08093079346923945,0.033204822574420506,0.06489693491836032
quarter,raw,F,ndcg_at_10,0.04925512834608219,0.03603447437072944,0.06220406374953989,0.06435234844395227,0.024978487795681042,0.05843454879861326
quarter,raw,G,average_precision,0.05554235264014948,0.0399525354793957,0.07155343657788758,0.06214291893928081,0.06458357680746835,0.03990056217369928
quarter,raw,G,trapezoidal_pr_auc,0.05650349870217025,0.04070543905179293,0.0726841731820431,0.0633329828368511,0.06519451848896057,0.0409829947806991
quarter,raw,G,roc_auc,0.026679469273743,0.016653660381750427,0.03672296904096833,0.03279678770949718,0.030492318435754173,0.016749301675977657
quarter,raw,G,recall_at_fpr_1pct,0.03541666666666669,0.01708333333333332,0.05666666666666666,0.04250000000000004,0.041249999999999995,0.02250000000000002
quarter,raw,G,brier,0.0021532317614875915,0.0018600969477149982,0.0024607340838484655,0.0017891583305349006,0.0021610287619112413,0.0025095081920166323
quarter,raw,G,log_loss,0.013084127979626284,0.00906256316606382,0.017269386414569116,-0.003137177383240042,0.01439427866474692,0.027995282657371973
quarter,raw,G,precision,0.041666666666666664,0.008333333333333333,0.075,0.0,0.05,0.075
quarter,raw,G,recall,0.0020833333333333333,0.0004166666666666667,0.00375,0.0,0.0025,0.0037500000000000007
quarter,raw,G,f1,0.003968253968253968,0.0007936507936507935,0.007142857142857143,0.0,0.0047619047619047615,0.007142857142857143
quarter,raw,G,specificity,0.0,0.0,0.0,0.0,0.0,0.0
quarter,raw,G,balanced_accuracy,0.0010416666666666814,0.0002083333333333289,0.001875000000000034,0.0,0.0012500000000000289,0.0018750000000000155
quarter,raw,G,mcc,0.009079137610936733,0.0018158275221873464,0.01634244769968612,0.0,0.010894965133124079,0.016342447699686118
quarter,raw,G,map,0.04397197550890578,0.030324143551764934,0.057868581663360834,0.042818666455813365,0.047924010566091524,0.041173249504812465
quarter,raw,G,mrr,0.04977003032936767,0.03505166448857612,0.06487382086120509,0.04995866073428726,0.0501888219079307,0.04916260834588507
quarter,raw,G,recall_at_1,0.03913690476190478,0.022767857142857173,0.05699404761904759,0.03348214285714289,0.04107142857142859,0.04285714285714286
quarter,raw,G,recall_at_3,0.05342261904761903,0.036607142857142866,0.070688244047619,0.05312499999999992,0.05937500000000001,0.04776785714285717
quarter,raw,G,recall_at_5,0.04345238095238089,0.028869047619047652,0.05892857142857143,0.04776785714285714,0.041517857142857106,0.041071428571428426
quarter,raw,G,recall_at_10,0.01949404761904766,0.005651041666666613,0.03377976190476197,0.01473214285714286,0.04062500000000008,0.0031250000000000444
quarter,raw,G,ndcg_at_1,0.05595238095238098,0.03541666666666668,0.07767857142857146,0.052678571428571436,0.05535714285714291,0.05982142857142861
quarter,raw,G,ndcg_at_3,0.052458297342275556,0.03669319585963243,0.06851942774581639,0.05112767629872875,0.056341463422207555,0.049905752305890366
quarter,raw,G,ndcg_at_5,0.04863738154851289,0.0349958925767047,0.06273857860369861,0.05040991613057255,0.048698108607828944,0.046804119907137176
quarter,raw,G,ndcg_at_10,0.040390780388046034,0.027744588164665,0.05295520942567041,0.03809798639762382,0.04953941957429314,0.033534935192221144
quarter,raw,final_all,average_precision,0.2734785890016374,0.25435468707056125,0.29314913169767826,0.25568670886437883,0.2930321910453844,0.27171686709514903
quarter,raw,final_all,trapezoidal_pr_auc,0.2604519140354606,0.24086679542245665,0.2807617063149979,0.2430768005713192,0.28063631023333957,0.2576426313017229
quarter,raw,final_all,roc_auc,0.7330679702048418,0.7189261716325264,0.7471745422098077,0.7215316573556797,0.7459497206703912,0.7317225325884543
quarter,raw,final_all,recall_at_fpr_1pct,0.16027777777777777,0.1425,0.17861111111111114,0.14,0.17499999999999996,0.16583333333333336
quarter,raw,final_all,brier,0.047624329085539326,0.04716718506111048,0.048075860811100275,0.04869678724977056,0.04617920805639211,0.04799699195045531
quarter,raw,final_all,log_loss,0.24780807265043311,0.24184535150302944,0.25389652736754437,0.2668852658646574,0.21508735439285406,0.2614515976937879
quarter,raw,final_all,precision,0.09722222222222222,0.06111111111111111,0.13618055555555456,0.0,0.24166666666666667,0.049999999999999996
quarter,raw,final_all,recall,0.005833333333333333,0.0036111111111111114,0.008055555555555557,0.0,0.014999999999999998,0.0025000000000000005
quarter,raw,final_all,f1,0.010942760942760942,0.006782106782106782,0.0151996151996152,0.0,0.028066378066378062,0.0047619047619047615
quarter,raw,final_all,specificity,0.9999844816883923,0.9999534450651769,1.0,1.0,0.9999534450651769,1.0
quarter,raw,final_all,balanced_accuracy,0.5029089075108629,0.5017977963997517,0.5040277777777779,0.5,0.5074767225325885,0.5012500000000001
quarter,raw,final_all,mcc,0.02289972717518089,0.01432347245612666,0.031877290925431574,0.0,0.05780421639241858,0.010894965133124079
quarter,raw,final_all,map,0.4215729556811933,0.40545750020002114,0.43743048266943224,0.4008026263904547,0.44036732237738224,0.4235489182757428
quarter,raw,final_all,mrr,0.4725997524351098,0.45570179267077426,0.48910530120740536,0.4542427731396635,0.4878749306337354,0.47568155353193053
quarter,raw,final_all,recall_at_1,0.239484126984127,0.22380704365079362,0.25535714285714284,0.2220238095238095,0.2571428571428572,0.2392857142857143
quarter,raw,final_all,recall_at_3,0.43293650793650795,0.4137896825396825,0.4532738095238095,0.4071428571428572,0.4538690476190476,0.437797619047619
quarter,raw,final_all,recall_at_5,0.5374007936507935,0.5190451388888888,0.5566468253968254,0.5133928571428571,0.5559523809523809,0.5428571428571428
quarter,raw,final_all,recall_at_10,0.701984126984127,0.6837301587301589,0.7203373015873016,0.6830357142857143,0.7163690476190477,0.7065476190476191
quarter,raw,final_all,ndcg_at_1,0.32916666666666666,0.30992063492063493,0.34861111111111115,0.3089285714285714,0.34761904761904766,0.33095238095238094
quarter,raw,final_all,ndcg_at_3,0.38290213937945095,0.3647829109468104,0.40134372557810555,0.35983614133567815,0.40250566086570144,0.3863646159369732
quarter,raw,final_all,ndcg_at_5,0.43011054650535224,0.4124870358031806,0.44766216689906757,0.4079343762145598,0.44904158182108356,0.4333556814804133
quarter,raw,final_all,ndcg_at_10,0.48832720515758915,0.4722484350486222,0.5046212747920128,0.46757454429821427,0.506175622368113,0.49123144880644026
quarter,stage-cal,O,average_precision,0.2627040566893792,0.24401054793587765,0.28204068095065343,0.23680018216675458,0.28304333257902814,0.2682686553223548
quarter,stage-cal,O,trapezoidal_pr_auc,0.24991023790780584,0.23064643858112363,0.26977162202093513,0.22406575179400667,0.27188009512209765,0.25378486680731316
quarter,stage-cal,O,roc_auc,0.7271694599627562,0.7117584089851023,0.7426490339851024,0.716393156424581,0.73989874301676,0.7252164804469273
quarter,stage-cal,O,recall_at_fpr_1pct,0.15166666666666664,0.13416666666666666,0.17041666666666666,0.11750000000000001,0.16499999999999998,0.17250000000000001
quarter,stage-cal,O,brier,0.046012283774894754,0.04546202448445071,0.04656518187103764,0.04667195973183413,0.045508187952868304,0.045856703639981844
quarter,stage-cal,O,log_loss,0.18640793313716034,0.1832129374662536,0.18954729448010532,0.1895437004502316,0.18385860146602923,0.18582149749522023
quarter,stage-cal,O,precision,0.2416666666666667,0.1846875,0.30416666666666664,0.175,0.55,0.0
quarter,stage-cal,O,recall,0.022500000000000003,0.016666666666666673,0.02833333333333334,0.010000000000000002,0.0575,0.0
quarter,stage-cal,O,f1,0.04050442311311877,0.030528381642512075,0.050917952820126726,0.01883116883116883,0.10268210050818746,0.0
quarter,stage-cal,O,specificity,0.9997206703910614,0.9995577281191806,0.9998836126629422,0.9999301675977653,0.9992318435754189,1.0
quarter,stage-cal,O,balanced_accuracy,0.5111103351955307,0.5082518621973929,0.5140508612662943,0.5049650837988827,0.5283659217877096,0.5
quarter,stage-cal,O,mcc,0.06932702477295265,0.05261221406335035,0.08681942898257367,0.040094708241124585,0.16788636607773333,0.0
quarter,stage-cal,O,map,0.4119973908787235,0.3954385058165404,0.4289777789339135,0.3889106568676377,0.4273967600903802,0.41968475567815255
quarter,stage-cal,O,mrr,0.46317805328120315,0.4457498451804947,0.4803966146222811,0.4447807862767057,0.47770286730496203,0.4670505062619418
quarter,stage-cal,O,recall_at_1,0.23184523809523808,0.2151748511904761,0.24881324404761904,0.21116071428571426,0.24821428571428572,0.23616071428571428
quarter,stage-cal,O,recall_at_3,0.4188988095238095,0.39865699404761906,0.440625,0.3933035714285714,0.43616071428571423,0.42723214285714284
quarter,stage-cal,O,recall_at_5,0.5244047619047619,0.5031212797619047,0.5468749999999999,0.5017857142857143,0.5441964285714286,0.5272321428571429
quarter,stage-cal,O,recall_at_10,0.6933035714285714,0.6715773809523808,0.7148809523809524,0.6808035714285714,0.7026785714285715,0.6964285714285714
quarter,stage-cal,O,ndcg_at_1,0.3202380952380952,0.30089285714285713,0.33929315476190475,0.2964285714285714,0.33839285714285716,0.3258928571428571
quarter,stage-cal,O,ndcg_at_3,0.37118990083433206,0.3525951739023825,0.39073034125661354,0.3468897127642496,0.3869840814397615,0.37969590829898514
quarter,stage-cal,O,ndcg_at_5,0.41887213678593627,0.40052978847006043,0.43806695208606916,0.3958233255018735,0.4365256249141852,0.42426745994175025
quarter,stage-cal,O,ndcg_at_10,0.4785711068865612,0.4613811653890466,0.49622930467463416,0.4587048364767169,0.49281471347884437,0.4841937707041222
quarter,stage-cal,N,average_precision,0.2935500082145274,0.27256388101820983,0.3152405713722485,0.2996066501810231,0.2891477854084571,0.29189558905410207
quarter,stage-cal,N,trapezoidal_pr_auc,0.2806226609069203,0.2591931907619067,0.30297783457198507,0.2871869544705355,0.27533654022553766,0.2793444880246877
quarter,stage-cal,N,roc_auc,0.7438652234636872,0.7300814711359406,0.7578109578677841,0.7395635474860336,0.7419378491620112,0.7500942737430168
quarter,stage-cal,N,recall_at_fpr_1pct,0.17125,0.15083333333333335,0.19291666666666665,0.18625000000000003,0.16249999999999998,0.16500000000000004
quarter,stage-cal,N,brier,0.04496649233951009,0.0443673988008203,0.04555200388719183,0.04480630648902137,0.04507791328778967,0.04501525724171923
quarter,stage-cal,N,log_loss,0.18093961848240434,0.17785169914057225,0.18404642214436795,0.18142245381353667,0.18084535081786138,0.18055105081581488
quarter,stage-cal,N,precision,0.2638888888888889,0.19305555555555554,0.33749999999999997,0.40416666666666673,0.1875,0.2
quarter,stage-cal,N,recall,0.02083333333333334,0.015000000000000001,0.0275,0.03625000000000001,0.01125,0.015
quarter,stage-cal,N,f1,0.0379493694711086,0.02748415835372357,0.04945487483530961,0.06557971014492753,0.021103896103896104,0.027164502164502162
quarter,stage-cal,N,specificity,0.999743947858473,0.9995810055865921,0.9998836126629422,0.9995111731843576,0.9997905027932961,0.9999301675977653
quarter,stage-cal,N,balanced_accuracy,0.5102886405959032,0.5073486964618249,0.513598696461825,0.517880586592179,0.5055202513966481,0.5074650837988827
quarter,stage-cal,N,mcc,0.0694541932125059,0.0507504153435128,0.08946954485398154,0.11389732562349422,0.04343197153229913,0.051033282481724326
quarter,stage-cal,N,map,0.4394541382511779,0.4231263057349698,0.4563406115960732,0.4365738023936177,0.4371101170437457,0.44467849531617054
quarter,stage-cal,N,mrr,0.4889322183530216,0.47194703855117975,0.5061855053724356,0.48980390204938784,0.4777986197465639,0.49919413326311307
quarter,stage-cal,N,recall_at_1,0.25282738095238094,0.23616071428571428,0.26979166666666665,0.25401785714285713,0.24508928571428573,0.259375
quarter,stage-cal,N,recall_at_3,0.4555059523809524,0.436156994047619,0.4755989583333333,0.4464285714285714,0.45803571428571427,0.46205357142857145
quarter,stage-cal,N,recall_at_5,0.5611607142857142,0.5428571428571428,0.5805059523809523,0.5491071428571428,0.5571428571428572,0.5772321428571427
quarter,stage-cal,N,recall_at_10,0.7139880952380953,0.6971726190476191,0.7318452380952382,0.6973214285714286,0.7147321428571429,0.7299107142857143
quarter,stage-cal,N,ndcg_at_1,0.3455357142857143,0.3243973214285714,0.3678571428571429,0.35,0.3330357142857143,0.3535714285714286
quarter,stage-cal,N,ndcg_at_3,0.4032059448170175,0.38464212207013776,0.42242610885987947,0.3991723797251421,0.4013001219745795,0.4091453327513308
quarter,stage-cal,N,ndcg_at_5,0.4507873483108824,0.433296660317648,0.4687457799421906,0.44626039388080424,0.44558273214202776,0.4605189189098151
quarter,stage-cal,N,ndcg_at_10,0.5052729248452684,0.4891511092518648,0.521917854258175,0.49863841627441,0.5024511334766175,0.5147292247847776
quarter,stage-cal,Z,average_precision,0.29502765362615385,0.2715215649588742,0.32029968226574884,0.2934597622596273,0.3130099079780969,0.27861329064073753
quarter,stage-cal,Z,trapezoidal_pr_auc,0.28153526629076997,0.25738479836963096,0.3077336870630656,0.28109889812594424,0.2981487404558233,0.2653581602905424
quarter,stage-cal,Z,roc_auc,0.7448649906890131,0.730071170856611,0.7597556447858475,0.7318086592178771,0.7580516759776537,0.7447346368715085
quarter,stage-cal,Z,recall_at_fpr_1pct,0.17750000000000002,0.1525,0.2041666666666667,0.18500000000000005,0.195,0.15250000000000002
quarter,stage-cal,Z,brier,0.044900501131800906,0.044208941836349984,0.04556786619817179,0.04522994899894263,0.04407070298700144,0.04540085140945864
quarter,stage-cal,Z,log_loss,0.1811098333290766,0.17756216153024554,0.1845332487286557,0.18349465568297224,0.17731420816121093,0.18252063614304653
quarter,stage-cal,Z,precision,0.14166666666666666,0.06666666666666667,0.21666666666666667,0.05,0.375,0.0
quarter,stage-cal,Z,recall,0.009166666666666667,0.004166666666666667,0.015,0.005,0.0225,0.0
quarter,stage-cal,Z,f1,0.0170995670995671,0.007864357864357864,0.027849927849927847,0.00909090909090909,0.04220779220779221,0.0
quarter,stage-cal,Z,specificity,0.9998603351955307,0.9997206703910614,1.0,1.0,0.9995810055865922,1.0
quarter,stage-cal,Z,balanced_accuracy,0.5045135009310987,0.5020135009310988,0.5074301675977654,0.5025000000000001,0.5110405027932962,0.5
quarter,stage-cal,Z,mcc,0.03409740867270329,0.01603265397371123,0.05438325801094219,0.015428282953511613,0.08686394306459826,0.0
quarter,stage-cal,Z,map,0.4407240852861327,0.4221785107865714,0.4602911190171113,0.42458656543608875,0.4663084469513861,0.4312772434709233
quarter,stage-cal,Z,mrr,0.4914431507429231,0.47089388750008043,0.5119333263241689,0.47316674686557914,0.5082190572912821,0.49294364807190805
quarter,stage-cal,Z,recall_at_1,0.2547619047619048,0.23511904761904762,0.27529761904761907,0.24375,0.275,0.24553571428571427
quarter,stage-cal,Z,recall_at_3,0.46101190476190473,0.4386904761904762,0.48423363095238087,0.4348214285714286,0.4892857142857142,0.45892857142857146
quarter,stage-cal,Z,recall_at_5,0.563392857142857,0.5428571428571428,0.5848214285714285,0.5366071428571428,0.5794642857142857,0.5741071428571427
quarter,stage-cal,Z,recall_at_10,0.7193452380952382,0.7011904761904763,0.7383928571428572,0.6875,0.7437500000000001,0.7267857142857143
quarter,stage-cal,Z,ndcg_at_1,0.34702380952380957,0.3214285714285714,0.3732291666666665,0.33392857142857146,0.3660714285714286,0.3410714285714286
quarter,stage-cal,Z,ndcg_at_3,0.40632661646968876,0.3851103179258117,0.4284534824211439,0.38572899847853537,0.4335488197175814,0.3997020312129494
quarter,stage-cal,Z,ndcg_at_5,0.4525873659441839,0.43230992638866794,0.47358807941903486,0.43215647763993237,0.47407349563488016,0.45153212455773933
quarter,stage-cal,Z,ndcg_at_10,0.5078394016996453,0.48959145917225394,0.526404251286298,0.4853139599412092,0.5328974401466502,0.5053068050110765
quarter,stage-cal,F_first,average_precision,0.052239398829748006,0.028607869423836984,0.07562855691276857,0.08190038160738006,0.024291803295419467,0.050526011586444486
quarter,stage-cal,F_first,trapezoidal_pr_auc,0.05239285079036073,0.02781630331875899,0.07690935498559776,0.0823885289152812,0.02218956014756479,0.0526004633082362
quarter,stage-cal,F_first,roc_auc,0.03863361266294226,0.022157122905027915,0.055109462290502856,0.035230446927374204,0.03152234636871509,0.04914804469273748
quarter,stage-cal,F_first,recall_at_fpr_1pct,0.03083333333333335,0.0024999999999999745,0.06,0.06749999999999998,-0.007499999999999979,0.03250000000000006
quarter,stage-cal,F_first,brier,0.002188067849364629,0.0015381658251185544,0.0028799020272191763,0.0027335331370563487,0.0012948929673583381,0.0025357774436792005
quarter,stage-cal,F_first,log_loss,0.011757140624632872,0.00841948367346819,0.015121719368247752,0.013058825285073877,0.009184385476962098,0.013028211111862642
quarter,stage-cal,F_first,precision,0.2727777777777778,0.15194444444444447,0.3905555555555555,0.3,-0.11583333333333323,0.6341666666666667
quarter,stage-cal,F_first,recall,0.04083333333333333,0.026666666666666672,0.055,0.022499999999999996,0.0,0.1
quarter,stage-cal,F_first,f1,0.06926544952631906,0.04592533016500406,0.09333349723947548,0.04118200639939771,-0.003727931488801073,0.17034227366836058
quarter,stage-cal,F_first,specificity,-0.001070763500931234,-0.0014897579143389923,-0.0006517690875233647,-0.0002793296089386166,-0.0008379888268156277,-0.002094972067039458
quarter,stage-cal,F_first,balanced_accuracy,0.019881284916201076,0.012913756983240335,0.027058310055865894,0.01111033519553073,-0.00041899441340786936,0.04895251396648037
quarter,stage-cal,F_first,mcc,0.09695598751577467,0.06151773461603298,0.1336913482260342,0.0770671161656329,-0.022904364288086787,0.23670521066977787
quarter,stage-cal,F_first,map,0.06254267252856784,0.04119273536013996,0.08356887105099435,0.0911080866438751,0.03613561049871106,0.06038432044311737
quarter,stage-cal,F_first,mrr,0.059878586172990134,0.03697027738186418,0.08291792998817571,0.08712970598874242,0.03211210192754721,0.06039395060268077
quarter,stage-cal,F_first,recall_at_1,0.051488095238095256,0.02648809523809531,0.07559523809523812,0.08035714285714288,0.01874999999999999,0.05535714285714291
quarter,stage-cal,F_first,recall_at_3,0.08333333333333333,0.05624999999999997,0.11071428571428572,0.12321428571428567,0.059821428571428636,0.0669642857142857
quarter,stage-cal,F_first,recall_at_5,0.08630952380952371,0.06130952380952385,0.11101934523809513,0.10446428571428562,0.07053571428571415,0.08392857142857135
quarter,stage-cal,F_first,recall_at_10,0.042559523809523735,0.015773809523809617,0.068154761904762,0.03482142857142856,0.03392857142857131,0.05892857142857133
quarter,stage-cal,F_first,ndcg_at_1,0.06428571428571427,0.033333333333333326,0.09583333333333327,0.0982142857142857,0.021428571428571352,0.07321428571428573
quarter,stage-cal,F_first,ndcg_at_3,0.07342440155165027,0.04870187125399263,0.09834789880055239,0.11022557354493645,0.04632178658866537,0.063725844521349
quarter,stage-cal,F_first,ndcg_at_5,0.07506852686480565,0.05324440121826651,0.09679433741891652,0.10199824045251393,0.05184900536318149,0.07135833477872155
quarter,stage-cal,F_first,ndcg_at_10,0.059674077341496025,0.03892122233169666,0.0795145701182539,0.07878795739667943,0.03770665761933678,0.06252761700847187
quarter,stage-cal,F,average_precision,0.04848665908944727,0.033641141124995375,0.06356051234446508,0.07078566844398744,0.01709044346172564,0.05758386536262873
quarter,stage-cal,F,trapezoidal_pr_auc,0.048413437417409944,0.03293143900425798,0.06390397406496254,0.07046403810399728,0.01488608627972371,0.059890187868508846
quarter,stage-cal,F,roc_auc,0.030785614525139653,0.019509718342644203,0.0424542015828677,0.030890363128491583,0.018481145251396602,0.04298533519553077
quarter,stage-cal,F,recall_at_fpr_1pct,0.028333333333333335,0.010000000000000004,0.047499999999999966,0.06374999999999999,-0.010000000000000009,0.03125000000000003
quarter,stage-cal,F,brier,0.0018355500325405588,0.0013708025121071576,0.00231305431064663,0.002475385676418713,0.0008425193087768026,0.002188745112426161
quarter,stage-cal,F,log_loss,0.00985911443391809,0.007587934810760377,0.012171791879484875,0.011193386717865877,0.006730235918028599,0.01165372066585979
quarter,stage-cal,F,precision,0.23777777777777778,0.15652083333333333,0.31819791666666664,0.4541666666666667,-0.2579166666666666,0.5170833333333333
quarter,stage-cal,F,recall,0.028750000000000008,0.019989583333333328,0.03791666666666666,0.04125000000000001,-0.019999999999999997,0.065
quarter,stage-cal,F,f1,0.049773260555869246,0.034489562550975586,0.06515477955015993,0.0744824016563147,-0.037498258987389434,0.11233563899868246
quarter,stage-cal,F,specificity,-0.0006983240223464304,-0.0010009310986965156,-0.0003957169459963457,-0.0005586592178770666,-0.00041899441340781385,-0.0011173184357544108
quarter,stage-cal,F,balanced_accuracy,0.01402583798882682,0.009534188780260713,0.018597823556797097,0.020345670391061554,-0.010209497206703944,0.03194134078212285
quarter,stage-cal,F,mcc,0.07557614616755885,0.051497404127782066,0.09937872034948751,0.12867862316487222,-0.07133607247880894,0.16938588781661326
quarter,stage-cal,F,map,0.05128081770984416,0.037833194298662526,0.06504678533507033,0.07394634569213585,0.0232131076521766,0.05668299978522004
quarter,stage-cal,F,mrr,0.0479978014335769,0.03450388709806488,0.06150684698008522,0.06988616416516275,0.0195241267187454,0.054583113416822565
quarter,stage-cal,F,recall_at_1,0.04047619047619049,0.02455357142857142,0.05610491071428571,0.06517857142857145,0.007142857142857131,0.04910714285714289
quarter,stage-cal,F,recall_at_3,0.06383928571428574,0.044345238095238076,0.08377976190476188,0.09017857142857139,0.04062500000000005,0.060714285714285776
quarter,stage-cal,F,recall_at_5,0.06711309523809518,0.04999627976190468,0.0848214285714286,0.08035714285714282,0.047321428571428514,0.07366071428571419
quarter,stage-cal,F,recall_at_10,0.03675595238095234,0.01964285714285722,0.054021577380952396,0.03169642857142857,0.0236607142857142,0.05491071428571426
quarter,stage-cal,F,ndcg_at_1,0.05000000000000004,0.03214285714285711,0.0681547619047619,0.07946428571428574,0.01071428571428576,0.05982142857142861
quarter,stage-cal,F,ndcg_at_3,0.058351973407206346,0.041774645808554126,0.07491819799833653,0.08484790666764794,0.030712687803343436,0.05949532575062766
quarter,stage-cal,F,ndcg_at_5,0.05967751698734009,0.04553636052166777,0.07392333165956722,0.08093079346923945,0.033204822574420506,0.06489693491836032
quarter,stage-cal,F,ndcg_at_10,0.04925512834608219,0.03603447437072944,0.06220406374953989,0.06435234844395227,0.024978487795681042,0.05843454879861326
quarter,stage-cal,G,average_precision,0.05554235264014948,0.0399525354793957,0.07155343657788758,0.06214291893928081,0.06458357680746835,0.03990056217369928
quarter,stage-cal,G,trapezoidal_pr_auc,0.05650349870217025,0.04070543905179293,0.0726841731820431,0.0633329828368511,0.06519451848896057,0.0409829947806991
quarter,stage-cal,G,roc_auc,0.026679469273743,0.016653660381750427,0.03672296904096833,0.03279678770949718,0.030492318435754173,0.016749301675977657
quarter,stage-cal,G,recall_at_fpr_1pct,0.03541666666666669,0.01708333333333332,0.05666666666666666,0.04250000000000004,0.041249999999999995,0.02250000000000002
quarter,stage-cal,G,brier,0.001891387214164604,0.001440088217596364,0.0023362856426392548,0.0021311805659706244,0.002331667051533752,0.0012113140249894357
quarter,stage-cal,G,log_loss,0.0077100820792827774,0.00549827196095467,0.009874667847916196,0.009184044708054659,0.00899559742047562,0.004950604109318052
quarter,stage-cal,G,precision,-0.056944444444444436,-0.15833333333333333,0.041666666666666664,0.06666666666666671,-0.02500000000000005,-0.21249999999999997
quarter,stage-cal,G,recall,-0.0024999999999999974,-0.009999999999999998,0.005000000000000005,0.01625000000000001,-0.007500000000000003,-0.01625
quarter,stage-cal,G,f1,-0.004777891190934667,-0.018179813845574717,0.009022444946357995,0.02802559759081498,-0.012486788573745085,-0.029872482589873895
quarter,stage-cal,G,specificity,0.0008612662942272439,0.0005121042830540193,0.0012337057728119731,-0.00013966480446925278,0.0015363128491620581,0.0011871508379889262
quarter,stage-cal,G,balanced_accuracy,-0.0008193668528863421,-0.004616212756052138,0.003024004888268161,0.008055167597765478,-0.0029818435754189188,-0.007531424581005586
quarter,stage-cal,G,mcc,-0.009153660959647007,-0.03442400452808267,0.016895490916663796,0.03612245705163601,-0.011034581726000858,-0.05254885820457617
quarter,stage-cal,G,map,0.04397197550890578,0.030324143551764934,0.057868581663360834,0.042818666455813365,0.047924010566091524,0.041173249504812465
quarter,stage-cal,G,mrr,0.04977003032936767,0.03505166448857612,0.06487382086120509,0.04995866073428726,0.0501888219079307,0.04916260834588507
quarter,stage-cal,G,recall_at_1,0.03913690476190478,0.022767857142857173,0.05699404761904759,0.03348214285714289,0.04107142857142859,0.04285714285714286
quarter,stage-cal,G,recall_at_3,0.05342261904761903,0.036607142857142866,0.070688244047619,0.05312499999999992,0.05937500000000001,0.04776785714285717
quarter,stage-cal,G,recall_at_5,0.04345238095238089,0.028869047619047652,0.05892857142857143,0.04776785714285714,0.041517857142857106,0.041071428571428426
quarter,stage-cal,G,recall_at_10,0.01949404761904766,0.005651041666666613,0.03377976190476197,0.01473214285714286,0.04062500000000008,0.0031250000000000444
quarter,stage-cal,G,ndcg_at_1,0.05595238095238098,0.03541666666666668,0.07767857142857146,0.052678571428571436,0.05535714285714291,0.05982142857142861
quarter,stage-cal,G,ndcg_at_3,0.052458297342275556,0.03669319585963243,0.06851942774581639,0.05112767629872875,0.056341463422207555,0.049905752305890366
quarter,stage-cal,G,ndcg_at_5,0.04863738154851289,0.0349958925767047,0.06273857860369861,0.05040991613057255,0.048698108607828944,0.046804119907137176
quarter,stage-cal,G,ndcg_at_10,0.040390780388046034,0.027744588164665,0.05295520942567041,0.03809798639762382,0.04953941957429314,0.033534935192221144
quarter,stage-cal,final_all,average_precision,0.2734785890016374,0.25435468707056125,0.29314913169767826,0.25568670886437883,0.2930321910453844,0.27171686709514903
quarter,stage-cal,final_all,trapezoidal_pr_auc,0.2604519140354606,0.24086679542245665,0.2807617063149979,0.2430768005713192,0.28063631023333957,0.2576426313017229
quarter,stage-cal,final_all,roc_auc,0.7330679702048418,0.7189261716325264,0.7471745422098077,0.7215316573556797,0.7459497206703912,0.7317225325884543
quarter,stage-cal,final_all,recall_at_fpr_1pct,0.16027777777777777,0.1425,0.17861111111111114,0.14,0.17499999999999996,0.16583333333333336
quarter,stage-cal,final_all,brier,0.04564168956053014,0.045086123684464206,0.04619973971658172,0.04619128948753696,0.04502902629757936,0.04570475289647411
quarter,stage-cal,final_all,log_loss,0.18464189986779908,0.18157427692034075,0.1877028244191713,0.18752735219447847,0.1816771370310898,0.184721210377829
quarter,stage-cal,final_all,precision,0.20833333333333334,0.15833333333333333,0.26203703703703707,0.13333333333333333,0.4916666666666667,0.0
quarter,stage-cal,final_all,recall,0.018055555555555557,0.013611111111111114,0.022777777777777782,0.008333333333333335,0.04583333333333334,0.0
quarter,stage-cal,final_all,f1,0.03270280444193487,0.024819350335654678,0.04104826735261517,0.015584415584415584,0.08252399774138904,0.0
quarter,stage-cal,final_all,specificity,0.9997672253258845,0.999643078833023,0.9998758535071385,0.9999534450651769,0.9993482309124767,1.0
quarter,stage-cal,final_all,balanced_accuracy,0.5089113904407201,0.5066969273743016,0.5112725015518312,0.5041433891992552,0.5225907821229051,0.5
quarter,stage-cal,final_all,mcc,0.05758381940620286,0.043870831509590695,0.07218819738112009,0.03187256647858693,0.14087889174002163,0.0
quarter,stage-cal,final_all,map,0.4215729556811933,0.40545750020002114,0.43743048266943224,0.4008026263904547,0.44036732237738224,0.4235489182757428
quarter,stage-cal,final_all,mrr,0.4725997524351098,0.45570179267077426,0.48910530120740536,0.4542427731396635,0.4878749306337354,0.47568155353193053
quarter,stage-cal,final_all,recall_at_1,0.239484126984127,0.22380704365079362,0.25535714285714284,0.2220238095238095,0.2571428571428572,0.2392857142857143
quarter,stage-cal,final_all,recall_at_3,0.43293650793650795,0.4137896825396825,0.4532738095238095,0.4071428571428572,0.4538690476190476,0.437797619047619
quarter,stage-cal,final_all,recall_at_5,0.5374007936507935,0.5190451388888888,0.5566468253968254,0.5133928571428571,0.5559523809523809,0.5428571428571428
quarter,stage-cal,final_all,recall_at_10,0.701984126984127,0.6837301587301589,0.7203373015873016,0.6830357142857143,0.7163690476190477,0.7065476190476191
quarter,stage-cal,final_all,ndcg_at_1,0.32916666666666666,0.30992063492063493,0.34861111111111115,0.3089285714285714,0.34761904761904766,0.33095238095238094
quarter,stage-cal,final_all,ndcg_at_3,0.38290213937945095,0.3647829109468104,0.40134372557810555,0.35983614133567815,0.40250566086570144,0.3863646159369732
quarter,stage-cal,final_all,ndcg_at_5,0.43011054650535224,0.4124870358031806,0.44766216689906757,0.4079343762145598,0.44904158182108356,0.4333556814804133
quarter,stage-cal,final_all,ndcg_at_10,0.48832720515758915,0.4722484350486222,0.5046212747920128,0.46757454429821427,0.506175622368113,0.49123144880644026
quarter,first-cal,O,average_precision,0.2627040566893792,0.24401054793587765,0.28204068095065343,0.23680018216675458,0.28304333257902814,0.2682686553223548
quarter,first-cal,O,trapezoidal_pr_auc,0.24991023790780584,0.23064643858112363,0.26977162202093513,0.22406575179400667,0.27188009512209765,0.25378486680731316
quarter,first-cal,O,roc_auc,0.7271694599627562,0.7117584089851023,0.7426490339851024,0.716393156424581,0.73989874301676,0.7252164804469273
quarter,first-cal,O,recall_at_fpr_1pct,0.15166666666666664,0.13416666666666666,0.17041666666666666,0.11750000000000001,0.16499999999999998,0.17250000000000001
quarter,first-cal,O,brier,0.05398289176534615,0.052566181949695256,0.05534736093531874,0.047809965263622176,0.04990747359922835,0.06423123643318793
quarter,first-cal,O,log_loss,0.2121309964488427,0.20692864710917436,0.21718267758014959,0.19886068364794995,0.19793740700943974,0.23959489868913836
quarter,first-cal,O,precision,0.40901991898399276,0.36357874357051473,0.4543132506643477,0.47517857142857145,0.45612657767069537,0.29575460785271157
quarter,first-cal,O,recall,0.18666666666666668,0.1708333333333333,0.20249999999999999,0.09375,0.16999999999999998,0.29625
quarter,first-cal,O,f1,0.22660183245168178,0.20713707119437558,0.24613163729368043,0.15171254877889057,0.23883070050474653,0.2892622480714083
quarter,first-cal,O,specificity,0.979399441340782,0.9770943901303538,0.9815881052141527,0.9941340782122903,0.9864525139664806,0.9576117318435753
quarter,first-cal,O,balanced_accuracy,0.5830330540037244,0.5749645309590316,0.5908617318435753,0.5439420391061451,0.5782262569832401,0.6269308659217877
quarter,first-cal,O,mcc,0.22924588045084304,0.20593630931699752,0.25261394495273537,0.18832319140311146,0.24686223723409131,0.2525522127153264
quarter,first-cal,O,map,0.4119973908787235,0.3954385058165404,0.4289777789339135,0.3889106568676377,0.4273967600903802,0.41968475567815255
quarter,first-cal,O,mrr,0.46317805328120315,0.4457498451804947,0.4803966146222811,0.4447807862767057,0.47770286730496203,0.4670505062619418
quarter,first-cal,O,recall_at_1,0.23184523809523808,0.2151748511904761,0.24881324404761904,0.21116071428571426,0.24821428571428572,0.23616071428571428
quarter,first-cal,O,recall_at_3,0.4188988095238095,0.39865699404761906,0.440625,0.3933035714285714,0.43616071428571423,0.42723214285714284
quarter,first-cal,O,recall_at_5,0.5244047619047619,0.5031212797619047,0.5468749999999999,0.5017857142857143,0.5441964285714286,0.5272321428571429
quarter,first-cal,O,recall_at_10,0.6933035714285714,0.6715773809523808,0.7148809523809524,0.6808035714285714,0.7026785714285715,0.6964285714285714
quarter,first-cal,O,ndcg_at_1,0.3202380952380952,0.30089285714285713,0.33929315476190475,0.2964285714285714,0.33839285714285716,0.3258928571428571
quarter,first-cal,O,ndcg_at_3,0.37118990083433206,0.3525951739023825,0.39073034125661354,0.3468897127642496,0.3869840814397615,0.37969590829898514
quarter,first-cal,O,ndcg_at_5,0.41887213678593627,0.40052978847006043,0.43806695208606916,0.3958233255018735,0.4365256249141852,0.42426745994175025
quarter,first-cal,O,ndcg_at_10,0.4785711068865612,0.4613811653890466,0.49622930467463416,0.4587048364767169,0.49281471347884437,0.4841937707041222
quarter,first-cal,N,average_precision,0.2935500082145274,0.27256388101820983,0.3152405713722485,0.2996066501810231,0.2891477854084571,0.29189558905410207
quarter,first-cal,N,trapezoidal_pr_auc,0.2806226609069203,0.2591931907619067,0.30297783457198507,0.2871869544705355,0.27533654022553766,0.2793444880246877
quarter,first-cal,N,roc_auc,0.7438652234636872,0.7300814711359406,0.7578109578677841,0.7395635474860336,0.7419378491620112,0.7500942737430168
quarter,first-cal,N,recall_at_fpr_1pct,0.17125,0.15083333333333335,0.19291666666666665,0.18625000000000003,0.16249999999999998,0.16500000000000004
quarter,first-cal,N,brier,0.04923577631053335,0.048138255782592065,0.050347379917005206,0.04488667179008473,0.045944670643125476,0.05687598649838984
quarter,first-cal,N,log_loss,0.19584043329329984,0.1915399023286674,0.20004348083438125,0.18658712007646278,0.18558994973714393,0.2153442300662928
quarter,first-cal,N,precision,0.5231889564576022,0.46893559390736744,0.5767399208089437,0.6434523809523809,0.5755548618048618,0.35055962661556395
quarter,first-cal,N,recall,0.16791666666666663,0.15333333333333332,0.18333333333333332,0.10625000000000001,0.13124999999999998,0.26625
quarter,first-cal,N,f1,0.21919277254145605,0.20054068539467326,0.23837156779645718,0.17562444761357804,0.1931071742576071,0.28884669575318295
quarter,first-cal,N,specificity,0.9857541899441342,0.9843109869646183,0.9871275605214153,0.9962290502793296,0.993086592178771,0.9679469273743018
quarter,first-cal,N,balanced_accuracy,0.5768354283054004,0.5694773335661081,0.5844753549813781,0.5512395251396649,0.5621682960893855,0.6170984636871508
quarter,first-cal,N,mcc,0.24545974075703267,0.2217447352257047,0.2691350883556004,0.2382376653857634,0.23481830800640496,0.2633232488789296
quarter,first-cal,N,map,0.4394541382511779,0.4231263057349698,0.4563406115960732,0.4365738023936177,0.4371101170437457,0.44467849531617054
quarter,first-cal,N,mrr,0.4889322183530216,0.47194703855117975,0.5061855053724356,0.48980390204938784,0.4777986197465639,0.49919413326311307
quarter,first-cal,N,recall_at_1,0.25282738095238094,0.23616071428571428,0.26979166666666665,0.25401785714285713,0.24508928571428573,0.259375
quarter,first-cal,N,recall_at_3,0.4555059523809524,0.436156994047619,0.4755989583333333,0.4464285714285714,0.45803571428571427,0.46205357142857145
quarter,first-cal,N,recall_at_5,0.5611607142857142,0.5428571428571428,0.5805059523809523,0.5491071428571428,0.5571428571428572,0.5772321428571427
quarter,first-cal,N,recall_at_10,0.7139880952380953,0.6971726190476191,0.7318452380952382,0.6973214285714286,0.7147321428571429,0.7299107142857143
quarter,first-cal,N,ndcg_at_1,0.3455357142857143,0.3243973214285714,0.3678571428571429,0.35,0.3330357142857143,0.3535714285714286
quarter,first-cal,N,ndcg_at_3,0.4032059448170175,0.38464212207013776,0.42242610885987947,0.3991723797251421,0.4013001219745795,0.4091453327513308
quarter,first-cal,N,ndcg_at_5,0.4507873483108824,0.433296660317648,0.4687457799421906,0.44626039388080424,0.44558273214202776,0.4605189189098151
quarter,first-cal,N,ndcg_at_10,0.5052729248452684,0.4891511092518648,0.521917854258175,0.49863841627441,0.5024511334766175,0.5147292247847776
quarter,first-cal,Z,average_precision,0.29502765362615385,0.2715215649588742,0.32029968226574884,0.2934597622596273,0.3130099079780969,0.27861329064073753
quarter,first-cal,Z,trapezoidal_pr_auc,0.28153526629076997,0.25738479836963096,0.3077336870630656,0.28109889812594424,0.2981487404558233,0.2653581602905424
quarter,first-cal,Z,roc_auc,0.7448649906890131,0.730071170856611,0.7597556447858475,0.7318086592178771,0.7580516759776537,0.7447346368715085
quarter,first-cal,Z,recall_at_fpr_1pct,0.17750000000000002,0.1525,0.2041666666666667,0.18500000000000005,0.195,0.15250000000000002
quarter,first-cal,Z,brier,0.051683344046720626,0.0502572712641562,0.0530781901918052,0.045486014440548644,0.04640360814159698,0.06316040955801625
quarter,first-cal,Z,log_loss,0.20333702352210958,0.19804577334754384,0.20856075247058592,0.19029912121705003,0.1861341973558696,0.2335777519934091
quarter,first-cal,Z,precision,0.4385155301998805,0.39283702614228816,0.4859846858343246,0.5327380952380952,0.5044430569430569,0.27836543841848954
quarter,first-cal,Z,recall,0.2133333333333333,0.19166666666666665,0.2358333333333333,0.13000000000000003,0.20749999999999996,0.30249999999999994
quarter,first-cal,Z,f1,0.25941862271340255,0.23482871990809406,0.2845473247427812,0.20468151333368723,0.28674963931137454,0.2868247154951459
quarter,first-cal,Z,specificity,0.9792830540037246,0.9770949720670391,0.9813314711359404,0.9939944134078214,0.9877094972067042,0.9561452513966481
quarter,first-cal,Z,balanced_accuracy,0.5963081936685289,0.5857978933891993,0.6072346950651769,0.5619972067039106,0.5976047486033521,0.629322625698324
quarter,first-cal,Z,mcc,0.2619320867826545,0.23482407405019678,0.28931255437949377,0.24233290433674073,0.29585206925755486,0.24761128675366786
quarter,first-cal,Z,map,0.4407240852861327,0.4221785107865714,0.4602911190171113,0.42458656543608875,0.4663084469513861,0.4312772434709233
quarter,first-cal,Z,mrr,0.4914431507429231,0.47089388750008043,0.5119333263241689,0.47316674686557914,0.5082190572912821,0.49294364807190805
quarter,first-cal,Z,recall_at_1,0.2547619047619048,0.23511904761904762,0.27529761904761907,0.24375,0.275,0.24553571428571427
quarter,first-cal,Z,recall_at_3,0.46101190476190473,0.4386904761904762,0.48423363095238087,0.4348214285714286,0.4892857142857142,0.45892857142857146
quarter,first-cal,Z,recall_at_5,0.563392857142857,0.5428571428571428,0.5848214285714285,0.5366071428571428,0.5794642857142857,0.5741071428571427
quarter,first-cal,Z,recall_at_10,0.7193452380952382,0.7011904761904763,0.7383928571428572,0.6875,0.7437500000000001,0.7267857142857143
quarter,first-cal,Z,ndcg_at_1,0.34702380952380957,0.3214285714285714,0.3732291666666665,0.33392857142857146,0.3660714285714286,0.3410714285714286
quarter,first-cal,Z,ndcg_at_3,0.40632661646968876,0.3851103179258117,0.4284534824211439,0.38572899847853537,0.4335488197175814,0.3997020312129494
quarter,first-cal,Z,ndcg_at_5,0.4525873659441839,0.43230992638866794,0.47358807941903486,0.43215647763993237,0.47407349563488016,0.45153212455773933
quarter,first-cal,Z,ndcg_at_10,0.5078394016996453,0.48959145917225394,0.526404251286298,0.4853139599412092,0.5328974401466502,0.5053068050110765
quarter,first-cal,F_first,average_precision,0.052239398829748006,0.028607869423836984,0.07562855691276857,0.08190038160738006,0.024291803295419467,0.050526011586444486
quarter,first-cal,F_first,trapezoidal_pr_auc,0.05239285079036073,0.02781630331875899,0.07690935498559776,0.0823885289152812,0.02218956014756479,0.0526004633082362
quarter,first-cal,F_first,roc_auc,0.03863361266294226,0.022157122905027915,0.055109462290502856,0.035230446927374204,0.03152234636871509,0.04914804469273748
quarter,first-cal,F_first,recall_at_fpr_1pct,0.03083333333333335,0.0024999999999999745,0.06,0.06749999999999998,-0.007499999999999979,0.03250000000000006
quarter,first-cal,F_first,brier,0.009756761934984766,0.008216658134820204,0.011235438229843046,0.003648878530339343,0.0051394752238204805,0.020481932050794474
quarter,first-cal,F_first,log_loss,0.03660168517101761,0.03146449077516067,0.041797794531606446,0.02214594826680069,0.021602598847986293,0.06605650839826585
quarter,first-cal,F_first,precision,0.1524398808237537,0.0414512940309813,0.25888461141077795,0.02916666666666662,0.11517441708618181,0.3129785587184127
quarter,first-cal,F_first,recall,-0.13166666666666663,-0.15333333333333332,-0.11083333333333334,-0.04250000000000002,-0.12249999999999997,-0.22999999999999995
quarter,first-cal,F_first,f1,-0.11851879291131913,-0.14756770896140717,-0.09078963187513399,-0.06481435231435229,-0.14231652811313783,-0.14842549830646729
quarter,first-cal,F_first,specificity,0.018482309124767154,0.015782122905027673,0.02118249534450634,0.003910614525139855,0.01187150837988804,0.03966480446927356
quarter,first-cal,F_first,balanced_accuracy,-0.05659217877094965,-0.06730918296089385,-0.04611021880819378,-0.019294692737430008,-0.05531424581005573,-0.09516759776536321
quarter,first-cal,F_first,mcc,-0.058487241061353695,-0.09674462729190597,-0.022011558330241075,-0.045799420965543264,-0.08304674502324647,-0.04661555719527136
quarter,first-cal,F_first,map,0.06254267252856784,0.04119273536013996,0.08356887105099435,0.0911080866438751,0.03613561049871106,0.06038432044311737
quarter,first-cal,F_first,mrr,0.059878586172990134,0.03697027738186418,0.08291792998817571,0.08712970598874242,0.03211210192754721,0.06039395060268077
quarter,first-cal,F_first,recall_at_1,0.051488095238095256,0.02648809523809531,0.07559523809523812,0.08035714285714288,0.01874999999999999,0.05535714285714291
quarter,first-cal,F_first,recall_at_3,0.08333333333333333,0.05624999999999997,0.11071428571428572,0.12321428571428567,0.059821428571428636,0.0669642857142857
quarter,first-cal,F_first,recall_at_5,0.08630952380952371,0.06130952380952385,0.11101934523809513,0.10446428571428562,0.07053571428571415,0.08392857142857135
quarter,first-cal,F_first,recall_at_10,0.042559523809523735,0.015773809523809617,0.068154761904762,0.03482142857142856,0.03392857142857131,0.05892857142857133
quarter,first-cal,F_first,ndcg_at_1,0.06428571428571427,0.033333333333333326,0.09583333333333327,0.0982142857142857,0.021428571428571352,0.07321428571428573
quarter,first-cal,F_first,ndcg_at_3,0.07342440155165027,0.04870187125399263,0.09834789880055239,0.11022557354493645,0.04632178658866537,0.063725844521349
quarter,first-cal,F_first,ndcg_at_5,0.07506852686480565,0.05324440121826651,0.09679433741891652,0.10199824045251393,0.05184900536318149,0.07135833477872155
quarter,first-cal,F_first,ndcg_at_10,0.059674077341496025,0.03892122233169666,0.0795145701182539,0.07878795739667943,0.03770665761933678,0.06252761700847187
quarter,first-cal,F,average_precision,0.04848665908944727,0.033641141124995375,0.06356051234446508,0.07078566844398744,0.01709044346172564,0.05758386536262873
quarter,first-cal,F,trapezoidal_pr_auc,0.048413437417409944,0.03293143900425798,0.06390397406496254,0.07046403810399728,0.01488608627972371,0.059890187868508846
quarter,first-cal,F,roc_auc,0.030785614525139653,0.019509718342644203,0.0424542015828677,0.030890363128491583,0.018481145251396602,0.04298533519553077
quarter,first-cal,F,recall_at_fpr_1pct,0.028333333333333335,0.010000000000000004,0.047499999999999966,0.06374999999999999,-0.010000000000000009,0.03125000000000003
quarter,first-cal,F,brier,0.008928295509428547,0.007891123044562664,0.009900681960754734,0.0036610586279464084,0.005541500177098806,0.017582327723240428
quarter,first-cal,F,log_loss,0.03179495803122138,0.02813425421878022,0.03532727905443798,0.01874793641969698,0.02047443713948585,0.0561625005344813
quarter,first-cal,F,precision,0.18130016126255807,0.1123893074843125,0.2529115645659616,0.15190476190476188,0.15929008899597136,0.23270563288694093
quarter,first-cal,F,recall,-0.09041666666666666,-0.10499999999999998,-0.07541666666666669,-0.035,-0.10499999999999998,-0.13124999999999998
quarter,first-cal,F,f1,-0.0762402735192641,-0.09383093803575987,-0.05834589870721557,-0.046149542944145625,-0.12391450438202865,-0.058656773231618026
quarter,first-cal,F,specificity,0.015921787709497242,0.014082867783985098,0.017807262569832265,0.004958100558659473,0.011592178770949535,0.031215083798882715
quarter,first-cal,F,balanced_accuracy,-0.03724743947858463,-0.044409974394785834,-0.030037243947858488,-0.015020949720670196,-0.04670391061452506,-0.05001745810055863
quarter,first-cal,F,mcc,-0.022254501020780415,-0.04505411019482854,0.0003028458443353336,-0.008661830926460057,-0.06341967025753938,0.005317998121658188
quarter,first-cal,F,map,0.05128081770984416,0.037833194298662526,0.06504678533507033,0.07394634569213585,0.0232131076521766,0.05668299978522004
quarter,first-cal,F,mrr,0.0479978014335769,0.03450388709806488,0.06150684698008522,0.06988616416516275,0.0195241267187454,0.054583113416822565
quarter,first-cal,F,recall_at_1,0.04047619047619049,0.02455357142857142,0.05610491071428571,0.06517857142857145,0.007142857142857131,0.04910714285714289
quarter,first-cal,F,recall_at_3,0.06383928571428574,0.044345238095238076,0.08377976190476188,0.09017857142857139,0.04062500000000005,0.060714285714285776
quarter,first-cal,F,recall_at_5,0.06711309523809518,0.04999627976190468,0.0848214285714286,0.08035714285714282,0.047321428571428514,0.07366071428571419
quarter,first-cal,F,recall_at_10,0.03675595238095234,0.01964285714285722,0.054021577380952396,0.03169642857142857,0.0236607142857142,0.05491071428571426
quarter,first-cal,F,ndcg_at_1,0.05000000000000004,0.03214285714285711,0.0681547619047619,0.07946428571428574,0.01071428571428576,0.05982142857142861
quarter,first-cal,F,ndcg_at_3,0.058351973407206346,0.041774645808554126,0.07491819799833653,0.08484790666764794,0.030712687803343436,0.05949532575062766
quarter,first-cal,F,ndcg_at_5,0.05967751698734009,0.04553636052166777,0.07392333165956722,0.08093079346923945,0.033204822574420506,0.06489693491836032
quarter,first-cal,F,ndcg_at_10,0.04925512834608219,0.03603447437072944,0.06220406374953989,0.06435234844395227,0.024978487795681042,0.05843454879861326
quarter,first-cal,G,average_precision,0.05554235264014948,0.0399525354793957,0.07155343657788758,0.06214291893928081,0.06458357680746835,0.03990056217369928
quarter,first-cal,G,trapezoidal_pr_auc,0.05650349870217025,0.04070543905179293,0.0726841731820431,0.0633329828368511,0.06519451848896057,0.0409829947806991
quarter,first-cal,G,roc_auc,0.026679469273743,0.016653660381750427,0.03672296904096833,0.03279678770949718,0.030492318435754173,0.016749301675977657
quarter,first-cal,G,recall_at_fpr_1pct,0.03541666666666669,0.01708333333333332,0.05666666666666666,0.04250000000000004,0.041249999999999995,0.02250000000000002
quarter,first-cal,G,brier,-0.001029762008051431,-0.00195251435716387,-0.00010606721417303137,0.0018536951754881438,0.0014277804356480975,-0.0063707616352905345
quarter,first-cal,G,log_loss,-0.002333994506968561,-0.005579544892063258,0.0007843310887651659,0.0045304671246315376,0.005379345727548571,-0.01691179637308579
quarter,first-cal,G,precision,0.0881315513082853,0.01996043108926279,0.15483962535610332,0.22261904761904763,0.11347152847152842,-0.07169592216572013
quarter,first-cal,G,recall,0.1025,0.09041666666666666,0.11458333333333331,0.07875000000000001,0.0875,0.14125
quarter,first-cal,G,f1,0.11962433727741002,0.10540121881421262,0.134496894809675,0.12461277812364766,0.11486737420258966,0.11939285950599274
quarter,first-cal,G,specificity,-0.009194599627560343,-0.010428305400372392,-0.00796089385474861,-0.003212290502793147,-0.003980446927374259,-0.020391061452513626
quarter,first-cal,G,balanced_accuracy,0.04665270018621981,0.04066716131284915,0.05262846252327752,0.03776885474860342,0.04175977653631291,0.0604294692737431
quarter,first-cal,G,mcc,0.10735774229062008,0.08846053522010602,0.1270515526913863,0.13761057931188936,0.10823413548653713,0.07622851207343379
quarter,first-cal,G,map,0.04397197550890578,0.030324143551764934,0.057868581663360834,0.042818666455813365,0.047924010566091524,0.041173249504812465
quarter,first-cal,G,mrr,0.04977003032936767,0.03505166448857612,0.06487382086120509,0.04995866073428726,0.0501888219079307,0.04916260834588507
quarter,first-cal,G,recall_at_1,0.03913690476190478,0.022767857142857173,0.05699404761904759,0.03348214285714289,0.04107142857142859,0.04285714285714286
quarter,first-cal,G,recall_at_3,0.05342261904761903,0.036607142857142866,0.070688244047619,0.05312499999999992,0.05937500000000001,0.04776785714285717
quarter,first-cal,G,recall_at_5,0.04345238095238089,0.028869047619047652,0.05892857142857143,0.04776785714285714,0.041517857142857106,0.041071428571428426
quarter,first-cal,G,recall_at_10,0.01949404761904766,0.005651041666666613,0.03377976190476197,0.01473214285714286,0.04062500000000008,0.0031250000000000444
quarter,first-cal,G,ndcg_at_1,0.05595238095238098,0.03541666666666668,0.07767857142857146,0.052678571428571436,0.05535714285714291,0.05982142857142861
quarter,first-cal,G,ndcg_at_3,0.052458297342275556,0.03669319585963243,0.06851942774581639,0.05112767629872875,0.056341463422207555,0.049905752305890366
quarter,first-cal,G,ndcg_at_5,0.04863738154851289,0.0349958925767047,0.06273857860369861,0.05040991613057255,0.048698108607828944,0.046804119907137176
quarter,first-cal,G,ndcg_at_10,0.040390780388046034,0.027744588164665,0.05295520942567041,0.03809798639762382,0.04953941957429314,0.033534935192221144
quarter,first-cal,final_all,average_precision,0.2734785890016374,0.25435468707056125,0.29314913169767826,0.25568670886437883,0.2930321910453844,0.27171686709514903
quarter,first-cal,final_all,trapezoidal_pr_auc,0.2604519140354606,0.24086679542245665,0.2807617063149979,0.2430768005713192,0.28063631023333957,0.2576426313017229
quarter,first-cal,final_all,roc_auc,0.7330679702048418,0.7189261716325264,0.7471745422098077,0.7215316573556797,0.7459497206703912,0.7317225325884543
quarter,first-cal,final_all,recall_at_fpr_1pct,0.16027777777777777,0.1425,0.17861111111111114,0.14,0.17499999999999996,0.16583333333333336
quarter,first-cal,final_all,brier,0.05321637585913764,0.051989558932642996,0.054424741776653504,0.04703531498926433,0.04873951844668456,0.06387429414146403
quarter,first-cal,final_all,log_loss,0.20919967213993165,0.2044494751803133,0.21387436294417067,0.19600682950431667,0.19400300379158306,0.2375891831238953
quarter,first-cal,final_all,precision,0.41885178938928874,0.379178051446058,0.4585195017414546,0.4943650793650794,0.4722320707614826,0.2899582180413042
quarter,first-cal,final_all,recall,0.19555555555555557,0.18027777777777776,0.21028472222222214,0.10583333333333333,0.18249999999999997,0.2983333333333333
quarter,first-cal,final_all,f1,0.237540762538922,0.21872391372850072,0.25641621694567823,0.1693688702971561,0.25480368010695587,0.28844973721265416
quarter,first-cal,final_all,specificity,0.9793606455617629,0.9775760397268778,0.9810831781502173,0.9940875232774674,0.9868715083798884,0.957122905027933
quarter,first-cal,final_all,balanced_accuracy,0.5874581005586593,0.5798097454996896,0.5950025993171943,0.5499604283054004,0.5846857541899442,0.6277281191806331
quarter,first-cal,final_all,mcc,0.24014128256144687,0.21846331266022412,0.2624009460092244,0.20632642904765455,0.2631921812419125,0.25090523739477355
quarter,first-cal,final_all,map,0.4215729556811933,0.40545750020002114,0.43743048266943224,0.4008026263904547,0.44036732237738224,0.4235489182757428
quarter,first-cal,final_all,mrr,0.4725997524351098,0.45570179267077426,0.48910530120740536,0.4542427731396635,0.4878749306337354,0.47568155353193053
quarter,first-cal,final_all,recall_at_1,0.239484126984127,0.22380704365079362,0.25535714285714284,0.2220238095238095,0.2571428571428572,0.2392857142857143
quarter,first-cal,final_all,recall_at_3,0.43293650793650795,0.4137896825396825,0.4532738095238095,0.4071428571428572,0.4538690476190476,0.437797619047619
quarter,first-cal,final_all,recall_at_5,0.5374007936507935,0.5190451388888888,0.5566468253968254,0.5133928571428571,0.5559523809523809,0.5428571428571428
quarter,first-cal,final_all,recall_at_10,0.701984126984127,0.6837301587301589,0.7203373015873016,0.6830357142857143,0.7163690476190477,0.7065476190476191
quarter,first-cal,final_all,ndcg_at_1,0.32916666666666666,0.30992063492063493,0.34861111111111115,0.3089285714285714,0.34761904761904766,0.33095238095238094
quarter,first-cal,final_all,ndcg_at_3,0.38290213937945095,0.3647829109468104,0.40134372557810555,0.35983614133567815,0.40250566086570144,0.3863646159369732
quarter,first-cal,final_all,ndcg_at_5,0.43011054650535224,0.4124870358031806,0.44766216689906757,0.4079343762145598,0.44904158182108356,0.4333556814804133
quarter,first-cal,final_all,ndcg_at_10,0.48832720515758915,0.4722484350486222,0.5046212747920128,0.46757454429821427,0.506175622368113,0.49123144880644026
quarter,primary,O,average_precision,0.2627040566893792,0.24401054793587765,0.28204068095065343,0.23680018216675458,0.28304333257902814,0.2682686553223548
quarter,primary,O,trapezoidal_pr_auc,0.24991023790780584,0.23064643858112363,0.26977162202093513,0.22406575179400667,0.27188009512209765,0.25378486680731316
quarter,primary,O,roc_auc,0.7271694599627562,0.7117584089851023,0.7426490339851024,0.716393156424581,0.73989874301676,0.7252164804469273
quarter,primary,O,recall_at_fpr_1pct,0.15166666666666664,0.13416666666666666,0.17041666666666666,0.11750000000000001,0.16499999999999998,0.17250000000000001
quarter,primary,O,brier,0.046012283774894754,0.04546202448445071,0.04656518187103764,0.04667195973183413,0.045508187952868304,0.045856703639981844
quarter,primary,O,log_loss,0.18640793313716034,0.1832129374662536,0.18954729448010532,0.1895437004502316,0.18385860146602923,0.18582149749522023
quarter,primary,O,precision,0.2416666666666667,0.1846875,0.30416666666666664,0.175,0.55,0.0
quarter,primary,O,recall,0.022500000000000003,0.016666666666666673,0.02833333333333334,0.010000000000000002,0.0575,0.0
quarter,primary,O,f1,0.04050442311311877,0.030528381642512075,0.050917952820126726,0.01883116883116883,0.10268210050818746,0.0
quarter,primary,O,specificity,0.9997206703910614,0.9995577281191806,0.9998836126629422,0.9999301675977653,0.9992318435754189,1.0
quarter,primary,O,balanced_accuracy,0.5111103351955307,0.5082518621973929,0.5140508612662943,0.5049650837988827,0.5283659217877096,0.5
quarter,primary,O,mcc,0.06932702477295265,0.05261221406335035,0.08681942898257367,0.040094708241124585,0.16788636607773333,0.0
quarter,primary,O,map,0.4119973908787235,0.3954385058165404,0.4289777789339135,0.3889106568676377,0.4273967600903802,0.41968475567815255
quarter,primary,O,mrr,0.46317805328120315,0.4457498451804947,0.4803966146222811,0.4447807862767057,0.47770286730496203,0.4670505062619418
quarter,primary,O,recall_at_1,0.23184523809523808,0.2151748511904761,0.24881324404761904,0.21116071428571426,0.24821428571428572,0.23616071428571428
quarter,primary,O,recall_at_3,0.4188988095238095,0.39865699404761906,0.440625,0.3933035714285714,0.43616071428571423,0.42723214285714284
quarter,primary,O,recall_at_5,0.5244047619047619,0.5031212797619047,0.5468749999999999,0.5017857142857143,0.5441964285714286,0.5272321428571429
quarter,primary,O,recall_at_10,0.6933035714285714,0.6715773809523808,0.7148809523809524,0.6808035714285714,0.7026785714285715,0.6964285714285714
quarter,primary,O,ndcg_at_1,0.3202380952380952,0.30089285714285713,0.33929315476190475,0.2964285714285714,0.33839285714285716,0.3258928571428571
quarter,primary,O,ndcg_at_3,0.37118990083433206,0.3525951739023825,0.39073034125661354,0.3468897127642496,0.3869840814397615,0.37969590829898514
quarter,primary,O,ndcg_at_5,0.41887213678593627,0.40052978847006043,0.43806695208606916,0.3958233255018735,0.4365256249141852,0.42426745994175025
quarter,primary,O,ndcg_at_10,0.4785711068865612,0.4613811653890466,0.49622930467463416,0.4587048364767169,0.49281471347884437,0.4841937707041222
quarter,primary,N,average_precision,0.2935500082145274,0.27256388101820983,0.3152405713722485,0.2996066501810231,0.2891477854084571,0.29189558905410207
quarter,primary,N,trapezoidal_pr_auc,0.2806226609069203,0.2591931907619067,0.30297783457198507,0.2871869544705355,0.27533654022553766,0.2793444880246877
quarter,primary,N,roc_auc,0.7438652234636872,0.7300814711359406,0.7578109578677841,0.7395635474860336,0.7419378491620112,0.7500942737430168
quarter,primary,N,recall_at_fpr_1pct,0.17125,0.15083333333333335,0.19291666666666665,0.18625000000000003,0.16249999999999998,0.16500000000000004
quarter,primary,N,brier,0.04496649233951009,0.0443673988008203,0.04555200388719183,0.04480630648902137,0.04507791328778967,0.04501525724171923
quarter,primary,N,log_loss,0.18093961848240434,0.17785169914057225,0.18404642214436795,0.18142245381353667,0.18084535081786138,0.18055105081581488
quarter,primary,N,precision,0.2638888888888889,0.19305555555555554,0.33749999999999997,0.40416666666666673,0.1875,0.2
quarter,primary,N,recall,0.02083333333333334,0.015000000000000001,0.0275,0.03625000000000001,0.01125,0.015
quarter,primary,N,f1,0.0379493694711086,0.02748415835372357,0.04945487483530961,0.06557971014492753,0.021103896103896104,0.027164502164502162
quarter,primary,N,specificity,0.999743947858473,0.9995810055865921,0.9998836126629422,0.9995111731843576,0.9997905027932961,0.9999301675977653
quarter,primary,N,balanced_accuracy,0.5102886405959032,0.5073486964618249,0.513598696461825,0.517880586592179,0.5055202513966481,0.5074650837988827
quarter,primary,N,mcc,0.0694541932125059,0.0507504153435128,0.08946954485398154,0.11389732562349422,0.04343197153229913,0.051033282481724326
quarter,primary,N,map,0.4394541382511779,0.4231263057349698,0.4563406115960732,0.4365738023936177,0.4371101170437457,0.44467849531617054
quarter,primary,N,mrr,0.4889322183530216,0.47194703855117975,0.5061855053724356,0.48980390204938784,0.4777986197465639,0.49919413326311307
quarter,primary,N,recall_at_1,0.25282738095238094,0.23616071428571428,0.26979166666666665,0.25401785714285713,0.24508928571428573,0.259375
quarter,primary,N,recall_at_3,0.4555059523809524,0.436156994047619,0.4755989583333333,0.4464285714285714,0.45803571428571427,0.46205357142857145
quarter,primary,N,recall_at_5,0.5611607142857142,0.5428571428571428,0.5805059523809523,0.5491071428571428,0.5571428571428572,0.5772321428571427
quarter,primary,N,recall_at_10,0.7139880952380953,0.6971726190476191,0.7318452380952382,0.6973214285714286,0.7147321428571429,0.7299107142857143
quarter,primary,N,ndcg_at_1,0.3455357142857143,0.3243973214285714,0.3678571428571429,0.35,0.3330357142857143,0.3535714285714286
quarter,primary,N,ndcg_at_3,0.4032059448170175,0.38464212207013776,0.42242610885987947,0.3991723797251421,0.4013001219745795,0.4091453327513308
quarter,primary,N,ndcg_at_5,0.4507873483108824,0.433296660317648,0.4687457799421906,0.44626039388080424,0.44558273214202776,0.4605189189098151
quarter,primary,N,ndcg_at_10,0.5052729248452684,0.4891511092518648,0.521917854258175,0.49863841627441,0.5024511334766175,0.5147292247847776
quarter,primary,Z,average_precision,0.29502765362615385,0.2715215649588742,0.32029968226574884,0.2934597622596273,0.3130099079780969,0.27861329064073753
quarter,primary,Z,trapezoidal_pr_auc,0.28153526629076997,0.25738479836963096,0.3077336870630656,0.28109889812594424,0.2981487404558233,0.2653581602905424
quarter,primary,Z,roc_auc,0.7448649906890131,0.730071170856611,0.7597556447858475,0.7318086592178771,0.7580516759776537,0.7447346368715085
quarter,primary,Z,recall_at_fpr_1pct,0.17750000000000002,0.1525,0.2041666666666667,0.18500000000000005,0.195,0.15250000000000002
quarter,primary,Z,brier,0.044900501131800906,0.044208941836349984,0.04556786619817179,0.04522994899894263,0.04407070298700144,0.04540085140945864
quarter,primary,Z,log_loss,0.1811098333290766,0.17756216153024554,0.1845332487286557,0.18349465568297224,0.17731420816121093,0.18252063614304653
quarter,primary,Z,precision,0.14166666666666666,0.06666666666666667,0.21666666666666667,0.05,0.375,0.0
quarter,primary,Z,recall,0.009166666666666667,0.004166666666666667,0.015,0.005,0.0225,0.0
quarter,primary,Z,f1,0.0170995670995671,0.007864357864357864,0.027849927849927847,0.00909090909090909,0.04220779220779221,0.0
quarter,primary,Z,specificity,0.9998603351955307,0.9997206703910614,1.0,1.0,0.9995810055865922,1.0
quarter,primary,Z,balanced_accuracy,0.5045135009310987,0.5020135009310988,0.5074301675977654,0.5025000000000001,0.5110405027932962,0.5
quarter,primary,Z,mcc,0.03409740867270329,0.01603265397371123,0.05438325801094219,0.015428282953511613,0.08686394306459826,0.0
quarter,primary,Z,map,0.4407240852861327,0.4221785107865714,0.4602911190171113,0.42458656543608875,0.4663084469513861,0.4312772434709233
quarter,primary,Z,mrr,0.4914431507429231,0.47089388750008043,0.5119333263241689,0.47316674686557914,0.5082190572912821,0.49294364807190805
quarter,primary,Z,recall_at_1,0.2547619047619048,0.23511904761904762,0.27529761904761907,0.24375,0.275,0.24553571428571427
quarter,primary,Z,recall_at_3,0.46101190476190473,0.4386904761904762,0.48423363095238087,0.4348214285714286,0.4892857142857142,0.45892857142857146
quarter,primary,Z,recall_at_5,0.563392857142857,0.5428571428571428,0.5848214285714285,0.5366071428571428,0.5794642857142857,0.5741071428571427
quarter,primary,Z,recall_at_10,0.7193452380952382,0.7011904761904763,0.7383928571428572,0.6875,0.7437500000000001,0.7267857142857143
quarter,primary,Z,ndcg_at_1,0.34702380952380957,0.3214285714285714,0.3732291666666665,0.33392857142857146,0.3660714285714286,0.3410714285714286
quarter,primary,Z,ndcg_at_3,0.40632661646968876,0.3851103179258117,0.4284534824211439,0.38572899847853537,0.4335488197175814,0.3997020312129494
quarter,primary,Z,ndcg_at_5,0.4525873659441839,0.43230992638866794,0.47358807941903486,0.43215647763993237,0.47407349563488016,0.45153212455773933
quarter,primary,Z,ndcg_at_10,0.5078394016996453,0.48959145917225394,0.526404251286298,0.4853139599412092,0.5328974401466502,0.5053068050110765
quarter,primary,F_first,average_precision,0.052239398829748006,0.028607869423836984,0.07562855691276857,0.08190038160738006,0.024291803295419467,0.050526011586444486
quarter,primary,F_first,trapezoidal_pr_auc,0.05239285079036073,0.02781630331875899,0.07690935498559776,0.0823885289152812,0.02218956014756479,0.0526004633082362
quarter,primary,F_first,roc_auc,0.03863361266294226,0.022157122905027915,0.055109462290502856,0.035230446927374204,0.03152234636871509,0.04914804469273748
quarter,primary,F_first,recall_at_fpr_1pct,0.03083333333333335,0.0024999999999999745,0.06,0.06749999999999998,-0.007499999999999979,0.03250000000000006
quarter,primary,F_first,brier,0.002188067849364629,0.0015381658251185544,0.0028799020272191763,0.0027335331370563487,0.0012948929673583381,0.0025357774436792005
quarter,primary,F_first,log_loss,0.011757140624632872,0.00841948367346819,0.015121719368247752,0.013058825285073877,0.009184385476962098,0.013028211111862642
quarter,primary,F_first,precision,0.2727777777777778,0.15194444444444447,0.3905555555555555,0.3,-0.11583333333333323,0.6341666666666667
quarter,primary,F_first,recall,0.04083333333333333,0.026666666666666672,0.055,0.022499999999999996,0.0,0.1
quarter,primary,F_first,f1,0.06926544952631906,0.04592533016500406,0.09333349723947548,0.04118200639939771,-0.003727931488801073,0.17034227366836058
quarter,primary,F_first,specificity,-0.001070763500931234,-0.0014897579143389923,-0.0006517690875233647,-0.0002793296089386166,-0.0008379888268156277,-0.002094972067039458
quarter,primary,F_first,balanced_accuracy,0.019881284916201076,0.012913756983240335,0.027058310055865894,0.01111033519553073,-0.00041899441340786936,0.04895251396648037
quarter,primary,F_first,mcc,0.09695598751577467,0.06151773461603298,0.1336913482260342,0.0770671161656329,-0.022904364288086787,0.23670521066977787
quarter,primary,F_first,map,0.06254267252856784,0.04119273536013996,0.08356887105099435,0.0911080866438751,0.03613561049871106,0.06038432044311737
quarter,primary,F_first,mrr,0.059878586172990134,0.03697027738186418,0.08291792998817571,0.08712970598874242,0.03211210192754721,0.06039395060268077
quarter,primary,F_first,recall_at_1,0.051488095238095256,0.02648809523809531,0.07559523809523812,0.08035714285714288,0.01874999999999999,0.05535714285714291
quarter,primary,F_first,recall_at_3,0.08333333333333333,0.05624999999999997,0.11071428571428572,0.12321428571428567,0.059821428571428636,0.0669642857142857
quarter,primary,F_first,recall_at_5,0.08630952380952371,0.06130952380952385,0.11101934523809513,0.10446428571428562,0.07053571428571415,0.08392857142857135
quarter,primary,F_first,recall_at_10,0.042559523809523735,0.015773809523809617,0.068154761904762,0.03482142857142856,0.03392857142857131,0.05892857142857133
quarter,primary,F_first,ndcg_at_1,0.06428571428571427,0.033333333333333326,0.09583333333333327,0.0982142857142857,0.021428571428571352,0.07321428571428573
quarter,primary,F_first,ndcg_at_3,0.07342440155165027,0.04870187125399263,0.09834789880055239,0.11022557354493645,0.04632178658866537,0.063725844521349
quarter,primary,F_first,ndcg_at_5,0.07506852686480565,0.05324440121826651,0.09679433741891652,0.10199824045251393,0.05184900536318149,0.07135833477872155
quarter,primary,F_first,ndcg_at_10,0.059674077341496025,0.03892122233169666,0.0795145701182539,0.07878795739667943,0.03770665761933678,0.06252761700847187
quarter,primary,F,average_precision,0.04848665908944727,0.033641141124995375,0.06356051234446508,0.07078566844398744,0.01709044346172564,0.05758386536262873
quarter,primary,F,trapezoidal_pr_auc,0.048413437417409944,0.03293143900425798,0.06390397406496254,0.07046403810399728,0.01488608627972371,0.059890187868508846
quarter,primary,F,roc_auc,0.030785614525139653,0.019509718342644203,0.0424542015828677,0.030890363128491583,0.018481145251396602,0.04298533519553077
quarter,primary,F,recall_at_fpr_1pct,0.028333333333333335,0.010000000000000004,0.047499999999999966,0.06374999999999999,-0.010000000000000009,0.03125000000000003
quarter,primary,F,brier,0.0018355500325405588,0.0013708025121071576,0.00231305431064663,0.002475385676418713,0.0008425193087768026,0.002188745112426161
quarter,primary,F,log_loss,0.00985911443391809,0.007587934810760377,0.012171791879484875,0.011193386717865877,0.006730235918028599,0.01165372066585979
quarter,primary,F,precision,0.23777777777777778,0.15652083333333333,0.31819791666666664,0.4541666666666667,-0.2579166666666666,0.5170833333333333
quarter,primary,F,recall,0.028750000000000008,0.019989583333333328,0.03791666666666666,0.04125000000000001,-0.019999999999999997,0.065
quarter,primary,F,f1,0.049773260555869246,0.034489562550975586,0.06515477955015993,0.0744824016563147,-0.037498258987389434,0.11233563899868246
quarter,primary,F,specificity,-0.0006983240223464304,-0.0010009310986965156,-0.0003957169459963457,-0.0005586592178770666,-0.00041899441340781385,-0.0011173184357544108
quarter,primary,F,balanced_accuracy,0.01402583798882682,0.009534188780260713,0.018597823556797097,0.020345670391061554,-0.010209497206703944,0.03194134078212285
quarter,primary,F,mcc,0.07557614616755885,0.051497404127782066,0.09937872034948751,0.12867862316487222,-0.07133607247880894,0.16938588781661326
quarter,primary,F,map,0.05128081770984416,0.037833194298662526,0.06504678533507033,0.07394634569213585,0.0232131076521766,0.05668299978522004
quarter,primary,F,mrr,0.0479978014335769,0.03450388709806488,0.06150684698008522,0.06988616416516275,0.0195241267187454,0.054583113416822565
quarter,primary,F,recall_at_1,0.04047619047619049,0.02455357142857142,0.05610491071428571,0.06517857142857145,0.007142857142857131,0.04910714285714289
quarter,primary,F,recall_at_3,0.06383928571428574,0.044345238095238076,0.08377976190476188,0.09017857142857139,0.04062500000000005,0.060714285714285776
quarter,primary,F,recall_at_5,0.06711309523809518,0.04999627976190468,0.0848214285714286,0.08035714285714282,0.047321428571428514,0.07366071428571419
quarter,primary,F,recall_at_10,0.03675595238095234,0.01964285714285722,0.054021577380952396,0.03169642857142857,0.0236607142857142,0.05491071428571426
quarter,primary,F,ndcg_at_1,0.05000000000000004,0.03214285714285711,0.0681547619047619,0.07946428571428574,0.01071428571428576,0.05982142857142861
quarter,primary,F,ndcg_at_3,0.058351973407206346,0.041774645808554126,0.07491819799833653,0.08484790666764794,0.030712687803343436,0.05949532575062766
quarter,primary,F,ndcg_at_5,0.05967751698734009,0.04553636052166777,0.07392333165956722,0.08093079346923945,0.033204822574420506,0.06489693491836032
quarter,primary,F,ndcg_at_10,0.04925512834608219,0.03603447437072944,0.06220406374953989,0.06435234844395227,0.024978487795681042,0.05843454879861326
quarter,primary,G,average_precision,0.05554235264014948,0.0399525354793957,0.07155343657788758,0.06214291893928081,0.06458357680746835,0.03990056217369928
quarter,primary,G,trapezoidal_pr_auc,0.05650349870217025,0.04070543905179293,0.0726841731820431,0.0633329828368511,0.06519451848896057,0.0409829947806991
quarter,primary,G,roc_auc,0.026679469273743,0.016653660381750427,0.03672296904096833,0.03279678770949718,0.030492318435754173,0.016749301675977657
quarter,primary,G,recall_at_fpr_1pct,0.03541666666666669,0.01708333333333332,0.05666666666666666,0.04250000000000004,0.041249999999999995,0.02250000000000002
quarter,primary,G,brier,0.001891387214164604,0.001440088217596364,0.0023362856426392548,0.0021311805659706244,0.002331667051533752,0.0012113140249894357
quarter,primary,G,log_loss,0.0077100820792827774,0.00549827196095467,0.009874667847916196,0.009184044708054659,0.00899559742047562,0.004950604109318052
quarter,primary,G,precision,-0.056944444444444436,-0.15833333333333333,0.041666666666666664,0.06666666666666671,-0.02500000000000005,-0.21249999999999997
quarter,primary,G,recall,-0.0024999999999999974,-0.009999999999999998,0.005000000000000005,0.01625000000000001,-0.007500000000000003,-0.01625
quarter,primary,G,f1,-0.004777891190934667,-0.018179813845574717,0.009022444946357995,0.02802559759081498,-0.012486788573745085,-0.029872482589873895
quarter,primary,G,specificity,0.0008612662942272439,0.0005121042830540193,0.0012337057728119731,-0.00013966480446925278,0.0015363128491620581,0.0011871508379889262
quarter,primary,G,balanced_accuracy,-0.0008193668528863421,-0.004616212756052138,0.003024004888268161,0.008055167597765478,-0.0029818435754189188,-0.007531424581005586
quarter,primary,G,mcc,-0.009153660959647007,-0.03442400452808267,0.016895490916663796,0.03612245705163601,-0.011034581726000858,-0.05254885820457617
quarter,primary,G,map,0.04397197550890578,0.030324143551764934,0.057868581663360834,0.042818666455813365,0.047924010566091524,0.041173249504812465
quarter,primary,G,mrr,0.04977003032936767,0.03505166448857612,0.06487382086120509,0.04995866073428726,0.0501888219079307,0.04916260834588507
quarter,primary,G,recall_at_1,0.03913690476190478,0.022767857142857173,0.05699404761904759,0.03348214285714289,0.04107142857142859,0.04285714285714286
quarter,primary,G,recall_at_3,0.05342261904761903,0.036607142857142866,0.070688244047619,0.05312499999999992,0.05937500000000001,0.04776785714285717
quarter,primary,G,recall_at_5,0.04345238095238089,0.028869047619047652,0.05892857142857143,0.04776785714285714,0.041517857142857106,0.041071428571428426
quarter,primary,G,recall_at_10,0.01949404761904766,0.005651041666666613,0.03377976190476197,0.01473214285714286,0.04062500000000008,0.0031250000000000444
quarter,primary,G,ndcg_at_1,0.05595238095238098,0.03541666666666668,0.07767857142857146,0.052678571428571436,0.05535714285714291,0.05982142857142861
quarter,primary,G,ndcg_at_3,0.052458297342275556,0.03669319585963243,0.06851942774581639,0.05112767629872875,0.056341463422207555,0.049905752305890366
quarter,primary,G,ndcg_at_5,0.04863738154851289,0.0349958925767047,0.06273857860369861,0.05040991613057255,0.048698108607828944,0.046804119907137176
quarter,primary,G,ndcg_at_10,0.040390780388046034,0.027744588164665,0.05295520942567041,0.03809798639762382,0.04953941957429314,0.033534935192221144
quarter,primary,final_all,average_precision,0.2734785890016374,0.25435468707056125,0.29314913169767826,0.25568670886437883,0.2930321910453844,0.27171686709514903
quarter,primary,final_all,trapezoidal_pr_auc,0.2604519140354606,0.24086679542245665,0.2807617063149979,0.2430768005713192,0.28063631023333957,0.2576426313017229
quarter,primary,final_all,roc_auc,0.7330679702048418,0.7189261716325264,0.7471745422098077,0.7215316573556797,0.7459497206703912,0.7317225325884543
quarter,primary,final_all,recall_at_fpr_1pct,0.16027777777777777,0.1425,0.17861111111111114,0.14,0.17499999999999996,0.16583333333333336
quarter,primary,final_all,brier,0.04564168956053014,0.045086123684464206,0.04619973971658172,0.04619128948753696,0.04502902629757936,0.04570475289647411
quarter,primary,final_all,log_loss,0.18464189986779908,0.18157427692034075,0.1877028244191713,0.18752735219447847,0.1816771370310898,0.184721210377829
quarter,primary,final_all,precision,0.20833333333333334,0.15833333333333333,0.26203703703703707,0.13333333333333333,0.4916666666666667,0.0
quarter,primary,final_all,recall,0.018055555555555557,0.013611111111111114,0.022777777777777782,0.008333333333333335,0.04583333333333334,0.0
quarter,primary,final_all,f1,0.03270280444193487,0.024819350335654678,0.04104826735261517,0.015584415584415584,0.08252399774138904,0.0
quarter,primary,final_all,specificity,0.9997672253258845,0.999643078833023,0.9998758535071385,0.9999534450651769,0.9993482309124767,1.0
quarter,primary,final_all,balanced_accuracy,0.5089113904407201,0.5066969273743016,0.5112725015518312,0.5041433891992552,0.5225907821229051,0.5
quarter,primary,final_all,mcc,0.05758381940620286,0.043870831509590695,0.07218819738112009,0.03187256647858693,0.14087889174002163,0.0
quarter,primary,final_all,map,0.4215729556811933,0.40545750020002114,0.43743048266943224,0.4008026263904547,0.44036732237738224,0.4235489182757428
quarter,primary,final_all,mrr,0.4725997524351098,0.45570179267077426,0.48910530120740536,0.4542427731396635,0.4878749306337354,0.47568155353193053
quarter,primary,final_all,recall_at_1,0.239484126984127,0.22380704365079362,0.25535714285714284,0.2220238095238095,0.2571428571428572,0.2392857142857143
quarter,primary,final_all,recall_at_3,0.43293650793650795,0.4137896825396825,0.4532738095238095,0.4071428571428572,0.4538690476190476,0.437797619047619
quarter,primary,final_all,recall_at_5,0.5374007936507935,0.5190451388888888,0.5566468253968254,0.5133928571428571,0.5559523809523809,0.5428571428571428
quarter,primary,final_all,recall_at_10,0.701984126984127,0.6837301587301589,0.7203373015873016,0.6830357142857143,0.7163690476190477,0.7065476190476191
quarter,primary,final_all,ndcg_at_1,0.32916666666666666,0.30992063492063493,0.34861111111111115,0.3089285714285714,0.34761904761904766,0.33095238095238094
quarter,primary,final_all,ndcg_at_3,0.38290213937945095,0.3647829109468104,0.40134372557810555,0.35983614133567815,0.40250566086570144,0.3863646159369732
quarter,primary,final_all,ndcg_at_5,0.43011054650535224,0.4124870358031806,0.44766216689906757,0.4079343762145598,0.44904158182108356,0.4333556814804133
quarter,primary,final_all,ndcg_at_10,0.48832720515758915,0.4722484350486222,0.5046212747920128,0.46757454429821427,0.506175622368113,0.49123144880644026
