method,role,endpoint,metric,mean,CI_low,CI_high,ABC,BCA,CAB
frozen,raw,O,average_precision,0.279944968177916,0.25989279223870665,0.300407069641075,0.2711161068721065,0.2744928016292809,0.2942259960323604
frozen,raw,O,trapezoidal_pr_auc,0.2660856226361424,0.24568419351264326,0.2866796721925859,0.2576201836790676,0.2595551826153016,0.2810815016140579
frozen,raw,O,roc_auc,0.7451024208566109,0.7312883496275606,0.7588726140595905,0.7295740223463687,0.749025837988827,0.7567074022346368
frozen,raw,O,recall_at_fpr_1pct,0.15791666666666668,0.13708333333333333,0.17958333333333332,0.15375,0.14750000000000002,0.17250000000000004
frozen,raw,O,brier,0.05032397424350089,0.050112225830090215,0.050528120558382336,0.05004927335307835,0.049045792331579796,0.051876857045844514
frozen,raw,O,log_loss,0.2622625915115217,0.2579624210548325,0.2666731474231999,0.2494792544766423,0.23016425429453685,0.30714426576338605
frozen,raw,O,precision,0.0,0.0,0.0,0.0,0.0,0.0
frozen,raw,O,recall,0.0,0.0,0.0,0.0,0.0,0.0
frozen,raw,O,f1,0.0,0.0,0.0,0.0,0.0,0.0
frozen,raw,O,specificity,1.0,1.0,1.0,1.0,1.0,1.0
frozen,raw,O,balanced_accuracy,0.5,0.5,0.5,0.5,0.5,0.5
frozen,raw,O,mcc,0.0,0.0,0.0,0.0,0.0,0.0
frozen,raw,O,map,0.4411657702877288,0.4240099357281945,0.45731105088001045,0.4365792993956202,0.4393554842480105,0.4475625272195558
frozen,raw,O,mrr,0.48583987949338586,0.4685712372672192,0.5025178318844121,0.4830817157480045,0.4842573887527559,0.4901805339793971
frozen,raw,O,recall_at_1,0.2525297619047619,0.23586309523809526,0.26904761904761904,0.25535714285714284,0.24910714285714286,0.25312500000000004
frozen,raw,O,recall_at_3,0.45639880952380957,0.4351190476190476,0.47708333333333336,0.45401785714285714,0.4575892857142857,0.4575892857142857
frozen,raw,O,recall_at_5,0.5708333333333333,0.5502938988095237,0.591670386904762,0.5526785714285714,0.5785714285714285,0.58125
frozen,raw,O,recall_at_10,0.721279761904762,0.7017857142857143,0.7409226190476191,0.7040178571428573,0.7124999999999999,0.7473214285714286
frozen,raw,O,ndcg_at_1,0.3416666666666666,0.32113095238095235,0.3619047619047619,0.3392857142857143,0.34017857142857144,0.3455357142857143
frozen,raw,O,ndcg_at_3,0.4032373527389726,0.3837500979376596,0.42210464666961284,0.4013794844785049,0.4026268828026377,0.40570569093577524
frozen,raw,O,ndcg_at_5,0.45442066346118254,0.435984470224337,0.4722439430032237,0.4456178764516311,0.4573181181748594,0.460325995757057
frozen,raw,O,ndcg_at_10,0.5076735959146018,0.4909381397795426,0.5243526829443959,0.49961556939116314,0.5040617733182952,0.5193434450343473
frozen,raw,N,average_precision,0.22605156743315122,0.2093688769359832,0.24255452423682708,0.20690867619713094,0.21368788391688043,0.2575581421854423
frozen,raw,N,trapezoidal_pr_auc,0.21190865357636635,0.19496214516060556,0.22866900314520514,0.19353846990499585,0.19906695503526856,0.24312053578883464
frozen,raw,N,roc_auc,0.7186999534450652,0.7036951524674114,0.7334836475791435,0.6970216480446928,0.7167493016759778,0.7423289106145252
frozen,raw,N,recall_at_fpr_1pct,0.11583333333333334,0.10041666666666667,0.13125,0.11125000000000002,0.10875000000000001,0.1275
frozen,raw,N,brier,0.05080909505780051,0.050650091467612075,0.0509749021777655,0.050762682585026905,0.04973333244424302,0.05193127014413161
frozen,raw,N,log_loss,0.2658768688731566,0.2618594649053218,0.2701041078933572,0.2546330086713021,0.23508866552277796,0.3079089324253898
frozen,raw,N,precision,0.0,0.0,0.0,0.0,0.0,0.0
frozen,raw,N,recall,0.0,0.0,0.0,0.0,0.0,0.0
frozen,raw,N,f1,0.0,0.0,0.0,0.0,0.0,0.0
frozen,raw,N,specificity,1.0,1.0,1.0,1.0,1.0,1.0
frozen,raw,N,balanced_accuracy,0.5,0.5,0.5,0.5,0.5,0.5
frozen,raw,N,mcc,0.0,0.0,0.0,0.0,0.0,0.0
frozen,raw,N,map,0.39129085619681775,0.37652396333583626,0.40584184172708004,0.36115790918559576,0.3926714958775904,0.420043163527267
frozen,raw,N,mrr,0.43497426154155,0.4200794436430308,0.4498636583502942,0.40479910659378066,0.4339202807217267,0.46620339730914273
frozen,raw,N,recall_at_1,0.2081845238095238,0.19449032738095237,0.22202752976190473,0.18482142857142855,0.20580357142857147,0.2339285714285714
frozen,raw,N,recall_at_3,0.3989583333333333,0.38005952380952374,0.41755952380952377,0.35625,0.4116071428571428,0.42901785714285706
frozen,raw,N,recall_at_5,0.515922619047619,0.4952380952380952,0.5367559523809523,0.47053571428571417,0.5183035714285714,0.5589285714285714
frozen,raw,N,recall_at_10,0.6912202380952381,0.6726153273809524,0.7098214285714285,0.6696428571428572,0.6830357142857142,0.7209821428571429
frozen,raw,N,ndcg_at_1,0.2842261904761905,0.2675595238095238,0.3014880952380952,0.2526785714285714,0.2848214285714286,0.3151785714285714
frozen,raw,N,ndcg_at_3,0.34630389011688734,0.3297341234136421,0.3628455793156806,0.30947576780901875,0.3529871962132397,0.37644870632840355
frozen,raw,N,ndcg_at_5,0.39849093405085023,0.3817459372915997,0.4151722305366139,0.3604323499468336,0.400460372742635,0.43458007946308197
frozen,raw,N,ndcg_at_10,0.4608586718719991,0.44514204836089427,0.4765630755657735,0.4316089011558181,0.4586908219931185,0.4922762924670605
frozen,raw,Z,average_precision,0.2225222672652225,0.20353011910948002,0.24153270693057002,0.181003301769114,0.2133720538178892,0.27319144620866426
frozen,raw,Z,trapezoidal_pr_auc,0.20858335700780892,0.18959132892341196,0.22791169328240904,0.16762114143273768,0.2000315676483247,0.2580973619423643
frozen,raw,Z,roc_auc,0.720239757914339,0.7014268505586593,0.738055691340782,0.6821438547486034,0.7263826815642458,0.7521927374301678
frozen,raw,Z,recall_at_fpr_1pct,0.11083333333333334,0.09333333333333334,0.12833333333333333,0.09000000000000001,0.10250000000000001,0.13999999999999999
frozen,raw,Z,brier,0.05083474490833686,0.05061550682673198,0.05105391036697662,0.050989167016704195,0.04976022391413497,0.05175484379417139
frozen,raw,Z,log_loss,0.26359305318063075,0.25903698001389963,0.2683637376595022,0.255799362946023,0.23383766622746344,0.30114213036840587
frozen,raw,Z,precision,0.0,0.0,0.0,0.0,0.0,0.0
frozen,raw,Z,recall,0.0,0.0,0.0,0.0,0.0,0.0
frozen,raw,Z,f1,0.0,0.0,0.0,0.0,0.0,0.0
frozen,raw,Z,specificity,1.0,1.0,1.0,1.0,1.0,1.0
frozen,raw,Z,balanced_accuracy,0.5,0.5,0.5,0.5,0.5,0.5
frozen,raw,Z,mcc,0.0,0.0,0.0,0.0,0.0,0.0
frozen,raw,Z,map,0.38862239777908986,0.3697069900314177,0.40739859912625975,0.32631018534835166,0.3999399716081681,0.43961703638074984
frozen,raw,Z,mrr,0.43419918756276843,0.4140373556836221,0.454163215759466,0.3663276253420927,0.44640158978351074,0.4898683475627018
frozen,raw,Z,recall_at_1,0.20505952380952383,0.18659970238095236,0.22351190476190474,0.14732142857142855,0.2089285714285715,0.2589285714285714
frozen,raw,Z,recall_at_3,0.400595238095238,0.3767857142857142,0.4247023809523809,0.31339285714285714,0.43482142857142847,0.45357142857142846
frozen,raw,Z,recall_at_5,0.5142857142857142,0.487797619047619,0.5404761904761904,0.43839285714285703,0.5276785714285714,0.5767857142857143
frozen,raw,Z,recall_at_10,0.6913690476190476,0.6660714285714285,0.7163690476190475,0.649107142857143,0.7080357142857142,0.7169642857142857
frozen,raw,Z,ndcg_at_1,0.28154761904761905,0.25892857142857145,0.3035714285714286,0.21249999999999997,0.2875000000000001,0.34464285714285714
frozen,raw,Z,ndcg_at_3,0.34513155007456015,0.3238971119054329,0.36617498118292924,0.26705204455307413,0.36706274107583636,0.40127986459477
frozen,raw,Z,ndcg_at_5,0.39625251804830736,0.3749348625641813,0.4178343974255404,0.32277287481095474,0.40865343546358723,0.4573312438703801
frozen,raw,Z,ndcg_at_10,0.45931617438918965,0.43895469241807683,0.47944830970063906,0.39813816076303743,0.4728396730921127,0.5069706893124188
frozen,raw,F_first,average_precision,0.0,0.0,0.0,0.0,0.0,0.0
frozen,raw,F_first,trapezoidal_pr_auc,0.0,0.0,0.0,0.0,0.0,0.0
frozen,raw,F_first,roc_auc,0.0,0.0,0.0,0.0,0.0,0.0
frozen,raw,F_first,recall_at_fpr_1pct,0.0,0.0,0.0,0.0,0.0,0.0
frozen,raw,F_first,brier,0.0,0.0,0.0,-0.0,-0.0,-0.0
frozen,raw,F_first,log_loss,0.0,0.0,0.0,-0.0,-0.0,-0.0
frozen,raw,F_first,precision,0.0,0.0,0.0,0.0,0.0,0.0
frozen,raw,F_first,recall,0.0,0.0,0.0,0.0,0.0,0.0
frozen,raw,F_first,f1,0.0,0.0,0.0,0.0,0.0,0.0
frozen,raw,F_first,specificity,0.0,0.0,0.0,0.0,0.0,0.0
frozen,raw,F_first,balanced_accuracy,0.0,0.0,0.0,0.0,0.0,0.0
frozen,raw,F_first,mcc,0.0,0.0,0.0,0.0,0.0,0.0
frozen,raw,F_first,map,0.0,0.0,0.0,0.0,0.0,0.0
frozen,raw,F_first,mrr,0.0,0.0,0.0,0.0,0.0,0.0
frozen,raw,F_first,recall_at_1,0.0,0.0,0.0,0.0,0.0,0.0
frozen,raw,F_first,recall_at_3,0.0,0.0,0.0,0.0,0.0,0.0
frozen,raw,F_first,recall_at_5,0.0,0.0,0.0,0.0,0.0,0.0
frozen,raw,F_first,recall_at_10,0.0,0.0,0.0,0.0,0.0,0.0
frozen,raw,F_first,ndcg_at_1,0.0,0.0,0.0,0.0,0.0,0.0
frozen,raw,F_first,ndcg_at_3,0.0,0.0,0.0,0.0,0.0,0.0
frozen,raw,F_first,ndcg_at_5,0.0,0.0,0.0,0.0,0.0,0.0
frozen,raw,F_first,ndcg_at_10,0.0,0.0,0.0,0.0,0.0,0.0
frozen,raw,F,average_precision,0.0,0.0,0.0,0.0,0.0,0.0
frozen,raw,F,trapezoidal_pr_auc,0.0,0.0,0.0,0.0,0.0,0.0
frozen,raw,F,roc_auc,0.0,0.0,0.0,0.0,0.0,0.0
frozen,raw,F,recall_at_fpr_1pct,0.0,0.0,0.0,0.0,0.0,0.0
frozen,raw,F,brier,0.0,0.0,0.0,-0.0,-0.0,-0.0
frozen,raw,F,log_loss,0.0,0.0,0.0,-0.0,-0.0,-0.0
frozen,raw,F,precision,0.0,0.0,0.0,0.0,0.0,0.0
frozen,raw,F,recall,0.0,0.0,0.0,0.0,0.0,0.0
frozen,raw,F,f1,0.0,0.0,0.0,0.0,0.0,0.0
frozen,raw,F,specificity,0.0,0.0,0.0,0.0,0.0,0.0
frozen,raw,F,balanced_accuracy,0.0,0.0,0.0,0.0,0.0,0.0
frozen,raw,F,mcc,0.0,0.0,0.0,0.0,0.0,0.0
frozen,raw,F,map,0.0,0.0,0.0,0.0,0.0,0.0
frozen,raw,F,mrr,0.0,0.0,0.0,0.0,0.0,0.0
frozen,raw,F,recall_at_1,0.0,0.0,0.0,0.0,0.0,0.0
frozen,raw,F,recall_at_3,0.0,0.0,0.0,0.0,0.0,0.0
frozen,raw,F,recall_at_5,0.0,0.0,0.0,0.0,0.0,0.0
frozen,raw,F,recall_at_10,0.0,0.0,0.0,0.0,0.0,0.0
frozen,raw,F,ndcg_at_1,0.0,0.0,0.0,0.0,0.0,0.0
frozen,raw,F,ndcg_at_3,0.0,0.0,0.0,0.0,0.0,0.0
frozen,raw,F,ndcg_at_5,0.0,0.0,0.0,0.0,0.0,0.0
frozen,raw,F,ndcg_at_10,0.0,0.0,0.0,0.0,0.0,0.0
frozen,raw,G,average_precision,0.0,0.0,0.0,0.0,0.0,0.0
frozen,raw,G,trapezoidal_pr_auc,0.0,0.0,0.0,0.0,0.0,0.0
frozen,raw,G,roc_auc,0.0,0.0,0.0,0.0,0.0,0.0
frozen,raw,G,recall_at_fpr_1pct,0.0,0.0,0.0,0.0,0.0,0.0
frozen,raw,G,brier,0.0,0.0,0.0,-0.0,-0.0,-0.0
frozen,raw,G,log_loss,0.0,0.0,0.0,-0.0,-0.0,-0.0
frozen,raw,G,precision,0.0,0.0,0.0,0.0,0.0,0.0
frozen,raw,G,recall,0.0,0.0,0.0,0.0,0.0,0.0
frozen,raw,G,f1,0.0,0.0,0.0,0.0,0.0,0.0
frozen,raw,G,specificity,0.0,0.0,0.0,0.0,0.0,0.0
frozen,raw,G,balanced_accuracy,0.0,0.0,0.0,0.0,0.0,0.0
frozen,raw,G,mcc,0.0,0.0,0.0,0.0,0.0,0.0
frozen,raw,G,map,0.0,0.0,0.0,0.0,0.0,0.0
frozen,raw,G,mrr,0.0,0.0,0.0,0.0,0.0,0.0
frozen,raw,G,recall_at_1,0.0,0.0,0.0,0.0,0.0,0.0
frozen,raw,G,recall_at_3,0.0,0.0,0.0,0.0,0.0,0.0
frozen,raw,G,recall_at_5,0.0,0.0,0.0,0.0,0.0,0.0
frozen,raw,G,recall_at_10,0.0,0.0,0.0,0.0,0.0,0.0
frozen,raw,G,ndcg_at_1,0.0,0.0,0.0,0.0,0.0,0.0
frozen,raw,G,ndcg_at_3,0.0,0.0,0.0,0.0,0.0,0.0
frozen,raw,G,ndcg_at_5,0.0,0.0,0.0,0.0,0.0,0.0
frozen,raw,G,ndcg_at_10,0.0,0.0,0.0,0.0,0.0,0.0
frozen,raw,final_all,average_precision,0.26080406787368476,0.24280635605961348,0.2788269910468554,0.241078505171109,0.2541192190254837,0.2872144794244617
frozen,raw,final_all,trapezoidal_pr_auc,0.2469182007600312,0.22897848530235204,0.26516823413289614,0.22762050293029093,0.2397139776263093,0.2734201217234934
frozen,raw,final_all,roc_auc,0.7368148665425203,0.7228970554003724,0.7506239525139665,0.7137639664804469,0.7414781191806332,0.7552025139664805
frozen,raw,final_all,recall_at_fpr_1pct,0.14222222222222225,0.1252777777777778,0.15916666666666668,0.1325,0.13250000000000003,0.1616666666666667
frozen,raw,final_all,brier,0.05049423113177954,0.050321529536097205,0.05067382551065071,0.050362571240953634,0.04928393619243152,0.051836185961953475
frozen,raw,final_all,log_loss,0.26270607873455804,0.2585727411028667,0.26692938738861044,0.2515859572997692,0.23138872493884569,0.3051435539650593
frozen,raw,final_all,precision,0.0,0.0,0.0,0.0,0.0,0.0
frozen,raw,final_all,recall,0.0,0.0,0.0,0.0,0.0,0.0
frozen,raw,final_all,f1,0.0,0.0,0.0,0.0,0.0,0.0
frozen,raw,final_all,specificity,1.0,1.0,1.0,1.0,1.0,1.0
frozen,raw,final_all,balanced_accuracy,0.5,0.5,0.5,0.5,0.5,0.5
frozen,raw,final_all,mcc,0.0,0.0,0.0,0.0,0.0,0.0
frozen,raw,final_all,map,0.4236513127848492,0.4082178474016053,0.4384814529322107,0.39982292804653063,0.4262169800347297,0.4449140302732872
frozen,raw,final_all,mrr,0.46862631551651335,0.4528803319162102,0.4836197129484086,0.44416368561270053,0.4716387890963409,0.4900764718404987
frozen,raw,final_all,recall_at_1,0.23670634920634925,0.22212301587301586,0.2509920634920635,0.2193452380952381,0.23571428571428574,0.25505952380952385
frozen,raw,final_all,recall_at_3,0.4377976190476191,0.41904761904761906,0.4558531746031746,0.4071428571428572,0.44999999999999996,0.45625
frozen,raw,final_all,recall_at_5,0.5519841269841269,0.5325347222222222,0.5714310515873017,0.5145833333333333,0.5616071428571429,0.5797619047619048
frozen,raw,final_all,recall_at_10,0.7113095238095238,0.6933531746031747,0.7294642857142857,0.6857142857142858,0.7110119047619047,0.737202380952381
frozen,raw,final_all,ndcg_at_1,0.3216269841269841,0.3037648809523809,0.33928571428571425,0.2970238095238095,0.32261904761904764,0.3452380952380952
frozen,raw,final_all,ndcg_at_3,0.3838687518508351,0.36643305008136984,0.4005913152664406,0.356603671170028,0.39077216889370386,0.4042304154887735
frozen,raw,final_all,ndcg_at_5,0.4350312816568908,0.41773990207407286,0.45153442363363244,0.4046695425714056,0.44109655727110203,0.4593277451281647
frozen,raw,final_all,ndcg_at_10,0.49155445540613113,0.4752849198476424,0.5072012106147556,0.4657897665151212,0.49365440657623433,0.5152191931270378
frozen,stage-cal,O,average_precision,0.279944968177916,0.25989279223870665,0.300407069641075,0.2711161068721065,0.2744928016292809,0.2942259960323604
frozen,stage-cal,O,trapezoidal_pr_auc,0.2660856226361424,0.24568419351264326,0.2866796721925859,0.2576201836790676,0.2595551826153016,0.2810815016140579
frozen,stage-cal,O,roc_auc,0.7451024208566109,0.7312883496275606,0.7588726140595905,0.7295740223463687,0.749025837988827,0.7567074022346368
frozen,stage-cal,O,recall_at_fpr_1pct,0.15791666666666668,0.13708333333333333,0.17958333333333332,0.15375,0.14750000000000002,0.17250000000000004
frozen,stage-cal,O,brier,0.04519870846057868,0.044483832421294923,0.04588642472444848,0.045420925397876885,0.04564930331352192,0.044525896670337226
frozen,stage-cal,O,log_loss,0.18061918302105892,0.17748890968882364,0.18370183065183215,0.18323412145497756,0.18095910177609661,0.1776643258321025
frozen,stage-cal,O,precision,0.4863888888888889,0.4061076388888889,0.5669479166666666,0.4,0.5045833333333334,0.5545833333333333
frozen,stage-cal,O,recall,0.05125,0.04208333333333334,0.06083333333333334,0.024999999999999998,0.05625000000000001,0.07250000000000001
frozen,stage-cal,O,f1,0.09029367009801792,0.07501856470823862,0.10680273256333037,0.04656502917372483,0.09877452619843922,0.12554145492188967
frozen,stage-cal,O,specificity,0.9982076350093109,0.99774208566108,0.9986266294227187,0.9997206703910614,0.9970670391061451,0.997835195530726
frozen,stage-cal,O,balanced_accuracy,0.5247288175046555,0.5202033868715085,0.5295786778398511,0.5123603351955308,0.5266585195530726,0.535167597765363
frozen,stage-cal,O,mcc,0.1433647525237034,0.11955151117767715,0.16837065550611116,0.09466638538862368,0.15101684685722438,0.1844110253252621
frozen,stage-cal,O,map,0.4411657702877288,0.4240099357281945,0.45731105088001045,0.4365792993956202,0.4393554842480105,0.4475625272195558
frozen,stage-cal,O,mrr,0.48583987949338586,0.4685712372672192,0.5025178318844121,0.4830817157480045,0.4842573887527559,0.4901805339793971
frozen,stage-cal,O,recall_at_1,0.2525297619047619,0.23586309523809526,0.26904761904761904,0.25535714285714284,0.24910714285714286,0.25312500000000004
frozen,stage-cal,O,recall_at_3,0.45639880952380957,0.4351190476190476,0.47708333333333336,0.45401785714285714,0.4575892857142857,0.4575892857142857
frozen,stage-cal,O,recall_at_5,0.5708333333333333,0.5502938988095237,0.591670386904762,0.5526785714285714,0.5785714285714285,0.58125
frozen,stage-cal,O,recall_at_10,0.721279761904762,0.7017857142857143,0.7409226190476191,0.7040178571428573,0.7124999999999999,0.7473214285714286
frozen,stage-cal,O,ndcg_at_1,0.3416666666666666,0.32113095238095235,0.3619047619047619,0.3392857142857143,0.34017857142857144,0.3455357142857143
frozen,stage-cal,O,ndcg_at_3,0.4032373527389726,0.3837500979376596,0.42210464666961284,0.4013794844785049,0.4026268828026377,0.40570569093577524
frozen,stage-cal,O,ndcg_at_5,0.45442066346118254,0.435984470224337,0.4722439430032237,0.4456178764516311,0.4573181181748594,0.460325995757057
frozen,stage-cal,O,ndcg_at_10,0.5076735959146018,0.4909381397795426,0.5243526829443959,0.49961556939116314,0.5040617733182952,0.5193434450343473
frozen,stage-cal,N,average_precision,0.22605156743315122,0.2093688769359832,0.24255452423682708,0.20690867619713094,0.21368788391688043,0.2575581421854423
frozen,stage-cal,N,trapezoidal_pr_auc,0.21190865357636635,0.19496214516060556,0.22866900314520514,0.19353846990499585,0.19906695503526856,0.24312053578883464
frozen,stage-cal,N,roc_auc,0.7186999534450652,0.7036951524674114,0.7334836475791435,0.6970216480446928,0.7167493016759778,0.7423289106145252
frozen,stage-cal,N,recall_at_fpr_1pct,0.11583333333333334,0.10041666666666667,0.13125,0.11125000000000002,0.10875000000000001,0.1275
frozen,stage-cal,N,brier,0.04725998610142098,0.04660988111419668,0.04791043387736512,0.04777301335689779,0.04803400947814564,0.04597293546921949
frozen,stage-cal,N,log_loss,0.18902616631250221,0.18602399114419274,0.19210768818851365,0.1929969731155941,0.19068018303545084,0.18340134278646172
frozen,stage-cal,N,precision,0.3641865079365079,0.3001354166666667,0.4356011904761904,0.175,0.4096428571428572,0.5079166666666666
frozen,stage-cal,N,recall,0.03916666666666667,0.03291666666666668,0.04583333333333334,0.008749999999999999,0.045000000000000005,0.06375
frozen,stage-cal,N,f1,0.06849684668525248,0.058091142124113135,0.07982584182457371,0.016666666666666666,0.07887692178996525,0.10994695159912551
frozen,stage-cal,N,specificity,0.9976024208566109,0.9970437616387336,0.9981145251396647,0.9998603351955306,0.9963687150837989,0.9965782122905027
frozen,stage-cal,N,balanced_accuracy,0.5183845437616387,0.5153058077281192,0.5217181971601489,0.5043051675977653,0.5206843575418993,0.5301641061452513
frozen,stage-cal,N,mcc,0.1055736886585622,0.0878223743121906,0.12486732847619382,0.03752372069592735,0.11803843463361674,0.16115891064614254
frozen,stage-cal,N,map,0.39129085619681775,0.37652396333583626,0.40584184172708004,0.36115790918559576,0.3926714958775904,0.420043163527267
frozen,stage-cal,N,mrr,0.43497426154155,0.4200794436430308,0.4498636583502942,0.40479910659378066,0.4339202807217267,0.46620339730914273
frozen,stage-cal,N,recall_at_1,0.2081845238095238,0.19449032738095237,0.22202752976190473,0.18482142857142855,0.20580357142857147,0.2339285714285714
frozen,stage-cal,N,recall_at_3,0.3989583333333333,0.38005952380952374,0.41755952380952377,0.35625,0.4116071428571428,0.42901785714285706
frozen,stage-cal,N,recall_at_5,0.515922619047619,0.4952380952380952,0.5367559523809523,0.47053571428571417,0.5183035714285714,0.5589285714285714
frozen,stage-cal,N,recall_at_10,0.6912202380952381,0.6726153273809524,0.7098214285714285,0.6696428571428572,0.6830357142857142,0.7209821428571429
frozen,stage-cal,N,ndcg_at_1,0.2842261904761905,0.2675595238095238,0.3014880952380952,0.2526785714285714,0.2848214285714286,0.3151785714285714
frozen,stage-cal,N,ndcg_at_3,0.34630389011688734,0.3297341234136421,0.3628455793156806,0.30947576780901875,0.3529871962132397,0.37644870632840355
frozen,stage-cal,N,ndcg_at_5,0.39849093405085023,0.3817459372915997,0.4151722305366139,0.3604323499468336,0.400460372742635,0.43458007946308197
frozen,stage-cal,N,ndcg_at_10,0.4608586718719991,0.44514204836089427,0.4765630755657735,0.4316089011558181,0.4586908219931185,0.4922762924670605
frozen,stage-cal,Z,average_precision,0.2225222672652225,0.20353011910948002,0.24153270693057002,0.181003301769114,0.2133720538178892,0.27319144620866426
frozen,stage-cal,Z,trapezoidal_pr_auc,0.20858335700780892,0.18959132892341196,0.22791169328240904,0.16762114143273768,0.2000315676483247,0.2580973619423643
frozen,stage-cal,Z,roc_auc,0.720239757914339,0.7014268505586593,0.738055691340782,0.6821438547486034,0.7263826815642458,0.7521927374301678
frozen,stage-cal,Z,recall_at_fpr_1pct,0.11083333333333334,0.09333333333333334,0.12833333333333333,0.09000000000000001,0.10250000000000001,0.13999999999999999
frozen,stage-cal,Z,brier,0.047443539219173714,0.046689912581213244,0.048222725106574375,0.048714660049772526,0.048015626028852544,0.04560033157889608
frozen,stage-cal,Z,log_loss,0.18914220035363916,0.18562645515934736,0.19281783665572277,0.1968760788418635,0.1893224001401979,0.18122812207885608
frozen,stage-cal,Z,precision,0.32837301587301587,0.2564285714285714,0.4061111111111109,0.05,0.3942857142857143,0.5408333333333333
frozen,stage-cal,Z,recall,0.04583333333333334,0.035833333333333335,0.056666666666666664,0.0025,0.052500000000000005,0.0825
frozen,stage-cal,Z,f1,0.07816254866979504,0.061452406852406855,0.09551547458177889,0.0047619047619047615,0.09057247422464813,0.13915326702283223
frozen,stage-cal,Z,specificity,0.9972067039106145,0.9963687150837989,0.9979515828677838,1.0,0.9962290502793296,0.9953910614525139
frozen,stage-cal,Z,balanced_accuracy,0.5215200186219738,0.5164292364990689,0.5267765945065177,0.50125,0.5243645251396648,0.538945530726257
frozen,stage-cal,Z,mcc,0.1094132363984321,0.08508397213251889,0.1343779036422059,0.010894965133124079,0.1271437627506335,0.19020098131153879
frozen,stage-cal,Z,map,0.38862239777908986,0.3697069900314177,0.40739859912625975,0.32631018534835166,0.3999399716081681,0.43961703638074984
frozen,stage-cal,Z,mrr,0.43419918756276843,0.4140373556836221,0.454163215759466,0.3663276253420927,0.44640158978351074,0.4898683475627018
frozen,stage-cal,Z,recall_at_1,0.20505952380952383,0.18659970238095236,0.22351190476190474,0.14732142857142855,0.2089285714285715,0.2589285714285714
frozen,stage-cal,Z,recall_at_3,0.400595238095238,0.3767857142857142,0.4247023809523809,0.31339285714285714,0.43482142857142847,0.45357142857142846
frozen,stage-cal,Z,recall_at_5,0.5142857142857142,0.487797619047619,0.5404761904761904,0.43839285714285703,0.5276785714285714,0.5767857142857143
frozen,stage-cal,Z,recall_at_10,0.6913690476190476,0.6660714285714285,0.7163690476190475,0.649107142857143,0.7080357142857142,0.7169642857142857
frozen,stage-cal,Z,ndcg_at_1,0.28154761904761905,0.25892857142857145,0.3035714285714286,0.21249999999999997,0.2875000000000001,0.34464285714285714
frozen,stage-cal,Z,ndcg_at_3,0.34513155007456015,0.3238971119054329,0.36617498118292924,0.26705204455307413,0.36706274107583636,0.40127986459477
frozen,stage-cal,Z,ndcg_at_5,0.39625251804830736,0.3749348625641813,0.4178343974255404,0.32277287481095474,0.40865343546358723,0.4573312438703801
frozen,stage-cal,Z,ndcg_at_10,0.45931617438918965,0.43895469241807683,0.47944830970063906,0.39813816076303743,0.4728396730921127,0.5069706893124188
frozen,stage-cal,F_first,average_precision,0.0,0.0,0.0,0.0,0.0,0.0
frozen,stage-cal,F_first,trapezoidal_pr_auc,0.0,0.0,0.0,0.0,0.0,0.0
frozen,stage-cal,F_first,roc_auc,0.0,0.0,0.0,0.0,0.0,0.0
frozen,stage-cal,F_first,recall_at_fpr_1pct,0.0,0.0,0.0,0.0,0.0,0.0
frozen,stage-cal,F_first,brier,0.0,0.0,0.0,-0.0,-0.0,-0.0
frozen,stage-cal,F_first,log_loss,0.0,0.0,0.0,-0.0,-0.0,-0.0
frozen,stage-cal,F_first,precision,0.0,0.0,0.0,0.0,0.0,0.0
frozen,stage-cal,F_first,recall,0.0,0.0,0.0,0.0,0.0,0.0
frozen,stage-cal,F_first,f1,0.0,0.0,0.0,0.0,0.0,0.0
frozen,stage-cal,F_first,specificity,0.0,0.0,0.0,0.0,0.0,0.0
frozen,stage-cal,F_first,balanced_accuracy,0.0,0.0,0.0,0.0,0.0,0.0
frozen,stage-cal,F_first,mcc,0.0,0.0,0.0,0.0,0.0,0.0
frozen,stage-cal,F_first,map,0.0,0.0,0.0,0.0,0.0,0.0
frozen,stage-cal,F_first,mrr,0.0,0.0,0.0,0.0,0.0,0.0
frozen,stage-cal,F_first,recall_at_1,0.0,0.0,0.0,0.0,0.0,0.0
frozen,stage-cal,F_first,recall_at_3,0.0,0.0,0.0,0.0,0.0,0.0
frozen,stage-cal,F_first,recall_at_5,0.0,0.0,0.0,0.0,0.0,0.0
frozen,stage-cal,F_first,recall_at_10,0.0,0.0,0.0,0.0,0.0,0.0
frozen,stage-cal,F_first,ndcg_at_1,0.0,0.0,0.0,0.0,0.0,0.0
frozen,stage-cal,F_first,ndcg_at_3,0.0,0.0,0.0,0.0,0.0,0.0
frozen,stage-cal,F_first,ndcg_at_5,0.0,0.0,0.0,0.0,0.0,0.0
frozen,stage-cal,F_first,ndcg_at_10,0.0,0.0,0.0,0.0,0.0,0.0
frozen,stage-cal,F,average_precision,0.0,0.0,0.0,0.0,0.0,0.0
frozen,stage-cal,F,trapezoidal_pr_auc,0.0,0.0,0.0,0.0,0.0,0.0
frozen,stage-cal,F,roc_auc,0.0,0.0,0.0,0.0,0.0,0.0
frozen,stage-cal,F,recall_at_fpr_1pct,0.0,0.0,0.0,0.0,0.0,0.0
frozen,stage-cal,F,brier,0.0,0.0,0.0,-0.0,-0.0,-0.0
frozen,stage-cal,F,log_loss,0.0,0.0,0.0,-0.0,-0.0,-0.0
frozen,stage-cal,F,precision,0.0,0.0,0.0,0.0,0.0,0.0
frozen,stage-cal,F,recall,0.0,0.0,0.0,0.0,0.0,0.0
frozen,stage-cal,F,f1,0.0,0.0,0.0,0.0,0.0,0.0
frozen,stage-cal,F,specificity,0.0,0.0,0.0,0.0,0.0,0.0
frozen,stage-cal,F,balanced_accuracy,0.0,0.0,0.0,0.0,0.0,0.0
frozen,stage-cal,F,mcc,0.0,0.0,0.0,0.0,0.0,0.0
frozen,stage-cal,F,map,0.0,0.0,0.0,0.0,0.0,0.0
frozen,stage-cal,F,mrr,0.0,0.0,0.0,0.0,0.0,0.0
frozen,stage-cal,F,recall_at_1,0.0,0.0,0.0,0.0,0.0,0.0
frozen,stage-cal,F,recall_at_3,0.0,0.0,0.0,0.0,0.0,0.0
frozen,stage-cal,F,recall_at_5,0.0,0.0,0.0,0.0,0.0,0.0
frozen,stage-cal,F,recall_at_10,0.0,0.0,0.0,0.0,0.0,0.0
frozen,stage-cal,F,ndcg_at_1,0.0,0.0,0.0,0.0,0.0,0.0
frozen,stage-cal,F,ndcg_at_3,0.0,0.0,0.0,0.0,0.0,0.0
frozen,stage-cal,F,ndcg_at_5,0.0,0.0,0.0,0.0,0.0,0.0
frozen,stage-cal,F,ndcg_at_10,0.0,0.0,0.0,0.0,0.0,0.0
frozen,stage-cal,G,average_precision,0.0,0.0,0.0,0.0,0.0,0.0
frozen,stage-cal,G,trapezoidal_pr_auc,0.0,0.0,0.0,0.0,0.0,0.0
frozen,stage-cal,G,roc_auc,0.0,0.0,0.0,0.0,0.0,0.0
frozen,stage-cal,G,recall_at_fpr_1pct,0.0,0.0,0.0,0.0,0.0,0.0
frozen,stage-cal,G,brier,0.0,0.0,0.0,-0.0,-0.0,-0.0
frozen,stage-cal,G,log_loss,0.0,0.0,0.0,-0.0,-0.0,-0.0
frozen,stage-cal,G,precision,0.0,0.0,0.0,0.0,0.0,0.0
frozen,stage-cal,G,recall,0.0,0.0,0.0,0.0,0.0,0.0
frozen,stage-cal,G,f1,0.0,0.0,0.0,0.0,0.0,0.0
frozen,stage-cal,G,specificity,0.0,0.0,0.0,0.0,0.0,0.0
frozen,stage-cal,G,balanced_accuracy,0.0,0.0,0.0,0.0,0.0,0.0
frozen,stage-cal,G,mcc,0.0,0.0,0.0,0.0,0.0,0.0
frozen,stage-cal,G,map,0.0,0.0,0.0,0.0,0.0,0.0
frozen,stage-cal,G,mrr,0.0,0.0,0.0,0.0,0.0,0.0
frozen,stage-cal,G,recall_at_1,0.0,0.0,0.0,0.0,0.0,0.0
frozen,stage-cal,G,recall_at_3,0.0,0.0,0.0,0.0,0.0,0.0
frozen,stage-cal,G,recall_at_5,0.0,0.0,0.0,0.0,0.0,0.0
frozen,stage-cal,G,recall_at_10,0.0,0.0,0.0,0.0,0.0,0.0
frozen,stage-cal,G,ndcg_at_1,0.0,0.0,0.0,0.0,0.0,0.0
frozen,stage-cal,G,ndcg_at_3,0.0,0.0,0.0,0.0,0.0,0.0
frozen,stage-cal,G,ndcg_at_5,0.0,0.0,0.0,0.0,0.0,0.0
frozen,stage-cal,G,ndcg_at_10,0.0,0.0,0.0,0.0,0.0,0.0
frozen,stage-cal,final_all,average_precision,0.26080406787368476,0.24280635605961348,0.2788269910468554,0.241078505171109,0.2541192190254837,0.2872144794244617
frozen,stage-cal,final_all,trapezoidal_pr_auc,0.2469182007600312,0.22897848530235204,0.26516823413289614,0.22762050293029093,0.2397139776263093,0.2734201217234934
frozen,stage-cal,final_all,roc_auc,0.7368148665425203,0.7228970554003724,0.7506239525139665,0.7137639664804469,0.7414781191806332,0.7552025139664805
frozen,stage-cal,final_all,recall_at_fpr_1pct,0.14222222222222225,0.1252777777777778,0.15916666666666668,0.1325,0.13250000000000003,0.1616666666666667
frozen,stage-cal,final_all,brier,0.045946985380110356,0.045304420220005755,0.046576359719257575,0.04651883694850876,0.04643807755196546,0.04488404163985684
frozen,stage-cal,final_all,log_loss,0.18346018879858564,0.1804627377480848,0.1864193008022513,0.18778144058393953,0.18374686789746372,0.1788522579143537
frozen,stage-cal,final_all,precision,0.4337169312169313,0.37286342592592586,0.4970376984126985,0.2833333333333334,0.46781746031746035,0.5499999999999999
frozen,stage-cal,final_all,recall,0.04944444444444446,0.04277777777777778,0.0563888888888889,0.017499999999999998,0.055000000000000014,0.07583333333333335
frozen,stage-cal,final_all,f1,0.08624996295527694,0.0750780669366418,0.09820378737383567,0.0326306543697848,0.09604050887384219,0.13007872562220388
frozen,stage-cal,final_all,specificity,0.9978739913097455,0.9974239602731222,0.9982929857231532,0.9998137802607076,0.9967877094972066,0.997020484171322
frozen,stage-cal,final_all,balanced_accuracy,0.523659217877095,0.5203421593730603,0.5271851916511484,0.5086568901303539,0.5258938547486034,0.5364269087523277
frozen,stage-cal,final_all,mcc,0.13204758048194631,0.11400281242922813,0.1510184937851664,0.06674257863679048,0.14305915215502743,0.186341010654021
frozen,stage-cal,final_all,map,0.4236513127848492,0.4082178474016053,0.4384814529322107,0.39982292804653063,0.4262169800347297,0.4449140302732872
frozen,stage-cal,final_all,mrr,0.46862631551651335,0.4528803319162102,0.4836197129484086,0.44416368561270053,0.4716387890963409,0.4900764718404987
frozen,stage-cal,final_all,recall_at_1,0.23670634920634925,0.22212301587301586,0.2509920634920635,0.2193452380952381,0.23571428571428574,0.25505952380952385
frozen,stage-cal,final_all,recall_at_3,0.4377976190476191,0.41904761904761906,0.4558531746031746,0.4071428571428572,0.44999999999999996,0.45625
frozen,stage-cal,final_all,recall_at_5,0.5519841269841269,0.5325347222222222,0.5714310515873017,0.5145833333333333,0.5616071428571429,0.5797619047619048
frozen,stage-cal,final_all,recall_at_10,0.7113095238095238,0.6933531746031747,0.7294642857142857,0.6857142857142858,0.7110119047619047,0.737202380952381
frozen,stage-cal,final_all,ndcg_at_1,0.3216269841269841,0.3037648809523809,0.33928571428571425,0.2970238095238095,0.32261904761904764,0.3452380952380952
frozen,stage-cal,final_all,ndcg_at_3,0.3838687518508351,0.36643305008136984,0.4005913152664406,0.356603671170028,0.39077216889370386,0.4042304154887735
frozen,stage-cal,final_all,ndcg_at_5,0.4350312816568908,0.41773990207407286,0.45153442363363244,0.4046695425714056,0.44109655727110203,0.4593277451281647
frozen,stage-cal,final_all,ndcg_at_10,0.49155445540613113,0.4752849198476424,0.5072012106147556,0.4657897665151212,0.49365440657623433,0.5152191931270378
frozen,first-cal,O,average_precision,0.279944968177916,0.25989279223870665,0.300407069641075,0.2711161068721065,0.2744928016292809,0.2942259960323604
frozen,first-cal,O,trapezoidal_pr_auc,0.2660856226361424,0.24568419351264326,0.2866796721925859,0.2576201836790676,0.2595551826153016,0.2810815016140579
frozen,first-cal,O,roc_auc,0.7451024208566109,0.7312883496275606,0.7588726140595905,0.7295740223463687,0.749025837988827,0.7567074022346368
frozen,first-cal,O,recall_at_fpr_1pct,0.15791666666666668,0.13708333333333333,0.17958333333333332,0.15375,0.14750000000000002,0.17250000000000004
frozen,first-cal,O,brier,0.04519870846057868,0.044483832421294923,0.04588642472444848,0.045420925397876885,0.04564930331352192,0.044525896670337226
frozen,first-cal,O,log_loss,0.18061918302105892,0.17748890968882364,0.18370183065183215,0.18323412145497756,0.18095910177609661,0.1776643258321025
frozen,first-cal,O,precision,0.4863888888888889,0.4061076388888889,0.5669479166666666,0.4,0.5045833333333334,0.5545833333333333
frozen,first-cal,O,recall,0.05125,0.04208333333333334,0.06083333333333334,0.024999999999999998,0.05625000000000001,0.07250000000000001
frozen,first-cal,O,f1,0.09029367009801792,0.07501856470823862,0.10680273256333037,0.04656502917372483,0.09877452619843922,0.12554145492188967
frozen,first-cal,O,specificity,0.9982076350093109,0.99774208566108,0.9986266294227187,0.9997206703910614,0.9970670391061451,0.997835195530726
frozen,first-cal,O,balanced_accuracy,0.5247288175046555,0.5202033868715085,0.5295786778398511,0.5123603351955308,0.5266585195530726,0.535167597765363
frozen,first-cal,O,mcc,0.1433647525237034,0.11955151117767715,0.16837065550611116,0.09466638538862368,0.15101684685722438,0.1844110253252621
frozen,first-cal,O,map,0.4411657702877288,0.4240099357281945,0.45731105088001045,0.4365792993956202,0.4393554842480105,0.4475625272195558
frozen,first-cal,O,mrr,0.48583987949338586,0.4685712372672192,0.5025178318844121,0.4830817157480045,0.4842573887527559,0.4901805339793971
frozen,first-cal,O,recall_at_1,0.2525297619047619,0.23586309523809526,0.26904761904761904,0.25535714285714284,0.24910714285714286,0.25312500000000004
frozen,first-cal,O,recall_at_3,0.45639880952380957,0.4351190476190476,0.47708333333333336,0.45401785714285714,0.4575892857142857,0.4575892857142857
frozen,first-cal,O,recall_at_5,0.5708333333333333,0.5502938988095237,0.591670386904762,0.5526785714285714,0.5785714285714285,0.58125
frozen,first-cal,O,recall_at_10,0.721279761904762,0.7017857142857143,0.7409226190476191,0.7040178571428573,0.7124999999999999,0.7473214285714286
frozen,first-cal,O,ndcg_at_1,0.3416666666666666,0.32113095238095235,0.3619047619047619,0.3392857142857143,0.34017857142857144,0.3455357142857143
frozen,first-cal,O,ndcg_at_3,0.4032373527389726,0.3837500979376596,0.42210464666961284,0.4013794844785049,0.4026268828026377,0.40570569093577524
frozen,first-cal,O,ndcg_at_5,0.45442066346118254,0.435984470224337,0.4722439430032237,0.4456178764516311,0.4573181181748594,0.460325995757057
frozen,first-cal,O,ndcg_at_10,0.5076735959146018,0.4909381397795426,0.5243526829443959,0.49961556939116314,0.5040617733182952,0.5193434450343473
frozen,first-cal,N,average_precision,0.22605156743315122,0.2093688769359832,0.24255452423682708,0.20690867619713094,0.21368788391688043,0.2575581421854423
frozen,first-cal,N,trapezoidal_pr_auc,0.21190865357636635,0.19496214516060556,0.22866900314520514,0.19353846990499585,0.19906695503526856,0.24312053578883464
frozen,first-cal,N,roc_auc,0.7186999534450652,0.7036951524674114,0.7334836475791435,0.6970216480446928,0.7167493016759778,0.7423289106145252
frozen,first-cal,N,recall_at_fpr_1pct,0.11583333333333334,0.10041666666666667,0.13125,0.11125000000000002,0.10875000000000001,0.1275
frozen,first-cal,N,brier,0.04725998610142098,0.04660988111419668,0.04791043387736512,0.04777301335689779,0.04803400947814564,0.04597293546921949
frozen,first-cal,N,log_loss,0.18902616631250221,0.18602399114419274,0.19210768818851365,0.1929969731155941,0.19068018303545084,0.18340134278646172
frozen,first-cal,N,precision,0.3641865079365079,0.3001354166666667,0.4356011904761904,0.175,0.4096428571428572,0.5079166666666666
frozen,first-cal,N,recall,0.03916666666666667,0.03291666666666668,0.04583333333333334,0.008749999999999999,0.045000000000000005,0.06375
frozen,first-cal,N,f1,0.06849684668525248,0.058091142124113135,0.07982584182457371,0.016666666666666666,0.07887692178996525,0.10994695159912551
frozen,first-cal,N,specificity,0.9976024208566109,0.9970437616387336,0.9981145251396647,0.9998603351955306,0.9963687150837989,0.9965782122905027
frozen,first-cal,N,balanced_accuracy,0.5183845437616387,0.5153058077281192,0.5217181971601489,0.5043051675977653,0.5206843575418993,0.5301641061452513
frozen,first-cal,N,mcc,0.1055736886585622,0.0878223743121906,0.12486732847619382,0.03752372069592735,0.11803843463361674,0.16115891064614254
frozen,first-cal,N,map,0.39129085619681775,0.37652396333583626,0.40584184172708004,0.36115790918559576,0.3926714958775904,0.420043163527267
frozen,first-cal,N,mrr,0.43497426154155,0.4200794436430308,0.4498636583502942,0.40479910659378066,0.4339202807217267,0.46620339730914273
frozen,first-cal,N,recall_at_1,0.2081845238095238,0.19449032738095237,0.22202752976190473,0.18482142857142855,0.20580357142857147,0.2339285714285714
frozen,first-cal,N,recall_at_3,0.3989583333333333,0.38005952380952374,0.41755952380952377,0.35625,0.4116071428571428,0.42901785714285706
frozen,first-cal,N,recall_at_5,0.515922619047619,0.4952380952380952,0.5367559523809523,0.47053571428571417,0.5183035714285714,0.5589285714285714
frozen,first-cal,N,recall_at_10,0.6912202380952381,0.6726153273809524,0.7098214285714285,0.6696428571428572,0.6830357142857142,0.7209821428571429
frozen,first-cal,N,ndcg_at_1,0.2842261904761905,0.2675595238095238,0.3014880952380952,0.2526785714285714,0.2848214285714286,0.3151785714285714
frozen,first-cal,N,ndcg_at_3,0.34630389011688734,0.3297341234136421,0.3628455793156806,0.30947576780901875,0.3529871962132397,0.37644870632840355
frozen,first-cal,N,ndcg_at_5,0.39849093405085023,0.3817459372915997,0.4151722305366139,0.3604323499468336,0.400460372742635,0.43458007946308197
frozen,first-cal,N,ndcg_at_10,0.4608586718719991,0.44514204836089427,0.4765630755657735,0.4316089011558181,0.4586908219931185,0.4922762924670605
frozen,first-cal,Z,average_precision,0.2225222672652225,0.20353011910948002,0.24153270693057002,0.181003301769114,0.2133720538178892,0.27319144620866426
frozen,first-cal,Z,trapezoidal_pr_auc,0.20858335700780892,0.18959132892341196,0.22791169328240904,0.16762114143273768,0.2000315676483247,0.2580973619423643
frozen,first-cal,Z,roc_auc,0.720239757914339,0.7014268505586593,0.738055691340782,0.6821438547486034,0.7263826815642458,0.7521927374301678
frozen,first-cal,Z,recall_at_fpr_1pct,0.11083333333333334,0.09333333333333334,0.12833333333333333,0.09000000000000001,0.10250000000000001,0.13999999999999999
frozen,first-cal,Z,brier,0.047443539219173714,0.046689912581213244,0.048222725106574375,0.048714660049772526,0.048015626028852544,0.04560033157889608
frozen,first-cal,Z,log_loss,0.18914220035363916,0.18562645515934736,0.19281783665572277,0.1968760788418635,0.1893224001401979,0.18122812207885608
frozen,first-cal,Z,precision,0.32837301587301587,0.2564285714285714,0.4061111111111109,0.05,0.3942857142857143,0.5408333333333333
frozen,first-cal,Z,recall,0.04583333333333334,0.035833333333333335,0.056666666666666664,0.0025,0.052500000000000005,0.0825
frozen,first-cal,Z,f1,0.07816254866979504,0.061452406852406855,0.09551547458177889,0.0047619047619047615,0.09057247422464813,0.13915326702283223
frozen,first-cal,Z,specificity,0.9972067039106145,0.9963687150837989,0.9979515828677838,1.0,0.9962290502793296,0.9953910614525139
frozen,first-cal,Z,balanced_accuracy,0.5215200186219738,0.5164292364990689,0.5267765945065177,0.50125,0.5243645251396648,0.538945530726257
frozen,first-cal,Z,mcc,0.1094132363984321,0.08508397213251889,0.1343779036422059,0.010894965133124079,0.1271437627506335,0.19020098131153879
frozen,first-cal,Z,map,0.38862239777908986,0.3697069900314177,0.40739859912625975,0.32631018534835166,0.3999399716081681,0.43961703638074984
frozen,first-cal,Z,mrr,0.43419918756276843,0.4140373556836221,0.454163215759466,0.3663276253420927,0.44640158978351074,0.4898683475627018
frozen,first-cal,Z,recall_at_1,0.20505952380952383,0.18659970238095236,0.22351190476190474,0.14732142857142855,0.2089285714285715,0.2589285714285714
frozen,first-cal,Z,recall_at_3,0.400595238095238,0.3767857142857142,0.4247023809523809,0.31339285714285714,0.43482142857142847,0.45357142857142846
frozen,first-cal,Z,recall_at_5,0.5142857142857142,0.487797619047619,0.5404761904761904,0.43839285714285703,0.5276785714285714,0.5767857142857143
frozen,first-cal,Z,recall_at_10,0.6913690476190476,0.6660714285714285,0.7163690476190475,0.649107142857143,0.7080357142857142,0.7169642857142857
frozen,first-cal,Z,ndcg_at_1,0.28154761904761905,0.25892857142857145,0.3035714285714286,0.21249999999999997,0.2875000000000001,0.34464285714285714
frozen,first-cal,Z,ndcg_at_3,0.34513155007456015,0.3238971119054329,0.36617498118292924,0.26705204455307413,0.36706274107583636,0.40127986459477
frozen,first-cal,Z,ndcg_at_5,0.39625251804830736,0.3749348625641813,0.4178343974255404,0.32277287481095474,0.40865343546358723,0.4573312438703801
frozen,first-cal,Z,ndcg_at_10,0.45931617438918965,0.43895469241807683,0.47944830970063906,0.39813816076303743,0.4728396730921127,0.5069706893124188
frozen,first-cal,F_first,average_precision,0.0,0.0,0.0,0.0,0.0,0.0
frozen,first-cal,F_first,trapezoidal_pr_auc,0.0,0.0,0.0,0.0,0.0,0.0
frozen,first-cal,F_first,roc_auc,0.0,0.0,0.0,0.0,0.0,0.0
frozen,first-cal,F_first,recall_at_fpr_1pct,0.0,0.0,0.0,0.0,0.0,0.0
frozen,first-cal,F_first,brier,0.0,0.0,0.0,-0.0,-0.0,-0.0
frozen,first-cal,F_first,log_loss,0.0,0.0,0.0,-0.0,-0.0,-0.0
frozen,first-cal,F_first,precision,0.0,0.0,0.0,0.0,0.0,0.0
frozen,first-cal,F_first,recall,0.0,0.0,0.0,0.0,0.0,0.0
frozen,first-cal,F_first,f1,0.0,0.0,0.0,0.0,0.0,0.0
frozen,first-cal,F_first,specificity,0.0,0.0,0.0,0.0,0.0,0.0
frozen,first-cal,F_first,balanced_accuracy,0.0,0.0,0.0,0.0,0.0,0.0
frozen,first-cal,F_first,mcc,0.0,0.0,0.0,0.0,0.0,0.0
frozen,first-cal,F_first,map,0.0,0.0,0.0,0.0,0.0,0.0
frozen,first-cal,F_first,mrr,0.0,0.0,0.0,0.0,0.0,0.0
frozen,first-cal,F_first,recall_at_1,0.0,0.0,0.0,0.0,0.0,0.0
frozen,first-cal,F_first,recall_at_3,0.0,0.0,0.0,0.0,0.0,0.0
frozen,first-cal,F_first,recall_at_5,0.0,0.0,0.0,0.0,0.0,0.0
frozen,first-cal,F_first,recall_at_10,0.0,0.0,0.0,0.0,0.0,0.0
frozen,first-cal,F_first,ndcg_at_1,0.0,0.0,0.0,0.0,0.0,0.0
frozen,first-cal,F_first,ndcg_at_3,0.0,0.0,0.0,0.0,0.0,0.0
frozen,first-cal,F_first,ndcg_at_5,0.0,0.0,0.0,0.0,0.0,0.0
frozen,first-cal,F_first,ndcg_at_10,0.0,0.0,0.0,0.0,0.0,0.0
frozen,first-cal,F,average_precision,0.0,0.0,0.0,0.0,0.0,0.0
frozen,first-cal,F,trapezoidal_pr_auc,0.0,0.0,0.0,0.0,0.0,0.0
frozen,first-cal,F,roc_auc,0.0,0.0,0.0,0.0,0.0,0.0
frozen,first-cal,F,recall_at_fpr_1pct,0.0,0.0,0.0,0.0,0.0,0.0
frozen,first-cal,F,brier,0.0,0.0,0.0,-0.0,-0.0,-0.0
frozen,first-cal,F,log_loss,0.0,0.0,0.0,-0.0,-0.0,-0.0
frozen,first-cal,F,precision,0.0,0.0,0.0,0.0,0.0,0.0
frozen,first-cal,F,recall,0.0,0.0,0.0,0.0,0.0,0.0
frozen,first-cal,F,f1,0.0,0.0,0.0,0.0,0.0,0.0
frozen,first-cal,F,specificity,0.0,0.0,0.0,0.0,0.0,0.0
frozen,first-cal,F,balanced_accuracy,0.0,0.0,0.0,0.0,0.0,0.0
frozen,first-cal,F,mcc,0.0,0.0,0.0,0.0,0.0,0.0
frozen,first-cal,F,map,0.0,0.0,0.0,0.0,0.0,0.0
frozen,first-cal,F,mrr,0.0,0.0,0.0,0.0,0.0,0.0
frozen,first-cal,F,recall_at_1,0.0,0.0,0.0,0.0,0.0,0.0
frozen,first-cal,F,recall_at_3,0.0,0.0,0.0,0.0,0.0,0.0
frozen,first-cal,F,recall_at_5,0.0,0.0,0.0,0.0,0.0,0.0
frozen,first-cal,F,recall_at_10,0.0,0.0,0.0,0.0,0.0,0.0
frozen,first-cal,F,ndcg_at_1,0.0,0.0,0.0,0.0,0.0,0.0
frozen,first-cal,F,ndcg_at_3,0.0,0.0,0.0,0.0,0.0,0.0
frozen,first-cal,F,ndcg_at_5,0.0,0.0,0.0,0.0,0.0,0.0
frozen,first-cal,F,ndcg_at_10,0.0,0.0,0.0,0.0,0.0,0.0
frozen,first-cal,G,average_precision,0.0,0.0,0.0,0.0,0.0,0.0
frozen,first-cal,G,trapezoidal_pr_auc,0.0,0.0,0.0,0.0,0.0,0.0
frozen,first-cal,G,roc_auc,0.0,0.0,0.0,0.0,0.0,0.0
frozen,first-cal,G,recall_at_fpr_1pct,0.0,0.0,0.0,0.0,0.0,0.0
frozen,first-cal,G,brier,0.0,0.0,0.0,-0.0,-0.0,-0.0
frozen,first-cal,G,log_loss,0.0,0.0,0.0,-0.0,-0.0,-0.0
frozen,first-cal,G,precision,0.0,0.0,0.0,0.0,0.0,0.0
frozen,first-cal,G,recall,0.0,0.0,0.0,0.0,0.0,0.0
frozen,first-cal,G,f1,0.0,0.0,0.0,0.0,0.0,0.0
frozen,first-cal,G,specificity,0.0,0.0,0.0,0.0,0.0,0.0
frozen,first-cal,G,balanced_accuracy,0.0,0.0,0.0,0.0,0.0,0.0
frozen,first-cal,G,mcc,0.0,0.0,0.0,0.0,0.0,0.0
frozen,first-cal,G,map,0.0,0.0,0.0,0.0,0.0,0.0
frozen,first-cal,G,mrr,0.0,0.0,0.0,0.0,0.0,0.0
frozen,first-cal,G,recall_at_1,0.0,0.0,0.0,0.0,0.0,0.0
frozen,first-cal,G,recall_at_3,0.0,0.0,0.0,0.0,0.0,0.0
frozen,first-cal,G,recall_at_5,0.0,0.0,0.0,0.0,0.0,0.0
frozen,first-cal,G,recall_at_10,0.0,0.0,0.0,0.0,0.0,0.0
frozen,first-cal,G,ndcg_at_1,0.0,0.0,0.0,0.0,0.0,0.0
frozen,first-cal,G,ndcg_at_3,0.0,0.0,0.0,0.0,0.0,0.0
frozen,first-cal,G,ndcg_at_5,0.0,0.0,0.0,0.0,0.0,0.0
frozen,first-cal,G,ndcg_at_10,0.0,0.0,0.0,0.0,0.0,0.0
frozen,first-cal,final_all,average_precision,0.26080406787368476,0.24280635605961348,0.2788269910468554,0.241078505171109,0.2541192190254837,0.2872144794244617
frozen,first-cal,final_all,trapezoidal_pr_auc,0.2469182007600312,0.22897848530235204,0.26516823413289614,0.22762050293029093,0.2397139776263093,0.2734201217234934
frozen,first-cal,final_all,roc_auc,0.7368148665425203,0.7228970554003724,0.7506239525139665,0.7137639664804469,0.7414781191806332,0.7552025139664805
frozen,first-cal,final_all,recall_at_fpr_1pct,0.14222222222222225,0.1252777777777778,0.15916666666666668,0.1325,0.13250000000000003,0.1616666666666667
frozen,first-cal,final_all,brier,0.045946985380110356,0.045304420220005755,0.046576359719257575,0.04651883694850876,0.04643807755196546,0.04488404163985684
frozen,first-cal,final_all,log_loss,0.18346018879858564,0.1804627377480848,0.1864193008022513,0.18778144058393953,0.18374686789746372,0.1788522579143537
frozen,first-cal,final_all,precision,0.4337169312169313,0.37286342592592586,0.4970376984126985,0.2833333333333334,0.46781746031746035,0.5499999999999999
frozen,first-cal,final_all,recall,0.04944444444444446,0.04277777777777778,0.0563888888888889,0.017499999999999998,0.055000000000000014,0.07583333333333335
frozen,first-cal,final_all,f1,0.08624996295527694,0.0750780669366418,0.09820378737383567,0.0326306543697848,0.09604050887384219,0.13007872562220388
frozen,first-cal,final_all,specificity,0.9978739913097455,0.9974239602731222,0.9982929857231532,0.9998137802607076,0.9967877094972066,0.997020484171322
frozen,first-cal,final_all,balanced_accuracy,0.523659217877095,0.5203421593730603,0.5271851916511484,0.5086568901303539,0.5258938547486034,0.5364269087523277
frozen,first-cal,final_all,mcc,0.13204758048194631,0.11400281242922813,0.1510184937851664,0.06674257863679048,0.14305915215502743,0.186341010654021
frozen,first-cal,final_all,map,0.4236513127848492,0.4082178474016053,0.4384814529322107,0.39982292804653063,0.4262169800347297,0.4449140302732872
frozen,first-cal,final_all,mrr,0.46862631551651335,0.4528803319162102,0.4836197129484086,0.44416368561270053,0.4716387890963409,0.4900764718404987
frozen,first-cal,final_all,recall_at_1,0.23670634920634925,0.22212301587301586,0.2509920634920635,0.2193452380952381,0.23571428571428574,0.25505952380952385
frozen,first-cal,final_all,recall_at_3,0.4377976190476191,0.41904761904761906,0.4558531746031746,0.4071428571428572,0.44999999999999996,0.45625
frozen,first-cal,final_all,recall_at_5,0.5519841269841269,0.5325347222222222,0.5714310515873017,0.5145833333333333,0.5616071428571429,0.5797619047619048
frozen,first-cal,final_all,recall_at_10,0.7113095238095238,0.6933531746031747,0.7294642857142857,0.6857142857142858,0.7110119047619047,0.737202380952381
frozen,first-cal,final_all,ndcg_at_1,0.3216269841269841,0.3037648809523809,0.33928571428571425,0.2970238095238095,0.32261904761904764,0.3452380952380952
frozen,first-cal,final_all,ndcg_at_3,0.3838687518508351,0.36643305008136984,0.4005913152664406,0.356603671170028,0.39077216889370386,0.4042304154887735
frozen,first-cal,final_all,ndcg_at_5,0.4350312816568908,0.41773990207407286,0.45153442363363244,0.4046695425714056,0.44109655727110203,0.4593277451281647
frozen,first-cal,final_all,ndcg_at_10,0.49155445540613113,0.4752849198476424,0.5072012106147556,0.4657897665151212,0.49365440657623433,0.5152191931270378
frozen,primary,O,average_precision,0.279944968177916,0.25989279223870665,0.300407069641075,0.2711161068721065,0.2744928016292809,0.2942259960323604
frozen,primary,O,trapezoidal_pr_auc,0.2660856226361424,0.24568419351264326,0.2866796721925859,0.2576201836790676,0.2595551826153016,0.2810815016140579
frozen,primary,O,roc_auc,0.7451024208566109,0.7312883496275606,0.7588726140595905,0.7295740223463687,0.749025837988827,0.7567074022346368
frozen,primary,O,recall_at_fpr_1pct,0.15791666666666668,0.13708333333333333,0.17958333333333332,0.15375,0.14750000000000002,0.17250000000000004
frozen,primary,O,brier,0.04519870846057868,0.044483832421294923,0.04588642472444848,0.045420925397876885,0.04564930331352192,0.044525896670337226
frozen,primary,O,log_loss,0.18061918302105892,0.17748890968882364,0.18370183065183215,0.18323412145497756,0.18095910177609661,0.1776643258321025
frozen,primary,O,precision,0.4863888888888889,0.4061076388888889,0.5669479166666666,0.4,0.5045833333333334,0.5545833333333333
frozen,primary,O,recall,0.05125,0.04208333333333334,0.06083333333333334,0.024999999999999998,0.05625000000000001,0.07250000000000001
frozen,primary,O,f1,0.09029367009801792,0.07501856470823862,0.10680273256333037,0.04656502917372483,0.09877452619843922,0.12554145492188967
frozen,primary,O,specificity,0.9982076350093109,0.99774208566108,0.9986266294227187,0.9997206703910614,0.9970670391061451,0.997835195530726
frozen,primary,O,balanced_accuracy,0.5247288175046555,0.5202033868715085,0.5295786778398511,0.5123603351955308,0.5266585195530726,0.535167597765363
frozen,primary,O,mcc,0.1433647525237034,0.11955151117767715,0.16837065550611116,0.09466638538862368,0.15101684685722438,0.1844110253252621
frozen,primary,O,map,0.4411657702877288,0.4240099357281945,0.45731105088001045,0.4365792993956202,0.4393554842480105,0.4475625272195558
frozen,primary,O,mrr,0.48583987949338586,0.4685712372672192,0.5025178318844121,0.4830817157480045,0.4842573887527559,0.4901805339793971
frozen,primary,O,recall_at_1,0.2525297619047619,0.23586309523809526,0.26904761904761904,0.25535714285714284,0.24910714285714286,0.25312500000000004
frozen,primary,O,recall_at_3,0.45639880952380957,0.4351190476190476,0.47708333333333336,0.45401785714285714,0.4575892857142857,0.4575892857142857
frozen,primary,O,recall_at_5,0.5708333333333333,0.5502938988095237,0.591670386904762,0.5526785714285714,0.5785714285714285,0.58125
frozen,primary,O,recall_at_10,0.721279761904762,0.7017857142857143,0.7409226190476191,0.7040178571428573,0.7124999999999999,0.7473214285714286
frozen,primary,O,ndcg_at_1,0.3416666666666666,0.32113095238095235,0.3619047619047619,0.3392857142857143,0.34017857142857144,0.3455357142857143
frozen,primary,O,ndcg_at_3,0.4032373527389726,0.3837500979376596,0.42210464666961284,0.4013794844785049,0.4026268828026377,0.40570569093577524
frozen,primary,O,ndcg_at_5,0.45442066346118254,0.435984470224337,0.4722439430032237,0.4456178764516311,0.4573181181748594,0.460325995757057
frozen,primary,O,ndcg_at_10,0.5076735959146018,0.4909381397795426,0.5243526829443959,0.49961556939116314,0.5040617733182952,0.5193434450343473
frozen,primary,N,average_precision,0.22605156743315122,0.2093688769359832,0.24255452423682708,0.20690867619713094,0.21368788391688043,0.2575581421854423
frozen,primary,N,trapezoidal_pr_auc,0.21190865357636635,0.19496214516060556,0.22866900314520514,0.19353846990499585,0.19906695503526856,0.24312053578883464
frozen,primary,N,roc_auc,0.7186999534450652,0.7036951524674114,0.7334836475791435,0.6970216480446928,0.7167493016759778,0.7423289106145252
frozen,primary,N,recall_at_fpr_1pct,0.11583333333333334,0.10041666666666667,0.13125,0.11125000000000002,0.10875000000000001,0.1275
frozen,primary,N,brier,0.04725998610142098,0.04660988111419668,0.04791043387736512,0.04777301335689779,0.04803400947814564,0.04597293546921949
frozen,primary,N,log_loss,0.18902616631250221,0.18602399114419274,0.19210768818851365,0.1929969731155941,0.19068018303545084,0.18340134278646172
frozen,primary,N,precision,0.3641865079365079,0.3001354166666667,0.4356011904761904,0.175,0.4096428571428572,0.5079166666666666
frozen,primary,N,recall,0.03916666666666667,0.03291666666666668,0.04583333333333334,0.008749999999999999,0.045000000000000005,0.06375
frozen,primary,N,f1,0.06849684668525248,0.058091142124113135,0.07982584182457371,0.016666666666666666,0.07887692178996525,0.10994695159912551
frozen,primary,N,specificity,0.9976024208566109,0.9970437616387336,0.9981145251396647,0.9998603351955306,0.9963687150837989,0.9965782122905027
frozen,primary,N,balanced_accuracy,0.5183845437616387,0.5153058077281192,0.5217181971601489,0.5043051675977653,0.5206843575418993,0.5301641061452513
frozen,primary,N,mcc,0.1055736886585622,0.0878223743121906,0.12486732847619382,0.03752372069592735,0.11803843463361674,0.16115891064614254
frozen,primary,N,map,0.39129085619681775,0.37652396333583626,0.40584184172708004,0.36115790918559576,0.3926714958775904,0.420043163527267
frozen,primary,N,mrr,0.43497426154155,0.4200794436430308,0.4498636583502942,0.40479910659378066,0.4339202807217267,0.46620339730914273
frozen,primary,N,recall_at_1,0.2081845238095238,0.19449032738095237,0.22202752976190473,0.18482142857142855,0.20580357142857147,0.2339285714285714
frozen,primary,N,recall_at_3,0.3989583333333333,0.38005952380952374,0.41755952380952377,0.35625,0.4116071428571428,0.42901785714285706
frozen,primary,N,recall_at_5,0.515922619047619,0.4952380952380952,0.5367559523809523,0.47053571428571417,0.5183035714285714,0.5589285714285714
frozen,primary,N,recall_at_10,0.6912202380952381,0.6726153273809524,0.7098214285714285,0.6696428571428572,0.6830357142857142,0.7209821428571429
frozen,primary,N,ndcg_at_1,0.2842261904761905,0.2675595238095238,0.3014880952380952,0.2526785714285714,0.2848214285714286,0.3151785714285714
frozen,primary,N,ndcg_at_3,0.34630389011688734,0.3297341234136421,0.3628455793156806,0.30947576780901875,0.3529871962132397,0.37644870632840355
frozen,primary,N,ndcg_at_5,0.39849093405085023,0.3817459372915997,0.4151722305366139,0.3604323499468336,0.400460372742635,0.43458007946308197
frozen,primary,N,ndcg_at_10,0.4608586718719991,0.44514204836089427,0.4765630755657735,0.4316089011558181,0.4586908219931185,0.4922762924670605
frozen,primary,Z,average_precision,0.2225222672652225,0.20353011910948002,0.24153270693057002,0.181003301769114,0.2133720538178892,0.27319144620866426
frozen,primary,Z,trapezoidal_pr_auc,0.20858335700780892,0.18959132892341196,0.22791169328240904,0.16762114143273768,0.2000315676483247,0.2580973619423643
frozen,primary,Z,roc_auc,0.720239757914339,0.7014268505586593,0.738055691340782,0.6821438547486034,0.7263826815642458,0.7521927374301678
frozen,primary,Z,recall_at_fpr_1pct,0.11083333333333334,0.09333333333333334,0.12833333333333333,0.09000000000000001,0.10250000000000001,0.13999999999999999
frozen,primary,Z,brier,0.047443539219173714,0.046689912581213244,0.048222725106574375,0.048714660049772526,0.048015626028852544,0.04560033157889608
frozen,primary,Z,log_loss,0.18914220035363916,0.18562645515934736,0.19281783665572277,0.1968760788418635,0.1893224001401979,0.18122812207885608
frozen,primary,Z,precision,0.32837301587301587,0.2564285714285714,0.4061111111111109,0.05,0.3942857142857143,0.5408333333333333
frozen,primary,Z,recall,0.04583333333333334,0.035833333333333335,0.056666666666666664,0.0025,0.052500000000000005,0.0825
frozen,primary,Z,f1,0.07816254866979504,0.061452406852406855,0.09551547458177889,0.0047619047619047615,0.09057247422464813,0.13915326702283223
frozen,primary,Z,specificity,0.9972067039106145,0.9963687150837989,0.9979515828677838,1.0,0.9962290502793296,0.9953910614525139
frozen,primary,Z,balanced_accuracy,0.5215200186219738,0.5164292364990689,0.5267765945065177,0.50125,0.5243645251396648,0.538945530726257
frozen,primary,Z,mcc,0.1094132363984321,0.08508397213251889,0.1343779036422059,0.010894965133124079,0.1271437627506335,0.19020098131153879
frozen,primary,Z,map,0.38862239777908986,0.3697069900314177,0.40739859912625975,0.32631018534835166,0.3999399716081681,0.43961703638074984
frozen,primary,Z,mrr,0.43419918756276843,0.4140373556836221,0.454163215759466,0.3663276253420927,0.44640158978351074,0.4898683475627018
frozen,primary,Z,recall_at_1,0.20505952380952383,0.18659970238095236,0.22351190476190474,0.14732142857142855,0.2089285714285715,0.2589285714285714
frozen,primary,Z,recall_at_3,0.400595238095238,0.3767857142857142,0.4247023809523809,0.31339285714285714,0.43482142857142847,0.45357142857142846
frozen,primary,Z,recall_at_5,0.5142857142857142,0.487797619047619,0.5404761904761904,0.43839285714285703,0.5276785714285714,0.5767857142857143
frozen,primary,Z,recall_at_10,0.6913690476190476,0.6660714285714285,0.7163690476190475,0.649107142857143,0.7080357142857142,0.7169642857142857
frozen,primary,Z,ndcg_at_1,0.28154761904761905,0.25892857142857145,0.3035714285714286,0.21249999999999997,0.2875000000000001,0.34464285714285714
frozen,primary,Z,ndcg_at_3,0.34513155007456015,0.3238971119054329,0.36617498118292924,0.26705204455307413,0.36706274107583636,0.40127986459477
frozen,primary,Z,ndcg_at_5,0.39625251804830736,0.3749348625641813,0.4178343974255404,0.32277287481095474,0.40865343546358723,0.4573312438703801
frozen,primary,Z,ndcg_at_10,0.45931617438918965,0.43895469241807683,0.47944830970063906,0.39813816076303743,0.4728396730921127,0.5069706893124188
frozen,primary,F_first,average_precision,0.0,0.0,0.0,0.0,0.0,0.0
frozen,primary,F_first,trapezoidal_pr_auc,0.0,0.0,0.0,0.0,0.0,0.0
frozen,primary,F_first,roc_auc,0.0,0.0,0.0,0.0,0.0,0.0
frozen,primary,F_first,recall_at_fpr_1pct,0.0,0.0,0.0,0.0,0.0,0.0
frozen,primary,F_first,brier,0.0,0.0,0.0,-0.0,-0.0,-0.0
frozen,primary,F_first,log_loss,0.0,0.0,0.0,-0.0,-0.0,-0.0
frozen,primary,F_first,precision,0.0,0.0,0.0,0.0,0.0,0.0
frozen,primary,F_first,recall,0.0,0.0,0.0,0.0,0.0,0.0
frozen,primary,F_first,f1,0.0,0.0,0.0,0.0,0.0,0.0
frozen,primary,F_first,specificity,0.0,0.0,0.0,0.0,0.0,0.0
frozen,primary,F_first,balanced_accuracy,0.0,0.0,0.0,0.0,0.0,0.0
frozen,primary,F_first,mcc,0.0,0.0,0.0,0.0,0.0,0.0
frozen,primary,F_first,map,0.0,0.0,0.0,0.0,0.0,0.0
frozen,primary,F_first,mrr,0.0,0.0,0.0,0.0,0.0,0.0
frozen,primary,F_first,recall_at_1,0.0,0.0,0.0,0.0,0.0,0.0
frozen,primary,F_first,recall_at_3,0.0,0.0,0.0,0.0,0.0,0.0
frozen,primary,F_first,recall_at_5,0.0,0.0,0.0,0.0,0.0,0.0
frozen,primary,F_first,recall_at_10,0.0,0.0,0.0,0.0,0.0,0.0
frozen,primary,F_first,ndcg_at_1,0.0,0.0,0.0,0.0,0.0,0.0
frozen,primary,F_first,ndcg_at_3,0.0,0.0,0.0,0.0,0.0,0.0
frozen,primary,F_first,ndcg_at_5,0.0,0.0,0.0,0.0,0.0,0.0
frozen,primary,F_first,ndcg_at_10,0.0,0.0,0.0,0.0,0.0,0.0
frozen,primary,F,average_precision,0.0,0.0,0.0,0.0,0.0,0.0
frozen,primary,F,trapezoidal_pr_auc,0.0,0.0,0.0,0.0,0.0,0.0
frozen,primary,F,roc_auc,0.0,0.0,0.0,0.0,0.0,0.0
frozen,primary,F,recall_at_fpr_1pct,0.0,0.0,0.0,0.0,0.0,0.0
frozen,primary,F,brier,0.0,0.0,0.0,-0.0,-0.0,-0.0
frozen,primary,F,log_loss,0.0,0.0,0.0,-0.0,-0.0,-0.0
frozen,primary,F,precision,0.0,0.0,0.0,0.0,0.0,0.0
frozen,primary,F,recall,0.0,0.0,0.0,0.0,0.0,0.0
frozen,primary,F,f1,0.0,0.0,0.0,0.0,0.0,0.0
frozen,primary,F,specificity,0.0,0.0,0.0,0.0,0.0,0.0
frozen,primary,F,balanced_accuracy,0.0,0.0,0.0,0.0,0.0,0.0
frozen,primary,F,mcc,0.0,0.0,0.0,0.0,0.0,0.0
frozen,primary,F,map,0.0,0.0,0.0,0.0,0.0,0.0
frozen,primary,F,mrr,0.0,0.0,0.0,0.0,0.0,0.0
frozen,primary,F,recall_at_1,0.0,0.0,0.0,0.0,0.0,0.0
frozen,primary,F,recall_at_3,0.0,0.0,0.0,0.0,0.0,0.0
frozen,primary,F,recall_at_5,0.0,0.0,0.0,0.0,0.0,0.0
frozen,primary,F,recall_at_10,0.0,0.0,0.0,0.0,0.0,0.0
frozen,primary,F,ndcg_at_1,0.0,0.0,0.0,0.0,0.0,0.0
frozen,primary,F,ndcg_at_3,0.0,0.0,0.0,0.0,0.0,0.0
frozen,primary,F,ndcg_at_5,0.0,0.0,0.0,0.0,0.0,0.0
frozen,primary,F,ndcg_at_10,0.0,0.0,0.0,0.0,0.0,0.0
frozen,primary,G,average_precision,0.0,0.0,0.0,0.0,0.0,0.0
frozen,primary,G,trapezoidal_pr_auc,0.0,0.0,0.0,0.0,0.0,0.0
frozen,primary,G,roc_auc,0.0,0.0,0.0,0.0,0.0,0.0
frozen,primary,G,recall_at_fpr_1pct,0.0,0.0,0.0,0.0,0.0,0.0
frozen,primary,G,brier,0.0,0.0,0.0,-0.0,-0.0,-0.0
frozen,primary,G,log_loss,0.0,0.0,0.0,-0.0,-0.0,-0.0
frozen,primary,G,precision,0.0,0.0,0.0,0.0,0.0,0.0
frozen,primary,G,recall,0.0,0.0,0.0,0.0,0.0,0.0
frozen,primary,G,f1,0.0,0.0,0.0,0.0,0.0,0.0
frozen,primary,G,specificity,0.0,0.0,0.0,0.0,0.0,0.0
frozen,primary,G,balanced_accuracy,0.0,0.0,0.0,0.0,0.0,0.0
frozen,primary,G,mcc,0.0,0.0,0.0,0.0,0.0,0.0
frozen,primary,G,map,0.0,0.0,0.0,0.0,0.0,0.0
frozen,primary,G,mrr,0.0,0.0,0.0,0.0,0.0,0.0
frozen,primary,G,recall_at_1,0.0,0.0,0.0,0.0,0.0,0.0
frozen,primary,G,recall_at_3,0.0,0.0,0.0,0.0,0.0,0.0
frozen,primary,G,recall_at_5,0.0,0.0,0.0,0.0,0.0,0.0
frozen,primary,G,recall_at_10,0.0,0.0,0.0,0.0,0.0,0.0
frozen,primary,G,ndcg_at_1,0.0,0.0,0.0,0.0,0.0,0.0
frozen,primary,G,ndcg_at_3,0.0,0.0,0.0,0.0,0.0,0.0
frozen,primary,G,ndcg_at_5,0.0,0.0,0.0,0.0,0.0,0.0
frozen,primary,G,ndcg_at_10,0.0,0.0,0.0,0.0,0.0,0.0
frozen,primary,final_all,average_precision,0.26080406787368476,0.24280635605961348,0.2788269910468554,0.241078505171109,0.2541192190254837,0.2872144794244617
frozen,primary,final_all,trapezoidal_pr_auc,0.2469182007600312,0.22897848530235204,0.26516823413289614,0.22762050293029093,0.2397139776263093,0.2734201217234934
frozen,primary,final_all,roc_auc,0.7368148665425203,0.7228970554003724,0.7506239525139665,0.7137639664804469,0.7414781191806332,0.7552025139664805
frozen,primary,final_all,recall_at_fpr_1pct,0.14222222222222225,0.1252777777777778,0.15916666666666668,0.1325,0.13250000000000003,0.1616666666666667
frozen,primary,final_all,brier,0.045946985380110356,0.045304420220005755,0.046576359719257575,0.04651883694850876,0.04643807755196546,0.04488404163985684
frozen,primary,final_all,log_loss,0.18346018879858564,0.1804627377480848,0.1864193008022513,0.18778144058393953,0.18374686789746372,0.1788522579143537
frozen,primary,final_all,precision,0.4337169312169313,0.37286342592592586,0.4970376984126985,0.2833333333333334,0.46781746031746035,0.5499999999999999
frozen,primary,final_all,recall,0.04944444444444446,0.04277777777777778,0.0563888888888889,0.017499999999999998,0.055000000000000014,0.07583333333333335
frozen,primary,final_all,f1,0.08624996295527694,0.0750780669366418,0.09820378737383567,0.0326306543697848,0.09604050887384219,0.13007872562220388
frozen,primary,final_all,specificity,0.9978739913097455,0.9974239602731222,0.9982929857231532,0.9998137802607076,0.9967877094972066,0.997020484171322
frozen,primary,final_all,balanced_accuracy,0.523659217877095,0.5203421593730603,0.5271851916511484,0.5086568901303539,0.5258938547486034,0.5364269087523277
frozen,primary,final_all,mcc,0.13204758048194631,0.11400281242922813,0.1510184937851664,0.06674257863679048,0.14305915215502743,0.186341010654021
frozen,primary,final_all,map,0.4236513127848492,0.4082178474016053,0.4384814529322107,0.39982292804653063,0.4262169800347297,0.4449140302732872
frozen,primary,final_all,mrr,0.46862631551651335,0.4528803319162102,0.4836197129484086,0.44416368561270053,0.4716387890963409,0.4900764718404987
frozen,primary,final_all,recall_at_1,0.23670634920634925,0.22212301587301586,0.2509920634920635,0.2193452380952381,0.23571428571428574,0.25505952380952385
frozen,primary,final_all,recall_at_3,0.4377976190476191,0.41904761904761906,0.4558531746031746,0.4071428571428572,0.44999999999999996,0.45625
frozen,primary,final_all,recall_at_5,0.5519841269841269,0.5325347222222222,0.5714310515873017,0.5145833333333333,0.5616071428571429,0.5797619047619048
frozen,primary,final_all,recall_at_10,0.7113095238095238,0.6933531746031747,0.7294642857142857,0.6857142857142858,0.7110119047619047,0.737202380952381
frozen,primary,final_all,ndcg_at_1,0.3216269841269841,0.3037648809523809,0.33928571428571425,0.2970238095238095,0.32261904761904764,0.3452380952380952
frozen,primary,final_all,ndcg_at_3,0.3838687518508351,0.36643305008136984,0.4005913152664406,0.356603671170028,0.39077216889370386,0.4042304154887735
frozen,primary,final_all,ndcg_at_5,0.4350312816568908,0.41773990207407286,0.45153442363363244,0.4046695425714056,0.44109655727110203,0.4593277451281647
frozen,primary,final_all,ndcg_at_10,0.49155445540613113,0.4752849198476424,0.5072012106147556,0.4657897665151212,0.49365440657623433,0.5152191931270378
seq,raw,O,average_precision,0.270029241930072,0.25116145277773194,0.28884624580785456,0.2549036625414478,0.26858869018545384,0.28659537306331434
seq,raw,O,trapezoidal_pr_auc,0.2568520045400753,0.23731799944266616,0.2762647370839739,0.2416408202905816,0.25500140777554314,0.2739137855541012
seq,raw,O,roc_auc,0.7387930633147114,0.723930895018622,0.7541540677374302,0.7321648044692738,0.7408275139664805,0.74338687150838
seq,raw,O,recall_at_fpr_1pct,0.1525,0.13625,0.16958333333333334,0.13874999999999998,0.14500000000000002,0.17375000000000002
seq,raw,O,brier,0.04729126926536909,0.04682712505814908,0.047780605715628054,0.04837595631323143,0.04584344895987692,0.047654402522998934
seq,raw,O,log_loss,0.22577507477643607,0.22036004463803016,0.23119268589469277,0.2461837278542348,0.1953223448014421,0.23581915167363127
seq,raw,O,precision,0.20902777777777778,0.16527777777777777,0.25208333333333327,0.0,0.6270833333333333,0.0
seq,raw,O,recall,0.018333333333333337,0.014166666666666668,0.02250000000000001,0.0,0.055000000000000014,0.0
seq,raw,O,f1,0.03323883242361503,0.02583066691762344,0.040898180171278,0.0,0.09971649727084508,0.0
seq,raw,O,specificity,0.9996042830540036,0.9993947858472998,0.9997905027932962,1.0,0.9988128491620112,1.0
seq,raw,O,balanced_accuracy,0.5089688081936685,0.5068505586592179,0.5111571810986966,0.5,0.5269064245810056,0.5
seq,raw,O,mcc,0.057708321299698856,0.04499439059593,0.07015220829108358,0.0,0.17312496389909657,0.0
seq,raw,O,map,0.4165969439595041,0.4008984787679673,0.43151578734427853,0.404301119237254,0.41627825838597876,0.4292114542552795
seq,raw,O,mrr,0.46431281792283907,0.4476551966261045,0.48003224813064543,0.4542998179494505,0.4656745580241439,0.47296407779492283
seq,raw,O,recall_at_1,0.2294642857142857,0.21398809523809526,0.24464285714285713,0.21830357142857146,0.22678571428571428,0.24330357142857142
seq,raw,O,recall_at_3,0.422172619047619,0.4026748511904762,0.44092261904761904,0.40982142857142856,0.42544642857142856,0.43125
seq,raw,O,recall_at_5,0.5438988095238095,0.5224702380952381,0.5648809523809524,0.5419642857142857,0.5535714285714286,0.5361607142857143
seq,raw,O,recall_at_10,0.7183035714285714,0.6973177083333334,0.7395870535714285,0.7080357142857142,0.7160714285714285,0.7308035714285714
seq,raw,O,ndcg_at_1,0.3169642857142857,0.29851190476190476,0.3351190476190476,0.3026785714285714,0.3142857142857143,0.33392857142857146
seq,raw,O,ndcg_at_3,0.37258194149931523,0.3549738935653455,0.3892573013412887,0.35974807817016535,0.3736513810424338,0.3843463652853465
seq,raw,O,ndcg_at_5,0.4269501291547269,0.40922891789987204,0.4438897705585318,0.41868007636366367,0.43087249970236274,0.4312978113981544
seq,raw,O,ndcg_at_10,0.4886456396373673,0.47192536211892483,0.5050765884033702,0.477204740465904,0.488479779572948,0.5002523988732499
seq,raw,N,average_precision,0.31511600873015055,0.29288785160095315,0.3381937626323277,0.3293951107884795,0.29676011878124287,0.3191927966207293
seq,raw,N,trapezoidal_pr_auc,0.30216107332361025,0.279468136718332,0.325626656538564,0.31730511906297576,0.2829905912889916,0.3061875096188634
seq,raw,N,roc_auc,0.7586871508379889,0.7433282122905027,0.7736877618715086,0.7623847765363129,0.7484706703910615,0.7652060055865922
seq,raw,N,recall_at_fpr_1pct,0.18666666666666668,0.16541666666666668,0.20876041666666653,0.20500000000000002,0.16875,0.18625
seq,raw,N,brier,0.04735659787416017,0.046888400521693345,0.047802448307761876,0.047366625188318454,0.04676300245656162,0.04794016597760045
seq,raw,N,log_loss,0.22822335389885282,0.22309218363268368,0.23363064415364923,0.2313354241938123,0.2091638045004751,0.24417083300227102
seq,raw,N,precision,0.12152777777777775,0.07847222222222223,0.16527777777777777,0.0,0.2645833333333333,0.1
seq,raw,N,recall,0.011666666666666665,0.007083333333333333,0.01666666666666667,0.0,0.03,0.005
seq,raw,N,f1,0.020674524750611708,0.01267472865298952,0.02936118757450276,0.0,0.0524997647280256,0.009523809523809523
seq,raw,N,specificity,0.9998603351955307,0.9997672253258845,0.9999534450651769,1.0,0.9995810055865921,1.0
seq,raw,N,balanced_accuracy,0.5057635009310987,0.5034601955307262,0.5082867783985102,0.5,0.5147905027932961,0.5025
seq,raw,N,mcc,0.034743654974824977,0.022242786366753857,0.047218389736854265,0.0,0.08244103465822676,0.021789930266248158
seq,raw,N,map,0.46693788871969666,0.4489236680543416,0.4846098123307454,0.4728842657500455,0.4500850165364434,0.4778443838726012
seq,raw,N,mrr,0.5140358749274533,0.4953269637029966,0.5322029295539623,0.5250829196323148,0.48830834545735696,0.5287163596926883
seq,raw,N,recall_at_1,0.275297619047619,0.2572879464285714,0.29315476190476186,0.28928571428571426,0.25491071428571427,0.2816964285714286
seq,raw,N,recall_at_3,0.4916666666666667,0.47008928571428577,0.5138392857142856,0.4933035714285714,0.47455357142857146,0.5071428571428571
seq,raw,N,recall_at_5,0.5980654761904761,0.5748511904761905,0.6214285714285713,0.5950892857142857,0.5776785714285713,0.6214285714285714
seq,raw,N,recall_at_10,0.7380952380952381,0.7171093749999998,0.7587834821428572,0.7321428571428572,0.7249999999999999,0.7571428571428571
seq,raw,N,ndcg_at_1,0.3726190476190476,0.3505877976190475,0.3943452380952381,0.3901785714285715,0.34642857142857136,0.38125000000000003
seq,raw,N,ndcg_at_3,0.4354135739815172,0.4150187801549117,0.4555687067398209,0.4418336947401851,0.41613328911097713,0.44827373809338944
seq,raw,N,ndcg_at_5,0.483300507829253,0.46383901089788426,0.5025359161194287,0.4877855386198082,0.46224865261726356,0.49986733225068725
seq,raw,N,ndcg_at_10,0.5328319354872578,0.5145680714322862,0.5511342806513728,0.5364066176017948,0.5141771114018346,0.5479120774581441
seq,raw,Z,average_precision,0.32311167614368197,0.2974997047908306,0.3510392441467193,0.3402575611388246,0.31640823085702796,0.3126692364351934
seq,raw,Z,trapezoidal_pr_auc,0.31031569474672654,0.28385348214480993,0.33910851393256375,0.32882855786129966,0.3020843733138454,0.30003415306503456
seq,raw,Z,roc_auc,0.760784450651769,0.7442154329608938,0.7771254073556798,0.7580656424581006,0.7584986033519553,0.7657891061452515
seq,raw,Z,recall_at_fpr_1pct,0.19833333333333333,0.17166666666666672,0.22666666666666663,0.2325,0.1875,0.175
seq,raw,Z,brier,0.04621532647240522,0.04555297406986044,0.04685188047390204,0.04725251366796385,0.04434014439411247,0.04705332135513934
seq,raw,Z,log_loss,0.22143829529962708,0.21550925220069825,0.22756261684423962,0.23928746219205635,0.19267107270434514,0.2323563510024798
seq,raw,Z,precision,0.2430555555555555,0.15694444444444447,0.33055555555555555,0.0,0.5291666666666666,0.2
seq,raw,Z,recall,0.02333333333333333,0.014166666666666666,0.03333333333333334,0.0,0.06,0.01
seq,raw,Z,f1,0.041349049501223416,0.02534945730597904,0.05872237514900552,0.0,0.1049995294560512,0.019047619047619046
seq,raw,Z,specificity,0.9997206703910614,0.9995344506517689,0.9999068901303537,1.0,0.9991620111731843,1.0
seq,raw,Z,balanced_accuracy,0.5115270018621975,0.5069203910614525,0.5165735567970205,0.5,0.5295810055865922,0.505
seq,raw,Z,mcc,0.06948730994964995,0.044485572733507714,0.09443677947370853,0.0,0.16488206931645352,0.043579860532496316
seq,raw,Z,map,0.4718062788299937,0.44980146814305033,0.4938709109024051,0.4727026337856522,0.4738681960215832,0.4688480066827457
seq,raw,Z,mrr,0.521074106888931,0.4982749311209973,0.5442965792103882,0.5230360439094105,0.5162974997068157,0.5238887770505664
seq,raw,Z,recall_at_1,0.28125,0.2580357142857143,0.3044642857142857,0.2928571428571428,0.28125,0.26964285714285713
seq,raw,Z,recall_at_3,0.4994047619047619,0.4735119047619048,0.5255952380952381,0.49196428571428574,0.50625,0.5
seq,raw,Z,recall_at_5,0.5982142857142856,0.5714211309523808,0.6244047619047618,0.5723214285714285,0.5999999999999999,0.6223214285714286
seq,raw,Z,recall_at_10,0.7488095238095238,0.724702380952381,0.7720238095238096,0.7383928571428573,0.7419642857142856,0.7660714285714285
seq,raw,Z,ndcg_at_1,0.38095238095238093,0.3523809523809523,0.41011904761904755,0.39642857142857146,0.3767857142857142,0.36964285714285716
seq,raw,Z,ndcg_at_3,0.44211721516864083,0.41757607815614756,0.4668896679529011,0.4418683176292565,0.4458371385172918,0.43864618935937427
seq,raw,Z,ndcg_at_5,0.48682155358129653,0.46307327691941536,0.5105796541595417,0.47831584399781113,0.4881391102054276,0.49400970654065085
seq,raw,Z,ndcg_at_10,0.5400192389478402,0.5178415387641147,0.5617570628428057,0.5370383938745115,0.5382485556959586,0.5447707672730505
seq,raw,F_first,average_precision,0.0471393951862277,0.02542431809464734,0.06953702589993213,0.06064832885587931,0.03990850222741549,0.0408613544753883
seq,raw,F_first,trapezoidal_pr_auc,0.045842227726852376,0.023223179571712944,0.0692244898970284,0.059450236520804195,0.03869190585699189,0.03938454080276105
seq,raw,F_first,roc_auc,0.031962290502793235,0.0151674813780259,0.04844326117318419,0.027611731843575238,0.026557262569832485,0.04171787709497199
seq,raw,F_first,recall_at_fpr_1pct,0.03250000000000001,0.007500000000000016,0.057499999999999975,0.04749999999999999,0.01999999999999999,0.030000000000000054
seq,raw,F_first,brier,-0.002917451228397853,-0.003413331246372556,-0.002401240606758596,-0.0010280383758382375,-0.003281162097055805,-0.0044431532122995165
seq,raw,F_first,log_loss,-0.032158232349805686,-0.036997909159028265,-0.02740446921040985,0.0028706693462453303,-0.03356888009056552,-0.06577648630509686
seq,raw,F_first,precision,-0.24027777777777778,-0.2972222222222223,-0.17777777777777778,0.0,-0.7208333333333333,0.0
seq,raw,F_first,recall,-0.021666666666666678,-0.028333333333333335,-0.015000000000000005,0.0,-0.06500000000000003,0.0
seq,raw,F_first,f1,-0.0391735679779158,-0.05077404479578392,-0.02773668360624884,0.0,-0.1175207039337474,0.0
seq,raw,F_first,specificity,0.00032588454376162684,9.310986964620554e-05,0.0006517690875233276,0.0,0.0009776536312848805,0.0
seq,raw,F_first,balanced_accuracy,-0.010670391061452547,-0.01405027932960897,-0.007383612662942296,0.0,-0.032011173184357644,0.0
seq,raw,F_first,mcc,-0.06774435952006574,-0.08539080654426501,-0.049396968678110324,0.0,-0.20323307856019723,0.0
seq,raw,F_first,map,0.06339324911674982,0.041808659576983494,0.08542323437599214,0.09250861475334071,0.044537088497250577,0.05313404409965816
seq,raw,F_first,mrr,0.06209770635917966,0.038970258744691115,0.08499697079774825,0.09139127027936156,0.0427946778753685,0.05210717092280892
seq,raw,F_first,recall_at_1,0.05565476190476193,0.03154761904761912,0.07916666666666668,0.09107142857142853,0.036607142857142894,0.03928571428571437
seq,raw,F_first,recall_at_3,0.08392857142857146,0.05534970238095232,0.11339285714285714,0.12946428571428575,0.0589285714285715,0.06339285714285714
seq,raw,F_first,recall_at_5,0.07499999999999996,0.049702380952381026,0.10119047619047605,0.08124999999999993,0.05267857142857135,0.09107142857142858
seq,raw,F_first,recall_at_10,0.03125,0.004761904761904744,0.057738095238095255,0.019642857142857184,0.025000000000000022,0.049107142857142794
seq,raw,F_first,ndcg_at_1,0.06785714285714284,0.038095238095238106,0.09821428571428566,0.10357142857142854,0.050000000000000044,0.04999999999999993
seq,raw,F_first,ndcg_at_3,0.07634157648032643,0.05024328463010792,0.10299189068228318,0.11779849788878544,0.05314714585933228,0.058079085692861576
seq,raw,F_first,ndcg_at_5,0.0730295177003961,0.050664714790526824,0.09650923373841169,0.09701163110350919,0.052099024664772065,0.06997789733290705
seq,raw,F_first,ndcg_at_10,0.05703636218257602,0.035695972483805155,0.07797029635634507,0.0759185772251525,0.04071432238436301,0.054476186938212545
seq,raw,F,average_precision,0.04868546310561348,0.03291725246247038,0.06478222094154129,0.0590717492371519,0.037458257788620136,0.04952638229106843
seq,raw,F,trapezoidal_pr_auc,0.048619868973852155,0.0323321126472871,0.0652926239788015,0.05914230433218491,0.03745100826072119,0.04926629432865037
seq,raw,F,roc_auc,0.02602420856610795,0.014715898510242064,0.03707899790502791,0.02481145251396638,0.02386173184357543,0.02939944134078204
seq,raw,F,recall_at_fpr_1pct,0.03250000000000001,0.01583333333333331,0.04999999999999999,0.03750000000000002,0.01999999999999999,0.04000000000000002
seq,raw,F,brier,-0.0018899170124572668,-0.0022667542190672975,-0.0015167176121349737,-0.00014558631750863707,-0.002942053144032713,-0.002582111575830451
seq,raw,F,log_loss,-0.01991138070128369,-0.023183208474324424,-0.016651158184249216,0.011746107478098983,-0.02950034523235101,-0.04197990434959904
seq,raw,F,precision,-0.20902777777777778,-0.25208333333333327,-0.16527777777777777,0.0,-0.6270833333333333,0.0
seq,raw,F,recall,-0.018333333333333337,-0.02250000000000001,-0.014166666666666668,0.0,-0.055000000000000014,0.0
seq,raw,F,f1,-0.03323883242361503,-0.040898180171278,-0.025830666917623445,0.0,-0.09971649727084508,0.0
seq,raw,F,specificity,0.0003957169459962902,0.0002094972067039532,0.0006052141527001883,0.0,0.0011871508379888707,0.0
seq,raw,F,balanced_accuracy,-0.00896880819366854,-0.011157181098696513,-0.006850558659217872,0.0,-0.026906424581005617,0.0
seq,raw,F,mcc,-0.057708321299698856,-0.0701522082910836,-0.04499439059593001,0.0,-0.17312496389909657,0.0
seq,raw,F,map,0.05862391832565179,0.04524776195930435,0.0723875653381729,0.07080831250416564,0.04352663431417719,0.06153680815861254
seq,raw,F,mrr,0.05715121529336886,0.042660562578174833,0.07171755395232288,0.07071150155342928,0.038022940502589725,0.06271920382408758
seq,raw,F,recall_at_1,0.052083333333333336,0.036160714285714324,0.06756324404761903,0.06874999999999995,0.03526785714285714,0.05223214285714292
seq,raw,F,recall_at_3,0.07752976190476193,0.05922619047619045,0.0961346726190476,0.09196428571428572,0.05937500000000007,0.08125000000000002
seq,raw,F,recall_at_5,0.06711309523809518,0.04791666666666663,0.08601190476190473,0.06830357142857135,0.048214285714285654,0.08482142857142855
seq,raw,F,recall_at_10,0.02113095238095238,0.0028236607142856536,0.0383928571428571,0.013839285714285776,0.021428571428571408,0.028124999999999956
seq,raw,F,ndcg_at_1,0.06339285714285713,0.04374255952380949,0.08303571428571428,0.08214285714285716,0.042857142857142844,0.06517857142857139
seq,raw,F,ndcg_at_3,0.07127226255724696,0.05481418600029349,0.08805257522490444,0.08658119670141473,0.052734395937213685,0.07450119503311245
seq,raw,F,ndcg_at_5,0.0669955903183638,0.05267400582108621,0.08138959084794183,0.07651950416751382,0.04849106097620498,0.0759762058113726
seq,raw,F,ndcg_at_10,0.05064968761316809,0.03754472693016804,0.06364258043137748,0.05775842881549881,0.03836384185214031,0.05582679217186515
seq,raw,G,average_precision,0.07579624806630315,0.0577365762139191,0.09444198133206821,0.09764628582946695,0.06655761533003622,0.06318484303940627
seq,raw,G,trapezoidal_pr_auc,0.07707447701476837,0.058705855916628503,0.09606969699225922,0.09986540478417742,0.06773534669387994,0.06362267956624773
seq,raw,G,roc_auc,0.035826350093109825,0.023316457169459976,0.04870591829608939,0.05210544692737423,0.03237779329608925,0.022995810055865984
seq,raw,G,recall_at_fpr_1pct,0.05708333333333334,0.03708333333333332,0.07874999999999997,0.07125000000000002,0.04125000000000001,0.05875
seq,raw,G,brier,0.0026421154360359565,0.002290754733646762,0.0030092828880949715,0.0022417459566953686,0.002789722529682393,0.002894877821730108
seq,raw,G,log_loss,0.023535216579374078,0.01943653366232848,0.02772669127425787,0.008965192239369549,0.023006693659007232,0.038633763839745455
seq,raw,G,precision,0.12152777777777775,0.07847222222222223,0.16527777777777777,0.0,0.2645833333333333,0.1
seq,raw,G,recall,0.011666666666666665,0.007083333333333333,0.01666666666666667,0.0,0.03,0.005
seq,raw,G,f1,0.020674524750611708,0.01267472865298952,0.02936118757450276,0.0,0.0524997647280256,0.009523809523809523
seq,raw,G,specificity,-0.00013966480446928978,-0.00023277467411549532,-4.6554934823102766e-05,0.0,-0.00041899441340786936,0.0
seq,raw,G,balanced_accuracy,0.005763500931098693,0.00346019553072624,0.008286778398510256,0.0,0.014790502793296079,0.0025000000000000022
seq,raw,G,mcc,0.034743654974824977,0.022242786366753857,0.047218389736854265,0.0,0.08244103465822676,0.021789930266248158
seq,raw,G,map,0.06610519736347677,0.05106281714990435,0.08172766877779203,0.07852005839127621,0.05464736411885365,0.06514816958030042
seq,raw,G,mrr,0.06954664117477923,0.05255755861088713,0.0864316908964892,0.08813113907948342,0.054804368415264065,0.0657044160295902
seq,raw,G,recall_at_1,0.058630952380952374,0.04166666666666668,0.07648809523809523,0.07499999999999998,0.0433035714285714,0.05758928571428576
seq,raw,G,recall_at_3,0.0846726190476191,0.06338913690476188,0.10625000000000001,0.09866071428571427,0.07008928571428577,0.08526785714285723
seq,raw,G,recall_at_5,0.06696428571428564,0.044791666666666674,0.08898809523809521,0.08392857142857141,0.05669642857142848,0.06026785714285704
seq,raw,G,recall_at_10,0.03973214285714279,0.02232142857142862,0.05744047619047615,0.046428571428571375,0.047767857142857084,0.02499999999999991
seq,raw,G,ndcg_at_1,0.07708333333333332,0.05476190476190476,0.10029761904761902,0.09821428571428575,0.05892857142857133,0.07410714285714287
seq,raw,G,ndcg_at_3,0.07988413474725346,0.06096621377993162,0.09910454883799774,0.09453078415762733,0.06475385248896057,0.08036776759517247
seq,raw,G,ndcg_at_5,0.07255031640415492,0.05562778292681019,0.08975148949597349,0.08916431262141969,0.058881417180400686,0.06960521941064438
seq,raw,G,ndcg_at_10,0.06259856319058489,0.047828899161630904,0.07754264263422524,0.07520158393199078,0.055581423231960636,0.057012682407803245
seq,raw,final_all,average_precision,0.287723386667942,0.2680795169071111,0.3078064453231468,0.2833549620739067,0.2845285370759785,0.2952866608539407
seq,raw,final_all,trapezoidal_pr_auc,0.2746732346089591,0.25428885027971204,0.2953094185689782,0.27070339948082095,0.2706957296216439,0.2826205747244123
seq,raw,final_all,roc_auc,0.7461235257603973,0.7319963337988826,0.7600738477653631,0.7407984171322161,0.7467178770949721,0.7508542830540038
seq,raw,final_all,recall_at_fpr_1pct,0.1677777777777778,0.15055555555555555,0.18583333333333332,0.17,0.15916666666666668,0.17416666666666666
seq,raw,final_all,brier,0.04693262166771447,0.04645309570372276,0.04741474514028952,0.04800147543147557,0.045342347437955434,0.047454042133712404
seq,raw,final_all,log_loss,0.22432948161749974,0.21906870116525848,0.22958498425964416,0.24388497263350864,0.19443858743574313,0.23466488478324746
seq,raw,final_all,precision,0.22037037037037036,0.1796296296296296,0.260659722222222,0.0,0.5944444444444444,0.06666666666666667
seq,raw,final_all,recall,0.020000000000000004,0.015555555555555559,0.024451388888888797,0.0,0.05666666666666668,0.0033333333333333335
seq,raw,final_all,f1,0.03594223811615115,0.02834139793378924,0.043890058713428284,0.0,0.10147750799924711,0.006349206349206348
seq,raw,final_all,specificity,0.999643078833023,0.9994878957169461,0.9997827436374922,1.0,0.9989292364990688,1.0
seq,raw,final_all,balanced_accuracy,0.5098215394165114,0.507614835505897,0.5121128375232775,0.5,0.5277979515828678,0.5016666666666666
seq,raw,final_all,mcc,0.06163465084968255,0.04969345949363249,0.07368677981101393,0.0,0.17037733237154887,0.014526620177498771
seq,raw,final_all,map,0.43500005558300064,0.41884551447068724,0.45020545009012963,0.42710162408672003,0.4354749042645136,0.4424236383977682
seq,raw,final_all,mrr,0.483233247578203,0.46656371755809506,0.4988843589456866,0.47721189326943714,0.48254887191836787,0.489938977546804
seq,raw,final_all,recall_at_1,0.24672619047619046,0.23114831349206347,0.26240079365079366,0.2431547619047619,0.24494047619047618,0.2520833333333333
seq,raw,final_all,recall_at_3,0.4479166666666667,0.4287648809523809,0.46686755952380943,0.437202380952381,0.4523809523809524,0.45416666666666666
seq,raw,final_all,recall_at_5,0.5620039682539683,0.5417658730158731,0.5817460317460318,0.5520833333333334,0.569047619047619,0.5648809523809524
seq,raw,final_all,recall_at_10,0.7284722222222223,0.7087276785714286,0.7483134920634921,0.718154761904762,0.7247023809523808,0.7425595238095237
seq,raw,final_all,ndcg_at_1,0.33829365079365076,0.3192460317460317,0.35635416666666664,0.3339285714285714,0.3351190476190476,0.3458333333333334
seq,raw,final_all,ndcg_at_3,0.3957603660557571,0.37741930396001394,0.4131639096787884,0.38712149132319573,0.3977133002007198,0.40244630664335573
seq,raw,final_all,ndcg_at_5,0.44690727063025015,0.42882314422718437,0.46370828949119025,0.4385586655750462,0.44996136987005103,0.4522017764456532
seq,raw,final_all,ndcg_at_10,0.5057701727408582,0.48893791602133374,0.5220656298539632,0.49714929160210647,0.5050693716139515,0.5150918550065168
seq,stage-cal,O,average_precision,0.270029241930072,0.25116145277773194,0.28884624580785456,0.2549036625414478,0.26858869018545384,0.28659537306331434
seq,stage-cal,O,trapezoidal_pr_auc,0.2568520045400753,0.23731799944266616,0.2762647370839739,0.2416408202905816,0.25500140777554314,0.2739137855541012
seq,stage-cal,O,roc_auc,0.7387930633147114,0.723930895018622,0.7541540677374302,0.7321648044692738,0.7408275139664805,0.74338687150838
seq,stage-cal,O,recall_at_fpr_1pct,0.1525,0.13625,0.16958333333333334,0.13874999999999998,0.14500000000000002,0.17375000000000002
seq,stage-cal,O,brier,0.045745722491410956,0.045103309344901664,0.0463805383603892,0.046292943114597564,0.04580896261281381,0.04513526174682149
seq,stage-cal,O,log_loss,0.18418684095933313,0.18093538656944744,0.1874079801721818,0.18649576965165326,0.18422796072010506,0.18183679250624107
seq,stage-cal,O,precision,0.5904166666666667,0.4969409722222222,0.6813888888888888,0.5995833333333334,0.6174999999999999,0.5541666666666667
seq,stage-cal,O,recall,0.05958333333333334,0.04958333333333334,0.07,0.0675,0.06500000000000002,0.04625
seq,stage-cal,O,f1,0.10603856409291192,0.08884318142606187,0.12370761080706731,0.11808455674760024,0.11564848919196745,0.08438264633916807
seq,stage-cal,O,specificity,0.998510242085661,0.9980214152700185,0.9989525139664804,0.99804469273743,0.9981843575418994,0.9993016759776535
seq,stage-cal,O,balanced_accuracy,0.5290467877094972,0.5239885649441341,0.5342539571694599,0.5327723463687151,0.5315921787709497,0.5227758379888268
seq,stage-cal,O,mcc,0.17324239064732797,0.14508371243330992,0.201002531502188,0.1832020299668345,0.18600900245099003,0.1505161395241594
seq,stage-cal,O,map,0.4165969439595041,0.4008984787679673,0.43151578734427853,0.404301119237254,0.41627825838597876,0.4292114542552795
seq,stage-cal,O,mrr,0.46431281792283907,0.4476551966261045,0.48003224813064543,0.4542998179494505,0.4656745580241439,0.47296407779492283
seq,stage-cal,O,recall_at_1,0.2294642857142857,0.21398809523809526,0.24464285714285713,0.21830357142857146,0.22678571428571428,0.24330357142857142
seq,stage-cal,O,recall_at_3,0.422172619047619,0.4026748511904762,0.44092261904761904,0.40982142857142856,0.42544642857142856,0.43125
seq,stage-cal,O,recall_at_5,0.5438988095238095,0.5224702380952381,0.5648809523809524,0.5419642857142857,0.5535714285714286,0.5361607142857143
seq,stage-cal,O,recall_at_10,0.7183035714285714,0.6973177083333334,0.7395870535714285,0.7080357142857142,0.7160714285714285,0.7308035714285714
seq,stage-cal,O,ndcg_at_1,0.3169642857142857,0.29851190476190476,0.3351190476190476,0.3026785714285714,0.3142857142857143,0.33392857142857146
seq,stage-cal,O,ndcg_at_3,0.37258194149931523,0.3549738935653455,0.3892573013412887,0.35974807817016535,0.3736513810424338,0.3843463652853465
seq,stage-cal,O,ndcg_at_5,0.4269501291547269,0.40922891789987204,0.4438897705585318,0.41868007636366367,0.43087249970236274,0.4312978113981544
seq,stage-cal,O,ndcg_at_10,0.4886456396373673,0.47192536211892483,0.5050765884033702,0.477204740465904,0.488479779572948,0.5002523988732499
seq,stage-cal,N,average_precision,0.31511600873015055,0.29288785160095315,0.3381937626323277,0.3293951107884795,0.29676011878124287,0.3191927966207293
seq,stage-cal,N,trapezoidal_pr_auc,0.30216107332361025,0.279468136718332,0.325626656538564,0.31730511906297576,0.2829905912889916,0.3061875096188634
seq,stage-cal,N,roc_auc,0.7586871508379889,0.7433282122905027,0.7736877618715086,0.7623847765363129,0.7484706703910615,0.7652060055865922
seq,stage-cal,N,recall_at_fpr_1pct,0.18666666666666668,0.16541666666666668,0.20876041666666653,0.20500000000000002,0.16875,0.18625
seq,stage-cal,N,brier,0.043996613519311,0.04332048277842728,0.044658788036233216,0.04363562642774504,0.04465582984561063,0.04369838428457734
seq,stage-cal,N,log_loss,0.17648101822936693,0.1731615028168353,0.17982138387155755,0.17493784810171598,0.17885173530795162,0.17565347127843323
seq,stage-cal,N,precision,0.6019444444444445,0.5272222222222221,0.6754201388888889,0.7208333333333333,0.35041666666666665,0.7345833333333334
seq,stage-cal,N,recall,0.06958333333333334,0.05833333333333335,0.08208333333333331,0.08250000000000002,0.04,0.08625000000000002
seq,stage-cal,N,f1,0.12117199708504056,0.1026791607848673,0.14134517861365684,0.14505552418595896,0.06918675889328064,0.1492737081758821
seq,stage-cal,N,specificity,0.9986964618249533,0.998254189944134,0.9991154562383612,0.9986033519553073,0.9992318435754189,0.998254189944134
seq,stage-cal,N,balanced_accuracy,0.5341398975791435,0.5284566748137803,0.5403447683891993,0.5405516759776539,0.5196159217877094,0.5422520949720673
seq,stage-cal,N,mcc,0.18870166130904517,0.16365065133628073,0.2147453477458878,0.2277007294791208,0.10746217183891729,0.23094208260909743
seq,stage-cal,N,map,0.46693788871969666,0.4489236680543416,0.4846098123307454,0.4728842657500455,0.4500850165364434,0.4778443838726012
seq,stage-cal,N,mrr,0.5140358749274533,0.4953269637029966,0.5322029295539623,0.5250829196323148,0.48830834545735696,0.5287163596926883
seq,stage-cal,N,recall_at_1,0.275297619047619,0.2572879464285714,0.29315476190476186,0.28928571428571426,0.25491071428571427,0.2816964285714286
seq,stage-cal,N,recall_at_3,0.4916666666666667,0.47008928571428577,0.5138392857142856,0.4933035714285714,0.47455357142857146,0.5071428571428571
seq,stage-cal,N,recall_at_5,0.5980654761904761,0.5748511904761905,0.6214285714285713,0.5950892857142857,0.5776785714285713,0.6214285714285714
seq,stage-cal,N,recall_at_10,0.7380952380952381,0.7171093749999998,0.7587834821428572,0.7321428571428572,0.7249999999999999,0.7571428571428571
seq,stage-cal,N,ndcg_at_1,0.3726190476190476,0.3505877976190475,0.3943452380952381,0.3901785714285715,0.34642857142857136,0.38125000000000003
seq,stage-cal,N,ndcg_at_3,0.4354135739815172,0.4150187801549117,0.4555687067398209,0.4418336947401851,0.41613328911097713,0.44827373809338944
seq,stage-cal,N,ndcg_at_5,0.483300507829253,0.46383901089788426,0.5025359161194287,0.4877855386198082,0.46224865261726356,0.49986733225068725
seq,stage-cal,N,ndcg_at_10,0.5328319354872578,0.5145680714322862,0.5511342806513728,0.5364066176017948,0.5141771114018346,0.5479120774581441
seq,stage-cal,Z,average_precision,0.32311167614368197,0.2974997047908306,0.3510392441467193,0.3402575611388246,0.31640823085702796,0.3126692364351934
seq,stage-cal,Z,trapezoidal_pr_auc,0.31031569474672654,0.28385348214480993,0.33910851393256375,0.32882855786129966,0.3020843733138454,0.30003415306503456
seq,stage-cal,Z,roc_auc,0.760784450651769,0.7442154329608938,0.7771254073556798,0.7580656424581006,0.7584986033519553,0.7657891061452515
seq,stage-cal,Z,recall_at_fpr_1pct,0.19833333333333333,0.17166666666666672,0.22666666666666663,0.2325,0.1875,0.175
seq,stage-cal,Z,brier,0.04374279414224739,0.042921830561655036,0.0445240704629454,0.043370019719768935,0.04368991011562527,0.044168452591347974
seq,stage-cal,Z,log_loss,0.1755666542536117,0.17173070447992791,0.17931198061247328,0.17449626994852593,0.17594292884823884,0.17626076396407037
seq,stage-cal,Z,precision,0.6891666666666666,0.5880555555555556,0.7877986111111108,0.7,0.6008333333333333,0.7666666666666667
seq,stage-cal,Z,recall,0.07416666666666667,0.05916666666666668,0.09000000000000001,0.08000000000000002,0.075,0.06750000000000002
seq,stage-cal,Z,f1,0.1303722630026978,0.10520766123972644,0.15621855903758078,0.140918501788067,0.12884970826275177,0.12134857895727462
seq,stage-cal,Z,specificity,0.9987430167597765,0.9982309124767225,0.9992085661080075,0.9988826815642458,0.9984636871508379,0.9988826815642458
seq,stage-cal,Z,balanced_accuracy,0.5364548417132217,0.528907704841713,0.5442824138733705,0.539441340782123,0.5367318435754189,0.5331913407821232
seq,stage-cal,Z,mcc,0.20859938682698234,0.17399756629558233,0.2425253785690898,0.2217548600835134,0.19313441341158644,0.21090888698584723
seq,stage-cal,Z,map,0.4718062788299937,0.44980146814305033,0.4938709109024051,0.4727026337856522,0.4738681960215832,0.4688480066827457
seq,stage-cal,Z,mrr,0.521074106888931,0.4982749311209973,0.5442965792103882,0.5230360439094105,0.5162974997068157,0.5238887770505664
seq,stage-cal,Z,recall_at_1,0.28125,0.2580357142857143,0.3044642857142857,0.2928571428571428,0.28125,0.26964285714285713
seq,stage-cal,Z,recall_at_3,0.4994047619047619,0.4735119047619048,0.5255952380952381,0.49196428571428574,0.50625,0.5
seq,stage-cal,Z,recall_at_5,0.5982142857142856,0.5714211309523808,0.6244047619047618,0.5723214285714285,0.5999999999999999,0.6223214285714286
seq,stage-cal,Z,recall_at_10,0.7488095238095238,0.724702380952381,0.7720238095238096,0.7383928571428573,0.7419642857142856,0.7660714285714285
seq,stage-cal,Z,ndcg_at_1,0.38095238095238093,0.3523809523809523,0.41011904761904755,0.39642857142857146,0.3767857142857142,0.36964285714285716
seq,stage-cal,Z,ndcg_at_3,0.44211721516864083,0.41757607815614756,0.4668896679529011,0.4418683176292565,0.4458371385172918,0.43864618935937427
seq,stage-cal,Z,ndcg_at_5,0.48682155358129653,0.46307327691941536,0.5105796541595417,0.47831584399781113,0.4881391102054276,0.49400970654065085
seq,stage-cal,Z,ndcg_at_10,0.5400192389478402,0.5178415387641147,0.5617570628428057,0.5370383938745115,0.5382485556959586,0.5447707672730505
seq,stage-cal,F_first,average_precision,0.0471393951862277,0.02542431809464734,0.06953702589993213,0.06064832885587931,0.03990850222741549,0.0408613544753883
seq,stage-cal,F_first,trapezoidal_pr_auc,0.045842227726852376,0.023223179571712944,0.0692244898970284,0.059450236520804195,0.03869190585699189,0.03938454080276105
seq,stage-cal,F_first,roc_auc,0.031962290502793235,0.0151674813780259,0.04844326117318419,0.027611731843575238,0.026557262569832485,0.04171787709497199
seq,stage-cal,F_first,recall_at_fpr_1pct,0.03250000000000001,0.007500000000000016,0.057499999999999975,0.04749999999999999,0.01999999999999999,0.030000000000000054
seq,stage-cal,F_first,brier,0.002029949141855327,0.0013228897146999854,0.0027788176526381786,0.0026749183422418443,0.001487292879552772,0.0019276362037713643
seq,stage-cal,F_first,log_loss,0.01041257300575211,0.006988186233407043,0.013867346061106083,0.01170150553062993,0.008619646880213994,0.010916566606412409
seq,stage-cal,F_first,precision,-0.06472222222222217,-0.18361111111111109,0.057506944444444444,-0.054166666666666585,-0.14916666666666656,0.009166666666666656
seq,stage-cal,F_first,recall,0.004999999999999993,-0.011666666666666672,0.021666666666666657,-0.025,-0.005000000000000018,0.045
seq,stage-cal,F_first,f1,0.005872743198830137,-0.02227074760987805,0.03375816080055208,-0.04136316581968756,-0.011464397920919661,0.07044579333709763
seq,stage-cal,F_first,specificity,-0.0003724394785847481,-0.0009776536312850654,0.0002327746741154213,0.0013966480446928609,-0.0009776536312848805,-0.0015363128491622247
seq,stage-cal,F_first,balanced_accuracy,0.002313780260707684,-0.006089385474860376,0.01060114059590322,-0.01180167597765358,-0.002988826815642387,0.02173184357541902
seq,stage-cal,F_first,mcc,-0.004853160763643051,-0.044333102881309164,0.035760604569522736,-0.04175435071234054,-0.03423971462478942,0.06143458304620081
seq,stage-cal,F_first,map,0.06339324911674982,0.041808659576983494,0.08542323437599214,0.09250861475334071,0.044537088497250577,0.05313404409965816
seq,stage-cal,F_first,mrr,0.06209770635917966,0.038970258744691115,0.08499697079774825,0.09139127027936156,0.0427946778753685,0.05210717092280892
seq,stage-cal,F_first,recall_at_1,0.05565476190476193,0.03154761904761912,0.07916666666666668,0.09107142857142853,0.036607142857142894,0.03928571428571437
seq,stage-cal,F_first,recall_at_3,0.08392857142857146,0.05534970238095232,0.11339285714285714,0.12946428571428575,0.0589285714285715,0.06339285714285714
seq,stage-cal,F_first,recall_at_5,0.07499999999999996,0.049702380952381026,0.10119047619047605,0.08124999999999993,0.05267857142857135,0.09107142857142858
seq,stage-cal,F_first,recall_at_10,0.03125,0.004761904761904744,0.057738095238095255,0.019642857142857184,0.025000000000000022,0.049107142857142794
seq,stage-cal,F_first,ndcg_at_1,0.06785714285714284,0.038095238095238106,0.09821428571428566,0.10357142857142854,0.050000000000000044,0.04999999999999993
seq,stage-cal,F_first,ndcg_at_3,0.07634157648032643,0.05024328463010792,0.10299189068228318,0.11779849788878544,0.05314714585933228,0.058079085692861576
seq,stage-cal,F_first,ndcg_at_5,0.0730295177003961,0.050664714790526824,0.09650923373841169,0.09701163110350919,0.052099024664772065,0.06997789733290705
seq,stage-cal,F_first,ndcg_at_10,0.05703636218257602,0.035695972483805155,0.07797029635634507,0.0759185772251525,0.04071432238436301,0.054476186938212545
seq,stage-cal,F,average_precision,0.04868546310561348,0.03291725246247038,0.06478222094154129,0.0590717492371519,0.037458257788620136,0.04952638229106843
seq,stage-cal,F,trapezoidal_pr_auc,0.048619868973852155,0.0323321126472871,0.0652926239788015,0.05914230433218491,0.03745100826072119,0.04926629432865037
seq,stage-cal,F,roc_auc,0.02602420856610795,0.014715898510242064,0.03707899790502791,0.02481145251396638,0.02386173184357543,0.02939944134078204
seq,stage-cal,F,recall_at_fpr_1pct,0.03250000000000001,0.01583333333333331,0.04999999999999999,0.03750000000000002,0.01999999999999999,0.04000000000000002
seq,stage-cal,F,brier,0.0019600140744790843,0.0014374362829050055,0.002493325014352507,0.0023370844808716373,0.0013749809752132552,0.0021679767673523608
seq,stage-cal,F,log_loss,0.009325032971395794,0.007009689223699622,0.011666865274551862,0.010130868763885054,0.00840757102552811,0.009436659124774219
seq,stage-cal,F,precision,-0.046666666666666655,-0.13305555555555557,0.041673611111110974,0.021250000000000047,-0.27541666666666664,0.11416666666666664
seq,stage-cal,F,recall,0.007916666666666667,-0.0020833333333333376,0.01834374999999986,-0.007499999999999989,-0.025000000000000012,0.05625
seq,stage-cal,F,f1,0.010825399238442697,-0.006191421561530254,0.028824282541130338,-0.011208968567664242,-0.045702742909264654,0.08938790919225699
seq,stage-cal,F,specificity,2.3277467411523627e-05,-0.0005353817504655064,0.0005586592178771407,0.0009776536312849915,0.0006284916201117485,-0.0015363128491621691
seq,stage-cal,F,balanced_accuracy,0.003969972067039196,-0.0011362313780260715,0.009376425744879003,-0.0032611731843574243,-0.012185754189944054,0.027356843575419065
seq,stage-cal,F,mcc,0.003657259312583256,-0.02274776478287841,0.03053354453388667,-0.0037885832702120315,-0.07856374371894154,0.09332410492690334
seq,stage-cal,F,map,0.05862391832565179,0.04524776195930435,0.0723875653381729,0.07080831250416564,0.04352663431417719,0.06153680815861254
seq,stage-cal,F,mrr,0.05715121529336886,0.042660562578174833,0.07171755395232288,0.07071150155342928,0.038022940502589725,0.06271920382408758
seq,stage-cal,F,recall_at_1,0.052083333333333336,0.036160714285714324,0.06756324404761903,0.06874999999999995,0.03526785714285714,0.05223214285714292
seq,stage-cal,F,recall_at_3,0.07752976190476193,0.05922619047619045,0.0961346726190476,0.09196428571428572,0.05937500000000007,0.08125000000000002
seq,stage-cal,F,recall_at_5,0.06711309523809518,0.04791666666666663,0.08601190476190473,0.06830357142857135,0.048214285714285654,0.08482142857142855
seq,stage-cal,F,recall_at_10,0.02113095238095238,0.0028236607142856536,0.0383928571428571,0.013839285714285776,0.021428571428571408,0.028124999999999956
seq,stage-cal,F,ndcg_at_1,0.06339285714285713,0.04374255952380949,0.08303571428571428,0.08214285714285716,0.042857142857142844,0.06517857142857139
seq,stage-cal,F,ndcg_at_3,0.07127226255724696,0.05481418600029349,0.08805257522490444,0.08658119670141473,0.052734395937213685,0.07450119503311245
seq,stage-cal,F,ndcg_at_5,0.0669955903183638,0.05267400582108621,0.08138959084794183,0.07651950416751382,0.04849106097620498,0.0759762058113726
seq,stage-cal,F,ndcg_at_10,0.05064968761316809,0.03754472693016804,0.06364258043137748,0.05775842881549881,0.03836384185214031,0.05582679217186515
seq,stage-cal,G,average_precision,0.07579624806630315,0.0577365762139191,0.09444198133206821,0.09764628582946695,0.06655761533003622,0.06318484303940627
seq,stage-cal,G,trapezoidal_pr_auc,0.07707447701476837,0.058705855916628503,0.09606969699225922,0.09986540478417742,0.06773534669387994,0.06362267956624773
seq,stage-cal,G,roc_auc,0.035826350093109825,0.023316457169459976,0.04870591829608939,0.05210544692737423,0.03237779329608925,0.022995810055865984
seq,stage-cal,G,recall_at_fpr_1pct,0.05708333333333334,0.03708333333333332,0.07874999999999997,0.07125000000000002,0.04125000000000001,0.05875
seq,stage-cal,G,brier,0.0028171511176077204,0.0022112030277547635,0.0034442643536472207,0.003505568644020799,0.002549352213261677,0.0023965324955406847
seq,stage-cal,G,log_loss,0.011445813435205723,0.008630314536760032,0.014301327525823276,0.015475283845751947,0.010067186011447155,0.008794970448418066
seq,stage-cal,G,precision,0.2051388888888889,0.11596874999999993,0.2895833333333333,0.3145833333333333,0.08791666666666664,0.2129166666666667
seq,stage-cal,G,recall,0.03208333333333334,0.021666666666666667,0.042916666666666665,0.04750000000000003,0.018749999999999992,0.03
seq,stage-cal,G,f1,0.05417676164415295,0.036804727729999466,0.07197162538548407,0.08190264445699226,0.0308341694537347,0.049793471021731886
seq,stage-cal,G,specificity,0.0003724394785847296,-0.00018621973929242955,0.0009543761638733383,-0.0005586592178770111,0.0009776536312848805,0.0006983240223463194
seq,stage-cal,G,balanced_accuracy,0.016227886405959163,0.01089237081005583,0.021690264199255117,0.023470670391061654,0.009863826815642462,0.015349162011173367
seq,stage-cal,G,mcc,0.07846586691378447,0.05353486886102209,0.1031216308954127,0.11773122821895626,0.04210065344749324,0.07556571907490392
seq,stage-cal,G,map,0.06610519736347677,0.05106281714990435,0.08172766877779203,0.07852005839127621,0.05464736411885365,0.06514816958030042
seq,stage-cal,G,mrr,0.06954664117477923,0.05255755861088713,0.0864316908964892,0.08813113907948342,0.054804368415264065,0.0657044160295902
seq,stage-cal,G,recall_at_1,0.058630952380952374,0.04166666666666668,0.07648809523809523,0.07499999999999998,0.0433035714285714,0.05758928571428576
seq,stage-cal,G,recall_at_3,0.0846726190476191,0.06338913690476188,0.10625000000000001,0.09866071428571427,0.07008928571428577,0.08526785714285723
seq,stage-cal,G,recall_at_5,0.06696428571428564,0.044791666666666674,0.08898809523809521,0.08392857142857141,0.05669642857142848,0.06026785714285704
seq,stage-cal,G,recall_at_10,0.03973214285714279,0.02232142857142862,0.05744047619047615,0.046428571428571375,0.047767857142857084,0.02499999999999991
seq,stage-cal,G,ndcg_at_1,0.07708333333333332,0.05476190476190476,0.10029761904761902,0.09821428571428575,0.05892857142857133,0.07410714285714287
seq,stage-cal,G,ndcg_at_3,0.07988413474725346,0.06096621377993162,0.09910454883799774,0.09453078415762733,0.06475385248896057,0.08036776759517247
seq,stage-cal,G,ndcg_at_5,0.07255031640415492,0.05562778292681019,0.08975148949597349,0.08916431262141969,0.058881417180400686,0.06960521941064438
seq,stage-cal,G,ndcg_at_10,0.06259856319058489,0.047828899161630904,0.07754264263422524,0.07520158393199078,0.055581423231960636,0.057012682407803245
seq,stage-cal,final_all,average_precision,0.287723386667942,0.2680795169071111,0.3078064453231468,0.2833549620739067,0.2845285370759785,0.2952866608539407
seq,stage-cal,final_all,trapezoidal_pr_auc,0.2746732346089591,0.25428885027971204,0.2953094185689782,0.27070339948082095,0.2706957296216439,0.2826205747244123
seq,stage-cal,final_all,roc_auc,0.7461235257603973,0.7319963337988826,0.7600738477653631,0.7407984171322161,0.7467178770949721,0.7508542830540038
seq,stage-cal,final_all,recall_at_fpr_1pct,0.1677777777777778,0.15055555555555555,0.18583333333333332,0.17,0.15916666666666668,0.17416666666666666
seq,stage-cal,final_all,brier,0.04507807970835643,0.04442133036286724,0.04571198807106266,0.045318635316321354,0.045102611780417634,0.04481299202833031
seq,stage-cal,final_all,log_loss,0.18131344539075933,0.1781159304562591,0.18450754996993288,0.1824959364172775,0.18146628342948298,0.1799781163255175
seq,stage-cal,final_all,precision,0.6233333333333334,0.5446203703703704,0.7015763888888891,0.6330555555555556,0.6119444444444444,0.625
seq,stage-cal,final_all,recall,0.06444444444444446,0.05472222222222223,0.07472222222222223,0.07166666666666667,0.06833333333333334,0.053333333333333344
seq,stage-cal,final_all,f1,0.11414979706284055,0.09763361696676914,0.13139552227160917,0.12569587176108918,0.12004889554889557,0.09670462387853691
seq,stage-cal,final_all,specificity,0.9985878336436994,0.9982153941651146,0.9989292364990688,0.9983240223463685,0.9982774674115454,0.9991620111731843
seq,stage-cal,final_all,balanced_accuracy,0.531516139044072,0.5266623991309745,0.5366561724084419,0.5349953445065178,0.5333054003724395,0.5262476722532589
seq,stage-cal,final_all,mcc,0.1850280560405461,0.1598579485694505,0.2106138563357579,0.1960529733390608,0.1883841394378555,0.17064705534472202
seq,stage-cal,final_all,map,0.43500005558300064,0.41884551447068724,0.45020545009012963,0.42710162408672003,0.4354749042645136,0.4424236383977682
seq,stage-cal,final_all,mrr,0.483233247578203,0.46656371755809506,0.4988843589456866,0.47721189326943714,0.48254887191836787,0.489938977546804
seq,stage-cal,final_all,recall_at_1,0.24672619047619046,0.23114831349206347,0.26240079365079366,0.2431547619047619,0.24494047619047618,0.2520833333333333
seq,stage-cal,final_all,recall_at_3,0.4479166666666667,0.4287648809523809,0.46686755952380943,0.437202380952381,0.4523809523809524,0.45416666666666666
seq,stage-cal,final_all,recall_at_5,0.5620039682539683,0.5417658730158731,0.5817460317460318,0.5520833333333334,0.569047619047619,0.5648809523809524
seq,stage-cal,final_all,recall_at_10,0.7284722222222223,0.7087276785714286,0.7483134920634921,0.718154761904762,0.7247023809523808,0.7425595238095237
seq,stage-cal,final_all,ndcg_at_1,0.33829365079365076,0.3192460317460317,0.35635416666666664,0.3339285714285714,0.3351190476190476,0.3458333333333334
seq,stage-cal,final_all,ndcg_at_3,0.3957603660557571,0.37741930396001394,0.4131639096787884,0.38712149132319573,0.3977133002007198,0.40244630664335573
seq,stage-cal,final_all,ndcg_at_5,0.44690727063025015,0.42882314422718437,0.46370828949119025,0.4385586655750462,0.44996136987005103,0.4522017764456532
seq,stage-cal,final_all,ndcg_at_10,0.5057701727408582,0.48893791602133374,0.5220656298539632,0.49714929160210647,0.5050693716139515,0.5150918550065168
seq,first-cal,O,average_precision,0.270029241930072,0.25116145277773194,0.28884624580785456,0.2549036625414478,0.26858869018545384,0.28659537306331434
seq,first-cal,O,trapezoidal_pr_auc,0.2568520045400753,0.23731799944266616,0.2762647370839739,0.2416408202905816,0.25500140777554314,0.2739137855541012
seq,first-cal,O,roc_auc,0.7387930633147114,0.723930895018622,0.7541540677374302,0.7321648044692738,0.7408275139664805,0.74338687150838
seq,first-cal,O,recall_at_fpr_1pct,0.1525,0.13625,0.16958333333333334,0.13874999999999998,0.14500000000000002,0.17375000000000002
seq,first-cal,O,brier,0.057935868004057416,0.05632930373707281,0.05955541347196509,0.04739073473799076,0.057237803859070915,0.06917906541511057
seq,first-cal,O,log_loss,0.22079948471833288,0.21575865505237357,0.22577916649226742,0.19061495951733748,0.22104408084562227,0.2507394137920389
seq,first-cal,O,precision,0.367506826426508,0.3344439355174501,0.40031798317539746,0.4694246031746032,0.36059263073098213,0.2725032453739387
seq,first-cal,O,recall,0.21666666666666667,0.1979166666666667,0.23375,0.1175,0.21000000000000002,0.3225
seq,first-cal,O,f1,0.24383540168877307,0.22441088624812125,0.26234582177222016,0.18325441734053055,0.25776489218118975,0.29048689554459894
seq,first-cal,O,specificity,0.9733938547486033,0.9708798882681564,0.9757681564245811,0.9923184357541899,0.9777932960893854,0.9500698324022347
seq,first-cal,O,balanced_accuracy,0.595030260707635,0.586139199255121,0.6036027991154562,0.5549092178770949,0.5938966480446928,0.6362849162011173
seq,first-cal,O,mcc,0.23401181046816666,0.21280153915934685,0.25459052220629014,0.21054122317853413,0.24058850058582876,0.2509057076401371
seq,first-cal,O,map,0.4165969439595041,0.4008984787679673,0.43151578734427853,0.404301119237254,0.41627825838597876,0.4292114542552795
seq,first-cal,O,mrr,0.46431281792283907,0.4476551966261045,0.48003224813064543,0.4542998179494505,0.4656745580241439,0.47296407779492283
seq,first-cal,O,recall_at_1,0.2294642857142857,0.21398809523809526,0.24464285714285713,0.21830357142857146,0.22678571428571428,0.24330357142857142
seq,first-cal,O,recall_at_3,0.422172619047619,0.4026748511904762,0.44092261904761904,0.40982142857142856,0.42544642857142856,0.43125
seq,first-cal,O,recall_at_5,0.5438988095238095,0.5224702380952381,0.5648809523809524,0.5419642857142857,0.5535714285714286,0.5361607142857143
seq,first-cal,O,recall_at_10,0.7183035714285714,0.6973177083333334,0.7395870535714285,0.7080357142857142,0.7160714285714285,0.7308035714285714
seq,first-cal,O,ndcg_at_1,0.3169642857142857,0.29851190476190476,0.3351190476190476,0.3026785714285714,0.3142857142857143,0.33392857142857146
seq,first-cal,O,ndcg_at_3,0.37258194149931523,0.3549738935653455,0.3892573013412887,0.35974807817016535,0.3736513810424338,0.3843463652853465
seq,first-cal,O,ndcg_at_5,0.4269501291547269,0.40922891789987204,0.4438897705585318,0.41868007636366367,0.43087249970236274,0.4312978113981544
seq,first-cal,O,ndcg_at_10,0.4886456396373673,0.47192536211892483,0.5050765884033702,0.477204740465904,0.488479779572948,0.5002523988732499
seq,first-cal,N,average_precision,0.31511600873015055,0.29288785160095315,0.3381937626323277,0.3293951107884795,0.29676011878124287,0.3191927966207293
seq,first-cal,N,trapezoidal_pr_auc,0.30216107332361025,0.279468136718332,0.325626656538564,0.31730511906297576,0.2829905912889916,0.3061875096188634
seq,first-cal,N,roc_auc,0.7586871508379889,0.7433282122905027,0.7736877618715086,0.7623847765363129,0.7484706703910615,0.7652060055865922
seq,first-cal,N,recall_at_fpr_1pct,0.18666666666666668,0.16541666666666668,0.20876041666666653,0.20500000000000002,0.16875,0.18625
seq,first-cal,N,brier,0.049740266809725854,0.04860183491029747,0.050888683602919954,0.04392040223751008,0.048125372851154744,0.05717502534051273
seq,first-cal,N,log_loss,0.19457656167666593,0.1906054930436768,0.19860556611473507,0.17678112166979518,0.1911802506578001,0.21576831270240254
seq,first-cal,N,precision,0.5158183243243841,0.46415528944206885,0.5631419774376929,0.6695238095238095,0.4970853778574366,0.3808457855919064
seq,first-cal,N,recall,0.2054166666666667,0.18790625,0.22375,0.14,0.155,0.32125000000000004
seq,first-cal,N,f1,0.25378688781918496,0.232558249479684,0.274997345767918,0.2266221282743022,0.20353678978847622,0.3312017453947765
seq,first-cal,N,specificity,0.9834264432029795,0.9816806331471136,0.9850558659217876,0.9962290502793296,0.9885474860335195,0.9655027932960895
seq,first-cal,N,balanced_accuracy,0.5944215549348231,0.5854526303538176,0.6036571520018621,0.5681145251396648,0.5717737430167599,0.6433763966480446
seq,first-cal,N,mcc,0.27346088105346567,0.24853017810402284,0.2982236157737472,0.2859769141562417,0.22818664085893386,0.3062190881452215
seq,first-cal,N,map,0.46693788871969666,0.4489236680543416,0.4846098123307454,0.4728842657500455,0.4500850165364434,0.4778443838726012
seq,first-cal,N,mrr,0.5140358749274533,0.4953269637029966,0.5322029295539623,0.5250829196323148,0.48830834545735696,0.5287163596926883
seq,first-cal,N,recall_at_1,0.275297619047619,0.2572879464285714,0.29315476190476186,0.28928571428571426,0.25491071428571427,0.2816964285714286
seq,first-cal,N,recall_at_3,0.4916666666666667,0.47008928571428577,0.5138392857142856,0.4933035714285714,0.47455357142857146,0.5071428571428571
seq,first-cal,N,recall_at_5,0.5980654761904761,0.5748511904761905,0.6214285714285713,0.5950892857142857,0.5776785714285713,0.6214285714285714
seq,first-cal,N,recall_at_10,0.7380952380952381,0.7171093749999998,0.7587834821428572,0.7321428571428572,0.7249999999999999,0.7571428571428571
seq,first-cal,N,ndcg_at_1,0.3726190476190476,0.3505877976190475,0.3943452380952381,0.3901785714285715,0.34642857142857136,0.38125000000000003
seq,first-cal,N,ndcg_at_3,0.4354135739815172,0.4150187801549117,0.4555687067398209,0.4418336947401851,0.41613328911097713,0.44827373809338944
seq,first-cal,N,ndcg_at_5,0.483300507829253,0.46383901089788426,0.5025359161194287,0.4877855386198082,0.46224865261726356,0.49986733225068725
seq,first-cal,N,ndcg_at_10,0.5328319354872578,0.5145680714322862,0.5511342806513728,0.5364066176017948,0.5141771114018346,0.5479120774581441
seq,first-cal,Z,average_precision,0.32311167614368197,0.2974997047908306,0.3510392441467193,0.3402575611388246,0.31640823085702796,0.3126692364351934
seq,first-cal,Z,trapezoidal_pr_auc,0.31031569474672654,0.28385348214480993,0.33910851393256375,0.32882855786129966,0.3020843733138454,0.30003415306503456
seq,first-cal,Z,roc_auc,0.760784450651769,0.7442154329608938,0.7771254073556798,0.7580656424581006,0.7584986033519553,0.7657891061452515
seq,first-cal,Z,recall_at_fpr_1pct,0.19833333333333333,0.17166666666666672,0.22666666666666663,0.2325,0.1875,0.175
seq,first-cal,Z,brier,0.05278526484937973,0.051242078129570955,0.05428300836470298,0.04328911468416586,0.05084331002922656,0.06422336983474676
seq,first-cal,Z,log_loss,0.20368595658861977,0.1985827180054905,0.20869274888310924,0.17573969532156425,0.199911378454061,0.235406795990234
seq,first-cal,Z,precision,0.46797624587071845,0.41284536632801444,0.5181262804399849,0.704047619047619,0.39417075571487337,0.30571036284966324
seq,first-cal,Z,recall,0.26333333333333336,0.23750000000000004,0.2891666666666667,0.1625,0.2525,0.375
seq,first-cal,Z,f1,0.2985851244545122,0.2706484723032274,0.3253690097014802,0.2602203818725558,0.3034409802921793,0.33209401119880155
seq,first-cal,Z,specificity,0.9753724394785847,0.9725325884543762,0.9779329608938547,0.9965083798882681,0.9787709497206704,0.9508379888268157
seq,first-cal,Z,balanced_accuracy,0.6193528864059591,0.6067870693668529,0.6322217178770949,0.579504189944134,0.6156354748603353,0.6629189944134077
seq,first-cal,Z,mcc,0.2999316560591948,0.26843795077394494,0.32968315428592754,0.32085560231813043,0.2839445533604795,0.2949948124989744
seq,first-cal,Z,map,0.4718062788299937,0.44980146814305033,0.4938709109024051,0.4727026337856522,0.4738681960215832,0.4688480066827457
seq,first-cal,Z,mrr,0.521074106888931,0.4982749311209973,0.5442965792103882,0.5230360439094105,0.5162974997068157,0.5238887770505664
seq,first-cal,Z,recall_at_1,0.28125,0.2580357142857143,0.3044642857142857,0.2928571428571428,0.28125,0.26964285714285713
seq,first-cal,Z,recall_at_3,0.4994047619047619,0.4735119047619048,0.5255952380952381,0.49196428571428574,0.50625,0.5
seq,first-cal,Z,recall_at_5,0.5982142857142856,0.5714211309523808,0.6244047619047618,0.5723214285714285,0.5999999999999999,0.6223214285714286
seq,first-cal,Z,recall_at_10,0.7488095238095238,0.724702380952381,0.7720238095238096,0.7383928571428573,0.7419642857142856,0.7660714285714285
seq,first-cal,Z,ndcg_at_1,0.38095238095238093,0.3523809523809523,0.41011904761904755,0.39642857142857146,0.3767857142857142,0.36964285714285716
seq,first-cal,Z,ndcg_at_3,0.44211721516864083,0.41757607815614756,0.4668896679529011,0.4418683176292565,0.4458371385172918,0.43864618935937427
seq,first-cal,Z,ndcg_at_5,0.48682155358129653,0.46307327691941536,0.5105796541595417,0.47831584399781113,0.4881391102054276,0.49400970654065085
seq,first-cal,Z,ndcg_at_10,0.5400192389478402,0.5178415387641147,0.5617570628428057,0.5370383938745115,0.5382485556959586,0.5447707672730505
seq,first-cal,F_first,average_precision,0.0471393951862277,0.02542431809464734,0.06953702589993213,0.06064832885587931,0.03990850222741549,0.0408613544753883
seq,first-cal,F_first,trapezoidal_pr_auc,0.045842227726852376,0.023223179571712944,0.0692244898970284,0.059450236520804195,0.03869190585699189,0.03938454080276105
seq,first-cal,F_first,roc_auc,0.031962290502793235,0.0151674813780259,0.04844326117318419,0.027611731843575238,0.026557262569832485,0.04171787709497199
seq,first-cal,F_first,recall_at_fpr_1pct,0.03250000000000001,0.007500000000000016,0.057499999999999975,0.04749999999999999,0.01999999999999999,0.030000000000000054
seq,first-cal,F_first,brier,0.013290348838746711,0.011606281966622896,0.015111308280806592,0.003878671165020789,0.010904070498138706,0.02508830485308064
seq,first-cal,F_first,log_loss,0.04506088168168045,0.03958748719148302,0.05074315836366428,0.016304277477971613,0.04022997109995119,0.07864839646711855
seq,first-cal,F_first,precision,0.19425195423117872,0.08785262469863173,0.29224465808311606,0.0465079365079365,0.19341305280546772,0.34283487338013197
seq,first-cal,F_first,recall,-0.15166666666666664,-0.17666666666666667,-0.12666666666666668,-0.07,-0.15250000000000002,-0.23249999999999996
seq,first-cal,F_first,f1,-0.12910166219343874,-0.16149540153182468,-0.09889801168188271,-0.10045240066585642,-0.15094662857697516,-0.13590595733748462
seq,first-cal,F_first,specificity,0.022858472998137553,0.020437616387336877,0.025418994413407673,0.0074022346368715075,0.018156424581005415,0.04301675977653574
seq,first-cal,F_first,balanced_accuracy,-0.06440409683426444,-0.07695361964618251,-0.052044867318435675,-0.03129888268156422,-0.06717178770949717,-0.09474162011173193
seq,first-cal,F_first,mcc,-0.05727397965856762,-0.09711728220872858,-0.019257531099495774,-0.06745062392654222,-0.07250013139426306,-0.03187118365489758
seq,first-cal,F_first,map,0.06339324911674982,0.041808659576983494,0.08542323437599214,0.09250861475334071,0.044537088497250577,0.05313404409965816
seq,first-cal,F_first,mrr,0.06209770635917966,0.038970258744691115,0.08499697079774825,0.09139127027936156,0.0427946778753685,0.05210717092280892
seq,first-cal,F_first,recall_at_1,0.05565476190476193,0.03154761904761912,0.07916666666666668,0.09107142857142853,0.036607142857142894,0.03928571428571437
seq,first-cal,F_first,recall_at_3,0.08392857142857146,0.05534970238095232,0.11339285714285714,0.12946428571428575,0.0589285714285715,0.06339285714285714
seq,first-cal,F_first,recall_at_5,0.07499999999999996,0.049702380952381026,0.10119047619047605,0.08124999999999993,0.05267857142857135,0.09107142857142858
seq,first-cal,F_first,recall_at_10,0.03125,0.004761904761904744,0.057738095238095255,0.019642857142857184,0.025000000000000022,0.049107142857142794
seq,first-cal,F_first,ndcg_at_1,0.06785714285714284,0.038095238095238106,0.09821428571428566,0.10357142857142854,0.050000000000000044,0.04999999999999993
seq,first-cal,F_first,ndcg_at_3,0.07634157648032643,0.05024328463010792,0.10299189068228318,0.11779849788878544,0.05314714585933228,0.058079085692861576
seq,first-cal,F_first,ndcg_at_5,0.0730295177003961,0.050664714790526824,0.09650923373841169,0.09701163110350919,0.052099024664772065,0.06997789733290705
seq,first-cal,F_first,ndcg_at_10,0.05703636218257602,0.035695972483805155,0.07797029635634507,0.0759185772251525,0.04071432238436301,0.054476186938212545
seq,first-cal,F,average_precision,0.04868546310561348,0.03291725246247038,0.06478222094154129,0.0590717492371519,0.037458257788620136,0.04952638229106843
seq,first-cal,F,trapezoidal_pr_auc,0.048619868973852155,0.0323321126472871,0.0652926239788015,0.05914230433218491,0.03745100826072119,0.04926629432865037
seq,first-cal,F,roc_auc,0.02602420856610795,0.014715898510242064,0.03707899790502791,0.02481145251396638,0.02386173184357543,0.02939944134078204
seq,first-cal,F,recall_at_fpr_1pct,0.03250000000000001,0.01583333333333331,0.04999999999999999,0.03750000000000002,0.01999999999999999,0.04000000000000002
seq,first-cal,F,brier,0.012927741650276861,0.011543439451180394,0.014332421181669988,0.0031096477766982614,0.012910979172726895,0.02276259800140543
seq,first-cal,F,log_loss,0.04190178445060059,0.03785883873172954,0.045972064080884716,0.013028497748009224,0.04487940060410797,0.06779745499968456
seq,first-cal,F,precision,0.20071226385140575,0.1370905248316841,0.2630867097343556,0.09807539682539682,0.23149070260235116,0.2725706921264694
seq,first-cal,F,recall,-0.10791666666666666,-0.12458333333333334,-0.09124999999999998,-0.04124999999999999,-0.14375000000000002,-0.13874999999999998
seq,first-cal,F,f1,-0.07846297834918126,-0.09731476603689514,-0.059997680319161716,-0.0544631651144957,-0.14076475101800515,-0.04016101891504292
seq,first-cal,F,specificity,0.02155493482309116,0.019483240223463556,0.0237435986964616,0.005516759776536373,0.02018156424580997,0.03896648044692713
seq,first-cal,F,balanced_accuracy,-0.043180865921787694,-0.05132396415270017,-0.03493211708566111,-0.017866620111731735,-0.06178421787709493,-0.049891759776536426
seq,first-cal,F,mcc,-0.018019075379941105,-0.04034150843036084,0.004135186359621754,-0.022401962922099214,-0.057823842808210235,0.02616857959048613
seq,first-cal,F,map,0.05862391832565179,0.04524776195930435,0.0723875653381729,0.07080831250416564,0.04352663431417719,0.06153680815861254
seq,first-cal,F,mrr,0.05715121529336886,0.042660562578174833,0.07171755395232288,0.07071150155342928,0.038022940502589725,0.06271920382408758
seq,first-cal,F,recall_at_1,0.052083333333333336,0.036160714285714324,0.06756324404761903,0.06874999999999995,0.03526785714285714,0.05223214285714292
seq,first-cal,F,recall_at_3,0.07752976190476193,0.05922619047619045,0.0961346726190476,0.09196428571428572,0.05937500000000007,0.08125000000000002
seq,first-cal,F,recall_at_5,0.06711309523809518,0.04791666666666663,0.08601190476190473,0.06830357142857135,0.048214285714285654,0.08482142857142855
seq,first-cal,F,recall_at_10,0.02113095238095238,0.0028236607142856536,0.0383928571428571,0.013839285714285776,0.021428571428571408,0.028124999999999956
seq,first-cal,F,ndcg_at_1,0.06339285714285713,0.04374255952380949,0.08303571428571428,0.08214285714285716,0.042857142857142844,0.06517857142857139
seq,first-cal,F,ndcg_at_3,0.07127226255724696,0.05481418600029349,0.08805257522490444,0.08658119670141473,0.052734395937213685,0.07450119503311245
seq,first-cal,F,ndcg_at_5,0.0669955903183638,0.05267400582108621,0.08138959084794183,0.07651950416751382,0.04849106097620498,0.0759762058113726
seq,first-cal,F,ndcg_at_10,0.05064968761316809,0.03754472693016804,0.06364258043137748,0.05775842881549881,0.03836384185214031,0.05582679217186515
seq,first-cal,G,average_precision,0.07579624806630315,0.0577365762139191,0.09444198133206821,0.09764628582946695,0.06655761533003622,0.06318484303940627
seq,first-cal,G,trapezoidal_pr_auc,0.07707447701476837,0.058705855916628503,0.09606969699225922,0.09986540478417742,0.06773534669387994,0.06362267956624773
seq,first-cal,G,roc_auc,0.035826350093109825,0.023316457169459976,0.04870591829608939,0.05210544692737423,0.03237779329608925,0.022995810055865984
seq,first-cal,G,recall_at_fpr_1pct,0.05708333333333334,0.03708333333333332,0.07874999999999997,0.07125000000000002,0.04125000000000001,0.05875
seq,first-cal,G,brier,-0.00038753893013288715,-0.0015093931981220929,0.0007235703644610988,0.0043649963698694505,-0.0007750013330332581,-0.004752611827234854
seq,first-cal,G,log_loss,0.0014246974933694913,-0.00222733878707575,0.005015525153401087,0.01768949623824896,-0.00117041664398905,-0.012244987114151437
seq,first-cal,G,precision,0.12716941332253198,0.059650063020187764,0.19351981063873486,0.2945238095238095,0.11000204452410325,-0.023017614080316773
seq,first-cal,G,recall,0.12708333333333333,0.11125,0.14333333333333334,0.085,0.11624999999999999,0.18000000000000002
seq,first-cal,G,f1,0.1422768758254699,0.12466440084309399,0.16087162183144094,0.13610494417016156,0.1346043490408181,0.15612133426543007
seq,first-cal,G,specificity,-0.009473929236498979,-0.011103351955307244,-0.007821229050279413,-0.0006284916201116375,-0.008659217877095005,-0.019134078212290295
seq,first-cal,G,balanced_accuracy,0.058804702048417166,0.05083097648975788,0.06712907355679695,0.04218575418994419,0.053795391061452646,0.08043296089385465
seq,first-cal,G,mcc,0.13356554696757914,0.1116734306247562,0.1564826822853735,0.16201580544334637,0.12016508680697485,0.11851574865241618
seq,first-cal,G,map,0.06610519736347677,0.05106281714990435,0.08172766877779203,0.07852005839127621,0.05464736411885365,0.06514816958030042
seq,first-cal,G,mrr,0.06954664117477923,0.05255755861088713,0.0864316908964892,0.08813113907948342,0.054804368415264065,0.0657044160295902
seq,first-cal,G,recall_at_1,0.058630952380952374,0.04166666666666668,0.07648809523809523,0.07499999999999998,0.0433035714285714,0.05758928571428576
seq,first-cal,G,recall_at_3,0.0846726190476191,0.06338913690476188,0.10625000000000001,0.09866071428571427,0.07008928571428577,0.08526785714285723
seq,first-cal,G,recall_at_5,0.06696428571428564,0.044791666666666674,0.08898809523809521,0.08392857142857141,0.05669642857142848,0.06026785714285704
seq,first-cal,G,recall_at_10,0.03973214285714279,0.02232142857142862,0.05744047619047615,0.046428571428571375,0.047767857142857084,0.02499999999999991
seq,first-cal,G,ndcg_at_1,0.07708333333333332,0.05476190476190476,0.10029761904761902,0.09821428571428575,0.05892857142857133,0.07410714285714287
seq,first-cal,G,ndcg_at_3,0.07988413474725346,0.06096621377993162,0.09910454883799774,0.09453078415762733,0.06475385248896057,0.08036776759517247
seq,first-cal,G,ndcg_at_5,0.07255031640415492,0.05562778292681019,0.08975148949597349,0.08916431262141969,0.058881417180400686,0.06960521941064438
seq,first-cal,G,ndcg_at_10,0.06259856319058489,0.047828899161630904,0.07754264263422524,0.07520158393199078,0.055581423231960636,0.057012682407803245
seq,first-cal,final_all,average_precision,0.287723386667942,0.2680795169071111,0.3078064453231468,0.2833549620739067,0.2845285370759785,0.2952866608539407
seq,first-cal,final_all,trapezoidal_pr_auc,0.2746732346089591,0.25428885027971204,0.2953094185689782,0.27070339948082095,0.2706957296216439,0.2826205747244123
seq,first-cal,final_all,roc_auc,0.7461235257603973,0.7319963337988826,0.7600738477653631,0.7407984171322161,0.7467178770949721,0.7508542830540038
seq,first-cal,final_all,recall_at_fpr_1pct,0.1677777777777778,0.15055555555555555,0.18583333333333332,0.17,0.15916666666666668,0.17416666666666666
seq,first-cal,final_all,brier,0.05621900028583152,0.054843486323230786,0.05757244185720247,0.046023528053382466,0.055106305915789466,0.06752716688832262
seq,first-cal,final_all,log_loss,0.21509497534176183,0.2105400882470032,0.21960836787247973,0.1856565381187464,0.21399984671510186,0.24562854119143726
seq,first-cal,final_all,precision,0.40099663290791154,0.3691209250878461,0.4330535130486829,0.5476322751322752,0.37178533905894584,0.28357228453251354
seq,first-cal,final_all,recall,0.23222222222222225,0.21583333333333332,0.24861111111111112,0.13249999999999998,0.2241666666666667,0.34
seq,first-cal,final_all,f1,0.2620853092773528,0.2437768886632165,0.2800249878225234,0.20890973885120565,0.2729902548848529,0.3043559340959998
seq,first-cal,final_all,specificity,0.9740533829919306,0.9720511328367474,0.9759931719428927,0.9937150837988827,0.9781191806331471,0.9503258845437618
seq,first-cal,final_all,balanced_accuracy,0.6031378026070763,0.5949442698634388,0.6112495732464309,0.5631075418994412,0.601142923649907,0.6451629422718808
seq,first-cal,final_all,mcc,0.2559850923318427,0.23562750850940622,0.2760748594440211,0.24731268289173292,0.255040518177379,0.2656020759264162
seq,first-cal,final_all,map,0.43500005558300064,0.41884551447068724,0.45020545009012963,0.42710162408672003,0.4354749042645136,0.4424236383977682
seq,first-cal,final_all,mrr,0.483233247578203,0.46656371755809506,0.4988843589456866,0.47721189326943714,0.48254887191836787,0.489938977546804
seq,first-cal,final_all,recall_at_1,0.24672619047619046,0.23114831349206347,0.26240079365079366,0.2431547619047619,0.24494047619047618,0.2520833333333333
seq,first-cal,final_all,recall_at_3,0.4479166666666667,0.4287648809523809,0.46686755952380943,0.437202380952381,0.4523809523809524,0.45416666666666666
seq,first-cal,final_all,recall_at_5,0.5620039682539683,0.5417658730158731,0.5817460317460318,0.5520833333333334,0.569047619047619,0.5648809523809524
seq,first-cal,final_all,recall_at_10,0.7284722222222223,0.7087276785714286,0.7483134920634921,0.718154761904762,0.7247023809523808,0.7425595238095237
seq,first-cal,final_all,ndcg_at_1,0.33829365079365076,0.3192460317460317,0.35635416666666664,0.3339285714285714,0.3351190476190476,0.3458333333333334
seq,first-cal,final_all,ndcg_at_3,0.3957603660557571,0.37741930396001394,0.4131639096787884,0.38712149132319573,0.3977133002007198,0.40244630664335573
seq,first-cal,final_all,ndcg_at_5,0.44690727063025015,0.42882314422718437,0.46370828949119025,0.4385586655750462,0.44996136987005103,0.4522017764456532
seq,first-cal,final_all,ndcg_at_10,0.5057701727408582,0.48893791602133374,0.5220656298539632,0.49714929160210647,0.5050693716139515,0.5150918550065168
seq,primary,O,average_precision,0.270029241930072,0.25116145277773194,0.28884624580785456,0.2549036625414478,0.26858869018545384,0.28659537306331434
seq,primary,O,trapezoidal_pr_auc,0.2568520045400753,0.23731799944266616,0.2762647370839739,0.2416408202905816,0.25500140777554314,0.2739137855541012
seq,primary,O,roc_auc,0.7387930633147114,0.723930895018622,0.7541540677374302,0.7321648044692738,0.7408275139664805,0.74338687150838
seq,primary,O,recall_at_fpr_1pct,0.1525,0.13625,0.16958333333333334,0.13874999999999998,0.14500000000000002,0.17375000000000002
seq,primary,O,brier,0.045745722491410956,0.045103309344901664,0.0463805383603892,0.046292943114597564,0.04580896261281381,0.04513526174682149
seq,primary,O,log_loss,0.18418684095933313,0.18093538656944744,0.1874079801721818,0.18649576965165326,0.18422796072010506,0.18183679250624107
seq,primary,O,precision,0.5904166666666667,0.4969409722222222,0.6813888888888888,0.5995833333333334,0.6174999999999999,0.5541666666666667
seq,primary,O,recall,0.05958333333333334,0.04958333333333334,0.07,0.0675,0.06500000000000002,0.04625
seq,primary,O,f1,0.10603856409291192,0.08884318142606187,0.12370761080706731,0.11808455674760024,0.11564848919196745,0.08438264633916807
seq,primary,O,specificity,0.998510242085661,0.9980214152700185,0.9989525139664804,0.99804469273743,0.9981843575418994,0.9993016759776535
seq,primary,O,balanced_accuracy,0.5290467877094972,0.5239885649441341,0.5342539571694599,0.5327723463687151,0.5315921787709497,0.5227758379888268
seq,primary,O,mcc,0.17324239064732797,0.14508371243330992,0.201002531502188,0.1832020299668345,0.18600900245099003,0.1505161395241594
seq,primary,O,map,0.4165969439595041,0.4008984787679673,0.43151578734427853,0.404301119237254,0.41627825838597876,0.4292114542552795
seq,primary,O,mrr,0.46431281792283907,0.4476551966261045,0.48003224813064543,0.4542998179494505,0.4656745580241439,0.47296407779492283
seq,primary,O,recall_at_1,0.2294642857142857,0.21398809523809526,0.24464285714285713,0.21830357142857146,0.22678571428571428,0.24330357142857142
seq,primary,O,recall_at_3,0.422172619047619,0.4026748511904762,0.44092261904761904,0.40982142857142856,0.42544642857142856,0.43125
seq,primary,O,recall_at_5,0.5438988095238095,0.5224702380952381,0.5648809523809524,0.5419642857142857,0.5535714285714286,0.5361607142857143
seq,primary,O,recall_at_10,0.7183035714285714,0.6973177083333334,0.7395870535714285,0.7080357142857142,0.7160714285714285,0.7308035714285714
seq,primary,O,ndcg_at_1,0.3169642857142857,0.29851190476190476,0.3351190476190476,0.3026785714285714,0.3142857142857143,0.33392857142857146
seq,primary,O,ndcg_at_3,0.37258194149931523,0.3549738935653455,0.3892573013412887,0.35974807817016535,0.3736513810424338,0.3843463652853465
seq,primary,O,ndcg_at_5,0.4269501291547269,0.40922891789987204,0.4438897705585318,0.41868007636366367,0.43087249970236274,0.4312978113981544
seq,primary,O,ndcg_at_10,0.4886456396373673,0.47192536211892483,0.5050765884033702,0.477204740465904,0.488479779572948,0.5002523988732499
seq,primary,N,average_precision,0.31511600873015055,0.29288785160095315,0.3381937626323277,0.3293951107884795,0.29676011878124287,0.3191927966207293
seq,primary,N,trapezoidal_pr_auc,0.30216107332361025,0.279468136718332,0.325626656538564,0.31730511906297576,0.2829905912889916,0.3061875096188634
seq,primary,N,roc_auc,0.7586871508379889,0.7433282122905027,0.7736877618715086,0.7623847765363129,0.7484706703910615,0.7652060055865922
seq,primary,N,recall_at_fpr_1pct,0.18666666666666668,0.16541666666666668,0.20876041666666653,0.20500000000000002,0.16875,0.18625
seq,primary,N,brier,0.043996613519311,0.04332048277842728,0.044658788036233216,0.04363562642774504,0.04465582984561063,0.04369838428457734
seq,primary,N,log_loss,0.17648101822936693,0.1731615028168353,0.17982138387155755,0.17493784810171598,0.17885173530795162,0.17565347127843323
seq,primary,N,precision,0.6019444444444445,0.5272222222222221,0.6754201388888889,0.7208333333333333,0.35041666666666665,0.7345833333333334
seq,primary,N,recall,0.06958333333333334,0.05833333333333335,0.08208333333333331,0.08250000000000002,0.04,0.08625000000000002
seq,primary,N,f1,0.12117199708504056,0.1026791607848673,0.14134517861365684,0.14505552418595896,0.06918675889328064,0.1492737081758821
seq,primary,N,specificity,0.9986964618249533,0.998254189944134,0.9991154562383612,0.9986033519553073,0.9992318435754189,0.998254189944134
seq,primary,N,balanced_accuracy,0.5341398975791435,0.5284566748137803,0.5403447683891993,0.5405516759776539,0.5196159217877094,0.5422520949720673
seq,primary,N,mcc,0.18870166130904517,0.16365065133628073,0.2147453477458878,0.2277007294791208,0.10746217183891729,0.23094208260909743
seq,primary,N,map,0.46693788871969666,0.4489236680543416,0.4846098123307454,0.4728842657500455,0.4500850165364434,0.4778443838726012
seq,primary,N,mrr,0.5140358749274533,0.4953269637029966,0.5322029295539623,0.5250829196323148,0.48830834545735696,0.5287163596926883
seq,primary,N,recall_at_1,0.275297619047619,0.2572879464285714,0.29315476190476186,0.28928571428571426,0.25491071428571427,0.2816964285714286
seq,primary,N,recall_at_3,0.4916666666666667,0.47008928571428577,0.5138392857142856,0.4933035714285714,0.47455357142857146,0.5071428571428571
seq,primary,N,recall_at_5,0.5980654761904761,0.5748511904761905,0.6214285714285713,0.5950892857142857,0.5776785714285713,0.6214285714285714
seq,primary,N,recall_at_10,0.7380952380952381,0.7171093749999998,0.7587834821428572,0.7321428571428572,0.7249999999999999,0.7571428571428571
seq,primary,N,ndcg_at_1,0.3726190476190476,0.3505877976190475,0.3943452380952381,0.3901785714285715,0.34642857142857136,0.38125000000000003
seq,primary,N,ndcg_at_3,0.4354135739815172,0.4150187801549117,0.4555687067398209,0.4418336947401851,0.41613328911097713,0.44827373809338944
seq,primary,N,ndcg_at_5,0.483300507829253,0.46383901089788426,0.5025359161194287,0.4877855386198082,0.46224865261726356,0.49986733225068725
seq,primary,N,ndcg_at_10,0.5328319354872578,0.5145680714322862,0.5511342806513728,0.5364066176017948,0.5141771114018346,0.5479120774581441
seq,primary,Z,average_precision,0.32311167614368197,0.2974997047908306,0.3510392441467193,0.3402575611388246,0.31640823085702796,0.3126692364351934
seq,primary,Z,trapezoidal_pr_auc,0.31031569474672654,0.28385348214480993,0.33910851393256375,0.32882855786129966,0.3020843733138454,0.30003415306503456
seq,primary,Z,roc_auc,0.760784450651769,0.7442154329608938,0.7771254073556798,0.7580656424581006,0.7584986033519553,0.7657891061452515
seq,primary,Z,recall_at_fpr_1pct,0.19833333333333333,0.17166666666666672,0.22666666666666663,0.2325,0.1875,0.175
seq,primary,Z,brier,0.04374279414224739,0.042921830561655036,0.0445240704629454,0.043370019719768935,0.04368991011562527,0.044168452591347974
seq,primary,Z,log_loss,0.1755666542536117,0.17173070447992791,0.17931198061247328,0.17449626994852593,0.17594292884823884,0.17626076396407037
seq,primary,Z,precision,0.6891666666666666,0.5880555555555556,0.7877986111111108,0.7,0.6008333333333333,0.7666666666666667
seq,primary,Z,recall,0.07416666666666667,0.05916666666666668,0.09000000000000001,0.08000000000000002,0.075,0.06750000000000002
seq,primary,Z,f1,0.1303722630026978,0.10520766123972644,0.15621855903758078,0.140918501788067,0.12884970826275177,0.12134857895727462
seq,primary,Z,specificity,0.9987430167597765,0.9982309124767225,0.9992085661080075,0.9988826815642458,0.9984636871508379,0.9988826815642458
seq,primary,Z,balanced_accuracy,0.5364548417132217,0.528907704841713,0.5442824138733705,0.539441340782123,0.5367318435754189,0.5331913407821232
seq,primary,Z,mcc,0.20859938682698234,0.17399756629558233,0.2425253785690898,0.2217548600835134,0.19313441341158644,0.21090888698584723
seq,primary,Z,map,0.4718062788299937,0.44980146814305033,0.4938709109024051,0.4727026337856522,0.4738681960215832,0.4688480066827457
seq,primary,Z,mrr,0.521074106888931,0.4982749311209973,0.5442965792103882,0.5230360439094105,0.5162974997068157,0.5238887770505664
seq,primary,Z,recall_at_1,0.28125,0.2580357142857143,0.3044642857142857,0.2928571428571428,0.28125,0.26964285714285713
seq,primary,Z,recall_at_3,0.4994047619047619,0.4735119047619048,0.5255952380952381,0.49196428571428574,0.50625,0.5
seq,primary,Z,recall_at_5,0.5982142857142856,0.5714211309523808,0.6244047619047618,0.5723214285714285,0.5999999999999999,0.6223214285714286
seq,primary,Z,recall_at_10,0.7488095238095238,0.724702380952381,0.7720238095238096,0.7383928571428573,0.7419642857142856,0.7660714285714285
seq,primary,Z,ndcg_at_1,0.38095238095238093,0.3523809523809523,0.41011904761904755,0.39642857142857146,0.3767857142857142,0.36964285714285716
seq,primary,Z,ndcg_at_3,0.44211721516864083,0.41757607815614756,0.4668896679529011,0.4418683176292565,0.4458371385172918,0.43864618935937427
seq,primary,Z,ndcg_at_5,0.48682155358129653,0.46307327691941536,0.5105796541595417,0.47831584399781113,0.4881391102054276,0.49400970654065085
seq,primary,Z,ndcg_at_10,0.5400192389478402,0.5178415387641147,0.5617570628428057,0.5370383938745115,0.5382485556959586,0.5447707672730505
seq,primary,F_first,average_precision,0.0471393951862277,0.02542431809464734,0.06953702589993213,0.06064832885587931,0.03990850222741549,0.0408613544753883
seq,primary,F_first,trapezoidal_pr_auc,0.045842227726852376,0.023223179571712944,0.0692244898970284,0.059450236520804195,0.03869190585699189,0.03938454080276105
seq,primary,F_first,roc_auc,0.031962290502793235,0.0151674813780259,0.04844326117318419,0.027611731843575238,0.026557262569832485,0.04171787709497199
seq,primary,F_first,recall_at_fpr_1pct,0.03250000000000001,0.007500000000000016,0.057499999999999975,0.04749999999999999,0.01999999999999999,0.030000000000000054
seq,primary,F_first,brier,0.002029949141855327,0.0013228897146999854,0.0027788176526381786,0.0026749183422418443,0.001487292879552772,0.0019276362037713643
seq,primary,F_first,log_loss,0.01041257300575211,0.006988186233407043,0.013867346061106083,0.01170150553062993,0.008619646880213994,0.010916566606412409
seq,primary,F_first,precision,-0.06472222222222217,-0.18361111111111109,0.057506944444444444,-0.054166666666666585,-0.14916666666666656,0.009166666666666656
seq,primary,F_first,recall,0.004999999999999993,-0.011666666666666672,0.021666666666666657,-0.025,-0.005000000000000018,0.045
seq,primary,F_first,f1,0.005872743198830137,-0.02227074760987805,0.03375816080055208,-0.04136316581968756,-0.011464397920919661,0.07044579333709763
seq,primary,F_first,specificity,-0.0003724394785847481,-0.0009776536312850654,0.0002327746741154213,0.0013966480446928609,-0.0009776536312848805,-0.0015363128491622247
seq,primary,F_first,balanced_accuracy,0.002313780260707684,-0.006089385474860376,0.01060114059590322,-0.01180167597765358,-0.002988826815642387,0.02173184357541902
seq,primary,F_first,mcc,-0.004853160763643051,-0.044333102881309164,0.035760604569522736,-0.04175435071234054,-0.03423971462478942,0.06143458304620081
seq,primary,F_first,map,0.06339324911674982,0.041808659576983494,0.08542323437599214,0.09250861475334071,0.044537088497250577,0.05313404409965816
seq,primary,F_first,mrr,0.06209770635917966,0.038970258744691115,0.08499697079774825,0.09139127027936156,0.0427946778753685,0.05210717092280892
seq,primary,F_first,recall_at_1,0.05565476190476193,0.03154761904761912,0.07916666666666668,0.09107142857142853,0.036607142857142894,0.03928571428571437
seq,primary,F_first,recall_at_3,0.08392857142857146,0.05534970238095232,0.11339285714285714,0.12946428571428575,0.0589285714285715,0.06339285714285714
seq,primary,F_first,recall_at_5,0.07499999999999996,0.049702380952381026,0.10119047619047605,0.08124999999999993,0.05267857142857135,0.09107142857142858
seq,primary,F_first,recall_at_10,0.03125,0.004761904761904744,0.057738095238095255,0.019642857142857184,0.025000000000000022,0.049107142857142794
seq,primary,F_first,ndcg_at_1,0.06785714285714284,0.038095238095238106,0.09821428571428566,0.10357142857142854,0.050000000000000044,0.04999999999999993
seq,primary,F_first,ndcg_at_3,0.07634157648032643,0.05024328463010792,0.10299189068228318,0.11779849788878544,0.05314714585933228,0.058079085692861576
seq,primary,F_first,ndcg_at_5,0.0730295177003961,0.050664714790526824,0.09650923373841169,0.09701163110350919,0.052099024664772065,0.06997789733290705
seq,primary,F_first,ndcg_at_10,0.05703636218257602,0.035695972483805155,0.07797029635634507,0.0759185772251525,0.04071432238436301,0.054476186938212545
seq,primary,F,average_precision,0.04868546310561348,0.03291725246247038,0.06478222094154129,0.0590717492371519,0.037458257788620136,0.04952638229106843
seq,primary,F,trapezoidal_pr_auc,0.048619868973852155,0.0323321126472871,0.0652926239788015,0.05914230433218491,0.03745100826072119,0.04926629432865037
seq,primary,F,roc_auc,0.02602420856610795,0.014715898510242064,0.03707899790502791,0.02481145251396638,0.02386173184357543,0.02939944134078204
seq,primary,F,recall_at_fpr_1pct,0.03250000000000001,0.01583333333333331,0.04999999999999999,0.03750000000000002,0.01999999999999999,0.04000000000000002
seq,primary,F,brier,0.0019600140744790843,0.0014374362829050055,0.002493325014352507,0.0023370844808716373,0.0013749809752132552,0.0021679767673523608
seq,primary,F,log_loss,0.009325032971395794,0.007009689223699622,0.011666865274551862,0.010130868763885054,0.00840757102552811,0.009436659124774219
seq,primary,F,precision,-0.046666666666666655,-0.13305555555555557,0.041673611111110974,0.021250000000000047,-0.27541666666666664,0.11416666666666664
seq,primary,F,recall,0.007916666666666667,-0.0020833333333333376,0.01834374999999986,-0.007499999999999989,-0.025000000000000012,0.05625
seq,primary,F,f1,0.010825399238442697,-0.006191421561530254,0.028824282541130338,-0.011208968567664242,-0.045702742909264654,0.08938790919225699
seq,primary,F,specificity,2.3277467411523627e-05,-0.0005353817504655064,0.0005586592178771407,0.0009776536312849915,0.0006284916201117485,-0.0015363128491621691
seq,primary,F,balanced_accuracy,0.003969972067039196,-0.0011362313780260715,0.009376425744879003,-0.0032611731843574243,-0.012185754189944054,0.027356843575419065
seq,primary,F,mcc,0.003657259312583256,-0.02274776478287841,0.03053354453388667,-0.0037885832702120315,-0.07856374371894154,0.09332410492690334
seq,primary,F,map,0.05862391832565179,0.04524776195930435,0.0723875653381729,0.07080831250416564,0.04352663431417719,0.06153680815861254
seq,primary,F,mrr,0.05715121529336886,0.042660562578174833,0.07171755395232288,0.07071150155342928,0.038022940502589725,0.06271920382408758
seq,primary,F,recall_at_1,0.052083333333333336,0.036160714285714324,0.06756324404761903,0.06874999999999995,0.03526785714285714,0.05223214285714292
seq,primary,F,recall_at_3,0.07752976190476193,0.05922619047619045,0.0961346726190476,0.09196428571428572,0.05937500000000007,0.08125000000000002
seq,primary,F,recall_at_5,0.06711309523809518,0.04791666666666663,0.08601190476190473,0.06830357142857135,0.048214285714285654,0.08482142857142855
seq,primary,F,recall_at_10,0.02113095238095238,0.0028236607142856536,0.0383928571428571,0.013839285714285776,0.021428571428571408,0.028124999999999956
seq,primary,F,ndcg_at_1,0.06339285714285713,0.04374255952380949,0.08303571428571428,0.08214285714285716,0.042857142857142844,0.06517857142857139
seq,primary,F,ndcg_at_3,0.07127226255724696,0.05481418600029349,0.08805257522490444,0.08658119670141473,0.052734395937213685,0.07450119503311245
seq,primary,F,ndcg_at_5,0.0669955903183638,0.05267400582108621,0.08138959084794183,0.07651950416751382,0.04849106097620498,0.0759762058113726
seq,primary,F,ndcg_at_10,0.05064968761316809,0.03754472693016804,0.06364258043137748,0.05775842881549881,0.03836384185214031,0.05582679217186515
seq,primary,G,average_precision,0.07579624806630315,0.0577365762139191,0.09444198133206821,0.09764628582946695,0.06655761533003622,0.06318484303940627
seq,primary,G,trapezoidal_pr_auc,0.07707447701476837,0.058705855916628503,0.09606969699225922,0.09986540478417742,0.06773534669387994,0.06362267956624773
seq,primary,G,roc_auc,0.035826350093109825,0.023316457169459976,0.04870591829608939,0.05210544692737423,0.03237779329608925,0.022995810055865984
seq,primary,G,recall_at_fpr_1pct,0.05708333333333334,0.03708333333333332,0.07874999999999997,0.07125000000000002,0.04125000000000001,0.05875
seq,primary,G,brier,0.0028171511176077204,0.0022112030277547635,0.0034442643536472207,0.003505568644020799,0.002549352213261677,0.0023965324955406847
seq,primary,G,log_loss,0.011445813435205723,0.008630314536760032,0.014301327525823276,0.015475283845751947,0.010067186011447155,0.008794970448418066
seq,primary,G,precision,0.2051388888888889,0.11596874999999993,0.2895833333333333,0.3145833333333333,0.08791666666666664,0.2129166666666667
seq,primary,G,recall,0.03208333333333334,0.021666666666666667,0.042916666666666665,0.04750000000000003,0.018749999999999992,0.03
seq,primary,G,f1,0.05417676164415295,0.036804727729999466,0.07197162538548407,0.08190264445699226,0.0308341694537347,0.049793471021731886
seq,primary,G,specificity,0.0003724394785847296,-0.00018621973929242955,0.0009543761638733383,-0.0005586592178770111,0.0009776536312848805,0.0006983240223463194
seq,primary,G,balanced_accuracy,0.016227886405959163,0.01089237081005583,0.021690264199255117,0.023470670391061654,0.009863826815642462,0.015349162011173367
seq,primary,G,mcc,0.07846586691378447,0.05353486886102209,0.1031216308954127,0.11773122821895626,0.04210065344749324,0.07556571907490392
seq,primary,G,map,0.06610519736347677,0.05106281714990435,0.08172766877779203,0.07852005839127621,0.05464736411885365,0.06514816958030042
seq,primary,G,mrr,0.06954664117477923,0.05255755861088713,0.0864316908964892,0.08813113907948342,0.054804368415264065,0.0657044160295902
seq,primary,G,recall_at_1,0.058630952380952374,0.04166666666666668,0.07648809523809523,0.07499999999999998,0.0433035714285714,0.05758928571428576
seq,primary,G,recall_at_3,0.0846726190476191,0.06338913690476188,0.10625000000000001,0.09866071428571427,0.07008928571428577,0.08526785714285723
seq,primary,G,recall_at_5,0.06696428571428564,0.044791666666666674,0.08898809523809521,0.08392857142857141,0.05669642857142848,0.06026785714285704
seq,primary,G,recall_at_10,0.03973214285714279,0.02232142857142862,0.05744047619047615,0.046428571428571375,0.047767857142857084,0.02499999999999991
seq,primary,G,ndcg_at_1,0.07708333333333332,0.05476190476190476,0.10029761904761902,0.09821428571428575,0.05892857142857133,0.07410714285714287
seq,primary,G,ndcg_at_3,0.07988413474725346,0.06096621377993162,0.09910454883799774,0.09453078415762733,0.06475385248896057,0.08036776759517247
seq,primary,G,ndcg_at_5,0.07255031640415492,0.05562778292681019,0.08975148949597349,0.08916431262141969,0.058881417180400686,0.06960521941064438
seq,primary,G,ndcg_at_10,0.06259856319058489,0.047828899161630904,0.07754264263422524,0.07520158393199078,0.055581423231960636,0.057012682407803245
seq,primary,final_all,average_precision,0.287723386667942,0.2680795169071111,0.3078064453231468,0.2833549620739067,0.2845285370759785,0.2952866608539407
seq,primary,final_all,trapezoidal_pr_auc,0.2746732346089591,0.25428885027971204,0.2953094185689782,0.27070339948082095,0.2706957296216439,0.2826205747244123
seq,primary,final_all,roc_auc,0.7461235257603973,0.7319963337988826,0.7600738477653631,0.7407984171322161,0.7467178770949721,0.7508542830540038
seq,primary,final_all,recall_at_fpr_1pct,0.1677777777777778,0.15055555555555555,0.18583333333333332,0.17,0.15916666666666668,0.17416666666666666
seq,primary,final_all,brier,0.04507807970835643,0.04442133036286724,0.04571198807106266,0.045318635316321354,0.045102611780417634,0.04481299202833031
seq,primary,final_all,log_loss,0.18131344539075933,0.1781159304562591,0.18450754996993288,0.1824959364172775,0.18146628342948298,0.1799781163255175
seq,primary,final_all,precision,0.6233333333333334,0.5446203703703704,0.7015763888888891,0.6330555555555556,0.6119444444444444,0.625
seq,primary,final_all,recall,0.06444444444444446,0.05472222222222223,0.07472222222222223,0.07166666666666667,0.06833333333333334,0.053333333333333344
seq,primary,final_all,f1,0.11414979706284055,0.09763361696676914,0.13139552227160917,0.12569587176108918,0.12004889554889557,0.09670462387853691
seq,primary,final_all,specificity,0.9985878336436994,0.9982153941651146,0.9989292364990688,0.9983240223463685,0.9982774674115454,0.9991620111731843
seq,primary,final_all,balanced_accuracy,0.531516139044072,0.5266623991309745,0.5366561724084419,0.5349953445065178,0.5333054003724395,0.5262476722532589
seq,primary,final_all,mcc,0.1850280560405461,0.1598579485694505,0.2106138563357579,0.1960529733390608,0.1883841394378555,0.17064705534472202
seq,primary,final_all,map,0.43500005558300064,0.41884551447068724,0.45020545009012963,0.42710162408672003,0.4354749042645136,0.4424236383977682
seq,primary,final_all,mrr,0.483233247578203,0.46656371755809506,0.4988843589456866,0.47721189326943714,0.48254887191836787,0.489938977546804
seq,primary,final_all,recall_at_1,0.24672619047619046,0.23114831349206347,0.26240079365079366,0.2431547619047619,0.24494047619047618,0.2520833333333333
seq,primary,final_all,recall_at_3,0.4479166666666667,0.4287648809523809,0.46686755952380943,0.437202380952381,0.4523809523809524,0.45416666666666666
seq,primary,final_all,recall_at_5,0.5620039682539683,0.5417658730158731,0.5817460317460318,0.5520833333333334,0.569047619047619,0.5648809523809524
seq,primary,final_all,recall_at_10,0.7284722222222223,0.7087276785714286,0.7483134920634921,0.718154761904762,0.7247023809523808,0.7425595238095237
seq,primary,final_all,ndcg_at_1,0.33829365079365076,0.3192460317460317,0.35635416666666664,0.3339285714285714,0.3351190476190476,0.3458333333333334
seq,primary,final_all,ndcg_at_3,0.3957603660557571,0.37741930396001394,0.4131639096787884,0.38712149132319573,0.3977133002007198,0.40244630664335573
seq,primary,final_all,ndcg_at_5,0.44690727063025015,0.42882314422718437,0.46370828949119025,0.4385586655750462,0.44996136987005103,0.4522017764456532
seq,primary,final_all,ndcg_at_10,0.5057701727408582,0.48893791602133374,0.5220656298539632,0.49714929160210647,0.5050693716139515,0.5150918550065168
er,raw,O,average_precision,0.23071474023398056,0.2124818740561751,0.2504446069438972,0.20504975281118482,0.2523786709112372,0.23471579697951972
er,raw,O,trapezoidal_pr_auc,0.21873292093508143,0.20003607251987637,0.23896881475676426,0.19184875274042346,0.2416113601311129,0.2227386499337079
er,raw,O,roc_auc,0.6988134310986965,0.6836457896880819,0.7141423999068902,0.6878526536312849,0.7144011871508381,0.6941864525139665
er,raw,O,recall_at_fpr_1pct,0.12416666666666666,0.10666666666666667,0.14291666666666666,0.09125000000000003,0.1475,0.13374999999999998
er,raw,O,brier,0.04857471664194782,0.048077499531004535,0.04905268996420729,0.0492969157608677,0.047886276227173716,0.04854095793780204
er,raw,O,log_loss,0.27519707093977847,0.2676693486154768,0.2828303602323721,0.28682675079149944,0.2552333902691818,0.2835310717586541
er,raw,O,precision,0.3375000000000001,0.25,0.4291666666666667,0.225,0.42500000000000004,0.36250000000000004
er,raw,O,recall,0.022500000000000003,0.016666666666666666,0.02875,0.01125,0.03125000000000001,0.024999999999999998
er,raw,O,f1,0.04182037768994291,0.030997788443440616,0.053194169960474304,0.02142857142857143,0.05760399021268588,0.04642857142857143
er,raw,O,specificity,0.9995810055865922,0.9993482309124767,0.9997672253258845,0.9997905027932961,0.9996508379888268,0.9993016759776536
er,raw,O,balanced_accuracy,0.5110405027932962,0.5081238361266295,0.5141422253258846,0.5055202513966481,0.5154504189944135,0.5121508379888269
er,raw,O,mcc,0.08220518503502043,0.06084258177761455,0.10462300672465294,0.04849882667647667,0.10926064444338604,0.08885608398519856
er,raw,O,map,0.37672347165231246,0.3586917437591795,0.39480702258505185,0.3622648745952953,0.3926704802773345,0.3752350600843075
er,raw,O,mrr,0.4262409403947151,0.40695475097296746,0.4451231017843534,0.41484937951676626,0.44015862948199,0.423714812185389
er,raw,O,recall_at_1,0.20401785714285714,0.18719866071428568,0.22098214285714282,0.19419642857142855,0.21830357142857143,0.19955357142857144
er,raw,O,recall_at_3,0.37901785714285713,0.3572916666666666,0.4013392857142857,0.3651785714285714,0.3897321428571428,0.3821428571428571
er,raw,O,recall_at_5,0.4861607142857143,0.4617559523809524,0.5108630952380951,0.46919642857142857,0.515625,0.4736607142857143
er,raw,O,recall_at_10,0.6622023809523809,0.6401748511904762,0.684077380952381,0.6459821428571428,0.6812499999999999,0.6593749999999999
er,raw,O,ndcg_at_1,0.28065476190476185,0.26011904761904764,0.3008928571428571,0.2678571428571428,0.2946428571428571,0.2794642857142857
er,raw,O,ndcg_at_3,0.33197903541563606,0.3117882410322625,0.351940322062783,0.3179112230466213,0.344505973667614,0.33351990953267296
er,raw,O,ndcg_at_5,0.38045561898092295,0.35953500928653986,0.4011970347056716,0.36475404522555105,0.401278528763523,0.37533428295369475
er,raw,O,ndcg_at_10,0.4425166119380593,0.4232994354103161,0.461730692090384,0.42735329121316123,0.460337645785364,0.43985889881565265
er,raw,N,average_precision,0.25740421058136836,0.23873846363236084,0.27690968225626966,0.24360609700011673,0.2661798017039924,0.262426733039996
er,raw,N,trapezoidal_pr_auc,0.2442514281955038,0.2252301866437829,0.2640029121458196,0.23006364073165625,0.2531264454065876,0.2495641984482675
er,raw,N,roc_auc,0.7263378724394786,0.7120672718808192,0.7410079870810057,0.7171019553072626,0.7241847067039107,0.7377269553072627
er,raw,N,recall_at_fpr_1pct,0.14333333333333334,0.12748958333333332,0.1608333333333333,0.13,0.15625,0.14375
er,raw,N,brier,0.04847624955273517,0.04804475103234765,0.04888381543577825,0.04889104293619047,0.04799699736689891,0.04854070835511615
er,raw,N,log_loss,0.2619094801605434,0.2556355252526779,0.2684175876449948,0.27046858232683996,0.24678299434353418,0.268476863811256
er,raw,N,precision,0.13749999999999998,0.09583333333333333,0.18333333333333335,0.025,0.0875,0.3
er,raw,N,recall,0.010000000000000002,0.006666666666666668,0.013333333333333336,0.00125,0.0075000000000000015,0.021250000000000005
er,raw,N,f1,0.01850649350649351,0.012517135642135642,0.024603174603174603,0.0023809523809523807,0.013744588744588743,0.039393939393939405
er,raw,N,specificity,0.9997206703910614,0.9995810055865921,0.9998370577281191,1.0,0.9996508379888268,0.9995111731843574
er,raw,N,balanced_accuracy,0.5048603351955308,0.5032402234636871,0.5065270018621975,0.500625,0.5035754189944134,0.5103805865921788
er,raw,N,mcc,0.034617803104770146,0.023690461293281822,0.04587973869712457,0.0054474825665620395,0.023300042906237814,0.07510588384151058
er,raw,N,map,0.4109011942278418,0.3945830961577667,0.42757008453311374,0.3917613676383571,0.41289638084175184,0.42804583420341663
er,raw,N,mrr,0.45977485630786274,0.44110386555831405,0.47765658123658145,0.44392408540570016,0.45829332444633664,0.47710715907155143
er,raw,N,recall_at_1,0.22842261904761899,0.21235119047619047,0.2443452380952381,0.21026785714285712,0.23169642857142853,0.2433035714285714
er,raw,N,recall_at_3,0.4208333333333332,0.3998511904761905,0.44151785714285713,0.3924107142857143,0.42232142857142857,0.44776785714285705
er,raw,N,recall_at_5,0.5267857142857143,0.5075892857142857,0.546875,0.5080357142857143,0.5209821428571428,0.5513392857142857
er,raw,N,recall_at_10,0.6974702380952381,0.6785714285714285,0.7175595238095239,0.6843750000000001,0.6901785714285714,0.7178571428571429
er,raw,N,ndcg_at_1,0.3160714285714286,0.29404761904761906,0.33780505952380946,0.2991071428571429,0.3196428571428571,0.32946428571428577
er,raw,N,ndcg_at_3,0.3704442557510692,0.3509163912619643,0.38970499659279706,0.3460132169918292,0.3727854142950662,0.39253413596631226
er,raw,N,ndcg_at_5,0.41787332924329906,0.4001064284187717,0.4362223717350235,0.3981214414558396,0.4170999590557334,0.4383985872183243
er,raw,N,ndcg_at_10,0.4782747682872579,0.4611206195101327,0.49580457179824233,0.46072875445024575,0.47693129385567173,0.4971642565558563
er,raw,Z,average_precision,0.2553133709147081,0.23524532281690538,0.277380159501921,0.22383712557320184,0.2868743274901457,0.25522865968077674
er,raw,Z,trapezoidal_pr_auc,0.24188108189922164,0.22139381673018246,0.2645776577080217,0.20924567318742393,0.2728117318029665,0.24358584070727457
er,raw,Z,roc_auc,0.7230249068901303,0.7073540502793298,0.7394918237895718,0.6962430167597766,0.7388722067039106,0.7339594972067041
er,raw,Z,recall_at_fpr_1pct,0.15083333333333335,0.13,0.17333333333333334,0.12499999999999997,0.19000000000000003,0.1375
er,raw,Z,brier,0.0478089958472216,0.04717976737776013,0.048371747441024245,0.04864129027000897,0.04677093472880235,0.04801476254285347
er,raw,Z,log_loss,0.25954371103432866,0.25186550210561165,0.26682292748042863,0.27133421307930583,0.24051417737161201,0.26678274265206803
er,raw,Z,precision,0.27499999999999997,0.19166666666666665,0.3666666666666667,0.05,0.175,0.6
er,raw,Z,recall,0.020000000000000004,0.013333333333333336,0.026666666666666672,0.0025,0.015000000000000003,0.04250000000000001
er,raw,Z,f1,0.03701298701298702,0.025034271284271284,0.049206349206349205,0.0047619047619047615,0.027489177489177487,0.07878787878787881
er,raw,Z,specificity,0.9994413407821229,0.9991620111731843,0.9996741154562384,1.0,0.9993016759776536,0.9990223463687149
er,raw,Z,balanced_accuracy,0.5097206703910614,0.5064804469273744,0.5130540037243949,0.50125,0.5071508379888268,0.5207611731843576
er,raw,Z,mcc,0.06923560620954029,0.047380922586563644,0.09175947739424914,0.010894965133124079,0.04660008581247563,0.15021176768302116
er,raw,Z,map,0.41007973062490083,0.39170734957166803,0.42929284761033043,0.3711705140959799,0.4400482789995282,0.4190203987791943
er,raw,Z,mrr,0.45864928168374847,0.4388806649888426,0.47912696531776855,0.41658834551153634,0.4859131303087361,0.47344636923097305
er,raw,Z,recall_at_1,0.22857142857142856,0.21160714285714285,0.24613095238095237,0.19017857142857142,0.2607142857142857,0.2348214285714286
er,raw,Z,recall_at_3,0.4226190476190476,0.3994047619047619,0.4467261904761905,0.3732142857142857,0.45000000000000007,0.444642857142857
er,raw,Z,recall_at_5,0.5205357142857142,0.4961235119047619,0.5458333333333333,0.475,0.5357142857142855,0.5508928571428571
er,raw,Z,recall_at_10,0.6916666666666668,0.6681473214285714,0.7154836309523809,0.6580357142857144,0.6982142857142857,0.71875
er,raw,Z,ndcg_at_1,0.31488095238095243,0.2910714285714286,0.33869047619047615,0.2696428571428572,0.35535714285714287,0.31964285714285723
er,raw,Z,ndcg_at_3,0.37123929151918333,0.34995342981651956,0.39308146957248974,0.3250243454060294,0.40301267054453405,0.38568085860698653
er,raw,Z,ndcg_at_5,0.4153400619844195,0.3944288478748944,0.4367544923604109,0.37107862471264214,0.4420147276255967,0.43292683361501966
er,raw,Z,ndcg_at_10,0.47561259662840655,0.4567743211009438,0.4957550645551541,0.43542958355344485,0.49954308769831657,0.4918651186334581
er,raw,F_first,average_precision,0.09165068507308416,0.06801334390027287,0.1151335045623453,0.11322309403580452,0.06727145725345829,0.09445750392998964
er,raw,F_first,trapezoidal_pr_auc,0.08960768061654574,0.06489018328746365,0.11380672730417021,0.11173768934122497,0.06348070721591437,0.09360464529249793
er,raw,F_first,roc_auc,0.07411429236499063,0.05660739641526998,0.09156389664804467,0.07460893854748596,0.06617667597765364,0.08155726256983231
er,raw,F_first,recall_at_fpr_1pct,0.06500000000000002,0.037500000000000026,0.09333333333333334,0.09749999999999996,0.017499999999999988,0.0800000000000001
er,raw,F_first,brier,-0.0015415565113476558,-0.0020971577601818026,-0.0010133145176019903,2.3739963802546504e-05,-0.0009320294472793256,-0.0037163800505661884
er,raw,F_first,log_loss,0.017391100552903233,0.01097415388231673,0.023658514318081605,0.05026280715622966,0.030375119233048697,-0.028464624730568655
er,raw,F_first,precision,-0.39999999999999997,-0.5138888888888888,-0.2916666666666667,-0.2,-0.55,-0.45
er,raw,F_first,recall,-0.027500000000000007,-0.035833333333333335,-0.02,-0.01,-0.04250000000000001,-0.03
er,raw,F_first,f1,-0.050956772695903145,-0.0661680469289165,-0.03695189472363387,-0.019047619047619046,-0.07797854319593453,-0.05584415584415584
er,raw,F_first,specificity,0.0003258845437616638,9.310986964620554e-05,0.0006052141527002434,0.0,0.0006983240223463749,0.0002793296089386166
er,raw,F_first,balanced_accuracy,-0.013587057728119264,-0.017753724394785918,-0.009789920856610831,-0.0050000000000001155,-0.020900837988826915,-0.01486033519553076
er,raw,F_first,mcc,-0.0993673493663381,-0.12730205034230285,-0.0721267490874253,-0.043579860532496316,-0.14408486244725255,-0.11043732511926545
er,raw,F_first,map,0.11121843986215463,0.08884520276000885,0.13302097314510722,0.13376652461512756,0.09112031751977823,0.1087684774515581
er,raw,F_first,mrr,0.11087197770593499,0.08629003215883245,0.13487145642498144,0.13378127598720213,0.09167567128866244,0.10715898584194039
er,raw,F_first,recall_at_1,0.09404761904761905,0.06815476190476194,0.11815476190476192,0.11785714285714283,0.07232142857142856,0.09196428571428578
er,raw,F_first,recall_at_3,0.13095238095238101,0.10238095238095242,0.15892857142857142,0.1607142857142857,0.11875000000000008,0.11339285714285724
er,raw,F_first,recall_at_5,0.131547619047619,0.0994047619047619,0.16369047619047614,0.15089285714285716,0.11160714285714268,0.13214285714285712
er,raw,F_first,recall_at_10,0.09077380952380958,0.06190476190476202,0.1184523809523809,0.086607142857143,0.07499999999999996,0.11071428571428577
er,raw,F_first,ndcg_at_1,0.12023809523809526,0.08809523809523812,0.15178571428571422,0.15178571428571427,0.09285714285714292,0.11607142857142855
er,raw,F_first,ndcg_at_3,0.12523322966773773,0.09924389203924944,0.1505934935760199,0.15328674915308854,0.10814259483859734,0.11427034501152733
er,raw,F_first,ndcg_at_5,0.12526540538711187,0.09954062476691326,0.15037376974512928,0.14930079565765508,0.10609321017452011,0.12040221032916038
er,raw,F_first,ndcg_at_10,0.11080555063648216,0.08814597145736755,0.13290774752323165,0.1272530555703295,0.09154665477032231,0.11361694156879465
er,raw,F,average_precision,0.06418731926740968,0.04872898299018817,0.07918557324412877,0.08134686296186355,0.037854911669027436,0.07336018317133805
er,raw,F,trapezoidal_pr_auc,0.063046613874492,0.04678341684535241,0.07895258223829522,0.08148433588796139,0.03561323077818683,0.07204227495732778
er,raw,F,roc_auc,0.05253433426443199,0.039918077863128405,0.06514740456238369,0.054752094972066956,0.035815293296089346,0.06703561452513968
er,raw,F,recall_at_fpr_1pct,0.04125,0.02375,0.058750000000000024,0.06374999999999997,0.0037499999999999964,0.056250000000000036
er,raw,F,brier,-0.0009292866270453545,-0.0013221559850498648,-0.0005534679378386187,-5.465631672182253e-05,-0.0009178256197282728,-0.0018153779446859683
er,raw,F,log_loss,0.014877197067718895,0.010203492015051448,0.01965374074511285,0.02927934772596072,0.016713062725963013,-0.0013608192487670479
er,raw,F,precision,-0.3375000000000001,-0.4291666666666667,-0.25,-0.225,-0.42500000000000004,-0.36250000000000004
er,raw,F,recall,-0.022500000000000003,-0.02875,-0.016666666666666666,-0.01125,-0.03125000000000001,-0.024999999999999998
er,raw,F,f1,-0.04182037768994291,-0.05319416996047432,-0.03099778844344062,-0.02142857142857143,-0.05760399021268588,-0.04642857142857143
er,raw,F,specificity,0.00041899441340783233,0.0002327746741154768,0.0006517690875233092,0.00020949720670387917,0.00034916201117318746,0.0006983240223464304
er,raw,F,balanced_accuracy,-0.011040502793296159,-0.014142225325884588,-0.008123836126629444,-0.005520251396648135,-0.015450418994413462,-0.01215083798882688
er,raw,F,mcc,-0.08220518503502043,-0.10462300672465295,-0.06084258177761458,-0.04849882667647667,-0.10926064444338604,-0.08885608398519856
er,raw,F,map,0.07332397024353506,0.05875709687595082,0.08812934110431808,0.08248771887927206,0.04685573523915748,0.09062845661217564
er,raw,F,mrr,0.07217448680449343,0.05706917552438816,0.08785206053153949,0.08222695495843588,0.048716032732763176,0.08558047272228123
er,raw,F,recall_at_1,0.05699404761904761,0.040624999999999994,0.07321428571428569,0.06517857142857142,0.03080357142857143,0.07499999999999998
er,raw,F,recall_at_3,0.08824404761904765,0.0693452380952381,0.10773809523809524,0.09508928571428574,0.07098214285714288,0.09866071428571432
er,raw,F,recall_at_5,0.09241071428571428,0.07202380952380953,0.11398809523809522,0.1026785714285714,0.06160714285714283,0.11294642857142856
er,raw,F,recall_at_10,0.06517857142857146,0.04806175595238105,0.08244047619047623,0.06830357142857146,0.04330357142857144,0.08392857142857146
er,raw,F,ndcg_at_1,0.07619047619047621,0.05713541666666663,0.09583333333333337,0.08928571428571432,0.046428571428571486,0.09285714285714283
er,raw,F,ndcg_at_3,0.08234481223520683,0.0650185677910363,0.09965682010638564,0.09101956018821641,0.05994416248250134,0.09607071403490272
er,raw,F,ndcg_at_5,0.08380366770465242,0.06751949809566944,0.10048714543663566,0.09440004778424232,0.05599852964343002,0.10101242568628488
er,raw,F,ndcg_at_10,0.074424869272193,0.060284580906263666,0.08907421505464681,0.08273642007722584,0.048612892092382454,0.09192529564697069
er,raw,G,average_precision,0.04074368003131632,0.02704117587270135,0.05510074400370554,0.03523636381698883,0.05835115754917858,0.028643518727781564
er,raw,G,trapezoidal_pr_auc,0.041838052931591894,0.027952942208200562,0.05620712829437744,0.03654325138332165,0.05995465179316392,0.02901625561829009
er,raw,G,roc_auc,0.02344564711359402,0.013572349278398515,0.03362158112197388,0.02519902234636867,0.028646997206703773,0.01649092178770961
er,raw,G,recall_at_fpr_1pct,0.026249999999999985,0.012083333333333323,0.04208333333333333,0.009999999999999981,0.046249999999999986,0.022499999999999992
er,raw,G,brier,0.0018913316466731753,0.0015890126481698835,0.00221158521505025,0.0015154410583959957,0.0018437656285284244,0.0023147882530951056
er,raw,G,log_loss,0.0106918256768059,0.006880941375790306,0.014614098369570084,-0.0005617744334669994,0.00463056332844862,0.02800668813543608
er,raw,G,precision,0.13749999999999998,0.09583333333333333,0.18333333333333335,0.025,0.0875,0.3
er,raw,G,recall,0.010000000000000002,0.006666666666666668,0.013333333333333336,0.00125,0.0075000000000000015,0.021250000000000005
er,raw,G,f1,0.01850649350649351,0.012517135642135642,0.024603174603174603,0.0023809523809523807,0.013744588744588743,0.039393939393939405
er,raw,G,specificity,-0.00027932960893857955,-0.00041899441340788785,-0.00016294227188081342,0.0,-0.00034916201117318746,-0.0004888268156425513
er,raw,G,balanced_accuracy,0.004860335195530714,0.003240223463687167,0.0065270018621974195,0.0006249999999999867,0.003575418994413382,0.010380586592178775
er,raw,G,mcc,0.034617803104770146,0.023690461293281822,0.04587973869712457,0.0054474825665620395,0.023300042906237814,0.07510588384151058
er,raw,G,map,0.03529269289067156,0.021133951373262204,0.049654786942565754,0.02499351460124996,0.04094273636547002,0.0399418277052947
er,raw,G,mrr,0.03985460299107246,0.0238209611472999,0.055975160249072294,0.031355149480572164,0.044982219391173,0.043226440101472224
er,raw,G,recall_at_1,0.029464285714285696,0.013839285714285715,0.04583333333333334,0.012946428571428553,0.03660714285714284,0.0388392857142857
er,raw,G,recall_at_3,0.04553571428571426,0.026488095238095245,0.06473214285714281,0.02991071428571429,0.051339285714285754,0.055357142857142744
er,raw,G,recall_at_5,0.029315476190476152,0.010416666666666657,0.0486607142857142,0.028571428571428553,0.029017857142857095,0.030357142857142805
er,raw,G,recall_at_10,0.025595238095238115,0.01011904761904762,0.04226562500000007,0.020982142857142838,0.03794642857142866,0.01785714285714285
er,raw,G,ndcg_at_1,0.04494047619047622,0.025297619047619038,0.06517857142857143,0.03214285714285714,0.051785714285714296,0.05089285714285721
er,raw,G,ndcg_at_3,0.04348289677455067,0.02612918468700782,0.060896979419563346,0.029005912053609084,0.049379453218289404,0.05206332505175351
er,raw,G,ndcg_at_5,0.03643757795189589,0.02024177912042524,0.05255591448798461,0.02887799782142661,0.039783442312556205,0.04065129372170484
er,raw,G,ndcg_at_10,0.03517777348222337,0.021232938430005167,0.049363443124545325,0.026469148497496986,0.04303467750583828,0.036029494443334836
er,raw,final_all,average_precision,0.23891428379422308,0.22223438996605466,0.2565656104558018,0.2113122103985238,0.26387722310420675,0.2415534178799387
er,raw,final_all,trapezoidal_pr_auc,0.22644897458979482,0.20935311231053508,0.24449168829285572,0.19764772622275695,0.25201148402173074,0.22968771352489678
er,raw,final_all,roc_auc,0.7068839230291745,0.6936133903631285,0.7204267632681564,0.6906494413407822,0.7225581936685289,0.7074441340782123
er,raw,final_all,recall_at_fpr_1pct,0.13305555555555557,0.11777777777777777,0.14916666666666667,0.1025,0.16166666666666665,0.13499999999999998
er,raw,final_all,brier,0.048319476377039074,0.047850815206661894,0.0487570309247624,0.049078373930581454,0.0475144957277166,0.04836555947281918
er,raw,final_all,log_loss,0.2699792843046285,0.2633378732732878,0.2766897496580322,0.28166257155410157,0.25032698596999187,0.2779482953897921
er,raw,final_all,precision,0.3166666666666667,0.24537037037037035,0.39166666666666666,0.16666666666666666,0.34166666666666673,0.4416666666666667
er,raw,final_all,recall,0.021666666666666667,0.016666666666666666,0.026944444444444448,0.008333333333333333,0.025833333333333337,0.030833333333333334
er,raw,final_all,f1,0.040217914130957606,0.031030648095865487,0.04996086642825772,0.015873015873015872,0.04756571930484974,0.05721500721500722
er,raw,final_all,specificity,0.999534450651769,0.9993482309124766,0.9997051520794537,0.9998603351955307,0.999534450651769,0.9992085661080073
er,raw,final_all,balanced_accuracy,0.5106005586592178,0.508092799503414,0.5132627250155183,0.5040968342644321,0.5126838919925513,0.5150209497206705
er,raw,final_all,mcc,0.0778819920931937,0.05994168257297509,0.09670919763517512,0.0359642061620258,0.0883737915664159,0.10930797855113943
er,raw,final_all,map,0.3878422246431752,0.37244886635915064,0.4027733061870138,0.36523342109552354,0.40846307985139907,0.3898301729826031
er,raw,final_all,mrr,0.4370437208243929,0.42033993112348766,0.45274452875590016,0.41542903484835625,0.45541012975757206,0.4402919978672504
er,raw,final_all,recall_at_1,0.21220238095238095,0.19811507936507936,0.22649057539682538,0.19285714285714284,0.23244047619047617,0.21130952380952384
er,raw,final_all,recall_at_3,0.3935515873015873,0.3740079365079365,0.413095238095238,0.3678571428571429,0.40982142857142856,0.40297619047619043
er,raw,final_all,recall_at_5,0.4976190476190476,0.47767857142857145,0.5174603174603175,0.4711309523809524,0.5223214285714285,0.4994047619047619
er,raw,final_all,recall_at_10,0.6720238095238095,0.6529761904761905,0.6912698412698411,0.65,0.6869047619047618,0.6791666666666666
er,raw,final_all,ndcg_at_1,0.2920634920634921,0.2742063492063492,0.30932539682539684,0.26845238095238094,0.3148809523809524,0.29285714285714287
er,raw,final_all,ndcg_at_3,0.34506578745015176,0.32746223380355344,0.3623029566512667,0.32028226383309066,0.3640082059599206,0.3509068925574441
er,raw,final_all,ndcg_at_5,0.3920837666487551,0.3744880210184839,0.4090026801301452,0.36686223838791476,0.4148572617175475,0.39453179984080305
er,raw,final_all,ndcg_at_10,0.4535486068348417,0.43681496393632185,0.46958803091593243,0.4300453886599224,0.4734061264230149,0.45719430542158784
er,stage-cal,O,average_precision,0.23071474023398056,0.2124818740561751,0.2504446069438972,0.20504975281118482,0.2523786709112372,0.23471579697951972
er,stage-cal,O,trapezoidal_pr_auc,0.21873292093508143,0.20003607251987637,0.23896881475676426,0.19184875274042346,0.2416113601311129,0.2227386499337079
er,stage-cal,O,roc_auc,0.6988134310986965,0.6836457896880819,0.7141423999068902,0.6878526536312849,0.7144011871508381,0.6941864525139665
er,stage-cal,O,recall_at_fpr_1pct,0.12416666666666666,0.10666666666666667,0.14291666666666666,0.09125000000000003,0.1475,0.13374999999999998
er,stage-cal,O,brier,0.04714374589275639,0.04666456768668028,0.04761218233138384,0.04768589227782753,0.04659684863626043,0.04714849676418121
er,stage-cal,O,log_loss,0.19267747218787687,0.18962560762766761,0.19569652989201103,0.19657401311259265,0.18951309574040642,0.1919453077106315
er,stage-cal,O,precision,0.0,0.0,0.0,0.0,0.0,0.0
er,stage-cal,O,recall,0.0,0.0,0.0,0.0,0.0,0.0
er,stage-cal,O,f1,0.0,0.0,0.0,0.0,0.0,0.0
er,stage-cal,O,specificity,1.0,1.0,1.0,1.0,1.0,1.0
er,stage-cal,O,balanced_accuracy,0.5,0.5,0.5,0.5,0.5,0.5
er,stage-cal,O,mcc,0.0,0.0,0.0,0.0,0.0,0.0
er,stage-cal,O,map,0.37672347165231246,0.3586917437591795,0.39480702258505185,0.3622648745952953,0.3926704802773345,0.3752350600843075
er,stage-cal,O,mrr,0.4262409403947151,0.40695475097296746,0.4451231017843534,0.41484937951676626,0.44015862948199,0.423714812185389
er,stage-cal,O,recall_at_1,0.20401785714285714,0.18719866071428568,0.22098214285714282,0.19419642857142855,0.21830357142857143,0.19955357142857144
er,stage-cal,O,recall_at_3,0.37901785714285713,0.3572916666666666,0.4013392857142857,0.3651785714285714,0.3897321428571428,0.3821428571428571
er,stage-cal,O,recall_at_5,0.4861607142857143,0.4617559523809524,0.5108630952380951,0.46919642857142857,0.515625,0.4736607142857143
er,stage-cal,O,recall_at_10,0.6622023809523809,0.6401748511904762,0.684077380952381,0.6459821428571428,0.6812499999999999,0.6593749999999999
er,stage-cal,O,ndcg_at_1,0.28065476190476185,0.26011904761904764,0.3008928571428571,0.2678571428571428,0.2946428571428571,0.2794642857142857
er,stage-cal,O,ndcg_at_3,0.33197903541563606,0.3117882410322625,0.351940322062783,0.3179112230466213,0.344505973667614,0.33351990953267296
er,stage-cal,O,ndcg_at_5,0.38045561898092295,0.35953500928653986,0.4011970347056716,0.36475404522555105,0.401278528763523,0.37533428295369475
er,stage-cal,O,ndcg_at_10,0.4425166119380593,0.4232994354103161,0.461730692090384,0.42735329121316123,0.460337645785364,0.43985889881565265
er,stage-cal,N,average_precision,0.25740421058136836,0.23873846363236084,0.27690968225626966,0.24360609700011673,0.2661798017039924,0.262426733039996
er,stage-cal,N,trapezoidal_pr_auc,0.2442514281955038,0.2252301866437829,0.2640029121458196,0.23006364073165625,0.2531264454065876,0.2495641984482675
er,stage-cal,N,roc_auc,0.7263378724394786,0.7120672718808192,0.7410079870810057,0.7171019553072626,0.7241847067039107,0.7377269553072627
er,stage-cal,N,recall_at_fpr_1pct,0.14333333333333334,0.12748958333333332,0.1608333333333333,0.13,0.15625,0.14375
er,stage-cal,N,brier,0.04630233047602128,0.045838373052087225,0.046742006169888196,0.0465057252143371,0.04629920001395079,0.046102066199775936
er,stage-cal,N,log_loss,0.18627806925219084,0.1834574172544809,0.18894733654098053,0.18834640349387044,0.18619041028729869,0.18429739397540348
er,stage-cal,N,precision,0.0,0.0,0.0,0.0,0.0,0.0
er,stage-cal,N,recall,0.0,0.0,0.0,0.0,0.0,0.0
er,stage-cal,N,f1,0.0,0.0,0.0,0.0,0.0,0.0
er,stage-cal,N,specificity,1.0,1.0,1.0,1.0,1.0,1.0
er,stage-cal,N,balanced_accuracy,0.5,0.5,0.5,0.5,0.5,0.5
er,stage-cal,N,mcc,0.0,0.0,0.0,0.0,0.0,0.0
er,stage-cal,N,map,0.4109011942278418,0.3945830961577667,0.42757008453311374,0.3917613676383571,0.41289638084175184,0.42804583420341663
er,stage-cal,N,mrr,0.45977485630786274,0.44110386555831405,0.47765658123658145,0.44392408540570016,0.45829332444633664,0.47710715907155143
er,stage-cal,N,recall_at_1,0.22842261904761899,0.21235119047619047,0.2443452380952381,0.21026785714285712,0.23169642857142853,0.2433035714285714
er,stage-cal,N,recall_at_3,0.4208333333333332,0.3998511904761905,0.44151785714285713,0.3924107142857143,0.42232142857142857,0.44776785714285705
er,stage-cal,N,recall_at_5,0.5267857142857143,0.5075892857142857,0.546875,0.5080357142857143,0.5209821428571428,0.5513392857142857
er,stage-cal,N,recall_at_10,0.6974702380952381,0.6785714285714285,0.7175595238095239,0.6843750000000001,0.6901785714285714,0.7178571428571429
er,stage-cal,N,ndcg_at_1,0.3160714285714286,0.29404761904761906,0.33780505952380946,0.2991071428571429,0.3196428571428571,0.32946428571428577
er,stage-cal,N,ndcg_at_3,0.3704442557510692,0.3509163912619643,0.38970499659279706,0.3460132169918292,0.3727854142950662,0.39253413596631226
er,stage-cal,N,ndcg_at_5,0.41787332924329906,0.4001064284187717,0.4362223717350235,0.3981214414558396,0.4170999590557334,0.4383985872183243
er,stage-cal,N,ndcg_at_10,0.4782747682872579,0.4611206195101327,0.49580457179824233,0.46072875445024575,0.47693129385567173,0.4971642565558563
er,stage-cal,Z,average_precision,0.2553133709147081,0.23524532281690538,0.277380159501921,0.22383712557320184,0.2868743274901457,0.25522865968077674
er,stage-cal,Z,trapezoidal_pr_auc,0.24188108189922164,0.22139381673018246,0.2645776577080217,0.20924567318742393,0.2728117318029665,0.24358584070727457
er,stage-cal,Z,roc_auc,0.7230249068901303,0.7073540502793298,0.7394918237895718,0.6962430167597766,0.7388722067039106,0.7339594972067041
er,stage-cal,Z,recall_at_fpr_1pct,0.15083333333333335,0.13,0.17333333333333334,0.12499999999999997,0.19000000000000003,0.1375
er,stage-cal,Z,brier,0.04627933055942288,0.04569227572102643,0.04681087626914797,0.047088105489066806,0.045447531445085086,0.046302354744116724
er,stage-cal,Z,log_loss,0.18709266476620948,0.183659217737556,0.19023033441089965,0.1927230461209059,0.18298961291361318,0.18556533526410934
er,stage-cal,Z,precision,0.0,0.0,0.0,0.0,0.0,0.0
er,stage-cal,Z,recall,0.0,0.0,0.0,0.0,0.0,0.0
er,stage-cal,Z,f1,0.0,0.0,0.0,0.0,0.0,0.0
er,stage-cal,Z,specificity,1.0,1.0,1.0,1.0,1.0,1.0
er,stage-cal,Z,balanced_accuracy,0.5,0.5,0.5,0.5,0.5,0.5
er,stage-cal,Z,mcc,0.0,0.0,0.0,0.0,0.0,0.0
er,stage-cal,Z,map,0.41007973062490083,0.39170734957166803,0.42929284761033043,0.3711705140959799,0.4400482789995282,0.4190203987791943
er,stage-cal,Z,mrr,0.45864928168374847,0.4388806649888426,0.47912696531776855,0.41658834551153634,0.4859131303087361,0.47344636923097305
er,stage-cal,Z,recall_at_1,0.22857142857142856,0.21160714285714285,0.24613095238095237,0.19017857142857142,0.2607142857142857,0.2348214285714286
er,stage-cal,Z,recall_at_3,0.4226190476190476,0.3994047619047619,0.4467261904761905,0.3732142857142857,0.45000000000000007,0.444642857142857
er,stage-cal,Z,recall_at_5,0.5205357142857142,0.4961235119047619,0.5458333333333333,0.475,0.5357142857142855,0.5508928571428571
er,stage-cal,Z,recall_at_10,0.6916666666666668,0.6681473214285714,0.7154836309523809,0.6580357142857144,0.6982142857142857,0.71875
er,stage-cal,Z,ndcg_at_1,0.31488095238095243,0.2910714285714286,0.33869047619047615,0.2696428571428572,0.35535714285714287,0.31964285714285723
er,stage-cal,Z,ndcg_at_3,0.37123929151918333,0.34995342981651956,0.39308146957248974,0.3250243454060294,0.40301267054453405,0.38568085860698653
er,stage-cal,Z,ndcg_at_5,0.4153400619844195,0.3944288478748944,0.4367544923604109,0.37107862471264214,0.4420147276255967,0.43292683361501966
er,stage-cal,Z,ndcg_at_10,0.47561259662840655,0.4567743211009438,0.4957550645551541,0.43542958355344485,0.49954308769831657,0.4918651186334581
er,stage-cal,F_first,average_precision,0.09165068507308416,0.06801334390027287,0.1151335045623453,0.11322309403580452,0.06727145725345829,0.09445750392998964
er,stage-cal,F_first,trapezoidal_pr_auc,0.08960768061654574,0.06489018328746365,0.11380672730417021,0.11173768934122497,0.06348070721591437,0.09360464529249793
er,stage-cal,F_first,roc_auc,0.07411429236499063,0.05660739641526998,0.09156389664804467,0.07460893854748596,0.06617667597765364,0.08155726256983231
er,stage-cal,F_first,recall_at_fpr_1pct,0.06500000000000002,0.037500000000000026,0.09333333333333334,0.09749999999999996,0.017499999999999988,0.0800000000000001
er,stage-cal,F_first,brier,0.003640369802952903,0.002995831573608715,0.004316202517929241,0.004009647184721549,0.002844138117960207,0.004067324106176953
er,stage-cal,F_first,log_loss,0.019895172558414425,0.01670230074737337,0.023134285829216564,0.02264789830900496,0.01744058669124937,0.01959703267498894
er,stage-cal,F_first,precision,0.5727777777777777,0.46915972222222224,0.6763888888888888,0.5,0.5841666666666667,0.6341666666666667
er,stage-cal,F_first,recall,0.07,0.055833333333333346,0.08416666666666667,0.034999999999999996,0.07500000000000001,0.1
er,stage-cal,F_first,f1,0.1217561954953259,0.09860426077545642,0.14536047979797972,0.06455862977602109,0.13036768304159607,0.17034227366836058
er,stage-cal,F_first,specificity,-0.0015828677839852718,-0.0020949720670392358,-0.0011173184357542443,-0.0002793296089386166,-0.0023743016759777413,-0.002094972067039458
er,stage-cal,F_first,balanced_accuracy,0.03420856610800749,0.027308601024208595,0.041339618249534464,0.01736033519553082,0.036312849162011274,0.04895251396648037
er,stage-cal,F_first,mcc,0.1849953641287145,0.1508063473520904,0.21858133762760174,0.12518029451851675,0.1931005871978488,0.23670521066977787
er,stage-cal,F_first,map,0.11121843986215463,0.08884520276000885,0.13302097314510722,0.13376652461512756,0.09112031751977823,0.1087684774515581
er,stage-cal,F_first,mrr,0.11087197770593499,0.08629003215883245,0.13487145642498144,0.13378127598720213,0.09167567128866244,0.10715898584194039
er,stage-cal,F_first,recall_at_1,0.09404761904761905,0.06815476190476194,0.11815476190476192,0.11785714285714283,0.07232142857142856,0.09196428571428578
er,stage-cal,F_first,recall_at_3,0.13095238095238101,0.10238095238095242,0.15892857142857142,0.1607142857142857,0.11875000000000008,0.11339285714285724
er,stage-cal,F_first,recall_at_5,0.131547619047619,0.0994047619047619,0.16369047619047614,0.15089285714285716,0.11160714285714268,0.13214285714285712
er,stage-cal,F_first,recall_at_10,0.09077380952380958,0.06190476190476202,0.1184523809523809,0.086607142857143,0.07499999999999996,0.11071428571428577
er,stage-cal,F_first,ndcg_at_1,0.12023809523809526,0.08809523809523812,0.15178571428571422,0.15178571428571427,0.09285714285714292,0.11607142857142855
er,stage-cal,F_first,ndcg_at_3,0.12523322966773773,0.09924389203924944,0.1505934935760199,0.15328674915308854,0.10814259483859734,0.11427034501152733
er,stage-cal,F_first,ndcg_at_5,0.12526540538711187,0.09954062476691326,0.15037376974512928,0.14930079565765508,0.10609321017452011,0.12040221032916038
er,stage-cal,F_first,ndcg_at_10,0.11080555063648216,0.08814597145736755,0.13290774752323165,0.1272530555703295,0.09154665477032231,0.11361694156879465
er,stage-cal,F,average_precision,0.06418731926740968,0.04872898299018817,0.07918557324412877,0.08134686296186355,0.037854911669027436,0.07336018317133805
er,stage-cal,F,trapezoidal_pr_auc,0.063046613874492,0.04678341684535241,0.07895258223829522,0.08148433588796139,0.03561323077818683,0.07204227495732778
er,stage-cal,F,roc_auc,0.05253433426443199,0.039918077863128405,0.06514740456238369,0.054752094972066956,0.035815293296089346,0.06703561452513968
er,stage-cal,F,recall_at_fpr_1pct,0.04125,0.02375,0.058750000000000024,0.06374999999999997,0.0037499999999999964,0.056250000000000036
er,stage-cal,F,brier,0.0023205887277019874,0.0019211247875428625,0.0027298362351946296,0.0027189777421584745,0.0013983074950496277,0.00284448094589786
er,stage-cal,F,log_loss,0.013781618433414472,0.011471387076831643,0.016165942633492233,0.015913944918859974,0.009877373099169584,0.015553537282213856
er,stage-cal,F,precision,0.28638888888888886,0.23457986111111112,0.3381944444444444,0.25,0.29208333333333336,0.31708333333333333
er,stage-cal,F,recall,0.035,0.027916666666666673,0.042083333333333334,0.017499999999999998,0.037500000000000006,0.05
er,stage-cal,F,f1,0.06087809774766295,0.04930213038772821,0.07268023989898986,0.032279314888010543,0.06518384152079804,0.08517113683418029
er,stage-cal,F,specificity,-0.0007914338919926359,-0.0010474860335196179,-0.0005586592178771221,-0.0001396648044693083,-0.0011871508379888707,-0.001047486033519729
er,stage-cal,F,balanced_accuracy,0.017104283054003744,0.013654300512104298,0.020669809124767232,0.00868016759776541,0.018156424581005637,0.024476256983240186
er,stage-cal,F,mcc,0.09249768206435725,0.0754031736760452,0.10929066881380087,0.06259014725925838,0.0965502935989244,0.11835260533488894
er,stage-cal,F,map,0.07332397024353506,0.05875709687595082,0.08812934110431808,0.08248771887927206,0.04685573523915748,0.09062845661217564
er,stage-cal,F,mrr,0.07217448680449343,0.05706917552438816,0.08785206053153949,0.08222695495843588,0.048716032732763176,0.08558047272228123
er,stage-cal,F,recall_at_1,0.05699404761904761,0.040624999999999994,0.07321428571428569,0.06517857142857142,0.03080357142857143,0.07499999999999998
er,stage-cal,F,recall_at_3,0.08824404761904765,0.0693452380952381,0.10773809523809524,0.09508928571428574,0.07098214285714288,0.09866071428571432
er,stage-cal,F,recall_at_5,0.09241071428571428,0.07202380952380953,0.11398809523809522,0.1026785714285714,0.06160714285714283,0.11294642857142856
er,stage-cal,F,recall_at_10,0.06517857142857146,0.04806175595238105,0.08244047619047623,0.06830357142857146,0.04330357142857144,0.08392857142857146
er,stage-cal,F,ndcg_at_1,0.07619047619047621,0.05713541666666663,0.09583333333333337,0.08928571428571432,0.046428571428571486,0.09285714285714283
er,stage-cal,F,ndcg_at_3,0.08234481223520683,0.0650185677910363,0.09965682010638564,0.09101956018821641,0.05994416248250134,0.09607071403490272
er,stage-cal,F,ndcg_at_5,0.08380366770465242,0.06751949809566944,0.10048714543663566,0.09440004778424232,0.05599852964343002,0.10101242568628488
er,stage-cal,F,ndcg_at_10,0.074424869272193,0.060284580906263666,0.08907421505464681,0.08273642007722584,0.048612892092382454,0.09192529564697069
er,stage-cal,G,average_precision,0.04074368003131632,0.02704117587270135,0.05510074400370554,0.03523636381698883,0.05835115754917858,0.028643518727781564
er,stage-cal,G,trapezoidal_pr_auc,0.041838052931591894,0.027952942208200562,0.05620712829437744,0.03654325138332165,0.05995465179316392,0.02901625561829009
er,stage-cal,G,roc_auc,0.02344564711359402,0.013572349278398515,0.03362158112197388,0.02519902234636867,0.028646997206703773,0.01649092178770961
er,stage-cal,G,recall_at_fpr_1pct,0.026249999999999985,0.012083333333333323,0.04208333333333333,0.009999999999999981,0.046249999999999986,0.022499999999999992
er,stage-cal,G,brier,0.0011097692842444082,0.0007222394452761353,0.0014967579686455462,0.0010285449287761456,0.0016865374276723404,0.0006142254962847385
er,stage-cal,G,log_loss,0.005272819431772838,0.003210481137263021,0.007272024785658561,0.0054801604172976665,0.006682383113583268,0.003655914764437579
er,stage-cal,G,precision,-0.20000000000000004,-0.2555555555555556,-0.1486111111111111,-0.15,-0.21250000000000005,-0.2375
er,stage-cal,G,recall,-0.01625,-0.02083333333333334,-0.012083333333333333,-0.0075,-0.018750000000000003,-0.0225
er,stage-cal,G,f1,-0.029415572350354954,-0.03760884797569581,-0.02187175294512251,-0.014285714285714285,-0.03359068467764119,-0.04037031808770939
er,stage-cal,G,specificity,0.0010009310986965152,0.0006983240223464119,0.001326815642458161,0.0001396648044693083,0.0017458100558659373,0.0011173184357542998
er,stage-cal,G,balanced_accuracy,-0.007624534450651736,-0.009997963221601533,-0.005448091247672278,-0.003680167597765349,-0.008502094972066998,-0.01069134078212286
er,stage-cal,G,mcc,-0.05086707045934615,-0.06521814697514824,-0.03711524349818244,-0.03207623812936531,-0.054466553258299986,-0.06605841999037315
er,stage-cal,G,map,0.03529269289067156,0.021133951373262204,0.049654786942565754,0.02499351460124996,0.04094273636547002,0.0399418277052947
er,stage-cal,G,mrr,0.03985460299107246,0.0238209611472999,0.055975160249072294,0.031355149480572164,0.044982219391173,0.043226440101472224
er,stage-cal,G,recall_at_1,0.029464285714285696,0.013839285714285715,0.04583333333333334,0.012946428571428553,0.03660714285714284,0.0388392857142857
er,stage-cal,G,recall_at_3,0.04553571428571426,0.026488095238095245,0.06473214285714281,0.02991071428571429,0.051339285714285754,0.055357142857142744
er,stage-cal,G,recall_at_5,0.029315476190476152,0.010416666666666657,0.0486607142857142,0.028571428571428553,0.029017857142857095,0.030357142857142805
er,stage-cal,G,recall_at_10,0.025595238095238115,0.01011904761904762,0.04226562500000007,0.020982142857142838,0.03794642857142866,0.01785714285714285
er,stage-cal,G,ndcg_at_1,0.04494047619047622,0.025297619047619038,0.06517857142857143,0.03214285714285714,0.051785714285714296,0.05089285714285721
er,stage-cal,G,ndcg_at_3,0.04348289677455067,0.02612918468700782,0.060896979419563346,0.029005912053609084,0.049379453218289404,0.05206332505175351
er,stage-cal,G,ndcg_at_5,0.03643757795189589,0.02024177912042524,0.05255591448798461,0.02887799782142661,0.039783442312556205,0.04065129372170484
er,stage-cal,G,ndcg_at_10,0.03517777348222337,0.021232938430005167,0.049363443124545325,0.026469148497496986,0.04303467750583828,0.036029494443334836
er,stage-cal,final_all,average_precision,0.23891428379422308,0.22223438996605466,0.2565656104558018,0.2113122103985238,0.26387722310420675,0.2415534178799387
er,stage-cal,final_all,trapezoidal_pr_auc,0.22644897458979482,0.20935311231053508,0.24449168829285572,0.19764772622275695,0.25201148402173074,0.22968771352489678
er,stage-cal,final_all,roc_auc,0.7068839230291745,0.6936133903631285,0.7204267632681564,0.6906494413407822,0.7225581936685289,0.7074441340782123
er,stage-cal,final_all,recall_at_fpr_1pct,0.13305555555555557,0.11777777777777777,0.14916666666666667,0.1025,0.16166666666666665,0.13499999999999998
er,stage-cal,final_all,brier,0.04685560744831189,0.04640826993505745,0.04728865985711442,0.04748663001490729,0.04621374290586865,0.04686644942415971
er,stage-cal,final_all,log_loss,0.1908158697139877,0.18806864893920267,0.19353904699814084,0.19529035744869705,0.18733860146480866,0.18981865022845745
er,stage-cal,final_all,precision,0.0,0.0,0.0,0.0,0.0,0.0
er,stage-cal,final_all,recall,0.0,0.0,0.0,0.0,0.0,0.0
er,stage-cal,final_all,f1,0.0,0.0,0.0,0.0,0.0,0.0
er,stage-cal,final_all,specificity,1.0,1.0,1.0,1.0,1.0,1.0
er,stage-cal,final_all,balanced_accuracy,0.5,0.5,0.5,0.5,0.5,0.5
er,stage-cal,final_all,mcc,0.0,0.0,0.0,0.0,0.0,0.0
er,stage-cal,final_all,map,0.3878422246431752,0.37244886635915064,0.4027733061870138,0.36523342109552354,0.40846307985139907,0.3898301729826031
er,stage-cal,final_all,mrr,0.4370437208243929,0.42033993112348766,0.45274452875590016,0.41542903484835625,0.45541012975757206,0.4402919978672504
er,stage-cal,final_all,recall_at_1,0.21220238095238095,0.19811507936507936,0.22649057539682538,0.19285714285714284,0.23244047619047617,0.21130952380952384
er,stage-cal,final_all,recall_at_3,0.3935515873015873,0.3740079365079365,0.413095238095238,0.3678571428571429,0.40982142857142856,0.40297619047619043
er,stage-cal,final_all,recall_at_5,0.4976190476190476,0.47767857142857145,0.5174603174603175,0.4711309523809524,0.5223214285714285,0.4994047619047619
er,stage-cal,final_all,recall_at_10,0.6720238095238095,0.6529761904761905,0.6912698412698411,0.65,0.6869047619047618,0.6791666666666666
er,stage-cal,final_all,ndcg_at_1,0.2920634920634921,0.2742063492063492,0.30932539682539684,0.26845238095238094,0.3148809523809524,0.29285714285714287
er,stage-cal,final_all,ndcg_at_3,0.34506578745015176,0.32746223380355344,0.3623029566512667,0.32028226383309066,0.3640082059599206,0.3509068925574441
er,stage-cal,final_all,ndcg_at_5,0.3920837666487551,0.3744880210184839,0.4090026801301452,0.36686223838791476,0.4148572617175475,0.39453179984080305
er,stage-cal,final_all,ndcg_at_10,0.4535486068348417,0.43681496393632185,0.46958803091593243,0.4300453886599224,0.4734061264230149,0.45719430542158784
er,first-cal,O,average_precision,0.23071474023398056,0.2124818740561751,0.2504446069438972,0.20504975281118482,0.2523786709112372,0.23471579697951972
er,first-cal,O,trapezoidal_pr_auc,0.21873292093508143,0.20003607251987637,0.23896881475676426,0.19184875274042346,0.2416113601311129,0.2227386499337079
er,first-cal,O,roc_auc,0.6988134310986965,0.6836457896880819,0.7141423999068902,0.6878526536312849,0.7144011871508381,0.6941864525139665
er,first-cal,O,recall_at_fpr_1pct,0.12416666666666666,0.10666666666666667,0.14291666666666666,0.09125000000000003,0.1475,0.13374999999999998
er,first-cal,O,brier,0.05680094626254234,0.05497164274067138,0.05852813972901935,0.050635445492491465,0.04923100879815283,0.07053638449698271
er,first-cal,O,log_loss,0.2287062080654291,0.22222622591084285,0.23511315219341675,0.21601361787381979,0.20812957831195825,0.2619754280105093
er,first-cal,O,precision,0.3682967495832043,0.3268635127660797,0.4128603826541853,0.3742451298701299,0.47960768398268405,0.2510374348967988
er,first-cal,O,recall,0.1729166666666667,0.1575,0.18833333333333332,0.0975,0.14,0.28125
er,first-cal,O,f1,0.20449026228599634,0.18633100301037794,0.22267742519691344,0.1483965632028818,0.21019871683725844,0.2548755068178488
er,first-cal,O,specificity,0.9753258845437616,0.97243947858473,0.9781890130353817,0.9895251396648044,0.9904329608938548,0.9460195530726256
er,first-cal,O,balanced_accuracy,0.5741212756052141,0.566363885009311,0.5818756983240223,0.5435125698324021,0.5652164804469273,0.6136347765363128
er,first-cal,O,mcc,0.20328592864137143,0.18183416004143674,0.22556953062557858,0.1630390693140891,0.23220711811659706,0.2146115984934281
er,first-cal,O,map,0.37672347165231246,0.3586917437591795,0.39480702258505185,0.3622648745952953,0.3926704802773345,0.3752350600843075
er,first-cal,O,mrr,0.4262409403947151,0.40695475097296746,0.4451231017843534,0.41484937951676626,0.44015862948199,0.423714812185389
er,first-cal,O,recall_at_1,0.20401785714285714,0.18719866071428568,0.22098214285714282,0.19419642857142855,0.21830357142857143,0.19955357142857144
er,first-cal,O,recall_at_3,0.37901785714285713,0.3572916666666666,0.4013392857142857,0.3651785714285714,0.3897321428571428,0.3821428571428571
er,first-cal,O,recall_at_5,0.4861607142857143,0.4617559523809524,0.5108630952380951,0.46919642857142857,0.515625,0.4736607142857143
er,first-cal,O,recall_at_10,0.6622023809523809,0.6401748511904762,0.684077380952381,0.6459821428571428,0.6812499999999999,0.6593749999999999
er,first-cal,O,ndcg_at_1,0.28065476190476185,0.26011904761904764,0.3008928571428571,0.2678571428571428,0.2946428571428571,0.2794642857142857
er,first-cal,O,ndcg_at_3,0.33197903541563606,0.3117882410322625,0.351940322062783,0.3179112230466213,0.344505973667614,0.33351990953267296
er,first-cal,O,ndcg_at_5,0.38045561898092295,0.35953500928653986,0.4011970347056716,0.36475404522555105,0.401278528763523,0.37533428295369475
er,first-cal,O,ndcg_at_10,0.4425166119380593,0.4232994354103161,0.461730692090384,0.42735329121316123,0.460337645785364,0.43985889881565265
er,first-cal,N,average_precision,0.25740421058136836,0.23873846363236084,0.27690968225626966,0.24360609700011673,0.2661798017039924,0.262426733039996
er,first-cal,N,trapezoidal_pr_auc,0.2442514281955038,0.2252301866437829,0.2640029121458196,0.23006364073165625,0.2531264454065876,0.2495641984482675
er,first-cal,N,roc_auc,0.7263378724394786,0.7120672718808192,0.7410079870810057,0.7171019553072626,0.7241847067039107,0.7377269553072627
er,first-cal,N,recall_at_fpr_1pct,0.14333333333333334,0.12748958333333332,0.1608333333333333,0.13,0.15625,0.14375
er,first-cal,N,brier,0.05243022315332236,0.05102402209758903,0.053859702675611305,0.04779784198660561,0.046678248221316936,0.06281457925204453
er,first-cal,N,log_loss,0.20946372975483507,0.20394941001679626,0.21471795639419433,0.1998240646280039,0.19553084651557912,0.2330362781209222
er,first-cal,N,precision,0.45209430556385327,0.39940170198572866,0.5051570410223463,0.47604707792207795,0.5953318903318903,0.28490394843759137
er,first-cal,N,recall,0.16416666666666666,0.15040625000000002,0.17833333333333334,0.0925,0.12750000000000003,0.27249999999999996
er,first-cal,N,f1,0.20393204324158054,0.18708290505977979,0.22146216895621082,0.146656633030829,0.19819022131395783,0.2669492753799549
er,first-cal,N,specificity,0.9817970204841714,0.9797718808193668,0.9837290502793298,0.993854748603352,0.9939245810055863,0.9576117318435755
er,first-cal,N,balanced_accuracy,0.5729818435754189,0.5661662011173184,0.5798557960893855,0.5431773743016759,0.5607122905027933,0.6150558659217877
er,first-cal,N,mcc,0.21991960003073643,0.1984750061234083,0.2415805531132775,0.18279004315951397,0.24455999809522316,0.2324087588374722
er,first-cal,N,map,0.4109011942278418,0.3945830961577667,0.42757008453311374,0.3917613676383571,0.41289638084175184,0.42804583420341663
er,first-cal,N,mrr,0.45977485630786274,0.44110386555831405,0.47765658123658145,0.44392408540570016,0.45829332444633664,0.47710715907155143
er,first-cal,N,recall_at_1,0.22842261904761899,0.21235119047619047,0.2443452380952381,0.21026785714285712,0.23169642857142853,0.2433035714285714
er,first-cal,N,recall_at_3,0.4208333333333332,0.3998511904761905,0.44151785714285713,0.3924107142857143,0.42232142857142857,0.44776785714285705
er,first-cal,N,recall_at_5,0.5267857142857143,0.5075892857142857,0.546875,0.5080357142857143,0.5209821428571428,0.5513392857142857
er,first-cal,N,recall_at_10,0.6974702380952381,0.6785714285714285,0.7175595238095239,0.6843750000000001,0.6901785714285714,0.7178571428571429
er,first-cal,N,ndcg_at_1,0.3160714285714286,0.29404761904761906,0.33780505952380946,0.2991071428571429,0.3196428571428571,0.32946428571428577
er,first-cal,N,ndcg_at_3,0.3704442557510692,0.3509163912619643,0.38970499659279706,0.3460132169918292,0.3727854142950662,0.39253413596631226
er,first-cal,N,ndcg_at_5,0.41787332924329906,0.4001064284187717,0.4362223717350235,0.3981214414558396,0.4170999590557334,0.4383985872183243
er,first-cal,N,ndcg_at_10,0.4782747682872579,0.4611206195101327,0.49580457179824233,0.46072875445024575,0.47693129385567173,0.4971642565558563
er,first-cal,Z,average_precision,0.2553133709147081,0.23524532281690538,0.277380159501921,0.22383712557320184,0.2868743274901457,0.25522865968077674
er,first-cal,Z,trapezoidal_pr_auc,0.24188108189922164,0.22139381673018246,0.2645776577080217,0.20924567318742393,0.2728117318029665,0.24358584070727457
er,first-cal,Z,roc_auc,0.7230249068901303,0.7073540502793298,0.7394918237895718,0.6962430167597766,0.7388722067039106,0.7339594972067041
er,first-cal,Z,recall_at_fpr_1pct,0.15083333333333335,0.13,0.17333333333333334,0.12499999999999997,0.19000000000000003,0.1375
er,first-cal,Z,brier,0.054688108007578694,0.052793394553383194,0.05650914980708296,0.049621376435909595,0.04647407985252969,0.06796886773429679
er,first-cal,Z,log_loss,0.21734680127331538,0.21009421970568548,0.22397069768902816,0.20814606955059817,0.19488552694406197,0.2490088073252859
er,first-cal,Z,precision,0.3942487479525491,0.34485821590551347,0.4447834235100092,0.3779274891774892,0.5567352092352091,0.24808354544494898
er,first-cal,Z,recall,0.2008333333333333,0.18083333333333332,0.2225,0.11999999999999997,0.17750000000000002,0.30499999999999994
er,first-cal,Z,f1,0.23712025105915124,0.21240631492508358,0.2636151859883565,0.17885034492482382,0.2627260414735145,0.2697843667791153
er,first-cal,Z,specificity,0.9763500931098695,0.9738361266294228,0.9787709497206704,0.9902234636871509,0.9917597765363126,0.9470670391061452
er,first-cal,Z,balanced_accuracy,0.5885917132216014,0.5788403747672253,0.5993110451582867,0.5551117318435753,0.5846298882681564,0.6260335195530727
er,first-cal,Z,mcc,0.23547140262769525,0.20775735923513602,0.2653652756137755,0.1889891693962094,0.28943160412410274,0.22799343436277358
er,first-cal,Z,map,0.41007973062490083,0.39170734957166803,0.42929284761033043,0.3711705140959799,0.4400482789995282,0.4190203987791943
er,first-cal,Z,mrr,0.45864928168374847,0.4388806649888426,0.47912696531776855,0.41658834551153634,0.4859131303087361,0.47344636923097305
er,first-cal,Z,recall_at_1,0.22857142857142856,0.21160714285714285,0.24613095238095237,0.19017857142857142,0.2607142857142857,0.2348214285714286
er,first-cal,Z,recall_at_3,0.4226190476190476,0.3994047619047619,0.4467261904761905,0.3732142857142857,0.45000000000000007,0.444642857142857
er,first-cal,Z,recall_at_5,0.5205357142857142,0.4961235119047619,0.5458333333333333,0.475,0.5357142857142855,0.5508928571428571
er,first-cal,Z,recall_at_10,0.6916666666666668,0.6681473214285714,0.7154836309523809,0.6580357142857144,0.6982142857142857,0.71875
er,first-cal,Z,ndcg_at_1,0.31488095238095243,0.2910714285714286,0.33869047619047615,0.2696428571428572,0.35535714285714287,0.31964285714285723
er,first-cal,Z,ndcg_at_3,0.37123929151918333,0.34995342981651956,0.39308146957248974,0.3250243454060294,0.40301267054453405,0.38568085860698653
er,first-cal,Z,ndcg_at_5,0.4153400619844195,0.3944288478748944,0.4367544923604109,0.37107862471264214,0.4420147276255967,0.43292683361501966
er,first-cal,Z,ndcg_at_10,0.47561259662840655,0.4567743211009438,0.4957550645551541,0.43542958355344485,0.49954308769831657,0.4918651186334581
er,first-cal,F_first,average_precision,0.09165068507308416,0.06801334390027287,0.1151335045623453,0.11322309403580452,0.06727145725345829,0.09445750392998964
er,first-cal,F_first,trapezoidal_pr_auc,0.08960768061654574,0.06489018328746365,0.11380672730417021,0.11173768934122497,0.06348070721591437,0.09360464529249793
er,first-cal,F_first,roc_auc,0.07411429236499063,0.05660739641526998,0.09156389664804467,0.07460893854748596,0.06617667597765364,0.08155726256983231
er,first-cal,F_first,recall_at_fpr_1pct,0.06500000000000002,0.037500000000000026,0.09333333333333334,0.09749999999999996,0.017499999999999988,0.0800000000000001
er,first-cal,F_first,brier,0.013362680573353942,0.011254964662782935,0.015515118430408125,0.006604713798011426,0.005065846136411034,0.028417481785639367
er,first-cal,F_first,log_loss,0.056255754690829995,0.04994618817219453,0.06253733505104339,0.043230526741840386,0.035928804950638854,0.08960793238001075
er,first-cal,F_first,precision,0.1815049825640975,0.0688653017344555,0.2866882705241848,0.0993849206349206,0.06411796536796532,0.38101206168940654
er,first-cal,F_first,recall,-0.11000000000000003,-0.13166666666666668,-0.08916666666666669,-0.05000000000000001,-0.08499999999999999,-0.19500000000000003
er,first-cal,F_first,f1,-0.09125890814664084,-0.12177266047855909,-0.061759327272045174,-0.07102214413383828,-0.10808842029353949,-0.09466616001254474
er,first-cal,F_first,specificity,0.02309124767225316,0.019273743016759697,0.027049581005586614,0.007681564245810124,0.00712290502793278,0.05446927374301658
er,first-cal,F_first,balanced_accuracy,-0.0434543761638733,-0.05459031657355673,-0.03282250931098685,-0.02115921787709485,-0.038938547486033426,-0.07026536312849163
er,first-cal,F_first,mcc,-0.030036140833887004,-0.06887595028763725,0.007581069620206303,-0.03485969154880808,-0.06917479224277742,0.01392606128992449
er,first-cal,F_first,map,0.11121843986215463,0.08884520276000885,0.13302097314510722,0.13376652461512756,0.09112031751977823,0.1087684774515581
er,first-cal,F_first,mrr,0.11087197770593499,0.08629003215883245,0.13487145642498144,0.13378127598720213,0.09167567128866244,0.10715898584194039
er,first-cal,F_first,recall_at_1,0.09404761904761905,0.06815476190476194,0.11815476190476192,0.11785714285714283,0.07232142857142856,0.09196428571428578
er,first-cal,F_first,recall_at_3,0.13095238095238101,0.10238095238095242,0.15892857142857142,0.1607142857142857,0.11875000000000008,0.11339285714285724
er,first-cal,F_first,recall_at_5,0.131547619047619,0.0994047619047619,0.16369047619047614,0.15089285714285716,0.11160714285714268,0.13214285714285712
er,first-cal,F_first,recall_at_10,0.09077380952380958,0.06190476190476202,0.1184523809523809,0.086607142857143,0.07499999999999996,0.11071428571428577
er,first-cal,F_first,ndcg_at_1,0.12023809523809526,0.08809523809523812,0.15178571428571422,0.15178571428571427,0.09285714285714292,0.11607142857142855
er,first-cal,F_first,ndcg_at_3,0.12523322966773773,0.09924389203924944,0.1505934935760199,0.15328674915308854,0.10814259483859734,0.11427034501152733
er,first-cal,F_first,ndcg_at_5,0.12526540538711187,0.09954062476691326,0.15037376974512928,0.14930079565765508,0.10609321017452011,0.12040221032916038
er,first-cal,F_first,ndcg_at_10,0.11080555063648216,0.08814597145736755,0.13290774752323165,0.1272530555703295,0.09154665477032231,0.11361694156879465
er,first-cal,F,average_precision,0.06418731926740968,0.04872898299018817,0.07918557324412877,0.08134686296186355,0.037854911669027436,0.07336018317133805
er,first-cal,F,trapezoidal_pr_auc,0.063046613874492,0.04678341684535241,0.07895258223829522,0.08148433588796139,0.03561323077818683,0.07204227495732778
er,first-cal,F,roc_auc,0.05253433426443199,0.039918077863128405,0.06514740456238369,0.054752094972066956,0.035815293296089346,0.06703561452513968
er,first-cal,F,recall_at_fpr_1pct,0.04125,0.02375,0.058750000000000024,0.06374999999999997,0.0037499999999999964,0.056250000000000036
er,first-cal,F,brier,0.010054285144264758,0.008688133667240087,0.011391498389997671,0.0056430496579752965,0.0041666936532981855,0.020353112121520793
er,first-cal,F,log_loss,0.041751762061875454,0.036985741732885415,0.04657396504640666,0.031587400260799745,0.025101376457665386,0.06856650946716125
er,first-cal,F,precision,0.1730620708932633,0.10358033737311127,0.24281690299021752,0.16283820346320346,0.12943993506493504,0.22690807415165143
er,first-cal,F,recall,-0.07416666666666669,-0.08916666666666666,-0.05958333333333332,-0.0475,-0.06375,-0.11125000000000006
er,first-cal,F,f1,-0.058240246826328425,-0.07802546390036091,-0.038156905789579705,-0.05888578774645418,-0.07818767473925983,-0.03764727799327129
er,first-cal,F,specificity,0.017504655493482252,0.01515304934823073,0.019762569832402155,0.009078212290502818,0.006424581005586405,0.03701117318435754
er,first-cal,F,balanced_accuracy,-0.028331005586592146,-0.03589507681564237,-0.02079800977653635,-0.0192108938547485,-0.028662709497206618,-0.03711941340782132
er,first-cal,F,mcc,-0.008604347860125336,-0.03392853495863434,0.01633454079623032,-0.01215346359342144,-0.03581262848450083,0.022153048497546263
er,first-cal,F,map,0.07332397024353506,0.05875709687595082,0.08812934110431808,0.08248771887927206,0.04685573523915748,0.09062845661217564
er,first-cal,F,mrr,0.07217448680449343,0.05706917552438816,0.08785206053153949,0.08222695495843588,0.048716032732763176,0.08558047272228123
er,first-cal,F,recall_at_1,0.05699404761904761,0.040624999999999994,0.07321428571428569,0.06517857142857142,0.03080357142857143,0.07499999999999998
er,first-cal,F,recall_at_3,0.08824404761904765,0.0693452380952381,0.10773809523809524,0.09508928571428574,0.07098214285714288,0.09866071428571432
er,first-cal,F,recall_at_5,0.09241071428571428,0.07202380952380953,0.11398809523809522,0.1026785714285714,0.06160714285714283,0.11294642857142856
er,first-cal,F,recall_at_10,0.06517857142857146,0.04806175595238105,0.08244047619047623,0.06830357142857146,0.04330357142857144,0.08392857142857146
er,first-cal,F,ndcg_at_1,0.07619047619047621,0.05713541666666663,0.09583333333333337,0.08928571428571432,0.046428571428571486,0.09285714285714283
er,first-cal,F,ndcg_at_3,0.08234481223520683,0.0650185677910363,0.09965682010638564,0.09101956018821641,0.05994416248250134,0.09607071403490272
er,first-cal,F,ndcg_at_5,0.08380366770465242,0.06751949809566944,0.10048714543663566,0.09440004778424232,0.05599852964343002,0.10101242568628488
er,first-cal,F,ndcg_at_10,0.074424869272193,0.060284580906263666,0.08907421505464681,0.08273642007722584,0.048612892092382454,0.09192529564697069
er,first-cal,G,average_precision,0.04074368003131632,0.02704117587270135,0.05510074400370554,0.03523636381698883,0.05835115754917858,0.028643518727781564
er,first-cal,G,trapezoidal_pr_auc,0.041838052931591894,0.027952942208200562,0.05620712829437744,0.03654325138332165,0.05995465179316392,0.02901625561829009
er,first-cal,G,roc_auc,0.02344564711359402,0.013572349278398515,0.03362158112197388,0.02519902234636867,0.028646997206703773,0.01649092178770961
er,first-cal,G,recall_at_fpr_1pct,0.026249999999999985,0.012083333333333323,0.04208333333333333,0.009999999999999981,0.046249999999999986,0.022499999999999992
er,first-cal,G,brier,-0.002214863390857092,-0.003530729983964995,-0.0008803487056185152,0.0001645577336434785,0.0016730619482904843,-0.008482209854505238
er,first-cal,G,log_loss,-0.006654624369494183,-0.011167598641501728,-0.002259434730099479,1.0544406309070942e-05,0.0032262594250247467,-0.023200676939816367
er,first-cal,G,precision,0.06100947989569419,-0.006187930582162091,0.12658098489403422,0.08854707792207797,0.19533189033189022,-0.10085052856688562
er,first-cal,G,recall,0.09208333333333334,0.07875,0.1054270833333332,0.05624999999999999,0.08250000000000002,0.13749999999999996
er,first-cal,G,f1,0.1022812720315203,0.08569172216278395,0.11916719475455069,0.08253090368770835,0.11966635387704694,0.10464655852980564
er,first-cal,G,specificity,-0.010265363128491634,-0.01226722532588457,-0.008216945996275557,-0.004748603351955205,-0.0024441340782124787,-0.023603351955307217
er,first-cal,G,balanced_accuracy,0.04090898510242086,0.034519145716945955,0.047414135242085605,0.025750698324022325,0.04002793296089385,0.0569483240223464
er,first-cal,G,mcc,0.08818295125324693,0.06794989698837549,0.10853713090412308,0.07673787800366133,0.12874414246007695,0.05906683329600253
er,first-cal,G,map,0.03529269289067156,0.021133951373262204,0.049654786942565754,0.02499351460124996,0.04094273636547002,0.0399418277052947
er,first-cal,G,mrr,0.03985460299107246,0.0238209611472999,0.055975160249072294,0.031355149480572164,0.044982219391173,0.043226440101472224
er,first-cal,G,recall_at_1,0.029464285714285696,0.013839285714285715,0.04583333333333334,0.012946428571428553,0.03660714285714284,0.0388392857142857
er,first-cal,G,recall_at_3,0.04553571428571426,0.026488095238095245,0.06473214285714281,0.02991071428571429,0.051339285714285754,0.055357142857142744
er,first-cal,G,recall_at_5,0.029315476190476152,0.010416666666666657,0.0486607142857142,0.028571428571428553,0.029017857142857095,0.030357142857142805
er,first-cal,G,recall_at_10,0.025595238095238115,0.01011904761904762,0.04226562500000007,0.020982142857142838,0.03794642857142866,0.01785714285714285
er,first-cal,G,ndcg_at_1,0.04494047619047622,0.025297619047619038,0.06517857142857143,0.03214285714285714,0.051785714285714296,0.05089285714285721
er,first-cal,G,ndcg_at_3,0.04348289677455067,0.02612918468700782,0.060896979419563346,0.029005912053609084,0.049379453218289404,0.05206332505175351
er,first-cal,G,ndcg_at_5,0.03643757795189589,0.02024177912042524,0.05255591448798461,0.02887799782142661,0.039783442312556205,0.04065129372170484
er,first-cal,G,ndcg_at_10,0.03517777348222337,0.021232938430005167,0.049363443124545325,0.026469148497496986,0.04303467750583828,0.036029494443334836
er,first-cal,final_all,average_precision,0.23891428379422308,0.22223438996605466,0.2565656104558018,0.2113122103985238,0.26387722310420675,0.2415534178799387
er,first-cal,final_all,trapezoidal_pr_auc,0.22644897458979482,0.20935311231053508,0.24449168829285572,0.19764772622275695,0.25201148402173074,0.22968771352489678
er,first-cal,final_all,roc_auc,0.7068839230291745,0.6936133903631285,0.7204267632681564,0.6906494413407822,0.7225581936685289,0.7074441340782123
er,first-cal,final_all,recall_at_fpr_1pct,0.13305555555555557,0.11777777777777777,0.14916666666666667,0.1025,0.16166666666666665,0.13499999999999998
er,first-cal,final_all,brier,0.05609666684422112,0.054548035221414055,0.057570907332204026,0.05029742247363084,0.04831203248294511,0.0696805455760874
er,first-cal,final_all,log_loss,0.2249197391347245,0.21940272257176438,0.23043072378738413,0.21339110176607923,0.20371489452265948,0.2576532211154348
er,first-cal,final_all,precision,0.37694741570631923,0.34120895672348284,0.41500329846598494,0.37547258297258307,0.5053168590668591,0.2500528050795155
er,first-cal,final_all,recall,0.1822222222222222,0.16888888888888887,0.1958333333333333,0.10499999999999998,0.1525,0.2891666666666666
er,first-cal,final_all,f1,0.21536692521038128,0.19917958316434375,0.23211474378243308,0.15854782377686247,0.2277078250493438,0.25984512680493765
er,first-cal,final_all,specificity,0.9756672873991309,0.9733546710117938,0.9779329608938547,0.9897579143389198,0.9908752327746742,0.9463687150837988
er,first-cal,final_all,balanced_accuracy,0.5789447548106765,0.5723472610180014,0.5856671322160149,0.5473789571694598,0.571687616387337,0.6177676908752328
er,first-cal,final_all,mcc,0.214014419970146,0.19500115494848405,0.2336873245412076,0.17168910267479587,0.2512819467857656,0.21907221044987657
er,first-cal,final_all,map,0.3878422246431752,0.37244886635915064,0.4027733061870138,0.36523342109552354,0.40846307985139907,0.3898301729826031
er,first-cal,final_all,mrr,0.4370437208243929,0.42033993112348766,0.45274452875590016,0.41542903484835625,0.45541012975757206,0.4402919978672504
er,first-cal,final_all,recall_at_1,0.21220238095238095,0.19811507936507936,0.22649057539682538,0.19285714285714284,0.23244047619047617,0.21130952380952384
er,first-cal,final_all,recall_at_3,0.3935515873015873,0.3740079365079365,0.413095238095238,0.3678571428571429,0.40982142857142856,0.40297619047619043
er,first-cal,final_all,recall_at_5,0.4976190476190476,0.47767857142857145,0.5174603174603175,0.4711309523809524,0.5223214285714285,0.4994047619047619
er,first-cal,final_all,recall_at_10,0.6720238095238095,0.6529761904761905,0.6912698412698411,0.65,0.6869047619047618,0.6791666666666666
er,first-cal,final_all,ndcg_at_1,0.2920634920634921,0.2742063492063492,0.30932539682539684,0.26845238095238094,0.3148809523809524,0.29285714285714287
er,first-cal,final_all,ndcg_at_3,0.34506578745015176,0.32746223380355344,0.3623029566512667,0.32028226383309066,0.3640082059599206,0.3509068925574441
er,first-cal,final_all,ndcg_at_5,0.3920837666487551,0.3744880210184839,0.4090026801301452,0.36686223838791476,0.4148572617175475,0.39453179984080305
er,first-cal,final_all,ndcg_at_10,0.4535486068348417,0.43681496393632185,0.46958803091593243,0.4300453886599224,0.4734061264230149,0.45719430542158784
er,primary,O,average_precision,0.23071474023398056,0.2124818740561751,0.2504446069438972,0.20504975281118482,0.2523786709112372,0.23471579697951972
er,primary,O,trapezoidal_pr_auc,0.21873292093508143,0.20003607251987637,0.23896881475676426,0.19184875274042346,0.2416113601311129,0.2227386499337079
er,primary,O,roc_auc,0.6988134310986965,0.6836457896880819,0.7141423999068902,0.6878526536312849,0.7144011871508381,0.6941864525139665
er,primary,O,recall_at_fpr_1pct,0.12416666666666666,0.10666666666666667,0.14291666666666666,0.09125000000000003,0.1475,0.13374999999999998
er,primary,O,brier,0.04714374589275639,0.04666456768668028,0.04761218233138384,0.04768589227782753,0.04659684863626043,0.04714849676418121
er,primary,O,log_loss,0.19267747218787687,0.18962560762766761,0.19569652989201103,0.19657401311259265,0.18951309574040642,0.1919453077106315
er,primary,O,precision,0.0,0.0,0.0,0.0,0.0,0.0
er,primary,O,recall,0.0,0.0,0.0,0.0,0.0,0.0
er,primary,O,f1,0.0,0.0,0.0,0.0,0.0,0.0
er,primary,O,specificity,1.0,1.0,1.0,1.0,1.0,1.0
er,primary,O,balanced_accuracy,0.5,0.5,0.5,0.5,0.5,0.5
er,primary,O,mcc,0.0,0.0,0.0,0.0,0.0,0.0
er,primary,O,map,0.37672347165231246,0.3586917437591795,0.39480702258505185,0.3622648745952953,0.3926704802773345,0.3752350600843075
er,primary,O,mrr,0.4262409403947151,0.40695475097296746,0.4451231017843534,0.41484937951676626,0.44015862948199,0.423714812185389
er,primary,O,recall_at_1,0.20401785714285714,0.18719866071428568,0.22098214285714282,0.19419642857142855,0.21830357142857143,0.19955357142857144
er,primary,O,recall_at_3,0.37901785714285713,0.3572916666666666,0.4013392857142857,0.3651785714285714,0.3897321428571428,0.3821428571428571
er,primary,O,recall_at_5,0.4861607142857143,0.4617559523809524,0.5108630952380951,0.46919642857142857,0.515625,0.4736607142857143
er,primary,O,recall_at_10,0.6622023809523809,0.6401748511904762,0.684077380952381,0.6459821428571428,0.6812499999999999,0.6593749999999999
er,primary,O,ndcg_at_1,0.28065476190476185,0.26011904761904764,0.3008928571428571,0.2678571428571428,0.2946428571428571,0.2794642857142857
er,primary,O,ndcg_at_3,0.33197903541563606,0.3117882410322625,0.351940322062783,0.3179112230466213,0.344505973667614,0.33351990953267296
er,primary,O,ndcg_at_5,0.38045561898092295,0.35953500928653986,0.4011970347056716,0.36475404522555105,0.401278528763523,0.37533428295369475
er,primary,O,ndcg_at_10,0.4425166119380593,0.4232994354103161,0.461730692090384,0.42735329121316123,0.460337645785364,0.43985889881565265
er,primary,N,average_precision,0.25740421058136836,0.23873846363236084,0.27690968225626966,0.24360609700011673,0.2661798017039924,0.262426733039996
er,primary,N,trapezoidal_pr_auc,0.2442514281955038,0.2252301866437829,0.2640029121458196,0.23006364073165625,0.2531264454065876,0.2495641984482675
er,primary,N,roc_auc,0.7263378724394786,0.7120672718808192,0.7410079870810057,0.7171019553072626,0.7241847067039107,0.7377269553072627
er,primary,N,recall_at_fpr_1pct,0.14333333333333334,0.12748958333333332,0.1608333333333333,0.13,0.15625,0.14375
er,primary,N,brier,0.04630233047602128,0.045838373052087225,0.046742006169888196,0.0465057252143371,0.04629920001395079,0.046102066199775936
er,primary,N,log_loss,0.18627806925219084,0.1834574172544809,0.18894733654098053,0.18834640349387044,0.18619041028729869,0.18429739397540348
er,primary,N,precision,0.0,0.0,0.0,0.0,0.0,0.0
er,primary,N,recall,0.0,0.0,0.0,0.0,0.0,0.0
er,primary,N,f1,0.0,0.0,0.0,0.0,0.0,0.0
er,primary,N,specificity,1.0,1.0,1.0,1.0,1.0,1.0
er,primary,N,balanced_accuracy,0.5,0.5,0.5,0.5,0.5,0.5
er,primary,N,mcc,0.0,0.0,0.0,0.0,0.0,0.0
er,primary,N,map,0.4109011942278418,0.3945830961577667,0.42757008453311374,0.3917613676383571,0.41289638084175184,0.42804583420341663
er,primary,N,mrr,0.45977485630786274,0.44110386555831405,0.47765658123658145,0.44392408540570016,0.45829332444633664,0.47710715907155143
er,primary,N,recall_at_1,0.22842261904761899,0.21235119047619047,0.2443452380952381,0.21026785714285712,0.23169642857142853,0.2433035714285714
er,primary,N,recall_at_3,0.4208333333333332,0.3998511904761905,0.44151785714285713,0.3924107142857143,0.42232142857142857,0.44776785714285705
er,primary,N,recall_at_5,0.5267857142857143,0.5075892857142857,0.546875,0.5080357142857143,0.5209821428571428,0.5513392857142857
er,primary,N,recall_at_10,0.6974702380952381,0.6785714285714285,0.7175595238095239,0.6843750000000001,0.6901785714285714,0.7178571428571429
er,primary,N,ndcg_at_1,0.3160714285714286,0.29404761904761906,0.33780505952380946,0.2991071428571429,0.3196428571428571,0.32946428571428577
er,primary,N,ndcg_at_3,0.3704442557510692,0.3509163912619643,0.38970499659279706,0.3460132169918292,0.3727854142950662,0.39253413596631226
er,primary,N,ndcg_at_5,0.41787332924329906,0.4001064284187717,0.4362223717350235,0.3981214414558396,0.4170999590557334,0.4383985872183243
er,primary,N,ndcg_at_10,0.4782747682872579,0.4611206195101327,0.49580457179824233,0.46072875445024575,0.47693129385567173,0.4971642565558563
er,primary,Z,average_precision,0.2553133709147081,0.23524532281690538,0.277380159501921,0.22383712557320184,0.2868743274901457,0.25522865968077674
er,primary,Z,trapezoidal_pr_auc,0.24188108189922164,0.22139381673018246,0.2645776577080217,0.20924567318742393,0.2728117318029665,0.24358584070727457
er,primary,Z,roc_auc,0.7230249068901303,0.7073540502793298,0.7394918237895718,0.6962430167597766,0.7388722067039106,0.7339594972067041
er,primary,Z,recall_at_fpr_1pct,0.15083333333333335,0.13,0.17333333333333334,0.12499999999999997,0.19000000000000003,0.1375
er,primary,Z,brier,0.04627933055942288,0.04569227572102643,0.04681087626914797,0.047088105489066806,0.045447531445085086,0.046302354744116724
er,primary,Z,log_loss,0.18709266476620948,0.183659217737556,0.19023033441089965,0.1927230461209059,0.18298961291361318,0.18556533526410934
er,primary,Z,precision,0.0,0.0,0.0,0.0,0.0,0.0
er,primary,Z,recall,0.0,0.0,0.0,0.0,0.0,0.0
er,primary,Z,f1,0.0,0.0,0.0,0.0,0.0,0.0
er,primary,Z,specificity,1.0,1.0,1.0,1.0,1.0,1.0
er,primary,Z,balanced_accuracy,0.5,0.5,0.5,0.5,0.5,0.5
er,primary,Z,mcc,0.0,0.0,0.0,0.0,0.0,0.0
er,primary,Z,map,0.41007973062490083,0.39170734957166803,0.42929284761033043,0.3711705140959799,0.4400482789995282,0.4190203987791943
er,primary,Z,mrr,0.45864928168374847,0.4388806649888426,0.47912696531776855,0.41658834551153634,0.4859131303087361,0.47344636923097305
er,primary,Z,recall_at_1,0.22857142857142856,0.21160714285714285,0.24613095238095237,0.19017857142857142,0.2607142857142857,0.2348214285714286
er,primary,Z,recall_at_3,0.4226190476190476,0.3994047619047619,0.4467261904761905,0.3732142857142857,0.45000000000000007,0.444642857142857
er,primary,Z,recall_at_5,0.5205357142857142,0.4961235119047619,0.5458333333333333,0.475,0.5357142857142855,0.5508928571428571
er,primary,Z,recall_at_10,0.6916666666666668,0.6681473214285714,0.7154836309523809,0.6580357142857144,0.6982142857142857,0.71875
er,primary,Z,ndcg_at_1,0.31488095238095243,0.2910714285714286,0.33869047619047615,0.2696428571428572,0.35535714285714287,0.31964285714285723
er,primary,Z,ndcg_at_3,0.37123929151918333,0.34995342981651956,0.39308146957248974,0.3250243454060294,0.40301267054453405,0.38568085860698653
er,primary,Z,ndcg_at_5,0.4153400619844195,0.3944288478748944,0.4367544923604109,0.37107862471264214,0.4420147276255967,0.43292683361501966
er,primary,Z,ndcg_at_10,0.47561259662840655,0.4567743211009438,0.4957550645551541,0.43542958355344485,0.49954308769831657,0.4918651186334581
er,primary,F_first,average_precision,0.09165068507308416,0.06801334390027287,0.1151335045623453,0.11322309403580452,0.06727145725345829,0.09445750392998964
er,primary,F_first,trapezoidal_pr_auc,0.08960768061654574,0.06489018328746365,0.11380672730417021,0.11173768934122497,0.06348070721591437,0.09360464529249793
er,primary,F_first,roc_auc,0.07411429236499063,0.05660739641526998,0.09156389664804467,0.07460893854748596,0.06617667597765364,0.08155726256983231
er,primary,F_first,recall_at_fpr_1pct,0.06500000000000002,0.037500000000000026,0.09333333333333334,0.09749999999999996,0.017499999999999988,0.0800000000000001
er,primary,F_first,brier,0.003640369802952903,0.002995831573608715,0.004316202517929241,0.004009647184721549,0.002844138117960207,0.004067324106176953
er,primary,F_first,log_loss,0.019895172558414425,0.01670230074737337,0.023134285829216564,0.02264789830900496,0.01744058669124937,0.01959703267498894
er,primary,F_first,precision,0.5727777777777777,0.46915972222222224,0.6763888888888888,0.5,0.5841666666666667,0.6341666666666667
er,primary,F_first,recall,0.07,0.055833333333333346,0.08416666666666667,0.034999999999999996,0.07500000000000001,0.1
er,primary,F_first,f1,0.1217561954953259,0.09860426077545642,0.14536047979797972,0.06455862977602109,0.13036768304159607,0.17034227366836058
er,primary,F_first,specificity,-0.0015828677839852718,-0.0020949720670392358,-0.0011173184357542443,-0.0002793296089386166,-0.0023743016759777413,-0.002094972067039458
er,primary,F_first,balanced_accuracy,0.03420856610800749,0.027308601024208595,0.041339618249534464,0.01736033519553082,0.036312849162011274,0.04895251396648037
er,primary,F_first,mcc,0.1849953641287145,0.1508063473520904,0.21858133762760174,0.12518029451851675,0.1931005871978488,0.23670521066977787
er,primary,F_first,map,0.11121843986215463,0.08884520276000885,0.13302097314510722,0.13376652461512756,0.09112031751977823,0.1087684774515581
er,primary,F_first,mrr,0.11087197770593499,0.08629003215883245,0.13487145642498144,0.13378127598720213,0.09167567128866244,0.10715898584194039
er,primary,F_first,recall_at_1,0.09404761904761905,0.06815476190476194,0.11815476190476192,0.11785714285714283,0.07232142857142856,0.09196428571428578
er,primary,F_first,recall_at_3,0.13095238095238101,0.10238095238095242,0.15892857142857142,0.1607142857142857,0.11875000000000008,0.11339285714285724
er,primary,F_first,recall_at_5,0.131547619047619,0.0994047619047619,0.16369047619047614,0.15089285714285716,0.11160714285714268,0.13214285714285712
er,primary,F_first,recall_at_10,0.09077380952380958,0.06190476190476202,0.1184523809523809,0.086607142857143,0.07499999999999996,0.11071428571428577
er,primary,F_first,ndcg_at_1,0.12023809523809526,0.08809523809523812,0.15178571428571422,0.15178571428571427,0.09285714285714292,0.11607142857142855
er,primary,F_first,ndcg_at_3,0.12523322966773773,0.09924389203924944,0.1505934935760199,0.15328674915308854,0.10814259483859734,0.11427034501152733
er,primary,F_first,ndcg_at_5,0.12526540538711187,0.09954062476691326,0.15037376974512928,0.14930079565765508,0.10609321017452011,0.12040221032916038
er,primary,F_first,ndcg_at_10,0.11080555063648216,0.08814597145736755,0.13290774752323165,0.1272530555703295,0.09154665477032231,0.11361694156879465
er,primary,F,average_precision,0.06418731926740968,0.04872898299018817,0.07918557324412877,0.08134686296186355,0.037854911669027436,0.07336018317133805
er,primary,F,trapezoidal_pr_auc,0.063046613874492,0.04678341684535241,0.07895258223829522,0.08148433588796139,0.03561323077818683,0.07204227495732778
er,primary,F,roc_auc,0.05253433426443199,0.039918077863128405,0.06514740456238369,0.054752094972066956,0.035815293296089346,0.06703561452513968
er,primary,F,recall_at_fpr_1pct,0.04125,0.02375,0.058750000000000024,0.06374999999999997,0.0037499999999999964,0.056250000000000036
er,primary,F,brier,0.0023205887277019874,0.0019211247875428625,0.0027298362351946296,0.0027189777421584745,0.0013983074950496277,0.00284448094589786
er,primary,F,log_loss,0.013781618433414472,0.011471387076831643,0.016165942633492233,0.015913944918859974,0.009877373099169584,0.015553537282213856
er,primary,F,precision,0.28638888888888886,0.23457986111111112,0.3381944444444444,0.25,0.29208333333333336,0.31708333333333333
er,primary,F,recall,0.035,0.027916666666666673,0.042083333333333334,0.017499999999999998,0.037500000000000006,0.05
er,primary,F,f1,0.06087809774766295,0.04930213038772821,0.07268023989898986,0.032279314888010543,0.06518384152079804,0.08517113683418029
er,primary,F,specificity,-0.0007914338919926359,-0.0010474860335196179,-0.0005586592178771221,-0.0001396648044693083,-0.0011871508379888707,-0.001047486033519729
er,primary,F,balanced_accuracy,0.017104283054003744,0.013654300512104298,0.020669809124767232,0.00868016759776541,0.018156424581005637,0.024476256983240186
er,primary,F,mcc,0.09249768206435725,0.0754031736760452,0.10929066881380087,0.06259014725925838,0.0965502935989244,0.11835260533488894
er,primary,F,map,0.07332397024353506,0.05875709687595082,0.08812934110431808,0.08248771887927206,0.04685573523915748,0.09062845661217564
er,primary,F,mrr,0.07217448680449343,0.05706917552438816,0.08785206053153949,0.08222695495843588,0.048716032732763176,0.08558047272228123
er,primary,F,recall_at_1,0.05699404761904761,0.040624999999999994,0.07321428571428569,0.06517857142857142,0.03080357142857143,0.07499999999999998
er,primary,F,recall_at_3,0.08824404761904765,0.0693452380952381,0.10773809523809524,0.09508928571428574,0.07098214285714288,0.09866071428571432
er,primary,F,recall_at_5,0.09241071428571428,0.07202380952380953,0.11398809523809522,0.1026785714285714,0.06160714285714283,0.11294642857142856
er,primary,F,recall_at_10,0.06517857142857146,0.04806175595238105,0.08244047619047623,0.06830357142857146,0.04330357142857144,0.08392857142857146
er,primary,F,ndcg_at_1,0.07619047619047621,0.05713541666666663,0.09583333333333337,0.08928571428571432,0.046428571428571486,0.09285714285714283
er,primary,F,ndcg_at_3,0.08234481223520683,0.0650185677910363,0.09965682010638564,0.09101956018821641,0.05994416248250134,0.09607071403490272
er,primary,F,ndcg_at_5,0.08380366770465242,0.06751949809566944,0.10048714543663566,0.09440004778424232,0.05599852964343002,0.10101242568628488
er,primary,F,ndcg_at_10,0.074424869272193,0.060284580906263666,0.08907421505464681,0.08273642007722584,0.048612892092382454,0.09192529564697069
er,primary,G,average_precision,0.04074368003131632,0.02704117587270135,0.05510074400370554,0.03523636381698883,0.05835115754917858,0.028643518727781564
er,primary,G,trapezoidal_pr_auc,0.041838052931591894,0.027952942208200562,0.05620712829437744,0.03654325138332165,0.05995465179316392,0.02901625561829009
er,primary,G,roc_auc,0.02344564711359402,0.013572349278398515,0.03362158112197388,0.02519902234636867,0.028646997206703773,0.01649092178770961
er,primary,G,recall_at_fpr_1pct,0.026249999999999985,0.012083333333333323,0.04208333333333333,0.009999999999999981,0.046249999999999986,0.022499999999999992
er,primary,G,brier,0.0011097692842444082,0.0007222394452761353,0.0014967579686455462,0.0010285449287761456,0.0016865374276723404,0.0006142254962847385
er,primary,G,log_loss,0.005272819431772838,0.003210481137263021,0.007272024785658561,0.0054801604172976665,0.006682383113583268,0.003655914764437579
er,primary,G,precision,-0.20000000000000004,-0.2555555555555556,-0.1486111111111111,-0.15,-0.21250000000000005,-0.2375
er,primary,G,recall,-0.01625,-0.02083333333333334,-0.012083333333333333,-0.0075,-0.018750000000000003,-0.0225
er,primary,G,f1,-0.029415572350354954,-0.03760884797569581,-0.02187175294512251,-0.014285714285714285,-0.03359068467764119,-0.04037031808770939
er,primary,G,specificity,0.0010009310986965152,0.0006983240223464119,0.001326815642458161,0.0001396648044693083,0.0017458100558659373,0.0011173184357542998
er,primary,G,balanced_accuracy,-0.007624534450651736,-0.009997963221601533,-0.005448091247672278,-0.003680167597765349,-0.008502094972066998,-0.01069134078212286
er,primary,G,mcc,-0.05086707045934615,-0.06521814697514824,-0.03711524349818244,-0.03207623812936531,-0.054466553258299986,-0.06605841999037315
er,primary,G,map,0.03529269289067156,0.021133951373262204,0.049654786942565754,0.02499351460124996,0.04094273636547002,0.0399418277052947
er,primary,G,mrr,0.03985460299107246,0.0238209611472999,0.055975160249072294,0.031355149480572164,0.044982219391173,0.043226440101472224
er,primary,G,recall_at_1,0.029464285714285696,0.013839285714285715,0.04583333333333334,0.012946428571428553,0.03660714285714284,0.0388392857142857
er,primary,G,recall_at_3,0.04553571428571426,0.026488095238095245,0.06473214285714281,0.02991071428571429,0.051339285714285754,0.055357142857142744
er,primary,G,recall_at_5,0.029315476190476152,0.010416666666666657,0.0486607142857142,0.028571428571428553,0.029017857142857095,0.030357142857142805
er,primary,G,recall_at_10,0.025595238095238115,0.01011904761904762,0.04226562500000007,0.020982142857142838,0.03794642857142866,0.01785714285714285
er,primary,G,ndcg_at_1,0.04494047619047622,0.025297619047619038,0.06517857142857143,0.03214285714285714,0.051785714285714296,0.05089285714285721
er,primary,G,ndcg_at_3,0.04348289677455067,0.02612918468700782,0.060896979419563346,0.029005912053609084,0.049379453218289404,0.05206332505175351
er,primary,G,ndcg_at_5,0.03643757795189589,0.02024177912042524,0.05255591448798461,0.02887799782142661,0.039783442312556205,0.04065129372170484
er,primary,G,ndcg_at_10,0.03517777348222337,0.021232938430005167,0.049363443124545325,0.026469148497496986,0.04303467750583828,0.036029494443334836
er,primary,final_all,average_precision,0.23891428379422308,0.22223438996605466,0.2565656104558018,0.2113122103985238,0.26387722310420675,0.2415534178799387
er,primary,final_all,trapezoidal_pr_auc,0.22644897458979482,0.20935311231053508,0.24449168829285572,0.19764772622275695,0.25201148402173074,0.22968771352489678
er,primary,final_all,roc_auc,0.7068839230291745,0.6936133903631285,0.7204267632681564,0.6906494413407822,0.7225581936685289,0.7074441340782123
er,primary,final_all,recall_at_fpr_1pct,0.13305555555555557,0.11777777777777777,0.14916666666666667,0.1025,0.16166666666666665,0.13499999999999998
er,primary,final_all,brier,0.04685560744831189,0.04640826993505745,0.04728865985711442,0.04748663001490729,0.04621374290586865,0.04686644942415971
er,primary,final_all,log_loss,0.1908158697139877,0.18806864893920267,0.19353904699814084,0.19529035744869705,0.18733860146480866,0.18981865022845745
er,primary,final_all,precision,0.0,0.0,0.0,0.0,0.0,0.0
er,primary,final_all,recall,0.0,0.0,0.0,0.0,0.0,0.0
er,primary,final_all,f1,0.0,0.0,0.0,0.0,0.0,0.0
er,primary,final_all,specificity,1.0,1.0,1.0,1.0,1.0,1.0
er,primary,final_all,balanced_accuracy,0.5,0.5,0.5,0.5,0.5,0.5
er,primary,final_all,mcc,0.0,0.0,0.0,0.0,0.0,0.0
er,primary,final_all,map,0.3878422246431752,0.37244886635915064,0.4027733061870138,0.36523342109552354,0.40846307985139907,0.3898301729826031
er,primary,final_all,mrr,0.4370437208243929,0.42033993112348766,0.45274452875590016,0.41542903484835625,0.45541012975757206,0.4402919978672504
er,primary,final_all,recall_at_1,0.21220238095238095,0.19811507936507936,0.22649057539682538,0.19285714285714284,0.23244047619047617,0.21130952380952384
er,primary,final_all,recall_at_3,0.3935515873015873,0.3740079365079365,0.413095238095238,0.3678571428571429,0.40982142857142856,0.40297619047619043
er,primary,final_all,recall_at_5,0.4976190476190476,0.47767857142857145,0.5174603174603175,0.4711309523809524,0.5223214285714285,0.4994047619047619
er,primary,final_all,recall_at_10,0.6720238095238095,0.6529761904761905,0.6912698412698411,0.65,0.6869047619047618,0.6791666666666666
er,primary,final_all,ndcg_at_1,0.2920634920634921,0.2742063492063492,0.30932539682539684,0.26845238095238094,0.3148809523809524,0.29285714285714287
er,primary,final_all,ndcg_at_3,0.34506578745015176,0.32746223380355344,0.3623029566512667,0.32028226383309066,0.3640082059599206,0.3509068925574441
er,primary,final_all,ndcg_at_5,0.3920837666487551,0.3744880210184839,0.4090026801301452,0.36686223838791476,0.4148572617175475,0.39453179984080305
er,primary,final_all,ndcg_at_10,0.4535486068348417,0.43681496393632185,0.46958803091593243,0.4300453886599224,0.4734061264230149,0.45719430542158784
logit,raw,O,average_precision,0.27576675717337246,0.2570945763986348,0.29499433151055643,0.26482554551867865,0.28467814358754306,0.2777965824138957
logit,raw,O,trapezoidal_pr_auc,0.26191782088775173,0.242633561016565,0.28140046385965256,0.24917457180897767,0.27500364844215486,0.26157524241212277
logit,raw,O,roc_auc,0.740153049348231,0.7260622963221601,0.754408010358473,0.7368296089385475,0.7409340083798883,0.742695530726257
logit,raw,O,recall_at_fpr_1pct,0.16291666666666668,0.14458333333333334,0.18166666666666667,0.15250000000000002,0.16749999999999998,0.16875
logit,raw,O,brier,0.04772857538286678,0.04729742611069062,0.04815725044743515,0.04761355349263895,0.046451247132880014,0.049120925523081366
logit,raw,O,log_loss,0.23585241974895896,0.2305229137906704,0.24139294540238257,0.22948421997254387,0.21349249165618145,0.26458054761815153
logit,raw,O,precision,0.2861111111111111,0.22222222222222224,0.35000000000000003,0.225,0.6333333333333333,0.0
logit,raw,O,recall,0.02083333333333334,0.016250000000000004,0.025416666666666667,0.01125,0.05125000000000002,0.0
logit,raw,O,f1,0.03825287031808771,0.030029820722755497,0.04632705157161678,0.02142857142857143,0.09333003952569169,0.0
logit,raw,O,specificity,0.9997905027932962,0.9996508379888267,0.9999068901303539,1.0,0.9993715083798882,1.0
logit,raw,O,balanced_accuracy,0.5103119180633148,0.5080318901303539,0.5125919459962756,0.505625,0.5253107541899442,0.5
logit,raw,O,mcc,0.07274642522870377,0.056876174417592205,0.08801389683575857,0.04902734309905836,0.16921193258705292,0.0
logit,raw,O,map,0.42361000709307967,0.4074860275263293,0.4394421111388485,0.4243500660367434,0.41833970453819624,0.4281402507042992
logit,raw,O,mrr,0.4740448091639857,0.4572341272495987,0.4902181316950526,0.4797232844390737,0.4677078299841515,0.4747033130687319
logit,raw,O,recall_at_1,0.23883928571428573,0.22366071428571424,0.2543154761904762,0.2397321428571429,0.23705357142857142,0.23973214285714284
logit,raw,O,recall_at_3,0.4355654761904762,0.41324404761904754,0.4580394345238095,0.4397321428571429,0.42946428571428574,0.4375
logit,raw,O,recall_at_5,0.5395833333333333,0.5171130952380952,0.5620535714285714,0.5495535714285713,0.5379464285714286,0.53125
logit,raw,O,recall_at_10,0.7113095238095237,0.6892857142857144,0.7337797619047618,0.7183035714285713,0.7022321428571429,0.7133928571428572
logit,raw,O,ndcg_at_1,0.3294642857142857,0.3104166666666667,0.34821428571428564,0.3303571428571428,0.3241071428571428,0.3339285714285714
logit,raw,O,ndcg_at_3,0.384479180128318,0.36508492628146505,0.4034580219873008,0.3867681035995042,0.37827822824877955,0.3883912085366701
logit,raw,O,ndcg_at_5,0.4313352011666844,0.4126291153350845,0.44946621133721254,0.4357003362715993,0.4273349465440305,0.4309703206844233
logit,raw,O,ndcg_at_10,0.49241716552034687,0.47510503629623463,0.5094285805098288,0.4961021675421044,0.4860187659807524,0.4951305630381839
logit,raw,N,average_precision,0.2915778955019072,0.27090380665170694,0.31211089944267983,0.2920689502368785,0.28601092024788144,0.29665381602096175
logit,raw,N,trapezoidal_pr_auc,0.27847527439496694,0.25743752153408034,0.29948601698797994,0.280020485967774,0.27287475176999776,0.28253058544712906
logit,raw,N,roc_auc,0.7497974860335196,0.7358332169459962,0.7640165560986966,0.7436138268156425,0.7418505586592179,0.7639280726256983
logit,raw,N,recall_at_fpr_1pct,0.16708333333333333,0.14833333333333332,0.18666666666666665,0.1675,0.17,0.16375
logit,raw,N,brier,0.048053019351849996,0.047635014119010104,0.04846690252759336,0.047803990407315,0.04688614633116875,0.049468921317066226
logit,raw,N,log_loss,0.2370046169369194,0.23197745303041972,0.24208700204101086,0.22848207068025764,0.2134593773984793,0.26907240273202127
logit,raw,N,precision,0.08333333333333333,0.04583333333333334,0.12083333333333335,0.0,0.225,0.025
logit,raw,N,recall,0.0062499999999999995,0.0033333333333333327,0.009583333333333334,0.0,0.017499999999999998,0.00125
logit,raw,N,f1,0.011481272350837568,0.006096014492753625,0.017452475061170713,0.0,0.032062864671560325,0.0023809523809523807
logit,raw,N,specificity,0.9999068901303539,0.9998137802607076,0.9999767225325885,1.0,0.9997206703910615,1.0
logit,raw,N,balanced_accuracy,0.503078445065177,0.5015851955307262,0.5047454027001863,0.5,0.5086103351955308,0.500625
logit,raw,N,mcc,0.021416049633148405,0.0115511804464044,0.03165214855752062,0.0,0.05880066633288318,0.0054474825665620395
logit,raw,N,map,0.44161726395338247,0.4247587268813827,0.458493293239652,0.4312034278806663,0.4357432786600448,0.4579050853194364
logit,raw,N,mrr,0.491018864867631,0.47329668299854455,0.507833208024423,0.4811171059902579,0.48107616129062186,0.5108633273220133
logit,raw,N,recall_at_1,0.25297619047619047,0.23586309523809523,0.26979538690476185,0.24419642857142854,0.24910714285714286,0.265625
logit,raw,N,recall_at_3,0.4586309523809524,0.4386904761904762,0.4791666666666667,0.44330357142857146,0.44642857142857145,0.4861607142857142
logit,raw,N,recall_at_5,0.5610119047619048,0.5403273809523809,0.5816964285714286,0.5526785714285716,0.5531249999999999,0.5772321428571429
logit,raw,N,recall_at_10,0.7361607142857142,0.7175595238095239,0.75625,0.7241071428571428,0.716517857142857,0.7678571428571428
logit,raw,N,ndcg_at_1,0.34732142857142856,0.32529761904761906,0.3681547619047619,0.33928571428571425,0.3410714285714286,0.3616071428571428
logit,raw,N,ndcg_at_3,0.4048548826020302,0.3859590369835923,0.4236044523673669,0.39164227091970494,0.39609496372795544,0.42682741315843026
logit,raw,N,ndcg_at_5,0.45128300048084574,0.43270094769369477,0.46981128570529224,0.44136256457829987,0.444304921918222,0.4681815149460154
logit,raw,N,ndcg_at_10,0.5131385215576235,0.49628300752339555,0.5303609286725359,0.5020825850226146,0.5020916199119649,0.535241359738291
logit,raw,Z,average_precision,0.2949215679247065,0.2724533759556758,0.31871964338880554,0.27938026956126316,0.31617567239202893,0.28920876182082733
logit,raw,Z,trapezoidal_pr_auc,0.28132906954110465,0.2585922035876685,0.3059686703306832,0.2667417390544126,0.302269939282532,0.27497553028636934
logit,raw,Z,roc_auc,0.7490712290502795,0.7344291201117319,0.7642461010242088,0.7245810055865922,0.7626117318435756,0.7600209497206704
logit,raw,Z,recall_at_fpr_1pct,0.17833333333333334,0.15583333333333332,0.20166666666666666,0.17250000000000001,0.20750000000000002,0.155
logit,raw,Z,brier,0.047339228129686085,0.04679713621537702,0.04785917733542172,0.04781409882227999,0.04549708110616723,0.04870650446061102
logit,raw,Z,log_loss,0.23076610135005912,0.22537969305230465,0.23613271601970695,0.2269070759625083,0.20300933988496314,0.2623818882027059
logit,raw,Z,precision,0.16666666666666666,0.09166666666666667,0.2416666666666667,0.0,0.45,0.05
logit,raw,Z,recall,0.012499999999999999,0.006666666666666665,0.01916666666666667,0.0,0.034999999999999996,0.0025
logit,raw,Z,f1,0.022962544701675136,0.01219202898550725,0.034904950122341426,0.0,0.06412572934312065,0.0047619047619047615
logit,raw,Z,specificity,0.9998137802607077,0.9996275605214152,0.9999534450651769,1.0,0.9994413407821229,1.0
logit,raw,Z,balanced_accuracy,0.5061568901303538,0.5031703910614526,0.5094908054003725,0.5,0.5172206703910616,0.50125
logit,raw,Z,mcc,0.04283209926629681,0.0231023608928088,0.06330429711504124,0.0,0.11760133266576636,0.010894965133124079
logit,raw,Z,map,0.4437932800156059,0.4256142764530779,0.463049918853305,0.41087147889924625,0.4718422314047716,0.44866612974279985
logit,raw,Z,mrr,0.494650158637546,0.4763832294690086,0.5135526281232282,0.4535833476998591,0.5196952751142365,0.5106718530985425
logit,raw,Z,recall_at_1,0.25952380952380955,0.24047619047619048,0.2791666666666667,0.23124999999999996,0.2901785714285715,0.2571428571428571
logit,raw,Z,recall_at_3,0.45803571428571427,0.4360119047619047,0.48066220238095225,0.4125,0.47232142857142856,0.4892857142857142
logit,raw,Z,recall_at_5,0.5559523809523809,0.5330357142857144,0.5791666666666666,0.5151785714285715,0.5830357142857142,0.5696428571428571
logit,raw,Z,recall_at_10,0.7380952380952381,0.7169642857142856,0.7601190476190475,0.6982142857142857,0.7428571428571428,0.7732142857142856
logit,raw,Z,ndcg_at_1,0.3535714285714285,0.33035714285714285,0.3779761904761905,0.3142857142857142,0.38928571428571435,0.35714285714285704
logit,raw,Z,ndcg_at_3,0.4067861955309608,0.3867702023784344,0.42777814230339856,0.3657936453794548,0.43039874601688205,0.4241661951965453
logit,raw,Z,ndcg_at_5,0.45108365719801496,0.43042167376904134,0.47188947934493997,0.41225359568718883,0.4802199077451991,0.4607774681616569
logit,raw,Z,ndcg_at_10,0.5152110222625192,0.4970722100003585,0.5341681597784942,0.4770612934887521,0.5368459264672646,0.5317258468315411
logit,raw,F_first,average_precision,0.046519519682692856,0.025761019013921006,0.06715212631053218,0.048529665803697275,0.04213640259177032,0.048892490652610976
logit,raw,F_first,trapezoidal_pr_auc,0.04648426989481991,0.024789085523194455,0.06785595736699065,0.05117068183667289,0.03778967558799334,0.050492452259793486
logit,raw,F_first,roc_auc,0.03224743947858466,0.018835952048417,0.04565968342644319,0.021682960893854464,0.039961592178771044,0.035097765363128475
logit,raw,F_first,recall_at_fpr_1pct,0.019166666666666683,-0.006666666666666672,0.04416666666666669,0.017499999999999988,2.7755575615628914e-17,0.040000000000000036
logit,raw,F_first,brier,-0.0022607259173902314,-0.002670944391475011,-0.0018658025287072067,-0.0016633120154633321,-0.0021934423902937802,-0.0029254233464135818
logit,raw,F_first,log_loss,-0.020652930549305764,-0.02496243003023554,-0.01620424025705783,-0.01162181864946274,-0.007520129682377391,-0.04281684331607716
logit,raw,F_first,precision,-0.3222222222222222,-0.4055555555555555,-0.23888888888888885,-0.25,-0.7166666666666666,0.0
logit,raw,F_first,recall,-0.027500000000000007,-0.03416666666666668,-0.020833333333333332,-0.0125,-0.07000000000000002,0.0
logit,raw,F_first,f1,-0.04981021394064872,-0.062287627831106085,-0.03747255160298639,-0.023809523809523808,-0.12562111801242234,0.0
logit,raw,F_first,specificity,0.0003724394785847481,0.0001396648044693268,0.0006063780260708738,0.0,0.0011173184357542443,0.0
logit,raw,F_first,balanced_accuracy,-0.013563780260707703,-0.017013500931098734,-0.010159450651769087,-0.006250000000000089,-0.03444134078212302,0.0
logit,raw,F_first,mcc,-0.08819869866819774,-0.10955830134476272,-0.06646958870842311,-0.0544748256656204,-0.21012127033897282,0.0
logit,raw,F_first,map,0.06054677797806263,0.039715557781766275,0.08082680760364211,0.06475251372970192,0.059286271933008894,0.057601548271477065
logit,raw,F_first,mrr,0.05865981809115454,0.037349854060873086,0.07962678007253336,0.06327815573354167,0.05646640805700681,0.056234890482915134
logit,raw,F_first,recall_at_1,0.05446428571428572,0.03125000000000002,0.07619047619047621,0.06517857142857139,0.04464285714285715,0.05357142857142863
logit,raw,F_first,recall_at_3,0.07291666666666667,0.045230654761904646,0.09970982142857139,0.08303571428571421,0.06964285714285712,0.06607142857142867
logit,raw,F_first,recall_at_5,0.07470238095238102,0.04732142857142859,0.1029761904761904,0.054464285714285854,0.08392857142857135,0.08571428571428585
logit,raw,F_first,recall_at_10,0.04047619047619048,0.019642857142857108,0.062797619047619,0.009821428571428759,0.05892857142857133,0.05267857142857135
logit,raw,F_first,ndcg_at_1,0.06607142857142856,0.03928571428571428,0.09345238095238095,0.07857142857142857,0.05714285714285716,0.062499999999999944
logit,raw,F_first,ndcg_at_3,0.06890333522332111,0.044009336525726375,0.09311978331690395,0.07931134519533029,0.06482839867199625,0.0625702618026368
logit,raw,F_first,ndcg_at_5,0.06989879408477002,0.04707538829186463,0.09262276187493466,0.06753638851306232,0.07222944084186278,0.06993055289938499
logit,raw,F_first,ndcg_at_10,0.05761144816323094,0.03813500021761916,0.0765304986074715,0.05227112334618811,0.06190159141308649,0.05866162973041822
logit,raw,F,average_precision,0.0335048887435575,0.021563660301970104,0.044934662731469864,0.04226235149710089,0.010735885085668972,0.04751642964790262
logit,raw,F,trapezoidal_pr_auc,0.03436156630034331,0.021916993900057836,0.046339724970890145,0.04536732912203059,0.007240145090772296,0.05047722468822703
logit,raw,F,roc_auc,0.021631168528864004,0.012439755004655422,0.030907297486033426,0.018118016759776423,0.015078561452514017,0.031696927374301576
logit,raw,F,recall_at_fpr_1pct,0.012499999999999997,-0.0029166666666666737,0.027916666666666663,0.016249999999999987,-0.011249999999999996,0.0325
logit,raw,F,brier,-0.0015870815440089739,-0.00184423146838617,-0.0013375313103813032,-0.0010645617799395872,-0.0018789304896093782,-0.0018177523624779562
logit,raw,F,log_loss,-0.01395139574161137,-0.016651246394681962,-0.011140657997451274,-0.00829024000481128,-0.010456637685306872,-0.02310730953471596
logit,raw,F,precision,-0.2861111111111111,-0.35000000000000003,-0.22222222222222224,-0.225,-0.6333333333333333,0.0
logit,raw,F,recall,-0.02083333333333334,-0.025416666666666667,-0.016250000000000004,-0.01125,-0.05125000000000002,0.0
logit,raw,F,f1,-0.03825287031808771,-0.04632705157161679,-0.0300298207227555,-0.02142857142857143,-0.09333003952569169,0.0
logit,raw,F,specificity,0.00020949720670393468,9.310986964618702e-05,0.00034916201117324297,0.0,0.000628491620111804,0.0
logit,raw,F,balanced_accuracy,-0.010311918063314773,-0.01259194599627561,-0.008031890130353844,-0.005625000000000047,-0.025310754189944273,0.0
logit,raw,F,mcc,-0.07274642522870377,-0.08801389683575857,-0.05687617441759222,-0.04902734309905836,-0.16921193258705292,0.0
logit,raw,F,map,0.04029672983295598,0.028589666201450665,0.05177670205112465,0.03999410527849995,0.028136432593967003,0.05275965162640098
logit,raw,F,mrr,0.0376141881180923,0.025867073304518772,0.049161516600881645,0.036048569526524854,0.027058596672136642,0.049735398155615396
logit,raw,F,recall_at_1,0.03125,0.01785714285714285,0.04434895833333333,0.03303571428571424,0.01473214285714286,0.0459821428571429
logit,raw,F,recall_at_3,0.05178571428571429,0.03526785714285713,0.06815476190476187,0.05178571428571427,0.04419642857142858,0.05937500000000001
logit,raw,F,recall_at_5,0.055505952380952406,0.03690476190476194,0.07425967261904759,0.04687500000000011,0.04776785714285703,0.07187500000000008
logit,raw,F,recall_at_10,0.03154761904761907,0.015922619047619047,0.04776785714285706,0.015625000000000167,0.02633928571428562,0.05267857142857141
logit,raw,F,ndcg_at_1,0.039285714285714285,0.022916666666666707,0.05535714285714289,0.04464285714285715,0.021428571428571436,0.05178571428571427
logit,raw,F,ndcg_at_3,0.046481842367597254,0.03269365499723853,0.0598430015267239,0.047407083576496534,0.03578841959805104,0.056250023928244186
logit,raw,F,ndcg_at_5,0.04846195914963992,0.03516368044031925,0.061779280285621956,0.04610739437338102,0.038044484665609946,0.0612339984099288
logit,raw,F,ndcg_at_10,0.03958885614321462,0.028139583254377896,0.050804376877635664,0.03452551935299786,0.029440678568813272,0.054800370507832735
logit,raw,G,average_precision,0.061608932519906755,0.04830921792983306,0.07513096390094239,0.06916780997225222,0.06906077287267591,0.04659821471479214
logit,raw,G,trapezoidal_pr_auc,0.06248829344524043,0.04882105921463286,0.07635836963631452,0.07125441650982345,0.07066436966766651,0.04554609415823134
logit,raw,G,roc_auc,0.03504073556797016,0.026023772113593968,0.04459584497206699,0.043041201117318406,0.03284217877094969,0.029238826815642383
logit,raw,G,recall_at_fpr_1pct,0.039166666666666655,0.023749999999999976,0.05583333333333334,0.0325,0.05125,0.033749999999999974
logit,raw,G,brier,0.0021476274120291344,0.0018921028915978612,0.002412855120336966,0.0021788233008076287,0.0023841706625696464,0.0018798882727101285
logit,raw,G,log_loss,0.02232865800058068,0.019475942112779893,0.025463228746735626,0.018048509920964656,0.01888710654602889,0.030050357534748495
logit,raw,G,precision,0.08333333333333333,0.04583333333333334,0.12083333333333335,0.0,0.225,0.025
logit,raw,G,recall,0.0062499999999999995,0.0033333333333333327,0.009583333333333334,0.0,0.017499999999999998,0.00125
logit,raw,G,f1,0.011481272350837568,0.006096014492753625,0.017452475061170713,0.0,0.032062864671560325,0.0023809523809523807
logit,raw,G,specificity,-9.310986964618702e-05,-0.00018621973929239255,-2.3277467411560632e-05,0.0,-0.00027932960893856107,0.0
logit,raw,G,balanced_accuracy,0.0030784450651769233,0.0015851955307262615,0.0047454027001862485,0.0,0.008610335195530783,0.0006249999999999867
logit,raw,G,mcc,0.021416049633148405,0.0115511804464044,0.03165214855752062,0.0,0.05880066633288318,0.0054474825665620395
logit,raw,G,map,0.048998214606854516,0.034705412011384947,0.06349215888604386,0.04750837520242776,0.0501017144143103,0.04938455420382548
logit,raw,G,mrr,0.05312266169490786,0.03757623394603429,0.06870371322052884,0.051335501382494014,0.055233443604040894,0.05279904009818867
logit,raw,G,recall_at_1,0.04062499999999998,0.022767857142857117,0.05863095238095235,0.035267857142857115,0.047321428571428556,0.03928571428571427
logit,raw,G,recall_at_3,0.05997023809523808,0.04226190476190477,0.07782738095238091,0.058482142857142844,0.04821428571428574,0.07321428571428568
logit,raw,G,recall_at_5,0.04806547619047619,0.03154761904761908,0.06502976190476197,0.05892857142857155,0.04910714285714282,0.03616071428571421
logit,raw,G,recall_at_10,0.04613095238095227,0.03184523809523804,0.061011904761904746,0.04687499999999989,0.042410714285714135,0.049107142857142794
logit,raw,G,ndcg_at_1,0.05803571428571427,0.03749255952380948,0.07946428571428571,0.057142857142857106,0.06250000000000003,0.05446428571428566
logit,raw,G,ndcg_at_3,0.05695915006076067,0.040497631743921694,0.07373575710218294,0.05426711359272329,0.052857542147556585,0.06375279444200213
logit,raw,G,ndcg_at_5,0.05236972257470448,0.03695829788512984,0.06780771161030114,0.055316414370994216,0.05373265969036761,0.0480600936627516
logit,raw,G,ndcg_at_10,0.051497956132957164,0.03836708772613716,0.06473829259582865,0.050631498462413216,0.05192748062031144,0.05193488931614684
logit,raw,final_all,average_precision,0.2821516940904838,0.2632471621911977,0.3015616742537018,0.26967712019954015,0.295177319855705,0.28160064221620623
logit,raw,final_all,trapezoidal_pr_auc,0.2683882371055361,0.2488456602852601,0.2883261569600489,0.25503029422412266,0.2840924120556139,0.26604200503687164
logit,raw,final_all,roc_auc,0.7431257759155804,0.7296187053848543,0.7567793102110492,0.7327467411545624,0.7481599162011174,0.7484706703910615
logit,raw,final_all,recall_at_fpr_1pct,0.16805555555555554,0.15083333333333335,0.18611111111111112,0.15916666666666668,0.18083333333333332,0.16416666666666668
logit,raw,final_all,brier,0.047598792965139886,0.047169881470205136,0.04802291669564271,0.047680401935852636,0.046133191790642424,0.04898278516892459
logit,raw,final_all,log_loss,0.234156980282659,0.229178124783439,0.23935942789492148,0.22862517196919865,0.209998107732442,0.26384766114633634
logit,raw,final_all,precision,0.24629629629629632,0.19351851851851853,0.3009259259259259,0.15,0.5722222222222222,0.016666666666666666
logit,raw,final_all,recall,0.018055555555555557,0.014166666666666668,0.02194444444444445,0.0075,0.045833333333333344,0.0008333333333333334
logit,raw,final_all,f1,0.03315609511261685,0.025951740489783968,0.04035871133697219,0.014285714285714285,0.08359526946483468,0.001587301587301587
logit,raw,final_all,specificity,0.9997982619490999,0.9996896337678461,0.9998913718187462,1.0,0.9993947858472998,1.0
logit,raw,final_all,balanced_accuracy,0.5089269087523278,0.5069669459962756,0.5109025837988826,0.50375,0.5226140595903167,0.5004166666666666
logit,raw,final_all,mcc,0.06277498324123477,0.04951019072360751,0.07589047360273209,0.03268489539937224,0.15200839927995738,0.003631655044374693
logit,raw,final_all,map,0.4303377647339217,0.4147440398023603,0.44588247103517803,0.41985720365757767,0.43617388016038805,0.4349822103837994
logit,raw,final_all,mrr,0.48091325898850584,0.46489572259800394,0.4968637537218993,0.4710099721926688,0.4850369783608465,0.48669282641200207
logit,raw,final_all,recall_at_1,0.245734126984127,0.230952380952381,0.26051835317460315,0.23690476190476192,0.2547619047619048,0.24553571428571427
logit,raw,final_all,recall_at_3,0.44305555555555554,0.42281746031746037,0.4631969246031746,0.4306547619047619,0.44375000000000003,0.45476190476190476
logit,raw,final_all,recall_at_5,0.5450396825396825,0.5249007936507937,0.564781746031746,0.5380952380952381,0.5529761904761905,0.544047619047619
logit,raw,final_all,recall_at_10,0.7202380952380952,0.7005952380952382,0.7407738095238096,0.7116071428571428,0.7157738095238094,0.7333333333333334
logit,raw,final_all,ndcg_at_1,0.33749999999999997,0.3194444444444445,0.35535714285714287,0.32499999999999996,0.3458333333333334,0.3416666666666666
logit,raw,final_all,ndcg_at_3,0.39191485192919884,0.37376930113000395,0.4099249532610217,0.3797766175261544,0.3956517341714804,0.40031620408996177
logit,raw,final_all,ndcg_at_5,0.4379180198437946,0.4204010339671668,0.4552016767798321,0.4278847560767958,0.44496326694442007,0.4409060365101678
logit,raw,final_all,ndcg_at_10,0.5000151177677377,0.4833465188889079,0.5166718360928166,0.4897552095243203,0.5029611528095898,0.507328990969303
logit,stage-cal,O,average_precision,0.27576675717337246,0.2570945763986348,0.29499433151055643,0.26482554551867865,0.28467814358754306,0.2777965824138957
logit,stage-cal,O,trapezoidal_pr_auc,0.26191782088775173,0.242633561016565,0.28140046385965256,0.24917457180897767,0.27500364844215486,0.26157524241212277
logit,stage-cal,O,roc_auc,0.740153049348231,0.7260622963221601,0.754408010358473,0.7368296089385475,0.7409340083798883,0.742695530726257
logit,stage-cal,O,recall_at_fpr_1pct,0.16291666666666668,0.14458333333333334,0.18166666666666667,0.15250000000000002,0.16749999999999998,0.16875
logit,stage-cal,O,brier,0.04541745694268543,0.04489346084862413,0.04594021227881334,0.04567360798293801,0.04539617057081312,0.04518259227430518
logit,stage-cal,O,log_loss,0.18269949209836409,0.17978061043958052,0.18563570329472284,0.18367310690843247,0.18322856557550218,0.18119680381115758
logit,stage-cal,O,precision,0.42500000000000004,0.33888888888888885,0.5125000000000001,0.2,0.6541666666666668,0.42083333333333334
logit,stage-cal,O,recall,0.03083333333333334,0.024583333333333336,0.037500000000000006,0.01,0.048750000000000016,0.03375
logit,stage-cal,O,f1,0.05660408432147562,0.04519090360122969,0.0687083372545329,0.019047619047619046,0.0893068887634105,0.06145774515339733
logit,stage-cal,O,specificity,0.9995577281191806,0.9993482309124767,0.999743947858473,1.0,0.9995111731843574,0.9991620111731844
logit,stage-cal,O,balanced_accuracy,0.515195530726257,0.512023975791434,0.5185405027932961,0.5050000000000001,0.5241305865921788,0.5164560055865921
logit,stage-cal,O,mcc,0.10729438969684325,0.08611147092265843,0.1297880783844216,0.043579860532496316,0.1680678563818576,0.11023545217617586
logit,stage-cal,O,map,0.42361000709307967,0.4074860275263293,0.4394421111388485,0.4243500660367434,0.41833970453819624,0.4281402507042992
logit,stage-cal,O,mrr,0.4740448091639857,0.4572341272495987,0.4902181316950526,0.4797232844390737,0.4677078299841515,0.4747033130687319
logit,stage-cal,O,recall_at_1,0.23883928571428573,0.22366071428571424,0.2543154761904762,0.2397321428571429,0.23705357142857142,0.23973214285714284
logit,stage-cal,O,recall_at_3,0.4355654761904762,0.41324404761904754,0.4580394345238095,0.4397321428571429,0.42946428571428574,0.4375
logit,stage-cal,O,recall_at_5,0.5395833333333333,0.5171130952380952,0.5620535714285714,0.5495535714285713,0.5379464285714286,0.53125
logit,stage-cal,O,recall_at_10,0.7113095238095237,0.6892857142857144,0.7337797619047618,0.7183035714285713,0.7022321428571429,0.7133928571428572
logit,stage-cal,O,ndcg_at_1,0.3294642857142857,0.3104166666666667,0.34821428571428564,0.3303571428571428,0.3241071428571428,0.3339285714285714
logit,stage-cal,O,ndcg_at_3,0.384479180128318,0.36508492628146505,0.4034580219873008,0.3867681035995042,0.37827822824877955,0.3883912085366701
logit,stage-cal,O,ndcg_at_5,0.4313352011666844,0.4126291153350845,0.44946621133721254,0.4357003362715993,0.4273349465440305,0.4309703206844233
logit,stage-cal,O,ndcg_at_10,0.49241716552034687,0.47510503629623463,0.5094285805098288,0.4961021675421044,0.4860187659807524,0.4951305630381839
logit,stage-cal,N,average_precision,0.2915778955019072,0.27090380665170694,0.31211089944267983,0.2920689502368785,0.28601092024788144,0.29665381602096175
logit,stage-cal,N,trapezoidal_pr_auc,0.27847527439496694,0.25743752153408034,0.29948601698797994,0.280020485967774,0.27287475176999776,0.28253058544712906
logit,stage-cal,N,roc_auc,0.7497974860335196,0.7358332169459962,0.7640165560986966,0.7436138268156425,0.7418505586592179,0.7639280726256983
logit,stage-cal,N,recall_at_fpr_1pct,0.16708333333333333,0.14833333333333332,0.18666666666666665,0.1675,0.17,0.16375
logit,stage-cal,N,brier,0.045068140937625345,0.04451773259847419,0.04560641233801653,0.04516657468314812,0.045419479264150825,0.04461836886557708
logit,stage-cal,N,log_loss,0.1800328356992111,0.17711028936364473,0.18294109637148057,0.1809852271049064,0.1816076823638202,0.1775055976289067
logit,stage-cal,N,precision,0.38611111111111107,0.30972222222222223,0.45975694444444404,0.3125,0.225,0.6208333333333333
logit,stage-cal,N,recall,0.03208333333333333,0.02375,0.04083333333333334,0.026250000000000002,0.017499999999999998,0.052500000000000005
logit,stage-cal,N,f1,0.05803720434155218,0.04391891743522178,0.07322561798105277,0.047430830039525695,0.032062864671560325,0.0946179183135705
logit,stage-cal,N,specificity,0.999534450651769,0.999278398510242,0.9997672253258845,0.9995810055865922,0.9997905027932961,0.9992318435754189
logit,stage-cal,N,balanced_accuracy,0.5158088919925513,0.511723696461825,0.520230737895717,0.5129155027932961,0.5086452513966481,0.5258659217877095
logit,stage-cal,N,mcc,0.1036671499411266,0.08147617509189702,0.12637434987300117,0.08435593848021025,0.05910499496788665,0.1675405163752829
logit,stage-cal,N,map,0.44161726395338247,0.4247587268813827,0.458493293239652,0.4312034278806663,0.4357432786600448,0.4579050853194364
logit,stage-cal,N,mrr,0.491018864867631,0.47329668299854455,0.507833208024423,0.4811171059902579,0.48107616129062186,0.5108633273220133
logit,stage-cal,N,recall_at_1,0.25297619047619047,0.23586309523809523,0.26979538690476185,0.24419642857142854,0.24910714285714286,0.265625
logit,stage-cal,N,recall_at_3,0.4586309523809524,0.4386904761904762,0.4791666666666667,0.44330357142857146,0.44642857142857145,0.4861607142857142
logit,stage-cal,N,recall_at_5,0.5610119047619048,0.5403273809523809,0.5816964285714286,0.5526785714285716,0.5531249999999999,0.5772321428571429
logit,stage-cal,N,recall_at_10,0.7361607142857142,0.7175595238095239,0.75625,0.7241071428571428,0.716517857142857,0.7678571428571428
logit,stage-cal,N,ndcg_at_1,0.34732142857142856,0.32529761904761906,0.3681547619047619,0.33928571428571425,0.3410714285714286,0.3616071428571428
logit,stage-cal,N,ndcg_at_3,0.4048548826020302,0.3859590369835923,0.4236044523673669,0.39164227091970494,0.39609496372795544,0.42682741315843026
logit,stage-cal,N,ndcg_at_5,0.45128300048084574,0.43270094769369477,0.46981128570529224,0.44136256457829987,0.444304921918222,0.4681815149460154
logit,stage-cal,N,ndcg_at_10,0.5131385215576235,0.49628300752339555,0.5303609286725359,0.5020825850226146,0.5020916199119649,0.535241359738291
logit,stage-cal,Z,average_precision,0.2949215679247065,0.2724533759556758,0.31871964338880554,0.27938026956126316,0.31617567239202893,0.28920876182082733
logit,stage-cal,Z,trapezoidal_pr_auc,0.28132906954110465,0.2585922035876685,0.3059686703306832,0.2667417390544126,0.302269939282532,0.27497553028636934
logit,stage-cal,Z,roc_auc,0.7490712290502795,0.7344291201117319,0.7642461010242088,0.7245810055865922,0.7626117318435756,0.7600209497206704
logit,stage-cal,Z,recall_at_fpr_1pct,0.17833333333333334,0.15583333333333332,0.20166666666666666,0.17250000000000001,0.20750000000000002,0.155
logit,stage-cal,Z,brier,0.044983790118898255,0.044351948033033106,0.045572261734538655,0.04586562205834514,0.04422310425510867,0.04486264404324096
logit,stage-cal,Z,log_loss,0.18003596940145314,0.1767759984560837,0.18315476380280643,0.18449513311053786,0.17664128804020987,0.17897148705361166
logit,stage-cal,Z,precision,0.36111111111111116,0.2611111111111111,0.4527777777777778,0.0,0.45,0.6333333333333334
logit,stage-cal,Z,recall,0.029166666666666664,0.02,0.03833333333333334,0.0,0.034999999999999996,0.052500000000000005
logit,stage-cal,Z,f1,0.05317146621494448,0.03688750862663906,0.06945573749921574,0.0,0.06412572934312065,0.09538866930171279
logit,stage-cal,Z,specificity,0.9996275605214153,0.9993947858472998,0.9998603351955305,1.0,0.9995810055865922,0.9993016759776536
logit,stage-cal,Z,balanced_accuracy,0.5143971135940409,0.5098137802607077,0.5190037243947859,0.5,0.5172905027932961,0.5259008379888268
logit,stage-cal,Z,mcc,0.09626124060003584,0.06901716829380655,0.122433046343726,0.0,0.1182099899357733,0.17057373186433425
logit,stage-cal,Z,map,0.4437932800156059,0.4256142764530779,0.463049918853305,0.41087147889924625,0.4718422314047716,0.44866612974279985
logit,stage-cal,Z,mrr,0.494650158637546,0.4763832294690086,0.5135526281232282,0.4535833476998591,0.5196952751142365,0.5106718530985425
logit,stage-cal,Z,recall_at_1,0.25952380952380955,0.24047619047619048,0.2791666666666667,0.23124999999999996,0.2901785714285715,0.2571428571428571
logit,stage-cal,Z,recall_at_3,0.45803571428571427,0.4360119047619047,0.48066220238095225,0.4125,0.47232142857142856,0.4892857142857142
logit,stage-cal,Z,recall_at_5,0.5559523809523809,0.5330357142857144,0.5791666666666666,0.5151785714285715,0.5830357142857142,0.5696428571428571
logit,stage-cal,Z,recall_at_10,0.7380952380952381,0.7169642857142856,0.7601190476190475,0.6982142857142857,0.7428571428571428,0.7732142857142856
logit,stage-cal,Z,ndcg_at_1,0.3535714285714285,0.33035714285714285,0.3779761904761905,0.3142857142857142,0.38928571428571435,0.35714285714285704
logit,stage-cal,Z,ndcg_at_3,0.4067861955309608,0.3867702023784344,0.42777814230339856,0.3657936453794548,0.43039874601688205,0.4241661951965453
logit,stage-cal,Z,ndcg_at_5,0.45108365719801496,0.43042167376904134,0.47188947934493997,0.41225359568718883,0.4802199077451991,0.4607774681616569
logit,stage-cal,Z,ndcg_at_10,0.5152110222625192,0.4970722100003585,0.5341681597784942,0.4770612934887521,0.5368459264672646,0.5317258468315411
logit,stage-cal,F_first,average_precision,0.046519519682692856,0.025761019013921006,0.06715212631053218,0.048529665803697275,0.04213640259177032,0.048892490652610976
logit,stage-cal,F_first,trapezoidal_pr_auc,0.04648426989481991,0.024789085523194455,0.06785595736699065,0.05117068183667289,0.03778967558799334,0.050492452259793486
logit,stage-cal,F_first,roc_auc,0.03224743947858466,0.018835952048417,0.04565968342644319,0.021682960893854464,0.039961592178771044,0.035097765363128475
logit,stage-cal,F_first,recall_at_fpr_1pct,0.019166666666666683,-0.006666666666666672,0.04416666666666669,0.017499999999999988,2.7755575615628914e-17,0.040000000000000036
logit,stage-cal,F_first,brier,0.0018505593750090508,0.0012853195834187224,0.002436177342913676,0.001858732159626439,0.0016616136729717401,0.0020313322924289737
logit,stage-cal,F_first,log_loss,0.009849207044594068,0.007085934611431393,0.012659504526600187,0.008499196994721736,0.011405129744675224,0.009643294394385243
logit,stage-cal,F_first,precision,0.10055555555555552,-0.017506944444444457,0.21667361111111103,0.3,-0.1741666666666667,0.17583333333333329
logit,stage-cal,F_first,recall,0.03166666666666666,0.018333333333333337,0.045000000000000005,0.024999999999999994,0.009999999999999995,0.06
logit,stage-cal,F_first,f1,0.05213921826965303,0.029951480644958887,0.07458629383901122,0.04551101072840204,0.012792866553736099,0.09811377752682096
logit,stage-cal,F_first,specificity,-0.001070763500931234,-0.0015363128491621136,-0.0006052141527003535,-0.0002793296089386166,-0.0015363128491620026,-0.001396648044693083
logit,stage-cal,F_first,balanced_accuracy,0.015297951582867767,0.00867783985102418,0.021941922718808272,0.012360335195530703,0.004231843575419059,0.02930167597765354
logit,stage-cal,F_first,mcc,0.059369812134284494,0.02577931584535873,0.09251278223823156,0.08160043398602043,-0.014732530730733356,0.11124153314756641
logit,stage-cal,F_first,map,0.06054677797806263,0.039715557781766275,0.08082680760364211,0.06475251372970192,0.059286271933008894,0.057601548271477065
logit,stage-cal,F_first,mrr,0.05865981809115454,0.037349854060873086,0.07962678007253336,0.06327815573354167,0.05646640805700681,0.056234890482915134
logit,stage-cal,F_first,recall_at_1,0.05446428571428572,0.03125000000000002,0.07619047619047621,0.06517857142857139,0.04464285714285715,0.05357142857142863
logit,stage-cal,F_first,recall_at_3,0.07291666666666667,0.045230654761904646,0.09970982142857139,0.08303571428571421,0.06964285714285712,0.06607142857142867
logit,stage-cal,F_first,recall_at_5,0.07470238095238102,0.04732142857142859,0.1029761904761904,0.054464285714285854,0.08392857142857135,0.08571428571428585
logit,stage-cal,F_first,recall_at_10,0.04047619047619048,0.019642857142857108,0.062797619047619,0.009821428571428759,0.05892857142857133,0.05267857142857135
logit,stage-cal,F_first,ndcg_at_1,0.06607142857142856,0.03928571428571428,0.09345238095238095,0.07857142857142857,0.05714285714285716,0.062499999999999944
logit,stage-cal,F_first,ndcg_at_3,0.06890333522332111,0.044009336525726375,0.09311978331690395,0.07931134519533029,0.06482839867199625,0.0625702618026368
logit,stage-cal,F_first,ndcg_at_5,0.06989879408477002,0.04707538829186463,0.09262276187493466,0.06753638851306232,0.07222944084186278,0.06993055289938499
logit,stage-cal,F_first,ndcg_at_10,0.05761144816323094,0.03813500021761916,0.0765304986074715,0.05227112334618811,0.06190159141308649,0.05866162973041822
logit,stage-cal,F,average_precision,0.0335048887435575,0.021563660301970104,0.044934662731469864,0.04226235149710089,0.010735885085668972,0.04751642964790262
logit,stage-cal,F,trapezoidal_pr_auc,0.03436156630034331,0.021916993900057836,0.046339724970890145,0.04536732912203059,0.007240145090772296,0.05047722468822703
logit,stage-cal,F,roc_auc,0.021631168528864004,0.012439755004655422,0.030907297486033426,0.018118016759776423,0.015078561452514017,0.031696927374301576
logit,stage-cal,F,recall_at_fpr_1pct,0.012499999999999997,-0.0029166666666666737,0.027916666666666663,0.016249999999999987,-0.011249999999999996,0.0325
logit,stage-cal,F,brier,0.0011807190957646592,0.0008307662055811047,0.001526685192536882,0.0014346022630970963,0.0004651365844140741,0.001642418439782807
logit,stage-cal,F,log_loss,0.0065205242145032994,0.0047593046047044426,0.008356443615622084,0.006260258598479798,0.005001408421042214,0.008299905623987885
logit,stage-cal,F,precision,0.06694444444444442,-0.03333680555555555,0.1668055555555555,0.3625,-0.36208333333333337,0.20041666666666663
logit,stage-cal,F,recall,0.021666666666666667,0.012083333333333335,0.03125000000000001,0.03375,-0.011250000000000007,0.04250000000000001
logit,stage-cal,F,f1,0.03572548466026726,0.019221592085450753,0.05229061147186145,0.06066252587991719,-0.024123047242612473,0.07063697534349705
logit,stage-cal,F,specificity,-0.0006284916201117855,-0.001000931098696497,-0.00027932960893857955,-0.0005586592178770666,-0.0006983240223463194,-0.0006284916201119706
logit,stage-cal,F,balanced_accuracy,0.010519087523277479,0.0057504073556796645,0.015369791666666601,0.016595670391061523,-0.005974162011173234,0.020935754189944145
logit,stage-cal,F,mcc,0.040739822008622646,0.013137503369865923,0.06760515500277217,0.1033662252069723,-0.07151756278293318,0.09037080360182882
logit,stage-cal,F,map,0.04029672983295598,0.028589666201450665,0.05177670205112465,0.03999410527849995,0.028136432593967003,0.05275965162640098
logit,stage-cal,F,mrr,0.0376141881180923,0.025867073304518772,0.049161516600881645,0.036048569526524854,0.027058596672136642,0.049735398155615396
logit,stage-cal,F,recall_at_1,0.03125,0.01785714285714285,0.04434895833333333,0.03303571428571424,0.01473214285714286,0.0459821428571429
logit,stage-cal,F,recall_at_3,0.05178571428571429,0.03526785714285713,0.06815476190476187,0.05178571428571427,0.04419642857142858,0.05937500000000001
logit,stage-cal,F,recall_at_5,0.055505952380952406,0.03690476190476194,0.07425967261904759,0.04687500000000011,0.04776785714285703,0.07187500000000008
logit,stage-cal,F,recall_at_10,0.03154761904761907,0.015922619047619047,0.04776785714285706,0.015625000000000167,0.02633928571428562,0.05267857142857141
logit,stage-cal,F,ndcg_at_1,0.039285714285714285,0.022916666666666707,0.05535714285714289,0.04464285714285715,0.021428571428571436,0.05178571428571427
logit,stage-cal,F,ndcg_at_3,0.046481842367597254,0.03269365499723853,0.0598430015267239,0.047407083576496534,0.03578841959805104,0.056250023928244186
logit,stage-cal,F,ndcg_at_5,0.04846195914963992,0.03516368044031925,0.061779280285621956,0.04610739437338102,0.038044484665609946,0.0612339984099288
logit,stage-cal,F,ndcg_at_10,0.03958885614321462,0.028139583254377896,0.050804376877635664,0.03452551935299786,0.029440678568813272,0.054800370507832735
logit,stage-cal,G,average_precision,0.061608932519906755,0.04830921792983306,0.07513096390094239,0.06916780997225222,0.06906077287267591,0.04659821471479214
logit,stage-cal,G,trapezoidal_pr_auc,0.06248829344524043,0.04882105921463286,0.07635836963631452,0.07125441650982345,0.07066436966766651,0.04554609415823134
logit,stage-cal,G,roc_auc,0.03504073556797016,0.026023772113593968,0.04459584497206699,0.043041201117318406,0.03284217877094969,0.029238826815642383
logit,stage-cal,G,recall_at_fpr_1pct,0.039166666666666655,0.023749999999999976,0.05583333333333334,0.0325,0.05125,0.033749999999999974
logit,stage-cal,G,brier,0.0019640626721293083,0.001580519638653449,0.0023633992305512365,0.002179026977688594,0.0022367672546382902,0.0014763937840610412
logit,stage-cal,G,log_loss,0.009159285931589425,0.007319958366895766,0.011115182705768174,0.011117482605215986,0.008995628759229157,0.00736474643032313
logit,stage-cal,G,precision,0.06944444444444443,-0.015277777777777772,0.15138888888888888,0.07500000000000001,0.012499999999999956,0.12083333333333335
logit,stage-cal,G,recall,0.006250000000000001,-0.001666666666666666,0.014166666666666673,0.012500000000000002,-0.0012500000000000046,0.007500000000000007
logit,stage-cal,G,f1,0.011197389566954792,-0.0025018037518037472,0.024799297321036435,0.021565029173724833,-0.0015278200060808642,0.01355495953322041
logit,stage-cal,G,specificity,0.0008147113594041966,0.00041899441340783233,0.0012104283054004312,0.0002094972067039902,0.0015363128491620581,0.0006983240223465415
logit,stage-cal,G,balanced_accuracy,0.0035323556797021336,-0.00043790735567975997,0.007513966480446954,0.006354748603352112,0.00014315642458107014,0.0040991620111732185
logit,stage-cal,G,mcc,0.02205442735383085,-0.0008594076445319018,0.04391157642993218,0.031677273979200664,0.00463844170958666,0.02984756637270522
logit,stage-cal,G,map,0.048998214606854516,0.034705412011384947,0.06349215888604386,0.04750837520242776,0.0501017144143103,0.04938455420382548
logit,stage-cal,G,mrr,0.05312266169490786,0.03757623394603429,0.06870371322052884,0.051335501382494014,0.055233443604040894,0.05279904009818867
logit,stage-cal,G,recall_at_1,0.04062499999999998,0.022767857142857117,0.05863095238095235,0.035267857142857115,0.047321428571428556,0.03928571428571427
logit,stage-cal,G,recall_at_3,0.05997023809523808,0.04226190476190477,0.07782738095238091,0.058482142857142844,0.04821428571428574,0.07321428571428568
logit,stage-cal,G,recall_at_5,0.04806547619047619,0.03154761904761908,0.06502976190476197,0.05892857142857155,0.04910714285714282,0.03616071428571421
logit,stage-cal,G,recall_at_10,0.04613095238095227,0.03184523809523804,0.061011904761904746,0.04687499999999989,0.042410714285714135,0.049107142857142794
logit,stage-cal,G,ndcg_at_1,0.05803571428571427,0.03749255952380948,0.07946428571428571,0.057142857142857106,0.06250000000000003,0.05446428571428566
logit,stage-cal,G,ndcg_at_3,0.05695915006076067,0.040497631743921694,0.07373575710218294,0.05426711359272329,0.052857542147556585,0.06375279444200213
logit,stage-cal,G,ndcg_at_5,0.05236972257470448,0.03695829788512984,0.06780771161030114,0.055316414370994216,0.05373265969036761,0.0480600936627516
logit,stage-cal,G,ndcg_at_10,0.051497956132957164,0.03836708772613716,0.06473829259582865,0.050631498462413216,0.05192748062031144,0.05193488931614684
logit,stage-cal,final_all,average_precision,0.2821516940904838,0.2632471621911977,0.3015616742537018,0.26967712019954015,0.295177319855705,0.28160064221620623
logit,stage-cal,final_all,trapezoidal_pr_auc,0.2683882371055361,0.2488456602852601,0.2883261569600489,0.25503029422412266,0.2840924120556139,0.26604200503687164
logit,stage-cal,final_all,roc_auc,0.7431257759155804,0.7296187053848543,0.7567793102110492,0.7327467411545624,0.7481599162011174,0.7484706703910615
logit,stage-cal,final_all,recall_at_fpr_1pct,0.16805555555555554,0.15083333333333335,0.18611111111111112,0.15916666666666668,0.18083333333333332,0.16416666666666668
logit,stage-cal,final_all,brier,0.04527290133475637,0.04475623702851077,0.04578856690663641,0.045737612674740385,0.0450051484655783,0.04507594286395045
logit,stage-cal,final_all,log_loss,0.18181165119939377,0.17901988581045686,0.18464294784253332,0.1839471156424676,0.18103280639707142,0.18045503155864226
logit,stage-cal,final_all,precision,0.40370370370370373,0.3314814814814815,0.4768518518518518,0.13333333333333333,0.5861111111111111,0.4916666666666667
logit,stage-cal,final_all,recall,0.030277777777777782,0.02416666666666667,0.036388888888888894,0.006666666666666667,0.04416666666666668,0.04
logit,stage-cal,final_all,f1,0.05545987828596525,0.04472728056967187,0.06663584603801995,0.012698412698412697,0.08091316895664723,0.07276805320283582
logit,stage-cal,final_all,specificity,0.9995810055865921,0.9994258224705151,0.999736188702669,1.0,0.999534450651769,0.9992085661080075
logit,stage-cal,final_all,balanced_accuracy,0.514929391682185,0.5119200031036623,0.5180549542209808,0.5033333333333334,0.5218505586592179,0.5196042830540036
logit,stage-cal,final_all,mcc,0.10361667333124079,0.08459386510790848,0.12312478632290702,0.029053240354997543,0.15144856756649616,0.13034821207222866
logit,stage-cal,final_all,map,0.4303377647339217,0.4147440398023603,0.44588247103517803,0.41985720365757767,0.43617388016038805,0.4349822103837994
logit,stage-cal,final_all,mrr,0.48091325898850584,0.46489572259800394,0.4968637537218993,0.4710099721926688,0.4850369783608465,0.48669282641200207
logit,stage-cal,final_all,recall_at_1,0.245734126984127,0.230952380952381,0.26051835317460315,0.23690476190476192,0.2547619047619048,0.24553571428571427
logit,stage-cal,final_all,recall_at_3,0.44305555555555554,0.42281746031746037,0.4631969246031746,0.4306547619047619,0.44375000000000003,0.45476190476190476
logit,stage-cal,final_all,recall_at_5,0.5450396825396825,0.5249007936507937,0.564781746031746,0.5380952380952381,0.5529761904761905,0.544047619047619
logit,stage-cal,final_all,recall_at_10,0.7202380952380952,0.7005952380952382,0.7407738095238096,0.7116071428571428,0.7157738095238094,0.7333333333333334
logit,stage-cal,final_all,ndcg_at_1,0.33749999999999997,0.3194444444444445,0.35535714285714287,0.32499999999999996,0.3458333333333334,0.3416666666666666
logit,stage-cal,final_all,ndcg_at_3,0.39191485192919884,0.37376930113000395,0.4099249532610217,0.3797766175261544,0.3956517341714804,0.40031620408996177
logit,stage-cal,final_all,ndcg_at_5,0.4379180198437946,0.4204010339671668,0.4552016767798321,0.4278847560767958,0.44496326694442007,0.4409060365101678
logit,stage-cal,final_all,ndcg_at_10,0.5000151177677377,0.4833465188889079,0.5166718360928166,0.4897552095243203,0.5029611528095898,0.507328990969303
logit,first-cal,O,average_precision,0.27576675717337246,0.2570945763986348,0.29499433151055643,0.26482554551867865,0.28467814358754306,0.2777965824138957
logit,first-cal,O,trapezoidal_pr_auc,0.26191782088775173,0.242633561016565,0.28140046385965256,0.24917457180897767,0.27500364844215486,0.26157524241212277
logit,first-cal,O,roc_auc,0.740153049348231,0.7260622963221601,0.754408010358473,0.7368296089385475,0.7409340083798883,0.742695530726257
logit,first-cal,O,recall_at_fpr_1pct,0.16291666666666668,0.14458333333333334,0.18166666666666667,0.15250000000000002,0.16749999999999998,0.16875
logit,first-cal,O,brier,0.05066361629260804,0.0493584885085123,0.051933897525751276,0.04781263348209748,0.049898008960462314,0.054280206435264294
logit,first-cal,O,log_loss,0.19928475820485989,0.1947863744731536,0.2036631270341283,0.19154860808172625,0.19751074550397418,0.20879492102887914
logit,first-cal,O,precision,0.44905056022122586,0.4060193946866257,0.49449236591080636,0.4793082611832612,0.46520091020091014,0.40264250927950623
logit,first-cal,O,recall,0.18583333333333332,0.17,0.2020833333333333,0.13374999999999998,0.18,0.24375000000000002
logit,first-cal,O,f1,0.24847508156062884,0.228740797557764,0.26860748878047364,0.20216615312630204,0.2522181335677427,0.2910409579878418
logit,first-cal,O,specificity,0.9854283054003724,0.9834962756052142,0.987290502793296,0.99231843575419,0.9870111731843576,0.9769553072625698
logit,first-cal,O,balanced_accuracy,0.585630819366853,0.5779826291899441,0.5935454201582867,0.5630342178770951,0.5835055865921788,0.610352653631285
logit,first-cal,O,mcc,0.25499617833371174,0.23259843589791968,0.278174834981233,0.22857327846610404,0.2603789251617742,0.27603633137325706
logit,first-cal,O,map,0.42361000709307967,0.4074860275263293,0.4394421111388485,0.4243500660367434,0.41833970453819624,0.4281402507042992
logit,first-cal,O,mrr,0.4740448091639857,0.4572341272495987,0.4902181316950526,0.4797232844390737,0.4677078299841515,0.4747033130687319
logit,first-cal,O,recall_at_1,0.23883928571428573,0.22366071428571424,0.2543154761904762,0.2397321428571429,0.23705357142857142,0.23973214285714284
logit,first-cal,O,recall_at_3,0.4355654761904762,0.41324404761904754,0.4580394345238095,0.4397321428571429,0.42946428571428574,0.4375
logit,first-cal,O,recall_at_5,0.5395833333333333,0.5171130952380952,0.5620535714285714,0.5495535714285713,0.5379464285714286,0.53125
logit,first-cal,O,recall_at_10,0.7113095238095237,0.6892857142857144,0.7337797619047618,0.7183035714285713,0.7022321428571429,0.7133928571428572
logit,first-cal,O,ndcg_at_1,0.3294642857142857,0.3104166666666667,0.34821428571428564,0.3303571428571428,0.3241071428571428,0.3339285714285714
logit,first-cal,O,ndcg_at_3,0.384479180128318,0.36508492628146505,0.4034580219873008,0.3867681035995042,0.37827822824877955,0.3883912085366701
logit,first-cal,O,ndcg_at_5,0.4313352011666844,0.4126291153350845,0.44946621133721254,0.4357003362715993,0.4273349465440305,0.4309703206844233
logit,first-cal,O,ndcg_at_10,0.49241716552034687,0.47510503629623463,0.5094285805098288,0.4961021675421044,0.4860187659807524,0.4951305630381839
logit,first-cal,N,average_precision,0.2915778955019072,0.27090380665170694,0.31211089944267983,0.2920689502368785,0.28601092024788144,0.29665381602096175
logit,first-cal,N,trapezoidal_pr_auc,0.27847527439496694,0.25743752153408034,0.29948601698797994,0.280020485967774,0.27287475176999776,0.28253058544712906
logit,first-cal,N,roc_auc,0.7497974860335196,0.7358332169459962,0.7640165560986966,0.7436138268156425,0.7418505586592179,0.7639280726256983
logit,first-cal,N,recall_at_fpr_1pct,0.16708333333333333,0.14833333333333332,0.18666666666666665,0.1675,0.17,0.16375
logit,first-cal,N,brier,0.04829641714124506,0.047192785636780636,0.04942541265852444,0.04636704260388136,0.04767937467264291,0.050842834147210914
logit,first-cal,N,log_loss,0.19097989627963893,0.18680264256208393,0.19508883450426054,0.18608439694149576,0.19081611685312944,0.19603917504429158
logit,first-cal,N,precision,0.5152941070510729,0.4643260425746638,0.5672183035411799,0.5513095238095238,0.5850935175935175,0.4094792797501775
logit,first-cal,N,recall,0.16,0.14457291666666666,0.17541666666666667,0.11125000000000002,0.1525,0.21624999999999997
logit,first-cal,N,f1,0.22556719561083308,0.20453906835354832,0.2461928376869161,0.1800297956527342,0.22555278169499585,0.27111900948476914
logit,first-cal,N,specificity,0.9891061452513966,0.9878258845437617,0.99036312849162,0.9952513966480446,0.9917597765363129,0.9803072625698324
logit,first-cal,N,balanced_accuracy,0.5745530726256983,0.5668314420391061,0.5822492143854748,0.5532506983240223,0.5721298882681565,0.5982786312849162
logit,first-cal,N,mcc,0.2506312156592558,0.22629096901054332,0.2741725395725662,0.2265346882183264,0.2632040450611566,0.26215491369828425
logit,first-cal,N,map,0.44161726395338247,0.4247587268813827,0.458493293239652,0.4312034278806663,0.4357432786600448,0.4579050853194364
logit,first-cal,N,mrr,0.491018864867631,0.47329668299854455,0.507833208024423,0.4811171059902579,0.48107616129062186,0.5108633273220133
logit,first-cal,N,recall_at_1,0.25297619047619047,0.23586309523809523,0.26979538690476185,0.24419642857142854,0.24910714285714286,0.265625
logit,first-cal,N,recall_at_3,0.4586309523809524,0.4386904761904762,0.4791666666666667,0.44330357142857146,0.44642857142857145,0.4861607142857142
logit,first-cal,N,recall_at_5,0.5610119047619048,0.5403273809523809,0.5816964285714286,0.5526785714285716,0.5531249999999999,0.5772321428571429
logit,first-cal,N,recall_at_10,0.7361607142857142,0.7175595238095239,0.75625,0.7241071428571428,0.716517857142857,0.7678571428571428
logit,first-cal,N,ndcg_at_1,0.34732142857142856,0.32529761904761906,0.3681547619047619,0.33928571428571425,0.3410714285714286,0.3616071428571428
logit,first-cal,N,ndcg_at_3,0.4048548826020302,0.3859590369835923,0.4236044523673669,0.39164227091970494,0.39609496372795544,0.42682741315843026
logit,first-cal,N,ndcg_at_5,0.45128300048084574,0.43270094769369477,0.46981128570529224,0.44136256457829987,0.444304921918222,0.4681815149460154
logit,first-cal,N,ndcg_at_10,0.5131385215576235,0.49628300752339555,0.5303609286725359,0.5020825850226146,0.5020916199119649,0.535241359738291
logit,first-cal,Z,average_precision,0.2949215679247065,0.2724533759556758,0.31871964338880554,0.27938026956126316,0.31617567239202893,0.28920876182082733
logit,first-cal,Z,trapezoidal_pr_auc,0.28132906954110465,0.2585922035876685,0.3059686703306832,0.2667417390544126,0.302269939282532,0.27497553028636934
logit,first-cal,Z,roc_auc,0.7490712290502795,0.7344291201117319,0.7642461010242088,0.7245810055865922,0.7626117318435756,0.7600209497206704
logit,first-cal,Z,recall_at_fpr_1pct,0.17833333333333334,0.15583333333333332,0.20166666666666666,0.17250000000000001,0.20750000000000002,0.155
logit,first-cal,Z,brier,0.04993278006812061,0.048537398169019856,0.051242868491640496,0.047741267675924196,0.047597794169031135,0.05445927835940649
logit,first-cal,Z,log_loss,0.1960641406574852,0.19126823049844982,0.2006934706470388,0.1924604636030497,0.1888819012823842,0.20685005708702167
logit,first-cal,Z,precision,0.478933896197828,0.4249469825070154,0.5353736936062303,0.535952380952381,0.5524489399489398,0.3484003676921633
logit,first-cal,Z,recall,0.19166666666666665,0.17250000000000001,0.21083333333333337,0.11000000000000001,0.20749999999999993,0.25749999999999995
logit,first-cal,Z,f1,0.25338143312340483,0.2288959017018842,0.27818182963790034,0.17657771086706614,0.2904267430155192,0.29313984548762917
logit,first-cal,Z,specificity,0.9854283054003723,0.9837057728119182,0.9871508379888269,0.9948324022346368,0.9889664804469274,0.9724860335195531
logit,first-cal,Z,balanced_accuracy,0.5885474860335195,0.5792593691806333,0.5983221019553071,0.5524162011173184,0.5982332402234636,0.6149930167597765
logit,first-cal,Z,mcc,0.2646937501681049,0.23702138327495495,0.2930000307485835,0.2213074584347444,0.308115558694533,0.26465823337503736
logit,first-cal,Z,map,0.4437932800156059,0.4256142764530779,0.463049918853305,0.41087147889924625,0.4718422314047716,0.44866612974279985
logit,first-cal,Z,mrr,0.494650158637546,0.4763832294690086,0.5135526281232282,0.4535833476998591,0.5196952751142365,0.5106718530985425
logit,first-cal,Z,recall_at_1,0.25952380952380955,0.24047619047619048,0.2791666666666667,0.23124999999999996,0.2901785714285715,0.2571428571428571
logit,first-cal,Z,recall_at_3,0.45803571428571427,0.4360119047619047,0.48066220238095225,0.4125,0.47232142857142856,0.4892857142857142
logit,first-cal,Z,recall_at_5,0.5559523809523809,0.5330357142857144,0.5791666666666666,0.5151785714285715,0.5830357142857142,0.5696428571428571
logit,first-cal,Z,recall_at_10,0.7380952380952381,0.7169642857142856,0.7601190476190475,0.6982142857142857,0.7428571428571428,0.7732142857142856
logit,first-cal,Z,ndcg_at_1,0.3535714285714285,0.33035714285714285,0.3779761904761905,0.3142857142857142,0.38928571428571435,0.35714285714285704
logit,first-cal,Z,ndcg_at_3,0.4067861955309608,0.3867702023784344,0.42777814230339856,0.3657936453794548,0.43039874601688205,0.4241661951965453
logit,first-cal,Z,ndcg_at_5,0.45108365719801496,0.43042167376904134,0.47188947934493997,0.41225359568718883,0.4802199077451991,0.4607774681616569
logit,first-cal,Z,ndcg_at_10,0.5152110222625192,0.4970722100003585,0.5341681597784942,0.4770612934887521,0.5368459264672646,0.5317258468315411
logit,first-cal,F_first,average_precision,0.046519519682692856,0.025761019013921006,0.06715212631053218,0.048529665803697275,0.04213640259177032,0.048892490652610976
logit,first-cal,F_first,trapezoidal_pr_auc,0.04648426989481991,0.024789085523194455,0.06785595736699065,0.05117068183667289,0.03778967558799334,0.050492452259793486
logit,first-cal,F_first,roc_auc,0.03224743947858466,0.018835952048417,0.04565968342644319,0.021682960893854464,0.039961592178771044,0.035097765363128475
logit,first-cal,F_first,recall_at_fpr_1pct,0.019166666666666683,-0.006666666666666672,0.04416666666666669,0.017499999999999988,2.7755575615628914e-17,0.040000000000000036
logit,first-cal,F_first,brier,0.006735079777823731,0.005345370103174031,0.00813513765019502,0.00347484865108183,0.005220756029650456,0.01150963465273891
logit,first-cal,F_first,log_loss,0.025479205609128575,0.020998137653047214,0.029984978477724338,0.015558941980933355,0.022048429442595996,0.03883024540385638
logit,first-cal,F_first,precision,0.10273316509771623,-0.004993369407939832,0.20096832336122192,-0.01708333333333334,0.11215270840270858,0.21313012022377342
logit,first-cal,F_first,recall,-0.1183333333333333,-0.13999999999999999,-0.09833333333333333,-0.07499999999999998,-0.12249999999999994,-0.1575
logit,first-cal,F_first,f1,-0.1297899919825962,-0.1613077772114487,-0.10089436711802723,-0.11310224558050641,-0.14145622065401225,-0.13481150971326988
logit,first-cal,F_first,specificity,0.012104283054003536,0.009962756052141253,0.014338919925511987,0.004050279329608886,0.011173184357541777,0.021089385474859945
logit,first-cal,F_first,balanced_accuracy,-0.053114525139664824,-0.06387924813780264,-0.043186627094971924,-0.035474860335195424,-0.05566340782122903,-0.06820530726257001
logit,first-cal,F_first,mcc,-0.07743738968708747,-0.11600575148921079,-0.04101167625442379,-0.09433650608786953,-0.08354817924772032,-0.05442748372567255
logit,first-cal,F_first,map,0.06054677797806263,0.039715557781766275,0.08082680760364211,0.06475251372970192,0.059286271933008894,0.057601548271477065
logit,first-cal,F_first,mrr,0.05865981809115454,0.037349854060873086,0.07962678007253336,0.06327815573354167,0.05646640805700681,0.056234890482915134
logit,first-cal,F_first,recall_at_1,0.05446428571428572,0.03125000000000002,0.07619047619047621,0.06517857142857139,0.04464285714285715,0.05357142857142863
logit,first-cal,F_first,recall_at_3,0.07291666666666667,0.045230654761904646,0.09970982142857139,0.08303571428571421,0.06964285714285712,0.06607142857142867
logit,first-cal,F_first,recall_at_5,0.07470238095238102,0.04732142857142859,0.1029761904761904,0.054464285714285854,0.08392857142857135,0.08571428571428585
logit,first-cal,F_first,recall_at_10,0.04047619047619048,0.019642857142857108,0.062797619047619,0.009821428571428759,0.05892857142857133,0.05267857142857135
logit,first-cal,F_first,ndcg_at_1,0.06607142857142856,0.03928571428571428,0.09345238095238095,0.07857142857142857,0.05714285714285716,0.062499999999999944
logit,first-cal,F_first,ndcg_at_3,0.06890333522332111,0.044009336525726375,0.09311978331690395,0.07931134519533029,0.06482839867199625,0.0625702618026368
logit,first-cal,F_first,ndcg_at_5,0.06989879408477002,0.04707538829186463,0.09262276187493466,0.06753638851306232,0.07222944084186278,0.06993055289938499
logit,first-cal,F_first,ndcg_at_10,0.05761144816323094,0.03813500021761916,0.0765304986074715,0.05227112334618811,0.06190159141308649,0.05866162973041822
logit,first-cal,F,average_precision,0.0335048887435575,0.021563660301970104,0.044934662731469864,0.04226235149710089,0.010735885085668972,0.04751642964790262
logit,first-cal,F,trapezoidal_pr_auc,0.03436156630034331,0.021916993900057836,0.046339724970890145,0.04536732912203059,0.007240145090772296,0.05047722468822703
logit,first-cal,F,roc_auc,0.021631168528864004,0.012439755004655422,0.030907297486033426,0.018118016759776423,0.015078561452514017,0.031696927374301576
logit,first-cal,F,recall_at_fpr_1pct,0.012499999999999997,-0.0029166666666666737,0.027916666666666663,0.016249999999999987,-0.011249999999999996,0.0325
logit,first-cal,F,brier,0.005673097216678708,0.004871335078654418,0.006447025027111346,0.003310982650312863,0.004394424522532418,0.009313884477190844
logit,first-cal,F,log_loss,0.020172815368587272,0.017358983805017856,0.022924746378580996,0.013019255181440162,0.016195460481292098,0.03130373044302956
logit,first-cal,F,precision,0.113165487619822,0.05644026219093942,0.16917105978386943,0.054025072150072156,0.13575147075147084,0.14971991995792297
logit,first-cal,F,recall,-0.08666666666666667,-0.09958333333333334,-0.07416666666666664,-0.05999999999999999,-0.09374999999999997,-0.10625000000000002
logit,first-cal,F,f1,-0.08872050476383525,-0.10550404677145103,-0.07308027492473583,-0.0781458980190904,-0.10669488185970841,-0.08132073441270693
logit,first-cal,F,specificity,0.01017225325884528,0.008729050279329428,0.011662011173184236,0.005377094972066954,0.009078212290502652,0.016061452513966235
logit,first-cal,F,balanced_accuracy,-0.03824720670391065,-0.04460111149906892,-0.03230656424581003,-0.027311452513966494,-0.04233589385474856,-0.04509427374301689
logit,first-cal,F,mcc,-0.04421415569415122,-0.06416763353373743,-0.025577849155893607,-0.05010217220589146,-0.05468236584895969,-0.02785792902760252
logit,first-cal,F,map,0.04029672983295598,0.028589666201450665,0.05177670205112465,0.03999410527849995,0.028136432593967003,0.05275965162640098
logit,first-cal,F,mrr,0.0376141881180923,0.025867073304518772,0.049161516600881645,0.036048569526524854,0.027058596672136642,0.049735398155615396
logit,first-cal,F,recall_at_1,0.03125,0.01785714285714285,0.04434895833333333,0.03303571428571424,0.01473214285714286,0.0459821428571429
logit,first-cal,F,recall_at_3,0.05178571428571429,0.03526785714285713,0.06815476190476187,0.05178571428571427,0.04419642857142858,0.05937500000000001
logit,first-cal,F,recall_at_5,0.055505952380952406,0.03690476190476194,0.07425967261904759,0.04687500000000011,0.04776785714285703,0.07187500000000008
logit,first-cal,F,recall_at_10,0.03154761904761907,0.015922619047619047,0.04776785714285706,0.015625000000000167,0.02633928571428562,0.05267857142857141
logit,first-cal,F,ndcg_at_1,0.039285714285714285,0.022916666666666707,0.05535714285714289,0.04464285714285715,0.021428571428571436,0.05178571428571427
logit,first-cal,F,ndcg_at_3,0.046481842367597254,0.03269365499723853,0.0598430015267239,0.047407083576496534,0.03578841959805104,0.056250023928244186
logit,first-cal,F,ndcg_at_5,0.04846195914963992,0.03516368044031925,0.061779280285621956,0.04610739437338102,0.038044484665609946,0.0612339984099288
logit,first-cal,F,ndcg_at_10,0.03958885614321462,0.028139583254377896,0.050804376877635664,0.03452551935299786,0.029440678568813272,0.054800370507832735
logit,first-cal,G,average_precision,0.061608932519906755,0.04830921792983306,0.07513096390094239,0.06916780997225222,0.06906077287267591,0.04659821471479214
logit,first-cal,G,trapezoidal_pr_auc,0.06248829344524043,0.04882105921463286,0.07635836963631452,0.07125441650982345,0.07066436966766651,0.04554609415823134
logit,first-cal,G,roc_auc,0.03504073556797016,0.026023772113593968,0.04459584497206699,0.043041201117318406,0.03284217877094969,0.029238826815642383
logit,first-cal,G,recall_at_fpr_1pct,0.039166666666666655,0.023749999999999976,0.05583333333333334,0.0325,0.05125,0.033749999999999974
logit,first-cal,G,brier,0.0001942425185765736,-0.0005317171874104406,0.0009276261597171294,0.002088689756719001,0.0012041409083987376,-0.002710103109388018
logit,first-cal,G,log_loss,0.0031006180366700553,0.0005965733767176121,0.00569879104193082,0.00994557419926001,0.004133060866998342,-0.004776780956248186
logit,first-cal,G,precision,0.07896474197170786,0.010275688057857134,0.14570737036763534,0.1800595238095238,0.11354589854589839,-0.05671119644029862
logit,first-cal,G,recall,0.09125,0.07916666666666666,0.10374999999999997,0.07125000000000001,0.08374999999999999,0.11874999999999998
logit,first-cal,G,f1,0.11350997907188864,0.09795112941560935,0.1295583444957691,0.11034896561320849,0.11040919098618775,0.11977178061626967
logit,first-cal,G,specificity,-0.006517690875232722,-0.007588454376163753,-0.005469622905027683,-0.0030027932960893233,-0.003212290502793258,-0.013337988826815583
logit,first-cal,G,balanced_accuracy,0.04236615456238361,0.03633612662942274,0.0485710544692737,0.0341236033519553,0.04026885474860337,0.052706005586592164
logit,first-cal,G,mcc,0.10093917745188502,0.08099604864008889,0.12107905826573546,0.11823305160444005,0.10684350931627573,0.0777409714349393
logit,first-cal,G,map,0.048998214606854516,0.034705412011384947,0.06349215888604386,0.04750837520242776,0.0501017144143103,0.04938455420382548
logit,first-cal,G,mrr,0.05312266169490786,0.03757623394603429,0.06870371322052884,0.051335501382494014,0.055233443604040894,0.05279904009818867
logit,first-cal,G,recall_at_1,0.04062499999999998,0.022767857142857117,0.05863095238095235,0.035267857142857115,0.047321428571428556,0.03928571428571427
logit,first-cal,G,recall_at_3,0.05997023809523808,0.04226190476190477,0.07782738095238091,0.058482142857142844,0.04821428571428574,0.07321428571428568
logit,first-cal,G,recall_at_5,0.04806547619047619,0.03154761904761908,0.06502976190476197,0.05892857142857155,0.04910714285714282,0.03616071428571421
logit,first-cal,G,recall_at_10,0.04613095238095227,0.03184523809523804,0.061011904761904746,0.04687499999999989,0.042410714285714135,0.049107142857142794
logit,first-cal,G,ndcg_at_1,0.05803571428571427,0.03749255952380948,0.07946428571428571,0.057142857142857106,0.06250000000000003,0.05446428571428566
logit,first-cal,G,ndcg_at_3,0.05695915006076067,0.040497631743921694,0.07373575710218294,0.05426711359272329,0.052857542147556585,0.06375279444200213
logit,first-cal,G,ndcg_at_5,0.05236972257470448,0.03695829788512984,0.06780771161030114,0.055316414370994216,0.05373265969036761,0.0480600936627516
logit,first-cal,G,ndcg_at_10,0.051497956132957164,0.03836708772613716,0.06473829259582865,0.050631498462413216,0.05192748062031144,0.05193488931614684
logit,first-cal,final_all,average_precision,0.2821516940904838,0.2632471621911977,0.3015616742537018,0.26967712019954015,0.295177319855705,0.28160064221620623
logit,first-cal,final_all,trapezoidal_pr_auc,0.2683882371055361,0.2488456602852601,0.2883261569600489,0.25503029422412266,0.2840924120556139,0.26604200503687164
logit,first-cal,final_all,roc_auc,0.7431257759155804,0.7296187053848543,0.7567793102110492,0.7327467411545624,0.7481599162011174,0.7484706703910615
logit,first-cal,final_all,recall_at_fpr_1pct,0.16805555555555554,0.15083333333333335,0.18611111111111112,0.15916666666666668,0.18083333333333332,0.16416666666666668
logit,first-cal,final_all,brier,0.050420004217778897,0.04920183198483242,0.05160974977657892,0.047788844880039726,0.04913127069665193,0.05433989707664503
logit,first-cal,final_all,log_loss,0.1982112190224016,0.19395515293453403,0.2024310928230221,0.1918525599221674,0.1946344640967775,0.20814663304825998
logit,first-cal,final_all,precision,0.45901167221342654,0.41945636841157347,0.5013319692791441,0.49818963443963443,0.4942835867835867,0.3845617954170586
logit,first-cal,final_all,recall,0.18777777777777774,0.17277777777777778,0.2027777777777778,0.12583333333333332,0.18916666666666662,0.24833333333333332
logit,first-cal,final_all,f1,0.25011053208155415,0.23118895783604848,0.2689772427792364,0.19363667237322338,0.2649543367170015,0.29174058715443757
logit,first-cal,final_all,specificity,0.9854283054003724,0.9837833643699566,0.9870111731843575,0.9931564245810055,0.9876629422718809,0.975465549348231
logit,first-cal,final_all,balanced_accuracy,0.5866030415890752,0.5793667171011794,0.5939591480446927,0.5594948789571695,0.5884148044692737,0.6118994413407822
logit,first-cal,final_all,mcc,0.2582287022785095,0.23719199609530922,0.28029199983774,0.22615133845565083,0.2762911363393605,0.27224363204051716
logit,first-cal,final_all,map,0.4303377647339217,0.4147440398023603,0.44588247103517803,0.41985720365757767,0.43617388016038805,0.4349822103837994
logit,first-cal,final_all,mrr,0.48091325898850584,0.46489572259800394,0.4968637537218993,0.4710099721926688,0.4850369783608465,0.48669282641200207
logit,first-cal,final_all,recall_at_1,0.245734126984127,0.230952380952381,0.26051835317460315,0.23690476190476192,0.2547619047619048,0.24553571428571427
logit,first-cal,final_all,recall_at_3,0.44305555555555554,0.42281746031746037,0.4631969246031746,0.4306547619047619,0.44375000000000003,0.45476190476190476
logit,first-cal,final_all,recall_at_5,0.5450396825396825,0.5249007936507937,0.564781746031746,0.5380952380952381,0.5529761904761905,0.544047619047619
logit,first-cal,final_all,recall_at_10,0.7202380952380952,0.7005952380952382,0.7407738095238096,0.7116071428571428,0.7157738095238094,0.7333333333333334
logit,first-cal,final_all,ndcg_at_1,0.33749999999999997,0.3194444444444445,0.35535714285714287,0.32499999999999996,0.3458333333333334,0.3416666666666666
logit,first-cal,final_all,ndcg_at_3,0.39191485192919884,0.37376930113000395,0.4099249532610217,0.3797766175261544,0.3956517341714804,0.40031620408996177
logit,first-cal,final_all,ndcg_at_5,0.4379180198437946,0.4204010339671668,0.4552016767798321,0.4278847560767958,0.44496326694442007,0.4409060365101678
logit,first-cal,final_all,ndcg_at_10,0.5000151177677377,0.4833465188889079,0.5166718360928166,0.4897552095243203,0.5029611528095898,0.507328990969303
logit,primary,O,average_precision,0.27576675717337246,0.2570945763986348,0.29499433151055643,0.26482554551867865,0.28467814358754306,0.2777965824138957
logit,primary,O,trapezoidal_pr_auc,0.26191782088775173,0.242633561016565,0.28140046385965256,0.24917457180897767,0.27500364844215486,0.26157524241212277
logit,primary,O,roc_auc,0.740153049348231,0.7260622963221601,0.754408010358473,0.7368296089385475,0.7409340083798883,0.742695530726257
logit,primary,O,recall_at_fpr_1pct,0.16291666666666668,0.14458333333333334,0.18166666666666667,0.15250000000000002,0.16749999999999998,0.16875
logit,primary,O,brier,0.04541745694268543,0.04489346084862413,0.04594021227881334,0.04567360798293801,0.04539617057081312,0.04518259227430518
logit,primary,O,log_loss,0.18269949209836409,0.17978061043958052,0.18563570329472284,0.18367310690843247,0.18322856557550218,0.18119680381115758
logit,primary,O,precision,0.42500000000000004,0.33888888888888885,0.5125000000000001,0.2,0.6541666666666668,0.42083333333333334
logit,primary,O,recall,0.03083333333333334,0.024583333333333336,0.037500000000000006,0.01,0.048750000000000016,0.03375
logit,primary,O,f1,0.05660408432147562,0.04519090360122969,0.0687083372545329,0.019047619047619046,0.0893068887634105,0.06145774515339733
logit,primary,O,specificity,0.9995577281191806,0.9993482309124767,0.999743947858473,1.0,0.9995111731843574,0.9991620111731844
logit,primary,O,balanced_accuracy,0.515195530726257,0.512023975791434,0.5185405027932961,0.5050000000000001,0.5241305865921788,0.5164560055865921
logit,primary,O,mcc,0.10729438969684325,0.08611147092265843,0.1297880783844216,0.043579860532496316,0.1680678563818576,0.11023545217617586
logit,primary,O,map,0.42361000709307967,0.4074860275263293,0.4394421111388485,0.4243500660367434,0.41833970453819624,0.4281402507042992
logit,primary,O,mrr,0.4740448091639857,0.4572341272495987,0.4902181316950526,0.4797232844390737,0.4677078299841515,0.4747033130687319
logit,primary,O,recall_at_1,0.23883928571428573,0.22366071428571424,0.2543154761904762,0.2397321428571429,0.23705357142857142,0.23973214285714284
logit,primary,O,recall_at_3,0.4355654761904762,0.41324404761904754,0.4580394345238095,0.4397321428571429,0.42946428571428574,0.4375
logit,primary,O,recall_at_5,0.5395833333333333,0.5171130952380952,0.5620535714285714,0.5495535714285713,0.5379464285714286,0.53125
logit,primary,O,recall_at_10,0.7113095238095237,0.6892857142857144,0.7337797619047618,0.7183035714285713,0.7022321428571429,0.7133928571428572
logit,primary,O,ndcg_at_1,0.3294642857142857,0.3104166666666667,0.34821428571428564,0.3303571428571428,0.3241071428571428,0.3339285714285714
logit,primary,O,ndcg_at_3,0.384479180128318,0.36508492628146505,0.4034580219873008,0.3867681035995042,0.37827822824877955,0.3883912085366701
logit,primary,O,ndcg_at_5,0.4313352011666844,0.4126291153350845,0.44946621133721254,0.4357003362715993,0.4273349465440305,0.4309703206844233
logit,primary,O,ndcg_at_10,0.49241716552034687,0.47510503629623463,0.5094285805098288,0.4961021675421044,0.4860187659807524,0.4951305630381839
logit,primary,N,average_precision,0.2915778955019072,0.27090380665170694,0.31211089944267983,0.2920689502368785,0.28601092024788144,0.29665381602096175
logit,primary,N,trapezoidal_pr_auc,0.27847527439496694,0.25743752153408034,0.29948601698797994,0.280020485967774,0.27287475176999776,0.28253058544712906
logit,primary,N,roc_auc,0.7497974860335196,0.7358332169459962,0.7640165560986966,0.7436138268156425,0.7418505586592179,0.7639280726256983
logit,primary,N,recall_at_fpr_1pct,0.16708333333333333,0.14833333333333332,0.18666666666666665,0.1675,0.17,0.16375
logit,primary,N,brier,0.045068140937625345,0.04451773259847419,0.04560641233801653,0.04516657468314812,0.045419479264150825,0.04461836886557708
logit,primary,N,log_loss,0.1800328356992111,0.17711028936364473,0.18294109637148057,0.1809852271049064,0.1816076823638202,0.1775055976289067
logit,primary,N,precision,0.38611111111111107,0.30972222222222223,0.45975694444444404,0.3125,0.225,0.6208333333333333
logit,primary,N,recall,0.03208333333333333,0.02375,0.04083333333333334,0.026250000000000002,0.017499999999999998,0.052500000000000005
logit,primary,N,f1,0.05803720434155218,0.04391891743522178,0.07322561798105277,0.047430830039525695,0.032062864671560325,0.0946179183135705
logit,primary,N,specificity,0.999534450651769,0.999278398510242,0.9997672253258845,0.9995810055865922,0.9997905027932961,0.9992318435754189
logit,primary,N,balanced_accuracy,0.5158088919925513,0.511723696461825,0.520230737895717,0.5129155027932961,0.5086452513966481,0.5258659217877095
logit,primary,N,mcc,0.1036671499411266,0.08147617509189702,0.12637434987300117,0.08435593848021025,0.05910499496788665,0.1675405163752829
logit,primary,N,map,0.44161726395338247,0.4247587268813827,0.458493293239652,0.4312034278806663,0.4357432786600448,0.4579050853194364
logit,primary,N,mrr,0.491018864867631,0.47329668299854455,0.507833208024423,0.4811171059902579,0.48107616129062186,0.5108633273220133
logit,primary,N,recall_at_1,0.25297619047619047,0.23586309523809523,0.26979538690476185,0.24419642857142854,0.24910714285714286,0.265625
logit,primary,N,recall_at_3,0.4586309523809524,0.4386904761904762,0.4791666666666667,0.44330357142857146,0.44642857142857145,0.4861607142857142
logit,primary,N,recall_at_5,0.5610119047619048,0.5403273809523809,0.5816964285714286,0.5526785714285716,0.5531249999999999,0.5772321428571429
logit,primary,N,recall_at_10,0.7361607142857142,0.7175595238095239,0.75625,0.7241071428571428,0.716517857142857,0.7678571428571428
logit,primary,N,ndcg_at_1,0.34732142857142856,0.32529761904761906,0.3681547619047619,0.33928571428571425,0.3410714285714286,0.3616071428571428
logit,primary,N,ndcg_at_3,0.4048548826020302,0.3859590369835923,0.4236044523673669,0.39164227091970494,0.39609496372795544,0.42682741315843026
logit,primary,N,ndcg_at_5,0.45128300048084574,0.43270094769369477,0.46981128570529224,0.44136256457829987,0.444304921918222,0.4681815149460154
logit,primary,N,ndcg_at_10,0.5131385215576235,0.49628300752339555,0.5303609286725359,0.5020825850226146,0.5020916199119649,0.535241359738291
logit,primary,Z,average_precision,0.2949215679247065,0.2724533759556758,0.31871964338880554,0.27938026956126316,0.31617567239202893,0.28920876182082733
logit,primary,Z,trapezoidal_pr_auc,0.28132906954110465,0.2585922035876685,0.3059686703306832,0.2667417390544126,0.302269939282532,0.27497553028636934
logit,primary,Z,roc_auc,0.7490712290502795,0.7344291201117319,0.7642461010242088,0.7245810055865922,0.7626117318435756,0.7600209497206704
logit,primary,Z,recall_at_fpr_1pct,0.17833333333333334,0.15583333333333332,0.20166666666666666,0.17250000000000001,0.20750000000000002,0.155
logit,primary,Z,brier,0.044983790118898255,0.044351948033033106,0.045572261734538655,0.04586562205834514,0.04422310425510867,0.04486264404324096
logit,primary,Z,log_loss,0.18003596940145314,0.1767759984560837,0.18315476380280643,0.18449513311053786,0.17664128804020987,0.17897148705361166
logit,primary,Z,precision,0.36111111111111116,0.2611111111111111,0.4527777777777778,0.0,0.45,0.6333333333333334
logit,primary,Z,recall,0.029166666666666664,0.02,0.03833333333333334,0.0,0.034999999999999996,0.052500000000000005
logit,primary,Z,f1,0.05317146621494448,0.03688750862663906,0.06945573749921574,0.0,0.06412572934312065,0.09538866930171279
logit,primary,Z,specificity,0.9996275605214153,0.9993947858472998,0.9998603351955305,1.0,0.9995810055865922,0.9993016759776536
logit,primary,Z,balanced_accuracy,0.5143971135940409,0.5098137802607077,0.5190037243947859,0.5,0.5172905027932961,0.5259008379888268
logit,primary,Z,mcc,0.09626124060003584,0.06901716829380655,0.122433046343726,0.0,0.1182099899357733,0.17057373186433425
logit,primary,Z,map,0.4437932800156059,0.4256142764530779,0.463049918853305,0.41087147889924625,0.4718422314047716,0.44866612974279985
logit,primary,Z,mrr,0.494650158637546,0.4763832294690086,0.5135526281232282,0.4535833476998591,0.5196952751142365,0.5106718530985425
logit,primary,Z,recall_at_1,0.25952380952380955,0.24047619047619048,0.2791666666666667,0.23124999999999996,0.2901785714285715,0.2571428571428571
logit,primary,Z,recall_at_3,0.45803571428571427,0.4360119047619047,0.48066220238095225,0.4125,0.47232142857142856,0.4892857142857142
logit,primary,Z,recall_at_5,0.5559523809523809,0.5330357142857144,0.5791666666666666,0.5151785714285715,0.5830357142857142,0.5696428571428571
logit,primary,Z,recall_at_10,0.7380952380952381,0.7169642857142856,0.7601190476190475,0.6982142857142857,0.7428571428571428,0.7732142857142856
logit,primary,Z,ndcg_at_1,0.3535714285714285,0.33035714285714285,0.3779761904761905,0.3142857142857142,0.38928571428571435,0.35714285714285704
logit,primary,Z,ndcg_at_3,0.4067861955309608,0.3867702023784344,0.42777814230339856,0.3657936453794548,0.43039874601688205,0.4241661951965453
logit,primary,Z,ndcg_at_5,0.45108365719801496,0.43042167376904134,0.47188947934493997,0.41225359568718883,0.4802199077451991,0.4607774681616569
logit,primary,Z,ndcg_at_10,0.5152110222625192,0.4970722100003585,0.5341681597784942,0.4770612934887521,0.5368459264672646,0.5317258468315411
logit,primary,F_first,average_precision,0.046519519682692856,0.025761019013921006,0.06715212631053218,0.048529665803697275,0.04213640259177032,0.048892490652610976
logit,primary,F_first,trapezoidal_pr_auc,0.04648426989481991,0.024789085523194455,0.06785595736699065,0.05117068183667289,0.03778967558799334,0.050492452259793486
logit,primary,F_first,roc_auc,0.03224743947858466,0.018835952048417,0.04565968342644319,0.021682960893854464,0.039961592178771044,0.035097765363128475
logit,primary,F_first,recall_at_fpr_1pct,0.019166666666666683,-0.006666666666666672,0.04416666666666669,0.017499999999999988,2.7755575615628914e-17,0.040000000000000036
logit,primary,F_first,brier,0.0018505593750090508,0.0012853195834187224,0.002436177342913676,0.001858732159626439,0.0016616136729717401,0.0020313322924289737
logit,primary,F_first,log_loss,0.009849207044594068,0.007085934611431393,0.012659504526600187,0.008499196994721736,0.011405129744675224,0.009643294394385243
logit,primary,F_first,precision,0.10055555555555552,-0.017506944444444457,0.21667361111111103,0.3,-0.1741666666666667,0.17583333333333329
logit,primary,F_first,recall,0.03166666666666666,0.018333333333333337,0.045000000000000005,0.024999999999999994,0.009999999999999995,0.06
logit,primary,F_first,f1,0.05213921826965303,0.029951480644958887,0.07458629383901122,0.04551101072840204,0.012792866553736099,0.09811377752682096
logit,primary,F_first,specificity,-0.001070763500931234,-0.0015363128491621136,-0.0006052141527003535,-0.0002793296089386166,-0.0015363128491620026,-0.001396648044693083
logit,primary,F_first,balanced_accuracy,0.015297951582867767,0.00867783985102418,0.021941922718808272,0.012360335195530703,0.004231843575419059,0.02930167597765354
logit,primary,F_first,mcc,0.059369812134284494,0.02577931584535873,0.09251278223823156,0.08160043398602043,-0.014732530730733356,0.11124153314756641
logit,primary,F_first,map,0.06054677797806263,0.039715557781766275,0.08082680760364211,0.06475251372970192,0.059286271933008894,0.057601548271477065
logit,primary,F_first,mrr,0.05865981809115454,0.037349854060873086,0.07962678007253336,0.06327815573354167,0.05646640805700681,0.056234890482915134
logit,primary,F_first,recall_at_1,0.05446428571428572,0.03125000000000002,0.07619047619047621,0.06517857142857139,0.04464285714285715,0.05357142857142863
logit,primary,F_first,recall_at_3,0.07291666666666667,0.045230654761904646,0.09970982142857139,0.08303571428571421,0.06964285714285712,0.06607142857142867
logit,primary,F_first,recall_at_5,0.07470238095238102,0.04732142857142859,0.1029761904761904,0.054464285714285854,0.08392857142857135,0.08571428571428585
logit,primary,F_first,recall_at_10,0.04047619047619048,0.019642857142857108,0.062797619047619,0.009821428571428759,0.05892857142857133,0.05267857142857135
logit,primary,F_first,ndcg_at_1,0.06607142857142856,0.03928571428571428,0.09345238095238095,0.07857142857142857,0.05714285714285716,0.062499999999999944
logit,primary,F_first,ndcg_at_3,0.06890333522332111,0.044009336525726375,0.09311978331690395,0.07931134519533029,0.06482839867199625,0.0625702618026368
logit,primary,F_first,ndcg_at_5,0.06989879408477002,0.04707538829186463,0.09262276187493466,0.06753638851306232,0.07222944084186278,0.06993055289938499
logit,primary,F_first,ndcg_at_10,0.05761144816323094,0.03813500021761916,0.0765304986074715,0.05227112334618811,0.06190159141308649,0.05866162973041822
logit,primary,F,average_precision,0.0335048887435575,0.021563660301970104,0.044934662731469864,0.04226235149710089,0.010735885085668972,0.04751642964790262
logit,primary,F,trapezoidal_pr_auc,0.03436156630034331,0.021916993900057836,0.046339724970890145,0.04536732912203059,0.007240145090772296,0.05047722468822703
logit,primary,F,roc_auc,0.021631168528864004,0.012439755004655422,0.030907297486033426,0.018118016759776423,0.015078561452514017,0.031696927374301576
logit,primary,F,recall_at_fpr_1pct,0.012499999999999997,-0.0029166666666666737,0.027916666666666663,0.016249999999999987,-0.011249999999999996,0.0325
logit,primary,F,brier,0.0011807190957646592,0.0008307662055811047,0.001526685192536882,0.0014346022630970963,0.0004651365844140741,0.001642418439782807
logit,primary,F,log_loss,0.0065205242145032994,0.0047593046047044426,0.008356443615622084,0.006260258598479798,0.005001408421042214,0.008299905623987885
logit,primary,F,precision,0.06694444444444442,-0.03333680555555555,0.1668055555555555,0.3625,-0.36208333333333337,0.20041666666666663
logit,primary,F,recall,0.021666666666666667,0.012083333333333335,0.03125000000000001,0.03375,-0.011250000000000007,0.04250000000000001
logit,primary,F,f1,0.03572548466026726,0.019221592085450753,0.05229061147186145,0.06066252587991719,-0.024123047242612473,0.07063697534349705
logit,primary,F,specificity,-0.0006284916201117855,-0.001000931098696497,-0.00027932960893857955,-0.0005586592178770666,-0.0006983240223463194,-0.0006284916201119706
logit,primary,F,balanced_accuracy,0.010519087523277479,0.0057504073556796645,0.015369791666666601,0.016595670391061523,-0.005974162011173234,0.020935754189944145
logit,primary,F,mcc,0.040739822008622646,0.013137503369865923,0.06760515500277217,0.1033662252069723,-0.07151756278293318,0.09037080360182882
logit,primary,F,map,0.04029672983295598,0.028589666201450665,0.05177670205112465,0.03999410527849995,0.028136432593967003,0.05275965162640098
logit,primary,F,mrr,0.0376141881180923,0.025867073304518772,0.049161516600881645,0.036048569526524854,0.027058596672136642,0.049735398155615396
logit,primary,F,recall_at_1,0.03125,0.01785714285714285,0.04434895833333333,0.03303571428571424,0.01473214285714286,0.0459821428571429
logit,primary,F,recall_at_3,0.05178571428571429,0.03526785714285713,0.06815476190476187,0.05178571428571427,0.04419642857142858,0.05937500000000001
logit,primary,F,recall_at_5,0.055505952380952406,0.03690476190476194,0.07425967261904759,0.04687500000000011,0.04776785714285703,0.07187500000000008
logit,primary,F,recall_at_10,0.03154761904761907,0.015922619047619047,0.04776785714285706,0.015625000000000167,0.02633928571428562,0.05267857142857141
logit,primary,F,ndcg_at_1,0.039285714285714285,0.022916666666666707,0.05535714285714289,0.04464285714285715,0.021428571428571436,0.05178571428571427
logit,primary,F,ndcg_at_3,0.046481842367597254,0.03269365499723853,0.0598430015267239,0.047407083576496534,0.03578841959805104,0.056250023928244186
logit,primary,F,ndcg_at_5,0.04846195914963992,0.03516368044031925,0.061779280285621956,0.04610739437338102,0.038044484665609946,0.0612339984099288
logit,primary,F,ndcg_at_10,0.03958885614321462,0.028139583254377896,0.050804376877635664,0.03452551935299786,0.029440678568813272,0.054800370507832735
logit,primary,G,average_precision,0.061608932519906755,0.04830921792983306,0.07513096390094239,0.06916780997225222,0.06906077287267591,0.04659821471479214
logit,primary,G,trapezoidal_pr_auc,0.06248829344524043,0.04882105921463286,0.07635836963631452,0.07125441650982345,0.07066436966766651,0.04554609415823134
logit,primary,G,roc_auc,0.03504073556797016,0.026023772113593968,0.04459584497206699,0.043041201117318406,0.03284217877094969,0.029238826815642383
logit,primary,G,recall_at_fpr_1pct,0.039166666666666655,0.023749999999999976,0.05583333333333334,0.0325,0.05125,0.033749999999999974
logit,primary,G,brier,0.0019640626721293083,0.001580519638653449,0.0023633992305512365,0.002179026977688594,0.0022367672546382902,0.0014763937840610412
logit,primary,G,log_loss,0.009159285931589425,0.007319958366895766,0.011115182705768174,0.011117482605215986,0.008995628759229157,0.00736474643032313
logit,primary,G,precision,0.06944444444444443,-0.015277777777777772,0.15138888888888888,0.07500000000000001,0.012499999999999956,0.12083333333333335
logit,primary,G,recall,0.006250000000000001,-0.001666666666666666,0.014166666666666673,0.012500000000000002,-0.0012500000000000046,0.007500000000000007
logit,primary,G,f1,0.011197389566954792,-0.0025018037518037472,0.024799297321036435,0.021565029173724833,-0.0015278200060808642,0.01355495953322041
logit,primary,G,specificity,0.0008147113594041966,0.00041899441340783233,0.0012104283054004312,0.0002094972067039902,0.0015363128491620581,0.0006983240223465415
logit,primary,G,balanced_accuracy,0.0035323556797021336,-0.00043790735567975997,0.007513966480446954,0.006354748603352112,0.00014315642458107014,0.0040991620111732185
logit,primary,G,mcc,0.02205442735383085,-0.0008594076445319018,0.04391157642993218,0.031677273979200664,0.00463844170958666,0.02984756637270522
logit,primary,G,map,0.048998214606854516,0.034705412011384947,0.06349215888604386,0.04750837520242776,0.0501017144143103,0.04938455420382548
logit,primary,G,mrr,0.05312266169490786,0.03757623394603429,0.06870371322052884,0.051335501382494014,0.055233443604040894,0.05279904009818867
logit,primary,G,recall_at_1,0.04062499999999998,0.022767857142857117,0.05863095238095235,0.035267857142857115,0.047321428571428556,0.03928571428571427
logit,primary,G,recall_at_3,0.05997023809523808,0.04226190476190477,0.07782738095238091,0.058482142857142844,0.04821428571428574,0.07321428571428568
logit,primary,G,recall_at_5,0.04806547619047619,0.03154761904761908,0.06502976190476197,0.05892857142857155,0.04910714285714282,0.03616071428571421
logit,primary,G,recall_at_10,0.04613095238095227,0.03184523809523804,0.061011904761904746,0.04687499999999989,0.042410714285714135,0.049107142857142794
logit,primary,G,ndcg_at_1,0.05803571428571427,0.03749255952380948,0.07946428571428571,0.057142857142857106,0.06250000000000003,0.05446428571428566
logit,primary,G,ndcg_at_3,0.05695915006076067,0.040497631743921694,0.07373575710218294,0.05426711359272329,0.052857542147556585,0.06375279444200213
logit,primary,G,ndcg_at_5,0.05236972257470448,0.03695829788512984,0.06780771161030114,0.055316414370994216,0.05373265969036761,0.0480600936627516
logit,primary,G,ndcg_at_10,0.051497956132957164,0.03836708772613716,0.06473829259582865,0.050631498462413216,0.05192748062031144,0.05193488931614684
logit,primary,final_all,average_precision,0.2821516940904838,0.2632471621911977,0.3015616742537018,0.26967712019954015,0.295177319855705,0.28160064221620623
logit,primary,final_all,trapezoidal_pr_auc,0.2683882371055361,0.2488456602852601,0.2883261569600489,0.25503029422412266,0.2840924120556139,0.26604200503687164
logit,primary,final_all,roc_auc,0.7431257759155804,0.7296187053848543,0.7567793102110492,0.7327467411545624,0.7481599162011174,0.7484706703910615
logit,primary,final_all,recall_at_fpr_1pct,0.16805555555555554,0.15083333333333335,0.18611111111111112,0.15916666666666668,0.18083333333333332,0.16416666666666668
logit,primary,final_all,brier,0.04527290133475637,0.04475623702851077,0.04578856690663641,0.045737612674740385,0.0450051484655783,0.04507594286395045
logit,primary,final_all,log_loss,0.18181165119939377,0.17901988581045686,0.18464294784253332,0.1839471156424676,0.18103280639707142,0.18045503155864226
logit,primary,final_all,precision,0.40370370370370373,0.3314814814814815,0.4768518518518518,0.13333333333333333,0.5861111111111111,0.4916666666666667
logit,primary,final_all,recall,0.030277777777777782,0.02416666666666667,0.036388888888888894,0.006666666666666667,0.04416666666666668,0.04
logit,primary,final_all,f1,0.05545987828596525,0.04472728056967187,0.06663584603801995,0.012698412698412697,0.08091316895664723,0.07276805320283582
logit,primary,final_all,specificity,0.9995810055865921,0.9994258224705151,0.999736188702669,1.0,0.999534450651769,0.9992085661080075
logit,primary,final_all,balanced_accuracy,0.514929391682185,0.5119200031036623,0.5180549542209808,0.5033333333333334,0.5218505586592179,0.5196042830540036
logit,primary,final_all,mcc,0.10361667333124079,0.08459386510790848,0.12312478632290702,0.029053240354997543,0.15144856756649616,0.13034821207222866
logit,primary,final_all,map,0.4303377647339217,0.4147440398023603,0.44588247103517803,0.41985720365757767,0.43617388016038805,0.4349822103837994
logit,primary,final_all,mrr,0.48091325898850584,0.46489572259800394,0.4968637537218993,0.4710099721926688,0.4850369783608465,0.48669282641200207
logit,primary,final_all,recall_at_1,0.245734126984127,0.230952380952381,0.26051835317460315,0.23690476190476192,0.2547619047619048,0.24553571428571427
logit,primary,final_all,recall_at_3,0.44305555555555554,0.42281746031746037,0.4631969246031746,0.4306547619047619,0.44375000000000003,0.45476190476190476
logit,primary,final_all,recall_at_5,0.5450396825396825,0.5249007936507937,0.564781746031746,0.5380952380952381,0.5529761904761905,0.544047619047619
logit,primary,final_all,recall_at_10,0.7202380952380952,0.7005952380952382,0.7407738095238096,0.7116071428571428,0.7157738095238094,0.7333333333333334
logit,primary,final_all,ndcg_at_1,0.33749999999999997,0.3194444444444445,0.35535714285714287,0.32499999999999996,0.3458333333333334,0.3416666666666666
logit,primary,final_all,ndcg_at_3,0.39191485192919884,0.37376930113000395,0.4099249532610217,0.3797766175261544,0.3956517341714804,0.40031620408996177
logit,primary,final_all,ndcg_at_5,0.4379180198437946,0.4204010339671668,0.4552016767798321,0.4278847560767958,0.44496326694442007,0.4409060365101678
logit,primary,final_all,ndcg_at_10,0.5000151177677377,0.4833465188889079,0.5166718360928166,0.4897552095243203,0.5029611528095898,0.507328990969303
