记录作用表完整结果表；所有数字来自已核对的保存评价。
绝对值为均值；差值为均值 [配对条件95%下界, 上界]。F/F_first为遗忘，G为获得，Brier/log_loss方向按合同统一。
三顺序不是三个种子；逐项条件区间不是联合95%保证。

raw / O
metric | C | S | LOGIT0.1 | C-S mean [CI] | C-LOGIT0.1 mean [CI]
average_precision | 0.339348937 | 0.337884574 | 0.311544336 | +0.001464363 [-0.000602660, +0.003582833] | +0.027804602 [+0.014576956, +0.041673946]
trapezoidal_pr_auc | 0.325895888 | 0.324518545 | 0.298636628 | +0.001377343 [-0.000843656, +0.003628368] | +0.027259259 [+0.013092991, +0.042037834]
roc_auc | 0.788846601 | 0.788485219 | 0.762584963 | +0.000361383 [-0.000767618, +0.001545813] | +0.026261639 [+0.017710923, +0.035173883]
recall_at_fpr_1pct | 0.190416667 | 0.191250000 | 0.187083333 | -0.000833333 [-0.007500000, +0.005416667] | +0.003333333 [-0.015000000, +0.022083333]
brier | 0.049200764 | 0.049147849 | 0.049639136 | +0.000052915 [+0.000026472, +0.000079686] | -0.000438372 [-0.000725146, -0.000164930]
log_loss | 0.286072353 | 0.284729369 | 0.263584477 | +0.001342983 [+0.001022701, +0.001657980] | +0.022487875 [+0.019218993, +0.025935293]
precision | 0.187500000 | 0.204166667 | 0.008333333 | -0.016666667 [-0.041666667, +0.000000000] | +0.179166667 [+0.100000000, +0.266666667]
recall | 0.014166667 | 0.015416667 | 0.000416667 | -0.001250000 [-0.002500000, +0.000000000] | +0.013750000 [+0.007083333, +0.021250000]
f1 | 0.025966184 | 0.028157350 | 0.000793651 | -0.002191166 [-0.004606625, +0.000000000] | +0.025172533 [+0.013311022, +0.038693103]
specificity | 0.999883613 | 0.999860335 | 1.000000000 | +0.000023277 [+0.000000000, +0.000069832] | -0.000116387 [-0.000209497, -0.000023277]
balanced_accuracy | 0.507025140 | 0.507638501 | 0.500208333 | -0.000613361 [-0.001250000, +0.000011639] | +0.006816806 [+0.003518098, +0.010590084]
mcc | 0.048547024 | 0.052569946 | 0.001815828 | -0.004022922 [-0.009470405, +0.000101443] | +0.046731197 [+0.025547667, +0.069841267]
map | 0.491202678 | 0.491341319 | 0.460800092 | -0.000138641 [-0.002386895, +0.002137304] | +0.030402586 [+0.018469587, +0.042611785]
mrr | 0.540196950 | 0.540746299 | 0.512464412 | -0.000549348 [-0.003499305, +0.002340993] | +0.027732538 [+0.014974895, +0.040705302]
recall_at_1 | 0.290773810 | 0.291666667 | 0.270535714 | -0.000892857 [-0.004613095, +0.002976190] | +0.020238095 [+0.005357143, +0.035714286]
recall_at_3 | 0.522470238 | 0.519940476 | 0.481250000 | +0.002529762 [-0.001934524, +0.006845238] | +0.041220238 [+0.025591518, +0.056696429]
recall_at_5 | 0.634077381 | 0.634226190 | 0.588095238 | -0.000148810 [-0.004910714, +0.004319196] | +0.045982143 [+0.030357143, +0.062202381]
recall_at_10 | 0.762202381 | 0.762797619 | 0.747023810 | -0.000595238 [-0.005357143, +0.004315476] | +0.015178571 [+0.000297619, +0.030505952]
ndcg_at_1 | 0.391964286 | 0.393452381 | 0.371428571 | -0.001488095 [-0.006845238, +0.003869048] | +0.020535714 [+0.001785714, +0.039583333]
ndcg_at_3 | 0.462516991 | 0.461696776 | 0.426860407 | +0.000820215 [-0.001977560, +0.003635843] | +0.035656585 [+0.021422635, +0.049943994]
ndcg_at_5 | 0.513204390 | 0.513471545 | 0.475088128 | -0.000267155 [-0.002861414, +0.002268685] | +0.038116262 [+0.025589818, +0.051194752]
ndcg_at_10 | 0.559016077 | 0.559348432 | 0.531431788 | -0.000332355 [-0.002971430, +0.002333711] | +0.027584289 [+0.017054009, +0.038393760]

raw / N
metric | C | S | LOGIT0.1 | C-S mean [CI] | C-LOGIT0.1 mean [CI]
average_precision | 0.335192774 | 0.334798702 | 0.314804975 | +0.000394072 [-0.001618759, +0.002458344] | +0.020387799 [+0.008679570, +0.031190403]
trapezoidal_pr_auc | 0.322374261 | 0.322158972 | 0.301499389 | +0.000215289 [-0.002133141, +0.002586673] | +0.020874873 [+0.008692265, +0.032278437]
roc_auc | 0.783702281 | 0.782984171 | 0.765503957 | +0.000718110 [-0.000247905, +0.001721456] | +0.018198324 [+0.010023103, +0.026149034]
recall_at_fpr_1pct | 0.183750000 | 0.183333333 | 0.185000000 | +0.000416667 [-0.005833333, +0.006250000] | -0.001250000 [-0.019177083, +0.015416667]
brier | 0.049419362 | 0.049427898 | 0.049814474 | -0.000008536 [-0.000031998, +0.000015710] | -0.000395112 [-0.000632826, -0.000169126]
log_loss | 0.287796704 | 0.287571685 | 0.262284561 | +0.000225018 [-0.000048602, +0.000508961] | +0.025512143 [+0.022507081, +0.028541995]
precision | 0.108333333 | 0.097222222 | 0.000000000 | +0.011111111 [+0.000000000, +0.030555556] | +0.108333333 [+0.058333333, +0.166666667]
recall | 0.007083333 | 0.006666667 | 0.000000000 | +0.000416667 [+0.000000000, +0.001250000] | +0.007083333 [+0.003750000, +0.010833333]
f1 | 0.013203463 | 0.012343936 | 0.000000000 | +0.000859527 [+0.000000000, +0.002512705] | +0.013203463 [+0.006926407, +0.020129870]
specificity | 0.999953445 | 0.999953445 | 1.000000000 | +0.000000000 [-0.000069832, +0.000069832] | -0.000046555 [-0.000116387, +0.000000000]
balanced_accuracy | 0.503518389 | 0.503310056 | 0.500000000 | +0.000208333 [-0.000023277, +0.000648277] | +0.003518389 [+0.001816806, +0.005393389]
mcc | 0.026425084 | 0.024182916 | 0.000000000 | +0.002242168 [-0.000202886, +0.006503050] | +0.026425084 [+0.013364903, +0.039893966]
map | 0.488113330 | 0.486676417 | 0.467030886 | +0.001436913 [-0.001073075, +0.004035807] | +0.021082443 [+0.008529729, +0.033757054]
mrr | 0.539026026 | 0.537447409 | 0.515871960 | +0.001578617 [-0.001585912, +0.004660112] | +0.023154066 [+0.009246022, +0.037343629]
recall_at_1 | 0.292261905 | 0.290476190 | 0.271279762 | +0.001785714 [-0.002529762, +0.006101190] | +0.020982143 [+0.004464286, +0.037351190]
recall_at_3 | 0.515773810 | 0.513988095 | 0.495386905 | +0.001785714 [-0.002529762, +0.006250000] | +0.020386905 [+0.004609375, +0.036309524]
recall_at_5 | 0.632589286 | 0.630654762 | 0.604017857 | +0.001934524 [-0.002232143, +0.006398810] | +0.028571429 [+0.014583333, +0.042113095]
recall_at_10 | 0.758333333 | 0.756250000 | 0.747023810 | +0.002083333 [-0.001934524, +0.005952381] | +0.011309524 [-0.002529762, +0.025148810]
ndcg_at_1 | 0.394345238 | 0.393154762 | 0.370833333 | +0.001190476 [-0.004166667, +0.006250000] | +0.023511905 [+0.004464286, +0.042857143]
ndcg_at_3 | 0.458125198 | 0.456638870 | 0.436104265 | +0.001486328 [-0.001653206, +0.004773590] | +0.022020933 [+0.007450046, +0.036683317]
ndcg_at_5 | 0.511010298 | 0.509229169 | 0.484853198 | +0.001781129 [-0.001057081, +0.004678794] | +0.026157100 [+0.013008385, +0.038745417]
ndcg_at_10 | 0.555964186 | 0.554104286 | 0.535950133 | +0.001859900 [-0.000650469, +0.004395917] | +0.020014052 [+0.008283394, +0.031448438]

raw / Z
metric | C | S | LOGIT0.1 | C-S mean [CI] | C-LOGIT0.1 mean [CI]
average_precision | 0.349612166 | 0.349859400 | 0.320728433 | -0.000247234 [-0.003664327, +0.003048912] | +0.028883733 [+0.015569223, +0.042276098]
trapezoidal_pr_auc | 0.337159002 | 0.337440173 | 0.307353093 | -0.000281171 [-0.004329929, +0.003665570] | +0.029805910 [+0.015824856, +0.043854702]
roc_auc | 0.793233240 | 0.792567505 | 0.771040503 | +0.000665736 [-0.000831064, +0.002192737] | +0.022192737 [+0.012466189, +0.031874302]
recall_at_fpr_1pct | 0.195000000 | 0.195833333 | 0.189166667 | -0.000833333 [-0.009166667, +0.006666667] | +0.005833333 [-0.014166667, +0.025000000]
brier | 0.049096421 | 0.049093203 | 0.049482272 | +0.000003218 [-0.000035804, +0.000045268] | -0.000385851 [-0.000718339, -0.000079281]
log_loss | 0.284732302 | 0.283665529 | 0.259652246 | +0.001066773 [+0.000628700, +0.001511105] | +0.025080056 [+0.021463408, +0.028864889]
precision | 0.116666667 | 0.100000000 | 0.000000000 | +0.016666667 [+0.000000000, +0.050000000] | +0.116666667 [+0.033333333, +0.200000000]
recall | 0.006666667 | 0.005833333 | 0.000000000 | +0.000833333 [+0.000000000, +0.002500000] | +0.006666667 [+0.002500000, +0.011666667]
f1 | 0.012554113 | 0.010966811 | 0.000000000 | +0.001587302 [+0.000000000, +0.004761905] | +0.012554113 [+0.004617605, +0.021933622]
specificity | 0.999906890 | 0.999953445 | 1.000000000 | -0.000046555 [-0.000139665, +0.000000000] | -0.000093110 [-0.000232775, +0.000000000]
balanced_accuracy | 0.503286778 | 0.502893389 | 0.500000000 | +0.000393389 [-0.000069832, +0.001250000] | +0.003286778 [+0.001156890, +0.005810056]
mcc | 0.026526920 | 0.023098150 | 0.000000000 | +0.003428769 [-0.000608657, +0.010894965] | +0.026526920 [+0.008571530, +0.045999254]
map | 0.501059783 | 0.499083852 | 0.468988892 | +0.001975931 [-0.001948182, +0.005965597] | +0.032070891 [+0.014926095, +0.049667050]
mrr | 0.554184878 | 0.552297988 | 0.519028265 | +0.001886890 [-0.003271433, +0.006919897] | +0.035156613 [+0.016121390, +0.055133903]
recall_at_1 | 0.304761905 | 0.300892857 | 0.269345238 | +0.003869048 [-0.003273810, +0.011316964] | +0.035416667 [+0.013095238, +0.058630952]
recall_at_3 | 0.527976190 | 0.529464286 | 0.503869048 | -0.001488095 [-0.008035714, +0.005059524] | +0.024107143 [+0.000595238, +0.047023810]
recall_at_5 | 0.650595238 | 0.650000000 | 0.613392857 | +0.000595238 [-0.006845238, +0.007738095] | +0.037202381 [+0.018154762, +0.055357143]
recall_at_10 | 0.776785714 | 0.772916667 | 0.755059524 | +0.003869048 [-0.002083333, +0.010119048] | +0.021726190 [+0.006540179, +0.036904762]
ndcg_at_1 | 0.408333333 | 0.405357143 | 0.370833333 | +0.002976190 [-0.006547619, +0.012500000] | +0.037500000 [+0.011294643, +0.064880952]
ndcg_at_3 | 0.471128400 | 0.470765036 | 0.440036519 | +0.000363363 [-0.004252199, +0.005139709] | +0.031091880 [+0.010916974, +0.051955806]
ndcg_at_5 | 0.526504393 | 0.524773987 | 0.489464995 | +0.001730406 [-0.002722121, +0.006165270] | +0.037039398 [+0.019034663, +0.055005609]
ndcg_at_10 | 0.571747157 | 0.568966293 | 0.539970737 | +0.002780864 [-0.001232987, +0.006905830] | +0.031776419 [+0.017011578, +0.047248519]

raw / F_first
metric | C | S | LOGIT0.1 | C-S mean [CI] | C-LOGIT0.1 mean [CI]
average_precision | -0.020336666 | -0.018213726 | 0.007065174 | -0.002122940 [-0.004865263, +0.000685784] | -0.027401841 [-0.047618397, -0.008071963]
trapezoidal_pr_auc | -0.020331667 | -0.018453453 | 0.006057179 | -0.001878214 [-0.004624777, +0.000983642] | -0.026388847 [-0.048035605, -0.005345810]
roc_auc | -0.020493482 | -0.020741387 | 0.004155028 | +0.000247905 [-0.001282850, +0.001733066] | -0.024648510 [-0.036529504, -0.013331006]
recall_at_fpr_1pct | -0.028333333 | -0.026666667 | -0.003333333 | -0.001666667 [-0.008333333, +0.005000000] | -0.025000000 [-0.055000000, +0.003354167]
brier | -0.001003148 | -0.001054623 | -0.000436435 | +0.000051475 [+0.000012884, +0.000092177] | -0.000566713 [-0.000897517, -0.000256785]
log_loss | -0.011556462 | -0.013119850 | 0.005112494 | +0.001563388 [+0.001126209, +0.002016739] | -0.016668956 [-0.020273089, -0.012932474]
precision | -0.136111111 | -0.152777778 | -0.016666667 | +0.016666667 [+0.000000000, +0.050000000] | -0.119444444 [-0.233333333, -0.002777778]
recall | -0.013333333 | -0.015000000 | -0.000833333 | +0.001666667 [+0.000000000, +0.004166667] | -0.012500000 [-0.022500000, -0.003333333]
f1 | -0.024057344 | -0.026852375 | -0.001587302 | +0.002795031 [+0.000000000, +0.007177364] | -0.022470042 [-0.040204608, -0.005765732]
specificity | 0.000000000 | 0.000046555 | 0.000000000 | -0.000046555 [-0.000139665, +0.000000000] | +0.000000000 [-0.000186220, +0.000186220]
balanced_accuracy | -0.006666667 | -0.007476723 | -0.000416667 | +0.000810056 [-0.000046555, +0.002083333] | -0.006250000 [-0.011250582, -0.001620112]
mcc | -0.040805697 | -0.045219886 | -0.003631655 | +0.004414189 [-0.000405772, +0.012662920] | -0.037174042 [-0.067934963, -0.007065131]
map | -0.018927070 | -0.020870690 | 0.019833524 | +0.001943621 [-0.001532796, +0.005348880] | -0.038760594 [-0.057442085, -0.020399992]
mrr | -0.018893936 | -0.020714466 | 0.013291898 | +0.001820530 [-0.001997484, +0.005482085] | -0.032185834 [-0.051195480, -0.013644005]
recall_at_1 | -0.017261905 | -0.019047619 | 0.014880952 | +0.001785714 [-0.003869048, +0.007142857] | -0.032142857 [-0.056250000, -0.008630952]
recall_at_3 | -0.007440476 | -0.008928571 | 0.024702381 | +0.001488095 [-0.004464286, +0.007440476] | -0.032142857 [-0.056547619, -0.008928571]
recall_at_5 | -0.026785714 | -0.030654762 | 0.031250000 | +0.003869048 [-0.003571429, +0.011607143] | -0.058035714 [-0.083630952, -0.031845238]
recall_at_10 | -0.039880952 | -0.036607143 | 0.002083333 | -0.003273810 [-0.010119048, +0.002976190] | -0.041964286 [-0.067864583, -0.017254464]
ndcg_at_1 | -0.019047619 | -0.021428571 | 0.012500000 | +0.002380952 [-0.004761905, +0.008928571] | -0.031547619 [-0.060119048, -0.002961310]
ndcg_at_3 | -0.012565405 | -0.014682421 | 0.022150844 | +0.002117016 [-0.002060397, +0.006453612] | -0.034716249 [-0.057604386, -0.012917399]
ndcg_at_5 | -0.020721206 | -0.023647153 | 0.025163378 | +0.002925947 [-0.001229234, +0.007352645] | -0.045884583 [-0.065315471, -0.026080651]
ndcg_at_10 | -0.025867090 | -0.026331148 | 0.014690142 | +0.000464059 [-0.003098082, +0.004052959] | -0.040557231 [-0.056390340, -0.024564298]

raw / F
metric | C | S | LOGIT0.1 | C-S mean [CI] | C-LOGIT0.1 mean [CI]
average_precision | -0.020478410 | -0.019531736 | 0.008050957 | -0.000946674 [-0.003079355, +0.001192855] | -0.028529367 [-0.042608461, -0.015542282]
trapezoidal_pr_auc | -0.020541935 | -0.019520467 | 0.007654861 | -0.001021468 [-0.003356872, +0.001332790] | -0.028196797 [-0.043254668, -0.014717429]
roc_auc | -0.016733007 | -0.016756867 | 0.003921089 | +0.000023859 [-0.001104574, +0.001113318] | -0.020654097 [-0.028193057, -0.013120199]
recall_at_fpr_1pct | -0.019166667 | -0.020833333 | 0.000833333 | +0.001666667 [-0.005833333, +0.009166667] | -0.020000000 [-0.040416667, -0.000833333]
brier | -0.000724736 | -0.000787797 | -0.000366454 | +0.000063060 [+0.000036625, +0.000091304] | -0.000358283 [-0.000603398, -0.000124921]
log_loss | -0.008461029 | -0.010112381 | 0.002943790 | +0.001651351 [+0.001328528, +0.001972406] | -0.011404819 [-0.014036076, -0.008687190]
precision | -0.101388889 | -0.120833333 | -0.008333333 | +0.019444444 [+0.000000000, +0.044444444] | -0.093055556 [-0.179166667, -0.009722222]
recall | -0.007916667 | -0.009166667 | -0.000416667 | +0.001250000 [+0.000000000, +0.002500000] | -0.007500000 [-0.015833333, -0.000416667]
f1 | -0.014419035 | -0.016676078 | -0.000793651 | +0.002257042 [+0.000065876, +0.004761905] | -0.013625384 [-0.028186288, -0.000796631]
specificity | 0.000046555 | 0.000046555 | 0.000000000 | +0.000000000 [-0.000069832, +0.000069832] | +0.000046555 [-0.000069832, +0.000162942]
balanced_accuracy | -0.003935056 | -0.004560056 | -0.000208333 | +0.000625000 [+0.000011639, +0.001273277] | -0.003726723 [-0.007870112, -0.000173417]
mcc | -0.026534268 | -0.031084974 | -0.001815828 | +0.004550706 [+0.000426341, +0.009963992] | -0.024718440 [-0.048911057, -0.001541495]
map | -0.017755897 | -0.018343485 | 0.015922462 | +0.000587589 [-0.002067150, +0.003164223] | -0.033678358 [-0.046397361, -0.021043631]
mrr | -0.018538549 | -0.019723070 | 0.011858628 | +0.001184521 [-0.002230818, +0.004486235] | -0.030397177 [-0.043284273, -0.017501267]
recall_at_1 | -0.013690476 | -0.014434524 | 0.012946429 | +0.000744048 [-0.003571429, +0.004761905] | -0.026636905 [-0.043456101, -0.011011905]
recall_at_3 | -0.016815476 | -0.016815476 | 0.019940476 | -0.000000000 [-0.005059524, +0.005059524] | -0.036755952 [-0.053128720, -0.019940476]
recall_at_5 | -0.023214286 | -0.025000000 | 0.021279762 | +0.001785714 [-0.003422619, +0.007291667] | -0.044494048 [-0.063095238, -0.025297619]
recall_at_10 | -0.027083333 | -0.027827381 | -0.001785714 | +0.000744048 [-0.004613095, +0.005952381] | -0.025297619 [-0.041666667, -0.009821429]
ndcg_at_1 | -0.015476190 | -0.016666667 | 0.012202381 | +0.001190476 [-0.004761905, +0.006845238] | -0.027678571 [-0.047619048, -0.008333333]
ndcg_at_3 | -0.017197766 | -0.017682198 | 0.018724837 | +0.000484432 [-0.002690660, +0.003661566] | -0.035922603 [-0.050703212, -0.021035133]
ndcg_at_5 | -0.019795194 | -0.020978276 | 0.019088561 | +0.001183081 [-0.001881081, +0.004230748] | -0.038883755 [-0.053116956, -0.024680740]
ndcg_at_10 | -0.021561635 | -0.022363457 | 0.011005988 | +0.000801822 [-0.001898308, +0.003524210] | -0.032567623 [-0.043400220, -0.021833953]

raw / G
metric | C | S | LOGIT0.1 | C-S mean [CI] | C-LOGIT0.1 mean [CI]
average_precision | 0.077551595 | 0.076069330 | 0.068682108 | +0.001482265 [-0.000649354, +0.003619110] | +0.008869487 [-0.003269958, +0.020537274]
trapezoidal_pr_auc | 0.080202042 | 0.078916401 | 0.069545663 | +0.001285642 [-0.001177307, +0.003738932] | +0.010656379 [-0.002490186, +0.023310525]
roc_auc | 0.036560754 | 0.035828678 | 0.037596601 | +0.000732076 [-0.000256227, +0.001772666] | -0.001035847 [-0.009637395, +0.007490689]
recall_at_fpr_1pct | 0.055000000 | 0.052916667 | 0.052916667 | +0.002083333 [-0.004166667, +0.007916667] | +0.002083333 [-0.020416667, +0.024166667]
brier | 0.001064233 | 0.001041611 | 0.000884953 | +0.000022622 [-0.000004183, +0.000047999] | +0.000179280 [-0.000010493, +0.000379107]
log_loss | 0.011916849 | 0.012025965 | 0.005364535 | -0.000109116 [-0.000397399, +0.000173495] | +0.006552314 [+0.003825046, +0.009125507]
precision | 0.029166667 | 0.018055556 | 0.000000000 | +0.011111111 [-0.016666667, +0.041666667] | +0.029166667 [-0.029166667, +0.087500000]
recall | 0.000833333 | 0.000416667 | 0.000000000 | +0.000416667 [-0.000833333, +0.001666667] | +0.000833333 [-0.003333333, +0.005000000]
f1 | 0.001821005 | 0.000961478 | 0.000000000 | +0.000859527 [-0.001587302, +0.003372232] | +0.001821005 [-0.005764242, +0.009334180]
specificity | 0.000116387 | 0.000116387 | 0.000000000 | +0.000000000 [-0.000069832, +0.000069832] | +0.000116387 [+0.000000000, +0.000232775]
balanced_accuracy | 0.000474860 | 0.000266527 | 0.000000000 | +0.000208333 [-0.000428305, +0.000856611] | +0.000474860 [-0.001585196, +0.002523277]
mcc | 0.005918412 | 0.003676244 | 0.000000000 | +0.002242168 [-0.003733098, +0.008745218] | +0.005918412 [-0.008254196, +0.020246781]
map | 0.057499200 | 0.055204588 | 0.058730362 | +0.002294613 [-0.000268049, +0.004974114] | -0.001231162 [-0.016209144, +0.013325240]
mrr | 0.063600546 | 0.061018466 | 0.062706049 | +0.002582079 [-0.000724470, +0.005920237] | +0.000894497 [-0.017206768, +0.018403534]
recall_at_1 | 0.049553571 | 0.045982143 | 0.048065476 | +0.003571429 [-0.000892857, +0.008184524] | +0.001488095 [-0.018898810, +0.021130952]
recall_at_3 | 0.071726190 | 0.071279762 | 0.076636905 | +0.000446429 [-0.005208333, +0.006101190] | -0.004910714 [-0.023214286, +0.013541667]
recall_at_5 | 0.072023810 | 0.068898810 | 0.068750000 | +0.003125000 [-0.002083333, +0.008482143] | +0.003273810 [-0.013988095, +0.020089286]
recall_at_10 | 0.045535714 | 0.045238095 | 0.043303571 | +0.000297619 [-0.004166667, +0.004616815] | +0.002232143 [-0.016071429, +0.020539435]
ndcg_at_1 | 0.065476190 | 0.061904762 | 0.067559524 | +0.003571429 [-0.002083333, +0.009226190] | -0.002083333 [-0.027686012, +0.022916667]
ndcg_at_3 | 0.067811979 | 0.066180205 | 0.070409744 | +0.001631774 [-0.001810498, +0.005434448] | -0.002597765 [-0.020352040, +0.014421308]
ndcg_at_5 | 0.068085950 | 0.065124922 | 0.066876953 | +0.002961028 [+0.000003203, +0.005932989] | +0.001208997 [-0.014561183, +0.015908176]
ndcg_at_10 | 0.058472115 | 0.056486112 | 0.058245060 | +0.001986002 [-0.000445383, +0.004539417] | +0.000227055 [-0.012952859, +0.013313933]

raw / final_all
metric | C | S | LOGIT0.1 | C-S mean [CI] | C-LOGIT0.1 mean [CI]
average_precision | 0.342770014 | 0.341876183 | 0.314605702 | +0.000893831 [-0.000877975, +0.002755167] | +0.028164312 [+0.016427447, +0.039973256]
trapezoidal_pr_auc | 0.329650259 | 0.328825754 | 0.301542116 | +0.000824505 [-0.001194510, +0.002955516] | +0.028108143 [+0.015847254, +0.040680082]
roc_auc | 0.790308814 | 0.789845981 | 0.765403476 | +0.000462834 [-0.000499331, +0.001430817] | +0.024905338 [+0.017580579, +0.032471311]
recall_at_fpr_1pct | 0.191944444 | 0.192777778 | 0.187777778 | -0.000833333 [-0.006388889, +0.004166667] | +0.004166667 [-0.011388889, +0.020000000]
brier | 0.049165983 | 0.049129634 | 0.049586848 | +0.000036349 [+0.000012138, +0.000061108] | -0.000420865 [-0.000693363, -0.000159527]
log_loss | 0.285625669 | 0.284374756 | 0.262273733 | +0.001250913 [+0.000957008, +0.001534827] | +0.023351936 [+0.020313682, +0.026492273]
precision | 0.163888889 | 0.169444444 | 0.005555556 | -0.005555556 [-0.022222222, +0.011111111] | +0.158333333 [+0.091666667, +0.230555556]
recall | 0.011666667 | 0.012222222 | 0.000277778 | -0.000555556 [-0.001666667, +0.000277778] | +0.011388889 [+0.006111111, +0.017500000]
f1 | 0.021495493 | 0.022427170 | 0.000529101 | -0.000931677 [-0.002795031, +0.000782149] | +0.020966393 [+0.011495911, +0.032186722]
specificity | 0.999891372 | 0.999891372 | 1.000000000 | +0.000000000 [-0.000046555, +0.000046555] | -0.000108628 [-0.000201738, -0.000031037]
balanced_accuracy | 0.505779019 | 0.506056797 | 0.500138889 | -0.000277778 [-0.000833333, +0.000162166] | +0.005640130 [+0.003032084, +0.008726917]
mcc | 0.041206989 | 0.042746014 | 0.001210552 | -0.001539025 [-0.005431767, +0.002296965] | +0.039996438 [+0.022745310, +0.059586726]
map | 0.494488380 | 0.493922164 | 0.463529692 | +0.000566216 [-0.001368031, +0.002629215] | +0.030958688 [+0.019393744, +0.043647023]
mrr | 0.544859593 | 0.544596862 | 0.514652363 | +0.000262731 [-0.002445586, +0.002925107] | +0.030207230 [+0.017504637, +0.043605837]
recall_at_1 | 0.295436508 | 0.294742063 | 0.270138889 | +0.000694444 [-0.002777778, +0.004464286] | +0.025297619 [+0.010811012, +0.040674603]
recall_at_3 | 0.524305556 | 0.523115079 | 0.488789683 | +0.001190476 [-0.002777778, +0.005257937] | +0.035515873 [+0.020930060, +0.050297619]
recall_at_5 | 0.639583333 | 0.639484127 | 0.596527778 | +0.000099206 [-0.003869048, +0.003769841] | +0.043055556 [+0.029861111, +0.056746032]
recall_at_10 | 0.767063492 | 0.766170635 | 0.749702381 | +0.000892857 [-0.002777778, +0.004464286] | +0.017361111 [+0.005753968, +0.029166667]
ndcg_at_1 | 0.397420635 | 0.397420635 | 0.371230159 | +0.000000000 [-0.004761905, +0.004960317] | +0.026190476 [+0.008134921, +0.044047619]
ndcg_at_3 | 0.465387461 | 0.464719530 | 0.431252444 | +0.000667931 [-0.001843414, +0.003347839] | +0.034135017 [+0.020911191, +0.048072377]
ndcg_at_5 | 0.517637724 | 0.517239026 | 0.479880417 | +0.000398698 [-0.001824503, +0.002579123] | +0.037757307 [+0.025642192, +0.050602826]
ndcg_at_10 | 0.563259770 | 0.562554385 | 0.534278104 | +0.000705385 [-0.001453437, +0.002978051] | +0.028981666 [+0.018358965, +0.040344713]

raw / A2
metric | C | S | LOGIT0.1 | C-S mean [CI] | C-LOGIT0.1 mean [CI]
average_precision | 0.320773382 | 0.319738004 | 0.308881516 | +0.001035378 [-0.001158266, +0.003242840] | +0.011891866 [-0.002580822, +0.025121249]
trapezoidal_pr_auc | 0.307589521 | 0.306877771 | 0.295645685 | +0.000711749 [-0.001766485, +0.003150192] | +0.011943836 [-0.003127630, +0.026080257]
roc_auc | 0.774171322 | 0.773400838 | 0.759967412 | +0.000770484 [-0.000349162, +0.001897172] | +0.014203911 [+0.004068785, +0.024015770]
recall_at_fpr_1pct | 0.172500000 | 0.170833333 | 0.180833333 | +0.001666667 [-0.005833333, +0.008333333] | -0.008333333 [-0.032500000, +0.014166667]
brier | 0.049742302 | 0.049762592 | 0.050146676 | -0.000020290 [-0.000038586, -0.000000842] | -0.000404374 [-0.000633634, -0.000178183]
log_loss | 0.290861105 | 0.291477841 | 0.264916876 | -0.000616736 [-0.000930552, -0.000306914] | +0.025944229 [+0.023026550, +0.029016536]
precision | 0.100000000 | 0.094444444 | 0.000000000 | +0.005555556 [+0.000000000, +0.016666667] | +0.100000000 [+0.033333333, +0.183333333]
recall | 0.007500000 | 0.007500000 | 0.000000000 | +0.000000000 [+0.000000000, +0.000000000] | +0.007500000 [+0.002500000, +0.013333333]
f1 | 0.013852814 | 0.013721062 | 0.000000000 | +0.000131752 [+0.000000000, +0.000395257] | +0.013852814 [+0.004617605, +0.024531025]
specificity | 1.000000000 | 0.999953445 | 1.000000000 | +0.000046555 [+0.000000000, +0.000139665] | +0.000000000 [+0.000000000, +0.000000000]
balanced_accuracy | 0.503750000 | 0.503726723 | 0.500000000 | +0.000023277 [+0.000000000, +0.000069832] | +0.003750000 [+0.001250000, +0.006666667]
mcc | 0.026323248 | 0.025267681 | 0.000000000 | +0.001055567 [+0.000000000, +0.003166702] | +0.026323248 [+0.008774416, +0.045992629]
map | 0.475166877 | 0.474268982 | 0.465072881 | +0.000897895 [-0.001931235, +0.003785404] | +0.010093996 [-0.003567487, +0.023495028]
mrr | 0.523867175 | 0.522596830 | 0.512715656 | +0.001270345 [-0.001910525, +0.004505563] | +0.011151519 [-0.003965830, +0.025826751]
recall_at_1 | 0.279761905 | 0.280059524 | 0.273214286 | -0.000297619 [-0.004464286, +0.003571429] | +0.006547619 [-0.011607143, +0.025000000]
recall_at_3 | 0.503571429 | 0.498511905 | 0.486904762 | +0.005059524 [-0.000297619, +0.011309524] | +0.016666667 [-0.002083333, +0.036309524]
recall_at_5 | 0.614583333 | 0.611309524 | 0.594642857 | +0.003273810 [-0.000595238, +0.007440476] | +0.019940476 [+0.003869048, +0.036011905]
recall_at_10 | 0.739880952 | 0.739583333 | 0.738988095 | +0.000297619 [-0.005059524, +0.005654762] | +0.000892857 [-0.018154762, +0.020238095]
ndcg_at_1 | 0.380357143 | 0.380952381 | 0.370833333 | -0.000595238 [-0.005357143, +0.003571429] | +0.009523810 [-0.011904762, +0.030952381]
ndcg_at_3 | 0.445121997 | 0.442512703 | 0.432172011 | +0.002609294 [-0.001040197, +0.006709487] | +0.012949986 [-0.002728671, +0.029161732]
ndcg_at_5 | 0.495516203 | 0.493684352 | 0.480241401 | +0.001831852 [-0.001067170, +0.004959472] | +0.015274803 [+0.001233343, +0.029058962]
ndcg_at_10 | 0.540181215 | 0.539242280 | 0.531929530 | +0.000938935 [-0.001784463, +0.003657747] | +0.008251685 [-0.004438074, +0.020288433]

stage-cal / O
metric | C | S | LOGIT0.1 | C-S mean [CI] | C-LOGIT0.1 mean [CI]
average_precision | 0.339348937 | 0.337884574 | 0.311544336 | +0.001464363 [-0.000602660, +0.003582833] | +0.027804602 [+0.014576956, +0.041673946]
trapezoidal_pr_auc | 0.325895888 | 0.324518545 | 0.298636628 | +0.001377343 [-0.000843656, +0.003628368] | +0.027259259 [+0.013092991, +0.042037834]
roc_auc | 0.788846601 | 0.788485219 | 0.762584963 | +0.000361383 [-0.000767618, +0.001545813] | +0.026261639 [+0.017710923, +0.035173883]
recall_at_fpr_1pct | 0.190416667 | 0.191250000 | 0.187083333 | -0.000833333 [-0.007500000, +0.005416667] | +0.003333333 [-0.015000000, +0.022083333]
brier | 0.042914425 | 0.042909525 | 0.043975116 | +0.000004899 [-0.000047561, +0.000058623] | -0.001060692 [-0.001460672, -0.000666033]
log_loss | 0.168827983 | 0.168819752 | 0.176710298 | +0.000008231 [-0.000195641, +0.000224542] | -0.007882314 [-0.009567845, -0.006257850]
precision | 0.653621032 | 0.656048882 | 0.676990741 | -0.002427850 [-0.038447285, +0.033008838] | -0.023369709 [-0.108506283, +0.060579778]
recall | 0.097916667 | 0.102083333 | 0.081250000 | -0.004166667 [-0.008750000, +0.000416667] | +0.016666667 [+0.006250000, +0.027927083]
f1 | 0.164130587 | 0.171262469 | 0.141582754 | -0.007131882 [-0.014200792, -0.000189110] | +0.022547834 [+0.005185019, +0.040492521]
specificity | 0.996973929 | 0.997043762 | 0.998091248 | -0.000069832 [-0.000302607, +0.000139665] | -0.001117318 [-0.001745810, -0.000512104]
balanced_accuracy | 0.547445298 | 0.549563547 | 0.539670624 | -0.002118250 [-0.004328445, +0.000161778] | +0.007774674 [+0.002449692, +0.013412768]
mcc | 0.231155912 | 0.238332518 | 0.217235128 | -0.007176605 [-0.017481620, +0.002445201] | +0.013920784 [-0.011246673, +0.038376960]
map | 0.491202678 | 0.491341319 | 0.460800092 | -0.000138641 [-0.002386895, +0.002137304] | +0.030402586 [+0.018469587, +0.042611785]
mrr | 0.540196950 | 0.540746299 | 0.512464412 | -0.000549348 [-0.003499305, +0.002340993] | +0.027732538 [+0.014974895, +0.040705302]
recall_at_1 | 0.290773810 | 0.291666667 | 0.270535714 | -0.000892857 [-0.004613095, +0.002976190] | +0.020238095 [+0.005357143, +0.035714286]
recall_at_3 | 0.522470238 | 0.519940476 | 0.481250000 | +0.002529762 [-0.001934524, +0.006845238] | +0.041220238 [+0.025591518, +0.056696429]
recall_at_5 | 0.634077381 | 0.634226190 | 0.588095238 | -0.000148810 [-0.004910714, +0.004319196] | +0.045982143 [+0.030357143, +0.062202381]
recall_at_10 | 0.762202381 | 0.762797619 | 0.747023810 | -0.000595238 [-0.005357143, +0.004315476] | +0.015178571 [+0.000297619, +0.030505952]
ndcg_at_1 | 0.391964286 | 0.393452381 | 0.371428571 | -0.001488095 [-0.006845238, +0.003869048] | +0.020535714 [+0.001785714, +0.039583333]
ndcg_at_3 | 0.462516991 | 0.461696776 | 0.426860407 | +0.000820215 [-0.001977560, +0.003635843] | +0.035656585 [+0.021422635, +0.049943994]
ndcg_at_5 | 0.513204390 | 0.513471545 | 0.475088128 | -0.000267155 [-0.002861414, +0.002268685] | +0.038116262 [+0.025589818, +0.051194752]
ndcg_at_10 | 0.559016077 | 0.559348432 | 0.531431788 | -0.000332355 [-0.002971430, +0.002333711] | +0.027584289 [+0.017054009, +0.038393760]

stage-cal / N
metric | C | S | LOGIT0.1 | C-S mean [CI] | C-LOGIT0.1 mean [CI]
average_precision | 0.335192774 | 0.334798702 | 0.314804975 | +0.000394072 [-0.001618759, +0.002458344] | +0.020387799 [+0.008679570, +0.031190403]
trapezoidal_pr_auc | 0.322374261 | 0.322158972 | 0.301499389 | +0.000215289 [-0.002133141, +0.002586673] | +0.020874873 [+0.008692265, +0.032278437]
roc_auc | 0.783702281 | 0.782984171 | 0.765503957 | +0.000718110 [-0.000247905, +0.001721456] | +0.018198324 [+0.010023103, +0.026149034]
recall_at_fpr_1pct | 0.183750000 | 0.183333333 | 0.185000000 | +0.000416667 [-0.005833333, +0.006250000] | -0.001250000 [-0.019177083, +0.015416667]
brier | 0.042908832 | 0.042928231 | 0.043842171 | -0.000019399 [-0.000065456, +0.000025402] | -0.000933338 [-0.001288262, -0.000562491]
log_loss | 0.169277468 | 0.169430027 | 0.175061211 | -0.000152559 [-0.000330788, +0.000020260] | -0.005783742 [-0.007335470, -0.004161966]
precision | 0.605456349 | 0.596428571 | 0.564907407 | +0.009027778 [-0.003433036, +0.023472222] | +0.040548942 [-0.023991567, +0.111389881]
recall | 0.086666667 | 0.085416667 | 0.075000000 | +0.001250000 [-0.002083333, +0.004583333] | +0.011666667 [+0.000833333, +0.022916667]
f1 | 0.147820674 | 0.145867127 | 0.128160359 | +0.001953548 [-0.003422838, +0.007341002] | +0.019660316 [+0.002796494, +0.037209298]
specificity | 0.998044693 | 0.997974860 | 0.998184358 | +0.000069832 [-0.000093110, +0.000232775] | -0.000139665 [-0.000675047, +0.000395717]
balanced_accuracy | 0.542355680 | 0.541695764 | 0.536592179 | +0.000659916 [-0.001006750, +0.002338222] | +0.005763501 [+0.000289514, +0.011319541]
mcc | 0.212233082 | 0.209220490 | 0.188965801 | +0.003012592 [-0.003029325, +0.008957708] | +0.023267281 [+0.002514110, +0.046081712]
map | 0.488113330 | 0.486676417 | 0.467030886 | +0.001436913 [-0.001073075, +0.004035807] | +0.021082443 [+0.008529729, +0.033757054]
mrr | 0.539026026 | 0.537447409 | 0.515871960 | +0.001578617 [-0.001585912, +0.004660112] | +0.023154066 [+0.009246022, +0.037343629]
recall_at_1 | 0.292261905 | 0.290476190 | 0.271279762 | +0.001785714 [-0.002529762, +0.006101190] | +0.020982143 [+0.004464286, +0.037351190]
recall_at_3 | 0.515773810 | 0.513988095 | 0.495386905 | +0.001785714 [-0.002529762, +0.006250000] | +0.020386905 [+0.004609375, +0.036309524]
recall_at_5 | 0.632589286 | 0.630654762 | 0.604017857 | +0.001934524 [-0.002232143, +0.006398810] | +0.028571429 [+0.014583333, +0.042113095]
recall_at_10 | 0.758333333 | 0.756250000 | 0.747023810 | +0.002083333 [-0.001934524, +0.005952381] | +0.011309524 [-0.002529762, +0.025148810]
ndcg_at_1 | 0.394345238 | 0.393154762 | 0.370833333 | +0.001190476 [-0.004166667, +0.006250000] | +0.023511905 [+0.004464286, +0.042857143]
ndcg_at_3 | 0.458125198 | 0.456638870 | 0.436104265 | +0.001486328 [-0.001653206, +0.004773590] | +0.022020933 [+0.007450046, +0.036683317]
ndcg_at_5 | 0.511010298 | 0.509229169 | 0.484853198 | +0.001781129 [-0.001057081, +0.004678794] | +0.026157100 [+0.013008385, +0.038745417]
ndcg_at_10 | 0.555964186 | 0.554104286 | 0.535950133 | +0.001859900 [-0.000650469, +0.004395917] | +0.020014052 [+0.008283394, +0.031448438]

stage-cal / Z
metric | C | S | LOGIT0.1 | C-S mean [CI] | C-LOGIT0.1 mean [CI]
average_precision | 0.349612166 | 0.349859400 | 0.320728433 | -0.000247234 [-0.003664327, +0.003048912] | +0.028883733 [+0.015569223, +0.042276098]
trapezoidal_pr_auc | 0.337159002 | 0.337440173 | 0.307353093 | -0.000281171 [-0.004329929, +0.003665570] | +0.029805910 [+0.015824856, +0.043854702]
roc_auc | 0.793233240 | 0.792567505 | 0.771040503 | +0.000665736 [-0.000831064, +0.002192737] | +0.022192737 [+0.012466189, +0.031874302]
recall_at_fpr_1pct | 0.195000000 | 0.195833333 | 0.189166667 | -0.000833333 [-0.009166667, +0.006666667] | +0.005833333 [-0.014166667, +0.025000000]
brier | 0.042337825 | 0.042336458 | 0.043593585 | +0.000001367 [-0.000067773, +0.000071388] | -0.001255759 [-0.001691870, -0.000816753]
log_loss | 0.167012691 | 0.167100479 | 0.174003660 | -0.000087788 [-0.000354115, +0.000195372] | -0.006990969 [-0.008985337, -0.005005199]
precision | 0.738690476 | 0.728690476 | 0.646481481 | +0.010000000 [-0.009726190, +0.031309524] | +0.092208995 [+0.002401455, +0.187967262]
recall | 0.105833333 | 0.102500000 | 0.086666667 | +0.003333333 [-0.001666667, +0.009166667] | +0.019166667 [+0.002500000, +0.036666667]
f1 | 0.180357768 | 0.175222333 | 0.148013372 | +0.005135435 [-0.003520406, +0.014363090] | +0.032344395 [+0.006907175, +0.058592673]
specificity | 0.997905028 | 0.997811918 | 0.997951583 | +0.000093110 [-0.000186220, +0.000372439] | -0.000046555 [-0.000744879, +0.000651769]
balanced_accuracy | 0.551869181 | 0.550155959 | 0.542309125 | +0.001713222 [-0.000903166, +0.004629888] | +0.009560056 [+0.001273277, +0.018196520]
mcc | 0.259826047 | 0.253614177 | 0.217577031 | +0.006211870 [-0.003880400, +0.016516124] | +0.042249015 [+0.009804435, +0.075285194]
map | 0.501059783 | 0.499083852 | 0.468988892 | +0.001975931 [-0.001948182, +0.005965597] | +0.032070891 [+0.014926095, +0.049667050]
mrr | 0.554184878 | 0.552297988 | 0.519028265 | +0.001886890 [-0.003271433, +0.006919897] | +0.035156613 [+0.016121390, +0.055133903]
recall_at_1 | 0.304761905 | 0.300892857 | 0.269345238 | +0.003869048 [-0.003273810, +0.011316964] | +0.035416667 [+0.013095238, +0.058630952]
recall_at_3 | 0.527976190 | 0.529464286 | 0.503869048 | -0.001488095 [-0.008035714, +0.005059524] | +0.024107143 [+0.000595238, +0.047023810]
recall_at_5 | 0.650595238 | 0.650000000 | 0.613392857 | +0.000595238 [-0.006845238, +0.007738095] | +0.037202381 [+0.018154762, +0.055357143]
recall_at_10 | 0.776785714 | 0.772916667 | 0.755059524 | +0.003869048 [-0.002083333, +0.010119048] | +0.021726190 [+0.006540179, +0.036904762]
ndcg_at_1 | 0.408333333 | 0.405357143 | 0.370833333 | +0.002976190 [-0.006547619, +0.012500000] | +0.037500000 [+0.011294643, +0.064880952]
ndcg_at_3 | 0.471128400 | 0.470765036 | 0.440036519 | +0.000363363 [-0.004252199, +0.005139709] | +0.031091880 [+0.010916974, +0.051955806]
ndcg_at_5 | 0.526504393 | 0.524773987 | 0.489464995 | +0.001730406 [-0.002722121, +0.006165270] | +0.037039398 [+0.019034663, +0.055005609]
ndcg_at_10 | 0.571747157 | 0.568966293 | 0.539970737 | +0.002780864 [-0.001232987, +0.006905830] | +0.031776419 [+0.017011578, +0.047248519]

stage-cal / F_first
metric | C | S | LOGIT0.1 | C-S mean [CI] | C-LOGIT0.1 mean [CI]
average_precision | -0.020336666 | -0.018213726 | 0.007065174 | -0.002122940 [-0.004865263, +0.000685784] | -0.027401841 [-0.047618397, -0.008071963]
trapezoidal_pr_auc | -0.020331667 | -0.018453453 | 0.006057179 | -0.001878214 [-0.004624777, +0.000983642] | -0.026388847 [-0.048035605, -0.005345810]
roc_auc | -0.020493482 | -0.020741387 | 0.004155028 | +0.000247905 [-0.001282850, +0.001733066] | -0.024648510 [-0.036529504, -0.013331006]
recall_at_fpr_1pct | -0.028333333 | -0.026666667 | -0.003333333 | -0.001666667 [-0.008333333, +0.005000000] | -0.025000000 [-0.055000000, +0.003354167]
brier | -0.000556504 | -0.000537814 | 0.000239535 | -0.000018690 [-0.000109351, +0.000074014] | -0.000796039 [-0.001296595, -0.000296212]
log_loss | -0.003168299 | -0.003173848 | 0.002599996 | +0.000005549 [-0.000298373, +0.000316525] | -0.005768296 [-0.007874394, -0.003668824]
precision | -0.124067460 | -0.098327922 | -0.128703704 | -0.025739538 [-0.072142857, +0.010121122] | +0.004636243 [-0.128366733, +0.151713128]
recall | -0.045833333 | -0.045833333 | -0.020833333 | +0.000000000 [-0.005000000, +0.005000000] | -0.025000000 [-0.041687500, -0.008333333]
f1 | -0.071698872 | -0.071688065 | -0.034904225 | -0.000010807 [-0.007613819, +0.007543949] | -0.036794647 [-0.064226010, -0.009562899]
specificity | 0.002001862 | 0.001908752 | 0.000465549 | +0.000093110 [-0.000186220, +0.000418994] | +0.001536313 [+0.000698324, +0.002420857]
balanced_accuracy | -0.021915736 | -0.021962291 | -0.010183892 | +0.000046555 [-0.002430168, +0.002500582] | -0.011731844 [-0.020202572, -0.003374651]
mcc | -0.078035461 | -0.075162222 | -0.049383841 | -0.002873239 [-0.014034918, +0.006767722] | -0.028651620 [-0.066291293, +0.010558752]
map | -0.018927070 | -0.020870690 | 0.019833524 | +0.001943621 [-0.001532796, +0.005348880] | -0.038760594 [-0.057442085, -0.020399992]
mrr | -0.018893936 | -0.020714466 | 0.013291898 | +0.001820530 [-0.001997484, +0.005482085] | -0.032185834 [-0.051195480, -0.013644005]
recall_at_1 | -0.017261905 | -0.019047619 | 0.014880952 | +0.001785714 [-0.003869048, +0.007142857] | -0.032142857 [-0.056250000, -0.008630952]
recall_at_3 | -0.007440476 | -0.008928571 | 0.024702381 | +0.001488095 [-0.004464286, +0.007440476] | -0.032142857 [-0.056547619, -0.008928571]
recall_at_5 | -0.026785714 | -0.030654762 | 0.031250000 | +0.003869048 [-0.003571429, +0.011607143] | -0.058035714 [-0.083630952, -0.031845238]
recall_at_10 | -0.039880952 | -0.036607143 | 0.002083333 | -0.003273810 [-0.010119048, +0.002976190] | -0.041964286 [-0.067864583, -0.017254464]
ndcg_at_1 | -0.019047619 | -0.021428571 | 0.012500000 | +0.002380952 [-0.004761905, +0.008928571] | -0.031547619 [-0.060119048, -0.002961310]
ndcg_at_3 | -0.012565405 | -0.014682421 | 0.022150844 | +0.002117016 [-0.002060397, +0.006453612] | -0.034716249 [-0.057604386, -0.012917399]
ndcg_at_5 | -0.020721206 | -0.023647153 | 0.025163378 | +0.002925947 [-0.001229234, +0.007352645] | -0.045884583 [-0.065315471, -0.026080651]
ndcg_at_10 | -0.025867090 | -0.026331148 | 0.014690142 | +0.000464059 [-0.003098082, +0.004052959] | -0.040557231 [-0.056390340, -0.024564298]

stage-cal / F
metric | C | S | LOGIT0.1 | C-S mean [CI] | C-LOGIT0.1 mean [CI]
average_precision | -0.020478410 | -0.019531736 | 0.008050957 | -0.000946674 [-0.003079355, +0.001192855] | -0.028529367 [-0.042608461, -0.015542282]
trapezoidal_pr_auc | -0.020541935 | -0.019520467 | 0.007654861 | -0.001021468 [-0.003356872, +0.001332790] | -0.028196797 [-0.043254668, -0.014717429]
roc_auc | -0.016733007 | -0.016756867 | 0.003921089 | +0.000023859 [-0.001104574, +0.001113318] | -0.020654097 [-0.028193057, -0.013120199]
recall_at_fpr_1pct | -0.019166667 | -0.020833333 | 0.000833333 | +0.001666667 [-0.005833333, +0.009166667] | -0.020000000 [-0.040416667, -0.000833333]
brier | -0.000580331 | -0.000605313 | 0.000269246 | +0.000024981 [-0.000028074, +0.000082734] | -0.000849577 [-0.001250184, -0.000474226]
log_loss | -0.002897020 | -0.003013915 | 0.002486800 | +0.000116896 [-0.000084985, +0.000326549] | -0.005383819 [-0.006935420, -0.003806864]
precision | -0.153343254 | -0.159798882 | -0.148935185 | +0.006455628 [-0.028911030, +0.043075893] | -0.004408069 [-0.085428654, +0.082015873]
recall | -0.037083333 | -0.040833333 | -0.014583333 | +0.003750000 [-0.001250000, +0.008333333] | -0.022500000 [-0.033333333, -0.011666667]
f1 | -0.058875224 | -0.065392936 | -0.026550984 | +0.006517712 [-0.001037559, +0.013911180] | -0.032324241 [-0.049991263, -0.014331617]
specificity | 0.001606145 | 0.001513035 | 0.000325885 | +0.000093110 [-0.000116387, +0.000325885] | +0.001280261 [+0.000651769, +0.001955307]
balanced_accuracy | -0.017738594 | -0.019660149 | -0.007128724 | +0.001921555 [-0.000555168, +0.004201583] | -0.010609870 [-0.015993308, -0.005181273]
mcc | -0.071177780 | -0.078261042 | -0.044560161 | +0.007083262 [-0.003066160, +0.017834948] | -0.026617619 [-0.049671175, -0.001861356]
map | -0.017755897 | -0.018343485 | 0.015922462 | +0.000587589 [-0.002067150, +0.003164223] | -0.033678358 [-0.046397361, -0.021043631]
mrr | -0.018538549 | -0.019723070 | 0.011858628 | +0.001184521 [-0.002230818, +0.004486235] | -0.030397177 [-0.043284273, -0.017501267]
recall_at_1 | -0.013690476 | -0.014434524 | 0.012946429 | +0.000744048 [-0.003571429, +0.004761905] | -0.026636905 [-0.043456101, -0.011011905]
recall_at_3 | -0.016815476 | -0.016815476 | 0.019940476 | -0.000000000 [-0.005059524, +0.005059524] | -0.036755952 [-0.053128720, -0.019940476]
recall_at_5 | -0.023214286 | -0.025000000 | 0.021279762 | +0.001785714 [-0.003422619, +0.007291667] | -0.044494048 [-0.063095238, -0.025297619]
recall_at_10 | -0.027083333 | -0.027827381 | -0.001785714 | +0.000744048 [-0.004613095, +0.005952381] | -0.025297619 [-0.041666667, -0.009821429]
ndcg_at_1 | -0.015476190 | -0.016666667 | 0.012202381 | +0.001190476 [-0.004761905, +0.006845238] | -0.027678571 [-0.047619048, -0.008333333]
ndcg_at_3 | -0.017197766 | -0.017682198 | 0.018724837 | +0.000484432 [-0.002690660, +0.003661566] | -0.035922603 [-0.050703212, -0.021035133]
ndcg_at_5 | -0.019795194 | -0.020978276 | 0.019088561 | +0.001183081 [-0.001881081, +0.004230748] | -0.038883755 [-0.053116956, -0.024680740]
ndcg_at_10 | -0.021561635 | -0.022363457 | 0.011005988 | +0.000801822 [-0.001898308, +0.003524210] | -0.032567623 [-0.043400220, -0.021833953]

stage-cal / G
metric | C | S | LOGIT0.1 | C-S mean [CI] | C-LOGIT0.1 mean [CI]
average_precision | 0.077551595 | 0.076069330 | 0.068682108 | +0.001482265 [-0.000649354, +0.003619110] | +0.008869487 [-0.003269958, +0.020537274]
trapezoidal_pr_auc | 0.080202042 | 0.078916401 | 0.069545663 | +0.001285642 [-0.001177307, +0.003738932] | +0.010656379 [-0.002490186, +0.023310525]
roc_auc | 0.036560754 | 0.035828678 | 0.037596601 | +0.000732076 [-0.000256227, +0.001772666] | -0.001035847 [-0.009637395, +0.007490689]
recall_at_fpr_1pct | 0.055000000 | 0.052916667 | 0.052916667 | +0.002083333 [-0.004166667, +0.007916667] | +0.002083333 [-0.020416667, +0.024166667]
brier | 0.002670568 | 0.002642088 | 0.002602434 | +0.000028480 [-0.000016102, +0.000074579] | +0.000068134 [-0.000353514, +0.000481272]
log_loss | 0.011249065 | 0.011061055 | 0.011021907 | +0.000188011 [+0.000017391, +0.000361003] | +0.000227158 [-0.001410838, +0.001816128]
precision | 0.139831349 | 0.130664683 | 0.163518519 | +0.009166667 [-0.009821429, +0.029682540] | -0.023687169 [-0.120566964, +0.075132440]
recall | 0.029166667 | 0.027500000 | 0.038750000 | +0.001666667 [-0.002083333, +0.005416667] | -0.009583333 [-0.022083333, +0.002083333]
f1 | 0.048430029 | 0.046055428 | 0.063136071 | +0.002374601 [-0.003470657, +0.008191354] | -0.014706042 [-0.034269095, +0.003853950]
specificity | 0.000232775 | 0.000162942 | -0.000139665 | +0.000069832 [-0.000139665, +0.000302607] | +0.000372439 [-0.000418994, +0.001163873]
balanced_accuracy | 0.014699721 | 0.013831471 | 0.019305168 | +0.000868250 [-0.000971834, +0.002708333] | -0.004605447 [-0.010727479, +0.001111790]
mcc | 0.064554369 | 0.061393493 | 0.080097178 | +0.003160876 [-0.004019620, +0.010230440] | -0.015542809 [-0.042106403, +0.011541878]
map | 0.057499200 | 0.055204588 | 0.058730362 | +0.002294613 [-0.000268049, +0.004974114] | -0.001231162 [-0.016209144, +0.013325240]
mrr | 0.063600546 | 0.061018466 | 0.062706049 | +0.002582079 [-0.000724470, +0.005920237] | +0.000894497 [-0.017206768, +0.018403534]
recall_at_1 | 0.049553571 | 0.045982143 | 0.048065476 | +0.003571429 [-0.000892857, +0.008184524] | +0.001488095 [-0.018898810, +0.021130952]
recall_at_3 | 0.071726190 | 0.071279762 | 0.076636905 | +0.000446429 [-0.005208333, +0.006101190] | -0.004910714 [-0.023214286, +0.013541667]
recall_at_5 | 0.072023810 | 0.068898810 | 0.068750000 | +0.003125000 [-0.002083333, +0.008482143] | +0.003273810 [-0.013988095, +0.020089286]
recall_at_10 | 0.045535714 | 0.045238095 | 0.043303571 | +0.000297619 [-0.004166667, +0.004616815] | +0.002232143 [-0.016071429, +0.020539435]
ndcg_at_1 | 0.065476190 | 0.061904762 | 0.067559524 | +0.003571429 [-0.002083333, +0.009226190] | -0.002083333 [-0.027686012, +0.022916667]
ndcg_at_3 | 0.067811979 | 0.066180205 | 0.070409744 | +0.001631774 [-0.001810498, +0.005434448] | -0.002597765 [-0.020352040, +0.014421308]
ndcg_at_5 | 0.068085950 | 0.065124922 | 0.066876953 | +0.002961028 [+0.000003203, +0.005932989] | +0.001208997 [-0.014561183, +0.015908176]
ndcg_at_10 | 0.058472115 | 0.056486112 | 0.058245060 | +0.001986002 [-0.000445383, +0.004539417] | +0.000227055 [-0.012952859, +0.013313933]

stage-cal / final_all
metric | C | S | LOGIT0.1 | C-S mean [CI] | C-LOGIT0.1 mean [CI]
average_precision | 0.342770014 | 0.341876183 | 0.314605702 | +0.000893831 [-0.000877975, +0.002755167] | +0.028164312 [+0.016427447, +0.039973256]
trapezoidal_pr_auc | 0.329650259 | 0.328825754 | 0.301542116 | +0.000824505 [-0.001194510, +0.002955516] | +0.028108143 [+0.015847254, +0.040680082]
roc_auc | 0.790308814 | 0.789845981 | 0.765403476 | +0.000462834 [-0.000499331, +0.001430817] | +0.024905338 [+0.017580579, +0.032471311]
recall_at_fpr_1pct | 0.191944444 | 0.192777778 | 0.187777778 | -0.000833333 [-0.006388889, +0.004166667] | +0.004166667 [-0.011388889, +0.020000000]
brier | 0.042722225 | 0.042718503 | 0.043847939 | +0.000003722 [-0.000042705, +0.000049596] | -0.001125714 [-0.001485838, -0.000776503]
log_loss | 0.168222886 | 0.168246661 | 0.175808085 | -0.000023775 [-0.000207866, +0.000162175] | -0.007585199 [-0.009159896, -0.006099457]
precision | 0.681977513 | 0.680262747 | 0.666820988 | +0.001714767 [-0.022329786, +0.025448894] | +0.015156526 [-0.048176036, +0.082091380]
recall | 0.100555556 | 0.102222222 | 0.083055556 | -0.001666667 [-0.005277778, +0.002222222] | +0.017500000 [+0.007222222, +0.028888889]
f1 | 0.169539647 | 0.172582424 | 0.143726293 | -0.003042776 [-0.008817243, +0.002874978] | +0.025813354 [+0.009264058, +0.043822882]
specificity | 0.997284295 | 0.997299814 | 0.998044693 | -0.000015518 [-0.000186220, +0.000139665] | -0.000760397 [-0.001241465, -0.000294848]
balanced_accuracy | 0.548919926 | 0.549761018 | 0.540550124 | -0.000841092 [-0.002638889, +0.001025760] | +0.008369801 [+0.003253996, +0.014025644]
mcc | 0.240712624 | 0.243426404 | 0.217349096 | -0.002713780 [-0.010034609, +0.004608246] | +0.023363528 [+0.001167913, +0.046618704]
map | 0.494488380 | 0.493922164 | 0.463529692 | +0.000566216 [-0.001368031, +0.002629215] | +0.030958688 [+0.019393744, +0.043647023]
mrr | 0.544859593 | 0.544596862 | 0.514652363 | +0.000262731 [-0.002445586, +0.002925107] | +0.030207230 [+0.017504637, +0.043605837]
recall_at_1 | 0.295436508 | 0.294742063 | 0.270138889 | +0.000694444 [-0.002777778, +0.004464286] | +0.025297619 [+0.010811012, +0.040674603]
recall_at_3 | 0.524305556 | 0.523115079 | 0.488789683 | +0.001190476 [-0.002777778, +0.005257937] | +0.035515873 [+0.020930060, +0.050297619]
recall_at_5 | 0.639583333 | 0.639484127 | 0.596527778 | +0.000099206 [-0.003869048, +0.003769841] | +0.043055556 [+0.029861111, +0.056746032]
recall_at_10 | 0.767063492 | 0.766170635 | 0.749702381 | +0.000892857 [-0.002777778, +0.004464286] | +0.017361111 [+0.005753968, +0.029166667]
ndcg_at_1 | 0.397420635 | 0.397420635 | 0.371230159 | +0.000000000 [-0.004761905, +0.004960317] | +0.026190476 [+0.008134921, +0.044047619]
ndcg_at_3 | 0.465387461 | 0.464719530 | 0.431252444 | +0.000667931 [-0.001843414, +0.003347839] | +0.034135017 [+0.020911191, +0.048072377]
ndcg_at_5 | 0.517637724 | 0.517239026 | 0.479880417 | +0.000398698 [-0.001824503, +0.002579123] | +0.037757307 [+0.025642192, +0.050602826]
ndcg_at_10 | 0.563259770 | 0.562554385 | 0.534278104 | +0.000705385 [-0.001453437, +0.002978051] | +0.028981666 [+0.018358965, +0.040344713]

stage-cal / A2
metric | C | S | LOGIT0.1 | C-S mean [CI] | C-LOGIT0.1 mean [CI]
average_precision | 0.320773382 | 0.319738004 | 0.308881516 | +0.001035378 [-0.001158266, +0.003242840] | +0.011891866 [-0.002580822, +0.025121249]
trapezoidal_pr_auc | 0.307589521 | 0.306877771 | 0.295645685 | +0.000711749 [-0.001766485, +0.003150192] | +0.011943836 [-0.003127630, +0.026080257]
roc_auc | 0.774171322 | 0.773400838 | 0.759967412 | +0.000770484 [-0.000349162, +0.001897172] | +0.014203911 [+0.004068785, +0.024015770]
recall_at_fpr_1pct | 0.172500000 | 0.170833333 | 0.180833333 | +0.001666667 [-0.005833333, +0.008333333] | -0.008333333 [-0.032500000, +0.014166667]
brier | 0.043479840 | 0.043520004 | 0.044090756 | -0.000040164 [-0.000081649, +0.000004102] | -0.000610917 [-0.001014746, -0.000184858]
log_loss | 0.171542246 | 0.171759576 | 0.176118762 | -0.000217330 [-0.000381948, -0.000058083] | -0.004576516 [-0.006139198, -0.002883521]
precision | 0.472222222 | 0.464166667 | 0.483333333 | +0.008055556 [-0.006388889, +0.028618056] | -0.011111111 [-0.087777778, +0.073055556]
recall | 0.067500000 | 0.068333333 | 0.063333333 | -0.000833333 [-0.003333333, +0.001666667] | +0.004166667 [-0.006666667, +0.015000000]
f1 | 0.115283581 | 0.116511920 | 0.108307345 | -0.001228339 [-0.005779723, +0.002641885] | +0.006976236 [-0.010389081, +0.024808205]
specificity | 0.998184358 | 0.998137803 | 0.998417132 | +0.000046555 [-0.000093110, +0.000186220] | -0.000232775 [-0.000931099, +0.000465549]
balanced_accuracy | 0.532842179 | 0.533235568 | 0.530875233 | -0.000393389 [-0.001713222, +0.000879888] | +0.001966946 [-0.003519553, +0.007476723]
mcc | 0.164640117 | 0.164826804 | 0.160354570 | -0.000186687 [-0.005483719, +0.004794310] | +0.004285547 [-0.018516496, +0.028450941]
map | 0.475166877 | 0.474268982 | 0.465072881 | +0.000897895 [-0.001931235, +0.003785404] | +0.010093996 [-0.003567487, +0.023495028]
mrr | 0.523867175 | 0.522596830 | 0.512715656 | +0.001270345 [-0.001910525, +0.004505563] | +0.011151519 [-0.003965830, +0.025826751]
recall_at_1 | 0.279761905 | 0.280059524 | 0.273214286 | -0.000297619 [-0.004464286, +0.003571429] | +0.006547619 [-0.011607143, +0.025000000]
recall_at_3 | 0.503571429 | 0.498511905 | 0.486904762 | +0.005059524 [-0.000297619, +0.011309524] | +0.016666667 [-0.002083333, +0.036309524]
recall_at_5 | 0.614583333 | 0.611309524 | 0.594642857 | +0.003273810 [-0.000595238, +0.007440476] | +0.019940476 [+0.003869048, +0.036011905]
recall_at_10 | 0.739880952 | 0.739583333 | 0.738988095 | +0.000297619 [-0.005059524, +0.005654762] | +0.000892857 [-0.018154762, +0.020238095]
ndcg_at_1 | 0.380357143 | 0.380952381 | 0.370833333 | -0.000595238 [-0.005357143, +0.003571429] | +0.009523810 [-0.011904762, +0.030952381]
ndcg_at_3 | 0.445121997 | 0.442512703 | 0.432172011 | +0.002609294 [-0.001040197, +0.006709487] | +0.012949986 [-0.002728671, +0.029161732]
ndcg_at_5 | 0.495516203 | 0.493684352 | 0.480241401 | +0.001831852 [-0.001067170, +0.004959472] | +0.015274803 [+0.001233343, +0.029058962]
ndcg_at_10 | 0.540181215 | 0.539242280 | 0.531929530 | +0.000938935 [-0.001784463, +0.003657747] | +0.008251685 [-0.004438074, +0.020288433]

first-cal / O
metric | C | S | LOGIT0.1 | C-S mean [CI] | C-LOGIT0.1 mean [CI]
average_precision | 0.339348937 | 0.337884574 | 0.311544336 | +0.001464363 [-0.000602660, +0.003582833] | +0.027804602 [+0.014576956, +0.041673946]
trapezoidal_pr_auc | 0.325895888 | 0.324518545 | 0.298636628 | +0.001377343 [-0.000843656, +0.003628368] | +0.027259259 [+0.013092991, +0.042037834]
roc_auc | 0.788846601 | 0.788485219 | 0.762584963 | +0.000361383 [-0.000767618, +0.001545813] | +0.026261639 [+0.017710923, +0.035173883]
recall_at_fpr_1pct | 0.190416667 | 0.191250000 | 0.187083333 | -0.000833333 [-0.007500000, +0.005416667] | +0.003333333 [-0.015000000, +0.022083333]
brier | 0.042885299 | 0.042869145 | 0.043904289 | +0.000016154 [-0.000032184, +0.000065636] | -0.001018990 [-0.001428032, -0.000600907]
log_loss | 0.168708184 | 0.168684263 | 0.177568789 | +0.000023921 [-0.000165464, +0.000222513] | -0.008860605 [-0.010770836, -0.007045897]
precision | 0.630863095 | 0.645808150 | 0.663601190 | -0.014945055 [-0.049116567, +0.015787202] | -0.032738095 [-0.116376240, +0.051918320]
recall | 0.097916667 | 0.101666667 | 0.093750000 | -0.003750000 [-0.007083333, -0.000416667] | +0.004166667 [-0.007083333, +0.015833333]
f1 | 0.163826114 | 0.169815616 | 0.159372727 | -0.005989502 [-0.011582565, -0.000707742] | +0.004453387 [-0.013725666, +0.023039677]
specificity | 0.997043762 | 0.997043762 | 0.997323091 | +0.000000000 [-0.000186220, +0.000162942] | -0.000279330 [-0.000954376, +0.000418994]
balanced_accuracy | 0.547480214 | 0.549355214 | 0.545536546 | -0.001875000 [-0.003576583, -0.000219972] | +0.001943669 [-0.003763326, +0.007845118]
mcc | 0.227760097 | 0.235255327 | 0.229317084 | -0.007495230 [-0.015984871, +0.000577027] | -0.001556987 [-0.027401098, +0.023529892]
map | 0.491202678 | 0.491341319 | 0.460800092 | -0.000138641 [-0.002386895, +0.002137304] | +0.030402586 [+0.018469587, +0.042611785]
mrr | 0.540196950 | 0.540746299 | 0.512464412 | -0.000549348 [-0.003499305, +0.002340993] | +0.027732538 [+0.014974895, +0.040705302]
recall_at_1 | 0.290773810 | 0.291666667 | 0.270535714 | -0.000892857 [-0.004613095, +0.002976190] | +0.020238095 [+0.005357143, +0.035714286]
recall_at_3 | 0.522470238 | 0.519940476 | 0.481250000 | +0.002529762 [-0.001934524, +0.006845238] | +0.041220238 [+0.025591518, +0.056696429]
recall_at_5 | 0.634077381 | 0.634226190 | 0.588095238 | -0.000148810 [-0.004910714, +0.004319196] | +0.045982143 [+0.030357143, +0.062202381]
recall_at_10 | 0.762202381 | 0.762797619 | 0.747023810 | -0.000595238 [-0.005357143, +0.004315476] | +0.015178571 [+0.000297619, +0.030505952]
ndcg_at_1 | 0.391964286 | 0.393452381 | 0.371428571 | -0.001488095 [-0.006845238, +0.003869048] | +0.020535714 [+0.001785714, +0.039583333]
ndcg_at_3 | 0.462516991 | 0.461696776 | 0.426860407 | +0.000820215 [-0.001977560, +0.003635843] | +0.035656585 [+0.021422635, +0.049943994]
ndcg_at_5 | 0.513204390 | 0.513471545 | 0.475088128 | -0.000267155 [-0.002861414, +0.002268685] | +0.038116262 [+0.025589818, +0.051194752]
ndcg_at_10 | 0.559016077 | 0.559348432 | 0.531431788 | -0.000332355 [-0.002971430, +0.002333711] | +0.027584289 [+0.017054009, +0.038393760]

first-cal / N
metric | C | S | LOGIT0.1 | C-S mean [CI] | C-LOGIT0.1 mean [CI]
average_precision | 0.335192774 | 0.334798702 | 0.314804975 | +0.000394072 [-0.001618759, +0.002458344] | +0.020387799 [+0.008679570, +0.031190403]
trapezoidal_pr_auc | 0.322374261 | 0.322158972 | 0.301499389 | +0.000215289 [-0.002133141, +0.002586673] | +0.020874873 [+0.008692265, +0.032278437]
roc_auc | 0.783702281 | 0.782984171 | 0.765503957 | +0.000718110 [-0.000247905, +0.001721456] | +0.018198324 [+0.010023103, +0.026149034]
recall_at_fpr_1pct | 0.183750000 | 0.183333333 | 0.185000000 | +0.000416667 [-0.005833333, +0.006250000] | -0.001250000 [-0.019177083, +0.015416667]
brier | 0.042944541 | 0.042963115 | 0.043873801 | -0.000018574 [-0.000063100, +0.000026090] | -0.000929260 [-0.001309248, -0.000532786]
log_loss | 0.169468371 | 0.169622014 | 0.175921851 | -0.000153642 [-0.000333920, +0.000021368] | -0.006453480 [-0.008100605, -0.004692457]
precision | 0.639365079 | 0.640198413 | 0.591871693 | -0.000833333 [-0.026250000, +0.023472222] | +0.047493386 [-0.020900463, +0.118486938]
recall | 0.091250000 | 0.090000000 | 0.083750000 | +0.001250000 [-0.001250000, +0.003750000] | +0.007500000 [-0.003333333, +0.018750000]
f1 | 0.154618226 | 0.152486054 | 0.140025926 | +0.002132172 [-0.001816768, +0.006399718] | +0.014592301 [-0.001915415, +0.031931726]
specificity | 0.997881750 | 0.997928305 | 0.997253259 | -0.000046555 [-0.000232775, +0.000139665] | +0.000628492 [+0.000116387, +0.001117318]
balanced_accuracy | 0.544565875 | 0.543964153 | 0.540501629 | +0.000601723 [-0.000625000, +0.001875000] | +0.004064246 [-0.001341364, +0.009642691]
mcc | 0.222022073 | 0.219998970 | 0.200009101 | +0.002023103 [-0.004574102, +0.009028423] | +0.022012972 [+0.000539568, +0.043713123]
map | 0.488113330 | 0.486676417 | 0.467030886 | +0.001436913 [-0.001073075, +0.004035807] | +0.021082443 [+0.008529729, +0.033757054]
mrr | 0.539026026 | 0.537447409 | 0.515871960 | +0.001578617 [-0.001585912, +0.004660112] | +0.023154066 [+0.009246022, +0.037343629]
recall_at_1 | 0.292261905 | 0.290476190 | 0.271279762 | +0.001785714 [-0.002529762, +0.006101190] | +0.020982143 [+0.004464286, +0.037351190]
recall_at_3 | 0.515773810 | 0.513988095 | 0.495386905 | +0.001785714 [-0.002529762, +0.006250000] | +0.020386905 [+0.004609375, +0.036309524]
recall_at_5 | 0.632589286 | 0.630654762 | 0.604017857 | +0.001934524 [-0.002232143, +0.006398810] | +0.028571429 [+0.014583333, +0.042113095]
recall_at_10 | 0.758333333 | 0.756250000 | 0.747023810 | +0.002083333 [-0.001934524, +0.005952381] | +0.011309524 [-0.002529762, +0.025148810]
ndcg_at_1 | 0.394345238 | 0.393154762 | 0.370833333 | +0.001190476 [-0.004166667, +0.006250000] | +0.023511905 [+0.004464286, +0.042857143]
ndcg_at_3 | 0.458125198 | 0.456638870 | 0.436104265 | +0.001486328 [-0.001653206, +0.004773590] | +0.022020933 [+0.007450046, +0.036683317]
ndcg_at_5 | 0.511010298 | 0.509229169 | 0.484853198 | +0.001781129 [-0.001057081, +0.004678794] | +0.026157100 [+0.013008385, +0.038745417]
ndcg_at_10 | 0.555964186 | 0.554104286 | 0.535950133 | +0.001859900 [-0.000650469, +0.004395917] | +0.020014052 [+0.008283394, +0.031448438]

first-cal / Z
metric | C | S | LOGIT0.1 | C-S mean [CI] | C-LOGIT0.1 mean [CI]
average_precision | 0.349612166 | 0.349859400 | 0.320728433 | -0.000247234 [-0.003664327, +0.003048912] | +0.028883733 [+0.015569223, +0.042276098]
trapezoidal_pr_auc | 0.337159002 | 0.337440173 | 0.307353093 | -0.000281171 [-0.004329929, +0.003665570] | +0.029805910 [+0.015824856, +0.043854702]
roc_auc | 0.793233240 | 0.792567505 | 0.771040503 | +0.000665736 [-0.000831064, +0.002192737] | +0.022192737 [+0.012466189, +0.031874302]
recall_at_fpr_1pct | 0.195000000 | 0.195833333 | 0.189166667 | -0.000833333 [-0.009166667, +0.006666667] | +0.005833333 [-0.014166667, +0.025000000]
brier | 0.042389004 | 0.042393703 | 0.043736581 | -0.000004699 [-0.000070484, +0.000060192] | -0.001347577 [-0.001852585, -0.000837309]
log_loss | 0.167166815 | 0.167266579 | 0.175104956 | -0.000099764 [-0.000355650, +0.000171699] | -0.007938141 [-0.010038991, -0.005796161]
precision | 0.734801587 | 0.705079365 | 0.599259259 | +0.029722222 [+0.003333333, +0.063055556] | +0.135542328 [+0.039801257, +0.230078373]
recall | 0.109166667 | 0.105833333 | 0.097500000 | +0.003333333 [-0.000833333, +0.008333333] | +0.011666667 [-0.004166667, +0.029166667]
f1 | 0.184347319 | 0.178223040 | 0.160372770 | +0.006124279 [-0.000363293, +0.013954890] | +0.023974549 [-0.000963714, +0.050334269]
specificity | 0.997765363 | 0.997718808 | 0.996415270 | +0.000046555 [-0.000186220, +0.000279330] | +0.001350093 [+0.000558659, +0.002141527]
balanced_accuracy | 0.553466015 | 0.551776071 | 0.546957635 | +0.001689944 [-0.000346834, +0.004120112] | +0.006508380 [-0.001480912, +0.015118715]
mcc | 0.261963009 | 0.251704654 | 0.217375976 | +0.010258355 [+0.001100536, +0.021935266] | +0.044587033 [+0.013278321, +0.077772714]
map | 0.501059783 | 0.499083852 | 0.468988892 | +0.001975931 [-0.001948182, +0.005965597] | +0.032070891 [+0.014926095, +0.049667050]
mrr | 0.554184878 | 0.552297988 | 0.519028265 | +0.001886890 [-0.003271433, +0.006919897] | +0.035156613 [+0.016121390, +0.055133903]
recall_at_1 | 0.304761905 | 0.300892857 | 0.269345238 | +0.003869048 [-0.003273810, +0.011316964] | +0.035416667 [+0.013095238, +0.058630952]
recall_at_3 | 0.527976190 | 0.529464286 | 0.503869048 | -0.001488095 [-0.008035714, +0.005059524] | +0.024107143 [+0.000595238, +0.047023810]
recall_at_5 | 0.650595238 | 0.650000000 | 0.613392857 | +0.000595238 [-0.006845238, +0.007738095] | +0.037202381 [+0.018154762, +0.055357143]
recall_at_10 | 0.776785714 | 0.772916667 | 0.755059524 | +0.003869048 [-0.002083333, +0.010119048] | +0.021726190 [+0.006540179, +0.036904762]
ndcg_at_1 | 0.408333333 | 0.405357143 | 0.370833333 | +0.002976190 [-0.006547619, +0.012500000] | +0.037500000 [+0.011294643, +0.064880952]
ndcg_at_3 | 0.471128400 | 0.470765036 | 0.440036519 | +0.000363363 [-0.004252199, +0.005139709] | +0.031091880 [+0.010916974, +0.051955806]
ndcg_at_5 | 0.526504393 | 0.524773987 | 0.489464995 | +0.001730406 [-0.002722121, +0.006165270] | +0.037039398 [+0.019034663, +0.055005609]
ndcg_at_10 | 0.571747157 | 0.568966293 | 0.539970737 | +0.002780864 [-0.001232987, +0.006905830] | +0.031776419 [+0.017011578, +0.047248519]

first-cal / F_first
metric | C | S | LOGIT0.1 | C-S mean [CI] | C-LOGIT0.1 mean [CI]
average_precision | -0.020336666 | -0.018213726 | 0.007065174 | -0.002122940 [-0.004865263, +0.000685784] | -0.027401841 [-0.047618397, -0.008071963]
trapezoidal_pr_auc | -0.020331667 | -0.018453453 | 0.006057179 | -0.001878214 [-0.004624777, +0.000983642] | -0.026388847 [-0.048035605, -0.005345810]
roc_auc | -0.020493482 | -0.020741387 | 0.004155028 | +0.000247905 [-0.001282850, +0.001733066] | -0.024648510 [-0.036529504, -0.013331006]
recall_at_fpr_1pct | -0.028333333 | -0.026666667 | -0.003333333 | -0.001666667 [-0.008333333, +0.005000000] | -0.025000000 [-0.055000000, +0.003354167]
brier | -0.000718108 | -0.000727089 | 0.000146439 | +0.000008981 [-0.000071811, +0.000091409] | -0.000864546 [-0.001370109, -0.000368773]
log_loss | -0.003577912 | -0.003640673 | 0.003110759 | +0.000062761 [-0.000228482, +0.000352555] | -0.006688671 [-0.008951472, -0.004438410]
precision | -0.143313492 | -0.151924603 | -0.134887566 | +0.008611111 [-0.042144841, +0.058850198] | -0.008425926 [-0.139969907, +0.129557705]
recall | -0.047500000 | -0.049166667 | -0.037500000 | +0.001666667 [-0.003333333, +0.006666667] | -0.010000000 [-0.027500000, +0.007500000]
f1 | -0.076976334 | -0.079649605 | -0.059231180 | +0.002673271 [-0.005191521, +0.011309906] | -0.017745154 [-0.046404652, +0.010150285]
specificity | 0.001489758 | 0.001489758 | 0.001070764 | -0.000000000 [-0.000279330, +0.000325885] | +0.000418994 [-0.000512104, +0.001350093]
balanced_accuracy | -0.023005121 | -0.023838454 | -0.018214618 | +0.000833333 [-0.001573557, +0.003356611] | -0.004790503 [-0.013587058, +0.004003783]
mcc | -0.087261671 | -0.090716898 | -0.069769358 | +0.003455227 [-0.008774354, +0.015802678] | -0.017492312 [-0.055498153, +0.022483088]
map | -0.018927070 | -0.020870690 | 0.019833524 | +0.001943621 [-0.001532796, +0.005348880] | -0.038760594 [-0.057442085, -0.020399992]
mrr | -0.018893936 | -0.020714466 | 0.013291898 | +0.001820530 [-0.001997484, +0.005482085] | -0.032185834 [-0.051195480, -0.013644005]
recall_at_1 | -0.017261905 | -0.019047619 | 0.014880952 | +0.001785714 [-0.003869048, +0.007142857] | -0.032142857 [-0.056250000, -0.008630952]
recall_at_3 | -0.007440476 | -0.008928571 | 0.024702381 | +0.001488095 [-0.004464286, +0.007440476] | -0.032142857 [-0.056547619, -0.008928571]
recall_at_5 | -0.026785714 | -0.030654762 | 0.031250000 | +0.003869048 [-0.003571429, +0.011607143] | -0.058035714 [-0.083630952, -0.031845238]
recall_at_10 | -0.039880952 | -0.036607143 | 0.002083333 | -0.003273810 [-0.010119048, +0.002976190] | -0.041964286 [-0.067864583, -0.017254464]
ndcg_at_1 | -0.019047619 | -0.021428571 | 0.012500000 | +0.002380952 [-0.004761905, +0.008928571] | -0.031547619 [-0.060119048, -0.002961310]
ndcg_at_3 | -0.012565405 | -0.014682421 | 0.022150844 | +0.002117016 [-0.002060397, +0.006453612] | -0.034716249 [-0.057604386, -0.012917399]
ndcg_at_5 | -0.020721206 | -0.023647153 | 0.025163378 | +0.002925947 [-0.001229234, +0.007352645] | -0.045884583 [-0.065315471, -0.026080651]
ndcg_at_10 | -0.025867090 | -0.026331148 | 0.014690142 | +0.000464059 [-0.003098082, +0.004052959] | -0.040557231 [-0.056390340, -0.024564298]

first-cal / F
metric | C | S | LOGIT0.1 | C-S mean [CI] | C-LOGIT0.1 mean [CI]
average_precision | -0.020478410 | -0.019531736 | 0.008050957 | -0.000946674 [-0.003079355, +0.001192855] | -0.028529367 [-0.042608461, -0.015542282]
trapezoidal_pr_auc | -0.020541935 | -0.019520467 | 0.007654861 | -0.001021468 [-0.003356872, +0.001332790] | -0.028196797 [-0.043254668, -0.014717429]
roc_auc | -0.016733007 | -0.016756867 | 0.003921089 | +0.000023859 [-0.001104574, +0.001113318] | -0.020654097 [-0.028193057, -0.013120199]
recall_at_fpr_1pct | -0.019166667 | -0.020833333 | 0.000833333 | +0.001666667 [-0.005833333, +0.009166667] | -0.020000000 [-0.040416667, -0.000833333]
brier | -0.000619576 | -0.000651955 | 0.000238286 | +0.000032379 [-0.000017311, +0.000085483] | -0.000857862 [-0.001243583, -0.000500638]
log_loss | -0.003130659 | -0.003258341 | 0.003035299 | +0.000127681 [-0.000058702, +0.000316254] | -0.006165959 [-0.007798680, -0.004536115]
precision | -0.094732143 | -0.093982753 | -0.084970238 | -0.000749389 [-0.036662698, +0.038398542] | -0.009761905 [-0.101579861, +0.079619461]
recall | -0.034166667 | -0.037500000 | -0.023750000 | +0.003333333 [-0.000416667, +0.007083333] | -0.010416667 [-0.021666667, +0.000416667]
f1 | -0.053767975 | -0.058827510 | -0.038655089 | +0.005059535 [-0.000875370, +0.010988810] | -0.015112886 [-0.033304557, +0.002618566]
specificity | 0.001443203 | 0.001513035 | 0.000931099 | -0.000069832 [-0.000256052, +0.000139665] | +0.000512104 [-0.000162942, +0.001164455]
balanced_accuracy | -0.016361732 | -0.017993482 | -0.011409451 | +0.001631750 [-0.000243250, +0.003506750] | -0.004952281 [-0.010600850, +0.000580773]
mcc | -0.059061454 | -0.063450610 | -0.045498289 | +0.004389155 [-0.004682699, +0.014007660] | -0.013563165 [-0.039633543, +0.011566306]
map | -0.017755897 | -0.018343485 | 0.015922462 | +0.000587589 [-0.002067150, +0.003164223] | -0.033678358 [-0.046397361, -0.021043631]
mrr | -0.018538549 | -0.019723070 | 0.011858628 | +0.001184521 [-0.002230818, +0.004486235] | -0.030397177 [-0.043284273, -0.017501267]
recall_at_1 | -0.013690476 | -0.014434524 | 0.012946429 | +0.000744048 [-0.003571429, +0.004761905] | -0.026636905 [-0.043456101, -0.011011905]
recall_at_3 | -0.016815476 | -0.016815476 | 0.019940476 | -0.000000000 [-0.005059524, +0.005059524] | -0.036755952 [-0.053128720, -0.019940476]
recall_at_5 | -0.023214286 | -0.025000000 | 0.021279762 | +0.001785714 [-0.003422619, +0.007291667] | -0.044494048 [-0.063095238, -0.025297619]
recall_at_10 | -0.027083333 | -0.027827381 | -0.001785714 | +0.000744048 [-0.004613095, +0.005952381] | -0.025297619 [-0.041666667, -0.009821429]
ndcg_at_1 | -0.015476190 | -0.016666667 | 0.012202381 | +0.001190476 [-0.004761905, +0.006845238] | -0.027678571 [-0.047619048, -0.008333333]
ndcg_at_3 | -0.017197766 | -0.017682198 | 0.018724837 | +0.000484432 [-0.002690660, +0.003661566] | -0.035922603 [-0.050703212, -0.021035133]
ndcg_at_5 | -0.019795194 | -0.020978276 | 0.019088561 | +0.001183081 [-0.001881081, +0.004230748] | -0.038883755 [-0.053116956, -0.024680740]
ndcg_at_10 | -0.021561635 | -0.022363457 | 0.011005988 | +0.000801822 [-0.001898308, +0.003524210] | -0.032567623 [-0.043400220, -0.021833953]

first-cal / G
metric | C | S | LOGIT0.1 | C-S mean [CI] | C-LOGIT0.1 mean [CI]
average_precision | 0.077551595 | 0.076069330 | 0.068682108 | +0.001482265 [-0.000649354, +0.003619110] | +0.008869487 [-0.003269958, +0.020537274]
trapezoidal_pr_auc | 0.080202042 | 0.078916401 | 0.069545663 | +0.001285642 [-0.001177307, +0.003738932] | +0.010656379 [-0.002490186, +0.023310525]
roc_auc | 0.036560754 | 0.035828678 | 0.037596601 | +0.000732076 [-0.000256227, +0.001772666] | -0.001035847 [-0.009637395, +0.007490689]
recall_at_fpr_1pct | 0.055000000 | 0.052916667 | 0.052916667 | +0.002083333 [-0.004166667, +0.007916667] | +0.002083333 [-0.020416667, +0.024166667]
brier | 0.002691153 | 0.002666935 | 0.002488370 | +0.000024218 [-0.000020118, +0.000067222] | +0.000202783 [-0.000188406, +0.000593058]
log_loss | 0.011267768 | 0.011092432 | 0.010071564 | +0.000175336 [+0.000005050, +0.000350457] | +0.001196204 [-0.000521316, +0.002878224]
precision | 0.149434524 | 0.143323413 | 0.155066138 | +0.006111111 [-0.025562500, +0.039166667] | -0.005631614 [-0.090506944, +0.078076141]
recall | 0.031666667 | 0.027500000 | 0.041666667 | +0.004166667 [+0.000416667, +0.007916667] | -0.010000000 [-0.022500000, +0.002500000]
f1 | 0.051358063 | 0.044662869 | 0.065719423 | +0.006695194 [+0.000655412, +0.012812747] | -0.014361360 [-0.034123562, +0.005498868]
specificity | 0.000209497 | 0.000256052 | -0.000814711 | -0.000046555 [-0.000232775, +0.000139665] | +0.001024209 [+0.000348580, +0.001675978]
balanced_accuracy | 0.015938082 | 0.013878026 | 0.020425978 | +0.002060056 [+0.000185056, +0.003935056] | -0.004487896 [-0.010736761, +0.001842703]
mcc | 0.067648969 | 0.060624882 | 0.078729697 | +0.007024087 [-0.002236790, +0.016373305] | -0.011080728 [-0.036541164, +0.014905778]
map | 0.057499200 | 0.055204588 | 0.058730362 | +0.002294613 [-0.000268049, +0.004974114] | -0.001231162 [-0.016209144, +0.013325240]
mrr | 0.063600546 | 0.061018466 | 0.062706049 | +0.002582079 [-0.000724470, +0.005920237] | +0.000894497 [-0.017206768, +0.018403534]
recall_at_1 | 0.049553571 | 0.045982143 | 0.048065476 | +0.003571429 [-0.000892857, +0.008184524] | +0.001488095 [-0.018898810, +0.021130952]
recall_at_3 | 0.071726190 | 0.071279762 | 0.076636905 | +0.000446429 [-0.005208333, +0.006101190] | -0.004910714 [-0.023214286, +0.013541667]
recall_at_5 | 0.072023810 | 0.068898810 | 0.068750000 | +0.003125000 [-0.002083333, +0.008482143] | +0.003273810 [-0.013988095, +0.020089286]
recall_at_10 | 0.045535714 | 0.045238095 | 0.043303571 | +0.000297619 [-0.004166667, +0.004616815] | +0.002232143 [-0.016071429, +0.020539435]
ndcg_at_1 | 0.065476190 | 0.061904762 | 0.067559524 | +0.003571429 [-0.002083333, +0.009226190] | -0.002083333 [-0.027686012, +0.022916667]
ndcg_at_3 | 0.067811979 | 0.066180205 | 0.070409744 | +0.001631774 [-0.001810498, +0.005434448] | -0.002597765 [-0.020352040, +0.014421308]
ndcg_at_5 | 0.068085950 | 0.065124922 | 0.066876953 | +0.002961028 [+0.000003203, +0.005932989] | +0.001208997 [-0.014561183, +0.015908176]
ndcg_at_10 | 0.058472115 | 0.056486112 | 0.058245060 | +0.001986002 [-0.000445383, +0.004539417] | +0.000227055 [-0.012952859, +0.013313933]

first-cal / final_all
metric | C | S | LOGIT0.1 | C-S mean [CI] | C-LOGIT0.1 mean [CI]
average_precision | 0.342770014 | 0.341876183 | 0.314605702 | +0.000893831 [-0.000877975, +0.002755167] | +0.028164312 [+0.016427447, +0.039973256]
trapezoidal_pr_auc | 0.329650259 | 0.328825754 | 0.301542116 | +0.000824505 [-0.001194510, +0.002955516] | +0.028108143 [+0.015847254, +0.040680082]
roc_auc | 0.790308814 | 0.789845981 | 0.765403476 | +0.000462834 [-0.000499331, +0.001430817] | +0.024905338 [+0.017580579, +0.032471311]
recall_at_fpr_1pct | 0.191944444 | 0.192777778 | 0.187777778 | -0.000833333 [-0.006388889, +0.004166667] | +0.004166667 [-0.011388889, +0.020000000]
brier | 0.042719867 | 0.042710664 | 0.043848386 | +0.000009203 [-0.000034195, +0.000052556] | -0.001128519 [-0.001497595, -0.000761025]
log_loss | 0.168194394 | 0.168211702 | 0.176747511 | -0.000017307 [-0.000189940, +0.000156211] | -0.008553117 [-0.010245319, -0.006926543]
precision | 0.665509259 | 0.665565222 | 0.642153880 | -0.000055963 [-0.024605896, +0.023532077] | +0.023355379 [-0.046784226, +0.094446814]
recall | 0.101666667 | 0.103055556 | 0.095000000 | -0.001388889 [-0.003888889, +0.001111111] | +0.006666667 [-0.004444444, +0.018055556]
f1 | 0.170666516 | 0.172618091 | 0.159706075 | -0.001951575 [-0.006002701, +0.002210222] | +0.010960441 [-0.006693114, +0.029246312]
specificity | 0.997284295 | 0.997268777 | 0.997020484 | +0.000015518 [-0.000155183, +0.000170701] | +0.000263811 [-0.000279330, +0.000822471]
balanced_accuracy | 0.549475481 | 0.550162166 | 0.546010242 | -0.000686685 [-0.001921167, +0.000594351] | +0.003465239 [-0.002066283, +0.009166686]
mcc | 0.239161068 | 0.240738436 | 0.225336715 | -0.001577368 [-0.007953602, +0.004756902] | +0.013824353 [-0.009566138, +0.037339715]
map | 0.494488380 | 0.493922164 | 0.463529692 | +0.000566216 [-0.001368031, +0.002629215] | +0.030958688 [+0.019393744, +0.043647023]
mrr | 0.544859593 | 0.544596862 | 0.514652363 | +0.000262731 [-0.002445586, +0.002925107] | +0.030207230 [+0.017504637, +0.043605837]
recall_at_1 | 0.295436508 | 0.294742063 | 0.270138889 | +0.000694444 [-0.002777778, +0.004464286] | +0.025297619 [+0.010811012, +0.040674603]
recall_at_3 | 0.524305556 | 0.523115079 | 0.488789683 | +0.001190476 [-0.002777778, +0.005257937] | +0.035515873 [+0.020930060, +0.050297619]
recall_at_5 | 0.639583333 | 0.639484127 | 0.596527778 | +0.000099206 [-0.003869048, +0.003769841] | +0.043055556 [+0.029861111, +0.056746032]
recall_at_10 | 0.767063492 | 0.766170635 | 0.749702381 | +0.000892857 [-0.002777778, +0.004464286] | +0.017361111 [+0.005753968, +0.029166667]
ndcg_at_1 | 0.397420635 | 0.397420635 | 0.371230159 | +0.000000000 [-0.004761905, +0.004960317] | +0.026190476 [+0.008134921, +0.044047619]
ndcg_at_3 | 0.465387461 | 0.464719530 | 0.431252444 | +0.000667931 [-0.001843414, +0.003347839] | +0.034135017 [+0.020911191, +0.048072377]
ndcg_at_5 | 0.517637724 | 0.517239026 | 0.479880417 | +0.000398698 [-0.001824503, +0.002579123] | +0.037757307 [+0.025642192, +0.050602826]
ndcg_at_10 | 0.563259770 | 0.562554385 | 0.534278104 | +0.000705385 [-0.001453437, +0.002978051] | +0.028981666 [+0.018358965, +0.040344713]

first-cal / A2
metric | C | S | LOGIT0.1 | C-S mean [CI] | C-LOGIT0.1 mean [CI]
average_precision | 0.320773382 | 0.319738004 | 0.308881516 | +0.001035378 [-0.001158266, +0.003242840] | +0.011891866 [-0.002580822, +0.025121249]
trapezoidal_pr_auc | 0.307589521 | 0.306877771 | 0.295645685 | +0.000711749 [-0.001766485, +0.003150192] | +0.011943836 [-0.003127630, +0.026080257]
roc_auc | 0.774171322 | 0.773400838 | 0.759967412 | +0.000770484 [-0.000349162, +0.001897172] | +0.014203911 [+0.004068785, +0.024015770]
recall_at_fpr_1pct | 0.172500000 | 0.170833333 | 0.180833333 | +0.001666667 [-0.005833333, +0.008333333] | -0.008333333 [-0.032500000, +0.014166667]
brier | 0.043500079 | 0.043532528 | 0.044011021 | -0.000032449 [-0.000077096, +0.000015456] | -0.000510943 [-0.000960509, -0.000057942]
log_loss | 0.171769928 | 0.171977448 | 0.176738746 | -0.000207521 [-0.000385759, -0.000034000] | -0.004968819 [-0.006744207, -0.003106956]
precision | 0.543928571 | 0.575317460 | 0.584484127 | -0.031388889 [-0.071666667, -0.001659722] | -0.040555556 [-0.142187500, +0.061708333]
recall | 0.073333333 | 0.074166667 | 0.070000000 | -0.000833333 [-0.003333333, +0.001666667] | +0.003333333 [-0.009166667, +0.015833333]
f1 | 0.124889134 | 0.126749068 | 0.119679082 | -0.001859935 [-0.006333678, +0.002130748] | +0.005210052 [-0.014812895, +0.024910678]
specificity | 0.997998138 | 0.998137803 | 0.998091248 | -0.000139665 [-0.000325885, +0.000046555] | -0.000093110 [-0.000744879, +0.000559823]
balanced_accuracy | 0.535665736 | 0.536152235 | 0.534045624 | -0.000486499 [-0.001783054, +0.000786778] | +0.001620112 [-0.004653748, +0.007802025]
mcc | 0.182081137 | 0.188293286 | 0.182642226 | -0.006212148 [-0.015039999, +0.000434629] | -0.000561088 [-0.029059605, +0.026884081]
map | 0.475166877 | 0.474268982 | 0.465072881 | +0.000897895 [-0.001931235, +0.003785404] | +0.010093996 [-0.003567487, +0.023495028]
mrr | 0.523867175 | 0.522596830 | 0.512715656 | +0.001270345 [-0.001910525, +0.004505563] | +0.011151519 [-0.003965830, +0.025826751]
recall_at_1 | 0.279761905 | 0.280059524 | 0.273214286 | -0.000297619 [-0.004464286, +0.003571429] | +0.006547619 [-0.011607143, +0.025000000]
recall_at_3 | 0.503571429 | 0.498511905 | 0.486904762 | +0.005059524 [-0.000297619, +0.011309524] | +0.016666667 [-0.002083333, +0.036309524]
recall_at_5 | 0.614583333 | 0.611309524 | 0.594642857 | +0.003273810 [-0.000595238, +0.007440476] | +0.019940476 [+0.003869048, +0.036011905]
recall_at_10 | 0.739880952 | 0.739583333 | 0.738988095 | +0.000297619 [-0.005059524, +0.005654762] | +0.000892857 [-0.018154762, +0.020238095]
ndcg_at_1 | 0.380357143 | 0.380952381 | 0.370833333 | -0.000595238 [-0.005357143, +0.003571429] | +0.009523810 [-0.011904762, +0.030952381]
ndcg_at_3 | 0.445121997 | 0.442512703 | 0.432172011 | +0.002609294 [-0.001040197, +0.006709487] | +0.012949986 [-0.002728671, +0.029161732]
ndcg_at_5 | 0.495516203 | 0.493684352 | 0.480241401 | +0.001831852 [-0.001067170, +0.004959472] | +0.015274803 [+0.001233343, +0.029058962]
ndcg_at_10 | 0.540181215 | 0.539242280 | 0.531929530 | +0.000938935 [-0.001784463, +0.003657747] | +0.008251685 [-0.004438074, +0.020288433]

primary / O
metric | C | S | LOGIT0.1 | C-S mean [CI] | C-LOGIT0.1 mean [CI]
average_precision | 0.339348937 | 0.337884574 | 0.311544336 | +0.001464363 [-0.000602660, +0.003582833] | +0.027804602 [+0.014576956, +0.041673946]
trapezoidal_pr_auc | 0.325895888 | 0.324518545 | 0.298636628 | +0.001377343 [-0.000843656, +0.003628368] | +0.027259259 [+0.013092991, +0.042037834]
roc_auc | 0.788846601 | 0.788485219 | 0.762584963 | +0.000361383 [-0.000767618, +0.001545813] | +0.026261639 [+0.017710923, +0.035173883]
recall_at_fpr_1pct | 0.190416667 | 0.191250000 | 0.187083333 | -0.000833333 [-0.007500000, +0.005416667] | +0.003333333 [-0.015000000, +0.022083333]
brier | 0.042914425 | 0.042909525 | 0.043975116 | +0.000004899 [-0.000047561, +0.000058623] | -0.001060692 [-0.001460672, -0.000666033]
log_loss | 0.168827983 | 0.168819752 | 0.176710298 | +0.000008231 [-0.000195641, +0.000224542] | -0.007882314 [-0.009567845, -0.006257850]
precision | 0.653621032 | 0.656048882 | 0.676990741 | -0.002427850 [-0.038447285, +0.033008838] | -0.023369709 [-0.108506283, +0.060579778]
recall | 0.097916667 | 0.102083333 | 0.081250000 | -0.004166667 [-0.008750000, +0.000416667] | +0.016666667 [+0.006250000, +0.027927083]
f1 | 0.164130587 | 0.171262469 | 0.141582754 | -0.007131882 [-0.014200792, -0.000189110] | +0.022547834 [+0.005185019, +0.040492521]
specificity | 0.996973929 | 0.997043762 | 0.998091248 | -0.000069832 [-0.000302607, +0.000139665] | -0.001117318 [-0.001745810, -0.000512104]
balanced_accuracy | 0.547445298 | 0.549563547 | 0.539670624 | -0.002118250 [-0.004328445, +0.000161778] | +0.007774674 [+0.002449692, +0.013412768]
mcc | 0.231155912 | 0.238332518 | 0.217235128 | -0.007176605 [-0.017481620, +0.002445201] | +0.013920784 [-0.011246673, +0.038376960]
map | 0.491202678 | 0.491341319 | 0.460800092 | -0.000138641 [-0.002386895, +0.002137304] | +0.030402586 [+0.018469587, +0.042611785]
mrr | 0.540196950 | 0.540746299 | 0.512464412 | -0.000549348 [-0.003499305, +0.002340993] | +0.027732538 [+0.014974895, +0.040705302]
recall_at_1 | 0.290773810 | 0.291666667 | 0.270535714 | -0.000892857 [-0.004613095, +0.002976190] | +0.020238095 [+0.005357143, +0.035714286]
recall_at_3 | 0.522470238 | 0.519940476 | 0.481250000 | +0.002529762 [-0.001934524, +0.006845238] | +0.041220238 [+0.025591518, +0.056696429]
recall_at_5 | 0.634077381 | 0.634226190 | 0.588095238 | -0.000148810 [-0.004910714, +0.004319196] | +0.045982143 [+0.030357143, +0.062202381]
recall_at_10 | 0.762202381 | 0.762797619 | 0.747023810 | -0.000595238 [-0.005357143, +0.004315476] | +0.015178571 [+0.000297619, +0.030505952]
ndcg_at_1 | 0.391964286 | 0.393452381 | 0.371428571 | -0.001488095 [-0.006845238, +0.003869048] | +0.020535714 [+0.001785714, +0.039583333]
ndcg_at_3 | 0.462516991 | 0.461696776 | 0.426860407 | +0.000820215 [-0.001977560, +0.003635843] | +0.035656585 [+0.021422635, +0.049943994]
ndcg_at_5 | 0.513204390 | 0.513471545 | 0.475088128 | -0.000267155 [-0.002861414, +0.002268685] | +0.038116262 [+0.025589818, +0.051194752]
ndcg_at_10 | 0.559016077 | 0.559348432 | 0.531431788 | -0.000332355 [-0.002971430, +0.002333711] | +0.027584289 [+0.017054009, +0.038393760]

primary / N
metric | C | S | LOGIT0.1 | C-S mean [CI] | C-LOGIT0.1 mean [CI]
average_precision | 0.335192774 | 0.334798702 | 0.314804975 | +0.000394072 [-0.001618759, +0.002458344] | +0.020387799 [+0.008679570, +0.031190403]
trapezoidal_pr_auc | 0.322374261 | 0.322158972 | 0.301499389 | +0.000215289 [-0.002133141, +0.002586673] | +0.020874873 [+0.008692265, +0.032278437]
roc_auc | 0.783702281 | 0.782984171 | 0.765503957 | +0.000718110 [-0.000247905, +0.001721456] | +0.018198324 [+0.010023103, +0.026149034]
recall_at_fpr_1pct | 0.183750000 | 0.183333333 | 0.185000000 | +0.000416667 [-0.005833333, +0.006250000] | -0.001250000 [-0.019177083, +0.015416667]
brier | 0.042908832 | 0.042928231 | 0.043842171 | -0.000019399 [-0.000065456, +0.000025402] | -0.000933338 [-0.001288262, -0.000562491]
log_loss | 0.169277468 | 0.169430027 | 0.175061211 | -0.000152559 [-0.000330788, +0.000020260] | -0.005783742 [-0.007335470, -0.004161966]
precision | 0.605456349 | 0.596428571 | 0.564907407 | +0.009027778 [-0.003433036, +0.023472222] | +0.040548942 [-0.023991567, +0.111389881]
recall | 0.086666667 | 0.085416667 | 0.075000000 | +0.001250000 [-0.002083333, +0.004583333] | +0.011666667 [+0.000833333, +0.022916667]
f1 | 0.147820674 | 0.145867127 | 0.128160359 | +0.001953548 [-0.003422838, +0.007341002] | +0.019660316 [+0.002796494, +0.037209298]
specificity | 0.998044693 | 0.997974860 | 0.998184358 | +0.000069832 [-0.000093110, +0.000232775] | -0.000139665 [-0.000675047, +0.000395717]
balanced_accuracy | 0.542355680 | 0.541695764 | 0.536592179 | +0.000659916 [-0.001006750, +0.002338222] | +0.005763501 [+0.000289514, +0.011319541]
mcc | 0.212233082 | 0.209220490 | 0.188965801 | +0.003012592 [-0.003029325, +0.008957708] | +0.023267281 [+0.002514110, +0.046081712]
map | 0.488113330 | 0.486676417 | 0.467030886 | +0.001436913 [-0.001073075, +0.004035807] | +0.021082443 [+0.008529729, +0.033757054]
mrr | 0.539026026 | 0.537447409 | 0.515871960 | +0.001578617 [-0.001585912, +0.004660112] | +0.023154066 [+0.009246022, +0.037343629]
recall_at_1 | 0.292261905 | 0.290476190 | 0.271279762 | +0.001785714 [-0.002529762, +0.006101190] | +0.020982143 [+0.004464286, +0.037351190]
recall_at_3 | 0.515773810 | 0.513988095 | 0.495386905 | +0.001785714 [-0.002529762, +0.006250000] | +0.020386905 [+0.004609375, +0.036309524]
recall_at_5 | 0.632589286 | 0.630654762 | 0.604017857 | +0.001934524 [-0.002232143, +0.006398810] | +0.028571429 [+0.014583333, +0.042113095]
recall_at_10 | 0.758333333 | 0.756250000 | 0.747023810 | +0.002083333 [-0.001934524, +0.005952381] | +0.011309524 [-0.002529762, +0.025148810]
ndcg_at_1 | 0.394345238 | 0.393154762 | 0.370833333 | +0.001190476 [-0.004166667, +0.006250000] | +0.023511905 [+0.004464286, +0.042857143]
ndcg_at_3 | 0.458125198 | 0.456638870 | 0.436104265 | +0.001486328 [-0.001653206, +0.004773590] | +0.022020933 [+0.007450046, +0.036683317]
ndcg_at_5 | 0.511010298 | 0.509229169 | 0.484853198 | +0.001781129 [-0.001057081, +0.004678794] | +0.026157100 [+0.013008385, +0.038745417]
ndcg_at_10 | 0.555964186 | 0.554104286 | 0.535950133 | +0.001859900 [-0.000650469, +0.004395917] | +0.020014052 [+0.008283394, +0.031448438]

primary / Z
metric | C | S | LOGIT0.1 | C-S mean [CI] | C-LOGIT0.1 mean [CI]
average_precision | 0.349612166 | 0.349859400 | 0.320728433 | -0.000247234 [-0.003664327, +0.003048912] | +0.028883733 [+0.015569223, +0.042276098]
trapezoidal_pr_auc | 0.337159002 | 0.337440173 | 0.307353093 | -0.000281171 [-0.004329929, +0.003665570] | +0.029805910 [+0.015824856, +0.043854702]
roc_auc | 0.793233240 | 0.792567505 | 0.771040503 | +0.000665736 [-0.000831064, +0.002192737] | +0.022192737 [+0.012466189, +0.031874302]
recall_at_fpr_1pct | 0.195000000 | 0.195833333 | 0.189166667 | -0.000833333 [-0.009166667, +0.006666667] | +0.005833333 [-0.014166667, +0.025000000]
brier | 0.042337825 | 0.042336458 | 0.043593585 | +0.000001367 [-0.000067773, +0.000071388] | -0.001255759 [-0.001691870, -0.000816753]
log_loss | 0.167012691 | 0.167100479 | 0.174003660 | -0.000087788 [-0.000354115, +0.000195372] | -0.006990969 [-0.008985337, -0.005005199]
precision | 0.738690476 | 0.728690476 | 0.646481481 | +0.010000000 [-0.009726190, +0.031309524] | +0.092208995 [+0.002401455, +0.187967262]
recall | 0.105833333 | 0.102500000 | 0.086666667 | +0.003333333 [-0.001666667, +0.009166667] | +0.019166667 [+0.002500000, +0.036666667]
f1 | 0.180357768 | 0.175222333 | 0.148013372 | +0.005135435 [-0.003520406, +0.014363090] | +0.032344395 [+0.006907175, +0.058592673]
specificity | 0.997905028 | 0.997811918 | 0.997951583 | +0.000093110 [-0.000186220, +0.000372439] | -0.000046555 [-0.000744879, +0.000651769]
balanced_accuracy | 0.551869181 | 0.550155959 | 0.542309125 | +0.001713222 [-0.000903166, +0.004629888] | +0.009560056 [+0.001273277, +0.018196520]
mcc | 0.259826047 | 0.253614177 | 0.217577031 | +0.006211870 [-0.003880400, +0.016516124] | +0.042249015 [+0.009804435, +0.075285194]
map | 0.501059783 | 0.499083852 | 0.468988892 | +0.001975931 [-0.001948182, +0.005965597] | +0.032070891 [+0.014926095, +0.049667050]
mrr | 0.554184878 | 0.552297988 | 0.519028265 | +0.001886890 [-0.003271433, +0.006919897] | +0.035156613 [+0.016121390, +0.055133903]
recall_at_1 | 0.304761905 | 0.300892857 | 0.269345238 | +0.003869048 [-0.003273810, +0.011316964] | +0.035416667 [+0.013095238, +0.058630952]
recall_at_3 | 0.527976190 | 0.529464286 | 0.503869048 | -0.001488095 [-0.008035714, +0.005059524] | +0.024107143 [+0.000595238, +0.047023810]
recall_at_5 | 0.650595238 | 0.650000000 | 0.613392857 | +0.000595238 [-0.006845238, +0.007738095] | +0.037202381 [+0.018154762, +0.055357143]
recall_at_10 | 0.776785714 | 0.772916667 | 0.755059524 | +0.003869048 [-0.002083333, +0.010119048] | +0.021726190 [+0.006540179, +0.036904762]
ndcg_at_1 | 0.408333333 | 0.405357143 | 0.370833333 | +0.002976190 [-0.006547619, +0.012500000] | +0.037500000 [+0.011294643, +0.064880952]
ndcg_at_3 | 0.471128400 | 0.470765036 | 0.440036519 | +0.000363363 [-0.004252199, +0.005139709] | +0.031091880 [+0.010916974, +0.051955806]
ndcg_at_5 | 0.526504393 | 0.524773987 | 0.489464995 | +0.001730406 [-0.002722121, +0.006165270] | +0.037039398 [+0.019034663, +0.055005609]
ndcg_at_10 | 0.571747157 | 0.568966293 | 0.539970737 | +0.002780864 [-0.001232987, +0.006905830] | +0.031776419 [+0.017011578, +0.047248519]

primary / F_first
metric | C | S | LOGIT0.1 | C-S mean [CI] | C-LOGIT0.1 mean [CI]
average_precision | -0.020336666 | -0.018213726 | 0.007065174 | -0.002122940 [-0.004865263, +0.000685784] | -0.027401841 [-0.047618397, -0.008071963]
trapezoidal_pr_auc | -0.020331667 | -0.018453453 | 0.006057179 | -0.001878214 [-0.004624777, +0.000983642] | -0.026388847 [-0.048035605, -0.005345810]
roc_auc | -0.020493482 | -0.020741387 | 0.004155028 | +0.000247905 [-0.001282850, +0.001733066] | -0.024648510 [-0.036529504, -0.013331006]
recall_at_fpr_1pct | -0.028333333 | -0.026666667 | -0.003333333 | -0.001666667 [-0.008333333, +0.005000000] | -0.025000000 [-0.055000000, +0.003354167]
brier | -0.000556504 | -0.000537814 | 0.000239535 | -0.000018690 [-0.000109351, +0.000074014] | -0.000796039 [-0.001296595, -0.000296212]
log_loss | -0.003168299 | -0.003173848 | 0.002599996 | +0.000005549 [-0.000298373, +0.000316525] | -0.005768296 [-0.007874394, -0.003668824]
precision | -0.124067460 | -0.098327922 | -0.128703704 | -0.025739538 [-0.072142857, +0.010121122] | +0.004636243 [-0.128366733, +0.151713128]
recall | -0.045833333 | -0.045833333 | -0.020833333 | +0.000000000 [-0.005000000, +0.005000000] | -0.025000000 [-0.041687500, -0.008333333]
f1 | -0.071698872 | -0.071688065 | -0.034904225 | -0.000010807 [-0.007613819, +0.007543949] | -0.036794647 [-0.064226010, -0.009562899]
specificity | 0.002001862 | 0.001908752 | 0.000465549 | +0.000093110 [-0.000186220, +0.000418994] | +0.001536313 [+0.000698324, +0.002420857]
balanced_accuracy | -0.021915736 | -0.021962291 | -0.010183892 | +0.000046555 [-0.002430168, +0.002500582] | -0.011731844 [-0.020202572, -0.003374651]
mcc | -0.078035461 | -0.075162222 | -0.049383841 | -0.002873239 [-0.014034918, +0.006767722] | -0.028651620 [-0.066291293, +0.010558752]
map | -0.018927070 | -0.020870690 | 0.019833524 | +0.001943621 [-0.001532796, +0.005348880] | -0.038760594 [-0.057442085, -0.020399992]
mrr | -0.018893936 | -0.020714466 | 0.013291898 | +0.001820530 [-0.001997484, +0.005482085] | -0.032185834 [-0.051195480, -0.013644005]
recall_at_1 | -0.017261905 | -0.019047619 | 0.014880952 | +0.001785714 [-0.003869048, +0.007142857] | -0.032142857 [-0.056250000, -0.008630952]
recall_at_3 | -0.007440476 | -0.008928571 | 0.024702381 | +0.001488095 [-0.004464286, +0.007440476] | -0.032142857 [-0.056547619, -0.008928571]
recall_at_5 | -0.026785714 | -0.030654762 | 0.031250000 | +0.003869048 [-0.003571429, +0.011607143] | -0.058035714 [-0.083630952, -0.031845238]
recall_at_10 | -0.039880952 | -0.036607143 | 0.002083333 | -0.003273810 [-0.010119048, +0.002976190] | -0.041964286 [-0.067864583, -0.017254464]
ndcg_at_1 | -0.019047619 | -0.021428571 | 0.012500000 | +0.002380952 [-0.004761905, +0.008928571] | -0.031547619 [-0.060119048, -0.002961310]
ndcg_at_3 | -0.012565405 | -0.014682421 | 0.022150844 | +0.002117016 [-0.002060397, +0.006453612] | -0.034716249 [-0.057604386, -0.012917399]
ndcg_at_5 | -0.020721206 | -0.023647153 | 0.025163378 | +0.002925947 [-0.001229234, +0.007352645] | -0.045884583 [-0.065315471, -0.026080651]
ndcg_at_10 | -0.025867090 | -0.026331148 | 0.014690142 | +0.000464059 [-0.003098082, +0.004052959] | -0.040557231 [-0.056390340, -0.024564298]

primary / F
metric | C | S | LOGIT0.1 | C-S mean [CI] | C-LOGIT0.1 mean [CI]
average_precision | -0.020478410 | -0.019531736 | 0.008050957 | -0.000946674 [-0.003079355, +0.001192855] | -0.028529367 [-0.042608461, -0.015542282]
trapezoidal_pr_auc | -0.020541935 | -0.019520467 | 0.007654861 | -0.001021468 [-0.003356872, +0.001332790] | -0.028196797 [-0.043254668, -0.014717429]
roc_auc | -0.016733007 | -0.016756867 | 0.003921089 | +0.000023859 [-0.001104574, +0.001113318] | -0.020654097 [-0.028193057, -0.013120199]
recall_at_fpr_1pct | -0.019166667 | -0.020833333 | 0.000833333 | +0.001666667 [-0.005833333, +0.009166667] | -0.020000000 [-0.040416667, -0.000833333]
brier | -0.000580331 | -0.000605313 | 0.000269246 | +0.000024981 [-0.000028074, +0.000082734] | -0.000849577 [-0.001250184, -0.000474226]
log_loss | -0.002897020 | -0.003013915 | 0.002486800 | +0.000116896 [-0.000084985, +0.000326549] | -0.005383819 [-0.006935420, -0.003806864]
precision | -0.153343254 | -0.159798882 | -0.148935185 | +0.006455628 [-0.028911030, +0.043075893] | -0.004408069 [-0.085428654, +0.082015873]
recall | -0.037083333 | -0.040833333 | -0.014583333 | +0.003750000 [-0.001250000, +0.008333333] | -0.022500000 [-0.033333333, -0.011666667]
f1 | -0.058875224 | -0.065392936 | -0.026550984 | +0.006517712 [-0.001037559, +0.013911180] | -0.032324241 [-0.049991263, -0.014331617]
specificity | 0.001606145 | 0.001513035 | 0.000325885 | +0.000093110 [-0.000116387, +0.000325885] | +0.001280261 [+0.000651769, +0.001955307]
balanced_accuracy | -0.017738594 | -0.019660149 | -0.007128724 | +0.001921555 [-0.000555168, +0.004201583] | -0.010609870 [-0.015993308, -0.005181273]
mcc | -0.071177780 | -0.078261042 | -0.044560161 | +0.007083262 [-0.003066160, +0.017834948] | -0.026617619 [-0.049671175, -0.001861356]
map | -0.017755897 | -0.018343485 | 0.015922462 | +0.000587589 [-0.002067150, +0.003164223] | -0.033678358 [-0.046397361, -0.021043631]
mrr | -0.018538549 | -0.019723070 | 0.011858628 | +0.001184521 [-0.002230818, +0.004486235] | -0.030397177 [-0.043284273, -0.017501267]
recall_at_1 | -0.013690476 | -0.014434524 | 0.012946429 | +0.000744048 [-0.003571429, +0.004761905] | -0.026636905 [-0.043456101, -0.011011905]
recall_at_3 | -0.016815476 | -0.016815476 | 0.019940476 | -0.000000000 [-0.005059524, +0.005059524] | -0.036755952 [-0.053128720, -0.019940476]
recall_at_5 | -0.023214286 | -0.025000000 | 0.021279762 | +0.001785714 [-0.003422619, +0.007291667] | -0.044494048 [-0.063095238, -0.025297619]
recall_at_10 | -0.027083333 | -0.027827381 | -0.001785714 | +0.000744048 [-0.004613095, +0.005952381] | -0.025297619 [-0.041666667, -0.009821429]
ndcg_at_1 | -0.015476190 | -0.016666667 | 0.012202381 | +0.001190476 [-0.004761905, +0.006845238] | -0.027678571 [-0.047619048, -0.008333333]
ndcg_at_3 | -0.017197766 | -0.017682198 | 0.018724837 | +0.000484432 [-0.002690660, +0.003661566] | -0.035922603 [-0.050703212, -0.021035133]
ndcg_at_5 | -0.019795194 | -0.020978276 | 0.019088561 | +0.001183081 [-0.001881081, +0.004230748] | -0.038883755 [-0.053116956, -0.024680740]
ndcg_at_10 | -0.021561635 | -0.022363457 | 0.011005988 | +0.000801822 [-0.001898308, +0.003524210] | -0.032567623 [-0.043400220, -0.021833953]

primary / G
metric | C | S | LOGIT0.1 | C-S mean [CI] | C-LOGIT0.1 mean [CI]
average_precision | 0.077551595 | 0.076069330 | 0.068682108 | +0.001482265 [-0.000649354, +0.003619110] | +0.008869487 [-0.003269958, +0.020537274]
trapezoidal_pr_auc | 0.080202042 | 0.078916401 | 0.069545663 | +0.001285642 [-0.001177307, +0.003738932] | +0.010656379 [-0.002490186, +0.023310525]
roc_auc | 0.036560754 | 0.035828678 | 0.037596601 | +0.000732076 [-0.000256227, +0.001772666] | -0.001035847 [-0.009637395, +0.007490689]
recall_at_fpr_1pct | 0.055000000 | 0.052916667 | 0.052916667 | +0.002083333 [-0.004166667, +0.007916667] | +0.002083333 [-0.020416667, +0.024166667]
brier | 0.002670568 | 0.002642088 | 0.002602434 | +0.000028480 [-0.000016102, +0.000074579] | +0.000068134 [-0.000353514, +0.000481272]
log_loss | 0.011249065 | 0.011061055 | 0.011021907 | +0.000188011 [+0.000017391, +0.000361003] | +0.000227158 [-0.001410838, +0.001816128]
precision | 0.139831349 | 0.130664683 | 0.163518519 | +0.009166667 [-0.009821429, +0.029682540] | -0.023687169 [-0.120566964, +0.075132440]
recall | 0.029166667 | 0.027500000 | 0.038750000 | +0.001666667 [-0.002083333, +0.005416667] | -0.009583333 [-0.022083333, +0.002083333]
f1 | 0.048430029 | 0.046055428 | 0.063136071 | +0.002374601 [-0.003470657, +0.008191354] | -0.014706042 [-0.034269095, +0.003853950]
specificity | 0.000232775 | 0.000162942 | -0.000139665 | +0.000069832 [-0.000139665, +0.000302607] | +0.000372439 [-0.000418994, +0.001163873]
balanced_accuracy | 0.014699721 | 0.013831471 | 0.019305168 | +0.000868250 [-0.000971834, +0.002708333] | -0.004605447 [-0.010727479, +0.001111790]
mcc | 0.064554369 | 0.061393493 | 0.080097178 | +0.003160876 [-0.004019620, +0.010230440] | -0.015542809 [-0.042106403, +0.011541878]
map | 0.057499200 | 0.055204588 | 0.058730362 | +0.002294613 [-0.000268049, +0.004974114] | -0.001231162 [-0.016209144, +0.013325240]
mrr | 0.063600546 | 0.061018466 | 0.062706049 | +0.002582079 [-0.000724470, +0.005920237] | +0.000894497 [-0.017206768, +0.018403534]
recall_at_1 | 0.049553571 | 0.045982143 | 0.048065476 | +0.003571429 [-0.000892857, +0.008184524] | +0.001488095 [-0.018898810, +0.021130952]
recall_at_3 | 0.071726190 | 0.071279762 | 0.076636905 | +0.000446429 [-0.005208333, +0.006101190] | -0.004910714 [-0.023214286, +0.013541667]
recall_at_5 | 0.072023810 | 0.068898810 | 0.068750000 | +0.003125000 [-0.002083333, +0.008482143] | +0.003273810 [-0.013988095, +0.020089286]
recall_at_10 | 0.045535714 | 0.045238095 | 0.043303571 | +0.000297619 [-0.004166667, +0.004616815] | +0.002232143 [-0.016071429, +0.020539435]
ndcg_at_1 | 0.065476190 | 0.061904762 | 0.067559524 | +0.003571429 [-0.002083333, +0.009226190] | -0.002083333 [-0.027686012, +0.022916667]
ndcg_at_3 | 0.067811979 | 0.066180205 | 0.070409744 | +0.001631774 [-0.001810498, +0.005434448] | -0.002597765 [-0.020352040, +0.014421308]
ndcg_at_5 | 0.068085950 | 0.065124922 | 0.066876953 | +0.002961028 [+0.000003203, +0.005932989] | +0.001208997 [-0.014561183, +0.015908176]
ndcg_at_10 | 0.058472115 | 0.056486112 | 0.058245060 | +0.001986002 [-0.000445383, +0.004539417] | +0.000227055 [-0.012952859, +0.013313933]

primary / final_all
metric | C | S | LOGIT0.1 | C-S mean [CI] | C-LOGIT0.1 mean [CI]
average_precision | 0.342770014 | 0.341876183 | 0.314605702 | +0.000893831 [-0.000877975, +0.002755167] | +0.028164312 [+0.016427447, +0.039973256]
trapezoidal_pr_auc | 0.329650259 | 0.328825754 | 0.301542116 | +0.000824505 [-0.001194510, +0.002955516] | +0.028108143 [+0.015847254, +0.040680082]
roc_auc | 0.790308814 | 0.789845981 | 0.765403476 | +0.000462834 [-0.000499331, +0.001430817] | +0.024905338 [+0.017580579, +0.032471311]
recall_at_fpr_1pct | 0.191944444 | 0.192777778 | 0.187777778 | -0.000833333 [-0.006388889, +0.004166667] | +0.004166667 [-0.011388889, +0.020000000]
brier | 0.042722225 | 0.042718503 | 0.043847939 | +0.000003722 [-0.000042705, +0.000049596] | -0.001125714 [-0.001485838, -0.000776503]
log_loss | 0.168222886 | 0.168246661 | 0.175808085 | -0.000023775 [-0.000207866, +0.000162175] | -0.007585199 [-0.009159896, -0.006099457]
precision | 0.681977513 | 0.680262747 | 0.666820988 | +0.001714767 [-0.022329786, +0.025448894] | +0.015156526 [-0.048176036, +0.082091380]
recall | 0.100555556 | 0.102222222 | 0.083055556 | -0.001666667 [-0.005277778, +0.002222222] | +0.017500000 [+0.007222222, +0.028888889]
f1 | 0.169539647 | 0.172582424 | 0.143726293 | -0.003042776 [-0.008817243, +0.002874978] | +0.025813354 [+0.009264058, +0.043822882]
specificity | 0.997284295 | 0.997299814 | 0.998044693 | -0.000015518 [-0.000186220, +0.000139665] | -0.000760397 [-0.001241465, -0.000294848]
balanced_accuracy | 0.548919926 | 0.549761018 | 0.540550124 | -0.000841092 [-0.002638889, +0.001025760] | +0.008369801 [+0.003253996, +0.014025644]
mcc | 0.240712624 | 0.243426404 | 0.217349096 | -0.002713780 [-0.010034609, +0.004608246] | +0.023363528 [+0.001167913, +0.046618704]
map | 0.494488380 | 0.493922164 | 0.463529692 | +0.000566216 [-0.001368031, +0.002629215] | +0.030958688 [+0.019393744, +0.043647023]
mrr | 0.544859593 | 0.544596862 | 0.514652363 | +0.000262731 [-0.002445586, +0.002925107] | +0.030207230 [+0.017504637, +0.043605837]
recall_at_1 | 0.295436508 | 0.294742063 | 0.270138889 | +0.000694444 [-0.002777778, +0.004464286] | +0.025297619 [+0.010811012, +0.040674603]
recall_at_3 | 0.524305556 | 0.523115079 | 0.488789683 | +0.001190476 [-0.002777778, +0.005257937] | +0.035515873 [+0.020930060, +0.050297619]
recall_at_5 | 0.639583333 | 0.639484127 | 0.596527778 | +0.000099206 [-0.003869048, +0.003769841] | +0.043055556 [+0.029861111, +0.056746032]
recall_at_10 | 0.767063492 | 0.766170635 | 0.749702381 | +0.000892857 [-0.002777778, +0.004464286] | +0.017361111 [+0.005753968, +0.029166667]
ndcg_at_1 | 0.397420635 | 0.397420635 | 0.371230159 | +0.000000000 [-0.004761905, +0.004960317] | +0.026190476 [+0.008134921, +0.044047619]
ndcg_at_3 | 0.465387461 | 0.464719530 | 0.431252444 | +0.000667931 [-0.001843414, +0.003347839] | +0.034135017 [+0.020911191, +0.048072377]
ndcg_at_5 | 0.517637724 | 0.517239026 | 0.479880417 | +0.000398698 [-0.001824503, +0.002579123] | +0.037757307 [+0.025642192, +0.050602826]
ndcg_at_10 | 0.563259770 | 0.562554385 | 0.534278104 | +0.000705385 [-0.001453437, +0.002978051] | +0.028981666 [+0.018358965, +0.040344713]

primary / A2
metric | C | S | LOGIT0.1 | C-S mean [CI] | C-LOGIT0.1 mean [CI]
average_precision | 0.320773382 | 0.319738004 | 0.308881516 | +0.001035378 [-0.001158266, +0.003242840] | +0.011891866 [-0.002580822, +0.025121249]
trapezoidal_pr_auc | 0.307589521 | 0.306877771 | 0.295645685 | +0.000711749 [-0.001766485, +0.003150192] | +0.011943836 [-0.003127630, +0.026080257]
roc_auc | 0.774171322 | 0.773400838 | 0.759967412 | +0.000770484 [-0.000349162, +0.001897172] | +0.014203911 [+0.004068785, +0.024015770]
recall_at_fpr_1pct | 0.172500000 | 0.170833333 | 0.180833333 | +0.001666667 [-0.005833333, +0.008333333] | -0.008333333 [-0.032500000, +0.014166667]
brier | 0.043479840 | 0.043520004 | 0.044090756 | -0.000040164 [-0.000081649, +0.000004102] | -0.000610917 [-0.001014746, -0.000184858]
log_loss | 0.171542246 | 0.171759576 | 0.176118762 | -0.000217330 [-0.000381948, -0.000058083] | -0.004576516 [-0.006139198, -0.002883521]
precision | 0.472222222 | 0.464166667 | 0.483333333 | +0.008055556 [-0.006388889, +0.028618056] | -0.011111111 [-0.087777778, +0.073055556]
recall | 0.067500000 | 0.068333333 | 0.063333333 | -0.000833333 [-0.003333333, +0.001666667] | +0.004166667 [-0.006666667, +0.015000000]
f1 | 0.115283581 | 0.116511920 | 0.108307345 | -0.001228339 [-0.005779723, +0.002641885] | +0.006976236 [-0.010389081, +0.024808205]
specificity | 0.998184358 | 0.998137803 | 0.998417132 | +0.000046555 [-0.000093110, +0.000186220] | -0.000232775 [-0.000931099, +0.000465549]
balanced_accuracy | 0.532842179 | 0.533235568 | 0.530875233 | -0.000393389 [-0.001713222, +0.000879888] | +0.001966946 [-0.003519553, +0.007476723]
mcc | 0.164640117 | 0.164826804 | 0.160354570 | -0.000186687 [-0.005483719, +0.004794310] | +0.004285547 [-0.018516496, +0.028450941]
map | 0.475166877 | 0.474268982 | 0.465072881 | +0.000897895 [-0.001931235, +0.003785404] | +0.010093996 [-0.003567487, +0.023495028]
mrr | 0.523867175 | 0.522596830 | 0.512715656 | +0.001270345 [-0.001910525, +0.004505563] | +0.011151519 [-0.003965830, +0.025826751]
recall_at_1 | 0.279761905 | 0.280059524 | 0.273214286 | -0.000297619 [-0.004464286, +0.003571429] | +0.006547619 [-0.011607143, +0.025000000]
recall_at_3 | 0.503571429 | 0.498511905 | 0.486904762 | +0.005059524 [-0.000297619, +0.011309524] | +0.016666667 [-0.002083333, +0.036309524]
recall_at_5 | 0.614583333 | 0.611309524 | 0.594642857 | +0.003273810 [-0.000595238, +0.007440476] | +0.019940476 [+0.003869048, +0.036011905]
recall_at_10 | 0.739880952 | 0.739583333 | 0.738988095 | +0.000297619 [-0.005059524, +0.005654762] | +0.000892857 [-0.018154762, +0.020238095]
ndcg_at_1 | 0.380357143 | 0.380952381 | 0.370833333 | -0.000595238 [-0.005357143, +0.003571429] | +0.009523810 [-0.011904762, +0.030952381]
ndcg_at_3 | 0.445121997 | 0.442512703 | 0.432172011 | +0.002609294 [-0.001040197, +0.006709487] | +0.012949986 [-0.002728671, +0.029161732]
ndcg_at_5 | 0.495516203 | 0.493684352 | 0.480241401 | +0.001831852 [-0.001067170, +0.004959472] | +0.015274803 [+0.001233343, +0.029058962]
ndcg_at_10 | 0.540181215 | 0.539242280 | 0.531929530 | +0.000938935 [-0.001784463, +0.003657747] | +0.008251685 [-0.004438074, +0.020288433]

