tree
version=v4
num_class=1
num_tree_per_iteration=1
label_index=0
max_feature_idx=56
objective=binary sigmoid:1
feature_names=Column_0 Column_1 Column_2 Column_3 Column_4 Column_5 Column_6 Column_7 Column_8 Column_9 Column_10 Column_11 Column_12 Column_13 Column_14 Column_15 Column_16 Column_17 Column_18 Column_19 Column_20 Column_21 Column_22 Column_23 Column_24 Column_25 Column_26 Column_27 Column_28 Column_29 Column_30 Column_31 Column_32 Column_33 Column_34 Column_35 Column_36 Column_37 Column_38 Column_39 Column_40 Column_41 Column_42 Column_43 Column_44 Column_45 Column_46 Column_47 Column_48 Column_49 Column_50 Column_51 Column_52 Column_53 Column_54 Column_55 Column_56
feature_infos=[0:1] [0:1] [0:1] [0:1] [0:5] [0:5] [0:6.2695748976823831] [0:31.347874488411914] [0:6.2695748976823831] [0:6.2695748976823831] [0:0.23281786941580757] [0:0.34364261168384874] [0:0.04553264604810997] [0:0.049828178694158072] [0:0.21305841924398616] none none [0:0.74398625429553267] [0.56151214244199998:0.97483200665299996] [0.50926286420300004:0.85918970301599995] [0.334645897217:0.97342510797799997] [0.29025744074499998:0.85495583578400003] [0.62012184536799997:0.99207453920199995] [0.59110108714200005:0.93975441248000002] [0:1.0986122886680001] [0:1.0986122886680001] [0:1.6094379124339999] [0:1.38629436112] [0:0.69314718056000002] [0:0.69314718056000002] [0:0.69314718056000002] [0:0.69314718056000002] [0:0.69314718056000002] none none [0:1.0986122886680001] [0:1.0986122886680001] [0:1.0986122886680001] [0:1.0986122886680001] [0:1.0986122886680001] [0:1.0986122886680001] [0:1.0986122886680001] [0:0.69314718056000002] [0:0.69314718056000002] [0:0.69314718056000002] [0:0.69314718056000002] [0:1.6094379124339999] [0:1.0986122886680001] [0:0.69314718056000002] [0:0.69314718056000002] [0:0.69314718056000002] [0:0.69314718056000002] [0:0.69314718056000002] [0:0.69314718056000002] [0:0.69314718056000002] [0:1.206948960813] [0:0.48045301391799999]
tree_sizes=890 926 924 922 923 924 927 920 924 923 924 926 925 921 924 927 928 925 922 924 927 921 922 930 926 925 924 924 923 924 923 928 925 927 931 931 922 931 932 928 927 930 927 930 921 929 920 931 926 924 931 925 922 930 924 934 929 929 933 928 935 930 928 930 932 929 933 931 936 932 933 930 938 935 938 931 937 936 940 928 935 939 930 930 935 931 939 935 932 925 930 934 931 941 932 923 930 933 936 916 939 933 922 938 930 932 929 938 940 937 932 944 928 926 941 932 943 929 923 941 932 944 922 925 941 921 934 936 929 929 937 936 936 936 935 943 920 931 937 938 920 936 939 921 925 936 933 934 925 933 944 925 935 932 937 939 938 934 945 926 930 936 938 938 930 933 929 938 937 938 936 931 929 923 936 931 930 932 929 933 934 937 940 936 931 944 922 927 923 933 942 937 926 928 924 937 936 942 938 937

Tree=0
num_leaves=7
num_cat=0
split_feature=24 43 23 22 22 12
split_gain=120137 28682.5 64.1324 7.85767 6.86058 3.28149
threshold=1.0000000180025095e-35 1.0000000180025095e-35 0.83660175828700012 0.84557725025800001 0.93801431248250011 0.020618556701030941
decision_type=2 2 2 2 2 2
left_child=1 2 3 -1 -4 -6
right_child=-2 -3 4 -5 5 -7
leaf_value=-2.9119694998396271 -2.3195361290358671 -2.3252449711084631 -2.9066179115343087 -2.909774412976565 -2.9030433947972458 -2.8719356414879318
leaf_weight=4592.0331959724426 325.71876049041748 75.165867805480957 1155.4998304843903 2483.4802722930908 836.59610867500305 2.4053077697753897
leaf_count=91638 6500 1500 23059 49560 16695 48
internal_value=-2.8848 -2.90499 -2.90986 -2.9112 -2.90508 -2.90294
internal_weight=9470.9 9145.18 9070.01 7075.51 1994.5 839.001
internal_count=189000 182500 181000 141198 39802 16743
is_linear=0
shrinkage=1


Tree=1
num_leaves=7
num_cat=0
split_feature=24 43 23 22 22 10
split_gain=69970.8 17328.1 64.4141 7.95716 6.82668 3.20198
threshold=1.0000000180025095e-35 1.0000000180025095e-35 0.83660175828700012 0.84557725025800001 0.93801431248250011 0.097938144329896906
decision_type=2 2 2 2 2 2
left_child=1 2 3 -1 5 -4
right_child=-2 -3 4 -5 -6 -7
leaf_value=-0.027012893476765502 0.33449727761768894 0.33412971589108176 -0.020048752680188641 -0.024780878136755835 -0.017886695212791435 -0.023509046025244448
leaf_weight=4481.6550565883517 529.77867797017097 121.68464809656143 635.83936389908195 2428.5610507428646 825.47951519116759 497.31002107262611
leaf_count=91638 6500 1500 12939 49560 16743 10120
internal_value=-0.000212696 -0.0199709 -0.0248665 -0.0262322 -0.0200373 -0.0215868
internal_weight=9520.31 8990.53 8868.85 6910.22 1958.63 1133.15
internal_count=189000 182500 181000 141198 39802 23059
is_linear=0
shrinkage=0.03


Tree=2
num_leaves=7
num_cat=0
split_feature=24 43 23 22 22 46
split_gain=51073.5 12956.8 64.675 8.05631 6.78984 3.28236
threshold=1.0000000180025095e-35 1.0000000180025095e-35 0.83660175828700012 0.84557725025800001 0.93801431248250011 1.0000000180025095e-35
decision_type=2 2 2 2 2 2
left_child=1 2 3 -1 -4 -5
right_child=-2 -3 4 5 -6 -7
leaf_value=-0.026856040550286495 0.24802059363709839 0.24814589970038062 -0.02135554766475754 -0.024187446791937118 -0.017635325997522711 -0.028424976131773361
leaf_weight=4374.227789953351 690.26262685656548 158.55833888053894 1111.4298682771623 2157.9304615259171 812.34292867407203 217.19243252277374
leaf_count=91638 6500 1500 23059 45028 16743 4532
internal_value=-0.000313078 -0.0197481 -0.0246737 -0.0260612 -0.0197946 -0.0245867
internal_weight=9521.94 8831.68 8673.12 6749.35 1923.77 2375.12
internal_count=189000 182500 181000 141198 39802 49560
is_linear=0
shrinkage=0.03


Tree=3
num_leaves=7
num_cat=0
split_feature=24 43 23 22 22 46
split_gain=40551.5 10500.2 64.9207 8.1542 6.74887 3.33217
threshold=1.0000000180025095e-35 1.0000000180025095e-35 0.83660175828700012 0.84557725025800001 0.93801431248250011 1.0000000180025095e-35
decision_type=2 2 2 2 2 2
left_child=1 2 3 -1 -4 -5
right_child=-2 -3 4 5 -6 -7
leaf_value=-0.02669815422865366 0.20016948929849465 0.20037471241904947 -0.021123074850974956 -0.023986384723806081 -0.01738405578887784 -0.028298713519750555
leaf_weight=4269.6820963025093 827.3482620716095 190.13126939535141 1090.2845550961792 2111.4520697295666 799.57130567729473 211.70411868393421
leaf_count=91638 6500 1500 23059 45028 16743 4532
internal_value=-0.00037566 -0.0195276 -0.0244796 -0.0258891 -0.0195512 -0.0243914
internal_weight=9500.17 8672.83 8482.69 6592.84 1889.86 2323.16
internal_count=189000 182500 181000 141198 39802 49560
is_linear=0
shrinkage=0.03


Tree=4
num_leaves=7
num_cat=0
split_feature=24 43 23 22 22 46
split_gain=33719 8892.14 65.1466 8.25127 6.70468 3.38171
threshold=1.0000000180025095e-35 1.0000000180025095e-35 0.83660175828700012 0.84557725025800001 0.93801431248250011 1.0000000180025095e-35
decision_type=2 2 2 2 2 2
left_child=1 2 3 -1 -4 -5
right_child=-2 -3 4 5 -6 -7
leaf_value=-0.026539160368689793 0.16931860189828959 0.16952252548722127 -0.020889605220973145 -0.023783934425292693 -0.017132951283597493 -0.028171922810923608
leaf_weight=4167.9500413835049 946.83560729026794 217.68993884325027 1069.7198375537992 2066.2367779910564 787.15535197779536 206.36248448491096
leaf_count=91638 6500 1500 23059 45028 16743 4532
internal_value=-0.00041853 -0.0193101 -0.0242841 -0.0257157 -0.0193072 -0.0241946
internal_weight=9461.95 8515.11 8297.42 6440.55 1856.88 2272.6
internal_count=189000 182500 181000 141198 39802 49560
is_linear=0
shrinkage=0.03


Tree=5
num_leaves=7
num_cat=0
split_feature=24 43 23 22 22 10
split_gain=28877.4 7743.16 65.3513 8.3473 6.65726 3.45945
threshold=1.0000000180025095e-35 1.0000000180025095e-35 0.83660175828700012 0.84557725025800001 0.93801431248250011 0.097938144329896906
decision_type=2 2 2 2 2 2
left_child=1 2 3 -1 5 -4
right_child=-2 -3 4 -5 -6 -7
leaf_value=-0.026378991552848147 0.14762891261892797 0.14781274192875765 -0.019015209223360328 -0.023996418817071756 -0.016882084661240904 -0.022712689891044816
leaf_weight=4068.9647150784731 1051.715575158596 241.90478771924973 589.83447290584445 2223.4178243875504 775.08583608269691 459.88668769598007
leaf_count=91638 6500 1500 12939 49560 16743 10120
internal_value=-0.000449299 -0.0190955 -0.0240872 -0.0255411 -0.0190627 -0.0206552
internal_weight=9410.81 8359.09 8117.19 6292.38 1824.81 1049.72
internal_count=189000 182500 181000 141198 39802 23059
is_linear=0
shrinkage=0.03


Tree=6
num_leaves=7
num_cat=0
split_feature=24 43 23 22 22 46
split_gain=25244.4 6873.31 65.5298 8.44289 6.60758 3.53359
threshold=1.0000000180025095e-35 1.0000000180025095e-35 0.83660175828700012 0.84557725025800001 0.93801431248250011 1.0000000180025095e-35
decision_type=2 2 2 2 2 2
left_child=1 2 3 -1 -4 -5
right_child=-2 -3 4 5 -6 -7
leaf_value=-0.026217579443685694 0.13149064993371018 0.13165131565478597 -0.020420036232750183 -0.023371118246183868 -0.016631532627666399 -0.027935013974701932
leaf_weight=3972.6602314040065 1143.9407169818878 263.21650296449661 1030.2940960302949 1978.7247440367937 763.35371415317059 196.82862867414951
leaf_count=91638 6500 1500 23059 45028 16743 4532
internal_value=-0.000471921 -0.0188837 -0.0238889 -0.0253649 -0.0188179 -0.0237967
internal_weight=9349.02 8205.08 7941.86 6148.21 1793.65 2175.55
internal_count=189000 182500 181000 141198 39802 49560
is_linear=0
shrinkage=0.03


Tree=7
num_leaves=7
num_cat=0
split_feature=24 43 23 22 22 46
split_gain=22404.9 6186.96 65.6881 8.53613 6.55366 3.58173
threshold=1.0000000180025095e-35 1.0000000180025095e-35 0.83660175828700012 0.84557725025800001 0.93801431248250011 1.0000000180025095e-35
decision_type=2 2 2 2 2 2
left_child=1 2 3 -1 -4 -5
right_child=-2 -3 4 5 -6 -7
leaf_value=-0.026054860072428312 0.11898937561359282 0.1191282306141898 -0.020183744186134275 -0.023164341638335997 -0.016381363049201101 -0.027806276905431224
leaf_weight=3878.9717285111547 1224.9585688114166 281.95327520370483 1011.38456825912 1937.1365455985069 751.9503156915307 191.88707129657269
leaf_count=91638 6500 1500 23059 45028 16743 4532
internal_value=-0.000488784 -0.0186747 -0.0236891 -0.0251874 -0.0185725 -0.0235956
internal_weight=9278.24 8053.28 7771.33 6008 1763.33 2129.02
internal_count=189000 182500 181000 141198 39802 49560
is_linear=0
shrinkage=0.03


Tree=8
num_leaves=7
num_cat=0
split_feature=24 43 23 22 22 46
split_gain=20116.7 5628.25 65.8215 8.62762 6.49653 3.62922
threshold=1.0000000180025095e-35 1.0000000180025095e-35 0.83660175828700012 0.84557725025800001 0.93801431248250011 1.0000000180025095e-35
decision_type=2 2 2 2 2 2
left_child=1 2 3 -1 -4 -5
right_child=-2 -3 4 5 -6 -7
leaf_value=-0.02589077451644933 0.10900843246636789 0.10912791865988268 -0.019946580534672135 -0.022956099558086536 -0.016131654970593143 -0.027676713252274984
leaf_weight=3787.8353686854243 1295.9254160523415 298.37818443775177 992.99928287416697 1896.6908404529095 740.8669707365334 187.07921051979065
leaf_count=91638 6500 1500 23059 45028 16743 4532
internal_value=-0.000501369 -0.0184683 -0.0234878 -0.0250085 -0.0183267 -0.023393
internal_weight=9199.78 7903.85 7605.47 5871.61 1733.87 2083.77
internal_count=189000 182500 181000 141198 39802 49560
is_linear=0
shrinkage=0.03


Tree=9
num_leaves=7
num_cat=0
split_feature=24 43 23 22 22 10
split_gain=18228.3 5162.24 65.9287 8.71713 6.43621 3.71193
threshold=1.0000000180025095e-35 1.0000000180025095e-35 0.83660175828700012 0.84557725025800001 0.93801431248250011 0.097938144329896906
decision_type=2 2 2 2 2 2
left_child=1 2 3 -1 5 -4
right_child=-2 -3 4 -5 -6 -7
leaf_value=-0.025725264824301902 0.10084981281654797 0.10095243525633188 -0.017965978636797983 -0.02318888834530777 -0.015882488436774873 -0.021903916517527447
leaf_weight=3699.1886797249317 1357.8090593218803 312.71202117204666 548.73384670168161 2039.7609172016382 730.09532065317035 426.39089614152908
leaf_count=91638 6500 1500 12939 49560 16743 10120
internal_value=-0.000510694 -0.0182641 -0.023285 -0.024828 -0.0180807 -0.0197086
internal_weight=9114.69 7756.88 7444.17 5738.95 1705.22 975.125
internal_count=189000 182500 181000 141198 39802 23059
is_linear=0
shrinkage=0.03


Tree=10
num_leaves=7
num_cat=0
split_feature=24 43 23 22 22 46
split_gain=16640 4765.9 66.0047 8.80547 6.3738 3.78174
threshold=1.0000000180025095e-35 1.0000000180025095e-35 0.83660175828700012 0.84557725025800001 0.93801431248250011 1.0000000180025095e-35
decision_type=2 2 2 2 2 2
left_child=1 2 3 -1 -4 -5
right_child=-2 -3 4 5 -6 -7
leaf_value=-0.02555827972348414 0.094053622640544121 0.094141591896914664 -0.019470099849743586 -0.022531043697949116 -0.015633939962210176 -0.027435707375934561
leaf_weight=3612.9695308059454 1411.4440232515335 325.14560222625732 957.76680138334632 1818.3762884736061 719.62707025185227 178.56453171372414
leaf_count=91638 6500 1500 23059 45028 16743 4532
internal_value=-0.000517452 -0.0180622 -0.0230807 -0.0246459 -0.0178346 -0.0229831
internal_weight=9023.89 7612.45 7287.3 5609.91 1677.39 1996.94
internal_count=189000 182500 181000 141198 39802 49560
is_linear=0
shrinkage=0.03


Tree=11
num_leaves=7
num_cat=0
split_feature=24 43 23 22 22 46
split_gain=15283 4423.39 66.0565 8.89035 6.30725 3.82666
threshold=1.0000000180025095e-35 1.0000000180025095e-35 0.83660175828700012 0.84557725025800001 0.93801431248250011 1.0000000180025095e-35
decision_type=2 2 2 2 2 2
left_child=1 2 3 -1 -4 -5
right_child=-2 -3 4 5 -6 -7
leaf_value=-0.02538976449937903 0.088303849778061994 0.088379089508422076 -0.019230592610574505 -0.022318341287658042 -0.015386087851965638 -0.027303387530761929
leaf_weight=3529.1178393736482 1457.5648754835129 335.84710210561752 940.87419983372092 1781.2091079801321 709.45423495396972 174.11909863352776
leaf_count=91638 6500 1500 23059 45028 16743 4532
internal_value=-0.000522213 -0.0178622 -0.0228749 -0.0244622 -0.0175882 -0.022776
internal_weight=8928.19 7470.62 7134.77 5484.45 1650.33 1955.33
internal_count=189000 182500 181000 141198 39802 49560
is_linear=0
shrinkage=0.03


Tree=12
num_leaves=7
num_cat=0
split_feature=24 43 23 22 22 21
split_gain=14108.5 4123.45 66.1023 8.30426 6.83489 5.35936
threshold=1.0000000180025095e-35 1.0000000180025095e-35 0.82859656989950015 0.92804330144550018 0.84557725025800001 0.58016819464450009
decision_type=2 2 2 2 2 2
left_child=1 2 4 5 -1 -4
right_child=-2 -3 3 -5 -6 -7
leaf_value=-0.025219674831579282 0.083375929064612803 0.083440034582102779 -0.016422343322012926 -0.015726683333549513 -0.022781387725922982 -0.021479615464567215
leaf_weight=3447.5745470076799 1496.8268573284149 344.96679157018661 303.552958086133 928.15550474822521 1690.7617690376937 616.42048829048872
leaf_count=91638 6500 1500 7623 22453 43761 15525
internal_value=-0.000525342 -0.0176641 -0.0226675 -0.0177792 -0.0244219 -0.0198306
internal_weight=8828.26 7331.43 6986.47 1848.13 5138.34 919.973
internal_count=189000 182500 181000 45601 135399 23148
is_linear=0
shrinkage=0.03


Tree=13
num_leaves=7
num_cat=0
split_feature=24 43 23 22 22 21
split_gain=13080.7 3857.85 66.1274 8.22244 6.90285 5.32774
threshold=1.0000000180025095e-35 1.0000000180025095e-35 0.82859656989950015 0.92804330144550018 0.84557725025800001 0.58016819464450009
decision_type=2 2 2 2 2 2
left_child=1 2 4 5 -1 -4
right_child=-2 -3 3 -5 -6 -7
leaf_value=-0.02504796688731176 0.079105670693115929 0.079159997456040604 -0.016176091622823296 -0.015479488118346698 -0.022573552061924664 -0.021256935774414256
leaf_weight=3368.2805952876806 1529.8206061124802 352.64018923044205 299.0132931470871 914.90648028999567 1655.68070762977 604.38500516116619
leaf_count=91638 6500 1500 7623 22453 43761 15525
internal_value=-0.000527118 -0.0174677 -0.0224586 -0.0175339 -0.0242372 -0.019595
internal_weight=8724.73 7194.91 6842.27 1818.3 5023.96 903.398
internal_count=189000 182500 181000 45601 135399 23148
is_linear=0
shrinkage=0.03


Tree=14
num_leaves=7
num_cat=0
split_feature=24 43 23 22 22 21
split_gain=12172.8 3620.42 66.122 8.13667 6.96846 5.29339
threshold=1.0000000180025095e-35 1.0000000180025095e-35 0.82859656989950015 0.92804330144550018 0.84557725025800001 0.58016819464450009
decision_type=2 2 2 2 2 2
left_child=1 2 4 5 -1 -4
right_child=-2 -3 3 -5 -6 -7
leaf_value=-0.024874595569370498 0.075370176977085646 0.075415849256007764 -0.015930235753833302 -0.015232991804434722 -0.022364154713319959 -0.021032966848337529
leaf_weight=3291.1796568185091 1557.081937789917 358.99036377668381 294.60200415179133 902.03269721195102 1621.5749294348061 592.6847156137228
leaf_count=91638 6500 1500 7623 22453 43761 15525
internal_value=-0.000527792 -0.0172729 -0.0222482 -0.0172885 -0.0240507 -0.0193586
internal_weight=8618.15 7061.06 6702.07 1789.32 4912.75 887.287
internal_count=189000 182500 181000 45601 135399 23148
is_linear=0
shrinkage=0.03


Tree=15
num_leaves=7
num_cat=0
split_feature=24 43 23 22 22 46
split_gain=11364.3 3406.44 66.0876 9.17811 6.12865 4.19376
threshold=1.0000000180025095e-35 1.0000000180025095e-35 0.83660175828700012 0.84557725025800001 0.93801431248250011 1.0000000180025095e-35
decision_type=2 2 2 2 2 2
left_child=1 2 3 -1 -4 -5
right_child=-2 -3 4 5 -6 -7
leaf_value=-0.024699528385170505 0.072075555430381605 0.072113510832119601 -0.018273740871615918 -0.02144298274981557 -0.014373761090769325 -0.026835790835009216
leaf_weight=3216.2157455831766 1579.0994018316269 364.12969976663589 878.35276578739285 1641.1054767817259 670.4802985265851 159.63132708892226
leaf_count=91638 6500 1500 23059 45028 16743 4532
internal_value=-0.00052755 -0.0170794 -0.0220362 -0.0237121 -0.0165958 -0.0219357
internal_weight=8509.01 6929.92 6565.79 5016.95 1548.83 1800.74
internal_count=189000 182500 181000 141198 39802 49560
is_linear=0
shrinkage=0.03


Tree=16
num_leaves=7
num_cat=0
split_feature=24 43 23 22 22 2
split_gain=10639.2 3212.25 66.0767 7.97524 7.07971 5.43064
threshold=1.0000000180025095e-35 1.0000000180025095e-35 0.82859656989950015 0.92804330144550018 0.84557725025800001 1.0000000180025095e-35
decision_type=2 2 2 2 2 2
left_child=1 2 4 -4 -1 -5
right_child=-2 -3 3 5 -6 -7
leaf_value=-0.024522723075303381 0.069148798430166025 0.069179838542650862 -0.018883138909791961 -0.015936926725989415 -0.021942933658727549 -0.0099496062275745509
leaf_weight=3143.3338996991515 1596.3205769658089 368.16110461950302 856.3854731246829 699.33458627387881 1556.5168769843876 177.73272505402565
leaf_count=91638 6500 1500 23148 17901 43761 4552
internal_value=-0.000526558 -0.0168873 -0.0218227 -0.0167947 -0.0236732 -0.0147363
internal_weight=8397.79 6801.46 6433.3 1733.45 4699.85 877.067
internal_count=189000 182500 181000 45601 135399 22453
is_linear=0
shrinkage=0.03


Tree=17
num_leaves=7
num_cat=0
split_feature=24 43 23 22 22 21
split_gain=9984.87 3034.93 65.976 7.87536 7.13736 5.47538
threshold=1.0000000180025095e-35 1.0000000180025095e-35 0.82859656989950015 0.92804330144550018 0.84557725025800001 0.58016819464450009
decision_type=2 2 2 2 2 2
left_child=1 2 4 5 -1 -4
right_child=-2 -3 3 -5 -6 -7
leaf_value=-0.024344158965735045 0.066532256519390973 0.066557048348456313 -0.015087005474705832 -0.014492733516356455 -0.021728908094935377 -0.020390992935673646
leaf_weight=3072.4801814183593 1609.1563329100609 371.17917090654373 280.33265597373247 865.28035818040371 1525.1787498928607 561.24479988962412
leaf_count=91638 6500 1500 7623 22453 43761 15525
internal_value=-0.000524867 -0.0166963 -0.0216077 -0.0165494 -0.0234815 -0.0186442
internal_weight=8284.85 6675.7 6304.52 1706.86 4597.66 841.577
internal_count=189000 182500 181000 45601 135399 23148
is_linear=0
shrinkage=0.03


Tree=18
num_leaves=7
num_cat=0
split_feature=24 43 23 22 22 21
split_gain=9391.18 2872.17 65.8409 7.77424 7.192 5.42636
threshold=1.0000000180025095e-35 1.0000000180025095e-35 0.82859656989950015 0.92804330144550018 0.84557725025800001 0.58016819464450009
decision_type=2 2 2 2 2 2
left_child=1 2 4 5 -1 -4
right_child=-2 -3 3 -5 -6 -7
leaf_value=-0.024163802264039205 0.064179792964689841 0.064198898762715659 -0.014843909109270387 -0.014249898729796755 -0.021513364147308853 -0.02016237051798888
leaf_weight=3003.6027012616396 1617.9848983883858 373.27100336551666 276.45159818604589 853.81719278171659 1494.7187271118164 550.75148906558752
leaf_count=91638 6500 1500 7623 22453 43761 15525
internal_value=-0.000522641 -0.0165065 -0.0213912 -0.0163043 -0.0232881 -0.018405
internal_weight=8170.6 6552.61 6179.34 1681.02 4498.32 827.203
internal_count=189000 182500 181000 45601 135399 23148
is_linear=0
shrinkage=0.03


Tree=19
num_leaves=7
num_cat=0
split_feature=24 43 23 22 22 20
split_gain=8849.87 2722.07 65.6721 7.68012 7.24349 5.36116
threshold=1.0000000180025095e-35 1.0000000180025095e-35 0.82859656989950015 0.93801431248250011 0.84557725025800001 0.76219465644050011
decision_type=2 2 2 2 2 2
left_child=1 2 4 5 -1 -4
right_child=-2 -3 3 -5 -6 -7
leaf_value=-0.023981631277920031 0.06205402577119442 0.062067924740476052 -0.01456598582230211 -0.013421713617013917 -0.021296326020447336 -0.019295743433373484
leaf_weight=2936.6495697498322 1623.1549605727196 374.51693415641785 348.06128849461675 637.37090880051255 1465.1135716661811 670.48298044502735
leaf_count=91638 6500 1500 9742 16789 43761 19070
internal_value=-0.000519934 -0.0163176 -0.0211732 -0.0160595 -0.0230929 -0.0176953
internal_weight=8055.35 6432.2 6057.68 1655.92 4401.76 1018.54
internal_count=189000 182500 181000 45601 135399 28812
is_linear=0
shrinkage=0.03


Tree=20
num_leaves=7
num_cat=0
split_feature=24 43 23 22 22 2
split_gain=8354.18 2583.08 65.4694 7.62012 7.29167 5.54694
threshold=1.0000000180025095e-35 1.0000000180025095e-35 0.82859656989950015 0.92804330144550018 0.84557725025800001 1.0000000180025095e-35
decision_type=2 2 2 2 2 2
left_child=1 2 4 -4 -1 -5
right_child=-2 -3 3 5 -6 -7
leaf_value=-0.02379762000942982 0.060124330816327093 0.060133438623286711 -0.017931900036196716 -0.015005857826869621 -0.021077814323818944 -0.0088215008948720544
leaf_weight=2871.5706042945385 1624.988280236721 374.99110400676727 800.04294433072209 662.23061675578356 1436.3408466465771 169.24829189106822
leaf_count=91638 6500 1500 23148 17901 43761 4552
internal_value=-0.000516807 -0.0161296 -0.0209538 -0.015815 -0.0228959 -0.0137591
internal_weight=7939.41 6314.42 5939.43 1631.52 4307.91 831.479
internal_count=189000 182500 181000 45601 135399 22453
is_linear=0
shrinkage=0.03


Tree=21
num_leaves=7
num_cat=0
split_feature=24 43 23 22 22 21
split_gain=7898.5 2453.92 65.2335 7.50573 7.33637 5.48657
threshold=1.0000000180025095e-35 1.0000000180025095e-35 0.82859656989950015 0.92804330144550018 0.84557725025800001 0.58016819464450009
decision_type=2 2 2 2 2 2
left_child=1 2 4 5 -1 -4
right_child=-2 -3 3 -5 -6 -7
leaf_value=-0.023611758255127985 0.0583653951481704 0.058370067879036799 -0.014045006454408548 -0.013520222775625205 -0.020857865796913649 -0.019505419968537135
leaf_weight=2808.3166464418173 1623.7824037671089 374.76206570863724 264.36645559594035 820.99209586903453 1408.3784035723656 522.46085711568594
leaf_count=91638 6500 1500 7623 22453 43761 15525
internal_value=-0.000513304 -0.0159424 -0.020733 -0.015571 -0.0226971 -0.0176909
internal_weight=7823.06 6199.28 5824.51 1607.82 4216.7 786.827
internal_count=189000 182500 181000 45601 135399 23148
is_linear=0
shrinkage=0.03


Tree=22
num_leaves=7
num_cat=0
split_feature=24 43 23 22 22 20
split_gain=7478.14 2333.5 64.9618 7.43169 7.37749 5.39996
threshold=1.0000000180025095e-35 1.0000000180025095e-35 0.82859656989950015 0.93801431248250011 0.84557725025800001 0.76219465644050011
decision_type=2 2 2 2 2 2
left_child=1 2 4 5 -1 -4
right_child=-2 -3 3 -5 -6 -7
leaf_value=-0.023424029963989849 0.056756096592722134 0.056756632277141845 -0.013782752849133576 -0.012691722230371532 -0.020636507786444307 -0.018626212224559437
leaf_weight=2746.8395618721843 1619.8120191693306 373.89327585697174 333.3338285330683 613.87005998566747 1381.2047761455178 637.5920864418149
leaf_count=91638 6500 1500 9742 16789 43761 19070
internal_value=-0.000509509 -0.015756 -0.0205108 -0.0153275 -0.0224966 -0.0169793
internal_weight=7706.55 6086.73 5712.84 1584.8 4128.04 970.926
internal_count=189000 182500 181000 45601 135399 28812
is_linear=0
shrinkage=0.03


Tree=23
num_leaves=7
num_cat=0
split_feature=24 43 23 22 22 46
split_gain=7089.13 2220.92 64.6801 9.54832 5.56644 5.02433
threshold=1.0000000180025095e-35 1.0000000180025095e-35 0.83660175828700012 0.84557725025800001 0.93801431248250011 1.0000000180025095e-35
decision_type=2 2 2 2 2 2
left_child=1 2 3 -1 -4 -5
right_child=-2 -3 4 5 -6 -7
leaf_value=-0.023234424436733223 0.055278655761694308 0.055275313538112138 -0.016332712558628379 -0.019618152041645204 -0.012411901771676169 -0.025906347197438027
leaf_weight=2687.0924110896885 1613.3317649364471 372.44340777397156 772.16608427837491 1404.0850198306143 605.17919982224703 135.79667861387134
leaf_count=91638 6500 1500 23059 45028 16743 4532
internal_value=-0.000505434 -0.0155702 -0.0202874 -0.0221301 -0.0146202 -0.0201891
internal_weight=7590.09 5976.76 5604.32 4226.97 1377.35 1539.88
internal_count=189000 182500 181000 141198 39802 49560
is_linear=0
shrinkage=0.03


Tree=24
num_leaves=7
num_cat=0
split_feature=24 43 23 22 22 2
split_gain=6728.1 2115.4 64.3785 7.43466 7.22975 5.63844
threshold=1.0000000180025095e-35 1.0000000180025095e-35 0.82859656989950015 0.84557725025800001 0.92804330144550018 1.0000000180025095e-35
decision_type=2 2 2 2 2 2
left_child=1 2 3 -1 -4 -6
right_child=-2 -3 4 -5 5 -7
leaf_value=-0.02304293574170933 0.053918024265945663 0.053911037930818806 -0.016974179706683738 -0.020192374259913336 -0.014086150569191977 -0.0077209721335540797
leaf_weight=2629.0292787328362 1604.5769080519676 370.46673148870468 749.76777435839176 1329.4341919235885 628.97386626899242 161.67127977870405
leaf_count=91638 6500 1500 23148 43761 17901 4552
internal_value=-0.000501154 -0.0153851 -0.0200626 -0.0220909 -0.0148393 -0.012796
internal_weight=7473.92 5869.34 5498.88 3958.46 1540.41 790.645
internal_count=189000 182500 181000 135399 45601 22453
is_linear=0
shrinkage=0.03


Tree=25
num_leaves=7
num_cat=0
split_feature=24 43 23 22 22 21
split_gain=6392.16 2016.27 64.0037 7.4642 7.10282 5.62377
threshold=1.0000000180025095e-35 1.0000000180025095e-35 0.82859656989950015 0.84557725025800001 0.92804330144550018 0.58016819464450009
decision_type=2 2 2 2 2 2
left_child=1 2 3 -1 5 -4
right_child=-2 -3 4 -5 -6 -7
leaf_value=-0.022849559879165236 0.052661356642283476 0.052650915622823945 -0.012952464691525133 -0.019967047230377958 -0.012563142544276219 -0.018630725977593385
leaf_weight=2572.6052735745907 1593.7653779983521 368.01360547542572 249.34384177811444 1304.4944338425994 781.32870492525399 488.63761433213949
leaf_count=91638 6500 1500 7623 43761 22453 15525
internal_value=-0.000496602 -0.0152005 -0.0198366 -0.0218851 -0.0145979 -0.0167323
internal_weight=7358.19 5764.42 5396.41 3877.1 1519.31 737.981
internal_count=189000 182500 181000 135399 45601 23148
is_linear=0
shrinkage=0.03


Tree=26
num_leaves=7
num_cat=0
split_feature=24 43 23 22 22 20
split_gain=6078.82 1922.97 63.5932 7.48966 6.99891 5.51017
threshold=1.0000000180025095e-35 1.0000000180025095e-35 0.82859656989950015 0.84557725025800001 0.93801431248250011 0.76219465644050011
decision_type=2 2 2 2 2 2
left_child=1 2 3 -1 5 -4
right_child=-2 -3 4 -5 -6 -7
leaf_value=-0.022654299614986405 0.051497632483559479 0.051483905250845598 -0.012711349779383029 -0.019740482159460379 -0.011749684443038854 -0.01773255174794806
leaf_weight=2517.7763578332961 1581.0989290475845 365.13056606054306 314.97118972800672 1280.262489343062 585.82621195539832 598.0181011557579
leaf_count=91638 6500 1500 9742 43761 16789 19070
internal_value=-0.000491882 -0.0150164 -0.0196093 -0.0216775 -0.0143575 -0.0160161
internal_weight=7243.08 5661.98 5296.85 3798.04 1498.82 912.989
internal_count=189000 182500 181000 135399 45601 28812
is_linear=0
shrinkage=0.03


Tree=27
num_leaves=7
num_cat=0
split_feature=24 43 23 22 22 2
split_gain=5785.94 1834.98 63.1488 7.51087 6.9052 5.62184
threshold=1.0000000180025095e-35 1.0000000180025095e-35 0.82859656989950015 0.84557725025800001 0.92804330144550018 1.0000000180025095e-35
decision_type=2 2 2 2 2 2
left_child=1 2 3 -1 -4 -6
right_child=-2 -3 4 -5 5 -7
leaf_value=-0.022457159071867221 0.050417335820624604 0.050400465819661421 -0.016257162003167014 -0.019512736859539023 -0.013406560211927295 -0.006959692242728137
leaf_weight=2464.4998592399061 1566.7642056941986 361.8607297539711 715.78662382252514 1256.7191154994071 606.32712940126657 156.79324249364436
leaf_count=91638 6500 1500 23148 43761 17901 4552
internal_value=-0.000486987 -0.0148328 -0.019381 -0.0214683 -0.014118 -0.0120928
internal_weight=7128.75 5561.99 5200.13 3721.22 1478.91 763.12
internal_count=189000 182500 181000 135399 45601 22453
is_linear=0
shrinkage=0.03


Tree=28
num_leaves=7
num_cat=0
split_feature=24 43 23 22 22 23
split_gain=5511.61 1751.87 62.6816 9.63493 5.16729 10.823
threshold=1.0000000180025095e-35 1.0000000180025095e-35 0.83660175828700012 0.8510595504645001 0.94328470894450012 0.86897202336900015
decision_type=2 2 2 2 2 2
left_child=1 2 3 -1 -4 -6
right_child=-2 -3 4 -5 5 -7
leaf_value=-0.022150944896473273 0.049412204995741532 0.049392315453310277 -0.014883693125014853 -0.018851396227661035 -2.1417058983356426e-05 -0.01275550880879559
leaf_weight=2578.6550100073218 1550.9340986609459 358.24403911828995 812.05865398794413 1238.7131473943591 70.46655186638236 406.25311847031116
leaf_count=97522 6500 1500 25835 43676 2065 11902
internal_value=-0.00048192 -0.0146496 -0.0191515 -0.0210855 -0.0134113 -0.0108772
internal_weight=7015.32 5464.39 5106.15 3817.37 1288.78 476.72
internal_count=189000 182500 181000 141198 39802 13967
is_linear=0
shrinkage=0.03


Tree=29
num_leaves=7
num_cat=0
split_feature=24 43 23 22 22 21
split_gain=5254.21 1673.26 62.2166 7.54641 6.67742 5.72305
threshold=1.0000000180025095e-35 1.0000000180025095e-35 0.82859656989950015 0.84557725025800001 0.92804330144550018 0.58016819464450009
decision_type=2 2 2 2 2 2
left_child=1 2 3 -1 5 -4
right_child=-2 -3 4 -5 -6 -7
leaf_value=-0.022058254019359232 0.048475035233139646 0.048452232412643022 -0.011878231816285887 -0.019053789840474639 -0.01162973844816848 -0.017754114114057556
leaf_weight=2362.677851177752 1533.7685197591782 354.31741923093796 236.05411564558744 1211.6121761631221 745.95277437753975 458.54328239150345
leaf_count=91638 6500 1500 7623 43761 22453 15525
internal_value=-0.000476688 -0.0144668 -0.018921 -0.0210454 -0.0136391 -0.0157772
internal_weight=6902.93 5369.16 5014.84 3574.29 1440.55 694.597
internal_count=189000 182500 181000 135399 45601 23148
is_linear=0
shrinkage=0.03


Tree=30
num_leaves=7
num_cat=0
split_feature=24 43 23 22 22 20
split_gain=5012.28 1598.82 61.6714 7.55443 6.55512 5.58194
threshold=1.0000000180025095e-35 1.0000000180025095e-35 0.82859656989950015 0.84557725025800001 0.93801431248250011 0.76219465644050011
decision_type=2 2 2 2 2 2
left_child=1 2 3 -1 5 -4
right_child=-2 -3 4 -5 -6 -7
leaf_value=-0.021855549581053752 0.047599516804711799 0.047573891642533034 -0.011661589713855502 -0.018822837774176471 -0.010833651352337227 -0.016841236835771593
leaf_weight=2313.8049600608647 1515.415370464325 350.1150906085968 298.73209049552679 1190.0249807052314 560.76650995574892 562.81776065193117
leaf_count=91638 6500 1500 9742 43761 16789 19070
internal_value=-0.000471387 -0.0142844 -0.0186896 -0.0208312 -0.013403 -0.0150609
internal_weight=6791.68 5276.26 4926.15 3503.83 1422.32 861.55
internal_count=189000 182500 181000 135399 45601 28812
is_linear=0
shrinkage=0.03


Tree=31
num_leaves=7
num_cat=0
split_feature=24 43 23 22 22 2
split_gain=4784.54 1528.23 61.0943 7.5579 6.46113 5.66288
threshold=1.0000000180025095e-35 1.0000000180025095e-35 0.82859656989950015 0.84557725025800001 0.92804330144550018 1.0000000180025095e-35
decision_type=2 2 2 2 2 2
left_child=1 2 3 -1 -4 -6
right_child=-2 -3 4 -5 5 -7
leaf_value=-0.02165102138020791 0.046780093681809756 0.046751728445343331 -0.015304396366675278 -0.018590945054100694 -0.012525059993297359 -0.0059348891578563621
leaf_weight=2266.3233556039631 1496.0116073489189 345.66863626241684 674.83257850632071 1169.0544309522957 579.12447321787477 150.64916970767081
leaf_count=91638 6500 1500 23148 43761 17901 4552
internal_value=-0.000465968 -0.0141024 -0.0184573 -0.0206154 -0.0131682 -0.0111746
internal_weight=6681.66 5185.65 4839.98 3435.38 1404.61 729.774
internal_count=189000 182500 181000 135399 45601 22453
is_linear=0
shrinkage=0.03


Tree=32
num_leaves=7
num_cat=0
split_feature=24 43 23 22 46 12
split_gain=4569.84 1461.22 60.4868 7.55675 6.39039 5.59149
threshold=1.0000000180025095e-35 1.0000000180025095e-35 0.82859656989950015 0.84557725025800001 1.0000000180025095e-35 0.0017182130584192659
decision_type=2 2 2 2 2 2
left_child=1 2 3 -1 5 -4
right_child=-2 -3 4 -5 -6 -7
leaf_value=-0.021444694150984104 0.046011857701753478 0.045980815873553321 -0.0086762225884887672 -0.018358180408105825 -0.01959603315770219 -0.0134114173174771
leaf_weight=2220.1951448321342 1475.6837263703346 341.00731462240219 302.98017743974924 1148.6836846675724 120.38874864950776 964.034418432042
leaf_count=91638 6500 1500 9902 43761 3981 31718
internal_value=-0.000460426 -0.0139207 -0.0182242 -0.020398 -0.0129347 -0.0122868
internal_weight=6572.97 5097.29 4756.28 3368.88 1387.4 1267.01
internal_count=189000 182500 181000 135399 45601 41620
is_linear=0
shrinkage=0.03


Tree=33
num_leaves=7
num_cat=0
split_feature=24 43 23 22 46 12
split_gain=4367.18 1397.56 59.9442 9.59121 5.02187 5.30439
threshold=1.0000000180025095e-35 1.0000000180025095e-35 0.83660175828700012 0.8510595504645001 1.0000000180025095e-35 0.0017182130584192659
decision_type=2 2 2 2 2 2
left_child=1 2 3 -1 5 -4
right_child=-2 -3 4 -5 -6 -7
leaf_value=-0.021124935626004381 0.045290456847276721 0.045256790798378077 -0.0078823361260739171 -0.017686576233962834 -0.018548654334992778 -0.01279200836926408
leaf_weight=2326.7817078921944 1454.5484408736229 336.15817129611969 267.82172282226384 1136.2243476435542 105.35353713110089 838.81348734535277
leaf_count=97522 6500 1500 8718 43676 3488 27596
internal_value=-0.00045483 -0.0137393 -0.0179903 -0.0200022 -0.0122298 -0.011612
internal_weight=6465.7 5011.15 4674.99 3463.01 1211.99 1106.64
internal_count=189000 182500 181000 141198 39802 36314
is_linear=0
shrinkage=0.03


Tree=34
num_leaves=7
num_cat=0
split_feature=24 43 23 22 46 22
split_gain=4175.64 1337.02 59.3375 8.49896 6.30656 7.05134
threshold=1.0000000180025095e-35 1.0000000180025095e-35 0.82079267467200012 0.92349001355400018 1.0000000180025095e-35 0.84557725025800001
decision_type=2 2 2 2 2 2
left_child=1 2 4 -4 5 -1
right_child=-2 -3 3 -5 -6 -7
leaf_value=-0.020718777320294375 0.044612013851047287 0.044575769864290175 -0.015229475877570724 -0.010664338946297546 -0.024588789858200743 -0.017381953249901601
leaf_weight=1940.410864725709 1432.7138438820839 331.14615082740784 714.31802488490939 786.95594063960016 276.96992803364992 877.37785581871867
leaf_count=83400 6500 1500 26042 25350 11746 34462
internal_value=-0.000449142 -0.0135583 -0.0177557 -0.0128452 -0.0201329 -0.0196863
internal_weight=6359.89 4927.18 4596.03 1501.27 3094.76 2817.79
internal_count=189000 182500 181000 51392 129608 117862
is_linear=0
shrinkage=0.03


Tree=35
num_leaves=7
num_cat=0
split_feature=24 43 23 22 46 23
split_gain=3994.42 1279.41 58.689 9.15156 6.41753 6.41705
threshold=1.0000000180025095e-35 1.0000000180025095e-35 0.81712966418450017 0.92349001355400018 1.0000000180025095e-35 0.75139675066800005
decision_type=2 2 2 2 2 2
left_child=1 2 4 -4 5 -1
right_child=-2 -3 3 -5 -6 -7
leaf_value=-0.021432851284007258 0.043973068956452956 0.043934286459652624 -0.015105263650296685 -0.010461103566992579 -0.024603046456081624 -0.018334199425840154
leaf_weight=1045.9687647242099 1410.2795049548149 325.99427551031113 776.25288267061114 779.56312797032297 263.76007503643632 1653.7962854672223
leaf_count=45852 6500 1500 28934 25367 11460 69387
internal_value=-0.000443436 -0.0133777 -0.0175206 -0.0127865 -0.0200008 -0.0195422
internal_weight=6255.61 4845.34 4519.34 1555.82 2963.53 2699.77
internal_count=189000 182500 181000 54301 126699 115239
is_linear=0
shrinkage=0.03


Tree=36
num_leaves=7
num_cat=0
split_feature=24 43 23 22 46 23
split_gain=3822.76 1224.55 58.0113 8.94023 6.43742 6.4063
threshold=1.0000000180025095e-35 1.0000000180025095e-35 0.81712966418450017 0.92349001355400018 1.0000000180025095e-35 0.75139675066800005
decision_type=2 2 2 2 2 2
left_child=1 2 4 -4 5 -1
right_child=-2 -3 3 -5 -6 -7
leaf_value=-0.021226090103103036 0.043370520546414708 0.043329227328568379 -0.01486634350828683 -0.010249012338971485 -0.024440782508975183 -0.018102122817891867
leaf_weight=1024.804100856185 1387.3371481895447 320.72380185127258 765.250493157655 771.96168042719364 257.64517525583506 1625.1971991769969
leaf_count=45852 6500 1500 28934 25367 11460 69387
internal_value=-0.000437674 -0.0131974 -0.0172849 -0.0125558 -0.01978 -0.0193178
internal_weight=6152.92 4765.58 4444.86 1537.21 2907.65 2650
internal_count=189000 182500 181000 54301 126699 115239
is_linear=0
shrinkage=0.03


Tree=37
num_leaves=7
num_cat=0
split_feature=24 43 23 22 46 22
split_gain=3660.01 1172.28 57.3055 8.72824 6.45398 6.41183
threshold=1.0000000180025095e-35 1.0000000180025095e-35 0.81712966418450017 0.92349001355400018 1.0000000180025095e-35 0.84557725025800001
decision_type=2 2 2 2 2 2
left_child=1 2 4 -4 5 -1
right_child=-2 -3 3 -5 -6 -7
leaf_value=-0.020080576411163245 0.042801583355322269 0.042757794131517493 -0.014628032793476652 -0.010039266525409058 -0.024276469260345625 -0.016718530451760041
leaf_weight=1831.4939709100872 1363.9715239405632 315.35433232784271 754.56547940708697 764.58129774034023 251.70418860763311 770.17200430110097
leaf_count=83400 6500 1500 28934 25367 11460 31839
internal_value=-0.00043185 -0.0130174 -0.0170489 -0.0123266 -0.0195578 -0.0190921
internal_weight=6051.84 4687.87 4372.52 1519.15 2853.37 2601.67
internal_count=189000 182500 181000 54301 126699 115239
is_linear=0
shrinkage=0.03


Tree=38
num_leaves=7
num_cat=0
split_feature=24 43 23 22 46 22
split_gain=3505.55 1122.44 56.5784 7.70314 6.37194 7.08335
threshold=1.0000000180025095e-35 1.0000000180025095e-35 0.82079267467200012 0.92349001355400018 1.0000000180025095e-35 0.84557725025800001
decision_type=2 2 2 2 2 2
left_child=1 2 4 -4 5 -1
right_child=-2 -3 3 -5 -6 -7
leaf_value=-0.019861472339743794 0.042263744465474679 0.042217481515305862 -0.014270140255423024 -0.0098205571734120058 -0.023924888388248883 -0.016407996068279973
leaf_weight=1796.6878577880561 1340.2606025338173 309.90388244390488 675.05215715430677 757.00431074202061 252.45039498992264 821.05648019164801
leaf_count=83400 6500 1500 26042 25350 11746 34462
internal_value=-0.000425959 -0.0128378 -0.0168124 -0.0119265 -0.0192452 -0.018785
internal_weight=5952.42 4612.16 4302.25 1432.06 2870.19 2617.74
internal_count=189000 182500 181000 51392 129608 117862
is_linear=0
shrinkage=0.03


Tree=39
num_leaves=7
num_cat=0
split_feature=24 43 23 22 46 23
split_gain=3358.85 1074.89 55.8388 8.29363 6.48045 6.50183
threshold=1.0000000180025095e-35 1.0000000180025095e-35 0.81712966418450017 0.92349001355400018 1.0000000180025095e-35 0.75139675066800005
decision_type=2 2 2 2 2 2
left_child=1 2 4 -4 5 -1
right_child=-2 -3 3 -5 -6 -7
leaf_value=-0.020614657030849696 0.04175474446409666 0.041706007944254629 -0.01415124833383944 -0.0096271650000555997 -0.023942919153852459 -0.017386297262418384
leaf_weight=966.62049384973943 1316.2757679820061 304.38901484012604 734.01189895160496 750.46393849886954 240.36770403757691 1542.5442719552666
leaf_count=45852 6500 1500 28934 25367 11460 69387
internal_value=-0.000420014 -0.0126585 -0.0165758 -0.0118722 -0.01911 -0.0186377
internal_weight=5854.67 4538.4 4234.01 1484.48 2749.53 2509.16
internal_count=189000 182500 181000 54301 126699 115239
is_linear=0
shrinkage=0.03


Tree=40
num_leaves=7
num_cat=0
split_feature=24 43 23 22 46 23
split_gain=3219.4 1029.52 55.055 8.0817 6.48651 6.47438
threshold=1.0000000180025095e-35 1.0000000180025095e-35 0.81712966418450017 0.92349001355400018 1.0000000180025095e-35 0.75139675066800005
decision_type=2 2 2 2 2 2
left_child=1 2 4 -4 5 -1
right_child=-2 -3 3 -5 -6 -7
leaf_value=-0.02040117394195232 0.041272512637464155 0.041221308869013727 -0.013915317436527458 -0.0094247451632117913 -0.023772363354344576 -0.01715152843174023
leaf_weight=947.73096971213818 1292.0831739902496 298.82504045963287 724.22968067601323 743.70967594906688 234.91925146058202 1517.1495414115489
leaf_count=45852 6500 1500 28934 25367 11460 69387
internal_value=-0.000414035 -0.0124796 -0.0163389 -0.0116482 -0.0188841 -0.0184088
internal_weight=5758.65 4466.56 4167.74 1467.94 2699.8 2464.88
internal_count=189000 182500 181000 54301 126699 115239
is_linear=0
shrinkage=0.03


Tree=41
num_leaves=7
num_cat=0
split_feature=24 43 23 22 46 2
split_gain=3086.74 986.198 54.2701 9.37369 5.38306 5.60866
threshold=1.0000000180025095e-35 1.0000000180025095e-35 0.83660175828700012 0.8510595504645001 1.0000000180025095e-35 1.0000000180025095e-35
decision_type=2 2 2 2 2 2
left_child=1 2 3 -1 5 -4
right_child=-2 -3 4 -5 -6 -7
leaf_value=-0.019409514065166531 0.040815195929005968 0.040761523418192107 -0.01096110802931558 -0.015781783027937684 -0.017242530965188397 -0.0055733361034960346
leaf_weight=1994.4311535954475 1267.7430659532547 293.22588443756104 786.35008820146322 999.11705014482141 95.869857344776392 227.61386880278587
leaf_count=97522 6500 1500 28246 43676 3488 8068
internal_value=-0.000408014 -0.0123011 -0.016102 -0.0182044 -0.0104198 -0.00975835
internal_weight=5664.35 4396.61 4103.38 2993.55 1109.83 1013.96
internal_count=189000 182500 181000 141198 39802 36314
is_linear=0
shrinkage=0.03


Tree=42
num_leaves=7
num_cat=0
split_feature=24 43 23 22 46 23
split_gain=2960.45 944.819 53.5073 7.81347 6.62451 6.50244
threshold=1.0000000180025095e-35 1.0000000180025095e-35 0.81712966418450017 0.92349001355400018 1.0000000180025095e-35 0.75139675066800005
decision_type=2 2 2 2 2 2
left_child=1 2 4 -4 5 -1
right_child=-2 -3 3 -5 -6 -7
leaf_value=-0.019977824232138765 0.04038108612676717 0.040324930973942755 -0.013461636693416362 -0.0089989468940896572 -0.02346280672363809 -0.016666322878744783
leaf_weight=912.24542843736708 1243.31084638834 287.60442137718201 706.08962632901967 729.87010867334902 225.58060939982533 1467.0881624668837
leaf_count=45852 6500 1500 28934 25367 11460 69387
internal_value=-0.000401877 -0.012123 -0.015865 -0.0112012 -0.0184306 -0.0179438
internal_weight=5571.79 4328.48 4040.87 1435.96 2604.91 2379.33
internal_count=189000 182500 181000 54301 126699 115239
is_linear=0
shrinkage=0.03


Tree=43
num_leaves=7
num_cat=0
split_feature=24 43 23 22 46 23
split_gain=2840.15 905.288 52.6551 7.59942 6.61915 6.46224
threshold=1.0000000180025095e-35 1.0000000180025095e-35 0.81712966418450017 0.92349001355400018 1.0000000180025095e-35 0.75139675066800005
decision_type=2 2 2 2 2 2
left_child=1 2 4 -4 5 -1
right_child=-2 -3 3 -5 -6 -7
leaf_value=-0.019759706050860207 0.039968642738906511 0.039909992695493571 -0.01322880370004979 -0.008804611108164143 -0.023286360874904367 -0.016430443199069101
leaf_weight=894.92039023153484 1218.837171792984 281.97236359119415 697.11645608022809 723.71696232818067 220.55499462038279 1443.8740013092756
leaf_count=45852 6500 1500 28934 25367 11460 69387
internal_value=-0.000395785 -0.0119454 -0.0156281 -0.0109831 -0.0182015 -0.0177123
internal_weight=5480.99 4262.16 3980.18 1420.83 2559.35 2338.79
internal_count=189000 182500 181000 54301 126699 115239
is_linear=0
shrinkage=0.03


Tree=44
num_leaves=7
num_cat=0
split_feature=24 43 23 22 21 11
split_gain=2725.5 867.507 51.7833 7.44221 6.76933 18.7683
threshold=1.0000000180025095e-35 1.0000000180025095e-35 0.81712966418450017 0.93801431248250011 0.5147433783430001 0.011168384879725076
decision_type=2 2 2 2 2 2
left_child=1 2 -1 4 5 -4
right_child=-2 -3 3 -5 -6 -7
leaf_value=-0.017971565475141272 0.03957643615424801 0.039515280575467229 0.042206483812301097 -0.0077509568201435813 -0.013062770969807161 -0.008579116857285185
leaf_weight=2515.0999268554151 1194.3684369325638 276.34046226739883 6.4075465016067019 489.57499729283154 854.42934134043753 55.735494952648878
leaf_count=126699 6500 1500 255 16797 35037 2212
internal_value=-0.000389664 -0.0117682 -0.0153914 -0.010767 -0.0123678 -0.00275714
internal_weight=5391.96 4197.59 3921.25 1406.15 916.572 62.143
internal_count=189000 182500 181000 54301 37504 2467
is_linear=0
shrinkage=0.03


Tree=45
num_leaves=7
num_cat=0
split_feature=24 43 23 22 46 46
split_gain=2616.1 831.38 50.8947 9.28747 6.7454 5.43313
threshold=1.0000000180025095e-35 1.0000000180025095e-35 0.83660175828700012 0.84557725025800001 1.0000000180025095e-35 1.0000000180025095e-35
decision_type=2 2 2 2 2 2
left_child=1 2 3 -1 -5 -4
right_child=-2 -3 5 4 -6 -7
leaf_value=-0.018654635027712411 0.039203177131918364 0.039139492723399352 -0.0088924887504581631 -0.014276768478835449 -0.022993728176616459 -0.016568015874041872
leaf_weight=1733.3721027746797 1169.9468716979027 270.71850746870041 975.57063260488212 973.88511830382049 89.563920537009835 91.56577479839325
leaf_count=91638 6500 1500 36314 45028 4532 3488
internal_value=-0.000383122 -0.0115912 -0.0151547 -0.017283 -0.0150318 -0.00956598
internal_weight=5304.62 4134.68 3863.96 2796.82 1063.45 1067.14
internal_count=189000 182500 181000 141198 49560 39802
is_linear=0
shrinkage=0.03


Tree=46
num_leaves=7
num_cat=0
split_feature=24 43 23 22 23 0
split_gain=2511.76 796.845 50.09 7.2142 11.5912 11.4289
threshold=1.0000000180025095e-35 1.0000000180025095e-35 0.81712966418450017 0.94328470894450012 0.86897202336900015 0.22500000000000003
decision_type=2 2 2 2 2 2
left_child=1 2 -1 -4 5 -5
right_child=-2 -3 3 4 -6 -7
leaf_value=-0.017511096128730533 0.038847674147061674 0.038781434513108698 -0.011731965731187802 0.02037287375977536 -0.0090674618260621204 -0.0057003212192781429
leaf_weight=2430.7366710100323 1145.6109285354614 265.11541754007339 976.00582527182996 24.750889509916306 340.99029017053545 35.909616034477949
leaf_count=126699 6500 1500 40302 855 11902 1242
internal_value=-0.00037697 -0.0114151 -0.0149187 -0.0103354 -0.00692104 0.00509602
internal_weight=5219.12 4073.51 3808.39 1377.66 401.651 60.6605
internal_count=189000 182500 181000 54301 13999 2097
is_linear=0
shrinkage=0.03


Tree=47
num_leaves=7
num_cat=0
split_feature=24 43 23 22 46 23
split_gain=2412.12 763.808 49.1622 7.07427 6.94375 6.69329
threshold=1.0000000180025095e-35 1.0000000180025095e-35 0.81712966418450017 0.92349001355400018 1.0000000180025095e-35 0.75139675066800005
decision_type=2 2 2 2 2 2
left_child=1 2 4 -4 5 -1
right_child=-2 -3 3 -5 -6 -7
leaf_value=-0.018918281841564001 0.038508832507436155 0.038440002452906519 -0.012349440292171407 -0.0079960015279188258 -0.022668579309461756 -0.015423384521317276
leaf_weight=833.53654179349542 1121.3955730199814 259.53932851552963 665.09406578540802 699.13123856671154 204.47367376089096 1352.1608309522271
leaf_count=45852 6500 1500 28934 25367 11460 69387
internal_value=-0.000370494 -0.0112393 -0.0146829 -0.0101259 -0.0172786 -0.0167642
internal_weight=5135.33 4013.94 3754.4 1364.23 2390.17 2185.7
internal_count=189000 182500 181000 54301 126699 115239
is_linear=0
shrinkage=0.03


Tree=48
num_leaves=7
num_cat=0
split_feature=24 43 23 46 22 23
split_gain=2316.97 732.213 48.2242 6.91713 6.86634 11.1096
threshold=1.0000000180025095e-35 1.0000000180025095e-35 0.81712966418450017 1.0000000180025095e-35 0.94328470894450012 0.86897202336900015
decision_type=2 2 2 2 2 2
left_child=1 2 3 -1 -4 -6
right_child=-2 -3 4 -5 5 -7
leaf_value=-0.016529931847065981 0.038185640282838919 0.038114192785959594 -0.011299473634059774 -0.02248280375964852 0.0051982007955909213 -0.0086993568558289668
leaf_weight=2150.7628984916955 1097.3324775695801 253.9975717663765 955.143275026232 200.05370201542974 60.490395799279213 335.55637942068279
leaf_count=115239 6500 1500 40302 11460 2097 11902
internal_value=-0.000364299 -0.0110644 -0.0144479 -0.0170459 -0.0099188 -0.00656896
internal_weight=5053.34 3956 3702.01 2350.82 1351.19 396.047
internal_count=189000 182500 181000 126699 54301 13999
is_linear=0
shrinkage=0.03


Tree=49
num_leaves=7
num_cat=0
split_feature=24 43 23 22 46 18
split_gain=2226.04 701.98 47.349 9.21002 6.86053 5.73962
threshold=1.0000000180025095e-35 1.0000000180025095e-35 0.83660175828700012 0.84557725025800001 1.0000000180025095e-35 0.75072884918450011
decision_type=2 2 2 2 2 2
left_child=1 2 3 -1 5 -5
right_child=-2 -3 -4 4 -6 -7
leaf_value=-0.017770442408584934 0.037877166093148354 0.037803067847635263 -0.008746206883374007 0.0021339697968300736 -0.022369846675165013 -0.013642059129241433
leaf_weight=1618.8492113500834 1073.4504088759422 248.49678575992584 1028.9986904487014 20.987512679770589 83.169335547834635 899.1193782389164
leaf_count=91638 6500 1500 39802 1027 4532 44001
internal_value=-0.000357967 -0.01089 -0.0142135 -0.0163549 -0.0140553 -0.0132803
internal_weight=4973.07 3899.62 3651.12 2622.13 1003.28 920.107
internal_count=189000 182500 181000 141198 49560 45028
is_linear=0
shrinkage=0.03


Tree=50
num_leaves=7
num_cat=0
split_feature=24 43 23 46 23 22
split_gain=2139.12 673.051 46.4107 6.94159 6.75426 6.66853
threshold=1.0000000180025095e-35 1.0000000180025095e-35 0.81712966418450017 1.0000000180025095e-35 0.75139675066800005 0.92349001355400018
decision_type=2 2 2 2 2 2
left_child=1 2 3 4 -1 -4
right_child=-2 -3 5 -5 -6 -7
leaf_value=-0.018276663989109519 0.037582553562170891 0.037505755557055882 -0.011704793067067643 -0.022132389844730385 -0.014685895136762305 -0.0074191606972854717
leaf_weight=791.85695533454418 1049.775131046772 243.04302781820297 643.35311092063785 192.18357926234603 1291.7805100213736 682.55067402124405
leaf_count=45852 6500 1500 28934 11460 69387 25367
internal_value=-0.000351666 -0.0107163 -0.0139798 -0.016581 -0.0160586 -0.00950588
internal_weight=4894.54 3844.77 3601.72 2275.82 2083.64 1325.9
internal_count=189000 182500 181000 126699 115239 54301
is_linear=0
shrinkage=0.03


Tree=51
num_leaves=7
num_cat=0
split_feature=24 43 23 11 18 14
split_gain=2055.99 645.366 45.4435 6.96966 10.2635 9.43826
threshold=1.0000000180025095e-35 1.0000000180025095e-35 0.82079267467200012 1.0000000180025095e-35 0.78992261685350018 0.11211340206185567
decision_type=2 2 2 2 2 2
left_child=1 2 -1 4 -4 -6
right_child=-2 -3 3 -5 5 -7
leaf_value=-0.016255642317867573 0.037301005954647783 0.037221472077241247 0.04049221912394331 -0.0097601224858307901 -0.0075825114467309822 0.020193468397355245
leaf_weight=2298.5654955562204 1026.3298898935318 237.64164000749588 4.0628639888018361 1166.4618946835399 72.717405134811997 11.964699331670998
leaf_count=129608 6500 1500 169 47782 2946 495
internal_value=-0.000345444 -0.0105434 -0.0137471 -0.00914398 -0.00102685 -0.00346818
internal_weight=4817.74 3791.41 3553.77 1255.21 88.745 84.6821
internal_count=189000 182500 181000 51392 3610 3441
is_linear=0
shrinkage=0.03


Tree=52
num_leaves=7
num_cat=0
split_feature=24 43 23 22 2 14
split_gain=1976.41 618.853 44.652 9.9753 6.50893 11.8613
threshold=1.0000000180025095e-35 1.0000000180025095e-35 0.84059689984500008 0.8510595504645001 1.0000000180025095e-35 1.0000000180025095e-35
decision_type=2 2 2 2 2 2
left_child=1 2 3 -1 -4 -6
right_child=-2 -3 4 -5 5 -7
leaf_value=-0.01696516538409781 0.037031787434006584 0.036949460671877481 -0.0092317374087024454 -0.013015715298689534 0.026383167151355146 -0.00490189171810695
leaf_weight=1651.504239179194 1003.13550978899 232.29751735925674 727.7365022432059 919.23580679483712 10.550638837739823 198.11517860367894
leaf_count=97522 6500 1500 28810 46552 407 7709
internal_value=-0.000338603 -0.0103707 -0.0135147 -0.0155585 -0.00789288 -0.00320176
internal_weight=4742.58 3739.44 3507.14 2570.74 936.402 208.666
internal_count=189000 182500 181000 144074 36926 8116
is_linear=0
shrinkage=0.03


Tree=53
num_leaves=7
num_cat=0
split_feature=24 43 23 46 23 22
split_gain=1900.28 593.48 43.615 7.15362 6.82696 6.47822
threshold=1.0000000180025095e-35 1.0000000180025095e-35 0.81712966418450017 1.0000000180025095e-35 0.75139675066800005 0.94328470894450012
decision_type=2 2 2 2 2 2
left_child=1 2 3 4 -1 -4
right_child=-2 -3 5 -5 -6 -7
leaf_value=-0.017625450481496767 0.036774207519994266 0.036689043520481836 -0.010283239315347003 -0.021654523580116661 -0.013935535373872753 -0.0055983704548746094
leaf_weight=753.43963113240898 980.21049052476883 227.0149290561676 909.32012389972806 182.33819978684187 1235.4549098145217 381.34726762771606
leaf_count=45852 6500 1500 40302 11460 69387 13999
internal_value=-0.000332063 -0.0101992 -0.0132836 -0.0158814 -0.0153415 -0.00890443
internal_weight=4669.13 3688.92 3461.9 2171.23 1988.89 1290.67
internal_count=189000 182500 181000 126699 115239 54301
is_linear=0
shrinkage=0.03


Tree=54
num_leaves=7
num_cat=0
split_feature=24 43 23 22 2 14
split_gain=1827.42 569.195 42.7067 9.70413 6.31794 11.0918
threshold=1.0000000180025095e-35 1.0000000180025095e-35 0.84059689984500008 0.8510595504645001 1.0000000180025095e-35 1.0000000180025095e-35
decision_type=2 2 2 2 2 2
left_child=1 2 3 -1 -4 -6
right_child=-2 -3 4 -5 5 -7
leaf_value=-0.0165053792465699 0.03652763168718056 0.03643957891588414 -0.0088567169683550148 -0.01255788426815241 0.025480303851195228 -0.0045588090970165368
leaf_weight=1599.2734010349959 957.57149159908295 221.79771959781647 715.73254850693047 896.68725128285587 10.732905033975838 195.5940656606108
leaf_count=97522 6500 1500 28810 46552 407 7709
internal_value=-0.000325841 -0.0100287 -0.0130538 -0.0150928 -0.00752408 -0.00288084
internal_weight=4597.39 3639.82 3418.02 2495.96 922.06 206.327
internal_count=189000 182500 181000 144074 36926 8116
is_linear=0
shrinkage=0.03


Tree=55
num_leaves=7
num_cat=0
split_feature=24 43 23 46 23 46
split_gain=1757.62 545.937 41.7002 7.22204 6.75742 6.50874
threshold=1.0000000180025095e-35 1.0000000180025095e-35 0.81712966418450017 1.0000000180025095e-35 0.75139675066800005 1.0000000180025095e-35
decision_type=2 2 2 2 2 2
left_child=1 2 3 4 -1 -4
right_child=-2 -3 5 -5 -6 -7
leaf_value=-0.01717656050706079 0.036291470172957384 0.036200466693931128 -0.0078495248116381283 -0.021314314443893569 -0.013451666878952535 -0.015566183509223806
leaf_weight=728.9754822999239 935.23284792900085 216.64928644895554 1161.0066246595234 175.88755562528968 1201.5791915357113 107.92731025069952
leaf_count=45852 6500 1500 49503 11460 69387 4798
internal_value=-0.000319308 -0.00985887 -0.012825 -0.0154146 -0.0148663 -0.00851759
internal_weight=4527.26 3592.03 3375.38 2106.44 1930.55 1268.93
internal_count=189000 182500 181000 126699 115239 54301
is_linear=0
shrinkage=0.03


Tree=56
num_leaves=7
num_cat=0
split_feature=24 43 23 22 21 2
split_gain=1690.78 523.674 40.9016 9.4083 6.24861 6.10933
threshold=1.0000000180025095e-35 1.0000000180025095e-35 0.84059689984500008 0.83278098112150012 0.5900016844910001 1.0000000180025095e-35
decision_type=2 2 2 2 2 2
left_child=1 2 3 -1 -5 -4
right_child=-2 -3 5 4 -6 -7
leaf_value=-0.016520364942608081 0.03606516526772105 0.035971153416645495 -0.0084789755043470742 -0.0098200211160761938 -0.014362256107962228 -0.0025689223581337609
leaf_weight=1210.4413268947974 913.20744156837463 211.57260239124298 704.02671157941222 437.0363492500037 778.43089977744967 204.10260879062116
leaf_count=76957 6500 1500 28810 24020 43097 8116
internal_value=-0.00031316 -0.00969029 -0.0125978 -0.0146315 -0.0127385 -0.00715497
internal_weight=4458.82 3545.61 3334.04 2425.91 1215.47 908.129
internal_count=189000 182500 181000 144074 67117 36926
is_linear=0
shrinkage=0.03


Tree=57
num_leaves=7
num_cat=0
split_feature=24 43 23 22 19 14
split_gain=1626.72 502.352 39.8411 8.52227 6.7216 7.04629
threshold=1.0000000180025095e-35 1.0000000180025095e-35 0.83660175828700012 0.83278098112150012 0.68193232214300015 0.12714776632302413
decision_type=2 2 2 2 2 2
left_child=1 2 3 -1 5 -5
right_child=-2 -3 -4 4 -6 -7
leaf_value=-0.016287349762987752 0.035848202266714216 0.035751125831582332 -0.0072354404757362005 -0.0066257335623742123 -0.013848815370533384 -0.024056074640519651
leaf_weight=1191.2328960765153 891.50641113519669 206.57023787498474 965.1999885905534 231.06111359875649 884.18073992524296 22.205600036308169
leaf_count=76957 6500 1500 39802 13304 49657 1280
internal_value=-0.000306876 -0.00952258 -0.0123718 -0.0144968 -0.0126089 -0.00824257
internal_weight=4391.96 3500.45 3293.88 2328.68 1137.45 253.267
internal_count=189000 182500 181000 141198 64241 14584
is_linear=0
shrinkage=0.03


Tree=58
num_leaves=7
num_cat=0
split_feature=24 43 23 46 23 46
split_gain=1565.33 481.934 38.9708 7.39399 6.58016 6.43967
threshold=1.0000000180025095e-35 1.0000000180025095e-35 0.81712966418450017 1.0000000180025095e-35 0.75139675066800005 1.0000000180025095e-35
decision_type=2 2 2 2 2 2
left_child=1 2 3 4 -1 -4
right_child=-2 -3 5 -5 -6 -7
leaf_value=-0.016493467217441767 0.035640106619286398 0.035539888042528903 -0.0072778532802278608 -0.020828992779837449 -0.012738540244161508 -0.01506554160527129
leaf_weight=694.54771800059825 870.13915181159973 201.64447277784348 1133.5696449950337 167.39734729751945 1154.8068817062303 104.59436700306833
leaf_count=45852 6500 1500 49503 11460 69387 4798
internal_value=-0.000300725 -0.009356 -0.0121474 -0.0147208 -0.0141569 -0.00794735
internal_weight=4326.7 3456.56 3254.92 2016.75 1849.35 1238.16
internal_count=189000 182500 181000 126699 115239 54301
is_linear=0
shrinkage=0.03


Tree=59
num_leaves=7
num_cat=0
split_feature=24 43 23 22 2 14
split_gain=1506.48 462.38 38.0746 9.01166 5.9358 10.5209
threshold=1.0000000180025095e-35 1.0000000180025095e-35 0.84059689984500008 0.8510595504645001 1.0000000180025095e-35 1.0000000180025095e-35
decision_type=2 2 2 2 2 2
left_child=1 2 3 -1 -4 -6
right_child=-2 -3 4 -5 5 -7
leaf_value=-0.015362419640032043 0.035440419387598947 0.035336993069831728 -0.0079546315636456356 -0.011437265685692042 0.025521371472420146 -0.0037631407558633184
leaf_weight=1482.2634352892637 849.11399334669113 196.79718464612961 688.37556854449213 845.75100457202643 10.724466681480406 189.98202159255743
leaf_count=97522 6500 1500 28810 46552 407 7709
internal_value=-0.000294623 -0.00919053 -0.0119245 -0.013942 -0.00663219 -0.00207959
internal_weight=4263.01 3413.89 3217.1 2328.01 889.082 200.706
internal_count=189000 182500 181000 144074 36926 8116
is_linear=0
shrinkage=0.03


Tree=60
num_leaves=7
num_cat=0
split_feature=24 43 22 46 12 14
split_gain=1450.02 443.646 37.1588 9.63436 10.5177 12.2446
threshold=1.0000000180025095e-35 1.0000000180025095e-35 0.86634134290750009 1.0000000180025095e-35 0.0017182130584192659 0.057130584192439889
decision_type=2 2 2 2 2 2
left_child=1 2 -1 4 5 -4
right_child=-2 -3 3 -5 -6 -7
leaf_value=-0.014708559572585021 0.035248718887666376 0.035142016482394248 0.0014241404553247978 -0.016254268065498612 -0.0089276283225314165 -0.011051699269265665
leaf_weight=1711.5670489585027 828.43781262636185 192.02998280525208 214.65195765160024 122.03867050074041 1027.5513113420457 104.51300064846873
leaf_count=112129 6500 1500 9691 6145 48071 4964
internal_value=-0.000288143 -0.00902584 -0.0117029 -0.0081928 -0.00745075 -0.00268293
internal_weight=4200.79 3372.35 3180.32 1468.75 1346.72 319.165
internal_count=189000 182500 181000 68871 62726 14655
is_linear=0
shrinkage=0.03


Tree=61
num_leaves=7
num_cat=0
split_feature=24 43 23 22 21 11
split_gain=1395.88 425.706 36.3752 8.67359 6.24633 5.7512
threshold=1.0000000180025095e-35 1.0000000180025095e-35 0.84059689984500008 0.83278098112150012 0.5900016844910001 1.0000000180025095e-35
decision_type=2 2 2 2 2 2
left_child=1 2 3 -1 -5 -4
right_child=-2 -3 5 4 -6 -7
leaf_value=-0.015380158081059494 0.035064617046803769 0.034954559530418955 0.0023975580137955001 -0.0086422036249557931 -0.013302890478608146 -0.0069605139909758463
leaf_weight=1121.7402555076405 808.1161305308342 187.34418600797653 63.253868004307151 414.08704977668822 732.05817409325391 813.53889188915491
leaf_count=76957 6500 1500 2633 24020 43097 34293
internal_value=-0.000281976 -0.00886254 -0.0114832 -0.0134899 -0.011628 -0.00628344
internal_weight=4140.14 3332.02 3144.68 2267.89 1146.15 876.793
internal_count=189000 182500 181000 144074 67117 36926
is_linear=0
shrinkage=0.03


Tree=62
num_leaves=7
num_cat=0
split_feature=24 43 22 46 12 14
split_gain=1343.94 408.521 35.3805 9.441 10.1462 11.7219
threshold=1.0000000180025095e-35 1.0000000180025095e-35 0.86634134290750009 1.0000000180025095e-35 0.0017182130584192659 0.057130584192439889
decision_type=2 2 2 2 2 2
left_child=1 2 -1 4 5 -4
right_child=-2 -3 3 -5 -6 -7
leaf_value=-0.014248822149029049 0.034887736706715189 0.03477424462258262 0.0016302927914572767 -0.01589778839690666 -0.0085516894089827811 -0.010665814446392679
leaf_weight=1664.4174895677716 788.15354779362679 182.74090066552162 213.30516938865185 119.18702505715191 1010.60108974576 102.54396075196564
leaf_count=112129 6500 1500 9691 6145 48071 4964
internal_value=-0.000275754 -0.00870042 -0.0112653 -0.0078227 -0.00708569 -0.00238284
internal_weight=4080.95 3292.8 3110.05 1445.64 1326.45 315.849
internal_count=189000 182500 181000 68871 62726 14655
is_linear=0
shrinkage=0.03


Tree=63
num_leaves=7
num_cat=0
split_feature=24 43 23 23 46 19
split_gain=1294.1 392.061 34.6743 8.51226 6.20008 6.00628
threshold=1.0000000180025095e-35 1.0000000180025095e-35 0.84059689984500008 0.74620572984000011 1.0000000180025095e-35 0.60598486318200007
decision_type=2 2 2 2 2 2
left_child=1 2 3 5 -5 -1
right_child=-2 -3 -4 4 -6 -7
leaf_value=-0.0041264248897775659 0.034717731149061327 0.034600724289416712 -0.0059476724669975892 -0.011285157874932176 -0.018208574633795997 -0.016777506280408035
leaf_weight=36.650411437265575 768.55359971523285 178.22093144059181 865.26937351562083 1459.9450216097757 128.96045414917171 585.64202032983303
leaf_count=2617 6500 1500 36926 90591 9027 41839
internal_value=-0.000269641 -0.00853959 -0.0110492 -0.0130418 -0.0118582 -0.0160402
internal_weight=4023.24 3254.69 3076.47 2211.2 1588.91 622.292
internal_count=189000 182500 181000 144074 99618 44456
is_linear=0
shrinkage=0.03


Tree=64
num_leaves=7
num_cat=0
split_feature=24 43 23 46 23 13
split_gain=1246.26 376.293 33.7147 7.67079 6.30303 6.24891
threshold=1.0000000180025095e-35 1.0000000180025095e-35 0.81712966418450017 1.0000000180025095e-35 0.75139675066800005 0.010309278350515467
decision_type=2 2 2 2 2 2
left_child=1 2 3 4 -1 -4
right_child=-2 -3 5 -5 -6 -7
leaf_value=-0.015154505022209778 0.034554267682170417 0.034433658496655341 -0.0059367700173984343 -0.019853842052540177 -0.011332674044863818 -0.012031694404173584
leaf_weight=635.4371153274551 749.31894987821579 173.78491535782814 1004.709719043225 152.49661168362945 1072.2319242227823 178.98419120721519
leaf_count=45852 6500 1500 46166 11460 69387 8135
internal_value=-0.000263599 -0.00838013 -0.010835 -0.0133545 -0.0127628 -0.00686775
internal_weight=3966.96 3217.64 3043.86 1860.17 1707.67 1183.69
internal_count=189000 182500 181000 126699 115239 54301
is_linear=0
shrinkage=0.03


Tree=65
num_leaves=7
num_cat=0
split_feature=24 43 23 46 22 12
split_gain=1200.35 361.19 32.8762 8.32225 9.19941 6.24763
threshold=1.0000000180025095e-35 1.0000000180025095e-35 0.84059689984500008 1.0000000180025095e-35 0.84557725025800001 0.024484536082474227
decision_type=2 2 2 2 2 2
left_child=1 2 3 4 -1 -5
right_child=-2 -3 -4 5 -6 -7
leaf_value=-0.013748636270794774 0.034397044693521797 0.034272743171445672 -0.0056340890911246704 -0.019591176126318974 -0.0095623448483644104 0.022806580160123775
leaf_weight=1164.3132402868941 730.45124486088753 169.43326592445374 854.77417226880789 173.55634417943656 817.18677392229438 2.390005672350525
leaf_count=83400 6500 1500 36926 12847 47647 180
internal_value=-0.000257655 -0.00822207 -0.0106229 -0.012596 -0.0120279 -0.0188896
internal_weight=3912.11 3181.65 3012.22 2157.45 1981.5 175.946
internal_count=189000 182500 181000 144074 131047 13027
is_linear=0
shrinkage=0.03


Tree=66
num_leaves=7
num_cat=0
split_feature=24 43 22 46 12 14
split_gain=1156.25 346.717 31.992 9.07452 9.90938 11.3355
threshold=1.0000000180025095e-35 1.0000000180025095e-35 0.86634134290750009 1.0000000180025095e-35 0.0017182130584192659 0.057130584192439889
decision_type=2 2 2 2 2 2
left_child=1 2 -1 4 5 -4
right_child=-2 -3 3 -5 -6 -7
leaf_value=-0.013343423150476786 0.034245767564596595 0.034117685903826522 0.0022817203617241139 -0.015203832090282603 -0.0078547452256893437 -0.0099812987780330334
leaf_weight=1578.5548420576379 711.95145323872566 165.1662178337574 209.15869600698352 113.96748819667846 980.56382878124714 99.219624452292919
leaf_count=112129 6500 1500 9691 6145 48071 4964
internal_value=-0.00025147 -0.00806516 -0.0104126 -0.00710778 -0.0063807 -0.00168337
internal_weight=3858.58 3146.63 2981.46 1402.91 1288.94 308.378
internal_count=189000 182500 181000 68871 62726 14655
is_linear=0
shrinkage=0.03


Tree=67
num_leaves=7
num_cat=0
split_feature=24 43 23 46 22 12
split_gain=1113.92 332.853 31.2035 8.20131 8.73094 6.07999
threshold=1.0000000180025095e-35 1.0000000180025095e-35 0.84059689984500008 1.0000000180025095e-35 0.84557725025800001 0.024484536082474227
decision_type=2 2 2 2 2 2
left_child=1 2 3 4 -1 -5
right_child=-2 -3 -4 5 -6 -7
leaf_value=-0.013292351696952493 0.034100163442463659 0.033968201304554274 -0.0053235977485223303 -0.019221777018351829 -0.0091708155446483895 0.022470024800928634
leaf_weight=1134.0519101200625 693.81976872682571 160.9838493168354 844.61653357185423 168.00699459668249 802.55980797857046 2.4114093715324989
leaf_count=83400 6500 1500 36926 12847 47647 180
internal_value=-0.000245498 -0.0079098 -0.0102046 -0.0121577 -0.0115899 -0.0185042
internal_weight=3806.45 3112.63 2951.65 2107.03 1936.61 170.418
internal_count=189000 182500 181000 144074 131047 13027
is_linear=0
shrinkage=0.03


Tree=68
num_leaves=7
num_cat=0
split_feature=24 43 23 46 22 2
split_gain=1073.25 319.569 30.1812 8.04919 8.50046 5.97007
threshold=1.0000000180025095e-35 1.0000000180025095e-35 0.84059689984500008 1.0000000180025095e-35 0.84557725025800001 1.0000000180025095e-35
decision_type=2 2 2 2 2 2
left_child=1 2 3 4 -1 -4
right_child=-2 -3 5 -5 -6 -7
leaf_value=-0.013064153112200936 0.033959972667066546 0.033824034191702899 -0.0065582266543029273 -0.018280318888926238 -0.008976290525461143 -0.0005177548510697901
leaf_weight=1119.4852917408571 676.05585232377052 156.88607096672058 649.7843586076051 167.35716299060732 795.48374877125025 190.5585248414427
leaf_count=83400 6500 1500 28810 13027 47647 8116
internal_value=-0.000239395 -0.00775578 -0.00999855 -0.0119354 -0.0113716 -0.00519072
internal_weight=3755.61 3079.56 2922.67 2082.33 1914.97 840.343
internal_count=189000 182500 181000 144074 131047 36926
is_linear=0
shrinkage=0.03


Tree=69
num_leaves=7
num_cat=0
split_feature=24 43 22 46 12 14
split_gain=1034.19 306.844 29.3181 8.63209 9.57719 10.8623
threshold=1.0000000180025095e-35 1.0000000180025095e-35 0.86634134290750009 1.0000000180025095e-35 0.0017182130584192659 0.057130584192439889
decision_type=2 2 2 2 2 2
left_child=1 2 -1 4 5 -4
right_child=-2 -3 3 -5 -6 -7
leaf_value=-0.012667301239624262 0.033824948190543901 0.03368493300778188 0.00262778748329904 -0.014648094159566173 -0.0073691394428409942 -0.0094892305300145509
leaf_weight=1519.8602172164246 658.65863859653473 152.87265926599503 207.0179289970547 110.09179776441306 960.63888180069625 96.955028234049678
leaf_count=112129 6500 1500 9691 6145 48071 4964
internal_value=-0.000233528 -0.00760345 -0.00979492 -0.00661234 -0.00590176 -0.00125549
internal_weight=3706.1 3047.44 2894.56 1374.7 1264.61 303.973
internal_count=189000 182500 181000 68871 62726 14655
is_linear=0
shrinkage=0.03


Tree=70
num_leaves=7
num_cat=0
split_feature=24 43 22 2 23 12
split_gain=996.66 294.651 28.5797 8.35572 7.99695 7.81529
threshold=1.0000000180025095e-35 1.0000000180025095e-35 0.90717830882500017 1.0000000180025095e-35 0.74620572984000011 0.0017182130584192659
decision_type=2 2 2 2 2 2
left_child=1 2 4 5 -1 -4
right_child=-2 -3 3 -5 -6 -7
leaf_value=-0.014546983415236929 0.033694866234170173 0.033550661814658662 -0.00079233636521078288 0.00090465577807983979 -0.010316863385880958 -0.0083734687999871115
leaf_weight=565.14812797307968 641.62648096680641 148.94327893853188 164.41753901168704 177.2463004803285 1480.231235367246 480.25382145307958
leaf_count=44456 6500 1500 7264 7646 99580 22054
internal_value=-0.000227687 -0.0074526 -0.00959349 -0.00486024 -0.0114922 -0.00644419
internal_weight=3657.87 3016.24 2867.3 821.918 2045.38 644.671
internal_count=189000 182500 181000 36964 144036 29318
is_linear=0
shrinkage=0.03


Tree=71
num_leaves=7
num_cat=0
split_feature=24 43 23 46 22 5
split_gain=960.596 282.967 27.7159 8.0089 7.93414 6.06182
threshold=1.0000000180025095e-35 1.0000000180025095e-35 0.84059689984500008 1.0000000180025095e-35 0.84557725025800001 1.5000000000000002
decision_type=2 2 2 2 2 2
left_child=1 2 3 4 5 -1
right_child=-2 -3 -4 -5 -6 -7
leaf_value=-0.011256122183468617 0.03356950342328268 0.033421002131383395 -0.0047613108404674321 -0.017750840358653413 -0.0083855955145971731 -0.016987735020506638
leaf_weight=867.24373613856733 624.95739385485649 145.09743824601173 826.79836134240031 160.52169949468225 774.71364431362599 211.53856185637414
leaf_count=67055 6500 1500 36926 13027 47647 16345
internal_value=-0.000221818 -0.00730328 -0.00939434 -0.011293 -0.0107244 -0.0123947
internal_weight=3610.87 2985.91 2840.82 2014.02 1853.5 1078.78
internal_count=189000 182500 181000 144074 131047 83400
is_linear=0
shrinkage=0.03


Tree=72
num_leaves=7
num_cat=0
split_feature=24 43 22 46 22 2
split_gain=925.948 271.774 26.8794 9.62435 9.29197 7.75412
threshold=1.0000000180025095e-35 1.0000000180025095e-35 0.91499181762000015 1.0000000180025095e-35 0.84557725025800001 1.0000000180025095e-35
decision_type=2 2 2 2 2 2
left_child=1 2 3 4 -1 -4
right_child=-2 -3 5 -5 -6 -7
leaf_value=-0.012171684326508678 0.033448651258028164 0.033295739333089706 -0.0057599776439353732 -0.017795543796359004 -0.0079789368784053318 0.0018882876808429189
leaf_weight=1065.8557887850329 608.64881053566933 141.33460074663162 552.20888917148113 168.14503425452858 877.34932371601462 151.57406619749963
leaf_count=83400 6500 1500 24784 13556 52872 6388
internal_value=-0.000216217 -0.00715578 -0.00919776 -0.0108901 -0.0102838 -0.00411243
internal_weight=3565.12 2956.47 2815.13 2111.35 1943.21 703.783
internal_count=189000 182500 181000 149828 136272 31172
is_linear=0
shrinkage=0.03


Tree=73
num_leaves=7
num_cat=0
split_feature=24 43 22 46 12 14
split_gain=892.64 261.048 26.0575 8.20589 8.97328 10.3618
threshold=1.0000000180025095e-35 1.0000000180025095e-35 0.86634134290750009 1.0000000180025095e-35 0.0017182130584192659 0.057130584192439889
decision_type=2 2 2 2 2 2
left_child=1 2 -1 4 5 -4
right_child=-2 -3 3 -5 -6 -7
leaf_value=-0.011791596541333242 0.033332115251182022 0.033174681507037188 0.0030383589108083178 -0.013976496220248203 -0.0067299388485250198 -0.0089227618232302439
leaf_weight=1449.8885024320334 592.69782528281212 137.65407353639603 204.52844597958028 105.73220375366509 935.57365052122623 94.46498151589185
leaf_count=112129 6500 1500 9691 6145 48071 4964
internal_value=-0.000210547 -0.00700982 -0.0090035 -0.00598089 -0.00528537 -0.000757824
internal_weight=3520.54 2927.84 2790.19 1340.3 1234.57 298.993
internal_count=189000 182500 181000 68871 62726 14655
is_linear=0
shrinkage=0.03


Tree=74
num_leaves=7
num_cat=0
split_feature=24 43 22 46 22 2
split_gain=860.619 250.768 25.3682 9.41266 8.73084 7.38913
threshold=1.0000000180025095e-35 1.0000000180025095e-35 0.91499181762000015 1.0000000180025095e-35 0.84557725025800001 1.0000000180025095e-35
decision_type=2 2 2 2 2 2
left_child=1 2 3 4 -1 -4
right_child=-2 -3 5 -5 -6 -7
leaf_value=-0.011732294920327761 0.033219710979830057 0.033057628229752216 -0.0054770848041188896 -0.017409466258991684 -0.0076302549970456972 0.0020076469953605415
leaf_weight=1041.256832357496 577.10109651088715 134.05513018369675 546.17585035320371 163.26182122342288 864.26466871704906 151.03020382206887
leaf_count=83400 6500 1500 24784 13556 52872 6388
internal_value=-0.000204913 -0.00686548 -0.00881162 -0.0104793 -0.00987676 -0.00385517
internal_weight=3477.15 2900.04 2765.99 2068.78 1905.52 697.206
internal_count=189000 182500 181000 149828 136272 31172
is_linear=0
shrinkage=0.03


Tree=75
num_leaves=7
num_cat=0
split_feature=24 43 23 5 22 14
split_gain=829.835 240.917 24.4802 7.69301 6.31223 6.63747
threshold=1.0000000180025095e-35 1.0000000180025095e-35 0.84059689984500008 1.5000000000000002 0.83278098112150012 0.017182130584192438
decision_type=2 2 2 2 2 2
left_child=1 2 3 4 5 -1
right_child=-2 -3 -4 -5 -6 -7
leaf_value=-0.0065754028801515412 0.033111260511243523 0.032944405583901222 -0.0042405388260117662 -0.013945906038494889 -0.0073922203069547677 -0.01300046947631758
leaf_weight=199.44222125876695 561.85499206185341 130.53693249821663 810.92588957212865 443.13491551764309 727.05048472713679 561.93670990038663
leaf_count=16396 6500 1500 36926 32588 48854 46236
internal_value=-0.000199356 -0.0067229 -0.0086223 -0.0104587 -0.00941189 -0.0113283
internal_weight=3434.88 2873.03 2742.49 1931.56 1488.43 761.379
internal_count=189000 182500 181000 144074 111486 62632
is_linear=0
shrinkage=0.03


Tree=76
num_leaves=7
num_cat=0
split_feature=24 43 22 46 27 12
split_gain=800.234 231.476 23.721 7.85104 8.84029 8.69576
threshold=1.0000000180025095e-35 1.0000000180025095e-35 0.86634134290750009 1.0000000180025095e-35 1.0000000180025095e-35 0.0017182130584192659
decision_type=2 2 2 2 2 2
left_child=1 2 -1 4 5 -4
right_child=-2 -3 3 -5 -6 -7
leaf_value=-0.011151035293274974 0.033006593909232877 0.032834840454982243 -7.2510920875639817e-05 -0.013474524323540979 -0.028462729089791989 -0.0060201685495235953
leaf_weight=1402.5720019340515 546.95568606257439 127.09859758615494 292.33791253250092 102.68707733973861 13.147819946520029 908.95447508525103
leaf_count=112129 6500 1500 14501 6145 677 47548
internal_value=-0.000193888 -0.00658205 -0.0084355 -0.00553753 -0.00485588 -0.00457405
internal_weight=3393.75 2846.8 2719.7 1317.13 1214.44 1201.29
internal_count=189000 182500 181000 68871 62726 62049
is_linear=0
shrinkage=0.03


Tree=77
num_leaves=7
num_cat=0
split_feature=24 43 22 46 27 23
split_gain=771.774 222.43 23.217 9.2804 8.62299 8.31584
threshold=1.0000000180025095e-35 1.0000000180025095e-35 0.91499181762000015 1.0000000180025095e-35 1.0000000180025095e-35 0.75139675066800005
decision_type=2 2 2 2 2 2
left_child=1 2 3 4 5 -1
right_child=-2 -3 -4 -5 -6 -7
leaf_value=-0.012213603591407576 0.032905561322648366 0.032728767929929486 -0.0034881505775285282 -0.016891693783014746 -0.02890929411371522 -0.0077472812309539391
leaf_weight=534.59933371376246 532.39886835217476 123.73916432261467 688.02965687587857 157.12402889505029 19.125347003340721 1298.722671921365
leaf_count=45360 6500 1500 31172 13556 1432 89480
internal_value=-0.000188628 -0.00644309 -0.00825137 -0.00987963 -0.00927608 -0.00905562
internal_weight=3353.74 2821.34 2697.6 2009.57 1852.45 1833.32
internal_count=189000 182500 181000 149828 136272 134840
is_linear=0
shrinkage=0.03


Tree=78
num_leaves=7
num_cat=0
split_feature=24 43 22 46 27 23
split_gain=744.406 213.76 22.3253 9.05576 8.5192 8.05688
threshold=1.0000000180025095e-35 1.0000000180025095e-35 0.91499181762000015 1.0000000180025095e-35 1.0000000180025095e-35 0.75139675066800005
decision_type=2 2 2 2 2 2
left_child=1 2 3 4 5 -1
right_child=-2 -3 -4 -5 -6 -7
leaf_value=-0.011991928351305761 0.032807997683742346 0.032626035501199448 -0.0033950989763370568 -0.016663069636332274 -0.028857010983887564 -0.0075725566034037205
leaf_weight=528.26262676902115 518.18022876977921 120.45762687921524 685.74294621776789 154.55433816555887 18.595015832222998 1289.0004047807306
leaf_count=45360 6500 1500 31172 13556 1432 89480
internal_value=-0.000183535 -0.00630603 -0.00806995 -0.00967803 -0.00908123 -0.00886312
internal_weight=3314.79 2796.61 2676.16 1990.41 1835.86 1817.26
internal_count=189000 182500 181000 149828 136272 134840
is_linear=0
shrinkage=0.03


Tree=79
num_leaves=7
num_cat=0
split_feature=24 43 23 46 5 13
split_gain=718.08 205.45 21.6571 6.97676 6.6387 6.61362
threshold=1.0000000180025095e-35 1.0000000180025095e-35 0.81712966418450017 1.0000000180025095e-35 1.5000000000000002 0.010309278350515467
decision_type=2 2 2 2 2 2
left_child=1 2 3 4 -1 -4
right_child=-2 -3 5 -5 -6 -7
leaf_value=-0.00843853127604219 0.032713769755463411 0.032526491992868903 -0.003628798958879912 -0.017073213676904151 -0.013323189850187671 -0.010175704598670992
leaf_weight=1122.4149473719299 504.29511815309525 117.25292354822159 920.8644333332777 121.2753398809582 327.59579154942185 163.19102528411895
leaf_count=89533 6500 1500 46166 11460 25706 8135
internal_value=-0.000178502 -0.00617077 -0.00789114 -0.0101416 -0.00955053 -0.00462282
internal_weight=3276.89 2772.59 2655.34 1571.29 1450.01 1084.06
internal_count=189000 182500 181000 126699 115239 54301
is_linear=0
shrinkage=0.03


Tree=80
num_leaves=7
num_cat=0
split_feature=24 43 22 46 27 12
split_gain=692.746 197.483 21.0252 7.36161 8.64304 8.36726
threshold=1.0000000180025095e-35 1.0000000180025095e-35 0.86634134290750009 1.0000000180025095e-35 1.0000000180025095e-35 0.0017182130584192659
decision_type=2 2 2 2 2 2
left_child=1 2 -1 4 5 -4
right_child=-2 -3 3 -5 -6 -7
leaf_value=-0.010336371716738638 0.032622733323902788 0.032429996847006468 0.00041335053774558194 -0.012803602923759809 -0.028308157781760334 -0.005469100474664838
leaf_weight=1346.5886254608631 490.73874205350876 114.12397027015686 287.83725939039141 98.865838591009378 12.380714490078388 889.46342487540096
leaf_count=112129 6500 1500 14501 6145 677 47548
internal_value=-0.000173377 -0.00603717 -0.00771479 -0.00496924 -0.00430798 -0.00403177
internal_weight=3240 2749.26 2635.14 1288.55 1189.68 1177.3
internal_count=189000 182500 181000 68871 62726 62049
is_linear=0
shrinkage=0.03


Tree=81
num_leaves=7
num_cat=0
split_feature=24 43 22 46 27 23
split_gain=668.374 189.845 20.4597 8.6392 8.50311 7.65024
threshold=1.0000000180025095e-35 1.0000000180025095e-35 0.91499181762000015 1.0000000180025095e-35 1.0000000180025095e-35 0.75139675066800005
decision_type=2 2 2 2 2 2
left_child=1 2 3 4 5 -1
right_child=-2 -3 -4 -5 -6 -7
leaf_value=-0.011404693261803708 0.032534760113070715 0.032336417750066945 -0.0030467455174997761 -0.016074886903133304 -0.028758917665618628 -0.007038243704929093
leaf_weight=512.16548574250191 477.50616073608398 111.06961593031883 677.30681372992694 148.29805409535766 17.661638631485403 1260.0985432993621
leaf_count=45360 6500 1500 31172 13556 1432 89480
internal_value=-0.000168377 -0.00590547 -0.00754116 -0.00910934 -0.00852358 -0.00830582
internal_weight=3204.11 2726.6 2615.53 1938.22 1789.93 1772.26
internal_count=189000 182500 181000 149828 136272 134840
is_linear=0
shrinkage=0.03


Tree=82
num_leaves=7
num_cat=0
split_feature=24 43 23 5 11 14
split_gain=644.926 182.525 19.7406 7.83823 5.9896 14.9503
threshold=1.0000000180025095e-35 1.0000000180025095e-35 0.84059689984500008 1.5000000000000002 1.0000000180025095e-35 0.11211340206185567
decision_type=2 2 2 2 2 2
left_child=1 2 3 -1 5 -4
right_child=-2 -3 4 -5 -6 -7
leaf_value=-0.0080086667379445278 0.032449728967434678 0.03224562214454333 -0.00021162721382810909 -0.012734147671855789 -0.0041310164770719622 0.043789533048061116
leaf_weight=1396.7239820994437 464.59224075078964 108.08870941400528 50.206645699217916 413.36839904170483 729.14168979227543 7.0644311141222706
leaf_count=111486 6500 1500 2312 32588 34293 321
internal_value=-0.00016355 -0.00577575 -0.00737033 -0.00909425 -0.00339584 0.00587429
internal_weight=3169.19 2704.59 2596.51 1810.09 786.413 57.2711
internal_count=189000 182500 181000 144074 36926 2633
is_linear=0
shrinkage=0.03


Tree=83
num_leaves=7
num_cat=0
split_feature=24 43 22 46 27 22
split_gain=622.332 175.5 19.3894 8.74949 9.61121 6.38086
threshold=1.0000000180025095e-35 1.0000000180025095e-35 0.8510595504645001 1.0000000180025095e-35 1.0000000180025095e-35 0.92349001355400018
decision_type=2 2 2 2 2 2
left_child=1 2 -1 4 5 -4
right_child=-2 -3 3 -5 -6 -7
leaf_value=-0.010191999799956534 0.032367514061891027 0.032157489035209312 -0.0056279581111519598 -0.013016420909600191 -0.02846111265418241 -0.0013734683895374029
leaf_weight=1110.6596546052024 451.99184864759445 105.1800437271595 827.65463780239224 110.5925472388044 13.641830839216707 515.42512150015682
leaf_count=97522 6500 1500 52235 7493 817 22933
internal_value=-0.000158002 -0.00564712 -0.0072014 -0.00493231 -0.00426424 -0.00399748
internal_weight=3135.15 2683.15 2577.97 1467.31 1356.72 1343.08
internal_count=189000 182500 181000 83478 75985 75168
is_linear=0
shrinkage=0.03


Tree=84
num_leaves=7
num_cat=0
split_feature=24 43 22 46 27 12
split_gain=600.613 168.77 18.6504 8.41888 9.39923 6.32264
threshold=1.0000000180025095e-35 1.0000000180025095e-35 0.8510595504645001 1.0000000180025095e-35 1.0000000180025095e-35 0.0068728522336769802
decision_type=2 2 2 2 2 2
left_child=1 2 -1 4 5 -4
right_child=-2 -3 3 -5 -6 -7
leaf_value=-0.009986889501701247 0.032288009537939699 0.032071897260790336 -0.0020430550357108286 -0.012790530526760314 -0.028392848007027537 -0.0061954829255142846
leaf_weight=1099.6554547948763 439.69965726137161 102.34242305159569 742.91568064969033 109.2081605065614 13.272374707274137 594.9959085425362
leaf_count=97522 6500 1500 40689 7493 817 34479
internal_value=-0.000153273 -0.00552113 -0.00703592 -0.00480856 -0.00415445 -0.00389297
internal_weight=3102.09 2662.39 2560.05 1460.39 1351.18 1337.91
internal_count=189000 182500 181000 83478 75985 75168
is_linear=0
shrinkage=0.03


Tree=85
num_leaves=7
num_cat=0
split_feature=24 43 22 46 27 22
split_gain=579.706 162.318 17.931 8.09727 9.1903 6.06355
threshold=1.0000000180025095e-35 1.0000000180025095e-35 0.8510595504645001 1.0000000180025095e-35 1.0000000180025095e-35 0.92349001355400018
decision_type=2 2 2 2 2 2
left_child=1 2 -1 4 5 -4
right_child=-2 -3 3 -5 -6 -7
leaf_value=-0.0097839427597490244 0.032211101864783369 0.031988734242578171 -0.005389853589499379 -0.012565887447145771 -0.028323857155880598 -0.001229234822788733
leaf_weight=1088.9759819647297 427.71033942699432 99.57461804151535 819.95302673988044 107.86412161588669 12.913419265300034 512.95979669410735
leaf_count=97522 6500 1500 52235 7493 817 22933
internal_value=-0.000148627 -0.00539703 -0.00687312 -0.00468735 -0.00404705 -0.0037908
internal_weight=3069.95 2642.24 2542.67 1453.69 1345.83 1332.91
internal_count=189000 182500 181000 83478 75985 75168
is_linear=0
shrinkage=0.03


Tree=86
num_leaves=7
num_cat=0
split_feature=24 43 22 46 27 2
split_gain=559.579 156.13 17.2415 8.32729 8.42803 7.25798
threshold=1.0000000180025095e-35 1.0000000180025095e-35 0.91499181762000015 1.0000000180025095e-35 1.0000000180025095e-35 1.0000000180025095e-35
decision_type=2 2 2 2 2 2
left_child=1 2 3 4 -1 -4
right_child=-2 -3 5 -5 -6 -7
leaf_value=-0.0073982992672143354 0.03213668779478835 0.031907894779010321 -0.004218087548912744 -0.015228664813638331 -0.028587152610629711 0.0033491955376788681
leaf_weight=1703.4896988291293 416.01847112178802 96.875365823507309 520.80227714125067 140.12059693131596 16.195620698854327 145.17406569141895
leaf_count=134840 6500 1500 24784 13556 1432 6388
internal_value=-0.000144038 -0.00527486 -0.00671305 -0.0081959 -0.00761435 -0.00256597
internal_weight=3038.68 2622.66 2525.78 1859.81 1719.69 665.976
internal_count=189000 182500 181000 149828 136272 31172
is_linear=0
shrinkage=0.03


Tree=87
num_leaves=7
num_cat=0
split_feature=24 43 22 46 27 12
split_gain=540.199 150.195 16.9284 7.66997 8.93606 6.01357
threshold=1.0000000180025095e-35 1.0000000180025095e-35 0.8510595504645001 1.0000000180025095e-35 1.0000000180025095e-35 0.0068728522336769802
decision_type=2 2 2 2 2 2
left_child=1 2 -1 4 5 -4
right_child=-2 -3 3 -5 -6 -7
leaf_value=-0.0094134603354107775 0.03206467522870797 0.031829267896703095 -0.0017433792427576516 -0.012177657699315832 -0.028218250796754395 -0.0058186091976665582
leaf_weight=1069.9935826687142 404.61850725114346 94.243425875902176 735.32380167488009 105.60672999080271 12.378318252973257 586.10075980424881
leaf_count=97522 6500 1500 40689 7493 817 34479
internal_value=-0.000139481 -0.00515454 -0.00655564 -0.0044262 -0.00380379 -0.00355393
internal_weight=3008.27 2603.65 2509.4 1439.41 1333.8 1321.42
internal_count=189000 182500 181000 83478 75985 75168
is_linear=0
shrinkage=0.03


Tree=88
num_leaves=7
num_cat=0
split_feature=24 43 22 5 12 14
split_gain=521.54 144.504 16.2719 7.02608 6.60697 9.62896
threshold=1.0000000180025095e-35 1.0000000180025095e-35 0.86634134290750009 1.5000000000000002 0.0017182130584192659 0.057130584192439889
decision_type=2 2 2 2 2 2
left_child=1 2 3 -1 5 -4
right_child=-2 -3 4 -5 -6 -7
leaf_value=-0.0076440081688215079 0.031994960501288083 0.031752761901476433 0.0034597737409537812 -0.013197451056863093 -0.005212269930321368 -0.0079628050521863593
leaf_weight=991.40565194748342 393.50504800677299 91.67751856148243 210.13909296039492 261.43903682287782 934.63073580805212 95.902581504546106
leaf_count=88649 6500 1500 10667 23480 52720 5484
internal_value=-0.000135056 -0.0050362 -0.00640098 -0.00881248 -0.00396069 -0.000133933
internal_weight=2978.7 2585.19 2493.52 1252.84 1240.67 306.042
internal_count=189000 182500 181000 112129 68871 16151
is_linear=0
shrinkage=0.03


Tree=89
num_leaves=7
num_cat=0
split_feature=24 43 23 5 11 14
split_gain=503.564 139.043 15.784 7.90169 5.763 13.8449
threshold=1.0000000180025095e-35 1.0000000180025095e-35 0.84059689984500008 1.5000000000000002 1.0000000180025095e-35 0.11211340206185567
decision_type=2 2 2 2 2 2
left_child=1 2 3 -1 5 -4
right_child=-2 -3 4 -5 -6 -7
leaf_value=-0.0067351209265883744 0.031927456120916693 0.031678278978862065 0.0004633714198180806 -0.011614252468386502 -0.003400461477151233 0.042595299289848891
leaf_weight=1322.6109599443153 382.6724998652935 89.176386594772339 49.119246779941022 389.12762665655464 710.02404814399779 7.1944036856293669
leaf_count=111486 6500 1500 2312 32588 34293 321
internal_value=-0.000130449 -0.00491954 -0.0062488 -0.00785042 -0.00266577 0.00649526
internal_weight=2949.93 2567.25 2478.08 1711.74 766.338 56.3137
internal_count=189000 182500 181000 144074 36926 2633
is_linear=0
shrinkage=0.03


Tree=90
num_leaves=7
num_cat=0
split_feature=24 43 22 46 27 5
split_gain=486.237 133.801 15.4427 7.44722 8.82555 5.74222
threshold=1.0000000180025095e-35 1.0000000180025095e-35 0.8510595504645001 1.0000000180025095e-35 1.0000000180025095e-35 1.5000000000000002
decision_type=2 2 2 2 2 2
left_child=1 2 5 4 -4 -1
right_child=-2 -3 3 -5 -6 -7
leaf_value=-0.0077528566524964881 0.031862075028958603 0.031605723678557927 -0.0031960868561663309 -0.011778052428001971 -0.028122785885768092 -0.013389813970517361
leaf_weight=838.7587020592764 372.1153661608696 86.738761514425278 1304.4511146005243 103.37981058377773 11.929510131478308 204.52677844371647
leaf_count=78044 6500 1500 75168 7493 817 19478
internal_value=-0.000125409 -0.00480432 -0.00609884 -0.00405793 -0.00344316 -0.0088697
internal_weight=2921.9 2549.78 2463.05 1419.76 1316.38 1043.29
internal_count=189000 182500 181000 83478 75985 97522
is_linear=0
shrinkage=0.03


Tree=91
num_leaves=7
num_cat=0
split_feature=24 43 22 5 13 13
split_gain=469.573 128.778 14.9105 9.38567 7.14318 9.91082
threshold=1.0000000180025095e-35 1.0000000180025095e-35 0.92349001355400018 1.5000000000000002 0.010309278350515467 1.0000000180025095e-35
decision_type=2 2 2 2 2 2
left_child=1 2 3 -1 5 -4
right_child=-2 -3 4 -5 -6 -7
leaf_value=-0.0060917945396486784 0.03179873859705596 0.031535010214798896 -0.00057918349824344914 -0.01121232927436497 -0.0093363952884296247 0.039770532851107675
leaf_weight=1484.0032969675958 361.82807758450508 84.363358095288277 457.34692789334804 413.65996439848095 88.98692970816046 4.5449007507413617
leaf_count=121218 6500 1500 21032 34401 4140 209
internal_value=-0.000121326 -0.00469189 -0.00595243 -0.00721331 -0.00160379 -9.70925e-05
internal_weight=2894.73 2532.91 2448.54 1897.66 550.879 461.892
internal_count=189000 182500 181000 155619 25381 21241
is_linear=0
shrinkage=0.03


Tree=92
num_leaves=7
num_cat=0
split_feature=24 43 22 46 27 12
split_gain=453.499 123.954 14.6042 7.18938 8.67107 5.59466
threshold=1.0000000180025095e-35 1.0000000180025095e-35 0.8510595504645001 1.0000000180025095e-35 1.0000000180025095e-35 0.0068728522336769802
decision_type=2 2 2 2 2 2
left_child=1 2 -1 4 5 -4
right_child=-2 -3 3 -5 -6 -7
leaf_value=-0.0085274061146438079 0.031737359273197714 0.031466049834200267 -0.0012132745498916737 -0.011466816772154522 -0.0280389985786197 -0.005185784174002523
leaf_weight=1027.1346651557833 351.80518589913845 82.048919051885605 722.26143697369844 101.70757217612118 11.555822172202168 571.73826019279659
leaf_count=97522 6500 1500 40689 7493 817 34479
internal_value=-0.000116542 -0.00458063 -0.00580797 -0.00381846 -0.0032143 -0.00297113
internal_weight=2868.25 2516.45 2434.4 1407.26 1305.56 1294
internal_count=189000 182500 181000 83478 75985 75168
is_linear=0
shrinkage=0.03


Tree=93
num_leaves=7
num_cat=0
split_feature=24 43 22 46 27 14
split_gain=438.032 119.329 13.9955 8.03059 8.41457 7.24582
threshold=1.0000000180025095e-35 1.0000000180025095e-35 0.91499181762000015 1.0000000180025095e-35 1.0000000180025095e-35 0.022766323024054961
decision_type=2 2 2 2 2 2
left_child=1 2 3 4 5 -1
right_child=-2 -3 -4 -5 -6 -7
leaf_value=-0.0035539142953024383 0.031677866950252438 0.031398764584475609 -0.0019017905427220112 -0.014184184501778751 -0.028386242387822305 -0.0077469217619690672
leaf_weight=579.12592743430287 342.04112179577351 79.794175922870636 650.91522004362196 131.15974406059831 14.697144837118683 1044.8319014776498
leaf_count=47151 6500 1500 31172 13556 1432 87689
internal_value=-0.00011254 -0.004472 -0.00566688 -0.00704978 -0.00647043 -0.00625474
internal_weight=2842.57 2500.52 2420.73 1769.81 1638.65 1623.96
internal_count=189000 182500 181000 149828 136272 134840
is_linear=0
shrinkage=0.03


Tree=94
num_leaves=7
num_cat=0
split_feature=24 43 22 46 27 2
split_gain=423.131 114.892 13.6859 6.77216 8.40661 5.54561
threshold=1.0000000180025095e-35 1.0000000180025095e-35 0.8510595504645001 1.0000000180025095e-35 1.0000000180025095e-35 1.0000000180025095e-35
decision_type=2 2 2 2 2 2
left_child=1 2 -1 4 5 -4
right_child=-2 -3 3 -5 -6 -7
leaf_value=-0.0081853451766224789 0.0316201872135611 0.0313330745171497 -0.0038375794691749084 -0.011095656713753076 -0.027929431840155221 0.00088035959998056625
leaf_weight=1011.4769781799987 332.53043703734875 77.597865834832191 996.28739764913917 99.777583886869252 11.086432340554891 288.84011603612453
leaf_count=97522 6500 1500 58899 7493 817 16269
internal_value=-0.000108647 -0.00436534 -0.00552851 -0.003599 -0.00301382 -0.00277733
internal_weight=2817.6 2485.07 2407.47 1395.99 1296.21 1285.13
internal_count=189000 182500 181000 83478 75985 75168
is_linear=0
shrinkage=0.03


Tree=95
num_leaves=7
num_cat=0
split_feature=24 43 23 5 11 14
split_gain=408.77 110.633 13.1599 9.7585 7.51345 17.502
threshold=1.0000000180025095e-35 1.0000000180025095e-35 0.84836075732500016 1.5000000000000002 1.0000000180025095e-35 0.11211340206185567
decision_type=2 2 2 2 2 2
left_child=1 2 3 -1 5 -4
right_child=-2 -3 4 -5 -6 -7
leaf_value=-0.0055264242150937408 0.031564246649447521 0.031268900312415089 0.0020917718730873312 -0.010894905161312179 -0.0026545869449664315 0.052794829528636157
leaf_weight=1353.6384392473847 323.26770760118961 75.458742678165436 42.049635007046163 394.81477313768119 597.9014150230214 6.1912079378962508
leaf_count=115913 6500 1500 1976 33925 28921 265
internal_value=-0.000104767 -0.00426054 -0.00539273 -0.0067442 -0.00173088 0.009539
internal_weight=2793.32 2470.05 2394.6 1748.45 646.142 48.2408
internal_count=189000 182500 181000 149838 31162 2241
is_linear=0
shrinkage=0.03


Tree=96
num_leaves=7
num_cat=0
split_feature=24 43 22 46 27 19
split_gain=394.91 106.54 12.8862 6.51928 8.24549 5.55969
threshold=1.0000000180025095e-35 1.0000000180025095e-35 0.8510595504645001 1.0000000180025095e-35 1.0000000180025095e-35 0.64518083368650003
decision_type=2 2 2 2 2 2
left_child=1 2 -1 4 5 -4
right_child=-2 -3 3 -5 -6 -7
leaf_value=-0.0078589619356016095 0.031509978516415897 0.031206169012395691 0.017287158487700318 -0.010795335645631442 -0.027843285486684372 -0.0027717209475471693
leaf_weight=996.97110359370708 314.24753367900848 73.375565931200981 11.576212625019251 98.269711615517735 10.743302368558941 1264.4695273945108
leaf_count=97522 6500 1500 797 7493 817 74371
internal_value=-0.000100099 -0.0041568 -0.00525875 -0.00338279 -0.00280876 -0.00257635
internal_weight=2769.65 2455.41 2382.03 1385.06 1286.79 1276.05
internal_count=189000 182500 181000 83478 75985 75168
is_linear=0
shrinkage=0.03


Tree=97
num_leaves=7
num_cat=0
split_feature=24 43 22 5 13 13
split_gain=381.568 102.615 12.4794 8.99134 6.90785 9.23529
threshold=1.0000000180025095e-35 1.0000000180025095e-35 0.92349001355400018 1.5000000000000002 0.010309278350515467 1.0000000180025095e-35
decision_type=2 2 2 2 2 2
left_child=1 2 3 -1 5 -4
right_child=-2 -3 4 -5 -6 -7
leaf_value=-0.0052009853634323961 0.031457319754983969 0.031144813582432245 -0.00011993008222835748 -0.010318012828869351 -0.0088258292915945075 0.038485541940652332
leaf_weight=1432.2073690677062 305.46456389129162 71.34709507226944 450.60458188690245 395.49266613647342 86.946085360832512 4.6467482084408394
leaf_count=121218 6500 1500 21032 34401 4140 209
internal_value=-9.62097e-05 -0.00405566 -0.00512808 -0.00631329 -0.00112858 0.000357604
internal_weight=2746.71 2441.24 2369.9 1827.7 542.197 455.251
internal_count=189000 182500 181000 155619 25381 21241
is_linear=0
shrinkage=0.03


Tree=98
num_leaves=7
num_cat=0
split_feature=24 43 22 21 19 11
split_gain=368.698 98.8446 12.1794 8.52625 12.658 11.5505
threshold=1.0000000180025095e-35 1.0000000180025095e-35 0.83278098112150012 0.58016819464450009 0.73891180007700019 0.0090206185567010284
decision_type=2 2 2 2 2 2
left_child=1 2 -1 5 -5 -4
right_child=-2 -3 3 4 -6 -7
leaf_value=-0.0081198003155091864 0.031406205076905162 0.031084759753961948 0.014372175427427072 -0.0076465611373115801 -0.0011942685485440271 -0.0016373842186218669
leaf_weight=761.72235260065645 296.91349528729916 69.37212310731411 43.771000136621296 649.28613396082073 473.18748703505844 430.11580927018076
leaf_count=76957 6500 1500 2756 48449 25130 27708
internal_value=-9.19236e-05 -0.00395595 -0.00499955 -0.00350654 -0.00493003 -0.000131496
internal_weight=2724.37 2427.45 2358.08 1596.36 1122.47 473.887
internal_count=189000 182500 181000 104043 73579 30464
is_linear=0
shrinkage=0.03


Tree=99
num_leaves=7
num_cat=0
split_feature=24 43 23 19 14 11
split_gain=356.297 95.226 11.6989 8.1229 12.9829 7.93728
threshold=1.0000000180025095e-35 1.0000000180025095e-35 0.74620572984000011 0.60598486318200007 0.012027491408934722 0.10781786941580761
decision_type=2 2 2 2 2 2
left_child=1 2 3 4 5 -1
right_child=-2 -3 -4 -5 -6 -7
leaf_value=0.063043529509216434 0.031356580031056271 0.031025943739112868 -0.003870510850435634 -0.01040603625123351 -0.0041568488665910631 -0.015647883776324301
leaf_weight=3.8239680333063033 288.58907334506512 67.449431866407394 1919.1579929497093 401.76559492852539 20.814176935702562 1.0677403556182978
leaf_count=386 6500 1500 136544 41839 2123 108
internal_value=-8.798e-05 -0.00385842 -0.0048739 -0.0093591 0.00678075 0.0461266
internal_weight=2702.67 2414.08 2346.63 427.471 25.7059 4.89171
internal_count=189000 182500 181000 44456 2617 494
is_linear=0
shrinkage=0.03


Tree=100
num_leaves=7
num_cat=0
split_feature=24 43 22 46 27 12
split_gain=344.333 91.7489 11.3549 6.32393 8.15291 5.32763
threshold=1.0000000180025095e-35 1.0000000180025095e-35 0.8510595504645001 1.0000000180025095e-35 1.0000000180025095e-35 0.0068728522336769802
decision_type=2 2 2 2 2 2
left_child=1 2 -1 4 5 -4
right_child=-2 -3 3 -5 -6 -7
leaf_value=-0.0072311252538104446 0.031308379969780364 0.030968301234959042 -0.00045334049939907618 -0.010363252841419373 -0.027738981041687281 -0.0043834053883331607
leaf_weight=970.18500310648233 280.48614040017128 65.577836707234383 704.31898172665387 96.175360538065434 10.348322796635328 554.48286032583565
leaf_count=97522 6500 1500 40689 7493 817 34479
internal_value=-8.37191e-05 -0.00376233 -0.00475036 -0.00298355 -0.0024166 -0.00218658
internal_weight=2681.57 2401.09 2335.51 1365.33 1269.15 1258.8
internal_count=189000 182500 181000 83478 75985 75168
is_linear=0
shrinkage=0.03


Tree=101
num_leaves=7
num_cat=0
split_feature=24 43 22 5 13 13
split_gain=332.816 88.4144 11.1011 8.77595 6.6276 8.55154
threshold=1.0000000180025095e-35 1.0000000180025095e-35 0.92349001355400018 1.5000000000000002 0.010309278350515467 1.0000000180025095e-35
decision_type=2 2 2 2 2 2
left_child=1 2 3 -1 5 -4
right_child=-2 -3 4 -5 -6 -7
leaf_value=-0.004658517815201442 0.031261556274715302 0.030911766037898487 0.00013989211829633792 -0.0097759404833966928 -0.0084535450780989941 0.036863598926937059
leaf_weight=1402.3743240600452 272.59956300258636 63.756158575415611 446.87760332692415 385.22436492796987 85.514730362221599 4.780749710276722
leaf_count=121218 6500 1500 21032 34401 4140 209
internal_value=-8.0416e-05 -0.00366902 -0.00463027 -0.00576616 -0.000846572 0.000609187
internal_weight=2661.13 2388.53 2324.77 1787.6 537.173 451.658
internal_count=189000 182500 181000 155619 25381 21241
is_linear=0
shrinkage=0.03


Tree=102
num_leaves=7
num_cat=0
split_feature=24 43 23 19 14 11
split_gain=321.697 85.2083 10.8995 7.84778 11.9263 7.17388
threshold=1.0000000180025095e-35 1.0000000180025095e-35 0.74620572984000011 0.60598486318200007 0.012027491408934722 0.10781786941580761
decision_type=2 2 2 2 2 2
left_child=1 2 3 4 5 -1
right_child=-2 -3 -4 -5 -6 -7
leaf_value=0.059385538590082575 0.031216043537746128 0.030856281101602365 -0.0035416127500361798 -0.0099414508067453018 -0.0037548829139971945 -0.015438298479677879
leaf_weight=4.0200019497424391 264.92432877421379 61.983229592442513 1896.0471858037636 392.70195042807609 20.487563037313521 1.0391643047332761
leaf_count=386 6500 1500 136544 41839 2123 108
internal_value=-7.64856e-05 -0.00357686 -0.004512 -0.00889214 0.00700467 0.0440051
internal_weight=2641.2 2376.28 2314.3 418.249 25.5467 5.05917
internal_count=189000 182500 181000 44456 2617 494
is_linear=0
shrinkage=0.03


Tree=103
num_leaves=7
num_cat=0
split_feature=24 43 22 21 19 27
split_gain=310.971 82.1278 10.4792 8.16353 11.8783 11.1846
threshold=1.0000000180025095e-35 1.0000000180025095e-35 0.83278098112150012 0.58016819464450009 0.73891180007700019 1.0000000180025095e-35
decision_type=2 2 2 2 2 2
left_child=1 2 -1 -4 -5 -6
right_child=-2 -3 3 4 5 -7
leaf_value=-0.0073468998481085769 0.031171806349339724 0.030801786713789525 0.00031665158398468357 -0.0070862656128140578 5.9956726905200732e-05 -0.026389055347929589
leaf_weight=736.36906196642667 257.45540112257004 60.257909819483757 467.08835237752646 633.95129708573222 452.86746056191623 13.861548107117413
leaf_count=76957 6500 1500 30464 48449 24128 1002
internal_value=-7.25105e-05 -0.0034864 -0.00439608 -0.0030063 -0.00441544 -0.000780302
internal_weight=2621.85 2364.4 2304.14 1567.77 1100.68 466.729
internal_count=189000 182500 181000 104043 73579 25130
is_linear=0
shrinkage=0.03


Tree=104
num_leaves=7
num_cat=0
split_feature=24 43 22 20 14 13
split_gain=300.642 79.1725 10.1457 8.98415 8.65246 8.26685
threshold=1.0000000180025095e-35 1.0000000180025095e-35 0.79991728275650009 0.60849479519000005 0.012027491408934722 0.0094501718213058448
decision_type=2 2 2 2 2 2
left_child=1 2 3 4 -1 -4
right_child=-2 -3 5 -5 -6 -7
leaf_value=0.063025288277709632 0.031128779813397837 0.030748229699656206 -0.0025576523993486116 -0.0094546845624550093 0.0016823293042786136 -0.008115087016875187
leaf_weight=1.8959590531885604 250.18793717026711 58.579059317708015 1626.3477126462385 376.35576721467078 7.4534155204892159 282.26530269067734
leaf_count=184 6500 1500 118794 40522 782 20718
internal_value=-6.94399e-05 -0.00339862 -0.00428348 -0.00871734 0.0190099 -0.00338336
internal_weight=2603.09 2352.9 2294.32 385.705 9.34937 1908.61
internal_count=189000 182500 181000 41488 966 139512
is_linear=0
shrinkage=0.03


Tree=105
num_leaves=7
num_cat=0
split_feature=24 43 22 5 13 13
split_gain=290.66 76.3282 9.96199 8.51439 6.14299 7.92219
threshold=1.0000000180025095e-35 1.0000000180025095e-35 0.92349001355400018 1.5000000000000002 0.010309278350515467 1.0000000180025095e-35
decision_type=2 2 2 2 2 2
left_child=1 2 3 -1 5 -4
right_child=-2 -3 4 -5 -6 -7
leaf_value=-0.0041653119918864528 0.031086923507464021 0.030695544296365694 0.00035981711299042649 -0.0092628273922378962 -0.0079839925561813272 0.035310202065245593
leaf_weight=1376.2985182115808 243.11706982553005 56.945577263832092 443.77107888832688 375.97749857231975 83.77352590393275 4.9151083566248408
leaf_count=121218 6500 1500 21032 34401 4140 209
internal_value=-6.54216e-05 -0.0033116 -0.00417226 -0.00526372 -0.000577234 0.00082035
internal_weight=2584.8 2341.68 2284.74 1752.28 532.46 448.686
internal_count=189000 182500 181000 155619 25381 21241
is_linear=0
shrinkage=0.03


Tree=106
num_leaves=7
num_cat=0
split_feature=24 43 23 19 14 42
split_gain=281.038 73.5968 9.67481 7.47993 10.6498 6.79197
threshold=1.0000000180025095e-35 1.0000000180025095e-35 0.74620572984000011 0.60598486318200007 0.012027491408934722 1.0000000180025095e-35
decision_type=2 2 2 2 2 2
left_child=1 2 3 4 -1 -4
right_child=-2 -3 5 -5 -6 -7
leaf_value=0.041435474956284968 0.031046188410034845 0.030643687317471285 -0.0030122081572316497 -0.0093072771439931794 -0.0032098304839458937 -0.027419715167361147
leaf_weight=5.2750674942508367 236.23805306851864 55.356362834572792 1859.8188061350957 380.9599681487307 20.05981788225472 9.3347625136375409
leaf_count=494 6500 1500 135681 41839 2123 863
internal_value=-6.1853e-05 -0.00322676 -0.00406385 -0.00825592 0.00730635 -0.0031487
internal_weight=2567.04 2330.8 2275.45 406.295 25.3349 1869.15
internal_count=189000 182500 181000 44456 2617 136544
is_linear=0
shrinkage=0.03


Tree=107
num_leaves=7
num_cat=0
split_feature=24 43 12 14 22 20
split_gain=271.759 70.9726 9.50719 17.6436 9.66821 7.83588
threshold=1.0000000180025095e-35 1.0000000180025095e-35 0.0017182130584192659 0.027491408934707865 0.83278098112150012 0.82821412087450008
decision_type=2 2 2 2 2 2
left_child=1 2 3 -1 -4 -5
right_child=-2 -3 4 5 -6 -7
leaf_value=0.0054051546540698119 0.031006532305887489 0.030592598982349825 -0.0081408003526769086 -0.0021703164026781632 -0.0034232938147605026 -0.01342298767242766
leaf_weight=246.18910901062191 229.54621352255344 53.81033755838871 585.57537041371688 171.05423872452229 1181.7059086095542 81.944682190660387
leaf_count=16748 6500 1500 62695 14019 80873 6665
internal_value=-5.85676e-05 -0.00314388 -0.00395799 -0.000301251 -0.00499012 -0.00585348
internal_weight=2549.83 2320.28 2266.47 499.188 1767.28 252.999
internal_count=189000 182500 181000 37432 143568 20684
is_linear=0
shrinkage=0.03


Tree=108
num_leaves=7
num_cat=0
split_feature=24 43 46 27 12 14
split_gain=262.811 68.4516 9.42952 13.518 9.17223 15.4236
threshold=1.0000000180025095e-35 1.0000000180025095e-35 1.0000000180025095e-35 1.0000000180025095e-35 0.0017182130584192659 0.057130584192439889
decision_type=2 2 2 2 2 2
left_child=1 2 3 4 5 -1
right_child=-2 -3 -4 -5 -6 -7
leaf_value=0.0049166588631321647 0.03096790840994041 0.03054223264971398 -0.010755134394955927 -0.02870849866613388 -0.0041389171861899018 -0.006426287699670615
leaf_weight=286.87063249200583 223.03697466850281 52.306445315480232 164.39749292144552 17.703180640935898 1617.2244219575077 171.57115216739476
leaf_count=19634 6500 1500 16258 1764 129392 13952
internal_value=-5.56744e-05 -0.0030631 -0.00385482 -0.00330804 -0.00307769 0.000666831
internal_weight=2533.11 2310.07 2257.77 2093.37 2075.67 458.442
internal_count=189000 182500 181000 164742 162978 33586
is_linear=0
shrinkage=0.03


Tree=109
num_leaves=7
num_cat=0
split_feature=24 43 22 20 46 27
split_gain=254.181 66.0291 9.14925 10.9362 8.0438 11.8408
threshold=1.0000000180025095e-35 1.0000000180025095e-35 0.7861602742760001 0.60849479519000005 1.0000000180025095e-35 1.0000000180025095e-35
decision_type=2 2 2 2 2 2
left_child=1 2 3 -1 5 -4
right_child=-2 -3 4 -5 -6 -7
leaf_value=0.025650806889370034 0.030930279029422744 0.030492538075851294 -0.0022921301402503854 -0.010000548289034482 -0.0099218440263664116 -0.028409491405299352
leaf_weight=7.0481011401861897 216.70578420162201 50.843646749854088 1826.6893395287916 259.44343481492251 141.41305829584599 14.767176471184937
leaf_count=725 6500 1500 136310 28931 13574 1460
internal_value=-5.31517e-05 -0.00298432 -0.00375423 -0.00896528 -0.00304972 -0.00251688
internal_weight=2516.91 2300.2 2249.36 266.492 1982.87 1841.46
internal_count=189000 182500 181000 29656 151344 137770
is_linear=0
shrinkage=0.03


Tree=110
num_leaves=7
num_cat=0
split_feature=24 43 22 5 13 13
split_gain=245.849 63.699 9.03524 8.31684 5.90968 7.34553
threshold=1.0000000180025095e-35 1.0000000180025095e-35 0.92349001355400018 1.5000000000000002 0.010309278350515467 1.0000000180025095e-35
decision_type=2 2 2 2 2 2
left_child=1 2 3 -1 5 -4
right_child=-2 -3 4 -5 -6 -7
leaf_value=-0.0036162132353433768 0.030893599742048923 0.03044346151914467 0.00070289944624247103 -0.008714118405036643 -0.0075532115391830973 0.03404637319332933
leaf_weight=1348.3628895259462 210.54825931787491 49.420919269323349 439.00030387099832 366.55545067088678 82.232650038786232 5.0289532579481593
leaf_count=121218 6500 1500 21032 34401 4140 209
internal_value=-5.04226e-05 -0.00290699 -0.00365566 -0.00471031 -0.000216465 0.00115619
internal_weight=2501.15 2290.6 2241.18 1714.92 526.262 444.029
internal_count=189000 182500 181000 155619 25381 21241
is_linear=0
shrinkage=0.03


Tree=111
num_leaves=7
num_cat=0
split_feature=24 43 46 27 12 14
split_gain=237.799 61.4566 8.73194 12.9779 8.69487 14.5454
threshold=1.0000000180025095e-35 1.0000000180025095e-35 1.0000000180025095e-35 1.0000000180025095e-35 0.0017182130584192659 0.057130584192439889
decision_type=2 2 2 2 2 2
left_child=1 2 3 4 5 -1
right_child=-2 -3 -4 -5 -6 -7
leaf_value=0.0049554727046332431 0.030857830309667673 0.030394959511596466 -0.010280577385298256 -0.028601629991353916 -0.0038525172172649714 -0.0061072180070345459
leaf_weight=286.55204195156693 204.5600414276123 48.037262633442879 160.54836038500071 16.726110170595348 1600.0197815159336 169.34064880665392
leaf_count=19634 6500 1500 16258 1764 129392 13952
internal_value=-4.72462e-05 -0.00283085 -0.00355884 -0.00303346 -0.00281164 0.00084188
internal_weight=2485.78 2281.22 2233.19 2072.64 2055.91 455.893
internal_count=189000 182500 181000 164742 162978 33586
is_linear=0
shrinkage=0.03


Tree=112
num_leaves=7
num_cat=0
split_feature=24 43 22 20 23 12
split_gain=230.04 59.3029 8.70823 10.3403 7.75314 7.19831
threshold=1.0000000180025095e-35 1.0000000180025095e-35 0.7861602742760001 0.60849479519000005 0.72777307561850002 0.0017182130584192659
decision_type=2 2 2 2 2 2
left_child=1 2 3 -1 -4 -6
right_child=-2 -3 4 -5 5 -7
leaf_value=0.024785008918142511 0.030822935694796532 0.030346985236454873 0.016510760800879196 -0.009627295827822055 0.00039148192862687429 -0.0039522798209466756
leaf_weight=7.1738760359585276 198.73684458434582 46.691690571606159 17.603092498611659 254.79603223782033 444.877633117605 1501.058170250617
leaf_count=725 6500 1500 1996 28931 31771 117577
internal_value=-4.49483e-05 -0.00275716 -0.00346501 -0.00859427 -0.00277666 -0.00295952
internal_weight=2470.94 2272.2 2225.51 261.97 1963.54 1945.94
internal_count=189000 182500 181000 29656 151344 149348
is_linear=0
shrinkage=0.03


Tree=113
num_leaves=7
num_cat=0
split_feature=24 43 22 2 14 18
split_gain=222.538 57.2281 8.51379 7.32829 7.58932 16.3361
threshold=1.0000000180025095e-35 1.0000000180025095e-35 0.90717830882500017 1.0000000180025095e-35 1.0000000180025095e-35 0.83479416086400005
decision_type=2 2 2 2 2 2
left_child=1 2 -1 -4 5 -5
right_child=-2 -3 3 4 -6 -7
leaf_value=-0.0046458837732918827 0.030788876003378009 0.03029949395719133 -0.002286657623437847 0.083545255968461518 0.0033262347323298586 0.0019335489490397159
leaf_weight=1508.9335934980772 193.07450391352177 45.383241958916187 552.06380510888994 2.4194626547396165 148.20793443359435 6.366417869925499
leaf_count=144036 6500 1500 29318 109 7260 277
internal_value=-4.17893e-05 -0.0026842 -0.00337244 -0.000659726 0.00503959 0.0306486
internal_weight=2456.45 2263.37 2217.99 709.058 156.994 8.78588
internal_count=189000 182500 181000 36964 7646 386
is_linear=0
shrinkage=0.03


Tree=114
num_leaves=7
num_cat=0
split_feature=24 43 46 27 19 21
split_gain=215.287 55.2303 8.41219 12.7511 8.31006 9.47805
threshold=1.0000000180025095e-35 1.0000000180025095e-35 1.0000000180025095e-35 1.0000000180025095e-35 0.73891180007700019 0.58016819464450009
decision_type=2 2 2 2 2 2
left_child=1 2 3 4 5 -1
right_child=-2 -3 -4 -5 -6 -7
leaf_value=-0.00074325267938955494 0.03075562015431996 0.030252440304440558 -0.0099357446382691509 -0.028534006623979018 0.0011958776243432964 -0.005425296352608926
leaf_weight=654.94225869048387 187.56890296936035 44.110966846346855 157.85812756652012 16.147588748950511 422.61025300435722 959.06607587728649
leaf_count=52974 6500 1500 16258 1764 22868 87136
internal_value=-3.80553e-05 -0.00261225 -0.00328141 -0.0027651 -0.00254689 -0.00352702
internal_weight=2442.3 2254.74 2210.62 2052.77 2036.62 1614.01
internal_count=189000 182500 181000 164742 162978 140110
is_linear=0
shrinkage=0.03


Tree=115
num_leaves=7
num_cat=0
split_feature=24 43 22 20 23 13
split_gain=208.307 53.3135 8.18942 9.73766 7.34561 6.90208
threshold=1.0000000180025095e-35 1.0000000180025095e-35 0.7861602742760001 0.60849479519000005 0.72777307561850002 0.0094501718213058448
decision_type=2 2 2 2 2 2
left_child=1 2 3 -1 -4 -6
right_child=-2 -3 4 -5 5 -7
leaf_value=0.023897313688189564 0.030723127629687205 0.030205780539473991 0.016178293207443246 -0.0092426330761240377 -0.0019606356326819273 -0.0070329214788496016
leaf_weight=7.3069525081664315 182.21604637801647 42.873946018517017 17.735434859991074 250.17509333044291 1646.0745204398409 282.30644911853597
leaf_count=725 6500 1500 1996 28931 127218 22130
internal_value=-3.5999e-05 -0.0025435 -0.00319409 -0.00821336 -0.00252613 -0.00270646
internal_weight=2428.69 2246.47 2203.6 257.482 1946.12 1928.38
internal_count=189000 182500 181000 29656 151344 149348
is_linear=0
shrinkage=0.03


Tree=116
num_leaves=7
num_cat=0
split_feature=24 43 46 27 12 14
split_gain=201.556 51.4663 8.06442 12.477 7.8451 13.7039
threshold=1.0000000180025095e-35 1.0000000180025095e-35 1.0000000180025095e-35 1.0000000180025095e-35 0.0017182130584192659 0.027491408934707865
decision_type=2 2 2 2 2 2
left_child=1 2 3 4 5 -1
right_child=-2 -3 -4 -5 -6 -7
leaf_value=0.0062752160726057419 0.030691370382165819 0.030159473516686196 -0.0096668517281101197 -0.028472511593407288 -0.003389604422052809 -0.0041461401008406279
leaf_weight=227.21230171248317 177.01198719441891 41.671265847980976 155.82318080356345 15.650657502003012 1572.9603666206822 225.09533187840134
leaf_count=15058 6500 1500 16258 1764 129392 18528
internal_value=-3.31656e-05 -0.00247546 -0.00310797 -0.00260271 -0.00238885 0.00109122
internal_weight=2415.43 2238.41 2196.74 2040.92 2025.27 452.308
internal_count=189000 182500 181000 164742 162978 33586
is_linear=0
shrinkage=0.03


Tree=117
num_leaves=7
num_cat=0
split_feature=24 43 22 13 13 2
split_gain=195.047 49.6912 7.91213 7.46207 22.6392 9.43864
threshold=1.0000000180025095e-35 1.0000000180025095e-35 0.79991728275650009 0.0094501718213058448 1.0000000180025095e-35 1.0000000180025095e-35
decision_type=2 2 2 2 2 2
left_child=1 2 -1 4 -4 -6
right_child=-2 -3 3 -5 5 -7
leaf_value=-0.007092498683957494 0.03066031194149153 0.030113475408917945 -0.0017694677872509325 -0.0068469135828181128 0.046565414145460053 -0.019444786002578939
leaf_weight=358.91428923606873 171.9528753310442 40.502040646970272 1551.0935579445213 267.31372085539624 11.069579132366922 1.749514484312386
leaf_count=41488 6500 1500 117906 20718 769 119
internal_value=-3.12328e-05 -0.00240982 -0.00302474 -0.00222404 -0.00143 0.0368013
internal_weight=2402.6 2230.64 2190.14 1831.23 1563.91 12.8191
internal_count=189000 182500 181000 139512 118794 888
is_linear=0
shrinkage=0.03


Tree=118
num_leaves=7
num_cat=0
split_feature=24 43 22 23 0 5
split_gain=188.754 47.9809 7.83117 14.3857 13.3864 10.7641
threshold=1.0000000180025095e-35 1.0000000180025095e-35 0.94328470894450012 0.86897202336900015 0.22500000000000003 1.5000000000000002
decision_type=2 2 2 2 2 2
left_child=1 2 5 4 -4 -1
right_child=-2 -3 3 -5 -6 -7
leaf_value=-0.0024529945081766314 0.030629924021660888 0.030067746157007066 0.035463525706604326 -0.0012530374765766679 0.0028749002262416141 -0.0079298507698352481
leaf_weight=1471.653603722807 167.03494545072317 39.365401491522789 18.959559035487473 252.92077104747295 26.733447729609907 413.42440138990059
leaf_count=129470 6500 1500 855 11902 1242 37531
internal_value=-2.87507e-05 -0.0023451 -0.0029429 0.00156667 0.0168669 -0.00365771
internal_weight=2390.09 2223.06 2183.69 298.614 45.693 1885.08
internal_count=189000 182500 181000 13999 2097 167001
is_linear=0
shrinkage=0.03


Tree=119
num_leaves=7
num_cat=0
split_feature=24 43 46 27 19 5
split_gain=182.673 46.3341 7.75006 12.2531 7.58449 9.04952
threshold=1.0000000180025095e-35 1.0000000180025095e-35 1.0000000180025095e-35 1.0000000180025095e-35 0.73891180007700019 1.5000000000000002
decision_type=2 2 2 2 2 2
left_child=1 2 3 4 5 -1
right_child=-2 -3 -4 -5 -6 -7
leaf_value=-0.0019961770679112856 0.030600168252876463 0.030022248395485417 -0.0093432849244448977 -0.028406502955288647 0.001427997590200257 -0.0077368381506058969
leaf_weight=1283.7956035751849 162.25451696664095 38.260496221482754 153.43865721672773 15.14123754063621 419.58695355523378 305.45058433525264
leaf_count=111242 6500 1500 16258 1764 22868 28868
internal_value=-2.61535e-05 -0.00228172 -0.00286287 -0.00236722 -0.00215692 -0.00310369
internal_weight=2377.93 2215.67 2177.41 2023.97 2008.83 1589.25
internal_count=189000 182500 181000 164742 162978 140110
is_linear=0
shrinkage=0.03


Tree=120
num_leaves=7
num_cat=0
split_feature=24 43 22 19 14 13
split_gain=176.809 44.7511 7.47295 7.48631 9.95575 7.09055
threshold=1.0000000180025095e-35 1.0000000180025095e-35 0.79991728275650009 0.60598486318200007 0.012027491408934722 0.0094501718213058448
decision_type=2 2 2 2 2 2
left_child=1 2 3 4 -1 -4
right_child=-2 -3 5 -5 -6 -7
leaf_value=0.041994293466386216 0.030571022754011936 0.029976937353161252 -0.0012321103722312135 -0.0079525790750753222 -0.0016574656102071935 -0.0065432541100788949
leaf_weight=5.2263643392361727 157.60796982795 37.186495028436184 1553.4269900014624 329.84618562087417 18.925588574726135 263.95622505061328
leaf_count=488 6500 1500 118794 38909 2091 20718
internal_value=-2.45078e-05 -0.00222072 -0.00278567 -0.00676802 0.00908263 -0.00200667
internal_weight=2366.18 2208.57 2171.38 353.998 24.152 1817.38
internal_count=189000 182500 181000 41488 2579 139512
is_linear=0
shrinkage=0.03


Tree=121
num_leaves=7
num_cat=0
split_feature=24 43 46 27 12 14
split_gain=171.134 43.2242 7.41475 11.9753 7.40952 13.0406
threshold=1.0000000180025095e-35 1.0000000180025095e-35 1.0000000180025095e-35 1.0000000180025095e-35 0.0017182130584192659 0.057130584192439889
decision_type=2 2 2 2 2 2
left_child=1 2 3 4 5 -1
right_child=-2 -3 -4 -5 -6 -7
leaf_value=0.0052585790851479739 0.030542454318641801 0.029931778355237651 -0.0090874357563742684 -0.028343550796383957 -0.0030006264676495781 -0.0053357100918166034
leaf_weight=284.12081573344767 153.09178084135056 36.14258486777544 151.60481172241271 14.682006894145159 1550.8956493595615 164.16934636002406
leaf_count=19634 6500 1500 16258 1764 129392 13952
internal_value=-2.19934e-05 -0.00216023 -0.00270942 -0.00222501 -0.00201912 0.00137558
internal_weight=2354.71 2201.62 2165.47 2013.87 1999.19 448.29
internal_count=189000 182500 181000 164742 162978 33586
is_linear=0
shrinkage=0.03


Tree=122
num_leaves=7
num_cat=0
split_feature=24 43 22 20 23 21
split_gain=165.661 41.7562 7.1859 9.06786 7.2587 6.80988
threshold=1.0000000180025095e-35 1.0000000180025095e-35 0.7861602742760001 0.60849479519000005 0.72777307561850002 0.61658264941300012
decision_type=2 2 2 2 2 2
left_child=1 2 3 -1 5 -4
right_child=-2 -3 4 -5 -6 -7
leaf_value=0.023376193335520993 0.030514436676491476 0.029886730191958998 0.0017678771493481332 -0.0084598178474130318 -0.0021912114716048838 0.039102901459849786
leaf_weight=7.3869181089103213 148.70249945670366 35.127966664731503 11.18046274688095 241.26007292140275 1893.6185332094319 6.3560683922842136
leaf_count=725 6500 1500 1256 28931 149348 740
internal_value=-2.04383e-05 -0.00210207 -0.00263594 -0.00742417 -0.00200943 0.0166793
internal_weight=2343.63 2194.93 2159.8 248.647 1911.16 17.5365
internal_count=189000 182500 181000 29656 151344 1996
is_linear=0
shrinkage=0.03


Tree=123
num_leaves=7
num_cat=0
split_feature=24 43 22 23 0 5
split_gain=160.359 40.3391 7.09949 13.5157 12.054 10.0744
threshold=1.0000000180025095e-35 1.0000000180025095e-35 0.94328470894450012 0.86897202336900015 0.22500000000000003 1.5000000000000002
decision_type=2 2 2 2 2 2
left_child=1 2 5 4 -4 -1
right_child=-2 -3 3 -5 -6 -7
leaf_value=-0.0020826877531247329 0.030486936943187267 0.029841761349034532 0.033808952948670985 -0.0010235690141902774 0.0030521627576390632 -0.0074331006898738844
leaf_weight=1452.5961661254987 144.43677198141813 34.141863696277142 19.465188033878803 250.99350523669273 26.590071617625654 404.57260744739324
leaf_count=129470 6500 1500 855 11902 1242 37531
internal_value=-1.76746e-05 -0.00204405 -0.00256302 0.00173859 0.0164937 -0.00325161
internal_weight=2332.8 2188.36 2154.22 297.049 46.0553 1857.17
internal_count=189000 182500 181000 13999 2097 167001
is_linear=0
shrinkage=0.03


Tree=124
num_leaves=7
num_cat=0
split_feature=24 43 46 27 12 14
split_gain=155.241 38.9752 7.11097 11.7344 6.99441 12.2791
threshold=1.0000000180025095e-35 1.0000000180025095e-35 1.0000000180025095e-35 1.0000000180025095e-35 0.0017182130584192659 0.057130584192439889
decision_type=2 2 2 2 2 2
left_child=1 2 3 4 5 -1
right_child=-2 -3 -4 -5 -6 -7
leaf_value=0.0052400909221263486 0.030459935869118104 0.029796824910738363 -0.0087834640800255222 -0.028275122208214515 -0.0027750302701220111 -0.0050730707882211878
leaf_weight=284.25946673657745 140.29128104448318 33.183521591126919 149.47972081042826 14.206360066309569 1538.3882363792509 162.48060649540275
leaf_count=19634 6500 1500 16258 1764 129392 13952
internal_value=-1.54192e-05 -0.00198788 -0.00249236 -0.00201785 -0.0018158 0.00148621
internal_weight=2322.29 2182 2148.81 1999.33 1985.13 446.74
internal_count=189000 182500 181000 164742 162978 33586
is_linear=0
shrinkage=0.03


Tree=125
num_leaves=7
num_cat=0
split_feature=24 43 23 19 14 11
split_gain=150.303 37.6632 6.89023 6.47457 9.03997 6.32298
threshold=1.0000000180025095e-35 1.0000000180025095e-35 0.74620572984000011 0.60598486318200007 0.012027491408934722 0.10781786941580761
decision_type=2 2 2 2 2 2
left_child=1 2 3 4 5 -1
right_child=-2 -3 -4 -5 -6 -7
leaf_value=0.052808382085462936 0.030433398268705798 0.029751892000262854 -0.0016443252949495449 -0.0071959358302162825 -0.0018165583763439007 -0.015655379880701113
leaf_weight=4.415293560363355 136.26283034682274 32.252191565930843 1772.7175596733578 346.39818765968084 19.03835657145828 1.068557670805603
leaf_count=386 6500 1500 136544 41839 2123 108
internal_value=-1.40699e-05 -0.00193391 -0.0024243 -0.00613752 0.00850977 0.0391108
internal_weight=2312.15 2175.89 2143.64 370.92 24.5222 5.48385
internal_count=189000 182500 181000 44456 2617 494
is_linear=0
shrinkage=0.03


Tree=126
num_leaves=7
num_cat=0
split_feature=24 43 42 22 5 18
split_gain=145.522 36.3969 6.83287 6.81898 10.4538 6.01868
threshold=1.0000000180025095e-35 1.0000000180025095e-35 1.0000000180025095e-35 0.96020707913250003 1.5000000000000002 0.89759672048400008
decision_type=2 2 2 2 2 2
left_child=1 2 3 4 5 -1
right_child=-2 -3 -4 -5 -6 -7
leaf_value=-0.0018043796302186655 0.030407304000147489 0.029706926440387447 -0.027209431342917412 0.0047550439471542487 -0.006698431059060172 0.0096468977522105714
leaf_weight=1524.6367925330997 132.34827201813459 31.347152777016163 8.9184789825230819 117.5721008758992 445.94883988657966 41.475722207687795
leaf_count=132560 6500 1500 1133 5560 39599 2148
internal_value=-1.18484e-05 -0.00188035 -0.00235703 -0.00224023 -0.00265115 -0.00149515
internal_weight=2302.25 2169.9 2138.55 2129.63 2012.06 1566.11
internal_count=189000 182500 181000 179867 174307 134708
is_linear=0
shrinkage=0.03


Tree=127
num_leaves=7
num_cat=0
split_feature=24 43 46 27 12 5
split_gain=140.907 35.1781 6.80438 11.3151 7.0276 6.81076
threshold=1.0000000180025095e-35 1.0000000180025095e-35 1.0000000180025095e-35 1.0000000180025095e-35 0.024484536082474227 3.5000000000000004
decision_type=2 2 2 2 2 2
left_child=1 2 3 5 -4 -1
right_child=-2 -3 4 -5 -6 -7
leaf_value=-0.0013745387191622372 0.030381625304548597 0.029661889322200933 -0.0092862458704478391 -0.028176494857772086 0.041658699209292625 -0.013704388610834827
leaf_weight=1932.4237608490512 128.54454293847084 30.46769555658102 145.96743405936286 13.564834422431884 1.5065647205337871 40.197201018687338
leaf_count=159893 6500 1500 16074 1764 184 3085
internal_value=-1.03435e-05 -0.00182876 -0.00229212 -0.00182798 -0.00848873 -0.00163261
internal_weight=2292.67 2164.13 2133.66 1986.19 147.474 1972.62
internal_count=189000 182500 181000 164742 16258 162978
is_linear=0
shrinkage=0.03


Tree=128
num_leaves=7
num_cat=0
split_feature=24 43 12 14 20 11
split_gain=136.444 34.003 6.66288 13.1205 7.80378 8.49026
threshold=1.0000000180025095e-35 1.0000000180025095e-35 0.0017182130584192659 0.027491408934707865 0.86488375624100011 1.0000000180025095e-35
decision_type=2 2 2 2 2 2
left_child=1 2 3 -1 5 -5
right_child=-2 -3 -4 4 -6 -7
leaf_value=0.005751427761362532 0.03035633763946707 0.029616747319672964 -0.0031343769330911164 0.020680057849075863 -0.01673829774147606 -0.0034612945244311896
leaf_weight=243.80578452907503 124.84865263104439 29.613129794597626 1648.438798930496 13.099045181646941 36.341271068900824 187.2337923720479
leaf_count=16748 6500 1500 143568 1123 3176 16385
internal_value=-8.75837e-06 -0.00177831 -0.00222871 0.00087852 -0.0041443 -0.0017879
internal_weight=2283.38 2158.53 2128.92 480.48 236.674 200.333
internal_count=189000 182500 181000 37432 20684 17508
is_linear=0
shrinkage=0.03


Tree=129
num_leaves=7
num_cat=0
split_feature=24 43 22 20 23 14
split_gain=132.129 32.8701 6.59897 8.39122 7.0648 6.35913
threshold=1.0000000180025095e-35 1.0000000180025095e-35 0.7861602742760001 0.60849479519000005 0.72777307561850002 0.0017182130584192936
decision_type=2 2 2 2 2 2
left_child=1 2 3 -1 -4 -6
right_child=-2 -3 4 -5 5 -7
leaf_value=0.022555380935254211 0.030331417636073246 0.029571468255626551 0.016915386938367839 -0.0078497966491779259 0.0040259653374760829 -0.0022772971540837368
leaf_weight=7.5160581744275978 121.2576711550355 28.782782144844532 17.444238344673067 234.73389599798247 156.39780450193211 1708.2089436044917
leaf_count=725 6500 1500 1996 28931 11596 137752
internal_value=-7.08389e-06 -0.00172898 -0.00216679 -0.0068176 -0.00156486 -0.00174672
internal_weight=2274.34 2153.08 2124.3 242.25 1882.05 1864.61
internal_count=189000 182500 181000 29656 151344 149348
is_linear=0
shrinkage=0.03


Tree=130
num_leaves=7
num_cat=0
split_feature=24 43 42 22 5 11
split_gain=127.953 31.7771 6.5302 6.4288 6.40946 5.94746
threshold=1.0000000180025095e-35 1.0000000180025095e-35 1.0000000180025095e-35 0.87681492664600003 1.5000000000000002 1.0000000180025095e-35
decision_type=2 2 2 2 2 2
left_child=1 2 3 4 -1 -5
right_child=-2 -3 -4 5 -6 -7
leaf_value=-0.0024048437999536444 0.030306840528550778 0.029526012968404302 -0.027035500897395596 0.007894674033818154 -0.0080575733284122264 -0.00089758135294798057
leaf_weight=892.81398628139868 117.76875331997871 27.975996024906635 8.4211311163380724 73.880173372570425 225.8403285886161 918.8349585076794
leaf_count=94512 6500 1500 1133 4280 25589 55486
internal_value=-5.02593e-06 -0.00168045 -0.00210603 -0.00199385 -0.00355223 -0.000235955
internal_weight=2265.54 2147.77 2119.79 2111.37 1118.65 992.715
internal_count=189000 182500 181000 179867 120101 59766
is_linear=0
shrinkage=0.03


Tree=131
num_leaves=7
num_cat=0
split_feature=24 43 46 27 12 5
split_gain=123.922 30.7249 6.49965 10.9126 6.68699 6.54292
threshold=1.0000000180025095e-35 1.0000000180025095e-35 1.0000000180025095e-35 1.0000000180025095e-35 0.024484536082474227 3.5000000000000004
decision_type=2 2 2 2 2 2
left_child=1 2 3 5 -4 -1
right_child=-2 -3 4 -5 -6 -7
leaf_value=-0.0011526439331375549 0.030282586693230158 0.029480349475267602 -0.0089501624837492952 -0.028068629024556941 0.040271045120336024 -0.013357201649817872
leaf_weight=1917.919880009722 114.37911447137594 27.192126028239727 143.68486185837537 12.916043325327335 1.5556937842629839 39.379345343913883
leaf_count=159893 6500 1500 16074 1764 184 3085
internal_value=-3.86686e-06 -0.00163399 -0.00204768 -0.00159383 -0.00815118 -0.00140489
internal_weight=2257.03 2142.65 2115.46 1970.22 145.241 1957.3
internal_count=189000 182500 181000 164742 16258 162978
is_linear=0
shrinkage=0.03


Tree=132
num_leaves=7
num_cat=0
split_feature=24 43 22 21 11 14
split_gain=120.023 29.7098 6.29329 7.58797 11.2267 13.8296
threshold=1.0000000180025095e-35 1.0000000180025095e-35 0.83278098112150012 0.58016819464450009 0.0090206185567010284 1.0000000180025095e-35
decision_type=2 2 2 2 2 2
left_child=1 2 -1 4 -4 -6
right_child=-2 -3 3 -5 5 -7
leaf_value=-0.0044330345729768341 0.030258626516536283 0.029434451464493853 0.017116512286891906 -0.0023099221918691406 0.025660086670824436 -0.0004203026031116412
leaf_weight=654.08344054734334 111.08605470508337 26.430546306073666 41.214682064484805 1019.4549003881402 18.227573837619275 378.27588716801256
leaf_count=76957 6500 1500 2756 73579 1172 26536
internal_value=-2.51897e-06 -0.00158847 -0.00199059 -0.00089196 0.00240824 0.00084017
internal_weight=2248.77 2137.69 2111.26 1457.17 437.718 396.503
internal_count=189000 182500 181000 104043 30464 27708
is_linear=0
shrinkage=0.03


Tree=133
num_leaves=7
num_cat=0
split_feature=24 43 12 14 20 11
split_gain=116.248 28.7297 6.27495 12.1751 7.52022 7.77126
threshold=1.0000000180025095e-35 1.0000000180025095e-35 0.0017182130584192659 0.027491408934707865 0.86488375624100011 1.0000000180025095e-35
decision_type=2 2 2 2 2 2
left_child=1 2 3 -1 5 -5
right_child=-2 -3 -4 4 -6 -7
leaf_value=0.0057690551824259393 0.030234942730644015 0.029388274343994894 -0.0028199821314734827 0.019797517341858934 -0.016346945341508264 -0.0031237665108563694
leaf_weight=243.67937927274033 107.8869104385376 25.690650567412376 1629.8411169685423 13.343907197937368 35.327509344089776 184.93227203190327
leaf_count=16748 6500 1500 143568 1123 3176 16385
internal_value=-6.56362e-07 -0.00154356 -0.00193445 0.00108908 -0.00379653 -0.00148957
internal_weight=2240.7 2132.81 2107.12 477.283 233.604 198.276
internal_count=189000 182500 181000 37432 20684 17508
is_linear=0
shrinkage=0.03


Tree=134
num_leaves=7
num_cat=0
split_feature=24 43 42 22 5 10
split_gain=112.6 27.7852 6.22755 6.26167 9.49078 6.04205
threshold=1.0000000180025095e-35 1.0000000180025095e-35 1.0000000180025095e-35 0.96020707913250003 1.5000000000000002 0.20189003436426117
decision_type=2 2 2 2 2 2
left_child=1 2 3 4 5 -1
right_child=-2 -3 -4 -5 -6 -7
leaf_value=-0.00018760993783681283 0.030211511881789419 0.029341794650418404 -0.026855341355331842 0.0049452284572679747 -0.0060820392208807738 -0.0050697420163050661
leaf_weight=1266.1827456033789 104.77911494672298 24.971838109195232 7.9523025695234528 116.94691311288625 434.76369406143203 277.30793681880459
leaf_count=110914 6500 1500 1133 5560 39599 23794
internal_value=7.37374e-07 -0.00150019 -0.00188017 -0.00177261 -0.00217204 -0.00106746
internal_weight=2232.9 2128.13 2103.15 2095.2 1978.25 1543.49
internal_count=189000 182500 181000 179867 174307 134708
is_linear=0
shrinkage=0.03


Tree=135
num_leaves=7
num_cat=0
split_feature=24 43 46 27 19 21
split_gain=109.075 26.8749 6.20342 10.5066 6.55695 7.94976
threshold=1.0000000180025095e-35 1.0000000180025095e-35 1.0000000180025095e-35 1.0000000180025095e-35 0.73891180007700019 0.58016819464450009
decision_type=2 2 2 2 2 2
left_child=1 2 3 4 5 -1
right_child=-2 -3 -4 -5 -6 -7
leaf_value=0.00048679833885099808 0.030188307357001176 0.029294980627766573 -0.0078337574319134792 -0.027957911025231392 0.0021630211300993668 -0.0039028251356530022
leaf_weight=629.10533300926909 101.76016204059124 24.273530580103397 143.19999532494694 12.301818463020025 410.28650620253757 904.44002887327224
leaf_count=52974 6500 1500 16258 1764 22868 87136
internal_value=1.61951e-06 -0.00145841 -0.00182777 -0.00138433 -0.00120186 -0.00210293
internal_weight=2225.37 2123.61 2099.33 1956.13 1943.83 1533.55
internal_count=189000 182500 181000 164742 162978 140110
is_linear=0
shrinkage=0.03


Tree=136
num_leaves=7
num_cat=0
split_feature=24 43 22 20 23 21
split_gain=105.666 25.9967 6.0165 7.88013 6.80195 6.4405
threshold=1.0000000180025095e-35 1.0000000180025095e-35 0.7861602742760001 0.60849479519000005 0.72777307561850002 0.61658264941300012
decision_type=2 2 2 2 2 2
left_child=1 2 3 -1 5 -4
right_child=-2 -3 4 -5 -6 -7
leaf_value=0.022025032031672217 0.030165317495668597 0.029247791163222337 0.0021875250052468668 -0.0073012787349539436 -0.0013822023667340866 0.038564247190715537
leaf_weight=7.6017625466920427 98.827581852674484 23.595163598656654 11.024122149683537 229.15629373304546 1841.4173793192022 6.4133422682061783
leaf_count=725 6500 1500 1256 28931 149348 740
internal_value=2.38983e-06 -0.0014178 -0.00177686 -0.006271 -0.00120138 0.0169325
internal_weight=2218.04 2119.21 2095.61 236.758 1858.85 17.4375
internal_count=189000 182500 181000 29656 151344 1996
is_linear=0
shrinkage=0.03


Tree=137
num_leaves=7
num_cat=0
split_feature=24 43 42 12 14 19
split_gain=102.36 25.1473 5.92987 5.87838 11.4322 7.34665
threshold=1.0000000180025095e-35 1.0000000180025095e-35 1.0000000180025095e-35 0.0017182130584192659 0.027491408934707865 0.73891180007700019
decision_type=2 2 2 2 2 2
left_child=1 2 3 4 -1 -5
right_child=-2 -3 -4 5 -6 -7
leaf_value=0.0058388684779780578 0.030142514335931507 0.029200206197478616 -0.026681289400518785 -0.003503723473951263 -0.0034643637232382642 0.0015449742499171486
leaf_weight=243.1897978419438 95.978995319455862 22.93618256226182 7.5388997900299719 1286.2293264623731 230.72983335144818 324.24982342403382
leaf_count=16643 6500 1500 1133 123454 20574 19196
internal_value=4.3882e-06 -0.00137697 -0.00172601 -0.001623 0.00131179 -0.0024869
internal_weight=2210.85 2114.87 2091.94 2084.4 473.92 1610.48
internal_count=189000 182500 181000 179867 37217 142650
is_linear=0
shrinkage=0.03


Tree=138
num_leaves=7
num_cat=0
split_feature=24 43 46 27 12 5
split_gain=99.1691 24.3294 5.91252 10.1111 6.39688 6.32237
threshold=1.0000000180025095e-35 1.0000000180025095e-35 1.0000000180025095e-35 1.0000000180025095e-35 0.024484536082474227 3.5000000000000004
decision_type=2 2 2 2 2 2
left_child=1 2 3 5 -4 -1
right_child=-2 -3 4 -5 -6 -7
leaf_value=-0.00082117820686382272 0.030119876595621202 0.029152187149152114 -0.0083843062106359317 -0.027854298861561672 0.039477225358661043 -0.012954048928280408
leaf_weight=1896.6116688768379 93.212077859789133 22.296052426099777 139.9959286977537 11.769486322533337 1.5846647983416904 38.465884499251842
leaf_count=159893 6500 1500 16074 1764 184 3085
internal_value=5.19923e-06 -0.00133833 -0.00167765 -0.00124507 -0.00757549 -0.00106892
internal_weight=2203.94 2110.72 2088.43 1946.85 141.581 1935.08
internal_count=189000 182500 181000 164742 16258 162978
is_linear=0
shrinkage=0.03


Tree=139
num_leaves=7
num_cat=0
split_feature=24 43 22 13 13 2
split_gain=96.0803 23.5396 5.71752 6.91449 21.6019 8.94534
threshold=1.0000000180025095e-35 1.0000000180025095e-35 0.79991728275650009 0.0094501718213058448 1.0000000180025095e-35 1.0000000180025095e-35
decision_type=2 2 2 2 2 2
left_child=1 2 -1 4 -4 -6
right_child=-2 -3 3 -5 5 -7
leaf_value=-0.0052316456140131641 0.030097387049345403 0.029103705744170968 -0.00051431755078659084 -0.0055197815735968337 0.046586654044144193 -0.019013157976512738
leaf_weight=332.40368345566094 90.524559374898672 21.674249321222305 1486.7031520209275 253.20991914486513 11.064642143901434 1.6493748910725123
leaf_count=41488 6500 1500 117906 20718 769 119
internal_value=6.20868e-06 -0.00130047 -0.00163032 -0.000944703 -0.000168935 0.0373106
internal_weight=2197.23 2106.71 2085.03 1752.63 1499.42 12.714
internal_count=189000 182500 181000 139512 118794 888
is_linear=0
shrinkage=0.03


Tree=140
num_leaves=7
num_cat=0
split_feature=24 43 5 22 10 11
split_gain=93.0901 22.7769 5.73512 7.40207 8.87496 6.68503
threshold=1.0000000180025095e-35 1.0000000180025095e-35 1.5000000000000002 0.96020707913250003 0.039089347079037808 0.064862542955326494
decision_type=2 2 2 2 2 2
left_child=1 2 -1 -4 -5 -6
right_child=-2 -3 3 4 5 -7
leaf_value=-0.00070724766733317259 0.030075025255655505 0.029054732472780884 -0.0058064801408142276 -0.013239315260662573 0.01955631067535565 -0.0048819588072816214
leaf_weight=1590.0660618557595 87.914224248379469 21.070260554552078 429.96197564341128 16.256293535232544 31.269593828357756 14.15087025798857
leaf_count=138196 6500 1500 39847 785 1497 675
internal_value=7.4554e-06 -0.00126333 -0.001584 -0.00441241 0.00524352 0.0120014
internal_weight=2190.69 2102.78 2081.7 491.639 61.6768 45.4205
internal_count=189000 182500 181000 42804 2957 2172
is_linear=0
shrinkage=0.03


Tree=141
num_leaves=7
num_cat=0
split_feature=24 43 42 12 14 20
split_gain=90.198 22.0409 5.65514 5.56086 10.7263 7.08183
threshold=1.0000000180025095e-35 1.0000000180025095e-35 1.0000000180025095e-35 0.0017182130584192659 0.027491408934707865 0.86488375624100011
decision_type=2 2 2 2 2 2
left_child=1 2 3 4 -1 -6
right_child=-2 -3 -4 -5 5 -7
leaf_value=0.0057885228904268971 0.030052769439342601 0.029005233157684884 -0.026498458434274685 -0.0022848697472902467 -0.0010102322635665143 -0.015711595235753942
leaf_weight=243.51823803037405 85.378929506987333 20.483592990785837 7.1412974810227743 1599.0109944953583 195.05403859773651 33.777984105050564
leaf_count=16643 6500 1500 1133 142650 17454 3120
internal_value=8.43604e-06 -0.00122738 -0.00153913 -0.00144034 0.00141739 -0.00323923
internal_weight=2184.37 2098.99 2078.5 2071.36 472.35 228.832
internal_count=189000 182500 181000 179867 37217 20574
is_linear=0
shrinkage=0.03


Tree=142
num_leaves=7
num_cat=0
split_feature=24 43 46 27 12 10
split_gain=87.4021 21.331 5.62793 9.74068 6.06967 5.99986
threshold=1.0000000180025095e-35 1.0000000180025095e-35 1.0000000180025095e-35 1.0000000180025095e-35 0.024484536082474227 0.16151202749140894
decision_type=2 2 2 2 2 2
left_child=1 2 3 5 -4 -1
right_child=-2 -3 4 -5 -6 -7
leaf_value=0.00018809771573220747 0.030030598783235822 0.028955184009180644 -0.0080943834791713919 -0.027744847888210029 0.038062014362734195 -0.0034719456589273651
leaf_weight=1350.8766593714245 82.91657455265522 19.913759082555771 138.17715456523001 11.247468603309242 1.6379734235815693 573.4824686688371
leaf_count=114765 6500 1500 16074 1764 184 48213
internal_value=8.89704e-06 -0.00119288 -0.00149596 -0.00107409 -0.00728719 -0.000903877
internal_weight=2178.25 2095.34 2075.42 1935.61 139.815 1924.36
internal_count=189000 182500 181000 164742 16258 162978
is_linear=0
shrinkage=0.03


Tree=143
num_leaves=7
num_cat=0
split_feature=24 43 23 19 14 11
split_gain=84.6932 20.6448 5.44377 5.89175 8.30092 5.85251
threshold=1.0000000180025095e-35 1.0000000180025095e-35 0.74620572984000011 0.60598486318200007 0.012027491408934722 0.10781786941580761
decision_type=2 2 2 2 2 2
left_child=1 2 3 4 5 -1
right_child=-2 -3 -4 -5 -6 -7
leaf_value=0.050927034985981882 0.030008498302113711 0.028904553278979873 -0.00075639055643861362 -0.0059025781483626003 -0.0010168389914154514 -0.015377535094767194
leaf_weight=4.5399135202169445 80.525119323283434 19.360288046300411 1720.2184631638229 328.1184210171923 18.494799520820379 1.0306753022596238
leaf_count=386 6500 1500 136544 41839 2123 108
internal_value=9.88013e-06 -0.00115874 -0.0014534 -0.0048461 0.00921915 0.038186
internal_weight=2172.29 2091.76 2072.4 352.184 24.0654 5.57059
internal_count=189000 182500 181000 44456 2617 494
is_linear=0
shrinkage=0.03


Tree=144
num_leaves=7
num_cat=0
split_feature=24 43 5 22 10 11
split_gain=82.0693 19.9816 5.40529 6.93062 8.38144 6.17444
threshold=1.0000000180025095e-35 1.0000000180025095e-35 1.5000000000000002 0.96020707913250003 0.039089347079037808 0.064862542955326494
decision_type=2 2 2 2 2 2
left_child=1 2 -1 -4 -5 -6
right_child=-2 -3 3 4 5 -7
leaf_value=-0.00055979548187296067 0.029986443939158985 0.028853310787248426 -0.005535649080747526 -0.012988729112436993 0.018786647726696273 -0.0047024049860718651
leaf_weight=1582.2778446194716 78.202578239142895 18.822721671313047 425.32526130322367 16.019980849698186 31.764271148480475 14.048498963005839
leaf_count=138196 6500 1500 39847 785 1497 675
internal_value=1.12365e-05 -0.00112511 -0.00141159 -0.00417137 0.00515175 0.0116371
internal_weight=2166.46 2088.26 2069.44 487.158 61.8328 45.8128
internal_count=189000 182500 181000 42804 2957 2172
is_linear=0
shrinkage=0.03


Tree=145
num_leaves=7
num_cat=0
split_feature=24 43 42 12 14 19
split_gain=79.5323 19.3417 5.3842 5.25461 10.044 6.89081
threshold=1.0000000180025095e-35 1.0000000180025095e-35 1.0000000180025095e-35 0.0017182130584192659 0.027491408934707865 0.73891180007700019
decision_type=2 2 2 2 2 2
left_child=1 2 3 4 -1 -5
right_child=-2 -3 -4 5 -6 -7
leaf_value=0.0057189449591382498 0.029964417985362628 0.028801428336560474 -0.026309372046528792 -0.0030963799025151804 -0.0030302943632695032 0.0018162534838631098
leaf_weight=243.97604114422575 75.947014149278402 18.300612922757864 6.765212193131446 1267.1994942049496 227.09765231562778 321.55941782193258
leaf_count=16643 6500 1500 1133 123454 20574 19196
internal_value=1.20654e-05 -0.00109286 -0.00137139 -0.00127675 0.00150358 -0.00210156
internal_weight=2160.85 2084.9 2066.6 2059.83 471.074 1588.76
internal_count=189000 182500 181000 179867 37217 142650
is_linear=0
shrinkage=0.03


Tree=146
num_leaves=7
num_cat=0
split_feature=24 43 46 27 5 17
split_gain=77.0781 18.724 5.34656 9.37676 5.98477 6.94524
threshold=1.0000000180025095e-35 1.0000000180025095e-35 1.0000000180025095e-35 1.0000000180025095e-35 3.5000000000000004 0.12414089347079039
decision_type=2 2 2 2 2 2
left_child=1 2 3 4 -1 -6
right_child=-2 -3 -4 -5 5 -7
leaf_value=-0.00051710787647284596 0.029942405449872971 0.02874887800450918 -0.0070116540504253566 -0.027633739398800358 -0.017216284296834146 0.019945364860056825
leaf_weight=1877.4805686366744 73.756538331508636 17.793525941669941 138.16662257816643 10.755801707506178 33.071029764134437 4.3663214775733641
leaf_count=159893 6500 1500 16258 1764 2737 348
internal_value=1.25756e-05 -0.00106177 -0.00133258 -0.00092168 -0.000757298 -0.012476
internal_weight=2155.39 2081.63 2063.84 1925.67 1914.92 37.4374
internal_count=189000 182500 181000 164742 162978 3085
is_linear=0
shrinkage=0.03


Tree=147
num_leaves=7
num_cat=0
split_feature=24 43 1 5 22 18
split_gain=74.7028 18.1274 5.20308 5.16041 6.51412 6.25267
threshold=1.0000000180025095e-35 1.0000000180025095e-35 1.0000000180025095e-35 1.5000000000000002 0.77807586242450011 0.89759672048400008
decision_type=2 2 2 2 2 2
left_child=1 2 3 5 -5 -1
right_child=-2 -3 -4 4 -6 -7
leaf_value=-0.00076072600209157039 0.029920379714686016 0.028695632418247803 -0.026202059246813274 -0.018586248052769445 -0.0030792630055160881 0.0087608000981462941
leaf_weight=1508.5118633206002 71.629328653216362 17.301036044955254 6.5231924350373438 24.820379613433033 457.60590291395783 63.735403818078339
leaf_count=134180 6500 1500 1000 3561 39013 3246
internal_value=1.29563e-05 -0.00103161 -0.00129492 -0.00120314 -0.00391388 -0.000369421
internal_weight=2150.13 2078.5 2061.2 2054.67 482.426 1572.25
internal_count=189000 182500 181000 180000 42574 137426
is_linear=0
shrinkage=0.03


Tree=148
num_leaves=7
num_cat=0
split_feature=24 43 22 20 23 21
split_gain=72.4037 17.5512 5.1055 7.25913 6.74348 6.02467
threshold=1.0000000180025095e-35 1.0000000180025095e-35 0.7861602742760001 0.60849479519000005 0.72777307561850002 0.61658264941300012
decision_type=2 2 2 2 2 2
left_child=1 2 3 -1 5 -4
right_child=-2 -3 4 -5 -6 -7
leaf_value=0.021523180961411186 0.029898324185313973 0.028641662924099032 0.0028211539122055336 -0.0064991355459648953 -0.00091044516630871112 0.038175798815024878
leaf_weight=7.6841274541802695 69.563593249768019 16.822732519358397 10.795560783240946 221.45163742639124 1812.2449411991984 6.4551790771074584
leaf_count=725 6500 1500 1256 28931 149348 740
internal_value=1.32324e-05 -0.00100235 -0.00125838 -0.00546996 -0.000728205 0.0174176
internal_weight=2145.02 2075.45 2058.63 229.136 1829.5 17.2507
internal_count=189000 182500 181000 29656 151344 1996
is_linear=0
shrinkage=0.03


Tree=149
num_leaves=7
num_cat=0
split_feature=24 43 42 12 14 20
split_gain=70.1717 16.9928 5.11249 4.96043 9.42781 6.83485
threshold=1.0000000180025095e-35 1.0000000180025095e-35 1.0000000180025095e-35 0.0017182130584192659 0.027491408934707865 0.82821412087450008
decision_type=2 2 2 2 2 2
left_child=1 2 3 4 -1 -6
right_child=-2 -3 -4 -5 5 -7
leaf_value=0.005642316631454895 0.029876226137920094 0.028586941762975472 -0.026110425983742601 -0.00193594826634233 0.00067485858255931022 -0.010549147324662
leaf_weight=244.48323823790997 67.557594738900661 16.358214430510998 6.4031936570536336 1579.5891201151535 155.46546864882112 70.114952676929533
leaf_count=16643 6500 1500 1133 142650 14003 6571
internal_value=1.48088e-05 -0.000972568 -0.00122153 -0.00113108 0.00157194 -0.00284495
internal_weight=2139.97 2072.41 2056.06 2049.65 470.064 225.58
internal_count=189000 182500 181000 179867 37217 20574
is_linear=0
shrinkage=0.03


Tree=150
num_leaves=7
num_cat=0
split_feature=24 43 46 27 12 10
split_gain=68.0164 16.4548 5.08213 8.89054 5.80065 5.72353
threshold=1.0000000180025095e-35 1.0000000180025095e-35 1.0000000180025095e-35 1.0000000180025095e-35 0.024484536082474227 0.16151202749140894
decision_type=2 2 2 2 2 2
left_child=1 2 3 5 -4 -1
right_child=-2 -3 4 -5 -6 -7
leaf_value=0.00043931289144327556 0.029854058418192442 0.028531442286510913 -0.0075693645685317541 -0.027486317555067762 0.037291544632900055 -0.0031542543331212983
leaf_weight=1339.9554878724739 65.609644167125225 15.907089225947855 134.99776987731457 10.159542492823673 1.6679158499464382 566.85446813190356
leaf_count=114765 6500 1500 16074 1764 184 48213
internal_value=1.50892e-05 -0.000944842 -0.00118694 -0.000786662 -0.00675496 -0.000630072
internal_weight=2135.15 2069.54 2053.64 1916.97 136.666 1906.81
internal_count=189000 182500 181000 164742 16258 162978
is_linear=0
shrinkage=0.03


Tree=151
num_leaves=7
num_cat=0
split_feature=24 43 1 5 22 10
split_gain=65.9275 15.9342 4.93163 4.86732 6.414 7.84989
threshold=1.0000000180025095e-35 1.0000000180025095e-35 1.0000000180025095e-35 1.5000000000000002 0.96020707913250003 0.039089347079037808
decision_type=2 2 2 2 2 2
left_child=1 2 3 -1 -5 -6
right_child=-2 -3 -4 4 5 -7
leaf_value=-0.000255268724119493 0.029831811176192626 0.028475139678738479 -0.025993976292558462 -0.0050441141250303998 -0.012567517628675877 0.01145940133073034
leaf_weight=1566.3337559481151 63.718094956129789 15.468976926058529 6.1693702857010058 417.12428913451731 15.63241391815245 46.003143016248941
leaf_count=137426 6500 1500 1000 39633 778 2163
internal_value=1.58088e-05 -0.000917412 -0.00115283 -0.00106523 -0.00370908 0.00526218
internal_weight=2130.45 2066.73 2051.26 2045.09 478.76 61.6356
internal_count=189000 182500 181000 180000 42574 2941
is_linear=0
shrinkage=0.03


Tree=152
num_leaves=7
num_cat=0
split_feature=24 43 22 13 13 2
split_gain=63.9068 15.4317 4.89764 6.52476 20.0779 8.23896
threshold=1.0000000180025095e-35 1.0000000180025095e-35 0.79991728275650009 0.0094501718213058448 1.0000000180025095e-35 1.0000000180025095e-35
decision_type=2 2 2 2 2 2
left_child=1 2 -1 4 -4 -6
right_child=-2 -3 3 -5 5 -7
leaf_value=-0.0045042868557278156 0.02980945718507012 0.028418008698448152 -6.9169919312368595e-05 -0.004978425254472142 0.044660836442254701 -0.018764367300402984
leaf_weight=323.05828186776489 61.881355009973049 15.04350872710347 1465.0980358999223 247.86737768072635 11.370401026681062 1.5951583040878183
leaf_count=41488 6500 1500 117906 20718 769 119
internal_value=1.6047e-05 -0.000891186 -0.00112013 -0.000484444 0.000272041 0.0360727
internal_weight=2125.91 2064.03 2048.99 1725.93 1478.06 12.9656
internal_count=189000 182500 181000 139512 118794 888
is_linear=0
shrinkage=0.03


Tree=153
num_leaves=7
num_cat=0
split_feature=24 43 42 14 12 21
split_gain=61.9475 14.9453 4.84738 4.80423 14.2213 10.2093
threshold=1.0000000180025095e-35 1.0000000180025095e-35 1.0000000180025095e-35 0.0017182130584192936 0.011597938144329885 0.58016819464450009
decision_type=2 2 2 2 2 2
left_child=1 2 3 4 5 -1
right_child=-2 -3 -4 -5 -6 -7
leaf_value=0.020328639011670285 0.02978698206271543 0.028360015645140169 -0.025904429325107704 -0.001438954392754175 -0.014294312264342371 0.0025799647135529738
leaf_weight=40.931251907255501 60.097856447100639 14.630325604230164 6.0609320292714974 1871.9176972876303 30.811675989069045 97.013632323592901
leaf_count=3068 6500 1500 1133 166399 3097 7303
internal_value=1.6865e-05 -0.000865087 -0.00108774 -0.00100138 0.00383226 0.00795479
internal_weight=2121.46 2061.37 2046.74 2040.67 168.757 137.945
internal_count=189000 182500 181000 179867 13468 10371
is_linear=0
shrinkage=0.03


Tree=154
num_leaves=7
num_cat=0
split_feature=24 43 46 27 5 17
split_gain=60.0521 14.4755 4.81753 8.42855 5.64949 6.71225
threshold=1.0000000180025095e-35 1.0000000180025095e-35 1.0000000180025095e-35 1.0000000180025095e-35 3.5000000000000004 0.12414089347079039
decision_type=2 2 2 2 2 2
left_child=1 2 3 4 -1 -6
right_child=-2 -3 -4 -5 5 -7
leaf_value=-0.00028593817707164447 0.029764371231431972 0.028301147240286283 -0.0065070920302837849 -0.027336037510902387 -0.016837669482683414 0.019660309259100339
leaf_weight=1863.1914652427658 58.36608586832881 14.229074120521544 135.24608574481681 9.6069952447433007 32.148338648956269 4.3964969008229664
leaf_count=159893 6500 1500 16258 1764 2737 348
internal_value=1.71788e-05 -0.000840174 -0.00105672 -0.000667441 -0.000518266 -0.0120401
internal_weight=2117.18 2058.82 2044.59 1909.34 1899.74 36.5448
internal_count=189000 182500 181000 164742 162978 3085
is_linear=0
shrinkage=0.03


Tree=155
num_leaves=7
num_cat=0
split_feature=24 43 1 19 21 14
split_gain=58.2168 14.0216 4.67693 4.71706 7.50857 13.9186
threshold=1.0000000180025095e-35 1.0000000180025095e-35 1.0000000180025095e-35 0.73891180007700019 0.58016819464450009 0.012027491408934722
decision_type=2 2 2 2 2 2
left_child=1 2 3 4 5 -1
right_child=-2 -3 -4 -5 -6 -7
leaf_value=0.0082013619816827931 0.029741600620832247 0.028241369620721324 -0.025785479166224673 0.0018237771632399087 -0.0034151551180059726 -0.0017844915949337891
leaf_weight=167.46389822894707 56.68457830324769 13.839417602866886 5.8450909210368982 435.16553501295857 940.97147257463075 493.07111609121785
leaf_count=13467 6500 1500 1000 25364 96400 44769
internal_value=1.73464e-05 -0.000816077 -0.00102668 -0.000943009 -0.00169548 0.000755769
internal_weight=2113.04 2056.36 2042.52 2036.67 1601.51 660.535
internal_count=189000 182500 181000 180000 154636 58236
is_linear=0
shrinkage=0.03


Tree=156
num_leaves=7
num_cat=0
split_feature=24 43 12 14 20 11
split_gain=56.439 13.5826 4.63576 8.52683 6.77161 7.42378
threshold=1.0000000180025095e-35 1.0000000180025095e-35 0.0017182130584192659 0.027491408934707865 0.86488375624100011 1.0000000180025095e-35
decision_type=2 2 2 2 2 2
left_child=1 2 3 -1 5 -5
right_child=-2 -3 -4 4 -6 -7
leaf_value=0.0054644275598370413 0.029718654796758767 0.028180664529657468 -0.0017788249780822012 0.020483508896849387 -0.015082407629730794 -0.0020873104058970128
leaf_weight=245.68145632348023 55.051892995834351 13.46102077513933 1571.0610547615215 13.151241484563796 32.385728272376582 178.19773019384593
leaf_count=16748 6500 1500 143568 1123 3176 16385
internal_value=1.76058e-05 -0.000792549 -0.000997395 0.00161615 -0.00261513 -0.000437612
internal_weight=2108.99 2053.94 2040.48 469.416 223.735 191.349
internal_count=189000 182500 181000 37432 20684 17508
is_linear=0
shrinkage=0.03


Tree=157
num_leaves=7
num_cat=0
split_feature=24 43 42 22 19 14
split_gain=54.7154 13.1577 4.58919 4.55349 6.85269 6.79869
threshold=1.0000000180025095e-35 1.0000000180025095e-35 1.0000000180025095e-35 0.7861602742760001 0.60598486318200007 0.0085910652920962467
decision_type=2 2 2 2 2 2
left_child=1 2 3 4 5 -1
right_child=-2 -3 -4 -5 -6 -7
leaf_value=0.041681622779498488 0.02969551193997922 0.028119000775758945 -0.025690931701035129 -0.0003851465958871183 -0.0066342199587785559 0.0019322106553865057
leaf_weight=4.0014587230980423 53.466643672436476 13.093565125018356 5.7366218115203074 1808.6659878264181 202.44061359297484 17.638637424446642
leaf_count=343 6500 1500 1133 150400 27106 2018
internal_value=1.82655e-05 -0.000769251 -0.000968502 -0.000886135 -0.00491018 0.0107987
internal_weight=2105.04 2051.58 2038.48 2032.75 224.081 21.6401
internal_count=189000 182500 181000 179867 29467 2361
is_linear=0
shrinkage=0.03


Tree=158
num_leaves=7
num_cat=0
split_feature=24 43 46 27 12 10
split_gain=53.0457 12.7467 4.56765 7.97433 5.53436 5.41071
threshold=1.0000000180025095e-35 1.0000000180025095e-35 1.0000000180025095e-35 1.0000000180025095e-35 0.024484536082474227 0.16151202749140894
decision_type=2 2 2 2 2 2
left_child=1 2 3 5 -4 -1
right_child=-2 -3 4 -5 -6 -7
leaf_value=0.00062141920325070761 0.029672156665949585 0.028056361386563106 -0.0070933117193092768 -0.027177677514307969 0.036449221442776361 -0.0028874145219141374
leaf_weight=1332.1284821080044 51.927468273788691 12.736734934151171 132.23567849770188 9.0776344807818514 1.7014323798939575 561.40015280712396
leaf_count=114765 6500 1500 16074 1764 184 48213
internal_value=1.89898e-05 -0.000746509 -0.000940326 -0.000561743 -0.00627416 -0.000419867
internal_weight=2101.21 2049.28 2036.54 1902.61 133.937 1893.53
internal_count=189000 182500 181000 164742 16258 162978
is_linear=0
shrinkage=0.03


Tree=159
num_leaves=7
num_cat=0
split_feature=24 43 5 17 22 14
split_gain=51.4289 12.3495 4.53723 7.78993 5.22621 5.09296
threshold=1.0000000180025095e-35 1.0000000180025095e-35 3.5000000000000004 0.18298969072164953 0.91499181762000015 1.0000000180025095e-35
decision_type=2 2 2 2 2 2
left_child=1 2 4 5 -1 -4
right_child=-2 -3 3 -5 -6 -7
leaf_value=-0.0016811793193338552 0.029648572474826506 0.027992724881603148 0.021185849701789165 0.034283016430903472 0.0017174091006179129 -0.017638405083659183
leaf_weight=1426.8746168878861 50.433050142601132 12.390225660055874 2.4915834474377325 2.2504687607288352 568.78453932330012 34.277113496791571
leaf_count=147429 6500 1500 176 178 30131 3086
internal_value=1.95193e-05 -0.000724563 -0.000913103 -0.0109154 -0.00071217 -0.0145163
internal_weight=2097.5 2047.07 2034.68 39.0192 1995.66 36.7687
internal_count=189000 182500 181000 3440 177560 3262
is_linear=0
shrinkage=0.03


Tree=160
num_leaves=7
num_cat=0
split_feature=24 43 5 22 20 18
split_gain=49.861 11.9648 4.45652 6.07668 5.85824 5.37379
threshold=1.0000000180025095e-35 1.0000000180025095e-35 1.5000000000000002 0.77807586242450011 0.72752494729350003 0.89759672048400008
decision_type=2 2 2 2 2 2
left_child=1 2 5 -4 -5 -1
right_child=-2 -3 3 4 -6 -7
leaf_value=-0.00047930393094541032 0.029624736259178067 0.027928067633262239 -0.01797408748268696 0.021893976699819233 -0.0031020311571351069 0.008299719503449772
leaf_weight=1494.4555138975848 48.982108943164349 12.053741142153738 23.550882263109088 7.6136568835936478 442.69296507001854 64.501200527418405
leaf_count=134871 6500 1500 3576 683 38545 3325
internal_value=2.05717e-05 -0.000702691 -0.000886107 -0.00343059 -0.00263183 -0.000110988
internal_weight=2093.85 2044.87 2032.81 473.858 450.307 1558.96
internal_count=189000 182500 181000 42804 39228 138196
is_linear=0
shrinkage=0.03


Tree=161
num_leaves=7
num_cat=0
split_feature=24 43 1 12 21 14
split_gain=48.3435 11.5932 4.43888 4.3664 7.9569 7.68998
threshold=1.0000000180025095e-35 1.0000000180025095e-35 1.0000000180025095e-35 0.0017182130584192659 0.63636401851800006 0.027491408934707865
decision_type=2 2 2 2 2 2
left_child=1 2 3 4 5 -1
right_child=-2 -3 -4 -5 -6 -7
leaf_value=0.0085425856904681515 0.029600632451866376 0.02786236373793681 -0.025562240162226593 -0.0015429293726892306 -0.004598528735687551 -0.00047428170316286692
leaf_weight=174.05079488852061 47.573397634550929 11.726993601769207 5.5271258077118537 1558.2405656515621 127.71893878513947 165.51045106514357
leaf_count=11872 6500 1500 1000 142793 10137 15198
internal_value=2.1162e-05 -0.000681849 -0.00086029 -0.000780304 0.00176069 0.00415906
internal_weight=2090.35 2042.77 2031.05 2025.52 467.28 339.561
internal_count=189000 182500 181000 180000 37207 27070
is_linear=0
shrinkage=0.03


Tree=162
num_leaves=7
num_cat=0
split_feature=24 43 42 19 21 14
split_gain=46.8749 11.234 4.35046 4.35934 6.74175 12.6538
threshold=1.0000000180025095e-35 1.0000000180025095e-35 1.0000000180025095e-35 0.73891180007700019 0.58016819464450009 0.012027491408934722
decision_type=2 2 2 2 2 2
left_child=1 2 3 4 5 -1
right_child=-2 -3 -4 -5 -6 -7
leaf_value=0.0078962263937332015 0.02957624472475626 0.027795596464088267 -0.0254715474016349 0.0019046059865443809 -0.0031264511044788524 -0.0016051439634491736
leaf_weight=168.78160020522773 46.205702470615506 11.409702245146034 5.4317342911381266 434.07208891701885 931.05917295627296 490.01978517184034
leaf_count=13465 6500 1500 1133 25289 96333 44780
internal_value=2.12436e-05 -0.000662077 -0.000835686 -0.000757023 -0.00148446 0.000837338
internal_weight=2086.98 2040.77 2029.36 2023.93 1589.86 658.801
internal_count=189000 182500 181000 179867 154578 58245
is_linear=0
shrinkage=0.03


Tree=163
num_leaves=7
num_cat=0
split_feature=24 43 46 27 12 5
split_gain=45.4521 10.8866 4.32265 7.55889 5.25902 5.13184
threshold=1.0000000180025095e-35 1.0000000180025095e-35 1.0000000180025095e-35 1.0000000180025095e-35 0.024484536082474227 3.5000000000000004
decision_type=2 2 2 2 2 2
left_child=1 2 3 5 -4 -1
right_child=-2 -3 4 -5 -6 -7
leaf_value=-8.9229286981357009e-05 0.029551552135149952 0.027727744247278883 -0.0068432063523550871 -0.027016223853039721 0.035218723781295862 -0.011461121687986025
leaf_weight=1851.1303466837853 44.87784905359149 11.101594660431145 130.82690076669678 8.586173131130634 1.7519364776089776 35.41793948225677
leaf_count=159893 6500 1500 16074 1764 184 3085
internal_value=2.13344e-05 -0.000642846 -0.000811764 -0.00044387 -0.00602789 -0.000308683
internal_weight=2083.69 2038.81 2027.71 1895.13 132.579 1886.55
internal_count=189000 182500 181000 164742 16258 162978
is_linear=0
shrinkage=0.03


Tree=164
num_leaves=7
num_cat=0
split_feature=24 43 10 14 14 20
split_gain=44.0729 10.5503 4.21651 9.95142 11.5588 10.3111
threshold=1.0000000180025095e-35 1.0000000180025095e-35 0.16151202749140894 0.022766323024054961 0.015463917525773198 0.88886700957700004
decision_type=2 2 2 2 2 2
left_child=1 2 -1 4 -4 -5
right_child=-2 -3 3 5 -6 -7
leaf_value=9.97847222132835e-05 0.029526532614041943 0.027658788938273525 -0.0014555063426995778 -0.0071276655933716878 0.014916368671863774 0.018564428237421035
leaf_weight=1426.1576840891503 43.588693253695965 10.802406119182704 196.6754855341278 342.25503242108971 47.311114220879972 13.720144502818583
leaf_count=127419 6500 1500 16130 32093 4035 1323
internal_value=2.16049e-05 -0.000623959 -0.00078832 -0.00289607 0.00176707 -0.0060882
internal_weight=2080.51 2036.92 2026.12 599.962 243.987 355.975
internal_count=189000 182500 181000 53581 20165 33416
is_linear=0
shrinkage=0.03


Tree=165
num_leaves=7
num_cat=0
split_feature=24 43 1 22 5 39
split_gain=42.7354 10.2247 4.20691 4.17062 6.7273 5.99503
threshold=1.0000000180025095e-35 1.0000000180025095e-35 1.0000000180025095e-35 0.96020707913250003 1.5000000000000002 1.0000000180025095e-35
decision_type=2 2 2 2 2 2
left_child=1 2 3 4 5 -1
right_child=-2 -3 -4 -5 -6 -7
leaf_value=-0.0001869780599135484 0.029501173403088887 0.027588708950677793 -0.02534738406561152 0.004772746938939876 -0.0044402678478315562 0.03942102957768711
leaf_weight=1491.8829979998991 42.337115155532956 10.511878877878187 5.2470595499034962 117.49335174495354 407.4802362693008 2.4472317593172184
leaf_count=134497 6500 1500 1000 5572 39633 298
internal_value=2.22677e-05 -0.000605195 -0.000765131 -0.000688741 -0.00102848 -9.57935e-05
internal_weight=2077.4 2035.06 2024.55 2019.3 1901.81 1494.33
internal_count=189000 182500 181000 180000 174428 134795
is_linear=0
shrinkage=0.03


Tree=166
num_leaves=7
num_cat=0
split_feature=24 43 22 23 20 21
split_gain=41.4396 9.90963 4.16251 6.59152 6.51402 5.73982
threshold=1.0000000180025095e-35 1.0000000180025095e-35 0.7861602742760001 0.72777307561850002 0.60849479519000005 0.61658264941300012
decision_type=2 2 2 2 2 2
left_child=1 2 4 5 -1 -4
right_child=-2 -3 3 -5 -6 -7
leaf_value=0.020721685805425709 0.029475455559739391 0.027517490126513541 0.0032547577301895673 -0.00044700393259898644 -0.0056331346979937406 0.037881533096286404
leaf_weight=7.8190654255449763 41.122037218883634 10.229762177914379 10.643953541992234 1784.3861503831577 213.68464821809903 6.4871265515685073
leaf_count=725 6500 1500 1256 149348 28931 740
internal_value=2.28522e-05 -0.000587017 -0.000742657 -0.000264382 -0.00461386 0.0177332
internal_weight=2074.37 2033.25 2023.02 1801.52 221.504 17.1311
internal_count=189000 182500 181000 151344 29656 1996
is_linear=0
shrinkage=0.03


Tree=167
num_leaves=7
num_cat=0
split_feature=24 43 42 19 21 14
split_gain=40.1824 9.60439 4.12407 4.06584 6.2014 11.7913
threshold=1.0000000180025095e-35 1.0000000180025095e-35 1.0000000180025095e-35 0.73891180007700019 0.58016819464450009 0.012027491408934722
decision_type=2 2 2 2 2 2
left_child=1 2 3 4 5 -1
right_child=-2 -3 -4 -5 -6 -7
leaf_value=0.0076596286063170278 0.029449355236295268 0.027445111821204758 -0.025250336684835985 0.001925015943390113 -0.0029333968137866197 -0.0014959156031556999
leaf_weight=169.82108884071931 39.942409144714475 9.9558136425912362 5.1503011917229733 433.79427575529553 924.55529972072691 488.18223022203892
leaf_count=13465 6500 1500 1133 25289 96333 44780
internal_value=2.39961e-05 -0.000568768 -0.000720237 -0.000645095 -0.00135036 0.000875035
internal_weight=2071.4 2031.46 2021.5 2016.35 1582.56 658.003
internal_count=189000 182500 181000 179867 154578 58245
is_linear=0
shrinkage=0.03


Tree=168
num_leaves=7
num_cat=0
split_feature=24 43 46 27 12 5
split_gain=38.9673 9.3098 4.11705 7.16349 4.9939 4.90834
threshold=1.0000000180025095e-35 1.0000000180025095e-35 1.0000000180025095e-35 1.0000000180025095e-35 0.024484536082474227 3.5000000000000004
decision_type=2 2 2 2 2 2
left_child=1 2 3 5 -4 -1
right_child=-2 -3 4 -5 -6 -7
leaf_value=1.6952441098482958e-06 0.029422856782433931 0.027371559088787956 -0.0066233384834341264 -0.026851195203820778 0.033988671145287933 -0.011195080615242419
leaf_weight=1845.616074915044 38.797204848378897 9.6897957846522313 129.61312909703702 8.129295827355234 1.8043252639472473 34.922194765880704
leaf_count=159893 6500 1500 16074 1764 184 3085
internal_value=2.39713e-05 -0.000552172 -0.000699591 -0.000340882 -0.00581328 -0.000212072
internal_weight=2068.57 2029.77 2020.09 1888.67 131.417 1880.54
internal_count=189000 182500 181000 164742 16258 162978
is_linear=0
shrinkage=0.03


Tree=169
num_leaves=7
num_cat=0
split_feature=24 43 12 21 14 2
split_gain=37.7893 9.02458 4.02887 7.73732 6.68653 6.50042
threshold=1.0000000180025095e-35 1.0000000180025095e-35 0.0017182130584192659 0.63636401851800006 0.027491408934707865 1.0000000180025095e-35
decision_type=2 2 2 2 2 2
left_child=1 2 3 4 5 -1
right_child=-2 -3 -4 -5 -6 -7
leaf_value=0.011392530633790192 0.029395944868477974 0.027296816319978084 -0.0014147678736407807 -0.0045227507011080517 -0.00023626488063662254 -0.0020646450415931611
leaf_weight=133.55455685942434 37.68543154001236 9.4314794987440091 1551.4411374020856 127.36248943675309 164.21015657205135 42.149489768082276
leaf_count=9206 6500 1500 143568 10309 15220 2697
internal_value=2.41145e-05 -0.000535867 -0.000679352 0.00176016 0.00412067 0.00817089
internal_weight=2065.83 2028.15 2018.72 467.277 339.914 175.704
internal_count=189000 182500 181000 37432 27123 11903
is_linear=0
shrinkage=0.03


Tree=170
num_leaves=7
num_cat=0
split_feature=24 43 1 13 13 2
split_gain=36.6473 8.74844 3.98169 4.02934 16.5757 7.1427
threshold=1.0000000180025095e-35 1.0000000180025095e-35 1.0000000180025095e-35 0.0094501718213058448 1.0000000180025095e-35 1.0000000180025095e-35
decision_type=2 2 2 2 2 2
left_child=1 2 3 4 -1 -6
right_child=-2 -3 -4 -5 5 -7
leaf_value=-0.00031922385275853495 0.029368594922742845 0.027220866358692961 -0.025118473633816012 -0.0038681606467418795 0.03795537151689999 -0.019095540832873154
leaf_weight=1710.1997700254433 36.606123670935631 9.180640568956731 4.9729554364457718 287.50868164584972 13.021333931246769 1.6749811761546887
leaf_count=152436 6500 1500 1000 26479 950 135
internal_value=2.44091e-05 -0.000519864 -0.00065953 -0.000586643 -3.77491e-05 0.0306508
internal_weight=2063.16 2026.56 2017.38 2012.4 1724.9 14.6963
internal_count=189000 182500 181000 180000 153521 1085
is_linear=0
shrinkage=0.03


Tree=171
num_leaves=7
num_cat=0
split_feature=24 43 10 14 14 20
split_gain=35.541 8.4813 3.97984 9.20421 10.8393 9.76114
threshold=1.0000000180025095e-35 1.0000000180025095e-35 0.16151202749140894 0.022766323024054961 0.015463917525773198 0.88886700957700004
decision_type=2 2 2 2 2 2
left_child=1 2 -1 4 -4 -5
right_child=-2 -3 3 5 -6 -7
leaf_value=0.00022300992349024614 0.029340789321056444 0.027143697273903637 -0.0013650041713351819 -0.0068248856852562104 0.014426053768331688 0.018052906688036781
leaf_weight=1420.4349269529339 35.558342933654785 8.9370617642998678 196.05707224807702 337.89819619548507 47.832457561278716 13.873950154520569
leaf_count=127419 6500 1500 16130 32093 4035 1323
internal_value=2.44597e-05 -0.000504545 -0.000640501 -0.00269658 0.00177825 -0.00579531
internal_weight=2060.59 2025.03 2016.1 595.662 243.89 351.772
internal_count=189000 182500 181000 53581 20165 33416
is_linear=0
shrinkage=0.03


Tree=172
num_leaves=7
num_cat=0
split_feature=24 43 22 11 19 14
split_gain=34.4678 8.22244 3.95033 6.48902 6.27317 7.23844
threshold=1.0000000180025095e-35 1.0000000180025095e-35 0.79991728275650009 0.10352233676975946 0.60598486318200007 0.012027491408934722
decision_type=2 2 2 2 2 2
left_child=1 2 3 4 5 -1
right_child=-2 -3 -4 -5 -6 -7
leaf_value=0.042933264885384473 0.029312513419818883 0.027065296436404963 -5.0587930873882265e-05 -0.01357461692780758 -0.0031043879339332173 0.0025477711570249173
leaf_weight=4.7323096082545844 34.541175235062838 8.7005321402102691 1701.3910917837638 49.42677583405748 245.63804006297141 13.636377486865966
leaf_count=369 6500 1500 139512 6478 33041 1600
internal_value=2.49827e-05 -0.000489181 -0.000621536 -0.00371076 -0.00181982 0.0146317
internal_weight=2058.07 2023.53 2014.82 313.434 264.007 18.3687
internal_count=189000 182500 181000 41488 35010 1969
is_linear=0
shrinkage=0.03


Tree=173
num_leaves=7
num_cat=0
split_feature=24 43 42 5 17 20
split_gain=33.4273 7.9718 3.90698 3.88849 7.49505 4.99922
threshold=1.0000000180025095e-35 1.0000000180025095e-35 1.0000000180025095e-35 3.5000000000000004 0.18298969072164953 0.90307642289750012
decision_type=2 2 2 2 2 2
left_child=1 2 3 -1 -5 -6
right_child=-2 -3 -4 4 5 -7
leaf_value=-0.00034721952642015742 0.02928374053576472 0.026985650507573285 -0.025019773994480066 -0.013720608204805668 -0.014142400671492915 0.057571928413717381
leaf_weight=1971.4311879531015 33.553739776834846 8.4708470385521633 4.8812844490166745 35.001142129767686 0.8670209059491748 1.3903914035763589
leaf_count=176444 6500 1500 1133 3245 71 107
internal_value=2.56163e-05 -0.000474128 -0.000602986 -0.000531231 -0.0100041 0.0341422
internal_weight=2055.6 2022.04 2013.57 2008.69 37.2586 2.25741
internal_count=189000 182500 181000 179867 3423 178
is_linear=0
shrinkage=0.03


Tree=174
num_leaves=7
num_cat=0
split_feature=24 43 46 27 12 12
split_gain=32.4196 7.72935 3.89045 6.78356 4.73838 4.72683
threshold=1.0000000180025095e-35 1.0000000180025095e-35 1.0000000180025095e-35 1.0000000180025095e-35 0.024484536082474227 0.026202749140893464
decision_type=2 2 2 2 2 2
left_child=1 2 3 -1 -4 -6
right_child=-2 -3 4 -5 5 -7
leaf_value=-0.00011433616780146241 0.029254459636392775 0.02690474723955838 -0.0063854337620408196 -0.026677914982326432 0.058726585152656753 -0.013760357402202937
leaf_weight=1874.5141170006245 32.595167867839336 8.2478066906332952 128.32602147804573 7.6923853321932247 1.0251206695102144 0.83070602174848307
leaf_count=162978 6500 1500 16074 1764 103 81
internal_value=2.59071e-05 -0.00045982 -0.000585282 -0.000237007 -0.00558054 0.0328232
internal_weight=2053.23 2020.64 2012.39 1882.21 130.182 1.85583
internal_count=189000 182500 181000 164742 16258 184
is_linear=0
shrinkage=0.03


Tree=175
num_leaves=7
num_cat=0
split_feature=24 43 14 12 11 11
split_gain=31.4426 7.49459 3.87875 13.1465 8.37085 11.2372
threshold=1.0000000180025095e-35 1.0000000180025095e-35 0.0017182130584192936 0.011597938144329885 0.033505154639175229 0.060996563573883118
decision_type=2 2 2 2 2 2
left_child=1 2 3 4 -1 -6
right_child=-2 -3 -4 -5 5 -7
leaf_value=-0.0019119560807169117 0.029224642234358295 0.026822578456197975 -0.00096768544658508524 -0.013912887983450341 0.02701297241781558 0.0048420066326591519
leaf_weight=51.509274393552914 31.664630165323615 8.0312176141887885 1842.1771291161422 30.085005728993565 32.396925665671006 55.058644948760048
leaf_count=3877 6500 1500 167460 3117 2409 4137
internal_value=2.62904e-05 -0.000445817 -0.000567981 0.00376777 0.00766758 0.0132675
internal_weight=2050.92 2019.26 2011.23 169.05 138.965 87.4556
internal_count=189000 182500 181000 13540 10423 6546
is_linear=0
shrinkage=0.03


Tree=176
num_leaves=7
num_cat=0
split_feature=24 43 10 14 14 17
split_gain=30.4958 7.26736 3.79188 8.65606 10.1395 9.2883
threshold=1.0000000180025095e-35 1.0000000180025095e-35 0.16151202749140894 0.022766323024054961 0.015463917525773198 0.15549828178694161
decision_type=2 2 2 2 2 2
left_child=1 2 -1 4 -4 -6
right_child=-2 -3 3 -5 5 -7
leaf_value=0.00029176117326569229 0.029194276450023638 0.026739135372965215 -0.0012934756987813031 -0.005588858572388348 0.026998251006842593 0.00093914440320500524
leaf_weight=1417.2664029437583 30.761306406930089 7.8208912163972846 195.57639162824489 348.87259396025911 23.555359849706292 24.835067781852558
leaf_count=127419 6500 1500 16130 33416 1942 2093
internal_value=2.65727e-05 -0.0004323 -0.000551262 -0.00256372 0.00176737 0.0139139
internal_weight=2048.69 2017.93 2010.11 592.839 243.967 48.3904
internal_count=189000 182500 181000 53581 20165 4035
is_linear=0
shrinkage=0.03


Tree=177
num_leaves=7
num_cat=0
split_feature=24 43 1 19 5 20
split_gain=29.5778 7.04729 3.77778 3.83136 5.69312 5.53485
threshold=1.0000000180025095e-35 1.0000000180025095e-35 1.0000000180025095e-35 0.73891180007700019 1.5000000000000002 0.72752494729350003
decision_type=2 2 2 2 2 2
left_child=1 2 3 4 -1 -6
right_child=-2 -3 -4 -5 5 -7
leaf_value=-0.00029896122001339773 0.029163340858345124 0.026654406650975616 -0.024886249940337259 0.0020327121161683344 0.017817399926647565 -0.0057122509286822347
leaf_weight=1285.2245316540357 29.884412651881576 7.6166451908648005 4.7177279489114872 432.3715993091464 8.344274668954311 278.35578808817081
leaf_count=122712 6500 1500 1000 25364 791 31133
internal_value=2.69596e-05 -0.000419052 -0.000534904 -0.000465204 -0.00115313 -0.00496788
internal_weight=2046.51 2016.63 2009.01 2004.3 1571.92 286.7
internal_count=189000 182500 181000 180000 154636 31924
is_linear=0
shrinkage=0.03


Tree=178
num_leaves=7
num_cat=0
split_feature=24 43 12 5 17 14
split_gain=28.6887 6.83442 3.75221 3.74212 7.27959 5.91622
threshold=1.0000000180025095e-35 1.0000000180025095e-35 0.027061855670103083 3.5000000000000004 0.12414089347079039 1.0000000180025095e-35
decision_type=2 2 2 2 2 2
left_child=1 2 3 -1 5 -5
right_child=-2 -3 -4 4 -6 -7
leaf_value=-0.00026082119696079886 0.029131811651647063 0.026568387297719227 -0.022006945802284062 0.024554511260861653 0.021872443916699357 -0.018694241656321064
leaf_weight=1964.8194089878816 29.033177066594362 7.4183014221489421 6.2879126523621371 2.2781007415615013 4.7419926952570668 29.835958052193746
leaf_count=176842 6500 1500 720 162 392 2884
internal_value=2.69374e-05 -0.000406581 -0.000519414 -0.000440959 -0.00978367 -0.0149774
internal_weight=2044.41 2015.38 2007.96 2001.68 36.8561 32.1141
internal_count=189000 182500 181000 180280 3438 3046
is_linear=0
shrinkage=0.03


Tree=179
num_leaves=7
num_cat=0
split_feature=24 43 13 13 12 2
split_gain=27.8264 6.62818 3.71198 15.0476 7.0458 6.56051
threshold=1.0000000180025095e-35 1.0000000180025095e-35 0.0094501718213058448 1.0000000180025095e-35 0.016752577319587656 1.0000000180025095e-35
decision_type=2 2 2 2 2 2
left_child=1 2 3 -1 -4 -5
right_child=-2 -3 4 5 -6 -7
leaf_value=-0.00025093283107698619 0.029099675306871874 0.026481072384143458 -0.0022769197991562387 0.035578099238894503 -0.019711908123575563 -0.019000843785064413
leaf_weight=1706.4051005989313 28.206855058670044 7.2256873827427617 263.66758903418668 13.522043989738446 21.69758817832917 1.655112395295874
leaf_count=153305 6500 1500 24165 971 2420 139
internal_value=2.71456e-05 -0.00039423 -0.00050413 2.19283e-05 -0.00366679 0.0288195
internal_weight=2042.38 2014.17 2006.95 1721.58 285.365 15.1772
internal_count=189000 182500 181000 154415 26585 1110
is_linear=0
shrinkage=0.03


Tree=180
num_leaves=7
num_cat=0
split_feature=24 43 42 22 23 20
split_gain=26.9909 6.42859 3.7039 3.68319 6.36476 5.90168
threshold=1.0000000180025095e-35 1.0000000180025095e-35 1.0000000180025095e-35 0.7861602742760001 0.72777307561850002 0.60849479519000005
decision_type=2 2 2 2 2 2
left_child=1 2 3 5 -5 -1
right_child=-2 -3 -4 4 -6 -7
leaf_value=0.019764488909149291 0.029066907665845541 0.026392454189393236 -0.024786458326911915 0.01770893647166236 -0.00015246719220533638 -0.0051014217412915404
leaf_weight=7.9858349962159982 27.404723223298788 7.0386354345828286 4.6312041126657268 17.13953372859396 1767.0468832959887 209.16826340719126
leaf_count=725 6500 1500 1133 1985 148415 28742
internal_value=2.71015e-05 -0.000382477 -0.000489529 -0.000420954 2.89397e-05 -0.00410057
internal_weight=2040.42 2013.01 2005.97 2001.34 1784.19 217.154
internal_count=189000 182500 181000 179867 150400 29467
is_linear=0
shrinkage=0.03


Tree=181
num_leaves=7
num_cat=0
split_feature=24 43 12 21 14 11
split_gain=26.1805 6.23518 3.677 7.43241 6.14386 5.97015
threshold=1.0000000180025095e-35 1.0000000180025095e-35 0.0017182130584192659 0.6643205494840001 0.027491408934707865 1.0000000180025095e-35
decision_type=2 2 2 2 2 2
left_child=1 2 3 4 -1 -6
right_child=-2 -3 -4 -5 5 -7
leaf_value=0.0066468430725836435 0.029033488953694966 0.026302532576342671 -0.0011818449554975188 -0.0087769817249435337 0.017522534851531792 -0.0021503444158544292
leaf_weight=218.42258602497168 26.626079343259335 6.8569828290492287 1539.1511970870197 51.567977354861796 14.025381055427713 181.83808528608643
leaf_count=14766 6500 1500 143568 4206 1216 17244
internal_value=2.73193e-05 -0.000370797 -0.000475085 0.00185753 0.00319921 -0.000659757
internal_weight=2038.49 2011.86 2005.01 465.854 414.286 195.863
internal_count=189000 182500 181000 37432 33226 18460
is_linear=0
shrinkage=0.03


Tree=182
num_leaves=7
num_cat=0
split_feature=24 43 46 27 12 39
split_gain=25.3947 6.04786 3.66916 6.42326 4.5944 4.72754
threshold=1.0000000180025095e-35 1.0000000180025095e-35 1.0000000180025095e-35 1.0000000180025095e-35 0.024484536082474227 1.0000000180025095e-35
decision_type=2 2 2 2 2 2
left_child=1 2 3 -1 5 -4
right_child=-2 -3 4 -5 -6 -7
leaf_value=-6.3282166848852856e-06 0.028999404232680315 0.026211304320508264 -0.0071737073053420343 -0.026496121967790089 0.032310196395743854 0.024716114025591967
leaf_weight=1867.8752374388278 25.870233308523893 6.6805703099817029 123.66257406631485 7.274866262683644 1.8790785502642382 3.3685307204723349
leaf_count=162978 6500 1500 15660 1764 184 414
internal_value=2.75636e-05 -0.000359418 -0.000461021 -0.000123166 -0.00533673 -0.00614163
internal_weight=2036.61 2010.74 2004.06 1875.15 128.91 127.031
internal_count=189000 182500 181000 164742 16258 16074
is_linear=0
shrinkage=0.03


Tree=183
num_leaves=7
num_cat=0
split_feature=24 43 12 10 14 14
split_gain=24.6326 5.86637 3.64202 3.63636 7.89565 9.50459
threshold=1.0000000180025095e-35 1.0000000180025095e-35 0.027061855670103083 0.16151202749140894 0.022766323024054961 0.015463917525773198
decision_type=2 2 2 2 2 2
left_child=1 2 3 -1 5 -5
right_child=-2 -3 -4 4 -6 -7
leaf_value=0.00045700250713614024 0.028964627627413631 0.026118764496600756 -0.021832675302691149 -0.0012066559783963928 -0.0052677614730226689 0.013462433584359224
leaf_weight=1408.6842828295194 25.136528303846717 6.5092456061393014 6.1418841085396698 194.99098900030367 344.42760486132465 48.89067151537165
leaf_count=126864 6500 1500 720 16123 33265 4028
internal_value=2.7997e-05 -0.000348166 -0.000447161 -0.000370494 -0.00234932 0.00177701
internal_weight=2034.78 2009.64 2003.14 1996.99 588.309 243.882
internal_count=189000 182500 181000 180280 53416 20151
is_linear=0
shrinkage=0.03


Tree=184
num_leaves=7
num_cat=0
split_feature=24 43 22 18 17 19
split_gain=23.8948 5.69086 3.58797 6.00516 6.75281 6.13441
threshold=1.0000000180025095e-35 1.0000000180025095e-35 0.96020707913250003 0.91250684677050009 0.11597938144329899 0.73891180007700019
decision_type=2 2 2 2 2 2
left_child=1 2 3 5 -5 -1
right_child=-2 -3 -4 4 -6 -7
leaf_value=-0.0012116451043454172 0.028929141319814555 0.0260249152392488 0.004618273430607482 -0.018058100329575544 0.0047082640990931948 0.0035650876717125799
leaf_weight=1546.5413401427213 24.424315080977976 6.3428585417568675 117.99951279442757 35.059561969013885 16.857833731686696 285.82267839857377
leaf_count=154195 6500 1500 5604 2129 924 18148
internal_value=2.78078e-05 -0.000337845 -0.000434307 -0.000752997 -0.0107165 -0.000465005
internal_weight=2033.05 2008.62 2002.28 1884.28 51.9174 1832.36
internal_count=189000 182500 181000 175396 3053 172343
is_linear=0
shrinkage=0.03


Tree=185
num_leaves=7
num_cat=0
split_feature=24 43 1 13 13 12
split_gain=23.1792 5.52082 3.58251 3.55778 14.1063 6.81798
threshold=1.0000000180025095e-35 1.0000000180025095e-35 1.0000000180025095e-35 0.0094501718213058448 1.0000000180025095e-35 0.016752577319587656
decision_type=2 2 2 2 2 2
left_child=1 2 3 4 -1 -5
right_child=-2 -3 -4 5 -6 -7
leaf_value=-0.00010735779725871206 0.028892926434994144 0.025929759657488977 -0.024649441470359103 -0.0021040107587742226 0.027805429243418511 -0.019448333618905495
leaf_weight=1698.284939164063 23.732967092655599 6.1812645290046921 4.4781144647859028 262.05433738767169 15.452601354802026 21.159173794323578
leaf_count=152436 6500 1500 1000 24065 1085 2414
internal_value=2.77491e-05 -0.000327695 -0.000421698 -0.000355058 0.000160398 -0.00346369
internal_weight=2031.34 2007.61 2001.43 1996.95 1713.74 283.214
internal_count=189000 182500 181000 180000 153521 26479
is_linear=0
shrinkage=0.03


Tree=186
num_leaves=7
num_cat=0
split_feature=24 43 5 22 20 18
split_gain=22.4856 5.3562 3.54018 5.65369 5.17676 5.15803
threshold=1.0000000180025095e-35 1.0000000180025095e-35 1.5000000000000002 0.77807586242450011 0.72752494729350003 0.77853466504150004
decision_type=2 2 2 2 2 2
left_child=1 2 -1 -4 5 -5
right_child=-2 -3 3 4 -6 -7
leaf_value=0.00028186364654506822 0.028855961000277892 0.025833297392301665 -0.017187072622269383 -0.0081169020203549162 -0.002404739678949888 0.03789239194306955
leaf_weight=1539.032742170617 23.061877465806901 6.0243217740207902 22.086608926067129 3.0740486700087777 431.72233679704368 4.7102260515093803
leaf_count=138196 6500 1500 3576 359 38545 324
internal_value=2.74775e-05 -0.000318048 -0.000409662 -0.00271096 -0.00194612 0.0208675
internal_weight=2029.71 2006.65 2000.63 461.593 439.507 7.78427
internal_count=189000 182500 181000 42804 39228 683
is_linear=0
shrinkage=0.03


Tree=187
num_leaves=7
num_cat=0
split_feature=24 43 12 42 5 17
split_gain=21.8124 5.19656 3.51794 3.5136 3.49371 6.89505
threshold=1.0000000180025095e-35 1.0000000180025095e-35 0.027061855670103083 1.0000000180025095e-35 3.5000000000000004 0.12414089347079039
decision_type=2 2 2 2 2 2
left_child=1 2 3 4 -1 -6
right_child=-2 -3 -4 -5 5 -7
leaf_value=-8.3919827184416714e-05 0.028818223290515265 0.025735532400811167 -0.021643561579376788 -0.024532229979811956 -0.014582916009292735 0.021122627558256044
leaf_weight=1953.3230627914891 22.410454461351037 5.871894769370555 5.989864809671416 4.38099860260263 31.300949477124959 4.8244594698771825
leaf_count=175730 6500 1500 720 1129 3031 390
internal_value=2.76898e-05 -0.0003082 -0.000397494 -0.000322849 -0.000257239 -0.00937402
internal_weight=2028.1 2005.69 1999.82 1993.83 1989.45 36.1254
internal_count=189000 182500 181000 180280 179151 3421
is_linear=0
shrinkage=0.03


Tree=188
num_leaves=7
num_cat=0
split_feature=24 43 14 12 21 11
split_gain=21.1608 5.0422 3.5158 12.2856 7.88239 6.80842
threshold=1.0000000180025095e-35 1.0000000180025095e-35 0.0017182130584192936 0.011597938144329885 0.58016819464450009 0.011168384879725076
decision_type=2 2 2 2 2 2
left_child=1 2 3 4 5 -1
right_child=-2 -3 -4 -5 -6 -7
leaf_value=-0.01424828355882559 0.028779697959723849 0.025636471779968587 -0.00076959681481914347 -0.013569341927235317 0.0026461001142620917 0.022108708678093312
leaf_weight=4.5649465252645305 21.778121474198997 5.7238490553572765 1829.9086472631898 29.45813244394958 96.803783790906891 38.350827806629241
leaf_count=323 6500 1500 167460 3117 7355 2745
internal_value=2.71597e-05 -0.00029937 -0.000386411 0.00373849 0.00745812 0.018005
internal_weight=2026.59 2004.81 1999.09 169.178 139.72 42.9158
internal_count=189000 182500 181000 13540 10423 3068
is_linear=0
shrinkage=0.03


Tree=189
num_leaves=7
num_cat=0
split_feature=24 43 1 11 20 2
split_gain=20.5283 4.89251 3.47566 3.45642 10.9499 8.27528
threshold=1.0000000180025095e-35 1.0000000180025095e-35 1.0000000180025095e-35 0.0090206185567010284 0.72210054310300009 1.0000000180025095e-35
decision_type=2 2 2 2 2 2
left_child=1 2 3 4 -1 -6
right_child=-2 -3 -4 -5 5 -7
leaf_value=0.019359274575497205 0.028740359033723 0.025536120131979458 -0.02451724263191328 -0.00072379809051875601 -0.0029668090306132289 0.013906817152046516
leaf_weight=31.549008975271136 21.164324600249529 5.5800568079575887 4.3528091525658956 1797.4881464918144 133.47452733037062 31.475965419551358
leaf_count=2695 6500 1500 1000 162726 11932 2647
internal_value=2.70786e-05 -0.000290359 -0.000375212 -0.000310248 0.00345724 0.000317426
internal_weight=2025.08 2003.92 1998.34 1993.99 196.5 164.95
internal_count=189000 182500 181000 180000 17274 14579
is_linear=0
shrinkage=0.03


Tree=190
num_leaves=7
num_cat=0
split_feature=24 43 46 27 30 17
split_gain=19.9147 4.74743 3.44967 5.99276 4.52725 8.03556
threshold=1.0000000180025095e-35 1.0000000180025095e-35 1.0000000180025095e-35 1.0000000180025095e-35 1.0000000180025095e-35 0.11597938144329899
decision_type=2 2 2 2 2 2
left_child=1 2 3 -1 -4 -6
right_child=-2 -3 4 -5 5 -7
leaf_value=7.2777970502681092e-05 0.028700190908920963 0.025434484168123234 -0.0077110051650481053 -0.026269145469143104 -0.0095188891761623894 0.025098163640901224
leaf_weight=1863.0384465865791 20.568519015796483 5.4403919493779531 105.3647901439108 6.8052968534175298 12.021540408488365 10.381569440010933
leaf_count=162978 6500 1500 13420 1764 1525 1313
internal_value=2.71545e-05 -0.000281451 -0.000364178 -3.70836e-05 -0.00511365 0.00690959
internal_weight=2023.62 2003.05 1997.61 1869.84 127.768 22.4031
internal_count=189000 182500 181000 164742 16258 2838
is_linear=0
shrinkage=0.03


Tree=191
num_leaves=7
num_cat=0
split_feature=24 43 23 11 14 12
split_gain=19.3202 4.60701 3.42198 4.66909 6.80541 5.50197
threshold=1.0000000180025095e-35 1.0000000180025095e-35 0.74620572984000011 0.078608247422680425 0.017611683848797247 0.0073024054982817896
decision_type=2 2 2 2 2 2
left_child=1 2 3 -1 -5 -6
right_child=-2 -3 -4 4 5 -7
leaf_value=-0.00087580671252290528 0.028659171087256789 0.025331573451938608 0.00019944688860772569 0.0041741832509377191 -0.022774101608604595 -0.0055844287932676527
leaf_weight=236.09506694669835 19.990179571323097 5.3047332912683478 1666.8283359322231 26.025436862837523 31.222137646749616 36.750036075944081
leaf_count=31848 6500 1500 136544 3345 4222 5041
internal_value=2.69028e-05 -0.000273125 -0.000353788 -0.00313955 -0.00875636 -0.013696
internal_weight=2022.22 2002.23 1996.92 330.093 93.9976 67.9722
internal_count=189000 182500 181000 44456 12608 9263
is_linear=0
shrinkage=0.03


Tree=192
num_leaves=7
num_cat=0
split_feature=24 43 10 14 20 17
split_gain=18.7439 4.47101 3.42953 7.53429 9.4034 13.4589
threshold=1.0000000180025095e-35 1.0000000180025095e-35 0.16151202749140894 0.022766323024054961 0.88886700957700004 0.5665807560137458
decision_type=2 2 2 2 2 2
left_child=1 2 -1 -4 -5 -6
right_child=-2 -3 3 4 5 -7
leaf_value=0.00045856838470165195 0.028617280147599906 0.025227398920315829 0.00175530793381232 -0.0061688059975934881 0.0077158965087671541 0.10049389833426961
leaf_weight=1409.6045549940318 19.428796251304448 5.1729620900005093 244.03606320358813 328.82014117785729 13.185320772929114 0.60732611035928208
leaf_count=127419 6500 1500 20165 32093 1271 52
internal_value=2.65594e-05 -0.000265137 -0.000343795 -0.00226922 -0.00513257 0.0183185
internal_weight=2020.86 2001.43 1996.25 586.649 342.613 13.7926
internal_count=189000 182500 181000 53581 33416 1323
is_linear=0
shrinkage=0.03


Tree=193
num_leaves=7
num_cat=0
split_feature=24 43 12 5 22 20
split_gain=18.1825 4.33859 3.4049 3.31978 5.40661 4.87001
threshold=1.0000000180025095e-35 1.0000000180025095e-35 0.027061855670103083 1.5000000000000002 0.77807586242450011 0.72752494729350003
decision_type=2 2 2 2 2 2
left_child=1 2 3 -1 -5 -6
right_child=-2 -3 -4 4 5 -7
leaf_value=0.00041108552055588014 0.028574497513248021 0.025121970867719823 -0.021455217567117338 -0.016843224452989761 0.020233188122777489 -0.0022047977723982752
leaf_weight=1531.5742426586803 18.883871147409081 5.04496379289776 5.8446788846049449 21.498612978029996 7.8921109982766202 428.67735020280816
leaf_count=137581 6500 1500 720 3562 679 38458
internal_value=2.81194e-05 -0.000255484 -0.000332194 -0.000259397 -0.0024972 -0.00175386
internal_weight=2019.42 2000.53 1995.49 1989.64 458.068 436.569
internal_count=189000 182500 181000 180280 42699 39137
is_linear=0
shrinkage=0.03


Tree=194
num_leaves=7
num_cat=0
split_feature=24 43 22 18 17 11
split_gain=17.6405 4.21093 3.37961 5.65857 6.45857 5.92426
threshold=1.0000000180025095e-35 1.0000000180025095e-35 0.96020707913250003 0.91250684677050009 0.11597938144329899 0.10910652920962204
decision_type=2 2 2 2 2 2
left_child=1 2 3 -1 5 -5
right_child=-2 -3 -4 4 -6 -7
leaf_value=-0.00035512745872619023 0.028530801710792759 0.0250153015903469 0.0045773922041464779 -0.020696463022967564 0.0046085684282381727 0.027816288468577546
leaf_weight=1825.6635348087875 18.354922998696566 4.9206269904971114 118.13071557413787 32.58118385844864 16.906915952917188 1.5793066341429938
leaf_count=172343 6500 1500 5604 2033 924 96
internal_value=2.78275e-05 -0.000247915 -0.000322733 -0.000633444 -0.0103854 -0.0177263
internal_weight=2018.14 1999.78 1994.86 1876.73 51.0674 34.1605
internal_count=189000 182500 181000 175396 3053 2129
is_linear=0
shrinkage=0.03


Tree=195
num_leaves=7
num_cat=0
split_feature=24 43 12 21 14 11
split_gain=17.1143 4.08707 3.3602 6.91963 5.32602 5.48146
threshold=1.0000000180025095e-35 1.0000000180025095e-35 0.0017182130584192659 0.6643205494840001 0.027491408934707865 1.0000000180025095e-35
decision_type=2 2 2 2 2 2
left_child=1 2 3 4 -1 -6
right_child=-2 -3 -4 -5 5 -7
leaf_value=0.0063898041225251461 0.028486174959930607 0.024907403767940199 -0.00099208522807589516 -0.0084328092286598613 0.016869990154328295 -0.0018696742874501843
leaf_weight=219.91565681691281 17.841484164819121 4.7998434165492645 1529.2626348104095 50.758596146013588 14.230272369924931 180.05362828611396
leaf_count=14766 6500 1500 143568 4206 1216 17244
internal_value=2.80448e-05 -0.000240063 -0.000313043 0.00191768 0.00320335 -0.000417734
internal_weight=2016.86 1999.02 1994.22 464.958 414.2 194.284
internal_count=189000 182500 181000 37432 33226 18460
is_linear=0
shrinkage=0.03


Tree=196
num_leaves=7
num_cat=0
split_feature=24 43 13 13 12 2
split_gain=16.604 3.96709 3.31089 12.8785 6.53339 5.94593
threshold=1.0000000180025095e-35 1.0000000180025095e-35 0.0094501718213058448 1.0000000180025095e-35 0.016752577319587656 1.0000000180025095e-35
decision_type=2 2 2 2 2 2
left_child=1 2 3 -1 -4 -5
right_child=-2 -3 4 5 -6 -7
leaf_value=-6.6793342969247534e-05 0.028440596360781455 0.024798296016380943 -0.0019912714574604508 0.032438958086904723 -0.019167824559845881 -0.019031383063097238
leaf_weight=1696.059389782371 17.343100626021624 4.6825079480186096 261.02220032725018 14.237511256709691 20.614222194999456 1.6613071083556867
leaf_count=153305 6500 1500 24165 971 2420 139
internal_value=2.81851e-05 -0.000232509 -0.000303704 0.000192818 -0.00331187 0.0262528
internal_weight=2015.62 1998.28 1993.59 1711.96 281.636 15.8988
internal_count=189000 182500 181000 154415 26585 1110
is_linear=0
shrinkage=0.03


Tree=197
num_leaves=7
num_cat=0
split_feature=24 43 42 19 21 14
split_gain=16.1096 3.85095 3.31195 3.48661 5.05278 9.85874
threshold=1.0000000180025095e-35 1.0000000180025095e-35 1.0000000180025095e-35 0.73891180007700019 0.58016819464450009 0.012027491408934722
decision_type=2 2 2 2 2 2
left_child=1 2 3 4 5 -1
right_child=-2 -3 -4 -5 -6 -7
leaf_value=0.0072705130414816958 0.028394043960951857 0.024687993748458214 -0.024290914077011873 0.0021532974404860059 -0.0023430237145400145 -0.0010857871229266276
leaf_weight=171.54285757103935 16.859330469742417 4.5685182558372608 4.1633603126974768 430.75761413853616 905.16652013664134 481.38385755661875
leaf_count=13465 6500 1500 1133 25289 96333 44780
internal_value=2.79806e-05 -0.000225512 -0.000294973 -0.000232559 -0.000893122 0.00111742
internal_weight=2014.44 1997.58 1993.01 1988.85 1558.09 652.927
internal_count=189000 182500 181000 179867 154578 58245
is_linear=0
shrinkage=0.03


Tree=198
num_leaves=7
num_cat=0
split_feature=24 43 1 12 5 19
split_gain=15.6302 3.73845 3.28817 3.27776 3.26275 3.74599
threshold=1.0000000180025095e-35 1.0000000180025095e-35 1.0000000180025095e-35 0.027061855670103083 4.5000000000000009 0.73891180007700019
decision_type=2 2 2 2 2 2
left_child=1 2 3 4 5 -1
right_child=-2 -3 -4 -5 -6 -7
leaf_value=-0.00075557197236386566 0.028346502538452872 0.024576511748025793 -0.024269349535658215 -0.021219625553041858 -0.017698616823187213 0.0024170622994275871
leaf_weight=1547.7775990597438 16.389743890613317 4.4577758526429525 4.1320076611591494 5.6700849251355967 8.4940232005901617 426.36518529546447
leaf_count=153486 6500 1500 1000 714 829 24971
internal_value=2.76567e-05 -0.000218845 -0.000286622 -0.000224607 -0.000153897 -6.94859e-05
internal_weight=2013.29 1996.9 1992.44 1988.31 1982.64 1974.14
internal_count=189000 182500 181000 180000 179286 178457
is_linear=0
shrinkage=0.03


Tree=199
num_leaves=7
num_cat=0
split_feature=24 43 46 27 12 39
split_gain=15.166 3.62961 3.25279 5.67012 4.57786 4.3734
threshold=1.0000000180025095e-35 1.0000000180025095e-35 1.0000000180025095e-35 1.0000000180025095e-35 0.024484536082474227 1.0000000180025095e-35
decision_type=2 2 2 2 2 2
left_child=1 2 3 -1 5 -4
right_child=-2 -3 4 -5 -6 -7
leaf_value=0.00014268252269819439 0.028297948828207471 0.024463870215647686 -0.006748736572661564 -0.026080018065899664 0.032784770382183671 0.023634556352623452
leaf_weight=1858.7362014073879 15.933926217257975 4.350184346549212 121.42905417666771 6.4510312937200061 1.8574654320254911 3.4554483895190051
leaf_count=162978 6500 1500 15660 1764 184 414
internal_value=2.67497e-05 -0.000212961 -0.000279101 3.80609e-05 -0.00491035 -0.00572699
internal_weight=2012.21 1996.28 1991.93 1865.19 126.742 124.885
internal_count=189000 182500 181000 164742 16258 16074
is_linear=0
shrinkage=0.03


end of trees

feature_importances:
Column_24=200
Column_43=200
Column_22=169
Column_23=108
Column_46=86
Column_14=64
Column_12=60
Column_5=40
Column_27=40
Column_21=30
Column_13=29
Column_20=29
Column_11=27
Column_2=25
Column_19=25
Column_42=16
Column_10=15
Column_17=11
Column_1=10
Column_18=9
Column_0=3
Column_39=3
Column_30=1

parameters:
[boosting: gbdt]
[objective: binary]
[metric: binary_logloss]
[tree_learner: serial]
[device_type: cpu]
[data_sample_strategy: bagging]
[data: ]
[valid: ]
[num_iterations: 200]
[learning_rate: 0.03]
[num_leaves: 7]
[num_threads: 1]
[seed: 20260810]
[deterministic: 1]
[force_col_wise: 1]
[force_row_wise: 0]
[histogram_pool_size: -1]
[max_depth: -1]
[min_data_in_leaf: 10]
[min_sum_hessian_in_leaf: 0.001]
[bagging_fraction: 1]
[pos_bagging_fraction: 1]
[neg_bagging_fraction: 1]
[bagging_freq: 0]
[bagging_seed: 20260810]
[bagging_by_query: 0]
[feature_fraction: 1]
[feature_fraction_bynode: 1]
[feature_fraction_seed: 20260810]
[extra_trees: 0]
[extra_seed: 1768]
[early_stopping_round: 0]
[early_stopping_min_delta: 0]
[first_metric_only: 0]
[max_delta_step: 0]
[lambda_l1: 0]
[lambda_l2: 1]
[linear_lambda: 0]
[min_gain_to_split: 0]
[drop_rate: 0.1]
[max_drop: 50]
[skip_drop: 0.5]
[xgboost_dart_mode: 0]
[uniform_drop: 0]
[drop_seed: 23809]
[top_rate: 0.2]
[other_rate: 0.1]
[min_data_per_group: 100]
[max_cat_threshold: 32]
[cat_l2: 10]
[cat_smooth: 10]
[max_cat_to_onehot: 4]
[top_k: 20]
[monotone_constraints: ]
[monotone_constraints_method: basic]
[monotone_penalty: 0]
[feature_contri: ]
[forcedsplits_filename: ]
[refit_decay_rate: 0.9]
[cegb_tradeoff: 1]
[cegb_penalty_split: 0]
[cegb_penalty_feature_lazy: ]
[cegb_penalty_feature_coupled: ]
[path_smooth: 0]
[interaction_constraints: ]
[verbosity: 1]
[saved_feature_importance_type: 0]
[use_quantized_grad: 0]
[num_grad_quant_bins: 4]
[quant_train_renew_leaf: 0]
[stochastic_rounding: 1]
[linear_tree: 0]
[max_bin: 63]
[max_bin_by_feature: ]
[min_data_in_bin: 3]
[bin_construct_sample_cnt: 200000]
[data_random_seed: 20260810]
[is_enable_sparse: 1]
[enable_bundle: 1]
[use_missing: 1]
[zero_as_missing: 0]
[feature_pre_filter: 1]
[pre_partition: 0]
[two_round: 0]
[header: 0]
[label_column: ]
[weight_column: ]
[group_column: ]
[ignore_column: ]
[categorical_feature: ]
[forcedbins_filename: ]
[precise_float_parser: 0]
[parser_config_file: ]
[objective_seed: 18567]
[num_class: 1]
[is_unbalance: 0]
[scale_pos_weight: 1]
[sigmoid: 1]
[boost_from_average: 1]
[reg_sqrt: 0]
[alpha: 0.9]
[fair_c: 1]
[poisson_max_delta_step: 0.7]
[tweedie_variance_power: 1.5]
[lambdarank_truncation_level: 30]
[lambdarank_norm: 1]
[label_gain: ]
[lambdarank_position_bias_regularization: 0]
[eval_at: ]
[multi_error_top_k: 1]
[auc_mu_weights: ]
[num_machines: 1]
[local_listen_port: 12400]
[time_out: 120]
[machine_list_filename: ]
[machines: ]
[gpu_platform_id: -1]
[gpu_device_id: -1]
[gpu_use_dp: 0]
[num_gpu: 1]

end of parameters

pandas_categorical:null
