tree
version=v4
num_class=1
num_tree_per_iteration=1
label_index=0
max_feature_idx=56
objective=binary sigmoid:1
feature_names=Column_0 Column_1 Column_2 Column_3 Column_4 Column_5 Column_6 Column_7 Column_8 Column_9 Column_10 Column_11 Column_12 Column_13 Column_14 Column_15 Column_16 Column_17 Column_18 Column_19 Column_20 Column_21 Column_22 Column_23 Column_24 Column_25 Column_26 Column_27 Column_28 Column_29 Column_30 Column_31 Column_32 Column_33 Column_34 Column_35 Column_36 Column_37 Column_38 Column_39 Column_40 Column_41 Column_42 Column_43 Column_44 Column_45 Column_46 Column_47 Column_48 Column_49 Column_50 Column_51 Column_52 Column_53 Column_54 Column_55 Column_56
feature_infos=[0:1] [0:1] [0:1] [0:1] [0:5] [0:5] [0:6.2695748976823831] [0:31.347874488411914] [0:6.2695748976823831] [0:6.2695748976823831] [0:0.23281786941580757] [0:0.34364261168384874] [0:0.04553264604810997] [0:0.049828178694158072] [0:0.21305841924398616] none none [0:0.74398625429553267] [0.56151214244199998:0.97483200665299996] [0.50926286420300004:0.85918970301599995] [0.334645897217:0.97342510797799997] [0.29025744074499998:0.85495583578400003] [0.62012184536799997:0.99207453920199995] [0.59110108714200005:0.93841789257200003] none none none [0:0.69314718056000002] [0:0.69314718056000002] [0:0.69314718056000002] [0:0.69314718056000002] [0:0.69314718056000002] [0:0.69314718056000002] none none [0:0.69314718056000002] [0:0.69314718056000002] [0:0.69314718056000002] [0:0.69314718056000002] [0:0.69314718056000002] [0:0.69314718056000002] [0:0.69314718056000002] [0:0.69314718056000002] none none none [0:1.6094379124339999] none none none none none none none none none none
tree_sizes=889 911 918 916 916 914 923 924 920 927 920 923 917 924 922 918 927 927 927 932 924 929 921 933 926 923 929 935 926 919 918 921 926 920 935 916 921 921 929 925 920 925 924 922 916 920 927 913 926 924 913 928 923 929 926 921 929 923 915 935 915 925 914 930 923 923 931 921 939 932 937 926 911 921 929 928 919 937 929 915 922 921 918 929 923 928 930 927 913 906 926 918 919 908 925 922 934 923 929 922 912 913 914 931 923 925 919 931 908 927 916 917 923 918 926 930 913 924 905 908 922 921 922 921 917 920 902 916 914 922 925 910 922 914 904 915 926 922 927 914 923 918 915 905 931 920 918 912 915 914 909 912 906 907 918 925 913 926 923 917 909 922 923 912 908 918 915 903 919 901 908 918 924 924 910 903 902 921 916 904 915 900 904 907 915 913 914 922 912 907 915 909 917 912 912 923 908 905 925 903

Tree=0
num_leaves=7
num_cat=0
split_feature=23 22 22 10 46 23
split_gain=295.84 42.5179 27.6367 21.1577 17.8812 17.7051
threshold=0.83920405612900006 0.84717997359450015 0.9421601826010001 0.17869415807560138 1.0000000180025095e-35 0.87355936357550013
decision_type=2 2 2 2 2 2
left_child=1 -1 3 -2 -3 -4
right_child=2 4 5 -5 -6 -7
leaf_value=-4.5038194241620593 -4.4728285457768449 -4.4916854215348119 -4.4425368385352799 -4.4924494883757697 -4.5103840551489256 -4.4674981187442242
leaf_weight=1020.9682648349553 188.58900047652423 492.49725706782192 33.744514629244804 67.183055680245161 49.764416975900531 125.15412112977356
leaf_count=93430 17258 45069 3088 6148 4554 11453
internal_value=-4.49424 -4.50022 -4.47174 -4.47796 -4.49343 -4.46191
internal_weight=1977.9 1563.23 414.671 255.772 542.262 158.899
internal_count=181000 143053 37947 23406 49623 14541
is_linear=0
shrinkage=1


Tree=1
num_leaves=7
num_cat=0
split_feature=23 22 22 10 46 23
split_gain=273.936 40.5899 24.2672 19.1468 17.0572 14.9688
threshold=0.83920405612900006 0.84717997359450015 0.9421601826010001 0.17869415807560138 1.0000000180025095e-35 0.87355936357550013
decision_type=2 2 2 2 2 2
left_child=1 -1 3 -2 -3 -4
right_child=2 4 5 -5 -6 -7
leaf_value=-0.0093824137059973015 0.020336536711544534 0.0024705062731368616 0.047752959188794478 0.0017332141344604533 -0.015918830874429572 0.025270150289010061
leaf_weight=1011.4463810157031 192.5781160928309 493.7283899243921 35.493421599268913 67.30069737508893 48.984736550599337 128.46899389382452
leaf_count=93430 17258 45069 3088 6148 4554 11453
internal_value=-1.61787e-06 -0.00583391 0.0213479 0.015544 0.000784478 0.030397
internal_weight=1978 1554.16 423.841 259.879 542.713 163.962
internal_count=181000 143053 37947 23406 49623 14541
is_linear=0
shrinkage=0.03


Tree=2
num_leaves=7
num_cat=0
split_feature=23 22 22 2 21 46
split_gain=254.602 41.1717 23.4229 15.9783 15.8659 12.6628
threshold=0.82316155721150019 0.92666324614850015 0.82932425596850001 1.0000000180025095e-35 0.58014394450050011 1.0000000180025095e-35
decision_type=2 2 2 2 2 2
left_child=2 4 -1 -3 -2 -5
right_child=1 3 -4 5 -6 -7
leaf_value=-0.010239831187782685 0.019167013499379316 0.021699034294410637 -0.0024816870888322495 0.044374008704641574 0.004332753506650606 -0.0076370412707048186
leaf_weight=783.02491319179535 96.562739362940192 213.40939030516893 634.52030755206943 49.990092167630792 196.27623119018972 4.2981485137715927
leaf_count=72997 8641 18600 58380 4347 17661 374
internal_value=-3.0622e-06 0.0170949 -0.00677134 0.0255851 0.00927289 0.0401925
internal_weight=1978.08 560.537 1417.55 267.698 292.839 54.2882
internal_count=181000 49623 131377 23321 26302 4721
is_linear=0
shrinkage=0.03


Tree=3
num_leaves=7
num_cat=0
split_feature=23 22 22 21 2 13
split_gain=237.164 36.799 22.4722 14.4608 13.7904 12.2012
threshold=0.82316155721150019 0.92666324614850015 0.82932425596850001 0.58014394450050011 1.0000000180025095e-35 0.0094501718213058448
decision_type=2 2 2 2 2 2
left_child=2 3 -1 -2 5 -3
right_child=1 4 -4 -5 -6 -7
leaf_value=-0.010034465374172035 0.018251019427560213 0.023784955575828558 -0.0024132840243614971 0.0041854816533841589 0.037500740963273119 0.0046758053343500579
leaf_weight=775.21908654365689 98.388347281143069 181.29429988376796 632.98207229655236 197.10924093984067 56.469353767111897 36.685382561758161
leaf_count=72997 8641 15472 58380 17661 4721 3128
internal_value=-4.33844e-06 0.0163068 -0.00661291 0.00891448 0.0242049 0.020605
internal_weight=1978.15 569.947 1408.2 295.498 274.449 217.98
internal_count=181000 49623 131377 26302 23321 18600
is_linear=0
shrinkage=0.03


Tree=4
num_leaves=7
num_cat=0
split_feature=23 22 22 20 2 14
split_gain=221.075 32.9833 21.5509 13.5461 11.9766 11.0601
threshold=0.82316155721150019 0.92666324614850015 0.82932425596850001 0.76211972981650011 1.0000000180025095e-35 1.0000000180025095e-35
decision_type=2 2 2 2 2 2
left_child=2 3 -1 -2 -3 -6
right_child=1 4 -4 -5 5 -7
leaf_value=-0.0098312361001941691 0.017194787863915106 0.019587889568127962 -0.002346609418803092 0.0038195081367554382 0.084328552485661484 0.030811083612674314
leaf_weight=767.64358885399997 105.00356878899038 222.40527780354023 631.48972019925714 193.0716501865536 3.1877793148159972 55.385178042575717
leaf_count=72997 9112 18600 58380 17190 257 4464
internal_value=-5.29515e-06 0.0155683 -0.00645719 0.00857298 0.0229325 0.0350904
internal_weight=1978.19 579.053 1399.13 298.075 280.978 58.573
internal_count=181000 49623 131377 26302 23321 4721
is_linear=0
shrinkage=0.03


Tree=5
num_leaves=7
num_cat=0
split_feature=23 22 22 21 13 13
split_gain=206.291 29.689 20.6587 12.385 11.6939 13.0642
threshold=0.82316155721150019 0.92666324614850015 0.82932425596850001 0.58014394450050011 0.0094501718213058448 1.0000000180025095e-35
decision_type=2 2 2 2 2 2
left_child=2 3 -1 -2 5 -3
right_child=1 4 -4 -5 -6 -7
leaf_value=-0.0096302065858516108 0.016719534420337388 0.023465780803147249 -0.0022816250404634995 0.003859458553939659 0.0077368494360383717 0.084067898004254404
leaf_weight=760.29182569868863 101.59687308967113 238.57877477630973 630.04189853277057 198.97825248260051 46.240161564201117 2.4110102904960504
leaf_count=72997 8641 19320 58380 17661 3805 196
internal_value=-4.98668e-06 0.0148798 -0.00630417 0.0082473 0.0217679 0.024417
internal_weight=1978.14 587.805 1390.33 300.575 287.23 240.99
internal_count=181000 49623 131377 26302 23321 19516
is_linear=0
shrinkage=0.03


Tree=6
num_leaves=7
num_cat=0
split_feature=23 22 22 46 20 12
split_gain=192.581 26.7706 19.8889 12.8537 11.8733 10.5374
threshold=0.82316155721150019 0.92666324614850015 0.84460273780400008 1.0000000180025095e-35 0.83419691398750018 0.0017182130584192659
decision_type=2 2 2 2 2 2
left_child=2 4 -1 -4 -2 -3
right_child=1 5 3 -5 -6 -7
leaf_value=-0.0086220980802399049 0.011541255983482783 0.030459362448977612 0.00071176874827406846 -0.01700309808964566 -0.0017962227138186191 0.017204841490356223
leaf_weight=939.28411565255374 220.97337305638939 74.933949311263859 402.94174883980304 39.568553550168872 82.025037933140993 218.37146203778684
leaf_count=90511 19022 5951 37098 3768 7280 17370
internal_value=-4.86528e-06 0.0142304 -0.00615384 -0.000907032 0.00793662 0.0206831
internal_weight=1978.1 596.304 1381.79 442.51 302.998 293.305
internal_count=181000 49623 131377 40866 26302 23321
is_linear=0
shrinkage=0.03


Tree=7
num_leaves=7
num_cat=0
split_feature=23 22 22 20 46 13
split_gain=179.799 24.1561 19.189 11.1495 10.3651 10.2615
threshold=0.82316155721150019 0.92666324614850015 0.82932425596850001 0.76211972981650011 1.0000000180025095e-35 0.0094501718213058448
decision_type=2 2 2 2 2 2
left_child=2 3 -1 -2 -4 -3
right_child=1 5 4 -5 -6 -7
leaf_value=-0.0092518737978277144 0.015265069811536922 0.022074865286839676 -0.00091633446625186252 0.0033221535894395458 -0.014387139844703639 0.0067040180531061574
leaf_weight=746.82492387294769 109.45055670943111 251.71107081696391 571.18806761037558 195.90802651736885 55.512781388126314 47.542176545597613
leaf_count=72997 9112 19516 53037 17190 5343 3805
internal_value=-6.04815e-06 0.013613 -0.00600655 0.00763874 -0.00213059 0.0196634
internal_weight=1978.14 604.612 1373.53 305.359 626.701 299.253
internal_count=181000 49623 131377 26302 58380 23321
is_linear=0
shrinkage=0.03


Tree=8
num_leaves=7
num_cat=0
split_feature=23 22 22 46 20 11
split_gain=167.937 21.9945 18.3837 12.4278 13.4265 14.8926
threshold=0.82316155721150019 0.9421601826010001 0.84460273780400008 1.0000000180025095e-35 0.76211972981650011 0.0090206185567010284
decision_type=2 2 2 2 2 2
left_child=2 3 -1 4 5 -2
right_child=1 -3 -4 -5 -6 -7
leaf_value=-0.0082648506622239534 0.050200608485418755 0.021401291210340696 -0.00082108451235419317 -0.0073517612978421833 0.0066288503732114491 0.015109770413193358
leaf_weight=924.26865720003843 11.290345857851205 192.98815703671426 441.23211255390197 36.820935293100774 251.22053608577698 120.35036295745522
leaf_count=90511 912 14593 40866 3116 21281 9721
internal_value=-7.21489e-06 0.0130299 -0.00586192 0.00913859 0.0107395 0.0184752
internal_weight=1978.17 612.67 1365.5 419.682 382.861 131.641
internal_count=181000 49623 131377 35030 31914 10633
is_linear=0
shrinkage=0.03


Tree=9
num_leaves=7
num_cat=0
split_feature=23 22 46 46 12 2
split_gain=157.063 28.3519 14.3334 11.3045 12.8893 15.6874
threshold=0.83920405612900006 0.85000511371100018 1.0000000180025095e-35 1.0000000180025095e-35 0.0017182130584192659 1.0000000180025095e-35
decision_type=2 2 2 2 2 2
left_child=1 -1 -3 4 -2 -6
right_child=3 2 -4 -5 5 -7
leaf_value=-0.0078172636493559662 0.025247074402623769 0.0024345294167751781 -0.015181171830532506 -0.0001303698619190652 0.009632061627712683 0.025081345661169326
leaf_weight=979.26920430082828 107.90671822521836 469.49470257852226 44.603224419988692 41.646177747286856 258.36089292727411 76.863196235150099
leaf_count=96349 8340 42408 4296 3315 20424 5868
internal_value=-7.47289e-06 -0.00482472 0.000879683 0.0148115 0.0162129 0.0132385
internal_weight=1978.14 1493.37 514.098 484.777 443.131 335.224
internal_count=181000 143053 46704 37947 34632 26292
is_linear=0
shrinkage=0.03


Tree=10
num_leaves=7
num_cat=0
split_feature=23 22 22 20 12 21
split_gain=147.293 19.2799 17.2215 9.98733 9.86075 13.0679
threshold=0.82316155721150019 0.92666324614850015 0.82932425596850001 0.83419691398750018 0.010309278350515457 0.50548550605800002
decision_type=2 2 2 2 2 2
left_child=2 3 -1 4 -2 -6
right_child=1 -3 -4 -5 5 -7
leaf_value=-0.0087155539656007374 0.013416578713884002 0.017230946241450138 -0.0019173315280324799 -0.0021999567135777775 0.044248193589464087 -0.005457624658430707
leaf_weight=728.51927835773677 173.70817038882524 314.44926871079952 622.04086868371814 83.200576346367598 4.2305472809821358 51.999746822752059
leaf_count=72997 14360 23321 58380 7280 336 4326
internal_value=-8.24259e-06 0.0119894 -0.00558816 0.00668792 0.0098995 -0.00101014
internal_weight=1978.15 627.588 1350.56 313.139 229.938 56.2303
internal_count=181000 49623 131377 26302 19022 4662
is_linear=0
shrinkage=0.03


Tree=11
num_leaves=7
num_cat=0
split_feature=23 22 46 22 21 12
split_gain=137.9 19.3633 16.6502 17.3129 10.3366 9.07589
threshold=0.81928807667400017 0.92666324614850015 1.0000000180025095e-35 0.84460273780400008 0.58014394450050011 0.0030068728522336945
decision_type=2 2 2 2 2 2
left_child=2 4 3 -1 5 -2
right_child=1 -3 -4 -5 -6 -7
leaf_value=-0.0070219651041157948 0.027261061743727003 0.016409549839550678 -0.016460685644491279 0.00076475592902949265 0.0023961080000431041 0.0082703159540199432
leaf_weight=822.33467685990036 30.230118034407496 319.93354856781662 116.03422803804278 373.32121275365353 228.0049381647259 88.260702169500291
leaf_count=82380 2406 23337 11633 34445 19718 7081
internal_value=-8.56473e-06 0.0110943 -0.00565375 -0.0045921 0.00615346 0.0133029
internal_weight=1978.12 666.429 1311.69 1195.66 346.496 118.491
internal_count=181000 52542 128458 116825 29205 9487
is_linear=0
shrinkage=0.03


Tree=12
num_leaves=7
num_cat=0
split_feature=23 22 46 22 23 18
split_gain=129.095 17.884 16.0977 16.468 10.9672 14.23
threshold=0.81928807667400017 0.9421601826010001 1.0000000180025095e-35 0.84460273780400008 0.87355936357550013 0.91183276234700006
decision_type=2 2 2 2 2 2
left_child=2 -2 3 -1 5 -3
right_child=1 4 -4 -5 -6 -7
leaf_value=-0.0068592634468410459 0.0073691755567603968 0.042013096969335223 -0.016232549275327121 0.00074131528203804774 0.01413059704876682 0.0059328634636322099
leaf_weight=816.69583809468895 467.08402806334198 31.297049307264388 114.17742836102843 373.60055140592158 160.57526257447898 14.678261579945682
leaf_count=82380 37947 2137 11633 34445 11453 1005
internal_value=-9.22283e-06 0.0106465 -0.00551579 -0.00447504 0.0179863 0.0308655
internal_weight=1978.11 673.635 1304.47 1190.3 206.551 45.9753
internal_count=181000 52542 128458 116825 14595 3142
is_linear=0
shrinkage=0.03


Tree=13
num_leaves=7
num_cat=0
split_feature=23 22 46 22 21 11
split_gain=120.901 16.4878 15.5564 15.6604 9.47128 8.89772
threshold=0.81928807667400017 0.92666324614850015 1.0000000180025095e-35 0.84460273780400008 0.58014394450050011 1.0000000180025095e-35
decision_type=2 2 2 2 2 2
left_child=2 4 3 -1 -2 -3
right_child=1 5 -4 -5 -6 -7
leaf_value=-0.006699254829389112 0.012437392549374844 0.032311315908087376 -0.016004089654018647 0.00071860499109314914 0.0020831626348858626 0.013556809250016741
leaf_weight=811.22412982676178 120.88331263698637 24.345701645128429 112.37487290240824 373.8715396374464 230.18941710796207 305.18869806267321
leaf_count=82380 9487 1719 11633 34445 19718 21618
internal_value=-9.58173e-06 0.010222 -0.00538046 -0.00436045 0.00567359 0.0150359
internal_weight=1978.08 680.607 1297.47 1185.1 351.073 329.534
internal_count=181000 52542 128458 116825 29205 23337
is_linear=0
shrinkage=0.03


Tree=14
num_leaves=7
num_cat=0
split_feature=23 22 22 46 20 11
split_gain=113.279 14.7894 13.8941 10.4184 10.4667 12.4794
threshold=0.82316155721150019 0.82932425596850001 0.9421601826010001 1.0000000180025095e-35 0.76211972981650011 0.0090206185567010284
decision_type=2 2 2 2 2 2
left_child=1 -1 3 4 5 -2
right_child=2 -3 -4 -5 -6 -7
leaf_value=-0.0080236718960688055 0.042645356148263931 -0.0016634419896278435 0.016464233014858148 -0.0078279600687458113 0.0049553111482148141 0.012091941854993163
leaf_weight=706.16904996242374 12.554205596446989 616.57771987561136 213.2188024353236 37.604996111243963 263.03195428662002 128.88641026616096
leaf_count=72997 912 58380 14593 3116 21281 9721
internal_value=-9.94617e-06 -0.00506245 0.0101809 0.00712012 0.00852576 0.0150842
internal_weight=1978.04 1322.75 655.296 442.078 404.473 141.441
internal_count=181000 131377 49623 35030 31914 10633
is_linear=0
shrinkage=0.03


Tree=15
num_leaves=7
num_cat=0
split_feature=23 22 46 19 14 14
split_gain=106.375 20.8906 12.2021 10.919 15.8871 12.4296
threshold=0.83920405612900006 0.85000511371100018 1.0000000180025095e-35 0.67234256632200007 0.10481099656357391 0.032646048109965693
decision_type=2 2 2 2 2 2
left_child=1 -1 3 4 5 -3
right_child=-2 2 -4 -5 -6 -7
leaf_value=-0.0068384952470382154 0.011604165982695421 0.010547224139300079 -0.014508060526745348 0.00045981822606674325 -0.011993213398371609 0.045987501587682639
leaf_weight=938.91096610575914 521.47072512470186 23.218569245189428 42.696185934357345 423.62405740749091 13.730655888095496 14.331406324170528
leaf_count=96349 37947 2077 4296 37838 1225 1268
internal_value=-9.91057e-06 -0.00417317 0.000665496 0.00205729 0.0149926 0.0249155
internal_weight=1977.98 1456.51 517.601 474.905 51.2806 37.55
internal_count=181000 143053 46704 42408 4570 3345
is_linear=0
shrinkage=0.03


Tree=16
num_leaves=7
num_cat=0
split_feature=23 46 22 22 20 12
split_gain=100.012 14.9433 13.6266 13.3118 8.71717 8.83546
threshold=0.81928807667400017 1.0000000180025095e-35 0.84460273780400008 0.92666324614850015 0.83419691398750018 0.010309278350515457
decision_type=2 2 2 2 2 2
left_child=1 2 -1 4 5 -2
right_child=3 -3 -4 -5 -6 -7
leaf_value=-0.0062198229361024558 0.01097595989701455 -0.015572108389035159 0.00072157378669575974 0.01332274944264504 -0.0027053863012619656 -0.0018068805345306106
leaf_weight=795.25284003932029 197.72718394547701 109.11317282170057 373.83555832132697 342.33611086197197 95.576160727068782 64.107802025973797
leaf_count=82380 15727 11633 34445 23337 8268 5210
internal_value=-1.02528e-05 -0.0050006 -0.00400148 0.00909955 0.00502859 0.00785124
internal_weight=1977.95 1278.2 1169.09 699.747 357.411 261.835
internal_count=181000 128458 116825 52542 29205 20937
is_linear=0
shrinkage=0.03


Tree=17
num_leaves=7
num_cat=0
split_feature=23 46 22 22 12 12
split_gain=93.7347 14.4177 12.9443 12.3717 9.63973 8.32047
threshold=0.81928807667400017 1.0000000180025095e-35 0.84460273780400008 0.9421601826010001 0.0017182130584192659 0.0073024054982817896
decision_type=2 2 2 2 2 2
left_child=1 2 -1 5 -5 -2
right_child=3 -3 -4 4 -6 -7
leaf_value=-0.0060708947594591191 0.0093110431914002565 -0.01534324702953899 0.0006994851391942436 0.024869593563110026 0.010697815132603783 0.0013131099459314358
leaf_weight=790.4174374435097 285.32601841166615 107.45866666082293 374.09948516916484 59.712989657185972 162.25247039273381 198.66887332964689
leaf_count=82380 22169 11633 34445 3854 10741 15778
internal_value=-1.10212e-05 -0.00487546 -0.00389719 0.00874806 0.0146047 0.00603755
internal_weight=1977.94 1271.98 1164.52 705.96 221.965 483.995
internal_count=181000 128458 116825 52542 14595 37947
is_linear=0
shrinkage=0.03


Tree=18
num_leaves=7
num_cat=0
split_feature=23 46 22 22 2 14
split_gain=87.8888 13.9046 12.2934 11.4405 8.34733 9.44191
threshold=0.81928807667400017 1.0000000180025095e-35 0.84460273780400008 0.92666324614850015 1.0000000180025095e-35 1.0000000180025095e-35
decision_type=2 2 2 2 2 2
left_child=1 2 -1 -2 -5 -6
right_child=3 -3 -4 4 5 -7
leaf_value=-0.0059246622100741549 0.0046480784239142188 -0.015114432252220271 0.00067808605561643046 0.0098025785232370571 0.060623284832997164 0.017948531034118892
leaf_weight=785.7255967380479 361.25940458290279 105.85254707094282 374.35550349298865 276.1907318700105 4.2722691390663377 70.236346360296011
leaf_count=82380 29205 11633 34445 18615 257 4465
internal_value=-1.13051e-05 -0.00475287 -0.00379522 0.00841452 0.0122701 0.0211659
internal_weight=1977.89 1265.93 1160.08 711.959 350.699 74.5086
internal_count=181000 128458 116825 52542 23337 4722
is_linear=0
shrinkage=0.03


Tree=19
num_leaves=7
num_cat=0
split_feature=23 22 46 21 19 46
split_gain=82.5389 17.1847 9.86933 9.6277 10.7122 8.90595
threshold=0.83920405612900006 0.82932425596850001 1.0000000180025095e-35 0.58014394450050011 0.72597981719550009 1.0000000180025095e-35
decision_type=2 2 2 2 2 2
left_child=1 -1 3 -3 -5 -2
right_child=5 2 -4 4 -6 -7
leaf_value=-0.0072257630927275492 0.011105987130840139 0.0057240065939104783 -0.012188176459132546 -0.0048223404207800779 0.0049794545726009254 -0.0027011007581010456
leaf_weight=682.01442959532142 497.15479458868504 209.44967028219253 60.332181999459863 342.45518094766885 140.84932420682162 45.539624494500458
leaf_count=72997 34632 18929 6387 32062 12678 3315
internal_value=-1.07872e-05 -0.00377978 -0.000653556 0.000367118 -0.00196142 0.00994454
internal_weight=1977.8 1435.1 753.086 692.754 483.305 542.694
internal_count=181000 143053 70056 63669 44740 37947
is_linear=0
shrinkage=0.03


Tree=20
num_leaves=7
num_cat=0
split_feature=23 46 23 22 23 10
split_gain=77.5148 13.1965 11.2215 10.2524 9.10983 11.6266
threshold=0.81928807667400017 1.0000000180025095e-35 0.75075859063650008 0.9421601826010001 0.87355936357550013 0.071305841924398664
decision_type=2 2 2 2 2 2
left_child=1 2 -1 -2 5 -5
right_child=3 -3 -4 4 -6 -7
leaf_value=-0.0074826037666085327 0.0053477833194144871 -0.014741686181040331 -0.0013361917785070169 0.0021204210845154718 0.0097123326100882843 0.033138810015320333
leaf_weight=421.33505503926426 493.23874437622726 103.33385606110096 729.92519462667406 15.564436358399687 178.13904350064695 36.24132652208209
leaf_count=45186 37947 11633 71639 949 11453 2193
internal_value=-1.14629e-05 -0.00451968 -0.00359018 0.00780492 0.0130296 0.0240363
internal_weight=1977.78 1254.59 1151.26 723.184 229.945 51.8058
internal_count=181000 128458 116825 52542 14595 3142
is_linear=0
shrinkage=0.03


Tree=21
num_leaves=7
num_cat=0
split_feature=23 22 19 14 46 27
split_gain=72.7559 15.6558 9.10155 11.2636 8.16784 9.74063
threshold=0.83920405612900006 0.82932425596850001 0.68148865164550021 0.12714776632302413 1.0000000180025095e-35 1.0000000180025095e-35
decision_type=2 2 2 2 2 2
left_child=1 -1 3 -3 5 -2
right_child=4 2 -4 -5 -6 -7
leaf_value=-0.0069147707139636961 0.010777068323414647 0.0078404168967668841 -0.0024080095411864381 -0.018843387326072967 -0.0028578530220034599 -0.025897708678416124
leaf_weight=673.03531099762768 501.01692556217313 156.20210178662091 581.27971332613379 14.705079006962476 45.79940530937165 5.6844938984140745
leaf_count=72997 34239 14714 53944 1398 3315 393
internal_value=-1.15882e-05 -0.00359435 -0.000618096 0.00544825 0.00922024 0.0103154
internal_weight=1977.72 1425.22 752.187 170.907 552.501 506.701
internal_count=181000 143053 70056 16112 37947 34632
is_linear=0
shrinkage=0.03


Tree=22
num_leaves=7
num_cat=0
split_feature=23 46 22 11 14 23
split_gain=68.7281 12.7554 10.4463 9.21587 10.7711 28.7612
threshold=0.81928807667400017 1.0000000180025095e-35 0.84717997359450015 1.0000000180025095e-35 0.11211340206185567 0.86314793792750011
decision_type=2 2 2 2 2 2
left_child=1 2 -1 4 -2 -6
right_child=3 -3 -4 -5 5 -7
leaf_value=-0.0052809042846970501 0.013076774401416968 -0.014451001573787448 0.00095772533414509536 0.0063105359564076908 0.0041870533009977324 0.1172409107998774
leaf_weight=796.82193406205624 45.186629007570446 101.44898982811719 346.06694007571787 680.67215296719223 5.0811705440282813 2.4554842822253704
leaf_count=85041 3152 11633 31784 48849 386 155
internal_value=-1.26555e-05 -0.00430511 -0.00339266 0.00726621 0.0192572 0.0504397
internal_weight=1977.73 1244.34 1142.89 733.395 52.7233 7.53665
internal_count=181000 128458 116825 52542 3693 541
is_linear=0
shrinkage=0.03


Tree=23
num_leaves=7
num_cat=0
split_feature=23 46 46 27 5 2
split_gain=64.6049 10.7505 9.68662 11.1703 9.54714 9.45306
threshold=0.81578316469150014 1.0000000180025095e-35 1.0000000180025095e-35 1.0000000180025095e-35 1.5000000000000002 1.0000000180025095e-35
decision_type=2 2 2 2 2 2
left_child=1 4 3 5 -1 -2
right_child=2 -3 -4 -5 -6 -7
leaf_value=-0.0019834125788474599 0.0062473119104764219 -0.013835972775247073 -0.0044726747059541669 -0.026788910166579489 -0.0086285828325696739 0.014530056969419237
leaf_weight=859.34386576805264 537.9548448016867 97.636782798916101 62.643770631402731 7.369628442451357 250.91383057832718 161.72304463014007
leaf_count=88750 38813 11356 4902 547 25433 11199
internal_value=-1.12651e-05 -0.00433852 0.00677641 0.00777798 -0.00349161 0.00817978
internal_weight=1977.59 1207.89 769.691 707.048 1110.26 699.678
internal_count=181000 125539 55461 50559 114183 50012
is_linear=0
shrinkage=0.03


Tree=24
num_leaves=7
num_cat=0
split_feature=23 22 19 14 13 11
split_gain=61.2186 13.8924 8.73269 10.7269 7.86825 9.03385
threshold=0.83920405612900006 0.82932425596850001 0.68148865164550021 0.12714776632302413 0.0077319587628866026 0.0090206185567010284
decision_type=2 2 2 2 2 2
left_child=1 -1 3 4 5 -3
right_child=-2 2 -4 -5 -6 -7
leaf_value=-0.0065159974004603237 0.0083237638081187278 0.035581307051315007 -0.0023150989842021167 -0.01859962780819131 -0.0055400762506610125 0.0083224800249159445
leaf_weight=661.85658107604831 565.13546579051763 11.293361437506972 579.35878203902394 14.386715880595146 31.684387999586761 113.87718696240336
leaf_count=72997 37947 1052 53944 1398 2960 10702
internal_value=-1.22138e-05 -0.00335104 -0.000555311 0.00537742 0.00768049 0.0110444
internal_weight=1977.59 1412.46 750.6 171.242 156.855 125.171
internal_count=181000 143053 70056 16112 14714 11754
is_linear=0
shrinkage=0.03


Tree=25
num_leaves=7
num_cat=0
split_feature=23 46 5 22 12 10
split_gain=57.398 10.3776 9.13019 9.12329 8.20205 8.1039
threshold=0.81578316469150014 1.0000000180025095e-35 1.5000000000000002 0.9421601826010001 0.0017182130584192659 0.087199312714776614
decision_type=2 2 2 2 2 2
left_child=1 2 -1 5 -5 -2
right_child=3 -3 -4 4 -6 -7
leaf_value=-0.001826029585348116 0.0073811951765799175 -0.01354712407748534 -0.0083589706355238595 0.020204789502092878 0.0077144379494021812 -2.7626096495354197e-05
leaf_weight=854.63336372189224 302.95519190840423 95.958458235487342 247.86027575470507 65.240370707586408 174.83290685899556 236.05864985287189
leaf_count=88750 22508 11356 25433 3854 10741 18358
internal_value=-1.22856e-05 -0.004132 -0.003301 0.00632215 0.0111784 0.00414249
internal_weight=1977.54 1198.45 1102.49 779.087 240.073 539.014
internal_count=181000 125539 114183 55461 14595 40866
is_linear=0
shrinkage=0.03


Tree=26
num_leaves=7
num_cat=0
split_feature=23 23 19 14 46 27
split_gain=54.0995 13.2445 9.75887 14.0473 9.16264 8.6402
threshold=0.83920405612900006 0.74562200910150012 0.60579156770600007 0.012027491408934722 1.0000000180025095e-35 1.0000000180025095e-35
decision_type=2 2 2 2 2 2
left_child=1 2 3 -1 5 -3
right_child=-2 4 -4 -5 -6 -7
leaf_value=0.053456609785534091 0.0077421783354118326 -0.00022052705693707635 -0.0090450204224522233 -0.0014593704961351126 -0.011116740742463525 -0.027454513486703535
leaf_weight=4.3776099197566536 573.63874545227736 922.91733693052083 369.26390577666461 18.790738321840763 78.893610364757478 9.6051344275474531
leaf_count=487 37947 89298 41221 2092 9007 948
internal_value=-1.24167e-05 -0.00318435 -0.00785512 0.0106994 -0.0013661 -0.000530151
internal_weight=1977.49 1403.85 392.432 23.1683 1011.42 932.522
internal_count=181000 143053 43800 2579 99253 90246
is_linear=0
shrinkage=0.03


Tree=27
num_leaves=7
num_cat=0
split_feature=23 46 14 12 46 27
split_gain=51.0378 9.70973 8.80179 18.1328 8.74749 10.4123
threshold=0.81578316469150014 1.0000000180025095e-35 0.022766323024054961 0.0017182130584192659 1.0000000180025095e-35 1.0000000180025095e-35
decision_type=2 2 2 2 2 2
left_child=1 2 3 -1 5 -2
right_child=4 -3 -4 -5 -6 -7
leaf_value=0.013625508575373698 0.0072160362563116745 -0.01315243091147191 -0.0050788564792385842 -0.0027234538214711821 -0.0047332199425407758 -0.026738149494392283
leaf_weight=75.498987226746976 717.369131189771 93.754281150177121 718.80576713103801 301.47229914553463 63.275231744162738 7.2628298019990316
leaf_count=7743 50012 11356 75189 31251 4902 547
internal_value=-1.25629e-05 -0.00393393 -0.00313393 0.000578267 0.00590515 0.00683934
internal_weight=1977.44 1189.53 1095.78 376.971 787.907 724.632
internal_count=181000 125539 114183 38994 55461 50559
is_linear=0
shrinkage=0.03


Tree=28
num_leaves=7
num_cat=0
split_feature=23 23 19 14 46 27
split_gain=48.1412 12.3843 9.33331 12.63 8.33608 8.33986
threshold=0.83920405612900006 0.74562200910150012 0.60579156770600007 0.012027491408934722 1.0000000180025095e-35 1.0000000180025095e-35
decision_type=2 2 2 2 2 2
left_child=1 2 3 -1 5 -3
right_child=-2 4 -4 -5 -6 -7
leaf_value=0.04998840895864555 0.0072337117017013987 -0.00018823122576280054 -0.0087640496397597498 -0.0012822700537031917 -0.010688502978384839 -0.027355243658315417
leaf_weight=4.6091242963448193 581.28534422349185 921.92987053282559 364.48773842584342 18.670970978215337 77.169386621564627 9.2835557991638762
leaf_count=487 37947 89298 41221 2092 9007 948
internal_value=-1.3368e-05 -0.0030337 -0.00758289 0.0105093 -0.00127855 -0.000488121
internal_weight=1977.44 1396.15 387.768 23.2801 1008.38 931.213
internal_count=181000 143053 43800 2579 99253 90246
is_linear=0
shrinkage=0.03


Tree=29
num_leaves=7
num_cat=0
split_feature=23 46 5 11 14 23
split_gain=45.3683 9.07722 8.83146 8.61361 9.71433 23.264
threshold=0.81578316469150014 1.0000000180025095e-35 1.5000000000000002 1.0000000180025095e-35 0.11211340206185567 0.86314793792750011
decision_type=2 2 2 2 2 2
left_child=1 2 -1 4 -2 -6
right_child=3 -3 -4 -5 5 -7
leaf_value=-0.0015189517492385637 0.010925704953324449 -0.012762120807768687 -0.0079920690226003149 0.0046306832037989161 0.0051610204357165632 0.10121575003462016
leaf_weight=845.58979161269963 49.013534867204726 91.669529818929732 243.81889005098492 738.66160393413156 5.7569250352680665 2.8739997474476695
leaf_count=88750 3298 11356 25433 51574 434 155
internal_value=-1.34676e-05 -0.00374357 -0.00297369 0.00551677 0.0165986 0.0443345
internal_weight=1977.38 1181.08 1089.41 796.306 57.6445 8.63092
internal_count=181000 125539 114183 55461 3887 589
is_linear=0
shrinkage=0.03


Tree=30
num_leaves=7
num_cat=0
split_feature=23 23 19 14 11 46
split_gain=42.8458 11.6553 8.88198 11.4498 8.06971 7.67246
threshold=0.83920405612900006 0.74562200910150012 0.60579156770600007 0.012027491408934722 0.10781786941580761 1.0000000180025095e-35
decision_type=2 2 2 2 2 2
left_child=1 2 3 4 -1 -3
right_child=-2 5 -4 -5 -6 -7
leaf_value=0.06412239817586779 0.0067649307577613439 -0.0004335101383233826 -0.0084987718347269824 -0.001179914568398601 -0.015596591599561619 -0.010306664227839983
leaf_weight=3.7688413709402111 588.51441688649356 929.52187305688858 360.08852836675942 18.602386782877147 1.0604799427092073 75.691810650750995
leaf_count=380 37947 90246 41221 2092 107 9007
internal_value=-1.21766e-05 -0.00288696 -0.00732935 0.010254 0.0469442 -0.00118646
internal_weight=1977.25 1388.73 383.52 23.4317 4.82932 1005.21
internal_count=181000 143053 43800 2579 487 99253
is_linear=0
shrinkage=0.03


Tree=31
num_leaves=7
num_cat=0
split_feature=22 46 27 23 2 14
split_gain=40.6446 13.647 12.9118 11.3896 11.138 12.8161
threshold=0.85000511371100018 1.0000000180025095e-35 1.0000000180025095e-35 0.84713286396250009 1.0000000180025095e-35 1.0000000180025095e-35
decision_type=2 2 2 2 2 2
left_child=-1 2 3 -2 -5 -6
right_child=1 -3 -4 4 5 -7
leaf_value=-0.0048755514330532925 0.0021724907449787701 -0.0076991480117169419 -0.027621637976710994 0.0059782796641726704 0.057063338062456961 0.014158128801643806
leaf_weight=867.09948349464685 551.30963448714465 85.026898906566203 9.9964488502591831 356.82474772818387 5.8528149332851163 101.05994459800422
leaf_count=96349 47218 7611 828 22640 323 6031
internal_value=-1.1855e-05 0.00378825 0.0047477 0.00509335 0.00855364 0.017014
internal_weight=1977.17 1110.07 1025.04 1015.05 463.738 106.913
internal_count=181000 84651 77040 76212 28994 6354
is_linear=0
shrinkage=0.03


Tree=32
num_leaves=7
num_cat=0
split_feature=22 46 27 23 2 12
split_gain=38.2927 12.8396 12.4102 10.5683 10.2057 11.4625
threshold=0.85000511371100018 1.0000000180025095e-35 1.0000000180025095e-35 0.84713286396250009 1.0000000180025095e-35 0.0017182130584192659
decision_type=2 2 2 2 2 2
left_child=-1 2 3 -2 5 -5
right_child=1 -3 -4 4 -6 -7
leaf_value=-0.0047524712562337498 0.0021029095699338458 -0.0075273932609737238 -0.027543742137965347 0.014817497335483109 0.016258769229896979 0.0025871171536996961
leaf_weight=862.95875751785934 552.47982679586858 84.390568590722978 9.7308192951604706 92.318281700834632 108.6333687081933 266.57641341071576
leaf_count=96349 47218 7611 828 5605 6354 17035
internal_value=-1.15555e-05 0.00366153 0.00458492 0.0049181 0.00823323 0.00576556
internal_weight=1977.09 1114.13 1029.74 1020.01 467.528 358.895
internal_count=181000 84651 77040 76212 28994 22640
is_linear=0
shrinkage=0.03


Tree=33
num_leaves=7
num_cat=0
split_feature=22 46 27 22 18 14
split_gain=36.0664 12.0786 11.9312 9.90726 9.48869 10.094
threshold=0.85000511371100018 1.0000000180025095e-35 1.0000000180025095e-35 0.9220426833430001 0.78112124443500008 0.10481099656357391
decision_type=2 2 2 2 2 2
left_child=-1 2 3 4 5 -2
right_child=1 -3 -4 -5 -6 -7
leaf_value=-0.0046319324158307458 0.022183214635427044 -0.0073582571080864695 -0.027464813611604175 0.0084591603691024902 0.0012946259268103706 -0.0081941676931090324
leaf_weight=858.9412415381521 38.371852856129408 83.772922243922949 9.4727926244959217 396.11204308085144 577.83692647051066 12.538089435547588
leaf_count=96349 3003 7611 828 23735 48438 1036
internal_value=-1.18963e-05 0.00353824 0.00442703 0.00474829 0.00240071 0.0146881
internal_weight=1977.05 1118.1 1034.33 1024.86 628.747 50.9099
internal_count=181000 84651 77040 76212 52477 4039
is_linear=0
shrinkage=0.03


Tree=34
num_leaves=7
num_cat=0
split_feature=23 46 27 14 12 12
split_gain=34.0599 9.58993 8.64946 8.38766 19.0001 9.30889
threshold=0.81928807667400017 1.0000000180025095e-35 1.0000000180025095e-35 0.022766323024054961 0.0030068728522336945 0.014175257731958742
decision_type=2 2 2 2 2 2
left_child=1 2 3 4 -1 -6
right_child=-2 -3 -4 -5 5 -7
leaf_value=0.01398872205381228 0.0048467108087212728 -0.012534834928079447 -0.027750610995257198 -0.0040601765700040279 0.00036498463582636411 -0.013455402437841926
leaf_weight=83.673307245597243 782.98757003154606 90.526206233073026 11.01086318772286 712.70853994321078 243.62634638603777 52.481374327093363
leaf_count=8546 52542 11633 1244 75932 25501 5602
internal_value=-1.23627e-05 -0.00320011 -0.00242367 -0.00214327 0.00145528 -0.00212155
internal_weight=1977.01 1194.03 1103.5 1092.49 379.781 296.108
internal_count=181000 128458 116825 115581 39649 31103
is_linear=0
shrinkage=0.03


Tree=35
num_leaves=7
num_cat=0
split_feature=22 46 27 22 20 11
split_gain=32.4591 11.1763 11.341 9.07815 9.35825 13.7504
threshold=0.85000511371100018 1.0000000180025095e-35 1.0000000180025095e-35 0.96727781835750004 0.75442928931250008 0.064862542955326494
decision_type=2 2 2 2 2 2
left_child=-1 2 3 -2 -5 -6
right_child=1 -3 -4 4 5 -7
leaf_value=-0.0044266380332777895 0.0038665527310066399 -0.0071926860221560932 -0.027370674802001681 0.069055309111865748 0.024288703341651507 -0.011487504019691243
leaf_weight=852.18039862625301 986.53286368213594 83.172389208339155 9.1748973596841079 2.0174624696373931 30.741242907941341 13.19509497284889
leaf_count=96349 73589 7611 828 115 1755 753
internal_value=-1.31612e-05 0.00333148 0.00417788 0.00448444 0.0173843 0.0135277
internal_weight=1977.01 1124.83 1041.66 1032.49 45.9538 43.9363
internal_count=181000 84651 77040 76212 2623 2508
is_linear=0
shrinkage=0.03


Tree=36
num_leaves=7
num_cat=0
split_feature=23 23 19 14 11 10
split_gain=30.7257 9.78055 8.6134 10.4421 7.32579 6.66187
threshold=0.83920405612900006 0.74562200910150012 0.60579156770600007 0.012027491408934722 0.10781786941580761 0.071305841924398664
decision_type=2 2 2 2 2 2
left_child=1 2 3 4 -1 -3
right_child=-2 5 -4 -5 -6 -7
leaf_value=0.060884072720433509 0.0055988575440420992 -0.0039324215294018021 -0.0078236194492144664 -0.00051774830437974705 -0.015335614558473903 0.0010623298113439168
leaf_weight=3.9375913748517659 607.26819570083171 401.54017011402175 349.35126532055438 18.170044651255012 1.0252512712031601 595.63562899222597
leaf_count=380 37947 39975 41221 2092 107 59278
internal_value=-1.25914e-05 -0.00250282 -0.00664386 0.0107586 0.045207 -0.000950868
internal_weight=1976.93 1369.66 372.484 23.1329 4.96284 997.176
internal_count=181000 143053 43800 2579 487 99253
is_linear=0
shrinkage=0.03


Tree=37
num_leaves=7
num_cat=0
split_feature=22 46 27 22 5 0
split_gain=29.1267 10.5016 10.8852 8.23209 9.11314 9.74788
threshold=0.85000511371100018 1.0000000180025095e-35 1.0000000180025095e-35 0.96727781835750004 1.5000000000000002 0.22500000000000003
decision_type=2 2 2 2 2 2
left_child=-1 2 3 4 5 -2
right_child=1 -3 -4 -5 -6 -7
leaf_value=-0.0042214974708674521 0.0030566276554028549 -0.0070921619033723262 -0.027298003208742327 0.016398332925592323 -0.0012211438423902433 0.010560034044130548
leaf_weight=845.52843038132414 513.13221641536802 82.812564896885306 8.9569959770888072 46.927712073549628 255.84787713363767 223.63613295275718
leaf_count=96349 37729 7611 828 2623 19558 16302
internal_value=-1.20706e-05 0.00313495 0.00394869 0.0042439 0.00365335 0.00534541
internal_weight=1976.84 1131.31 1048.5 1039.54 992.616 736.768
internal_count=181000 84651 77040 76212 73589 54031
is_linear=0
shrinkage=0.03


Tree=38
num_leaves=7
num_cat=0
split_feature=23 22 19 14 46 27
split_gain=27.6071 9.06094 9.75758 9.76702 7.29072 7.72175
threshold=0.83920405612900006 0.7960849604575001 0.60579156770600007 0.012027491408934722 1.0000000180025095e-35 1.0000000180025095e-35
decision_type=2 2 2 2 2 2
left_child=1 2 3 -1 5 -3
right_child=-2 4 -4 -5 -6 -7
leaf_value=0.044999361388524783 0.0052723100504528785 -5.8346533045517516e-05 -0.0082444857435776068 0.00055380779292228753 -0.0099296211619054157 -0.027108308620132207
leaf_weight=4.9784191073849824 612.73449835646898 959.71652261726558 297.48754989122972 17.504251113627106 75.795498565305024 8.5928270891308767
leaf_count=471 37947 94584 35464 2025 9509 1000
internal_value=-1.23647e-05 -0.00238833 -0.0067969 0.0118927 -0.0010321 -0.000326108
internal_weight=1976.81 1364.08 319.97 22.4827 1044.1 968.309
internal_count=181000 143053 37960 2496 105093 95584
is_linear=0
shrinkage=0.03


Tree=39
num_leaves=7
num_cat=0
split_feature=22 46 27 19 21 11
split_gain=26.1597 9.65308 10.3186 7.67948 11.0542 10.7338
threshold=0.85000511371100018 1.0000000180025095e-35 1.0000000180025095e-35 0.74134521230250006 0.58014394450050011 0.011168384879725076
decision_type=2 2 2 2 2 2
left_child=-1 2 3 4 5 -2
right_child=1 -3 -4 -5 -6 -7
leaf_value=-0.004027237214821653 0.021636897587794208 -0.0068993035717962985 -0.02719029665963555 0.0078969366001959643 -0.00090899446339846521 0.0044901368513983507
leaf_weight=839.32161342119798 36.429142963141203 82.129719064570963 8.6454343870282155 316.98752596601844 415.21229032706469 278.02867993060499
leaf_count=96349 2491 7611 828 20185 33867 19669
internal_value=-1.23644e-05 0.00295118 0.00372361 0.00400467 0.00230527 0.00653884
internal_weight=1976.75 1137.43 1055.3 1046.66 729.67 314.458
internal_count=181000 84651 77040 76212 56027 22160
is_linear=0
shrinkage=0.03


Tree=40
num_leaves=7
num_cat=0
split_feature=23 5 19 20 11 17
split_gain=24.7184 10.8712 8.81601 14.8793 9.39438 10.1235
threshold=0.84713286396250009 1.5000000000000002 0.72597981719550009 0.81631503982050002 0.070876288659793799 0.061855670103092793
decision_type=2 2 2 2 2 2
left_child=1 2 -1 -4 -5 -6
right_child=-2 -3 3 4 5 -7
leaf_value=-0.001556807241540936 0.0055042842210557821 -0.0068569674105954459 0.024474250907558351 -0.0061997432512927138 -0.011484360881651745 0.026448002863350927
leaf_weight=999.86548540694639 532.76662917528301 326.52787220850587 31.270103744696826 58.641261747572571 8.5628786482848245 19.075329016894102
leaf_count=104834 32109 33714 2545 5309 793 1696
internal_value=-1.25622e-05 -0.00205049 -0.000641086 0.00709539 0.00058855 0.0147051
internal_weight=1976.71 1443.94 1117.42 117.55 86.2795 27.6382
internal_count=181000 148891 115177 10343 7798 2489
is_linear=0
shrinkage=0.03


Tree=41
num_leaves=7
num_cat=0
split_feature=22 46 27 12 14 22
split_gain=23.7218 9.08101 9.91511 7.33602 14.0888 8.74346
threshold=0.85000511371100018 1.0000000180025095e-35 1.0000000180025095e-35 0.0017182130584192659 0.057130584192439889 0.8618739460910001
decision_type=2 2 2 2 2 2
left_child=-1 2 3 4 5 -2
right_child=1 -3 -4 -5 -6 -7
leaf_value=-0.0038566964254883452 -0.0094064142656321761 -0.0067858073857412857 -0.02711139666103201 0.0024062638590892061 -0.0017393471003270182 0.015355671230853542
leaf_weight=833.95002766419202 13.345533501356838 81.733399565331638 8.430283750407396 802.7383527578786 83.674366487190127 152.76954075228423
leaf_count=96349 1197 7611 828 58842 6152 10021
internal_value=-1.22403e-05 0.00279441 0.00353814 0.00380913 0.00828989 0.0133219
internal_weight=1976.64 1142.69 1060.96 1052.53 249.789 166.115
internal_count=181000 84651 77040 76212 17370 11218
is_linear=0
shrinkage=0.03


Tree=42
num_leaves=7
num_cat=0
split_feature=22 46 27 5 22 5
split_gain=22.3365 8.55131 9.55266 7.15979 6.90631 8.51361
threshold=0.85000511371100018 1.0000000180025095e-35 1.0000000180025095e-35 1.5000000000000002 0.96727781835750004 2.5000000000000004
decision_type=2 2 2 2 2 2
left_child=3 2 4 -1 5 -2
right_child=1 -3 -4 -5 -6 -7
leaf_value=-0.0023731576861590964 0.0038587000679086063 -0.0066286030594895655 -0.027026514656746096 -0.0093788968492855666 0.014593078359941508 -0.0073664356184173834
leaf_weight=668.00385926384479 943.52661352977157 81.193653580266982 8.2095345710404199 162.79224212048575 48.818403607234359 64.083337871357799
leaf_count=77183 68626 7611 828 19166 2623 4963
internal_value=-1.28216e-05 0.00270178 0.00341891 -0.00375554 0.00368083 0.00313819
internal_weight=1976.63 1145.83 1064.64 830.796 1056.43 1007.61
internal_count=181000 84651 77040 96349 76212 73589
is_linear=0
shrinkage=0.03


Tree=43
num_leaves=7
num_cat=0
split_feature=23 5 19 20 11 17
split_gain=21.3465 10.0204 7.96059 13.4181 8.74712 9.26236
threshold=0.84713286396250009 1.5000000000000002 0.72597981719550009 0.81631503982050002 0.070876288659793799 0.061855670103092793
decision_type=2 2 2 2 2 2
left_child=1 2 -1 -4 -5 -6
right_child=-2 -3 3 4 5 -7
leaf_value=-0.0014501938671586275 0.0050717378225850849 -0.0065703052143225339 0.022957449183969629 -0.0060975056806447407 -0.011311451006500118 0.024921963152625494
leaf_weight=996.18295799707994 539.14442026708275 322.61137901153415 32.180400880984962 58.39145662356168 8.4771609548479336 19.625548074487597
leaf_count=104834 32109 33714 2545 5309 793 1696
internal_value=-1.33681e-05 -0.00192281 -0.000573265 0.00673849 0.000510765 0.0139791
internal_weight=1976.61 1437.47 1114.86 118.675 86.4942 28.1027
internal_count=181000 148891 115177 10343 7798 2489
is_linear=0
shrinkage=0.03


Tree=44
num_leaves=7
num_cat=0
split_feature=22 46 27 12 18 23
split_gain=20.2461 8.04668 9.18578 6.72134 13.0859 18.1362
threshold=0.85000511371100018 1.0000000180025095e-35 1.0000000180025095e-35 0.0017182130584192659 0.75042334409450018 0.80585931915900011
decision_type=2 2 2 2 2 2
left_child=-1 2 3 4 5 -2
right_child=1 -3 -4 -5 -6 -7
leaf_value=-0.0035946656576543905 0.12990885884628006 -0.0065165595171487829 -0.02694502611585425 0.0021611627557864225 0.0068322066578560886 0.0042780598703706253
leaf_weight=825.82757622515783 0.87410773709416334 80.811065703164786 8.0050913551822287 808.6787000335753 249.88006195425987 2.4668662250041962
leaf_count=96349 75 7611 828 58842 17128 167
internal_value=-1.30117e-05 0.0025583 0.00324918 0.00350194 0.00775844 0.0595015
internal_weight=1976.54 1150.72 1069.9 1061.9 253.221 3.34097
internal_count=181000 84651 77040 76212 17370 242
is_linear=0
shrinkage=0.03


Tree=45
num_leaves=7
num_cat=0
split_feature=22 5 2 12 21 11
split_gain=19.4167 8.69828 7.78245 8.02352 10.3957 7.63089
threshold=0.90591026817600018 1.5000000000000002 1.0000000180025095e-35 0.0017182130584192659 0.65141209381600007 0.011168384879725076
decision_type=2 2 2 2 2 2
left_child=1 -1 3 4 -2 -4
right_child=2 -3 5 -5 -6 -7
leaf_value=-0.00077571443978244879 0.013587604216855247 -0.0066578387200084913 0.02960386106639815 0.00027363413149381153 -0.0071340963097896413 0.0079531244209958933
leaf_weight=1071.8562681870535 98.272977227345109 285.91870479937643 15.956412993837146 355.83686112659052 27.229883757419884 121.32484375499189
leaf_count=112025 5810 31028 879 22623 1642 6993
internal_value=-1.1388e-05 -0.00201835 0.00438973 0.00258144 0.00907084 0.0106655
internal_weight=1976.4 1357.77 618.621 481.34 125.503 137.281
internal_count=181000 143053 37947 30075 7452 7872
is_linear=0
shrinkage=0.03


Tree=46
num_leaves=7
num_cat=0
split_feature=22 46 27 5 12 23
split_gain=18.4812 7.5744 8.83672 6.37142 6.21326 12.4135
threshold=0.85000511371100018 1.0000000180025095e-35 1.0000000180025095e-35 1.5000000000000002 0.0068728522336769802 0.90224927400350008
decision_type=2 2 2 2 2 2
left_child=3 2 4 -1 -2 -6
right_child=1 -3 -4 -5 5 -7
leaf_value=-0.0021487918649433654 0.0053851834151911965 -0.006394678407415518 -0.026859639873479422 -0.008830792093108648 -0.00019886236679621345 0.024946720924441133
leaf_weight=662.71560030989349 593.89497670345008 80.399259960278869 7.7999714436009517 158.65286305500194 455.47356306668371 17.381548190489411
leaf_count=77183 41177 7611 828 19166 34089 946
internal_value=-1.08893e-05 0.00243481 0.00310077 -0.00344863 0.00334479 0.000776153
internal_weight=1976.32 1154.95 1074.55 821.368 1066.75 472.855
internal_count=181000 84651 77040 96349 76212 35035
is_linear=0
shrinkage=0.03


Tree=47
num_leaves=7
num_cat=0
split_feature=23 5 2 14 20 10
split_gain=17.6213 8.90568 7.19675 11.5687 12.3281 9.15057
threshold=0.84713286396250009 1.5000000000000002 1.0000000180025095e-35 1.0000000180025095e-35 0.7462778123135001 0.079467353951890043
decision_type=2 2 2 2 2 2
left_child=1 -1 -2 4 -4 -6
right_child=2 -3 3 -5 5 -7
leaf_value=-0.00049599325052499736 0.0026543216887762468 -0.0061862338514737493 0.087662904177563242 0.0083337326619195417 -0.016722081640407411 0.056541899740391401
leaf_weight=1111.9594771075062 419.43153918068856 317.50673497887328 2.5551889054477206 120.06369914393872 3.3542945589870214 1.4156421748921273
leaf_count=115177 25126 33714 124 6622 168 69
internal_value=-1.11639e-05 -0.00176333 0.00456409 0.0107824 0.0450961 0.0110525
internal_weight=1976.29 1429.47 546.82 127.389 7.32513 4.76994
internal_count=181000 148891 32109 6983 361 237
is_linear=0
shrinkage=0.03


Tree=48
num_leaves=7
num_cat=0
split_feature=22 46 27 19 14 12
split_gain=16.9457 7.12884 8.51031 5.88441 9.98718 14.4603
threshold=0.85000511371100018 1.0000000180025095e-35 1.0000000180025095e-35 0.74134521230250006 0.0068728522336770079 0.010738831615120266
decision_type=2 2 2 2 2 2
left_child=-1 2 3 4 5 -2
right_child=1 -3 -4 -5 -6 -7
leaf_value=-0.0033148096080848153 0.013234501020175534 -0.006267700973067925 -0.026774069230872492 0.0065390361262390746 6.160942400793293e-05 -0.013092021404168316
leaf_weight=817.32285571610555 115.05993292666972 79.974675598554313 7.6026659267954519 328.45500331651419 606.13534139003605 21.567496102303267
leaf_count=96349 8280 7611 828 20185 45983 1764
internal_value=-9.19182e-06 0.00232318 0.00296525 0.00320109 0.00171822 0.00901376
internal_weight=1976.12 1158.8 1078.82 1071.22 742.763 136.627
internal_count=181000 84651 77040 76212 56027 10044
is_linear=0
shrinkage=0.03


Tree=49
num_leaves=7
num_cat=0
split_feature=22 13 13 21 19 11
split_gain=15.9597 8.40524 28.9385 11.9282 15.2932 15.1588
threshold=0.82932425596850001 0.0094501718213058448 1.0000000180025095e-35 0.58014394450050011 0.73833664576850011 0.011168384879725076
decision_type=2 2 2 2 2 2
left_child=-1 2 3 5 -5 -2
right_child=1 -3 -4 4 -6 -7
leaf_value=-0.0040843916156110627 0.024267437799130421 -0.0038127073317212744 0.05229164317863845 -0.003141239849495216 0.0051227066177536766 0.0046859964498294302
leaf_weight=600.90082823392004 39.569990999996662 205.35906724818051 9.5205115647986513 475.19814666267484 348.43727120989934 297.1185992481187
leaf_count=72997 2868 16303 730 43043 22424 22635
internal_value=-9.77497e-06 0.00177232 0.00275516 0.00230403 0.000356778 0.00705239
internal_weight=1976.1 1375.2 1169.84 1160.32 823.635 336.689
internal_count=181000 108003 91700 90970 65467 25503
is_linear=0
shrinkage=0.03


Tree=50
num_leaves=7
num_cat=0
split_feature=22 5 23 14 12 14
split_gain=15.2242 9.17371 6.60574 6.363 9.34106 9.22893
threshold=0.9220426833430001 1.5000000000000002 0.75075859063650008 0.00515463917525777 0.003436426116838504 0.0034364261168385317
decision_type=2 2 2 2 2 2
left_child=1 -1 -3 4 5 -4
right_child=-2 2 3 -5 -6 -7
leaf_value=-0.00025467211691189277 0.004733150248494758 -0.013880902434369116 0.01250968041661309 -0.0055857098797474827 -0.0029005196951392507 0.073456843866222962
leaf_weight=1190.4169324599206 464.81683349516243 72.383920236025006 9.5087900841608626 212.51630305731669 24.177203350700438 2.1825342802330843
leaf_count=120554 26271 9341 881 21347 2403 203
internal_value=-8.95356e-06 -0.00146972 -0.0059641 -0.00361059 0.00792583 0.0287788
internal_weight=1976 1511.19 320.769 248.385 35.8685 11.6913
internal_count=181000 154729 34175 24834 3487 1084
is_linear=0
shrinkage=0.03


Tree=51
num_leaves=7
num_cat=0
split_feature=22 13 13 21 19 11
split_gain=14.6065 7.89852 25.9894 11.0928 14.1429 13.7891
threshold=0.82932425596850001 0.0094501718213058448 1.0000000180025095e-35 0.58014394450050011 0.72597981719550009 0.011168384879725076
decision_type=2 2 2 2 2 2
left_child=-1 2 3 5 -5 -2
right_child=1 -3 -4 4 -6 -7
leaf_value=-0.0039230257956939961 0.022965317935193678 -0.0037347610569296915 0.048488793486507364 -0.0044113506494242883 0.0035749792422507015 0.0044901372138335784
leaf_weight=597.24595580948517 40.549381975550205 204.76146633457392 10.024158043786882 335.82778927823529 488.72438495140523 298.76571824681014
leaf_count=72997 2868 16303 730 32274 33193 22635
internal_value=-7.98377e-06 0.00168966 0.00263822 0.00220203 0.000320863 0.00675898
internal_weight=1975.9 1378.65 1173.89 1163.87 824.552 339.315
internal_count=181000 108003 91700 90970 65467 25503
is_linear=0
shrinkage=0.03


Tree=52
num_leaves=7
num_cat=0
split_feature=22 13 13 21 19 11
split_gain=13.7802 7.43224 23.4319 10.3494 13.3702 12.5725
threshold=0.82932425596850001 0.0094501718213058448 1.0000000180025095e-35 0.58014394450050011 0.73833664576850011 0.011168384879725076
decision_type=2 2 2 2 2 2
left_child=-1 2 3 5 -5 -2
right_child=1 -3 -4 4 -6 -7
leaf_value=-0.0038204461138159956 0.021806795916161133 -0.0036365864469659836 0.045160420172700541 -0.0029848300281634659 0.0047270427402757971 0.0043367007712442158
leaf_weight=594.94610865693539 41.461298928130418 204.01904655667022 10.506059705279766 472.50240248488262 352.29801085032523 300.07135533355176
leaf_count=72997 2868 16303 730 43043 22424 22635
internal_value=-7.28404e-06 0.0016372 0.00255379 0.00213164 0.000310887 0.006515
internal_weight=1975.8 1380.86 1176.84 1166.33 824.8 341.533
internal_count=181000 108003 91700 90970 65467 25503
is_linear=0
shrinkage=0.03


Tree=53
num_leaves=7
num_cat=0
split_feature=22 46 27 12 5 12
split_gain=13.021 9.07715 10.3833 8.19902 7.1924 6.03499
threshold=0.9220426833430001 1.0000000180025095e-35 1.0000000180025095e-35 0.024484536082474227 1.5000000000000002 0.014175257731958742
decision_type=2 2 2 2 2 2
left_child=1 2 4 -3 5 -1
right_child=-2 3 -4 -5 -6 -7
leaf_value=0.001654734691702818 0.0043480273878465344 -0.010755098568316714 -0.027837034652445213 0.046100322416819627 -0.0046350593881373473 -0.0043087326010688163
leaf_weight=909.72597826272249 469.86378980241716 108.2800684380345 11.58624196005985 1.3611861304379989 292.37248719763011 182.51971933618188
leaf_count=89236 26271 13819 1484 183 30746 19261
internal_value=-6.5907e-06 -0.00136733 -0.000711342 -0.00963896 -0.000464433 0.00065518
internal_weight=1975.71 1505.85 1396.2 109.641 1384.62 1092.25
internal_count=181000 154729 140727 14002 139243 108497
is_linear=0
shrinkage=0.03


Tree=54
num_leaves=7
num_cat=0
split_feature=22 13 13 21 19 11
split_gain=12.7107 6.98293 21.1879 9.58027 12.4793 11.469
threshold=0.82932425596850001 0.0094501718213058448 1.0000000180025095e-35 0.58014394450050011 0.72597981719550009 0.011168384879725076
decision_type=2 2 2 2 2 2
left_child=-1 2 3 5 -5 -2
right_child=1 -3 -4 4 -6 -7
leaf_value=-0.003682360949743052 0.020674489371787241 -0.0035548384116846593 0.042151956356954012 -0.0041900398570281668 0.0033193922043159674 0.0041514172421322215
leaf_weight=591.87590848235413 42.391196546610445 203.39978497382253 10.978897379245607 333.00854380382225 492.35733045917004 301.65880425320938
leaf_count=72997 2868 16303 730 32274 33193 22635
internal_value=-6.66078e-06 0.00156703 0.00245187 0.00204345 0.000288174 0.00624128
internal_weight=1975.67 1383.79 1180.39 1169.42 825.366 344.05
internal_count=181000 108003 91700 90970 65467 25503
is_linear=0
shrinkage=0.03


Tree=55
num_leaves=7
num_cat=0
split_feature=22 11 12 14 13 19
split_gain=11.9901 6.60271 9.25218 12.3128 8.03094 7.8656
threshold=0.82932425596850001 0.081615120274914091 0.0017182130584192659 0.021048109965635723 0.028350515463917529 0.71971639646100016
decision_type=2 2 2 2 2 2
left_child=1 2 3 -1 -5 -4
right_child=-2 -3 5 4 -6 -7
leaf_value=0.0246708404566706 0.0015185294478039283 -0.0087751818550233559 -0.0046056177607254221 -0.0039089479596790041 0.035915568062579006 0.019491736712964641
leaf_weight=24.674926365725696 1385.84443602385 159.68085843976587 338.30981342075393 51.407727810554206 3.9914968940429381 11.671179052907972
leaf_count=2951 108003 19718 41984 6401 496 1447
internal_value=-6.04695e-06 -0.00358522 -0.00164228 0.00749728 -0.00045367 -0.00374877
internal_weight=1975.58 589.736 430.055 80.0742 55.3992 349.981
internal_count=181000 72997 53279 9848 6897 43431
is_linear=0
shrinkage=0.03


Tree=56
num_leaves=7
num_cat=0
split_feature=22 46 27 12 22 20
split_gain=11.4773 9.25595 10.3767 7.82173 6.70568 13.5423
threshold=0.92666324614850015 1.0000000180025095e-35 1.0000000180025095e-35 0.024484536082474227 0.78555121310500009 0.60859928093250015
decision_type=2 2 2 2 2 2
left_child=1 2 4 -3 5 -1
right_child=-2 3 -4 -5 -6 -7
leaf_value=0.036747541971545589 0.0043210029236727459 -0.010573172934732067 -0.027809418616307164 0.044316660544137 0.00054011938348296157 -0.0065792379895825825
leaf_weight=5.7187878587283185 430.47693396732211 110.31097819423303 11.469265244901178 1.4174935477785755 1210.4757081018761 205.63345925277099
leaf_count=657 23352 14093 1505 183 115608 25602
internal_value=-5.24925e-06 -0.00121265 -0.00056126 -0.00948984 -0.00032207 -0.00523937
internal_weight=1975.5 1545.03 1433.3 111.728 1421.83 211.352
internal_count=181000 157648 143372 14276 141867 26259
is_linear=0
shrinkage=0.03


Tree=57
num_leaves=7
num_cat=0
split_feature=23 20 12 14 21 19
split_gain=10.9024 7.72412 7.25753 17.3721 6.79074 6.1463
threshold=0.74562200910150012 0.60859928093250015 0.0017182130584192659 0.063573883161512093 0.6363794745100001 0.73833664576850011
decision_type=2 2 2 2 2 2
left_child=1 -1 3 4 -2 -4
right_child=2 -3 5 -5 -6 -7
leaf_value=0.022501925373048008 0.012653631146485655 -0.0055518525432389151 -0.001266480026285905 -0.0040673627386727806 0.0015160323751124683 0.0035961325298144086
leaf_weight=8.1005042809993011 171.56641701655462 338.0228470005095 947.65421371068805 131.18628195580095 69.37477993266657 309.52511718403548
leaf_count=921 12875 42879 87868 11338 5208 19911
internal_value=-4.8347e-06 -0.00483236 0.00102304 0.00469714 0.00946628 -6.73689e-05
internal_weight=1975.43 346.123 1629.31 372.127 240.941 1257.18
internal_count=181000 43800 137200 29421 18083 107779
is_linear=0
shrinkage=0.03


Tree=58
num_leaves=7
num_cat=0
split_feature=22 19 14 14 12 20
split_gain=10.3583 9.03181 9.01456 7.91115 13.222 10.4641
threshold=0.7960849604575001 0.60579156770600007 0.012027491408934722 0.0017182130584192936 0.011597938144329885 0.73749513058850014
decision_type=2 2 2 2 2 2
left_child=1 2 -1 4 5 -2
right_child=3 -3 -4 -5 -6 -7
leaf_value=0.044574793964245574 0.029775678793793586 -0.0066145540263467433 0.0016799697000837205 0.00028780566462238374 -0.012760143697869512 0.0072508075193288505
leaf_weight=5.0121136112138656 22.409782861359417 277.11459621880203 16.856929624453187 1535.7793854880147 22.907681813463569 95.296653480734676
leaf_count=471 1650 35464 2025 131838 2233 7319
internal_value=-4.61307e-06 -0.005139 0.0130302 0.000913619 0.00769842 0.011754
internal_weight=1975.38 298.984 21.869 1676.39 140.614 117.706
internal_count=181000 37960 2496 143040 11202 8969
is_linear=0
shrinkage=0.03


Tree=59
num_leaves=7
num_cat=0
split_feature=22 46 27 12 14 12
split_gain=10.107 8.78766 10.0782 7.43839 5.83508 16.3812
threshold=0.92666324614850015 1.0000000180025095e-35 1.0000000180025095e-35 0.024484536082474227 0.015463917525773198 0.0030068728522336945
decision_type=2 2 2 2 2 2
left_child=1 2 4 -3 5 -1
right_child=-2 3 -4 -5 -6 -7
leaf_value=0.013049773985185189 0.0040349060461738386 -0.010337736130181891 -0.02773596522015814 0.042588412862632707 -0.0015047605527970449 -0.00073514918449169866
leaf_weight=102.64489910658449 433.97788713499904 109.0094128116034 11.13339368579909 1.4746594424359489 1008.8689526519738 308.19573296047747
leaf_count=9061 23352 14093 1505 183 102332 30474
internal_value=-3.87915e-06 -0.00114292 -0.000510464 -0.00925564 -0.000277589 0.00273222
internal_weight=1975.3 1541.33 1430.84 110.484 1419.71 410.841
internal_count=181000 157648 143372 14276 141867 39535
is_linear=0
shrinkage=0.03


Tree=60
num_leaves=7
num_cat=0
split_feature=22 46 27 5 18 12
split_gain=9.63186 5.85368 7.68313 5.3693 5.33913 10.1488
threshold=0.85000511371100018 1.0000000180025095e-35 1.0000000180025095e-35 1.5000000000000002 0.75042334409450018 0.0030068728522336945
decision_type=2 2 2 2 2 2
left_child=3 2 4 -1 5 -2
right_child=1 -3 -4 -5 -6 -7
leaf_value=-0.0013583761298202296 0.055844890875923689 -0.0061026736533767922 -0.026608048317864605 -0.0076407687733391159 0.0022402213678474545 0.00368976553211068
leaf_weight=644.70785056194291 3.8710064115002742 79.412060496397316 7.229227569885551 150.33573485398665 1078.3826162563637 11.3216107012704
leaf_count=77183 259 7611 828 19166 75115 838
internal_value=-3.8391e-06 0.00171505 0.00228405 -0.00255443 0.00249918 0.0196068
internal_weight=1975.26 1180.22 1100.8 795.044 1093.58 15.1926
internal_count=181000 84651 77040 96349 76212 1097
is_linear=0
shrinkage=0.03


Tree=61
num_leaves=7
num_cat=0
split_feature=12 14 22 20 11 21
split_gain=9.38944 18.1726 9.21877 8.40908 8.52733 10.0606
threshold=0.0017182130584192659 0.027491408934707865 0.82932425596850001 0.86490980298050013 1.0000000180025095e-35 0.50548550605800002
decision_type=2 2 2 2 2 2
left_child=1 -1 -2 4 5 -3
right_child=2 3 -4 -5 -6 -7
leaf_value=0.0099680220180163818 -0.004596962051270935 0.091628128651589952 0.0004376719676927039 -0.015738462873138889 -0.0014543856793598376 0.012247526380352987
leaf_weight=218.65863607777283 471.60233889752999 0.72415204951539536 1064.3403478697874 33.86542360112071 174.35170331224799 11.671788175590335
leaf_count=16748 59536 64 84032 3171 16390 1059
internal_value=-3.68461e-06 0.00385894 -0.00111017 -0.00221367 0.000309724 0.0233786
internal_weight=1975.21 439.272 1535.94 220.613 186.748 12.3959
internal_count=181000 37432 143568 20684 17513 1123
is_linear=0
shrinkage=0.03


Tree=62
num_leaves=7
num_cat=0
split_feature=22 19 14 14 12 20
split_gain=9.01187 8.54371 8.1102 7.03718 12.0452 9.35962
threshold=0.7960849604575001 0.60579156770600007 0.012027491408934722 0.0017182130584192936 0.011597938144329885 0.73749513058850014
decision_type=2 2 2 2 2 2
left_child=1 2 -1 4 5 -2
right_child=3 -3 -4 -5 -6 -7
leaf_value=0.042041190335455655 0.027702767294647046 -0.0062848367351387453 0.0018204645074564884 0.00025477530311191648 -0.012509105791428894 0.00672632858029114
leaf_weight=5.2215627632103887 23.236093507613987 273.32276100153103 16.779290449339896 1537.3360731317662 22.576157636009157 96.635019267443568
leaf_count=471 1650 35464 2025 131838 2233 7319
internal_value=-2.53014e-06 -0.0048263 0.012779 0.000847906 0.00720275 0.010988
internal_weight=1975.11 295.324 22.0009 1679.78 142.447 119.871
internal_count=181000 37960 2496 143040 11202 8969
is_linear=0
shrinkage=0.03


Tree=63
num_leaves=7
num_cat=0
split_feature=22 46 27 12 5 14
split_gain=8.81504 8.14254 9.65483 7.08133 5.47391 6.05518
threshold=0.92666324614850015 1.0000000180025095e-35 1.0000000180025095e-35 0.024484536082474227 1.5000000000000002 0.00515463917525777
decision_type=2 2 2 2 2 2
left_child=1 2 4 -3 -1 -6
right_child=-2 3 -4 -5 5 -7
leaf_value=0.00072303401685207269 0.0037503245321623135 -0.010026147836210376 -0.027630561639201197 0.041099877023819051 0.0064680064322599849 -0.0055867288161454186
leaf_weight=1118.624504879117 437.51247772201896 107.3336107051 10.679282024968414 1.5260951686650504 43.038313424214721 256.32612659968436
leaf_count=110404 23352 14093 1505 183 4287 27176
internal_value=-1.88873e-06 -0.00107135 -0.000465807 -0.00894183 -0.000241894 -0.00383791
internal_weight=1975.04 1537.53 1428.67 108.86 1417.99 299.364
internal_count=181000 157648 143372 14276 141867 31463
is_linear=0
shrinkage=0.03


Tree=64
num_leaves=7
num_cat=0
split_feature=12 14 22 20 11 21
split_gain=8.71836 16.4911 8.28651 8.04417 8.05644 9.34523
threshold=0.0017182130584192659 0.027491408934707865 0.82932425596850001 0.86490980298050013 1.0000000180025095e-35 0.50548550605800002
decision_type=2 2 2 2 2 2
left_child=1 -1 -2 4 5 -3
right_child=2 3 -4 -5 -6 -7
leaf_value=0.0094710225724732849 -0.004394658735418268 0.0869954443342532 0.00039046637109911933 -0.015471779211534104 -0.0013873877162392805 0.011808818198961929
leaf_weight=221.35392991453409 467.9339168574661 0.7919196467846622 1065.9247320527211 33.254139221739024 173.94690651400015 11.801942860707639
leaf_count=16748 59536 64 84032 3171 16390 1059
internal_value=-1.98087e-06 0.00370982 -0.00107124 -0.00210887 0.000343101 0.0225885
internal_weight=1975.01 441.149 1533.86 219.795 186.541 12.5939
internal_count=181000 37432 143568 20684 17513 1123
is_linear=0
shrinkage=0.03


Tree=65
num_leaves=7
num_cat=0
split_feature=12 14 19 18 10 18
split_gain=8.20162 15.323 7.95234 10.3423 11.944 11.6116
threshold=0.0017182130584192659 0.027491408934707865 0.73833664576850011 0.91183276234700006 0.16151202749140894 0.90349337798900009
decision_type=2 2 2 2 2 2
left_child=1 -1 -2 4 5 -4
right_child=2 -3 3 -5 -6 -7
leaf_value=0.0091032953414249534 -0.0021352593873504998 -0.0020404034460299605 0.0084556854233185947 -0.0066998019013976996 -0.0015008358440615178 0.03410168078961609
leaf_weight=223.39523335825652 1219.3077908568084 219.26745114149526 119.91653521731496 71.932701087091118 103.50749738467857 17.579396598506719
leaf_count=16748 123612 20684 7952 4086 6785 1133
internal_value=-9.28415e-07 0.00359125 -0.00104037 0.00321893 0.00619484 0.0119572
internal_weight=1974.91 442.663 1532.24 312.936 241.003 137.496
internal_count=181000 37432 143568 19956 15870 9085
is_linear=0
shrinkage=0.03


Tree=66
num_leaves=7
num_cat=0
split_feature=46 27 19 5 14 12
split_gain=8.10576 13.3156 7.86275 7.77949 7.815 9.42887
threshold=1.0000000180025095e-35 1.0000000180025095e-35 0.74134521230250006 1.5000000000000002 0.00515463917525777 0.010738831615120266
decision_type=2 2 2 2 2 2
left_child=1 2 3 -1 5 -5
right_child=-2 -3 -4 4 -6 -7
leaf_value=0.00086037153182742408 -0.0069853817026901584 -0.028154608965649565 0.0047926486325178255 0.015386106581557847 -0.0067056565818163355 -0.016763497086048223
leaf_weight=1189.5840990869328 138.02038654126227 13.453416498377917 349.58197722351179 31.13458707369864 242.97340839495882 10.118444561958311
leaf_count=112630 16258 1764 20711 2848 25632 1157
internal_value=-7.28581e-07 0.000527613 0.000754553 -0.000205867 -0.00465581 0.00729042
internal_weight=1974.87 1836.85 1823.39 1473.81 284.226 41.253
internal_count=181000 164742 162978 142267 29637 4005
is_linear=0
shrinkage=0.03


Tree=67
num_leaves=7
num_cat=0
split_feature=22 19 14 42 11 14
split_gain=7.87325 8.0462 7.31863 6.59834 6.38679 5.9899
threshold=0.7960849604575001 0.60579156770600007 0.012027491408934722 1.0000000180025095e-35 0.10781786941580761 0.0017182130584192936
decision_type=2 2 2 2 2 2
left_child=1 2 4 5 -1 -2
right_child=3 -3 -4 -5 -6 -7
leaf_value=0.053502711838245169 0.0067409006495315451 -0.0059777517453038298 0.0019005367426137921 -0.026456853982384638 -0.015601215537888421 0.00036483213124897018
leaf_weight=4.3697885503061142 144.18756134575233 269.88081925455481 16.735268801450729 6.9635245259851208 1.0604031868278978 1531.6928840707988
leaf_count=367 11142 35464 2025 896 104 131002
internal_value=-1.62842e-06 -0.00453989 0.0124694 0.000788185 0.0396805 0.000917102
internal_weight=1974.89 292.046 22.1655 1682.84 5.43019 1675.88
internal_count=181000 37960 2496 143040 471 142144
is_linear=0
shrinkage=0.03


Tree=68
num_leaves=7
num_cat=0
split_feature=46 27 12 14 19 18
split_gain=7.66485 12.7213 7.72909 14.1255 8.03996 10.4494
threshold=1.0000000180025095e-35 1.0000000180025095e-35 0.0017182130584192659 0.057130584192439889 0.73833664576850011 0.91183276234700006
decision_type=2 2 2 2 2 2
left_child=1 2 3 -1 -4 -6
right_child=-2 -3 4 -5 5 -7
leaf_value=0.0085609237758860705 -0.0068193290450225853 -0.028064495795460206 -0.0014735568682222517 -0.0029707914760401578 0.0072024142872249295 -0.0063205987445661537
leaf_weight=260.33877101493999 137.0479332045652 12.916544045787303 1124.5631112037227 150.09704945795238 224.09238942991942 65.811014646664262
leaf_count=19634 16258 1764 111620 13952 14136 3636
internal_value=-1.61439e-06 0.000510221 0.000727731 0.00434679 -0.00032474 0.00412138
internal_weight=1974.87 1837.82 1824.9 410.436 1414.47 289.903
internal_count=181000 164742 162978 33586 129392 17772
is_linear=0
shrinkage=0.03


Tree=69
num_leaves=7
num_cat=0
split_feature=42 22 20 12 14 22
split_gain=7.38447 7.24205 10.0134 6.86758 11.5031 8.19159
threshold=1.0000000180025095e-35 0.78555121310500009 0.60859928093250015 0.0017182130584192659 0.027491408934707865 0.82425421484600014
decision_type=2 2 2 2 2 2
left_child=1 2 -1 4 5 -3
right_child=-2 3 -4 -5 -6 -7
leaf_value=0.028945612440383565 -0.026922269872531775 0.026268635470154247 -0.0061331192769465718 -0.00026002557281018068 -0.0011233374434818173 0.0069467872261516211
leaf_weight=6.6014995113946489 8.1286416565999371 21.288945729378611 215.59911098796874 1341.1733403173275 191.72403762768954 190.36645461898297
leaf_count=714 1133 2395 28300 118799 17173 12486
internal_value=-2.41571e-06 0.00012247 -0.00496593 0.000773044 0.00419999 0.00900463
internal_weight=1974.88 1966.75 222.201 1744.55 403.379 211.655
internal_count=181000 179867 29014 150853 32054 14881
is_linear=0
shrinkage=0.03


Tree=70
num_leaves=7
num_cat=0
split_feature=46 27 5 19 12 14
split_gain=7.2475 12.1261 7.16583 8.90354 7.62076 14.6524
threshold=1.0000000180025095e-35 1.0000000180025095e-35 3.5000000000000004 0.74134521230250006 0.0017182130584192659 0.022766323024054961
decision_type=2 2 2 2 2 2
left_child=1 2 3 4 5 -1
right_child=-2 -3 -4 -5 -6 -7
leaf_value=0.011287277016602213 -0.0066561966366891576 -0.027967423572499102 -0.012208138480075787 0.0053865352742966596 -0.0011871189688428905 -0.0016569581759841091
leaf_weight=139.9081055293791 136.10566273285076 12.375523571856318 36.899236250668764 333.70547865098342 1138.0647777644917 177.7905812705867
leaf_count=10897 16258 1764 3085 19524 112180 17292
internal_value=-2.24842e-06 0.000493634 0.000701686 0.000974559 -3.98041e-05 0.00406095
internal_weight=1974.85 1838.74 1826.37 1789.47 1455.76 317.699
internal_count=181000 164742 162978 159893 140369 28189
is_linear=0
shrinkage=0.03


Tree=71
num_leaves=7
num_cat=0
split_feature=42 22 46 12 39 20
split_gain=6.96657 6.83386 6.65476 6.80007 5.41233 5.29815
threshold=1.0000000180025095e-35 0.92666324614850015 1.0000000180025095e-35 0.024484536082474227 1.0000000180025095e-35 0.8251486139230001
decision_type=2 2 2 2 2 2
left_child=1 2 5 4 -4 -1
right_child=-2 -3 3 -5 -6 -7
leaf_value=0.000981026708231652 -0.026757075277753221 0.00339606372744741 -0.010430003689162554 0.04074692415869622 0.02693896098120014 -0.002921133756559956
leaf_weight=956.0353392791003 7.7209454756230107 441.92811757512391 100.49368241429329 1.5385656990110863 2.6769593772478393 464.46851650532335
leaf_count=94594 1133 23188 13622 182 361 47920
internal_value=-3.05726e-06 0.000115493 -0.00083665 -0.00809851 -0.0092111 -0.000296038
internal_weight=1974.86 1967.14 1525.21 104.709 103.171 1420.5
internal_count=181000 179867 156679 14165 13983 142514
is_linear=0
shrinkage=0.03


Tree=72
num_leaves=7
num_cat=0
split_feature=22 11 19 14 12 19
split_gain=6.7779 7.40969 8.95825 8.22893 6.19906 5.79296
threshold=0.7960849604575001 0.11683848797250861 0.60579156770600007 0.012027491408934722 0.022336769759450179 0.68331016682050005
decision_type=2 2 2 2 2 2
left_child=1 2 3 -1 -4 -6
right_child=-2 -3 4 -5 5 -7
leaf_value=0.046974272714804303 0.00072523545720213202 -0.017255774754547919 -0.0050858028488171107 0.0041159594049859222 0.0044577180988702846 0.055580067682132528
leaf_weight=4.821848412044349 1686.094787529204 33.691885322798043 226.89466070383787 13.845692901406435 7.6553026987239701 1.7996086301282046
leaf_count=387 143040 4424 30220 1669 1018 242
internal_value=-2.7103e-06 -0.00424183 -0.00246179 0.0170119 -0.00406507 0.0185736
internal_weight=1974.8 288.709 255.017 18.6675 236.35 9.45491
internal_count=181000 37960 33536 2056 31480 1260
is_linear=0
shrinkage=0.03


Tree=73
num_leaves=7
num_cat=0
split_feature=42 5 22 10 18 18
split_gain=6.75882 6.50123 9.24932 8.54002 7.09101 16.2112
threshold=1.0000000180025095e-35 1.5000000000000002 0.95971365157300015 0.039089347079037808 0.89702311584850014 0.91183276234700006
decision_type=2 2 2 2 2 2
left_child=1 4 -3 -4 -1 -6
right_child=-2 2 3 -5 5 -7
leaf_value=0.00064399693814947171 -0.026668847779865407 -0.0045977170449411318 -0.010661712765693259 0.014631169703568973 0.022095398363323668 -0.0095670977600347228
leaf_weight=1439.1064745634794 7.5168523429892948 406.58558795507997 15.560779317282138 44.088301001116633 40.008016020059586 21.84352119686082
leaf_count=133977 1133 39521 790 2228 2198 1153
internal_value=-1.52002e-06 0.000113877 -0.00297674 0.00796596 0.00107524 0.0109391
internal_weight=1974.71 1967.19 466.235 59.6491 1500.96 61.8515
internal_count=181000 179867 42539 3018 137328 3351
is_linear=0
shrinkage=0.03


Tree=74
num_leaves=7
num_cat=0
split_feature=42 46 5 19 17 12
split_gain=6.55953 6.35682 6.66318 7.4485 7.12438 7.0927
threshold=1.0000000180025095e-35 1.0000000180025095e-35 3.5000000000000004 0.74134521230250006 0.12414089347079039 0.0017182130584192659
decision_type=2 2 2 2 2 2
left_child=1 2 3 5 -4 -1
right_child=-2 -3 4 -5 -6 -7
leaf_value=0.003841342685794392 -0.026580677869671696 -0.0061864523355784655 -0.01683832346005255 0.0048312627420290704 0.021227437158229338 -0.0012087524385721606
leaf_weight=319.71870107250288 7.3217979664914301 133.44505683658645 32.17015845188871 338.91316210757941 4.2347658374346784 1138.9171238620766
leaf_count=28301 1133 16133 2750 19779 349 112555
internal_value=-2.03649e-06 0.000110331 0.000571629 0.000831961 -0.0119612 -9.99476e-05
internal_weight=1974.72 1967.4 1833.95 1797.55 36.4049 1458.64
internal_count=181000 179867 163734 160635 3099 140856
is_linear=0
shrinkage=0.03


Tree=75
num_leaves=7
num_cat=0
split_feature=42 22 20 13 13 2
split_gain=6.36628 6.28081 9.0983 6.15712 17.7433 9.18619
threshold=1.0000000180025095e-35 0.78555121310500009 0.60859928093250015 0.0094501718213058448 1.0000000180025095e-35 1.0000000180025095e-35
decision_type=2 2 2 2 2 2
left_child=1 2 -1 4 -3 -6
right_child=-2 3 -4 -5 5 -7
leaf_value=0.027143765699169053 -0.02649126059477272 0.0011204671369960981 -0.0058082242974130593 -0.0036080234720418897 0.044278414590063812 -0.019700500116235031
leaf_weight=6.8384113735519341 7.1323551102541378 1481.4835513005964 212.74101377185434 253.27230740198866 11.441249035298821 1.8148349197581417
leaf_count=714 1133 127547 28300 22361 819 126
internal_value=-2.55568e-06 0.000106872 -0.00466359 0.000708445 0.00144176 0.0347518
internal_weight=1974.72 1967.59 219.579 1748.01 1494.74 13.2561
internal_count=181000 179867 29014 150853 128492 945
is_linear=0
shrinkage=0.03


Tree=76
num_leaves=7
num_cat=0
split_feature=1 5 22 10 18 18
split_gain=6.2092 6.13388 8.58233 7.81234 6.19987 14.9443
threshold=1.0000000180025095e-35 1.5000000000000002 0.95971365157300015 0.039089347079037808 0.89702311584850014 0.91183276234700006
decision_type=2 2 2 2 2 2
left_child=1 4 -3 -4 -1 -6
right_child=-2 2 3 -5 5 -7
leaf_value=0.00062960371586809653 -0.026434310392281824 -0.0044780277801827256 -0.010414960045669346 0.013824911041666879 0.020648117168575945 -0.0095856613764043822
leaf_weight=1439.7392632714473 6.9665839220397165 404.71825133822858 15.363302798010407 44.894061518833041 41.154189348686486 21.868288654368371
leaf_count=134041 1000 39554 789 2231 2216 1169
internal_value=-2.56051e-06 0.000104398 -0.00290307 0.00757555 0.00103626 0.0101714
internal_weight=1974.7 1967.74 464.976 60.2574 1502.76 63.0225
internal_count=181000 180000 42574 3020 137426 3385
is_linear=0
shrinkage=0.03


Tree=77
num_leaves=7
num_cat=0
split_feature=42 46 5 10 14 14
split_gain=6.16093 6.00356 6.24483 6.85034 12.4273 13.4086
threshold=1.0000000180025095e-35 1.0000000180025095e-35 3.5000000000000004 0.16151202749140894 0.022766323024054961 0.015463917525773198
decision_type=2 2 2 2 2 2
left_child=1 2 3 -1 5 -5
right_child=-2 -3 -4 4 -6 -7
leaf_value=0.0020186280410194484 -0.026391756407092209 -0.0060363430443823619 -0.011676451961087608 -0.00018041309384236862 -0.0057370950244613949 0.018374021092371708
leaf_weight=1254.9614637554623 6.9306006957776836 132.62027107784525 35.847569823265076 177.52981190150604 324.15087368525565 42.671984644606709
leaf_count=112180 1133 16133 3099 14607 30176 3672
internal_value=-3.04231e-06 0.000103258 0.000549989 0.000799926 -0.00200824 0.00348198
internal_weight=1974.71 1967.78 1835.16 1799.31 544.353 220.202
internal_count=181000 179867 163734 160635 48455 18279
is_linear=0
shrinkage=0.03


Tree=78
num_leaves=7
num_cat=0
split_feature=1 12 14 20 11 21
split_gain=6.00313 5.93564 11.1963 7.24828 7.59545 8.57046
threshold=1.0000000180025095e-35 0.0017182130584192659 0.027491408934707865 0.86490980298050013 1.0000000180025095e-35 0.50548550605800002
decision_type=2 2 2 2 2 2
left_child=1 2 -1 4 5 -4
right_child=-2 -3 3 -5 -6 -7
leaf_value=0.0077041548650241621 -0.026329999774860544 -0.00079544421823808209 0.082331071847450379 -0.014777646258857455 -0.001170095613435585 0.011549396150310873
leaf_weight=231.47657257318497 6.7648390312679103 1519.3876107875258 0.86570018669590254 31.735598284285516 172.63646663539112 11.878853715956209
leaf_count=16659 1000 142793 64 3091 16337 1056
internal_value=-3.73252e-06 0.000100089 0.00312829 -0.00176318 0.000532119 0.0219977
internal_weight=1974.75 1967.98 448.593 217.117 185.381 12.7446
internal_count=181000 180000 37207 20548 17457 1120
is_linear=0
shrinkage=0.03


Tree=79
num_leaves=7
num_cat=0
split_feature=42 22 20 23 18 18
split_gain=5.95672 5.90185 8.43709 5.9389 6.97995 7.10133
threshold=1.0000000180025095e-35 0.78555121310500009 0.60859928093250015 0.7272772877235002 0.83858295449450015 0.84768180610600019
decision_type=2 2 2 2 2 2
left_child=1 2 -1 4 -3 -6
right_child=-2 3 -4 -5 5 -7
leaf_value=0.025689028570935142 -0.026287599932869485 0.010386945336026257 -0.0056595508212995676 0.00051422073702596686 0.10242188622793515 -0.010083354514256713
leaf_weight=7.0408707293681791 6.7293854844756416 13.776358646340666 211.45845949929208 1734.5893297265284 0.58487252378836163 0.50091538112610579
leaf_count=714 1133 1807 28300 148892 82 72
internal_value=-2.98412e-06 0.000100201 -0.00453695 0.000681623 0.0189554 0.0705687
internal_weight=1974.68 1967.95 218.499 1749.45 14.8621 1.08579
internal_count=181000 179867 29014 150853 1961 154
is_linear=0
shrinkage=0.03


Tree=80
num_leaves=7
num_cat=0
split_feature=1 5 22 10 18 18
split_gain=5.80627 5.64416 8.00237 7.22723 5.78574 13.7985
threshold=1.0000000180025095e-35 1.5000000000000002 0.95971365157300015 0.039089347079037808 0.89702311584850014 0.91183276234700006
decision_type=2 2 2 2 2 2
left_child=1 4 -3 -4 -1 -6
right_child=-2 2 3 -5 5 -7
leaf_value=0.00059638601909885202 -0.026224559764183787 -0.0043274190580486725 -0.010179507085010104 0.013188902734073842 0.019647409081060122 -0.0093909472743189011
leaf_weight=1441.2380097722635 6.5702452990226439 402.39569046301767 15.18002383597195 45.549303566105664 41.982170718722045 21.663259553723037
leaf_count=134041 1000 39554 789 2231 2216 1169
internal_value=-1.60438e-06 9.92158e-05 -0.00279328 0.00727741 0.000990641 0.00977113
internal_weight=1974.58 1968.01 463.125 60.7293 1504.88 63.6454
internal_count=181000 180000 42574 3020 137426 3385
is_linear=0
shrinkage=0.03


Tree=81
num_leaves=7
num_cat=0
split_feature=46 27 12 5 17 14
split_gain=5.79291 10.2094 5.91662 5.86099 6.90485 6.97827
threshold=1.0000000180025095e-35 1.0000000180025095e-35 0.024484536082474227 3.5000000000000004 0.12414089347079039 1.0000000180025095e-35
decision_type=2 2 2 2 2 2
left_child=1 3 -2 -1 5 -5
right_child=2 -3 -4 4 -6 -7
leaf_value=0.00085315287219752171 -0.0068754719308222719 -0.02759731814405424 0.038937454868573335 0.028014208995349843 0.021224355316359477 -0.020345387080802982
leaf_weight=1796.1475913422182 131.01089551206678 10.61950618540868 1.6047311206348229 2.0844352599233416 4.2349528251215807 28.885565069969743
leaf_count=159893 16074 1764 184 143 348 2594
internal_value=-2.10472e-06 0.000435198 -0.00603384 0.000612723 -0.0113387 -0.0163161
internal_weight=1974.59 1841.97 132.616 1831.35 35.205 30.97
internal_count=181000 164742 16258 162978 3085 2737
is_linear=0
shrinkage=0.03


Tree=82
num_leaves=7
num_cat=0
split_feature=23 5 13 13 10 14
split_gain=5.69144 5.74237 5.71818 18.6181 6.46322 5.2578
threshold=0.74562200910150012 1.5000000000000002 0.0094501718213058448 0.0042955326460481129 0.087199312714776614 0.010309278350515485
decision_type=2 2 2 2 2 2
left_child=1 -1 3 -2 -5 -6
right_child=2 -3 -4 4 5 -7
leaf_value=-0.0017843532743473229 0.0012280192633769252 -0.012269296205019934 -0.0035895562369534033 -0.012745655108290498 0.0015246527633322792 0.084215963411936864
leaf_weight=274.19560768501833 1403.7524629458785 55.866796473041177 236.21462493855506 0.71405470697209139 0.88547734729945693 2.9264351511374116
leaf_count=35640 116647 8160 20255 45 53 200
internal_value=-1.77036e-06 -0.00359075 0.00072031 0.00144525 0.0564058 0.0693161
internal_weight=1974.56 330.062 1644.49 1408.28 4.52597 3.81191
internal_count=181000 43800 137200 116945 298 253
is_linear=0
shrinkage=0.03


Tree=83
num_leaves=7
num_cat=0
split_feature=42 12 14 20 11 22
split_gain=5.60616 5.49229 10.4362 6.9775 9.76014 9.22253
threshold=1.0000000180025095e-35 0.0017182130584192659 0.027491408934707865 0.82821846649900011 1.0000000180025095e-35 0.93670413735350011
decision_type=2 2 2 2 2 2
left_child=1 2 -1 4 -4 -5
right_child=-2 -3 3 5 -6 -7
leaf_value=0.0073924677199270622 -0.026095603415030016 -0.00076670829678271934 0.028919673877381622 -0.015088592719812041 -0.00027421491350709825 0.012341374091918406
leaf_weight=233.35500278696418 6.3821949199773362 1517.8755901381373 10.126953434199093 54.224247070495039 139.55348923895508 12.978029727004467
leaf_count=16643 1133 142650 859 5909 13146 660
internal_value=-1.12257e-06 9.67061e-05 0.00300276 -0.00173259 0.00187978 -0.00968806
internal_weight=1974.5 1968.11 450.238 216.883 149.68 67.2023
internal_count=181000 179867 37217 20574 14005 6569
is_linear=0
shrinkage=0.03


Tree=84
num_leaves=7
num_cat=0
split_feature=1 22 11 19 14 12
split_gain=5.45873 5.28776 7.41451 7.75594 7.36519 5.96275
threshold=1.0000000180025095e-35 0.7960849604575001 0.11683848797250861 0.60579156770600007 0.012027491408934722 0.022336769759450179
decision_type=2 2 2 2 2 2
left_child=1 2 3 4 -1 -5
right_child=-2 -3 -4 5 -6 -7
leaf_value=0.043563742773640682 -0.026025885052824958 0.00073167297230220809 -0.016893822636522379 -0.0044714411748647655 0.0037333178625631033 0.018784372122573233
leaf_weight=5.0887025520205524 6.2272896526847026 1685.4931276277639 32.76406206516549 221.48834786424413 14.010992569848893 9.4097695252858085
leaf_count=387 1000 142268 4418 30007 1669 1251
internal_value=-1.29302e-06 9.42195e-05 -0.00369471 -0.00190446 0.0159847 -0.00344678
internal_weight=1974.48 1968.26 282.762 249.998 19.0997 230.898
internal_count=181000 180000 37732 33314 2056 31258
is_linear=0
shrinkage=0.03


Tree=85
num_leaves=7
num_cat=0
split_feature=46 27 12 5 19 17
split_gain=5.44704 9.59946 5.56358 5.54076 6.60859 6.58671
threshold=1.0000000180025095e-35 1.0000000180025095e-35 0.024484536082474227 3.5000000000000004 0.74134521230250006 0.12414089347079039
decision_type=2 2 2 2 2 2
left_child=1 3 -2 4 -1 -5
right_child=2 -3 -4 5 -6 -7
leaf_value=-6.0114045347800263e-05 -0.0067038795958907649 -0.027454503433465845 0.037166954768191776 -0.016077116369688976 0.004572217069637164 0.02037622720523443
leaf_weight=1456.6015924625099 130.05820457171649 10.051940178032963 1.6728237220086146 30.447360157035291 341.30426007462665 4.3214547550305715
leaf_count=140369 16074 1764 184 2737 19524 348
internal_value=-1.19865e-06 0.000421369 -0.00587095 0.000589153 0.000821314 -0.0111033
internal_weight=1974.46 1842.73 131.731 1832.67 1797.91 34.7688
internal_count=181000 164742 16258 162978 159893 3085
is_linear=0
shrinkage=0.03


Tree=86
num_leaves=7
num_cat=0
split_feature=42 12 14 20 11 21
split_gain=5.27121 5.15429 9.65847 6.81428 6.62895 7.90334
threshold=1.0000000180025095e-35 0.0017182130584192659 0.027491408934707865 0.86490980298050013 1.0000000180025095e-35 0.50548550605800002
decision_type=2 2 2 2 2 2
left_child=1 2 -1 4 5 -4
right_child=-2 -3 3 -5 -6 -7
leaf_value=0.0070972990478832022 -0.025895099052983338 -0.00074641309825348523 0.076498940539052027 -0.014441598721223147 -0.0010842785641168892 0.010346232796970164
leaf_weight=235.16476078983396 6.0502922006417057 1516.8151269257069 0.9668688690289845 31.056254672352225 172.12350398628041 12.254072030540554
leaf_count=16643 1133 142650 64 3115 16339 1056
internal_value=-1.22391e-06 9.14756e-05 0.00290139 -0.00167002 0.000535991 0.0202232
internal_weight=1974.43 1968.38 451.565 216.401 185.344 13.2209
internal_count=181000 179867 37217 20574 17459 1120
is_linear=0
shrinkage=0.03


Tree=87
num_leaves=7
num_cat=0
split_feature=46 27 10 14 20 17
split_gain=5.13593 9.16223 5.37302 11.1146 13.7483 12.6355
threshold=1.0000000180025095e-35 1.0000000180025095e-35 0.16151202749140894 0.022766323024054961 0.88885997082300017 0.5665807560137458
decision_type=2 2 2 2 2 2
left_child=1 2 -1 -4 -5 -6
right_child=-2 -3 3 4 5 -7
leaf_value=0.001621878596732987 -0.0057190594559099785 -0.027343625751101979 0.0032221118920113113 -0.0067510814265009456 0.012714575073015157 0.10591161254903964
leaf_weight=1290.968902612105 130.91883387463167 9.6453210832551104 221.85601613391191 308.89830596325919 11.543254250194874 0.54354720609262663
leaf_count=114765 16258 1764 18180 28895 1091 47
internal_value=-6.25996e-07 0.000408367 0.000569158 -0.00193277 -0.00549462 0.0246784
internal_weight=1974.37 1843.46 1833.81 542.841 320.985 12.0868
internal_count=181000 164742 162978 48213 30033 1138
is_linear=0
shrinkage=0.03


Tree=88
num_leaves=7
num_cat=0
split_feature=22 20 23 18 18 13
split_gain=5.04697 7.67208 5.85909 6.57539 6.50815 6.11094
threshold=0.78555121310500009 0.60859928093250015 0.7272772877235002 0.83858295449450015 0.84768180610600019 0.0094501718213058448
decision_type=2 2 2 2 2 2
left_child=1 -1 3 -2 -5 -4
right_child=2 -3 5 4 -6 -7
leaf_value=0.024078597666826976 0.01023884020538989 -0.0054064351919504419 0.0010950658964012903 0.097323727247774827 -0.0099544957832636248 -0.0039649485275491348
leaf_weight=7.2770906002260736 13.830147572327403 209.31645860127173 1492.8435084219091 0.64813322341069468 0.49157167691737413 249.88866233243607
leaf_count=714 1813 28486 127646 85 74 22182
internal_value=3.71091e-07 -0.00430969 0.000533629 0.0186225 0.0680256 0.000367658
internal_weight=1974.3 216.594 1757.7 14.9699 1.1397 1742.73
internal_count=181000 29200 151800 1972 159 149828
is_linear=0
shrinkage=0.03


Tree=89
num_leaves=7
num_cat=0
split_feature=5 22 10 11 21 21
split_gain=5.02568 7.18627 6.63407 5.5975 5.21162 11.1732
threshold=1.5000000000000002 0.95971365157300015 0.039089347079037808 0.072594501718213064 0.67781889898100012 0.6363794745100001
decision_type=2 2 2 2 2 2
left_child=-1 -2 -3 4 5 -4
right_child=1 2 3 -5 -6 -7
leaf_value=0.00083886546591769434 -0.0042020074623359289 -0.010077215743818172 0.028998601446303927 -0.0044117726298702311 0.04581965246450629 -0.0073169235227243815
leaf_weight=1512.0931651834399 400.47665065224282 15.103442415595053 16.105465390719477 12.742642872966824 4.4997955532744518 13.164193101227282
leaf_count=138196 39768 796 768 619 216 637
internal_value=1.90434e-06 -0.00273276 0.00673136 0.0122867 0.0185334 0.0129634
internal_weight=1974.19 462.092 61.6155 46.5121 33.7695 29.2697
internal_count=181000 42804 3036 2240 1621 1405
is_linear=0
shrinkage=0.03


Tree=90
num_leaves=7
num_cat=0
split_feature=1 12 14 19 21 23
split_gain=4.99179 4.86434 8.86398 5.56755 11.1295 8.89728
threshold=1.0000000180025095e-35 0.0017182130584192659 0.057130584192439889 0.71971639646100016 0.54391946457500018 0.76703914868800005
decision_type=2 2 2 2 2 2
left_child=1 2 -1 -3 -5 -6
right_child=-2 3 -4 4 5 -7
leaf_value=0.005917575720759979 -0.025726648144762141 -0.002078925828096764 -0.0028414378595227382 0.064499204630056969 0.027629511030046652 0.00084957472123393062
leaf_weight=292.36365663632751 5.7633849291596553 974.4423488334287 160.32371719973162 1.5295777712017287 10.408620374742894 529.31339456140995
leaf_count=21717 1000 104978 15490 78 1332 36405
internal_value=2.35427e-06 9.07134e-05 0.00281606 -0.000724577 0.00171306 0.00141617
internal_weight=1974.14 1968.38 452.687 1515.69 541.252 539.722
internal_count=181000 180000 37207 142793 37815 37737
is_linear=0
shrinkage=0.03


Tree=91
num_leaves=7
num_cat=0
split_feature=42 5 22 10 11 21
split_gain=4.96931 4.81125 6.71533 6.21143 5.19769 5.53062
threshold=1.0000000180025095e-35 1.5000000000000002 0.95971365157300015 0.039089347079037808 0.064862542955326494 0.67781889898100012
decision_type=2 2 2 2 2 2
left_child=1 -1 -3 -4 5 -5
right_child=-2 2 3 4 -6 -7
leaf_value=0.00091007446604498047 -0.025696466614948388 -0.0040249475691618349 -0.0098643564159111522 0.012398029161416945 -0.0031351012106074446 0.046339423681909228
leaf_weight=1508.5881701624021 5.7484232450369737 397.78436553198844 14.940687495283781 28.266214000992477 14.284692553803323 4.4604564914479843
leaf_count=137328 1133 39521 790 1334 692 202
internal_value=3.06569e-06 9.11305e-05 -0.00259231 0.00652424 0.0118297 0.0182609
internal_weight=1974.07 1968.32 459.736 61.9521 47.0114 32.7267
internal_count=181000 179867 42539 3018 2228 1536
is_linear=0
shrinkage=0.03


Tree=92
num_leaves=7
num_cat=0
split_feature=46 27 12 5 17 14
split_gain=4.84276 8.6311 5.28255 5.12103 6.31685 6.73168
threshold=1.0000000180025095e-35 1.0000000180025095e-35 0.024484536082474227 3.5000000000000004 0.12414089347079039 1.0000000180025095e-35
decision_type=2 2 2 2 2 2
left_child=1 3 -2 -1 5 -5
right_child=2 -3 -4 4 -6 -7
leaf_value=0.00077234117016582399 -0.006398387219775075 -0.027195725511014825 0.035979250617109874 0.027432574720257553 0.019799545193770748 -0.019915282225495847
leaf_weight=1800.6037368434481 128.39724000683054 9.1456587475258839 1.720511402003466 2.1150351637043086 4.3819030635058871 27.696898603346199
leaf_count=159893 16074 1764 184 143 348 2594
internal_value=3.03198e-06 0.00039895 -0.00556791 0.000551236 -0.010783 -0.0157748
internal_weight=1974.06 1843.94 130.118 1834.8 34.1938 29.8119
internal_count=181000 164742 16258 162978 3085 2737
is_linear=0
shrinkage=0.03


Tree=93
num_leaves=7
num_cat=0
split_feature=22 20 23 18 18 11
split_gain=4.70894 7.14894 5.59247 6.28076 5.99238 5.74735
threshold=0.78555121310500009 0.60859928093250015 0.7272772877235002 0.83858295449450015 0.84768180610600019 0.025343642611683845
decision_type=2 2 2 2 2 2
left_child=1 -1 3 5 -5 -2
right_child=2 -3 -4 4 -6 -7
leaf_value=0.022927779482958044 -0.017966638130678721 -0.0052486592558033751 0.00035387192458245542 0.092837236931457345 -0.0098208863806636577 0.021391599454736381
leaf_weight=7.4547867476940146 3.9089835868217042 207.9980464973487 1743.443267541239 0.70808119978755601 0.48188034701161087 10.044883648864923
leaf_count=714 508 28486 149828 85 74 1305
internal_value=3.18445e-06 -0.00417232 0.000516825 0.018093 0.0657638 0.00990177
internal_weight=1974.04 215.453 1758.59 15.1438 1.18996 13.9539
internal_count=181000 29200 151800 1972 159 1813
is_linear=0
shrinkage=0.03


Tree=94
num_leaves=7
num_cat=0
split_feature=1 12 14 19 21 23
split_gain=4.69845 4.55339 8.26624 5.26337 10.2874 8.24774
threshold=1.0000000180025095e-35 0.0017182130584192659 0.057130584192439889 0.71971639646100016 0.54391946457500018 0.76703914868800005
decision_type=2 2 2 2 2 2
left_child=1 2 -1 -3 -5 -6
right_child=-2 3 -4 4 5 -7
leaf_value=0.0056980156468878426 -0.025516992164063248 -0.0020214770345577142 -0.0027596577219561537 0.060869600737463697 0.026321561309406619 0.00082331526511430239
leaf_weight=294.11326689668931 5.470826211385428 972.47116244887002 159.84981858916581 1.6291660582646716 10.671155015705152 529.73932911269367
leaf_count=21717 1000 104978 15490 78 1332 36405
internal_value=4.51104e-06 8.83612e-05 0.00272037 -0.000701839 0.00166508 0.0013745
internal_weight=1973.94 1968.47 453.963 1514.51 542.04 540.41
internal_count=181000 180000 37207 142793 37815 37737
is_linear=0
shrinkage=0.03


Tree=95
num_leaves=7
num_cat=0
split_feature=42 5 22 10 18 18
split_gain=4.6847 4.53028 6.27873 5.77519 5.10885 12.6401
threshold=1.0000000180025095e-35 1.5000000000000002 0.95971365157300015 0.039089347079037808 0.89702311584850014 0.91183276234700006
decision_type=2 2 2 2 2 2
left_child=1 4 -3 -4 -1 -6
right_child=-2 2 3 -5 5 -7
leaf_value=0.0005095153157695715 -0.025492926713831958 -0.0039144747587013529 -0.0096604296731148086 0.011300528015605087 0.018302772459480525 -0.0093695591784191921
leaf_weight=1445.1155248498544 5.4638092035893342 396.13190351380035 14.789268278516827 47.605312295723706 43.142148025799543 21.632725920062512
leaf_count=133977 1133 39521 790 2228 2198 1153
internal_value=5.10076e-06 8.87851e-05 -0.00251961 0.00625818 0.000882051 0.00905916
internal_weight=1973.88 1968.42 458.526 62.3946 1509.89 64.7749
internal_count=181000 179867 42539 3018 137328 3351
is_linear=0
shrinkage=0.03


Tree=96
num_leaves=7
num_cat=0
split_feature=46 27 10 14 20 14
split_gain=4.55527 8.13134 5.03522 10.0917 12.9941 12.3296
threshold=1.0000000180025095e-35 1.0000000180025095e-35 0.16151202749140894 0.022766323024054961 0.88885997082300017 0.015463917525773198
decision_type=2 2 2 2 2 2
left_child=1 2 -1 5 -5 -4
right_child=-2 -3 3 4 -6 -7
leaf_value=0.0015481187838520189 -0.0054162214012738394 -0.027043427773340137 -0.00052519152319857349 -0.0065552998043547925 0.023761457581360387 0.017054196235676593
leaf_weight=1293.8436779282056 129.32341605983675 8.6753653059713525 179.51079156529158 306.37119748676196 12.306807411368935 43.868671196047217
leaf_count=114765 16258 1764 14529 28895 1138 3651
internal_value=4.42122e-06 0.000387192 0.000531464 -0.00189358 -0.00531385 0.00298778
internal_weight=1973.9 1844.58 1835.9 542.057 318.678 223.379
internal_count=181000 164742 162978 48213 30033 18180
is_linear=0
shrinkage=0.03


Tree=97
num_leaves=7
num_cat=0
split_feature=1 23 5 10 13 13
split_gain=4.42527 4.3483 5.1984 5.07166 4.99106 17.4291
threshold=1.0000000180025095e-35 0.74562200910150012 1.5000000000000002 0.16151202749140894 0.0094501718213058448 0.0042955326460481129
decision_type=2 2 2 2 2 2
left_child=1 2 -1 -4 5 -3
right_child=-2 4 3 -5 -6 -7
leaf_value=-0.0013764639199804419 -0.025304759224525963 0.00117017836933374 -0.0036486324546934961 -0.022319728966133909 -0.0033388664367437326 0.053747625993604567
leaf_weight=270.31289934599772 5.1983550770673892 1406.0582703296095 31.768783672712743 21.865604032063857 234.01154893450439 4.698039478622376
leaf_count=35416 1000 115993 4777 3344 20181 289
internal_value=3.98875e-06 8.3629e-05 -0.00308779 -0.0115296 0.000709756 0.00138322
internal_weight=1973.91 1968.72 323.947 53.6344 1644.77 1410.76
internal_count=181000 180000 43537 8121 136463 116282
is_linear=0
shrinkage=0.03


Tree=98
num_leaves=7
num_cat=0
split_feature=42 12 14 20 11 21
split_gain=4.40952 4.18637 7.68475 6.44613 6.26215 7.24471
threshold=1.0000000180025095e-35 0.0017182130584192659 0.027491408934707865 0.86490980298050013 1.0000000180025095e-35 0.50548550605800002
decision_type=2 2 2 2 2 2
left_child=1 2 -1 4 5 -4
right_child=-2 -3 3 -5 -6 -7
leaf_value=0.0062771691494665155 -0.025279318975761248 -0.00067626056404097119 0.072357666990614466 -0.01408839892381198 -0.00097306793989710382 0.010073204427353571
leaf_weight=240.33884015260264 5.1889463309198609 1513.1643084331881 1.0455484502017487 30.370737323304638 171.46785908704624 12.341697813011704
leaf_count=16643 1133 142650 64 3115 16339 1056
internal_value=3.60578e-06 8.30436e-05 0.00260104 -0.00151407 0.000616512 0.0196288
internal_weight=1973.92 1968.73 455.565 215.226 184.855 13.3872
internal_count=181000 179867 37217 20574 17459 1120
is_linear=0
shrinkage=0.03


Tree=99
num_leaves=7
num_cat=0
split_feature=46 27 12 5 17 14
split_gain=4.29436 7.65266 5.0221 4.80579 6.02727 6.43815
threshold=1.0000000180025095e-35 1.0000000180025095e-35 0.024484536082474227 3.5000000000000004 0.12414089347079039 1.0000000180025095e-35
decision_type=2 2 2 2 2 2
left_child=1 3 -2 -1 5 -5
right_child=2 -3 -4 4 -6 -7
leaf_value=0.00072374532693053931 -0.0061026163184079813 -0.026883401652538698 0.034879433330188142 0.026239535106825102 0.019050572930016219 -0.019694386477141074
leaf_weight=1803.2917777579278 126.82702378532849 8.2237870628014189 1.7661974895745505 2.179832041263583 4.4624700834974638 27.121371449436992
leaf_count=159893 16074 1764 184 143 348 2594
internal_value=4.02681e-06 0.000374563 -0.00527494 0.000511146 -0.0105378 -0.015524
internal_weight=1973.87 1845.28 128.593 1837.06 33.7637 29.3012
internal_count=181000 164742 16258 162978 3085 2737
is_linear=0
shrinkage=0.03


Tree=100
num_leaves=7
num_cat=0
split_feature=22 11 19 14 12 19
split_gain=4.19008 7.18561 6.89728 6.58911 5.54365 5.36195
threshold=0.7960849604575001 0.11683848797250861 0.60579156770600007 0.012027491408934722 0.022336769759450179 0.68331016682050005
decision_type=2 2 2 2 2 2
left_child=1 2 3 -1 -4 -6
right_child=-2 -3 4 -5 5 -7
leaf_value=0.040448657207040169 0.00056616516287531424 -0.016557093848349427 -0.004127166908020675 0.0033993968563183737 0.004434293615940668 0.053129872956357772
leaf_weight=5.3544824412092593 1694.2737927117851 31.94397843349725 218.58183027710766 14.157852989621459 7.6608315603807551 1.8815986290574072
leaf_count=387 143040 4424 30220 1669 1018 242
internal_value=4.13146e-06 -0.0033917 -0.00163367 0.0150426 -0.00311947 0.018165
internal_weight=1973.85 279.581 247.637 19.5123 228.124 9.54243
internal_count=181000 37960 33536 2056 31480 1260
is_linear=0
shrinkage=0.03


Tree=101
num_leaves=7
num_cat=0
split_feature=1 5 22 20 39 21
split_gain=4.16408 4.09992 5.8855 5.6644 5.31591 5.43275
threshold=1.0000000180025095e-35 1.5000000000000002 0.77749956021250011 0.72744914000900007 1.0000000180025095e-35 0.5628155540205001
decision_type=2 2 2 2 2 2
left_child=1 4 -3 -4 -1 -6
right_child=-2 2 3 -5 5 -7
leaf_value=0.00074648426092029747 -0.025083086586506667 -0.017178639908094991 0.0226547364706342 -0.0020973759090488434 -0.0141056906805214 0.059668521814828311
leaf_weight=1509.6293045373168 4.9363350844942024 22.064824678003788 7.4903015904128543 427.1167681554798 0.87110958201810662 1.6710951798595486
leaf_count=137123 1000 3494 684 38396 102 201
internal_value=5.03744e-06 8.06406e-05 -0.0024074 -0.00161975 0.000833116 0.0375436
internal_weight=1973.78 1968.84 456.672 434.607 1512.17 2.5422
internal_count=181000 180000 42574 39080 137426 303
is_linear=0
shrinkage=0.03


Tree=102
num_leaves=7
num_cat=0
split_feature=42 22 4 20 18 11
split_gain=4.14953 4.0564 4.43081 9.37596 6.78585 5.74295
threshold=1.0000000180025095e-35 0.92666324614850015 1.5000000000000002 0.71024885765300005 0.81733462759500008 0.12800687285223367
decision_type=2 2 2 2 2 2
left_child=1 -1 4 5 -3 -4
right_child=-2 2 3 -5 -6 -7
leaf_value=-0.00066377787548074373 -0.025058256825924705 -0.013574630164727444 0.049711012489392095 0.0040314325078309081 0.0026444675753468762 -0.015251387590398707
leaf_weight=1516.1781074586324 4.9273180998861781 23.678400442935526 6.4706792943179599 27.531174586154521 393.99828369868919 0.98677377123385657
leaf_count=156679 1133 1225 300 1282 20336 45
internal_value=5.09323e-06 8.0507e-05 0.00256942 0.0126733 0.00169477 0.0403282
internal_weight=1973.77 1968.84 452.665 34.9886 417.677 7.45745
internal_count=181000 179867 23188 1627 21561 345
is_linear=0
shrinkage=0.03


Tree=103
num_leaves=7
num_cat=0
split_feature=46 27 12 12 10 14
split_gain=4.06791 7.20618 4.71643 4.73519 4.70012 9.33657
threshold=1.0000000180025095e-35 1.0000000180025095e-35 0.024484536082474227 0.026202749140893464 0.16151202749140894 0.022766323024054961
decision_type=2 2 2 2 2 2
left_child=1 4 -2 -4 -1 -6
right_child=2 -3 3 -5 5 -7
leaf_value=0.0014736824853445161 -0.0059637886007618598 -0.026719098735844254 0.059208438658057312 -0.013672222090978594 0.0028211756035418012 -0.0051623487109603208
leaf_weight=1296.7809908115305 126.10252353805117 7.7999237978365263 1.0142543278634537 0.82130211871117342 224.47711352771148 316.7695050528273
leaf_count=114765 16074 1764 103 81 18180 30033
internal_value=4.76596e-06 0.000364444 -0.00514707 0.0332773 0.000493843 -0.00185216
internal_weight=1973.77 1845.83 127.938 1.83556 1838.03 541.247
internal_count=181000 164742 16258 184 162978 48213
is_linear=0
shrinkage=0.03


Tree=104
num_leaves=7
num_cat=0
split_feature=12 21 14 18 11 11
split_gain=3.93461 7.3211 6.68515 6.49382 5.32939 5.4872
threshold=0.0017182130584192659 0.66433860921650012 0.027491408934707865 0.92466193826550003 0.17998281786941583 1.0000000180025095e-35
decision_type=2 2 2 2 2 2
left_child=1 2 -1 -3 5 -4
right_child=-2 3 4 -5 -6 -7
leaf_value=0.0074155128018332768 -0.00073162706116166058 -0.013008790395849484 0.016206624248734255 0.01486187196049534 0.035699613067304188 -0.0024411592936871862
leaf_weight=214.09240533970296 1515.9862906055059 42.113459520274773 14.441718528978525 8.2409774879924935 2.6384251301642498 176.24784096633084
leaf_count=14767 143568 3782 1216 422 257 16988
internal_value=4.60553e-06 0.00243902 0.00377669 -0.00824692 -0.000270376 -0.000951706
internal_weight=1973.76 457.775 407.42 50.3544 193.328 190.69
internal_count=181000 37432 33228 4204 18461 18204
is_linear=0
shrinkage=0.03


Tree=105
num_leaves=7
num_cat=0
split_feature=1 12 5 22 20 39
split_gain=3.91788 3.88913 3.96071 5.60683 5.34156 5.08115
threshold=1.0000000180025095e-35 0.027061855670103083 1.5000000000000002 0.77749956021250011 0.72744914000900007 1.0000000180025095e-35
decision_type=2 2 2 2 2 2
left_child=1 2 5 -4 -5 -1
right_child=-2 -3 3 4 -6 -7
leaf_value=0.00081218225175958578 -0.024855595579652692 -0.021915800686561498 -0.016879939634578928 0.021863055653578579 -0.0019993273404813358 0.036517630791160959
leaf_weight=1505.4143622778356 4.6887056201230726 6.2102092190179965 21.553287666290998 7.6174517408944658 425.62950572487898 2.596230581868439
leaf_count=136515 1000 714 3480 680 38310 301
internal_value=5.12927e-06 7.69154e-05 0.000157623 -0.00229326 -0.00153039 0.000897813
internal_weight=1973.71 1969.02 1962.81 454.8 433.247 1508.01
internal_count=181000 180000 179286 42470 38990 136816
is_linear=0
shrinkage=0.03


Tree=106
num_leaves=7
num_cat=0
split_feature=42 12 5 17 20 19
split_gain=3.90253 3.77496 3.76265 7.30345 5.02571 4.5741
threshold=1.0000000180025095e-35 0.027061855670103083 3.5000000000000004 0.18298969072164953 0.90295990067750009 0.74134521230250006
decision_type=2 2 2 2 2 2
left_child=1 2 5 -4 -5 -1
right_child=-2 -3 3 4 -6 -7
leaf_value=-0.00037686782617220315 -0.024829715691428052 -0.021771419502173386 -0.013119961260217444 -0.014163828163025378 0.057714019947492305 0.0033271811500326675
leaf_weight=1556.2482172213495 4.6784609523601821 6.0921732741408041 33.778911161236465 0.86966608557850067 1.3865054086782036 370.67583714006469
leaf_count=154132 1133 716 3244 71 106 21598
internal_value=4.7146e-06 7.62948e-05 0.000155152 -0.0093167 0.0341669 0.000337024
internal_weight=1973.73 1969.05 1962.96 36.0351 2.25617 1926.92
internal_count=181000 179867 179151 3421 177 175730
is_linear=0
shrinkage=0.03


Tree=107
num_leaves=7
num_cat=0
split_feature=46 27 12 10 14 20
split_gain=3.85107 6.78254 4.60143 4.43253 8.66947 12.3253
threshold=1.0000000180025095e-35 1.0000000180025095e-35 0.024484536082474227 0.16151202749140894 0.022766323024054961 0.88885997082300017
decision_type=2 2 2 2 2 2
left_child=1 3 -2 -1 -5 -6
right_child=2 -3 -4 4 5 -7
leaf_value=0.0014256250727234935 -0.0058362667791245137 -0.026548223391641868 0.032773001024507822 0.0026792551836595339 -0.0062454832652035757 0.023120122599018612
leaf_weight=1298.689998251386 125.44442232185975 7.3969201475847504 1.8580880709923793 225.42420886829495 302.46321763843298 12.46470132190734
leaf_count=114765 16074 1764 184 18180 28895 1138
internal_value=4.21899e-06 0.00035326 -0.00502169 0.000475831 -0.00180533 -0.0050137
internal_weight=1973.74 1846.44 127.303 1839.04 540.352 314.928
internal_count=181000 164742 16258 162978 48213 30033
is_linear=0
shrinkage=0.03


Tree=108
num_leaves=7
num_cat=0
split_feature=22 20 23 18 18 11
split_gain=3.72886 6.37438 5.53637 6.00559 5.51059 5.43807
threshold=0.78555121310500009 0.60859928093250015 0.7272772877235002 0.83858295449450015 0.84768180610600019 0.025343642611683845
decision_type=2 2 2 2 2 2
left_child=1 -1 3 5 -5 -2
right_child=2 -3 -4 4 -6 -7
leaf_value=0.021468323540651629 -0.01770026421189682 -0.0047945191893541883 0.00029507024341086772 0.089065823030665556 -0.0096112339454251187 0.020816701557502537
leaf_weight=7.690805164165794 3.8063111808150998 204.28697079536505 1746.5485689095221 0.76192227937281021 0.46689484687522054 10.168476268649099
leaf_count=714 508 28486 149828 85 74 1305
internal_value=4.16286e-06 -0.00374535 0.00045718 0.0179124 0.0640826 0.0098444
internal_weight=1973.73 211.978 1761.75 15.2036 1.22882 13.9748
internal_count=181000 29200 151800 1972 159 1813
is_linear=0
shrinkage=0.03


Tree=109
num_leaves=7
num_cat=0
split_feature=13 13 2 12 12 14
split_gain=3.69859 14.2744 7.76128 7.07817 6.19395 5.93972
threshold=0.0094501718213058448 1.0000000180025095e-35 1.0000000180025095e-35 0.016752577319587656 0.014175257731958742 0.0085910652920962467
decision_type=2 2 2 2 2 2
left_child=1 -1 4 5 -3 -2
right_child=3 2 -4 -5 -6 -7
leaf_value=0.00026303807510455202 0.0063350791910186822 0.042763254847411343 -0.020101704335476887 -0.019453404890140642 -0.016853490090758247 -0.0043000526402015285
leaf_weight=1678.0597119047306 61.020834389375523 12.100047128740693 1.9209086403716362 21.170801026979461 1.2458508990239359 198.12310006073676
leaf_count=153305 5073 851 139 2420 120 19092
internal_value=5.39902e-06 0.000534308 0.0285019 -0.00318018 0.0364111 -0.00178106
internal_weight=1973.64 1693.33 15.2668 280.315 13.3459 259.144
internal_count=181000 154415 1110 26585 971 24165
is_linear=0
shrinkage=0.03


Tree=110
num_leaves=7
num_cat=0
split_feature=1 5 23 23 39 17
split_gain=3.69681 3.66176 5.49796 4.79073 4.73093 5.35753
threshold=1.0000000180025095e-35 1.5000000000000002 0.86785509777050007 0.86314793792750011 1.0000000180025095e-35 0.11597938144329899
decision_type=2 2 2 2 2 2
left_child=1 4 3 -3 -1 -6
right_child=-2 2 -4 -5 5 -7
leaf_value=0.00069872402341571659 -0.024633636882788811 -0.003249800821952998 0.0039104085239650456 -0.019745658697460235 -0.0059253967548878661 0.06425681924125104
leaf_weight=1511.8442758589517 4.465638968627899 339.23354066698812 99.743529743980616 15.6846207822673 1.4741016174666577 1.223609078209847
leaf_count=137123 1000 36627 5052 895 171 132
internal_value=4.78681e-06 7.3135e-05 -0.00228501 -0.00403222 0.000782085 0.0346761
internal_weight=1973.67 1969.2 454.662 354.918 1514.54 2.69771
internal_count=181000 180000 42574 37522 137426 303
is_linear=0
shrinkage=0.03


Tree=111
num_leaves=7
num_cat=0
split_feature=42 12 5 17 20 14
split_gain=3.67696 3.64908 3.54941 6.94028 4.67002 4.53085
threshold=1.0000000180025095e-35 0.027061855670103083 3.5000000000000004 0.18298969072164953 0.90295990067750009 1.0000000180025095e-35
decision_type=2 2 2 2 2 2
left_child=1 2 -1 5 -5 -4
right_child=-2 -3 3 4 -6 -7
leaf_value=0.00032530564281428663 -0.024602342723997899 -0.02160804769987007 0.020206384187566137 -0.014070611325779527 0.054800356714109648 -0.016191928578809758
leaf_weight=1927.5924104675651 4.4501959364861241 5.9620845154859117 2.5581558984704307 0.85926874214783255 1.4675145319197325 30.773586520925164
leaf_count=175730 1133 716 175 71 106 3069
internal_value=4.72931e-06 7.27974e-05 0.000149606 -0.00909798 0.0327823 -0.0128912
internal_weight=1973.66 1969.21 1963.25 35.6585 2.32678 33.3317
internal_count=181000 179867 179151 3421 177 3244
is_linear=0
shrinkage=0.03


Tree=112
num_leaves=7
num_cat=0
split_feature=46 27 12 12 0 10
split_gain=3.64044 6.39392 4.40838 4.25604 4.18699 4.17837
threshold=1.0000000180025095e-35 1.0000000180025095e-35 0.024484536082474227 0.026202749140893464 0.15476190476190479 0.16151202749140894
decision_type=2 2 2 2 2 2
left_child=1 5 -2 4 -4 -1
right_child=2 -3 3 -5 -6 -7
leaf_value=0.0013797143893516377 -0.0057031345889383767 -0.026376335233819364 -0.0092284138410261528 -0.013441365548814381 0.077761886971364172 -0.0017584213058971106
leaf_weight=1300.5236705206335 124.76471690624021 7.0257860000710926 0.43727381713688263 0.79678034130483855 0.66825544182211161 539.46092654904351
leaf_count=114765 16074 1764 41 81 62 48213
internal_value=4.42642e-06 0.0003429 -0.00489509 0.0318063 0.0553129 0.000459196
internal_weight=1973.68 1847.01 126.667 1.90231 1.10553 1839.98
internal_count=181000 164742 16258 184 103 162978
is_linear=0
shrinkage=0.03


Tree=113
num_leaves=7
num_cat=0
split_feature=12 21 18 17 14 2
split_gain=3.62245 6.90315 5.93481 7.6505 5.87027 6.11239
threshold=0.0017182130584192659 0.6363794745100001 0.92466193826550003 0.11597938144329899 0.027491408934707865 1.0000000180025095e-35
decision_type=2 2 2 2 2 2
left_child=1 4 -3 -4 5 -1
right_child=-2 2 3 -5 -6 -7
leaf_value=0.011461935030459156 -0.00070335210463308884 -0.006135543353305112 -0.0001986388720182804 0.045504117136929249 0.00041657668784535711 -0.0016643453724631294
leaf_weight=133.35111739463173 1514.4964842840564 108.94733170652762 10.836707222275434 3.7321974909864357 160.72290008724667 41.575776960002258
leaf_count=9206 143568 9594 544 170 15221 2697
internal_value=4.50809e-06 0.00233574 -0.00370717 0.01368 0.00456389 0.00835042
internal_weight=1973.66 459.166 123.516 14.5689 335.65 174.927
internal_count=181000 37432 10308 714 27124 11903
is_linear=0
shrinkage=0.03


Tree=114
num_leaves=7
num_cat=0
split_feature=22 11 12 19 14 11
split_gain=3.53843 6.55807 6.23973 6.9899 6.28804 6.62902
threshold=0.82932425596850001 0.081615120274914091 0.0017182130584192659 0.71971639646100016 0.017611683848797247 0.066151202749140922
decision_type=2 2 2 2 2 2
left_child=1 2 4 -4 -1 -6
right_child=-2 -3 3 -5 5 -7
leaf_value=0.019626296844719091 0.00080155132634682419 -0.0073623241266093297 -0.0027467620084875291 0.020121854224553433 -0.0024068109602915634 0.027314249320936002
leaf_weight=24.844095731154084 1416.5050424118526 149.82960783177987 315.51957213645801 11.511640083976088 48.589048799360171 6.8231474165804675
leaf_count=2616 108003 19718 41984 1447 6338 894
internal_value=4.88999e-06 -0.00201848 -3.94102e-05 -0.00188289 0.00740319 0.00167219
internal_weight=1973.62 557.117 407.288 327.031 80.2563 55.4122
internal_count=181000 72997 53279 43431 9848 7232
is_linear=0
shrinkage=0.03


Tree=115
num_leaves=7
num_cat=0
split_feature=12 1 13 13 2 12
split_gain=3.50127 3.47993 3.50934 13.4139 7.11994 6.28771
threshold=0.027061855670103083 1.0000000180025095e-35 0.0094501718213058448 1.0000000180025095e-35 1.0000000180025095e-35 0.016752577319587656
decision_type=2 2 2 2 2 2
left_child=1 2 3 -1 -5 -4
right_child=-2 -3 5 4 -6 -7
leaf_value=0.00039400407766493231 -0.021435804821593147 -0.024373045075572228 -0.0016829452081100055 0.034859664180143239 -0.019817086656651741 -0.018797187534712722
leaf_weight=1669.8352273164783 5.8307343760970971 4.2240210014861068 258.24688365147449 13.68024694989435 1.8447354086674757 19.911443373188376
leaf_count=151830 720 994 24065 946 134 2311
internal_value=5.35194e-06 7.97413e-05 0.000144725 0.000660411 0.0275567 -0.00297098
internal_weight=1973.57 1967.74 1963.52 1685.36 15.525 278.158
internal_count=181000 180280 179286 152910 1080 26376
is_linear=0
shrinkage=0.03


Tree=116
num_leaves=7
num_cat=0
split_feature=42 5 23 22 18 21
split_gain=3.46343 3.41397 5.30251 5.11044 8.40371 8.65536
threshold=1.0000000180025095e-35 1.5000000000000002 0.75075859063650008 0.81105342207900011 0.83221683974750016 0.62520452365800006
decision_type=2 2 2 2 2 2
left_child=1 -1 -3 4 5 -4
right_child=-2 2 3 -5 -6 -7
leaf_value=0.00075222215255116439 -0.024368560616296917 -0.010458489543638403 0.00027071066240616243 -0.0013729294305327387 -0.019679151608272761 0.083673053690709501
leaf_weight=1515.9346572402865 4.233451278647407 59.798006911296397 1.9584488710388535 388.20947855804116 1.866206301609054 1.6359094781801102
leaf_count=137328 1133 9288 267 32503 257 224
internal_value=4.19251e-06 6.89252e-05 -0.00221195 -0.000935987 0.025532 0.0481798
internal_weight=1973.64 1969.4 453.468 393.67 5.46056 3.59436
internal_count=181000 179867 42539 33251 748 491
is_linear=0
shrinkage=0.03


Tree=117
num_leaves=7
num_cat=0
split_feature=46 27 30 17 18 20
split_gain=3.40925 6.02631 4.36992 7.91384 10.4904 7.20175
threshold=1.0000000180025095e-35 1.0000000180025095e-35 1.0000000180025095e-35 0.11597938144329899 0.83221683974750016 0.68830188984250007
decision_type=2 2 2 2 2 2
left_child=1 -1 -2 -4 5 -5
right_child=2 -3 3 4 -6 -7
leaf_value=0.00044126091383625305 -0.0073377802423829899 -0.026198790877737285 -0.0093499602521517813 -0.014288944252846242 -0.0057551956065724228 0.064676833328634484
leaf_weight=1840.9928600094281 103.64979675319046 6.6742918514646581 11.916469278745355 0.89482018584385326 5.1148444404825568 4.3766392837278545
leaf_count=162978 13420 1764 1525 117 542 654
internal_value=4.33172e-06 0.00033091 -0.00475129 0.00706819 0.025072 0.0511315
internal_weight=1973.62 1847.67 125.953 22.3028 10.3863 5.27146
internal_count=181000 164742 16258 2838 1313 771
is_linear=0
shrinkage=0.03


Tree=118
num_leaves=7
num_cat=0
split_feature=12 5 22 20 23 14
split_gain=3.386 3.32805 3.68373 6.36018 9.71974 6.11446
threshold=0.027061855670103083 4.5000000000000009 0.95971365157300015 0.71024885765300005 0.90224927400350008 0.017182130584192438
decision_type=2 2 2 2 2 2
left_child=1 2 -1 4 -4 -6
right_child=-2 -3 3 -5 5 -7
leaf_value=-0.00017148955988158544 -0.021271735869810956 -0.017663621942932348 -0.0094166647431588122 0.0038113321108158549 0.093638765331323773 -0.0094195372187314465
leaf_weight=1839.2984050515806 5.7093925632070741 8.4717033321503532 1.8540752381086341 116.437818297185 1.417894556187093 0.44375951401889335
leaf_count=173719 720 834 88 5555 62 22
internal_value=4.00621e-06 7.65043e-05 0.000162175 0.00522913 0.0394283 0.0743658
internal_weight=1973.63 1967.92 1959.45 120.154 3.71573 1.86165
internal_count=181000 180280 179446 5727 172 84
is_linear=0
shrinkage=0.03


Tree=119
num_leaves=7
num_cat=0
split_feature=22 20 23 18 17 13
split_gain=3.29018 5.95894 5.34763 5.74805 5.21153 7.49606
threshold=0.78555121310500009 0.60859928093250015 0.7272772877235002 0.83858295449450015 0.042955326460481121 0.026632302405498284
decision_type=2 2 2 2 2 2
left_child=1 -1 3 4 -2 -6
right_child=2 -3 -4 -5 5 -7
leaf_value=0.020635714980089689 0.034202838637048712 -0.0045651189731514899 0.0002681835929278524 0.062179614421176956 -0.014491089659547181 0.044852499240804276
leaf_weight=7.8316201278939834 4.124299999093636 202.46282243612222 1747.9656486379681 1.2744864947162557 8.5394480393733811 1.4002637704834331
leaf_count=714 524 28486 149828 159 1107 182
internal_value=4.34105e-06 -0.00353339 0.00042802 0.0175116 0.00960477 -0.00279524
internal_weight=1973.6 210.294 1763.3 15.3385 14.064 9.93971
internal_count=181000 29200 151800 1972 1813 1289
is_linear=0
shrinkage=0.03


Tree=120
num_leaves=7
num_cat=0
split_feature=13 13 12 2 14 20
split_gain=3.28664 12.01 6.54958 6.53791 5.50699 6.24391
threshold=0.0094501718213058448 1.0000000180025095e-35 0.016752577319587656 1.0000000180025095e-35 0.0085910652920962467 0.79855838558900005
decision_type=2 2 2 2 2 2
left_child=1 -1 4 -3 5 -2
right_child=2 3 -4 -5 -6 -7
leaf_value=0.00024786919660917719 0.016327135207073511 0.032257190683202791 -0.019000371022092642 -0.019803916890407575 -0.0041276940562128385 -0.0026361362003085751
leaf_weight=1678.7959615003783 27.880414465907961 14.284338595578447 20.30121920700185 1.8436776967719204 196.82441354449838 33.538799626519904
leaf_count=153305 2316 971 2420 139 19092 2757
internal_value=6.21902e-06 0.00050302 -0.00300776 0.025497 -0.0016821 0.00609565
internal_weight=1973.47 1694.92 278.545 16.128 258.244 61.4192
internal_count=181000 154415 26585 1110 24165 5073
is_linear=0
shrinkage=0.03


Tree=121
num_leaves=7
num_cat=0
split_feature=1 19 21 23 14 22
split_gain=3.28415 3.28504 6.17279 21.8221 8.08216 7.5914
threshold=1.0000000180025095e-35 0.74134521230250006 0.67257396936650016 0.82712268226950014 0.010309278350515485 0.90591026817600018
decision_type=2 2 2 2 2 2
left_child=1 -1 3 -3 -5 -6
right_child=-2 2 -4 4 5 -7
leaf_value=-0.00054376135981903831 -0.024164818371859544 0.057791684414818974 -0.0039520390611304376 -0.003986596114759695 -0.013279384576493391 0.0084898257888480436
leaf_weight=1577.0270432131365 4.0463598254136732 5.8095540779177091 98.477096238406375 90.168268412118778 14.756007683929054 183.19803606555797
leaf_count=156997 1000 491 6939 4588 1056 9929
internal_value=5.8303e-06 6.77293e-05 0.00252035 0.00469486 0.00342806 0.0068085
internal_weight=1973.48 1969.44 392.409 293.932 288.122 197.954
internal_count=181000 180000 23003 16064 15573 10985
is_linear=0
shrinkage=0.03


Tree=122
num_leaves=7
num_cat=0
split_feature=42 12 5 22 20 11
split_gain=3.25982 3.26433 3.31561 5.04175 5.03501 4.90337
threshold=1.0000000180025095e-35 0.027061855670103083 1.5000000000000002 0.77749956021250011 0.72744914000900007 0.035223367697594522
decision_type=2 2 2 2 2 2
left_child=1 2 -1 -4 5 -5
right_child=-2 -3 3 4 -6 -7
leaf_value=0.00081168386396306288 -0.024125662387471766 -0.021061396121689769 -0.016269544193073596 0.049427895717861915 -0.0018636327126775264 0.0027367903352316669
leaf_weight=1512.0107158629689 4.0253687852527937 5.5591873431112608 20.576320507097989 2.3863534680567673 423.57070310693234 5.3486709124408662
leaf_count=136717 1133 716 3474 205 38280 475
internal_value=5.6597e-06 6.72005e-05 0.000137698 -0.00211429 -0.00140292 0.0211511
internal_weight=1973.48 1969.45 1963.89 451.882 431.306 7.73502
internal_count=181000 179867 179151 42434 38960 680
is_linear=0
shrinkage=0.03


Tree=123
num_leaves=7
num_cat=0
split_feature=12 21 18 14 13 12
split_gain=3.22077 6.51086 6.02043 5.53032 4.56726 4.46516
threshold=0.0017182130584192659 0.66433860921650012 0.92466193826550003 0.057130584192439889 0.031786941580756019 0.002577319587628885
decision_type=2 2 2 2 2 2
left_child=1 3 4 -1 -3 -2
right_child=5 2 -4 -5 -6 -7
leaf_value=0.0059670114472762268 -0.012198903082231007 -0.01401772276476726 0.014022254593742872 -0.0013291724653468435 0.047422631012535452 -0.00043361934061634475
leaf_weight=268.75468574906699 28.614118586527184 41.119132534367964 8.4102982624899578 142.61490250565112 0.1615662956610312 1483.8251335052773
leaf_count=19344 2287 3768 422 13884 14 141281
internal_value=5.19396e-06 0.00219747 -0.00795755 0.00344046 -0.0126613 -0.000664122
internal_weight=1973.5 461.061 49.691 411.37 41.2807 1512.44
internal_count=181000 37432 4204 33228 3782 143568
is_linear=0
shrinkage=0.03


Tree=124
num_leaves=7
num_cat=0
split_feature=46 27 12 39 0 21
split_gain=3.20599 5.67304 4.40265 4.00695 4.74828 5.89586
threshold=1.0000000180025095e-35 1.0000000180025095e-35 0.024484536082474227 1.0000000180025095e-35 0.2678571428571429 0.5628155540205001
decision_type=2 2 2 2 2 2
left_child=1 -1 3 -2 5 -5
right_child=2 -3 -4 4 -6 -7
leaf_value=0.00042593353932926156 -0.0064380548682188652 -0.0260115041648648 0.032141692604662597 -0.013647833405540348 -0.016854521680517966 0.066021227262324803
leaf_weight=1841.8327558184974 119.8478632569313 6.3342157660517833 1.8867005337961007 0.81843580165877927 1.2544793672859667 1.4943942585960028
leaf_count=162978 15660 1764 184 91 157 166
internal_value=5.45749e-06 0.000321307 -0.00461889 -0.00543469 0.0223035 0.0422193
internal_weight=1973.47 1848.17 125.302 123.415 3.56731 2.31283
internal_count=181000 164742 16258 16074 414 257
is_linear=0
shrinkage=0.03


Tree=125
num_leaves=7
num_cat=0
split_feature=10 14 14 17 18 20
split_gain=3.19337 6.90936 10.1841 9.42773 9.80994 9.04834
threshold=0.16151202749140894 0.022766323024054961 0.015463917525773198 0.15549828178694161 0.81733462759500008 0.88885997082300017
decision_type=2 2 2 2 2 2
left_child=-1 2 -2 4 -4 -3
right_child=1 5 3 -5 -6 -7
leaf_value=0.00078279808953555651 -0.0010888849604854358 -0.0056812848606687906 -0.0069305302435072168 0.0010982106726982672 0.037673662849305491 0.018351166546008428
leaf_weight=1394.9947444967693 194.21667947119568 322.37856845161878 5.4325815869960961 24.704662170959637 17.933603865792975 13.783387896139173
leaf_count=127419 16130 32091 606 2093 1336 1325
internal_value=5.69593e-06 -0.00186649 0.00199097 0.0142029 0.0274445 -0.0046444
internal_weight=1973.44 578.449 242.288 48.0708 23.3662 336.162
internal_count=181000 53581 20165 4035 1942 33416
is_linear=0
shrinkage=0.03


Tree=126
num_leaves=7
num_cat=0
split_feature=5 17 14 20 23 12
split_gain=3.19475 6.5461 4.35024 4.30129 4.46881 5.39355
threshold=3.5000000000000004 0.18298969072164953 1.0000000180025095e-35 0.90295990067750009 0.87355936357550013 0.0085910652920962189
decision_type=2 2 2 2 2 2
left_child=-1 2 -2 -3 5 -5
right_child=1 3 -4 4 -6 -7
leaf_value=0.00017070849250846323 0.019578995633672942 -0.013954920046241735 -0.015921305995761619 0.096627279937874289 -0.010395310094352336 -0.008560445605004012
leaf_weight=1938.2275134855881 2.6021029502153388 0.84643986122682635 30.188984841341153 0.65593062085099496 0.51061566919088353 0.39200170570984483
leaf_count=177560 176 71 3086 50 22 35
internal_value=5.8855e-06 -0.00882477 -0.0126082 0.0313134 0.0517436 0.0723129
internal_weight=1973.42 35.1961 32.7911 2.40499 1.55855 1.04793
internal_count=181000 3440 3262 178 107 85
is_linear=0
shrinkage=0.03


Tree=127
num_leaves=7
num_cat=0
split_feature=12 5 19 21 23 14
split_gain=3.16373 3.10833 3.43058 5.82402 20.2113 7.52705
threshold=0.027061855670103083 4.5000000000000009 0.74134521230250006 0.67257396936650016 0.82712268226950014 0.010309278350515485
decision_type=2 2 2 2 2 2
left_child=1 2 -1 4 -4 -6
right_child=-2 -3 3 -5 5 -7
leaf_value=-0.00046858143406737534 -0.02093391729666268 -0.01730501388329159 0.055061975570178341 -0.0036961011638368146 -0.0036813808394444919 0.0067771242940769935
leaf_weight=1570.0043446467025 5.472048317315056 8.2174806841649097 6.0255796550773075 96.421439717290923 89.139079044107348 198.09433417813852
leaf_count=156466 720 834 486 6982 4555 10957
internal_value=6.62293e-06 7.5454e-05 0.000157124 0.00267281 0.0047723 0.00352995
internal_weight=1973.37 1967.9 1959.68 389.68 293.259 287.233
internal_count=181000 180280 179446 22980 15998 15512
is_linear=0
shrinkage=0.03


Tree=128
num_leaves=7
num_cat=0
split_feature=14 12 11 11 17 21
split_gain=3.13495 11.6121 8.57407 11.0883 8.77704 7.68461
threshold=0.0017182130584192936 0.011597938144329885 0.033505154639175229 0.060996563573883118 0.2242268041237114 0.61875427044600018
decision_type=2 2 2 2 2 2
left_child=1 2 -1 4 5 -4
right_child=-2 -3 3 -5 -6 -7
leaf_value=-0.002149630654016662 -0.00035954938760388337 -0.013157592240987089 0.047673109574635358 0.0047931265845066332 -0.0070302154281675616 0.014405722060048917
leaf_weight=51.935972720384598 1805.0409008559072 28.737854278297164 14.741274314932527 55.13110482878983 5.4125701629091045 12.374956963118164
leaf_count=3877 167460 3117 1091 4137 395 923
internal_value=6.40248e-06 0.00390945 0.00749155 0.0131635 0.0267838 0.0335433
internal_weight=1973.37 168.334 139.596 87.6599 32.5288 27.1162
internal_count=181000 13540 10423 6546 2409 2014
is_linear=0
shrinkage=0.03


Tree=129
num_leaves=7
num_cat=0
split_feature=1 13 13 12 2 21
split_gain=3.09711 3.10754 11.2481 6.28903 6.06915 5.36045
threshold=1.0000000180025095e-35 0.0094501718213058448 1.0000000180025095e-35 0.016752577319587656 1.0000000180025095e-35 0.63411227267100012
decision_type=2 2 2 2 2 2
left_child=1 2 -1 -3 5 -4
right_child=-2 3 4 -5 -6 -7
leaf_value=0.00029875489727931875 -0.023924865741588718 -0.0015836373442698604 0.015750522325137968 -0.018735176086739542 -0.019605658645477909 0.054963279869298144
leaf_weight=1675.9080200127792 3.855048435390926 257.34838942647912 10.014222918543963 19.821568826213479 1.7928883105050779 4.6151764609385291
leaf_count=152436 1000 24065 653 2414 135 297
internal_value=6.56115e-06 6.55217e-05 0.000548231 -0.00287316 0.024529 0.0308462
internal_weight=1973.36 1969.5 1692.33 277.17 16.4223 14.6294
internal_count=181000 180000 153521 26479 1085 950
is_linear=0
shrinkage=0.03


Tree=130
num_leaves=7
num_cat=0
split_feature=42 10 14 14 17 22
split_gain=3.06915 3.05404 6.52132 9.56118 8.82158 12.761
threshold=1.0000000180025095e-35 0.16151202749140894 0.022766323024054961 0.010309278350515485 0.15549828178694161 0.93670413735350011
decision_type=2 2 2 2 2 2
left_child=1 -1 3 -3 5 -5
right_child=-2 2 -4 4 -6 -7
leaf_value=0.00082472408828962538 -0.023878917146550944 -0.0029838530993738298 -0.0044824151056113738 0.0085364931902176932 0.00029324616835134436 0.043165546953381193
leaf_weight=1393.0614481933881 3.8299288889393202 143.21176847442985 334.05481578037143 36.026669934391975 50.766748894471675 12.41127541894093
leaf_count=126621 1133 11770 33196 3389 4315 576
internal_value=6.27263e-06 6.48139e-05 -0.00176978 0.00197134 0.00908304 0.0181032
internal_weight=1973.36 1969.53 576.471 242.416 99.2047 48.4379
internal_count=181000 179867 53246 20050 8280 3965
is_linear=0
shrinkage=0.03


Tree=131
num_leaves=7
num_cat=0
split_feature=12 5 22 20 18 21
split_gain=3.04485 3.04052 4.80908 4.79041 4.74885 4.95694
threshold=0.027061855670103083 1.5000000000000002 0.77749956021250011 0.72744914000900007 0.77811678349300017 0.5558521116370001
decision_type=2 2 2 2 2 2
left_child=1 -1 -3 4 -4 -6
right_child=-2 2 3 -5 5 -7
leaf_value=0.00071646628188442489 -0.020742732405427004 -0.016031828056627784 -0.007807163509757846 -0.0018486665388614707 0.052889437166149647 -0.006423134886532047
leaf_weight=1516.5928481704323 5.3448577478993675 20.219051405903883 3.0171505175530902 423.3456881751772 3.3220912399701774 1.5144340386614201
leaf_count=137581 720 3494 354 38525 218 108
internal_value=6.13893e-06 7.29961e-05 -0.00208562 -0.0013961 0.0204525 0.0363988
internal_weight=1973.36 1968.01 451.418 431.199 7.85368 4.83653
internal_count=181000 180280 42699 39205 680 326
is_linear=0
shrinkage=0.03


Tree=132
num_leaves=7
num_cat=0
split_feature=1 5 19 21 18 21
split_gain=3.00112 2.96015 3.52981 6.01126 11.4434 11.1684
threshold=1.0000000180025095e-35 4.5000000000000009 0.72597981719550009 0.58014394450050011 0.81517648065150017 0.57747942556100018
decision_type=2 2 2 2 2 2
left_child=1 2 3 4 -1 -6
right_child=-2 -3 -4 -5 5 -7
leaf_value=-0.0010109355201237732 -0.023794319423869212 -0.017056281614777225 0.0020097760416343752 -0.0025978623394119862 0.0057748400746488494 0.033860421296134535
leaf_weight=459.19791623647325 3.7568579112412399 8.0484873175155354 621.16421762411483 716.2754283840768 151.92482639290392 13.001655684318392
leaf_count=46125 1000 829 39878 82225 9953 990
internal_value=5.82268e-06 6.32708e-05 0.000142169 -0.000724165 0.0014269 0.00817964
internal_weight=1973.37 1969.61 1961.56 1340.4 624.124 164.926
internal_count=181000 180000 179171 139293 57068 10943
is_linear=0
shrinkage=0.03


Tree=133
num_leaves=7
num_cat=0
split_feature=46 27 12 0 39 0
split_gain=2.99124 5.2754 4.26219 3.97478 3.80916 4.44068
threshold=1.0000000180025095e-35 1.0000000180025095e-35 0.024484536082474227 0.15476190476190479 1.0000000180025095e-35 0.2678571428571429
decision_type=2 2 2 2 2 2
left_child=1 -1 4 -4 -2 -6
right_child=2 -3 3 -5 5 -7
leaf_value=0.00040773098044483597 -0.006278682994683764 -0.025778512111029533 -0.013158197379038387 0.053555801779405457 0.040305770159189479 -0.016706692314111
leaf_weight=1842.8134002373554 119.04909422970377 5.9501511283451682 0.76694442890584369 1.1494934223592279 2.4020538954064246 1.230325744487345
leaf_count=162978 15660 1764 77 107 257 157
internal_value=5.36587e-06 0.000309561 -0.00447476 0.0315001 -0.00528688 0.0215572
internal_weight=1973.36 1848.76 124.598 1.91644 122.681 3.63238
internal_count=181000 164742 16258 184 16074 414
is_linear=0
shrinkage=0.03


Tree=134
num_leaves=7
num_cat=0
split_feature=12 5 17 14 20 23
split_gain=2.94981 2.90212 6.3281 4.17496 4.11549 4.23427
threshold=0.027061855670103083 3.5000000000000004 0.18298969072164953 1.0000000180025095e-35 0.90295990067750009 0.87355936357550013
decision_type=2 2 2 2 2 2
left_child=1 -1 3 -3 -4 -6
right_child=-2 2 4 -5 5 -7
leaf_value=0.00022687630530984242 -0.020583845301229992 0.019080018488455221 -0.013828896695795812 -0.015574571701322683 0.069996725102494731 -0.010312971602142069
leaf_weight=1933.5548157303128 5.2427279460243872 2.637777908705174 0.83269284013658706 29.471440340857953 1.0947927390225229 0.50473155267536629
leaf_count=176842 720 176 71 3085 84 22
internal_value=5.57189e-06 7.08448e-05 -0.0084241 -0.0122374 0.0308157 0.0504363
internal_weight=1973.34 1968.1 34.5414 32.1092 2.43222 1.59952
internal_count=181000 180280 3438 3261 177 106
is_linear=0
shrinkage=0.03


Tree=135
num_leaves=7
num_cat=0
split_feature=14 12 21 11 12 11
split_gain=2.92736 10.9032 7.93922 7.55833 6.17399 9.39817
threshold=0.0017182130584192936 0.011597938144329885 0.58014394450050011 0.011168384879725076 0.0042955326460481233 0.13616838487972513
decision_type=2 2 2 2 2 2
left_child=1 2 3 -1 5 -5
right_child=-2 -3 -4 4 -6 -7
leaf_value=-0.015117801328014067 -0.00034867818292060217 -0.012914328050926044 0.0023928997740578842 0.03908699596261514 0.0080109114699359885 -0.020596244427247598
leaf_weight=4.8637418737635008 1804.3191799375927 28.328232422471046 97.545515216304921 19.253714008722458 16.951800361042842 2.0633742599748066
leaf_count=323 167460 3117 7355 1256 1357 132
internal_value=5.72649e-06 0.00376916 0.00719614 0.0177584 0.0222154 0.032646
internal_weight=1973.33 169.006 140.678 43.1326 38.2689 21.3171
internal_count=181000 13540 10423 3068 2745 1388
is_linear=0
shrinkage=0.03


Tree=136
num_leaves=7
num_cat=0
split_feature=13 13 12 2 14 20
split_gain=2.89153 10.2449 5.99488 5.62122 5.09737 5.5083
threshold=0.0094501718213058448 1.0000000180025095e-35 0.016752577319587656 1.0000000180025095e-35 0.0085910652920962467 0.79855838558900005
decision_type=2 2 2 2 2 2
left_child=1 -1 4 -3 5 -2
right_child=2 3 -4 -5 -6 -7
leaf_value=0.00022884311556719707 0.015303571696347076 0.028943962984231502 -0.018490714895718893 -0.019526640676343583 -0.0039571033141381981 -0.0024346164313290811
leaf_weight=1679.6881958622253 28.518666479038075 15.123812620062381 19.39875636389479 1.7749112325254834 195.54658986558206 33.291892016888596
leaf_count=153305 2316 971 2420 139 19092 2757
internal_value=5.28122e-06 0.000469558 -0.0028323 0.0230465 -0.00158502 0.00586292
internal_weight=1973.34 1696.59 276.756 16.8987 257.357 61.8106
internal_count=181000 154415 26585 1110 24165 5073
is_linear=0
shrinkage=0.03


Tree=137
num_leaves=7
num_cat=0
split_feature=42 10 14 14 20 17
split_gain=2.89134 2.87913 6.04692 9.12377 8.79211 12.5892
threshold=1.0000000180025095e-35 0.16151202749140894 0.022766323024054961 0.015463917525773198 0.88885997082300017 0.5665807560137458
decision_type=2 2 2 2 2 2
left_child=1 -1 3 -3 -4 -6
right_child=-2 2 4 -5 5 -7
leaf_value=0.00079750933640153126 -0.023630124442775742 -0.001072560743641053 -0.0053829951449168257 0.013284967285635945 0.0078407825850215062 0.096396918290075698
leaf_weight=1394.2086925238837 3.6473650404950595 194.08397353230976 318.53635541186668 49.081716988468543 13.137271104147654 0.65903069684282023
leaf_count=126621 1133 16037 31921 4013 1225 50
internal_value=4.90225e-06 6.06364e-05 -0.00172281 0.00186797 -0.00434788 0.0183
internal_weight=1973.35 1969.71 575.498 243.166 332.333 13.7963
internal_count=181000 179867 53246 20050 33196 1275
is_linear=0
shrinkage=0.03


Tree=138
num_leaves=7
num_cat=0
split_feature=12 1 11 20 2 0
split_gain=2.83928 2.82978 2.82155 8.59758 7.74876 8.86902
threshold=0.027061855670103083 1.0000000180025095e-35 0.0090206185567010284 0.72203917360000014 1.0000000180025095e-35 1.0000000180025095e-35
decision_type=2 2 2 2 2 2
left_child=1 2 3 -1 -5 -6
right_child=-2 -3 -4 4 5 -7
leaf_value=0.017264239478507973 -0.020391051046188095 -0.023523731541107044 -0.00025516873013870124 -0.0025603445447610431 0.035023657325349233 0.0021302954324584861
leaf_weight=32.951948983129114 5.123107156250625 3.5647973900195202 1768.5708136060275 131.50995965953916 10.461890488164501 21.100179728819057
leaf_count=2683 720 994 162091 11880 891 1741
internal_value=5.88764e-06 6.9309e-05 0.000124065 0.00352952 0.000665842 0.0137742
internal_weight=1973.28 1968.16 1964.59 196.024 163.072 31.5621
internal_count=181000 180280 179286 17195 14512 2632
is_linear=0
shrinkage=0.03


Tree=139
num_leaves=7
num_cat=0
split_feature=12 21 18 0 22 23
split_gain=2.81176 5.98671 5.77424 4.90133 6.27683 7.8805
threshold=0.0017182130584192659 0.66433860921650012 0.92466193826550003 0.22500000000000003 0.9421601826010001 0.85481649359400003
decision_type=2 2 2 2 2 2
left_child=1 3 -3 4 -1 -6
right_child=-2 2 -4 -5 5 -7
leaf_value=-0.001865010283873175 -0.00062163139882117139 -0.012422783876361374 0.013653968412218567 0.0069290966665513489 0.061894067701190845 0.0074523588983667977
leaf_weight=194.49392265046481 1510.1939986961661 40.726230534957722 8.4859450047370029 180.31775751814712 1.5983735104091454 37.476949953706935
leaf_count=16811 143568 3782 422 14768 68 1581
internal_value=5.62087e-06 0.00204806 -0.00774384 0.0032282 0.000353711 0.0111682
internal_weight=1973.29 463.099 49.2122 413.887 233.569 39.0753
internal_count=181000 37432 4204 33228 18460 1649
is_linear=0
shrinkage=0.03


Tree=140
num_leaves=7
num_cat=0
split_feature=42 19 21 23 14 22
split_gain=2.79903 2.85589 5.12573 17.879 7.20249 7.05462
threshold=1.0000000180025095e-35 0.74134521230250006 0.67257396936650016 0.82712268226950014 0.010309278350515485 0.90591026817600018
decision_type=2 2 2 2 2 2
left_child=1 -1 3 -3 -5 -6
right_child=-2 2 -4 4 5 -7
leaf_value=-0.00051127444685920343 -0.023491878032274927 0.050206022826017362 -0.0036131548232347364 -0.0039198573283600402 -0.013174978219044108 0.0078483164278371851
leaf_weight=1575.1931972457096 3.5517223372589788 6.4471491409931323 97.228526695631444 89.934693607501686 14.662644308293237 186.20735470065847
leaf_count=156932 1133 493 6882 4575 1059 9926
internal_value=6.40129e-06 6.06727e-05 0.00234002 0.00429284 0.00310638 0.00625604
internal_weight=1973.23 1969.67 394.48 297.252 290.805 200.87
internal_count=181000 179867 22935 16053 15560 10985
is_linear=0
shrinkage=0.03


Tree=141
num_leaves=7
num_cat=0
split_feature=46 27 12 0 11 12
split_gain=2.79557 4.90011 4.14836 3.73546 3.70067 3.7167
threshold=1.0000000180025095e-35 1.0000000180025095e-35 0.024484536082474227 0.15476190476190479 0.02792096219931273 0.026202749140893464
decision_type=2 2 2 2 2 2
left_child=1 -1 -2 -4 -5 -6
right_child=2 -3 3 4 5 -7
leaf_value=0.00039147519690359728 -0.0051466816873552814 -0.025533118442707302 -0.012943883509398298 -0.0091229285583458424 0.091518891500501354 -0.0067265303643166303
leaf_weight=1843.7048056446947 121.99447045661509 5.5853803360369048 0.74546774267218907 0.42944673215970375 0.47973127756267786 0.28517078887671232
leaf_count=162978 16074 1764 77 38 39 30
internal_value=6.15039e-06 0.000299418 -0.00433723 0.0310036 0.0518322 0.0718332
internal_weight=1973.22 1849.29 123.934 1.93982 1.19435 0.764902
internal_count=181000 164742 16258 184 107 69
is_linear=0
shrinkage=0.03


Tree=142
num_leaves=7
num_cat=0
split_feature=5 14 19 21 18 21
split_gain=2.77526 3.2888 3.0886 5.56292 10.5665 10.1313
threshold=4.5000000000000009 1.0000000180025095e-35 0.72597981719550009 0.58014394450050011 0.81517648065150017 0.57747942556100018
decision_type=2 2 2 2 2 2
left_child=2 -2 3 4 -1 -6
right_child=1 -3 -4 -5 5 -7
leaf_value=-0.0010169127172884932 0.025867773870819892 -0.023020896538979756 0.0018223265294970048 -0.0025368192328923652 0.005476138537608464 0.031829819752120091
leaf_weight=459.27734150947072 0.60559499310329457 7.2462542150169611 624.72417989966925 714.7244384175865 153.16929928481113 13.454519410850478
leaf_count=46140 44 790 40351 82714 9969 992
internal_value=6.37349e-06 -0.0167539 8.18194e-05 -0.000730001 0.00133398 0.00778134
internal_weight=1973.2 7.85185 1965.35 1340.63 625.901 166.624
internal_count=181000 834 180166 139815 57101 10961
is_linear=0
shrinkage=0.03


Tree=143
num_leaves=7
num_cat=0
split_feature=5 21 0 11 22 0
split_gain=2.76162 4.85444 7.591 6.27412 5.06443 6.79811
threshold=1.5000000000000002 0.70410351359900003 0.58571428571428574 0.014175257731958714 0.7680152497695002 0.30952380952380959
decision_type=2 2 2 2 2 2
left_child=-1 4 -3 -4 5 -2
right_child=1 2 3 -5 -6 -7
leaf_value=0.00061750982108049496 0.026426972867682464 -0.0028553920054948979 -0.013861451917406911 0.063494857682132644 -0.0019463346199906117 -0.027849635773594696
leaf_weight=1522.2876171850367 1.6532020561862726 6.6323113330872712 0.83901306684128973 2.8383704070001841 426.92866170359775 11.975986916804684
leaf_count=138196 293 607 87 270 39432 2115
internal_value=6.54682e-06 -0.00205308 0.0173685 0.0466554 -0.00254588 -0.0199095
internal_weight=1973.16 450.868 10.3097 3.67738 440.558 13.6292
internal_count=181000 42804 964 357 41840 2408
is_linear=0
shrinkage=0.03


Tree=144
num_leaves=7
num_cat=0
split_feature=12 13 13 12 2 14
split_gain=2.73176 2.70483 9.51791 5.31381 5.21725 4.80769
threshold=0.027061855670103083 0.0094501718213058448 1.0000000180025095e-35 0.016752577319587656 1.0000000180025095e-35 0.0085910652920962467
decision_type=2 2 2 2 2 2
left_child=1 2 -1 5 -4 -3
right_child=-2 3 4 -5 -6 -7
leaf_value=0.00028266914160194413 -0.020194931390450203 0.0056703602364065863 0.027598956543320577 -0.017848972562767761 -0.019336650269397342 -0.0038523062627542856
leaf_weight=1675.6495952170808 5.0059707302134475 62.139093872159719 15.490295732859522 18.348615554044954 1.7287768046371645 194.77027097891551
leaf_count=152693 720 5073 967 2317 138 19092
internal_value=6.83741e-06 6.84507e-05 0.000517329 -0.00268408 0.022084 -0.00153599
internal_weight=1973.13 1968.13 1692.87 275.258 17.2191 256.909
internal_count=181000 180280 153798 26482 1105 24165
is_linear=0
shrinkage=0.03


Tree=145
num_leaves=7
num_cat=0
split_feature=1 5 14 19 21 23
split_gain=2.67212 2.65149 3.21107 3.04086 4.7467 16.6002
threshold=1.0000000180025095e-35 4.5000000000000009 1.0000000180025095e-35 0.74134521230250006 0.67257396936650016 0.82712268226950014
decision_type=2 2 2 2 2 2
left_child=1 3 -3 -1 5 -5
right_child=-2 2 -4 4 -6 -7
leaf_value=-0.00045877395694621069 -0.023299984506621442 0.025344524293676649 -0.022847161163674131 0.047973910431804594 -0.0033167268775963349 0.0031962703932860302
leaf_weight=1570.3775303809671 3.4176344869192681 0.62049878342077036 7.0617551901377738 6.657114681787788 95.048698786413297 289.98737192805856
leaf_count=156519 1000 44 785 480 6750 15422
internal_value=6.02451e-06 5.82641e-05 -0.0164839 0.000131397 0.00249266 0.00435895
internal_weight=1973.17 1969.75 7.68225 1962.07 391.693 296.644
internal_count=181000 180000 829 179171 22652 15902
is_linear=0
shrinkage=0.03


Tree=146
num_leaves=7
num_cat=0
split_feature=10 14 14 20 17 21
split_gain=2.67426 5.64582 8.64049 8.25496 11.7761 8.09799
threshold=0.16151202749140894 0.022766323024054961 0.010309278350515485 0.88885997082300017 0.5665807560137458 0.65435684911800018
decision_type=2 2 2 2 2 2
left_child=-1 2 -2 -3 -5 -4
right_child=1 3 5 4 -6 -7
leaf_value=0.00071458625586838737 -0.0029879591477058546 -0.0052750118853986836 0.012576585210903759 0.0073585941512975964 0.091409786314931268 -0.0085629568446473105
leaf_weight=1397.855693296995 143.22371511301026 317.16754047735594 81.273208542261273 13.318022239720445 0.72666525538079518 19.586727251531556
leaf_count=127419 11839 32091 6672 1273 52 1654
internal_value=6.05744e-06 -0.00171378 0.0017443 -0.00425976 0.0174942 0.00842758
internal_weight=1973.15 575.296 244.084 331.212 14.0447 100.86
internal_count=181000 53581 20165 33416 1325 8326
is_linear=0
shrinkage=0.03


Tree=147
num_leaves=7
num_cat=0
split_feature=14 12 11 11 17 11
split_gain=2.65644 10.1684 7.7186 9.87691 7.83474 7.42896
threshold=0.0017182130584192936 0.011597938144329885 0.033505154639175229 0.060996563573883118 0.2242268041237114 0.05326460481099652
decision_type=2 2 2 2 2 2
left_child=1 2 -1 4 5 -4
right_child=-2 -3 3 -5 -6 -7
leaf_value=-0.0023044961564672802 -0.0003315489982829611 -0.012671083016057917 0.020765343893500682 0.0042502848570027301 -0.0071636901158824099 0.057461950209994513
leaf_weight=52.214705952326767 1803.1657440032577 27.929213631898165 21.82334620621987 55.990128449397162 5.4476082541514179 6.5073199240723616
leaf_count=3877 167460 3117 1550 4137 395 464
internal_value=7.08614e-06 0.00358171 0.00684502 0.0121337 0.0247031 0.030866
internal_weight=1973.08 169.912 141.983 89.7684 33.7783 28.3307
internal_count=181000 13540 10423 6546 2409 2014
is_linear=0
shrinkage=0.03


Tree=148
num_leaves=7
num_cat=0
split_feature=42 12 5 21 0 12
split_gain=2.63903 2.64064 2.6564 4.73346 7.01166 8.46489
threshold=1.0000000180025095e-35 0.027061855670103083 1.5000000000000002 0.70410351359900003 0.64583333333333337 0.003436426116838504
decision_type=2 2 2 2 2 2
left_child=1 2 -1 -4 -5 -6
right_child=-2 -3 3 4 5 -7
leaf_value=0.00071937402323488575 -0.023238089743233305 -0.019995902013960776 -0.0023963598545996912 -0.00080997316918979669 -0.015253531640746843 0.072334614479668213
leaf_weight=1516.2441020961851 3.3857097746804348 4.8911739666946223 438.18289637309499 7.1168817162979376 1.0039466884918513 2.2163647098932415
leaf_count=136717 1133 716 41505 629 89 211
internal_value=7.5093e-06 5.92388e-05 0.000119312 -0.00190632 0.0172453 0.0478844
internal_weight=1973.04 1969.66 1964.76 448.52 10.3372 3.22031
internal_count=181000 179867 179151 42434 929 300
is_linear=0
shrinkage=0.03


Tree=149
num_leaves=7
num_cat=0
split_feature=46 27 12 39 0 21
split_gain=2.60831 4.62302 4.10494 3.60738 4.1359 5.38412
threshold=1.0000000180025095e-35 1.0000000180025095e-35 0.024484536082474227 1.0000000180025095e-35 0.2678571428571429 0.5628155540205001
decision_type=2 2 2 2 2 2
left_child=1 -1 3 -2 5 -5
right_child=2 -3 -4 4 -6 -7
leaf_value=0.00037735382155172669 -0.0059937090841898624 -0.025333798459417599 0.030926541106546787 -0.013871478210233013 -0.01650334180620534 0.060444898437469759
leaf_weight=1844.4570866581053 117.64767369348556 5.3156433200929305 1.9433221742510784 0.842399994842708 1.197911516530439 1.6468797060661016
leaf_count=162978 15660 1764 184 91 157 166
internal_value=7.31433e-06 0.00028982 -0.00419987 -0.00501066 0.0209423 0.0385276
internal_weight=1973.05 1849.77 123.278 121.335 3.68719 2.48928
internal_count=181000 164742 16258 16074 414 257
is_linear=0
shrinkage=0.03


Tree=150
num_leaves=7
num_cat=0
split_feature=11 20 2 0 14 0
split_gain=2.6026 8.04491 7.12739 7.96348 11.5866 7.07815
threshold=0.0090206185567010284 0.72203917360000014 1.0000000180025095e-35 1.0000000180025095e-35 0.019329896907216485 0.2678571428571429
decision_type=2 2 2 2 2 2
left_child=1 -1 -3 4 -4 -5
right_child=-2 2 3 5 -6 -7
leaf_value=0.0164200362907631 -0.0003566589393975961 -0.0026211716821827463 -0.006820443561081556 -0.01992089254290548 0.054026004027509678 0.014382496179207426
leaf_weight=33.557480289135128 1775.4760963851586 131.80284634104464 4.0842868363251892 7.5675126402638879 6.8197924084961414 13.72649630368687
leaf_count=2695 163577 12054 309 610 600 1155
internal_value=7.42959e-06 0.00326484 0.000489859 0.0129202 0.0325767 0.00184495
internal_weight=1973.03 197.558 164.001 32.1981 10.9041 21.294
internal_count=181000 17423 14728 2674 909 1765
is_linear=0
shrinkage=0.03


Tree=151
num_leaves=7
num_cat=0
split_feature=12 21 18 17 0 11
split_gain=2.56962 5.66828 5.22866 6.77667 5.4171 5.31609
threshold=0.0017182130584192659 0.6363794745100001 0.92466193826550003 0.11597938144329899 0.41428571428571431 0.039948453608247454
decision_type=2 2 2 2 2 2
left_child=1 -1 4 5 -3 -4
right_child=-2 2 3 -5 -6 -7
leaf_value=0.0039413484613793912 -0.00059301021386885247 -0.0023641056246642873 -0.020806458545995294 0.041515160052291528 -0.018741778176476959 0.017643110917901574
leaf_weight=341.57911917730235 1508.6675351798767 85.57689453207422 5.1423821733333153 3.990205281879752 22.211354703176767 5.8414099363144487
leaf_count=27124 143568 7439 258 170 2155 286
internal_value=7.77511e-06 0.00195684 -0.00355219 0.0125248 -0.00588022 -0.000592255
internal_weight=1973.01 464.341 122.762 14.974 107.788 10.9838
internal_count=181000 37432 10308 714 9594 544
is_linear=0
shrinkage=0.03


Tree=152
num_leaves=7
num_cat=0
split_feature=12 5 17 14 12 23
split_gain=2.56086 2.56579 6.06622 4.73445 4.19436 4.48079
threshold=0.027061855670103083 3.5000000000000004 0.12414089347079039 1.0000000180025095e-35 0.0090206185567010284 0.87992238483150009
decision_type=2 2 2 2 2 2
left_child=1 -1 3 -3 5 -4
right_child=-2 2 4 -5 -6 -7
leaf_value=0.00021167148745580619 -0.019865375998767872 0.02041527376062088 0.049220506901084475 -0.017181670008755954 -0.017270852351632116 -0.014186359577510967
leaf_weight=1934.3172616811935 4.8185988075565538 2.5411763980519053 2.7708627819083627 26.382024517399259 1.3148710015229879 0.85874215606600035
leaf_count=176842 720 162 231 2884 121 40
internal_value=7.67132e-06 6.63888e-05 -0.00799938 -0.0133066 0.0200615 0.0343949
internal_weight=1973 1968.18 33.8677 28.9232 4.94448 3.6296
internal_count=181000 180280 3438 3046 392 271
is_linear=0
shrinkage=0.03


Tree=153
num_leaves=7
num_cat=0
split_feature=22 20 23 21 17 11
split_gain=2.53655 5.42857 5.33839 5.75643 6.66314 7.91249
threshold=0.78555121310500009 0.60859928093250015 0.7272772877235002 0.61659353574800002 0.12414089347079039 0.075171821305841977
decision_type=2 2 2 2 2 2
left_child=1 -1 3 -2 5 -5
right_child=2 -3 -4 4 -6 -7
leaf_value=0.019714591786118348 0.0027761764219574737 -0.0041359210857562206 0.00021674518936034223 0.075608274487784163 -0.0077413244439885733 -0.013524621110748546
leaf_weight=7.9925750521942964 9.9084902657195908 199.13032679911703 1750.5332459795754 2.9701635271776463 1.6776668606325982 0.80906184948980797
leaf_count=714 1247 28486 149828 395 224 106
internal_value=7.327e-06 -0.00312526 0.00037631 0.017431 0.0394898 0.0576893
internal_weight=1973.02 207.123 1765.9 15.3654 5.45689 3.77923
internal_count=181000 29200 151800 1972 725 501
is_linear=0
shrinkage=0.03


Tree=154
num_leaves=7
num_cat=0
split_feature=13 13 12 21 10 11
split_gain=2.53388 8.75316 5.49521 5.19302 5.68051 6.09892
threshold=0.0094501718213058448 1.0000000180025095e-35 0.016752577319587656 0.63411227267100012 0.024484536082474254 0.089776632302405499
decision_type=2 2 2 2 2 2
left_child=1 -1 -2 -3 -5 -6
right_child=2 3 -4 4 5 -7
leaf_value=0.00021423675736791285 -0.001482510686836239 0.0084175650874799418 -0.017983634417369259 -0.0059541611547530553 0.070532241290933703 -0.012163714411021315
leaf_weight=1680.3334656240186 256.42685573420022 12.071583933080548 18.572307787486352 1.4557611290365446 3.4520741777960211 0.65652022720314551
leaf_count=153305 24165 767 2420 95 207 41
internal_value=8.03375e-06 0.000441137 -0.00265805 0.0208884 0.0425393 0.0575237
internal_weight=1972.97 1697.97 274.999 17.6359 5.56436 4.10859
internal_count=181000 154415 26585 1110 343 248
is_linear=0
shrinkage=0.03


Tree=155
num_leaves=7
num_cat=0
split_feature=1 11 20 2 0 14
split_gain=2.52769 2.50195 7.31706 6.67845 7.27069 10.3336
threshold=1.0000000180025095e-35 0.0090206185567010284 0.72203917360000014 1.0000000180025095e-35 1.0000000180025095e-35 0.019329896907216485
decision_type=2 2 2 2 2 2
left_child=1 2 -1 -4 5 -5
right_child=-2 -3 3 4 -6 -7
leaf_value=0.015678260040360187 -0.023056259735606328 -0.00029953146275521865 -0.002458927504253073 -0.0066507281812391945 0.0018644325351591467 0.050509028283241518
leaf_weight=34.106554923113436 3.2671563151525325 1772.0560176013969 131.03038227348588 4.0484300409443659 21.279301770729944 7.1573252370581031
leaf_count=2693 1000 162726 11934 305 1751 591
internal_value=8.24082e-06 5.81788e-05 0.00325109 0.000579447 0.0125423 0.0310053
internal_weight=1972.95 1969.68 197.622 163.515 32.4851 11.2058
internal_count=181000 180000 17274 14581 2647 896
is_linear=0
shrinkage=0.03


Tree=156
num_leaves=7
num_cat=0
split_feature=14 12 11 11 17 11
split_gain=2.49792 9.56972 7.16206 8.98358 7.10911 6.42071
threshold=0.0017182130584192936 0.011597938144329885 0.033505154639175229 0.060996563573883118 0.2242268041237114 0.05326460481099652
decision_type=2 2 2 2 2 2
left_child=1 2 -1 4 5 -4
right_child=-2 -3 3 -5 -6 -7
leaf_value=-0.0022462815974271196 -0.00032066615028504596 -0.012430244856240303 0.019754456003347381 0.0040970788323482889 -0.0070426038585126183 0.053236278441066334
leaf_weight=52.104923782055266 1802.4721386551391 27.545303116436116 22.276872772374194 56.23740900028497 5.4147031391039482 6.8834430528804651
leaf_count=3877 167460 3117 1550 4137 395 464
internal_value=8.3138e-06 0.00346853 0.00659787 0.0116415 0.0234527 0.0291611
internal_weight=1972.93 170.463 142.917 90.8124 34.575 29.1603
internal_count=181000 13540 10423 6546 2409 2014
is_linear=0
shrinkage=0.03


Tree=157
num_leaves=7
num_cat=0
split_feature=42 12 5 20 19 30
split_gain=2.48691 2.46778 2.46977 3.19193 2.84499 5.61035
threshold=1.0000000180025095e-35 0.027061855670103083 4.5000000000000009 0.88303650003200007 0.72597981719550009 1.0000000180025095e-35
decision_type=2 2 2 2 2 2
left_child=1 2 4 -4 5 -1
right_child=-2 -3 3 -5 -6 -7
leaf_value=-0.00081535205590459235 -0.022977342207618726 -0.01964994274746969 0.025490224544363688 -0.022623524443240485 0.0018550905077506202 0.016728495307805666
leaf_weight=1317.9274453057442 3.2271271963836616 4.7018103129230431 0.61821311432868142 6.8215259016724303 623.99340997007675 15.613049605162812
leaf_count=136338 1133 716 69 762 39736 2246
internal_value=8.64794e-06 5.79488e-05 0.000115077 -0.0160789 0.000184802 -0.000597568
internal_weight=1972.9 1969.68 1964.97 7.43974 1957.53 1333.54
internal_count=181000 179867 179151 831 178320 138584
is_linear=0
shrinkage=0.03


Tree=158
num_leaves=7
num_cat=0
split_feature=46 27 12 18 21 12
split_gain=2.50801 4.36313 3.96052 3.61696 5.63048 3.84778
threshold=1.0000000180025095e-35 1.0000000180025095e-35 0.024484536082474227 0.76424390776850004 0.51476925805250018 0.002577319587628885
decision_type=2 2 2 2 2 2
left_child=1 -1 3 -2 5 -5
right_child=2 -3 -4 4 -6 -7
leaf_value=0.00036783169686424084 -0.018519870707919901 -0.025129193196745364 0.030157353794168864 -0.013180738888968223 -0.0042057775914535571 0.049101156367337633
leaf_weight=1844.95428896253 14.431964010000227 5.0602934458293012 1.9804410557262588 0.76661095162853543 103.71267315000296 2.0257917775306851
leaf_count=162978 2340 1764 184 71 13450 213
internal_value=7.94398e-06 0.000284552 -0.00412395 -0.00492805 -0.00293115 0.0330357
internal_weight=1972.93 1850.01 122.917 120.937 106.505 2.7924
internal_count=181000 164742 16258 16074 13734 284
is_linear=0
shrinkage=0.03


Tree=159
num_leaves=7
num_cat=0
split_feature=10 14 14 17 22 21
split_gain=2.45583 5.20743 8.19361 7.92961 10.6034 8.98278
threshold=0.16151202749140894 0.022766323024054961 0.010309278350515485 0.15549828178694161 0.93670413735350011 0.65435684911800018
decision_type=2 2 2 2 2 2
left_child=-1 2 -2 4 5 -4
right_child=1 -3 3 -5 -6 -7
leaf_value=0.00068573733184683708 -0.0029541683608855633 -0.0041014354229630826 0.014606416541009509 -0.00015936715590697894 0.03850602807711731 -0.022227426848217758
leaf_weight=1399.0646034822566 143.03803601081017 329.22319418273401 30.352696540299803 51.523309338255785 13.303098435048012 6.4230080195702604
leaf_count=127419 11839 33416 2782 4341 580 623
internal_value=7.86049e-06 -0.0016431 0.00166841 0.00814156 0.0165178 0.00775515
internal_weight=1972.93 573.863 244.64 101.602 50.0788 36.7757
internal_count=181000 53581 20165 8326 3985 3405
is_linear=0
shrinkage=0.03


Tree=160
num_leaves=7
num_cat=0
split_feature=12 5 17 14 11 12
split_gain=2.39462 2.39292 5.72743 4.5218 3.98929 5.2304
threshold=0.027061855670103083 3.5000000000000004 0.12414089347079039 1.0000000180025095e-35 0.015463917525773198 0.0064432989690721707
decision_type=2 2 2 2 2 2
left_child=1 -1 3 -3 5 -4
right_child=-2 2 4 -5 -6 -7
leaf_value=0.00020315887130759454 -0.019521433302310785 0.019608913404663527 0.079321608386008158 -0.016923292656944672 0.00058654941253485698 -0.010939726360462866
leaf_weight=1934.7773437964497 4.6347019730601451 2.597289175726476 0.64302884857170173 25.865375077351928 3.8421597422566265 0.56150522828102112
leaf_count=176842 720 162 42 2884 301 49
internal_value=7.72403e-06 6.35987e-05 -0.00776677 -0.0130372 0.0191982 0.0513692
internal_weight=1972.92 1968.29 33.5094 28.4627 5.04669 1.20453
internal_count=181000 180280 3438 3046 392 91
is_linear=0
shrinkage=0.03


Tree=161
num_leaves=7
num_cat=0
split_feature=1 13 13 12 17 12
split_gain=2.38685 2.40589 8.42124 5.27523 5.23535 7.21292
threshold=1.0000000180025095e-35 0.0094501718213058448 0.0042955326460481129 0.016752577319587656 0.15549828178694161 0.0064432989690721707
decision_type=2 2 2 2 2 2
left_child=1 2 -1 -3 -4 -6
right_child=-2 3 4 -5 5 -7
leaf_value=0.00033482229812029009 -0.022801329586637272 -0.0014039377365090188 0.0059407066848275129 -0.017726393896728157 0.085025927003722176 -0.0026402450319671961
leaf_weight=1689.1748472609324 3.1202973747858769 255.72402963251807 3.9270919503178439 18.177487863576971 1.5992734450846913 1.164538962068036
leaf_count=153128 1000 24065 221 2414 98 74
internal_value=8.18124e-06 5.58651e-05 0.000477627 -0.00254772 0.0317987 0.0572002
internal_weight=1972.89 1969.77 1695.87 273.902 6.6909 2.76381
internal_count=181000 180000 153521 26479 393 172
is_linear=0
shrinkage=0.03


Tree=162
num_leaves=7
num_cat=0
split_feature=46 27 30 17 19 20
split_gain=2.35267 4.17636 3.80591 7.36922 9.41524 5.23421
threshold=1.0000000180025095e-35 1.0000000180025095e-35 1.0000000180025095e-35 0.11597938144329899 0.71782700058900006 0.68830188984250007
decision_type=2 2 2 2 2 2
left_child=1 -1 -2 -4 5 -5
right_child=2 -3 3 4 -6 -7
leaf_value=0.00035597452460038863 -0.0065012747969826444 -0.024972218404983721 -0.0091025045164456423 -0.013862066390560488 -0.011711510554319498 0.052252831389308398
leaf_weight=1845.6312564937398 99.986817440483719 4.8778778922278425 11.764793374808507 0.84593915380537321 3.8399063036777079 5.9127621981315315
leaf_count=162978 13420 1764 1525 115 359 839
internal_value=8.49891e-06 0.000275759 -0.00400319 0.00696597 0.0240495 0.0432576
internal_weight=1972.86 1850.51 122.35 22.3634 10.5986 6.7587
internal_count=181000 164742 16258 2838 1313 954
is_linear=0
shrinkage=0.03


Tree=163
num_leaves=7
num_cat=0
split_feature=14 12 21 11 12 11
split_gain=2.34795 9.01884 6.81034 6.85086 5.25032 8.28086
threshold=0.0017182130584192936 0.011597938144329885 0.58014394450050011 0.011168384879725076 0.0042955326460481233 0.13616838487972513
decision_type=2 2 2 2 2 2
left_child=1 2 3 -1 5 -5
right_child=-2 -3 -4 4 -6 -7
leaf_value=-0.015231060913023668 -0.00031166911087526458 -0.012199330767222565 0.0019124356994842547 0.0350421624520285 0.0070547113105905316 -0.020574316038776196
leaf_weight=4.9041254851035765 1801.8845015791012 27.186688713612966 98.970438080839813 20.489747374784205 17.402825313154608 2.0564248668961218
leaf_count=323 167460 3117 7355 1256 1357 132
internal_value=7.84681e-06 0.00335673 0.0063612 0.0159218 0.0200247 0.0293111
internal_weight=1972.89 171.01 143.824 44.8531 39.949 22.5462
internal_count=181000 13540 10423 3068 2745 1388
is_linear=0
shrinkage=0.03


Tree=164
num_leaves=7
num_cat=0
split_feature=11 21 12 18 14 17
split_gain=2.37168 6.8896 14.8436 8.83919 6.38698 13.4683
threshold=0.0090206185567010284 0.50548550605800002 0.0038659793814433134 0.73011891152100017 0.12585910652920965 0.2242268041237114
decision_type=2 2 2 2 2 2
left_child=1 2 3 -1 -3 -6
right_child=-2 4 -4 -5 5 -7
leaf_value=-0.0025477579728173335 -0.00034114841935591311 0.00016093007014009156 -0.0061200977801076101 0.090811728006696457 0.0049706832239405927 0.071754394838609861
leaf_weight=1.1669061798602327 1774.4630740012508 174.52064706443343 5.183916989248246 2.4629962788894773 12.590667612152172 2.5287184708286068
leaf_count=93 163577 15247 425 137 1270 251
internal_value=7.30519e-06 0.00310907 0.0276257 0.0667314 0.00183069 0.0198988
internal_weight=1972.92 198.454 8.81382 3.6299 189.64 15.1194
internal_count=181000 17423 655 230 16768 1521
is_linear=0
shrinkage=0.03


Tree=165
num_leaves=7
num_cat=0
split_feature=10 14 20 17 14 21
split_gain=2.32152 4.89966 7.92354 10.9114 7.85326 7.65799
threshold=0.16151202749140894 0.022766323024054961 0.88885997082300017 0.5665807560137458 0.015463917525773198 0.59927910738750012
decision_type=2 2 2 2 2 2
left_child=-1 4 -3 -4 5 -2
right_child=1 2 3 -5 -6 -7
leaf_value=0.00066763416327258475 0.0073557877868179597 -0.0049993475043491739 0.0073369586970984634 0.086978373202643372 0.01201926026610071 -0.0052684437127839719
leaf_weight=1399.8430169866187 63.2743530923035 313.74219979299232 13.325331234023903 0.79145554825663644 50.550658614956774 131.26182515698019
leaf_count=127419 5134 32091 1273 52 4035 10996
internal_value=9.24242e-06 -0.00159773 -0.00399133 0.0172604 0.00160746 -0.0011457
internal_weight=1972.79 572.946 327.859 14.1168 245.087 194.536
internal_count=181000 53581 33416 1325 20165 16130
is_linear=0
shrinkage=0.03


Tree=166
num_leaves=7
num_cat=0
split_feature=22 11 12 19 14 14
split_gain=2.324 7.10509 5.71075 6.2115 6.12918 5.63327
threshold=0.7960849604575001 0.11683848797250861 0.022336769759450179 0.60579156770600007 0.012027491408934722 0.093213058419244002
decision_type=2 2 2 2 2 2
left_child=1 2 3 4 -1 -4
right_child=-2 -3 5 -5 -6 -7
leaf_value=0.037877031101378439 0.00042184356475148687 -0.015949048319042154 -0.013461214935230026 -0.0032896670650739398 0.0024571286327158127 0.033475987255136196
leaf_weight=5.5903709251433638 1701.5061889452627 30.555487466044724 2.5913732075132412 211.78343941143248 13.674516093917189 7.0094462875276804
leaf_count=377 143040 4424 361 30220 1594 984
internal_value=1.03284e-05 -0.00256353 -0.000804993 -0.00178543 0.0140973 0.0207323
internal_weight=1972.71 271.205 240.649 231.048 19.2649 9.60082
internal_count=181000 37960 33536 32191 1971 1345
is_linear=0
shrinkage=0.03


Tree=167
num_leaves=7
num_cat=0
split_feature=12 5 20 22 20 23
split_gain=2.32959 2.2873 3.12337 2.67032 5.6454 8.64404
threshold=0.027061855670103083 4.5000000000000009 0.88303650003200007 0.95971365157300015 0.71024885765300005 0.90224927400350008
decision_type=2 2 2 2 2 2
left_child=1 3 -3 -1 5 -5
right_child=-2 2 -4 4 -6 -7
leaf_value=-0.00015595131037311337 -0.019378265103625694 0.025147893098088316 -0.022395808167432446 -0.009800817431014068 0.0030573434299921692 0.06717616078346729
leaf_weight=1837.9421948065283 4.5615832457551724 0.62809885153546829 6.6050309875281528 1.9042893247678869 118.97795780398883 2.0697069754824042
leaf_count=173719 720 69 765 88 5555 84
internal_value=1.04493e-05 6.52053e-05 -0.0157143 0.000131391 0.00439332 0.0357352
internal_weight=1972.69 1968.13 7.23313 1960.89 122.952 3.974
internal_count=181000 180280 834 179446 5727 172
is_linear=0
shrinkage=0.03


Tree=168
num_leaves=7
num_cat=0
split_feature=42 19 21 23 14 14
split_gain=2.28049 2.34149 4.42728 14.8407 6.87387 6.61268
threshold=1.0000000180025095e-35 0.74134521230250006 0.67257396936650016 0.82712268226950014 0.010309278350515485 0.09493127147766324
decision_type=2 2 2 2 2 2
left_child=1 -1 3 5 -5 -3
right_child=-2 2 -4 4 -6 -7
leaf_value=-0.00046339610765016621 -0.022588518483732715 0.014785448798520749 -0.0034490035024010916 -0.0040586454933307778 0.0058476909326831174 0.073937307136253683
leaf_weight=1572.5146968170302 3.0105386909563085 4.3135711057111612 96.62802903924603 90.385497571900487 203.06820673216134 2.7405046201311052
leaf_count=156932 1133 296 6882 4575 10985 197
internal_value=1.0681e-05 5.6668e-05 0.00211193 0.00390555 0.00279306 0.0440928
internal_weight=1972.66 1969.65 397.136 300.508 293.454 7.05408
internal_count=181000 179867 22935 16053 15560 493
is_linear=0
shrinkage=0.03


Tree=169
num_leaves=7
num_cat=0
split_feature=5 21 0 11 22 22
split_gain=2.26386 4.45969 6.47423 5.50434 4.84828 4.77746
threshold=1.5000000000000002 0.70410351359900003 0.58571428571428574 0.014175257731958714 0.95971365157300015 0.7680152497695002
decision_type=2 2 2 2 2 2
left_child=-1 5 4 -4 -3 -2
right_child=1 2 3 -5 -6 -7
leaf_value=0.0005620375341374897 -0.019523434703027687 -0.015936727647883196 -0.013860888045935714 0.057476102733097521 0.03510110181351301 -0.0017660839142162885
leaf_weight=1524.8130272343988 13.106165426666847 5.2631722259102371 0.83867610839661244 3.099825834739022 1.2908856498543171 424.20755614305381
leaf_count=138196 2408 542 87 270 65 39432
internal_value=1.11296e-05 -0.00186182 0.0165981 0.0425547 -0.0025684 -0.00234159
internal_weight=1972.62 447.806 10.4926 3.9385 6.55406 437.314
internal_count=181000 42804 964 357 607 41840
is_linear=0
shrinkage=0.03


Tree=170
num_leaves=7
num_cat=0
split_feature=11 20 2 0 14 0
split_gain=2.25422 6.60422 6.16854 6.54143 9.09607 6.71805
threshold=0.0090206185567010284 0.72203917360000014 1.0000000180025095e-35 1.0000000180025095e-35 0.019329896907216485 0.2678571428571429
decision_type=2 2 2 2 2 2
left_child=1 -1 -3 4 -4 -5
right_child=-2 2 3 5 -6 -7
leaf_value=0.01469419475070838 -0.00032891433303790794 -0.0024587739918709448 -0.0066008263224435187 -0.019769915035432999 0.046554093824023139 0.013703262733276798
leaf_weight=34.860521491151303 1773.7014622567222 131.03021197277121 4.0381809753598628 7.4502558126114335 7.57377371750772 13.949718200135974
leaf_count=2695 163577 12054 309 610 600 1155
internal_value=1.12847e-05 0.00303146 0.000478997 0.011869 0.0290112 0.00168746
internal_weight=1972.6 198.903 164.042 33.0119 11.612 21.4
internal_count=181000 17423 14728 2674 909 1765
is_linear=0
shrinkage=0.03


Tree=171
num_leaves=7
num_cat=0
split_feature=12 21 18 0 23 14
split_gain=2.25473 5.18755 5.37635 4.86271 5.56331 5.50794
threshold=0.0017182130584192659 0.66433860921650012 0.92466193826550003 0.22500000000000003 0.88701932103250014 0.019329896907216485
decision_type=2 2 2 2 2 2
left_child=1 3 -3 -1 5 -5
right_child=-2 2 -4 4 -6 -7
leaf_value=6.5185698802222461e-05 -0.00055284806661870403 -0.012004398066792848 0.013079872747391129 0.01467654388847882 -0.0073036124261789482 0.0034670858065349633
leaf_weight=235.69871551275719 1506.5415135521907 39.788688611704856 8.6054783754516375 71.375861645094119 22.026135653024539 88.554164408356883
leaf_count=18460 143568 3782 422 5085 915 8768
internal_value=1.14149e-05 0.00183272 -0.0073694 0.00291403 0.00658379 0.00852992
internal_weight=1972.59 466.049 48.3942 417.655 181.956 159.93
internal_count=181000 37432 4204 33228 14768 13853
is_linear=0
shrinkage=0.03


Tree=172
num_leaves=7
num_cat=0
split_feature=12 1 13 13 21 20
split_gain=2.24952 2.24268 2.26818 8.10169 4.86425 5.54848
threshold=0.027061855670103083 1.0000000180025095e-35 0.0094501718213058448 1.0000000180025095e-35 0.63411227267100012 0.79247385865700004
decision_type=2 2 2 2 2 2
left_child=1 2 3 -1 5 -5
right_child=-2 -3 -4 4 -6 -7
leaf_value=0.00029839620183203772 -0.019197560233247795 -0.022497062960570195 -0.0024242841511856583 0.031952405335654979 0.040660292492513586 -0.0070718592572206621
leaf_weight=1674.5587677379372 4.4718624695669851 2.9573367995908475 272.67676105850842 4.2807477947790193 5.7336845491081467 7.9274628425482661
leaf_count=151830 720 994 26376 264 329 487
internal_value=1.10598e-05 6.44314e-05 0.000109808 0.000519263 0.0200293 0.00799494
internal_weight=1972.61 1968.13 1965.18 1692.5 17.9419 12.2082
internal_count=181000 180280 179286 152910 1080 751
is_linear=0
shrinkage=0.03


Tree=173
num_leaves=7
num_cat=0
split_feature=46 27 12 0 18 21
split_gain=2.21146 3.93596 3.81771 3.52894 3.52647 5.22483
threshold=1.0000000180025095e-35 1.0000000180025095e-35 0.024484536082474227 0.15476190476190479 0.76424390776850004 0.51476925805250018
decision_type=2 2 2 2 2 2
left_child=1 -1 4 -4 -2 -6
right_child=2 -3 3 -5 5 -7
leaf_value=0.00034572523622867222 -0.018263926153376613 -0.024753227762817218 -0.012964050514639482 0.049406880698096678 0.031473641723806123 -0.0039779228783444528
leaf_weight=1846.1530791164842 14.105428450275211 4.6404640584951258 0.74717811774462406 1.2605511010624466 2.8876700028777114 102.81105844082776
leaf_count=162978 2340 1764 77 107 284 13450
internal_value=1.09172e-05 0.000269462 -0.00388758 0.0296025 -0.00468922 -0.00272349
internal_weight=1972.61 1850.79 121.812 2.00773 119.804 105.699
internal_count=181000 164742 16258 184 16074 13734
is_linear=0
shrinkage=0.03


Tree=174
num_leaves=7
num_cat=0
split_feature=14 12 11 11 21 21
split_gain=2.2055 8.46587 6.49942 8.09487 6.49016 9.67688
threshold=0.0017182130584192936 0.011597938144329885 0.033505154639175229 0.060996563573883118 0.52861625513850019 0.58014394450050011
decision_type=2 2 2 2 2 2
left_child=1 2 -1 4 -4 -6
right_child=-2 -3 3 -5 5 -7
leaf_value=-0.0023090761465816077 -0.00029943221225356182 -0.01194754966202353 -0.015788998266812026 0.0037094453916876277 0.052786445441762878 0.015295100069782923
leaf_weight=52.216586760361679 1801.0775985379005 26.805294681689702 3.0882606958039096 56.8715065701399 8.002465150319038 24.541920554940589
leaf_count=3877 167460 3117 188 4137 507 1714
internal_value=1.07973e-05 0.00325116 0.00612895 0.0108658 0.0218746 0.0258128
internal_weight=1972.6 171.526 144.721 92.5042 35.6326 32.5444
internal_count=181000 13540 10423 6546 2409 2221
is_linear=0
shrinkage=0.03


Tree=175
num_leaves=7
num_cat=0
split_feature=12 5 17 20 23 12
split_gain=2.1828 2.19296 5.56391 3.77151 3.87089 4.51019
threshold=0.027061855670103083 3.5000000000000004 0.18298969072164953 0.90295990067750009 0.87355936357550013 0.0085910652920962189
decision_type=2 2 2 2 2 2
left_child=1 -1 -3 -4 5 -5
right_child=-2 2 3 4 -6 -7
leaf_value=0.00019581923856834958 -0.019042144439517412 -0.011311281197634037 -0.013917493116589966 0.08517180989782118 -0.010470605507110891 -0.0085864117857908494
leaf_weight=1935.1139707872062 4.3968532421858972 30.508209043764509 0.84188781585544292 0.81895384169183649 0.51569580100476731 0.39324160432443023
leaf_count=176842 720 3261 71 50 22 34
internal_value=1.08525e-05 6.30645e-05 -0.00748114 0.0284208 0.0465892 0.0646239
internal_weight=1972.59 1968.19 33.078 2.56978 1.72789 1.2122
internal_count=181000 180280 3438 177 106 84
is_linear=0
shrinkage=0.03


Tree=176
num_leaves=7
num_cat=0
split_feature=22 20 23 18 21 11
split_gain=2.15905 5.41308 7.8224 6.09132 6.78417 5.47241
threshold=0.95971365157300015 0.71024885765300005 0.90224927400350008 0.82163345658600007 0.55220712078750012 0.064862542955326494
decision_type=2 2 2 2 2 2
left_child=-1 2 -2 -4 -5 -3
right_child=1 5 3 4 -6 -7
leaf_value=-0.00024826524720653574 -0.009683550785477963 0.0068060002402470969 4.1960948133152446e-05 0.11360760604976022 -0.0082325447220810283 -0.0068052490924449703
leaf_weight=1847.5483781467774 1.8886758759617794 82.975335822207853 0.96888640616089139 0.87472558021545388 0.36388312093913555 37.970849646255374
leaf_count=175162 88 3855 37 33 14 1811
internal_value=1.07744e-05 0.00380979 0.0341168 0.0629268 0.0901251 0.00251201
internal_weight=1972.59 125.042 4.09617 2.2075 1.23861 120.946
internal_count=181000 5838 172 84 47 5666
is_linear=0
shrinkage=0.03


Tree=177
num_leaves=7
num_cat=0
split_feature=42 19 18 14 21 23
split_gain=2.15211 2.22493 4.17329 6.18213 7.49849 11.6618
threshold=1.0000000180025095e-35 0.74134521230250006 0.91183276234700006 0.012027491408934722 0.66833477996950019 0.82712268226950014
decision_type=2 2 2 2 2 2
left_child=1 -1 3 -3 5 -5
right_child=-2 2 -4 4 -6 -7
leaf_value=-0.00045177800893760083 -0.022323431022979717 -0.0024996113525953012 -0.003197480454421823 0.061497905784719337 -0.002736236041708872 0.0088023369881409935
leaf_weight=1571.8652331305202 2.8750157040776676 93.988270132802427 100.7295983833028 2.9190659744199356 54.229282562504523 145.9097123616375
leaf_count=156932 1133 5212 5432 194 4202 7895
internal_value=1.17765e-05 5.56898e-05 0.00205712 0.00384373 0.00677769 0.0102394
internal_weight=1972.52 1969.64 397.776 297.046 203.058 148.829
internal_count=181000 179867 22935 17503 12291 8089
is_linear=0
shrinkage=0.03


Tree=178
num_leaves=7
num_cat=0
split_feature=10 14 20 17 14 17
split_gain=2.16025 4.63168 7.69805 10.1027 7.29657 7.265
threshold=0.16151202749140894 0.022766323024054961 0.88885997082300017 0.5665807560137458 0.010309278350515485 0.15549828178694161
decision_type=2 2 2 2 2 2
left_child=-1 4 -3 -4 -2 -6
right_child=1 2 3 -5 5 -7
leaf_value=0.00064613615712703042 -0.0028249719728845246 -0.004877315339183912 0.0073051498182103939 0.082761428104153045 0.015518387707710583 -0.00033450516524669488
leaf_weight=1400.7205070495838 142.36374248139327 312.2332733606454 13.336672690347765 0.85775179322809059 51.167486010119319 51.819719034479931
leaf_count=127419 11839 32091 1273 52 3985 4341
internal_value=1.18241e-05 -0.0015405 -0.00387645 0.0170116 0.00157048 0.00761523
internal_weight=1972.5 571.779 326.428 14.1944 245.351 102.987
internal_count=181000 53581 33416 1325 20165 8326
is_linear=0
shrinkage=0.03


Tree=179
num_leaves=7
num_cat=0
split_feature=11 14 17 18 0 20
split_gain=2.14112 6.22661 17.5368 13.0695 8.61073 8.51963
threshold=0.0090206185567010284 0.12585910652920965 0.2242268041237114 0.82163345658600007 0.18333333333333338 0.83419691398750018
decision_type=2 2 2 2 2 2
left_child=1 -1 3 -3 -4 -5
right_child=-2 2 4 5 -6 -7
leaf_value=0.0013242359234374983 -0.00031925316110541034 -0.026119434994972268 0.10124692066934343 0.057269116608384678 -0.00024070577109221682 -0.003970401403279338
leaf_weight=183.15724977815989 1773.0712867422262 6.2260417166398856 1.9654756649397307 3.4484532368369401 1.0018804569263009 3.5592957683838904
leaf_count=15835 163577 698 178 256 93 363
internal_value=1.27544e-05 0.00295245 0.0202126 0.0033664 0.0755575 0.0295535
internal_weight=1972.43 199.358 16.2011 13.2338 2.96736 7.00775
internal_count=181000 17423 1588 1317 271 619
is_linear=0
shrinkage=0.03


Tree=180
num_leaves=7
num_cat=0
split_feature=14 12 11 11 17 21
split_gain=2.13179 8.01805 6.08743 7.37536 6.29452 5.49995
threshold=0.0017182130584192936 0.011597938144329885 0.033505154639175229 0.060996563573883118 0.2242268041237114 0.52861625513850019
decision_type=2 2 2 2 2 2
left_child=1 2 -1 4 5 -4
right_child=-2 -3 3 -5 -6 -7
leaf_value=-0.0022235917426400853 -0.00029123882728664504 -0.011708804418261762 -0.012968102260860577 0.0036573540427820698 -0.0074663124809710834 0.029743347158850745
leaf_weight=52.057787747122347 1800.5523913695943 26.453875065606553 2.4340976118110147 56.958074088674039 5.5292182934936127 28.356895156786777
leaf_count=3877 167460 3117 147 4137 395 1867
internal_value=1.40623e-05 0.00319713 0.00597176 0.0105206 0.0208972 0.0260652
internal_weight=1972.34 171.79 145.336 93.2783 36.3202 30.791
internal_count=181000 13540 10423 6546 2409 2014
is_linear=0
shrinkage=0.03


Tree=181
num_leaves=7
num_cat=0
split_feature=5 21 0 12 22 11
split_gain=2.12243 4.26482 5.90364 7.23297 7.02698 5.01606
threshold=1.5000000000000002 0.70410351359900003 0.64583333333333337 0.003436426116838504 0.95971365157300015 0.014175257731958714
decision_type=2 2 2 2 2 2
left_child=-1 -2 4 -4 -3 -5
right_child=1 2 3 5 -6 -7
leaf_value=0.0005461614167983109 -0.0022749836803903994 -0.01674606616044385 -0.015247519598015126 -0.0096543618048732707 0.04256405038418741 0.078730737150721264
leaf_weight=1525.5167620572029 436.25957776774885 5.6354637288022769 1.0022410952951761 0.46614355954807285 1.4662775518372653 2.0266975390259176
leaf_count=138196 41840 581 89 52 70 172
internal_value=1.3395e-05 -0.00180257 0.0161654 0.0430716 -0.000758251 0.0641711
internal_weight=1972.37 446.856 10.5968 3.49508 7.10174 2.49284
internal_count=181000 42804 964 313 651 224
is_linear=0
shrinkage=0.03


Tree=182
num_leaves=7
num_cat=0
split_feature=1 39 0 21 21 18
split_gain=2.12187 2.19331 3.88395 5.13551 3.94956 3.15558
threshold=1.0000000180025095e-35 1.0000000180025095e-35 0.2678571428571429 0.5628155540205001 0.58997616203800007 0.79455902854850013
decision_type=2 2 2 2 2 2
left_child=1 -1 3 -3 5 -5
right_child=-2 2 -4 4 -6 -7
leaf_value=8.339761324222375e-06 -0.022262900833673091 -0.013907352938200579 -0.016306660799599602 -0.0045089403230917256 0.0098611361182615303 0.10866025507501036
leaf_weight=1965.7592576092575 2.8406543183373278 0.84598353039473284 1.1672614368144421 0.17500566504895676 1.2448284085839985 0.29727363726124167
leaf_count=179600 1000 91 154 20 110 25
internal_value=1.40297e-05 5.74423e-05 0.0204609 0.0370824 0.0580767 0.0921456
internal_weight=1972.33 1969.49 3.73035 2.56309 1.71711 0.472279
internal_count=181000 180000 400 246 155 45
is_linear=0
shrinkage=0.03


Tree=183
num_leaves=7
num_cat=0
split_feature=5 20 19 0 19 21
split_gain=2.10834 3.06093 2.46027 5.23384 7.65325 7.65571
threshold=4.5000000000000009 0.88303650003200007 0.72597981719550009 0.18333333333333338 0.72825261664250018 0.63411227267100012
decision_type=2 2 2 2 2 2
left_child=2 -2 -1 -4 5 -5
right_child=1 -3 3 4 -6 -7
leaf_value=-0.00065058026990949275 0.024883586733720695 -0.022157560387182928 -0.00225038298144532 0.0044482783116906793 0.0025712129236598841 0.03963265840997842
leaf_weight=1336.8767566081951 0.63583252392709155 6.3899731799028814 208.78557988419197 12.740410825936126 397.56977157585789 9.3001391148427484
leaf_count=139815 69 765 12831 821 25685 1014
internal_value=1.45028e-05 -0.0153303 7.7129e-05 0.00162386 0.00355234 0.0203703
internal_weight=1972.3 7.02581 1965.27 628.396 419.61 22.0405
internal_count=181000 834 180166 40351 27520 1835
is_linear=0
shrinkage=0.03


Tree=184
num_leaves=7
num_cat=0
split_feature=12 11 20 20 4 21
split_gain=2.10589 2.10315 6.10774 5.77601 9.53589 7.85432
threshold=0.027061855670103083 0.0090206185567010284 0.72203917360000014 0.71644968354400007 1.0000000180025095e-35 0.53423601144300015
decision_type=2 2 2 2 2 2
left_child=1 2 3 5 -5 -1
right_child=-2 -3 -4 4 -6 -7
leaf_value=0.021616202031364273 -0.018854463774240542 -0.00026422739743918656 0.00050966476118648966 0.07468923559430235 -0.016052245198894945 -0.0076944818875556006
leaf_weight=18.575785216875374 4.3089471348794168 1768.7940273034619 163.85942417650949 2.1429705475457008 1.1083393236622212 13.495387168601154
leaf_count=1376 720 162936 14659 176 81 1052
internal_value=1.4605e-05 6.54742e-05 0.00298002 0.0141103 0.0472566 0.0094227
internal_weight=1972.28 1967.98 199.182 35.3225 3.25131 32.0712
internal_count=181000 180280 17344 2685 257 2428
is_linear=0
shrinkage=0.03


Tree=185
num_leaves=7
num_cat=0
split_feature=13 13 12 17 12 22
split_gain=2.09921 7.62953 5.00508 4.8076 6.43038 5.46332
threshold=0.0094501718213058448 0.0042955326460481129 0.016752577319587656 0.15549828178694161 0.0064432989690721707 0.82932425596850001
decision_type=2 2 2 2 2 2
left_child=1 -1 -2 -3 5 -5
right_child=2 3 -4 4 -6 -7
leaf_value=0.00026934878021296545 -0.0013194577560892737 0.0052528086061947891 -0.017405083348066133 -0.0082954231513834471 -0.0028466796148262177 0.09579967468824023
leaf_weight=1692.6390622302424 254.97078054281883 4.0194239178672424 17.705622614419553 0.37628290522843633 1.1801879770355297 1.3760114479809997
leaf_count=154012 24165 228 2420 36 76 63
internal_value=1.4812e-05 0.000407237 -0.00242372 0.0297242 0.0534009 0.0785542
internal_weight=1972.27 1699.59 272.676 6.95191 2.93248 1.75229
internal_count=181000 154415 26585 403 175 99
is_linear=0
shrinkage=0.03


Tree=186
num_leaves=7
num_cat=0
split_feature=42 5 21 0 11 22
split_gain=2.0898 2.05845 4.12463 5.46102 4.64653 4.58437
threshold=1.0000000180025095e-35 1.5000000000000002 0.70410351359900003 0.58571428571428574 0.014175257731958714 0.7680152497695002
decision_type=2 2 2 2 2 2
left_child=1 -1 5 -4 -5 -3
right_child=-2 2 3 4 -6 -7
leaf_value=0.00058293395016156986 -0.022186275152725265 -0.019248873420704273 -0.0022169984753251533 -0.013611393771807215 0.05152028633523429 -0.0016406796020556546
leaf_weight=1523.6660014627269 2.8083851914270772 12.755880640470421 6.4569753983523679 0.81149441900197405 3.3956119264476001 422.33286762202624
leaf_count=137328 1133 2397 587 84 261 39210
internal_value=1.53155e-05 5.82185e-05 -0.00173265 0.0158842 0.0387559 -0.00219987
internal_weight=1972.23 1969.42 445.753 10.6641 4.20711 435.089
internal_count=181000 179867 42539 932 345 41607
is_linear=0
shrinkage=0.03


Tree=187
num_leaves=7
num_cat=0
split_feature=46 12 27 18 21 18
split_gain=2.06947 3.70305 3.66639 3.4175 4.88719 3.7351
threshold=1.0000000180025095e-35 0.024484536082474227 1.0000000180025095e-35 0.76424390776850004 0.51476925805250018 0.77155824520450011
decision_type=2 2 2 2 2 2
left_child=2 3 -1 -2 5 -5
right_child=1 -3 -4 4 -6 -7
leaf_value=0.00033597595920003626 -0.018053499868074582 0.029062358260521982 -0.024483321181486589 0.066560823579745756 -0.0038695138028779414 0.0047391332472444129
leaf_weight=1846.6463804629166 13.847464749822391 2.0347076584585002 4.3724478090298353 0.55177400214597527 102.38468656258192 2.4278463241644204
leaf_count=162978 2340 184 1764 65 13450 219
internal_value=1.46257e-05 -0.00376591 0.00026416 -0.00456332 -0.00263731 0.0300361
internal_weight=1972.27 121.246 1851.02 119.212 105.364 2.97962
internal_count=181000 16258 164742 16074 13734 284
is_linear=0
shrinkage=0.03


Tree=188
num_leaves=7
num_cat=0
split_feature=12 21 18 17 0 11
split_gain=2.04551 4.99228 4.80708 5.98026 5.19508 5.00875
threshold=0.0017182130584192659 0.6363794745100001 0.92466193826550003 0.11597938144329899 0.41428571428571431 0.039948453608247454
decision_type=2 2 2 2 2 2
left_child=1 -1 4 5 -3 -4
right_child=-2 2 3 -5 -6 -7
leaf_value=0.0035903118515966102 -0.00052354534371946624 -0.0022846225293176215 -0.020622738606992336 0.038273116511178477 -0.01847159181440583 0.016713639310651507
leaf_weight=345.00835772859864 1504.9927126516704 85.320952024194412 5.0321946509648097 4.2210214706137767 21.6906185625121 5.9718769364990294
leaf_count=27124 143568 7439 258 170 2155 286
internal_value=1.49144e-05 0.0017467 -0.00344372 0.0118304 -0.00570626 -0.000656022
internal_weight=1972.24 467.245 122.237 15.2251 107.012 11.0041
internal_count=181000 37432 10308 714 9594 544
is_linear=0
shrinkage=0.03


Tree=189
num_leaves=7
num_cat=0
split_feature=12 5 14 22 20 23
split_gain=2.04076 2.00957 3.08645 2.32177 5.02968 7.27093
threshold=0.027061855670103083 4.5000000000000009 1.0000000180025095e-35 0.95971365157300015 0.71024885765300005 0.90224927400350008
decision_type=2 2 2 2 2 2
left_child=1 3 -3 -1 5 -5
right_child=-2 2 -4 4 -6 -7
leaf_value=-0.00014416496811161332 -0.018691751944893271 0.02545643800327985 -0.021998521404126187 -0.0095676392747981506 0.002805347791273425 0.06008966541365858
leaf_weight=1837.1016798575292 4.2348601550329468 0.6172441269736727 6.2651851031696424 1.8733253693208087 119.84946994762868 2.3063552137464285
leaf_count=173719 720 44 790 88 5555 84
internal_value=1.45542e-05 6.42798e-05 -0.015053 0.000124977 0.00408074 0.0330497
internal_weight=1972.25 1968.01 6.88243 1961.13 124.029 4.17968
internal_count=181000 180280 834 179446 5727 172
is_linear=0
shrinkage=0.03


Tree=190
num_leaves=7
num_cat=0
split_feature=1 39 0 21 14 46
split_gain=2.00501 2.19957 3.77803 4.92911 3.76454 2.78224
threshold=1.0000000180025095e-35 1.0000000180025095e-35 0.2678571428571429 0.5628155540205001 0.01374570446735396 1.0000000180025095e-35
decision_type=2 2 2 2 2 2
left_child=1 5 3 -3 -5 -1
right_child=-2 2 -4 4 -6 -7
leaf_value=0.00029115939952993153 -0.021998903927878913 -0.013758959599352747 -0.01615139063001287 -0.0088131474576858323 0.072119347016512195 -0.0044703504249799988
leaf_weight=1849.3320129023632 2.7167526169796465 0.82975940825417627 1.143798114499077 0.40858956845477212 1.3446879456751046 116.45644213724881
leaf_count=163875 1000 91 154 37 118 15725
internal_value=1.45892e-05 5.61033e-05 0.0204962 0.0367029 0.0569079 6.95047e-06
internal_weight=1972.23 1969.52 3.72684 2.58304 1.75328 1965.79
internal_count=181000 180000 400 246 155 179600
is_linear=0
shrinkage=0.03


Tree=191
num_leaves=7
num_cat=0
split_feature=10 19 18 0 22 11
split_gain=1.99273 4.3437 5.55734 11.7879 10.5628 7.8769
threshold=0.16151202749140894 0.64108646047350015 0.79201446106450013 0.18333333333333338 0.8527719821555001 0.10781786941580761
decision_type=2 2 2 2 2 2
left_child=-1 -2 3 5 -5 -3
right_child=1 2 -4 4 -6 -7
leaf_value=0.00062256185020482895 -0.018643730345855519 0.026855299607635899 -0.0019786409606964441 -0.018041566727753085 0.04525820276162907 -0.01712672288753762
leaf_weight=1401.7114175659372 11.971392288338391 24.215183420921679 512.72296134161297 16.263577054487545 1.7808996625244606 3.5864366597961626
leaf_count=127419 1707 3047 45832 2403 146 446
internal_value=1.41763e-05 -0.00147899 -0.00107845 0.00881626 -0.00974579 0.0207839
internal_weight=1972.25 570.54 558.569 45.8461 18.0445 27.8016
internal_count=181000 53581 51874 6042 2549 3493
is_linear=0
shrinkage=0.03


Tree=192
num_leaves=7
num_cat=0
split_feature=14 12 21 11 0 11
split_gain=1.98369 7.51606 5.69979 6.18477 4.98557 7.11067
threshold=0.0017182130584192936 0.011597938144329885 0.58014394450050011 0.011168384879725076 0.30952380952380959 0.042955326460481093
decision_type=2 2 2 2 2 2
left_child=1 2 3 -1 5 -4
right_child=-2 -3 4 -5 -6 -7
leaf_value=-0.015262020104998632 -0.00028130921958203554 -0.011466909755926511 -0.015220775252791974 0.018061294964365964 0.0092807873969403491 0.0056763167195920785
leaf_weight=4.9141214252449563 1799.9034694759175 26.105878640897572 26.525881231762469 41.577252561692148 42.734706629416905 30.517379912198521
leaf_count=323 167460 3117 1993 2745 3139 2223
internal_value=1.37524e-05 0.00307857 0.00573486 0.0142918 0.0016455 -0.00413593
internal_weight=1972.28 172.375 146.269 46.4914 99.778 57.0433
internal_count=181000 13540 10423 3068 7355 4216
is_linear=0
shrinkage=0.03


Tree=193
num_leaves=7
num_cat=0
split_feature=11 2 0 14 20 0
split_gain=1.99592 6.00729 6.70831 7.2505 8.10722 6.81991
threshold=0.0090206185567010284 1.0000000180025095e-35 1.0000000180025095e-35 0.019329896907216485 0.6367822606875001 0.2678571428571429
decision_type=2 2 2 2 2 2
left_child=1 -1 3 4 -3 -4
right_child=-2 2 5 -5 -6 -7
leaf_value=-2.0814810452049192e-05 -0.00030813743222606971 0.061191953408067996 -0.020248188126242198 0.036321923266264773 -0.011947146287464407 0.012031718970710988
leaf_weight=153.93263861874584 1772.3388750284212 0.64064736757427709 7.8454559487290707 13.820799165172501 7.0903504085727036 16.647371659404598
leaf_count=13847 163577 39 647 1048 503 1339
internal_value=1.29855e-05 0.00284637 0.0122284 0.0240361 0.000428109 0.00130326
internal_weight=1972.32 199.977 46.0446 21.5518 7.731 24.4928
internal_count=181000 17423 3576 1590 542 1986
is_linear=0
shrinkage=0.03


Tree=194
num_leaves=7
num_cat=0
split_feature=13 13 12 21 22 22
split_gain=1.97317 7.2367 4.79597 4.69712 5.88617 8.59359
threshold=0.0094501718213058448 0.0042955326460481129 0.016752577319587656 0.60583750187850016 0.94773452800850011 0.82932425596850001
decision_type=2 2 2 2 2 2
left_child=1 -1 -2 -3 5 -5
right_child=2 3 -4 4 -6 -7
leaf_value=0.00025811296927769219 -0.0012809356607078705 0.0022862288549488994 -0.017162933636988426 -0.012744120822156991 -0.01327208925343217 0.087373167286983119
leaf_weight=1693.1968914449681 254.62762385694077 3.5631688598077735 17.365199636726175 0.72578452934976745 0.74274643580429245 2.0536291906610131
leaf_count=154012 24165 200 2420 80 23 100
internal_value=1.35638e-05 0.000393473 -0.00235407 0.0287081 0.0490212 0.064775
internal_weight=1972.28 1700.28 271.993 7.08533 3.52216 2.77941
internal_count=181000 154415 26585 403 203 180
is_linear=0
shrinkage=0.03


Tree=195
num_leaves=7
num_cat=0
split_feature=42 19 18 14 21 23
split_gain=1.96953 2.05277 4.01882 5.84389 7.02458 10.5694
threshold=1.0000000180025095e-35 0.74134521230250006 0.91183276234700006 0.012027491408934722 0.66833477996950019 0.82712268226950014
decision_type=2 2 2 2 2 2
left_child=1 -1 3 -3 5 -5
right_child=-2 2 -4 4 -6 -7
leaf_value=-0.0004335669623913028 -0.021910179291027791 -0.0024571596490847356 -0.0031860101621759163 0.057633396716186287 -0.0026729247961767779 0.0084960295217265877
leaf_weight=1570.8319257796975 2.6809486134443423 93.842727844137698 100.67563169961795 3.0898815542459479 54.102739874273539 147.03498759749345
leaf_count=156932 1133 5212 5432 194 4202 7895
internal_value=1.3688e-05 5.46338e-05 0.00197414 0.00372185 0.00655924 0.00988205
internal_weight=1972.26 1969.58 398.746 298.07 204.228 150.125
internal_count=181000 179867 22935 17503 12291 8089
is_linear=0
shrinkage=0.03


Tree=196
num_leaves=7
num_cat=0
split_feature=12 1 39 17 0 21
split_gain=1.96502 1.94029 2.10456 3.57788 3.20599 3.48113
threshold=0.027061855670103083 1.0000000180025095e-35 1.0000000180025095e-35 0.11597938144329899 0.2678571428571429 0.5628155540205001
decision_type=2 2 2 2 2 2
left_child=1 2 -1 -4 5 -5
right_child=-2 -3 3 4 -6 -7
leaf_value=5.4057689778669825e-05 -0.018496021827071805 -0.021824152998681203 -0.0088904799285988764 -0.0084161853769926364 -0.01038982846091923 0.072078413542980793
leaf_weight=1961.6881491773529 4.1484806081280103 2.6388829314964815 1.8145307681988918 0.38294379832223047 0.52265708823688317 1.0523842447437344
leaf_count=178888 720 994 209 37 71 81
internal_value=1.3636e-05 6.20251e-05 0.000102493 0.0200001 0.0407282 0.0559651
internal_weight=1972.25 1968.1 1965.46 3.77252 1.95799 1.43533
internal_count=181000 180280 179286 398 189 118
is_linear=0
shrinkage=0.03


Tree=197
num_leaves=7
num_cat=0
split_feature=22 23 21 17 11 22
split_gain=1.91587 5.24443 5.34841 5.9846 7.05859 6.39282
threshold=0.78555121310500009 0.7272772877235002 0.61659353574800002 0.12414089347079039 0.075171821305841977 0.7960849604575001
decision_type=2 2 2 2 2 2
left_child=-1 2 -2 4 5 -4
right_child=1 -3 3 -5 -6 -7
leaf_value=-0.0027312078890835336 0.0029101088703709418 0.00017313210488618721 0.08527655715476512 -0.0074083872086430167 -0.013308918146963776 -0.010342689789352657
leaf_weight=204.14314095594455 9.8642903736326826 1752.6819500763668 2.6374678446445614 1.6388998790644107 0.78626191848888982 0.51939180563203979
leaf_count=29200 1247 149828 331 224 106 64
internal_value=1.32264e-05 0.000331456 0.0171935 0.0381574 0.0547636 0.070841
internal_weight=1972.27 1768.13 15.4463 5.58202 3.94312 3.15686
internal_count=181000 151800 1972 725 501 395
is_linear=0
shrinkage=0.03


Tree=198
num_leaves=7
num_cat=0
split_feature=42 19 30 17 18 21
split_gain=1.91216 1.9254 5.12844 7.07727 5.11431 9.13615
threshold=1.0000000180025095e-35 0.72597981719550009 1.0000000180025095e-35 0.11597938144329899 0.83221683974750016 0.65738517839850019
decision_type=2 2 2 2 2 2
left_child=1 2 -1 -4 5 -3
right_child=-2 4 3 -5 -6 -7
leaf_value=-0.00080211246991928947 -0.021770802406874925 0.0033642394184544727 -0.0039201123662325355 0.034461796560990507 0.00081301096577302456 0.040981494997805935
leaf_weight=1320.280419551651 2.6197854488855219 22.007304786704484 8.1305898488499206 7.8107492495328179 604.40111875452567 6.9990758381318292
leaf_count=137299 1133 1315 1215 1047 38276 715
internal_value=1.34976e-05 5.35056e-05 -0.000592253 0.0158099 0.00141457 0.0135043
internal_weight=1972.25 1969.63 1336.22 15.9413 633.407 29.0064
internal_count=181000 179867 139561 2262 40306 2030
is_linear=0
shrinkage=0.03


Tree=199
num_leaves=7
num_cat=0
split_feature=5 17 14 11 12 11
split_gain=1.91572 5.32877 4.24559 3.74295 4.80737 3.5981
threshold=3.5000000000000004 0.12414089347079039 1.0000000180025095e-35 0.015463917525773198 0.0064432989690721707 0.033505154639175229
decision_type=2 2 2 2 2 2
left_child=-1 2 5 4 -3 -2
right_child=1 3 -4 -5 -6 -7
leaf_value=0.00013652583725163819 -0.015816697559140266 0.075119986649080359 -0.016337627813202936 0.00052111606105213651 -0.010837032082627403 0.039542680383879994
leaf_weight=1939.710170922277 1.0733480057679146 0.70779401459731051 24.758407625951804 3.8505840436555445 0.55361389880999923 1.5734414979815481
leaf_count=177560 71 42 2885 301 50 91
internal_value=1.37205e-05 -0.00709736 -0.0123873 0.0186487 0.0492847 0.0189118
internal_weight=1972.23 32.5172 27.4052 5.11199 1.26141 2.64679
internal_count=181000 3440 3047 393 92 162
is_linear=0
shrinkage=0.03


end of trees

feature_importances:
Column_12=127
Column_22=125
Column_14=116
Column_23=85
Column_11=80
Column_21=80
Column_46=73
Column_20=68
Column_5=59
Column_19=53
Column_18=50
Column_13=45
Column_27=44
Column_17=43
Column_0=33
Column_10=30
Column_42=28
Column_2=23
Column_1=22
Column_39=10
Column_30=4
Column_4=2

parameters:
[boosting: gbdt]
[objective: binary]
[metric: binary_logloss]
[tree_learner: serial]
[device_type: cpu]
[data_sample_strategy: bagging]
[data: ]
[valid: ]
[num_iterations: 200]
[learning_rate: 0.03]
[num_leaves: 7]
[num_threads: 1]
[seed: 20260810]
[deterministic: 1]
[force_col_wise: 1]
[force_row_wise: 0]
[histogram_pool_size: -1]
[max_depth: -1]
[min_data_in_leaf: 10]
[min_sum_hessian_in_leaf: 0.001]
[bagging_fraction: 1]
[pos_bagging_fraction: 1]
[neg_bagging_fraction: 1]
[bagging_freq: 0]
[bagging_seed: 20260810]
[bagging_by_query: 0]
[feature_fraction: 1]
[feature_fraction_bynode: 1]
[feature_fraction_seed: 20260810]
[extra_trees: 0]
[extra_seed: 1768]
[early_stopping_round: 0]
[early_stopping_min_delta: 0]
[first_metric_only: 0]
[max_delta_step: 0]
[lambda_l1: 0]
[lambda_l2: 1]
[linear_lambda: 0]
[min_gain_to_split: 0]
[drop_rate: 0.1]
[max_drop: 50]
[skip_drop: 0.5]
[xgboost_dart_mode: 0]
[uniform_drop: 0]
[drop_seed: 23809]
[top_rate: 0.2]
[other_rate: 0.1]
[min_data_per_group: 100]
[max_cat_threshold: 32]
[cat_l2: 10]
[cat_smooth: 10]
[max_cat_to_onehot: 4]
[top_k: 20]
[monotone_constraints: ]
[monotone_constraints_method: basic]
[monotone_penalty: 0]
[feature_contri: ]
[forcedsplits_filename: ]
[refit_decay_rate: 0.9]
[cegb_tradeoff: 1]
[cegb_penalty_split: 0]
[cegb_penalty_feature_lazy: ]
[cegb_penalty_feature_coupled: ]
[path_smooth: 0]
[interaction_constraints: ]
[verbosity: 1]
[saved_feature_importance_type: 0]
[use_quantized_grad: 0]
[num_grad_quant_bins: 4]
[quant_train_renew_leaf: 0]
[stochastic_rounding: 1]
[linear_tree: 0]
[max_bin: 63]
[max_bin_by_feature: ]
[min_data_in_bin: 3]
[bin_construct_sample_cnt: 200000]
[data_random_seed: 20260810]
[is_enable_sparse: 1]
[enable_bundle: 1]
[use_missing: 1]
[zero_as_missing: 0]
[feature_pre_filter: 1]
[pre_partition: 0]
[two_round: 0]
[header: 0]
[label_column: ]
[weight_column: ]
[group_column: ]
[ignore_column: ]
[categorical_feature: ]
[forcedbins_filename: ]
[precise_float_parser: 0]
[parser_config_file: ]
[objective_seed: 18567]
[num_class: 1]
[is_unbalance: 0]
[scale_pos_weight: 1]
[sigmoid: 1]
[boost_from_average: 1]
[reg_sqrt: 0]
[alpha: 0.9]
[fair_c: 1]
[poisson_max_delta_step: 0.7]
[tweedie_variance_power: 1.5]
[lambdarank_truncation_level: 30]
[lambdarank_norm: 1]
[label_gain: ]
[lambdarank_position_bias_regularization: 0]
[eval_at: ]
[multi_error_top_k: 1]
[auc_mu_weights: ]
[num_machines: 1]
[local_listen_port: 12400]
[time_out: 120]
[machine_list_filename: ]
[machines: ]
[gpu_platform_id: -1]
[gpu_device_id: -1]
[gpu_use_dp: 0]
[num_gpu: 1]

end of parameters

pandas_categorical:null
