pair_uid,seller_uid_left,seller_uid_right,review_label,split_name,split_component_id,synthetic_class,synthetic_train_only,benchmark_eligible,usable_for_supervision,usable_for_core_transfer,training_sample_weight
synthetic://step22/v1/positive/p00000/left||synthetic://step22/v1/positive/p00000/right,synthetic://step22/v1/positive/p00000/left,synthetic://step22/v1/positive/p00000/right,positive,train,step22_unlabeled_seller_6e88eeff482999a5f1bf,same_seller_split_positive,1,0,1,0,1.000000000000
synthetic://step22/v1/positive/p00001/left||synthetic://step22/v1/positive/p00001/right,synthetic://step22/v1/positive/p00001/left,synthetic://step22/v1/positive/p00001/right,positive,train,step22_unlabeled_seller_a48c4f0178a71c4ddf48,same_seller_split_positive,1,0,1,0,1.000000000000
synthetic://step22/v1/positive/p00002/left||synthetic://step22/v1/positive/p00002/right,synthetic://step22/v1/positive/p00002/left,synthetic://step22/v1/positive/p00002/right,positive,train,zh_target_strict_cc_0507bae91408c271,same_seller_split_positive,1,0,1,0,1.000000000000
synthetic://step22/v1/positive/p00003/left||synthetic://step22/v1/positive/p00003/right,synthetic://step22/v1/positive/p00003/left,synthetic://step22/v1/positive/p00003/right,positive,train,zh_target_strict_cc_3ea8308794671330,same_seller_split_positive,1,0,1,0,1.000000000000
synthetic://step22/v1/positive/p00004/left||synthetic://step22/v1/positive/p00004/right,synthetic://step22/v1/positive/p00004/left,synthetic://step22/v1/positive/p00004/right,positive,train,step22_unlabeled_seller_3a3952d8e39d07ab02ee,same_seller_split_positive,1,0,1,0,1.000000000000
synthetic://step22/v1/positive/p00005/left||synthetic://step22/v1/positive/p00005/right,synthetic://step22/v1/positive/p00005/left,synthetic://step22/v1/positive/p00005/right,positive,train,step22_unlabeled_seller_831c68358ec7833be3b9,same_seller_split_positive,1,0,1,0,1.000000000000
synthetic://step22/v1/positive/p00006/left||synthetic://step22/v1/positive/p00006/right,synthetic://step22/v1/positive/p00006/left,synthetic://step22/v1/positive/p00006/right,positive,train,zh_target_strict_cc_5ccbcc47c3519a86,same_seller_split_positive,1,0,1,0,1.000000000000
synthetic://step22/v1/positive/p00007/left||synthetic://step22/v1/positive/p00007/right,synthetic://step22/v1/positive/p00007/left,synthetic://step22/v1/positive/p00007/right,positive,train,step22_unlabeled_seller_8241209cb3990f66428f,same_seller_split_positive,1,0,1,0,1.000000000000
synthetic://step22/v1/positive/p00008/left||synthetic://step22/v1/positive/p00008/right,synthetic://step22/v1/positive/p00008/left,synthetic://step22/v1/positive/p00008/right,positive,train,step22_unlabeled_seller_7aca3ab3316b611e1286,same_seller_split_positive,1,0,1,0,1.000000000000
synthetic://step22/v1/positive/p00009/left||synthetic://step22/v1/positive/p00009/right,synthetic://step22/v1/positive/p00009/left,synthetic://step22/v1/positive/p00009/right,positive,train,zh_target_strict_cc_c1b29797a191ad53,same_seller_split_positive,1,0,1,0,1.000000000000
synthetic://step22/v1/positive/p00010/left||synthetic://step22/v1/positive/p00010/right,synthetic://step22/v1/positive/p00010/left,synthetic://step22/v1/positive/p00010/right,positive,train,step22_unlabeled_seller_f79d6e2027e1b86b417a,same_seller_split_positive,1,0,1,0,1.000000000000
synthetic://step22/v1/positive/p00011/left||synthetic://step22/v1/positive/p00011/right,synthetic://step22/v1/positive/p00011/left,synthetic://step22/v1/positive/p00011/right,positive,train,step22_unlabeled_seller_016a21cbcd4269bf7dd4,same_seller_split_positive,1,0,1,0,1.000000000000
synthetic://step22/v1/positive/p00012/left||synthetic://step22/v1/positive/p00012/right,synthetic://step22/v1/positive/p00012/left,synthetic://step22/v1/positive/p00012/right,positive,train,step22_unlabeled_seller_5343c80fb297ee4a19b7,same_seller_split_positive,1,0,1,0,1.000000000000
synthetic://step22/v1/positive/p00013/left||synthetic://step22/v1/positive/p00013/right,synthetic://step22/v1/positive/p00013/left,synthetic://step22/v1/positive/p00013/right,positive,train,step22_unlabeled_seller_ba8201dff549f3864264,same_seller_split_positive,1,0,1,0,1.000000000000
synthetic://step22/v1/positive/p00014/left||synthetic://step22/v1/positive/p00014/right,synthetic://step22/v1/positive/p00014/left,synthetic://step22/v1/positive/p00014/right,positive,train,zh_target_strict_cc_f01f31bc246f92c9,same_seller_split_positive,1,0,1,0,1.000000000000
synthetic://step22/v1/positive/p00015/left||synthetic://step22/v1/positive/p00015/right,synthetic://step22/v1/positive/p00015/left,synthetic://step22/v1/positive/p00015/right,positive,train,step22_unlabeled_seller_cd57cf36c5aaadecdd9f,same_seller_split_positive,1,0,1,0,1.000000000000
synthetic://step22/v1/positive/p00016/left||synthetic://step22/v1/positive/p00016/right,synthetic://step22/v1/positive/p00016/left,synthetic://step22/v1/positive/p00016/right,positive,train,step22_unlabeled_seller_1b53e429c20139fc2aa6,same_seller_split_positive,1,0,1,0,1.000000000000
synthetic://step22/v1/positive/p00017/left||synthetic://step22/v1/positive/p00017/right,synthetic://step22/v1/positive/p00017/left,synthetic://step22/v1/positive/p00017/right,positive,train,step22_unlabeled_seller_83f83289b94004f39cf2,same_seller_split_positive,1,0,1,0,1.000000000000
synthetic://step22/v1/positive/p00018/left||synthetic://step22/v1/positive/p00018/right,synthetic://step22/v1/positive/p00018/left,synthetic://step22/v1/positive/p00018/right,positive,train,step22_unlabeled_seller_2f994d621ea66d9e85ca,same_seller_split_positive,1,0,1,0,1.000000000000
synthetic://step22/v1/positive/p00019/left||synthetic://step22/v1/positive/p00019/right,synthetic://step22/v1/positive/p00019/left,synthetic://step22/v1/positive/p00019/right,positive,train,step22_unlabeled_seller_6856a6fc1c23dbc983bb,same_seller_split_positive,1,0,1,0,1.000000000000
synthetic://step22/v1/positive/p00020/left||synthetic://step22/v1/positive/p00020/right,synthetic://step22/v1/positive/p00020/left,synthetic://step22/v1/positive/p00020/right,positive,train,zh_target_strict_cc_1ace3a6450507803,same_seller_split_positive,1,0,1,0,1.000000000000
synthetic://step22/v1/positive/p00021/left||synthetic://step22/v1/positive/p00021/right,synthetic://step22/v1/positive/p00021/left,synthetic://step22/v1/positive/p00021/right,positive,train,step22_unlabeled_seller_d6fe981d55420d3393b4,same_seller_split_positive,1,0,1,0,1.000000000000
synthetic://step22/v1/positive/p00022/left||synthetic://step22/v1/positive/p00022/right,synthetic://step22/v1/positive/p00022/left,synthetic://step22/v1/positive/p00022/right,positive,train,step22_unlabeled_seller_a18faef46e830ddcba8a,same_seller_split_positive,1,0,1,0,1.000000000000
synthetic://step22/v1/positive/p00023/left||synthetic://step22/v1/positive/p00023/right,synthetic://step22/v1/positive/p00023/left,synthetic://step22/v1/positive/p00023/right,positive,train,step22_unlabeled_seller_0b0fdd66ab7ed9e25e20,same_seller_split_positive,1,0,1,0,1.000000000000
synthetic://step22/v1/positive/p00024/left||synthetic://step22/v1/positive/p00024/right,synthetic://step22/v1/positive/p00024/left,synthetic://step22/v1/positive/p00024/right,positive,train,step22_unlabeled_seller_6b8a7414da7581162946,same_seller_split_positive,1,0,1,0,1.000000000000
synthetic://step22/v1/positive/p00025/left||synthetic://step22/v1/positive/p00025/right,synthetic://step22/v1/positive/p00025/left,synthetic://step22/v1/positive/p00025/right,positive,train,step22_unlabeled_seller_d64f5a8bb947f39b178e,same_seller_split_positive,1,0,1,0,1.000000000000
synthetic://step22/v1/positive/p00026/left||synthetic://step22/v1/positive/p00026/right,synthetic://step22/v1/positive/p00026/left,synthetic://step22/v1/positive/p00026/right,positive,train,step22_unlabeled_seller_c0a16cd2bcfaa75936f5,same_seller_split_positive,1,0,1,0,1.000000000000
synthetic://step22/v1/positive/p00027/left||synthetic://step22/v1/positive/p00027/right,synthetic://step22/v1/positive/p00027/left,synthetic://step22/v1/positive/p00027/right,positive,train,step22_unlabeled_seller_549a2e1116442b606767,same_seller_split_positive,1,0,1,0,1.000000000000
synthetic://step22/v1/positive/p00028/left||synthetic://step22/v1/positive/p00028/right,synthetic://step22/v1/positive/p00028/left,synthetic://step22/v1/positive/p00028/right,positive,train,step22_unlabeled_seller_2faa1a76a5bd9a9349fa,same_seller_split_positive,1,0,1,0,1.000000000000
synthetic://step22/v1/positive/p00029/left||synthetic://step22/v1/positive/p00029/right,synthetic://step22/v1/positive/p00029/left,synthetic://step22/v1/positive/p00029/right,positive,train,step22_unlabeled_seller_b0e70f7f136dab158180,same_seller_split_positive,1,0,1,0,1.000000000000
synthetic://step22/v1/positive/p00030/left||synthetic://step22/v1/positive/p00030/right,synthetic://step22/v1/positive/p00030/left,synthetic://step22/v1/positive/p00030/right,positive,train,step22_unlabeled_seller_c88f183795b96c95c82b,same_seller_split_positive,1,0,1,0,1.000000000000
synthetic://step22/v1/positive/p00031/left||synthetic://step22/v1/positive/p00031/right,synthetic://step22/v1/positive/p00031/left,synthetic://step22/v1/positive/p00031/right,positive,train,zh_target_strict_cc_e60bd09ea06f8cc8,same_seller_split_positive,1,0,1,0,1.000000000000
synthetic://step22/v1/positive/p00032/left||synthetic://step22/v1/positive/p00032/right,synthetic://step22/v1/positive/p00032/left,synthetic://step22/v1/positive/p00032/right,positive,train,zh_target_strict_cc_f65cdcbf3ab490cb,same_seller_split_positive,1,0,1,0,1.000000000000
synthetic://step22/v1/positive/p00033/left||synthetic://step22/v1/positive/p00033/right,synthetic://step22/v1/positive/p00033/left,synthetic://step22/v1/positive/p00033/right,positive,train,step22_unlabeled_seller_818d171283782b6bef73,same_seller_split_positive,1,0,1,0,1.000000000000
synthetic://step22/v1/positive/p00034/left||synthetic://step22/v1/positive/p00034/right,synthetic://step22/v1/positive/p00034/left,synthetic://step22/v1/positive/p00034/right,positive,train,step22_unlabeled_seller_818beaece64b98495be1,same_seller_split_positive,1,0,1,0,1.000000000000
synthetic://step22/v1/positive/p00035/left||synthetic://step22/v1/positive/p00035/right,synthetic://step22/v1/positive/p00035/left,synthetic://step22/v1/positive/p00035/right,positive,train,step22_unlabeled_seller_8a61eb6ad6bf22017fe5,same_seller_split_positive,1,0,1,0,1.000000000000
synthetic://step22/v1/positive/p00036/left||synthetic://step22/v1/positive/p00036/right,synthetic://step22/v1/positive/p00036/left,synthetic://step22/v1/positive/p00036/right,positive,train,step22_unlabeled_seller_fecd03ae7f9927e093fa,same_seller_split_positive,1,0,1,0,1.000000000000
synthetic://step22/v1/positive/p00037/left||synthetic://step22/v1/positive/p00037/right,synthetic://step22/v1/positive/p00037/left,synthetic://step22/v1/positive/p00037/right,positive,train,zh_target_strict_cc_75bf62566023d013,same_seller_split_positive,1,0,1,0,1.000000000000
synthetic://step22/v1/positive/p00038/left||synthetic://step22/v1/positive/p00038/right,synthetic://step22/v1/positive/p00038/left,synthetic://step22/v1/positive/p00038/right,positive,train,step22_unlabeled_seller_bfa034a6938f03a920e5,same_seller_split_positive,1,0,1,0,1.000000000000
synthetic://step22/v1/positive/p00039/left||synthetic://step22/v1/positive/p00039/right,synthetic://step22/v1/positive/p00039/left,synthetic://step22/v1/positive/p00039/right,positive,train,step22_unlabeled_seller_a814dd800f6af775298c,same_seller_split_positive,1,0,1,0,1.000000000000
synthetic://step22/v1/positive/p00040/left||synthetic://step22/v1/positive/p00040/right,synthetic://step22/v1/positive/p00040/left,synthetic://step22/v1/positive/p00040/right,positive,train,step22_unlabeled_seller_51180486c6851a0b632c,same_seller_split_positive,1,0,1,0,1.000000000000
synthetic://step22/v1/positive/p00041/left||synthetic://step22/v1/positive/p00041/right,synthetic://step22/v1/positive/p00041/left,synthetic://step22/v1/positive/p00041/right,positive,train,step22_unlabeled_seller_f5cf200820fb7364f1f6,same_seller_split_positive,1,0,1,0,1.000000000000
synthetic://step22/v1/positive/p00042/left||synthetic://step22/v1/positive/p00042/right,synthetic://step22/v1/positive/p00042/left,synthetic://step22/v1/positive/p00042/right,positive,train,step22_unlabeled_seller_6db30e86478c8c5a4c95,same_seller_split_positive,1,0,1,0,1.000000000000
synthetic://step22/v1/positive/p00043/left||synthetic://step22/v1/positive/p00043/right,synthetic://step22/v1/positive/p00043/left,synthetic://step22/v1/positive/p00043/right,positive,train,zh_target_strict_cc_7da9eb6e659ef940,same_seller_split_positive,1,0,1,0,1.000000000000
synthetic://step22/v1/positive/p00044/left||synthetic://step22/v1/positive/p00044/right,synthetic://step22/v1/positive/p00044/left,synthetic://step22/v1/positive/p00044/right,positive,train,step22_unlabeled_seller_54d6f0628fb5c54dce4a,same_seller_split_positive,1,0,1,0,1.000000000000
synthetic://step22/v1/positive/p00045/left||synthetic://step22/v1/positive/p00045/right,synthetic://step22/v1/positive/p00045/left,synthetic://step22/v1/positive/p00045/right,positive,train,step22_unlabeled_seller_467635525f3881fab2bf,same_seller_split_positive,1,0,1,0,1.000000000000
synthetic://step22/v1/positive/p00046/left||synthetic://step22/v1/positive/p00046/right,synthetic://step22/v1/positive/p00046/left,synthetic://step22/v1/positive/p00046/right,positive,train,step22_unlabeled_seller_e722e71f7ea534053c2d,same_seller_split_positive,1,0,1,0,1.000000000000
synthetic://step22/v1/positive/p00047/left||synthetic://step22/v1/positive/p00047/right,synthetic://step22/v1/positive/p00047/left,synthetic://step22/v1/positive/p00047/right,positive,train,step22_unlabeled_seller_eeb10859dee46b9d0062,same_seller_split_positive,1,0,1,0,1.000000000000
synthetic://step22/v1/positive/p00048/left||synthetic://step22/v1/positive/p00048/right,synthetic://step22/v1/positive/p00048/left,synthetic://step22/v1/positive/p00048/right,positive,train,step22_unlabeled_seller_8e6815b4236778f61466,same_seller_split_positive,1,0,1,0,1.000000000000
synthetic://step22/v1/positive/p00049/left||synthetic://step22/v1/positive/p00049/right,synthetic://step22/v1/positive/p00049/left,synthetic://step22/v1/positive/p00049/right,positive,train,step22_unlabeled_seller_2981c3655ae5ffd50adf,same_seller_split_positive,1,0,1,0,1.000000000000
synthetic://step22/v1/positive/p00050/left||synthetic://step22/v1/positive/p00050/right,synthetic://step22/v1/positive/p00050/left,synthetic://step22/v1/positive/p00050/right,positive,train,step22_unlabeled_seller_074fbaa5b891f4e5a0e0,same_seller_split_positive,1,0,1,0,1.000000000000
synthetic://step22/v1/positive/p00051/left||synthetic://step22/v1/positive/p00051/right,synthetic://step22/v1/positive/p00051/left,synthetic://step22/v1/positive/p00051/right,positive,train,step22_unlabeled_seller_97ad6ad75c67a9683dec,same_seller_split_positive,1,0,1,0,1.000000000000
synthetic://step22/v1/positive/p00052/left||synthetic://step22/v1/positive/p00052/right,synthetic://step22/v1/positive/p00052/left,synthetic://step22/v1/positive/p00052/right,positive,train,step22_unlabeled_seller_1b6d9c9ad38f0b323114,same_seller_split_positive,1,0,1,0,1.000000000000
synthetic://step22/v1/positive/p00053/left||synthetic://step22/v1/positive/p00053/right,synthetic://step22/v1/positive/p00053/left,synthetic://step22/v1/positive/p00053/right,positive,train,step22_unlabeled_seller_066b7351eeb21d873bab,same_seller_split_positive,1,0,1,0,1.000000000000
synthetic://step22/v1/positive/p00054/left||synthetic://step22/v1/positive/p00054/right,synthetic://step22/v1/positive/p00054/left,synthetic://step22/v1/positive/p00054/right,positive,train,zh_target_strict_cc_0b2fd1034506436d,same_seller_split_positive,1,0,1,0,1.000000000000
synthetic://step22/v1/positive/p00055/left||synthetic://step22/v1/positive/p00055/right,synthetic://step22/v1/positive/p00055/left,synthetic://step22/v1/positive/p00055/right,positive,train,step22_unlabeled_seller_6862e673eff936ea2d48,same_seller_split_positive,1,0,1,0,1.000000000000
synthetic://step22/v1/positive/p00056/left||synthetic://step22/v1/positive/p00056/right,synthetic://step22/v1/positive/p00056/left,synthetic://step22/v1/positive/p00056/right,positive,train,step22_unlabeled_seller_3eb0710c2fc20b7b0620,same_seller_split_positive,1,0,1,0,1.000000000000
synthetic://step22/v1/positive/p00057/left||synthetic://step22/v1/positive/p00057/right,synthetic://step22/v1/positive/p00057/left,synthetic://step22/v1/positive/p00057/right,positive,train,zh_target_strict_cc_121ca4c8ff35556e,same_seller_split_positive,1,0,1,0,1.000000000000
synthetic://step22/v1/positive/p00058/left||synthetic://step22/v1/positive/p00058/right,synthetic://step22/v1/positive/p00058/left,synthetic://step22/v1/positive/p00058/right,positive,train,step22_unlabeled_seller_ae68d65ccd8c4911c26c,same_seller_split_positive,1,0,1,0,1.000000000000
synthetic://step22/v1/positive/p00059/left||synthetic://step22/v1/positive/p00059/right,synthetic://step22/v1/positive/p00059/left,synthetic://step22/v1/positive/p00059/right,positive,train,step22_unlabeled_seller_194997f7e400d850ed5d,same_seller_split_positive,1,0,1,0,1.000000000000
synthetic://step22/v1/positive/p00060/left||synthetic://step22/v1/positive/p00060/right,synthetic://step22/v1/positive/p00060/left,synthetic://step22/v1/positive/p00060/right,positive,train,zh_target_strict_cc_bdbbd819a13285cb,same_seller_split_positive,1,0,1,0,1.000000000000
synthetic://step22/v1/positive/p00061/left||synthetic://step22/v1/positive/p00061/right,synthetic://step22/v1/positive/p00061/left,synthetic://step22/v1/positive/p00061/right,positive,train,step22_unlabeled_seller_1a9d502cf94be8d5d1c8,same_seller_split_positive,1,0,1,0,1.000000000000
synthetic://step22/v1/positive/p00062/left||synthetic://step22/v1/positive/p00062/right,synthetic://step22/v1/positive/p00062/left,synthetic://step22/v1/positive/p00062/right,positive,train,step22_unlabeled_seller_205c78cdc542a08d9f32,same_seller_split_positive,1,0,1,0,1.000000000000
synthetic://step22/v1/positive/p00063/left||synthetic://step22/v1/positive/p00063/right,synthetic://step22/v1/positive/p00063/left,synthetic://step22/v1/positive/p00063/right,positive,train,step22_unlabeled_seller_dfb6a9f23092914515e2,same_seller_split_positive,1,0,1,0,1.000000000000
synthetic://step22/v1/positive/p00064/left||synthetic://step22/v1/positive/p00064/right,synthetic://step22/v1/positive/p00064/left,synthetic://step22/v1/positive/p00064/right,positive,train,step22_unlabeled_seller_9402170cd87c19ea70e8,same_seller_split_positive,1,0,1,0,1.000000000000
synthetic://step22/v1/positive/p00065/left||synthetic://step22/v1/positive/p00065/right,synthetic://step22/v1/positive/p00065/left,synthetic://step22/v1/positive/p00065/right,positive,train,step22_unlabeled_seller_750f5700ade72afbc3eb,same_seller_split_positive,1,0,1,0,1.000000000000
synthetic://step22/v1/positive/p00066/left||synthetic://step22/v1/positive/p00066/right,synthetic://step22/v1/positive/p00066/left,synthetic://step22/v1/positive/p00066/right,positive,train,step22_unlabeled_seller_a4ac7afaf5ed42cfa394,same_seller_split_positive,1,0,1,0,1.000000000000
synthetic://step22/v1/positive/p00067/left||synthetic://step22/v1/positive/p00067/right,synthetic://step22/v1/positive/p00067/left,synthetic://step22/v1/positive/p00067/right,positive,train,step22_unlabeled_seller_81ff5ae354b676d5dfe4,same_seller_split_positive,1,0,1,0,1.000000000000
synthetic://step22/v1/positive/p00068/left||synthetic://step22/v1/positive/p00068/right,synthetic://step22/v1/positive/p00068/left,synthetic://step22/v1/positive/p00068/right,positive,train,step22_unlabeled_seller_add85633bcb67d6957d6,same_seller_split_positive,1,0,1,0,1.000000000000
synthetic://step22/v1/positive/p00069/left||synthetic://step22/v1/positive/p00069/right,synthetic://step22/v1/positive/p00069/left,synthetic://step22/v1/positive/p00069/right,positive,train,step22_unlabeled_seller_040af6caed578f6b6889,same_seller_split_positive,1,0,1,0,1.000000000000
synthetic://step22/v1/positive/p00070/left||synthetic://step22/v1/positive/p00070/right,synthetic://step22/v1/positive/p00070/left,synthetic://step22/v1/positive/p00070/right,positive,train,step22_unlabeled_seller_a3778cdbb72d2c832f01,same_seller_split_positive,1,0,1,0,1.000000000000
synthetic://step22/v1/positive/p00071/left||synthetic://step22/v1/positive/p00071/right,synthetic://step22/v1/positive/p00071/left,synthetic://step22/v1/positive/p00071/right,positive,train,step22_unlabeled_seller_200ded71c505cc5f1267,same_seller_split_positive,1,0,1,0,1.000000000000
synthetic://step22/v1/positive/p00072/left||synthetic://step22/v1/positive/p00072/right,synthetic://step22/v1/positive/p00072/left,synthetic://step22/v1/positive/p00072/right,positive,train,zh_target_strict_cc_edff0c321d85e39a,same_seller_split_positive,1,0,1,0,1.000000000000
synthetic://step22/v1/positive/p00073/left||synthetic://step22/v1/positive/p00073/right,synthetic://step22/v1/positive/p00073/left,synthetic://step22/v1/positive/p00073/right,positive,train,zh_target_strict_cc_3ea8308794671330,same_seller_split_positive,1,0,1,0,1.000000000000
synthetic://step22/v1/positive/p00074/left||synthetic://step22/v1/positive/p00074/right,synthetic://step22/v1/positive/p00074/left,synthetic://step22/v1/positive/p00074/right,positive,train,step22_unlabeled_seller_88f866af38877a9b9bce,same_seller_split_positive,1,0,1,0,1.000000000000
synthetic://step22/v1/positive/p00075/left||synthetic://step22/v1/positive/p00075/right,synthetic://step22/v1/positive/p00075/left,synthetic://step22/v1/positive/p00075/right,positive,train,step22_unlabeled_seller_aaf75f2a5353a20d98b4,same_seller_split_positive,1,0,1,0,1.000000000000
synthetic://step22/v1/positive/p00076/left||synthetic://step22/v1/positive/p00076/right,synthetic://step22/v1/positive/p00076/left,synthetic://step22/v1/positive/p00076/right,positive,train,step22_unlabeled_seller_e72f548731ee00c6fc2c,same_seller_split_positive,1,0,1,0,1.000000000000
synthetic://step22/v1/positive/p00077/left||synthetic://step22/v1/positive/p00077/right,synthetic://step22/v1/positive/p00077/left,synthetic://step22/v1/positive/p00077/right,positive,train,step22_unlabeled_seller_1574fa274025959ea059,same_seller_split_positive,1,0,1,0,1.000000000000
synthetic://step22/v1/positive/p00078/left||synthetic://step22/v1/positive/p00078/right,synthetic://step22/v1/positive/p00078/left,synthetic://step22/v1/positive/p00078/right,positive,train,step22_unlabeled_seller_09f0282425c7d17b04cf,same_seller_split_positive,1,0,1,0,1.000000000000
synthetic://step22/v1/positive/p00079/left||synthetic://step22/v1/positive/p00079/right,synthetic://step22/v1/positive/p00079/left,synthetic://step22/v1/positive/p00079/right,positive,train,step22_unlabeled_seller_ff3eb74ef60da61e7e6b,same_seller_split_positive,1,0,1,0,1.000000000000
synthetic://step22/v1/positive/p00080/left||synthetic://step22/v1/positive/p00080/right,synthetic://step22/v1/positive/p00080/left,synthetic://step22/v1/positive/p00080/right,positive,train,zh_target_strict_cc_1234aba824302a63,same_seller_split_positive,1,0,1,0,1.000000000000
synthetic://step22/v1/positive/p00081/left||synthetic://step22/v1/positive/p00081/right,synthetic://step22/v1/positive/p00081/left,synthetic://step22/v1/positive/p00081/right,positive,train,step22_unlabeled_seller_f1c0a9ab7714afd522b5,same_seller_split_positive,1,0,1,0,1.000000000000
synthetic://step22/v1/positive/p00082/left||synthetic://step22/v1/positive/p00082/right,synthetic://step22/v1/positive/p00082/left,synthetic://step22/v1/positive/p00082/right,positive,train,step22_unlabeled_seller_d116ebee1c1414394699,same_seller_split_positive,1,0,1,0,1.000000000000
synthetic://step22/v1/positive/p00083/left||synthetic://step22/v1/positive/p00083/right,synthetic://step22/v1/positive/p00083/left,synthetic://step22/v1/positive/p00083/right,positive,train,step22_unlabeled_seller_99bd36f96667d86db5f3,same_seller_split_positive,1,0,1,0,1.000000000000
synthetic://step22/v1/positive/p00084/left||synthetic://step22/v1/positive/p00084/right,synthetic://step22/v1/positive/p00084/left,synthetic://step22/v1/positive/p00084/right,positive,train,step22_unlabeled_seller_ce0c01222ac76c5b579c,same_seller_split_positive,1,0,1,0,1.000000000000
synthetic://step22/v1/positive/p00085/left||synthetic://step22/v1/positive/p00085/right,synthetic://step22/v1/positive/p00085/left,synthetic://step22/v1/positive/p00085/right,positive,train,zh_target_strict_cc_52e8a0292a9fd43e,same_seller_split_positive,1,0,1,0,1.000000000000
synthetic://step22/v1/positive/p00086/left||synthetic://step22/v1/positive/p00086/right,synthetic://step22/v1/positive/p00086/left,synthetic://step22/v1/positive/p00086/right,positive,train,step22_unlabeled_seller_b5f7c58ab7e44768f99e,same_seller_split_positive,1,0,1,0,1.000000000000
synthetic://step22/v1/positive/p00087/left||synthetic://step22/v1/positive/p00087/right,synthetic://step22/v1/positive/p00087/left,synthetic://step22/v1/positive/p00087/right,positive,train,zh_target_strict_cc_3b05f980bd46ca48,same_seller_split_positive,1,0,1,0,1.000000000000
synthetic://step22/v1/positive/p00088/left||synthetic://step22/v1/positive/p00088/right,synthetic://step22/v1/positive/p00088/left,synthetic://step22/v1/positive/p00088/right,positive,train,step22_unlabeled_seller_021af06e20e90681cc53,same_seller_split_positive,1,0,1,0,1.000000000000
synthetic://step22/v1/positive/p00089/left||synthetic://step22/v1/positive/p00089/right,synthetic://step22/v1/positive/p00089/left,synthetic://step22/v1/positive/p00089/right,positive,train,step22_unlabeled_seller_be3c9ed8ab2dba8f5a52,same_seller_split_positive,1,0,1,0,1.000000000000
synthetic://step22/v1/positive/p00090/left||synthetic://step22/v1/positive/p00090/right,synthetic://step22/v1/positive/p00090/left,synthetic://step22/v1/positive/p00090/right,positive,train,zh_target_strict_cc_2e5c7caaf65dd8e0,same_seller_split_positive,1,0,1,0,1.000000000000
synthetic://step22/v1/positive/p00091/left||synthetic://step22/v1/positive/p00091/right,synthetic://step22/v1/positive/p00091/left,synthetic://step22/v1/positive/p00091/right,positive,train,zh_target_strict_cc_91bfa095c1c39ade,same_seller_split_positive,1,0,1,0,1.000000000000
synthetic://step22/v1/positive/p00092/left||synthetic://step22/v1/positive/p00092/right,synthetic://step22/v1/positive/p00092/left,synthetic://step22/v1/positive/p00092/right,positive,train,step22_unlabeled_seller_42f85ba0ecb92018a6f7,same_seller_split_positive,1,0,1,0,1.000000000000
synthetic://step22/v1/positive/p00093/left||synthetic://step22/v1/positive/p00093/right,synthetic://step22/v1/positive/p00093/left,synthetic://step22/v1/positive/p00093/right,positive,train,step22_unlabeled_seller_85ade97471d12359403e,same_seller_split_positive,1,0,1,0,1.000000000000
synthetic://step22/v1/positive/p00094/left||synthetic://step22/v1/positive/p00094/right,synthetic://step22/v1/positive/p00094/left,synthetic://step22/v1/positive/p00094/right,positive,train,step22_unlabeled_seller_e640330291fa39ed50dd,same_seller_split_positive,1,0,1,0,1.000000000000
synthetic://step22/v1/positive/p00095/left||synthetic://step22/v1/positive/p00095/right,synthetic://step22/v1/positive/p00095/left,synthetic://step22/v1/positive/p00095/right,positive,train,zh_target_strict_cc_c16a6406195c4f1c,same_seller_split_positive,1,0,1,0,1.000000000000
synthetic://step22/v1/positive/p00096/left||synthetic://step22/v1/positive/p00096/right,synthetic://step22/v1/positive/p00096/left,synthetic://step22/v1/positive/p00096/right,positive,train,zh_target_strict_cc_2e5c7caaf65dd8e0,same_seller_split_positive,1,0,1,0,1.000000000000
synthetic://step22/v1/positive/p00097/left||synthetic://step22/v1/positive/p00097/right,synthetic://step22/v1/positive/p00097/left,synthetic://step22/v1/positive/p00097/right,positive,train,step22_unlabeled_seller_deb76325bc7fe3918d8d,same_seller_split_positive,1,0,1,0,1.000000000000
synthetic://step22/v1/positive/p00098/left||synthetic://step22/v1/positive/p00098/right,synthetic://step22/v1/positive/p00098/left,synthetic://step22/v1/positive/p00098/right,positive,train,step22_unlabeled_seller_9617fd0a9e36c86142e4,same_seller_split_positive,1,0,1,0,1.000000000000
synthetic://step22/v1/positive/p00099/left||synthetic://step22/v1/positive/p00099/right,synthetic://step22/v1/positive/p00099/left,synthetic://step22/v1/positive/p00099/right,positive,train,step22_unlabeled_seller_6dbaddea45ffa408b075,same_seller_split_positive,1,0,1,0,1.000000000000
synthetic://step22/v1/positive/p00100/left||synthetic://step22/v1/positive/p00100/right,synthetic://step22/v1/positive/p00100/left,synthetic://step22/v1/positive/p00100/right,positive,train,step22_unlabeled_seller_f06bdbf47023c027c18f,same_seller_split_positive,1,0,1,0,1.000000000000
synthetic://step22/v1/positive/p00101/left||synthetic://step22/v1/positive/p00101/right,synthetic://step22/v1/positive/p00101/left,synthetic://step22/v1/positive/p00101/right,positive,train,step22_unlabeled_seller_7c54da84904ae30be2fd,same_seller_split_positive,1,0,1,0,1.000000000000
synthetic://step22/v1/positive/p00102/left||synthetic://step22/v1/positive/p00102/right,synthetic://step22/v1/positive/p00102/left,synthetic://step22/v1/positive/p00102/right,positive,train,zh_target_strict_cc_e01a2866bbaf02be,same_seller_split_positive,1,0,1,0,1.000000000000
synthetic://step22/v1/positive/p00103/left||synthetic://step22/v1/positive/p00103/right,synthetic://step22/v1/positive/p00103/left,synthetic://step22/v1/positive/p00103/right,positive,train,step22_unlabeled_seller_e755561e14ca5ba54db5,same_seller_split_positive,1,0,1,0,1.000000000000
synthetic://step22/v1/positive/p00104/left||synthetic://step22/v1/positive/p00104/right,synthetic://step22/v1/positive/p00104/left,synthetic://step22/v1/positive/p00104/right,positive,train,step22_unlabeled_seller_70011622f9189e5d25cc,same_seller_split_positive,1,0,1,0,1.000000000000
synthetic://step22/v1/positive/p00105/left||synthetic://step22/v1/positive/p00105/right,synthetic://step22/v1/positive/p00105/left,synthetic://step22/v1/positive/p00105/right,positive,train,step22_unlabeled_seller_f1c153de6e90bb7e29ee,same_seller_split_positive,1,0,1,0,1.000000000000
synthetic://step22/v1/positive/p00106/left||synthetic://step22/v1/positive/p00106/right,synthetic://step22/v1/positive/p00106/left,synthetic://step22/v1/positive/p00106/right,positive,train,step22_unlabeled_seller_d31e8b5c3a92f4410a9a,same_seller_split_positive,1,0,1,0,1.000000000000
synthetic://step22/v1/positive/p00107/left||synthetic://step22/v1/positive/p00107/right,synthetic://step22/v1/positive/p00107/left,synthetic://step22/v1/positive/p00107/right,positive,train,step22_unlabeled_seller_681321d85a7942c439f7,same_seller_split_positive,1,0,1,0,1.000000000000
synthetic://step22/v1/positive/p00108/left||synthetic://step22/v1/positive/p00108/right,synthetic://step22/v1/positive/p00108/left,synthetic://step22/v1/positive/p00108/right,positive,train,step22_unlabeled_seller_b90960fa3043975ecc07,same_seller_split_positive,1,0,1,0,1.000000000000
synthetic://step22/v1/positive/p00109/left||synthetic://step22/v1/positive/p00109/right,synthetic://step22/v1/positive/p00109/left,synthetic://step22/v1/positive/p00109/right,positive,train,step22_unlabeled_seller_239350aad901daed222b,same_seller_split_positive,1,0,1,0,1.000000000000
synthetic://step22/v1/positive/p00110/left||synthetic://step22/v1/positive/p00110/right,synthetic://step22/v1/positive/p00110/left,synthetic://step22/v1/positive/p00110/right,positive,train,zh_target_strict_cc_5ab9a9542992a12d,same_seller_split_positive,1,0,1,0,1.000000000000
synthetic://step22/v1/positive/p00111/left||synthetic://step22/v1/positive/p00111/right,synthetic://step22/v1/positive/p00111/left,synthetic://step22/v1/positive/p00111/right,positive,train,step22_unlabeled_seller_843858c804ed93d89965,same_seller_split_positive,1,0,1,0,1.000000000000
synthetic://step22/v1/positive/p00112/left||synthetic://step22/v1/positive/p00112/right,synthetic://step22/v1/positive/p00112/left,synthetic://step22/v1/positive/p00112/right,positive,train,step22_unlabeled_seller_7b5725022ad6228c9efe,same_seller_split_positive,1,0,1,0,1.000000000000
synthetic://step22/v1/positive/p00113/left||synthetic://step22/v1/positive/p00113/right,synthetic://step22/v1/positive/p00113/left,synthetic://step22/v1/positive/p00113/right,positive,train,step22_unlabeled_seller_2ff3f03368e5d6c8e015,same_seller_split_positive,1,0,1,0,1.000000000000
synthetic://step22/v1/positive/p00114/left||synthetic://step22/v1/positive/p00114/right,synthetic://step22/v1/positive/p00114/left,synthetic://step22/v1/positive/p00114/right,positive,train,zh_target_strict_cc_cabde8e285b8321c,same_seller_split_positive,1,0,1,0,1.000000000000
synthetic://step22/v1/positive/p00115/left||synthetic://step22/v1/positive/p00115/right,synthetic://step22/v1/positive/p00115/left,synthetic://step22/v1/positive/p00115/right,positive,train,step22_unlabeled_seller_b20bb5b37eb5f34046ee,same_seller_split_positive,1,0,1,0,1.000000000000
synthetic://step22/v1/positive/p00116/left||synthetic://step22/v1/positive/p00116/right,synthetic://step22/v1/positive/p00116/left,synthetic://step22/v1/positive/p00116/right,positive,train,zh_target_strict_cc_0b81a8577b9ee929,same_seller_split_positive,1,0,1,0,1.000000000000
synthetic://step22/v1/positive/p00117/left||synthetic://step22/v1/positive/p00117/right,synthetic://step22/v1/positive/p00117/left,synthetic://step22/v1/positive/p00117/right,positive,train,step22_unlabeled_seller_f304eb8b36e9fed9bb8b,same_seller_split_positive,1,0,1,0,1.000000000000
synthetic://step22/v1/positive/p00118/left||synthetic://step22/v1/positive/p00118/right,synthetic://step22/v1/positive/p00118/left,synthetic://step22/v1/positive/p00118/right,positive,train,step22_unlabeled_seller_5ef2a1b0c6ec2eaae963,same_seller_split_positive,1,0,1,0,1.000000000000
synthetic://step22/v1/positive/p00119/left||synthetic://step22/v1/positive/p00119/right,synthetic://step22/v1/positive/p00119/left,synthetic://step22/v1/positive/p00119/right,positive,train,step22_unlabeled_seller_83729f87f46f6ac1c366,same_seller_split_positive,1,0,1,0,1.000000000000
synthetic://step22/v1/positive/p00120/left||synthetic://step22/v1/positive/p00120/right,synthetic://step22/v1/positive/p00120/left,synthetic://step22/v1/positive/p00120/right,positive,train,step22_unlabeled_seller_e293037fe8849e562cbe,same_seller_split_positive,1,0,1,0,1.000000000000
synthetic://step22/v1/positive/p00121/left||synthetic://step22/v1/positive/p00121/right,synthetic://step22/v1/positive/p00121/left,synthetic://step22/v1/positive/p00121/right,positive,train,step22_unlabeled_seller_dd767f741b42f59b4cf1,same_seller_split_positive,1,0,1,0,1.000000000000
synthetic://step22/v1/positive/p00122/left||synthetic://step22/v1/positive/p00122/right,synthetic://step22/v1/positive/p00122/left,synthetic://step22/v1/positive/p00122/right,positive,train,step22_unlabeled_seller_cb007779211e8a381fb6,same_seller_split_positive,1,0,1,0,1.000000000000
synthetic://step22/v1/positive/p00123/left||synthetic://step22/v1/positive/p00123/right,synthetic://step22/v1/positive/p00123/left,synthetic://step22/v1/positive/p00123/right,positive,train,step22_unlabeled_seller_108fa16be8249ce988f4,same_seller_split_positive,1,0,1,0,1.000000000000
synthetic://step22/v1/positive/p00124/left||synthetic://step22/v1/positive/p00124/right,synthetic://step22/v1/positive/p00124/left,synthetic://step22/v1/positive/p00124/right,positive,train,step22_unlabeled_seller_cde9f930bcb47491a6cf,same_seller_split_positive,1,0,1,0,1.000000000000
synthetic://step22/v1/positive/p00125/left||synthetic://step22/v1/positive/p00125/right,synthetic://step22/v1/positive/p00125/left,synthetic://step22/v1/positive/p00125/right,positive,train,step22_unlabeled_seller_a77e0321d62d2c051d05,same_seller_split_positive,1,0,1,0,1.000000000000
synthetic://step22/v1/positive/p00126/left||synthetic://step22/v1/positive/p00126/right,synthetic://step22/v1/positive/p00126/left,synthetic://step22/v1/positive/p00126/right,positive,train,step22_unlabeled_seller_6e4046624046bcbfcbaf,same_seller_split_positive,1,0,1,0,1.000000000000
synthetic://step22/v1/positive/p00127/left||synthetic://step22/v1/positive/p00127/right,synthetic://step22/v1/positive/p00127/left,synthetic://step22/v1/positive/p00127/right,positive,train,step22_unlabeled_seller_5294028faf92a63e8fd4,same_seller_split_positive,1,0,1,0,1.000000000000
synthetic://step22/v1/positive/p00128/left||synthetic://step22/v1/positive/p00128/right,synthetic://step22/v1/positive/p00128/left,synthetic://step22/v1/positive/p00128/right,positive,train,step22_unlabeled_seller_5ed5c5257a4fea5a33c3,same_seller_split_positive,1,0,1,0,1.000000000000
synthetic://step22/v1/positive/p00129/left||synthetic://step22/v1/positive/p00129/right,synthetic://step22/v1/positive/p00129/left,synthetic://step22/v1/positive/p00129/right,positive,train,zh_target_strict_cc_a674ba2bd68a41e6,same_seller_split_positive,1,0,1,0,1.000000000000
synthetic://step22/v1/positive/p00130/left||synthetic://step22/v1/positive/p00130/right,synthetic://step22/v1/positive/p00130/left,synthetic://step22/v1/positive/p00130/right,positive,train,step22_unlabeled_seller_83ab9fabcb709afadbc7,same_seller_split_positive,1,0,1,0,1.000000000000
synthetic://step22/v1/positive/p00131/left||synthetic://step22/v1/positive/p00131/right,synthetic://step22/v1/positive/p00131/left,synthetic://step22/v1/positive/p00131/right,positive,train,zh_target_strict_cc_dc0630210f22a74f,same_seller_split_positive,1,0,1,0,1.000000000000
synthetic://step22/v1/positive/p00132/left||synthetic://step22/v1/positive/p00132/right,synthetic://step22/v1/positive/p00132/left,synthetic://step22/v1/positive/p00132/right,positive,train,step22_unlabeled_seller_7c76afe7bced46e7953e,same_seller_split_positive,1,0,1,0,1.000000000000
synthetic://step22/v1/positive/p00133/left||synthetic://step22/v1/positive/p00133/right,synthetic://step22/v1/positive/p00133/left,synthetic://step22/v1/positive/p00133/right,positive,train,step22_unlabeled_seller_c07727b026c01576cc04,same_seller_split_positive,1,0,1,0,1.000000000000
synthetic://step22/v1/positive/p00134/left||synthetic://step22/v1/positive/p00134/right,synthetic://step22/v1/positive/p00134/left,synthetic://step22/v1/positive/p00134/right,positive,train,zh_target_strict_cc_a075d160d8e9bceb,same_seller_split_positive,1,0,1,0,1.000000000000
synthetic://step22/v1/positive/p00135/left||synthetic://step22/v1/positive/p00135/right,synthetic://step22/v1/positive/p00135/left,synthetic://step22/v1/positive/p00135/right,positive,train,step22_unlabeled_seller_2b0181ab7da8955003ac,same_seller_split_positive,1,0,1,0,1.000000000000
synthetic://step22/v1/positive/p00136/left||synthetic://step22/v1/positive/p00136/right,synthetic://step22/v1/positive/p00136/left,synthetic://step22/v1/positive/p00136/right,positive,train,zh_target_strict_cc_9ddda7715349ff55,same_seller_split_positive,1,0,1,0,1.000000000000
synthetic://step22/v1/positive/p00137/left||synthetic://step22/v1/positive/p00137/right,synthetic://step22/v1/positive/p00137/left,synthetic://step22/v1/positive/p00137/right,positive,train,step22_unlabeled_seller_9a9cd209cefecbb09f7b,same_seller_split_positive,1,0,1,0,1.000000000000
synthetic://step22/v1/positive/p00138/left||synthetic://step22/v1/positive/p00138/right,synthetic://step22/v1/positive/p00138/left,synthetic://step22/v1/positive/p00138/right,positive,train,step22_unlabeled_seller_186fd0489c05493288d5,same_seller_split_positive,1,0,1,0,1.000000000000
synthetic://step22/v1/positive/p00139/left||synthetic://step22/v1/positive/p00139/right,synthetic://step22/v1/positive/p00139/left,synthetic://step22/v1/positive/p00139/right,positive,train,step22_unlabeled_seller_65e5dac5779cebae09b1,same_seller_split_positive,1,0,1,0,1.000000000000
synthetic://step22/v1/positive/p00140/left||synthetic://step22/v1/positive/p00140/right,synthetic://step22/v1/positive/p00140/left,synthetic://step22/v1/positive/p00140/right,positive,train,step22_unlabeled_seller_41f24c77eaae683e4f04,same_seller_split_positive,1,0,1,0,1.000000000000
synthetic://step22/v1/positive/p00141/left||synthetic://step22/v1/positive/p00141/right,synthetic://step22/v1/positive/p00141/left,synthetic://step22/v1/positive/p00141/right,positive,train,step22_unlabeled_seller_f26e879fcb8f676255d8,same_seller_split_positive,1,0,1,0,1.000000000000
synthetic://step22/v1/positive/p00142/left||synthetic://step22/v1/positive/p00142/right,synthetic://step22/v1/positive/p00142/left,synthetic://step22/v1/positive/p00142/right,positive,train,step22_unlabeled_seller_15003ca153e51e7c49b0,same_seller_split_positive,1,0,1,0,1.000000000000
synthetic://step22/v1/positive/p00143/left||synthetic://step22/v1/positive/p00143/right,synthetic://step22/v1/positive/p00143/left,synthetic://step22/v1/positive/p00143/right,positive,train,zh_target_strict_cc_f65cdcbf3ab490cb,same_seller_split_positive,1,0,1,0,1.000000000000
synthetic://step22/v1/positive/p00144/left||synthetic://step22/v1/positive/p00144/right,synthetic://step22/v1/positive/p00144/left,synthetic://step22/v1/positive/p00144/right,positive,train,step22_unlabeled_seller_e4555be316cd2c42020e,same_seller_split_positive,1,0,1,0,1.000000000000
synthetic://step22/v1/positive/p00145/left||synthetic://step22/v1/positive/p00145/right,synthetic://step22/v1/positive/p00145/left,synthetic://step22/v1/positive/p00145/right,positive,train,step22_unlabeled_seller_b60a268094379ea15d95,same_seller_split_positive,1,0,1,0,1.000000000000
synthetic://step22/v1/positive/p00146/left||synthetic://step22/v1/positive/p00146/right,synthetic://step22/v1/positive/p00146/left,synthetic://step22/v1/positive/p00146/right,positive,train,step22_unlabeled_seller_bdb9e3539bf34f0e5495,same_seller_split_positive,1,0,1,0,1.000000000000
synthetic://step22/v1/positive/p00147/left||synthetic://step22/v1/positive/p00147/right,synthetic://step22/v1/positive/p00147/left,synthetic://step22/v1/positive/p00147/right,positive,train,zh_target_strict_cc_121ca4c8ff35556e,same_seller_split_positive,1,0,1,0,1.000000000000
synthetic://step22/v1/positive/p00148/left||synthetic://step22/v1/positive/p00148/right,synthetic://step22/v1/positive/p00148/left,synthetic://step22/v1/positive/p00148/right,positive,train,step22_unlabeled_seller_d78b0bee446aaa939049,same_seller_split_positive,1,0,1,0,1.000000000000
synthetic://step22/v1/positive/p00149/left||synthetic://step22/v1/positive/p00149/right,synthetic://step22/v1/positive/p00149/left,synthetic://step22/v1/positive/p00149/right,positive,train,zh_target_strict_cc_6c892e776bb10ae4,same_seller_split_positive,1,0,1,0,1.000000000000
synthetic://step22/v1/positive/p00150/left||synthetic://step22/v1/positive/p00150/right,synthetic://step22/v1/positive/p00150/left,synthetic://step22/v1/positive/p00150/right,positive,train,step22_unlabeled_seller_313289b287955c83be36,same_seller_split_positive,1,0,1,0,1.000000000000
synthetic://step22/v1/positive/p00151/left||synthetic://step22/v1/positive/p00151/right,synthetic://step22/v1/positive/p00151/left,synthetic://step22/v1/positive/p00151/right,positive,train,step22_unlabeled_seller_46dec7c0a0d94e254d0b,same_seller_split_positive,1,0,1,0,1.000000000000
synthetic://step22/v1/positive/p00152/left||synthetic://step22/v1/positive/p00152/right,synthetic://step22/v1/positive/p00152/left,synthetic://step22/v1/positive/p00152/right,positive,train,step22_unlabeled_seller_af8685fcec7444342472,same_seller_split_positive,1,0,1,0,1.000000000000
synthetic://step22/v1/positive/p00153/left||synthetic://step22/v1/positive/p00153/right,synthetic://step22/v1/positive/p00153/left,synthetic://step22/v1/positive/p00153/right,positive,train,step22_unlabeled_seller_20c5244621f4d63e764d,same_seller_split_positive,1,0,1,0,1.000000000000
synthetic://step22/v1/positive/p00154/left||synthetic://step22/v1/positive/p00154/right,synthetic://step22/v1/positive/p00154/left,synthetic://step22/v1/positive/p00154/right,positive,train,step22_unlabeled_seller_b6b0f8d91558b6adf001,same_seller_split_positive,1,0,1,0,1.000000000000
synthetic://step22/v1/positive/p00155/left||synthetic://step22/v1/positive/p00155/right,synthetic://step22/v1/positive/p00155/left,synthetic://step22/v1/positive/p00155/right,positive,train,step22_unlabeled_seller_f55263d9d4e87f5dce93,same_seller_split_positive,1,0,1,0,1.000000000000
synthetic://step22/v1/positive/p00156/left||synthetic://step22/v1/positive/p00156/right,synthetic://step22/v1/positive/p00156/left,synthetic://step22/v1/positive/p00156/right,positive,train,step22_unlabeled_seller_bc256501bfe8b3427764,same_seller_split_positive,1,0,1,0,1.000000000000
synthetic://step22/v1/positive/p00157/left||synthetic://step22/v1/positive/p00157/right,synthetic://step22/v1/positive/p00157/left,synthetic://step22/v1/positive/p00157/right,positive,train,step22_unlabeled_seller_06d1f4567a87d8badce7,same_seller_split_positive,1,0,1,0,1.000000000000
synthetic://step22/v1/positive/p00158/left||synthetic://step22/v1/positive/p00158/right,synthetic://step22/v1/positive/p00158/left,synthetic://step22/v1/positive/p00158/right,positive,train,zh_target_strict_cc_52557091d1ce932e,same_seller_split_positive,1,0,1,0,1.000000000000
synthetic://step22/v1/positive/p00159/left||synthetic://step22/v1/positive/p00159/right,synthetic://step22/v1/positive/p00159/left,synthetic://step22/v1/positive/p00159/right,positive,train,step22_unlabeled_seller_7e4763878cad53cd7b3c,same_seller_split_positive,1,0,1,0,1.000000000000
synthetic://step22/v1/positive/p00160/left||synthetic://step22/v1/positive/p00160/right,synthetic://step22/v1/positive/p00160/left,synthetic://step22/v1/positive/p00160/right,positive,train,step22_unlabeled_seller_5ff8fc4158b644576362,same_seller_split_positive,1,0,1,0,1.000000000000
synthetic://step22/v1/positive/p00161/left||synthetic://step22/v1/positive/p00161/right,synthetic://step22/v1/positive/p00161/left,synthetic://step22/v1/positive/p00161/right,positive,train,zh_target_strict_cc_8c0788b021fc05fc,same_seller_split_positive,1,0,1,0,1.000000000000
synthetic://step22/v1/positive/p00162/left||synthetic://step22/v1/positive/p00162/right,synthetic://step22/v1/positive/p00162/left,synthetic://step22/v1/positive/p00162/right,positive,train,step22_unlabeled_seller_c341d87091cb558f3fd3,same_seller_split_positive,1,0,1,0,1.000000000000
synthetic://step22/v1/positive/p00163/left||synthetic://step22/v1/positive/p00163/right,synthetic://step22/v1/positive/p00163/left,synthetic://step22/v1/positive/p00163/right,positive,train,step22_unlabeled_seller_27668d6cd4ef2278c752,same_seller_split_positive,1,0,1,0,1.000000000000
synthetic://step22/v1/positive/p00164/left||synthetic://step22/v1/positive/p00164/right,synthetic://step22/v1/positive/p00164/left,synthetic://step22/v1/positive/p00164/right,positive,train,step22_unlabeled_seller_7c7d18de50a363221955,same_seller_split_positive,1,0,1,0,1.000000000000
synthetic://step22/v1/positive/p00165/left||synthetic://step22/v1/positive/p00165/right,synthetic://step22/v1/positive/p00165/left,synthetic://step22/v1/positive/p00165/right,positive,train,step22_unlabeled_seller_14081a8ede389fe2b0a7,same_seller_split_positive,1,0,1,0,1.000000000000
synthetic://step22/v1/positive/p00166/left||synthetic://step22/v1/positive/p00166/right,synthetic://step22/v1/positive/p00166/left,synthetic://step22/v1/positive/p00166/right,positive,train,step22_unlabeled_seller_6b4b438a031691aef087,same_seller_split_positive,1,0,1,0,1.000000000000
synthetic://step22/v1/positive/p00167/left||synthetic://step22/v1/positive/p00167/right,synthetic://step22/v1/positive/p00167/left,synthetic://step22/v1/positive/p00167/right,positive,train,zh_target_strict_cc_6d42501cee919350,same_seller_split_positive,1,0,1,0,1.000000000000
synthetic://step22/v1/positive/p00168/left||synthetic://step22/v1/positive/p00168/right,synthetic://step22/v1/positive/p00168/left,synthetic://step22/v1/positive/p00168/right,positive,train,step22_unlabeled_seller_435b994a8a6819124ac2,same_seller_split_positive,1,0,1,0,1.000000000000
synthetic://step22/v1/positive/p00169/left||synthetic://step22/v1/positive/p00169/right,synthetic://step22/v1/positive/p00169/left,synthetic://step22/v1/positive/p00169/right,positive,train,step22_unlabeled_seller_e1f1a188f635ba9a980b,same_seller_split_positive,1,0,1,0,1.000000000000
synthetic://step22/v1/positive/p00170/left||synthetic://step22/v1/positive/p00170/right,synthetic://step22/v1/positive/p00170/left,synthetic://step22/v1/positive/p00170/right,positive,train,step22_unlabeled_seller_8720e0842f650b9021d8,same_seller_split_positive,1,0,1,0,1.000000000000
synthetic://step22/v1/positive/p00171/left||synthetic://step22/v1/positive/p00171/right,synthetic://step22/v1/positive/p00171/left,synthetic://step22/v1/positive/p00171/right,positive,train,step22_unlabeled_seller_099445601960d58ffcf4,same_seller_split_positive,1,0,1,0,1.000000000000
synthetic://step22/v1/positive/p00172/left||synthetic://step22/v1/positive/p00172/right,synthetic://step22/v1/positive/p00172/left,synthetic://step22/v1/positive/p00172/right,positive,train,zh_target_strict_cc_b22baa8e3e29405b,same_seller_split_positive,1,0,1,0,1.000000000000
synthetic://step22/v1/positive/p00173/left||synthetic://step22/v1/positive/p00173/right,synthetic://step22/v1/positive/p00173/left,synthetic://step22/v1/positive/p00173/right,positive,train,step22_unlabeled_seller_a5169b531053bb0a6a36,same_seller_split_positive,1,0,1,0,1.000000000000
synthetic://step22/v1/positive/p00174/left||synthetic://step22/v1/positive/p00174/right,synthetic://step22/v1/positive/p00174/left,synthetic://step22/v1/positive/p00174/right,positive,train,step22_unlabeled_seller_49e6b1050f85f22b7557,same_seller_split_positive,1,0,1,0,1.000000000000
synthetic://step22/v1/positive/p00175/left||synthetic://step22/v1/positive/p00175/right,synthetic://step22/v1/positive/p00175/left,synthetic://step22/v1/positive/p00175/right,positive,train,step22_unlabeled_seller_44443704ede7782ea933,same_seller_split_positive,1,0,1,0,1.000000000000
synthetic://step22/v1/positive/p00176/left||synthetic://step22/v1/positive/p00176/right,synthetic://step22/v1/positive/p00176/left,synthetic://step22/v1/positive/p00176/right,positive,train,step22_unlabeled_seller_f4c28309fa8c7751adfb,same_seller_split_positive,1,0,1,0,1.000000000000
synthetic://step22/v1/positive/p00177/left||synthetic://step22/v1/positive/p00177/right,synthetic://step22/v1/positive/p00177/left,synthetic://step22/v1/positive/p00177/right,positive,train,zh_target_strict_cc_0b81a8577b9ee929,same_seller_split_positive,1,0,1,0,1.000000000000
synthetic://step22/v1/positive/p00178/left||synthetic://step22/v1/positive/p00178/right,synthetic://step22/v1/positive/p00178/left,synthetic://step22/v1/positive/p00178/right,positive,train,step22_unlabeled_seller_277ad3d554425dd91ced,same_seller_split_positive,1,0,1,0,1.000000000000
synthetic://step22/v1/positive/p00179/left||synthetic://step22/v1/positive/p00179/right,synthetic://step22/v1/positive/p00179/left,synthetic://step22/v1/positive/p00179/right,positive,train,step22_unlabeled_seller_d9a1858b77b46a03ed16,same_seller_split_positive,1,0,1,0,1.000000000000
synthetic://step22/v1/positive/p00180/left||synthetic://step22/v1/positive/p00180/right,synthetic://step22/v1/positive/p00180/left,synthetic://step22/v1/positive/p00180/right,positive,train,step22_unlabeled_seller_10645e3cd42df1471c09,same_seller_split_positive,1,0,1,0,1.000000000000
synthetic://step22/v1/positive/p00181/left||synthetic://step22/v1/positive/p00181/right,synthetic://step22/v1/positive/p00181/left,synthetic://step22/v1/positive/p00181/right,positive,train,step22_unlabeled_seller_92730983c8148dc47816,same_seller_split_positive,1,0,1,0,1.000000000000
synthetic://step22/v1/positive/p00182/left||synthetic://step22/v1/positive/p00182/right,synthetic://step22/v1/positive/p00182/left,synthetic://step22/v1/positive/p00182/right,positive,train,step22_unlabeled_seller_98f560069caaad2b69ef,same_seller_split_positive,1,0,1,0,1.000000000000
synthetic://step22/v1/positive/p00183/left||synthetic://step22/v1/positive/p00183/right,synthetic://step22/v1/positive/p00183/left,synthetic://step22/v1/positive/p00183/right,positive,train,zh_target_strict_cc_cabde8e285b8321c,same_seller_split_positive,1,0,1,0,1.000000000000
synthetic://step22/v1/positive/p00184/left||synthetic://step22/v1/positive/p00184/right,synthetic://step22/v1/positive/p00184/left,synthetic://step22/v1/positive/p00184/right,positive,train,step22_unlabeled_seller_c4afcc4f3ba2cd94e09f,same_seller_split_positive,1,0,1,0,1.000000000000
synthetic://step22/v1/positive/p00185/left||synthetic://step22/v1/positive/p00185/right,synthetic://step22/v1/positive/p00185/left,synthetic://step22/v1/positive/p00185/right,positive,train,zh_target_strict_cc_0b56a4186c660a7f,same_seller_split_positive,1,0,1,0,1.000000000000
synthetic://step22/v1/positive/p00186/left||synthetic://step22/v1/positive/p00186/right,synthetic://step22/v1/positive/p00186/left,synthetic://step22/v1/positive/p00186/right,positive,train,step22_unlabeled_seller_94fc733251c8fe60ecba,same_seller_split_positive,1,0,1,0,1.000000000000
synthetic://step22/v1/positive/p00187/left||synthetic://step22/v1/positive/p00187/right,synthetic://step22/v1/positive/p00187/left,synthetic://step22/v1/positive/p00187/right,positive,train,zh_target_strict_cc_e3c807049ac8a064,same_seller_split_positive,1,0,1,0,1.000000000000
synthetic://step22/v1/positive/p00188/left||synthetic://step22/v1/positive/p00188/right,synthetic://step22/v1/positive/p00188/left,synthetic://step22/v1/positive/p00188/right,positive,train,zh_target_strict_cc_2bb373b8ca63845e,same_seller_split_positive,1,0,1,0,1.000000000000
synthetic://step22/v1/positive/p00189/left||synthetic://step22/v1/positive/p00189/right,synthetic://step22/v1/positive/p00189/left,synthetic://step22/v1/positive/p00189/right,positive,train,step22_unlabeled_seller_6f54495dcf1c3a0da0ee,same_seller_split_positive,1,0,1,0,1.000000000000
synthetic://step22/v1/positive/p00190/left||synthetic://step22/v1/positive/p00190/right,synthetic://step22/v1/positive/p00190/left,synthetic://step22/v1/positive/p00190/right,positive,train,step22_unlabeled_seller_f0169f7adfc197da21b9,same_seller_split_positive,1,0,1,0,1.000000000000
synthetic://step22/v1/positive/p00191/left||synthetic://step22/v1/positive/p00191/right,synthetic://step22/v1/positive/p00191/left,synthetic://step22/v1/positive/p00191/right,positive,train,step22_unlabeled_seller_e2b4c2bd39e1b0ff5189,same_seller_split_positive,1,0,1,0,1.000000000000
synthetic://step22/v1/positive/p00192/left||synthetic://step22/v1/positive/p00192/right,synthetic://step22/v1/positive/p00192/left,synthetic://step22/v1/positive/p00192/right,positive,train,step22_unlabeled_seller_6b40e11fbc3516b23c9a,same_seller_split_positive,1,0,1,0,1.000000000000
synthetic://step22/v1/positive/p00193/left||synthetic://step22/v1/positive/p00193/right,synthetic://step22/v1/positive/p00193/left,synthetic://step22/v1/positive/p00193/right,positive,train,step22_unlabeled_seller_964d7e69b4cbde640075,same_seller_split_positive,1,0,1,0,1.000000000000
synthetic://step22/v1/positive/p00194/left||synthetic://step22/v1/positive/p00194/right,synthetic://step22/v1/positive/p00194/left,synthetic://step22/v1/positive/p00194/right,positive,train,step22_unlabeled_seller_3be0248a38798f57ce04,same_seller_split_positive,1,0,1,0,1.000000000000
synthetic://step22/v1/positive/p00195/left||synthetic://step22/v1/positive/p00195/right,synthetic://step22/v1/positive/p00195/left,synthetic://step22/v1/positive/p00195/right,positive,train,zh_target_strict_cc_c1b29797a191ad53,same_seller_split_positive,1,0,1,0,1.000000000000
synthetic://step22/v1/positive/p00196/left||synthetic://step22/v1/positive/p00196/right,synthetic://step22/v1/positive/p00196/left,synthetic://step22/v1/positive/p00196/right,positive,train,step22_unlabeled_seller_1c1630516224c37f644a,same_seller_split_positive,1,0,1,0,1.000000000000
synthetic://step22/v1/positive/p00197/left||synthetic://step22/v1/positive/p00197/right,synthetic://step22/v1/positive/p00197/left,synthetic://step22/v1/positive/p00197/right,positive,train,step22_unlabeled_seller_c9e6a8ef21035cb74d5e,same_seller_split_positive,1,0,1,0,1.000000000000
synthetic://step22/v1/positive/p00198/left||synthetic://step22/v1/positive/p00198/right,synthetic://step22/v1/positive/p00198/left,synthetic://step22/v1/positive/p00198/right,positive,train,step22_unlabeled_seller_48a1caee823349c5ab38,same_seller_split_positive,1,0,1,0,1.000000000000
synthetic://step22/v1/positive/p00199/left||synthetic://step22/v1/positive/p00199/right,synthetic://step22/v1/positive/p00199/left,synthetic://step22/v1/positive/p00199/right,positive,train,zh_target_strict_cc_980a1719d9f0d148,same_seller_split_positive,1,0,1,0,1.000000000000
synthetic://step22/v1/positive/p00200/left||synthetic://step22/v1/positive/p00200/right,synthetic://step22/v1/positive/p00200/left,synthetic://step22/v1/positive/p00200/right,positive,train,step22_unlabeled_seller_111e2bff196cc16f0408,same_seller_split_positive,1,0,1,0,1.000000000000
synthetic://step22/v1/positive/p00201/left||synthetic://step22/v1/positive/p00201/right,synthetic://step22/v1/positive/p00201/left,synthetic://step22/v1/positive/p00201/right,positive,train,step22_unlabeled_seller_d990be1fccaedb2ff409,same_seller_split_positive,1,0,1,0,1.000000000000
synthetic://step22/v1/positive/p00202/left||synthetic://step22/v1/positive/p00202/right,synthetic://step22/v1/positive/p00202/left,synthetic://step22/v1/positive/p00202/right,positive,train,step22_unlabeled_seller_aca9596cb80fc9b80413,same_seller_split_positive,1,0,1,0,1.000000000000
synthetic://step22/v1/positive/p00203/left||synthetic://step22/v1/positive/p00203/right,synthetic://step22/v1/positive/p00203/left,synthetic://step22/v1/positive/p00203/right,positive,train,step22_unlabeled_seller_d33411a51c77229c43ba,same_seller_split_positive,1,0,1,0,1.000000000000
synthetic://step22/v1/positive/p00204/left||synthetic://step22/v1/positive/p00204/right,synthetic://step22/v1/positive/p00204/left,synthetic://step22/v1/positive/p00204/right,positive,train,step22_unlabeled_seller_a755a3fa8c7794829bcc,same_seller_split_positive,1,0,1,0,1.000000000000
synthetic://step22/v1/positive/p00205/left||synthetic://step22/v1/positive/p00205/right,synthetic://step22/v1/positive/p00205/left,synthetic://step22/v1/positive/p00205/right,positive,train,zh_target_strict_cc_862473627d85452b,same_seller_split_positive,1,0,1,0,1.000000000000
synthetic://step22/v1/positive/p00206/left||synthetic://step22/v1/positive/p00206/right,synthetic://step22/v1/positive/p00206/left,synthetic://step22/v1/positive/p00206/right,positive,train,step22_unlabeled_seller_99864a82792cd0675436,same_seller_split_positive,1,0,1,0,1.000000000000
synthetic://step22/v1/positive/p00207/left||synthetic://step22/v1/positive/p00207/right,synthetic://step22/v1/positive/p00207/left,synthetic://step22/v1/positive/p00207/right,positive,train,zh_target_strict_cc_583ebde7d72d4d78,same_seller_split_positive,1,0,1,0,1.000000000000
synthetic://step22/v1/positive/p00208/left||synthetic://step22/v1/positive/p00208/right,synthetic://step22/v1/positive/p00208/left,synthetic://step22/v1/positive/p00208/right,positive,train,step22_unlabeled_seller_29c8076e37fc69c1db0a,same_seller_split_positive,1,0,1,0,1.000000000000
synthetic://step22/v1/positive/p00209/left||synthetic://step22/v1/positive/p00209/right,synthetic://step22/v1/positive/p00209/left,synthetic://step22/v1/positive/p00209/right,positive,train,step22_unlabeled_seller_e869503ac83e8ee7edc9,same_seller_split_positive,1,0,1,0,1.000000000000
synthetic://step22/v1/positive/p00210/left||synthetic://step22/v1/positive/p00210/right,synthetic://step22/v1/positive/p00210/left,synthetic://step22/v1/positive/p00210/right,positive,train,step22_unlabeled_seller_a194f65f2c5a7455f8b2,same_seller_split_positive,1,0,1,0,1.000000000000
synthetic://step22/v1/positive/p00211/left||synthetic://step22/v1/positive/p00211/right,synthetic://step22/v1/positive/p00211/left,synthetic://step22/v1/positive/p00211/right,positive,train,zh_target_strict_cc_bed18e70980d245d,same_seller_split_positive,1,0,1,0,1.000000000000
synthetic://step22/v1/positive/p00212/left||synthetic://step22/v1/positive/p00212/right,synthetic://step22/v1/positive/p00212/left,synthetic://step22/v1/positive/p00212/right,positive,train,step22_unlabeled_seller_ea690dd117e1b47af3a1,same_seller_split_positive,1,0,1,0,1.000000000000
synthetic://step22/v1/positive/p00213/left||synthetic://step22/v1/positive/p00213/right,synthetic://step22/v1/positive/p00213/left,synthetic://step22/v1/positive/p00213/right,positive,train,step22_unlabeled_seller_c548c90aa09aaf640b56,same_seller_split_positive,1,0,1,0,1.000000000000
synthetic://step22/v1/positive/p00214/left||synthetic://step22/v1/positive/p00214/right,synthetic://step22/v1/positive/p00214/left,synthetic://step22/v1/positive/p00214/right,positive,train,step22_unlabeled_seller_66998e9fda5f0c3509ab,same_seller_split_positive,1,0,1,0,1.000000000000
synthetic://step22/v1/positive/p00215/left||synthetic://step22/v1/positive/p00215/right,synthetic://step22/v1/positive/p00215/left,synthetic://step22/v1/positive/p00215/right,positive,train,step22_unlabeled_seller_4f7785581b97d311e1bc,same_seller_split_positive,1,0,1,0,1.000000000000
synthetic://step22/v1/positive/p00216/left||synthetic://step22/v1/positive/p00216/right,synthetic://step22/v1/positive/p00216/left,synthetic://step22/v1/positive/p00216/right,positive,train,step22_unlabeled_seller_a2ab8f4c5162a19fde83,same_seller_split_positive,1,0,1,0,1.000000000000
synthetic://step22/v1/positive/p00217/left||synthetic://step22/v1/positive/p00217/right,synthetic://step22/v1/positive/p00217/left,synthetic://step22/v1/positive/p00217/right,positive,train,step22_unlabeled_seller_c5c31dae67b3a05a05eb,same_seller_split_positive,1,0,1,0,1.000000000000
synthetic://step22/v1/positive/p00218/left||synthetic://step22/v1/positive/p00218/right,synthetic://step22/v1/positive/p00218/left,synthetic://step22/v1/positive/p00218/right,positive,train,zh_target_strict_cc_540db623f3f9599c,same_seller_split_positive,1,0,1,0,1.000000000000
synthetic://step22/v1/positive/p00219/left||synthetic://step22/v1/positive/p00219/right,synthetic://step22/v1/positive/p00219/left,synthetic://step22/v1/positive/p00219/right,positive,train,step22_unlabeled_seller_44035dee94a2f73840f5,same_seller_split_positive,1,0,1,0,1.000000000000
synthetic://step22/v1/positive/p00220/left||synthetic://step22/v1/positive/p00220/right,synthetic://step22/v1/positive/p00220/left,synthetic://step22/v1/positive/p00220/right,positive,train,step22_unlabeled_seller_79996ccd7a9a24a4cfce,same_seller_split_positive,1,0,1,0,1.000000000000
synthetic://step22/v1/positive/p00221/left||synthetic://step22/v1/positive/p00221/right,synthetic://step22/v1/positive/p00221/left,synthetic://step22/v1/positive/p00221/right,positive,train,zh_target_strict_cc_9e435cf6bbaaa3e5,same_seller_split_positive,1,0,1,0,1.000000000000
synthetic://step22/v1/positive/p00222/left||synthetic://step22/v1/positive/p00222/right,synthetic://step22/v1/positive/p00222/left,synthetic://step22/v1/positive/p00222/right,positive,train,step22_unlabeled_seller_e78ccfde665287f92a2a,same_seller_split_positive,1,0,1,0,1.000000000000
synthetic://step22/v1/positive/p00223/left||synthetic://step22/v1/positive/p00223/right,synthetic://step22/v1/positive/p00223/left,synthetic://step22/v1/positive/p00223/right,positive,train,step22_unlabeled_seller_703123cd6fa22d5df66b,same_seller_split_positive,1,0,1,0,1.000000000000
synthetic://step22/v1/positive/p00224/left||synthetic://step22/v1/positive/p00224/right,synthetic://step22/v1/positive/p00224/left,synthetic://step22/v1/positive/p00224/right,positive,train,step22_unlabeled_seller_323b8ea59c8137aec8d1,same_seller_split_positive,1,0,1,0,1.000000000000
synthetic://step22/v1/positive/p00225/left||synthetic://step22/v1/positive/p00225/right,synthetic://step22/v1/positive/p00225/left,synthetic://step22/v1/positive/p00225/right,positive,train,step22_unlabeled_seller_26196cbb56d18affa001,same_seller_split_positive,1,0,1,0,1.000000000000
synthetic://step22/v1/positive/p00226/left||synthetic://step22/v1/positive/p00226/right,synthetic://step22/v1/positive/p00226/left,synthetic://step22/v1/positive/p00226/right,positive,train,step22_unlabeled_seller_5f6820fb70694535014e,same_seller_split_positive,1,0,1,0,1.000000000000
synthetic://step22/v1/positive/p00227/left||synthetic://step22/v1/positive/p00227/right,synthetic://step22/v1/positive/p00227/left,synthetic://step22/v1/positive/p00227/right,positive,train,zh_target_strict_cc_1234aba824302a63,same_seller_split_positive,1,0,1,0,1.000000000000
synthetic://step22/v1/positive/p00228/left||synthetic://step22/v1/positive/p00228/right,synthetic://step22/v1/positive/p00228/left,synthetic://step22/v1/positive/p00228/right,positive,train,step22_unlabeled_seller_b9de37aac3429905c0f0,same_seller_split_positive,1,0,1,0,1.000000000000
synthetic://step22/v1/positive/p00229/left||synthetic://step22/v1/positive/p00229/right,synthetic://step22/v1/positive/p00229/left,synthetic://step22/v1/positive/p00229/right,positive,train,step22_unlabeled_seller_6f2b68b68462c172f834,same_seller_split_positive,1,0,1,0,1.000000000000
synthetic://step22/v1/positive/p00230/left||synthetic://step22/v1/positive/p00230/right,synthetic://step22/v1/positive/p00230/left,synthetic://step22/v1/positive/p00230/right,positive,train,step22_unlabeled_seller_78895d3f102ec6690233,same_seller_split_positive,1,0,1,0,1.000000000000
synthetic://step22/v1/positive/p00231/left||synthetic://step22/v1/positive/p00231/right,synthetic://step22/v1/positive/p00231/left,synthetic://step22/v1/positive/p00231/right,positive,train,step22_unlabeled_seller_a0b8a2a02be9f6196d70,same_seller_split_positive,1,0,1,0,1.000000000000
synthetic://step22/v1/positive/p00232/left||synthetic://step22/v1/positive/p00232/right,synthetic://step22/v1/positive/p00232/left,synthetic://step22/v1/positive/p00232/right,positive,train,zh_target_strict_cc_5ab9a9542992a12d,same_seller_split_positive,1,0,1,0,1.000000000000
synthetic://step22/v1/positive/p00233/left||synthetic://step22/v1/positive/p00233/right,synthetic://step22/v1/positive/p00233/left,synthetic://step22/v1/positive/p00233/right,positive,train,step22_unlabeled_seller_e610d9b89a08a7f4a70d,same_seller_split_positive,1,0,1,0,1.000000000000
synthetic://step22/v1/positive/p00234/left||synthetic://step22/v1/positive/p00234/right,synthetic://step22/v1/positive/p00234/left,synthetic://step22/v1/positive/p00234/right,positive,train,zh_target_strict_cc_02aa2283e7c4b2b7,same_seller_split_positive,1,0,1,0,1.000000000000
synthetic://step22/v1/positive/p00235/left||synthetic://step22/v1/positive/p00235/right,synthetic://step22/v1/positive/p00235/left,synthetic://step22/v1/positive/p00235/right,positive,train,step22_unlabeled_seller_12ba6f7e6365403cd366,same_seller_split_positive,1,0,1,0,1.000000000000
synthetic://step22/v1/positive/p00236/left||synthetic://step22/v1/positive/p00236/right,synthetic://step22/v1/positive/p00236/left,synthetic://step22/v1/positive/p00236/right,positive,train,step22_unlabeled_seller_42478d145307d017c10c,same_seller_split_positive,1,0,1,0,1.000000000000
synthetic://step22/v1/positive/p00237/left||synthetic://step22/v1/positive/p00237/right,synthetic://step22/v1/positive/p00237/left,synthetic://step22/v1/positive/p00237/right,positive,train,zh_target_strict_cc_8a36a12d1bb0d48c,same_seller_split_positive,1,0,1,0,1.000000000000
synthetic://step22/v1/positive/p00238/left||synthetic://step22/v1/positive/p00238/right,synthetic://step22/v1/positive/p00238/left,synthetic://step22/v1/positive/p00238/right,positive,train,zh_target_strict_cc_583ebde7d72d4d78,same_seller_split_positive,1,0,1,0,1.000000000000
synthetic://step22/v1/positive/p00239/left||synthetic://step22/v1/positive/p00239/right,synthetic://step22/v1/positive/p00239/left,synthetic://step22/v1/positive/p00239/right,positive,train,step22_unlabeled_seller_ea517226f9f11383d513,same_seller_split_positive,1,0,1,0,1.000000000000
synthetic://step22/v1/positive/p00240/left||synthetic://step22/v1/positive/p00240/right,synthetic://step22/v1/positive/p00240/left,synthetic://step22/v1/positive/p00240/right,positive,train,step22_unlabeled_seller_c1c242b7ab40adaee6f9,same_seller_split_positive,1,0,1,0,1.000000000000
synthetic://step22/v1/positive/p00241/left||synthetic://step22/v1/positive/p00241/right,synthetic://step22/v1/positive/p00241/left,synthetic://step22/v1/positive/p00241/right,positive,train,step22_unlabeled_seller_bed6046c4b02ab5d34c6,same_seller_split_positive,1,0,1,0,1.000000000000
synthetic://step22/v1/positive/p00242/left||synthetic://step22/v1/positive/p00242/right,synthetic://step22/v1/positive/p00242/left,synthetic://step22/v1/positive/p00242/right,positive,train,step22_unlabeled_seller_42d6f29f363777671985,same_seller_split_positive,1,0,1,0,1.000000000000
synthetic://step22/v1/positive/p00243/left||synthetic://step22/v1/positive/p00243/right,synthetic://step22/v1/positive/p00243/left,synthetic://step22/v1/positive/p00243/right,positive,train,step22_unlabeled_seller_7c748360914ab3d46124,same_seller_split_positive,1,0,1,0,1.000000000000
synthetic://step22/v1/positive/p00244/left||synthetic://step22/v1/positive/p00244/right,synthetic://step22/v1/positive/p00244/left,synthetic://step22/v1/positive/p00244/right,positive,train,step22_unlabeled_seller_e775d56e0ad1af581420,same_seller_split_positive,1,0,1,0,1.000000000000
synthetic://step22/v1/positive/p00245/left||synthetic://step22/v1/positive/p00245/right,synthetic://step22/v1/positive/p00245/left,synthetic://step22/v1/positive/p00245/right,positive,train,step22_unlabeled_seller_9657b9f7a989af80a00e,same_seller_split_positive,1,0,1,0,1.000000000000
synthetic://step22/v1/positive/p00246/left||synthetic://step22/v1/positive/p00246/right,synthetic://step22/v1/positive/p00246/left,synthetic://step22/v1/positive/p00246/right,positive,train,zh_target_strict_cc_6d42501cee919350,same_seller_split_positive,1,0,1,0,1.000000000000
synthetic://step22/v1/positive/p00247/left||synthetic://step22/v1/positive/p00247/right,synthetic://step22/v1/positive/p00247/left,synthetic://step22/v1/positive/p00247/right,positive,train,step22_unlabeled_seller_b90b5384453144922a15,same_seller_split_positive,1,0,1,0,1.000000000000
synthetic://step22/v1/positive/p00248/left||synthetic://step22/v1/positive/p00248/right,synthetic://step22/v1/positive/p00248/left,synthetic://step22/v1/positive/p00248/right,positive,train,step22_unlabeled_seller_c0c577735048c654b071,same_seller_split_positive,1,0,1,0,1.000000000000
synthetic://step22/v1/positive/p00249/left||synthetic://step22/v1/positive/p00249/right,synthetic://step22/v1/positive/p00249/left,synthetic://step22/v1/positive/p00249/right,positive,train,step22_unlabeled_seller_7b876e095d12b368ff7a,same_seller_split_positive,1,0,1,0,1.000000000000
synthetic://step22/v1/positive/p00250/left||synthetic://step22/v1/positive/p00250/right,synthetic://step22/v1/positive/p00250/left,synthetic://step22/v1/positive/p00250/right,positive,train,step22_unlabeled_seller_90c7e4196c75c692bacd,same_seller_split_positive,1,0,1,0,1.000000000000
synthetic://step22/v1/positive/p00251/left||synthetic://step22/v1/positive/p00251/right,synthetic://step22/v1/positive/p00251/left,synthetic://step22/v1/positive/p00251/right,positive,train,zh_target_strict_cc_9ad2ae4ca9a83c6a,same_seller_split_positive,1,0,1,0,1.000000000000
synthetic://step22/v1/positive/p00252/left||synthetic://step22/v1/positive/p00252/right,synthetic://step22/v1/positive/p00252/left,synthetic://step22/v1/positive/p00252/right,positive,train,step22_unlabeled_seller_7d2519fceb71f7b9738d,same_seller_split_positive,1,0,1,0,1.000000000000
synthetic://step22/v1/positive/p00253/left||synthetic://step22/v1/positive/p00253/right,synthetic://step22/v1/positive/p00253/left,synthetic://step22/v1/positive/p00253/right,positive,train,step22_unlabeled_seller_5a9c642ccb3ec32ab60e,same_seller_split_positive,1,0,1,0,1.000000000000
synthetic://step22/v1/positive/p00254/left||synthetic://step22/v1/positive/p00254/right,synthetic://step22/v1/positive/p00254/left,synthetic://step22/v1/positive/p00254/right,positive,train,step22_unlabeled_seller_60b8e3364e8fce7437d8,same_seller_split_positive,1,0,1,0,1.000000000000
synthetic://step22/v1/positive/p00255/left||synthetic://step22/v1/positive/p00255/right,synthetic://step22/v1/positive/p00255/left,synthetic://step22/v1/positive/p00255/right,positive,train,step22_unlabeled_seller_9a7e5b72c49390224798,same_seller_split_positive,1,0,1,0,1.000000000000
synthetic://step22/v1/positive/p00256/left||synthetic://step22/v1/positive/p00256/right,synthetic://step22/v1/positive/p00256/left,synthetic://step22/v1/positive/p00256/right,positive,train,step22_unlabeled_seller_0d547552ab30221da564,same_seller_split_positive,1,0,1,0,1.000000000000
synthetic://step22/v1/positive/p00257/left||synthetic://step22/v1/positive/p00257/right,synthetic://step22/v1/positive/p00257/left,synthetic://step22/v1/positive/p00257/right,positive,train,zh_target_strict_cc_2e5c7caaf65dd8e0,same_seller_split_positive,1,0,1,0,1.000000000000
synthetic://step22/v1/positive/p00258/left||synthetic://step22/v1/positive/p00258/right,synthetic://step22/v1/positive/p00258/left,synthetic://step22/v1/positive/p00258/right,positive,train,zh_target_strict_cc_50c6ef9245347923,same_seller_split_positive,1,0,1,0,1.000000000000
synthetic://step22/v1/positive/p00259/left||synthetic://step22/v1/positive/p00259/right,synthetic://step22/v1/positive/p00259/left,synthetic://step22/v1/positive/p00259/right,positive,train,step22_unlabeled_seller_63be648c2df789ae6a2e,same_seller_split_positive,1,0,1,0,1.000000000000
synthetic://step22/v1/positive/p00260/left||synthetic://step22/v1/positive/p00260/right,synthetic://step22/v1/positive/p00260/left,synthetic://step22/v1/positive/p00260/right,positive,train,zh_target_strict_cc_8143700a54ec0f46,same_seller_split_positive,1,0,1,0,1.000000000000
synthetic://step22/v1/positive/p00261/left||synthetic://step22/v1/positive/p00261/right,synthetic://step22/v1/positive/p00261/left,synthetic://step22/v1/positive/p00261/right,positive,train,step22_unlabeled_seller_740d95d48730e990636b,same_seller_split_positive,1,0,1,0,1.000000000000
synthetic://step22/v1/positive/p00262/left||synthetic://step22/v1/positive/p00262/right,synthetic://step22/v1/positive/p00262/left,synthetic://step22/v1/positive/p00262/right,positive,train,step22_unlabeled_seller_be6d5c3e39c75e2c60b3,same_seller_split_positive,1,0,1,0,1.000000000000
synthetic://step22/v1/positive/p00263/left||synthetic://step22/v1/positive/p00263/right,synthetic://step22/v1/positive/p00263/left,synthetic://step22/v1/positive/p00263/right,positive,train,step22_unlabeled_seller_2ff05995e07196d0400a,same_seller_split_positive,1,0,1,0,1.000000000000
synthetic://step22/v1/positive/p00264/left||synthetic://step22/v1/positive/p00264/right,synthetic://step22/v1/positive/p00264/left,synthetic://step22/v1/positive/p00264/right,positive,train,zh_target_strict_cc_bdbbd819a13285cb,same_seller_split_positive,1,0,1,0,1.000000000000
synthetic://step22/v1/positive/p00265/left||synthetic://step22/v1/positive/p00265/right,synthetic://step22/v1/positive/p00265/left,synthetic://step22/v1/positive/p00265/right,positive,train,step22_unlabeled_seller_54d3d183918f56188907,same_seller_split_positive,1,0,1,0,1.000000000000
synthetic://step22/v1/positive/p00266/left||synthetic://step22/v1/positive/p00266/right,synthetic://step22/v1/positive/p00266/left,synthetic://step22/v1/positive/p00266/right,positive,train,zh_target_strict_cc_c1b29797a191ad53,same_seller_split_positive,1,0,1,0,1.000000000000
synthetic://step22/v1/positive/p00267/left||synthetic://step22/v1/positive/p00267/right,synthetic://step22/v1/positive/p00267/left,synthetic://step22/v1/positive/p00267/right,positive,train,zh_target_strict_cc_540db623f3f9599c,same_seller_split_positive,1,0,1,0,1.000000000000
synthetic://step22/v1/positive/p00268/left||synthetic://step22/v1/positive/p00268/right,synthetic://step22/v1/positive/p00268/left,synthetic://step22/v1/positive/p00268/right,positive,train,step22_unlabeled_seller_df526b91eefba249dd61,same_seller_split_positive,1,0,1,0,1.000000000000
synthetic://step22/v1/positive/p00269/left||synthetic://step22/v1/positive/p00269/right,synthetic://step22/v1/positive/p00269/left,synthetic://step22/v1/positive/p00269/right,positive,train,zh_target_strict_cc_2e5c7caaf65dd8e0,same_seller_split_positive,1,0,1,0,1.000000000000
synthetic://step22/v1/positive/p00270/left||synthetic://step22/v1/positive/p00270/right,synthetic://step22/v1/positive/p00270/left,synthetic://step22/v1/positive/p00270/right,positive,train,zh_target_strict_cc_30308228dc245437,same_seller_split_positive,1,0,1,0,1.000000000000
synthetic://step22/v1/positive/p00271/left||synthetic://step22/v1/positive/p00271/right,synthetic://step22/v1/positive/p00271/left,synthetic://step22/v1/positive/p00271/right,positive,train,step22_unlabeled_seller_d5db9720ac029a53b323,same_seller_split_positive,1,0,1,0,1.000000000000
synthetic://step22/v1/positive/p00272/left||synthetic://step22/v1/positive/p00272/right,synthetic://step22/v1/positive/p00272/left,synthetic://step22/v1/positive/p00272/right,positive,train,step22_unlabeled_seller_7c0f2cecf96356d1d47e,same_seller_split_positive,1,0,1,0,1.000000000000
synthetic://step22/v1/positive/p00273/left||synthetic://step22/v1/positive/p00273/right,synthetic://step22/v1/positive/p00273/left,synthetic://step22/v1/positive/p00273/right,positive,train,step22_unlabeled_seller_621c87b176aa0ea9b684,same_seller_split_positive,1,0,1,0,1.000000000000
synthetic://step22/v1/positive/p00274/left||synthetic://step22/v1/positive/p00274/right,synthetic://step22/v1/positive/p00274/left,synthetic://step22/v1/positive/p00274/right,positive,train,step22_unlabeled_seller_864fbd5f70a84df36c43,same_seller_split_positive,1,0,1,0,1.000000000000
synthetic://step22/v1/positive/p00275/left||synthetic://step22/v1/positive/p00275/right,synthetic://step22/v1/positive/p00275/left,synthetic://step22/v1/positive/p00275/right,positive,train,step22_unlabeled_seller_57ed19c93dc1f362b0ef,same_seller_split_positive,1,0,1,0,1.000000000000
synthetic://step22/v1/positive/p00276/left||synthetic://step22/v1/positive/p00276/right,synthetic://step22/v1/positive/p00276/left,synthetic://step22/v1/positive/p00276/right,positive,train,zh_target_strict_cc_d21d5c577bf0cfc7,same_seller_split_positive,1,0,1,0,1.000000000000
synthetic://step22/v1/positive/p00277/left||synthetic://step22/v1/positive/p00277/right,synthetic://step22/v1/positive/p00277/left,synthetic://step22/v1/positive/p00277/right,positive,train,step22_unlabeled_seller_832038aaea6a42085c3a,same_seller_split_positive,1,0,1,0,1.000000000000
synthetic://step22/v1/positive/p00278/left||synthetic://step22/v1/positive/p00278/right,synthetic://step22/v1/positive/p00278/left,synthetic://step22/v1/positive/p00278/right,positive,train,step22_unlabeled_seller_d784e580f3e575628653,same_seller_split_positive,1,0,1,0,1.000000000000
synthetic://step22/v1/positive/p00279/left||synthetic://step22/v1/positive/p00279/right,synthetic://step22/v1/positive/p00279/left,synthetic://step22/v1/positive/p00279/right,positive,train,step22_unlabeled_seller_eadeac988e04c44f973a,same_seller_split_positive,1,0,1,0,1.000000000000
synthetic://step22/v1/positive/p00280/left||synthetic://step22/v1/positive/p00280/right,synthetic://step22/v1/positive/p00280/left,synthetic://step22/v1/positive/p00280/right,positive,train,step22_unlabeled_seller_5eb7494c2519b519ee83,same_seller_split_positive,1,0,1,0,1.000000000000
synthetic://step22/v1/positive/p00281/left||synthetic://step22/v1/positive/p00281/right,synthetic://step22/v1/positive/p00281/left,synthetic://step22/v1/positive/p00281/right,positive,train,step22_unlabeled_seller_6746b2bec1dec632fd6c,same_seller_split_positive,1,0,1,0,1.000000000000
synthetic://step22/v1/positive/p00282/left||synthetic://step22/v1/positive/p00282/right,synthetic://step22/v1/positive/p00282/left,synthetic://step22/v1/positive/p00282/right,positive,train,step22_unlabeled_seller_6d86f23dee6b5a5cfba9,same_seller_split_positive,1,0,1,0,1.000000000000
synthetic://step22/v1/positive/p00283/left||synthetic://step22/v1/positive/p00283/right,synthetic://step22/v1/positive/p00283/left,synthetic://step22/v1/positive/p00283/right,positive,train,step22_unlabeled_seller_6f3d77d80c2fa659862d,same_seller_split_positive,1,0,1,0,1.000000000000
synthetic://step22/v1/positive/p00284/left||synthetic://step22/v1/positive/p00284/right,synthetic://step22/v1/positive/p00284/left,synthetic://step22/v1/positive/p00284/right,positive,train,step22_unlabeled_seller_a2459066646de6b16f4b,same_seller_split_positive,1,0,1,0,1.000000000000
synthetic://step22/v1/positive/p00285/left||synthetic://step22/v1/positive/p00285/right,synthetic://step22/v1/positive/p00285/left,synthetic://step22/v1/positive/p00285/right,positive,train,step22_unlabeled_seller_14f880fbe3e9b991c544,same_seller_split_positive,1,0,1,0,1.000000000000
synthetic://step22/v1/positive/p00286/left||synthetic://step22/v1/positive/p00286/right,synthetic://step22/v1/positive/p00286/left,synthetic://step22/v1/positive/p00286/right,positive,train,step22_unlabeled_seller_30f0ad9f5ab5f264b33d,same_seller_split_positive,1,0,1,0,1.000000000000
synthetic://step22/v1/positive/p00287/left||synthetic://step22/v1/positive/p00287/right,synthetic://step22/v1/positive/p00287/left,synthetic://step22/v1/positive/p00287/right,positive,train,zh_target_strict_cc_dd6e633ee72cde4d,same_seller_split_positive,1,0,1,0,1.000000000000
synthetic://step22/v1/positive/p00288/left||synthetic://step22/v1/positive/p00288/right,synthetic://step22/v1/positive/p00288/left,synthetic://step22/v1/positive/p00288/right,positive,train,step22_unlabeled_seller_f6ce6f9461b433962ff5,same_seller_split_positive,1,0,1,0,1.000000000000
synthetic://step22/v1/positive/p00289/left||synthetic://step22/v1/positive/p00289/right,synthetic://step22/v1/positive/p00289/left,synthetic://step22/v1/positive/p00289/right,positive,train,step22_unlabeled_seller_8111951bc731250f6f98,same_seller_split_positive,1,0,1,0,1.000000000000
synthetic://step22/v1/positive/p00290/left||synthetic://step22/v1/positive/p00290/right,synthetic://step22/v1/positive/p00290/left,synthetic://step22/v1/positive/p00290/right,positive,train,zh_target_strict_cc_d5a4b7e03a6c8450,same_seller_split_positive,1,0,1,0,1.000000000000
synthetic://step22/v1/positive/p00291/left||synthetic://step22/v1/positive/p00291/right,synthetic://step22/v1/positive/p00291/left,synthetic://step22/v1/positive/p00291/right,positive,train,step22_unlabeled_seller_c748ec0ed3969c7fd0e8,same_seller_split_positive,1,0,1,0,1.000000000000
synthetic://step22/v1/positive/p00292/left||synthetic://step22/v1/positive/p00292/right,synthetic://step22/v1/positive/p00292/left,synthetic://step22/v1/positive/p00292/right,positive,train,step22_unlabeled_seller_29a1572ff6fd7f01cf43,same_seller_split_positive,1,0,1,0,1.000000000000
synthetic://step22/v1/positive/p00293/left||synthetic://step22/v1/positive/p00293/right,synthetic://step22/v1/positive/p00293/left,synthetic://step22/v1/positive/p00293/right,positive,train,zh_target_strict_cc_540db623f3f9599c,same_seller_split_positive,1,0,1,0,1.000000000000
synthetic://step22/v1/positive/p00294/left||synthetic://step22/v1/positive/p00294/right,synthetic://step22/v1/positive/p00294/left,synthetic://step22/v1/positive/p00294/right,positive,train,step22_unlabeled_seller_738fb07cecbcebde6644,same_seller_split_positive,1,0,1,0,1.000000000000
synthetic://step22/v1/positive/p00295/left||synthetic://step22/v1/positive/p00295/right,synthetic://step22/v1/positive/p00295/left,synthetic://step22/v1/positive/p00295/right,positive,train,step22_unlabeled_seller_3062c6752cdf0a5b79d2,same_seller_split_positive,1,0,1,0,1.000000000000
synthetic://step22/v1/positive/p00296/left||synthetic://step22/v1/positive/p00296/right,synthetic://step22/v1/positive/p00296/left,synthetic://step22/v1/positive/p00296/right,positive,train,step22_unlabeled_seller_9f7dd70d08341ed93ba2,same_seller_split_positive,1,0,1,0,1.000000000000
synthetic://step22/v1/positive/p00297/left||synthetic://step22/v1/positive/p00297/right,synthetic://step22/v1/positive/p00297/left,synthetic://step22/v1/positive/p00297/right,positive,train,step22_unlabeled_seller_8720b62ebbcce3926167,same_seller_split_positive,1,0,1,0,1.000000000000
synthetic://step22/v1/positive/p00298/left||synthetic://step22/v1/positive/p00298/right,synthetic://step22/v1/positive/p00298/left,synthetic://step22/v1/positive/p00298/right,positive,train,step22_unlabeled_seller_c6cf4c0e8bb597a02c3f,same_seller_split_positive,1,0,1,0,1.000000000000
synthetic://step22/v1/positive/p00299/left||synthetic://step22/v1/positive/p00299/right,synthetic://step22/v1/positive/p00299/left,synthetic://step22/v1/positive/p00299/right,positive,train,step22_unlabeled_seller_2c260c7b0d638a6b900f,same_seller_split_positive,1,0,1,0,1.000000000000
synthetic://step22/v1/positive/p00300/left||synthetic://step22/v1/positive/p00300/right,synthetic://step22/v1/positive/p00300/left,synthetic://step22/v1/positive/p00300/right,positive,train,step22_unlabeled_seller_1eb5c6acd7d45a747e18,same_seller_split_positive,1,0,1,0,1.000000000000
synthetic://step22/v1/positive/p00301/left||synthetic://step22/v1/positive/p00301/right,synthetic://step22/v1/positive/p00301/left,synthetic://step22/v1/positive/p00301/right,positive,train,step22_unlabeled_seller_8f86a7a549758fac1e7c,same_seller_split_positive,1,0,1,0,1.000000000000
synthetic://step22/v1/positive/p00302/left||synthetic://step22/v1/positive/p00302/right,synthetic://step22/v1/positive/p00302/left,synthetic://step22/v1/positive/p00302/right,positive,train,step22_unlabeled_seller_fafe6f6faba76ee5db3a,same_seller_split_positive,1,0,1,0,1.000000000000
synthetic://step22/v1/positive/p00303/left||synthetic://step22/v1/positive/p00303/right,synthetic://step22/v1/positive/p00303/left,synthetic://step22/v1/positive/p00303/right,positive,train,zh_target_strict_cc_e21fd6d89ecb3687,same_seller_split_positive,1,0,1,0,1.000000000000
synthetic://step22/v1/positive/p00304/left||synthetic://step22/v1/positive/p00304/right,synthetic://step22/v1/positive/p00304/left,synthetic://step22/v1/positive/p00304/right,positive,train,step22_unlabeled_seller_dadfda08bad881f3dfe3,same_seller_split_positive,1,0,1,0,1.000000000000
synthetic://step22/v1/positive/p00305/left||synthetic://step22/v1/positive/p00305/right,synthetic://step22/v1/positive/p00305/left,synthetic://step22/v1/positive/p00305/right,positive,train,step22_unlabeled_seller_4162a8741265d2fc712c,same_seller_split_positive,1,0,1,0,1.000000000000
synthetic://step22/v1/positive/p00306/left||synthetic://step22/v1/positive/p00306/right,synthetic://step22/v1/positive/p00306/left,synthetic://step22/v1/positive/p00306/right,positive,train,zh_target_strict_cc_6127caefc2200ba7,same_seller_split_positive,1,0,1,0,1.000000000000
synthetic://step22/v1/positive/p00307/left||synthetic://step22/v1/positive/p00307/right,synthetic://step22/v1/positive/p00307/left,synthetic://step22/v1/positive/p00307/right,positive,train,step22_unlabeled_seller_98b5ace67b23a26c9015,same_seller_split_positive,1,0,1,0,1.000000000000
synthetic://step22/v1/positive/p00308/left||synthetic://step22/v1/positive/p00308/right,synthetic://step22/v1/positive/p00308/left,synthetic://step22/v1/positive/p00308/right,positive,train,zh_target_strict_cc_9ad2ae4ca9a83c6a,same_seller_split_positive,1,0,1,0,1.000000000000
synthetic://step22/v1/positive/p00309/left||synthetic://step22/v1/positive/p00309/right,synthetic://step22/v1/positive/p00309/left,synthetic://step22/v1/positive/p00309/right,positive,train,zh_target_strict_cc_02aa2283e7c4b2b7,same_seller_split_positive,1,0,1,0,1.000000000000
synthetic://step22/v1/positive/p00310/left||synthetic://step22/v1/positive/p00310/right,synthetic://step22/v1/positive/p00310/left,synthetic://step22/v1/positive/p00310/right,positive,train,step22_unlabeled_seller_53acd10a15e2655984bc,same_seller_split_positive,1,0,1,0,1.000000000000
synthetic://step22/v1/positive/p00311/left||synthetic://step22/v1/positive/p00311/right,synthetic://step22/v1/positive/p00311/left,synthetic://step22/v1/positive/p00311/right,positive,train,step22_unlabeled_seller_211e014b69651dcd4f26,same_seller_split_positive,1,0,1,0,1.000000000000
synthetic://step22/v1/positive/p00312/left||synthetic://step22/v1/positive/p00312/right,synthetic://step22/v1/positive/p00312/left,synthetic://step22/v1/positive/p00312/right,positive,train,step22_unlabeled_seller_844379198dff497a894a,same_seller_split_positive,1,0,1,0,1.000000000000
synthetic://step22/v1/positive/p00313/left||synthetic://step22/v1/positive/p00313/right,synthetic://step22/v1/positive/p00313/left,synthetic://step22/v1/positive/p00313/right,positive,train,zh_target_strict_cc_0209f4b7c62ccade,same_seller_split_positive,1,0,1,0,1.000000000000
synthetic://step22/v1/positive/p00314/left||synthetic://step22/v1/positive/p00314/right,synthetic://step22/v1/positive/p00314/left,synthetic://step22/v1/positive/p00314/right,positive,train,step22_unlabeled_seller_ecdd972fa591565a6224,same_seller_split_positive,1,0,1,0,1.000000000000
synthetic://step22/v1/positive/p00315/left||synthetic://step22/v1/positive/p00315/right,synthetic://step22/v1/positive/p00315/left,synthetic://step22/v1/positive/p00315/right,positive,train,step22_unlabeled_seller_5191ce10772555337d9c,same_seller_split_positive,1,0,1,0,1.000000000000
synthetic://step22/v1/positive/p00316/left||synthetic://step22/v1/positive/p00316/right,synthetic://step22/v1/positive/p00316/left,synthetic://step22/v1/positive/p00316/right,positive,train,step22_unlabeled_seller_2a6ad6924d7e214afc96,same_seller_split_positive,1,0,1,0,1.000000000000
synthetic://step22/v1/positive/p00317/left||synthetic://step22/v1/positive/p00317/right,synthetic://step22/v1/positive/p00317/left,synthetic://step22/v1/positive/p00317/right,positive,train,zh_target_strict_cc_0fcff25a0c3bd050,same_seller_split_positive,1,0,1,0,1.000000000000
synthetic://step22/v1/positive/p00318/left||synthetic://step22/v1/positive/p00318/right,synthetic://step22/v1/positive/p00318/left,synthetic://step22/v1/positive/p00318/right,positive,train,step22_unlabeled_seller_c1dc3a1ba2096a379a90,same_seller_split_positive,1,0,1,0,1.000000000000
synthetic://step22/v1/positive/p00319/left||synthetic://step22/v1/positive/p00319/right,synthetic://step22/v1/positive/p00319/left,synthetic://step22/v1/positive/p00319/right,positive,train,step22_unlabeled_seller_f917514b6da30206206a,same_seller_split_positive,1,0,1,0,1.000000000000
synthetic://step22/v1/positive/p00320/left||synthetic://step22/v1/positive/p00320/right,synthetic://step22/v1/positive/p00320/left,synthetic://step22/v1/positive/p00320/right,positive,train,step22_unlabeled_seller_c03c09e4561f0efce878,same_seller_split_positive,1,0,1,0,1.000000000000
synthetic://step22/v1/positive/p00321/left||synthetic://step22/v1/positive/p00321/right,synthetic://step22/v1/positive/p00321/left,synthetic://step22/v1/positive/p00321/right,positive,train,step22_unlabeled_seller_56aa8277a52d4b337b92,same_seller_split_positive,1,0,1,0,1.000000000000
synthetic://step22/v1/positive/p00322/left||synthetic://step22/v1/positive/p00322/right,synthetic://step22/v1/positive/p00322/left,synthetic://step22/v1/positive/p00322/right,positive,train,step22_unlabeled_seller_21525dea1b3d9a9ca8b2,same_seller_split_positive,1,0,1,0,1.000000000000
synthetic://step22/v1/positive/p00323/left||synthetic://step22/v1/positive/p00323/right,synthetic://step22/v1/positive/p00323/left,synthetic://step22/v1/positive/p00323/right,positive,train,zh_target_strict_cc_f8a04f9eb50a8430,same_seller_split_positive,1,0,1,0,1.000000000000
synthetic://step22/v1/positive/p00324/left||synthetic://step22/v1/positive/p00324/right,synthetic://step22/v1/positive/p00324/left,synthetic://step22/v1/positive/p00324/right,positive,train,step22_unlabeled_seller_f38cda3d591c30effeb6,same_seller_split_positive,1,0,1,0,1.000000000000
synthetic://step22/v1/positive/p00325/left||synthetic://step22/v1/positive/p00325/right,synthetic://step22/v1/positive/p00325/left,synthetic://step22/v1/positive/p00325/right,positive,train,zh_target_strict_cc_7c4e8e17f0966814,same_seller_split_positive,1,0,1,0,1.000000000000
synthetic://step22/v1/positive/p00326/left||synthetic://step22/v1/positive/p00326/right,synthetic://step22/v1/positive/p00326/left,synthetic://step22/v1/positive/p00326/right,positive,train,step22_unlabeled_seller_fe6804014c5270e36756,same_seller_split_positive,1,0,1,0,1.000000000000
synthetic://step22/v1/positive/p00327/left||synthetic://step22/v1/positive/p00327/right,synthetic://step22/v1/positive/p00327/left,synthetic://step22/v1/positive/p00327/right,positive,train,step22_unlabeled_seller_6642770a30c64d9ce194,same_seller_split_positive,1,0,1,0,1.000000000000
synthetic://step22/v1/positive/p00328/left||synthetic://step22/v1/positive/p00328/right,synthetic://step22/v1/positive/p00328/left,synthetic://step22/v1/positive/p00328/right,positive,train,step22_unlabeled_seller_d6225a183ef8dc02dc58,same_seller_split_positive,1,0,1,0,1.000000000000
synthetic://step22/v1/positive/p00329/left||synthetic://step22/v1/positive/p00329/right,synthetic://step22/v1/positive/p00329/left,synthetic://step22/v1/positive/p00329/right,positive,train,step22_unlabeled_seller_bac71c2c803bd4ee123a,same_seller_split_positive,1,0,1,0,1.000000000000
synthetic://step22/v1/positive/p00330/left||synthetic://step22/v1/positive/p00330/right,synthetic://step22/v1/positive/p00330/left,synthetic://step22/v1/positive/p00330/right,positive,train,step22_unlabeled_seller_02270775e69af6c5a0ea,same_seller_split_positive,1,0,1,0,1.000000000000
synthetic://step22/v1/positive/p00331/left||synthetic://step22/v1/positive/p00331/right,synthetic://step22/v1/positive/p00331/left,synthetic://step22/v1/positive/p00331/right,positive,train,step22_unlabeled_seller_00bca6fc739e4baf157c,same_seller_split_positive,1,0,1,0,1.000000000000
synthetic://step22/v1/positive/p00332/left||synthetic://step22/v1/positive/p00332/right,synthetic://step22/v1/positive/p00332/left,synthetic://step22/v1/positive/p00332/right,positive,train,step22_unlabeled_seller_25f1c0f598b312fed7ad,same_seller_split_positive,1,0,1,0,1.000000000000
synthetic://step22/v1/positive/p00333/left||synthetic://step22/v1/positive/p00333/right,synthetic://step22/v1/positive/p00333/left,synthetic://step22/v1/positive/p00333/right,positive,train,step22_unlabeled_seller_749bd48f68e537be5484,same_seller_split_positive,1,0,1,0,1.000000000000
synthetic://step22/v1/positive/p00334/left||synthetic://step22/v1/positive/p00334/right,synthetic://step22/v1/positive/p00334/left,synthetic://step22/v1/positive/p00334/right,positive,train,step22_unlabeled_seller_50fa5fd43d21d3fe3408,same_seller_split_positive,1,0,1,0,1.000000000000
synthetic://step22/v1/positive/p00335/left||synthetic://step22/v1/positive/p00335/right,synthetic://step22/v1/positive/p00335/left,synthetic://step22/v1/positive/p00335/right,positive,train,step22_unlabeled_seller_7beaa09696fda6da57fe,same_seller_split_positive,1,0,1,0,1.000000000000
synthetic://step22/v1/positive/p00336/left||synthetic://step22/v1/positive/p00336/right,synthetic://step22/v1/positive/p00336/left,synthetic://step22/v1/positive/p00336/right,positive,train,zh_target_strict_cc_391d1c0721270534,same_seller_split_positive,1,0,1,0,1.000000000000
synthetic://step22/v1/positive/p00337/left||synthetic://step22/v1/positive/p00337/right,synthetic://step22/v1/positive/p00337/left,synthetic://step22/v1/positive/p00337/right,positive,train,step22_unlabeled_seller_1d31a748ebe831c99a28,same_seller_split_positive,1,0,1,0,1.000000000000
synthetic://step22/v1/positive/p00338/left||synthetic://step22/v1/positive/p00338/right,synthetic://step22/v1/positive/p00338/left,synthetic://step22/v1/positive/p00338/right,positive,train,step22_unlabeled_seller_6da539dc008ec4370418,same_seller_split_positive,1,0,1,0,1.000000000000
synthetic://step22/v1/positive/p00339/left||synthetic://step22/v1/positive/p00339/right,synthetic://step22/v1/positive/p00339/left,synthetic://step22/v1/positive/p00339/right,positive,train,step22_unlabeled_seller_4e28b5499a76f71a2511,same_seller_split_positive,1,0,1,0,1.000000000000
synthetic://step22/v1/positive/p00340/left||synthetic://step22/v1/positive/p00340/right,synthetic://step22/v1/positive/p00340/left,synthetic://step22/v1/positive/p00340/right,positive,train,step22_unlabeled_seller_212cce9b70db2ea9af92,same_seller_split_positive,1,0,1,0,1.000000000000
synthetic://step22/v1/positive/p00341/left||synthetic://step22/v1/positive/p00341/right,synthetic://step22/v1/positive/p00341/left,synthetic://step22/v1/positive/p00341/right,positive,train,step22_unlabeled_seller_be6f23ad3f60cbfc0ac4,same_seller_split_positive,1,0,1,0,1.000000000000
synthetic://step22/v1/positive/p00342/left||synthetic://step22/v1/positive/p00342/right,synthetic://step22/v1/positive/p00342/left,synthetic://step22/v1/positive/p00342/right,positive,train,zh_target_strict_cc_3557f84f9cafa0ec,same_seller_split_positive,1,0,1,0,1.000000000000
synthetic://step22/v1/positive/p00343/left||synthetic://step22/v1/positive/p00343/right,synthetic://step22/v1/positive/p00343/left,synthetic://step22/v1/positive/p00343/right,positive,train,step22_unlabeled_seller_ad1a8f2ed5787d456d63,same_seller_split_positive,1,0,1,0,1.000000000000
synthetic://step22/v1/positive/p00344/left||synthetic://step22/v1/positive/p00344/right,synthetic://step22/v1/positive/p00344/left,synthetic://step22/v1/positive/p00344/right,positive,train,step22_unlabeled_seller_f663e9ad87b50d329259,same_seller_split_positive,1,0,1,0,1.000000000000
synthetic://step22/v1/positive/p00345/left||synthetic://step22/v1/positive/p00345/right,synthetic://step22/v1/positive/p00345/left,synthetic://step22/v1/positive/p00345/right,positive,train,step22_unlabeled_seller_39c2ee5c8aac2ab24291,same_seller_split_positive,1,0,1,0,1.000000000000
synthetic://step22/v1/positive/p00346/left||synthetic://step22/v1/positive/p00346/right,synthetic://step22/v1/positive/p00346/left,synthetic://step22/v1/positive/p00346/right,positive,train,step22_unlabeled_seller_e3aabb249afdf7a31a42,same_seller_split_positive,1,0,1,0,1.000000000000
synthetic://step22/v1/positive/p00347/left||synthetic://step22/v1/positive/p00347/right,synthetic://step22/v1/positive/p00347/left,synthetic://step22/v1/positive/p00347/right,positive,train,zh_target_strict_cc_d21d5c577bf0cfc7,same_seller_split_positive,1,0,1,0,1.000000000000
synthetic://step22/v1/positive/p00348/left||synthetic://step22/v1/positive/p00348/right,synthetic://step22/v1/positive/p00348/left,synthetic://step22/v1/positive/p00348/right,positive,train,step22_unlabeled_seller_f410c319f00228382b16,same_seller_split_positive,1,0,1,0,1.000000000000
synthetic://step22/v1/positive/p00349/left||synthetic://step22/v1/positive/p00349/right,synthetic://step22/v1/positive/p00349/left,synthetic://step22/v1/positive/p00349/right,positive,train,zh_target_strict_cc_bda6d94a4056b6e4,same_seller_split_positive,1,0,1,0,1.000000000000
synthetic://step22/v1/positive/p00350/left||synthetic://step22/v1/positive/p00350/right,synthetic://step22/v1/positive/p00350/left,synthetic://step22/v1/positive/p00350/right,positive,train,step22_unlabeled_seller_5448e862f35a689c2663,same_seller_split_positive,1,0,1,0,1.000000000000
synthetic://step22/v1/positive/p00351/left||synthetic://step22/v1/positive/p00351/right,synthetic://step22/v1/positive/p00351/left,synthetic://step22/v1/positive/p00351/right,positive,train,step22_unlabeled_seller_5858c3f9f3a21fa1729d,same_seller_split_positive,1,0,1,0,1.000000000000
synthetic://step22/v1/positive/p00352/left||synthetic://step22/v1/positive/p00352/right,synthetic://step22/v1/positive/p00352/left,synthetic://step22/v1/positive/p00352/right,positive,train,step22_unlabeled_seller_0bb009ff5057e4af90d7,same_seller_split_positive,1,0,1,0,1.000000000000
synthetic://step22/v1/positive/p00353/left||synthetic://step22/v1/positive/p00353/right,synthetic://step22/v1/positive/p00353/left,synthetic://step22/v1/positive/p00353/right,positive,train,step22_unlabeled_seller_13e047f809e5ba6b67d1,same_seller_split_positive,1,0,1,0,1.000000000000
synthetic://step22/v1/positive/p00354/left||synthetic://step22/v1/positive/p00354/right,synthetic://step22/v1/positive/p00354/left,synthetic://step22/v1/positive/p00354/right,positive,train,step22_unlabeled_seller_7231f0cb738c9ef21104,same_seller_split_positive,1,0,1,0,1.000000000000
synthetic://step22/v1/positive/p00355/left||synthetic://step22/v1/positive/p00355/right,synthetic://step22/v1/positive/p00355/left,synthetic://step22/v1/positive/p00355/right,positive,train,zh_target_strict_cc_f90ae29225a92855,same_seller_split_positive,1,0,1,0,1.000000000000
synthetic://step22/v1/positive/p00356/left||synthetic://step22/v1/positive/p00356/right,synthetic://step22/v1/positive/p00356/left,synthetic://step22/v1/positive/p00356/right,positive,train,step22_unlabeled_seller_e05cd852683e214061b4,same_seller_split_positive,1,0,1,0,1.000000000000
synthetic://step22/v1/positive/p00357/left||synthetic://step22/v1/positive/p00357/right,synthetic://step22/v1/positive/p00357/left,synthetic://step22/v1/positive/p00357/right,positive,train,step22_unlabeled_seller_b914b8a0c5923300f9ee,same_seller_split_positive,1,0,1,0,1.000000000000
synthetic://step22/v1/positive/p00358/left||synthetic://step22/v1/positive/p00358/right,synthetic://step22/v1/positive/p00358/left,synthetic://step22/v1/positive/p00358/right,positive,train,zh_target_strict_cc_8d579273f8d400c6,same_seller_split_positive,1,0,1,0,1.000000000000
synthetic://step22/v1/positive/p00359/left||synthetic://step22/v1/positive/p00359/right,synthetic://step22/v1/positive/p00359/left,synthetic://step22/v1/positive/p00359/right,positive,train,step22_unlabeled_seller_a55487a3e100b7134523,same_seller_split_positive,1,0,1,0,1.000000000000
synthetic://step22/v1/positive/p00360/left||synthetic://step22/v1/positive/p00360/right,synthetic://step22/v1/positive/p00360/left,synthetic://step22/v1/positive/p00360/right,positive,train,step22_unlabeled_seller_016bd40785162bac8154,same_seller_split_positive,1,0,1,0,1.000000000000
synthetic://step22/v1/positive/p00361/left||synthetic://step22/v1/positive/p00361/right,synthetic://step22/v1/positive/p00361/left,synthetic://step22/v1/positive/p00361/right,positive,train,step22_unlabeled_seller_f0e35ddadff403be2501,same_seller_split_positive,1,0,1,0,1.000000000000
synthetic://step22/v1/positive/p00362/left||synthetic://step22/v1/positive/p00362/right,synthetic://step22/v1/positive/p00362/left,synthetic://step22/v1/positive/p00362/right,positive,train,step22_unlabeled_seller_52a1eb6d086d43d37fa7,same_seller_split_positive,1,0,1,0,1.000000000000
synthetic://step22/v1/positive/p00363/left||synthetic://step22/v1/positive/p00363/right,synthetic://step22/v1/positive/p00363/left,synthetic://step22/v1/positive/p00363/right,positive,train,step22_unlabeled_seller_673e97443d02a196d880,same_seller_split_positive,1,0,1,0,1.000000000000
synthetic://step22/v1/positive/p00364/left||synthetic://step22/v1/positive/p00364/right,synthetic://step22/v1/positive/p00364/left,synthetic://step22/v1/positive/p00364/right,positive,train,step22_unlabeled_seller_51ca002e006293abb74b,same_seller_split_positive,1,0,1,0,1.000000000000
synthetic://step22/v1/positive/p00365/left||synthetic://step22/v1/positive/p00365/right,synthetic://step22/v1/positive/p00365/left,synthetic://step22/v1/positive/p00365/right,positive,train,step22_unlabeled_seller_264c90020c61e0c16f3a,same_seller_split_positive,1,0,1,0,1.000000000000
synthetic://step22/v1/positive/p00366/left||synthetic://step22/v1/positive/p00366/right,synthetic://step22/v1/positive/p00366/left,synthetic://step22/v1/positive/p00366/right,positive,train,step22_unlabeled_seller_c828a2b94ebb1d457bab,same_seller_split_positive,1,0,1,0,1.000000000000
synthetic://step22/v1/positive/p00367/left||synthetic://step22/v1/positive/p00367/right,synthetic://step22/v1/positive/p00367/left,synthetic://step22/v1/positive/p00367/right,positive,train,step22_unlabeled_seller_0faefb30912f48206975,same_seller_split_positive,1,0,1,0,1.000000000000
synthetic://step22/v1/positive/p00368/left||synthetic://step22/v1/positive/p00368/right,synthetic://step22/v1/positive/p00368/left,synthetic://step22/v1/positive/p00368/right,positive,train,step22_unlabeled_seller_1e1a4916003e976dee65,same_seller_split_positive,1,0,1,0,1.000000000000
synthetic://step22/v1/positive/p00369/left||synthetic://step22/v1/positive/p00369/right,synthetic://step22/v1/positive/p00369/left,synthetic://step22/v1/positive/p00369/right,positive,train,step22_unlabeled_seller_7e2aa3ffda786ea2d4f0,same_seller_split_positive,1,0,1,0,1.000000000000
synthetic://step22/v1/positive/p00370/left||synthetic://step22/v1/positive/p00370/right,synthetic://step22/v1/positive/p00370/left,synthetic://step22/v1/positive/p00370/right,positive,train,step22_unlabeled_seller_2ced66652813ff034dc6,same_seller_split_positive,1,0,1,0,1.000000000000
synthetic://step22/v1/positive/p00371/left||synthetic://step22/v1/positive/p00371/right,synthetic://step22/v1/positive/p00371/left,synthetic://step22/v1/positive/p00371/right,positive,train,zh_target_strict_cc_a0470d4df17304ad,same_seller_split_positive,1,0,1,0,1.000000000000
synthetic://step22/v1/positive/p00372/left||synthetic://step22/v1/positive/p00372/right,synthetic://step22/v1/positive/p00372/left,synthetic://step22/v1/positive/p00372/right,positive,train,step22_unlabeled_seller_9135b35c49ce60cfad1f,same_seller_split_positive,1,0,1,0,1.000000000000
synthetic://step22/v1/positive/p00373/left||synthetic://step22/v1/positive/p00373/right,synthetic://step22/v1/positive/p00373/left,synthetic://step22/v1/positive/p00373/right,positive,train,step22_unlabeled_seller_c6712dff2ab492fffa85,same_seller_split_positive,1,0,1,0,1.000000000000
synthetic://step22/v1/positive/p00374/left||synthetic://step22/v1/positive/p00374/right,synthetic://step22/v1/positive/p00374/left,synthetic://step22/v1/positive/p00374/right,positive,train,step22_unlabeled_seller_4cf549fcc55d90e3751e,same_seller_split_positive,1,0,1,0,1.000000000000
synthetic://step22/v1/positive/p00375/left||synthetic://step22/v1/positive/p00375/right,synthetic://step22/v1/positive/p00375/left,synthetic://step22/v1/positive/p00375/right,positive,train,step22_unlabeled_seller_ac207bb93936e9e740fd,same_seller_split_positive,1,0,1,0,1.000000000000
synthetic://step22/v1/positive/p00376/left||synthetic://step22/v1/positive/p00376/right,synthetic://step22/v1/positive/p00376/left,synthetic://step22/v1/positive/p00376/right,positive,train,step22_unlabeled_seller_94b68e73fcf18717e9f4,same_seller_split_positive,1,0,1,0,1.000000000000
synthetic://step22/v1/positive/p00377/left||synthetic://step22/v1/positive/p00377/right,synthetic://step22/v1/positive/p00377/left,synthetic://step22/v1/positive/p00377/right,positive,train,step22_unlabeled_seller_3a1ad3fbe2ca6a7a2cf2,same_seller_split_positive,1,0,1,0,1.000000000000
synthetic://step22/v1/positive/p00378/left||synthetic://step22/v1/positive/p00378/right,synthetic://step22/v1/positive/p00378/left,synthetic://step22/v1/positive/p00378/right,positive,train,step22_unlabeled_seller_24a2a25bd834b18787a7,same_seller_split_positive,1,0,1,0,1.000000000000
synthetic://step22/v1/positive/p00379/left||synthetic://step22/v1/positive/p00379/right,synthetic://step22/v1/positive/p00379/left,synthetic://step22/v1/positive/p00379/right,positive,train,step22_unlabeled_seller_308ea1c28e9c3cf188ec,same_seller_split_positive,1,0,1,0,1.000000000000
synthetic://step22/v1/positive/p00380/left||synthetic://step22/v1/positive/p00380/right,synthetic://step22/v1/positive/p00380/left,synthetic://step22/v1/positive/p00380/right,positive,train,step22_unlabeled_seller_88d1ad73eb06e67f4ac6,same_seller_split_positive,1,0,1,0,1.000000000000
synthetic://step22/v1/positive/p00381/left||synthetic://step22/v1/positive/p00381/right,synthetic://step22/v1/positive/p00381/left,synthetic://step22/v1/positive/p00381/right,positive,train,step22_unlabeled_seller_6c2a0384dff6096a44d8,same_seller_split_positive,1,0,1,0,1.000000000000
synthetic://step22/v1/positive/p00382/left||synthetic://step22/v1/positive/p00382/right,synthetic://step22/v1/positive/p00382/left,synthetic://step22/v1/positive/p00382/right,positive,train,step22_unlabeled_seller_dd8e95338ceae08a579d,same_seller_split_positive,1,0,1,0,1.000000000000
synthetic://step22/v1/positive/p00383/left||synthetic://step22/v1/positive/p00383/right,synthetic://step22/v1/positive/p00383/left,synthetic://step22/v1/positive/p00383/right,positive,train,step22_unlabeled_seller_a9c8b1f977350e8c8951,same_seller_split_positive,1,0,1,0,1.000000000000
synthetic://step22/v1/positive/p00384/left||synthetic://step22/v1/positive/p00384/right,synthetic://step22/v1/positive/p00384/left,synthetic://step22/v1/positive/p00384/right,positive,train,step22_unlabeled_seller_6da5e660477f8020218a,same_seller_split_positive,1,0,1,0,1.000000000000
synthetic://step22/v1/positive/p00385/left||synthetic://step22/v1/positive/p00385/right,synthetic://step22/v1/positive/p00385/left,synthetic://step22/v1/positive/p00385/right,positive,train,step22_unlabeled_seller_1ed04f7d065913f49364,same_seller_split_positive,1,0,1,0,1.000000000000
synthetic://step22/v1/positive/p00386/left||synthetic://step22/v1/positive/p00386/right,synthetic://step22/v1/positive/p00386/left,synthetic://step22/v1/positive/p00386/right,positive,train,step22_unlabeled_seller_986b2c1cb2b26a97fa98,same_seller_split_positive,1,0,1,0,1.000000000000
synthetic://step22/v1/positive/p00387/left||synthetic://step22/v1/positive/p00387/right,synthetic://step22/v1/positive/p00387/left,synthetic://step22/v1/positive/p00387/right,positive,train,step22_unlabeled_seller_6c0fef170f14a6b57998,same_seller_split_positive,1,0,1,0,1.000000000000
synthetic://step22/v1/positive/p00388/left||synthetic://step22/v1/positive/p00388/right,synthetic://step22/v1/positive/p00388/left,synthetic://step22/v1/positive/p00388/right,positive,train,step22_unlabeled_seller_5c9c984b77e2ba0ff1f0,same_seller_split_positive,1,0,1,0,1.000000000000
synthetic://step22/v1/positive/p00389/left||synthetic://step22/v1/positive/p00389/right,synthetic://step22/v1/positive/p00389/left,synthetic://step22/v1/positive/p00389/right,positive,train,step22_unlabeled_seller_d0649631f8c306ee9de4,same_seller_split_positive,1,0,1,0,1.000000000000
synthetic://step22/v1/positive/p00390/left||synthetic://step22/v1/positive/p00390/right,synthetic://step22/v1/positive/p00390/left,synthetic://step22/v1/positive/p00390/right,positive,train,step22_unlabeled_seller_c079d199080519e798d0,same_seller_split_positive,1,0,1,0,1.000000000000
synthetic://step22/v1/positive/p00391/left||synthetic://step22/v1/positive/p00391/right,synthetic://step22/v1/positive/p00391/left,synthetic://step22/v1/positive/p00391/right,positive,train,step22_unlabeled_seller_1703adc775b9d593f23f,same_seller_split_positive,1,0,1,0,1.000000000000
synthetic://step22/v1/positive/p00392/left||synthetic://step22/v1/positive/p00392/right,synthetic://step22/v1/positive/p00392/left,synthetic://step22/v1/positive/p00392/right,positive,train,zh_target_strict_cc_d21d5c577bf0cfc7,same_seller_split_positive,1,0,1,0,1.000000000000
synthetic://step22/v1/positive/p00393/left||synthetic://step22/v1/positive/p00393/right,synthetic://step22/v1/positive/p00393/left,synthetic://step22/v1/positive/p00393/right,positive,train,step22_unlabeled_seller_6d26246c3da6798629f7,same_seller_split_positive,1,0,1,0,1.000000000000
synthetic://step22/v1/positive/p00394/left||synthetic://step22/v1/positive/p00394/right,synthetic://step22/v1/positive/p00394/left,synthetic://step22/v1/positive/p00394/right,positive,train,step22_unlabeled_seller_9a95f6baca8cb361adbe,same_seller_split_positive,1,0,1,0,1.000000000000
synthetic://step22/v1/positive/p00395/left||synthetic://step22/v1/positive/p00395/right,synthetic://step22/v1/positive/p00395/left,synthetic://step22/v1/positive/p00395/right,positive,train,step22_unlabeled_seller_7a84928530855880bbbe,same_seller_split_positive,1,0,1,0,1.000000000000
synthetic://step22/v1/positive/p00396/left||synthetic://step22/v1/positive/p00396/right,synthetic://step22/v1/positive/p00396/left,synthetic://step22/v1/positive/p00396/right,positive,train,step22_unlabeled_seller_e83695f820590f3ad84c,same_seller_split_positive,1,0,1,0,1.000000000000
synthetic://step22/v1/positive/p00397/left||synthetic://step22/v1/positive/p00397/right,synthetic://step22/v1/positive/p00397/left,synthetic://step22/v1/positive/p00397/right,positive,train,step22_unlabeled_seller_0be1f5017f0c4e665902,same_seller_split_positive,1,0,1,0,1.000000000000
synthetic://step22/v1/positive/p00398/left||synthetic://step22/v1/positive/p00398/right,synthetic://step22/v1/positive/p00398/left,synthetic://step22/v1/positive/p00398/right,positive,train,step22_unlabeled_seller_7bf565dfabfe6a19e82c,same_seller_split_positive,1,0,1,0,1.000000000000
synthetic://step22/v1/positive/p00399/left||synthetic://step22/v1/positive/p00399/right,synthetic://step22/v1/positive/p00399/left,synthetic://step22/v1/positive/p00399/right,positive,train,zh_target_strict_cc_ccff1905755794ed,same_seller_split_positive,1,0,1,0,1.000000000000
synthetic://step22/v1/positive/p00400/left||synthetic://step22/v1/positive/p00400/right,synthetic://step22/v1/positive/p00400/left,synthetic://step22/v1/positive/p00400/right,positive,train,step22_unlabeled_seller_a02fa3898463526ef6cb,same_seller_split_positive,1,0,1,0,1.000000000000
synthetic://step22/v1/positive/p00401/left||synthetic://step22/v1/positive/p00401/right,synthetic://step22/v1/positive/p00401/left,synthetic://step22/v1/positive/p00401/right,positive,train,step22_unlabeled_seller_ece72567cb88e20fd35b,same_seller_split_positive,1,0,1,0,1.000000000000
synthetic://step22/v1/positive/p00402/left||synthetic://step22/v1/positive/p00402/right,synthetic://step22/v1/positive/p00402/left,synthetic://step22/v1/positive/p00402/right,positive,train,step22_unlabeled_seller_208da2969f80d9834e46,same_seller_split_positive,1,0,1,0,1.000000000000
synthetic://step22/v1/positive/p00403/left||synthetic://step22/v1/positive/p00403/right,synthetic://step22/v1/positive/p00403/left,synthetic://step22/v1/positive/p00403/right,positive,train,step22_unlabeled_seller_9610ec80e497abc628cc,same_seller_split_positive,1,0,1,0,1.000000000000
synthetic://step22/v1/positive/p00404/left||synthetic://step22/v1/positive/p00404/right,synthetic://step22/v1/positive/p00404/left,synthetic://step22/v1/positive/p00404/right,positive,train,step22_unlabeled_seller_ee6f85fd73edfd06fb03,same_seller_split_positive,1,0,1,0,1.000000000000
synthetic://step22/v1/positive/p00405/left||synthetic://step22/v1/positive/p00405/right,synthetic://step22/v1/positive/p00405/left,synthetic://step22/v1/positive/p00405/right,positive,train,step22_unlabeled_seller_b8973378955662b1746a,same_seller_split_positive,1,0,1,0,1.000000000000
synthetic://step22/v1/positive/p00406/left||synthetic://step22/v1/positive/p00406/right,synthetic://step22/v1/positive/p00406/left,synthetic://step22/v1/positive/p00406/right,positive,train,step22_unlabeled_seller_2f1307425def08773048,same_seller_split_positive,1,0,1,0,1.000000000000
synthetic://step22/v1/positive/p00407/left||synthetic://step22/v1/positive/p00407/right,synthetic://step22/v1/positive/p00407/left,synthetic://step22/v1/positive/p00407/right,positive,train,step22_unlabeled_seller_b3afe3575ebf3ed13ac0,same_seller_split_positive,1,0,1,0,1.000000000000
synthetic://step22/v1/positive/p00408/left||synthetic://step22/v1/positive/p00408/right,synthetic://step22/v1/positive/p00408/left,synthetic://step22/v1/positive/p00408/right,positive,train,step22_unlabeled_seller_4b424d248e1b4b6e82a3,same_seller_split_positive,1,0,1,0,1.000000000000
synthetic://step22/v1/positive/p00409/left||synthetic://step22/v1/positive/p00409/right,synthetic://step22/v1/positive/p00409/left,synthetic://step22/v1/positive/p00409/right,positive,train,zh_target_strict_cc_f1ea2393a16a8e9c,same_seller_split_positive,1,0,1,0,1.000000000000
synthetic://step22/v1/positive/p00410/left||synthetic://step22/v1/positive/p00410/right,synthetic://step22/v1/positive/p00410/left,synthetic://step22/v1/positive/p00410/right,positive,train,zh_target_strict_cc_f7f70f2184be4bbd,same_seller_split_positive,1,0,1,0,1.000000000000
synthetic://step22/v1/positive/p00411/left||synthetic://step22/v1/positive/p00411/right,synthetic://step22/v1/positive/p00411/left,synthetic://step22/v1/positive/p00411/right,positive,train,step22_unlabeled_seller_788c81c931259324cbea,same_seller_split_positive,1,0,1,0,1.000000000000
synthetic://step22/v1/positive/p00412/left||synthetic://step22/v1/positive/p00412/right,synthetic://step22/v1/positive/p00412/left,synthetic://step22/v1/positive/p00412/right,positive,train,zh_target_strict_cc_6c892e776bb10ae4,same_seller_split_positive,1,0,1,0,1.000000000000
synthetic://step22/v1/positive/p00413/left||synthetic://step22/v1/positive/p00413/right,synthetic://step22/v1/positive/p00413/left,synthetic://step22/v1/positive/p00413/right,positive,train,zh_target_strict_cc_ca3af113ac817cad,same_seller_split_positive,1,0,1,0,1.000000000000
synthetic://step22/v1/positive/p00414/left||synthetic://step22/v1/positive/p00414/right,synthetic://step22/v1/positive/p00414/left,synthetic://step22/v1/positive/p00414/right,positive,train,step22_unlabeled_seller_1f611fe443c1199d5fb8,same_seller_split_positive,1,0,1,0,1.000000000000
synthetic://step22/v1/positive/p00415/left||synthetic://step22/v1/positive/p00415/right,synthetic://step22/v1/positive/p00415/left,synthetic://step22/v1/positive/p00415/right,positive,train,step22_unlabeled_seller_214ac0ec7067d2794cb5,same_seller_split_positive,1,0,1,0,1.000000000000
synthetic://step22/v1/positive/p00416/left||synthetic://step22/v1/positive/p00416/right,synthetic://step22/v1/positive/p00416/left,synthetic://step22/v1/positive/p00416/right,positive,train,step22_unlabeled_seller_fdd230115921c06d609d,same_seller_split_positive,1,0,1,0,1.000000000000
synthetic://step22/v1/positive/p00417/left||synthetic://step22/v1/positive/p00417/right,synthetic://step22/v1/positive/p00417/left,synthetic://step22/v1/positive/p00417/right,positive,train,step22_unlabeled_seller_c3f292bd05c3b13912e2,same_seller_split_positive,1,0,1,0,1.000000000000
synthetic://step22/v1/positive/p00418/left||synthetic://step22/v1/positive/p00418/right,synthetic://step22/v1/positive/p00418/left,synthetic://step22/v1/positive/p00418/right,positive,train,step22_unlabeled_seller_6bd9f5694495042b1a34,same_seller_split_positive,1,0,1,0,1.000000000000
synthetic://step22/v1/positive/p00419/left||synthetic://step22/v1/positive/p00419/right,synthetic://step22/v1/positive/p00419/left,synthetic://step22/v1/positive/p00419/right,positive,train,step22_unlabeled_seller_712c9eb5ccffb8d25182,same_seller_split_positive,1,0,1,0,1.000000000000
synthetic://step22/v1/positive/p00420/left||synthetic://step22/v1/positive/p00420/right,synthetic://step22/v1/positive/p00420/left,synthetic://step22/v1/positive/p00420/right,positive,train,step22_unlabeled_seller_174ed5bf22f24d3dbe73,same_seller_split_positive,1,0,1,0,1.000000000000
synthetic://step22/v1/positive/p00421/left||synthetic://step22/v1/positive/p00421/right,synthetic://step22/v1/positive/p00421/left,synthetic://step22/v1/positive/p00421/right,positive,train,step22_unlabeled_seller_eacfa55d5806aa9e782c,same_seller_split_positive,1,0,1,0,1.000000000000
synthetic://step22/v1/positive/p00422/left||synthetic://step22/v1/positive/p00422/right,synthetic://step22/v1/positive/p00422/left,synthetic://step22/v1/positive/p00422/right,positive,train,step22_unlabeled_seller_52095d3ce38f519a1fed,same_seller_split_positive,1,0,1,0,1.000000000000
synthetic://step22/v1/positive/p00423/left||synthetic://step22/v1/positive/p00423/right,synthetic://step22/v1/positive/p00423/left,synthetic://step22/v1/positive/p00423/right,positive,train,zh_target_strict_cc_8d579273f8d400c6,same_seller_split_positive,1,0,1,0,1.000000000000
synthetic://step22/v1/positive/p00424/left||synthetic://step22/v1/positive/p00424/right,synthetic://step22/v1/positive/p00424/left,synthetic://step22/v1/positive/p00424/right,positive,train,step22_unlabeled_seller_32d0b097f36b16aca264,same_seller_split_positive,1,0,1,0,1.000000000000
synthetic://step22/v1/positive/p00425/left||synthetic://step22/v1/positive/p00425/right,synthetic://step22/v1/positive/p00425/left,synthetic://step22/v1/positive/p00425/right,positive,train,step22_unlabeled_seller_9ef44e5cdb5c4e7fac43,same_seller_split_positive,1,0,1,0,1.000000000000
synthetic://step22/v1/positive/p00426/left||synthetic://step22/v1/positive/p00426/right,synthetic://step22/v1/positive/p00426/left,synthetic://step22/v1/positive/p00426/right,positive,train,step22_unlabeled_seller_9123e7eda0985b630616,same_seller_split_positive,1,0,1,0,1.000000000000
synthetic://step22/v1/positive/p00427/left||synthetic://step22/v1/positive/p00427/right,synthetic://step22/v1/positive/p00427/left,synthetic://step22/v1/positive/p00427/right,positive,train,zh_target_strict_cc_5e47151b4b14f7ff,same_seller_split_positive,1,0,1,0,1.000000000000
synthetic://step22/v1/positive/p00428/left||synthetic://step22/v1/positive/p00428/right,synthetic://step22/v1/positive/p00428/left,synthetic://step22/v1/positive/p00428/right,positive,train,zh_target_strict_cc_a075d160d8e9bceb,same_seller_split_positive,1,0,1,0,1.000000000000
synthetic://step22/v1/positive/p00429/left||synthetic://step22/v1/positive/p00429/right,synthetic://step22/v1/positive/p00429/left,synthetic://step22/v1/positive/p00429/right,positive,train,zh_target_strict_cc_a9ca9c9cfd7003e9,same_seller_split_positive,1,0,1,0,1.000000000000
synthetic://step22/v1/positive/p00430/left||synthetic://step22/v1/positive/p00430/right,synthetic://step22/v1/positive/p00430/left,synthetic://step22/v1/positive/p00430/right,positive,train,step22_unlabeled_seller_d422c80fa656f4362f5e,same_seller_split_positive,1,0,1,0,1.000000000000
synthetic://step22/v1/positive/p00431/left||synthetic://step22/v1/positive/p00431/right,synthetic://step22/v1/positive/p00431/left,synthetic://step22/v1/positive/p00431/right,positive,train,step22_unlabeled_seller_b1850db994081bb4237e,same_seller_split_positive,1,0,1,0,1.000000000000
synthetic://step22/v1/positive/p00432/left||synthetic://step22/v1/positive/p00432/right,synthetic://step22/v1/positive/p00432/left,synthetic://step22/v1/positive/p00432/right,positive,train,step22_unlabeled_seller_9d8defcd099e2e2efe56,same_seller_split_positive,1,0,1,0,1.000000000000
synthetic://step22/v1/positive/p00433/left||synthetic://step22/v1/positive/p00433/right,synthetic://step22/v1/positive/p00433/left,synthetic://step22/v1/positive/p00433/right,positive,train,zh_target_strict_cc_a075d160d8e9bceb,same_seller_split_positive,1,0,1,0,1.000000000000
synthetic://step22/v1/positive/p00434/left||synthetic://step22/v1/positive/p00434/right,synthetic://step22/v1/positive/p00434/left,synthetic://step22/v1/positive/p00434/right,positive,train,zh_target_strict_cc_5ab9a9542992a12d,same_seller_split_positive,1,0,1,0,1.000000000000
synthetic://step22/v1/positive/p00435/left||synthetic://step22/v1/positive/p00435/right,synthetic://step22/v1/positive/p00435/left,synthetic://step22/v1/positive/p00435/right,positive,train,zh_target_strict_cc_0507bae91408c271,same_seller_split_positive,1,0,1,0,1.000000000000
synthetic://step22/v1/positive/p00436/left||synthetic://step22/v1/positive/p00436/right,synthetic://step22/v1/positive/p00436/left,synthetic://step22/v1/positive/p00436/right,positive,train,step22_unlabeled_seller_eed7c3bd89115ba15e8f,same_seller_split_positive,1,0,1,0,1.000000000000
synthetic://step22/v1/positive/p00437/left||synthetic://step22/v1/positive/p00437/right,synthetic://step22/v1/positive/p00437/left,synthetic://step22/v1/positive/p00437/right,positive,train,step22_unlabeled_seller_07ef96b0a3393d2d2f9f,same_seller_split_positive,1,0,1,0,1.000000000000
synthetic://step22/v1/positive/p00438/left||synthetic://step22/v1/positive/p00438/right,synthetic://step22/v1/positive/p00438/left,synthetic://step22/v1/positive/p00438/right,positive,train,step22_unlabeled_seller_41b30b944cbf5c0b9c82,same_seller_split_positive,1,0,1,0,1.000000000000
synthetic://step22/v1/positive/p00439/left||synthetic://step22/v1/positive/p00439/right,synthetic://step22/v1/positive/p00439/left,synthetic://step22/v1/positive/p00439/right,positive,train,zh_target_strict_cc_d5a4b7e03a6c8450,same_seller_split_positive,1,0,1,0,1.000000000000
synthetic://step22/v1/positive/p00440/left||synthetic://step22/v1/positive/p00440/right,synthetic://step22/v1/positive/p00440/left,synthetic://step22/v1/positive/p00440/right,positive,train,step22_unlabeled_seller_10581af0347c0709c0a3,same_seller_split_positive,1,0,1,0,1.000000000000
synthetic://step22/v1/positive/p00441/left||synthetic://step22/v1/positive/p00441/right,synthetic://step22/v1/positive/p00441/left,synthetic://step22/v1/positive/p00441/right,positive,train,zh_target_strict_cc_9be23801b5ee90b0,same_seller_split_positive,1,0,1,0,1.000000000000
synthetic://step22/v1/positive/p00442/left||synthetic://step22/v1/positive/p00442/right,synthetic://step22/v1/positive/p00442/left,synthetic://step22/v1/positive/p00442/right,positive,train,step22_unlabeled_seller_083b8244976ebd52e10e,same_seller_split_positive,1,0,1,0,1.000000000000
synthetic://step22/v1/positive/p00443/left||synthetic://step22/v1/positive/p00443/right,synthetic://step22/v1/positive/p00443/left,synthetic://step22/v1/positive/p00443/right,positive,train,step22_unlabeled_seller_3be00b6267547c0c871e,same_seller_split_positive,1,0,1,0,1.000000000000
synthetic://step22/v1/positive/p00444/left||synthetic://step22/v1/positive/p00444/right,synthetic://step22/v1/positive/p00444/left,synthetic://step22/v1/positive/p00444/right,positive,train,step22_unlabeled_seller_7e5b2daac5e6725d5dc5,same_seller_split_positive,1,0,1,0,1.000000000000
synthetic://step22/v1/positive/p00445/left||synthetic://step22/v1/positive/p00445/right,synthetic://step22/v1/positive/p00445/left,synthetic://step22/v1/positive/p00445/right,positive,train,step22_unlabeled_seller_962343236197927b751e,same_seller_split_positive,1,0,1,0,1.000000000000
synthetic://step22/v1/positive/p00446/left||synthetic://step22/v1/positive/p00446/right,synthetic://step22/v1/positive/p00446/left,synthetic://step22/v1/positive/p00446/right,positive,train,step22_unlabeled_seller_45e00eaa5f54c7200089,same_seller_split_positive,1,0,1,0,1.000000000000
synthetic://step22/v1/positive/p00447/left||synthetic://step22/v1/positive/p00447/right,synthetic://step22/v1/positive/p00447/left,synthetic://step22/v1/positive/p00447/right,positive,train,zh_target_strict_cc_0b81a8577b9ee929,same_seller_split_positive,1,0,1,0,1.000000000000
synthetic://step22/v1/positive/p00448/left||synthetic://step22/v1/positive/p00448/right,synthetic://step22/v1/positive/p00448/left,synthetic://step22/v1/positive/p00448/right,positive,train,zh_target_strict_cc_6c892e776bb10ae4,same_seller_split_positive,1,0,1,0,1.000000000000
synthetic://step22/v1/positive/p00449/left||synthetic://step22/v1/positive/p00449/right,synthetic://step22/v1/positive/p00449/left,synthetic://step22/v1/positive/p00449/right,positive,train,step22_unlabeled_seller_18234b6df35342399654,same_seller_split_positive,1,0,1,0,1.000000000000
synthetic://step22/v1/positive/p00450/left||synthetic://step22/v1/positive/p00450/right,synthetic://step22/v1/positive/p00450/left,synthetic://step22/v1/positive/p00450/right,positive,train,step22_unlabeled_seller_f55ede6eb6a71437fd9a,same_seller_split_positive,1,0,1,0,1.000000000000
synthetic://step22/v1/positive/p00451/left||synthetic://step22/v1/positive/p00451/right,synthetic://step22/v1/positive/p00451/left,synthetic://step22/v1/positive/p00451/right,positive,train,step22_unlabeled_seller_28f93ced9d11b6a6605c,same_seller_split_positive,1,0,1,0,1.000000000000
synthetic://step22/v1/positive/p00452/left||synthetic://step22/v1/positive/p00452/right,synthetic://step22/v1/positive/p00452/left,synthetic://step22/v1/positive/p00452/right,positive,train,zh_target_strict_cc_bdbbd819a13285cb,same_seller_split_positive,1,0,1,0,1.000000000000
synthetic://step22/v1/positive/p00453/left||synthetic://step22/v1/positive/p00453/right,synthetic://step22/v1/positive/p00453/left,synthetic://step22/v1/positive/p00453/right,positive,train,step22_unlabeled_seller_87c1fda75ca7f9c691ee,same_seller_split_positive,1,0,1,0,1.000000000000
synthetic://step22/v1/positive/p00454/left||synthetic://step22/v1/positive/p00454/right,synthetic://step22/v1/positive/p00454/left,synthetic://step22/v1/positive/p00454/right,positive,train,step22_unlabeled_seller_64bd16e228fb71f48614,same_seller_split_positive,1,0,1,0,1.000000000000
synthetic://step22/v1/positive/p00455/left||synthetic://step22/v1/positive/p00455/right,synthetic://step22/v1/positive/p00455/left,synthetic://step22/v1/positive/p00455/right,positive,train,zh_target_strict_cc_9991bf542ace4262,same_seller_split_positive,1,0,1,0,1.000000000000
synthetic://step22/v1/positive/p00456/left||synthetic://step22/v1/positive/p00456/right,synthetic://step22/v1/positive/p00456/left,synthetic://step22/v1/positive/p00456/right,positive,train,step22_unlabeled_seller_df953f10ac954228cdf8,same_seller_split_positive,1,0,1,0,1.000000000000
synthetic://step22/v1/positive/p00457/left||synthetic://step22/v1/positive/p00457/right,synthetic://step22/v1/positive/p00457/left,synthetic://step22/v1/positive/p00457/right,positive,train,step22_unlabeled_seller_c0e529390eab194ab980,same_seller_split_positive,1,0,1,0,1.000000000000
synthetic://step22/v1/positive/p00458/left||synthetic://step22/v1/positive/p00458/right,synthetic://step22/v1/positive/p00458/left,synthetic://step22/v1/positive/p00458/right,positive,train,step22_unlabeled_seller_61d005644b69c0431cca,same_seller_split_positive,1,0,1,0,1.000000000000
synthetic://step22/v1/positive/p00459/left||synthetic://step22/v1/positive/p00459/right,synthetic://step22/v1/positive/p00459/left,synthetic://step22/v1/positive/p00459/right,positive,train,step22_unlabeled_seller_de17feff1cfd6d4b6e11,same_seller_split_positive,1,0,1,0,1.000000000000
synthetic://step22/v1/positive/p00460/left||synthetic://step22/v1/positive/p00460/right,synthetic://step22/v1/positive/p00460/left,synthetic://step22/v1/positive/p00460/right,positive,train,step22_unlabeled_seller_ab7a5b006c386c5e70ca,same_seller_split_positive,1,0,1,0,1.000000000000
synthetic://step22/v1/positive/p00461/left||synthetic://step22/v1/positive/p00461/right,synthetic://step22/v1/positive/p00461/left,synthetic://step22/v1/positive/p00461/right,positive,train,step22_unlabeled_seller_57e3f9b5a4cc7a035bc5,same_seller_split_positive,1,0,1,0,1.000000000000
synthetic://step22/v1/positive/p00462/left||synthetic://step22/v1/positive/p00462/right,synthetic://step22/v1/positive/p00462/left,synthetic://step22/v1/positive/p00462/right,positive,train,zh_target_strict_cc_7da9eb6e659ef940,same_seller_split_positive,1,0,1,0,1.000000000000
synthetic://step22/v1/positive/p00463/left||synthetic://step22/v1/positive/p00463/right,synthetic://step22/v1/positive/p00463/left,synthetic://step22/v1/positive/p00463/right,positive,train,step22_unlabeled_seller_4bdb8e8ea037ae21cf4a,same_seller_split_positive,1,0,1,0,1.000000000000
synthetic://step22/v1/positive/p00464/left||synthetic://step22/v1/positive/p00464/right,synthetic://step22/v1/positive/p00464/left,synthetic://step22/v1/positive/p00464/right,positive,train,zh_target_strict_cc_8d579273f8d400c6,same_seller_split_positive,1,0,1,0,1.000000000000
synthetic://step22/v1/positive/p00465/left||synthetic://step22/v1/positive/p00465/right,synthetic://step22/v1/positive/p00465/left,synthetic://step22/v1/positive/p00465/right,positive,train,step22_unlabeled_seller_f63c2a23e18ba223af62,same_seller_split_positive,1,0,1,0,1.000000000000
synthetic://step22/v1/positive/p00466/left||synthetic://step22/v1/positive/p00466/right,synthetic://step22/v1/positive/p00466/left,synthetic://step22/v1/positive/p00466/right,positive,train,step22_unlabeled_seller_0b58b7c36bbfc20d2365,same_seller_split_positive,1,0,1,0,1.000000000000
synthetic://step22/v1/positive/p00467/left||synthetic://step22/v1/positive/p00467/right,synthetic://step22/v1/positive/p00467/left,synthetic://step22/v1/positive/p00467/right,positive,train,step22_unlabeled_seller_42349ff1c65a30f5fc63,same_seller_split_positive,1,0,1,0,1.000000000000
synthetic://step22/v1/positive/p00468/left||synthetic://step22/v1/positive/p00468/right,synthetic://step22/v1/positive/p00468/left,synthetic://step22/v1/positive/p00468/right,positive,train,zh_target_strict_cc_e052ce9c91056a43,same_seller_split_positive,1,0,1,0,1.000000000000
synthetic://step22/v1/positive/p00469/left||synthetic://step22/v1/positive/p00469/right,synthetic://step22/v1/positive/p00469/left,synthetic://step22/v1/positive/p00469/right,positive,train,zh_target_strict_cc_c1b29797a191ad53,same_seller_split_positive,1,0,1,0,1.000000000000
synthetic://step22/v1/positive/p00470/left||synthetic://step22/v1/positive/p00470/right,synthetic://step22/v1/positive/p00470/left,synthetic://step22/v1/positive/p00470/right,positive,train,zh_target_strict_cc_e01a2866bbaf02be,same_seller_split_positive,1,0,1,0,1.000000000000
synthetic://step22/v1/positive/p00471/left||synthetic://step22/v1/positive/p00471/right,synthetic://step22/v1/positive/p00471/left,synthetic://step22/v1/positive/p00471/right,positive,train,zh_target_strict_cc_f65cdcbf3ab490cb,same_seller_split_positive,1,0,1,0,1.000000000000
synthetic://step22/v1/positive/p00472/left||synthetic://step22/v1/positive/p00472/right,synthetic://step22/v1/positive/p00472/left,synthetic://step22/v1/positive/p00472/right,positive,train,step22_unlabeled_seller_58984a52322c1a5e0c3d,same_seller_split_positive,1,0,1,0,1.000000000000
synthetic://step22/v1/positive/p00473/left||synthetic://step22/v1/positive/p00473/right,synthetic://step22/v1/positive/p00473/left,synthetic://step22/v1/positive/p00473/right,positive,train,zh_target_strict_cc_ec1dc6d5a557bca9,same_seller_split_positive,1,0,1,0,1.000000000000
synthetic://step22/v1/positive/p00474/left||synthetic://step22/v1/positive/p00474/right,synthetic://step22/v1/positive/p00474/left,synthetic://step22/v1/positive/p00474/right,positive,train,step22_unlabeled_seller_906fbfc1afaf948c94d2,same_seller_split_positive,1,0,1,0,1.000000000000
synthetic://step22/v1/positive/p00475/left||synthetic://step22/v1/positive/p00475/right,synthetic://step22/v1/positive/p00475/left,synthetic://step22/v1/positive/p00475/right,positive,train,zh_target_strict_cc_20599e2b85123979,same_seller_split_positive,1,0,1,0,1.000000000000
synthetic://step22/v1/positive/p00476/left||synthetic://step22/v1/positive/p00476/right,synthetic://step22/v1/positive/p00476/left,synthetic://step22/v1/positive/p00476/right,positive,train,step22_unlabeled_seller_2533e2e890cc2869061e,same_seller_split_positive,1,0,1,0,1.000000000000
synthetic://step22/v1/positive/p00477/left||synthetic://step22/v1/positive/p00477/right,synthetic://step22/v1/positive/p00477/left,synthetic://step22/v1/positive/p00477/right,positive,train,step22_unlabeled_seller_cc6291167785cd8fc41b,same_seller_split_positive,1,0,1,0,1.000000000000
synthetic://step22/v1/positive/p00478/left||synthetic://step22/v1/positive/p00478/right,synthetic://step22/v1/positive/p00478/left,synthetic://step22/v1/positive/p00478/right,positive,train,step22_unlabeled_seller_04316949318796aad801,same_seller_split_positive,1,0,1,0,1.000000000000
synthetic://step22/v1/positive/p00479/left||synthetic://step22/v1/positive/p00479/right,synthetic://step22/v1/positive/p00479/left,synthetic://step22/v1/positive/p00479/right,positive,train,step22_unlabeled_seller_41db586e7f025e1c3c0f,same_seller_split_positive,1,0,1,0,1.000000000000
synthetic://step22/v1/positive/p00480/left||synthetic://step22/v1/positive/p00480/right,synthetic://step22/v1/positive/p00480/left,synthetic://step22/v1/positive/p00480/right,positive,train,zh_target_strict_cc_2e5c7caaf65dd8e0,same_seller_split_positive,1,0,1,0,1.000000000000
synthetic://step22/v1/positive/p00481/left||synthetic://step22/v1/positive/p00481/right,synthetic://step22/v1/positive/p00481/left,synthetic://step22/v1/positive/p00481/right,positive,train,step22_unlabeled_seller_4fa7f460304885b521ac,same_seller_split_positive,1,0,1,0,1.000000000000
synthetic://step22/v1/positive/p00482/left||synthetic://step22/v1/positive/p00482/right,synthetic://step22/v1/positive/p00482/left,synthetic://step22/v1/positive/p00482/right,positive,train,zh_target_strict_cc_540db623f3f9599c,same_seller_split_positive,1,0,1,0,1.000000000000
synthetic://step22/v1/positive/p00483/left||synthetic://step22/v1/positive/p00483/right,synthetic://step22/v1/positive/p00483/left,synthetic://step22/v1/positive/p00483/right,positive,train,step22_unlabeled_seller_985db70e2defa17a40af,same_seller_split_positive,1,0,1,0,1.000000000000
synthetic://step22/v1/positive/p00484/left||synthetic://step22/v1/positive/p00484/right,synthetic://step22/v1/positive/p00484/left,synthetic://step22/v1/positive/p00484/right,positive,train,step22_unlabeled_seller_15481887278c21c1c502,same_seller_split_positive,1,0,1,0,1.000000000000
synthetic://step22/v1/positive/p00485/left||synthetic://step22/v1/positive/p00485/right,synthetic://step22/v1/positive/p00485/left,synthetic://step22/v1/positive/p00485/right,positive,train,step22_unlabeled_seller_1937d9e3d2375b9eadae,same_seller_split_positive,1,0,1,0,1.000000000000
synthetic://step22/v1/positive/p00486/left||synthetic://step22/v1/positive/p00486/right,synthetic://step22/v1/positive/p00486/left,synthetic://step22/v1/positive/p00486/right,positive,train,step22_unlabeled_seller_83011c66d6295d69ab66,same_seller_split_positive,1,0,1,0,1.000000000000
synthetic://step22/v1/positive/p00487/left||synthetic://step22/v1/positive/p00487/right,synthetic://step22/v1/positive/p00487/left,synthetic://step22/v1/positive/p00487/right,positive,train,step22_unlabeled_seller_a71a95411a7d87c6e3b1,same_seller_split_positive,1,0,1,0,1.000000000000
synthetic://step22/v1/positive/p00488/left||synthetic://step22/v1/positive/p00488/right,synthetic://step22/v1/positive/p00488/left,synthetic://step22/v1/positive/p00488/right,positive,train,step22_unlabeled_seller_4b1e9077baf265fd60eb,same_seller_split_positive,1,0,1,0,1.000000000000
synthetic://step22/v1/positive/p00489/left||synthetic://step22/v1/positive/p00489/right,synthetic://step22/v1/positive/p00489/left,synthetic://step22/v1/positive/p00489/right,positive,train,step22_unlabeled_seller_5da33adc18a48ca7600a,same_seller_split_positive,1,0,1,0,1.000000000000
synthetic://step22/v1/positive/p00490/left||synthetic://step22/v1/positive/p00490/right,synthetic://step22/v1/positive/p00490/left,synthetic://step22/v1/positive/p00490/right,positive,train,step22_unlabeled_seller_8513ddfaff151496a06f,same_seller_split_positive,1,0,1,0,1.000000000000
synthetic://step22/v1/positive/p00491/left||synthetic://step22/v1/positive/p00491/right,synthetic://step22/v1/positive/p00491/left,synthetic://step22/v1/positive/p00491/right,positive,train,step22_unlabeled_seller_f368bb46de7d5b4e9f03,same_seller_split_positive,1,0,1,0,1.000000000000
synthetic://step22/v1/positive/p00492/left||synthetic://step22/v1/positive/p00492/right,synthetic://step22/v1/positive/p00492/left,synthetic://step22/v1/positive/p00492/right,positive,train,step22_unlabeled_seller_118f5e335d4c4807360a,same_seller_split_positive,1,0,1,0,1.000000000000
synthetic://step22/v1/positive/p00493/left||synthetic://step22/v1/positive/p00493/right,synthetic://step22/v1/positive/p00493/left,synthetic://step22/v1/positive/p00493/right,positive,train,zh_target_strict_cc_7da9eb6e659ef940,same_seller_split_positive,1,0,1,0,1.000000000000
synthetic://step22/v1/positive/p00494/left||synthetic://step22/v1/positive/p00494/right,synthetic://step22/v1/positive/p00494/left,synthetic://step22/v1/positive/p00494/right,positive,train,step22_unlabeled_seller_aef037bc8b2a9428401d,same_seller_split_positive,1,0,1,0,1.000000000000
synthetic://step22/v1/positive/p00495/left||synthetic://step22/v1/positive/p00495/right,synthetic://step22/v1/positive/p00495/left,synthetic://step22/v1/positive/p00495/right,positive,train,step22_unlabeled_seller_9562986fd9ee79792135,same_seller_split_positive,1,0,1,0,1.000000000000
synthetic://step22/v1/positive/p00496/left||synthetic://step22/v1/positive/p00496/right,synthetic://step22/v1/positive/p00496/left,synthetic://step22/v1/positive/p00496/right,positive,train,step22_unlabeled_seller_ffe0f43a77a905c45a7f,same_seller_split_positive,1,0,1,0,1.000000000000
synthetic://step22/v1/positive/p00497/left||synthetic://step22/v1/positive/p00497/right,synthetic://step22/v1/positive/p00497/left,synthetic://step22/v1/positive/p00497/right,positive,train,step22_unlabeled_seller_123be7f8ce5acd8d6fc5,same_seller_split_positive,1,0,1,0,1.000000000000
synthetic://step22/v1/positive/p00498/left||synthetic://step22/v1/positive/p00498/right,synthetic://step22/v1/positive/p00498/left,synthetic://step22/v1/positive/p00498/right,positive,train,zh_target_strict_cc_8045caf98ada5b55,same_seller_split_positive,1,0,1,0,1.000000000000
synthetic://step22/v1/positive/p00499/left||synthetic://step22/v1/positive/p00499/right,synthetic://step22/v1/positive/p00499/left,synthetic://step22/v1/positive/p00499/right,positive,train,step22_unlabeled_seller_059b01a85e4bfa27ac43,same_seller_split_positive,1,0,1,0,1.000000000000
synthetic://step22/v1/positive/p00500/left||synthetic://step22/v1/positive/p00500/right,synthetic://step22/v1/positive/p00500/left,synthetic://step22/v1/positive/p00500/right,positive,train,zh_target_strict_cc_8d33c8afc8c62613,same_seller_split_positive,1,0,1,0,1.000000000000
synthetic://step22/v1/positive/p00501/left||synthetic://step22/v1/positive/p00501/right,synthetic://step22/v1/positive/p00501/left,synthetic://step22/v1/positive/p00501/right,positive,train,step22_unlabeled_seller_1e40e7aeaba4c4e5814e,same_seller_split_positive,1,0,1,0,1.000000000000
synthetic://step22/v1/positive/p00502/left||synthetic://step22/v1/positive/p00502/right,synthetic://step22/v1/positive/p00502/left,synthetic://step22/v1/positive/p00502/right,positive,train,step22_unlabeled_seller_e2ac4028553d56b69665,same_seller_split_positive,1,0,1,0,1.000000000000
synthetic://step22/v1/positive/p00503/left||synthetic://step22/v1/positive/p00503/right,synthetic://step22/v1/positive/p00503/left,synthetic://step22/v1/positive/p00503/right,positive,train,step22_unlabeled_seller_cc50b0702da117f88717,same_seller_split_positive,1,0,1,0,1.000000000000
synthetic://step22/v1/positive/p00504/left||synthetic://step22/v1/positive/p00504/right,synthetic://step22/v1/positive/p00504/left,synthetic://step22/v1/positive/p00504/right,positive,train,step22_unlabeled_seller_450eaaeac7e8846a164a,same_seller_split_positive,1,0,1,0,1.000000000000
synthetic://step22/v1/positive/p00505/left||synthetic://step22/v1/positive/p00505/right,synthetic://step22/v1/positive/p00505/left,synthetic://step22/v1/positive/p00505/right,positive,train,step22_unlabeled_seller_489f367cb159c4a80052,same_seller_split_positive,1,0,1,0,1.000000000000
synthetic://step22/v1/positive/p00506/left||synthetic://step22/v1/positive/p00506/right,synthetic://step22/v1/positive/p00506/left,synthetic://step22/v1/positive/p00506/right,positive,train,zh_target_strict_cc_121ca4c8ff35556e,same_seller_split_positive,1,0,1,0,1.000000000000
synthetic://step22/v1/positive/p00507/left||synthetic://step22/v1/positive/p00507/right,synthetic://step22/v1/positive/p00507/left,synthetic://step22/v1/positive/p00507/right,positive,train,zh_target_strict_cc_24468cf3d79f4986,same_seller_split_positive,1,0,1,0,1.000000000000
synthetic://step22/v1/positive/p00508/left||synthetic://step22/v1/positive/p00508/right,synthetic://step22/v1/positive/p00508/left,synthetic://step22/v1/positive/p00508/right,positive,train,step22_unlabeled_seller_aa5cc6059a38ec4adfb3,same_seller_split_positive,1,0,1,0,1.000000000000
synthetic://step22/v1/positive/p00509/left||synthetic://step22/v1/positive/p00509/right,synthetic://step22/v1/positive/p00509/left,synthetic://step22/v1/positive/p00509/right,positive,train,step22_unlabeled_seller_de4210c5a635d4ea9f98,same_seller_split_positive,1,0,1,0,1.000000000000
synthetic://step22/v1/positive/p00510/left||synthetic://step22/v1/positive/p00510/right,synthetic://step22/v1/positive/p00510/left,synthetic://step22/v1/positive/p00510/right,positive,train,step22_unlabeled_seller_2007ba8ba05bc232ec9d,same_seller_split_positive,1,0,1,0,1.000000000000
synthetic://step22/v1/positive/p00511/left||synthetic://step22/v1/positive/p00511/right,synthetic://step22/v1/positive/p00511/left,synthetic://step22/v1/positive/p00511/right,positive,train,step22_unlabeled_seller_554cfe6dc0d103f22f6b,same_seller_split_positive,1,0,1,0,1.000000000000
synthetic://step22/v1/positive/p00512/left||synthetic://step22/v1/positive/p00512/right,synthetic://step22/v1/positive/p00512/left,synthetic://step22/v1/positive/p00512/right,positive,train,step22_unlabeled_seller_0585e79649a818237be6,same_seller_split_positive,1,0,1,0,1.000000000000
synthetic://step22/v1/positive/p00513/left||synthetic://step22/v1/positive/p00513/right,synthetic://step22/v1/positive/p00513/left,synthetic://step22/v1/positive/p00513/right,positive,train,step22_unlabeled_seller_c94eb8ab67b7d7a45a99,same_seller_split_positive,1,0,1,0,1.000000000000
synthetic://step22/v1/positive/p00514/left||synthetic://step22/v1/positive/p00514/right,synthetic://step22/v1/positive/p00514/left,synthetic://step22/v1/positive/p00514/right,positive,train,step22_unlabeled_seller_eab5434a5e9ace30bda1,same_seller_split_positive,1,0,1,0,1.000000000000
synthetic://step22/v1/positive/p00515/left||synthetic://step22/v1/positive/p00515/right,synthetic://step22/v1/positive/p00515/left,synthetic://step22/v1/positive/p00515/right,positive,train,zh_target_strict_cc_2e5c7caaf65dd8e0,same_seller_split_positive,1,0,1,0,1.000000000000
synthetic://step22/v1/positive/p00516/left||synthetic://step22/v1/positive/p00516/right,synthetic://step22/v1/positive/p00516/left,synthetic://step22/v1/positive/p00516/right,positive,train,zh_target_strict_cc_8d59425a6c8933a2,same_seller_split_positive,1,0,1,0,1.000000000000
synthetic://step22/v1/positive/p00517/left||synthetic://step22/v1/positive/p00517/right,synthetic://step22/v1/positive/p00517/left,synthetic://step22/v1/positive/p00517/right,positive,train,step22_unlabeled_seller_ca332e5f35dbc95dda4f,same_seller_split_positive,1,0,1,0,1.000000000000
synthetic://step22/v1/positive/p00518/left||synthetic://step22/v1/positive/p00518/right,synthetic://step22/v1/positive/p00518/left,synthetic://step22/v1/positive/p00518/right,positive,train,step22_unlabeled_seller_84d47cf1183514e13d93,same_seller_split_positive,1,0,1,0,1.000000000000
synthetic://step22/v1/positive/p00519/left||synthetic://step22/v1/positive/p00519/right,synthetic://step22/v1/positive/p00519/left,synthetic://step22/v1/positive/p00519/right,positive,train,zh_target_strict_cc_2b1fa837c0e49726,same_seller_split_positive,1,0,1,0,1.000000000000
synthetic://step22/v1/positive/p00520/left||synthetic://step22/v1/positive/p00520/right,synthetic://step22/v1/positive/p00520/left,synthetic://step22/v1/positive/p00520/right,positive,train,step22_unlabeled_seller_92b2189f933a01e94b43,same_seller_split_positive,1,0,1,0,1.000000000000
synthetic://step22/v1/positive/p00521/left||synthetic://step22/v1/positive/p00521/right,synthetic://step22/v1/positive/p00521/left,synthetic://step22/v1/positive/p00521/right,positive,train,step22_unlabeled_seller_2a108382d0efb82109b6,same_seller_split_positive,1,0,1,0,1.000000000000
synthetic://step22/v1/positive/p00522/left||synthetic://step22/v1/positive/p00522/right,synthetic://step22/v1/positive/p00522/left,synthetic://step22/v1/positive/p00522/right,positive,train,zh_target_strict_cc_22709e967eba3940,same_seller_split_positive,1,0,1,0,1.000000000000
synthetic://step22/v1/positive/p00523/left||synthetic://step22/v1/positive/p00523/right,synthetic://step22/v1/positive/p00523/left,synthetic://step22/v1/positive/p00523/right,positive,train,step22_unlabeled_seller_b34c339fd30320f9ab4b,same_seller_split_positive,1,0,1,0,1.000000000000
synthetic://step22/v1/positive/p00524/left||synthetic://step22/v1/positive/p00524/right,synthetic://step22/v1/positive/p00524/left,synthetic://step22/v1/positive/p00524/right,positive,train,step22_unlabeled_seller_cfacb565bed553da6c4e,same_seller_split_positive,1,0,1,0,1.000000000000
synthetic://step22/v1/positive/p00525/left||synthetic://step22/v1/positive/p00525/right,synthetic://step22/v1/positive/p00525/left,synthetic://step22/v1/positive/p00525/right,positive,train,zh_target_strict_cc_d30b8a7ef8b6700c,same_seller_split_positive,1,0,1,0,1.000000000000
synthetic://step22/v1/positive/p00526/left||synthetic://step22/v1/positive/p00526/right,synthetic://step22/v1/positive/p00526/left,synthetic://step22/v1/positive/p00526/right,positive,train,step22_unlabeled_seller_44752637a1c1196eb189,same_seller_split_positive,1,0,1,0,1.000000000000
synthetic://step22/v1/positive/p00527/left||synthetic://step22/v1/positive/p00527/right,synthetic://step22/v1/positive/p00527/left,synthetic://step22/v1/positive/p00527/right,positive,train,step22_unlabeled_seller_df5c113886bdeabe4107,same_seller_split_positive,1,0,1,0,1.000000000000
synthetic://step22/v1/positive/p00528/left||synthetic://step22/v1/positive/p00528/right,synthetic://step22/v1/positive/p00528/left,synthetic://step22/v1/positive/p00528/right,positive,train,zh_target_strict_cc_bdbbd819a13285cb,same_seller_split_positive,1,0,1,0,1.000000000000
synthetic://step22/v1/positive/p00529/left||synthetic://step22/v1/positive/p00529/right,synthetic://step22/v1/positive/p00529/left,synthetic://step22/v1/positive/p00529/right,positive,train,step22_unlabeled_seller_5e740fb49b69c00e6772,same_seller_split_positive,1,0,1,0,1.000000000000
synthetic://step22/v1/positive/p00530/left||synthetic://step22/v1/positive/p00530/right,synthetic://step22/v1/positive/p00530/left,synthetic://step22/v1/positive/p00530/right,positive,train,step22_unlabeled_seller_2463b3b262bdc896ed06,same_seller_split_positive,1,0,1,0,1.000000000000
synthetic://step22/v1/positive/p00531/left||synthetic://step22/v1/positive/p00531/right,synthetic://step22/v1/positive/p00531/left,synthetic://step22/v1/positive/p00531/right,positive,train,step22_unlabeled_seller_82ea18d683bc7d65965f,same_seller_split_positive,1,0,1,0,1.000000000000
synthetic://step22/v1/positive/p00532/left||synthetic://step22/v1/positive/p00532/right,synthetic://step22/v1/positive/p00532/left,synthetic://step22/v1/positive/p00532/right,positive,train,step22_unlabeled_seller_d96498bd35946c0ab774,same_seller_split_positive,1,0,1,0,1.000000000000
synthetic://step22/v1/positive/p00533/left||synthetic://step22/v1/positive/p00533/right,synthetic://step22/v1/positive/p00533/left,synthetic://step22/v1/positive/p00533/right,positive,train,step22_unlabeled_seller_fceba8c535f05f4bba20,same_seller_split_positive,1,0,1,0,1.000000000000
synthetic://step22/v1/positive/p00534/left||synthetic://step22/v1/positive/p00534/right,synthetic://step22/v1/positive/p00534/left,synthetic://step22/v1/positive/p00534/right,positive,train,step22_unlabeled_seller_b887d9ec379dc7abd119,same_seller_split_positive,1,0,1,0,1.000000000000
synthetic://step22/v1/positive/p00535/left||synthetic://step22/v1/positive/p00535/right,synthetic://step22/v1/positive/p00535/left,synthetic://step22/v1/positive/p00535/right,positive,train,step22_unlabeled_seller_db814ee627d33ff6f86e,same_seller_split_positive,1,0,1,0,1.000000000000
synthetic://step22/v1/positive/p00536/left||synthetic://step22/v1/positive/p00536/right,synthetic://step22/v1/positive/p00536/left,synthetic://step22/v1/positive/p00536/right,positive,train,step22_unlabeled_seller_d3b5ff64707c42d46e34,same_seller_split_positive,1,0,1,0,1.000000000000
synthetic://step22/v1/positive/p00537/left||synthetic://step22/v1/positive/p00537/right,synthetic://step22/v1/positive/p00537/left,synthetic://step22/v1/positive/p00537/right,positive,train,step22_unlabeled_seller_6a842691daf628726195,same_seller_split_positive,1,0,1,0,1.000000000000
synthetic://step22/v1/positive/p00538/left||synthetic://step22/v1/positive/p00538/right,synthetic://step22/v1/positive/p00538/left,synthetic://step22/v1/positive/p00538/right,positive,train,step22_unlabeled_seller_6c87cb4b5fc267d25029,same_seller_split_positive,1,0,1,0,1.000000000000
synthetic://step22/v1/positive/p00539/left||synthetic://step22/v1/positive/p00539/right,synthetic://step22/v1/positive/p00539/left,synthetic://step22/v1/positive/p00539/right,positive,train,zh_target_strict_cc_a4907cf1273476d7,same_seller_split_positive,1,0,1,0,1.000000000000
synthetic://step22/v1/positive/p00540/left||synthetic://step22/v1/positive/p00540/right,synthetic://step22/v1/positive/p00540/left,synthetic://step22/v1/positive/p00540/right,positive,train,step22_unlabeled_seller_76739695cba0db23460b,same_seller_split_positive,1,0,1,0,1.000000000000
synthetic://step22/v1/positive/p00541/left||synthetic://step22/v1/positive/p00541/right,synthetic://step22/v1/positive/p00541/left,synthetic://step22/v1/positive/p00541/right,positive,train,step22_unlabeled_seller_18decc761b9de18586a7,same_seller_split_positive,1,0,1,0,1.000000000000
synthetic://step22/v1/positive/p00542/left||synthetic://step22/v1/positive/p00542/right,synthetic://step22/v1/positive/p00542/left,synthetic://step22/v1/positive/p00542/right,positive,train,step22_unlabeled_seller_7343b7b5add89d083541,same_seller_split_positive,1,0,1,0,1.000000000000
synthetic://step22/v1/positive/p00543/left||synthetic://step22/v1/positive/p00543/right,synthetic://step22/v1/positive/p00543/left,synthetic://step22/v1/positive/p00543/right,positive,train,step22_unlabeled_seller_b17671a04a1b183ea330,same_seller_split_positive,1,0,1,0,1.000000000000
synthetic://step22/v1/positive/p00544/left||synthetic://step22/v1/positive/p00544/right,synthetic://step22/v1/positive/p00544/left,synthetic://step22/v1/positive/p00544/right,positive,train,step22_unlabeled_seller_8cd8a4e10beedf4f768a,same_seller_split_positive,1,0,1,0,1.000000000000
synthetic://step22/v1/positive/p00545/left||synthetic://step22/v1/positive/p00545/right,synthetic://step22/v1/positive/p00545/left,synthetic://step22/v1/positive/p00545/right,positive,train,step22_unlabeled_seller_d6644b0d88324c78f9a2,same_seller_split_positive,1,0,1,0,1.000000000000
synthetic://step22/v1/positive/p00546/left||synthetic://step22/v1/positive/p00546/right,synthetic://step22/v1/positive/p00546/left,synthetic://step22/v1/positive/p00546/right,positive,train,step22_unlabeled_seller_391d1bda5cea148ee385,same_seller_split_positive,1,0,1,0,1.000000000000
synthetic://step22/v1/positive/p00547/left||synthetic://step22/v1/positive/p00547/right,synthetic://step22/v1/positive/p00547/left,synthetic://step22/v1/positive/p00547/right,positive,train,step22_unlabeled_seller_da01de28455058a59082,same_seller_split_positive,1,0,1,0,1.000000000000
synthetic://step22/v1/positive/p00548/left||synthetic://step22/v1/positive/p00548/right,synthetic://step22/v1/positive/p00548/left,synthetic://step22/v1/positive/p00548/right,positive,train,step22_unlabeled_seller_879b8ad6e45263a93d3e,same_seller_split_positive,1,0,1,0,1.000000000000
synthetic://step22/v1/positive/p00549/left||synthetic://step22/v1/positive/p00549/right,synthetic://step22/v1/positive/p00549/left,synthetic://step22/v1/positive/p00549/right,positive,train,step22_unlabeled_seller_2364ec02bfdc84b1f815,same_seller_split_positive,1,0,1,0,1.000000000000
synthetic://step22/v1/positive/p00550/left||synthetic://step22/v1/positive/p00550/right,synthetic://step22/v1/positive/p00550/left,synthetic://step22/v1/positive/p00550/right,positive,train,step22_unlabeled_seller_33a430df7f58f86e8fc4,same_seller_split_positive,1,0,1,0,1.000000000000
synthetic://step22/v1/positive/p00551/left||synthetic://step22/v1/positive/p00551/right,synthetic://step22/v1/positive/p00551/left,synthetic://step22/v1/positive/p00551/right,positive,train,step22_unlabeled_seller_d1c6e7f74c58e86a76a6,same_seller_split_positive,1,0,1,0,1.000000000000
synthetic://step22/v1/positive/p00552/left||synthetic://step22/v1/positive/p00552/right,synthetic://step22/v1/positive/p00552/left,synthetic://step22/v1/positive/p00552/right,positive,train,step22_unlabeled_seller_f18f238919c52804cf3a,same_seller_split_positive,1,0,1,0,1.000000000000
synthetic://step22/v1/positive/p00553/left||synthetic://step22/v1/positive/p00553/right,synthetic://step22/v1/positive/p00553/left,synthetic://step22/v1/positive/p00553/right,positive,train,step22_unlabeled_seller_52e9120ea0ae10f6bc1c,same_seller_split_positive,1,0,1,0,1.000000000000
synthetic://step22/v1/positive/p00554/left||synthetic://step22/v1/positive/p00554/right,synthetic://step22/v1/positive/p00554/left,synthetic://step22/v1/positive/p00554/right,positive,train,step22_unlabeled_seller_e213da400d7e314f7002,same_seller_split_positive,1,0,1,0,1.000000000000
synthetic://step22/v1/positive/p00555/left||synthetic://step22/v1/positive/p00555/right,synthetic://step22/v1/positive/p00555/left,synthetic://step22/v1/positive/p00555/right,positive,train,step22_unlabeled_seller_1fed8b54b3dca1fd218a,same_seller_split_positive,1,0,1,0,1.000000000000
synthetic://step22/v1/positive/p00556/left||synthetic://step22/v1/positive/p00556/right,synthetic://step22/v1/positive/p00556/left,synthetic://step22/v1/positive/p00556/right,positive,train,zh_target_strict_cc_2e5c7caaf65dd8e0,same_seller_split_positive,1,0,1,0,1.000000000000
synthetic://step22/v1/positive/p00557/left||synthetic://step22/v1/positive/p00557/right,synthetic://step22/v1/positive/p00557/left,synthetic://step22/v1/positive/p00557/right,positive,train,step22_unlabeled_seller_1543613fb3f4a12a81f3,same_seller_split_positive,1,0,1,0,1.000000000000
synthetic://step22/v1/positive/p00558/left||synthetic://step22/v1/positive/p00558/right,synthetic://step22/v1/positive/p00558/left,synthetic://step22/v1/positive/p00558/right,positive,train,step22_unlabeled_seller_3cc3b6d5a7e1ce643dd5,same_seller_split_positive,1,0,1,0,1.000000000000
synthetic://step22/v1/positive/p00559/left||synthetic://step22/v1/positive/p00559/right,synthetic://step22/v1/positive/p00559/left,synthetic://step22/v1/positive/p00559/right,positive,train,step22_unlabeled_seller_d66c859e2c8842e9dfeb,same_seller_split_positive,1,0,1,0,1.000000000000
synthetic://step22/v1/positive/p00560/left||synthetic://step22/v1/positive/p00560/right,synthetic://step22/v1/positive/p00560/left,synthetic://step22/v1/positive/p00560/right,positive,train,step22_unlabeled_seller_02b5688106a6e78894c8,same_seller_split_positive,1,0,1,0,1.000000000000
synthetic://step22/v1/positive/p00561/left||synthetic://step22/v1/positive/p00561/right,synthetic://step22/v1/positive/p00561/left,synthetic://step22/v1/positive/p00561/right,positive,train,zh_target_strict_cc_540db623f3f9599c,same_seller_split_positive,1,0,1,0,1.000000000000
synthetic://step22/v1/positive/p00562/left||synthetic://step22/v1/positive/p00562/right,synthetic://step22/v1/positive/p00562/left,synthetic://step22/v1/positive/p00562/right,positive,train,zh_target_strict_cc_8d579273f8d400c6,same_seller_split_positive,1,0,1,0,1.000000000000
synthetic://step22/v1/positive/p00563/left||synthetic://step22/v1/positive/p00563/right,synthetic://step22/v1/positive/p00563/left,synthetic://step22/v1/positive/p00563/right,positive,train,step22_unlabeled_seller_c271e23e1ff7d7cacdc3,same_seller_split_positive,1,0,1,0,1.000000000000
synthetic://step22/v1/positive/p00564/left||synthetic://step22/v1/positive/p00564/right,synthetic://step22/v1/positive/p00564/left,synthetic://step22/v1/positive/p00564/right,positive,train,step22_unlabeled_seller_e16c1d3d5d405f9daff1,same_seller_split_positive,1,0,1,0,1.000000000000
synthetic://step22/v1/positive/p00565/left||synthetic://step22/v1/positive/p00565/right,synthetic://step22/v1/positive/p00565/left,synthetic://step22/v1/positive/p00565/right,positive,train,step22_unlabeled_seller_e1a1fbb04cef9da00e78,same_seller_split_positive,1,0,1,0,1.000000000000
synthetic://step22/v1/positive/p00566/left||synthetic://step22/v1/positive/p00566/right,synthetic://step22/v1/positive/p00566/left,synthetic://step22/v1/positive/p00566/right,positive,train,zh_target_strict_cc_2e859afa63a87be7,same_seller_split_positive,1,0,1,0,1.000000000000
synthetic://step22/v1/positive/p00567/left||synthetic://step22/v1/positive/p00567/right,synthetic://step22/v1/positive/p00567/left,synthetic://step22/v1/positive/p00567/right,positive,train,zh_target_strict_cc_ccff1905755794ed,same_seller_split_positive,1,0,1,0,1.000000000000
synthetic://step22/v1/positive/p00568/left||synthetic://step22/v1/positive/p00568/right,synthetic://step22/v1/positive/p00568/left,synthetic://step22/v1/positive/p00568/right,positive,train,zh_target_strict_cc_367bf011d659e957,same_seller_split_positive,1,0,1,0,1.000000000000
synthetic://step22/v1/positive/p00569/left||synthetic://step22/v1/positive/p00569/right,synthetic://step22/v1/positive/p00569/left,synthetic://step22/v1/positive/p00569/right,positive,train,zh_target_strict_cc_2e5c7caaf65dd8e0,same_seller_split_positive,1,0,1,0,1.000000000000
synthetic://step22/v1/positive/p00570/left||synthetic://step22/v1/positive/p00570/right,synthetic://step22/v1/positive/p00570/left,synthetic://step22/v1/positive/p00570/right,positive,train,zh_target_strict_cc_540db623f3f9599c,same_seller_split_positive,1,0,1,0,1.000000000000
synthetic://step22/v1/positive/p00571/left||synthetic://step22/v1/positive/p00571/right,synthetic://step22/v1/positive/p00571/left,synthetic://step22/v1/positive/p00571/right,positive,train,zh_target_strict_cc_a0470d4df17304ad,same_seller_split_positive,1,0,1,0,1.000000000000
synthetic://step22/v1/positive/p00572/left||synthetic://step22/v1/positive/p00572/right,synthetic://step22/v1/positive/p00572/left,synthetic://step22/v1/positive/p00572/right,positive,train,step22_unlabeled_seller_5206655565e867eda117,same_seller_split_positive,1,0,1,0,1.000000000000
synthetic://step22/v1/positive/p00573/left||synthetic://step22/v1/positive/p00573/right,synthetic://step22/v1/positive/p00573/left,synthetic://step22/v1/positive/p00573/right,positive,train,zh_target_strict_cc_f2284c6c25ecca95,same_seller_split_positive,1,0,1,0,1.000000000000
synthetic://step22/v1/positive/p00574/left||synthetic://step22/v1/positive/p00574/right,synthetic://step22/v1/positive/p00574/left,synthetic://step22/v1/positive/p00574/right,positive,train,step22_unlabeled_seller_428e10f55100b298f7fd,same_seller_split_positive,1,0,1,0,1.000000000000
synthetic://step22/v1/positive/p00575/left||synthetic://step22/v1/positive/p00575/right,synthetic://step22/v1/positive/p00575/left,synthetic://step22/v1/positive/p00575/right,positive,train,zh_target_strict_cc_efca46e72d966ee9,same_seller_split_positive,1,0,1,0,1.000000000000
synthetic://step22/v1/positive/p00576/left||synthetic://step22/v1/positive/p00576/right,synthetic://step22/v1/positive/p00576/left,synthetic://step22/v1/positive/p00576/right,positive,train,step22_unlabeled_seller_cd34f8a42a24127dab33,same_seller_split_positive,1,0,1,0,1.000000000000
synthetic://step22/v1/positive/p00577/left||synthetic://step22/v1/positive/p00577/right,synthetic://step22/v1/positive/p00577/left,synthetic://step22/v1/positive/p00577/right,positive,train,zh_target_strict_cc_9ad2ae4ca9a83c6a,same_seller_split_positive,1,0,1,0,1.000000000000
synthetic://step22/v1/positive/p00578/left||synthetic://step22/v1/positive/p00578/right,synthetic://step22/v1/positive/p00578/left,synthetic://step22/v1/positive/p00578/right,positive,train,zh_target_strict_cc_8d579273f8d400c6,same_seller_split_positive,1,0,1,0,1.000000000000
synthetic://step22/v1/positive/p00579/left||synthetic://step22/v1/positive/p00579/right,synthetic://step22/v1/positive/p00579/left,synthetic://step22/v1/positive/p00579/right,positive,train,zh_target_strict_cc_8d579273f8d400c6,same_seller_split_positive,1,0,1,0,1.000000000000
synthetic://step22/v1/positive/p00580/left||synthetic://step22/v1/positive/p00580/right,synthetic://step22/v1/positive/p00580/left,synthetic://step22/v1/positive/p00580/right,positive,train,zh_target_strict_cc_2e859afa63a87be7,same_seller_split_positive,1,0,1,0,1.000000000000
synthetic://step22/v1/positive/p00581/left||synthetic://step22/v1/positive/p00581/right,synthetic://step22/v1/positive/p00581/left,synthetic://step22/v1/positive/p00581/right,positive,train,step22_unlabeled_seller_61963d83db659d485c25,same_seller_split_positive,1,0,1,0,1.000000000000
synthetic://step22/v1/positive/p00582/left||synthetic://step22/v1/positive/p00582/right,synthetic://step22/v1/positive/p00582/left,synthetic://step22/v1/positive/p00582/right,positive,train,step22_unlabeled_seller_82775af3a580f47fb6aa,same_seller_split_positive,1,0,1,0,1.000000000000
synthetic://step22/v1/positive/p00583/left||synthetic://step22/v1/positive/p00583/right,synthetic://step22/v1/positive/p00583/left,synthetic://step22/v1/positive/p00583/right,positive,train,zh_target_strict_cc_f90ae29225a92855,same_seller_split_positive,1,0,1,0,1.000000000000
synthetic://step22/v1/positive/p00584/left||synthetic://step22/v1/positive/p00584/right,synthetic://step22/v1/positive/p00584/left,synthetic://step22/v1/positive/p00584/right,positive,train,step22_unlabeled_seller_66b0be90a29320bf06be,same_seller_split_positive,1,0,1,0,1.000000000000
synthetic://step22/v1/positive/p00585/left||synthetic://step22/v1/positive/p00585/right,synthetic://step22/v1/positive/p00585/left,synthetic://step22/v1/positive/p00585/right,positive,train,step22_unlabeled_seller_1de000697af020572a36,same_seller_split_positive,1,0,1,0,1.000000000000
synthetic://step22/v1/positive/p00586/left||synthetic://step22/v1/positive/p00586/right,synthetic://step22/v1/positive/p00586/left,synthetic://step22/v1/positive/p00586/right,positive,train,step22_unlabeled_seller_5c68eac7f38f14f86985,same_seller_split_positive,1,0,1,0,1.000000000000
synthetic://step22/v1/positive/p00587/left||synthetic://step22/v1/positive/p00587/right,synthetic://step22/v1/positive/p00587/left,synthetic://step22/v1/positive/p00587/right,positive,train,zh_target_strict_cc_b79d194b6a116fd4,same_seller_split_positive,1,0,1,0,1.000000000000
synthetic://step22/v1/positive/p00588/left||synthetic://step22/v1/positive/p00588/right,synthetic://step22/v1/positive/p00588/left,synthetic://step22/v1/positive/p00588/right,positive,train,step22_unlabeled_seller_d8c31f88626872ad66fc,same_seller_split_positive,1,0,1,0,1.000000000000
synthetic://step22/v1/positive/p00589/left||synthetic://step22/v1/positive/p00589/right,synthetic://step22/v1/positive/p00589/left,synthetic://step22/v1/positive/p00589/right,positive,train,step22_unlabeled_seller_accf93be88b452ffd520,same_seller_split_positive,1,0,1,0,1.000000000000
synthetic://step22/v1/positive/p00590/left||synthetic://step22/v1/positive/p00590/right,synthetic://step22/v1/positive/p00590/left,synthetic://step22/v1/positive/p00590/right,positive,train,step22_unlabeled_seller_6e1a9c392e12829739d8,same_seller_split_positive,1,0,1,0,1.000000000000
synthetic://step22/v1/positive/p00591/left||synthetic://step22/v1/positive/p00591/right,synthetic://step22/v1/positive/p00591/left,synthetic://step22/v1/positive/p00591/right,positive,train,step22_unlabeled_seller_8336fad09b4509df5242,same_seller_split_positive,1,0,1,0,1.000000000000
synthetic://step22/v1/positive/p00592/left||synthetic://step22/v1/positive/p00592/right,synthetic://step22/v1/positive/p00592/left,synthetic://step22/v1/positive/p00592/right,positive,train,step22_unlabeled_seller_ad9536575549ecb407dc,same_seller_split_positive,1,0,1,0,1.000000000000
synthetic://step22/v1/positive/p00593/left||synthetic://step22/v1/positive/p00593/right,synthetic://step22/v1/positive/p00593/left,synthetic://step22/v1/positive/p00593/right,positive,train,step22_unlabeled_seller_b93114ed44f1d832c45c,same_seller_split_positive,1,0,1,0,1.000000000000
synthetic://step22/v1/positive/p00594/left||synthetic://step22/v1/positive/p00594/right,synthetic://step22/v1/positive/p00594/left,synthetic://step22/v1/positive/p00594/right,positive,train,step22_unlabeled_seller_e3507e37f1985220332c,same_seller_split_positive,1,0,1,0,1.000000000000
synthetic://step22/v1/positive/p00595/left||synthetic://step22/v1/positive/p00595/right,synthetic://step22/v1/positive/p00595/left,synthetic://step22/v1/positive/p00595/right,positive,train,step22_unlabeled_seller_dd50b847712f17b4d621,same_seller_split_positive,1,0,1,0,1.000000000000
synthetic://step22/v1/positive/p00596/left||synthetic://step22/v1/positive/p00596/right,synthetic://step22/v1/positive/p00596/left,synthetic://step22/v1/positive/p00596/right,positive,train,step22_unlabeled_seller_cc0f8c607fa346f1a01b,same_seller_split_positive,1,0,1,0,1.000000000000
synthetic://step22/v1/positive/p00597/left||synthetic://step22/v1/positive/p00597/right,synthetic://step22/v1/positive/p00597/left,synthetic://step22/v1/positive/p00597/right,positive,train,step22_unlabeled_seller_9119d739e0ecb22d1afa,same_seller_split_positive,1,0,1,0,1.000000000000
synthetic://step22/v1/positive/p00598/left||synthetic://step22/v1/positive/p00598/right,synthetic://step22/v1/positive/p00598/left,synthetic://step22/v1/positive/p00598/right,positive,train,step22_unlabeled_seller_359f6a9e119de58811b4,same_seller_split_positive,1,0,1,0,1.000000000000
synthetic://step22/v1/positive/p00599/left||synthetic://step22/v1/positive/p00599/right,synthetic://step22/v1/positive/p00599/left,synthetic://step22/v1/positive/p00599/right,positive,train,step22_unlabeled_seller_2c141b9159ba4320a361,same_seller_split_positive,1,0,1,0,1.000000000000
synthetic://step22/v1/positive/p00600/left||synthetic://step22/v1/positive/p00600/right,synthetic://step22/v1/positive/p00600/left,synthetic://step22/v1/positive/p00600/right,positive,train,zh_target_strict_cc_7da9eb6e659ef940,same_seller_split_positive,1,0,1,0,1.000000000000
synthetic://step22/v1/positive/p00601/left||synthetic://step22/v1/positive/p00601/right,synthetic://step22/v1/positive/p00601/left,synthetic://step22/v1/positive/p00601/right,positive,train,zh_target_strict_cc_0f6792626c843fb6,same_seller_split_positive,1,0,1,0,1.000000000000
synthetic://step22/v1/positive/p00602/left||synthetic://step22/v1/positive/p00602/right,synthetic://step22/v1/positive/p00602/left,synthetic://step22/v1/positive/p00602/right,positive,train,step22_unlabeled_seller_ae8d5bb5505b9cc58bed,same_seller_split_positive,1,0,1,0,1.000000000000
synthetic://step22/v1/positive/p00603/left||synthetic://step22/v1/positive/p00603/right,synthetic://step22/v1/positive/p00603/left,synthetic://step22/v1/positive/p00603/right,positive,train,zh_target_strict_cc_f7f70f2184be4bbd,same_seller_split_positive,1,0,1,0,1.000000000000
synthetic://step22/v1/positive/p00604/left||synthetic://step22/v1/positive/p00604/right,synthetic://step22/v1/positive/p00604/left,synthetic://step22/v1/positive/p00604/right,positive,train,step22_unlabeled_seller_5f281b61da9cf9166e77,same_seller_split_positive,1,0,1,0,1.000000000000
synthetic://step22/v1/positive/p00605/left||synthetic://step22/v1/positive/p00605/right,synthetic://step22/v1/positive/p00605/left,synthetic://step22/v1/positive/p00605/right,positive,train,zh_target_strict_cc_8143700a54ec0f46,same_seller_split_positive,1,0,1,0,1.000000000000
synthetic://step22/v1/positive/p00606/left||synthetic://step22/v1/positive/p00606/right,synthetic://step22/v1/positive/p00606/left,synthetic://step22/v1/positive/p00606/right,positive,train,step22_unlabeled_seller_cd7dd42875fd6ec8b050,same_seller_split_positive,1,0,1,0,1.000000000000
synthetic://step22/v1/positive/p00607/left||synthetic://step22/v1/positive/p00607/right,synthetic://step22/v1/positive/p00607/left,synthetic://step22/v1/positive/p00607/right,positive,train,step22_unlabeled_seller_065893b0db187c004aef,same_seller_split_positive,1,0,1,0,1.000000000000
synthetic://step22/v1/positive/p00608/left||synthetic://step22/v1/positive/p00608/right,synthetic://step22/v1/positive/p00608/left,synthetic://step22/v1/positive/p00608/right,positive,train,step22_unlabeled_seller_7c191f1f8e1128a88063,same_seller_split_positive,1,0,1,0,1.000000000000
synthetic://step22/v1/positive/p00609/left||synthetic://step22/v1/positive/p00609/right,synthetic://step22/v1/positive/p00609/left,synthetic://step22/v1/positive/p00609/right,positive,train,step22_unlabeled_seller_d8cfdb7b009548e8268c,same_seller_split_positive,1,0,1,0,1.000000000000
synthetic://step22/v1/positive/p00610/left||synthetic://step22/v1/positive/p00610/right,synthetic://step22/v1/positive/p00610/left,synthetic://step22/v1/positive/p00610/right,positive,train,step22_unlabeled_seller_a68e425d5d9d9f9a679d,same_seller_split_positive,1,0,1,0,1.000000000000
synthetic://step22/v1/positive/p00611/left||synthetic://step22/v1/positive/p00611/right,synthetic://step22/v1/positive/p00611/left,synthetic://step22/v1/positive/p00611/right,positive,train,zh_target_strict_cc_26bf65014a42f3b2,same_seller_split_positive,1,0,1,0,1.000000000000
synthetic://step22/v1/positive/p00612/left||synthetic://step22/v1/positive/p00612/right,synthetic://step22/v1/positive/p00612/left,synthetic://step22/v1/positive/p00612/right,positive,train,step22_unlabeled_seller_93d6c2fa5ffad35569f1,same_seller_split_positive,1,0,1,0,1.000000000000
synthetic://step22/v1/positive/p00613/left||synthetic://step22/v1/positive/p00613/right,synthetic://step22/v1/positive/p00613/left,synthetic://step22/v1/positive/p00613/right,positive,train,step22_unlabeled_seller_bed3f4185b9696a11214,same_seller_split_positive,1,0,1,0,1.000000000000
synthetic://step22/v1/positive/p00614/left||synthetic://step22/v1/positive/p00614/right,synthetic://step22/v1/positive/p00614/left,synthetic://step22/v1/positive/p00614/right,positive,train,zh_target_strict_cc_373bf8893cecb2ec,same_seller_split_positive,1,0,1,0,1.000000000000
synthetic://step22/v1/positive/p00615/left||synthetic://step22/v1/positive/p00615/right,synthetic://step22/v1/positive/p00615/left,synthetic://step22/v1/positive/p00615/right,positive,train,step22_unlabeled_seller_09c81f4e76788257e7d4,same_seller_split_positive,1,0,1,0,1.000000000000
synthetic://step22/v1/positive/p00616/left||synthetic://step22/v1/positive/p00616/right,synthetic://step22/v1/positive/p00616/left,synthetic://step22/v1/positive/p00616/right,positive,train,step22_unlabeled_seller_4f4ca59499ebbd44eda5,same_seller_split_positive,1,0,1,0,1.000000000000
synthetic://step22/v1/negative/n00000/left||synthetic://step22/v1/negative/n00000/right,synthetic://step22/v1/negative/n00000/left,synthetic://step22/v1/negative/n00000/right,negative,train,zh_target_strict_cc_391d1c0721270534,reviewed_negative_item_view,1,0,1,0,1.000000000000
synthetic://step22/v1/negative/n00001/left||synthetic://step22/v1/negative/n00001/right,synthetic://step22/v1/negative/n00001/left,synthetic://step22/v1/negative/n00001/right,negative,train,zh_target_strict_cc_bdbbd819a13285cb,reviewed_negative_item_view,1,0,1,0,1.000000000000
synthetic://step22/v1/negative/n00002/left||synthetic://step22/v1/negative/n00002/right,synthetic://step22/v1/negative/n00002/left,synthetic://step22/v1/negative/n00002/right,negative,train,zh_target_strict_cc_bdbbd819a13285cb,reviewed_negative_item_view,1,0,1,0,1.000000000000
synthetic://step22/v1/negative/n00003/left||synthetic://step22/v1/negative/n00003/right,synthetic://step22/v1/negative/n00003/left,synthetic://step22/v1/negative/n00003/right,negative,train,zh_target_strict_cc_d5a4b7e03a6c8450,reviewed_negative_item_view,1,0,1,0,1.000000000000
synthetic://step22/v1/negative/n00004/left||synthetic://step22/v1/negative/n00004/right,synthetic://step22/v1/negative/n00004/left,synthetic://step22/v1/negative/n00004/right,negative,train,zh_target_strict_cc_e60bd09ea06f8cc8,reviewed_negative_item_view,1,0,1,0,1.000000000000
synthetic://step22/v1/negative/n00005/left||synthetic://step22/v1/negative/n00005/right,synthetic://step22/v1/negative/n00005/left,synthetic://step22/v1/negative/n00005/right,negative,train,zh_target_strict_cc_50c6ef9245347923,reviewed_negative_item_view,1,0,1,0,1.000000000000
synthetic://step22/v1/negative/n00006/left||synthetic://step22/v1/negative/n00006/right,synthetic://step22/v1/negative/n00006/left,synthetic://step22/v1/negative/n00006/right,negative,train,zh_target_strict_cc_6d42501cee919350,reviewed_negative_item_view,1,0,1,0,1.000000000000
synthetic://step22/v1/negative/n00007/left||synthetic://step22/v1/negative/n00007/right,synthetic://step22/v1/negative/n00007/left,synthetic://step22/v1/negative/n00007/right,negative,train,zh_target_strict_cc_8143700a54ec0f46,reviewed_negative_item_view,1,0,1,0,1.000000000000
synthetic://step22/v1/negative/n00008/left||synthetic://step22/v1/negative/n00008/right,synthetic://step22/v1/negative/n00008/left,synthetic://step22/v1/negative/n00008/right,negative,train,zh_target_strict_cc_02aa2283e7c4b2b7,reviewed_negative_item_view,1,0,1,0,1.000000000000
synthetic://step22/v1/negative/n00009/left||synthetic://step22/v1/negative/n00009/right,synthetic://step22/v1/negative/n00009/left,synthetic://step22/v1/negative/n00009/right,negative,train,zh_target_strict_cc_6d42501cee919350,reviewed_negative_item_view,1,0,1,0,1.000000000000
synthetic://step22/v1/negative/n00010/left||synthetic://step22/v1/negative/n00010/right,synthetic://step22/v1/negative/n00010/left,synthetic://step22/v1/negative/n00010/right,negative,train,zh_target_strict_cc_c1b29797a191ad53,reviewed_negative_item_view,1,0,1,0,1.000000000000
synthetic://step22/v1/negative/n00011/left||synthetic://step22/v1/negative/n00011/right,synthetic://step22/v1/negative/n00011/left,synthetic://step22/v1/negative/n00011/right,negative,train,zh_target_strict_cc_bda6d94a4056b6e4,reviewed_negative_item_view,1,0,1,0,1.000000000000
synthetic://step22/v1/negative/n00012/left||synthetic://step22/v1/negative/n00012/right,synthetic://step22/v1/negative/n00012/left,synthetic://step22/v1/negative/n00012/right,negative,train,zh_target_strict_cc_bdbbd819a13285cb,reviewed_negative_item_view,1,0,1,0,1.000000000000
synthetic://step22/v1/negative/n00013/left||synthetic://step22/v1/negative/n00013/right,synthetic://step22/v1/negative/n00013/left,synthetic://step22/v1/negative/n00013/right,negative,train,zh_target_strict_cc_a075d160d8e9bceb,reviewed_negative_item_view,1,0,1,0,1.000000000000
synthetic://step22/v1/negative/n00014/left||synthetic://step22/v1/negative/n00014/right,synthetic://step22/v1/negative/n00014/left,synthetic://step22/v1/negative/n00014/right,negative,train,zh_target_strict_cc_dd6e633ee72cde4d,reviewed_negative_item_view,1,0,1,0,1.000000000000
synthetic://step22/v1/negative/n00015/left||synthetic://step22/v1/negative/n00015/right,synthetic://step22/v1/negative/n00015/left,synthetic://step22/v1/negative/n00015/right,negative,train,zh_target_strict_cc_2e5c7caaf65dd8e0,reviewed_negative_item_view,1,0,1,0,1.000000000000
synthetic://step22/v1/negative/n00016/left||synthetic://step22/v1/negative/n00016/right,synthetic://step22/v1/negative/n00016/left,synthetic://step22/v1/negative/n00016/right,negative,train,zh_target_strict_cc_9e435cf6bbaaa3e5,reviewed_negative_item_view,1,0,1,0,1.000000000000
synthetic://step22/v1/negative/n00017/left||synthetic://step22/v1/negative/n00017/right,synthetic://step22/v1/negative/n00017/left,synthetic://step22/v1/negative/n00017/right,negative,train,zh_target_strict_cc_24468cf3d79f4986,reviewed_negative_item_view,1,0,1,0,1.000000000000
synthetic://step22/v1/negative/n00018/left||synthetic://step22/v1/negative/n00018/right,synthetic://step22/v1/negative/n00018/left,synthetic://step22/v1/negative/n00018/right,negative,train,zh_target_strict_cc_6c892e776bb10ae4,reviewed_negative_item_view,1,0,1,0,1.000000000000
synthetic://step22/v1/negative/n00019/left||synthetic://step22/v1/negative/n00019/right,synthetic://step22/v1/negative/n00019/left,synthetic://step22/v1/negative/n00019/right,negative,train,zh_target_strict_cc_8d59425a6c8933a2,reviewed_negative_item_view,1,0,1,0,1.000000000000
synthetic://step22/v1/negative/n00020/left||synthetic://step22/v1/negative/n00020/right,synthetic://step22/v1/negative/n00020/left,synthetic://step22/v1/negative/n00020/right,negative,train,zh_target_strict_cc_3b05f980bd46ca48,reviewed_negative_item_view,1,0,1,0,1.000000000000
synthetic://step22/v1/negative/n00021/left||synthetic://step22/v1/negative/n00021/right,synthetic://step22/v1/negative/n00021/left,synthetic://step22/v1/negative/n00021/right,negative,train,zh_target_strict_cc_3b05f980bd46ca48,reviewed_negative_item_view,1,0,1,0,1.000000000000
synthetic://step22/v1/negative/n00022/left||synthetic://step22/v1/negative/n00022/right,synthetic://step22/v1/negative/n00022/left,synthetic://step22/v1/negative/n00022/right,negative,train,zh_target_strict_cc_20599e2b85123979,reviewed_negative_item_view,1,0,1,0,1.000000000000
synthetic://step22/v1/negative/n00023/left||synthetic://step22/v1/negative/n00023/right,synthetic://step22/v1/negative/n00023/left,synthetic://step22/v1/negative/n00023/right,negative,train,zh_target_strict_cc_7da9eb6e659ef940,reviewed_negative_item_view,1,0,1,0,1.000000000000
synthetic://step22/v1/negative/n00024/left||synthetic://step22/v1/negative/n00024/right,synthetic://step22/v1/negative/n00024/left,synthetic://step22/v1/negative/n00024/right,negative,train,zh_target_strict_cc_e01a2866bbaf02be,reviewed_negative_item_view,1,0,1,0,1.000000000000
synthetic://step22/v1/negative/n00025/left||synthetic://step22/v1/negative/n00025/right,synthetic://step22/v1/negative/n00025/left,synthetic://step22/v1/negative/n00025/right,negative,train,zh_target_strict_cc_3b05f980bd46ca48,reviewed_negative_item_view,1,0,1,0,1.000000000000
synthetic://step22/v1/negative/n00026/left||synthetic://step22/v1/negative/n00026/right,synthetic://step22/v1/negative/n00026/left,synthetic://step22/v1/negative/n00026/right,negative,train,zh_target_strict_cc_7c4e8e17f0966814,reviewed_negative_item_view,1,0,1,0,1.000000000000
synthetic://step22/v1/negative/n00027/left||synthetic://step22/v1/negative/n00027/right,synthetic://step22/v1/negative/n00027/left,synthetic://step22/v1/negative/n00027/right,negative,train,zh_target_strict_cc_6c892e776bb10ae4,reviewed_negative_item_view,1,0,1,0,1.000000000000
synthetic://step22/v1/negative/n00028/left||synthetic://step22/v1/negative/n00028/right,synthetic://step22/v1/negative/n00028/left,synthetic://step22/v1/negative/n00028/right,negative,train,zh_target_strict_cc_0b81a8577b9ee929,reviewed_negative_item_view,1,0,1,0,1.000000000000
synthetic://step22/v1/negative/n00029/left||synthetic://step22/v1/negative/n00029/right,synthetic://step22/v1/negative/n00029/left,synthetic://step22/v1/negative/n00029/right,negative,train,zh_target_strict_cc_0b81a8577b9ee929,reviewed_negative_item_view,1,0,1,0,1.000000000000
synthetic://step22/v1/negative/n00030/left||synthetic://step22/v1/negative/n00030/right,synthetic://step22/v1/negative/n00030/left,synthetic://step22/v1/negative/n00030/right,negative,train,zh_target_strict_cc_6c892e776bb10ae4,reviewed_negative_item_view,1,0,1,0,1.000000000000
synthetic://step22/v1/negative/n00031/left||synthetic://step22/v1/negative/n00031/right,synthetic://step22/v1/negative/n00031/left,synthetic://step22/v1/negative/n00031/right,negative,train,zh_target_strict_cc_1234aba824302a63,reviewed_negative_item_view,1,0,1,0,1.000000000000
synthetic://step22/v1/negative/n00032/left||synthetic://step22/v1/negative/n00032/right,synthetic://step22/v1/negative/n00032/left,synthetic://step22/v1/negative/n00032/right,negative,train,zh_target_strict_cc_d21d5c577bf0cfc7,reviewed_negative_item_view,1,0,1,0,1.000000000000
synthetic://step22/v1/negative/n00033/left||synthetic://step22/v1/negative/n00033/right,synthetic://step22/v1/negative/n00033/left,synthetic://step22/v1/negative/n00033/right,negative,train,zh_target_strict_cc_1234aba824302a63,reviewed_negative_item_view,1,0,1,0,1.000000000000
synthetic://step22/v1/negative/n00034/left||synthetic://step22/v1/negative/n00034/right,synthetic://step22/v1/negative/n00034/left,synthetic://step22/v1/negative/n00034/right,negative,train,zh_target_strict_cc_1234aba824302a63,reviewed_negative_item_view,1,0,1,0,1.000000000000
synthetic://step22/v1/negative/n00035/left||synthetic://step22/v1/negative/n00035/right,synthetic://step22/v1/negative/n00035/left,synthetic://step22/v1/negative/n00035/right,negative,train,zh_target_strict_cc_e01a2866bbaf02be,reviewed_negative_item_view,1,0,1,0,1.000000000000
synthetic://step22/v1/negative/n00036/left||synthetic://step22/v1/negative/n00036/right,synthetic://step22/v1/negative/n00036/left,synthetic://step22/v1/negative/n00036/right,negative,train,zh_target_strict_cc_e01a2866bbaf02be,reviewed_negative_item_view,1,0,1,0,1.000000000000
synthetic://step22/v1/negative/n00037/left||synthetic://step22/v1/negative/n00037/right,synthetic://step22/v1/negative/n00037/left,synthetic://step22/v1/negative/n00037/right,negative,train,zh_target_strict_cc_ccff1905755794ed,reviewed_negative_item_view,1,0,1,0,1.000000000000
synthetic://step22/v1/negative/n00038/left||synthetic://step22/v1/negative/n00038/right,synthetic://step22/v1/negative/n00038/left,synthetic://step22/v1/negative/n00038/right,negative,train,zh_target_strict_cc_2b1fa837c0e49726,reviewed_negative_item_view,1,0,1,0,1.000000000000
synthetic://step22/v1/negative/n00039/left||synthetic://step22/v1/negative/n00039/right,synthetic://step22/v1/negative/n00039/left,synthetic://step22/v1/negative/n00039/right,negative,train,zh_target_strict_cc_0f6792626c843fb6,reviewed_negative_item_view,1,0,1,0,1.000000000000
synthetic://step22/v1/negative/n00040/left||synthetic://step22/v1/negative/n00040/right,synthetic://step22/v1/negative/n00040/left,synthetic://step22/v1/negative/n00040/right,negative,train,zh_target_strict_cc_5ab9a9542992a12d,reviewed_negative_item_view,1,0,1,0,1.000000000000
synthetic://step22/v1/negative/n00041/left||synthetic://step22/v1/negative/n00041/right,synthetic://step22/v1/negative/n00041/left,synthetic://step22/v1/negative/n00041/right,negative,train,zh_target_strict_cc_52557091d1ce932e,reviewed_negative_item_view,1,0,1,0,1.000000000000
synthetic://step22/v1/negative/n00042/left||synthetic://step22/v1/negative/n00042/right,synthetic://step22/v1/negative/n00042/left,synthetic://step22/v1/negative/n00042/right,negative,train,zh_target_strict_cc_5ab9a9542992a12d,reviewed_negative_item_view,1,0,1,0,1.000000000000
synthetic://step22/v1/negative/n00043/left||synthetic://step22/v1/negative/n00043/right,synthetic://step22/v1/negative/n00043/left,synthetic://step22/v1/negative/n00043/right,negative,train,zh_target_strict_cc_7da9eb6e659ef940,reviewed_negative_item_view,1,0,1,0,1.000000000000
synthetic://step22/v1/negative/n00044/left||synthetic://step22/v1/negative/n00044/right,synthetic://step22/v1/negative/n00044/left,synthetic://step22/v1/negative/n00044/right,negative,train,zh_target_strict_cc_f01f31bc246f92c9,reviewed_negative_item_view,1,0,1,0,1.000000000000
synthetic://step22/v1/negative/n00045/left||synthetic://step22/v1/negative/n00045/right,synthetic://step22/v1/negative/n00045/left,synthetic://step22/v1/negative/n00045/right,negative,train,zh_target_strict_cc_f2284c6c25ecca95,reviewed_negative_item_view,1,0,1,0,1.000000000000
synthetic://step22/v1/negative/n00046/left||synthetic://step22/v1/negative/n00046/right,synthetic://step22/v1/negative/n00046/left,synthetic://step22/v1/negative/n00046/right,negative,train,zh_target_strict_cc_d30b8a7ef8b6700c,reviewed_negative_item_view,1,0,1,0,1.000000000000
synthetic://step22/v1/negative/n00047/left||synthetic://step22/v1/negative/n00047/right,synthetic://step22/v1/negative/n00047/left,synthetic://step22/v1/negative/n00047/right,negative,train,zh_target_strict_cc_d30b8a7ef8b6700c,reviewed_negative_item_view,1,0,1,0,1.000000000000
synthetic://step22/v1/negative/n00048/left||synthetic://step22/v1/negative/n00048/right,synthetic://step22/v1/negative/n00048/left,synthetic://step22/v1/negative/n00048/right,negative,train,zh_target_strict_cc_713879c4ee5f08cb,reviewed_negative_item_view,1,0,1,0,1.000000000000
synthetic://step22/v1/negative/n00049/left||synthetic://step22/v1/negative/n00049/right,synthetic://step22/v1/negative/n00049/left,synthetic://step22/v1/negative/n00049/right,negative,train,zh_target_strict_cc_713879c4ee5f08cb,reviewed_negative_item_view,1,0,1,0,1.000000000000
synthetic://step22/v1/negative/n00050/left||synthetic://step22/v1/negative/n00050/right,synthetic://step22/v1/negative/n00050/left,synthetic://step22/v1/negative/n00050/right,negative,train,zh_target_strict_cc_2e5c7caaf65dd8e0,reviewed_negative_item_view,1,0,1,0,1.000000000000
synthetic://step22/v1/negative/n00051/left||synthetic://step22/v1/negative/n00051/right,synthetic://step22/v1/negative/n00051/left,synthetic://step22/v1/negative/n00051/right,negative,train,zh_target_strict_cc_2e5c7caaf65dd8e0,reviewed_negative_item_view,1,0,1,0,1.000000000000
synthetic://step22/v1/negative/n00052/left||synthetic://step22/v1/negative/n00052/right,synthetic://step22/v1/negative/n00052/left,synthetic://step22/v1/negative/n00052/right,negative,train,zh_target_strict_cc_2e5c7caaf65dd8e0,reviewed_negative_item_view,1,0,1,0,1.000000000000
synthetic://step22/v1/negative/n00053/left||synthetic://step22/v1/negative/n00053/right,synthetic://step22/v1/negative/n00053/left,synthetic://step22/v1/negative/n00053/right,negative,train,zh_target_strict_cc_713879c4ee5f08cb,reviewed_negative_item_view,1,0,1,0,1.000000000000
