metric,output_role,actual_domain,arrival_index,stage,order,seed,method,source_point,group_macro
average_precision,raw,A,1,0,ABC,s0,initial,initial,0.06591185021863265
trapezoidal_pr_auc,raw,A,1,0,ABC,s0,initial,initial,0.059314765628982614
roc_auc,raw,A,1,0,ABC,s0,initial,initial,0.48387569832402233
recall_at_fpr_1pct,raw,A,1,0,ABC,s0,initial,initial,0.0125
brier,raw,A,1,0,ABC,s0,initial,initial,0.10633213617828582
log_loss,raw,A,1,0,ABC,s0,initial,initial,0.3828695032599817
precision,raw,A,1,0,ABC,s0,initial,initial,0.06833333333333333
recall,raw,A,1,0,ABC,s0,initial,initial,0.01
f1,raw,A,1,0,ABC,s0,initial,initial,0.017241106719367592
specificity,raw,A,1,0,ABC,s0,initial,initial,0.9949720670391061
balanced_accuracy,raw,A,1,0,ABC,s0,initial,initial,0.502486033519553
mcc,raw,A,1,0,ABC,s0,initial,initial,0.012171658276597214
map,raw,A,1,0,ABC,s0,initial,initial,0.15423116375417834
mrr,raw,A,1,0,ABC,s0,initial,initial,0.1811804136733131
recall_at_1,raw,A,1,0,ABC,s0,initial,initial,0.03660714285714285
recall_at_3,raw,A,1,0,ABC,s0,initial,initial,0.11607142857142856
recall_at_5,raw,A,1,0,ABC,s0,initial,initial,0.1660714285714286
recall_at_10,raw,A,1,0,ABC,s0,initial,initial,0.35089285714285706
ndcg_at_1,raw,A,1,0,ABC,s0,initial,initial,0.05892857142857142
ndcg_at_3,raw,A,1,0,ABC,s0,initial,initial,0.09012571094910951
ndcg_at_5,raw,A,1,0,ABC,s0,initial,initial,0.1135552800530536
ndcg_at_10,raw,A,1,0,ABC,s0,initial,initial,0.17845868624748218
average_precision,raw,A,1,1,ABC,s0,frozen,ABC_shared,0.06611979340905913
trapezoidal_pr_auc,raw,A,1,1,ABC,s0,frozen,ABC_shared,0.05953137381914
roc_auc,raw,A,1,1,ABC,s0,frozen,ABC_shared,0.4851745810055867
recall_at_fpr_1pct,raw,A,1,1,ABC,s0,frozen,ABC_shared,0.01
brier,raw,A,1,1,ABC,s0,frozen,ABC_shared,0.10634500747056881
log_loss,raw,A,1,1,ABC,s0,frozen,ABC_shared,0.38288703819225145
precision,raw,A,1,1,ABC,s0,frozen,ABC_shared,0.06547619047619047
recall,raw,A,1,1,ABC,s0,frozen,ABC_shared,0.01
f1,raw,A,1,1,ABC,s0,frozen,ABC_shared,0.016944810423071294
specificity,raw,A,1,1,ABC,s0,frozen,ABC_shared,0.9945530726256984
balanced_accuracy,raw,A,1,1,ABC,s0,frozen,ABC_shared,0.5022765363128492
mcc,raw,A,1,1,ABC,s0,frozen,ABC_shared,0.01082521529358316
map,raw,A,1,1,ABC,s0,frozen,ABC_shared,0.15523541120903805
mrr,raw,A,1,1,ABC,s0,frozen,ABC_shared,0.18157811045292055
recall_at_1,raw,A,1,1,ABC,s0,frozen,ABC_shared,0.03839285714285714
recall_at_3,raw,A,1,1,ABC,s0,frozen,ABC_shared,0.11428571428571428
recall_at_5,raw,A,1,1,ABC,s0,frozen,ABC_shared,0.175
recall_at_10,raw,A,1,1,ABC,s0,frozen,ABC_shared,0.34732142857142856
ndcg_at_1,raw,A,1,1,ABC,s0,frozen,ABC_shared,0.06071428571428571
ndcg_at_3,raw,A,1,1,ABC,s0,frozen,ABC_shared,0.08972739832098553
ndcg_at_5,raw,A,1,1,ABC,s0,frozen,ABC_shared,0.11728392258790435
ndcg_at_10,raw,A,1,1,ABC,s0,frozen,ABC_shared,0.1776810132034639
average_precision,stage-cal,A,1,1,ABC,s0,frozen,ABC_shared,0.06611979340905913
trapezoidal_pr_auc,stage-cal,A,1,1,ABC,s0,frozen,ABC_shared,0.05953137381914
roc_auc,stage-cal,A,1,1,ABC,s0,frozen,ABC_shared,0.4851745810055867
recall_at_fpr_1pct,stage-cal,A,1,1,ABC,s0,frozen,ABC_shared,0.01
brier,stage-cal,A,1,1,ABC,s0,frozen,ABC_shared,0.14221027004799947
log_loss,stage-cal,A,1,1,ABC,s0,frozen,ABC_shared,0.4682845101990297
precision,stage-cal,A,1,1,ABC,s0,frozen,ABC_shared,0.06643217893217893
recall,stage-cal,A,1,1,ABC,s0,frozen,ABC_shared,0.0225
f1,stage-cal,A,1,1,ABC,s0,frozen,ABC_shared,0.03280729617270217
specificity,stage-cal,A,1,1,ABC,s0,frozen,ABC_shared,0.9833798882681567
balanced_accuracy,stage-cal,A,1,1,ABC,s0,frozen,ABC_shared,0.5029399441340783
mcc,stage-cal,A,1,1,ABC,s0,frozen,ABC_shared,0.008955191648791347
map,stage-cal,A,1,1,ABC,s0,frozen,ABC_shared,0.15523541120903805
mrr,stage-cal,A,1,1,ABC,s0,frozen,ABC_shared,0.18157811045292055
recall_at_1,stage-cal,A,1,1,ABC,s0,frozen,ABC_shared,0.03839285714285714
recall_at_3,stage-cal,A,1,1,ABC,s0,frozen,ABC_shared,0.11428571428571428
recall_at_5,stage-cal,A,1,1,ABC,s0,frozen,ABC_shared,0.175
recall_at_10,stage-cal,A,1,1,ABC,s0,frozen,ABC_shared,0.34732142857142856
ndcg_at_1,stage-cal,A,1,1,ABC,s0,frozen,ABC_shared,0.06071428571428571
ndcg_at_3,stage-cal,A,1,1,ABC,s0,frozen,ABC_shared,0.08972739832098553
ndcg_at_5,stage-cal,A,1,1,ABC,s0,frozen,ABC_shared,0.11728392258790435
ndcg_at_10,stage-cal,A,1,1,ABC,s0,frozen,ABC_shared,0.1776810132034639
average_precision,first-cal,A,1,1,ABC,s0,frozen,ABC_shared,0.06611979340905913
trapezoidal_pr_auc,first-cal,A,1,1,ABC,s0,frozen,ABC_shared,0.05953137381914
roc_auc,first-cal,A,1,1,ABC,s0,frozen,ABC_shared,0.4851745810055867
recall_at_fpr_1pct,first-cal,A,1,1,ABC,s0,frozen,ABC_shared,0.01
brier,first-cal,A,1,1,ABC,s0,frozen,ABC_shared,0.11120773179554214
log_loss,first-cal,A,1,1,ABC,s0,frozen,ABC_shared,0.39582077830273504
precision,first-cal,A,1,1,ABC,s0,frozen,ABC_shared,0.1
recall,first-cal,A,1,1,ABC,s0,frozen,ABC_shared,0.01
f1,first-cal,A,1,1,ABC,s0,frozen,ABC_shared,0.017501339240469673
specificity,first-cal,A,1,1,ABC,s0,frozen,ABC_shared,0.995949720670391
balanced_accuracy,first-cal,A,1,1,ABC,s0,frozen,ABC_shared,0.5029748603351956
mcc,first-cal,A,1,1,ABC,s0,frozen,ABC_shared,0.018339301556474133
map,first-cal,A,1,1,ABC,s0,frozen,ABC_shared,0.15523541120903805
mrr,first-cal,A,1,1,ABC,s0,frozen,ABC_shared,0.18157811045292055
recall_at_1,first-cal,A,1,1,ABC,s0,frozen,ABC_shared,0.03839285714285714
recall_at_3,first-cal,A,1,1,ABC,s0,frozen,ABC_shared,0.11428571428571428
recall_at_5,first-cal,A,1,1,ABC,s0,frozen,ABC_shared,0.175
recall_at_10,first-cal,A,1,1,ABC,s0,frozen,ABC_shared,0.34732142857142856
ndcg_at_1,first-cal,A,1,1,ABC,s0,frozen,ABC_shared,0.06071428571428571
ndcg_at_3,first-cal,A,1,1,ABC,s0,frozen,ABC_shared,0.08972739832098553
ndcg_at_5,first-cal,A,1,1,ABC,s0,frozen,ABC_shared,0.11728392258790435
ndcg_at_10,first-cal,A,1,1,ABC,s0,frozen,ABC_shared,0.1776810132034639
average_precision,raw,A,1,2,ABC,s0,frozen,ABC_shared,0.06611979340905913
trapezoidal_pr_auc,raw,A,1,2,ABC,s0,frozen,ABC_shared,0.05953137381914
roc_auc,raw,A,1,2,ABC,s0,frozen,ABC_shared,0.4851745810055867
recall_at_fpr_1pct,raw,A,1,2,ABC,s0,frozen,ABC_shared,0.01
brier,raw,A,1,2,ABC,s0,frozen,ABC_shared,0.10634500747056881
log_loss,raw,A,1,2,ABC,s0,frozen,ABC_shared,0.38288703819225145
precision,raw,A,1,2,ABC,s0,frozen,ABC_shared,0.06547619047619047
recall,raw,A,1,2,ABC,s0,frozen,ABC_shared,0.01
f1,raw,A,1,2,ABC,s0,frozen,ABC_shared,0.016944810423071294
specificity,raw,A,1,2,ABC,s0,frozen,ABC_shared,0.9945530726256984
balanced_accuracy,raw,A,1,2,ABC,s0,frozen,ABC_shared,0.5022765363128492
mcc,raw,A,1,2,ABC,s0,frozen,ABC_shared,0.01082521529358316
map,raw,A,1,2,ABC,s0,frozen,ABC_shared,0.15523541120903805
mrr,raw,A,1,2,ABC,s0,frozen,ABC_shared,0.18157811045292055
recall_at_1,raw,A,1,2,ABC,s0,frozen,ABC_shared,0.03839285714285714
recall_at_3,raw,A,1,2,ABC,s0,frozen,ABC_shared,0.11428571428571428
recall_at_5,raw,A,1,2,ABC,s0,frozen,ABC_shared,0.175
recall_at_10,raw,A,1,2,ABC,s0,frozen,ABC_shared,0.34732142857142856
ndcg_at_1,raw,A,1,2,ABC,s0,frozen,ABC_shared,0.06071428571428571
ndcg_at_3,raw,A,1,2,ABC,s0,frozen,ABC_shared,0.08972739832098553
ndcg_at_5,raw,A,1,2,ABC,s0,frozen,ABC_shared,0.11728392258790435
ndcg_at_10,raw,A,1,2,ABC,s0,frozen,ABC_shared,0.1776810132034639
average_precision,stage-cal,A,1,2,ABC,s0,frozen,ABC_shared,0.06611979340905913
trapezoidal_pr_auc,stage-cal,A,1,2,ABC,s0,frozen,ABC_shared,0.05953137381914
roc_auc,stage-cal,A,1,2,ABC,s0,frozen,ABC_shared,0.4851745810055867
recall_at_fpr_1pct,stage-cal,A,1,2,ABC,s0,frozen,ABC_shared,0.01
brier,stage-cal,A,1,2,ABC,s0,frozen,ABC_shared,0.14221027004799947
log_loss,stage-cal,A,1,2,ABC,s0,frozen,ABC_shared,0.4682845101990297
precision,stage-cal,A,1,2,ABC,s0,frozen,ABC_shared,0.06643217893217893
recall,stage-cal,A,1,2,ABC,s0,frozen,ABC_shared,0.0225
f1,stage-cal,A,1,2,ABC,s0,frozen,ABC_shared,0.03280729617270217
specificity,stage-cal,A,1,2,ABC,s0,frozen,ABC_shared,0.9833798882681567
balanced_accuracy,stage-cal,A,1,2,ABC,s0,frozen,ABC_shared,0.5029399441340783
mcc,stage-cal,A,1,2,ABC,s0,frozen,ABC_shared,0.008955191648791347
map,stage-cal,A,1,2,ABC,s0,frozen,ABC_shared,0.15523541120903805
mrr,stage-cal,A,1,2,ABC,s0,frozen,ABC_shared,0.18157811045292055
recall_at_1,stage-cal,A,1,2,ABC,s0,frozen,ABC_shared,0.03839285714285714
recall_at_3,stage-cal,A,1,2,ABC,s0,frozen,ABC_shared,0.11428571428571428
recall_at_5,stage-cal,A,1,2,ABC,s0,frozen,ABC_shared,0.175
recall_at_10,stage-cal,A,1,2,ABC,s0,frozen,ABC_shared,0.34732142857142856
ndcg_at_1,stage-cal,A,1,2,ABC,s0,frozen,ABC_shared,0.06071428571428571
ndcg_at_3,stage-cal,A,1,2,ABC,s0,frozen,ABC_shared,0.08972739832098553
ndcg_at_5,stage-cal,A,1,2,ABC,s0,frozen,ABC_shared,0.11728392258790435
ndcg_at_10,stage-cal,A,1,2,ABC,s0,frozen,ABC_shared,0.1776810132034639
average_precision,first-cal,A,1,2,ABC,s0,frozen,ABC_shared,0.06611979340905913
trapezoidal_pr_auc,first-cal,A,1,2,ABC,s0,frozen,ABC_shared,0.05953137381914
roc_auc,first-cal,A,1,2,ABC,s0,frozen,ABC_shared,0.4851745810055867
recall_at_fpr_1pct,first-cal,A,1,2,ABC,s0,frozen,ABC_shared,0.01
brier,first-cal,A,1,2,ABC,s0,frozen,ABC_shared,0.11120773179554214
log_loss,first-cal,A,1,2,ABC,s0,frozen,ABC_shared,0.39582077830273504
precision,first-cal,A,1,2,ABC,s0,frozen,ABC_shared,0.1
recall,first-cal,A,1,2,ABC,s0,frozen,ABC_shared,0.01
f1,first-cal,A,1,2,ABC,s0,frozen,ABC_shared,0.017501339240469673
specificity,first-cal,A,1,2,ABC,s0,frozen,ABC_shared,0.995949720670391
balanced_accuracy,first-cal,A,1,2,ABC,s0,frozen,ABC_shared,0.5029748603351956
mcc,first-cal,A,1,2,ABC,s0,frozen,ABC_shared,0.018339301556474133
map,first-cal,A,1,2,ABC,s0,frozen,ABC_shared,0.15523541120903805
mrr,first-cal,A,1,2,ABC,s0,frozen,ABC_shared,0.18157811045292055
recall_at_1,first-cal,A,1,2,ABC,s0,frozen,ABC_shared,0.03839285714285714
recall_at_3,first-cal,A,1,2,ABC,s0,frozen,ABC_shared,0.11428571428571428
recall_at_5,first-cal,A,1,2,ABC,s0,frozen,ABC_shared,0.175
recall_at_10,first-cal,A,1,2,ABC,s0,frozen,ABC_shared,0.34732142857142856
ndcg_at_1,first-cal,A,1,2,ABC,s0,frozen,ABC_shared,0.06071428571428571
ndcg_at_3,first-cal,A,1,2,ABC,s0,frozen,ABC_shared,0.08972739832098553
ndcg_at_5,first-cal,A,1,2,ABC,s0,frozen,ABC_shared,0.11728392258790435
ndcg_at_10,first-cal,A,1,2,ABC,s0,frozen,ABC_shared,0.1776810132034639
average_precision,raw,A,1,3,ABC,s0,frozen,ABC_shared,0.06611979340905913
trapezoidal_pr_auc,raw,A,1,3,ABC,s0,frozen,ABC_shared,0.05953137381914
roc_auc,raw,A,1,3,ABC,s0,frozen,ABC_shared,0.4851745810055867
recall_at_fpr_1pct,raw,A,1,3,ABC,s0,frozen,ABC_shared,0.01
brier,raw,A,1,3,ABC,s0,frozen,ABC_shared,0.10634500747056881
log_loss,raw,A,1,3,ABC,s0,frozen,ABC_shared,0.38288703819225145
precision,raw,A,1,3,ABC,s0,frozen,ABC_shared,0.06547619047619047
recall,raw,A,1,3,ABC,s0,frozen,ABC_shared,0.01
f1,raw,A,1,3,ABC,s0,frozen,ABC_shared,0.016944810423071294
specificity,raw,A,1,3,ABC,s0,frozen,ABC_shared,0.9945530726256984
balanced_accuracy,raw,A,1,3,ABC,s0,frozen,ABC_shared,0.5022765363128492
mcc,raw,A,1,3,ABC,s0,frozen,ABC_shared,0.01082521529358316
map,raw,A,1,3,ABC,s0,frozen,ABC_shared,0.15523541120903805
mrr,raw,A,1,3,ABC,s0,frozen,ABC_shared,0.18157811045292055
recall_at_1,raw,A,1,3,ABC,s0,frozen,ABC_shared,0.03839285714285714
recall_at_3,raw,A,1,3,ABC,s0,frozen,ABC_shared,0.11428571428571428
recall_at_5,raw,A,1,3,ABC,s0,frozen,ABC_shared,0.175
recall_at_10,raw,A,1,3,ABC,s0,frozen,ABC_shared,0.34732142857142856
ndcg_at_1,raw,A,1,3,ABC,s0,frozen,ABC_shared,0.06071428571428571
ndcg_at_3,raw,A,1,3,ABC,s0,frozen,ABC_shared,0.08972739832098553
ndcg_at_5,raw,A,1,3,ABC,s0,frozen,ABC_shared,0.11728392258790435
ndcg_at_10,raw,A,1,3,ABC,s0,frozen,ABC_shared,0.1776810132034639
average_precision,stage-cal,A,1,3,ABC,s0,frozen,ABC_shared,0.06611979340905913
trapezoidal_pr_auc,stage-cal,A,1,3,ABC,s0,frozen,ABC_shared,0.05953137381914
roc_auc,stage-cal,A,1,3,ABC,s0,frozen,ABC_shared,0.4851745810055867
recall_at_fpr_1pct,stage-cal,A,1,3,ABC,s0,frozen,ABC_shared,0.01
brier,stage-cal,A,1,3,ABC,s0,frozen,ABC_shared,0.14221027004799947
log_loss,stage-cal,A,1,3,ABC,s0,frozen,ABC_shared,0.4682845101990297
precision,stage-cal,A,1,3,ABC,s0,frozen,ABC_shared,0.06643217893217893
recall,stage-cal,A,1,3,ABC,s0,frozen,ABC_shared,0.0225
f1,stage-cal,A,1,3,ABC,s0,frozen,ABC_shared,0.03280729617270217
specificity,stage-cal,A,1,3,ABC,s0,frozen,ABC_shared,0.9833798882681567
balanced_accuracy,stage-cal,A,1,3,ABC,s0,frozen,ABC_shared,0.5029399441340783
mcc,stage-cal,A,1,3,ABC,s0,frozen,ABC_shared,0.008955191648791347
map,stage-cal,A,1,3,ABC,s0,frozen,ABC_shared,0.15523541120903805
mrr,stage-cal,A,1,3,ABC,s0,frozen,ABC_shared,0.18157811045292055
recall_at_1,stage-cal,A,1,3,ABC,s0,frozen,ABC_shared,0.03839285714285714
recall_at_3,stage-cal,A,1,3,ABC,s0,frozen,ABC_shared,0.11428571428571428
recall_at_5,stage-cal,A,1,3,ABC,s0,frozen,ABC_shared,0.175
recall_at_10,stage-cal,A,1,3,ABC,s0,frozen,ABC_shared,0.34732142857142856
ndcg_at_1,stage-cal,A,1,3,ABC,s0,frozen,ABC_shared,0.06071428571428571
ndcg_at_3,stage-cal,A,1,3,ABC,s0,frozen,ABC_shared,0.08972739832098553
ndcg_at_5,stage-cal,A,1,3,ABC,s0,frozen,ABC_shared,0.11728392258790435
ndcg_at_10,stage-cal,A,1,3,ABC,s0,frozen,ABC_shared,0.1776810132034639
average_precision,first-cal,A,1,3,ABC,s0,frozen,ABC_shared,0.06611979340905913
trapezoidal_pr_auc,first-cal,A,1,3,ABC,s0,frozen,ABC_shared,0.05953137381914
roc_auc,first-cal,A,1,3,ABC,s0,frozen,ABC_shared,0.4851745810055867
recall_at_fpr_1pct,first-cal,A,1,3,ABC,s0,frozen,ABC_shared,0.01
brier,first-cal,A,1,3,ABC,s0,frozen,ABC_shared,0.11120773179554214
log_loss,first-cal,A,1,3,ABC,s0,frozen,ABC_shared,0.39582077830273504
precision,first-cal,A,1,3,ABC,s0,frozen,ABC_shared,0.1
recall,first-cal,A,1,3,ABC,s0,frozen,ABC_shared,0.01
f1,first-cal,A,1,3,ABC,s0,frozen,ABC_shared,0.017501339240469673
specificity,first-cal,A,1,3,ABC,s0,frozen,ABC_shared,0.995949720670391
balanced_accuracy,first-cal,A,1,3,ABC,s0,frozen,ABC_shared,0.5029748603351956
mcc,first-cal,A,1,3,ABC,s0,frozen,ABC_shared,0.018339301556474133
map,first-cal,A,1,3,ABC,s0,frozen,ABC_shared,0.15523541120903805
mrr,first-cal,A,1,3,ABC,s0,frozen,ABC_shared,0.18157811045292055
recall_at_1,first-cal,A,1,3,ABC,s0,frozen,ABC_shared,0.03839285714285714
recall_at_3,first-cal,A,1,3,ABC,s0,frozen,ABC_shared,0.11428571428571428
recall_at_5,first-cal,A,1,3,ABC,s0,frozen,ABC_shared,0.175
recall_at_10,first-cal,A,1,3,ABC,s0,frozen,ABC_shared,0.34732142857142856
ndcg_at_1,first-cal,A,1,3,ABC,s0,frozen,ABC_shared,0.06071428571428571
ndcg_at_3,first-cal,A,1,3,ABC,s0,frozen,ABC_shared,0.08972739832098553
ndcg_at_5,first-cal,A,1,3,ABC,s0,frozen,ABC_shared,0.11728392258790435
ndcg_at_10,first-cal,A,1,3,ABC,s0,frozen,ABC_shared,0.1776810132034639
average_precision,raw,A,1,1,ABC,s0,seq,ABC_shared,0.06611979340905913
trapezoidal_pr_auc,raw,A,1,1,ABC,s0,seq,ABC_shared,0.05953137381914
roc_auc,raw,A,1,1,ABC,s0,seq,ABC_shared,0.4851745810055867
recall_at_fpr_1pct,raw,A,1,1,ABC,s0,seq,ABC_shared,0.01
brier,raw,A,1,1,ABC,s0,seq,ABC_shared,0.10634500747056881
log_loss,raw,A,1,1,ABC,s0,seq,ABC_shared,0.38288703819225145
precision,raw,A,1,1,ABC,s0,seq,ABC_shared,0.06547619047619047
recall,raw,A,1,1,ABC,s0,seq,ABC_shared,0.01
f1,raw,A,1,1,ABC,s0,seq,ABC_shared,0.016944810423071294
specificity,raw,A,1,1,ABC,s0,seq,ABC_shared,0.9945530726256984
balanced_accuracy,raw,A,1,1,ABC,s0,seq,ABC_shared,0.5022765363128492
mcc,raw,A,1,1,ABC,s0,seq,ABC_shared,0.01082521529358316
map,raw,A,1,1,ABC,s0,seq,ABC_shared,0.15523541120903805
mrr,raw,A,1,1,ABC,s0,seq,ABC_shared,0.18157811045292055
recall_at_1,raw,A,1,1,ABC,s0,seq,ABC_shared,0.03839285714285714
recall_at_3,raw,A,1,1,ABC,s0,seq,ABC_shared,0.11428571428571428
recall_at_5,raw,A,1,1,ABC,s0,seq,ABC_shared,0.175
recall_at_10,raw,A,1,1,ABC,s0,seq,ABC_shared,0.34732142857142856
ndcg_at_1,raw,A,1,1,ABC,s0,seq,ABC_shared,0.06071428571428571
ndcg_at_3,raw,A,1,1,ABC,s0,seq,ABC_shared,0.08972739832098553
ndcg_at_5,raw,A,1,1,ABC,s0,seq,ABC_shared,0.11728392258790435
ndcg_at_10,raw,A,1,1,ABC,s0,seq,ABC_shared,0.1776810132034639
average_precision,stage-cal,A,1,1,ABC,s0,seq,ABC_shared,0.06611979340905913
trapezoidal_pr_auc,stage-cal,A,1,1,ABC,s0,seq,ABC_shared,0.05953137381914
roc_auc,stage-cal,A,1,1,ABC,s0,seq,ABC_shared,0.4851745810055867
recall_at_fpr_1pct,stage-cal,A,1,1,ABC,s0,seq,ABC_shared,0.01
brier,stage-cal,A,1,1,ABC,s0,seq,ABC_shared,0.14221027004799947
log_loss,stage-cal,A,1,1,ABC,s0,seq,ABC_shared,0.4682845101990297
precision,stage-cal,A,1,1,ABC,s0,seq,ABC_shared,0.06643217893217893
recall,stage-cal,A,1,1,ABC,s0,seq,ABC_shared,0.0225
f1,stage-cal,A,1,1,ABC,s0,seq,ABC_shared,0.03280729617270217
specificity,stage-cal,A,1,1,ABC,s0,seq,ABC_shared,0.9833798882681567
balanced_accuracy,stage-cal,A,1,1,ABC,s0,seq,ABC_shared,0.5029399441340783
mcc,stage-cal,A,1,1,ABC,s0,seq,ABC_shared,0.008955191648791347
map,stage-cal,A,1,1,ABC,s0,seq,ABC_shared,0.15523541120903805
mrr,stage-cal,A,1,1,ABC,s0,seq,ABC_shared,0.18157811045292055
recall_at_1,stage-cal,A,1,1,ABC,s0,seq,ABC_shared,0.03839285714285714
recall_at_3,stage-cal,A,1,1,ABC,s0,seq,ABC_shared,0.11428571428571428
recall_at_5,stage-cal,A,1,1,ABC,s0,seq,ABC_shared,0.175
recall_at_10,stage-cal,A,1,1,ABC,s0,seq,ABC_shared,0.34732142857142856
ndcg_at_1,stage-cal,A,1,1,ABC,s0,seq,ABC_shared,0.06071428571428571
ndcg_at_3,stage-cal,A,1,1,ABC,s0,seq,ABC_shared,0.08972739832098553
ndcg_at_5,stage-cal,A,1,1,ABC,s0,seq,ABC_shared,0.11728392258790435
ndcg_at_10,stage-cal,A,1,1,ABC,s0,seq,ABC_shared,0.1776810132034639
average_precision,first-cal,A,1,1,ABC,s0,seq,ABC_shared,0.06611979340905913
trapezoidal_pr_auc,first-cal,A,1,1,ABC,s0,seq,ABC_shared,0.05953137381914
roc_auc,first-cal,A,1,1,ABC,s0,seq,ABC_shared,0.4851745810055867
recall_at_fpr_1pct,first-cal,A,1,1,ABC,s0,seq,ABC_shared,0.01
brier,first-cal,A,1,1,ABC,s0,seq,ABC_shared,0.11120773179554214
log_loss,first-cal,A,1,1,ABC,s0,seq,ABC_shared,0.39582077830273504
precision,first-cal,A,1,1,ABC,s0,seq,ABC_shared,0.1
recall,first-cal,A,1,1,ABC,s0,seq,ABC_shared,0.01
f1,first-cal,A,1,1,ABC,s0,seq,ABC_shared,0.017501339240469673
specificity,first-cal,A,1,1,ABC,s0,seq,ABC_shared,0.995949720670391
balanced_accuracy,first-cal,A,1,1,ABC,s0,seq,ABC_shared,0.5029748603351956
mcc,first-cal,A,1,1,ABC,s0,seq,ABC_shared,0.018339301556474133
map,first-cal,A,1,1,ABC,s0,seq,ABC_shared,0.15523541120903805
mrr,first-cal,A,1,1,ABC,s0,seq,ABC_shared,0.18157811045292055
recall_at_1,first-cal,A,1,1,ABC,s0,seq,ABC_shared,0.03839285714285714
recall_at_3,first-cal,A,1,1,ABC,s0,seq,ABC_shared,0.11428571428571428
recall_at_5,first-cal,A,1,1,ABC,s0,seq,ABC_shared,0.175
recall_at_10,first-cal,A,1,1,ABC,s0,seq,ABC_shared,0.34732142857142856
ndcg_at_1,first-cal,A,1,1,ABC,s0,seq,ABC_shared,0.06071428571428571
ndcg_at_3,first-cal,A,1,1,ABC,s0,seq,ABC_shared,0.08972739832098553
ndcg_at_5,first-cal,A,1,1,ABC,s0,seq,ABC_shared,0.11728392258790435
ndcg_at_10,first-cal,A,1,1,ABC,s0,seq,ABC_shared,0.1776810132034639
average_precision,raw,A,1,2,ABC,s0,seq,ABC_seq_stage2,0.06555352152489959
trapezoidal_pr_auc,raw,A,1,2,ABC,s0,seq,ABC_seq_stage2,0.058931182442079774
roc_auc,raw,A,1,2,ABC,s0,seq,ABC_seq_stage2,0.48164455307262566
recall_at_fpr_1pct,raw,A,1,2,ABC,s0,seq,ABC_seq_stage2,0.0125
brier,raw,A,1,2,ABC,s0,seq,ABC_seq_stage2,0.10760938888802422
log_loss,raw,A,1,2,ABC,s0,seq,ABC_seq_stage2,0.38595431967756916
precision,raw,A,1,2,ABC,s0,seq,ABC_seq_stage2,0.062083333333333324
recall,raw,A,1,2,ABC,s0,seq,ABC_seq_stage2,0.0125
f1,raw,A,1,2,ABC,s0,seq,ABC_seq_stage2,0.02043374741200828
specificity,raw,A,1,2,ABC,s0,seq,ABC_seq_stage2,0.9932960893854748
balanced_accuracy,raw,A,1,2,ABC,s0,seq,ABC_seq_stage2,0.5028980446927374
mcc,raw,A,1,2,ABC,s0,seq,ABC_seq_stage2,0.010347347735253424
map,raw,A,1,2,ABC,s0,seq,ABC_seq_stage2,0.15177422212807584
mrr,raw,A,1,2,ABC,s0,seq,ABC_seq_stage2,0.1785822040072672
recall_at_1,raw,A,1,2,ABC,s0,seq,ABC_seq_stage2,0.03392857142857143
recall_at_3,raw,A,1,2,ABC,s0,seq,ABC_seq_stage2,0.11517857142857142
recall_at_5,raw,A,1,2,ABC,s0,seq,ABC_seq_stage2,0.1660714285714286
recall_at_10,raw,A,1,2,ABC,s0,seq,ABC_seq_stage2,0.3455357142857143
ndcg_at_1,raw,A,1,2,ABC,s0,seq,ABC_seq_stage2,0.05535714285714285
ndcg_at_3,raw,A,1,2,ABC,s0,seq,ABC_seq_stage2,0.08881338741504592
ndcg_at_5,raw,A,1,2,ABC,s0,seq,ABC_seq_stage2,0.11183157889679747
ndcg_at_10,raw,A,1,2,ABC,s0,seq,ABC_seq_stage2,0.17482247652164262
average_precision,stage-cal,A,1,2,ABC,s0,seq,ABC_seq_stage2,0.06555352152489959
trapezoidal_pr_auc,stage-cal,A,1,2,ABC,s0,seq,ABC_seq_stage2,0.058931182442079774
roc_auc,stage-cal,A,1,2,ABC,s0,seq,ABC_seq_stage2,0.48164455307262566
recall_at_fpr_1pct,stage-cal,A,1,2,ABC,s0,seq,ABC_seq_stage2,0.0125
brier,stage-cal,A,1,2,ABC,s0,seq,ABC_seq_stage2,0.14356683288797473
log_loss,stage-cal,A,1,2,ABC,s0,seq,ABC_seq_stage2,0.47126388915536505
precision,stage-cal,A,1,2,ABC,s0,seq,ABC_seq_stage2,0.05519841269841269
recall,stage-cal,A,1,2,ABC,s0,seq,ABC_seq_stage2,0.0225
f1,stage-cal,A,1,2,ABC,s0,seq,ABC_seq_stage2,0.031647448177620593
specificity,stage-cal,A,1,2,ABC,s0,seq,ABC_seq_stage2,0.9824022346368716
balanced_accuracy,stage-cal,A,1,2,ABC,s0,seq,ABC_seq_stage2,0.5024511173184358
mcc,stage-cal,A,1,2,ABC,s0,seq,ABC_seq_stage2,0.004936584021493861
map,stage-cal,A,1,2,ABC,s0,seq,ABC_seq_stage2,0.15177422212807584
mrr,stage-cal,A,1,2,ABC,s0,seq,ABC_seq_stage2,0.1785822040072672
recall_at_1,stage-cal,A,1,2,ABC,s0,seq,ABC_seq_stage2,0.03392857142857143
recall_at_3,stage-cal,A,1,2,ABC,s0,seq,ABC_seq_stage2,0.11517857142857142
recall_at_5,stage-cal,A,1,2,ABC,s0,seq,ABC_seq_stage2,0.1660714285714286
recall_at_10,stage-cal,A,1,2,ABC,s0,seq,ABC_seq_stage2,0.3455357142857143
ndcg_at_1,stage-cal,A,1,2,ABC,s0,seq,ABC_seq_stage2,0.05535714285714285
ndcg_at_3,stage-cal,A,1,2,ABC,s0,seq,ABC_seq_stage2,0.08881338741504592
ndcg_at_5,stage-cal,A,1,2,ABC,s0,seq,ABC_seq_stage2,0.11183157889679747
ndcg_at_10,stage-cal,A,1,2,ABC,s0,seq,ABC_seq_stage2,0.17482247652164262
average_precision,first-cal,A,1,2,ABC,s0,seq,ABC_seq_stage2,0.06555352152489959
trapezoidal_pr_auc,first-cal,A,1,2,ABC,s0,seq,ABC_seq_stage2,0.058931182442079774
roc_auc,first-cal,A,1,2,ABC,s0,seq,ABC_seq_stage2,0.48164455307262566
recall_at_fpr_1pct,first-cal,A,1,2,ABC,s0,seq,ABC_seq_stage2,0.0125
brier,first-cal,A,1,2,ABC,s0,seq,ABC_seq_stage2,0.112424609173993
log_loss,first-cal,A,1,2,ABC,s0,seq,ABC_seq_stage2,0.3987196270671064
precision,first-cal,A,1,2,ABC,s0,seq,ABC_seq_stage2,0.07083333333333333
recall,first-cal,A,1,2,ABC,s0,seq,ABC_seq_stage2,0.0125
f1,first-cal,A,1,2,ABC,s0,seq,ABC_seq_stage2,0.02105629877369008
specificity,first-cal,A,1,2,ABC,s0,seq,ABC_seq_stage2,0.9953910614525139
balanced_accuracy,first-cal,A,1,2,ABC,s0,seq,ABC_seq_stage2,0.5039455307262569
mcc,first-cal,A,1,2,ABC,s0,seq,ABC_seq_stage2,0.016887430691802742
map,first-cal,A,1,2,ABC,s0,seq,ABC_seq_stage2,0.15177422212807584
mrr,first-cal,A,1,2,ABC,s0,seq,ABC_seq_stage2,0.1785822040072672
recall_at_1,first-cal,A,1,2,ABC,s0,seq,ABC_seq_stage2,0.03392857142857143
recall_at_3,first-cal,A,1,2,ABC,s0,seq,ABC_seq_stage2,0.11517857142857142
recall_at_5,first-cal,A,1,2,ABC,s0,seq,ABC_seq_stage2,0.1660714285714286
recall_at_10,first-cal,A,1,2,ABC,s0,seq,ABC_seq_stage2,0.3455357142857143
ndcg_at_1,first-cal,A,1,2,ABC,s0,seq,ABC_seq_stage2,0.05535714285714285
ndcg_at_3,first-cal,A,1,2,ABC,s0,seq,ABC_seq_stage2,0.08881338741504592
ndcg_at_5,first-cal,A,1,2,ABC,s0,seq,ABC_seq_stage2,0.11183157889679747
ndcg_at_10,first-cal,A,1,2,ABC,s0,seq,ABC_seq_stage2,0.17482247652164262
average_precision,raw,A,1,3,ABC,s0,seq,ABC_seq_stage3,0.06529731954677279
trapezoidal_pr_auc,raw,A,1,3,ABC,s0,seq,ABC_seq_stage3,0.0588594853655713
roc_auc,raw,A,1,3,ABC,s0,seq,ABC_seq_stage3,0.48430865921787714
recall_at_fpr_1pct,raw,A,1,3,ABC,s0,seq,ABC_seq_stage3,0.0125
brier,raw,A,1,3,ABC,s0,seq,ABC_seq_stage3,0.10880761139736861
log_loss,raw,A,1,3,ABC,s0,seq,ABC_seq_stage3,0.3888235811935873
precision,raw,A,1,3,ABC,s0,seq,ABC_seq_stage3,0.07547619047619046
recall,raw,A,1,3,ABC,s0,seq,ABC_seq_stage3,0.0125
f1,raw,A,1,3,ABC,s0,seq,ABC_seq_stage3,0.020944810423071294
specificity,raw,A,1,3,ABC,s0,seq,ABC_seq_stage3,0.9934357541899441
balanced_accuracy,raw,A,1,3,ABC,s0,seq,ABC_seq_stage3,0.502967877094972
mcc,raw,A,1,3,ABC,s0,seq,ABC_seq_stage3,0.013484043227953223
map,raw,A,1,3,ABC,s0,seq,ABC_seq_stage3,0.1563447425913903
mrr,raw,A,1,3,ABC,s0,seq,ABC_seq_stage3,0.18291787624160574
recall_at_1,raw,A,1,3,ABC,s0,seq,ABC_seq_stage3,0.040178571428571425
recall_at_3,raw,A,1,3,ABC,s0,seq,ABC_seq_stage3,0.11339285714285714
recall_at_5,raw,A,1,3,ABC,s0,seq,ABC_seq_stage3,0.16964285714285715
recall_at_10,raw,A,1,3,ABC,s0,seq,ABC_seq_stage3,0.34285714285714286
ndcg_at_1,raw,A,1,3,ABC,s0,seq,ABC_seq_stage3,0.0625
ndcg_at_3,raw,A,1,3,ABC,s0,seq,ABC_seq_stage3,0.09052980806612901
ndcg_at_5,raw,A,1,3,ABC,s0,seq,ABC_seq_stage3,0.11605931708172675
ndcg_at_10,raw,A,1,3,ABC,s0,seq,ABC_seq_stage3,0.1772486181689466
average_precision,stage-cal,A,1,3,ABC,s0,seq,ABC_seq_stage3,0.06529731954677279
trapezoidal_pr_auc,stage-cal,A,1,3,ABC,s0,seq,ABC_seq_stage3,0.0588594853655713
roc_auc,stage-cal,A,1,3,ABC,s0,seq,ABC_seq_stage3,0.48430865921787714
recall_at_fpr_1pct,stage-cal,A,1,3,ABC,s0,seq,ABC_seq_stage3,0.0125
brier,stage-cal,A,1,3,ABC,s0,seq,ABC_seq_stage3,0.14486933996446888
log_loss,stage-cal,A,1,3,ABC,s0,seq,ABC_seq_stage3,0.47411202466624125
precision,stage-cal,A,1,3,ABC,s0,seq,ABC_seq_stage3,0.04831585081585081
recall,stage-cal,A,1,3,ABC,s0,seq,ABC_seq_stage3,0.0225
f1,stage-cal,A,1,3,ABC,s0,seq,ABC_seq_stage3,0.030363400040819388
specificity,stage-cal,A,1,3,ABC,s0,seq,ABC_seq_stage3,0.9784916201117317
balanced_accuracy,stage-cal,A,1,3,ABC,s0,seq,ABC_seq_stage3,0.500495810055866
mcc,stage-cal,A,1,3,ABC,s0,seq,ABC_seq_stage3,-0.0006374372050149395
map,stage-cal,A,1,3,ABC,s0,seq,ABC_seq_stage3,0.1563447425913903
mrr,stage-cal,A,1,3,ABC,s0,seq,ABC_seq_stage3,0.18291787624160574
recall_at_1,stage-cal,A,1,3,ABC,s0,seq,ABC_seq_stage3,0.040178571428571425
recall_at_3,stage-cal,A,1,3,ABC,s0,seq,ABC_seq_stage3,0.11339285714285714
recall_at_5,stage-cal,A,1,3,ABC,s0,seq,ABC_seq_stage3,0.16964285714285715
recall_at_10,stage-cal,A,1,3,ABC,s0,seq,ABC_seq_stage3,0.34285714285714286
ndcg_at_1,stage-cal,A,1,3,ABC,s0,seq,ABC_seq_stage3,0.0625
ndcg_at_3,stage-cal,A,1,3,ABC,s0,seq,ABC_seq_stage3,0.09052980806612901
ndcg_at_5,stage-cal,A,1,3,ABC,s0,seq,ABC_seq_stage3,0.11605931708172675
ndcg_at_10,stage-cal,A,1,3,ABC,s0,seq,ABC_seq_stage3,0.1772486181689466
average_precision,first-cal,A,1,3,ABC,s0,seq,ABC_seq_stage3,0.06529731954677279
trapezoidal_pr_auc,first-cal,A,1,3,ABC,s0,seq,ABC_seq_stage3,0.0588594853655713
roc_auc,first-cal,A,1,3,ABC,s0,seq,ABC_seq_stage3,0.48430865921787714
recall_at_fpr_1pct,first-cal,A,1,3,ABC,s0,seq,ABC_seq_stage3,0.0125
brier,first-cal,A,1,3,ABC,s0,seq,ABC_seq_stage3,0.11357950585537482
log_loss,first-cal,A,1,3,ABC,s0,seq,ABC_seq_stage3,0.4014430146418972
precision,first-cal,A,1,3,ABC,s0,seq,ABC_seq_stage3,0.09214285714285714
recall,first-cal,A,1,3,ABC,s0,seq,ABC_seq_stage3,0.0125
f1,first-cal,A,1,3,ABC,s0,seq,ABC_seq_stage3,0.02134006734006734
specificity,first-cal,A,1,3,ABC,s0,seq,ABC_seq_stage3,0.9949720670391062
balanced_accuracy,first-cal,A,1,3,ABC,s0,seq,ABC_seq_stage3,0.503736033519553
mcc,first-cal,A,1,3,ABC,s0,seq,ABC_seq_stage3,0.01940378140309283
map,first-cal,A,1,3,ABC,s0,seq,ABC_seq_stage3,0.1563447425913903
mrr,first-cal,A,1,3,ABC,s0,seq,ABC_seq_stage3,0.18291787624160574
recall_at_1,first-cal,A,1,3,ABC,s0,seq,ABC_seq_stage3,0.040178571428571425
recall_at_3,first-cal,A,1,3,ABC,s0,seq,ABC_seq_stage3,0.11339285714285714
recall_at_5,first-cal,A,1,3,ABC,s0,seq,ABC_seq_stage3,0.16964285714285715
recall_at_10,first-cal,A,1,3,ABC,s0,seq,ABC_seq_stage3,0.34285714285714286
ndcg_at_1,first-cal,A,1,3,ABC,s0,seq,ABC_seq_stage3,0.0625
ndcg_at_3,first-cal,A,1,3,ABC,s0,seq,ABC_seq_stage3,0.09052980806612901
ndcg_at_5,first-cal,A,1,3,ABC,s0,seq,ABC_seq_stage3,0.11605931708172675
ndcg_at_10,first-cal,A,1,3,ABC,s0,seq,ABC_seq_stage3,0.1772486181689466
average_precision,raw,A,1,1,ABC,s0,er,ABC_shared,0.06611979340905913
trapezoidal_pr_auc,raw,A,1,1,ABC,s0,er,ABC_shared,0.05953137381914
roc_auc,raw,A,1,1,ABC,s0,er,ABC_shared,0.4851745810055867
recall_at_fpr_1pct,raw,A,1,1,ABC,s0,er,ABC_shared,0.01
brier,raw,A,1,1,ABC,s0,er,ABC_shared,0.10634500747056881
log_loss,raw,A,1,1,ABC,s0,er,ABC_shared,0.38288703819225145
precision,raw,A,1,1,ABC,s0,er,ABC_shared,0.06547619047619047
recall,raw,A,1,1,ABC,s0,er,ABC_shared,0.01
f1,raw,A,1,1,ABC,s0,er,ABC_shared,0.016944810423071294
specificity,raw,A,1,1,ABC,s0,er,ABC_shared,0.9945530726256984
balanced_accuracy,raw,A,1,1,ABC,s0,er,ABC_shared,0.5022765363128492
mcc,raw,A,1,1,ABC,s0,er,ABC_shared,0.01082521529358316
map,raw,A,1,1,ABC,s0,er,ABC_shared,0.15523541120903805
mrr,raw,A,1,1,ABC,s0,er,ABC_shared,0.18157811045292055
recall_at_1,raw,A,1,1,ABC,s0,er,ABC_shared,0.03839285714285714
recall_at_3,raw,A,1,1,ABC,s0,er,ABC_shared,0.11428571428571428
recall_at_5,raw,A,1,1,ABC,s0,er,ABC_shared,0.175
recall_at_10,raw,A,1,1,ABC,s0,er,ABC_shared,0.34732142857142856
ndcg_at_1,raw,A,1,1,ABC,s0,er,ABC_shared,0.06071428571428571
ndcg_at_3,raw,A,1,1,ABC,s0,er,ABC_shared,0.08972739832098553
ndcg_at_5,raw,A,1,1,ABC,s0,er,ABC_shared,0.11728392258790435
ndcg_at_10,raw,A,1,1,ABC,s0,er,ABC_shared,0.1776810132034639
average_precision,stage-cal,A,1,1,ABC,s0,er,ABC_shared,0.06611979340905913
trapezoidal_pr_auc,stage-cal,A,1,1,ABC,s0,er,ABC_shared,0.05953137381914
roc_auc,stage-cal,A,1,1,ABC,s0,er,ABC_shared,0.4851745810055867
recall_at_fpr_1pct,stage-cal,A,1,1,ABC,s0,er,ABC_shared,0.01
brier,stage-cal,A,1,1,ABC,s0,er,ABC_shared,0.14221027004799947
log_loss,stage-cal,A,1,1,ABC,s0,er,ABC_shared,0.4682845101990297
precision,stage-cal,A,1,1,ABC,s0,er,ABC_shared,0.06643217893217893
recall,stage-cal,A,1,1,ABC,s0,er,ABC_shared,0.0225
f1,stage-cal,A,1,1,ABC,s0,er,ABC_shared,0.03280729617270217
specificity,stage-cal,A,1,1,ABC,s0,er,ABC_shared,0.9833798882681567
balanced_accuracy,stage-cal,A,1,1,ABC,s0,er,ABC_shared,0.5029399441340783
mcc,stage-cal,A,1,1,ABC,s0,er,ABC_shared,0.008955191648791347
map,stage-cal,A,1,1,ABC,s0,er,ABC_shared,0.15523541120903805
mrr,stage-cal,A,1,1,ABC,s0,er,ABC_shared,0.18157811045292055
recall_at_1,stage-cal,A,1,1,ABC,s0,er,ABC_shared,0.03839285714285714
recall_at_3,stage-cal,A,1,1,ABC,s0,er,ABC_shared,0.11428571428571428
recall_at_5,stage-cal,A,1,1,ABC,s0,er,ABC_shared,0.175
recall_at_10,stage-cal,A,1,1,ABC,s0,er,ABC_shared,0.34732142857142856
ndcg_at_1,stage-cal,A,1,1,ABC,s0,er,ABC_shared,0.06071428571428571
ndcg_at_3,stage-cal,A,1,1,ABC,s0,er,ABC_shared,0.08972739832098553
ndcg_at_5,stage-cal,A,1,1,ABC,s0,er,ABC_shared,0.11728392258790435
ndcg_at_10,stage-cal,A,1,1,ABC,s0,er,ABC_shared,0.1776810132034639
average_precision,first-cal,A,1,1,ABC,s0,er,ABC_shared,0.06611979340905913
trapezoidal_pr_auc,first-cal,A,1,1,ABC,s0,er,ABC_shared,0.05953137381914
roc_auc,first-cal,A,1,1,ABC,s0,er,ABC_shared,0.4851745810055867
recall_at_fpr_1pct,first-cal,A,1,1,ABC,s0,er,ABC_shared,0.01
brier,first-cal,A,1,1,ABC,s0,er,ABC_shared,0.11120773179554214
log_loss,first-cal,A,1,1,ABC,s0,er,ABC_shared,0.39582077830273504
precision,first-cal,A,1,1,ABC,s0,er,ABC_shared,0.1
recall,first-cal,A,1,1,ABC,s0,er,ABC_shared,0.01
f1,first-cal,A,1,1,ABC,s0,er,ABC_shared,0.017501339240469673
specificity,first-cal,A,1,1,ABC,s0,er,ABC_shared,0.995949720670391
balanced_accuracy,first-cal,A,1,1,ABC,s0,er,ABC_shared,0.5029748603351956
mcc,first-cal,A,1,1,ABC,s0,er,ABC_shared,0.018339301556474133
map,first-cal,A,1,1,ABC,s0,er,ABC_shared,0.15523541120903805
mrr,first-cal,A,1,1,ABC,s0,er,ABC_shared,0.18157811045292055
recall_at_1,first-cal,A,1,1,ABC,s0,er,ABC_shared,0.03839285714285714
recall_at_3,first-cal,A,1,1,ABC,s0,er,ABC_shared,0.11428571428571428
recall_at_5,first-cal,A,1,1,ABC,s0,er,ABC_shared,0.175
recall_at_10,first-cal,A,1,1,ABC,s0,er,ABC_shared,0.34732142857142856
ndcg_at_1,first-cal,A,1,1,ABC,s0,er,ABC_shared,0.06071428571428571
ndcg_at_3,first-cal,A,1,1,ABC,s0,er,ABC_shared,0.08972739832098553
ndcg_at_5,first-cal,A,1,1,ABC,s0,er,ABC_shared,0.11728392258790435
ndcg_at_10,first-cal,A,1,1,ABC,s0,er,ABC_shared,0.1776810132034639
average_precision,raw,A,1,2,ABC,s0,er,ABC_er_stage2,0.06628985127785188
trapezoidal_pr_auc,raw,A,1,2,ABC,s0,er,ABC_er_stage2,0.059719854639329537
roc_auc,raw,A,1,2,ABC,s0,er,ABC_er_stage2,0.4835893854748604
recall_at_fpr_1pct,raw,A,1,2,ABC,s0,er,ABC_er_stage2,0.015000000000000003
brier,raw,A,1,2,ABC,s0,er,ABC_er_stage2,0.11003373523209847
log_loss,raw,A,1,2,ABC,s0,er,ABC_er_stage2,0.39179171760982495
precision,raw,A,1,2,ABC,s0,er,ABC_er_stage2,0.0650595238095238
recall,raw,A,1,2,ABC,s0,er,ABC_er_stage2,0.015
f1,raw,A,1,2,ABC,s0,er,ABC_er_stage2,0.023956291695422134
specificity,raw,A,1,2,ABC,s0,er,ABC_er_stage2,0.9925977653631286
balanced_accuracy,raw,A,1,2,ABC,s0,er,ABC_er_stage2,0.5037988826815643
mcc,raw,A,1,2,ABC,s0,er,ABC_er_stage2,0.012443240076419136
map,raw,A,1,2,ABC,s0,er,ABC_er_stage2,0.15330468922807888
mrr,raw,A,1,2,ABC,s0,er,ABC_er_stage2,0.1817095796132378
recall_at_1,raw,A,1,2,ABC,s0,er,ABC_er_stage2,0.03571428571428571
recall_at_3,raw,A,1,2,ABC,s0,er,ABC_er_stage2,0.11607142857142856
recall_at_5,raw,A,1,2,ABC,s0,er,ABC_er_stage2,0.16875
recall_at_10,raw,A,1,2,ABC,s0,er,ABC_er_stage2,0.35357142857142854
ndcg_at_1,raw,A,1,2,ABC,s0,er,ABC_er_stage2,0.06071428571428571
ndcg_at_3,raw,A,1,2,ABC,s0,er,ABC_er_stage2,0.09013149543800501
ndcg_at_5,raw,A,1,2,ABC,s0,er,ABC_er_stage2,0.11397892526510867
ndcg_at_10,raw,A,1,2,ABC,s0,er,ABC_er_stage2,0.17891593724606875
average_precision,stage-cal,A,1,2,ABC,s0,er,ABC_er_stage2,0.06628985127785188
trapezoidal_pr_auc,stage-cal,A,1,2,ABC,s0,er,ABC_er_stage2,0.059719854639329537
roc_auc,stage-cal,A,1,2,ABC,s0,er,ABC_er_stage2,0.4835893854748604
recall_at_fpr_1pct,stage-cal,A,1,2,ABC,s0,er,ABC_er_stage2,0.015000000000000003
brier,stage-cal,A,1,2,ABC,s0,er,ABC_er_stage2,0.14620060921860015
log_loss,stage-cal,A,1,2,ABC,s0,er,ABC_er_stage2,0.47702958829053327
precision,stage-cal,A,1,2,ABC,s0,er,ABC_er_stage2,0.055367618492618495
recall,stage-cal,A,1,2,ABC,s0,er,ABC_er_stage2,0.025
f1,stage-cal,A,1,2,ABC,s0,er,ABC_er_stage2,0.03358388532429133
specificity,stage-cal,A,1,2,ABC,s0,er,ABC_er_stage2,0.9772346368715084
balanced_accuracy,stage-cal,A,1,2,ABC,s0,er,ABC_er_stage2,0.5011173184357542
mcc,stage-cal,A,1,2,ABC,s0,er,ABC_er_stage2,0.002500974828457481
map,stage-cal,A,1,2,ABC,s0,er,ABC_er_stage2,0.15330468922807888
mrr,stage-cal,A,1,2,ABC,s0,er,ABC_er_stage2,0.1817095796132378
recall_at_1,stage-cal,A,1,2,ABC,s0,er,ABC_er_stage2,0.03571428571428571
recall_at_3,stage-cal,A,1,2,ABC,s0,er,ABC_er_stage2,0.11607142857142856
recall_at_5,stage-cal,A,1,2,ABC,s0,er,ABC_er_stage2,0.16875
recall_at_10,stage-cal,A,1,2,ABC,s0,er,ABC_er_stage2,0.35357142857142854
ndcg_at_1,stage-cal,A,1,2,ABC,s0,er,ABC_er_stage2,0.06071428571428571
ndcg_at_3,stage-cal,A,1,2,ABC,s0,er,ABC_er_stage2,0.09013149543800501
ndcg_at_5,stage-cal,A,1,2,ABC,s0,er,ABC_er_stage2,0.11397892526510867
ndcg_at_10,stage-cal,A,1,2,ABC,s0,er,ABC_er_stage2,0.17891593724606875
average_precision,first-cal,A,1,2,ABC,s0,er,ABC_er_stage2,0.06628985127785188
trapezoidal_pr_auc,first-cal,A,1,2,ABC,s0,er,ABC_er_stage2,0.059719854639329537
roc_auc,first-cal,A,1,2,ABC,s0,er,ABC_er_stage2,0.4835893854748604
recall_at_fpr_1pct,first-cal,A,1,2,ABC,s0,er,ABC_er_stage2,0.015000000000000003
brier,first-cal,A,1,2,ABC,s0,er,ABC_er_stage2,0.1147623391148859
log_loss,first-cal,A,1,2,ABC,s0,er,ABC_er_stage2,0.4042548980092011
precision,first-cal,A,1,2,ABC,s0,er,ABC_er_stage2,0.07916666666666666
recall,first-cal,A,1,2,ABC,s0,er,ABC_er_stage2,0.01
f1,first-cal,A,1,2,ABC,s0,er,ABC_er_stage2,0.017605401844532277
specificity,first-cal,A,1,2,ABC,s0,er,ABC_er_stage2,0.9946927374301676
balanced_accuracy,first-cal,A,1,2,ABC,s0,er,ABC_er_stage2,0.5023463687150838
mcc,first-cal,A,1,2,ABC,s0,er,ABC_er_stage2,0.012580314980582773
map,first-cal,A,1,2,ABC,s0,er,ABC_er_stage2,0.15330468922807888
mrr,first-cal,A,1,2,ABC,s0,er,ABC_er_stage2,0.1817095796132378
recall_at_1,first-cal,A,1,2,ABC,s0,er,ABC_er_stage2,0.03571428571428571
recall_at_3,first-cal,A,1,2,ABC,s0,er,ABC_er_stage2,0.11607142857142856
recall_at_5,first-cal,A,1,2,ABC,s0,er,ABC_er_stage2,0.16875
recall_at_10,first-cal,A,1,2,ABC,s0,er,ABC_er_stage2,0.35357142857142854
ndcg_at_1,first-cal,A,1,2,ABC,s0,er,ABC_er_stage2,0.06071428571428571
ndcg_at_3,first-cal,A,1,2,ABC,s0,er,ABC_er_stage2,0.09013149543800501
ndcg_at_5,first-cal,A,1,2,ABC,s0,er,ABC_er_stage2,0.11397892526510867
ndcg_at_10,first-cal,A,1,2,ABC,s0,er,ABC_er_stage2,0.17891593724606875
average_precision,raw,A,1,3,ABC,s0,er,ABC_er_stage3,0.0660796011353571
trapezoidal_pr_auc,raw,A,1,3,ABC,s0,er,ABC_er_stage3,0.05940255630130281
roc_auc,raw,A,1,3,ABC,s0,er,ABC_er_stage3,0.48438547486033523
recall_at_fpr_1pct,raw,A,1,3,ABC,s0,er,ABC_er_stage3,0.0125
brier,raw,A,1,3,ABC,s0,er,ABC_er_stage3,0.11128931112213292
log_loss,raw,A,1,3,ABC,s0,er,ABC_er_stage3,0.39481141824377786
precision,raw,A,1,3,ABC,s0,er,ABC_er_stage3,0.08630952380952381
recall,raw,A,1,3,ABC,s0,er,ABC_er_stage3,0.02
f1,raw,A,1,3,ABC,s0,er,ABC_er_stage3,0.03172170019996107
specificity,raw,A,1,3,ABC,s0,er,ABC_er_stage3,0.9914804469273744
balanced_accuracy,raw,A,1,3,ABC,s0,er,ABC_er_stage3,0.5057402234636872
mcc,raw,A,1,3,ABC,s0,er,ABC_er_stage3,0.020610105735402562
map,raw,A,1,3,ABC,s0,er,ABC_er_stage3,0.1536588610162758
mrr,raw,A,1,3,ABC,s0,er,ABC_er_stage3,0.18008580714781258
recall_at_1,raw,A,1,3,ABC,s0,er,ABC_er_stage3,0.03571428571428571
recall_at_3,raw,A,1,3,ABC,s0,er,ABC_er_stage3,0.11517857142857142
recall_at_5,raw,A,1,3,ABC,s0,er,ABC_er_stage3,0.1732142857142857
recall_at_10,raw,A,1,3,ABC,s0,er,ABC_er_stage3,0.35357142857142854
ndcg_at_1,raw,A,1,3,ABC,s0,er,ABC_er_stage3,0.05714285714285714
ndcg_at_3,raw,A,1,3,ABC,s0,er,ABC_er_stage3,0.08927039286801572
ndcg_at_5,raw,A,1,3,ABC,s0,er,ABC_er_stage3,0.11542997552966663
ndcg_at_10,raw,A,1,3,ABC,s0,er,ABC_er_stage3,0.1788085131534576
average_precision,stage-cal,A,1,3,ABC,s0,er,ABC_er_stage3,0.0660796011353571
trapezoidal_pr_auc,stage-cal,A,1,3,ABC,s0,er,ABC_er_stage3,0.05940255630130281
roc_auc,stage-cal,A,1,3,ABC,s0,er,ABC_er_stage3,0.48438547486033523
recall_at_fpr_1pct,stage-cal,A,1,3,ABC,s0,er,ABC_er_stage3,0.0125
brier,stage-cal,A,1,3,ABC,s0,er,ABC_er_stage3,0.14756206713651682
log_loss,stage-cal,A,1,3,ABC,s0,er,ABC_er_stage3,0.48000815601491614
precision,stage-cal,A,1,3,ABC,s0,er,ABC_er_stage3,0.051649184149184145
recall,stage-cal,A,1,3,ABC,s0,er,ABC_er_stage3,0.025
f1,stage-cal,A,1,3,ABC,s0,er,ABC_er_stage3,0.03295772238514174
specificity,stage-cal,A,1,3,ABC,s0,er,ABC_er_stage3,0.975
balanced_accuracy,stage-cal,A,1,3,ABC,s0,er,ABC_er_stage3,0.4999999999999999
mcc,stage-cal,A,1,3,ABC,s0,er,ABC_er_stage3,-0.0004324437838692789
map,stage-cal,A,1,3,ABC,s0,er,ABC_er_stage3,0.1536588610162758
mrr,stage-cal,A,1,3,ABC,s0,er,ABC_er_stage3,0.18008580714781258
recall_at_1,stage-cal,A,1,3,ABC,s0,er,ABC_er_stage3,0.03571428571428571
recall_at_3,stage-cal,A,1,3,ABC,s0,er,ABC_er_stage3,0.11517857142857142
recall_at_5,stage-cal,A,1,3,ABC,s0,er,ABC_er_stage3,0.1732142857142857
recall_at_10,stage-cal,A,1,3,ABC,s0,er,ABC_er_stage3,0.35357142857142854
ndcg_at_1,stage-cal,A,1,3,ABC,s0,er,ABC_er_stage3,0.05714285714285714
ndcg_at_3,stage-cal,A,1,3,ABC,s0,er,ABC_er_stage3,0.08927039286801572
ndcg_at_5,stage-cal,A,1,3,ABC,s0,er,ABC_er_stage3,0.11542997552966663
ndcg_at_10,stage-cal,A,1,3,ABC,s0,er,ABC_er_stage3,0.1788085131534576
average_precision,first-cal,A,1,3,ABC,s0,er,ABC_er_stage3,0.0660796011353571
trapezoidal_pr_auc,first-cal,A,1,3,ABC,s0,er,ABC_er_stage3,0.05940255630130281
roc_auc,first-cal,A,1,3,ABC,s0,er,ABC_er_stage3,0.48438547486033523
recall_at_fpr_1pct,first-cal,A,1,3,ABC,s0,er,ABC_er_stage3,0.0125
brier,first-cal,A,1,3,ABC,s0,er,ABC_er_stage3,0.11597213303629779
log_loss,first-cal,A,1,3,ABC,s0,er,ABC_er_stage3,0.4071160793019553
precision,first-cal,A,1,3,ABC,s0,er,ABC_er_stage3,0.07964285714285713
recall,first-cal,A,1,3,ABC,s0,er,ABC_er_stage3,0.015
f1,first-cal,A,1,3,ABC,s0,er,ABC_er_stage3,0.024913848631239934
specificity,first-cal,A,1,3,ABC,s0,er,ABC_er_stage3,0.994413407821229
balanced_accuracy,first-cal,A,1,3,ABC,s0,er,ABC_er_stage3,0.5047067039106145
mcc,first-cal,A,1,3,ABC,s0,er,ABC_er_stage3,0.019756550019228335
map,first-cal,A,1,3,ABC,s0,er,ABC_er_stage3,0.1536588610162758
mrr,first-cal,A,1,3,ABC,s0,er,ABC_er_stage3,0.18008580714781258
recall_at_1,first-cal,A,1,3,ABC,s0,er,ABC_er_stage3,0.03571428571428571
recall_at_3,first-cal,A,1,3,ABC,s0,er,ABC_er_stage3,0.11517857142857142
recall_at_5,first-cal,A,1,3,ABC,s0,er,ABC_er_stage3,0.1732142857142857
recall_at_10,first-cal,A,1,3,ABC,s0,er,ABC_er_stage3,0.35357142857142854
ndcg_at_1,first-cal,A,1,3,ABC,s0,er,ABC_er_stage3,0.05714285714285714
ndcg_at_3,first-cal,A,1,3,ABC,s0,er,ABC_er_stage3,0.08927039286801572
ndcg_at_5,first-cal,A,1,3,ABC,s0,er,ABC_er_stage3,0.11542997552966663
ndcg_at_10,first-cal,A,1,3,ABC,s0,er,ABC_er_stage3,0.1788085131534576
average_precision,raw,A,1,1,ABC,s0,logit,ABC_shared,0.06611979340905913
trapezoidal_pr_auc,raw,A,1,1,ABC,s0,logit,ABC_shared,0.05953137381914
roc_auc,raw,A,1,1,ABC,s0,logit,ABC_shared,0.4851745810055867
recall_at_fpr_1pct,raw,A,1,1,ABC,s0,logit,ABC_shared,0.01
brier,raw,A,1,1,ABC,s0,logit,ABC_shared,0.10634500747056881
log_loss,raw,A,1,1,ABC,s0,logit,ABC_shared,0.38288703819225145
precision,raw,A,1,1,ABC,s0,logit,ABC_shared,0.06547619047619047
recall,raw,A,1,1,ABC,s0,logit,ABC_shared,0.01
f1,raw,A,1,1,ABC,s0,logit,ABC_shared,0.016944810423071294
specificity,raw,A,1,1,ABC,s0,logit,ABC_shared,0.9945530726256984
balanced_accuracy,raw,A,1,1,ABC,s0,logit,ABC_shared,0.5022765363128492
mcc,raw,A,1,1,ABC,s0,logit,ABC_shared,0.01082521529358316
map,raw,A,1,1,ABC,s0,logit,ABC_shared,0.15523541120903805
mrr,raw,A,1,1,ABC,s0,logit,ABC_shared,0.18157811045292055
recall_at_1,raw,A,1,1,ABC,s0,logit,ABC_shared,0.03839285714285714
recall_at_3,raw,A,1,1,ABC,s0,logit,ABC_shared,0.11428571428571428
recall_at_5,raw,A,1,1,ABC,s0,logit,ABC_shared,0.175
recall_at_10,raw,A,1,1,ABC,s0,logit,ABC_shared,0.34732142857142856
ndcg_at_1,raw,A,1,1,ABC,s0,logit,ABC_shared,0.06071428571428571
ndcg_at_3,raw,A,1,1,ABC,s0,logit,ABC_shared,0.08972739832098553
ndcg_at_5,raw,A,1,1,ABC,s0,logit,ABC_shared,0.11728392258790435
ndcg_at_10,raw,A,1,1,ABC,s0,logit,ABC_shared,0.1776810132034639
average_precision,stage-cal,A,1,1,ABC,s0,logit,ABC_shared,0.06611979340905913
trapezoidal_pr_auc,stage-cal,A,1,1,ABC,s0,logit,ABC_shared,0.05953137381914
roc_auc,stage-cal,A,1,1,ABC,s0,logit,ABC_shared,0.4851745810055867
recall_at_fpr_1pct,stage-cal,A,1,1,ABC,s0,logit,ABC_shared,0.01
brier,stage-cal,A,1,1,ABC,s0,logit,ABC_shared,0.14221027004799947
log_loss,stage-cal,A,1,1,ABC,s0,logit,ABC_shared,0.4682845101990297
precision,stage-cal,A,1,1,ABC,s0,logit,ABC_shared,0.06643217893217893
recall,stage-cal,A,1,1,ABC,s0,logit,ABC_shared,0.0225
f1,stage-cal,A,1,1,ABC,s0,logit,ABC_shared,0.03280729617270217
specificity,stage-cal,A,1,1,ABC,s0,logit,ABC_shared,0.9833798882681567
balanced_accuracy,stage-cal,A,1,1,ABC,s0,logit,ABC_shared,0.5029399441340783
mcc,stage-cal,A,1,1,ABC,s0,logit,ABC_shared,0.008955191648791347
map,stage-cal,A,1,1,ABC,s0,logit,ABC_shared,0.15523541120903805
mrr,stage-cal,A,1,1,ABC,s0,logit,ABC_shared,0.18157811045292055
recall_at_1,stage-cal,A,1,1,ABC,s0,logit,ABC_shared,0.03839285714285714
recall_at_3,stage-cal,A,1,1,ABC,s0,logit,ABC_shared,0.11428571428571428
recall_at_5,stage-cal,A,1,1,ABC,s0,logit,ABC_shared,0.175
recall_at_10,stage-cal,A,1,1,ABC,s0,logit,ABC_shared,0.34732142857142856
ndcg_at_1,stage-cal,A,1,1,ABC,s0,logit,ABC_shared,0.06071428571428571
ndcg_at_3,stage-cal,A,1,1,ABC,s0,logit,ABC_shared,0.08972739832098553
ndcg_at_5,stage-cal,A,1,1,ABC,s0,logit,ABC_shared,0.11728392258790435
ndcg_at_10,stage-cal,A,1,1,ABC,s0,logit,ABC_shared,0.1776810132034639
average_precision,first-cal,A,1,1,ABC,s0,logit,ABC_shared,0.06611979340905913
trapezoidal_pr_auc,first-cal,A,1,1,ABC,s0,logit,ABC_shared,0.05953137381914
roc_auc,first-cal,A,1,1,ABC,s0,logit,ABC_shared,0.4851745810055867
recall_at_fpr_1pct,first-cal,A,1,1,ABC,s0,logit,ABC_shared,0.01
brier,first-cal,A,1,1,ABC,s0,logit,ABC_shared,0.11120773179554214
log_loss,first-cal,A,1,1,ABC,s0,logit,ABC_shared,0.39582077830273504
precision,first-cal,A,1,1,ABC,s0,logit,ABC_shared,0.1
recall,first-cal,A,1,1,ABC,s0,logit,ABC_shared,0.01
f1,first-cal,A,1,1,ABC,s0,logit,ABC_shared,0.017501339240469673
specificity,first-cal,A,1,1,ABC,s0,logit,ABC_shared,0.995949720670391
balanced_accuracy,first-cal,A,1,1,ABC,s0,logit,ABC_shared,0.5029748603351956
mcc,first-cal,A,1,1,ABC,s0,logit,ABC_shared,0.018339301556474133
map,first-cal,A,1,1,ABC,s0,logit,ABC_shared,0.15523541120903805
mrr,first-cal,A,1,1,ABC,s0,logit,ABC_shared,0.18157811045292055
recall_at_1,first-cal,A,1,1,ABC,s0,logit,ABC_shared,0.03839285714285714
recall_at_3,first-cal,A,1,1,ABC,s0,logit,ABC_shared,0.11428571428571428
recall_at_5,first-cal,A,1,1,ABC,s0,logit,ABC_shared,0.175
recall_at_10,first-cal,A,1,1,ABC,s0,logit,ABC_shared,0.34732142857142856
ndcg_at_1,first-cal,A,1,1,ABC,s0,logit,ABC_shared,0.06071428571428571
ndcg_at_3,first-cal,A,1,1,ABC,s0,logit,ABC_shared,0.08972739832098553
ndcg_at_5,first-cal,A,1,1,ABC,s0,logit,ABC_shared,0.11728392258790435
ndcg_at_10,first-cal,A,1,1,ABC,s0,logit,ABC_shared,0.1776810132034639
average_precision,raw,A,1,2,ABC,s0,logit,ABC_logit_stage2,0.06631914908774285
trapezoidal_pr_auc,raw,A,1,2,ABC,s0,logit,ABC_logit_stage2,0.05958998128625591
roc_auc,raw,A,1,2,ABC,s0,logit,ABC_logit_stage2,0.4843854748603353
recall_at_fpr_1pct,raw,A,1,2,ABC,s0,logit,ABC_logit_stage2,0.015000000000000003
brier,raw,A,1,2,ABC,s0,logit,ABC_logit_stage2,0.1125662157447894
log_loss,raw,A,1,2,ABC,s0,logit,ABC_logit_stage2,0.3978702268445614
precision,raw,A,1,2,ABC,s0,logit,ABC_logit_stage2,0.07547619047619047
recall,raw,A,1,2,ABC,s0,logit,ABC_logit_stage2,0.0175
f1,raw,A,1,2,ABC,s0,logit,ABC_logit_stage2,0.02770887968714055
specificity,raw,A,1,2,ABC,s0,logit,ABC_logit_stage2,0.99036312849162
balanced_accuracy,raw,A,1,2,ABC,s0,logit,ABC_logit_stage2,0.5039315642458101
mcc,raw,A,1,2,ABC,s0,logit,ABC_logit_stage2,0.013930070168998523
map,raw,A,1,2,ABC,s0,logit,ABC_logit_stage2,0.15254972711307413
mrr,raw,A,1,2,ABC,s0,logit,ABC_logit_stage2,0.17849067459456103
recall_at_1,raw,A,1,2,ABC,s0,logit,ABC_logit_stage2,0.03482142857142857
recall_at_3,raw,A,1,2,ABC,s0,logit,ABC_logit_stage2,0.10892857142857144
recall_at_5,raw,A,1,2,ABC,s0,logit,ABC_logit_stage2,0.16874999999999998
recall_at_10,raw,A,1,2,ABC,s0,logit,ABC_logit_stage2,0.35357142857142854
ndcg_at_1,raw,A,1,2,ABC,s0,logit,ABC_logit_stage2,0.05714285714285714
ndcg_at_3,raw,A,1,2,ABC,s0,logit,ABC_logit_stage2,0.08533240624133101
ndcg_at_5,raw,A,1,2,ABC,s0,logit,ABC_logit_stage2,0.11230903705990455
ndcg_at_10,raw,A,1,2,ABC,s0,logit,ABC_logit_stage2,0.1776719691475393
average_precision,stage-cal,A,1,2,ABC,s0,logit,ABC_logit_stage2,0.06631914908774285
trapezoidal_pr_auc,stage-cal,A,1,2,ABC,s0,logit,ABC_logit_stage2,0.05958998128625591
roc_auc,stage-cal,A,1,2,ABC,s0,logit,ABC_logit_stage2,0.4843854748603353
recall_at_fpr_1pct,stage-cal,A,1,2,ABC,s0,logit,ABC_logit_stage2,0.015000000000000003
brier,stage-cal,A,1,2,ABC,s0,logit,ABC_logit_stage2,0.1489381489025234
log_loss,stage-cal,A,1,2,ABC,s0,logit,ABC_logit_stage2,0.4830107861825758
precision,stage-cal,A,1,2,ABC,s0,logit,ABC_logit_stage2,0.047251542317331786
recall,stage-cal,A,1,2,ABC,s0,logit,ABC_logit_stage2,0.025
f1,stage-cal,A,1,2,ABC,s0,logit,ABC_logit_stage2,0.032014418043829804
specificity,stage-cal,A,1,2,ABC,s0,logit,ABC_logit_stage2,0.9740223463687151
balanced_accuracy,stage-cal,A,1,2,ABC,s0,logit,ABC_logit_stage2,0.49951117318435756
mcc,stage-cal,A,1,2,ABC,s0,logit,ABC_logit_stage2,-0.002649304393887009
map,stage-cal,A,1,2,ABC,s0,logit,ABC_logit_stage2,0.15254972711307413
mrr,stage-cal,A,1,2,ABC,s0,logit,ABC_logit_stage2,0.17849067459456103
recall_at_1,stage-cal,A,1,2,ABC,s0,logit,ABC_logit_stage2,0.03482142857142857
recall_at_3,stage-cal,A,1,2,ABC,s0,logit,ABC_logit_stage2,0.10892857142857144
recall_at_5,stage-cal,A,1,2,ABC,s0,logit,ABC_logit_stage2,0.16874999999999998
recall_at_10,stage-cal,A,1,2,ABC,s0,logit,ABC_logit_stage2,0.35357142857142854
ndcg_at_1,stage-cal,A,1,2,ABC,s0,logit,ABC_logit_stage2,0.05714285714285714
ndcg_at_3,stage-cal,A,1,2,ABC,s0,logit,ABC_logit_stage2,0.08533240624133101
ndcg_at_5,stage-cal,A,1,2,ABC,s0,logit,ABC_logit_stage2,0.11230903705990455
ndcg_at_10,stage-cal,A,1,2,ABC,s0,logit,ABC_logit_stage2,0.1776719691475393
average_precision,first-cal,A,1,2,ABC,s0,logit,ABC_logit_stage2,0.06631914908774285
trapezoidal_pr_auc,first-cal,A,1,2,ABC,s0,logit,ABC_logit_stage2,0.05958998128625591
roc_auc,first-cal,A,1,2,ABC,s0,logit,ABC_logit_stage2,0.4843854748603353
recall_at_fpr_1pct,first-cal,A,1,2,ABC,s0,logit,ABC_logit_stage2,0.015000000000000003
brier,first-cal,A,1,2,ABC,s0,logit,ABC_logit_stage2,0.11720095928603202
log_loss,first-cal,A,1,2,ABC,s0,logit,ABC_logit_stage2,0.410012388269622
precision,first-cal,A,1,2,ABC,s0,logit,ABC_logit_stage2,0.08333333333333334
recall,first-cal,A,1,2,ABC,s0,logit,ABC_logit_stage2,0.015
f1,first-cal,A,1,2,ABC,s0,logit,ABC_logit_stage2,0.02508361204013378
specificity,first-cal,A,1,2,ABC,s0,logit,ABC_logit_stage2,0.9930167597765361
balanced_accuracy,first-cal,A,1,2,ABC,s0,logit,ABC_logit_stage2,0.504008379888268
mcc,first-cal,A,1,2,ABC,s0,logit,ABC_logit_stage2,0.01661491772594615
map,first-cal,A,1,2,ABC,s0,logit,ABC_logit_stage2,0.15254972711307413
mrr,first-cal,A,1,2,ABC,s0,logit,ABC_logit_stage2,0.17849067459456103
recall_at_1,first-cal,A,1,2,ABC,s0,logit,ABC_logit_stage2,0.03482142857142857
recall_at_3,first-cal,A,1,2,ABC,s0,logit,ABC_logit_stage2,0.10892857142857144
recall_at_5,first-cal,A,1,2,ABC,s0,logit,ABC_logit_stage2,0.16874999999999998
recall_at_10,first-cal,A,1,2,ABC,s0,logit,ABC_logit_stage2,0.35357142857142854
ndcg_at_1,first-cal,A,1,2,ABC,s0,logit,ABC_logit_stage2,0.05714285714285714
ndcg_at_3,first-cal,A,1,2,ABC,s0,logit,ABC_logit_stage2,0.08533240624133101
ndcg_at_5,first-cal,A,1,2,ABC,s0,logit,ABC_logit_stage2,0.11230903705990455
ndcg_at_10,first-cal,A,1,2,ABC,s0,logit,ABC_logit_stage2,0.1776719691475393
average_precision,raw,A,1,3,ABC,s0,logit,ABC_logit_stage3,0.06597757476097829
trapezoidal_pr_auc,raw,A,1,3,ABC,s0,logit,ABC_logit_stage3,0.059390424015526064
roc_auc,raw,A,1,3,ABC,s0,logit,ABC_logit_stage3,0.48443435754189945
recall_at_fpr_1pct,raw,A,1,3,ABC,s0,logit,ABC_logit_stage3,0.0125
brier,raw,A,1,3,ABC,s0,logit,ABC_logit_stage3,0.11393068605725583
log_loss,raw,A,1,3,ABC,s0,logit,ABC_logit_stage3,0.4011019682416186
precision,raw,A,1,3,ABC,s0,logit,ABC_logit_stage3,0.06847222222222223
recall,raw,A,1,3,ABC,s0,logit,ABC_logit_stage3,0.0175
f1,raw,A,1,3,ABC,s0,logit,ABC_logit_stage3,0.027034197187120725
specificity,raw,A,1,3,ABC,s0,logit,ABC_logit_stage3,0.9892458100558658
balanced_accuracy,raw,A,1,3,ABC,s0,logit,ABC_logit_stage3,0.503372905027933
mcc,raw,A,1,3,ABC,s0,logit,ABC_logit_stage3,0.011644754243241903
map,raw,A,1,3,ABC,s0,logit,ABC_logit_stage3,0.1544541005395818
mrr,raw,A,1,3,ABC,s0,logit,ABC_logit_stage3,0.18168959666813334
recall_at_1,raw,A,1,3,ABC,s0,logit,ABC_logit_stage3,0.0375
recall_at_3,raw,A,1,3,ABC,s0,logit,ABC_logit_stage3,0.11428571428571428
recall_at_5,raw,A,1,3,ABC,s0,logit,ABC_logit_stage3,0.16785714285714284
recall_at_10,raw,A,1,3,ABC,s0,logit,ABC_logit_stage3,0.3553571428571428
ndcg_at_1,raw,A,1,3,ABC,s0,logit,ABC_logit_stage3,0.06071428571428571
ndcg_at_3,raw,A,1,3,ABC,s0,logit,ABC_logit_stage3,0.08990829311641282
ndcg_at_5,raw,A,1,3,ABC,s0,logit,ABC_logit_stage3,0.11404600480620679
ndcg_at_10,raw,A,1,3,ABC,s0,logit,ABC_logit_stage3,0.17980378300256444
average_precision,stage-cal,A,1,3,ABC,s0,logit,ABC_logit_stage3,0.06597757476097829
trapezoidal_pr_auc,stage-cal,A,1,3,ABC,s0,logit,ABC_logit_stage3,0.059390424015526064
roc_auc,stage-cal,A,1,3,ABC,s0,logit,ABC_logit_stage3,0.48443435754189945
recall_at_fpr_1pct,stage-cal,A,1,3,ABC,s0,logit,ABC_logit_stage3,0.0125
brier,stage-cal,A,1,3,ABC,s0,logit,ABC_logit_stage3,0.15037562514516706
log_loss,stage-cal,A,1,3,ABC,s0,logit,ABC_logit_stage3,0.4861327626006249
precision,stage-cal,A,1,3,ABC,s0,logit,ABC_logit_stage3,0.04434905372405372
recall,stage-cal,A,1,3,ABC,s0,logit,ABC_logit_stage3,0.025
f1,stage-cal,A,1,3,ABC,s0,logit,ABC_logit_stage3,0.031220021297220502
specificity,stage-cal,A,1,3,ABC,s0,logit,ABC_logit_stage3,0.970949720670391
balanced_accuracy,stage-cal,A,1,3,ABC,s0,logit,ABC_logit_stage3,0.49797486033519556
mcc,stage-cal,A,1,3,ABC,s0,logit,ABC_logit_stage3,-0.006006084855913332
map,stage-cal,A,1,3,ABC,s0,logit,ABC_logit_stage3,0.1544541005395818
mrr,stage-cal,A,1,3,ABC,s0,logit,ABC_logit_stage3,0.18168959666813334
recall_at_1,stage-cal,A,1,3,ABC,s0,logit,ABC_logit_stage3,0.0375
recall_at_3,stage-cal,A,1,3,ABC,s0,logit,ABC_logit_stage3,0.11428571428571428
recall_at_5,stage-cal,A,1,3,ABC,s0,logit,ABC_logit_stage3,0.16785714285714284
recall_at_10,stage-cal,A,1,3,ABC,s0,logit,ABC_logit_stage3,0.3553571428571428
ndcg_at_1,stage-cal,A,1,3,ABC,s0,logit,ABC_logit_stage3,0.06071428571428571
ndcg_at_3,stage-cal,A,1,3,ABC,s0,logit,ABC_logit_stage3,0.08990829311641282
ndcg_at_5,stage-cal,A,1,3,ABC,s0,logit,ABC_logit_stage3,0.11404600480620679
ndcg_at_10,stage-cal,A,1,3,ABC,s0,logit,ABC_logit_stage3,0.17980378300256444
average_precision,first-cal,A,1,3,ABC,s0,logit,ABC_logit_stage3,0.06597757476097829
trapezoidal_pr_auc,first-cal,A,1,3,ABC,s0,logit,ABC_logit_stage3,0.059390424015526064
roc_auc,first-cal,A,1,3,ABC,s0,logit,ABC_logit_stage3,0.48443435754189945
recall_at_fpr_1pct,first-cal,A,1,3,ABC,s0,logit,ABC_logit_stage3,0.0125
brier,first-cal,A,1,3,ABC,s0,logit,ABC_logit_stage3,0.11850520192109355
log_loss,first-cal,A,1,3,ABC,s0,logit,ABC_logit_stage3,0.4130555722026365
precision,first-cal,A,1,3,ABC,s0,logit,ABC_logit_stage3,0.08541666666666665
recall,first-cal,A,1,3,ABC,s0,logit,ABC_logit_stage3,0.0175
f1,first-cal,A,1,3,ABC,s0,logit,ABC_logit_stage3,0.028473881191272494
specificity,first-cal,A,1,3,ABC,s0,logit,ABC_logit_stage3,0.9920391061452515
balanced_accuracy,first-cal,A,1,3,ABC,s0,logit,ABC_logit_stage3,0.5047695530726257
mcc,first-cal,A,1,3,ABC,s0,logit,ABC_logit_stage3,0.018785496690511275
map,first-cal,A,1,3,ABC,s0,logit,ABC_logit_stage3,0.1544541005395818
mrr,first-cal,A,1,3,ABC,s0,logit,ABC_logit_stage3,0.18168959666813334
recall_at_1,first-cal,A,1,3,ABC,s0,logit,ABC_logit_stage3,0.0375
recall_at_3,first-cal,A,1,3,ABC,s0,logit,ABC_logit_stage3,0.11428571428571428
recall_at_5,first-cal,A,1,3,ABC,s0,logit,ABC_logit_stage3,0.16785714285714284
recall_at_10,first-cal,A,1,3,ABC,s0,logit,ABC_logit_stage3,0.3553571428571428
ndcg_at_1,first-cal,A,1,3,ABC,s0,logit,ABC_logit_stage3,0.06071428571428571
ndcg_at_3,first-cal,A,1,3,ABC,s0,logit,ABC_logit_stage3,0.08990829311641282
ndcg_at_5,first-cal,A,1,3,ABC,s0,logit,ABC_logit_stage3,0.11404600480620679
ndcg_at_10,first-cal,A,1,3,ABC,s0,logit,ABC_logit_stage3,0.17980378300256444
average_precision,raw,B,2,0,ABC,s0,initial,initial,0.06973270682590071
trapezoidal_pr_auc,raw,B,2,0,ABC,s0,initial,initial,0.0629623916026665
roc_auc,raw,B,2,0,ABC,s0,initial,initial,0.4887569832402233
recall_at_fpr_1pct,raw,B,2,0,ABC,s0,initial,initial,0.0175
brier,raw,B,2,0,ABC,s0,initial,initial,0.10634549306791996
log_loss,raw,B,2,0,ABC,s0,initial,initial,0.3827528602689398
precision,raw,B,2,0,ABC,s0,initial,initial,0.09166666666666666
recall,raw,B,2,0,ABC,s0,initial,initial,0.0075000000000000015
f1,raw,B,2,0,ABC,s0,initial,initial,0.013655185394315827
specificity,raw,B,2,0,ABC,s0,initial,initial,0.9924581005586592
balanced_accuracy,raw,B,2,0,ABC,s0,initial,initial,0.4999790502793295
mcc,raw,B,2,0,ABC,s0,initial,initial,0.006334742954734687
map,raw,B,2,0,ABC,s0,initial,initial,0.15873670535911447
mrr,raw,B,2,0,ABC,s0,initial,initial,0.18010881075013613
recall_at_1,raw,B,2,0,ABC,s0,initial,initial,0.04642857142857143
recall_at_3,raw,B,2,0,ABC,s0,initial,initial,0.10982142857142856
recall_at_5,raw,B,2,0,ABC,s0,initial,initial,0.1732142857142857
recall_at_10,raw,B,2,0,ABC,s0,initial,initial,0.3517857142857143
ndcg_at_1,raw,B,2,0,ABC,s0,initial,initial,0.06428571428571428
ndcg_at_3,raw,B,2,0,ABC,s0,initial,initial,0.08971679751120011
ndcg_at_5,raw,B,2,0,ABC,s0,initial,initial,0.11813044886555987
ndcg_at_10,raw,B,2,0,ABC,s0,initial,initial,0.1800613639256894
average_precision,raw,B,2,1,ABC,s0,frozen,ABC_shared,0.06890993168229433
trapezoidal_pr_auc,raw,B,2,1,ABC,s0,frozen,ABC_shared,0.06240816488717952
roc_auc,raw,B,2,1,ABC,s0,frozen,ABC_shared,0.487981843575419
recall_at_fpr_1pct,raw,B,2,1,ABC,s0,frozen,ABC_shared,0.015
brier,raw,B,2,1,ABC,s0,frozen,ABC_shared,0.10638844679352777
log_loss,raw,B,2,1,ABC,s0,frozen,ABC_shared,0.38283905341330954
precision,raw,B,2,1,ABC,s0,frozen,ABC_shared,0.09166666666666666
recall,raw,B,2,1,ABC,s0,frozen,ABC_shared,0.0075000000000000015
f1,raw,B,2,1,ABC,s0,frozen,ABC_shared,0.013655185394315827
specificity,raw,B,2,1,ABC,s0,frozen,ABC_shared,0.9925977653631284
balanced_accuracy,raw,B,2,1,ABC,s0,frozen,ABC_shared,0.5000488826815641
mcc,raw,B,2,1,ABC,s0,frozen,ABC_shared,0.006529860551098535
map,raw,B,2,1,ABC,s0,frozen,ABC_shared,0.1529393186468836
mrr,raw,B,2,1,ABC,s0,frozen,ABC_shared,0.17316420357230744
recall_at_1,raw,B,2,1,ABC,s0,frozen,ABC_shared,0.0375
recall_at_3,raw,B,2,1,ABC,s0,frozen,ABC_shared,0.11160714285714284
recall_at_5,raw,B,2,1,ABC,s0,frozen,ABC_shared,0.17857142857142855
recall_at_10,raw,B,2,1,ABC,s0,frozen,ABC_shared,0.3464285714285714
ndcg_at_1,raw,B,2,1,ABC,s0,frozen,ABC_shared,0.05357142857142857
ndcg_at_3,raw,B,2,1,ABC,s0,frozen,ABC_shared,0.08608667611492574
ndcg_at_5,raw,B,2,1,ABC,s0,frozen,ABC_shared,0.116038083450356
ndcg_at_10,raw,B,2,1,ABC,s0,frozen,ABC_shared,0.1741746054428676
average_precision,stage-cal,B,2,1,ABC,s0,frozen,ABC_shared,0.06890993168229433
trapezoidal_pr_auc,stage-cal,B,2,1,ABC,s0,frozen,ABC_shared,0.06240816488717952
roc_auc,stage-cal,B,2,1,ABC,s0,frozen,ABC_shared,0.487981843575419
recall_at_fpr_1pct,stage-cal,B,2,1,ABC,s0,frozen,ABC_shared,0.015
brier,stage-cal,B,2,1,ABC,s0,frozen,ABC_shared,0.14226277494156603
log_loss,stage-cal,B,2,1,ABC,s0,frozen,ABC_shared,0.46833971309661704
precision,stage-cal,B,2,1,ABC,s0,frozen,ABC_shared,0.11277777777777778
recall,stage-cal,B,2,1,ABC,s0,frozen,ABC_shared,0.019999999999999997
f1,stage-cal,B,2,1,ABC,s0,frozen,ABC_shared,0.03266862023533688
specificity,stage-cal,B,2,1,ABC,s0,frozen,ABC_shared,0.9831005586592181
balanced_accuracy,stage-cal,B,2,1,ABC,s0,frozen,ABC_shared,0.5015502793296089
mcc,stage-cal,B,2,1,ABC,s0,frozen,ABC_shared,0.01695921607008558
map,stage-cal,B,2,1,ABC,s0,frozen,ABC_shared,0.1529393186468836
mrr,stage-cal,B,2,1,ABC,s0,frozen,ABC_shared,0.17316420357230744
recall_at_1,stage-cal,B,2,1,ABC,s0,frozen,ABC_shared,0.0375
recall_at_3,stage-cal,B,2,1,ABC,s0,frozen,ABC_shared,0.11160714285714284
recall_at_5,stage-cal,B,2,1,ABC,s0,frozen,ABC_shared,0.17857142857142855
recall_at_10,stage-cal,B,2,1,ABC,s0,frozen,ABC_shared,0.3464285714285714
ndcg_at_1,stage-cal,B,2,1,ABC,s0,frozen,ABC_shared,0.05357142857142857
ndcg_at_3,stage-cal,B,2,1,ABC,s0,frozen,ABC_shared,0.08608667611492574
ndcg_at_5,stage-cal,B,2,1,ABC,s0,frozen,ABC_shared,0.116038083450356
ndcg_at_10,stage-cal,B,2,1,ABC,s0,frozen,ABC_shared,0.1741746054428676
average_precision,first-cal,B,2,1,ABC,s0,frozen,ABC_shared,0.06890993168229433
trapezoidal_pr_auc,first-cal,B,2,1,ABC,s0,frozen,ABC_shared,0.06240816488717952
roc_auc,first-cal,B,2,1,ABC,s0,frozen,ABC_shared,0.487981843575419
recall_at_fpr_1pct,first-cal,B,2,1,ABC,s0,frozen,ABC_shared,0.015
brier,first-cal,B,2,1,ABC,s0,frozen,ABC_shared,0.11124783990880002
log_loss,first-cal,B,2,1,ABC,s0,frozen,ABC_shared,0.3957962539293068
precision,first-cal,B,2,1,ABC,s0,frozen,ABC_shared,0.1
recall,first-cal,B,2,1,ABC,s0,frozen,ABC_shared,0.0075000000000000015
f1,first-cal,B,2,1,ABC,s0,frozen,ABC_shared,0.013852813852813853
specificity,first-cal,B,2,1,ABC,s0,frozen,ABC_shared,0.9942737430167596
balanced_accuracy,first-cal,B,2,1,ABC,s0,frozen,ABC_shared,0.5008868715083798
mcc,first-cal,B,2,1,ABC,s0,frozen,ABC_shared,0.010597353963288581
map,first-cal,B,2,1,ABC,s0,frozen,ABC_shared,0.1529393186468836
mrr,first-cal,B,2,1,ABC,s0,frozen,ABC_shared,0.17316420357230744
recall_at_1,first-cal,B,2,1,ABC,s0,frozen,ABC_shared,0.0375
recall_at_3,first-cal,B,2,1,ABC,s0,frozen,ABC_shared,0.11160714285714284
recall_at_5,first-cal,B,2,1,ABC,s0,frozen,ABC_shared,0.17857142857142855
recall_at_10,first-cal,B,2,1,ABC,s0,frozen,ABC_shared,0.3464285714285714
ndcg_at_1,first-cal,B,2,1,ABC,s0,frozen,ABC_shared,0.05357142857142857
ndcg_at_3,first-cal,B,2,1,ABC,s0,frozen,ABC_shared,0.08608667611492574
ndcg_at_5,first-cal,B,2,1,ABC,s0,frozen,ABC_shared,0.116038083450356
ndcg_at_10,first-cal,B,2,1,ABC,s0,frozen,ABC_shared,0.1741746054428676
average_precision,raw,B,2,2,ABC,s0,frozen,ABC_shared,0.06890993168229433
trapezoidal_pr_auc,raw,B,2,2,ABC,s0,frozen,ABC_shared,0.06240816488717952
roc_auc,raw,B,2,2,ABC,s0,frozen,ABC_shared,0.487981843575419
recall_at_fpr_1pct,raw,B,2,2,ABC,s0,frozen,ABC_shared,0.015
brier,raw,B,2,2,ABC,s0,frozen,ABC_shared,0.10638844679352777
log_loss,raw,B,2,2,ABC,s0,frozen,ABC_shared,0.38283905341330954
precision,raw,B,2,2,ABC,s0,frozen,ABC_shared,0.09166666666666666
recall,raw,B,2,2,ABC,s0,frozen,ABC_shared,0.0075000000000000015
f1,raw,B,2,2,ABC,s0,frozen,ABC_shared,0.013655185394315827
specificity,raw,B,2,2,ABC,s0,frozen,ABC_shared,0.9925977653631284
balanced_accuracy,raw,B,2,2,ABC,s0,frozen,ABC_shared,0.5000488826815641
mcc,raw,B,2,2,ABC,s0,frozen,ABC_shared,0.006529860551098535
map,raw,B,2,2,ABC,s0,frozen,ABC_shared,0.1529393186468836
mrr,raw,B,2,2,ABC,s0,frozen,ABC_shared,0.17316420357230744
recall_at_1,raw,B,2,2,ABC,s0,frozen,ABC_shared,0.0375
recall_at_3,raw,B,2,2,ABC,s0,frozen,ABC_shared,0.11160714285714284
recall_at_5,raw,B,2,2,ABC,s0,frozen,ABC_shared,0.17857142857142855
recall_at_10,raw,B,2,2,ABC,s0,frozen,ABC_shared,0.3464285714285714
ndcg_at_1,raw,B,2,2,ABC,s0,frozen,ABC_shared,0.05357142857142857
ndcg_at_3,raw,B,2,2,ABC,s0,frozen,ABC_shared,0.08608667611492574
ndcg_at_5,raw,B,2,2,ABC,s0,frozen,ABC_shared,0.116038083450356
ndcg_at_10,raw,B,2,2,ABC,s0,frozen,ABC_shared,0.1741746054428676
average_precision,stage-cal,B,2,2,ABC,s0,frozen,ABC_shared,0.06890993168229433
trapezoidal_pr_auc,stage-cal,B,2,2,ABC,s0,frozen,ABC_shared,0.06240816488717952
roc_auc,stage-cal,B,2,2,ABC,s0,frozen,ABC_shared,0.487981843575419
recall_at_fpr_1pct,stage-cal,B,2,2,ABC,s0,frozen,ABC_shared,0.015
brier,stage-cal,B,2,2,ABC,s0,frozen,ABC_shared,0.14226277494156603
log_loss,stage-cal,B,2,2,ABC,s0,frozen,ABC_shared,0.46833971309661704
precision,stage-cal,B,2,2,ABC,s0,frozen,ABC_shared,0.11277777777777778
recall,stage-cal,B,2,2,ABC,s0,frozen,ABC_shared,0.019999999999999997
f1,stage-cal,B,2,2,ABC,s0,frozen,ABC_shared,0.03266862023533688
specificity,stage-cal,B,2,2,ABC,s0,frozen,ABC_shared,0.9831005586592181
balanced_accuracy,stage-cal,B,2,2,ABC,s0,frozen,ABC_shared,0.5015502793296089
mcc,stage-cal,B,2,2,ABC,s0,frozen,ABC_shared,0.01695921607008558
map,stage-cal,B,2,2,ABC,s0,frozen,ABC_shared,0.1529393186468836
mrr,stage-cal,B,2,2,ABC,s0,frozen,ABC_shared,0.17316420357230744
recall_at_1,stage-cal,B,2,2,ABC,s0,frozen,ABC_shared,0.0375
recall_at_3,stage-cal,B,2,2,ABC,s0,frozen,ABC_shared,0.11160714285714284
recall_at_5,stage-cal,B,2,2,ABC,s0,frozen,ABC_shared,0.17857142857142855
recall_at_10,stage-cal,B,2,2,ABC,s0,frozen,ABC_shared,0.3464285714285714
ndcg_at_1,stage-cal,B,2,2,ABC,s0,frozen,ABC_shared,0.05357142857142857
ndcg_at_3,stage-cal,B,2,2,ABC,s0,frozen,ABC_shared,0.08608667611492574
ndcg_at_5,stage-cal,B,2,2,ABC,s0,frozen,ABC_shared,0.116038083450356
ndcg_at_10,stage-cal,B,2,2,ABC,s0,frozen,ABC_shared,0.1741746054428676
average_precision,first-cal,B,2,2,ABC,s0,frozen,ABC_shared,0.06890993168229433
trapezoidal_pr_auc,first-cal,B,2,2,ABC,s0,frozen,ABC_shared,0.06240816488717952
roc_auc,first-cal,B,2,2,ABC,s0,frozen,ABC_shared,0.487981843575419
recall_at_fpr_1pct,first-cal,B,2,2,ABC,s0,frozen,ABC_shared,0.015
brier,first-cal,B,2,2,ABC,s0,frozen,ABC_shared,0.11124783990880002
log_loss,first-cal,B,2,2,ABC,s0,frozen,ABC_shared,0.3957962539293068
precision,first-cal,B,2,2,ABC,s0,frozen,ABC_shared,0.1
recall,first-cal,B,2,2,ABC,s0,frozen,ABC_shared,0.0075000000000000015
f1,first-cal,B,2,2,ABC,s0,frozen,ABC_shared,0.013852813852813853
specificity,first-cal,B,2,2,ABC,s0,frozen,ABC_shared,0.9942737430167596
balanced_accuracy,first-cal,B,2,2,ABC,s0,frozen,ABC_shared,0.5008868715083798
mcc,first-cal,B,2,2,ABC,s0,frozen,ABC_shared,0.010597353963288581
map,first-cal,B,2,2,ABC,s0,frozen,ABC_shared,0.1529393186468836
mrr,first-cal,B,2,2,ABC,s0,frozen,ABC_shared,0.17316420357230744
recall_at_1,first-cal,B,2,2,ABC,s0,frozen,ABC_shared,0.0375
recall_at_3,first-cal,B,2,2,ABC,s0,frozen,ABC_shared,0.11160714285714284
recall_at_5,first-cal,B,2,2,ABC,s0,frozen,ABC_shared,0.17857142857142855
recall_at_10,first-cal,B,2,2,ABC,s0,frozen,ABC_shared,0.3464285714285714
ndcg_at_1,first-cal,B,2,2,ABC,s0,frozen,ABC_shared,0.05357142857142857
ndcg_at_3,first-cal,B,2,2,ABC,s0,frozen,ABC_shared,0.08608667611492574
ndcg_at_5,first-cal,B,2,2,ABC,s0,frozen,ABC_shared,0.116038083450356
ndcg_at_10,first-cal,B,2,2,ABC,s0,frozen,ABC_shared,0.1741746054428676
average_precision,raw,B,2,3,ABC,s0,frozen,ABC_shared,0.06890993168229433
trapezoidal_pr_auc,raw,B,2,3,ABC,s0,frozen,ABC_shared,0.06240816488717952
roc_auc,raw,B,2,3,ABC,s0,frozen,ABC_shared,0.487981843575419
recall_at_fpr_1pct,raw,B,2,3,ABC,s0,frozen,ABC_shared,0.015
brier,raw,B,2,3,ABC,s0,frozen,ABC_shared,0.10638844679352777
log_loss,raw,B,2,3,ABC,s0,frozen,ABC_shared,0.38283905341330954
precision,raw,B,2,3,ABC,s0,frozen,ABC_shared,0.09166666666666666
recall,raw,B,2,3,ABC,s0,frozen,ABC_shared,0.0075000000000000015
f1,raw,B,2,3,ABC,s0,frozen,ABC_shared,0.013655185394315827
specificity,raw,B,2,3,ABC,s0,frozen,ABC_shared,0.9925977653631284
balanced_accuracy,raw,B,2,3,ABC,s0,frozen,ABC_shared,0.5000488826815641
mcc,raw,B,2,3,ABC,s0,frozen,ABC_shared,0.006529860551098535
map,raw,B,2,3,ABC,s0,frozen,ABC_shared,0.1529393186468836
mrr,raw,B,2,3,ABC,s0,frozen,ABC_shared,0.17316420357230744
recall_at_1,raw,B,2,3,ABC,s0,frozen,ABC_shared,0.0375
recall_at_3,raw,B,2,3,ABC,s0,frozen,ABC_shared,0.11160714285714284
recall_at_5,raw,B,2,3,ABC,s0,frozen,ABC_shared,0.17857142857142855
recall_at_10,raw,B,2,3,ABC,s0,frozen,ABC_shared,0.3464285714285714
ndcg_at_1,raw,B,2,3,ABC,s0,frozen,ABC_shared,0.05357142857142857
ndcg_at_3,raw,B,2,3,ABC,s0,frozen,ABC_shared,0.08608667611492574
ndcg_at_5,raw,B,2,3,ABC,s0,frozen,ABC_shared,0.116038083450356
ndcg_at_10,raw,B,2,3,ABC,s0,frozen,ABC_shared,0.1741746054428676
average_precision,stage-cal,B,2,3,ABC,s0,frozen,ABC_shared,0.06890993168229433
trapezoidal_pr_auc,stage-cal,B,2,3,ABC,s0,frozen,ABC_shared,0.06240816488717952
roc_auc,stage-cal,B,2,3,ABC,s0,frozen,ABC_shared,0.487981843575419
recall_at_fpr_1pct,stage-cal,B,2,3,ABC,s0,frozen,ABC_shared,0.015
brier,stage-cal,B,2,3,ABC,s0,frozen,ABC_shared,0.14226277494156603
log_loss,stage-cal,B,2,3,ABC,s0,frozen,ABC_shared,0.46833971309661704
precision,stage-cal,B,2,3,ABC,s0,frozen,ABC_shared,0.11277777777777778
recall,stage-cal,B,2,3,ABC,s0,frozen,ABC_shared,0.019999999999999997
f1,stage-cal,B,2,3,ABC,s0,frozen,ABC_shared,0.03266862023533688
specificity,stage-cal,B,2,3,ABC,s0,frozen,ABC_shared,0.9831005586592181
balanced_accuracy,stage-cal,B,2,3,ABC,s0,frozen,ABC_shared,0.5015502793296089
mcc,stage-cal,B,2,3,ABC,s0,frozen,ABC_shared,0.01695921607008558
map,stage-cal,B,2,3,ABC,s0,frozen,ABC_shared,0.1529393186468836
mrr,stage-cal,B,2,3,ABC,s0,frozen,ABC_shared,0.17316420357230744
recall_at_1,stage-cal,B,2,3,ABC,s0,frozen,ABC_shared,0.0375
recall_at_3,stage-cal,B,2,3,ABC,s0,frozen,ABC_shared,0.11160714285714284
recall_at_5,stage-cal,B,2,3,ABC,s0,frozen,ABC_shared,0.17857142857142855
recall_at_10,stage-cal,B,2,3,ABC,s0,frozen,ABC_shared,0.3464285714285714
ndcg_at_1,stage-cal,B,2,3,ABC,s0,frozen,ABC_shared,0.05357142857142857
ndcg_at_3,stage-cal,B,2,3,ABC,s0,frozen,ABC_shared,0.08608667611492574
ndcg_at_5,stage-cal,B,2,3,ABC,s0,frozen,ABC_shared,0.116038083450356
ndcg_at_10,stage-cal,B,2,3,ABC,s0,frozen,ABC_shared,0.1741746054428676
average_precision,first-cal,B,2,3,ABC,s0,frozen,ABC_shared,0.06890993168229433
trapezoidal_pr_auc,first-cal,B,2,3,ABC,s0,frozen,ABC_shared,0.06240816488717952
roc_auc,first-cal,B,2,3,ABC,s0,frozen,ABC_shared,0.487981843575419
recall_at_fpr_1pct,first-cal,B,2,3,ABC,s0,frozen,ABC_shared,0.015
brier,first-cal,B,2,3,ABC,s0,frozen,ABC_shared,0.11124783990880002
log_loss,first-cal,B,2,3,ABC,s0,frozen,ABC_shared,0.3957962539293068
precision,first-cal,B,2,3,ABC,s0,frozen,ABC_shared,0.1
recall,first-cal,B,2,3,ABC,s0,frozen,ABC_shared,0.0075000000000000015
f1,first-cal,B,2,3,ABC,s0,frozen,ABC_shared,0.013852813852813853
specificity,first-cal,B,2,3,ABC,s0,frozen,ABC_shared,0.9942737430167596
balanced_accuracy,first-cal,B,2,3,ABC,s0,frozen,ABC_shared,0.5008868715083798
mcc,first-cal,B,2,3,ABC,s0,frozen,ABC_shared,0.010597353963288581
map,first-cal,B,2,3,ABC,s0,frozen,ABC_shared,0.1529393186468836
mrr,first-cal,B,2,3,ABC,s0,frozen,ABC_shared,0.17316420357230744
recall_at_1,first-cal,B,2,3,ABC,s0,frozen,ABC_shared,0.0375
recall_at_3,first-cal,B,2,3,ABC,s0,frozen,ABC_shared,0.11160714285714284
recall_at_5,first-cal,B,2,3,ABC,s0,frozen,ABC_shared,0.17857142857142855
recall_at_10,first-cal,B,2,3,ABC,s0,frozen,ABC_shared,0.3464285714285714
ndcg_at_1,first-cal,B,2,3,ABC,s0,frozen,ABC_shared,0.05357142857142857
ndcg_at_3,first-cal,B,2,3,ABC,s0,frozen,ABC_shared,0.08608667611492574
ndcg_at_5,first-cal,B,2,3,ABC,s0,frozen,ABC_shared,0.116038083450356
ndcg_at_10,first-cal,B,2,3,ABC,s0,frozen,ABC_shared,0.1741746054428676
average_precision,raw,B,2,1,ABC,s0,seq,ABC_shared,0.06890993168229433
trapezoidal_pr_auc,raw,B,2,1,ABC,s0,seq,ABC_shared,0.06240816488717952
roc_auc,raw,B,2,1,ABC,s0,seq,ABC_shared,0.487981843575419
recall_at_fpr_1pct,raw,B,2,1,ABC,s0,seq,ABC_shared,0.015
brier,raw,B,2,1,ABC,s0,seq,ABC_shared,0.10638844679352777
log_loss,raw,B,2,1,ABC,s0,seq,ABC_shared,0.38283905341330954
precision,raw,B,2,1,ABC,s0,seq,ABC_shared,0.09166666666666666
recall,raw,B,2,1,ABC,s0,seq,ABC_shared,0.0075000000000000015
f1,raw,B,2,1,ABC,s0,seq,ABC_shared,0.013655185394315827
specificity,raw,B,2,1,ABC,s0,seq,ABC_shared,0.9925977653631284
balanced_accuracy,raw,B,2,1,ABC,s0,seq,ABC_shared,0.5000488826815641
mcc,raw,B,2,1,ABC,s0,seq,ABC_shared,0.006529860551098535
map,raw,B,2,1,ABC,s0,seq,ABC_shared,0.1529393186468836
mrr,raw,B,2,1,ABC,s0,seq,ABC_shared,0.17316420357230744
recall_at_1,raw,B,2,1,ABC,s0,seq,ABC_shared,0.0375
recall_at_3,raw,B,2,1,ABC,s0,seq,ABC_shared,0.11160714285714284
recall_at_5,raw,B,2,1,ABC,s0,seq,ABC_shared,0.17857142857142855
recall_at_10,raw,B,2,1,ABC,s0,seq,ABC_shared,0.3464285714285714
ndcg_at_1,raw,B,2,1,ABC,s0,seq,ABC_shared,0.05357142857142857
ndcg_at_3,raw,B,2,1,ABC,s0,seq,ABC_shared,0.08608667611492574
ndcg_at_5,raw,B,2,1,ABC,s0,seq,ABC_shared,0.116038083450356
ndcg_at_10,raw,B,2,1,ABC,s0,seq,ABC_shared,0.1741746054428676
average_precision,stage-cal,B,2,1,ABC,s0,seq,ABC_shared,0.06890993168229433
trapezoidal_pr_auc,stage-cal,B,2,1,ABC,s0,seq,ABC_shared,0.06240816488717952
roc_auc,stage-cal,B,2,1,ABC,s0,seq,ABC_shared,0.487981843575419
recall_at_fpr_1pct,stage-cal,B,2,1,ABC,s0,seq,ABC_shared,0.015
brier,stage-cal,B,2,1,ABC,s0,seq,ABC_shared,0.14226277494156603
log_loss,stage-cal,B,2,1,ABC,s0,seq,ABC_shared,0.46833971309661704
precision,stage-cal,B,2,1,ABC,s0,seq,ABC_shared,0.11277777777777778
recall,stage-cal,B,2,1,ABC,s0,seq,ABC_shared,0.019999999999999997
f1,stage-cal,B,2,1,ABC,s0,seq,ABC_shared,0.03266862023533688
specificity,stage-cal,B,2,1,ABC,s0,seq,ABC_shared,0.9831005586592181
balanced_accuracy,stage-cal,B,2,1,ABC,s0,seq,ABC_shared,0.5015502793296089
mcc,stage-cal,B,2,1,ABC,s0,seq,ABC_shared,0.01695921607008558
map,stage-cal,B,2,1,ABC,s0,seq,ABC_shared,0.1529393186468836
mrr,stage-cal,B,2,1,ABC,s0,seq,ABC_shared,0.17316420357230744
recall_at_1,stage-cal,B,2,1,ABC,s0,seq,ABC_shared,0.0375
recall_at_3,stage-cal,B,2,1,ABC,s0,seq,ABC_shared,0.11160714285714284
recall_at_5,stage-cal,B,2,1,ABC,s0,seq,ABC_shared,0.17857142857142855
recall_at_10,stage-cal,B,2,1,ABC,s0,seq,ABC_shared,0.3464285714285714
ndcg_at_1,stage-cal,B,2,1,ABC,s0,seq,ABC_shared,0.05357142857142857
ndcg_at_3,stage-cal,B,2,1,ABC,s0,seq,ABC_shared,0.08608667611492574
ndcg_at_5,stage-cal,B,2,1,ABC,s0,seq,ABC_shared,0.116038083450356
ndcg_at_10,stage-cal,B,2,1,ABC,s0,seq,ABC_shared,0.1741746054428676
average_precision,first-cal,B,2,1,ABC,s0,seq,ABC_shared,0.06890993168229433
trapezoidal_pr_auc,first-cal,B,2,1,ABC,s0,seq,ABC_shared,0.06240816488717952
roc_auc,first-cal,B,2,1,ABC,s0,seq,ABC_shared,0.487981843575419
recall_at_fpr_1pct,first-cal,B,2,1,ABC,s0,seq,ABC_shared,0.015
brier,first-cal,B,2,1,ABC,s0,seq,ABC_shared,0.11124783990880002
log_loss,first-cal,B,2,1,ABC,s0,seq,ABC_shared,0.3957962539293068
precision,first-cal,B,2,1,ABC,s0,seq,ABC_shared,0.1
recall,first-cal,B,2,1,ABC,s0,seq,ABC_shared,0.0075000000000000015
f1,first-cal,B,2,1,ABC,s0,seq,ABC_shared,0.013852813852813853
specificity,first-cal,B,2,1,ABC,s0,seq,ABC_shared,0.9942737430167596
balanced_accuracy,first-cal,B,2,1,ABC,s0,seq,ABC_shared,0.5008868715083798
mcc,first-cal,B,2,1,ABC,s0,seq,ABC_shared,0.010597353963288581
map,first-cal,B,2,1,ABC,s0,seq,ABC_shared,0.1529393186468836
mrr,first-cal,B,2,1,ABC,s0,seq,ABC_shared,0.17316420357230744
recall_at_1,first-cal,B,2,1,ABC,s0,seq,ABC_shared,0.0375
recall_at_3,first-cal,B,2,1,ABC,s0,seq,ABC_shared,0.11160714285714284
recall_at_5,first-cal,B,2,1,ABC,s0,seq,ABC_shared,0.17857142857142855
recall_at_10,first-cal,B,2,1,ABC,s0,seq,ABC_shared,0.3464285714285714
ndcg_at_1,first-cal,B,2,1,ABC,s0,seq,ABC_shared,0.05357142857142857
ndcg_at_3,first-cal,B,2,1,ABC,s0,seq,ABC_shared,0.08608667611492574
ndcg_at_5,first-cal,B,2,1,ABC,s0,seq,ABC_shared,0.116038083450356
ndcg_at_10,first-cal,B,2,1,ABC,s0,seq,ABC_shared,0.1741746054428676
average_precision,raw,B,2,2,ABC,s0,seq,ABC_seq_stage2,0.06968845891742136
trapezoidal_pr_auc,raw,B,2,2,ABC,s0,seq,ABC_seq_stage2,0.06281933336209773
roc_auc,raw,B,2,2,ABC,s0,seq,ABC_seq_stage2,0.48491620111731837
recall_at_fpr_1pct,raw,B,2,2,ABC,s0,seq,ABC_seq_stage2,0.02
brier,raw,B,2,2,ABC,s0,seq,ABC_seq_stage2,0.10759094394421334
log_loss,raw,B,2,2,ABC,s0,seq,ABC_seq_stage2,0.38577838966243505
precision,raw,B,2,2,ABC,s0,seq,ABC_seq_stage2,0.09166666666666666
recall,raw,B,2,2,ABC,s0,seq,ABC_seq_stage2,0.0075000000000000015
f1,raw,B,2,2,ABC,s0,seq,ABC_seq_stage2,0.013655185394315827
specificity,raw,B,2,2,ABC,s0,seq,ABC_seq_stage2,0.991899441340782
balanced_accuracy,raw,B,2,2,ABC,s0,seq,ABC_seq_stage2,0.49969972067039115
mcc,raw,B,2,2,ABC,s0,seq,ABC_seq_stage2,0.005979549873683994
map,raw,B,2,2,ABC,s0,seq,ABC_seq_stage2,0.15804125140869024
mrr,raw,B,2,2,ABC,s0,seq,ABC_seq_stage2,0.1783490123908375
recall_at_1,raw,B,2,2,ABC,s0,seq,ABC_seq_stage2,0.04642857142857142
recall_at_3,raw,B,2,2,ABC,s0,seq,ABC_seq_stage2,0.1107142857142857
recall_at_5,raw,B,2,2,ABC,s0,seq,ABC_seq_stage2,0.16785714285714284
recall_at_10,raw,B,2,2,ABC,s0,seq,ABC_seq_stage2,0.3419642857142858
ndcg_at_1,raw,B,2,2,ABC,s0,seq,ABC_seq_stage2,0.0625
ndcg_at_3,raw,B,2,2,ABC,s0,seq,ABC_seq_stage2,0.09020555753703775
ndcg_at_5,raw,B,2,2,ABC,s0,seq,ABC_seq_stage2,0.11574468436813731
ndcg_at_10,raw,B,2,2,ABC,s0,seq,ABC_seq_stage2,0.176709074680163
average_precision,stage-cal,B,2,2,ABC,s0,seq,ABC_seq_stage2,0.06968845891742136
trapezoidal_pr_auc,stage-cal,B,2,2,ABC,s0,seq,ABC_seq_stage2,0.06281933336209773
roc_auc,stage-cal,B,2,2,ABC,s0,seq,ABC_seq_stage2,0.48491620111731837
recall_at_fpr_1pct,stage-cal,B,2,2,ABC,s0,seq,ABC_seq_stage2,0.02
brier,stage-cal,B,2,2,ABC,s0,seq,ABC_seq_stage2,0.1435725836890412
log_loss,stage-cal,B,2,2,ABC,s0,seq,ABC_seq_stage2,0.471225125749063
precision,stage-cal,B,2,2,ABC,s0,seq,ABC_seq_stage2,0.10978174603174604
recall,stage-cal,B,2,2,ABC,s0,seq,ABC_seq_stage2,0.025
f1,stage-cal,B,2,2,ABC,s0,seq,ABC_seq_stage2,0.03849380440759752
specificity,stage-cal,B,2,2,ABC,s0,seq,ABC_seq_stage2,0.9814245810055866
balanced_accuracy,stage-cal,B,2,2,ABC,s0,seq,ABC_seq_stage2,0.5032122905027934
mcc,stage-cal,B,2,2,ABC,s0,seq,ABC_seq_stage2,0.019405561028551024
map,stage-cal,B,2,2,ABC,s0,seq,ABC_seq_stage2,0.15804125140869024
mrr,stage-cal,B,2,2,ABC,s0,seq,ABC_seq_stage2,0.1783490123908375
recall_at_1,stage-cal,B,2,2,ABC,s0,seq,ABC_seq_stage2,0.04642857142857142
recall_at_3,stage-cal,B,2,2,ABC,s0,seq,ABC_seq_stage2,0.1107142857142857
recall_at_5,stage-cal,B,2,2,ABC,s0,seq,ABC_seq_stage2,0.16785714285714284
recall_at_10,stage-cal,B,2,2,ABC,s0,seq,ABC_seq_stage2,0.3419642857142858
ndcg_at_1,stage-cal,B,2,2,ABC,s0,seq,ABC_seq_stage2,0.0625
ndcg_at_3,stage-cal,B,2,2,ABC,s0,seq,ABC_seq_stage2,0.09020555753703775
ndcg_at_5,stage-cal,B,2,2,ABC,s0,seq,ABC_seq_stage2,0.11574468436813731
ndcg_at_10,stage-cal,B,2,2,ABC,s0,seq,ABC_seq_stage2,0.176709074680163
average_precision,first-cal,B,2,2,ABC,s0,seq,ABC_seq_stage2,0.06968845891742136
trapezoidal_pr_auc,first-cal,B,2,2,ABC,s0,seq,ABC_seq_stage2,0.06281933336209773
roc_auc,first-cal,B,2,2,ABC,s0,seq,ABC_seq_stage2,0.48491620111731837
recall_at_fpr_1pct,first-cal,B,2,2,ABC,s0,seq,ABC_seq_stage2,0.02
brier,first-cal,B,2,2,ABC,s0,seq,ABC_seq_stage2,0.1124099648215023
log_loss,first-cal,B,2,2,ABC,s0,seq,ABC_seq_stage2,0.39858247105793454
precision,first-cal,B,2,2,ABC,s0,seq,ABC_seq_stage2,0.1
recall,first-cal,B,2,2,ABC,s0,seq,ABC_seq_stage2,0.0075000000000000015
f1,first-cal,B,2,2,ABC,s0,seq,ABC_seq_stage2,0.013852813852813853
specificity,first-cal,B,2,2,ABC,s0,seq,ABC_seq_stage2,0.9937150837988826
balanced_accuracy,first-cal,B,2,2,ABC,s0,seq,ABC_seq_stage2,0.5006075418994413
mcc,first-cal,B,2,2,ABC,s0,seq,ABC_seq_stage2,0.009856798215485124
map,first-cal,B,2,2,ABC,s0,seq,ABC_seq_stage2,0.15804125140869024
mrr,first-cal,B,2,2,ABC,s0,seq,ABC_seq_stage2,0.1783490123908375
recall_at_1,first-cal,B,2,2,ABC,s0,seq,ABC_seq_stage2,0.04642857142857142
recall_at_3,first-cal,B,2,2,ABC,s0,seq,ABC_seq_stage2,0.1107142857142857
recall_at_5,first-cal,B,2,2,ABC,s0,seq,ABC_seq_stage2,0.16785714285714284
recall_at_10,first-cal,B,2,2,ABC,s0,seq,ABC_seq_stage2,0.3419642857142858
ndcg_at_1,first-cal,B,2,2,ABC,s0,seq,ABC_seq_stage2,0.0625
ndcg_at_3,first-cal,B,2,2,ABC,s0,seq,ABC_seq_stage2,0.09020555753703775
ndcg_at_5,first-cal,B,2,2,ABC,s0,seq,ABC_seq_stage2,0.11574468436813731
ndcg_at_10,first-cal,B,2,2,ABC,s0,seq,ABC_seq_stage2,0.176709074680163
average_precision,raw,B,2,3,ABC,s0,seq,ABC_seq_stage3,0.06992570941978796
trapezoidal_pr_auc,raw,B,2,3,ABC,s0,seq,ABC_seq_stage3,0.06297307391842347
roc_auc,raw,B,2,3,ABC,s0,seq,ABC_seq_stage3,0.4875698324022347
recall_at_fpr_1pct,raw,B,2,3,ABC,s0,seq,ABC_seq_stage3,0.0175
brier,raw,B,2,3,ABC,s0,seq,ABC_seq_stage3,0.10882967315073602
log_loss,raw,B,2,3,ABC,s0,seq,ABC_seq_stage3,0.3887595525615547
precision,raw,B,2,3,ABC,s0,seq,ABC_seq_stage3,0.1
recall,raw,B,2,3,ABC,s0,seq,ABC_seq_stage3,0.01
f1,raw,B,2,3,ABC,s0,seq,ABC_seq_stage3,0.017805383022774325
specificity,raw,B,2,3,ABC,s0,seq,ABC_seq_stage3,0.991340782122905
balanced_accuracy,raw,B,2,3,ABC,s0,seq,ABC_seq_stage3,0.5006703910614524
mcc,raw,B,2,3,ABC,s0,seq,ABC_seq_stage3,0.00987289122724189
map,raw,B,2,3,ABC,s0,seq,ABC_seq_stage3,0.1542617206794634
mrr,raw,B,2,3,ABC,s0,seq,ABC_seq_stage3,0.17286047313893543
recall_at_1,raw,B,2,3,ABC,s0,seq,ABC_seq_stage3,0.041071428571428564
recall_at_3,raw,B,2,3,ABC,s0,seq,ABC_seq_stage3,0.1044642857142857
recall_at_5,raw,B,2,3,ABC,s0,seq,ABC_seq_stage3,0.17142857142857143
recall_at_10,raw,B,2,3,ABC,s0,seq,ABC_seq_stage3,0.35267857142857145
ndcg_at_1,raw,B,2,3,ABC,s0,seq,ABC_seq_stage3,0.05535714285714286
ndcg_at_3,raw,B,2,3,ABC,s0,seq,ABC_seq_stage3,0.0832329943798225
ndcg_at_5,raw,B,2,3,ABC,s0,seq,ABC_seq_stage3,0.11348486373505207
ndcg_at_10,raw,B,2,3,ABC,s0,seq,ABC_seq_stage3,0.17675147397595575
average_precision,stage-cal,B,2,3,ABC,s0,seq,ABC_seq_stage3,0.06992570941978796
trapezoidal_pr_auc,stage-cal,B,2,3,ABC,s0,seq,ABC_seq_stage3,0.06297307391842347
roc_auc,stage-cal,B,2,3,ABC,s0,seq,ABC_seq_stage3,0.4875698324022347
recall_at_fpr_1pct,stage-cal,B,2,3,ABC,s0,seq,ABC_seq_stage3,0.0175
brier,stage-cal,B,2,3,ABC,s0,seq,ABC_seq_stage3,0.14492522456757617
log_loss,stage-cal,B,2,3,ABC,s0,seq,ABC_seq_stage3,0.47418684298107283
precision,stage-cal,B,2,3,ABC,s0,seq,ABC_seq_stage3,0.09222222222222223
recall,stage-cal,B,2,3,ABC,s0,seq,ABC_seq_stage3,0.019999999999999997
f1,stage-cal,B,2,3,ABC,s0,seq,ABC_seq_stage3,0.03089815931195241
specificity,stage-cal,B,2,3,ABC,s0,seq,ABC_seq_stage3,0.9810055865921786
balanced_accuracy,stage-cal,B,2,3,ABC,s0,seq,ABC_seq_stage3,0.5005027932960894
mcc,stage-cal,B,2,3,ABC,s0,seq,ABC_seq_stage3,0.010014769191526447
map,stage-cal,B,2,3,ABC,s0,seq,ABC_seq_stage3,0.1542617206794634
mrr,stage-cal,B,2,3,ABC,s0,seq,ABC_seq_stage3,0.17286047313893543
recall_at_1,stage-cal,B,2,3,ABC,s0,seq,ABC_seq_stage3,0.041071428571428564
recall_at_3,stage-cal,B,2,3,ABC,s0,seq,ABC_seq_stage3,0.1044642857142857
recall_at_5,stage-cal,B,2,3,ABC,s0,seq,ABC_seq_stage3,0.17142857142857143
recall_at_10,stage-cal,B,2,3,ABC,s0,seq,ABC_seq_stage3,0.35267857142857145
ndcg_at_1,stage-cal,B,2,3,ABC,s0,seq,ABC_seq_stage3,0.05535714285714286
ndcg_at_3,stage-cal,B,2,3,ABC,s0,seq,ABC_seq_stage3,0.0832329943798225
ndcg_at_5,stage-cal,B,2,3,ABC,s0,seq,ABC_seq_stage3,0.11348486373505207
ndcg_at_10,stage-cal,B,2,3,ABC,s0,seq,ABC_seq_stage3,0.17675147397595575
average_precision,first-cal,B,2,3,ABC,s0,seq,ABC_seq_stage3,0.06992570941978796
trapezoidal_pr_auc,first-cal,B,2,3,ABC,s0,seq,ABC_seq_stage3,0.06297307391842347
roc_auc,first-cal,B,2,3,ABC,s0,seq,ABC_seq_stage3,0.4875698324022347
recall_at_fpr_1pct,first-cal,B,2,3,ABC,s0,seq,ABC_seq_stage3,0.0175
brier,first-cal,B,2,3,ABC,s0,seq,ABC_seq_stage3,0.1136054849070208
log_loss,first-cal,B,2,3,ABC,s0,seq,ABC_seq_stage3,0.40141240008035844
precision,first-cal,B,2,3,ABC,s0,seq,ABC_seq_stage3,0.09166666666666666
recall,first-cal,B,2,3,ABC,s0,seq,ABC_seq_stage3,0.0075000000000000015
f1,first-cal,B,2,3,ABC,s0,seq,ABC_seq_stage3,0.013655185394315827
specificity,first-cal,B,2,3,ABC,s0,seq,ABC_seq_stage3,0.9927374301675975
balanced_accuracy,first-cal,B,2,3,ABC,s0,seq,ABC_seq_stage3,0.5001187150837989
mcc,first-cal,B,2,3,ABC,s0,seq,ABC_seq_stage3,0.006634292175891879
map,first-cal,B,2,3,ABC,s0,seq,ABC_seq_stage3,0.1542617206794634
mrr,first-cal,B,2,3,ABC,s0,seq,ABC_seq_stage3,0.17286047313893543
recall_at_1,first-cal,B,2,3,ABC,s0,seq,ABC_seq_stage3,0.041071428571428564
recall_at_3,first-cal,B,2,3,ABC,s0,seq,ABC_seq_stage3,0.1044642857142857
recall_at_5,first-cal,B,2,3,ABC,s0,seq,ABC_seq_stage3,0.17142857142857143
recall_at_10,first-cal,B,2,3,ABC,s0,seq,ABC_seq_stage3,0.35267857142857145
ndcg_at_1,first-cal,B,2,3,ABC,s0,seq,ABC_seq_stage3,0.05535714285714286
ndcg_at_3,first-cal,B,2,3,ABC,s0,seq,ABC_seq_stage3,0.0832329943798225
ndcg_at_5,first-cal,B,2,3,ABC,s0,seq,ABC_seq_stage3,0.11348486373505207
ndcg_at_10,first-cal,B,2,3,ABC,s0,seq,ABC_seq_stage3,0.17675147397595575
average_precision,raw,B,2,1,ABC,s0,er,ABC_shared,0.06890993168229433
trapezoidal_pr_auc,raw,B,2,1,ABC,s0,er,ABC_shared,0.06240816488717952
roc_auc,raw,B,2,1,ABC,s0,er,ABC_shared,0.487981843575419
recall_at_fpr_1pct,raw,B,2,1,ABC,s0,er,ABC_shared,0.015
brier,raw,B,2,1,ABC,s0,er,ABC_shared,0.10638844679352777
log_loss,raw,B,2,1,ABC,s0,er,ABC_shared,0.38283905341330954
precision,raw,B,2,1,ABC,s0,er,ABC_shared,0.09166666666666666
recall,raw,B,2,1,ABC,s0,er,ABC_shared,0.0075000000000000015
f1,raw,B,2,1,ABC,s0,er,ABC_shared,0.013655185394315827
specificity,raw,B,2,1,ABC,s0,er,ABC_shared,0.9925977653631284
balanced_accuracy,raw,B,2,1,ABC,s0,er,ABC_shared,0.5000488826815641
mcc,raw,B,2,1,ABC,s0,er,ABC_shared,0.006529860551098535
map,raw,B,2,1,ABC,s0,er,ABC_shared,0.1529393186468836
mrr,raw,B,2,1,ABC,s0,er,ABC_shared,0.17316420357230744
recall_at_1,raw,B,2,1,ABC,s0,er,ABC_shared,0.0375
recall_at_3,raw,B,2,1,ABC,s0,er,ABC_shared,0.11160714285714284
recall_at_5,raw,B,2,1,ABC,s0,er,ABC_shared,0.17857142857142855
recall_at_10,raw,B,2,1,ABC,s0,er,ABC_shared,0.3464285714285714
ndcg_at_1,raw,B,2,1,ABC,s0,er,ABC_shared,0.05357142857142857
ndcg_at_3,raw,B,2,1,ABC,s0,er,ABC_shared,0.08608667611492574
ndcg_at_5,raw,B,2,1,ABC,s0,er,ABC_shared,0.116038083450356
ndcg_at_10,raw,B,2,1,ABC,s0,er,ABC_shared,0.1741746054428676
average_precision,stage-cal,B,2,1,ABC,s0,er,ABC_shared,0.06890993168229433
trapezoidal_pr_auc,stage-cal,B,2,1,ABC,s0,er,ABC_shared,0.06240816488717952
roc_auc,stage-cal,B,2,1,ABC,s0,er,ABC_shared,0.487981843575419
recall_at_fpr_1pct,stage-cal,B,2,1,ABC,s0,er,ABC_shared,0.015
brier,stage-cal,B,2,1,ABC,s0,er,ABC_shared,0.14226277494156603
log_loss,stage-cal,B,2,1,ABC,s0,er,ABC_shared,0.46833971309661704
precision,stage-cal,B,2,1,ABC,s0,er,ABC_shared,0.11277777777777778
recall,stage-cal,B,2,1,ABC,s0,er,ABC_shared,0.019999999999999997
f1,stage-cal,B,2,1,ABC,s0,er,ABC_shared,0.03266862023533688
specificity,stage-cal,B,2,1,ABC,s0,er,ABC_shared,0.9831005586592181
balanced_accuracy,stage-cal,B,2,1,ABC,s0,er,ABC_shared,0.5015502793296089
mcc,stage-cal,B,2,1,ABC,s0,er,ABC_shared,0.01695921607008558
map,stage-cal,B,2,1,ABC,s0,er,ABC_shared,0.1529393186468836
mrr,stage-cal,B,2,1,ABC,s0,er,ABC_shared,0.17316420357230744
recall_at_1,stage-cal,B,2,1,ABC,s0,er,ABC_shared,0.0375
recall_at_3,stage-cal,B,2,1,ABC,s0,er,ABC_shared,0.11160714285714284
recall_at_5,stage-cal,B,2,1,ABC,s0,er,ABC_shared,0.17857142857142855
recall_at_10,stage-cal,B,2,1,ABC,s0,er,ABC_shared,0.3464285714285714
ndcg_at_1,stage-cal,B,2,1,ABC,s0,er,ABC_shared,0.05357142857142857
ndcg_at_3,stage-cal,B,2,1,ABC,s0,er,ABC_shared,0.08608667611492574
ndcg_at_5,stage-cal,B,2,1,ABC,s0,er,ABC_shared,0.116038083450356
ndcg_at_10,stage-cal,B,2,1,ABC,s0,er,ABC_shared,0.1741746054428676
average_precision,first-cal,B,2,1,ABC,s0,er,ABC_shared,0.06890993168229433
trapezoidal_pr_auc,first-cal,B,2,1,ABC,s0,er,ABC_shared,0.06240816488717952
roc_auc,first-cal,B,2,1,ABC,s0,er,ABC_shared,0.487981843575419
recall_at_fpr_1pct,first-cal,B,2,1,ABC,s0,er,ABC_shared,0.015
brier,first-cal,B,2,1,ABC,s0,er,ABC_shared,0.11124783990880002
log_loss,first-cal,B,2,1,ABC,s0,er,ABC_shared,0.3957962539293068
precision,first-cal,B,2,1,ABC,s0,er,ABC_shared,0.1
recall,first-cal,B,2,1,ABC,s0,er,ABC_shared,0.0075000000000000015
f1,first-cal,B,2,1,ABC,s0,er,ABC_shared,0.013852813852813853
specificity,first-cal,B,2,1,ABC,s0,er,ABC_shared,0.9942737430167596
balanced_accuracy,first-cal,B,2,1,ABC,s0,er,ABC_shared,0.5008868715083798
mcc,first-cal,B,2,1,ABC,s0,er,ABC_shared,0.010597353963288581
map,first-cal,B,2,1,ABC,s0,er,ABC_shared,0.1529393186468836
mrr,first-cal,B,2,1,ABC,s0,er,ABC_shared,0.17316420357230744
recall_at_1,first-cal,B,2,1,ABC,s0,er,ABC_shared,0.0375
recall_at_3,first-cal,B,2,1,ABC,s0,er,ABC_shared,0.11160714285714284
recall_at_5,first-cal,B,2,1,ABC,s0,er,ABC_shared,0.17857142857142855
recall_at_10,first-cal,B,2,1,ABC,s0,er,ABC_shared,0.3464285714285714
ndcg_at_1,first-cal,B,2,1,ABC,s0,er,ABC_shared,0.05357142857142857
ndcg_at_3,first-cal,B,2,1,ABC,s0,er,ABC_shared,0.08608667611492574
ndcg_at_5,first-cal,B,2,1,ABC,s0,er,ABC_shared,0.116038083450356
ndcg_at_10,first-cal,B,2,1,ABC,s0,er,ABC_shared,0.1741746054428676
average_precision,raw,B,2,2,ABC,s0,er,ABC_er_stage2,0.0691663135800231
trapezoidal_pr_auc,raw,B,2,2,ABC,s0,er,ABC_er_stage2,0.06265912445097863
roc_auc,raw,B,2,2,ABC,s0,er,ABC_er_stage2,0.48790502793296076
recall_at_fpr_1pct,raw,B,2,2,ABC,s0,er,ABC_er_stage2,0.015000000000000003
brier,raw,B,2,2,ABC,s0,er,ABC_er_stage2,0.11003157671537007
log_loss,raw,B,2,2,ABC,s0,er,ABC_er_stage2,0.39163542010075164
precision,raw,B,2,2,ABC,s0,er,ABC_er_stage2,0.08333333333333333
recall,raw,B,2,2,ABC,s0,er,ABC_er_stage2,0.0075000000000000015
f1,raw,B,2,2,ABC,s0,er,ABC_er_stage2,0.013457556935817804
specificity,raw,B,2,2,ABC,s0,er,ABC_er_stage2,0.9900837988826815
balanced_accuracy,raw,B,2,2,ABC,s0,er,ABC_er_stage2,0.4987918994413407
mcc,raw,B,2,2,ABC,s0,er,ABC_er_stage2,0.002079725296182005
map,raw,B,2,2,ABC,s0,er,ABC_er_stage2,0.15885587413323013
mrr,raw,B,2,2,ABC,s0,er,ABC_er_stage2,0.18014478757719113
recall_at_1,raw,B,2,2,ABC,s0,er,ABC_er_stage2,0.04732142857142856
recall_at_3,raw,B,2,2,ABC,s0,er,ABC_er_stage2,0.1107142857142857
recall_at_5,raw,B,2,2,ABC,s0,er,ABC_er_stage2,0.17410714285714285
recall_at_10,raw,B,2,2,ABC,s0,er,ABC_er_stage2,0.34910714285714284
ndcg_at_1,raw,B,2,2,ABC,s0,er,ABC_er_stage2,0.06607142857142856
ndcg_at_3,raw,B,2,2,ABC,s0,er,ABC_er_stage2,0.09032294318672934
ndcg_at_5,raw,B,2,2,ABC,s0,er,ABC_er_stage2,0.11870594613433402
ndcg_at_10,raw,B,2,2,ABC,s0,er,ABC_er_stage2,0.17933530578755869
average_precision,stage-cal,B,2,2,ABC,s0,er,ABC_er_stage2,0.0691663135800231
trapezoidal_pr_auc,stage-cal,B,2,2,ABC,s0,er,ABC_er_stage2,0.06265912445097863
roc_auc,stage-cal,B,2,2,ABC,s0,er,ABC_er_stage2,0.48790502793296076
recall_at_fpr_1pct,stage-cal,B,2,2,ABC,s0,er,ABC_er_stage2,0.015000000000000003
brier,stage-cal,B,2,2,ABC,s0,er,ABC_er_stage2,0.1462254013486523
log_loss,stage-cal,B,2,2,ABC,s0,er,ABC_er_stage2,0.47702980814072743
precision,stage-cal,B,2,2,ABC,s0,er,ABC_er_stage2,0.06706709956709957
recall,stage-cal,B,2,2,ABC,s0,er,ABC_er_stage2,0.0225
f1,stage-cal,B,2,2,ABC,s0,er,ABC_er_stage2,0.03263929096590387
specificity,stage-cal,B,2,2,ABC,s0,er,ABC_er_stage2,0.9786312849162011
balanced_accuracy,stage-cal,B,2,2,ABC,s0,er,ABC_er_stage2,0.5005656424581005
mcc,stage-cal,B,2,2,ABC,s0,er,ABC_er_stage2,0.005011953154667672
map,stage-cal,B,2,2,ABC,s0,er,ABC_er_stage2,0.15885587413323013
mrr,stage-cal,B,2,2,ABC,s0,er,ABC_er_stage2,0.18014478757719113
recall_at_1,stage-cal,B,2,2,ABC,s0,er,ABC_er_stage2,0.04732142857142856
recall_at_3,stage-cal,B,2,2,ABC,s0,er,ABC_er_stage2,0.1107142857142857
recall_at_5,stage-cal,B,2,2,ABC,s0,er,ABC_er_stage2,0.17410714285714285
recall_at_10,stage-cal,B,2,2,ABC,s0,er,ABC_er_stage2,0.34910714285714284
ndcg_at_1,stage-cal,B,2,2,ABC,s0,er,ABC_er_stage2,0.06607142857142856
ndcg_at_3,stage-cal,B,2,2,ABC,s0,er,ABC_er_stage2,0.09032294318672934
ndcg_at_5,stage-cal,B,2,2,ABC,s0,er,ABC_er_stage2,0.11870594613433402
ndcg_at_10,stage-cal,B,2,2,ABC,s0,er,ABC_er_stage2,0.17933530578755869
average_precision,first-cal,B,2,2,ABC,s0,er,ABC_er_stage2,0.0691663135800231
trapezoidal_pr_auc,first-cal,B,2,2,ABC,s0,er,ABC_er_stage2,0.06265912445097863
roc_auc,first-cal,B,2,2,ABC,s0,er,ABC_er_stage2,0.48790502793296076
recall_at_fpr_1pct,first-cal,B,2,2,ABC,s0,er,ABC_er_stage2,0.015000000000000003
brier,first-cal,B,2,2,ABC,s0,er,ABC_er_stage2,0.11476324246989142
log_loss,first-cal,B,2,2,ABC,s0,er,ABC_er_stage2,0.40414069135318575
precision,first-cal,B,2,2,ABC,s0,er,ABC_er_stage2,0.09166666666666666
recall,first-cal,B,2,2,ABC,s0,er,ABC_er_stage2,0.0075000000000000015
f1,first-cal,B,2,2,ABC,s0,er,ABC_er_stage2,0.013655185394315827
specificity,first-cal,B,2,2,ABC,s0,er,ABC_er_stage2,0.991899441340782
balanced_accuracy,first-cal,B,2,2,ABC,s0,er,ABC_er_stage2,0.49969972067039115
mcc,first-cal,B,2,2,ABC,s0,er,ABC_er_stage2,0.006100199220792929
map,first-cal,B,2,2,ABC,s0,er,ABC_er_stage2,0.15885587413323013
mrr,first-cal,B,2,2,ABC,s0,er,ABC_er_stage2,0.18014478757719113
recall_at_1,first-cal,B,2,2,ABC,s0,er,ABC_er_stage2,0.04732142857142856
recall_at_3,first-cal,B,2,2,ABC,s0,er,ABC_er_stage2,0.1107142857142857
recall_at_5,first-cal,B,2,2,ABC,s0,er,ABC_er_stage2,0.17410714285714285
recall_at_10,first-cal,B,2,2,ABC,s0,er,ABC_er_stage2,0.34910714285714284
ndcg_at_1,first-cal,B,2,2,ABC,s0,er,ABC_er_stage2,0.06607142857142856
ndcg_at_3,first-cal,B,2,2,ABC,s0,er,ABC_er_stage2,0.09032294318672934
ndcg_at_5,first-cal,B,2,2,ABC,s0,er,ABC_er_stage2,0.11870594613433402
ndcg_at_10,first-cal,B,2,2,ABC,s0,er,ABC_er_stage2,0.17933530578755869
average_precision,raw,B,2,3,ABC,s0,er,ABC_er_stage3,0.06723996994882113
trapezoidal_pr_auc,raw,B,2,3,ABC,s0,er,ABC_er_stage3,0.06070841682289331
roc_auc,raw,B,2,3,ABC,s0,er,ABC_er_stage3,0.48901536312849164
recall_at_fpr_1pct,raw,B,2,3,ABC,s0,er,ABC_er_stage3,0.015
brier,raw,B,2,3,ABC,s0,er,ABC_er_stage3,0.1113112351992706
log_loss,raw,B,2,3,ABC,s0,er,ABC_er_stage3,0.39469341079933923
precision,raw,B,2,3,ABC,s0,er,ABC_er_stage3,0.08333333333333333
recall,raw,B,2,3,ABC,s0,er,ABC_er_stage3,0.0075000000000000015
f1,raw,B,2,3,ABC,s0,er,ABC_er_stage3,0.013457556935817804
specificity,raw,B,2,3,ABC,s0,er,ABC_er_stage3,0.9898044692737429
balanced_accuracy,raw,B,2,3,ABC,s0,er,ABC_er_stage3,0.4986522346368714
mcc,raw,B,2,3,ABC,s0,er,ABC_er_stage3,0.0016271558863135
map,raw,B,2,3,ABC,s0,er,ABC_er_stage3,0.15694574204599826
mrr,raw,B,2,3,ABC,s0,er,ABC_er_stage3,0.17742542553518661
recall_at_1,raw,B,2,3,ABC,s0,er,ABC_er_stage3,0.04285714285714285
recall_at_3,raw,B,2,3,ABC,s0,er,ABC_er_stage3,0.10714285714285714
recall_at_5,raw,B,2,3,ABC,s0,er,ABC_er_stage3,0.1776785714285714
recall_at_10,raw,B,2,3,ABC,s0,er,ABC_er_stage3,0.35982142857142857
ndcg_at_1,raw,B,2,3,ABC,s0,er,ABC_er_stage3,0.05892857142857144
ndcg_at_3,raw,B,2,3,ABC,s0,er,ABC_er_stage3,0.08677748469927313
ndcg_at_5,raw,B,2,3,ABC,s0,er,ABC_er_stage3,0.11848922792112401
ndcg_at_10,raw,B,2,3,ABC,s0,er,ABC_er_stage3,0.1808273677088573
average_precision,stage-cal,B,2,3,ABC,s0,er,ABC_er_stage3,0.06723996994882113
trapezoidal_pr_auc,stage-cal,B,2,3,ABC,s0,er,ABC_er_stage3,0.06070841682289331
roc_auc,stage-cal,B,2,3,ABC,s0,er,ABC_er_stage3,0.48901536312849164
recall_at_fpr_1pct,stage-cal,B,2,3,ABC,s0,er,ABC_er_stage3,0.015
brier,stage-cal,B,2,3,ABC,s0,er,ABC_er_stage3,0.14760525703256874
log_loss,stage-cal,B,2,3,ABC,s0,er,ABC_er_stage3,0.4800364077585309
precision,stage-cal,B,2,3,ABC,s0,er,ABC_er_stage3,0.06810390997890997
recall,stage-cal,B,2,3,ABC,s0,er,ABC_er_stage3,0.025
f1,stage-cal,B,2,3,ABC,s0,er,ABC_er_stage3,0.03548029653368919
specificity,stage-cal,B,2,3,ABC,s0,er,ABC_er_stage3,0.9766759776536313
balanced_accuracy,stage-cal,B,2,3,ABC,s0,er,ABC_er_stage3,0.5008379888268156
mcc,stage-cal,B,2,3,ABC,s0,er,ABC_er_stage3,0.006005107388840136
map,stage-cal,B,2,3,ABC,s0,er,ABC_er_stage3,0.15694574204599826
mrr,stage-cal,B,2,3,ABC,s0,er,ABC_er_stage3,0.17742542553518661
recall_at_1,stage-cal,B,2,3,ABC,s0,er,ABC_er_stage3,0.04285714285714285
recall_at_3,stage-cal,B,2,3,ABC,s0,er,ABC_er_stage3,0.10714285714285714
recall_at_5,stage-cal,B,2,3,ABC,s0,er,ABC_er_stage3,0.1776785714285714
recall_at_10,stage-cal,B,2,3,ABC,s0,er,ABC_er_stage3,0.35982142857142857
ndcg_at_1,stage-cal,B,2,3,ABC,s0,er,ABC_er_stage3,0.05892857142857144
ndcg_at_3,stage-cal,B,2,3,ABC,s0,er,ABC_er_stage3,0.08677748469927313
ndcg_at_5,stage-cal,B,2,3,ABC,s0,er,ABC_er_stage3,0.11848922792112401
ndcg_at_10,stage-cal,B,2,3,ABC,s0,er,ABC_er_stage3,0.1808273677088573
average_precision,first-cal,B,2,3,ABC,s0,er,ABC_er_stage3,0.06723996994882113
trapezoidal_pr_auc,first-cal,B,2,3,ABC,s0,er,ABC_er_stage3,0.06070841682289331
roc_auc,first-cal,B,2,3,ABC,s0,er,ABC_er_stage3,0.48901536312849164
recall_at_fpr_1pct,first-cal,B,2,3,ABC,s0,er,ABC_er_stage3,0.015
brier,first-cal,B,2,3,ABC,s0,er,ABC_er_stage3,0.11599373879668184
log_loss,first-cal,B,2,3,ABC,s0,er,ABC_er_stage3,0.40703375619460214
precision,first-cal,B,2,3,ABC,s0,er,ABC_er_stage3,0.08333333333333333
recall,first-cal,B,2,3,ABC,s0,er,ABC_er_stage3,0.0075000000000000015
f1,first-cal,B,2,3,ABC,s0,er,ABC_er_stage3,0.013457556935817804
specificity,first-cal,B,2,3,ABC,s0,er,ABC_er_stage3,0.9912011173184357
balanced_accuracy,first-cal,B,2,3,ABC,s0,er,ABC_er_stage3,0.49935055865921785
mcc,first-cal,B,2,3,ABC,s0,er,ABC_er_stage3,0.003145492658170335
map,first-cal,B,2,3,ABC,s0,er,ABC_er_stage3,0.15694574204599826
mrr,first-cal,B,2,3,ABC,s0,er,ABC_er_stage3,0.17742542553518661
recall_at_1,first-cal,B,2,3,ABC,s0,er,ABC_er_stage3,0.04285714285714285
recall_at_3,first-cal,B,2,3,ABC,s0,er,ABC_er_stage3,0.10714285714285714
recall_at_5,first-cal,B,2,3,ABC,s0,er,ABC_er_stage3,0.1776785714285714
recall_at_10,first-cal,B,2,3,ABC,s0,er,ABC_er_stage3,0.35982142857142857
ndcg_at_1,first-cal,B,2,3,ABC,s0,er,ABC_er_stage3,0.05892857142857144
ndcg_at_3,first-cal,B,2,3,ABC,s0,er,ABC_er_stage3,0.08677748469927313
ndcg_at_5,first-cal,B,2,3,ABC,s0,er,ABC_er_stage3,0.11848922792112401
ndcg_at_10,first-cal,B,2,3,ABC,s0,er,ABC_er_stage3,0.1808273677088573
average_precision,raw,B,2,1,ABC,s0,logit,ABC_shared,0.06890993168229433
trapezoidal_pr_auc,raw,B,2,1,ABC,s0,logit,ABC_shared,0.06240816488717952
roc_auc,raw,B,2,1,ABC,s0,logit,ABC_shared,0.487981843575419
recall_at_fpr_1pct,raw,B,2,1,ABC,s0,logit,ABC_shared,0.015
brier,raw,B,2,1,ABC,s0,logit,ABC_shared,0.10638844679352777
log_loss,raw,B,2,1,ABC,s0,logit,ABC_shared,0.38283905341330954
precision,raw,B,2,1,ABC,s0,logit,ABC_shared,0.09166666666666666
recall,raw,B,2,1,ABC,s0,logit,ABC_shared,0.0075000000000000015
f1,raw,B,2,1,ABC,s0,logit,ABC_shared,0.013655185394315827
specificity,raw,B,2,1,ABC,s0,logit,ABC_shared,0.9925977653631284
balanced_accuracy,raw,B,2,1,ABC,s0,logit,ABC_shared,0.5000488826815641
mcc,raw,B,2,1,ABC,s0,logit,ABC_shared,0.006529860551098535
map,raw,B,2,1,ABC,s0,logit,ABC_shared,0.1529393186468836
mrr,raw,B,2,1,ABC,s0,logit,ABC_shared,0.17316420357230744
recall_at_1,raw,B,2,1,ABC,s0,logit,ABC_shared,0.0375
recall_at_3,raw,B,2,1,ABC,s0,logit,ABC_shared,0.11160714285714284
recall_at_5,raw,B,2,1,ABC,s0,logit,ABC_shared,0.17857142857142855
recall_at_10,raw,B,2,1,ABC,s0,logit,ABC_shared,0.3464285714285714
ndcg_at_1,raw,B,2,1,ABC,s0,logit,ABC_shared,0.05357142857142857
ndcg_at_3,raw,B,2,1,ABC,s0,logit,ABC_shared,0.08608667611492574
ndcg_at_5,raw,B,2,1,ABC,s0,logit,ABC_shared,0.116038083450356
ndcg_at_10,raw,B,2,1,ABC,s0,logit,ABC_shared,0.1741746054428676
average_precision,stage-cal,B,2,1,ABC,s0,logit,ABC_shared,0.06890993168229433
trapezoidal_pr_auc,stage-cal,B,2,1,ABC,s0,logit,ABC_shared,0.06240816488717952
roc_auc,stage-cal,B,2,1,ABC,s0,logit,ABC_shared,0.487981843575419
recall_at_fpr_1pct,stage-cal,B,2,1,ABC,s0,logit,ABC_shared,0.015
brier,stage-cal,B,2,1,ABC,s0,logit,ABC_shared,0.14226277494156603
log_loss,stage-cal,B,2,1,ABC,s0,logit,ABC_shared,0.46833971309661704
precision,stage-cal,B,2,1,ABC,s0,logit,ABC_shared,0.11277777777777778
recall,stage-cal,B,2,1,ABC,s0,logit,ABC_shared,0.019999999999999997
f1,stage-cal,B,2,1,ABC,s0,logit,ABC_shared,0.03266862023533688
specificity,stage-cal,B,2,1,ABC,s0,logit,ABC_shared,0.9831005586592181
balanced_accuracy,stage-cal,B,2,1,ABC,s0,logit,ABC_shared,0.5015502793296089
mcc,stage-cal,B,2,1,ABC,s0,logit,ABC_shared,0.01695921607008558
map,stage-cal,B,2,1,ABC,s0,logit,ABC_shared,0.1529393186468836
mrr,stage-cal,B,2,1,ABC,s0,logit,ABC_shared,0.17316420357230744
recall_at_1,stage-cal,B,2,1,ABC,s0,logit,ABC_shared,0.0375
recall_at_3,stage-cal,B,2,1,ABC,s0,logit,ABC_shared,0.11160714285714284
recall_at_5,stage-cal,B,2,1,ABC,s0,logit,ABC_shared,0.17857142857142855
recall_at_10,stage-cal,B,2,1,ABC,s0,logit,ABC_shared,0.3464285714285714
ndcg_at_1,stage-cal,B,2,1,ABC,s0,logit,ABC_shared,0.05357142857142857
ndcg_at_3,stage-cal,B,2,1,ABC,s0,logit,ABC_shared,0.08608667611492574
ndcg_at_5,stage-cal,B,2,1,ABC,s0,logit,ABC_shared,0.116038083450356
ndcg_at_10,stage-cal,B,2,1,ABC,s0,logit,ABC_shared,0.1741746054428676
average_precision,first-cal,B,2,1,ABC,s0,logit,ABC_shared,0.06890993168229433
trapezoidal_pr_auc,first-cal,B,2,1,ABC,s0,logit,ABC_shared,0.06240816488717952
roc_auc,first-cal,B,2,1,ABC,s0,logit,ABC_shared,0.487981843575419
recall_at_fpr_1pct,first-cal,B,2,1,ABC,s0,logit,ABC_shared,0.015
brier,first-cal,B,2,1,ABC,s0,logit,ABC_shared,0.11124783990880002
log_loss,first-cal,B,2,1,ABC,s0,logit,ABC_shared,0.3957962539293068
precision,first-cal,B,2,1,ABC,s0,logit,ABC_shared,0.1
recall,first-cal,B,2,1,ABC,s0,logit,ABC_shared,0.0075000000000000015
f1,first-cal,B,2,1,ABC,s0,logit,ABC_shared,0.013852813852813853
specificity,first-cal,B,2,1,ABC,s0,logit,ABC_shared,0.9942737430167596
balanced_accuracy,first-cal,B,2,1,ABC,s0,logit,ABC_shared,0.5008868715083798
mcc,first-cal,B,2,1,ABC,s0,logit,ABC_shared,0.010597353963288581
map,first-cal,B,2,1,ABC,s0,logit,ABC_shared,0.1529393186468836
mrr,first-cal,B,2,1,ABC,s0,logit,ABC_shared,0.17316420357230744
recall_at_1,first-cal,B,2,1,ABC,s0,logit,ABC_shared,0.0375
recall_at_3,first-cal,B,2,1,ABC,s0,logit,ABC_shared,0.11160714285714284
recall_at_5,first-cal,B,2,1,ABC,s0,logit,ABC_shared,0.17857142857142855
recall_at_10,first-cal,B,2,1,ABC,s0,logit,ABC_shared,0.3464285714285714
ndcg_at_1,first-cal,B,2,1,ABC,s0,logit,ABC_shared,0.05357142857142857
ndcg_at_3,first-cal,B,2,1,ABC,s0,logit,ABC_shared,0.08608667611492574
ndcg_at_5,first-cal,B,2,1,ABC,s0,logit,ABC_shared,0.116038083450356
ndcg_at_10,first-cal,B,2,1,ABC,s0,logit,ABC_shared,0.1741746054428676
average_precision,raw,B,2,2,ABC,s0,logit,ABC_logit_stage2,0.06681849494257205
trapezoidal_pr_auc,raw,B,2,2,ABC,s0,logit,ABC_logit_stage2,0.06010602214712899
roc_auc,raw,B,2,2,ABC,s0,logit,ABC_logit_stage2,0.4892527932960894
recall_at_fpr_1pct,raw,B,2,2,ABC,s0,logit,ABC_logit_stage2,0.0125
brier,raw,B,2,2,ABC,s0,logit,ABC_logit_stage2,0.1125568384277323
log_loss,raw,B,2,2,ABC,s0,logit,ABC_logit_stage2,0.39766582230781816
precision,raw,B,2,2,ABC,s0,logit,ABC_logit_stage2,0.07916666666666666
recall,raw,B,2,2,ABC,s0,logit,ABC_logit_stage2,0.0075000000000000015
f1,raw,B,2,2,ABC,s0,logit,ABC_logit_stage2,0.013276397515527949
specificity,raw,B,2,2,ABC,s0,logit,ABC_logit_stage2,0.9881284916201117
balanced_accuracy,raw,B,2,2,ABC,s0,logit,ABC_logit_stage2,0.49781424581005584
mcc,raw,B,2,2,ABC,s0,logit,ABC_logit_stage2,-0.0009338180180512731
map,raw,B,2,2,ABC,s0,logit,ABC_logit_stage2,0.15594064320504472
mrr,raw,B,2,2,ABC,s0,logit,ABC_logit_stage2,0.17742370103322352
recall_at_1,raw,B,2,2,ABC,s0,logit,ABC_logit_stage2,0.04196428571428571
recall_at_3,raw,B,2,2,ABC,s0,logit,ABC_logit_stage2,0.11071428571428568
recall_at_5,raw,B,2,2,ABC,s0,logit,ABC_logit_stage2,0.1732142857142857
recall_at_10,raw,B,2,2,ABC,s0,logit,ABC_logit_stage2,0.35357142857142854
ndcg_at_1,raw,B,2,2,ABC,s0,logit,ABC_logit_stage2,0.06071428571428571
ndcg_at_3,raw,B,2,2,ABC,s0,logit,ABC_logit_stage2,0.08822936367060472
ndcg_at_5,raw,B,2,2,ABC,s0,logit,ABC_logit_stage2,0.11606330886835789
ndcg_at_10,raw,B,2,2,ABC,s0,logit,ABC_logit_stage2,0.17840773811671473
average_precision,stage-cal,B,2,2,ABC,s0,logit,ABC_logit_stage2,0.06681849494257205
trapezoidal_pr_auc,stage-cal,B,2,2,ABC,s0,logit,ABC_logit_stage2,0.06010602214712899
roc_auc,stage-cal,B,2,2,ABC,s0,logit,ABC_logit_stage2,0.4892527932960894
recall_at_fpr_1pct,stage-cal,B,2,2,ABC,s0,logit,ABC_logit_stage2,0.0125
brier,stage-cal,B,2,2,ABC,s0,logit,ABC_logit_stage2,0.1489261827888966
log_loss,stage-cal,B,2,2,ABC,s0,logit,ABC_logit_stage2,0.48291534387989776
precision,stage-cal,B,2,2,ABC,s0,logit,ABC_logit_stage2,0.0705929487179487
recall,stage-cal,B,2,2,ABC,s0,logit,ABC_logit_stage2,0.027500000000000004
f1,stage-cal,B,2,2,ABC,s0,logit,ABC_logit_stage2,0.0376210594960595
specificity,stage-cal,B,2,2,ABC,s0,logit,ABC_logit_stage2,0.9748603351955308
balanced_accuracy,stage-cal,B,2,2,ABC,s0,logit,ABC_logit_stage2,0.5011801675977654
mcc,stage-cal,B,2,2,ABC,s0,logit,ABC_logit_stage2,0.006947484188033874
map,stage-cal,B,2,2,ABC,s0,logit,ABC_logit_stage2,0.15594064320504472
mrr,stage-cal,B,2,2,ABC,s0,logit,ABC_logit_stage2,0.17742370103322352
recall_at_1,stage-cal,B,2,2,ABC,s0,logit,ABC_logit_stage2,0.04196428571428571
recall_at_3,stage-cal,B,2,2,ABC,s0,logit,ABC_logit_stage2,0.11071428571428568
recall_at_5,stage-cal,B,2,2,ABC,s0,logit,ABC_logit_stage2,0.1732142857142857
recall_at_10,stage-cal,B,2,2,ABC,s0,logit,ABC_logit_stage2,0.35357142857142854
ndcg_at_1,stage-cal,B,2,2,ABC,s0,logit,ABC_logit_stage2,0.06071428571428571
ndcg_at_3,stage-cal,B,2,2,ABC,s0,logit,ABC_logit_stage2,0.08822936367060472
ndcg_at_5,stage-cal,B,2,2,ABC,s0,logit,ABC_logit_stage2,0.11606330886835789
ndcg_at_10,stage-cal,B,2,2,ABC,s0,logit,ABC_logit_stage2,0.17840773811671473
average_precision,first-cal,B,2,2,ABC,s0,logit,ABC_logit_stage2,0.06681849494257205
trapezoidal_pr_auc,first-cal,B,2,2,ABC,s0,logit,ABC_logit_stage2,0.06010602214712899
roc_auc,first-cal,B,2,2,ABC,s0,logit,ABC_logit_stage2,0.4892527932960894
recall_at_fpr_1pct,first-cal,B,2,2,ABC,s0,logit,ABC_logit_stage2,0.0125
brier,first-cal,B,2,2,ABC,s0,logit,ABC_logit_stage2,0.11718756179327187
log_loss,first-cal,B,2,2,ABC,s0,logit,ABC_logit_stage2,0.4098377066225395
precision,first-cal,B,2,2,ABC,s0,logit,ABC_logit_stage2,0.08333333333333333
recall,first-cal,B,2,2,ABC,s0,logit,ABC_logit_stage2,0.0075000000000000015
f1,first-cal,B,2,2,ABC,s0,logit,ABC_logit_stage2,0.013457556935817804
specificity,first-cal,B,2,2,ABC,s0,logit,ABC_logit_stage2,0.9907821229050278
balanced_accuracy,first-cal,B,2,2,ABC,s0,logit,ABC_logit_stage2,0.49914106145251386
mcc,first-cal,B,2,2,ABC,s0,logit,ABC_logit_stage2,0.0030137870192405727
map,first-cal,B,2,2,ABC,s0,logit,ABC_logit_stage2,0.15594064320504472
mrr,first-cal,B,2,2,ABC,s0,logit,ABC_logit_stage2,0.17742370103322352
recall_at_1,first-cal,B,2,2,ABC,s0,logit,ABC_logit_stage2,0.04196428571428571
recall_at_3,first-cal,B,2,2,ABC,s0,logit,ABC_logit_stage2,0.11071428571428568
recall_at_5,first-cal,B,2,2,ABC,s0,logit,ABC_logit_stage2,0.1732142857142857
recall_at_10,first-cal,B,2,2,ABC,s0,logit,ABC_logit_stage2,0.35357142857142854
ndcg_at_1,first-cal,B,2,2,ABC,s0,logit,ABC_logit_stage2,0.06071428571428571
ndcg_at_3,first-cal,B,2,2,ABC,s0,logit,ABC_logit_stage2,0.08822936367060472
ndcg_at_5,first-cal,B,2,2,ABC,s0,logit,ABC_logit_stage2,0.11606330886835789
ndcg_at_10,first-cal,B,2,2,ABC,s0,logit,ABC_logit_stage2,0.17840773811671473
average_precision,raw,B,2,3,ABC,s0,logit,ABC_logit_stage3,0.06927353793677408
trapezoidal_pr_auc,raw,B,2,3,ABC,s0,logit,ABC_logit_stage3,0.06277333613927957
roc_auc,raw,B,2,3,ABC,s0,logit,ABC_logit_stage3,0.48945530726256986
recall_at_fpr_1pct,raw,B,2,3,ABC,s0,logit,ABC_logit_stage3,0.015000000000000003
brier,raw,B,2,3,ABC,s0,logit,ABC_logit_stage3,0.11386149031841057
log_loss,raw,B,2,3,ABC,s0,logit,ABC_logit_stage3,0.4008104298078449
precision,raw,B,2,3,ABC,s0,logit,ABC_logit_stage3,0.11833333333333333
recall,raw,B,2,3,ABC,s0,logit,ABC_logit_stage3,0.017499999999999998
f1,raw,B,2,3,ABC,s0,logit,ABC_logit_stage3,0.030119894598155467
specificity,raw,B,2,3,ABC,s0,logit,ABC_logit_stage3,0.988826815642458
balanced_accuracy,raw,B,2,3,ABC,s0,logit,ABC_logit_stage3,0.503163407821229
mcc,raw,B,2,3,ABC,s0,logit,ABC_logit_stage3,0.02148442696741029
map,raw,B,2,3,ABC,s0,logit,ABC_logit_stage3,0.15683761669007712
mrr,raw,B,2,3,ABC,s0,logit,ABC_logit_stage3,0.1772862738215362
recall_at_1,raw,B,2,3,ABC,s0,logit,ABC_logit_stage3,0.04196428571428571
recall_at_3,raw,B,2,3,ABC,s0,logit,ABC_logit_stage3,0.10982142857142856
recall_at_5,raw,B,2,3,ABC,s0,logit,ABC_logit_stage3,0.16875
recall_at_10,raw,B,2,3,ABC,s0,logit,ABC_logit_stage3,0.35446428571428573
ndcg_at_1,raw,B,2,3,ABC,s0,logit,ABC_logit_stage3,0.05892857142857143
ndcg_at_3,raw,B,2,3,ABC,s0,logit,ABC_logit_stage3,0.08755874068133418
ndcg_at_5,raw,B,2,3,ABC,s0,logit,ABC_logit_stage3,0.11448519130219985
ndcg_at_10,raw,B,2,3,ABC,s0,logit,ABC_logit_stage3,0.17940187776545607
average_precision,stage-cal,B,2,3,ABC,s0,logit,ABC_logit_stage3,0.06927353793677408
trapezoidal_pr_auc,stage-cal,B,2,3,ABC,s0,logit,ABC_logit_stage3,0.06277333613927957
roc_auc,stage-cal,B,2,3,ABC,s0,logit,ABC_logit_stage3,0.48945530726256986
recall_at_fpr_1pct,stage-cal,B,2,3,ABC,s0,logit,ABC_logit_stage3,0.015000000000000003
brier,stage-cal,B,2,3,ABC,s0,logit,ABC_logit_stage3,0.1503413364667109
log_loss,stage-cal,B,2,3,ABC,s0,logit,ABC_logit_stage3,0.48600902864932094
precision,stage-cal,B,2,3,ABC,s0,logit,ABC_logit_stage3,0.07857017982017982
recall,stage-cal,B,2,3,ABC,s0,logit,ABC_logit_stage3,0.0325
f1,stage-cal,B,2,3,ABC,s0,logit,ABC_logit_stage3,0.04373924589887588
specificity,stage-cal,B,2,3,ABC,s0,logit,ABC_logit_stage3,0.9731843575418994
balanced_accuracy,stage-cal,B,2,3,ABC,s0,logit,ABC_logit_stage3,0.5028421787709497
mcc,stage-cal,B,2,3,ABC,s0,logit,ABC_logit_stage3,0.012103269485535327
map,stage-cal,B,2,3,ABC,s0,logit,ABC_logit_stage3,0.15683761669007712
mrr,stage-cal,B,2,3,ABC,s0,logit,ABC_logit_stage3,0.1772862738215362
recall_at_1,stage-cal,B,2,3,ABC,s0,logit,ABC_logit_stage3,0.04196428571428571
recall_at_3,stage-cal,B,2,3,ABC,s0,logit,ABC_logit_stage3,0.10982142857142856
recall_at_5,stage-cal,B,2,3,ABC,s0,logit,ABC_logit_stage3,0.16875
recall_at_10,stage-cal,B,2,3,ABC,s0,logit,ABC_logit_stage3,0.35446428571428573
ndcg_at_1,stage-cal,B,2,3,ABC,s0,logit,ABC_logit_stage3,0.05892857142857143
ndcg_at_3,stage-cal,B,2,3,ABC,s0,logit,ABC_logit_stage3,0.08755874068133418
ndcg_at_5,stage-cal,B,2,3,ABC,s0,logit,ABC_logit_stage3,0.11448519130219985
ndcg_at_10,stage-cal,B,2,3,ABC,s0,logit,ABC_logit_stage3,0.17940187776545607
average_precision,first-cal,B,2,3,ABC,s0,logit,ABC_logit_stage3,0.06927353793677408
trapezoidal_pr_auc,first-cal,B,2,3,ABC,s0,logit,ABC_logit_stage3,0.06277333613927957
roc_auc,first-cal,B,2,3,ABC,s0,logit,ABC_logit_stage3,0.48945530726256986
recall_at_fpr_1pct,first-cal,B,2,3,ABC,s0,logit,ABC_logit_stage3,0.015000000000000003
brier,first-cal,B,2,3,ABC,s0,logit,ABC_logit_stage3,0.11844480744477873
log_loss,first-cal,B,2,3,ABC,s0,logit,ABC_logit_stage3,0.4128157274182681
precision,first-cal,B,2,3,ABC,s0,logit,ABC_logit_stage3,0.08333333333333333
recall,first-cal,B,2,3,ABC,s0,logit,ABC_logit_stage3,0.0075000000000000015
f1,first-cal,B,2,3,ABC,s0,logit,ABC_logit_stage3,0.013457556935817804
specificity,first-cal,B,2,3,ABC,s0,logit,ABC_logit_stage3,0.9910614525139664
balanced_accuracy,first-cal,B,2,3,ABC,s0,logit,ABC_logit_stage3,0.49928072625698317
mcc,first-cal,B,2,3,ABC,s0,logit,ABC_logit_stage3,0.003660879875068682
map,first-cal,B,2,3,ABC,s0,logit,ABC_logit_stage3,0.15683761669007712
mrr,first-cal,B,2,3,ABC,s0,logit,ABC_logit_stage3,0.1772862738215362
recall_at_1,first-cal,B,2,3,ABC,s0,logit,ABC_logit_stage3,0.04196428571428571
recall_at_3,first-cal,B,2,3,ABC,s0,logit,ABC_logit_stage3,0.10982142857142856
recall_at_5,first-cal,B,2,3,ABC,s0,logit,ABC_logit_stage3,0.16875
recall_at_10,first-cal,B,2,3,ABC,s0,logit,ABC_logit_stage3,0.35446428571428573
ndcg_at_1,first-cal,B,2,3,ABC,s0,logit,ABC_logit_stage3,0.05892857142857143
ndcg_at_3,first-cal,B,2,3,ABC,s0,logit,ABC_logit_stage3,0.08755874068133418
ndcg_at_5,first-cal,B,2,3,ABC,s0,logit,ABC_logit_stage3,0.11448519130219985
ndcg_at_10,first-cal,B,2,3,ABC,s0,logit,ABC_logit_stage3,0.17940187776545607
average_precision,raw,C,3,0,ABC,s0,initial,initial,0.06680446490614433
trapezoidal_pr_auc,raw,C,3,0,ABC,s0,initial,initial,0.05812863864209779
roc_auc,raw,C,3,0,ABC,s0,initial,initial,0.5001047486033519
recall_at_fpr_1pct,raw,C,3,0,ABC,s0,initial,initial,0.0225
brier,raw,C,3,0,ABC,s0,initial,initial,0.10611693040082534
log_loss,raw,C,3,0,ABC,s0,initial,initial,0.38226524241403037
precision,raw,C,3,0,ABC,s0,initial,initial,0.062499999999999986
recall,raw,C,3,0,ABC,s0,initial,initial,0.01
f1,raw,C,3,0,ABC,s0,initial,initial,0.017210144927536232
specificity,raw,C,3,0,ABC,s0,initial,initial,0.9942737430167596
balanced_accuracy,raw,C,3,0,ABC,s0,initial,initial,0.5021368715083798
mcc,raw,C,3,0,ABC,s0,initial,initial,0.00803573450619163
map,raw,C,3,0,ABC,s0,initial,initial,0.16262720824143392
mrr,raw,C,3,0,ABC,s0,initial,initial,0.18296043522997738
recall_at_1,raw,C,3,0,ABC,s0,initial,initial,0.04196428571428572
recall_at_3,raw,C,3,0,ABC,s0,initial,initial,0.1107142857142857
recall_at_5,raw,C,3,0,ABC,s0,initial,initial,0.1892857142857143
recall_at_10,raw,C,3,0,ABC,s0,initial,initial,0.37857142857142856
ndcg_at_1,raw,C,3,0,ABC,s0,initial,initial,0.06071428571428571
ndcg_at_3,raw,C,3,0,ABC,s0,initial,initial,0.08896252763760537
ndcg_at_5,raw,C,3,0,ABC,s0,initial,initial,0.12466574368422237
ndcg_at_10,raw,C,3,0,ABC,s0,initial,initial,0.19024755535397495
average_precision,raw,C,3,1,ABC,s0,frozen,ABC_shared,0.06779119807704007
trapezoidal_pr_auc,raw,C,3,1,ABC,s0,frozen,ABC_shared,0.058881799268940584
roc_auc,raw,C,3,1,ABC,s0,frozen,ABC_shared,0.5015153631284917
recall_at_fpr_1pct,raw,C,3,1,ABC,s0,frozen,ABC_shared,0.019999999999999997
brier,raw,C,3,1,ABC,s0,frozen,ABC_shared,0.1061411217242881
log_loss,raw,C,3,1,ABC,s0,frozen,ABC_shared,0.3822934145569284
precision,raw,C,3,1,ABC,s0,frozen,ABC_shared,0.06
recall,raw,C,3,1,ABC,s0,frozen,ABC_shared,0.01
f1,raw,C,3,1,ABC,s0,frozen,ABC_shared,0.017043478260869566
specificity,raw,C,3,1,ABC,s0,frozen,ABC_shared,0.9937150837988824
balanced_accuracy,raw,C,3,1,ABC,s0,frozen,ABC_shared,0.5018575418994413
mcc,raw,C,3,1,ABC,s0,frozen,ABC_shared,0.006673368372829688
map,raw,C,3,1,ABC,s0,frozen,ABC_shared,0.16419166888102005
mrr,raw,C,3,1,ABC,s0,frozen,ABC_shared,0.18452611376473943
recall_at_1,raw,C,3,1,ABC,s0,frozen,ABC_shared,0.045535714285714284
recall_at_3,raw,C,3,1,ABC,s0,frozen,ABC_shared,0.1125
recall_at_5,raw,C,3,1,ABC,s0,frozen,ABC_shared,0.1892857142857143
recall_at_10,raw,C,3,1,ABC,s0,frozen,ABC_shared,0.38839285714285715
ndcg_at_1,raw,C,3,1,ABC,s0,frozen,ABC_shared,0.06428571428571428
ndcg_at_3,raw,C,3,1,ABC,s0,frozen,ABC_shared,0.09047208340928878
ndcg_at_5,raw,C,3,1,ABC,s0,frozen,ABC_shared,0.12544165227637377
ndcg_at_10,raw,C,3,1,ABC,s0,frozen,ABC_shared,0.19449786514983278
average_precision,stage-cal,C,3,1,ABC,s0,frozen,ABC_shared,0.06779119807704007
trapezoidal_pr_auc,stage-cal,C,3,1,ABC,s0,frozen,ABC_shared,0.058881799268940584
roc_auc,stage-cal,C,3,1,ABC,s0,frozen,ABC_shared,0.5015153631284917
recall_at_fpr_1pct,stage-cal,C,3,1,ABC,s0,frozen,ABC_shared,0.019999999999999997
brier,stage-cal,C,3,1,ABC,s0,frozen,ABC_shared,0.14207958160455292
log_loss,stage-cal,C,3,1,ABC,s0,frozen,ABC_shared,0.46794914636405577
precision,stage-cal,C,3,1,ABC,s0,frozen,ABC_shared,0.09373015873015873
recall,stage-cal,C,3,1,ABC,s0,frozen,ABC_shared,0.024999999999999998
f1,stage-cal,C,3,1,ABC,s0,frozen,ABC_shared,0.03881677964436585
specificity,stage-cal,C,3,1,ABC,s0,frozen,ABC_shared,0.985754189944134
balanced_accuracy,stage-cal,C,3,1,ABC,s0,frozen,ABC_shared,0.5053770949720671
mcc,stage-cal,C,3,1,ABC,s0,frozen,ABC_shared,0.02095105160883639
map,stage-cal,C,3,1,ABC,s0,frozen,ABC_shared,0.16419166888102005
mrr,stage-cal,C,3,1,ABC,s0,frozen,ABC_shared,0.18452611376473943
recall_at_1,stage-cal,C,3,1,ABC,s0,frozen,ABC_shared,0.045535714285714284
recall_at_3,stage-cal,C,3,1,ABC,s0,frozen,ABC_shared,0.1125
recall_at_5,stage-cal,C,3,1,ABC,s0,frozen,ABC_shared,0.1892857142857143
recall_at_10,stage-cal,C,3,1,ABC,s0,frozen,ABC_shared,0.38839285714285715
ndcg_at_1,stage-cal,C,3,1,ABC,s0,frozen,ABC_shared,0.06428571428571428
ndcg_at_3,stage-cal,C,3,1,ABC,s0,frozen,ABC_shared,0.09047208340928878
ndcg_at_5,stage-cal,C,3,1,ABC,s0,frozen,ABC_shared,0.12544165227637377
ndcg_at_10,stage-cal,C,3,1,ABC,s0,frozen,ABC_shared,0.19449786514983278
average_precision,first-cal,C,3,1,ABC,s0,frozen,ABC_shared,0.06779119807704007
trapezoidal_pr_auc,first-cal,C,3,1,ABC,s0,frozen,ABC_shared,0.058881799268940584
roc_auc,first-cal,C,3,1,ABC,s0,frozen,ABC_shared,0.5015153631284917
recall_at_fpr_1pct,first-cal,C,3,1,ABC,s0,frozen,ABC_shared,0.019999999999999997
brier,first-cal,C,3,1,ABC,s0,frozen,ABC_shared,0.11102619081007144
log_loss,first-cal,C,3,1,ABC,s0,frozen,ABC_shared,0.3953095305704103
precision,first-cal,C,3,1,ABC,s0,frozen,ABC_shared,0.05
recall,first-cal,C,3,1,ABC,s0,frozen,ABC_shared,0.0075000000000000015
f1,first-cal,C,3,1,ABC,s0,frozen,ABC_shared,0.013043478260869565
specificity,first-cal,C,3,1,ABC,s0,frozen,ABC_shared,0.994832402234637
balanced_accuracy,first-cal,C,3,1,ABC,s0,frozen,ABC_shared,0.5011662011173184
mcc,first-cal,C,3,1,ABC,s0,frozen,ABC_shared,0.0032928426149944428
map,first-cal,C,3,1,ABC,s0,frozen,ABC_shared,0.16419166888102005
mrr,first-cal,C,3,1,ABC,s0,frozen,ABC_shared,0.18452611376473943
recall_at_1,first-cal,C,3,1,ABC,s0,frozen,ABC_shared,0.045535714285714284
recall_at_3,first-cal,C,3,1,ABC,s0,frozen,ABC_shared,0.1125
recall_at_5,first-cal,C,3,1,ABC,s0,frozen,ABC_shared,0.1892857142857143
recall_at_10,first-cal,C,3,1,ABC,s0,frozen,ABC_shared,0.38839285714285715
ndcg_at_1,first-cal,C,3,1,ABC,s0,frozen,ABC_shared,0.06428571428571428
ndcg_at_3,first-cal,C,3,1,ABC,s0,frozen,ABC_shared,0.09047208340928878
ndcg_at_5,first-cal,C,3,1,ABC,s0,frozen,ABC_shared,0.12544165227637377
ndcg_at_10,first-cal,C,3,1,ABC,s0,frozen,ABC_shared,0.19449786514983278
average_precision,raw,C,3,2,ABC,s0,frozen,ABC_shared,0.06779119807704007
trapezoidal_pr_auc,raw,C,3,2,ABC,s0,frozen,ABC_shared,0.058881799268940584
roc_auc,raw,C,3,2,ABC,s0,frozen,ABC_shared,0.5015153631284917
recall_at_fpr_1pct,raw,C,3,2,ABC,s0,frozen,ABC_shared,0.019999999999999997
brier,raw,C,3,2,ABC,s0,frozen,ABC_shared,0.1061411217242881
log_loss,raw,C,3,2,ABC,s0,frozen,ABC_shared,0.3822934145569284
precision,raw,C,3,2,ABC,s0,frozen,ABC_shared,0.06
recall,raw,C,3,2,ABC,s0,frozen,ABC_shared,0.01
f1,raw,C,3,2,ABC,s0,frozen,ABC_shared,0.017043478260869566
specificity,raw,C,3,2,ABC,s0,frozen,ABC_shared,0.9937150837988824
balanced_accuracy,raw,C,3,2,ABC,s0,frozen,ABC_shared,0.5018575418994413
mcc,raw,C,3,2,ABC,s0,frozen,ABC_shared,0.006673368372829688
map,raw,C,3,2,ABC,s0,frozen,ABC_shared,0.16419166888102005
mrr,raw,C,3,2,ABC,s0,frozen,ABC_shared,0.18452611376473943
recall_at_1,raw,C,3,2,ABC,s0,frozen,ABC_shared,0.045535714285714284
recall_at_3,raw,C,3,2,ABC,s0,frozen,ABC_shared,0.1125
recall_at_5,raw,C,3,2,ABC,s0,frozen,ABC_shared,0.1892857142857143
recall_at_10,raw,C,3,2,ABC,s0,frozen,ABC_shared,0.38839285714285715
ndcg_at_1,raw,C,3,2,ABC,s0,frozen,ABC_shared,0.06428571428571428
ndcg_at_3,raw,C,3,2,ABC,s0,frozen,ABC_shared,0.09047208340928878
ndcg_at_5,raw,C,3,2,ABC,s0,frozen,ABC_shared,0.12544165227637377
ndcg_at_10,raw,C,3,2,ABC,s0,frozen,ABC_shared,0.19449786514983278
average_precision,stage-cal,C,3,2,ABC,s0,frozen,ABC_shared,0.06779119807704007
trapezoidal_pr_auc,stage-cal,C,3,2,ABC,s0,frozen,ABC_shared,0.058881799268940584
roc_auc,stage-cal,C,3,2,ABC,s0,frozen,ABC_shared,0.5015153631284917
recall_at_fpr_1pct,stage-cal,C,3,2,ABC,s0,frozen,ABC_shared,0.019999999999999997
brier,stage-cal,C,3,2,ABC,s0,frozen,ABC_shared,0.14207958160455292
log_loss,stage-cal,C,3,2,ABC,s0,frozen,ABC_shared,0.46794914636405577
precision,stage-cal,C,3,2,ABC,s0,frozen,ABC_shared,0.09373015873015873
recall,stage-cal,C,3,2,ABC,s0,frozen,ABC_shared,0.024999999999999998
f1,stage-cal,C,3,2,ABC,s0,frozen,ABC_shared,0.03881677964436585
specificity,stage-cal,C,3,2,ABC,s0,frozen,ABC_shared,0.985754189944134
balanced_accuracy,stage-cal,C,3,2,ABC,s0,frozen,ABC_shared,0.5053770949720671
mcc,stage-cal,C,3,2,ABC,s0,frozen,ABC_shared,0.02095105160883639
map,stage-cal,C,3,2,ABC,s0,frozen,ABC_shared,0.16419166888102005
mrr,stage-cal,C,3,2,ABC,s0,frozen,ABC_shared,0.18452611376473943
recall_at_1,stage-cal,C,3,2,ABC,s0,frozen,ABC_shared,0.045535714285714284
recall_at_3,stage-cal,C,3,2,ABC,s0,frozen,ABC_shared,0.1125
recall_at_5,stage-cal,C,3,2,ABC,s0,frozen,ABC_shared,0.1892857142857143
recall_at_10,stage-cal,C,3,2,ABC,s0,frozen,ABC_shared,0.38839285714285715
ndcg_at_1,stage-cal,C,3,2,ABC,s0,frozen,ABC_shared,0.06428571428571428
ndcg_at_3,stage-cal,C,3,2,ABC,s0,frozen,ABC_shared,0.09047208340928878
ndcg_at_5,stage-cal,C,3,2,ABC,s0,frozen,ABC_shared,0.12544165227637377
ndcg_at_10,stage-cal,C,3,2,ABC,s0,frozen,ABC_shared,0.19449786514983278
average_precision,first-cal,C,3,2,ABC,s0,frozen,ABC_shared,0.06779119807704007
trapezoidal_pr_auc,first-cal,C,3,2,ABC,s0,frozen,ABC_shared,0.058881799268940584
roc_auc,first-cal,C,3,2,ABC,s0,frozen,ABC_shared,0.5015153631284917
recall_at_fpr_1pct,first-cal,C,3,2,ABC,s0,frozen,ABC_shared,0.019999999999999997
brier,first-cal,C,3,2,ABC,s0,frozen,ABC_shared,0.11102619081007144
log_loss,first-cal,C,3,2,ABC,s0,frozen,ABC_shared,0.3953095305704103
precision,first-cal,C,3,2,ABC,s0,frozen,ABC_shared,0.05
recall,first-cal,C,3,2,ABC,s0,frozen,ABC_shared,0.0075000000000000015
f1,first-cal,C,3,2,ABC,s0,frozen,ABC_shared,0.013043478260869565
specificity,first-cal,C,3,2,ABC,s0,frozen,ABC_shared,0.994832402234637
balanced_accuracy,first-cal,C,3,2,ABC,s0,frozen,ABC_shared,0.5011662011173184
mcc,first-cal,C,3,2,ABC,s0,frozen,ABC_shared,0.0032928426149944428
map,first-cal,C,3,2,ABC,s0,frozen,ABC_shared,0.16419166888102005
mrr,first-cal,C,3,2,ABC,s0,frozen,ABC_shared,0.18452611376473943
recall_at_1,first-cal,C,3,2,ABC,s0,frozen,ABC_shared,0.045535714285714284
recall_at_3,first-cal,C,3,2,ABC,s0,frozen,ABC_shared,0.1125
recall_at_5,first-cal,C,3,2,ABC,s0,frozen,ABC_shared,0.1892857142857143
recall_at_10,first-cal,C,3,2,ABC,s0,frozen,ABC_shared,0.38839285714285715
ndcg_at_1,first-cal,C,3,2,ABC,s0,frozen,ABC_shared,0.06428571428571428
ndcg_at_3,first-cal,C,3,2,ABC,s0,frozen,ABC_shared,0.09047208340928878
ndcg_at_5,first-cal,C,3,2,ABC,s0,frozen,ABC_shared,0.12544165227637377
ndcg_at_10,first-cal,C,3,2,ABC,s0,frozen,ABC_shared,0.19449786514983278
average_precision,raw,C,3,3,ABC,s0,frozen,ABC_shared,0.06779119807704007
trapezoidal_pr_auc,raw,C,3,3,ABC,s0,frozen,ABC_shared,0.058881799268940584
roc_auc,raw,C,3,3,ABC,s0,frozen,ABC_shared,0.5015153631284917
recall_at_fpr_1pct,raw,C,3,3,ABC,s0,frozen,ABC_shared,0.019999999999999997
brier,raw,C,3,3,ABC,s0,frozen,ABC_shared,0.1061411217242881
log_loss,raw,C,3,3,ABC,s0,frozen,ABC_shared,0.3822934145569284
precision,raw,C,3,3,ABC,s0,frozen,ABC_shared,0.06
recall,raw,C,3,3,ABC,s0,frozen,ABC_shared,0.01
f1,raw,C,3,3,ABC,s0,frozen,ABC_shared,0.017043478260869566
specificity,raw,C,3,3,ABC,s0,frozen,ABC_shared,0.9937150837988824
balanced_accuracy,raw,C,3,3,ABC,s0,frozen,ABC_shared,0.5018575418994413
mcc,raw,C,3,3,ABC,s0,frozen,ABC_shared,0.006673368372829688
map,raw,C,3,3,ABC,s0,frozen,ABC_shared,0.16419166888102005
mrr,raw,C,3,3,ABC,s0,frozen,ABC_shared,0.18452611376473943
recall_at_1,raw,C,3,3,ABC,s0,frozen,ABC_shared,0.045535714285714284
recall_at_3,raw,C,3,3,ABC,s0,frozen,ABC_shared,0.1125
recall_at_5,raw,C,3,3,ABC,s0,frozen,ABC_shared,0.1892857142857143
recall_at_10,raw,C,3,3,ABC,s0,frozen,ABC_shared,0.38839285714285715
ndcg_at_1,raw,C,3,3,ABC,s0,frozen,ABC_shared,0.06428571428571428
ndcg_at_3,raw,C,3,3,ABC,s0,frozen,ABC_shared,0.09047208340928878
ndcg_at_5,raw,C,3,3,ABC,s0,frozen,ABC_shared,0.12544165227637377
ndcg_at_10,raw,C,3,3,ABC,s0,frozen,ABC_shared,0.19449786514983278
average_precision,stage-cal,C,3,3,ABC,s0,frozen,ABC_shared,0.06779119807704007
trapezoidal_pr_auc,stage-cal,C,3,3,ABC,s0,frozen,ABC_shared,0.058881799268940584
roc_auc,stage-cal,C,3,3,ABC,s0,frozen,ABC_shared,0.5015153631284917
recall_at_fpr_1pct,stage-cal,C,3,3,ABC,s0,frozen,ABC_shared,0.019999999999999997
brier,stage-cal,C,3,3,ABC,s0,frozen,ABC_shared,0.14207958160455292
log_loss,stage-cal,C,3,3,ABC,s0,frozen,ABC_shared,0.46794914636405577
precision,stage-cal,C,3,3,ABC,s0,frozen,ABC_shared,0.09373015873015873
recall,stage-cal,C,3,3,ABC,s0,frozen,ABC_shared,0.024999999999999998
f1,stage-cal,C,3,3,ABC,s0,frozen,ABC_shared,0.03881677964436585
specificity,stage-cal,C,3,3,ABC,s0,frozen,ABC_shared,0.985754189944134
balanced_accuracy,stage-cal,C,3,3,ABC,s0,frozen,ABC_shared,0.5053770949720671
mcc,stage-cal,C,3,3,ABC,s0,frozen,ABC_shared,0.02095105160883639
map,stage-cal,C,3,3,ABC,s0,frozen,ABC_shared,0.16419166888102005
mrr,stage-cal,C,3,3,ABC,s0,frozen,ABC_shared,0.18452611376473943
recall_at_1,stage-cal,C,3,3,ABC,s0,frozen,ABC_shared,0.045535714285714284
recall_at_3,stage-cal,C,3,3,ABC,s0,frozen,ABC_shared,0.1125
recall_at_5,stage-cal,C,3,3,ABC,s0,frozen,ABC_shared,0.1892857142857143
recall_at_10,stage-cal,C,3,3,ABC,s0,frozen,ABC_shared,0.38839285714285715
ndcg_at_1,stage-cal,C,3,3,ABC,s0,frozen,ABC_shared,0.06428571428571428
ndcg_at_3,stage-cal,C,3,3,ABC,s0,frozen,ABC_shared,0.09047208340928878
ndcg_at_5,stage-cal,C,3,3,ABC,s0,frozen,ABC_shared,0.12544165227637377
ndcg_at_10,stage-cal,C,3,3,ABC,s0,frozen,ABC_shared,0.19449786514983278
average_precision,first-cal,C,3,3,ABC,s0,frozen,ABC_shared,0.06779119807704007
trapezoidal_pr_auc,first-cal,C,3,3,ABC,s0,frozen,ABC_shared,0.058881799268940584
roc_auc,first-cal,C,3,3,ABC,s0,frozen,ABC_shared,0.5015153631284917
recall_at_fpr_1pct,first-cal,C,3,3,ABC,s0,frozen,ABC_shared,0.019999999999999997
brier,first-cal,C,3,3,ABC,s0,frozen,ABC_shared,0.11102619081007144
log_loss,first-cal,C,3,3,ABC,s0,frozen,ABC_shared,0.3953095305704103
precision,first-cal,C,3,3,ABC,s0,frozen,ABC_shared,0.05
recall,first-cal,C,3,3,ABC,s0,frozen,ABC_shared,0.0075000000000000015
f1,first-cal,C,3,3,ABC,s0,frozen,ABC_shared,0.013043478260869565
specificity,first-cal,C,3,3,ABC,s0,frozen,ABC_shared,0.994832402234637
balanced_accuracy,first-cal,C,3,3,ABC,s0,frozen,ABC_shared,0.5011662011173184
mcc,first-cal,C,3,3,ABC,s0,frozen,ABC_shared,0.0032928426149944428
map,first-cal,C,3,3,ABC,s0,frozen,ABC_shared,0.16419166888102005
mrr,first-cal,C,3,3,ABC,s0,frozen,ABC_shared,0.18452611376473943
recall_at_1,first-cal,C,3,3,ABC,s0,frozen,ABC_shared,0.045535714285714284
recall_at_3,first-cal,C,3,3,ABC,s0,frozen,ABC_shared,0.1125
recall_at_5,first-cal,C,3,3,ABC,s0,frozen,ABC_shared,0.1892857142857143
recall_at_10,first-cal,C,3,3,ABC,s0,frozen,ABC_shared,0.38839285714285715
ndcg_at_1,first-cal,C,3,3,ABC,s0,frozen,ABC_shared,0.06428571428571428
ndcg_at_3,first-cal,C,3,3,ABC,s0,frozen,ABC_shared,0.09047208340928878
ndcg_at_5,first-cal,C,3,3,ABC,s0,frozen,ABC_shared,0.12544165227637377
ndcg_at_10,first-cal,C,3,3,ABC,s0,frozen,ABC_shared,0.19449786514983278
average_precision,raw,C,3,1,ABC,s0,seq,ABC_shared,0.06779119807704007
trapezoidal_pr_auc,raw,C,3,1,ABC,s0,seq,ABC_shared,0.058881799268940584
roc_auc,raw,C,3,1,ABC,s0,seq,ABC_shared,0.5015153631284917
recall_at_fpr_1pct,raw,C,3,1,ABC,s0,seq,ABC_shared,0.019999999999999997
brier,raw,C,3,1,ABC,s0,seq,ABC_shared,0.1061411217242881
log_loss,raw,C,3,1,ABC,s0,seq,ABC_shared,0.3822934145569284
precision,raw,C,3,1,ABC,s0,seq,ABC_shared,0.06
recall,raw,C,3,1,ABC,s0,seq,ABC_shared,0.01
f1,raw,C,3,1,ABC,s0,seq,ABC_shared,0.017043478260869566
specificity,raw,C,3,1,ABC,s0,seq,ABC_shared,0.9937150837988824
balanced_accuracy,raw,C,3,1,ABC,s0,seq,ABC_shared,0.5018575418994413
mcc,raw,C,3,1,ABC,s0,seq,ABC_shared,0.006673368372829688
map,raw,C,3,1,ABC,s0,seq,ABC_shared,0.16419166888102005
mrr,raw,C,3,1,ABC,s0,seq,ABC_shared,0.18452611376473943
recall_at_1,raw,C,3,1,ABC,s0,seq,ABC_shared,0.045535714285714284
recall_at_3,raw,C,3,1,ABC,s0,seq,ABC_shared,0.1125
recall_at_5,raw,C,3,1,ABC,s0,seq,ABC_shared,0.1892857142857143
recall_at_10,raw,C,3,1,ABC,s0,seq,ABC_shared,0.38839285714285715
ndcg_at_1,raw,C,3,1,ABC,s0,seq,ABC_shared,0.06428571428571428
ndcg_at_3,raw,C,3,1,ABC,s0,seq,ABC_shared,0.09047208340928878
ndcg_at_5,raw,C,3,1,ABC,s0,seq,ABC_shared,0.12544165227637377
ndcg_at_10,raw,C,3,1,ABC,s0,seq,ABC_shared,0.19449786514983278
average_precision,stage-cal,C,3,1,ABC,s0,seq,ABC_shared,0.06779119807704007
trapezoidal_pr_auc,stage-cal,C,3,1,ABC,s0,seq,ABC_shared,0.058881799268940584
roc_auc,stage-cal,C,3,1,ABC,s0,seq,ABC_shared,0.5015153631284917
recall_at_fpr_1pct,stage-cal,C,3,1,ABC,s0,seq,ABC_shared,0.019999999999999997
brier,stage-cal,C,3,1,ABC,s0,seq,ABC_shared,0.14207958160455292
log_loss,stage-cal,C,3,1,ABC,s0,seq,ABC_shared,0.46794914636405577
precision,stage-cal,C,3,1,ABC,s0,seq,ABC_shared,0.09373015873015873
recall,stage-cal,C,3,1,ABC,s0,seq,ABC_shared,0.024999999999999998
f1,stage-cal,C,3,1,ABC,s0,seq,ABC_shared,0.03881677964436585
specificity,stage-cal,C,3,1,ABC,s0,seq,ABC_shared,0.985754189944134
balanced_accuracy,stage-cal,C,3,1,ABC,s0,seq,ABC_shared,0.5053770949720671
mcc,stage-cal,C,3,1,ABC,s0,seq,ABC_shared,0.02095105160883639
map,stage-cal,C,3,1,ABC,s0,seq,ABC_shared,0.16419166888102005
mrr,stage-cal,C,3,1,ABC,s0,seq,ABC_shared,0.18452611376473943
recall_at_1,stage-cal,C,3,1,ABC,s0,seq,ABC_shared,0.045535714285714284
recall_at_3,stage-cal,C,3,1,ABC,s0,seq,ABC_shared,0.1125
recall_at_5,stage-cal,C,3,1,ABC,s0,seq,ABC_shared,0.1892857142857143
recall_at_10,stage-cal,C,3,1,ABC,s0,seq,ABC_shared,0.38839285714285715
ndcg_at_1,stage-cal,C,3,1,ABC,s0,seq,ABC_shared,0.06428571428571428
ndcg_at_3,stage-cal,C,3,1,ABC,s0,seq,ABC_shared,0.09047208340928878
ndcg_at_5,stage-cal,C,3,1,ABC,s0,seq,ABC_shared,0.12544165227637377
ndcg_at_10,stage-cal,C,3,1,ABC,s0,seq,ABC_shared,0.19449786514983278
average_precision,first-cal,C,3,1,ABC,s0,seq,ABC_shared,0.06779119807704007
trapezoidal_pr_auc,first-cal,C,3,1,ABC,s0,seq,ABC_shared,0.058881799268940584
roc_auc,first-cal,C,3,1,ABC,s0,seq,ABC_shared,0.5015153631284917
recall_at_fpr_1pct,first-cal,C,3,1,ABC,s0,seq,ABC_shared,0.019999999999999997
brier,first-cal,C,3,1,ABC,s0,seq,ABC_shared,0.11102619081007144
log_loss,first-cal,C,3,1,ABC,s0,seq,ABC_shared,0.3953095305704103
precision,first-cal,C,3,1,ABC,s0,seq,ABC_shared,0.05
recall,first-cal,C,3,1,ABC,s0,seq,ABC_shared,0.0075000000000000015
f1,first-cal,C,3,1,ABC,s0,seq,ABC_shared,0.013043478260869565
specificity,first-cal,C,3,1,ABC,s0,seq,ABC_shared,0.994832402234637
balanced_accuracy,first-cal,C,3,1,ABC,s0,seq,ABC_shared,0.5011662011173184
mcc,first-cal,C,3,1,ABC,s0,seq,ABC_shared,0.0032928426149944428
map,first-cal,C,3,1,ABC,s0,seq,ABC_shared,0.16419166888102005
mrr,first-cal,C,3,1,ABC,s0,seq,ABC_shared,0.18452611376473943
recall_at_1,first-cal,C,3,1,ABC,s0,seq,ABC_shared,0.045535714285714284
recall_at_3,first-cal,C,3,1,ABC,s0,seq,ABC_shared,0.1125
recall_at_5,first-cal,C,3,1,ABC,s0,seq,ABC_shared,0.1892857142857143
recall_at_10,first-cal,C,3,1,ABC,s0,seq,ABC_shared,0.38839285714285715
ndcg_at_1,first-cal,C,3,1,ABC,s0,seq,ABC_shared,0.06428571428571428
ndcg_at_3,first-cal,C,3,1,ABC,s0,seq,ABC_shared,0.09047208340928878
ndcg_at_5,first-cal,C,3,1,ABC,s0,seq,ABC_shared,0.12544165227637377
ndcg_at_10,first-cal,C,3,1,ABC,s0,seq,ABC_shared,0.19449786514983278
average_precision,raw,C,3,2,ABC,s0,seq,ABC_seq_stage2,0.0674639872036217
trapezoidal_pr_auc,raw,C,3,2,ABC,s0,seq,ABC_seq_stage2,0.05843389067824154
roc_auc,raw,C,3,2,ABC,s0,seq,ABC_seq_stage2,0.49917597765363125
recall_at_fpr_1pct,raw,C,3,2,ABC,s0,seq,ABC_seq_stage2,0.0225
brier,raw,C,3,2,ABC,s0,seq,ABC_seq_stage2,0.10738024021363057
log_loss,raw,C,3,2,ABC,s0,seq,ABC_seq_stage2,0.38532823034246483
precision,raw,C,3,2,ABC,s0,seq,ABC_seq_stage2,0.05833333333333333
recall,raw,C,3,2,ABC,s0,seq,ABC_seq_stage2,0.01
f1,raw,C,3,2,ABC,s0,seq,ABC_seq_stage2,0.017028985507246377
specificity,raw,C,3,2,ABC,s0,seq,ABC_seq_stage2,0.9934357541899441
balanced_accuracy,raw,C,3,2,ABC,s0,seq,ABC_seq_stage2,0.5017178770949721
mcc,raw,C,3,2,ABC,s0,seq,ABC_seq_stage2,0.006337741550138759
map,raw,C,3,2,ABC,s0,seq,ABC_seq_stage2,0.16390088306675302
mrr,raw,C,3,2,ABC,s0,seq,ABC_seq_stage2,0.18441465823601835
recall_at_1,raw,C,3,2,ABC,s0,seq,ABC_seq_stage2,0.045535714285714284
recall_at_3,raw,C,3,2,ABC,s0,seq,ABC_seq_stage2,0.11160714285714284
recall_at_5,raw,C,3,2,ABC,s0,seq,ABC_seq_stage2,0.1839285714285714
recall_at_10,raw,C,3,2,ABC,s0,seq,ABC_seq_stage2,0.3794642857142857
ndcg_at_1,raw,C,3,2,ABC,s0,seq,ABC_seq_stage2,0.06428571428571428
ndcg_at_3,raw,C,3,2,ABC,s0,seq,ABC_seq_stage2,0.09067894828868846
ndcg_at_5,raw,C,3,2,ABC,s0,seq,ABC_seq_stage2,0.12426451537228082
ndcg_at_10,raw,C,3,2,ABC,s0,seq,ABC_seq_stage2,0.1913287236304136
average_precision,stage-cal,C,3,2,ABC,s0,seq,ABC_seq_stage2,0.0674639872036217
trapezoidal_pr_auc,stage-cal,C,3,2,ABC,s0,seq,ABC_seq_stage2,0.05843389067824154
roc_auc,stage-cal,C,3,2,ABC,s0,seq,ABC_seq_stage2,0.49917597765363125
recall_at_fpr_1pct,stage-cal,C,3,2,ABC,s0,seq,ABC_seq_stage2,0.0225
brier,stage-cal,C,3,2,ABC,s0,seq,ABC_seq_stage2,0.14342985368776387
log_loss,stage-cal,C,3,2,ABC,s0,seq,ABC_seq_stage2,0.47093054663692974
precision,stage-cal,C,3,2,ABC,s0,seq,ABC_seq_stage2,0.08924783549783549
recall,stage-cal,C,3,2,ABC,s0,seq,ABC_seq_stage2,0.027500000000000004
f1,stage-cal,C,3,2,ABC,s0,seq,ABC_seq_stage2,0.04120143730224375
specificity,stage-cal,C,3,2,ABC,s0,seq,ABC_seq_stage2,0.9824022346368716
balanced_accuracy,stage-cal,C,3,2,ABC,s0,seq,ABC_seq_stage2,0.5049511173184358
mcc,stage-cal,C,3,2,ABC,s0,seq,ABC_seq_stage2,0.019000625190958784
map,stage-cal,C,3,2,ABC,s0,seq,ABC_seq_stage2,0.16390088306675302
mrr,stage-cal,C,3,2,ABC,s0,seq,ABC_seq_stage2,0.18441465823601835
recall_at_1,stage-cal,C,3,2,ABC,s0,seq,ABC_seq_stage2,0.045535714285714284
recall_at_3,stage-cal,C,3,2,ABC,s0,seq,ABC_seq_stage2,0.11160714285714284
recall_at_5,stage-cal,C,3,2,ABC,s0,seq,ABC_seq_stage2,0.1839285714285714
recall_at_10,stage-cal,C,3,2,ABC,s0,seq,ABC_seq_stage2,0.3794642857142857
ndcg_at_1,stage-cal,C,3,2,ABC,s0,seq,ABC_seq_stage2,0.06428571428571428
ndcg_at_3,stage-cal,C,3,2,ABC,s0,seq,ABC_seq_stage2,0.09067894828868846
ndcg_at_5,stage-cal,C,3,2,ABC,s0,seq,ABC_seq_stage2,0.12426451537228082
ndcg_at_10,stage-cal,C,3,2,ABC,s0,seq,ABC_seq_stage2,0.1913287236304136
average_precision,first-cal,C,3,2,ABC,s0,seq,ABC_seq_stage2,0.0674639872036217
trapezoidal_pr_auc,first-cal,C,3,2,ABC,s0,seq,ABC_seq_stage2,0.05843389067824154
roc_auc,first-cal,C,3,2,ABC,s0,seq,ABC_seq_stage2,0.49917597765363125
recall_at_fpr_1pct,first-cal,C,3,2,ABC,s0,seq,ABC_seq_stage2,0.0225
brier,first-cal,C,3,2,ABC,s0,seq,ABC_seq_stage2,0.11222400183909927
log_loss,first-cal,C,3,2,ABC,s0,seq,ABC_seq_stage2,0.3981871942381327
precision,first-cal,C,3,2,ABC,s0,seq,ABC_seq_stage2,0.075
recall,first-cal,C,3,2,ABC,s0,seq,ABC_seq_stage2,0.01
f1,first-cal,C,3,2,ABC,s0,seq,ABC_seq_stage2,0.01758893280632411
specificity,first-cal,C,3,2,ABC,s0,seq,ABC_seq_stage2,0.994832402234637
balanced_accuracy,first-cal,C,3,2,ABC,s0,seq,ABC_seq_stage2,0.5024162011173183
mcc,first-cal,C,3,2,ABC,s0,seq,ABC_seq_stage2,0.011598223411000499
map,first-cal,C,3,2,ABC,s0,seq,ABC_seq_stage2,0.16390088306675302
mrr,first-cal,C,3,2,ABC,s0,seq,ABC_seq_stage2,0.18441465823601835
recall_at_1,first-cal,C,3,2,ABC,s0,seq,ABC_seq_stage2,0.045535714285714284
recall_at_3,first-cal,C,3,2,ABC,s0,seq,ABC_seq_stage2,0.11160714285714284
recall_at_5,first-cal,C,3,2,ABC,s0,seq,ABC_seq_stage2,0.1839285714285714
recall_at_10,first-cal,C,3,2,ABC,s0,seq,ABC_seq_stage2,0.3794642857142857
ndcg_at_1,first-cal,C,3,2,ABC,s0,seq,ABC_seq_stage2,0.06428571428571428
ndcg_at_3,first-cal,C,3,2,ABC,s0,seq,ABC_seq_stage2,0.09067894828868846
ndcg_at_5,first-cal,C,3,2,ABC,s0,seq,ABC_seq_stage2,0.12426451537228082
ndcg_at_10,first-cal,C,3,2,ABC,s0,seq,ABC_seq_stage2,0.1913287236304136
average_precision,raw,C,3,3,ABC,s0,seq,ABC_seq_stage3,0.06577757744038892
trapezoidal_pr_auc,raw,C,3,3,ABC,s0,seq,ABC_seq_stage3,0.05730311963523883
roc_auc,raw,C,3,3,ABC,s0,seq,ABC_seq_stage3,0.4991131284916202
recall_at_fpr_1pct,raw,C,3,3,ABC,s0,seq,ABC_seq_stage3,0.017499999999999998
brier,raw,C,3,3,ABC,s0,seq,ABC_seq_stage3,0.10852030895646869
log_loss,raw,C,3,3,ABC,s0,seq,ABC_seq_stage3,0.38809185123170126
precision,raw,C,3,3,ABC,s0,seq,ABC_seq_stage3,0.05833333333333333
recall,raw,C,3,3,ABC,s0,seq,ABC_seq_stage3,0.01
f1,raw,C,3,3,ABC,s0,seq,ABC_seq_stage3,0.017028985507246377
specificity,raw,C,3,3,ABC,s0,seq,ABC_seq_stage3,0.9931564245810055
balanced_accuracy,raw,C,3,3,ABC,s0,seq,ABC_seq_stage3,0.5015782122905027
mcc,raw,C,3,3,ABC,s0,seq,ABC_seq_stage3,0.005612957569346755
map,raw,C,3,3,ABC,s0,seq,ABC_seq_stage3,0.16065695738241975
mrr,raw,C,3,3,ABC,s0,seq,ABC_seq_stage3,0.18048913191967916
recall_at_1,raw,C,3,3,ABC,s0,seq,ABC_seq_stage3,0.03839285714285713
recall_at_3,raw,C,3,3,ABC,s0,seq,ABC_seq_stage3,0.10714285714285714
recall_at_5,raw,C,3,3,ABC,s0,seq,ABC_seq_stage3,0.18750000000000003
recall_at_10,raw,C,3,3,ABC,s0,seq,ABC_seq_stage3,0.37589285714285714
ndcg_at_1,raw,C,3,3,ABC,s0,seq,ABC_seq_stage3,0.05535714285714285
ndcg_at_3,raw,C,3,3,ABC,s0,seq,ABC_seq_stage3,0.08576247344232288
ndcg_at_5,raw,C,3,3,ABC,s0,seq,ABC_seq_stage3,0.1225176950313807
ndcg_at_10,raw,C,3,3,ABC,s0,seq,ABC_seq_stage3,0.1878699043292315
average_precision,stage-cal,C,3,3,ABC,s0,seq,ABC_seq_stage3,0.06577757744038892
trapezoidal_pr_auc,stage-cal,C,3,3,ABC,s0,seq,ABC_seq_stage3,0.05730311963523883
roc_auc,stage-cal,C,3,3,ABC,s0,seq,ABC_seq_stage3,0.4991131284916202
recall_at_fpr_1pct,stage-cal,C,3,3,ABC,s0,seq,ABC_seq_stage3,0.017499999999999998
brier,stage-cal,C,3,3,ABC,s0,seq,ABC_seq_stage3,0.14467222829181697
log_loss,stage-cal,C,3,3,ABC,s0,seq,ABC_seq_stage3,0.47365731149640916
precision,stage-cal,C,3,3,ABC,s0,seq,ABC_seq_stage3,0.07391053391053391
recall,stage-cal,C,3,3,ABC,s0,seq,ABC_seq_stage3,0.0225
f1,stage-cal,C,3,3,ABC,s0,seq,ABC_seq_stage3,0.033736760376359934
specificity,stage-cal,C,3,3,ABC,s0,seq,ABC_seq_stage3,0.9822625698324023
balanced_accuracy,stage-cal,C,3,3,ABC,s0,seq,ABC_seq_stage3,0.5023812849162012
mcc,stage-cal,C,3,3,ABC,s0,seq,ABC_seq_stage3,0.01012858874435725
map,stage-cal,C,3,3,ABC,s0,seq,ABC_seq_stage3,0.16065695738241975
mrr,stage-cal,C,3,3,ABC,s0,seq,ABC_seq_stage3,0.18048913191967916
recall_at_1,stage-cal,C,3,3,ABC,s0,seq,ABC_seq_stage3,0.03839285714285713
recall_at_3,stage-cal,C,3,3,ABC,s0,seq,ABC_seq_stage3,0.10714285714285714
recall_at_5,stage-cal,C,3,3,ABC,s0,seq,ABC_seq_stage3,0.18750000000000003
recall_at_10,stage-cal,C,3,3,ABC,s0,seq,ABC_seq_stage3,0.37589285714285714
ndcg_at_1,stage-cal,C,3,3,ABC,s0,seq,ABC_seq_stage3,0.05535714285714285
ndcg_at_3,stage-cal,C,3,3,ABC,s0,seq,ABC_seq_stage3,0.08576247344232288
ndcg_at_5,stage-cal,C,3,3,ABC,s0,seq,ABC_seq_stage3,0.1225176950313807
ndcg_at_10,stage-cal,C,3,3,ABC,s0,seq,ABC_seq_stage3,0.1878699043292315
average_precision,first-cal,C,3,3,ABC,s0,seq,ABC_seq_stage3,0.06577757744038892
trapezoidal_pr_auc,first-cal,C,3,3,ABC,s0,seq,ABC_seq_stage3,0.05730311963523883
roc_auc,first-cal,C,3,3,ABC,s0,seq,ABC_seq_stage3,0.4991131284916202
recall_at_fpr_1pct,first-cal,C,3,3,ABC,s0,seq,ABC_seq_stage3,0.017499999999999998
brier,first-cal,C,3,3,ABC,s0,seq,ABC_seq_stage3,0.11332530955934635
log_loss,first-cal,C,3,3,ABC,s0,seq,ABC_seq_stage3,0.40080951102841816
precision,first-cal,C,3,3,ABC,s0,seq,ABC_seq_stage3,0.04583333333333332
recall,first-cal,C,3,3,ABC,s0,seq,ABC_seq_stage3,0.0075000000000000015
f1,first-cal,C,3,3,ABC,s0,seq,ABC_seq_stage3,0.01286231884057971
specificity,first-cal,C,3,3,ABC,s0,seq,ABC_seq_stage3,0.9942737430167596
balanced_accuracy,first-cal,C,3,3,ABC,s0,seq,ABC_seq_stage3,0.5008868715083798
mcc,first-cal,C,3,3,ABC,s0,seq,ABC_seq_stage3,0.001896981093702088
map,first-cal,C,3,3,ABC,s0,seq,ABC_seq_stage3,0.16065695738241975
mrr,first-cal,C,3,3,ABC,s0,seq,ABC_seq_stage3,0.18048913191967916
recall_at_1,first-cal,C,3,3,ABC,s0,seq,ABC_seq_stage3,0.03839285714285713
recall_at_3,first-cal,C,3,3,ABC,s0,seq,ABC_seq_stage3,0.10714285714285714
recall_at_5,first-cal,C,3,3,ABC,s0,seq,ABC_seq_stage3,0.18750000000000003
recall_at_10,first-cal,C,3,3,ABC,s0,seq,ABC_seq_stage3,0.37589285714285714
ndcg_at_1,first-cal,C,3,3,ABC,s0,seq,ABC_seq_stage3,0.05535714285714285
ndcg_at_3,first-cal,C,3,3,ABC,s0,seq,ABC_seq_stage3,0.08576247344232288
ndcg_at_5,first-cal,C,3,3,ABC,s0,seq,ABC_seq_stage3,0.1225176950313807
ndcg_at_10,first-cal,C,3,3,ABC,s0,seq,ABC_seq_stage3,0.1878699043292315
average_precision,raw,C,3,1,ABC,s0,er,ABC_shared,0.06779119807704007
trapezoidal_pr_auc,raw,C,3,1,ABC,s0,er,ABC_shared,0.058881799268940584
roc_auc,raw,C,3,1,ABC,s0,er,ABC_shared,0.5015153631284917
recall_at_fpr_1pct,raw,C,3,1,ABC,s0,er,ABC_shared,0.019999999999999997
brier,raw,C,3,1,ABC,s0,er,ABC_shared,0.1061411217242881
log_loss,raw,C,3,1,ABC,s0,er,ABC_shared,0.3822934145569284
precision,raw,C,3,1,ABC,s0,er,ABC_shared,0.06
recall,raw,C,3,1,ABC,s0,er,ABC_shared,0.01
f1,raw,C,3,1,ABC,s0,er,ABC_shared,0.017043478260869566
specificity,raw,C,3,1,ABC,s0,er,ABC_shared,0.9937150837988824
balanced_accuracy,raw,C,3,1,ABC,s0,er,ABC_shared,0.5018575418994413
mcc,raw,C,3,1,ABC,s0,er,ABC_shared,0.006673368372829688
map,raw,C,3,1,ABC,s0,er,ABC_shared,0.16419166888102005
mrr,raw,C,3,1,ABC,s0,er,ABC_shared,0.18452611376473943
recall_at_1,raw,C,3,1,ABC,s0,er,ABC_shared,0.045535714285714284
recall_at_3,raw,C,3,1,ABC,s0,er,ABC_shared,0.1125
recall_at_5,raw,C,3,1,ABC,s0,er,ABC_shared,0.1892857142857143
recall_at_10,raw,C,3,1,ABC,s0,er,ABC_shared,0.38839285714285715
ndcg_at_1,raw,C,3,1,ABC,s0,er,ABC_shared,0.06428571428571428
ndcg_at_3,raw,C,3,1,ABC,s0,er,ABC_shared,0.09047208340928878
ndcg_at_5,raw,C,3,1,ABC,s0,er,ABC_shared,0.12544165227637377
ndcg_at_10,raw,C,3,1,ABC,s0,er,ABC_shared,0.19449786514983278
average_precision,stage-cal,C,3,1,ABC,s0,er,ABC_shared,0.06779119807704007
trapezoidal_pr_auc,stage-cal,C,3,1,ABC,s0,er,ABC_shared,0.058881799268940584
roc_auc,stage-cal,C,3,1,ABC,s0,er,ABC_shared,0.5015153631284917
recall_at_fpr_1pct,stage-cal,C,3,1,ABC,s0,er,ABC_shared,0.019999999999999997
brier,stage-cal,C,3,1,ABC,s0,er,ABC_shared,0.14207958160455292
log_loss,stage-cal,C,3,1,ABC,s0,er,ABC_shared,0.46794914636405577
precision,stage-cal,C,3,1,ABC,s0,er,ABC_shared,0.09373015873015873
recall,stage-cal,C,3,1,ABC,s0,er,ABC_shared,0.024999999999999998
f1,stage-cal,C,3,1,ABC,s0,er,ABC_shared,0.03881677964436585
specificity,stage-cal,C,3,1,ABC,s0,er,ABC_shared,0.985754189944134
balanced_accuracy,stage-cal,C,3,1,ABC,s0,er,ABC_shared,0.5053770949720671
mcc,stage-cal,C,3,1,ABC,s0,er,ABC_shared,0.02095105160883639
map,stage-cal,C,3,1,ABC,s0,er,ABC_shared,0.16419166888102005
mrr,stage-cal,C,3,1,ABC,s0,er,ABC_shared,0.18452611376473943
recall_at_1,stage-cal,C,3,1,ABC,s0,er,ABC_shared,0.045535714285714284
recall_at_3,stage-cal,C,3,1,ABC,s0,er,ABC_shared,0.1125
recall_at_5,stage-cal,C,3,1,ABC,s0,er,ABC_shared,0.1892857142857143
recall_at_10,stage-cal,C,3,1,ABC,s0,er,ABC_shared,0.38839285714285715
ndcg_at_1,stage-cal,C,3,1,ABC,s0,er,ABC_shared,0.06428571428571428
ndcg_at_3,stage-cal,C,3,1,ABC,s0,er,ABC_shared,0.09047208340928878
ndcg_at_5,stage-cal,C,3,1,ABC,s0,er,ABC_shared,0.12544165227637377
ndcg_at_10,stage-cal,C,3,1,ABC,s0,er,ABC_shared,0.19449786514983278
average_precision,first-cal,C,3,1,ABC,s0,er,ABC_shared,0.06779119807704007
trapezoidal_pr_auc,first-cal,C,3,1,ABC,s0,er,ABC_shared,0.058881799268940584
roc_auc,first-cal,C,3,1,ABC,s0,er,ABC_shared,0.5015153631284917
recall_at_fpr_1pct,first-cal,C,3,1,ABC,s0,er,ABC_shared,0.019999999999999997
brier,first-cal,C,3,1,ABC,s0,er,ABC_shared,0.11102619081007144
log_loss,first-cal,C,3,1,ABC,s0,er,ABC_shared,0.3953095305704103
precision,first-cal,C,3,1,ABC,s0,er,ABC_shared,0.05
recall,first-cal,C,3,1,ABC,s0,er,ABC_shared,0.0075000000000000015
f1,first-cal,C,3,1,ABC,s0,er,ABC_shared,0.013043478260869565
specificity,first-cal,C,3,1,ABC,s0,er,ABC_shared,0.994832402234637
balanced_accuracy,first-cal,C,3,1,ABC,s0,er,ABC_shared,0.5011662011173184
mcc,first-cal,C,3,1,ABC,s0,er,ABC_shared,0.0032928426149944428
map,first-cal,C,3,1,ABC,s0,er,ABC_shared,0.16419166888102005
mrr,first-cal,C,3,1,ABC,s0,er,ABC_shared,0.18452611376473943
recall_at_1,first-cal,C,3,1,ABC,s0,er,ABC_shared,0.045535714285714284
recall_at_3,first-cal,C,3,1,ABC,s0,er,ABC_shared,0.1125
recall_at_5,first-cal,C,3,1,ABC,s0,er,ABC_shared,0.1892857142857143
recall_at_10,first-cal,C,3,1,ABC,s0,er,ABC_shared,0.38839285714285715
ndcg_at_1,first-cal,C,3,1,ABC,s0,er,ABC_shared,0.06428571428571428
ndcg_at_3,first-cal,C,3,1,ABC,s0,er,ABC_shared,0.09047208340928878
ndcg_at_5,first-cal,C,3,1,ABC,s0,er,ABC_shared,0.12544165227637377
ndcg_at_10,first-cal,C,3,1,ABC,s0,er,ABC_shared,0.19449786514983278
average_precision,raw,C,3,2,ABC,s0,er,ABC_er_stage2,0.06950579385568174
trapezoidal_pr_auc,raw,C,3,2,ABC,s0,er,ABC_er_stage2,0.06091368439550733
roc_auc,raw,C,3,2,ABC,s0,er,ABC_er_stage2,0.5027793296089385
recall_at_fpr_1pct,raw,C,3,2,ABC,s0,er,ABC_er_stage2,0.019999999999999997
brier,raw,C,3,2,ABC,s0,er,ABC_er_stage2,0.10975234642502352
log_loss,raw,C,3,2,ABC,s0,er,ABC_er_stage2,0.39105221436166754
precision,raw,C,3,2,ABC,s0,er,ABC_er_stage2,0.07499999999999998
recall,raw,C,3,2,ABC,s0,er,ABC_er_stage2,0.0125
f1,raw,C,3,2,ABC,s0,er,ABC_er_stage2,0.021376811594202898
specificity,raw,C,3,2,ABC,s0,er,ABC_er_stage2,0.9930167597765361
balanced_accuracy,raw,C,3,2,ABC,s0,er,ABC_er_stage2,0.5027583798882682
mcc,raw,C,3,2,ABC,s0,er,ABC_er_stage2,0.011744898033140824
map,raw,C,3,2,ABC,s0,er,ABC_er_stage2,0.16139435071936564
mrr,raw,C,3,2,ABC,s0,er,ABC_er_stage2,0.18117798533316928
recall_at_1,raw,C,3,2,ABC,s0,er,ABC_er_stage2,0.039285714285714285
recall_at_3,raw,C,3,2,ABC,s0,er,ABC_er_stage2,0.11249999999999998
recall_at_5,raw,C,3,2,ABC,s0,er,ABC_er_stage2,0.18839285714285714
recall_at_10,raw,C,3,2,ABC,s0,er,ABC_er_stage2,0.3794642857142857
ndcg_at_1,raw,C,3,2,ABC,s0,er,ABC_er_stage2,0.05714285714285714
ndcg_at_3,raw,C,3,2,ABC,s0,er,ABC_er_stage2,0.08867581617027748
ndcg_at_5,raw,C,3,2,ABC,s0,er,ABC_er_stage2,0.12292173025680966
ndcg_at_10,raw,C,3,2,ABC,s0,er,ABC_er_stage2,0.18945882973980388
average_precision,stage-cal,C,3,2,ABC,s0,er,ABC_er_stage2,0.06950579385568174
trapezoidal_pr_auc,stage-cal,C,3,2,ABC,s0,er,ABC_er_stage2,0.06091368439550733
roc_auc,stage-cal,C,3,2,ABC,s0,er,ABC_er_stage2,0.5027793296089385
recall_at_fpr_1pct,stage-cal,C,3,2,ABC,s0,er,ABC_er_stage2,0.019999999999999997
brier,stage-cal,C,3,2,ABC,s0,er,ABC_er_stage2,0.14601561077520134
log_loss,stage-cal,C,3,2,ABC,s0,er,ABC_er_stage2,0.476591221447606
precision,stage-cal,C,3,2,ABC,s0,er,ABC_er_stage2,0.08150668775668776
recall,stage-cal,C,3,2,ABC,s0,er,ABC_er_stage2,0.030000000000000006
f1,stage-cal,C,3,2,ABC,s0,er,ABC_er_stage2,0.04295250296710251
specificity,stage-cal,C,3,2,ABC,s0,er,ABC_er_stage2,0.9791899441340783
balanced_accuracy,stage-cal,C,3,2,ABC,s0,er,ABC_er_stage2,0.5045949720670391
mcc,stage-cal,C,3,2,ABC,s0,er,ABC_er_stage2,0.016256638431394348
map,stage-cal,C,3,2,ABC,s0,er,ABC_er_stage2,0.16139435071936564
mrr,stage-cal,C,3,2,ABC,s0,er,ABC_er_stage2,0.18117798533316928
recall_at_1,stage-cal,C,3,2,ABC,s0,er,ABC_er_stage2,0.039285714285714285
recall_at_3,stage-cal,C,3,2,ABC,s0,er,ABC_er_stage2,0.11249999999999998
recall_at_5,stage-cal,C,3,2,ABC,s0,er,ABC_er_stage2,0.18839285714285714
recall_at_10,stage-cal,C,3,2,ABC,s0,er,ABC_er_stage2,0.3794642857142857
ndcg_at_1,stage-cal,C,3,2,ABC,s0,er,ABC_er_stage2,0.05714285714285714
ndcg_at_3,stage-cal,C,3,2,ABC,s0,er,ABC_er_stage2,0.08867581617027748
ndcg_at_5,stage-cal,C,3,2,ABC,s0,er,ABC_er_stage2,0.12292173025680966
ndcg_at_10,stage-cal,C,3,2,ABC,s0,er,ABC_er_stage2,0.18945882973980388
average_precision,first-cal,C,3,2,ABC,s0,er,ABC_er_stage2,0.06950579385568174
trapezoidal_pr_auc,first-cal,C,3,2,ABC,s0,er,ABC_er_stage2,0.06091368439550733
roc_auc,first-cal,C,3,2,ABC,s0,er,ABC_er_stage2,0.5027793296089385
recall_at_fpr_1pct,first-cal,C,3,2,ABC,s0,er,ABC_er_stage2,0.019999999999999997
brier,first-cal,C,3,2,ABC,s0,er,ABC_er_stage2,0.11451275178593523
log_loss,first-cal,C,3,2,ABC,s0,er,ABC_er_stage2,0.4036145680477226
precision,first-cal,C,3,2,ABC,s0,er,ABC_er_stage2,0.0875
recall,first-cal,C,3,2,ABC,s0,er,ABC_er_stage2,0.0125
f1,first-cal,C,3,2,ABC,s0,er,ABC_er_stage2,0.02175559947299078
specificity,first-cal,C,3,2,ABC,s0,er,ABC_er_stage2,0.993994413407821
balanced_accuracy,first-cal,C,3,2,ABC,s0,er,ABC_er_stage2,0.5032472067039107
mcc,first-cal,C,3,2,ABC,s0,er,ABC_er_stage2,0.015537340435826908
map,first-cal,C,3,2,ABC,s0,er,ABC_er_stage2,0.16139435071936564
mrr,first-cal,C,3,2,ABC,s0,er,ABC_er_stage2,0.18117798533316928
recall_at_1,first-cal,C,3,2,ABC,s0,er,ABC_er_stage2,0.039285714285714285
recall_at_3,first-cal,C,3,2,ABC,s0,er,ABC_er_stage2,0.11249999999999998
recall_at_5,first-cal,C,3,2,ABC,s0,er,ABC_er_stage2,0.18839285714285714
recall_at_10,first-cal,C,3,2,ABC,s0,er,ABC_er_stage2,0.3794642857142857
ndcg_at_1,first-cal,C,3,2,ABC,s0,er,ABC_er_stage2,0.05714285714285714
ndcg_at_3,first-cal,C,3,2,ABC,s0,er,ABC_er_stage2,0.08867581617027748
ndcg_at_5,first-cal,C,3,2,ABC,s0,er,ABC_er_stage2,0.12292173025680966
ndcg_at_10,first-cal,C,3,2,ABC,s0,er,ABC_er_stage2,0.18945882973980388
average_precision,raw,C,3,3,ABC,s0,er,ABC_er_stage3,0.06764525902627092
trapezoidal_pr_auc,raw,C,3,3,ABC,s0,er,ABC_er_stage3,0.059909162672514074
roc_auc,raw,C,3,3,ABC,s0,er,ABC_er_stage3,0.5008798882681564
recall_at_fpr_1pct,raw,C,3,3,ABC,s0,er,ABC_er_stage3,0.017499999999999998
brier,raw,C,3,3,ABC,s0,er,ABC_er_stage3,0.11106608624473784
log_loss,raw,C,3,3,ABC,s0,er,ABC_er_stage3,0.3941918537364341
precision,raw,C,3,3,ABC,s0,er,ABC_er_stage3,0.04916666666666667
recall,raw,C,3,3,ABC,s0,er,ABC_er_stage3,0.01
f1,raw,C,3,3,ABC,s0,er,ABC_er_stage3,0.01651449275362319
specificity,raw,C,3,3,ABC,s0,er,ABC_er_stage3,0.9916201117318437
balanced_accuracy,raw,C,3,3,ABC,s0,er,ABC_er_stage3,0.5008100558659219
mcc,raw,C,3,3,ABC,s0,er,ABC_er_stage3,0.0016861313530290739
map,raw,C,3,3,ABC,s0,er,ABC_er_stage3,0.16381439736157763
mrr,raw,C,3,3,ABC,s0,er,ABC_er_stage3,0.18490940982791992
recall_at_1,raw,C,3,3,ABC,s0,er,ABC_er_stage3,0.04375
recall_at_3,raw,C,3,3,ABC,s0,er,ABC_er_stage3,0.10982142857142856
recall_at_5,raw,C,3,3,ABC,s0,er,ABC_er_stage3,0.1875
recall_at_10,raw,C,3,3,ABC,s0,er,ABC_er_stage3,0.3848214285714286
ndcg_at_1,raw,C,3,3,ABC,s0,er,ABC_er_stage3,0.06428571428571428
ndcg_at_3,raw,C,3,3,ABC,s0,er,ABC_er_stage3,0.08890961930165506
ndcg_at_5,raw,C,3,3,ABC,s0,er,ABC_er_stage3,0.1248431319060139
ndcg_at_10,raw,C,3,3,ABC,s0,er,ABC_er_stage3,0.19307862929447353
average_precision,stage-cal,C,3,3,ABC,s0,er,ABC_er_stage3,0.06764525902627092
trapezoidal_pr_auc,stage-cal,C,3,3,ABC,s0,er,ABC_er_stage3,0.059909162672514074
roc_auc,stage-cal,C,3,3,ABC,s0,er,ABC_er_stage3,0.5008798882681564
recall_at_fpr_1pct,stage-cal,C,3,3,ABC,s0,er,ABC_er_stage3,0.017499999999999998
brier,stage-cal,C,3,3,ABC,s0,er,ABC_er_stage3,0.14741901622945242
log_loss,stage-cal,C,3,3,ABC,s0,er,ABC_er_stage3,0.47965281781752783
precision,stage-cal,C,3,3,ABC,s0,er,ABC_er_stage3,0.06807234432234431
recall,stage-cal,C,3,3,ABC,s0,er,ABC_er_stage3,0.027500000000000004
f1,stage-cal,C,3,3,ABC,s0,er,ABC_er_stage3,0.03857008732008732
specificity,stage-cal,C,3,3,ABC,s0,er,ABC_er_stage3,0.9789106145251397
balanced_accuracy,stage-cal,C,3,3,ABC,s0,er,ABC_er_stage3,0.50320530726257
mcc,stage-cal,C,3,3,ABC,s0,er,ABC_er_stage3,0.009974396287904986
map,stage-cal,C,3,3,ABC,s0,er,ABC_er_stage3,0.16381439736157763
mrr,stage-cal,C,3,3,ABC,s0,er,ABC_er_stage3,0.18490940982791992
recall_at_1,stage-cal,C,3,3,ABC,s0,er,ABC_er_stage3,0.04375
recall_at_3,stage-cal,C,3,3,ABC,s0,er,ABC_er_stage3,0.10982142857142856
recall_at_5,stage-cal,C,3,3,ABC,s0,er,ABC_er_stage3,0.1875
recall_at_10,stage-cal,C,3,3,ABC,s0,er,ABC_er_stage3,0.3848214285714286
ndcg_at_1,stage-cal,C,3,3,ABC,s0,er,ABC_er_stage3,0.06428571428571428
ndcg_at_3,stage-cal,C,3,3,ABC,s0,er,ABC_er_stage3,0.08890961930165506
ndcg_at_5,stage-cal,C,3,3,ABC,s0,er,ABC_er_stage3,0.1248431319060139
ndcg_at_10,stage-cal,C,3,3,ABC,s0,er,ABC_er_stage3,0.19307862929447353
average_precision,first-cal,C,3,3,ABC,s0,er,ABC_er_stage3,0.06764525902627092
trapezoidal_pr_auc,first-cal,C,3,3,ABC,s0,er,ABC_er_stage3,0.059909162672514074
roc_auc,first-cal,C,3,3,ABC,s0,er,ABC_er_stage3,0.5008798882681564
recall_at_fpr_1pct,first-cal,C,3,3,ABC,s0,er,ABC_er_stage3,0.017499999999999998
brier,first-cal,C,3,3,ABC,s0,er,ABC_er_stage3,0.11577502264241953
log_loss,first-cal,C,3,3,ABC,s0,er,ABC_er_stage3,0.40658381643835934
precision,first-cal,C,3,3,ABC,s0,er,ABC_er_stage3,0.05583333333333333
recall,first-cal,C,3,3,ABC,s0,er,ABC_er_stage3,0.01
f1,first-cal,C,3,3,ABC,s0,er,ABC_er_stage3,0.01686231884057971
specificity,first-cal,C,3,3,ABC,s0,er,ABC_er_stage3,0.9928770949720669
balanced_accuracy,first-cal,C,3,3,ABC,s0,er,ABC_er_stage3,0.5014385474860334
mcc,first-cal,C,3,3,ABC,s0,er,ABC_er_stage3,0.00461086325317408
map,first-cal,C,3,3,ABC,s0,er,ABC_er_stage3,0.16381439736157763
mrr,first-cal,C,3,3,ABC,s0,er,ABC_er_stage3,0.18490940982791992
recall_at_1,first-cal,C,3,3,ABC,s0,er,ABC_er_stage3,0.04375
recall_at_3,first-cal,C,3,3,ABC,s0,er,ABC_er_stage3,0.10982142857142856
recall_at_5,first-cal,C,3,3,ABC,s0,er,ABC_er_stage3,0.1875
recall_at_10,first-cal,C,3,3,ABC,s0,er,ABC_er_stage3,0.3848214285714286
ndcg_at_1,first-cal,C,3,3,ABC,s0,er,ABC_er_stage3,0.06428571428571428
ndcg_at_3,first-cal,C,3,3,ABC,s0,er,ABC_er_stage3,0.08890961930165506
ndcg_at_5,first-cal,C,3,3,ABC,s0,er,ABC_er_stage3,0.1248431319060139
ndcg_at_10,first-cal,C,3,3,ABC,s0,er,ABC_er_stage3,0.19307862929447353
average_precision,raw,C,3,1,ABC,s0,logit,ABC_shared,0.06779119807704007
trapezoidal_pr_auc,raw,C,3,1,ABC,s0,logit,ABC_shared,0.058881799268940584
roc_auc,raw,C,3,1,ABC,s0,logit,ABC_shared,0.5015153631284917
recall_at_fpr_1pct,raw,C,3,1,ABC,s0,logit,ABC_shared,0.019999999999999997
brier,raw,C,3,1,ABC,s0,logit,ABC_shared,0.1061411217242881
log_loss,raw,C,3,1,ABC,s0,logit,ABC_shared,0.3822934145569284
precision,raw,C,3,1,ABC,s0,logit,ABC_shared,0.06
recall,raw,C,3,1,ABC,s0,logit,ABC_shared,0.01
f1,raw,C,3,1,ABC,s0,logit,ABC_shared,0.017043478260869566
specificity,raw,C,3,1,ABC,s0,logit,ABC_shared,0.9937150837988824
balanced_accuracy,raw,C,3,1,ABC,s0,logit,ABC_shared,0.5018575418994413
mcc,raw,C,3,1,ABC,s0,logit,ABC_shared,0.006673368372829688
map,raw,C,3,1,ABC,s0,logit,ABC_shared,0.16419166888102005
mrr,raw,C,3,1,ABC,s0,logit,ABC_shared,0.18452611376473943
recall_at_1,raw,C,3,1,ABC,s0,logit,ABC_shared,0.045535714285714284
recall_at_3,raw,C,3,1,ABC,s0,logit,ABC_shared,0.1125
recall_at_5,raw,C,3,1,ABC,s0,logit,ABC_shared,0.1892857142857143
recall_at_10,raw,C,3,1,ABC,s0,logit,ABC_shared,0.38839285714285715
ndcg_at_1,raw,C,3,1,ABC,s0,logit,ABC_shared,0.06428571428571428
ndcg_at_3,raw,C,3,1,ABC,s0,logit,ABC_shared,0.09047208340928878
ndcg_at_5,raw,C,3,1,ABC,s0,logit,ABC_shared,0.12544165227637377
ndcg_at_10,raw,C,3,1,ABC,s0,logit,ABC_shared,0.19449786514983278
average_precision,stage-cal,C,3,1,ABC,s0,logit,ABC_shared,0.06779119807704007
trapezoidal_pr_auc,stage-cal,C,3,1,ABC,s0,logit,ABC_shared,0.058881799268940584
roc_auc,stage-cal,C,3,1,ABC,s0,logit,ABC_shared,0.5015153631284917
recall_at_fpr_1pct,stage-cal,C,3,1,ABC,s0,logit,ABC_shared,0.019999999999999997
brier,stage-cal,C,3,1,ABC,s0,logit,ABC_shared,0.14207958160455292
log_loss,stage-cal,C,3,1,ABC,s0,logit,ABC_shared,0.46794914636405577
precision,stage-cal,C,3,1,ABC,s0,logit,ABC_shared,0.09373015873015873
recall,stage-cal,C,3,1,ABC,s0,logit,ABC_shared,0.024999999999999998
f1,stage-cal,C,3,1,ABC,s0,logit,ABC_shared,0.03881677964436585
specificity,stage-cal,C,3,1,ABC,s0,logit,ABC_shared,0.985754189944134
balanced_accuracy,stage-cal,C,3,1,ABC,s0,logit,ABC_shared,0.5053770949720671
mcc,stage-cal,C,3,1,ABC,s0,logit,ABC_shared,0.02095105160883639
map,stage-cal,C,3,1,ABC,s0,logit,ABC_shared,0.16419166888102005
mrr,stage-cal,C,3,1,ABC,s0,logit,ABC_shared,0.18452611376473943
recall_at_1,stage-cal,C,3,1,ABC,s0,logit,ABC_shared,0.045535714285714284
recall_at_3,stage-cal,C,3,1,ABC,s0,logit,ABC_shared,0.1125
recall_at_5,stage-cal,C,3,1,ABC,s0,logit,ABC_shared,0.1892857142857143
recall_at_10,stage-cal,C,3,1,ABC,s0,logit,ABC_shared,0.38839285714285715
ndcg_at_1,stage-cal,C,3,1,ABC,s0,logit,ABC_shared,0.06428571428571428
ndcg_at_3,stage-cal,C,3,1,ABC,s0,logit,ABC_shared,0.09047208340928878
ndcg_at_5,stage-cal,C,3,1,ABC,s0,logit,ABC_shared,0.12544165227637377
ndcg_at_10,stage-cal,C,3,1,ABC,s0,logit,ABC_shared,0.19449786514983278
average_precision,first-cal,C,3,1,ABC,s0,logit,ABC_shared,0.06779119807704007
trapezoidal_pr_auc,first-cal,C,3,1,ABC,s0,logit,ABC_shared,0.058881799268940584
roc_auc,first-cal,C,3,1,ABC,s0,logit,ABC_shared,0.5015153631284917
recall_at_fpr_1pct,first-cal,C,3,1,ABC,s0,logit,ABC_shared,0.019999999999999997
brier,first-cal,C,3,1,ABC,s0,logit,ABC_shared,0.11102619081007144
log_loss,first-cal,C,3,1,ABC,s0,logit,ABC_shared,0.3953095305704103
precision,first-cal,C,3,1,ABC,s0,logit,ABC_shared,0.05
recall,first-cal,C,3,1,ABC,s0,logit,ABC_shared,0.0075000000000000015
f1,first-cal,C,3,1,ABC,s0,logit,ABC_shared,0.013043478260869565
specificity,first-cal,C,3,1,ABC,s0,logit,ABC_shared,0.994832402234637
balanced_accuracy,first-cal,C,3,1,ABC,s0,logit,ABC_shared,0.5011662011173184
mcc,first-cal,C,3,1,ABC,s0,logit,ABC_shared,0.0032928426149944428
map,first-cal,C,3,1,ABC,s0,logit,ABC_shared,0.16419166888102005
mrr,first-cal,C,3,1,ABC,s0,logit,ABC_shared,0.18452611376473943
recall_at_1,first-cal,C,3,1,ABC,s0,logit,ABC_shared,0.045535714285714284
recall_at_3,first-cal,C,3,1,ABC,s0,logit,ABC_shared,0.1125
recall_at_5,first-cal,C,3,1,ABC,s0,logit,ABC_shared,0.1892857142857143
recall_at_10,first-cal,C,3,1,ABC,s0,logit,ABC_shared,0.38839285714285715
ndcg_at_1,first-cal,C,3,1,ABC,s0,logit,ABC_shared,0.06428571428571428
ndcg_at_3,first-cal,C,3,1,ABC,s0,logit,ABC_shared,0.09047208340928878
ndcg_at_5,first-cal,C,3,1,ABC,s0,logit,ABC_shared,0.12544165227637377
ndcg_at_10,first-cal,C,3,1,ABC,s0,logit,ABC_shared,0.19449786514983278
average_precision,raw,C,3,2,ABC,s0,logit,ABC_logit_stage2,0.06619684861549116
trapezoidal_pr_auc,raw,C,3,2,ABC,s0,logit,ABC_logit_stage2,0.0577023021305559
roc_auc,raw,C,3,2,ABC,s0,logit,ABC_logit_stage2,0.5005307262569832
recall_at_fpr_1pct,raw,C,3,2,ABC,s0,logit,ABC_logit_stage2,0.0225
brier,raw,C,3,2,ABC,s0,logit,ABC_logit_stage2,0.11236304000895969
log_loss,raw,C,3,2,ABC,s0,logit,ABC_logit_stage2,0.39728580228657384
precision,raw,C,3,2,ABC,s0,logit,ABC_logit_stage2,0.06583333333333333
recall,raw,C,3,2,ABC,s0,logit,ABC_logit_stage2,0.0125
f1,raw,C,3,2,ABC,s0,logit,ABC_logit_stage2,0.02086231884057971
specificity,raw,C,3,2,ABC,s0,logit,ABC_logit_stage2,0.9912011173184357
balanced_accuracy,raw,C,3,2,ABC,s0,logit,ABC_logit_stage2,0.5018505586592179
mcc,raw,C,3,2,ABC,s0,logit,ABC_logit_stage2,0.007536790885212652
map,raw,C,3,2,ABC,s0,logit,ABC_logit_stage2,0.1611744140471509
mrr,raw,C,3,2,ABC,s0,logit,ABC_logit_stage2,0.1808810392706376
recall_at_1,raw,C,3,2,ABC,s0,logit,ABC_logit_stage2,0.03839285714285713
recall_at_3,raw,C,3,2,ABC,s0,logit,ABC_logit_stage2,0.1125
recall_at_5,raw,C,3,2,ABC,s0,logit,ABC_logit_stage2,0.18928571428571433
recall_at_10,raw,C,3,2,ABC,s0,logit,ABC_logit_stage2,0.38125
ndcg_at_1,raw,C,3,2,ABC,s0,logit,ABC_logit_stage2,0.05535714285714285
ndcg_at_3,raw,C,3,2,ABC,s0,logit,ABC_logit_stage2,0.0883294437100982
ndcg_at_5,raw,C,3,2,ABC,s0,logit,ABC_logit_stage2,0.12340754309838746
ndcg_at_10,raw,C,3,2,ABC,s0,logit,ABC_logit_stage2,0.19002980014123383
average_precision,stage-cal,C,3,2,ABC,s0,logit,ABC_logit_stage2,0.06619684861549116
trapezoidal_pr_auc,stage-cal,C,3,2,ABC,s0,logit,ABC_logit_stage2,0.0577023021305559
roc_auc,stage-cal,C,3,2,ABC,s0,logit,ABC_logit_stage2,0.5005307262569832
recall_at_fpr_1pct,stage-cal,C,3,2,ABC,s0,logit,ABC_logit_stage2,0.0225
brier,stage-cal,C,3,2,ABC,s0,logit,ABC_logit_stage2,0.1488033472303555
log_loss,stage-cal,C,3,2,ABC,s0,logit,ABC_logit_stage2,0.48267166134319084
precision,stage-cal,C,3,2,ABC,s0,logit,ABC_logit_stage2,0.07037268287268286
recall,stage-cal,C,3,2,ABC,s0,logit,ABC_logit_stage2,0.03000000000000001
f1,stage-cal,C,3,2,ABC,s0,logit,ABC_logit_stage2,0.041366712949517374
specificity,stage-cal,C,3,2,ABC,s0,logit,ABC_logit_stage2,0.9766759776536315
balanced_accuracy,stage-cal,C,3,2,ABC,s0,logit,ABC_logit_stage2,0.5033379888268157
mcc,stage-cal,C,3,2,ABC,s0,logit,ABC_logit_stage2,0.01096182712639936
map,stage-cal,C,3,2,ABC,s0,logit,ABC_logit_stage2,0.1611744140471509
mrr,stage-cal,C,3,2,ABC,s0,logit,ABC_logit_stage2,0.1808810392706376
recall_at_1,stage-cal,C,3,2,ABC,s0,logit,ABC_logit_stage2,0.03839285714285713
recall_at_3,stage-cal,C,3,2,ABC,s0,logit,ABC_logit_stage2,0.1125
recall_at_5,stage-cal,C,3,2,ABC,s0,logit,ABC_logit_stage2,0.18928571428571433
recall_at_10,stage-cal,C,3,2,ABC,s0,logit,ABC_logit_stage2,0.38125
ndcg_at_1,stage-cal,C,3,2,ABC,s0,logit,ABC_logit_stage2,0.05535714285714285
ndcg_at_3,stage-cal,C,3,2,ABC,s0,logit,ABC_logit_stage2,0.0883294437100982
ndcg_at_5,stage-cal,C,3,2,ABC,s0,logit,ABC_logit_stage2,0.12340754309838746
ndcg_at_10,stage-cal,C,3,2,ABC,s0,logit,ABC_logit_stage2,0.19002980014123383
average_precision,first-cal,C,3,2,ABC,s0,logit,ABC_logit_stage2,0.06619684861549116
trapezoidal_pr_auc,first-cal,C,3,2,ABC,s0,logit,ABC_logit_stage2,0.0577023021305559
roc_auc,first-cal,C,3,2,ABC,s0,logit,ABC_logit_stage2,0.5005307262569832
recall_at_fpr_1pct,first-cal,C,3,2,ABC,s0,logit,ABC_logit_stage2,0.0225
brier,first-cal,C,3,2,ABC,s0,logit,ABC_logit_stage2,0.11701919537612301
log_loss,first-cal,C,3,2,ABC,s0,logit,ABC_logit_stage2,0.4095067314301075
precision,first-cal,C,3,2,ABC,s0,logit,ABC_logit_stage2,0.034999999999999996
recall,first-cal,C,3,2,ABC,s0,logit,ABC_logit_stage2,0.0075000000000000015
f1,first-cal,C,3,2,ABC,s0,logit,ABC_logit_stage2,0.012333333333333332
specificity,first-cal,C,3,2,ABC,s0,logit,ABC_logit_stage2,0.9925977653631286
balanced_accuracy,first-cal,C,3,2,ABC,s0,logit,ABC_logit_stage2,0.5000488826815642
mcc,first-cal,C,3,2,ABC,s0,logit,ABC_logit_stage2,-0.003009967171945672
map,first-cal,C,3,2,ABC,s0,logit,ABC_logit_stage2,0.1611744140471509
mrr,first-cal,C,3,2,ABC,s0,logit,ABC_logit_stage2,0.1808810392706376
recall_at_1,first-cal,C,3,2,ABC,s0,logit,ABC_logit_stage2,0.03839285714285713
recall_at_3,first-cal,C,3,2,ABC,s0,logit,ABC_logit_stage2,0.1125
recall_at_5,first-cal,C,3,2,ABC,s0,logit,ABC_logit_stage2,0.18928571428571433
recall_at_10,first-cal,C,3,2,ABC,s0,logit,ABC_logit_stage2,0.38125
ndcg_at_1,first-cal,C,3,2,ABC,s0,logit,ABC_logit_stage2,0.05535714285714285
ndcg_at_3,first-cal,C,3,2,ABC,s0,logit,ABC_logit_stage2,0.0883294437100982
ndcg_at_5,first-cal,C,3,2,ABC,s0,logit,ABC_logit_stage2,0.12340754309838746
ndcg_at_10,first-cal,C,3,2,ABC,s0,logit,ABC_logit_stage2,0.19002980014123383
average_precision,raw,C,3,3,ABC,s0,logit,ABC_logit_stage3,0.06697832396445093
trapezoidal_pr_auc,raw,C,3,3,ABC,s0,logit,ABC_logit_stage3,0.058154186777340744
roc_auc,raw,C,3,3,ABC,s0,logit,ABC_logit_stage3,0.49958798882681565
recall_at_fpr_1pct,raw,C,3,3,ABC,s0,logit,ABC_logit_stage3,0.025
brier,raw,C,3,3,ABC,s0,logit,ABC_logit_stage3,0.11373915111201298
log_loss,raw,C,3,3,ABC,s0,logit,ABC_logit_stage3,0.40058598896107095
precision,raw,C,3,3,ABC,s0,logit,ABC_logit_stage3,0.0838095238095238
recall,raw,C,3,3,ABC,s0,logit,ABC_logit_stage3,0.017499999999999998
f1,raw,C,3,3,ABC,s0,logit,ABC_logit_stage3,0.02871819645732689
specificity,raw,C,3,3,ABC,s0,logit,ABC_logit_stage3,0.9905027932960895
balanced_accuracy,raw,C,3,3,ABC,s0,logit,ABC_logit_stage3,0.5040013966480448
mcc,raw,C,3,3,ABC,s0,logit,ABC_logit_stage3,0.016213989889260767
map,raw,C,3,3,ABC,s0,logit,ABC_logit_stage3,0.1614552886294342
mrr,raw,C,3,3,ABC,s0,logit,ABC_logit_stage3,0.17955633728441547
recall_at_1,raw,C,3,3,ABC,s0,logit,ABC_logit_stage3,0.04107142857142857
recall_at_3,raw,C,3,3,ABC,s0,logit,ABC_logit_stage3,0.10803571428571428
recall_at_5,raw,C,3,3,ABC,s0,logit,ABC_logit_stage3,0.1839285714285714
recall_at_10,raw,C,3,3,ABC,s0,logit,ABC_logit_stage3,0.3821428571428571
ndcg_at_1,raw,C,3,3,ABC,s0,logit,ABC_logit_stage3,0.05892857142857142
ndcg_at_3,raw,C,3,3,ABC,s0,logit,ABC_logit_stage3,0.08619350881132029
ndcg_at_5,raw,C,3,3,ABC,s0,logit,ABC_logit_stage3,0.12092629755330522
ndcg_at_10,raw,C,3,3,ABC,s0,logit,ABC_logit_stage3,0.19023233825730498
average_precision,stage-cal,C,3,3,ABC,s0,logit,ABC_logit_stage3,0.06697832396445093
trapezoidal_pr_auc,stage-cal,C,3,3,ABC,s0,logit,ABC_logit_stage3,0.058154186777340744
roc_auc,stage-cal,C,3,3,ABC,s0,logit,ABC_logit_stage3,0.49958798882681565
recall_at_fpr_1pct,stage-cal,C,3,3,ABC,s0,logit,ABC_logit_stage3,0.025
brier,stage-cal,C,3,3,ABC,s0,logit,ABC_logit_stage3,0.15027225902294059
log_loss,stage-cal,C,3,3,ABC,s0,logit,ABC_logit_stage3,0.48587372515286065
precision,stage-cal,C,3,3,ABC,s0,logit,ABC_logit_stage3,0.06430717158658335
recall,stage-cal,C,3,3,ABC,s0,logit,ABC_logit_stage3,0.0325
f1,stage-cal,C,3,3,ABC,s0,logit,ABC_logit_stage3,0.04259956078414496
specificity,stage-cal,C,3,3,ABC,s0,logit,ABC_logit_stage3,0.9738826815642458
balanced_accuracy,stage-cal,C,3,3,ABC,s0,logit,ABC_logit_stage3,0.5031913407821229
mcc,stage-cal,C,3,3,ABC,s0,logit,ABC_logit_stage3,0.008735027429506803
map,stage-cal,C,3,3,ABC,s0,logit,ABC_logit_stage3,0.1614552886294342
mrr,stage-cal,C,3,3,ABC,s0,logit,ABC_logit_stage3,0.17955633728441547
recall_at_1,stage-cal,C,3,3,ABC,s0,logit,ABC_logit_stage3,0.04107142857142857
recall_at_3,stage-cal,C,3,3,ABC,s0,logit,ABC_logit_stage3,0.10803571428571428
recall_at_5,stage-cal,C,3,3,ABC,s0,logit,ABC_logit_stage3,0.1839285714285714
recall_at_10,stage-cal,C,3,3,ABC,s0,logit,ABC_logit_stage3,0.3821428571428571
ndcg_at_1,stage-cal,C,3,3,ABC,s0,logit,ABC_logit_stage3,0.05892857142857142
ndcg_at_3,stage-cal,C,3,3,ABC,s0,logit,ABC_logit_stage3,0.08619350881132029
ndcg_at_5,stage-cal,C,3,3,ABC,s0,logit,ABC_logit_stage3,0.12092629755330522
ndcg_at_10,stage-cal,C,3,3,ABC,s0,logit,ABC_logit_stage3,0.19023233825730498
average_precision,first-cal,C,3,3,ABC,s0,logit,ABC_logit_stage3,0.06697832396445093
trapezoidal_pr_auc,first-cal,C,3,3,ABC,s0,logit,ABC_logit_stage3,0.058154186777340744
roc_auc,first-cal,C,3,3,ABC,s0,logit,ABC_logit_stage3,0.49958798882681565
recall_at_fpr_1pct,first-cal,C,3,3,ABC,s0,logit,ABC_logit_stage3,0.025
brier,first-cal,C,3,3,ABC,s0,logit,ABC_logit_stage3,0.1183398309738212
log_loss,first-cal,C,3,3,ABC,s0,logit,ABC_logit_stage3,0.412619814116431
precision,first-cal,C,3,3,ABC,s0,logit,ABC_logit_stage3,0.07249999999999998
recall,first-cal,C,3,3,ABC,s0,logit,ABC_logit_stage3,0.0125
f1,first-cal,C,3,3,ABC,s0,logit,ABC_logit_stage3,0.021210144927536232
specificity,first-cal,C,3,3,ABC,s0,logit,ABC_logit_stage3,0.9923184357541899
balanced_accuracy,first-cal,C,3,3,ABC,s0,logit,ABC_logit_stage3,0.5024092178770949
mcc,first-cal,C,3,3,ABC,s0,logit,ABC_logit_stage3,0.010347978288175907
map,first-cal,C,3,3,ABC,s0,logit,ABC_logit_stage3,0.1614552886294342
mrr,first-cal,C,3,3,ABC,s0,logit,ABC_logit_stage3,0.17955633728441547
recall_at_1,first-cal,C,3,3,ABC,s0,logit,ABC_logit_stage3,0.04107142857142857
recall_at_3,first-cal,C,3,3,ABC,s0,logit,ABC_logit_stage3,0.10803571428571428
recall_at_5,first-cal,C,3,3,ABC,s0,logit,ABC_logit_stage3,0.1839285714285714
recall_at_10,first-cal,C,3,3,ABC,s0,logit,ABC_logit_stage3,0.3821428571428571
ndcg_at_1,first-cal,C,3,3,ABC,s0,logit,ABC_logit_stage3,0.05892857142857142
ndcg_at_3,first-cal,C,3,3,ABC,s0,logit,ABC_logit_stage3,0.08619350881132029
ndcg_at_5,first-cal,C,3,3,ABC,s0,logit,ABC_logit_stage3,0.12092629755330522
ndcg_at_10,first-cal,C,3,3,ABC,s0,logit,ABC_logit_stage3,0.19023233825730498
average_precision,raw,B,1,0,BCA,s0,initial,initial,0.06973270682590071
trapezoidal_pr_auc,raw,B,1,0,BCA,s0,initial,initial,0.0629623916026665
roc_auc,raw,B,1,0,BCA,s0,initial,initial,0.4887569832402233
recall_at_fpr_1pct,raw,B,1,0,BCA,s0,initial,initial,0.0175
brier,raw,B,1,0,BCA,s0,initial,initial,0.10634549306791996
log_loss,raw,B,1,0,BCA,s0,initial,initial,0.3827528602689398
precision,raw,B,1,0,BCA,s0,initial,initial,0.09166666666666666
recall,raw,B,1,0,BCA,s0,initial,initial,0.0075000000000000015
f1,raw,B,1,0,BCA,s0,initial,initial,0.013655185394315827
specificity,raw,B,1,0,BCA,s0,initial,initial,0.9924581005586592
balanced_accuracy,raw,B,1,0,BCA,s0,initial,initial,0.4999790502793295
mcc,raw,B,1,0,BCA,s0,initial,initial,0.006334742954734687
map,raw,B,1,0,BCA,s0,initial,initial,0.15873670535911447
mrr,raw,B,1,0,BCA,s0,initial,initial,0.18010881075013613
recall_at_1,raw,B,1,0,BCA,s0,initial,initial,0.04642857142857143
recall_at_3,raw,B,1,0,BCA,s0,initial,initial,0.10982142857142856
recall_at_5,raw,B,1,0,BCA,s0,initial,initial,0.1732142857142857
recall_at_10,raw,B,1,0,BCA,s0,initial,initial,0.3517857142857143
ndcg_at_1,raw,B,1,0,BCA,s0,initial,initial,0.06428571428571428
ndcg_at_3,raw,B,1,0,BCA,s0,initial,initial,0.08971679751120011
ndcg_at_5,raw,B,1,0,BCA,s0,initial,initial,0.11813044886555987
ndcg_at_10,raw,B,1,0,BCA,s0,initial,initial,0.1800613639256894
average_precision,raw,B,1,1,BCA,s0,frozen,BCA_shared,0.06927362547617429
trapezoidal_pr_auc,raw,B,1,1,BCA,s0,frozen,BCA_shared,0.06270960383497023
roc_auc,raw,B,1,1,BCA,s0,frozen,BCA_shared,0.4889385474860335
recall_at_fpr_1pct,raw,B,1,1,BCA,s0,frozen,BCA_shared,0.015000000000000003
brier,raw,B,1,1,BCA,s0,frozen,BCA_shared,0.11515641916228044
log_loss,raw,B,1,1,BCA,s0,frozen,BCA_shared,0.403871294381699
precision,raw,B,1,1,BCA,s0,frozen,BCA_shared,0.08333333333333334
recall,raw,B,1,1,BCA,s0,frozen,BCA_shared,0.01
f1,raw,B,1,1,BCA,s0,frozen,BCA_shared,0.016941391941391944
specificity,raw,B,1,1,BCA,s0,frozen,BCA_shared,0.9872905027932962
balanced_accuracy,raw,B,1,1,BCA,s0,frozen,BCA_shared,0.49864525139664817
mcc,raw,B,1,1,BCA,s0,frozen,BCA_shared,0.0018986773727321295
map,raw,B,1,1,BCA,s0,frozen,BCA_shared,0.15702125529918065
mrr,raw,B,1,1,BCA,s0,frozen,BCA_shared,0.17695690907515224
recall_at_1,raw,B,1,1,BCA,s0,frozen,BCA_shared,0.04196428571428572
recall_at_3,raw,B,1,1,BCA,s0,frozen,BCA_shared,0.10625
recall_at_5,raw,B,1,1,BCA,s0,frozen,BCA_shared,0.17232142857142857
recall_at_10,raw,B,1,1,BCA,s0,frozen,BCA_shared,0.3642857142857142
ndcg_at_1,raw,B,1,1,BCA,s0,frozen,BCA_shared,0.05714285714285714
ndcg_at_3,raw,B,1,1,BCA,s0,frozen,BCA_shared,0.0862935409943254
ndcg_at_5,raw,B,1,1,BCA,s0,frozen,BCA_shared,0.11627835640117709
ndcg_at_10,raw,B,1,1,BCA,s0,frozen,BCA_shared,0.18245463261866973
average_precision,stage-cal,B,1,1,BCA,s0,frozen,BCA_shared,0.06927362547617429
trapezoidal_pr_auc,stage-cal,B,1,1,BCA,s0,frozen,BCA_shared,0.06270960383497023
roc_auc,stage-cal,B,1,1,BCA,s0,frozen,BCA_shared,0.4889385474860335
recall_at_fpr_1pct,stage-cal,B,1,1,BCA,s0,frozen,BCA_shared,0.015000000000000003
brier,stage-cal,B,1,1,BCA,s0,frozen,BCA_shared,0.15170119954538924
log_loss,stage-cal,B,1,1,BCA,s0,frozen,BCA_shared,0.48895351823854377
precision,stage-cal,B,1,1,BCA,s0,frozen,BCA_shared,0.0661951447245565
recall,stage-cal,B,1,1,BCA,s0,frozen,BCA_shared,0.0325
f1,stage-cal,B,1,1,BCA,s0,frozen,BCA_shared,0.04205303593944568
specificity,stage-cal,B,1,1,BCA,s0,frozen,BCA_shared,0.9705307262569832
balanced_accuracy,stage-cal,B,1,1,BCA,s0,frozen,BCA_shared,0.5015153631284918
mcc,stage-cal,B,1,1,BCA,s0,frozen,BCA_shared,0.006482217171759614
map,stage-cal,B,1,1,BCA,s0,frozen,BCA_shared,0.15702125529918065
mrr,stage-cal,B,1,1,BCA,s0,frozen,BCA_shared,0.17695690907515224
recall_at_1,stage-cal,B,1,1,BCA,s0,frozen,BCA_shared,0.04196428571428572
recall_at_3,stage-cal,B,1,1,BCA,s0,frozen,BCA_shared,0.10625
recall_at_5,stage-cal,B,1,1,BCA,s0,frozen,BCA_shared,0.17232142857142857
recall_at_10,stage-cal,B,1,1,BCA,s0,frozen,BCA_shared,0.3642857142857142
ndcg_at_1,stage-cal,B,1,1,BCA,s0,frozen,BCA_shared,0.05714285714285714
ndcg_at_3,stage-cal,B,1,1,BCA,s0,frozen,BCA_shared,0.0862935409943254
ndcg_at_5,stage-cal,B,1,1,BCA,s0,frozen,BCA_shared,0.11627835640117709
ndcg_at_10,stage-cal,B,1,1,BCA,s0,frozen,BCA_shared,0.18245463261866973
average_precision,first-cal,B,1,1,BCA,s0,frozen,BCA_shared,0.06927362547617429
trapezoidal_pr_auc,first-cal,B,1,1,BCA,s0,frozen,BCA_shared,0.06270960383497023
roc_auc,first-cal,B,1,1,BCA,s0,frozen,BCA_shared,0.4889385474860335
recall_at_fpr_1pct,first-cal,B,1,1,BCA,s0,frozen,BCA_shared,0.015000000000000003
brier,first-cal,B,1,1,BCA,s0,frozen,BCA_shared,0.11968129373124319
log_loss,first-cal,B,1,1,BCA,s0,frozen,BCA_shared,0.4156939491750823
precision,first-cal,B,1,1,BCA,s0,frozen,BCA_shared,0.09333333333333334
recall,first-cal,B,1,1,BCA,s0,frozen,BCA_shared,0.01
f1,first-cal,B,1,1,BCA,s0,frozen,BCA_shared,0.017457556935817804
specificity,first-cal,B,1,1,BCA,s0,frozen,BCA_shared,0.989245810055866
balanced_accuracy,first-cal,B,1,1,BCA,s0,frozen,BCA_shared,0.4996229050279329
mcc,first-cal,B,1,1,BCA,s0,frozen,BCA_shared,0.006082159821198842
map,first-cal,B,1,1,BCA,s0,frozen,BCA_shared,0.15702125529918065
mrr,first-cal,B,1,1,BCA,s0,frozen,BCA_shared,0.17695690907515224
recall_at_1,first-cal,B,1,1,BCA,s0,frozen,BCA_shared,0.04196428571428572
recall_at_3,first-cal,B,1,1,BCA,s0,frozen,BCA_shared,0.10625
recall_at_5,first-cal,B,1,1,BCA,s0,frozen,BCA_shared,0.17232142857142857
recall_at_10,first-cal,B,1,1,BCA,s0,frozen,BCA_shared,0.3642857142857142
ndcg_at_1,first-cal,B,1,1,BCA,s0,frozen,BCA_shared,0.05714285714285714
ndcg_at_3,first-cal,B,1,1,BCA,s0,frozen,BCA_shared,0.0862935409943254
ndcg_at_5,first-cal,B,1,1,BCA,s0,frozen,BCA_shared,0.11627835640117709
ndcg_at_10,first-cal,B,1,1,BCA,s0,frozen,BCA_shared,0.18245463261866973
average_precision,raw,B,1,2,BCA,s0,frozen,BCA_shared,0.06927362547617429
trapezoidal_pr_auc,raw,B,1,2,BCA,s0,frozen,BCA_shared,0.06270960383497023
roc_auc,raw,B,1,2,BCA,s0,frozen,BCA_shared,0.4889385474860335
recall_at_fpr_1pct,raw,B,1,2,BCA,s0,frozen,BCA_shared,0.015000000000000003
brier,raw,B,1,2,BCA,s0,frozen,BCA_shared,0.11515641916228044
log_loss,raw,B,1,2,BCA,s0,frozen,BCA_shared,0.403871294381699
precision,raw,B,1,2,BCA,s0,frozen,BCA_shared,0.08333333333333334
recall,raw,B,1,2,BCA,s0,frozen,BCA_shared,0.01
f1,raw,B,1,2,BCA,s0,frozen,BCA_shared,0.016941391941391944
specificity,raw,B,1,2,BCA,s0,frozen,BCA_shared,0.9872905027932962
balanced_accuracy,raw,B,1,2,BCA,s0,frozen,BCA_shared,0.49864525139664817
mcc,raw,B,1,2,BCA,s0,frozen,BCA_shared,0.0018986773727321295
map,raw,B,1,2,BCA,s0,frozen,BCA_shared,0.15702125529918065
mrr,raw,B,1,2,BCA,s0,frozen,BCA_shared,0.17695690907515224
recall_at_1,raw,B,1,2,BCA,s0,frozen,BCA_shared,0.04196428571428572
recall_at_3,raw,B,1,2,BCA,s0,frozen,BCA_shared,0.10625
recall_at_5,raw,B,1,2,BCA,s0,frozen,BCA_shared,0.17232142857142857
recall_at_10,raw,B,1,2,BCA,s0,frozen,BCA_shared,0.3642857142857142
ndcg_at_1,raw,B,1,2,BCA,s0,frozen,BCA_shared,0.05714285714285714
ndcg_at_3,raw,B,1,2,BCA,s0,frozen,BCA_shared,0.0862935409943254
ndcg_at_5,raw,B,1,2,BCA,s0,frozen,BCA_shared,0.11627835640117709
ndcg_at_10,raw,B,1,2,BCA,s0,frozen,BCA_shared,0.18245463261866973
average_precision,stage-cal,B,1,2,BCA,s0,frozen,BCA_shared,0.06927362547617429
trapezoidal_pr_auc,stage-cal,B,1,2,BCA,s0,frozen,BCA_shared,0.06270960383497023
roc_auc,stage-cal,B,1,2,BCA,s0,frozen,BCA_shared,0.4889385474860335
recall_at_fpr_1pct,stage-cal,B,1,2,BCA,s0,frozen,BCA_shared,0.015000000000000003
brier,stage-cal,B,1,2,BCA,s0,frozen,BCA_shared,0.15170119954538924
log_loss,stage-cal,B,1,2,BCA,s0,frozen,BCA_shared,0.48895351823854377
precision,stage-cal,B,1,2,BCA,s0,frozen,BCA_shared,0.0661951447245565
recall,stage-cal,B,1,2,BCA,s0,frozen,BCA_shared,0.0325
f1,stage-cal,B,1,2,BCA,s0,frozen,BCA_shared,0.04205303593944568
specificity,stage-cal,B,1,2,BCA,s0,frozen,BCA_shared,0.9705307262569832
balanced_accuracy,stage-cal,B,1,2,BCA,s0,frozen,BCA_shared,0.5015153631284918
mcc,stage-cal,B,1,2,BCA,s0,frozen,BCA_shared,0.006482217171759614
map,stage-cal,B,1,2,BCA,s0,frozen,BCA_shared,0.15702125529918065
mrr,stage-cal,B,1,2,BCA,s0,frozen,BCA_shared,0.17695690907515224
recall_at_1,stage-cal,B,1,2,BCA,s0,frozen,BCA_shared,0.04196428571428572
recall_at_3,stage-cal,B,1,2,BCA,s0,frozen,BCA_shared,0.10625
recall_at_5,stage-cal,B,1,2,BCA,s0,frozen,BCA_shared,0.17232142857142857
recall_at_10,stage-cal,B,1,2,BCA,s0,frozen,BCA_shared,0.3642857142857142
ndcg_at_1,stage-cal,B,1,2,BCA,s0,frozen,BCA_shared,0.05714285714285714
ndcg_at_3,stage-cal,B,1,2,BCA,s0,frozen,BCA_shared,0.0862935409943254
ndcg_at_5,stage-cal,B,1,2,BCA,s0,frozen,BCA_shared,0.11627835640117709
ndcg_at_10,stage-cal,B,1,2,BCA,s0,frozen,BCA_shared,0.18245463261866973
average_precision,first-cal,B,1,2,BCA,s0,frozen,BCA_shared,0.06927362547617429
trapezoidal_pr_auc,first-cal,B,1,2,BCA,s0,frozen,BCA_shared,0.06270960383497023
roc_auc,first-cal,B,1,2,BCA,s0,frozen,BCA_shared,0.4889385474860335
recall_at_fpr_1pct,first-cal,B,1,2,BCA,s0,frozen,BCA_shared,0.015000000000000003
brier,first-cal,B,1,2,BCA,s0,frozen,BCA_shared,0.11968129373124319
log_loss,first-cal,B,1,2,BCA,s0,frozen,BCA_shared,0.4156939491750823
precision,first-cal,B,1,2,BCA,s0,frozen,BCA_shared,0.09333333333333334
recall,first-cal,B,1,2,BCA,s0,frozen,BCA_shared,0.01
f1,first-cal,B,1,2,BCA,s0,frozen,BCA_shared,0.017457556935817804
specificity,first-cal,B,1,2,BCA,s0,frozen,BCA_shared,0.989245810055866
balanced_accuracy,first-cal,B,1,2,BCA,s0,frozen,BCA_shared,0.4996229050279329
mcc,first-cal,B,1,2,BCA,s0,frozen,BCA_shared,0.006082159821198842
map,first-cal,B,1,2,BCA,s0,frozen,BCA_shared,0.15702125529918065
mrr,first-cal,B,1,2,BCA,s0,frozen,BCA_shared,0.17695690907515224
recall_at_1,first-cal,B,1,2,BCA,s0,frozen,BCA_shared,0.04196428571428572
recall_at_3,first-cal,B,1,2,BCA,s0,frozen,BCA_shared,0.10625
recall_at_5,first-cal,B,1,2,BCA,s0,frozen,BCA_shared,0.17232142857142857
recall_at_10,first-cal,B,1,2,BCA,s0,frozen,BCA_shared,0.3642857142857142
ndcg_at_1,first-cal,B,1,2,BCA,s0,frozen,BCA_shared,0.05714285714285714
ndcg_at_3,first-cal,B,1,2,BCA,s0,frozen,BCA_shared,0.0862935409943254
ndcg_at_5,first-cal,B,1,2,BCA,s0,frozen,BCA_shared,0.11627835640117709
ndcg_at_10,first-cal,B,1,2,BCA,s0,frozen,BCA_shared,0.18245463261866973
average_precision,raw,B,1,3,BCA,s0,frozen,BCA_shared,0.06927362547617429
trapezoidal_pr_auc,raw,B,1,3,BCA,s0,frozen,BCA_shared,0.06270960383497023
roc_auc,raw,B,1,3,BCA,s0,frozen,BCA_shared,0.4889385474860335
recall_at_fpr_1pct,raw,B,1,3,BCA,s0,frozen,BCA_shared,0.015000000000000003
brier,raw,B,1,3,BCA,s0,frozen,BCA_shared,0.11515641916228044
log_loss,raw,B,1,3,BCA,s0,frozen,BCA_shared,0.403871294381699
precision,raw,B,1,3,BCA,s0,frozen,BCA_shared,0.08333333333333334
recall,raw,B,1,3,BCA,s0,frozen,BCA_shared,0.01
f1,raw,B,1,3,BCA,s0,frozen,BCA_shared,0.016941391941391944
specificity,raw,B,1,3,BCA,s0,frozen,BCA_shared,0.9872905027932962
balanced_accuracy,raw,B,1,3,BCA,s0,frozen,BCA_shared,0.49864525139664817
mcc,raw,B,1,3,BCA,s0,frozen,BCA_shared,0.0018986773727321295
map,raw,B,1,3,BCA,s0,frozen,BCA_shared,0.15702125529918065
mrr,raw,B,1,3,BCA,s0,frozen,BCA_shared,0.17695690907515224
recall_at_1,raw,B,1,3,BCA,s0,frozen,BCA_shared,0.04196428571428572
recall_at_3,raw,B,1,3,BCA,s0,frozen,BCA_shared,0.10625
recall_at_5,raw,B,1,3,BCA,s0,frozen,BCA_shared,0.17232142857142857
recall_at_10,raw,B,1,3,BCA,s0,frozen,BCA_shared,0.3642857142857142
ndcg_at_1,raw,B,1,3,BCA,s0,frozen,BCA_shared,0.05714285714285714
ndcg_at_3,raw,B,1,3,BCA,s0,frozen,BCA_shared,0.0862935409943254
ndcg_at_5,raw,B,1,3,BCA,s0,frozen,BCA_shared,0.11627835640117709
ndcg_at_10,raw,B,1,3,BCA,s0,frozen,BCA_shared,0.18245463261866973
average_precision,stage-cal,B,1,3,BCA,s0,frozen,BCA_shared,0.06927362547617429
trapezoidal_pr_auc,stage-cal,B,1,3,BCA,s0,frozen,BCA_shared,0.06270960383497023
roc_auc,stage-cal,B,1,3,BCA,s0,frozen,BCA_shared,0.4889385474860335
recall_at_fpr_1pct,stage-cal,B,1,3,BCA,s0,frozen,BCA_shared,0.015000000000000003
brier,stage-cal,B,1,3,BCA,s0,frozen,BCA_shared,0.15170119954538924
log_loss,stage-cal,B,1,3,BCA,s0,frozen,BCA_shared,0.48895351823854377
precision,stage-cal,B,1,3,BCA,s0,frozen,BCA_shared,0.0661951447245565
recall,stage-cal,B,1,3,BCA,s0,frozen,BCA_shared,0.0325
f1,stage-cal,B,1,3,BCA,s0,frozen,BCA_shared,0.04205303593944568
specificity,stage-cal,B,1,3,BCA,s0,frozen,BCA_shared,0.9705307262569832
balanced_accuracy,stage-cal,B,1,3,BCA,s0,frozen,BCA_shared,0.5015153631284918
mcc,stage-cal,B,1,3,BCA,s0,frozen,BCA_shared,0.006482217171759614
map,stage-cal,B,1,3,BCA,s0,frozen,BCA_shared,0.15702125529918065
mrr,stage-cal,B,1,3,BCA,s0,frozen,BCA_shared,0.17695690907515224
recall_at_1,stage-cal,B,1,3,BCA,s0,frozen,BCA_shared,0.04196428571428572
recall_at_3,stage-cal,B,1,3,BCA,s0,frozen,BCA_shared,0.10625
recall_at_5,stage-cal,B,1,3,BCA,s0,frozen,BCA_shared,0.17232142857142857
recall_at_10,stage-cal,B,1,3,BCA,s0,frozen,BCA_shared,0.3642857142857142
ndcg_at_1,stage-cal,B,1,3,BCA,s0,frozen,BCA_shared,0.05714285714285714
ndcg_at_3,stage-cal,B,1,3,BCA,s0,frozen,BCA_shared,0.0862935409943254
ndcg_at_5,stage-cal,B,1,3,BCA,s0,frozen,BCA_shared,0.11627835640117709
ndcg_at_10,stage-cal,B,1,3,BCA,s0,frozen,BCA_shared,0.18245463261866973
average_precision,first-cal,B,1,3,BCA,s0,frozen,BCA_shared,0.06927362547617429
trapezoidal_pr_auc,first-cal,B,1,3,BCA,s0,frozen,BCA_shared,0.06270960383497023
roc_auc,first-cal,B,1,3,BCA,s0,frozen,BCA_shared,0.4889385474860335
recall_at_fpr_1pct,first-cal,B,1,3,BCA,s0,frozen,BCA_shared,0.015000000000000003
brier,first-cal,B,1,3,BCA,s0,frozen,BCA_shared,0.11968129373124319
log_loss,first-cal,B,1,3,BCA,s0,frozen,BCA_shared,0.4156939491750823
precision,first-cal,B,1,3,BCA,s0,frozen,BCA_shared,0.09333333333333334
recall,first-cal,B,1,3,BCA,s0,frozen,BCA_shared,0.01
f1,first-cal,B,1,3,BCA,s0,frozen,BCA_shared,0.017457556935817804
specificity,first-cal,B,1,3,BCA,s0,frozen,BCA_shared,0.989245810055866
balanced_accuracy,first-cal,B,1,3,BCA,s0,frozen,BCA_shared,0.4996229050279329
mcc,first-cal,B,1,3,BCA,s0,frozen,BCA_shared,0.006082159821198842
map,first-cal,B,1,3,BCA,s0,frozen,BCA_shared,0.15702125529918065
mrr,first-cal,B,1,3,BCA,s0,frozen,BCA_shared,0.17695690907515224
recall_at_1,first-cal,B,1,3,BCA,s0,frozen,BCA_shared,0.04196428571428572
recall_at_3,first-cal,B,1,3,BCA,s0,frozen,BCA_shared,0.10625
recall_at_5,first-cal,B,1,3,BCA,s0,frozen,BCA_shared,0.17232142857142857
recall_at_10,first-cal,B,1,3,BCA,s0,frozen,BCA_shared,0.3642857142857142
ndcg_at_1,first-cal,B,1,3,BCA,s0,frozen,BCA_shared,0.05714285714285714
ndcg_at_3,first-cal,B,1,3,BCA,s0,frozen,BCA_shared,0.0862935409943254
ndcg_at_5,first-cal,B,1,3,BCA,s0,frozen,BCA_shared,0.11627835640117709
ndcg_at_10,first-cal,B,1,3,BCA,s0,frozen,BCA_shared,0.18245463261866973
average_precision,raw,B,1,1,BCA,s0,seq,BCA_shared,0.06927362547617429
trapezoidal_pr_auc,raw,B,1,1,BCA,s0,seq,BCA_shared,0.06270960383497023
roc_auc,raw,B,1,1,BCA,s0,seq,BCA_shared,0.4889385474860335
recall_at_fpr_1pct,raw,B,1,1,BCA,s0,seq,BCA_shared,0.015000000000000003
brier,raw,B,1,1,BCA,s0,seq,BCA_shared,0.11515641916228044
log_loss,raw,B,1,1,BCA,s0,seq,BCA_shared,0.403871294381699
precision,raw,B,1,1,BCA,s0,seq,BCA_shared,0.08333333333333334
recall,raw,B,1,1,BCA,s0,seq,BCA_shared,0.01
f1,raw,B,1,1,BCA,s0,seq,BCA_shared,0.016941391941391944
specificity,raw,B,1,1,BCA,s0,seq,BCA_shared,0.9872905027932962
balanced_accuracy,raw,B,1,1,BCA,s0,seq,BCA_shared,0.49864525139664817
mcc,raw,B,1,1,BCA,s0,seq,BCA_shared,0.0018986773727321295
map,raw,B,1,1,BCA,s0,seq,BCA_shared,0.15702125529918065
mrr,raw,B,1,1,BCA,s0,seq,BCA_shared,0.17695690907515224
recall_at_1,raw,B,1,1,BCA,s0,seq,BCA_shared,0.04196428571428572
recall_at_3,raw,B,1,1,BCA,s0,seq,BCA_shared,0.10625
recall_at_5,raw,B,1,1,BCA,s0,seq,BCA_shared,0.17232142857142857
recall_at_10,raw,B,1,1,BCA,s0,seq,BCA_shared,0.3642857142857142
ndcg_at_1,raw,B,1,1,BCA,s0,seq,BCA_shared,0.05714285714285714
ndcg_at_3,raw,B,1,1,BCA,s0,seq,BCA_shared,0.0862935409943254
ndcg_at_5,raw,B,1,1,BCA,s0,seq,BCA_shared,0.11627835640117709
ndcg_at_10,raw,B,1,1,BCA,s0,seq,BCA_shared,0.18245463261866973
average_precision,stage-cal,B,1,1,BCA,s0,seq,BCA_shared,0.06927362547617429
trapezoidal_pr_auc,stage-cal,B,1,1,BCA,s0,seq,BCA_shared,0.06270960383497023
roc_auc,stage-cal,B,1,1,BCA,s0,seq,BCA_shared,0.4889385474860335
recall_at_fpr_1pct,stage-cal,B,1,1,BCA,s0,seq,BCA_shared,0.015000000000000003
brier,stage-cal,B,1,1,BCA,s0,seq,BCA_shared,0.15170119954538924
log_loss,stage-cal,B,1,1,BCA,s0,seq,BCA_shared,0.48895351823854377
precision,stage-cal,B,1,1,BCA,s0,seq,BCA_shared,0.0661951447245565
recall,stage-cal,B,1,1,BCA,s0,seq,BCA_shared,0.0325
f1,stage-cal,B,1,1,BCA,s0,seq,BCA_shared,0.04205303593944568
specificity,stage-cal,B,1,1,BCA,s0,seq,BCA_shared,0.9705307262569832
balanced_accuracy,stage-cal,B,1,1,BCA,s0,seq,BCA_shared,0.5015153631284918
mcc,stage-cal,B,1,1,BCA,s0,seq,BCA_shared,0.006482217171759614
map,stage-cal,B,1,1,BCA,s0,seq,BCA_shared,0.15702125529918065
mrr,stage-cal,B,1,1,BCA,s0,seq,BCA_shared,0.17695690907515224
recall_at_1,stage-cal,B,1,1,BCA,s0,seq,BCA_shared,0.04196428571428572
recall_at_3,stage-cal,B,1,1,BCA,s0,seq,BCA_shared,0.10625
recall_at_5,stage-cal,B,1,1,BCA,s0,seq,BCA_shared,0.17232142857142857
recall_at_10,stage-cal,B,1,1,BCA,s0,seq,BCA_shared,0.3642857142857142
ndcg_at_1,stage-cal,B,1,1,BCA,s0,seq,BCA_shared,0.05714285714285714
ndcg_at_3,stage-cal,B,1,1,BCA,s0,seq,BCA_shared,0.0862935409943254
ndcg_at_5,stage-cal,B,1,1,BCA,s0,seq,BCA_shared,0.11627835640117709
ndcg_at_10,stage-cal,B,1,1,BCA,s0,seq,BCA_shared,0.18245463261866973
average_precision,first-cal,B,1,1,BCA,s0,seq,BCA_shared,0.06927362547617429
trapezoidal_pr_auc,first-cal,B,1,1,BCA,s0,seq,BCA_shared,0.06270960383497023
roc_auc,first-cal,B,1,1,BCA,s0,seq,BCA_shared,0.4889385474860335
recall_at_fpr_1pct,first-cal,B,1,1,BCA,s0,seq,BCA_shared,0.015000000000000003
brier,first-cal,B,1,1,BCA,s0,seq,BCA_shared,0.11968129373124319
log_loss,first-cal,B,1,1,BCA,s0,seq,BCA_shared,0.4156939491750823
precision,first-cal,B,1,1,BCA,s0,seq,BCA_shared,0.09333333333333334
recall,first-cal,B,1,1,BCA,s0,seq,BCA_shared,0.01
f1,first-cal,B,1,1,BCA,s0,seq,BCA_shared,0.017457556935817804
specificity,first-cal,B,1,1,BCA,s0,seq,BCA_shared,0.989245810055866
balanced_accuracy,first-cal,B,1,1,BCA,s0,seq,BCA_shared,0.4996229050279329
mcc,first-cal,B,1,1,BCA,s0,seq,BCA_shared,0.006082159821198842
map,first-cal,B,1,1,BCA,s0,seq,BCA_shared,0.15702125529918065
mrr,first-cal,B,1,1,BCA,s0,seq,BCA_shared,0.17695690907515224
recall_at_1,first-cal,B,1,1,BCA,s0,seq,BCA_shared,0.04196428571428572
recall_at_3,first-cal,B,1,1,BCA,s0,seq,BCA_shared,0.10625
recall_at_5,first-cal,B,1,1,BCA,s0,seq,BCA_shared,0.17232142857142857
recall_at_10,first-cal,B,1,1,BCA,s0,seq,BCA_shared,0.3642857142857142
ndcg_at_1,first-cal,B,1,1,BCA,s0,seq,BCA_shared,0.05714285714285714
ndcg_at_3,first-cal,B,1,1,BCA,s0,seq,BCA_shared,0.0862935409943254
ndcg_at_5,first-cal,B,1,1,BCA,s0,seq,BCA_shared,0.11627835640117709
ndcg_at_10,first-cal,B,1,1,BCA,s0,seq,BCA_shared,0.18245463261866973
average_precision,raw,B,1,2,BCA,s0,seq,BCA_seq_stage2,0.06922630119171044
trapezoidal_pr_auc,raw,B,1,2,BCA,s0,seq,BCA_seq_stage2,0.06246196497006472
roc_auc,raw,B,1,2,BCA,s0,seq,BCA_seq_stage2,0.4882472067039106
recall_at_fpr_1pct,raw,B,1,2,BCA,s0,seq,BCA_seq_stage2,0.0175
brier,raw,B,1,2,BCA,s0,seq,BCA_seq_stage2,0.11661124059006871
log_loss,raw,B,1,2,BCA,s0,seq,BCA_seq_stage2,0.4072920768610208
precision,raw,B,1,2,BCA,s0,seq,BCA_seq_stage2,0.10630952380952381
recall,raw,B,1,2,BCA,s0,seq,BCA_seq_stage2,0.015000000000000003
f1,raw,B,1,2,BCA,s0,seq,BCA_seq_stage2,0.024980101219231655
specificity,raw,B,1,2,BCA,s0,seq,BCA_seq_stage2,0.9871508379888269
balanced_accuracy,raw,B,1,2,BCA,s0,seq,BCA_seq_stage2,0.5010754189944133
mcc,raw,B,1,2,BCA,s0,seq,BCA_seq_stage2,0.01244858565417676
map,raw,B,1,2,BCA,s0,seq,BCA_seq_stage2,0.15629900411174746
mrr,raw,B,1,2,BCA,s0,seq,BCA_seq_stage2,0.17714596319454814
recall_at_1,raw,B,1,2,BCA,s0,seq,BCA_seq_stage2,0.04196428571428572
recall_at_3,raw,B,1,2,BCA,s0,seq,BCA_seq_stage2,0.10625
recall_at_5,raw,B,1,2,BCA,s0,seq,BCA_seq_stage2,0.17142857142857143
recall_at_10,raw,B,1,2,BCA,s0,seq,BCA_seq_stage2,0.35178571428571426
ndcg_at_1,raw,B,1,2,BCA,s0,seq,BCA_seq_stage2,0.06071428571428571
ndcg_at_3,raw,B,1,2,BCA,s0,seq,BCA_seq_stage2,0.08586925828222904
ndcg_at_5,raw,B,1,2,BCA,s0,seq,BCA_seq_stage2,0.11566508914689075
ndcg_at_10,raw,B,1,2,BCA,s0,seq,BCA_seq_stage2,0.1782782777674706
average_precision,stage-cal,B,1,2,BCA,s0,seq,BCA_seq_stage2,0.06922630119171044
trapezoidal_pr_auc,stage-cal,B,1,2,BCA,s0,seq,BCA_seq_stage2,0.06246196497006472
roc_auc,stage-cal,B,1,2,BCA,s0,seq,BCA_seq_stage2,0.4882472067039106
recall_at_fpr_1pct,stage-cal,B,1,2,BCA,s0,seq,BCA_seq_stage2,0.0175
brier,stage-cal,B,1,2,BCA,s0,seq,BCA_seq_stage2,0.15322240046708996
log_loss,stage-cal,B,1,2,BCA,s0,seq,BCA_seq_stage2,0.49224496398367534
precision,stage-cal,B,1,2,BCA,s0,seq,BCA_seq_stage2,0.07044764875647228
recall,stage-cal,B,1,2,BCA,s0,seq,BCA_seq_stage2,0.04000000000000001
f1,stage-cal,B,1,2,BCA,s0,seq,BCA_seq_stage2,0.04953268194236758
specificity,stage-cal,B,1,2,BCA,s0,seq,BCA_seq_stage2,0.9677374301675977
balanced_accuracy,stage-cal,B,1,2,BCA,s0,seq,BCA_seq_stage2,0.5038687150837988
mcc,stage-cal,B,1,2,BCA,s0,seq,BCA_seq_stage2,0.011603106056450554
map,stage-cal,B,1,2,BCA,s0,seq,BCA_seq_stage2,0.15629900411174746
mrr,stage-cal,B,1,2,BCA,s0,seq,BCA_seq_stage2,0.17714596319454814
recall_at_1,stage-cal,B,1,2,BCA,s0,seq,BCA_seq_stage2,0.04196428571428572
recall_at_3,stage-cal,B,1,2,BCA,s0,seq,BCA_seq_stage2,0.10625
recall_at_5,stage-cal,B,1,2,BCA,s0,seq,BCA_seq_stage2,0.17142857142857143
recall_at_10,stage-cal,B,1,2,BCA,s0,seq,BCA_seq_stage2,0.35178571428571426
ndcg_at_1,stage-cal,B,1,2,BCA,s0,seq,BCA_seq_stage2,0.06071428571428571
ndcg_at_3,stage-cal,B,1,2,BCA,s0,seq,BCA_seq_stage2,0.08586925828222904
ndcg_at_5,stage-cal,B,1,2,BCA,s0,seq,BCA_seq_stage2,0.11566508914689075
ndcg_at_10,stage-cal,B,1,2,BCA,s0,seq,BCA_seq_stage2,0.1782782777674706
average_precision,first-cal,B,1,2,BCA,s0,seq,BCA_seq_stage2,0.06922630119171044
trapezoidal_pr_auc,first-cal,B,1,2,BCA,s0,seq,BCA_seq_stage2,0.06246196497006472
roc_auc,first-cal,B,1,2,BCA,s0,seq,BCA_seq_stage2,0.4882472067039106
recall_at_fpr_1pct,first-cal,B,1,2,BCA,s0,seq,BCA_seq_stage2,0.0175
brier,first-cal,B,1,2,BCA,s0,seq,BCA_seq_stage2,0.12106809207568896
log_loss,first-cal,B,1,2,BCA,s0,seq,BCA_seq_stage2,0.4189097344083967
precision,first-cal,B,1,2,BCA,s0,seq,BCA_seq_stage2,0.11000000000000001
recall,first-cal,B,1,2,BCA,s0,seq,BCA_seq_stage2,0.015000000000000003
f1,first-cal,B,1,2,BCA,s0,seq,BCA_seq_stage2,0.025289218028348458
specificity,first-cal,B,1,2,BCA,s0,seq,BCA_seq_stage2,0.988826815642458
balanced_accuracy,first-cal,B,1,2,BCA,s0,seq,BCA_seq_stage2,0.501913407821229
mcc,first-cal,B,1,2,BCA,s0,seq,BCA_seq_stage2,0.014963396270411943
map,first-cal,B,1,2,BCA,s0,seq,BCA_seq_stage2,0.15629900411174746
mrr,first-cal,B,1,2,BCA,s0,seq,BCA_seq_stage2,0.17714596319454814
recall_at_1,first-cal,B,1,2,BCA,s0,seq,BCA_seq_stage2,0.04196428571428572
recall_at_3,first-cal,B,1,2,BCA,s0,seq,BCA_seq_stage2,0.10625
recall_at_5,first-cal,B,1,2,BCA,s0,seq,BCA_seq_stage2,0.17142857142857143
recall_at_10,first-cal,B,1,2,BCA,s0,seq,BCA_seq_stage2,0.35178571428571426
ndcg_at_1,first-cal,B,1,2,BCA,s0,seq,BCA_seq_stage2,0.06071428571428571
ndcg_at_3,first-cal,B,1,2,BCA,s0,seq,BCA_seq_stage2,0.08586925828222904
ndcg_at_5,first-cal,B,1,2,BCA,s0,seq,BCA_seq_stage2,0.11566508914689075
ndcg_at_10,first-cal,B,1,2,BCA,s0,seq,BCA_seq_stage2,0.1782782777674706
average_precision,raw,B,1,3,BCA,s0,seq,BCA_seq_stage3,0.06870964183865794
trapezoidal_pr_auc,raw,B,1,3,BCA,s0,seq,BCA_seq_stage3,0.061690405063699126
roc_auc,raw,B,1,3,BCA,s0,seq,BCA_seq_stage3,0.48687849162011176
recall_at_fpr_1pct,raw,B,1,3,BCA,s0,seq,BCA_seq_stage3,0.015
brier,raw,B,1,3,BCA,s0,seq,BCA_seq_stage3,0.11794147837189342
log_loss,raw,B,1,3,BCA,s0,seq,BCA_seq_stage3,0.4104302829681547
precision,raw,B,1,3,BCA,s0,seq,BCA_seq_stage3,0.09791666666666668
recall,raw,B,1,3,BCA,s0,seq,BCA_seq_stage3,0.015000000000000003
f1,raw,B,1,3,BCA,s0,seq,BCA_seq_stage3,0.02435897435897436
specificity,raw,B,1,3,BCA,s0,seq,BCA_seq_stage3,0.9853351955307265
balanced_accuracy,raw,B,1,3,BCA,s0,seq,BCA_seq_stage3,0.5001675977653631
mcc,raw,B,1,3,BCA,s0,seq,BCA_seq_stage3,0.008668389880736618
map,raw,B,1,3,BCA,s0,seq,BCA_seq_stage3,0.15820447615571756
mrr,raw,B,1,3,BCA,s0,seq,BCA_seq_stage3,0.17988671413928373
recall_at_1,raw,B,1,3,BCA,s0,seq,BCA_seq_stage3,0.04553571428571429
recall_at_3,raw,B,1,3,BCA,s0,seq,BCA_seq_stage3,0.10892857142857142
recall_at_5,raw,B,1,3,BCA,s0,seq,BCA_seq_stage3,0.17232142857142857
recall_at_10,raw,B,1,3,BCA,s0,seq,BCA_seq_stage3,0.3571428571428571
ndcg_at_1,raw,B,1,3,BCA,s0,seq,BCA_seq_stage3,0.0642857142857143
ndcg_at_3,raw,B,1,3,BCA,s0,seq,BCA_seq_stage3,0.08917512914941214
ndcg_at_5,raw,B,1,3,BCA,s0,seq,BCA_seq_stage3,0.11754631649206466
ndcg_at_10,raw,B,1,3,BCA,s0,seq,BCA_seq_stage3,0.1813818635944851
average_precision,stage-cal,B,1,3,BCA,s0,seq,BCA_seq_stage3,0.06870964183865794
trapezoidal_pr_auc,stage-cal,B,1,3,BCA,s0,seq,BCA_seq_stage3,0.061690405063699126
roc_auc,stage-cal,B,1,3,BCA,s0,seq,BCA_seq_stage3,0.48687849162011176
recall_at_fpr_1pct,stage-cal,B,1,3,BCA,s0,seq,BCA_seq_stage3,0.015
brier,stage-cal,B,1,3,BCA,s0,seq,BCA_seq_stage3,0.1546115464569769
log_loss,stage-cal,B,1,3,BCA,s0,seq,BCA_seq_stage3,0.49524731561099655
precision,stage-cal,B,1,3,BCA,s0,seq,BCA_seq_stage3,0.07902524956124027
recall,stage-cal,B,1,3,BCA,s0,seq,BCA_seq_stage3,0.045
f1,stage-cal,B,1,3,BCA,s0,seq,BCA_seq_stage3,0.055628006956648254
specificity,stage-cal,B,1,3,BCA,s0,seq,BCA_seq_stage3,0.9664804469273742
balanced_accuracy,stage-cal,B,1,3,BCA,s0,seq,BCA_seq_stage3,0.5057402234636872
mcc,stage-cal,B,1,3,BCA,s0,seq,BCA_seq_stage3,0.017297218576123794
map,stage-cal,B,1,3,BCA,s0,seq,BCA_seq_stage3,0.15820447615571756
mrr,stage-cal,B,1,3,BCA,s0,seq,BCA_seq_stage3,0.17988671413928373
recall_at_1,stage-cal,B,1,3,BCA,s0,seq,BCA_seq_stage3,0.04553571428571429
recall_at_3,stage-cal,B,1,3,BCA,s0,seq,BCA_seq_stage3,0.10892857142857142
recall_at_5,stage-cal,B,1,3,BCA,s0,seq,BCA_seq_stage3,0.17232142857142857
recall_at_10,stage-cal,B,1,3,BCA,s0,seq,BCA_seq_stage3,0.3571428571428571
ndcg_at_1,stage-cal,B,1,3,BCA,s0,seq,BCA_seq_stage3,0.0642857142857143
ndcg_at_3,stage-cal,B,1,3,BCA,s0,seq,BCA_seq_stage3,0.08917512914941214
ndcg_at_5,stage-cal,B,1,3,BCA,s0,seq,BCA_seq_stage3,0.11754631649206466
ndcg_at_10,stage-cal,B,1,3,BCA,s0,seq,BCA_seq_stage3,0.1813818635944851
average_precision,first-cal,B,1,3,BCA,s0,seq,BCA_seq_stage3,0.06870964183865794
trapezoidal_pr_auc,first-cal,B,1,3,BCA,s0,seq,BCA_seq_stage3,0.061690405063699126
roc_auc,first-cal,B,1,3,BCA,s0,seq,BCA_seq_stage3,0.48687849162011176
recall_at_fpr_1pct,first-cal,B,1,3,BCA,s0,seq,BCA_seq_stage3,0.015
brier,first-cal,B,1,3,BCA,s0,seq,BCA_seq_stage3,0.12233652900027656
log_loss,first-cal,B,1,3,BCA,s0,seq,BCA_seq_stage3,0.42185698082426404
precision,first-cal,B,1,3,BCA,s0,seq,BCA_seq_stage3,0.10166666666666668
recall,first-cal,B,1,3,BCA,s0,seq,BCA_seq_stage3,0.015000000000000003
f1,first-cal,B,1,3,BCA,s0,seq,BCA_seq_stage3,0.024787545787545787
specificity,first-cal,B,1,3,BCA,s0,seq,BCA_seq_stage3,0.9877094972067038
balanced_accuracy,first-cal,B,1,3,BCA,s0,seq,BCA_seq_stage3,0.501354748603352
mcc,first-cal,B,1,3,BCA,s0,seq,BCA_seq_stage3,0.011934271088146816
map,first-cal,B,1,3,BCA,s0,seq,BCA_seq_stage3,0.15820447615571756
mrr,first-cal,B,1,3,BCA,s0,seq,BCA_seq_stage3,0.17988671413928373
recall_at_1,first-cal,B,1,3,BCA,s0,seq,BCA_seq_stage3,0.04553571428571429
recall_at_3,first-cal,B,1,3,BCA,s0,seq,BCA_seq_stage3,0.10892857142857142
recall_at_5,first-cal,B,1,3,BCA,s0,seq,BCA_seq_stage3,0.17232142857142857
recall_at_10,first-cal,B,1,3,BCA,s0,seq,BCA_seq_stage3,0.3571428571428571
ndcg_at_1,first-cal,B,1,3,BCA,s0,seq,BCA_seq_stage3,0.0642857142857143
ndcg_at_3,first-cal,B,1,3,BCA,s0,seq,BCA_seq_stage3,0.08917512914941214
ndcg_at_5,first-cal,B,1,3,BCA,s0,seq,BCA_seq_stage3,0.11754631649206466
ndcg_at_10,first-cal,B,1,3,BCA,s0,seq,BCA_seq_stage3,0.1813818635944851
average_precision,raw,B,1,1,BCA,s0,er,BCA_shared,0.06927362547617429
trapezoidal_pr_auc,raw,B,1,1,BCA,s0,er,BCA_shared,0.06270960383497023
roc_auc,raw,B,1,1,BCA,s0,er,BCA_shared,0.4889385474860335
recall_at_fpr_1pct,raw,B,1,1,BCA,s0,er,BCA_shared,0.015000000000000003
brier,raw,B,1,1,BCA,s0,er,BCA_shared,0.11515641916228044
log_loss,raw,B,1,1,BCA,s0,er,BCA_shared,0.403871294381699
precision,raw,B,1,1,BCA,s0,er,BCA_shared,0.08333333333333334
recall,raw,B,1,1,BCA,s0,er,BCA_shared,0.01
f1,raw,B,1,1,BCA,s0,er,BCA_shared,0.016941391941391944
specificity,raw,B,1,1,BCA,s0,er,BCA_shared,0.9872905027932962
balanced_accuracy,raw,B,1,1,BCA,s0,er,BCA_shared,0.49864525139664817
mcc,raw,B,1,1,BCA,s0,er,BCA_shared,0.0018986773727321295
map,raw,B,1,1,BCA,s0,er,BCA_shared,0.15702125529918065
mrr,raw,B,1,1,BCA,s0,er,BCA_shared,0.17695690907515224
recall_at_1,raw,B,1,1,BCA,s0,er,BCA_shared,0.04196428571428572
recall_at_3,raw,B,1,1,BCA,s0,er,BCA_shared,0.10625
recall_at_5,raw,B,1,1,BCA,s0,er,BCA_shared,0.17232142857142857
recall_at_10,raw,B,1,1,BCA,s0,er,BCA_shared,0.3642857142857142
ndcg_at_1,raw,B,1,1,BCA,s0,er,BCA_shared,0.05714285714285714
ndcg_at_3,raw,B,1,1,BCA,s0,er,BCA_shared,0.0862935409943254
ndcg_at_5,raw,B,1,1,BCA,s0,er,BCA_shared,0.11627835640117709
ndcg_at_10,raw,B,1,1,BCA,s0,er,BCA_shared,0.18245463261866973
average_precision,stage-cal,B,1,1,BCA,s0,er,BCA_shared,0.06927362547617429
trapezoidal_pr_auc,stage-cal,B,1,1,BCA,s0,er,BCA_shared,0.06270960383497023
roc_auc,stage-cal,B,1,1,BCA,s0,er,BCA_shared,0.4889385474860335
recall_at_fpr_1pct,stage-cal,B,1,1,BCA,s0,er,BCA_shared,0.015000000000000003
brier,stage-cal,B,1,1,BCA,s0,er,BCA_shared,0.15170119954538924
log_loss,stage-cal,B,1,1,BCA,s0,er,BCA_shared,0.48895351823854377
precision,stage-cal,B,1,1,BCA,s0,er,BCA_shared,0.0661951447245565
recall,stage-cal,B,1,1,BCA,s0,er,BCA_shared,0.0325
f1,stage-cal,B,1,1,BCA,s0,er,BCA_shared,0.04205303593944568
specificity,stage-cal,B,1,1,BCA,s0,er,BCA_shared,0.9705307262569832
balanced_accuracy,stage-cal,B,1,1,BCA,s0,er,BCA_shared,0.5015153631284918
mcc,stage-cal,B,1,1,BCA,s0,er,BCA_shared,0.006482217171759614
map,stage-cal,B,1,1,BCA,s0,er,BCA_shared,0.15702125529918065
mrr,stage-cal,B,1,1,BCA,s0,er,BCA_shared,0.17695690907515224
recall_at_1,stage-cal,B,1,1,BCA,s0,er,BCA_shared,0.04196428571428572
recall_at_3,stage-cal,B,1,1,BCA,s0,er,BCA_shared,0.10625
recall_at_5,stage-cal,B,1,1,BCA,s0,er,BCA_shared,0.17232142857142857
recall_at_10,stage-cal,B,1,1,BCA,s0,er,BCA_shared,0.3642857142857142
ndcg_at_1,stage-cal,B,1,1,BCA,s0,er,BCA_shared,0.05714285714285714
ndcg_at_3,stage-cal,B,1,1,BCA,s0,er,BCA_shared,0.0862935409943254
ndcg_at_5,stage-cal,B,1,1,BCA,s0,er,BCA_shared,0.11627835640117709
ndcg_at_10,stage-cal,B,1,1,BCA,s0,er,BCA_shared,0.18245463261866973
average_precision,first-cal,B,1,1,BCA,s0,er,BCA_shared,0.06927362547617429
trapezoidal_pr_auc,first-cal,B,1,1,BCA,s0,er,BCA_shared,0.06270960383497023
roc_auc,first-cal,B,1,1,BCA,s0,er,BCA_shared,0.4889385474860335
recall_at_fpr_1pct,first-cal,B,1,1,BCA,s0,er,BCA_shared,0.015000000000000003
brier,first-cal,B,1,1,BCA,s0,er,BCA_shared,0.11968129373124319
log_loss,first-cal,B,1,1,BCA,s0,er,BCA_shared,0.4156939491750823
precision,first-cal,B,1,1,BCA,s0,er,BCA_shared,0.09333333333333334
recall,first-cal,B,1,1,BCA,s0,er,BCA_shared,0.01
f1,first-cal,B,1,1,BCA,s0,er,BCA_shared,0.017457556935817804
specificity,first-cal,B,1,1,BCA,s0,er,BCA_shared,0.989245810055866
balanced_accuracy,first-cal,B,1,1,BCA,s0,er,BCA_shared,0.4996229050279329
mcc,first-cal,B,1,1,BCA,s0,er,BCA_shared,0.006082159821198842
map,first-cal,B,1,1,BCA,s0,er,BCA_shared,0.15702125529918065
mrr,first-cal,B,1,1,BCA,s0,er,BCA_shared,0.17695690907515224
recall_at_1,first-cal,B,1,1,BCA,s0,er,BCA_shared,0.04196428571428572
recall_at_3,first-cal,B,1,1,BCA,s0,er,BCA_shared,0.10625
recall_at_5,first-cal,B,1,1,BCA,s0,er,BCA_shared,0.17232142857142857
recall_at_10,first-cal,B,1,1,BCA,s0,er,BCA_shared,0.3642857142857142
ndcg_at_1,first-cal,B,1,1,BCA,s0,er,BCA_shared,0.05714285714285714
ndcg_at_3,first-cal,B,1,1,BCA,s0,er,BCA_shared,0.0862935409943254
ndcg_at_5,first-cal,B,1,1,BCA,s0,er,BCA_shared,0.11627835640117709
ndcg_at_10,first-cal,B,1,1,BCA,s0,er,BCA_shared,0.18245463261866973
average_precision,raw,B,1,2,BCA,s0,er,BCA_er_stage2,0.06996951830646549
trapezoidal_pr_auc,raw,B,1,2,BCA,s0,er,BCA_er_stage2,0.06306158591691528
roc_auc,raw,B,1,2,BCA,s0,er,BCA_er_stage2,0.4894832402234637
recall_at_fpr_1pct,raw,B,1,2,BCA,s0,er,BCA_er_stage2,0.019999999999999997
brier,raw,B,1,2,BCA,s0,er,BCA_er_stage2,0.11925581156369243
log_loss,raw,B,1,2,BCA,s0,er,BCA_er_stage2,0.41347292534478974
precision,raw,B,1,2,BCA,s0,er,BCA_er_stage2,0.09928571428571428
recall,raw,B,1,2,BCA,s0,er,BCA_er_stage2,0.017499999999999998
f1,raw,B,1,2,BCA,s0,er,BCA_er_stage2,0.02883164983164983
specificity,raw,B,1,2,BCA,s0,er,BCA_er_stage2,0.9839385474860336
balanced_accuracy,raw,B,1,2,BCA,s0,er,BCA_er_stage2,0.5007192737430168
mcc,raw,B,1,2,BCA,s0,er,BCA_er_stage2,0.012178411055623872
map,raw,B,1,2,BCA,s0,er,BCA_er_stage2,0.15824576733298407
mrr,raw,B,1,2,BCA,s0,er,BCA_er_stage2,0.17844705302856392
recall_at_1,raw,B,1,2,BCA,s0,er,BCA_er_stage2,0.04285714285714286
recall_at_3,raw,B,1,2,BCA,s0,er,BCA_er_stage2,0.11339285714285711
recall_at_5,raw,B,1,2,BCA,s0,er,BCA_er_stage2,0.17589285714285716
recall_at_10,raw,B,1,2,BCA,s0,er,BCA_er_stage2,0.35089285714285723
ndcg_at_1,raw,B,1,2,BCA,s0,er,BCA_er_stage2,0.05892857142857144
ndcg_at_3,raw,B,1,2,BCA,s0,er,BCA_er_stage2,0.0904711152412832
ndcg_at_5,raw,B,1,2,BCA,s0,er,BCA_er_stage2,0.11844330290830248
ndcg_at_10,raw,B,1,2,BCA,s0,er,BCA_er_stage2,0.1794824866307137
average_precision,stage-cal,B,1,2,BCA,s0,er,BCA_er_stage2,0.06996951830646549
trapezoidal_pr_auc,stage-cal,B,1,2,BCA,s0,er,BCA_er_stage2,0.06306158591691528
roc_auc,stage-cal,B,1,2,BCA,s0,er,BCA_er_stage2,0.4894832402234637
recall_at_fpr_1pct,stage-cal,B,1,2,BCA,s0,er,BCA_er_stage2,0.019999999999999997
brier,stage-cal,B,1,2,BCA,s0,er,BCA_er_stage2,0.15597033413222347
log_loss,stage-cal,B,1,2,BCA,s0,er,BCA_er_stage2,0.4981650795538951
precision,stage-cal,B,1,2,BCA,s0,er,BCA_er_stage2,0.05380743525480367
recall,stage-cal,B,1,2,BCA,s0,er,BCA_er_stage2,0.037500000000000006
f1,stage-cal,B,1,2,BCA,s0,er,BCA_er_stage2,0.04332285280353974
specificity,stage-cal,B,1,2,BCA,s0,er,BCA_er_stage2,0.9615921787709496
balanced_accuracy,stage-cal,B,1,2,BCA,s0,er,BCA_er_stage2,0.4995460893854749
mcc,stage-cal,B,1,2,BCA,s0,er,BCA_er_stage2,-0.0002829664235031136
map,stage-cal,B,1,2,BCA,s0,er,BCA_er_stage2,0.15824576733298407
mrr,stage-cal,B,1,2,BCA,s0,er,BCA_er_stage2,0.17844705302856392
recall_at_1,stage-cal,B,1,2,BCA,s0,er,BCA_er_stage2,0.04285714285714286
recall_at_3,stage-cal,B,1,2,BCA,s0,er,BCA_er_stage2,0.11339285714285711
recall_at_5,stage-cal,B,1,2,BCA,s0,er,BCA_er_stage2,0.17589285714285716
recall_at_10,stage-cal,B,1,2,BCA,s0,er,BCA_er_stage2,0.35089285714285723
ndcg_at_1,stage-cal,B,1,2,BCA,s0,er,BCA_er_stage2,0.05892857142857144
ndcg_at_3,stage-cal,B,1,2,BCA,s0,er,BCA_er_stage2,0.0904711152412832
ndcg_at_5,stage-cal,B,1,2,BCA,s0,er,BCA_er_stage2,0.11844330290830248
ndcg_at_10,stage-cal,B,1,2,BCA,s0,er,BCA_er_stage2,0.1794824866307137
average_precision,first-cal,B,1,2,BCA,s0,er,BCA_er_stage2,0.06996951830646549
trapezoidal_pr_auc,first-cal,B,1,2,BCA,s0,er,BCA_er_stage2,0.06306158591691528
roc_auc,first-cal,B,1,2,BCA,s0,er,BCA_er_stage2,0.4894832402234637
recall_at_fpr_1pct,first-cal,B,1,2,BCA,s0,er,BCA_er_stage2,0.019999999999999997
brier,first-cal,B,1,2,BCA,s0,er,BCA_er_stage2,0.12358514220610187
log_loss,first-cal,B,1,2,BCA,s0,er,BCA_er_stage2,0.42471314847485014
precision,first-cal,B,1,2,BCA,s0,er,BCA_er_stage2,0.09464285714285714
recall,first-cal,B,1,2,BCA,s0,er,BCA_er_stage2,0.015000000000000003
f1,first-cal,B,1,2,BCA,s0,er,BCA_er_stage2,0.02515525939438983
specificity,first-cal,B,1,2,BCA,s0,er,BCA_er_stage2,0.9865921787709496
balanced_accuracy,first-cal,B,1,2,BCA,s0,er,BCA_er_stage2,0.5007960893854747
mcc,first-cal,B,1,2,BCA,s0,er,BCA_er_stage2,0.010978668085766918
map,first-cal,B,1,2,BCA,s0,er,BCA_er_stage2,0.15824576733298407
mrr,first-cal,B,1,2,BCA,s0,er,BCA_er_stage2,0.17844705302856392
recall_at_1,first-cal,B,1,2,BCA,s0,er,BCA_er_stage2,0.04285714285714286
recall_at_3,first-cal,B,1,2,BCA,s0,er,BCA_er_stage2,0.11339285714285711
recall_at_5,first-cal,B,1,2,BCA,s0,er,BCA_er_stage2,0.17589285714285716
recall_at_10,first-cal,B,1,2,BCA,s0,er,BCA_er_stage2,0.35089285714285723
ndcg_at_1,first-cal,B,1,2,BCA,s0,er,BCA_er_stage2,0.05892857142857144
ndcg_at_3,first-cal,B,1,2,BCA,s0,er,BCA_er_stage2,0.0904711152412832
ndcg_at_5,first-cal,B,1,2,BCA,s0,er,BCA_er_stage2,0.11844330290830248
ndcg_at_10,first-cal,B,1,2,BCA,s0,er,BCA_er_stage2,0.1794824866307137
average_precision,raw,B,1,3,BCA,s0,er,BCA_er_stage3,0.06888844119025767
trapezoidal_pr_auc,raw,B,1,3,BCA,s0,er,BCA_er_stage3,0.061781519487915416
roc_auc,raw,B,1,3,BCA,s0,er,BCA_er_stage3,0.48710893854748605
recall_at_fpr_1pct,raw,B,1,3,BCA,s0,er,BCA_er_stage3,0.015000000000000003
brier,raw,B,1,3,BCA,s0,er,BCA_er_stage3,0.12068789853611861
log_loss,raw,B,1,3,BCA,s0,er,BCA_er_stage3,0.41683930415109033
precision,raw,B,1,3,BCA,s0,er,BCA_er_stage3,0.07972222222222222
recall,raw,B,1,3,BCA,s0,er,BCA_er_stage3,0.019999999999999997
f1,raw,B,1,3,BCA,s0,er,BCA_er_stage3,0.031132939024993
specificity,raw,B,1,3,BCA,s0,er,BCA_er_stage3,0.983240223463687
balanced_accuracy,raw,B,1,3,BCA,s0,er,BCA_er_stage3,0.5016201117318435
mcc,raw,B,1,3,BCA,s0,er,BCA_er_stage3,0.010226900279654817
map,raw,B,1,3,BCA,s0,er,BCA_er_stage3,0.15793023011313362
mrr,raw,B,1,3,BCA,s0,er,BCA_er_stage3,0.17826200339279874
recall_at_1,raw,B,1,3,BCA,s0,er,BCA_er_stage3,0.04375
recall_at_3,raw,B,1,3,BCA,s0,er,BCA_er_stage3,0.10982142857142856
recall_at_5,raw,B,1,3,BCA,s0,er,BCA_er_stage3,0.1705357142857143
recall_at_10,raw,B,1,3,BCA,s0,er,BCA_er_stage3,0.35624999999999996
ndcg_at_1,raw,B,1,3,BCA,s0,er,BCA_er_stage3,0.06071428571428572
ndcg_at_3,raw,B,1,3,BCA,s0,er,BCA_er_stage3,0.08883454117812838
ndcg_at_5,raw,B,1,3,BCA,s0,er,BCA_er_stage3,0.11643409133197047
ndcg_at_10,raw,B,1,3,BCA,s0,er,BCA_er_stage3,0.18054523975309572
average_precision,stage-cal,B,1,3,BCA,s0,er,BCA_er_stage3,0.06888844119025767
trapezoidal_pr_auc,stage-cal,B,1,3,BCA,s0,er,BCA_er_stage3,0.061781519487915416
roc_auc,stage-cal,B,1,3,BCA,s0,er,BCA_er_stage3,0.48710893854748605
recall_at_fpr_1pct,stage-cal,B,1,3,BCA,s0,er,BCA_er_stage3,0.015000000000000003
brier,stage-cal,B,1,3,BCA,s0,er,BCA_er_stage3,0.1574544116667088
log_loss,stage-cal,B,1,3,BCA,s0,er,BCA_er_stage3,0.5013666972648713
precision,stage-cal,B,1,3,BCA,s0,er,BCA_er_stage3,0.06079877724614567
recall,stage-cal,B,1,3,BCA,s0,er,BCA_er_stage3,0.0425
f1,stage-cal,B,1,3,BCA,s0,er,BCA_er_stage3,0.04926727647553038
specificity,stage-cal,B,1,3,BCA,s0,er,BCA_er_stage3,0.9611731843575418
balanced_accuracy,stage-cal,B,1,3,BCA,s0,er,BCA_er_stage3,0.501836592178771
mcc,stage-cal,B,1,3,BCA,s0,er,BCA_er_stage3,0.005574879044294711
map,stage-cal,B,1,3,BCA,s0,er,BCA_er_stage3,0.15793023011313362
mrr,stage-cal,B,1,3,BCA,s0,er,BCA_er_stage3,0.17826200339279874
recall_at_1,stage-cal,B,1,3,BCA,s0,er,BCA_er_stage3,0.04375
recall_at_3,stage-cal,B,1,3,BCA,s0,er,BCA_er_stage3,0.10982142857142856
recall_at_5,stage-cal,B,1,3,BCA,s0,er,BCA_er_stage3,0.1705357142857143
recall_at_10,stage-cal,B,1,3,BCA,s0,er,BCA_er_stage3,0.35624999999999996
ndcg_at_1,stage-cal,B,1,3,BCA,s0,er,BCA_er_stage3,0.06071428571428572
ndcg_at_3,stage-cal,B,1,3,BCA,s0,er,BCA_er_stage3,0.08883454117812838
ndcg_at_5,stage-cal,B,1,3,BCA,s0,er,BCA_er_stage3,0.11643409133197047
ndcg_at_10,stage-cal,B,1,3,BCA,s0,er,BCA_er_stage3,0.18054523975309572
average_precision,first-cal,B,1,3,BCA,s0,er,BCA_er_stage3,0.06888844119025767
trapezoidal_pr_auc,first-cal,B,1,3,BCA,s0,er,BCA_er_stage3,0.061781519487915416
roc_auc,first-cal,B,1,3,BCA,s0,er,BCA_er_stage3,0.48710893854748605
recall_at_fpr_1pct,first-cal,B,1,3,BCA,s0,er,BCA_er_stage3,0.015000000000000003
brier,first-cal,B,1,3,BCA,s0,er,BCA_er_stage3,0.12494771023658728
log_loss,first-cal,B,1,3,BCA,s0,er,BCA_er_stage3,0.42786874104232764
precision,first-cal,B,1,3,BCA,s0,er,BCA_er_stage3,0.08839285714285713
recall,first-cal,B,1,3,BCA,s0,er,BCA_er_stage3,0.019999999999999997
f1,first-cal,B,1,3,BCA,s0,er,BCA_er_stage3,0.03199642547468634
specificity,first-cal,B,1,3,BCA,s0,er,BCA_er_stage3,0.986312849162011
balanced_accuracy,first-cal,B,1,3,BCA,s0,er,BCA_er_stage3,0.5031564245810056
mcc,first-cal,B,1,3,BCA,s0,er,BCA_er_stage3,0.015324074877123778
map,first-cal,B,1,3,BCA,s0,er,BCA_er_stage3,0.15793023011313362
mrr,first-cal,B,1,3,BCA,s0,er,BCA_er_stage3,0.17826200339279874
recall_at_1,first-cal,B,1,3,BCA,s0,er,BCA_er_stage3,0.04375
recall_at_3,first-cal,B,1,3,BCA,s0,er,BCA_er_stage3,0.10982142857142856
recall_at_5,first-cal,B,1,3,BCA,s0,er,BCA_er_stage3,0.1705357142857143
recall_at_10,first-cal,B,1,3,BCA,s0,er,BCA_er_stage3,0.35624999999999996
ndcg_at_1,first-cal,B,1,3,BCA,s0,er,BCA_er_stage3,0.06071428571428572
ndcg_at_3,first-cal,B,1,3,BCA,s0,er,BCA_er_stage3,0.08883454117812838
ndcg_at_5,first-cal,B,1,3,BCA,s0,er,BCA_er_stage3,0.11643409133197047
ndcg_at_10,first-cal,B,1,3,BCA,s0,er,BCA_er_stage3,0.18054523975309572
average_precision,raw,B,1,1,BCA,s0,logit,BCA_shared,0.06927362547617429
trapezoidal_pr_auc,raw,B,1,1,BCA,s0,logit,BCA_shared,0.06270960383497023
roc_auc,raw,B,1,1,BCA,s0,logit,BCA_shared,0.4889385474860335
recall_at_fpr_1pct,raw,B,1,1,BCA,s0,logit,BCA_shared,0.015000000000000003
brier,raw,B,1,1,BCA,s0,logit,BCA_shared,0.11515641916228044
log_loss,raw,B,1,1,BCA,s0,logit,BCA_shared,0.403871294381699
precision,raw,B,1,1,BCA,s0,logit,BCA_shared,0.08333333333333334
recall,raw,B,1,1,BCA,s0,logit,BCA_shared,0.01
f1,raw,B,1,1,BCA,s0,logit,BCA_shared,0.016941391941391944
specificity,raw,B,1,1,BCA,s0,logit,BCA_shared,0.9872905027932962
balanced_accuracy,raw,B,1,1,BCA,s0,logit,BCA_shared,0.49864525139664817
mcc,raw,B,1,1,BCA,s0,logit,BCA_shared,0.0018986773727321295
map,raw,B,1,1,BCA,s0,logit,BCA_shared,0.15702125529918065
mrr,raw,B,1,1,BCA,s0,logit,BCA_shared,0.17695690907515224
recall_at_1,raw,B,1,1,BCA,s0,logit,BCA_shared,0.04196428571428572
recall_at_3,raw,B,1,1,BCA,s0,logit,BCA_shared,0.10625
recall_at_5,raw,B,1,1,BCA,s0,logit,BCA_shared,0.17232142857142857
recall_at_10,raw,B,1,1,BCA,s0,logit,BCA_shared,0.3642857142857142
ndcg_at_1,raw,B,1,1,BCA,s0,logit,BCA_shared,0.05714285714285714
ndcg_at_3,raw,B,1,1,BCA,s0,logit,BCA_shared,0.0862935409943254
ndcg_at_5,raw,B,1,1,BCA,s0,logit,BCA_shared,0.11627835640117709
ndcg_at_10,raw,B,1,1,BCA,s0,logit,BCA_shared,0.18245463261866973
average_precision,stage-cal,B,1,1,BCA,s0,logit,BCA_shared,0.06927362547617429
trapezoidal_pr_auc,stage-cal,B,1,1,BCA,s0,logit,BCA_shared,0.06270960383497023
roc_auc,stage-cal,B,1,1,BCA,s0,logit,BCA_shared,0.4889385474860335
recall_at_fpr_1pct,stage-cal,B,1,1,BCA,s0,logit,BCA_shared,0.015000000000000003
brier,stage-cal,B,1,1,BCA,s0,logit,BCA_shared,0.15170119954538924
log_loss,stage-cal,B,1,1,BCA,s0,logit,BCA_shared,0.48895351823854377
precision,stage-cal,B,1,1,BCA,s0,logit,BCA_shared,0.0661951447245565
recall,stage-cal,B,1,1,BCA,s0,logit,BCA_shared,0.0325
f1,stage-cal,B,1,1,BCA,s0,logit,BCA_shared,0.04205303593944568
specificity,stage-cal,B,1,1,BCA,s0,logit,BCA_shared,0.9705307262569832
balanced_accuracy,stage-cal,B,1,1,BCA,s0,logit,BCA_shared,0.5015153631284918
mcc,stage-cal,B,1,1,BCA,s0,logit,BCA_shared,0.006482217171759614
map,stage-cal,B,1,1,BCA,s0,logit,BCA_shared,0.15702125529918065
mrr,stage-cal,B,1,1,BCA,s0,logit,BCA_shared,0.17695690907515224
recall_at_1,stage-cal,B,1,1,BCA,s0,logit,BCA_shared,0.04196428571428572
recall_at_3,stage-cal,B,1,1,BCA,s0,logit,BCA_shared,0.10625
recall_at_5,stage-cal,B,1,1,BCA,s0,logit,BCA_shared,0.17232142857142857
recall_at_10,stage-cal,B,1,1,BCA,s0,logit,BCA_shared,0.3642857142857142
ndcg_at_1,stage-cal,B,1,1,BCA,s0,logit,BCA_shared,0.05714285714285714
ndcg_at_3,stage-cal,B,1,1,BCA,s0,logit,BCA_shared,0.0862935409943254
ndcg_at_5,stage-cal,B,1,1,BCA,s0,logit,BCA_shared,0.11627835640117709
ndcg_at_10,stage-cal,B,1,1,BCA,s0,logit,BCA_shared,0.18245463261866973
average_precision,first-cal,B,1,1,BCA,s0,logit,BCA_shared,0.06927362547617429
trapezoidal_pr_auc,first-cal,B,1,1,BCA,s0,logit,BCA_shared,0.06270960383497023
roc_auc,first-cal,B,1,1,BCA,s0,logit,BCA_shared,0.4889385474860335
recall_at_fpr_1pct,first-cal,B,1,1,BCA,s0,logit,BCA_shared,0.015000000000000003
brier,first-cal,B,1,1,BCA,s0,logit,BCA_shared,0.11968129373124319
log_loss,first-cal,B,1,1,BCA,s0,logit,BCA_shared,0.4156939491750823
precision,first-cal,B,1,1,BCA,s0,logit,BCA_shared,0.09333333333333334
recall,first-cal,B,1,1,BCA,s0,logit,BCA_shared,0.01
f1,first-cal,B,1,1,BCA,s0,logit,BCA_shared,0.017457556935817804
specificity,first-cal,B,1,1,BCA,s0,logit,BCA_shared,0.989245810055866
balanced_accuracy,first-cal,B,1,1,BCA,s0,logit,BCA_shared,0.4996229050279329
mcc,first-cal,B,1,1,BCA,s0,logit,BCA_shared,0.006082159821198842
map,first-cal,B,1,1,BCA,s0,logit,BCA_shared,0.15702125529918065
mrr,first-cal,B,1,1,BCA,s0,logit,BCA_shared,0.17695690907515224
recall_at_1,first-cal,B,1,1,BCA,s0,logit,BCA_shared,0.04196428571428572
recall_at_3,first-cal,B,1,1,BCA,s0,logit,BCA_shared,0.10625
recall_at_5,first-cal,B,1,1,BCA,s0,logit,BCA_shared,0.17232142857142857
recall_at_10,first-cal,B,1,1,BCA,s0,logit,BCA_shared,0.3642857142857142
ndcg_at_1,first-cal,B,1,1,BCA,s0,logit,BCA_shared,0.05714285714285714
ndcg_at_3,first-cal,B,1,1,BCA,s0,logit,BCA_shared,0.0862935409943254
ndcg_at_5,first-cal,B,1,1,BCA,s0,logit,BCA_shared,0.11627835640117709
ndcg_at_10,first-cal,B,1,1,BCA,s0,logit,BCA_shared,0.18245463261866973
average_precision,raw,B,1,2,BCA,s0,logit,BCA_logit_stage2,0.06857533648522626
trapezoidal_pr_auc,raw,B,1,2,BCA,s0,logit,BCA_logit_stage2,0.06228428653088412
roc_auc,raw,B,1,2,BCA,s0,logit,BCA_logit_stage2,0.4881564245810055
recall_at_fpr_1pct,raw,B,1,2,BCA,s0,logit,BCA_logit_stage2,0.015
brier,raw,B,1,2,BCA,s0,logit,BCA_logit_stage2,0.12205466228279845
log_loss,raw,B,1,2,BCA,s0,logit,BCA_logit_stage2,0.4200298054937347
precision,raw,B,1,2,BCA,s0,logit,BCA_logit_stage2,0.0953373015873016
recall,raw,B,1,2,BCA,s0,logit,BCA_logit_stage2,0.019999999999999997
f1,raw,B,1,2,BCA,s0,logit,BCA_logit_stage2,0.03127541360299981
specificity,raw,B,1,2,BCA,s0,logit,BCA_logit_stage2,0.9818435754189945
balanced_accuracy,raw,B,1,2,BCA,s0,logit,BCA_logit_stage2,0.5009217877094972
mcc,raw,B,1,2,BCA,s0,logit,BCA_logit_stage2,0.0115137724522686
map,raw,B,1,2,BCA,s0,logit,BCA_logit_stage2,0.15479602779748172
mrr,raw,B,1,2,BCA,s0,logit,BCA_logit_stage2,0.17512498692173062
recall_at_1,raw,B,1,2,BCA,s0,logit,BCA_logit_stage2,0.03660714285714285
recall_at_3,raw,B,1,2,BCA,s0,logit,BCA_logit_stage2,0.1169642857142857
recall_at_5,raw,B,1,2,BCA,s0,logit,BCA_logit_stage2,0.1776785714285714
recall_at_10,raw,B,1,2,BCA,s0,logit,BCA_logit_stage2,0.3508928571428571
ndcg_at_1,raw,B,1,2,BCA,s0,logit,BCA_logit_stage2,0.05357142857142857
ndcg_at_3,raw,B,1,2,BCA,s0,logit,BCA_logit_stage2,0.08970624455790308
ndcg_at_5,raw,B,1,2,BCA,s0,logit,BCA_logit_stage2,0.11637984098374973
ndcg_at_10,raw,B,1,2,BCA,s0,logit,BCA_logit_stage2,0.1766822856468903
average_precision,stage-cal,B,1,2,BCA,s0,logit,BCA_logit_stage2,0.06857533648522626
trapezoidal_pr_auc,stage-cal,B,1,2,BCA,s0,logit,BCA_logit_stage2,0.06228428653088412
roc_auc,stage-cal,B,1,2,BCA,s0,logit,BCA_logit_stage2,0.4881564245810055
recall_at_fpr_1pct,stage-cal,B,1,2,BCA,s0,logit,BCA_logit_stage2,0.015
brier,stage-cal,B,1,2,BCA,s0,logit,BCA_logit_stage2,0.15887358794325912
log_loss,stage-cal,B,1,2,BCA,s0,logit,BCA_logit_stage2,0.5044216529144709
precision,stage-cal,B,1,2,BCA,s0,logit,BCA_logit_stage2,0.05369055922764363
recall,stage-cal,B,1,2,BCA,s0,logit,BCA_logit_stage2,0.0425
f1,stage-cal,B,1,2,BCA,s0,logit,BCA_logit_stage2,0.0467357572510699
specificity,stage-cal,B,1,2,BCA,s0,logit,BCA_logit_stage2,0.9574022346368716
balanced_accuracy,stage-cal,B,1,2,BCA,s0,logit,BCA_logit_stage2,0.49995111731843583
mcc,stage-cal,B,1,2,BCA,s0,logit,BCA_logit_stage2,0.000276999996832996
map,stage-cal,B,1,2,BCA,s0,logit,BCA_logit_stage2,0.15479602779748172
mrr,stage-cal,B,1,2,BCA,s0,logit,BCA_logit_stage2,0.17512498692173062
recall_at_1,stage-cal,B,1,2,BCA,s0,logit,BCA_logit_stage2,0.03660714285714285
recall_at_3,stage-cal,B,1,2,BCA,s0,logit,BCA_logit_stage2,0.1169642857142857
recall_at_5,stage-cal,B,1,2,BCA,s0,logit,BCA_logit_stage2,0.1776785714285714
recall_at_10,stage-cal,B,1,2,BCA,s0,logit,BCA_logit_stage2,0.3508928571428571
ndcg_at_1,stage-cal,B,1,2,BCA,s0,logit,BCA_logit_stage2,0.05357142857142857
ndcg_at_3,stage-cal,B,1,2,BCA,s0,logit,BCA_logit_stage2,0.08970624455790308
ndcg_at_5,stage-cal,B,1,2,BCA,s0,logit,BCA_logit_stage2,0.11637984098374973
ndcg_at_10,stage-cal,B,1,2,BCA,s0,logit,BCA_logit_stage2,0.1766822856468903
average_precision,first-cal,B,1,2,BCA,s0,logit,BCA_logit_stage2,0.06857533648522626
trapezoidal_pr_auc,first-cal,B,1,2,BCA,s0,logit,BCA_logit_stage2,0.06228428653088412
roc_auc,first-cal,B,1,2,BCA,s0,logit,BCA_logit_stage2,0.4881564245810055
recall_at_fpr_1pct,first-cal,B,1,2,BCA,s0,logit,BCA_logit_stage2,0.015
brier,first-cal,B,1,2,BCA,s0,logit,BCA_logit_stage2,0.12624735034141032
log_loss,first-cal,B,1,2,BCA,s0,logit,BCA_logit_stage2,0.4308617535795383
precision,first-cal,B,1,2,BCA,s0,logit,BCA_logit_stage2,0.10345238095238093
recall,first-cal,B,1,2,BCA,s0,logit,BCA_logit_stage2,0.017499999999999998
f1,first-cal,B,1,2,BCA,s0,logit,BCA_logit_stage2,0.029012809251939685
specificity,first-cal,B,1,2,BCA,s0,logit,BCA_logit_stage2,0.9849162011173185
balanced_accuracy,first-cal,B,1,2,BCA,s0,logit,BCA_logit_stage2,0.5012081005586593
mcc,first-cal,B,1,2,BCA,s0,logit,BCA_logit_stage2,0.014070742358734767
map,first-cal,B,1,2,BCA,s0,logit,BCA_logit_stage2,0.15479602779748172
mrr,first-cal,B,1,2,BCA,s0,logit,BCA_logit_stage2,0.17512498692173062
recall_at_1,first-cal,B,1,2,BCA,s0,logit,BCA_logit_stage2,0.03660714285714285
recall_at_3,first-cal,B,1,2,BCA,s0,logit,BCA_logit_stage2,0.1169642857142857
recall_at_5,first-cal,B,1,2,BCA,s0,logit,BCA_logit_stage2,0.1776785714285714
recall_at_10,first-cal,B,1,2,BCA,s0,logit,BCA_logit_stage2,0.3508928571428571
ndcg_at_1,first-cal,B,1,2,BCA,s0,logit,BCA_logit_stage2,0.05357142857142857
ndcg_at_3,first-cal,B,1,2,BCA,s0,logit,BCA_logit_stage2,0.08970624455790308
ndcg_at_5,first-cal,B,1,2,BCA,s0,logit,BCA_logit_stage2,0.11637984098374973
ndcg_at_10,first-cal,B,1,2,BCA,s0,logit,BCA_logit_stage2,0.1766822856468903
average_precision,raw,B,1,3,BCA,s0,logit,BCA_logit_stage3,0.06983113091799904
trapezoidal_pr_auc,raw,B,1,3,BCA,s0,logit,BCA_logit_stage3,0.06312458068776332
roc_auc,raw,B,1,3,BCA,s0,logit,BCA_logit_stage3,0.4907472067039106
recall_at_fpr_1pct,raw,B,1,3,BCA,s0,logit,BCA_logit_stage3,0.0175
brier,raw,B,1,3,BCA,s0,logit,BCA_logit_stage3,0.12346908143128496
log_loss,raw,B,1,3,BCA,s0,logit,BCA_logit_stage3,0.423283998441531
precision,raw,B,1,3,BCA,s0,logit,BCA_logit_stage3,0.08361111111111111
recall,raw,B,1,3,BCA,s0,logit,BCA_logit_stage3,0.0225
f1,raw,B,1,3,BCA,s0,logit,BCA_logit_stage3,0.034117844923692
specificity,raw,B,1,3,BCA,s0,logit,BCA_logit_stage3,0.9808659217877096
balanced_accuracy,raw,B,1,3,BCA,s0,logit,BCA_logit_stage3,0.5016829608938548
mcc,raw,B,1,3,BCA,s0,logit,BCA_logit_stage3,0.011183880722309273
map,raw,B,1,3,BCA,s0,logit,BCA_logit_stage3,0.15612763149220238
mrr,raw,B,1,3,BCA,s0,logit,BCA_logit_stage3,0.1774479099767166
recall_at_1,raw,B,1,3,BCA,s0,logit,BCA_logit_stage3,0.04107142857142857
recall_at_3,raw,B,1,3,BCA,s0,logit,BCA_logit_stage3,0.10892857142857142
recall_at_5,raw,B,1,3,BCA,s0,logit,BCA_logit_stage3,0.175
recall_at_10,raw,B,1,3,BCA,s0,logit,BCA_logit_stage3,0.35803571428571423
ndcg_at_1,raw,B,1,3,BCA,s0,logit,BCA_logit_stage3,0.05892857142857143
ndcg_at_3,raw,B,1,3,BCA,s0,logit,BCA_logit_stage3,0.08695837949470042
ndcg_at_5,raw,B,1,3,BCA,s0,logit,BCA_logit_stage3,0.1169127337865357
ndcg_at_10,raw,B,1,3,BCA,s0,logit,BCA_logit_stage3,0.18014004536340358
average_precision,stage-cal,B,1,3,BCA,s0,logit,BCA_logit_stage3,0.06983113091799904
trapezoidal_pr_auc,stage-cal,B,1,3,BCA,s0,logit,BCA_logit_stage3,0.06312458068776332
roc_auc,stage-cal,B,1,3,BCA,s0,logit,BCA_logit_stage3,0.4907472067039106
recall_at_fpr_1pct,stage-cal,B,1,3,BCA,s0,logit,BCA_logit_stage3,0.0175
brier,stage-cal,B,1,3,BCA,s0,logit,BCA_logit_stage3,0.16033165786550396
log_loss,stage-cal,B,1,3,BCA,s0,logit,BCA_logit_stage3,0.5075379019039057
precision,stage-cal,B,1,3,BCA,s0,logit,BCA_logit_stage3,0.053703886693017136
recall,stage-cal,B,1,3,BCA,s0,logit,BCA_logit_stage3,0.0475
f1,stage-cal,B,1,3,BCA,s0,logit,BCA_logit_stage3,0.04973413537367025
specificity,stage-cal,B,1,3,BCA,s0,logit,BCA_logit_stage3,0.9539106145251397
balanced_accuracy,stage-cal,B,1,3,BCA,s0,logit,BCA_logit_stage3,0.5007053072625698
mcc,stage-cal,B,1,3,BCA,s0,logit,BCA_logit_stage3,0.0012015919271924573
map,stage-cal,B,1,3,BCA,s0,logit,BCA_logit_stage3,0.15612763149220238
mrr,stage-cal,B,1,3,BCA,s0,logit,BCA_logit_stage3,0.1774479099767166
recall_at_1,stage-cal,B,1,3,BCA,s0,logit,BCA_logit_stage3,0.04107142857142857
recall_at_3,stage-cal,B,1,3,BCA,s0,logit,BCA_logit_stage3,0.10892857142857142
recall_at_5,stage-cal,B,1,3,BCA,s0,logit,BCA_logit_stage3,0.175
recall_at_10,stage-cal,B,1,3,BCA,s0,logit,BCA_logit_stage3,0.35803571428571423
ndcg_at_1,stage-cal,B,1,3,BCA,s0,logit,BCA_logit_stage3,0.05892857142857143
ndcg_at_3,stage-cal,B,1,3,BCA,s0,logit,BCA_logit_stage3,0.08695837949470042
ndcg_at_5,stage-cal,B,1,3,BCA,s0,logit,BCA_logit_stage3,0.1169127337865357
ndcg_at_10,stage-cal,B,1,3,BCA,s0,logit,BCA_logit_stage3,0.18014004536340358
average_precision,first-cal,B,1,3,BCA,s0,logit,BCA_logit_stage3,0.06983113091799904
trapezoidal_pr_auc,first-cal,B,1,3,BCA,s0,logit,BCA_logit_stage3,0.06312458068776332
roc_auc,first-cal,B,1,3,BCA,s0,logit,BCA_logit_stage3,0.4907472067039106
recall_at_fpr_1pct,first-cal,B,1,3,BCA,s0,logit,BCA_logit_stage3,0.0175
brier,first-cal,B,1,3,BCA,s0,logit,BCA_logit_stage3,0.1275875929061545
log_loss,first-cal,B,1,3,BCA,s0,logit,BCA_logit_stage3,0.43390984065136184
precision,first-cal,B,1,3,BCA,s0,logit,BCA_logit_stage3,0.09583333333333333
recall,first-cal,B,1,3,BCA,s0,logit,BCA_logit_stage3,0.017499999999999998
f1,first-cal,B,1,3,BCA,s0,logit,BCA_logit_stage3,0.028413253413253414
specificity,first-cal,B,1,3,BCA,s0,logit,BCA_logit_stage3,0.9842178770949722
balanced_accuracy,first-cal,B,1,3,BCA,s0,logit,BCA_logit_stage3,0.5008589385474862
mcc,first-cal,B,1,3,BCA,s0,logit,BCA_logit_stage3,0.011454654243491846
map,first-cal,B,1,3,BCA,s0,logit,BCA_logit_stage3,0.15612763149220238
mrr,first-cal,B,1,3,BCA,s0,logit,BCA_logit_stage3,0.1774479099767166
recall_at_1,first-cal,B,1,3,BCA,s0,logit,BCA_logit_stage3,0.04107142857142857
recall_at_3,first-cal,B,1,3,BCA,s0,logit,BCA_logit_stage3,0.10892857142857142
recall_at_5,first-cal,B,1,3,BCA,s0,logit,BCA_logit_stage3,0.175
recall_at_10,first-cal,B,1,3,BCA,s0,logit,BCA_logit_stage3,0.35803571428571423
ndcg_at_1,first-cal,B,1,3,BCA,s0,logit,BCA_logit_stage3,0.05892857142857143
ndcg_at_3,first-cal,B,1,3,BCA,s0,logit,BCA_logit_stage3,0.08695837949470042
ndcg_at_5,first-cal,B,1,3,BCA,s0,logit,BCA_logit_stage3,0.1169127337865357
ndcg_at_10,first-cal,B,1,3,BCA,s0,logit,BCA_logit_stage3,0.18014004536340358
average_precision,raw,C,2,0,BCA,s0,initial,initial,0.06680446490614433
trapezoidal_pr_auc,raw,C,2,0,BCA,s0,initial,initial,0.05812863864209779
roc_auc,raw,C,2,0,BCA,s0,initial,initial,0.5001047486033519
recall_at_fpr_1pct,raw,C,2,0,BCA,s0,initial,initial,0.0225
brier,raw,C,2,0,BCA,s0,initial,initial,0.10611693040082534
log_loss,raw,C,2,0,BCA,s0,initial,initial,0.38226524241403037
precision,raw,C,2,0,BCA,s0,initial,initial,0.062499999999999986
recall,raw,C,2,0,BCA,s0,initial,initial,0.01
f1,raw,C,2,0,BCA,s0,initial,initial,0.017210144927536232
specificity,raw,C,2,0,BCA,s0,initial,initial,0.9942737430167596
balanced_accuracy,raw,C,2,0,BCA,s0,initial,initial,0.5021368715083798
mcc,raw,C,2,0,BCA,s0,initial,initial,0.00803573450619163
map,raw,C,2,0,BCA,s0,initial,initial,0.16262720824143392
mrr,raw,C,2,0,BCA,s0,initial,initial,0.18296043522997738
recall_at_1,raw,C,2,0,BCA,s0,initial,initial,0.04196428571428572
recall_at_3,raw,C,2,0,BCA,s0,initial,initial,0.1107142857142857
recall_at_5,raw,C,2,0,BCA,s0,initial,initial,0.1892857142857143
recall_at_10,raw,C,2,0,BCA,s0,initial,initial,0.37857142857142856
ndcg_at_1,raw,C,2,0,BCA,s0,initial,initial,0.06071428571428571
ndcg_at_3,raw,C,2,0,BCA,s0,initial,initial,0.08896252763760537
ndcg_at_5,raw,C,2,0,BCA,s0,initial,initial,0.12466574368422237
ndcg_at_10,raw,C,2,0,BCA,s0,initial,initial,0.19024755535397495
average_precision,raw,C,2,1,BCA,s0,frozen,BCA_shared,0.06730128778277061
trapezoidal_pr_auc,raw,C,2,1,BCA,s0,frozen,BCA_shared,0.058548517943810274
roc_auc,raw,C,2,1,BCA,s0,frozen,BCA_shared,0.5025418994413409
recall_at_fpr_1pct,raw,C,2,1,BCA,s0,frozen,BCA_shared,0.0225
brier,raw,C,2,1,BCA,s0,frozen,BCA_shared,0.11493035550450773
log_loss,raw,C,2,1,BCA,s0,frozen,BCA_shared,0.4033735617962339
precision,raw,C,2,1,BCA,s0,frozen,BCA_shared,0.08630952380952381
recall,raw,C,2,1,BCA,s0,frozen,BCA_shared,0.017499999999999998
f1,raw,C,2,1,BCA,s0,frozen,BCA_shared,0.02874550972377059
specificity,raw,C,2,1,BCA,s0,frozen,BCA_shared,0.9899441340782122
balanced_accuracy,raw,C,2,1,BCA,s0,frozen,BCA_shared,0.5037220670391063
mcc,raw,C,2,1,BCA,s0,frozen,BCA_shared,0.016234923638866784
map,raw,C,2,1,BCA,s0,frozen,BCA_shared,0.1648705797128962
mrr,raw,C,2,1,BCA,s0,frozen,BCA_shared,0.18544124389730893
recall_at_1,raw,C,2,1,BCA,s0,frozen,BCA_shared,0.04285714285714286
recall_at_3,raw,C,2,1,BCA,s0,frozen,BCA_shared,0.11160714285714286
recall_at_5,raw,C,2,1,BCA,s0,frozen,BCA_shared,0.19196428571428573
recall_at_10,raw,C,2,1,BCA,s0,frozen,BCA_shared,0.3919642857142857
ndcg_at_1,raw,C,2,1,BCA,s0,frozen,BCA_shared,0.062499999999999986
ndcg_at_3,raw,C,2,1,BCA,s0,frozen,BCA_shared,0.09027008270726743
ndcg_at_5,raw,C,2,1,BCA,s0,frozen,BCA_shared,0.12698227840940202
ndcg_at_10,raw,C,2,1,BCA,s0,frozen,BCA_shared,0.19599990175990117
average_precision,stage-cal,C,2,1,BCA,s0,frozen,BCA_shared,0.06730128778277061
trapezoidal_pr_auc,stage-cal,C,2,1,BCA,s0,frozen,BCA_shared,0.058548517943810274
roc_auc,stage-cal,C,2,1,BCA,s0,frozen,BCA_shared,0.5025418994413409
recall_at_fpr_1pct,stage-cal,C,2,1,BCA,s0,frozen,BCA_shared,0.0225
brier,stage-cal,C,2,1,BCA,s0,frozen,BCA_shared,0.15152624430985573
log_loss,stage-cal,C,2,1,BCA,s0,frozen,BCA_shared,0.48857998059226065
precision,stage-cal,C,2,1,BCA,s0,frozen,BCA_shared,0.06164772727272727
recall,stage-cal,C,2,1,BCA,s0,frozen,BCA_shared,0.035
f1,stage-cal,C,2,1,BCA,s0,frozen,BCA_shared,0.04422437605879734
specificity,stage-cal,C,2,1,BCA,s0,frozen,BCA_shared,0.9710893854748603
balanced_accuracy,stage-cal,C,2,1,BCA,s0,frozen,BCA_shared,0.5030446927374302
mcc,stage-cal,C,2,1,BCA,s0,frozen,BCA_shared,0.007564765046579554
map,stage-cal,C,2,1,BCA,s0,frozen,BCA_shared,0.1648705797128962
mrr,stage-cal,C,2,1,BCA,s0,frozen,BCA_shared,0.18544124389730893
recall_at_1,stage-cal,C,2,1,BCA,s0,frozen,BCA_shared,0.04285714285714286
recall_at_3,stage-cal,C,2,1,BCA,s0,frozen,BCA_shared,0.11160714285714286
recall_at_5,stage-cal,C,2,1,BCA,s0,frozen,BCA_shared,0.19196428571428573
recall_at_10,stage-cal,C,2,1,BCA,s0,frozen,BCA_shared,0.3919642857142857
ndcg_at_1,stage-cal,C,2,1,BCA,s0,frozen,BCA_shared,0.062499999999999986
ndcg_at_3,stage-cal,C,2,1,BCA,s0,frozen,BCA_shared,0.09027008270726743
ndcg_at_5,stage-cal,C,2,1,BCA,s0,frozen,BCA_shared,0.12698227840940202
ndcg_at_10,stage-cal,C,2,1,BCA,s0,frozen,BCA_shared,0.19599990175990117
average_precision,first-cal,C,2,1,BCA,s0,frozen,BCA_shared,0.06730128778277061
trapezoidal_pr_auc,first-cal,C,2,1,BCA,s0,frozen,BCA_shared,0.058548517943810274
roc_auc,first-cal,C,2,1,BCA,s0,frozen,BCA_shared,0.5025418994413409
recall_at_fpr_1pct,first-cal,C,2,1,BCA,s0,frozen,BCA_shared,0.0225
brier,first-cal,C,2,1,BCA,s0,frozen,BCA_shared,0.11947602806590989
log_loss,first-cal,C,2,1,BCA,s0,frozen,BCA_shared,0.4152438540574611
precision,first-cal,C,2,1,BCA,s0,frozen,BCA_shared,0.06
recall,first-cal,C,2,1,BCA,s0,frozen,BCA_shared,0.0125
f1,first-cal,C,2,1,BCA,s0,frozen,BCA_shared,0.0205273132664437
specificity,first-cal,C,2,1,BCA,s0,frozen,BCA_shared,0.9906424581005588
balanced_accuracy,first-cal,C,2,1,BCA,s0,frozen,BCA_shared,0.5015712290502794
mcc,first-cal,C,2,1,BCA,s0,frozen,BCA_shared,0.0055927004786578555
map,first-cal,C,2,1,BCA,s0,frozen,BCA_shared,0.1648705797128962
mrr,first-cal,C,2,1,BCA,s0,frozen,BCA_shared,0.18544124389730893
recall_at_1,first-cal,C,2,1,BCA,s0,frozen,BCA_shared,0.04285714285714286
recall_at_3,first-cal,C,2,1,BCA,s0,frozen,BCA_shared,0.11160714285714286
recall_at_5,first-cal,C,2,1,BCA,s0,frozen,BCA_shared,0.19196428571428573
recall_at_10,first-cal,C,2,1,BCA,s0,frozen,BCA_shared,0.3919642857142857
ndcg_at_1,first-cal,C,2,1,BCA,s0,frozen,BCA_shared,0.062499999999999986
ndcg_at_3,first-cal,C,2,1,BCA,s0,frozen,BCA_shared,0.09027008270726743
ndcg_at_5,first-cal,C,2,1,BCA,s0,frozen,BCA_shared,0.12698227840940202
ndcg_at_10,first-cal,C,2,1,BCA,s0,frozen,BCA_shared,0.19599990175990117
average_precision,raw,C,2,2,BCA,s0,frozen,BCA_shared,0.06730128778277061
trapezoidal_pr_auc,raw,C,2,2,BCA,s0,frozen,BCA_shared,0.058548517943810274
roc_auc,raw,C,2,2,BCA,s0,frozen,BCA_shared,0.5025418994413409
recall_at_fpr_1pct,raw,C,2,2,BCA,s0,frozen,BCA_shared,0.0225
brier,raw,C,2,2,BCA,s0,frozen,BCA_shared,0.11493035550450773
log_loss,raw,C,2,2,BCA,s0,frozen,BCA_shared,0.4033735617962339
precision,raw,C,2,2,BCA,s0,frozen,BCA_shared,0.08630952380952381
recall,raw,C,2,2,BCA,s0,frozen,BCA_shared,0.017499999999999998
f1,raw,C,2,2,BCA,s0,frozen,BCA_shared,0.02874550972377059
specificity,raw,C,2,2,BCA,s0,frozen,BCA_shared,0.9899441340782122
balanced_accuracy,raw,C,2,2,BCA,s0,frozen,BCA_shared,0.5037220670391063
mcc,raw,C,2,2,BCA,s0,frozen,BCA_shared,0.016234923638866784
map,raw,C,2,2,BCA,s0,frozen,BCA_shared,0.1648705797128962
mrr,raw,C,2,2,BCA,s0,frozen,BCA_shared,0.18544124389730893
recall_at_1,raw,C,2,2,BCA,s0,frozen,BCA_shared,0.04285714285714286
recall_at_3,raw,C,2,2,BCA,s0,frozen,BCA_shared,0.11160714285714286
recall_at_5,raw,C,2,2,BCA,s0,frozen,BCA_shared,0.19196428571428573
recall_at_10,raw,C,2,2,BCA,s0,frozen,BCA_shared,0.3919642857142857
ndcg_at_1,raw,C,2,2,BCA,s0,frozen,BCA_shared,0.062499999999999986
ndcg_at_3,raw,C,2,2,BCA,s0,frozen,BCA_shared,0.09027008270726743
ndcg_at_5,raw,C,2,2,BCA,s0,frozen,BCA_shared,0.12698227840940202
ndcg_at_10,raw,C,2,2,BCA,s0,frozen,BCA_shared,0.19599990175990117
average_precision,stage-cal,C,2,2,BCA,s0,frozen,BCA_shared,0.06730128778277061
trapezoidal_pr_auc,stage-cal,C,2,2,BCA,s0,frozen,BCA_shared,0.058548517943810274
roc_auc,stage-cal,C,2,2,BCA,s0,frozen,BCA_shared,0.5025418994413409
recall_at_fpr_1pct,stage-cal,C,2,2,BCA,s0,frozen,BCA_shared,0.0225
brier,stage-cal,C,2,2,BCA,s0,frozen,BCA_shared,0.15152624430985573
log_loss,stage-cal,C,2,2,BCA,s0,frozen,BCA_shared,0.48857998059226065
precision,stage-cal,C,2,2,BCA,s0,frozen,BCA_shared,0.06164772727272727
recall,stage-cal,C,2,2,BCA,s0,frozen,BCA_shared,0.035
f1,stage-cal,C,2,2,BCA,s0,frozen,BCA_shared,0.04422437605879734
specificity,stage-cal,C,2,2,BCA,s0,frozen,BCA_shared,0.9710893854748603
balanced_accuracy,stage-cal,C,2,2,BCA,s0,frozen,BCA_shared,0.5030446927374302
mcc,stage-cal,C,2,2,BCA,s0,frozen,BCA_shared,0.007564765046579554
map,stage-cal,C,2,2,BCA,s0,frozen,BCA_shared,0.1648705797128962
mrr,stage-cal,C,2,2,BCA,s0,frozen,BCA_shared,0.18544124389730893
recall_at_1,stage-cal,C,2,2,BCA,s0,frozen,BCA_shared,0.04285714285714286
recall_at_3,stage-cal,C,2,2,BCA,s0,frozen,BCA_shared,0.11160714285714286
recall_at_5,stage-cal,C,2,2,BCA,s0,frozen,BCA_shared,0.19196428571428573
recall_at_10,stage-cal,C,2,2,BCA,s0,frozen,BCA_shared,0.3919642857142857
ndcg_at_1,stage-cal,C,2,2,BCA,s0,frozen,BCA_shared,0.062499999999999986
ndcg_at_3,stage-cal,C,2,2,BCA,s0,frozen,BCA_shared,0.09027008270726743
ndcg_at_5,stage-cal,C,2,2,BCA,s0,frozen,BCA_shared,0.12698227840940202
ndcg_at_10,stage-cal,C,2,2,BCA,s0,frozen,BCA_shared,0.19599990175990117
average_precision,first-cal,C,2,2,BCA,s0,frozen,BCA_shared,0.06730128778277061
trapezoidal_pr_auc,first-cal,C,2,2,BCA,s0,frozen,BCA_shared,0.058548517943810274
roc_auc,first-cal,C,2,2,BCA,s0,frozen,BCA_shared,0.5025418994413409
recall_at_fpr_1pct,first-cal,C,2,2,BCA,s0,frozen,BCA_shared,0.0225
brier,first-cal,C,2,2,BCA,s0,frozen,BCA_shared,0.11947602806590989
log_loss,first-cal,C,2,2,BCA,s0,frozen,BCA_shared,0.4152438540574611
precision,first-cal,C,2,2,BCA,s0,frozen,BCA_shared,0.06
recall,first-cal,C,2,2,BCA,s0,frozen,BCA_shared,0.0125
f1,first-cal,C,2,2,BCA,s0,frozen,BCA_shared,0.0205273132664437
specificity,first-cal,C,2,2,BCA,s0,frozen,BCA_shared,0.9906424581005588
balanced_accuracy,first-cal,C,2,2,BCA,s0,frozen,BCA_shared,0.5015712290502794
mcc,first-cal,C,2,2,BCA,s0,frozen,BCA_shared,0.0055927004786578555
map,first-cal,C,2,2,BCA,s0,frozen,BCA_shared,0.1648705797128962
mrr,first-cal,C,2,2,BCA,s0,frozen,BCA_shared,0.18544124389730893
recall_at_1,first-cal,C,2,2,BCA,s0,frozen,BCA_shared,0.04285714285714286
recall_at_3,first-cal,C,2,2,BCA,s0,frozen,BCA_shared,0.11160714285714286
recall_at_5,first-cal,C,2,2,BCA,s0,frozen,BCA_shared,0.19196428571428573
recall_at_10,first-cal,C,2,2,BCA,s0,frozen,BCA_shared,0.3919642857142857
ndcg_at_1,first-cal,C,2,2,BCA,s0,frozen,BCA_shared,0.062499999999999986
ndcg_at_3,first-cal,C,2,2,BCA,s0,frozen,BCA_shared,0.09027008270726743
ndcg_at_5,first-cal,C,2,2,BCA,s0,frozen,BCA_shared,0.12698227840940202
ndcg_at_10,first-cal,C,2,2,BCA,s0,frozen,BCA_shared,0.19599990175990117
average_precision,raw,C,2,3,BCA,s0,frozen,BCA_shared,0.06730128778277061
trapezoidal_pr_auc,raw,C,2,3,BCA,s0,frozen,BCA_shared,0.058548517943810274
roc_auc,raw,C,2,3,BCA,s0,frozen,BCA_shared,0.5025418994413409
recall_at_fpr_1pct,raw,C,2,3,BCA,s0,frozen,BCA_shared,0.0225
brier,raw,C,2,3,BCA,s0,frozen,BCA_shared,0.11493035550450773
log_loss,raw,C,2,3,BCA,s0,frozen,BCA_shared,0.4033735617962339
precision,raw,C,2,3,BCA,s0,frozen,BCA_shared,0.08630952380952381
recall,raw,C,2,3,BCA,s0,frozen,BCA_shared,0.017499999999999998
f1,raw,C,2,3,BCA,s0,frozen,BCA_shared,0.02874550972377059
specificity,raw,C,2,3,BCA,s0,frozen,BCA_shared,0.9899441340782122
balanced_accuracy,raw,C,2,3,BCA,s0,frozen,BCA_shared,0.5037220670391063
mcc,raw,C,2,3,BCA,s0,frozen,BCA_shared,0.016234923638866784
map,raw,C,2,3,BCA,s0,frozen,BCA_shared,0.1648705797128962
mrr,raw,C,2,3,BCA,s0,frozen,BCA_shared,0.18544124389730893
recall_at_1,raw,C,2,3,BCA,s0,frozen,BCA_shared,0.04285714285714286
recall_at_3,raw,C,2,3,BCA,s0,frozen,BCA_shared,0.11160714285714286
recall_at_5,raw,C,2,3,BCA,s0,frozen,BCA_shared,0.19196428571428573
recall_at_10,raw,C,2,3,BCA,s0,frozen,BCA_shared,0.3919642857142857
ndcg_at_1,raw,C,2,3,BCA,s0,frozen,BCA_shared,0.062499999999999986
ndcg_at_3,raw,C,2,3,BCA,s0,frozen,BCA_shared,0.09027008270726743
ndcg_at_5,raw,C,2,3,BCA,s0,frozen,BCA_shared,0.12698227840940202
ndcg_at_10,raw,C,2,3,BCA,s0,frozen,BCA_shared,0.19599990175990117
average_precision,stage-cal,C,2,3,BCA,s0,frozen,BCA_shared,0.06730128778277061
trapezoidal_pr_auc,stage-cal,C,2,3,BCA,s0,frozen,BCA_shared,0.058548517943810274
roc_auc,stage-cal,C,2,3,BCA,s0,frozen,BCA_shared,0.5025418994413409
recall_at_fpr_1pct,stage-cal,C,2,3,BCA,s0,frozen,BCA_shared,0.0225
brier,stage-cal,C,2,3,BCA,s0,frozen,BCA_shared,0.15152624430985573
log_loss,stage-cal,C,2,3,BCA,s0,frozen,BCA_shared,0.48857998059226065
precision,stage-cal,C,2,3,BCA,s0,frozen,BCA_shared,0.06164772727272727
recall,stage-cal,C,2,3,BCA,s0,frozen,BCA_shared,0.035
f1,stage-cal,C,2,3,BCA,s0,frozen,BCA_shared,0.04422437605879734
specificity,stage-cal,C,2,3,BCA,s0,frozen,BCA_shared,0.9710893854748603
balanced_accuracy,stage-cal,C,2,3,BCA,s0,frozen,BCA_shared,0.5030446927374302
mcc,stage-cal,C,2,3,BCA,s0,frozen,BCA_shared,0.007564765046579554
map,stage-cal,C,2,3,BCA,s0,frozen,BCA_shared,0.1648705797128962
mrr,stage-cal,C,2,3,BCA,s0,frozen,BCA_shared,0.18544124389730893
recall_at_1,stage-cal,C,2,3,BCA,s0,frozen,BCA_shared,0.04285714285714286
recall_at_3,stage-cal,C,2,3,BCA,s0,frozen,BCA_shared,0.11160714285714286
recall_at_5,stage-cal,C,2,3,BCA,s0,frozen,BCA_shared,0.19196428571428573
recall_at_10,stage-cal,C,2,3,BCA,s0,frozen,BCA_shared,0.3919642857142857
ndcg_at_1,stage-cal,C,2,3,BCA,s0,frozen,BCA_shared,0.062499999999999986
ndcg_at_3,stage-cal,C,2,3,BCA,s0,frozen,BCA_shared,0.09027008270726743
ndcg_at_5,stage-cal,C,2,3,BCA,s0,frozen,BCA_shared,0.12698227840940202
ndcg_at_10,stage-cal,C,2,3,BCA,s0,frozen,BCA_shared,0.19599990175990117
average_precision,first-cal,C,2,3,BCA,s0,frozen,BCA_shared,0.06730128778277061
trapezoidal_pr_auc,first-cal,C,2,3,BCA,s0,frozen,BCA_shared,0.058548517943810274
roc_auc,first-cal,C,2,3,BCA,s0,frozen,BCA_shared,0.5025418994413409
recall_at_fpr_1pct,first-cal,C,2,3,BCA,s0,frozen,BCA_shared,0.0225
brier,first-cal,C,2,3,BCA,s0,frozen,BCA_shared,0.11947602806590989
log_loss,first-cal,C,2,3,BCA,s0,frozen,BCA_shared,0.4152438540574611
precision,first-cal,C,2,3,BCA,s0,frozen,BCA_shared,0.06
recall,first-cal,C,2,3,BCA,s0,frozen,BCA_shared,0.0125
f1,first-cal,C,2,3,BCA,s0,frozen,BCA_shared,0.0205273132664437
specificity,first-cal,C,2,3,BCA,s0,frozen,BCA_shared,0.9906424581005588
balanced_accuracy,first-cal,C,2,3,BCA,s0,frozen,BCA_shared,0.5015712290502794
mcc,first-cal,C,2,3,BCA,s0,frozen,BCA_shared,0.0055927004786578555
map,first-cal,C,2,3,BCA,s0,frozen,BCA_shared,0.1648705797128962
mrr,first-cal,C,2,3,BCA,s0,frozen,BCA_shared,0.18544124389730893
recall_at_1,first-cal,C,2,3,BCA,s0,frozen,BCA_shared,0.04285714285714286
recall_at_3,first-cal,C,2,3,BCA,s0,frozen,BCA_shared,0.11160714285714286
recall_at_5,first-cal,C,2,3,BCA,s0,frozen,BCA_shared,0.19196428571428573
recall_at_10,first-cal,C,2,3,BCA,s0,frozen,BCA_shared,0.3919642857142857
ndcg_at_1,first-cal,C,2,3,BCA,s0,frozen,BCA_shared,0.062499999999999986
ndcg_at_3,first-cal,C,2,3,BCA,s0,frozen,BCA_shared,0.09027008270726743
ndcg_at_5,first-cal,C,2,3,BCA,s0,frozen,BCA_shared,0.12698227840940202
ndcg_at_10,first-cal,C,2,3,BCA,s0,frozen,BCA_shared,0.19599990175990117
average_precision,raw,C,2,1,BCA,s0,seq,BCA_shared,0.06730128778277061
trapezoidal_pr_auc,raw,C,2,1,BCA,s0,seq,BCA_shared,0.058548517943810274
roc_auc,raw,C,2,1,BCA,s0,seq,BCA_shared,0.5025418994413409
recall_at_fpr_1pct,raw,C,2,1,BCA,s0,seq,BCA_shared,0.0225
brier,raw,C,2,1,BCA,s0,seq,BCA_shared,0.11493035550450773
log_loss,raw,C,2,1,BCA,s0,seq,BCA_shared,0.4033735617962339
precision,raw,C,2,1,BCA,s0,seq,BCA_shared,0.08630952380952381
recall,raw,C,2,1,BCA,s0,seq,BCA_shared,0.017499999999999998
f1,raw,C,2,1,BCA,s0,seq,BCA_shared,0.02874550972377059
specificity,raw,C,2,1,BCA,s0,seq,BCA_shared,0.9899441340782122
balanced_accuracy,raw,C,2,1,BCA,s0,seq,BCA_shared,0.5037220670391063
mcc,raw,C,2,1,BCA,s0,seq,BCA_shared,0.016234923638866784
map,raw,C,2,1,BCA,s0,seq,BCA_shared,0.1648705797128962
mrr,raw,C,2,1,BCA,s0,seq,BCA_shared,0.18544124389730893
recall_at_1,raw,C,2,1,BCA,s0,seq,BCA_shared,0.04285714285714286
recall_at_3,raw,C,2,1,BCA,s0,seq,BCA_shared,0.11160714285714286
recall_at_5,raw,C,2,1,BCA,s0,seq,BCA_shared,0.19196428571428573
recall_at_10,raw,C,2,1,BCA,s0,seq,BCA_shared,0.3919642857142857
ndcg_at_1,raw,C,2,1,BCA,s0,seq,BCA_shared,0.062499999999999986
ndcg_at_3,raw,C,2,1,BCA,s0,seq,BCA_shared,0.09027008270726743
ndcg_at_5,raw,C,2,1,BCA,s0,seq,BCA_shared,0.12698227840940202
ndcg_at_10,raw,C,2,1,BCA,s0,seq,BCA_shared,0.19599990175990117
average_precision,stage-cal,C,2,1,BCA,s0,seq,BCA_shared,0.06730128778277061
trapezoidal_pr_auc,stage-cal,C,2,1,BCA,s0,seq,BCA_shared,0.058548517943810274
roc_auc,stage-cal,C,2,1,BCA,s0,seq,BCA_shared,0.5025418994413409
recall_at_fpr_1pct,stage-cal,C,2,1,BCA,s0,seq,BCA_shared,0.0225
brier,stage-cal,C,2,1,BCA,s0,seq,BCA_shared,0.15152624430985573
log_loss,stage-cal,C,2,1,BCA,s0,seq,BCA_shared,0.48857998059226065
precision,stage-cal,C,2,1,BCA,s0,seq,BCA_shared,0.06164772727272727
recall,stage-cal,C,2,1,BCA,s0,seq,BCA_shared,0.035
f1,stage-cal,C,2,1,BCA,s0,seq,BCA_shared,0.04422437605879734
specificity,stage-cal,C,2,1,BCA,s0,seq,BCA_shared,0.9710893854748603
balanced_accuracy,stage-cal,C,2,1,BCA,s0,seq,BCA_shared,0.5030446927374302
mcc,stage-cal,C,2,1,BCA,s0,seq,BCA_shared,0.007564765046579554
map,stage-cal,C,2,1,BCA,s0,seq,BCA_shared,0.1648705797128962
mrr,stage-cal,C,2,1,BCA,s0,seq,BCA_shared,0.18544124389730893
recall_at_1,stage-cal,C,2,1,BCA,s0,seq,BCA_shared,0.04285714285714286
recall_at_3,stage-cal,C,2,1,BCA,s0,seq,BCA_shared,0.11160714285714286
recall_at_5,stage-cal,C,2,1,BCA,s0,seq,BCA_shared,0.19196428571428573
recall_at_10,stage-cal,C,2,1,BCA,s0,seq,BCA_shared,0.3919642857142857
ndcg_at_1,stage-cal,C,2,1,BCA,s0,seq,BCA_shared,0.062499999999999986
ndcg_at_3,stage-cal,C,2,1,BCA,s0,seq,BCA_shared,0.09027008270726743
ndcg_at_5,stage-cal,C,2,1,BCA,s0,seq,BCA_shared,0.12698227840940202
ndcg_at_10,stage-cal,C,2,1,BCA,s0,seq,BCA_shared,0.19599990175990117
average_precision,first-cal,C,2,1,BCA,s0,seq,BCA_shared,0.06730128778277061
trapezoidal_pr_auc,first-cal,C,2,1,BCA,s0,seq,BCA_shared,0.058548517943810274
roc_auc,first-cal,C,2,1,BCA,s0,seq,BCA_shared,0.5025418994413409
recall_at_fpr_1pct,first-cal,C,2,1,BCA,s0,seq,BCA_shared,0.0225
brier,first-cal,C,2,1,BCA,s0,seq,BCA_shared,0.11947602806590989
log_loss,first-cal,C,2,1,BCA,s0,seq,BCA_shared,0.4152438540574611
precision,first-cal,C,2,1,BCA,s0,seq,BCA_shared,0.06
recall,first-cal,C,2,1,BCA,s0,seq,BCA_shared,0.0125
f1,first-cal,C,2,1,BCA,s0,seq,BCA_shared,0.0205273132664437
specificity,first-cal,C,2,1,BCA,s0,seq,BCA_shared,0.9906424581005588
balanced_accuracy,first-cal,C,2,1,BCA,s0,seq,BCA_shared,0.5015712290502794
mcc,first-cal,C,2,1,BCA,s0,seq,BCA_shared,0.0055927004786578555
map,first-cal,C,2,1,BCA,s0,seq,BCA_shared,0.1648705797128962
mrr,first-cal,C,2,1,BCA,s0,seq,BCA_shared,0.18544124389730893
recall_at_1,first-cal,C,2,1,BCA,s0,seq,BCA_shared,0.04285714285714286
recall_at_3,first-cal,C,2,1,BCA,s0,seq,BCA_shared,0.11160714285714286
recall_at_5,first-cal,C,2,1,BCA,s0,seq,BCA_shared,0.19196428571428573
recall_at_10,first-cal,C,2,1,BCA,s0,seq,BCA_shared,0.3919642857142857
ndcg_at_1,first-cal,C,2,1,BCA,s0,seq,BCA_shared,0.062499999999999986
ndcg_at_3,first-cal,C,2,1,BCA,s0,seq,BCA_shared,0.09027008270726743
ndcg_at_5,first-cal,C,2,1,BCA,s0,seq,BCA_shared,0.12698227840940202
ndcg_at_10,first-cal,C,2,1,BCA,s0,seq,BCA_shared,0.19599990175990117
average_precision,raw,C,2,2,BCA,s0,seq,BCA_seq_stage2,0.06669028554544298
trapezoidal_pr_auc,raw,C,2,2,BCA,s0,seq,BCA_seq_stage2,0.057954175728968625
roc_auc,raw,C,2,2,BCA,s0,seq,BCA_seq_stage2,0.501627094972067
recall_at_fpr_1pct,raw,C,2,2,BCA,s0,seq,BCA_seq_stage2,0.0225
brier,raw,C,2,2,BCA,s0,seq,BCA_seq_stage2,0.11627661260706879
log_loss,raw,C,2,2,BCA,s0,seq,BCA_seq_stage2,0.40655633080948855
precision,raw,C,2,2,BCA,s0,seq,BCA_seq_stage2,0.08845238095238094
recall,raw,C,2,2,BCA,s0,seq,BCA_seq_stage2,0.019999999999999997
f1,raw,C,2,2,BCA,s0,seq,BCA_seq_stage2,0.032255233494363926
specificity,raw,C,2,2,BCA,s0,seq,BCA_seq_stage2,0.9882681564245811
balanced_accuracy,raw,C,2,2,BCA,s0,seq,BCA_seq_stage2,0.5041340782122905
mcc,raw,C,2,2,BCA,s0,seq,BCA_seq_stage2,0.017391335324371614
map,raw,C,2,2,BCA,s0,seq,BCA_seq_stage2,0.16142783666422417
mrr,raw,C,2,2,BCA,s0,seq,BCA_seq_stage2,0.18111366204633964
recall_at_1,raw,C,2,2,BCA,s0,seq,BCA_seq_stage2,0.039285714285714285
recall_at_3,raw,C,2,2,BCA,s0,seq,BCA_seq_stage2,0.10714285714285714
recall_at_5,raw,C,2,2,BCA,s0,seq,BCA_seq_stage2,0.18303571428571433
recall_at_10,raw,C,2,2,BCA,s0,seq,BCA_seq_stage2,0.39375000000000004
ndcg_at_1,raw,C,2,2,BCA,s0,seq,BCA_seq_stage2,0.05714285714285714
ndcg_at_3,raw,C,2,2,BCA,s0,seq,BCA_seq_stage2,0.08610787773449656
ndcg_at_5,raw,C,2,2,BCA,s0,seq,BCA_seq_stage2,0.12068434037236708
ndcg_at_10,raw,C,2,2,BCA,s0,seq,BCA_seq_stage2,0.19397152000852505
average_precision,stage-cal,C,2,2,BCA,s0,seq,BCA_seq_stage2,0.06669028554544298
trapezoidal_pr_auc,stage-cal,C,2,2,BCA,s0,seq,BCA_seq_stage2,0.057954175728968625
roc_auc,stage-cal,C,2,2,BCA,s0,seq,BCA_seq_stage2,0.501627094972067
recall_at_fpr_1pct,stage-cal,C,2,2,BCA,s0,seq,BCA_seq_stage2,0.0225
brier,stage-cal,C,2,2,BCA,s0,seq,BCA_seq_stage2,0.15294110867039779
log_loss,stage-cal,C,2,2,BCA,s0,seq,BCA_seq_stage2,0.4916439048364111
precision,stage-cal,C,2,2,BCA,s0,seq,BCA_seq_stage2,0.05981206293706294
recall,stage-cal,C,2,2,BCA,s0,seq,BCA_seq_stage2,0.03500000000000001
f1,stage-cal,C,2,2,BCA,s0,seq,BCA_seq_stage2,0.04351811994931543
specificity,stage-cal,C,2,2,BCA,s0,seq,BCA_seq_stage2,0.9687150837988826
balanced_accuracy,stage-cal,C,2,2,BCA,s0,seq,BCA_seq_stage2,0.5018575418994414
mcc,stage-cal,C,2,2,BCA,s0,seq,BCA_seq_stage2,0.005191058964548673
map,stage-cal,C,2,2,BCA,s0,seq,BCA_seq_stage2,0.16142783666422417
mrr,stage-cal,C,2,2,BCA,s0,seq,BCA_seq_stage2,0.18111366204633964
recall_at_1,stage-cal,C,2,2,BCA,s0,seq,BCA_seq_stage2,0.039285714285714285
recall_at_3,stage-cal,C,2,2,BCA,s0,seq,BCA_seq_stage2,0.10714285714285714
recall_at_5,stage-cal,C,2,2,BCA,s0,seq,BCA_seq_stage2,0.18303571428571433
recall_at_10,stage-cal,C,2,2,BCA,s0,seq,BCA_seq_stage2,0.39375000000000004
ndcg_at_1,stage-cal,C,2,2,BCA,s0,seq,BCA_seq_stage2,0.05714285714285714
ndcg_at_3,stage-cal,C,2,2,BCA,s0,seq,BCA_seq_stage2,0.08610787773449656
ndcg_at_5,stage-cal,C,2,2,BCA,s0,seq,BCA_seq_stage2,0.12068434037236708
ndcg_at_10,stage-cal,C,2,2,BCA,s0,seq,BCA_seq_stage2,0.19397152000852505
average_precision,first-cal,C,2,2,BCA,s0,seq,BCA_seq_stage2,0.06669028554544298
trapezoidal_pr_auc,first-cal,C,2,2,BCA,s0,seq,BCA_seq_stage2,0.057954175728968625
roc_auc,first-cal,C,2,2,BCA,s0,seq,BCA_seq_stage2,0.501627094972067
recall_at_fpr_1pct,first-cal,C,2,2,BCA,s0,seq,BCA_seq_stage2,0.0225
brier,first-cal,C,2,2,BCA,s0,seq,BCA_seq_stage2,0.12076271201100423
log_loss,first-cal,C,2,2,BCA,s0,seq,BCA_seq_stage2,0.41823971118718395
precision,first-cal,C,2,2,BCA,s0,seq,BCA_seq_stage2,0.08416666666666667
recall,first-cal,C,2,2,BCA,s0,seq,BCA_seq_stage2,0.017499999999999998
f1,first-cal,C,2,2,BCA,s0,seq,BCA_seq_stage2,0.028847826086956525
specificity,first-cal,C,2,2,BCA,s0,seq,BCA_seq_stage2,0.9905027932960895
balanced_accuracy,first-cal,C,2,2,BCA,s0,seq,BCA_seq_stage2,0.5040013966480448
mcc,first-cal,C,2,2,BCA,s0,seq,BCA_seq_stage2,0.016421361342167044
map,first-cal,C,2,2,BCA,s0,seq,BCA_seq_stage2,0.16142783666422417
mrr,first-cal,C,2,2,BCA,s0,seq,BCA_seq_stage2,0.18111366204633964
recall_at_1,first-cal,C,2,2,BCA,s0,seq,BCA_seq_stage2,0.039285714285714285
recall_at_3,first-cal,C,2,2,BCA,s0,seq,BCA_seq_stage2,0.10714285714285714
recall_at_5,first-cal,C,2,2,BCA,s0,seq,BCA_seq_stage2,0.18303571428571433
recall_at_10,first-cal,C,2,2,BCA,s0,seq,BCA_seq_stage2,0.39375000000000004
ndcg_at_1,first-cal,C,2,2,BCA,s0,seq,BCA_seq_stage2,0.05714285714285714
ndcg_at_3,first-cal,C,2,2,BCA,s0,seq,BCA_seq_stage2,0.08610787773449656
ndcg_at_5,first-cal,C,2,2,BCA,s0,seq,BCA_seq_stage2,0.12068434037236708
ndcg_at_10,first-cal,C,2,2,BCA,s0,seq,BCA_seq_stage2,0.19397152000852505
average_precision,raw,C,2,3,BCA,s0,seq,BCA_seq_stage3,0.06699411637853336
trapezoidal_pr_auc,raw,C,2,3,BCA,s0,seq,BCA_seq_stage3,0.05837933547300779
roc_auc,raw,C,2,3,BCA,s0,seq,BCA_seq_stage3,0.5008310055865922
recall_at_fpr_1pct,raw,C,2,3,BCA,s0,seq,BCA_seq_stage3,0.0225
brier,raw,C,2,3,BCA,s0,seq,BCA_seq_stage3,0.11770655056379745
log_loss,raw,C,2,3,BCA,s0,seq,BCA_seq_stage3,0.40992875278738694
precision,raw,C,2,3,BCA,s0,seq,BCA_seq_stage3,0.08172619047619048
recall,raw,C,2,3,BCA,s0,seq,BCA_seq_stage3,0.019999999999999997
f1,raw,C,2,3,BCA,s0,seq,BCA_seq_stage3,0.03164859938772982
specificity,raw,C,2,3,BCA,s0,seq,BCA_seq_stage3,0.9877094972067038
balanced_accuracy,raw,C,2,3,BCA,s0,seq,BCA_seq_stage3,0.503854748603352
mcc,raw,C,2,3,BCA,s0,seq,BCA_seq_stage3,0.015010316986369437
map,raw,C,2,3,BCA,s0,seq,BCA_seq_stage3,0.16230399056222267
mrr,raw,C,2,3,BCA,s0,seq,BCA_seq_stage3,0.18174941281629478
recall_at_1,raw,C,2,3,BCA,s0,seq,BCA_seq_stage3,0.039285714285714285
recall_at_3,raw,C,2,3,BCA,s0,seq,BCA_seq_stage3,0.11875
recall_at_5,raw,C,2,3,BCA,s0,seq,BCA_seq_stage3,0.19017857142857145
recall_at_10,raw,C,2,3,BCA,s0,seq,BCA_seq_stage3,0.38571428571428573
ndcg_at_1,raw,C,2,3,BCA,s0,seq,BCA_seq_stage3,0.05535714285714285
ndcg_at_3,raw,C,2,3,BCA,s0,seq,BCA_seq_stage3,0.09236366222339205
ndcg_at_5,raw,C,2,3,BCA,s0,seq,BCA_seq_stage3,0.12420365504913869
ndcg_at_10,raw,C,2,3,BCA,s0,seq,BCA_seq_stage3,0.19229600926633916
average_precision,stage-cal,C,2,3,BCA,s0,seq,BCA_seq_stage3,0.06699411637853336
trapezoidal_pr_auc,stage-cal,C,2,3,BCA,s0,seq,BCA_seq_stage3,0.05837933547300779
roc_auc,stage-cal,C,2,3,BCA,s0,seq,BCA_seq_stage3,0.5008310055865922
recall_at_fpr_1pct,stage-cal,C,2,3,BCA,s0,seq,BCA_seq_stage3,0.0225
brier,stage-cal,C,2,3,BCA,s0,seq,BCA_seq_stage3,0.1544395670220054
log_loss,stage-cal,C,2,3,BCA,s0,seq,BCA_seq_stage3,0.494887315176347
precision,stage-cal,C,2,3,BCA,s0,seq,BCA_seq_stage3,0.06141556757655829
recall,stage-cal,C,2,3,BCA,s0,seq,BCA_seq_stage3,0.037500000000000006
f1,stage-cal,C,2,3,BCA,s0,seq,BCA_seq_stage3,0.046025172997789625
specificity,stage-cal,C,2,3,BCA,s0,seq,BCA_seq_stage3,0.9671787709497206
balanced_accuracy,stage-cal,C,2,3,BCA,s0,seq,BCA_seq_stage3,0.5023393854748603
mcc,stage-cal,C,2,3,BCA,s0,seq,BCA_seq_stage3,0.006500673409464941
map,stage-cal,C,2,3,BCA,s0,seq,BCA_seq_stage3,0.16230399056222267
mrr,stage-cal,C,2,3,BCA,s0,seq,BCA_seq_stage3,0.18174941281629478
recall_at_1,stage-cal,C,2,3,BCA,s0,seq,BCA_seq_stage3,0.039285714285714285
recall_at_3,stage-cal,C,2,3,BCA,s0,seq,BCA_seq_stage3,0.11875
recall_at_5,stage-cal,C,2,3,BCA,s0,seq,BCA_seq_stage3,0.19017857142857145
recall_at_10,stage-cal,C,2,3,BCA,s0,seq,BCA_seq_stage3,0.38571428571428573
ndcg_at_1,stage-cal,C,2,3,BCA,s0,seq,BCA_seq_stage3,0.05535714285714285
ndcg_at_3,stage-cal,C,2,3,BCA,s0,seq,BCA_seq_stage3,0.09236366222339205
ndcg_at_5,stage-cal,C,2,3,BCA,s0,seq,BCA_seq_stage3,0.12420365504913869
ndcg_at_10,stage-cal,C,2,3,BCA,s0,seq,BCA_seq_stage3,0.19229600926633916
average_precision,first-cal,C,2,3,BCA,s0,seq,BCA_seq_stage3,0.06699411637853336
trapezoidal_pr_auc,first-cal,C,2,3,BCA,s0,seq,BCA_seq_stage3,0.05837933547300779
roc_auc,first-cal,C,2,3,BCA,s0,seq,BCA_seq_stage3,0.5008310055865922
recall_at_fpr_1pct,first-cal,C,2,3,BCA,s0,seq,BCA_seq_stage3,0.0225
brier,first-cal,C,2,3,BCA,s0,seq,BCA_seq_stage3,0.12212652788537963
log_loss,first-cal,C,2,3,BCA,s0,seq,BCA_seq_stage3,0.4214096487268765
precision,first-cal,C,2,3,BCA,s0,seq,BCA_seq_stage3,0.08499999999999999
recall,first-cal,C,2,3,BCA,s0,seq,BCA_seq_stage3,0.017499999999999998
f1,first-cal,C,2,3,BCA,s0,seq,BCA_seq_stage3,0.028721293199554066
specificity,first-cal,C,2,3,BCA,s0,seq,BCA_seq_stage3,0.9906424581005586
balanced_accuracy,first-cal,C,2,3,BCA,s0,seq,BCA_seq_stage3,0.5040712290502793
mcc,first-cal,C,2,3,BCA,s0,seq,BCA_seq_stage3,0.016731062280305707
map,first-cal,C,2,3,BCA,s0,seq,BCA_seq_stage3,0.16230399056222267
mrr,first-cal,C,2,3,BCA,s0,seq,BCA_seq_stage3,0.18174941281629478
recall_at_1,first-cal,C,2,3,BCA,s0,seq,BCA_seq_stage3,0.039285714285714285
recall_at_3,first-cal,C,2,3,BCA,s0,seq,BCA_seq_stage3,0.11875
recall_at_5,first-cal,C,2,3,BCA,s0,seq,BCA_seq_stage3,0.19017857142857145
recall_at_10,first-cal,C,2,3,BCA,s0,seq,BCA_seq_stage3,0.38571428571428573
ndcg_at_1,first-cal,C,2,3,BCA,s0,seq,BCA_seq_stage3,0.05535714285714285
ndcg_at_3,first-cal,C,2,3,BCA,s0,seq,BCA_seq_stage3,0.09236366222339205
ndcg_at_5,first-cal,C,2,3,BCA,s0,seq,BCA_seq_stage3,0.12420365504913869
ndcg_at_10,first-cal,C,2,3,BCA,s0,seq,BCA_seq_stage3,0.19229600926633916
average_precision,raw,C,2,1,BCA,s0,er,BCA_shared,0.06730128778277061
trapezoidal_pr_auc,raw,C,2,1,BCA,s0,er,BCA_shared,0.058548517943810274
roc_auc,raw,C,2,1,BCA,s0,er,BCA_shared,0.5025418994413409
recall_at_fpr_1pct,raw,C,2,1,BCA,s0,er,BCA_shared,0.0225
brier,raw,C,2,1,BCA,s0,er,BCA_shared,0.11493035550450773
log_loss,raw,C,2,1,BCA,s0,er,BCA_shared,0.4033735617962339
precision,raw,C,2,1,BCA,s0,er,BCA_shared,0.08630952380952381
recall,raw,C,2,1,BCA,s0,er,BCA_shared,0.017499999999999998
f1,raw,C,2,1,BCA,s0,er,BCA_shared,0.02874550972377059
specificity,raw,C,2,1,BCA,s0,er,BCA_shared,0.9899441340782122
balanced_accuracy,raw,C,2,1,BCA,s0,er,BCA_shared,0.5037220670391063
mcc,raw,C,2,1,BCA,s0,er,BCA_shared,0.016234923638866784
map,raw,C,2,1,BCA,s0,er,BCA_shared,0.1648705797128962
mrr,raw,C,2,1,BCA,s0,er,BCA_shared,0.18544124389730893
recall_at_1,raw,C,2,1,BCA,s0,er,BCA_shared,0.04285714285714286
recall_at_3,raw,C,2,1,BCA,s0,er,BCA_shared,0.11160714285714286
recall_at_5,raw,C,2,1,BCA,s0,er,BCA_shared,0.19196428571428573
recall_at_10,raw,C,2,1,BCA,s0,er,BCA_shared,0.3919642857142857
ndcg_at_1,raw,C,2,1,BCA,s0,er,BCA_shared,0.062499999999999986
ndcg_at_3,raw,C,2,1,BCA,s0,er,BCA_shared,0.09027008270726743
ndcg_at_5,raw,C,2,1,BCA,s0,er,BCA_shared,0.12698227840940202
ndcg_at_10,raw,C,2,1,BCA,s0,er,BCA_shared,0.19599990175990117
average_precision,stage-cal,C,2,1,BCA,s0,er,BCA_shared,0.06730128778277061
trapezoidal_pr_auc,stage-cal,C,2,1,BCA,s0,er,BCA_shared,0.058548517943810274
roc_auc,stage-cal,C,2,1,BCA,s0,er,BCA_shared,0.5025418994413409
recall_at_fpr_1pct,stage-cal,C,2,1,BCA,s0,er,BCA_shared,0.0225
brier,stage-cal,C,2,1,BCA,s0,er,BCA_shared,0.15152624430985573
log_loss,stage-cal,C,2,1,BCA,s0,er,BCA_shared,0.48857998059226065
precision,stage-cal,C,2,1,BCA,s0,er,BCA_shared,0.06164772727272727
recall,stage-cal,C,2,1,BCA,s0,er,BCA_shared,0.035
f1,stage-cal,C,2,1,BCA,s0,er,BCA_shared,0.04422437605879734
specificity,stage-cal,C,2,1,BCA,s0,er,BCA_shared,0.9710893854748603
balanced_accuracy,stage-cal,C,2,1,BCA,s0,er,BCA_shared,0.5030446927374302
mcc,stage-cal,C,2,1,BCA,s0,er,BCA_shared,0.007564765046579554
map,stage-cal,C,2,1,BCA,s0,er,BCA_shared,0.1648705797128962
mrr,stage-cal,C,2,1,BCA,s0,er,BCA_shared,0.18544124389730893
recall_at_1,stage-cal,C,2,1,BCA,s0,er,BCA_shared,0.04285714285714286
recall_at_3,stage-cal,C,2,1,BCA,s0,er,BCA_shared,0.11160714285714286
recall_at_5,stage-cal,C,2,1,BCA,s0,er,BCA_shared,0.19196428571428573
recall_at_10,stage-cal,C,2,1,BCA,s0,er,BCA_shared,0.3919642857142857
ndcg_at_1,stage-cal,C,2,1,BCA,s0,er,BCA_shared,0.062499999999999986
ndcg_at_3,stage-cal,C,2,1,BCA,s0,er,BCA_shared,0.09027008270726743
ndcg_at_5,stage-cal,C,2,1,BCA,s0,er,BCA_shared,0.12698227840940202
ndcg_at_10,stage-cal,C,2,1,BCA,s0,er,BCA_shared,0.19599990175990117
average_precision,first-cal,C,2,1,BCA,s0,er,BCA_shared,0.06730128778277061
trapezoidal_pr_auc,first-cal,C,2,1,BCA,s0,er,BCA_shared,0.058548517943810274
roc_auc,first-cal,C,2,1,BCA,s0,er,BCA_shared,0.5025418994413409
recall_at_fpr_1pct,first-cal,C,2,1,BCA,s0,er,BCA_shared,0.0225
brier,first-cal,C,2,1,BCA,s0,er,BCA_shared,0.11947602806590989
log_loss,first-cal,C,2,1,BCA,s0,er,BCA_shared,0.4152438540574611
precision,first-cal,C,2,1,BCA,s0,er,BCA_shared,0.06
recall,first-cal,C,2,1,BCA,s0,er,BCA_shared,0.0125
f1,first-cal,C,2,1,BCA,s0,er,BCA_shared,0.0205273132664437
specificity,first-cal,C,2,1,BCA,s0,er,BCA_shared,0.9906424581005588
balanced_accuracy,first-cal,C,2,1,BCA,s0,er,BCA_shared,0.5015712290502794
mcc,first-cal,C,2,1,BCA,s0,er,BCA_shared,0.0055927004786578555
map,first-cal,C,2,1,BCA,s0,er,BCA_shared,0.1648705797128962
mrr,first-cal,C,2,1,BCA,s0,er,BCA_shared,0.18544124389730893
recall_at_1,first-cal,C,2,1,BCA,s0,er,BCA_shared,0.04285714285714286
recall_at_3,first-cal,C,2,1,BCA,s0,er,BCA_shared,0.11160714285714286
recall_at_5,first-cal,C,2,1,BCA,s0,er,BCA_shared,0.19196428571428573
recall_at_10,first-cal,C,2,1,BCA,s0,er,BCA_shared,0.3919642857142857
ndcg_at_1,first-cal,C,2,1,BCA,s0,er,BCA_shared,0.062499999999999986
ndcg_at_3,first-cal,C,2,1,BCA,s0,er,BCA_shared,0.09027008270726743
ndcg_at_5,first-cal,C,2,1,BCA,s0,er,BCA_shared,0.12698227840940202
ndcg_at_10,first-cal,C,2,1,BCA,s0,er,BCA_shared,0.19599990175990117
average_precision,raw,C,2,2,BCA,s0,er,BCA_er_stage2,0.06655126606786196
trapezoidal_pr_auc,raw,C,2,2,BCA,s0,er,BCA_er_stage2,0.05793640012116983
roc_auc,raw,C,2,2,BCA,s0,er,BCA_er_stage2,0.5007751396648045
recall_at_fpr_1pct,raw,C,2,2,BCA,s0,er,BCA_er_stage2,0.0225
brier,raw,C,2,2,BCA,s0,er,BCA_er_stage2,0.11905102041227666
log_loss,raw,C,2,2,BCA,s0,er,BCA_er_stage2,0.41307108136186876
precision,raw,C,2,2,BCA,s0,er,BCA_er_stage2,0.10055555555555555
recall,raw,C,2,2,BCA,s0,er,BCA_er_stage2,0.025
f1,raw,C,2,2,BCA,s0,er,BCA_er_stage2,0.03942446633825944
specificity,raw,C,2,2,BCA,s0,er,BCA_er_stage2,0.9860335195530727
balanced_accuracy,raw,C,2,2,BCA,s0,er,BCA_er_stage2,0.5055167597765364
mcc,raw,C,2,2,BCA,s0,er,BCA_er_stage2,0.022968682572336883
map,raw,C,2,2,BCA,s0,er,BCA_er_stage2,0.16270723554223157
mrr,raw,C,2,2,BCA,s0,er,BCA_er_stage2,0.18191944425973952
recall_at_1,raw,C,2,2,BCA,s0,er,BCA_er_stage2,0.041071428571428564
recall_at_3,raw,C,2,2,BCA,s0,er,BCA_er_stage2,0.10714285714285712
recall_at_5,raw,C,2,2,BCA,s0,er,BCA_er_stage2,0.18571428571428575
recall_at_10,raw,C,2,2,BCA,s0,er,BCA_er_stage2,0.38750000000000007
ndcg_at_1,raw,C,2,2,BCA,s0,er,BCA_er_stage2,0.05892857142857142
ndcg_at_3,raw,C,2,2,BCA,s0,er,BCA_er_stage2,0.08662936050120765
ndcg_at_5,raw,C,2,2,BCA,s0,er,BCA_er_stage2,0.122746900660031
ndcg_at_10,raw,C,2,2,BCA,s0,er,BCA_er_stage2,0.19289469458064704
average_precision,stage-cal,C,2,2,BCA,s0,er,BCA_er_stage2,0.06655126606786196
trapezoidal_pr_auc,stage-cal,C,2,2,BCA,s0,er,BCA_er_stage2,0.05793640012116983
roc_auc,stage-cal,C,2,2,BCA,s0,er,BCA_er_stage2,0.5007751396648045
recall_at_fpr_1pct,stage-cal,C,2,2,BCA,s0,er,BCA_er_stage2,0.0225
brier,stage-cal,C,2,2,BCA,s0,er,BCA_er_stage2,0.15582716557346463
log_loss,stage-cal,C,2,2,BCA,s0,er,BCA_er_stage2,0.4978759341912588
precision,stage-cal,C,2,2,BCA,s0,er,BCA_er_stage2,0.05620783745240267
recall,stage-cal,C,2,2,BCA,s0,er,BCA_er_stage2,0.04
f1,stage-cal,C,2,2,BCA,s0,er,BCA_er_stage2,0.04600129043751898
specificity,stage-cal,C,2,2,BCA,s0,er,BCA_er_stage2,0.9629888268156425
balanced_accuracy,stage-cal,C,2,2,BCA,s0,er,BCA_er_stage2,0.5014944134078213
mcc,stage-cal,C,2,2,BCA,s0,er,BCA_er_stage2,0.0032320459501103487
map,stage-cal,C,2,2,BCA,s0,er,BCA_er_stage2,0.16270723554223157
mrr,stage-cal,C,2,2,BCA,s0,er,BCA_er_stage2,0.18191944425973952
recall_at_1,stage-cal,C,2,2,BCA,s0,er,BCA_er_stage2,0.041071428571428564
recall_at_3,stage-cal,C,2,2,BCA,s0,er,BCA_er_stage2,0.10714285714285712
recall_at_5,stage-cal,C,2,2,BCA,s0,er,BCA_er_stage2,0.18571428571428575
recall_at_10,stage-cal,C,2,2,BCA,s0,er,BCA_er_stage2,0.38750000000000007
ndcg_at_1,stage-cal,C,2,2,BCA,s0,er,BCA_er_stage2,0.05892857142857142
ndcg_at_3,stage-cal,C,2,2,BCA,s0,er,BCA_er_stage2,0.08662936050120765
ndcg_at_5,stage-cal,C,2,2,BCA,s0,er,BCA_er_stage2,0.122746900660031
ndcg_at_10,stage-cal,C,2,2,BCA,s0,er,BCA_er_stage2,0.19289469458064704
average_precision,first-cal,C,2,2,BCA,s0,er,BCA_er_stage2,0.06655126606786196
trapezoidal_pr_auc,first-cal,C,2,2,BCA,s0,er,BCA_er_stage2,0.05793640012116983
roc_auc,first-cal,C,2,2,BCA,s0,er,BCA_er_stage2,0.5007751396648045
recall_at_fpr_1pct,first-cal,C,2,2,BCA,s0,er,BCA_er_stage2,0.0225
brier,first-cal,C,2,2,BCA,s0,er,BCA_er_stage2,0.12340360176461347
log_loss,first-cal,C,2,2,BCA,s0,er,BCA_er_stage2,0.42435352144674965
precision,first-cal,C,2,2,BCA,s0,er,BCA_er_stage2,0.0775595238095238
recall,first-cal,C,2,2,BCA,s0,er,BCA_er_stage2,0.017499999999999998
f1,first-cal,C,2,2,BCA,s0,er,BCA_er_stage2,0.028122958362088796
specificity,first-cal,C,2,2,BCA,s0,er,BCA_er_stage2,0.9886871508379889
balanced_accuracy,first-cal,C,2,2,BCA,s0,er,BCA_er_stage2,0.5030935754189945
mcc,first-cal,C,2,2,BCA,s0,er,BCA_er_stage2,0.012419895525809094
map,first-cal,C,2,2,BCA,s0,er,BCA_er_stage2,0.16270723554223157
mrr,first-cal,C,2,2,BCA,s0,er,BCA_er_stage2,0.18191944425973952
recall_at_1,first-cal,C,2,2,BCA,s0,er,BCA_er_stage2,0.041071428571428564
recall_at_3,first-cal,C,2,2,BCA,s0,er,BCA_er_stage2,0.10714285714285712
recall_at_5,first-cal,C,2,2,BCA,s0,er,BCA_er_stage2,0.18571428571428575
recall_at_10,first-cal,C,2,2,BCA,s0,er,BCA_er_stage2,0.38750000000000007
ndcg_at_1,first-cal,C,2,2,BCA,s0,er,BCA_er_stage2,0.05892857142857142
ndcg_at_3,first-cal,C,2,2,BCA,s0,er,BCA_er_stage2,0.08662936050120765
ndcg_at_5,first-cal,C,2,2,BCA,s0,er,BCA_er_stage2,0.122746900660031
ndcg_at_10,first-cal,C,2,2,BCA,s0,er,BCA_er_stage2,0.19289469458064704
average_precision,raw,C,2,3,BCA,s0,er,BCA_er_stage3,0.06708654329324651
trapezoidal_pr_auc,raw,C,2,3,BCA,s0,er,BCA_er_stage3,0.058322029206314886
roc_auc,raw,C,2,3,BCA,s0,er,BCA_er_stage3,0.5023324022346369
recall_at_fpr_1pct,raw,C,2,3,BCA,s0,er,BCA_er_stage3,0.0225
brier,raw,C,2,3,BCA,s0,er,BCA_er_stage3,0.12042539306244078
log_loss,raw,C,2,3,BCA,s0,er,BCA_er_stage3,0.4162629570462292
precision,raw,C,2,3,BCA,s0,er,BCA_er_stage3,0.11089285714285715
recall,raw,C,2,3,BCA,s0,er,BCA_er_stage3,0.027500000000000004
f1,raw,C,2,3,BCA,s0,er,BCA_er_stage3,0.043441798941798934
specificity,raw,C,2,3,BCA,s0,er,BCA_er_stage3,0.9853351955307262
balanced_accuracy,raw,C,2,3,BCA,s0,er,BCA_er_stage3,0.5064175977653631
mcc,raw,C,2,3,BCA,s0,er,BCA_er_stage3,0.02752671716097273
map,raw,C,2,3,BCA,s0,er,BCA_er_stage3,0.16100656793214346
mrr,raw,C,2,3,BCA,s0,er,BCA_er_stage3,0.17969822460670165
recall_at_1,raw,C,2,3,BCA,s0,er,BCA_er_stage3,0.03749999999999999
recall_at_3,raw,C,2,3,BCA,s0,er,BCA_er_stage3,0.11428571428571428
recall_at_5,raw,C,2,3,BCA,s0,er,BCA_er_stage3,0.19375
recall_at_10,raw,C,2,3,BCA,s0,er,BCA_er_stage3,0.3848214285714286
ndcg_at_1,raw,C,2,3,BCA,s0,er,BCA_er_stage3,0.05357142857142857
ndcg_at_3,raw,C,2,3,BCA,s0,er,BCA_er_stage3,0.08833522819899368
ndcg_at_5,raw,C,2,3,BCA,s0,er,BCA_er_stage3,0.12437137741174689
ndcg_at_10,raw,C,2,3,BCA,s0,er,BCA_er_stage3,0.19080623884340794
average_precision,stage-cal,C,2,3,BCA,s0,er,BCA_er_stage3,0.06708654329324651
trapezoidal_pr_auc,stage-cal,C,2,3,BCA,s0,er,BCA_er_stage3,0.058322029206314886
roc_auc,stage-cal,C,2,3,BCA,s0,er,BCA_er_stage3,0.5023324022346369
recall_at_fpr_1pct,stage-cal,C,2,3,BCA,s0,er,BCA_er_stage3,0.0225
brier,stage-cal,C,2,3,BCA,s0,er,BCA_er_stage3,0.157262934839362
log_loss,stage-cal,C,2,3,BCA,s0,er,BCA_er_stage3,0.5009604279791707
precision,stage-cal,C,2,3,BCA,s0,er,BCA_er_stage3,0.04968327505827506
recall,stage-cal,C,2,3,BCA,s0,er,BCA_er_stage3,0.037500000000000006
f1,stage-cal,C,2,3,BCA,s0,er,BCA_er_stage3,0.04217663997481484
specificity,stage-cal,C,2,3,BCA,s0,er,BCA_er_stage3,0.9603351955307264
balanced_accuracy,stage-cal,C,2,3,BCA,s0,er,BCA_er_stage3,0.49891759776536315
mcc,stage-cal,C,2,3,BCA,s0,er,BCA_er_stage3,-0.002640815725819836
map,stage-cal,C,2,3,BCA,s0,er,BCA_er_stage3,0.16100656793214346
mrr,stage-cal,C,2,3,BCA,s0,er,BCA_er_stage3,0.17969822460670165
recall_at_1,stage-cal,C,2,3,BCA,s0,er,BCA_er_stage3,0.03749999999999999
recall_at_3,stage-cal,C,2,3,BCA,s0,er,BCA_er_stage3,0.11428571428571428
recall_at_5,stage-cal,C,2,3,BCA,s0,er,BCA_er_stage3,0.19375
recall_at_10,stage-cal,C,2,3,BCA,s0,er,BCA_er_stage3,0.3848214285714286
ndcg_at_1,stage-cal,C,2,3,BCA,s0,er,BCA_er_stage3,0.05357142857142857
ndcg_at_3,stage-cal,C,2,3,BCA,s0,er,BCA_er_stage3,0.08833522819899368
ndcg_at_5,stage-cal,C,2,3,BCA,s0,er,BCA_er_stage3,0.12437137741174689
ndcg_at_10,stage-cal,C,2,3,BCA,s0,er,BCA_er_stage3,0.19080623884340794
average_precision,first-cal,C,2,3,BCA,s0,er,BCA_er_stage3,0.06708654329324651
trapezoidal_pr_auc,first-cal,C,2,3,BCA,s0,er,BCA_er_stage3,0.058322029206314886
roc_auc,first-cal,C,2,3,BCA,s0,er,BCA_er_stage3,0.5023324022346369
recall_at_fpr_1pct,first-cal,C,2,3,BCA,s0,er,BCA_er_stage3,0.0225
brier,first-cal,C,2,3,BCA,s0,er,BCA_er_stage3,0.12471267833064577
log_loss,first-cal,C,2,3,BCA,s0,er,BCA_er_stage3,0.42735596193791425
precision,first-cal,C,2,3,BCA,s0,er,BCA_er_stage3,0.08567460317460315
recall,first-cal,C,2,3,BCA,s0,er,BCA_er_stage3,0.019999999999999997
f1,first-cal,C,2,3,BCA,s0,er,BCA_er_stage3,0.03171800211005608
specificity,first-cal,C,2,3,BCA,s0,er,BCA_er_stage3,0.987709497206704
balanced_accuracy,first-cal,C,2,3,BCA,s0,er,BCA_er_stage3,0.503854748603352
mcc,first-cal,C,2,3,BCA,s0,er,BCA_er_stage3,0.015812254724996776
map,first-cal,C,2,3,BCA,s0,er,BCA_er_stage3,0.16100656793214346
mrr,first-cal,C,2,3,BCA,s0,er,BCA_er_stage3,0.17969822460670165
recall_at_1,first-cal,C,2,3,BCA,s0,er,BCA_er_stage3,0.03749999999999999
recall_at_3,first-cal,C,2,3,BCA,s0,er,BCA_er_stage3,0.11428571428571428
recall_at_5,first-cal,C,2,3,BCA,s0,er,BCA_er_stage3,0.19375
recall_at_10,first-cal,C,2,3,BCA,s0,er,BCA_er_stage3,0.3848214285714286
ndcg_at_1,first-cal,C,2,3,BCA,s0,er,BCA_er_stage3,0.05357142857142857
ndcg_at_3,first-cal,C,2,3,BCA,s0,er,BCA_er_stage3,0.08833522819899368
ndcg_at_5,first-cal,C,2,3,BCA,s0,er,BCA_er_stage3,0.12437137741174689
ndcg_at_10,first-cal,C,2,3,BCA,s0,er,BCA_er_stage3,0.19080623884340794
average_precision,raw,C,2,1,BCA,s0,logit,BCA_shared,0.06730128778277061
trapezoidal_pr_auc,raw,C,2,1,BCA,s0,logit,BCA_shared,0.058548517943810274
roc_auc,raw,C,2,1,BCA,s0,logit,BCA_shared,0.5025418994413409
recall_at_fpr_1pct,raw,C,2,1,BCA,s0,logit,BCA_shared,0.0225
brier,raw,C,2,1,BCA,s0,logit,BCA_shared,0.11493035550450773
log_loss,raw,C,2,1,BCA,s0,logit,BCA_shared,0.4033735617962339
precision,raw,C,2,1,BCA,s0,logit,BCA_shared,0.08630952380952381
recall,raw,C,2,1,BCA,s0,logit,BCA_shared,0.017499999999999998
f1,raw,C,2,1,BCA,s0,logit,BCA_shared,0.02874550972377059
specificity,raw,C,2,1,BCA,s0,logit,BCA_shared,0.9899441340782122
balanced_accuracy,raw,C,2,1,BCA,s0,logit,BCA_shared,0.5037220670391063
mcc,raw,C,2,1,BCA,s0,logit,BCA_shared,0.016234923638866784
map,raw,C,2,1,BCA,s0,logit,BCA_shared,0.1648705797128962
mrr,raw,C,2,1,BCA,s0,logit,BCA_shared,0.18544124389730893
recall_at_1,raw,C,2,1,BCA,s0,logit,BCA_shared,0.04285714285714286
recall_at_3,raw,C,2,1,BCA,s0,logit,BCA_shared,0.11160714285714286
recall_at_5,raw,C,2,1,BCA,s0,logit,BCA_shared,0.19196428571428573
recall_at_10,raw,C,2,1,BCA,s0,logit,BCA_shared,0.3919642857142857
ndcg_at_1,raw,C,2,1,BCA,s0,logit,BCA_shared,0.062499999999999986
ndcg_at_3,raw,C,2,1,BCA,s0,logit,BCA_shared,0.09027008270726743
ndcg_at_5,raw,C,2,1,BCA,s0,logit,BCA_shared,0.12698227840940202
ndcg_at_10,raw,C,2,1,BCA,s0,logit,BCA_shared,0.19599990175990117
average_precision,stage-cal,C,2,1,BCA,s0,logit,BCA_shared,0.06730128778277061
trapezoidal_pr_auc,stage-cal,C,2,1,BCA,s0,logit,BCA_shared,0.058548517943810274
roc_auc,stage-cal,C,2,1,BCA,s0,logit,BCA_shared,0.5025418994413409
recall_at_fpr_1pct,stage-cal,C,2,1,BCA,s0,logit,BCA_shared,0.0225
brier,stage-cal,C,2,1,BCA,s0,logit,BCA_shared,0.15152624430985573
log_loss,stage-cal,C,2,1,BCA,s0,logit,BCA_shared,0.48857998059226065
precision,stage-cal,C,2,1,BCA,s0,logit,BCA_shared,0.06164772727272727
recall,stage-cal,C,2,1,BCA,s0,logit,BCA_shared,0.035
f1,stage-cal,C,2,1,BCA,s0,logit,BCA_shared,0.04422437605879734
specificity,stage-cal,C,2,1,BCA,s0,logit,BCA_shared,0.9710893854748603
balanced_accuracy,stage-cal,C,2,1,BCA,s0,logit,BCA_shared,0.5030446927374302
mcc,stage-cal,C,2,1,BCA,s0,logit,BCA_shared,0.007564765046579554
map,stage-cal,C,2,1,BCA,s0,logit,BCA_shared,0.1648705797128962
mrr,stage-cal,C,2,1,BCA,s0,logit,BCA_shared,0.18544124389730893
recall_at_1,stage-cal,C,2,1,BCA,s0,logit,BCA_shared,0.04285714285714286
recall_at_3,stage-cal,C,2,1,BCA,s0,logit,BCA_shared,0.11160714285714286
recall_at_5,stage-cal,C,2,1,BCA,s0,logit,BCA_shared,0.19196428571428573
recall_at_10,stage-cal,C,2,1,BCA,s0,logit,BCA_shared,0.3919642857142857
ndcg_at_1,stage-cal,C,2,1,BCA,s0,logit,BCA_shared,0.062499999999999986
ndcg_at_3,stage-cal,C,2,1,BCA,s0,logit,BCA_shared,0.09027008270726743
ndcg_at_5,stage-cal,C,2,1,BCA,s0,logit,BCA_shared,0.12698227840940202
ndcg_at_10,stage-cal,C,2,1,BCA,s0,logit,BCA_shared,0.19599990175990117
average_precision,first-cal,C,2,1,BCA,s0,logit,BCA_shared,0.06730128778277061
trapezoidal_pr_auc,first-cal,C,2,1,BCA,s0,logit,BCA_shared,0.058548517943810274
roc_auc,first-cal,C,2,1,BCA,s0,logit,BCA_shared,0.5025418994413409
recall_at_fpr_1pct,first-cal,C,2,1,BCA,s0,logit,BCA_shared,0.0225
brier,first-cal,C,2,1,BCA,s0,logit,BCA_shared,0.11947602806590989
log_loss,first-cal,C,2,1,BCA,s0,logit,BCA_shared,0.4152438540574611
precision,first-cal,C,2,1,BCA,s0,logit,BCA_shared,0.06
recall,first-cal,C,2,1,BCA,s0,logit,BCA_shared,0.0125
f1,first-cal,C,2,1,BCA,s0,logit,BCA_shared,0.0205273132664437
specificity,first-cal,C,2,1,BCA,s0,logit,BCA_shared,0.9906424581005588
balanced_accuracy,first-cal,C,2,1,BCA,s0,logit,BCA_shared,0.5015712290502794
mcc,first-cal,C,2,1,BCA,s0,logit,BCA_shared,0.0055927004786578555
map,first-cal,C,2,1,BCA,s0,logit,BCA_shared,0.1648705797128962
mrr,first-cal,C,2,1,BCA,s0,logit,BCA_shared,0.18544124389730893
recall_at_1,first-cal,C,2,1,BCA,s0,logit,BCA_shared,0.04285714285714286
recall_at_3,first-cal,C,2,1,BCA,s0,logit,BCA_shared,0.11160714285714286
recall_at_5,first-cal,C,2,1,BCA,s0,logit,BCA_shared,0.19196428571428573
recall_at_10,first-cal,C,2,1,BCA,s0,logit,BCA_shared,0.3919642857142857
ndcg_at_1,first-cal,C,2,1,BCA,s0,logit,BCA_shared,0.062499999999999986
ndcg_at_3,first-cal,C,2,1,BCA,s0,logit,BCA_shared,0.09027008270726743
ndcg_at_5,first-cal,C,2,1,BCA,s0,logit,BCA_shared,0.12698227840940202
ndcg_at_10,first-cal,C,2,1,BCA,s0,logit,BCA_shared,0.19599990175990117
average_precision,raw,C,2,2,BCA,s0,logit,BCA_logit_stage2,0.06651198995302936
trapezoidal_pr_auc,raw,C,2,2,BCA,s0,logit,BCA_logit_stage2,0.05788720496935623
roc_auc,raw,C,2,2,BCA,s0,logit,BCA_logit_stage2,0.5007751396648045
recall_at_fpr_1pct,raw,C,2,2,BCA,s0,logit,BCA_logit_stage2,0.019999999999999997
brier,raw,C,2,2,BCA,s0,logit,BCA_logit_stage2,0.1218445693642505
log_loss,raw,C,2,2,BCA,s0,logit,BCA_logit_stage2,0.41957336423180047
precision,raw,C,2,2,BCA,s0,logit,BCA_logit_stage2,0.08680555555555555
recall,raw,C,2,2,BCA,s0,logit,BCA_logit_stage2,0.025
f1,raw,C,2,2,BCA,s0,logit,BCA_logit_stage2,0.038224832638625736
specificity,raw,C,2,2,BCA,s0,logit,BCA_logit_stage2,0.9831005586592179
balanced_accuracy,raw,C,2,2,BCA,s0,logit,BCA_logit_stage2,0.504050279329609
mcc,raw,C,2,2,BCA,s0,logit,BCA_logit_stage2,0.01671585618136222
map,raw,C,2,2,BCA,s0,logit,BCA_logit_stage2,0.16117810022635343
mrr,raw,C,2,2,BCA,s0,logit,BCA_logit_stage2,0.18035350175712753
recall_at_1,raw,C,2,2,BCA,s0,logit,BCA_logit_stage2,0.03749999999999999
recall_at_3,raw,C,2,2,BCA,s0,logit,BCA_logit_stage2,0.11428571428571428
recall_at_5,raw,C,2,2,BCA,s0,logit,BCA_logit_stage2,0.19375
recall_at_10,raw,C,2,2,BCA,s0,logit,BCA_logit_stage2,0.38392857142857145
ndcg_at_1,raw,C,2,2,BCA,s0,logit,BCA_logit_stage2,0.05357142857142857
ndcg_at_3,raw,C,2,2,BCA,s0,logit,BCA_logit_stage2,0.0884997376957401
ndcg_at_5,raw,C,2,2,BCA,s0,logit,BCA_logit_stage2,0.12463185265779078
ndcg_at_10,raw,C,2,2,BCA,s0,logit,BCA_logit_stage2,0.19083311255202884
average_precision,stage-cal,C,2,2,BCA,s0,logit,BCA_logit_stage2,0.06651198995302936
trapezoidal_pr_auc,stage-cal,C,2,2,BCA,s0,logit,BCA_logit_stage2,0.05788720496935623
roc_auc,stage-cal,C,2,2,BCA,s0,logit,BCA_logit_stage2,0.5007751396648045
recall_at_fpr_1pct,stage-cal,C,2,2,BCA,s0,logit,BCA_logit_stage2,0.019999999999999997
brier,stage-cal,C,2,2,BCA,s0,logit,BCA_logit_stage2,0.15871333818086464
log_loss,stage-cal,C,2,2,BCA,s0,logit,BCA_logit_stage2,0.5040798028224625
precision,stage-cal,C,2,2,BCA,s0,logit,BCA_logit_stage2,0.05064520854962031
recall,stage-cal,C,2,2,BCA,s0,logit,BCA_logit_stage2,0.0425
f1,stage-cal,C,2,2,BCA,s0,logit,BCA_logit_stage2,0.04554091399420732
specificity,stage-cal,C,2,2,BCA,s0,logit,BCA_logit_stage2,0.9560055865921786
balanced_accuracy,stage-cal,C,2,2,BCA,s0,logit,BCA_logit_stage2,0.4992527932960894
mcc,stage-cal,C,2,2,BCA,s0,logit,BCA_logit_stage2,-0.0018755692652471904
map,stage-cal,C,2,2,BCA,s0,logit,BCA_logit_stage2,0.16117810022635343
mrr,stage-cal,C,2,2,BCA,s0,logit,BCA_logit_stage2,0.18035350175712753
recall_at_1,stage-cal,C,2,2,BCA,s0,logit,BCA_logit_stage2,0.03749999999999999
recall_at_3,stage-cal,C,2,2,BCA,s0,logit,BCA_logit_stage2,0.11428571428571428
recall_at_5,stage-cal,C,2,2,BCA,s0,logit,BCA_logit_stage2,0.19375
recall_at_10,stage-cal,C,2,2,BCA,s0,logit,BCA_logit_stage2,0.38392857142857145
ndcg_at_1,stage-cal,C,2,2,BCA,s0,logit,BCA_logit_stage2,0.05357142857142857
ndcg_at_3,stage-cal,C,2,2,BCA,s0,logit,BCA_logit_stage2,0.0884997376957401
ndcg_at_5,stage-cal,C,2,2,BCA,s0,logit,BCA_logit_stage2,0.12463185265779078
ndcg_at_10,stage-cal,C,2,2,BCA,s0,logit,BCA_logit_stage2,0.19083311255202884
average_precision,first-cal,C,2,2,BCA,s0,logit,BCA_logit_stage2,0.06651198995302936
trapezoidal_pr_auc,first-cal,C,2,2,BCA,s0,logit,BCA_logit_stage2,0.05788720496935623
roc_auc,first-cal,C,2,2,BCA,s0,logit,BCA_logit_stage2,0.5007751396648045
recall_at_fpr_1pct,first-cal,C,2,2,BCA,s0,logit,BCA_logit_stage2,0.019999999999999997
brier,first-cal,C,2,2,BCA,s0,logit,BCA_logit_stage2,0.12605720684088634
log_loss,first-cal,C,2,2,BCA,s0,logit,BCA_logit_stage2,0.43044952008049087
precision,first-cal,C,2,2,BCA,s0,logit,BCA_logit_stage2,0.09928571428571428
recall,first-cal,C,2,2,BCA,s0,logit,BCA_logit_stage2,0.0225
f1,first-cal,C,2,2,BCA,s0,logit,BCA_logit_stage2,0.03626805400718445
specificity,first-cal,C,2,2,BCA,s0,logit,BCA_logit_stage2,0.9868715083798882
balanced_accuracy,first-cal,C,2,2,BCA,s0,logit,BCA_logit_stage2,0.5046857541899442
mcc,first-cal,C,2,2,BCA,s0,logit,BCA_logit_stage2,0.02100614707368533
map,first-cal,C,2,2,BCA,s0,logit,BCA_logit_stage2,0.16117810022635343
mrr,first-cal,C,2,2,BCA,s0,logit,BCA_logit_stage2,0.18035350175712753
recall_at_1,first-cal,C,2,2,BCA,s0,logit,BCA_logit_stage2,0.03749999999999999
recall_at_3,first-cal,C,2,2,BCA,s0,logit,BCA_logit_stage2,0.11428571428571428
recall_at_5,first-cal,C,2,2,BCA,s0,logit,BCA_logit_stage2,0.19375
recall_at_10,first-cal,C,2,2,BCA,s0,logit,BCA_logit_stage2,0.38392857142857145
ndcg_at_1,first-cal,C,2,2,BCA,s0,logit,BCA_logit_stage2,0.05357142857142857
ndcg_at_3,first-cal,C,2,2,BCA,s0,logit,BCA_logit_stage2,0.0884997376957401
ndcg_at_5,first-cal,C,2,2,BCA,s0,logit,BCA_logit_stage2,0.12463185265779078
ndcg_at_10,first-cal,C,2,2,BCA,s0,logit,BCA_logit_stage2,0.19083311255202884
average_precision,raw,C,2,3,BCA,s0,logit,BCA_logit_stage3,0.06562182215644527
trapezoidal_pr_auc,raw,C,2,3,BCA,s0,logit,BCA_logit_stage3,0.05738240675181181
roc_auc,raw,C,2,3,BCA,s0,logit,BCA_logit_stage3,0.49830307262569845
recall_at_fpr_1pct,raw,C,2,3,BCA,s0,logit,BCA_logit_stage3,0.019999999999999997
brier,raw,C,2,3,BCA,s0,logit,BCA_logit_stage3,0.12340532441830576
log_loss,raw,C,2,3,BCA,s0,logit,BCA_logit_stage3,0.42317753896360477
precision,raw,C,2,3,BCA,s0,logit,BCA_logit_stage3,0.09383116883116882
recall,raw,C,2,3,BCA,s0,logit,BCA_logit_stage3,0.030000000000000006
f1,raw,C,2,3,BCA,s0,logit,BCA_logit_stage3,0.0446428292436357
specificity,raw,C,2,3,BCA,s0,logit,BCA_logit_stage3,0.9812849162011175
balanced_accuracy,raw,C,2,3,BCA,s0,logit,BCA_logit_stage3,0.5056424581005587
mcc,raw,C,2,3,BCA,s0,logit,BCA_logit_stage3,0.021644356263031173
map,raw,C,2,3,BCA,s0,logit,BCA_logit_stage3,0.16125040981758382
mrr,raw,C,2,3,BCA,s0,logit,BCA_logit_stage3,0.18077575553406033
recall_at_1,raw,C,2,3,BCA,s0,logit,BCA_logit_stage3,0.040178571428571425
recall_at_3,raw,C,2,3,BCA,s0,logit,BCA_logit_stage3,0.10892857142857142
recall_at_5,raw,C,2,3,BCA,s0,logit,BCA_logit_stage3,0.19017857142857142
recall_at_10,raw,C,2,3,BCA,s0,logit,BCA_logit_stage3,0.3821428571428571
ndcg_at_1,raw,C,2,3,BCA,s0,logit,BCA_logit_stage3,0.05714285714285714
ndcg_at_3,raw,C,2,3,BCA,s0,logit,BCA_logit_stage3,0.08746352481921899
ndcg_at_5,raw,C,2,3,BCA,s0,logit,BCA_logit_stage3,0.12409470415876075
ndcg_at_10,raw,C,2,3,BCA,s0,logit,BCA_logit_stage3,0.18991791934346117
average_precision,stage-cal,C,2,3,BCA,s0,logit,BCA_logit_stage3,0.06562182215644527
trapezoidal_pr_auc,stage-cal,C,2,3,BCA,s0,logit,BCA_logit_stage3,0.05738240675181181
roc_auc,stage-cal,C,2,3,BCA,s0,logit,BCA_logit_stage3,0.49830307262569845
recall_at_fpr_1pct,stage-cal,C,2,3,BCA,s0,logit,BCA_logit_stage3,0.019999999999999997
brier,stage-cal,C,2,3,BCA,s0,logit,BCA_logit_stage3,0.16029535824538632
log_loss,stage-cal,C,2,3,BCA,s0,logit,BCA_logit_stage3,0.5074648562305748
precision,stage-cal,C,2,3,BCA,s0,logit,BCA_logit_stage3,0.04412194722986888
recall,stage-cal,C,2,3,BCA,s0,logit,BCA_logit_stage3,0.0425
f1,stage-cal,C,2,3,BCA,s0,logit,BCA_logit_stage3,0.04278412776197229
specificity,stage-cal,C,2,3,BCA,s0,logit,BCA_logit_stage3,0.9522346368715086
balanced_accuracy,stage-cal,C,2,3,BCA,s0,logit,BCA_logit_stage3,0.49736731843575416
mcc,stage-cal,C,2,3,BCA,s0,logit,BCA_logit_stage3,-0.0070374930554722645
map,stage-cal,C,2,3,BCA,s0,logit,BCA_logit_stage3,0.16125040981758382
mrr,stage-cal,C,2,3,BCA,s0,logit,BCA_logit_stage3,0.18077575553406033
recall_at_1,stage-cal,C,2,3,BCA,s0,logit,BCA_logit_stage3,0.040178571428571425
recall_at_3,stage-cal,C,2,3,BCA,s0,logit,BCA_logit_stage3,0.10892857142857142
recall_at_5,stage-cal,C,2,3,BCA,s0,logit,BCA_logit_stage3,0.19017857142857142
recall_at_10,stage-cal,C,2,3,BCA,s0,logit,BCA_logit_stage3,0.3821428571428571
ndcg_at_1,stage-cal,C,2,3,BCA,s0,logit,BCA_logit_stage3,0.05714285714285714
ndcg_at_3,stage-cal,C,2,3,BCA,s0,logit,BCA_logit_stage3,0.08746352481921899
ndcg_at_5,stage-cal,C,2,3,BCA,s0,logit,BCA_logit_stage3,0.12409470415876075
ndcg_at_10,stage-cal,C,2,3,BCA,s0,logit,BCA_logit_stage3,0.18991791934346117
average_precision,first-cal,C,2,3,BCA,s0,logit,BCA_logit_stage3,0.06562182215644527
trapezoidal_pr_auc,first-cal,C,2,3,BCA,s0,logit,BCA_logit_stage3,0.05738240675181181
roc_auc,first-cal,C,2,3,BCA,s0,logit,BCA_logit_stage3,0.49830307262569845
recall_at_fpr_1pct,first-cal,C,2,3,BCA,s0,logit,BCA_logit_stage3,0.019999999999999997
brier,first-cal,C,2,3,BCA,s0,logit,BCA_logit_stage3,0.1275330367879325
log_loss,first-cal,C,2,3,BCA,s0,logit,BCA_logit_stage3,0.4338150262135647
precision,first-cal,C,2,3,BCA,s0,logit,BCA_logit_stage3,0.07291666666666666
recall,first-cal,C,2,3,BCA,s0,logit,BCA_logit_stage3,0.017499999999999998
f1,first-cal,C,2,3,BCA,s0,logit,BCA_logit_stage3,0.02758592132505176
specificity,first-cal,C,2,3,BCA,s0,logit,BCA_logit_stage3,0.9850558659217878
balanced_accuracy,first-cal,C,2,3,BCA,s0,logit,BCA_logit_stage3,0.501277932960894
mcc,first-cal,C,2,3,BCA,s0,logit,BCA_logit_stage3,0.007536725931719374
map,first-cal,C,2,3,BCA,s0,logit,BCA_logit_stage3,0.16125040981758382
mrr,first-cal,C,2,3,BCA,s0,logit,BCA_logit_stage3,0.18077575553406033
recall_at_1,first-cal,C,2,3,BCA,s0,logit,BCA_logit_stage3,0.040178571428571425
recall_at_3,first-cal,C,2,3,BCA,s0,logit,BCA_logit_stage3,0.10892857142857142
recall_at_5,first-cal,C,2,3,BCA,s0,logit,BCA_logit_stage3,0.19017857142857142
recall_at_10,first-cal,C,2,3,BCA,s0,logit,BCA_logit_stage3,0.3821428571428571
ndcg_at_1,first-cal,C,2,3,BCA,s0,logit,BCA_logit_stage3,0.05714285714285714
ndcg_at_3,first-cal,C,2,3,BCA,s0,logit,BCA_logit_stage3,0.08746352481921899
ndcg_at_5,first-cal,C,2,3,BCA,s0,logit,BCA_logit_stage3,0.12409470415876075
ndcg_at_10,first-cal,C,2,3,BCA,s0,logit,BCA_logit_stage3,0.18991791934346117
average_precision,raw,A,3,0,BCA,s0,initial,initial,0.06591185021863265
trapezoidal_pr_auc,raw,A,3,0,BCA,s0,initial,initial,0.059314765628982614
roc_auc,raw,A,3,0,BCA,s0,initial,initial,0.48387569832402233
recall_at_fpr_1pct,raw,A,3,0,BCA,s0,initial,initial,0.0125
brier,raw,A,3,0,BCA,s0,initial,initial,0.10633213617828582
log_loss,raw,A,3,0,BCA,s0,initial,initial,0.3828695032599817
precision,raw,A,3,0,BCA,s0,initial,initial,0.06833333333333333
recall,raw,A,3,0,BCA,s0,initial,initial,0.01
f1,raw,A,3,0,BCA,s0,initial,initial,0.017241106719367592
specificity,raw,A,3,0,BCA,s0,initial,initial,0.9949720670391061
balanced_accuracy,raw,A,3,0,BCA,s0,initial,initial,0.502486033519553
mcc,raw,A,3,0,BCA,s0,initial,initial,0.012171658276597214
map,raw,A,3,0,BCA,s0,initial,initial,0.15423116375417834
mrr,raw,A,3,0,BCA,s0,initial,initial,0.1811804136733131
recall_at_1,raw,A,3,0,BCA,s0,initial,initial,0.03660714285714285
recall_at_3,raw,A,3,0,BCA,s0,initial,initial,0.11607142857142856
recall_at_5,raw,A,3,0,BCA,s0,initial,initial,0.1660714285714286
recall_at_10,raw,A,3,0,BCA,s0,initial,initial,0.35089285714285706
ndcg_at_1,raw,A,3,0,BCA,s0,initial,initial,0.05892857142857142
ndcg_at_3,raw,A,3,0,BCA,s0,initial,initial,0.09012571094910951
ndcg_at_5,raw,A,3,0,BCA,s0,initial,initial,0.1135552800530536
ndcg_at_10,raw,A,3,0,BCA,s0,initial,initial,0.17845868624748218
average_precision,raw,A,3,1,BCA,s0,frozen,BCA_shared,0.06572994880903033
trapezoidal_pr_auc,raw,A,3,1,BCA,s0,frozen,BCA_shared,0.05917744277920171
roc_auc,raw,A,3,1,BCA,s0,frozen,BCA_shared,0.4841061452513967
recall_at_fpr_1pct,raw,A,3,1,BCA,s0,frozen,BCA_shared,0.0125
brier,raw,A,3,1,BCA,s0,frozen,BCA_shared,0.1151991835261352
log_loss,raw,A,3,1,BCA,s0,frozen,BCA_shared,0.40408698075249394
precision,raw,A,3,1,BCA,s0,frozen,BCA_shared,0.05930555555555557
recall,raw,A,3,1,BCA,s0,frozen,BCA_shared,0.0175
f1,raw,A,3,1,BCA,s0,frozen,BCA_shared,0.026519704433497538
specificity,raw,A,3,1,BCA,s0,frozen,BCA_shared,0.9878491620111731
balanced_accuracy,raw,A,3,1,BCA,s0,frozen,BCA_shared,0.5026745810055866
mcc,raw,A,3,1,BCA,s0,frozen,BCA_shared,0.007261737447953449
map,raw,A,3,1,BCA,s0,frozen,BCA_shared,0.15427014554732849
mrr,raw,A,3,1,BCA,s0,frozen,BCA_shared,0.18112146892838935
recall_at_1,raw,A,3,1,BCA,s0,frozen,BCA_shared,0.03482142857142857
recall_at_3,raw,A,3,1,BCA,s0,frozen,BCA_shared,0.11696428571428572
recall_at_5,raw,A,3,1,BCA,s0,frozen,BCA_shared,0.1705357142857143
recall_at_10,raw,A,3,1,BCA,s0,frozen,BCA_shared,0.3401785714285714
ndcg_at_1,raw,A,3,1,BCA,s0,frozen,BCA_shared,0.05714285714285714
ndcg_at_3,raw,A,3,1,BCA,s0,frozen,BCA_shared,0.09062507178473259
ndcg_at_5,raw,A,3,1,BCA,s0,frozen,BCA_shared,0.11534029230807394
ndcg_at_10,raw,A,3,1,BCA,s0,frozen,BCA_shared,0.17520305680500897
average_precision,stage-cal,A,3,1,BCA,s0,frozen,BCA_shared,0.06572994880903033
trapezoidal_pr_auc,stage-cal,A,3,1,BCA,s0,frozen,BCA_shared,0.05917744277920171
roc_auc,stage-cal,A,3,1,BCA,s0,frozen,BCA_shared,0.4841061452513967
recall_at_fpr_1pct,stage-cal,A,3,1,BCA,s0,frozen,BCA_shared,0.0125
brier,stage-cal,A,3,1,BCA,s0,frozen,BCA_shared,0.15171301271488186
log_loss,stage-cal,A,3,1,BCA,s0,frozen,BCA_shared,0.48902429274868436
precision,stage-cal,A,3,1,BCA,s0,frozen,BCA_shared,0.04576855742296918
recall,stage-cal,A,3,1,BCA,s0,frozen,BCA_shared,0.027500000000000004
f1,stage-cal,A,3,1,BCA,s0,frozen,BCA_shared,0.033589264398087924
specificity,stage-cal,A,3,1,BCA,s0,frozen,BCA_shared,0.9681564245810055
balanced_accuracy,stage-cal,A,3,1,BCA,s0,frozen,BCA_shared,0.4978282122905028
mcc,stage-cal,A,3,1,BCA,s0,frozen,BCA_shared,-0.005620034336183758
map,stage-cal,A,3,1,BCA,s0,frozen,BCA_shared,0.15427014554732849
mrr,stage-cal,A,3,1,BCA,s0,frozen,BCA_shared,0.18112146892838935
recall_at_1,stage-cal,A,3,1,BCA,s0,frozen,BCA_shared,0.03482142857142857
recall_at_3,stage-cal,A,3,1,BCA,s0,frozen,BCA_shared,0.11696428571428572
recall_at_5,stage-cal,A,3,1,BCA,s0,frozen,BCA_shared,0.1705357142857143
recall_at_10,stage-cal,A,3,1,BCA,s0,frozen,BCA_shared,0.3401785714285714
ndcg_at_1,stage-cal,A,3,1,BCA,s0,frozen,BCA_shared,0.05714285714285714
ndcg_at_3,stage-cal,A,3,1,BCA,s0,frozen,BCA_shared,0.09062507178473259
ndcg_at_5,stage-cal,A,3,1,BCA,s0,frozen,BCA_shared,0.11534029230807394
ndcg_at_10,stage-cal,A,3,1,BCA,s0,frozen,BCA_shared,0.17520305680500897
average_precision,first-cal,A,3,1,BCA,s0,frozen,BCA_shared,0.06572994880903033
trapezoidal_pr_auc,first-cal,A,3,1,BCA,s0,frozen,BCA_shared,0.05917744277920171
roc_auc,first-cal,A,3,1,BCA,s0,frozen,BCA_shared,0.4841061452513967
recall_at_fpr_1pct,first-cal,A,3,1,BCA,s0,frozen,BCA_shared,0.0125
brier,first-cal,A,3,1,BCA,s0,frozen,BCA_shared,0.11971702432574918
log_loss,first-cal,A,3,1,BCA,s0,frozen,BCA_shared,0.4158673671770227
precision,first-cal,A,3,1,BCA,s0,frozen,BCA_shared,0.06805555555555556
recall,first-cal,A,3,1,BCA,s0,frozen,BCA_shared,0.015
f1,first-cal,A,3,1,BCA,s0,frozen,BCA_shared,0.024142255795179333
specificity,first-cal,A,3,1,BCA,s0,frozen,BCA_shared,0.990782122905028
balanced_accuracy,first-cal,A,3,1,BCA,s0,frozen,BCA_shared,0.5028910614525139
mcc,first-cal,A,3,1,BCA,s0,frozen,BCA_shared,0.010164610254292637
map,first-cal,A,3,1,BCA,s0,frozen,BCA_shared,0.15427014554732849
mrr,first-cal,A,3,1,BCA,s0,frozen,BCA_shared,0.18112146892838935
recall_at_1,first-cal,A,3,1,BCA,s0,frozen,BCA_shared,0.03482142857142857
recall_at_3,first-cal,A,3,1,BCA,s0,frozen,BCA_shared,0.11696428571428572
recall_at_5,first-cal,A,3,1,BCA,s0,frozen,BCA_shared,0.1705357142857143
recall_at_10,first-cal,A,3,1,BCA,s0,frozen,BCA_shared,0.3401785714285714
ndcg_at_1,first-cal,A,3,1,BCA,s0,frozen,BCA_shared,0.05714285714285714
ndcg_at_3,first-cal,A,3,1,BCA,s0,frozen,BCA_shared,0.09062507178473259
ndcg_at_5,first-cal,A,3,1,BCA,s0,frozen,BCA_shared,0.11534029230807394
ndcg_at_10,first-cal,A,3,1,BCA,s0,frozen,BCA_shared,0.17520305680500897
average_precision,raw,A,3,2,BCA,s0,frozen,BCA_shared,0.06572994880903033
trapezoidal_pr_auc,raw,A,3,2,BCA,s0,frozen,BCA_shared,0.05917744277920171
roc_auc,raw,A,3,2,BCA,s0,frozen,BCA_shared,0.4841061452513967
recall_at_fpr_1pct,raw,A,3,2,BCA,s0,frozen,BCA_shared,0.0125
brier,raw,A,3,2,BCA,s0,frozen,BCA_shared,0.1151991835261352
log_loss,raw,A,3,2,BCA,s0,frozen,BCA_shared,0.40408698075249394
precision,raw,A,3,2,BCA,s0,frozen,BCA_shared,0.05930555555555557
recall,raw,A,3,2,BCA,s0,frozen,BCA_shared,0.0175
f1,raw,A,3,2,BCA,s0,frozen,BCA_shared,0.026519704433497538
specificity,raw,A,3,2,BCA,s0,frozen,BCA_shared,0.9878491620111731
balanced_accuracy,raw,A,3,2,BCA,s0,frozen,BCA_shared,0.5026745810055866
mcc,raw,A,3,2,BCA,s0,frozen,BCA_shared,0.007261737447953449
map,raw,A,3,2,BCA,s0,frozen,BCA_shared,0.15427014554732849
mrr,raw,A,3,2,BCA,s0,frozen,BCA_shared,0.18112146892838935
recall_at_1,raw,A,3,2,BCA,s0,frozen,BCA_shared,0.03482142857142857
recall_at_3,raw,A,3,2,BCA,s0,frozen,BCA_shared,0.11696428571428572
recall_at_5,raw,A,3,2,BCA,s0,frozen,BCA_shared,0.1705357142857143
recall_at_10,raw,A,3,2,BCA,s0,frozen,BCA_shared,0.3401785714285714
ndcg_at_1,raw,A,3,2,BCA,s0,frozen,BCA_shared,0.05714285714285714
ndcg_at_3,raw,A,3,2,BCA,s0,frozen,BCA_shared,0.09062507178473259
ndcg_at_5,raw,A,3,2,BCA,s0,frozen,BCA_shared,0.11534029230807394
ndcg_at_10,raw,A,3,2,BCA,s0,frozen,BCA_shared,0.17520305680500897
average_precision,stage-cal,A,3,2,BCA,s0,frozen,BCA_shared,0.06572994880903033
trapezoidal_pr_auc,stage-cal,A,3,2,BCA,s0,frozen,BCA_shared,0.05917744277920171
roc_auc,stage-cal,A,3,2,BCA,s0,frozen,BCA_shared,0.4841061452513967
recall_at_fpr_1pct,stage-cal,A,3,2,BCA,s0,frozen,BCA_shared,0.0125
brier,stage-cal,A,3,2,BCA,s0,frozen,BCA_shared,0.15171301271488186
log_loss,stage-cal,A,3,2,BCA,s0,frozen,BCA_shared,0.48902429274868436
precision,stage-cal,A,3,2,BCA,s0,frozen,BCA_shared,0.04576855742296918
recall,stage-cal,A,3,2,BCA,s0,frozen,BCA_shared,0.027500000000000004
f1,stage-cal,A,3,2,BCA,s0,frozen,BCA_shared,0.033589264398087924
specificity,stage-cal,A,3,2,BCA,s0,frozen,BCA_shared,0.9681564245810055
balanced_accuracy,stage-cal,A,3,2,BCA,s0,frozen,BCA_shared,0.4978282122905028
mcc,stage-cal,A,3,2,BCA,s0,frozen,BCA_shared,-0.005620034336183758
map,stage-cal,A,3,2,BCA,s0,frozen,BCA_shared,0.15427014554732849
mrr,stage-cal,A,3,2,BCA,s0,frozen,BCA_shared,0.18112146892838935
recall_at_1,stage-cal,A,3,2,BCA,s0,frozen,BCA_shared,0.03482142857142857
recall_at_3,stage-cal,A,3,2,BCA,s0,frozen,BCA_shared,0.11696428571428572
recall_at_5,stage-cal,A,3,2,BCA,s0,frozen,BCA_shared,0.1705357142857143
recall_at_10,stage-cal,A,3,2,BCA,s0,frozen,BCA_shared,0.3401785714285714
ndcg_at_1,stage-cal,A,3,2,BCA,s0,frozen,BCA_shared,0.05714285714285714
ndcg_at_3,stage-cal,A,3,2,BCA,s0,frozen,BCA_shared,0.09062507178473259
ndcg_at_5,stage-cal,A,3,2,BCA,s0,frozen,BCA_shared,0.11534029230807394
ndcg_at_10,stage-cal,A,3,2,BCA,s0,frozen,BCA_shared,0.17520305680500897
average_precision,first-cal,A,3,2,BCA,s0,frozen,BCA_shared,0.06572994880903033
trapezoidal_pr_auc,first-cal,A,3,2,BCA,s0,frozen,BCA_shared,0.05917744277920171
roc_auc,first-cal,A,3,2,BCA,s0,frozen,BCA_shared,0.4841061452513967
recall_at_fpr_1pct,first-cal,A,3,2,BCA,s0,frozen,BCA_shared,0.0125
brier,first-cal,A,3,2,BCA,s0,frozen,BCA_shared,0.11971702432574918
log_loss,first-cal,A,3,2,BCA,s0,frozen,BCA_shared,0.4158673671770227
precision,first-cal,A,3,2,BCA,s0,frozen,BCA_shared,0.06805555555555556
recall,first-cal,A,3,2,BCA,s0,frozen,BCA_shared,0.015
f1,first-cal,A,3,2,BCA,s0,frozen,BCA_shared,0.024142255795179333
specificity,first-cal,A,3,2,BCA,s0,frozen,BCA_shared,0.990782122905028
balanced_accuracy,first-cal,A,3,2,BCA,s0,frozen,BCA_shared,0.5028910614525139
mcc,first-cal,A,3,2,BCA,s0,frozen,BCA_shared,0.010164610254292637
map,first-cal,A,3,2,BCA,s0,frozen,BCA_shared,0.15427014554732849
mrr,first-cal,A,3,2,BCA,s0,frozen,BCA_shared,0.18112146892838935
recall_at_1,first-cal,A,3,2,BCA,s0,frozen,BCA_shared,0.03482142857142857
recall_at_3,first-cal,A,3,2,BCA,s0,frozen,BCA_shared,0.11696428571428572
recall_at_5,first-cal,A,3,2,BCA,s0,frozen,BCA_shared,0.1705357142857143
recall_at_10,first-cal,A,3,2,BCA,s0,frozen,BCA_shared,0.3401785714285714
ndcg_at_1,first-cal,A,3,2,BCA,s0,frozen,BCA_shared,0.05714285714285714
ndcg_at_3,first-cal,A,3,2,BCA,s0,frozen,BCA_shared,0.09062507178473259
ndcg_at_5,first-cal,A,3,2,BCA,s0,frozen,BCA_shared,0.11534029230807394
ndcg_at_10,first-cal,A,3,2,BCA,s0,frozen,BCA_shared,0.17520305680500897
average_precision,raw,A,3,3,BCA,s0,frozen,BCA_shared,0.06572994880903033
trapezoidal_pr_auc,raw,A,3,3,BCA,s0,frozen,BCA_shared,0.05917744277920171
roc_auc,raw,A,3,3,BCA,s0,frozen,BCA_shared,0.4841061452513967
recall_at_fpr_1pct,raw,A,3,3,BCA,s0,frozen,BCA_shared,0.0125
brier,raw,A,3,3,BCA,s0,frozen,BCA_shared,0.1151991835261352
log_loss,raw,A,3,3,BCA,s0,frozen,BCA_shared,0.40408698075249394
precision,raw,A,3,3,BCA,s0,frozen,BCA_shared,0.05930555555555557
recall,raw,A,3,3,BCA,s0,frozen,BCA_shared,0.0175
f1,raw,A,3,3,BCA,s0,frozen,BCA_shared,0.026519704433497538
specificity,raw,A,3,3,BCA,s0,frozen,BCA_shared,0.9878491620111731
balanced_accuracy,raw,A,3,3,BCA,s0,frozen,BCA_shared,0.5026745810055866
mcc,raw,A,3,3,BCA,s0,frozen,BCA_shared,0.007261737447953449
map,raw,A,3,3,BCA,s0,frozen,BCA_shared,0.15427014554732849
mrr,raw,A,3,3,BCA,s0,frozen,BCA_shared,0.18112146892838935
recall_at_1,raw,A,3,3,BCA,s0,frozen,BCA_shared,0.03482142857142857
recall_at_3,raw,A,3,3,BCA,s0,frozen,BCA_shared,0.11696428571428572
recall_at_5,raw,A,3,3,BCA,s0,frozen,BCA_shared,0.1705357142857143
recall_at_10,raw,A,3,3,BCA,s0,frozen,BCA_shared,0.3401785714285714
ndcg_at_1,raw,A,3,3,BCA,s0,frozen,BCA_shared,0.05714285714285714
ndcg_at_3,raw,A,3,3,BCA,s0,frozen,BCA_shared,0.09062507178473259
ndcg_at_5,raw,A,3,3,BCA,s0,frozen,BCA_shared,0.11534029230807394
ndcg_at_10,raw,A,3,3,BCA,s0,frozen,BCA_shared,0.17520305680500897
average_precision,stage-cal,A,3,3,BCA,s0,frozen,BCA_shared,0.06572994880903033
trapezoidal_pr_auc,stage-cal,A,3,3,BCA,s0,frozen,BCA_shared,0.05917744277920171
roc_auc,stage-cal,A,3,3,BCA,s0,frozen,BCA_shared,0.4841061452513967
recall_at_fpr_1pct,stage-cal,A,3,3,BCA,s0,frozen,BCA_shared,0.0125
brier,stage-cal,A,3,3,BCA,s0,frozen,BCA_shared,0.15171301271488186
log_loss,stage-cal,A,3,3,BCA,s0,frozen,BCA_shared,0.48902429274868436
precision,stage-cal,A,3,3,BCA,s0,frozen,BCA_shared,0.04576855742296918
recall,stage-cal,A,3,3,BCA,s0,frozen,BCA_shared,0.027500000000000004
f1,stage-cal,A,3,3,BCA,s0,frozen,BCA_shared,0.033589264398087924
specificity,stage-cal,A,3,3,BCA,s0,frozen,BCA_shared,0.9681564245810055
balanced_accuracy,stage-cal,A,3,3,BCA,s0,frozen,BCA_shared,0.4978282122905028
mcc,stage-cal,A,3,3,BCA,s0,frozen,BCA_shared,-0.005620034336183758
map,stage-cal,A,3,3,BCA,s0,frozen,BCA_shared,0.15427014554732849
mrr,stage-cal,A,3,3,BCA,s0,frozen,BCA_shared,0.18112146892838935
recall_at_1,stage-cal,A,3,3,BCA,s0,frozen,BCA_shared,0.03482142857142857
recall_at_3,stage-cal,A,3,3,BCA,s0,frozen,BCA_shared,0.11696428571428572
recall_at_5,stage-cal,A,3,3,BCA,s0,frozen,BCA_shared,0.1705357142857143
recall_at_10,stage-cal,A,3,3,BCA,s0,frozen,BCA_shared,0.3401785714285714
ndcg_at_1,stage-cal,A,3,3,BCA,s0,frozen,BCA_shared,0.05714285714285714
ndcg_at_3,stage-cal,A,3,3,BCA,s0,frozen,BCA_shared,0.09062507178473259
ndcg_at_5,stage-cal,A,3,3,BCA,s0,frozen,BCA_shared,0.11534029230807394
ndcg_at_10,stage-cal,A,3,3,BCA,s0,frozen,BCA_shared,0.17520305680500897
average_precision,first-cal,A,3,3,BCA,s0,frozen,BCA_shared,0.06572994880903033
trapezoidal_pr_auc,first-cal,A,3,3,BCA,s0,frozen,BCA_shared,0.05917744277920171
roc_auc,first-cal,A,3,3,BCA,s0,frozen,BCA_shared,0.4841061452513967
recall_at_fpr_1pct,first-cal,A,3,3,BCA,s0,frozen,BCA_shared,0.0125
brier,first-cal,A,3,3,BCA,s0,frozen,BCA_shared,0.11971702432574918
log_loss,first-cal,A,3,3,BCA,s0,frozen,BCA_shared,0.4158673671770227
precision,first-cal,A,3,3,BCA,s0,frozen,BCA_shared,0.06805555555555556
recall,first-cal,A,3,3,BCA,s0,frozen,BCA_shared,0.015
f1,first-cal,A,3,3,BCA,s0,frozen,BCA_shared,0.024142255795179333
specificity,first-cal,A,3,3,BCA,s0,frozen,BCA_shared,0.990782122905028
balanced_accuracy,first-cal,A,3,3,BCA,s0,frozen,BCA_shared,0.5028910614525139
mcc,first-cal,A,3,3,BCA,s0,frozen,BCA_shared,0.010164610254292637
map,first-cal,A,3,3,BCA,s0,frozen,BCA_shared,0.15427014554732849
mrr,first-cal,A,3,3,BCA,s0,frozen,BCA_shared,0.18112146892838935
recall_at_1,first-cal,A,3,3,BCA,s0,frozen,BCA_shared,0.03482142857142857
recall_at_3,first-cal,A,3,3,BCA,s0,frozen,BCA_shared,0.11696428571428572
recall_at_5,first-cal,A,3,3,BCA,s0,frozen,BCA_shared,0.1705357142857143
recall_at_10,first-cal,A,3,3,BCA,s0,frozen,BCA_shared,0.3401785714285714
ndcg_at_1,first-cal,A,3,3,BCA,s0,frozen,BCA_shared,0.05714285714285714
ndcg_at_3,first-cal,A,3,3,BCA,s0,frozen,BCA_shared,0.09062507178473259
ndcg_at_5,first-cal,A,3,3,BCA,s0,frozen,BCA_shared,0.11534029230807394
ndcg_at_10,first-cal,A,3,3,BCA,s0,frozen,BCA_shared,0.17520305680500897
average_precision,raw,A,3,1,BCA,s0,seq,BCA_shared,0.06572994880903033
trapezoidal_pr_auc,raw,A,3,1,BCA,s0,seq,BCA_shared,0.05917744277920171
roc_auc,raw,A,3,1,BCA,s0,seq,BCA_shared,0.4841061452513967
recall_at_fpr_1pct,raw,A,3,1,BCA,s0,seq,BCA_shared,0.0125
brier,raw,A,3,1,BCA,s0,seq,BCA_shared,0.1151991835261352
log_loss,raw,A,3,1,BCA,s0,seq,BCA_shared,0.40408698075249394
precision,raw,A,3,1,BCA,s0,seq,BCA_shared,0.05930555555555557
recall,raw,A,3,1,BCA,s0,seq,BCA_shared,0.0175
f1,raw,A,3,1,BCA,s0,seq,BCA_shared,0.026519704433497538
specificity,raw,A,3,1,BCA,s0,seq,BCA_shared,0.9878491620111731
balanced_accuracy,raw,A,3,1,BCA,s0,seq,BCA_shared,0.5026745810055866
mcc,raw,A,3,1,BCA,s0,seq,BCA_shared,0.007261737447953449
map,raw,A,3,1,BCA,s0,seq,BCA_shared,0.15427014554732849
mrr,raw,A,3,1,BCA,s0,seq,BCA_shared,0.18112146892838935
recall_at_1,raw,A,3,1,BCA,s0,seq,BCA_shared,0.03482142857142857
recall_at_3,raw,A,3,1,BCA,s0,seq,BCA_shared,0.11696428571428572
recall_at_5,raw,A,3,1,BCA,s0,seq,BCA_shared,0.1705357142857143
recall_at_10,raw,A,3,1,BCA,s0,seq,BCA_shared,0.3401785714285714
ndcg_at_1,raw,A,3,1,BCA,s0,seq,BCA_shared,0.05714285714285714
ndcg_at_3,raw,A,3,1,BCA,s0,seq,BCA_shared,0.09062507178473259
ndcg_at_5,raw,A,3,1,BCA,s0,seq,BCA_shared,0.11534029230807394
ndcg_at_10,raw,A,3,1,BCA,s0,seq,BCA_shared,0.17520305680500897
average_precision,stage-cal,A,3,1,BCA,s0,seq,BCA_shared,0.06572994880903033
trapezoidal_pr_auc,stage-cal,A,3,1,BCA,s0,seq,BCA_shared,0.05917744277920171
roc_auc,stage-cal,A,3,1,BCA,s0,seq,BCA_shared,0.4841061452513967
recall_at_fpr_1pct,stage-cal,A,3,1,BCA,s0,seq,BCA_shared,0.0125
brier,stage-cal,A,3,1,BCA,s0,seq,BCA_shared,0.15171301271488186
log_loss,stage-cal,A,3,1,BCA,s0,seq,BCA_shared,0.48902429274868436
precision,stage-cal,A,3,1,BCA,s0,seq,BCA_shared,0.04576855742296918
recall,stage-cal,A,3,1,BCA,s0,seq,BCA_shared,0.027500000000000004
f1,stage-cal,A,3,1,BCA,s0,seq,BCA_shared,0.033589264398087924
specificity,stage-cal,A,3,1,BCA,s0,seq,BCA_shared,0.9681564245810055
balanced_accuracy,stage-cal,A,3,1,BCA,s0,seq,BCA_shared,0.4978282122905028
mcc,stage-cal,A,3,1,BCA,s0,seq,BCA_shared,-0.005620034336183758
map,stage-cal,A,3,1,BCA,s0,seq,BCA_shared,0.15427014554732849
mrr,stage-cal,A,3,1,BCA,s0,seq,BCA_shared,0.18112146892838935
recall_at_1,stage-cal,A,3,1,BCA,s0,seq,BCA_shared,0.03482142857142857
recall_at_3,stage-cal,A,3,1,BCA,s0,seq,BCA_shared,0.11696428571428572
recall_at_5,stage-cal,A,3,1,BCA,s0,seq,BCA_shared,0.1705357142857143
recall_at_10,stage-cal,A,3,1,BCA,s0,seq,BCA_shared,0.3401785714285714
ndcg_at_1,stage-cal,A,3,1,BCA,s0,seq,BCA_shared,0.05714285714285714
ndcg_at_3,stage-cal,A,3,1,BCA,s0,seq,BCA_shared,0.09062507178473259
ndcg_at_5,stage-cal,A,3,1,BCA,s0,seq,BCA_shared,0.11534029230807394
ndcg_at_10,stage-cal,A,3,1,BCA,s0,seq,BCA_shared,0.17520305680500897
average_precision,first-cal,A,3,1,BCA,s0,seq,BCA_shared,0.06572994880903033
trapezoidal_pr_auc,first-cal,A,3,1,BCA,s0,seq,BCA_shared,0.05917744277920171
roc_auc,first-cal,A,3,1,BCA,s0,seq,BCA_shared,0.4841061452513967
recall_at_fpr_1pct,first-cal,A,3,1,BCA,s0,seq,BCA_shared,0.0125
brier,first-cal,A,3,1,BCA,s0,seq,BCA_shared,0.11971702432574918
log_loss,first-cal,A,3,1,BCA,s0,seq,BCA_shared,0.4158673671770227
precision,first-cal,A,3,1,BCA,s0,seq,BCA_shared,0.06805555555555556
recall,first-cal,A,3,1,BCA,s0,seq,BCA_shared,0.015
f1,first-cal,A,3,1,BCA,s0,seq,BCA_shared,0.024142255795179333
specificity,first-cal,A,3,1,BCA,s0,seq,BCA_shared,0.990782122905028
balanced_accuracy,first-cal,A,3,1,BCA,s0,seq,BCA_shared,0.5028910614525139
mcc,first-cal,A,3,1,BCA,s0,seq,BCA_shared,0.010164610254292637
map,first-cal,A,3,1,BCA,s0,seq,BCA_shared,0.15427014554732849
mrr,first-cal,A,3,1,BCA,s0,seq,BCA_shared,0.18112146892838935
recall_at_1,first-cal,A,3,1,BCA,s0,seq,BCA_shared,0.03482142857142857
recall_at_3,first-cal,A,3,1,BCA,s0,seq,BCA_shared,0.11696428571428572
recall_at_5,first-cal,A,3,1,BCA,s0,seq,BCA_shared,0.1705357142857143
recall_at_10,first-cal,A,3,1,BCA,s0,seq,BCA_shared,0.3401785714285714
ndcg_at_1,first-cal,A,3,1,BCA,s0,seq,BCA_shared,0.05714285714285714
ndcg_at_3,first-cal,A,3,1,BCA,s0,seq,BCA_shared,0.09062507178473259
ndcg_at_5,first-cal,A,3,1,BCA,s0,seq,BCA_shared,0.11534029230807394
ndcg_at_10,first-cal,A,3,1,BCA,s0,seq,BCA_shared,0.17520305680500897
average_precision,raw,A,3,2,BCA,s0,seq,BCA_seq_stage2,0.06720742942713992
trapezoidal_pr_auc,raw,A,3,2,BCA,s0,seq,BCA_seq_stage2,0.0611897244281477
roc_auc,raw,A,3,2,BCA,s0,seq,BCA_seq_stage2,0.48479050279329605
recall_at_fpr_1pct,raw,A,3,2,BCA,s0,seq,BCA_seq_stage2,0.0125
brier,raw,A,3,2,BCA,s0,seq,BCA_seq_stage2,0.11649307605104378
log_loss,raw,A,3,2,BCA,s0,seq,BCA_seq_stage2,0.40713382773046164
precision,raw,A,3,2,BCA,s0,seq,BCA_seq_stage2,0.058611111111111114
recall,raw,A,3,2,BCA,s0,seq,BCA_seq_stage2,0.0175
f1,raw,A,3,2,BCA,s0,seq,BCA_seq_stage2,0.026396551724137927
specificity,raw,A,3,2,BCA,s0,seq,BCA_seq_stage2,0.9865921787709497
balanced_accuracy,raw,A,3,2,BCA,s0,seq,BCA_seq_stage2,0.5020460893854748
mcc,raw,A,3,2,BCA,s0,seq,BCA_seq_stage2,0.005618376447207393
map,raw,A,3,2,BCA,s0,seq,BCA_seq_stage2,0.15184614670515845
mrr,raw,A,3,2,BCA,s0,seq,BCA_seq_stage2,0.1773813402988018
recall_at_1,raw,A,3,2,BCA,s0,seq,BCA_seq_stage2,0.033035714285714286
recall_at_3,raw,A,3,2,BCA,s0,seq,BCA_seq_stage2,0.11607142857142856
recall_at_5,raw,A,3,2,BCA,s0,seq,BCA_seq_stage2,0.16696428571428573
recall_at_10,raw,A,3,2,BCA,s0,seq,BCA_seq_stage2,0.3508928571428571
ndcg_at_1,raw,A,3,2,BCA,s0,seq,BCA_seq_stage2,0.05357142857142857
ndcg_at_3,raw,A,3,2,BCA,s0,seq,BCA_seq_stage2,0.08840929029802642
ndcg_at_5,raw,A,3,2,BCA,s0,seq,BCA_seq_stage2,0.11182353496539739
ndcg_at_10,raw,A,3,2,BCA,s0,seq,BCA_seq_stage2,0.17638034205015268
average_precision,stage-cal,A,3,2,BCA,s0,seq,BCA_seq_stage2,0.06720742942713992
trapezoidal_pr_auc,stage-cal,A,3,2,BCA,s0,seq,BCA_seq_stage2,0.0611897244281477
roc_auc,stage-cal,A,3,2,BCA,s0,seq,BCA_seq_stage2,0.48479050279329605
recall_at_fpr_1pct,stage-cal,A,3,2,BCA,s0,seq,BCA_seq_stage2,0.0125
brier,stage-cal,A,3,2,BCA,s0,seq,BCA_seq_stage2,0.1530771140902066
log_loss,stage-cal,A,3,2,BCA,s0,seq,BCA_seq_stage2,0.4919740276567133
precision,stage-cal,A,3,2,BCA,s0,seq,BCA_seq_stage2,0.04371653565732513
recall,stage-cal,A,3,2,BCA,s0,seq,BCA_seq_stage2,0.030000000000000006
f1,stage-cal,A,3,2,BCA,s0,seq,BCA_seq_stage2,0.03480008224434221
specificity,stage-cal,A,3,2,BCA,s0,seq,BCA_seq_stage2,0.9650837988826817
balanced_accuracy,stage-cal,A,3,2,BCA,s0,seq,BCA_seq_stage2,0.4975418994413408
mcc,stage-cal,A,3,2,BCA,s0,seq,BCA_seq_stage2,-0.006872490798312339
map,stage-cal,A,3,2,BCA,s0,seq,BCA_seq_stage2,0.15184614670515845
mrr,stage-cal,A,3,2,BCA,s0,seq,BCA_seq_stage2,0.1773813402988018
recall_at_1,stage-cal,A,3,2,BCA,s0,seq,BCA_seq_stage2,0.033035714285714286
recall_at_3,stage-cal,A,3,2,BCA,s0,seq,BCA_seq_stage2,0.11607142857142856
recall_at_5,stage-cal,A,3,2,BCA,s0,seq,BCA_seq_stage2,0.16696428571428573
recall_at_10,stage-cal,A,3,2,BCA,s0,seq,BCA_seq_stage2,0.3508928571428571
ndcg_at_1,stage-cal,A,3,2,BCA,s0,seq,BCA_seq_stage2,0.05357142857142857
ndcg_at_3,stage-cal,A,3,2,BCA,s0,seq,BCA_seq_stage2,0.08840929029802642
ndcg_at_5,stage-cal,A,3,2,BCA,s0,seq,BCA_seq_stage2,0.11182353496539739
ndcg_at_10,stage-cal,A,3,2,BCA,s0,seq,BCA_seq_stage2,0.17638034205015268
average_precision,first-cal,A,3,2,BCA,s0,seq,BCA_seq_stage2,0.06720742942713992
trapezoidal_pr_auc,first-cal,A,3,2,BCA,s0,seq,BCA_seq_stage2,0.0611897244281477
roc_auc,first-cal,A,3,2,BCA,s0,seq,BCA_seq_stage2,0.48479050279329605
recall_at_fpr_1pct,first-cal,A,3,2,BCA,s0,seq,BCA_seq_stage2,0.0125
brier,first-cal,A,3,2,BCA,s0,seq,BCA_seq_stage2,0.12095364848652276
log_loss,first-cal,A,3,2,BCA,s0,seq,BCA_seq_stage2,0.41873775893647414
precision,first-cal,A,3,2,BCA,s0,seq,BCA_seq_stage2,0.07589285714285714
recall,first-cal,A,3,2,BCA,s0,seq,BCA_seq_stage2,0.0175
f1,first-cal,A,3,2,BCA,s0,seq,BCA_seq_stage2,0.027969112208242643
specificity,first-cal,A,3,2,BCA,s0,seq,BCA_seq_stage2,0.9905027932960895
balanced_accuracy,first-cal,A,3,2,BCA,s0,seq,BCA_seq_stage2,0.5040013966480447
mcc,first-cal,A,3,2,BCA,s0,seq,BCA_seq_stage2,0.014351520332855158
map,first-cal,A,3,2,BCA,s0,seq,BCA_seq_stage2,0.15184614670515845
mrr,first-cal,A,3,2,BCA,s0,seq,BCA_seq_stage2,0.1773813402988018
recall_at_1,first-cal,A,3,2,BCA,s0,seq,BCA_seq_stage2,0.033035714285714286
recall_at_3,first-cal,A,3,2,BCA,s0,seq,BCA_seq_stage2,0.11607142857142856
recall_at_5,first-cal,A,3,2,BCA,s0,seq,BCA_seq_stage2,0.16696428571428573
recall_at_10,first-cal,A,3,2,BCA,s0,seq,BCA_seq_stage2,0.3508928571428571
ndcg_at_1,first-cal,A,3,2,BCA,s0,seq,BCA_seq_stage2,0.05357142857142857
ndcg_at_3,first-cal,A,3,2,BCA,s0,seq,BCA_seq_stage2,0.08840929029802642
ndcg_at_5,first-cal,A,3,2,BCA,s0,seq,BCA_seq_stage2,0.11182353496539739
ndcg_at_10,first-cal,A,3,2,BCA,s0,seq,BCA_seq_stage2,0.17638034205015268
average_precision,raw,A,3,3,BCA,s0,seq,BCA_seq_stage3,0.06605870702009994
trapezoidal_pr_auc,raw,A,3,3,BCA,s0,seq,BCA_seq_stage3,0.05959636778467917
roc_auc,raw,A,3,3,BCA,s0,seq,BCA_seq_stage3,0.48556564245810063
recall_at_fpr_1pct,raw,A,3,3,BCA,s0,seq,BCA_seq_stage3,0.01
brier,raw,A,3,3,BCA,s0,seq,BCA_seq_stage3,0.11787109436681113
log_loss,raw,A,3,3,BCA,s0,seq,BCA_seq_stage3,0.41037501556268996
precision,raw,A,3,3,BCA,s0,seq,BCA_seq_stage3,0.07492063492063492
recall,raw,A,3,3,BCA,s0,seq,BCA_seq_stage3,0.0225
f1,raw,A,3,3,BCA,s0,seq,BCA_seq_stage3,0.0338919220945083
specificity,raw,A,3,3,BCA,s0,seq,BCA_seq_stage3,0.9864525139664805
balanced_accuracy,raw,A,3,3,BCA,s0,seq,BCA_seq_stage3,0.5044762569832403
mcc,raw,A,3,3,BCA,s0,seq,BCA_seq_stage3,0.014322611823224207
map,raw,A,3,3,BCA,s0,seq,BCA_seq_stage3,0.15397869218379753
mrr,raw,A,3,3,BCA,s0,seq,BCA_seq_stage3,0.1800329136247605
recall_at_1,raw,A,3,3,BCA,s0,seq,BCA_seq_stage3,0.03571428571428571
recall_at_3,raw,A,3,3,BCA,s0,seq,BCA_seq_stage3,0.1169642857142857
recall_at_5,raw,A,3,3,BCA,s0,seq,BCA_seq_stage3,0.16964285714285715
recall_at_10,raw,A,3,3,BCA,s0,seq,BCA_seq_stage3,0.3482142857142857
ndcg_at_1,raw,A,3,3,BCA,s0,seq,BCA_seq_stage3,0.05892857142857143
ndcg_at_3,raw,A,3,3,BCA,s0,seq,BCA_seq_stage3,0.09014209624779043
ndcg_at_5,raw,A,3,3,BCA,s0,seq,BCA_seq_stage3,0.11445127118653323
ndcg_at_10,raw,A,3,3,BCA,s0,seq,BCA_seq_stage3,0.17714855526478482
average_precision,stage-cal,A,3,3,BCA,s0,seq,BCA_seq_stage3,0.06605870702009994
trapezoidal_pr_auc,stage-cal,A,3,3,BCA,s0,seq,BCA_seq_stage3,0.05959636778467917
roc_auc,stage-cal,A,3,3,BCA,s0,seq,BCA_seq_stage3,0.48556564245810063
recall_at_fpr_1pct,stage-cal,A,3,3,BCA,s0,seq,BCA_seq_stage3,0.01
brier,stage-cal,A,3,3,BCA,s0,seq,BCA_seq_stage3,0.15451931821883802
log_loss,stage-cal,A,3,3,BCA,s0,seq,BCA_seq_stage3,0.4950920580214183
precision,stage-cal,A,3,3,BCA,s0,seq,BCA_seq_stage3,0.04499309595633125
recall,stage-cal,A,3,3,BCA,s0,seq,BCA_seq_stage3,0.0325
f1,stage-cal,A,3,3,BCA,s0,seq,BCA_seq_stage3,0.036857928830545464
specificity,stage-cal,A,3,3,BCA,s0,seq,BCA_seq_stage3,0.9635474860335194
balanced_accuracy,stage-cal,A,3,3,BCA,s0,seq,BCA_seq_stage3,0.49802374301675983
mcc,stage-cal,A,3,3,BCA,s0,seq,BCA_seq_stage3,-0.005712862272164455
map,stage-cal,A,3,3,BCA,s0,seq,BCA_seq_stage3,0.15397869218379753
mrr,stage-cal,A,3,3,BCA,s0,seq,BCA_seq_stage3,0.1800329136247605
recall_at_1,stage-cal,A,3,3,BCA,s0,seq,BCA_seq_stage3,0.03571428571428571
recall_at_3,stage-cal,A,3,3,BCA,s0,seq,BCA_seq_stage3,0.1169642857142857
recall_at_5,stage-cal,A,3,3,BCA,s0,seq,BCA_seq_stage3,0.16964285714285715
recall_at_10,stage-cal,A,3,3,BCA,s0,seq,BCA_seq_stage3,0.3482142857142857
ndcg_at_1,stage-cal,A,3,3,BCA,s0,seq,BCA_seq_stage3,0.05892857142857143
ndcg_at_3,stage-cal,A,3,3,BCA,s0,seq,BCA_seq_stage3,0.09014209624779043
ndcg_at_5,stage-cal,A,3,3,BCA,s0,seq,BCA_seq_stage3,0.11445127118653323
ndcg_at_10,stage-cal,A,3,3,BCA,s0,seq,BCA_seq_stage3,0.17714855526478482
average_precision,first-cal,A,3,3,BCA,s0,seq,BCA_seq_stage3,0.06605870702009994
trapezoidal_pr_auc,first-cal,A,3,3,BCA,s0,seq,BCA_seq_stage3,0.05959636778467917
roc_auc,first-cal,A,3,3,BCA,s0,seq,BCA_seq_stage3,0.48556564245810063
recall_at_fpr_1pct,first-cal,A,3,3,BCA,s0,seq,BCA_seq_stage3,0.01
brier,first-cal,A,3,3,BCA,s0,seq,BCA_seq_stage3,0.1222679112752832
log_loss,first-cal,A,3,3,BCA,s0,seq,BCA_seq_stage3,0.42178497631486545
precision,first-cal,A,3,3,BCA,s0,seq,BCA_seq_stage3,0.062003968253968256
recall,first-cal,A,3,3,BCA,s0,seq,BCA_seq_stage3,0.0175
f1,first-cal,A,3,3,BCA,s0,seq,BCA_seq_stage3,0.026671683999270206
specificity,first-cal,A,3,3,BCA,s0,seq,BCA_seq_stage3,0.9891061452513966
balanced_accuracy,first-cal,A,3,3,BCA,s0,seq,BCA_seq_stage3,0.5033030726256983
mcc,first-cal,A,3,3,BCA,s0,seq,BCA_seq_stage3,0.009224310852167055
map,first-cal,A,3,3,BCA,s0,seq,BCA_seq_stage3,0.15397869218379753
mrr,first-cal,A,3,3,BCA,s0,seq,BCA_seq_stage3,0.1800329136247605
recall_at_1,first-cal,A,3,3,BCA,s0,seq,BCA_seq_stage3,0.03571428571428571
recall_at_3,first-cal,A,3,3,BCA,s0,seq,BCA_seq_stage3,0.1169642857142857
recall_at_5,first-cal,A,3,3,BCA,s0,seq,BCA_seq_stage3,0.16964285714285715
recall_at_10,first-cal,A,3,3,BCA,s0,seq,BCA_seq_stage3,0.3482142857142857
ndcg_at_1,first-cal,A,3,3,BCA,s0,seq,BCA_seq_stage3,0.05892857142857143
ndcg_at_3,first-cal,A,3,3,BCA,s0,seq,BCA_seq_stage3,0.09014209624779043
ndcg_at_5,first-cal,A,3,3,BCA,s0,seq,BCA_seq_stage3,0.11445127118653323
ndcg_at_10,first-cal,A,3,3,BCA,s0,seq,BCA_seq_stage3,0.17714855526478482
average_precision,raw,A,3,1,BCA,s0,er,BCA_shared,0.06572994880903033
trapezoidal_pr_auc,raw,A,3,1,BCA,s0,er,BCA_shared,0.05917744277920171
roc_auc,raw,A,3,1,BCA,s0,er,BCA_shared,0.4841061452513967
recall_at_fpr_1pct,raw,A,3,1,BCA,s0,er,BCA_shared,0.0125
brier,raw,A,3,1,BCA,s0,er,BCA_shared,0.1151991835261352
log_loss,raw,A,3,1,BCA,s0,er,BCA_shared,0.40408698075249394
precision,raw,A,3,1,BCA,s0,er,BCA_shared,0.05930555555555557
recall,raw,A,3,1,BCA,s0,er,BCA_shared,0.0175
f1,raw,A,3,1,BCA,s0,er,BCA_shared,0.026519704433497538
specificity,raw,A,3,1,BCA,s0,er,BCA_shared,0.9878491620111731
balanced_accuracy,raw,A,3,1,BCA,s0,er,BCA_shared,0.5026745810055866
mcc,raw,A,3,1,BCA,s0,er,BCA_shared,0.007261737447953449
map,raw,A,3,1,BCA,s0,er,BCA_shared,0.15427014554732849
mrr,raw,A,3,1,BCA,s0,er,BCA_shared,0.18112146892838935
recall_at_1,raw,A,3,1,BCA,s0,er,BCA_shared,0.03482142857142857
recall_at_3,raw,A,3,1,BCA,s0,er,BCA_shared,0.11696428571428572
recall_at_5,raw,A,3,1,BCA,s0,er,BCA_shared,0.1705357142857143
recall_at_10,raw,A,3,1,BCA,s0,er,BCA_shared,0.3401785714285714
ndcg_at_1,raw,A,3,1,BCA,s0,er,BCA_shared,0.05714285714285714
ndcg_at_3,raw,A,3,1,BCA,s0,er,BCA_shared,0.09062507178473259
ndcg_at_5,raw,A,3,1,BCA,s0,er,BCA_shared,0.11534029230807394
ndcg_at_10,raw,A,3,1,BCA,s0,er,BCA_shared,0.17520305680500897
average_precision,stage-cal,A,3,1,BCA,s0,er,BCA_shared,0.06572994880903033
trapezoidal_pr_auc,stage-cal,A,3,1,BCA,s0,er,BCA_shared,0.05917744277920171
roc_auc,stage-cal,A,3,1,BCA,s0,er,BCA_shared,0.4841061452513967
recall_at_fpr_1pct,stage-cal,A,3,1,BCA,s0,er,BCA_shared,0.0125
brier,stage-cal,A,3,1,BCA,s0,er,BCA_shared,0.15171301271488186
log_loss,stage-cal,A,3,1,BCA,s0,er,BCA_shared,0.48902429274868436
precision,stage-cal,A,3,1,BCA,s0,er,BCA_shared,0.04576855742296918
recall,stage-cal,A,3,1,BCA,s0,er,BCA_shared,0.027500000000000004
f1,stage-cal,A,3,1,BCA,s0,er,BCA_shared,0.033589264398087924
specificity,stage-cal,A,3,1,BCA,s0,er,BCA_shared,0.9681564245810055
balanced_accuracy,stage-cal,A,3,1,BCA,s0,er,BCA_shared,0.4978282122905028
mcc,stage-cal,A,3,1,BCA,s0,er,BCA_shared,-0.005620034336183758
map,stage-cal,A,3,1,BCA,s0,er,BCA_shared,0.15427014554732849
mrr,stage-cal,A,3,1,BCA,s0,er,BCA_shared,0.18112146892838935
recall_at_1,stage-cal,A,3,1,BCA,s0,er,BCA_shared,0.03482142857142857
recall_at_3,stage-cal,A,3,1,BCA,s0,er,BCA_shared,0.11696428571428572
recall_at_5,stage-cal,A,3,1,BCA,s0,er,BCA_shared,0.1705357142857143
recall_at_10,stage-cal,A,3,1,BCA,s0,er,BCA_shared,0.3401785714285714
ndcg_at_1,stage-cal,A,3,1,BCA,s0,er,BCA_shared,0.05714285714285714
ndcg_at_3,stage-cal,A,3,1,BCA,s0,er,BCA_shared,0.09062507178473259
ndcg_at_5,stage-cal,A,3,1,BCA,s0,er,BCA_shared,0.11534029230807394
ndcg_at_10,stage-cal,A,3,1,BCA,s0,er,BCA_shared,0.17520305680500897
average_precision,first-cal,A,3,1,BCA,s0,er,BCA_shared,0.06572994880903033
trapezoidal_pr_auc,first-cal,A,3,1,BCA,s0,er,BCA_shared,0.05917744277920171
roc_auc,first-cal,A,3,1,BCA,s0,er,BCA_shared,0.4841061452513967
recall_at_fpr_1pct,first-cal,A,3,1,BCA,s0,er,BCA_shared,0.0125
brier,first-cal,A,3,1,BCA,s0,er,BCA_shared,0.11971702432574918
log_loss,first-cal,A,3,1,BCA,s0,er,BCA_shared,0.4158673671770227
precision,first-cal,A,3,1,BCA,s0,er,BCA_shared,0.06805555555555556
recall,first-cal,A,3,1,BCA,s0,er,BCA_shared,0.015
f1,first-cal,A,3,1,BCA,s0,er,BCA_shared,0.024142255795179333
specificity,first-cal,A,3,1,BCA,s0,er,BCA_shared,0.990782122905028
balanced_accuracy,first-cal,A,3,1,BCA,s0,er,BCA_shared,0.5028910614525139
mcc,first-cal,A,3,1,BCA,s0,er,BCA_shared,0.010164610254292637
map,first-cal,A,3,1,BCA,s0,er,BCA_shared,0.15427014554732849
mrr,first-cal,A,3,1,BCA,s0,er,BCA_shared,0.18112146892838935
recall_at_1,first-cal,A,3,1,BCA,s0,er,BCA_shared,0.03482142857142857
recall_at_3,first-cal,A,3,1,BCA,s0,er,BCA_shared,0.11696428571428572
recall_at_5,first-cal,A,3,1,BCA,s0,er,BCA_shared,0.1705357142857143
recall_at_10,first-cal,A,3,1,BCA,s0,er,BCA_shared,0.3401785714285714
ndcg_at_1,first-cal,A,3,1,BCA,s0,er,BCA_shared,0.05714285714285714
ndcg_at_3,first-cal,A,3,1,BCA,s0,er,BCA_shared,0.09062507178473259
ndcg_at_5,first-cal,A,3,1,BCA,s0,er,BCA_shared,0.11534029230807394
ndcg_at_10,first-cal,A,3,1,BCA,s0,er,BCA_shared,0.17520305680500897
average_precision,raw,A,3,2,BCA,s0,er,BCA_er_stage2,0.06593792277554048
trapezoidal_pr_auc,raw,A,3,2,BCA,s0,er,BCA_er_stage2,0.059253408585311494
roc_auc,raw,A,3,2,BCA,s0,er,BCA_er_stage2,0.48331703910614526
recall_at_fpr_1pct,raw,A,3,2,BCA,s0,er,BCA_er_stage2,0.0125
brier,raw,A,3,2,BCA,s0,er,BCA_er_stage2,0.11929203698693183
log_loss,raw,A,3,2,BCA,s0,er,BCA_er_stage2,0.413725315514922
precision,raw,A,3,2,BCA,s0,er,BCA_er_stage2,0.05787878787878788
recall,raw,A,3,2,BCA,s0,er,BCA_er_stage2,0.02
f1,raw,A,3,2,BCA,s0,er,BCA_er_stage2,0.02926294173012749
specificity,raw,A,3,2,BCA,s0,er,BCA_er_stage2,0.9847765363128493
balanced_accuracy,raw,A,3,2,BCA,s0,er,BCA_er_stage2,0.5023882681564247
mcc,raw,A,3,2,BCA,s0,er,BCA_er_stage2,0.005854188320591386
map,raw,A,3,2,BCA,s0,er,BCA_er_stage2,0.15284574632898798
mrr,raw,A,3,2,BCA,s0,er,BCA_er_stage2,0.17756350034508567
recall_at_1,raw,A,3,2,BCA,s0,er,BCA_er_stage2,0.033928571428571426
recall_at_3,raw,A,3,2,BCA,s0,er,BCA_er_stage2,0.11160714285714284
recall_at_5,raw,A,3,2,BCA,s0,er,BCA_er_stage2,0.16875
recall_at_10,raw,A,3,2,BCA,s0,er,BCA_er_stage2,0.34464285714285714
ndcg_at_1,raw,A,3,2,BCA,s0,er,BCA_er_stage2,0.05357142857142857
ndcg_at_3,raw,A,3,2,BCA,s0,er,BCA_er_stage2,0.08679868631884397
ndcg_at_5,raw,A,3,2,BCA,s0,er,BCA_er_stage2,0.11308231123001093
ndcg_at_10,raw,A,3,2,BCA,s0,er,BCA_er_stage2,0.175011371505096
average_precision,stage-cal,A,3,2,BCA,s0,er,BCA_er_stage2,0.06593792277554048
trapezoidal_pr_auc,stage-cal,A,3,2,BCA,s0,er,BCA_er_stage2,0.059253408585311494
roc_auc,stage-cal,A,3,2,BCA,s0,er,BCA_er_stage2,0.48331703910614526
recall_at_fpr_1pct,stage-cal,A,3,2,BCA,s0,er,BCA_er_stage2,0.0125
brier,stage-cal,A,3,2,BCA,s0,er,BCA_er_stage2,0.1559998946179743
log_loss,stage-cal,A,3,2,BCA,s0,er,BCA_er_stage2,0.4982917075032204
precision,stage-cal,A,3,2,BCA,s0,er,BCA_er_stage2,0.04309749074454956
recall,stage-cal,A,3,2,BCA,s0,er,BCA_er_stage2,0.0325
f1,stage-cal,A,3,2,BCA,s0,er,BCA_er_stage2,0.03603844475338164
specificity,stage-cal,A,3,2,BCA,s0,er,BCA_er_stage2,0.9607541899441341
balanced_accuracy,stage-cal,A,3,2,BCA,s0,er,BCA_er_stage2,0.496627094972067
mcc,stage-cal,A,3,2,BCA,s0,er,BCA_er_stage2,-0.008324613939368184
map,stage-cal,A,3,2,BCA,s0,er,BCA_er_stage2,0.15284574632898798
mrr,stage-cal,A,3,2,BCA,s0,er,BCA_er_stage2,0.17756350034508567
recall_at_1,stage-cal,A,3,2,BCA,s0,er,BCA_er_stage2,0.033928571428571426
recall_at_3,stage-cal,A,3,2,BCA,s0,er,BCA_er_stage2,0.11160714285714284
recall_at_5,stage-cal,A,3,2,BCA,s0,er,BCA_er_stage2,0.16875
recall_at_10,stage-cal,A,3,2,BCA,s0,er,BCA_er_stage2,0.34464285714285714
ndcg_at_1,stage-cal,A,3,2,BCA,s0,er,BCA_er_stage2,0.05357142857142857
ndcg_at_3,stage-cal,A,3,2,BCA,s0,er,BCA_er_stage2,0.08679868631884397
ndcg_at_5,stage-cal,A,3,2,BCA,s0,er,BCA_er_stage2,0.11308231123001093
ndcg_at_10,stage-cal,A,3,2,BCA,s0,er,BCA_er_stage2,0.175011371505096
average_precision,first-cal,A,3,2,BCA,s0,er,BCA_er_stage2,0.06593792277554048
trapezoidal_pr_auc,first-cal,A,3,2,BCA,s0,er,BCA_er_stage2,0.059253408585311494
roc_auc,first-cal,A,3,2,BCA,s0,er,BCA_er_stage2,0.48331703910614526
recall_at_fpr_1pct,first-cal,A,3,2,BCA,s0,er,BCA_er_stage2,0.0125
brier,first-cal,A,3,2,BCA,s0,er,BCA_er_stage2,0.12362186933007353
log_loss,first-cal,A,3,2,BCA,s0,er,BCA_er_stage2,0.42492958193509667
precision,first-cal,A,3,2,BCA,s0,er,BCA_er_stage2,0.06736111111111112
recall,first-cal,A,3,2,BCA,s0,er,BCA_er_stage2,0.02
f1,first-cal,A,3,2,BCA,s0,er,BCA_er_stage2,0.03013464696223317
specificity,first-cal,A,3,2,BCA,s0,er,BCA_er_stage2,0.9878491620111729
balanced_accuracy,first-cal,A,3,2,BCA,s0,er,BCA_er_stage2,0.5039245810055866
mcc,first-cal,A,3,2,BCA,s0,er,BCA_er_stage2,0.011686074297394568
map,first-cal,A,3,2,BCA,s0,er,BCA_er_stage2,0.15284574632898798
mrr,first-cal,A,3,2,BCA,s0,er,BCA_er_stage2,0.17756350034508567
recall_at_1,first-cal,A,3,2,BCA,s0,er,BCA_er_stage2,0.033928571428571426
recall_at_3,first-cal,A,3,2,BCA,s0,er,BCA_er_stage2,0.11160714285714284
recall_at_5,first-cal,A,3,2,BCA,s0,er,BCA_er_stage2,0.16875
recall_at_10,first-cal,A,3,2,BCA,s0,er,BCA_er_stage2,0.34464285714285714
ndcg_at_1,first-cal,A,3,2,BCA,s0,er,BCA_er_stage2,0.05357142857142857
ndcg_at_3,first-cal,A,3,2,BCA,s0,er,BCA_er_stage2,0.08679868631884397
ndcg_at_5,first-cal,A,3,2,BCA,s0,er,BCA_er_stage2,0.11308231123001093
ndcg_at_10,first-cal,A,3,2,BCA,s0,er,BCA_er_stage2,0.175011371505096
average_precision,raw,A,3,3,BCA,s0,er,BCA_er_stage3,0.06600130719910555
trapezoidal_pr_auc,raw,A,3,3,BCA,s0,er,BCA_er_stage3,0.05947938404094435
roc_auc,raw,A,3,3,BCA,s0,er,BCA_er_stage3,0.48502793296089397
recall_at_fpr_1pct,raw,A,3,3,BCA,s0,er,BCA_er_stage3,0.01
brier,raw,A,3,3,BCA,s0,er,BCA_er_stage3,0.12063612946021189
log_loss,raw,A,3,3,BCA,s0,er,BCA_er_stage3,0.41685195528237234
precision,raw,A,3,3,BCA,s0,er,BCA_er_stage3,0.05995726495726496
recall,raw,A,3,3,BCA,s0,er,BCA_er_stage3,0.0225
f1,raw,A,3,3,BCA,s0,er,BCA_er_stage3,0.032040865743451954
specificity,raw,A,3,3,BCA,s0,er,BCA_er_stage3,0.9829608938547487
balanced_accuracy,raw,A,3,3,BCA,s0,er,BCA_er_stage3,0.5027304469273743
mcc,raw,A,3,3,BCA,s0,er,BCA_er_stage3,0.006786000130737696
map,raw,A,3,3,BCA,s0,er,BCA_er_stage3,0.15464755707539418
mrr,raw,A,3,3,BCA,s0,er,BCA_er_stage3,0.18181136819396268
recall_at_1,raw,A,3,3,BCA,s0,er,BCA_er_stage3,0.0375
recall_at_3,raw,A,3,3,BCA,s0,er,BCA_er_stage3,0.1125
recall_at_5,raw,A,3,3,BCA,s0,er,BCA_er_stage3,0.1660714285714286
recall_at_10,raw,A,3,3,BCA,s0,er,BCA_er_stage3,0.35357142857142854
ndcg_at_1,raw,A,3,3,BCA,s0,er,BCA_er_stage3,0.06071428571428571
ndcg_at_3,raw,A,3,3,BCA,s0,er,BCA_er_stage3,0.08949841151049782
ndcg_at_5,raw,A,3,3,BCA,s0,er,BCA_er_stage3,0.11381720426474244
ndcg_at_10,raw,A,3,3,BCA,s0,er,BCA_er_stage3,0.17920826493802705
average_precision,stage-cal,A,3,3,BCA,s0,er,BCA_er_stage3,0.06600130719910555
trapezoidal_pr_auc,stage-cal,A,3,3,BCA,s0,er,BCA_er_stage3,0.05947938404094435
roc_auc,stage-cal,A,3,3,BCA,s0,er,BCA_er_stage3,0.48502793296089397
recall_at_fpr_1pct,stage-cal,A,3,3,BCA,s0,er,BCA_er_stage3,0.01
brier,stage-cal,A,3,3,BCA,s0,er,BCA_er_stage3,0.15739333657636362
log_loss,stage-cal,A,3,3,BCA,s0,er,BCA_er_stage3,0.501291821422276
precision,stage-cal,A,3,3,BCA,s0,er,BCA_er_stage3,0.04366850255008149
recall,stage-cal,A,3,3,BCA,s0,er,BCA_er_stage3,0.034999999999999996
f1,stage-cal,A,3,3,BCA,s0,er,BCA_er_stage3,0.038061560503277574
specificity,stage-cal,A,3,3,BCA,s0,er,BCA_er_stage3,0.9583798882681563
balanced_accuracy,stage-cal,A,3,3,BCA,s0,er,BCA_er_stage3,0.49668994413407813
mcc,stage-cal,A,3,3,BCA,s0,er,BCA_er_stage3,-0.00794708238713439
map,stage-cal,A,3,3,BCA,s0,er,BCA_er_stage3,0.15464755707539418
mrr,stage-cal,A,3,3,BCA,s0,er,BCA_er_stage3,0.18181136819396268
recall_at_1,stage-cal,A,3,3,BCA,s0,er,BCA_er_stage3,0.0375
recall_at_3,stage-cal,A,3,3,BCA,s0,er,BCA_er_stage3,0.1125
recall_at_5,stage-cal,A,3,3,BCA,s0,er,BCA_er_stage3,0.1660714285714286
recall_at_10,stage-cal,A,3,3,BCA,s0,er,BCA_er_stage3,0.35357142857142854
ndcg_at_1,stage-cal,A,3,3,BCA,s0,er,BCA_er_stage3,0.06071428571428571
ndcg_at_3,stage-cal,A,3,3,BCA,s0,er,BCA_er_stage3,0.08949841151049782
ndcg_at_5,stage-cal,A,3,3,BCA,s0,er,BCA_er_stage3,0.11381720426474244
ndcg_at_10,stage-cal,A,3,3,BCA,s0,er,BCA_er_stage3,0.17920826493802705
average_precision,first-cal,A,3,3,BCA,s0,er,BCA_er_stage3,0.06600130719910555
trapezoidal_pr_auc,first-cal,A,3,3,BCA,s0,er,BCA_er_stage3,0.05947938404094435
roc_auc,first-cal,A,3,3,BCA,s0,er,BCA_er_stage3,0.48502793296089397
recall_at_fpr_1pct,first-cal,A,3,3,BCA,s0,er,BCA_er_stage3,0.01
brier,first-cal,A,3,3,BCA,s0,er,BCA_er_stage3,0.12489925278309078
log_loss,first-cal,A,3,3,BCA,s0,er,BCA_er_stage3,0.4278640259405738
precision,first-cal,A,3,3,BCA,s0,er,BCA_er_stage3,0.06611111111111112
recall,first-cal,A,3,3,BCA,s0,er,BCA_er_stage3,0.0225
f1,first-cal,A,3,3,BCA,s0,er,BCA_er_stage3,0.03310167992926614
specificity,first-cal,A,3,3,BCA,s0,er,BCA_er_stage3,0.9864525139664803
balanced_accuracy,first-cal,A,3,3,BCA,s0,er,BCA_er_stage3,0.5044762569832402
mcc,first-cal,A,3,3,BCA,s0,er,BCA_er_stage3,0.012068574717868437
map,first-cal,A,3,3,BCA,s0,er,BCA_er_stage3,0.15464755707539418
mrr,first-cal,A,3,3,BCA,s0,er,BCA_er_stage3,0.18181136819396268
recall_at_1,first-cal,A,3,3,BCA,s0,er,BCA_er_stage3,0.0375
recall_at_3,first-cal,A,3,3,BCA,s0,er,BCA_er_stage3,0.1125
recall_at_5,first-cal,A,3,3,BCA,s0,er,BCA_er_stage3,0.1660714285714286
recall_at_10,first-cal,A,3,3,BCA,s0,er,BCA_er_stage3,0.35357142857142854
ndcg_at_1,first-cal,A,3,3,BCA,s0,er,BCA_er_stage3,0.06071428571428571
ndcg_at_3,first-cal,A,3,3,BCA,s0,er,BCA_er_stage3,0.08949841151049782
ndcg_at_5,first-cal,A,3,3,BCA,s0,er,BCA_er_stage3,0.11381720426474244
ndcg_at_10,first-cal,A,3,3,BCA,s0,er,BCA_er_stage3,0.17920826493802705
average_precision,raw,A,3,1,BCA,s0,logit,BCA_shared,0.06572994880903033
trapezoidal_pr_auc,raw,A,3,1,BCA,s0,logit,BCA_shared,0.05917744277920171
roc_auc,raw,A,3,1,BCA,s0,logit,BCA_shared,0.4841061452513967
recall_at_fpr_1pct,raw,A,3,1,BCA,s0,logit,BCA_shared,0.0125
brier,raw,A,3,1,BCA,s0,logit,BCA_shared,0.1151991835261352
log_loss,raw,A,3,1,BCA,s0,logit,BCA_shared,0.40408698075249394
precision,raw,A,3,1,BCA,s0,logit,BCA_shared,0.05930555555555557
recall,raw,A,3,1,BCA,s0,logit,BCA_shared,0.0175
f1,raw,A,3,1,BCA,s0,logit,BCA_shared,0.026519704433497538
specificity,raw,A,3,1,BCA,s0,logit,BCA_shared,0.9878491620111731
balanced_accuracy,raw,A,3,1,BCA,s0,logit,BCA_shared,0.5026745810055866
mcc,raw,A,3,1,BCA,s0,logit,BCA_shared,0.007261737447953449
map,raw,A,3,1,BCA,s0,logit,BCA_shared,0.15427014554732849
mrr,raw,A,3,1,BCA,s0,logit,BCA_shared,0.18112146892838935
recall_at_1,raw,A,3,1,BCA,s0,logit,BCA_shared,0.03482142857142857
recall_at_3,raw,A,3,1,BCA,s0,logit,BCA_shared,0.11696428571428572
recall_at_5,raw,A,3,1,BCA,s0,logit,BCA_shared,0.1705357142857143
recall_at_10,raw,A,3,1,BCA,s0,logit,BCA_shared,0.3401785714285714
ndcg_at_1,raw,A,3,1,BCA,s0,logit,BCA_shared,0.05714285714285714
ndcg_at_3,raw,A,3,1,BCA,s0,logit,BCA_shared,0.09062507178473259
ndcg_at_5,raw,A,3,1,BCA,s0,logit,BCA_shared,0.11534029230807394
ndcg_at_10,raw,A,3,1,BCA,s0,logit,BCA_shared,0.17520305680500897
average_precision,stage-cal,A,3,1,BCA,s0,logit,BCA_shared,0.06572994880903033
trapezoidal_pr_auc,stage-cal,A,3,1,BCA,s0,logit,BCA_shared,0.05917744277920171
roc_auc,stage-cal,A,3,1,BCA,s0,logit,BCA_shared,0.4841061452513967
recall_at_fpr_1pct,stage-cal,A,3,1,BCA,s0,logit,BCA_shared,0.0125
brier,stage-cal,A,3,1,BCA,s0,logit,BCA_shared,0.15171301271488186
log_loss,stage-cal,A,3,1,BCA,s0,logit,BCA_shared,0.48902429274868436
precision,stage-cal,A,3,1,BCA,s0,logit,BCA_shared,0.04576855742296918
recall,stage-cal,A,3,1,BCA,s0,logit,BCA_shared,0.027500000000000004
f1,stage-cal,A,3,1,BCA,s0,logit,BCA_shared,0.033589264398087924
specificity,stage-cal,A,3,1,BCA,s0,logit,BCA_shared,0.9681564245810055
balanced_accuracy,stage-cal,A,3,1,BCA,s0,logit,BCA_shared,0.4978282122905028
mcc,stage-cal,A,3,1,BCA,s0,logit,BCA_shared,-0.005620034336183758
map,stage-cal,A,3,1,BCA,s0,logit,BCA_shared,0.15427014554732849
mrr,stage-cal,A,3,1,BCA,s0,logit,BCA_shared,0.18112146892838935
recall_at_1,stage-cal,A,3,1,BCA,s0,logit,BCA_shared,0.03482142857142857
recall_at_3,stage-cal,A,3,1,BCA,s0,logit,BCA_shared,0.11696428571428572
recall_at_5,stage-cal,A,3,1,BCA,s0,logit,BCA_shared,0.1705357142857143
recall_at_10,stage-cal,A,3,1,BCA,s0,logit,BCA_shared,0.3401785714285714
ndcg_at_1,stage-cal,A,3,1,BCA,s0,logit,BCA_shared,0.05714285714285714
ndcg_at_3,stage-cal,A,3,1,BCA,s0,logit,BCA_shared,0.09062507178473259
ndcg_at_5,stage-cal,A,3,1,BCA,s0,logit,BCA_shared,0.11534029230807394
ndcg_at_10,stage-cal,A,3,1,BCA,s0,logit,BCA_shared,0.17520305680500897
average_precision,first-cal,A,3,1,BCA,s0,logit,BCA_shared,0.06572994880903033
trapezoidal_pr_auc,first-cal,A,3,1,BCA,s0,logit,BCA_shared,0.05917744277920171
roc_auc,first-cal,A,3,1,BCA,s0,logit,BCA_shared,0.4841061452513967
recall_at_fpr_1pct,first-cal,A,3,1,BCA,s0,logit,BCA_shared,0.0125
brier,first-cal,A,3,1,BCA,s0,logit,BCA_shared,0.11971702432574918
log_loss,first-cal,A,3,1,BCA,s0,logit,BCA_shared,0.4158673671770227
precision,first-cal,A,3,1,BCA,s0,logit,BCA_shared,0.06805555555555556
recall,first-cal,A,3,1,BCA,s0,logit,BCA_shared,0.015
f1,first-cal,A,3,1,BCA,s0,logit,BCA_shared,0.024142255795179333
specificity,first-cal,A,3,1,BCA,s0,logit,BCA_shared,0.990782122905028
balanced_accuracy,first-cal,A,3,1,BCA,s0,logit,BCA_shared,0.5028910614525139
mcc,first-cal,A,3,1,BCA,s0,logit,BCA_shared,0.010164610254292637
map,first-cal,A,3,1,BCA,s0,logit,BCA_shared,0.15427014554732849
mrr,first-cal,A,3,1,BCA,s0,logit,BCA_shared,0.18112146892838935
recall_at_1,first-cal,A,3,1,BCA,s0,logit,BCA_shared,0.03482142857142857
recall_at_3,first-cal,A,3,1,BCA,s0,logit,BCA_shared,0.11696428571428572
recall_at_5,first-cal,A,3,1,BCA,s0,logit,BCA_shared,0.1705357142857143
recall_at_10,first-cal,A,3,1,BCA,s0,logit,BCA_shared,0.3401785714285714
ndcg_at_1,first-cal,A,3,1,BCA,s0,logit,BCA_shared,0.05714285714285714
ndcg_at_3,first-cal,A,3,1,BCA,s0,logit,BCA_shared,0.09062507178473259
ndcg_at_5,first-cal,A,3,1,BCA,s0,logit,BCA_shared,0.11534029230807394
ndcg_at_10,first-cal,A,3,1,BCA,s0,logit,BCA_shared,0.17520305680500897
average_precision,raw,A,3,2,BCA,s0,logit,BCA_logit_stage2,0.06595034066853425
trapezoidal_pr_auc,raw,A,3,2,BCA,s0,logit,BCA_logit_stage2,0.059546759309252836
roc_auc,raw,A,3,2,BCA,s0,logit,BCA_logit_stage2,0.48421089385474864
recall_at_fpr_1pct,raw,A,3,2,BCA,s0,logit,BCA_logit_stage2,0.01
brier,raw,A,3,2,BCA,s0,logit,BCA_logit_stage2,0.12210348828401918
log_loss,raw,A,3,2,BCA,s0,logit,BCA_logit_stage2,0.4202430749213527
precision,raw,A,3,2,BCA,s0,logit,BCA_logit_stage2,0.06284722222222222
recall,raw,A,3,2,BCA,s0,logit,BCA_logit_stage2,0.0225
f1,raw,A,3,2,BCA,s0,logit,BCA_logit_stage2,0.03199391078270388
specificity,raw,A,3,2,BCA,s0,logit,BCA_logit_stage2,0.9821229050279332
balanced_accuracy,raw,A,3,2,BCA,s0,logit,BCA_logit_stage2,0.5023114525139666
mcc,raw,A,3,2,BCA,s0,logit,BCA_logit_stage2,0.006753532713224861
map,raw,A,3,2,BCA,s0,logit,BCA_logit_stage2,0.15535103153198956
mrr,raw,A,3,2,BCA,s0,logit,BCA_logit_stage2,0.18185778922379575
recall_at_1,raw,A,3,2,BCA,s0,logit,BCA_logit_stage2,0.039285714285714285
recall_at_3,raw,A,3,2,BCA,s0,logit,BCA_logit_stage2,0.11607142857142858
recall_at_5,raw,A,3,2,BCA,s0,logit,BCA_logit_stage2,0.17142857142857143
recall_at_10,raw,A,3,2,BCA,s0,logit,BCA_logit_stage2,0.3589285714285714
ndcg_at_1,raw,A,3,2,BCA,s0,logit,BCA_logit_stage2,0.0625
ndcg_at_3,raw,A,3,2,BCA,s0,logit,BCA_logit_stage2,0.09079054944948456
ndcg_at_5,raw,A,3,2,BCA,s0,logit,BCA_logit_stage2,0.11592639036065185
ndcg_at_10,raw,A,3,2,BCA,s0,logit,BCA_logit_stage2,0.1813392420343392
average_precision,stage-cal,A,3,2,BCA,s0,logit,BCA_logit_stage2,0.06595034066853425
trapezoidal_pr_auc,stage-cal,A,3,2,BCA,s0,logit,BCA_logit_stage2,0.059546759309252836
roc_auc,stage-cal,A,3,2,BCA,s0,logit,BCA_logit_stage2,0.48421089385474864
recall_at_fpr_1pct,stage-cal,A,3,2,BCA,s0,logit,BCA_logit_stage2,0.01
brier,stage-cal,A,3,2,BCA,s0,logit,BCA_logit_stage2,0.15888847744390322
log_loss,stage-cal,A,3,2,BCA,s0,logit,BCA_logit_stage2,0.5044922336716511
precision,stage-cal,A,3,2,BCA,s0,logit,BCA_logit_stage2,0.0394651330470296
recall,stage-cal,A,3,2,BCA,s0,logit,BCA_logit_stage2,0.0325
f1,stage-cal,A,3,2,BCA,s0,logit,BCA_logit_stage2,0.03499113999666852
specificity,stage-cal,A,3,2,BCA,s0,logit,BCA_logit_stage2,0.9550279329608939
balanced_accuracy,stage-cal,A,3,2,BCA,s0,logit,BCA_logit_stage2,0.493763966480447
mcc,stage-cal,A,3,2,BCA,s0,logit,BCA_logit_stage2,-0.013130980107039988
map,stage-cal,A,3,2,BCA,s0,logit,BCA_logit_stage2,0.15535103153198956
mrr,stage-cal,A,3,2,BCA,s0,logit,BCA_logit_stage2,0.18185778922379575
recall_at_1,stage-cal,A,3,2,BCA,s0,logit,BCA_logit_stage2,0.039285714285714285
recall_at_3,stage-cal,A,3,2,BCA,s0,logit,BCA_logit_stage2,0.11607142857142858
recall_at_5,stage-cal,A,3,2,BCA,s0,logit,BCA_logit_stage2,0.17142857142857143
recall_at_10,stage-cal,A,3,2,BCA,s0,logit,BCA_logit_stage2,0.3589285714285714
ndcg_at_1,stage-cal,A,3,2,BCA,s0,logit,BCA_logit_stage2,0.0625
ndcg_at_3,stage-cal,A,3,2,BCA,s0,logit,BCA_logit_stage2,0.09079054944948456
ndcg_at_5,stage-cal,A,3,2,BCA,s0,logit,BCA_logit_stage2,0.11592639036065185
ndcg_at_10,stage-cal,A,3,2,BCA,s0,logit,BCA_logit_stage2,0.1813392420343392
average_precision,first-cal,A,3,2,BCA,s0,logit,BCA_logit_stage2,0.06595034066853425
trapezoidal_pr_auc,first-cal,A,3,2,BCA,s0,logit,BCA_logit_stage2,0.059546759309252836
roc_auc,first-cal,A,3,2,BCA,s0,logit,BCA_logit_stage2,0.48421089385474864
recall_at_fpr_1pct,first-cal,A,3,2,BCA,s0,logit,BCA_logit_stage2,0.01
brier,first-cal,A,3,2,BCA,s0,logit,BCA_logit_stage2,0.12628877689531742
log_loss,first-cal,A,3,2,BCA,s0,logit,BCA_logit_stage2,0.43103508220321834
precision,first-cal,A,3,2,BCA,s0,logit,BCA_logit_stage2,0.06258116883116883
recall,first-cal,A,3,2,BCA,s0,logit,BCA_logit_stage2,0.02
f1,first-cal,A,3,2,BCA,s0,logit,BCA_logit_stage2,0.02970464243044888
specificity,first-cal,A,3,2,BCA,s0,logit,BCA_logit_stage2,0.9856145251396649
balanced_accuracy,first-cal,A,3,2,BCA,s0,logit,BCA_logit_stage2,0.5028072625698323
mcc,first-cal,A,3,2,BCA,s0,logit,BCA_logit_stage2,0.007804476079105463
map,first-cal,A,3,2,BCA,s0,logit,BCA_logit_stage2,0.15535103153198956
mrr,first-cal,A,3,2,BCA,s0,logit,BCA_logit_stage2,0.18185778922379575
recall_at_1,first-cal,A,3,2,BCA,s0,logit,BCA_logit_stage2,0.039285714285714285
recall_at_3,first-cal,A,3,2,BCA,s0,logit,BCA_logit_stage2,0.11607142857142858
recall_at_5,first-cal,A,3,2,BCA,s0,logit,BCA_logit_stage2,0.17142857142857143
recall_at_10,first-cal,A,3,2,BCA,s0,logit,BCA_logit_stage2,0.3589285714285714
ndcg_at_1,first-cal,A,3,2,BCA,s0,logit,BCA_logit_stage2,0.0625
ndcg_at_3,first-cal,A,3,2,BCA,s0,logit,BCA_logit_stage2,0.09079054944948456
ndcg_at_5,first-cal,A,3,2,BCA,s0,logit,BCA_logit_stage2,0.11592639036065185
ndcg_at_10,first-cal,A,3,2,BCA,s0,logit,BCA_logit_stage2,0.1813392420343392
average_precision,raw,A,3,3,BCA,s0,logit,BCA_logit_stage3,0.06737037459354771
trapezoidal_pr_auc,raw,A,3,3,BCA,s0,logit,BCA_logit_stage3,0.06139967434004595
roc_auc,raw,A,3,3,BCA,s0,logit,BCA_logit_stage3,0.48397346368715094
recall_at_fpr_1pct,raw,A,3,3,BCA,s0,logit,BCA_logit_stage3,0.0125
brier,raw,A,3,3,BCA,s0,logit,BCA_logit_stage3,0.12347761054795259
log_loss,raw,A,3,3,BCA,s0,logit,BCA_logit_stage3,0.42343490261864714
precision,raw,A,3,3,BCA,s0,logit,BCA_logit_stage3,0.052340021090021095
recall,raw,A,3,3,BCA,s0,logit,BCA_logit_stage3,0.0225
f1,raw,A,3,3,BCA,s0,logit,BCA_logit_stage3,0.03097951761911717
specificity,raw,A,3,3,BCA,s0,logit,BCA_logit_stage3,0.9801675977653632
balanced_accuracy,raw,A,3,3,BCA,s0,logit,BCA_logit_stage3,0.5013337988826816
mcc,raw,A,3,3,BCA,s0,logit,BCA_logit_stage3,0.0020290424853860872
map,raw,A,3,3,BCA,s0,logit,BCA_logit_stage3,0.15296294430174567
mrr,raw,A,3,3,BCA,s0,logit,BCA_logit_stage3,0.17973936593490333
recall_at_1,raw,A,3,3,BCA,s0,logit,BCA_logit_stage3,0.03482142857142857
recall_at_3,raw,A,3,3,BCA,s0,logit,BCA_logit_stage3,0.11785714285714284
recall_at_5,raw,A,3,3,BCA,s0,logit,BCA_logit_stage3,0.16785714285714287
recall_at_10,raw,A,3,3,BCA,s0,logit,BCA_logit_stage3,0.34732142857142856
ndcg_at_1,raw,A,3,3,BCA,s0,logit,BCA_logit_stage3,0.05714285714285715
ndcg_at_3,raw,A,3,3,BCA,s0,logit,BCA_logit_stage3,0.09032775950761926
ndcg_at_5,raw,A,3,3,BCA,s0,logit,BCA_logit_stage3,0.11336108813420524
ndcg_at_10,raw,A,3,3,BCA,s0,logit,BCA_logit_stage3,0.1762598377155902
average_precision,stage-cal,A,3,3,BCA,s0,logit,BCA_logit_stage3,0.06737037459354771
trapezoidal_pr_auc,stage-cal,A,3,3,BCA,s0,logit,BCA_logit_stage3,0.06139967434004595
roc_auc,stage-cal,A,3,3,BCA,s0,logit,BCA_logit_stage3,0.48397346368715094
recall_at_fpr_1pct,stage-cal,A,3,3,BCA,s0,logit,BCA_logit_stage3,0.0125
brier,stage-cal,A,3,3,BCA,s0,logit,BCA_logit_stage3,0.16031120274669197
log_loss,stage-cal,A,3,3,BCA,s0,logit,BCA_logit_stage3,0.5075439121194208
precision,stage-cal,A,3,3,BCA,s0,logit,BCA_logit_stage3,0.03994489063568011
recall,stage-cal,A,3,3,BCA,s0,logit,BCA_logit_stage3,0.034999999999999996
f1,stage-cal,A,3,3,BCA,s0,logit,BCA_logit_stage3,0.036600633843280904
specificity,stage-cal,A,3,3,BCA,s0,logit,BCA_logit_stage3,0.9526536312849163
balanced_accuracy,stage-cal,A,3,3,BCA,s0,logit,BCA_logit_stage3,0.4938268156424582
mcc,stage-cal,A,3,3,BCA,s0,logit,BCA_logit_stage3,-0.012933459742246292
map,stage-cal,A,3,3,BCA,s0,logit,BCA_logit_stage3,0.15296294430174567
mrr,stage-cal,A,3,3,BCA,s0,logit,BCA_logit_stage3,0.17973936593490333
recall_at_1,stage-cal,A,3,3,BCA,s0,logit,BCA_logit_stage3,0.03482142857142857
recall_at_3,stage-cal,A,3,3,BCA,s0,logit,BCA_logit_stage3,0.11785714285714284
recall_at_5,stage-cal,A,3,3,BCA,s0,logit,BCA_logit_stage3,0.16785714285714287
recall_at_10,stage-cal,A,3,3,BCA,s0,logit,BCA_logit_stage3,0.34732142857142856
ndcg_at_1,stage-cal,A,3,3,BCA,s0,logit,BCA_logit_stage3,0.05714285714285715
ndcg_at_3,stage-cal,A,3,3,BCA,s0,logit,BCA_logit_stage3,0.09032775950761926
ndcg_at_5,stage-cal,A,3,3,BCA,s0,logit,BCA_logit_stage3,0.11336108813420524
ndcg_at_10,stage-cal,A,3,3,BCA,s0,logit,BCA_logit_stage3,0.1762598377155902
average_precision,first-cal,A,3,3,BCA,s0,logit,BCA_logit_stage3,0.06737037459354771
trapezoidal_pr_auc,first-cal,A,3,3,BCA,s0,logit,BCA_logit_stage3,0.06139967434004595
roc_auc,first-cal,A,3,3,BCA,s0,logit,BCA_logit_stage3,0.48397346368715094
recall_at_fpr_1pct,first-cal,A,3,3,BCA,s0,logit,BCA_logit_stage3,0.0125
brier,first-cal,A,3,3,BCA,s0,logit,BCA_logit_stage3,0.12759385561335027
log_loss,first-cal,A,3,3,BCA,s0,logit,BCA_logit_stage3,0.43402721646053877
precision,first-cal,A,3,3,BCA,s0,logit,BCA_logit_stage3,0.06511904761904762
recall,first-cal,A,3,3,BCA,s0,logit,BCA_logit_stage3,0.0225
f1,first-cal,A,3,3,BCA,s0,logit,BCA_logit_stage3,0.0328772349936143
specificity,first-cal,A,3,3,BCA,s0,logit,BCA_logit_stage3,0.9840782122905027
balanced_accuracy,first-cal,A,3,3,BCA,s0,logit,BCA_logit_stage3,0.5032891061452514
mcc,first-cal,A,3,3,BCA,s0,logit,BCA_logit_stage3,0.009358345430872373
map,first-cal,A,3,3,BCA,s0,logit,BCA_logit_stage3,0.15296294430174567
mrr,first-cal,A,3,3,BCA,s0,logit,BCA_logit_stage3,0.17973936593490333
recall_at_1,first-cal,A,3,3,BCA,s0,logit,BCA_logit_stage3,0.03482142857142857
recall_at_3,first-cal,A,3,3,BCA,s0,logit,BCA_logit_stage3,0.11785714285714284
recall_at_5,first-cal,A,3,3,BCA,s0,logit,BCA_logit_stage3,0.16785714285714287
recall_at_10,first-cal,A,3,3,BCA,s0,logit,BCA_logit_stage3,0.34732142857142856
ndcg_at_1,first-cal,A,3,3,BCA,s0,logit,BCA_logit_stage3,0.05714285714285715
ndcg_at_3,first-cal,A,3,3,BCA,s0,logit,BCA_logit_stage3,0.09032775950761926
ndcg_at_5,first-cal,A,3,3,BCA,s0,logit,BCA_logit_stage3,0.11336108813420524
ndcg_at_10,first-cal,A,3,3,BCA,s0,logit,BCA_logit_stage3,0.1762598377155902
average_precision,raw,C,1,0,CAB,s0,initial,initial,0.06680446490614433
trapezoidal_pr_auc,raw,C,1,0,CAB,s0,initial,initial,0.05812863864209779
roc_auc,raw,C,1,0,CAB,s0,initial,initial,0.5001047486033519
recall_at_fpr_1pct,raw,C,1,0,CAB,s0,initial,initial,0.0225
brier,raw,C,1,0,CAB,s0,initial,initial,0.10611693040082534
log_loss,raw,C,1,0,CAB,s0,initial,initial,0.38226524241403037
precision,raw,C,1,0,CAB,s0,initial,initial,0.062499999999999986
recall,raw,C,1,0,CAB,s0,initial,initial,0.01
f1,raw,C,1,0,CAB,s0,initial,initial,0.017210144927536232
specificity,raw,C,1,0,CAB,s0,initial,initial,0.9942737430167596
balanced_accuracy,raw,C,1,0,CAB,s0,initial,initial,0.5021368715083798
mcc,raw,C,1,0,CAB,s0,initial,initial,0.00803573450619163
map,raw,C,1,0,CAB,s0,initial,initial,0.16262720824143392
mrr,raw,C,1,0,CAB,s0,initial,initial,0.18296043522997738
recall_at_1,raw,C,1,0,CAB,s0,initial,initial,0.04196428571428572
recall_at_3,raw,C,1,0,CAB,s0,initial,initial,0.1107142857142857
recall_at_5,raw,C,1,0,CAB,s0,initial,initial,0.1892857142857143
recall_at_10,raw,C,1,0,CAB,s0,initial,initial,0.37857142857142856
ndcg_at_1,raw,C,1,0,CAB,s0,initial,initial,0.06071428571428571
ndcg_at_3,raw,C,1,0,CAB,s0,initial,initial,0.08896252763760537
ndcg_at_5,raw,C,1,0,CAB,s0,initial,initial,0.12466574368422237
ndcg_at_10,raw,C,1,0,CAB,s0,initial,initial,0.19024755535397495
average_precision,raw,C,1,1,CAB,s0,frozen,CAB_shared,0.06672746506624169
trapezoidal_pr_auc,raw,C,1,1,CAB,s0,frozen,CAB_shared,0.05816667964530402
roc_auc,raw,C,1,1,CAB,s0,frozen,CAB_shared,0.4997835195530727
recall_at_fpr_1pct,raw,C,1,1,CAB,s0,frozen,CAB_shared,0.019999999999999997
brier,raw,C,1,1,CAB,s0,frozen,CAB_shared,0.12474802270105637
log_loss,raw,C,1,1,CAB,s0,frozen,CAB_shared,0.42631103582906277
precision,raw,C,1,1,CAB,s0,frozen,CAB_shared,0.08485805860805862
recall,raw,C,1,1,CAB,s0,frozen,CAB_shared,0.027500000000000004
f1,raw,C,1,1,CAB,s0,frozen,CAB_shared,0.04089232989232989
specificity,raw,C,1,1,CAB,s0,frozen,CAB_shared,0.9811452513966481
balanced_accuracy,raw,C,1,1,CAB,s0,frozen,CAB_shared,0.5043226256983241
mcc,raw,C,1,1,CAB,s0,frozen,CAB_shared,0.016892126962872716
map,raw,C,1,1,CAB,s0,frozen,CAB_shared,0.16376721883531015
mrr,raw,C,1,1,CAB,s0,frozen,CAB_shared,0.18352318351145042
recall_at_1,raw,C,1,1,CAB,s0,frozen,CAB_shared,0.04375
recall_at_3,raw,C,1,1,CAB,s0,frozen,CAB_shared,0.1107142857142857
recall_at_5,raw,C,1,1,CAB,s0,frozen,CAB_shared,0.18839285714285714
recall_at_10,raw,C,1,1,CAB,s0,frozen,CAB_shared,0.38571428571428573
ndcg_at_1,raw,C,1,1,CAB,s0,frozen,CAB_shared,0.062499999999999986
ndcg_at_3,raw,C,1,1,CAB,s0,frozen,CAB_shared,0.08956867331313459
ndcg_at_5,raw,C,1,1,CAB,s0,frozen,CAB_shared,0.12511869750378085
ndcg_at_10,raw,C,1,1,CAB,s0,frozen,CAB_shared,0.192990453296009
average_precision,stage-cal,C,1,1,CAB,s0,frozen,CAB_shared,0.06672746506624169
trapezoidal_pr_auc,stage-cal,C,1,1,CAB,s0,frozen,CAB_shared,0.05816667964530402
roc_auc,stage-cal,C,1,1,CAB,s0,frozen,CAB_shared,0.4997835195530727
recall_at_fpr_1pct,stage-cal,C,1,1,CAB,s0,frozen,CAB_shared,0.019999999999999997
brier,stage-cal,C,1,1,CAB,s0,frozen,CAB_shared,0.16168889856738644
log_loss,stage-cal,C,1,1,CAB,s0,frozen,CAB_shared,0.5104594654785756
precision,stage-cal,C,1,1,CAB,s0,frozen,CAB_shared,0.04275915696508226
recall,stage-cal,C,1,1,CAB,s0,frozen,CAB_shared,0.0425
f1,stage-cal,C,1,1,CAB,s0,frozen,CAB_shared,0.04209668890683157
specificity,stage-cal,C,1,1,CAB,s0,frozen,CAB_shared,0.9505586592178773
balanced_accuracy,stage-cal,C,1,1,CAB,s0,frozen,CAB_shared,0.4965293296089386
mcc,stage-cal,C,1,1,CAB,s0,frozen,CAB_shared,-0.00861683058755523
map,stage-cal,C,1,1,CAB,s0,frozen,CAB_shared,0.16376721883531015
mrr,stage-cal,C,1,1,CAB,s0,frozen,CAB_shared,0.18352318351145042
recall_at_1,stage-cal,C,1,1,CAB,s0,frozen,CAB_shared,0.04375
recall_at_3,stage-cal,C,1,1,CAB,s0,frozen,CAB_shared,0.1107142857142857
recall_at_5,stage-cal,C,1,1,CAB,s0,frozen,CAB_shared,0.18839285714285714
recall_at_10,stage-cal,C,1,1,CAB,s0,frozen,CAB_shared,0.38571428571428573
ndcg_at_1,stage-cal,C,1,1,CAB,s0,frozen,CAB_shared,0.062499999999999986
ndcg_at_3,stage-cal,C,1,1,CAB,s0,frozen,CAB_shared,0.08956867331313459
ndcg_at_5,stage-cal,C,1,1,CAB,s0,frozen,CAB_shared,0.12511869750378085
ndcg_at_10,stage-cal,C,1,1,CAB,s0,frozen,CAB_shared,0.192990453296009
average_precision,first-cal,C,1,1,CAB,s0,frozen,CAB_shared,0.06672746506624169
trapezoidal_pr_auc,first-cal,C,1,1,CAB,s0,frozen,CAB_shared,0.05816667964530402
roc_auc,first-cal,C,1,1,CAB,s0,frozen,CAB_shared,0.4997835195530727
recall_at_fpr_1pct,first-cal,C,1,1,CAB,s0,frozen,CAB_shared,0.019999999999999997
brier,first-cal,C,1,1,CAB,s0,frozen,CAB_shared,0.12880911063920691
log_loss,first-cal,C,1,1,CAB,s0,frozen,CAB_shared,0.4367519693162589
precision,first-cal,C,1,1,CAB,s0,frozen,CAB_shared,0.07375
recall,first-cal,C,1,1,CAB,s0,frozen,CAB_shared,0.019999999999999997
f1,first-cal,C,1,1,CAB,s0,frozen,CAB_shared,0.030875915750915743
specificity,first-cal,C,1,1,CAB,s0,frozen,CAB_shared,0.9844972067039107
balanced_accuracy,first-cal,C,1,1,CAB,s0,frozen,CAB_shared,0.5022486033519554
mcc,first-cal,C,1,1,CAB,s0,frozen,CAB_shared,0.009905551343352961
map,first-cal,C,1,1,CAB,s0,frozen,CAB_shared,0.16376721883531015
mrr,first-cal,C,1,1,CAB,s0,frozen,CAB_shared,0.18352318351145042
recall_at_1,first-cal,C,1,1,CAB,s0,frozen,CAB_shared,0.04375
recall_at_3,first-cal,C,1,1,CAB,s0,frozen,CAB_shared,0.1107142857142857
recall_at_5,first-cal,C,1,1,CAB,s0,frozen,CAB_shared,0.18839285714285714
recall_at_10,first-cal,C,1,1,CAB,s0,frozen,CAB_shared,0.38571428571428573
ndcg_at_1,first-cal,C,1,1,CAB,s0,frozen,CAB_shared,0.062499999999999986
ndcg_at_3,first-cal,C,1,1,CAB,s0,frozen,CAB_shared,0.08956867331313459
ndcg_at_5,first-cal,C,1,1,CAB,s0,frozen,CAB_shared,0.12511869750378085
ndcg_at_10,first-cal,C,1,1,CAB,s0,frozen,CAB_shared,0.192990453296009
average_precision,raw,C,1,2,CAB,s0,frozen,CAB_shared,0.06672746506624169
trapezoidal_pr_auc,raw,C,1,2,CAB,s0,frozen,CAB_shared,0.05816667964530402
roc_auc,raw,C,1,2,CAB,s0,frozen,CAB_shared,0.4997835195530727
recall_at_fpr_1pct,raw,C,1,2,CAB,s0,frozen,CAB_shared,0.019999999999999997
brier,raw,C,1,2,CAB,s0,frozen,CAB_shared,0.12474802270105637
log_loss,raw,C,1,2,CAB,s0,frozen,CAB_shared,0.42631103582906277
precision,raw,C,1,2,CAB,s0,frozen,CAB_shared,0.08485805860805862
recall,raw,C,1,2,CAB,s0,frozen,CAB_shared,0.027500000000000004
f1,raw,C,1,2,CAB,s0,frozen,CAB_shared,0.04089232989232989
specificity,raw,C,1,2,CAB,s0,frozen,CAB_shared,0.9811452513966481
balanced_accuracy,raw,C,1,2,CAB,s0,frozen,CAB_shared,0.5043226256983241
mcc,raw,C,1,2,CAB,s0,frozen,CAB_shared,0.016892126962872716
map,raw,C,1,2,CAB,s0,frozen,CAB_shared,0.16376721883531015
mrr,raw,C,1,2,CAB,s0,frozen,CAB_shared,0.18352318351145042
recall_at_1,raw,C,1,2,CAB,s0,frozen,CAB_shared,0.04375
recall_at_3,raw,C,1,2,CAB,s0,frozen,CAB_shared,0.1107142857142857
recall_at_5,raw,C,1,2,CAB,s0,frozen,CAB_shared,0.18839285714285714
recall_at_10,raw,C,1,2,CAB,s0,frozen,CAB_shared,0.38571428571428573
ndcg_at_1,raw,C,1,2,CAB,s0,frozen,CAB_shared,0.062499999999999986
ndcg_at_3,raw,C,1,2,CAB,s0,frozen,CAB_shared,0.08956867331313459
ndcg_at_5,raw,C,1,2,CAB,s0,frozen,CAB_shared,0.12511869750378085
ndcg_at_10,raw,C,1,2,CAB,s0,frozen,CAB_shared,0.192990453296009
average_precision,stage-cal,C,1,2,CAB,s0,frozen,CAB_shared,0.06672746506624169
trapezoidal_pr_auc,stage-cal,C,1,2,CAB,s0,frozen,CAB_shared,0.05816667964530402
roc_auc,stage-cal,C,1,2,CAB,s0,frozen,CAB_shared,0.4997835195530727
recall_at_fpr_1pct,stage-cal,C,1,2,CAB,s0,frozen,CAB_shared,0.019999999999999997
brier,stage-cal,C,1,2,CAB,s0,frozen,CAB_shared,0.16168889856738644
log_loss,stage-cal,C,1,2,CAB,s0,frozen,CAB_shared,0.5104594654785756
precision,stage-cal,C,1,2,CAB,s0,frozen,CAB_shared,0.04275915696508226
recall,stage-cal,C,1,2,CAB,s0,frozen,CAB_shared,0.0425
f1,stage-cal,C,1,2,CAB,s0,frozen,CAB_shared,0.04209668890683157
specificity,stage-cal,C,1,2,CAB,s0,frozen,CAB_shared,0.9505586592178773
balanced_accuracy,stage-cal,C,1,2,CAB,s0,frozen,CAB_shared,0.4965293296089386
mcc,stage-cal,C,1,2,CAB,s0,frozen,CAB_shared,-0.00861683058755523
map,stage-cal,C,1,2,CAB,s0,frozen,CAB_shared,0.16376721883531015
mrr,stage-cal,C,1,2,CAB,s0,frozen,CAB_shared,0.18352318351145042
recall_at_1,stage-cal,C,1,2,CAB,s0,frozen,CAB_shared,0.04375
recall_at_3,stage-cal,C,1,2,CAB,s0,frozen,CAB_shared,0.1107142857142857
recall_at_5,stage-cal,C,1,2,CAB,s0,frozen,CAB_shared,0.18839285714285714
recall_at_10,stage-cal,C,1,2,CAB,s0,frozen,CAB_shared,0.38571428571428573
ndcg_at_1,stage-cal,C,1,2,CAB,s0,frozen,CAB_shared,0.062499999999999986
ndcg_at_3,stage-cal,C,1,2,CAB,s0,frozen,CAB_shared,0.08956867331313459
ndcg_at_5,stage-cal,C,1,2,CAB,s0,frozen,CAB_shared,0.12511869750378085
ndcg_at_10,stage-cal,C,1,2,CAB,s0,frozen,CAB_shared,0.192990453296009
average_precision,first-cal,C,1,2,CAB,s0,frozen,CAB_shared,0.06672746506624169
trapezoidal_pr_auc,first-cal,C,1,2,CAB,s0,frozen,CAB_shared,0.05816667964530402
roc_auc,first-cal,C,1,2,CAB,s0,frozen,CAB_shared,0.4997835195530727
recall_at_fpr_1pct,first-cal,C,1,2,CAB,s0,frozen,CAB_shared,0.019999999999999997
brier,first-cal,C,1,2,CAB,s0,frozen,CAB_shared,0.12880911063920691
log_loss,first-cal,C,1,2,CAB,s0,frozen,CAB_shared,0.4367519693162589
precision,first-cal,C,1,2,CAB,s0,frozen,CAB_shared,0.07375
recall,first-cal,C,1,2,CAB,s0,frozen,CAB_shared,0.019999999999999997
f1,first-cal,C,1,2,CAB,s0,frozen,CAB_shared,0.030875915750915743
specificity,first-cal,C,1,2,CAB,s0,frozen,CAB_shared,0.9844972067039107
balanced_accuracy,first-cal,C,1,2,CAB,s0,frozen,CAB_shared,0.5022486033519554
mcc,first-cal,C,1,2,CAB,s0,frozen,CAB_shared,0.009905551343352961
map,first-cal,C,1,2,CAB,s0,frozen,CAB_shared,0.16376721883531015
mrr,first-cal,C,1,2,CAB,s0,frozen,CAB_shared,0.18352318351145042
recall_at_1,first-cal,C,1,2,CAB,s0,frozen,CAB_shared,0.04375
recall_at_3,first-cal,C,1,2,CAB,s0,frozen,CAB_shared,0.1107142857142857
recall_at_5,first-cal,C,1,2,CAB,s0,frozen,CAB_shared,0.18839285714285714
recall_at_10,first-cal,C,1,2,CAB,s0,frozen,CAB_shared,0.38571428571428573
ndcg_at_1,first-cal,C,1,2,CAB,s0,frozen,CAB_shared,0.062499999999999986
ndcg_at_3,first-cal,C,1,2,CAB,s0,frozen,CAB_shared,0.08956867331313459
ndcg_at_5,first-cal,C,1,2,CAB,s0,frozen,CAB_shared,0.12511869750378085
ndcg_at_10,first-cal,C,1,2,CAB,s0,frozen,CAB_shared,0.192990453296009
average_precision,raw,C,1,3,CAB,s0,frozen,CAB_shared,0.06672746506624169
trapezoidal_pr_auc,raw,C,1,3,CAB,s0,frozen,CAB_shared,0.05816667964530402
roc_auc,raw,C,1,3,CAB,s0,frozen,CAB_shared,0.4997835195530727
recall_at_fpr_1pct,raw,C,1,3,CAB,s0,frozen,CAB_shared,0.019999999999999997
brier,raw,C,1,3,CAB,s0,frozen,CAB_shared,0.12474802270105637
log_loss,raw,C,1,3,CAB,s0,frozen,CAB_shared,0.42631103582906277
precision,raw,C,1,3,CAB,s0,frozen,CAB_shared,0.08485805860805862
recall,raw,C,1,3,CAB,s0,frozen,CAB_shared,0.027500000000000004
f1,raw,C,1,3,CAB,s0,frozen,CAB_shared,0.04089232989232989
specificity,raw,C,1,3,CAB,s0,frozen,CAB_shared,0.9811452513966481
balanced_accuracy,raw,C,1,3,CAB,s0,frozen,CAB_shared,0.5043226256983241
mcc,raw,C,1,3,CAB,s0,frozen,CAB_shared,0.016892126962872716
map,raw,C,1,3,CAB,s0,frozen,CAB_shared,0.16376721883531015
mrr,raw,C,1,3,CAB,s0,frozen,CAB_shared,0.18352318351145042
recall_at_1,raw,C,1,3,CAB,s0,frozen,CAB_shared,0.04375
recall_at_3,raw,C,1,3,CAB,s0,frozen,CAB_shared,0.1107142857142857
recall_at_5,raw,C,1,3,CAB,s0,frozen,CAB_shared,0.18839285714285714
recall_at_10,raw,C,1,3,CAB,s0,frozen,CAB_shared,0.38571428571428573
ndcg_at_1,raw,C,1,3,CAB,s0,frozen,CAB_shared,0.062499999999999986
ndcg_at_3,raw,C,1,3,CAB,s0,frozen,CAB_shared,0.08956867331313459
ndcg_at_5,raw,C,1,3,CAB,s0,frozen,CAB_shared,0.12511869750378085
ndcg_at_10,raw,C,1,3,CAB,s0,frozen,CAB_shared,0.192990453296009
average_precision,stage-cal,C,1,3,CAB,s0,frozen,CAB_shared,0.06672746506624169
trapezoidal_pr_auc,stage-cal,C,1,3,CAB,s0,frozen,CAB_shared,0.05816667964530402
roc_auc,stage-cal,C,1,3,CAB,s0,frozen,CAB_shared,0.4997835195530727
recall_at_fpr_1pct,stage-cal,C,1,3,CAB,s0,frozen,CAB_shared,0.019999999999999997
brier,stage-cal,C,1,3,CAB,s0,frozen,CAB_shared,0.16168889856738644
log_loss,stage-cal,C,1,3,CAB,s0,frozen,CAB_shared,0.5104594654785756
precision,stage-cal,C,1,3,CAB,s0,frozen,CAB_shared,0.04275915696508226
recall,stage-cal,C,1,3,CAB,s0,frozen,CAB_shared,0.0425
f1,stage-cal,C,1,3,CAB,s0,frozen,CAB_shared,0.04209668890683157
specificity,stage-cal,C,1,3,CAB,s0,frozen,CAB_shared,0.9505586592178773
balanced_accuracy,stage-cal,C,1,3,CAB,s0,frozen,CAB_shared,0.4965293296089386
mcc,stage-cal,C,1,3,CAB,s0,frozen,CAB_shared,-0.00861683058755523
map,stage-cal,C,1,3,CAB,s0,frozen,CAB_shared,0.16376721883531015
mrr,stage-cal,C,1,3,CAB,s0,frozen,CAB_shared,0.18352318351145042
recall_at_1,stage-cal,C,1,3,CAB,s0,frozen,CAB_shared,0.04375
recall_at_3,stage-cal,C,1,3,CAB,s0,frozen,CAB_shared,0.1107142857142857
recall_at_5,stage-cal,C,1,3,CAB,s0,frozen,CAB_shared,0.18839285714285714
recall_at_10,stage-cal,C,1,3,CAB,s0,frozen,CAB_shared,0.38571428571428573
ndcg_at_1,stage-cal,C,1,3,CAB,s0,frozen,CAB_shared,0.062499999999999986
ndcg_at_3,stage-cal,C,1,3,CAB,s0,frozen,CAB_shared,0.08956867331313459
ndcg_at_5,stage-cal,C,1,3,CAB,s0,frozen,CAB_shared,0.12511869750378085
ndcg_at_10,stage-cal,C,1,3,CAB,s0,frozen,CAB_shared,0.192990453296009
average_precision,first-cal,C,1,3,CAB,s0,frozen,CAB_shared,0.06672746506624169
trapezoidal_pr_auc,first-cal,C,1,3,CAB,s0,frozen,CAB_shared,0.05816667964530402
roc_auc,first-cal,C,1,3,CAB,s0,frozen,CAB_shared,0.4997835195530727
recall_at_fpr_1pct,first-cal,C,1,3,CAB,s0,frozen,CAB_shared,0.019999999999999997
brier,first-cal,C,1,3,CAB,s0,frozen,CAB_shared,0.12880911063920691
log_loss,first-cal,C,1,3,CAB,s0,frozen,CAB_shared,0.4367519693162589
precision,first-cal,C,1,3,CAB,s0,frozen,CAB_shared,0.07375
recall,first-cal,C,1,3,CAB,s0,frozen,CAB_shared,0.019999999999999997
f1,first-cal,C,1,3,CAB,s0,frozen,CAB_shared,0.030875915750915743
specificity,first-cal,C,1,3,CAB,s0,frozen,CAB_shared,0.9844972067039107
balanced_accuracy,first-cal,C,1,3,CAB,s0,frozen,CAB_shared,0.5022486033519554
mcc,first-cal,C,1,3,CAB,s0,frozen,CAB_shared,0.009905551343352961
map,first-cal,C,1,3,CAB,s0,frozen,CAB_shared,0.16376721883531015
mrr,first-cal,C,1,3,CAB,s0,frozen,CAB_shared,0.18352318351145042
recall_at_1,first-cal,C,1,3,CAB,s0,frozen,CAB_shared,0.04375
recall_at_3,first-cal,C,1,3,CAB,s0,frozen,CAB_shared,0.1107142857142857
recall_at_5,first-cal,C,1,3,CAB,s0,frozen,CAB_shared,0.18839285714285714
recall_at_10,first-cal,C,1,3,CAB,s0,frozen,CAB_shared,0.38571428571428573
ndcg_at_1,first-cal,C,1,3,CAB,s0,frozen,CAB_shared,0.062499999999999986
ndcg_at_3,first-cal,C,1,3,CAB,s0,frozen,CAB_shared,0.08956867331313459
ndcg_at_5,first-cal,C,1,3,CAB,s0,frozen,CAB_shared,0.12511869750378085
ndcg_at_10,first-cal,C,1,3,CAB,s0,frozen,CAB_shared,0.192990453296009
average_precision,raw,C,1,1,CAB,s0,seq,CAB_shared,0.06672746506624169
trapezoidal_pr_auc,raw,C,1,1,CAB,s0,seq,CAB_shared,0.05816667964530402
roc_auc,raw,C,1,1,CAB,s0,seq,CAB_shared,0.4997835195530727
recall_at_fpr_1pct,raw,C,1,1,CAB,s0,seq,CAB_shared,0.019999999999999997
brier,raw,C,1,1,CAB,s0,seq,CAB_shared,0.12474802270105637
log_loss,raw,C,1,1,CAB,s0,seq,CAB_shared,0.42631103582906277
precision,raw,C,1,1,CAB,s0,seq,CAB_shared,0.08485805860805862
recall,raw,C,1,1,CAB,s0,seq,CAB_shared,0.027500000000000004
f1,raw,C,1,1,CAB,s0,seq,CAB_shared,0.04089232989232989
specificity,raw,C,1,1,CAB,s0,seq,CAB_shared,0.9811452513966481
balanced_accuracy,raw,C,1,1,CAB,s0,seq,CAB_shared,0.5043226256983241
mcc,raw,C,1,1,CAB,s0,seq,CAB_shared,0.016892126962872716
map,raw,C,1,1,CAB,s0,seq,CAB_shared,0.16376721883531015
mrr,raw,C,1,1,CAB,s0,seq,CAB_shared,0.18352318351145042
recall_at_1,raw,C,1,1,CAB,s0,seq,CAB_shared,0.04375
recall_at_3,raw,C,1,1,CAB,s0,seq,CAB_shared,0.1107142857142857
recall_at_5,raw,C,1,1,CAB,s0,seq,CAB_shared,0.18839285714285714
recall_at_10,raw,C,1,1,CAB,s0,seq,CAB_shared,0.38571428571428573
ndcg_at_1,raw,C,1,1,CAB,s0,seq,CAB_shared,0.062499999999999986
ndcg_at_3,raw,C,1,1,CAB,s0,seq,CAB_shared,0.08956867331313459
ndcg_at_5,raw,C,1,1,CAB,s0,seq,CAB_shared,0.12511869750378085
ndcg_at_10,raw,C,1,1,CAB,s0,seq,CAB_shared,0.192990453296009
average_precision,stage-cal,C,1,1,CAB,s0,seq,CAB_shared,0.06672746506624169
trapezoidal_pr_auc,stage-cal,C,1,1,CAB,s0,seq,CAB_shared,0.05816667964530402
roc_auc,stage-cal,C,1,1,CAB,s0,seq,CAB_shared,0.4997835195530727
recall_at_fpr_1pct,stage-cal,C,1,1,CAB,s0,seq,CAB_shared,0.019999999999999997
brier,stage-cal,C,1,1,CAB,s0,seq,CAB_shared,0.16168889856738644
log_loss,stage-cal,C,1,1,CAB,s0,seq,CAB_shared,0.5104594654785756
precision,stage-cal,C,1,1,CAB,s0,seq,CAB_shared,0.04275915696508226
recall,stage-cal,C,1,1,CAB,s0,seq,CAB_shared,0.0425
f1,stage-cal,C,1,1,CAB,s0,seq,CAB_shared,0.04209668890683157
specificity,stage-cal,C,1,1,CAB,s0,seq,CAB_shared,0.9505586592178773
balanced_accuracy,stage-cal,C,1,1,CAB,s0,seq,CAB_shared,0.4965293296089386
mcc,stage-cal,C,1,1,CAB,s0,seq,CAB_shared,-0.00861683058755523
map,stage-cal,C,1,1,CAB,s0,seq,CAB_shared,0.16376721883531015
mrr,stage-cal,C,1,1,CAB,s0,seq,CAB_shared,0.18352318351145042
recall_at_1,stage-cal,C,1,1,CAB,s0,seq,CAB_shared,0.04375
recall_at_3,stage-cal,C,1,1,CAB,s0,seq,CAB_shared,0.1107142857142857
recall_at_5,stage-cal,C,1,1,CAB,s0,seq,CAB_shared,0.18839285714285714
recall_at_10,stage-cal,C,1,1,CAB,s0,seq,CAB_shared,0.38571428571428573
ndcg_at_1,stage-cal,C,1,1,CAB,s0,seq,CAB_shared,0.062499999999999986
ndcg_at_3,stage-cal,C,1,1,CAB,s0,seq,CAB_shared,0.08956867331313459
ndcg_at_5,stage-cal,C,1,1,CAB,s0,seq,CAB_shared,0.12511869750378085
ndcg_at_10,stage-cal,C,1,1,CAB,s0,seq,CAB_shared,0.192990453296009
average_precision,first-cal,C,1,1,CAB,s0,seq,CAB_shared,0.06672746506624169
trapezoidal_pr_auc,first-cal,C,1,1,CAB,s0,seq,CAB_shared,0.05816667964530402
roc_auc,first-cal,C,1,1,CAB,s0,seq,CAB_shared,0.4997835195530727
recall_at_fpr_1pct,first-cal,C,1,1,CAB,s0,seq,CAB_shared,0.019999999999999997
brier,first-cal,C,1,1,CAB,s0,seq,CAB_shared,0.12880911063920691
log_loss,first-cal,C,1,1,CAB,s0,seq,CAB_shared,0.4367519693162589
precision,first-cal,C,1,1,CAB,s0,seq,CAB_shared,0.07375
recall,first-cal,C,1,1,CAB,s0,seq,CAB_shared,0.019999999999999997
f1,first-cal,C,1,1,CAB,s0,seq,CAB_shared,0.030875915750915743
specificity,first-cal,C,1,1,CAB,s0,seq,CAB_shared,0.9844972067039107
balanced_accuracy,first-cal,C,1,1,CAB,s0,seq,CAB_shared,0.5022486033519554
mcc,first-cal,C,1,1,CAB,s0,seq,CAB_shared,0.009905551343352961
map,first-cal,C,1,1,CAB,s0,seq,CAB_shared,0.16376721883531015
mrr,first-cal,C,1,1,CAB,s0,seq,CAB_shared,0.18352318351145042
recall_at_1,first-cal,C,1,1,CAB,s0,seq,CAB_shared,0.04375
recall_at_3,first-cal,C,1,1,CAB,s0,seq,CAB_shared,0.1107142857142857
recall_at_5,first-cal,C,1,1,CAB,s0,seq,CAB_shared,0.18839285714285714
recall_at_10,first-cal,C,1,1,CAB,s0,seq,CAB_shared,0.38571428571428573
ndcg_at_1,first-cal,C,1,1,CAB,s0,seq,CAB_shared,0.062499999999999986
ndcg_at_3,first-cal,C,1,1,CAB,s0,seq,CAB_shared,0.08956867331313459
ndcg_at_5,first-cal,C,1,1,CAB,s0,seq,CAB_shared,0.12511869750378085
ndcg_at_10,first-cal,C,1,1,CAB,s0,seq,CAB_shared,0.192990453296009
average_precision,raw,C,1,2,CAB,s0,seq,CAB_seq_stage2,0.06657986218763023
trapezoidal_pr_auc,raw,C,1,2,CAB,s0,seq,CAB_seq_stage2,0.0579404494336702
roc_auc,raw,C,1,2,CAB,s0,seq,CAB_seq_stage2,0.5001256983240224
recall_at_fpr_1pct,raw,C,1,2,CAB,s0,seq,CAB_seq_stage2,0.0225
brier,raw,C,1,2,CAB,s0,seq,CAB_seq_stage2,0.12631437385729127
log_loss,raw,C,1,2,CAB,s0,seq,CAB_seq_stage2,0.42984225512604246
precision,raw,C,1,2,CAB,s0,seq,CAB_seq_stage2,0.0823430735930736
recall,raw,C,1,2,CAB,s0,seq,CAB_seq_stage2,0.03250000000000001
f1,raw,C,1,2,CAB,s0,seq,CAB_seq_stage2,0.04550163900685722
specificity,raw,C,1,2,CAB,s0,seq,CAB_seq_stage2,0.9776536312849163
balanced_accuracy,raw,C,1,2,CAB,s0,seq,CAB_seq_stage2,0.5050768156424582
mcc,raw,C,1,2,CAB,s0,seq,CAB_seq_stage2,0.017285758997854495
map,raw,C,1,2,CAB,s0,seq,CAB_seq_stage2,0.15981038861082592
mrr,raw,C,1,2,CAB,s0,seq,CAB_seq_stage2,0.17847524129224462
recall_at_1,raw,C,1,2,CAB,s0,seq,CAB_seq_stage2,0.03839285714285713
recall_at_3,raw,C,1,2,CAB,s0,seq,CAB_seq_stage2,0.10803571428571428
recall_at_5,raw,C,1,2,CAB,s0,seq,CAB_seq_stage2,0.1857142857142857
recall_at_10,raw,C,1,2,CAB,s0,seq,CAB_seq_stage2,0.39375000000000004
ndcg_at_1,raw,C,1,2,CAB,s0,seq,CAB_seq_stage2,0.05535714285714285
ndcg_at_3,raw,C,1,2,CAB,s0,seq,CAB_seq_stage2,0.0854497918910226
ndcg_at_5,raw,C,1,2,CAB,s0,seq,CAB_seq_stage2,0.12071706311324053
ndcg_at_10,raw,C,1,2,CAB,s0,seq,CAB_seq_stage2,0.19249474877528142
average_precision,stage-cal,C,1,2,CAB,s0,seq,CAB_seq_stage2,0.06657986218763023
trapezoidal_pr_auc,stage-cal,C,1,2,CAB,s0,seq,CAB_seq_stage2,0.0579404494336702
roc_auc,stage-cal,C,1,2,CAB,s0,seq,CAB_seq_stage2,0.5001256983240224
recall_at_fpr_1pct,stage-cal,C,1,2,CAB,s0,seq,CAB_seq_stage2,0.0225
brier,stage-cal,C,1,2,CAB,s0,seq,CAB_seq_stage2,0.1632419988540994
log_loss,stage-cal,C,1,2,CAB,s0,seq,CAB_seq_stage2,0.5137435932562785
precision,stage-cal,C,1,2,CAB,s0,seq,CAB_seq_stage2,0.04045093870072214
recall,stage-cal,C,1,2,CAB,s0,seq,CAB_seq_stage2,0.0425
f1,stage-cal,C,1,2,CAB,s0,seq,CAB_seq_stage2,0.04080238615698332
specificity,stage-cal,C,1,2,CAB,s0,seq,CAB_seq_stage2,0.9463687150837986
balanced_accuracy,stage-cal,C,1,2,CAB,s0,seq,CAB_seq_stage2,0.4944343575418994
mcc,stage-cal,C,1,2,CAB,s0,seq,CAB_seq_stage2,-0.012036678823685077
map,stage-cal,C,1,2,CAB,s0,seq,CAB_seq_stage2,0.15981038861082592
mrr,stage-cal,C,1,2,CAB,s0,seq,CAB_seq_stage2,0.17847524129224462
recall_at_1,stage-cal,C,1,2,CAB,s0,seq,CAB_seq_stage2,0.03839285714285713
recall_at_3,stage-cal,C,1,2,CAB,s0,seq,CAB_seq_stage2,0.10803571428571428
recall_at_5,stage-cal,C,1,2,CAB,s0,seq,CAB_seq_stage2,0.1857142857142857
recall_at_10,stage-cal,C,1,2,CAB,s0,seq,CAB_seq_stage2,0.39375000000000004
ndcg_at_1,stage-cal,C,1,2,CAB,s0,seq,CAB_seq_stage2,0.05535714285714285
ndcg_at_3,stage-cal,C,1,2,CAB,s0,seq,CAB_seq_stage2,0.0854497918910226
ndcg_at_5,stage-cal,C,1,2,CAB,s0,seq,CAB_seq_stage2,0.12071706311324053
ndcg_at_10,stage-cal,C,1,2,CAB,s0,seq,CAB_seq_stage2,0.19249474877528142
average_precision,first-cal,C,1,2,CAB,s0,seq,CAB_seq_stage2,0.06657986218763023
trapezoidal_pr_auc,first-cal,C,1,2,CAB,s0,seq,CAB_seq_stage2,0.0579404494336702
roc_auc,first-cal,C,1,2,CAB,s0,seq,CAB_seq_stage2,0.5001256983240224
recall_at_fpr_1pct,first-cal,C,1,2,CAB,s0,seq,CAB_seq_stage2,0.0225
brier,first-cal,C,1,2,CAB,s0,seq,CAB_seq_stage2,0.13027888931615356
log_loss,first-cal,C,1,2,CAB,s0,seq,CAB_seq_stage2,0.44003414130128793
precision,first-cal,C,1,2,CAB,s0,seq,CAB_seq_stage2,0.09624694749694748
recall,first-cal,C,1,2,CAB,s0,seq,CAB_seq_stage2,0.030000000000000006
f1,first-cal,C,1,2,CAB,s0,seq,CAB_seq_stage2,0.04502009293388603
specificity,first-cal,C,1,2,CAB,s0,seq,CAB_seq_stage2,0.9819832402234636
balanced_accuracy,first-cal,C,1,2,CAB,s0,seq,CAB_seq_stage2,0.5059916201117318
mcc,first-cal,C,1,2,CAB,s0,seq,CAB_seq_stage2,0.023032103861305685
map,first-cal,C,1,2,CAB,s0,seq,CAB_seq_stage2,0.15981038861082592
mrr,first-cal,C,1,2,CAB,s0,seq,CAB_seq_stage2,0.17847524129224462
recall_at_1,first-cal,C,1,2,CAB,s0,seq,CAB_seq_stage2,0.03839285714285713
recall_at_3,first-cal,C,1,2,CAB,s0,seq,CAB_seq_stage2,0.10803571428571428
recall_at_5,first-cal,C,1,2,CAB,s0,seq,CAB_seq_stage2,0.1857142857142857
recall_at_10,first-cal,C,1,2,CAB,s0,seq,CAB_seq_stage2,0.39375000000000004
ndcg_at_1,first-cal,C,1,2,CAB,s0,seq,CAB_seq_stage2,0.05535714285714285
ndcg_at_3,first-cal,C,1,2,CAB,s0,seq,CAB_seq_stage2,0.0854497918910226
ndcg_at_5,first-cal,C,1,2,CAB,s0,seq,CAB_seq_stage2,0.12071706311324053
ndcg_at_10,first-cal,C,1,2,CAB,s0,seq,CAB_seq_stage2,0.19249474877528142
average_precision,raw,C,1,3,CAB,s0,seq,CAB_seq_stage3,0.06756620683283017
trapezoidal_pr_auc,raw,C,1,3,CAB,s0,seq,CAB_seq_stage3,0.05858269939022058
roc_auc,raw,C,1,3,CAB,s0,seq,CAB_seq_stage3,0.5006215083798884
recall_at_fpr_1pct,raw,C,1,3,CAB,s0,seq,CAB_seq_stage3,0.0225
brier,raw,C,1,3,CAB,s0,seq,CAB_seq_stage3,0.12766085940158836
log_loss,raw,C,1,3,CAB,s0,seq,CAB_seq_stage3,0.4329667257036348
precision,raw,C,1,3,CAB,s0,seq,CAB_seq_stage3,0.07618922743922743
recall,raw,C,1,3,CAB,s0,seq,CAB_seq_stage3,0.03250000000000001
f1,raw,C,1,3,CAB,s0,seq,CAB_seq_stage3,0.04481404068563821
specificity,raw,C,1,3,CAB,s0,seq,CAB_seq_stage3,0.9762569832402237
balanced_accuracy,raw,C,1,3,CAB,s0,seq,CAB_seq_stage3,0.5043784916201118
mcc,raw,C,1,3,CAB,s0,seq,CAB_seq_stage3,0.014462725510288576
map,raw,C,1,3,CAB,s0,seq,CAB_seq_stage3,0.1624099303196041
mrr,raw,C,1,3,CAB,s0,seq,CAB_seq_stage3,0.18284808111983528
recall_at_1,raw,C,1,3,CAB,s0,seq,CAB_seq_stage3,0.041964285714285704
recall_at_3,raw,C,1,3,CAB,s0,seq,CAB_seq_stage3,0.10982142857142856
recall_at_5,raw,C,1,3,CAB,s0,seq,CAB_seq_stage3,0.1794642857142857
recall_at_10,raw,C,1,3,CAB,s0,seq,CAB_seq_stage3,0.37857142857142856
ndcg_at_1,raw,C,1,3,CAB,s0,seq,CAB_seq_stage3,0.06071428571428571
ndcg_at_3,raw,C,1,3,CAB,s0,seq,CAB_seq_stage3,0.08876047907909562
ndcg_at_5,raw,C,1,3,CAB,s0,seq,CAB_seq_stage3,0.12071470904711783
ndcg_at_10,raw,C,1,3,CAB,s0,seq,CAB_seq_stage3,0.19025869801406675
average_precision,stage-cal,C,1,3,CAB,s0,seq,CAB_seq_stage3,0.06756620683283017
trapezoidal_pr_auc,stage-cal,C,1,3,CAB,s0,seq,CAB_seq_stage3,0.05858269939022058
roc_auc,stage-cal,C,1,3,CAB,s0,seq,CAB_seq_stage3,0.5006215083798884
recall_at_fpr_1pct,stage-cal,C,1,3,CAB,s0,seq,CAB_seq_stage3,0.0225
brier,stage-cal,C,1,3,CAB,s0,seq,CAB_seq_stage3,0.1646185004535111
log_loss,stage-cal,C,1,3,CAB,s0,seq,CAB_seq_stage3,0.5166961564061305
precision,stage-cal,C,1,3,CAB,s0,seq,CAB_seq_stage3,0.04210943288998882
recall,stage-cal,C,1,3,CAB,s0,seq,CAB_seq_stage3,0.0475
f1,stage-cal,C,1,3,CAB,s0,seq,CAB_seq_stage3,0.0440890104578235
specificity,stage-cal,C,1,3,CAB,s0,seq,CAB_seq_stage3,0.9435754189944132
balanced_accuracy,stage-cal,C,1,3,CAB,s0,seq,CAB_seq_stage3,0.4955377094972067
mcc,stage-cal,C,1,3,CAB,s0,seq,CAB_seq_stage3,-0.01005657932274875
map,stage-cal,C,1,3,CAB,s0,seq,CAB_seq_stage3,0.1624099303196041
mrr,stage-cal,C,1,3,CAB,s0,seq,CAB_seq_stage3,0.18284808111983528
recall_at_1,stage-cal,C,1,3,CAB,s0,seq,CAB_seq_stage3,0.041964285714285704
recall_at_3,stage-cal,C,1,3,CAB,s0,seq,CAB_seq_stage3,0.10982142857142856
recall_at_5,stage-cal,C,1,3,CAB,s0,seq,CAB_seq_stage3,0.1794642857142857
recall_at_10,stage-cal,C,1,3,CAB,s0,seq,CAB_seq_stage3,0.37857142857142856
ndcg_at_1,stage-cal,C,1,3,CAB,s0,seq,CAB_seq_stage3,0.06071428571428571
ndcg_at_3,stage-cal,C,1,3,CAB,s0,seq,CAB_seq_stage3,0.08876047907909562
ndcg_at_5,stage-cal,C,1,3,CAB,s0,seq,CAB_seq_stage3,0.12071470904711783
ndcg_at_10,stage-cal,C,1,3,CAB,s0,seq,CAB_seq_stage3,0.19025869801406675
average_precision,first-cal,C,1,3,CAB,s0,seq,CAB_seq_stage3,0.06756620683283017
trapezoidal_pr_auc,first-cal,C,1,3,CAB,s0,seq,CAB_seq_stage3,0.05858269939022058
roc_auc,first-cal,C,1,3,CAB,s0,seq,CAB_seq_stage3,0.5006215083798884
recall_at_fpr_1pct,first-cal,C,1,3,CAB,s0,seq,CAB_seq_stage3,0.0225
brier,first-cal,C,1,3,CAB,s0,seq,CAB_seq_stage3,0.1315533307203124
log_loss,first-cal,C,1,3,CAB,s0,seq,CAB_seq_stage3,0.4429525681401472
precision,first-cal,C,1,3,CAB,s0,seq,CAB_seq_stage3,0.08784090909090908
recall,first-cal,C,1,3,CAB,s0,seq,CAB_seq_stage3,0.027500000000000004
f1,first-cal,C,1,3,CAB,s0,seq,CAB_seq_stage3,0.04103769348930638
specificity,first-cal,C,1,3,CAB,s0,seq,CAB_seq_stage3,0.9815642458100561
balanced_accuracy,first-cal,C,1,3,CAB,s0,seq,CAB_seq_stage3,0.5045321229050279
mcc,first-cal,C,1,3,CAB,s0,seq,CAB_seq_stage3,0.017882181205787735
map,first-cal,C,1,3,CAB,s0,seq,CAB_seq_stage3,0.1624099303196041
mrr,first-cal,C,1,3,CAB,s0,seq,CAB_seq_stage3,0.18284808111983528
recall_at_1,first-cal,C,1,3,CAB,s0,seq,CAB_seq_stage3,0.041964285714285704
recall_at_3,first-cal,C,1,3,CAB,s0,seq,CAB_seq_stage3,0.10982142857142856
recall_at_5,first-cal,C,1,3,CAB,s0,seq,CAB_seq_stage3,0.1794642857142857
recall_at_10,first-cal,C,1,3,CAB,s0,seq,CAB_seq_stage3,0.37857142857142856
ndcg_at_1,first-cal,C,1,3,CAB,s0,seq,CAB_seq_stage3,0.06071428571428571
ndcg_at_3,first-cal,C,1,3,CAB,s0,seq,CAB_seq_stage3,0.08876047907909562
ndcg_at_5,first-cal,C,1,3,CAB,s0,seq,CAB_seq_stage3,0.12071470904711783
ndcg_at_10,first-cal,C,1,3,CAB,s0,seq,CAB_seq_stage3,0.19025869801406675
average_precision,raw,C,1,1,CAB,s0,er,CAB_shared,0.06672746506624169
trapezoidal_pr_auc,raw,C,1,1,CAB,s0,er,CAB_shared,0.05816667964530402
roc_auc,raw,C,1,1,CAB,s0,er,CAB_shared,0.4997835195530727
recall_at_fpr_1pct,raw,C,1,1,CAB,s0,er,CAB_shared,0.019999999999999997
brier,raw,C,1,1,CAB,s0,er,CAB_shared,0.12474802270105637
log_loss,raw,C,1,1,CAB,s0,er,CAB_shared,0.42631103582906277
precision,raw,C,1,1,CAB,s0,er,CAB_shared,0.08485805860805862
recall,raw,C,1,1,CAB,s0,er,CAB_shared,0.027500000000000004
f1,raw,C,1,1,CAB,s0,er,CAB_shared,0.04089232989232989
specificity,raw,C,1,1,CAB,s0,er,CAB_shared,0.9811452513966481
balanced_accuracy,raw,C,1,1,CAB,s0,er,CAB_shared,0.5043226256983241
mcc,raw,C,1,1,CAB,s0,er,CAB_shared,0.016892126962872716
map,raw,C,1,1,CAB,s0,er,CAB_shared,0.16376721883531015
mrr,raw,C,1,1,CAB,s0,er,CAB_shared,0.18352318351145042
recall_at_1,raw,C,1,1,CAB,s0,er,CAB_shared,0.04375
recall_at_3,raw,C,1,1,CAB,s0,er,CAB_shared,0.1107142857142857
recall_at_5,raw,C,1,1,CAB,s0,er,CAB_shared,0.18839285714285714
recall_at_10,raw,C,1,1,CAB,s0,er,CAB_shared,0.38571428571428573
ndcg_at_1,raw,C,1,1,CAB,s0,er,CAB_shared,0.062499999999999986
ndcg_at_3,raw,C,1,1,CAB,s0,er,CAB_shared,0.08956867331313459
ndcg_at_5,raw,C,1,1,CAB,s0,er,CAB_shared,0.12511869750378085
ndcg_at_10,raw,C,1,1,CAB,s0,er,CAB_shared,0.192990453296009
average_precision,stage-cal,C,1,1,CAB,s0,er,CAB_shared,0.06672746506624169
trapezoidal_pr_auc,stage-cal,C,1,1,CAB,s0,er,CAB_shared,0.05816667964530402
roc_auc,stage-cal,C,1,1,CAB,s0,er,CAB_shared,0.4997835195530727
recall_at_fpr_1pct,stage-cal,C,1,1,CAB,s0,er,CAB_shared,0.019999999999999997
brier,stage-cal,C,1,1,CAB,s0,er,CAB_shared,0.16168889856738644
log_loss,stage-cal,C,1,1,CAB,s0,er,CAB_shared,0.5104594654785756
precision,stage-cal,C,1,1,CAB,s0,er,CAB_shared,0.04275915696508226
recall,stage-cal,C,1,1,CAB,s0,er,CAB_shared,0.0425
f1,stage-cal,C,1,1,CAB,s0,er,CAB_shared,0.04209668890683157
specificity,stage-cal,C,1,1,CAB,s0,er,CAB_shared,0.9505586592178773
balanced_accuracy,stage-cal,C,1,1,CAB,s0,er,CAB_shared,0.4965293296089386
mcc,stage-cal,C,1,1,CAB,s0,er,CAB_shared,-0.00861683058755523
map,stage-cal,C,1,1,CAB,s0,er,CAB_shared,0.16376721883531015
mrr,stage-cal,C,1,1,CAB,s0,er,CAB_shared,0.18352318351145042
recall_at_1,stage-cal,C,1,1,CAB,s0,er,CAB_shared,0.04375
recall_at_3,stage-cal,C,1,1,CAB,s0,er,CAB_shared,0.1107142857142857
recall_at_5,stage-cal,C,1,1,CAB,s0,er,CAB_shared,0.18839285714285714
recall_at_10,stage-cal,C,1,1,CAB,s0,er,CAB_shared,0.38571428571428573
ndcg_at_1,stage-cal,C,1,1,CAB,s0,er,CAB_shared,0.062499999999999986
ndcg_at_3,stage-cal,C,1,1,CAB,s0,er,CAB_shared,0.08956867331313459
ndcg_at_5,stage-cal,C,1,1,CAB,s0,er,CAB_shared,0.12511869750378085
ndcg_at_10,stage-cal,C,1,1,CAB,s0,er,CAB_shared,0.192990453296009
average_precision,first-cal,C,1,1,CAB,s0,er,CAB_shared,0.06672746506624169
trapezoidal_pr_auc,first-cal,C,1,1,CAB,s0,er,CAB_shared,0.05816667964530402
roc_auc,first-cal,C,1,1,CAB,s0,er,CAB_shared,0.4997835195530727
recall_at_fpr_1pct,first-cal,C,1,1,CAB,s0,er,CAB_shared,0.019999999999999997
brier,first-cal,C,1,1,CAB,s0,er,CAB_shared,0.12880911063920691
log_loss,first-cal,C,1,1,CAB,s0,er,CAB_shared,0.4367519693162589
precision,first-cal,C,1,1,CAB,s0,er,CAB_shared,0.07375
recall,first-cal,C,1,1,CAB,s0,er,CAB_shared,0.019999999999999997
f1,first-cal,C,1,1,CAB,s0,er,CAB_shared,0.030875915750915743
specificity,first-cal,C,1,1,CAB,s0,er,CAB_shared,0.9844972067039107
balanced_accuracy,first-cal,C,1,1,CAB,s0,er,CAB_shared,0.5022486033519554
mcc,first-cal,C,1,1,CAB,s0,er,CAB_shared,0.009905551343352961
map,first-cal,C,1,1,CAB,s0,er,CAB_shared,0.16376721883531015
mrr,first-cal,C,1,1,CAB,s0,er,CAB_shared,0.18352318351145042
recall_at_1,first-cal,C,1,1,CAB,s0,er,CAB_shared,0.04375
recall_at_3,first-cal,C,1,1,CAB,s0,er,CAB_shared,0.1107142857142857
recall_at_5,first-cal,C,1,1,CAB,s0,er,CAB_shared,0.18839285714285714
recall_at_10,first-cal,C,1,1,CAB,s0,er,CAB_shared,0.38571428571428573
ndcg_at_1,first-cal,C,1,1,CAB,s0,er,CAB_shared,0.062499999999999986
ndcg_at_3,first-cal,C,1,1,CAB,s0,er,CAB_shared,0.08956867331313459
ndcg_at_5,first-cal,C,1,1,CAB,s0,er,CAB_shared,0.12511869750378085
ndcg_at_10,first-cal,C,1,1,CAB,s0,er,CAB_shared,0.192990453296009
average_precision,raw,C,1,2,CAB,s0,er,CAB_er_stage2,0.0673189226409034
trapezoidal_pr_auc,raw,C,1,2,CAB,s0,er,CAB_er_stage2,0.0584054465004061
roc_auc,raw,C,1,2,CAB,s0,er,CAB_er_stage2,0.49993715083798895
recall_at_fpr_1pct,raw,C,1,2,CAB,s0,er,CAB_er_stage2,0.0225
brier,raw,C,1,2,CAB,s0,er,CAB_er_stage2,0.12924751105409932
log_loss,raw,C,1,2,CAB,s0,er,CAB_er_stage2,0.4365693714975693
precision,raw,C,1,2,CAB,s0,er,CAB_er_stage2,0.07367118992118991
recall,raw,C,1,2,CAB,s0,er,CAB_er_stage2,0.03250000000000001
f1,raw,C,1,2,CAB,s0,er,CAB_er_stage2,0.04426757119180073
specificity,raw,C,1,2,CAB,s0,er,CAB_er_stage2,0.9745810055865924
balanced_accuracy,raw,C,1,2,CAB,s0,er,CAB_er_stage2,0.5035405027932961
mcc,raw,C,1,2,CAB,s0,er,CAB_er_stage2,0.012257757666911655
map,raw,C,1,2,CAB,s0,er,CAB_er_stage2,0.16296153354863283
mrr,raw,C,1,2,CAB,s0,er,CAB_er_stage2,0.18328729961150686
recall_at_1,raw,C,1,2,CAB,s0,er,CAB_er_stage2,0.039285714285714285
recall_at_3,raw,C,1,2,CAB,s0,er,CAB_er_stage2,0.11249999999999998
recall_at_5,raw,C,1,2,CAB,s0,er,CAB_er_stage2,0.1892857142857143
recall_at_10,raw,C,1,2,CAB,s0,er,CAB_er_stage2,0.3776785714285714
ndcg_at_1,raw,C,1,2,CAB,s0,er,CAB_er_stage2,0.05714285714285714
ndcg_at_3,raw,C,1,2,CAB,s0,er,CAB_er_stage2,0.08957830595491445
ndcg_at_5,raw,C,1,2,CAB,s0,er,CAB_er_stage2,0.12484833684179868
ndcg_at_10,raw,C,1,2,CAB,s0,er,CAB_er_stage2,0.1905334613314447
average_precision,stage-cal,C,1,2,CAB,s0,er,CAB_er_stage2,0.0673189226409034
trapezoidal_pr_auc,stage-cal,C,1,2,CAB,s0,er,CAB_er_stage2,0.0584054465004061
roc_auc,stage-cal,C,1,2,CAB,s0,er,CAB_er_stage2,0.49993715083798895
recall_at_fpr_1pct,stage-cal,C,1,2,CAB,s0,er,CAB_er_stage2,0.0225
brier,stage-cal,C,1,2,CAB,s0,er,CAB_er_stage2,0.16620235295984856
log_loss,stage-cal,C,1,2,CAB,s0,er,CAB_er_stage2,0.520062227073425
precision,stage-cal,C,1,2,CAB,s0,er,CAB_er_stage2,0.038648521661629076
recall,stage-cal,C,1,2,CAB,s0,er,CAB_er_stage2,0.045000000000000005
f1,stage-cal,C,1,2,CAB,s0,er,CAB_er_stage2,0.04090699188044515
specificity,stage-cal,C,1,2,CAB,s0,er,CAB_er_stage2,0.9391061452513965
balanced_accuracy,stage-cal,C,1,2,CAB,s0,er,CAB_er_stage2,0.49205307262569836
mcc,stage-cal,C,1,2,CAB,s0,er,CAB_er_stage2,-0.01542782476687326
map,stage-cal,C,1,2,CAB,s0,er,CAB_er_stage2,0.16296153354863283
mrr,stage-cal,C,1,2,CAB,s0,er,CAB_er_stage2,0.18328729961150686
recall_at_1,stage-cal,C,1,2,CAB,s0,er,CAB_er_stage2,0.039285714285714285
recall_at_3,stage-cal,C,1,2,CAB,s0,er,CAB_er_stage2,0.11249999999999998
recall_at_5,stage-cal,C,1,2,CAB,s0,er,CAB_er_stage2,0.1892857142857143
recall_at_10,stage-cal,C,1,2,CAB,s0,er,CAB_er_stage2,0.3776785714285714
ndcg_at_1,stage-cal,C,1,2,CAB,s0,er,CAB_er_stage2,0.05714285714285714
ndcg_at_3,stage-cal,C,1,2,CAB,s0,er,CAB_er_stage2,0.08957830595491445
ndcg_at_5,stage-cal,C,1,2,CAB,s0,er,CAB_er_stage2,0.12484833684179868
ndcg_at_10,stage-cal,C,1,2,CAB,s0,er,CAB_er_stage2,0.1905334613314447
average_precision,first-cal,C,1,2,CAB,s0,er,CAB_er_stage2,0.0673189226409034
trapezoidal_pr_auc,first-cal,C,1,2,CAB,s0,er,CAB_er_stage2,0.0584054465004061
roc_auc,first-cal,C,1,2,CAB,s0,er,CAB_er_stage2,0.49993715083798895
recall_at_fpr_1pct,first-cal,C,1,2,CAB,s0,er,CAB_er_stage2,0.0225
brier,first-cal,C,1,2,CAB,s0,er,CAB_er_stage2,0.13304556415942512
log_loss,first-cal,C,1,2,CAB,s0,er,CAB_er_stage2,0.4463066023908313
precision,first-cal,C,1,2,CAB,s0,er,CAB_er_stage2,0.07714285714285714
recall,first-cal,C,1,2,CAB,s0,er,CAB_er_stage2,0.03000000000000001
f1,first-cal,C,1,2,CAB,s0,er,CAB_er_stage2,0.042536668941080706
specificity,first-cal,C,1,2,CAB,s0,er,CAB_er_stage2,0.9783519553072628
balanced_accuracy,first-cal,C,1,2,CAB,s0,er,CAB_er_stage2,0.5041759776536312
mcc,first-cal,C,1,2,CAB,s0,er,CAB_er_stage2,0.014339165027952707
map,first-cal,C,1,2,CAB,s0,er,CAB_er_stage2,0.16296153354863283
mrr,first-cal,C,1,2,CAB,s0,er,CAB_er_stage2,0.18328729961150686
recall_at_1,first-cal,C,1,2,CAB,s0,er,CAB_er_stage2,0.039285714285714285
recall_at_3,first-cal,C,1,2,CAB,s0,er,CAB_er_stage2,0.11249999999999998
recall_at_5,first-cal,C,1,2,CAB,s0,er,CAB_er_stage2,0.1892857142857143
recall_at_10,first-cal,C,1,2,CAB,s0,er,CAB_er_stage2,0.3776785714285714
ndcg_at_1,first-cal,C,1,2,CAB,s0,er,CAB_er_stage2,0.05714285714285714
ndcg_at_3,first-cal,C,1,2,CAB,s0,er,CAB_er_stage2,0.08957830595491445
ndcg_at_5,first-cal,C,1,2,CAB,s0,er,CAB_er_stage2,0.12484833684179868
ndcg_at_10,first-cal,C,1,2,CAB,s0,er,CAB_er_stage2,0.1905334613314447
average_precision,raw,C,1,3,CAB,s0,er,CAB_er_stage3,0.06554534847129748
trapezoidal_pr_auc,raw,C,1,3,CAB,s0,er,CAB_er_stage3,0.05733181286769018
roc_auc,raw,C,1,3,CAB,s0,er,CAB_er_stage3,0.5003421787709497
recall_at_fpr_1pct,raw,C,1,3,CAB,s0,er,CAB_er_stage3,0.017499999999999998
brier,raw,C,1,3,CAB,s0,er,CAB_er_stage3,0.13083656638153998
log_loss,raw,C,1,3,CAB,s0,er,CAB_er_stage3,0.4402018906100512
precision,raw,C,1,3,CAB,s0,er,CAB_er_stage3,0.06294823232323232
recall,raw,C,1,3,CAB,s0,er,CAB_er_stage3,0.0325
f1,raw,C,1,3,CAB,s0,er,CAB_er_stage3,0.042125732271910764
specificity,raw,C,1,3,CAB,s0,er,CAB_er_stage3,0.9723463687150838
balanced_accuracy,raw,C,1,3,CAB,s0,er,CAB_er_stage3,0.502423184357542
mcc,raw,C,1,3,CAB,s0,er,CAB_er_stage3,0.007049319980458889
map,raw,C,1,3,CAB,s0,er,CAB_er_stage3,0.1617503638364394
mrr,raw,C,1,3,CAB,s0,er,CAB_er_stage3,0.1817176168847839
recall_at_1,raw,C,1,3,CAB,s0,er,CAB_er_stage3,0.041071428571428564
recall_at_3,raw,C,1,3,CAB,s0,er,CAB_er_stage3,0.11071428571428572
recall_at_5,raw,C,1,3,CAB,s0,er,CAB_er_stage3,0.18482142857142858
recall_at_10,raw,C,1,3,CAB,s0,er,CAB_er_stage3,0.38392857142857145
ndcg_at_1,raw,C,1,3,CAB,s0,er,CAB_er_stage3,0.06071428571428571
ndcg_at_3,raw,C,1,3,CAB,s0,er,CAB_er_stage3,0.08842085927581744
ndcg_at_5,raw,C,1,3,CAB,s0,er,CAB_er_stage3,0.1221802737567653
ndcg_at_10,raw,C,1,3,CAB,s0,er,CAB_er_stage3,0.19092045181050524
average_precision,stage-cal,C,1,3,CAB,s0,er,CAB_er_stage3,0.06554534847129748
trapezoidal_pr_auc,stage-cal,C,1,3,CAB,s0,er,CAB_er_stage3,0.05733181286769018
roc_auc,stage-cal,C,1,3,CAB,s0,er,CAB_er_stage3,0.5003421787709497
recall_at_fpr_1pct,stage-cal,C,1,3,CAB,s0,er,CAB_er_stage3,0.017499999999999998
brier,stage-cal,C,1,3,CAB,s0,er,CAB_er_stage3,0.16779416589500856
log_loss,stage-cal,C,1,3,CAB,s0,er,CAB_er_stage3,0.5234459468419693
precision,stage-cal,C,1,3,CAB,s0,er,CAB_er_stage3,0.04281691514529508
recall,stage-cal,C,1,3,CAB,s0,er,CAB_er_stage3,0.052500000000000005
f1,stage-cal,C,1,3,CAB,s0,er,CAB_er_stage3,0.04620656859683249
specificity,stage-cal,C,1,3,CAB,s0,er,CAB_er_stage3,0.9360335195530727
balanced_accuracy,stage-cal,C,1,3,CAB,s0,er,CAB_er_stage3,0.49426675977653634
mcc,stage-cal,C,1,3,CAB,s0,er,CAB_er_stage3,-0.011038928131136433
map,stage-cal,C,1,3,CAB,s0,er,CAB_er_stage3,0.1617503638364394
mrr,stage-cal,C,1,3,CAB,s0,er,CAB_er_stage3,0.1817176168847839
recall_at_1,stage-cal,C,1,3,CAB,s0,er,CAB_er_stage3,0.041071428571428564
recall_at_3,stage-cal,C,1,3,CAB,s0,er,CAB_er_stage3,0.11071428571428572
recall_at_5,stage-cal,C,1,3,CAB,s0,er,CAB_er_stage3,0.18482142857142858
recall_at_10,stage-cal,C,1,3,CAB,s0,er,CAB_er_stage3,0.38392857142857145
ndcg_at_1,stage-cal,C,1,3,CAB,s0,er,CAB_er_stage3,0.06071428571428571
ndcg_at_3,stage-cal,C,1,3,CAB,s0,er,CAB_er_stage3,0.08842085927581744
ndcg_at_5,stage-cal,C,1,3,CAB,s0,er,CAB_er_stage3,0.1221802737567653
ndcg_at_10,stage-cal,C,1,3,CAB,s0,er,CAB_er_stage3,0.19092045181050524
average_precision,first-cal,C,1,3,CAB,s0,er,CAB_er_stage3,0.06554534847129748
trapezoidal_pr_auc,first-cal,C,1,3,CAB,s0,er,CAB_er_stage3,0.05733181286769018
roc_auc,first-cal,C,1,3,CAB,s0,er,CAB_er_stage3,0.5003421787709497
recall_at_fpr_1pct,first-cal,C,1,3,CAB,s0,er,CAB_er_stage3,0.017499999999999998
brier,first-cal,C,1,3,CAB,s0,er,CAB_er_stage3,0.13454180688383735
log_loss,first-cal,C,1,3,CAB,s0,er,CAB_er_stage3,0.44968705705420453
precision,first-cal,C,1,3,CAB,s0,er,CAB_er_stage3,0.07842643467643468
recall,first-cal,C,1,3,CAB,s0,er,CAB_er_stage3,0.030000000000000006
f1,first-cal,C,1,3,CAB,s0,er,CAB_er_stage3,0.04264380255759566
specificity,first-cal,C,1,3,CAB,s0,er,CAB_er_stage3,0.978491620111732
balanced_accuracy,first-cal,C,1,3,CAB,s0,er,CAB_er_stage3,0.5042458100558658
mcc,first-cal,C,1,3,CAB,s0,er,CAB_er_stage3,0.014878726884142693
map,first-cal,C,1,3,CAB,s0,er,CAB_er_stage3,0.1617503638364394
mrr,first-cal,C,1,3,CAB,s0,er,CAB_er_stage3,0.1817176168847839
recall_at_1,first-cal,C,1,3,CAB,s0,er,CAB_er_stage3,0.041071428571428564
recall_at_3,first-cal,C,1,3,CAB,s0,er,CAB_er_stage3,0.11071428571428572
recall_at_5,first-cal,C,1,3,CAB,s0,er,CAB_er_stage3,0.18482142857142858
recall_at_10,first-cal,C,1,3,CAB,s0,er,CAB_er_stage3,0.38392857142857145
ndcg_at_1,first-cal,C,1,3,CAB,s0,er,CAB_er_stage3,0.06071428571428571
ndcg_at_3,first-cal,C,1,3,CAB,s0,er,CAB_er_stage3,0.08842085927581744
ndcg_at_5,first-cal,C,1,3,CAB,s0,er,CAB_er_stage3,0.1221802737567653
ndcg_at_10,first-cal,C,1,3,CAB,s0,er,CAB_er_stage3,0.19092045181050524
average_precision,raw,C,1,1,CAB,s0,logit,CAB_shared,0.06672746506624169
trapezoidal_pr_auc,raw,C,1,1,CAB,s0,logit,CAB_shared,0.05816667964530402
roc_auc,raw,C,1,1,CAB,s0,logit,CAB_shared,0.4997835195530727
recall_at_fpr_1pct,raw,C,1,1,CAB,s0,logit,CAB_shared,0.019999999999999997
brier,raw,C,1,1,CAB,s0,logit,CAB_shared,0.12474802270105637
log_loss,raw,C,1,1,CAB,s0,logit,CAB_shared,0.42631103582906277
precision,raw,C,1,1,CAB,s0,logit,CAB_shared,0.08485805860805862
recall,raw,C,1,1,CAB,s0,logit,CAB_shared,0.027500000000000004
f1,raw,C,1,1,CAB,s0,logit,CAB_shared,0.04089232989232989
specificity,raw,C,1,1,CAB,s0,logit,CAB_shared,0.9811452513966481
balanced_accuracy,raw,C,1,1,CAB,s0,logit,CAB_shared,0.5043226256983241
mcc,raw,C,1,1,CAB,s0,logit,CAB_shared,0.016892126962872716
map,raw,C,1,1,CAB,s0,logit,CAB_shared,0.16376721883531015
mrr,raw,C,1,1,CAB,s0,logit,CAB_shared,0.18352318351145042
recall_at_1,raw,C,1,1,CAB,s0,logit,CAB_shared,0.04375
recall_at_3,raw,C,1,1,CAB,s0,logit,CAB_shared,0.1107142857142857
recall_at_5,raw,C,1,1,CAB,s0,logit,CAB_shared,0.18839285714285714
recall_at_10,raw,C,1,1,CAB,s0,logit,CAB_shared,0.38571428571428573
ndcg_at_1,raw,C,1,1,CAB,s0,logit,CAB_shared,0.062499999999999986
ndcg_at_3,raw,C,1,1,CAB,s0,logit,CAB_shared,0.08956867331313459
ndcg_at_5,raw,C,1,1,CAB,s0,logit,CAB_shared,0.12511869750378085
ndcg_at_10,raw,C,1,1,CAB,s0,logit,CAB_shared,0.192990453296009
average_precision,stage-cal,C,1,1,CAB,s0,logit,CAB_shared,0.06672746506624169
trapezoidal_pr_auc,stage-cal,C,1,1,CAB,s0,logit,CAB_shared,0.05816667964530402
roc_auc,stage-cal,C,1,1,CAB,s0,logit,CAB_shared,0.4997835195530727
recall_at_fpr_1pct,stage-cal,C,1,1,CAB,s0,logit,CAB_shared,0.019999999999999997
brier,stage-cal,C,1,1,CAB,s0,logit,CAB_shared,0.16168889856738644
log_loss,stage-cal,C,1,1,CAB,s0,logit,CAB_shared,0.5104594654785756
precision,stage-cal,C,1,1,CAB,s0,logit,CAB_shared,0.04275915696508226
recall,stage-cal,C,1,1,CAB,s0,logit,CAB_shared,0.0425
f1,stage-cal,C,1,1,CAB,s0,logit,CAB_shared,0.04209668890683157
specificity,stage-cal,C,1,1,CAB,s0,logit,CAB_shared,0.9505586592178773
balanced_accuracy,stage-cal,C,1,1,CAB,s0,logit,CAB_shared,0.4965293296089386
mcc,stage-cal,C,1,1,CAB,s0,logit,CAB_shared,-0.00861683058755523
map,stage-cal,C,1,1,CAB,s0,logit,CAB_shared,0.16376721883531015
mrr,stage-cal,C,1,1,CAB,s0,logit,CAB_shared,0.18352318351145042
recall_at_1,stage-cal,C,1,1,CAB,s0,logit,CAB_shared,0.04375
recall_at_3,stage-cal,C,1,1,CAB,s0,logit,CAB_shared,0.1107142857142857
recall_at_5,stage-cal,C,1,1,CAB,s0,logit,CAB_shared,0.18839285714285714
recall_at_10,stage-cal,C,1,1,CAB,s0,logit,CAB_shared,0.38571428571428573
ndcg_at_1,stage-cal,C,1,1,CAB,s0,logit,CAB_shared,0.062499999999999986
ndcg_at_3,stage-cal,C,1,1,CAB,s0,logit,CAB_shared,0.08956867331313459
ndcg_at_5,stage-cal,C,1,1,CAB,s0,logit,CAB_shared,0.12511869750378085
ndcg_at_10,stage-cal,C,1,1,CAB,s0,logit,CAB_shared,0.192990453296009
average_precision,first-cal,C,1,1,CAB,s0,logit,CAB_shared,0.06672746506624169
trapezoidal_pr_auc,first-cal,C,1,1,CAB,s0,logit,CAB_shared,0.05816667964530402
roc_auc,first-cal,C,1,1,CAB,s0,logit,CAB_shared,0.4997835195530727
recall_at_fpr_1pct,first-cal,C,1,1,CAB,s0,logit,CAB_shared,0.019999999999999997
brier,first-cal,C,1,1,CAB,s0,logit,CAB_shared,0.12880911063920691
log_loss,first-cal,C,1,1,CAB,s0,logit,CAB_shared,0.4367519693162589
precision,first-cal,C,1,1,CAB,s0,logit,CAB_shared,0.07375
recall,first-cal,C,1,1,CAB,s0,logit,CAB_shared,0.019999999999999997
f1,first-cal,C,1,1,CAB,s0,logit,CAB_shared,0.030875915750915743
specificity,first-cal,C,1,1,CAB,s0,logit,CAB_shared,0.9844972067039107
balanced_accuracy,first-cal,C,1,1,CAB,s0,logit,CAB_shared,0.5022486033519554
mcc,first-cal,C,1,1,CAB,s0,logit,CAB_shared,0.009905551343352961
map,first-cal,C,1,1,CAB,s0,logit,CAB_shared,0.16376721883531015
mrr,first-cal,C,1,1,CAB,s0,logit,CAB_shared,0.18352318351145042
recall_at_1,first-cal,C,1,1,CAB,s0,logit,CAB_shared,0.04375
recall_at_3,first-cal,C,1,1,CAB,s0,logit,CAB_shared,0.1107142857142857
recall_at_5,first-cal,C,1,1,CAB,s0,logit,CAB_shared,0.18839285714285714
recall_at_10,first-cal,C,1,1,CAB,s0,logit,CAB_shared,0.38571428571428573
ndcg_at_1,first-cal,C,1,1,CAB,s0,logit,CAB_shared,0.062499999999999986
ndcg_at_3,first-cal,C,1,1,CAB,s0,logit,CAB_shared,0.08956867331313459
ndcg_at_5,first-cal,C,1,1,CAB,s0,logit,CAB_shared,0.12511869750378085
ndcg_at_10,first-cal,C,1,1,CAB,s0,logit,CAB_shared,0.192990453296009
average_precision,raw,C,1,2,CAB,s0,logit,CAB_logit_stage2,0.06769924672039937
trapezoidal_pr_auc,raw,C,1,2,CAB,s0,logit,CAB_logit_stage2,0.05886033392166604
roc_auc,raw,C,1,2,CAB,s0,logit,CAB_logit_stage2,0.5018296089385476
recall_at_fpr_1pct,raw,C,1,2,CAB,s0,logit,CAB_logit_stage2,0.0225
brier,raw,C,1,2,CAB,s0,logit,CAB_logit_stage2,0.1323244608664806
log_loss,raw,C,1,2,CAB,s0,logit,CAB_logit_stage2,0.44355951466165455
precision,raw,C,1,2,CAB,s0,logit,CAB_logit_stage2,0.061938845468257245
recall,raw,C,1,2,CAB,s0,logit,CAB_logit_stage2,0.037500000000000006
f1,raw,C,1,2,CAB,s0,logit,CAB_logit_stage2,0.046319603275248436
specificity,raw,C,1,2,CAB,s0,logit,CAB_logit_stage2,0.9691340782122904
balanced_accuracy,raw,C,1,2,CAB,s0,logit,CAB_logit_stage2,0.5033170391061452
mcc,raw,C,1,2,CAB,s0,logit,CAB_logit_stage2,0.008124712451544206
map,raw,C,1,2,CAB,s0,logit,CAB_logit_stage2,0.16240252609744482
mrr,raw,C,1,2,CAB,s0,logit,CAB_logit_stage2,0.18255590171262287
recall_at_1,raw,C,1,2,CAB,s0,logit,CAB_logit_stage2,0.040178571428571425
recall_at_3,raw,C,1,2,CAB,s0,logit,CAB_logit_stage2,0.11160714285714286
recall_at_5,raw,C,1,2,CAB,s0,logit,CAB_logit_stage2,0.1875
recall_at_10,raw,C,1,2,CAB,s0,logit,CAB_logit_stage2,0.3839285714285714
ndcg_at_1,raw,C,1,2,CAB,s0,logit,CAB_logit_stage2,0.05892857142857142
ndcg_at_3,raw,C,1,2,CAB,s0,logit,CAB_logit_stage2,0.08861712334543168
ndcg_at_5,raw,C,1,2,CAB,s0,logit,CAB_logit_stage2,0.1233196382641388
ndcg_at_10,raw,C,1,2,CAB,s0,logit,CAB_logit_stage2,0.19151492282596266
average_precision,stage-cal,C,1,2,CAB,s0,logit,CAB_logit_stage2,0.06769924672039937
trapezoidal_pr_auc,stage-cal,C,1,2,CAB,s0,logit,CAB_logit_stage2,0.05886033392166604
roc_auc,stage-cal,C,1,2,CAB,s0,logit,CAB_logit_stage2,0.5018296089385476
recall_at_fpr_1pct,stage-cal,C,1,2,CAB,s0,logit,CAB_logit_stage2,0.0225
brier,stage-cal,C,1,2,CAB,s0,logit,CAB_logit_stage2,0.16927225248181013
log_loss,stage-cal,C,1,2,CAB,s0,logit,CAB_logit_stage2,0.5265717168069862
precision,stage-cal,C,1,2,CAB,s0,logit,CAB_logit_stage2,0.04508121722346846
recall,stage-cal,C,1,2,CAB,s0,logit,CAB_logit_stage2,0.06
f1,stage-cal,C,1,2,CAB,s0,logit,CAB_logit_stage2,0.05080424104576862
specificity,stage-cal,C,1,2,CAB,s0,logit,CAB_logit_stage2,0.9308659217877094
balanced_accuracy,stage-cal,C,1,2,CAB,s0,logit,CAB_logit_stage2,0.4954329608938548
mcc,stage-cal,C,1,2,CAB,s0,logit,CAB_logit_stage2,-0.008647476047607933
map,stage-cal,C,1,2,CAB,s0,logit,CAB_logit_stage2,0.16240252609744482
mrr,stage-cal,C,1,2,CAB,s0,logit,CAB_logit_stage2,0.18255590171262287
recall_at_1,stage-cal,C,1,2,CAB,s0,logit,CAB_logit_stage2,0.040178571428571425
recall_at_3,stage-cal,C,1,2,CAB,s0,logit,CAB_logit_stage2,0.11160714285714286
recall_at_5,stage-cal,C,1,2,CAB,s0,logit,CAB_logit_stage2,0.1875
recall_at_10,stage-cal,C,1,2,CAB,s0,logit,CAB_logit_stage2,0.3839285714285714
ndcg_at_1,stage-cal,C,1,2,CAB,s0,logit,CAB_logit_stage2,0.05892857142857142
ndcg_at_3,stage-cal,C,1,2,CAB,s0,logit,CAB_logit_stage2,0.08861712334543168
ndcg_at_5,stage-cal,C,1,2,CAB,s0,logit,CAB_logit_stage2,0.1233196382641388
ndcg_at_10,stage-cal,C,1,2,CAB,s0,logit,CAB_logit_stage2,0.19151492282596266
average_precision,first-cal,C,1,2,CAB,s0,logit,CAB_logit_stage2,0.06769924672039937
trapezoidal_pr_auc,first-cal,C,1,2,CAB,s0,logit,CAB_logit_stage2,0.05886033392166604
roc_auc,first-cal,C,1,2,CAB,s0,logit,CAB_logit_stage2,0.5018296089385476
recall_at_fpr_1pct,first-cal,C,1,2,CAB,s0,logit,CAB_logit_stage2,0.0225
brier,first-cal,C,1,2,CAB,s0,logit,CAB_logit_stage2,0.13593705948581095
log_loss,first-cal,C,1,2,CAB,s0,logit,CAB_logit_stage2,0.4528048066998422
precision,first-cal,C,1,2,CAB,s0,logit,CAB_logit_stage2,0.07434398934398934
recall,first-cal,C,1,2,CAB,s0,logit,CAB_logit_stage2,0.0325
f1,first-cal,C,1,2,CAB,s0,logit,CAB_logit_stage2,0.04465032828054649
specificity,first-cal,C,1,2,CAB,s0,logit,CAB_logit_stage2,0.9756983240223465
balanced_accuracy,first-cal,C,1,2,CAB,s0,logit,CAB_logit_stage2,0.5040991620111732
mcc,first-cal,C,1,2,CAB,s0,logit,CAB_logit_stage2,0.013547437570015416
map,first-cal,C,1,2,CAB,s0,logit,CAB_logit_stage2,0.16240252609744482
mrr,first-cal,C,1,2,CAB,s0,logit,CAB_logit_stage2,0.18255590171262287
recall_at_1,first-cal,C,1,2,CAB,s0,logit,CAB_logit_stage2,0.040178571428571425
recall_at_3,first-cal,C,1,2,CAB,s0,logit,CAB_logit_stage2,0.11160714285714286
recall_at_5,first-cal,C,1,2,CAB,s0,logit,CAB_logit_stage2,0.1875
recall_at_10,first-cal,C,1,2,CAB,s0,logit,CAB_logit_stage2,0.3839285714285714
ndcg_at_1,first-cal,C,1,2,CAB,s0,logit,CAB_logit_stage2,0.05892857142857142
ndcg_at_3,first-cal,C,1,2,CAB,s0,logit,CAB_logit_stage2,0.08861712334543168
ndcg_at_5,first-cal,C,1,2,CAB,s0,logit,CAB_logit_stage2,0.1233196382641388
ndcg_at_10,first-cal,C,1,2,CAB,s0,logit,CAB_logit_stage2,0.19151492282596266
average_precision,raw,C,1,3,CAB,s0,logit,CAB_logit_stage3,0.06692274411997934
trapezoidal_pr_auc,raw,C,1,3,CAB,s0,logit,CAB_logit_stage3,0.05831102316842298
roc_auc,raw,C,1,3,CAB,s0,logit,CAB_logit_stage3,0.5002932960893854
recall_at_fpr_1pct,raw,C,1,3,CAB,s0,logit,CAB_logit_stage3,0.0225
brier,raw,C,1,3,CAB,s0,logit,CAB_logit_stage3,0.1338899730483567
log_loss,raw,C,1,3,CAB,s0,logit,CAB_logit_stage3,0.4470523125913949
precision,raw,C,1,3,CAB,s0,logit,CAB_logit_stage3,0.059602688977688986
recall,raw,C,1,3,CAB,s0,logit,CAB_logit_stage3,0.037500000000000006
f1,raw,C,1,3,CAB,s0,logit,CAB_logit_stage3,0.04560200888361743
specificity,raw,C,1,3,CAB,s0,logit,CAB_logit_stage3,0.9674581005586591
balanced_accuracy,raw,C,1,3,CAB,s0,logit,CAB_logit_stage3,0.5024790502793296
mcc,raw,C,1,3,CAB,s0,logit,CAB_logit_stage3,0.005989227314425931
map,raw,C,1,3,CAB,s0,logit,CAB_logit_stage3,0.1623815026733353
mrr,raw,C,1,3,CAB,s0,logit,CAB_logit_stage3,0.1817297836540278
recall_at_1,raw,C,1,3,CAB,s0,logit,CAB_logit_stage3,0.04196428571428572
recall_at_3,raw,C,1,3,CAB,s0,logit,CAB_logit_stage3,0.11160714285714286
recall_at_5,raw,C,1,3,CAB,s0,logit,CAB_logit_stage3,0.1901785714285714
recall_at_10,raw,C,1,3,CAB,s0,logit,CAB_logit_stage3,0.3821428571428572
ndcg_at_1,raw,C,1,3,CAB,s0,logit,CAB_logit_stage3,0.06071428571428571
ndcg_at_3,raw,C,1,3,CAB,s0,logit,CAB_logit_stage3,0.08838332021405408
ndcg_at_5,raw,C,1,3,CAB,s0,logit,CAB_logit_stage3,0.12487349835244574
ndcg_at_10,raw,C,1,3,CAB,s0,logit,CAB_logit_stage3,0.19087396184521072
average_precision,stage-cal,C,1,3,CAB,s0,logit,CAB_logit_stage3,0.06692274411997934
trapezoidal_pr_auc,stage-cal,C,1,3,CAB,s0,logit,CAB_logit_stage3,0.05831102316842298
roc_auc,stage-cal,C,1,3,CAB,s0,logit,CAB_logit_stage3,0.5002932960893854
recall_at_fpr_1pct,stage-cal,C,1,3,CAB,s0,logit,CAB_logit_stage3,0.0225
brier,stage-cal,C,1,3,CAB,s0,logit,CAB_logit_stage3,0.17079523800243224
log_loss,stage-cal,C,1,3,CAB,s0,logit,CAB_logit_stage3,0.5297760095604158
precision,stage-cal,C,1,3,CAB,s0,logit,CAB_logit_stage3,0.03822029252340452
recall,stage-cal,C,1,3,CAB,s0,logit,CAB_logit_stage3,0.052500000000000005
f1,stage-cal,C,1,3,CAB,s0,logit,CAB_logit_stage3,0.04350437677059784
specificity,stage-cal,C,1,3,CAB,s0,logit,CAB_logit_stage3,0.9277932960893855
balanced_accuracy,stage-cal,C,1,3,CAB,s0,logit,CAB_logit_stage3,0.49014664804469277
mcc,stage-cal,C,1,3,CAB,s0,logit,CAB_logit_stage3,-0.01752553610511519
map,stage-cal,C,1,3,CAB,s0,logit,CAB_logit_stage3,0.1623815026733353
mrr,stage-cal,C,1,3,CAB,s0,logit,CAB_logit_stage3,0.1817297836540278
recall_at_1,stage-cal,C,1,3,CAB,s0,logit,CAB_logit_stage3,0.04196428571428572
recall_at_3,stage-cal,C,1,3,CAB,s0,logit,CAB_logit_stage3,0.11160714285714286
recall_at_5,stage-cal,C,1,3,CAB,s0,logit,CAB_logit_stage3,0.1901785714285714
recall_at_10,stage-cal,C,1,3,CAB,s0,logit,CAB_logit_stage3,0.3821428571428572
ndcg_at_1,stage-cal,C,1,3,CAB,s0,logit,CAB_logit_stage3,0.06071428571428571
ndcg_at_3,stage-cal,C,1,3,CAB,s0,logit,CAB_logit_stage3,0.08838332021405408
ndcg_at_5,stage-cal,C,1,3,CAB,s0,logit,CAB_logit_stage3,0.12487349835244574
ndcg_at_10,stage-cal,C,1,3,CAB,s0,logit,CAB_logit_stage3,0.19087396184521072
average_precision,first-cal,C,1,3,CAB,s0,logit,CAB_logit_stage3,0.06692274411997934
trapezoidal_pr_auc,first-cal,C,1,3,CAB,s0,logit,CAB_logit_stage3,0.05831102316842298
roc_auc,first-cal,C,1,3,CAB,s0,logit,CAB_logit_stage3,0.5002932960893854
recall_at_fpr_1pct,first-cal,C,1,3,CAB,s0,logit,CAB_logit_stage3,0.0225
brier,first-cal,C,1,3,CAB,s0,logit,CAB_logit_stage3,0.13739938756629164
log_loss,first-cal,C,1,3,CAB,s0,logit,CAB_logit_stage3,0.4560399399071705
precision,first-cal,C,1,3,CAB,s0,logit,CAB_logit_stage3,0.07113275613275613
recall,first-cal,C,1,3,CAB,s0,logit,CAB_logit_stage3,0.0325
f1,first-cal,C,1,3,CAB,s0,logit,CAB_logit_stage3,0.04413657924879544
specificity,first-cal,C,1,3,CAB,s0,logit,CAB_logit_stage3,0.9744413407821227
balanced_accuracy,first-cal,C,1,3,CAB,s0,logit,CAB_logit_stage3,0.5034706703910615
mcc,first-cal,C,1,3,CAB,s0,logit,CAB_logit_stage3,0.011492173337590802
map,first-cal,C,1,3,CAB,s0,logit,CAB_logit_stage3,0.1623815026733353
mrr,first-cal,C,1,3,CAB,s0,logit,CAB_logit_stage3,0.1817297836540278
recall_at_1,first-cal,C,1,3,CAB,s0,logit,CAB_logit_stage3,0.04196428571428572
recall_at_3,first-cal,C,1,3,CAB,s0,logit,CAB_logit_stage3,0.11160714285714286
recall_at_5,first-cal,C,1,3,CAB,s0,logit,CAB_logit_stage3,0.1901785714285714
recall_at_10,first-cal,C,1,3,CAB,s0,logit,CAB_logit_stage3,0.3821428571428572
ndcg_at_1,first-cal,C,1,3,CAB,s0,logit,CAB_logit_stage3,0.06071428571428571
ndcg_at_3,first-cal,C,1,3,CAB,s0,logit,CAB_logit_stage3,0.08838332021405408
ndcg_at_5,first-cal,C,1,3,CAB,s0,logit,CAB_logit_stage3,0.12487349835244574
ndcg_at_10,first-cal,C,1,3,CAB,s0,logit,CAB_logit_stage3,0.19087396184521072
average_precision,raw,A,2,0,CAB,s0,initial,initial,0.06591185021863265
trapezoidal_pr_auc,raw,A,2,0,CAB,s0,initial,initial,0.059314765628982614
roc_auc,raw,A,2,0,CAB,s0,initial,initial,0.48387569832402233
recall_at_fpr_1pct,raw,A,2,0,CAB,s0,initial,initial,0.0125
brier,raw,A,2,0,CAB,s0,initial,initial,0.10633213617828582
log_loss,raw,A,2,0,CAB,s0,initial,initial,0.3828695032599817
precision,raw,A,2,0,CAB,s0,initial,initial,0.06833333333333333
recall,raw,A,2,0,CAB,s0,initial,initial,0.01
f1,raw,A,2,0,CAB,s0,initial,initial,0.017241106719367592
specificity,raw,A,2,0,CAB,s0,initial,initial,0.9949720670391061
balanced_accuracy,raw,A,2,0,CAB,s0,initial,initial,0.502486033519553
mcc,raw,A,2,0,CAB,s0,initial,initial,0.012171658276597214
map,raw,A,2,0,CAB,s0,initial,initial,0.15423116375417834
mrr,raw,A,2,0,CAB,s0,initial,initial,0.1811804136733131
recall_at_1,raw,A,2,0,CAB,s0,initial,initial,0.03660714285714285
recall_at_3,raw,A,2,0,CAB,s0,initial,initial,0.11607142857142856
recall_at_5,raw,A,2,0,CAB,s0,initial,initial,0.1660714285714286
recall_at_10,raw,A,2,0,CAB,s0,initial,initial,0.35089285714285706
ndcg_at_1,raw,A,2,0,CAB,s0,initial,initial,0.05892857142857142
ndcg_at_3,raw,A,2,0,CAB,s0,initial,initial,0.09012571094910951
ndcg_at_5,raw,A,2,0,CAB,s0,initial,initial,0.1135552800530536
ndcg_at_10,raw,A,2,0,CAB,s0,initial,initial,0.17845868624748218
average_precision,raw,A,2,1,CAB,s0,frozen,CAB_shared,0.06637828573100693
trapezoidal_pr_auc,raw,A,2,1,CAB,s0,frozen,CAB_shared,0.05963657576074557
roc_auc,raw,A,2,1,CAB,s0,frozen,CAB_shared,0.483973463687151
recall_at_fpr_1pct,raw,A,2,1,CAB,s0,frozen,CAB_shared,0.015000000000000003
brier,raw,A,2,1,CAB,s0,frozen,CAB_shared,0.12500924452439396
log_loss,raw,A,2,1,CAB,s0,frozen,CAB_shared,0.426921760779383
precision,raw,A,2,1,CAB,s0,frozen,CAB_shared,0.048075951825951826
recall,raw,A,2,1,CAB,s0,frozen,CAB_shared,0.0225
f1,raw,A,2,1,CAB,s0,frozen,CAB_shared,0.030025429890835897
specificity,raw,A,2,1,CAB,s0,frozen,CAB_shared,0.9773743016759777
balanced_accuracy,raw,A,2,1,CAB,s0,frozen,CAB_shared,0.49993715083798873
mcc,raw,A,2,1,CAB,s0,frozen,CAB_shared,-0.0016756402155865553
map,raw,A,2,1,CAB,s0,frozen,CAB_shared,0.15337131133756896
mrr,raw,A,2,1,CAB,s0,frozen,CAB_shared,0.1790398258707797
recall_at_1,raw,A,2,1,CAB,s0,frozen,CAB_shared,0.033035714285714286
recall_at_3,raw,A,2,1,CAB,s0,frozen,CAB_shared,0.12232142857142858
recall_at_5,raw,A,2,1,CAB,s0,frozen,CAB_shared,0.16785714285714287
recall_at_10,raw,A,2,1,CAB,s0,frozen,CAB_shared,0.35625
ndcg_at_1,raw,A,2,1,CAB,s0,frozen,CAB_shared,0.05357142857142857
ndcg_at_3,raw,A,2,1,CAB,s0,frozen,CAB_shared,0.09269749753777475
ndcg_at_5,raw,A,2,1,CAB,s0,frozen,CAB_shared,0.11339040953785626
ndcg_at_10,raw,A,2,1,CAB,s0,frozen,CAB_shared,0.17914491083797687
average_precision,stage-cal,A,2,1,CAB,s0,frozen,CAB_shared,0.06637828573100693
trapezoidal_pr_auc,stage-cal,A,2,1,CAB,s0,frozen,CAB_shared,0.05963657576074557
roc_auc,stage-cal,A,2,1,CAB,s0,frozen,CAB_shared,0.483973463687151
recall_at_fpr_1pct,stage-cal,A,2,1,CAB,s0,frozen,CAB_shared,0.015000000000000003
brier,stage-cal,A,2,1,CAB,s0,frozen,CAB_shared,0.16184757145099252
log_loss,stage-cal,A,2,1,CAB,s0,frozen,CAB_shared,0.5108082600690003
precision,stage-cal,A,2,1,CAB,s0,frozen,CAB_shared,0.04484456826208744
recall,stage-cal,A,2,1,CAB,s0,frozen,CAB_shared,0.0425
f1,stage-cal,A,2,1,CAB,s0,frozen,CAB_shared,0.04280309909866397
specificity,stage-cal,A,2,1,CAB,s0,frozen,CAB_shared,0.9479050279329609
balanced_accuracy,stage-cal,A,2,1,CAB,s0,frozen,CAB_shared,0.4952025139664804
mcc,stage-cal,A,2,1,CAB,s0,frozen,CAB_shared,-0.009069192321584423
map,stage-cal,A,2,1,CAB,s0,frozen,CAB_shared,0.15337131133756896
mrr,stage-cal,A,2,1,CAB,s0,frozen,CAB_shared,0.1790398258707797
recall_at_1,stage-cal,A,2,1,CAB,s0,frozen,CAB_shared,0.033035714285714286
recall_at_3,stage-cal,A,2,1,CAB,s0,frozen,CAB_shared,0.12232142857142858
recall_at_5,stage-cal,A,2,1,CAB,s0,frozen,CAB_shared,0.16785714285714287
recall_at_10,stage-cal,A,2,1,CAB,s0,frozen,CAB_shared,0.35625
ndcg_at_1,stage-cal,A,2,1,CAB,s0,frozen,CAB_shared,0.05357142857142857
ndcg_at_3,stage-cal,A,2,1,CAB,s0,frozen,CAB_shared,0.09269749753777475
ndcg_at_5,stage-cal,A,2,1,CAB,s0,frozen,CAB_shared,0.11339040953785626
ndcg_at_10,stage-cal,A,2,1,CAB,s0,frozen,CAB_shared,0.17914491083797687
average_precision,first-cal,A,2,1,CAB,s0,frozen,CAB_shared,0.06637828573100693
trapezoidal_pr_auc,first-cal,A,2,1,CAB,s0,frozen,CAB_shared,0.05963657576074557
roc_auc,first-cal,A,2,1,CAB,s0,frozen,CAB_shared,0.483973463687151
recall_at_fpr_1pct,first-cal,A,2,1,CAB,s0,frozen,CAB_shared,0.015000000000000003
brier,first-cal,A,2,1,CAB,s0,frozen,CAB_shared,0.12903598175647496
log_loss,first-cal,A,2,1,CAB,s0,frozen,CAB_shared,0.4372755292203875
precision,first-cal,A,2,1,CAB,s0,frozen,CAB_shared,0.056666666666666664
recall,first-cal,A,2,1,CAB,s0,frozen,CAB_shared,0.0225
f1,first-cal,A,2,1,CAB,s0,frozen,CAB_shared,0.03162046861184792
specificity,first-cal,A,2,1,CAB,s0,frozen,CAB_shared,0.9821229050279332
balanced_accuracy,first-cal,A,2,1,CAB,s0,frozen,CAB_shared,0.5023114525139667
mcc,first-cal,A,2,1,CAB,s0,frozen,CAB_shared,0.005092114945223774
map,first-cal,A,2,1,CAB,s0,frozen,CAB_shared,0.15337131133756896
mrr,first-cal,A,2,1,CAB,s0,frozen,CAB_shared,0.1790398258707797
recall_at_1,first-cal,A,2,1,CAB,s0,frozen,CAB_shared,0.033035714285714286
recall_at_3,first-cal,A,2,1,CAB,s0,frozen,CAB_shared,0.12232142857142858
recall_at_5,first-cal,A,2,1,CAB,s0,frozen,CAB_shared,0.16785714285714287
recall_at_10,first-cal,A,2,1,CAB,s0,frozen,CAB_shared,0.35625
ndcg_at_1,first-cal,A,2,1,CAB,s0,frozen,CAB_shared,0.05357142857142857
ndcg_at_3,first-cal,A,2,1,CAB,s0,frozen,CAB_shared,0.09269749753777475
ndcg_at_5,first-cal,A,2,1,CAB,s0,frozen,CAB_shared,0.11339040953785626
ndcg_at_10,first-cal,A,2,1,CAB,s0,frozen,CAB_shared,0.17914491083797687
average_precision,raw,A,2,2,CAB,s0,frozen,CAB_shared,0.06637828573100693
trapezoidal_pr_auc,raw,A,2,2,CAB,s0,frozen,CAB_shared,0.05963657576074557
roc_auc,raw,A,2,2,CAB,s0,frozen,CAB_shared,0.483973463687151
recall_at_fpr_1pct,raw,A,2,2,CAB,s0,frozen,CAB_shared,0.015000000000000003
brier,raw,A,2,2,CAB,s0,frozen,CAB_shared,0.12500924452439396
log_loss,raw,A,2,2,CAB,s0,frozen,CAB_shared,0.426921760779383
precision,raw,A,2,2,CAB,s0,frozen,CAB_shared,0.048075951825951826
recall,raw,A,2,2,CAB,s0,frozen,CAB_shared,0.0225
f1,raw,A,2,2,CAB,s0,frozen,CAB_shared,0.030025429890835897
specificity,raw,A,2,2,CAB,s0,frozen,CAB_shared,0.9773743016759777
balanced_accuracy,raw,A,2,2,CAB,s0,frozen,CAB_shared,0.49993715083798873
mcc,raw,A,2,2,CAB,s0,frozen,CAB_shared,-0.0016756402155865553
map,raw,A,2,2,CAB,s0,frozen,CAB_shared,0.15337131133756896
mrr,raw,A,2,2,CAB,s0,frozen,CAB_shared,0.1790398258707797
recall_at_1,raw,A,2,2,CAB,s0,frozen,CAB_shared,0.033035714285714286
recall_at_3,raw,A,2,2,CAB,s0,frozen,CAB_shared,0.12232142857142858
recall_at_5,raw,A,2,2,CAB,s0,frozen,CAB_shared,0.16785714285714287
recall_at_10,raw,A,2,2,CAB,s0,frozen,CAB_shared,0.35625
ndcg_at_1,raw,A,2,2,CAB,s0,frozen,CAB_shared,0.05357142857142857
ndcg_at_3,raw,A,2,2,CAB,s0,frozen,CAB_shared,0.09269749753777475
ndcg_at_5,raw,A,2,2,CAB,s0,frozen,CAB_shared,0.11339040953785626
ndcg_at_10,raw,A,2,2,CAB,s0,frozen,CAB_shared,0.17914491083797687
average_precision,stage-cal,A,2,2,CAB,s0,frozen,CAB_shared,0.06637828573100693
trapezoidal_pr_auc,stage-cal,A,2,2,CAB,s0,frozen,CAB_shared,0.05963657576074557
roc_auc,stage-cal,A,2,2,CAB,s0,frozen,CAB_shared,0.483973463687151
recall_at_fpr_1pct,stage-cal,A,2,2,CAB,s0,frozen,CAB_shared,0.015000000000000003
brier,stage-cal,A,2,2,CAB,s0,frozen,CAB_shared,0.16184757145099252
log_loss,stage-cal,A,2,2,CAB,s0,frozen,CAB_shared,0.5108082600690003
precision,stage-cal,A,2,2,CAB,s0,frozen,CAB_shared,0.04484456826208744
recall,stage-cal,A,2,2,CAB,s0,frozen,CAB_shared,0.0425
f1,stage-cal,A,2,2,CAB,s0,frozen,CAB_shared,0.04280309909866397
specificity,stage-cal,A,2,2,CAB,s0,frozen,CAB_shared,0.9479050279329609
balanced_accuracy,stage-cal,A,2,2,CAB,s0,frozen,CAB_shared,0.4952025139664804
mcc,stage-cal,A,2,2,CAB,s0,frozen,CAB_shared,-0.009069192321584423
map,stage-cal,A,2,2,CAB,s0,frozen,CAB_shared,0.15337131133756896
mrr,stage-cal,A,2,2,CAB,s0,frozen,CAB_shared,0.1790398258707797
recall_at_1,stage-cal,A,2,2,CAB,s0,frozen,CAB_shared,0.033035714285714286
recall_at_3,stage-cal,A,2,2,CAB,s0,frozen,CAB_shared,0.12232142857142858
recall_at_5,stage-cal,A,2,2,CAB,s0,frozen,CAB_shared,0.16785714285714287
recall_at_10,stage-cal,A,2,2,CAB,s0,frozen,CAB_shared,0.35625
ndcg_at_1,stage-cal,A,2,2,CAB,s0,frozen,CAB_shared,0.05357142857142857
ndcg_at_3,stage-cal,A,2,2,CAB,s0,frozen,CAB_shared,0.09269749753777475
ndcg_at_5,stage-cal,A,2,2,CAB,s0,frozen,CAB_shared,0.11339040953785626
ndcg_at_10,stage-cal,A,2,2,CAB,s0,frozen,CAB_shared,0.17914491083797687
average_precision,first-cal,A,2,2,CAB,s0,frozen,CAB_shared,0.06637828573100693
trapezoidal_pr_auc,first-cal,A,2,2,CAB,s0,frozen,CAB_shared,0.05963657576074557
roc_auc,first-cal,A,2,2,CAB,s0,frozen,CAB_shared,0.483973463687151
recall_at_fpr_1pct,first-cal,A,2,2,CAB,s0,frozen,CAB_shared,0.015000000000000003
brier,first-cal,A,2,2,CAB,s0,frozen,CAB_shared,0.12903598175647496
log_loss,first-cal,A,2,2,CAB,s0,frozen,CAB_shared,0.4372755292203875
precision,first-cal,A,2,2,CAB,s0,frozen,CAB_shared,0.056666666666666664
recall,first-cal,A,2,2,CAB,s0,frozen,CAB_shared,0.0225
f1,first-cal,A,2,2,CAB,s0,frozen,CAB_shared,0.03162046861184792
specificity,first-cal,A,2,2,CAB,s0,frozen,CAB_shared,0.9821229050279332
balanced_accuracy,first-cal,A,2,2,CAB,s0,frozen,CAB_shared,0.5023114525139667
mcc,first-cal,A,2,2,CAB,s0,frozen,CAB_shared,0.005092114945223774
map,first-cal,A,2,2,CAB,s0,frozen,CAB_shared,0.15337131133756896
mrr,first-cal,A,2,2,CAB,s0,frozen,CAB_shared,0.1790398258707797
recall_at_1,first-cal,A,2,2,CAB,s0,frozen,CAB_shared,0.033035714285714286
recall_at_3,first-cal,A,2,2,CAB,s0,frozen,CAB_shared,0.12232142857142858
recall_at_5,first-cal,A,2,2,CAB,s0,frozen,CAB_shared,0.16785714285714287
recall_at_10,first-cal,A,2,2,CAB,s0,frozen,CAB_shared,0.35625
ndcg_at_1,first-cal,A,2,2,CAB,s0,frozen,CAB_shared,0.05357142857142857
ndcg_at_3,first-cal,A,2,2,CAB,s0,frozen,CAB_shared,0.09269749753777475
ndcg_at_5,first-cal,A,2,2,CAB,s0,frozen,CAB_shared,0.11339040953785626
ndcg_at_10,first-cal,A,2,2,CAB,s0,frozen,CAB_shared,0.17914491083797687
average_precision,raw,A,2,3,CAB,s0,frozen,CAB_shared,0.06637828573100693
trapezoidal_pr_auc,raw,A,2,3,CAB,s0,frozen,CAB_shared,0.05963657576074557
roc_auc,raw,A,2,3,CAB,s0,frozen,CAB_shared,0.483973463687151
recall_at_fpr_1pct,raw,A,2,3,CAB,s0,frozen,CAB_shared,0.015000000000000003
brier,raw,A,2,3,CAB,s0,frozen,CAB_shared,0.12500924452439396
log_loss,raw,A,2,3,CAB,s0,frozen,CAB_shared,0.426921760779383
precision,raw,A,2,3,CAB,s0,frozen,CAB_shared,0.048075951825951826
recall,raw,A,2,3,CAB,s0,frozen,CAB_shared,0.0225
f1,raw,A,2,3,CAB,s0,frozen,CAB_shared,0.030025429890835897
specificity,raw,A,2,3,CAB,s0,frozen,CAB_shared,0.9773743016759777
balanced_accuracy,raw,A,2,3,CAB,s0,frozen,CAB_shared,0.49993715083798873
mcc,raw,A,2,3,CAB,s0,frozen,CAB_shared,-0.0016756402155865553
map,raw,A,2,3,CAB,s0,frozen,CAB_shared,0.15337131133756896
mrr,raw,A,2,3,CAB,s0,frozen,CAB_shared,0.1790398258707797
recall_at_1,raw,A,2,3,CAB,s0,frozen,CAB_shared,0.033035714285714286
recall_at_3,raw,A,2,3,CAB,s0,frozen,CAB_shared,0.12232142857142858
recall_at_5,raw,A,2,3,CAB,s0,frozen,CAB_shared,0.16785714285714287
recall_at_10,raw,A,2,3,CAB,s0,frozen,CAB_shared,0.35625
ndcg_at_1,raw,A,2,3,CAB,s0,frozen,CAB_shared,0.05357142857142857
ndcg_at_3,raw,A,2,3,CAB,s0,frozen,CAB_shared,0.09269749753777475
ndcg_at_5,raw,A,2,3,CAB,s0,frozen,CAB_shared,0.11339040953785626
ndcg_at_10,raw,A,2,3,CAB,s0,frozen,CAB_shared,0.17914491083797687
average_precision,stage-cal,A,2,3,CAB,s0,frozen,CAB_shared,0.06637828573100693
trapezoidal_pr_auc,stage-cal,A,2,3,CAB,s0,frozen,CAB_shared,0.05963657576074557
roc_auc,stage-cal,A,2,3,CAB,s0,frozen,CAB_shared,0.483973463687151
recall_at_fpr_1pct,stage-cal,A,2,3,CAB,s0,frozen,CAB_shared,0.015000000000000003
brier,stage-cal,A,2,3,CAB,s0,frozen,CAB_shared,0.16184757145099252
log_loss,stage-cal,A,2,3,CAB,s0,frozen,CAB_shared,0.5108082600690003
precision,stage-cal,A,2,3,CAB,s0,frozen,CAB_shared,0.04484456826208744
recall,stage-cal,A,2,3,CAB,s0,frozen,CAB_shared,0.0425
f1,stage-cal,A,2,3,CAB,s0,frozen,CAB_shared,0.04280309909866397
specificity,stage-cal,A,2,3,CAB,s0,frozen,CAB_shared,0.9479050279329609
balanced_accuracy,stage-cal,A,2,3,CAB,s0,frozen,CAB_shared,0.4952025139664804
mcc,stage-cal,A,2,3,CAB,s0,frozen,CAB_shared,-0.009069192321584423
map,stage-cal,A,2,3,CAB,s0,frozen,CAB_shared,0.15337131133756896
mrr,stage-cal,A,2,3,CAB,s0,frozen,CAB_shared,0.1790398258707797
recall_at_1,stage-cal,A,2,3,CAB,s0,frozen,CAB_shared,0.033035714285714286
recall_at_3,stage-cal,A,2,3,CAB,s0,frozen,CAB_shared,0.12232142857142858
recall_at_5,stage-cal,A,2,3,CAB,s0,frozen,CAB_shared,0.16785714285714287
recall_at_10,stage-cal,A,2,3,CAB,s0,frozen,CAB_shared,0.35625
ndcg_at_1,stage-cal,A,2,3,CAB,s0,frozen,CAB_shared,0.05357142857142857
ndcg_at_3,stage-cal,A,2,3,CAB,s0,frozen,CAB_shared,0.09269749753777475
ndcg_at_5,stage-cal,A,2,3,CAB,s0,frozen,CAB_shared,0.11339040953785626
ndcg_at_10,stage-cal,A,2,3,CAB,s0,frozen,CAB_shared,0.17914491083797687
average_precision,first-cal,A,2,3,CAB,s0,frozen,CAB_shared,0.06637828573100693
trapezoidal_pr_auc,first-cal,A,2,3,CAB,s0,frozen,CAB_shared,0.05963657576074557
roc_auc,first-cal,A,2,3,CAB,s0,frozen,CAB_shared,0.483973463687151
recall_at_fpr_1pct,first-cal,A,2,3,CAB,s0,frozen,CAB_shared,0.015000000000000003
brier,first-cal,A,2,3,CAB,s0,frozen,CAB_shared,0.12903598175647496
log_loss,first-cal,A,2,3,CAB,s0,frozen,CAB_shared,0.4372755292203875
precision,first-cal,A,2,3,CAB,s0,frozen,CAB_shared,0.056666666666666664
recall,first-cal,A,2,3,CAB,s0,frozen,CAB_shared,0.0225
f1,first-cal,A,2,3,CAB,s0,frozen,CAB_shared,0.03162046861184792
specificity,first-cal,A,2,3,CAB,s0,frozen,CAB_shared,0.9821229050279332
balanced_accuracy,first-cal,A,2,3,CAB,s0,frozen,CAB_shared,0.5023114525139667
mcc,first-cal,A,2,3,CAB,s0,frozen,CAB_shared,0.005092114945223774
map,first-cal,A,2,3,CAB,s0,frozen,CAB_shared,0.15337131133756896
mrr,first-cal,A,2,3,CAB,s0,frozen,CAB_shared,0.1790398258707797
recall_at_1,first-cal,A,2,3,CAB,s0,frozen,CAB_shared,0.033035714285714286
recall_at_3,first-cal,A,2,3,CAB,s0,frozen,CAB_shared,0.12232142857142858
recall_at_5,first-cal,A,2,3,CAB,s0,frozen,CAB_shared,0.16785714285714287
recall_at_10,first-cal,A,2,3,CAB,s0,frozen,CAB_shared,0.35625
ndcg_at_1,first-cal,A,2,3,CAB,s0,frozen,CAB_shared,0.05357142857142857
ndcg_at_3,first-cal,A,2,3,CAB,s0,frozen,CAB_shared,0.09269749753777475
ndcg_at_5,first-cal,A,2,3,CAB,s0,frozen,CAB_shared,0.11339040953785626
ndcg_at_10,first-cal,A,2,3,CAB,s0,frozen,CAB_shared,0.17914491083797687
average_precision,raw,A,2,1,CAB,s0,seq,CAB_shared,0.06637828573100693
trapezoidal_pr_auc,raw,A,2,1,CAB,s0,seq,CAB_shared,0.05963657576074557
roc_auc,raw,A,2,1,CAB,s0,seq,CAB_shared,0.483973463687151
recall_at_fpr_1pct,raw,A,2,1,CAB,s0,seq,CAB_shared,0.015000000000000003
brier,raw,A,2,1,CAB,s0,seq,CAB_shared,0.12500924452439396
log_loss,raw,A,2,1,CAB,s0,seq,CAB_shared,0.426921760779383
precision,raw,A,2,1,CAB,s0,seq,CAB_shared,0.048075951825951826
recall,raw,A,2,1,CAB,s0,seq,CAB_shared,0.0225
f1,raw,A,2,1,CAB,s0,seq,CAB_shared,0.030025429890835897
specificity,raw,A,2,1,CAB,s0,seq,CAB_shared,0.9773743016759777
balanced_accuracy,raw,A,2,1,CAB,s0,seq,CAB_shared,0.49993715083798873
mcc,raw,A,2,1,CAB,s0,seq,CAB_shared,-0.0016756402155865553
map,raw,A,2,1,CAB,s0,seq,CAB_shared,0.15337131133756896
mrr,raw,A,2,1,CAB,s0,seq,CAB_shared,0.1790398258707797
recall_at_1,raw,A,2,1,CAB,s0,seq,CAB_shared,0.033035714285714286
recall_at_3,raw,A,2,1,CAB,s0,seq,CAB_shared,0.12232142857142858
recall_at_5,raw,A,2,1,CAB,s0,seq,CAB_shared,0.16785714285714287
recall_at_10,raw,A,2,1,CAB,s0,seq,CAB_shared,0.35625
ndcg_at_1,raw,A,2,1,CAB,s0,seq,CAB_shared,0.05357142857142857
ndcg_at_3,raw,A,2,1,CAB,s0,seq,CAB_shared,0.09269749753777475
ndcg_at_5,raw,A,2,1,CAB,s0,seq,CAB_shared,0.11339040953785626
ndcg_at_10,raw,A,2,1,CAB,s0,seq,CAB_shared,0.17914491083797687
average_precision,stage-cal,A,2,1,CAB,s0,seq,CAB_shared,0.06637828573100693
trapezoidal_pr_auc,stage-cal,A,2,1,CAB,s0,seq,CAB_shared,0.05963657576074557
roc_auc,stage-cal,A,2,1,CAB,s0,seq,CAB_shared,0.483973463687151
recall_at_fpr_1pct,stage-cal,A,2,1,CAB,s0,seq,CAB_shared,0.015000000000000003
brier,stage-cal,A,2,1,CAB,s0,seq,CAB_shared,0.16184757145099252
log_loss,stage-cal,A,2,1,CAB,s0,seq,CAB_shared,0.5108082600690003
precision,stage-cal,A,2,1,CAB,s0,seq,CAB_shared,0.04484456826208744
recall,stage-cal,A,2,1,CAB,s0,seq,CAB_shared,0.0425
f1,stage-cal,A,2,1,CAB,s0,seq,CAB_shared,0.04280309909866397
specificity,stage-cal,A,2,1,CAB,s0,seq,CAB_shared,0.9479050279329609
balanced_accuracy,stage-cal,A,2,1,CAB,s0,seq,CAB_shared,0.4952025139664804
mcc,stage-cal,A,2,1,CAB,s0,seq,CAB_shared,-0.009069192321584423
map,stage-cal,A,2,1,CAB,s0,seq,CAB_shared,0.15337131133756896
mrr,stage-cal,A,2,1,CAB,s0,seq,CAB_shared,0.1790398258707797
recall_at_1,stage-cal,A,2,1,CAB,s0,seq,CAB_shared,0.033035714285714286
recall_at_3,stage-cal,A,2,1,CAB,s0,seq,CAB_shared,0.12232142857142858
recall_at_5,stage-cal,A,2,1,CAB,s0,seq,CAB_shared,0.16785714285714287
recall_at_10,stage-cal,A,2,1,CAB,s0,seq,CAB_shared,0.35625
ndcg_at_1,stage-cal,A,2,1,CAB,s0,seq,CAB_shared,0.05357142857142857
ndcg_at_3,stage-cal,A,2,1,CAB,s0,seq,CAB_shared,0.09269749753777475
ndcg_at_5,stage-cal,A,2,1,CAB,s0,seq,CAB_shared,0.11339040953785626
ndcg_at_10,stage-cal,A,2,1,CAB,s0,seq,CAB_shared,0.17914491083797687
average_precision,first-cal,A,2,1,CAB,s0,seq,CAB_shared,0.06637828573100693
trapezoidal_pr_auc,first-cal,A,2,1,CAB,s0,seq,CAB_shared,0.05963657576074557
roc_auc,first-cal,A,2,1,CAB,s0,seq,CAB_shared,0.483973463687151
recall_at_fpr_1pct,first-cal,A,2,1,CAB,s0,seq,CAB_shared,0.015000000000000003
brier,first-cal,A,2,1,CAB,s0,seq,CAB_shared,0.12903598175647496
log_loss,first-cal,A,2,1,CAB,s0,seq,CAB_shared,0.4372755292203875
precision,first-cal,A,2,1,CAB,s0,seq,CAB_shared,0.056666666666666664
recall,first-cal,A,2,1,CAB,s0,seq,CAB_shared,0.0225
f1,first-cal,A,2,1,CAB,s0,seq,CAB_shared,0.03162046861184792
specificity,first-cal,A,2,1,CAB,s0,seq,CAB_shared,0.9821229050279332
balanced_accuracy,first-cal,A,2,1,CAB,s0,seq,CAB_shared,0.5023114525139667
mcc,first-cal,A,2,1,CAB,s0,seq,CAB_shared,0.005092114945223774
map,first-cal,A,2,1,CAB,s0,seq,CAB_shared,0.15337131133756896
mrr,first-cal,A,2,1,CAB,s0,seq,CAB_shared,0.1790398258707797
recall_at_1,first-cal,A,2,1,CAB,s0,seq,CAB_shared,0.033035714285714286
recall_at_3,first-cal,A,2,1,CAB,s0,seq,CAB_shared,0.12232142857142858
recall_at_5,first-cal,A,2,1,CAB,s0,seq,CAB_shared,0.16785714285714287
recall_at_10,first-cal,A,2,1,CAB,s0,seq,CAB_shared,0.35625
ndcg_at_1,first-cal,A,2,1,CAB,s0,seq,CAB_shared,0.05357142857142857
ndcg_at_3,first-cal,A,2,1,CAB,s0,seq,CAB_shared,0.09269749753777475
ndcg_at_5,first-cal,A,2,1,CAB,s0,seq,CAB_shared,0.11339040953785626
ndcg_at_10,first-cal,A,2,1,CAB,s0,seq,CAB_shared,0.17914491083797687
average_precision,raw,A,2,2,CAB,s0,seq,CAB_seq_stage2,0.06619535903541388
trapezoidal_pr_auc,raw,A,2,2,CAB,s0,seq,CAB_seq_stage2,0.05950308213764179
roc_auc,raw,A,2,2,CAB,s0,seq,CAB_seq_stage2,0.4838337988826815
recall_at_fpr_1pct,raw,A,2,2,CAB,s0,seq,CAB_seq_stage2,0.0125
brier,raw,A,2,2,CAB,s0,seq,CAB_seq_stage2,0.12645593784523781
log_loss,raw,A,2,2,CAB,s0,seq,CAB_seq_stage2,0.43027493335134415
precision,raw,A,2,2,CAB,s0,seq,CAB_seq_stage2,0.04987119090060267
recall,raw,A,2,2,CAB,s0,seq,CAB_seq_stage2,0.025
f1,raw,A,2,2,CAB,s0,seq,CAB_seq_stage2,0.03256124105686528
specificity,raw,A,2,2,CAB,s0,seq,CAB_seq_stage2,0.9751396648044691
balanced_accuracy,raw,A,2,2,CAB,s0,seq,CAB_seq_stage2,0.5000698324022347
mcc,raw,A,2,2,CAB,s0,seq,CAB_seq_stage2,-0.0009359468427254568
map,raw,A,2,2,CAB,s0,seq,CAB_seq_stage2,0.15440611462812107
mrr,raw,A,2,2,CAB,s0,seq,CAB_seq_stage2,0.18008615257968538
recall_at_1,raw,A,2,2,CAB,s0,seq,CAB_seq_stage2,0.03571428571428571
recall_at_3,raw,A,2,2,CAB,s0,seq,CAB_seq_stage2,0.11249999999999998
recall_at_5,raw,A,2,2,CAB,s0,seq,CAB_seq_stage2,0.175
recall_at_10,raw,A,2,2,CAB,s0,seq,CAB_seq_stage2,0.3553571428571428
ndcg_at_1,raw,A,2,2,CAB,s0,seq,CAB_seq_stage2,0.05714285714285714
ndcg_at_3,raw,A,2,2,CAB,s0,seq,CAB_seq_stage2,0.08803694775387479
ndcg_at_5,raw,A,2,2,CAB,s0,seq,CAB_seq_stage2,0.11677115526059376
ndcg_at_10,raw,A,2,2,CAB,s0,seq,CAB_seq_stage2,0.17993905346765365
average_precision,stage-cal,A,2,2,CAB,s0,seq,CAB_seq_stage2,0.06619535903541388
trapezoidal_pr_auc,stage-cal,A,2,2,CAB,s0,seq,CAB_seq_stage2,0.05950308213764179
roc_auc,stage-cal,A,2,2,CAB,s0,seq,CAB_seq_stage2,0.4838337988826815
recall_at_fpr_1pct,stage-cal,A,2,2,CAB,s0,seq,CAB_seq_stage2,0.0125
brier,stage-cal,A,2,2,CAB,s0,seq,CAB_seq_stage2,0.16332112244653885
log_loss,stage-cal,A,2,2,CAB,s0,seq,CAB_seq_stage2,0.5139657732249335
precision,stage-cal,A,2,2,CAB,s0,seq,CAB_seq_stage2,0.05069062521039895
recall,stage-cal,A,2,2,CAB,s0,seq,CAB_seq_stage2,0.04750000000000001
f1,stage-cal,A,2,2,CAB,s0,seq,CAB_seq_stage2,0.04816449125883662
specificity,stage-cal,A,2,2,CAB,s0,seq,CAB_seq_stage2,0.9465083798882681
balanced_accuracy,stage-cal,A,2,2,CAB,s0,seq,CAB_seq_stage2,0.4970041899441341
mcc,stage-cal,A,2,2,CAB,s0,seq,CAB_seq_stage2,-0.004363943926964828
map,stage-cal,A,2,2,CAB,s0,seq,CAB_seq_stage2,0.15440611462812107
mrr,stage-cal,A,2,2,CAB,s0,seq,CAB_seq_stage2,0.18008615257968538
recall_at_1,stage-cal,A,2,2,CAB,s0,seq,CAB_seq_stage2,0.03571428571428571
recall_at_3,stage-cal,A,2,2,CAB,s0,seq,CAB_seq_stage2,0.11249999999999998
recall_at_5,stage-cal,A,2,2,CAB,s0,seq,CAB_seq_stage2,0.175
recall_at_10,stage-cal,A,2,2,CAB,s0,seq,CAB_seq_stage2,0.3553571428571428
ndcg_at_1,stage-cal,A,2,2,CAB,s0,seq,CAB_seq_stage2,0.05714285714285714
ndcg_at_3,stage-cal,A,2,2,CAB,s0,seq,CAB_seq_stage2,0.08803694775387479
ndcg_at_5,stage-cal,A,2,2,CAB,s0,seq,CAB_seq_stage2,0.11677115526059376
ndcg_at_10,stage-cal,A,2,2,CAB,s0,seq,CAB_seq_stage2,0.17993905346765365
average_precision,first-cal,A,2,2,CAB,s0,seq,CAB_seq_stage2,0.06619535903541388
trapezoidal_pr_auc,first-cal,A,2,2,CAB,s0,seq,CAB_seq_stage2,0.05950308213764179
roc_auc,first-cal,A,2,2,CAB,s0,seq,CAB_seq_stage2,0.4838337988826815
recall_at_fpr_1pct,first-cal,A,2,2,CAB,s0,seq,CAB_seq_stage2,0.0125
brier,first-cal,A,2,2,CAB,s0,seq,CAB_seq_stage2,0.130405128181667
log_loss,first-cal,A,2,2,CAB,s0,seq,CAB_seq_stage2,0.44040672467492714
precision,first-cal,A,2,2,CAB,s0,seq,CAB_seq_stage2,0.04625
recall,first-cal,A,2,2,CAB,s0,seq,CAB_seq_stage2,0.02
f1,first-cal,A,2,2,CAB,s0,seq,CAB_seq_stage2,0.0274995894909688
specificity,first-cal,A,2,2,CAB,s0,seq,CAB_seq_stage2,0.9797486033519555
balanced_accuracy,first-cal,A,2,2,CAB,s0,seq,CAB_seq_stage2,0.4998743016759777
mcc,first-cal,A,2,2,CAB,s0,seq,CAB_seq_stage2,-0.002237178949831145
map,first-cal,A,2,2,CAB,s0,seq,CAB_seq_stage2,0.15440611462812107
mrr,first-cal,A,2,2,CAB,s0,seq,CAB_seq_stage2,0.18008615257968538
recall_at_1,first-cal,A,2,2,CAB,s0,seq,CAB_seq_stage2,0.03571428571428571
recall_at_3,first-cal,A,2,2,CAB,s0,seq,CAB_seq_stage2,0.11249999999999998
recall_at_5,first-cal,A,2,2,CAB,s0,seq,CAB_seq_stage2,0.175
recall_at_10,first-cal,A,2,2,CAB,s0,seq,CAB_seq_stage2,0.3553571428571428
ndcg_at_1,first-cal,A,2,2,CAB,s0,seq,CAB_seq_stage2,0.05714285714285714
ndcg_at_3,first-cal,A,2,2,CAB,s0,seq,CAB_seq_stage2,0.08803694775387479
ndcg_at_5,first-cal,A,2,2,CAB,s0,seq,CAB_seq_stage2,0.11677115526059376
ndcg_at_10,first-cal,A,2,2,CAB,s0,seq,CAB_seq_stage2,0.17993905346765365
average_precision,raw,A,2,3,CAB,s0,seq,CAB_seq_stage3,0.06604872743040788
trapezoidal_pr_auc,raw,A,2,3,CAB,s0,seq,CAB_seq_stage3,0.05949583540846772
roc_auc,raw,A,2,3,CAB,s0,seq,CAB_seq_stage3,0.48655726256983245
recall_at_fpr_1pct,raw,A,2,3,CAB,s0,seq,CAB_seq_stage3,0.0125
brier,raw,A,2,3,CAB,s0,seq,CAB_seq_stage3,0.12794363149863752
log_loss,raw,A,2,3,CAB,s0,seq,CAB_seq_stage3,0.4336749612071369
precision,raw,A,2,3,CAB,s0,seq,CAB_seq_stage3,0.04177836052836052
recall,raw,A,2,3,CAB,s0,seq,CAB_seq_stage3,0.0225
f1,raw,A,2,3,CAB,s0,seq,CAB_seq_stage3,0.028615876907472824
specificity,raw,A,2,3,CAB,s0,seq,CAB_seq_stage3,0.9738826815642456
balanced_accuracy,raw,A,2,3,CAB,s0,seq,CAB_seq_stage3,0.4981913407821228
mcc,raw,A,2,3,CAB,s0,seq,CAB_seq_stage3,-0.006497372248610432
map,raw,A,2,3,CAB,s0,seq,CAB_seq_stage3,0.15386052442625503
mrr,raw,A,2,3,CAB,s0,seq,CAB_seq_stage3,0.18061188474539025
recall_at_1,raw,A,2,3,CAB,s0,seq,CAB_seq_stage3,0.03571428571428571
recall_at_3,raw,A,2,3,CAB,s0,seq,CAB_seq_stage3,0.11785714285714285
recall_at_5,raw,A,2,3,CAB,s0,seq,CAB_seq_stage3,0.175
recall_at_10,raw,A,2,3,CAB,s0,seq,CAB_seq_stage3,0.35357142857142854
ndcg_at_1,raw,A,2,3,CAB,s0,seq,CAB_seq_stage3,0.05714285714285714
ndcg_at_3,raw,A,2,3,CAB,s0,seq,CAB_seq_stage3,0.09030178942364692
ndcg_at_5,raw,A,2,3,CAB,s0,seq,CAB_seq_stage3,0.11645936205397729
ndcg_at_10,raw,A,2,3,CAB,s0,seq,CAB_seq_stage3,0.17882067677520336
average_precision,stage-cal,A,2,3,CAB,s0,seq,CAB_seq_stage3,0.06604872743040788
trapezoidal_pr_auc,stage-cal,A,2,3,CAB,s0,seq,CAB_seq_stage3,0.05949583540846772
roc_auc,stage-cal,A,2,3,CAB,s0,seq,CAB_seq_stage3,0.48655726256983245
recall_at_fpr_1pct,stage-cal,A,2,3,CAB,s0,seq,CAB_seq_stage3,0.0125
brier,stage-cal,A,2,3,CAB,s0,seq,CAB_seq_stage3,0.16483623554591312
log_loss,stage-cal,A,2,3,CAB,s0,seq,CAB_seq_stage3,0.5171954340406336
precision,stage-cal,A,2,3,CAB,s0,seq,CAB_seq_stage3,0.04650248914026004
recall,stage-cal,A,2,3,CAB,s0,seq,CAB_seq_stage3,0.04750000000000001
f1,stage-cal,A,2,3,CAB,s0,seq,CAB_seq_stage3,0.046047052851743285
specificity,stage-cal,A,2,3,CAB,s0,seq,CAB_seq_stage3,0.9423184357541899
balanced_accuracy,stage-cal,A,2,3,CAB,s0,seq,CAB_seq_stage3,0.49490921787709496
mcc,stage-cal,A,2,3,CAB,s0,seq,CAB_seq_stage3,-0.008579994209408883
map,stage-cal,A,2,3,CAB,s0,seq,CAB_seq_stage3,0.15386052442625503
mrr,stage-cal,A,2,3,CAB,s0,seq,CAB_seq_stage3,0.18061188474539025
recall_at_1,stage-cal,A,2,3,CAB,s0,seq,CAB_seq_stage3,0.03571428571428571
recall_at_3,stage-cal,A,2,3,CAB,s0,seq,CAB_seq_stage3,0.11785714285714285
recall_at_5,stage-cal,A,2,3,CAB,s0,seq,CAB_seq_stage3,0.175
recall_at_10,stage-cal,A,2,3,CAB,s0,seq,CAB_seq_stage3,0.35357142857142854
ndcg_at_1,stage-cal,A,2,3,CAB,s0,seq,CAB_seq_stage3,0.05714285714285714
ndcg_at_3,stage-cal,A,2,3,CAB,s0,seq,CAB_seq_stage3,0.09030178942364692
ndcg_at_5,stage-cal,A,2,3,CAB,s0,seq,CAB_seq_stage3,0.11645936205397729
ndcg_at_10,stage-cal,A,2,3,CAB,s0,seq,CAB_seq_stage3,0.17882067677520336
average_precision,first-cal,A,2,3,CAB,s0,seq,CAB_seq_stage3,0.06604872743040788
trapezoidal_pr_auc,first-cal,A,2,3,CAB,s0,seq,CAB_seq_stage3,0.05949583540846772
roc_auc,first-cal,A,2,3,CAB,s0,seq,CAB_seq_stage3,0.48655726256983245
recall_at_fpr_1pct,first-cal,A,2,3,CAB,s0,seq,CAB_seq_stage3,0.0125
brier,first-cal,A,2,3,CAB,s0,seq,CAB_seq_stage3,0.13181094755666573
log_loss,first-cal,A,2,3,CAB,s0,seq,CAB_seq_stage3,0.4435854191284944
precision,first-cal,A,2,3,CAB,s0,seq,CAB_seq_stage3,0.05165674603174604
recall,first-cal,A,2,3,CAB,s0,seq,CAB_seq_stage3,0.0225
f1,first-cal,A,2,3,CAB,s0,seq,CAB_seq_stage3,0.030732918263090676
specificity,first-cal,A,2,3,CAB,s0,seq,CAB_seq_stage3,0.9793296089385475
balanced_accuracy,first-cal,A,2,3,CAB,s0,seq,CAB_seq_stage3,0.5009148044692738
mcc,first-cal,A,2,3,CAB,s0,seq,CAB_seq_stage3,0.001062801227704947
map,first-cal,A,2,3,CAB,s0,seq,CAB_seq_stage3,0.15386052442625503
mrr,first-cal,A,2,3,CAB,s0,seq,CAB_seq_stage3,0.18061188474539025
recall_at_1,first-cal,A,2,3,CAB,s0,seq,CAB_seq_stage3,0.03571428571428571
recall_at_3,first-cal,A,2,3,CAB,s0,seq,CAB_seq_stage3,0.11785714285714285
recall_at_5,first-cal,A,2,3,CAB,s0,seq,CAB_seq_stage3,0.175
recall_at_10,first-cal,A,2,3,CAB,s0,seq,CAB_seq_stage3,0.35357142857142854
ndcg_at_1,first-cal,A,2,3,CAB,s0,seq,CAB_seq_stage3,0.05714285714285714
ndcg_at_3,first-cal,A,2,3,CAB,s0,seq,CAB_seq_stage3,0.09030178942364692
ndcg_at_5,first-cal,A,2,3,CAB,s0,seq,CAB_seq_stage3,0.11645936205397729
ndcg_at_10,first-cal,A,2,3,CAB,s0,seq,CAB_seq_stage3,0.17882067677520336
average_precision,raw,A,2,1,CAB,s0,er,CAB_shared,0.06637828573100693
trapezoidal_pr_auc,raw,A,2,1,CAB,s0,er,CAB_shared,0.05963657576074557
roc_auc,raw,A,2,1,CAB,s0,er,CAB_shared,0.483973463687151
recall_at_fpr_1pct,raw,A,2,1,CAB,s0,er,CAB_shared,0.015000000000000003
brier,raw,A,2,1,CAB,s0,er,CAB_shared,0.12500924452439396
log_loss,raw,A,2,1,CAB,s0,er,CAB_shared,0.426921760779383
precision,raw,A,2,1,CAB,s0,er,CAB_shared,0.048075951825951826
recall,raw,A,2,1,CAB,s0,er,CAB_shared,0.0225
f1,raw,A,2,1,CAB,s0,er,CAB_shared,0.030025429890835897
specificity,raw,A,2,1,CAB,s0,er,CAB_shared,0.9773743016759777
balanced_accuracy,raw,A,2,1,CAB,s0,er,CAB_shared,0.49993715083798873
mcc,raw,A,2,1,CAB,s0,er,CAB_shared,-0.0016756402155865553
map,raw,A,2,1,CAB,s0,er,CAB_shared,0.15337131133756896
mrr,raw,A,2,1,CAB,s0,er,CAB_shared,0.1790398258707797
recall_at_1,raw,A,2,1,CAB,s0,er,CAB_shared,0.033035714285714286
recall_at_3,raw,A,2,1,CAB,s0,er,CAB_shared,0.12232142857142858
recall_at_5,raw,A,2,1,CAB,s0,er,CAB_shared,0.16785714285714287
recall_at_10,raw,A,2,1,CAB,s0,er,CAB_shared,0.35625
ndcg_at_1,raw,A,2,1,CAB,s0,er,CAB_shared,0.05357142857142857
ndcg_at_3,raw,A,2,1,CAB,s0,er,CAB_shared,0.09269749753777475
ndcg_at_5,raw,A,2,1,CAB,s0,er,CAB_shared,0.11339040953785626
ndcg_at_10,raw,A,2,1,CAB,s0,er,CAB_shared,0.17914491083797687
average_precision,stage-cal,A,2,1,CAB,s0,er,CAB_shared,0.06637828573100693
trapezoidal_pr_auc,stage-cal,A,2,1,CAB,s0,er,CAB_shared,0.05963657576074557
roc_auc,stage-cal,A,2,1,CAB,s0,er,CAB_shared,0.483973463687151
recall_at_fpr_1pct,stage-cal,A,2,1,CAB,s0,er,CAB_shared,0.015000000000000003
brier,stage-cal,A,2,1,CAB,s0,er,CAB_shared,0.16184757145099252
log_loss,stage-cal,A,2,1,CAB,s0,er,CAB_shared,0.5108082600690003
precision,stage-cal,A,2,1,CAB,s0,er,CAB_shared,0.04484456826208744
recall,stage-cal,A,2,1,CAB,s0,er,CAB_shared,0.0425
f1,stage-cal,A,2,1,CAB,s0,er,CAB_shared,0.04280309909866397
specificity,stage-cal,A,2,1,CAB,s0,er,CAB_shared,0.9479050279329609
balanced_accuracy,stage-cal,A,2,1,CAB,s0,er,CAB_shared,0.4952025139664804
mcc,stage-cal,A,2,1,CAB,s0,er,CAB_shared,-0.009069192321584423
map,stage-cal,A,2,1,CAB,s0,er,CAB_shared,0.15337131133756896
mrr,stage-cal,A,2,1,CAB,s0,er,CAB_shared,0.1790398258707797
recall_at_1,stage-cal,A,2,1,CAB,s0,er,CAB_shared,0.033035714285714286
recall_at_3,stage-cal,A,2,1,CAB,s0,er,CAB_shared,0.12232142857142858
recall_at_5,stage-cal,A,2,1,CAB,s0,er,CAB_shared,0.16785714285714287
recall_at_10,stage-cal,A,2,1,CAB,s0,er,CAB_shared,0.35625
ndcg_at_1,stage-cal,A,2,1,CAB,s0,er,CAB_shared,0.05357142857142857
ndcg_at_3,stage-cal,A,2,1,CAB,s0,er,CAB_shared,0.09269749753777475
ndcg_at_5,stage-cal,A,2,1,CAB,s0,er,CAB_shared,0.11339040953785626
ndcg_at_10,stage-cal,A,2,1,CAB,s0,er,CAB_shared,0.17914491083797687
average_precision,first-cal,A,2,1,CAB,s0,er,CAB_shared,0.06637828573100693
trapezoidal_pr_auc,first-cal,A,2,1,CAB,s0,er,CAB_shared,0.05963657576074557
roc_auc,first-cal,A,2,1,CAB,s0,er,CAB_shared,0.483973463687151
recall_at_fpr_1pct,first-cal,A,2,1,CAB,s0,er,CAB_shared,0.015000000000000003
brier,first-cal,A,2,1,CAB,s0,er,CAB_shared,0.12903598175647496
log_loss,first-cal,A,2,1,CAB,s0,er,CAB_shared,0.4372755292203875
precision,first-cal,A,2,1,CAB,s0,er,CAB_shared,0.056666666666666664
recall,first-cal,A,2,1,CAB,s0,er,CAB_shared,0.0225
f1,first-cal,A,2,1,CAB,s0,er,CAB_shared,0.03162046861184792
specificity,first-cal,A,2,1,CAB,s0,er,CAB_shared,0.9821229050279332
balanced_accuracy,first-cal,A,2,1,CAB,s0,er,CAB_shared,0.5023114525139667
mcc,first-cal,A,2,1,CAB,s0,er,CAB_shared,0.005092114945223774
map,first-cal,A,2,1,CAB,s0,er,CAB_shared,0.15337131133756896
mrr,first-cal,A,2,1,CAB,s0,er,CAB_shared,0.1790398258707797
recall_at_1,first-cal,A,2,1,CAB,s0,er,CAB_shared,0.033035714285714286
recall_at_3,first-cal,A,2,1,CAB,s0,er,CAB_shared,0.12232142857142858
recall_at_5,first-cal,A,2,1,CAB,s0,er,CAB_shared,0.16785714285714287
recall_at_10,first-cal,A,2,1,CAB,s0,er,CAB_shared,0.35625
ndcg_at_1,first-cal,A,2,1,CAB,s0,er,CAB_shared,0.05357142857142857
ndcg_at_3,first-cal,A,2,1,CAB,s0,er,CAB_shared,0.09269749753777475
ndcg_at_5,first-cal,A,2,1,CAB,s0,er,CAB_shared,0.11339040953785626
ndcg_at_10,first-cal,A,2,1,CAB,s0,er,CAB_shared,0.17914491083797687
average_precision,raw,A,2,2,CAB,s0,er,CAB_er_stage2,0.0656670094666799
trapezoidal_pr_auc,raw,A,2,2,CAB,s0,er,CAB_er_stage2,0.059171301904910746
roc_auc,raw,A,2,2,CAB,s0,er,CAB_er_stage2,0.4829329608938549
recall_at_fpr_1pct,raw,A,2,2,CAB,s0,er,CAB_er_stage2,0.0125
brier,raw,A,2,2,CAB,s0,er,CAB_er_stage2,0.12940134838575332
log_loss,raw,A,2,2,CAB,s0,er,CAB_er_stage2,0.43701696319505634
precision,raw,A,2,2,CAB,s0,er,CAB_er_stage2,0.048699911199911204
recall,raw,A,2,2,CAB,s0,er,CAB_er_stage2,0.027500000000000004
f1,raw,A,2,2,CAB,s0,er,CAB_er_stage2,0.03464502941862331
specificity,raw,A,2,2,CAB,s0,er,CAB_er_stage2,0.970949720670391
balanced_accuracy,raw,A,2,2,CAB,s0,er,CAB_er_stage2,0.49922486033519553
mcc,raw,A,2,2,CAB,s0,er,CAB_er_stage2,-0.0025460515840776644
map,raw,A,2,2,CAB,s0,er,CAB_er_stage2,0.1545022878959836
mrr,raw,A,2,2,CAB,s0,er,CAB_er_stage2,0.1812439264647244
recall_at_1,raw,A,2,2,CAB,s0,er,CAB_er_stage2,0.038392857142857145
recall_at_3,raw,A,2,2,CAB,s0,er,CAB_er_stage2,0.11696428571428572
recall_at_5,raw,A,2,2,CAB,s0,er,CAB_er_stage2,0.1705357142857143
recall_at_10,raw,A,2,2,CAB,s0,er,CAB_er_stage2,0.35
ndcg_at_1,raw,A,2,2,CAB,s0,er,CAB_er_stage2,0.06071428571428572
ndcg_at_3,raw,A,2,2,CAB,s0,er,CAB_er_stage2,0.09116770831452611
ndcg_at_5,raw,A,2,2,CAB,s0,er,CAB_er_stage2,0.11580467213994095
ndcg_at_10,raw,A,2,2,CAB,s0,er,CAB_er_stage2,0.1785569309081018
average_precision,stage-cal,A,2,2,CAB,s0,er,CAB_er_stage2,0.0656670094666799
trapezoidal_pr_auc,stage-cal,A,2,2,CAB,s0,er,CAB_er_stage2,0.059171301904910746
roc_auc,stage-cal,A,2,2,CAB,s0,er,CAB_er_stage2,0.4829329608938549
recall_at_fpr_1pct,stage-cal,A,2,2,CAB,s0,er,CAB_er_stage2,0.0125
brier,stage-cal,A,2,2,CAB,s0,er,CAB_er_stage2,0.16628761964725997
log_loss,stage-cal,A,2,2,CAB,s0,er,CAB_er_stage2,0.5202873698428707
precision,stage-cal,A,2,2,CAB,s0,er,CAB_er_stage2,0.04667664636704884
recall,stage-cal,A,2,2,CAB,s0,er,CAB_er_stage2,0.05000000000000001
f1,stage-cal,A,2,2,CAB,s0,er,CAB_er_stage2,0.047535597726223455
specificity,stage-cal,A,2,2,CAB,s0,er,CAB_er_stage2,0.938826815642458
balanced_accuracy,stage-cal,A,2,2,CAB,s0,er,CAB_er_stage2,0.4944134078212291
mcc,stage-cal,A,2,2,CAB,s0,er,CAB_er_stage2,-0.008964228940653376
map,stage-cal,A,2,2,CAB,s0,er,CAB_er_stage2,0.1545022878959836
mrr,stage-cal,A,2,2,CAB,s0,er,CAB_er_stage2,0.1812439264647244
recall_at_1,stage-cal,A,2,2,CAB,s0,er,CAB_er_stage2,0.038392857142857145
recall_at_3,stage-cal,A,2,2,CAB,s0,er,CAB_er_stage2,0.11696428571428572
recall_at_5,stage-cal,A,2,2,CAB,s0,er,CAB_er_stage2,0.1705357142857143
recall_at_10,stage-cal,A,2,2,CAB,s0,er,CAB_er_stage2,0.35
ndcg_at_1,stage-cal,A,2,2,CAB,s0,er,CAB_er_stage2,0.06071428571428572
ndcg_at_3,stage-cal,A,2,2,CAB,s0,er,CAB_er_stage2,0.09116770831452611
ndcg_at_5,stage-cal,A,2,2,CAB,s0,er,CAB_er_stage2,0.11580467213994095
ndcg_at_10,stage-cal,A,2,2,CAB,s0,er,CAB_er_stage2,0.1785569309081018
average_precision,first-cal,A,2,2,CAB,s0,er,CAB_er_stage2,0.0656670094666799
trapezoidal_pr_auc,first-cal,A,2,2,CAB,s0,er,CAB_er_stage2,0.059171301904910746
roc_auc,first-cal,A,2,2,CAB,s0,er,CAB_er_stage2,0.4829329608938549
recall_at_fpr_1pct,first-cal,A,2,2,CAB,s0,er,CAB_er_stage2,0.0125
brier,first-cal,A,2,2,CAB,s0,er,CAB_er_stage2,0.13318263082154275
log_loss,first-cal,A,2,2,CAB,s0,er,CAB_er_stage2,0.44669276453457113
precision,first-cal,A,2,2,CAB,s0,er,CAB_er_stage2,0.05443813131313131
recall,first-cal,A,2,2,CAB,s0,er,CAB_er_stage2,0.025
f1,first-cal,A,2,2,CAB,s0,er,CAB_er_stage2,0.03361219035259636
specificity,first-cal,A,2,2,CAB,s0,er,CAB_er_stage2,0.9775139664804471
balanced_accuracy,first-cal,A,2,2,CAB,s0,er,CAB_er_stage2,0.5012569832402235
mcc,first-cal,A,2,2,CAB,s0,er,CAB_er_stage2,0.0024824088692960576
map,first-cal,A,2,2,CAB,s0,er,CAB_er_stage2,0.1545022878959836
mrr,first-cal,A,2,2,CAB,s0,er,CAB_er_stage2,0.1812439264647244
recall_at_1,first-cal,A,2,2,CAB,s0,er,CAB_er_stage2,0.038392857142857145
recall_at_3,first-cal,A,2,2,CAB,s0,er,CAB_er_stage2,0.11696428571428572
recall_at_5,first-cal,A,2,2,CAB,s0,er,CAB_er_stage2,0.1705357142857143
recall_at_10,first-cal,A,2,2,CAB,s0,er,CAB_er_stage2,0.35
ndcg_at_1,first-cal,A,2,2,CAB,s0,er,CAB_er_stage2,0.06071428571428572
ndcg_at_3,first-cal,A,2,2,CAB,s0,er,CAB_er_stage2,0.09116770831452611
ndcg_at_5,first-cal,A,2,2,CAB,s0,er,CAB_er_stage2,0.11580467213994095
ndcg_at_10,first-cal,A,2,2,CAB,s0,er,CAB_er_stage2,0.1785569309081018
average_precision,raw,A,2,3,CAB,s0,er,CAB_er_stage3,0.06605750244008653
trapezoidal_pr_auc,raw,A,2,3,CAB,s0,er,CAB_er_stage3,0.05936753985409258
roc_auc,raw,A,2,3,CAB,s0,er,CAB_er_stage3,0.484231843575419
recall_at_fpr_1pct,raw,A,2,3,CAB,s0,er,CAB_er_stage3,0.0125
brier,raw,A,2,3,CAB,s0,er,CAB_er_stage3,0.1310045753509763
log_loss,raw,A,2,3,CAB,s0,er,CAB_er_stage3,0.44065089140802566
precision,raw,A,2,3,CAB,s0,er,CAB_er_stage3,0.04834114485968706
recall,raw,A,2,3,CAB,s0,er,CAB_er_stage3,0.030000000000000006
f1,raw,A,2,3,CAB,s0,er,CAB_er_stage3,0.03619617213493656
specificity,raw,A,2,3,CAB,s0,er,CAB_er_stage3,0.9685754189944132
balanced_accuracy,raw,A,2,3,CAB,s0,er,CAB_er_stage3,0.4992877094972067
mcc,raw,A,2,3,CAB,s0,er,CAB_er_stage3,-0.0026284699713436032
map,raw,A,2,3,CAB,s0,er,CAB_er_stage3,0.15449985803015437
mrr,raw,A,2,3,CAB,s0,er,CAB_er_stage3,0.1801128872404231
recall_at_1,raw,A,2,3,CAB,s0,er,CAB_er_stage3,0.03571428571428571
recall_at_3,raw,A,2,3,CAB,s0,er,CAB_er_stage3,0.12053571428571427
recall_at_5,raw,A,2,3,CAB,s0,er,CAB_er_stage3,0.16785714285714284
recall_at_10,raw,A,2,3,CAB,s0,er,CAB_er_stage3,0.3401785714285714
ndcg_at_1,raw,A,2,3,CAB,s0,er,CAB_er_stage3,0.05535714285714285
ndcg_at_3,raw,A,2,3,CAB,s0,er,CAB_er_stage3,0.0931333492276621
ndcg_at_5,raw,A,2,3,CAB,s0,er,CAB_er_stage3,0.11475183990587054
ndcg_at_10,raw,A,2,3,CAB,s0,er,CAB_er_stage3,0.1750092847746217
average_precision,stage-cal,A,2,3,CAB,s0,er,CAB_er_stage3,0.06605750244008653
trapezoidal_pr_auc,stage-cal,A,2,3,CAB,s0,er,CAB_er_stage3,0.05936753985409258
roc_auc,stage-cal,A,2,3,CAB,s0,er,CAB_er_stage3,0.484231843575419
recall_at_fpr_1pct,stage-cal,A,2,3,CAB,s0,er,CAB_er_stage3,0.0125
brier,stage-cal,A,2,3,CAB,s0,er,CAB_er_stage3,0.1678951227948154
log_loss,stage-cal,A,2,3,CAB,s0,er,CAB_er_stage3,0.5236963148713076
precision,stage-cal,A,2,3,CAB,s0,er,CAB_er_stage3,0.0514487852681343
recall,stage-cal,A,2,3,CAB,s0,er,CAB_er_stage3,0.0625
f1,stage-cal,A,2,3,CAB,s0,er,CAB_er_stage3,0.055666737537880984
specificity,stage-cal,A,2,3,CAB,s0,er,CAB_er_stage3,0.9353351955307261
balanced_accuracy,stage-cal,A,2,3,CAB,s0,er,CAB_er_stage3,0.49891759776536315
mcc,stage-cal,A,2,3,CAB,s0,er,CAB_er_stage3,-0.0019108146421711173
map,stage-cal,A,2,3,CAB,s0,er,CAB_er_stage3,0.15449985803015437
mrr,stage-cal,A,2,3,CAB,s0,er,CAB_er_stage3,0.1801128872404231
recall_at_1,stage-cal,A,2,3,CAB,s0,er,CAB_er_stage3,0.03571428571428571
recall_at_3,stage-cal,A,2,3,CAB,s0,er,CAB_er_stage3,0.12053571428571427
recall_at_5,stage-cal,A,2,3,CAB,s0,er,CAB_er_stage3,0.16785714285714284
recall_at_10,stage-cal,A,2,3,CAB,s0,er,CAB_er_stage3,0.3401785714285714
ndcg_at_1,stage-cal,A,2,3,CAB,s0,er,CAB_er_stage3,0.05535714285714285
ndcg_at_3,stage-cal,A,2,3,CAB,s0,er,CAB_er_stage3,0.0931333492276621
ndcg_at_5,stage-cal,A,2,3,CAB,s0,er,CAB_er_stage3,0.11475183990587054
ndcg_at_10,stage-cal,A,2,3,CAB,s0,er,CAB_er_stage3,0.1750092847746217
average_precision,first-cal,A,2,3,CAB,s0,er,CAB_er_stage3,0.06605750244008653
trapezoidal_pr_auc,first-cal,A,2,3,CAB,s0,er,CAB_er_stage3,0.05936753985409258
roc_auc,first-cal,A,2,3,CAB,s0,er,CAB_er_stage3,0.484231843575419
recall_at_fpr_1pct,first-cal,A,2,3,CAB,s0,er,CAB_er_stage3,0.0125
brier,first-cal,A,2,3,CAB,s0,er,CAB_er_stage3,0.13469051137666693
log_loss,first-cal,A,2,3,CAB,s0,er,CAB_er_stage3,0.45007665667470376
precision,first-cal,A,2,3,CAB,s0,er,CAB_er_stage3,0.050395576645576645
recall,first-cal,A,2,3,CAB,s0,er,CAB_er_stage3,0.027500000000000004
f1,first-cal,A,2,3,CAB,s0,er,CAB_er_stage3,0.03495100884718735
specificity,first-cal,A,2,3,CAB,s0,er,CAB_er_stage3,0.9740223463687151
balanced_accuracy,first-cal,A,2,3,CAB,s0,er,CAB_er_stage3,0.5007611731843575
mcc,first-cal,A,2,3,CAB,s0,er,CAB_er_stage3,0.0002516972859458504
map,first-cal,A,2,3,CAB,s0,er,CAB_er_stage3,0.15449985803015437
mrr,first-cal,A,2,3,CAB,s0,er,CAB_er_stage3,0.1801128872404231
recall_at_1,first-cal,A,2,3,CAB,s0,er,CAB_er_stage3,0.03571428571428571
recall_at_3,first-cal,A,2,3,CAB,s0,er,CAB_er_stage3,0.12053571428571427
recall_at_5,first-cal,A,2,3,CAB,s0,er,CAB_er_stage3,0.16785714285714284
recall_at_10,first-cal,A,2,3,CAB,s0,er,CAB_er_stage3,0.3401785714285714
ndcg_at_1,first-cal,A,2,3,CAB,s0,er,CAB_er_stage3,0.05535714285714285
ndcg_at_3,first-cal,A,2,3,CAB,s0,er,CAB_er_stage3,0.0931333492276621
ndcg_at_5,first-cal,A,2,3,CAB,s0,er,CAB_er_stage3,0.11475183990587054
ndcg_at_10,first-cal,A,2,3,CAB,s0,er,CAB_er_stage3,0.1750092847746217
average_precision,raw,A,2,1,CAB,s0,logit,CAB_shared,0.06637828573100693
trapezoidal_pr_auc,raw,A,2,1,CAB,s0,logit,CAB_shared,0.05963657576074557
roc_auc,raw,A,2,1,CAB,s0,logit,CAB_shared,0.483973463687151
recall_at_fpr_1pct,raw,A,2,1,CAB,s0,logit,CAB_shared,0.015000000000000003
brier,raw,A,2,1,CAB,s0,logit,CAB_shared,0.12500924452439396
log_loss,raw,A,2,1,CAB,s0,logit,CAB_shared,0.426921760779383
precision,raw,A,2,1,CAB,s0,logit,CAB_shared,0.048075951825951826
recall,raw,A,2,1,CAB,s0,logit,CAB_shared,0.0225
f1,raw,A,2,1,CAB,s0,logit,CAB_shared,0.030025429890835897
specificity,raw,A,2,1,CAB,s0,logit,CAB_shared,0.9773743016759777
balanced_accuracy,raw,A,2,1,CAB,s0,logit,CAB_shared,0.49993715083798873
mcc,raw,A,2,1,CAB,s0,logit,CAB_shared,-0.0016756402155865553
map,raw,A,2,1,CAB,s0,logit,CAB_shared,0.15337131133756896
mrr,raw,A,2,1,CAB,s0,logit,CAB_shared,0.1790398258707797
recall_at_1,raw,A,2,1,CAB,s0,logit,CAB_shared,0.033035714285714286
recall_at_3,raw,A,2,1,CAB,s0,logit,CAB_shared,0.12232142857142858
recall_at_5,raw,A,2,1,CAB,s0,logit,CAB_shared,0.16785714285714287
recall_at_10,raw,A,2,1,CAB,s0,logit,CAB_shared,0.35625
ndcg_at_1,raw,A,2,1,CAB,s0,logit,CAB_shared,0.05357142857142857
ndcg_at_3,raw,A,2,1,CAB,s0,logit,CAB_shared,0.09269749753777475
ndcg_at_5,raw,A,2,1,CAB,s0,logit,CAB_shared,0.11339040953785626
ndcg_at_10,raw,A,2,1,CAB,s0,logit,CAB_shared,0.17914491083797687
average_precision,stage-cal,A,2,1,CAB,s0,logit,CAB_shared,0.06637828573100693
trapezoidal_pr_auc,stage-cal,A,2,1,CAB,s0,logit,CAB_shared,0.05963657576074557
roc_auc,stage-cal,A,2,1,CAB,s0,logit,CAB_shared,0.483973463687151
recall_at_fpr_1pct,stage-cal,A,2,1,CAB,s0,logit,CAB_shared,0.015000000000000003
brier,stage-cal,A,2,1,CAB,s0,logit,CAB_shared,0.16184757145099252
log_loss,stage-cal,A,2,1,CAB,s0,logit,CAB_shared,0.5108082600690003
precision,stage-cal,A,2,1,CAB,s0,logit,CAB_shared,0.04484456826208744
recall,stage-cal,A,2,1,CAB,s0,logit,CAB_shared,0.0425
f1,stage-cal,A,2,1,CAB,s0,logit,CAB_shared,0.04280309909866397
specificity,stage-cal,A,2,1,CAB,s0,logit,CAB_shared,0.9479050279329609
balanced_accuracy,stage-cal,A,2,1,CAB,s0,logit,CAB_shared,0.4952025139664804
mcc,stage-cal,A,2,1,CAB,s0,logit,CAB_shared,-0.009069192321584423
map,stage-cal,A,2,1,CAB,s0,logit,CAB_shared,0.15337131133756896
mrr,stage-cal,A,2,1,CAB,s0,logit,CAB_shared,0.1790398258707797
recall_at_1,stage-cal,A,2,1,CAB,s0,logit,CAB_shared,0.033035714285714286
recall_at_3,stage-cal,A,2,1,CAB,s0,logit,CAB_shared,0.12232142857142858
recall_at_5,stage-cal,A,2,1,CAB,s0,logit,CAB_shared,0.16785714285714287
recall_at_10,stage-cal,A,2,1,CAB,s0,logit,CAB_shared,0.35625
ndcg_at_1,stage-cal,A,2,1,CAB,s0,logit,CAB_shared,0.05357142857142857
ndcg_at_3,stage-cal,A,2,1,CAB,s0,logit,CAB_shared,0.09269749753777475
ndcg_at_5,stage-cal,A,2,1,CAB,s0,logit,CAB_shared,0.11339040953785626
ndcg_at_10,stage-cal,A,2,1,CAB,s0,logit,CAB_shared,0.17914491083797687
average_precision,first-cal,A,2,1,CAB,s0,logit,CAB_shared,0.06637828573100693
trapezoidal_pr_auc,first-cal,A,2,1,CAB,s0,logit,CAB_shared,0.05963657576074557
roc_auc,first-cal,A,2,1,CAB,s0,logit,CAB_shared,0.483973463687151
recall_at_fpr_1pct,first-cal,A,2,1,CAB,s0,logit,CAB_shared,0.015000000000000003
brier,first-cal,A,2,1,CAB,s0,logit,CAB_shared,0.12903598175647496
log_loss,first-cal,A,2,1,CAB,s0,logit,CAB_shared,0.4372755292203875
precision,first-cal,A,2,1,CAB,s0,logit,CAB_shared,0.056666666666666664
recall,first-cal,A,2,1,CAB,s0,logit,CAB_shared,0.0225
f1,first-cal,A,2,1,CAB,s0,logit,CAB_shared,0.03162046861184792
specificity,first-cal,A,2,1,CAB,s0,logit,CAB_shared,0.9821229050279332
balanced_accuracy,first-cal,A,2,1,CAB,s0,logit,CAB_shared,0.5023114525139667
mcc,first-cal,A,2,1,CAB,s0,logit,CAB_shared,0.005092114945223774
map,first-cal,A,2,1,CAB,s0,logit,CAB_shared,0.15337131133756896
mrr,first-cal,A,2,1,CAB,s0,logit,CAB_shared,0.1790398258707797
recall_at_1,first-cal,A,2,1,CAB,s0,logit,CAB_shared,0.033035714285714286
recall_at_3,first-cal,A,2,1,CAB,s0,logit,CAB_shared,0.12232142857142858
recall_at_5,first-cal,A,2,1,CAB,s0,logit,CAB_shared,0.16785714285714287
recall_at_10,first-cal,A,2,1,CAB,s0,logit,CAB_shared,0.35625
ndcg_at_1,first-cal,A,2,1,CAB,s0,logit,CAB_shared,0.05357142857142857
ndcg_at_3,first-cal,A,2,1,CAB,s0,logit,CAB_shared,0.09269749753777475
ndcg_at_5,first-cal,A,2,1,CAB,s0,logit,CAB_shared,0.11339040953785626
ndcg_at_10,first-cal,A,2,1,CAB,s0,logit,CAB_shared,0.17914491083797687
average_precision,raw,A,2,2,CAB,s0,logit,CAB_logit_stage2,0.0654945657926819
trapezoidal_pr_auc,raw,A,2,2,CAB,s0,logit,CAB_logit_stage2,0.05893711344705479
roc_auc,raw,A,2,2,CAB,s0,logit,CAB_logit_stage2,0.4821997206703911
recall_at_fpr_1pct,raw,A,2,2,CAB,s0,logit,CAB_logit_stage2,0.0125
brier,raw,A,2,2,CAB,s0,logit,CAB_logit_stage2,0.1326454513220412
log_loss,raw,A,2,2,CAB,s0,logit,CAB_logit_stage2,0.44434493711234746
precision,raw,A,2,2,CAB,s0,logit,CAB_logit_stage2,0.040250533779945544
recall,raw,A,2,2,CAB,s0,logit,CAB_logit_stage2,0.025
f1,raw,A,2,2,CAB,s0,logit,CAB_logit_stage2,0.030165000753236047
specificity,raw,A,2,2,CAB,s0,logit,CAB_logit_stage2,0.9659217877094971
balanced_accuracy,raw,A,2,2,CAB,s0,logit,CAB_logit_stage2,0.4954608938547486
mcc,raw,A,2,2,CAB,s0,logit,CAB_logit_stage2,-0.010958984059967447
map,raw,A,2,2,CAB,s0,logit,CAB_logit_stage2,0.15046815221996432
mrr,raw,A,2,2,CAB,s0,logit,CAB_logit_stage2,0.17529063188789545
recall_at_1,raw,A,2,2,CAB,s0,logit,CAB_logit_stage2,0.03035714285714286
recall_at_3,raw,A,2,2,CAB,s0,logit,CAB_logit_stage2,0.12142857142857141
recall_at_5,raw,A,2,2,CAB,s0,logit,CAB_logit_stage2,0.16785714285714287
recall_at_10,raw,A,2,2,CAB,s0,logit,CAB_logit_stage2,0.3410714285714285
ndcg_at_1,raw,A,2,2,CAB,s0,logit,CAB_logit_stage2,0.049999999999999996
ndcg_at_3,raw,A,2,2,CAB,s0,logit,CAB_logit_stage2,0.08959464339710699
ndcg_at_5,raw,A,2,2,CAB,s0,logit,CAB_logit_stage2,0.11148589464476455
ndcg_at_10,raw,A,2,2,CAB,s0,logit,CAB_logit_stage2,0.1724690286051197
average_precision,stage-cal,A,2,2,CAB,s0,logit,CAB_logit_stage2,0.0654945657926819
trapezoidal_pr_auc,stage-cal,A,2,2,CAB,s0,logit,CAB_logit_stage2,0.05893711344705479
roc_auc,stage-cal,A,2,2,CAB,s0,logit,CAB_logit_stage2,0.4821997206703911
recall_at_fpr_1pct,stage-cal,A,2,2,CAB,s0,logit,CAB_logit_stage2,0.0125
brier,stage-cal,A,2,2,CAB,s0,logit,CAB_logit_stage2,0.16950339793993963
log_loss,stage-cal,A,2,2,CAB,s0,logit,CAB_logit_stage2,0.527095210495661
precision,stage-cal,A,2,2,CAB,s0,logit,CAB_logit_stage2,0.04919435415721855
recall,stage-cal,A,2,2,CAB,s0,logit,CAB_logit_stage2,0.0625
f1,stage-cal,A,2,2,CAB,s0,logit,CAB_logit_stage2,0.05459789409609991
specificity,stage-cal,A,2,2,CAB,s0,logit,CAB_logit_stage2,0.9304469273743017
balanced_accuracy,stage-cal,A,2,2,CAB,s0,logit,CAB_logit_stage2,0.49647346368715084
mcc,stage-cal,A,2,2,CAB,s0,logit,CAB_logit_stage2,-0.005440637930933523
map,stage-cal,A,2,2,CAB,s0,logit,CAB_logit_stage2,0.15046815221996432
mrr,stage-cal,A,2,2,CAB,s0,logit,CAB_logit_stage2,0.17529063188789545
recall_at_1,stage-cal,A,2,2,CAB,s0,logit,CAB_logit_stage2,0.03035714285714286
recall_at_3,stage-cal,A,2,2,CAB,s0,logit,CAB_logit_stage2,0.12142857142857141
recall_at_5,stage-cal,A,2,2,CAB,s0,logit,CAB_logit_stage2,0.16785714285714287
recall_at_10,stage-cal,A,2,2,CAB,s0,logit,CAB_logit_stage2,0.3410714285714285
ndcg_at_1,stage-cal,A,2,2,CAB,s0,logit,CAB_logit_stage2,0.049999999999999996
ndcg_at_3,stage-cal,A,2,2,CAB,s0,logit,CAB_logit_stage2,0.08959464339710699
ndcg_at_5,stage-cal,A,2,2,CAB,s0,logit,CAB_logit_stage2,0.11148589464476455
ndcg_at_10,stage-cal,A,2,2,CAB,s0,logit,CAB_logit_stage2,0.1724690286051197
average_precision,first-cal,A,2,2,CAB,s0,logit,CAB_logit_stage2,0.0654945657926819
trapezoidal_pr_auc,first-cal,A,2,2,CAB,s0,logit,CAB_logit_stage2,0.05893711344705479
roc_auc,first-cal,A,2,2,CAB,s0,logit,CAB_logit_stage2,0.4821997206703911
recall_at_fpr_1pct,first-cal,A,2,2,CAB,s0,logit,CAB_logit_stage2,0.0125
brier,first-cal,A,2,2,CAB,s0,logit,CAB_logit_stage2,0.13622689122290382
log_loss,first-cal,A,2,2,CAB,s0,logit,CAB_logit_stage2,0.45350217610122
precision,first-cal,A,2,2,CAB,s0,logit,CAB_logit_stage2,0.04423076923076923
recall,first-cal,A,2,2,CAB,s0,logit,CAB_logit_stage2,0.025
f1,first-cal,A,2,2,CAB,s0,logit,CAB_logit_stage2,0.031289335664335664
specificity,first-cal,A,2,2,CAB,s0,logit,CAB_logit_stage2,0.9719273743016759
balanced_accuracy,first-cal,A,2,2,CAB,s0,logit,CAB_logit_stage2,0.49846368715083794
mcc,first-cal,A,2,2,CAB,s0,logit,CAB_logit_stage2,-0.005226726438655817
map,first-cal,A,2,2,CAB,s0,logit,CAB_logit_stage2,0.15046815221996432
mrr,first-cal,A,2,2,CAB,s0,logit,CAB_logit_stage2,0.17529063188789545
recall_at_1,first-cal,A,2,2,CAB,s0,logit,CAB_logit_stage2,0.03035714285714286
recall_at_3,first-cal,A,2,2,CAB,s0,logit,CAB_logit_stage2,0.12142857142857141
recall_at_5,first-cal,A,2,2,CAB,s0,logit,CAB_logit_stage2,0.16785714285714287
recall_at_10,first-cal,A,2,2,CAB,s0,logit,CAB_logit_stage2,0.3410714285714285
ndcg_at_1,first-cal,A,2,2,CAB,s0,logit,CAB_logit_stage2,0.049999999999999996
ndcg_at_3,first-cal,A,2,2,CAB,s0,logit,CAB_logit_stage2,0.08959464339710699
ndcg_at_5,first-cal,A,2,2,CAB,s0,logit,CAB_logit_stage2,0.11148589464476455
ndcg_at_10,first-cal,A,2,2,CAB,s0,logit,CAB_logit_stage2,0.1724690286051197
average_precision,raw,A,2,3,CAB,s0,logit,CAB_logit_stage3,0.06677437116303485
trapezoidal_pr_auc,raw,A,2,3,CAB,s0,logit,CAB_logit_stage3,0.059890044061482274
roc_auc,raw,A,2,3,CAB,s0,logit,CAB_logit_stage3,0.4845949720670391
recall_at_fpr_1pct,raw,A,2,3,CAB,s0,logit,CAB_logit_stage3,0.0125
brier,raw,A,2,3,CAB,s0,logit,CAB_logit_stage3,0.13408997909497983
log_loss,raw,A,2,3,CAB,s0,logit,CAB_logit_stage3,0.44764202281063065
precision,raw,A,2,3,CAB,s0,logit,CAB_logit_stage3,0.04571303696303697
recall,raw,A,2,3,CAB,s0,logit,CAB_logit_stage3,0.030000000000000006
f1,raw,A,2,3,CAB,s0,logit,CAB_logit_stage3,0.03495992609014431
specificity,raw,A,2,3,CAB,s0,logit,CAB_logit_stage3,0.9653631284916202
balanced_accuracy,raw,A,2,3,CAB,s0,logit,CAB_logit_stage3,0.49768156424580995
mcc,raw,A,2,3,CAB,s0,logit,CAB_logit_stage3,-0.005996780142814029
map,raw,A,2,3,CAB,s0,logit,CAB_logit_stage3,0.15592732073229804
mrr,raw,A,2,3,CAB,s0,logit,CAB_logit_stage3,0.18517467224890896
recall_at_1,raw,A,2,3,CAB,s0,logit,CAB_logit_stage3,0.039285714285714285
recall_at_3,raw,A,2,3,CAB,s0,logit,CAB_logit_stage3,0.11517857142857142
recall_at_5,raw,A,2,3,CAB,s0,logit,CAB_logit_stage3,0.1794642857142857
recall_at_10,raw,A,2,3,CAB,s0,logit,CAB_logit_stage3,0.34196428571428567
ndcg_at_1,raw,A,2,3,CAB,s0,logit,CAB_logit_stage3,0.0642857142857143
ndcg_at_3,raw,A,2,3,CAB,s0,logit,CAB_logit_stage3,0.09180560856292319
ndcg_at_5,raw,A,2,3,CAB,s0,logit,CAB_logit_stage3,0.1200045834896722
ndcg_at_10,raw,A,2,3,CAB,s0,logit,CAB_logit_stage3,0.17763766475968554
average_precision,stage-cal,A,2,3,CAB,s0,logit,CAB_logit_stage3,0.06677437116303485
trapezoidal_pr_auc,stage-cal,A,2,3,CAB,s0,logit,CAB_logit_stage3,0.059890044061482274
roc_auc,stage-cal,A,2,3,CAB,s0,logit,CAB_logit_stage3,0.4845949720670391
recall_at_fpr_1pct,stage-cal,A,2,3,CAB,s0,logit,CAB_logit_stage3,0.0125
brier,stage-cal,A,2,3,CAB,s0,logit,CAB_logit_stage3,0.1709518264544525
log_loss,stage-cal,A,2,3,CAB,s0,logit,CAB_logit_stage3,0.5301739637919217
precision,stage-cal,A,2,3,CAB,s0,logit,CAB_logit_stage3,0.05104931915241493
recall,stage-cal,A,2,3,CAB,s0,logit,CAB_logit_stage3,0.0675
f1,stage-cal,A,2,3,CAB,s0,logit,CAB_logit_stage3,0.05731441690992756
specificity,stage-cal,A,2,3,CAB,s0,logit,CAB_logit_stage3,0.925977653631285
balanced_accuracy,stage-cal,A,2,3,CAB,s0,logit,CAB_logit_stage3,0.49673882681564246
mcc,stage-cal,A,2,3,CAB,s0,logit,CAB_logit_stage3,-0.004179690002609286
map,stage-cal,A,2,3,CAB,s0,logit,CAB_logit_stage3,0.15592732073229804
mrr,stage-cal,A,2,3,CAB,s0,logit,CAB_logit_stage3,0.18517467224890896
recall_at_1,stage-cal,A,2,3,CAB,s0,logit,CAB_logit_stage3,0.039285714285714285
recall_at_3,stage-cal,A,2,3,CAB,s0,logit,CAB_logit_stage3,0.11517857142857142
recall_at_5,stage-cal,A,2,3,CAB,s0,logit,CAB_logit_stage3,0.1794642857142857
recall_at_10,stage-cal,A,2,3,CAB,s0,logit,CAB_logit_stage3,0.34196428571428567
ndcg_at_1,stage-cal,A,2,3,CAB,s0,logit,CAB_logit_stage3,0.0642857142857143
ndcg_at_3,stage-cal,A,2,3,CAB,s0,logit,CAB_logit_stage3,0.09180560856292319
ndcg_at_5,stage-cal,A,2,3,CAB,s0,logit,CAB_logit_stage3,0.1200045834896722
ndcg_at_10,stage-cal,A,2,3,CAB,s0,logit,CAB_logit_stage3,0.17763766475968554
average_precision,first-cal,A,2,3,CAB,s0,logit,CAB_logit_stage3,0.06677437116303485
trapezoidal_pr_auc,first-cal,A,2,3,CAB,s0,logit,CAB_logit_stage3,0.059890044061482274
roc_auc,first-cal,A,2,3,CAB,s0,logit,CAB_logit_stage3,0.4845949720670391
recall_at_fpr_1pct,first-cal,A,2,3,CAB,s0,logit,CAB_logit_stage3,0.0125
brier,first-cal,A,2,3,CAB,s0,logit,CAB_logit_stage3,0.1375850994686744
log_loss,first-cal,A,2,3,CAB,s0,logit,CAB_logit_stage3,0.4565666290585765
precision,first-cal,A,2,3,CAB,s0,logit,CAB_logit_stage3,0.04930365686944635
recall,first-cal,A,2,3,CAB,s0,logit,CAB_logit_stage3,0.027500000000000004
f1,first-cal,A,2,3,CAB,s0,logit,CAB_logit_stage3,0.03454881021887664
specificity,first-cal,A,2,3,CAB,s0,logit,CAB_logit_stage3,0.9709497206703913
balanced_accuracy,first-cal,A,2,3,CAB,s0,logit,CAB_logit_stage3,0.49922486033519553
mcc,first-cal,A,2,3,CAB,s0,logit,CAB_logit_stage3,-0.0024684481398654537
map,first-cal,A,2,3,CAB,s0,logit,CAB_logit_stage3,0.15592732073229804
mrr,first-cal,A,2,3,CAB,s0,logit,CAB_logit_stage3,0.18517467224890896
recall_at_1,first-cal,A,2,3,CAB,s0,logit,CAB_logit_stage3,0.039285714285714285
recall_at_3,first-cal,A,2,3,CAB,s0,logit,CAB_logit_stage3,0.11517857142857142
recall_at_5,first-cal,A,2,3,CAB,s0,logit,CAB_logit_stage3,0.1794642857142857
recall_at_10,first-cal,A,2,3,CAB,s0,logit,CAB_logit_stage3,0.34196428571428567
ndcg_at_1,first-cal,A,2,3,CAB,s0,logit,CAB_logit_stage3,0.0642857142857143
ndcg_at_3,first-cal,A,2,3,CAB,s0,logit,CAB_logit_stage3,0.09180560856292319
ndcg_at_5,first-cal,A,2,3,CAB,s0,logit,CAB_logit_stage3,0.1200045834896722
ndcg_at_10,first-cal,A,2,3,CAB,s0,logit,CAB_logit_stage3,0.17763766475968554
average_precision,raw,B,3,0,CAB,s0,initial,initial,0.06973270682590071
trapezoidal_pr_auc,raw,B,3,0,CAB,s0,initial,initial,0.0629623916026665
roc_auc,raw,B,3,0,CAB,s0,initial,initial,0.4887569832402233
recall_at_fpr_1pct,raw,B,3,0,CAB,s0,initial,initial,0.0175
brier,raw,B,3,0,CAB,s0,initial,initial,0.10634549306791996
log_loss,raw,B,3,0,CAB,s0,initial,initial,0.3827528602689398
precision,raw,B,3,0,CAB,s0,initial,initial,0.09166666666666666
recall,raw,B,3,0,CAB,s0,initial,initial,0.0075000000000000015
f1,raw,B,3,0,CAB,s0,initial,initial,0.013655185394315827
specificity,raw,B,3,0,CAB,s0,initial,initial,0.9924581005586592
balanced_accuracy,raw,B,3,0,CAB,s0,initial,initial,0.4999790502793295
mcc,raw,B,3,0,CAB,s0,initial,initial,0.006334742954734687
map,raw,B,3,0,CAB,s0,initial,initial,0.15873670535911447
mrr,raw,B,3,0,CAB,s0,initial,initial,0.18010881075013613
recall_at_1,raw,B,3,0,CAB,s0,initial,initial,0.04642857142857143
recall_at_3,raw,B,3,0,CAB,s0,initial,initial,0.10982142857142856
recall_at_5,raw,B,3,0,CAB,s0,initial,initial,0.1732142857142857
recall_at_10,raw,B,3,0,CAB,s0,initial,initial,0.3517857142857143
ndcg_at_1,raw,B,3,0,CAB,s0,initial,initial,0.06428571428571428
ndcg_at_3,raw,B,3,0,CAB,s0,initial,initial,0.08971679751120011
ndcg_at_5,raw,B,3,0,CAB,s0,initial,initial,0.11813044886555987
ndcg_at_10,raw,B,3,0,CAB,s0,initial,initial,0.1800613639256894
average_precision,raw,B,3,1,CAB,s0,frozen,CAB_shared,0.0683995468315485
trapezoidal_pr_auc,raw,B,3,1,CAB,s0,frozen,CAB_shared,0.061696765549450694
roc_auc,raw,B,3,1,CAB,s0,frozen,CAB_shared,0.48835893854748597
recall_at_fpr_1pct,raw,B,3,1,CAB,s0,frozen,CAB_shared,0.015000000000000003
brier,raw,B,3,1,CAB,s0,frozen,CAB_shared,0.12492493914505146
log_loss,raw,B,3,1,CAB,s0,frozen,CAB_shared,0.4266568088550026
precision,raw,B,3,1,CAB,s0,frozen,CAB_shared,0.07307720057720059
recall,raw,B,3,1,CAB,s0,frozen,CAB_shared,0.0225
f1,raw,B,3,1,CAB,s0,frozen,CAB_shared,0.03339060653020608
specificity,raw,B,3,1,CAB,s0,frozen,CAB_shared,0.9790502793296089
balanced_accuracy,raw,B,3,1,CAB,s0,frozen,CAB_shared,0.5007751396648045
mcc,raw,B,3,1,CAB,s0,frozen,CAB_shared,0.0073118679925636716
map,raw,B,3,1,CAB,s0,frozen,CAB_shared,0.15865023944559348
mrr,raw,B,3,1,CAB,s0,frozen,CAB_shared,0.17949935536255435
recall_at_1,raw,B,3,1,CAB,s0,frozen,CAB_shared,0.04642857142857142
recall_at_3,raw,B,3,1,CAB,s0,frozen,CAB_shared,0.10982142857142856
recall_at_5,raw,B,3,1,CAB,s0,frozen,CAB_shared,0.1705357142857143
recall_at_10,raw,B,3,1,CAB,s0,frozen,CAB_shared,0.3419642857142858
ndcg_at_1,raw,B,3,1,CAB,s0,frozen,CAB_shared,0.06428571428571428
ndcg_at_3,raw,B,3,1,CAB,s0,frozen,CAB_shared,0.08960519635040401
ndcg_at_5,raw,B,3,1,CAB,s0,frozen,CAB_shared,0.11733079878508268
ndcg_at_10,raw,B,3,1,CAB,s0,frozen,CAB_shared,0.17711614258739938
average_precision,stage-cal,B,3,1,CAB,s0,frozen,CAB_shared,0.0683995468315485
trapezoidal_pr_auc,stage-cal,B,3,1,CAB,s0,frozen,CAB_shared,0.061696765549450694
roc_auc,stage-cal,B,3,1,CAB,s0,frozen,CAB_shared,0.48835893854748597
recall_at_fpr_1pct,stage-cal,B,3,1,CAB,s0,frozen,CAB_shared,0.015000000000000003
brier,stage-cal,B,3,1,CAB,s0,frozen,CAB_shared,0.1618051839382152
log_loss,stage-cal,B,3,1,CAB,s0,frozen,CAB_shared,0.5106977600890816
precision,stage-cal,B,3,1,CAB,s0,frozen,CAB_shared,0.05718484623317037
recall,stage-cal,B,3,1,CAB,s0,frozen,CAB_shared,0.052500000000000005
f1,stage-cal,B,3,1,CAB,s0,frozen,CAB_shared,0.054188844630092825
specificity,stage-cal,B,3,1,CAB,s0,frozen,CAB_shared,0.9522346368715084
balanced_accuracy,stage-cal,B,3,1,CAB,s0,frozen,CAB_shared,0.5023673184357541
mcc,stage-cal,B,3,1,CAB,s0,frozen,CAB_shared,0.004724979728087784
map,stage-cal,B,3,1,CAB,s0,frozen,CAB_shared,0.15865023944559348
mrr,stage-cal,B,3,1,CAB,s0,frozen,CAB_shared,0.17949935536255435
recall_at_1,stage-cal,B,3,1,CAB,s0,frozen,CAB_shared,0.04642857142857142
recall_at_3,stage-cal,B,3,1,CAB,s0,frozen,CAB_shared,0.10982142857142856
recall_at_5,stage-cal,B,3,1,CAB,s0,frozen,CAB_shared,0.1705357142857143
recall_at_10,stage-cal,B,3,1,CAB,s0,frozen,CAB_shared,0.3419642857142858
ndcg_at_1,stage-cal,B,3,1,CAB,s0,frozen,CAB_shared,0.06428571428571428
ndcg_at_3,stage-cal,B,3,1,CAB,s0,frozen,CAB_shared,0.08960519635040401
ndcg_at_5,stage-cal,B,3,1,CAB,s0,frozen,CAB_shared,0.11733079878508268
ndcg_at_10,stage-cal,B,3,1,CAB,s0,frozen,CAB_shared,0.17711614258739938
average_precision,first-cal,B,3,1,CAB,s0,frozen,CAB_shared,0.0683995468315485
trapezoidal_pr_auc,first-cal,B,3,1,CAB,s0,frozen,CAB_shared,0.061696765549450694
roc_auc,first-cal,B,3,1,CAB,s0,frozen,CAB_shared,0.48835893854748597
recall_at_fpr_1pct,first-cal,B,3,1,CAB,s0,frozen,CAB_shared,0.015000000000000003
brier,first-cal,B,3,1,CAB,s0,frozen,CAB_shared,0.1289644309840065
log_loss,first-cal,B,3,1,CAB,s0,frozen,CAB_shared,0.4370581149536819
precision,first-cal,B,3,1,CAB,s0,frozen,CAB_shared,0.07597222222222222
recall,first-cal,B,3,1,CAB,s0,frozen,CAB_shared,0.017499999999999998
f1,first-cal,B,3,1,CAB,s0,frozen,CAB_shared,0.02772817712023109
specificity,first-cal,B,3,1,CAB,s0,frozen,CAB_shared,0.9833798882681565
balanced_accuracy,first-cal,B,3,1,CAB,s0,frozen,CAB_shared,0.5004399441340782
mcc,first-cal,B,3,1,CAB,s0,frozen,CAB_shared,0.006978374583983167
map,first-cal,B,3,1,CAB,s0,frozen,CAB_shared,0.15865023944559348
mrr,first-cal,B,3,1,CAB,s0,frozen,CAB_shared,0.17949935536255435
recall_at_1,first-cal,B,3,1,CAB,s0,frozen,CAB_shared,0.04642857142857142
recall_at_3,first-cal,B,3,1,CAB,s0,frozen,CAB_shared,0.10982142857142856
recall_at_5,first-cal,B,3,1,CAB,s0,frozen,CAB_shared,0.1705357142857143
recall_at_10,first-cal,B,3,1,CAB,s0,frozen,CAB_shared,0.3419642857142858
ndcg_at_1,first-cal,B,3,1,CAB,s0,frozen,CAB_shared,0.06428571428571428
ndcg_at_3,first-cal,B,3,1,CAB,s0,frozen,CAB_shared,0.08960519635040401
ndcg_at_5,first-cal,B,3,1,CAB,s0,frozen,CAB_shared,0.11733079878508268
ndcg_at_10,first-cal,B,3,1,CAB,s0,frozen,CAB_shared,0.17711614258739938
average_precision,raw,B,3,2,CAB,s0,frozen,CAB_shared,0.0683995468315485
trapezoidal_pr_auc,raw,B,3,2,CAB,s0,frozen,CAB_shared,0.061696765549450694
roc_auc,raw,B,3,2,CAB,s0,frozen,CAB_shared,0.48835893854748597
recall_at_fpr_1pct,raw,B,3,2,CAB,s0,frozen,CAB_shared,0.015000000000000003
brier,raw,B,3,2,CAB,s0,frozen,CAB_shared,0.12492493914505146
log_loss,raw,B,3,2,CAB,s0,frozen,CAB_shared,0.4266568088550026
precision,raw,B,3,2,CAB,s0,frozen,CAB_shared,0.07307720057720059
recall,raw,B,3,2,CAB,s0,frozen,CAB_shared,0.0225
f1,raw,B,3,2,CAB,s0,frozen,CAB_shared,0.03339060653020608
specificity,raw,B,3,2,CAB,s0,frozen,CAB_shared,0.9790502793296089
balanced_accuracy,raw,B,3,2,CAB,s0,frozen,CAB_shared,0.5007751396648045
mcc,raw,B,3,2,CAB,s0,frozen,CAB_shared,0.0073118679925636716
map,raw,B,3,2,CAB,s0,frozen,CAB_shared,0.15865023944559348
mrr,raw,B,3,2,CAB,s0,frozen,CAB_shared,0.17949935536255435
recall_at_1,raw,B,3,2,CAB,s0,frozen,CAB_shared,0.04642857142857142
recall_at_3,raw,B,3,2,CAB,s0,frozen,CAB_shared,0.10982142857142856
recall_at_5,raw,B,3,2,CAB,s0,frozen,CAB_shared,0.1705357142857143
recall_at_10,raw,B,3,2,CAB,s0,frozen,CAB_shared,0.3419642857142858
ndcg_at_1,raw,B,3,2,CAB,s0,frozen,CAB_shared,0.06428571428571428
ndcg_at_3,raw,B,3,2,CAB,s0,frozen,CAB_shared,0.08960519635040401
ndcg_at_5,raw,B,3,2,CAB,s0,frozen,CAB_shared,0.11733079878508268
ndcg_at_10,raw,B,3,2,CAB,s0,frozen,CAB_shared,0.17711614258739938
average_precision,stage-cal,B,3,2,CAB,s0,frozen,CAB_shared,0.0683995468315485
trapezoidal_pr_auc,stage-cal,B,3,2,CAB,s0,frozen,CAB_shared,0.061696765549450694
roc_auc,stage-cal,B,3,2,CAB,s0,frozen,CAB_shared,0.48835893854748597
recall_at_fpr_1pct,stage-cal,B,3,2,CAB,s0,frozen,CAB_shared,0.015000000000000003
brier,stage-cal,B,3,2,CAB,s0,frozen,CAB_shared,0.1618051839382152
log_loss,stage-cal,B,3,2,CAB,s0,frozen,CAB_shared,0.5106977600890816
precision,stage-cal,B,3,2,CAB,s0,frozen,CAB_shared,0.05718484623317037
recall,stage-cal,B,3,2,CAB,s0,frozen,CAB_shared,0.052500000000000005
f1,stage-cal,B,3,2,CAB,s0,frozen,CAB_shared,0.054188844630092825
specificity,stage-cal,B,3,2,CAB,s0,frozen,CAB_shared,0.9522346368715084
balanced_accuracy,stage-cal,B,3,2,CAB,s0,frozen,CAB_shared,0.5023673184357541
mcc,stage-cal,B,3,2,CAB,s0,frozen,CAB_shared,0.004724979728087784
map,stage-cal,B,3,2,CAB,s0,frozen,CAB_shared,0.15865023944559348
mrr,stage-cal,B,3,2,CAB,s0,frozen,CAB_shared,0.17949935536255435
recall_at_1,stage-cal,B,3,2,CAB,s0,frozen,CAB_shared,0.04642857142857142
recall_at_3,stage-cal,B,3,2,CAB,s0,frozen,CAB_shared,0.10982142857142856
recall_at_5,stage-cal,B,3,2,CAB,s0,frozen,CAB_shared,0.1705357142857143
recall_at_10,stage-cal,B,3,2,CAB,s0,frozen,CAB_shared,0.3419642857142858
ndcg_at_1,stage-cal,B,3,2,CAB,s0,frozen,CAB_shared,0.06428571428571428
ndcg_at_3,stage-cal,B,3,2,CAB,s0,frozen,CAB_shared,0.08960519635040401
ndcg_at_5,stage-cal,B,3,2,CAB,s0,frozen,CAB_shared,0.11733079878508268
ndcg_at_10,stage-cal,B,3,2,CAB,s0,frozen,CAB_shared,0.17711614258739938
average_precision,first-cal,B,3,2,CAB,s0,frozen,CAB_shared,0.0683995468315485
trapezoidal_pr_auc,first-cal,B,3,2,CAB,s0,frozen,CAB_shared,0.061696765549450694
roc_auc,first-cal,B,3,2,CAB,s0,frozen,CAB_shared,0.48835893854748597
recall_at_fpr_1pct,first-cal,B,3,2,CAB,s0,frozen,CAB_shared,0.015000000000000003
brier,first-cal,B,3,2,CAB,s0,frozen,CAB_shared,0.1289644309840065
log_loss,first-cal,B,3,2,CAB,s0,frozen,CAB_shared,0.4370581149536819
precision,first-cal,B,3,2,CAB,s0,frozen,CAB_shared,0.07597222222222222
recall,first-cal,B,3,2,CAB,s0,frozen,CAB_shared,0.017499999999999998
f1,first-cal,B,3,2,CAB,s0,frozen,CAB_shared,0.02772817712023109
specificity,first-cal,B,3,2,CAB,s0,frozen,CAB_shared,0.9833798882681565
balanced_accuracy,first-cal,B,3,2,CAB,s0,frozen,CAB_shared,0.5004399441340782
mcc,first-cal,B,3,2,CAB,s0,frozen,CAB_shared,0.006978374583983167
map,first-cal,B,3,2,CAB,s0,frozen,CAB_shared,0.15865023944559348
mrr,first-cal,B,3,2,CAB,s0,frozen,CAB_shared,0.17949935536255435
recall_at_1,first-cal,B,3,2,CAB,s0,frozen,CAB_shared,0.04642857142857142
recall_at_3,first-cal,B,3,2,CAB,s0,frozen,CAB_shared,0.10982142857142856
recall_at_5,first-cal,B,3,2,CAB,s0,frozen,CAB_shared,0.1705357142857143
recall_at_10,first-cal,B,3,2,CAB,s0,frozen,CAB_shared,0.3419642857142858
ndcg_at_1,first-cal,B,3,2,CAB,s0,frozen,CAB_shared,0.06428571428571428
ndcg_at_3,first-cal,B,3,2,CAB,s0,frozen,CAB_shared,0.08960519635040401
ndcg_at_5,first-cal,B,3,2,CAB,s0,frozen,CAB_shared,0.11733079878508268
ndcg_at_10,first-cal,B,3,2,CAB,s0,frozen,CAB_shared,0.17711614258739938
average_precision,raw,B,3,3,CAB,s0,frozen,CAB_shared,0.0683995468315485
trapezoidal_pr_auc,raw,B,3,3,CAB,s0,frozen,CAB_shared,0.061696765549450694
roc_auc,raw,B,3,3,CAB,s0,frozen,CAB_shared,0.48835893854748597
recall_at_fpr_1pct,raw,B,3,3,CAB,s0,frozen,CAB_shared,0.015000000000000003
brier,raw,B,3,3,CAB,s0,frozen,CAB_shared,0.12492493914505146
log_loss,raw,B,3,3,CAB,s0,frozen,CAB_shared,0.4266568088550026
precision,raw,B,3,3,CAB,s0,frozen,CAB_shared,0.07307720057720059
recall,raw,B,3,3,CAB,s0,frozen,CAB_shared,0.0225
f1,raw,B,3,3,CAB,s0,frozen,CAB_shared,0.03339060653020608
specificity,raw,B,3,3,CAB,s0,frozen,CAB_shared,0.9790502793296089
balanced_accuracy,raw,B,3,3,CAB,s0,frozen,CAB_shared,0.5007751396648045
mcc,raw,B,3,3,CAB,s0,frozen,CAB_shared,0.0073118679925636716
map,raw,B,3,3,CAB,s0,frozen,CAB_shared,0.15865023944559348
mrr,raw,B,3,3,CAB,s0,frozen,CAB_shared,0.17949935536255435
recall_at_1,raw,B,3,3,CAB,s0,frozen,CAB_shared,0.04642857142857142
recall_at_3,raw,B,3,3,CAB,s0,frozen,CAB_shared,0.10982142857142856
recall_at_5,raw,B,3,3,CAB,s0,frozen,CAB_shared,0.1705357142857143
recall_at_10,raw,B,3,3,CAB,s0,frozen,CAB_shared,0.3419642857142858
ndcg_at_1,raw,B,3,3,CAB,s0,frozen,CAB_shared,0.06428571428571428
ndcg_at_3,raw,B,3,3,CAB,s0,frozen,CAB_shared,0.08960519635040401
ndcg_at_5,raw,B,3,3,CAB,s0,frozen,CAB_shared,0.11733079878508268
ndcg_at_10,raw,B,3,3,CAB,s0,frozen,CAB_shared,0.17711614258739938
average_precision,stage-cal,B,3,3,CAB,s0,frozen,CAB_shared,0.0683995468315485
trapezoidal_pr_auc,stage-cal,B,3,3,CAB,s0,frozen,CAB_shared,0.061696765549450694
roc_auc,stage-cal,B,3,3,CAB,s0,frozen,CAB_shared,0.48835893854748597
recall_at_fpr_1pct,stage-cal,B,3,3,CAB,s0,frozen,CAB_shared,0.015000000000000003
brier,stage-cal,B,3,3,CAB,s0,frozen,CAB_shared,0.1618051839382152
log_loss,stage-cal,B,3,3,CAB,s0,frozen,CAB_shared,0.5106977600890816
precision,stage-cal,B,3,3,CAB,s0,frozen,CAB_shared,0.05718484623317037
recall,stage-cal,B,3,3,CAB,s0,frozen,CAB_shared,0.052500000000000005
f1,stage-cal,B,3,3,CAB,s0,frozen,CAB_shared,0.054188844630092825
specificity,stage-cal,B,3,3,CAB,s0,frozen,CAB_shared,0.9522346368715084
balanced_accuracy,stage-cal,B,3,3,CAB,s0,frozen,CAB_shared,0.5023673184357541
mcc,stage-cal,B,3,3,CAB,s0,frozen,CAB_shared,0.004724979728087784
map,stage-cal,B,3,3,CAB,s0,frozen,CAB_shared,0.15865023944559348
mrr,stage-cal,B,3,3,CAB,s0,frozen,CAB_shared,0.17949935536255435
recall_at_1,stage-cal,B,3,3,CAB,s0,frozen,CAB_shared,0.04642857142857142
recall_at_3,stage-cal,B,3,3,CAB,s0,frozen,CAB_shared,0.10982142857142856
recall_at_5,stage-cal,B,3,3,CAB,s0,frozen,CAB_shared,0.1705357142857143
recall_at_10,stage-cal,B,3,3,CAB,s0,frozen,CAB_shared,0.3419642857142858
ndcg_at_1,stage-cal,B,3,3,CAB,s0,frozen,CAB_shared,0.06428571428571428
ndcg_at_3,stage-cal,B,3,3,CAB,s0,frozen,CAB_shared,0.08960519635040401
ndcg_at_5,stage-cal,B,3,3,CAB,s0,frozen,CAB_shared,0.11733079878508268
ndcg_at_10,stage-cal,B,3,3,CAB,s0,frozen,CAB_shared,0.17711614258739938
average_precision,first-cal,B,3,3,CAB,s0,frozen,CAB_shared,0.0683995468315485
trapezoidal_pr_auc,first-cal,B,3,3,CAB,s0,frozen,CAB_shared,0.061696765549450694
roc_auc,first-cal,B,3,3,CAB,s0,frozen,CAB_shared,0.48835893854748597
recall_at_fpr_1pct,first-cal,B,3,3,CAB,s0,frozen,CAB_shared,0.015000000000000003
brier,first-cal,B,3,3,CAB,s0,frozen,CAB_shared,0.1289644309840065
log_loss,first-cal,B,3,3,CAB,s0,frozen,CAB_shared,0.4370581149536819
precision,first-cal,B,3,3,CAB,s0,frozen,CAB_shared,0.07597222222222222
recall,first-cal,B,3,3,CAB,s0,frozen,CAB_shared,0.017499999999999998
f1,first-cal,B,3,3,CAB,s0,frozen,CAB_shared,0.02772817712023109
specificity,first-cal,B,3,3,CAB,s0,frozen,CAB_shared,0.9833798882681565
balanced_accuracy,first-cal,B,3,3,CAB,s0,frozen,CAB_shared,0.5004399441340782
mcc,first-cal,B,3,3,CAB,s0,frozen,CAB_shared,0.006978374583983167
map,first-cal,B,3,3,CAB,s0,frozen,CAB_shared,0.15865023944559348
mrr,first-cal,B,3,3,CAB,s0,frozen,CAB_shared,0.17949935536255435
recall_at_1,first-cal,B,3,3,CAB,s0,frozen,CAB_shared,0.04642857142857142
recall_at_3,first-cal,B,3,3,CAB,s0,frozen,CAB_shared,0.10982142857142856
recall_at_5,first-cal,B,3,3,CAB,s0,frozen,CAB_shared,0.1705357142857143
recall_at_10,first-cal,B,3,3,CAB,s0,frozen,CAB_shared,0.3419642857142858
ndcg_at_1,first-cal,B,3,3,CAB,s0,frozen,CAB_shared,0.06428571428571428
ndcg_at_3,first-cal,B,3,3,CAB,s0,frozen,CAB_shared,0.08960519635040401
ndcg_at_5,first-cal,B,3,3,CAB,s0,frozen,CAB_shared,0.11733079878508268
ndcg_at_10,first-cal,B,3,3,CAB,s0,frozen,CAB_shared,0.17711614258739938
average_precision,raw,B,3,1,CAB,s0,seq,CAB_shared,0.0683995468315485
trapezoidal_pr_auc,raw,B,3,1,CAB,s0,seq,CAB_shared,0.061696765549450694
roc_auc,raw,B,3,1,CAB,s0,seq,CAB_shared,0.48835893854748597
recall_at_fpr_1pct,raw,B,3,1,CAB,s0,seq,CAB_shared,0.015000000000000003
brier,raw,B,3,1,CAB,s0,seq,CAB_shared,0.12492493914505146
log_loss,raw,B,3,1,CAB,s0,seq,CAB_shared,0.4266568088550026
precision,raw,B,3,1,CAB,s0,seq,CAB_shared,0.07307720057720059
recall,raw,B,3,1,CAB,s0,seq,CAB_shared,0.0225
f1,raw,B,3,1,CAB,s0,seq,CAB_shared,0.03339060653020608
specificity,raw,B,3,1,CAB,s0,seq,CAB_shared,0.9790502793296089
balanced_accuracy,raw,B,3,1,CAB,s0,seq,CAB_shared,0.5007751396648045
mcc,raw,B,3,1,CAB,s0,seq,CAB_shared,0.0073118679925636716
map,raw,B,3,1,CAB,s0,seq,CAB_shared,0.15865023944559348
mrr,raw,B,3,1,CAB,s0,seq,CAB_shared,0.17949935536255435
recall_at_1,raw,B,3,1,CAB,s0,seq,CAB_shared,0.04642857142857142
recall_at_3,raw,B,3,1,CAB,s0,seq,CAB_shared,0.10982142857142856
recall_at_5,raw,B,3,1,CAB,s0,seq,CAB_shared,0.1705357142857143
recall_at_10,raw,B,3,1,CAB,s0,seq,CAB_shared,0.3419642857142858
ndcg_at_1,raw,B,3,1,CAB,s0,seq,CAB_shared,0.06428571428571428
ndcg_at_3,raw,B,3,1,CAB,s0,seq,CAB_shared,0.08960519635040401
ndcg_at_5,raw,B,3,1,CAB,s0,seq,CAB_shared,0.11733079878508268
ndcg_at_10,raw,B,3,1,CAB,s0,seq,CAB_shared,0.17711614258739938
average_precision,stage-cal,B,3,1,CAB,s0,seq,CAB_shared,0.0683995468315485
trapezoidal_pr_auc,stage-cal,B,3,1,CAB,s0,seq,CAB_shared,0.061696765549450694
roc_auc,stage-cal,B,3,1,CAB,s0,seq,CAB_shared,0.48835893854748597
recall_at_fpr_1pct,stage-cal,B,3,1,CAB,s0,seq,CAB_shared,0.015000000000000003
brier,stage-cal,B,3,1,CAB,s0,seq,CAB_shared,0.1618051839382152
log_loss,stage-cal,B,3,1,CAB,s0,seq,CAB_shared,0.5106977600890816
precision,stage-cal,B,3,1,CAB,s0,seq,CAB_shared,0.05718484623317037
recall,stage-cal,B,3,1,CAB,s0,seq,CAB_shared,0.052500000000000005
f1,stage-cal,B,3,1,CAB,s0,seq,CAB_shared,0.054188844630092825
specificity,stage-cal,B,3,1,CAB,s0,seq,CAB_shared,0.9522346368715084
balanced_accuracy,stage-cal,B,3,1,CAB,s0,seq,CAB_shared,0.5023673184357541
mcc,stage-cal,B,3,1,CAB,s0,seq,CAB_shared,0.004724979728087784
map,stage-cal,B,3,1,CAB,s0,seq,CAB_shared,0.15865023944559348
mrr,stage-cal,B,3,1,CAB,s0,seq,CAB_shared,0.17949935536255435
recall_at_1,stage-cal,B,3,1,CAB,s0,seq,CAB_shared,0.04642857142857142
recall_at_3,stage-cal,B,3,1,CAB,s0,seq,CAB_shared,0.10982142857142856
recall_at_5,stage-cal,B,3,1,CAB,s0,seq,CAB_shared,0.1705357142857143
recall_at_10,stage-cal,B,3,1,CAB,s0,seq,CAB_shared,0.3419642857142858
ndcg_at_1,stage-cal,B,3,1,CAB,s0,seq,CAB_shared,0.06428571428571428
ndcg_at_3,stage-cal,B,3,1,CAB,s0,seq,CAB_shared,0.08960519635040401
ndcg_at_5,stage-cal,B,3,1,CAB,s0,seq,CAB_shared,0.11733079878508268
ndcg_at_10,stage-cal,B,3,1,CAB,s0,seq,CAB_shared,0.17711614258739938
average_precision,first-cal,B,3,1,CAB,s0,seq,CAB_shared,0.0683995468315485
trapezoidal_pr_auc,first-cal,B,3,1,CAB,s0,seq,CAB_shared,0.061696765549450694
roc_auc,first-cal,B,3,1,CAB,s0,seq,CAB_shared,0.48835893854748597
recall_at_fpr_1pct,first-cal,B,3,1,CAB,s0,seq,CAB_shared,0.015000000000000003
brier,first-cal,B,3,1,CAB,s0,seq,CAB_shared,0.1289644309840065
log_loss,first-cal,B,3,1,CAB,s0,seq,CAB_shared,0.4370581149536819
precision,first-cal,B,3,1,CAB,s0,seq,CAB_shared,0.07597222222222222
recall,first-cal,B,3,1,CAB,s0,seq,CAB_shared,0.017499999999999998
f1,first-cal,B,3,1,CAB,s0,seq,CAB_shared,0.02772817712023109
specificity,first-cal,B,3,1,CAB,s0,seq,CAB_shared,0.9833798882681565
balanced_accuracy,first-cal,B,3,1,CAB,s0,seq,CAB_shared,0.5004399441340782
mcc,first-cal,B,3,1,CAB,s0,seq,CAB_shared,0.006978374583983167
map,first-cal,B,3,1,CAB,s0,seq,CAB_shared,0.15865023944559348
mrr,first-cal,B,3,1,CAB,s0,seq,CAB_shared,0.17949935536255435
recall_at_1,first-cal,B,3,1,CAB,s0,seq,CAB_shared,0.04642857142857142
recall_at_3,first-cal,B,3,1,CAB,s0,seq,CAB_shared,0.10982142857142856
recall_at_5,first-cal,B,3,1,CAB,s0,seq,CAB_shared,0.1705357142857143
recall_at_10,first-cal,B,3,1,CAB,s0,seq,CAB_shared,0.3419642857142858
ndcg_at_1,first-cal,B,3,1,CAB,s0,seq,CAB_shared,0.06428571428571428
ndcg_at_3,first-cal,B,3,1,CAB,s0,seq,CAB_shared,0.08960519635040401
ndcg_at_5,first-cal,B,3,1,CAB,s0,seq,CAB_shared,0.11733079878508268
ndcg_at_10,first-cal,B,3,1,CAB,s0,seq,CAB_shared,0.17711614258739938
average_precision,raw,B,3,2,CAB,s0,seq,CAB_seq_stage2,0.07044964728346852
trapezoidal_pr_auc,raw,B,3,2,CAB,s0,seq,CAB_seq_stage2,0.06362690015288841
roc_auc,raw,B,3,2,CAB,s0,seq,CAB_seq_stage2,0.49148743016759777
recall_at_fpr_1pct,raw,B,3,2,CAB,s0,seq,CAB_seq_stage2,0.0175
brier,raw,B,3,2,CAB,s0,seq,CAB_seq_stage2,0.1263873148286468
log_loss,raw,B,3,2,CAB,s0,seq,CAB_seq_stage2,0.430011497863289
precision,raw,B,3,2,CAB,s0,seq,CAB_seq_stage2,0.0686645299145299
recall,raw,B,3,2,CAB,s0,seq,CAB_seq_stage2,0.0225
f1,raw,B,3,2,CAB,s0,seq,CAB_seq_stage2,0.032939284853077955
specificity,raw,B,3,2,CAB,s0,seq,CAB_seq_stage2,0.9769553072625697
balanced_accuracy,raw,B,3,2,CAB,s0,seq,CAB_seq_stage2,0.49972765363128496
mcc,raw,B,3,2,CAB,s0,seq,CAB_seq_stage2,0.004288917019539674
map,raw,B,3,2,CAB,s0,seq,CAB_seq_stage2,0.15979327837276416
mrr,raw,B,3,2,CAB,s0,seq,CAB_seq_stage2,0.18024815392526392
recall_at_1,raw,B,3,2,CAB,s0,seq,CAB_seq_stage2,0.04375
recall_at_3,raw,B,3,2,CAB,s0,seq,CAB_seq_stage2,0.11607142857142853
recall_at_5,raw,B,3,2,CAB,s0,seq,CAB_seq_stage2,0.1794642857142857
recall_at_10,raw,B,3,2,CAB,s0,seq,CAB_seq_stage2,0.35625
ndcg_at_1,raw,B,3,2,CAB,s0,seq,CAB_seq_stage2,0.06071428571428572
ndcg_at_3,raw,B,3,2,CAB,s0,seq,CAB_seq_stage2,0.09231552235184329
ndcg_at_5,raw,B,3,2,CAB,s0,seq,CAB_seq_stage2,0.1211503564356361
ndcg_at_10,raw,B,3,2,CAB,s0,seq,CAB_seq_stage2,0.18231573726391043
average_precision,stage-cal,B,3,2,CAB,s0,seq,CAB_seq_stage2,0.07044964728346852
trapezoidal_pr_auc,stage-cal,B,3,2,CAB,s0,seq,CAB_seq_stage2,0.06362690015288841
roc_auc,stage-cal,B,3,2,CAB,s0,seq,CAB_seq_stage2,0.49148743016759777
recall_at_fpr_1pct,stage-cal,B,3,2,CAB,s0,seq,CAB_seq_stage2,0.0175
brier,stage-cal,B,3,2,CAB,s0,seq,CAB_seq_stage2,0.163293650681532
log_loss,stage-cal,B,3,2,CAB,s0,seq,CAB_seq_stage2,0.5138689673726659
precision,stage-cal,B,3,2,CAB,s0,seq,CAB_seq_stage2,0.05297069666920926
recall,stage-cal,B,3,2,CAB,s0,seq,CAB_seq_stage2,0.052500000000000005
f1,stage-cal,B,3,2,CAB,s0,seq,CAB_seq_stage2,0.05207545359916841
specificity,stage-cal,B,3,2,CAB,s0,seq,CAB_seq_stage2,0.9481843575418993
balanced_accuracy,stage-cal,B,3,2,CAB,s0,seq,CAB_seq_stage2,0.5003421787709497
mcc,stage-cal,B,3,2,CAB,s0,seq,CAB_seq_stage2,0.00035494405092662066
map,stage-cal,B,3,2,CAB,s0,seq,CAB_seq_stage2,0.15979327837276416
mrr,stage-cal,B,3,2,CAB,s0,seq,CAB_seq_stage2,0.18024815392526392
recall_at_1,stage-cal,B,3,2,CAB,s0,seq,CAB_seq_stage2,0.04375
recall_at_3,stage-cal,B,3,2,CAB,s0,seq,CAB_seq_stage2,0.11607142857142853
recall_at_5,stage-cal,B,3,2,CAB,s0,seq,CAB_seq_stage2,0.1794642857142857
recall_at_10,stage-cal,B,3,2,CAB,s0,seq,CAB_seq_stage2,0.35625
ndcg_at_1,stage-cal,B,3,2,CAB,s0,seq,CAB_seq_stage2,0.06071428571428572
ndcg_at_3,stage-cal,B,3,2,CAB,s0,seq,CAB_seq_stage2,0.09231552235184329
ndcg_at_5,stage-cal,B,3,2,CAB,s0,seq,CAB_seq_stage2,0.1211503564356361
ndcg_at_10,stage-cal,B,3,2,CAB,s0,seq,CAB_seq_stage2,0.18231573726391043
average_precision,first-cal,B,3,2,CAB,s0,seq,CAB_seq_stage2,0.07044964728346852
trapezoidal_pr_auc,first-cal,B,3,2,CAB,s0,seq,CAB_seq_stage2,0.06362690015288841
roc_auc,first-cal,B,3,2,CAB,s0,seq,CAB_seq_stage2,0.49148743016759777
recall_at_fpr_1pct,first-cal,B,3,2,CAB,s0,seq,CAB_seq_stage2,0.0175
brier,first-cal,B,3,2,CAB,s0,seq,CAB_seq_stage2,0.13034601664091963
log_loss,first-cal,B,3,2,CAB,s0,seq,CAB_seq_stage2,0.44019033877143443
precision,first-cal,B,3,2,CAB,s0,seq,CAB_seq_stage2,0.09041666666666667
recall,first-cal,B,3,2,CAB,s0,seq,CAB_seq_stage2,0.017499999999999998
f1,first-cal,B,3,2,CAB,s0,seq,CAB_seq_stage2,0.02785464535464536
specificity,first-cal,B,3,2,CAB,s0,seq,CAB_seq_stage2,0.9818435754189945
balanced_accuracy,first-cal,B,3,2,CAB,s0,seq,CAB_seq_stage2,0.4996717877094971
mcc,first-cal,B,3,2,CAB,s0,seq,CAB_seq_stage2,0.007957922570790536
map,first-cal,B,3,2,CAB,s0,seq,CAB_seq_stage2,0.15979327837276416
mrr,first-cal,B,3,2,CAB,s0,seq,CAB_seq_stage2,0.18024815392526392
recall_at_1,first-cal,B,3,2,CAB,s0,seq,CAB_seq_stage2,0.04375
recall_at_3,first-cal,B,3,2,CAB,s0,seq,CAB_seq_stage2,0.11607142857142853
recall_at_5,first-cal,B,3,2,CAB,s0,seq,CAB_seq_stage2,0.1794642857142857
recall_at_10,first-cal,B,3,2,CAB,s0,seq,CAB_seq_stage2,0.35625
ndcg_at_1,first-cal,B,3,2,CAB,s0,seq,CAB_seq_stage2,0.06071428571428572
ndcg_at_3,first-cal,B,3,2,CAB,s0,seq,CAB_seq_stage2,0.09231552235184329
ndcg_at_5,first-cal,B,3,2,CAB,s0,seq,CAB_seq_stage2,0.1211503564356361
ndcg_at_10,first-cal,B,3,2,CAB,s0,seq,CAB_seq_stage2,0.18231573726391043
average_precision,raw,B,3,3,CAB,s0,seq,CAB_seq_stage3,0.0696122556436604
trapezoidal_pr_auc,raw,B,3,3,CAB,s0,seq,CAB_seq_stage3,0.06281154868083356
roc_auc,raw,B,3,3,CAB,s0,seq,CAB_seq_stage3,0.486759776536313
recall_at_fpr_1pct,raw,B,3,3,CAB,s0,seq,CAB_seq_stage3,0.015000000000000003
brier,raw,B,3,3,CAB,s0,seq,CAB_seq_stage3,0.1280438451439212
log_loss,raw,B,3,3,CAB,s0,seq,CAB_seq_stage3,0.43379811878065144
precision,raw,B,3,3,CAB,s0,seq,CAB_seq_stage3,0.06462662337662338
recall,raw,B,3,3,CAB,s0,seq,CAB_seq_stage3,0.024999999999999998
f1,raw,B,3,3,CAB,s0,seq,CAB_seq_stage3,0.034990888442501346
specificity,raw,B,3,3,CAB,s0,seq,CAB_seq_stage3,0.9752793296089385
balanced_accuracy,raw,B,3,3,CAB,s0,seq,CAB_seq_stage3,0.5001396648044694
mcc,raw,B,3,3,CAB,s0,seq,CAB_seq_stage3,0.0038844042967487074
map,raw,B,3,3,CAB,s0,seq,CAB_seq_stage3,0.15926898636664538
mrr,raw,B,3,3,CAB,s0,seq,CAB_seq_stage3,0.18120458506862655
recall_at_1,raw,B,3,3,CAB,s0,seq,CAB_seq_stage3,0.04732142857142857
recall_at_3,raw,B,3,3,CAB,s0,seq,CAB_seq_stage3,0.10982142857142856
recall_at_5,raw,B,3,3,CAB,s0,seq,CAB_seq_stage3,0.1714285714285714
recall_at_10,raw,B,3,3,CAB,s0,seq,CAB_seq_stage3,0.35446428571428573
ndcg_at_1,raw,B,3,3,CAB,s0,seq,CAB_seq_stage3,0.06607142857142857
ndcg_at_3,raw,B,3,3,CAB,s0,seq,CAB_seq_stage3,0.0901208946282196
ndcg_at_5,raw,B,3,3,CAB,s0,seq,CAB_seq_stage3,0.11804804637699509
ndcg_at_10,raw,B,3,3,CAB,s0,seq,CAB_seq_stage3,0.18138868168716238
average_precision,stage-cal,B,3,3,CAB,s0,seq,CAB_seq_stage3,0.0696122556436604
trapezoidal_pr_auc,stage-cal,B,3,3,CAB,s0,seq,CAB_seq_stage3,0.06281154868083356
roc_auc,stage-cal,B,3,3,CAB,s0,seq,CAB_seq_stage3,0.486759776536313
recall_at_fpr_1pct,stage-cal,B,3,3,CAB,s0,seq,CAB_seq_stage3,0.015000000000000003
brier,stage-cal,B,3,3,CAB,s0,seq,CAB_seq_stage3,0.16493783396225808
log_loss,stage-cal,B,3,3,CAB,s0,seq,CAB_seq_stage3,0.5173706000152947
precision,stage-cal,B,3,3,CAB,s0,seq,CAB_seq_stage3,0.04852091566429134
recall,stage-cal,B,3,3,CAB,s0,seq,CAB_seq_stage3,0.05
f1,stage-cal,B,3,3,CAB,s0,seq,CAB_seq_stage3,0.048459990604969985
specificity,stage-cal,B,3,3,CAB,s0,seq,CAB_seq_stage3,0.9427374301675977
balanced_accuracy,stage-cal,B,3,3,CAB,s0,seq,CAB_seq_stage3,0.49636871508379893
mcc,stage-cal,B,3,3,CAB,s0,seq,CAB_seq_stage3,-0.006045120213135831
map,stage-cal,B,3,3,CAB,s0,seq,CAB_seq_stage3,0.15926898636664538
mrr,stage-cal,B,3,3,CAB,s0,seq,CAB_seq_stage3,0.18120458506862655
recall_at_1,stage-cal,B,3,3,CAB,s0,seq,CAB_seq_stage3,0.04732142857142857
recall_at_3,stage-cal,B,3,3,CAB,s0,seq,CAB_seq_stage3,0.10982142857142856
recall_at_5,stage-cal,B,3,3,CAB,s0,seq,CAB_seq_stage3,0.1714285714285714
recall_at_10,stage-cal,B,3,3,CAB,s0,seq,CAB_seq_stage3,0.35446428571428573
ndcg_at_1,stage-cal,B,3,3,CAB,s0,seq,CAB_seq_stage3,0.06607142857142857
ndcg_at_3,stage-cal,B,3,3,CAB,s0,seq,CAB_seq_stage3,0.0901208946282196
ndcg_at_5,stage-cal,B,3,3,CAB,s0,seq,CAB_seq_stage3,0.11804804637699509
ndcg_at_10,stage-cal,B,3,3,CAB,s0,seq,CAB_seq_stage3,0.18138868168716238
average_precision,first-cal,B,3,3,CAB,s0,seq,CAB_seq_stage3,0.0696122556436604
trapezoidal_pr_auc,first-cal,B,3,3,CAB,s0,seq,CAB_seq_stage3,0.06281154868083356
roc_auc,first-cal,B,3,3,CAB,s0,seq,CAB_seq_stage3,0.486759776536313
recall_at_fpr_1pct,first-cal,B,3,3,CAB,s0,seq,CAB_seq_stage3,0.015000000000000003
brier,first-cal,B,3,3,CAB,s0,seq,CAB_seq_stage3,0.13190334768959353
log_loss,first-cal,B,3,3,CAB,s0,seq,CAB_seq_stage3,0.4437103099148912
precision,first-cal,B,3,3,CAB,s0,seq,CAB_seq_stage3,0.0811111111111111
recall,first-cal,B,3,3,CAB,s0,seq,CAB_seq_stage3,0.0225
f1,first-cal,B,3,3,CAB,s0,seq,CAB_seq_stage3,0.033688357744204825
specificity,first-cal,B,3,3,CAB,s0,seq,CAB_seq_stage3,0.9804469273743017
balanced_accuracy,first-cal,B,3,3,CAB,s0,seq,CAB_seq_stage3,0.501473463687151
mcc,first-cal,B,3,3,CAB,s0,seq,CAB_seq_stage3,0.01014905164568474
map,first-cal,B,3,3,CAB,s0,seq,CAB_seq_stage3,0.15926898636664538
mrr,first-cal,B,3,3,CAB,s0,seq,CAB_seq_stage3,0.18120458506862655
recall_at_1,first-cal,B,3,3,CAB,s0,seq,CAB_seq_stage3,0.04732142857142857
recall_at_3,first-cal,B,3,3,CAB,s0,seq,CAB_seq_stage3,0.10982142857142856
recall_at_5,first-cal,B,3,3,CAB,s0,seq,CAB_seq_stage3,0.1714285714285714
recall_at_10,first-cal,B,3,3,CAB,s0,seq,CAB_seq_stage3,0.35446428571428573
ndcg_at_1,first-cal,B,3,3,CAB,s0,seq,CAB_seq_stage3,0.06607142857142857
ndcg_at_3,first-cal,B,3,3,CAB,s0,seq,CAB_seq_stage3,0.0901208946282196
ndcg_at_5,first-cal,B,3,3,CAB,s0,seq,CAB_seq_stage3,0.11804804637699509
ndcg_at_10,first-cal,B,3,3,CAB,s0,seq,CAB_seq_stage3,0.18138868168716238
average_precision,raw,B,3,1,CAB,s0,er,CAB_shared,0.0683995468315485
trapezoidal_pr_auc,raw,B,3,1,CAB,s0,er,CAB_shared,0.061696765549450694
roc_auc,raw,B,3,1,CAB,s0,er,CAB_shared,0.48835893854748597
recall_at_fpr_1pct,raw,B,3,1,CAB,s0,er,CAB_shared,0.015000000000000003
brier,raw,B,3,1,CAB,s0,er,CAB_shared,0.12492493914505146
log_loss,raw,B,3,1,CAB,s0,er,CAB_shared,0.4266568088550026
precision,raw,B,3,1,CAB,s0,er,CAB_shared,0.07307720057720059
recall,raw,B,3,1,CAB,s0,er,CAB_shared,0.0225
f1,raw,B,3,1,CAB,s0,er,CAB_shared,0.03339060653020608
specificity,raw,B,3,1,CAB,s0,er,CAB_shared,0.9790502793296089
balanced_accuracy,raw,B,3,1,CAB,s0,er,CAB_shared,0.5007751396648045
mcc,raw,B,3,1,CAB,s0,er,CAB_shared,0.0073118679925636716
map,raw,B,3,1,CAB,s0,er,CAB_shared,0.15865023944559348
mrr,raw,B,3,1,CAB,s0,er,CAB_shared,0.17949935536255435
recall_at_1,raw,B,3,1,CAB,s0,er,CAB_shared,0.04642857142857142
recall_at_3,raw,B,3,1,CAB,s0,er,CAB_shared,0.10982142857142856
recall_at_5,raw,B,3,1,CAB,s0,er,CAB_shared,0.1705357142857143
recall_at_10,raw,B,3,1,CAB,s0,er,CAB_shared,0.3419642857142858
ndcg_at_1,raw,B,3,1,CAB,s0,er,CAB_shared,0.06428571428571428
ndcg_at_3,raw,B,3,1,CAB,s0,er,CAB_shared,0.08960519635040401
ndcg_at_5,raw,B,3,1,CAB,s0,er,CAB_shared,0.11733079878508268
ndcg_at_10,raw,B,3,1,CAB,s0,er,CAB_shared,0.17711614258739938
average_precision,stage-cal,B,3,1,CAB,s0,er,CAB_shared,0.0683995468315485
trapezoidal_pr_auc,stage-cal,B,3,1,CAB,s0,er,CAB_shared,0.061696765549450694
roc_auc,stage-cal,B,3,1,CAB,s0,er,CAB_shared,0.48835893854748597
recall_at_fpr_1pct,stage-cal,B,3,1,CAB,s0,er,CAB_shared,0.015000000000000003
brier,stage-cal,B,3,1,CAB,s0,er,CAB_shared,0.1618051839382152
log_loss,stage-cal,B,3,1,CAB,s0,er,CAB_shared,0.5106977600890816
precision,stage-cal,B,3,1,CAB,s0,er,CAB_shared,0.05718484623317037
recall,stage-cal,B,3,1,CAB,s0,er,CAB_shared,0.052500000000000005
f1,stage-cal,B,3,1,CAB,s0,er,CAB_shared,0.054188844630092825
specificity,stage-cal,B,3,1,CAB,s0,er,CAB_shared,0.9522346368715084
balanced_accuracy,stage-cal,B,3,1,CAB,s0,er,CAB_shared,0.5023673184357541
mcc,stage-cal,B,3,1,CAB,s0,er,CAB_shared,0.004724979728087784
map,stage-cal,B,3,1,CAB,s0,er,CAB_shared,0.15865023944559348
mrr,stage-cal,B,3,1,CAB,s0,er,CAB_shared,0.17949935536255435
recall_at_1,stage-cal,B,3,1,CAB,s0,er,CAB_shared,0.04642857142857142
recall_at_3,stage-cal,B,3,1,CAB,s0,er,CAB_shared,0.10982142857142856
recall_at_5,stage-cal,B,3,1,CAB,s0,er,CAB_shared,0.1705357142857143
recall_at_10,stage-cal,B,3,1,CAB,s0,er,CAB_shared,0.3419642857142858
ndcg_at_1,stage-cal,B,3,1,CAB,s0,er,CAB_shared,0.06428571428571428
ndcg_at_3,stage-cal,B,3,1,CAB,s0,er,CAB_shared,0.08960519635040401
ndcg_at_5,stage-cal,B,3,1,CAB,s0,er,CAB_shared,0.11733079878508268
ndcg_at_10,stage-cal,B,3,1,CAB,s0,er,CAB_shared,0.17711614258739938
average_precision,first-cal,B,3,1,CAB,s0,er,CAB_shared,0.0683995468315485
trapezoidal_pr_auc,first-cal,B,3,1,CAB,s0,er,CAB_shared,0.061696765549450694
roc_auc,first-cal,B,3,1,CAB,s0,er,CAB_shared,0.48835893854748597
recall_at_fpr_1pct,first-cal,B,3,1,CAB,s0,er,CAB_shared,0.015000000000000003
brier,first-cal,B,3,1,CAB,s0,er,CAB_shared,0.1289644309840065
log_loss,first-cal,B,3,1,CAB,s0,er,CAB_shared,0.4370581149536819
precision,first-cal,B,3,1,CAB,s0,er,CAB_shared,0.07597222222222222
recall,first-cal,B,3,1,CAB,s0,er,CAB_shared,0.017499999999999998
f1,first-cal,B,3,1,CAB,s0,er,CAB_shared,0.02772817712023109
specificity,first-cal,B,3,1,CAB,s0,er,CAB_shared,0.9833798882681565
balanced_accuracy,first-cal,B,3,1,CAB,s0,er,CAB_shared,0.5004399441340782
mcc,first-cal,B,3,1,CAB,s0,er,CAB_shared,0.006978374583983167
map,first-cal,B,3,1,CAB,s0,er,CAB_shared,0.15865023944559348
mrr,first-cal,B,3,1,CAB,s0,er,CAB_shared,0.17949935536255435
recall_at_1,first-cal,B,3,1,CAB,s0,er,CAB_shared,0.04642857142857142
recall_at_3,first-cal,B,3,1,CAB,s0,er,CAB_shared,0.10982142857142856
recall_at_5,first-cal,B,3,1,CAB,s0,er,CAB_shared,0.1705357142857143
recall_at_10,first-cal,B,3,1,CAB,s0,er,CAB_shared,0.3419642857142858
ndcg_at_1,first-cal,B,3,1,CAB,s0,er,CAB_shared,0.06428571428571428
ndcg_at_3,first-cal,B,3,1,CAB,s0,er,CAB_shared,0.08960519635040401
ndcg_at_5,first-cal,B,3,1,CAB,s0,er,CAB_shared,0.11733079878508268
ndcg_at_10,first-cal,B,3,1,CAB,s0,er,CAB_shared,0.17711614258739938
average_precision,raw,B,3,2,CAB,s0,er,CAB_er_stage2,0.0693209125459621
trapezoidal_pr_auc,raw,B,3,2,CAB,s0,er,CAB_er_stage2,0.06268996531784118
roc_auc,raw,B,3,2,CAB,s0,er,CAB_er_stage2,0.4894203910614525
recall_at_fpr_1pct,raw,B,3,2,CAB,s0,er,CAB_er_stage2,0.0175
brier,raw,B,3,2,CAB,s0,er,CAB_er_stage2,0.12943194158780985
log_loss,raw,B,3,2,CAB,s0,er,CAB_er_stage2,0.4369352051110294
precision,raw,B,3,2,CAB,s0,er,CAB_er_stage2,0.0774404761904762
recall,raw,B,3,2,CAB,s0,er,CAB_er_stage2,0.03250000000000001
f1,raw,B,3,2,CAB,s0,er,CAB_er_stage2,0.044539643119257726
specificity,raw,B,3,2,CAB,s0,er,CAB_er_stage2,0.972905027932961
balanced_accuracy,raw,B,3,2,CAB,s0,er,CAB_er_stage2,0.5027025139664805
mcc,raw,B,3,2,CAB,s0,er,CAB_er_stage2,0.012130618981786755
map,raw,B,3,2,CAB,s0,er,CAB_er_stage2,0.15605820604466897
mrr,raw,B,3,2,CAB,s0,er,CAB_er_stage2,0.17612998559047405
recall_at_1,raw,B,3,2,CAB,s0,er,CAB_er_stage2,0.04107142857142857
recall_at_3,raw,B,3,2,CAB,s0,er,CAB_er_stage2,0.11428571428571425
recall_at_5,raw,B,3,2,CAB,s0,er,CAB_er_stage2,0.16785714285714284
recall_at_10,raw,B,3,2,CAB,s0,er,CAB_er_stage2,0.3464285714285714
ndcg_at_1,raw,B,3,2,CAB,s0,er,CAB_er_stage2,0.05714285714285714
ndcg_at_3,raw,B,3,2,CAB,s0,er,CAB_er_stage2,0.09007280261315921
ndcg_at_5,raw,B,3,2,CAB,s0,er,CAB_er_stage2,0.11412178175435969
ndcg_at_10,raw,B,3,2,CAB,s0,er,CAB_er_stage2,0.17615274148534651
average_precision,stage-cal,B,3,2,CAB,s0,er,CAB_er_stage2,0.0693209125459621
trapezoidal_pr_auc,stage-cal,B,3,2,CAB,s0,er,CAB_er_stage2,0.06268996531784118
roc_auc,stage-cal,B,3,2,CAB,s0,er,CAB_er_stage2,0.4894203910614525
recall_at_fpr_1pct,stage-cal,B,3,2,CAB,s0,er,CAB_er_stage2,0.0175
brier,stage-cal,B,3,2,CAB,s0,er,CAB_er_stage2,0.16633815849675376
log_loss,stage-cal,B,3,2,CAB,s0,er,CAB_er_stage2,0.5203347258828498
precision,stage-cal,B,3,2,CAB,s0,er,CAB_er_stage2,0.05488028151186046
recall,stage-cal,B,3,2,CAB,s0,er,CAB_er_stage2,0.06250000000000001
f1,stage-cal,B,3,2,CAB,s0,er,CAB_er_stage2,0.05773019400180228
specificity,stage-cal,B,3,2,CAB,s0,er,CAB_er_stage2,0.9405027932960893
balanced_accuracy,stage-cal,B,3,2,CAB,s0,er,CAB_er_stage2,0.5015013966480446
mcc,stage-cal,B,3,2,CAB,s0,er,CAB_er_stage2,0.0025340794053764306
map,stage-cal,B,3,2,CAB,s0,er,CAB_er_stage2,0.15605820604466897
mrr,stage-cal,B,3,2,CAB,s0,er,CAB_er_stage2,0.17612998559047405
recall_at_1,stage-cal,B,3,2,CAB,s0,er,CAB_er_stage2,0.04107142857142857
recall_at_3,stage-cal,B,3,2,CAB,s0,er,CAB_er_stage2,0.11428571428571425
recall_at_5,stage-cal,B,3,2,CAB,s0,er,CAB_er_stage2,0.16785714285714284
recall_at_10,stage-cal,B,3,2,CAB,s0,er,CAB_er_stage2,0.3464285714285714
ndcg_at_1,stage-cal,B,3,2,CAB,s0,er,CAB_er_stage2,0.05714285714285714
ndcg_at_3,stage-cal,B,3,2,CAB,s0,er,CAB_er_stage2,0.09007280261315921
ndcg_at_5,stage-cal,B,3,2,CAB,s0,er,CAB_er_stage2,0.11412178175435969
ndcg_at_10,stage-cal,B,3,2,CAB,s0,er,CAB_er_stage2,0.17615274148534651
average_precision,first-cal,B,3,2,CAB,s0,er,CAB_er_stage2,0.0693209125459621
trapezoidal_pr_auc,first-cal,B,3,2,CAB,s0,er,CAB_er_stage2,0.06268996531784118
roc_auc,first-cal,B,3,2,CAB,s0,er,CAB_er_stage2,0.4894203910614525
recall_at_fpr_1pct,first-cal,B,3,2,CAB,s0,er,CAB_er_stage2,0.0175
brier,first-cal,B,3,2,CAB,s0,er,CAB_er_stage2,0.13321112674942512
log_loss,first-cal,B,3,2,CAB,s0,er,CAB_er_stage2,0.44663719895180004
precision,first-cal,B,3,2,CAB,s0,er,CAB_er_stage2,0.0555952380952381
recall,first-cal,B,3,2,CAB,s0,er,CAB_er_stage2,0.017499999999999998
f1,first-cal,B,3,2,CAB,s0,er,CAB_er_stage2,0.025902777777777775
specificity,first-cal,B,3,2,CAB,s0,er,CAB_er_stage2,0.9777932960893855
balanced_accuracy,first-cal,B,3,2,CAB,s0,er,CAB_er_stage2,0.4976466480446928
mcc,first-cal,B,3,2,CAB,s0,er,CAB_er_stage2,-0.0030830283977001756
map,first-cal,B,3,2,CAB,s0,er,CAB_er_stage2,0.15605820604466897
mrr,first-cal,B,3,2,CAB,s0,er,CAB_er_stage2,0.17612998559047405
recall_at_1,first-cal,B,3,2,CAB,s0,er,CAB_er_stage2,0.04107142857142857
recall_at_3,first-cal,B,3,2,CAB,s0,er,CAB_er_stage2,0.11428571428571425
recall_at_5,first-cal,B,3,2,CAB,s0,er,CAB_er_stage2,0.16785714285714284
recall_at_10,first-cal,B,3,2,CAB,s0,er,CAB_er_stage2,0.3464285714285714
ndcg_at_1,first-cal,B,3,2,CAB,s0,er,CAB_er_stage2,0.05714285714285714
ndcg_at_3,first-cal,B,3,2,CAB,s0,er,CAB_er_stage2,0.09007280261315921
ndcg_at_5,first-cal,B,3,2,CAB,s0,er,CAB_er_stage2,0.11412178175435969
ndcg_at_10,first-cal,B,3,2,CAB,s0,er,CAB_er_stage2,0.17615274148534651
average_precision,raw,B,3,3,CAB,s0,er,CAB_er_stage3,0.06945694621660371
trapezoidal_pr_auc,raw,B,3,3,CAB,s0,er,CAB_er_stage3,0.06295476889714943
roc_auc,raw,B,3,3,CAB,s0,er,CAB_er_stage3,0.49046787709497214
recall_at_fpr_1pct,raw,B,3,3,CAB,s0,er,CAB_er_stage3,0.0125
brier,raw,B,3,3,CAB,s0,er,CAB_er_stage3,0.1309413957807136
log_loss,raw,B,3,3,CAB,s0,er,CAB_er_stage3,0.4403855157284314
precision,raw,B,3,3,CAB,s0,er,CAB_er_stage3,0.07979765117923013
recall,raw,B,3,3,CAB,s0,er,CAB_er_stage3,0.037500000000000006
f1,raw,B,3,3,CAB,s0,er,CAB_er_stage3,0.04917073586394073
specificity,raw,B,3,3,CAB,s0,er,CAB_er_stage3,0.9716480446927378
balanced_accuracy,raw,B,3,3,CAB,s0,er,CAB_er_stage3,0.5045740223463688
mcc,raw,B,3,3,CAB,s0,er,CAB_er_stage3,0.015545194806303087
map,raw,B,3,3,CAB,s0,er,CAB_er_stage3,0.15876247699417728
mrr,raw,B,3,3,CAB,s0,er,CAB_er_stage3,0.17966313228954686
recall_at_1,raw,B,3,3,CAB,s0,er,CAB_er_stage3,0.04553571428571428
recall_at_3,raw,B,3,3,CAB,s0,er,CAB_er_stage3,0.11428571428571425
recall_at_5,raw,B,3,3,CAB,s0,er,CAB_er_stage3,0.17589285714285713
recall_at_10,raw,B,3,3,CAB,s0,er,CAB_er_stage3,0.35267857142857145
ndcg_at_1,raw,B,3,3,CAB,s0,er,CAB_er_stage3,0.0642857142857143
ndcg_at_3,raw,B,3,3,CAB,s0,er,CAB_er_stage3,0.09159874368352353
ndcg_at_5,raw,B,3,3,CAB,s0,er,CAB_er_stage3,0.11942992968300155
ndcg_at_10,raw,B,3,3,CAB,s0,er,CAB_er_stage3,0.18049951552669552
average_precision,stage-cal,B,3,3,CAB,s0,er,CAB_er_stage3,0.06945694621660371
trapezoidal_pr_auc,stage-cal,B,3,3,CAB,s0,er,CAB_er_stage3,0.06295476889714943
roc_auc,stage-cal,B,3,3,CAB,s0,er,CAB_er_stage3,0.49046787709497214
recall_at_fpr_1pct,stage-cal,B,3,3,CAB,s0,er,CAB_er_stage3,0.0125
brier,stage-cal,B,3,3,CAB,s0,er,CAB_er_stage3,0.16785560444432368
log_loss,stage-cal,B,3,3,CAB,s0,er,CAB_er_stage3,0.5235675100052042
precision,stage-cal,B,3,3,CAB,s0,er,CAB_er_stage3,0.06168837148601214
recall,stage-cal,B,3,3,CAB,s0,er,CAB_er_stage3,0.07249999999999998
f1,stage-cal,B,3,3,CAB,s0,er,CAB_er_stage3,0.06597804135510785
specificity,stage-cal,B,3,3,CAB,s0,er,CAB_er_stage3,0.9384078212290502
balanced_accuracy,stage-cal,B,3,3,CAB,s0,er,CAB_er_stage3,0.505453910614525
mcc,stage-cal,B,3,3,CAB,s0,er,CAB_er_stage3,0.010044374338162024
map,stage-cal,B,3,3,CAB,s0,er,CAB_er_stage3,0.15876247699417728
mrr,stage-cal,B,3,3,CAB,s0,er,CAB_er_stage3,0.17966313228954686
recall_at_1,stage-cal,B,3,3,CAB,s0,er,CAB_er_stage3,0.04553571428571428
recall_at_3,stage-cal,B,3,3,CAB,s0,er,CAB_er_stage3,0.11428571428571425
recall_at_5,stage-cal,B,3,3,CAB,s0,er,CAB_er_stage3,0.17589285714285713
recall_at_10,stage-cal,B,3,3,CAB,s0,er,CAB_er_stage3,0.35267857142857145
ndcg_at_1,stage-cal,B,3,3,CAB,s0,er,CAB_er_stage3,0.0642857142857143
ndcg_at_3,stage-cal,B,3,3,CAB,s0,er,CAB_er_stage3,0.09159874368352353
ndcg_at_5,stage-cal,B,3,3,CAB,s0,er,CAB_er_stage3,0.11942992968300155
ndcg_at_10,stage-cal,B,3,3,CAB,s0,er,CAB_er_stage3,0.18049951552669552
average_precision,first-cal,B,3,3,CAB,s0,er,CAB_er_stage3,0.06945694621660371
trapezoidal_pr_auc,first-cal,B,3,3,CAB,s0,er,CAB_er_stage3,0.06295476889714943
roc_auc,first-cal,B,3,3,CAB,s0,er,CAB_er_stage3,0.49046787709497214
recall_at_fpr_1pct,first-cal,B,3,3,CAB,s0,er,CAB_er_stage3,0.0125
brier,first-cal,B,3,3,CAB,s0,er,CAB_er_stage3,0.13463279174539214
log_loss,first-cal,B,3,3,CAB,s0,er,CAB_er_stage3,0.4498507102194026
precision,first-cal,B,3,3,CAB,s0,er,CAB_er_stage3,0.07690656565656566
recall,first-cal,B,3,3,CAB,s0,er,CAB_er_stage3,0.03
f1,first-cal,B,3,3,CAB,s0,er,CAB_er_stage3,0.04128688809028075
specificity,first-cal,B,3,3,CAB,s0,er,CAB_er_stage3,0.9769553072625697
balanced_accuracy,first-cal,B,3,3,CAB,s0,er,CAB_er_stage3,0.5034776536312848
mcc,first-cal,B,3,3,CAB,s0,er,CAB_er_stage3,0.0125108419397746
map,first-cal,B,3,3,CAB,s0,er,CAB_er_stage3,0.15876247699417728
mrr,first-cal,B,3,3,CAB,s0,er,CAB_er_stage3,0.17966313228954686
recall_at_1,first-cal,B,3,3,CAB,s0,er,CAB_er_stage3,0.04553571428571428
recall_at_3,first-cal,B,3,3,CAB,s0,er,CAB_er_stage3,0.11428571428571425
recall_at_5,first-cal,B,3,3,CAB,s0,er,CAB_er_stage3,0.17589285714285713
recall_at_10,first-cal,B,3,3,CAB,s0,er,CAB_er_stage3,0.35267857142857145
ndcg_at_1,first-cal,B,3,3,CAB,s0,er,CAB_er_stage3,0.0642857142857143
ndcg_at_3,first-cal,B,3,3,CAB,s0,er,CAB_er_stage3,0.09159874368352353
ndcg_at_5,first-cal,B,3,3,CAB,s0,er,CAB_er_stage3,0.11942992968300155
ndcg_at_10,first-cal,B,3,3,CAB,s0,er,CAB_er_stage3,0.18049951552669552
average_precision,raw,B,3,1,CAB,s0,logit,CAB_shared,0.0683995468315485
trapezoidal_pr_auc,raw,B,3,1,CAB,s0,logit,CAB_shared,0.061696765549450694
roc_auc,raw,B,3,1,CAB,s0,logit,CAB_shared,0.48835893854748597
recall_at_fpr_1pct,raw,B,3,1,CAB,s0,logit,CAB_shared,0.015000000000000003
brier,raw,B,3,1,CAB,s0,logit,CAB_shared,0.12492493914505146
log_loss,raw,B,3,1,CAB,s0,logit,CAB_shared,0.4266568088550026
precision,raw,B,3,1,CAB,s0,logit,CAB_shared,0.07307720057720059
recall,raw,B,3,1,CAB,s0,logit,CAB_shared,0.0225
f1,raw,B,3,1,CAB,s0,logit,CAB_shared,0.03339060653020608
specificity,raw,B,3,1,CAB,s0,logit,CAB_shared,0.9790502793296089
balanced_accuracy,raw,B,3,1,CAB,s0,logit,CAB_shared,0.5007751396648045
mcc,raw,B,3,1,CAB,s0,logit,CAB_shared,0.0073118679925636716
map,raw,B,3,1,CAB,s0,logit,CAB_shared,0.15865023944559348
mrr,raw,B,3,1,CAB,s0,logit,CAB_shared,0.17949935536255435
recall_at_1,raw,B,3,1,CAB,s0,logit,CAB_shared,0.04642857142857142
recall_at_3,raw,B,3,1,CAB,s0,logit,CAB_shared,0.10982142857142856
recall_at_5,raw,B,3,1,CAB,s0,logit,CAB_shared,0.1705357142857143
recall_at_10,raw,B,3,1,CAB,s0,logit,CAB_shared,0.3419642857142858
ndcg_at_1,raw,B,3,1,CAB,s0,logit,CAB_shared,0.06428571428571428
ndcg_at_3,raw,B,3,1,CAB,s0,logit,CAB_shared,0.08960519635040401
ndcg_at_5,raw,B,3,1,CAB,s0,logit,CAB_shared,0.11733079878508268
ndcg_at_10,raw,B,3,1,CAB,s0,logit,CAB_shared,0.17711614258739938
average_precision,stage-cal,B,3,1,CAB,s0,logit,CAB_shared,0.0683995468315485
trapezoidal_pr_auc,stage-cal,B,3,1,CAB,s0,logit,CAB_shared,0.061696765549450694
roc_auc,stage-cal,B,3,1,CAB,s0,logit,CAB_shared,0.48835893854748597
recall_at_fpr_1pct,stage-cal,B,3,1,CAB,s0,logit,CAB_shared,0.015000000000000003
brier,stage-cal,B,3,1,CAB,s0,logit,CAB_shared,0.1618051839382152
log_loss,stage-cal,B,3,1,CAB,s0,logit,CAB_shared,0.5106977600890816
precision,stage-cal,B,3,1,CAB,s0,logit,CAB_shared,0.05718484623317037
recall,stage-cal,B,3,1,CAB,s0,logit,CAB_shared,0.052500000000000005
f1,stage-cal,B,3,1,CAB,s0,logit,CAB_shared,0.054188844630092825
specificity,stage-cal,B,3,1,CAB,s0,logit,CAB_shared,0.9522346368715084
balanced_accuracy,stage-cal,B,3,1,CAB,s0,logit,CAB_shared,0.5023673184357541
mcc,stage-cal,B,3,1,CAB,s0,logit,CAB_shared,0.004724979728087784
map,stage-cal,B,3,1,CAB,s0,logit,CAB_shared,0.15865023944559348
mrr,stage-cal,B,3,1,CAB,s0,logit,CAB_shared,0.17949935536255435
recall_at_1,stage-cal,B,3,1,CAB,s0,logit,CAB_shared,0.04642857142857142
recall_at_3,stage-cal,B,3,1,CAB,s0,logit,CAB_shared,0.10982142857142856
recall_at_5,stage-cal,B,3,1,CAB,s0,logit,CAB_shared,0.1705357142857143
recall_at_10,stage-cal,B,3,1,CAB,s0,logit,CAB_shared,0.3419642857142858
ndcg_at_1,stage-cal,B,3,1,CAB,s0,logit,CAB_shared,0.06428571428571428
ndcg_at_3,stage-cal,B,3,1,CAB,s0,logit,CAB_shared,0.08960519635040401
ndcg_at_5,stage-cal,B,3,1,CAB,s0,logit,CAB_shared,0.11733079878508268
ndcg_at_10,stage-cal,B,3,1,CAB,s0,logit,CAB_shared,0.17711614258739938
average_precision,first-cal,B,3,1,CAB,s0,logit,CAB_shared,0.0683995468315485
trapezoidal_pr_auc,first-cal,B,3,1,CAB,s0,logit,CAB_shared,0.061696765549450694
roc_auc,first-cal,B,3,1,CAB,s0,logit,CAB_shared,0.48835893854748597
recall_at_fpr_1pct,first-cal,B,3,1,CAB,s0,logit,CAB_shared,0.015000000000000003
brier,first-cal,B,3,1,CAB,s0,logit,CAB_shared,0.1289644309840065
log_loss,first-cal,B,3,1,CAB,s0,logit,CAB_shared,0.4370581149536819
precision,first-cal,B,3,1,CAB,s0,logit,CAB_shared,0.07597222222222222
recall,first-cal,B,3,1,CAB,s0,logit,CAB_shared,0.017499999999999998
f1,first-cal,B,3,1,CAB,s0,logit,CAB_shared,0.02772817712023109
specificity,first-cal,B,3,1,CAB,s0,logit,CAB_shared,0.9833798882681565
balanced_accuracy,first-cal,B,3,1,CAB,s0,logit,CAB_shared,0.5004399441340782
mcc,first-cal,B,3,1,CAB,s0,logit,CAB_shared,0.006978374583983167
map,first-cal,B,3,1,CAB,s0,logit,CAB_shared,0.15865023944559348
mrr,first-cal,B,3,1,CAB,s0,logit,CAB_shared,0.17949935536255435
recall_at_1,first-cal,B,3,1,CAB,s0,logit,CAB_shared,0.04642857142857142
recall_at_3,first-cal,B,3,1,CAB,s0,logit,CAB_shared,0.10982142857142856
recall_at_5,first-cal,B,3,1,CAB,s0,logit,CAB_shared,0.1705357142857143
recall_at_10,first-cal,B,3,1,CAB,s0,logit,CAB_shared,0.3419642857142858
ndcg_at_1,first-cal,B,3,1,CAB,s0,logit,CAB_shared,0.06428571428571428
ndcg_at_3,first-cal,B,3,1,CAB,s0,logit,CAB_shared,0.08960519635040401
ndcg_at_5,first-cal,B,3,1,CAB,s0,logit,CAB_shared,0.11733079878508268
ndcg_at_10,first-cal,B,3,1,CAB,s0,logit,CAB_shared,0.17711614258739938
average_precision,raw,B,3,2,CAB,s0,logit,CAB_logit_stage2,0.06916582287869251
trapezoidal_pr_auc,raw,B,3,2,CAB,s0,logit,CAB_logit_stage2,0.06216977294859329
roc_auc,raw,B,3,2,CAB,s0,logit,CAB_logit_stage2,0.48923882681564246
recall_at_fpr_1pct,raw,B,3,2,CAB,s0,logit,CAB_logit_stage2,0.017499999999999998
brier,raw,B,3,2,CAB,s0,logit,CAB_logit_stage2,0.1325293423525418
log_loss,raw,B,3,2,CAB,s0,logit,CAB_logit_stage2,0.44399039836305915
precision,raw,B,3,2,CAB,s0,logit,CAB_logit_stage2,0.07591953583052655
recall,raw,B,3,2,CAB,s0,logit,CAB_logit_stage2,0.04
f1,raw,B,3,2,CAB,s0,logit,CAB_logit_stage2,0.050684706289288874
specificity,raw,B,3,2,CAB,s0,logit,CAB_logit_stage2,0.9684357541899441
balanced_accuracy,raw,B,3,2,CAB,s0,logit,CAB_logit_stage2,0.5042178770949721
mcc,raw,B,3,2,CAB,s0,logit,CAB_logit_stage2,0.014063724577728708
map,raw,B,3,2,CAB,s0,logit,CAB_logit_stage2,0.1602194966342038
mrr,raw,B,3,2,CAB,s0,logit,CAB_logit_stage2,0.18131990631929998
recall_at_1,raw,B,3,2,CAB,s0,logit,CAB_logit_stage2,0.04732142857142857
recall_at_3,raw,B,3,2,CAB,s0,logit,CAB_logit_stage2,0.11339285714285711
recall_at_5,raw,B,3,2,CAB,s0,logit,CAB_logit_stage2,0.16249999999999998
recall_at_10,raw,B,3,2,CAB,s0,logit,CAB_logit_stage2,0.3526785714285714
ndcg_at_1,raw,B,3,2,CAB,s0,logit,CAB_logit_stage2,0.06607142857142857
ndcg_at_3,raw,B,3,2,CAB,s0,logit,CAB_logit_stage2,0.0925551099721164
ndcg_at_5,raw,B,3,2,CAB,s0,logit,CAB_logit_stage2,0.11494304051607611
ndcg_at_10,raw,B,3,2,CAB,s0,logit,CAB_logit_stage2,0.1813550057670316
average_precision,stage-cal,B,3,2,CAB,s0,logit,CAB_logit_stage2,0.06916582287869251
trapezoidal_pr_auc,stage-cal,B,3,2,CAB,s0,logit,CAB_logit_stage2,0.06216977294859329
roc_auc,stage-cal,B,3,2,CAB,s0,logit,CAB_logit_stage2,0.48923882681564246
recall_at_fpr_1pct,stage-cal,B,3,2,CAB,s0,logit,CAB_logit_stage2,0.017499999999999998
brier,stage-cal,B,3,2,CAB,s0,logit,CAB_logit_stage2,0.16943437284078317
log_loss,stage-cal,B,3,2,CAB,s0,logit,CAB_logit_stage2,0.5269126769166127
precision,stage-cal,B,3,2,CAB,s0,logit,CAB_logit_stage2,0.05925890600092469
recall,stage-cal,B,3,2,CAB,s0,logit,CAB_logit_stage2,0.075
f1,stage-cal,B,3,2,CAB,s0,logit,CAB_logit_stage2,0.06558882860710796
specificity,stage-cal,B,3,2,CAB,s0,logit,CAB_logit_stage2,0.9336592178770949
balanced_accuracy,stage-cal,B,3,2,CAB,s0,logit,CAB_logit_stage2,0.5043296089385474
mcc,stage-cal,B,3,2,CAB,s0,logit,CAB_logit_stage2,0.007713561329419324
map,stage-cal,B,3,2,CAB,s0,logit,CAB_logit_stage2,0.1602194966342038
mrr,stage-cal,B,3,2,CAB,s0,logit,CAB_logit_stage2,0.18131990631929998
recall_at_1,stage-cal,B,3,2,CAB,s0,logit,CAB_logit_stage2,0.04732142857142857
recall_at_3,stage-cal,B,3,2,CAB,s0,logit,CAB_logit_stage2,0.11339285714285711
recall_at_5,stage-cal,B,3,2,CAB,s0,logit,CAB_logit_stage2,0.16249999999999998
recall_at_10,stage-cal,B,3,2,CAB,s0,logit,CAB_logit_stage2,0.3526785714285714
ndcg_at_1,stage-cal,B,3,2,CAB,s0,logit,CAB_logit_stage2,0.06607142857142857
ndcg_at_3,stage-cal,B,3,2,CAB,s0,logit,CAB_logit_stage2,0.0925551099721164
ndcg_at_5,stage-cal,B,3,2,CAB,s0,logit,CAB_logit_stage2,0.11494304051607611
ndcg_at_10,stage-cal,B,3,2,CAB,s0,logit,CAB_logit_stage2,0.1813550057670316
average_precision,first-cal,B,3,2,CAB,s0,logit,CAB_logit_stage2,0.06916582287869251
trapezoidal_pr_auc,first-cal,B,3,2,CAB,s0,logit,CAB_logit_stage2,0.06216977294859329
roc_auc,first-cal,B,3,2,CAB,s0,logit,CAB_logit_stage2,0.48923882681564246
recall_at_fpr_1pct,first-cal,B,3,2,CAB,s0,logit,CAB_logit_stage2,0.017499999999999998
brier,first-cal,B,3,2,CAB,s0,logit,CAB_logit_stage2,0.136124463360289
log_loss,first-cal,B,3,2,CAB,s0,logit,CAB_logit_stage2,0.4532002403613961
precision,first-cal,B,3,2,CAB,s0,logit,CAB_logit_stage2,0.07367710720651896
recall,first-cal,B,3,2,CAB,s0,logit,CAB_logit_stage2,0.027500000000000004
f1,first-cal,B,3,2,CAB,s0,logit,CAB_logit_stage2,0.03796856278260453
specificity,first-cal,B,3,2,CAB,s0,logit,CAB_logit_stage2,0.9745810055865922
balanced_accuracy,first-cal,B,3,2,CAB,s0,logit,CAB_logit_stage2,0.5010405027932963
mcc,first-cal,B,3,2,CAB,s0,logit,CAB_logit_stage2,0.007738341009264474
map,first-cal,B,3,2,CAB,s0,logit,CAB_logit_stage2,0.1602194966342038
mrr,first-cal,B,3,2,CAB,s0,logit,CAB_logit_stage2,0.18131990631929998
recall_at_1,first-cal,B,3,2,CAB,s0,logit,CAB_logit_stage2,0.04732142857142857
recall_at_3,first-cal,B,3,2,CAB,s0,logit,CAB_logit_stage2,0.11339285714285711
recall_at_5,first-cal,B,3,2,CAB,s0,logit,CAB_logit_stage2,0.16249999999999998
recall_at_10,first-cal,B,3,2,CAB,s0,logit,CAB_logit_stage2,0.3526785714285714
ndcg_at_1,first-cal,B,3,2,CAB,s0,logit,CAB_logit_stage2,0.06607142857142857
ndcg_at_3,first-cal,B,3,2,CAB,s0,logit,CAB_logit_stage2,0.0925551099721164
ndcg_at_5,first-cal,B,3,2,CAB,s0,logit,CAB_logit_stage2,0.11494304051607611
ndcg_at_10,first-cal,B,3,2,CAB,s0,logit,CAB_logit_stage2,0.1813550057670316
average_precision,raw,B,3,3,CAB,s0,logit,CAB_logit_stage3,0.06965102933275588
trapezoidal_pr_auc,raw,B,3,3,CAB,s0,logit,CAB_logit_stage3,0.0629783917015252
roc_auc,raw,B,3,3,CAB,s0,logit,CAB_logit_stage3,0.4880097765363128
recall_at_fpr_1pct,raw,B,3,3,CAB,s0,logit,CAB_logit_stage3,0.019999999999999997
brier,raw,B,3,3,CAB,s0,logit,CAB_logit_stage3,0.1343215097270496
log_loss,raw,B,3,3,CAB,s0,logit,CAB_logit_stage3,0.4480158659116363
precision,raw,B,3,3,CAB,s0,logit,CAB_logit_stage3,0.07031010656010656
recall,raw,B,3,3,CAB,s0,logit,CAB_logit_stage3,0.04000000000000001
f1,raw,B,3,3,CAB,s0,logit,CAB_logit_stage3,0.049187423017812044
specificity,raw,B,3,3,CAB,s0,logit,CAB_logit_stage3,0.966759776536313
balanced_accuracy,raw,B,3,3,CAB,s0,logit,CAB_logit_stage3,0.5033798882681564
mcc,raw,B,3,3,CAB,s0,logit,CAB_logit_stage3,0.010793059136552931
map,raw,B,3,3,CAB,s0,logit,CAB_logit_stage3,0.15668999483969354
mrr,raw,B,3,3,CAB,s0,logit,CAB_logit_stage3,0.178202443057696
recall_at_1,raw,B,3,3,CAB,s0,logit,CAB_logit_stage3,0.04285714285714286
recall_at_3,raw,B,3,3,CAB,s0,logit,CAB_logit_stage3,0.1107142857142857
recall_at_5,raw,B,3,3,CAB,s0,logit,CAB_logit_stage3,0.17232142857142857
recall_at_10,raw,B,3,3,CAB,s0,logit,CAB_logit_stage3,0.35625000000000007
ndcg_at_1,raw,B,3,3,CAB,s0,logit,CAB_logit_stage3,0.06071428571428572
ndcg_at_3,raw,B,3,3,CAB,s0,logit,CAB_logit_stage3,0.08877103203239267
ndcg_at_5,raw,B,3,3,CAB,s0,logit,CAB_logit_stage3,0.11651139656203735
ndcg_at_10,raw,B,3,3,CAB,s0,logit,CAB_logit_stage3,0.17992858027266648
average_precision,stage-cal,B,3,3,CAB,s0,logit,CAB_logit_stage3,0.06965102933275588
trapezoidal_pr_auc,stage-cal,B,3,3,CAB,s0,logit,CAB_logit_stage3,0.0629783917015252
roc_auc,stage-cal,B,3,3,CAB,s0,logit,CAB_logit_stage3,0.4880097765363128
recall_at_fpr_1pct,stage-cal,B,3,3,CAB,s0,logit,CAB_logit_stage3,0.019999999999999997
brier,stage-cal,B,3,3,CAB,s0,logit,CAB_logit_stage3,0.17117125473198086
log_loss,stage-cal,B,3,3,CAB,s0,logit,CAB_logit_stage3,0.5305801047628452
precision,stage-cal,B,3,3,CAB,s0,logit,CAB_logit_stage3,0.05131514986619603
recall,stage-cal,B,3,3,CAB,s0,logit,CAB_logit_stage3,0.06999999999999998
f1,stage-cal,B,3,3,CAB,s0,logit,CAB_logit_stage3,0.05848428262573287
specificity,stage-cal,B,3,3,CAB,s0,logit,CAB_logit_stage3,0.9268156424581004
balanced_accuracy,stage-cal,B,3,3,CAB,s0,logit,CAB_logit_stage3,0.49840782122905025
mcc,stage-cal,B,3,3,CAB,s0,logit,CAB_logit_stage3,-0.0023822006914888645
map,stage-cal,B,3,3,CAB,s0,logit,CAB_logit_stage3,0.15668999483969354
mrr,stage-cal,B,3,3,CAB,s0,logit,CAB_logit_stage3,0.178202443057696
recall_at_1,stage-cal,B,3,3,CAB,s0,logit,CAB_logit_stage3,0.04285714285714286
recall_at_3,stage-cal,B,3,3,CAB,s0,logit,CAB_logit_stage3,0.1107142857142857
recall_at_5,stage-cal,B,3,3,CAB,s0,logit,CAB_logit_stage3,0.17232142857142857
recall_at_10,stage-cal,B,3,3,CAB,s0,logit,CAB_logit_stage3,0.35625000000000007
ndcg_at_1,stage-cal,B,3,3,CAB,s0,logit,CAB_logit_stage3,0.06071428571428572
ndcg_at_3,stage-cal,B,3,3,CAB,s0,logit,CAB_logit_stage3,0.08877103203239267
ndcg_at_5,stage-cal,B,3,3,CAB,s0,logit,CAB_logit_stage3,0.11651139656203735
ndcg_at_10,stage-cal,B,3,3,CAB,s0,logit,CAB_logit_stage3,0.17992858027266648
average_precision,first-cal,B,3,3,CAB,s0,logit,CAB_logit_stage3,0.06965102933275588
trapezoidal_pr_auc,first-cal,B,3,3,CAB,s0,logit,CAB_logit_stage3,0.0629783917015252
roc_auc,first-cal,B,3,3,CAB,s0,logit,CAB_logit_stage3,0.4880097765363128
recall_at_fpr_1pct,first-cal,B,3,3,CAB,s0,logit,CAB_logit_stage3,0.019999999999999997
brier,first-cal,B,3,3,CAB,s0,logit,CAB_logit_stage3,0.13779671190527046
log_loss,first-cal,B,3,3,CAB,s0,logit,CAB_logit_stage3,0.45692041449835424
precision,first-cal,B,3,3,CAB,s0,logit,CAB_logit_stage3,0.07203083466241361
recall,first-cal,B,3,3,CAB,s0,logit,CAB_logit_stage3,0.035
f1,first-cal,B,3,3,CAB,s0,logit,CAB_logit_stage3,0.045649862280841155
specificity,first-cal,B,3,3,CAB,s0,logit,CAB_logit_stage3,0.9710893854748603
balanced_accuracy,first-cal,B,3,3,CAB,s0,logit,CAB_logit_stage3,0.5030446927374304
mcc,first-cal,B,3,3,CAB,s0,logit,CAB_logit_stage3,0.010837584965000655
map,first-cal,B,3,3,CAB,s0,logit,CAB_logit_stage3,0.15668999483969354
mrr,first-cal,B,3,3,CAB,s0,logit,CAB_logit_stage3,0.178202443057696
recall_at_1,first-cal,B,3,3,CAB,s0,logit,CAB_logit_stage3,0.04285714285714286
recall_at_3,first-cal,B,3,3,CAB,s0,logit,CAB_logit_stage3,0.1107142857142857
recall_at_5,first-cal,B,3,3,CAB,s0,logit,CAB_logit_stage3,0.17232142857142857
recall_at_10,first-cal,B,3,3,CAB,s0,logit,CAB_logit_stage3,0.35625000000000007
ndcg_at_1,first-cal,B,3,3,CAB,s0,logit,CAB_logit_stage3,0.06071428571428572
ndcg_at_3,first-cal,B,3,3,CAB,s0,logit,CAB_logit_stage3,0.08877103203239267
ndcg_at_5,first-cal,B,3,3,CAB,s0,logit,CAB_logit_stage3,0.11651139656203735
ndcg_at_10,first-cal,B,3,3,CAB,s0,logit,CAB_logit_stage3,0.17992858027266648
