pair_uid,pool,boundary,component_id,review_label,evidence_type,silver_train_only,evidence_state,shared_identifier_types,shared_token_hashes,clean_source_only_score,raw_logit_correction,applied_logit_correction,expert_action,operational_fused_score
market_item.xlsx|中文暗网交易市场|seller_raw:11457||market_item.xlsx|中文暗网交易市场|seller_raw:517245,zh_target_strict,d0_current_canonical_train,zh_target_strict_cc_2e5c7caaf65dd8e0,negative,ordinary_negative,,no_shared_identifier,,,0.018687829848,0.044694242402,0.000000000000,no_score_change,0.018687829848
market_item.xlsx|中文暗网交易市场|seller_raw:11457||market_item.xlsx|中文暗网交易市场|seller_raw:566597,zh_target_strict,d0_current_canonical_train,zh_target_strict_cc_2e5c7caaf65dd8e0,negative,ordinary_negative,,no_shared_identifier,,,0.006603029397,0.044694242402,0.000000000000,no_score_change,0.006603029397
market_item.xlsx|中文暗网交易市场|seller_raw:11929||market_item.xlsx|茶马古道|seller_raw:/shop/465096,zh_target_strict,d0_current_canonical_train,zh_target_strict_cc_98fd200e7860ef19,negative,semantic_topic_not_controller,,no_shared_identifier,,,0.091172476587,0.044694242402,0.000000000000,no_score_change,0.091172476587
market_item.xlsx|中文暗网交易市场|seller_raw:121394||market_item.xlsx|中文暗网交易市场|seller_raw:149940,zh_target_strict,d0_current_canonical_train,zh_target_strict_cc_8d579273f8d400c6,positive,same_controller_direct_identifier,1,risky_only_shared,external_url,97a4f2dcaa259476,0.422919389803,2.077550308177,0.000000000000,nonpositive_downgrade,0.422919389803
market_item.xlsx|中文暗网交易市场|seller_raw:121394||market_item.xlsx|中文暗网交易市场|seller_raw:157835,zh_target_strict,d0_current_canonical_train,zh_target_strict_cc_8d579273f8d400c6,positive,same_controller_direct_identifier,1,risky_only_shared,external_url,e80bc4b091dc7ddb;97a4f2dcaa259476,0.330820670317,2.597472712192,0.000000000000,nonpositive_downgrade,0.330820670317
market_item.xlsx|中文暗网交易市场|seller_raw:121394||market_item.xlsx|中文暗网交易市场|seller_raw:312538,zh_target_strict,d0_current_canonical_train,zh_target_strict_cc_8d579273f8d400c6,positive,same_controller_direct_identifier,1,risky_only_shared,external_url,97a4f2dcaa259476,0.432203852802,2.077550308177,0.000000000000,nonpositive_downgrade,0.432203852802
market_item.xlsx|中文暗网交易市场|seller_raw:121394||market_item.xlsx|中文暗网交易市场|seller_raw:435064,zh_target_strict,d0_current_canonical_train,zh_target_strict_cc_8d579273f8d400c6,positive,same_controller_direct_identifier,1,risky_only_shared,external_url,e80bc4b091dc7ddb;2e7ec9461338a59d,0.410339123696,2.603459895297,0.000000000000,nonpositive_downgrade,0.410339123696
market_item.xlsx|中文暗网交易市场|seller_raw:121394||market_item.xlsx|中文暗网交易市场|seller_raw:436422,zh_target_strict,d0_current_canonical_train,zh_target_strict_cc_8d579273f8d400c6,positive,same_controller_direct_identifier,1,risky_only_shared,external_url,97a4f2dcaa259476,0.307435304469,2.077550308177,0.000000000000,nonpositive_downgrade,0.307435304469
market_item.xlsx|中文暗网交易市场|seller_raw:121394||market_item.xlsx|中文暗网交易市场|seller_raw:95895,zh_target_strict,d0_current_canonical_train,zh_target_strict_cc_8d579273f8d400c6,positive,same_controller_direct_identifier,1,risky_only_shared,external_url,e80bc4b091dc7ddb,0.404773866588,2.077550308177,0.000000000000,nonpositive_downgrade,0.404773866588
market_item.xlsx|中文暗网交易市场|seller_raw:137444||market_item.xlsx|中文暗网交易市场|seller_raw:473991,zh_target_strict,d0_current_canonical_train,zh_target_strict_cc_2e5c7caaf65dd8e0,negative,ordinary_negative,,no_shared_identifier,,,0.030607330354,0.044694242402,0.000000000000,no_score_change,0.030607330354
market_item.xlsx|中文暗网交易市场|seller_raw:14194||market_item.xlsx|中文暗网交易市场|seller_raw:30324,zh_target_strict,d0_current_canonical_train,zh_target_strict_cc_68fc70315046ed69,negative,ordinary_negative,,no_shared_identifier,,,0.215326714512,0.044694242402,0.000000000000,no_score_change,0.215326714512
market_item.xlsx|中文暗网交易市场|seller_raw:14549||market_item.xlsx|茶马古道|seller_raw:/shop/397434,zh_target_strict,d0_current_canonical_train,zh_target_strict_cc_00ecb5f244c3da8c,negative,semantic_topic_not_controller,,no_shared_identifier,,,0.215945754029,0.044694242402,0.000000000000,no_score_change,0.215945754029
market_item.xlsx|中文暗网交易市场|seller_raw:149940||market_item.xlsx|中文暗网交易市场|seller_raw:157835,zh_target_strict,d0_current_canonical_train,zh_target_strict_cc_8d579273f8d400c6,positive,same_controller_direct_identifier,1,risky_only_shared,external_url,97a4f2dcaa259476,0.381625744288,2.077550308177,0.000000000000,nonpositive_downgrade,0.381625744288
market_item.xlsx|中文暗网交易市场|seller_raw:149940||market_item.xlsx|中文暗网交易市场|seller_raw:312538,zh_target_strict,d0_current_canonical_train,zh_target_strict_cc_8d579273f8d400c6,positive,same_controller_direct_identifier,1,risky_only_shared,external_url,97a4f2dcaa259476,0.411329072121,2.077550308177,0.000000000000,nonpositive_downgrade,0.411329072121
market_item.xlsx|中文暗网交易市场|seller_raw:149940||market_item.xlsx|中文暗网交易市场|seller_raw:436422,zh_target_strict,d0_current_canonical_train,zh_target_strict_cc_8d579273f8d400c6,positive,same_controller_direct_identifier,1,risky_only_shared,external_url,97a4f2dcaa259476,0.273619475972,2.077550308177,0.000000000000,nonpositive_downgrade,0.273619475972
market_item.xlsx|中文暗网交易市场|seller_raw:149940||market_item.xlsx|中文暗网交易市场|seller_raw:596096,zh_target_strict,d0_current_canonical_train,zh_target_strict_cc_8d579273f8d400c6,positive,same_controller_component_anchor,1,no_shared_identifier,,,0.342695362186,0.044694242402,0.000000000000,no_score_change,0.342695362186
market_item.xlsx|中文暗网交易市场|seller_raw:149940||market_item.xlsx|中文暗网交易市场|seller_raw:605607,zh_target_strict,d0_current_canonical_train,zh_target_strict_cc_8d579273f8d400c6,positive,same_controller_component_anchor,1,no_shared_identifier,,,0.328859378307,0.044694242402,0.000000000000,no_score_change,0.328859378307
market_item.xlsx|中文暗网交易市场|seller_raw:149940||market_item.xlsx|中文暗网交易市场|seller_raw:605912,zh_target_strict,d0_current_canonical_train,zh_target_strict_cc_8d579273f8d400c6,positive,same_controller_component_anchor,1,no_shared_identifier,,,0.381044677018,0.044694242402,0.000000000000,no_score_change,0.381044677018
market_item.xlsx|中文暗网交易市场|seller_raw:149940||market_item.xlsx|茶马古道|seller_raw:/shop/446569,zh_target_strict,d0_current_canonical_train,zh_target_strict_cc_8d579273f8d400c6,positive,same_controller_component_anchor,1,no_shared_identifier,,,0.350806035885,0.044694242402,0.000000000000,no_score_change,0.350806035885
market_item.xlsx|中文暗网交易市场|seller_raw:157835||market_item.xlsx|中文暗网交易市场|seller_raw:312538,zh_target_strict,d0_current_canonical_train,zh_target_strict_cc_8d579273f8d400c6,positive,same_controller_direct_identifier,1,risky_only_shared,external_url,97a4f2dcaa259476,0.287663075184,2.077550308177,0.000000000000,nonpositive_downgrade,0.287663075184
market_item.xlsx|中文暗网交易市场|seller_raw:157835||market_item.xlsx|中文暗网交易市场|seller_raw:435064,zh_target_strict,d0_current_canonical_train,zh_target_strict_cc_8d579273f8d400c6,positive,same_controller_direct_identifier,1,risky_only_shared,external_url,e80bc4b091dc7ddb,0.233820360901,2.080035213680,0.000000000000,nonpositive_downgrade,0.233820360901
market_item.xlsx|中文暗网交易市场|seller_raw:157835||market_item.xlsx|中文暗网交易市场|seller_raw:596096,zh_target_strict,d0_current_canonical_train,zh_target_strict_cc_8d579273f8d400c6,positive,same_controller_direct_identifier,1,risky_only_shared,external_url,ce530b57f5b0b539,0.216034722288,2.077550308177,0.000000000000,nonpositive_downgrade,0.216034722288
market_item.xlsx|中文暗网交易市场|seller_raw:157835||market_item.xlsx|中文暗网交易市场|seller_raw:95895,zh_target_strict,d0_current_canonical_train,zh_target_strict_cc_8d579273f8d400c6,positive,same_controller_direct_identifier,1,risky_only_shared,external_url,e80bc4b091dc7ddb,0.223244250748,2.077550308177,0.000000000000,nonpositive_downgrade,0.223244250748
market_item.xlsx|中文暗网交易市场|seller_raw:161115||market_item.xlsx|茶马古道|seller_raw:/shop/405740,zh_target_strict,d0_current_canonical_train,zh_target_strict_cc_dd6e633ee72cde4d,negative,template_clone_not_controller,,no_shared_identifier,,,0.426244662347,0.044694242402,0.000000000000,no_score_change,0.426244662347
market_item.xlsx|中文暗网交易市场|seller_raw:167147||market_item.xlsx|中文暗网交易市场|seller_raw:65684,zh_target_strict,d0_current_canonical_train,zh_target_strict_cc_9ad2ae4ca9a83c6a,positive,same_controller_style_structural_soft,1,no_shared_identifier,,,0.488016912191,0.044694242402,0.000000000000,no_score_change,0.488016912191
market_item.xlsx|中文暗网交易市场|seller_raw:167147||market_item.xlsx|中文暗网交易市场|seller_raw:81020,zh_target_strict,d0_current_canonical_train,zh_target_strict_cc_9ad2ae4ca9a83c6a,positive,same_controller_style_structural_soft,1,no_shared_identifier,,,0.117836757367,0.044694242402,0.000000000000,no_score_change,0.117836757367
market_item.xlsx|中文暗网交易市场|seller_raw:17231||market_item.xlsx|中文暗网交易市场|seller_raw:31252,zh_target_strict,d0_current_canonical_train,zh_target_strict_cc_2e5c7caaf65dd8e0,negative,ordinary_negative,,no_shared_identifier,,,0.045134813909,0.044694242402,0.000000000000,no_score_change,0.045134813909
market_item.xlsx|中文暗网交易市场|seller_raw:17231||market_item.xlsx|中文暗网交易市场|seller_raw:38978,zh_target_strict,d0_current_canonical_train,zh_target_strict_cc_2e5c7caaf65dd8e0,positive,same_controller_style_structural_soft,1,no_shared_identifier,,,0.001552516017,0.044694242402,0.000000000000,no_score_change,0.001552516017
market_item.xlsx|中文暗网交易市场|seller_raw:17231||market_item.xlsx|中文暗网交易市场|seller_raw:56808,zh_target_strict,d0_current_canonical_train,zh_target_strict_cc_2e5c7caaf65dd8e0,negative,ordinary_negative,,no_shared_identifier,,,0.104632742457,0.044694242402,0.000000000000,no_score_change,0.104632742457
market_item.xlsx|中文暗网交易市场|seller_raw:17231||market_item.xlsx|中文暗网交易市场|seller_raw:99610,zh_target_strict,d0_current_canonical_train,zh_target_strict_cc_2e5c7caaf65dd8e0,negative,ordinary_negative,,no_shared_identifier,,,0.067932201219,0.044694242402,0.000000000000,no_score_change,0.067932201219
market_item.xlsx|中文暗网交易市场|seller_raw:17318||market_item.xlsx|中文暗网交易市场|seller_raw:602704,zh_target_strict,d0_current_canonical_train,zh_target_strict_cc_04885e847c85c5c3,positive,same_controller_style_structural_soft,1,no_shared_identifier,,,0.461534559784,0.044694242402,0.000000000000,no_score_change,0.461534559784
market_item.xlsx|中文暗网交易市场|seller_raw:17352||market_item.xlsx|中文暗网交易市场|seller_raw:34364,zh_target_strict,d0_current_canonical_train,zh_target_strict_cc_ea2b0f7ed4d6a219,positive,same_controller_style_structural_soft,,no_shared_identifier,,,0.205809403203,0.044694242402,0.000000000000,no_score_change,0.205809403203
market_item.xlsx|中文暗网交易市场|seller_raw:18224||market_item.xlsx|中文暗网交易市场|seller_raw:486915,zh_target_strict,d0_current_canonical_train,zh_target_strict_cc_ebf736fa5ae50aa2,negative,ordinary_negative,,no_shared_identifier,,,0.007708633734,0.044694242402,0.000000000000,no_score_change,0.007708633734
market_item.xlsx|中文暗网交易市场|seller_raw:186203||market_item.xlsx|茶马古道|seller_raw:/shop/194,zh_target_strict,d0_current_canonical_train,zh_target_strict_cc_7b3d44167c3abe40,negative,template_clone_not_controller,1,no_shared_identifier,,,0.347732159947,0.044694242402,0.000000000000,no_score_change,0.347732159947
market_item.xlsx|中文暗网交易市场|seller_raw:18826||market_item.xlsx|中文暗网交易市场|seller_raw:31252,zh_target_strict,d0_current_canonical_train,zh_target_strict_cc_2e5c7caaf65dd8e0,negative,ordinary_negative,,no_shared_identifier,,,0.008687971275,0.044694242402,0.000000000000,no_score_change,0.008687971275
market_item.xlsx|中文暗网交易市场|seller_raw:18826||market_item.xlsx|中文暗网交易市场|seller_raw:591780,zh_target_strict,d0_current_canonical_train,zh_target_strict_cc_2e5c7caaf65dd8e0,negative,ordinary_negative,,no_shared_identifier,,,0.062521821451,0.044694242402,0.000000000000,no_score_change,0.062521821451
market_item.xlsx|中文暗网交易市场|seller_raw:19453||market_item.xlsx|中文暗网交易市场|seller_raw:55721,zh_target_strict,d0_current_canonical_train,zh_target_strict_cc_2e5c7caaf65dd8e0,negative,ordinary_negative,,no_shared_identifier,,,0.001632916896,0.044694242402,0.000000000000,no_score_change,0.001632916896
market_item.xlsx|中文暗网交易市场|seller_raw:196754||market_item.xlsx|茶马古道|seller_raw:/shop/1770,zh_target_strict,d0_current_canonical_train,zh_target_strict_cc_e108ae245ed1ace6,positive,same_controller_style_structural_soft,1,no_shared_identifier,,,0.177651519059,0.044694242402,0.000000000000,no_score_change,0.177651519059
market_item.xlsx|中文暗网交易市场|seller_raw:19692||market_item.xlsx|中文暗网交易市场|seller_raw:357141,zh_target_strict,d0_current_canonical_train,zh_target_strict_cc_e21fd6d89ecb3687,positive,same_controller_style_structural_soft,,no_shared_identifier,,,0.376428977098,0.044694242402,0.000000000000,no_score_change,0.376428977098
market_item.xlsx|中文暗网交易市场|seller_raw:19730||market_item.xlsx|茶马古道|seller_raw:/shop/462,zh_target_strict,d0_current_canonical_train,zh_target_strict_cc_896ef6b0854f3709,negative,ordinary_negative,,no_shared_identifier,,,0.003047837288,0.044694242402,0.000000000000,no_score_change,0.003047837288
market_item.xlsx|中文暗网交易市场|seller_raw:199643||market_item.xlsx|中文暗网交易市场|seller_raw:46893,zh_target_strict,d0_current_canonical_train,zh_target_strict_cc_ae39390ce2a3d2d8,positive,same_controller_style_structural_soft,1,no_shared_identifier,,,0.168092792577,0.044694242402,0.000000000000,no_score_change,0.168092792577
market_item.xlsx|中文暗网交易市场|seller_raw:20382||market_item.xlsx|中文暗网交易市场|seller_raw:45235,zh_target_strict,d0_current_canonical_train,zh_target_strict_cc_391d1c0721270534,negative,ordinary_negative,,no_shared_identifier,,,0.159597257400,0.044694242402,0.000000000000,no_score_change,0.159597257400
market_item.xlsx|中文暗网交易市场|seller_raw:205354||market_item.xlsx|茶马古道|seller_raw:/shop/6242,zh_target_strict,d0_current_canonical_train,zh_target_strict_cc_bdbbd819a13285cb,negative,semantic_topic_not_controller,1,no_shared_identifier,,,0.339698199960,0.044694242402,0.000000000000,no_score_change,0.339698199960
market_item.xlsx|中文暗网交易市场|seller_raw:205403||market_item.xlsx|中文暗网交易市场|seller_raw:517245,zh_target_strict,d0_current_canonical_train,zh_target_strict_cc_2e5c7caaf65dd8e0,negative,ordinary_negative,,no_shared_identifier,,,0.027265296096,0.044694242402,0.000000000000,no_score_change,0.027265296096
market_item.xlsx|中文暗网交易市场|seller_raw:210589||market_item.xlsx|中文暗网交易市场|seller_raw:346677,zh_target_strict,d0_current_canonical_train,zh_target_strict_cc_2e5c7caaf65dd8e0,negative,ordinary_negative,,no_shared_identifier,,,0.010238333761,0.044694242402,0.000000000000,no_score_change,0.010238333761
market_item.xlsx|中文暗网交易市场|seller_raw:210589||market_item.xlsx|中文暗网交易市场|seller_raw:473991,zh_target_strict,d0_current_canonical_train,zh_target_strict_cc_2e5c7caaf65dd8e0,negative,ordinary_negative,,no_shared_identifier,,,0.022223016191,0.044694242402,0.000000000000,no_score_change,0.022223016191
market_item.xlsx|中文暗网交易市场|seller_raw:210589||market_item.xlsx|中文暗网交易市场|seller_raw:511033,zh_target_strict,d0_current_canonical_train,zh_target_strict_cc_2e5c7caaf65dd8e0,negative,ordinary_negative,,no_shared_identifier,,,0.000043761462,0.044694242402,0.000000000000,no_score_change,0.000043761462
market_item.xlsx|中文暗网交易市场|seller_raw:210589||market_item.xlsx|中文暗网交易市场|seller_raw:58949,zh_target_strict,d0_current_canonical_train,zh_target_strict_cc_2e5c7caaf65dd8e0,negative,ordinary_negative,,no_shared_identifier,,,0.003754585299,0.044694242402,0.000000000000,no_score_change,0.003754585299
market_item.xlsx|中文暗网交易市场|seller_raw:238529||market_item.xlsx|中文暗网交易市场|seller_raw:518336,zh_target_strict,d0_current_canonical_train,zh_target_strict_cc_2e5c7caaf65dd8e0,negative,ordinary_negative,,no_shared_identifier,,,0.035266806575,0.044694242402,0.000000000000,no_score_change,0.035266806575
market_item.xlsx|中文暗网交易市场|seller_raw:238529||market_item.xlsx|中文暗网交易市场|seller_raw:531087,zh_target_strict,d0_current_canonical_train,zh_target_strict_cc_2e5c7caaf65dd8e0,negative,ordinary_negative,,no_shared_identifier,,,0.012104551310,0.044694242402,0.000000000000,no_score_change,0.012104551310
market_item.xlsx|中文暗网交易市场|seller_raw:238529||market_item.xlsx|中文暗网交易市场|seller_raw:550208,zh_target_strict,d0_current_canonical_train,zh_target_strict_cc_2e5c7caaf65dd8e0,negative,ordinary_negative,,no_shared_identifier,,,0.120784727573,0.044694242402,0.000000000000,no_score_change,0.120784727573
market_item.xlsx|中文暗网交易市场|seller_raw:238529||market_item.xlsx|中文暗网交易市场|seller_raw:565148,zh_target_strict,d0_current_canonical_train,zh_target_strict_cc_2e5c7caaf65dd8e0,negative,ordinary_negative,,no_shared_identifier,,,0.018906743268,0.044694242402,0.000000000000,no_score_change,0.018906743268
market_item.xlsx|中文暗网交易市场|seller_raw:238529||market_item.xlsx|中文暗网交易市场|seller_raw:565149,zh_target_strict,d0_current_canonical_train,zh_target_strict_cc_2e5c7caaf65dd8e0,negative,ordinary_negative,,no_shared_identifier,,,0.044544014044,0.044694242402,0.000000000000,no_score_change,0.044544014044
market_item.xlsx|中文暗网交易市场|seller_raw:238529||market_item.xlsx|中文暗网交易市场|seller_raw:596616,zh_target_strict,d0_current_canonical_train,zh_target_strict_cc_2e5c7caaf65dd8e0,negative,ordinary_negative,,no_shared_identifier,,,0.051972166807,0.044694242402,0.000000000000,no_score_change,0.051972166807
market_item.xlsx|中文暗网交易市场|seller_raw:238529||market_item.xlsx|中文暗网交易市场|seller_raw:596705,zh_target_strict,d0_current_canonical_train,zh_target_strict_cc_2e5c7caaf65dd8e0,negative,ordinary_negative,,no_shared_identifier,,,0.015043312324,0.044694242402,0.000000000000,no_score_change,0.015043312324
market_item.xlsx|中文暗网交易市场|seller_raw:238529||market_item.xlsx|茶马古道|seller_raw:/shop/441156,zh_target_strict,d0_current_canonical_train,zh_target_strict_cc_2e5c7caaf65dd8e0,negative,ordinary_negative,,no_shared_identifier,,,0.043193826871,0.044694242402,0.000000000000,no_score_change,0.043193826871
market_item.xlsx|中文暗网交易市场|seller_raw:238529||market_item.xlsx|茶马古道|seller_raw:/shop/451633,zh_target_strict,d0_current_canonical_train,zh_target_strict_cc_2e5c7caaf65dd8e0,negative,semantic_topic_not_controller,,no_shared_identifier,,,0.127391025979,0.044694242402,0.000000000000,no_score_change,0.127391025979
market_item.xlsx|中文暗网交易市场|seller_raw:24172||market_item.xlsx|中文暗网交易市场|seller_raw:74774,zh_target_strict,d0_current_canonical_train,zh_target_strict_cc_2e5c7caaf65dd8e0,negative,ordinary_negative,,no_shared_identifier,,,0.001698298687,0.044694242402,0.000000000000,no_score_change,0.001698298687
market_item.xlsx|中文暗网交易市场|seller_raw:24172||market_item.xlsx|茶马古道|seller_raw:/shop/406711,zh_target_strict,d0_current_canonical_train,zh_target_strict_cc_2e5c7caaf65dd8e0,negative,semantic_topic_not_controller,,no_shared_identifier,,,0.013692954903,0.044694242402,0.000000000000,no_score_change,0.013692954903
market_item.xlsx|中文暗网交易市场|seller_raw:24172||market_item.xlsx|茶马古道|seller_raw:/shop/413191,zh_target_strict,d0_current_canonical_train,zh_target_strict_cc_2e5c7caaf65dd8e0,negative,semantic_topic_not_controller,,no_shared_identifier,,,0.003853729783,0.044694242402,0.000000000000,no_score_change,0.003853729783
market_item.xlsx|中文暗网交易市场|seller_raw:24172||market_item.xlsx|茶马古道|seller_raw:/shop/427282,zh_target_strict,d0_current_canonical_train,zh_target_strict_cc_2e5c7caaf65dd8e0,negative,semantic_topic_not_controller,1,no_shared_identifier,,,0.007498970897,0.044694242402,0.000000000000,no_score_change,0.007498970897
market_item.xlsx|中文暗网交易市场|seller_raw:24172||market_item.xlsx|茶马古道|seller_raw:/shop/432473,zh_target_strict,d0_current_canonical_train,zh_target_strict_cc_2e5c7caaf65dd8e0,negative,semantic_topic_not_controller,1,no_shared_identifier,,,0.005804991038,0.044694242402,0.000000000000,no_score_change,0.005804991038
market_item.xlsx|中文暗网交易市场|seller_raw:24172||market_item.xlsx|茶马古道|seller_raw:/shop/436862,zh_target_strict,d0_current_canonical_train,zh_target_strict_cc_2e5c7caaf65dd8e0,negative,ordinary_negative,,no_shared_identifier,,,0.000084744839,0.044694242402,0.000000000000,no_score_change,0.000084744839
market_item.xlsx|中文暗网交易市场|seller_raw:24341||market_item.xlsx|茶马古道|seller_raw:/shop/394794,zh_target_strict,d0_current_canonical_train,zh_target_strict_cc_5b608ee442acd1f9,negative,ordinary_negative,,no_shared_identifier,,,0.019706879692,0.044694242402,0.000000000000,no_score_change,0.019706879692
market_item.xlsx|中文暗网交易市场|seller_raw:250715||market_item.xlsx|中文暗网交易市场|seller_raw:465763,zh_target_strict,d0_current_canonical_train,zh_target_strict_cc_540db623f3f9599c,positive,same_controller_direct_identifier,1,risky_only_shared,external_url,8a548b1a81920d84,0.354616429436,2.080035213680,0.000000000000,nonpositive_downgrade,0.354616429436
market_item.xlsx|中文暗网交易市场|seller_raw:25604||market_item.xlsx|中文暗网交易市场|seller_raw:42350,zh_target_strict,d0_current_canonical_train,zh_target_strict_cc_8ee274a9b6416c74,positive,same_controller_style_structural_soft,1,no_shared_identifier,,,0.450720889244,0.044694242402,0.000000000000,no_score_change,0.450720889244
market_item.xlsx|中文暗网交易市场|seller_raw:256707||market_item.xlsx|茶马古道|seller_raw:/shop/6242,zh_target_strict,d0_current_canonical_train,zh_target_strict_cc_bdbbd819a13285cb,negative,template_clone_not_controller,1,no_shared_identifier,,,0.107341323282,0.044694242402,0.000000000000,no_score_change,0.107341323282
market_item.xlsx|中文暗网交易市场|seller_raw:26383||market_item.xlsx|茶马古道|seller_raw:/shop/404544,zh_target_strict,d0_current_canonical_train,zh_target_strict_cc_f90ae29225a92855,positive,same_controller_style_structural_soft,,no_shared_identifier,,,0.390898155427,0.044694242402,0.000000000000,no_score_change,0.390898155427
market_item.xlsx|中文暗网交易市场|seller_raw:264776||market_item.xlsx|茶马古道|seller_raw:/shop/385,zh_target_strict,d0_current_canonical_train,zh_target_strict_cc_5d2591f16cbcd99a,positive,same_controller_style_structural_soft,,no_shared_identifier,,,0.249405700418,0.044694242402,0.000000000000,no_score_change,0.249405700418
market_item.xlsx|中文暗网交易市场|seller_raw:26975||market_item.xlsx|中文暗网交易市场|seller_raw:57228,zh_target_strict,d0_current_canonical_train,zh_target_strict_cc_087cae9aba64f3d4,negative,semantic_topic_not_controller,,no_shared_identifier,,,0.119811997441,0.044694242402,0.000000000000,no_score_change,0.119811997441
market_item.xlsx|中文暗网交易市场|seller_raw:28521||market_item.xlsx|中文暗网交易市场|seller_raw:35777,zh_target_strict,d0_current_canonical_train,zh_target_strict_cc_ba20dfb50f909f23,negative,semantic_topic_not_controller,,no_shared_identifier,,,0.181523448305,0.044694242402,0.000000000000,no_score_change,0.181523448305
market_item.xlsx|中文暗网交易市场|seller_raw:28645||market_item.xlsx|中文暗网交易市场|seller_raw:40113,zh_target_strict,d0_current_canonical_train,zh_target_strict_cc_b79d194b6a116fd4,positive,same_controller_style_structural_soft,1,no_shared_identifier,,,0.402719312819,0.044694242402,0.000000000000,no_score_change,0.402719312819
market_item.xlsx|中文暗网交易市场|seller_raw:28990||market_item.xlsx|中文暗网交易市场|seller_raw:32559,zh_target_strict,d0_current_canonical_train,zh_target_strict_cc_22709e967eba3940,negative,ordinary_negative,,no_shared_identifier,,,0.033903363730,0.044694242402,0.000000000000,no_score_change,0.033903363730
market_item.xlsx|中文暗网交易市场|seller_raw:29159||market_item.xlsx|中文暗网交易市场|seller_raw:31252,zh_target_strict,d0_current_canonical_train,zh_target_strict_cc_2e5c7caaf65dd8e0,negative,semantic_topic_not_controller,,no_shared_identifier,,,0.004777025215,0.044694242402,0.000000000000,no_score_change,0.004777025215
market_item.xlsx|中文暗网交易市场|seller_raw:29159||market_item.xlsx|中文暗网交易市场|seller_raw:365633,zh_target_strict,d0_current_canonical_train,zh_target_strict_cc_2e5c7caaf65dd8e0,negative,ordinary_negative,,no_shared_identifier,,,0.001516316747,0.044694242402,0.000000000000,no_score_change,0.001516316747
market_item.xlsx|中文暗网交易市场|seller_raw:29159||market_item.xlsx|中文暗网交易市场|seller_raw:38978,zh_target_strict,d0_current_canonical_train,zh_target_strict_cc_2e5c7caaf65dd8e0,negative,ordinary_negative,,no_shared_identifier,,,0.001434479995,0.044694242402,0.000000000000,no_score_change,0.001434479995
market_item.xlsx|中文暗网交易市场|seller_raw:29159||market_item.xlsx|中文暗网交易市场|seller_raw:45139,zh_target_strict,d0_current_canonical_train,zh_target_strict_cc_2e5c7caaf65dd8e0,negative,ordinary_negative,,no_shared_identifier,,,0.095735824957,0.044694242402,0.000000000000,no_score_change,0.095735824957
market_item.xlsx|中文暗网交易市场|seller_raw:29159||market_item.xlsx|中文暗网交易市场|seller_raw:48851,zh_target_strict,d0_current_canonical_train,zh_target_strict_cc_2e5c7caaf65dd8e0,negative,ordinary_negative,,no_shared_identifier,,,0.011206318838,0.044694242402,0.000000000000,no_score_change,0.011206318838
market_item.xlsx|中文暗网交易市场|seller_raw:29159||market_item.xlsx|中文暗网交易市场|seller_raw:99610,zh_target_strict,d0_current_canonical_train,zh_target_strict_cc_2e5c7caaf65dd8e0,negative,ordinary_negative,,no_shared_identifier,,,0.007678948124,0.044694242402,0.000000000000,no_score_change,0.007678948124
market_item.xlsx|中文暗网交易市场|seller_raw:29159||market_item.xlsx|茶马古道|seller_raw:/shop/397874,zh_target_strict,d0_current_canonical_train,zh_target_strict_cc_2e5c7caaf65dd8e0,negative,semantic_topic_not_controller,,no_shared_identifier,,,0.088880949332,0.044694242402,0.000000000000,no_score_change,0.088880949332
market_item.xlsx|中文暗网交易市场|seller_raw:29159||market_item.xlsx|茶马古道|seller_raw:/shop/436715,zh_target_strict,d0_current_canonical_train,zh_target_strict_cc_2e5c7caaf65dd8e0,negative,semantic_topic_not_controller,1,no_shared_identifier,,,0.029299244732,0.044694242402,0.000000000000,no_score_change,0.029299244732
market_item.xlsx|中文暗网交易市场|seller_raw:29205||market_item.xlsx|中文暗网交易市场|seller_raw:31252,zh_target_strict,d0_current_canonical_train,zh_target_strict_cc_2e5c7caaf65dd8e0,negative,ordinary_negative,,no_shared_identifier,,,0.021761451345,0.044694242402,0.000000000000,no_score_change,0.021761451345
market_item.xlsx|中文暗网交易市场|seller_raw:29205||market_item.xlsx|中文暗网交易市场|seller_raw:99610,zh_target_strict,d0_current_canonical_train,zh_target_strict_cc_2e5c7caaf65dd8e0,negative,ordinary_negative,,no_shared_identifier,,,0.028175841672,0.044694242402,0.000000000000,no_score_change,0.028175841672
market_item.xlsx|中文暗网交易市场|seller_raw:30720||market_item.xlsx|中文暗网交易市场|seller_raw:59280,zh_target_strict,d0_current_canonical_train,zh_target_strict_cc_a13227462a43c517,negative,ordinary_negative,,no_shared_identifier,,,0.313310421669,0.044694242402,0.000000000000,no_score_change,0.313310421669
market_item.xlsx|中文暗网交易市场|seller_raw:307790||market_item.xlsx|茶马古道|seller_raw:/shop/417610,zh_target_strict,d0_current_canonical_train,zh_target_strict_cc_a075d160d8e9bceb,negative,template_clone_not_controller,,no_shared_identifier,,,0.175725312779,0.044694242402,0.000000000000,no_score_change,0.175725312779
market_item.xlsx|中文暗网交易市场|seller_raw:312123||market_item.xlsx|中文暗网交易市场|seller_raw:346677,zh_target_strict,d0_current_canonical_train,zh_target_strict_cc_2e5c7caaf65dd8e0,negative,ordinary_negative,,no_shared_identifier,,,0.015641694726,0.044694242402,0.000000000000,no_score_change,0.015641694726
market_item.xlsx|中文暗网交易市场|seller_raw:312123||market_item.xlsx|中文暗网交易市场|seller_raw:58949,zh_target_strict,d0_current_canonical_train,zh_target_strict_cc_2e5c7caaf65dd8e0,negative,ordinary_negative,,no_shared_identifier,,,0.003264181309,0.044694242402,0.000000000000,no_score_change,0.003264181309
market_item.xlsx|中文暗网交易市场|seller_raw:312272||market_item.xlsx|中文暗网交易市场|seller_raw:511033,zh_target_strict,d0_current_canonical_train,zh_target_strict_cc_2e5c7caaf65dd8e0,negative,ordinary_negative,,no_shared_identifier,,,0.002775800092,0.044694242402,0.000000000000,no_score_change,0.002775800092
market_item.xlsx|中文暗网交易市场|seller_raw:31252||market_item.xlsx|中文暗网交易市场|seller_raw:365633,zh_target_strict,d0_current_canonical_train,zh_target_strict_cc_2e5c7caaf65dd8e0,negative,ordinary_negative,,no_shared_identifier,,,0.002764893973,0.044694242402,0.000000000000,no_score_change,0.002764893973
market_item.xlsx|中文暗网交易市场|seller_raw:31252||market_item.xlsx|中文暗网交易市场|seller_raw:38978,zh_target_strict,d0_current_canonical_train,zh_target_strict_cc_2e5c7caaf65dd8e0,negative,ordinary_negative,,no_shared_identifier,,,0.000747750046,0.044694242402,0.000000000000,no_score_change,0.000747750046
market_item.xlsx|中文暗网交易市场|seller_raw:31252||market_item.xlsx|中文暗网交易市场|seller_raw:45139,zh_target_strict,d0_current_canonical_train,zh_target_strict_cc_2e5c7caaf65dd8e0,negative,ordinary_negative,,no_shared_identifier,,,0.009826033819,0.044694242402,0.000000000000,no_score_change,0.009826033819
market_item.xlsx|中文暗网交易市场|seller_raw:31252||market_item.xlsx|中文暗网交易市场|seller_raw:56808,zh_target_strict,d0_current_canonical_train,zh_target_strict_cc_2e5c7caaf65dd8e0,negative,ordinary_negative,,no_shared_identifier,,,0.023900631359,0.044694242402,0.000000000000,no_score_change,0.023900631359
market_item.xlsx|中文暗网交易市场|seller_raw:31252||market_item.xlsx|中文暗网交易市场|seller_raw:586003,zh_target_strict,d0_current_canonical_train,zh_target_strict_cc_2e5c7caaf65dd8e0,negative,ordinary_negative,,no_shared_identifier,,,0.004423196481,0.044694242402,0.000000000000,no_score_change,0.004423196481
market_item.xlsx|中文暗网交易市场|seller_raw:31252||market_item.xlsx|中文暗网交易市场|seller_raw:68788,zh_target_strict,d0_current_canonical_train,zh_target_strict_cc_2e5c7caaf65dd8e0,negative,ordinary_negative,,no_shared_identifier,,,0.006999414093,0.044694242402,0.000000000000,no_score_change,0.006999414093
market_item.xlsx|中文暗网交易市场|seller_raw:31252||market_item.xlsx|中文暗网交易市场|seller_raw:99610,zh_target_strict,d0_current_canonical_train,zh_target_strict_cc_2e5c7caaf65dd8e0,negative,ordinary_negative,,no_shared_identifier,,,0.277927409243,0.044694242402,0.000000000000,no_score_change,0.277927409243
market_item.xlsx|中文暗网交易市场|seller_raw:312538||market_item.xlsx|中文暗网交易市场|seller_raw:430378,zh_target_strict,d0_current_canonical_train,zh_target_strict_cc_8d579273f8d400c6,positive,same_controller_component_anchor,1,risky_only_shared,external_url,8e42ce9b17810ef3;689ab2830f72e0fc,0.436500823441,2.601885060147,0.000000000000,nonpositive_downgrade,0.436500823441
market_item.xlsx|中文暗网交易市场|seller_raw:312538||market_item.xlsx|中文暗网交易市场|seller_raw:435064,zh_target_strict,d0_current_canonical_train,zh_target_strict_cc_8d579273f8d400c6,positive,same_controller_component_anchor,1,risky_only_shared,external_url,1d7714c2a922eccd;61fb4834e2e1414b,0.420211778797,2.607872243252,0.000000000000,nonpositive_downgrade,0.420211778797
market_item.xlsx|中文暗网交易市场|seller_raw:312538||market_item.xlsx|中文暗网交易市场|seller_raw:436422,zh_target_strict,d0_current_canonical_train,zh_target_strict_cc_8d579273f8d400c6,positive,same_controller_direct_identifier,1,risky_only_shared,external_url,689ab2830f72e0fc;61fb4834e2e1414b;97a4f2dcaa259476,0.315224652510,2.973682215721,0.000000000000,nonpositive_downgrade,0.315224652510
market_item.xlsx|中文暗网交易市场|seller_raw:312538||market_item.xlsx|中文暗网交易市场|seller_raw:606446,zh_target_strict,d0_current_canonical_train,zh_target_strict_cc_8d579273f8d400c6,positive,same_controller_direct_identifier,1,risky_only_shared,external_url,1d7714c2a922eccd,0.326930006859,2.077550308177,0.000000000000,nonpositive_downgrade,0.326930006859
market_item.xlsx|中文暗网交易市场|seller_raw:313620||market_item.xlsx|茶马古道|seller_raw:/shop/279,zh_target_strict,d0_current_canonical_train,zh_target_strict_cc_d3e35a9ebbaf2f37,negative,semantic_topic_not_controller,,no_shared_identifier,,,0.056589504994,0.044694242402,0.000000000000,no_score_change,0.056589504994
market_item.xlsx|中文暗网交易市场|seller_raw:314792||market_item.xlsx|茶马古道|seller_raw:/shop/234,zh_target_strict,d0_current_canonical_train,zh_target_strict_cc_d5a4b7e03a6c8450,negative,template_clone_not_controller,1,no_shared_identifier,,,0.052454314211,0.044694242402,0.000000000000,no_score_change,0.052454314211
market_item.xlsx|中文暗网交易市场|seller_raw:32559||market_item.xlsx|茶马古道|seller_raw:/shop/429138,zh_target_strict,d0_current_canonical_train,zh_target_strict_cc_22709e967eba3940,negative,semantic_topic_not_controller,1,no_shared_identifier,,,0.005784526319,0.044694242402,0.000000000000,no_score_change,0.005784526319
market_item.xlsx|中文暗网交易市场|seller_raw:326247||market_item.xlsx|茶马古道|seller_raw:/shop/504,zh_target_strict,d0_current_canonical_train,zh_target_strict_cc_c4bdaa82ef3cd173,positive,same_controller_style_structural_soft,1,no_shared_identifier,,,0.460254997340,0.044694242402,0.000000000000,no_score_change,0.460254997340
market_item.xlsx|中文暗网交易市场|seller_raw:32635||market_item.xlsx|中文暗网交易市场|seller_raw:81020,zh_target_strict,d0_current_canonical_train,zh_target_strict_cc_9ad2ae4ca9a83c6a,positive,same_controller_direct_identifier,1,risky_only_shared,external_url,69b1b19531c2fc89,0.281632625956,2.077550308177,0.000000000000,nonpositive_downgrade,0.281632625956
market_item.xlsx|中文暗网交易市场|seller_raw:32644||market_item.xlsx|中文暗网交易市场|seller_raw:45139,zh_target_strict,d0_current_canonical_train,zh_target_strict_cc_2e5c7caaf65dd8e0,negative,ordinary_negative,,no_shared_identifier,,,0.088103982047,0.044694242402,0.000000000000,no_score_change,0.088103982047
market_item.xlsx|中文暗网交易市场|seller_raw:32782||market_item.xlsx|茶马古道|seller_raw:/shop/397874,zh_target_strict,d0_current_canonical_train,zh_target_strict_cc_2e5c7caaf65dd8e0,negative,semantic_topic_not_controller,1,no_shared_identifier,,,0.107618125822,0.044694242402,0.000000000000,no_score_change,0.107618125822
market_item.xlsx|中文暗网交易市场|seller_raw:328068||market_item.xlsx|茶马古道|seller_raw:/shop/417224,zh_target_strict,d0_current_canonical_train,zh_target_strict_cc_b6d2156638a09a58,positive,same_controller_style_structural_soft,1,no_shared_identifier,,,0.037218846485,0.044694242402,0.000000000000,no_score_change,0.037218846485
market_item.xlsx|中文暗网交易市场|seller_raw:331032||market_item.xlsx|茶马古道|seller_raw:/shop/435993,zh_target_strict,d0_current_canonical_train,zh_target_strict_cc_aba8abaab2297ee7,negative,ordinary_negative,,no_shared_identifier,,,0.017963679554,0.044694242402,0.000000000000,no_score_change,0.017963679554
market_item.xlsx|中文暗网交易市场|seller_raw:331162||market_item.xlsx|中文暗网交易市场|seller_raw:488193,zh_target_strict,d0_current_canonical_train,zh_target_strict_cc_f8f0b134cefe00db,positive,same_controller_style_structural_soft,1,no_shared_identifier,,,0.457640239334,0.044694242402,0.000000000000,no_score_change,0.457640239334
market_item.xlsx|中文暗网交易市场|seller_raw:331749||market_item.xlsx|茶马古道|seller_raw:/shop/4694,zh_target_strict,d0_current_canonical_train,zh_target_strict_cc_e60bd09ea06f8cc8,negative,template_clone_not_controller,1,no_shared_identifier,,,0.398385739252,0.044694242402,0.000000000000,no_score_change,0.398385739252
market_item.xlsx|中文暗网交易市场|seller_raw:333110||market_item.xlsx|中文暗网交易市场|seller_raw:375149,zh_target_strict,d0_current_canonical_train,zh_target_strict_cc_03788caa8b8ddae2,positive,same_controller_style_structural_soft,,no_shared_identifier,,,0.476090682902,0.044694242402,0.000000000000,no_score_change,0.476090682902
market_item.xlsx|中文暗网交易市场|seller_raw:337011||market_item.xlsx|茶马古道|seller_raw:/shop/407480,zh_target_strict,d0_current_canonical_train,zh_target_strict_cc_cfb492b4bd6347d5,negative,semantic_topic_not_controller,,no_shared_identifier,,,0.021850384130,0.044694242402,0.000000000000,no_score_change,0.021850384130
market_item.xlsx|中文暗网交易市场|seller_raw:34151||market_item.xlsx|中文暗网交易市场|seller_raw:42789,zh_target_strict,d0_current_canonical_train,zh_target_strict_cc_edff0c321d85e39a,negative,ordinary_negative,,no_shared_identifier,,,0.021718674271,0.044694242402,0.000000000000,no_score_change,0.021718674271
market_item.xlsx|中文暗网交易市场|seller_raw:342077||market_item.xlsx|茶马古道|seller_raw:/shop/449476,zh_target_strict,d0_current_canonical_train,zh_target_strict_cc_520079d78e2d7142,positive,same_controller_style_structural_soft,,no_shared_identifier,,,0.313377618295,0.044694242402,0.000000000000,no_score_change,0.313377618295
market_item.xlsx|中文暗网交易市场|seller_raw:344175||market_item.xlsx|茶马古道|seller_raw:/shop/1239,zh_target_strict,d0_current_canonical_train,zh_target_strict_cc_cabde8e285b8321c,positive,same_controller_style_structural_soft,1,no_shared_identifier,,,0.283345875721,0.044694242402,0.000000000000,no_score_change,0.283345875721
market_item.xlsx|中文暗网交易市场|seller_raw:346677||market_item.xlsx|中文暗网交易市场|seller_raw:459538,zh_target_strict,d0_current_canonical_train,zh_target_strict_cc_2e5c7caaf65dd8e0,negative,ordinary_negative,,no_shared_identifier,,,0.037198739810,0.044694242402,0.000000000000,no_score_change,0.037198739810
market_item.xlsx|中文暗网交易市场|seller_raw:346677||market_item.xlsx|中文暗网交易市场|seller_raw:470183,zh_target_strict,d0_current_canonical_train,zh_target_strict_cc_2e5c7caaf65dd8e0,negative,ordinary_negative,,no_shared_identifier,,,0.031171973321,0.044694242402,0.000000000000,no_score_change,0.031171973321
market_item.xlsx|中文暗网交易市场|seller_raw:346677||market_item.xlsx|中文暗网交易市场|seller_raw:490499,zh_target_strict,d0_current_canonical_train,zh_target_strict_cc_2e5c7caaf65dd8e0,negative,ordinary_negative,,no_shared_identifier,,,0.009476445772,0.044694242402,0.000000000000,no_score_change,0.009476445772
market_item.xlsx|中文暗网交易市场|seller_raw:346677||market_item.xlsx|中文暗网交易市场|seller_raw:560066,zh_target_strict,d0_current_canonical_train,zh_target_strict_cc_2e5c7caaf65dd8e0,negative,ordinary_negative,,no_shared_identifier,,,0.009026516099,0.044694242402,0.000000000000,no_score_change,0.009026516099
market_item.xlsx|中文暗网交易市场|seller_raw:346677||market_item.xlsx|中文暗网交易市场|seller_raw:58949,zh_target_strict,d0_current_canonical_train,zh_target_strict_cc_2e5c7caaf65dd8e0,negative,ordinary_negative,,no_shared_identifier,,,0.011807659925,0.044694242402,0.000000000000,no_score_change,0.011807659925
market_item.xlsx|中文暗网交易市场|seller_raw:347765||market_item.xlsx|中文暗网交易市场|seller_raw:493430,zh_target_strict,d0_current_canonical_train,zh_target_strict_cc_c2a1f44082b1e4d3,positive,same_controller_style_structural_soft,1,no_shared_identifier,,,0.432151244894,0.044694242402,0.000000000000,no_score_change,0.432151244894
market_item.xlsx|中文暗网交易市场|seller_raw:347899||market_item.xlsx|茶马古道|seller_raw:/shop/6242,zh_target_strict,d0_current_canonical_train,zh_target_strict_cc_bdbbd819a13285cb,positive,same_controller_direct_identifier,1,verified_direct_both_sides,email,db916f0f70ebf9fe;9152eeb78b70b320;5c4680a29545ad13;c888b9f29fc81893,0.271450056018,4.279106444382,4.279106444382,nonnegative_uplift,0.964147411472
market_item.xlsx|中文暗网交易市场|seller_raw:351115||market_item.xlsx|茶马古道|seller_raw:/shop/393568,zh_target_strict,d0_current_canonical_train,zh_target_strict_cc_980a1719d9f0d148,negative,semantic_topic_not_controller,1,no_shared_identifier,,,0.133559640840,0.044694242402,0.000000000000,no_score_change,0.133559640840
market_item.xlsx|中文暗网交易市场|seller_raw:352600||market_item.xlsx|中文暗网交易市场|seller_raw:596097,zh_target_strict,d0_current_canonical_train,zh_target_strict_cc_310cb72487680fb8,positive,same_controller_component_anchor,1,no_shared_identifier,,,0.394846310141,0.044694242402,0.000000000000,no_score_change,0.394846310141
market_item.xlsx|中文暗网交易市场|seller_raw:352600||market_item.xlsx|中文暗网交易市场|seller_raw:605666,zh_target_strict,d0_current_canonical_train,zh_target_strict_cc_310cb72487680fb8,positive,same_controller_style_structural_soft,,no_shared_identifier,,,0.433156408786,0.044694242402,0.000000000000,no_score_change,0.433156408786
market_item.xlsx|中文暗网交易市场|seller_raw:352600||market_item.xlsx|茶马古道|seller_raw:/shop/453229,zh_target_strict,d0_current_canonical_train,zh_target_strict_cc_310cb72487680fb8,positive,same_controller_component_anchor,1,no_shared_identifier,,,0.355281230923,0.044694242402,0.000000000000,no_score_change,0.355281230923
market_item.xlsx|中文暗网交易市场|seller_raw:36073||market_item.xlsx|茶马古道|seller_raw:/shop/6101,zh_target_strict,d0_current_canonical_train,zh_target_strict_cc_50c6ef9245347923,negative,template_clone_not_controller,1,no_shared_identifier,,,0.269142997489,0.044694242402,0.000000000000,no_score_change,0.269142997489
market_item.xlsx|中文暗网交易市场|seller_raw:361068||market_item.xlsx|中文暗网交易市场|seller_raw:446965,zh_target_strict,d0_current_canonical_train,zh_target_strict_cc_540db623f3f9599c,positive,same_controller_component_anchor,1,risky_only_shared,external_url,77f5df5579dffe60,0.188742658305,2.077550308177,0.000000000000,nonpositive_downgrade,0.188742658305
market_item.xlsx|中文暗网交易市场|seller_raw:361068||market_item.xlsx|中文暗网交易市场|seller_raw:45068,zh_target_strict,d0_current_canonical_train,zh_target_strict_cc_540db623f3f9599c,positive,same_controller_direct_identifier,1,risky_only_shared,external_url,77f5df5579dffe60,0.144571526570,2.077550308177,0.000000000000,nonpositive_downgrade,0.144571526570
market_item.xlsx|中文暗网交易市场|seller_raw:361068||market_item.xlsx|中文暗网交易市场|seller_raw:465763,zh_target_strict,d0_current_canonical_train,zh_target_strict_cc_540db623f3f9599c,positive,same_controller_component_anchor,1,risky_only_shared,external_url,fa963c2c84d81e27;7279b2d77481734e,0.274319207056,2.599957617696,0.000000000000,nonpositive_downgrade,0.274319207056
market_item.xlsx|中文暗网交易市场|seller_raw:361068||market_item.xlsx|中文暗网交易市场|seller_raw:501102,zh_target_strict,d0_current_canonical_train,zh_target_strict_cc_540db623f3f9599c,positive,same_controller_direct_identifier,1,risky_only_shared,external_url,fa963c2c84d81e27,0.194376332080,2.077550308177,0.000000000000,nonpositive_downgrade,0.194376332080
market_item.xlsx|中文暗网交易市场|seller_raw:361068||market_item.xlsx|中文暗网交易市场|seller_raw:537697,zh_target_strict,d0_current_canonical_train,zh_target_strict_cc_540db623f3f9599c,positive,same_controller_direct_identifier,1,risky_only_shared,external_url,fa963c2c84d81e27,0.107368969790,2.077550308177,0.000000000000,nonpositive_downgrade,0.107368969790
market_item.xlsx|中文暗网交易市场|seller_raw:361068||market_item.xlsx|中文暗网交易市场|seller_raw:596304,zh_target_strict,d0_current_canonical_train,zh_target_strict_cc_540db623f3f9599c,positive,same_controller_direct_identifier,1,risky_only_shared,external_url,fa963c2c84d81e27,0.103382568175,2.077550308177,0.000000000000,nonpositive_downgrade,0.103382568175
market_item.xlsx|中文暗网交易市场|seller_raw:361068||market_item.xlsx|中文暗网交易市场|seller_raw:70840,zh_target_strict,d0_current_canonical_train,zh_target_strict_cc_540db623f3f9599c,positive,same_controller_direct_identifier,1,risky_only_shared,external_url,77f5df5579dffe60,0.265976897407,2.077550308177,0.000000000000,nonpositive_downgrade,0.265976897407
market_item.xlsx|中文暗网交易市场|seller_raw:361285||market_item.xlsx|中文暗网交易市场|seller_raw:502030,zh_target_strict,d0_current_canonical_train,zh_target_strict_cc_f65cdcbf3ab490cb,positive,same_controller_direct_identifier,1,risky_only_shared,external_url,2c75ca32ff9a0e2c,0.437660619947,2.077550308177,0.000000000000,nonpositive_downgrade,0.437660619947
market_item.xlsx|中文暗网交易市场|seller_raw:363382||market_item.xlsx|茶马古道|seller_raw:/shop/3433,zh_target_strict,d0_current_canonical_train,zh_target_strict_cc_243bcb33a0c2e2b4,negative,template_clone_not_controller,,no_shared_identifier,,,0.623755163794,0.044694242402,0.000000000000,no_score_change,0.623755163794
market_item.xlsx|中文暗网交易市场|seller_raw:365633||market_item.xlsx|中文暗网交易市场|seller_raw:38978,zh_target_strict,d0_current_canonical_train,zh_target_strict_cc_2e5c7caaf65dd8e0,negative,ordinary_negative,,no_shared_identifier,,,0.015077541784,0.044694242402,0.000000000000,no_score_change,0.015077541784
market_item.xlsx|中文暗网交易市场|seller_raw:365633||market_item.xlsx|中文暗网交易市场|seller_raw:68788,zh_target_strict,d0_current_canonical_train,zh_target_strict_cc_2e5c7caaf65dd8e0,negative,ordinary_negative,,no_shared_identifier,,,0.001835199752,0.044694242402,0.000000000000,no_score_change,0.001835199752
market_item.xlsx|中文暗网交易市场|seller_raw:365633||market_item.xlsx|中文暗网交易市场|seller_raw:99610,zh_target_strict,d0_current_canonical_train,zh_target_strict_cc_2e5c7caaf65dd8e0,negative,ordinary_negative,,no_shared_identifier,,,0.002760159552,0.044694242402,0.000000000000,no_score_change,0.002760159552
market_item.xlsx|中文暗网交易市场|seller_raw:365949||market_item.xlsx|中文暗网交易市场|seller_raw:370168,zh_target_strict,d0_current_canonical_train,zh_target_strict_cc_6d42501cee919350,positive,same_controller_direct_identifier,1,risky_only_shared,external_url,f9143e94da08cfe4,0.346600355278,2.077550308177,0.000000000000,nonpositive_downgrade,0.346600355278
market_item.xlsx|中文暗网交易市场|seller_raw:36627||market_item.xlsx|茶马古道|seller_raw:/shop/461599,zh_target_strict,d0_current_canonical_train,zh_target_strict_cc_2f838dcb03b62302,negative,semantic_topic_not_controller,,no_shared_identifier,,,0.024014492194,0.044694242402,0.000000000000,no_score_change,0.024014492194
market_item.xlsx|中文暗网交易市场|seller_raw:370168||market_item.xlsx|茶马古道|seller_raw:/shop/393295,zh_target_strict,d0_current_canonical_train,zh_target_strict_cc_6d42501cee919350,negative,semantic_topic_not_controller,1,no_shared_identifier,,,0.273879420689,0.044694242402,0.000000000000,no_score_change,0.273879420689
market_item.xlsx|中文暗网交易市场|seller_raw:375032||market_item.xlsx|中文暗网交易市场|seller_raw:481091,zh_target_strict,d0_current_canonical_train,zh_target_strict_cc_9a8e93f7a35ac2d6,negative,semantic_topic_not_controller,1,no_shared_identifier,,,0.073432551229,0.044694242402,0.000000000000,no_score_change,0.073432551229
market_item.xlsx|中文暗网交易市场|seller_raw:375149||market_item.xlsx|中文暗网交易市场|seller_raw:506844,zh_target_strict,d0_current_canonical_train,zh_target_strict_cc_03788caa8b8ddae2,positive,same_controller_style_structural_soft,1,no_shared_identifier,,,0.393176623504,0.044694242402,0.000000000000,no_score_change,0.393176623504
market_item.xlsx|中文暗网交易市场|seller_raw:37850||market_item.xlsx|茶马古道|seller_raw:/shop/783,zh_target_strict,d0_current_canonical_train,zh_target_strict_cc_862473627d85452b,negative,semantic_topic_not_controller,,no_shared_identifier,,,0.009485996210,0.044694242402,0.000000000000,no_score_change,0.009485996210
market_item.xlsx|中文暗网交易市场|seller_raw:389356||market_item.xlsx|茶马古道|seller_raw:/shop/404336,zh_target_strict,d0_current_canonical_train,zh_target_strict_cc_e077b53eac17cad5,negative,ordinary_negative,,no_shared_identifier,,,0.045641187530,0.044694242402,0.000000000000,no_score_change,0.045641187530
market_item.xlsx|中文暗网交易市场|seller_raw:38978||market_item.xlsx|中文暗网交易市场|seller_raw:39215,zh_target_strict,d0_current_canonical_train,zh_target_strict_cc_2e5c7caaf65dd8e0,negative,ordinary_negative,,no_shared_identifier,,,0.001226387500,0.044694242402,0.000000000000,no_score_change,0.001226387500
market_item.xlsx|中文暗网交易市场|seller_raw:38978||market_item.xlsx|中文暗网交易市场|seller_raw:45139,zh_target_strict,d0_current_canonical_train,zh_target_strict_cc_2e5c7caaf65dd8e0,negative,ordinary_negative,,no_shared_identifier,,,0.000634518421,0.044694242402,0.000000000000,no_score_change,0.000634518421
market_item.xlsx|中文暗网交易市场|seller_raw:38978||market_item.xlsx|中文暗网交易市场|seller_raw:504138,zh_target_strict,d0_current_canonical_train,zh_target_strict_cc_2e5c7caaf65dd8e0,negative,ordinary_negative,,no_shared_identifier,,,0.000740670537,0.044694242402,0.000000000000,no_score_change,0.000740670537
market_item.xlsx|中文暗网交易市场|seller_raw:38978||market_item.xlsx|中文暗网交易市场|seller_raw:68788,zh_target_strict,d0_current_canonical_train,zh_target_strict_cc_2e5c7caaf65dd8e0,negative,ordinary_negative,,no_shared_identifier,,,0.001736263670,0.044694242402,0.000000000000,no_score_change,0.001736263670
market_item.xlsx|中文暗网交易市场|seller_raw:38978||market_item.xlsx|中文暗网交易市场|seller_raw:99610,zh_target_strict,d0_current_canonical_train,zh_target_strict_cc_2e5c7caaf65dd8e0,negative,ordinary_negative,,no_shared_identifier,,,0.000677362891,0.044694242402,0.000000000000,no_score_change,0.000677362891
market_item.xlsx|中文暗网交易市场|seller_raw:39061||market_item.xlsx|茶马古道|seller_raw:/shop/1880,zh_target_strict,d0_current_canonical_train,zh_target_strict_cc_67a29b27042257ea,negative,template_clone_not_controller,,no_shared_identifier,,,0.339423986668,0.044694242402,0.000000000000,no_score_change,0.339423986668
market_item.xlsx|中文暗网交易市场|seller_raw:391418||market_item.xlsx|茶马古道|seller_raw:/shop/403921,zh_target_strict,d0_current_canonical_train,zh_target_strict_cc_1b844f5431afeab2,negative,semantic_topic_not_controller,1,no_shared_identifier,,,0.000944793874,0.044694242402,0.000000000000,no_score_change,0.000944793874
market_item.xlsx|中文暗网交易市场|seller_raw:39215||market_item.xlsx|中文暗网交易市场|seller_raw:51690,zh_target_strict,d0_current_canonical_train,zh_target_strict_cc_2e5c7caaf65dd8e0,negative,semantic_topic_not_controller,,no_shared_identifier,,,0.134770883661,0.044694242402,0.000000000000,no_score_change,0.134770883661
market_item.xlsx|中文暗网交易市场|seller_raw:39215||market_item.xlsx|中文暗网交易市场|seller_raw:526920,zh_target_strict,d0_current_canonical_train,zh_target_strict_cc_2e5c7caaf65dd8e0,negative,ordinary_negative,,no_shared_identifier,,,0.109471904164,0.044694242402,0.000000000000,no_score_change,0.109471904164
market_item.xlsx|中文暗网交易市场|seller_raw:39215||market_item.xlsx|中文暗网交易市场|seller_raw:67272,zh_target_strict,d0_current_canonical_train,zh_target_strict_cc_2e5c7caaf65dd8e0,negative,ordinary_negative,,no_shared_identifier,,,0.035057876670,0.044694242402,0.000000000000,no_score_change,0.035057876670
market_item.xlsx|中文暗网交易市场|seller_raw:39215||market_item.xlsx|中文暗网交易市场|seller_raw:99610,zh_target_strict,d0_current_canonical_train,zh_target_strict_cc_2e5c7caaf65dd8e0,negative,ordinary_negative,,no_shared_identifier,,,0.046422822437,0.044694242402,0.000000000000,no_score_change,0.046422822437
market_item.xlsx|中文暗网交易市场|seller_raw:394858||market_item.xlsx|茶马古道|seller_raw:/shop/445990,zh_target_strict,d0_current_canonical_train,zh_target_strict_cc_b9be85f5e430bc45,negative,semantic_topic_not_controller,1,no_shared_identifier,,,0.050471623672,0.044694242402,0.000000000000,no_score_change,0.050471623672
market_item.xlsx|中文暗网交易市场|seller_raw:39516||market_item.xlsx|中文暗网交易市场|seller_raw:64954,zh_target_strict,d0_current_canonical_train,zh_target_strict_cc_e052ce9c91056a43,positive,same_controller_style_structural_soft,,no_shared_identifier,,,0.125189251827,0.044694242402,0.000000000000,no_score_change,0.125189251827
market_item.xlsx|中文暗网交易市场|seller_raw:39793||market_item.xlsx|茶马古道|seller_raw:/shop/406032,zh_target_strict,d0_current_canonical_train,zh_target_strict_cc_bef5744dad069362,negative,semantic_topic_not_controller,1,no_shared_identifier,,,0.125450707194,0.044694242402,0.000000000000,no_score_change,0.125450707194
market_item.xlsx|中文暗网交易市场|seller_raw:399483||market_item.xlsx|茶马古道|seller_raw:/shop/394805,zh_target_strict,d0_current_canonical_train,zh_target_strict_cc_8143700a54ec0f46,negative,template_clone_not_controller,1,no_shared_identifier,,,0.319300932720,0.044694242402,0.000000000000,no_score_change,0.319300932720
market_item.xlsx|中文暗网交易市场|seller_raw:40037||market_item.xlsx|中文暗网交易市场|seller_raw:5995,zh_target_strict,d0_current_canonical_train,zh_target_strict_cc_724a7b813e90180a,negative,semantic_topic_not_controller,,no_shared_identifier,,,0.042234919653,0.044694242402,0.000000000000,no_score_change,0.042234919653
market_item.xlsx|中文暗网交易市场|seller_raw:401772||market_item.xlsx|中文暗网交易市场|seller_raw:485545,zh_target_strict,d0_current_canonical_train,zh_target_strict_cc_c4b8f5a840796f04,positive,same_controller_style_structural_soft,,no_shared_identifier,,,0.693943997055,0.044694242402,0.000000000000,no_score_change,0.693943997055
market_item.xlsx|中文暗网交易市场|seller_raw:41552||market_item.xlsx|中文暗网交易市场|seller_raw:546723,zh_target_strict,d0_current_canonical_train,zh_target_strict_cc_2e5c7caaf65dd8e0,negative,ordinary_negative,,no_shared_identifier,,,0.024799469215,0.044694242402,0.000000000000,no_score_change,0.024799469215
market_item.xlsx|中文暗网交易市场|seller_raw:41552||market_item.xlsx|中文暗网交易市场|seller_raw:569522,zh_target_strict,d0_current_canonical_train,zh_target_strict_cc_2e5c7caaf65dd8e0,negative,ordinary_negative,,no_shared_identifier,,,0.019986948091,0.044694242402,0.000000000000,no_score_change,0.019986948091
market_item.xlsx|中文暗网交易市场|seller_raw:41552||market_item.xlsx|中文暗网交易市场|seller_raw:581981,zh_target_strict,d0_current_canonical_train,zh_target_strict_cc_2e5c7caaf65dd8e0,negative,ordinary_negative,,no_shared_identifier,,,0.026275586460,0.044694242402,0.000000000000,no_score_change,0.026275586460
market_item.xlsx|中文暗网交易市场|seller_raw:41552||market_item.xlsx|茶马古道|seller_raw:/shop/411514,zh_target_strict,d0_current_canonical_train,zh_target_strict_cc_2e5c7caaf65dd8e0,negative,ordinary_negative,,no_shared_identifier,,,0.000790174347,0.044694242402,0.000000000000,no_score_change,0.000790174347
market_item.xlsx|中文暗网交易市场|seller_raw:42080||market_item.xlsx|中文暗网交易市场|seller_raw:70573,zh_target_strict,d0_current_canonical_train,zh_target_strict_cc_5ca417cf4a8ec539,positive,same_controller_style_structural_soft,1,no_shared_identifier,,,0.291509982278,0.044694242402,0.000000000000,no_score_change,0.291509982278
market_item.xlsx|中文暗网交易市场|seller_raw:428374||market_item.xlsx|中文暗网交易市场|seller_raw:517245,zh_target_strict,d0_current_canonical_train,zh_target_strict_cc_2e5c7caaf65dd8e0,negative,ordinary_negative,,no_shared_identifier,,,0.018990213452,0.044694242402,0.000000000000,no_score_change,0.018990213452
market_item.xlsx|中文暗网交易市场|seller_raw:430378||market_item.xlsx|中文暗网交易市场|seller_raw:435064,zh_target_strict,d0_current_canonical_train,zh_target_strict_cc_8d579273f8d400c6,positive,same_controller_direct_identifier,1,risky_only_shared,external_url,e5b7b4c1192e0481,0.352456375052,2.080035213680,0.000000000000,nonpositive_downgrade,0.352456375052
market_item.xlsx|中文暗网交易市场|seller_raw:432194||market_item.xlsx|中文暗网交易市场|seller_raw:605878,zh_target_strict,d0_current_canonical_train,zh_target_strict_cc_0b56a4186c660a7f,positive,same_controller_direct_identifier,1,risky_only_shared,external_url,a82c7061c557710a,0.161668836246,2.080035213680,0.000000000000,nonpositive_downgrade,0.161668836246
market_item.xlsx|中文暗网交易市场|seller_raw:433208||market_item.xlsx|中文暗网交易市场|seller_raw:433693,zh_target_strict,d0_current_canonical_train,zh_target_strict_cc_2e859afa63a87be7,positive,same_controller_style_structural_soft,1,no_shared_identifier,,,0.421805967194,0.044694242402,0.000000000000,no_score_change,0.421805967194
market_item.xlsx|中文暗网交易市场|seller_raw:433599||market_item.xlsx|中文暗网交易市场|seller_raw:435064,zh_target_strict,d0_current_canonical_train,zh_target_strict_cc_8d579273f8d400c6,positive,same_controller_direct_identifier,1,risky_only_shared,external_url,e5b7b4c1192e0481,0.421374565640,2.080035213680,0.000000000000,nonpositive_downgrade,0.421374565640
market_item.xlsx|中文暗网交易市场|seller_raw:433700||market_item.xlsx|中文暗网交易市场|seller_raw:433705,zh_target_strict,d0_current_canonical_train,zh_target_strict_cc_02aa2283e7c4b2b7,negative,template_clone_not_controller,,no_shared_identifier,,,0.442117164172,0.044694242402,0.000000000000,no_score_change,0.442117164172
market_item.xlsx|中文暗网交易市场|seller_raw:434444||market_item.xlsx|茶马古道|seller_raw:/shop/427766,zh_target_strict,d0_current_canonical_train,zh_target_strict_cc_a9ca9c9cfd7003e9,negative,semantic_topic_not_controller,1,no_shared_identifier,,,0.057131997470,0.044694242402,0.000000000000,no_score_change,0.057131997470
market_item.xlsx|中文暗网交易市场|seller_raw:435064||market_item.xlsx|中文暗网交易市场|seller_raw:606446,zh_target_strict,d0_current_canonical_train,zh_target_strict_cc_8d579273f8d400c6,positive,same_controller_direct_identifier,1,risky_only_shared,external_url,1d7714c2a922eccd,0.289907984856,2.083537491282,0.000000000000,nonpositive_downgrade,0.289907984856
market_item.xlsx|中文暗网交易市场|seller_raw:435064||market_item.xlsx|中文暗网交易市场|seller_raw:95895,zh_target_strict,d0_current_canonical_train,zh_target_strict_cc_8d579273f8d400c6,positive,same_controller_direct_identifier,1,risky_only_shared,external_url,e80bc4b091dc7ddb,0.402840002943,2.080035213680,0.000000000000,nonpositive_downgrade,0.402840002943
market_item.xlsx|中文暗网交易市场|seller_raw:438221||market_item.xlsx|中文暗网交易市场|seller_raw:61106,zh_target_strict,d0_current_canonical_train,zh_target_strict_cc_18a4e6bd2c1b0e47,negative,ordinary_negative,,no_shared_identifier,,,0.160496197821,0.044694242402,0.000000000000,no_score_change,0.160496197821
market_item.xlsx|中文暗网交易市场|seller_raw:43871||market_item.xlsx|中文暗网交易市场|seller_raw:46626,zh_target_strict,d0_current_canonical_train,zh_target_strict_cc_f4a53fc0f07dd266,positive,same_controller_style_structural_soft,,no_shared_identifier,,,0.028367056379,0.044694242402,0.000000000000,no_score_change,0.028367056379
market_item.xlsx|中文暗网交易市场|seller_raw:43871||market_item.xlsx|中文暗网交易市场|seller_raw:68679,zh_target_strict,d0_current_canonical_train,zh_target_strict_cc_f4a53fc0f07dd266,positive,same_controller_style_structural_soft,,no_shared_identifier,,,0.237356917572,0.044694242402,0.000000000000,no_score_change,0.237356917572
market_item.xlsx|中文暗网交易市场|seller_raw:44184||market_item.xlsx|茶马古道|seller_raw:/shop/424764,zh_target_strict,d0_current_canonical_train,zh_target_strict_cc_ff5e5a409587148e,negative,template_clone_not_controller,,no_shared_identifier,,,0.436799047265,0.044694242402,0.000000000000,no_score_change,0.436799047265
market_item.xlsx|中文暗网交易市场|seller_raw:44296||market_item.xlsx|茶马古道|seller_raw:/shop/393568,zh_target_strict,d0_current_canonical_train,zh_target_strict_cc_980a1719d9f0d148,negative,semantic_topic_not_controller,1,no_shared_identifier,,,0.289602733697,0.044694242402,0.000000000000,no_score_change,0.289602733697
market_item.xlsx|中文暗网交易市场|seller_raw:442988||market_item.xlsx|茶马古道|seller_raw:/shop/393295,zh_target_strict,d0_current_canonical_train,zh_target_strict_cc_6d42501cee919350,negative,semantic_topic_not_controller,1,no_shared_identifier,,,0.303150188029,0.044694242402,0.000000000000,no_score_change,0.303150188029
market_item.xlsx|中文暗网交易市场|seller_raw:443482||market_item.xlsx|中文暗网交易市场|seller_raw:455638,zh_target_strict,d0_current_canonical_train,zh_target_strict_cc_a4907cf1273476d7,positive,same_controller_direct_identifier,1,risky_only_shared,external_url,c7f8e16b341f4b0c,0.257278644794,2.080035213680,0.000000000000,nonpositive_downgrade,0.257278644794
market_item.xlsx|中文暗网交易市场|seller_raw:443620||market_item.xlsx|中文暗网交易市场|seller_raw:565911,zh_target_strict,d0_current_canonical_train,zh_target_strict_cc_c1b29797a191ad53,positive,same_controller_component_anchor,1,no_shared_identifier,,,0.412732161927,0.044694242402,0.000000000000,no_score_change,0.412732161927
market_item.xlsx|中文暗网交易市场|seller_raw:443620||market_item.xlsx|茶马古道|seller_raw:/shop/6356,zh_target_strict,d0_current_canonical_train,zh_target_strict_cc_c1b29797a191ad53,negative,template_clone_not_controller,1,no_shared_identifier,,,0.157843353906,0.044694242402,0.000000000000,no_score_change,0.157843353906
market_item.xlsx|中文暗网交易市场|seller_raw:443620||market_item.xlsx|茶马古道|seller_raw:/shop/824,zh_target_strict,d0_current_canonical_train,zh_target_strict_cc_c1b29797a191ad53,positive,same_controller_style_structural_soft,,no_shared_identifier,,,0.326304865332,0.044694242402,0.000000000000,no_score_change,0.326304865332
market_item.xlsx|中文暗网交易市场|seller_raw:444810||market_item.xlsx|中文暗网交易市场|seller_raw:79018,zh_target_strict,d0_current_canonical_train,zh_target_strict_cc_20e2bdb964e3bc04,negative,ordinary_negative,,no_shared_identifier,,,0.141108586603,0.044694242402,0.000000000000,no_score_change,0.141108586603
market_item.xlsx|中文暗网交易市场|seller_raw:44614||market_item.xlsx|茶马古道|seller_raw:/shop/8492,zh_target_strict,d0_current_canonical_train,zh_target_strict_cc_30308228dc245437,positive,same_controller_style_structural_soft,1,no_shared_identifier,,,0.142542326570,0.044694242402,0.000000000000,no_score_change,0.142542326570
market_item.xlsx|中文暗网交易市场|seller_raw:44614||market_item.xlsx|茶马古道|seller_raw:/shop/9341,zh_target_strict,d0_current_canonical_train,zh_target_strict_cc_30308228dc245437,negative,template_clone_not_controller,1,no_shared_identifier,,,0.140833324826,0.044694242402,0.000000000000,no_score_change,0.140833324826
market_item.xlsx|中文暗网交易市场|seller_raw:446883||market_item.xlsx|茶马古道|seller_raw:/shop/4165,zh_target_strict,d0_current_canonical_train,zh_target_strict_cc_713879c4ee5f08cb,positive,same_controller_style_structural_soft,1,no_shared_identifier,,,0.411594720183,0.044694242402,0.000000000000,no_score_change,0.411594720183
market_item.xlsx|中文暗网交易市场|seller_raw:446965||market_item.xlsx|中文暗网交易市场|seller_raw:45068,zh_target_strict,d0_current_canonical_train,zh_target_strict_cc_540db623f3f9599c,positive,same_controller_direct_identifier,1,risky_only_shared,external_url,77f5df5579dffe60,0.239199280075,2.077550308177,0.000000000000,nonpositive_downgrade,0.239199280075
market_item.xlsx|中文暗网交易市场|seller_raw:446965||market_item.xlsx|中文暗网交易市场|seller_raw:70840,zh_target_strict,d0_current_canonical_train,zh_target_strict_cc_540db623f3f9599c,positive,same_controller_direct_identifier,1,risky_only_shared,external_url,77f5df5579dffe60,0.293032475588,2.077550308177,0.000000000000,nonpositive_downgrade,0.293032475588
market_item.xlsx|中文暗网交易市场|seller_raw:448685||market_item.xlsx|茶马古道|seller_raw:/shop/393415,zh_target_strict,d0_current_canonical_train,zh_target_strict_cc_ea582c736a57d944,negative,semantic_topic_not_controller,,no_shared_identifier,,,0.064981068875,0.044694242402,0.000000000000,no_score_change,0.064981068875
market_item.xlsx|中文暗网交易市场|seller_raw:44940||market_item.xlsx|茶马古道|seller_raw:/shop/666,zh_target_strict,d0_current_canonical_train,zh_target_strict_cc_e21c6d7e9969daf0,negative,semantic_topic_not_controller,1,no_shared_identifier,,,0.048826234293,0.044694242402,0.000000000000,no_score_change,0.048826234293
market_item.xlsx|中文暗网交易市场|seller_raw:45068||market_item.xlsx|中文暗网交易市场|seller_raw:70840,zh_target_strict,d0_current_canonical_train,zh_target_strict_cc_540db623f3f9599c,positive,same_controller_direct_identifier,1,risky_only_shared,external_url,77f5df5579dffe60,0.359341638743,2.077550308177,0.000000000000,nonpositive_downgrade,0.359341638743
market_item.xlsx|中文暗网交易市场|seller_raw:45139||market_item.xlsx|中文暗网交易市场|seller_raw:517245,zh_target_strict,d0_current_canonical_train,zh_target_strict_cc_2e5c7caaf65dd8e0,negative,ordinary_negative,,no_shared_identifier,,,0.014034169258,0.044694242402,0.000000000000,no_score_change,0.014034169258
market_item.xlsx|中文暗网交易市场|seller_raw:45139||market_item.xlsx|中文暗网交易市场|seller_raw:566597,zh_target_strict,d0_current_canonical_train,zh_target_strict_cc_2e5c7caaf65dd8e0,negative,ordinary_negative,,no_shared_identifier,,,0.006485204130,0.044694242402,0.000000000000,no_score_change,0.006485204130
market_item.xlsx|中文暗网交易市场|seller_raw:45139||market_item.xlsx|中文暗网交易市场|seller_raw:99610,zh_target_strict,d0_current_canonical_train,zh_target_strict_cc_2e5c7caaf65dd8e0,negative,ordinary_negative,,no_shared_identifier,,,0.015583364437,0.044694242402,0.000000000000,no_score_change,0.015583364437
market_item.xlsx|中文暗网交易市场|seller_raw:45194||market_item.xlsx|茶马古道|seller_raw:/shop/409483,zh_target_strict,d0_current_canonical_train,zh_target_strict_cc_e7f110e0f3cbd929,negative,semantic_topic_not_controller,1,no_shared_identifier,,,0.147261932067,0.044694242402,0.000000000000,no_score_change,0.147261932067
market_item.xlsx|中文暗网交易市场|seller_raw:455327||market_item.xlsx|茶马古道|seller_raw:/shop/441359,zh_target_strict,d0_current_canonical_train,zh_target_strict_cc_af15240d9d8910cb,positive,same_controller_style_structural_soft,1,no_shared_identifier,,,0.364382182377,0.044694242402,0.000000000000,no_score_change,0.364382182377
market_item.xlsx|中文暗网交易市场|seller_raw:459538||market_item.xlsx|中文暗网交易市场|seller_raw:470183,zh_target_strict,d0_current_canonical_train,zh_target_strict_cc_2e5c7caaf65dd8e0,negative,ordinary_negative,,no_shared_identifier,,,0.062228553960,0.044694242402,0.000000000000,no_score_change,0.062228553960
market_item.xlsx|中文暗网交易市场|seller_raw:459538||market_item.xlsx|中文暗网交易市场|seller_raw:511033,zh_target_strict,d0_current_canonical_train,zh_target_strict_cc_2e5c7caaf65dd8e0,negative,ordinary_negative,,no_shared_identifier,,,0.001889725729,0.044694242402,0.000000000000,no_score_change,0.001889725729
market_item.xlsx|中文暗网交易市场|seller_raw:459538||market_item.xlsx|中文暗网交易市场|seller_raw:526920,zh_target_strict,d0_current_canonical_train,zh_target_strict_cc_2e5c7caaf65dd8e0,negative,ordinary_negative,,no_shared_identifier,,,0.102160190363,0.044694242402,0.000000000000,no_score_change,0.102160190363
market_item.xlsx|中文暗网交易市场|seller_raw:459538||market_item.xlsx|中文暗网交易市场|seller_raw:531087,zh_target_strict,d0_current_canonical_train,zh_target_strict_cc_2e5c7caaf65dd8e0,negative,ordinary_negative,,no_shared_identifier,,,0.020455143104,0.044694242402,0.000000000000,no_score_change,0.020455143104
market_item.xlsx|中文暗网交易市场|seller_raw:459538||market_item.xlsx|中文暗网交易市场|seller_raw:565148,zh_target_strict,d0_current_canonical_train,zh_target_strict_cc_2e5c7caaf65dd8e0,negative,ordinary_negative,,no_shared_identifier,,,0.019267007303,0.044694242402,0.000000000000,no_score_change,0.019267007303
market_item.xlsx|中文暗网交易市场|seller_raw:459538||market_item.xlsx|中文暗网交易市场|seller_raw:565149,zh_target_strict,d0_current_canonical_train,zh_target_strict_cc_2e5c7caaf65dd8e0,negative,ordinary_negative,,no_shared_identifier,,,0.069571303441,0.044694242402,0.000000000000,no_score_change,0.069571303441
market_item.xlsx|中文暗网交易市场|seller_raw:459538||market_item.xlsx|中文暗网交易市场|seller_raw:596616,zh_target_strict,d0_current_canonical_train,zh_target_strict_cc_2e5c7caaf65dd8e0,negative,ordinary_negative,,no_shared_identifier,,,0.061117358160,0.044694242402,0.000000000000,no_score_change,0.061117358160
market_item.xlsx|中文暗网交易市场|seller_raw:459702||market_item.xlsx|茶马古道|seller_raw:/shop/2937,zh_target_strict,d0_current_canonical_train,zh_target_strict_cc_bda6d94a4056b6e4,negative,template_clone_not_controller,1,no_shared_identifier,,,0.334792062910,0.044694242402,0.000000000000,no_score_change,0.334792062910
market_item.xlsx|中文暗网交易市场|seller_raw:462296||market_item.xlsx|中文暗网交易市场|seller_raw:534628,zh_target_strict,d0_current_canonical_train,zh_target_strict_cc_290f4bfb9bba0476,positive,same_controller_component_anchor,1,risky_only_shared,external_url,c333d6d95fa4cd0f,0.266285430088,2.077550308177,0.000000000000,nonpositive_downgrade,0.266285430088
market_item.xlsx|中文暗网交易市场|seller_raw:462296||market_item.xlsx|中文暗网交易市场|seller_raw:562478,zh_target_strict,d0_current_canonical_train,zh_target_strict_cc_290f4bfb9bba0476,positive,same_controller_direct_identifier,1,risky_only_shared,external_url,c333d6d95fa4cd0f,0.359068955528,2.077550308177,0.000000000000,nonpositive_downgrade,0.359068955528
market_item.xlsx|中文暗网交易市场|seller_raw:462296||market_item.xlsx|中文暗网交易市场|seller_raw:605663,zh_target_strict,d0_current_canonical_train,zh_target_strict_cc_290f4bfb9bba0476,positive,same_controller_component_anchor,1,risky_only_shared,external_url,c333d6d95fa4cd0f,0.711125837281,2.077550308177,0.000000000000,nonpositive_downgrade,0.711125837281
market_item.xlsx|中文暗网交易市场|seller_raw:462418||market_item.xlsx|中文暗网交易市场|seller_raw:6639,zh_target_strict,d0_current_canonical_train,zh_target_strict_cc_69603dfb2bfd9f9f,negative,ordinary_negative,,no_shared_identifier,,,0.146584018259,0.044694242402,0.000000000000,no_score_change,0.146584018259
market_item.xlsx|中文暗网交易市场|seller_raw:462585||market_item.xlsx|中文暗网交易市场|seller_raw:466000,zh_target_strict,d0_current_canonical_train,zh_target_strict_cc_1d6517872128664d,positive,same_controller_direct_identifier,1,risky_only_shared,external_url,f44a80329a282179,0.279119627482,2.077550308177,0.000000000000,nonpositive_downgrade,0.279119627482
market_item.xlsx|中文暗网交易市场|seller_raw:463658||market_item.xlsx|茶马古道|seller_raw:/shop/451053,zh_target_strict,d0_current_canonical_train,zh_target_strict_cc_c7d9a8fe3fa74e95,negative,semantic_topic_not_controller,1,no_shared_identifier,,,0.012180100590,0.044694242402,0.000000000000,no_score_change,0.012180100590
market_item.xlsx|中文暗网交易市场|seller_raw:464241||market_item.xlsx|茶马古道|seller_raw:/shop/6242,zh_target_strict,d0_current_canonical_train,zh_target_strict_cc_bdbbd819a13285cb,negative,template_clone_not_controller,1,no_shared_identifier,,,0.158244911212,0.044694242402,0.000000000000,no_score_change,0.158244911212
market_item.xlsx|中文暗网交易市场|seller_raw:46424||market_item.xlsx|中文暗网交易市场|seller_raw:48067,zh_target_strict,d0_current_canonical_train,zh_target_strict_cc_b1583d3bd57254f1,negative,semantic_topic_not_controller,,no_shared_identifier,,,0.117586262634,0.044694242402,0.000000000000,no_score_change,0.117586262634
market_item.xlsx|中文暗网交易市场|seller_raw:465763||market_item.xlsx|中文暗网交易市场|seller_raw:499990,zh_target_strict,d0_current_canonical_train,zh_target_strict_cc_540db623f3f9599c,positive,same_controller_style_structural_soft,1,risky_only_shared,external_url,465722f9157340b8,0.378584839317,2.077550308177,0.000000000000,nonpositive_downgrade,0.378584839317
market_item.xlsx|中文暗网交易市场|seller_raw:465763||market_item.xlsx|中文暗网交易市场|seller_raw:501102,zh_target_strict,d0_current_canonical_train,zh_target_strict_cc_540db623f3f9599c,positive,same_controller_direct_identifier,1,risky_only_shared,external_url,fa963c2c84d81e27;bb7fc882436d1c12,0.349128387139,2.599957617696,0.000000000000,nonpositive_downgrade,0.349128387139
market_item.xlsx|中文暗网交易市场|seller_raw:465763||market_item.xlsx|中文暗网交易市场|seller_raw:537697,zh_target_strict,d0_current_canonical_train,zh_target_strict_cc_540db623f3f9599c,positive,same_controller_direct_identifier,1,risky_only_shared,external_url,fa963c2c84d81e27,0.311262075567,2.080035213680,0.000000000000,nonpositive_downgrade,0.311262075567
market_item.xlsx|中文暗网交易市场|seller_raw:465763||market_item.xlsx|中文暗网交易市场|seller_raw:555666,zh_target_strict,d0_current_canonical_train,zh_target_strict_cc_540db623f3f9599c,positive,same_controller_direct_identifier,1,risky_only_shared,external_url,8a548b1a81920d84,0.142948317739,2.080035213680,0.000000000000,nonpositive_downgrade,0.142948317739
market_item.xlsx|中文暗网交易市场|seller_raw:465763||market_item.xlsx|中文暗网交易市场|seller_raw:596304,zh_target_strict,d0_current_canonical_train,zh_target_strict_cc_540db623f3f9599c,positive,same_controller_direct_identifier,1,risky_only_shared,external_url,fa963c2c84d81e27,0.282685276130,2.080035213680,0.000000000000,nonpositive_downgrade,0.282685276130
market_item.xlsx|中文暗网交易市场|seller_raw:46626||market_item.xlsx|中文暗网交易市场|seller_raw:68679,zh_target_strict,d0_current_canonical_train,zh_target_strict_cc_f4a53fc0f07dd266,negative,ordinary_negative,,no_shared_identifier,,,0.010740209192,0.044694242402,0.000000000000,no_score_change,0.010740209192
market_item.xlsx|中文暗网交易市场|seller_raw:469144||market_item.xlsx|茶马古道|seller_raw:/shop/417610,zh_target_strict,d0_current_canonical_train,zh_target_strict_cc_a075d160d8e9bceb,negative,template_clone_not_controller,1,no_shared_identifier,,,0.300372433048,0.044694242402,0.000000000000,no_score_change,0.300372433048
market_item.xlsx|中文暗网交易市场|seller_raw:470183||market_item.xlsx|中文暗网交易市场|seller_raw:554409,zh_target_strict,d0_current_canonical_train,zh_target_strict_cc_2e5c7caaf65dd8e0,negative,ordinary_negative,,no_shared_identifier,,,0.030397799566,0.044694242402,0.000000000000,no_score_change,0.030397799566
market_item.xlsx|中文暗网交易市场|seller_raw:470314||market_item.xlsx|中文暗网交易市场|seller_raw:472166,zh_target_strict,d0_current_canonical_train,zh_target_strict_cc_2e920f6c519b2ad9,positive,same_controller_style_structural_soft,1,no_shared_identifier,,,0.466920430598,0.044694242402,0.000000000000,no_score_change,0.466920430598
market_item.xlsx|中文暗网交易市场|seller_raw:471824||market_item.xlsx|茶马古道|seller_raw:/shop/7611,zh_target_strict,d0_current_canonical_train,zh_target_strict_cc_4c314b10f707c75d,negative,semantic_topic_not_controller,,no_shared_identifier,,,0.191267084056,0.044694242402,0.000000000000,no_score_change,0.191267084056
market_item.xlsx|中文暗网交易市场|seller_raw:472165||market_item.xlsx|茶马古道|seller_raw:/shop/402703,zh_target_strict,d0_current_canonical_train,zh_target_strict_cc_0507bae91408c271,positive,same_controller_style_structural_soft,1,no_shared_identifier,,,0.348009281895,0.044694242402,0.000000000000,no_score_change,0.348009281895
market_item.xlsx|中文暗网交易市场|seller_raw:47248||market_item.xlsx|茶马古道|seller_raw:/shop/413530,zh_target_strict,d0_current_canonical_train,zh_target_strict_cc_e4b823abe5885998,negative,semantic_topic_not_controller,,no_shared_identifier,,,0.031925739748,0.044694242402,0.000000000000,no_score_change,0.031925739748
market_item.xlsx|中文暗网交易市场|seller_raw:473991||market_item.xlsx|中文暗网交易市场|seller_raw:511033,zh_target_strict,d0_current_canonical_train,zh_target_strict_cc_2e5c7caaf65dd8e0,negative,ordinary_negative,,no_shared_identifier,,,0.002982058401,0.044694242402,0.000000000000,no_score_change,0.002982058401
market_item.xlsx|中文暗网交易市场|seller_raw:473991||market_item.xlsx|中文暗网交易市场|seller_raw:58949,zh_target_strict,d0_current_canonical_train,zh_target_strict_cc_2e5c7caaf65dd8e0,negative,ordinary_negative,,no_shared_identifier,,,0.029442332687,0.044694242402,0.000000000000,no_score_change,0.029442332687
market_item.xlsx|中文暗网交易市场|seller_raw:47411||market_item.xlsx|中文暗网交易市场|seller_raw:60931,zh_target_strict,d0_current_canonical_train,zh_target_strict_cc_0209f4b7c62ccade,negative,ordinary_negative,,no_shared_identifier,,,0.046193767432,0.044694242402,0.000000000000,no_score_change,0.046193767432
market_item.xlsx|中文暗网交易市场|seller_raw:475252||market_item.xlsx|茶马古道|seller_raw:/shop/405740,zh_target_strict,d0_current_canonical_train,zh_target_strict_cc_dd6e633ee72cde4d,negative,template_clone_not_controller,1,no_shared_identifier,,,0.248022101047,0.044694242402,0.000000000000,no_score_change,0.248022101047
market_item.xlsx|中文暗网交易市场|seller_raw:477393||market_item.xlsx|茶马古道|seller_raw:/shop/395183,zh_target_strict,d0_current_canonical_train,zh_target_strict_cc_07947c74f4a83d0c,negative,semantic_topic_not_controller,1,no_shared_identifier,,,0.076007628969,0.044694242402,0.000000000000,no_score_change,0.076007628969
market_item.xlsx|中文暗网交易市场|seller_raw:480285||market_item.xlsx|茶马古道|seller_raw:/shop/397872,zh_target_strict,d0_current_canonical_train,zh_target_strict_cc_794815366de86d2f,negative,template_clone_not_controller,,no_shared_identifier,,,0.405764996957,0.044694242402,0.000000000000,no_score_change,0.405764996957
market_item.xlsx|中文暗网交易市场|seller_raw:481496||market_item.xlsx|茶马古道|seller_raw:/shop/425743,zh_target_strict,d0_current_canonical_train,zh_target_strict_cc_1f4127399fdc1e9b,negative,template_clone_not_controller,1,no_shared_identifier,,,0.224886748598,0.044694242402,0.000000000000,no_score_change,0.224886748598
market_item.xlsx|中文暗网交易市场|seller_raw:482639||market_item.xlsx|茶马古道|seller_raw:/shop/425743,zh_target_strict,d0_current_canonical_train,zh_target_strict_cc_1f4127399fdc1e9b,negative,template_clone_not_controller,,no_shared_identifier,,,0.370221331976,0.044694242402,0.000000000000,no_score_change,0.370221331976
market_item.xlsx|中文暗网交易市场|seller_raw:484447||market_item.xlsx|茶马古道|seller_raw:/shop/425743,zh_target_strict,d0_current_canonical_train,zh_target_strict_cc_1f4127399fdc1e9b,negative,template_clone_not_controller,1,no_shared_identifier,,,0.647690128522,0.044694242402,0.000000000000,no_score_change,0.647690128522
market_item.xlsx|中文暗网交易市场|seller_raw:486448||market_item.xlsx|茶马古道|seller_raw:/shop/433371,zh_target_strict,d0_current_canonical_train,zh_target_strict_cc_ebd28321d0ad1cd9,positive,same_controller_style_structural_soft,1,no_shared_identifier,,,0.402882846621,0.044694242402,0.000000000000,no_score_change,0.402882846621
market_item.xlsx|中文暗网交易市场|seller_raw:48851||market_item.xlsx|茶马古道|seller_raw:/shop/395223,zh_target_strict,d0_current_canonical_train,zh_target_strict_cc_2e5c7caaf65dd8e0,negative,ordinary_negative,,no_shared_identifier,,,0.017714207103,0.044694242402,0.000000000000,no_score_change,0.017714207103
market_item.xlsx|中文暗网交易市场|seller_raw:48851||market_item.xlsx|茶马古道|seller_raw:/shop/437369,zh_target_strict,d0_current_canonical_train,zh_target_strict_cc_2e5c7caaf65dd8e0,negative,ordinary_negative,,no_shared_identifier,,,0.015343030530,0.044694242402,0.000000000000,no_score_change,0.015343030530
market_item.xlsx|中文暗网交易市场|seller_raw:48851||market_item.xlsx|茶马古道|seller_raw:/shop/448464,zh_target_strict,d0_current_canonical_train,zh_target_strict_cc_2e5c7caaf65dd8e0,negative,semantic_topic_not_controller,,no_shared_identifier,,,0.024369416499,0.044694242402,0.000000000000,no_score_change,0.024369416499
market_item.xlsx|中文暗网交易市场|seller_raw:489129||market_item.xlsx|中文暗网交易市场|seller_raw:55721,zh_target_strict,d0_current_canonical_train,zh_target_strict_cc_2e5c7caaf65dd8e0,negative,ordinary_negative,,no_shared_identifier,,,0.028963130138,0.044694242402,0.000000000000,no_score_change,0.028963130138
market_item.xlsx|中文暗网交易市场|seller_raw:489129||market_item.xlsx|中文暗网交易市场|seller_raw:67272,zh_target_strict,d0_current_canonical_train,zh_target_strict_cc_2e5c7caaf65dd8e0,negative,semantic_topic_not_controller,,no_shared_identifier,,,0.039744574939,0.044694242402,0.000000000000,no_score_change,0.039744574939
market_item.xlsx|中文暗网交易市场|seller_raw:489129||market_item.xlsx|中文暗网交易市场|seller_raw:99610,zh_target_strict,d0_current_canonical_train,zh_target_strict_cc_2e5c7caaf65dd8e0,negative,ordinary_negative,,no_shared_identifier,,,0.030312607194,0.044694242402,0.000000000000,no_score_change,0.030312607194
market_item.xlsx|中文暗网交易市场|seller_raw:489594||market_item.xlsx|茶马古道|seller_raw:/shop/397778,zh_target_strict,d0_current_canonical_train,zh_target_strict_cc_1ace3a6450507803,negative,semantic_topic_not_controller,1,no_shared_identifier,,,0.135131582041,0.044694242402,0.000000000000,no_score_change,0.135131582041
market_item.xlsx|中文暗网交易市场|seller_raw:490465||market_item.xlsx|茶马古道|seller_raw:/shop/394471,zh_target_strict,d0_current_canonical_train,zh_target_strict_cc_efca46e72d966ee9,positive,same_controller_style_structural_soft,1,no_shared_identifier,,,0.456159528280,0.044694242402,0.000000000000,no_score_change,0.456159528280
market_item.xlsx|中文暗网交易市场|seller_raw:491210||market_item.xlsx|中文暗网交易市场|seller_raw:519199,zh_target_strict,d0_current_canonical_train,zh_target_strict_cc_6c892e776bb10ae4,negative,template_clone_not_controller,,no_shared_identifier,,,0.382022430443,0.044694242402,0.000000000000,no_score_change,0.382022430443
market_item.xlsx|中文暗网交易市场|seller_raw:492558||market_item.xlsx|茶马古道|seller_raw:/shop/406794,zh_target_strict,d0_current_canonical_train,zh_target_strict_cc_389e783f2488c7c0,negative,semantic_topic_not_controller,1,no_shared_identifier,,,0.030883201472,0.044694242402,0.000000000000,no_score_change,0.030883201472
market_item.xlsx|中文暗网交易市场|seller_raw:492600||market_item.xlsx|中文暗网交易市场|seller_raw:496475,zh_target_strict,d0_current_canonical_train,zh_target_strict_cc_75bf62566023d013,negative,template_clone_not_controller,,no_shared_identifier,,,0.164753966111,0.044694242402,0.000000000000,no_score_change,0.164753966111
market_item.xlsx|中文暗网交易市场|seller_raw:494256||market_item.xlsx|茶马古道|seller_raw:/shop/433651,zh_target_strict,d0_current_canonical_train,zh_target_strict_cc_2e5c7caaf65dd8e0,negative,template_clone_not_controller,1,no_shared_identifier,,,0.361860328161,0.044694242402,0.000000000000,no_score_change,0.361860328161
market_item.xlsx|中文暗网交易市场|seller_raw:499031||market_item.xlsx|茶马古道|seller_raw:/shop/393847,zh_target_strict,d0_current_canonical_train,zh_target_strict_cc_9e435cf6bbaaa3e5,negative,semantic_topic_not_controller,1,no_shared_identifier,,,0.392687097147,0.044694242402,0.000000000000,no_score_change,0.392687097147
market_item.xlsx|中文暗网交易市场|seller_raw:499135||market_item.xlsx|茶马古道|seller_raw:/shop/419283,zh_target_strict,d0_current_canonical_train,zh_target_strict_cc_f186831a8ff4c7f7,negative,template_clone_not_controller,1,no_shared_identifier,,,0.053172661285,0.044694242402,0.000000000000,no_score_change,0.053172661285
market_item.xlsx|中文暗网交易市场|seller_raw:501102||market_item.xlsx|中文暗网交易市场|seller_raw:537697,zh_target_strict,d0_current_canonical_train,zh_target_strict_cc_540db623f3f9599c,positive,same_controller_direct_identifier,1,risky_only_shared,external_url,fa963c2c84d81e27,0.315299387057,2.077550308177,0.000000000000,nonpositive_downgrade,0.315299387057
market_item.xlsx|中文暗网交易市场|seller_raw:501102||market_item.xlsx|中文暗网交易市场|seller_raw:566697,zh_target_strict,d0_current_canonical_train,zh_target_strict_cc_540db623f3f9599c,positive,same_controller_direct_identifier,1,risky_only_shared,external_url,5e25974280d8f8d3,0.380587658580,2.077550308177,0.000000000000,nonpositive_downgrade,0.380587658580
market_item.xlsx|中文暗网交易市场|seller_raw:501102||market_item.xlsx|中文暗网交易市场|seller_raw:596304,zh_target_strict,d0_current_canonical_train,zh_target_strict_cc_540db623f3f9599c,positive,same_controller_direct_identifier,1,risky_only_shared,external_url,fa963c2c84d81e27,0.327917437918,2.077550308177,0.000000000000,nonpositive_downgrade,0.327917437918
market_item.xlsx|中文暗网交易市场|seller_raw:502030||market_item.xlsx|中文暗网交易市场|seller_raw:53014,zh_target_strict,d0_current_canonical_train,zh_target_strict_cc_f65cdcbf3ab490cb,positive,same_controller_direct_identifier,1,risky_only_shared,external_url,0da748776ca76924,0.326030679832,2.077550308177,0.000000000000,nonpositive_downgrade,0.326030679832
market_item.xlsx|中文暗网交易市场|seller_raw:502245||market_item.xlsx|茶马古道|seller_raw:/shop/7924,zh_target_strict,d0_current_canonical_train,zh_target_strict_cc_a674ba2bd68a41e6,negative,template_clone_not_controller,1,no_shared_identifier,,,0.162127954530,0.044694242402,0.000000000000,no_score_change,0.162127954530
market_item.xlsx|中文暗网交易市场|seller_raw:503330||market_item.xlsx|中文暗网交易市场|seller_raw:639133,zh_target_strict,d0_current_canonical_train,zh_target_strict_cc_0fd9a9da668d452e,positive,same_controller_component_anchor,1,no_shared_identifier,,,0.435048113565,0.044694242402,0.000000000000,no_score_change,0.435048113565
market_item.xlsx|中文暗网交易市场|seller_raw:503330||market_item.xlsx|茶马古道|seller_raw:/shop/430143,zh_target_strict,d0_current_canonical_train,zh_target_strict_cc_0fd9a9da668d452e,positive,same_controller_style_structural_soft,1,no_shared_identifier,,,0.398648357898,0.044694242402,0.000000000000,no_score_change,0.398648357898
market_item.xlsx|中文暗网交易市场|seller_raw:504138||market_item.xlsx|中文暗网交易市场|seller_raw:67272,zh_target_strict,d0_current_canonical_train,zh_target_strict_cc_2e5c7caaf65dd8e0,negative,ordinary_negative,,no_shared_identifier,,,0.031920590386,0.044694242402,0.000000000000,no_score_change,0.031920590386
market_item.xlsx|中文暗网交易市场|seller_raw:504138||market_item.xlsx|茶马古道|seller_raw:/shop/265,zh_target_strict,d0_current_canonical_train,zh_target_strict_cc_2e5c7caaf65dd8e0,negative,semantic_topic_not_controller,,no_shared_identifier,,,0.077070967672,0.044694242402,0.000000000000,no_score_change,0.077070967672
market_item.xlsx|中文暗网交易市场|seller_raw:504187||market_item.xlsx|茶马古道|seller_raw:/shop/409287,zh_target_strict,d0_current_canonical_train,zh_target_strict_cc_c1efc297ca499bb8,positive,same_controller_style_structural_soft,1,no_shared_identifier,,,0.365690357740,0.044694242402,0.000000000000,no_score_change,0.365690357740
market_item.xlsx|中文暗网交易市场|seller_raw:504679||market_item.xlsx|茶马古道|seller_raw:/shop/422538,zh_target_strict,d0_current_canonical_train,zh_target_strict_cc_274e42e6b17c18b4,negative,semantic_topic_not_controller,1,no_shared_identifier,,,0.295373001156,0.044694242402,0.000000000000,no_score_change,0.295373001156
market_item.xlsx|中文暗网交易市场|seller_raw:505805||market_item.xlsx|中文暗网交易市场|seller_raw:533980,zh_target_strict,d0_current_canonical_train,zh_target_strict_cc_8a36a12d1bb0d48c,negative,ordinary_negative,,no_shared_identifier,,,0.009681875089,0.044694242402,0.000000000000,no_score_change,0.009681875089
market_item.xlsx|中文暗网交易市场|seller_raw:506172||market_item.xlsx|茶马古道|seller_raw:/shop/395950,zh_target_strict,d0_current_canonical_train,zh_target_strict_cc_24560515b232e815,positive,same_controller_style_structural_soft,1,no_shared_identifier,,,0.330450425183,0.044694242402,0.000000000000,no_score_change,0.330450425183
market_item.xlsx|中文暗网交易市场|seller_raw:506438||market_item.xlsx|茶马古道|seller_raw:/shop/463712,zh_target_strict,d0_current_canonical_train,zh_target_strict_cc_aa08c51a98212568,negative,ordinary_negative,,no_shared_identifier,,,0.008909721129,0.044694242402,0.000000000000,no_score_change,0.008909721129
market_item.xlsx|中文暗网交易市场|seller_raw:506844||market_item.xlsx|中文暗网交易市场|seller_raw:563186,zh_target_strict,d0_current_canonical_train,zh_target_strict_cc_03788caa8b8ddae2,positive,same_controller_style_structural_soft,1,no_shared_identifier,,,0.429459139839,0.044694242402,0.000000000000,no_score_change,0.429459139839
market_item.xlsx|中文暗网交易市场|seller_raw:508275||market_item.xlsx|茶马古道|seller_raw:/shop/439438,zh_target_strict,d0_current_canonical_train,zh_target_strict_cc_24468cf3d79f4986,negative,template_clone_not_controller,1,no_shared_identifier,,,0.233185735359,0.044694242402,0.000000000000,no_score_change,0.233185735359
market_item.xlsx|中文暗网交易市场|seller_raw:510154||market_item.xlsx|茶马古道|seller_raw:/shop/436749,zh_target_strict,d0_current_canonical_train,zh_target_strict_cc_aa4d7cbe998149ab,positive,same_controller_style_structural_soft,1,no_shared_identifier,,,0.262568713008,0.044694242402,0.000000000000,no_score_change,0.262568713008
market_item.xlsx|中文暗网交易市场|seller_raw:510509||market_item.xlsx|茶马古道|seller_raw:/shop/443084,zh_target_strict,d0_current_canonical_train,zh_target_strict_cc_efbaf66d35e81d47,positive,same_controller_style_structural_soft,1,no_shared_identifier,,,0.355085344796,0.044694242402,0.000000000000,no_score_change,0.355085344796
market_item.xlsx|中文暗网交易市场|seller_raw:511033||market_item.xlsx|中文暗网交易市场|seller_raw:543832,zh_target_strict,d0_current_canonical_train,zh_target_strict_cc_2e5c7caaf65dd8e0,negative,ordinary_negative,,no_shared_identifier,,,0.002014395454,0.044694242402,0.000000000000,no_score_change,0.002014395454
market_item.xlsx|中文暗网交易市场|seller_raw:511033||market_item.xlsx|中文暗网交易市场|seller_raw:58949,zh_target_strict,d0_current_canonical_train,zh_target_strict_cc_2e5c7caaf65dd8e0,negative,ordinary_negative,,no_shared_identifier,,,0.001440615012,0.044694242402,0.000000000000,no_score_change,0.001440615012
market_item.xlsx|中文暗网交易市场|seller_raw:512373||market_item.xlsx|茶马古道|seller_raw:/shop/397778,zh_target_strict,d0_current_canonical_train,zh_target_strict_cc_1ace3a6450507803,negative,template_clone_not_controller,1,no_shared_identifier,,,0.565017256531,0.044694242402,0.000000000000,no_score_change,0.565017256531
market_item.xlsx|中文暗网交易市场|seller_raw:512567||market_item.xlsx|茶马古道|seller_raw:/shop/397778,zh_target_strict,d0_current_canonical_train,zh_target_strict_cc_1ace3a6450507803,negative,template_clone_not_controller,1,no_shared_identifier,,,0.063375456884,0.044694242402,0.000000000000,no_score_change,0.063375456884
market_item.xlsx|中文暗网交易市场|seller_raw:512768||market_item.xlsx|茶马古道|seller_raw:/shop/397527,zh_target_strict,d0_current_canonical_train,zh_target_strict_cc_5ccbcc47c3519a86,negative,template_clone_not_controller,1,no_shared_identifier,,,0.311348059387,0.044694242402,0.000000000000,no_score_change,0.311348059387
market_item.xlsx|中文暗网交易市场|seller_raw:514214||market_item.xlsx|茶马古道|seller_raw:/shop/397707,zh_target_strict,d0_current_canonical_train,zh_target_strict_cc_2e5c7caaf65dd8e0,negative,template_clone_not_controller,,no_shared_identifier,,,0.413262453599,0.044694242402,0.000000000000,no_score_change,0.413262453599
market_item.xlsx|中文暗网交易市场|seller_raw:51470||market_item.xlsx|中文暗网交易市场|seller_raw:54210,zh_target_strict,d0_current_canonical_train,zh_target_strict_cc_f7f70f2184be4bbd,positive,same_controller_direct_identifier,1,risky_only_shared,external_url,69b1b19531c2fc89,0.277289048390,2.077550308177,0.000000000000,nonpositive_downgrade,0.277289048390
market_item.xlsx|中文暗网交易市场|seller_raw:51470||market_item.xlsx|茶马古道|seller_raw:/shop/400997,zh_target_strict,d0_current_canonical_train,zh_target_strict_cc_f7f70f2184be4bbd,positive,same_controller_direct_identifier,1,risky_only_shared,external_url,69b1b19531c2fc89,0.181083531308,2.371253604378,0.000000000000,nonpositive_downgrade,0.181083531308
market_item.xlsx|中文暗网交易市场|seller_raw:514819||market_item.xlsx|中文暗网交易市场|seller_raw:640120,zh_target_strict,d0_current_canonical_train,zh_target_strict_cc_8045caf98ada5b55,negative,template_clone_not_controller,,no_shared_identifier,,,0.302208906879,0.044694242402,0.000000000000,no_score_change,0.302208906879
market_item.xlsx|中文暗网交易市场|seller_raw:514820||market_item.xlsx|茶马古道|seller_raw:/shop/397707,zh_target_strict,d0_current_canonical_train,zh_target_strict_cc_2e5c7caaf65dd8e0,negative,template_clone_not_controller,1,no_shared_identifier,,,0.375697822569,0.044694242402,0.000000000000,no_score_change,0.375697822569
market_item.xlsx|中文暗网交易市场|seller_raw:516000||market_item.xlsx|茶马古道|seller_raw:/shop/5524,zh_target_strict,d0_current_canonical_train,zh_target_strict_cc_5ab9a9542992a12d,positive,same_controller_direct_identifier,1,risky_only_shared,email,40fe85131ad14515;b60d0682603fd402,0.063268230825,2.669450587522,0.000000000000,nonpositive_downgrade,0.063268230825
market_item.xlsx|中文暗网交易市场|seller_raw:51690||market_item.xlsx|中文暗网交易市场|seller_raw:67272,zh_target_strict,d0_current_canonical_train,zh_target_strict_cc_2e5c7caaf65dd8e0,negative,semantic_topic_not_controller,1,no_shared_identifier,,,0.019401545038,0.044694242402,0.000000000000,no_score_change,0.019401545038
market_item.xlsx|中文暗网交易市场|seller_raw:51690||market_item.xlsx|中文暗网交易市场|seller_raw:99610,zh_target_strict,d0_current_canonical_train,zh_target_strict_cc_2e5c7caaf65dd8e0,negative,ordinary_negative,,no_shared_identifier,,,0.007219435338,0.044694242402,0.000000000000,no_score_change,0.007219435338
market_item.xlsx|中文暗网交易市场|seller_raw:517002||market_item.xlsx|茶马古道|seller_raw:/shop/397778,zh_target_strict,d0_current_canonical_train,zh_target_strict_cc_1ace3a6450507803,positive,same_controller_style_structural_soft,1,no_shared_identifier,,,0.430107457616,0.044694242402,0.000000000000,no_score_change,0.430107457616
market_item.xlsx|中文暗网交易市场|seller_raw:518336||market_item.xlsx|茶马古道|seller_raw:/shop/397707,zh_target_strict,d0_current_canonical_train,zh_target_strict_cc_2e5c7caaf65dd8e0,negative,template_clone_not_controller,1,no_shared_identifier,,,0.053169831858,0.044694242402,0.000000000000,no_score_change,0.053169831858
market_item.xlsx|中文暗网交易市场|seller_raw:519199||market_item.xlsx|茶马古道|seller_raw:/shop/8506,zh_target_strict,d0_current_canonical_train,zh_target_strict_cc_6c892e776bb10ae4,negative,template_clone_not_controller,1,no_shared_identifier,,,0.287198640098,0.044694242402,0.000000000000,no_score_change,0.287198640098
market_item.xlsx|中文暗网交易市场|seller_raw:525739||market_item.xlsx|茶马古道|seller_raw:/shop/397707,zh_target_strict,d0_current_canonical_train,zh_target_strict_cc_2e5c7caaf65dd8e0,negative,template_clone_not_controller,1,no_shared_identifier,,,0.438761515971,0.044694242402,0.000000000000,no_score_change,0.438761515971
market_item.xlsx|中文暗网交易市场|seller_raw:526002||market_item.xlsx|茶马古道|seller_raw:/shop/397407,zh_target_strict,d0_current_canonical_train,zh_target_strict_cc_0fcff25a0c3bd050,negative,template_clone_not_controller,1,no_shared_identifier,,,0.309340717618,0.044694242402,0.000000000000,no_score_change,0.309340717618
market_item.xlsx|中文暗网交易市场|seller_raw:526048||market_item.xlsx|茶马古道|seller_raw:/shop/397407,zh_target_strict,d0_current_canonical_train,zh_target_strict_cc_0fcff25a0c3bd050,negative,template_clone_not_controller,1,no_shared_identifier,,,0.385427711123,0.044694242402,0.000000000000,no_score_change,0.385427711123
market_item.xlsx|中文暗网交易市场|seller_raw:526321||market_item.xlsx|茶马古道|seller_raw:/shop/397707,zh_target_strict,d0_current_canonical_train,zh_target_strict_cc_2e5c7caaf65dd8e0,negative,template_clone_not_controller,1,no_shared_identifier,,,0.242100184784,0.044694242402,0.000000000000,no_score_change,0.242100184784
market_item.xlsx|中文暗网交易市场|seller_raw:526457||market_item.xlsx|茶马古道|seller_raw:/shop/397527,zh_target_strict,d0_current_canonical_train,zh_target_strict_cc_5ccbcc47c3519a86,negative,template_clone_not_controller,1,no_shared_identifier,,,0.267422082266,0.044694242402,0.000000000000,no_score_change,0.267422082266
market_item.xlsx|中文暗网交易市场|seller_raw:526567||market_item.xlsx|茶马古道|seller_raw:/shop/397707,zh_target_strict,d0_current_canonical_train,zh_target_strict_cc_2e5c7caaf65dd8e0,negative,template_clone_not_controller,1,no_shared_identifier,,,0.258190684597,0.044694242402,0.000000000000,no_score_change,0.258190684597
market_item.xlsx|中文暗网交易市场|seller_raw:526589||market_item.xlsx|茶马古道|seller_raw:/shop/397707,zh_target_strict,d0_current_canonical_train,zh_target_strict_cc_2e5c7caaf65dd8e0,negative,template_clone_not_controller,1,no_shared_identifier,,,0.082093558220,0.044694242402,0.000000000000,no_score_change,0.082093558220
market_item.xlsx|中文暗网交易市场|seller_raw:526920||market_item.xlsx|中文暗网交易市场|seller_raw:548133,zh_target_strict,d0_current_canonical_train,zh_target_strict_cc_2e5c7caaf65dd8e0,negative,ordinary_negative,,no_shared_identifier,,,0.036478252018,0.044694242402,0.000000000000,no_score_change,0.036478252018
market_item.xlsx|中文暗网交易市场|seller_raw:526920||market_item.xlsx|中文暗网交易市场|seller_raw:67272,zh_target_strict,d0_current_canonical_train,zh_target_strict_cc_2e5c7caaf65dd8e0,negative,ordinary_negative,,no_shared_identifier,,,0.014826580557,0.044694242402,0.000000000000,no_score_change,0.014826580557
market_item.xlsx|中文暗网交易市场|seller_raw:527285||market_item.xlsx|茶马古道|seller_raw:/shop/397675,zh_target_strict,d0_current_canonical_train,zh_target_strict_cc_9be23801b5ee90b0,negative,template_clone_not_controller,1,no_shared_identifier,,,0.210265220439,0.044694242402,0.000000000000,no_score_change,0.210265220439
market_item.xlsx|中文暗网交易市场|seller_raw:527354||market_item.xlsx|茶马古道|seller_raw:/shop/396089,zh_target_strict,d0_current_canonical_train,zh_target_strict_cc_f08397058037ed58,positive,same_controller_style_structural_soft,1,no_shared_identifier,,,0.663844514931,0.044694242402,0.000000000000,no_score_change,0.663844514931
market_item.xlsx|中文暗网交易市场|seller_raw:527714||market_item.xlsx|中文暗网交易市场|seller_raw:530989,zh_target_strict,d0_current_canonical_train,zh_target_strict_cc_3645b00000fe67f3,negative,ordinary_negative,,no_shared_identifier,,,0.048627085555,0.044694242402,0.000000000000,no_score_change,0.048627085555
market_item.xlsx|中文暗网交易市场|seller_raw:528494||market_item.xlsx|茶马古道|seller_raw:/shop/399158,zh_target_strict,d0_current_canonical_train,zh_target_strict_cc_05570b72d05a6c3e,negative,semantic_topic_not_controller,1,no_shared_identifier,,,0.014434373310,0.044694242402,0.000000000000,no_score_change,0.014434373310
market_item.xlsx|中文暗网交易市场|seller_raw:528850||market_item.xlsx|茶马古道|seller_raw:/shop/395629,zh_target_strict,d0_current_canonical_train,zh_target_strict_cc_8d59425a6c8933a2,negative,template_clone_not_controller,1,no_shared_identifier,,,0.331803697498,0.044694242402,0.000000000000,no_score_change,0.331803697498
market_item.xlsx|中文暗网交易市场|seller_raw:529346||market_item.xlsx|茶马古道|seller_raw:/shop/397675,zh_target_strict,d0_current_canonical_train,zh_target_strict_cc_9be23801b5ee90b0,negative,template_clone_not_controller,1,risky_only_shared,external_url,d801234108425793,0.412578558414,2.371253604378,0.000000000000,nonpositive_downgrade,0.412578558414
market_item.xlsx|中文暗网交易市场|seller_raw:529453||market_item.xlsx|茶马古道|seller_raw:/shop/397675,zh_target_strict,d0_current_canonical_train,zh_target_strict_cc_9be23801b5ee90b0,negative,template_clone_not_controller,1,no_shared_identifier,,,0.427747913115,0.044694242402,0.000000000000,no_score_change,0.427747913115
market_item.xlsx|中文暗网交易市场|seller_raw:529562||market_item.xlsx|茶马古道|seller_raw:/shop/397675,zh_target_strict,d0_current_canonical_train,zh_target_strict_cc_9be23801b5ee90b0,negative,template_clone_not_controller,1,no_shared_identifier,,,0.035717052961,0.044694242402,0.000000000000,no_score_change,0.035717052961
market_item.xlsx|中文暗网交易市场|seller_raw:530985||market_item.xlsx|茶马古道|seller_raw:/shop/404772,zh_target_strict,d0_current_canonical_train,zh_target_strict_cc_3b05f980bd46ca48,negative,template_clone_not_controller,1,no_shared_identifier,,,0.369482694375,0.044694242402,0.000000000000,no_score_change,0.369482694375
market_item.xlsx|中文暗网交易市场|seller_raw:530986||market_item.xlsx|茶马古道|seller_raw:/shop/404772,zh_target_strict,d0_current_canonical_train,zh_target_strict_cc_3b05f980bd46ca48,negative,template_clone_not_controller,1,no_shared_identifier,,,0.413279563341,0.044694242402,0.000000000000,no_score_change,0.413279563341
market_item.xlsx|中文暗网交易市场|seller_raw:531087||market_item.xlsx|中文暗网交易市场|seller_raw:548133,zh_target_strict,d0_current_canonical_train,zh_target_strict_cc_2e5c7caaf65dd8e0,positive,same_controller_style_structural_soft,1,no_shared_identifier,,,0.022427437462,0.044694242402,0.000000000000,no_score_change,0.022427437462
market_item.xlsx|中文暗网交易市场|seller_raw:531087||market_item.xlsx|中文暗网交易市场|seller_raw:565148,zh_target_strict,d0_current_canonical_train,zh_target_strict_cc_2e5c7caaf65dd8e0,negative,ordinary_negative,,no_shared_identifier,,,0.066554581997,0.044694242402,0.000000000000,no_score_change,0.066554581997
market_item.xlsx|中文暗网交易市场|seller_raw:531087||market_item.xlsx|茶马古道|seller_raw:/shop/406711,zh_target_strict,d0_current_canonical_train,zh_target_strict_cc_2e5c7caaf65dd8e0,negative,semantic_topic_not_controller,,no_shared_identifier,,,0.017805475198,0.044694242402,0.000000000000,no_score_change,0.017805475198
market_item.xlsx|中文暗网交易市场|seller_raw:531689||market_item.xlsx|茶马古道|seller_raw:/shop/404935,zh_target_strict,d0_current_canonical_train,zh_target_strict_cc_99581fd2523fdaac,positive,same_controller_style_structural_soft,1,no_shared_identifier,,,0.197521393383,0.044694242402,0.000000000000,no_score_change,0.197521393383
market_item.xlsx|中文暗网交易市场|seller_raw:532353||market_item.xlsx|茶马古道|seller_raw:/shop/404798,zh_target_strict,d0_current_canonical_train,zh_target_strict_cc_20599e2b85123979,negative,template_clone_not_controller,1,no_shared_identifier,,,0.238598700255,0.044694242402,0.000000000000,no_score_change,0.238598700255
market_item.xlsx|中文暗网交易市场|seller_raw:532519||market_item.xlsx|茶马古道|seller_raw:/shop/397407,zh_target_strict,d0_current_canonical_train,zh_target_strict_cc_0fcff25a0c3bd050,negative,template_clone_not_controller,1,no_shared_identifier,,,0.431094782759,0.044694242402,0.000000000000,no_score_change,0.431094782759
market_item.xlsx|中文暗网交易市场|seller_raw:533176||market_item.xlsx|茶马古道|seller_raw:/shop/397407,zh_target_strict,d0_current_canonical_train,zh_target_strict_cc_0fcff25a0c3bd050,negative,template_clone_not_controller,1,no_shared_identifier,,,0.319111023191,0.044694242402,0.000000000000,no_score_change,0.319111023191
market_item.xlsx|中文暗网交易市场|seller_raw:533787||market_item.xlsx|茶马古道|seller_raw:/shop/398344,zh_target_strict,d0_current_canonical_train,zh_target_strict_cc_3557f84f9cafa0ec,positive,same_controller_style_structural_soft,1,no_shared_identifier,,,0.348977732642,0.044694242402,0.000000000000,no_score_change,0.348977732642
market_item.xlsx|中文暗网交易市场|seller_raw:534628||market_item.xlsx|中文暗网交易市场|seller_raw:562478,zh_target_strict,d0_current_canonical_train,zh_target_strict_cc_290f4bfb9bba0476,positive,same_controller_direct_identifier,1,risky_only_shared,external_url,c333d6d95fa4cd0f,0.246760378204,2.077550308177,0.000000000000,nonpositive_downgrade,0.246760378204
market_item.xlsx|中文暗网交易市场|seller_raw:534628||market_item.xlsx|中文暗网交易市场|seller_raw:605663,zh_target_strict,d0_current_canonical_train,zh_target_strict_cc_290f4bfb9bba0476,positive,same_controller_direct_identifier,1,risky_only_shared,external_url,c333d6d95fa4cd0f,0.244641484209,2.077550308177,0.000000000000,nonpositive_downgrade,0.244641484209
market_item.xlsx|中文暗网交易市场|seller_raw:535961||market_item.xlsx|茶马古道|seller_raw:/shop/397407,zh_target_strict,d0_current_canonical_train,zh_target_strict_cc_0fcff25a0c3bd050,negative,template_clone_not_controller,1,no_shared_identifier,,,0.311448406081,0.044694242402,0.000000000000,no_score_change,0.311448406081
market_item.xlsx|中文暗网交易市场|seller_raw:535999||market_item.xlsx|茶马古道|seller_raw:/shop/441993,zh_target_strict,d0_current_canonical_train,zh_target_strict_cc_5f3007b108bb99c2,negative,ordinary_negative,,no_shared_identifier,,,0.172382829288,0.044694242402,0.000000000000,no_score_change,0.172382829288
market_item.xlsx|中文暗网交易市场|seller_raw:536419||market_item.xlsx|茶马古道|seller_raw:/shop/397527,zh_target_strict,d0_current_canonical_train,zh_target_strict_cc_5ccbcc47c3519a86,negative,template_clone_not_controller,,no_shared_identifier,,,0.614235747874,0.044694242402,0.000000000000,no_score_change,0.614235747874
market_item.xlsx|中文暗网交易市场|seller_raw:536790||market_item.xlsx|茶马古道|seller_raw:/shop/397527,zh_target_strict,d0_current_canonical_train,zh_target_strict_cc_5ccbcc47c3519a86,negative,template_clone_not_controller,1,no_shared_identifier,,,0.621268630854,0.044694242402,0.000000000000,no_score_change,0.621268630854
market_item.xlsx|中文暗网交易市场|seller_raw:536793||market_item.xlsx|茶马古道|seller_raw:/shop/397527,zh_target_strict,d0_current_canonical_train,zh_target_strict_cc_5ccbcc47c3519a86,positive,same_controller_style_structural_soft,1,no_shared_identifier,,,0.306215951540,0.044694242402,0.000000000000,no_score_change,0.306215951540
market_item.xlsx|中文暗网交易市场|seller_raw:537697||market_item.xlsx|中文暗网交易市场|seller_raw:596304,zh_target_strict,d0_current_canonical_train,zh_target_strict_cc_540db623f3f9599c,positive,same_controller_component_anchor,1,risky_only_shared,external_url,fa963c2c84d81e27;8ef830036615c35e,0.412634557884,2.597472712192,0.000000000000,nonpositive_downgrade,0.412634557884
market_item.xlsx|中文暗网交易市场|seller_raw:540849||market_item.xlsx|茶马古道|seller_raw:/shop/403983,zh_target_strict,d0_current_canonical_train,zh_target_strict_cc_26bf65014a42f3b2,positive,same_controller_style_structural_soft,1,no_shared_identifier,,,0.415243639666,0.044694242402,0.000000000000,no_score_change,0.415243639666
market_item.xlsx|中文暗网交易市场|seller_raw:541533||market_item.xlsx|茶马古道|seller_raw:/shop/399807,zh_target_strict,d0_current_canonical_train,zh_target_strict_cc_2e5c7caaf65dd8e0,negative,template_clone_not_controller,1,risky_only_shared,external_url,326294f1da80a739,0.313487014075,2.371253604378,0.000000000000,nonpositive_downgrade,0.313487014075
market_item.xlsx|中文暗网交易市场|seller_raw:541551||market_item.xlsx|中文暗网交易市场|seller_raw:565149,zh_target_strict,d0_current_canonical_train,zh_target_strict_cc_2e5c7caaf65dd8e0,positive,same_controller_style_structural_soft,1,no_shared_identifier,,,0.056514778566,0.044694242402,0.000000000000,no_score_change,0.056514778566
market_item.xlsx|中文暗网交易市场|seller_raw:541551||market_item.xlsx|茶马古道|seller_raw:/shop/399807,zh_target_strict,d0_current_canonical_train,zh_target_strict_cc_2e5c7caaf65dd8e0,negative,template_clone_not_controller,1,no_shared_identifier,,,0.222277287356,0.044694242402,0.000000000000,no_score_change,0.222277287356
market_item.xlsx|中文暗网交易市场|seller_raw:541874||market_item.xlsx|中文暗网交易市场|seller_raw:566277,zh_target_strict,d0_current_canonical_train,zh_target_strict_cc_87624e44dbf173af,positive,same_controller_style_structural_soft,1,no_shared_identifier,,,0.355592337807,0.044694242402,0.000000000000,no_score_change,0.355592337807
market_item.xlsx|中文暗网交易市场|seller_raw:541874||market_item.xlsx|茶马古道|seller_raw:/shop/408791,zh_target_strict,d0_current_canonical_train,zh_target_strict_cc_87624e44dbf173af,negative,template_clone_not_controller,1,no_shared_identifier,,,0.237189537048,0.044694242402,0.000000000000,no_score_change,0.237189537048
market_item.xlsx|中文暗网交易市场|seller_raw:54210||market_item.xlsx|茶马古道|seller_raw:/shop/400997,zh_target_strict,d0_current_canonical_train,zh_target_strict_cc_f7f70f2184be4bbd,positive,same_controller_direct_identifier,1,risky_only_shared,external_url,69b1b19531c2fc89,0.382253580681,2.371253604378,0.000000000000,nonpositive_downgrade,0.382253580681
market_item.xlsx|中文暗网交易市场|seller_raw:542584||market_item.xlsx|中文暗网交易市场|seller_raw:634642,zh_target_strict,d0_current_canonical_train,zh_target_strict_cc_7da9eb6e659ef940,positive,same_controller_style_structural_soft,1,support_only_shared,external_url,4f6a675a7cda9e39,0.372546473678,2.155324965754,0.000000000000,nonpositive_downgrade,0.372546473678
market_item.xlsx|中文暗网交易市场|seller_raw:542584||market_item.xlsx|茶马古道|seller_raw:/shop/399905,zh_target_strict,d0_current_canonical_train,zh_target_strict_cc_7da9eb6e659ef940,positive,same_controller_style_structural_soft,1,no_shared_identifier,,,0.429838292246,0.044694242402,0.000000000000,no_score_change,0.429838292246
market_item.xlsx|中文暗网交易市场|seller_raw:542584||market_item.xlsx|茶马古道|seller_raw:/shop/422982,zh_target_strict,d0_current_canonical_train,zh_target_strict_cc_7da9eb6e659ef940,negative,template_clone_not_controller,1,no_shared_identifier,,,0.191248315666,0.044694242402,0.000000000000,no_score_change,0.191248315666
market_item.xlsx|中文暗网交易市场|seller_raw:542666||market_item.xlsx|中文暗网交易市场|seller_raw:88807,zh_target_strict,d0_current_canonical_train,zh_target_strict_cc_457d608c3b83287a,positive,same_controller_style_structural_soft,1,no_shared_identifier,,,0.446075113225,0.044694242402,0.000000000000,no_score_change,0.446075113225
market_item.xlsx|中文暗网交易市场|seller_raw:543006||market_item.xlsx|茶马古道|seller_raw:/shop/399807,zh_target_strict,d0_current_canonical_train,zh_target_strict_cc_2e5c7caaf65dd8e0,negative,template_clone_not_controller,1,no_shared_identifier,,,0.433335210325,0.044694242402,0.000000000000,no_score_change,0.433335210325
market_item.xlsx|中文暗网交易市场|seller_raw:544004||market_item.xlsx|茶马古道|seller_raw:/shop/399807,zh_target_strict,d0_current_canonical_train,zh_target_strict_cc_2e5c7caaf65dd8e0,negative,template_clone_not_controller,1,no_shared_identifier,,,0.190370296642,0.044694242402,0.000000000000,no_score_change,0.190370296642
market_item.xlsx|中文暗网交易市场|seller_raw:544322||market_item.xlsx|茶马古道|seller_raw:/shop/405334,zh_target_strict,d0_current_canonical_train,zh_target_strict_cc_b22baa8e3e29405b,negative,template_clone_not_controller,1,no_shared_identifier,,,0.304217624591,0.044694242402,0.000000000000,no_score_change,0.304217624591
market_item.xlsx|中文暗网交易市场|seller_raw:54503||market_item.xlsx|中文暗网交易市场|seller_raw:576252,zh_target_strict,d0_current_canonical_train,zh_target_strict_cc_2e5c7caaf65dd8e0,negative,ordinary_negative,,no_shared_identifier,,,0.022737349482,0.044694242402,0.000000000000,no_score_change,0.022737349482
market_item.xlsx|中文暗网交易市场|seller_raw:54503||market_item.xlsx|茶马古道|seller_raw:/shop/395223,zh_target_strict,d0_current_canonical_train,zh_target_strict_cc_2e5c7caaf65dd8e0,negative,semantic_topic_not_controller,1,no_shared_identifier,,,0.018439948858,0.044694242402,0.000000000000,no_score_change,0.018439948858
market_item.xlsx|中文暗网交易市场|seller_raw:54503||market_item.xlsx|茶马古道|seller_raw:/shop/397874,zh_target_strict,d0_current_canonical_train,zh_target_strict_cc_2e5c7caaf65dd8e0,negative,semantic_topic_not_controller,,no_shared_identifier,,,0.018598989653,0.044694242402,0.000000000000,no_score_change,0.018598989653
market_item.xlsx|中文暗网交易市场|seller_raw:54503||market_item.xlsx|茶马古道|seller_raw:/shop/437369,zh_target_strict,d0_current_canonical_train,zh_target_strict_cc_2e5c7caaf65dd8e0,negative,semantic_topic_not_controller,,no_shared_identifier,,,0.010686364974,0.044694242402,0.000000000000,no_score_change,0.010686364974
market_item.xlsx|中文暗网交易市场|seller_raw:54503||market_item.xlsx|茶马古道|seller_raw:/shop/9760,zh_target_strict,d0_current_canonical_train,zh_target_strict_cc_2e5c7caaf65dd8e0,negative,semantic_topic_not_controller,1,no_shared_identifier,,,0.000495016765,0.044694242402,0.000000000000,no_score_change,0.000495016765
market_item.xlsx|中文暗网交易市场|seller_raw:546272||market_item.xlsx|茶马古道|seller_raw:/shop/402697,zh_target_strict,d0_current_canonical_train,zh_target_strict_cc_e01a2866bbaf02be,negative,template_clone_not_controller,1,no_shared_identifier,,,0.292980161440,0.044694242402,0.000000000000,no_score_change,0.292980161440
market_item.xlsx|中文暗网交易市场|seller_raw:546317||market_item.xlsx|茶马古道|seller_raw:/shop/404772,zh_target_strict,d0_current_canonical_train,zh_target_strict_cc_3b05f980bd46ca48,negative,template_clone_not_controller,1,no_shared_identifier,,,0.394143660494,0.044694242402,0.000000000000,no_score_change,0.394143660494
market_item.xlsx|中文暗网交易市场|seller_raw:546566||market_item.xlsx|茶马古道|seller_raw:/shop/8057,zh_target_strict,d0_current_canonical_train,zh_target_strict_cc_7c4e8e17f0966814,negative,semantic_topic_not_controller,1,no_shared_identifier,,,0.348878189346,0.044694242402,0.000000000000,no_score_change,0.348878189346
market_item.xlsx|中文暗网交易市场|seller_raw:548133||market_item.xlsx|中文暗网交易市场|seller_raw:565148,zh_target_strict,d0_current_canonical_train,zh_target_strict_cc_2e5c7caaf65dd8e0,negative,ordinary_negative,,no_shared_identifier,,,0.007589258077,0.044694242402,0.000000000000,no_score_change,0.007589258077
market_item.xlsx|中文暗网交易市场|seller_raw:548133||market_item.xlsx|中文暗网交易市场|seller_raw:596616,zh_target_strict,d0_current_canonical_train,zh_target_strict_cc_2e5c7caaf65dd8e0,negative,ordinary_negative,,no_shared_identifier,,,0.050736842843,0.044694242402,0.000000000000,no_score_change,0.050736842843
market_item.xlsx|中文暗网交易市场|seller_raw:548133||market_item.xlsx|中文暗网交易市场|seller_raw:596705,zh_target_strict,d0_current_canonical_train,zh_target_strict_cc_2e5c7caaf65dd8e0,negative,ordinary_negative,,no_shared_identifier,,,0.017405184024,0.044694242402,0.000000000000,no_score_change,0.017405184024
market_item.xlsx|中文暗网交易市场|seller_raw:548133||market_item.xlsx|茶马古道|seller_raw:/shop/399807,zh_target_strict,d0_current_canonical_train,zh_target_strict_cc_2e5c7caaf65dd8e0,negative,template_clone_not_controller,1,no_shared_identifier,,,0.261650466898,0.044694242402,0.000000000000,no_score_change,0.261650466898
market_item.xlsx|中文暗网交易市场|seller_raw:548133||market_item.xlsx|茶马古道|seller_raw:/shop/454152,zh_target_strict,d0_current_canonical_train,zh_target_strict_cc_2e5c7caaf65dd8e0,positive,same_controller_style_structural_soft,,no_shared_identifier,,,0.070187859700,0.044694242402,0.000000000000,no_score_change,0.070187859700
market_item.xlsx|中文暗网交易市场|seller_raw:548310||market_item.xlsx|茶马古道|seller_raw:/shop/8506,zh_target_strict,d0_current_canonical_train,zh_target_strict_cc_6c892e776bb10ae4,negative,template_clone_not_controller,1,no_shared_identifier,,,0.341431113876,0.044694242402,0.000000000000,no_score_change,0.341431113876
market_item.xlsx|中文暗网交易市场|seller_raw:550719||market_item.xlsx|茶马古道|seller_raw:/shop/417610,zh_target_strict,d0_current_canonical_train,zh_target_strict_cc_a075d160d8e9bceb,positive,same_controller_style_structural_soft,1,no_shared_identifier,,,0.464092585533,0.044694242402,0.000000000000,no_score_change,0.464092585533
market_item.xlsx|中文暗网交易市场|seller_raw:551033||market_item.xlsx|中文暗网交易市场|seller_raw:565149,zh_target_strict,d0_current_canonical_train,zh_target_strict_cc_2e5c7caaf65dd8e0,negative,template_clone_not_controller,,no_shared_identifier,,,0.009185164887,0.044694242402,0.000000000000,no_score_change,0.009185164887
market_item.xlsx|中文暗网交易市场|seller_raw:55135||market_item.xlsx|茶马古道|seller_raw:/shop/424775,zh_target_strict,d0_current_canonical_train,zh_target_strict_cc_3d5b6380f06ce631,negative,semantic_topic_not_controller,1,no_shared_identifier,,,0.147452376944,0.044694242402,0.000000000000,no_score_change,0.147452376944
market_item.xlsx|中文暗网交易市场|seller_raw:551987||market_item.xlsx|茶马古道|seller_raw:/shop/406894,zh_target_strict,d0_current_canonical_train,zh_target_strict_cc_d1d2741f22107e0b,positive,same_controller_style_structural_soft,1,no_shared_identifier,,,0.436395057483,0.044694242402,0.000000000000,no_score_change,0.436395057483
market_item.xlsx|中文暗网交易市场|seller_raw:55265||market_item.xlsx|中文暗网交易市场|seller_raw:65358,zh_target_strict,d0_current_canonical_train,zh_target_strict_cc_bcbe23c5d79798cc,negative,semantic_topic_not_controller,1,no_shared_identifier,,,0.234061717746,0.044694242402,0.000000000000,no_score_change,0.234061717746
market_item.xlsx|中文暗网交易市场|seller_raw:552826||market_item.xlsx|茶马古道|seller_raw:/shop/7184,zh_target_strict,d0_current_canonical_train,zh_target_strict_cc_04f3e142fd6781a1,positive,same_controller_style_structural_soft,1,no_shared_identifier,,,0.289999968779,0.044694242402,0.000000000000,no_score_change,0.289999968779
market_item.xlsx|中文暗网交易市场|seller_raw:553564||market_item.xlsx|茶马古道|seller_raw:/shop/429404,zh_target_strict,d0_current_canonical_train,zh_target_strict_cc_9ddda7715349ff55,negative,template_clone_not_controller,1,no_shared_identifier,,,0.205784925311,0.044694242402,0.000000000000,no_score_change,0.205784925311
market_item.xlsx|中文暗网交易市场|seller_raw:554409||market_item.xlsx|中文暗网交易市场|seller_raw:565148,zh_target_strict,d0_current_canonical_train,zh_target_strict_cc_2e5c7caaf65dd8e0,negative,ordinary_negative,,no_shared_identifier,,,0.018984098305,0.044694242402,0.000000000000,no_score_change,0.018984098305
market_item.xlsx|中文暗网交易市场|seller_raw:554409||market_item.xlsx|中文暗网交易市场|seller_raw:591680,zh_target_strict,d0_current_canonical_train,zh_target_strict_cc_2e5c7caaf65dd8e0,negative,ordinary_negative,,no_shared_identifier,,,0.004545451381,0.044694242402,0.000000000000,no_score_change,0.004545451381
market_item.xlsx|中文暗网交易市场|seller_raw:554409||market_item.xlsx|中文暗网交易市场|seller_raw:596705,zh_target_strict,d0_current_canonical_train,zh_target_strict_cc_2e5c7caaf65dd8e0,negative,ordinary_negative,,no_shared_identifier,,,0.091438980299,0.044694242402,0.000000000000,no_score_change,0.091438980299
market_item.xlsx|中文暗网交易市场|seller_raw:554409||market_item.xlsx|茶马古道|seller_raw:/shop/436862,zh_target_strict,d0_current_canonical_train,zh_target_strict_cc_2e5c7caaf65dd8e0,negative,semantic_topic_not_controller,1,no_shared_identifier,,,0.001253857811,0.044694242402,0.000000000000,no_score_change,0.001253857811
market_item.xlsx|中文暗网交易市场|seller_raw:554825||market_item.xlsx|茶马古道|seller_raw:/shop/436887,zh_target_strict,d0_current_canonical_train,zh_target_strict_cc_ca1d8d3ae9645085,positive,same_controller_style_structural_soft,1,no_shared_identifier,,,0.698026234729,0.044694242402,0.000000000000,no_score_change,0.698026234729
market_item.xlsx|中文暗网交易市场|seller_raw:555666||market_item.xlsx|中文暗网交易市场|seller_raw:566697,zh_target_strict,d0_current_canonical_train,zh_target_strict_cc_540db623f3f9599c,positive,same_controller_component_anchor,1,no_shared_identifier,,,0.267684778358,0.044694242402,0.000000000000,no_score_change,0.267684778358
market_item.xlsx|中文暗网交易市场|seller_raw:556307||market_item.xlsx|茶马古道|seller_raw:/shop/402697,zh_target_strict,d0_current_canonical_train,zh_target_strict_cc_e01a2866bbaf02be,positive,same_controller_style_structural_soft,1,no_shared_identifier,,,0.255315531678,0.044694242402,0.000000000000,no_score_change,0.255315531678
market_item.xlsx|中文暗网交易市场|seller_raw:556969||market_item.xlsx|茶马古道|seller_raw:/shop/403730,zh_target_strict,d0_current_canonical_train,zh_target_strict_cc_0b81a8577b9ee929,negative,template_clone_not_controller,1,risky_only_shared,external_url,fac37b6ff0b8f409,0.290375012022,2.371253604378,0.000000000000,nonpositive_downgrade,0.290375012022
market_item.xlsx|中文暗网交易市场|seller_raw:556969||market_item.xlsx|茶马古道|seller_raw:/shop/422733,zh_target_strict,d0_current_canonical_train,zh_target_strict_cc_0b81a8577b9ee929,negative,template_clone_not_controller,1,no_shared_identifier,,,0.252760034768,0.044694242402,0.000000000000,no_score_change,0.252760034768
market_item.xlsx|中文暗网交易市场|seller_raw:55712||market_item.xlsx|中文暗网交易市场|seller_raw:55966,zh_target_strict,d0_current_canonical_train,zh_target_strict_cc_e0e1103349381b87,negative,semantic_topic_not_controller,1,no_shared_identifier,,,0.272348373756,0.044694242402,0.000000000000,no_score_change,0.272348373756
market_item.xlsx|中文暗网交易市场|seller_raw:557403||market_item.xlsx|茶马古道|seller_raw:/shop/8506,zh_target_strict,d0_current_canonical_train,zh_target_strict_cc_6c892e776bb10ae4,negative,template_clone_not_controller,1,no_shared_identifier,,,0.186174837039,0.044694242402,0.000000000000,no_score_change,0.186174837039
market_item.xlsx|中文暗网交易市场|seller_raw:560066||market_item.xlsx|中文暗网交易市场|seller_raw:566597,zh_target_strict,d0_current_canonical_train,zh_target_strict_cc_2e5c7caaf65dd8e0,negative,ordinary_negative,,no_shared_identifier,,,0.017787126754,0.044694242402,0.000000000000,no_score_change,0.017787126754
market_item.xlsx|中文暗网交易市场|seller_raw:560066||market_item.xlsx|中文暗网交易市场|seller_raw:596705,zh_target_strict,d0_current_canonical_train,zh_target_strict_cc_2e5c7caaf65dd8e0,negative,ordinary_negative,,no_shared_identifier,,,0.033241641417,0.044694242402,0.000000000000,no_score_change,0.033241641417
market_item.xlsx|中文暗网交易市场|seller_raw:562015||market_item.xlsx|茶马古道|seller_raw:/shop/414257,zh_target_strict,d0_current_canonical_train,zh_target_strict_cc_367bf011d659e957,positive,same_controller_style_structural_soft,1,risky_only_shared,external_url,96099c088cc7de5c,0.390565172497,2.371253604378,0.000000000000,nonpositive_downgrade,0.390565172497
market_item.xlsx|中文暗网交易市场|seller_raw:562028||market_item.xlsx|茶马古道|seller_raw:/shop/402602,zh_target_strict,d0_current_canonical_train,zh_target_strict_cc_1234aba824302a63,negative,template_clone_not_controller,1,no_shared_identifier,,,0.235128716541,0.044694242402,0.000000000000,no_score_change,0.235128716541
market_item.xlsx|中文暗网交易市场|seller_raw:562478||market_item.xlsx|中文暗网交易市场|seller_raw:605663,zh_target_strict,d0_current_canonical_train,zh_target_strict_cc_290f4bfb9bba0476,positive,same_controller_direct_identifier,1,risky_only_shared,external_url,c333d6d95fa4cd0f,0.364064931219,2.077550308177,0.000000000000,nonpositive_downgrade,0.364064931219
market_item.xlsx|中文暗网交易市场|seller_raw:563971||market_item.xlsx|茶马古道|seller_raw:/shop/396961,zh_target_strict,d0_current_canonical_train,zh_target_strict_cc_d21d5c577bf0cfc7,negative,template_clone_not_controller,1,no_shared_identifier,,,0.268536917411,0.044694242402,0.000000000000,no_score_change,0.268536917411
market_item.xlsx|中文暗网交易市场|seller_raw:565061||market_item.xlsx|茶马古道|seller_raw:/shop/444689,zh_target_strict,d0_current_canonical_train,zh_target_strict_cc_f895ae9155d13851,positive,same_controller_style_structural_soft,1,no_shared_identifier,,,0.241622372829,0.044694242402,0.000000000000,no_score_change,0.241622372829
market_item.xlsx|中文暗网交易市场|seller_raw:565148||market_item.xlsx|中文暗网交易市场|seller_raw:596616,zh_target_strict,d0_current_canonical_train,zh_target_strict_cc_2e5c7caaf65dd8e0,negative,ordinary_negative,,no_shared_identifier,,,0.034457447849,0.044694242402,0.000000000000,no_score_change,0.034457447849
market_item.xlsx|中文暗网交易市场|seller_raw:565149||market_item.xlsx|中文暗网交易市场|seller_raw:567845,zh_target_strict,d0_current_canonical_train,zh_target_strict_cc_2e5c7caaf65dd8e0,negative,ordinary_negative,,no_shared_identifier,,,0.033258166223,0.044694242402,0.000000000000,no_score_change,0.033258166223
market_item.xlsx|中文暗网交易市场|seller_raw:565482||market_item.xlsx|茶马古道|seller_raw:/shop/414257,zh_target_strict,d0_current_canonical_train,zh_target_strict_cc_367bf011d659e957,negative,template_clone_not_controller,1,no_shared_identifier,,,0.096884330232,0.044694242402,0.000000000000,no_score_change,0.096884330232
market_item.xlsx|中文暗网交易市场|seller_raw:565911||market_item.xlsx|茶马古道|seller_raw:/shop/824,zh_target_strict,d0_current_canonical_train,zh_target_strict_cc_c1b29797a191ad53,positive,same_controller_style_structural_soft,1,no_shared_identifier,,,0.351071216679,0.044694242402,0.000000000000,no_score_change,0.351071216679
market_item.xlsx|中文暗网交易市场|seller_raw:566237||market_item.xlsx|茶马古道|seller_raw:/shop/411784,zh_target_strict,d0_current_canonical_train,zh_target_strict_cc_8d33c8afc8c62613,negative,template_clone_not_controller,1,no_shared_identifier,,,0.325979713648,0.044694242402,0.000000000000,no_score_change,0.325979713648
market_item.xlsx|中文暗网交易市场|seller_raw:566277||market_item.xlsx|茶马古道|seller_raw:/shop/408791,zh_target_strict,d0_current_canonical_train,zh_target_strict_cc_87624e44dbf173af,negative,semantic_topic_not_controller,1,no_shared_identifier,,,0.299305351726,0.044694242402,0.000000000000,no_score_change,0.299305351726
market_item.xlsx|中文暗网交易市场|seller_raw:566597||market_item.xlsx|中文暗网交易市场|seller_raw:581981,zh_target_strict,d0_current_canonical_train,zh_target_strict_cc_2e5c7caaf65dd8e0,negative,ordinary_negative,,no_shared_identifier,,,0.022436107578,0.044694242402,0.000000000000,no_score_change,0.022436107578
market_item.xlsx|中文暗网交易市场|seller_raw:566597||market_item.xlsx|中文暗网交易市场|seller_raw:68788,zh_target_strict,d0_current_canonical_train,zh_target_strict_cc_2e5c7caaf65dd8e0,negative,ordinary_negative,,no_shared_identifier,,,0.013040627485,0.044694242402,0.000000000000,no_score_change,0.013040627485
market_item.xlsx|中文暗网交易市场|seller_raw:567500||market_item.xlsx|茶马古道|seller_raw:/shop/402602,zh_target_strict,d0_current_canonical_train,zh_target_strict_cc_1234aba824302a63,positive,same_controller_style_structural_soft,1,no_shared_identifier,,,0.280767515932,0.044694242402,0.000000000000,no_score_change,0.280767515932
market_item.xlsx|中文暗网交易市场|seller_raw:567845||market_item.xlsx|中文暗网交易市场|seller_raw:569266,zh_target_strict,d0_current_canonical_train,zh_target_strict_cc_2e5c7caaf65dd8e0,negative,ordinary_negative,,no_shared_identifier,,,0.019955680613,0.044694242402,0.000000000000,no_score_change,0.019955680613
market_item.xlsx|中文暗网交易市场|seller_raw:56808||market_item.xlsx|中文暗网交易市场|seller_raw:99610,zh_target_strict,d0_current_canonical_train,zh_target_strict_cc_2e5c7caaf65dd8e0,negative,ordinary_negative,,no_shared_identifier,,,0.027762631198,0.044694242402,0.000000000000,no_score_change,0.027762631198
market_item.xlsx|中文暗网交易市场|seller_raw:569522||market_item.xlsx|茶马古道|seller_raw:/shop/431673,zh_target_strict,d0_current_canonical_train,zh_target_strict_cc_2e5c7caaf65dd8e0,negative,semantic_topic_not_controller,,no_shared_identifier,,,0.247181747959,0.044694242402,0.000000000000,no_score_change,0.247181747959
market_item.xlsx|中文暗网交易市场|seller_raw:569674||market_item.xlsx|茶马古道|seller_raw:/shop/402703,zh_target_strict,d0_current_canonical_train,zh_target_strict_cc_0507bae91408c271,positive,same_controller_style_structural_soft,1,no_shared_identifier,,,0.337209199183,0.044694242402,0.000000000000,no_score_change,0.337209199183
market_item.xlsx|中文暗网交易市场|seller_raw:569682||market_item.xlsx|茶马古道|seller_raw:/shop/402602,zh_target_strict,d0_current_canonical_train,zh_target_strict_cc_1234aba824302a63,positive,same_controller_style_structural_soft,1,no_shared_identifier,,,0.365790047467,0.044694242402,0.000000000000,no_score_change,0.365790047467
market_item.xlsx|中文暗网交易市场|seller_raw:569682||market_item.xlsx|茶马古道|seller_raw:/shop/407896,zh_target_strict,d0_current_canonical_train,zh_target_strict_cc_1234aba824302a63,negative,template_clone_not_controller,1,no_shared_identifier,,,0.285726139420,0.044694242402,0.000000000000,no_score_change,0.285726139420
market_item.xlsx|中文暗网交易市场|seller_raw:569984||market_item.xlsx|茶马古道|seller_raw:/shop/422565,zh_target_strict,d0_current_canonical_train,zh_target_strict_cc_c16a6406195c4f1c,negative,template_clone_not_controller,1,no_shared_identifier,,,0.150218226452,0.044694242402,0.000000000000,no_score_change,0.150218226452
market_item.xlsx|中文暗网交易市场|seller_raw:570123||market_item.xlsx|茶马古道|seller_raw:/shop/463062,zh_target_strict,d0_current_canonical_train,zh_target_strict_cc_9b3ae496f9be5a2f,positive,same_controller_style_structural_soft,1,no_shared_identifier,,,0.701965451738,0.044694242402,0.000000000000,no_score_change,0.701965451738
market_item.xlsx|中文暗网交易市场|seller_raw:57048||market_item.xlsx|茶马古道|seller_raw:/shop/426166,zh_target_strict,d0_current_canonical_train,zh_target_strict_cc_bed18e70980d245d,negative,semantic_topic_not_controller,1,no_shared_identifier,,,0.001499699654,0.044694242402,0.000000000000,no_score_change,0.001499699654
market_item.xlsx|中文暗网交易市场|seller_raw:572772||market_item.xlsx|茶马古道|seller_raw:/shop/418022,zh_target_strict,d0_current_canonical_train,zh_target_strict_cc_4f4c98ff7b9e05b7,positive,same_controller_style_structural_soft,1,no_shared_identifier,,,0.388185986973,0.044694242402,0.000000000000,no_score_change,0.388185986973
market_item.xlsx|中文暗网交易市场|seller_raw:575090||market_item.xlsx|茶马古道|seller_raw:/shop/8618,zh_target_strict,d0_current_canonical_train,zh_target_strict_cc_e026cd3f53432818,negative,semantic_topic_not_controller,1,no_shared_identifier,,,0.081926049680,0.044694242402,0.000000000000,no_score_change,0.081926049680
market_item.xlsx|中文暗网交易市场|seller_raw:575281||market_item.xlsx|茶马古道|seller_raw:/shop/394471,zh_target_strict,d0_current_canonical_train,zh_target_strict_cc_efca46e72d966ee9,negative,template_clone_not_controller,1,no_shared_identifier,,,0.134722768320,0.044694242402,0.000000000000,no_score_change,0.134722768320
market_item.xlsx|中文暗网交易市场|seller_raw:575508||market_item.xlsx|茶马古道|seller_raw:/shop/427282,zh_target_strict,d0_current_canonical_train,zh_target_strict_cc_2e5c7caaf65dd8e0,positive,same_controller_style_structural_soft,1,no_shared_identifier,,,0.280149460995,0.044694242402,0.000000000000,no_score_change,0.280149460995
market_item.xlsx|中文暗网交易市场|seller_raw:576252||market_item.xlsx|茶马古道|seller_raw:/shop/433651,zh_target_strict,d0_current_canonical_train,zh_target_strict_cc_2e5c7caaf65dd8e0,negative,template_clone_not_controller,,no_shared_identifier,,,0.216200635457,0.044694242402,0.000000000000,no_score_change,0.216200635457
market_item.xlsx|中文暗网交易市场|seller_raw:577139||market_item.xlsx|茶马古道|seller_raw:/shop/415251,zh_target_strict,d0_current_canonical_train,zh_target_strict_cc_52e8a0292a9fd43e,positive,same_controller_style_structural_soft,1,no_shared_identifier,,,0.326044959555,0.044694242402,0.000000000000,no_score_change,0.326044959555
market_item.xlsx|中文暗网交易市场|seller_raw:579292||market_item.xlsx|中文暗网交易市场|seller_raw:579776,zh_target_strict,d0_current_canonical_train,zh_target_strict_cc_b808c0c2b9db88ee,positive,same_controller_style_structural_soft,1,no_shared_identifier,,,0.336624472897,0.044694242402,0.000000000000,no_score_change,0.336624472897
market_item.xlsx|中文暗网交易市场|seller_raw:579292||market_item.xlsx|中文暗网交易市场|seller_raw:582222,zh_target_strict,d0_current_canonical_train,zh_target_strict_cc_b808c0c2b9db88ee,positive,same_controller_style_structural_soft,1,no_shared_identifier,,,0.457335179493,0.044694242402,0.000000000000,no_score_change,0.457335179493
market_item.xlsx|中文暗网交易市场|seller_raw:579292||market_item.xlsx|茶马古道|seller_raw:/shop/437217,zh_target_strict,d0_current_canonical_train,zh_target_strict_cc_b808c0c2b9db88ee,negative,semantic_topic_not_controller,1,no_shared_identifier,,,0.176795715642,0.044694242402,0.000000000000,no_score_change,0.176795715642
market_item.xlsx|中文暗网交易市场|seller_raw:579776||market_item.xlsx|中文暗网交易市场|seller_raw:582222,zh_target_strict,d0_current_canonical_train,zh_target_strict_cc_b808c0c2b9db88ee,positive,same_controller_style_structural_soft,1,no_shared_identifier,,,0.345753802531,0.044694242402,0.000000000000,no_score_change,0.345753802531
market_item.xlsx|中文暗网交易市场|seller_raw:580908||market_item.xlsx|茶马古道|seller_raw:/shop/428010,zh_target_strict,d0_current_canonical_train,zh_target_strict_cc_8c0788b021fc05fc,positive,same_controller_style_structural_soft,1,no_shared_identifier,,,0.432370356718,0.044694242402,0.000000000000,no_score_change,0.432370356718
market_item.xlsx|中文暗网交易市场|seller_raw:581293||market_item.xlsx|茶马古道|seller_raw:/shop/428434,zh_target_strict,d0_current_canonical_train,zh_target_strict_cc_57338a1a958a0eb1,positive,same_controller_style_structural_soft,1,no_shared_identifier,,,0.255381648507,0.044694242402,0.000000000000,no_score_change,0.255381648507
market_item.xlsx|中文暗网交易市场|seller_raw:581460||market_item.xlsx|茶马古道|seller_raw:/shop/425704,zh_target_strict,d0_current_canonical_train,zh_target_strict_cc_2e5c7caaf65dd8e0,negative,public_contact_or_url_noise,,no_shared_identifier,,,0.221099781399,0.044694242402,0.000000000000,no_score_change,0.221099781399
market_item.xlsx|中文暗网交易市场|seller_raw:581460||market_item.xlsx|茶马古道|seller_raw:/shop/427282,zh_target_strict,d0_current_canonical_train,zh_target_strict_cc_2e5c7caaf65dd8e0,negative,public_contact_or_url_noise,,no_shared_identifier,,,0.262975703636,0.044694242402,0.000000000000,no_score_change,0.262975703636
market_item.xlsx|中文暗网交易市场|seller_raw:581623||market_item.xlsx|茶马古道|seller_raw:/shop/425704,zh_target_strict,d0_current_canonical_train,zh_target_strict_cc_2e5c7caaf65dd8e0,negative,template_clone_not_controller,,no_shared_identifier,,,0.284737808414,0.044694242402,0.000000000000,no_score_change,0.284737808414
market_item.xlsx|中文暗网交易市场|seller_raw:581623||market_item.xlsx|茶马古道|seller_raw:/shop/464140,zh_target_strict,d0_current_canonical_train,zh_target_strict_cc_2e5c7caaf65dd8e0,negative,semantic_topic_not_controller,1,no_shared_identifier,,,0.262870680129,0.044694242402,0.000000000000,no_score_change,0.262870680129
market_item.xlsx|中文暗网交易市场|seller_raw:581690||market_item.xlsx|茶马古道|seller_raw:/shop/425704,zh_target_strict,d0_current_canonical_train,zh_target_strict_cc_2e5c7caaf65dd8e0,positive,same_controller_style_structural_soft,1,no_shared_identifier,,,0.603994418881,0.044694242402,0.000000000000,no_score_change,0.603994418881
market_item.xlsx|中文暗网交易市场|seller_raw:581690||market_item.xlsx|茶马古道|seller_raw:/shop/464140,zh_target_strict,d0_current_canonical_train,zh_target_strict_cc_2e5c7caaf65dd8e0,positive,same_controller_style_structural_soft,1,no_shared_identifier,,,0.606919209512,0.044694242402,0.000000000000,no_score_change,0.606919209512
market_item.xlsx|中文暗网交易市场|seller_raw:581978||market_item.xlsx|茶马古道|seller_raw:/shop/425704,zh_target_strict,d0_current_canonical_train,zh_target_strict_cc_2e5c7caaf65dd8e0,negative,template_clone_not_controller,1,no_shared_identifier,,,0.416120740001,0.044694242402,0.000000000000,no_score_change,0.416120740001
market_item.xlsx|中文暗网交易市场|seller_raw:581978||market_item.xlsx|茶马古道|seller_raw:/shop/464140,zh_target_strict,d0_current_canonical_train,zh_target_strict_cc_2e5c7caaf65dd8e0,positive,same_controller_style_structural_soft,,no_shared_identifier,,,0.189473785527,0.044694242402,0.000000000000,no_score_change,0.189473785527
market_item.xlsx|中文暗网交易市场|seller_raw:581981||market_item.xlsx|中文暗网交易市场|seller_raw:99610,zh_target_strict,d0_current_canonical_train,zh_target_strict_cc_2e5c7caaf65dd8e0,negative,ordinary_negative,,no_shared_identifier,,,0.013710691242,0.044694242402,0.000000000000,no_score_change,0.013710691242
market_item.xlsx|中文暗网交易市场|seller_raw:582222||market_item.xlsx|茶马古道|seller_raw:/shop/437217,zh_target_strict,d0_current_canonical_train,zh_target_strict_cc_b808c0c2b9db88ee,negative,semantic_topic_not_controller,1,no_shared_identifier,,,0.175491020722,0.044694242402,0.000000000000,no_score_change,0.175491020722
market_item.xlsx|中文暗网交易市场|seller_raw:583340||market_item.xlsx|茶马古道|seller_raw:/shop/394471,zh_target_strict,d0_current_canonical_train,zh_target_strict_cc_efca46e72d966ee9,negative,template_clone_not_controller,1,no_shared_identifier,,,0.291103840030,0.044694242402,0.000000000000,no_score_change,0.291103840030
market_item.xlsx|中文暗网交易市场|seller_raw:585350||market_item.xlsx|茶马古道|seller_raw:/shop/447739,zh_target_strict,d0_current_canonical_train,zh_target_strict_cc_5e47151b4b14f7ff,positive,same_controller_style_structural_soft,1,no_shared_identifier,,,0.371090743340,0.044694242402,0.000000000000,no_score_change,0.371090743340
market_item.xlsx|中文暗网交易市场|seller_raw:586003||market_item.xlsx|中文暗网交易市场|seller_raw:99610,zh_target_strict,d0_current_canonical_train,zh_target_strict_cc_2e5c7caaf65dd8e0,negative,ordinary_negative,,no_shared_identifier,,,0.006754326002,0.044694242402,0.000000000000,no_score_change,0.006754326002
market_item.xlsx|中文暗网交易市场|seller_raw:586249||market_item.xlsx|茶马古道|seller_raw:/shop/9039,zh_target_strict,d0_current_canonical_train,zh_target_strict_cc_f4550e505e6a7bb3,negative,semantic_topic_not_controller,1,no_shared_identifier,,,0.068071137746,0.044694242402,0.000000000000,no_score_change,0.068071137746
market_item.xlsx|中文暗网交易市场|seller_raw:586540||market_item.xlsx|茶马古道|seller_raw:/shop/430522,zh_target_strict,d0_current_canonical_train,zh_target_strict_cc_373bf8893cecb2ec,positive,same_controller_style_structural_soft,1,no_shared_identifier,,,0.397300086027,0.044694242402,0.000000000000,no_score_change,0.397300086027
market_item.xlsx|中文暗网交易市场|seller_raw:590578||market_item.xlsx|茶马古道|seller_raw:/shop/432473,zh_target_strict,d0_current_canonical_train,zh_target_strict_cc_2e5c7caaf65dd8e0,positive,same_controller_style_structural_soft,1,no_shared_identifier,,,0.379778140003,0.044694242402,0.000000000000,no_score_change,0.379778140003
market_item.xlsx|中文暗网交易市场|seller_raw:590580||market_item.xlsx|茶马古道|seller_raw:/shop/432473,zh_target_strict,d0_current_canonical_train,zh_target_strict_cc_2e5c7caaf65dd8e0,negative,template_clone_not_controller,,no_shared_identifier,,,0.311790129394,0.044694242402,0.000000000000,no_score_change,0.311790129394
market_item.xlsx|中文暗网交易市场|seller_raw:591087||market_item.xlsx|茶马古道|seller_raw:/shop/402602,zh_target_strict,d0_current_canonical_train,zh_target_strict_cc_1234aba824302a63,negative,template_clone_not_controller,1,no_shared_identifier,,,0.358293325878,0.044694242402,0.000000000000,no_score_change,0.358293325878
market_item.xlsx|中文暗网交易市场|seller_raw:591680||market_item.xlsx|茶马古道|seller_raw:/shop/427282,zh_target_strict,d0_current_canonical_train,zh_target_strict_cc_2e5c7caaf65dd8e0,negative,semantic_topic_not_controller,,no_shared_identifier,,,0.002203959856,0.044694242402,0.000000000000,no_score_change,0.002203959856
market_item.xlsx|中文暗网交易市场|seller_raw:591680||market_item.xlsx|茶马古道|seller_raw:/shop/432473,zh_target_strict,d0_current_canonical_train,zh_target_strict_cc_2e5c7caaf65dd8e0,negative,semantic_topic_not_controller,1,no_shared_identifier,,,0.001604660302,0.044694242402,0.000000000000,no_score_change,0.001604660302
market_item.xlsx|中文暗网交易市场|seller_raw:591680||market_item.xlsx|茶马古道|seller_raw:/shop/436862,zh_target_strict,d0_current_canonical_train,zh_target_strict_cc_2e5c7caaf65dd8e0,negative,ordinary_negative,,no_shared_identifier,,,0.024520765067,0.044694242402,0.000000000000,no_score_change,0.024520765067
market_item.xlsx|中文暗网交易市场|seller_raw:591680||market_item.xlsx|茶马古道|seller_raw:/shop/449048,zh_target_strict,d0_current_canonical_train,zh_target_strict_cc_2e5c7caaf65dd8e0,negative,semantic_topic_not_controller,,no_shared_identifier,,,0.003852274215,0.044694242402,0.000000000000,no_score_change,0.003852274215
market_item.xlsx|中文暗网交易市场|seller_raw:591680||market_item.xlsx|茶马古道|seller_raw:/shop/461222,zh_target_strict,d0_current_canonical_train,zh_target_strict_cc_2e5c7caaf65dd8e0,negative,semantic_topic_not_controller,1,no_shared_identifier,,,0.002255698475,0.044694242402,0.000000000000,no_score_change,0.002255698475
market_item.xlsx|中文暗网交易市场|seller_raw:593428||market_item.xlsx|茶马古道|seller_raw:/shop/402697,zh_target_strict,d0_current_canonical_train,zh_target_strict_cc_e01a2866bbaf02be,negative,template_clone_not_controller,1,no_shared_identifier,,,0.401486610937,0.044694242402,0.000000000000,no_score_change,0.401486610937
market_item.xlsx|中文暗网交易市场|seller_raw:593428||market_item.xlsx|茶马古道|seller_raw:/shop/433481,zh_target_strict,d0_current_canonical_train,zh_target_strict_cc_e01a2866bbaf02be,negative,template_clone_not_controller,1,no_shared_identifier,,,0.342758860839,0.044694242402,0.000000000000,no_score_change,0.342758860839
market_item.xlsx|中文暗网交易市场|seller_raw:595084||market_item.xlsx|茶马古道|seller_raw:/shop/436819,zh_target_strict,d0_current_canonical_train,zh_target_strict_cc_f1ea2393a16a8e9c,positive,same_controller_style_structural_soft,1,no_shared_identifier,,,0.116687082103,0.044694242402,0.000000000000,no_score_change,0.116687082103
market_item.xlsx|中文暗网交易市场|seller_raw:595231||market_item.xlsx|茶马古道|seller_raw:/shop/8494,zh_target_strict,d0_current_canonical_train,zh_target_strict_cc_69a030ad6f93d0e3,negative,semantic_topic_not_controller,1,no_shared_identifier,,,0.120104834798,0.044694242402,0.000000000000,no_score_change,0.120104834798
market_item.xlsx|中文暗网交易市场|seller_raw:596053||market_item.xlsx|茶马古道|seller_raw:/shop/446567,zh_target_strict,d0_current_canonical_train,zh_target_strict_cc_dc0630210f22a74f,positive,same_controller_style_structural_soft,1,risky_only_shared,external_url,63318e29bccf76f6,0.633201763566,2.371253604378,0.000000000000,nonpositive_downgrade,0.633201763566
market_item.xlsx|中文暗网交易市场|seller_raw:596059||market_item.xlsx|茶马古道|seller_raw:/shop/446570,zh_target_strict,d0_current_canonical_train,zh_target_strict_cc_0b56a4186c660a7f,positive,same_controller_style_structural_soft,1,risky_only_shared,external_url,0139440daa3acc1d,0.675187052644,2.371253604378,0.000000000000,nonpositive_downgrade,0.675187052644
market_item.xlsx|中文暗网交易市场|seller_raw:596065||market_item.xlsx|茶马古道|seller_raw:/shop/446588,zh_target_strict,d0_current_canonical_train,zh_target_strict_cc_42f58d3f37341b52,positive,same_controller_style_structural_soft,1,no_shared_identifier,,,0.582555138444,0.044694242402,0.000000000000,no_score_change,0.582555138444
market_item.xlsx|中文暗网交易市场|seller_raw:596066||market_item.xlsx|茶马古道|seller_raw:/shop/446567,zh_target_strict,d0_current_canonical_train,zh_target_strict_cc_dc0630210f22a74f,positive,same_controller_style_structural_soft,1,risky_only_shared,external_url,39faf60056b8914b,0.692165874550,2.371253604378,0.000000000000,nonpositive_downgrade,0.692165874550
market_item.xlsx|中文暗网交易市场|seller_raw:596096||market_item.xlsx|中文暗网交易市场|seller_raw:605607,zh_target_strict,d0_current_canonical_train,zh_target_strict_cc_8d579273f8d400c6,positive,same_controller_component_anchor,1,no_shared_identifier,,,0.430326347682,0.044694242402,0.000000000000,no_score_change,0.430326347682
market_item.xlsx|中文暗网交易市场|seller_raw:596096||market_item.xlsx|中文暗网交易市场|seller_raw:605912,zh_target_strict,d0_current_canonical_train,zh_target_strict_cc_8d579273f8d400c6,positive,same_controller_component_anchor,1,no_shared_identifier,,,0.360812224116,0.044694242402,0.000000000000,no_score_change,0.360812224116
market_item.xlsx|中文暗网交易市场|seller_raw:596096||market_item.xlsx|茶马古道|seller_raw:/shop/446569,zh_target_strict,d0_current_canonical_train,zh_target_strict_cc_8d579273f8d400c6,positive,same_controller_style_structural_soft,1,risky_only_shared,external_url,ce530b57f5b0b539,0.673074073167,2.371253604378,0.000000000000,nonpositive_downgrade,0.673074073167
market_item.xlsx|中文暗网交易市场|seller_raw:596097||market_item.xlsx|中文暗网交易市场|seller_raw:605002,zh_target_strict,d0_current_canonical_train,zh_target_strict_cc_310cb72487680fb8,positive,same_controller_component_anchor,1,no_shared_identifier,,,0.439464094278,0.044694242402,0.000000000000,no_score_change,0.439464094278
market_item.xlsx|中文暗网交易市场|seller_raw:596097||market_item.xlsx|中文暗网交易市场|seller_raw:605666,zh_target_strict,d0_current_canonical_train,zh_target_strict_cc_310cb72487680fb8,positive,same_controller_component_anchor,1,no_shared_identifier,,,0.407575619257,0.044694242402,0.000000000000,no_score_change,0.407575619257
market_item.xlsx|中文暗网交易市场|seller_raw:596097||market_item.xlsx|中文暗网交易市场|seller_raw:605879,zh_target_strict,d0_current_canonical_train,zh_target_strict_cc_310cb72487680fb8,positive,same_controller_component_anchor,1,no_shared_identifier,,,0.401186852517,0.044694242402,0.000000000000,no_score_change,0.401186852517
market_item.xlsx|中文暗网交易市场|seller_raw:596097||market_item.xlsx|中文暗网交易市场|seller_raw:606388,zh_target_strict,d0_current_canonical_train,zh_target_strict_cc_310cb72487680fb8,positive,same_controller_component_anchor,1,no_shared_identifier,,,0.405112623481,0.044694242402,0.000000000000,no_score_change,0.405112623481
market_item.xlsx|中文暗网交易市场|seller_raw:596097||market_item.xlsx|茶马古道|seller_raw:/shop/453229,zh_target_strict,d0_current_canonical_train,zh_target_strict_cc_310cb72487680fb8,positive,same_controller_style_structural_soft,1,no_shared_identifier,,,0.594880109879,0.044694242402,0.000000000000,no_score_change,0.594880109879
market_item.xlsx|中文暗网交易市场|seller_raw:596099||market_item.xlsx|茶马古道|seller_raw:/shop/446585,zh_target_strict,d0_current_canonical_train,zh_target_strict_cc_8f7524095bfd62d4,positive,same_controller_style_structural_soft,1,no_shared_identifier,,,0.446419873891,0.044694242402,0.000000000000,no_score_change,0.446419873891
market_item.xlsx|中文暗网交易市场|seller_raw:596100||market_item.xlsx|茶马古道|seller_raw:/shop/453275,zh_target_strict,d0_current_canonical_train,zh_target_strict_cc_8842b549ab847af9,negative,template_clone_not_controller,1,no_shared_identifier,,,0.289464246850,0.044694242402,0.000000000000,no_score_change,0.289464246850
market_item.xlsx|中文暗网交易市场|seller_raw:596152||market_item.xlsx|茶马古道|seller_raw:/shop/446566,zh_target_strict,d0_current_canonical_train,zh_target_strict_cc_8efc6e0a2efbd15b,positive,same_controller_style_structural_soft,1,no_shared_identifier,,,0.644483003927,0.044694242402,0.000000000000,no_score_change,0.644483003927
market_item.xlsx|中文暗网交易市场|seller_raw:596311||market_item.xlsx|茶马古道|seller_raw:/shop/446588,zh_target_strict,d0_current_canonical_train,zh_target_strict_cc_42f58d3f37341b52,positive,same_controller_style_structural_soft,1,no_shared_identifier,,,0.629816944838,0.044694242402,0.000000000000,no_score_change,0.629816944838
market_item.xlsx|中文暗网交易市场|seller_raw:596705||market_item.xlsx|中文暗网交易市场|seller_raw:68788,zh_target_strict,d0_current_canonical_train,zh_target_strict_cc_2e5c7caaf65dd8e0,negative,ordinary_negative,,no_shared_identifier,,,0.024220951141,0.044694242402,0.000000000000,no_score_change,0.024220951141
market_item.xlsx|中文暗网交易市场|seller_raw:597091||market_item.xlsx|茶马古道|seller_raw:/shop/439316,zh_target_strict,d0_current_canonical_train,zh_target_strict_cc_e75b83ed3f3925b8,positive,same_controller_style_structural_soft,1,no_shared_identifier,,,0.169540045193,0.044694242402,0.000000000000,no_score_change,0.169540045193
market_item.xlsx|中文暗网交易市场|seller_raw:601974||market_item.xlsx|茶马古道|seller_raw:/shop/458151,zh_target_strict,d0_current_canonical_train,zh_target_strict_cc_250e957c9c11ae99,positive,same_controller_style_structural_soft,1,no_shared_identifier,,,0.358949782962,0.044694242402,0.000000000000,no_score_change,0.358949782962
market_item.xlsx|中文暗网交易市场|seller_raw:603220||market_item.xlsx|茶马古道|seller_raw:/shop/396767,zh_target_strict,d0_current_canonical_train,zh_target_strict_cc_ccff1905755794ed,negative,template_clone_not_controller,1,no_shared_identifier,,,0.280843691934,0.044694242402,0.000000000000,no_score_change,0.280843691934
market_item.xlsx|中文暗网交易市场|seller_raw:603362||market_item.xlsx|茶马古道|seller_raw:/shop/445928,zh_target_strict,d0_current_canonical_train,zh_target_strict_cc_b68b990231714a2c,negative,semantic_topic_not_controller,1,no_shared_identifier,,,0.023692182607,0.044694242402,0.000000000000,no_score_change,0.023692182607
market_item.xlsx|中文暗网交易市场|seller_raw:604725||market_item.xlsx|茶马古道|seller_raw:/shop/446567,zh_target_strict,d0_current_canonical_train,zh_target_strict_cc_dc0630210f22a74f,positive,same_controller_style_structural_soft,1,risky_only_shared,external_url,7b5e2ba953587891,0.698835692460,2.371253604378,0.000000000000,nonpositive_downgrade,0.698835692460
market_item.xlsx|中文暗网交易市场|seller_raw:605002||market_item.xlsx|中文暗网交易市场|seller_raw:605879,zh_target_strict,d0_current_canonical_train,zh_target_strict_cc_310cb72487680fb8,positive,same_controller_component_anchor,1,no_shared_identifier,,,0.457445622992,0.044694242402,0.000000000000,no_score_change,0.457445622992
market_item.xlsx|中文暗网交易市场|seller_raw:605002||market_item.xlsx|中文暗网交易市场|seller_raw:606388,zh_target_strict,d0_current_canonical_train,zh_target_strict_cc_310cb72487680fb8,positive,same_controller_component_anchor,1,no_shared_identifier,,,0.455608716343,0.044694242402,0.000000000000,no_score_change,0.455608716343
market_item.xlsx|中文暗网交易市场|seller_raw:605002||market_item.xlsx|茶马古道|seller_raw:/shop/453229,zh_target_strict,d0_current_canonical_train,zh_target_strict_cc_310cb72487680fb8,positive,same_controller_style_structural_soft,1,no_shared_identifier,,,0.618244436927,0.044694242402,0.000000000000,no_score_change,0.618244436927
market_item.xlsx|中文暗网交易市场|seller_raw:605009||market_item.xlsx|茶马古道|seller_raw:/shop/453275,zh_target_strict,d0_current_canonical_train,zh_target_strict_cc_8842b549ab847af9,positive,same_controller_style_structural_soft,1,no_shared_identifier,,,0.449331633035,0.044694242402,0.000000000000,no_score_change,0.449331633035
market_item.xlsx|中文暗网交易市场|seller_raw:605181||market_item.xlsx|茶马古道|seller_raw:/shop/446569,zh_target_strict,d0_current_canonical_train,zh_target_strict_cc_8d579273f8d400c6,positive,same_controller_style_structural_soft,1,no_shared_identifier,,,0.444664105659,0.044694242402,0.000000000000,no_score_change,0.444664105659
market_item.xlsx|中文暗网交易市场|seller_raw:605525||market_item.xlsx|茶马古道|seller_raw:/shop/463062,zh_target_strict,d0_current_canonical_train,zh_target_strict_cc_9b3ae496f9be5a2f,negative,ordinary_negative,,no_shared_identifier,,,0.271911967699,0.044694242402,0.000000000000,no_score_change,0.271911967699
market_item.xlsx|中文暗网交易市场|seller_raw:605607||market_item.xlsx|中文暗网交易市场|seller_raw:605912,zh_target_strict,d0_current_canonical_train,zh_target_strict_cc_8d579273f8d400c6,positive,same_controller_component_anchor,1,no_shared_identifier,,,0.417200924635,0.044694242402,0.000000000000,no_score_change,0.417200924635
market_item.xlsx|中文暗网交易市场|seller_raw:605607||market_item.xlsx|茶马古道|seller_raw:/shop/446569,zh_target_strict,d0_current_canonical_train,zh_target_strict_cc_8d579273f8d400c6,positive,same_controller_style_structural_soft,1,risky_only_shared,external_url,19df1be7f3c62e77,0.660114180291,2.371253604378,0.000000000000,nonpositive_downgrade,0.660114180291
market_item.xlsx|中文暗网交易市场|seller_raw:605663||market_item.xlsx|茶马古道|seller_raw:/shop/453265,zh_target_strict,d0_current_canonical_train,zh_target_strict_cc_290f4bfb9bba0476,positive,same_controller_style_structural_soft,1,risky_only_shared,external_url,c333d6d95fa4cd0f,0.684336932691,2.371253604378,0.000000000000,nonpositive_downgrade,0.684336932691
market_item.xlsx|中文暗网交易市场|seller_raw:605666||market_item.xlsx|茶马古道|seller_raw:/shop/453229,zh_target_strict,d0_current_canonical_train,zh_target_strict_cc_310cb72487680fb8,positive,same_controller_style_structural_soft,1,no_shared_identifier,,,0.688260083588,0.044694242402,0.000000000000,no_score_change,0.688260083588
market_item.xlsx|中文暗网交易市场|seller_raw:605668||market_item.xlsx|茶马古道|seller_raw:/shop/453265,zh_target_strict,d0_current_canonical_train,zh_target_strict_cc_290f4bfb9bba0476,positive,same_controller_style_structural_soft,1,risky_only_shared,external_url,a18c63a0e58122c1,0.594966744041,2.371253604378,0.000000000000,nonpositive_downgrade,0.594966744041
market_item.xlsx|中文暗网交易市场|seller_raw:605878||market_item.xlsx|茶马古道|seller_raw:/shop/446570,zh_target_strict,d0_current_canonical_train,zh_target_strict_cc_0b56a4186c660a7f,positive,same_controller_style_structural_soft,1,risky_only_shared,external_url,a82c7061c557710a,0.382826829294,2.371253604378,0.000000000000,nonpositive_downgrade,0.382826829294
market_item.xlsx|中文暗网交易市场|seller_raw:605879||market_item.xlsx|中文暗网交易市场|seller_raw:606388,zh_target_strict,d0_current_canonical_train,zh_target_strict_cc_310cb72487680fb8,positive,same_controller_component_anchor,1,no_shared_identifier,,,0.443306232961,0.044694242402,0.000000000000,no_score_change,0.443306232961
market_item.xlsx|中文暗网交易市场|seller_raw:605879||market_item.xlsx|茶马古道|seller_raw:/shop/453229,zh_target_strict,d0_current_canonical_train,zh_target_strict_cc_310cb72487680fb8,positive,same_controller_style_structural_soft,1,no_shared_identifier,,,0.617416795911,0.044694242402,0.000000000000,no_score_change,0.617416795911
market_item.xlsx|中文暗网交易市场|seller_raw:605886||market_item.xlsx|茶马古道|seller_raw:/shop/446566,zh_target_strict,d0_current_canonical_train,zh_target_strict_cc_8efc6e0a2efbd15b,positive,same_controller_style_structural_soft,1,no_shared_identifier,,,0.566748157678,0.044694242402,0.000000000000,no_score_change,0.566748157678
market_item.xlsx|中文暗网交易市场|seller_raw:605890||market_item.xlsx|中文暗网交易市场|seller_raw:605928,zh_target_strict,d0_current_canonical_train,zh_target_strict_cc_9ce34c21ebedda04,positive,same_controller_component_anchor,1,no_shared_identifier,,,0.392822472426,0.044694242402,0.000000000000,no_score_change,0.392822472426
market_item.xlsx|中文暗网交易市场|seller_raw:605890||market_item.xlsx|中文暗网交易市场|seller_raw:606038,zh_target_strict,d0_current_canonical_train,zh_target_strict_cc_9ce34c21ebedda04,positive,same_controller_component_anchor,1,no_shared_identifier,,,0.360326860767,0.044694242402,0.000000000000,no_score_change,0.360326860767
market_item.xlsx|中文暗网交易市场|seller_raw:605890||market_item.xlsx|茶马古道|seller_raw:/shop/453234,zh_target_strict,d0_current_canonical_train,zh_target_strict_cc_9ce34c21ebedda04,positive,same_controller_style_structural_soft,1,risky_only_shared,external_url,3547332718aaa8a9,0.588744509798,2.371253604378,0.000000000000,nonpositive_downgrade,0.588744509798
market_item.xlsx|中文暗网交易市场|seller_raw:605912||market_item.xlsx|茶马古道|seller_raw:/shop/446569,zh_target_strict,d0_current_canonical_train,zh_target_strict_cc_8d579273f8d400c6,positive,same_controller_style_structural_soft,1,risky_only_shared,external_url,7aafeff3b4164ed1,0.611298795538,2.371253604378,0.000000000000,nonpositive_downgrade,0.611298795538
market_item.xlsx|中文暗网交易市场|seller_raw:605928||market_item.xlsx|中文暗网交易市场|seller_raw:606038,zh_target_strict,d0_current_canonical_train,zh_target_strict_cc_9ce34c21ebedda04,positive,same_controller_component_anchor,1,no_shared_identifier,,,0.470442885918,0.044694242402,0.000000000000,no_score_change,0.470442885918
market_item.xlsx|中文暗网交易市场|seller_raw:605928||market_item.xlsx|茶马古道|seller_raw:/shop/453234,zh_target_strict,d0_current_canonical_train,zh_target_strict_cc_9ce34c21ebedda04,positive,same_controller_style_structural_soft,1,risky_only_shared,external_url,e1e60407919e3901,0.712289843436,2.371253604378,0.000000000000,nonpositive_downgrade,0.712289843436
market_item.xlsx|中文暗网交易市场|seller_raw:606038||market_item.xlsx|茶马古道|seller_raw:/shop/453234,zh_target_strict,d0_current_canonical_train,zh_target_strict_cc_9ce34c21ebedda04,positive,same_controller_style_structural_soft,1,risky_only_shared,external_url,d5b7c034d8805859,0.692761800958,2.371253604378,0.000000000000,nonpositive_downgrade,0.692761800958
market_item.xlsx|中文暗网交易市场|seller_raw:606388||market_item.xlsx|茶马古道|seller_raw:/shop/453229,zh_target_strict,d0_current_canonical_train,zh_target_strict_cc_310cb72487680fb8,positive,same_controller_style_structural_soft,1,no_shared_identifier,,,0.669797712127,0.044694242402,0.000000000000,no_score_change,0.669797712127
market_item.xlsx|中文暗网交易市场|seller_raw:610694||market_item.xlsx|中文暗网交易市场|seller_raw:611478,zh_target_strict,d0_current_canonical_train,zh_target_strict_cc_68f6d5b8f5934c8b,positive,same_controller_style_structural_soft,1,no_shared_identifier,,,0.298909962637,0.044694242402,0.000000000000,no_score_change,0.298909962637
market_item.xlsx|中文暗网交易市场|seller_raw:61706||market_item.xlsx|茶马古道|seller_raw:/shop/10155,zh_target_strict,d0_current_canonical_train,zh_target_strict_cc_2bb373b8ca63845e,negative,template_clone_not_controller,1,no_shared_identifier,,,0.354473618236,0.044694242402,0.000000000000,no_score_change,0.354473618236
market_item.xlsx|中文暗网交易市场|seller_raw:62435||market_item.xlsx|茶马古道|seller_raw:/shop/408660,zh_target_strict,d0_current_canonical_train,zh_target_strict_cc_2b1fa837c0e49726,negative,template_clone_not_controller,1,no_shared_identifier,,,0.286897816980,0.044694242402,0.000000000000,no_score_change,0.286897816980
market_item.xlsx|中文暗网交易市场|seller_raw:630712||market_item.xlsx|茶马古道|seller_raw:/shop/451995,zh_target_strict,d0_current_canonical_train,zh_target_strict_cc_0f6792626c843fb6,negative,template_clone_not_controller,1,no_shared_identifier,,,0.061398303245,0.044694242402,0.000000000000,no_score_change,0.061398303245
market_item.xlsx|中文暗网交易市场|seller_raw:633752||market_item.xlsx|茶马古道|seller_raw:/shop/451995,zh_target_strict,d0_current_canonical_train,zh_target_strict_cc_0f6792626c843fb6,negative,template_clone_not_controller,1,no_shared_identifier,,,0.387346995100,0.044694242402,0.000000000000,no_score_change,0.387346995100
market_item.xlsx|中文暗网交易市场|seller_raw:636288||market_item.xlsx|中文暗网交易市场|seller_raw:636666,zh_target_strict,d0_current_canonical_train,zh_target_strict_cc_91bfa095c1c39ade,positive,same_controller_direct_identifier,1,risky_only_shared,email,0d4594cf671c9212,0.268533297687,1.855824887304,0.000000000000,nonpositive_downgrade,0.268533297687
market_item.xlsx|中文暗网交易市场|seller_raw:636666||market_item.xlsx|中文暗网交易市场|seller_raw:65706,zh_target_strict,d0_current_canonical_train,zh_target_strict_cc_91bfa095c1c39ade,positive,same_controller_direct_identifier,1,verified_direct_both_sides,email,b2c5603e06393610,0.064065623683,2.752097799564,2.752097799564,nonnegative_uplift,0.517607806965
market_item.xlsx|中文暗网交易市场|seller_raw:63685||market_item.xlsx|茶马古道|seller_raw:/shop/455682,zh_target_strict,d0_current_canonical_train,zh_target_strict_cc_6f5e7e731ed947dd,negative,semantic_topic_not_controller,1,no_shared_identifier,,,0.209758840688,0.044694242402,0.000000000000,no_score_change,0.209758840688
market_item.xlsx|中文暗网交易市场|seller_raw:639133||market_item.xlsx|茶马古道|seller_raw:/shop/430143,zh_target_strict,d0_current_canonical_train,zh_target_strict_cc_0fd9a9da668d452e,positive,same_controller_style_structural_soft,1,no_shared_identifier,,,0.393152088313,0.044694242402,0.000000000000,no_score_change,0.393152088313
market_item.xlsx|中文暗网交易市场|seller_raw:64249||market_item.xlsx|茶马古道|seller_raw:/shop/396961,zh_target_strict,d0_current_canonical_train,zh_target_strict_cc_d21d5c577bf0cfc7,positive,same_controller_style_structural_soft,1,no_shared_identifier,,,0.360470253798,0.044694242402,0.000000000000,no_score_change,0.360470253798
market_item.xlsx|中文暗网交易市场|seller_raw:65453||market_item.xlsx|茶马古道|seller_raw:/shop/464262,zh_target_strict,d0_current_canonical_train,zh_target_strict_cc_8e0c2337b28313db,negative,semantic_topic_not_controller,1,no_shared_identifier,,,0.000794844737,0.044694242402,0.000000000000,no_score_change,0.000794844737
market_item.xlsx|中文暗网交易市场|seller_raw:65684||market_item.xlsx|中文暗网交易市场|seller_raw:81020,zh_target_strict,d0_current_canonical_train,zh_target_strict_cc_9ad2ae4ca9a83c6a,positive,same_controller_style_structural_soft,1,no_shared_identifier,,,0.122925268264,0.044694242402,0.000000000000,no_score_change,0.122925268264
market_item.xlsx|中文暗网交易市场|seller_raw:66000||market_item.xlsx|茶马古道|seller_raw:/shop/435231,zh_target_strict,d0_current_canonical_train,zh_target_strict_cc_871c67180b653d4d,negative,semantic_topic_not_controller,1,no_shared_identifier,,,0.037293168651,0.044694242402,0.000000000000,no_score_change,0.037293168651
market_item.xlsx|中文暗网交易市场|seller_raw:66960||market_item.xlsx|茶马古道|seller_raw:/shop/396961,zh_target_strict,d0_current_canonical_train,zh_target_strict_cc_d21d5c577bf0cfc7,positive,same_controller_style_structural_soft,1,no_shared_identifier,,,0.316055119157,0.044694242402,0.000000000000,no_score_change,0.316055119157
market_item.xlsx|中文暗网交易市场|seller_raw:68894||market_item.xlsx|茶马古道|seller_raw:/shop/431552,zh_target_strict,d0_current_canonical_train,zh_target_strict_cc_f5730b9a4f881954,negative,semantic_topic_not_controller,1,no_shared_identifier,,,0.210708267123,0.044694242402,0.000000000000,no_score_change,0.210708267123
market_item.xlsx|中文暗网交易市场|seller_raw:69210||market_item.xlsx|茶马古道|seller_raw:/shop/8494,zh_target_strict,d0_current_canonical_train,zh_target_strict_cc_69a030ad6f93d0e3,negative,semantic_topic_not_controller,1,no_shared_identifier,,,0.262034673918,0.044694242402,0.000000000000,no_score_change,0.262034673918
market_item.xlsx|中文暗网交易市场|seller_raw:69214||market_item.xlsx|茶马古道|seller_raw:/shop/5524,zh_target_strict,d0_current_canonical_train,zh_target_strict_cc_5ab9a9542992a12d,negative,template_clone_not_controller,1,no_shared_identifier,,,0.179676901139,0.044694242402,0.000000000000,no_score_change,0.179676901139
market_item.xlsx|中文暗网交易市场|seller_raw:69573||market_item.xlsx|茶马古道|seller_raw:/shop/402851,zh_target_strict,d0_current_canonical_train,zh_target_strict_cc_0716f7d56fab2fe3,negative,template_clone_not_controller,1,no_shared_identifier,,,0.299822989890,0.044694242402,0.000000000000,no_score_change,0.299822989890
market_item.xlsx|中文暗网交易市场|seller_raw:71807||market_item.xlsx|茶马古道|seller_raw:/shop/722,zh_target_strict,d0_current_canonical_train,zh_target_strict_cc_52557091d1ce932e,negative,template_clone_not_controller,1,no_shared_identifier,,,0.125565537548,0.044694242402,0.000000000000,no_score_change,0.125565537548
market_item.xlsx|中文暗网交易市场|seller_raw:71807||market_item.xlsx|茶马古道|seller_raw:/shop/736,zh_target_strict,d0_current_canonical_train,zh_target_strict_cc_52557091d1ce932e,negative,template_clone_not_controller,1,no_shared_identifier,,,0.405679487411,0.044694242402,0.000000000000,no_score_change,0.405679487411
market_item.xlsx|中文暗网交易市场|seller_raw:74774||market_item.xlsx|茶马古道|seller_raw:/shop/406711,zh_target_strict,d0_current_canonical_train,zh_target_strict_cc_2e5c7caaf65dd8e0,negative,semantic_topic_not_controller,,no_shared_identifier,,,0.001116900812,0.044694242402,0.000000000000,no_score_change,0.001116900812
market_item.xlsx|中文暗网交易市场|seller_raw:74774||market_item.xlsx|茶马古道|seller_raw:/shop/413191,zh_target_strict,d0_current_canonical_train,zh_target_strict_cc_2e5c7caaf65dd8e0,negative,semantic_topic_not_controller,,no_shared_identifier,,,0.000544968873,0.044694242402,0.000000000000,no_score_change,0.000544968873
market_item.xlsx|中文暗网交易市场|seller_raw:74774||market_item.xlsx|茶马古道|seller_raw:/shop/427282,zh_target_strict,d0_current_canonical_train,zh_target_strict_cc_2e5c7caaf65dd8e0,negative,semantic_topic_not_controller,1,no_shared_identifier,,,0.000612712973,0.044694242402,0.000000000000,no_score_change,0.000612712973
market_item.xlsx|中文暗网交易市场|seller_raw:74774||market_item.xlsx|茶马古道|seller_raw:/shop/461222,zh_target_strict,d0_current_canonical_train,zh_target_strict_cc_2e5c7caaf65dd8e0,negative,semantic_topic_not_controller,1,no_shared_identifier,,,0.000372140350,0.044694242402,0.000000000000,no_score_change,0.000372140350
market_item.xlsx|中文暗网交易市场|seller_raw:79018||market_item.xlsx|茶马古道|seller_raw:/shop/463845,zh_target_strict,d0_current_canonical_train,zh_target_strict_cc_20e2bdb964e3bc04,negative,semantic_topic_not_controller,1,no_shared_identifier,,,0.000125859310,0.044694242402,0.000000000000,no_score_change,0.000125859310
market_item.xlsx|中文暗网交易市场|seller_raw:80160||market_item.xlsx|茶马古道|seller_raw:/shop/6242,zh_target_strict,d0_current_canonical_train,zh_target_strict_cc_bdbbd819a13285cb,negative,template_clone_not_controller,,no_shared_identifier,,,0.266991503950,0.044694242402,0.000000000000,no_score_change,0.266991503950
market_item.xlsx|中文暗网交易市场|seller_raw:81135||market_item.xlsx|茶马古道|seller_raw:/shop/5524,zh_target_strict,d0_current_canonical_train,zh_target_strict_cc_5ab9a9542992a12d,negative,template_clone_not_controller,1,no_shared_identifier,,,0.300768073271,0.044694242402,0.000000000000,no_score_change,0.300768073271
market_item.xlsx|中文暗网交易市场|seller_raw:83617||market_item.xlsx|茶马古道|seller_raw:/shop/426537,zh_target_strict,d0_current_canonical_train,zh_target_strict_cc_af4e0fda40d26ac9,negative,semantic_topic_not_controller,1,no_shared_identifier,,,0.001306247217,0.044694242402,0.000000000000,no_score_change,0.001306247217
market_item.xlsx|中文暗网交易市场|seller_raw:86288||market_item.xlsx|茶马古道|seller_raw:/shop/399905,zh_target_strict,d0_current_canonical_train,zh_target_strict_cc_7da9eb6e659ef940,negative,template_clone_not_controller,1,no_shared_identifier,,,0.332348559279,0.044694242402,0.000000000000,no_score_change,0.332348559279
market_item.xlsx|中文暗网交易市场|seller_raw:86962||market_item.xlsx|茶马古道|seller_raw:/shop/451633,zh_target_strict,d0_current_canonical_train,zh_target_strict_cc_2e5c7caaf65dd8e0,negative,semantic_topic_not_controller,1,no_shared_identifier,,,0.166066253142,0.044694242402,0.000000000000,no_score_change,0.166066253142
market_item.xlsx|中文暗网交易市场|seller_raw:99482||market_item.xlsx|茶马古道|seller_raw:/shop/406714,zh_target_strict,d0_current_canonical_train,zh_target_strict_cc_f01f31bc246f92c9,negative,template_clone_not_controller,1,no_shared_identifier,,,0.382724708291,0.044694242402,0.000000000000,no_score_change,0.382724708291
market_item.xlsx|中文暗网交易市场|seller_raw:99721||market_item.xlsx|茶马古道|seller_raw:/shop/418566,zh_target_strict,d0_current_canonical_train,zh_target_strict_cc_ca3af113ac817cad,negative,template_clone_not_controller,1,no_shared_identifier,,,0.099626670299,0.044694242402,0.000000000000,no_score_change,0.099626670299
market_item.xlsx|茶马古道|seller_raw:/shop/1681||market_item.xlsx|茶马古道|seller_raw:/shop/394537,zh_target_strict,d0_current_canonical_train,zh_target_strict_cc_a0470d4df17304ad,positive,same_controller_style_structural_soft,1,no_shared_identifier,,,0.296992227493,0.044694242402,0.000000000000,no_score_change,0.296992227493
market_item.xlsx|茶马古道|seller_raw:/shop/2343||market_item.xlsx|茶马古道|seller_raw:/shop/436019,zh_target_strict,d0_current_canonical_train,zh_target_strict_cc_738de69abc9fccc8,negative,semantic_topic_not_controller,1,no_shared_identifier,,,0.267847599103,0.044694242402,0.000000000000,no_score_change,0.267847599103
market_item.xlsx|茶马古道|seller_raw:/shop/2901||market_item.xlsx|茶马古道|seller_raw:/shop/841,zh_target_strict,d0_current_canonical_train,zh_target_strict_cc_c625a925bf8e6ee0,negative,semantic_topic_not_controller,1,no_shared_identifier,,,0.021979377353,0.044694242402,0.000000000000,no_score_change,0.021979377353
market_item.xlsx|茶马古道|seller_raw:/shop/393365||market_item.xlsx|茶马古道|seller_raw:/shop/441359,zh_target_strict,d0_current_canonical_train,zh_target_strict_cc_af15240d9d8910cb,negative,ordinary_negative,,no_shared_identifier,,,0.467986255206,0.044694242402,0.000000000000,no_score_change,0.467986255206
market_item.xlsx|茶马古道|seller_raw:/shop/394471||market_item.xlsx|茶马古道|seller_raw:/shop/432627,zh_target_strict,d0_current_canonical_train,zh_target_strict_cc_efca46e72d966ee9,positive,same_controller_style_structural_soft,1,no_shared_identifier,,,0.338317956434,0.044694242402,0.000000000000,no_score_change,0.338317956434
market_item.xlsx|茶马古道|seller_raw:/shop/395006||market_item.xlsx|茶马古道|seller_raw:/shop/446570,zh_target_strict,d0_current_canonical_train,zh_target_strict_cc_0b56a4186c660a7f,positive,same_controller_direct_identifier,1,risky_only_shared,external_url,a82c7061c557710a,0.305127380782,2.077550308177,0.000000000000,nonpositive_downgrade,0.305127380782
market_item.xlsx|茶马古道|seller_raw:/shop/396767||market_item.xlsx|茶马古道|seller_raw:/shop/411022,zh_target_strict,d0_current_canonical_train,zh_target_strict_cc_ccff1905755794ed,negative,template_clone_not_controller,1,no_shared_identifier,,,0.057639872825,0.044694242402,0.000000000000,no_score_change,0.057639872825
market_item.xlsx|茶马古道|seller_raw:/shop/397155||market_item.xlsx|茶马古道|seller_raw:/shop/399798,zh_target_strict,d0_current_canonical_train,zh_target_strict_cc_583ebde7d72d4d78,positive,same_controller_style_structural_soft,1,no_shared_identifier,,,0.400371905723,0.044694242402,0.000000000000,no_score_change,0.400371905723
market_item.xlsx|茶马古道|seller_raw:/shop/399003||market_item.xlsx|茶马古道|seller_raw:/shop/458800,zh_target_strict,d0_current_canonical_train,zh_target_strict_cc_c23799bb90a83e19,negative,semantic_topic_not_controller,1,no_shared_identifier,,,0.068894765292,0.044694242402,0.000000000000,no_score_change,0.068894765292
market_item.xlsx|茶马古道|seller_raw:/shop/399461||market_item.xlsx|茶马古道|seller_raw:/shop/407100,zh_target_strict,d0_current_canonical_train,zh_target_strict_cc_ec1dc6d5a557bca9,positive,same_controller_style_structural_soft,1,no_shared_identifier,,,0.710016186594,0.044694242402,0.000000000000,no_score_change,0.710016186594
market_item.xlsx|茶马古道|seller_raw:/shop/403842||market_item.xlsx|茶马古道|seller_raw:/shop/433482,zh_target_strict,d0_current_canonical_train,zh_target_strict_cc_6127caefc2200ba7,positive,same_controller_direct_identifier,1,direct_with_mixed_context,telegram,32511160fb29d43a,0.097593701843,2.222111974106,0.000000000000,no_score_change,0.097593701843
market_item.xlsx|茶马古道|seller_raw:/shop/405653||market_item.xlsx|茶马古道|seller_raw:/shop/442299,zh_target_strict,d0_current_canonical_train,zh_target_strict_cc_054061c8af11dfc6,positive,same_controller_style_structural_soft,1,no_shared_identifier,,,0.376769697353,0.044694242402,0.000000000000,no_score_change,0.376769697353
market_item.xlsx|茶马古道|seller_raw:/shop/405657||market_item.xlsx|茶马古道|seller_raw:/shop/412039,zh_target_strict,d0_current_canonical_train,zh_target_strict_cc_3ea8308794671330,positive,same_controller_style_structural_soft,1,no_shared_identifier,,,0.406923331123,0.044694242402,0.000000000000,no_score_change,0.406923331123
market_item.xlsx|茶马古道|seller_raw:/shop/406204||market_item.xlsx|茶马古道|seller_raw:/shop/444891,zh_target_strict,d0_current_canonical_train,zh_target_strict_cc_f2284c6c25ecca95,negative,template_clone_not_controller,1,no_shared_identifier,,,0.256025736422,0.044694242402,0.000000000000,no_score_change,0.256025736422
market_item.xlsx|茶马古道|seller_raw:/shop/407100||market_item.xlsx|茶马古道|seller_raw:/shop/8264,zh_target_strict,d0_current_canonical_train,zh_target_strict_cc_ec1dc6d5a557bca9,negative,template_clone_not_controller,1,no_shared_identifier,,,0.332932431875,0.044694242402,0.000000000000,no_score_change,0.332932431875
market_item.xlsx|茶马古道|seller_raw:/shop/408157||market_item.xlsx|茶马古道|seller_raw:/shop/418373,zh_target_strict,d0_current_canonical_train,zh_target_strict_cc_2ebc04c07cd47d7e,positive,same_controller_style_structural_soft,1,no_shared_identifier,,,0.333141597336,0.044694242402,0.000000000000,no_score_change,0.333141597336
market_item.xlsx|茶马古道|seller_raw:/shop/408298||market_item.xlsx|茶马古道|seller_raw:/shop/441385,zh_target_strict,d0_current_canonical_train,zh_target_strict_cc_b64182bc28570696,positive,same_controller_style_structural_soft,1,no_shared_identifier,,,0.366307044744,0.044694242402,0.000000000000,no_score_change,0.366307044744
market_item.xlsx|茶马古道|seller_raw:/shop/410709||market_item.xlsx|茶马古道|seller_raw:/shop/465512,zh_target_strict,d0_current_canonical_train,zh_target_strict_cc_6ee7573f2af2393f,negative,semantic_topic_not_controller,1,no_shared_identifier,,,0.294300328980,0.044694242402,0.000000000000,no_score_change,0.294300328980
market_item.xlsx|茶马古道|seller_raw:/shop/410971||market_item.xlsx|茶马古道|seller_raw:/shop/415228,zh_target_strict,d0_current_canonical_train,zh_target_strict_cc_362861a99efafbf2,positive,same_controller_style_structural_soft,1,no_shared_identifier,,,0.384219038385,0.044694242402,0.000000000000,no_score_change,0.384219038385
market_item.xlsx|茶马古道|seller_raw:/shop/412426||market_item.xlsx|茶马古道|seller_raw:/shop/466722,zh_target_strict,d0_current_canonical_train,zh_target_strict_cc_245889cf959364bf,negative,semantic_topic_not_controller,1,no_shared_identifier,,,0.003484209823,0.044694242402,0.000000000000,no_score_change,0.003484209823
market_item.xlsx|茶马古道|seller_raw:/shop/413150||market_item.xlsx|茶马古道|seller_raw:/shop/415493,zh_target_strict,d0_current_canonical_train,zh_target_strict_cc_d30b8a7ef8b6700c,negative,semantic_topic_not_controller,1,no_shared_identifier,,,0.353574621654,0.044694242402,0.000000000000,no_score_change,0.353574621654
market_item.xlsx|茶马古道|seller_raw:/shop/413261||market_item.xlsx|茶马古道|seller_raw:/shop/436715,zh_target_strict,d0_current_canonical_train,zh_target_strict_cc_2e5c7caaf65dd8e0,negative,semantic_topic_not_controller,1,no_shared_identifier,,,0.023960104914,0.044694242402,0.000000000000,no_score_change,0.023960104914
market_item.xlsx|茶马古道|seller_raw:/shop/414182||market_item.xlsx|茶马古道|seller_raw:/shop/415493,zh_target_strict,d0_current_canonical_train,zh_target_strict_cc_d30b8a7ef8b6700c,negative,template_clone_not_controller,1,no_shared_identifier,,,0.386820021281,0.044694242402,0.000000000000,no_score_change,0.386820021281
market_item.xlsx|茶马古道|seller_raw:/shop/4165||market_item.xlsx|茶马古道|seller_raw:/shop/442518,zh_target_strict,d0_current_canonical_train,zh_target_strict_cc_713879c4ee5f08cb,negative,public_contact_or_url_noise,,no_shared_identifier,,,0.412976578279,0.044694242402,0.000000000000,no_score_change,0.412976578279
market_item.xlsx|茶马古道|seller_raw:/shop/4165||market_item.xlsx|茶马古道|seller_raw:/shop/451126,zh_target_strict,d0_current_canonical_train,zh_target_strict_cc_713879c4ee5f08cb,negative,public_contact_or_url_noise,,no_shared_identifier,,,0.455902315895,0.044694242402,0.000000000000,no_score_change,0.455902315895
market_item.xlsx|茶马古道|seller_raw:/shop/418858||market_item.xlsx|茶马古道|seller_raw:/shop/430878,zh_target_strict,d0_current_canonical_train,zh_target_strict_cc_109a9bd7e2713617,negative,semantic_topic_not_controller,1,no_shared_identifier,,,0.012186505823,0.044694242402,0.000000000000,no_score_change,0.012186505823
market_item.xlsx|茶马古道|seller_raw:/shop/421||market_item.xlsx|茶马古道|seller_raw:/shop/827,zh_target_strict,d0_current_canonical_train,zh_target_strict_cc_03766f06ea4185b1,positive,same_controller_style_structural_soft,1,no_shared_identifier,,,0.298486554427,0.044694242402,0.000000000000,no_score_change,0.298486554427
market_item.xlsx|茶马古道|seller_raw:/shop/425667||market_item.xlsx|茶马古道|seller_raw:/shop/440200,zh_target_strict,d0_current_canonical_train,zh_target_strict_cc_9991bf542ace4262,negative,semantic_topic_not_controller,,no_shared_identifier,,,0.077004921137,0.044694242402,0.000000000000,no_score_change,0.077004921137
market_item.xlsx|茶马古道|seller_raw:/shop/425667||market_item.xlsx|茶马古道|seller_raw:/shop/450020,zh_target_strict,d0_current_canonical_train,zh_target_strict_cc_9991bf542ace4262,negative,template_clone_not_controller,1,no_shared_identifier,,,0.407987334715,0.044694242402,0.000000000000,no_score_change,0.407987334715
market_item.xlsx|茶马古道|seller_raw:/shop/425704||market_item.xlsx|茶马古道|seller_raw:/shop/427282,zh_target_strict,d0_current_canonical_train,zh_target_strict_cc_2e5c7caaf65dd8e0,negative,public_contact_or_url_noise,,no_shared_identifier,,,0.361299962498,0.044694242402,0.000000000000,no_score_change,0.361299962498
market_item.xlsx|茶马古道|seller_raw:/shop/425704||market_item.xlsx|茶马古道|seller_raw:/shop/464140,zh_target_strict,d0_current_canonical_train,zh_target_strict_cc_2e5c7caaf65dd8e0,negative,public_contact_or_url_noise,,no_shared_identifier,,,0.419981195130,0.044694242402,0.000000000000,no_score_change,0.419981195130
market_item.xlsx|茶马古道|seller_raw:/shop/427282||market_item.xlsx|茶马古道|seller_raw:/shop/436862,zh_target_strict,d0_current_canonical_train,zh_target_strict_cc_2e5c7caaf65dd8e0,negative,ordinary_negative,,no_shared_identifier,,,0.001509368499,0.044694242402,0.000000000000,no_score_change,0.001509368499
market_item.xlsx|茶马古道|seller_raw:/shop/427282||market_item.xlsx|茶马古道|seller_raw:/shop/464140,zh_target_strict,d0_current_canonical_train,zh_target_strict_cc_2e5c7caaf65dd8e0,negative,public_contact_or_url_noise,,no_shared_identifier,,,0.277519564589,0.044694242402,0.000000000000,no_score_change,0.277519564589
market_item.xlsx|茶马古道|seller_raw:/shop/427291||market_item.xlsx|茶马古道|seller_raw:/shop/430060,zh_target_strict,d0_current_canonical_train,zh_target_strict_cc_16c1ee5115ab4f55,positive,same_controller_style_structural_soft,1,no_shared_identifier,,,0.452483928509,0.044694242402,0.000000000000,no_score_change,0.452483928509
market_item.xlsx|茶马古道|seller_raw:/shop/427729||market_item.xlsx|茶马古道|seller_raw:/shop/464292,zh_target_strict,d0_current_canonical_train,zh_target_strict_cc_d72695fcd6e5426a,negative,semantic_topic_not_controller,1,no_shared_identifier,,,0.000177703808,0.044694242402,0.000000000000,no_score_change,0.000177703808
market_item.xlsx|茶马古道|seller_raw:/shop/429138||market_item.xlsx|茶马古道|seller_raw:/shop/435113,zh_target_strict,d0_current_canonical_train,zh_target_strict_cc_22709e967eba3940,negative,template_clone_not_controller,1,no_shared_identifier,,,0.221440927115,0.044694242402,0.000000000000,no_score_change,0.221440927115
market_item.xlsx|茶马古道|seller_raw:/shop/429595||market_item.xlsx|茶马古道|seller_raw:/shop/431498,zh_target_strict,d0_current_canonical_train,zh_target_strict_cc_0743a90cf480aecc,positive,same_controller_style_structural_soft,1,no_shared_identifier,,,0.633609522724,0.044694242402,0.000000000000,no_score_change,0.633609522724
market_item.xlsx|茶马古道|seller_raw:/shop/429835||market_item.xlsx|茶马古道|seller_raw:/shop/439078,zh_target_strict,d0_current_canonical_train,zh_target_strict_cc_799c1a28c3d154c4,negative,semantic_topic_not_controller,1,no_shared_identifier,,,0.005913201284,0.044694242402,0.000000000000,no_score_change,0.005913201284
market_item.xlsx|茶马古道|seller_raw:/shop/431366||market_item.xlsx|茶马古道|seller_raw:/shop/463196,zh_target_strict,d0_current_canonical_train,zh_target_strict_cc_0b2fd1034506436d,negative,template_clone_not_controller,1,no_shared_identifier,,,0.188590461976,0.044694242402,0.000000000000,no_score_change,0.188590461976
market_item.xlsx|茶马古道|seller_raw:/shop/431707||market_item.xlsx|茶马古道|seller_raw:/shop/436287,zh_target_strict,d0_current_canonical_train,zh_target_strict_cc_52743f2ee9548722,positive,same_controller_style_structural_soft,1,no_shared_identifier,,,0.744406421860,0.044694242402,0.000000000000,no_score_change,0.744406421860
market_item.xlsx|茶马古道|seller_raw:/shop/435341||market_item.xlsx|茶马古道|seller_raw:/shop/456282,zh_target_strict,d0_current_canonical_train,zh_target_strict_cc_730500bfc72cf275,positive,same_controller_style_structural_soft,1,no_shared_identifier,,,0.744406240014,0.044694242402,0.000000000000,no_score_change,0.744406240014
market_item.xlsx|茶马古道|seller_raw:/shop/436862||market_item.xlsx|茶马古道|seller_raw:/shop/449048,zh_target_strict,d0_current_canonical_train,zh_target_strict_cc_2e5c7caaf65dd8e0,negative,semantic_topic_not_controller,1,no_shared_identifier,,,0.002642110679,0.044694242402,0.000000000000,no_score_change,0.002642110679
market_item.xlsx|茶马古道|seller_raw:/shop/437369||market_item.xlsx|茶马古道|seller_raw:/shop/448464,zh_target_strict,d0_current_canonical_train,zh_target_strict_cc_2e5c7caaf65dd8e0,negative,ordinary_negative,,no_shared_identifier,,,0.061515666432,0.044694242402,0.000000000000,no_score_change,0.061515666432
market_item.xlsx|茶马古道|seller_raw:/shop/437493||market_item.xlsx|茶马古道|seller_raw:/shop/455868,zh_target_strict,d0_current_canonical_train,zh_target_strict_cc_e3c807049ac8a064,negative,template_clone_not_controller,1,no_shared_identifier,,,0.167836965410,0.044694242402,0.000000000000,no_score_change,0.167836965410
market_item.xlsx|茶马古道|seller_raw:/shop/438230||market_item.xlsx|茶马古道|seller_raw:/shop/462496,zh_target_strict,d0_current_canonical_train,zh_target_strict_cc_121ca4c8ff35556e,positive,same_controller_style_structural_soft,1,no_shared_identifier,,,0.305258875573,0.044694242402,0.000000000000,no_score_change,0.305258875573
market_item.xlsx|茶马古道|seller_raw:/shop/440200||market_item.xlsx|茶马古道|seller_raw:/shop/450020,zh_target_strict,d0_current_canonical_train,zh_target_strict_cc_9991bf542ace4262,positive,same_controller_style_structural_soft,,no_shared_identifier,,,0.337026899447,0.044694242402,0.000000000000,no_score_change,0.337026899447
market_item.xlsx|茶马古道|seller_raw:/shop/442518||market_item.xlsx|茶马古道|seller_raw:/shop/451126,zh_target_strict,d0_current_canonical_train,zh_target_strict_cc_713879c4ee5f08cb,negative,public_contact_or_url_noise,,no_shared_identifier,,,0.408151952993,0.044694242402,0.000000000000,no_score_change,0.408151952993
market_item.xlsx|茶马古道|seller_raw:/shop/445493||market_item.xlsx|茶马古道|seller_raw:/shop/467254,zh_target_strict,d0_current_canonical_train,zh_target_strict_cc_0860ef0b5d2c3ab2,positive,same_controller_style_structural_soft,1,no_shared_identifier,,,0.161917435685,0.044694242402,0.000000000000,no_score_change,0.161917435685
market_item.xlsx|茶马古道|seller_raw:/shop/446222||market_item.xlsx|茶马古道|seller_raw:/shop/455192,zh_target_strict,d0_current_canonical_train,zh_target_strict_cc_98ff17826496a458,positive,same_controller_style_structural_soft,1,no_shared_identifier,,,0.443295760766,0.044694242402,0.000000000000,no_score_change,0.443295760766
market_item.xlsx|茶马古道|seller_raw:/shop/449035||market_item.xlsx|茶马古道|seller_raw:/shop/458155,zh_target_strict,d0_current_canonical_train,zh_target_strict_cc_2e5c7caaf65dd8e0,positive,same_controller_direct_identifier,1,risky_only_shared,external_url,3547332718aaa8a9,0.239210142936,2.077550308177,0.000000000000,nonpositive_downgrade,0.239210142936
market_item.xlsx|茶马古道|seller_raw:/shop/449035||market_item.xlsx|茶马古道|seller_raw:/shop/461222,zh_target_strict,d0_current_canonical_train,zh_target_strict_cc_2e5c7caaf65dd8e0,positive,same_controller_direct_identifier,,verified_direct_both_sides,telegram,fd6dbcb4d557f4f0,0.425047120473,2.858432543740,2.858432543740,nonnegative_uplift,0.927998588543
market_item.xlsx|茶马古道|seller_raw:/shop/450368||market_item.xlsx|茶马古道|seller_raw:/shop/455309,zh_target_strict,d0_current_canonical_train,zh_target_strict_cc_f8a04f9eb50a8430,positive,same_controller_style_structural_soft,1,no_shared_identifier,,,0.376057306300,0.044694242402,0.000000000000,no_score_change,0.376057306300
market_item.xlsx|茶马古道|seller_raw:/shop/450521||market_item.xlsx|茶马古道|seller_raw:/shop/6200,zh_target_strict,d0_current_canonical_train,zh_target_strict_cc_65aa5f92e3ce4f58,positive,same_controller_style_structural_soft,1,no_shared_identifier,,,0.479361647319,0.044694242402,0.000000000000,no_score_change,0.479361647319
market_item.xlsx|茶马古道|seller_raw:/shop/452928||market_item.xlsx|茶马古道|seller_raw:/shop/462496,zh_target_strict,d0_current_canonical_train,zh_target_strict_cc_121ca4c8ff35556e,positive,same_controller_style_structural_soft,1,no_shared_identifier,,,0.364432100962,0.044694242402,0.000000000000,no_score_change,0.364432100962
market_item.xlsx|茶马古道|seller_raw:/shop/455099||market_item.xlsx|茶马古道|seller_raw:/shop/458412,zh_target_strict,d0_current_canonical_train,zh_target_strict_cc_40b9a504f5ac5810,negative,semantic_topic_not_controller,1,no_shared_identifier,,,0.000119098127,0.044694242402,0.000000000000,no_score_change,0.000119098127
market_item.xlsx|茶马古道|seller_raw:/shop/461592||market_item.xlsx|茶马古道|seller_raw:/shop/464927,zh_target_strict,d0_current_canonical_train,zh_target_strict_cc_494da64942501206,positive,same_controller_style_structural_soft,1,no_shared_identifier,,,0.142874421861,0.044694242402,0.000000000000,no_score_change,0.142874421861
market_item.xlsx|茶马古道|seller_raw:/shop/463004||market_item.xlsx|茶马古道|seller_raw:/shop/463446,zh_target_strict,d0_current_canonical_train,zh_target_strict_cc_a1175d9202492312,positive,same_controller_style_structural_soft,1,no_shared_identifier,,,0.443476350189,0.044694242402,0.000000000000,no_score_change,0.443476350189
market_item.xlsx|茶马古道|seller_raw:/shop/464292||market_item.xlsx|茶马古道|seller_raw:/shop/474,zh_target_strict,d0_current_canonical_train,zh_target_strict_cc_d72695fcd6e5426a,negative,semantic_topic_not_controller,1,no_shared_identifier,,,0.014209749789,0.044694242402,0.000000000000,no_score_change,0.014209749789
market_item.xlsx|茶马古道|seller_raw:/shop/464741||market_item.xlsx|茶马古道|seller_raw:/shop/464776,zh_target_strict,d0_current_canonical_train,zh_target_strict_cc_9466901f53cad223,positive,same_controller_style_structural_soft,1,no_shared_identifier,,,0.483409221558,0.044694242402,0.000000000000,no_score_change,0.483409221558
market_item.xlsx|茶马古道|seller_raw:/shop/467049||market_item.xlsx|茶马古道|seller_raw:/shop/469683,zh_target_strict,d0_current_canonical_train,zh_target_strict_cc_027a74bced4cc613,positive,same_controller_style_structural_soft,1,no_shared_identifier,,,0.495710799541,0.044694242402,0.000000000000,no_score_change,0.495710799541
market_item.xlsx|茶马古道|seller_raw:/shop/5741||market_item.xlsx|茶马古道|seller_raw:/shop/7993,zh_target_strict,d0_current_canonical_train,zh_target_strict_cc_b13c24f24da07e1e,positive,same_controller_style_structural_soft,1,no_shared_identifier,,,0.352784935402,0.044694242402,0.000000000000,no_score_change,0.352784935402
market_item.xlsx|茶马古道|seller_raw:/shop/604||market_item.xlsx|茶马古道|seller_raw:/shop/605,zh_target_strict,d0_current_canonical_train,zh_target_strict_cc_e3d84786f29926f2,positive,same_controller_style_structural_soft,1,no_shared_identifier,,,0.379206151738,0.044694242402,0.000000000000,no_score_change,0.379206151738
market_item.xlsx|茶马古道|seller_raw:/shop/7580||market_item.xlsx|茶马古道|seller_raw:/shop/8223,zh_target_strict,d0_current_canonical_train,zh_target_strict_cc_a78858d9e59583c0,positive,same_controller_style_structural_soft,1,no_shared_identifier,,,0.045322907990,0.044694242402,0.000000000000,no_score_change,0.045322907990
market_item.xlsx|茶马古道|seller_raw:/shop/7784||market_item.xlsx|茶马古道|seller_raw:/shop/8546,zh_target_strict,d0_current_canonical_train,zh_target_strict_cc_6e67aad6908e959c,positive,same_controller_style_structural_soft,1,no_shared_identifier,,,0.108313283503,0.044694242402,0.000000000000,no_score_change,0.108313283503
