pair_uid,pool,domain,split_name,seller_uid_left,seller_uid_right,component_id,identifier_redacted_e5_cosine,raw_pcm_multilingual_authorship_cosine,raw_mstyledistance_cosine,pair_local_or_raw_pcm_multilingual_authorship_cosine,pair_local_or_raw_mstyledistance_cosine,pcm_raw_minus_pair_local_or_raw,mstyledistance_raw_minus_pair_local_or_raw,pair_local_maximum_mask_fraction,pair_local_mean_mask_fraction,pair_local_shared_shingle_count_log1p,pair_local_masked_span_count_log1p,pair_local_style_reliable,global_pair_maximum_boilerplate_fraction,global_pair_mean_boilerplate_fraction,global_style_reliable
2017-12-05-philipjames11-darknetmarketplacedataagora20142015.xlsx|agora|seller_raw:Actorian||market_item.xlsx|apollon market|seller_raw:Made_man (100%),en_content_train_pool,en,train,2017-12-05-philipjames11-darknetmarketplacedataagora20142015.xlsx|agora|seller_raw:Actorian,market_item.xlsx|apollon market|seller_raw:Made_man (100%),en_content_train_pool_cc_50481108a33b850d,0.867700457573,0.838118255138,0.858088850975,0.593806445599,0.988982319832,0.244311809539,-0.130893468857,0.000000000000,0.000000000000,1.945910149055,0.000000000000,1,0.142857142857,0.071428571428,1
2017-12-05-philipjames11-darknetmarketplacedataagora20142015.xlsx|agora|seller_raw:DomCobb||market_item.xlsx|silk road 3.1|seller_raw:robthesilkroad,en_content_train_pool,en,train,2017-12-05-philipjames11-darknetmarketplacedataagora20142015.xlsx|agora|seller_raw:DomCobb,market_item.xlsx|silk road 3.1|seller_raw:robthesilkroad,en_content_train_pool_cc_be967b90d809ceb9,0.764971256256,0.641496539116,0.577171742916,0.671093821526,0.976597189903,-0.029597282410,-0.399425446987,0.000000000000,0.000000000000,0.000000000000,0.000000000000,1,0.000000000000,0.000000000000,1
2017-12-05-philipjames11-darknetmarketplacedataagora20142015.xlsx|agora|seller_raw:JeanClochard||2017-12-05-philipjames11-darknetmarketplacedataagora20142015.xlsx|agora|seller_raw:MoneySell,en_content_train_pool,en,train,2017-12-05-philipjames11-darknetmarketplacedataagora20142015.xlsx|agora|seller_raw:JeanClochard,2017-12-05-philipjames11-darknetmarketplacedataagora20142015.xlsx|agora|seller_raw:MoneySell,en_content_train_pool_cc_5a9aa11e23a4c0b6,0.940900325775,0.980108380318,0.999188542366,0.915656089783,0.870960891247,0.064452290535,0.128227651119,0.795768747382,0.771221863300,7.467371066918,3.295836866004,1,0.016417290108,0.011455398301,1
2017-12-05-philipjames11-darknetmarketplacedataagora20142015.xlsx|agora|seller_raw:bestcocaine||market_item.xlsx|silk road 3.1|seller_raw:however,en_content_train_pool,en,train,2017-12-05-philipjames11-darknetmarketplacedataagora20142015.xlsx|agora|seller_raw:bestcocaine,market_item.xlsx|silk road 3.1|seller_raw:however,en_content_train_pool_cc_ebbaa123eebf6ca0,0.862308621407,0.394085317850,0.641501247883,0.394085317850,0.641501247883,0.000000000000,0.000000000000,0.869565217391,0.434782608696,1.609437912434,0.693147180560,0,0.094117647059,0.047058823529,1
market_item.xlsx|Cartel|seller_raw:Dr_Heizen||market_item.xlsx|Cartel|seller_raw:MAGICMOVERS1,en_content_train_pool,en,train,market_item.xlsx|Cartel|seller_raw:Dr_Heizen,market_item.xlsx|Cartel|seller_raw:MAGICMOVERS1,en_content_train_pool_cc_f4386d4b56023e8a,0.872348606586,0.878927826881,0.997966647148,0.856417179108,0.890509128571,0.022510647773,0.107457518577,0.346685082873,0.270281316947,5.730099782974,2.302585092994,1,0.306169429098,0.189699360407,1
market_item.xlsx|Cartel|seller_raw:Drugsking||market_item.xlsx|darkfox market|seller_raw:rinyus,en_content_train_pool,en,train,market_item.xlsx|Cartel|seller_raw:Drugsking,market_item.xlsx|darkfox market|seller_raw:rinyus,en_content_train_pool_cc_5d852c7834259fe8,0.915870130062,0.934925675392,0.997281789780,0.931953549385,0.982709825039,0.002972126007,0.014571964741,0.469060225017,0.380617387009,6.293419278846,4.454347296254,1,0.348000975134,0.251432651697,1
market_item.xlsx|Cartel|seller_raw:Godaddy1||market_item.xlsx|darkfox market|seller_raw:thecolonel,en_content_train_pool,en,train,market_item.xlsx|Cartel|seller_raw:Godaddy1,market_item.xlsx|darkfox market|seller_raw:thecolonel,en_content_train_pool_cc_f9371bc9b3ce6d7d,0.947782993317,0.971964955330,0.997055649757,0.846909105778,0.982491850853,0.125055849552,0.014563798904,0.593243243243,0.497638870626,5.872117789475,3.496507561466,1,0.473648648649,0.434524457009,1
market_item.xlsx|Cartel|seller_raw:Hilfiger||market_item.xlsx|vice city|seller_raw:PILLSDr,en_content_train_pool,en,train,market_item.xlsx|Cartel|seller_raw:Hilfiger,market_item.xlsx|vice city|seller_raw:PILLSDr,en_content_train_pool_cc_10c6c1093b6829a3,0.871760308743,0.897547483444,0.996205329895,0.905617415905,0.990359961987,-0.008069932461,0.005845367908,0.479117785077,0.322996422595,6.692083742507,2.079441541680,1,0.192555544869,0.146254309272,1
market_item.xlsx|Cartel|seller_raw:fullplez||market_item.xlsx|apollon market|seller_raw:g3cko (96%),en_content_train_pool,en,train,market_item.xlsx|Cartel|seller_raw:fullplez,market_item.xlsx|apollon market|seller_raw:g3cko (96%),en_content_train_pool_cc_69a17117c0da140c,0.914930582047,0.893927037716,0.992252469063,0.890011727810,0.974964797497,0.003915309906,0.017287671566,0.256257848472,0.205280636460,8.015327309022,1.791759469228,1,0.047216408539,0.036792839977,1
market_item.xlsx|Cartel|seller_raw:irishoncoke||market_item.xlsx|apollon market|seller_raw:backagain1 (100%),en_content_train_pool,en,train,market_item.xlsx|Cartel|seller_raw:irishoncoke,market_item.xlsx|apollon market|seller_raw:backagain1 (100%),en_content_train_pool_cc_4632283115d6aed9,0.948151707649,0.989117085934,0.994636416435,0.895319938660,0.944162905216,0.093797147274,0.050473511219,0.840948525159,0.749719091824,6.030685260261,3.433987204485,1,0.249639249639,0.194223904750,1
market_item.xlsx|Cartel|seller_raw:theword1||market_item.xlsx|dark0de|seller_raw:mensguru,en_content_train_pool,en,train,market_item.xlsx|Cartel|seller_raw:theword1,market_item.xlsx|dark0de|seller_raw:mensguru,en_content_train_pool_cc_561b30415036492a,0.905197918415,0.780987620354,0.997577667236,0.819557309151,0.977289855480,-0.038569688797,0.020287811756,0.379558294813,0.343992874600,6.905753276311,3.951243718581,1,0.385550419449,0.367840370455,1
market_item.xlsx|Lime|seller_raw:BossAmerica||market_item.xlsx|agartha market|seller_raw:Bestplug,en_content_train_pool,en,train,market_item.xlsx|Lime|seller_raw:BossAmerica,market_item.xlsx|agartha market|seller_raw:Bestplug,en_content_train_pool_cc_f337d7958a98c59b,0.931155025959,0.932663440704,0.998348712921,0.851865768433,0.957818567753,0.080797672271,0.040530145168,0.262108262108,0.258988549139,7.067319848653,3.610917912644,1,0.288655788656,0.286235731863,1
market_item.xlsx|Lime|seller_raw:Cityshop||market_item.xlsx|agartha market|seller_raw:CITYSHOP92,en_content_train_pool,en,train,market_item.xlsx|Lime|seller_raw:Cityshop,market_item.xlsx|agartha market|seller_raw:CITYSHOP92,en_content_train_pool_cc_f337d7958a98c59b,0.931326091290,0.910712420940,0.997385680676,0.826016008854,0.982161939144,0.084696412086,0.015223741532,0.486409495549,0.437248252552,7.358830898342,4.369447852467,1,0.496442366335,0.494333942812,1
market_item.xlsx|Lime|seller_raw:Cityshop||market_item.xlsx|agartha market|seller_raw:chrisstore24,en_content_train_pool,en,train,market_item.xlsx|Lime|seller_raw:Cityshop,market_item.xlsx|agartha market|seller_raw:chrisstore24,en_content_train_pool_cc_f337d7958a98c59b,0.942561447620,0.927634358406,0.997986972332,0.939640522003,0.931179285049,-0.012006163597,0.066807687283,0.729996633374,0.691030030450,8.007367067983,4.219507705176,1,0.546627763438,0.521535064887,1
market_item.xlsx|Lime|seller_raw:Darkhackman||market_item.xlsx|Lime|seller_raw:Gerybell,en_content_train_pool,en,train,market_item.xlsx|Lime|seller_raw:Darkhackman,market_item.xlsx|Lime|seller_raw:Gerybell,en_content_train_pool_cc_f5e987aedb012243,0.961491107941,0.975985646248,0.998594164848,0.940222382545,0.966191828251,0.035763263703,0.032402336597,0.383230639120,0.341024398260,6.775366090936,4.418840607797,1,0.489307720188,0.453490819535,1
market_item.xlsx|Lime|seller_raw:Legithustle420||market_item.xlsx|agartha market|seller_raw:Ortegameds,en_content_train_pool,en,train,market_item.xlsx|Lime|seller_raw:Legithustle420,market_item.xlsx|agartha market|seller_raw:Ortegameds,en_content_train_pool_cc_f337d7958a98c59b,0.898179829121,0.958886921406,0.997904300690,0.950401484966,0.944118678570,0.008485436440,0.053785622120,0.080743537613,0.078528969439,6.194405391105,3.663561646130,1,0.519781958854,0.471528117582,1
market_item.xlsx|Lime|seller_raw:Legithustle420||market_item.xlsx|agartha market|seller_raw:ProGlobalSam,en_content_train_pool,en,train,market_item.xlsx|Lime|seller_raw:Legithustle420,market_item.xlsx|agartha market|seller_raw:ProGlobalSam,en_content_train_pool_cc_f337d7958a98c59b,0.902370750904,0.922623395920,0.998001694679,0.911913514137,0.984420955181,0.010709881783,0.013580739498,0.166355140187,0.131875411124,6.324358962381,4.290459441148,1,0.423274276309,0.384878653157,1
market_item.xlsx|Lime|seller_raw:Lordpharma||market_item.xlsx|agartha market|seller_raw:carlosjuan,en_content_train_pool,en,train,market_item.xlsx|Lime|seller_raw:Lordpharma,market_item.xlsx|agartha market|seller_raw:carlosjuan,en_content_train_pool_cc_f337d7958a98c59b,0.935414791107,0.938599824905,0.998569130898,0.928065717220,0.915560722351,0.010534107685,0.083008408547,0.714874484826,0.571528118875,7.711996507048,4.158883083360,1,0.577463469464,0.466141827331,1
market_item.xlsx|Lime|seller_raw:Lordpharma||market_item.xlsx|agartha market|seller_raw:chrisstore24,en_content_train_pool,en,train,market_item.xlsx|Lime|seller_raw:Lordpharma,market_item.xlsx|agartha market|seller_raw:chrisstore24,en_content_train_pool_cc_f337d7958a98c59b,0.939613819122,0.934198737144,0.998692393303,0.948819637299,0.948036611080,-0.014620900155,0.050655782223,0.425440239790,0.395359554302,6.981934677156,4.499809670330,1,0.577463469464,0.562045616451,1
market_item.xlsx|Lime|seller_raw:Namara||market_item.xlsx|apollon market|seller_raw:mydeals (100%),en_content_train_pool,en,train,market_item.xlsx|Lime|seller_raw:Namara,market_item.xlsx|apollon market|seller_raw:mydeals (100%),en_content_train_pool_cc_8fd57e6732d14d04,0.919101476669,0.949351668358,0.948973178864,0.890233039856,0.753789126873,0.059118628502,0.195184051991,0.734693877551,0.538765327942,5.398162701518,1.945910149055,1,0.562152133581,0.465324106705,1
market_item.xlsx|Lime|seller_raw:USADRUGLORD||market_item.xlsx|agartha market|seller_raw:willson99,en_content_train_pool,en,train,market_item.xlsx|Lime|seller_raw:USADRUGLORD,market_item.xlsx|agartha market|seller_raw:willson99,en_content_train_pool_cc_29f6fc6f6a43956f,0.932926177979,0.795192956924,0.994471907616,0.695800602436,0.928538918495,0.099392354488,0.065932989121,0.608843187661,0.602115720752,7.611842399580,4.369447852467,1,0.536756011037,0.507298314002,1
market_item.xlsx|Lime|seller_raw:darklord||market_item.xlsx|Lime|seller_raw:tomandjerry1,en_content_train_pool,en,train,market_item.xlsx|Lime|seller_raw:darklord,market_item.xlsx|Lime|seller_raw:tomandjerry1,en_content_train_pool_cc_67c904aef061fe88,0.919642090797,0.951925873756,0.998269915581,0.962433695793,0.973215818405,-0.010507822037,0.025054097176,0.529309271935,0.522411813771,6.001414877961,3.931825632724,1,0.618668326073,0.610286911846,1
market_item.xlsx|Lime|seller_raw:grandmaster||market_item.xlsx|Lime|seller_raw:ketplug,en_content_train_pool,en,train,market_item.xlsx|Lime|seller_raw:grandmaster,market_item.xlsx|Lime|seller_raw:ketplug,en_content_train_pool_cc_f337d7958a98c59b,0.940832018852,0.922838330269,0.999428272247,0.862083017826,0.854853868484,0.060755312443,0.144574403763,0.407754775249,0.382526500389,6.803505257608,4.682131227124,1,0.555987647261,0.472155243207,1
market_item.xlsx|Lime|seller_raw:grandmaster||market_item.xlsx|agartha market|seller_raw:CITYSHOP92,en_content_train_pool,en,train,market_item.xlsx|Lime|seller_raw:grandmaster,market_item.xlsx|agartha market|seller_raw:CITYSHOP92,en_content_train_pool_cc_f337d7958a98c59b,0.910828888416,0.871511638165,0.998757481575,0.851203680038,0.966891407967,0.020307958127,0.031866073608,0.297091988131,0.244108158082,6.498282149476,4.143134726392,1,0.555987647261,0.524106583274,1
market_item.xlsx|Lime|seller_raw:grandmaster||market_item.xlsx|agartha market|seller_raw:truu00,en_content_train_pool,en,train,market_item.xlsx|Lime|seller_raw:grandmaster,market_item.xlsx|agartha market|seller_raw:truu00,en_content_train_pool_cc_f337d7958a98c59b,0.927289843559,0.915782749653,0.997630715370,0.852854967117,0.962807118893,0.062927782536,0.034823596477,0.294292576919,0.288673855480,6.799055862059,4.356708826690,1,0.555987647261,0.473036818066,1
market_item.xlsx|Lime|seller_raw:jennifer||market_item.xlsx|agartha market|seller_raw:labdoctor,en_content_train_pool,en,train,market_item.xlsx|Lime|seller_raw:jennifer,market_item.xlsx|agartha market|seller_raw:labdoctor,en_content_train_pool_cc_4860f601af2761a3,0.907088458538,0.955143332481,0.994965553284,0.964481353760,0.939958631992,-0.009338021279,0.055006921292,0.252977945512,0.234094792862,7.278628942321,2.944438979166,1,0.375280103786,0.256489258242,1
market_item.xlsx|Lime|seller_raw:ketplug||market_item.xlsx|agartha market|seller_raw:CITYSHOP92,en_content_train_pool,en,train,market_item.xlsx|Lime|seller_raw:ketplug,market_item.xlsx|agartha market|seller_raw:CITYSHOP92,en_content_train_pool_cc_f337d7958a98c59b,0.918564915657,0.949616670609,0.999066948891,0.968847632408,0.971269726753,-0.019230961799,0.027797222138,0.305666857470,0.281260728438,6.850126166146,4.174387269896,1,0.492225519288,0.440274179220,1
market_item.xlsx|Lime|seller_raw:ketplug||market_item.xlsx|agartha market|seller_raw:Lordpharma,en_content_train_pool,en,train,market_item.xlsx|Lime|seller_raw:ketplug,market_item.xlsx|agartha market|seller_raw:Lordpharma,en_content_train_pool_cc_f337d7958a98c59b,0.918369889259,0.932644248009,0.998488903046,0.977566301823,0.969469189644,-0.044922053814,0.029019713402,0.348712077848,0.348129715466,7.075808863978,4.189654742026,1,0.422049538611,0.405186188882,1
market_item.xlsx|Lime|seller_raw:maxmann||market_item.xlsx|darkfox market|seller_raw:opportunity,en_content_train_pool,en,train,market_item.xlsx|Lime|seller_raw:maxmann,market_item.xlsx|darkfox market|seller_raw:opportunity,en_content_train_pool_cc_2acc45f6f7ed75bb,0.918740391731,0.927650809288,0.992631137371,0.921316385269,0.987654805183,0.006334424019,0.004976332188,0.242727706247,0.195311594146,6.284134161071,3.258096538021,1,0.432874243789,0.411358438060,1
market_item.xlsx|Lime|seller_raw:methking||market_item.xlsx|agartha market|seller_raw:dreamboss,en_content_train_pool,en,train,market_item.xlsx|Lime|seller_raw:methking,market_item.xlsx|agartha market|seller_raw:dreamboss,en_content_train_pool_cc_f6e9f85c637f9ea0,0.915029406548,0.899347662926,0.996306180954,0.903658628464,0.982129096985,-0.004310965538,0.014177083969,0.277196176604,0.265841908181,6.481577129276,4.043051267835,1,0.662324340958,0.632709735340,1
market_item.xlsx|Lime|seller_raw:michaeldean||market_item.xlsx|agartha market|seller_raw:CannaCare,en_content_train_pool,en,train,market_item.xlsx|Lime|seller_raw:michaeldean,market_item.xlsx|agartha market|seller_raw:CannaCare,en_content_train_pool_cc_f337d7958a98c59b,0.892971277237,0.974103510380,0.998771131039,0.968467116356,0.982720911503,0.005636394024,0.016050219536,0.071720430108,0.065540989803,6.218600119692,3.218875824868,1,0.417311827957,0.396559429043,1
market_item.xlsx|Lime|seller_raw:michaeldean||market_item.xlsx|agartha market|seller_raw:Legitsales,en_content_train_pool,en,train,market_item.xlsx|Lime|seller_raw:michaeldean,market_item.xlsx|agartha market|seller_raw:Legitsales,en_content_train_pool_cc_f337d7958a98c59b,0.878388285637,0.942245960236,0.997694849968,0.952465534210,0.993270456791,-0.010219573974,0.004424393177,0.231737065092,0.172674486635,7.004881989713,3.496507561466,1,0.485299781743,0.430553405936,1
market_item.xlsx|Lime|seller_raw:michaeldean||market_item.xlsx|agartha market|seller_raw:dozy1992,en_content_train_pool,en,train,market_item.xlsx|Lime|seller_raw:michaeldean,market_item.xlsx|agartha market|seller_raw:dozy1992,en_content_train_pool_cc_f337d7958a98c59b,0.887071549892,0.945250928402,0.995549261570,0.928247570992,0.977930784225,0.017003357410,0.017618477345,0.012390087930,0.009064484424,4.007333185232,1.791759469228,1,0.375807030129,0.285292270726,1
market_item.xlsx|Lime|seller_raw:michaeldean||market_item.xlsx|agartha market|seller_raw:kaiserplug,en_content_train_pool,en,train,market_item.xlsx|Lime|seller_raw:michaeldean,market_item.xlsx|agartha market|seller_raw:kaiserplug,en_content_train_pool_cc_f337d7958a98c59b,0.878314971924,0.953657746315,0.997953176498,0.983797073364,0.957474827766,-0.030139327049,0.040478348732,0.058911260254,0.054428729122,6.326149473155,2.564949357462,1,0.375807030129,0.333084350262,1
market_item.xlsx|Lime|seller_raw:michaeldean||market_item.xlsx|agartha market|seller_raw:makershop,en_content_train_pool,en,train,market_item.xlsx|Lime|seller_raw:michaeldean,market_item.xlsx|agartha market|seller_raw:makershop,en_content_train_pool_cc_f337d7958a98c59b,0.883246064186,0.943646490574,0.998289287090,0.938781023026,0.966007828712,0.004865467548,0.032281458378,0.006146800048,0.004149440196,4.330733340286,1.386294361120,1,0.375807030129,0.271427680426,1
market_item.xlsx|Lime|seller_raw:michaeldean||market_item.xlsx|agartha market|seller_raw:private,en_content_train_pool,en,train,market_item.xlsx|Lime|seller_raw:michaeldean,market_item.xlsx|agartha market|seller_raw:private,en_content_train_pool_cc_f337d7958a98c59b,0.880493044853,0.957734525204,0.998679339886,0.969750344753,0.994321942329,-0.012015819549,0.004357397557,0.159697683549,0.126208239192,6.712956200677,3.555348061489,1,0.395170789164,0.385488909647,1
market_item.xlsx|Lime|seller_raw:michaeldean||market_item.xlsx|agartha market|seller_raw:tonyplug,en_content_train_pool,en,train,market_item.xlsx|Lime|seller_raw:michaeldean,market_item.xlsx|agartha market|seller_raw:tonyplug,en_content_train_pool_cc_f337d7958a98c59b,0.878085970879,0.946025013924,0.997708976269,0.959972083569,0.994249701500,-0.013947069645,0.003459274769,0.039660056657,0.027496814555,5.187385805841,2.944438979166,1,0.375807030129,0.370623061807,1
market_item.xlsx|Lime|seller_raw:quick45||market_item.xlsx|darkfox market|seller_raw:usdrill,en_content_train_pool,en,train,market_item.xlsx|Lime|seller_raw:quick45,market_item.xlsx|darkfox market|seller_raw:usdrill,en_content_train_pool_cc_2e47f4373e2af6f9,0.910416066647,0.867846727371,0.987116575241,0.923515737057,0.964912474155,-0.055669009686,0.022204101086,0.047281598513,0.040409343780,5.049856007250,2.890371757896,1,0.525092936803,0.408672356391,1
market_item.xlsx|Lime|seller_raw:sweetNtreat||market_item.xlsx|cannazon market|seller_raw:Weed365,en_content_train_pool,en,train,market_item.xlsx|Lime|seller_raw:sweetNtreat,market_item.xlsx|cannazon market|seller_raw:Weed365,en_content_train_pool_cc_004159f5a4159919,0.939600706100,0.924270749092,0.993053078651,0.933239459991,0.873919725418,-0.008968710899,0.119133353233,0.571618920720,0.512105950669,6.385194398998,3.258096538021,1,0.216867469880,0.137747525746,1
market_item.xlsx|Lime|seller_raw:zulvinapills||market_item.xlsx|agartha market|seller_raw:legitsupply,en_content_train_pool,en,train,market_item.xlsx|Lime|seller_raw:zulvinapills,market_item.xlsx|agartha market|seller_raw:legitsupply,en_content_train_pool_cc_f337d7958a98c59b,0.911598563194,0.932790517807,0.998122453690,0.946555018425,0.992935299873,-0.013764500618,0.005187153817,0.032039565638,0.025081121109,5.129898714923,2.564949357462,1,0.400209107807,0.356378072880,1
market_item.xlsx|agartha market|seller_raw:AlexMuyer||market_item.xlsx|agartha market|seller_raw:drugload90,en_content_train_pool,en,train,market_item.xlsx|agartha market|seller_raw:AlexMuyer,market_item.xlsx|agartha market|seller_raw:drugload90,en_content_train_pool_cc_f337d7958a98c59b,0.907662153244,0.966120958328,0.998604774475,0.965609669685,0.935357093811,0.000511288643,0.063247680664,0.396616541353,0.265164024323,7.155396301897,3.496507561466,1,0.300648298217,0.215878660386,1
market_item.xlsx|agartha market|seller_raw:Bestplug||market_item.xlsx|agartha market|seller_raw:CannaCare,en_content_train_pool,en,train,market_item.xlsx|agartha market|seller_raw:Bestplug,market_item.xlsx|agartha market|seller_raw:CannaCare,en_content_train_pool_cc_f337d7958a98c59b,0.923919081688,0.966190278530,0.997850894928,0.942181587219,0.997902989388,0.024008691311,-0.000052094460,0.226183082847,0.216263584434,6.896694331623,3.871201010908,1,0.417311827957,0.350563751514,1
market_item.xlsx|agartha market|seller_raw:Bestplug||market_item.xlsx|agartha market|seller_raw:ExpressScripts,en_content_train_pool,en,train,market_item.xlsx|agartha market|seller_raw:Bestplug,market_item.xlsx|agartha market|seller_raw:ExpressScripts,en_content_train_pool_cc_f337d7958a98c59b,0.921082615852,0.956542134285,0.997560143471,0.956480503082,0.992649078369,0.000061631203,0.004911065102,0.104107406986,0.084906765224,5.609471795185,3.433987204485,1,0.519171691888,0.401493683479,1
market_item.xlsx|agartha market|seller_raw:Bestplug||market_item.xlsx|agartha market|seller_raw:Global_trade,en_content_train_pool,en,train,market_item.xlsx|agartha market|seller_raw:Bestplug,market_item.xlsx|agartha market|seller_raw:Global_trade,en_content_train_pool_cc_f337d7958a98c59b,0.929695427418,0.934834837914,0.994553565979,0.879007041454,0.968791246414,0.055827796460,0.025762319565,0.043224444168,0.040567345996,5.159055299215,2.708050201102,1,0.283815675071,0.283568922599,1
market_item.xlsx|agartha market|seller_raw:Bestplug||market_item.xlsx|agartha market|seller_raw:Legitwhite,en_content_train_pool,en,train,market_item.xlsx|agartha market|seller_raw:Bestplug,market_item.xlsx|agartha market|seller_raw:Legitwhite,en_content_train_pool_cc_f337d7958a98c59b,0.926597833633,0.953002452850,0.998215675354,0.889286935329,0.952062726021,0.063715517521,0.046152949333,0.156378089678,0.140961680226,6.490723534503,3.761200115694,1,0.543249281838,0.413532478455,1
market_item.xlsx|agartha market|seller_raw:Bestplug||market_item.xlsx|agartha market|seller_raw:bluesstore,en_content_train_pool,en,train,market_item.xlsx|agartha market|seller_raw:Bestplug,market_item.xlsx|agartha market|seller_raw:bluesstore,en_content_train_pool_cc_f337d7958a98c59b,0.922509193420,0.948008000851,0.999051511288,0.953364431858,0.994258821011,-0.005356431007,0.004792690277,0.207427648739,0.170872713915,6.786716950605,3.465735902800,1,0.359480212640,0.321647943855,1
market_item.xlsx|agartha market|seller_raw:Bestplug||market_item.xlsx|agartha market|seller_raw:pestein,en_content_train_pool,en,train,market_item.xlsx|agartha market|seller_raw:Bestplug,market_item.xlsx|agartha market|seller_raw:pestein,en_content_train_pool_cc_f337d7958a98c59b,0.926602005959,0.973061680794,0.999052762985,0.940971493721,0.986367285252,0.032090187073,0.012685477733,0.099366538318,0.097259759539,5.963579343618,3.828641396489,1,0.498580590895,0.391198132983,1
market_item.xlsx|agartha market|seller_raw:Billsbarons420||market_item.xlsx|agartha market|seller_raw:PHARMAHOUSE,en_content_train_pool,en,train,market_item.xlsx|agartha market|seller_raw:Billsbarons420,market_item.xlsx|agartha market|seller_raw:PHARMAHOUSE,en_content_train_pool_cc_f337d7958a98c59b,0.939663052559,0.987836956978,0.999394297600,0.965133666992,0.953990101814,0.022703289986,0.045404195786,0.242953552997,0.197463070257,7.095064377287,3.637586159726,1,0.396089718142,0.354045970388,1
market_item.xlsx|agartha market|seller_raw:Billsbarons420||market_item.xlsx|agartha market|seller_raw:ProGlobalSam,en_content_train_pool,en,train,market_item.xlsx|agartha market|seller_raw:Billsbarons420,market_item.xlsx|agartha market|seller_raw:ProGlobalSam,en_content_train_pool_cc_f337d7958a98c59b,0.929627299309,0.966875910759,0.998968839645,0.974956333637,0.981275737286,-0.008080422878,0.017693102359,0.466109198229,0.383759243815,7.403061091090,4.143134726392,1,0.396089718142,0.371286374074,1
market_item.xlsx|agartha market|seller_raw:Billsbarons420||market_item.xlsx|agartha market|seller_raw:drugload90,en_content_train_pool,en,train,market_item.xlsx|agartha market|seller_raw:Billsbarons420,market_item.xlsx|agartha market|seller_raw:drugload90,en_content_train_pool_cc_f337d7958a98c59b,0.942261576653,0.987197697163,0.999491572380,0.970569372177,0.995687603951,0.016628324986,0.003803968429,0.391623660183,0.367880981901,7.603897968522,4.204692619391,1,0.396089718142,0.348369008180,1
market_item.xlsx|agartha market|seller_raw:CannaCare||market_item.xlsx|agartha market|seller_raw:ExpressScripts,en_content_train_pool,en,train,market_item.xlsx|agartha market|seller_raw:CannaCare,market_item.xlsx|agartha market|seller_raw:ExpressScripts,en_content_train_pool_cc_f337d7958a98c59b,0.937422156334,0.981622993946,0.999359726906,0.952911615372,0.995544910431,0.028711378574,0.003814816475,0.430879508477,0.292859109077,6.715383386335,3.806662489770,1,0.519171691888,0.468241759923,1
market_item.xlsx|agartha market|seller_raw:CannaCare||market_item.xlsx|agartha market|seller_raw:Global_trade,en_content_train_pool,en,train,market_item.xlsx|agartha market|seller_raw:CannaCare,market_item.xlsx|agartha market|seller_raw:Global_trade,en_content_train_pool_cc_f337d7958a98c59b,0.929062962532,0.967135190964,0.998524367809,0.935096621513,0.881120681763,0.032038569451,0.117403686046,0.095780308104,0.067244992762,5.579729825986,3.135494215929,1,0.417311827957,0.350316999042,1
market_item.xlsx|agartha market|seller_raw:CannaCare||market_item.xlsx|agartha market|seller_raw:Legitwhite,en_content_train_pool,en,train,market_item.xlsx|agartha market|seller_raw:CannaCare,market_item.xlsx|agartha market|seller_raw:Legitwhite,en_content_train_pool_cc_f337d7958a98c59b,0.947843313217,0.988758385181,0.999265909195,0.971673369408,0.991001367569,0.017085015773,0.008264541626,0.271290322581,0.246348427595,7.077498053569,4.127134385045,1,0.543249281838,0.480280554897,1
market_item.xlsx|agartha market|seller_raw:CannaCare||market_item.xlsx|agartha market|seller_raw:kaiserplug,en_content_train_pool,en,train,market_item.xlsx|agartha market|seller_raw:CannaCare,market_item.xlsx|agartha market|seller_raw:kaiserplug,en_content_train_pool_cc_f337d7958a98c59b,0.946859002113,0.985269308090,0.999288201332,0.963369607925,0.929960966110,0.021899700165,0.069327235222,0.289677419355,0.238798441221,7.064759027792,4.343805421854,1,0.417311827957,0.353836749176,1
market_item.xlsx|agartha market|seller_raw:CannaCare||market_item.xlsx|agartha market|seller_raw:private,en_content_train_pool,en,train,market_item.xlsx|agartha market|seller_raw:CannaCare,market_item.xlsx|agartha market|seller_raw:private,en_content_train_pool_cc_f337d7958a98c59b,0.932609796524,0.980142533779,0.999332904816,0.972581207752,0.993674874306,0.007561326027,0.005658030510,0.319032258065,0.265670428208,7.251344983372,4.219507705176,1,0.417311827957,0.406241308561,1
market_item.xlsx|agartha market|seller_raw:CannaCare||market_item.xlsx|agartha market|seller_raw:tonyplug,en_content_train_pool,en,train,market_item.xlsx|agartha market|seller_raw:CannaCare,market_item.xlsx|agartha market|seller_raw:tonyplug,en_content_train_pool_cc_f337d7958a98c59b,0.941125452518,0.981144487858,0.998909354210,0.967216432095,0.937497317791,0.013928055763,0.061412036419,0.508716495969,0.401616312500,7.187657164115,4.174387269896,1,0.417311827957,0.391375460721,1
market_item.xlsx|agartha market|seller_raw:Daha2020||market_item.xlsx|agartha market|seller_raw:wolfhon66,en_content_train_pool,en,train,market_item.xlsx|agartha market|seller_raw:Daha2020,market_item.xlsx|agartha market|seller_raw:wolfhon66,en_content_train_pool_cc_f337d7958a98c59b,0.969013690948,0.989069223404,0.999157071114,0.954059481621,0.985958218575,0.035009741783,0.013198852539,0.551228463656,0.522637241945,8.010027528482,4.304065093204,1,0.432867774493,0.391248105171,1
market_item.xlsx|agartha market|seller_raw:Damason||market_item.xlsx|agartha market|seller_raw:Jamesrox,en_content_train_pool,en,train,market_item.xlsx|agartha market|seller_raw:Damason,market_item.xlsx|agartha market|seller_raw:Jamesrox,en_content_train_pool_cc_f337d7958a98c59b,0.917129039764,0.873035907745,0.991098642349,0.645002424717,0.994864284992,0.228033483028,-0.003765642643,0.117758245912,0.094646805532,5.846438775058,3.526360524616,1,0.385738930420,0.351124828597,1
market_item.xlsx|agartha market|seller_raw:Damason||market_item.xlsx|agartha market|seller_raw:caliscoties,en_content_train_pool,en,train,market_item.xlsx|agartha market|seller_raw:Damason,market_item.xlsx|agartha market|seller_raw:caliscoties,en_content_train_pool_cc_f337d7958a98c59b,0.894459724426,0.829594790936,0.993696868420,0.732793927193,0.987864196301,0.096800863743,0.005832672119,0.055571307060,0.037053841679,5.407171771460,2.302585092994,1,0.338583520840,0.327547123807,1
market_item.xlsx|agartha market|seller_raw:Damason||market_item.xlsx|agartha market|seller_raw:legitsupply,en_content_train_pool,en,train,market_item.xlsx|agartha market|seller_raw:Damason,market_item.xlsx|agartha market|seller_raw:legitsupply,en_content_train_pool_cc_f337d7958a98c59b,0.890448272228,0.843613266945,0.992302238941,0.731899440289,0.987570762634,0.111713826656,0.004731476307,0.074756639259,0.062751935370,5.521460917862,3.332204510175,1,0.316510726774,0.314528882363,1
market_item.xlsx|agartha market|seller_raw:EU_STORE||market_item.xlsx|agartha market|seller_raw:legit1,en_content_train_pool,en,train,market_item.xlsx|agartha market|seller_raw:EU_STORE,market_item.xlsx|agartha market|seller_raw:legit1,en_content_train_pool_cc_d153eba4de0968ee,0.950575411320,0.986758053303,0.998761355877,0.979906201363,0.957332313061,0.006851851940,0.041429042816,0.564479315264,0.556239657632,7.765144902936,4.204692619391,1,0.467333333333,0.432240133143,1
market_item.xlsx|agartha market|seller_raw:ElCokeCo||market_item.xlsx|agartha market|seller_raw:Perfectsales,en_content_train_pool,en,train,market_item.xlsx|agartha market|seller_raw:ElCokeCo,market_item.xlsx|agartha market|seller_raw:Perfectsales,en_content_train_pool_cc_f302fcb0ccfcb180,0.912497282028,0.945745587349,0.926420986652,0.427343964577,0.916201174259,0.518401622772,0.010219812393,0.553319919517,0.491888386154,4.867534450456,2.772588722240,1,0.509054325956,0.282445944704,1
market_item.xlsx|agartha market|seller_raw:ExpressScripts||market_item.xlsx|agartha market|seller_raw:Global_trade,en_content_train_pool,en,train,market_item.xlsx|agartha market|seller_raw:ExpressScripts,market_item.xlsx|agartha market|seller_raw:Global_trade,en_content_train_pool_cc_f337d7958a98c59b,0.940953254700,0.965271949768,0.998908638954,0.854946374893,0.935383379459,0.110325574875,0.063525259495,0.068608487883,0.064310941865,5.455321115358,3.135494215929,1,0.519171691888,0.401246931008,1
market_item.xlsx|agartha market|seller_raw:ExpressScripts||market_item.xlsx|agartha market|seller_raw:pestein,en_content_train_pool,en,train,market_item.xlsx|agartha market|seller_raw:ExpressScripts,market_item.xlsx|agartha market|seller_raw:pestein,en_content_train_pool_cc_f337d7958a98c59b,0.934875965118,0.945830225945,0.999116778374,0.923652350903,0.952843904495,0.022177875042,0.046272873879,0.361360791899,0.244553805686,6.356107660696,3.806662489770,1,0.519171691888,0.508876141392,1
market_item.xlsx|agartha market|seller_raw:GehLegit||market_item.xlsx|agartha market|seller_raw:dozy1992,en_content_train_pool,en,train,market_item.xlsx|agartha market|seller_raw:GehLegit,market_item.xlsx|agartha market|seller_raw:dozy1992,en_content_train_pool_cc_f337d7958a98c59b,0.925985455513,0.980821073055,0.994132757187,0.948450326920,0.940553009510,0.032370746135,0.053579747677,0.280284453163,0.205956242036,6.131226489483,3.891820298111,1,0.202141572666,0.198459541995,1
market_item.xlsx|agartha market|seller_raw:GehLegit||market_item.xlsx|agartha market|seller_raw:legitsupply,en_content_train_pool,en,train,market_item.xlsx|agartha market|seller_raw:GehLegit,market_item.xlsx|agartha market|seller_raw:legitsupply,en_content_train_pool_cc_f337d7958a98c59b,0.928719699383,0.977696716785,0.998739838600,0.913855195045,0.968021512032,0.063841521740,0.030718326568,0.322330932158,0.315939047900,6.593044534142,4.442651256490,1,0.312547037953,0.257344305309,1
market_item.xlsx|agartha market|seller_raw:Global_trade||market_item.xlsx|agartha market|seller_raw:Legitwhite,en_content_train_pool,en,train,market_item.xlsx|agartha market|seller_raw:Global_trade,market_item.xlsx|agartha market|seller_raw:Legitwhite,en_content_train_pool_cc_f337d7958a98c59b,0.919414043427,0.968713343143,0.998132407665,0.951054692268,0.977154195309,0.017658650875,0.020978212356,0.055592766242,0.045936610805,5.313205979042,3.044522437723,1,0.543249281838,0.413285725983,1
market_item.xlsx|agartha market|seller_raw:Global_trade||market_item.xlsx|agartha market|seller_raw:Rozaydaplug,en_content_train_pool,en,train,market_item.xlsx|agartha market|seller_raw:Global_trade,market_item.xlsx|agartha market|seller_raw:Rozaydaplug,en_content_train_pool_cc_f337d7958a98c59b,0.925887763500,0.934281468391,0.995967507362,0.928502738476,0.879952311516,0.005778729915,0.116015195846,0.050972666831,0.046182917474,5.036952602414,3.258096538021,1,0.283322170127,0.196622917125,1
market_item.xlsx|agartha market|seller_raw:Global_trade||market_item.xlsx|agartha market|seller_raw:pestein,en_content_train_pool,en,train,market_item.xlsx|agartha market|seller_raw:Global_trade,market_item.xlsx|agartha market|seller_raw:pestein,en_content_train_pool_cc_f337d7958a98c59b,0.913333237171,0.927605807781,0.997479081154,0.936889886856,0.974148988724,-0.009284079075,0.023330092430,0.047944485333,0.044066013597,5.298317366548,2.890371757896,1,0.498580590895,0.390951380511,1
market_item.xlsx|agartha market|seller_raw:Jamesrox||market_item.xlsx|agartha market|seller_raw:Walgreens,en_content_train_pool,en,train,market_item.xlsx|agartha market|seller_raw:Jamesrox,market_item.xlsx|agartha market|seller_raw:Walgreens,en_content_train_pool_cc_f337d7958a98c59b,0.935329139233,0.954171299934,0.997857093811,0.940218865871,0.960914790630,0.013952434063,0.036942303181,0.194709603220,0.159611400485,6.749931193789,3.784189633918,1,0.385738930420,0.347564402466,1
market_item.xlsx|agartha market|seller_raw:Legitsales||market_item.xlsx|agartha market|seller_raw:kaiserplug,en_content_train_pool,en,train,market_item.xlsx|agartha market|seller_raw:Legitsales,market_item.xlsx|agartha market|seller_raw:kaiserplug,en_content_train_pool_cc_f337d7958a98c59b,0.949578523636,0.976746439934,0.999098062515,0.955521106720,0.930203199387,0.021225333214,0.068894863128,0.333162151752,0.249494946122,6.898714534330,3.970291913552,1,0.485299781743,0.387830726069,1
market_item.xlsx|agartha market|seller_raw:Legitsales||market_item.xlsx|agartha market|seller_raw:tonyplug,en_content_train_pool,en,train,market_item.xlsx|agartha market|seller_raw:Legitsales,market_item.xlsx|agartha market|seller_raw:tonyplug,en_content_train_pool_cc_f337d7958a98c59b,0.954644083977,0.985529899597,0.999021053314,0.978371500969,0.973986864090,0.007158398628,0.025034189224,0.617672695576,0.530944448957,7.315218389753,4.174387269896,1,0.485299781743,0.425369437613,1
market_item.xlsx|agartha market|seller_raw:Legitwhite||market_item.xlsx|agartha market|seller_raw:Major_Distributor,en_content_train_pool,en,train,market_item.xlsx|agartha market|seller_raw:Legitwhite,market_item.xlsx|agartha market|seller_raw:Major_Distributor,en_content_train_pool_cc_f337d7958a98c59b,0.934262633324,0.980106770992,0.998517632484,0.979659438133,0.954166173935,0.000447332859,0.044351458549,0.348866900734,0.304434468386,7.223295679562,4.317488113536,1,0.543249281838,0.469934729487,1
market_item.xlsx|agartha market|seller_raw:Legitwhite||market_item.xlsx|agartha market|seller_raw:pestein,en_content_train_pool,en,train,market_item.xlsx|agartha market|seller_raw:Legitwhite,market_item.xlsx|agartha market|seller_raw:pestein,en_content_train_pool_cc_f337d7958a98c59b,0.940967321396,0.949560105801,0.999404311180,0.939085245132,0.979798555374,0.010474860669,0.019605755806,0.319209336558,0.314408370800,7.437206366871,4.248495242049,1,0.543249281838,0.520914936366,1
market_item.xlsx|agartha market|seller_raw:Ortegameds||market_item.xlsx|agartha market|seller_raw:sanj,en_content_train_pool,en,train,market_item.xlsx|agartha market|seller_raw:Ortegameds,market_item.xlsx|agartha market|seller_raw:sanj,en_content_train_pool_cc_f337d7958a98c59b,0.945955991745,0.976000487804,0.999395310879,0.855260133743,0.915520668030,0.120740354061,0.083874642849,0.141022280472,0.140099675492,6.572282542694,3.433987204485,1,0.519781958854,0.383547598037,1
market_item.xlsx|agartha market|seller_raw:PHARMAHOUSE||market_item.xlsx|agartha market|seller_raw:dozy1992,en_content_train_pool,en,train,market_item.xlsx|agartha market|seller_raw:PHARMAHOUSE,market_item.xlsx|agartha market|seller_raw:dozy1992,en_content_train_pool_cc_f337d7958a98c59b,0.918602824211,0.981224536896,0.998316228390,0.969486474991,0.987001061440,0.011738061905,0.011315166950,0.045030642153,0.043352513149,5.517452896465,2.302585092994,1,0.312002222634,0.253389866979,1
market_item.xlsx|agartha market|seller_raw:PHARMAHOUSE||market_item.xlsx|agartha market|seller_raw:drugload90,en_content_train_pool,en,train,market_item.xlsx|agartha market|seller_raw:PHARMAHOUSE,market_item.xlsx|agartha market|seller_raw:drugload90,en_content_train_pool_cc_f337d7958a98c59b,0.955103397369,0.982862830162,0.999544262886,0.968626379967,0.974568724632,0.014236450195,0.024975538254,0.274086079597,0.220438112960,7.232733136178,3.912023005428,1,0.312002222634,0.306325260426,1
market_item.xlsx|agartha market|seller_raw:PHARMAHOUSE||market_item.xlsx|agartha market|seller_raw:fortunemaker,en_content_train_pool,en,train,market_item.xlsx|agartha market|seller_raw:PHARMAHOUSE,market_item.xlsx|agartha market|seller_raw:fortunemaker,en_content_train_pool_cc_f337d7958a98c59b,0.929757475853,0.949059844017,0.999240398407,0.954772710800,0.984352171421,-0.005712866783,0.014888226986,0.250415464008,0.193044368418,6.891625897052,4.262679877041,1,0.312002222634,0.291398644773,1
market_item.xlsx|agartha market|seller_raw:PHARMAHOUSE||market_item.xlsx|agartha market|seller_raw:medicalfarmer,en_content_train_pool,en,train,market_item.xlsx|agartha market|seller_raw:PHARMAHOUSE,market_item.xlsx|agartha market|seller_raw:medicalfarmer,en_content_train_pool_cc_f337d7958a98c59b,0.961910188198,0.980932772160,0.998726963997,0.977483570576,0.986960470676,0.003449201584,0.011766493321,0.207786574124,0.172517106288,6.886531642531,3.912023005428,1,0.447782236200,0.379892229417,1
market_item.xlsx|agartha market|seller_raw:Piposhop||market_item.xlsx|agartha market|seller_raw:medicalfarmer,en_content_train_pool,en,train,market_item.xlsx|agartha market|seller_raw:Piposhop,market_item.xlsx|agartha market|seller_raw:medicalfarmer,en_content_train_pool_cc_f337d7958a98c59b,0.942418098450,0.942026853561,0.994207262993,0.803773641586,0.984062075615,0.138253211975,0.010145187378,0.196919509771,0.185543585273,6.714170529909,3.496507561466,1,0.447782236200,0.391247858743,1
market_item.xlsx|agartha market|seller_raw:PrestigeVendor||market_item.xlsx|agartha market|seller_raw:joejoeus,en_content_train_pool,en,train,market_item.xlsx|agartha market|seller_raw:PrestigeVendor,market_item.xlsx|agartha market|seller_raw:joejoeus,en_content_train_pool_cc_5a9b81c98692e206,0.954585790634,0.941802680492,0.997426807880,0.930307149887,0.956196188927,0.011495530605,0.041230618953,0.619177088998,0.485842440787,6.622736323950,4.442651256490,1,0.695097761405,0.689356022265,1
market_item.xlsx|agartha market|seller_raw:ProGlobalSam||market_item.xlsx|agartha market|seller_raw:dozy1992,en_content_train_pool,en,train,market_item.xlsx|agartha market|seller_raw:ProGlobalSam,market_item.xlsx|agartha market|seller_raw:dozy1992,en_content_train_pool_cc_f337d7958a98c59b,0.890179395676,0.946032881737,0.997556567192,0.932954668999,0.984279334545,0.013078212738,0.013277232647,0.103517186251,0.085255887764,5.953243334288,2.890371757896,1,0.346483030005,0.270630270665,1
market_item.xlsx|agartha market|seller_raw:ProGlobalSam||market_item.xlsx|agartha market|seller_raw:drugload90,en_content_train_pool,en,train,market_item.xlsx|agartha market|seller_raw:ProGlobalSam,market_item.xlsx|agartha market|seller_raw:drugload90,en_content_train_pool_cc_f337d7958a98c59b,0.928416073322,0.977024078369,0.999478518963,0.968499541283,0.987524986267,0.008524537086,0.011953532696,0.477029021151,0.391224757289,7.503840746699,4.060443010546,1,0.346483030005,0.323565664111,1
market_item.xlsx|agartha market|seller_raw:ProGlobalSam||market_item.xlsx|agartha market|seller_raw:legitsupply,en_content_train_pool,en,train,market_item.xlsx|agartha market|seller_raw:ProGlobalSam,market_item.xlsx|agartha market|seller_raw:legitsupply,en_content_train_pool_cc_f337d7958a98c59b,0.915848374367,0.957990288734,0.997998476028,0.944942116737,0.986337900162,0.013048171997,0.011660575866,0.051607354048,0.050988133492,5.575949103146,2.772588722240,1,0.346483030005,0.329515033979,1
market_item.xlsx|agartha market|seller_raw:ProGlobalSam||market_item.xlsx|agartha market|seller_raw:tonyplug,en_content_train_pool,en,train,market_item.xlsx|agartha market|seller_raw:ProGlobalSam,market_item.xlsx|agartha market|seller_raw:tonyplug,en_content_train_pool_cc_f337d7958a98c59b,0.951905071735,0.988342702389,0.998728871346,0.968597233295,0.973050713539,0.019745469094,0.025678157807,0.634887775114,0.551088747370,7.492203042619,4.060443010546,1,0.365439093484,0.355961061745,1
market_item.xlsx|agartha market|seller_raw:ProGlobalSam||market_item.xlsx|agartha market|seller_raw:vendor_men,en_content_train_pool,en,train,market_item.xlsx|agartha market|seller_raw:ProGlobalSam,market_item.xlsx|agartha market|seller_raw:vendor_men,en_content_train_pool_cc_f337d7958a98c59b,0.934203028679,0.967151522636,0.999100208282,0.964495539665,0.983046472073,0.002655982971,0.016053736209,0.448204623709,0.406243218463,7.433666540166,4.262679877041,1,0.376661205170,0.361572117588,1
market_item.xlsx|agartha market|seller_raw:Rodrigomendez||market_item.xlsx|agartha market|seller_raw:truu00,en_content_train_pool,en,train,market_item.xlsx|agartha market|seller_raw:Rodrigomendez,market_item.xlsx|agartha market|seller_raw:truu00,en_content_train_pool_cc_f337d7958a98c59b,0.956956803799,0.977831602097,0.999243497849,0.940903007984,0.919047117233,0.036928594113,0.080196380616,0.795042994436,0.790381909117,8.201111644443,3.828641396489,1,0.390085988872,0.363875946381,1
market_item.xlsx|agartha market|seller_raw:Rozaydaplug||market_item.xlsx|agartha market|seller_raw:USA_PITCHER,en_content_train_pool,en,train,market_item.xlsx|agartha market|seller_raw:Rozaydaplug,market_item.xlsx|agartha market|seller_raw:USA_PITCHER,en_content_train_pool_cc_f337d7958a98c59b,0.914452970028,0.932527065277,0.998546898365,0.893457412720,0.994603276253,0.039069652557,0.003943622112,0.614725437084,0.483043776372,8.166500319155,3.737669618283,1,0.303568583718,0.206746123920,1
market_item.xlsx|agartha market|seller_raw:Rozaydaplug||market_item.xlsx|agartha market|seller_raw:carlosjuan,en_content_train_pool,en,train,market_item.xlsx|agartha market|seller_raw:Rozaydaplug,market_item.xlsx|agartha market|seller_raw:carlosjuan,en_content_train_pool_cc_f337d7958a98c59b,0.910297036171,0.965570569038,0.998419046402,0.922449946404,0.987113893032,0.043120622634,0.011305153370,0.634917508003,0.512634979685,8.242229891372,3.912023005428,1,0.354820185198,0.232371924660,1
market_item.xlsx|agartha market|seller_raw:Rozaydaplug||market_item.xlsx|agartha market|seller_raw:pestein,en_content_train_pool,en,train,market_item.xlsx|agartha market|seller_raw:Rozaydaplug,market_item.xlsx|agartha market|seller_raw:pestein,en_content_train_pool_cc_f337d7958a98c59b,0.938084483147,0.966416954994,0.999143660069,0.963018059731,0.948679029942,0.003398895263,0.050464630127,0.076122384607,0.072289214958,5.916202062607,4.143134726392,1,0.498580590895,0.304252127509,1
market_item.xlsx|agartha market|seller_raw:Rozaydaplug||market_item.xlsx|agartha market|seller_raw:westernunionstore,en_content_train_pool,en,train,market_item.xlsx|agartha market|seller_raw:Rozaydaplug,market_item.xlsx|agartha market|seller_raw:westernunionstore,en_content_train_pool_cc_f337d7958a98c59b,0.937679767609,0.921086430550,0.998336732388,0.911110758781,0.948425173759,0.009975671769,0.049911558629,0.677764097513,0.513925972063,8.215547411947,4.127134385045,1,0.322511649225,0.216217656673,1
market_item.xlsx|agartha market|seller_raw:USADruglord||market_item.xlsx|agartha market|seller_raw:medicalfarmer,en_content_train_pool,en,train,market_item.xlsx|agartha market|seller_raw:USADruglord,market_item.xlsx|agartha market|seller_raw:medicalfarmer,en_content_train_pool_cc_f337d7958a98c59b,0.972337961197,0.987041652203,0.999100089073,0.975323438644,0.968208909035,0.011718213559,0.030891180038,0.577202323330,0.566119868964,7.944492163932,4.477336814478,1,0.447782236200,0.390214932234,1
market_item.xlsx|agartha market|seller_raw:USA_PITCHER||market_item.xlsx|agartha market|seller_raw:carlosjuan,en_content_train_pool,en,train,market_item.xlsx|agartha market|seller_raw:USA_PITCHER,market_item.xlsx|agartha market|seller_raw:carlosjuan,en_content_train_pool_cc_f337d7958a98c59b,0.928849697113,0.952499270439,0.999087929726,0.910460889339,0.983184635639,0.042038381100,0.015903294087,0.429026605066,0.428173484860,8.242493153188,4.454347296254,1,0.354820185198,0.329194384458,1
market_item.xlsx|agartha market|seller_raw:USA_PITCHER||market_item.xlsx|agartha market|seller_raw:westernunionstore,en_content_train_pool,en,train,market_item.xlsx|agartha market|seller_raw:USA_PITCHER,market_item.xlsx|agartha market|seller_raw:westernunionstore,en_content_train_pool_cc_f337d7958a98c59b,0.936793446541,0.981884598732,0.997193217278,0.950888752937,0.979880809784,0.030995845795,0.017312407494,0.540863469810,0.517089744225,8.467162257811,4.276666119016,1,0.322511649225,0.313040116471,1
market_item.xlsx|agartha market|seller_raw:WEEDKING01||market_item.xlsx|agartha market|seller_raw:truu00,en_content_train_pool,en,train,market_item.xlsx|agartha market|seller_raw:WEEDKING01,market_item.xlsx|agartha market|seller_raw:truu00,en_content_train_pool_cc_f337d7958a98c59b,0.915145516396,0.965976417065,0.995827972889,0.963093459606,0.977928996086,0.002882957459,0.017898976803,0.480641785839,0.431064443754,7.058758152519,4.276666119016,1,0.428496686432,0.409291337652,1
market_item.xlsx|agartha market|seller_raw:Walgreens||market_item.xlsx|agartha market|seller_raw:caliscoties,en_content_train_pool,en,train,market_item.xlsx|agartha market|seller_raw:Walgreens,market_item.xlsx|agartha market|seller_raw:caliscoties,en_content_train_pool_cc_f337d7958a98c59b,0.946005642414,0.952122390270,0.996953725815,0.902418136597,0.968035876751,0.049704253673,0.028917849064,0.428926871484,0.322788733074,7.315883504510,4.127134385045,1,0.338583520840,0.323986697677,1
market_item.xlsx|agartha market|seller_raw:Walgreens||market_item.xlsx|agartha market|seller_raw:kaiserplug,en_content_train_pool,en,train,market_item.xlsx|agartha market|seller_raw:Walgreens,market_item.xlsx|agartha market|seller_raw:kaiserplug,en_content_train_pool_cc_f337d7958a98c59b,0.952523231506,0.903728246689,0.996119856834,0.957838356495,0.973746418953,-0.054110109806,0.022373437881,0.167132736764,0.163888739650,6.733401891837,3.912023005428,1,0.309389874513,0.299875772454,1
market_item.xlsx|agartha market|seller_raw:beckynaf||market_item.xlsx|agartha market|seller_raw:wolfhon66,en_content_train_pool,en,train,market_item.xlsx|agartha market|seller_raw:beckynaf,market_item.xlsx|agartha market|seller_raw:wolfhon66,en_content_train_pool_cc_f337d7958a98c59b,0.928866624832,0.965055763721,0.987428605556,0.964467227459,0.983874976635,0.000588536262,0.003553628921,0.545454545455,0.349340587030,6.565264970035,3.218875824868,1,0.457255481646,0.445061628070,1
market_item.xlsx|agartha market|seller_raw:bluesstore||market_item.xlsx|agartha market|seller_raw:dozy1992,en_content_train_pool,en,train,market_item.xlsx|agartha market|seller_raw:bluesstore,market_item.xlsx|agartha market|seller_raw:dozy1992,en_content_train_pool_cc_f337d7958a98c59b,0.920363306999,0.940254032612,0.997954249382,0.945600390434,0.984964251518,-0.005346357822,0.012989997864,0.075841701122,0.073292553199,5.902633333401,2.772588722240,1,0.359480212640,0.277128861982,1
market_item.xlsx|agartha market|seller_raw:carlosjuan||market_item.xlsx|agartha market|seller_raw:westernunionstore,en_content_train_pool,en,train,market_item.xlsx|agartha market|seller_raw:carlosjuan,market_item.xlsx|agartha market|seller_raw:westernunionstore,en_content_train_pool_cc_f337d7958a98c59b,0.915186405182,0.949027419090,0.997686147690,0.935782790184,0.923157870770,0.013244628906,0.074528276920,0.439882276936,0.422637647520,8.257385655730,4.532599493153,1,0.354820185198,0.338665917211,1
market_item.xlsx|agartha market|seller_raw:deathrow2||market_item.xlsx|agartha market|seller_raw:kaiserplug,en_content_train_pool,en,train,market_item.xlsx|agartha market|seller_raw:deathrow2,market_item.xlsx|agartha market|seller_raw:kaiserplug,en_content_train_pool_cc_f337d7958a98c59b,0.875465989113,0.774743318558,0.995709776878,0.714417576790,0.966511249542,0.060325741768,0.029198527336,0.207799005496,0.112941262629,4.828313737302,2.833213344056,1,0.290361670395,0.238742729989,1
market_item.xlsx|agartha market|seller_raw:dozy1992||market_item.xlsx|agartha market|seller_raw:kaiserplug,en_content_train_pool,en,train,market_item.xlsx|agartha market|seller_raw:dozy1992,market_item.xlsx|agartha market|seller_raw:kaiserplug,en_content_train_pool_cc_f337d7958a98c59b,0.930033683777,0.967429280281,0.997949838638,0.959452092648,0.986424088478,0.007977187633,0.011525750160,0.066181953766,0.064599103715,5.720311776607,2.890371757896,1,0.290361670395,0.242569590860,1
market_item.xlsx|agartha market|seller_raw:dozy1992||market_item.xlsx|agartha market|seller_raw:makershop,en_content_train_pool,en,train,market_item.xlsx|agartha market|seller_raw:dozy1992,market_item.xlsx|agartha market|seller_raw:makershop,en_content_train_pool_cc_f337d7958a98c59b,0.938937067986,0.964589476585,0.998598933220,0.949782729149,0.974780023098,0.014806747436,0.023818910122,0.442446043165,0.403517826934,7.614312146452,3.871201010908,1,0.194777511324,0.180912921023,1
market_item.xlsx|agartha market|seller_raw:dozy1992||market_item.xlsx|agartha market|seller_raw:tonyplug,en_content_train_pool,en,train,market_item.xlsx|agartha market|seller_raw:dozy1992,market_item.xlsx|agartha market|seller_raw:tonyplug,en_content_train_pool_cc_f337d7958a98c59b,0.905505239964,0.943095803261,0.998863041401,0.886087894440,0.970989048481,0.057007908821,0.027873992920,0.058836347788,0.051267361211,5.327876168790,2.833213344056,1,0.365439093484,0.280108302404,1
market_item.xlsx|agartha market|seller_raw:drugload90||market_item.xlsx|agartha market|seller_raw:medicalfarmer,en_content_train_pool,en,train,market_item.xlsx|agartha market|seller_raw:drugload90,market_item.xlsx|agartha market|seller_raw:medicalfarmer,en_content_train_pool_cc_f337d7958a98c59b,0.959578812122,0.979728579521,0.998367071152,0.936296999454,0.989171028137,0.043431580067,0.009196043015,0.277518707299,0.212098089468,6.970730078144,4.077537443906,1,0.447782236200,0.374215267209,1
market_item.xlsx|agartha market|seller_raw:drugload90||market_item.xlsx|agartha market|seller_raw:medscentre919,en_content_train_pool,en,train,market_item.xlsx|agartha market|seller_raw:drugload90,market_item.xlsx|agartha market|seller_raw:medscentre919,en_content_train_pool_cc_f337d7958a98c59b,0.895177245140,0.937039613724,0.998146176338,0.947056531906,0.995075702667,-0.010016918182,0.003070473671,0.291684853776,0.195185124529,6.907755278982,3.367295829986,1,0.300648298217,0.249352957489,1
market_item.xlsx|agartha market|seller_raw:kaiserplug||market_item.xlsx|agartha market|seller_raw:makershop,en_content_train_pool,en,train,market_item.xlsx|agartha market|seller_raw:kaiserplug,market_item.xlsx|agartha market|seller_raw:makershop,en_content_train_pool_cc_f337d7958a98c59b,0.927710950375,0.948104321957,0.999215841293,0.947017967701,0.980236530304,0.001086354256,0.018979310989,0.069910514541,0.067376614388,5.934894195620,2.944438979166,1,0.290361670395,0.228705000559,1
market_item.xlsx|agartha market|seller_raw:kaiserplug||market_item.xlsx|agartha market|seller_raw:medicalfarmer,en_content_train_pool,en,train,market_item.xlsx|agartha market|seller_raw:kaiserplug,market_item.xlsx|agartha market|seller_raw:medicalfarmer,en_content_train_pool_cc_f337d7958a98c59b,0.969849467278,0.950796246529,0.998270988464,0.979735136032,0.989464461803,-0.028938889503,0.008806526661,0.132632035571,0.120380149031,6.376726947899,3.663561646130,1,0.447782236200,0.369071953297,1
market_item.xlsx|agartha market|seller_raw:kaiserplug||market_item.xlsx|agartha market|seller_raw:private,en_content_train_pool,en,train,market_item.xlsx|agartha market|seller_raw:kaiserplug,market_item.xlsx|agartha market|seller_raw:private,en_content_train_pool_cc_f337d7958a98c59b,0.943278551102,0.976894378662,0.998567461967,0.974975645542,0.994227170944,0.001918733120,0.004340291023,0.199198359433,0.192600750192,6.978213742631,4.189654742026,1,0.395170789164,0.342766229779,1
market_item.xlsx|agartha market|seller_raw:kaiserplug||market_item.xlsx|agartha market|seller_raw:tonyplug,en_content_train_pool,en,train,market_item.xlsx|agartha market|seller_raw:kaiserplug,market_item.xlsx|agartha market|seller_raw:tonyplug,en_content_train_pool_cc_f337d7958a98c59b,0.949180960655,0.977790534496,0.998598277569,0.952902078629,0.961088776588,0.024888455867,0.037509500981,0.565373719765,0.382752109696,7.072421900537,4.290459441148,1,0.365439093484,0.327900381939,1
market_item.xlsx|agartha market|seller_raw:kaiserplug||market_item.xlsx|agartha market|seller_raw:wolfhon66,en_content_train_pool,en,train,market_item.xlsx|agartha market|seller_raw:kaiserplug,market_item.xlsx|agartha market|seller_raw:wolfhon66,en_content_train_pool_cc_f337d7958a98c59b,0.953249573708,0.976796388626,0.998000502586,0.973150432110,0.982423365116,0.003645956516,0.015577137470,0.332551738200,0.291182655080,7.269616749608,4.043051267835,1,0.432867774493,0.361614722444,1
market_item.xlsx|agartha market|seller_raw:ketamshop||market_item.xlsx|agartha market|seller_raw:master,en_content_train_pool,en,train,market_item.xlsx|agartha market|seller_raw:ketamshop,market_item.xlsx|agartha market|seller_raw:master,en_content_train_pool_cc_f337d7958a98c59b,0.945847451687,0.956425726414,0.997769236565,0.945596814156,0.973575830460,0.010828912258,0.024193406105,0.321563682219,0.294557281311,7.367708572374,3.332204510175,1,0.371847414880,0.274935827266,1
market_item.xlsx|agartha market|seller_raw:legitsupply||market_item.xlsx|agartha market|seller_raw:master,en_content_train_pool,en,train,market_item.xlsx|agartha market|seller_raw:legitsupply,market_item.xlsx|agartha market|seller_raw:master,en_content_train_pool_cc_f337d7958a98c59b,0.906506240368,0.960616052151,0.995130896568,0.959466695786,0.952818751335,0.001149356365,0.042312145233,0.089533417402,0.082773374651,5.846438775058,2.484906649788,1,0.371847414880,0.342197226416,1
market_item.xlsx|agartha market|seller_raw:makershop||market_item.xlsx|agartha market|seller_raw:tonyplug,en_content_train_pool,en,train,market_item.xlsx|agartha market|seller_raw:makershop,market_item.xlsx|agartha market|seller_raw:tonyplug,en_content_train_pool_cc_f337d7958a98c59b,0.904422104359,0.935057044029,0.998840749264,0.916500449181,0.973049402237,0.018556594848,0.025791347027,0.037807801264,0.032583543876,5.010635294096,2.079441541680,1,0.365439093484,0.266243712103,1
market_item.xlsx|agartha market|seller_raw:medicalfarmer||market_item.xlsx|agartha market|seller_raw:vendor_men,en_content_train_pool,en,train,market_item.xlsx|agartha market|seller_raw:medicalfarmer,market_item.xlsx|agartha market|seller_raw:vendor_men,en_content_train_pool_cc_f337d7958a98c59b,0.941359639168,0.979782760143,0.998166620731,0.901175737381,0.939951002598,0.078607022762,0.058215618133,0.319813469255,0.279741069235,7.106606137727,4.143134726392,1,0.447782236200,0.412221720685,1
market_item.xlsx|agartha market|seller_raw:private||market_item.xlsx|agartha market|seller_raw:tonyplug,en_content_train_pool,en,train,market_item.xlsx|agartha market|seller_raw:private,market_item.xlsx|agartha market|seller_raw:tonyplug,en_content_train_pool_cc_f337d7958a98c59b,0.935982465744,0.976859748363,0.998337626457,0.956296622753,0.985203683376,0.020563125610,0.013133943081,0.491937241229,0.331019661054,7.253470382685,4.343805421854,1,0.395170789164,0.380304941324,1
market_item.xlsx|apollon market|seller_raw:2GD4DN (100%)||market_item.xlsx|dark0de|seller_raw:yourgirlmolly,en_content_train_pool,en,train,market_item.xlsx|apollon market|seller_raw:2GD4DN (100%),market_item.xlsx|dark0de|seller_raw:yourgirlmolly,en_content_train_pool_cc_e559093a39743ba8,0.908921360970,0.945321440697,0.997951924801,0.920688271523,0.997384428978,0.024633169174,0.000567495823,0.403149606299,0.280320001613,4.867534450456,2.944438979166,1,0.136692913386,0.088833012391,1
market_item.xlsx|apollon market|seller_raw:3Monkeys (96%)||market_item.xlsx|apollon market|seller_raw:DutchHarbour (50%),en_content_train_pool,en,train,market_item.xlsx|apollon market|seller_raw:3Monkeys (96%),market_item.xlsx|apollon market|seller_raw:DutchHarbour (50%),en_content_train_pool_cc_484120b70a1e4a5b,0.923376798630,0.942297935486,0.997586727142,0.954950690269,0.954263210297,-0.012652754783,0.043323516845,0.060471976401,0.044124877089,4.553876891601,2.079441541680,1,0.343289085546,0.214959043715,1
market_item.xlsx|apollon market|seller_raw:AMSTERDAM-TRANSPORT (100%)||market_item.xlsx|apollon market|seller_raw:HollandOnline (95%),en_content_train_pool,en,train,market_item.xlsx|apollon market|seller_raw:AMSTERDAM-TRANSPORT (100%),market_item.xlsx|apollon market|seller_raw:HollandOnline (95%),en_content_train_pool_cc_359eaa75f277fa99,0.899387717247,0.976757586002,0.998114168644,0.953726887703,0.994754374027,0.023030698299,0.003359794617,0.856912209889,0.635279882644,6.711740395056,3.526360524616,1,0.431685166498,0.431284018353,1
market_item.xlsx|apollon market|seller_raw:AddyUSA (100%)||market_item.xlsx|dark0de|seller_raw:lastpink,en_content_train_pool,en,train,market_item.xlsx|apollon market|seller_raw:AddyUSA (100%),market_item.xlsx|dark0de|seller_raw:lastpink,en_content_train_pool_cc_b98b73fe836ee064,0.872431457043,0.934906601906,0.983270287514,0.954785346985,0.989100217819,-0.019878745079,-0.005829930305,0.356005788712,0.277594731091,4.852030263920,1.609437912434,1,0.106122448980,0.090687852565,1
market_item.xlsx|apollon market|seller_raw:AlphaGenetics (100%)||market_item.xlsx|apollon market|seller_raw:AmericanAnabolics (100%),en_content_train_pool,en,train,market_item.xlsx|apollon market|seller_raw:AlphaGenetics (100%),market_item.xlsx|apollon market|seller_raw:AmericanAnabolics (100%),en_content_train_pool_cc_64a0a4c5760e2396,0.924143671989,0.876327037811,0.982573628426,0.680088281631,0.952534198761,0.196238756180,0.030039429665,0.381418092910,0.245835165251,3.850147601710,3.091042453358,1,0.031326281530,0.015663140765,1
market_item.xlsx|apollon market|seller_raw:AmericanAnabolics (100%)||market_item.xlsx|apollon market|seller_raw:Badbear707 (100%),en_content_train_pool,en,train,market_item.xlsx|apollon market|seller_raw:AmericanAnabolics (100%),market_item.xlsx|apollon market|seller_raw:Badbear707 (100%),en_content_train_pool_cc_64a0a4c5760e2396,0.916853666306,0.823947370052,0.998150587082,0.738696157932,0.993971705437,0.085251212120,0.004178881645,0.185516680228,0.121127738649,4.477336814478,3.433987204485,1,0.031326281530,0.023756512720,1
market_item.xlsx|apollon market|seller_raw:AmsterdamNL (100%)||market_item.xlsx|apollon market|seller_raw:Thisisholland (99%),en_content_train_pool,en,train,market_item.xlsx|apollon market|seller_raw:AmsterdamNL (100%),market_item.xlsx|apollon market|seller_raw:Thisisholland (99%),en_content_train_pool_cc_6f8ae45e0cce9bd4,0.917916893959,0.929804563522,0.997143626213,0.881552100182,0.994898438454,0.048252463340,0.002245187759,0.247973076335,0.214671300660,5.739792912179,4.110873864173,1,0.063484778951,0.063380707974,1
market_item.xlsx|apollon market|seller_raw:AndyMacht (100%)||market_item.xlsx|apollon market|seller_raw:StopANDShop (100%),en_content_train_pool,en,train,market_item.xlsx|apollon market|seller_raw:AndyMacht (100%),market_item.xlsx|apollon market|seller_raw:StopANDShop (100%),en_content_train_pool_cc_604602d2af87d5d9,0.923459649086,0.855967819691,0.997823059559,0.811463892460,0.962066531181,0.044503927231,0.035756528378,0.667190501135,0.539272751623,6.700731109548,4.262679877041,1,0.128339444735,0.119203491891,1
market_item.xlsx|apollon market|seller_raw:Bestbars (100%)||market_item.xlsx|apollon market|seller_raw:keranvends (100%),en_content_train_pool,en,train,market_item.xlsx|apollon market|seller_raw:Bestbars (100%),market_item.xlsx|apollon market|seller_raw:keranvends (100%),en_content_train_pool_cc_2506ca0ec6e19d98,0.973791837692,0.990921437740,0.999713182449,0.964259445667,0.975355625153,0.026661992073,0.024357557296,0.871068864395,0.860454239735,8.412721169820,4.382026634674,1,0.208514511073,0.198683879434,1
market_item.xlsx|apollon market|seller_raw:CaliforniaGirl (100%)||market_item.xlsx|apollon market|seller_raw:habbyshabby (99%),en_content_train_pool,en,train,market_item.xlsx|apollon market|seller_raw:CaliforniaGirl (100%),market_item.xlsx|apollon market|seller_raw:habbyshabby (99%),en_content_train_pool_cc_518628b92f14900d,0.903546929359,0.864029347897,0.997819483280,0.879103541374,0.951064527035,-0.015074193477,0.046754956245,0.223854494579,0.181042989665,5.733341276898,2.944438979166,1,0.094901683740,0.053047204235,1
market_item.xlsx|apollon market|seller_raw:Charlie-s (100%)||market_item.xlsx|apollon market|seller_raw:Naturalminds (100%),en_content_train_pool,en,train,market_item.xlsx|apollon market|seller_raw:Charlie-s (100%),market_item.xlsx|apollon market|seller_raw:Naturalminds (100%),en_content_train_pool_cc_cabf9f7a8df3b7ff,0.946072936058,0.850941061974,0.998260378838,0.903808534145,0.998908996582,-0.052867472171,-0.000648617744,0.243469174504,0.195916015056,4.394449154672,4.219507705176,1,0.255072463768,0.182917632093,1
market_item.xlsx|apollon market|seller_raw:Crownstar (100%)||market_item.xlsx|apollon market|seller_raw:Shan (100%),en_content_train_pool,en,train,market_item.xlsx|apollon market|seller_raw:Crownstar (100%),market_item.xlsx|apollon market|seller_raw:Shan (100%),en_content_train_pool_cc_4e659fb33f9a0d08,0.956651449203,0.981860756874,0.998848915100,0.930760264397,0.945435404778,0.051100492477,0.053413510322,0.753238341969,0.659165024254,8.173575486634,3.806662489770,1,0.145035885167,0.130322346729,1
market_item.xlsx|apollon market|seller_raw:DHLExpress (100%)||market_item.xlsx|apollon market|seller_raw:NHSDirect (100%),en_content_train_pool,en,train,market_item.xlsx|apollon market|seller_raw:DHLExpress (100%),market_item.xlsx|apollon market|seller_raw:NHSDirect (100%),en_content_train_pool_cc_53bcb3f5038e52bf,0.911312341690,0.951932430267,0.987715840340,0.933576583862,0.996003687382,0.018355846405,-0.008287847042,0.599664991625,0.598381602955,6.001414877961,4.007333185232,1,0.157366071429,0.115785213269,1
market_item.xlsx|apollon market|seller_raw:Darjeeling (100%)||market_item.xlsx|apollon market|seller_raw:DrParagon (100%),en_content_train_pool,en,train,market_item.xlsx|apollon market|seller_raw:Darjeeling (100%),market_item.xlsx|apollon market|seller_raw:DrParagon (100%),en_content_train_pool_cc_928ab4bc33d82468,0.957649052143,0.957970619202,0.994560599327,0.850536823273,0.971804976463,0.107433795929,0.022755622864,0.138638073740,0.098617417749,4.248495242049,3.367295829986,1,0.101387818042,0.057654029413,1
market_item.xlsx|apollon market|seller_raw:DerFeinschmecker (100%)||market_item.xlsx|darkfox market|seller_raw:Feinschmecker,en_content_train_pool,en,train,market_item.xlsx|apollon market|seller_raw:DerFeinschmecker (100%),market_item.xlsx|darkfox market|seller_raw:Feinschmecker,en_content_train_pool_cc_81aff996142615a3,0.921986877918,0.959839880466,0.999262273312,0.968302965164,0.987342059612,-0.008463084698,0.011920213700,0.431266149871,0.402867117489,6.926577033223,3.970291913552,1,0.011111111111,0.005555555556,1
market_item.xlsx|apollon market|seller_raw:DrogenTeamDE (100%)||market_item.xlsx|apollon market|seller_raw:SuperDrugs (100%),en_content_train_pool,en,train,market_item.xlsx|apollon market|seller_raw:DrogenTeamDE (100%),market_item.xlsx|apollon market|seller_raw:SuperDrugs (100%),en_content_train_pool_cc_8103684f6489f306,0.956701755524,0.972257256508,0.999676108360,0.886463165283,0.958401203156,0.085794091225,0.041274905204,0.805895933227,0.754336642384,7.880426344292,4.304065093204,1,0.281110940617,0.273835527137,1
market_item.xlsx|apollon market|seller_raw:Drugsterminator (91%)||market_item.xlsx|apollon market|seller_raw:Partydrug-NL (100%),en_content_train_pool,en,train,market_item.xlsx|apollon market|seller_raw:Drugsterminator (91%),market_item.xlsx|apollon market|seller_raw:Partydrug-NL (100%),en_content_train_pool_cc_20c52816be366961,0.979871690273,0.988750398159,0.999611020088,0.948338449001,0.993838429451,0.040411949158,0.005772590637,0.888163051999,0.874170228147,7.075808863978,4.304065093204,1,0.126984126984,0.124767213740,1
market_item.xlsx|apollon market|seller_raw:DrulesLi (100%)||market_item.xlsx|apollon market|seller_raw:Guzmann77 (100%),en_content_train_pool,en,train,market_item.xlsx|apollon market|seller_raw:DrulesLi (100%),market_item.xlsx|apollon market|seller_raw:Guzmann77 (100%),en_content_train_pool_cc_9d1afbc0587e5b71,0.964933872223,0.954912781715,0.999200224876,0.983130574226,0.992416143417,-0.028217792511,0.006784081459,0.289106145251,0.192881340103,5.327876168790,4.127134385045,1,0.178945530726,0.159584214198,1
market_item.xlsx|apollon market|seller_raw:DrulesLi (100%)||market_item.xlsx|apollon market|seller_raw:firechemicalshop (100%),en_content_train_pool,en,train,market_item.xlsx|apollon market|seller_raw:DrulesLi (100%),market_item.xlsx|apollon market|seller_raw:firechemicalshop (100%),en_content_train_pool_cc_9d1afbc0587e5b71,0.957581281662,0.933968782425,0.999685227871,0.963895499706,0.994867980480,-0.029926717281,0.004817247391,0.432218844985,0.329612739781,5.318119993844,4.356708826690,1,0.326265122935,0.233244010302,1
market_item.xlsx|apollon market|seller_raw:DutchHellboy (100%)||market_item.xlsx|apollon market|seller_raw:FCBayernMunich (100%),en_content_train_pool,en,train,market_item.xlsx|apollon market|seller_raw:DutchHellboy (100%),market_item.xlsx|apollon market|seller_raw:FCBayernMunich (100%),en_content_train_pool_cc_712d75aeb0eba805,0.936623513699,0.941831529140,0.996808886528,0.965795397758,0.998992681503,-0.023963868618,-0.002183794975,0.000000000000,0.000000000000,2.197224577336,0.000000000000,1,0.133044107014,0.080325734489,1
market_item.xlsx|apollon market|seller_raw:Empyrean (100%)||market_item.xlsx|silk road 3.1|seller_raw:Goodchems,en_content_train_pool,en,train,market_item.xlsx|apollon market|seller_raw:Empyrean (100%),market_item.xlsx|silk road 3.1|seller_raw:Goodchems,en_content_train_pool_cc_ccc364adca22e78c,0.885018825531,0.889946460724,0.998335242271,0.826914310455,0.998312592506,0.063032150269,0.000022649765,0.000000000000,0.000000000000,1.098612288668,0.000000000000,1,0.153933865450,0.076966932725,1
market_item.xlsx|apollon market|seller_raw:F1rstman (99%)||market_item.xlsx|dark0de|seller_raw:heroinfactory,en_content_train_pool,en,train,market_item.xlsx|apollon market|seller_raw:F1rstman (99%),market_item.xlsx|dark0de|seller_raw:heroinfactory,en_content_train_pool_cc_644bf0394b4f401b,0.895716786385,0.899525105953,0.990284740925,0.933663964272,0.992641210556,-0.034138858319,-0.002356469631,0.713304924242,0.676994271208,7.361375428977,4.158883083360,1,0.157196969697,0.129869847916,1
market_item.xlsx|apollon market|seller_raw:GRUENEWALDSCAVE (100%)||market_item.xlsx|darkfox market|seller_raw:POSTMANPILL,en_content_train_pool,en,train,market_item.xlsx|apollon market|seller_raw:GRUENEWALDSCAVE (100%),market_item.xlsx|darkfox market|seller_raw:POSTMANPILL,en_content_train_pool_cc_0a372bbf37498ebb,0.905321180820,0.910203218460,0.991314291954,0.863278388977,0.898508667946,0.046924829483,0.092805624008,0.645469758546,0.596413842384,6.354370040797,4.174387269896,1,0.045862412762,0.033928098564,1
market_item.xlsx|apollon market|seller_raw:HotShop (100%)||market_item.xlsx|dark0de|seller_raw:hotshop100,en_content_train_pool,en,train,market_item.xlsx|apollon market|seller_raw:HotShop (100%),market_item.xlsx|dark0de|seller_raw:hotshop100,en_content_train_pool_cc_e2089ba91f9633e8,0.929119110107,0.944086432457,0.965042233467,0.891775608063,0.989543676376,0.052310824394,-0.024501442909,0.703990812518,0.671760876046,7.902857191281,4.204692619391,1,0.106362358870,0.103051980469,1
market_item.xlsx|apollon market|seller_raw:JOYinc (99%)||market_item.xlsx|cypher market|seller_raw:cmoney345,en_content_train_pool,en,train,market_item.xlsx|apollon market|seller_raw:JOYinc (99%),market_item.xlsx|cypher market|seller_raw:cmoney345,en_content_train_pool_cc_f24a0e1cd12c9ac5,0.907201051712,0.709838688374,0.990104198456,0.627231478691,0.991659879684,0.082607209683,-0.001555681228,0.656110836220,0.619432000388,6.418364935936,4.356708826690,1,0.443839683325,0.319309082169,1
market_item.xlsx|apollon market|seller_raw:JiffyBagBoys (100%)||market_item.xlsx|dark0de|seller_raw:jiffybagboystor,en_content_train_pool,en,train,market_item.xlsx|apollon market|seller_raw:JiffyBagBoys (100%),market_item.xlsx|dark0de|seller_raw:jiffybagboystor,en_content_train_pool_cc_c4d9a67a8ab3c80c,0.906341314316,0.875784158707,0.999034643173,0.866505861282,0.985140323639,0.009278297425,0.013894319534,0.629996462681,0.479653403754,5.869296913134,3.828641396489,1,0.120976299965,0.107710372204,1
market_item.xlsx|apollon market|seller_raw:JustRelax (100%)||market_item.xlsx|cannazon market|seller_raw:PappaHasch,en_content_train_pool,en,train,market_item.xlsx|apollon market|seller_raw:JustRelax (100%),market_item.xlsx|cannazon market|seller_raw:PappaHasch,en_content_train_pool_cc_d108985584ce7b3d,0.951560854912,0.908699274063,0.998237133026,0.772060632706,0.984425783157,0.136638641357,0.013811349869,0.601980198020,0.529981695649,6.577861357721,3.663561646130,1,0.077841662981,0.038920831490,1
market_item.xlsx|apollon market|seller_raw:Kojak (97%)||market_item.xlsx|silk road 3.1|seller_raw:prohack,en_content_train_pool,en,train,market_item.xlsx|apollon market|seller_raw:Kojak (97%),market_item.xlsx|silk road 3.1|seller_raw:prohack,en_content_train_pool_cc_d98fffa3e0ba8cf6,0.913673520088,0.879339456558,0.998849391937,0.864929139614,0.998884320259,0.014410316944,-0.000034928322,0.447105594880,0.322316718625,6.683360945766,4.025351690735,1,0.171240182294,0.157459523285,1
market_item.xlsx|apollon market|seller_raw:LILpump305 (100%)||market_item.xlsx|apollon market|seller_raw:Xanos (100%),en_content_train_pool,en,train,market_item.xlsx|apollon market|seller_raw:LILpump305 (100%),market_item.xlsx|apollon market|seller_raw:Xanos (100%),en_content_train_pool_cc_5e4b9098bf78d5be,0.849329590797,0.688123762608,0.977840304375,0.743945598602,0.867524027824,-0.055821835994,0.110316276551,0.465833945628,0.288683329029,4.290459441148,3.828641396489,1,0.019661952397,0.009830976198,1
market_item.xlsx|apollon market|seller_raw:LaCoca (100%)||market_item.xlsx|apollon market|seller_raw:ScarlettsK (100%),en_content_train_pool,en,train,market_item.xlsx|apollon market|seller_raw:LaCoca (100%),market_item.xlsx|apollon market|seller_raw:ScarlettsK (100%),en_content_train_pool_cc_efe98bbb72636598,0.927946925163,0.972959816456,0.998747825623,0.978021800518,0.995530486107,-0.005061984062,0.003217339516,0.059678653405,0.051150802112,4.532599493153,1.098612288668,1,0.322404371585,0.202518176611,1
market_item.xlsx|apollon market|seller_raw:Mellow (100%)||market_item.xlsx|silk road 3.1|seller_raw:tlc010190,en_content_train_pool,en,train,market_item.xlsx|apollon market|seller_raw:Mellow (100%),market_item.xlsx|silk road 3.1|seller_raw:tlc010190,en_content_train_pool_cc_6407f47b01ed8336,0.884611248970,0.891326963902,0.990343987942,0.902771234512,0.954202592373,-0.011444270610,0.036141395569,0.155339805825,0.089598332336,2.639057329615,2.197224577336,1,0.679611650485,0.430263081704,1
market_item.xlsx|apollon market|seller_raw:NHS_UK (100%)||market_item.xlsx|apollon market|seller_raw:UKMASTERS (95%),en_content_train_pool,en,train,market_item.xlsx|apollon market|seller_raw:NHS_UK (100%),market_item.xlsx|apollon market|seller_raw:UKMASTERS (95%),en_content_train_pool_cc_d4961c9d4cad0ff6,0.915867090225,0.977632880211,0.992451310158,0.938968777657,0.999455213547,0.038664102554,-0.007003903389,0.099812850905,0.098634221900,4.934473933131,2.302585092994,1,0.082345601996,0.072137755390,1
market_item.xlsx|apollon market|seller_raw:NarcoExpress (100%)||market_item.xlsx|apollon market|seller_raw:flexcompany (100%),en_content_train_pool,en,train,market_item.xlsx|apollon market|seller_raw:NarcoExpress (100%),market_item.xlsx|apollon market|seller_raw:flexcompany (100%),en_content_train_pool_cc_ef4bffb40f7922c8,0.904265284538,0.889614582062,0.999088525772,0.669884324074,0.986295640469,0.219730257988,0.012792885303,0.638947368421,0.602786717097,7.615298339826,3.091042453358,1,0.085789473684,0.077852105904,1
market_item.xlsx|apollon market|seller_raw:NarcoExpress (100%)||market_item.xlsx|apollon market|seller_raw:your_service (98%),en_content_train_pool,en,train,market_item.xlsx|apollon market|seller_raw:NarcoExpress (100%),market_item.xlsx|apollon market|seller_raw:your_service (98%),en_content_train_pool_cc_ef4bffb40f7922c8,0.902793049812,0.899634540081,0.999094665051,0.700745344162,0.972464919090,0.198889195919,0.026629745961,0.638684210526,0.595864464921,7.619233416227,3.091042453358,1,0.099191246432,0.092490360058,1
market_item.xlsx|apollon market|seller_raw:NoPayNoPLay (100%)||market_item.xlsx|apollon market|seller_raw:UKMASTERS (95%),en_content_train_pool,en,train,market_item.xlsx|apollon market|seller_raw:NoPayNoPLay (100%),market_item.xlsx|apollon market|seller_raw:UKMASTERS (95%),en_content_train_pool_cc_d4961c9d4cad0ff6,0.919871568680,0.916323482990,0.995903491974,0.850933372974,0.929045557976,0.065390110016,0.066857933998,0.000000000000,0.000000000000,0.000000000000,0.000000000000,1,0.102246675837,0.092296138917,1
market_item.xlsx|apollon market|seller_raw:Omegakappa1 (100%)||market_item.xlsx|darkfox market|seller_raw:Odessy007,en_content_train_pool,en,train,market_item.xlsx|apollon market|seller_raw:Omegakappa1 (100%),market_item.xlsx|darkfox market|seller_raw:Odessy007,en_content_train_pool_cc_8f86259f6d86363f,0.911625623703,0.958634078503,0.996768057346,0.892450690269,0.948225975037,0.066183388234,0.048542082309,0.530166880616,0.513199694345,5.361292165709,2.833213344056,1,0.418485237484,0.381470821110,1
market_item.xlsx|apollon market|seller_raw:ProVendor (100%)||market_item.xlsx|silk road 3.1|seller_raw:SouthernSpecial,en_content_train_pool,en,train,market_item.xlsx|apollon market|seller_raw:ProVendor (100%),market_item.xlsx|silk road 3.1|seller_raw:SouthernSpecial,en_content_train_pool_cc_a4647de594b5d69c,0.904141187668,0.873477399349,0.978776752949,0.704712331295,0.988046050072,0.168765068054,-0.009269297123,0.000000000000,0.000000000000,2.639057329615,0.000000000000,1,0.187096774194,0.142357910907,1
market_item.xlsx|apollon market|seller_raw:ProfessorsEmporium (100%)||market_item.xlsx|apollon market|seller_raw:PsylocybeFanaticus (100%),en_content_train_pool,en,train,market_item.xlsx|apollon market|seller_raw:ProfessorsEmporium (100%),market_item.xlsx|apollon market|seller_raw:PsylocybeFanaticus (100%),en_content_train_pool_cc_dc81cb278272e09a,0.960011541843,0.950219392776,0.999204039574,0.825668036938,0.988469600677,0.124551355838,0.010734438897,0.903526179209,0.838375111463,7.474772182398,3.784189633918,1,0.047931613494,0.043433019862,1
market_item.xlsx|apollon market|seller_raw:Shr00mery (100%)||market_item.xlsx|silk road 3.1|seller_raw:sam220,en_content_train_pool,en,train,market_item.xlsx|apollon market|seller_raw:Shr00mery (100%),market_item.xlsx|silk road 3.1|seller_raw:sam220,en_content_train_pool_cc_0b9d1f6a9e25bde2,0.922184050083,0.936469674110,0.995627641678,0.653915405273,0.985010862350,0.282554268837,0.010616779328,0.257731958763,0.212275695238,3.218875824868,3.610917912644,1,0.257731958763,0.218875145284,1
market_item.xlsx|apollon market|seller_raw:StealthPharmacy (100%)||market_item.xlsx|versus market|seller_raw:Diazeman,en_content_train_pool,en,train,market_item.xlsx|apollon market|seller_raw:StealthPharmacy (100%),market_item.xlsx|versus market|seller_raw:Diazeman,en_content_train_pool_cc_0a1830bc0483c966,0.947132110596,0.934921503067,0.997810840607,0.906953692436,0.986777961254,0.027967810631,0.011032879353,0.723204419890,0.722314665096,6.519147287940,3.761200115694,1,0.358277806253,0.351652715281,1
market_item.xlsx|apollon market|seller_raw:Telstra1 (100%)||market_item.xlsx|dark0de|seller_raw:telstra,en_content_train_pool,en,train,market_item.xlsx|apollon market|seller_raw:Telstra1 (100%),market_item.xlsx|dark0de|seller_raw:telstra,en_content_train_pool_cc_808281fe369ae394,0.921970427036,0.928937435150,0.994155049324,0.965739011765,0.971195816994,-0.036801576615,0.022959232330,0.123507396186,0.106781051158,5.204006687077,3.465735902800,1,0.103941646795,0.097060825179,1
market_item.xlsx|apollon market|seller_raw:TheStudent (100%)||market_item.xlsx|silk road 3.1|seller_raw:bringbeerforwifi,en_content_train_pool,en,train,market_item.xlsx|apollon market|seller_raw:TheStudent (100%),market_item.xlsx|silk road 3.1|seller_raw:bringbeerforwifi,en_content_train_pool_cc_14fd652cedfe200c,0.854490458965,0.869306802750,0.861918628216,0.882712364197,0.804266691208,-0.013405561447,0.057651937008,0.088547008547,0.044273504274,2.833213344056,2.708050201102,1,0.200683760684,0.149846830837,1
market_item.xlsx|apollon market|seller_raw:UKPHARMA (89%)||market_item.xlsx|apollon market|seller_raw:terrysukstock (98%),en_content_train_pool,en,train,market_item.xlsx|apollon market|seller_raw:UKPHARMA (89%),market_item.xlsx|apollon market|seller_raw:terrysukstock (98%),en_content_train_pool_cc_15c4e37f1828524c,0.917864084244,0.801322996616,0.996218800545,0.858770728111,0.994949460030,-0.057447731495,0.001269340515,0.527708437344,0.437331389861,7.156956364616,4.779123493112,1,0.258112830754,0.256875964249,1
market_item.xlsx|apollon market|seller_raw:VitalikButerin (95%)||market_item.xlsx|silk road 3.1|seller_raw:Drugmarket,en_content_train_pool,en,train,market_item.xlsx|apollon market|seller_raw:VitalikButerin (95%),market_item.xlsx|silk road 3.1|seller_raw:Drugmarket,en_content_train_pool_cc_33273c9efa4a82c2,0.866300582886,0.816270887852,0.992855906487,0.758580923080,0.991978287697,0.057689964772,0.000877618790,0.447354355959,0.327861882164,6.073044534100,2.639057329615,1,0.203751803752,0.125838132412,1
market_item.xlsx|apollon market|seller_raw:astronomicat (100%)||market_item.xlsx|silk road 3.1|seller_raw:jenkin,en_content_train_pool,en,train,market_item.xlsx|apollon market|seller_raw:astronomicat (100%),market_item.xlsx|silk road 3.1|seller_raw:jenkin,en_content_train_pool_cc_2becc3c8a1e46419,0.895468771458,0.921777606010,0.996570825577,0.960820436478,0.802440404892,-0.039042830468,0.194130420685,0.000000000000,0.000000000000,2.302585092994,0.000000000000,1,0.225352112676,0.112676056338,1
market_item.xlsx|apollon market|seller_raw:aussiemedic (100%)||market_item.xlsx|apollon market|seller_raw:budreaper (100%),en_content_train_pool,en,train,market_item.xlsx|apollon market|seller_raw:aussiemedic (100%),market_item.xlsx|apollon market|seller_raw:budreaper (100%),en_content_train_pool_cc_c16711de7370b0af,0.912827730179,0.969881713390,0.996460080147,0.940500915051,0.991768121719,0.029380798339,0.004691958428,0.140996418105,0.133713857907,4.709530201312,3.135494215929,1,0.169847328244,0.084923664122,1
market_item.xlsx|apollon market|seller_raw:biggertreesinc (98%)||market_item.xlsx|darkfox market|seller_raw:lutonlu,en_content_train_pool,en,train,market_item.xlsx|apollon market|seller_raw:biggertreesinc (98%),market_item.xlsx|darkfox market|seller_raw:lutonlu,en_content_train_pool_cc_12d4df600b59efe3,0.913612961769,0.853216409683,0.997676432133,0.830342650414,0.991413235664,0.022873759269,0.006263196469,0.514975731029,0.416395376377,5.758901773877,4.488636369732,1,0.254707221188,0.225613347779,1
market_item.xlsx|apollon market|seller_raw:bluemagic (98%)||market_item.xlsx|apollon market|seller_raw:expresspharma (100%),en_content_train_pool,en,train,market_item.xlsx|apollon market|seller_raw:bluemagic (98%),market_item.xlsx|apollon market|seller_raw:expresspharma (100%),en_content_train_pool_cc_c5f25c717798aa9e,0.926804780960,0.887480020523,0.999526500702,0.920991241932,0.983188569546,-0.033511221409,0.016337931156,0.597827444125,0.446019334082,6.963189985870,3.988984046564,1,0.408103383693,0.338298267189,1
market_item.xlsx|apollon market|seller_raw:bluemagic (98%)||market_item.xlsx|dark0de|seller_raw:expresspharma,en_content_train_pool,en,train,market_item.xlsx|apollon market|seller_raw:bluemagic (98%),market_item.xlsx|dark0de|seller_raw:expresspharma,en_content_train_pool_cc_c5f25c717798aa9e,0.907016158104,0.877814769745,0.989049971104,0.905958831310,0.996463000774,-0.028144061565,-0.007413029670,0.450220926953,0.436820582787,7.486613313140,3.610917912644,1,0.370687223841,0.319590187263,1
market_item.xlsx|apollon market|seller_raw:brutalflapjacks (100%)||market_item.xlsx|apollon market|seller_raw:hogwartsexpress (100%),en_content_train_pool,en,train,market_item.xlsx|apollon market|seller_raw:brutalflapjacks (100%),market_item.xlsx|apollon market|seller_raw:hogwartsexpress (100%),en_content_train_pool_cc_a2593bf8b24afee0,0.870330929756,0.829451382160,0.984628677368,0.864416778088,0.992370963097,-0.034965395928,-0.007742285729,0.444299862647,0.376596255821,6.632001777396,3.258096538021,1,0.225982327505,0.166631010496,1
market_item.xlsx|apollon market|seller_raw:cleancards (94%)||market_item.xlsx|dark0de|seller_raw:gocash,en_content_train_pool,en,train,market_item.xlsx|apollon market|seller_raw:cleancards (94%),market_item.xlsx|dark0de|seller_raw:gocash,en_content_train_pool_cc_7f9e6b43db106ccf,0.946473360062,0.924429059029,0.992536246777,0.915756762028,0.908487975597,0.008672297001,0.084048271180,0.538895152198,0.506581628488,6.973543019520,4.248495242049,1,0.259864712514,0.239639598168,1
market_item.xlsx|apollon market|seller_raw:cocaineuk1 (98%)||market_item.xlsx|apollon market|seller_raw:ukcocaine (100%),en_content_train_pool,en,train,market_item.xlsx|apollon market|seller_raw:cocaineuk1 (98%),market_item.xlsx|apollon market|seller_raw:ukcocaine (100%),en_content_train_pool_cc_40b1f1015f0aa35d,0.988765120506,0.995776712894,0.999877989292,0.670775413513,0.928147137165,0.325001299381,0.071730852127,0.949526066351,0.866651578067,7.577121930877,3.091042453358,1,0.122393364929,0.122311233548,1
market_item.xlsx|apollon market|seller_raw:friskmint (100%)||market_item.xlsx|apollon market|seller_raw:shopmoreman (100%),en_content_train_pool,en,train,market_item.xlsx|apollon market|seller_raw:friskmint (100%),market_item.xlsx|apollon market|seller_raw:shopmoreman (100%),en_content_train_pool_cc_4d43b52ee45cc841,0.938072562218,0.931105732918,0.988988995552,0.789719104767,0.829636454582,0.141386628151,0.159352540970,0.793364928910,0.476338624913,5.505331535932,1.791759469228,1,0.078510028653,0.051577289208,1
market_item.xlsx|apollon market|seller_raw:hogwartsexpress (100%)||market_item.xlsx|apollon market|seller_raw:luck0923 (99%),en_content_train_pool,en,train,market_item.xlsx|apollon market|seller_raw:hogwartsexpress (100%),market_item.xlsx|apollon market|seller_raw:luck0923 (99%),en_content_train_pool_cc_a2593bf8b24afee0,0.860782921314,0.875028014183,0.994620025158,0.899700999260,0.932075738907,-0.024672985077,0.062544286251,0.398387638562,0.341570744026,6.084499413075,4.770684624466,1,0.189340499384,0.148310096435,1
market_item.xlsx|apollon market|seller_raw:jermaine (100%)||market_item.xlsx|apollon market|seller_raw:slanggang (100%),en_content_train_pool,en,train,market_item.xlsx|apollon market|seller_raw:jermaine (100%),market_item.xlsx|apollon market|seller_raw:slanggang (100%),en_content_train_pool_cc_9d0da820a9f61a63,0.912171840668,0.979688704014,0.999434232712,0.968312740326,0.991811871529,0.011375963688,0.007622361183,0.293131422390,0.291298990372,5.777652323223,3.044522437723,1,0.138640671541,0.129352785744,1
market_item.xlsx|apollon market|seller_raw:marleya (100%)||market_item.xlsx|apollon market|seller_raw:mentalistsales (100%),en_content_train_pool,en,train,market_item.xlsx|apollon market|seller_raw:marleya (100%),market_item.xlsx|apollon market|seller_raw:mentalistsales (100%),en_content_train_pool_cc_a4e60eecf262d20d,0.943569779396,0.856207251549,0.994529068470,0.893312036991,0.985897064209,-0.037104785442,0.008632004261,0.595238095238,0.584616933454,5.659482215760,1.609437912434,1,0.627906976744,0.612167774086,1
market_item.xlsx|apollon market|seller_raw:monoko (99%)||market_item.xlsx|apollon market|seller_raw:trooper941 (100%),en_content_train_pool,en,train,market_item.xlsx|apollon market|seller_raw:monoko (99%),market_item.xlsx|apollon market|seller_raw:trooper941 (100%),en_content_train_pool_cc_7b1e476eace50901,0.929862916470,0.886476397514,0.992048025131,0.829480528831,0.959923505783,0.056995868683,0.032124519348,0.236502960641,0.212341078901,6.109247582764,3.871201010908,1,0.254047460634,0.226205200188,1
market_item.xlsx|apollon market|seller_raw:opiateconnect (100%)||market_item.xlsx|dark0de|seller_raw:thegingerbreadmann,en_content_train_pool,en,train,market_item.xlsx|apollon market|seller_raw:opiateconnect (100%),market_item.xlsx|dark0de|seller_raw:thegingerbreadmann,en_content_train_pool_cc_6604270fbd44dc9b,0.886868834496,0.838051378727,0.986119151115,0.857675433159,0.946986556053,-0.019624054432,0.039132595062,0.000000000000,0.000000000000,0.000000000000,0.000000000000,1,0.000000000000,0.000000000000,1
market_item.xlsx|apollon market|seller_raw:psychedeli (100%)||market_item.xlsx|silk road 3.1|seller_raw:leary,en_content_train_pool,en,train,market_item.xlsx|apollon market|seller_raw:psychedeli (100%),market_item.xlsx|silk road 3.1|seller_raw:leary,en_content_train_pool_cc_44c994d4e5c71797,0.909621953964,0.327820718288,0.850852549076,0.610932707787,0.890429377556,-0.283111989499,-0.039576828480,0.533333333333,0.322447599730,2.890371757896,1.386294361120,1,0.062880324544,0.031440162272,1
market_item.xlsx|apollon market|seller_raw:ransom12c (100%)||market_item.xlsx|tor2door market|seller_raw:Caliconect,en_content_train_pool,en,train,market_item.xlsx|apollon market|seller_raw:ransom12c (100%),market_item.xlsx|tor2door market|seller_raw:Caliconect,en_content_train_pool_cc_11453ae2efd34b06,0.909188807011,0.914161920547,0.999247610569,0.908394455910,0.975501656532,0.005767464637,0.023745954037,0.441954022989,0.386333062171,5.533389488728,3.178053830348,1,0.202708606378,0.145032464109,1
market_item.xlsx|apollon market|seller_raw:shroomking (100%)||market_item.xlsx|dark0de|seller_raw:bitbuds,en_content_train_pool,en,train,market_item.xlsx|apollon market|seller_raw:shroomking (100%),market_item.xlsx|dark0de|seller_raw:bitbuds,en_content_train_pool_cc_702dc9588074d079,0.873778939247,0.949824929237,0.998377323151,0.912211298943,0.982902944088,0.037613630294,0.015474379063,0.760112888053,0.596657010599,5.752572638826,3.713572066704,1,0.121813031161,0.101263994414,1
market_item.xlsx|apollon market|seller_raw:the-plutus (97%)||market_item.xlsx|darkfox market|seller_raw:plutus,en_content_train_pool,en,train,market_item.xlsx|apollon market|seller_raw:the-plutus (97%),market_item.xlsx|darkfox market|seller_raw:plutus,en_content_train_pool_cc_b8d084143da554f7,0.911613583565,0.919383704662,0.993933558464,0.871351838112,0.961419463158,0.048031866550,0.032514095306,0.569959247041,0.410228132467,7.259116128097,3.931825632724,1,0.146170595475,0.143238606489,1
market_item.xlsx|cannazon market|seller_raw:EiffelCartel||market_item.xlsx|dark0de|seller_raw:frenchycaneloni,en_content_train_pool,en,train,market_item.xlsx|cannazon market|seller_raw:EiffelCartel,market_item.xlsx|dark0de|seller_raw:frenchycaneloni,en_content_train_pool_cc_af237d057922fafb,0.938581943512,0.985728979111,0.998127996922,0.950414538383,0.969064235687,0.035314440728,0.029063761235,0.787568306011,0.708583217432,7.268223021160,3.637586159726,1,0.065118397086,0.038512845151,1
market_item.xlsx|cannazon market|seller_raw:Weed365||market_item.xlsx|vice city|seller_raw:Brexitmooch,en_content_train_pool,en,train,market_item.xlsx|cannazon market|seller_raw:Weed365,market_item.xlsx|vice city|seller_raw:Brexitmooch,en_content_train_pool_cc_004159f5a4159919,0.905729770660,0.868111610413,0.998226881027,0.857446193695,0.820168256760,0.010665416718,0.178058624267,0.543637574950,0.506209780310,6.329720905523,3.135494215929,1,0.058627581612,0.049784619875,1
market_item.xlsx|cannazon market|seller_raw:WeedPhantom||market_item.xlsx|vice city|seller_raw:WeedHunter1312,en_content_train_pool,en,train,market_item.xlsx|cannazon market|seller_raw:WeedPhantom,market_item.xlsx|vice city|seller_raw:WeedHunter1312,en_content_train_pool_cc_dcf84f0c560d2eca,0.922590374947,0.968348145485,0.997586131096,0.957214653492,0.998236894608,0.011133491993,-0.000650763512,0.464482885536,0.372816522640,6.408528791059,3.218875824868,1,0.000000000000,0.000000000000,1
market_item.xlsx|cypher market|seller_raw:cmoney345||market_item.xlsx|darkfox market|seller_raw:JOYinc,en_content_train_pool,en,train,market_item.xlsx|cypher market|seller_raw:cmoney345,market_item.xlsx|darkfox market|seller_raw:JOYinc,en_content_train_pool_cc_f24a0e1cd12c9ac5,0.919396400452,0.861721277237,0.989748120308,0.789700567722,0.950967133045,0.072020709515,0.038780987263,0.640376692172,0.448590127382,6.120297418951,2.639057329615,1,0.443839683325,0.278717958202,1
market_item.xlsx|dark0de|seller_raw:alphapharmaltd||market_item.xlsx|darkfox market|seller_raw:streetpushers,en_content_train_pool,en,train,market_item.xlsx|dark0de|seller_raw:alphapharmaltd,market_item.xlsx|darkfox market|seller_raw:streetpushers,en_content_train_pool_cc_ecd44d8f9ef4d593,0.939061462879,0.974762022495,0.988314628601,0.957004904747,0.930568516254,0.017757117748,0.057746112347,0.763573685722,0.622606051901,6.729824070489,3.713572066704,1,0.434645216892,0.410926321117,1
market_item.xlsx|dark0de|seller_raw:barguys||market_item.xlsx|dark0de|seller_raw:bulkbars,en_content_train_pool,en,train,market_item.xlsx|dark0de|seller_raw:barguys,market_item.xlsx|dark0de|seller_raw:bulkbars,en_content_train_pool_cc_458c14f7d0a0645c,0.947076678276,0.807450890541,0.989586591721,0.969957947731,0.992187023163,-0.162507057190,-0.002600431442,0.363965829666,0.242737187078,5.446737371666,3.970291913552,1,0.183382439599,0.145794248533,1
market_item.xlsx|dark0de|seller_raw:biggertreesinc||market_item.xlsx|dark0de|seller_raw:wec4020,en_content_train_pool,en,train,market_item.xlsx|dark0de|seller_raw:biggertreesinc,market_item.xlsx|dark0de|seller_raw:wec4020,en_content_train_pool_cc_cf622ee8c17b89b5,0.916720509529,0.883865714073,0.997453272343,0.838569045067,0.995683312416,0.045296669006,0.001769959927,0.208887740602,0.188011532867,4.927253685157,3.891820298111,1,0.215992970123,0.195194521491,1
market_item.xlsx|dark0de|seller_raw:c2c22||market_item.xlsx|tor2door market|seller_raw:Candy_flakes,en_content_train_pool,en,train,market_item.xlsx|dark0de|seller_raw:c2c22,market_item.xlsx|tor2door market|seller_raw:Candy_flakes,en_content_train_pool_cc_b382d8d96838fd0e,0.942014217377,0.962451994419,0.963755607605,0.656771659851,0.754476547241,0.305680334568,0.209279060364,0.886718750000,0.717904180427,5.983936280687,2.833213344056,1,0.436986790432,0.428128811883,1
market_item.xlsx|dark0de|seller_raw:c2c22||market_item.xlsx|tor2door market|seller_raw:CocoParis,en_content_train_pool,en,train,market_item.xlsx|dark0de|seller_raw:c2c22,market_item.xlsx|tor2door market|seller_raw:CocoParis,en_content_train_pool_cc_b382d8d96838fd0e,0.942014217377,0.962451994419,0.963755607605,0.656771659851,0.754476547241,0.305680334568,0.209279060364,0.886718750000,0.717904180427,5.983936280687,2.833213344056,1,0.436986790432,0.428128811883,1
market_item.xlsx|dark0de|seller_raw:c2c22||market_item.xlsx|tor2door market|seller_raw:VEVO,en_content_train_pool,en,train,market_item.xlsx|dark0de|seller_raw:c2c22,market_item.xlsx|tor2door market|seller_raw:VEVO,en_content_train_pool_cc_b382d8d96838fd0e,0.927410542965,0.903376221657,0.971393167973,0.494215399027,0.739890813828,0.409160822630,0.231502354145,0.880452342488,0.683710641076,5.605802066296,2.708050201102,1,0.436986790432,0.426894041419,1
market_item.xlsx|dark0de|seller_raw:cosmiccannabispnw||market_item.xlsx|darkfox market|seller_raw:CosmicCannabis,en_content_train_pool,en,train,market_item.xlsx|dark0de|seller_raw:cosmiccannabispnw,market_item.xlsx|darkfox market|seller_raw:CosmicCannabis,en_content_train_pool_cc_70d9fc2fbd12eeb3,0.943897128105,0.952637076378,0.995327413082,0.894411802292,0.976498007774,0.058225274086,0.018829405308,0.853645696236,0.589741429864,6.549650742234,3.332204510175,1,0.117925769939,0.089002280898,1
market_item.xlsx|dark0de|seller_raw:dazn||market_item.xlsx|vice city|seller_raw:CastorSmiley,en_content_train_pool,en,train,market_item.xlsx|dark0de|seller_raw:dazn,market_item.xlsx|vice city|seller_raw:CastorSmiley,en_content_train_pool_cc_134df59f647be08c,0.927004337311,0.879912674427,0.995966315269,0.865813612938,0.978874564171,0.014099061489,0.017091751098,0.807689161554,0.747937407781,8.090402296593,4.290459441148,1,0.147257383966,0.116818876032,1
market_item.xlsx|dark0de|seller_raw:discountweedco||market_item.xlsx|silk road 3.1|seller_raw:Drugmarket,en_content_train_pool,en,train,market_item.xlsx|dark0de|seller_raw:discountweedco,market_item.xlsx|silk road 3.1|seller_raw:Drugmarket,en_content_train_pool_cc_33273c9efa4a82c2,0.915147244930,0.925946652889,0.999554276466,0.929095685482,0.998482823372,-0.003149032593,0.001071453094,0.447176198112,0.380544620795,6.059123195582,2.772588722240,1,0.106521739130,0.077223100102,1
market_item.xlsx|dark0de|seller_raw:exoticimports||market_item.xlsx|dark0de|seller_raw:psycheshop,en_content_train_pool,en,train,market_item.xlsx|dark0de|seller_raw:exoticimports,market_item.xlsx|dark0de|seller_raw:psycheshop,en_content_train_pool_cc_eda49314028bb7d5,0.870186090469,0.801111102104,0.969398856163,0.853706717491,0.936420977116,-0.052595615387,0.032977879047,0.480239847370,0.412719261433,7.541683099882,3.178053830348,1,0.134519867550,0.098739901069,1
market_item.xlsx|dark0de|seller_raw:findyourmuse||market_item.xlsx|tor2door market|seller_raw:Muse,en_content_train_pool,en,train,market_item.xlsx|dark0de|seller_raw:findyourmuse,market_item.xlsx|tor2door market|seller_raw:Muse,en_content_train_pool_cc_bd8b2ed1078bab75,0.973334550858,0.947392225266,0.998377919197,0.927971482277,0.829037487507,0.019420742989,0.169340431690,0.847645429363,0.792446391294,6.556778356158,3.555348061489,1,0.074396517610,0.072809423387,1
market_item.xlsx|dark0de|seller_raw:ghostbusterz||market_item.xlsx|darkfox market|seller_raw:drugsfarm,en_content_train_pool,en,train,market_item.xlsx|dark0de|seller_raw:ghostbusterz,market_item.xlsx|darkfox market|seller_raw:drugsfarm,en_content_train_pool_cc_d63b8305e78ac672,0.918981790543,0.894225120544,0.997427880764,0.704277515411,0.996202826500,0.189947605133,0.001225054264,0.556164383562,0.376766402307,3.401197381662,2.302585092994,1,0.156164383562,0.117555875991,1
market_item.xlsx|dark0de|seller_raw:gimmesomeroy||market_item.xlsx|darkfox market|seller_raw:ilovelucy,en_content_train_pool,en,train,market_item.xlsx|dark0de|seller_raw:gimmesomeroy,market_item.xlsx|darkfox market|seller_raw:ilovelucy,en_content_train_pool_cc_3cb91d7ccfa9b6c4,0.930999696255,0.938733577728,0.964724540710,0.952099621296,0.843342363834,-0.013366043568,0.121382176876,0.000000000000,0.000000000000,0.693147180560,0.000000000000,1,0.185185185185,0.092592592592,1
market_item.xlsx|dark0de|seller_raw:gmailz||market_item.xlsx|vice city|seller_raw:Gmail,en_content_train_pool,en,train,market_item.xlsx|dark0de|seller_raw:gmailz,market_item.xlsx|vice city|seller_raw:Gmail,en_content_train_pool_cc_a9c9969636be093f,0.910687923431,0.931133031845,0.996479988098,0.866124510765,0.986483216286,0.065008521080,0.009996771812,0.901734104046,0.834640393942,6.654152520183,3.828641396489,1,0.140802747371,0.139157077975,1
market_item.xlsx|dark0de|seller_raw:gocash||market_item.xlsx|vice city|seller_raw:Guthguth,en_content_train_pool,en,train,market_item.xlsx|dark0de|seller_raw:gocash,market_item.xlsx|vice city|seller_raw:Guthguth,en_content_train_pool_cc_7f9e6b43db106ccf,0.949133038521,0.880939483643,0.990489602089,0.910816729069,0.836611866951,-0.029877245426,0.153877735138,0.525084554679,0.508500706901,6.910750787962,4.204692619391,1,0.259864712514,0.228579667376,1
market_item.xlsx|dark0de|seller_raw:gofast36||market_item.xlsx|dark0de|seller_raw:theolddoctorfe,en_content_train_pool,en,train,market_item.xlsx|dark0de|seller_raw:gofast36,market_item.xlsx|dark0de|seller_raw:theolddoctorfe,en_content_train_pool_cc_9eaec72a084dee11,0.891701281071,0.933049559593,0.996282219887,0.869487047195,0.987054824829,0.063562512398,0.009227395058,0.462020360219,0.282128390972,3.555348061489,3.091042453358,1,0.316293929712,0.258381890463,1
market_item.xlsx|dark0de|seller_raw:kaliflora||market_item.xlsx|silk road 3.1|seller_raw:ovo,en_content_train_pool,en,train,market_item.xlsx|dark0de|seller_raw:kaliflora,market_item.xlsx|silk road 3.1|seller_raw:ovo,en_content_train_pool_cc_106913dbc52e0ba8,0.924439311028,0.960664808750,0.995747327805,0.926028251648,0.985623300076,0.034636557102,0.010124027729,0.568759342302,0.443997284129,5.814130531825,2.772588722240,1,0.038116591928,0.019058295964,1
market_item.xlsx|dark0de|seller_raw:kidcannabis7||market_item.xlsx|dark0de|seller_raw:louderpacks,en_content_train_pool,en,train,market_item.xlsx|dark0de|seller_raw:kidcannabis7,market_item.xlsx|dark0de|seller_raw:louderpacks,en_content_train_pool_cc_d9239ddfd2f18c47,0.873846352100,0.864830136299,0.988397955894,0.722061991692,0.920663654804,0.142768144607,0.067734301090,0.278125000000,0.181510129548,3.401197381662,2.302585092994,1,0.181918412348,0.090959206174,1
market_item.xlsx|dark0de|seller_raw:kingacc||market_item.xlsx|darkfox market|seller_raw:KingATM,en_content_train_pool,en,train,market_item.xlsx|dark0de|seller_raw:kingacc,market_item.xlsx|darkfox market|seller_raw:KingATM,en_content_train_pool_cc_2a42a4da799a2e99,0.929972290993,0.866251945496,0.955335557461,0.775744915009,0.988476753235,0.090507030487,-0.033141195774,0.290810157195,0.256392250934,5.147494476813,2.397895272798,1,0.074735080870,0.037367540435,1
market_item.xlsx|dark0de|seller_raw:ldnexpert||market_item.xlsx|versus market|seller_raw:PharmaWorldUK,en_content_train_pool,en,train,market_item.xlsx|dark0de|seller_raw:ldnexpert,market_item.xlsx|versus market|seller_raw:PharmaWorldUK,en_content_train_pool_cc_cfc44b736e392506,0.934767007828,0.967375516891,0.970308363438,0.963209629059,0.937175929546,0.004165887832,0.033132433892,0.776360737873,0.685574191330,7.278628942321,4.143134726392,1,0.327715782282,0.307583759867,1
market_item.xlsx|dark0de|seller_raw:mrcapri||market_item.xlsx|white house market|seller_raw:narcosxpress,en_content_train_pool,en,train,market_item.xlsx|dark0de|seller_raw:mrcapri,market_item.xlsx|white house market|seller_raw:narcosxpress,en_content_train_pool_cc_16826b477db03cc0,0.856507837772,0.893817186356,0.955789804459,0.933341264725,0.852050542831,-0.039524078369,0.103739261628,0.597168597169,0.413719433719,4.189654742026,4.043051267835,1,0.072432432432,0.036216216216,1
market_item.xlsx|dark0de|seller_raw:onlyxans||market_item.xlsx|dark0de|seller_raw:thegingerbreadmann,en_content_train_pool,en,train,market_item.xlsx|dark0de|seller_raw:onlyxans,market_item.xlsx|dark0de|seller_raw:thegingerbreadmann,en_content_train_pool_cc_6604270fbd44dc9b,0.882057905197,0.913675665855,0.978371798992,0.896340608597,0.952073097229,0.017335057258,0.026298701763,0.000000000000,0.000000000000,1.386294361120,0.000000000000,1,0.000000000000,0.000000000000,1
market_item.xlsx|dark0de|seller_raw:perfectmeds||market_item.xlsx|darkfox market|seller_raw:bigdickvibes,en_content_train_pool,en,train,market_item.xlsx|dark0de|seller_raw:perfectmeds,market_item.xlsx|darkfox market|seller_raw:bigdickvibes,en_content_train_pool_cc_30d38c1dca663892,0.920849502087,0.905451714993,0.994647741318,0.853025436401,0.968330502510,0.052426278592,0.026317238808,0.124333925400,0.114798541647,3.465735902800,2.197224577336,1,0.378831694621,0.229380323332,1
market_item.xlsx|dark0de|seller_raw:pickwickfactorynl||market_item.xlsx|darkfox market|seller_raw:PickwckFctryNL,en_content_train_pool,en,train,market_item.xlsx|dark0de|seller_raw:pickwickfactorynl,market_item.xlsx|darkfox market|seller_raw:PickwckFctryNL,en_content_train_pool_cc_d6de595f683671ab,0.919161915779,0.960447788239,0.997658014297,0.891502678394,0.965870320797,0.068945109845,0.031787693500,0.723398479913,0.657463088912,7.383989457979,3.178053830348,1,0.178338762215,0.168046130197,1
market_item.xlsx|dark0de|seller_raw:powerpuffuk||market_item.xlsx|monopoly market|seller_raw:sponge,en_content_train_pool,en,train,market_item.xlsx|dark0de|seller_raw:powerpuffuk,market_item.xlsx|monopoly market|seller_raw:sponge,en_content_train_pool_cc_75d3101808fe5bc5,0.918383955956,0.859193861485,0.973796129227,0.837575554848,0.867456734180,0.021618306637,0.106339395047,0.644705882353,0.386371632765,4.709530201312,2.302585092994,1,0.314018691589,0.157009345794,1
market_item.xlsx|dark0de|seller_raw:sluts||market_item.xlsx|versus market|seller_raw:sluts1,en_content_train_pool,en,train,market_item.xlsx|dark0de|seller_raw:sluts,market_item.xlsx|versus market|seller_raw:sluts1,en_content_train_pool_cc_d4600fefc52e5c45,0.977438390255,0.986952662468,0.999751806259,0.783442556858,0.937293171883,0.203510105610,0.062458634376,0.949875724938,0.949812234328,6.933423025731,2.484906649788,1,0.042667771334,0.036409262552,1
market_item.xlsx|dark0de|seller_raw:sm0ke||market_item.xlsx|silk road 3.1|seller_raw:SonOfAGun,en_content_train_pool,en,train,market_item.xlsx|dark0de|seller_raw:sm0ke,market_item.xlsx|silk road 3.1|seller_raw:SonOfAGun,en_content_train_pool_cc_8b9d383fca737d02,0.899831652641,0.889268040657,0.996186017990,0.934953570366,0.848662257195,-0.045685529709,0.147523760795,0.000000000000,0.000000000000,2.079441541680,0.000000000000,1,0.163934426230,0.158686789835,1
market_item.xlsx|dark0de|seller_raw:sm0ke||market_item.xlsx|silk road 3.1|seller_raw:dunderchief,en_content_train_pool,en,train,market_item.xlsx|dark0de|seller_raw:sm0ke,market_item.xlsx|silk road 3.1|seller_raw:dunderchief,en_content_train_pool_cc_8b9d383fca737d02,0.924085557461,0.905689716339,0.970393061638,0.940630793571,0.999241650105,-0.034941077232,-0.028848588467,0.000000000000,0.000000000000,2.564949357462,0.000000000000,1,0.163934426230,0.081967213115,1
market_item.xlsx|dark0de|seller_raw:supperfast001||market_item.xlsx|incognito|seller_raw:/vendor/vinicius12,en_content_train_pool,en,train,market_item.xlsx|dark0de|seller_raw:supperfast001,market_item.xlsx|incognito|seller_raw:/vendor/vinicius12,en_content_train_pool_cc_74739d717a8bdbab,0.904678940773,0.912441551685,0.983012616634,0.686653316021,0.918389558792,0.225788235664,0.064623057842,0.716157205240,0.506620761801,5.680172609017,1.945910149055,1,0.495633187773,0.435759856298,1
market_item.xlsx|dark0de|seller_raw:thegingerbreadmann||market_item.xlsx|dark0de|seller_raw:xanman007,en_content_train_pool,en,train,market_item.xlsx|dark0de|seller_raw:thegingerbreadmann,market_item.xlsx|dark0de|seller_raw:xanman007,en_content_train_pool_cc_6604270fbd44dc9b,0.876817464828,0.895807325840,0.916318058968,0.909287095070,0.927705705166,-0.013479769230,-0.011387646198,0.000000000000,0.000000000000,1.791759469228,0.000000000000,1,0.000000000000,0.000000000000,1
market_item.xlsx|dark0de|seller_raw:tiktokcc||market_item.xlsx|darkfox market|seller_raw:ramashkaCC,en_content_train_pool,en,train,market_item.xlsx|dark0de|seller_raw:tiktokcc,market_item.xlsx|darkfox market|seller_raw:ramashkaCC,en_content_train_pool_cc_335af02cf5a26e6d,0.918939650059,0.902446985245,0.950558423996,0.814864277840,0.926184952259,0.087582707405,0.024373471737,0.435147654893,0.351386379285,5.361292165709,3.526360524616,1,0.080729886646,0.058604665385,1
market_item.xlsx|darkfox market|seller_raw:Deus||market_item.xlsx|silk road 3.1|seller_raw:leary,en_content_train_pool,en,train,market_item.xlsx|darkfox market|seller_raw:Deus,market_item.xlsx|silk road 3.1|seller_raw:leary,en_content_train_pool_cc_44c994d4e5c71797,0.913420200348,0.468162477016,0.867793023586,0.516878306866,0.776869177818,-0.048715829850,0.090923845768,0.285714285714,0.200109051254,2.995732273554,1.098612288668,1,0.580152671756,0.290076335878,1
market_item.xlsx|darkfox market|seller_raw:DrugAmazon||market_item.xlsx|darkfox market|seller_raw:Pinoccio,en_content_train_pool,en,train,market_item.xlsx|darkfox market|seller_raw:DrugAmazon,market_item.xlsx|darkfox market|seller_raw:Pinoccio,en_content_train_pool_cc_5e24cc92cd1d011b,0.924085259438,0.956903934479,0.999243199825,0.937303900719,0.995885908604,0.019600033760,0.003357291221,0.455385363482,0.391009264655,6.008813185443,4.219507705176,1,0.361293459762,0.301942865733,1
market_item.xlsx|darkfox market|seller_raw:FASTPLUG||market_item.xlsx|darkfox market|seller_raw:Newheavens,en_content_train_pool,en,train,market_item.xlsx|darkfox market|seller_raw:FASTPLUG,market_item.xlsx|darkfox market|seller_raw:Newheavens,en_content_train_pool_cc_f5e76799ebafc9c9,0.945777535439,0.976427257061,0.997905254364,0.968091487885,0.996809601784,0.008335769176,0.001095652580,0.601826231323,0.572913979499,7.904334842085,3.850147601710,1,0.527670171555,0.502038303573,1
market_item.xlsx|darkfox market|seller_raw:HappyShopOrigi||market_item.xlsx|vice city|seller_raw:HappyShop,en_content_train_pool,en,train,market_item.xlsx|darkfox market|seller_raw:HappyShopOrigi,market_item.xlsx|vice city|seller_raw:HappyShop,en_content_train_pool_cc_073474f4df273b24,0.933789610863,0.965622782707,0.997800350189,0.883110284805,0.989834487438,0.082512497902,0.007965862751,0.740224077329,0.710144021607,8.319717386851,4.234106504597,1,0.152558635394,0.120930020684,1
market_item.xlsx|darkfox market|seller_raw:JohnyBlack||market_item.xlsx|silk road 3.1|seller_raw:surfgxd,en_content_train_pool,en,train,market_item.xlsx|darkfox market|seller_raw:JohnyBlack,market_item.xlsx|silk road 3.1|seller_raw:surfgxd,en_content_train_pool_cc_82789b6f940f1c72,0.953856468201,0.893940746784,0.714788079262,0.913091242313,0.665913939476,-0.019150495529,0.048874139786,0.099337748344,0.049668874172,1.791759469228,0.693147180560,1,0.678571428571,0.489947965941,0
market_item.xlsx|darkfox market|seller_raw:Kaliflora||market_item.xlsx|silk road 3.1|seller_raw:ovo,en_content_train_pool,en,train,market_item.xlsx|darkfox market|seller_raw:Kaliflora,market_item.xlsx|silk road 3.1|seller_raw:ovo,en_content_train_pool_cc_106913dbc52e0ba8,0.917511940002,0.967113196850,0.998975038528,0.951718807220,0.983452737331,0.015394389630,0.015522301197,0.568759342302,0.500100195168,5.814130531825,2.708050201102,1,0.038116591928,0.019058295964,1
market_item.xlsx|darkfox market|seller_raw:MOLADVI||market_item.xlsx|darkfox market|seller_raw:tornadoengine,en_content_train_pool,en,train,market_item.xlsx|darkfox market|seller_raw:MOLADVI,market_item.xlsx|darkfox market|seller_raw:tornadoengine,en_content_train_pool_cc_7f9af411c7476244,0.880714714527,0.715822875500,0.960613608360,0.813656926155,0.969419360161,-0.097834050655,-0.008805751801,0.495176848875,0.320403958418,5.017279836815,2.079441541680,1,0.492497793469,0.320203880657,1
market_item.xlsx|darkfox market|seller_raw:ROCKO||market_item.xlsx|vice city|seller_raw:Rugrats,en_content_train_pool,en,train,market_item.xlsx|darkfox market|seller_raw:ROCKO,market_item.xlsx|vice city|seller_raw:Rugrats,en_content_train_pool_cc_053524739615db01,0.917027473450,0.889517784119,0.999310970306,0.718955636024,0.993378758430,0.170562148095,0.005932211876,0.522784176264,0.427126788350,6.368187186350,2.944438979166,1,0.378567851778,0.359212475128,1
market_item.xlsx|darkfox market|seller_raw:Tornad0cc||market_item.xlsx|darkfox market|seller_raw:cloudflare,en_content_train_pool,en,train,market_item.xlsx|darkfox market|seller_raw:Tornad0cc,market_item.xlsx|darkfox market|seller_raw:cloudflare,en_content_train_pool_cc_ef6caa87fce3acc5,0.927355885506,0.910088062286,0.978497207165,0.887363672256,0.906556129456,0.022724390030,0.071941077709,0.307462686567,0.239548980804,5.537334267019,3.258096538021,1,0.177996756892,0.154670020237,1
market_item.xlsx|darkfox market|seller_raw:Tornad0cc||market_item.xlsx|silk road 3.1|seller_raw:dumbakarahi1,en_content_train_pool,en,train,market_item.xlsx|darkfox market|seller_raw:Tornad0cc,market_item.xlsx|silk road 3.1|seller_raw:dumbakarahi1,en_content_train_pool_cc_ef6caa87fce3acc5,0.933756887913,0.948544979095,0.986052632332,0.880482316017,0.995401084423,0.068062663078,-0.009348452091,0.430086067107,0.348157787652,6.688354713947,3.931825632724,1,0.177996756892,0.165501110687,1
market_item.xlsx|darkfox market|seller_raw:USvendor||market_item.xlsx|darkfox market|seller_raw:jaymike,en_content_train_pool,en,train,market_item.xlsx|darkfox market|seller_raw:USvendor,market_item.xlsx|darkfox market|seller_raw:jaymike,en_content_train_pool_cc_ecb91ba46761c1c9,0.905623078346,0.969412863255,0.999064803123,0.917103052139,0.991441130638,0.052309811116,0.007623672485,0.617793240557,0.528021532064,5.786897381367,2.890371757896,1,0.496824276641,0.430072178082,1
market_item.xlsx|darkfox market|seller_raw:USvendor||market_item.xlsx|darkfox market|seller_raw:stonesthrowJ,en_content_train_pool,en,train,market_item.xlsx|darkfox market|seller_raw:USvendor,market_item.xlsx|darkfox market|seller_raw:stonesthrowJ,en_content_train_pool_cc_ecb91ba46761c1c9,0.903052568436,0.921230435371,0.991258502007,0.906996846199,0.953780770302,0.014233589172,0.037477731705,0.537755822159,0.475166051170,5.988961416890,3.044522437723,1,0.496824276641,0.489192186079,1
market_item.xlsx|darkfox market|seller_raw:alphapharmaltd||market_item.xlsx|darkfox market|seller_raw:streetpushers,en_content_train_pool,en,train,market_item.xlsx|darkfox market|seller_raw:alphapharmaltd,market_item.xlsx|darkfox market|seller_raw:streetpushers,en_content_train_pool_cc_ecd44d8f9ef4d593,0.909815430641,0.913185715675,0.969768524170,0.944464802742,0.925201296806,-0.031279087067,0.044567227364,0.546107440391,0.477286126907,6.533788837933,3.637586159726,1,0.507638367142,0.471141792017,1
market_item.xlsx|darkfox market|seller_raw:chemzy007||market_item.xlsx|incognito|seller_raw:/vendor/tomandjerry,en_content_train_pool,en,train,market_item.xlsx|darkfox market|seller_raw:chemzy007,market_item.xlsx|incognito|seller_raw:/vendor/tomandjerry,en_content_train_pool_cc_19a7188864d17ab8,0.899621963501,0.872014522552,0.968213379383,0.686799347401,0.995523273945,0.185215175151,-0.027309894562,0.578413284133,0.550192439894,5.910796644041,4.174387269896,1,0.318265682657,0.295974946592,1
market_item.xlsx|darkfox market|seller_raw:darkchick||market_item.xlsx|silk road 3.1|seller_raw:hellothere345,en_content_train_pool,en,train,market_item.xlsx|darkfox market|seller_raw:darkchick,market_item.xlsx|silk road 3.1|seller_raw:hellothere345,en_content_train_pool_cc_c4b1d867ea1c9dc0,0.837948441505,0.781497120857,0.920980513096,0.783239185810,0.861338376999,-0.001742064953,0.059642136097,0.000000000000,0.000000000000,2.079441541680,0.000000000000,1,0.348623853211,0.277331464794,1
market_item.xlsx|darkfox market|seller_raw:live4drugs||market_item.xlsx|tor2door market|seller_raw:Darkdrugs,en_content_train_pool,en,train,market_item.xlsx|darkfox market|seller_raw:live4drugs,market_item.xlsx|tor2door market|seller_raw:Darkdrugs,en_content_train_pool_cc_892f55b8aa4241a8,0.990326881409,0.995367109776,0.998558759689,0.653662443161,0.963284611702,0.341704666615,0.035274147987,0.949617633828,0.948563265313,7.273786317845,2.564949357462,1,0.194395017794,0.162874521943,1
market_item.xlsx|darkfox market|seller_raw:maverick111||market_item.xlsx|incognito|seller_raw:/vendor/greenpharmastore,en_content_train_pool,en,train,market_item.xlsx|darkfox market|seller_raw:maverick111,market_item.xlsx|incognito|seller_raw:/vendor/greenpharmastore,en_content_train_pool_cc_9a5e8f0e61cce193,0.924204766750,0.891202092171,0.982755303383,0.590876460075,0.992980957031,0.300325632096,-0.010225653648,0.838212634823,0.732416093619,5.493061443341,2.079441541680,1,0.825885978428,0.738620256587,1
market_item.xlsx|darkfox market|seller_raw:originalgermed||market_item.xlsx|versus market|seller_raw:OriginalGerMeds,en_content_train_pool,en,train,market_item.xlsx|darkfox market|seller_raw:originalgermed,market_item.xlsx|versus market|seller_raw:OriginalGerMeds,en_content_train_pool_cc_ef14dd46907bb8cb,0.979484736919,0.973750889301,0.998062491417,0.815635204315,0.762715041637,0.158115684986,0.235347449780,0.949685534591,0.937245334925,6.401917196727,2.079441541680,1,0.165978908757,0.164992357136,1
market_item.xlsx|darkfox market|seller_raw:peterpaperguy||market_item.xlsx|versus market|seller_raw:peterpaperdude,en_content_train_pool,en,train,market_item.xlsx|darkfox market|seller_raw:peterpaperguy,market_item.xlsx|versus market|seller_raw:peterpaperdude,en_content_train_pool_cc_d71d9889c782894f,0.936763525009,0.895647048950,0.994525492191,0.905943870544,0.932585597038,-0.010296821594,0.061939895153,0.863299431133,0.713121175430,7.791522819151,4.060443010546,1,0.146698845027,0.137258712554,1
market_item.xlsx|darkfox market|seller_raw:procarder2||market_item.xlsx|silk road 3.1|seller_raw:procarder7,en_content_train_pool,en,train,market_item.xlsx|darkfox market|seller_raw:procarder2,market_item.xlsx|silk road 3.1|seller_raw:procarder7,en_content_train_pool_cc_b344b35288f1efb3,0.939480185509,0.985811293125,0.999369859695,0.827189803123,0.942938745022,0.158621490002,0.056431114673,0.894676092916,0.823430518970,7.864804003328,3.891820298111,1,0.224065791372,0.180682458697,1
market_item.xlsx|darkfox market|seller_raw:wwcs2020||market_item.xlsx|silk road 3.1|seller_raw:mico2811,en_content_train_pool,en,train,market_item.xlsx|darkfox market|seller_raw:wwcs2020,market_item.xlsx|silk road 3.1|seller_raw:mico2811,en_content_train_pool_cc_6cb7384d1f5810b1,0.939508676529,0.978217959404,0.999546229839,0.964394569397,0.990332961082,0.013823390007,0.009213268757,0.220183486239,0.151569872833,3.218875824868,2.197224577336,1,0.288084464555,0.220057959669,1
market_item.xlsx|incognito|seller_raw:/vendor/jamesocean||market_item.xlsx|vice city|seller_raw:Jamesocean,en_content_train_pool,en,train,market_item.xlsx|incognito|seller_raw:/vendor/jamesocean,market_item.xlsx|vice city|seller_raw:Jamesocean,en_content_train_pool_cc_1bb1b27ac2e0c6d3,0.908312141895,0.954255223274,0.988549709320,0.961960196495,0.982309579849,-0.007704973221,0.006240129471,0.866146745185,0.835179307500,7.867871490396,3.806662489770,1,0.225688365431,0.216609339065,1
market_item.xlsx|silk road 3.1|seller_raw:1SRRR1||market_item.xlsx|silk road 3.1|seller_raw:SRRR,en_content_train_pool,en,train,market_item.xlsx|silk road 3.1|seller_raw:1SRRR1,market_item.xlsx|silk road 3.1|seller_raw:SRRR,en_content_train_pool_cc_f3d7aaaf40aa3078,0.994031071663,0.994907677174,0.997030258179,0.976597428322,0.991325438023,0.018310248852,0.005704820156,0.873072060683,0.864998157350,7.044905117129,3.367295829986,1,0.036725325172,0.032016265620,1
market_item.xlsx|silk road 3.1|seller_raw:430m||market_item.xlsx|silk road 3.1|seller_raw:stbdva,en_content_train_pool,en,train,market_item.xlsx|silk road 3.1|seller_raw:430m,market_item.xlsx|silk road 3.1|seller_raw:stbdva,en_content_train_pool_cc_ef88c4adbe0cab77,0.894179224968,0.648024976254,0.994876384735,0.671331346035,0.998417377472,-0.023306369781,-0.003540992737,0.000000000000,0.000000000000,0.693147180560,0.000000000000,1,0.000000000000,0.000000000000,1
market_item.xlsx|silk road 3.1|seller_raw:Adisaarland1||market_item.xlsx|silk road 3.1|seller_raw:argus2027,en_content_train_pool,en,train,market_item.xlsx|silk road 3.1|seller_raw:Adisaarland1,market_item.xlsx|silk road 3.1|seller_raw:argus2027,en_content_train_pool_cc_5b71ca3aba5827e8,0.952815353870,0.933856725693,0.775022029877,0.933856725693,0.775022029877,0.000000000000,0.000000000000,0.454545454545,0.385500575374,2.833213344056,1.098612288668,0,0.890909090909,0.603682393556,0
market_item.xlsx|silk road 3.1|seller_raw:Adisaarland1||market_item.xlsx|silk road 3.1|seller_raw:blopman,en_content_train_pool,en,train,market_item.xlsx|silk road 3.1|seller_raw:Adisaarland1,market_item.xlsx|silk road 3.1|seller_raw:blopman,en_content_train_pool_cc_5b71ca3aba5827e8,0.899072885513,0.845181345940,0.788757503033,0.922454118729,0.815118551254,-0.077272772789,-0.026361048221,0.000000000000,0.000000000000,1.098612288668,0.000000000000,1,0.890909090909,0.445454545454,0
market_item.xlsx|silk road 3.1|seller_raw:Amm0zz||market_item.xlsx|silk road 3.1|seller_raw:MisterLoudpack,en_content_train_pool,en,train,market_item.xlsx|silk road 3.1|seller_raw:Amm0zz,market_item.xlsx|silk road 3.1|seller_raw:MisterLoudpack,en_content_train_pool_cc_79e0eabc850b58e5,0.898122668266,0.739387154579,0.959067642689,0.559172749519,0.941054463387,0.180214405060,0.018013179302,0.351851851852,0.248561061061,3.091042453358,2.079441541680,1,0.086419753086,0.057849516182,1
market_item.xlsx|silk road 3.1|seller_raw:Amm4rt14n1||market_item.xlsx|silk road 3.1|seller_raw:DutchCompany,en_content_train_pool,en,train,market_item.xlsx|silk road 3.1|seller_raw:Amm4rt14n1,market_item.xlsx|silk road 3.1|seller_raw:DutchCompany,en_content_train_pool_cc_a0688bf9d8aec197,0.843464374542,0.766592502594,0.697175621986,0.758578777313,0.772483766079,0.008013725281,-0.075308144093,0.000000000000,0.000000000000,1.609437912434,0.000000000000,1,0.565217391304,0.282608695652,0
market_item.xlsx|silk road 3.1|seller_raw:Amm4rt14n1||market_item.xlsx|silk road 3.1|seller_raw:henkjan,en_content_train_pool,en,train,market_item.xlsx|silk road 3.1|seller_raw:Amm4rt14n1,market_item.xlsx|silk road 3.1|seller_raw:henkjan,en_content_train_pool_cc_a0688bf9d8aec197,0.851499199867,0.905400931835,0.822039604187,0.805293440819,0.989963233471,0.100107491016,-0.167923629284,0.000000000000,0.000000000000,1.386294361120,0.000000000000,1,0.565217391304,0.483129528985,0
market_item.xlsx|silk road 3.1|seller_raw:Anastasia||market_item.xlsx|silk road 3.1|seller_raw:KingSkunk,en_content_train_pool,en,train,market_item.xlsx|silk road 3.1|seller_raw:Anastasia,market_item.xlsx|silk road 3.1|seller_raw:KingSkunk,en_content_train_pool_cc_7cb7ea69caace376,0.924016833305,0.882802486420,0.999458551407,0.860567450523,0.997894048691,0.022235035897,0.001564502716,0.414469650521,0.376466840815,5.924255797415,2.397895272798,1,0.106772521063,0.068714280151,1
market_item.xlsx|silk road 3.1|seller_raw:AnonAmazonAffiliate||market_item.xlsx|silk road 3.1|seller_raw:IgotVPN,en_content_train_pool,en,train,market_item.xlsx|silk road 3.1|seller_raw:AnonAmazonAffiliate,market_item.xlsx|silk road 3.1|seller_raw:IgotVPN,en_content_train_pool_cc_acdcc9f15d43f01b,0.858081579208,0.808673739433,0.999285101891,0.828019618988,0.974544286728,-0.019345879555,0.024740815163,0.062841530055,0.041122257565,2.564949357462,1.386294361120,1,0.118656716418,0.085740015768,1
market_item.xlsx|silk road 3.1|seller_raw:Ateldrug||market_item.xlsx|silk road 3.1|seller_raw:nonymous,en_content_train_pool,en,train,market_item.xlsx|silk road 3.1|seller_raw:Ateldrug,market_item.xlsx|silk road 3.1|seller_raw:nonymous,en_content_train_pool_cc_3af61b8c7f69783e,0.907353222370,0.826621294022,0.654384970665,0.913762569427,0.759739577770,-0.087141275405,-0.105354607105,0.000000000000,0.000000000000,0.000000000000,0.000000000000,1,0.769811320755,0.384905660378,1
market_item.xlsx|silk road 3.1|seller_raw:Beckamsgonzouncle||market_item.xlsx|silk road 3.1|seller_raw:CaptainFantasy,en_content_train_pool,en,train,market_item.xlsx|silk road 3.1|seller_raw:Beckamsgonzouncle,market_item.xlsx|silk road 3.1|seller_raw:CaptainFantasy,en_content_train_pool_cc_ae6ee4cb3b714083,0.893545508385,0.951741218567,0.713468194008,0.954126596451,0.989144206047,-0.002385377884,-0.275676012039,0.000000000000,0.000000000000,0.693147180560,0.000000000000,1,0.320512820513,0.293764263660,1
market_item.xlsx|silk road 3.1|seller_raw:BlackBook||market_item.xlsx|silk road 3.1|seller_raw:Drugs4Everyone,en_content_train_pool,en,train,market_item.xlsx|silk road 3.1|seller_raw:BlackBook,market_item.xlsx|silk road 3.1|seller_raw:Drugs4Everyone,en_content_train_pool_cc_28cd4d7a431a0e9b,0.846333384514,0.664283871651,0.998029112816,0.652658998966,0.987232327461,0.011624872685,0.010796785355,0.233989266547,0.212926728085,5.645446897643,2.484906649788,1,0.042600896861,0.035611718556,1
market_item.xlsx|silk road 3.1|seller_raw:Bohrmann||market_item.xlsx|silk road 3.1|seller_raw:samsung68161,en_content_train_pool,en,train,market_item.xlsx|silk road 3.1|seller_raw:Bohrmann,market_item.xlsx|silk road 3.1|seller_raw:samsung68161,en_content_train_pool_cc_c237133aec0f8a8f,0.874356269836,0.727160930634,0.935496807098,0.810666322708,0.748583614826,-0.083505392074,0.186913192272,0.000000000000,0.000000000000,1.791759469228,0.000000000000,1,0.000000000000,0.000000000000,1
market_item.xlsx|silk road 3.1|seller_raw:Brisk88||market_item.xlsx|silk road 3.1|seller_raw:peterclark,en_content_train_pool,en,train,market_item.xlsx|silk road 3.1|seller_raw:Brisk88,market_item.xlsx|silk road 3.1|seller_raw:peterclark,en_content_train_pool_cc_cb9b625950d89162,0.846158444881,0.718915700912,0.988738059998,0.783318996429,0.991239666939,-0.064403295517,-0.002501606941,0.000000000000,0.000000000000,0.693147180560,0.000000000000,1,0.000000000000,0.000000000000,1
market_item.xlsx|silk road 3.1|seller_raw:CCSELL123||market_item.xlsx|silk road 3.1|seller_raw:r00ter,en_content_train_pool,en,train,market_item.xlsx|silk road 3.1|seller_raw:CCSELL123,market_item.xlsx|silk road 3.1|seller_raw:r00ter,en_content_train_pool_cc_e0e57090e871d13c,0.855561017990,0.621592819691,0.950076341629,0.786060094833,0.981586039066,-0.164467275142,-0.031509697437,0.000000000000,0.000000000000,1.098612288668,0.000000000000,1,0.158730158730,0.079365079365,1
market_item.xlsx|silk road 3.1|seller_raw:CCSELL||market_item.xlsx|silk road 3.1|seller_raw:r00ter,en_content_train_pool,en,train,market_item.xlsx|silk road 3.1|seller_raw:CCSELL,market_item.xlsx|silk road 3.1|seller_raw:r00ter,en_content_train_pool_cc_e0e57090e871d13c,0.841982603073,0.564644336700,0.952721536160,0.745759010315,0.997017800808,-0.181114673615,-0.044296264648,0.000000000000,0.000000000000,1.098612288668,0.000000000000,1,0.136142625608,0.068071312804,1
market_item.xlsx|silk road 3.1|seller_raw:CaptainFantasy||market_item.xlsx|silk road 3.1|seller_raw:mauri4,en_content_train_pool,en,train,market_item.xlsx|silk road 3.1|seller_raw:CaptainFantasy,market_item.xlsx|silk road 3.1|seller_raw:mauri4,en_content_train_pool_cc_ae6ee4cb3b714083,0.857095837593,0.927658498287,0.947100043297,0.895329594612,0.680024862289,0.032328903675,0.267075181008,0.000000000000,0.000000000000,1.386294361120,0.000000000000,1,0.267015706806,0.133507853403,1
market_item.xlsx|silk road 3.1|seller_raw:CaptainFantasy||market_item.xlsx|vice city|seller_raw:DutchDrugTrapper,en_content_train_pool,en,train,market_item.xlsx|silk road 3.1|seller_raw:CaptainFantasy,market_item.xlsx|vice city|seller_raw:DutchDrugTrapper,en_content_train_pool_cc_ae6ee4cb3b714083,0.859452545643,0.876364409924,0.616303741932,0.924160957336,0.999573349953,-0.047796547412,-0.383269608021,0.000000000000,0.000000000000,0.000000000000,0.000000000000,1,0.267015706806,0.133507853403,1
market_item.xlsx|silk road 3.1|seller_raw:CardMaster||market_item.xlsx|silk road 3.1|seller_raw:gdy7jds,en_content_train_pool,en,train,market_item.xlsx|silk road 3.1|seller_raw:CardMaster,market_item.xlsx|silk road 3.1|seller_raw:gdy7jds,en_content_train_pool_cc_2b6c9b08fb8429da,0.934499263763,0.922134160995,0.999174714088,0.715352177620,0.976288378239,0.206781983375,0.022886335849,0.362848893167,0.328615457819,7.226936018493,1.386294361120,1,0.132958801498,0.111113664464,1
market_item.xlsx|silk road 3.1|seller_raw:Clayton||market_item.xlsx|silk road 3.1|seller_raw:luckyweed,en_content_train_pool,en,train,market_item.xlsx|silk road 3.1|seller_raw:Clayton,market_item.xlsx|silk road 3.1|seller_raw:luckyweed,en_content_train_pool_cc_6e099fc30f4714ef,0.834226131439,0.781994640827,0.485631495714,0.742835283279,0.982053756714,0.039159357548,-0.496422261000,0.000000000000,0.000000000000,1.098612288668,0.000000000000,1,0.510204081633,0.255102040817,0
market_item.xlsx|silk road 3.1|seller_raw:ColinMaclaurin||market_item.xlsx|silk road 3.1|seller_raw:kaboula,en_content_train_pool,en,train,market_item.xlsx|silk road 3.1|seller_raw:ColinMaclaurin,market_item.xlsx|silk road 3.1|seller_raw:kaboula,en_content_train_pool_cc_6374204939587694,0.880781710148,0.894152164459,0.997205495834,0.810370445251,0.974775910378,0.083781719208,0.022429585456,0.594117647059,0.524536301007,4.644390899141,1.386294361120,1,0.108108108108,0.054054054054,1
market_item.xlsx|silk road 3.1|seller_raw:DEATHOFME||market_item.xlsx|silk road 3.1|seller_raw:hamma1,en_content_train_pool,en,train,market_item.xlsx|silk road 3.1|seller_raw:DEATHOFME,market_item.xlsx|silk road 3.1|seller_raw:hamma1,en_content_train_pool_cc_ff9f5cf891820cf7,0.881430983543,0.670945167542,0.411780983210,0.534199059010,0.999449849129,0.136746108532,-0.587668865919,0.000000000000,0.000000000000,0.000000000000,0.000000000000,1,0.279569892473,0.139784946237,1
market_item.xlsx|silk road 3.1|seller_raw:DWMWES||market_item.xlsx|silk road 3.1|seller_raw:triestekut,en_content_train_pool,en,train,market_item.xlsx|silk road 3.1|seller_raw:DWMWES,market_item.xlsx|silk road 3.1|seller_raw:triestekut,en_content_train_pool_cc_1b2800cea835c899,0.858824968338,0.929419279099,0.749433219433,0.940969705582,0.779678702354,-0.011550426483,-0.030245482921,0.000000000000,0.000000000000,2.302585092994,0.000000000000,1,0.645739910314,0.342978230486,1
market_item.xlsx|silk road 3.1|seller_raw:Danielrinehart||market_item.xlsx|silk road 3.1|seller_raw:dubypride,en_content_train_pool,en,train,market_item.xlsx|silk road 3.1|seller_raw:Danielrinehart,market_item.xlsx|silk road 3.1|seller_raw:dubypride,en_content_train_pool_cc_0b4674457f7be36e,0.935622453690,0.977500915527,0.999630510807,0.482268035412,0.957743048668,0.495232880115,0.041887462139,0.898305084746,0.746565625253,6.476972362890,3.295836866004,1,0.337703869524,0.288888184556,1
market_item.xlsx|silk road 3.1|seller_raw:DavidSmith1337||market_item.xlsx|silk road 3.1|seller_raw:sneakmasterflex,en_content_train_pool,en,train,market_item.xlsx|silk road 3.1|seller_raw:DavidSmith1337,market_item.xlsx|silk road 3.1|seller_raw:sneakmasterflex,en_content_train_pool_cc_25448c0ae4126d80,0.867285430431,0.739802837372,0.979042053223,0.772217869759,0.910018742085,-0.032415032387,0.069023311138,0.000000000000,0.000000000000,1.791759469228,0.000000000000,1,0.157980456026,0.078990228013,1
market_item.xlsx|silk road 3.1|seller_raw:Dickscloud||market_item.xlsx|silk road 3.1|seller_raw:DicksonCloud,en_content_train_pool,en,train,market_item.xlsx|silk road 3.1|seller_raw:Dickscloud,market_item.xlsx|silk road 3.1|seller_raw:DicksonCloud,en_content_train_pool_cc_516a0b06cbedf4ac,0.972734570503,0.972374677658,0.999711990356,0.733889818192,0.880886912346,0.238484859466,0.118825078010,0.940061819648,0.636863579147,8.289288323000,3.258096538021,1,0.044963005122,0.031821645015,1
market_item.xlsx|silk road 3.1|seller_raw:DocTX||market_item.xlsx|silk road 3.1|seller_raw:MarkiHock,en_content_train_pool,en,train,market_item.xlsx|silk road 3.1|seller_raw:DocTX,market_item.xlsx|silk road 3.1|seller_raw:MarkiHock,en_content_train_pool_cc_79bd6413926d727d,0.872479200363,0.897898137569,0.954821944237,0.876888394356,0.861067891121,0.021009743213,0.093754053116,0.735294117647,0.503800904977,4.369447852467,1.386294361120,1,0.073846153846,0.036923076923,1
market_item.xlsx|silk road 3.1|seller_raw:DocTX||market_item.xlsx|silk road 3.1|seller_raw:MatiasVasquez,en_content_train_pool,en,train,market_item.xlsx|silk road 3.1|seller_raw:DocTX,market_item.xlsx|silk road 3.1|seller_raw:MatiasVasquez,en_content_train_pool_cc_79bd6413926d727d,0.898795485497,0.891644835472,0.959334790707,0.862480163574,0.837766289711,0.029164671898,0.121568500996,0.735294117647,0.516136991709,4.369447852467,1.386294361120,1,0.052013422819,0.026006711410,1
market_item.xlsx|silk road 3.1|seller_raw:Drkseidcontinues||market_item.xlsx|silk road 3.1|seller_raw:Drkseidforever,en_content_train_pool,en,train,market_item.xlsx|silk road 3.1|seller_raw:Drkseidcontinues,market_item.xlsx|silk road 3.1|seller_raw:Drkseidforever,en_content_train_pool_cc_bd2168e3f3e8a67c,0.929950833321,0.778592526913,0.942443609238,0.778592526913,0.942443609238,0.000000000000,0.000000000000,0.906474820144,0.633469968211,4.709530201312,1.945910149055,0,0.000000000000,0.000000000000,1
market_item.xlsx|silk road 3.1|seller_raw:Drkseidcontinues||market_item.xlsx|silk road 3.1|seller_raw:YLLLAMOARMAS,en_content_train_pool,en,train,market_item.xlsx|silk road 3.1|seller_raw:Drkseidcontinues,market_item.xlsx|silk road 3.1|seller_raw:YLLLAMOARMAS,en_content_train_pool_cc_bd2168e3f3e8a67c,0.913463950157,0.838840961456,0.996649801731,0.784175157547,0.992155432701,0.054665803909,0.004494369030,0.360465116279,0.353687614319,4.787491742782,2.079441541680,1,0.000000000000,0.000000000000,1
market_item.xlsx|silk road 3.1|seller_raw:Drugsdrugs123||market_item.xlsx|silk road 3.1|seller_raw:domination,en_content_train_pool,en,train,market_item.xlsx|silk road 3.1|seller_raw:Drugsdrugs123,market_item.xlsx|silk road 3.1|seller_raw:domination,en_content_train_pool_cc_7a24a0239cb85f6a,0.899765670300,0.983869194984,0.979630708694,0.842533230782,0.861800551414,0.141335964202,0.117830157280,0.508434864105,0.442244909972,7.076653815444,2.995732273554,1,0.157016683023,0.138138144698,1
market_item.xlsx|silk road 3.1|seller_raw:ElchapoJnr||market_item.xlsx|silk road 3.1|seller_raw:MisterLoudpack,en_content_train_pool,en,train,market_item.xlsx|silk road 3.1|seller_raw:ElchapoJnr,market_item.xlsx|silk road 3.1|seller_raw:MisterLoudpack,en_content_train_pool_cc_79e0eabc850b58e5,0.873808860779,0.762815475464,0.986096501350,0.534314990044,0.907738626003,0.228500485420,0.078357875347,0.333333333333,0.273471959672,2.944438979166,2.564949357462,1,0.086419753086,0.043209876543,1
market_item.xlsx|silk road 3.1|seller_raw:FakeBillEU||market_item.xlsx|silk road 3.1|seller_raw:medex33,en_content_train_pool,en,train,market_item.xlsx|silk road 3.1|seller_raw:FakeBillEU,market_item.xlsx|silk road 3.1|seller_raw:medex33,en_content_train_pool_cc_604965be38bb6bc8,0.917891860008,0.911243677139,0.998896479607,0.925434052944,0.913949370384,-0.014190375805,0.084947109223,0.349772943289,0.319573516768,6.196444127795,3.806662489770,1,0.202328966521,0.176621236877,1
market_item.xlsx|silk road 3.1|seller_raw:FeltonJohn||market_item.xlsx|silk road 3.1|seller_raw:smarttiger,en_content_train_pool,en,train,market_item.xlsx|silk road 3.1|seller_raw:FeltonJohn,market_item.xlsx|silk road 3.1|seller_raw:smarttiger,en_content_train_pool_cc_911631fd79cf5696,0.860153973103,0.890629410744,0.982969403267,0.818999767303,0.984779715538,0.071629643441,-0.001810312271,0.260020986359,0.200089670843,6.797940412975,2.890371757896,1,0.076121683567,0.074577106212,1
market_item.xlsx|silk road 3.1|seller_raw:ForYou||market_item.xlsx|silk road 3.1|seller_raw:magic999,en_content_train_pool,en,train,market_item.xlsx|silk road 3.1|seller_raw:ForYou,market_item.xlsx|silk road 3.1|seller_raw:magic999,en_content_train_pool_cc_55132edc5009d0cb,0.955042362213,0.890925884247,0.999446034431,0.589880943298,0.994914054871,0.301044940949,0.004531979560,0.737777777778,0.713426704015,5.484796933491,2.302585092994,1,0.077037037037,0.074933084345,1
market_item.xlsx|silk road 3.1|seller_raw:Frank1234||market_item.xlsx|silk road 3.1|seller_raw:jack1111,en_content_train_pool,en,train,market_item.xlsx|silk road 3.1|seller_raw:Frank1234,market_item.xlsx|silk road 3.1|seller_raw:jack1111,en_content_train_pool_cc_e22a40420233f95f,0.955249428749,0.986033558846,0.999551355839,0.754182159901,0.989468455315,0.231851398945,0.010082900524,0.782258064516,0.690391024878,5.814130531825,2.708050201102,1,0.662634408602,0.647553366662,1
market_item.xlsx|silk road 3.1|seller_raw:Frank1234||market_item.xlsx|silk road 3.1|seller_raw:peoplesdrughouse,en_content_train_pool,en,train,market_item.xlsx|silk road 3.1|seller_raw:Frank1234,market_item.xlsx|silk road 3.1|seller_raw:peoplesdrughouse,en_content_train_pool_cc_e22a40420233f95f,0.935053944588,0.970935225487,0.998437583447,0.886699497700,0.997638940811,0.084235727787,0.000798642636,0.614695340502,0.462375603212,5.497168225293,2.197224577336,1,0.693435754190,0.678035081396,1
market_item.xlsx|silk road 3.1|seller_raw:Gandalfini||market_item.xlsx|silk road 3.1|seller_raw:Skywalker08,en_content_train_pool,en,train,market_item.xlsx|silk road 3.1|seller_raw:Gandalfini,market_item.xlsx|silk road 3.1|seller_raw:Skywalker08,en_content_train_pool_cc_27543925a441d704,0.923357486725,0.814806461334,0.911146283150,0.634075105190,0.923815369606,0.180731356144,-0.012669086456,0.505050505051,0.335317460317,2.772588722240,1.609437912434,1,0.000000000000,0.000000000000,1
market_item.xlsx|silk road 3.1|seller_raw:GhostSlayer||market_item.xlsx|silk road 3.1|seller_raw:TopCrop,en_content_train_pool,en,train,market_item.xlsx|silk road 3.1|seller_raw:GhostSlayer,market_item.xlsx|silk road 3.1|seller_raw:TopCrop,en_content_train_pool_cc_12a98330b4778f19,0.859496355057,0.784412384033,0.710732936859,0.778525471687,0.627954363823,0.005886912346,0.082778573036,0.000000000000,0.000000000000,1.386294361120,0.000000000000,1,0.087216759299,0.043608379649,1
market_item.xlsx|silk road 3.1|seller_raw:Gunnerman||market_item.xlsx|silk road 3.1|seller_raw:TheGunnerMan,en_content_train_pool,en,train,market_item.xlsx|silk road 3.1|seller_raw:Gunnerman,market_item.xlsx|silk road 3.1|seller_raw:TheGunnerMan,en_content_train_pool_cc_afdd4ff6156af04d,0.951533794403,0.976973772049,0.998729467392,0.676624894142,0.938214600086,0.300348877907,0.060514867306,0.949789621318,0.930962771824,7.488293515159,2.484906649788,1,0.000000000000,0.000000000000,1
market_item.xlsx|silk road 3.1|seller_raw:Hateparker||market_item.xlsx|silk road 3.1|seller_raw:Lorddeals,en_content_train_pool,en,train,market_item.xlsx|silk road 3.1|seller_raw:Hateparker,market_item.xlsx|silk road 3.1|seller_raw:Lorddeals,en_content_train_pool_cc_335b62a56bcf623d,0.896713495255,0.922744095325,0.994764983654,0.968343794346,0.974112391472,-0.045599699021,0.020652592182,0.160839160839,0.122236451364,3.891820298111,2.302585092994,1,0.268925739005,0.247516482556,1
market_item.xlsx|silk road 3.1|seller_raw:IAim2Please||market_item.xlsx|silk road 3.1|seller_raw:reloadedudjtjvxr,en_content_train_pool,en,train,market_item.xlsx|silk road 3.1|seller_raw:IAim2Please,market_item.xlsx|silk road 3.1|seller_raw:reloadedudjtjvxr,en_content_train_pool_cc_9fe420fc33c72bd8,0.869334578514,0.917130470276,0.992264986038,0.916069865227,0.968146741390,0.001060605049,0.024118244648,0.336853220697,0.277178741549,6.818924065276,3.218875824868,1,0.211193241816,0.151346397640,1
market_item.xlsx|silk road 3.1|seller_raw:Ineedfeedbacks||market_item.xlsx|silk road 3.1|seller_raw:lola147,en_content_train_pool,en,train,market_item.xlsx|silk road 3.1|seller_raw:Ineedfeedbacks,market_item.xlsx|silk road 3.1|seller_raw:lola147,en_content_train_pool_cc_fc373608048dd552,0.846150279045,0.595929086208,0.852273821831,0.728434681892,0.945919811726,-0.132505595684,-0.093645989895,0.000000000000,0.000000000000,0.000000000000,0.000000000000,1,0.312500000000,0.156250000000,1
market_item.xlsx|silk road 3.1|seller_raw:IntoMatrix||market_item.xlsx|silk road 3.1|seller_raw:Speed2you,en_content_train_pool,en,train,market_item.xlsx|silk road 3.1|seller_raw:IntoMatrix,market_item.xlsx|silk road 3.1|seller_raw:Speed2you,en_content_train_pool_cc_4ecdbcb5b7299bd6,0.963722586632,0.944249272346,0.979092478752,0.876072525978,0.747449517250,0.068176746368,0.231642961502,0.477223427332,0.398764239881,4.574710978503,2.708050201102,1,0.492407809111,0.413029452697,1
market_item.xlsx|silk road 3.1|seller_raw:Jacobaboo||market_item.xlsx|silk road 3.1|seller_raw:commander0,en_content_train_pool,en,train,market_item.xlsx|silk road 3.1|seller_raw:Jacobaboo,market_item.xlsx|silk road 3.1|seller_raw:commander0,en_content_train_pool_cc_aebf6c82ed6db263,0.869836211205,0.765502572060,0.998939990997,0.714884400368,0.954750895500,0.050618171692,0.044189095497,0.579837194740,0.389023625009,6.368187186350,3.178053830348,1,0.098446959726,0.095247274478,1
market_item.xlsx|silk road 3.1|seller_raw:King24783||market_item.xlsx|silk road 3.1|seller_raw:mutantmass,en_content_train_pool,en,train,market_item.xlsx|silk road 3.1|seller_raw:King24783,market_item.xlsx|silk road 3.1|seller_raw:mutantmass,en_content_train_pool_cc_f9c9dc57ff5e5bc2,0.950151562691,0.955366015434,0.992983818054,0.936170816422,0.875632345676,0.019195199012,0.117351472378,0.417727073278,0.411707309137,6.610696044718,3.218875824868,1,0.246599385695,0.172615747563,1
market_item.xlsx|silk road 3.1|seller_raw:KushPlug||market_item.xlsx|silk road 3.1|seller_raw:stingo1934,en_content_train_pool,en,train,market_item.xlsx|silk road 3.1|seller_raw:KushPlug,market_item.xlsx|silk road 3.1|seller_raw:stingo1934,en_content_train_pool_cc_dadd84868863629a,0.871472537518,0.846499323845,0.855939209461,0.876024842262,0.804558157921,-0.029525518417,0.051381051540,0.000000000000,0.000000000000,1.098612288668,0.000000000000,1,0.393822393822,0.196911196911,1
market_item.xlsx|silk road 3.1|seller_raw:L0RDXANAX||market_item.xlsx|silk road 3.1|seller_raw:RealLordXanax,en_content_train_pool,en,train,market_item.xlsx|silk road 3.1|seller_raw:L0RDXANAX,market_item.xlsx|silk road 3.1|seller_raw:RealLordXanax,en_content_train_pool_cc_2568286bdd48197d,0.993768036366,0.997365236282,0.999688386917,0.860713601112,0.993174433708,0.136651635170,0.006513953209,0.949887808527,0.946686016746,6.727431724851,2.484906649788,1,0.208676140613,0.206258509264,1
market_item.xlsx|silk road 3.1|seller_raw:Lancelotdeals||market_item.xlsx|silk road 3.1|seller_raw:mayor6767,en_content_train_pool,en,train,market_item.xlsx|silk road 3.1|seller_raw:Lancelotdeals,market_item.xlsx|silk road 3.1|seller_raw:mayor6767,en_content_train_pool_cc_a55348d580df392d,0.906222701073,0.952313542366,0.979865074158,0.950367569923,0.960624098778,0.001945972443,0.019240975380,0.635336686965,0.393819966804,6.340359303728,3.218875824868,1,0.518577354161,0.380910298702,1
market_item.xlsx|silk road 3.1|seller_raw:LoudSmokeIncentive||market_item.xlsx|silk road 3.1|seller_raw:MrPissa,en_content_train_pool,en,train,market_item.xlsx|silk road 3.1|seller_raw:LoudSmokeIncentive,market_item.xlsx|silk road 3.1|seller_raw:MrPissa,en_content_train_pool_cc_fa484f0a7086825c,0.848476171494,0.796090006828,0.849688708782,0.768195867538,0.976461768150,0.027894139290,-0.126773059368,0.000000000000,0.000000000000,0.000000000000,0.000000000000,1,0.308641975309,0.154320987655,1
market_item.xlsx|silk road 3.1|seller_raw:M0neder0||market_item.xlsx|silk road 3.1|seller_raw:WeedStore,en_content_train_pool,en,train,market_item.xlsx|silk road 3.1|seller_raw:M0neder0,market_item.xlsx|silk road 3.1|seller_raw:WeedStore,en_content_train_pool_cc_d853fa84c52e7d7d,0.861130237579,0.598312377930,0.892710447311,0.663047552109,0.997864484787,-0.064735174179,-0.105154037476,0.000000000000,0.000000000000,2.302585092994,0.000000000000,1,0.000000000000,0.000000000000,1
market_item.xlsx|silk road 3.1|seller_raw:MarkiHock||market_item.xlsx|silk road 3.1|seller_raw:TXDoCKapo,en_content_train_pool,en,train,market_item.xlsx|silk road 3.1|seller_raw:MarkiHock,market_item.xlsx|silk road 3.1|seller_raw:TXDoCKapo,en_content_train_pool_cc_79bd6413926d727d,0.909253478050,0.961895644665,0.980674982071,0.890892922878,0.962418675423,0.071002721787,0.018256306648,0.766153846154,0.644128297032,5.384495062789,2.484906649788,1,0.074074074074,0.073960113960,1
market_item.xlsx|silk road 3.1|seller_raw:MarkiHock||market_item.xlsx|silk road 3.1|seller_raw:TXDockim,en_content_train_pool,en,train,market_item.xlsx|silk road 3.1|seller_raw:MarkiHock,market_item.xlsx|silk road 3.1|seller_raw:TXDockim,en_content_train_pool_cc_79bd6413926d727d,0.919471621513,0.973017811775,0.970890641212,0.957770287991,0.937698721886,0.015247523784,0.033191919326,0.480000000000,0.472620320856,4.983606621708,2.397895272798,1,0.082887700535,0.078366927191,1
market_item.xlsx|silk road 3.1|seller_raw:MatiasVasquez||market_item.xlsx|silk road 3.1|seller_raw:TXDoCKapo,en_content_train_pool,en,train,market_item.xlsx|silk road 3.1|seller_raw:MatiasVasquez,market_item.xlsx|silk road 3.1|seller_raw:TXDoCKapo,en_content_train_pool_cc_79bd6413926d727d,0.898006916046,0.948336899281,0.967800915241,0.848240494728,0.928357005119,0.100096404553,0.039443910122,0.857382550336,0.682574190341,5.384495062789,2.564949357462,1,0.074074074074,0.063043748447,1
market_item.xlsx|silk road 3.1|seller_raw:MatiasVasquez||market_item.xlsx|silk road 3.1|seller_raw:TXDockim,en_content_train_pool,en,train,market_item.xlsx|silk road 3.1|seller_raw:MatiasVasquez,market_item.xlsx|silk road 3.1|seller_raw:TXDockim,en_content_train_pool_cc_79bd6413926d727d,0.907275915146,0.965902686119,0.956906497478,0.945753693581,0.899500012398,0.020148992538,0.057406485080,0.545302013423,0.490565445214,4.905274778438,2.484906649788,1,0.082887700535,0.067450561677,1
market_item.xlsx|silk road 3.1|seller_raw:MindTools||market_item.xlsx|silk road 3.1|seller_raw:ashley123,en_content_train_pool,en,train,market_item.xlsx|silk road 3.1|seller_raw:MindTools,market_item.xlsx|silk road 3.1|seller_raw:ashley123,en_content_train_pool_cc_412fef2bb4904dc6,0.838419079781,0.836624264717,0.901788234711,0.857723474503,0.738511562347,-0.021099209786,0.163276672364,0.312925170068,0.180685860442,3.713572066704,1.609437912434,1,0.047919957873,0.023959978936,1
market_item.xlsx|silk road 3.1|seller_raw:MisterGreen||market_item.xlsx|silk road 3.1|seller_raw:marcopolo1969,en_content_train_pool,en,train,market_item.xlsx|silk road 3.1|seller_raw:MisterGreen,market_item.xlsx|silk road 3.1|seller_raw:marcopolo1969,en_content_train_pool_cc_ec09f28e40015bbe,0.912832260132,0.907709717751,0.998941898346,0.919760763645,0.999462485313,-0.012051045894,-0.000520586967,0.477741375988,0.424118716739,6.154858094016,4.248495242049,1,0.040423195928,0.035436111358,1
market_item.xlsx|silk road 3.1|seller_raw:MisterMush||market_item.xlsx|silk road 3.1|seller_raw:mhippy,en_content_train_pool,en,train,market_item.xlsx|silk road 3.1|seller_raw:MisterMush,market_item.xlsx|silk road 3.1|seller_raw:mhippy,en_content_train_pool_cc_1768683a68decc19,0.863001704216,0.802350163460,0.986930131912,0.869308829308,0.982573986053,-0.066958665848,0.004356145859,0.000000000000,0.000000000000,2.197224577336,0.000000000000,1,0.339857651246,0.169928825623,1
market_item.xlsx|silk road 3.1|seller_raw:Money666||market_item.xlsx|silk road 3.1|seller_raw:Morianus,en_content_train_pool,en,train,market_item.xlsx|silk road 3.1|seller_raw:Money666,market_item.xlsx|silk road 3.1|seller_raw:Morianus,en_content_train_pool_cc_6748cf41df040d19,0.946646094322,0.901426613331,0.999131560326,0.853092312813,0.965934157372,0.048334300518,0.033197402954,0.128856624319,0.092546921567,4.317488113536,1.609437912434,1,0.242331288344,0.215993230379,1
market_item.xlsx|silk road 3.1|seller_raw:Mouncer96||market_item.xlsx|silk road 3.1|seller_raw:hamma1,en_content_train_pool,en,train,market_item.xlsx|silk road 3.1|seller_raw:Mouncer96,market_item.xlsx|silk road 3.1|seller_raw:hamma1,en_content_train_pool_cc_ff9f5cf891820cf7,0.858878254890,0.575236737728,0.549772024155,0.432020038366,0.969720721245,0.143216699362,-0.419948697090,0.000000000000,0.000000000000,1.098612288668,0.000000000000,1,0.000000000000,0.000000000000,1
market_item.xlsx|silk road 3.1|seller_raw:MriPad||market_item.xlsx|silk road 3.1|seller_raw:islands3,en_content_train_pool,en,train,market_item.xlsx|silk road 3.1|seller_raw:MriPad,market_item.xlsx|silk road 3.1|seller_raw:islands3,en_content_train_pool_cc_03fe5437501c5339,0.851655781269,0.779206275940,0.782239675522,0.834618330002,0.734290778637,-0.055412054062,0.047948896885,0.000000000000,0.000000000000,2.079441541680,0.000000000000,1,0.009762050031,0.004881025016,1
market_item.xlsx|silk road 3.1|seller_raw:Newworldorder||market_item.xlsx|silk road 3.1|seller_raw:hamma1,en_content_train_pool,en,train,market_item.xlsx|silk road 3.1|seller_raw:Newworldorder,market_item.xlsx|silk road 3.1|seller_raw:hamma1,en_content_train_pool_cc_ff9f5cf891820cf7,0.813195466995,0.538646042347,0.553559899330,0.392743110657,0.991791129112,0.145902931690,-0.438231229782,0.000000000000,0.000000000000,1.098612288668,0.000000000000,1,0.000000000000,0.000000000000,1
market_item.xlsx|silk road 3.1|seller_raw:Novaltis||market_item.xlsx|silk road 3.1|seller_raw:Prescriptpills,en_content_train_pool,en,train,market_item.xlsx|silk road 3.1|seller_raw:Novaltis,market_item.xlsx|silk road 3.1|seller_raw:Prescriptpills,en_content_train_pool_cc_d917ecb9aee189b7,0.944498062134,0.960711836815,0.998565733433,0.908424735069,0.997401475906,0.052287101746,0.001164257527,0.676963350785,0.480650350091,5.805134968916,3.044522437723,1,0.310240963855,0.231298492398,1
market_item.xlsx|silk road 3.1|seller_raw:OREIA||market_item.xlsx|silk road 3.1|seller_raw:oreiaa,en_content_train_pool,en,train,market_item.xlsx|silk road 3.1|seller_raw:OREIA,market_item.xlsx|silk road 3.1|seller_raw:oreiaa,en_content_train_pool_cc_40c4b70b40f589c5,0.969619691372,0.993289351463,0.998560190201,0.601056814194,0.792806982994,0.392232537269,0.205753207207,0.949584199584,0.949484302254,7.005789019254,1.791759469228,1,0.083447332421,0.072908697396,1
market_item.xlsx|silk road 3.1|seller_raw:PanZen||market_item.xlsx|silk road 3.1|seller_raw:tmntmfkr,en_content_train_pool,en,train,market_item.xlsx|silk road 3.1|seller_raw:PanZen,market_item.xlsx|silk road 3.1|seller_raw:tmntmfkr,en_content_train_pool_cc_a923326d81e614d9,0.855912685394,0.888628423214,0.922706961632,0.930562734604,0.998263359070,-0.041934311390,-0.075556397438,0.000000000000,0.000000000000,0.693147180560,0.000000000000,1,0.000000000000,0.000000000000,1
market_item.xlsx|silk road 3.1|seller_raw:Psilocybin195834||market_item.xlsx|silk road 3.1|seller_raw:sam220,en_content_train_pool,en,train,market_item.xlsx|silk road 3.1|seller_raw:Psilocybin195834,market_item.xlsx|silk road 3.1|seller_raw:sam220,en_content_train_pool_cc_0b9d1f6a9e25bde2,0.904645323753,0.870061993599,0.993281483650,0.860918641090,0.960349917412,0.009143352509,0.032931566238,0.000000000000,0.000000000000,2.397895272798,0.000000000000,1,0.257731958763,0.222527284963,1
market_item.xlsx|silk road 3.1|seller_raw:PulkaPula||market_item.xlsx|silk road 3.1|seller_raw:derwentstudents10,en_content_train_pool,en,train,market_item.xlsx|silk road 3.1|seller_raw:PulkaPula,market_item.xlsx|silk road 3.1|seller_raw:derwentstudents10,en_content_train_pool_cc_0b86dcfd44f0e45d,0.927423477173,0.904870390892,0.957552552223,0.869874954224,0.948446214199,0.034995436668,0.009106338024,0.304589707928,0.298294853964,4.248495242049,2.197224577336,1,0.033379694019,0.016689847009,1
market_item.xlsx|silk road 3.1|seller_raw:PulkaPula||market_item.xlsx|silk road 3.1|seller_raw:mrshah,en_content_train_pool,en,train,market_item.xlsx|silk road 3.1|seller_raw:PulkaPula,market_item.xlsx|silk road 3.1|seller_raw:mrshah,en_content_train_pool_cc_0b86dcfd44f0e45d,0.914864182472,0.946966409683,0.995706081390,0.774469137192,0.964372217655,0.172497272491,0.031333863735,0.547983310153,0.374864065109,4.897839799951,2.833213344056,1,0.057797164667,0.045588429343,1
market_item.xlsx|silk road 3.1|seller_raw:PulkaPula||market_item.xlsx|silk road 3.1|seller_raw:msritalina,en_content_train_pool,en,train,market_item.xlsx|silk road 3.1|seller_raw:PulkaPula,market_item.xlsx|silk road 3.1|seller_raw:msritalina,en_content_train_pool_cc_0b86dcfd44f0e45d,0.941755831242,0.772077083588,0.996435999870,0.742730259895,0.970807671547,0.029346823693,0.025628328323,0.301886792453,0.226395412916,2.890371757896,3.044522437723,1,0.033379694019,0.016689847009,1
market_item.xlsx|silk road 3.1|seller_raw:Randyk||market_item.xlsx|silk road 3.1|seller_raw:maxcell5555,en_content_train_pool,en,train,market_item.xlsx|silk road 3.1|seller_raw:Randyk,market_item.xlsx|silk road 3.1|seller_raw:maxcell5555,en_content_train_pool_cc_71b00b9e983f34b9,0.930100560188,0.973050117493,0.998423337936,0.930286884308,0.978788077831,0.042763233185,0.019635260105,0.539641278919,0.388548963159,6.463029456921,2.995732273554,1,0.406705202312,0.405068223719,1
market_item.xlsx|silk road 3.1|seller_raw:Rayvan33||market_item.xlsx|silk road 3.1|seller_raw:felay4242,en_content_train_pool,en,train,market_item.xlsx|silk road 3.1|seller_raw:Rayvan33,market_item.xlsx|silk road 3.1|seller_raw:felay4242,en_content_train_pool_cc_918ba9c4d7908c9e,0.945912361145,0.986979901791,0.987217307091,0.876326024532,0.968615293503,0.110653877259,0.018602013588,0.890061885693,0.813386835881,6.833031732786,3.871201010908,1,0.441208591190,0.358438564331,1
market_item.xlsx|silk road 3.1|seller_raw:Rickwoodopoids||market_item.xlsx|silk road 3.1|seller_raw:amadioha,en_content_train_pool,en,train,market_item.xlsx|silk road 3.1|seller_raw:Rickwoodopoids,market_item.xlsx|silk road 3.1|seller_raw:amadioha,en_content_train_pool_cc_1b90bb10f175f89f,0.931019902229,0.951297163963,0.998066186905,0.708130538464,0.974261641502,0.243166625499,0.023804545403,0.756250000000,0.658958106452,5.998936561947,3.401197381662,1,0.275892857143,0.214995162576,1
market_item.xlsx|silk road 3.1|seller_raw:Rickwoodopoids||market_item.xlsx|silk road 3.1|seller_raw:mcwilliams,en_content_train_pool,en,train,market_item.xlsx|silk road 3.1|seller_raw:Rickwoodopoids,market_item.xlsx|silk road 3.1|seller_raw:mcwilliams,en_content_train_pool_cc_1b90bb10f175f89f,0.919084548950,0.927692472935,0.994272589684,0.667291641235,0.971694767475,0.260400831700,0.022577822209,0.579505300353,0.573852840757,6.063785208688,3.401197381662,1,0.362190812721,0.258144140365,1
market_item.xlsx|silk road 3.1|seller_raw:SKuszHk||market_item.xlsx|silk road 3.1|seller_raw:fabian0150,en_content_train_pool,en,train,market_item.xlsx|silk road 3.1|seller_raw:SKuszHk,market_item.xlsx|silk road 3.1|seller_raw:fabian0150,en_content_train_pool_cc_79d1efcaa42e1cb7,0.892409682274,0.811738610268,0.994967222214,0.731678068638,0.973518967628,0.080060541630,0.021448254586,0.401773533424,0.353877564258,5.743003187809,1.945910149055,1,0.056748466258,0.040993605571,1
market_item.xlsx|silk road 3.1|seller_raw:SKuszHk||market_item.xlsx|silk road 3.1|seller_raw:imnicetoyou,en_content_train_pool,en,train,market_item.xlsx|silk road 3.1|seller_raw:SKuszHk,market_item.xlsx|silk road 3.1|seller_raw:imnicetoyou,en_content_train_pool_cc_79d1efcaa42e1cb7,0.890435278416,0.771398663521,0.979793012142,0.733794927597,0.989416480064,0.037603735924,-0.009623467922,0.450204638472,0.388275123769,5.921578419644,1.945910149055,1,0.105382436261,0.065310590572,1
market_item.xlsx|silk road 3.1|seller_raw:SNRS||market_item.xlsx|silk road 3.1|seller_raw:chihiro1,en_content_train_pool,en,train,market_item.xlsx|silk road 3.1|seller_raw:SNRS,market_item.xlsx|silk road 3.1|seller_raw:chihiro1,en_content_train_pool_cc_cbb1389d5a54d404,0.822823286057,0.783647716045,0.877379298210,0.818090796471,0.871065318584,-0.034443080426,0.006313979626,0.000000000000,0.000000000000,1.791759469228,0.000000000000,1,0.000000000000,0.000000000000,1
market_item.xlsx|silk road 3.1|seller_raw:SUPPERFLY||market_item.xlsx|vice city|seller_raw:Jackwilldogs,en_content_train_pool,en,train,market_item.xlsx|silk road 3.1|seller_raw:SUPPERFLY,market_item.xlsx|vice city|seller_raw:Jackwilldogs,en_content_train_pool_cc_be3053d8ec0dbcf4,0.947533965111,0.969104468822,0.998930096626,0.948800683022,0.975021302700,0.020303785800,0.023908793926,0.504007798960,0.411325290817,7.687538766202,4.094344562222,1,0.580372616984,0.549166499943,1
market_item.xlsx|silk road 3.1|seller_raw:Sfattinopuzzino94||market_item.xlsx|silk road 3.1|seller_raw:madrunn89,en_content_train_pool,en,train,market_item.xlsx|silk road 3.1|seller_raw:Sfattinopuzzino94,market_item.xlsx|silk road 3.1|seller_raw:madrunn89,en_content_train_pool_cc_efcb4ccbfcc24cf0,0.936545729637,0.917252302170,0.633569955826,0.917252302170,0.633569955826,0.000000000000,0.000000000000,0.857142857143,0.809821428571,3.218875824868,1.791759469228,0,0.000000000000,0.000000000000,1
market_item.xlsx|silk road 3.1|seller_raw:Sk8rkid779||market_item.xlsx|silk road 3.1|seller_raw:anonionmys6,en_content_train_pool,en,train,market_item.xlsx|silk road 3.1|seller_raw:Sk8rkid779,market_item.xlsx|silk road 3.1|seller_raw:anonionmys6,en_content_train_pool_cc_6f742fda955f861d,0.884600877762,0.877226591110,0.655447483063,0.834149897099,0.992570698261,0.043076694011,-0.337123215198,0.000000000000,0.000000000000,1.098612288668,0.000000000000,1,0.280898876404,0.140449438202,1
market_item.xlsx|silk road 3.1|seller_raw:Sk8rkid779||market_item.xlsx|silk road 3.1|seller_raw:karmic01110,en_content_train_pool,en,train,market_item.xlsx|silk road 3.1|seller_raw:Sk8rkid779,market_item.xlsx|silk road 3.1|seller_raw:karmic01110,en_content_train_pool_cc_6f742fda955f861d,0.872497797012,0.887069582939,0.744985103607,0.786223948002,0.999087929726,0.100845634937,-0.254102826119,0.000000000000,0.000000000000,0.693147180560,0.000000000000,1,0.366197183099,0.183098591550,1
market_item.xlsx|silk road 3.1|seller_raw:Smokieevil1||market_item.xlsx|silk road 3.1|seller_raw:mid,en_content_train_pool,en,train,market_item.xlsx|silk road 3.1|seller_raw:Smokieevil1,market_item.xlsx|silk road 3.1|seller_raw:mid,en_content_train_pool_cc_6c325d934533a228,0.851858496666,0.632667779922,0.570927023888,0.788885951042,0.833831608295,-0.156218171120,-0.262904584407,0.000000000000,0.000000000000,0.000000000000,0.000000000000,1,0.308641975309,0.223941240819,1
market_item.xlsx|silk road 3.1|seller_raw:Spartan666||market_item.xlsx|silk road 3.1|seller_raw:lefou34,en_content_train_pool,en,train,market_item.xlsx|silk road 3.1|seller_raw:Spartan666,market_item.xlsx|silk road 3.1|seller_raw:lefou34,en_content_train_pool_cc_b9b37776114dd20b,0.809809327126,0.548265635967,0.728089928627,0.498068451881,0.692496180534,0.050197184086,0.035593748093,0.000000000000,0.000000000000,1.945910149055,0.000000000000,1,0.046258503401,0.023129251701,1
market_item.xlsx|silk road 3.1|seller_raw:Stokiebuyer||market_item.xlsx|silk road 3.1|seller_raw:stokeontrent,en_content_train_pool,en,train,market_item.xlsx|silk road 3.1|seller_raw:Stokiebuyer,market_item.xlsx|silk road 3.1|seller_raw:stokeontrent,en_content_train_pool_cc_800bbac0a1f7b424,0.916646778584,0.875753700733,0.996016085148,0.942007184029,0.993266284466,-0.066253483296,0.002749800682,0.738314509123,0.618451893820,7.268920128194,4.077537443906,1,0.269678540400,0.255204042469,1
market_item.xlsx|silk road 3.1|seller_raw:Stoney14||market_item.xlsx|silk road 3.1|seller_raw:TheBitcoinExchange,en_content_train_pool,en,train,market_item.xlsx|silk road 3.1|seller_raw:Stoney14,market_item.xlsx|silk road 3.1|seller_raw:TheBitcoinExchange,en_content_train_pool_cc_603e7765283cf6d9,0.814511537552,0.860442638397,0.441200017929,0.873300194740,0.712326765060,-0.012857556343,-0.271126747131,0.000000000000,0.000000000000,0.000000000000,0.000000000000,1,0.423728813559,0.285673930589,0
market_item.xlsx|silk road 3.1|seller_raw:Stoney14||market_item.xlsx|silk road 3.1|seller_raw:crystalclear59,en_content_train_pool,en,train,market_item.xlsx|silk road 3.1|seller_raw:Stoney14,market_item.xlsx|silk road 3.1|seller_raw:crystalclear59,en_content_train_pool_cc_603e7765283cf6d9,0.902871787548,0.891267359257,0.377686202526,0.906649351120,0.994148135185,-0.015381991863,-0.616461932659,0.000000000000,0.000000000000,0.000000000000,0.000000000000,1,0.423728813559,0.211864406779,0
market_item.xlsx|silk road 3.1|seller_raw:Stoney14||market_item.xlsx|silk road 3.1|seller_raw:guybrush,en_content_train_pool,en,train,market_item.xlsx|silk road 3.1|seller_raw:Stoney14,market_item.xlsx|silk road 3.1|seller_raw:guybrush,en_content_train_pool_cc_603e7765283cf6d9,0.846037685871,0.862407386303,0.635987818241,0.909360647202,0.972515940666,-0.046953260899,-0.336528122425,0.000000000000,0.000000000000,0.000000000000,0.000000000000,1,0.423728813559,0.211864406779,0
market_item.xlsx|silk road 3.1|seller_raw:SubsOnly||market_item.xlsx|silk road 3.1|seller_raw:thedevilsadvocate,en_content_train_pool,en,train,market_item.xlsx|silk road 3.1|seller_raw:SubsOnly,market_item.xlsx|silk road 3.1|seller_raw:thedevilsadvocate,en_content_train_pool_cc_8b9d383fca737d02,0.887867212296,0.818137049675,0.960243046284,0.841624677181,0.833963036537,-0.023487627506,0.126280009747,0.000000000000,0.000000000000,1.791759469228,0.000000000000,1,0.205665024631,0.102832512316,1
market_item.xlsx|silk road 3.1|seller_raw:SubsOnly||market_item.xlsx|silk road 3.1|seller_raw:williethepimp,en_content_train_pool,en,train,market_item.xlsx|silk road 3.1|seller_raw:SubsOnly,market_item.xlsx|silk road 3.1|seller_raw:williethepimp,en_content_train_pool_cc_8b9d383fca737d02,0.930727720261,0.895494639874,0.914567232132,0.844268918037,0.998926162720,0.051225721837,-0.084358930588,0.000000000000,0.000000000000,1.945910149055,0.000000000000,1,0.273684210526,0.136842105263,1
market_item.xlsx|silk road 3.1|seller_raw:SubsOnly||market_item.xlsx|silk road 3.1|seller_raw:wood923,en_content_train_pool,en,train,market_item.xlsx|silk road 3.1|seller_raw:SubsOnly,market_item.xlsx|silk road 3.1|seller_raw:wood923,en_content_train_pool_cc_8b9d383fca737d02,0.867812037468,0.518844366074,0.592885792255,0.529764175415,0.992025554180,-0.010919809341,-0.399139761925,0.218309859155,0.109154929577,1.791759469228,0.693147180560,1,0.000000000000,0.000000000000,1
market_item.xlsx|silk road 3.1|seller_raw:TeamAdyy||market_item.xlsx|silk road 3.1|seller_raw:TeamOfFreedom,en_content_train_pool,en,train,market_item.xlsx|silk road 3.1|seller_raw:TeamAdyy,market_item.xlsx|silk road 3.1|seller_raw:TeamOfFreedom,en_content_train_pool_cc_2d8af0676d5f4809,0.916772723198,0.977409720421,0.984717011452,0.959971427917,0.984894871712,0.017438292504,-0.000177860260,0.371921182266,0.297110416917,5.680172609017,2.197224577336,1,0.162561576355,0.145392286436,1
market_item.xlsx|silk road 3.1|seller_raw:TeamOfFreedom||market_item.xlsx|silk road 3.1|seller_raw:addyforlife,en_content_train_pool,en,train,market_item.xlsx|silk road 3.1|seller_raw:TeamOfFreedom,market_item.xlsx|silk road 3.1|seller_raw:addyforlife,en_content_train_pool_cc_2d8af0676d5f4809,0.915679514408,0.979156315327,0.985603094101,0.976225376129,0.990102410316,0.002930939198,-0.004499316215,0.371921182266,0.329395842932,5.680172609017,2.197224577336,1,0.162561576355,0.111406687458,1
market_item.xlsx|silk road 3.1|seller_raw:TeslaTradings||market_item.xlsx|silk road 3.1|seller_raw:TransferMafia,en_content_train_pool,en,train,market_item.xlsx|silk road 3.1|seller_raw:TeslaTradings,market_item.xlsx|silk road 3.1|seller_raw:TransferMafia,en_content_train_pool_cc_b43ceb6022cfe2c0,0.920179367065,0.837274074554,0.999338865280,0.890599608421,0.945738792419,-0.053325533867,0.053600072861,0.444473546359,0.374927030087,6.728628613085,3.828641396489,1,0.199057097957,0.151515945973,1
market_item.xlsx|silk road 3.1|seller_raw:TeslaTradings||market_item.xlsx|silk road 3.1|seller_raw:drafter127,en_content_train_pool,en,train,market_item.xlsx|silk road 3.1|seller_raw:TeslaTradings,market_item.xlsx|silk road 3.1|seller_raw:drafter127,en_content_train_pool_cc_b43ceb6022cfe2c0,0.928421497345,0.880027294159,0.998543083668,0.906772255898,0.957289516926,-0.026744961739,0.041253566742,0.197278911565,0.162018030673,5.840641657373,2.708050201102,1,0.122048819528,0.113011806759,1
market_item.xlsx|silk road 3.1|seller_raw:TheBitcoinExchange||market_item.xlsx|silk road 3.1|seller_raw:crystalclear59,en_content_train_pool,en,train,market_item.xlsx|silk road 3.1|seller_raw:TheBitcoinExchange,market_item.xlsx|silk road 3.1|seller_raw:crystalclear59,en_content_train_pool_cc_603e7765283cf6d9,0.817854404449,0.851707994938,0.985371053219,0.913718998432,0.766254305840,-0.062011003494,0.219116747379,0.000000000000,0.000000000000,1.609437912434,0.000000000000,1,0.147619047619,0.073809523809,1
market_item.xlsx|silk road 3.1|seller_raw:TopCrop||market_item.xlsx|silk road 3.1|seller_raw:northsidedom,en_content_train_pool,en,train,market_item.xlsx|silk road 3.1|seller_raw:TopCrop,market_item.xlsx|silk road 3.1|seller_raw:northsidedom,en_content_train_pool_cc_12a98330b4778f19,0.856622457504,0.755953192711,0.698252320290,0.901638805866,0.995409369469,-0.145685613155,-0.297157049179,0.000000000000,0.000000000000,1.098612288668,0.000000000000,1,0.199438202247,0.099719101124,1
market_item.xlsx|silk road 3.1|seller_raw:Toshiba12||market_item.xlsx|silk road 3.1|seller_raw:dipset4life,en_content_train_pool,en,train,market_item.xlsx|silk road 3.1|seller_raw:Toshiba12,market_item.xlsx|silk road 3.1|seller_raw:dipset4life,en_content_train_pool_cc_a41b332561fbad2e,0.872876644135,0.874675273895,0.986230671406,0.697402060032,0.875918030739,0.177273213863,0.110312640667,0.310226492793,0.237036961156,5.123963979403,2.564949357462,1,0.026202321725,0.013101160863,1
market_item.xlsx|silk road 3.1|seller_raw:Toshiba99||market_item.xlsx|silk road 3.1|seller_raw:dipset4life,en_content_train_pool,en,train,market_item.xlsx|silk road 3.1|seller_raw:Toshiba99,market_item.xlsx|silk road 3.1|seller_raw:dipset4life,en_content_train_pool_cc_a41b332561fbad2e,0.915502429008,0.839444875717,0.994869232178,0.523381948471,0.985637724400,0.316062927246,0.009231507778,0.642553191489,0.492862045299,5.513428746165,2.564949357462,1,0.000000000000,0.000000000000,1
market_item.xlsx|silk road 3.1|seller_raw:Vend1ngMach1ne||market_item.xlsx|silk road 3.1|seller_raw:VendingMach1n3,en_content_train_pool,en,train,market_item.xlsx|silk road 3.1|seller_raw:Vend1ngMach1ne,market_item.xlsx|silk road 3.1|seller_raw:VendingMach1n3,en_content_train_pool_cc_39ed069e438be766,0.990104675293,0.987252295017,0.998463571072,0.783643245697,0.988776147366,0.203609049320,0.009687423706,0.949502677888,0.891530770609,6.495265555937,2.302585092994,1,0.089986468200,0.078658115508,1
market_item.xlsx|silk road 3.1|seller_raw:ViceStoreNL||market_item.xlsx|silk road 3.1|seller_raw:however,en_content_train_pool,en,train,market_item.xlsx|silk road 3.1|seller_raw:ViceStoreNL,market_item.xlsx|silk road 3.1|seller_raw:however,en_content_train_pool_cc_ebbaa123eebf6ca0,0.986953377724,0.880141973495,0.461436569691,0.880141973495,0.461436569691,0.000000000000,0.000000000000,0.869565217391,0.434782608696,1.386294361120,0.693147180560,0,0.775000000000,0.387500000000,0
market_item.xlsx|silk road 3.1|seller_raw:VladimirzSK||market_item.xlsx|silk road 3.1|seller_raw:savemoney,en_content_train_pool,en,train,market_item.xlsx|silk road 3.1|seller_raw:VladimirzSK,market_item.xlsx|silk road 3.1|seller_raw:savemoney,en_content_train_pool_cc_733dc681b2500563,0.931503653526,0.900908887386,0.991525888443,0.870990753174,0.961182415485,0.029918134212,0.030343472958,0.362050163577,0.341609023394,5.424950017481,2.079441541680,1,0.271537622683,0.197812606962,1
market_item.xlsx|silk road 3.1|seller_raw:WeedStore||market_item.xlsx|silk road 3.1|seller_raw:ronster6669,en_content_train_pool,en,train,market_item.xlsx|silk road 3.1|seller_raw:WeedStore,market_item.xlsx|silk road 3.1|seller_raw:ronster6669,en_content_train_pool_cc_d853fa84c52e7d7d,0.850886702538,0.692758679390,0.990870475769,0.587384760380,0.842666864395,0.105373919010,0.148203611374,0.000000000000,0.000000000000,1.791759469228,0.000000000000,1,0.000000000000,0.000000000000,1
market_item.xlsx|silk road 3.1|seller_raw:Weedaddy||market_item.xlsx|silk road 3.1|seller_raw:billaros2,en_content_train_pool,en,train,market_item.xlsx|silk road 3.1|seller_raw:Weedaddy,market_item.xlsx|silk road 3.1|seller_raw:billaros2,en_content_train_pool_cc_5fae4114f843b085,0.906071066856,0.912582039833,0.998181760311,0.849472880363,0.969520628452,0.063109159470,0.028661131859,0.346648793566,0.288589773767,6.753437918598,3.784189633918,1,0.065147453083,0.042494361462,1
market_item.xlsx|silk road 3.1|seller_raw:Weedaddy||market_item.xlsx|silk road 3.1|seller_raw:clest,en_content_train_pool,en,train,market_item.xlsx|silk road 3.1|seller_raw:Weedaddy,market_item.xlsx|silk road 3.1|seller_raw:clest,en_content_train_pool_cc_5fae4114f843b085,0.878296613693,0.838826715946,0.997607231140,0.782318830490,0.984529256821,0.056507885456,0.013077974319,0.494929006085,0.402625360951,6.513230110912,3.135494215929,1,0.089925625423,0.077536539253,1
market_item.xlsx|silk road 3.1|seller_raw:Weedaddy||market_item.xlsx|silk road 3.1|seller_raw:vanish,en_content_train_pool,en,train,market_item.xlsx|silk road 3.1|seller_raw:Weedaddy,market_item.xlsx|silk road 3.1|seller_raw:vanish,en_content_train_pool_cc_5fae4114f843b085,0.910940468311,0.842486977577,0.998134732246,0.830461382866,0.988660693169,0.012025594711,0.009474039077,0.348793565684,0.279722791918,6.536691597591,3.891820298111,1,0.065147453083,0.035917409370,1
market_item.xlsx|silk road 3.1|seller_raw:Weedangel1||market_item.xlsx|silk road 3.1|seller_raw:luckyweed,en_content_train_pool,en,train,market_item.xlsx|silk road 3.1|seller_raw:Weedangel1,market_item.xlsx|silk road 3.1|seller_raw:luckyweed,en_content_train_pool_cc_6e099fc30f4714ef,0.836546242237,0.767561078072,0.565367639065,0.819985985756,0.630772829056,-0.052424907684,-0.065405189991,0.000000000000,0.000000000000,0.000000000000,0.000000000000,1,0.510204081633,0.255102040817,0
market_item.xlsx|silk road 3.1|seller_raw:Weedangel1||market_item.xlsx|silk road 3.1|seller_raw:proxima,en_content_train_pool,en,train,market_item.xlsx|silk road 3.1|seller_raw:Weedangel1,market_item.xlsx|silk road 3.1|seller_raw:proxima,en_content_train_pool_cc_6e099fc30f4714ef,0.946330010891,0.886844873428,0.945206522942,0.871886372566,0.966868340969,0.014958500862,-0.021661818027,0.148351648352,0.110634157509,2.890371757896,1.098612288668,1,0.000000000000,0.000000000000,1
market_item.xlsx|silk road 3.1|seller_raw:WillyWonka1||market_item.xlsx|silk road 3.1|seller_raw:prettyshemale,en_content_train_pool,en,train,market_item.xlsx|silk road 3.1|seller_raw:WillyWonka1,market_item.xlsx|silk road 3.1|seller_raw:prettyshemale,en_content_train_pool_cc_938d39e94dbd4793,0.961867153645,0.776613533497,0.818080961704,0.782478868961,0.999932587147,-0.005865335464,-0.181851625443,0.000000000000,0.000000000000,2.639057329615,0.000000000000,1,0.000000000000,0.000000000000,1
market_item.xlsx|silk road 3.1|seller_raw:apimpim||market_item.xlsx|silk road 3.1|seller_raw:mayor6767,en_content_train_pool,en,train,market_item.xlsx|silk road 3.1|seller_raw:apimpim,market_item.xlsx|silk road 3.1|seller_raw:mayor6767,en_content_train_pool_cc_a55348d580df392d,0.913681983948,0.971650063992,0.998023808002,0.953996539116,0.994464635849,0.017653524876,0.003559172153,0.662165740005,0.526782738366,6.388561405546,2.995732273554,1,0.518577354161,0.517296575281,1
market_item.xlsx|silk road 3.1|seller_raw:aresares||market_item.xlsx|silk road 3.1|seller_raw:someguy9000,en_content_train_pool,en,train,market_item.xlsx|silk road 3.1|seller_raw:aresares,market_item.xlsx|silk road 3.1|seller_raw:someguy9000,en_content_train_pool_cc_425ffda4d5ec1249,0.881673097610,0.888117671013,0.857873141766,0.900844693184,0.767866432667,-0.012727022171,0.090006709099,0.193370165746,0.096685082873,2.708050201102,1.098612288668,1,0.524861878453,0.323430939227,1
market_item.xlsx|silk road 3.1|seller_raw:argus2027||market_item.xlsx|silk road 3.1|seller_raw:blopman,en_content_train_pool,en,train,market_item.xlsx|silk road 3.1|seller_raw:argus2027,market_item.xlsx|silk road 3.1|seller_raw:blopman,en_content_train_pool_cc_5b71ca3aba5827e8,0.913906991482,0.868235409260,0.990004420280,0.958617746830,0.845051765442,-0.090382337570,0.144952654838,0.000000000000,0.000000000000,1.386294361120,0.000000000000,1,0.316455696203,0.158227848102,1
market_item.xlsx|silk road 3.1|seller_raw:awalp||market_item.xlsx|silk road 3.1|seller_raw:etizolam80,en_content_train_pool,en,train,market_item.xlsx|silk road 3.1|seller_raw:awalp,market_item.xlsx|silk road 3.1|seller_raw:etizolam80,en_content_train_pool_cc_dd31ea013932fc74,0.873405337334,0.870223522186,0.999316215515,0.886594176292,0.915771961212,-0.016370654106,0.083544254303,0.098305084746,0.049152542373,2.564949357462,1.098612288668,1,0.088135593220,0.062559972997,1
market_item.xlsx|silk road 3.1|seller_raw:bagtape||market_item.xlsx|silk road 3.1|seller_raw:crystalclear59,en_content_train_pool,en,train,market_item.xlsx|silk road 3.1|seller_raw:bagtape,market_item.xlsx|silk road 3.1|seller_raw:crystalclear59,en_content_train_pool_cc_603e7765283cf6d9,0.845018744469,0.864471435547,0.905578494072,0.916358172894,0.756860971451,-0.051886737347,0.148717522621,0.000000000000,0.000000000000,0.000000000000,0.000000000000,1,0.000000000000,0.000000000000,1
market_item.xlsx|silk road 3.1|seller_raw:benfica||market_item.xlsx|silk road 3.1|seller_raw:luckyweed,en_content_train_pool,en,train,market_item.xlsx|silk road 3.1|seller_raw:benfica,market_item.xlsx|silk road 3.1|seller_raw:luckyweed,en_content_train_pool_cc_6e099fc30f4714ef,0.843238830566,0.717618584633,0.529889702797,0.717618584633,0.529889702797,0.000000000000,0.000000000000,0.510204081633,0.275427244068,2.708050201102,1.098612288668,0,0.510204081633,0.274614235938,0
market_item.xlsx|silk road 3.1|seller_raw:bityz||market_item.xlsx|silk road 3.1|seller_raw:kelux,en_content_train_pool,en,train,market_item.xlsx|silk road 3.1|seller_raw:bityz,market_item.xlsx|silk road 3.1|seller_raw:kelux,en_content_train_pool_cc_ee414c381ad3cd82,0.873508155346,0.711506068707,0.914088606834,0.510300099850,0.830442667007,0.201205968857,0.083645939827,0.000000000000,0.000000000000,0.000000000000,0.000000000000,1,0.102362204724,0.051181102362,1
market_item.xlsx|silk road 3.1|seller_raw:blackgoods||market_item.xlsx|silk road 3.1|seller_raw:kingofcounterfeits,en_content_train_pool,en,train,market_item.xlsx|silk road 3.1|seller_raw:blackgoods,market_item.xlsx|silk road 3.1|seller_raw:kingofcounterfeits,en_content_train_pool_cc_86bf6b06e8c7733a,0.906848549843,0.671997189522,0.984679222107,0.663509130478,0.955030798912,0.008488059044,0.029648423195,0.309071729958,0.280229025792,4.804021044733,1.609437912434,1,0.329944547135,0.164972273567,1
market_item.xlsx|silk road 3.1|seller_raw:blackgoods||market_item.xlsx|silk road 3.1|seller_raw:premium,en_content_train_pool,en,train,market_item.xlsx|silk road 3.1|seller_raw:blackgoods,market_item.xlsx|silk road 3.1|seller_raw:premium,en_content_train_pool_cc_86bf6b06e8c7733a,0.915727019310,0.770672917366,0.986807703972,0.769368767738,0.995394468307,0.001304149628,-0.008586764335,0.602818705958,0.528303992535,5.099866427824,3.332204510175,1,0.329944547135,0.231596232568,1
market_item.xlsx|silk road 3.1|seller_raw:blackhawk27||market_item.xlsx|silk road 3.1|seller_raw:thehouseonthetree,en_content_train_pool,en,train,market_item.xlsx|silk road 3.1|seller_raw:blackhawk27,market_item.xlsx|silk road 3.1|seller_raw:thehouseonthetree,en_content_train_pool_cc_ebe68822f57bbc9b,0.935607016087,0.971476197243,0.984292864799,0.922840535641,0.999720811844,0.048635661602,-0.015427947045,0.217618002195,0.209739233656,5.337538079701,3.988984046564,1,0.103340380550,0.100792034403,1
market_item.xlsx|silk road 3.1|seller_raw:brownsugar||market_item.xlsx|silk road 3.1|seller_raw:uomochupito,en_content_train_pool,en,train,market_item.xlsx|silk road 3.1|seller_raw:brownsugar,market_item.xlsx|silk road 3.1|seller_raw:uomochupito,en_content_train_pool_cc_250da590fb7fc568,0.870390892029,0.809215545654,0.877602994442,0.809215545654,0.877602994442,0.000000000000,0.000000000000,0.948000000000,0.623196366177,4.510859506517,2.639057329615,0,0.392000000000,0.279158630329,1
market_item.xlsx|silk road 3.1|seller_raw:buyeurfr||market_item.xlsx|silk road 3.1|seller_raw:metallica999,en_content_train_pool,en,train,market_item.xlsx|silk road 3.1|seller_raw:buyeurfr,market_item.xlsx|silk road 3.1|seller_raw:metallica999,en_content_train_pool_cc_a3bf4cf2e9680685,0.893579840660,0.747533202171,0.729594230652,0.889537811279,0.998265266418,-0.142004609108,-0.268671035766,0.266187050360,0.133093525180,2.197224577336,0.693147180560,1,0.395683453237,0.338291164821,1
market_item.xlsx|silk road 3.1|seller_raw:candirose||market_item.xlsx|silk road 3.1|seller_raw:libertasgoods2,en_content_train_pool,en,train,market_item.xlsx|silk road 3.1|seller_raw:candirose,market_item.xlsx|silk road 3.1|seller_raw:libertasgoods2,en_content_train_pool_cc_0682d57ea01d5b89,0.904169678688,0.891887366772,0.400436609983,0.939493298531,0.987182438374,-0.047605931759,-0.586745828391,0.000000000000,0.000000000000,0.000000000000,0.000000000000,1,0.319095477387,0.159547738694,1
market_item.xlsx|silk road 3.1|seller_raw:castorpol||market_item.xlsx|silk road 3.1|seller_raw:holandskunk,en_content_train_pool,en,train,market_item.xlsx|silk road 3.1|seller_raw:castorpol,market_item.xlsx|silk road 3.1|seller_raw:holandskunk,en_content_train_pool_cc_f0a70ac3b58235f6,0.865158438683,0.959810316563,0.962036192417,0.860290825367,0.767954170704,0.099519491196,0.194082021713,0.878504672897,0.577443291222,5.513428746165,2.564949357462,1,0.087227414330,0.079292099125,1
market_item.xlsx|silk road 3.1|seller_raw:cheapconnect||market_item.xlsx|silk road 3.1|seller_raw:darkwebpartners,en_content_train_pool,en,train,market_item.xlsx|silk road 3.1|seller_raw:cheapconnect,market_item.xlsx|silk road 3.1|seller_raw:darkwebpartners,en_content_train_pool_cc_abe3fee03c7eef87,0.894538998604,0.929400444031,0.999529600143,0.919787466526,0.989316999912,0.009612977505,0.010212600231,0.040056219255,0.027014137572,3.737669618283,1.386294361120,1,0.386507378777,0.302784627513,1
market_item.xlsx|silk road 3.1|seller_raw:chems2you||market_item.xlsx|silk road 3.1|seller_raw:yellowcasecoka,en_content_train_pool,en,train,market_item.xlsx|silk road 3.1|seller_raw:chems2you,market_item.xlsx|silk road 3.1|seller_raw:yellowcasecoka,en_content_train_pool_cc_328bb076b265863c,0.883410513401,0.799532532692,0.983921706676,0.826138734818,0.998669505119,-0.026606202126,-0.014747798443,0.000000000000,0.000000000000,2.197224577336,0.000000000000,1,0.214285714286,0.107142857143,1
market_item.xlsx|silk road 3.1|seller_raw:clest||market_item.xlsx|silk road 3.1|seller_raw:vanish,en_content_train_pool,en,train,market_item.xlsx|silk road 3.1|seller_raw:clest,market_item.xlsx|silk road 3.1|seller_raw:vanish,en_content_train_pool_cc_5fae4114f843b085,0.856265366077,0.844493985176,0.996896147728,0.776374697685,0.995570778847,0.068119287491,0.001325368881,0.466531440162,0.320858268445,6.442540166468,2.484906649788,1,0.089925625423,0.048306495540,1
market_item.xlsx|silk road 3.1|seller_raw:danielmonrow||market_item.xlsx|silk road 3.1|seller_raw:lawallebron33,en_content_train_pool,en,train,market_item.xlsx|silk road 3.1|seller_raw:danielmonrow,market_item.xlsx|silk road 3.1|seller_raw:lawallebron33,en_content_train_pool_cc_8a80c5331102c1e8,0.949003338814,0.933504164219,0.997448682785,0.917390823364,0.979389429092,0.016113340855,0.018059253693,0.094411515665,0.082457282223,4.532599493153,2.564949357462,1,0.113185975610,0.107185705840,1
market_item.xlsx|silk road 3.1|seller_raw:darksecrets||market_item.xlsx|silk road 3.1|seller_raw:ebook4u,en_content_train_pool,en,train,market_item.xlsx|silk road 3.1|seller_raw:darksecrets,market_item.xlsx|silk road 3.1|seller_raw:ebook4u,en_content_train_pool_cc_66c9c5db49fa0343,0.938497602940,0.947760939598,0.995306313038,0.929542779922,0.965133726597,0.018218159676,0.030172586441,0.148387096774,0.127663400492,3.663561646130,1.609437912434,1,0.116040955631,0.058020477816,1
market_item.xlsx|silk road 3.1|seller_raw:davidwolf||market_item.xlsx|silk road 3.1|seller_raw:joanguy,en_content_train_pool,en,train,market_item.xlsx|silk road 3.1|seller_raw:davidwolf,market_item.xlsx|silk road 3.1|seller_raw:joanguy,en_content_train_pool_cc_75674f6a81252dfd,0.906711876392,0.624707460403,0.778989970684,0.754788458347,0.781916618347,-0.130080997944,-0.002926647663,0.000000000000,0.000000000000,0.000000000000,0.000000000000,1,0.000000000000,0.000000000000,1
market_item.xlsx|silk road 3.1|seller_raw:dbag418||market_item.xlsx|silk road 3.1|seller_raw:mescalito,en_content_train_pool,en,train,market_item.xlsx|silk road 3.1|seller_raw:dbag418,market_item.xlsx|silk road 3.1|seller_raw:mescalito,en_content_train_pool_cc_07e6f27e316ae9d6,0.879219889641,0.883376955986,0.895305097103,0.844305992126,0.887666404247,0.039070963860,0.007638692856,0.000000000000,0.000000000000,2.197224577336,0.000000000000,1,0.000000000000,0.000000000000,1
market_item.xlsx|silk road 3.1|seller_raw:deathangel001||market_item.xlsx|silk road 3.1|seller_raw:elmaestro07,en_content_train_pool,en,train,market_item.xlsx|silk road 3.1|seller_raw:deathangel001,market_item.xlsx|silk road 3.1|seller_raw:elmaestro07,en_content_train_pool_cc_b6f4da8592954287,0.870656013489,0.844346284866,0.988753318787,0.822251558304,0.736935794353,0.022094726562,0.251817524434,0.347368421053,0.209888954596,3.332204510175,1.609437912434,1,0.326315789474,0.263033050792,1
market_item.xlsx|silk road 3.1|seller_raw:derwentstudents10||market_item.xlsx|silk road 3.1|seller_raw:johntrainor554,en_content_train_pool,en,train,market_item.xlsx|silk road 3.1|seller_raw:derwentstudents10,market_item.xlsx|silk road 3.1|seller_raw:johntrainor554,en_content_train_pool_cc_0b86dcfd44f0e45d,0.969681739807,0.910723924637,0.982321441174,0.934132575989,0.842723846436,-0.023408651352,0.139597594738,0.000000000000,0.000000000000,2.833213344056,0.000000000000,1,0.000000000000,0.000000000000,1
market_item.xlsx|silk road 3.1|seller_raw:derwentstudents10||market_item.xlsx|silk road 3.1|seller_raw:mrshah,en_content_train_pool,en,train,market_item.xlsx|silk road 3.1|seller_raw:derwentstudents10,market_item.xlsx|silk road 3.1|seller_raw:mrshah,en_content_train_pool_cc_0b86dcfd44f0e45d,0.878897964954,0.896598219872,0.932753205299,0.892484307289,0.956027150154,0.004113912583,-0.023273944855,0.352000000000,0.233933478735,4.477336814478,2.079441541680,1,0.057797164667,0.028898582334,1
market_item.xlsx|silk road 3.1|seller_raw:dunderchief||market_item.xlsx|silk road 3.1|seller_raw:wood923,en_content_train_pool,en,train,market_item.xlsx|silk road 3.1|seller_raw:dunderchief,market_item.xlsx|silk road 3.1|seller_raw:wood923,en_content_train_pool_cc_8b9d383fca737d02,0.897925972939,0.416922807693,0.576781094074,0.405404627323,0.996946334839,0.011518180370,-0.420165240765,0.000000000000,0.000000000000,2.484906649788,0.000000000000,1,0.000000000000,0.000000000000,1
market_item.xlsx|silk road 3.1|seller_raw:ecstasy201593||market_item.xlsx|silk road 3.1|seller_raw:matt1493,en_content_train_pool,en,train,market_item.xlsx|silk road 3.1|seller_raw:ecstasy201593,market_item.xlsx|silk road 3.1|seller_raw:matt1493,en_content_train_pool_cc_44d8cd820d27b570,0.894253671169,0.909044325352,0.914810895920,0.847902536392,0.825643360615,0.061141788960,0.089167535305,0.726638772664,0.593699479304,5.476463551932,3.713572066704,1,0.241283124128,0.210879461982,1
market_item.xlsx|silk road 3.1|seller_raw:fireball||market_item.xlsx|silk road 3.1|seller_raw:firefighter,en_content_train_pool,en,train,market_item.xlsx|silk road 3.1|seller_raw:fireball,market_item.xlsx|silk road 3.1|seller_raw:firefighter,en_content_train_pool_cc_520102b30e185fbe,0.961924850941,0.988258600235,0.998034298420,0.965031564236,0.968344926834,0.023227035999,0.029689371586,0.551812366738,0.496671445622,6.253828811575,4.219507705176,1,0.407462686567,0.345390844573,1
market_item.xlsx|silk road 3.1|seller_raw:goblinking0000||market_item.xlsx|silk road 3.1|seller_raw:hidemyass7000,en_content_train_pool,en,train,market_item.xlsx|silk road 3.1|seller_raw:goblinking0000,market_item.xlsx|silk road 3.1|seller_raw:hidemyass7000,en_content_train_pool_cc_c2271e2395584759,0.889072954655,0.877397954464,0.996709346771,0.840809285641,0.981500983238,0.036588668823,0.015208363533,0.110073710074,0.082414690988,3.663561646130,2.708050201102,1,0.172120418848,0.148713772078,1
market_item.xlsx|silk road 3.1|seller_raw:hamma1||market_item.xlsx|silk road 3.1|seller_raw:hi5,en_content_train_pool,en,train,market_item.xlsx|silk road 3.1|seller_raw:hamma1,market_item.xlsx|silk road 3.1|seller_raw:hi5,en_content_train_pool_cc_ff9f5cf891820cf7,0.825445950031,0.599429309368,0.650238692760,0.388901263475,0.992019772530,0.210528045893,-0.341781079770,0.000000000000,0.000000000000,0.000000000000,0.000000000000,1,0.861111111111,0.430555555556,0
market_item.xlsx|silk road 3.1|seller_raw:honor||market_item.xlsx|silk road 3.1|seller_raw:joanguy,en_content_train_pool,en,train,market_item.xlsx|silk road 3.1|seller_raw:honor,market_item.xlsx|silk road 3.1|seller_raw:joanguy,en_content_train_pool_cc_75674f6a81252dfd,0.938868641853,0.825713574886,0.998695015907,0.840694308281,0.978328287601,-0.014980733395,0.020366728306,0.000000000000,0.000000000000,1.945910149055,0.000000000000,1,0.179012345679,0.089506172840,1
market_item.xlsx|silk road 3.1|seller_raw:islands3||market_item.xlsx|silk road 3.1|seller_raw:krikrikri,en_content_train_pool,en,train,market_item.xlsx|silk road 3.1|seller_raw:islands3,market_item.xlsx|silk road 3.1|seller_raw:krikrikri,en_content_train_pool_cc_03fe5437501c5339,0.860242128372,0.853123068810,0.291817724705,0.878898799419,0.993813276291,-0.025775730609,-0.701995551586,0.000000000000,0.000000000000,0.000000000000,0.000000000000,1,0.000000000000,0.000000000000,1
market_item.xlsx|silk road 3.1|seller_raw:jack1111||market_item.xlsx|silk road 3.1|seller_raw:peoplesdrughouse,en_content_train_pool,en,train,market_item.xlsx|silk road 3.1|seller_raw:jack1111,market_item.xlsx|silk road 3.1|seller_raw:peoplesdrughouse,en_content_train_pool_cc_e22a40420233f95f,0.926982223988,0.968477010727,0.998626351357,0.883545458317,0.995271801949,0.084931552410,0.003354549408,0.333579335793,0.321817600858,5.476463551932,1.609437912434,1,0.693435754190,0.662954039456,1
market_item.xlsx|silk road 3.1|seller_raw:jackie2017||market_item.xlsx|silk road 3.1|seller_raw:junky02,en_content_train_pool,en,train,market_item.xlsx|silk road 3.1|seller_raw:jackie2017,market_item.xlsx|silk road 3.1|seller_raw:junky02,en_content_train_pool_cc_530609b64d8b1f99,0.901983082294,0.588010907173,0.695896625519,0.794391751289,0.558631658554,-0.206380844116,0.137264966965,0.000000000000,0.000000000000,2.079441541680,0.000000000000,1,0.000000000000,0.000000000000,1
market_item.xlsx|silk road 3.1|seller_raw:jacob077342||market_item.xlsx|silk road 3.1|seller_raw:mandiz,en_content_train_pool,en,train,market_item.xlsx|silk road 3.1|seller_raw:jacob077342,market_item.xlsx|silk road 3.1|seller_raw:mandiz,en_content_train_pool_cc_152d0c1f0f128a69,0.864449381828,0.555002570152,0.482961088419,0.555002570152,0.482961088419,0.000000000000,0.000000000000,0.480769230769,0.240384615385,1.098612288668,0.693147180560,0,0.942307692308,0.471153846154,0
market_item.xlsx|silk road 3.1|seller_raw:kanekyle2016||market_item.xlsx|silk road 3.1|seller_raw:lykalabs,en_content_train_pool,en,train,market_item.xlsx|silk road 3.1|seller_raw:kanekyle2016,market_item.xlsx|silk road 3.1|seller_raw:lykalabs,en_content_train_pool_cc_3ab0dc1cd6a6a969,0.871535599232,0.964957475662,0.989953160286,0.908449411392,0.983620524406,0.056508064270,0.006332635880,0.743253099927,0.533447331660,6.553933404026,2.397895272798,1,0.505470459519,0.500669770592,1
market_item.xlsx|silk road 3.1|seller_raw:karmic01110||market_item.xlsx|silk road 3.1|seller_raw:underdog1955,en_content_train_pool,en,train,market_item.xlsx|silk road 3.1|seller_raw:karmic01110,market_item.xlsx|silk road 3.1|seller_raw:underdog1955,en_content_train_pool_cc_6f742fda955f861d,0.847299039364,0.736926019192,0.934234976768,0.687752425671,0.745096564293,0.049173593521,0.189138412475,0.000000000000,0.000000000000,0.693147180560,0.000000000000,1,0.366197183099,0.212049134372,1
market_item.xlsx|silk road 3.1|seller_raw:khisknni||market_item.xlsx|silk road 3.1|seller_raw:lookandfind,en_content_train_pool,en,train,market_item.xlsx|silk road 3.1|seller_raw:khisknni,market_item.xlsx|silk road 3.1|seller_raw:lookandfind,en_content_train_pool_cc_25d511a9b87965b5,0.880599200726,0.373150974512,0.997254073620,0.437952339649,0.885126531124,-0.064801365137,0.112127542496,0.050199468085,0.037528887866,5.652489180269,2.944438979166,1,0.032912234043,0.032216284070,1
market_item.xlsx|silk road 3.1|seller_raw:libertasgoods2||market_item.xlsx|silk road 3.1|seller_raw:liberty2goods,en_content_train_pool,en,train,market_item.xlsx|silk road 3.1|seller_raw:libertasgoods2,market_item.xlsx|silk road 3.1|seller_raw:liberty2goods,en_content_train_pool_cc_0682d57ea01d5b89,0.932335615158,0.920089662075,0.809373855591,0.878807306290,0.788700222969,0.041282355785,0.020673632622,0.375000000000,0.258629707113,3.258096538021,1.386294361120,1,0.167364016736,0.083682008368,1
market_item.xlsx|silk road 3.1|seller_raw:luckyweed||market_item.xlsx|silk road 3.1|seller_raw:netopeer,en_content_train_pool,en,train,market_item.xlsx|silk road 3.1|seller_raw:luckyweed,market_item.xlsx|silk road 3.1|seller_raw:netopeer,en_content_train_pool_cc_6e099fc30f4714ef,0.858836293221,0.783662557602,0.427860528231,0.761562585831,0.993361473083,0.022099971771,-0.565500944852,0.000000000000,0.000000000000,0.000000000000,0.000000000000,1,0.510204081633,0.255102040817,0
market_item.xlsx|silk road 3.1|seller_raw:markjonson||market_item.xlsx|silk road 3.1|seller_raw:wondas500,en_content_train_pool,en,train,market_item.xlsx|silk road 3.1|seller_raw:markjonson,market_item.xlsx|silk road 3.1|seller_raw:wondas500,en_content_train_pool_cc_792761d147e6c86e,0.914927244186,0.926324725151,0.999184966087,0.895274400711,0.996403694153,0.031050324440,0.002781271934,0.524231370505,0.422445216305,5.036952602414,2.995732273554,1,0.349661281918,0.286364227778,1
market_item.xlsx|silk road 3.1|seller_raw:maryjohanna||market_item.xlsx|silk road 3.1|seller_raw:welcuredrugs,en_content_train_pool,en,train,market_item.xlsx|silk road 3.1|seller_raw:maryjohanna,market_item.xlsx|silk road 3.1|seller_raw:welcuredrugs,en_content_train_pool_cc_174ce4e618d93236,0.889609217644,0.958045005798,0.999212801456,0.926530241966,0.995201587677,0.031514763832,0.004011213779,0.106636597938,0.097533925862,6.129050210061,3.091042453358,1,0.529527559055,0.441632336229,1
market_item.xlsx|silk road 3.1|seller_raw:metou||market_item.xlsx|silk road 3.1|seller_raw:stimple,en_content_train_pool,en,train,market_item.xlsx|silk road 3.1|seller_raw:metou,market_item.xlsx|silk road 3.1|seller_raw:stimple,en_content_train_pool_cc_5e8d88d6389a4cfc,0.889809012413,0.908606827259,0.996310174465,0.892494440079,0.987308740616,0.016112387180,0.009001433849,0.289855072464,0.222229215444,4.744932128363,2.079441541680,1,0.163288940359,0.110072563825,1
market_item.xlsx|silk road 3.1|seller_raw:minatuarmike||market_item.xlsx|silk road 3.1|seller_raw:soulpolegiver,en_content_train_pool,en,train,market_item.xlsx|silk road 3.1|seller_raw:minatuarmike,market_item.xlsx|silk road 3.1|seller_raw:soulpolegiver,en_content_train_pool_cc_22553bae26bf4f9f,0.828966140747,0.787626087666,0.316825598478,0.906441807747,0.998295545578,-0.118815720081,-0.681469947100,0.000000000000,0.000000000000,1.791759469228,0.000000000000,1,0.000000000000,0.000000000000,1
market_item.xlsx|silk road 3.1|seller_raw:mutantmass||market_item.xlsx|silk road 3.1|seller_raw:paypaltransfers,en_content_train_pool,en,train,market_item.xlsx|silk road 3.1|seller_raw:mutantmass,market_item.xlsx|silk road 3.1|seller_raw:paypaltransfers,en_content_train_pool_cc_f9c9dc57ff5e5bc2,0.948343992233,0.955525994301,0.993433952332,0.900973975658,0.879803121090,0.054552018643,0.113630831242,0.479481641469,0.461938428178,6.610696044718,3.555348061489,1,0.249003101462,0.173817605446,1
market_item.xlsx|silk road 3.1|seller_raw:polinomi2||market_item.xlsx|silk road 3.1|seller_raw:sevomllik,en_content_train_pool,en,train,market_item.xlsx|silk road 3.1|seller_raw:polinomi2,market_item.xlsx|silk road 3.1|seller_raw:sevomllik,en_content_train_pool_cc_617ca99e5282a86e,0.859984874725,0.789708018303,0.963891625404,0.833193182945,0.725562751293,-0.043485164642,0.238328874111,0.000000000000,0.000000000000,0.000000000000,0.000000000000,1,0.119741100324,0.096954949139,1
market_item.xlsx|silk road 3.1|seller_raw:salsid||market_item.xlsx|silk road 3.1|seller_raw:sulcud,en_content_train_pool,en,train,market_item.xlsx|silk road 3.1|seller_raw:salsid,market_item.xlsx|silk road 3.1|seller_raw:sulcud,en_content_train_pool_cc_380a31c60864c034,0.974619686604,0.970323204994,0.981308579445,0.433750391006,0.970026612282,0.536572813988,0.011281967163,0.939505415900,0.903908698907,8.158802490694,2.772588722240,1,0.036582873493,0.035058580680,1
market_item.xlsx|silk road 3.1|seller_raw:silver12||market_item.xlsx|silk road 3.1|seller_raw:silver13,en_content_train_pool,en,train,market_item.xlsx|silk road 3.1|seller_raw:silver12,market_item.xlsx|silk road 3.1|seller_raw:silver13,en_content_train_pool_cc_f58a56694330eca3,0.996048033237,0.997303605080,0.968011975288,0.997303605080,0.968011975288,0.000000000000,0.000000000000,0.949541284404,0.924991881140,5.327876168790,1.386294361120,0,0.000000000000,0.000000000000,1
market_item.xlsx|silk road 3.1|seller_raw:srcrax||market_item.xlsx|silk road 3.1|seller_raw:williethepimp,en_content_train_pool,en,train,market_item.xlsx|silk road 3.1|seller_raw:srcrax,market_item.xlsx|silk road 3.1|seller_raw:williethepimp,en_content_train_pool_cc_8b9d383fca737d02,0.893457531929,0.913606524467,0.909506082535,0.698900997639,0.772626996040,0.214705526828,0.136879086495,0.200000000000,0.100000000000,2.639057329615,0.693147180560,1,0.273684210526,0.259153933220,1
market_item.xlsx|silk road 3.1|seller_raw:srcrax||market_item.xlsx|silk road 3.1|seller_raw:wood923,en_content_train_pool,en,train,market_item.xlsx|silk road 3.1|seller_raw:srcrax,market_item.xlsx|silk road 3.1|seller_raw:wood923,en_content_train_pool_cc_8b9d383fca737d02,0.856095373631,0.414713799953,0.609843492508,0.488838434219,0.712287187576,-0.074124634266,-0.102443695068,0.218309859155,0.109154929577,2.639057329615,0.693147180560,1,0.244623655914,0.122311827957,1
market_item.xlsx|silk road 3.1|seller_raw:thedevilsadvocate||market_item.xlsx|silk road 3.1|seller_raw:williethepimp,en_content_train_pool,en,train,market_item.xlsx|silk road 3.1|seller_raw:thedevilsadvocate,market_item.xlsx|silk road 3.1|seller_raw:williethepimp,en_content_train_pool_cc_8b9d383fca737d02,0.897071719170,0.823768675327,0.890971124172,0.726872086525,0.812623143196,0.096896588802,0.078347980976,0.536842105263,0.268421052632,3.044522437723,1.098612288668,1,0.273684210526,0.239674617579,1
market_item.xlsx|silk road 3.1|seller_raw:thedevilsadvocate||market_item.xlsx|silk road 3.1|seller_raw:wood923,en_content_train_pool,en,train,market_item.xlsx|silk road 3.1|seller_raw:thedevilsadvocate,market_item.xlsx|silk road 3.1|seller_raw:wood923,en_content_train_pool_cc_8b9d383fca737d02,0.826599538326,0.336488336325,0.614102900028,0.463091731071,0.777828812599,-0.126603394746,-0.163725912571,0.211267605634,0.105633802817,1.609437912434,0.693147180560,1,0.205665024631,0.102832512316,1
market_item.xlsx|silk road 3.1|seller_raw:uzy121||market_item.xlsx|silk road 3.1|seller_raw:xuladom,en_content_train_pool,en,train,market_item.xlsx|silk road 3.1|seller_raw:uzy121,market_item.xlsx|silk road 3.1|seller_raw:xuladom,en_content_train_pool_cc_ecae25c62885c183,0.909751176834,0.787105560303,0.972039043903,0.479391843081,0.932247400284,0.307713717222,0.039791643619,0.446497305620,0.345938116765,6.194405391105,1.791759469228,1,0.067005545287,0.048514319988,1
market_item.xlsx|silk road 3.1|seller_raw:williethepimp||market_item.xlsx|silk road 3.1|seller_raw:wood923,en_content_train_pool,en,train,market_item.xlsx|silk road 3.1|seller_raw:williethepimp,market_item.xlsx|silk road 3.1|seller_raw:wood923,en_content_train_pool_cc_8b9d383fca737d02,0.891229033470,0.510696470737,0.527902483940,0.534277439117,0.996637344360,-0.023580968380,-0.468734860420,0.260563380282,0.130281690141,2.772588722240,0.693147180560,1,0.273684210526,0.136842105263,1
market_item.xlsx|tor2door market|seller_raw:mysteryland||market_item.xlsx|versus market|seller_raw:DutchDragonz,en_content_train_pool,en,train,market_item.xlsx|tor2door market|seller_raw:mysteryland,market_item.xlsx|versus market|seller_raw:DutchDragonz,en_content_train_pool_cc_613c184537fb0e0b,0.948447346687,0.933918178082,0.999681591988,0.694676220417,0.998269975185,0.239241957665,0.001411616803,0.563661078387,0.527069559792,4.634728988230,4.158883083360,1,0.027639329406,0.019260784019,1
market_item.xlsx|versus market|seller_raw:FirebunnyUSA||market_item.xlsx|versus market|seller_raw:Suriv01,en_content_train_pool,en,train,market_item.xlsx|versus market|seller_raw:FirebunnyUSA,market_item.xlsx|versus market|seller_raw:Suriv01,en_content_train_pool_cc_e72a4bdbb0346e3e,0.918240666389,0.964117288589,0.998853623867,0.913435816765,0.975069165230,0.050681471824,0.023784458637,0.556818181818,0.481460734102,6.115892125483,2.833213344056,1,0.136363636364,0.134496372172,1
market_item.xlsx|versus market|seller_raw:Premierpharma||market_item.xlsx|versus market|seller_raw:stealthmedsuk,en_content_train_pool,en,train,market_item.xlsx|versus market|seller_raw:Premierpharma,market_item.xlsx|versus market|seller_raw:stealthmedsuk,en_content_train_pool_cc_83fbe53ee8850afa,0.946178197861,0.973125696182,0.999656498432,0.946882963181,0.997649848461,0.026242733001,0.002006649971,0.446551724138,0.438098633283,5.278114659231,3.555348061489,1,0.575862068966,0.433204933517,1
market_item.xlsx|versus market|seller_raw:TheBodyShops||market_item.xlsx|vice city|seller_raw:TheBodyShop,en_content_train_pool,en,train,market_item.xlsx|versus market|seller_raw:TheBodyShops,market_item.xlsx|vice city|seller_raw:TheBodyShop,en_content_train_pool_cc_4133af1cec2dfe64,0.961981534958,0.928880810738,0.998192727566,0.920304656029,0.923086524010,0.008576154709,0.075106203556,0.581968017267,0.535475497444,8.178358165606,4.595119850135,1,0.127734719906,0.118390819730,1
market_item.xlsx|versus market|seller_raw:sluts1||market_item.xlsx|vice city|seller_raw:Sluts,en_content_train_pool,en,train,market_item.xlsx|versus market|seller_raw:sluts1,market_item.xlsx|vice city|seller_raw:Sluts,en_content_train_pool_cc_d4600fefc52e5c45,0.971302390099,0.985359728336,0.999780774117,0.574861586094,0.916754484177,0.410498142242,0.083026289940,0.949748743719,0.946394552923,6.967909201802,2.772588722240,1,0.030150753769,0.026391861230,1
market_item.xlsx|vice city|seller_raw:Crazysupplies||market_item.xlsx|vice city|seller_raw:Rudeman,en_content_train_pool,en,train,market_item.xlsx|vice city|seller_raw:Crazysupplies,market_item.xlsx|vice city|seller_raw:Rudeman,en_content_train_pool_cc_cc773c8a3c0791d6,0.868555128574,0.826603651047,0.996113181114,0.751929402351,0.931238532066,0.074674248696,0.064874649048,0.480265053299,0.354564844616,6.306275286948,4.043051267835,1,0.565543071161,0.429782449410,1
