pair_uid,pool,split_name,component_id,fold,review_label,evidence_type,silver_train_only,pair_local_style_reliable,global_style_reliable,pair_local_maximum_mask_fraction,english_oof_C0_matched_raw_style,english_oof_C1_raw_plus_clean_no_copy_penalty,english_oof_C2_copy_aware_dual_channel_primary,english_oof_C3_semantic_plus_copy_aware_sensitivity
2017-12-05-philipjames11-darknetmarketplacedataagora20142015.xlsx|agora|seller_raw:Actorian||market_item.xlsx|apollon market|seller_raw:Made_man (100%),en_content_train_pool,train_grouped_oof,en_content_train_pool_cc_50481108a33b850d,2,negative,ordinary_negative,,1,1,0.000000000000,0.103932129719,0.119840764327,0.124733936422,0.077286676717
2017-12-05-philipjames11-darknetmarketplacedataagora20142015.xlsx|agora|seller_raw:DomCobb||market_item.xlsx|silk road 3.1|seller_raw:robthesilkroad,en_content_train_pool,train_grouped_oof,en_content_train_pool_cc_be967b90d809ceb9,3,negative,ordinary_negative,,1,1,0.000000000000,0.005692406675,0.004245855847,0.009883558327,0.002959799643
2017-12-05-philipjames11-darknetmarketplacedataagora20142015.xlsx|agora|seller_raw:JeanClochard||2017-12-05-philipjames11-darknetmarketplacedataagora20142015.xlsx|agora|seller_raw:MoneySell,en_content_train_pool,train_grouped_oof,en_content_train_pool_cc_5a9aa11e23a4c0b6,3,positive,same_controller_style_structural_soft,,1,1,0.795768747382,0.425682219932,0.361334007881,0.330953918941,0.361702269234
2017-12-05-philipjames11-darknetmarketplacedataagora20142015.xlsx|agora|seller_raw:bestcocaine||market_item.xlsx|silk road 3.1|seller_raw:however,en_content_train_pool,train_grouped_oof,en_content_train_pool_cc_ebbaa123eebf6ca0,3,negative,ordinary_negative,,0,1,0.869565217391,0.001470397977,0.000158801614,0.000289942409,0.000425663958
market_item.xlsx|Cartel|seller_raw:Dr_Heizen||market_item.xlsx|Cartel|seller_raw:MAGICMOVERS1,en_content_train_pool,train_grouped_oof,en_content_train_pool_cc_f4386d4b56023e8a,0,negative,ordinary_negative,,1,1,0.346685082873,0.153039066886,0.121850645481,0.133375566356,0.055844030590
market_item.xlsx|Cartel|seller_raw:Drugsking||market_item.xlsx|darkfox market|seller_raw:rinyus,en_content_train_pool,train_grouped_oof,en_content_train_pool_cc_5d852c7834259fe8,4,negative,public_contact_or_url_noise,,1,1,0.469060225017,0.342012055288,0.361156795003,0.372510829985,0.331956106817
market_item.xlsx|Cartel|seller_raw:Godaddy1||market_item.xlsx|darkfox market|seller_raw:thecolonel,en_content_train_pool,train_grouped_oof,en_content_train_pool_cc_f9371bc9b3ce6d7d,2,positive,same_controller_direct_identifier,,1,1,0.593243243243,0.405015938422,0.445430199628,0.420382389123,0.492966561331
market_item.xlsx|Cartel|seller_raw:Hilfiger||market_item.xlsx|vice city|seller_raw:PILLSDr,en_content_train_pool,train_grouped_oof,en_content_train_pool_cc_10c6c1093b6829a3,3,negative,template_clone_not_controller,,1,1,0.479117785077,0.289739895547,0.305533505518,0.324451431947,0.210965766658
market_item.xlsx|Cartel|seller_raw:fullplez||market_item.xlsx|apollon market|seller_raw:g3cko (96%),en_content_train_pool,train_grouped_oof,en_content_train_pool_cc_69a17117c0da140c,4,negative,public_contact_or_url_noise,,1,1,0.256257848472,0.259882696007,0.263239118160,0.277745704669,0.261908940978
market_item.xlsx|Cartel|seller_raw:irishoncoke||market_item.xlsx|apollon market|seller_raw:backagain1 (100%),en_content_train_pool,train_grouped_oof,en_content_train_pool_cc_4632283115d6aed9,4,negative,template_clone_not_controller,,1,1,0.840948525159,0.453276803178,0.459678160309,0.434844654331,0.513008069258
market_item.xlsx|Cartel|seller_raw:theword1||market_item.xlsx|dark0de|seller_raw:mensguru,en_content_train_pool,train_grouped_oof,en_content_train_pool_cc_561b30415036492a,1,positive,same_controller_style_structural_soft,,1,1,0.379558294813,0.126863043276,0.120446244707,0.145131562924,0.153876294768
market_item.xlsx|Lime|seller_raw:BossAmerica||market_item.xlsx|agartha market|seller_raw:Bestplug,en_content_train_pool,train_grouped_oof,en_content_train_pool_cc_f337d7958a98c59b,0,positive,same_controller_direct_identifier,,1,1,0.262108262108,0.206104611414,0.214195766700,0.208316967005,0.226665752363
market_item.xlsx|Lime|seller_raw:Cityshop||market_item.xlsx|agartha market|seller_raw:CITYSHOP92,en_content_train_pool,train_grouped_oof,en_content_train_pool_cc_f337d7958a98c59b,0,positive,same_controller_direct_identifier,,1,1,0.486409495549,0.182481754556,0.199658276066,0.195076256708,0.222010065367
market_item.xlsx|Lime|seller_raw:Cityshop||market_item.xlsx|agartha market|seller_raw:chrisstore24,en_content_train_pool,train_grouped_oof,en_content_train_pool_cc_f337d7958a98c59b,0,positive,same_controller_direct_identifier,,1,1,0.729996633374,0.200414955732,0.164419362879,0.191369805028,0.252194648714
market_item.xlsx|Lime|seller_raw:Darkhackman||market_item.xlsx|Lime|seller_raw:Gerybell,en_content_train_pool,train_grouped_oof,en_content_train_pool_cc_f5e987aedb012243,0,negative,ordinary_negative,,1,1,0.383230639120,0.257952761941,0.251790824769,0.263775433522,0.399990147784
market_item.xlsx|Lime|seller_raw:Legithustle420||market_item.xlsx|agartha market|seller_raw:Ortegameds,en_content_train_pool,train_grouped_oof,en_content_train_pool_cc_f337d7958a98c59b,0,positive,same_controller_direct_identifier,,1,1,0.080743537613,0.236119146158,0.209300157756,0.231339411560,0.138682352722
market_item.xlsx|Lime|seller_raw:Legithustle420||market_item.xlsx|agartha market|seller_raw:ProGlobalSam,en_content_train_pool,train_grouped_oof,en_content_train_pool_cc_f337d7958a98c59b,0,positive,same_controller_direct_identifier,,1,1,0.166355140187,0.195083854497,0.185637563828,0.209031125119,0.143516238483
market_item.xlsx|Lime|seller_raw:Lordpharma||market_item.xlsx|agartha market|seller_raw:carlosjuan,en_content_train_pool,train_grouped_oof,en_content_train_pool_cc_f337d7958a98c59b,0,positive,same_controller_direct_identifier,,1,1,0.714874484826,0.212844081430,0.178069638573,0.196389748903,0.226842186532
market_item.xlsx|Lime|seller_raw:Lordpharma||market_item.xlsx|agartha market|seller_raw:chrisstore24,en_content_train_pool,train_grouped_oof,en_content_train_pool_cc_f337d7958a98c59b,0,positive,same_controller_direct_identifier,,1,1,0.425440239790,0.208008857633,0.175989922372,0.205842540765,0.254758180704
market_item.xlsx|Lime|seller_raw:Namara||market_item.xlsx|apollon market|seller_raw:mydeals (100%),en_content_train_pool,train_grouped_oof,en_content_train_pool_cc_8fd57e6732d14d04,3,negative,semantic_topic_not_controller,,1,1,0.734693877551,0.307623785487,0.174519502075,0.156129332759,0.151090319470
market_item.xlsx|Lime|seller_raw:USADRUGLORD||market_item.xlsx|agartha market|seller_raw:willson99,en_content_train_pool,train_grouped_oof,en_content_train_pool_cc_29f6fc6f6a43956f,1,positive,same_controller_direct_identifier,,1,1,0.608843187661,0.139111691710,0.117774073058,0.122805458682,0.166539175779
market_item.xlsx|Lime|seller_raw:darklord||market_item.xlsx|Lime|seller_raw:tomandjerry1,en_content_train_pool,train_grouped_oof,en_content_train_pool_cc_67c904aef061fe88,1,negative,ordinary_negative,,1,1,0.529309271935,0.392788182237,0.407017236890,0.416195253273,0.396092522577
market_item.xlsx|Lime|seller_raw:grandmaster||market_item.xlsx|Lime|seller_raw:ketplug,en_content_train_pool,train_grouped_oof,en_content_train_pool_cc_f337d7958a98c59b,0,positive,same_controller_direct_identifier,,1,1,0.407754775249,0.196150365792,0.160242163750,0.157978870426,0.207619810029
market_item.xlsx|Lime|seller_raw:grandmaster||market_item.xlsx|agartha market|seller_raw:CITYSHOP92,en_content_train_pool,train_grouped_oof,en_content_train_pool_cc_f337d7958a98c59b,0,positive,same_controller_direct_identifier,,1,1,0.297091988131,0.147063326520,0.136196750201,0.152899813203,0.133293397920
market_item.xlsx|Lime|seller_raw:grandmaster||market_item.xlsx|agartha market|seller_raw:truu00,en_content_train_pool,train_grouped_oof,en_content_train_pool_cc_f337d7958a98c59b,0,positive,same_controller_direct_identifier,,1,1,0.294292576919,0.187757566401,0.189793784135,0.192283011780,0.203385083110
market_item.xlsx|Lime|seller_raw:jennifer||market_item.xlsx|agartha market|seller_raw:labdoctor,en_content_train_pool,train_grouped_oof,en_content_train_pool_cc_4860f601af2761a3,0,negative,ordinary_negative,,1,1,0.252977945512,0.229663746873,0.194566600373,0.223316900797,0.157245973655
market_item.xlsx|Lime|seller_raw:ketplug||market_item.xlsx|agartha market|seller_raw:CITYSHOP92,en_content_train_pool,train_grouped_oof,en_content_train_pool_cc_f337d7958a98c59b,0,positive,same_controller_direct_identifier,,1,1,0.305666857470,0.225831528513,0.199140908042,0.234182205687,0.201726815425
market_item.xlsx|Lime|seller_raw:ketplug||market_item.xlsx|agartha market|seller_raw:Lordpharma,en_content_train_pool,train_grouped_oof,en_content_train_pool_cc_f337d7958a98c59b,0,positive,same_controller_direct_identifier,,1,1,0.348712077848,0.206169293483,0.171016095184,0.213593661600,0.188971139952
market_item.xlsx|Lime|seller_raw:maxmann||market_item.xlsx|darkfox market|seller_raw:opportunity,en_content_train_pool,train_grouped_oof,en_content_train_pool_cc_2acc45f6f7ed75bb,4,positive,same_controller_direct_identifier,,1,1,0.242727706247,0.321957862272,0.341923958635,0.355182566921,0.333920066592
market_item.xlsx|Lime|seller_raw:methking||market_item.xlsx|agartha market|seller_raw:dreamboss,en_content_train_pool,train_grouped_oof,en_content_train_pool_cc_f6e9f85c637f9ea0,2,positive,same_controller_direct_identifier,,1,1,0.277196176604,0.274831018090,0.273742765924,0.290888874819,0.282549919770
market_item.xlsx|Lime|seller_raw:michaeldean||market_item.xlsx|agartha market|seller_raw:CannaCare,en_content_train_pool,train_grouped_oof,en_content_train_pool_cc_f337d7958a98c59b,0,positive,same_controller_direct_identifier,,1,1,0.071720430108,0.255666021608,0.243117551839,0.270172134580,0.146167611923
market_item.xlsx|Lime|seller_raw:michaeldean||market_item.xlsx|agartha market|seller_raw:Legitsales,en_content_train_pool,train_grouped_oof,en_content_train_pool_cc_f337d7958a98c59b,0,positive,same_controller_direct_identifier,,1,1,0.231737065092,0.216421585706,0.201942610183,0.235276268814,0.102455153135
market_item.xlsx|Lime|seller_raw:michaeldean||market_item.xlsx|agartha market|seller_raw:dozy1992,en_content_train_pool,train_grouped_oof,en_content_train_pool_cc_f337d7958a98c59b,0,positive,same_controller_direct_identifier,,1,1,0.012390087930,0.218491353115,0.208780720069,0.230156493363,0.116440139407
market_item.xlsx|Lime|seller_raw:michaeldean||market_item.xlsx|agartha market|seller_raw:kaiserplug,en_content_train_pool,train_grouped_oof,en_content_train_pool_cc_f337d7958a98c59b,0,positive,same_controller_direct_identifier,,1,1,0.058911260254,0.229874650818,0.193461370113,0.231637659309,0.098191434448
market_item.xlsx|Lime|seller_raw:michaeldean||market_item.xlsx|agartha market|seller_raw:makershop,en_content_train_pool,train_grouped_oof,en_content_train_pool_cc_f337d7958a98c59b,0,positive,same_controller_direct_identifier,,1,1,0.006146800048,0.218400448348,0.199423523553,0.224274896558,0.105680350482
market_item.xlsx|Lime|seller_raw:michaeldean||market_item.xlsx|agartha market|seller_raw:private,en_content_train_pool,train_grouped_oof,en_content_train_pool_cc_f337d7958a98c59b,0,positive,same_controller_direct_identifier,,1,1,0.159697683549,0.235246712787,0.220141925308,0.255283248375,0.113314677086
market_item.xlsx|Lime|seller_raw:michaeldean||market_item.xlsx|agartha market|seller_raw:tonyplug,en_content_train_pool,train_grouped_oof,en_content_train_pool_cc_f337d7958a98c59b,0,positive,same_controller_direct_identifier,,1,1,0.039660056657,0.220766610367,0.205092559685,0.240272947802,0.103588434117
market_item.xlsx|Lime|seller_raw:quick45||market_item.xlsx|darkfox market|seller_raw:usdrill,en_content_train_pool,train_grouped_oof,en_content_train_pool_cc_2e47f4373e2af6f9,3,positive,same_controller_direct_identifier,,1,1,0.047281598513,0.238904347802,0.226064989744,0.252085232484,0.243702156198
market_item.xlsx|Lime|seller_raw:sweetNtreat||market_item.xlsx|cannazon market|seller_raw:Weed365,en_content_train_pool,train_grouped_oof,en_content_train_pool_cc_004159f5a4159919,4,negative,template_clone_not_controller,,1,1,0.571618920720,0.315941750593,0.260790814978,0.262741830721,0.340961133121
market_item.xlsx|Lime|seller_raw:zulvinapills||market_item.xlsx|agartha market|seller_raw:legitsupply,en_content_train_pool,train_grouped_oof,en_content_train_pool_cc_f337d7958a98c59b,0,positive,same_controller_direct_identifier,,1,1,0.032039565638,0.206105858992,0.190420444320,0.224349524072,0.177523947816
market_item.xlsx|agartha market|seller_raw:AlexMuyer||market_item.xlsx|agartha market|seller_raw:drugload90,en_content_train_pool,train_grouped_oof,en_content_train_pool_cc_f337d7958a98c59b,0,negative,ordinary_negative,,1,1,0.396616541353,0.245480787947,0.211413336098,0.236067038541,0.164631330990
market_item.xlsx|agartha market|seller_raw:Bestplug||market_item.xlsx|agartha market|seller_raw:CannaCare,en_content_train_pool,train_grouped_oof,en_content_train_pool_cc_f337d7958a98c59b,0,negative,public_contact_or_url_noise,,1,1,0.226183082847,0.245045193294,0.247237563474,0.267356838350,0.244128566097
market_item.xlsx|agartha market|seller_raw:Bestplug||market_item.xlsx|agartha market|seller_raw:ExpressScripts,en_content_train_pool,train_grouped_oof,en_content_train_pool_cc_f337d7958a98c59b,0,negative,public_contact_or_url_noise,,1,1,0.104107406986,0.233059924762,0.222312387513,0.252234975240,0.223938199379
market_item.xlsx|agartha market|seller_raw:Bestplug||market_item.xlsx|agartha market|seller_raw:Global_trade,en_content_train_pool,train_grouped_oof,en_content_train_pool_cc_f337d7958a98c59b,0,negative,public_contact_or_url_noise,,1,1,0.043224444168,0.206169374813,0.208259240480,0.213500286504,0.226425780233
market_item.xlsx|agartha market|seller_raw:Bestplug||market_item.xlsx|agartha market|seller_raw:Legitwhite,en_content_train_pool,train_grouped_oof,en_content_train_pool_cc_f337d7958a98c59b,0,negative,public_contact_or_url_noise,,1,1,0.156378089678,0.229269693614,0.228820545157,0.228448500354,0.222624878032
market_item.xlsx|agartha market|seller_raw:Bestplug||market_item.xlsx|agartha market|seller_raw:bluesstore,en_content_train_pool,train_grouped_oof,en_content_train_pool_cc_f337d7958a98c59b,0,positive,same_controller_direct_identifier,,1,1,0.207427648739,0.223937844422,0.211736676394,0.243495285838,0.224173311111
market_item.xlsx|agartha market|seller_raw:Bestplug||market_item.xlsx|agartha market|seller_raw:pestein,en_content_train_pool,train_grouped_oof,en_content_train_pool_cc_f337d7958a98c59b,0,negative,public_contact_or_url_noise,,1,1,0.099366538318,0.254536258503,0.255685709760,0.270940912007,0.254625747741
market_item.xlsx|agartha market|seller_raw:Billsbarons420||market_item.xlsx|agartha market|seller_raw:PHARMAHOUSE,en_content_train_pool,train_grouped_oof,en_content_train_pool_cc_f337d7958a98c59b,0,positive,same_controller_direct_identifier,,1,1,0.242953552997,0.274077097772,0.256436866856,0.273178279395,0.303526394461
market_item.xlsx|agartha market|seller_raw:Billsbarons420||market_item.xlsx|agartha market|seller_raw:ProGlobalSam,en_content_train_pool,train_grouped_oof,en_content_train_pool_cc_f337d7958a98c59b,0,positive,same_controller_direct_identifier,,1,1,0.466109198229,0.246674185990,0.227630940602,0.260267882961,0.258849224798
market_item.xlsx|agartha market|seller_raw:Billsbarons420||market_item.xlsx|agartha market|seller_raw:drugload90,en_content_train_pool,train_grouped_oof,en_content_train_pool_cc_f337d7958a98c59b,0,positive,same_controller_direct_identifier,,1,1,0.391623660183,0.273295792956,0.271998389019,0.295211680814,0.338407832731
market_item.xlsx|agartha market|seller_raw:CannaCare||market_item.xlsx|agartha market|seller_raw:ExpressScripts,en_content_train_pool,train_grouped_oof,en_content_train_pool_cc_f337d7958a98c59b,0,negative,public_contact_or_url_noise,,1,1,0.430879508477,0.265825734579,0.270027492279,0.287461967062,0.311526836761
market_item.xlsx|agartha market|seller_raw:CannaCare||market_item.xlsx|agartha market|seller_raw:Global_trade,en_content_train_pool,train_grouped_oof,en_content_train_pool_cc_f337d7958a98c59b,0,negative,public_contact_or_url_noise,,1,1,0.095780308104,0.246689009599,0.204000839775,0.211828134185,0.209671088446
market_item.xlsx|agartha market|seller_raw:CannaCare||market_item.xlsx|agartha market|seller_raw:Legitwhite,en_content_train_pool,train_grouped_oof,en_content_train_pool_cc_f337d7958a98c59b,0,negative,public_contact_or_url_noise,,1,1,0.271290322581,0.275214530716,0.271970437736,0.294569129372,0.362834595788
market_item.xlsx|agartha market|seller_raw:CannaCare||market_item.xlsx|agartha market|seller_raw:kaiserplug,en_content_train_pool,train_grouped_oof,en_content_train_pool_cc_f337d7958a98c59b,0,positive,same_controller_direct_identifier,,1,1,0.289677419355,0.270580559405,0.242002567071,0.257213962289,0.319034365235
market_item.xlsx|agartha market|seller_raw:CannaCare||market_item.xlsx|agartha market|seller_raw:private,en_content_train_pool,train_grouped_oof,en_content_train_pool_cc_f337d7958a98c59b,0,positive,same_controller_direct_identifier,,1,1,0.319032258065,0.263869912182,0.257143072610,0.284425221956,0.288602227047
market_item.xlsx|agartha market|seller_raw:CannaCare||market_item.xlsx|agartha market|seller_raw:tonyplug,en_content_train_pool,train_grouped_oof,en_content_train_pool_cc_f337d7958a98c59b,0,positive,same_controller_direct_identifier,,1,1,0.508716495969,0.264870864275,0.236238308314,0.255660754271,0.294551849522
market_item.xlsx|agartha market|seller_raw:Daha2020||market_item.xlsx|agartha market|seller_raw:wolfhon66,en_content_train_pool,train_grouped_oof,en_content_train_pool_cc_f337d7958a98c59b,0,positive,same_controller_direct_identifier,,1,1,0.551228463656,0.275549984060,0.278647147328,0.292104171945,0.464024630914
market_item.xlsx|agartha market|seller_raw:Damason||market_item.xlsx|agartha market|seller_raw:Jamesrox,en_content_train_pool,train_grouped_oof,en_content_train_pool_cc_f337d7958a98c59b,0,positive,same_controller_direct_identifier,,1,1,0.117758245912,0.144770511576,0.214941881721,0.160796904813,0.156668113592
market_item.xlsx|agartha market|seller_raw:Damason||market_item.xlsx|agartha market|seller_raw:caliscoties,en_content_train_pool,train_grouped_oof,en_content_train_pool_cc_f337d7958a98c59b,0,positive,same_controller_direct_identifier,,1,1,0.055571307060,0.113214646747,0.127649491910,0.124711211419,0.087982894878
market_item.xlsx|agartha market|seller_raw:Damason||market_item.xlsx|agartha market|seller_raw:legitsupply,en_content_train_pool,train_grouped_oof,en_content_train_pool_cc_f337d7958a98c59b,0,positive,same_controller_direct_identifier,,1,1,0.074756639259,0.122457213245,0.142457777603,0.134506748190,0.085813088124
market_item.xlsx|agartha market|seller_raw:EU_STORE||market_item.xlsx|agartha market|seller_raw:legit1,en_content_train_pool,train_grouped_oof,en_content_train_pool_cc_d153eba4de0968ee,2,positive,same_controller_style_structural_soft,,1,1,0.564479315264,0.435974806218,0.428383843276,0.430047583114,0.503257025433
market_item.xlsx|agartha market|seller_raw:ElCokeCo||market_item.xlsx|agartha market|seller_raw:Perfectsales,en_content_train_pool,train_grouped_oof,en_content_train_pool_cc_f302fcb0ccfcb180,4,negative,ordinary_negative,,1,1,0.553319919517,0.278625735315,0.260648873774,0.181178840933,0.116835206674
market_item.xlsx|agartha market|seller_raw:ExpressScripts||market_item.xlsx|agartha market|seller_raw:Global_trade,en_content_train_pool,train_grouped_oof,en_content_train_pool_cc_f337d7958a98c59b,0,negative,public_contact_or_url_noise,,1,1,0.068608487883,0.244635877358,0.258636003265,0.235255655917,0.279116007303
market_item.xlsx|agartha market|seller_raw:ExpressScripts||market_item.xlsx|agartha market|seller_raw:pestein,en_content_train_pool,train_grouped_oof,en_content_train_pool_cc_f337d7958a98c59b,0,negative,public_contact_or_url_noise,,1,1,0.361360791899,0.221447811385,0.204184415563,0.221109772509,0.248335090111
market_item.xlsx|agartha market|seller_raw:GehLegit||market_item.xlsx|agartha market|seller_raw:dozy1992,en_content_train_pool,train_grouped_oof,en_content_train_pool_cc_f337d7958a98c59b,0,positive,same_controller_direct_identifier,,1,1,0.280284453163,0.260988628326,0.241723672564,0.253786046517,0.233776077487
market_item.xlsx|agartha market|seller_raw:GehLegit||market_item.xlsx|agartha market|seller_raw:legitsupply,en_content_train_pool,train_grouped_oof,en_content_train_pool_cc_f337d7958a98c59b,0,positive,same_controller_direct_identifier,,1,1,0.322330932158,0.260263828995,0.268194862174,0.267027486399,0.257192483478
market_item.xlsx|agartha market|seller_raw:Global_trade||market_item.xlsx|agartha market|seller_raw:Legitwhite,en_content_train_pool,train_grouped_oof,en_content_train_pool_cc_f337d7958a98c59b,0,negative,public_contact_or_url_noise,,1,1,0.055592766242,0.248390625117,0.238761533239,0.259923445349,0.220074170326
market_item.xlsx|agartha market|seller_raw:Global_trade||market_item.xlsx|agartha market|seller_raw:Rozaydaplug,en_content_train_pool,train_grouped_oof,en_content_train_pool_cc_f337d7958a98c59b,0,negative,public_contact_or_url_noise,,1,1,0.050972666831,0.206426388228,0.158928019838,0.176245115297,0.176745572422
market_item.xlsx|agartha market|seller_raw:Global_trade||market_item.xlsx|agartha market|seller_raw:pestein,en_content_train_pool,train_grouped_oof,en_content_train_pool_cc_f337d7958a98c59b,0,negative,public_contact_or_url_noise,,1,1,0.047944485333,0.200080110452,0.179542213470,0.209596503470,0.172129442782
market_item.xlsx|agartha market|seller_raw:Jamesrox||market_item.xlsx|agartha market|seller_raw:Walgreens,en_content_train_pool,train_grouped_oof,en_content_train_pool_cc_f337d7958a98c59b,0,positive,same_controller_direct_identifier,,1,1,0.194709603220,0.230422224874,0.212688865240,0.233837660706,0.260120759299
market_item.xlsx|agartha market|seller_raw:Legitsales||market_item.xlsx|agartha market|seller_raw:kaiserplug,en_content_train_pool,train_grouped_oof,en_content_train_pool_cc_f337d7958a98c59b,0,positive,same_controller_direct_identifier,,1,1,0.333162151752,0.259293904275,0.231020696182,0.246640264762,0.323370640281
market_item.xlsx|agartha market|seller_raw:Legitsales||market_item.xlsx|agartha market|seller_raw:tonyplug,en_content_train_pool,train_grouped_oof,en_content_train_pool_cc_f337d7958a98c59b,0,positive,same_controller_direct_identifier,,1,1,0.617672695576,0.270728927814,0.254913557870,0.280663457795,0.381438205890
market_item.xlsx|agartha market|seller_raw:Legitwhite||market_item.xlsx|agartha market|seller_raw:Major_Distributor,en_content_train_pool,train_grouped_oof,en_content_train_pool_cc_f337d7958a98c59b,0,negative,public_contact_or_url_noise,,1,1,0.348866900734,0.263231618404,0.235849298259,0.262711659403,0.273956455733
market_item.xlsx|agartha market|seller_raw:Legitwhite||market_item.xlsx|agartha market|seller_raw:pestein,en_content_train_pool,train_grouped_oof,en_content_train_pool_cc_f337d7958a98c59b,0,negative,public_contact_or_url_noise,,1,1,0.319209336558,0.225985673219,0.214508318326,0.238461571704,0.289826525224
market_item.xlsx|agartha market|seller_raw:Ortegameds||market_item.xlsx|agartha market|seller_raw:sanj,en_content_train_pool,train_grouped_oof,en_content_train_pool_cc_f337d7958a98c59b,0,positive,same_controller_direct_identifier,,1,1,0.141022280472,0.258545679756,0.269230785059,0.238657936599,0.298785044413
market_item.xlsx|agartha market|seller_raw:PHARMAHOUSE||market_item.xlsx|agartha market|seller_raw:dozy1992,en_content_train_pool,train_grouped_oof,en_content_train_pool_cc_f337d7958a98c59b,0,positive,same_controller_direct_identifier,,1,1,0.045030642153,0.264543866833,0.256689174589,0.281536451247,0.230932721601
market_item.xlsx|agartha market|seller_raw:PHARMAHOUSE||market_item.xlsx|agartha market|seller_raw:drugload90,en_content_train_pool,train_grouped_oof,en_content_train_pool_cc_f337d7958a98c59b,0,positive,same_controller_direct_identifier,,1,1,0.274086079597,0.267589520724,0.255363860122,0.277795748204,0.381685680695
market_item.xlsx|agartha market|seller_raw:PHARMAHOUSE||market_item.xlsx|agartha market|seller_raw:fortunemaker,en_content_train_pool,train_grouped_oof,en_content_train_pool_cc_f337d7958a98c59b,0,positive,same_controller_direct_identifier,,1,1,0.250415464008,0.225291425660,0.209027977835,0.239992952252,0.246927942406
market_item.xlsx|agartha market|seller_raw:PHARMAHOUSE||market_item.xlsx|agartha market|seller_raw:medicalfarmer,en_content_train_pool,train_grouped_oof,en_content_train_pool_cc_f337d7958a98c59b,0,positive,same_controller_direct_identifier,,1,1,0.207786574124,0.264461357065,0.252772692048,0.281403487618,0.420355313086
market_item.xlsx|agartha market|seller_raw:Piposhop||market_item.xlsx|agartha market|seller_raw:medicalfarmer,en_content_train_pool,train_grouped_oof,en_content_train_pool_cc_f337d7958a98c59b,0,positive,same_controller_direct_identifier,,1,1,0.196919509771,0.213970675964,0.259259129543,0.228527622115,0.289028227897
market_item.xlsx|agartha market|seller_raw:PrestigeVendor||market_item.xlsx|agartha market|seller_raw:joejoeus,en_content_train_pool,train_grouped_oof,en_content_train_pool_cc_5a9b81c98692e206,3,negative,ordinary_negative,,1,1,0.619177088998,0.359213988371,0.355937214391,0.358423614234,0.446325523873
market_item.xlsx|agartha market|seller_raw:ProGlobalSam||market_item.xlsx|agartha market|seller_raw:dozy1992,en_content_train_pool,train_grouped_oof,en_content_train_pool_cc_f337d7958a98c59b,0,positive,same_controller_direct_identifier,,1,1,0.103517186251,0.220677680650,0.211975212603,0.235325877435,0.125840638812
market_item.xlsx|agartha market|seller_raw:ProGlobalSam||market_item.xlsx|agartha market|seller_raw:drugload90,en_content_train_pool,train_grouped_oof,en_content_train_pool_cc_f337d7958a98c59b,0,positive,same_controller_direct_identifier,,1,1,0.477029021151,0.259925818367,0.250851165568,0.277034502559,0.265719881294
market_item.xlsx|agartha market|seller_raw:ProGlobalSam||market_item.xlsx|agartha market|seller_raw:legitsupply,en_content_train_pool,train_grouped_oof,en_content_train_pool_cc_f337d7958a98c59b,0,positive,same_controller_direct_identifier,,1,1,0.051607354048,0.235097829030,0.227287918615,0.251107780723,0.204419195783
market_item.xlsx|agartha market|seller_raw:ProGlobalSam||market_item.xlsx|agartha market|seller_raw:tonyplug,en_content_train_pool,train_grouped_oof,en_content_train_pool_cc_f337d7958a98c59b,0,negative,ordinary_negative,,1,1,0.634887775114,0.274258030331,0.263891009223,0.283707334572,0.370361692118
market_item.xlsx|agartha market|seller_raw:ProGlobalSam||market_item.xlsx|agartha market|seller_raw:vendor_men,en_content_train_pool,train_grouped_oof,en_content_train_pool_cc_f337d7958a98c59b,0,positive,same_controller_direct_identifier,,1,1,0.448204623709,0.247109760828,0.233457257165,0.261621814497,0.278357450393
market_item.xlsx|agartha market|seller_raw:Rodrigomendez||market_item.xlsx|agartha market|seller_raw:truu00,en_content_train_pool,train_grouped_oof,en_content_train_pool_cc_f337d7958a98c59b,0,positive,same_controller_direct_identifier,,1,1,0.795042994436,0.260801205230,0.234585702250,0.242502560482,0.351491851556
market_item.xlsx|agartha market|seller_raw:Rozaydaplug||market_item.xlsx|agartha market|seller_raw:USA_PITCHER,en_content_train_pool,train_grouped_oof,en_content_train_pool_cc_f337d7958a98c59b,0,negative,semantic_topic_not_controller,,1,1,0.614725437084,0.206075969244,0.211736812585,0.225076665977,0.186832868266
market_item.xlsx|agartha market|seller_raw:Rozaydaplug||market_item.xlsx|agartha market|seller_raw:carlosjuan,en_content_train_pool,train_grouped_oof,en_content_train_pool_cc_f337d7958a98c59b,0,negative,semantic_topic_not_controller,,1,1,0.634917508003,0.244668275319,0.250810886722,0.261285670919,0.191987671562
market_item.xlsx|agartha market|seller_raw:Rozaydaplug||market_item.xlsx|agartha market|seller_raw:pestein,en_content_train_pool,train_grouped_oof,en_content_train_pool_cc_f337d7958a98c59b,0,negative,public_contact_or_url_noise,,1,1,0.076122384607,0.246223031232,0.218659121283,0.243284702591,0.275493804326
market_item.xlsx|agartha market|seller_raw:Rozaydaplug||market_item.xlsx|agartha market|seller_raw:westernunionstore,en_content_train_pool,train_grouped_oof,en_content_train_pool_cc_f337d7958a98c59b,0,negative,ordinary_negative,,1,1,0.677764097513,0.193663298234,0.171501726921,0.192062105620,0.237304153301
market_item.xlsx|agartha market|seller_raw:USADruglord||market_item.xlsx|agartha market|seller_raw:medicalfarmer,en_content_train_pool,train_grouped_oof,en_content_train_pool_cc_f337d7958a98c59b,0,positive,same_controller_direct_identifier,,1,1,0.577202323330,0.272797177712,0.256475394118,0.279588169017,0.467108732760
market_item.xlsx|agartha market|seller_raw:USA_PITCHER||market_item.xlsx|agartha market|seller_raw:carlosjuan,en_content_train_pool,train_grouped_oof,en_content_train_pool_cc_f337d7958a98c59b,0,negative,semantic_topic_not_controller,,1,1,0.429026605066,0.229248729626,0.232561008668,0.243475290055,0.245525696687
market_item.xlsx|agartha market|seller_raw:USA_PITCHER||market_item.xlsx|agartha market|seller_raw:westernunionstore,en_content_train_pool,train_grouped_oof,en_content_train_pool_cc_f337d7958a98c59b,0,negative,ordinary_negative,,1,1,0.540863469810,0.264589564368,0.262453827301,0.277794857687,0.299145179331
market_item.xlsx|agartha market|seller_raw:WEEDKING01||market_item.xlsx|agartha market|seller_raw:truu00,en_content_train_pool,train_grouped_oof,en_content_train_pool_cc_f337d7958a98c59b,0,positive,same_controller_direct_identifier,,1,1,0.480641785839,0.243383940003,0.227549796373,0.255401155160,0.203039786918
market_item.xlsx|agartha market|seller_raw:Walgreens||market_item.xlsx|agartha market|seller_raw:caliscoties,en_content_train_pool,train_grouped_oof,en_content_train_pool_cc_f337d7958a98c59b,0,positive,same_controller_direct_identifier,,1,1,0.428926871484,0.227396671472,0.227477654010,0.234313473645,0.305759337021
market_item.xlsx|agartha market|seller_raw:Walgreens||market_item.xlsx|agartha market|seller_raw:kaiserplug,en_content_train_pool,train_grouped_oof,en_content_train_pool_cc_f337d7958a98c59b,0,positive,same_controller_direct_identifier,,1,1,0.167132736764,0.174902666113,0.141777240466,0.183886249680,0.293836074342
market_item.xlsx|agartha market|seller_raw:beckynaf||market_item.xlsx|agartha market|seller_raw:wolfhon66,en_content_train_pool,train_grouped_oof,en_content_train_pool_cc_f337d7958a98c59b,0,negative,ordinary_negative,,1,1,0.545454545455,0.236528651486,0.221844043131,0.251966536862,0.250231522374
market_item.xlsx|agartha market|seller_raw:bluesstore||market_item.xlsx|agartha market|seller_raw:dozy1992,en_content_train_pool,train_grouped_oof,en_content_train_pool_cc_f337d7958a98c59b,0,positive,same_controller_direct_identifier,,1,1,0.075841701122,0.214324346011,0.198656381903,0.229106601520,0.206710209918
market_item.xlsx|agartha market|seller_raw:carlosjuan||market_item.xlsx|agartha market|seller_raw:westernunionstore,en_content_train_pool,train_grouped_oof,en_content_train_pool_cc_f337d7958a98c59b,0,negative,ordinary_negative,,1,1,0.439882276936,0.224240841530,0.192107482984,0.210345529002,0.171243761432
market_item.xlsx|agartha market|seller_raw:deathrow2||market_item.xlsx|agartha market|seller_raw:kaiserplug,en_content_train_pool,train_grouped_oof,en_content_train_pool_cc_f337d7958a98c59b,0,positive,same_controller_direct_identifier,,1,1,0.207799005496,0.081716399716,0.080715904930,0.086232390823,0.047159756506
market_item.xlsx|agartha market|seller_raw:dozy1992||market_item.xlsx|agartha market|seller_raw:kaiserplug,en_content_train_pool,train_grouped_oof,en_content_train_pool_cc_f337d7958a98c59b,0,positive,same_controller_direct_identifier,,1,1,0.066181953766,0.246656917515,0.236718517173,0.262990735600,0.263006629648
market_item.xlsx|agartha market|seller_raw:dozy1992||market_item.xlsx|agartha market|seller_raw:makershop,en_content_train_pool,train_grouped_oof,en_content_train_pool_cc_f337d7958a98c59b,0,positive,same_controller_direct_identifier,,1,1,0.442446043165,0.243576285410,0.231713149602,0.253817350008,0.291123545331
market_item.xlsx|agartha market|seller_raw:dozy1992||market_item.xlsx|agartha market|seller_raw:tonyplug,en_content_train_pool,train_grouped_oof,en_content_train_pool_cc_f337d7958a98c59b,0,positive,same_controller_direct_identifier,,1,1,0.058836347788,0.218135315371,0.222301489812,0.226316898828,0.158417200106
market_item.xlsx|agartha market|seller_raw:drugload90||market_item.xlsx|agartha market|seller_raw:medicalfarmer,en_content_train_pool,train_grouped_oof,en_content_train_pool_cc_f337d7958a98c59b,0,positive,same_controller_direct_identifier,,1,1,0.277518707299,0.262630178029,0.270730529404,0.280760174028,0.408799555109
market_item.xlsx|agartha market|seller_raw:drugload90||market_item.xlsx|agartha market|seller_raw:medscentre919,en_content_train_pool,train_grouped_oof,en_content_train_pool_cc_f337d7958a98c59b,0,negative,ordinary_negative,,1,1,0.291684853776,0.210830184222,0.197250934610,0.230290223185,0.136555827177
market_item.xlsx|agartha market|seller_raw:kaiserplug||market_item.xlsx|agartha market|seller_raw:makershop,en_content_train_pool,train_grouped_oof,en_content_train_pool_cc_f337d7958a98c59b,0,positive,same_controller_direct_identifier,,1,1,0.069910514541,0.224157152341,0.209046645950,0.236824080278,0.236560591044
market_item.xlsx|agartha market|seller_raw:kaiserplug||market_item.xlsx|agartha market|seller_raw:medicalfarmer,en_content_train_pool,train_grouped_oof,en_content_train_pool_cc_f337d7958a98c59b,0,positive,same_controller_direct_identifier,,1,1,0.132632035571,0.226697687380,0.203049113272,0.244020256727,0.430389511007
market_item.xlsx|agartha market|seller_raw:kaiserplug||market_item.xlsx|agartha market|seller_raw:private,en_content_train_pool,train_grouped_oof,en_content_train_pool_cc_f337d7958a98c59b,0,positive,same_controller_direct_identifier,,1,1,0.199198359433,0.259103770817,0.249931379104,0.279875446580,0.332041753032
market_item.xlsx|agartha market|seller_raw:kaiserplug||market_item.xlsx|agartha market|seller_raw:tonyplug,en_content_train_pool,train_grouped_oof,en_content_train_pool_cc_f337d7958a98c59b,0,positive,same_controller_direct_identifier,,1,1,0.565373719765,0.260283255839,0.246900033451,0.263419097990,0.340271786035
market_item.xlsx|agartha market|seller_raw:kaiserplug||market_item.xlsx|agartha market|seller_raw:wolfhon66,en_content_train_pool,train_grouped_oof,en_content_train_pool_cc_f337d7958a98c59b,0,positive,same_controller_direct_identifier,,1,1,0.332551738200,0.258570807349,0.244937900745,0.273012331483,0.370802477335
market_item.xlsx|agartha market|seller_raw:ketamshop||market_item.xlsx|agartha market|seller_raw:master,en_content_train_pool,train_grouped_oof,en_content_train_pool_cc_f337d7958a98c59b,0,negative,ordinary_negative,,1,1,0.321563682219,0.233059899604,0.219060406579,0.242663058938,0.312467558299
market_item.xlsx|agartha market|seller_raw:legitsupply||market_item.xlsx|agartha market|seller_raw:master,en_content_train_pool,train_grouped_oof,en_content_train_pool_cc_f337d7958a98c59b,0,positive,same_controller_direct_identifier,,1,1,0.089533417402,0.236343824584,0.209827063516,0.235910752165,0.163339839262
market_item.xlsx|agartha market|seller_raw:makershop||market_item.xlsx|agartha market|seller_raw:tonyplug,en_content_train_pool,train_grouped_oof,en_content_train_pool_cc_f337d7958a98c59b,0,positive,same_controller_direct_identifier,,1,1,0.037807801264,0.209051997763,0.198303348592,0.218113296322,0.151822200319
market_item.xlsx|agartha market|seller_raw:medicalfarmer||market_item.xlsx|agartha market|seller_raw:vendor_men,en_content_train_pool,train_grouped_oof,en_content_train_pool_cc_f337d7958a98c59b,0,positive,same_controller_direct_identifier,,1,1,0.319813469255,0.262555520909,0.264578030093,0.254739547220,0.295310893026
market_item.xlsx|agartha market|seller_raw:private||market_item.xlsx|agartha market|seller_raw:tonyplug,en_content_train_pool,train_grouped_oof,en_content_train_pool_cc_f337d7958a98c59b,0,positive,same_controller_direct_identifier,,1,1,0.491937241229,0.258894194905,0.254246622835,0.274807876894,0.294834125915
market_item.xlsx|apollon market|seller_raw:2GD4DN (100%)||market_item.xlsx|dark0de|seller_raw:yourgirlmolly,en_content_train_pool,train_grouped_oof,en_content_train_pool_cc_e559093a39743ba8,1,negative,semantic_topic_not_controller,,1,1,0.403149606299,0.378729279228,0.425002239656,0.429825727265,0.382912319929
market_item.xlsx|apollon market|seller_raw:3Monkeys (96%)||market_item.xlsx|apollon market|seller_raw:DutchHarbour (50%),en_content_train_pool,train_grouped_oof,en_content_train_pool_cc_484120b70a1e4a5b,4,negative,ordinary_negative,,1,1,0.060471976401,0.357292528271,0.357455678989,0.367785419552,0.361257967892
market_item.xlsx|apollon market|seller_raw:AMSTERDAM-TRANSPORT (100%)||market_item.xlsx|apollon market|seller_raw:HollandOnline (95%),en_content_train_pool,train_grouped_oof,en_content_train_pool_cc_359eaa75f277fa99,2,positive,same_controller_style_structural_soft,,1,1,0.856912209889,0.415592165575,0.437068024363,0.440587347129,0.323580549007
market_item.xlsx|apollon market|seller_raw:AddyUSA (100%)||market_item.xlsx|dark0de|seller_raw:lastpink,en_content_train_pool,train_grouped_oof,en_content_train_pool_cc_b98b73fe836ee064,3,negative,ordinary_negative,,1,1,0.356005788712,0.329467920651,0.346067042273,0.366748845444,0.235709729677
market_item.xlsx|apollon market|seller_raw:AlphaGenetics (100%)||market_item.xlsx|apollon market|seller_raw:AmericanAnabolics (100%),en_content_train_pool,train_grouped_oof,en_content_train_pool_cc_64a0a4c5760e2396,1,negative,ordinary_negative,,1,1,0.381418092910,0.234567696992,0.242061743612,0.224877200230,0.244431036617
market_item.xlsx|apollon market|seller_raw:AmericanAnabolics (100%)||market_item.xlsx|apollon market|seller_raw:Badbear707 (100%),en_content_train_pool,train_grouped_oof,en_content_train_pool_cc_64a0a4c5760e2396,1,negative,ordinary_negative,,1,1,0.185516680228,0.174880251458,0.194691358673,0.204624235099,0.224449031757
market_item.xlsx|apollon market|seller_raw:AmsterdamNL (100%)||market_item.xlsx|apollon market|seller_raw:Thisisholland (99%),en_content_train_pool,train_grouped_oof,en_content_train_pool_cc_6f8ae45e0cce9bd4,2,negative,ordinary_negative,,1,1,0.247973076335,0.326953425691,0.349322045167,0.352489342356,0.335665939360
market_item.xlsx|apollon market|seller_raw:AndyMacht (100%)||market_item.xlsx|apollon market|seller_raw:StopANDShop (100%),en_content_train_pool,train_grouped_oof,en_content_train_pool_cc_604602d2af87d5d9,1,negative,ordinary_negative,,1,1,0.667190501135,0.218529111420,0.214354972899,0.224859538180,0.249377409722
market_item.xlsx|apollon market|seller_raw:Bestbars (100%)||market_item.xlsx|apollon market|seller_raw:keranvends (100%),en_content_train_pool,train_grouped_oof,en_content_train_pool_cc_2506ca0ec6e19d98,1,positive,same_controller_direct_identifier,,1,1,0.871068864395,0.478090808667,0.508425023944,0.500215859959,0.613404853319
market_item.xlsx|apollon market|seller_raw:CaliforniaGirl (100%)||market_item.xlsx|apollon market|seller_raw:habbyshabby (99%),en_content_train_pool,train_grouped_oof,en_content_train_pool_cc_518628b92f14900d,3,negative,public_contact_or_url_noise,,1,1,0.223854494579,0.245559552176,0.229296625441,0.244251151018,0.220560243124
market_item.xlsx|apollon market|seller_raw:Charlie-s (100%)||market_item.xlsx|apollon market|seller_raw:Naturalminds (100%),en_content_train_pool,train_grouped_oof,en_content_train_pool_cc_cabf9f7a8df3b7ff,2,negative,ordinary_negative,,1,1,0.243469174504,0.206144312926,0.201653212470,0.230759008712,0.350719236113
market_item.xlsx|apollon market|seller_raw:Crownstar (100%)||market_item.xlsx|apollon market|seller_raw:Shan (100%),en_content_train_pool,train_grouped_oof,en_content_train_pool_cc_4e659fb33f9a0d08,3,positive,same_controller_direct_identifier,,1,1,0.753238341969,0.428202442733,0.427057257630,0.411751908896,0.491319137345
market_item.xlsx|apollon market|seller_raw:DHLExpress (100%)||market_item.xlsx|apollon market|seller_raw:NHSDirect (100%),en_content_train_pool,train_grouped_oof,en_content_train_pool_cc_53bcb3f5038e52bf,1,negative,public_contact_or_url_noise,,1,1,0.599664991625,0.378726050096,0.423062486754,0.430267886680,0.388351128415
market_item.xlsx|apollon market|seller_raw:Darjeeling (100%)||market_item.xlsx|apollon market|seller_raw:DrParagon (100%),en_content_train_pool,train_grouped_oof,en_content_train_pool_cc_928ab4bc33d82468,1,negative,ordinary_negative,,1,1,0.138638073740,0.400395919612,0.432876716272,0.413065065612,0.496485350287
market_item.xlsx|apollon market|seller_raw:DerFeinschmecker (100%)||market_item.xlsx|darkfox market|seller_raw:Feinschmecker,en_content_train_pool,train_grouped_oof,en_content_train_pool_cc_81aff996142615a3,1,positive,same_controller_style_structural_soft,,1,1,0.431266149871,0.410702497268,0.443359699455,0.451852517813,0.434135803266
market_item.xlsx|apollon market|seller_raw:DrogenTeamDE (100%)||market_item.xlsx|apollon market|seller_raw:SuperDrugs (100%),en_content_train_pool,train_grouped_oof,en_content_train_pool_cc_8103684f6489f306,4,positive,same_controller_style_structural_soft,,1,1,0.805895933227,0.423283617602,0.436976112001,0.417319376531,0.552349554726
market_item.xlsx|apollon market|seller_raw:Drugsterminator (91%)||market_item.xlsx|apollon market|seller_raw:Partydrug-NL (100%),en_content_train_pool,train_grouped_oof,en_content_train_pool_cc_20c52816be366961,4,positive,same_controller_style_structural_soft,,1,1,0.888163051999,0.459314738625,0.503393358447,0.498514387451,0.733874419328
market_item.xlsx|apollon market|seller_raw:DrulesLi (100%)||market_item.xlsx|apollon market|seller_raw:Guzmann77 (100%),en_content_train_pool,train_grouped_oof,en_content_train_pool_cc_9d1afbc0587e5b71,4,negative,ordinary_negative,,1,1,0.289106145251,0.385544202777,0.416974946841,0.435211240178,0.639563084754
market_item.xlsx|apollon market|seller_raw:DrulesLi (100%)||market_item.xlsx|apollon market|seller_raw:firechemicalshop (100%),en_content_train_pool,train_grouped_oof,en_content_train_pool_cc_9d1afbc0587e5b71,4,negative,ordinary_negative,,1,1,0.432218844985,0.343099726291,0.370245628953,0.391295543030,0.572785399924
market_item.xlsx|apollon market|seller_raw:DutchHellboy (100%)||market_item.xlsx|apollon market|seller_raw:FCBayernMunich (100%),en_content_train_pool,train_grouped_oof,en_content_train_pool_cc_712d75aeb0eba805,3,negative,ordinary_negative,,1,1,0.000000000000,0.358423010889,0.385705335145,0.404440158052,0.439490339516
market_item.xlsx|apollon market|seller_raw:Empyrean (100%)||market_item.xlsx|silk road 3.1|seller_raw:Goodchems,en_content_train_pool,train_grouped_oof,en_content_train_pool_cc_ccc364adca22e78c,3,negative,ordinary_negative,,1,1,0.000000000000,0.281413966576,0.313878399397,0.320721495486,0.237163014071
market_item.xlsx|apollon market|seller_raw:F1rstman (99%)||market_item.xlsx|dark0de|seller_raw:heroinfactory,en_content_train_pool,train_grouped_oof,en_content_train_pool_cc_644bf0394b4f401b,1,negative,ordinary_negative,,1,1,0.713304924242,0.281475795260,0.301737955787,0.328157012933,0.274706498161
market_item.xlsx|apollon market|seller_raw:GRUENEWALDSCAVE (100%)||market_item.xlsx|darkfox market|seller_raw:POSTMANPILL,en_content_train_pool,train_grouped_oof,en_content_train_pool_cc_0a372bbf37498ebb,2,negative,template_clone_not_controller,,1,1,0.645469758546,0.287346598086,0.251570876797,0.248907881517,0.208257510666
market_item.xlsx|apollon market|seller_raw:HotShop (100%)||market_item.xlsx|dark0de|seller_raw:hotshop100,en_content_train_pool,train_grouped_oof,en_content_train_pool_cc_e2089ba91f9633e8,1,positive,same_controller_style_structural_soft,,1,1,0.703990812518,0.333820572008,0.371875997877,0.376899101513,0.390134551661
market_item.xlsx|apollon market|seller_raw:JOYinc (99%)||market_item.xlsx|cypher market|seller_raw:cmoney345,en_content_train_pool,train_grouped_oof,en_content_train_pool_cc_f24a0e1cd12c9ac5,4,negative,semantic_topic_not_controller,,1,1,0.656110836220,0.063303942550,0.057618010794,0.063656958490,0.078101843741
market_item.xlsx|apollon market|seller_raw:JiffyBagBoys (100%)||market_item.xlsx|dark0de|seller_raw:jiffybagboystor,en_content_train_pool,train_grouped_oof,en_content_train_pool_cc_c4d9a67a8ab3c80c,1,positive,same_controller_style_structural_soft,,1,1,0.629996462681,0.250721529912,0.265268413735,0.282807702659,0.263791659451
market_item.xlsx|apollon market|seller_raw:JustRelax (100%)||market_item.xlsx|cannazon market|seller_raw:PappaHasch,en_content_train_pool,train_grouped_oof,en_content_train_pool_cc_d108985584ce7b3d,2,negative,semantic_topic_not_controller,,1,1,0.601980198020,0.292013082120,0.326944654690,0.309544616480,0.430250842256
market_item.xlsx|apollon market|seller_raw:Kojak (97%)||market_item.xlsx|silk road 3.1|seller_raw:prohack,en_content_train_pool,train_grouped_oof,en_content_train_pool_cc_d98fffa3e0ba8cf6,2,negative,public_contact_or_url_noise,,1,1,0.447105594880,0.246416839197,0.257277461053,0.272806193563,0.270904115556
market_item.xlsx|apollon market|seller_raw:LILpump305 (100%)||market_item.xlsx|apollon market|seller_raw:Xanos (100%),en_content_train_pool,train_grouped_oof,en_content_train_pool_cc_5e4b9098bf78d5be,4,negative,ordinary_negative,,1,1,0.465833945628,0.049481135380,0.029664231246,0.036461927238,0.015660990025
market_item.xlsx|apollon market|seller_raw:LaCoca (100%)||market_item.xlsx|apollon market|seller_raw:ScarlettsK (100%),en_content_train_pool,train_grouped_oof,en_content_train_pool_cc_efe98bbb72636598,4,negative,ordinary_negative,,1,1,0.059678653405,0.423550630219,0.463164343436,0.473455955564,0.468123486921
market_item.xlsx|apollon market|seller_raw:Mellow (100%)||market_item.xlsx|silk road 3.1|seller_raw:tlc010190,en_content_train_pool,train_grouped_oof,en_content_train_pool_cc_6407f47b01ed8336,3,negative,semantic_topic_not_controller,,1,1,0.155339805825,0.273915118775,0.261018641979,0.275536118142,0.201754723241
market_item.xlsx|apollon market|seller_raw:NHS_UK (100%)||market_item.xlsx|apollon market|seller_raw:UKMASTERS (95%),en_content_train_pool,train_grouped_oof,en_content_train_pool_cc_d4961c9d4cad0ff6,3,negative,ordinary_negative,,1,1,0.099812850905,0.411792324501,0.456097434867,0.457017033782,0.413783876735
market_item.xlsx|apollon market|seller_raw:NarcoExpress (100%)||market_item.xlsx|apollon market|seller_raw:flexcompany (100%),en_content_train_pool,train_grouped_oof,en_content_train_pool_cc_ef4bffb40f7922c8,3,negative,ordinary_negative,,1,1,0.638947368421,0.281840489835,0.330293655161,0.304001300545,0.264735475702
market_item.xlsx|apollon market|seller_raw:NarcoExpress (100%)||market_item.xlsx|apollon market|seller_raw:your_service (98%),en_content_train_pool,train_grouped_oof,en_content_train_pool_cc_ef4bffb40f7922c8,3,negative,ordinary_negative,,1,1,0.638684210526,0.296301264893,0.332182930338,0.306031762740,0.260481553489
market_item.xlsx|apollon market|seller_raw:NoPayNoPLay (100%)||market_item.xlsx|apollon market|seller_raw:UKMASTERS (95%),en_content_train_pool,train_grouped_oof,en_content_train_pool_cc_d4961c9d4cad0ff6,3,negative,ordinary_negative,,1,1,0.000000000000,0.317211284324,0.298704725520,0.290234445637,0.285709150379
market_item.xlsx|apollon market|seller_raw:Omegakappa1 (100%)||market_item.xlsx|darkfox market|seller_raw:Odessy007,en_content_train_pool,train_grouped_oof,en_content_train_pool_cc_8f86259f6d86363f,1,negative,ordinary_negative,,1,1,0.530166880616,0.404774830451,0.403642172075,0.390857691203,0.346825983631
market_item.xlsx|apollon market|seller_raw:ProVendor (100%)||market_item.xlsx|silk road 3.1|seller_raw:SouthernSpecial,en_content_train_pool,train_grouped_oof,en_content_train_pool_cc_a4647de594b5d69c,1,negative,semantic_topic_not_controller,,1,1,0.000000000000,0.226374068213,0.261251665100,0.252261293803,0.231910947627
market_item.xlsx|apollon market|seller_raw:ProfessorsEmporium (100%)||market_item.xlsx|apollon market|seller_raw:PsylocybeFanaticus (100%),en_content_train_pool,train_grouped_oof,en_content_train_pool_cc_dc81cb278272e09a,2,positive,same_controller_style_structural_soft,,1,1,0.903526179209,0.366310714973,0.408046306792,0.386653476702,0.521333767346
market_item.xlsx|apollon market|seller_raw:Shr00mery (100%)||market_item.xlsx|silk road 3.1|seller_raw:sam220,en_content_train_pool,train_grouped_oof,en_content_train_pool_cc_0b9d1f6a9e25bde2,1,negative,semantic_topic_not_controller,,1,1,0.257731958763,0.357746357956,0.428413441218,0.372916375922,0.364758488844
market_item.xlsx|apollon market|seller_raw:StealthPharmacy (100%)||market_item.xlsx|versus market|seller_raw:Diazeman,en_content_train_pool,train_grouped_oof,en_content_train_pool_cc_0a1830bc0483c966,3,positive,same_controller_style_structural_soft,,1,1,0.723204419890,0.348685793674,0.373540873749,0.379312842762,0.447331992188
market_item.xlsx|apollon market|seller_raw:Telstra1 (100%)||market_item.xlsx|dark0de|seller_raw:telstra,en_content_train_pool,train_grouped_oof,en_content_train_pool_cc_808281fe369ae394,0,negative,public_contact_or_url_noise,,1,1,0.123507396186,0.199523119713,0.168235526221,0.207896380979,0.196977787881
market_item.xlsx|apollon market|seller_raw:TheStudent (100%)||market_item.xlsx|silk road 3.1|seller_raw:bringbeerforwifi,en_content_train_pool,train_grouped_oof,en_content_train_pool_cc_14fd652cedfe200c,2,negative,ordinary_negative,,1,1,0.088547008547,0.131798203932,0.074751149449,0.091228836706,0.041148156525
market_item.xlsx|apollon market|seller_raw:UKPHARMA (89%)||market_item.xlsx|apollon market|seller_raw:terrysukstock (98%),en_content_train_pool,train_grouped_oof,en_content_train_pool_cc_15c4e37f1828524c,1,negative,public_contact_or_url_noise,,1,1,0.527708437344,0.146860502553,0.150185225421,0.181247005375,0.209070330098
market_item.xlsx|apollon market|seller_raw:VitalikButerin (95%)||market_item.xlsx|silk road 3.1|seller_raw:Drugmarket,en_content_train_pool,train_grouped_oof,en_content_train_pool_cc_33273c9efa4a82c2,4,negative,semantic_topic_not_controller,,1,1,0.447354355959,0.150162366380,0.150454002927,0.159439693127,0.069040635876
market_item.xlsx|apollon market|seller_raw:astronomicat (100%)||market_item.xlsx|silk road 3.1|seller_raw:jenkin,en_content_train_pool,train_grouped_oof,en_content_train_pool_cc_2becc3c8a1e46419,2,negative,ordinary_negative,,1,1,0.000000000000,0.312342583881,0.209552112552,0.212720870955,0.148878351309
market_item.xlsx|apollon market|seller_raw:aussiemedic (100%)||market_item.xlsx|apollon market|seller_raw:budreaper (100%),en_content_train_pool,train_grouped_oof,en_content_train_pool_cc_c16711de7370b0af,4,negative,ordinary_negative,,1,1,0.140996418105,0.413804547926,0.450294401408,0.451857394452,0.366374927998
market_item.xlsx|apollon market|seller_raw:biggertreesinc (98%)||market_item.xlsx|darkfox market|seller_raw:lutonlu,en_content_train_pool,train_grouped_oof,en_content_train_pool_cc_12d4df600b59efe3,3,negative,public_contact_or_url_noise,,1,1,0.514975731029,0.231619863925,0.246566561840,0.263325210299,0.263746559128
market_item.xlsx|apollon market|seller_raw:bluemagic (98%)||market_item.xlsx|apollon market|seller_raw:expresspharma (100%),en_content_train_pool,train_grouped_oof,en_content_train_pool_cc_c5f25c717798aa9e,2,negative,ordinary_negative,,1,1,0.597827444125,0.259381089480,0.252410041691,0.275694304941,0.312618656058
market_item.xlsx|apollon market|seller_raw:bluemagic (98%)||market_item.xlsx|dark0de|seller_raw:expresspharma,en_content_train_pool,train_grouped_oof,en_content_train_pool_cc_c5f25c717798aa9e,2,negative,ordinary_negative,,1,1,0.450220926953,0.235197288031,0.234260786721,0.260559668399,0.240775467074
market_item.xlsx|apollon market|seller_raw:brutalflapjacks (100%)||market_item.xlsx|apollon market|seller_raw:hogwartsexpress (100%),en_content_train_pool,train_grouped_oof,en_content_train_pool_cc_a2593bf8b24afee0,1,negative,semantic_topic_not_controller,,1,1,0.444299862647,0.170854628866,0.177521657577,0.206779814235,0.147289480854
market_item.xlsx|apollon market|seller_raw:cleancards (94%)||market_item.xlsx|dark0de|seller_raw:gocash,en_content_train_pool,train_grouped_oof,en_content_train_pool_cc_7f9e6b43db106ccf,2,negative,public_contact_or_url_noise,,1,1,0.538895152198,0.312558608151,0.273015082393,0.277800313929,0.363226494453
market_item.xlsx|apollon market|seller_raw:cocaineuk1 (98%)||market_item.xlsx|apollon market|seller_raw:ukcocaine (100%),en_content_train_pool,train_grouped_oof,en_content_train_pool_cc_40b1f1015f0aa35d,2,positive,same_controller_style_structural_soft,,1,1,0.949526066351,0.455208808237,0.517086898582,0.424840599481,0.640795403895
market_item.xlsx|apollon market|seller_raw:friskmint (100%)||market_item.xlsx|apollon market|seller_raw:shopmoreman (100%),en_content_train_pool,train_grouped_oof,en_content_train_pool_cc_4d43b52ee45cc841,3,negative,public_contact_or_url_noise,,1,1,0.793364928910,0.331018403475,0.250444138329,0.216427346999,0.249574712219
market_item.xlsx|apollon market|seller_raw:hogwartsexpress (100%)||market_item.xlsx|apollon market|seller_raw:luck0923 (99%),en_content_train_pool,train_grouped_oof,en_content_train_pool_cc_a2593bf8b24afee0,1,negative,ordinary_negative,,1,1,0.398387638562,0.244861868634,0.209787615553,0.227429515063,0.137779806661
market_item.xlsx|apollon market|seller_raw:jermaine (100%)||market_item.xlsx|apollon market|seller_raw:slanggang (100%),en_content_train_pool,train_grouped_oof,en_content_train_pool_cc_9d0da820a9f61a63,3,negative,ordinary_negative,,1,1,0.293131422390,0.425315877073,0.458819037473,0.461624111619,0.406120246504
market_item.xlsx|apollon market|seller_raw:marleya (100%)||market_item.xlsx|apollon market|seller_raw:mentalistsales (100%),en_content_train_pool,train_grouped_oof,en_content_train_pool_cc_a4e60eecf262d20d,3,negative,template_clone_not_controller,,1,1,0.595238095238,0.232056698384,0.235101950319,0.261342715926,0.340123803659
market_item.xlsx|apollon market|seller_raw:monoko (99%)||market_item.xlsx|apollon market|seller_raw:trooper941 (100%),en_content_train_pool,train_grouped_oof,en_content_train_pool_cc_7b1e476eace50901,0,negative,ordinary_negative,,1,1,0.236502960641,0.156779951004,0.154647519341,0.160478553297,0.188902789553
market_item.xlsx|apollon market|seller_raw:opiateconnect (100%)||market_item.xlsx|dark0de|seller_raw:thegingerbreadmann,en_content_train_pool,train_grouped_oof,en_content_train_pool_cc_6604270fbd44dc9b,3,negative,semantic_topic_not_controller,,1,1,0.000000000000,0.202016719674,0.182507790386,0.200679012472,0.158434892857
market_item.xlsx|apollon market|seller_raw:psychedeli (100%)||market_item.xlsx|silk road 3.1|seller_raw:leary,en_content_train_pool,train_grouped_oof,en_content_train_pool_cc_44c994d4e5c71797,4,negative,ordinary_negative,,1,1,0.533333333333,0.001045993574,0.000420616104,0.000982508932,0.005179764127
market_item.xlsx|apollon market|seller_raw:ransom12c (100%)||market_item.xlsx|tor2door market|seller_raw:Caliconect,en_content_train_pool,train_grouped_oof,en_content_train_pool_cc_11453ae2efd34b06,1,negative,template_clone_not_controller,,1,1,0.441954022989,0.318828197979,0.330820572208,0.342942299070,0.313382483133
market_item.xlsx|apollon market|seller_raw:shroomking (100%)||market_item.xlsx|dark0de|seller_raw:bitbuds,en_content_train_pool,train_grouped_oof,en_content_train_pool_cc_702dc9588074d079,4,negative,ordinary_negative,,1,1,0.760112888053,0.373820863404,0.398439510726,0.398720060593,0.174685750136
market_item.xlsx|apollon market|seller_raw:the-plutus (97%)||market_item.xlsx|darkfox market|seller_raw:plutus,en_content_train_pool,train_grouped_oof,en_content_train_pool_cc_b8d084143da554f7,2,positive,same_controller_style_structural_soft,,1,1,0.569959247041,0.305423513773,0.305457433212,0.307079921627,0.276232256273
market_item.xlsx|cannazon market|seller_raw:EiffelCartel||market_item.xlsx|dark0de|seller_raw:frenchycaneloni,en_content_train_pool,train_grouped_oof,en_content_train_pool_cc_af237d057922fafb,4,positive,same_controller_style_structural_soft,,1,1,0.787568306011,0.450616821361,0.474236121841,0.468074804428,0.505225085590
market_item.xlsx|cannazon market|seller_raw:Weed365||market_item.xlsx|vice city|seller_raw:Brexitmooch,en_content_train_pool,train_grouped_oof,en_content_train_pool_cc_004159f5a4159919,4,negative,template_clone_not_controller,,1,1,0.543637574950,0.223940969136,0.150763374306,0.148573966857,0.123673863248
market_item.xlsx|cannazon market|seller_raw:WeedPhantom||market_item.xlsx|vice city|seller_raw:WeedHunter1312,en_content_train_pool,train_grouped_oof,en_content_train_pool_cc_dcf84f0c560d2eca,4,negative,ordinary_negative,,1,1,0.464482885536,0.412015184118,0.452702916820,0.459999885873,0.427483538693
market_item.xlsx|cypher market|seller_raw:cmoney345||market_item.xlsx|darkfox market|seller_raw:JOYinc,en_content_train_pool,train_grouped_oof,en_content_train_pool_cc_f24a0e1cd12c9ac5,4,negative,ordinary_negative,,1,1,0.640376692172,0.206415289132,0.193354745461,0.194446971872,0.205284374228
market_item.xlsx|dark0de|seller_raw:alphapharmaltd||market_item.xlsx|darkfox market|seller_raw:streetpushers,en_content_train_pool,train_grouped_oof,en_content_train_pool_cc_ecd44d8f9ef4d593,2,negative,ordinary_negative,,1,1,0.763573685722,0.399860399456,0.374739154911,0.375423274854,0.410340252854
market_item.xlsx|dark0de|seller_raw:barguys||market_item.xlsx|dark0de|seller_raw:bulkbars,en_content_train_pool,train_grouped_oof,en_content_train_pool_cc_458c14f7d0a0645c,4,negative,ordinary_negative,,1,1,0.363965829666,0.138256827137,0.134197665249,0.175690402873,0.354422670818
market_item.xlsx|dark0de|seller_raw:biggertreesinc||market_item.xlsx|dark0de|seller_raw:wec4020,en_content_train_pool,train_grouped_oof,en_content_train_pool_cc_cf622ee8c17b89b5,4,negative,ordinary_negative,,1,1,0.208887740602,0.248404907961,0.263709456838,0.271431736196,0.262994320926
market_item.xlsx|dark0de|seller_raw:c2c22||market_item.xlsx|tor2door market|seller_raw:Candy_flakes,en_content_train_pool,train_grouped_oof,en_content_train_pool_cc_b382d8d96838fd0e,3,negative,template_clone_not_controller,,1,1,0.886718750000,0.347013019715,0.235911794110,0.173401613155,0.202383299968
market_item.xlsx|dark0de|seller_raw:c2c22||market_item.xlsx|tor2door market|seller_raw:CocoParis,en_content_train_pool,train_grouped_oof,en_content_train_pool_cc_b382d8d96838fd0e,3,negative,template_clone_not_controller,,1,1,0.886718750000,0.347013019715,0.235911794110,0.173401613155,0.202383299968
market_item.xlsx|dark0de|seller_raw:c2c22||market_item.xlsx|tor2door market|seller_raw:VEVO,en_content_train_pool,train_grouped_oof,en_content_train_pool_cc_b382d8d96838fd0e,3,negative,template_clone_not_controller,,1,1,0.880452342488,0.268565533877,0.175653987796,0.118240150324,0.128463523373
market_item.xlsx|dark0de|seller_raw:cosmiccannabispnw||market_item.xlsx|darkfox market|seller_raw:CosmicCannabis,en_content_train_pool,train_grouped_oof,en_content_train_pool_cc_70d9fc2fbd12eeb3,4,positive,same_controller_style_structural_soft,,1,1,0.853645696236,0.375712029169,0.396418099487,0.391003838052,0.475099937084
market_item.xlsx|dark0de|seller_raw:dazn||market_item.xlsx|vice city|seller_raw:CastorSmiley,en_content_train_pool,train_grouped_oof,en_content_train_pool_cc_134df59f647be08c,3,negative,public_contact_or_url_noise,,1,1,0.807689161554,0.264666588803,0.272782534309,0.286989699629,0.313593430770
market_item.xlsx|dark0de|seller_raw:discountweedco||market_item.xlsx|silk road 3.1|seller_raw:Drugmarket,en_content_train_pool,train_grouped_oof,en_content_train_pool_cc_33273c9efa4a82c2,4,negative,public_contact_or_url_noise,,1,1,0.447176198112,0.327056861399,0.355153737924,0.370632812068,0.332528237787
market_item.xlsx|dark0de|seller_raw:exoticimports||market_item.xlsx|dark0de|seller_raw:psycheshop,en_content_train_pool,train_grouped_oof,en_content_train_pool_cc_eda49314028bb7d5,2,negative,semantic_topic_not_controller,,1,1,0.480239847370,0.130970843695,0.105814338657,0.127383985154,0.082421571040
market_item.xlsx|dark0de|seller_raw:findyourmuse||market_item.xlsx|tor2door market|seller_raw:Muse,en_content_train_pool,train_grouped_oof,en_content_train_pool_cc_bd8b2ed1078bab75,4,negative,ordinary_negative,,1,1,0.847645429363,0.368775182731,0.285406045981,0.271861887373,0.506494246732
market_item.xlsx|dark0de|seller_raw:ghostbusterz||market_item.xlsx|darkfox market|seller_raw:drugsfarm,en_content_train_pool,train_grouped_oof,en_content_train_pool_cc_d63b8305e78ac672,2,negative,semantic_topic_not_controller,,1,1,0.556164383562,0.267828528659,0.319743142110,0.293262934268,0.301015374523
market_item.xlsx|dark0de|seller_raw:gimmesomeroy||market_item.xlsx|darkfox market|seller_raw:ilovelucy,en_content_train_pool,train_grouped_oof,en_content_train_pool_cc_3cb91d7ccfa9b6c4,1,negative,semantic_topic_not_controller,,1,1,0.000000000000,0.323138398571,0.211674197860,0.216215092157,0.231786276953
market_item.xlsx|dark0de|seller_raw:gmailz||market_item.xlsx|vice city|seller_raw:Gmail,en_content_train_pool,train_grouped_oof,en_content_train_pool_cc_a9c9969636be093f,4,positive,same_controller_style_structural_soft,,1,1,0.901734104046,0.333478892288,0.355884821228,0.352819060550,0.284892207256
market_item.xlsx|dark0de|seller_raw:gocash||market_item.xlsx|vice city|seller_raw:Guthguth,en_content_train_pool,train_grouped_oof,en_content_train_pool_cc_7f9e6b43db106ccf,2,negative,public_contact_or_url_noise,,1,1,0.525084554679,0.241049778448,0.168224666723,0.176495599106,0.270150781186
market_item.xlsx|dark0de|seller_raw:gofast36||market_item.xlsx|dark0de|seller_raw:theolddoctorfe,en_content_train_pool,train_grouped_oof,en_content_train_pool_cc_9eaec72a084dee11,1,negative,semantic_topic_not_controller,,1,1,0.462020360219,0.351768222805,0.389124260789,0.386449578112,0.303352405680
market_item.xlsx|dark0de|seller_raw:kaliflora||market_item.xlsx|silk road 3.1|seller_raw:ovo,en_content_train_pool,train_grouped_oof,en_content_train_pool_cc_106913dbc52e0ba8,2,negative,ordinary_negative,,1,1,0.568759342302,0.381846185744,0.398028248636,0.400218123360,0.387928713077
market_item.xlsx|dark0de|seller_raw:kidcannabis7||market_item.xlsx|dark0de|seller_raw:louderpacks,en_content_train_pool,train_grouped_oof,en_content_train_pool_cc_d9239ddfd2f18c47,2,negative,ordinary_negative,,1,1,0.278125000000,0.216444167564,0.211361722390,0.198246147629,0.118166656398
market_item.xlsx|dark0de|seller_raw:kingacc||market_item.xlsx|darkfox market|seller_raw:KingATM,en_content_train_pool,train_grouped_oof,en_content_train_pool_cc_2a42a4da799a2e99,0,negative,public_contact_or_url_noise,,1,1,0.290810157195,0.123953509268,0.136868574280,0.137791820018,0.174053199359
market_item.xlsx|dark0de|seller_raw:ldnexpert||market_item.xlsx|versus market|seller_raw:PharmaWorldUK,en_content_train_pool,train_grouped_oof,en_content_train_pool_cc_cfc44b736e392506,0,negative,ordinary_negative,,1,1,0.776360737873,0.227894603692,0.195909551218,0.221695309229,0.243503125446
market_item.xlsx|dark0de|seller_raw:mrcapri||market_item.xlsx|white house market|seller_raw:narcosxpress,en_content_train_pool,train_grouped_oof,en_content_train_pool_cc_16826b477db03cc0,4,negative,semantic_topic_not_controller,,1,1,0.597168597169,0.222729390963,0.162132488279,0.175766968543,0.056388506362
market_item.xlsx|dark0de|seller_raw:onlyxans||market_item.xlsx|dark0de|seller_raw:thegingerbreadmann,en_content_train_pool,train_grouped_oof,en_content_train_pool_cc_6604270fbd44dc9b,3,negative,ordinary_negative,,1,1,0.000000000000,0.291420550967,0.281866197253,0.291604402954,0.204241253424
market_item.xlsx|dark0de|seller_raw:perfectmeds||market_item.xlsx|darkfox market|seller_raw:bigdickvibes,en_content_train_pool,train_grouped_oof,en_content_train_pool_cc_30d38c1dca663892,0,negative,ordinary_negative,,1,1,0.124333925400,0.175780784628,0.175413689362,0.182666350718,0.177603885113
market_item.xlsx|dark0de|seller_raw:pickwickfactorynl||market_item.xlsx|darkfox market|seller_raw:PickwckFctryNL,en_content_train_pool,train_grouped_oof,en_content_train_pool_cc_d6de595f683671ab,1,positive,same_controller_style_structural_soft,,1,1,0.723398479913,0.409799233863,0.429878610896,0.417482562636,0.391672186218
market_item.xlsx|dark0de|seller_raw:powerpuffuk||market_item.xlsx|monopoly market|seller_raw:sponge,en_content_train_pool,train_grouped_oof,en_content_train_pool_cc_75d3101808fe5bc5,2,negative,ordinary_negative,,1,1,0.644705882353,0.197035504707,0.150183963539,0.157018024929,0.174334194220
market_item.xlsx|dark0de|seller_raw:sluts||market_item.xlsx|versus market|seller_raw:sluts1,en_content_train_pool,train_grouped_oof,en_content_train_pool_cc_d4600fefc52e5c45,2,positive,same_controller_style_structural_soft,,1,1,0.949875724938,0.437580768396,0.470875030026,0.415326633826,0.594328370453
market_item.xlsx|dark0de|seller_raw:sm0ke||market_item.xlsx|silk road 3.1|seller_raw:SonOfAGun,en_content_train_pool,train_grouped_oof,en_content_train_pool_cc_8b9d383fca737d02,2,negative,ordinary_negative,,1,1,0.000000000000,0.258914365123,0.185483340497,0.196111366910,0.156611539698
market_item.xlsx|dark0de|seller_raw:sm0ke||market_item.xlsx|silk road 3.1|seller_raw:dunderchief,en_content_train_pool,train_grouped_oof,en_content_train_pool_cc_8b9d383fca737d02,2,negative,ordinary_negative,,1,1,0.000000000000,0.259334769245,0.257271015070,0.289406217488,0.312600460771
market_item.xlsx|dark0de|seller_raw:supperfast001||market_item.xlsx|incognito|seller_raw:/vendor/vinicius12,en_content_train_pool,train_grouped_oof,en_content_train_pool_cc_74739d717a8bdbab,4,negative,template_clone_not_controller,,1,1,0.716157205240,0.282254538350,0.258722084342,0.222206667379,0.151451249988
market_item.xlsx|dark0de|seller_raw:thegingerbreadmann||market_item.xlsx|dark0de|seller_raw:xanman007,en_content_train_pool,train_grouped_oof,en_content_train_pool_cc_6604270fbd44dc9b,3,negative,ordinary_negative,,1,1,0.000000000000,0.201085022953,0.171562977669,0.194602995670,0.132016966962
market_item.xlsx|dark0de|seller_raw:tiktokcc||market_item.xlsx|darkfox market|seller_raw:ramashkaCC,en_content_train_pool,train_grouped_oof,en_content_train_pool_cc_335af02cf5a26e6d,4,negative,public_contact_or_url_noise,,1,1,0.435147654893,0.231090706140,0.207044177628,0.207631811876,0.202941682077
market_item.xlsx|darkfox market|seller_raw:Deus||market_item.xlsx|silk road 3.1|seller_raw:leary,en_content_train_pool,train_grouped_oof,en_content_train_pool_cc_44c994d4e5c71797,4,negative,ordinary_negative,,1,1,0.285714285714,0.003987456137,0.001342499903,0.002049503794,0.006845686012
market_item.xlsx|darkfox market|seller_raw:DrugAmazon||market_item.xlsx|darkfox market|seller_raw:Pinoccio,en_content_train_pool,train_grouped_oof,en_content_train_pool_cc_5e24cc92cd1d011b,0,negative,ordinary_negative,,1,1,0.455385363482,0.234622815961,0.233723727763,0.255402081912,0.237319801000
market_item.xlsx|darkfox market|seller_raw:FASTPLUG||market_item.xlsx|darkfox market|seller_raw:Newheavens,en_content_train_pool,train_grouped_oof,en_content_train_pool_cc_f5e76799ebafc9c9,1,negative,ordinary_negative,,1,1,0.601826231323,0.444192090155,0.494190805309,0.496425591253,0.538699133277
market_item.xlsx|darkfox market|seller_raw:HappyShopOrigi||market_item.xlsx|vice city|seller_raw:HappyShop,en_content_train_pool,train_grouped_oof,en_content_train_pool_cc_073474f4df273b24,4,positive,same_controller_style_structural_soft,,1,1,0.740224077329,0.406447309455,0.442076288183,0.429260269384,0.447576484949
market_item.xlsx|darkfox market|seller_raw:JohnyBlack||market_item.xlsx|silk road 3.1|seller_raw:surfgxd,en_content_train_pool,train_grouped_oof,en_content_train_pool_cc_82789b6f940f1c72,0,negative,ordinary_negative,,1,0,0.099337748344,0.064830803475,0.024558853372,0.021229429419,0.055309220385
market_item.xlsx|darkfox market|seller_raw:Kaliflora||market_item.xlsx|silk road 3.1|seller_raw:ovo,en_content_train_pool,train_grouped_oof,en_content_train_pool_cc_106913dbc52e0ba8,2,negative,ordinary_negative,,1,1,0.568759342302,0.397987857628,0.408858539899,0.414005589224,0.370431650361
market_item.xlsx|darkfox market|seller_raw:MOLADVI||market_item.xlsx|darkfox market|seller_raw:tornadoengine,en_content_train_pool,train_grouped_oof,en_content_train_pool_cc_7f9af411c7476244,2,negative,ordinary_negative,,1,1,0.495176848875,0.067869425933,0.054375999512,0.074625039553,0.069358265783
market_item.xlsx|darkfox market|seller_raw:ROCKO||market_item.xlsx|vice city|seller_raw:Rugrats,en_content_train_pool,train_grouped_oof,en_content_train_pool_cc_053524739615db01,3,positive,same_controller_style_structural_soft,,1,1,0.522784176264,0.281968230973,0.328090134673,0.312575953371,0.305906390528
market_item.xlsx|darkfox market|seller_raw:Tornad0cc||market_item.xlsx|darkfox market|seller_raw:cloudflare,en_content_train_pool,train_grouped_oof,en_content_train_pool_cc_ef6caa87fce3acc5,2,negative,public_contact_or_url_noise,,1,1,0.307462686567,0.274177703223,0.236765731816,0.243294324054,0.269005323668
market_item.xlsx|darkfox market|seller_raw:Tornad0cc||market_item.xlsx|silk road 3.1|seller_raw:dumbakarahi1,en_content_train_pool,train_grouped_oof,en_content_train_pool_cc_ef6caa87fce3acc5,2,negative,public_contact_or_url_noise,,1,1,0.430086067107,0.348084192414,0.376001882678,0.375441467202,0.408659439038
market_item.xlsx|darkfox market|seller_raw:USvendor||market_item.xlsx|darkfox market|seller_raw:jaymike,en_content_train_pool,train_grouped_oof,en_content_train_pool_cc_ecb91ba46761c1c9,4,negative,ordinary_negative,,1,1,0.617793240557,0.416301142391,0.453551548145,0.448089597050,0.324835246788
market_item.xlsx|darkfox market|seller_raw:USvendor||market_item.xlsx|darkfox market|seller_raw:stonesthrowJ,en_content_train_pool,train_grouped_oof,en_content_train_pool_cc_ecb91ba46761c1c9,4,negative,semantic_topic_not_controller,,1,1,0.537755822159,0.308005876479,0.303425227252,0.310979264018,0.229566944352
market_item.xlsx|darkfox market|seller_raw:alphapharmaltd||market_item.xlsx|darkfox market|seller_raw:streetpushers,en_content_train_pool,train_grouped_oof,en_content_train_pool_cc_ecd44d8f9ef4d593,2,negative,template_clone_not_controller,,1,1,0.546107440391,0.270419176497,0.230779790678,0.252162915814,0.225483309329
market_item.xlsx|darkfox market|seller_raw:chemzy007||market_item.xlsx|incognito|seller_raw:/vendor/tomandjerry,en_content_train_pool,train_grouped_oof,en_content_train_pool_cc_19a7188864d17ab8,4,negative,semantic_topic_not_controller,,1,1,0.578413284133,0.201867617666,0.213110066200,0.201895311289,0.141100704894
market_item.xlsx|darkfox market|seller_raw:darkchick||market_item.xlsx|silk road 3.1|seller_raw:hellothere345,en_content_train_pool,train_grouped_oof,en_content_train_pool_cc_c4b1d867ea1c9dc0,3,negative,semantic_topic_not_controller,,1,1,0.000000000000,0.103909477012,0.066738989882,0.077472123724,0.038110438952
market_item.xlsx|darkfox market|seller_raw:live4drugs||market_item.xlsx|tor2door market|seller_raw:Darkdrugs,en_content_train_pool,train_grouped_oof,en_content_train_pool_cc_892f55b8aa4241a8,3,positive,same_controller_style_structural_soft,,1,1,0.949617633828,0.451135696353,0.522185426170,0.442074679916,0.611700338069
market_item.xlsx|darkfox market|seller_raw:maverick111||market_item.xlsx|incognito|seller_raw:/vendor/greenpharmastore,en_content_train_pool,train_grouped_oof,en_content_train_pool_cc_9a5e8f0e61cce193,2,negative,public_contact_or_url_noise,,1,1,0.838212634823,0.249084727026,0.320618823750,0.273329522691,0.302082796978
market_item.xlsx|darkfox market|seller_raw:originalgermed||market_item.xlsx|versus market|seller_raw:OriginalGerMeds,en_content_train_pool,train_grouped_oof,en_content_train_pool_cc_ef14dd46907bb8cb,1,positive,same_controller_style_structural_soft,,1,1,0.949685534591,0.438660225081,0.256873621514,0.213714861633,0.320917607355
market_item.xlsx|darkfox market|seller_raw:peterpaperguy||market_item.xlsx|versus market|seller_raw:peterpaperdude,en_content_train_pool,train_grouped_oof,en_content_train_pool_cc_d71d9889c782894f,3,positive,same_controller_style_structural_soft,,1,1,0.863299431133,0.284981182607,0.257169433729,0.266208897388,0.313286899557
market_item.xlsx|darkfox market|seller_raw:procarder2||market_item.xlsx|silk road 3.1|seller_raw:procarder7,en_content_train_pool,train_grouped_oof,en_content_train_pool_cc_b344b35288f1efb3,1,positive,same_controller_style_structural_soft,,1,1,0.894676092916,0.466511951765,0.479068458829,0.436128079312,0.454324954792
market_item.xlsx|darkfox market|seller_raw:wwcs2020||market_item.xlsx|silk road 3.1|seller_raw:mico2811,en_content_train_pool,train_grouped_oof,en_content_train_pool_cc_6cb7384d1f5810b1,0,negative,ordinary_negative,,1,1,0.220183486239,0.261520403707,0.256174175257,0.280179298071,0.314755948710
market_item.xlsx|incognito|seller_raw:/vendor/jamesocean||market_item.xlsx|vice city|seller_raw:Jamesocean,en_content_train_pool,train_grouped_oof,en_content_train_pool_cc_1bb1b27ac2e0c6d3,3,positive,same_controller_style_structural_soft,,1,1,0.866146745185,0.367336588317,0.383693808634,0.396363450378,0.344645690260
market_item.xlsx|silk road 3.1|seller_raw:1SRRR1||market_item.xlsx|silk road 3.1|seller_raw:SRRR,en_content_train_pool,train_grouped_oof,en_content_train_pool_cc_f3d7aaaf40aa3078,4,positive,same_controller_style_structural_soft,,1,1,0.873072060683,0.469363106760,0.511964933642,0.512712583594,0.797798058133
market_item.xlsx|silk road 3.1|seller_raw:430m||market_item.xlsx|silk road 3.1|seller_raw:stbdva,en_content_train_pool,train_grouped_oof,en_content_train_pool_cc_ef88c4adbe0cab77,0,negative,ordinary_negative,,1,1,0.000000000000,0.036488454323,0.031033514203,0.042616731109,0.044230511035
market_item.xlsx|silk road 3.1|seller_raw:Adisaarland1||market_item.xlsx|silk road 3.1|seller_raw:argus2027,en_content_train_pool,train_grouped_oof,en_content_train_pool_cc_5b71ca3aba5827e8,1,negative,ordinary_negative,,0,0,0.454545454545,0.135906107717,0.203928305664,0.137027333996,0.146580392813
market_item.xlsx|silk road 3.1|seller_raw:Adisaarland1||market_item.xlsx|silk road 3.1|seller_raw:blopman,en_content_train_pool,train_grouped_oof,en_content_train_pool_cc_5b71ca3aba5827e8,1,negative,ordinary_negative,,1,0,0.000000000000,0.072757831035,0.032486844502,0.025558568037,0.028305249876
market_item.xlsx|silk road 3.1|seller_raw:Amm0zz||market_item.xlsx|silk road 3.1|seller_raw:MisterLoudpack,en_content_train_pool,train_grouped_oof,en_content_train_pool_cc_79e0eabc850b58e5,2,negative,public_contact_or_url_noise,,1,1,0.351851851852,0.080259745936,0.080481362730,0.080567768435,0.091317593790
market_item.xlsx|silk road 3.1|seller_raw:Amm4rt14n1||market_item.xlsx|silk road 3.1|seller_raw:DutchCompany,en_content_train_pool,train_grouped_oof,en_content_train_pool_cc_a0688bf9d8aec197,4,negative,ordinary_negative,,1,0,0.000000000000,0.021560749532,0.008794855985,0.006176369596,0.001938620232
market_item.xlsx|silk road 3.1|seller_raw:Amm4rt14n1||market_item.xlsx|silk road 3.1|seller_raw:henkjan,en_content_train_pool,train_grouped_oof,en_content_train_pool_cc_a0688bf9d8aec197,4,negative,ordinary_negative,,1,0,0.000000000000,0.131373378994,0.129904107786,0.077606167921,0.017664561626
market_item.xlsx|silk road 3.1|seller_raw:Anastasia||market_item.xlsx|silk road 3.1|seller_raw:KingSkunk,en_content_train_pool,train_grouped_oof,en_content_train_pool_cc_7cb7ea69caace376,3,negative,ordinary_negative,,1,1,0.414469650521,0.272695057810,0.297222904281,0.312398068741,0.329835548645
market_item.xlsx|silk road 3.1|seller_raw:AnonAmazonAffiliate||market_item.xlsx|silk road 3.1|seller_raw:IgotVPN,en_content_train_pool,train_grouped_oof,en_content_train_pool_cc_acdcc9f15d43f01b,0,negative,ordinary_negative,,1,1,0.062841530055,0.101747402321,0.086402044304,0.108757047462,0.039625116351
market_item.xlsx|silk road 3.1|seller_raw:Ateldrug||market_item.xlsx|silk road 3.1|seller_raw:nonymous,en_content_train_pool,train_grouped_oof,en_content_train_pool_cc_3af61b8c7f69783e,2,negative,ordinary_negative,,1,1,0.000000000000,0.036673702515,0.013550778180,0.024512337262,0.031942854541
market_item.xlsx|silk road 3.1|seller_raw:Beckamsgonzouncle||market_item.xlsx|silk road 3.1|seller_raw:CaptainFantasy,en_content_train_pool,train_grouped_oof,en_content_train_pool_cc_ae6ee4cb3b714083,4,negative,ordinary_negative,,1,1,0.000000000000,0.111118888710,0.106560283204,0.153843826095,0.103964442935
market_item.xlsx|silk road 3.1|seller_raw:BlackBook||market_item.xlsx|silk road 3.1|seller_raw:Drugs4Everyone,en_content_train_pool,train_grouped_oof,en_content_train_pool_cc_28cd4d7a431a0e9b,0,negative,ordinary_negative,,1,1,0.233989266547,0.040989648500,0.037080045842,0.046333566839,0.017968605102
market_item.xlsx|silk road 3.1|seller_raw:Bohrmann||market_item.xlsx|silk road 3.1|seller_raw:samsung68161,en_content_train_pool,train_grouped_oof,en_content_train_pool_cc_c237133aec0f8a8f,2,negative,ordinary_negative,,1,1,0.000000000000,0.065679037338,0.029081296768,0.036676804769,0.029782358271
market_item.xlsx|silk road 3.1|seller_raw:Brisk88||market_item.xlsx|silk road 3.1|seller_raw:peterclark,en_content_train_pool,train_grouped_oof,en_content_train_pool_cc_cb9b625950d89162,3,negative,ordinary_negative,,1,1,0.000000000000,0.100232255860,0.095687589985,0.121789724652,0.071031710986
market_item.xlsx|silk road 3.1|seller_raw:CCSELL123||market_item.xlsx|silk road 3.1|seller_raw:r00ter,en_content_train_pool,train_grouped_oof,en_content_train_pool_cc_e0e57090e871d13c,4,negative,public_contact_or_url_noise,,1,1,0.000000000000,0.024111266186,0.018499618383,0.029368206874,0.018679397762
market_item.xlsx|silk road 3.1|seller_raw:CCSELL||market_item.xlsx|silk road 3.1|seller_raw:r00ter,en_content_train_pool,train_grouped_oof,en_content_train_pool_cc_e0e57090e871d13c,4,negative,public_contact_or_url_noise,,1,1,0.000000000000,0.014889870795,0.011315826343,0.019069674622,0.010665707251
market_item.xlsx|silk road 3.1|seller_raw:CaptainFantasy||market_item.xlsx|silk road 3.1|seller_raw:mauri4,en_content_train_pool,train_grouped_oof,en_content_train_pool_cc_ae6ee4cb3b714083,4,negative,ordinary_negative,,1,1,0.000000000000,0.269471817833,0.131273727154,0.121370426833,0.033457524865
market_item.xlsx|silk road 3.1|seller_raw:CaptainFantasy||market_item.xlsx|vice city|seller_raw:DutchDrugTrapper,en_content_train_pool,train_grouped_oof,en_content_train_pool_cc_ae6ee4cb3b714083,4,negative,ordinary_negative,,1,1,0.000000000000,0.035977390045,0.031122407203,0.057869476358,0.025360563665
market_item.xlsx|silk road 3.1|seller_raw:CardMaster||market_item.xlsx|silk road 3.1|seller_raw:gdy7jds,en_content_train_pool,train_grouped_oof,en_content_train_pool_cc_2b6c9b08fb8429da,2,negative,public_contact_or_url_noise,,1,1,0.362848893167,0.315772150221,0.366203157641,0.327299865411,0.374935859351
market_item.xlsx|silk road 3.1|seller_raw:Clayton||market_item.xlsx|silk road 3.1|seller_raw:luckyweed,en_content_train_pool,train_grouped_oof,en_content_train_pool_cc_6e099fc30f4714ef,4,negative,ordinary_negative,,1,0,0.000000000000,0.007754077884,0.005412285036,0.005419112982,0.001576207372
market_item.xlsx|silk road 3.1|seller_raw:ColinMaclaurin||market_item.xlsx|silk road 3.1|seller_raw:kaboula,en_content_train_pool,train_grouped_oof,en_content_train_pool_cc_6374204939587694,2,negative,template_clone_not_controller,,1,1,0.594117647059,0.267495248901,0.281776935888,0.278507192861,0.177719128834
market_item.xlsx|silk road 3.1|seller_raw:DEATHOFME||market_item.xlsx|silk road 3.1|seller_raw:hamma1,en_content_train_pool,train_grouped_oof,en_content_train_pool_cc_ff9f5cf891820cf7,1,negative,ordinary_negative,,1,1,0.000000000000,0.002055255084,0.002012210970,0.004072171583,0.005643111076
market_item.xlsx|silk road 3.1|seller_raw:DWMWES||market_item.xlsx|silk road 3.1|seller_raw:triestekut,en_content_train_pool,train_grouped_oof,en_content_train_pool_cc_1b2800cea835c899,1,negative,ordinary_negative,,1,1,0.000000000000,0.115840558952,0.049507201102,0.060464314006,0.034280935329
market_item.xlsx|silk road 3.1|seller_raw:Danielrinehart||market_item.xlsx|silk road 3.1|seller_raw:dubypride,en_content_train_pool,train_grouped_oof,en_content_train_pool_cc_0b4674457f7be36e,4,positive,same_controller_direct_identifier,,1,1,0.898305084746,0.434635493844,0.461593643976,0.335236392430,0.300794636152
market_item.xlsx|silk road 3.1|seller_raw:DavidSmith1337||market_item.xlsx|silk road 3.1|seller_raw:sneakmasterflex,en_content_train_pool,train_grouped_oof,en_content_train_pool_cc_25448c0ae4126d80,3,negative,ordinary_negative,,1,1,0.000000000000,0.108597984279,0.081171846577,0.095246404293,0.068588584916
market_item.xlsx|silk road 3.1|seller_raw:Dickscloud||market_item.xlsx|silk road 3.1|seller_raw:DicksonCloud,en_content_train_pool,train_grouped_oof,en_content_train_pool_cc_516a0b06cbedf4ac,4,positive,same_controller_style_structural_soft,,1,1,0.940061819648,0.423586965549,0.383437451784,0.317044935902,0.508219626542
market_item.xlsx|silk road 3.1|seller_raw:DocTX||market_item.xlsx|silk road 3.1|seller_raw:MarkiHock,en_content_train_pool,train_grouped_oof,en_content_train_pool_cc_79bd6413926d727d,3,negative,ordinary_negative,,1,1,0.735294117647,0.242687756170,0.177208235072,0.179301891798,0.112831684491
market_item.xlsx|silk road 3.1|seller_raw:DocTX||market_item.xlsx|silk road 3.1|seller_raw:MatiasVasquez,en_content_train_pool,train_grouped_oof,en_content_train_pool_cc_79bd6413926d727d,3,negative,ordinary_negative,,1,1,0.735294117647,0.239520406421,0.163344135820,0.161447291895,0.135440873601
market_item.xlsx|silk road 3.1|seller_raw:Drkseidcontinues||market_item.xlsx|silk road 3.1|seller_raw:Drkseidforever,en_content_train_pool,train_grouped_oof,en_content_train_pool_cc_bd2168e3f3e8a67c,3,negative,template_clone_not_controller,,0,1,0.906474820144,0.114208085186,0.054569640771,0.063883985793,0.089170637876
market_item.xlsx|silk road 3.1|seller_raw:Drkseidcontinues||market_item.xlsx|silk road 3.1|seller_raw:YLLLAMOARMAS,en_content_train_pool,train_grouped_oof,en_content_train_pool_cc_bd2168e3f3e8a67c,3,negative,template_clone_not_controller,,1,1,0.360465116279,0.213131468202,0.230636023053,0.243483815358,0.247523860613
market_item.xlsx|silk road 3.1|seller_raw:Drugsdrugs123||market_item.xlsx|silk road 3.1|seller_raw:domination,en_content_train_pool,train_grouped_oof,en_content_train_pool_cc_7a24a0239cb85f6a,2,negative,ordinary_negative,,1,1,0.508434864105,0.406938441594,0.368182145743,0.331130385131,0.228952659697
market_item.xlsx|silk road 3.1|seller_raw:ElchapoJnr||market_item.xlsx|silk road 3.1|seller_raw:MisterLoudpack,en_content_train_pool,train_grouped_oof,en_content_train_pool_cc_79e0eabc850b58e5,2,negative,public_contact_or_url_noise,,1,1,0.333333333333,0.107599798515,0.106997975234,0.095842243352,0.070055629648
market_item.xlsx|silk road 3.1|seller_raw:FakeBillEU||market_item.xlsx|silk road 3.1|seller_raw:medex33,en_content_train_pool,train_grouped_oof,en_content_train_pool_cc_604965be38bb6bc8,3,negative,ordinary_negative,,1,1,0.349772943289,0.313319763243,0.271338182730,0.275057263045,0.268927157142
market_item.xlsx|silk road 3.1|seller_raw:FeltonJohn||market_item.xlsx|silk road 3.1|seller_raw:smarttiger,en_content_train_pool,train_grouped_oof,en_content_train_pool_cc_911631fd79cf5696,3,negative,ordinary_negative,,1,1,0.260020986359,0.264405803814,0.285445431549,0.292376448621,0.167928902604
market_item.xlsx|silk road 3.1|seller_raw:ForYou||market_item.xlsx|silk road 3.1|seller_raw:magic999,en_content_train_pool,train_grouped_oof,en_content_train_pool_cc_55132edc5009d0cb,1,negative,ordinary_negative,,1,1,0.737777777778,0.276775337338,0.346257955982,0.300389952599,0.395558413196
market_item.xlsx|silk road 3.1|seller_raw:Frank1234||market_item.xlsx|silk road 3.1|seller_raw:jack1111,en_content_train_pool,train_grouped_oof,en_content_train_pool_cc_e22a40420233f95f,1,positive,same_controller_style_structural_soft,,1,1,0.782258064516,0.467248298514,0.547060630221,0.490820599070,0.553278412099
market_item.xlsx|silk road 3.1|seller_raw:Frank1234||market_item.xlsx|silk road 3.1|seller_raw:peoplesdrughouse,en_content_train_pool,train_grouped_oof,en_content_train_pool_cc_e22a40420233f95f,1,negative,ordinary_negative,,1,1,0.614695340502,0.433146643828,0.495504988131,0.480097115558,0.493586704275
market_item.xlsx|silk road 3.1|seller_raw:Gandalfini||market_item.xlsx|silk road 3.1|seller_raw:Skywalker08,en_content_train_pool,train_grouped_oof,en_content_train_pool_cc_27543925a441d704,1,negative,ordinary_negative,,1,1,0.505050505051,0.107089201491,0.092611478696,0.094986020927,0.119257673024
market_item.xlsx|silk road 3.1|seller_raw:GhostSlayer||market_item.xlsx|silk road 3.1|seller_raw:TopCrop,en_content_train_pool,train_grouped_oof,en_content_train_pool_cc_12a98330b4778f19,3,negative,ordinary_negative,,1,1,0.000000000000,0.033158079250,0.008153837739,0.010504025597,0.007546901447
market_item.xlsx|silk road 3.1|seller_raw:Gunnerman||market_item.xlsx|silk road 3.1|seller_raw:TheGunnerMan,en_content_train_pool,train_grouped_oof,en_content_train_pool_cc_afdd4ff6156af04d,3,positive,same_controller_style_structural_soft,,1,1,0.949789621318,0.419652624067,0.457254851089,0.386190686996,0.445363203446
market_item.xlsx|silk road 3.1|seller_raw:Hateparker||market_item.xlsx|silk road 3.1|seller_raw:Lorddeals,en_content_train_pool,train_grouped_oof,en_content_train_pool_cc_335b62a56bcf623d,1,negative,ordinary_negative,,1,1,0.160839160839,0.329684224554,0.334003948590,0.356941133927,0.293867720034
market_item.xlsx|silk road 3.1|seller_raw:IAim2Please||market_item.xlsx|silk road 3.1|seller_raw:reloadedudjtjvxr,en_content_train_pool,train_grouped_oof,en_content_train_pool_cc_9fe420fc33c72bd8,1,negative,ordinary_negative,,1,1,0.336853220697,0.315916779471,0.319694492878,0.332845726340,0.216542279445
market_item.xlsx|silk road 3.1|seller_raw:Ineedfeedbacks||market_item.xlsx|silk road 3.1|seller_raw:lola147,en_content_train_pool,train_grouped_oof,en_content_train_pool_cc_fc373608048dd552,2,negative,ordinary_negative,,1,1,0.000000000000,0.015920405711,0.010029603796,0.017957998924,0.014256793987
market_item.xlsx|silk road 3.1|seller_raw:IntoMatrix||market_item.xlsx|silk road 3.1|seller_raw:Speed2you,en_content_train_pool,train_grouped_oof,en_content_train_pool_cc_4ecdbcb5b7299bd6,4,negative,ordinary_negative,,1,1,0.477223427332,0.337961687833,0.211579013684,0.188996141978,0.342489091960
market_item.xlsx|silk road 3.1|seller_raw:Jacobaboo||market_item.xlsx|silk road 3.1|seller_raw:commander0,en_content_train_pool,train_grouped_oof,en_content_train_pool_cc_aebf6c82ed6db263,2,negative,semantic_topic_not_controller,,1,1,0.579837194740,0.116136969395,0.109816069201,0.117938585980,0.080930266762
market_item.xlsx|silk road 3.1|seller_raw:King24783||market_item.xlsx|silk road 3.1|seller_raw:mutantmass,en_content_train_pool,train_grouped_oof,en_content_train_pool_cc_f9c9dc57ff5e5bc2,2,negative,ordinary_negative,,1,1,0.417727073278,0.368643104519,0.310353822257,0.305538964466,0.388426591678
market_item.xlsx|silk road 3.1|seller_raw:KushPlug||market_item.xlsx|silk road 3.1|seller_raw:stingo1934,en_content_train_pool,train_grouped_oof,en_content_train_pool_cc_dadd84868863629a,4,negative,ordinary_negative,,1,1,0.000000000000,0.097594251641,0.053755392178,0.065916914130,0.032662307007
market_item.xlsx|silk road 3.1|seller_raw:L0RDXANAX||market_item.xlsx|silk road 3.1|seller_raw:RealLordXanax,en_content_train_pool,train_grouped_oof,en_content_train_pool_cc_2568286bdd48197d,2,positive,same_controller_style_structural_soft,,1,1,0.949887808527,0.458131088367,0.512758853111,0.480840753009,0.708582950603
market_item.xlsx|silk road 3.1|seller_raw:Lancelotdeals||market_item.xlsx|silk road 3.1|seller_raw:mayor6767,en_content_train_pool,train_grouped_oof,en_content_train_pool_cc_a55348d580df392d,1,negative,ordinary_negative,,1,1,0.635336686965,0.369158124377,0.370218576372,0.378962409260,0.327112802050
market_item.xlsx|silk road 3.1|seller_raw:LoudSmokeIncentive||market_item.xlsx|silk road 3.1|seller_raw:MrPissa,en_content_train_pool,train_grouped_oof,en_content_train_pool_cc_fa484f0a7086825c,2,negative,ordinary_negative,,1,1,0.000000000000,0.073563911167,0.064694561420,0.086781859486,0.044038758454
market_item.xlsx|silk road 3.1|seller_raw:M0neder0||market_item.xlsx|silk road 3.1|seller_raw:WeedStore,en_content_train_pool,train_grouped_oof,en_content_train_pool_cc_d853fa84c52e7d7d,1,negative,ordinary_negative,,1,1,0.000000000000,0.016126494730,0.014257928729,0.023457109495,0.022638562940
market_item.xlsx|silk road 3.1|seller_raw:MarkiHock||market_item.xlsx|silk road 3.1|seller_raw:TXDoCKapo,en_content_train_pool,train_grouped_oof,en_content_train_pool_cc_79bd6413926d727d,3,negative,ordinary_negative,,1,1,0.766153846154,0.369021129089,0.382033759535,0.375307938905,0.324517109473
market_item.xlsx|silk road 3.1|seller_raw:MarkiHock||market_item.xlsx|silk road 3.1|seller_raw:TXDockim,en_content_train_pool,train_grouped_oof,en_content_train_pool_cc_79bd6413926d727d,3,negative,ordinary_negative,,1,1,0.480000000000,0.373791417395,0.356095458710,0.358000636211,0.334990827252
market_item.xlsx|silk road 3.1|seller_raw:MatiasVasquez||market_item.xlsx|silk road 3.1|seller_raw:TXDoCKapo,en_content_train_pool,train_grouped_oof,en_content_train_pool_cc_79bd6413926d727d,3,negative,ordinary_negative,,1,1,0.857382550336,0.330162467442,0.316943112947,0.305056553229,0.239618675565
market_item.xlsx|silk road 3.1|seller_raw:MatiasVasquez||market_item.xlsx|silk road 3.1|seller_raw:TXDockim,en_content_train_pool,train_grouped_oof,en_content_train_pool_cc_79bd6413926d727d,3,negative,ordinary_negative,,1,1,0.545302013423,0.343367545561,0.294969434078,0.294403741722,0.249242082078
market_item.xlsx|silk road 3.1|seller_raw:MindTools||market_item.xlsx|silk road 3.1|seller_raw:ashley123,en_content_train_pool,train_grouped_oof,en_content_train_pool_cc_412fef2bb4904dc6,3,negative,ordinary_negative,,1,1,0.312925170068,0.132320108431,0.056590374917,0.060378297588,0.027767478962
market_item.xlsx|silk road 3.1|seller_raw:MisterGreen||market_item.xlsx|silk road 3.1|seller_raw:marcopolo1969,en_content_train_pool,train_grouped_oof,en_content_train_pool_cc_ec09f28e40015bbe,1,negative,ordinary_negative,,1,1,0.477741375988,0.306378605339,0.339674174704,0.359751458475,0.341597608260
market_item.xlsx|silk road 3.1|seller_raw:MisterMush||market_item.xlsx|silk road 3.1|seller_raw:mhippy,en_content_train_pool,train_grouped_oof,en_content_train_pool_cc_1768683a68decc19,1,negative,ordinary_negative,,1,1,0.000000000000,0.141513531293,0.136749664368,0.167237504920,0.113980554687
market_item.xlsx|silk road 3.1|seller_raw:Money666||market_item.xlsx|silk road 3.1|seller_raw:Morianus,en_content_train_pool,train_grouped_oof,en_content_train_pool_cc_6748cf41df040d19,1,negative,ordinary_negative,,1,1,0.128856624319,0.295090934018,0.301004645898,0.305002870509,0.375660601028
market_item.xlsx|silk road 3.1|seller_raw:Mouncer96||market_item.xlsx|silk road 3.1|seller_raw:hamma1,en_content_train_pool,train_grouped_oof,en_content_train_pool_cc_ff9f5cf891820cf7,1,negative,ordinary_negative,,1,1,0.000000000000,0.001941198333,0.001589542965,0.003002440322,0.003550255559
market_item.xlsx|silk road 3.1|seller_raw:MriPad||market_item.xlsx|silk road 3.1|seller_raw:islands3,en_content_train_pool,train_grouped_oof,en_content_train_pool_cc_03fe5437501c5339,3,negative,ordinary_negative,,1,1,0.000000000000,0.047970610681,0.017268944048,0.023200454838,0.014597632016
market_item.xlsx|silk road 3.1|seller_raw:Newworldorder||market_item.xlsx|silk road 3.1|seller_raw:hamma1,en_content_train_pool,train_grouped_oof,en_content_train_pool_cc_ff9f5cf891820cf7,1,negative,ordinary_negative,,1,1,0.000000000000,0.001442376289,0.001281599343,0.002507081512,0.001880615545
market_item.xlsx|silk road 3.1|seller_raw:Novaltis||market_item.xlsx|silk road 3.1|seller_raw:Prescriptpills,en_content_train_pool,train_grouped_oof,en_content_train_pool_cc_d917ecb9aee189b7,3,negative,template_clone_not_controller,,1,1,0.676963350785,0.391902083827,0.434971205025,0.433149300565,0.483161286524
market_item.xlsx|silk road 3.1|seller_raw:OREIA||market_item.xlsx|silk road 3.1|seller_raw:oreiaa,en_content_train_pool,train_grouped_oof,en_content_train_pool_cc_40c4b70b40f589c5,3,positive,same_controller_style_structural_soft,,1,1,0.949584199584,0.447528749391,0.373366436425,0.264782829152,0.360154844312
market_item.xlsx|silk road 3.1|seller_raw:PanZen||market_item.xlsx|silk road 3.1|seller_raw:tmntmfkr,en_content_train_pool,train_grouped_oof,en_content_train_pool_cc_a923326d81e614d9,4,negative,ordinary_negative,,1,1,0.000000000000,0.185507741617,0.191383972245,0.229796172486,0.079281424094
market_item.xlsx|silk road 3.1|seller_raw:Psilocybin195834||market_item.xlsx|silk road 3.1|seller_raw:sam220,en_content_train_pool,train_grouped_oof,en_content_train_pool_cc_0b9d1f6a9e25bde2,1,negative,ordinary_negative,,1,1,0.000000000000,0.235589726941,0.227229144058,0.243019402434,0.224863123996
market_item.xlsx|silk road 3.1|seller_raw:PulkaPula||market_item.xlsx|silk road 3.1|seller_raw:derwentstudents10,en_content_train_pool,train_grouped_oof,en_content_train_pool_cc_0b86dcfd44f0e45d,1,negative,ordinary_negative,,1,1,0.304589707928,0.254486372514,0.241659240844,0.253078077667,0.275196511160
market_item.xlsx|silk road 3.1|seller_raw:PulkaPula||market_item.xlsx|silk road 3.1|seller_raw:mrshah,en_content_train_pool,train_grouped_oof,en_content_train_pool_cc_0b86dcfd44f0e45d,1,negative,semantic_topic_not_controller,,1,1,0.547983310153,0.379127399661,0.411056508472,0.377503430535,0.346555664884
market_item.xlsx|silk road 3.1|seller_raw:PulkaPula||market_item.xlsx|silk road 3.1|seller_raw:msritalina,en_content_train_pool,train_grouped_oof,en_content_train_pool_cc_0b86dcfd44f0e45d,1,negative,ordinary_negative,,1,1,0.301886792453,0.117839212143,0.112558141516,0.128828689965,0.196152473182
market_item.xlsx|silk road 3.1|seller_raw:Randyk||market_item.xlsx|silk road 3.1|seller_raw:maxcell5555,en_content_train_pool,train_grouped_oof,en_content_train_pool_cc_71b00b9e983f34b9,2,negative,ordinary_negative,,1,1,0.539641278919,0.408770234939,0.424410815624,0.420915574733,0.421878190822
market_item.xlsx|silk road 3.1|seller_raw:Rayvan33||market_item.xlsx|silk road 3.1|seller_raw:felay4242,en_content_train_pool,train_grouped_oof,en_content_train_pool_cc_918ba9c4d7908c9e,3,negative,template_clone_not_controller,,1,1,0.890061885693,0.420241785758,0.450411220580,0.429307980798,0.473841181288
market_item.xlsx|silk road 3.1|seller_raw:Rickwoodopoids||market_item.xlsx|silk road 3.1|seller_raw:amadioha,en_content_train_pool,train_grouped_oof,en_content_train_pool_cc_1b90bb10f175f89f,1,negative,template_clone_not_controller,,1,1,0.756250000000,0.391209188513,0.447289389045,0.395604544880,0.404847998159
market_item.xlsx|silk road 3.1|seller_raw:Rickwoodopoids||market_item.xlsx|silk road 3.1|seller_raw:mcwilliams,en_content_train_pool,train_grouped_oof,en_content_train_pool_cc_1b90bb10f175f89f,1,negative,template_clone_not_controller,,1,1,0.579505300353,0.338660920032,0.387768860047,0.340024243923,0.328305498352
market_item.xlsx|silk road 3.1|seller_raw:SKuszHk||market_item.xlsx|silk road 3.1|seller_raw:fabian0150,en_content_train_pool,train_grouped_oof,en_content_train_pool_cc_79d1efcaa42e1cb7,1,negative,template_clone_not_controller,,1,1,0.401773533424,0.157661983744,0.160584374278,0.170505266740,0.152005032014
market_item.xlsx|silk road 3.1|seller_raw:SKuszHk||market_item.xlsx|silk road 3.1|seller_raw:imnicetoyou,en_content_train_pool,train_grouped_oof,en_content_train_pool_cc_79d1efcaa42e1cb7,1,negative,public_contact_or_url_noise,,1,1,0.450204638472,0.107873551314,0.111647407686,0.129661967888,0.121460171475
market_item.xlsx|silk road 3.1|seller_raw:SNRS||market_item.xlsx|silk road 3.1|seller_raw:chihiro1,en_content_train_pool,train_grouped_oof,en_content_train_pool_cc_cbb1389d5a54d404,4,negative,ordinary_negative,,1,1,0.000000000000,0.065140941013,0.041126339747,0.053149648625,0.010957372572
market_item.xlsx|silk road 3.1|seller_raw:SUPPERFLY||market_item.xlsx|vice city|seller_raw:Jackwilldogs,en_content_train_pool,train_grouped_oof,en_content_train_pool_cc_be3053d8ec0dbcf4,1,positive,same_controller_direct_identifier,,1,1,0.504007798960,0.429913434507,0.454637700856,0.452851046982,0.503188025355
market_item.xlsx|silk road 3.1|seller_raw:Sfattinopuzzino94||market_item.xlsx|silk road 3.1|seller_raw:madrunn89,en_content_train_pool,train_grouped_oof,en_content_train_pool_cc_efcb4ccbfcc24cf0,2,negative,ordinary_negative,,0,1,0.857142857143,0.066203067272,0.055782636457,0.078219050589,0.075779377398
market_item.xlsx|silk road 3.1|seller_raw:Sk8rkid779||market_item.xlsx|silk road 3.1|seller_raw:anonionmys6,en_content_train_pool,train_grouped_oof,en_content_train_pool_cc_6f742fda955f861d,2,negative,ordinary_negative,,1,1,0.000000000000,0.054294762503,0.044662873421,0.074722595911,0.061753799325
market_item.xlsx|silk road 3.1|seller_raw:Sk8rkid779||market_item.xlsx|silk road 3.1|seller_raw:karmic01110,en_content_train_pool,train_grouped_oof,en_content_train_pool_cc_6f742fda955f861d,2,negative,ordinary_negative,,1,1,0.000000000000,0.088713551849,0.084986843454,0.116354131155,0.074308153174
market_item.xlsx|silk road 3.1|seller_raw:Smokieevil1||market_item.xlsx|silk road 3.1|seller_raw:mid,en_content_train_pool,train_grouped_oof,en_content_train_pool_cc_6c325d934533a228,4,negative,ordinary_negative,,1,1,0.000000000000,0.003316311724,0.001295260083,0.003085110751,0.002426989216
market_item.xlsx|silk road 3.1|seller_raw:Spartan666||market_item.xlsx|silk road 3.1|seller_raw:lefou34,en_content_train_pool,train_grouped_oof,en_content_train_pool_cc_b9b37776114dd20b,1,negative,ordinary_negative,,1,1,0.000000000000,0.004177863540,0.000875250304,0.001385260811,0.000891582678
market_item.xlsx|silk road 3.1|seller_raw:Stokiebuyer||market_item.xlsx|silk road 3.1|seller_raw:stokeontrent,en_content_train_pool,train_grouped_oof,en_content_train_pool_cc_800bbac0a1f7b424,2,positive,same_controller_direct_identifier,,1,1,0.738314509123,0.238528975994,0.229226666129,0.261291834710,0.270943415720
market_item.xlsx|silk road 3.1|seller_raw:Stoney14||market_item.xlsx|silk road 3.1|seller_raw:TheBitcoinExchange,en_content_train_pool,train_grouped_oof,en_content_train_pool_cc_603e7765283cf6d9,4,negative,ordinary_negative,,1,0,0.000000000000,0.012115246612,0.003832366747,0.003517024819,0.000580713420
market_item.xlsx|silk road 3.1|seller_raw:Stoney14||market_item.xlsx|silk road 3.1|seller_raw:crystalclear59,en_content_train_pool,train_grouped_oof,en_content_train_pool_cc_603e7765283cf6d9,4,negative,ordinary_negative,,1,0,0.000000000000,0.011211751829,0.008424487046,0.009743480684,0.010297744397
market_item.xlsx|silk road 3.1|seller_raw:Stoney14||market_item.xlsx|silk road 3.1|seller_raw:guybrush,en_content_train_pool,train_grouped_oof,en_content_train_pool_cc_603e7765283cf6d9,4,negative,ordinary_negative,,1,0,0.000000000000,0.035466468432,0.028216715858,0.024286103957,0.006796419620
market_item.xlsx|silk road 3.1|seller_raw:SubsOnly||market_item.xlsx|silk road 3.1|seller_raw:thedevilsadvocate,en_content_train_pool,train_grouped_oof,en_content_train_pool_cc_8b9d383fca737d02,2,negative,ordinary_negative,,1,1,0.000000000000,0.141619224998,0.091214106093,0.102477656700,0.081667803903
market_item.xlsx|silk road 3.1|seller_raw:SubsOnly||market_item.xlsx|silk road 3.1|seller_raw:williethepimp,en_content_train_pool,train_grouped_oof,en_content_train_pool_cc_8b9d383fca737d02,2,negative,ordinary_negative,,1,1,0.000000000000,0.196047143239,0.201861582131,0.227530146951,0.282040296636
market_item.xlsx|silk road 3.1|seller_raw:SubsOnly||market_item.xlsx|silk road 3.1|seller_raw:wood923,en_content_train_pool,train_grouped_oof,en_content_train_pool_cc_8b9d383fca737d02,2,negative,ordinary_negative,,1,1,0.218309859155,0.002368646972,0.001529873183,0.003752804760,0.006339316634
market_item.xlsx|silk road 3.1|seller_raw:TeamAdyy||market_item.xlsx|silk road 3.1|seller_raw:TeamOfFreedom,en_content_train_pool,train_grouped_oof,en_content_train_pool_cc_2d8af0676d5f4809,1,negative,template_clone_not_controller,,1,1,0.371921182266,0.428042652889,0.464736948648,0.466347648482,0.427690321248
market_item.xlsx|silk road 3.1|seller_raw:TeamOfFreedom||market_item.xlsx|silk road 3.1|seller_raw:addyforlife,en_content_train_pool,train_grouped_oof,en_content_train_pool_cc_2d8af0676d5f4809,1,negative,template_clone_not_controller,,1,1,0.371921182266,0.432996764681,0.473904906806,0.479090603443,0.436391089675
market_item.xlsx|silk road 3.1|seller_raw:TeslaTradings||market_item.xlsx|silk road 3.1|seller_raw:TransferMafia,en_content_train_pool,train_grouped_oof,en_content_train_pool_cc_b43ceb6022cfe2c0,1,negative,ordinary_negative,,1,1,0.444473546359,0.193314540398,0.166869117824,0.191178796932,0.212993512667
market_item.xlsx|silk road 3.1|seller_raw:TeslaTradings||market_item.xlsx|silk road 3.1|seller_raw:drafter127,en_content_train_pool,train_grouped_oof,en_content_train_pool_cc_b43ceb6022cfe2c0,1,negative,ordinary_negative,,1,1,0.197278911565,0.257202069424,0.242720997499,0.263202475372,0.293317730536
market_item.xlsx|silk road 3.1|seller_raw:TheBitcoinExchange||market_item.xlsx|silk road 3.1|seller_raw:crystalclear59,en_content_train_pool,train_grouped_oof,en_content_train_pool_cc_603e7765283cf6d9,4,negative,public_contact_or_url_noise,,1,1,0.000000000000,0.188477151398,0.104696962797,0.110160169026,0.016556991585
market_item.xlsx|silk road 3.1|seller_raw:TopCrop||market_item.xlsx|silk road 3.1|seller_raw:northsidedom,en_content_train_pool,train_grouped_oof,en_content_train_pool_cc_12a98330b4778f19,3,negative,ordinary_negative,,1,1,0.000000000000,0.025430059638,0.020809875229,0.042078990693,0.030429712414
market_item.xlsx|silk road 3.1|seller_raw:Toshiba12||market_item.xlsx|silk road 3.1|seller_raw:dipset4life,en_content_train_pool,train_grouped_oof,en_content_train_pool_cc_a41b332561fbad2e,4,negative,template_clone_not_controller,,1,1,0.310226492793,0.222515573256,0.176049962879,0.154739286640,0.061859386769
market_item.xlsx|silk road 3.1|seller_raw:Toshiba99||market_item.xlsx|silk road 3.1|seller_raw:dipset4life,en_content_train_pool,train_grouped_oof,en_content_train_pool_cc_a41b332561fbad2e,4,negative,template_clone_not_controller,,1,1,0.642553191489,0.180018551750,0.185661230089,0.152962251177,0.140421106595
market_item.xlsx|silk road 3.1|seller_raw:Vend1ngMach1ne||market_item.xlsx|silk road 3.1|seller_raw:VendingMach1n3,en_content_train_pool,train_grouped_oof,en_content_train_pool_cc_39ed069e438be766,3,positive,same_controller_style_structural_soft,,1,1,0.949502677888,0.436935075827,0.504520846366,0.462148508912,0.635732423464
market_item.xlsx|silk road 3.1|seller_raw:ViceStoreNL||market_item.xlsx|silk road 3.1|seller_raw:however,en_content_train_pool,train_grouped_oof,en_content_train_pool_cc_ebbaa123eebf6ca0,3,negative,ordinary_negative,,0,0,0.869565217391,0.015225010027,0.000998962054,0.000822230600,0.003070716397
market_item.xlsx|silk road 3.1|seller_raw:VladimirzSK||market_item.xlsx|silk road 3.1|seller_raw:savemoney,en_content_train_pool,train_grouped_oof,en_content_train_pool_cc_733dc681b2500563,1,negative,public_contact_or_url_noise,,1,1,0.362050163577,0.285343386149,0.283679067803,0.292459500151,0.324131800589
market_item.xlsx|silk road 3.1|seller_raw:WeedStore||market_item.xlsx|silk road 3.1|seller_raw:ronster6669,en_content_train_pool,train_grouped_oof,en_content_train_pool_cc_d853fa84c52e7d7d,1,negative,ordinary_negative,,1,1,0.000000000000,0.060909244789,0.032198331335,0.035300547722,0.024170171995
market_item.xlsx|silk road 3.1|seller_raw:Weedaddy||market_item.xlsx|silk road 3.1|seller_raw:billaros2,en_content_train_pool,train_grouped_oof,en_content_train_pool_cc_5fae4114f843b085,3,negative,public_contact_or_url_noise,,1,1,0.346648793566,0.314436299001,0.327500601590,0.326020424799,0.285327949624
market_item.xlsx|silk road 3.1|seller_raw:Weedaddy||market_item.xlsx|silk road 3.1|seller_raw:clest,en_content_train_pool,train_grouped_oof,en_content_train_pool_cc_5fae4114f843b085,3,negative,public_contact_or_url_noise,,1,1,0.494929006085,0.214062169255,0.226965313744,0.238010863043,0.171202108945
market_item.xlsx|silk road 3.1|seller_raw:Weedaddy||market_item.xlsx|silk road 3.1|seller_raw:vanish,en_content_train_pool,train_grouped_oof,en_content_train_pool_cc_5fae4114f843b085,3,negative,public_contact_or_url_noise,,1,1,0.348793565684,0.218947883246,0.229206322755,0.247815906668,0.245578398184
market_item.xlsx|silk road 3.1|seller_raw:Weedangel1||market_item.xlsx|silk road 3.1|seller_raw:luckyweed,en_content_train_pool,train_grouped_oof,en_content_train_pool_cc_6e099fc30f4714ef,4,negative,ordinary_negative,,1,0,0.000000000000,0.010584945771,0.002540208256,0.002080179333,0.000653118490
market_item.xlsx|silk road 3.1|seller_raw:Weedangel1||market_item.xlsx|silk road 3.1|seller_raw:proxima,en_content_train_pool,train_grouped_oof,en_content_train_pool_cc_6e099fc30f4714ef,4,negative,ordinary_negative,,1,1,0.148351648352,0.202538795790,0.196000522920,0.216044865368,0.344885276286
market_item.xlsx|silk road 3.1|seller_raw:WillyWonka1||market_item.xlsx|silk road 3.1|seller_raw:prettyshemale,en_content_train_pool,train_grouped_oof,en_content_train_pool_cc_938d39e94dbd4793,2,negative,ordinary_negative,,1,1,0.000000000000,0.054793972000,0.047873897357,0.071381765587,0.200270760228
market_item.xlsx|silk road 3.1|seller_raw:apimpim||market_item.xlsx|silk road 3.1|seller_raw:mayor6767,en_content_train_pool,train_grouped_oof,en_content_train_pool_cc_a55348d580df392d,1,negative,ordinary_negative,,1,1,0.662165740005,0.434104374128,0.481874266395,0.482539640950,0.435717709489
market_item.xlsx|silk road 3.1|seller_raw:aresares||market_item.xlsx|silk road 3.1|seller_raw:someguy9000,en_content_train_pool,train_grouped_oof,en_content_train_pool_cc_425ffda4d5ec1249,2,negative,ordinary_negative,,1,1,0.193370165746,0.147453308370,0.077036710945,0.091945589246,0.059922114323
market_item.xlsx|silk road 3.1|seller_raw:argus2027||market_item.xlsx|silk road 3.1|seller_raw:blopman,en_content_train_pool,train_grouped_oof,en_content_train_pool_cc_5b71ca3aba5827e8,1,negative,ordinary_negative,,1,1,0.000000000000,0.229457769815,0.133078442588,0.150118073410,0.151790311731
market_item.xlsx|silk road 3.1|seller_raw:awalp||market_item.xlsx|silk road 3.1|seller_raw:etizolam80,en_content_train_pool,train_grouped_oof,en_content_train_pool_cc_dd31ea013932fc74,1,negative,ordinary_negative,,1,1,0.098305084746,0.242020156081,0.195255556194,0.209378641702,0.143115012692
market_item.xlsx|silk road 3.1|seller_raw:bagtape||market_item.xlsx|silk road 3.1|seller_raw:crystalclear59,en_content_train_pool,train_grouped_oof,en_content_train_pool_cc_603e7765283cf6d9,4,negative,public_contact_or_url_noise,,1,1,0.000000000000,0.143175574265,0.073245386602,0.083175689581,0.022233292196
market_item.xlsx|silk road 3.1|seller_raw:benfica||market_item.xlsx|silk road 3.1|seller_raw:luckyweed,en_content_train_pool,train_grouped_oof,en_content_train_pool_cc_6e099fc30f4714ef,4,negative,template_clone_not_controller,,0,0,0.510204081633,0.005605907300,0.002523007082,0.001888623900,0.000390885844
market_item.xlsx|silk road 3.1|seller_raw:bityz||market_item.xlsx|silk road 3.1|seller_raw:kelux,en_content_train_pool,train_grouped_oof,en_content_train_pool_cc_ee414c381ad3cd82,4,negative,ordinary_negative,,1,1,0.000000000000,0.043054069718,0.023373639204,0.022952740602,0.013981491134
market_item.xlsx|silk road 3.1|seller_raw:blackgoods||market_item.xlsx|silk road 3.1|seller_raw:kingofcounterfeits,en_content_train_pool,train_grouped_oof,en_content_train_pool_cc_86bf6b06e8c7733a,3,negative,ordinary_negative,,1,1,0.309071729958,0.072565663374,0.062829207196,0.076551621550,0.094757818125
market_item.xlsx|silk road 3.1|seller_raw:blackgoods||market_item.xlsx|silk road 3.1|seller_raw:premium,en_content_train_pool,train_grouped_oof,en_content_train_pool_cc_86bf6b06e8c7733a,3,negative,ordinary_negative,,1,1,0.602818705958,0.136734524686,0.141136630754,0.164648502361,0.190034216552
market_item.xlsx|silk road 3.1|seller_raw:blackhawk27||market_item.xlsx|silk road 3.1|seller_raw:thehouseonthetree,en_content_train_pool,train_grouped_oof,en_content_train_pool_cc_ebe68822f57bbc9b,4,negative,ordinary_negative,,1,1,0.217618002195,0.400930964478,0.442440715012,0.443674205616,0.475567834640
market_item.xlsx|silk road 3.1|seller_raw:brownsugar||market_item.xlsx|silk road 3.1|seller_raw:uomochupito,en_content_train_pool,train_grouped_oof,en_content_train_pool_cc_250da590fb7fc568,1,negative,template_clone_not_controller,,0,1,0.948000000000,0.086403830247,0.189817338452,0.213869672396,0.109381969282
market_item.xlsx|silk road 3.1|seller_raw:buyeurfr||market_item.xlsx|silk road 3.1|seller_raw:metallica999,en_content_train_pool,train_grouped_oof,en_content_train_pool_cc_a3bf4cf2e9680685,2,negative,ordinary_negative,,1,1,0.266187050360,0.028615955269,0.019736273739,0.039782598622,0.049447312345
market_item.xlsx|silk road 3.1|seller_raw:candirose||market_item.xlsx|silk road 3.1|seller_raw:libertasgoods2,en_content_train_pool,train_grouped_oof,en_content_train_pool_cc_0682d57ea01d5b89,3,negative,ordinary_negative,,1,1,0.000000000000,0.011584820437,0.009256223068,0.023633563373,0.028890274249
market_item.xlsx|silk road 3.1|seller_raw:castorpol||market_item.xlsx|silk road 3.1|seller_raw:holandskunk,en_content_train_pool,train_grouped_oof,en_content_train_pool_cc_f0a70ac3b58235f6,1,negative,ordinary_negative,,1,1,0.878504672897,0.361037152255,0.195226297287,0.175094340107,0.095014112710
market_item.xlsx|silk road 3.1|seller_raw:cheapconnect||market_item.xlsx|silk road 3.1|seller_raw:darkwebpartners,en_content_train_pool,train_grouped_oof,en_content_train_pool_cc_abe3fee03c7eef87,4,positive,same_controller_direct_identifier,,1,1,0.040056219255,0.333817037149,0.356729125736,0.367288062315,0.236959308221
market_item.xlsx|silk road 3.1|seller_raw:chems2you||market_item.xlsx|silk road 3.1|seller_raw:yellowcasecoka,en_content_train_pool,train_grouped_oof,en_content_train_pool_cc_328bb076b265863c,3,negative,ordinary_negative,,1,1,0.000000000000,0.160153281832,0.165669933684,0.194313816906,0.155527235694
market_item.xlsx|silk road 3.1|seller_raw:clest||market_item.xlsx|silk road 3.1|seller_raw:vanish,en_content_train_pool,train_grouped_oof,en_content_train_pool_cc_5fae4114f843b085,3,negative,ordinary_negative,,1,1,0.466531440162,0.220111610246,0.242663686648,0.253369270601,0.144532270376
market_item.xlsx|silk road 3.1|seller_raw:danielmonrow||market_item.xlsx|silk road 3.1|seller_raw:lawallebron33,en_content_train_pool,train_grouped_oof,en_content_train_pool_cc_8a80c5331102c1e8,4,negative,ordinary_negative,,1,1,0.094411515665,0.339382513142,0.356160146830,0.363809200809,0.492343860655
market_item.xlsx|silk road 3.1|seller_raw:darksecrets||market_item.xlsx|silk road 3.1|seller_raw:ebook4u,en_content_train_pool,train_grouped_oof,en_content_train_pool_cc_66c9c5db49fa0343,0,negative,ordinary_negative,,1,1,0.148387096774,0.221227500875,0.206963870962,0.226854984060,0.268356975869
market_item.xlsx|silk road 3.1|seller_raw:davidwolf||market_item.xlsx|silk road 3.1|seller_raw:joanguy,en_content_train_pool,train_grouped_oof,en_content_train_pool_cc_75674f6a81252dfd,2,negative,ordinary_negative,,1,1,0.000000000000,0.013909845570,0.005304521410,0.009576048421,0.019173436763
market_item.xlsx|silk road 3.1|seller_raw:dbag418||market_item.xlsx|silk road 3.1|seller_raw:mescalito,en_content_train_pool,train_grouped_oof,en_content_train_pool_cc_07e6f27e316ae9d6,2,negative,ordinary_negative,,1,1,0.000000000000,0.167295485377,0.128718985020,0.145779651691,0.093276672251
market_item.xlsx|silk road 3.1|seller_raw:deathangel001||market_item.xlsx|silk road 3.1|seller_raw:elmaestro07,en_content_train_pool,train_grouped_oof,en_content_train_pool_cc_b6f4da8592954287,4,negative,ordinary_negative,,1,1,0.347368421053,0.181444250716,0.092880097584,0.088578208781,0.038211167234
market_item.xlsx|silk road 3.1|seller_raw:derwentstudents10||market_item.xlsx|silk road 3.1|seller_raw:johntrainor554,en_content_train_pool,train_grouped_oof,en_content_train_pool_cc_0b86dcfd44f0e45d,1,negative,ordinary_negative,,1,1,0.000000000000,0.292267477990,0.184554233705,0.191245802272,0.295556883669
market_item.xlsx|silk road 3.1|seller_raw:derwentstudents10||market_item.xlsx|silk road 3.1|seller_raw:mrshah,en_content_train_pool,train_grouped_oof,en_content_train_pool_cc_0b86dcfd44f0e45d,1,negative,semantic_topic_not_controller,,1,1,0.352000000000,0.216445504197,0.205904797536,0.227295648221,0.163370668047
market_item.xlsx|silk road 3.1|seller_raw:dunderchief||market_item.xlsx|silk road 3.1|seller_raw:wood923,en_content_train_pool,train_grouped_oof,en_content_train_pool_cc_8b9d383fca737d02,2,negative,ordinary_negative,,1,1,0.000000000000,0.000966799263,0.000619006266,0.001611325907,0.005863574203
market_item.xlsx|silk road 3.1|seller_raw:ecstasy201593||market_item.xlsx|silk road 3.1|seller_raw:matt1493,en_content_train_pool,train_grouped_oof,en_content_train_pool_cc_44d8cd820d27b570,3,negative,semantic_topic_not_controller,,1,1,0.726638772664,0.214926398436,0.141175948879,0.140845719372,0.111721282636
market_item.xlsx|silk road 3.1|seller_raw:fireball||market_item.xlsx|silk road 3.1|seller_raw:firefighter,en_content_train_pool,train_grouped_oof,en_content_train_pool_cc_520102b30e185fbe,2,negative,ordinary_negative,,1,1,0.551812366738,0.438035657618,0.442492641172,0.441079202595,0.559327933792
market_item.xlsx|silk road 3.1|seller_raw:goblinking0000||market_item.xlsx|silk road 3.1|seller_raw:hidemyass7000,en_content_train_pool,train_grouped_oof,en_content_train_pool_cc_c2271e2395584759,4,positive,same_controller_direct_identifier,,1,1,0.110073710074,0.237082665899,0.242256779219,0.250675112531,0.153608169112
market_item.xlsx|silk road 3.1|seller_raw:hamma1||market_item.xlsx|silk road 3.1|seller_raw:hi5,en_content_train_pool,train_grouped_oof,en_content_train_pool_cc_ff9f5cf891820cf7,1,negative,ordinary_negative,,1,0,0.000000000000,0.004209571423,0.004147713498,0.003715801754,0.003004067220
market_item.xlsx|silk road 3.1|seller_raw:honor||market_item.xlsx|silk road 3.1|seller_raw:joanguy,en_content_train_pool,train_grouped_oof,en_content_train_pool_cc_75674f6a81252dfd,2,negative,ordinary_negative,,1,1,0.000000000000,0.175333114127,0.168110681833,0.187473383974,0.282957566927
market_item.xlsx|silk road 3.1|seller_raw:islands3||market_item.xlsx|silk road 3.1|seller_raw:krikrikri,en_content_train_pool,train_grouped_oof,en_content_train_pool_cc_03fe5437501c5339,3,negative,ordinary_negative,,1,1,0.000000000000,0.004686029336,0.003647913875,0.011035535849,0.008990939149
market_item.xlsx|silk road 3.1|seller_raw:jack1111||market_item.xlsx|silk road 3.1|seller_raw:peoplesdrughouse,en_content_train_pool,train_grouped_oof,en_content_train_pool_cc_e22a40420233f95f,1,negative,ordinary_negative,,1,1,0.333579335793,0.428155287570,0.487297939450,0.471955768151,0.463548214169
market_item.xlsx|silk road 3.1|seller_raw:jackie2017||market_item.xlsx|silk road 3.1|seller_raw:junky02,en_content_train_pool,train_grouped_oof,en_content_train_pool_cc_530609b64d8b1f99,1,negative,public_contact_or_url_noise,,1,1,0.000000000000,0.004924175080,0.000471832578,0.000904843251,0.001591686554
market_item.xlsx|silk road 3.1|seller_raw:jacob077342||market_item.xlsx|silk road 3.1|seller_raw:mandiz,en_content_train_pool,train_grouped_oof,en_content_train_pool_cc_152d0c1f0f128a69,1,negative,ordinary_negative,,0,0,0.480769230769,0.001118221019,0.000330939252,0.000330370411,0.000309505395
market_item.xlsx|silk road 3.1|seller_raw:kanekyle2016||market_item.xlsx|silk road 3.1|seller_raw:lykalabs,en_content_train_pool,train_grouped_oof,en_content_train_pool_cc_3ab0dc1cd6a6a969,1,negative,ordinary_negative,,1,1,0.743253099927,0.408813945560,0.448080037256,0.441383617326,0.291107845513
market_item.xlsx|silk road 3.1|seller_raw:karmic01110||market_item.xlsx|silk road 3.1|seller_raw:underdog1955,en_content_train_pool,train_grouped_oof,en_content_train_pool_cc_6f742fda955f861d,2,negative,semantic_topic_not_controller,,1,1,0.000000000000,0.070232517087,0.035742160626,0.038819703875,0.020120401954
market_item.xlsx|silk road 3.1|seller_raw:khisknni||market_item.xlsx|silk road 3.1|seller_raw:lookandfind,en_content_train_pool,train_grouped_oof,en_content_train_pool_cc_25d511a9b87965b5,4,negative,public_contact_or_url_noise,,1,1,0.050199468085,0.003516561682,0.001628670297,0.002401611962,0.004653718215
market_item.xlsx|silk road 3.1|seller_raw:libertasgoods2||market_item.xlsx|silk road 3.1|seller_raw:liberty2goods,en_content_train_pool,train_grouped_oof,en_content_train_pool_cc_0682d57ea01d5b89,3,negative,ordinary_negative,,1,1,0.375000000000,0.137153648970,0.073046191812,0.081937231318,0.103777698453
market_item.xlsx|silk road 3.1|seller_raw:luckyweed||market_item.xlsx|silk road 3.1|seller_raw:netopeer,en_content_train_pool,train_grouped_oof,en_content_train_pool_cc_6e099fc30f4714ef,4,negative,ordinary_negative,,1,0,0.000000000000,0.005723617176,0.003995942510,0.004420564311,0.002300093250
market_item.xlsx|silk road 3.1|seller_raw:markjonson||market_item.xlsx|silk road 3.1|seller_raw:wondas500,en_content_train_pool,train_grouped_oof,en_content_train_pool_cc_792761d147e6c86e,4,negative,ordinary_negative,,1,1,0.524231370505,0.327345470197,0.354963637508,0.361556558133,0.318416852004
market_item.xlsx|silk road 3.1|seller_raw:maryjohanna||market_item.xlsx|silk road 3.1|seller_raw:welcuredrugs,en_content_train_pool,train_grouped_oof,en_content_train_pool_cc_174ce4e618d93236,2,positive,same_controller_direct_identifier,,1,1,0.106636597938,0.380995148833,0.403204713161,0.406560167558,0.271836855939
market_item.xlsx|silk road 3.1|seller_raw:metou||market_item.xlsx|silk road 3.1|seller_raw:stimple,en_content_train_pool,train_grouped_oof,en_content_train_pool_cc_5e8d88d6389a4cfc,3,negative,ordinary_negative,,1,1,0.289855072464,0.306104943270,0.325042883149,0.337365204427,0.257725634015
market_item.xlsx|silk road 3.1|seller_raw:minatuarmike||market_item.xlsx|silk road 3.1|seller_raw:soulpolegiver,en_content_train_pool,train_grouped_oof,en_content_train_pool_cc_22553bae26bf4f9f,0,negative,template_clone_not_controller,,1,1,0.000000000000,0.007606402742,0.003969205156,0.011430734485,0.003949488278
market_item.xlsx|silk road 3.1|seller_raw:mutantmass||market_item.xlsx|silk road 3.1|seller_raw:paypaltransfers,en_content_train_pool,train_grouped_oof,en_content_train_pool_cc_f9c9dc57ff5e5bc2,2,negative,ordinary_negative,,1,1,0.479481641469,0.369467431747,0.322296057747,0.309154076507,0.385470683239
market_item.xlsx|silk road 3.1|seller_raw:polinomi2||market_item.xlsx|silk road 3.1|seller_raw:sevomllik,en_content_train_pool,train_grouped_oof,en_content_train_pool_cc_617ca99e5282a86e,3,negative,semantic_topic_not_controller,,1,1,0.000000000000,0.136571159824,0.055357085428,0.056634926270,0.035074482510
market_item.xlsx|silk road 3.1|seller_raw:salsid||market_item.xlsx|silk road 3.1|seller_raw:sulcud,en_content_train_pool,train_grouped_oof,en_content_train_pool_cc_380a31c60864c034,1,positive,same_controller_style_structural_soft,,1,1,0.939505415900,0.408353424599,0.510717086180,0.386492341419,0.509474266931
market_item.xlsx|silk road 3.1|seller_raw:silver12||market_item.xlsx|silk road 3.1|seller_raw:silver13,en_content_train_pool,train_grouped_oof,en_content_train_pool_cc_f58a56694330eca3,3,positive,same_controller_direct_identifier,,0,1,0.949541284404,0.410364707345,0.277507653838,0.278528064380,0.461215033434
market_item.xlsx|silk road 3.1|seller_raw:srcrax||market_item.xlsx|silk road 3.1|seller_raw:williethepimp,en_content_train_pool,train_grouped_oof,en_content_train_pool_cc_8b9d383fca737d02,2,negative,ordinary_negative,,1,1,0.200000000000,0.215608168268,0.154242621601,0.135801377855,0.096979341385
market_item.xlsx|silk road 3.1|seller_raw:srcrax||market_item.xlsx|silk road 3.1|seller_raw:wood923,en_content_train_pool,train_grouped_oof,en_content_train_pool_cc_8b9d383fca737d02,2,negative,ordinary_negative,,1,1,0.218309859155,0.001121027815,0.000302364091,0.000715411492,0.001266819146
market_item.xlsx|silk road 3.1|seller_raw:thedevilsadvocate||market_item.xlsx|silk road 3.1|seller_raw:williethepimp,en_content_train_pool,train_grouped_oof,en_content_train_pool_cc_8b9d383fca737d02,2,negative,ordinary_negative,,1,1,0.536842105263,0.108679681340,0.070440839705,0.075934862476,0.071511351956
market_item.xlsx|silk road 3.1|seller_raw:thedevilsadvocate||market_item.xlsx|silk road 3.1|seller_raw:wood923,en_content_train_pool,train_grouped_oof,en_content_train_pool_cc_8b9d383fca737d02,2,negative,ordinary_negative,,1,1,0.211267605634,0.000612200930,0.000182680363,0.000492266936,0.000670118157
market_item.xlsx|silk road 3.1|seller_raw:uzy121||market_item.xlsx|silk road 3.1|seller_raw:xuladom,en_content_train_pool,train_grouped_oof,en_content_train_pool_cc_ecae25c62885c183,3,negative,public_contact_or_url_noise,,1,1,0.446497305620,0.140115157858,0.144327049626,0.128067310791,0.134861063639
market_item.xlsx|silk road 3.1|seller_raw:williethepimp||market_item.xlsx|silk road 3.1|seller_raw:wood923,en_content_train_pool,train_grouped_oof,en_content_train_pool_cc_8b9d383fca737d02,2,negative,ordinary_negative,,1,1,0.260563380282,0.001602865569,0.000978253662,0.002696001064,0.007129491854
market_item.xlsx|tor2door market|seller_raw:mysteryland||market_item.xlsx|versus market|seller_raw:DutchDragonz,en_content_train_pool,train_grouped_oof,en_content_train_pool_cc_613c184537fb0e0b,4,negative,semantic_topic_not_controller,,1,1,0.563661078387,0.342993833838,0.380343293226,0.333893437013,0.423893676436
market_item.xlsx|versus market|seller_raw:FirebunnyUSA||market_item.xlsx|versus market|seller_raw:Suriv01,en_content_train_pool,train_grouped_oof,en_content_train_pool_cc_e72a4bdbb0346e3e,3,negative,template_clone_not_controller,,1,1,0.556818181818,0.398020159135,0.421204583467,0.414722953388,0.384297820594
market_item.xlsx|versus market|seller_raw:Premierpharma||market_item.xlsx|versus market|seller_raw:stealthmedsuk,en_content_train_pool,train_grouped_oof,en_content_train_pool_cc_83fbe53ee8850afa,2,negative,public_contact_or_url_noise,,1,1,0.446551724138,0.410412730768,0.434694416849,0.437635159725,0.503239273672
market_item.xlsx|versus market|seller_raw:TheBodyShops||market_item.xlsx|vice city|seller_raw:TheBodyShop,en_content_train_pool,train_grouped_oof,en_content_train_pool_cc_4133af1cec2dfe64,2,positive,same_controller_direct_identifier,,1,1,0.581968017267,0.326482916959,0.295541642697,0.299884192837,0.445521593310
market_item.xlsx|versus market|seller_raw:sluts1||market_item.xlsx|vice city|seller_raw:Sluts,en_content_train_pool,train_grouped_oof,en_content_train_pool_cc_d4600fefc52e5c45,2,positive,same_controller_style_structural_soft,,1,1,0.949748743719,0.434477716293,0.511209148003,0.396018591898,0.551070329269
market_item.xlsx|vice city|seller_raw:Crazysupplies||market_item.xlsx|vice city|seller_raw:Rudeman,en_content_train_pool,train_grouped_oof,en_content_train_pool_cc_cc773c8a3c0791d6,4,positive,same_controller_direct_identifier,,1,1,0.480265053299,0.164731611824,0.142276618074,0.142816568395,0.061625167598
