tree
version=v4
num_class=1
num_tree_per_iteration=1
label_index=0
max_feature_idx=25
objective=binary sigmoid:1
feature_names=same_market_raw_bool same_source_dataset_bool profile_category_jaccard shared_title_count_capped shared_description_count_capped shared_category_count_capped shared_title_idf_sum shared_description_idf_sum shared_title_idf_mean shared_description_idf_mean boilerplate_ratio_max boilerplate_ratio_gap_abs shared_boilerplate_count shared_low_df_sentence_count shared_rare_ngram_count item_count_percentile_gap_abs price_median_percentile_gap_abs title_length_median_percentile_gap_abs description_length_median_percentile_gap_abs digit_ratio_mean_percentile_gap_abs punct_ratio_mean_percentile_gap_abs repeated_title_share_percentile_gap_abs repeated_description_share_percentile_gap_abs max_category_share_percentile_gap_abs embedding_cosine_bge_m3 reranker_score_bge_reranker_v2_m3
feature_infos=[0:1] [0:1] [0:1] [0:5] [0:5] [0:5] [0:70.616864000000007] [0:79.443972000000002] [0:8.8271080000000008] [0:8.8271080000000008] [0:0.20000000000000001] [0:0.20000000000000001] [0:1] [0:9] [0:8] [0:0.70916299999999999] [0:0.96791400000000005] [0:0.92293000000000003] [0:0.86055700000000002] [0:0.89987799999999996] [0:0.93352299999999999] [0:0.78087600000000001] [0:0.625498] [0:0.98619599999999996] [0.75061999999999995:0.99786200000000003] [0.0015900000000000001:0.91584900000000002]
tree_sizes=677 579 577 679 660 665 774 781 566 683 677 681 685 684 682 858 661 652 889 768 860 651 662 682 686 843 572 732 663 744 682 870 651 876 825 645 878 658 766 770 636 657 744 640 888 766 658 744 740 665 844 722 766 745 767 747 737 683 890 676 738 873 870 745 759 748 745 893 872 679 833 769 558 577 760 887 793 646 850 831 867 649 767 832 738 661 851 766 860 744 682 657 761 659 816 663 727 861 662 767 885 878 662 873 572 875 767 679 746 840 680 747 768 747 653 867 815 640 850 850 760 752 874 564 857 874 865 560 753 749 870 865 861 682 643 843 637 865 652 770 833 680 872 771 768 853 726 850 749 841 666 869 885 765 743 640 655 555 754

Tree=0
num_leaves=5
num_cat=0
split_feature=4 21 25 25
split_gain=71.3605 46.1024 18.0924 16.8275
threshold=1.0000000180025095e-35 0.040835500000000004 0.46572350000000007 0.68764550000000013
decision_type=10 8 2 2
left_child=1 3 -3 -1
right_child=-2 2 -4 -5
leaf_value=-0.047361747341177818 0.047426961996869445 -0.0059636724057795772 0.033282455444976808 0.0085948399504445962
leaf_weight=27.696492075920109 19.102085649967194 29.618870295584202 12.27144994586706 3.7266071736812583
leaf_count=143 53 267 79 13
internal_value=4.24975e-08 -0.013789 0.00632081 -0.0396834
internal_weight=92.4155 73.3134 41.8903 31.4231
internal_count=555 502 346 156
is_linear=0
shrinkage=1


Tree=1
num_leaves=4
num_cat=0
split_feature=4 23 21
split_gain=46.5345 40.3436 10.1362
threshold=1.0000000180025095e-35 0.00089200000000000011 0.090908500000000017
decision_type=10 8 10
left_child=1 -1 -3
right_child=-2 2 -4
leaf_value=-0.044127055572417105 0.042330967399392162 -0.0040829595263109884 0.024470451739853401
leaf_weight=20.14981384575367 15.204130381345747 38.816893592476845 11.907130256295202
leaf_count=104 43 338 39
internal_value=-0.000301838 -0.0112013 0.00305352
internal_weight=86.078 70.8738 50.724
internal_count=524 481 377
is_linear=0
shrinkage=0.03


Tree=2
num_leaves=4
num_cat=0
split_feature=4 23 24
split_gain=67.5546 35.5154 15.3489
threshold=1.0000000180025095e-35 0.00089200000000000011 0.87456900000000004
decision_type=10 8 2
left_child=1 -1 -3
right_child=-2 2 -4
leaf_value=-0.042218990630392639 0.045766266117705429 -0.020984451394969943 0.012012018247131167
leaf_weight=21.809550330042839 20.173605918884277 15.668688058853148 36.048132590949535
leaf_count=112 56 124 262
internal_value=0.000624922 -0.0126772 0.000864354
internal_weight=93.7 73.5264 51.7168
internal_count=554 498 386
is_linear=0
shrinkage=0.03


Tree=3
num_leaves=5
num_cat=0
split_feature=4 25 21 21
split_gain=50.8895 45.81 19.4584 6.76938
threshold=1.0000000180025095e-35 0.52765350000000011 0.11378600000000001 0.0011505000000000003
decision_type=10 2 8 8
left_child=1 2 -1 -3
right_child=-2 3 -4 -5
leaf_value=-0.040243644634404038 0.041733450928034439 -0.0067902630633805746 -0.0046745723455337293 0.035049221360675079
leaf_weight=30.029098242521286 16.988189697265625 1.874327197670939 29.054523400962353 14.460777156054972
leaf_count=152 48 9 273 80
internal_value=-0.000691644 -0.0118615 -0.0243068 0.0283882
internal_weight=92.4069 75.4187 59.0836 16.3351
internal_count=562 514 425 89
is_linear=0
shrinkage=0.03


Tree=4
num_leaves=5
num_cat=0
split_feature=3 23 2 24
split_gain=55.0997 33.4946 8.87917 1.73558
threshold=1.0000000180025095e-35 0.00089200000000000011 0.32575750000000009 0.96162150000000013
decision_type=10 8 10 2
left_child=1 3 -3 -1
right_child=-2 2 -4 -5
leaf_value=-0.041015481856710452 0.042156004134475011 0.0078044026288168998 -0.020640270890391041 0
leaf_weight=22.641223236918453 18.418877243995667 43.416306287050247 9.3706402331590635 1.8587706685066212
leaf_count=117 52 343 44 8
internal_value=-0.000297705 -0.011986 0.00137878 -0.0388814
internal_weight=95.7058 77.2869 52.7869 24.5
internal_count=564 512 387 125
is_linear=0
shrinkage=0.03


Tree=5
num_leaves=5
num_cat=0
split_feature=4 25 18 23
split_gain=54.5037 32.336 14.526 7.9482
threshold=1.0000000180025095e-35 0.39269000000000004 0.29475650000000003 0.0067100000000000016
decision_type=10 2 8 8
left_child=1 2 -1 -3
right_child=-2 3 -4 -5
leaf_value=-0.038313341504686522 0.041435879298952198 -0.011075736983453601 -0.005239119044800628 0.024324942584480803
leaf_weight=28.406360849738121 19.073932275176048 4.4685174524784115 24.9031041264534 18.462126947939396
leaf_count=144 54 21 236 112
internal_value=0 -0.0118643 -0.024498 0.0157862
internal_weight=95.314 76.2401 53.3095 22.9306
internal_count=567 513 380 133
is_linear=0
shrinkage=0.03


Tree=6
num_leaves=6
num_cat=0
split_feature=25 4 18 3 23
split_gain=43.6255 23.9647 10.4584 6.89787 4.19764
threshold=0.28363100000000002 1.0000000180025095e-35 0.26283050000000008 1.0000000180025095e-35 0.0067100000000000016
decision_type=2 10 8 8 10
left_child=1 2 -1 4 -2
right_child=3 -3 -4 -5 -6
leaf_value=-0.039096379736817365 -0.011768569568835706 0.02513269310846317 -0.0075224476976780089 0.033149330357789282 0.01416700708372773
leaf_weight=23.298541218042374 4.6459314376115826 6.9456817507743827 21.869659706950188 22.408076018095016 13.755014032125471
leaf_count=120 22 21 210 142 49
internal_value=0 -0.0175146 -0.0258523 0.02259 0.00548512
internal_weight=92.9229 52.1139 45.1682 40.809 18.4009
internal_count=564 351 330 213 71
is_linear=0
shrinkage=0.03


Tree=7
num_leaves=6
num_cat=0
split_feature=21 9 24 20 17
split_gain=29.9142 15.6684 11.943 8.69574 3.07004
threshold=1.0000000180025095e-35 8.0568855000000017 0.86085700000000009 0.45587550000000004 0.24065050000000002
decision_type=8 10 2 8 8
left_child=1 -1 4 -4 -2
right_child=2 -3 3 -5 -6
leaf_value=-0.033044712872784189 0.0030272770517306611 0.016757824378453422 0.028192258498284047 0.0022473532578371896 -0.019271723187070176
leaf_weight=23.183658570051197 5.7346003204584095 4.3823098093271247 31.462772011756897 22.463153466582298 8.4476081505417824
leaf_count=117 22 14 103 230 87
internal_value=0.00124769 -0.0232782 0.0121594 0.0185998 -0.00955483
internal_weight=95.6741 27.566 68.1081 53.9259 14.1822
internal_count=573 131 442 333 109
is_linear=0
shrinkage=0.03


Tree=8
num_leaves=4
num_cat=0
split_feature=4 23 25
split_gain=49.87 26.7319 15.9851
threshold=1.0000000180025095e-35 0.0030185000000000003 0.43376400000000009
decision_type=10 8 2
left_child=1 -1 -3
right_child=-2 2 -4
leaf_value=-0.037643746495728082 0.040167272778899907 -0.010921091728060351 0.02246211442227105
leaf_weight=21.403063505887985 18.297757297754288 34.908628799021244 16.552719108760357
leaf_count=112 52 288 96
internal_value=-8.45149e-05 -0.0117767 0
internal_weight=91.1622 72.8644 51.4613
internal_count=548 496 384
is_linear=0
shrinkage=0.03


Tree=9
num_leaves=5
num_cat=0
split_feature=4 25 2 23
split_gain=44.0565 27.6779 12.9844 8.04663
threshold=1.0000000180025095e-35 0.28739900000000007 0.32575750000000009 1.0000000180025095e-35
decision_type=10 2 10 8
left_child=1 3 -3 -1
right_child=-2 2 -4 -5
leaf_value=-0.039755577281806058 0.038642518938465549 0.024592299212699387 -0.014296763461458244 -0.010940975040050463
leaf_weight=16.495000064373016 18.727576598525047 20.274974912405018 8.1470850110053998 29.702837742865086
leaf_count=89 54 138 38 244
internal_value=0.000620569 -0.00966013 0.0121895 -0.0236359
internal_weight=93.3475 74.6199 28.4221 46.1978
internal_count=563 509 176 333
is_linear=0
shrinkage=0.03


Tree=10
num_leaves=5
num_cat=0
split_feature=4 25 18 2
split_gain=49.4607 28.2282 15.9385 4.39691
threshold=1.0000000180025095e-35 0.53438100000000011 0.29475650000000003 0.64583350000000006
decision_type=10 2 8 10
left_child=1 2 -1 -3
right_child=-2 3 -4 -5
leaf_value=-0.034265900555465634 0.039528555203210074 0.026341314420788048 -0.0027968266590023441 -0.0059042305617095616
leaf_weight=30.880724087357521 19.841964423656464 14.76775249838829 30.280816033482552 1.8542442470788962
leaf_count=158 57 81 281 9
internal_value=0.000280655 -0.010456 -0.0200125 0.0208626
internal_weight=97.6255 77.7835 61.1615 16.622
internal_count=586 529 439 90
is_linear=0
shrinkage=0.03


Tree=11
num_leaves=5
num_cat=0
split_feature=3 25 2 21
split_gain=38.962 21.5459 12.4649 8.04425
threshold=1.0000000180025095e-35 0.28363100000000002 0.32575750000000009 0.24561150000000001
decision_type=10 2 10 10
left_child=1 3 -3 -1
right_child=-2 2 -4 -5
leaf_value=-0.025493928865705996 0.037580097923552186 0.022707789277675069 -0.015145841628897188 0.0083701209542206643
leaf_weight=40.803351290524006 17.800079494714737 20.331874273717407 8.3158199191093427 4.4435263127088538
leaf_count=303 52 137 39 16
internal_value=0.000904807 -0.00866106 0.0103776 -0.0212328
internal_weight=91.6947 73.8946 28.6477 45.2469
internal_count=547 495 176 319
is_linear=0
shrinkage=0.03


Tree=12
num_leaves=5
num_cat=0
split_feature=4 23 25 16
split_gain=43.1473 26.1468 9.82386 0.418947
threshold=1.0000000180025095e-35 0.00089200000000000011 0.46572350000000007 0.27349450000000003
decision_type=10 8 2 10
left_child=1 -1 -3 -2
right_child=3 2 -4 -5
leaf_value=-0.034447609222636837 0.040061483379680497 -0.0065702910066337715 0.019649447608321508 0.0036143223328952328
leaf_weight=22.754568696022034 16.882727593183521 33.159771323204041 16.517178229987621 2.8492621183395377
leaf_count=121 48 273 98 10
internal_value=0.000802943 -0.00982695 0.00220061 0.0372899
internal_weight=92.1635 72.4315 49.6769 19.732
internal_count=550 492 371 58
is_linear=0
shrinkage=0.03


Tree=13
num_leaves=5
num_cat=0
split_feature=4 25 2 21
split_gain=34.1651 28.6329 10.4844 7.86015
threshold=1.0000000180025095e-35 0.28739900000000007 0.32575750000000009 0.059233000000000008
decision_type=10 2 10 8
left_child=1 3 -3 -1
right_child=-2 2 -4 -5
leaf_value=-0.037189108658498442 0.0355273821035356 0.024514516174015882 -0.0092021694125181477 -0.0085484128496225702
leaf_weight=20.937752649188042 15.894566938281057 18.854709155857567 9.7420719265937787 22.507985025644302
leaf_count=113 47 123 44 217
internal_value=-0.000203427 -0.00959154 0.0122956 -0.0245077
internal_weight=87.9371 72.0425 28.5968 43.4457
internal_count=544 497 167 330
is_linear=0
shrinkage=0.03


Tree=14
num_leaves=5
num_cat=0
split_feature=4 21 18 16
split_gain=30.8511 21.9839 13.89 0.351039
threshold=1.0000000180025095e-35 0.0011505000000000003 0.092983500000000011 0.27349450000000003
decision_type=10 8 10 8
left_child=1 -1 -3 -2
right_child=3 2 -4 -5
leaf_value=-0.030859001979006737 0.037359321291614657 -0.0076910067441927875 0.023048369052558138 0.0028679570311003276
leaf_weight=22.126939132809639 13.824004501104357 33.756717845797539 17.271542429924011 2.8160128444433203
leaf_count=116 40 328 59 10
internal_value=0.000585709 -0.00775866 0.00286017 0.0343795
internal_weight=89.7952 73.1552 51.0283 16.64
internal_count=553 503 387 50
is_linear=0
shrinkage=0.03


Tree=15
num_leaves=7
num_cat=0
split_feature=25 7 21 21 17 15
split_gain=24.315 13.5326 11.2228 6.48042 2.71367 1.44443
threshold=0.28363100000000002 8.4887085000000031 0.11378600000000001 1.0000000180025095e-35 0.07912000000000001 0.022550500000000005
decision_type=2 10 8 8 10 8
left_child=1 2 -1 4 -2 -5
right_child=3 -3 -4 5 -6 -7
leaf_value=-0.032350240092108552 0.0092099514519023151 0.020074876664612679 -0.0018334093773923307 0 -0.016078000159157422 0.025485081805475641
leaf_weight=23.698355838656425 3.6660524159669858 6.2291372269392005 22.671713024377823 3.6376464217901257 4.5800913721323013 26.97225733846426
leaf_count=126 13 20 215 14 23 159
internal_value=0 -0.0130486 -0.0190554 0.0172237 -0.00271015 0.023249
internal_weight=91.4553 52.5992 46.3701 38.856 8.24614 30.6099
internal_count=570 361 341 209 36 173
is_linear=0
shrinkage=0.03


Tree=16
num_leaves=5
num_cat=0
split_feature=3 22 24 5
split_gain=35.2812 19.0048 8.36235 0.761337
threshold=1.5000000000000002 0.024632000000000005 0.85371100000000011 1.5000000000000002
decision_type=10 8 2 10
left_child=1 3 -3 -1
right_child=-2 2 -4 -5
leaf_value=-0.032569296655751152 0.037253095618047793 -0.019361028451781892 0.0076435658480917363 0
leaf_weight=21.055307626724247 14.367511153221129 10.687365636229513 38.123935721814632 2.5772050619125357
leaf_count=114 42 90 284 11
internal_value=-0.000967545 -0.0101253 0.000373124 -0.0305349
internal_weight=86.8113 72.4438 48.8113 23.6325
internal_count=541 499 374 125
is_linear=0
shrinkage=0.03


Tree=17
num_leaves=5
num_cat=0
split_feature=4 21 25 25
split_gain=38.9201 19.8906 10.6425 3.53657
threshold=1.0000000180025095e-35 0.12386950000000001 0.21412400000000004 0.54038500000000012
decision_type=10 8 2 2
left_child=1 3 -3 -1
right_child=-2 2 -4 -5
leaf_value=-0.029449990527596774 0.034821450693078834 -0.0098944801222844696 0.020154225960605347 0
leaf_weight=29.997304856777191 19.02746769785881 18.040869280695915 17.441603481769562 5.3346147686243048
leaf_count=158 58 177 137 22
internal_value=0 -0.0106161 0.00451624 -0.0257598
internal_weight=89.8419 70.8144 35.4825 35.3319
internal_count=552 494 314 180
is_linear=0
shrinkage=0.03


Tree=18
num_leaves=7
num_cat=0
split_feature=22 7 5 20 24 19
split_gain=19.7446 10.6188 7.88541 6.36933 5.19654 4.85375
threshold=0.040699500000000007 1.0000000180025095e-35 1.5000000000000002 0.28479750000000009 0.85371100000000011 0.090107000000000007
decision_type=10 8 10 10 2 8
left_child=1 2 -1 4 -2 -3
right_child=3 5 -4 -5 -6 -7
leaf_value=-0.027312540565086498 -0.00048330081344569262 0.024394363856792726 0.0064428626255450244 -0.002007706829765428 0.032033255403355054 -0.0010165931171506699
leaf_weight=22.153117477893833 3.1016387790441575 5.2185736894607535 5.226642280817031 5.7900038063526145 22.2162084877491 27.123128570616245
leaf_count=119 14 16 19 25 71 296
internal_value=0.0028033 -0.00692153 -0.0198814 0.0213194 0.0273611 0.00395748
internal_weight=90.8293 59.7215 27.3798 31.1079 25.3178 32.3417
internal_count=560 450 138 110 85 312
is_linear=0
shrinkage=0.03


Tree=19
num_leaves=6
num_cat=0
split_feature=3 21 22 23 18
split_gain=32.8785 17.7736 5.57343 3.35549 2.1262
threshold=1.0000000180025095e-35 0.12386950000000001 0.14709950000000002 0.52579900000000002 0.12250800000000002
decision_type=10 8 10 10 10
left_child=1 4 -3 -2 -1
right_child=3 2 -4 -5 -6
leaf_value=-0.029910762006913588 0.036705912449885872 -0.0017311004077975552 0.022423431891666117 0 -0.0082672735835255702
leaf_weight=23.260746315121651 15.644389599561693 27.087504811584949 8.3266111910343152 2.7276806235313407 13.829131647944449
leaf_count=125 47 294 27 11 64
internal_value=-0.00037767 -0.00996918 0.00447484 0.0321569 -0.0238117
internal_weight=90.8761 72.504 35.4141 18.3721 37.0899
internal_count=568 510 321 58 189
is_linear=0
shrinkage=0.03


Tree=20
num_leaves=7
num_cat=0
split_feature=25 3 21 5 2 2
split_gain=26.1235 14.0005 6.14939 4.262 2.34251 2.08137
threshold=0.28363100000000002 1.5000000000000002 1.0000000180025095e-35 1.5000000000000002 0.41428550000000003 0.58947350000000009
decision_type=2 10 8 10 10 10
left_child=1 3 5 -1 -4 -2
right_child=2 -3 4 -5 -6 -7
leaf_value=-0.02301997510678528 -0.018202446264368323 0.023069873260089604 0.026256697433924014 0.0024104952693581642 0 0.0046642370963049006
leaf_weight=42.598752230405807 2.4029121547937384 4.5822297334671012 25.05543385446072 3.8184305280446997 3.9905931055545798 5.0278184413909912
leaf_count=325 13 14 145 15 16 21
internal_value=-0.000951424 -0.014784 0.0172822 -0.0203016 0.02319 -0.00296265
internal_weight=87.4762 50.9994 36.4768 46.4172 29.046 7.43073
internal_count=549 354 195 340 161 34
is_linear=0
shrinkage=0.03


Tree=21
num_leaves=5
num_cat=0
split_feature=4 22 24 5
split_gain=30.1164 17.0702 6.55222 1.58361
threshold=1.0000000180025095e-35 0.044107500000000001 0.85071050000000004 4.5000000000000009
decision_type=10 8 2 10
left_child=1 3 -3 -1
right_child=-2 2 -4 -5
leaf_value=-0.027569148008385582 0.032444651927826196 -0.017799676628030583 0.0086343772167634461 0
leaf_weight=26.472386464476589 17.125703826546669 7.4480663836002341 35.814363263547421 2.2114811241626731
leaf_count=143 54 71 278 9
internal_value=0 -0.00888709 0.00257586 -0.0257298
internal_weight=89.072 71.9463 43.2624 28.6839
internal_count=555 501 349 152
is_linear=0
shrinkage=0.03


Tree=22
num_leaves=5
num_cat=0
split_feature=4 21 25 25
split_gain=27.4511 16.9624 9.21308 3.18132
threshold=1.0000000180025095e-35 0.040835500000000004 0.16991550000000002 0.65401100000000012
decision_type=10 8 2 2
left_child=1 3 -3 -1
right_child=-2 2 -4 -5
leaf_value=-0.027652405214332109 0.031193937762530235 -0.010333420041999955 0.016709941718508654 0
leaf_weight=28.296163171529773 15.942089974880217 17.993757873773575 20.501606948673725 3.4761440157890311
leaf_count=155 51 165 159 14
internal_value=-0.000664175 -0.0092828 0.003513 -0.0246145
internal_weight=86.2098 70.2677 38.4954 31.7723
internal_count=544 493 324 169
is_linear=0
shrinkage=0.03


Tree=23
num_leaves=5
num_cat=0
split_feature=4 25 22 2
split_gain=28.812 15.3417 6.64294 6.41267
threshold=1.0000000180025095e-35 0.32923100000000005 0.025743500000000002 0.32575750000000009
decision_type=10 2 8 10
left_child=1 2 -1 -3
right_child=-2 3 -4 -5
leaf_value=-0.032850710518328899 0.033148314135408981 0.020737243142510752 -0.0066985881822694566 -0.0068011434645569918
leaf_weight=14.107415109872816 17.869710355997086 16.480030119419101 30.624461695551872 8.4618306607007963
leaf_count=84 57 114 257 39
internal_value=0.00188393 -0.00675923 -0.0171212 0.0105937
internal_weight=87.5434 69.6737 44.7319 24.9419
internal_count=551 494 341 153
is_linear=0
shrinkage=0.03


Tree=24
num_leaves=5
num_cat=0
split_feature=4 23 23 16
split_gain=28.2196 16.7358 7.28971 0.979481
threshold=1.0000000180025095e-35 0.0030185000000000003 0.57592050000000017 0.28486050000000002
decision_type=10 8 10 10
left_child=1 -1 -3 -2
right_child=3 2 -4 -5
leaf_value=-0.02970990812989683 0.034638584989978009 0.0061132094284684513 -0.022335248696365249 0.00013922375982952268
leaf_weight=19.125716269016266 15.166084825992586 45.208685010671616 6.6299244910478583 2.6635234653949729
leaf_count=111 48 362 35 10
internal_value=0.00056982 -0.00781093 0.000904892 0.0316874
internal_weight=88.7939 70.9643 51.8386 17.8296
internal_count=566 508 397 58
is_linear=0
shrinkage=0.03


Tree=25
num_leaves=7
num_cat=0
split_feature=15 24 2 0 24 17
split_gain=11.7475 9.59828 5.43505 3.90334 2.43911 2.04858
threshold=1.0000000180025095e-35 0.86085700000000009 0.32575750000000009 1.0000000180025095e-35 0.96387750000000005 0.35199350000000001
decision_type=8 2 8 10 2 8
left_child=4 3 -3 -2 5 -1
right_child=1 2 -4 -5 -6 -7
leaf_value=-0.029845124179832063 -0.022825579585089961 0.022505345431292817 0.0027330859878958781 0.0013949816924955693 0 0
leaf_weight=10.162991181015965 8.8390627726912516 23.77206914126873 33.00557254254818 7.2440239042043677 1.5979498028755177 1.8047389090061194
leaf_count=62 88 84 270 30 7 9
internal_value=0.00098582 0.00626118 0.0122273 -0.01184 -0.0215397 -0.0256934
internal_weight=86.4264 72.8607 56.7776 16.0831 13.5657 11.9677
internal_count=550 472 354 118 78 71
is_linear=0
shrinkage=0.03


Tree=26
num_leaves=4
num_cat=0
split_feature=4 23 21
split_gain=26.5161 16.3539 9.15253
threshold=1.0000000180025095e-35 0.0030185000000000003 0.090908500000000017
decision_type=10 8 10
left_child=1 -1 -3
right_child=-2 2 -4
leaf_value=-0.028488773145225389 0.032112185865138844 -0.0053634242849913485 0.022356241398995221
leaf_weight=20.812253445386887 15.612567037343977 39.537421949207783 11.159982547163962
leaf_count=122 51 346 37
internal_value=0 -0.00791796 0.00108791
internal_weight=87.1222 71.5097 50.6974
internal_count=556 505 383
is_linear=0
shrinkage=0.03


Tree=27
num_leaves=6
num_cat=0
split_feature=3 22 18 16 9
split_gain=23.3461 13.6128 8.00875 3.20582 1.91969
threshold=1.0000000180025095e-35 0.03981450000000001 0.31753750000000008 0.28486050000000002 8.0568855000000017
decision_type=10 8 10 10 10
left_child=1 4 -3 -2 -1
right_child=3 2 -4 -5 -6
leaf_value=-0.026304086485719008 0.033654994949169931 -0.0036744021941472779 0.025196401896387867 0 0
leaf_weight=22.962215229868892 14.432880014181139 37.966154880821705 7.745528355240821 2.3550898581743231 1.9355919063091267
leaf_count=131 47 345 25 10 8
internal_value=0 -0.0075097 0.00185217 0.0291898 -0.024124
internal_weight=87.3975 70.6095 45.7117 16.788 24.8978
internal_count=566 509 370 57 139
is_linear=0
shrinkage=0.03


Tree=28
num_leaves=5
num_cat=0
split_feature=4 23 25 24
split_gain=19.6431 18.5213 10.649 1.23556
threshold=1.0000000180025095e-35 0.00089200000000000011 0.46572350000000007 0.95694350000000006
decision_type=10 8 2 2
left_child=1 3 -3 -1
right_child=-2 2 -4 -5
leaf_value=-0.031583857468486194 0.029568790572151376 -0.0054173968744727526 0.021812071574922424 0
leaf_weight=16.841454133391384 14.267326846718786 35.08668127655983 16.038549453020096 2.5190376788377753
leaf_count=102 48 284 91 14
internal_value=0.000492403 -0.00595169 0.00330603 -0.0289038
internal_weight=84.753 70.4857 51.1252 19.3605
internal_count=539 491 375 116
is_linear=0
shrinkage=0.03


Tree=29
num_leaves=6
num_cat=0
split_feature=3 23 25 17 16
split_gain=21.0407 14.7368 6.17034 2.12497 1.43409
threshold=1.0000000180025095e-35 0.0078600000000000024 0.46572350000000007 0.46361450000000004 0.27349450000000003
decision_type=10 8 2 10 8
left_child=1 3 -3 -1 -2
right_child=4 2 -4 -5 -6
leaf_value=-0.030130649589308108 0.032382954201297651 -0.0043935474769401343 0.017305791570538191 0 0
leaf_weight=17.373598843812946 12.949352771043774 34.251667365431786 13.746775627136229 3.3580044955015174 2.4616233259439477
leaf_count=106 43 284 88 18 10
internal_value=2.15627e-05 -0.00698724 0.00188534 -0.026435 0.0289541
internal_weight=84.141 68.73 47.9984 20.7316 15.411
internal_count=549 496 372 124 53
is_linear=0
shrinkage=0.03


Tree=30
num_leaves=5
num_cat=0
split_feature=4 25 21 2
split_gain=20.7881 14.2606 5.66477 4.66333
threshold=1.0000000180025095e-35 0.38368250000000004 0.040835500000000004 0.32575750000000009
decision_type=10 2 8 10
left_child=1 2 -1 -3
right_child=-2 3 -4 -5
leaf_value=-0.025222375589393518 0.030810538654657136 0.020345390958779828 -0.002747734283462702 -0.0039901645011246175
leaf_weight=21.605522185564041 14.978477716445921 16.373063713312153 24.335376277565956 7.0195719301700583
leaf_count=127 51 114 220 33
internal_value=0.00174523 -0.00513658 -0.0148285 0.0122827
internal_weight=84.312 69.3335 45.9409 23.3926
internal_count=545 494 347 147
is_linear=0
shrinkage=0.03


Tree=31
num_leaves=7
num_cat=0
split_feature=25 21 22 18 9 21
split_gain=20.1307 9.122 5.65399 1.84648 1.70961 1.61679
threshold=0.28363100000000002 0.032134000000000003 0.0047930000000000013 0.096817500000000015 8.4592630000000018 1.0000000180025095e-35
decision_type=2 10 8 10 8 8
left_child=1 4 3 -2 -1 -4
right_child=2 -3 5 -5 -6 -7
leaf_value=-0.028118028460324459 0.003665334449172393 0.0053246530206456201 0 -0.017526486483551519 -0.0076287025682476349 0.022683424968798861
leaf_weight=19.23304346203804 4.1189748644828788 12.560314655303953 2.0382073819637325 2.7632181793451309 13.856052123010157 26.622022360563278
leaf_count=116 18 51 9 16 167 156
internal_value=-0.00065483 -0.0137902 0.0151977 -0.0045451 -0.0217168 0.0208675
internal_weight=81.1918 45.6494 35.5424 6.88219 33.0891 28.6602
internal_count=533 334 199 34 283 165
is_linear=0
shrinkage=0.03


Tree=32
num_leaves=5
num_cat=0
split_feature=4 25 21 2
split_gain=20.6414 17.9771 7.17695 3.44044
threshold=1.0000000180025095e-35 0.52765350000000011 0.090908500000000017 0.32575750000000009
decision_type=10 2 8 10
left_child=1 2 -1 -3
right_child=-2 3 -4 -5
leaf_value=-0.026775532231241444 0.029537062737668852 0.023912910094542637 -0.0033189247262037317 0
leaf_weight=25.462075412273407 13.975396096706389 12.323811307549478 27.36174813657999 4.8797737360000601
leaf_count=151 49 75 257 21
internal_value=0 -0.00718238 -0.0159942 0.0167468
internal_weight=84.0028 70.0274 52.8238 17.2036
internal_count=553 504 408 96
is_linear=0
shrinkage=0.03


Tree=33
num_leaves=7
num_cat=0
split_feature=25 21 7 21 20 25
split_gain=13.4945 7.16889 3.24361 2.51581 1.10503 0.871469
threshold=0.28363100000000002 0.032134000000000003 8.4887085000000031 1.0000000180025095e-35 0.27370350000000004 0.66221350000000012
decision_type=2 10 8 8 8 2
left_child=1 2 -1 5 -3 -2
right_child=3 4 -4 -5 -6 -7
leaf_value=-0.02347341412907273 -0.0057125147036356429 0.012158078498493222 -0.00222248452044512 0.019411866415787765 -0.00093628736525188684 0.0098513774156553623
leaf_weight=17.37329763174057 5.5410172939300528 10.865517213940617 15.585390441119669 28.456731546670198 2.8456788510084161 2.2097552120685577
leaf_count=106 28 42 177 169 13 8
internal_value=0.00229088 -0.00778 -0.0152824 0.015639 0.00796501 0
internal_weight=82.8774 46.6699 32.9587 36.2075 13.7112 7.75077
internal_count=543 338 283 205 55 36
is_linear=0
shrinkage=0.03


Tree=34
num_leaves=7
num_cat=0
split_feature=21 7 18 24 16 15
split_gain=14.8363 7.66939 5.71291 3.14683 2.02952 2.31009
threshold=0.045361000000000005 8.4887085000000031 0.12250800000000002 0.86085700000000009 0.45918050000000005 0.021924500000000003
decision_type=10 8 10 2 10 10
left_child=1 2 -1 -3 5 -2
right_child=4 3 -4 -5 -6 -7
leaf_value=-0.025545297119811811 0 -0.012457533621195232 0 0.0080717575220473643 0 0.024416944084533949
leaf_weight=20.030341476202015 2.0087088495492997 5.2141093760728863 10.82293716073036 24.903835169970989 2.460097223520278 20.54623943567276
leaf_count=121 9 68 50 233 11 73
internal_value=0.000529809 -0.00712253 -0.0170897 0.00280529 0.0190177 0.0216326
internal_weight=85.9863 60.9712 30.8533 30.1179 25.015 22.5549
internal_count=565 472 171 301 93 82
is_linear=0
shrinkage=0.03


Tree=35
num_leaves=5
num_cat=0
split_feature=3 25 18 19
split_gain=20.251 15.951 4.40024 0.663242
threshold=1.5000000000000002 0.58110250000000019 0.059432500000000006 0.052909000000000005
decision_type=10 2 8 8
left_child=1 2 -1 -3
right_child=-2 3 -4 -5
leaf_value=-0.026633040758292193 0.030871613195170157 0 -0.0066519518261659626 0.022615557058710076
leaf_weight=16.021532252430916 12.70076948404312 2.491567745804784 40.589712407439947 10.205332107841969
leaf_count=98 45 10 333 63
internal_value=0 -0.00671675 -0.0138658 0.0198053
internal_weight=82.0089 69.3081 56.6112 12.6969
internal_count=549 504 431 73
is_linear=0
shrinkage=0.03


Tree=36
num_leaves=7
num_cat=0
split_feature=25 23 23 2 3 7
split_gain=16.6532 9.86399 6.22762 5.66829 3.21886 2.0946
threshold=0.28363100000000002 0.00089200000000000011 0.72916550000000013 0.32575750000000009 1.0000000180025095e-35 8.6832670000000025
decision_type=2 10 10 10 10 10
left_child=1 5 -3 -2 -5 -1
right_child=3 2 -4 4 -6 -7
leaf_value=-0.023458320780997494 0.023010693730210315 0.013883256657227418 -0.018728244901350527 -0.011307328037779228 0.015602398116290437 2.6058600339288573e-05
leaf_weight=26.848070129752163 23.551580529659986 15.174234434962274 4.0420433133840552 8.0520435869693738 3.0957234501838675 1.032724693417548
leaf_count=265 142 59 23 41 11 4
internal_value=1.723e-05 -0.0109717 0.00407055 0.0154143 0 -0.0216989
internal_weight=81.7964 47.0971 19.2163 34.6993 11.1478 27.8808
internal_count=545 351 82 194 52 269
is_linear=0
shrinkage=0.03


Tree=37
num_leaves=5
num_cat=0
split_feature=4 25 22 22
split_gain=21.0911 14.2557 3.64489 2.40583
threshold=1.0000000180025095e-35 0.52765350000000011 0.34860600000000003 0.028162000000000003
decision_type=10 2 10 8
left_child=1 2 -1 -3
right_child=-2 3 -4 -5
leaf_value=-0.016524296902124067 0.03057979643466939 0 0.0047039279683229887 0.02167700255047816
leaf_weight=46.642849512398243 14.657723993062971 3.2245277762412998 4.7555331140756598 12.129650067538023
leaf_count=388 53 14 18 75
internal_value=0.00103513 -0.00605847 -0.0138576 0.0164125
internal_weight=81.4103 66.7526 51.3984 15.3542
internal_count=548 495 406 89
is_linear=0
shrinkage=0.03


Tree=38
num_leaves=6
num_cat=0
split_feature=3 21 25 18 16
split_gain=15.8356 14.409 5.81008 3.2096 2.25415
threshold=1.0000000180025095e-35 0.11378600000000001 0.22734700000000005 0.13652000000000003 0.24901050000000002
decision_type=10 8 2 10 8
left_child=1 3 -3 -1 -2
right_child=4 2 -4 -5 -6
leaf_value=-0.02870917911314062 0.029713229098898859 -0.0045962197992380441 0.017567047893170238 -0.0041230159237517503 0
leaf_weight=18.889037281274799 11.502916812896725 19.025926902890205 15.861178778111933 11.664054840803145 2.2299935072660455
leaf_count=118 42 182 127 57 10
internal_value=-0.000415617 -0.00714167 0.00528146 -0.021425 0.0253766
internal_weight=79.1731 65.4402 34.8871 30.5531 13.7329
internal_count=536 484 309 175 52
is_linear=0
shrinkage=0.03


Tree=39
num_leaves=6
num_cat=0
split_feature=3 21 25 18 16
split_gain=16.6634 11.0187 8.49202 5.61301 0.187801
threshold=1.0000000180025095e-35 0.11378600000000001 0.21412400000000004 0.14349250000000002 0.23394650000000003
decision_type=10 8 2 10 10
left_child=1 3 -3 -1 -2
right_child=4 2 -4 -5 -6
leaf_value=-0.02673585217732526 0.029175664681206418 -0.0088177204141128961 0.017611430020907794 0 0.00011206851941804725
leaf_weight=21.468435704708099 11.070237532258032 18.095507420599461 18.511437565088272 12.375992491841314 2.4087342470884314
leaf_count=134 41 181 147 59 10
internal_value=-0.000149803 -0.00659126 0.00411122 -0.0183737 0.0267683
internal_weight=83.9303 70.4514 36.6069 33.8444 13.479
internal_count=572 521 328 193 51
is_linear=0
shrinkage=0.03


Tree=40
num_leaves=5
num_cat=0
split_feature=4 25 21 21
split_gain=15.1037 12.587 7.46289 1.3313
threshold=1.0000000180025095e-35 0.52765350000000011 0.11378600000000001 1.0000000180025095e-35
decision_type=10 2 8 8
left_child=1 2 -1 -3
right_child=-2 3 -4 -5
leaf_value=-0.02244789184855624 0.027029568616420863 0 0 0.020180726906210401
leaf_weight=25.122210368514061 13.909999534487723 1.9551391601562471 28.766748614609241 12.855562053620815
leaf_count=155 53 9 270 77
internal_value=0.00130729 -0.00439547 -0.011447 0.0171838
internal_weight=82.6097 68.6997 53.889 14.8107
internal_count=564 511 425 86
is_linear=0
shrinkage=0.03


Tree=41
num_leaves=5
num_cat=0
split_feature=4 25 2 2
split_gain=15.3105 10.8554 5.33303 1.34833
threshold=1.0000000180025095e-35 0.58110250000000019 0.25833350000000005 0.32575750000000009
decision_type=10 2 10 10
left_child=1 2 -1 -3
right_child=-2 3 -4 -5
leaf_value=-0.0038274808566118889 0.025941548108146129 0.021422628085977075 -0.02487522127694013 0
leaf_weight=37.505981646478176 14.087434217333792 8.6472289711236936 16.600166738033295 3.0306641906499854
leaf_count=327 54 54 104 13
internal_value=0.00020445 -0.00576197 -0.011778 0.0167778
internal_weight=79.8715 65.784 54.1061 11.6779
internal_count=552 498 431 67
is_linear=0
shrinkage=0.03


Tree=42
num_leaves=6
num_cat=0
split_feature=4 18 24 25 20
split_gain=12.9699 9.58225 6.65422 4.75506 0.248829
threshold=1.0000000180025095e-35 0.12250800000000002 0.86085700000000009 0.38368250000000004 0.17589100000000005
decision_type=10 8 2 2 8
left_child=1 3 -3 -1 -2
right_child=4 2 -4 -5 -6
leaf_value=-0.026082322541770779 0.02730450643217696 -0.013936704373169986 0.010941612615721529 0 0
leaf_weight=16.847644820809368 11.360494762659069 9.7686024159193021 32.054128084331751 7.7407156378030768 2.3138477653265008
leaf_count=112 44 85 262 35 10
internal_value=0.00107425 -0.00430506 0.00391758 -0.0182836 0.0250729
internal_weight=80.0854 66.4111 41.8227 24.5884 13.6743
internal_count=548 494 347 147 54
is_linear=0
shrinkage=0.03


Tree=43
num_leaves=5
num_cat=0
split_feature=4 25 18 21
split_gain=14.8198 11.1632 8.38577 2.16317
threshold=1.0000000180025095e-35 0.38368250000000004 0.29475650000000003 0.11378600000000001
decision_type=10 2 8 8
left_child=1 2 -1 -3
right_child=-2 3 -4 -5
leaf_value=-0.025399064818418866 0.027146597596343136 0 0 0.018387754914380224
leaf_weight=22.089151576161385 12.854387298226355 9.1116654127836245 23.221002548933029 11.936214491724966
leaf_count=141 50 41 226 92
internal_value=0.000700323 -0.00494272 -0.0133718 0.0113597
internal_weight=79.2124 66.358 45.3102 21.0479
internal_count=550 500 367 133
is_linear=0
shrinkage=0.03


Tree=44
num_leaves=7
num_cat=0
split_feature=22 4 23 23 15 16
split_gain=13.9927 8.53407 5.7265 4.06893 3.13617 2.25472
threshold=0.040699500000000007 1.0000000180025095e-35 1.0000000180025095e-35 0.57592050000000017 0.21755100000000002 0.18306150000000002
decision_type=10 8 10 10 8 10
left_child=1 5 -2 -4 -3 -1
right_child=2 4 3 -5 -6 -7
leaf_value=-0.026965304837975681 -0.0091328380446101063 0.019297598664550667 0.027117802568613424 -0.0010159261600031031 -0.0021347791971116819 -0.0025326589556757717
leaf_weight=15.669578962028028 3.1566393077373531 4.5538085401058224 19.897514149546627 3.0444391518831244 23.599378895014524 8.5858510583639127
leaf_count=106 18 18 72 15 278 47
internal_value=0 -0.00855079 0.0171335 0.0225422 0.00189344 -0.0206481
internal_weight=78.5072 52.4086 26.0986 22.942 28.1532 24.2554
internal_count=554 449 105 87 296 153
is_linear=0
shrinkage=0.03


Tree=45
num_leaves=6
num_cat=0
split_feature=4 25 21 2 20
split_gain=18.0717 10.0384 6.41467 1.97063 0.138908
threshold=1.0000000180025095e-35 0.53438100000000011 0.15176500000000001 0.64583350000000006 0.21875000000000003
decision_type=10 2 10 10 10
left_child=1 2 -1 -3 -2
right_child=4 3 -4 -5 -6
leaf_value=-0.018735942425536806 0.027558590832338432 0.015910319717805137 0.0074924393316314671 -0.0040583166544239536 0
leaf_weight=45.619213044643402 12.232704818248747 12.214142717421051 6.6400364190340033 1.8980570882558829 2.3680601716041556
leaf_count=406 49 78 25 10 10
internal_value=-0.00128276 -0.00845471 -0.0146346 0.0112308 0.0254988
internal_weight=80.9722 66.3714 52.2592 14.1122 14.6008
internal_count=578 519 431 88 59
is_linear=0
shrinkage=0.03


Tree=46
num_leaves=5
num_cat=0
split_feature=3 22 18 20
split_gain=11.6695 9.38197 5.08582 0.279007
threshold=1.5000000000000002 0.03981450000000001 0.29475650000000003 0.3543650000000001
decision_type=10 8 10 10
left_child=1 3 -3 -1
right_child=-2 2 -4 -5
leaf_value=-0.018634818361585457 0.027557118083538029 0 0.023256383973697496 -0.0014537197865554527
leaf_weight=19.694757036864761 10.547858163714407 35.723441541194916 7.859649345278739 5.6335812509059897
leaf_count=124 43 328 27 33
internal_value=0.00186288 -0.00263836 0.00527521 -0.016431
internal_weight=79.4593 68.9114 43.5831 25.3283
internal_count=555 512 355 157
is_linear=0
shrinkage=0.03


Tree=47
num_leaves=6
num_cat=0
split_feature=3 22 5 23 24
split_gain=11.2718 8.42076 6.28263 2.95102 2.02482
threshold=1.0000000180025095e-35 0.035440500000000007 1.5000000000000002 0.50185950000000012 0.95694350000000006
decision_type=10 8 10 8 2
left_child=1 4 -3 -2 -1
right_child=3 2 -4 -5 -6
leaf_value=-0.022384246408342908 0.028349426054772718 -0.0027856830218339424 0.023311826269046331 0 0
leaf_weight=18.590729311108593 10.87208259105682 35.215411935001612 7.2919299751520148 2.1736580580472955 2.4538916647434226
leaf_count=121 44 328 24 11 15
internal_value=9.47483e-05 -0.00498277 0.00227365 0.0230064 -0.0193424
internal_weight=76.5977 63.552 42.5073 13.0457 21.0446
internal_count=543 488 352 55 136
is_linear=0
shrinkage=0.03


Tree=48
num_leaves=6
num_cat=0
split_feature=4 25 17 19 16
split_gain=13.2552 11.9571 6.30873 2.21476 0.290835
threshold=1.0000000180025095e-35 0.52765350000000011 0.19976450000000004 0.048448000000000005 0.29371450000000004
decision_type=10 2 8 8 8
left_child=1 2 -1 -3 -2
right_child=4 3 -4 -5 -6
leaf_value=-0.02438716559147663 0.02841053116534737 0 -0.0015505588073508787 0.022122933379885839 0
leaf_weight=16.41326180100441 11.858952209353443 2.414290010929105 33.155388042330742 12.322946112602949 2.3396813869476327
leaf_count=107 49 11 298 77 10
internal_value=0.00248091 -0.00322384 -0.0106431 0.017619 0.0261177
internal_weight=78.5045 64.3059 49.5686 14.7372 14.1986
internal_count=552 493 405 88 59
is_linear=0
shrinkage=0.03


Tree=49
num_leaves=5
num_cat=0
split_feature=3 23 21 13
split_gain=11.2203 7.0527 6.34799 0.914924
threshold=1.5000000000000002 0.00089200000000000011 0.11378600000000001 1.0000000180025095e-35
decision_type=10 8 10 10
left_child=1 3 -3 -1
right_child=-2 2 -4 -5
leaf_value=-0.021211595012127927 0.026508605174339839 -0.0034887222078847971 0.019650676231437028 0
leaf_weight=14.612977787852289 10.166065067052839 40.52912812307477 10.804239541292189 1.8731900304555882
leaf_count=106 44 357 38 9
internal_value=0.000820236 -0.00356662 0.00164543 -0.0190899
internal_weight=77.9856 67.8195 51.3334 16.4862
internal_count=554 510 395 115
is_linear=0
shrinkage=0.03


Tree=50
num_leaves=7
num_cat=0
split_feature=21 25 24 23 15 24
split_gain=10.9732 6.77228 3.51513 3.29864 1.92671 0.868734
threshold=0.045361000000000005 0.59112300000000007 0.97952550000000016 1.0000000180025095e-35 0.044931000000000006 0.90075650000000007
decision_type=10 2 2 10 10 2
left_child=1 2 -1 -2 -5 -3
right_child=3 5 -4 4 -6 -7
leaf_value=-0.01286183681782762 -0.0025032462477287327 0 0.01360144432059017 0 0.026384563422749977 0.017284447521662739
leaf_weight=44.204365268349648 2.5275141596794155 2.953414358198641 1.4786827266216267 2.4235728979110744 15.69423286616802 7.2527329698204994
leaf_count=395 14 19 8 11 58 45
internal_value=0.00127712 -0.00530915 -0.0106037 0.0187871 0.0231115 0.0131429
internal_weight=76.5345 55.8892 45.683 20.6453 18.1178 10.2061
internal_count=550 467 403 83 69 64
is_linear=0
shrinkage=0.03


Tree=51
num_leaves=6
num_cat=0
split_feature=4 25 2 16 16
split_gain=14.3908 8.32655 3.87618 1.09505 0.372284
threshold=1.0000000180025095e-35 0.64158300000000013 0.25833350000000005 0.091423500000000005 0.27113500000000007
decision_type=10 2 8 8 10
left_child=1 2 -1 -3 -2
right_child=4 3 -4 -5 -6
leaf_value=0 0.026794806859179243 0 -0.018133324496697474 0.018742989969393862 0
leaf_weight=17.232947163283825 10.21818073093891 2.2947361767291996 34.867518186569214 6.7633301131427297 2.2635496705770484
leaf_count=87 44 10 347 44 10
internal_value=-0.00123427 -0.00780994 -0.012754 0.0142377 0.0243176
internal_weight=73.6403 61.1585 52.1005 9.05807 12.4817
internal_count=542 488 434 54 54
is_linear=0
shrinkage=0.03


Tree=52
num_leaves=6
num_cat=0
split_feature=25 4 18 20 23
split_gain=12.0307 6.91117 7.15397 2.58858 0.773024
threshold=0.28363100000000002 1.0000000180025095e-35 0.29475650000000003 0.28479750000000009 0.52579900000000002
decision_type=2 10 8 10 10
left_child=1 2 -1 4 -2
right_child=3 -3 -4 -5 -6
leaf_value=-0.028799365406664088 0.016088932344132965 0.013147370885689076 -0.001905351008947175 -0.004414895241784538 0
leaf_weight=17.660355262458324 27.158482376486067 5.3212517350912085 21.07217663526535 3.6042983233928672 1.9960908293724049
leaf_count=124 177 23 213 18 10
internal_value=-0.00103309 -0.0112949 -0.0160755 0.0117178 0.014871
internal_weight=76.8127 44.0538 38.7325 32.7589 29.1546
internal_count=565 360 337 205 187
is_linear=0
shrinkage=0.03


Tree=53
num_leaves=6
num_cat=0
split_feature=3 2 2 9 16
split_gain=10.0281 7.50724 6.91305 1.99461 1.95284
threshold=1.0000000180025095e-35 0.32575750000000009 1.0000000180025095e-35 8.0568855000000017 0.28486050000000002
decision_type=10 10 10 10 10
left_child=1 2 -1 -3 -2
right_child=4 3 -4 -5 -6
leaf_value=-0.0028651486190967058 0.026950192083884328 -0.021911119556672954 0.024012646222739596 0 0
leaf_weight=37.529810968786478 10.466865435242651 16.468261443078521 7.6447844654321662 2.0806009173393241 1.9428448528051365
leaf_count=356 46 110 26 9 9
internal_value=0.000729385 -0.00395525 0.00227268 -0.01872 0.0228185
internal_weight=76.1332 63.7235 45.1746 18.5489 12.4097
internal_count=556 501 382 119 55
is_linear=0
shrinkage=0.03


Tree=54
num_leaves=6
num_cat=0
split_feature=4 25 21 23 20
split_gain=11.1048 7.88558 4.24903 2.34055 0.554367
threshold=1.0000000180025095e-35 0.28363100000000002 0.20346050000000002 0.57592050000000017 0.19267600000000004
decision_type=10 2 10 10 8
left_child=1 2 -1 -3 -2
right_child=4 3 -4 -5 -6
leaf_value=-0.016236070921600423 0.026938168616307594 0.011839621072443685 0.0067149854422124504 -0.0088950933449754559 0
leaf_weight=32.668876156210899 10.632864892482754 23.063217230141166 5.2689549624919882 2.0347524136304846 2.1579325050115594
leaf_count=307 47 157 20 11 10
internal_value=0.00159013 -0.00347997 -0.0120572 0.00832067 0.0243906
internal_weight=75.8266 63.0358 37.9378 25.098 12.7908
internal_count=552 495 327 168 57
is_linear=0
shrinkage=0.03


Tree=55
num_leaves=6
num_cat=0
split_feature=4 25 22 16 20
split_gain=9.07307 6.13114 4.43291 1.18376 0.425667
threshold=1.0000000180025095e-35 0.72520400000000007 0.044107500000000001 0.27113500000000007 0.13629300000000003
decision_type=10 2 8 10 10
left_child=1 2 -1 -2 -3
right_child=3 4 -4 -5 -6
leaf_value=-0.018476641106437996 0.025639891910550525 0.019804842394043187 -0.000527741907038829 0 0
leaf_weight=19.764462366700172 9.3338900059461576 5.2515970915555945 35.741998855024576 2.3922675997018805 1.7768429517745969
leaf_count=135 42 33 315 11 7
internal_value=0.000260857 -0.00414886 -0.00805136 0.0218692 0.0168682
internal_weight=74.2611 62.5349 55.5065 11.7262 7.02844
internal_count=543 490 450 53 40
is_linear=0
shrinkage=0.03


Tree=56
num_leaves=6
num_cat=0
split_feature=4 18 2 21 20
split_gain=10.4622 7.27822 4.47578 0.56686 0.381432
threshold=1.0000000180025095e-35 0.092983500000000011 0.47222200000000009 0.16932250000000001 0.17589100000000005
decision_type=10 8 8 10 8
left_child=1 3 -3 -1 -2
right_child=4 2 -4 -5 -6
leaf_value=-0.020967036098658444 0.025570374282480612 0.012521063394741126 -0.0055568378691160571 0 0
leaf_weight=16.903532981872562 9.2577585577964747 17.035229898989201 27.519878283143044 1.5747773647308339 2.1838886886835107
leaf_count=117 42 72 303 7 10
internal_value=0 -0.00514007 0.00107808 -0.0195865 0.0230477
internal_weight=74.4751 63.0334 44.5551 18.4783 11.4416
internal_count=551 499 375 124 52
is_linear=0
shrinkage=0.03


Tree=57
num_leaves=5
num_cat=0
split_feature=4 25 24 21
split_gain=10.3295 9.62246 5.63782 3.47197
threshold=1.0000000180025095e-35 0.16991550000000002 0.91177750000000013 0.28401800000000005
decision_type=10 2 2 8
left_child=1 3 -3 -1
right_child=-2 2 -4 -5
leaf_value=-0.024011459556767284 0.024534711067580921 -0.0026070299624319352 0.019313029257419997 -0.0014007790701223903
leaf_weight=15.389602340757849 11.705397218465803 19.479195732623339 14.984539214521645 14.341649904847143
leaf_count=110 54 142 106 151
internal_value=0.00156744 -0.00308239 0.0069062 -0.0151492
internal_weight=75.9004 64.195 34.4637 29.7313
internal_count=563 509 248 261
is_linear=0
shrinkage=0.03


Tree=58
num_leaves=7
num_cat=0
split_feature=25 18 7 18 21 20
split_gain=10.3705 5.09193 4.11461 2.94426 2.72956 1.49641
threshold=0.28363100000000002 0.29475650000000003 8.2941500000000019 0.44815750000000004 0.0011505000000000003 0.04658700000000001
decision_type=2 10 10 10 8 10
left_child=1 2 -1 -3 5 -2
right_child=4 3 -4 -5 -6 -7
leaf_value=-0.019063522912605012 0.0085827112273624585 0.0199456459693612 0.0074288003861496766 -0.0080004638446872518 0.015945270423045433 -0.010851366859563505
leaf_weight=30.953976102173328 2.5347046703100231 4.4507271796464911 2.8264573067426673 2.0738095343112946 23.742823276668787 5.0533380061388016
leaf_count=303 13 17 13 12 154 29
internal_value=-0.000662517 -0.0107605 -0.0156061 0.00819113 0.0112591 -0.000933785
internal_weight=71.6358 40.305 33.7804 6.52454 31.3309 7.58804
internal_count=541 345 316 29 196 42
is_linear=0
shrinkage=0.03


Tree=59
num_leaves=5
num_cat=0
split_feature=3 22 18 25
split_gain=9.1154 5.36099 6.44522 3.60659
threshold=1.5000000000000002 0.044107500000000001 0.29475650000000003 0.75442700000000007
decision_type=10 8 10 2
left_child=1 3 -3 -1
right_child=-2 2 -4 -5
leaf_value=-0.018349839682650172 0.024986792862046234 -0.0028785132769830373 0.0226112671781303 0.009088940577657665
leaf_weight=20.812148533761505 9.1524938046932203 33.909718103706837 8.3807069808244687 1.7730464935302723
leaf_count=146 44 327 30 6
internal_value=0.000794149 -0.00313043 0.00267357 -0.0142101
internal_weight=74.0281 64.8756 42.2904 22.5852
internal_count=553 509 357 152
is_linear=0
shrinkage=0.03


Tree=60
num_leaves=6
num_cat=0
split_feature=3 2 2 25 16
split_gain=9.39905 5.82581 4.30963 2.60746 0.793201
threshold=1.0000000180025095e-35 0.32575750000000009 1.0000000180025095e-35 0.59112300000000007 0.24901050000000002
decision_type=10 10 10 2 8
left_child=1 2 -1 -3 -2
right_child=4 3 -4 -5 -6
leaf_value=-0.0033323345901435414 0.025181964227608704 -0.022229645780181842 0.017668868269996058 0 0
leaf_weight=35.800712514668703 9.1525113284587825 15.266787678003313 8.1401082277297956 2.9826259464025489 1.881514877080918
leaf_count=348 44 109 30 12 9
internal_value=0 -0.00474335 0.000799648 -0.0177302 0.0223214
internal_weight=73.2243 62.1902 43.9408 18.2494 11.034
internal_count=552 499 378 121 53
is_linear=0
shrinkage=0.03


Tree=61
num_leaves=7
num_cat=0
split_feature=25 22 23 16 19 25
split_gain=7.34234 6.09999 3.4049 2.19309 1.09435 0.919593
threshold=0.28363100000000002 0.040699500000000007 0.57592050000000017 0.22656400000000002 0.51112950000000013 0.079107500000000011
decision_type=2 10 10 10 10 2
left_child=1 5 4 -3 -2 -1
right_child=2 3 -4 -5 -6 -7
leaf_value=-0.0041458777911750292 0.016326601825073062 -0.0017759323674503577 -0.0091701235940409038 0.01688084299557974 0 -0.020560636735064246
leaf_weight=12.581525422632696 25.886553049087532 7.1614412069320661 2.7782761752605429 6.4205557256937027 2.4061890840530387 15.406041350215672
leaf_count=124 174 37 16 25 13 164
internal_value=0.000176565 -0.00745033 0.0110186 0.00669285 0.0146488 -0.0152654
internal_weight=72.6406 41.5696 31.071 13.582 28.2927 27.9876
internal_count=553 350 203 62 187 288
is_linear=0
shrinkage=0.03


Tree=62
num_leaves=7
num_cat=0
split_feature=22 8 23 23 24 5
split_gain=7.49318 5.42687 3.04986 2.8102 2.6033 1.86529
threshold=0.044107500000000001 8.5413945000000009 1.0000000180025095e-35 0.57592050000000017 0.9260385000000001 4.5000000000000009
decision_type=10 8 10 10 2 10
left_child=1 5 -2 -4 -3 -1
right_child=2 4 3 -5 -6 -7
leaf_value=-0.019569393445833014 -0.0059831655340756469 -0.004766489188645499 0.021193161257889875 -0.0022182267248951363 0.012046012865636996 0
leaf_weight=20.604183450341228 2.7827669233083752 16.216008711606268 17.59480103850365 2.4539086222648612 10.536087833344935 2.3215177506208411
leaf_count=145 17 202 71 13 100 10
internal_value=-7.42749e-05 -0.00693613 0.0127663 0.0171103 0.00139362 -0.0168498
internal_weight=72.5093 49.6778 22.8315 20.0487 26.7521 22.9257
internal_count=558 457 101 84 302 155
is_linear=0
shrinkage=0.03


Tree=63
num_leaves=6
num_cat=0
split_feature=4 2 18 24 19
split_gain=8.39537 6.53393 6.8669 2.31122 0.464426
threshold=1.0000000180025095e-35 0.32575750000000009 0.12250800000000002 0.94124450000000015 0.19933000000000003
decision_type=10 10 10 2 8
left_child=1 2 -1 -3 -2
right_child=4 3 -4 -5 -6
leaf_value=-0.0045469172329610768 0.024759500155627976 -0.022745854965082593 0.018701484844322835 0 0
leaf_weight=31.114179376512766 9.0986019968986476 12.990225881338121 13.593607574701307 4.9816052988171569 2.1251813173294076
leaf_count=327 45 89 54 33 10
internal_value=0.00104475 -0.00312382 0.00262453 -0.0171841 0.0221823
internal_weight=73.9034 62.6796 44.7078 17.9718 11.2238
internal_count=558 503 381 122 55
is_linear=0
shrinkage=0.03


Tree=64
num_leaves=6
num_cat=0
split_feature=3 18 25 2 16
split_gain=7.47636 4.66498 3.83075 2.68379 0.659523
threshold=1.0000000180025095e-35 0.12250800000000002 0.38368250000000004 0.34848450000000003 0.27113500000000007
decision_type=10 8 2 8 10
left_child=1 2 -1 -3 -2
right_child=4 3 -4 -5 -6
leaf_value=-0.02182771989744656 0.024169850097719509 0.01238865901944503 0.00084555156477102037 -0.0023192792436245611 0
leaf_weight=13.873388163745405 8.5354734510183317 13.14369475841522 6.8093509674072257 27.471057206392288 1.896633669734
leaf_count=103 43 56 32 304 9
internal_value=0.000757645 -0.0031212 -0.0139348 0.00227739 0.0213893
internal_weight=71.7296 61.2975 20.6827 40.6148 10.4321
internal_count=547 495 135 360 52
is_linear=0
shrinkage=0.03


Tree=65
num_leaves=6
num_cat=0
split_feature=4 2 2 24 23
split_gain=7.73864 7.02343 4.12168 1.61921 0.961501
threshold=1.0000000180025095e-35 0.32575750000000009 1.0000000180025095e-35 0.93789450000000019 0.44056800000000002
decision_type=10 10 10 2 8
left_child=1 2 -1 -3 -2
right_child=4 3 -4 -5 -6
leaf_value=-0.001777017545686781 0.024323230941075399 -0.023208888163860689 0.018618442315101676 0 0
leaf_weight=36.082337509840727 8.6522914916276896 12.738211348652841 8.0325643420219404 5.1317115575075141 1.8456292897462852
leaf_count=350 43 87 30 37 10
internal_value=0.000111926 -0.00379791 0.00224895 -0.0183405 0.0211333
internal_weight=72.4827 61.9848 44.1149 17.8699 10.4979
internal_count=557 504 380 124 53
is_linear=0
shrinkage=0.03


Tree=66
num_leaves=6
num_cat=0
split_feature=21 24 20 24 20
split_gain=6.82444 3.62558 2.53733 0.923685 0.888373
threshold=0.045361000000000005 0.87456900000000004 1.0000000180025095e-35 0.86085700000000009 0.21875000000000003
decision_type=10 2 8 2 8
left_child=1 4 -3 -2 -1
right_child=3 2 -4 -5 -6
leaf_value=0 0 -0.015019680088105872 0.0046544948393687762 0.01935535443562476 -0.018226675900117333
leaf_weight=4.1103607118129704 3.5506036728620556 3.6556158736348143 35.963679302483797 14.943491071462629 10.679936710745096
leaf_count=23 17 37 304 64 117
internal_value=0.0019644 -0.0030784 0.00120582 0.016555 -0.0145091
internal_weight=72.9037 54.4096 39.6193 18.4941 14.7903
internal_count=562 481 341 81 140
is_linear=0
shrinkage=0.03


Tree=67
num_leaves=7
num_cat=0
split_feature=25 24 21 22 7 19
split_gain=6.78737 5.87331 4.81336 2.41905 2.12229 1.86953
threshold=0.28363100000000002 0.91320450000000009 0.0011505000000000003 0.024632000000000005 7.7873875000000004 0.26050750000000006
decision_type=2 2 10 10 8 10
left_child=3 2 -2 4 -1 -5
right_child=1 -3 -4 5 -6 -7
leaf_value=-0.022232580872513345 -0.015035173635110612 0.022392969406815007 0.012830305577344521 0.0075197389756040279 -0.0021137437652361496 -0.010716997271638723
leaf_weight=9.418878301978113 8.6738161370158249 15.479136414825915 7.3379764407873145 12.264702074229719 15.099400490522383 4.1631751582026473
leaf_count=85 81 99 30 59 184 25
internal_value=0.000458421 0.0107543 -0.000677393 -0.00697086 -0.0125139 0.000412749
internal_weight=72.4371 31.4909 16.0118 40.9462 24.5183 16.4279
internal_count=563 210 111 353 269 84
is_linear=0
shrinkage=0.03


Tree=68
num_leaves=7
num_cat=0
split_feature=23 23 2 9 20 25
split_gain=6.23476 6.11603 5.14473 3.88908 2.34412 0.434429
threshold=0.00089200000000000011 0.57592050000000017 0.47222200000000009 8.1715810000000015 0.054622000000000011 0.39269000000000004
decision_type=8 8 10 10 10 2
left_child=3 2 -2 5 -3 -1
right_child=1 4 -4 -5 -6 -7
leaf_value=-0.023874312422249414 0.021690160036731663 0.00068008828121212219 -0.0070452913410489447 0.0078724591165380362 -0.016257776476058229 0
leaf_weight=10.292562261223791 20.647608995437626 24.845445275306705 3.9185044690966597 2.061714142560958 5.9898875430226317 2.5603639334440222
leaf_count=92 86 289 22 11 36 15
internal_value=0.000126835 0.00525602 0.0157504 -0.0149409 -0.00287328 -0.02129
internal_weight=70.3161 55.4014 24.5661 14.9146 30.8353 12.8529
internal_count=551 433 108 118 325 107
is_linear=0
shrinkage=0.03


Tree=69
num_leaves=5
num_cat=0
split_feature=3 18 21 5
split_gain=4.96588 3.89097 4.57055 1.60179
threshold=1.5000000000000002 0.29475650000000003 0.026739500000000003 4.5000000000000009
decision_type=10 8 10 10
left_child=1 3 -3 -1
right_child=-2 2 -4 -5
leaf_value=-0.012986198277877963 0.020955862806243432 -0.0012384046469508542 0.022018182621129992 0.0021082669545459186
leaf_weight=24.723292432725433 6.4635108113288871 26.911473959684372 6.551327869296073 3.1172838509082785
leaf_count=164 35 293 23 13
internal_value=0.000345544 -0.00223725 0.00392895 -0.0102827
internal_weight=67.7669 61.3034 33.4628 27.8406
internal_count=528 493 316 177
is_linear=0
shrinkage=0.03


Tree=70
num_leaves=7
num_cat=0
split_feature=22 8 17 20 2 15
split_gain=8.14922 2.48166 2.73424 2.35647 1.22564 0.638083
threshold=0.040699500000000007 8.5413945000000009 0.14553400000000002 0.41488350000000007 0.51315800000000011 0.0059935000000000014
decision_type=10 8 10 10 10 10
left_child=1 2 -1 4 -2 -3
right_child=3 5 -4 -5 -6 -7
leaf_value=-0.022075034674661771 0.019444664530882651 -0.0020415432751914211 0 -0.0040258443685797498 0 0.0094463648430181194
leaf_weight=11.360529854893686 18.618415527045734 23.03269832208753 10.523382015526293 1.9796313643455494 2.1479933559894553 2.2196952104568473
leaf_count=89 82 282 65 11 12 12
internal_value=0 -0.00677851 -0.0135031 0.0139783 0.0172485 0
internal_weight=69.8823 47.1363 21.8839 22.746 20.7664 25.2524
internal_count=553 448 154 105 94 294
is_linear=0
shrinkage=0.03


Tree=71
num_leaves=6
num_cat=0
split_feature=4 22 5 24 16
split_gain=7.36861 7.21437 4.12232 0.481695 0.361731
threshold=1.0000000180025095e-35 0.040699500000000007 1.5000000000000002 0.91177750000000013 0.27113500000000007
decision_type=10 8 10 2 10
left_child=1 3 -3 -1 -2
right_child=4 2 -4 -5 -6
leaf_value=-0.024448035685081342 0.022677342099727247 -0.0020919705783606812 0.020450818049159603 -0.0045240267816082569 0
leaf_weight=10.690399885177614 7.4697569459676725 34.86350441724062 5.7396452128887168 7.7460387200117102 2.0905538350343704
leaf_count=81 40 336 21 60 10
internal_value=-0.000443123 -0.00505798 0.00159446 -0.0192811 0.0200686
internal_weight=68.5999 59.0396 40.6031 18.4364 9.56031
internal_count=548 498 357 141 50
is_linear=0
shrinkage=0.03


Tree=72
num_leaves=4
num_cat=0
split_feature=4 17 24
split_gain=6.52631 4.7151 5.82311
threshold=1.0000000180025095e-35 0.067415000000000017 0.86085700000000009
decision_type=10 8 2
left_child=1 -1 -3
right_child=-2 2 -4
leaf_value=-0.020154338135676561 0.020551392154980259 -0.014882425861098749 0.0065310353859680086
leaf_weight=9.6529649645090085 8.7853714823722822 13.057005789130924 36.489077612757683
leaf_count=78 47 122 301
internal_value=0 -0.00379547 0
internal_weight=67.9844 59.199 49.5461
internal_count=548 501 423
is_linear=0
shrinkage=0.03


Tree=73
num_leaves=4
num_cat=0
split_feature=25 4 18
split_gain=6.16987 6.46051 7.00965
threshold=0.72520400000000007 1.0000000180025095e-35 0.29475650000000003
decision_type=2 10 8
left_child=1 2 -1
right_child=-2 -3 -4
leaf_value=-0.018145068422943909 0.021506904330472074 0.017662709345041744 0.0018813944755115386
leaf_weight=24.448479518294334 7.9655011221766463 8.0849754810333234 30.294804684817791
leaf_count=170 47 44 292
internal_value=0.00035519 -0.00272866 -0.00702097
internal_weight=70.7938 62.8283 54.7433
internal_count=553 506 462
is_linear=0
shrinkage=0.03


Tree=74
num_leaves=6
num_cat=0
split_feature=4 25 18 19 20
split_gain=7.785 8.03895 6.00411 1.74724 0.686884
threshold=1.0000000180025095e-35 0.52765350000000011 0.29475650000000003 0.052909000000000005 0.17589100000000005
decision_type=10 2 8 8 8
left_child=1 2 -1 -3 -2
right_child=4 3 -4 -5 -6
leaf_value=-0.024793436461168595 0.022387061300914241 -0.0020311460518958055 -0.0017784819360975451 0.016052790694844919 0
leaf_weight=18.501941218972206 7.40113493800163 2.4368010759353611 26.392619054764509 10.807667225599289 1.866841837763787
leaf_count=143 41 12 273 71 10
internal_value=-0.00195087 -0.00662053 -0.0128487 0.0111182 0.0193526
internal_weight=67.407 58.139 44.8946 13.2445 9.26798
internal_count=550 499 416 83 51
is_linear=0
shrinkage=0.03


Tree=75
num_leaves=7
num_cat=0
split_feature=25 24 23 23 7 4
split_gain=5.46774 7.27476 5.22787 2.6683 1.61985 1.02549
threshold=0.28363100000000002 0.91320450000000009 0.00089200000000000011 0.50185950000000012 8.2941500000000019 1.0000000180025095e-35
decision_type=2 2 10 10 8 10
left_child=2 5 4 -4 -1 -2
right_child=1 -3 3 -5 -6 -7
leaf_value=-0.02225728686452328 -0.0070203269672662509 0.024564711630367463 0.01391811068647235 -0.0064327497555213657 -0.0031434785654682316 0.0074368719993310461
leaf_weight=9.4683244675397891 12.103244073688986 14.590389315038918 11.817149251699449 4.9117224439978591 14.32667976990342 1.89736047387123
leaf_count=93 97 96 52 29 179 11
internal_value=0.00174513 0.0114746 -0.00474784 0.00635275 -0.0135091 -0.00232984
internal_weight=69.1149 28.591 40.5239 16.7289 23.795 14.0006
internal_count=557 204 353 81 272 108
is_linear=0
shrinkage=0.03


Tree=76
num_leaves=7
num_cat=0
split_feature=21 25 4 20 19 23
split_gain=5.95293 5.63854 4.19705 1.6237 0.894715 0.25836
threshold=0.090908500000000017 0.59112300000000007 1.5000000000000002 0.27370350000000004 0.052909000000000005 0.056867500000000008
decision_type=10 2 8 8 8 10
left_child=1 2 -1 5 -3 -2
right_child=3 4 -4 -5 -6 -7
leaf_value=-0.017922504067466205 0 0 0 0 0.015214521862595407 0.021260393779784705
leaf_weight=22.93676270544529 2.7241392433643314 1.3335795849561662 20.475780121982098 2.6846827417612085 8.529652614146471 9.6294210255146009
leaf_count=173 16 7 241 13 58 40
internal_value=0 -0.00488503 -0.00990551 0.0149186 0.0120367 0.0188855
internal_weight=68.314 53.2758 43.4125 15.0382 9.86323 12.3536
internal_count=548 479 414 69 65 56
is_linear=0
shrinkage=0.03


Tree=77
num_leaves=5
num_cat=0
split_feature=3 2 24 24
split_gain=5.57027 3.81246 3.22019 3.12281
threshold=1.5000000000000002 0.32575750000000009 0.91446400000000005 0.86085700000000009
decision_type=10 10 2 2
left_child=1 3 -3 -1
right_child=-2 2 -4 -5
leaf_value=-0.010155903976470803 0.021134008464415821 -0.02361396159208029 0 0.0062143300393323617
leaf_weight=11.21023219078779 6.779050961136817 9.4104639440774935 7.8086940199136725 33.236942075192928
leaf_count=109 40 71 55 289
internal_value=0 -0.00315935 -0.0141042 0.00107215
internal_weight=68.4454 61.6663 17.2192 44.4472
internal_count=564 524 126 398
is_linear=0
shrinkage=0.03


Tree=78
num_leaves=7
num_cat=0
split_feature=21 25 25 4 25 25
split_gain=6.46006 4.96358 2.08787 1.79212 1.31704 0.558265
threshold=0.040835500000000004 0.28739900000000007 0.15796600000000002 1.5000000000000002 0.71528900000000017 0.079107500000000011
decision_type=10 2 2 10 2 2
left_child=1 3 5 -1 -3 -2
right_child=2 4 -4 -5 -6 -7
leaf_value=-0.015294967947667925 0.0049930127555733528 0 0.020308531427453043 0.0035501493615304634 0.013272354576684823 -0.0071039580095739237
leaf_weight=29.414478879421953 7.1524284929037112 15.886001110076906 10.999426208436487 1.2853618413209904 5.7865607999265185 1.9406653195619581
leaf_count=319 31 133 51 7 41 12
internal_value=0 -0.00588736 0.0129869 -0.0133699 0.00383289 0
internal_weight=72.4649 52.3724 20.0925 30.6998 21.6726 9.09309
internal_count=594 500 94 326 174 43
is_linear=0
shrinkage=0.03


Tree=79
num_leaves=7
num_cat=0
split_feature=25 2 17 4 16 23
split_gain=5.46894 3.28249 2.18413 2.09175 1.22494 0.200509
threshold=0.16991550000000002 0.32575750000000009 0.14553400000000002 1.0000000180025095e-35 0.18306150000000002 0.47808800000000007
decision_type=2 8 8 10 10 8
left_child=3 5 -3 4 -1 -2
right_child=1 2 -4 -5 -6 -7
leaf_value=-0.016365855605015155 0.019332176413619759 -0.012309199962653297 0.0053566996433703894 0.0046410858737298095 0 0
leaf_weight=18.408687528222806 10.833298727869984 5.9485894367098835 18.253847405314445 3.3918155431747428 6.9459665715694419 2.1288834214210519
leaf_count=206 50 42 177 18 43 11
internal_value=0 0.00711851 0 -0.00953585 -0.0127808 0.01768
internal_weight=65.9111 37.1646 24.2024 28.7465 25.3547 12.9622
internal_count=547 280 219 267 249 61
is_linear=0
shrinkage=0.03


Tree=80
num_leaves=7
num_cat=0
split_feature=2 25 7 25 18 21
split_gain=5.1756 4.17791 3.07696 2.61719 2.38191 1.70299
threshold=0.47222200000000009 0.16991550000000002 8.6832670000000025 0.6159960000000001 0.29475650000000003 0.12386950000000001
decision_type=10 2 10 2 10 10
left_child=1 4 3 -2 -1 -3
right_child=2 5 -4 -5 -6 -7
leaf_value=-0.0089617722099326683 -0.025252692978722464 0.0041433110751832244 0.0049048225900738505 0 0.009519189637655294 0.023287687239126012
leaf_weight=21.238498900085691 11.005902551114557 21.040839865803722 2.2993833571672431 1.9726660400629032 4.4144503623247138 6.4878746122121802
leaf_count=205 100 185 13 8 19 30
internal_value=-0.000479194 0.00362964 -0.0146713 -0.0202868 -0.0040708 0.0114829
internal_weight=68.4596 53.1817 15.278 12.9786 25.6529 27.5287
internal_count=560 439 121 108 224 215
is_linear=0
shrinkage=0.03


Tree=81
num_leaves=5
num_cat=0
split_feature=3 22 20 25
split_gain=5.29502 4.92665 3.68821 1.03001
threshold=1.5000000000000002 0.040699500000000007 0.27370350000000004 0.74630450000000004
decision_type=10 8 8 2
left_child=1 3 -3 -1
right_child=-2 2 -4 -5
leaf_value=-0.016306783846293794 0.020712534570448991 0.013667487671784027 -0.0034378344697971954 0
leaf_weight=18.744127266108993 6.5778776779770842 14.143316097557543 26.827814918011427 1.7062673270702351
leaf_count=153 40 62 301 7
internal_value=0 -0.00319235 0.00231431 -0.0143886
internal_weight=67.9994 61.4215 40.9711 20.4504
internal_count=563 523 363 160
is_linear=0
shrinkage=0.03


Tree=82
num_leaves=6
num_cat=0
split_feature=3 18 24 17 18
split_gain=4.70948 3.6113 3.02521 2.16029 0.361658
threshold=1.0000000180025095e-35 0.26283050000000008 0.84066650000000009 0.10314250000000001 0.24197800000000003
decision_type=10 8 2 10 8
left_child=1 3 -3 -1 -2
right_child=4 2 -4 -5 -6
leaf_value=-0.020128721208859692 0.020185350572842806 -0.012189807233325899 0.0074112669464467288 -0.00011522415829695347 0
leaf_weight=10.176345542073252 7.1437602788209889 5.4415823444724074 29.046775337308645 12.817071259021757 1.6160458326339728
leaf_count=86 43 59 271 78 8
internal_value=0.000276776 -0.00268576 0.00279036 -0.0114277 0.0179938
internal_weight=66.2416 57.4818 34.4884 22.9934 8.75981
internal_count=545 494 330 164 51
is_linear=0
shrinkage=0.03


Tree=83
num_leaves=7
num_cat=0
split_feature=23 23 13 21 22 16
split_gain=5.9678 5.76964 2.43777 1.59552 1.45491 0.889597
threshold=0.00089200000000000011 0.50185950000000012 1.0000000180025095e-35 0.090908500000000017 0.36700350000000009 0.17732900000000004
decision_type=10 10 8 10 10 8
left_child=2 4 5 -3 -2 -1
right_child=1 3 -4 -5 -6 -7
leaf_value=-0.019131064874521091 0.022078573271540631 -0.015007933340563065 0 0.0041764673531970971 0 0
leaf_weight=7.518587522208688 19.846595764160163 4.8680923804640761 25.62778627127409 2.2916854619979858 3.2250053510069838 3.6292107254266748
leaf_count=76 91 33 296 10 14 29
internal_value=0.0027964 0.0123436 -0.00463674 -0.00649456 0.019415 -0.0146806
internal_weight=67.007 30.2314 36.7756 7.15978 23.0716 11.1478
internal_count=549 148 401 43 105 105
is_linear=0
shrinkage=0.03


Tree=84
num_leaves=6
num_cat=0
split_feature=4 2 2 17 16
split_gain=7.37867 4.38352 3.80788 0.921659 0.528942
threshold=1.0000000180025095e-35 0.32575750000000009 1.0000000180025095e-35 0.49224600000000002 0.27113500000000007
decision_type=10 10 10 10 10
left_child=1 2 -1 -3 -2
right_child=4 3 -4 -5 -6
leaf_value=-0.0051479391255293636 0.022042597078436747 -0.020370926932925474 0.01492308179512873 0 0
leaf_weight=33.565258268266916 7.3783613815903646 13.84491276741028 8.03764910250902 2.2851713299751273 1.9549175798892973
leaf_count=353 45 107 33 18 10
internal_value=-0.0014201 -0.00603988 0 -0.0179456 0.0192422
internal_weight=67.0663 57.733 41.6029 16.1301 9.33328
internal_count=566 511 386 125 55
is_linear=0
shrinkage=0.03


Tree=85
num_leaves=5
num_cat=0
split_feature=4 18 24 24
split_gain=6.04226 3.928 3.37706 0.778052
threshold=1.0000000180025095e-35 0.059432500000000006 0.82067500000000015 0.94896700000000012
decision_type=10 8 2 2
left_child=1 3 -3 -1
right_child=-2 2 -4 -5
leaf_value=-0.019619020528916505 0.020462149752279689 -0.01785855189371267 0.0045739021272597222 0
leaf_weight=9.2412673309445363 8.8207062408328039 3.8686028569936743 39.293029822409153 2.4762440249323836
leaf_count=75 51 44 335 23
internal_value=0.000594877 -0.00297515 0.000883437 -0.0165096
internal_weight=63.6999 54.8791 43.1616 11.7175
internal_count=528 477 379 98
is_linear=0
shrinkage=0.03


Tree=86
num_leaves=7
num_cat=0
split_feature=21 24 19 5 5 16
split_gain=4.70655 3.19004 3.39323 2.14426 0.825934 0.132944
threshold=0.12386950000000001 0.89999850000000015 0.0093390000000000018 1.5000000000000002 1.0000000180025095e-35 0.25338450000000007
decision_type=10 2 10 8 10 8
left_child=1 3 -3 -1 5 -2
right_child=4 2 -4 -5 -6 -7
leaf_value=-0.017651341272360541 0 -0.0045980681575090721 0.014302908701810536 0 0.021995795505140716 0.0046844660168042082
leaf_weight=13.233924545347692 3.7621696293354017 14.874710973352196 11.64975395798683 14.273111652582882 6.0906834378838539 3.2280454784631729
leaf_count=98 23 176 66 158 26 13
internal_value=0.00044817 -0.00318375 0.00329709 -0.0101262 0.0151109 0.00130524
internal_weight=67.1124 54.0315 26.5245 27.507 13.0809 6.99022
internal_count=560 498 242 256 62 36
is_linear=0
shrinkage=0.03


Tree=87
num_leaves=6
num_cat=0
split_feature=4 2 25 25 20
split_gain=4.92177 5.36374 3.53478 3.27573 0.0662185
threshold=1.0000000180025095e-35 0.32575750000000009 0.80494900000000014 0.16991550000000002 0.14222300000000002
decision_type=10 10 2 2 8
left_child=1 3 -3 -1 -2
right_child=4 2 -4 -5 -6
leaf_value=-0.0052115534073120216 0.020626644260385674 -0.022708560821341466 0.0066997484841484108 0.0099450483930637219 0
leaf_weight=21.538323536515236 6.2707656025886509 12.869058474898337 1.4740005135536183 21.782380826771259 2.4185405373573312
leaf_count=204 38 112 5 187 15
internal_value=1.85444e-05 -0.00299701 -0.0173204 0.0019123 0.01823
internal_weight=66.3531 57.6638 14.3431 43.3207 8.68931
internal_count=561 508 117 391 53
is_linear=0
shrinkage=0.03


Tree=88
num_leaves=7
num_cat=0
split_feature=24 20 20 20 20 15
split_gain=6.0216 2.88177 3.60088 1.57844 0.407888 0.252818
threshold=0.86085700000000009 0.47980200000000006 0.013995500000000003 0.21875000000000003 0.12900750000000002 0.3123105000000001
decision_type=2 10 8 8 10 10
left_child=3 2 -2 4 -1 -5
right_child=1 -3 -4 5 -6 -7
leaf_value=-0.0053540261355628097 -0.0087018963150085823 -0.011827840340554499 0.01195542812030391 -0.021312152846816292 0.0058017471949575227 0
leaf_weight=3.6109985485672924 5.0578481703996649 3.0103651359677306 44.979899421334267 7.4939608164131641 2.275976374745369 0.88127865642309178
leaf_count=22 52 21 358 91 12 5
internal_value=0.00157021 0.00664451 0.00892764 -0.0134404 0 -0.0199754
internal_weight=67.3103 53.0481 50.0377 14.2622 5.88697 8.37524
internal_count=561 431 410 130 34 96
is_linear=0
shrinkage=0.03


Tree=89
num_leaves=6
num_cat=0
split_feature=4 5 18 22 16
split_gain=4.26364 4.52949 3.5771 2.28407 1.46836
threshold=1.0000000180025095e-35 1.5000000000000002 0.12250800000000002 0.16110350000000004 0.28486050000000002
decision_type=10 8 10 10 8
left_child=1 3 -3 -1 -2
right_child=4 2 -4 -5 -6
leaf_value=-0.018635733452226143 0.020970737456850127 -0.001706619147708409 0.019461688601745682 0 0
leaf_weight=16.678843438625339 6.6581968739628765 27.922401927411556 5.8326793164014807 6.5040879696607581 1.7918623387813575
leaf_count=144 42 310 22 30 10
internal_value=-0.000315261 -0.00391395 0.00242486 -0.0135096 0.0159854
internal_weight=65.3881 56.938 33.7551 23.1829 8.45006
internal_count=558 506 332 174 52
is_linear=0
shrinkage=0.03


Tree=90
num_leaves=5
num_cat=0
split_feature=4 18 24 21
split_gain=5.10327 3.95637 2.78282 2.05419
threshold=1.0000000180025095e-35 0.059432500000000006 0.86085700000000009 0.11378600000000001
decision_type=10 8 2 8
left_child=1 3 -3 -1
right_child=-2 2 -4 -5
leaf_value=-0.019544292428783968 0.020141014437627502 -0.0074370762262922835 0.007479404240767349 0.0007217999066118138
leaf_weight=10.407055504620072 8.8551074266433698 11.912769772112368 33.422445774078369 2.4754813164472589
leaf_count=97 55 113 281 11
internal_value=0.00202939 -0.0010874 0.00272081 -0.0143604
internal_weight=67.0729 58.2178 45.3352 12.8825
internal_count=557 502 394 108
is_linear=0
shrinkage=0.03


Tree=91
num_leaves=5
num_cat=0
split_feature=25 21 19 25
split_gain=4.7745 4.99046 3.2271 1.63725
threshold=0.71528900000000017 0.11378600000000001 0.26050750000000006 0.15796600000000002
decision_type=2 10 10 2
left_child=1 2 -1 -3
right_child=-2 3 -4 -5
leaf_value=-0.0023389426763046994 0.019846271207074929 0 -0.023462534267028608 0.021805530111968133
leaf_weight=36.937484696507454 7.0603144988417617 6.6102451682090742 6.651972107589244 4.7481327503919601
leaf_count=367 46 32 54 22
internal_value=0.000429887 -0.00244554 -0.00750967 0.0124079
internal_weight=62.0081 54.9478 43.5895 11.3584
internal_count=521 475 421 54
is_linear=0
shrinkage=0.03


Tree=92
num_leaves=6
num_cat=0
split_feature=20 25 24 2 18
split_gain=4.2602 3.87298 3.19599 2.89461 0.542556
threshold=0.45587550000000004 0.16991550000000002 0.90075650000000007 0.32575750000000009 0.50034100000000004
decision_type=10 2 2 8 10
left_child=1 2 -1 -3 -2
right_child=4 3 -4 -5 -6
leaf_value=0.0028351388234681158 -0.021330439189282301 0.022910710874325765 -0.016181050200346707 0.0024699127919616789 0
leaf_weight=17.524950668215755 4.3692854791879645 9.5963247269392031 8.687505401670931 22.30704889819026 1.5372488424181936
leaf_count=147 38 48 99 204 9
internal_value=0.000901804 0.00409341 -0.00345486 0.0109186 -0.0179341
internal_weight=64.0224 58.1158 26.2125 31.9034 5.90653
internal_count=545 498 246 252 47
is_linear=0
shrinkage=0.03


Tree=93
num_leaves=5
num_cat=0
split_feature=3 18 22 9
split_gain=3.86041 4.70701 3.15248 1.41466
threshold=1.5000000000000002 0.092983500000000011 0.040699500000000007 8.7551875000000017
decision_type=10 8 10 10
left_child=1 3 -3 -1
right_child=-2 2 -4 -5
leaf_value=-0.017406360667575265 0.019314551993854578 -0.0013003828444505849 0.014846059283727635 0
leaf_weight=14.183818675577637 6.0040985494852057 30.894946567714214 11.668917864561079 1.2669774442911155
leaf_count=121 42 337 48 6
internal_value=0.000719508 -0.00156831 0.0031538 -0.0146004
internal_weight=64.0188 58.0147 42.5639 15.4508
internal_count=554 512 385 127
is_linear=0
shrinkage=0.03


Tree=94
num_leaves=7
num_cat=0
split_feature=21 25 6 15 16 16
split_gain=5.12192 1.80736 1.50986 1.31951 0.425512 0.154191
threshold=0.090908500000000017 0.71528900000000017 8.4887085000000031 0.095195500000000016 0.18833900000000001 0.42911300000000008
decision_type=10 2 10 10 8 8
left_child=1 2 -1 -2 -3 -5
right_child=3 4 -4 5 -6 -7
leaf_value=-0.0087093743937979896 0 0 0.0060081736438249997 0.021011080547737031 0.011397144942191491 0
leaf_weight=42.631409455090761 4.1457563340663901 1.543313406407832 2.6314514428377143 7.9027415364980671 3.364811833947897 1.9546417817473418
leaf_count=427 22 10 19 37 27 9
internal_value=0 -0.00459545 -0.00691186 0.0143203 0.00749126 0.0190672
internal_weight=64.1741 50.171 45.2629 14.0031 4.90813 9.85738
internal_count=551 483 446 68 37 46
is_linear=0
shrinkage=0.03


Tree=95
num_leaves=5
num_cat=0
split_feature=4 18 24 24
split_gain=4.03316 5.81644 3.93121 1.08492
threshold=1.0000000180025095e-35 0.092983500000000011 0.86085700000000009 0.94896700000000012
decision_type=10 8 2 2
left_child=1 3 -3 -1
right_child=-2 2 -4 -5
leaf_value=-0.019477693601770176 0.018539243729309679 -0.0084873298884278001 0.009834564820653896 0
leaf_weight=11.523803018033503 7.9180836677551261 11.033041156828402 31.031382940709591 2.3450320065021506
leaf_count=95 52 108 264 24
internal_value=0.00166712 -0.00103445 0.00411812 -0.0163938
internal_weight=63.8513 55.9333 42.0644 13.8688
internal_count=543 491 372 119
is_linear=0
shrinkage=0.03


Tree=96
num_leaves=6
num_cat=0
split_feature=24 19 17 4 19
split_gain=4.23526 3.85577 1.38867 1.34716 1.0701
threshold=0.86085700000000009 0.0041160000000000007 0.33122600000000008 1.0000000180025095e-35 0.51112950000000013
decision_type=2 10 8 8 10
left_child=2 3 -1 -2 -3
right_child=1 4 -4 -5 -6
leaf_value=0 -0.014750053300941292 0.013920022287624857 -0.017361082587030507 0 0
leaf_weight=5.7525917440652821 3.6161175444722202 26.53664714097977 8.8818969093263149 17.577856402844191 1.8488978892564762
leaf_count=36 46 141 104 210 14
internal_value=0.000738673 0.00537122 -0.0114983 -0.00306299 0.0123153
internal_weight=64.214 49.5795 14.6345 21.194 28.3855
internal_count=551 411 140 256 155
is_linear=0
shrinkage=0.03


Tree=97
num_leaves=7
num_cat=0
split_feature=24 16 4 24 20 16
split_gain=3.84359 3.2013 6.28133 2.53382 1.24801 0.589157
threshold=0.86085700000000009 0.13418850000000002 1.0000000180025095e-35 0.90101400000000009 0.026265500000000004 0.34793800000000003
decision_type=2 8 10 2 8 10
left_child=4 2 -2 -3 -1 -6
right_child=1 3 -4 -5 5 -7
leaf_value=0.00031141065512484307 -0.01638415105007171 0.019060946008030152 0.016524417701188038 0.0007687619172159838 -0.018590119084667803 0
leaf_weight=1.4366976469755144 11.977696627378466 12.742173936218025 4.531481720507144 19.156686224043369 8.9139914847910386 3.5118364393711099
leaf_count=7 92 100 32 181 101 24
internal_value=0 0.00439913 -0.00466157 0.00994571 -0.012089 -0.0152493
internal_weight=62.2706 48.408 16.5092 31.8989 13.8625 12.4258
internal_count=537 405 124 281 132 125
is_linear=0
shrinkage=0.03


Tree=98
num_leaves=5
num_cat=0
split_feature=3 17 24 21
split_gain=3.84024 2.99217 1.69344 1.14436
threshold=1.5000000000000002 0.12411850000000001 0.86085700000000009 0.0076265000000000005
decision_type=10 8 2 8
left_child=1 3 -3 -1
right_child=-2 2 -4 -5
leaf_value=-0.019042898127189213 0.019103080538516993 -0.0058105422410043702 0.0057780635611739952 0
leaf_weight=7.5128952339291546 5.9371926039457312 12.482864584773777 30.541941311210394 6.1358809918165216
leaf_count=78 43 121 269 34
internal_value=0.000447228 -0.00186657 0.00160443 -0.0129276
internal_weight=62.6108 56.6736 43.0248 13.6488
internal_count=545 502 390 112
is_linear=0
shrinkage=0.03


Tree=99
num_leaves=6
num_cat=0
split_feature=4 25 16 24 16
split_gain=5.18748 4.0594 2.77707 1.98955 0.128333
threshold=1.0000000180025095e-35 0.32923100000000005 0.18306150000000002 0.91320450000000009 0.29371450000000004
decision_type=10 2 10 2 8
left_child=1 2 -1 -3 -2
right_child=4 3 -4 -5 -6
leaf_value=-0.015670505058829193 0.019727129573786095 -0.0016461639333565706 0.00016990953035166798 0.013887350195409497 0
leaf_weight=25.258110865950584 6.1100498810410491 11.721849340945484 9.7220109403133375 8.6365624964237195 1.5376320779323576
leaf_count=295 43 88 58 63 9
internal_value=-0.000790942 -0.00468457 -0.0108124 0.00459648 0.0179475
internal_weight=62.9862 55.3385 34.9801 20.3584 7.64768
internal_count=556 504 353 151 52
is_linear=0
shrinkage=0.03


Tree=100
num_leaves=7
num_cat=0
split_feature=25 24 22 2 7 24
split_gain=4.2473 6.00875 2.76071 2.74309 1.59596 1.12397
threshold=0.28739900000000007 0.91320450000000009 0.024632000000000005 0.32575750000000009 8.0568855000000017 0.86085700000000009
decision_type=2 2 10 8 10 2
left_child=2 3 4 -2 -1 -4
right_child=1 -3 5 -5 -6 -7
leaf_value=-0.014316023222472239 0.0088795501641366521 0.023293866670603236 -0.0046125447217584938 -0.012527335462345142 0.0032722287861548416 0.0083969251341993525
leaf_weight=20.020047165453438 6.2870969772338876 12.179623752832411 4.6598873659968367 8.3961043246090412 1.4052155017852772 11.24758857488632
leaf_count=262 31 89 30 82 8 55
internal_value=0.0009295 0.00982139 -0.00497949 -0.00171335 -0.011674 0.00287211
internal_weight=64.1956 26.8628 37.3327 14.6832 21.4253 15.9075
internal_count=557 202 355 113 270 85
is_linear=0
shrinkage=0.03


Tree=101
num_leaves=7
num_cat=0
split_feature=24 25 24 24 20 17
split_gain=4.00927 2.80703 4.94504 4.65205 1.86329 1.02741
threshold=0.87456900000000004 0.28363100000000002 0.89680000000000015 0.91320450000000009 0.14597250000000003 0.35199350000000001
decision_type=2 2 2 2 8 10
left_child=4 2 -2 -3 5 -1
right_child=1 3 -4 -5 -6 -7
leaf_value=0.008718726797379393 0.012527385743137833 -0.0011353761942934041 -0.011674064705481327 0.022817569131466174 -0.016114631142196169 -0.0081630576985735406
leaf_weight=4.5073079988360432 9.9641597196459788 9.06002175062895 14.789377208799122 12.632516428828238 11.796249095350502 2.3123628869652748
leaf_count=25 71 71 160 92 134 14
internal_value=0.000314258 0.00541471 -0.000550103 0.012676 -0.0100087 0
internal_weight=65.062 46.4461 24.7535 21.6925 18.6159 6.81967
internal_count=567 394 231 163 173 39
is_linear=0
shrinkage=0.03


Tree=102
num_leaves=5
num_cat=0
split_feature=3 2 2 24
split_gain=4.51723 3.828 4.90309 1.76109
threshold=1.0000000180025095e-35 0.32575750000000009 1.0000000180025095e-35 0.94124450000000015
decision_type=10 10 10 2
left_child=1 2 -1 -3
right_child=-2 3 -4 -5
leaf_value=-0.0016373117827244007 0.019563621996576071 -0.018464074438444361 0.021775081939616098 0
leaf_weight=34.106723383069038 7.5837712883949271 11.130330603569744 6.8254196345806113 3.9354616254568091
leaf_count=347 54 89 27 30
internal_value=0.0013307 -0.00149932 0.00280419 -0.0133762
internal_weight=63.5817 55.9979 40.9321 15.0658
internal_count=547 493 374 119
is_linear=0
shrinkage=0.03


Tree=103
num_leaves=7
num_cat=0
split_feature=24 15 15 20 17 5
split_gain=3.41451 1.9257 1.88946 1.47104 1.36321 0.889286
threshold=0.86085700000000009 0.26645700000000005 0.018980000000000004 0.52462600000000015 0.12411850000000001 1.5000000000000002
decision_type=2 10 8 10 10 10
left_child=1 5 4 -4 -2 -1
right_child=2 -3 3 -5 -6 -7
leaf_value=-0.019511887987136375 -0.015804883093563277 0.00099492342489357626 0.007973011468167427 -0.0080500049407703864 0.00074898871555918202 0
leaf_weight=10.763288389891384 4.259266134351491 3.1632231101393691 36.875560257583857 1.6441245526075352 3.540963351726532 1.252415932714938
leaf_count=124 51 17 320 10 24 7
internal_value=-0.000796115 -0.0122152 0.00285301 0.00603432 -0.00739176 -0.0171947
internal_weight=61.4988 15.1789 46.3199 38.5197 7.80023 12.0157
internal_count=553 148 405 330 75 131
is_linear=0
shrinkage=0.03


Tree=104
num_leaves=4
num_cat=0
split_feature=4 19 24
split_gain=4.47725 2.33695 2.19224
threshold=1.0000000180025095e-35 0.0093390000000000018 0.86085700000000009
decision_type=10 8 2
left_child=1 -1 -3
right_child=-2 2 -4
leaf_value=-0.018618437046220463 0.018423229843840178 -0.009559129543165323 0.0035017423146259203
leaf_weight=3.9903549700975409 7.9845968931913367 12.995883114635943 38.702348347753286
leaf_count=48 57 129 326
internal_value=0.000530145 -0.00233479 0
internal_weight=63.6732 55.6886 51.6982
internal_count=560 503 455
is_linear=0
shrinkage=0.03


Tree=105
num_leaves=7
num_cat=0
split_feature=25 24 23 24 21 7
split_gain=4.20295 3.46731 2.77545 1.8392 1.04637 0.783479
threshold=0.28739900000000007 0.91320450000000009 0.00089200000000000011 0.89819500000000008 0.12386950000000001 8.2941500000000019
decision_type=2 2 10 2 10 10
left_child=2 4 5 -4 -2 -1
right_child=1 -3 3 -5 -6 -7
leaf_value=-0.014722326949143489 -0.0060191130612716063 0.018883239634269581 0.0085045214896982968 -0.0096297945755562889 0.009273885357353736 0
leaf_weight=20.252258203923706 11.090296152979137 11.124742969870566 11.221484452486036 4.0670050010085097 2.0590763613581649 1.0778488218784321
leaf_count=268 90 86 57 27 10 7
internal_value=-0.000203974 0.0083899 -0.00686192 0.00125178 -0.000488799 -0.0133478
internal_weight=60.8927 24.2741 36.6186 15.2885 13.1494 21.3301
internal_count=545 186 359 84 100 275
is_linear=0
shrinkage=0.03


Tree=106
num_leaves=6
num_cat=0
split_feature=2 4 2 24 5
split_gain=4.61675 3.70507 2.41965 1.95471 1.61243
threshold=0.32575750000000009 1.0000000180025095e-35 1.0000000180025095e-35 0.86085700000000009 3.5000000000000004
decision_type=10 10 10 2 8
left_child=2 4 3 -1 -2
right_child=1 -3 -4 -5 -6
leaf_value=-0.011319898547580266 -0.025047374963203892 0.0065437052785995006 0.015276790092916468 0.0028983683466322573 0
leaf_weight=8.5988636016845685 10.711177691817284 2.5683182477951041 7.7475599795579901 29.624566853046417 3.111830674111844
leaf_count=98 109 19 37 293 14
internal_value=-0.00188112 -0.0144602 0.00260253 -0.000163498 -0.020617
internal_weight=62.3623 16.3913 45.971 38.2234 13.823
internal_count=570 142 428 391 123
is_linear=0
shrinkage=0.03


Tree=107
num_leaves=5
num_cat=0
split_feature=3 2 7 24
split_gain=2.62924 2.71209 2.1366 1.63989
threshold=1.5000000000000002 0.64583350000000006 1.0000000180025095e-35 0.96335550000000014
decision_type=10 10 10 2
left_child=1 2 -1 -3
right_child=-2 3 -4 -5
leaf_value=0.0042938159975024828 0.017168229237306376 -0.019573118849559135 -0.01222826465941579 0.0015608801285835693
leaf_weight=44.533936519175768 5.0514335483312598 7.002835649996995 4.7927752137184134 0.79980882257223118
leaf_count=402 41 74 27 6
internal_value=0.000877299 -0.000848933 0.00150611 -0.0147978
internal_weight=62.1808 57.1294 49.3267 7.80264
internal_count=550 509 429 80
is_linear=0
shrinkage=0.03


Tree=108
num_leaves=6
num_cat=0
split_feature=21 24 18 5 22
split_gain=3.14323 3.61552 1.35319 0.971978 0.93994
threshold=0.11378600000000001 0.91177750000000013 0.070755500000000013 1.5000000000000002 0.073427000000000006
decision_type=10 2 10 8 10
left_child=1 3 -3 -1 -2
right_child=4 2 -4 -5 -6
leaf_value=-0.013822676139470837 0 0 0.017853963298780657 -0.0010096424657582226 0.016662578344634887
leaf_weight=13.481436066329481 2.2827337905764571 15.82882881164551 4.2854236960411063 17.261065695434809 10.14768987894058
leaf_count=112 15 175 21 189 50
internal_value=0.00135056 -0.00164319 0.0069125 -0.00824699 0.0134813
internal_weight=63.2872 50.8568 20.1143 30.7425 12.4304
internal_count=562 497 196 301 65
is_linear=0
shrinkage=0.03


Tree=109
num_leaves=7
num_cat=0
split_feature=20 19 24 21 24 15
split_gain=3.11616 4.8155 1.95969 1.9162 0.488826 0.235184
threshold=0.45587550000000004 0.0093390000000000018 0.8762835000000001 0.24561150000000001 0.83212450000000004 0.017765000000000006
decision_type=8 8 2 8 2 10
left_child=1 5 -3 -2 -5 -1
right_child=3 2 -4 4 -6 -7
leaf_value=-0.015645037026325526 -0.017988475793105647 0 0.01670759985809963 -0.008731888324797512 0.0012325889369132288 0
leaf_weight=3.1607721932232371 4.9807203002274063 9.2642008140683192 21.640470832586288 2.3098265863955048 20.096923436969519 1.8725432530045507
leaf_count=43 44 55 126 38 239 14
internal_value=0.00140092 0.00730325 0.0122821 -0.00531327 0 -0.0127029
internal_weight=63.3255 35.938 30.9047 27.3875 22.4068 5.03332
internal_count=559 238 181 321 277 57
is_linear=0
shrinkage=0.03


Tree=110
num_leaves=5
num_cat=0
split_feature=3 2 9 2
split_gain=3.61348 3.91166 2.3526 2.08853
threshold=1.5000000000000002 0.32575750000000009 8.3854985000000024 1.0000000180025095e-35
decision_type=10 10 10 10
left_child=1 3 -3 -1
right_child=-2 2 -4 -5
leaf_value=-0.0023136231635525173 0.01710509926198623 -0.020327050533726621 0.0030272162622304952 0.012988528384431685
leaf_weight=36.684350829571486 5.1000080332159987 12.878237977623936 1.4971261322498328 6.8884175941348067
leaf_count=379 43 113 8 30
internal_value=-0.00111996 -0.00397916 -0.0160655 0.000142172
internal_weight=63.0481 57.9481 14.3754 43.5728
internal_count=573 530 121 409
is_linear=0
shrinkage=0.03


Tree=111
num_leaves=6
num_cat=0
split_feature=4 18 2 24 16
split_gain=3.91374 3.13865 2.14379 1.27221 0.956847
threshold=1.0000000180025095e-35 0.12250800000000002 0.47222200000000009 0.94896700000000012 0.27349450000000003
decision_type=10 8 8 2 10
left_child=1 3 -3 -1 -2
right_child=4 2 -4 -5 -6
leaf_value=-0.016858213493878324 0.019846118690342474 0.010064720883951725 -0.0035115577843571107 0 0
leaf_weight=13.431063286960127 6.3074883893132201 12.716528393328188 25.790834870189428 2.8559258729219428 1.4426828175783155
leaf_count=108 49 59 307 26 8
internal_value=-1.16871e-07 -0.0035237 0.000652458 -0.0135185 0.0161525
internal_weight=62.5445 54.7944 38.5074 16.287 7.75017
internal_count=557 500 366 134 57
is_linear=0
shrinkage=0.03


Tree=112
num_leaves=6
num_cat=0
split_feature=23 23 7 25 17
split_gain=2.86548 4.93828 2.74748 2.59222 1.59174
threshold=0.00089200000000000011 0.23505250000000003 8.2941500000000019 0.53438100000000011 0.11441050000000001
decision_type=8 8 8 2 10
left_child=2 4 -1 -3 -2
right_child=1 3 -4 -5 -6
leaf_value=-0.018835378263542691 0 -0.0076480803945501484 0.0053773340816467554 0.0093236781625461417 0.022022529816151114
leaf_weight=9.6024966500699485 5.2066891938447943 26.965770978480577 2.2850017026066789 7.0980653986334792 9.3862544670701009
leaf_count=109 32 287 18 62 42
internal_value=-4.56171e-06 0.00287791 -0.0120204 -0.00283375 0.0161254
internal_weight=60.5443 48.6568 11.8875 34.0638 14.5929
internal_count=550 423 127 349 74
is_linear=0
shrinkage=0.03


Tree=113
num_leaves=6
num_cat=0
split_feature=3 2 16 24 23
split_gain=2.21707 2.18273 2.74917 1.38389 0.318102
threshold=1.0000000180025095e-35 0.32575750000000009 0.18306150000000002 0.94349800000000006 0.34687850000000003
decision_type=10 10 10 2 10
left_child=1 2 -1 -3 -2
right_child=4 3 -4 -5 -6
leaf_value=-0.0014864220514889622 0.017288203259377265 -0.015536267910403835 0.014347594067874139 0 0
leaf_weight=31.958481017500162 4.8652895092964163 9.4323784038424474 9.7528063356876356 2.8947825618088237 1.3212892711162565
leaf_count=345 39 82 45 25 10
internal_value=0.00118146 -0.000578875 0.00225914 -0.0107017 0.014991
internal_weight=60.225 54.0384 41.7113 12.3272 6.18658
internal_count=546 497 390 107 49
is_linear=0
shrinkage=0.03


Tree=114
num_leaves=5
num_cat=0
split_feature=3 18 20 21
split_gain=3.10422 2.81867 1.96758 1.16838
threshold=1.5000000000000002 0.092983500000000011 0.47980200000000006 0.07012800000000001
decision_type=10 8 8 10
left_child=1 3 -3 -1
right_child=-2 2 -4 -5
leaf_value=-0.016931153800932634 0.017326314756199276 0.0087309764163619966 -0.0034250397679353103 0
leaf_weight=10.511181663721798 5.1785474866628638 16.729980163276196 24.326514344662428 3.4614450186491004
leaf_count=108 44 88 294 18
internal_value=0 -0.00241553 0.00110466 -0.0128936
internal_weight=60.2077 55.0291 41.0565 13.9726
internal_count=552 508 382 126
is_linear=0
shrinkage=0.03


Tree=115
num_leaves=7
num_cat=0
split_feature=24 17 25 23 22 23
split_gain=3.84049 2.27531 2.03261 1.78217 0.623497 0.48306
threshold=0.87703050000000016 0.011290000000000003 0.21412400000000004 0.25815300000000008 0.044107500000000001 0.15046750000000003
decision_type=2 8 2 10 10 8
left_child=2 4 -1 -3 -2 -4
right_child=1 3 5 -5 -6 -7
leaf_value=-0.016772311186619423 -0.01280286810848728 0.011186300426138909 -0.0061557643081725641 -0.0029369783103199132 0 0.0055899928097841584
leaf_weight=10.865729961544277 3.6677238605916491 32.464855346828699 1.1196358054876316 5.0642017796635619 0.82251432538032521 5.9172586500644684
leaf_count=118 50 288 10 30 6 48
internal_value=0.000188349 0.00555148 -0.00995437 0.00846396 -0.00842596 0
internal_weight=59.9219 42.0193 17.9026 37.5291 4.49024 7.03689
internal_count=550 374 176 318 56 58
is_linear=0
shrinkage=0.03


Tree=116
num_leaves=7
num_cat=0
split_feature=21 19 19 24 24 20
split_gain=2.53715 3.22983 2.35036 0.658553 0.233867 0.144405
threshold=0.080088500000000021 0.27920200000000006 0.0093390000000000018 0.89819500000000008 0.86085700000000009 0.13225500000000004
decision_type=10 10 10 2 2 10
left_child=1 2 -1 4 -2 -3
right_child=3 5 -4 -5 -6 -7
leaf_value=-0.005156331268397138 0 0 0.0085613809039357652 0 0.017433012250487368 -0.021991454580172768
leaf_weight=25.882635142654181 3.3231844380497915 1.5970930010080326 15.382678732275961 5.0537060648202887 5.2924728244543076 4.4505319222807884
leaf_count=332 17 12 98 32 24 44
internal_value=0 -0.00335537 0 0.010149 0.0141011 -0.0195931
internal_weight=60.9823 47.3129 41.2653 13.6694 8.61566 6.04762
internal_count=559 486 430 73 41 56
is_linear=0
shrinkage=0.03


Tree=117
num_leaves=5
num_cat=0
split_feature=20 19 19 23
split_gain=2.42964 2.0109 2.29444 0.176526
threshold=0.47980200000000006 0.0093390000000000018 0.38322950000000006 0.12234250000000001
decision_type=10 8 8 10
left_child=1 3 -3 -1
right_child=-2 2 -4 -5
leaf_value=-0.01185967899423352 -0.015590198468307883 0.01134804461071744 0 0
leaf_weight=3.5408203192055216 3.4507426768541327 26.742966588586569 27.291122734546661 1.2229247912764547
leaf_count=48 34 159 315 8
internal_value=0.00122395 0.00340512 0.00556333 -0.00990118
internal_weight=62.2486 58.7978 54.0341 4.76375
internal_count=564 530 474 56
is_linear=0
shrinkage=0.03


Tree=118
num_leaves=7
num_cat=0
split_feature=25 24 21 24 24 9
split_gain=4.4106 3.21103 2.80052 2.07731 3.01381 0.980904
threshold=0.16991550000000002 0.91177750000000013 0.12386950000000001 0.90075650000000007 0.86085700000000009 8.5431960000000018
decision_type=2 2 10 2 2 10
left_child=3 2 -2 4 -1 -5
right_child=1 -3 -4 5 -6 -7
leaf_value=-0.013244451514688258 -0.0064701244720197833 0.016732452613784258 0.016216727396798501 -0.01999177744536542 0.0084227656391459241 0
leaf_weight=6.9306971654295983 15.75721586123109 15.654153134673832 3.598341964185237 8.0622513592243159 10.679049428552387 0.92152646929025728
leaf_count=78 138 131 17 103 85 6
internal_value=0.000704891 0.0078341 0 -0.00750953 0 -0.0171834
internal_weight=61.6032 35.0097 19.3556 26.5935 17.6097 8.98378
internal_count=558 286 155 272 163 109
is_linear=0
shrinkage=0.03


Tree=119
num_leaves=7
num_cat=0
split_feature=24 18 4 16 16 15
split_gain=5.15082 2.95701 3.18574 1.9836 0.644975 0.483207
threshold=0.86085700000000009 0.12250800000000002 1.0000000180025095e-35 0.080169000000000004 0.37519300000000005 0.3123105000000001
decision_type=2 10 8 8 8 10
left_child=3 2 -2 -1 -3 -5
right_child=1 4 -4 5 -6 -7
leaf_value=0.0014348450408424107 -0.0084026344492743234 0.020816800531136201 0.0086154860256159194 -0.019729422684248779 0 0
leaf_weight=2.7700515575706932 12.746049407869576 10.454682789742943 21.513870555907488 8.6277390308678132 1.8963652476668365 0.96582924574613649
leaf_count=21 110 51 237 104 9 6
internal_value=0.00232468 0.00731247 0.00131215 -0.0122828 0.0184931 -0.018024
internal_weight=58.9746 46.611 34.2599 12.3636 12.351 9.59357
internal_count=538 407 347 131 60 110
is_linear=0
shrinkage=0.03


Tree=120
num_leaves=6
num_cat=0
split_feature=25 3 20 15 7
split_gain=4.04025 1.48187 1.43336 0.796036 0.20097
threshold=0.20438700000000004 1.0000000180025095e-35 0.45587550000000004 0.15843350000000003 8.6832670000000025
decision_type=2 10 10 10 10
left_child=1 4 3 -2 -1
right_child=2 -3 -4 -5 -6
leaf_value=-0.010999893436806253 0.0042288218805725105 0.0046064564978889836 -0.0051550295027288605 0.019932446199394532 0
leaf_weight=25.104648079723127 23.233369037508972 2.4325067922472945 2.5919068343937388 4.6103955917060366 1.105294957756995
leaf_count=275 205 17 20 27 6
internal_value=0 -0.00795285 0.00699264 0.00948749 -0.0104989
internal_weight=59.0781 28.6424 30.4357 27.8438 26.2099
internal_count=550 298 252 232 281
is_linear=0
shrinkage=0.03


Tree=121
num_leaves=6
num_cat=0
split_feature=20 22 20 18 18
split_gain=2.47824 2.4565 1.98787 1.45652 0.166542
threshold=0.45587550000000004 0.03981450000000001 0.3543650000000001 0.31753750000000008 0.56776100000000007
decision_type=10 10 10 10 10
left_child=1 2 -1 -3 -2
right_child=4 3 -4 -5 -6
leaf_value=-0.0045839687153309333 -0.018271011865605747 0.0006146697161372286 0.016503566112004955 0.019944929432301771 0
leaf_weight=35.334012042731047 3.4785572439432135 12.024805806577207 1.1626774519681919 6.0080568417906752 1.024389751255512
leaf_count=395 35 72 5 25 7
internal_value=0 0.0019447 -0.00195011 0.0104075 -0.0163791
internal_weight=59.0325 54.5296 36.4967 18.0329 4.50295
internal_count=539 497 400 97 42
is_linear=0
shrinkage=0.03


Tree=122
num_leaves=7
num_cat=0
split_feature=21 24 25 25 25 16
split_gain=2.07372 2.14641 1.70875 1.53707 1.38537 0.386831
threshold=0.090908500000000017 0.9260385000000001 0.28739900000000007 0.72520400000000007 0.21412400000000004 0.22656400000000002
decision_type=10 2 2 2 2 10
left_child=1 3 -3 -1 5 -2
right_child=4 2 -4 -5 -6 -7
leaf_value=-0.0093299998879430787 -0.0058009558906660244 -0.0022590511244595223 0.013606751854327788 0.005520164752792764 0.017195961743687791 0.0047630556412055743
leaf_weight=30.763906039297581 3.1466775536537153 6.7791668251156789 7.8046731390058994 2.9175012819468966 6.4569999277591705 3.2285814881324768
leaf_count=325 19 85 65 19 38 13
internal_value=0 -0.00248564 0.00539842 -0.00687955 0.00989326 0
internal_weight=61.0975 48.2652 14.5838 33.6814 12.8323 6.37526
internal_count=564 494 150 344 70 32
is_linear=0
shrinkage=0.03


Tree=123
num_leaves=4
num_cat=0
split_feature=3 21 24
split_gain=2.62385 2.47703 2.0126
threshold=1.5000000000000002 0.29816800000000004 0.97952550000000016
decision_type=10 10 2
left_child=1 2 -1
right_child=-2 -3 -4
leaf_value=-0.0069824529884426516 0.016088792715911696 0.012216108455318644 0.012663736864796016
leaf_weight=48.946362916380167 4.6357182189822188 4.9183005988597861 1.4355500414967526
leaf_count=475 42 21 10
internal_value=0 -0.00256966 -0.00518045
internal_weight=59.9359 55.3002 50.3819
internal_count=548 506 485
is_linear=0
shrinkage=0.03


Tree=124
num_leaves=7
num_cat=0
split_feature=25 24 25 25 24 21
split_gain=3.20347 3.52211 1.70981 1.61461 1.30729 1.06176
threshold=0.28363100000000002 0.9260385000000001 0.079107500000000011 0.16991550000000002 0.86085700000000009 0.12386950000000001
decision_type=2 2 2 2 2 10
left_child=2 5 4 -4 -1 -2
right_child=1 -3 3 -5 -6 -7
leaf_value=-0.010453912952342435 -0.0057238443425030143 0.018474090839219578 -0.019263905544078995 0 0.0053937268575446461 0.0092256007518414212
leaf_weight=3.6911924034357062 13.308562602847816 10.321984343230723 9.0834610424935835 7.2998224645853034 12.307064060121773 2.1160133853554717
leaf_count=40 111 82 109 76 112 12
internal_value=0 0.00695604 -0.00649414 -0.0125049 0 -0.000876513
internal_weight=58.1281 25.7466 32.3815 16.3833 15.9983 15.4246
internal_count=542 205 337 185 152 123
is_linear=0
shrinkage=0.03


Tree=125
num_leaves=7
num_cat=0
split_feature=23 23 17 24 18 20
split_gain=2.25046 3.14755 2.36657 3.16836 2.1225 1.46938
threshold=0.00089200000000000011 0.57592050000000017 0.42515950000000008 0.9658770000000001 0.10985550000000001 0.017117500000000004
decision_type=8 8 8 2 10 10
left_child=2 4 3 -1 -2 -3
right_child=1 5 -4 -5 -6 -7
leaf_value=-0.022200902408608374 0 0.00072300179527379454 0.0071857472844381997 0.0071180536268798129 0.019034830614743866 -0.013426268949669657
leaf_weight=8.6011145673692173 9.7973479330539721 21.303033947944645 1.9184555225074298 1.1467481777071959 12.138055637478827 4.9216288030147544
leaf_count=100 63 265 17 9 54 34
internal_value=0.000749251 0.00410024 -0.00904765 -0.015535 0.0119731 -0.00201155
internal_weight=59.8264 48.1601 11.6663 9.74786 21.9354 26.2247
internal_count=542 416 126 109 117 299
is_linear=0
shrinkage=0.03


Tree=126
num_leaves=7
num_cat=0
split_feature=24 25 4 16 21 16
split_gain=2.86262 3.11507 2.13411 1.93231 1.02807 0.217586
threshold=0.86085700000000009 0.21412400000000004 1.0000000180025095e-35 0.13418850000000002 0.11378600000000001 0.28486050000000002
decision_type=2 2 10 10 8 10
left_child=1 -1 3 -2 -3 -4
right_child=2 4 5 -5 -6 -7
leaf_value=-0.022308843751177403 -0.0038740115228007807 -0.0060535331655230647 0.017631802994889603 0.0096563651080903458 0.010402887321055633 0
leaf_weight=6.9039623551070672 30.296830460429192 2.6423491463065147 5.2508442327380171 10.291373267769812 3.6659195050597191 1.3280231133103368
leaf_count=87 317 20 45 55 30 8
internal_value=-9.08363e-05 -0.0114578 0.00299001 0 0.000557425 0.0157269
internal_weight=60.3793 13.2122 47.1671 40.5882 6.30827 6.57887
internal_count=562 137 425 372 50 53
is_linear=0
shrinkage=0.03


Tree=127
num_leaves=4
num_cat=0
split_feature=25 3 18
split_gain=2.14125 1.6284 1.86091
threshold=0.71528900000000017 1.5000000000000002 0.29475650000000003
decision_type=2 10 10
left_child=1 2 -1
right_child=-2 -3 -4
leaf_value=-0.0052628201603540604 0.015496497246607691 0.0135521095660568 0.0079583901419229934
leaf_weight=40.831984974443913 5.9441636800765982 3.6581496968865386 8.1076868176460248
leaf_count=435 46 34 43
internal_value=0.0018939 0 -0.00216175
internal_weight=58.542 52.5978 48.9397
internal_count=558 512 478
is_linear=0
shrinkage=0.03


Tree=128
num_leaves=6
num_cat=0
split_feature=23 23 21 24 17
split_gain=3.27065 2.56191 2.96641 2.50793 0.371333
threshold=0.00089200000000000011 0.23505250000000003 0.09775600000000001 0.96226850000000008 0.49224600000000002
decision_type=8 8 8 2 10
left_child=3 -2 -3 4 -1
right_child=1 2 -4 -5 -6
leaf_value=-0.018801014068484414 0.015174987215290153 -0.013854683791610419 0.005100178661190698 0.0074160633650445741 0
leaf_weight=8.191786974668501 13.411186777055262 6.6553570851683608 28.385866191238165 1.487408224493264 1.5128254033625115
leaf_count=97 71 49 308 13 17
internal_value=0.0015023 0.00535138 0 -0.010656 -0.0168844
internal_weight=59.6444 48.4524 35.0412 11.192 9.70461
internal_count=555 428 357 127 114
is_linear=0
shrinkage=0.03


Tree=129
num_leaves=6
num_cat=0
split_feature=20 25 18 24 18
split_gain=2.49001 2.45919 2.51618 2.29405 0.303935
threshold=0.45587550000000004 0.16991550000000002 0.053117500000000005 0.8996320000000001 0.50034100000000004
decision_type=10 2 10 2 10
left_child=1 3 -3 -1 -2
right_child=4 2 -4 -5 -6
leaf_value=0.0027391636815066217 -0.017049668678829941 0 0.018651017942242172 -0.013605618573565695 0
leaf_weight=15.709674023091795 3.6944057792425147 17.885650604963306 10.961542028933762 8.5288508087396604 1.4315653704106805
leaf_count=141 37 193 62 103 9
internal_value=0.000573932 0.00323985 0.00902175 -0.00277578 -0.0143463
internal_weight=58.2117 53.0857 28.8472 24.2385 5.12597
internal_count=545 499 255 244 46
is_linear=0
shrinkage=0.03


Tree=130
num_leaves=7
num_cat=0
split_feature=24 19 20 0 20 17
split_gain=2.2925 1.80001 1.43834 0.890751 0.843942 0.173913
threshold=0.87456900000000004 0.0041160000000000007 0.51507150000000002 1.0000000180025095e-35 0.21875000000000003 0.15118600000000001
decision_type=2 8 10 8 8 10
left_child=3 -2 -3 5 -5 -1
right_child=1 2 -4 4 -6 -7
leaf_value=0 -0.0088241740526118564 0.0093556062088785575 -0.0058080204758658768 0.0066599953829591671 -0.0060257743321481452 -0.01745436304263992
leaf_weight=1.2468485236167932 2.7991081066429606 38.589516118168831 1.9150138534605492 4.3677796162664864 8.9180971011519432 2.9094353094696999
leaf_count=9 44 337 13 26 117 21
internal_value=0.00138315 0.00538567 0.00759803 -0.00641843 0 -0.0151559
internal_weight=60.7458 43.3036 40.5045 17.4422 13.2859 4.15628
internal_count=567 394 350 173 143 30
is_linear=0
shrinkage=0.03


Tree=131
num_leaves=7
num_cat=0
split_feature=25 24 25 24 20 17
split_gain=2.90854 2.75983 1.61251 2.76724 0.720858 0.659664
threshold=0.28363100000000002 0.91320450000000009 0.079107500000000011 0.86085700000000009 0.14597250000000003 0.039110500000000006
decision_type=2 2 2 2 8 8
left_child=2 4 3 -1 -2 -3
right_child=1 5 -4 -5 -6 -7
leaf_value=-0.012825550649463809 0.0059278624733580271 0 -0.0098174046264701761 0.0089161686060054649 -0.0058421851766335669 0.019704965240522575
leaf_weight=4.1967518441379097 4.7417766377329835 1.8728467077016802 16.556900233030319 13.923523854464291 8.0377138927578926 10.789395604282618
leaf_count=47 26 15 192 122 78 87
internal_value=0.00144265 0.00894691 -0.0035408 0.00135371 0 0.0174341
internal_weight=60.1189 25.4417 34.6772 18.1203 12.7795 12.6622
internal_count=567 206 361 169 104 102
is_linear=0
shrinkage=0.03


Tree=132
num_leaves=7
num_cat=0
split_feature=24 17 5 25 25 25
split_gain=2.40724 2.40504 1.71652 1.23318 0.628617 0.426617
threshold=0.86085700000000009 0.19976450000000004 1.5000000000000002 0.077012500000000012 0.42699750000000009 0.10873650000000001
decision_type=2 10 8 2 2 2
left_child=3 2 -2 -1 -3 -5
right_child=1 4 -4 5 -6 -7
leaf_value=-0.018080963782286651 -0.0070136829581876848 0.019727682935514659 0.0053493346505281677 0.0069309042101639972 0 -0.0038870481741072323
leaf_weight=3.5572684258222571 12.040679976344107 7.264551214873789 25.358790289610624 1.6208918318152408 1.9926417544484136 7.7206424474716187
leaf_count=42 117 39 256 15 13 73
internal_value=0.00148694 0.00505919 0.000401245 -0.0080639 0.0167259 0
internal_weight=59.5555 46.6567 37.3995 12.8988 9.25719 9.34153
internal_count=555 425 373 130 52 88
is_linear=0
shrinkage=0.03


Tree=133
num_leaves=5
num_cat=0
split_feature=4 19 19 18
split_gain=2.0693 2.31507 2.29078 1.24326
threshold=1.5000000000000002 0.17848950000000002 0.27920200000000006 0.37522800000000006
decision_type=10 8 8 10
left_child=1 3 -3 -1
right_child=-2 2 -4 -5
leaf_value=-0.014204326932650472 0.014566842917628071 0.014748400273933926 -0.0018562697653864654 0.00043618918994335192
leaf_weight=14.545147713273765 4.0133894756436339 6.1107275672256938 31.642094571143389 1.9108003973960865
leaf_count=121 37 36 353 9
internal_value=-0.000242534 -0.00256974 0.000983087 -0.0111573
internal_weight=58.2222 54.2088 37.7528 16.4559
internal_count=556 519 389 130
is_linear=0
shrinkage=0.03


Tree=134
num_leaves=5
num_cat=0
split_feature=4 25 15 16
split_gain=2.65093 2.79788 2.54702 0.941029
threshold=1.0000000180025095e-35 0.71528900000000017 0.12855800000000003 0.28486050000000002
decision_type=10 2 8 10
left_child=1 2 -1 -2
right_child=3 -3 -4 -5
leaf_value=-0.014517911938082211 0.01812402924450706 0.012291335750168594 0 0
leaf_weight=16.331785839051008 5.3044386431574813 5.2135656997561446 30.279014222323895 1.2186320200562475
leaf_count=143 46 36 324 7
internal_value=-4.17268e-05 -0.00303507 -0.00599369 0.0140539
internal_weight=58.3474 51.8244 46.6108 6.52307
internal_count=556 503 467 53
is_linear=0
shrinkage=0.03


Tree=135
num_leaves=7
num_cat=0
split_feature=23 17 23 2 3 21
split_gain=1.90888 2.61531 2.56631 2.83692 1.60315 1.34645
threshold=0.00089200000000000011 0.42515950000000008 0.57592050000000017 0.47222200000000009 1.0000000180025095e-35 0.07012800000000001
decision_type=8 8 8 10 10 8
left_child=1 4 3 -2 -1 -4
right_child=2 -3 5 -5 -6 -7
leaf_value=-0.020754326782349994 0.01607570809584697 0.007662571338945141 -0.014153962405281668 -0.005862580761481653 0 0
leaf_weight=8.3444239646196312 15.631097164005043 1.7892874963581569 3.947035230696204 3.2568714469671241 0.92023812234401781 22.714850302785635
leaf_count=103 84 14 31 20 9 281
internal_value=0 -0.00987728 0.00267296 0.0106372 -0.0167565 -0.00246293
internal_weight=56.6038 11.0539 45.5499 18.888 9.26466 26.6619
internal_count=542 126 416 104 112 312
is_linear=0
shrinkage=0.03


Tree=136
num_leaves=5
num_cat=0
split_feature=25 21 2 24
split_gain=3.29056 2.1221 1.69483 1.21929
threshold=0.71528900000000017 0.11378600000000001 0.11805550000000002 0.89819500000000008
decision_type=2 10 10 2
left_child=1 2 -1 -3
right_child=-2 3 -4 -5
leaf_value=0 0.018468142502169296 0.015291681088168994 -0.011684577963923701 0
leaf_weight=28.321606773883104 5.9262729696929446 6.491364721208809 14.24937881529331 2.6244979575276375
leaf_count=329 44 33 134 18
internal_value=0.00143532 -0.000875026 -0.00426694 0.00962345
internal_weight=57.6131 51.6868 42.571 9.11586
internal_count=558 514 463 51
is_linear=0
shrinkage=0.03


Tree=137
num_leaves=7
num_cat=0
split_feature=23 17 23 16 22 24
split_gain=2.07765 2.60455 1.50743 1.47181 0.375633 0.316419
threshold=0.50185950000000012 0.011290000000000003 0.00089200000000000011 0.085155500000000009 0.035440500000000007 0.83212450000000004
decision_type=8 10 10 10 10 2
left_child=1 4 -3 5 -1 -2
right_child=3 2 -4 -5 -6 -7
leaf_value=-0.012430019374199424 -0.0068736047784780522 0 0.014289697209890833 -0.017711214617216916 0 0.00041671507433290123
leaf_weight=3.1971990875899823 2.9434828944504323 8.9670964963734168 17.697663851082325 3.5523347035050383 0.74857186526060093 20.172214977443218
leaf_count=50 43 82 97 26 6 237
internal_value=0.000314014 0.00583671 0.00983551 -0.00496314 -0.00944357 -4.58322e-05
internal_weight=57.2786 30.6105 26.6648 26.668 3.94577 23.1157
internal_count=541 235 179 306 56 280
is_linear=0
shrinkage=0.03


Tree=138
num_leaves=5
num_cat=0
split_feature=25 4 24 16
split_gain=1.65487 1.82964 1.41561 0.183792
threshold=0.72520400000000007 1.5000000000000002 0.97952550000000016 0.055858500000000005
decision_type=2 10 2 8
left_child=1 2 -1 -2
right_child=3 -3 -4 -5
leaf_value=-0.0049284788624079688 0 0.013196917095666902 0.011817601941617798 0.014868611523800819
leaf_weight=48.757453314960003 1.3524125143885601 3.4981538541615 1.2506784349679936 4.240749042481184
leaf_count=474 9 32 8 32
internal_value=0.000353658 -0.00104585 -0.0032986 0.0129241
internal_weight=59.0994 53.5063 50.0081 5.59316
internal_count=555 514 482 41
is_linear=0
shrinkage=0.03


Tree=139
num_leaves=6
num_cat=0
split_feature=4 17 24 18 19
split_gain=2.22817 2.38437 1.56493 1.55485 0.273696
threshold=1.0000000180025095e-35 0.22349950000000002 0.86085700000000009 0.31753750000000008 0.30391200000000007
decision_type=10 8 2 10 10
left_child=1 3 -3 -1 -2
right_child=4 2 -4 -5 -6
leaf_value=-0.014315294742472328 0.016981139846656876 -0.0053846446127696684 0.0069761847592878902 0.0012989006289632007 0
leaf_weight=12.691796436905863 4.9411174058914176 8.2347159720957261 26.456490252166986 3.3283597715198985 1.1326480731368063
leaf_count=121 44 98 263 18 7
internal_value=0.00108318 -0.000771044 0.00305108 -0.0098008 0.0150072
internal_weight=56.7851 50.7114 34.6912 16.0202 6.07377
internal_count=551 500 361 139 51
is_linear=0
shrinkage=0.03


Tree=140
num_leaves=7
num_cat=0
split_feature=20 25 18 25 24 25
split_gain=2.75157 2.1261 2.46944 1.01961 1.23568 0.350134
threshold=0.45587550000000004 0.043050500000000012 0.045054000000000004 0.034080000000000006 0.9260385000000001 0.017172000000000003
decision_type=8 2 10 2 2 2
left_child=1 -1 -3 5 -5 -2
right_child=3 2 -4 4 -6 -7
leaf_value=-0.0045562975591858217 0 0 0.016537863982390849 -0.012533703628767625 0 0.0084293096722645178
leaf_weight=6.0674293711781493 1.2391586005687742 8.5668732933700102 17.672828868031502 14.864720620214941 6.1921454966068259 2.2892920449376106
leaf_count=45 18 84 106 185 72 24
internal_value=0.0010596 0.00695176 0.0108332 -0.00550961 -0.00839225 0.00304925
internal_weight=56.8924 32.3071 26.2397 24.5853 21.0569 3.52845
internal_count=534 235 190 299 257 42
is_linear=0
shrinkage=0.03


Tree=141
num_leaves=5
num_cat=0
split_feature=3 17 18 24
split_gain=2.1252 3.81867 2.62248 2.1988
threshold=1.5000000000000002 0.19976450000000004 0.29475650000000003 0.86085700000000009
decision_type=10 8 10 2
left_child=1 2 -1 -3
right_child=-2 3 -4 -5
leaf_value=-0.019151333341594214 0.014586860116484381 -0.0070453276727591753 0.0019652034242354883 0.0074162440414959575
leaf_weight=13.278286285698416 4.0930780358612529 9.801150791347025 3.5940262190997592 25.227124705910683
leaf_count=122 42 110 18 249
internal_value=-0.000274192 -0.00272568 -0.013526 0.00234433
internal_weight=55.9937 51.9006 16.8723 35.0283
internal_count=541 499 140 359
is_linear=0
shrinkage=0.03


Tree=142
num_leaves=7
num_cat=0
split_feature=25 20 18 17 7 23
split_gain=3.7034 2.01605 1.76428 1.09738 1.09606 0.626666
threshold=0.17138100000000003 0.45587550000000004 0.29475650000000003 0.11441050000000001 8.0568855000000017 0.61503100000000011
decision_type=2 10 10 10 10 10
left_child=2 3 4 -2 -1 -4
right_child=1 -3 5 -5 -6 -7
leaf_value=-0.011939644341413855 0.0038191182695336595 -0.0063523675062531924 0.011512519362366391 0.018676664424402828 0.00014982236222597307 0
leaf_weight=19.466620236635215 19.917780544608835 2.7780014127492896 3.1705807223916045 11.086851820349692 2.9510119184851638 1.5510631650686262
leaf_count=237 203 24 15 65 19 10
internal_value=0.0018904 0.00853438 -0.00541086 0.0111932 -0.00933808 0.00573355
internal_weight=60.9219 33.7826 27.1393 31.0046 22.4176 4.72164
internal_count=573 292 281 268 256 25
is_linear=0
shrinkage=0.03


Tree=143
num_leaves=6
num_cat=0
split_feature=20 19 19 3 21
split_gain=1.69255 2.0373 1.86887 1.02003 0.243411
threshold=0.47980200000000006 0.0093390000000000018 0.037927000000000009 1.0000000180025095e-35 0.13754000000000002
decision_type=10 10 10 8 10
left_child=1 3 -3 -1 -2
right_child=4 2 -4 -5 -6
leaf_value=-0.012302961242584438 -0.014015949607435971 0.02159795237855822 0.0026553946993799092 0.00030887652083969345 0
leaf_weight=3.471104163676503 2.6417166143655773 5.7833762392401722 23.606807999312878 21.321211572736502 1.2100239172577856
leaf_count=47 31 39 155 272 7
internal_value=0.00180549 0.00381678 0.00896427 -0.00151486 -0.0113922
internal_weight=58.0342 54.1825 29.3902 24.7923 3.85174
internal_count=551 513 194 319 38
is_linear=0
shrinkage=0.03


Tree=144
num_leaves=6
num_cat=0
split_feature=4 16 15 24 16
split_gain=1.67477 2.83462 3.839 2.78765 0.817796
threshold=1.0000000180025095e-35 0.14787050000000004 0.15843350000000003 0.86085700000000009 0.28486050000000002
decision_type=10 8 8 2 10
left_child=1 2 -1 -3 -2
right_child=4 3 -4 -5 -6
leaf_value=-0.020405086946495465 0.017003665659999567 -0.0083377132641244082 0.0044568410205123267 0.008377813499125572 0
leaf_weight=10.083611693233248 4.7707129195332518 8.5221945159137231 5.3771642893552789 27.368753708899021 1.3072565495967863
leaf_count=106 44 101 32 262 8
internal_value=0.000758322 -0.000759526 -0.0108141 0.00330038 0.0129001
internal_weight=57.4297 51.3517 15.4608 35.8909 6.07797
internal_count=553 501 138 363 52
is_linear=0
shrinkage=0.03


Tree=145
num_leaves=7
num_cat=0
split_feature=24 25 24 24 25 2
split_gain=2.20846 1.25849 5.08494 3.44819 0.854913 0.972057
threshold=0.86085700000000009 0.28739900000000007 0.90075650000000007 0.91320450000000009 0.50311600000000012 0.24264700000000003
decision_type=2 2 2 2 2 10
left_child=4 2 -2 -3 5 -1
right_child=1 3 -4 -5 -6 -7
leaf_value=-0.018141552367426265 0.010666150812333238 -0.0032785948811378325 -0.013914796448101811 0.017859353818663382 0 0
leaf_weight=7.0232149213552457 11.597907222807409 8.5401913188397902 12.185017198324202 10.861131299287079 1.9879121035337437 3.3695792630314827
leaf_count=88 97 74 151 90 14 34
internal_value=-9.22283e-05 0.00268755 -0.000955569 0.00802253 -0.0103717 -0.0134532
internal_weight=55.565 43.1842 23.7829 19.4013 12.3807 10.3928
internal_count=548 412 248 164 136 122
is_linear=0
shrinkage=0.03


Tree=146
num_leaves=6
num_cat=0
split_feature=20 19 23 21 21
split_gain=2.05606 2.28691 2.66823 0.589096 0.060642
threshold=0.47980200000000006 0.0093390000000000018 0.24989150000000002 0.14922000000000005 0.14425450000000004
decision_type=10 8 8 10 10
left_child=1 4 -3 -2 -1
right_child=3 2 -4 -5 -6
leaf_value=-0.012327137350664305 -0.016653563384680735 0.013983733163560006 0 0 0
leaf_weight=3.2552492767572394 3.2096463851630679 19.275715369731188 31.342756114900112 1.0182920917868612 0.86195205152034748
leaf_count=51 37 126 333 6 6
internal_value=0.00146938 0.00370428 0.00603753 -0.012842 -0.0112199
internal_weight=58.9636 54.7357 50.6185 4.22794 4.1172
internal_count=559 516 459 43 57
is_linear=0
shrinkage=0.03


Tree=147
num_leaves=7
num_cat=0
split_feature=25 24 24 24 21 20
split_gain=1.94327 2.07268 1.80379 3.36475 1.67484 1.242
threshold=0.17138100000000003 0.91177750000000013 0.89680000000000015 0.86085700000000009 0.13168750000000004 0.027231500000000002
decision_type=2 2 2 2 10 8
left_child=2 4 3 -1 -2 -3
right_child=1 5 -4 -5 -6 -7
leaf_value=-0.013538740783421821 -0.0066412073519486097 0 -0.01481171430740286 0.010604586011027983 0.011731739547042814 0.016135394428387601
leaf_weight=5.9253337420523193 14.355473347008234 1.9075061753392191 9.2088498659431917 9.3805967569351179 2.5402098819613448 11.044337518513203
leaf_count=76 136 19 114 74 15 97
internal_value=0 0.00459614 -0.00619233 0 -0.00101856 0.0126153
internal_weight=54.3623 29.8475 24.5148 15.3059 16.8957 12.9518
internal_count=531 267 264 150 151 116
is_linear=0
shrinkage=0.03


Tree=148
num_leaves=6
num_cat=0
split_feature=25 22 16 19 16
split_gain=2.09804 1.63876 1.79264 1.54815 0.106139
threshold=0.71528900000000017 0.054184000000000003 0.032836500000000005 0.1901245 0.055858500000000005
decision_type=2 10 10 10 8
left_child=1 2 -1 -3 -2
right_child=4 3 -4 -5 -6
leaf_value=-0.00051386021534231211 0 -0.0019757302733361703 -0.016038758063217081 0.013276265369944454 0.01442181455558722
leaf_weight=26.954297561198473 1.4272429570555676 7.3677298277616483 8.7075963802635652 6.7307600378990173 5.1261332295835018
leaf_count=337 10 50 77 37 40
internal_value=0 -0.00235903 -0.00603094 0.004603 0.0129196
internal_weight=56.3138 49.7604 35.6619 14.0985 6.55338
internal_count=551 501 414 87 50
is_linear=0
shrinkage=0.03


Tree=149
num_leaves=7
num_cat=0
split_feature=24 17 3 15 16 20
split_gain=1.63826 2.58896 3.1818 1.67275 1.46384 0.360618
threshold=0.86085700000000009 0.22349950000000002 1.0000000180025095e-35 0.27208550000000004 0.023536500000000005 0.27370350000000004
decision_type=2 10 8 10 8 8
left_child=3 2 -2 4 -1 -3
right_child=1 5 -4 -5 -6 -7
leaf_value=0 -0.011221488436825461 0.01747563584511282 0.005897181213824142 0.0036152065469275585 -0.01858052597690504 0
leaf_weight=1.5847756154835195 13.137947391718624 7.1352763399481747 20.981971003115177 2.6668784841895095 7.9493539854884157 1.9129705540835864
leaf_count=16 117 35 242 15 104 14
internal_value=0 0.0030983 -0.000260393 -0.00823655 -0.014017 0.0151648
internal_weight=55.3692 43.1682 34.1199 12.201 9.53413 9.04825
internal_count=543 408 359 135 120 49
is_linear=0
shrinkage=0.03


Tree=150
num_leaves=5
num_cat=0
split_feature=4 2 17 24
split_gain=2.46962 3.07764 1.47214 0.738397
threshold=1.0000000180025095e-35 0.32575750000000009 0.17990250000000002 0.94124450000000015
decision_type=10 10 10 2
left_child=1 2 -1 -3
right_child=-2 3 -4 -5
leaf_value=-0.002409150963905106 0.013186356020770737 -0.018093772073797306 0.0095408143445382017 0
leaf_weight=27.790373399853706 6.2497562281787387 9.3946591541171056 9.6676197312772256 3.1121925450861445
leaf_count=325 56 89 50 34
internal_value=-0.000519071 -0.00344959 0.000412298 -0.0147927
internal_weight=56.2146 49.9648 37.458 12.5069
internal_count=554 498 375 123
is_linear=0
shrinkage=0.03


Tree=151
num_leaves=7
num_cat=0
split_feature=25 24 19 24 24 2
split_gain=1.99815 2.64747 1.60901 1.602 3.64948 1.47238
threshold=0.16991550000000002 0.91177750000000013 0.012054000000000002 0.90075650000000007 0.87703050000000016 0.11805550000000002
decision_type=2 2 8 2 2 8
left_child=3 5 -3 4 -1 -2
right_child=1 2 -4 -5 -6 -7
leaf_value=-0.010579266787788508 0.0094982966167769505 -0.001424851233534465 0.017041018868506473 -0.01434470017180847 0.013358150151300433 -0.0069765458411651668
leaf_weight=9.7547541484236771 3.070790369063622 1.4079461060464353 13.208450295031071 8.220853775739668 7.4068850129842749 13.922969896346329
leaf_count=107 20 16 117 111 58 136
internal_value=0 0.00518709 0.0136196 -0.00552732 0 -0.00152056
internal_weight=56.9926 31.6102 14.6164 25.3825 17.1616 16.9938
internal_count=565 289 133 276 165 156
is_linear=0
shrinkage=0.03


Tree=152
num_leaves=7
num_cat=0
split_feature=3 18 25 23 22 25
split_gain=1.98186 2.72765 2.35541 2.11943 1.1387 0.159429
threshold=1.0000000180025095e-35 0.29475650000000003 0.58110250000000019 0.68669650000000015 0.054184000000000003 0.71528900000000017
decision_type=8 10 2 8 10 2
left_child=1 2 -1 -2 -3 -5
right_child=3 4 -4 5 -6 -7
leaf_value=-0.016990175171696743 0.01756742421564824 -0.0014009635806743531 0.0013159342243502575 -0.0014075166137127245 0.013854038524142381 0.0043566329575756377
leaf_weight=16.175377201288946 4.9084776230156448 3.4282642416656008 4.638255923986434 20.647124614566568 3.8700705766677856 2.0915570743381968
leaf_count=158 47 24 20 263 18 25
internal_value=-0.000710344 -0.00641454 -0.0119991 0.00417102 0.00545452 0
internal_weight=55.7591 28.112 20.8136 27.6472 7.29833 22.7387
internal_count=555 220 178 335 42 288
is_linear=0
shrinkage=0.03


Tree=153
num_leaves=6
num_cat=0
split_feature=21 24 4 25 24
split_gain=1.29681 1.68215 1.64606 1.39119 0.585937
threshold=0.11378600000000001 0.97952550000000016 1.5000000000000002 0.21412400000000004 0.89819500000000008
decision_type=10 2 8 2 2
left_child=1 2 -1 4 -2
right_child=3 -3 -4 -5 -6
leaf_value=-0.010048962869868812 0.0032941653485869479 0.013247407602862398 1.1365724323513779e-06 0.016250125921748994 -0.0098099970984988748
leaf_weight=21.61212707310915 5.3158825635910016 1.7239525243639935 22.421543966978788 4.9532230831682682 1.5419892668724058
leaf_count=197 27 14 287 31 10
internal_value=0 -0.0025579 -0.00462004 0.00756716 0
internal_weight=57.5687 45.7576 44.0337 11.8111 6.85787
internal_count=566 498 484 68 37
is_linear=0
shrinkage=0.03


Tree=154
num_leaves=6
num_cat=0
split_feature=24 24 25 25 25
split_gain=3.18992 2.3024 2.89856 1.85015 1.69041
threshold=0.86085700000000009 0.89288050000000008 0.28363100000000002 0.079107500000000011 0.21412400000000004
decision_type=2 2 2 2 2
left_child=4 3 -3 -2 -1
right_child=1 2 -4 -5 -6
leaf_value=-0.02165852115896242 0.018635152992559866 -0.012341904745892777 0.0044035336248049138 0 0
leaf_weight=6.5552534833550435 7.3220510408282307 13.431303635239603 15.65844091773033 8.7035440169274789 5.0375957153737545
leaf_count=91 46 165 140 79 47
internal_value=-0.00179876 0.00146451 -0.00282428 0.0100441 -0.0142444
internal_weight=56.7082 45.1153 29.0897 16.0256 11.5928
internal_count=568 430 305 125 138
is_linear=0
shrinkage=0.03


Tree=155
num_leaves=5
num_cat=0
split_feature=20 19 23 15
split_gain=2.30223 1.59261 1.9946 0.399065
threshold=0.47980200000000006 0.0093390000000000018 0.82154200000000011 0.017765000000000006
decision_type=10 8 8 10
left_child=1 3 -3 -1
right_child=-2 2 -4 -5
leaf_value=-0.011737999797766461 -0.013562794013851024 0.012453935207248129 0 0
leaf_weight=2.2195519357919689 3.2813156582415095 23.93900079652667 22.692143663764 1.5633749812841413
leaf_count=43 38 158 282 14
internal_value=0.00263349 0.00495186 0.00692939 -0.00728516
internal_weight=53.6954 50.4141 46.6311 3.78293
internal_count=535 497 440 57
is_linear=0
shrinkage=0.03


Tree=156
num_leaves=5
num_cat=0
split_feature=19 19 22 22
split_gain=1.41719 1.56581 1.22903 0.840927
threshold=0.0093390000000000018 0.27920200000000006 0.24325000000000002 0.14302150000000002
decision_type=8 8 10 8
left_child=-1 2 -2 -3
right_child=1 3 -4 -5
leaf_value=-0.0099069067906246526 0.013114449158012662 -0.0087312640907154307 0 0.0023059173877265876
leaf_weight=3.1543019488453856 17.710946127772335 5.0099060237407711 3.4316989369690409 24.495238274335861
leaf_count=50 121 47 19 293
internal_value=0.00257025 0.00441706 0.0100859 0
internal_weight=53.8021 50.6478 21.1426 29.5051
internal_count=530 480 140 340
is_linear=0
shrinkage=0.03


Tree=157
num_leaves=4
num_cat=0
split_feature=25 21 19
split_gain=1.60446 1.76806 1.52398
threshold=0.71528900000000017 0.29816800000000004 0.27920200000000006
decision_type=2 10 10
left_child=1 2 -1
right_child=-2 -3 -4
leaf_value=0 0.012936312811956178 0.01295111615396022 -0.013642354537272305
leaf_weight=38.939758727326989 5.9874453358352175 4.0217966809868804 6.6425460986793032
leaf_count=423 49 22 61
internal_value=0.00108967 -0.00042618 -0.00295085
internal_weight=55.5915 49.6041 45.5823
internal_count=555 506 484
is_linear=0
shrinkage=0.03


Tree=158
num_leaves=6
num_cat=0
split_feature=4 2 24 16 16
split_gain=1.72704 2.41498 2.99968 1.85493 0.993259
threshold=1.0000000180025095e-35 0.32575750000000009 0.93789450000000019 0.16651950000000001 0.30867350000000005
decision_type=10 10 2 10 10
left_child=1 3 -3 -1 -2
right_child=4 2 -4 -5 -6
leaf_value=-0.0019044690818379531 0.016951193252203008 -0.020999088780656497 0.002877878838916046 0.011421739253265794 0
leaf_weight=29.677527725696564 4.7512779943644992 8.298434389755128 3.7758750692009917 9.3168324008584005 1.073780335485935
leaf_count=347 46 84 36 47 7
internal_value=0 -0.0020217 -0.0124554 0.00115364 0.0122917
internal_weight=56.8937 51.0687 12.0743 38.9944 5.82506
internal_count=567 514 120 394 53
is_linear=0
shrinkage=0.03


end of trees

feature_importances:
reranker_score_bge_reranker_v2_m3=109
embedding_cosine_bge_m3=99
shared_description_count_capped=67
repeated_title_share_percentile_gap_abs=65
max_category_share_percentile_gap_abs=54
profile_category_jaccard=50
description_length_median_percentile_gap_abs=49
price_median_percentile_gap_abs=46
punct_ratio_mean_percentile_gap_abs=46
shared_title_count_capped=38
repeated_description_share_percentile_gap_abs=32
digit_ratio_mean_percentile_gap_abs=31
title_length_median_percentile_gap_abs=28
item_count_percentile_gap_abs=17
shared_category_count_capped=15
shared_description_idf_sum=15
shared_description_idf_mean=8
same_market_raw_bool=2
shared_title_idf_mean=2
shared_low_df_sentence_count=2
shared_title_idf_sum=1

parameters:
[boosting: gbdt]
[objective: binary]
[metric: binary_logloss,auc]
[tree_learner: serial]
[device_type: cpu]
[data_sample_strategy: bagging]
[data: ]
[valid: ]
[num_iterations: 160]
[learning_rate: 0.03]
[num_leaves: 7]
[num_threads: 0]
[seed: 20260322]
[deterministic: 1]
[force_col_wise: 1]
[force_row_wise: 0]
[histogram_pool_size: -1]
[max_depth: 3]
[min_data_in_leaf: 10]
[min_sum_hessian_in_leaf: 0.001]
[bagging_fraction: 0.8]
[pos_bagging_fraction: 1]
[neg_bagging_fraction: 1]
[bagging_freq: 1]
[bagging_seed: 20260322]
[bagging_by_query: 0]
[feature_fraction: 0.6]
[feature_fraction_bynode: 1]
[feature_fraction_seed: 20260322]
[extra_trees: 0]
[extra_seed: 18836]
[early_stopping_round: 0]
[early_stopping_min_delta: 0]
[first_metric_only: 0]
[max_delta_step: 0]
[lambda_l1: 1]
[lambda_l2: 3]
[linear_lambda: 0]
[min_gain_to_split: 0.05]
[drop_rate: 0.1]
[max_drop: 50]
[skip_drop: 0.5]
[xgboost_dart_mode: 0]
[uniform_drop: 0]
[drop_seed: 22382]
[top_rate: 0.2]
[other_rate: 0.1]
[min_data_per_group: 100]
[max_cat_threshold: 32]
[cat_l2: 10]
[cat_smooth: 10]
[max_cat_to_onehot: 4]
[top_k: 20]
[monotone_constraints: ]
[monotone_constraints_method: basic]
[monotone_penalty: 0]
[feature_contri: ]
[forcedsplits_filename: ]
[refit_decay_rate: 0.9]
[cegb_tradeoff: 1]
[cegb_penalty_split: 0]
[cegb_penalty_feature_lazy: ]
[cegb_penalty_feature_coupled: ]
[path_smooth: 0]
[interaction_constraints: ]
[verbosity: -1]
[saved_feature_importance_type: 0]
[use_quantized_grad: 0]
[num_grad_quant_bins: 4]
[quant_train_renew_leaf: 0]
[stochastic_rounding: 1]
[linear_tree: 0]
[max_bin: 255]
[max_bin_by_feature: ]
[min_data_in_bin: 3]
[bin_construct_sample_cnt: 200000]
[data_random_seed: 20260322]
[is_enable_sparse: 1]
[enable_bundle: 1]
[use_missing: 1]
[zero_as_missing: 0]
[feature_pre_filter: 1]
[pre_partition: 0]
[two_round: 0]
[header: 0]
[label_column: ]
[weight_column: ]
[group_column: ]
[ignore_column: ]
[categorical_feature: ]
[forcedbins_filename: ]
[precise_float_parser: 0]
[parser_config_file: ]
[objective_seed: 31326]
[num_class: 1]
[is_unbalance: 0]
[scale_pos_weight: 1]
[sigmoid: 1]
[boost_from_average: 1]
[reg_sqrt: 0]
[alpha: 0.9]
[fair_c: 1]
[poisson_max_delta_step: 0.7]
[tweedie_variance_power: 1.5]
[lambdarank_truncation_level: 30]
[lambdarank_norm: 1]
[label_gain: ]
[lambdarank_position_bias_regularization: 0]
[eval_at: ]
[multi_error_top_k: 1]
[auc_mu_weights: ]
[num_machines: 1]
[local_listen_port: 12400]
[time_out: 120]
[machine_list_filename: ]
[machines: ]
[gpu_platform_id: -1]
[gpu_device_id: -1]
[gpu_use_dp: 0]
[num_gpu: 1]

end of parameters

pandas_categorical:null
