tree
version=v4
num_class=1
num_tree_per_iteration=1
label_index=0
max_feature_idx=25
objective=binary sigmoid:1
feature_names=same_market_raw_bool same_source_dataset_bool profile_category_jaccard shared_title_count_capped shared_description_count_capped shared_category_count_capped shared_title_idf_sum shared_description_idf_sum shared_title_idf_mean shared_description_idf_mean boilerplate_ratio_max boilerplate_ratio_gap_abs shared_boilerplate_count shared_low_df_sentence_count shared_rare_ngram_count item_count_percentile_gap_abs price_median_percentile_gap_abs title_length_median_percentile_gap_abs description_length_median_percentile_gap_abs digit_ratio_mean_percentile_gap_abs punct_ratio_mean_percentile_gap_abs repeated_title_share_percentile_gap_abs repeated_description_share_percentile_gap_abs max_category_share_percentile_gap_abs embedding_cosine_gte_multilingual_base reranker_score_gte_multilingual_reranker_base
feature_infos=[0:1] [0:1] [0:1] [0:5] [0:5] [0:5] [0:70.616864000000007] [0:79.443972000000002] [0:8.8271080000000008] [0:8.8271080000000008] [0:0.20000000000000001] [0:0.20000000000000001] [0:1] [0:9] [0:8] [0:0.70916299999999999] [0:0.96791400000000005] [0:0.92293000000000003] [0:0.86055700000000002] [0:0.89987799999999996] [0:0.93352299999999999] [0:0.78087600000000001] [0:0.625498] [0:0.98619599999999996] [0.88623300000000005:0.99833300000000003] [0.41123199999999999:0.96361600000000003]
tree_sizes=779 578 580 785 662 770 892 782 767 846 745 870 659 864 581 752 653 772 785 764 776 649 661 656 685 759 569 735 845 855 840 668 860 745 762 769 759 661 875 769 832 663 844 642 654 685 657 734 762 662 640 767 662 813 660 757 738 663 831 683 745 836 847 749 769 735 869 657 777 671 857 746 839 631 765 659 862 662 766 865 766 658 754 748 738 662 749 732 763 744 665 864 670 648 757 744 845 734 656 756 660 567 684 657 652 769 771 662 839 859 671 758 738 747 681 633 650 575 741 872 647 675 842 554 893 848 653 656 769 559 875 658 661 661 764 856 659 774 653 756 888 681 762 740 766 859 735 742 759 850 735 845 685 578 574 690 662 749 748 746

Tree=0
num_leaves=6
num_cat=0
split_feature=25 3 21 4 5
split_gain=79.6246 26.9949 23.6569 12.5849 4.38568
threshold=0.64888600000000018 1.0000000180025095e-35 0.10762700000000001 1.0000000180025095e-35 1.5000000000000002
decision_type=2 10 8 10 10
left_child=3 2 -2 4 -1
right_child=1 -3 -4 -5 -6
leaf_value=-0.048798521238568517 -0.019333775336730849 0.047275088837481466 0.020880212634424695 0.013155428590125052 4.2497495285768391e-08
leaf_weight=24.08787256479264 18.573397010564804 17.059866219758987 29.904249519109726 1.4829059839248646 1.3072138428688038
leaf_count=192 84 47 223 4 5
internal_value=4.24975e-08 0.0177754 0.00466129 -0.0409108 -0.0461808
internal_weight=92.4155 65.5375 48.4776 26.878 25.3951
internal_count=555 354 307 201 197
is_linear=0
shrinkage=1


Tree=1
num_leaves=4
num_cat=0
split_feature=4 23 21
split_gain=47.1489 40.4125 10.0011
threshold=1.0000000180025095e-35 0.00089200000000000011 0.090908500000000017
decision_type=10 8 10
left_child=1 -1 -3
right_child=-2 2 -4
leaf_value=-0.044250402830701724 0.042580208912457652 -0.004111739772047894 0.02425339039238816
leaf_weight=20.151127323508263 15.206047534942625 38.815791592001915 11.906060039997099
leaf_count=104 43 338 39
internal_value=-0.000332767 -0.0113013 0.00297061
internal_weight=86.079 70.873 50.7219
internal_count=524 481 377
is_linear=0
shrinkage=0.03


Tree=2
num_leaves=4
num_cat=0
split_feature=4 23 24
split_gain=68.3012 35.5521 23.0332
threshold=1.0000000180025095e-35 0.00089200000000000011 0.97673100000000013
decision_type=10 8 2
left_child=1 -1 -3
right_child=-2 2 -4
leaf_value=-0.042334445512750653 0.045977290322384887 -0.021285035233095103 0.017144543990972799
leaf_weight=21.813147902488708 20.179436326026917 20.870064362883568 30.844064891338348
leaf_count=112 56 172 214
internal_value=0.000593989 -0.0127835 0.000770658
internal_weight=93.7067 73.5273 51.7141
internal_count=554 498 386
is_linear=0
shrinkage=0.03


Tree=3
num_leaves=6
num_cat=0
split_feature=25 3 4 21 19
split_gain=66.9331 19.6671 14.1493 13.7196 4.90802
threshold=0.64888600000000018 1.0000000180025095e-35 1.0000000180025095e-35 0.11378600000000001 0.37396950000000007
decision_type=2 8 10 10 8
left_child=2 3 -1 -2 -3
right_child=1 4 -4 -5 -6
leaf_value=-0.043471331621622589 -0.017314641744942939 0.044665546667403903 0.015584462845244696 0.019621783944946087 0.014716850325123184
leaf_weight=26.14575253427029 18.172344088554386 14.027710020542143 1.8488465249538411 12.651168584823607 19.569726198911667
leaf_count=203 82 38 5 43 191
internal_value=-0.000714962 0.0157699 -0.0374723 -0.000871811 0.0306772
internal_weight=92.4155 64.4209 27.9946 30.8235 33.5974
internal_count=562 354 208 125 229
is_linear=0
shrinkage=0.03


Tree=4
num_leaves=5
num_cat=0
split_feature=3 23 24 7
split_gain=54.8829 34.0122 9.99034 1.49355
threshold=1.0000000180025095e-35 0.00089200000000000011 0.97191600000000011 7.7873875000000004
decision_type=10 8 2 10
left_child=1 3 -3 -1
right_child=-2 2 -4 -5
leaf_value=-0.041069911720076319 0.04210044916195891 -0.016353122555743449 0.010224099190656304 0
leaf_weight=22.648504093289379 18.418769866228104 15.271753139793871 37.524081960320473 1.8672146648168553
leaf_count=117 52 120 267 8
internal_value=-0.000270494 -0.0119341 0.00153277 -0.0390311
internal_weight=95.7303 77.3116 52.7958 24.5157
internal_count=564 512 387 125
is_linear=0
shrinkage=0.03


Tree=5
num_leaves=6
num_cat=0
split_feature=25 4 21 4 5
split_gain=60.2248 19.1779 15.8071 12.3448 7.02763
threshold=0.64888600000000018 1.0000000180025095e-35 0.090908500000000017 1.0000000180025095e-35 1.5000000000000002
decision_type=2 10 8 10 10
left_child=3 2 -2 4 -1
right_child=1 -3 -4 -5 -6
leaf_value=-0.04286484987482634 -0.01454877582585464 0.040464942745067657 0.018052310800939064 0.015110256175051819 0.0035196328853510355
leaf_weight=26.147206827998168 19.260066211223602 17.249067559838295 29.34179150313139 1.8438225090503682 1.488597810268401
leaf_count=205 86 49 217 5 5
internal_value=0 0.0156768 0.00445696 -0.0338797 -0.0392871
internal_weight=95.3306 65.8509 48.6019 29.4796 27.6358
internal_count=567 352 303 215 210
is_linear=0
shrinkage=0.03


Tree=6
num_leaves=7
num_cat=0
split_feature=25 3 23 23 23 23
split_gain=57.0734 19.5333 6.41164 5.60556 1.85438 2.72152
threshold=0.64888600000000018 1.0000000180025095e-35 0.0067100000000000016 0.68669650000000015 0.044553000000000002 0.37343750000000003
decision_type=2 8 10 8 10 10
left_child=4 2 -2 -3 -1 -6
right_child=1 3 -4 -5 5 -7
leaf_value=-0.038838149973394687 -0.020180606388171936 0.043112667972285384 0.0063615399701873873 0.013145210526367853 0.0072004755596139546 -0.020743731175253598
leaf_weight=21.368326015770439 8.7740091532468814 15.684406459331511 22.560484871268272 19.301464684307575 2.5993518084287635 2.6249920278787613
leaf_count=179 42 43 86 191 9 14
internal_value=9.41931e-06 0.0152003 -0.00131071 0.0297135 -0.0345621 -0.00563757
internal_weight=92.913 66.3204 31.3345 34.9859 26.5927 5.22434
internal_count=564 362 128 234 202 23
is_linear=0
shrinkage=0.03


Tree=7
num_leaves=6
num_cat=0
split_feature=21 24 9 21 24
split_gain=30.622 16.7336 15.9729 14.5729 4.80305
threshold=1.0000000180025095e-35 0.97673100000000013 8.0568855000000017 0.052490000000000002 0.98782300000000012
decision_type=8 2 10 10 2
left_child=2 3 -1 -2 -3
right_child=1 4 -4 -5 -6
leaf_value=-0.033400745934545631 -0.024727038107389118 0.029905727434006199 0.016884600186979883 0.01584816455347593 0.0041761442761087666
leaf_weight=23.197001859545711 14.004296801984312 29.364334471523762 4.3912132531404486 11.462003961205481 13.234762601554392
leaf_count=117 147 157 14 40 98
internal_value=0.00125901 0.0123043 -0.0235451 -0.00566528 0.0233706
internal_weight=95.6536 68.0654 27.5882 25.4663 42.5991
internal_count=573 442 131 187 255
is_linear=0
shrinkage=0.03


Tree=8
num_leaves=6
num_cat=0
split_feature=25 3 2 4 22
split_gain=51.5437 21.5074 16.0791 9.05039 2.90839
threshold=0.64888600000000018 1.0000000180025095e-35 0.32575750000000009 1.0000000180025095e-35 0.046215500000000007
decision_type=2 10 10 10 10
left_child=3 2 -2 4 -1
right_child=1 -3 -4 -5 -6
leaf_value=-0.040469916842031689 0.013645455333856863 0.040533671142455333 -0.022287726647109915 0.011620261928743587 0
leaf_weight=23.085963949561126 33.886124670505524 17.021408841013908 12.882030561566351 1.473378151655196 2.7782982140779486
leaf_count=190 233 48 61 4 12
internal_value=-3.25207e-05 0.0143869 0.00239819 -0.0327631 -0.0372758
internal_weight=91.1272 63.7896 46.7682 27.3376 25.8643
internal_count=548 342 294 206 202
is_linear=0
shrinkage=0.03


Tree=9
num_leaves=7
num_cat=0
split_feature=25 24 4 2 20 24
split_gain=52.6408 22.3799 8.96508 6.71153 6.33195 2.20732
threshold=0.64251300000000011 0.97673100000000013 1.0000000180025095e-35 0.21363650000000003 0.24846600000000005 0.93060350000000003
decision_type=2 2 10 10 10 2
left_child=2 3 5 -2 -3 -1
right_child=1 4 -4 -5 -6 -7
leaf_value=0 0.0014376500989640663 0.030302630026325529 0.01152091681805238 -0.029743062167038575 0 -0.038826716086675886
leaf_weight=0.9924052506685318 13.637842059135439 40.233401708304882 1.472148299217223 6.1532903164625159 6.6832667738199225 24.147245183587074
leaf_count=6 96 211 4 32 27 187
internal_value=0.000614554 0.0151264 -0.0325964 -0.00957949 0.0260987 -0.0371988
internal_weight=93.3196 66.7078 26.6118 19.7911 46.9167 25.1397
internal_count=563 366 197 128 238 193
is_linear=0
shrinkage=0.03


Tree=10
num_leaves=6
num_cat=0
split_feature=25 4 2 22 24
split_gain=57.2595 20.4538 20.0148 4.68678 1.84579
threshold=0.64888600000000018 1.0000000180025095e-35 0.32575750000000009 0.046215500000000007 0.99260350000000008
decision_type=2 10 10 10 2
left_child=3 2 -2 4 -1
right_child=1 -3 -4 -5 -6
leaf_value=-0.039730873609541806 0.015388026499112365 0.03954295451381272 -0.023512894135851167 0 0
leaf_weight=22.916818328201778 37.592444404959679 18.839594230055809 13.59235195815563 3.1365967839956275 1.5436958819627751
leaf_count=189 255 54 65 13 10
internal_value=0.000325952 0.0150375 0.00377418 -0.0338368 -0.0378062
internal_weight=97.6215 70.0244 51.1848 27.5971 24.4605
internal_count=586 374 320 212 199
is_linear=0
shrinkage=0.03


Tree=11
num_leaves=7
num_cat=0
split_feature=25 24 21 4 3 24
split_gain=49.8367 19.3613 10.269 8.63904 5.02361 0.92815
threshold=0.64888600000000018 0.97673100000000013 0.10762700000000001 1.0000000180025095e-35 1.0000000180025095e-35 0.93840900000000016
decision_type=2 2 10 10 8 2
left_child=3 2 -2 5 -3 -1
right_child=1 4 -4 -5 -6 -7
leaf_value=0 -0.023092304722214827 0.0098317394458810325 0.014882704875972852 0.011588524666008014 0.034676050704201551 -0.037326259462632863
leaf_weight=1.4219247698783934 12.494947865605356 19.837853938341141 7.3673364818096152 1.4730968475341786 25.473651833832264 23.640396311879158
leaf_count=9 101 74 25 4 147 187
internal_value=0.000857118 0.0152312 -0.00758979 -0.0313926 0.0257059 -0.0359567
internal_weight=91.7092 65.1738 19.8623 26.5354 45.3115 25.0623
internal_count=547 347 126 200 221 196
is_linear=0
shrinkage=0.03


Tree=12
num_leaves=5
num_cat=0
split_feature=4 25 2 18
split_gain=45.7215 29.2188 17.7124 4.62167
threshold=1.0000000180025095e-35 0.64251300000000011 0.32575750000000009 0.3261150000000001
decision_type=10 2 10 10
left_child=1 3 -3 -1
right_child=-2 2 -4 -5
leaf_value=-0.038458341646898139 0.038329005961398079 0.015072816397953714 -0.022159992575145119 0
leaf_weight=22.338961049914364 19.895793795585632 34.39157896488905 13.342989847064016 2.1939435005187979
leaf_count=182 58 237 64 9
internal_value=0.000958673 -0.0100487 0.00337907 -0.0347867
internal_weight=92.1633 72.2675 47.7346 24.5329
internal_count=550 492 301 191
is_linear=0
shrinkage=0.03


Tree=13
num_leaves=7
num_cat=0
split_feature=25 4 4 21 5 25
split_gain=40.4097 14.6269 10.1833 9.39151 5.7679 2.383
threshold=0.65221600000000013 1.0000000180025095e-35 1.0000000180025095e-35 0.090908500000000017 1.5000000000000002 0.69149300000000014
decision_type=2 8 10 10 10 2
left_child=2 3 4 -2 -1 -3
right_child=1 5 -4 -5 -6 -7
leaf_value=-0.038265337721541601 -0.014391519272752576 0 0.014329314996890795 0.016721911738817735 0.0022970159499409986 0.029414647389548229
leaf_weight=23.597878493368633 18.576634973287586 3.6790039986372021 1.8317994475364674 11.414917752146719 1.6638219207525242 27.08282595872879
leaf_count=201 84 35 5 39 6 174
internal_value=-0.000212785 0.0129953 -0.02917 -0.00119654 -0.034572 0.0265973
internal_weight=87.8469 60.7534 27.0935 29.9916 25.2617 30.7618
internal_count=544 332 212 123 207 209
is_linear=0
shrinkage=0.03


Tree=14
num_leaves=4
num_cat=0
split_feature=4 21 18
split_gain=33.4016 21.2447 12.8054
threshold=1.0000000180025095e-35 0.0011505000000000003 0.12250800000000002
decision_type=10 8 10
left_child=1 -1 -3
right_child=-2 2 -4
leaf_value=-0.030959123537746033 0.035423526741178532 -0.0071383858346895585 0.023188024839363303
leaf_weight=22.112567946314812 16.820332035422325 35.533267162740231 15.268087297677992
leaf_count=116 50 336 51
internal_value=0.000465615 -0.00828475 0.00220321
internal_weight=89.7343 72.9139 50.8014
internal_count=553 503 387
is_linear=0
shrinkage=0.03


Tree=15
num_leaves=6
num_cat=0
split_feature=25 20 25 17 21
split_gain=43.7042 6.38848 5.71635 2.48992 2.48055
threshold=0.7008795000000001 0.45587550000000004 0.59367350000000008 0.34091000000000005 0.10762700000000001
decision_type=2 10 2 10 10
left_child=2 3 -1 -2 -4
right_child=1 -3 4 -5 -6
leaf_value=-0.037080753369265834 0.022127012187462256 -0.010254337557351624 -0.014478191766315958 0 0.004881592196931875
leaf_weight=15.869551241397856 44.949686363339424 3.8777792006731024 17.960343673825268 4.932288631796836 3.8394735902547827
leaf_count=135 248 18 135 20 14
internal_value=0 0.0168989 -0.0238454 0.020039 -0.00968073
internal_weight=91.4291 53.7598 37.6694 49.882 21.7998
internal_count=570 286 284 268 149
is_linear=0
shrinkage=0.03


Tree=16
num_leaves=5
num_cat=0
split_feature=3 5 24 15
split_gain=35.9737 21.9751 7.21587 5.31141
threshold=1.5000000000000002 1.5000000000000002 0.97326400000000013 0.3123105000000001
decision_type=10 8 2 10
left_child=1 3 -3 -1
right_child=-2 2 -4 -5
leaf_value=-0.030124362279931514 0.037610059793191541 -0.014199757241074945 0.013670367725169618 0
leaf_weight=31.109911993145943 14.446676105260847 7.931927826255559 27.28376130014658 5.8655832260847083
leaf_count=161 42 96 218 24
internal_value=-0.000869737 -0.0101625 0.00598601 -0.025588
internal_weight=86.6379 72.1912 35.2157 36.9755
internal_count=541 499 314 185
is_linear=0
shrinkage=0.03


Tree=17
num_leaves=6
num_cat=0
split_feature=25 4 2 4 5
split_gain=43.6076 11.9712 11.0423 6.79846 4.67421
threshold=0.69149300000000014 1.0000000180025095e-35 0.32575750000000009 1.0000000180025095e-35 1.5000000000000002
decision_type=2 10 10 10 10
left_child=3 2 -2 4 -1
right_child=1 -3 -4 -5 -6
leaf_value=-0.031132206663105656 0.0149385591564162 0.035403789422731646 -0.018280795924654994 0.010073267093410946 0.00097995002994335557
leaf_weight=31.535455327481031 27.180208690464497 17.276321038603783 9.421571418642996 1.9849076718091954 2.4067387133836737
leaf_count=253 187 52 45 6 9
internal_value=0 0.0165553 0.00489303 -0.0246525 -0.0281485
internal_weight=89.8052 53.8781 36.6018 35.9271 33.9422
internal_count=552 284 232 268 262
is_linear=0
shrinkage=0.03


Tree=18
num_leaves=6
num_cat=0
split_feature=24 19 22 15 24
split_gain=21.5621 19.8498 9.39572 3.80145 2.25179
threshold=0.97247900000000009 0.0041160000000000007 0.10624400000000002 0.021924500000000003 0.95943100000000014
decision_type=2 8 10 10 2
left_child=2 -2 -1 -3 -4
right_child=1 3 4 -5 -6
leaf_value=-0.029903354439651749 -0.026504430962168025 0.0076419684610148737 -0.0088793717352947023 0.026054171210644218 0.014484587129222329
leaf_weight=17.486413002014164 7.1397634744644156 28.150296621024609 2.3534201532602301 30.044365391135216 5.6209755539894104
leaf_count=150 41 237 12 101 19
internal_value=0.00282497 0.0121497 -0.0188075 0.0184492 0.00431334
internal_weight=90.7952 65.3344 25.4608 58.1947 7.9744
internal_count=560 379 181 338 31
is_linear=0
shrinkage=0.03


Tree=19
num_leaves=6
num_cat=0
split_feature=3 21 24 22 23
split_gain=34.7332 18.3801 6.59084 4.83478 2.83609
threshold=1.0000000180025095e-35 0.12386950000000001 0.9785695000000002 0.14709950000000002 0.52579900000000002
decision_type=10 8 2 10 10
left_child=1 2 -1 -3 -2
right_child=4 3 -4 -5 -6
leaf_value=-0.036505724505929343 0.03718685313443857 -0.0012142407813610654 -0.0078329924275959383 0.021195589163916593 0
leaf_weight=18.140753582119942 15.76692581176758 26.626980897039175 19.171620741486549 8.3910249620676023 2.770890772342681
leaf_count=101 47 294 88 27 11
internal_value=-0.000320138 -0.0102212 -0.0241968 0.00461532 0.0329612
internal_weight=90.8682 72.3304 37.3124 35.018 18.5378
internal_count=568 510 189 321 58
is_linear=0
shrinkage=0.03


Tree=20
num_leaves=6
num_cat=0
split_feature=25 3 21 5 7
split_gain=27.0974 12.2518 11.1335 5.6121 4.84624
threshold=0.64888600000000018 1.5000000000000002 0.090908500000000017 1.5000000000000002 8.6832670000000025
decision_type=2 10 8 10 10
left_child=3 2 -2 4 -1
right_child=1 -3 -4 -5 -6
leaf_value=-0.032835780257735973 -0.013592946815257113 0.033914006789918398 0.013404184337767026 0.0062117665455263555 0.004483059190068488
leaf_weight=22.69669237732888 20.25788377225399 11.572869956493376 29.758413106203079 2.0166786015033713 1.2572147846221913
leaf_count=192 92 35 219 7 4
internal_value=-0.000953427 0.00955549 0.00175336 -0.0253196 -0.0294831
internal_weight=87.5598 61.5892 50.0163 25.9706 23.9539
internal_count=549 346 311 203 196
is_linear=0
shrinkage=0.03


Tree=21
num_leaves=5
num_cat=0
split_feature=4 22 24 5
split_gain=32.4108 17.798 7.09499 1.9536
threshold=1.0000000180025095e-35 0.044107500000000001 0.97144700000000006 4.5000000000000009
decision_type=10 8 2 10
left_child=1 3 -3 -1
right_child=-2 2 -4 -5
leaf_value=-0.028453349387117421 0.033421966038301151 -0.013962593782111989 0.010508170794571293 0
leaf_weight=26.540054291486744 17.356271490454674 12.057869303971527 30.88891901448369 2.2356257736682883
leaf_count=143 54 113 236 9
internal_value=0 -0.00927725 0.00252169 -0.0264064
internal_weight=89.0787 71.7225 42.9468 28.7757
internal_count=555 501 349 152
is_linear=0
shrinkage=0.03


Tree=22
num_leaves=5
num_cat=0
split_feature=4 25 24 22
split_gain=30.0077 18.8206 11.8615 2.509
threshold=1.0000000180025095e-35 0.64888600000000018 0.97673100000000013 0.046215500000000007
decision_type=10 2 2 10
left_child=1 3 -3 -1
right_child=-2 2 -4 -5
leaf_value=-0.033260155663617563 0.032165594851021995 -0.01681879584680666 0.012556452069289511 0
leaf_weight=20.874928787350658 16.16114267706871 16.774247199296951 29.49800205975771 2.8370317965745917
leaf_count=183 51 114 183 13
internal_value=-0.000913355 -0.00997135 0.000923047 -0.0300701
internal_weight=86.1454 69.9842 46.2722 23.712
internal_count=544 493 297 196
is_linear=0
shrinkage=0.03


Tree=23
num_leaves=5
num_cat=0
split_feature=4 25 2 22
split_gain=31.4882 19.965 7.0151 2.33138
threshold=1.0000000180025095e-35 0.64888600000000018 0.32575750000000009 0.046215500000000007
decision_type=10 2 10 10
left_child=1 3 -3 -1
right_child=-2 2 -4 -5
leaf_value=-0.032640550174068354 0.034105187542153102 0.01048445259436721 -0.013126072119895317 0
leaf_weight=19.099203616380695 18.14167757332325 34.876230001449585 12.541870459914206 2.8517028838396064
leaf_count=177 57 245 59 13
internal_value=0.00168642 -0.00743967 0.0032351 -0.029318
internal_weight=87.5107 69.369 47.4181 21.9509
internal_count=551 494 304 190
is_linear=0
shrinkage=0.03


Tree=24
num_leaves=5
num_cat=0
split_feature=4 23 23 16
split_gain=29.9736 18.3697 8.16629 0.740834
threshold=1.0000000180025095e-35 0.0030185000000000003 0.57592050000000017 0.28486050000000002
decision_type=10 8 10 10
left_child=1 -1 -3 -2
right_child=3 2 -4 -5
leaf_value=-0.030960637401791721 0.035307001932961955 0.0066777669671901733 -0.023458359877896733 0.0010755863400093502
leaf_weight=19.186746433377266 15.344838976860048 44.673531387001276 6.6238131970167151 2.7124105244874945
leaf_count=111 48 362 35 10
internal_value=0.000650236 -0.00808776 0.0011528 0.0324755
internal_weight=88.5413 70.4841 51.2973 18.0572
internal_count=566 508 397 58
is_linear=0
shrinkage=0.03


Tree=25
num_leaves=6
num_cat=0
split_feature=24 19 7 20 5
split_gain=17.2239 13.195 5.82152 4.54325 0.981467
threshold=0.97144700000000006 0.0041160000000000007 16.630843500000005 0.23612050000000004 1.5000000000000002
decision_type=2 8 10 8 10
left_child=2 -2 4 -3 -1
right_child=1 3 -4 -5 -6
leaf_value=-0.027684642099549406 -0.0238002640188366 0.022039667065263058 0.0093169618102351814 0.0037166688280329922 0
leaf_weight=17.792716857045896 6.4080009311437598 28.864025384187698 2.1622638106346121 29.70475159958005 1.4131530821323384
leaf_count=147 39 103 7 248 6
internal_value=0.000781821 0.00882525 -0.0205211 0.0138678 -0.0260362
internal_weight=86.3449 64.9768 21.3681 58.5688 19.2059
internal_count=550 390 160 351 153
is_linear=0
shrinkage=0.03


Tree=26
num_leaves=4
num_cat=0
split_feature=4 23 24
split_gain=28.4144 17.9485 10.4958
threshold=1.0000000180025095e-35 0.0030185000000000003 0.97191600000000011
decision_type=10 8 2
left_child=1 -1 -3
right_child=-2 2 -4
leaf_value=-0.02989874929694971 0.032819327439960876 -0.018852785686375301 0.0097285122227223648
leaf_weight=20.947717249393463 15.805671557784079 13.05932607129216 37.166415706276894
leaf_count=122 51 118 265
internal_value=0 -0.00846678 0.00108963
internal_weight=86.9791 71.1735 50.2257
internal_count=556 505 383
is_linear=0
shrinkage=0.03


Tree=27
num_leaves=6
num_cat=0
split_feature=3 22 18 16 9
split_gain=24.3284 14.2086 7.61592 3.20132 1.86942
threshold=1.0000000180025095e-35 0.03981450000000001 0.31753750000000008 0.28486050000000002 8.0568855000000017
decision_type=10 8 10 10 10
left_child=1 4 -3 -2 -1
right_child=3 2 -4 -5 -6
leaf_value=-0.026800115103841619 0.034065504966691099 -0.0035175818292652742 0.024635545148996154 0 0
leaf_weight=23.024456068873409 14.560429006814958 37.543715711683035 7.7586538195610038 2.3215850442647925 1.9916511625051487
leaf_count=131 47 345 25 10 8
internal_value=0 -0.00774551 0.00191356 0.0296655 -0.0246401
internal_weight=87.2005 70.3185 45.3024 16.882 25.0161
internal_count=566 509 370 57 139
is_linear=0
shrinkage=0.03


Tree=28
num_leaves=7
num_cat=0
split_feature=25 24 21 25 24 23
split_gain=27.4484 10.2741 9.33693 3.50305 0.920708 0.652779
threshold=0.62888350000000015 0.97673100000000013 0.052490000000000002 0.7008795000000001 0.99273800000000012 0.048504000000000005
decision_type=2 2 8 2 2 10
left_child=4 2 -2 -3 5 -1
right_child=1 3 -4 -5 -6 -7
leaf_value=-0.031668156587921215 -0.028256958051521893 0 0.0075741090602281114 0.022257430742995351 0 -0.0016136484233973054
leaf_weight=15.9470860734582 7.1631329208612469 8.1052034124732 13.974101494997738 34.990925535559654 1.1290699467062939 3.2886932492256156
leaf_count=150 40 49 93 183 8 16
internal_value=0.000227435 0.0102809 -0.00532851 0.0184362 -0.0274471 -0.02879
internal_weight=84.5982 64.2334 21.1372 43.0961 20.3648 19.2358
internal_count=539 365 133 232 174 166
is_linear=0
shrinkage=0.03


Tree=29
num_leaves=7
num_cat=0
split_feature=25 3 2 7 23 18
split_gain=29.9354 9.6208 7.96736 3.59395 2.60281 2.31227
threshold=0.64888600000000018 1.0000000180025095e-35 0.32575750000000009 8.6832670000000025 0.68669650000000015 0.3261150000000001
decision_type=2 8 10 10 8 10
left_child=3 2 -2 5 -3 -1
right_child=1 4 -4 -5 -6 -7
leaf_value=-0.031381346768548722 0.012494940405494233 0.033028766939744436 -0.016317632344960215 0.0031720324762894501 0.0094291022673170712 0
leaf_weight=20.659977588802583 15.938464015722277 13.648714244365694 12.825885772705076 1.1999702006578434 16.738222412765026 2.9067956507205954
leaf_count=196 58 45 63 4 169 14
internal_value=7.94182e-05 0.0119771 0 -0.0254798 0.0229431 -0.0282614
internal_weight=83.918 59.1513 28.7643 24.7667 30.3869 23.5668
internal_count=549 335 121 214 214 210
is_linear=0
shrinkage=0.03


Tree=30
num_leaves=7
num_cat=0
split_feature=25 24 21 20 5 24
split_gain=25.426 17.8043 9.30462 4.29315 3.87113 0.991727
threshold=0.62888350000000015 0.97673100000000013 0.052490000000000002 0.28479750000000009 1.5000000000000002 0.99273800000000012
decision_type=2 2 10 10 10 2
left_child=4 2 -2 -3 5 -1
right_child=1 3 -4 -5 -6 -7
leaf_value=-0.029345133424065351 -0.024480287534635208 0.025584290655895178 0.011897225248573139 0 0.003764708578032469 0
leaf_weight=18.585740316659219 12.47190408036113 37.365437369793653 7.074391856789588 6.0555770099163047 1.444346398115157 1.1203441582620133
leaf_count=168 106 208 25 25 5 8
internal_value=0.00169032 0.0115876 -0.0101524 0.0220439 -0.024312 -0.0279166
internal_weight=84.1177 62.9673 19.5463 43.421 21.1504 19.7061
internal_count=545 364 131 233 181 176
is_linear=0
shrinkage=0.03


Tree=31
num_leaves=5
num_cat=0
split_feature=4 22 2 25
split_gain=20.3564 16.3684 6.99663 1.01094
threshold=1.0000000180025095e-35 0.044107500000000001 1.0000000180025095e-35 0.85472900000000007
decision_type=10 8 10 2
left_child=1 3 -3 -1
right_child=-2 2 -4 -5
leaf_value=-0.027286022636794676 0.028935659436999776 -0.0044448327627931187 0.019597060914331697 0
leaf_weight=23.545962005853657 13.463586151599882 28.493913434445858 12.974954172968863 2.6767859905958167
leaf_count=137 46 292 46 12
internal_value=-0.000746426 -0.00805188 0.00321746 -0.0254007
internal_weight=81.1552 67.6916 41.4689 26.2227
internal_count=533 487 338 149
is_linear=0
shrinkage=0.03


Tree=32
num_leaves=7
num_cat=0
split_feature=25 24 21 15 23 23
split_gain=24.0111 9.76726 6.4131 1.96199 1.57689 3.02924
threshold=0.64888600000000018 0.97673100000000013 0.052490000000000002 0.022550500000000005 0.0067100000000000016 0.33474100000000001
decision_type=2 2 8 8 10 10
left_child=4 2 -2 -3 -1 -6
right_child=1 3 -4 -5 5 -7
leaf_value=-0.028633979469559628 -0.027483151376667726 0 0.0041191308906254036 0.020284980741805073 0.010587302800967906 -0.018593767814699735
leaf_weight=17.478263225406412 5.553189322352412 6.9394912868738166 12.463154464960096 35.365919545292854 2.8366357237100592 3.1595623642206192
leaf_count=177 32 29 87 199 10 19
internal_value=0 0.00988031 -0.00672685 0.017592 -0.0241406 -0.00252721
internal_weight=83.7962 60.3218 18.0163 42.3054 23.4745 5.9962
internal_count=553 347 119 228 206 29
is_linear=0
shrinkage=0.03


Tree=33
num_leaves=6
num_cat=0
split_feature=25 20 21 22 18
split_gain=19.7664 7.74185 5.05876 0.481894 0.456535
threshold=0.58551750000000002 0.45587550000000004 1.0000000180025095e-35 0.11419550000000002 0.35788900000000007
decision_type=2 10 8 10 10
left_child=3 2 -2 -1 -3
right_child=1 4 -4 -5 -6
leaf_value=-0.029822351855620481 -0.0023359152314941165 -0.022598660683293078 0.016152750721980108 0 0
leaf_weight=11.47652257606387 13.123249888420103 3.1733028441667548 52.173977673053741 1.1792213171720494 1.7395064085721967
leaf_count=116 62 18 333 6 8
internal_value=0.00203711 0.00882741 0.0120583 -0.0281901 -0.0186146
internal_weight=82.8658 70.21 65.2972 12.6557 4.91281
internal_count=543 421 395 122 26
is_linear=0
shrinkage=0.03


Tree=34
num_leaves=6
num_cat=0
split_feature=21 6 24 20 17
split_gain=13.7556 9.36724 8.76872 5.12032 1.48328
threshold=1.0000000180025095e-35 12.851545000000003 0.95943100000000014 0.45587550000000004 0.15832500000000002
decision_type=8 8 2 8 10
left_child=1 4 -2 -4 -1
right_child=2 -3 3 -5 -6
leaf_value=-0.032764549676519129 -0.022087216504394536 0.016024048018966393 0.01903422645391439 0 -0.0071209288596058426
leaf_weight=11.634964957833295 4.398618582636117 3.1420867443084708 33.298956677317619 24.372542135417461 8.9767205864191038
leaf_count=77 45 11 123 261 48
internal_value=0.000339437 -0.017432 0.00809162 0.0118662 -0.0251906
internal_weight=85.8239 23.7538 62.0701 57.6715 20.6117
internal_count=565 136 429 384 125
is_linear=0
shrinkage=0.03


Tree=35
num_leaves=6
num_cat=0
split_feature=25 24 9 3 3
split_gain=23.6481 10.9597 3.11924 3.09731 2.20577
threshold=0.64251300000000011 0.97673100000000013 7.7873875000000004 1.0000000180025095e-35 1.5000000000000002
decision_type=2 2 10 10 8
left_child=2 3 -1 -2 -3
right_child=1 4 -4 -5 -6
leaf_value=-0.02881877999795596 -0.012895537578171612 0.0069892797496311047 0.00064407912986208949 0.011868227039266547 0.02488341504467903
leaf_weight=19.069238647818569 17.009485512971882 20.727186158299446 1.3690280765295018 2.1285851299762717 21.52799366414547
leaf_count=188 120 81 5 7 148
internal_value=0 0.00945767 -0.0257355 -0.00755106 0.017814
internal_weight=81.8315 61.3933 20.4383 19.1381 42.2552
internal_count=549 356 193 127 229
is_linear=0
shrinkage=0.03


Tree=36
num_leaves=6
num_cat=0
split_feature=25 21 4 5 23
split_gain=22.3218 8.17369 8.11463 4.41717 2.49459
threshold=0.62888350000000015 0.10762700000000001 1.5000000000000002 1.5000000000000002 0.014006000000000003
decision_type=2 10 8 10 10
left_child=3 2 -2 -1 -3
right_child=1 4 -4 -5 -6
leaf_value=-0.028953560773715119 -0.010623233397617197 0 0.013522810767191105 0.0056670095654744353 0.028476629668956074
leaf_weight=18.689559709280733 21.156812265515327 2.0244565010070827 22.410734992474318 1.2653653919696797 15.839713096618651
leaf_count=180 99 9 201 4 52
internal_value=5.48898e-05 0.00944333 0.00122405 -0.0249976 0.0249926
internal_weight=81.3866 61.4317 43.5675 19.9549 17.8642
internal_count=545 361 300 184 61
is_linear=0
shrinkage=0.03


Tree=37
num_leaves=5
num_cat=0
split_feature=4 25 2 22
split_gain=23.3213 15.049 8.31153 0.846103
threshold=1.0000000180025095e-35 0.65221600000000013 0.32575750000000009 0.03981450000000001
decision_type=10 2 10 10
left_child=1 3 -3 -1
right_child=-2 2 -4 -5
leaf_value=-0.028265584004622511 0.031779710328740662 0.01122543573253006 -0.014954215477630522 0
leaf_weight=17.852629031986002 15.139248132705687 32.989899639040232 12.177457228302954 3.1128728091716757
leaf_count=190 53 230 60 15
internal_value=0.00126055 -0.00636789 0.00305259 -0.0257564
internal_weight=81.2721 66.1329 45.1674 20.9655
internal_count=548 495 290 205
is_linear=0
shrinkage=0.03


Tree=38
num_leaves=7
num_cat=0
split_feature=25 3 2 21 23 25
split_gain=18.9088 6.32332 5.68028 4.85216 1.48915 1.18724
threshold=0.7008795000000001 1.0000000180025095e-35 0.32575750000000009 0.10762700000000001 0.68669650000000015 0.62888350000000015
decision_type=2 8 10 10 8 2
left_child=3 2 -2 -1 -3 -5
right_child=1 4 -4 5 -6 -7
leaf_value=-0.022520997068121062 0.01014900113202016 0.029276702649743601 -0.017378115055072137 -0.0047491181856365514 0.0075158325932274438 0.013144814532751323
leaf_weight=27.556031674146652 13.776736900210382 10.944510757923128 8.2060270160436612 1.8303993791341771 13.352968119084833 3.0911173522472382
leaf_count=250 51 40 41 10 134 10
internal_value=-0.000786994 0.0108904 0 -0.0177866 0.020557 0.0034244
internal_weight=78.7578 46.2802 21.9828 32.4775 24.2975 4.92152
internal_count=536 266 92 270 174 20
is_linear=0
shrinkage=0.03


Tree=39
num_leaves=6
num_cat=0
split_feature=3 21 25 18 16
split_gain=17.8558 12.6152 6.72022 5.87442 0.320175
threshold=1.0000000180025095e-35 0.11378600000000001 0.62888350000000015 0.14349250000000002 0.23394650000000003
decision_type=10 8 2 10 10
left_child=1 3 -3 -1 -2
right_child=4 2 -4 -5 -6
leaf_value=-0.028068717166464727 0.029729446564643807 -0.01741085611703978 0.011170469986321227 -9.2923520759876876e-05 0
leaf_weight=21.88388791680336 11.274672925472258 6.1348137855529776 29.666381184011698 12.323034614324568 2.3685761243104926
leaf_count=134 41 94 234 59 10
internal_value=-0.000473809 -0.00717768 0.00453218 -0.0196169 0.0272166
internal_weight=83.6514 70.0081 35.8012 34.2069 13.6432
internal_count=572 521 328 193 51
is_linear=0
shrinkage=0.03


Tree=40
num_leaves=7
num_cat=0
split_feature=25 24 21 20 24 20
split_gain=17.6004 11.0947 7.07778 3.57012 0.820639 0.140707
threshold=0.62888350000000015 0.97511300000000012 0.080088500000000021 0.23612050000000004 0.94721050000000007 0.38351800000000008
decision_type=2 2 8 10 2 10
left_child=4 2 -2 -3 -1 -6
right_child=1 3 -4 -5 5 -7
leaf_value=0 -0.027111381832942791 0.020783626850988352 0.0043886063170307521 0 -0.025577826367047096 0
leaf_weight=1.4307818971574331 7.3068847805261639 36.387601785361767 12.104049053043125 8.0366819798946363 14.559676416218283 2.3440016806125632
leaf_count=12 43 218 89 34 154 14
internal_value=0.00105436 0.00891532 -0.00817227 0.0170589 -0.022314 -0.0238918
internal_weight=82.1697 63.8352 19.4109 44.4243 18.3345 16.9037
internal_count=564 384 132 252 180 168
is_linear=0
shrinkage=0.03


Tree=41
num_leaves=5
num_cat=0
split_feature=4 25 2 15
split_gain=17.7215 12.9919 6.71569 0.984861
threshold=1.0000000180025095e-35 0.64251300000000011 0.32575750000000009 0.3123105000000001
decision_type=10 2 10 10
left_child=1 3 -3 -1
right_child=-2 2 -4 -5
leaf_value=-0.027435894311067816 0.027212849044770521 0.0089209794978211011 -0.01447903891150816 0
leaf_weight=17.453149959445003 14.560315147042273 34.189093731343746 12.327067375183104 0.93331009149551292
leaf_count=187 54 244 62 5
internal_value=8.00674e-06 -0.00658599 0.00161244 -0.0260468
internal_weight=79.4629 64.9026 46.5162 18.3865
internal_count=552 498 306 192
is_linear=0
shrinkage=0.03


Tree=42
num_leaves=7
num_cat=0
split_feature=25 24 5 21 20 22
split_gain=17.3697 7.40832 4.80784 4.54565 2.44892 1.93667
threshold=0.66487950000000007 0.97673100000000013 1.5000000000000002 0.12386950000000001 0.24531400000000003 0.13851550000000004
decision_type=2 2 10 10 10 10
left_child=2 3 5 -2 -3 -1
right_child=1 4 -4 -5 -6 -7
leaf_value=-0.025336243969960492 -0.016017252552163113 0.020899117931853707 0.0075521389993132666 0.010328210175213869 0 0
leaf_weight=20.500240638852127 10.265823908150198 31.060191679745913 2.5405732691287986 6.6628260463476172 6.4583124071359626 2.031404808163642
leaf_count=212 83 184 9 24 27 9
internal_value=0.000752256 0.0105121 -0.018232 -0.00414892 0.017685 -0.0228601
internal_weight=79.5194 54.4472 25.0722 16.9286 37.5185 22.5316
internal_count=548 318 230 107 211 221
is_linear=0
shrinkage=0.03


Tree=43
num_leaves=5
num_cat=0
split_feature=4 5 18 21
split_gain=17.2687 12.0805 4.95494 3.69619
threshold=1.0000000180025095e-35 1.5000000000000002 0.10344850000000001 0.12386950000000001
decision_type=10 8 10 10
left_child=1 3 -3 -1
right_child=-2 2 -4 -5
leaf_value=-0.023451236457593429 0.028428224872593721 0 0.023888343194327675 0
leaf_weight=24.768228314816952 13.315134093165396 25.990381430834532 7.0864417701959601 7.4317131191492072
leaf_count=156 50 291 23 30
internal_value=0.000387875 -0.00589019 0.00599456 -0.0184213
internal_weight=78.5919 65.2768 33.0768 32.1999
internal_count=550 500 314 186
is_linear=0
shrinkage=0.03


Tree=44
num_leaves=5
num_cat=0
split_feature=4 18 24 21
split_gain=15.8995 11.3138 8.10814 1.61653
threshold=1.0000000180025095e-35 0.059432500000000006 0.97673100000000013 0.14922000000000005
decision_type=10 8 2 10
left_child=1 3 -3 -1
right_child=-2 2 -4 -5
leaf_value=-0.028162803497020963 0.026590058428872698 -0.012420631678223005 0.011131026547407033 0
leaf_weight=15.241100430488588 13.191147014498709 19.393108516931534 28.268304534256458 1.7381573170423497
leaf_count=103 51 177 216 7
internal_value=0 -0.00650465 0.000787814 -0.025521
internal_weight=77.8318 64.6407 47.6614 16.9793
internal_count=554 503 393 110
is_linear=0
shrinkage=0.03


Tree=45
num_leaves=5
num_cat=0
split_feature=4 21 25 24
split_gain=20.3014 9.23945 5.09872 3.04797
threshold=1.0000000180025095e-35 0.090908500000000017 0.62888350000000015 0.98327150000000019
decision_type=10 8 2 2
left_child=1 3 -3 -1
right_child=-2 2 -4 -5
leaf_value=-0.027591389724188436 0.026609434622395744 -0.01705127599159224 0.0075526168587593335 -0.0038298546780671404
leaf_weight=18.572032585740093 15.072297543287275 6.8581643328070632 27.740658104419708 11.932708039879797
leaf_count=119 59 105 231 64
internal_value=-0.00129149 -0.00907903 0.000906362 -0.020367
internal_weight=80.1759 65.1036 34.5988 30.5047
internal_count=578 519 336 183
is_linear=0
shrinkage=0.03


Tree=46
num_leaves=5
num_cat=0
split_feature=3 23 23 7
split_gain=12.8766 10.3017 6.40195 1.01002
threshold=1.5000000000000002 0.00089200000000000011 0.50185950000000012 8.2941500000000019
decision_type=10 8 10 10
left_child=1 3 -3 -1
right_child=-2 2 -4 -5
leaf_value=-0.023237009930774447 0.028098429571821223 0.008584086691971712 -0.016398019732320898 0
leaf_weight=16.422982387244705 10.777172476053236 41.828745175153017 8.1981266140937787 1.553700953721999
leaf_count=115 43 346 44 7
internal_value=0.00134573 -0.00347957 0.0032283 -0.0213689
internal_weight=78.7807 68.0036 50.0269 17.9767
internal_count=555 512 390 122
is_linear=0
shrinkage=0.03


Tree=47
num_leaves=6
num_cat=0
split_feature=3 5 22 22 23
split_gain=12.3262 10.0454 5.77257 2.75275 2.42721
threshold=1.0000000180025095e-35 1.5000000000000002 0.03981450000000001 0.16110350000000004 0.50185950000000012
decision_type=10 8 10 10 8
left_child=1 3 -3 -1 -2
right_child=4 2 -4 -5 -6
leaf_value=-0.022078399438426894 0.028295915393684954 -0.001465826247158369 0.024035905879443247 0 0
leaf_weight=23.057265624403957 10.950398042798039 24.974563218653202 7.4899380952119818 7.2449968457221976 2.2308832854032525
leaf_count=148 44 286 24 30 11
internal_value=0 -0.00566224 0.00510734 -0.0175218 0.0235642
internal_weight=75.948 62.7668 32.4645 30.3023 13.1813
internal_count=543 488 310 178 55
is_linear=0
shrinkage=0.03


Tree=48
num_leaves=6
num_cat=0
split_feature=4 25 24 18 16
split_gain=15.2768 10.9111 7.49504 1.28689 0.115611
threshold=1.0000000180025095e-35 0.64251300000000011 0.98251600000000006 0.3261150000000001 0.29371450000000004
decision_type=10 2 2 10 8
left_child=1 3 -3 -1 -2
right_child=4 2 -4 -5 -6
leaf_value=-0.0252814204927999 0.029499469288693545 -0.0066842708788671925 0.015783219021429221 0 0.00047474973736216075
leaf_weight=14.880790460854771 12.314793497323986 25.098140925168991 21.252709437161684 2.0733220726251593 2.4250482767820367
leaf_count=169 49 179 133 12 10
internal_value=0.00242615 -0.003887 0.0033428 -0.0226869 0.0273032
internal_weight=78.0448 63.305 46.3509 16.9541 14.7398
internal_count=552 493 312 181 59
is_linear=0
shrinkage=0.03


Tree=49
num_leaves=5
num_cat=0
split_feature=3 23 21 13
split_gain=12.197 7.42757 4.9634 0.989933
threshold=1.5000000000000002 0.00089200000000000011 0.11378600000000001 1.0000000180025095e-35
decision_type=10 8 10 10
left_child=1 3 -3 -1
right_child=-2 2 -4 -5
leaf_value=-0.022333747619143966 0.027064949601186918 -0.0032578438973051593 0.017199935709631946 0
leaf_weight=14.39878359436989 10.389021947979925 39.667226418852806 10.875221759080885 1.9837524443864811
leaf_count=106 44 357 38 9
internal_value=0.000541759 -0.00413103 0.00130083 -0.0200444
internal_weight=77.314 66.925 50.5424 16.3825
internal_count=554 510 395 115
is_linear=0
shrinkage=0.03


Tree=50
num_leaves=5
num_cat=0
split_feature=25 24 22 23
split_gain=14.1425 7.84996 4.74099 1.21872
threshold=0.58551750000000002 0.95943100000000014 0.040699500000000007 0.044553000000000002
decision_type=2 2 8 10
left_child=3 -2 -3 -1
right_child=1 2 -4 -5
leaf_value=-0.027664435170903064 -0.020707286836669309 0 0.016401791150325147 0
leaf_weight=10.670667752623554 4.7195218913257113 20.098705559968948 39.656966507434845 0.78531493246555406
leaf_count=129 42 100 275 4
internal_value=0.00107424 0.00715438 0.0107177 -0.0254533
internal_weight=75.9312 64.4752 59.7557 11.456
internal_count=550 417 375 133
is_linear=0
shrinkage=0.03


Tree=51
num_leaves=6
num_cat=0
split_feature=4 25 2 5 16
split_gain=16.082 7.40971 5.62917 2.67235 0.292826
threshold=1.0000000180025095e-35 0.65221600000000013 0.32575750000000009 1.5000000000000002 0.27113500000000007
decision_type=10 2 10 10 10
left_child=1 3 -3 -1 -2
right_child=4 2 -4 -5 -6
leaf_value=-0.025662767006809573 0.027726482690045205 0.0058002522193785194 -0.016702368198449322 0.0021307056586620989 0
leaf_weight=17.517865192145113 10.537675738334654 30.469870593398809 11.135757789015768 0.90720374882221122 2.3165899366140357
leaf_count=202 44 224 59 3 10
internal_value=-0.00130676 -0.00841157 -0.000268283 -0.0227873 0.0252944
internal_weight=72.885 60.0307 41.6056 18.4251 12.8543
internal_count=542 488 283 205 54
is_linear=0
shrinkage=0.03


Tree=52
num_leaves=5
num_cat=0
split_feature=4 18 22 15
split_gain=11.9003 8.96846 6.00609 1.30929
threshold=1.0000000180025095e-35 0.29475650000000003 0.054184000000000003 0.48688750000000008
decision_type=10 8 10 10
left_child=1 3 -3 -1
right_child=-2 2 -4 -5
leaf_value=-0.020016581739020173 0.02328630314256103 -0.0031619589401396778 0.023641434866585632 0
leaf_weight=28.073310218751434 10.81631878018379 28.577991716563702 6.5353352129459372 1.8784553408622731
leaf_count=170 46 319 22 8
internal_value=-0.00167504 -0.00710879 0.0025078 -0.0184949
internal_weight=75.8814 65.0651 35.1133 29.9518
internal_count=565 519 341 178
is_linear=0
shrinkage=0.03


Tree=53
num_leaves=7
num_cat=0
split_feature=25 24 24 7 5 25
split_gain=11.6938 6.52321 2.58376 2.35981 1.25105 0.56826
threshold=0.64888600000000018 0.96775850000000008 0.98782300000000012 8.6832670000000025 1.5000000000000002 0.78670050000000014
decision_type=2 2 2 10 10 2
left_child=3 5 -3 4 -1 -2
right_child=1 2 -4 -5 -6 -7
leaf_value=-0.023051923479200015 -0.017297218840516815 0.015507242922752967 0 0.0033195892086385782 0 0
leaf_weight=17.143553588539369 5.3043829500675193 35.463345400989056 12.968180589377878 0.96397215127944846 1.1959550082683552 2.2437556236982346
leaf_count=199 43 207 84 3 5 15
internal_value=0 0.00716324 0.0116029 -0.0183353 -0.021186 -0.0136772
internal_weight=75.2831 55.9797 48.4315 19.3035 18.3395 7.54814
internal_count=556 349 291 207 204 58
is_linear=0
shrinkage=0.03


Tree=54
num_leaves=5
num_cat=0
split_feature=4 25 17 20
split_gain=13.2056 9.41229 3.90799 0.297324
threshold=1.0000000180025095e-35 0.62888350000000015 0.12411850000000001 0.19267600000000004
decision_type=10 2 8 8
left_child=1 -1 -3 -2
right_child=3 2 -4 -5
leaf_value=-0.02317385944889663 0.027783172739661136 -0.011590889196964084 0.0068947506891067264 0
leaf_weight=15.187631249427794 10.973772734403607 10.384995475411413 36.260389558970928 2.2968287616968164
leaf_count=177 47 51 267 10
internal_value=0.000995715 -0.00471875 0.00172315 0.0254262
internal_weight=75.1036 61.833 46.6454 13.2706
internal_count=552 495 318 57
is_linear=0
shrinkage=0.03


Tree=55
num_leaves=6
num_cat=0
split_feature=4 5 22 17 16
split_gain=10.5463 7.63484 4.6629 3.22294 1.22546
threshold=1.0000000180025095e-35 1.5000000000000002 0.044107500000000001 0.20194600000000004 0.27113500000000007
decision_type=10 8 10 10 10
left_child=1 3 -3 -1 -2
right_child=4 2 -4 -5 -6
leaf_value=-0.024751090083718105 0.026487546485707312 -0.0016250092427392458 0.021449469678525863 -0.0021962598905875671 0
leaf_weight=14.689024828374388 9.6506962180137617 25.402310911566019 7.2006765753030768 14.185638748109339 2.4221783727407447
leaf_count=101 42 289 24 76 11
internal_value=0 -0.00516337 0.00400655 -0.0158611 0.0227085
internal_weight=73.5505 61.4777 32.603 28.8747 12.0729
internal_count=543 490 313 177 53
is_linear=0
shrinkage=0.03


Tree=56
num_leaves=6
num_cat=0
split_feature=4 18 24 21 20
split_gain=12.5047 8.42082 7.17497 2.97639 0.225842
threshold=1.0000000180025095e-35 0.12250800000000002 0.98226700000000011 0.09775600000000001 0.17589100000000005
decision_type=10 8 2 10 8
left_child=1 3 -3 -1 -2
right_child=4 2 -4 -5 -6
leaf_value=-0.024561673771552706 0.026750136668063106 -0.0082985909304662438 0.015244646655476606 0 0
leaf_weight=17.705151259899143 9.7298955917358363 22.786900397390127 17.639193020761013 3.9108727425336829 2.2857844382524499
leaf_count=122 42 220 140 17 10
internal_value=0 -0.00600874 0.00162672 -0.0199652 0.0243537
internal_weight=74.0578 62.0421 40.4261 21.616 12.0157
internal_count=551 499 360 139 52
is_linear=0
shrinkage=0.03


Tree=57
num_leaves=5
num_cat=0
split_feature=4 25 24 22
split_gain=12.6092 9.74231 5.89039 1.42447
threshold=1.0000000180025095e-35 0.66487950000000007 0.97673100000000013 0.046215500000000007
decision_type=10 2 2 10
left_child=1 3 -3 -1
right_child=-2 2 -4 -5
leaf_value=-0.023933705215022503 0.025619791663326185 -0.0096790725038961162 0.011466337837245422 0
leaf_weight=16.279376950114969 12.194543391466139 15.503661394119261 27.326300766319036 3.6930402815341941
leaf_count=200 54 111 179 19
internal_value=0.000697024 -0.0046338 0.00302495 -0.0206138
internal_weight=74.9969 62.8024 42.83 19.9724
internal_count=563 509 290 219
is_linear=0
shrinkage=0.03


Tree=58
num_leaves=7
num_cat=0
split_feature=25 21 6 18 7 15
split_gain=8.64066 4.9685 4.04545 1.9933 1.62671 0.120509
threshold=0.64251300000000011 0.10762700000000001 1.0000000180025095e-35 0.3261150000000001 8.6832670000000025 0.095195500000000016
decision_type=2 10 8 10 10 10
left_child=3 2 -2 4 -1 -3
right_child=1 5 -4 -5 -6 -7
leaf_value=-0.023813735362662881 -0.010370213631273783 0 0.0075099710279799056 0 0 0.020825942470037811
leaf_weight=14.259842816740274 18.312686823308468 3.2400138974189749 20.967944651842117 2.3909318372607222 0.76318627595901567 10.559168368577955
leaf_count=181 91 14 199 13 3 40
internal_value=-0.000880631 0.00482143 -0.000260605 -0.0178851 -0.0214907 0.0185368
internal_weight=70.4938 53.0798 39.2806 17.414 15.023 13.7992
internal_count=541 344 290 197 184 54
is_linear=0
shrinkage=0.03


Tree=59
num_leaves=5
num_cat=0
split_feature=3 23 22 9
split_gain=10.5238 5.46957 5.81009 1.91329
threshold=1.5000000000000002 0.00089200000000000011 0.046215500000000007 8.3854985000000024
decision_type=10 8 10 10
left_child=1 3 -3 -1
right_child=-2 2 -4 -5
leaf_value=-0.020964866984540212 0.025682740256766895 -0.0066376359854748825 0.013593175404231987 0.00023763956167482646
leaf_weight=14.888492591679098 9.4915813952684385 30.310625620186329 17.432802110910416 1.3809005618095387
leaf_count=114 44 322 67 6
internal_value=4.53844e-05 -0.00428792 0.00052505 -0.0178516
internal_weight=73.5044 64.0128 47.7434 16.2694
internal_count=553 509 389 120
is_linear=0
shrinkage=0.03


Tree=60
num_leaves=6
num_cat=0
split_feature=4 5 2 22 16
split_gain=11.1704 7.80217 4.07459 2.01286 0.230378
threshold=1.0000000180025095e-35 1.5000000000000002 0.64583350000000006 0.33266900000000005 0.24901050000000002
decision_type=10 8 8 10 8
left_child=1 3 -3 -1 -2
right_child=4 2 -4 -5 -6
leaf_value=-0.019703692801087257 0.025533436081821317 0.01736741669413075 -0.0028862904996926134 0 0
leaf_weight=24.678478099405769 9.2087868303060496 9.7580593526363355 22.532536923885345 3.9917094558477393 2.2566667497158059
leaf_count=168 43 35 280 16 10
internal_value=-0.000254221 -0.00600443 0.00334027 -0.0167959 0.0231498
internal_weight=72.4262 60.9608 32.2906 28.6702 11.4655
internal_count=552 499 315 184 53
is_linear=0
shrinkage=0.03


Tree=61
num_leaves=7
num_cat=0
split_feature=25 5 23 20 9 23
split_gain=11.0492 3.87708 3.75311 2.46699 1.18227 0.137243
threshold=0.7008795000000001 1.5000000000000002 0.57592050000000017 0.45587550000000004 7.7873875000000004 0.76460150000000004
decision_type=2 10 10 8 10 10
left_child=1 4 3 -2 -1 -4
right_child=2 -3 5 -5 -6 -7
leaf_value=-0.019210100336740511 0.018432710088446748 0.0069315430166378327 0 0.00048943806434723091 0 -0.012275445975471222
leaf_weight=24.369496840983636 23.614090725779533 3.5185137540101996 2.3435048609971991 14.392552573233841 1.5384062156081189 2.0392025262117386
leaf_count=265 101 13 11 144 7 12
internal_value=0 -0.013443 0.00948612 0.0129024 -0.01768 -0.00928025
internal_weight=71.8158 29.4264 42.3894 38.0066 25.9079 4.38271
internal_count=553 285 268 245 272 23
is_linear=0
shrinkage=0.03


Tree=62
num_leaves=7
num_cat=0
split_feature=24 22 8 9 23 16
split_gain=6.73796 4.31405 3.76669 2.58416 1.48829 1.36049
threshold=0.97144700000000006 0.044107500000000001 8.5413945000000009 7.7873875000000004 0.011920000000000002 0.42911300000000008
decision_type=2 10 8 10 10 10
left_child=3 2 -2 5 -3 -1
right_child=1 4 -4 -5 -6 -7
leaf_value=-0.021849180731929162 -0.01085339510582616 0 0.0071608333519810677 0.0039358953756218566 0.019486512788981364 0
leaf_weight=13.957727383822208 15.95983227342367 2.548173792660239 19.649452969431877 2.1000071018934241 14.532215178012846 2.5800650864839545
leaf_count=146 100 14 216 9 57 16
internal_value=-4.2067e-05 0.00508519 -0.000351977 -0.0146188 0.0162737 -0.018753
internal_weight=71.3275 52.6897 35.6093 18.6378 17.0804 16.5378
internal_count=558 387 316 171 71 162
is_linear=0
shrinkage=0.03


Tree=63
num_leaves=6
num_cat=0
split_feature=4 2 2 24 18
split_gain=10.0007 7.95541 8.40906 3.39912 0.502349
threshold=1.0000000180025095e-35 0.32575750000000009 1.0000000180025095e-35 0.98864800000000008 0.15452400000000002
decision_type=10 10 10 2 8
left_child=1 2 -1 -3 -2
right_child=4 3 -4 -5 -6
leaf_value=-0.0043003644185118338 0.025752512191197997 -0.025845644679491516 0.024236629676723402 0 0
leaf_weight=34.376067273318768 9.3649761080741847 13.844238989055158 9.0906034708023054 4.4578853100538245 2.2315711975097665
leaf_count=350 44 93 31 29 11
internal_value=0.000272983 -0.00440727 0.00220168 -0.0196111 0.0230397
internal_weight=73.3653 61.7688 43.4667 18.3021 11.5965
internal_count=558 503 381 122 55
is_linear=0
shrinkage=0.03


Tree=64
num_leaves=6
num_cat=0
split_feature=25 3 18 25 19
split_gain=10.0615 4.62431 2.21075 1.87551 3.17001
threshold=0.7008795000000001 1.0000000180025095e-35 0.26283050000000008 0.58551750000000002 0.21964700000000001
decision_type=2 8 10 2 10
left_child=3 2 -2 -1 -5
right_child=1 -3 -4 4 -6
leaf_value=-0.024244306991955965 -0.0080190904660008867 0.017930120769481962 0.0090430423033934712 0.0012927286865462692 -0.020973365509325253
leaf_weight=8.1280912309885043 13.168862342834474 21.506279423832893 8.6160947531461698 14.970606073737146 4.5218897163867942
leaf_count=116 62 178 35 123 33
internal_value=0 0.00896035 0 -0.0132042 -0.00464725
internal_weight=70.9118 43.2912 21.785 27.6206 19.4925
internal_count=547 275 97 272 156
is_linear=0
shrinkage=0.03


Tree=65
num_leaves=6
num_cat=0
split_feature=4 2 2 24 19
split_gain=9.31479 7.23195 6.28392 2.1212 0.589949
threshold=1.0000000180025095e-35 0.32575750000000009 1.0000000180025095e-35 0.98864800000000008 0.22859450000000003
decision_type=10 10 10 2 10
left_child=1 2 -1 -3 -2
right_child=4 3 -4 -5 -6
leaf_value=-0.0036874370132596035 0.025244384713786646 -0.024392510848238239 0.02145323030106866 0 0
leaf_weight=34.041494596749544 8.8678096979856473 13.181681700050833 8.5001538246870023 4.8903150931000701 2.1847642958164206
leaf_count=350 42 89 30 35 11
internal_value=0 -0.00460869 0.00175943 -0.0191393 0.02237
internal_weight=71.6662 60.6136 42.5416 18.072 11.0526
internal_count=557 504 380 124 53
is_linear=0
shrinkage=0.03


Tree=66
num_leaves=7
num_cat=0
split_feature=24 21 20 20 24 20
split_gain=9.39272 4.53186 3.77383 1.41939 1.34071 1.06755
threshold=0.97673100000000013 0.052490000000000002 1.0000000180025095e-35 0.47980200000000006 0.93060350000000003 0.092791000000000012
decision_type=2 10 8 8 2 10
left_child=1 4 -2 -4 -1 -3
right_child=2 5 3 -5 -6 -7
leaf_value=0 -0.010966190546323818 -0.0030346075372088325 0.01687331344684407 0.0022705031107615589 -0.021027709196852568 0.011854130304961689
leaf_weight=0.96308387815952912 3.2014641463756552 2.9467285200953475 27.826921090483665 15.269511394202707 17.051892761141062 4.692843571305275
leaf_count=8 34 15 124 172 191 18
internal_value=0.0018087 -0.0114488 0.0100131 0.0128347 -0.0190914 0.00405524
internal_weight=71.9524 25.6545 46.2979 43.0964 18.015 7.63957
internal_count=562 232 330 296 199 33
is_linear=0
shrinkage=0.03


Tree=67
num_leaves=5
num_cat=0
split_feature=25 24 20 24
split_gain=7.50891 5.9721 4.18704 1.06601
threshold=0.58551750000000002 0.95943100000000014 0.47980200000000006 0.95379800000000003
decision_type=2 2 10 2
left_child=3 -2 -3 -1
right_child=1 2 -4 -5
leaf_value=0 -0.020338256207699201 0.010482696885058998 -0.013502442439882656 -0.023975351918817157
leaf_weight=1.4077479355037201 4.2848560139536849 53.87275368347764 3.7731105163693419 8.0705333165824396
leaf_count=15 40 369 23 116
internal_value=9.25162e-05 0.00456741 0.00782784 -0.0208106
internal_weight=71.409 61.9307 57.6459 9.47828
internal_count=563 432 392 131
is_linear=0
shrinkage=0.03


Tree=68
num_leaves=6
num_cat=0
split_feature=23 23 2 25 9
split_gain=7.63359 4.9715 5.54333 4.04851 3.88774
threshold=0.00089200000000000011 0.50185950000000012 0.47222200000000009 0.71492400000000011 8.1715810000000015
decision_type=8 8 10 2 10
left_child=4 2 -2 -3 -1
right_child=1 3 -4 -5 -6
leaf_value=-0.023056658815554396 0.021296339091266048 -0.012879170069539203 -0.0085451971973991899 0.0069399603247372824 0.0063448267264570391
leaf_weight=12.799430422484873 20.395741701126102 14.192357841879131 3.9204213768243781 15.787738490849732 2.0764750838279715
leaf_count=107 82 188 21 142 11
internal_value=0 0.00555132 0.0149767 -0.00185073 -0.0168983
internal_weight=69.1722 54.2963 24.3162 29.9801 14.8759
internal_count=551 433 103 330 118
is_linear=0
shrinkage=0.03


Tree=69
num_leaves=5
num_cat=0
split_feature=3 18 22 5
split_gain=6.00081 5.95288 4.93246 2.63844
threshold=1.5000000000000002 0.29475650000000003 0.054184000000000003 4.5000000000000009
decision_type=10 8 10 10
left_child=1 3 -3 -1
right_child=-2 2 -4 -5
leaf_value=-0.016243022980372435 0.021968925323095041 -0.00078513256276535658 0.023639852226714855 0.0038367604004286003
leaf_weight=25.272013254463676 6.8220048397779456 25.184791360050443 6.4148156642913809 3.3695368766784659
leaf_count=164 35 293 23 13
internal_value=0 -0.00323126 0.00492595 -0.0127928
internal_weight=67.0632 60.2412 31.5996 28.6416
internal_count=528 493 316 177
is_linear=0
shrinkage=0.03


Tree=70
num_leaves=7
num_cat=0
split_feature=22 23 8 23 17 15
split_gain=7.05207 3.53926 2.96381 2.3341 1.96586 0.680083
threshold=0.040699500000000007 1.0000000180025095e-35 8.5413945000000009 0.50185950000000012 0.14553400000000002 0.0059935000000000014
decision_type=10 10 8 10 10 10
left_child=2 -2 4 -3 -1 -4
right_child=1 3 5 -5 -6 -7
leaf_value=-0.021957679044672374 -0.0080127115712226513 0.021136393143489134 -0.0016034661320006199 0 -0.0010750656081454691 0.010155290576910567
leaf_weight=11.083057910203935 2.808509603142741 16.900986164808277 21.214522786438469 3.8441658914089194 10.808285824954508 2.3312978595495215
leaf_count=89 17 69 282 19 65 12
internal_value=0 0.0122391 -0.00699385 0.0169102 -0.0142249 0
internal_weight=68.9908 23.5537 45.4372 20.7452 21.8913 23.5458
internal_count=553 105 448 88 154 294
is_linear=0
shrinkage=0.03


Tree=71
num_leaves=6
num_cat=0
split_feature=4 22 5 16 24
split_gain=8.25623 6.96694 4.56804 0.45762 0.412226
threshold=1.0000000180025095e-35 0.040699500000000007 1.5000000000000002 0.27349450000000003 0.98943500000000018
decision_type=10 8 10 8 2
left_child=1 4 -3 -2 -1
right_child=3 2 -4 -5 -6
leaf_value=-0.021911243866768647 0.023164710096844489 -0.0033627217398708564 0.020298975679581083 0 0
leaf_weight=15.2235399261117 7.7593727260827992 33.049550548195839 6.0489792674779883 1.9979601800441749 2.9250696226954451
leaf_count=114 41 336 21 9 27
internal_value=-0.000956225 -0.00595007 0.000771058 0.0205008 -0.0199037
internal_weight=67.0045 57.2471 39.0985 9.75733 18.1486
internal_count=548 498 357 50 141
is_linear=0
shrinkage=0.03


Tree=72
num_leaves=7
num_cat=0
split_feature=24 17 4 4 2 16
split_gain=10.4438 3.55294 3.46173 2.70446 1.53191 1.5237
threshold=0.97144700000000006 0.11441050000000001 1.0000000180025095e-35 1.0000000180025095e-35 0.47222200000000009 0.57141750000000013
decision_type=2 10 8 10 10 10
left_child=3 2 -2 5 -3 -1
right_child=1 4 -4 -5 -6 -7
leaf_value=-0.02600691224207138 -0.01200517179396474 0.019494140032203774 0.006825514115244285 0.0031120584302326438 0 0
leaf_weight=13.422107368707655 11.158862590789797 14.458211846649649 20.073203437030315 1.142231911420821 5.2974455505609503 1.1223796606063832
leaf_count=151 79 60 219 5 28 6
internal_value=-0.000101408 0.00617432 0 -0.0198217 0.0151976 -0.0235569
internal_weight=66.6744 50.9877 31.2321 15.6867 19.7557 14.5445
internal_count=548 386 298 162 88 157
is_linear=0
shrinkage=0.03


Tree=73
num_leaves=5
num_cat=0
split_feature=4 18 5 21
split_gain=7.05808 7.50914 2.55403 2.23861
threshold=1.0000000180025095e-35 0.29475650000000003 1.5000000000000002 0.015255000000000001
decision_type=10 8 10 10
left_child=1 2 -1 -3
right_child=-2 3 -4 -5
leaf_value=-0.019733469402136834 0.020464423749709762 0 0 0.017333482932766407
leaf_weight=20.183009989559654 9.8738322705030424 24.473545111715797 8.3770222216844541 7.0007490366697303
leaf_count=147 52 292 36 26
internal_value=0 -0.00390417 -0.0146019 0.00535875
internal_weight=69.9082 60.0343 28.56 31.4743
internal_count=553 501 183 318
is_linear=0
shrinkage=0.03


Tree=74
num_leaves=6
num_cat=0
split_feature=4 5 2 17 20
split_gain=8.25741 8.27267 4.90557 2.99555 0.773846
threshold=1.0000000180025095e-35 1.5000000000000002 0.47222200000000009 0.19976450000000004 0.17589100000000005
decision_type=10 8 8 10 8
left_child=1 3 -3 -1 -2
right_child=4 2 -4 -5 -6
leaf_value=-0.028190656186927062 0.02325106476539799 0.020633056074371471 -0.0030657370507977742 -0.0034738043397871286 0
leaf_weight=12.241791628301145 7.7604630589485142 7.4497520625591305 24.541584175080061 12.072033606469629 1.8771072477102286
leaf_count=102 41 26 300 71 10
internal_value=-0.00139926 -0.00642201 0.00289143 -0.0187463 0.0201296
internal_weight=65.9427 56.3052 31.9913 24.3138 9.63757
internal_count=550 499 326 173 51
is_linear=0
shrinkage=0.03


Tree=75
num_leaves=5
num_cat=0
split_feature=25 24 20 23
split_gain=8.33606 5.31289 2.82508 1.55511
threshold=0.59367350000000008 0.95943100000000014 0.51507150000000002 0.044553000000000002
decision_type=2 2 10 10
left_child=3 -2 -3 -1
right_child=1 2 -4 -5
leaf_value=-0.023209530105447181 -0.017364497588236525 0.011760294870457719 -0.0088283356480726698 0
leaf_weight=8.9042472541332227 3.8970860317349425 50.93542193248868 2.8664077073335639 1.4544998481869686
leaf_count=140 39 353 17 8
internal_value=0.00160378 0.00663507 0.0097269 -0.0193716
internal_weight=68.0577 57.6989 53.8018 10.3587
internal_count=557 409 370 148
is_linear=0
shrinkage=0.03


Tree=76
num_leaves=7
num_cat=0
split_feature=25 24 21 20 4 24
split_gain=6.91383 5.73934 4.14625 3.11475 1.89681 1.22763
threshold=0.62888350000000015 0.97673100000000013 0.10762700000000001 0.24531400000000003 1.0000000180025095e-35 0.95091900000000007
decision_type=2 2 10 10 10 2
left_child=4 2 -2 -3 5 -1
right_child=1 3 -4 -5 -6 -7
leaf_value=0 -0.017110981101853526 0.015995411606946973 0.0075375080763437144 -0.002308582458652743 0.0017508931294644228 -0.023011303158774161
leaf_weight=1.2443192675709696 11.799155130982401 28.5040233284235 6.2163800299167624 6.8392408192157736 0.88182380795478899 11.642330124974249
leaf_count=12 111 194 25 32 3 171
internal_value=0 0.00474541 -0.00731647 0.0117675 -0.017187 -0.0204572
internal_weight=67.1273 53.3588 18.0155 35.3433 13.7685 12.8866
internal_count=548 362 136 226 186 183
is_linear=0
shrinkage=0.03


Tree=77
num_leaves=5
num_cat=0
split_feature=3 24 6 24
split_gain=6.63008 4.87396 2.68246 1.10943
threshold=1.5000000000000002 0.97247900000000009 1.0000000180025095e-35 0.92791050000000019
decision_type=10 2 10 2
left_child=1 3 -3 -1
right_child=-2 2 -4 -5
leaf_value=0 0.021873739253811617 0.0041902375263700321 -0.01561597920044203 -0.018247863420431727
leaf_weight=0.94100144878030079 7.0771808028221121 38.840849161148071 4.0031443908810607 16.543901327997446
leaf_count=8 40 304 41 171
internal_value=-0.000277758 -0.00426316 0.000784446 -0.0163996
internal_weight=67.4061 60.3289 42.844 17.4849
internal_count=564 524 345 179
is_linear=0
shrinkage=0.03


Tree=78
num_leaves=6
num_cat=0
split_feature=4 5 2 21 19
split_gain=7.23706 4.66095 4.02857 1.8517 0.686316
threshold=1.0000000180025095e-35 1.5000000000000002 0.64583350000000006 0.29816800000000004 0.23577000000000004
decision_type=10 8 8 10 8
left_child=1 3 -3 -1 -2
right_child=4 2 -4 -5 -6
leaf_value=-0.016145661869494864 0.022293647013347202 0.017119543996931906 -0.0034270501416426278 0.00057233672328140851 0
leaf_weight=24.071331419050697 8.5949929356574977 8.8521522432565671 24.478553287684917 3.1322323828935614 1.9265543222427375
leaf_count=177 47 33 315 12 10
internal_value=-1.45965e-05 -0.00464067 0.00216712 -0.0133618 0.0195067
internal_weight=71.0558 60.5343 33.3307 27.2036 10.5215
internal_count=594 537 348 189 57
is_linear=0
shrinkage=0.03


Tree=79
num_leaves=7
num_cat=0
split_feature=25 23 2 23 16 23
split_gain=7.58147 3.52369 3.28534 3.07827 0.914513 0.911121
threshold=0.75038900000000008 0.00089200000000000011 0.32575750000000009 0.27527700000000005 0.039116500000000005 0.52579900000000002
decision_type=2 10 10 10 10 10
left_child=1 -1 5 -3 -4 -2
right_child=2 3 4 -5 -6 -7
leaf_value=-0.016571026412873148 0.017602047605972275 0.011584869890200895 0.0020425658590856842 -0.010686024681842004 -0.012078180736026097 0
leaf_weight=21.067929498851299 19.656749255955226 8.8496977463364619 2.6691670492291442 7.3344929516315451 3.4984850287437439 1.7255084514617909
leaf_count=284 141 37 14 42 20 9
internal_value=-0.000296437 -0.00924144 0.0105365 0 -0.00402614 0.015946
internal_weight=64.802 37.2521 27.5499 16.1842 6.16765 21.3823
internal_count=547 363 184 79 34 150
is_linear=0
shrinkage=0.03


Tree=80
num_leaves=6
num_cat=0
split_feature=2 2 25 7 2
split_gain=5.41437 5.20618 4.12119 2.54814 0.455859
threshold=0.32575750000000009 1.0000000180025095e-35 0.7008795000000001 8.0568855000000017 0.47222200000000009
decision_type=10 10 2 10 8
left_child=1 2 -1 4 -2
right_child=3 -3 -4 -5 -6
leaf_value=-0.012231259379058827 0 0.02064028201069391 0.0062953996440353963 0.0029808715824113782 -0.020711269230629152
leaf_weight=15.245161589235066 3.8906282559037271 9.8207011818885785 22.401646986603737 3.0078109055757514 12.85672130435705
leaf_count=191 20 38 186 17 108
internal_value=-0.00108207 0.00399019 -0.000817968 -0.0135073 -0.0179908
internal_weight=67.2227 47.4675 37.6468 19.7552 16.7473
internal_count=560 415 377 145 128
is_linear=0
shrinkage=0.03


Tree=81
num_leaves=5
num_cat=0
split_feature=3 22 19 25
split_gain=6.22187 5.82017 3.55099 1.15635
threshold=1.5000000000000002 0.03981450000000001 0.11450050000000002 0.76845600000000014
decision_type=10 8 10 2
left_child=1 3 -3 -1
right_child=-2 2 -4 -5
leaf_value=-0.020454315244967956 0.0213133960056116 -0.0034909356583504741 0.013729075900851859 0
leaf_weight=14.434551239013674 6.8114821612834922 27.739614445716143 12.720610953867434 5.6088355258107176
leaf_count=129 40 313 53 28
internal_value=-0.000454713 -0.00426888 0.0018067 -0.0164736
internal_weight=67.3151 60.5036 40.4602 20.0434
internal_count=563 523 366 157
is_linear=0
shrinkage=0.03


Tree=82
num_leaves=6
num_cat=0
split_feature=3 18 17 2 18
split_gain=5.28348 4.91024 2.67391 2.46038 0.429695
threshold=1.0000000180025095e-35 0.26283050000000008 0.12411850000000001 0.41428550000000003 0.24197800000000003
decision_type=10 8 10 8 8
left_child=1 2 -1 -3 -2
right_child=4 3 -4 -5 -6
leaf_value=-0.022257829258556787 0.020496062804673299 0.014041509708015088 -0.00023189317010621795 -0.0014800095036958958 0
leaf_weight=11.814243212342264 7.2226640135049793 9.632460489869116 11.92369222640991 22.977346312254667 1.5016121044754989
leaf_count=96 43 40 68 290 8
internal_value=0 -0.00377877 -0.0135835 0.00305905 0.0182565
internal_weight=65.072 56.3477 23.7379 32.6098 8.72428
internal_count=545 494 164 330 51
is_linear=0
shrinkage=0.03


Tree=83
num_leaves=6
num_cat=0
split_feature=25 3 16 16 23
split_gain=5.84251 3.44316 2.83944 0.826731 0.817035
threshold=0.58551750000000002 1.0000000180025095e-35 0.14787050000000004 0.27113500000000007 0.044553000000000002
decision_type=2 10 8 10 10
left_child=4 2 -2 -3 -1
right_child=1 3 -4 -5 -6
leaf_value=-0.020335943637613117 -0.0071956349981364912 0.023061246117162468 0.006847274306187953 0 0
leaf_weight=7.0725659094750872 16.207955218851566 7.9520777910947782 32.669739071279764 1.6028108000755308 0.79469458013772953
leaf_count=120 86 46 283 9 5
internal_value=0.00195545 0.00583703 0.00146551 0.0201162 -0.0177664
internal_weight=66.2998 58.4326 48.8777 9.55489 7.86726
internal_count=549 424 369 55 125
is_linear=0
shrinkage=0.03


Tree=84
num_leaves=6
num_cat=0
split_feature=4 2 2 17 16
split_gain=8.02082 5.27707 5.84236 1.02096 0.631093
threshold=1.0000000180025095e-35 0.32575750000000009 1.0000000180025095e-35 0.49224600000000002 0.27349450000000003
decision_type=10 10 10 10 8
left_child=1 2 -1 -3 -2
right_child=4 3 -4 -5 -6
leaf_value=-0.006487007450890786 0.022566310452978237 -0.021971101799786414 0.018113915809258661 0 0
leaf_weight=31.241144943982363 7.6904876530170414 13.945245601236822 8.6338004842400533 2.3218201771378508 1.8870047479867942
leaf_count=353 46 107 33 18 9
internal_value=-0.00156835 -0.00651688 0 -0.019413 0.0196896
internal_weight=65.7195 56.142 39.8749 16.2671 9.57749
internal_count=566 511 386 125 55
is_linear=0
shrinkage=0.03


Tree=85
num_leaves=5
num_cat=0
split_feature=4 18 24 16
split_gain=7.03163 4.32969 4.19153 0.373194
threshold=1.0000000180025095e-35 0.059432500000000006 0.96572050000000009 0.37519300000000005
decision_type=10 8 2 8
left_child=1 3 -3 -1
right_child=-2 2 -4 -5
leaf_value=-0.019529175826197301 0.021180971768970915 -0.017357977790350195 0.0052611190457074498 0
leaf_weight=10.351186454296109 9.1775340288877469 5.9959792308509341 35.595762237906456 1.8163158036768443
leaf_count=85 51 76 303 13
internal_value=9.4802e-05 -0.00390564 0.000379104 -0.017708
internal_weight=62.9368 53.7592 41.5917 12.1675
internal_count=528 477 379 98
is_linear=0
shrinkage=0.03


Tree=86
num_leaves=6
num_cat=0
split_feature=4 18 24 16 21
split_gain=4.46255 3.58148 3.55646 1.30461 0.833065
threshold=1.0000000180025095e-35 0.059432500000000006 0.9785695000000002 0.28486050000000002 0.13168750000000004
decision_type=10 8 2 10 10
left_child=1 4 -3 -2 -1
right_child=3 2 -4 -5 -6
leaf_value=-0.01783328568406721 0.021697406199313905 -0.0063469749642158894 0.0095869820013903592 0 0
leaf_weight=10.459945660084484 7.2441894263029081 20.991947319358587 22.118134632706642 2.0229162275791168 2.7156499400734893
leaf_count=95 45 210 188 10 12
internal_value=0.000453754 -0.00253778 0.00126937 0.0172461 -0.0147744
internal_weight=65.5528 56.2857 43.1101 9.26711 13.1756
internal_count=560 505 398 55 107
is_linear=0
shrinkage=0.03


Tree=87
num_leaves=6
num_cat=0
split_feature=25 24 2 24 23
split_gain=5.5881 4.52142 3.2461 0.76969 0.9002
threshold=0.62888350000000015 0.95943100000000014 0.32575750000000009 0.99339400000000011 0.044553000000000002
decision_type=2 2 10 2 10
left_child=3 -2 -3 4 -1
right_child=1 2 -4 -5 -6
leaf_value=-0.020960415485304577 -0.018150360277350428 0.012085298557879447 -0.0033035536569998203 0 0
leaf_weight=9.4557419866323418 3.5754282064735881 36.125885847955942 12.575084291398523 0.69969540089368898 2.4682597368955621
leaf_count=164 35 265 75 6 16
internal_value=0 0.00437888 0.00757036 -0.0159393 -0.0176746
internal_weight=64.9001 52.2764 48.701 12.6237 11.924
internal_count=561 375 340 186 180
is_linear=0
shrinkage=0.03


Tree=88
num_leaves=6
num_cat=0
split_feature=25 24 21 23 15
split_gain=5.54755 5.25637 5.17426 2.376 1.16015
threshold=0.58551750000000002 0.98226700000000011 0.11378600000000001 0.26989900000000006 0.25808450000000011
decision_type=2 2 8 10 10
left_child=4 2 -2 -3 -1
right_child=1 3 -4 -5 -6
leaf_value=-0.02162150274020495 -0.01684371397877894 0.016672121947726579 0.0059337510982230141 -0.0021594460416781629 0
leaf_weight=7.0293498970568171 12.150058232247831 25.440576329827312 17.085142195224762 3.4798878654837599 0.56114587932825077
leaf_count=127 80 183 148 20 3
internal_value=0.000984899 0.00481016 -0.00328842 0.0134764 -0.0185507
internal_weight=65.7462 58.1557 29.2352 28.9205 7.5905
internal_count=561 431 228 203 130
is_linear=0
shrinkage=0.03


Tree=89
num_leaves=6
num_cat=0
split_feature=4 5 18 15 16
split_gain=5.2304 6.23953 3.53709 1.77435 1.5844
threshold=1.0000000180025095e-35 1.5000000000000002 0.12250800000000002 0.39258550000000003 0.27349450000000003
decision_type=10 8 10 10 10
left_child=1 3 -3 -1 -2
right_child=4 2 -4 -5 -6
leaf_value=-0.018893560295060972 0.021756928647342737 -0.0015242294667981114 0.01944848665421104 0 0
leaf_weight=20.393987786024812 7.0478402972221357 25.986130546778444 6.0094201415777198 2.6023739874362937 1.7768238782882688
leaf_count=161 43 310 22 13 9
internal_value=-0.000891078 -0.00496591 0.00288717 -0.0161184 0.0167822
internal_weight=63.8166 54.9919 31.9956 22.9964 8.82466
internal_count=558 506 332 174 52
is_linear=0
shrinkage=0.03


Tree=90
num_leaves=5
num_cat=0
split_feature=4 18 24 15
split_gain=5.91884 4.87951 3.63891 2.54057
threshold=1.0000000180025095e-35 0.12250800000000002 0.97144700000000006 0.17784200000000003
decision_type=10 8 2 10
left_child=1 3 -3 -1
right_child=-2 2 -4 -5
leaf_value=-0.019778552553490775 0.020731841103479327 -0.0086912821230651378 0.0095026339228444535 0
leaf_weight=13.390591215342285 9.1583070680499059 10.417292110621927 27.740816473960876 5.0026236176490775
leaf_count=113 55 121 241 27
internal_value=0.00146258 -0.00204145 0.00353528 -0.0138865
internal_weight=65.7096 56.5513 38.1581 18.3932
internal_count=557 502 362 140
is_linear=0
shrinkage=0.03


Tree=91
num_leaves=7
num_cat=0
split_feature=21 24 2 25 15 15
split_gain=4.37094 5.36757 3.88068 1.48867 1.47122 0.878251
threshold=0.11378600000000001 0.98292200000000018 1.0000000180025095e-35 0.59367350000000008 0.087699000000000013 0.3123105000000001
decision_type=8 2 10 2 10 8
left_child=1 5 3 -2 -3 -1
right_child=2 4 -4 -5 -6 -7
leaf_value=-0.022423229623505452 -0.012120113838844733 0.0086934894209581334 0.024146021325657522 0.0041050764302086058 -0.0085679297885073689 0
leaf_weight=12.028629187494516 3.0843849256634739 11.80281291157007 6.1181408315896979 23.520325303077698 2.1709440425038329 2.1163438707590112
leaf_count=103 65 74 25 228 13 13
internal_value=0 -0.00823324 0.00714644 0.000173098 0.00320399 -0.0198654
internal_weight=60.8416 28.1187 32.7229 26.6047 13.9738 14.145
internal_count=521 203 318 293 87 116
is_linear=0
shrinkage=0.03


Tree=92
num_leaves=5
num_cat=0
split_feature=4 18 24 4
split_gain=4.37724 6.07438 3.7957 2.46159
threshold=1.5000000000000002 0.12250800000000002 0.98226700000000011 1.0000000180025095e-35
decision_type=10 8 2 10
left_child=1 3 -3 -1
right_child=-2 2 -4 -5
leaf_value=-0.020177655289154033 0.01961717250256631 -0.0041059388853179656 0.012868705159917129 0.0028429301875117175
leaf_weight=15.780725382268429 6.0383322685956946 21.347747527062893 17.919306058436632 1.7812898904085166
leaf_count=128 40 213 154 10
internal_value=0 -0.00277665 0.00329415 -0.0163096
internal_weight=62.8674 56.8291 39.2671 17.562
internal_count=545 505 367 138
is_linear=0
shrinkage=0.03


Tree=93
num_leaves=5
num_cat=0
split_feature=3 22 18 24
split_gain=4.3896 4.76125 4.0294 2.44138
threshold=1.5000000000000002 0.040699500000000007 0.29475650000000003 0.98661750000000015
decision_type=10 8 10 2
left_child=1 3 -3 -1
right_child=-2 2 -4 -5
leaf_value=-0.02158025619279965 0.019695646563001261 -0.0012042847757248217 0.020921729259581308 0
leaf_weight=11.172153178602459 6.1249151825904837 33.287711691111326 5.8345396071672431 5.8699222169816485
leaf_count=100 42 348 22 42
internal_value=0 -0.00263541 0.00263835 -0.0148216
internal_weight=62.2892 56.1643 39.1223 17.0421
internal_count=554 512 370 142
is_linear=0
shrinkage=0.03


Tree=94
num_leaves=6
num_cat=0
split_feature=21 25 15 16 16
split_gain=4.24952 5.58302 2.29925 1.89667 1.01143
threshold=0.11378600000000001 0.78265550000000006 0.095195500000000016 0.13075050000000002 0.018017500000000002
decision_type=10 2 10 8 10
left_child=1 3 -2 -1 -3
right_child=2 4 -4 -5 -6
leaf_value=-0.019819922646582097 -0.00093813616505759292 0.014530279008954681 0.019673287596111481 -0.003176115456377263 0
leaf_weight=11.953656252473591 3.3038681074976912 8.371749531477688 9.9105890095233899 22.607851196080446 6.2437439486384383
leaf_count=110 18 81 43 264 35
internal_value=0 -0.00413344 0.0134497 -0.0108546 0.00919891
internal_weight=62.3915 49.177 13.2145 34.5615 14.6155
internal_count=551 490 61 374 116
is_linear=0
shrinkage=0.03


Tree=95
num_leaves=6
num_cat=0
split_feature=4 18 24 21 19
split_gain=4.65926 5.79 2.77733 2.31936 0.0555102
threshold=1.0000000180025095e-35 0.12250800000000002 0.97144700000000006 0.09775600000000001 0.19933000000000003
decision_type=10 8 2 10 8
left_child=1 3 -3 -1 -2
right_child=4 2 -4 -5 -6
leaf_value=-0.020869368617522678 0.020853739765148899 -0.0068993102148922928 0.0091524807976571237 0 0
leaf_weight=12.478806558996441 6.627090930938718 9.4072618745267373 28.476469613611698 4.0539270713925353 1.6066258624196059
leaf_count=116 43 110 246 19 9
internal_value=0.00131832 -0.00172461 0.00421895 -0.015436 0.0191895
internal_weight=62.6502 54.4165 37.8837 16.5327 8.23372
internal_count=543 491 356 135 52
is_linear=0
shrinkage=0.03


Tree=96
num_leaves=7
num_cat=0
split_feature=5 24 17 9 19 3
split_gain=4.64893 3.17175 2.18246 0.335296 0.787951 0.184007
threshold=1.5000000000000002 0.96993200000000013 0.15832500000000002 7.9636160000000009 0.052909000000000005 1.5000000000000002
decision_type=10 2 8 8 10 8
left_child=1 5 -3 4 -2 -1
right_child=3 2 -4 -5 -6 -7
leaf_value=-0.019669633542219872 0 -0.0086068010304637191 0.0056751471900732828 0 0.021031679542342328 -0.001025386275696762
leaf_weight=6.065333649516103 3.4115796014666522 10.599253900349138 27.14906258136034 2.3735080808401117 7.6982273310422897 4.9171336703002462
leaf_count=58 17 94 263 15 28 76
internal_value=0.000847827 -0.00313886 0.000590314 0.0150252 0.0168855 -0.0154787
internal_weight=62.2141 48.7308 37.7483 13.4833 11.1098 10.9825
internal_count=551 491 357 60 45 134
is_linear=0
shrinkage=0.03


Tree=97
num_leaves=6
num_cat=0
split_feature=4 16 24 18 16
split_gain=4.19872 6.10085 3.36379 2.72308 1.4801
threshold=1.0000000180025095e-35 0.13418850000000002 0.98226700000000011 0.29475650000000003 0.28486050000000002
decision_type=10 8 2 8 10
left_child=1 3 -3 -1 -2
right_child=4 2 -4 -5 -6
leaf_value=-0.024079951225069632 0.021047763156101712 -0.0049669084508015679 0.011389547849836196 0 0
leaf_weight=11.743307836353775 6.7250733450055105 19.998097784817219 17.470017205923796 3.0665219500660905 1.7997225224971769
leaf_count=101 44 216 151 16 9
internal_value=0 -0.00381053 0.00219716 -0.018504 0.0160699
internal_weight=60.8027 52.2779 37.4681 14.8098 8.5248
internal_count=537 484 367 117 53
is_linear=0
shrinkage=0.03


Tree=98
num_leaves=5
num_cat=0
split_feature=3 17 24 5
split_gain=4.36988 3.40317 2.97015 0.979339
threshold=1.5000000000000002 0.12411850000000001 0.98251600000000006 3.5000000000000004
decision_type=10 8 2 10
left_child=1 3 -3 -1
right_child=-2 2 -4 -5
leaf_value=-0.016552114284087552 0.019769646129149734 -0.0041007174757429002 0.010979855043859267 0
leaf_weight=12.301937822252508 6.1894922778010359 24.950844287872314 16.063127901405096 1.4454269409179694
leaf_count=105 43 252 138 7
internal_value=0.00017027 -0.00243734 0.0014698 -0.0140605
internal_weight=60.9508 54.7613 41.014 13.7474
internal_count=545 502 390 112
is_linear=0
shrinkage=0.03


Tree=99
num_leaves=6
num_cat=0
split_feature=4 16 15 5 19
split_gain=5.77506 2.45367 5.03199 2.25546 0.131961
threshold=1.0000000180025095e-35 0.14787050000000004 0.17304900000000004 1.5000000000000002 0.22859450000000003
decision_type=10 8 10 10 10
left_child=1 2 -1 -3 -2
right_child=4 3 -4 -5 -6
leaf_value=-0.023053199454736311 0.020425782035313859 -0.003683626263471732 0.0047541590268620178 0.013834249740340771 0
leaf_weight=11.999530106782915 6.4059711173176757 30.58052172511816 5.696548491716384 5.2255330979824057 1.5560195893049238
leaf_count=109 43 346 29 20 9
internal_value=-0.000777194 -0.00503249 -0.0132606 0 0.0186321
internal_weight=61.4641 53.5021 17.6961 35.8061 7.96199
internal_count=556 504 138 366 52
is_linear=0
shrinkage=0.03


Tree=100
num_leaves=5
num_cat=0
split_feature=25 24 24 19
split_gain=4.53691 4.30223 1.25388 1.00971
threshold=0.58551750000000002 0.95943100000000014 0.95379800000000003 0.51112950000000013
decision_type=2 2 2 10
left_child=2 -2 -1 -3
right_child=1 3 -4 -5
leaf_value=0 -0.016704706146127846 0.0088628249370514521 -0.020737781737531283 -0.002610135788536987
leaf_weight=1.0407476350665081 3.9225413240492335 48.877210363745689 6.346218790858984 2.2161204889416686
leaf_count=13 43 358 124 19
internal_value=0.00102809 0.00466295 -0.0166829 0.00769344
internal_weight=62.4028 55.0159 7.38697 51.0933
internal_count=557 420 137 377
is_linear=0
shrinkage=0.03


Tree=101
num_leaves=4
num_cat=0
split_feature=25 24 23
split_gain=4.51055 4.79933 2.39327
threshold=0.58551750000000002 0.95943100000000014 0.50185950000000012
decision_type=2 2 10
left_child=-1 -2 -3
right_child=1 2 -4
leaf_value=-0.019246373120259522 -0.018477906041256154 0.0088800704665490324 -0.0071100775379350466
leaf_weight=6.5637522749602786 4.7221917621791354 46.631810419261456 5.7005679234862319
leaf_count=126 52 357 32
internal_value=0 0.0029337 0.00630503
internal_weight=63.6183 57.0546 52.3324
internal_count=567 441 389
is_linear=0
shrinkage=0.03


Tree=102
num_leaves=5
num_cat=0
split_feature=3 2 2 24
split_gain=5.22257 3.9363 6.74346 2.85111
threshold=1.0000000180025095e-35 0.32575750000000009 1.0000000180025095e-35 0.98850850000000012
decision_type=10 10 10 2
left_child=1 2 -1 -3
right_child=-2 3 -4 -5
leaf_value=-0.0035038694473721122 0.020366394890392627 -0.021083360887713665 0.023689595606729435 0.0010688819751576944
leaf_weight=31.586812615394592 7.7704583778977385 10.878759104758499 7.4519784599542609 4.1260403022170058
leaf_count=347 54 89 27 30
internal_value=0.000937712 -0.00225404 0.00229349 -0.0141626
internal_weight=61.814 54.0436 39.0388 15.0048
internal_count=547 493 374 119
is_linear=0
shrinkage=0.03


Tree=103
num_leaves=5
num_cat=0
split_feature=4 5 2 21
split_gain=3.55019 3.98842 4.32316 0.742685
threshold=1.5000000000000002 1.5000000000000002 0.41428550000000003 0.28401800000000005
decision_type=10 8 8 10
left_child=1 3 -3 -1
right_child=-2 2 -4 -5
leaf_value=-0.014309068616673783 0.017260490568511287 0.020253547171565817 -0.0029349242032786693 0
leaf_weight=21.239699207246307 4.8433876112103453 6.4781278595328358 23.155637182295322 3.6733177602291098
leaf_count=175 34 26 301 17
internal_value=-0.00105226 -0.00401467 0.00261082 -0.012404
internal_weight=59.3902 54.5468 29.6338 24.913
internal_count=553 519 327 192
is_linear=0
shrinkage=0.03


Tree=104
num_leaves=5
num_cat=0
split_feature=4 5 2 17
split_gain=5.32372 2.67886 2.33648 2.15809
threshold=1.0000000180025095e-35 1.5000000000000002 0.47222200000000009 0.19976450000000004
decision_type=10 8 8 10
left_child=1 3 -3 -1
right_child=-2 2 -4 -5
leaf_value=-0.018336384470165182 0.019084613401589293 0.014777390774729343 -0.0020716178911883709 0
leaf_weight=11.617590315639974 8.3330917805433256 6.5853028595447567 23.037973526865244 11.889823019504545
leaf_count=105 57 26 296 76
internal_value=0 -0.00343833 0.00176883 -0.0105895
internal_weight=61.4638 53.1307 29.6233 23.5074
internal_count=560 503 322 181
is_linear=0
shrinkage=0.03


Tree=105
num_leaves=6
num_cat=0
split_feature=4 25 24 24 19
split_gain=3.42496 3.57637 2.60226 1.39585 0.93037
threshold=1.0000000180025095e-35 0.66487950000000007 0.97673100000000013 0.93060350000000003 0.22859450000000003
decision_type=10 2 2 2 10
left_child=1 3 -3 -1 -2
right_child=4 2 -4 -5 -6
leaf_value=0.00045636818043868224 0.01814236611577582 -0.0081289803335550144 0.0069189493557024681 -0.018003548839866271 0
leaf_weight=0.70590951666235824 6.2708420157432547 13.558920498937367 23.213217504322529 13.52253709360957 1.4339964985847471
leaf_count=7 42 107 170 210 9
internal_value=-0.000568156 -0.00405574 0.00042142 -0.0154264 0.0143817
internal_weight=58.7054 51.0006 36.7721 14.2284 7.70484
internal_count=545 494 277 217 51
is_linear=0
shrinkage=0.03


Tree=106
num_leaves=6
num_cat=0
split_feature=2 4 2 5 24
split_gain=4.37288 3.58956 3.53274 2.12554 1.31556
threshold=0.32575750000000009 1.0000000180025095e-35 1.0000000180025095e-35 4.5000000000000009 0.95943100000000014
decision_type=10 10 10 8 2
left_child=2 3 4 -2 -1
right_child=1 -3 -4 -5 -6
leaf_value=-0.013477053626326374 -0.024832235030813408 0.0064379771490659619 0.017489045430281916 0 0.00044132388441889015
leaf_weight=3.7798174396157256 11.231610242277384 2.5471527576446524 8.2248238623142225 2.4085056483745584 32.056032698601484
leaf_count=50 113 19 37 10 341
internal_value=-0.00192589 -0.0141875 0.00255862 -0.0203082 -0.00118192
internal_weight=60.2479 16.1873 44.0607 13.6401 35.8359
internal_count=570 142 428 123 391
is_linear=0
shrinkage=0.03


Tree=107
num_leaves=5
num_cat=0
split_feature=3 2 2 16
split_gain=2.83675 2.62505 2.45776 1.46836
threshold=1.5000000000000002 0.64583350000000006 1.0000000180025095e-35 0.010395000000000003
decision_type=10 10 8 10
left_child=1 2 -1 -3
right_child=-2 3 -4 -5
leaf_value=-0.0084442997430819716 0.017420495321259295 0 0.0055500763851328416 -0.021674023110826189
leaf_weight=12.296882532536982 5.1309225410222998 2.7363178282976142 35.191561194136739 4.9457756169140339
leaf_count=80 41 32 349 48
internal_value=0.00053638 -0.00133557 0.00104568 -0.0150238
internal_weight=60.3015 55.1705 47.4884 7.68209
internal_count=550 509 429 80
is_linear=0
shrinkage=0.03


Tree=108
num_leaves=7
num_cat=0
split_feature=24 22 23 15 21 16
split_gain=3.9432 2.18307 1.99312 2.7075 0.866312 0.309542
threshold=0.97144700000000006 0.12130300000000001 0.50185950000000012 0.022550500000000005 0.032134000000000003 0.29371450000000004
decision_type=2 10 8 10 8 8
left_child=1 -1 3 -2 -4 -3
right_child=2 5 4 -5 -6 -7
leaf_value=-0.01675470067875786 0 0 -0.010644468616849451 0.017815512017353759 0.0021021206442029747 0.0076846367596042388
leaf_weight=10.317902665585278 9.9416834376752394 3.4360240921378127 3.1159368976950672 16.290291484445333 16.623967006802559 1.9361278489232061
leaf_count=141 83 19 19 86 205 9
internal_value=0.00141744 -0.00977747 0.00621572 0.011229 0 0.00124173
internal_weight=61.6619 15.6901 45.9719 26.232 19.7399 5.37215
internal_count=562 169 393 169 224 28
is_linear=0
shrinkage=0.03


Tree=109
num_leaves=7
num_cat=0
split_feature=24 19 0 22 16 15
split_gain=2.62799 2.41485 2.40873 1.98917 0.580296 0.400792
threshold=0.97191600000000011 0.0093390000000000018 1.0000000180025095e-35 0.070410000000000014 0.24901050000000002 0.081190500000000013
decision_type=2 8 10 10 8 10
left_child=3 5 -3 -1 -5 -2
right_child=1 2 -4 4 -6 -7
leaf_value=-0.01459897060292752 -0.013023435355457294 0 0.015291760172526807 -0.0018573245883001461 0.0091206015311200237 0
leaf_weight=10.315895877778532 3.0671015828847876 22.620257019996643 18.632120471447706 2.6526617705821982 3.5123519450426102 1.0243178158998487
leaf_count=145 44 233 99 16 16 6
internal_value=0.00128511 0.00535348 0.00808207 -0.00746888 0.00206194 -0.00970796
internal_weight=61.8247 45.3438 41.2524 16.4809 6.16501 4.09142
internal_count=559 382 332 177 32 50
is_linear=0
shrinkage=0.03


Tree=110
num_leaves=5
num_cat=0
split_feature=3 2 2 9
split_gain=3.90839 3.89199 3.06588 2.21663
threshold=1.5000000000000002 0.32575750000000009 1.0000000180025095e-35 8.3854985000000024
decision_type=10 10 10 10
left_child=1 2 -1 -3
right_child=-2 3 -4 -5
leaf_value=-0.0033698652831029856 0.017541471948060508 -0.020441478264335709 0.015081085631958029 0.0020217937801154137
leaf_weight=34.220742991194129 5.2259986847639075 12.698962930589911 7.2735809683799735 1.601823657751084
leaf_count=379 43 113 30 8
internal_value=-0.00121526 -0.00428774 0 -0.0162771
internal_weight=61.0211 55.7951 41.4943 14.3008
internal_count=573 530 409 121
is_linear=0
shrinkage=0.03


Tree=111
num_leaves=6
num_cat=0
split_feature=4 18 2 16 16
split_gain=4.38977 3.52078 1.99964 1.03826 0.886554
threshold=1.0000000180025095e-35 0.29475650000000003 0.47222200000000009 0.17732900000000004 0.28486050000000002
decision_type=10 8 8 10 8
left_child=1 3 -3 -1 -2
right_child=4 2 -4 -5 -6
leaf_value=-0.016497035565953638 0.020321620067006683 0.013607261111621154 -0.0015058346578423298 -1.7822654475151919e-05 0
leaf_weight=14.507271561771633 6.4783175364136669 7.3546817451715496 21.418860083445907 9.066242899745701 1.6074698120355613
leaf_count=120 48 32 292 56 9
internal_value=0 -0.00388286 0.00233301 -0.0120057 0.0167664
internal_weight=60.4328 52.3471 28.7735 23.5735 8.08579
internal_count=557 500 324 176 57
is_linear=0
shrinkage=0.03


Tree=112
num_leaves=6
num_cat=0
split_feature=25 23 23 0 25
split_gain=3.46658 3.85774 7.07489 0.615826 0.31406
threshold=0.85001150000000003 0.00089200000000000011 0.27527700000000005 1.0000000180025095e-35 0.78265550000000006
decision_type=2 8 8 8 2
left_child=1 4 -3 -2 -1
right_child=3 2 -4 -5 -6
leaf_value=-0.022172099773225273 0 0.014404273565778534 -0.010240573194431678 0.013712449578972483 0
leaf_weight=7.1507092304527742 2.5181380733847591 14.533083900809286 23.028420986607671 10.128851104527712 1.2883816286921499
leaf_count=99 18 66 277 82 8
internal_value=-0.000697107 -0.00502134 0 0.0110611 -0.020286
internal_weight=58.6476 46.0006 37.5615 12.647 8.43909
internal_count=550 450 343 100 107
is_linear=0
shrinkage=0.03


Tree=113
num_leaves=6
num_cat=0
split_feature=3 2 2 24 16
split_gain=2.59597 1.69367 4.06652 1.66125 0.255609
threshold=1.0000000180025095e-35 0.32575750000000009 1.0000000180025095e-35 0.9785695000000002 0.22656400000000002
decision_type=10 10 10 2 10
left_child=1 2 -1 -3 -2
right_child=4 3 -4 -5 -6
leaf_value=-0.0027834780690180576 0.017829748347517313 -0.019313507320078877 0.018033304434536837 0 0
leaf_weight=32.147965058684349 5.1497637555003157 4.9561353400349599 7.7252867147326461 6.7331557050347328 1.147265128791332
leaf_count=358 41 56 32 51 8
internal_value=0.00109516 -0.000943828 0.0015296 -0.0100125 0.0159351
internal_weight=57.8596 51.5625 39.8733 11.6893 6.29703
internal_count=546 497 390 107 49
is_linear=0
shrinkage=0.03


Tree=114
num_leaves=5
num_cat=0
split_feature=3 18 22 5
split_gain=3.78697 3.17676 2.00307 1.54252
threshold=1.5000000000000002 0.26283050000000008 0.054184000000000003 4.5000000000000009
decision_type=10 8 10 10
left_child=1 3 -3 -1
right_child=-2 2 -4 -5
leaf_value=-0.015028925507933591 0.017592893147194536 -0.0016108040708688362 0.014376882696709727 0.00071339389675998213
leaf_weight=19.432159949094061 5.2531623914837828 25.56015153601766 5.7042231708765021 2.5371264964342108
leaf_count=161 44 310 26 11
internal_value=-0.000794468 -0.0039842 0.00143399 -0.0121422
internal_weight=58.4868 53.2337 31.2644 21.9693
internal_count=552 508 336 172
is_linear=0
shrinkage=0.03


Tree=115
num_leaves=5
num_cat=0
split_feature=25 23 24 18
split_gain=3.88432 3.93999 2.86122 0.169811
threshold=0.58551750000000002 0.57592050000000017 0.98569450000000014 0.072001000000000023
decision_type=2 10 2 10
left_child=-1 2 -2 -3
right_child=1 3 -4 -5
leaf_value=-0.018005101496794577 0 0 0.015103563816906208 -0.018642414921626844
leaf_weight=6.0830017216503611 29.530640695244074 1.5254220217466343 17.608022835105658 3.1120926886796951
leaf_count=132 253 10 133 22
internal_value=0 0.00317256 0.00651164 -0.016066
internal_weight=57.8592 51.7762 47.1387 4.63751
internal_count=550 418 386 32
is_linear=0
shrinkage=0.03


Tree=116
num_leaves=5
num_cat=0
split_feature=3 17 20 22
split_gain=2.55778 2.91149 3.73353 2.06549
threshold=1.5000000000000002 0.11441050000000001 0.27370350000000004 0.040699500000000007
decision_type=10 8 8 8
left_child=1 3 -3 -1
right_child=-2 2 -4 -5
leaf_value=-0.021705773816567627 0.016281391698470298 0.011717611997022509 -0.0050580441695879759 0
leaf_weight=6.9999397173523876 4.6131299361586562 16.381544418632984 26.347704887390137 4.9709424823522577
leaf_count=79 39 83 331 27
internal_value=0 -0.00221811 0.00106416 -0.0138034
internal_weight=59.3133 54.7001 42.7292 11.9709
internal_count=559 520 414 106
is_linear=0
shrinkage=0.03


Tree=117
num_leaves=4
num_cat=0
split_feature=20 3 7
split_gain=2.34427 1.65732 2.08308
threshold=0.47980200000000006 1.5000000000000002 1.0000000180025095e-35
decision_type=10 10 10
left_child=1 2 -1
right_child=-2 -3 -4
leaf_value=0.0030856975270618266 -0.015869923477607639 0.016144328340402133 -0.013312475505319016
leaf_weight=47.41050778888166 3.4921236149966708 4.613280661404132 4.9120105430483809
leaf_count=461 34 41 28
internal_value=0.000632291 0.00288866 0.00036555
internal_weight=60.4279 56.9358 52.3225
internal_count=564 530 489
is_linear=0
shrinkage=0.03


Tree=118
num_leaves=6
num_cat=0
split_feature=4 25 24 22 20
split_gain=2.85085 2.59707 2.45447 1.61929 0.205119
threshold=1.0000000180025095e-35 0.62888350000000015 0.97673100000000013 0.046215500000000007 0.24846600000000005
decision_type=10 2 2 10 10
left_child=1 3 -3 -1 -2
right_child=4 2 -4 -5 -6
leaf_value=-0.019133103493082913 0.016671457432214092 -0.0074364491828514089 0.0063428099785412181 0 0
leaf_weight=8.1926320157945138 5.7588186040520659 15.30818400159478 27.073909115046263 2.0842458754777899 1.2980576977133749
leaf_count=168 45 130 196 12 7
internal_value=0 -0.00238261 0.000542179 -0.0141011 0.0149568
internal_weight=59.7158 52.659 42.3821 10.2769 7.05688
internal_count=558 506 326 180 52
is_linear=0
shrinkage=0.03


Tree=119
num_leaves=7
num_cat=0
split_feature=25 24 24 4 18 16
split_gain=3.11483 4.13549 2.21722 1.25742 1.56557 0.978453
threshold=0.64888600000000018 0.97673100000000013 0.98782300000000012 1.0000000180025095e-35 0.3261150000000001 0.25338450000000007
decision_type=2 2 2 10 10 10
left_child=3 5 -3 4 -1 -2
right_child=1 2 -4 -5 -6 -7
leaf_value=-0.017039655167558648 -0.010382218264334447 0.017435031853825649 0 0.0035214363027279943 0.00066632159048219547 0.0016151700281348811
leaf_weight=9.8070872537791711 9.6218279749155027 20.174850333482031 10.750463105738161 1.1714449077844609 1.9830932766199101 3.7259840816259375
leaf_count=188 91 140 82 5 13 19
internal_value=0.00205 0.00621283 0.0121997 -0.00878473 -0.0125021 -0.00551627
internal_weight=57.2348 44.2731 30.9253 12.9616 11.7902 13.3478
internal_count=538 332 222 206 201 110
is_linear=0
shrinkage=0.03


Tree=120
num_leaves=5
num_cat=0
split_feature=3 25 2 22
split_gain=3.57081 1.99341 1.5886 0.858606
threshold=1.0000000180025095e-35 0.62888350000000015 0.32575750000000009 0.054184000000000003
decision_type=10 2 10 10
left_child=1 3 -3 -1
right_child=-2 2 -4 -5
leaf_value=-0.016398219795858104 0.017009631966095701 0.0036924220178697368 -0.0085899293178312471 0
leaf_weight=8.4410969987511617 6.3458781391382209 30.189314052462578 10.244008377194403 1.7076114416122425
leaf_count=170 51 253 64 12
internal_value=0 -0.00308427 0 -0.0132367
internal_weight=56.9279 50.582 40.4333 10.1487
internal_count=550 499 317 182
is_linear=0
shrinkage=0.03


Tree=121
num_leaves=5
num_cat=0
split_feature=3 18 22 16
split_gain=2.47904 2.36737 1.44519 1.34175
threshold=1.5000000000000002 0.26283050000000008 0.044107500000000001 0.18306150000000002
decision_type=10 10 10 8
left_child=1 3 -3 -1
right_child=-2 2 -4 -5
leaf_value=-0.013230626517095509 0.015982561679027795 -0.0011514764401396465 0.014233742133540209 -0.00077139560055770418
leaf_weight=13.170620266348122 4.5459807217121115 4.3930896334350091 7.2858080565929413 27.395662887021899
leaf_count=117 41 30 32 319
internal_value=0 -0.00234413 0.00735018 -0.00613765
internal_weight=56.7912 52.2452 11.6789 40.5663
internal_count=539 498 62 436
is_linear=0
shrinkage=0.03


Tree=122
num_leaves=7
num_cat=0
split_feature=25 24 21 17 18 24
split_gain=2.80291 2.44523 2.94072 2.26772 1.06796 0.938633
threshold=0.65221600000000013 0.97673100000000013 0.29816800000000004 0.11441050000000001 0.3261150000000001 0.99260350000000008
decision_type=2 2 10 8 10 2
left_child=4 2 -2 -3 5 -1
right_child=1 3 -4 -5 -6 -7
leaf_value=-0.016833264754024212 -0.011210797024911508 -0.00054650838606433514 0.012273021130463682 0.01410177606552176 0 0
leaf_weight=9.550967870280143 12.954567886888983 9.3470268100500125 3.1383644491434088 20.770165834575891 2.176074903458356 0.88395646214485246
leaf_count=185 119 59 12 165 14 10
internal_value=0 0.00396111 -0.00385101 0.00901205 -0.0105892 -0.0142069
internal_weight=58.8211 46.2101 16.0929 30.1172 12.611 10.4349
internal_count=564 355 131 224 209 195
is_linear=0
shrinkage=0.03


Tree=123
num_leaves=4
num_cat=0
split_feature=3 21 24
split_gain=2.73464 2.54079 2.00009
threshold=1.5000000000000002 0.29816800000000004 0.98251600000000006
decision_type=10 10 2
left_child=1 2 -1
right_child=-2 -3 -4
leaf_value=-0.010775177936366849 0.016266027798060145 0.011995701474161001 0
leaf_weight=25.952057138085365 4.666076034307479 5.0488666146993628 22.140045031905174
leaf_count=288 42 21 197
internal_value=-1.96563e-05 -0.00277679 -0.00552813
internal_weight=57.807 53.141 48.0921
internal_count=548 506 485
is_linear=0
shrinkage=0.03


Tree=124
num_leaves=7
num_cat=0
split_feature=24 24 2 21 21 25
split_gain=2.13916 2.64285 2.51225 2.39414 2.32361 1.21315
threshold=0.98226700000000011 0.98782300000000012 0.32575750000000009 0.11378600000000001 0.013179000000000001 0.89108700000000007
decision_type=2 2 10 10 8 2
left_child=3 2 -2 5 -3 -1
right_child=1 4 -4 -5 -6 -7
leaf_value=-0.013425318055903242 0.019859566149011906 0.0084550501127335295 -0.0016375906695159446 0.0052749250093669462 -0.012056417838930161 0.00060338807061976758
leaf_weight=21.223300635814674 9.7810786068439501 4.3204224370419952 3.4728014320135108 6.4730478636920443 8.9276826344430447 1.8535881377756585
leaf_count=262 79 39 25 31 92 14
internal_value=-0.000863495 0.0044511 0.0131185 -0.00652251 -0.00319487 -0.0112083
internal_weight=56.0519 26.502 13.2539 29.5499 13.2481 23.0769
internal_count=542 235 104 307 131 276
is_linear=0
shrinkage=0.03


Tree=125
num_leaves=7
num_cat=0
split_feature=5 20 2 17 17 18
split_gain=2.0015 2.37596 2.32582 1.5608 1.14156 0.983846
threshold=1.5000000000000002 0.27370350000000004 0.64583350000000006 0.19976450000000004 0.46361450000000004 0.092983500000000011
decision_type=10 10 10 10 10 10
left_child=1 3 5 -1 -3 -2
right_child=2 4 -4 -5 -6 -7
leaf_value=-0.0022411024682576376 0 -0.020410448832726781 -0.0051742859865704545 0.01020876612358218 0 0.022176236585597153
leaf_weight=29.629173716530204 3.4393880516290647 5.098141945898532 2.2437264323234549 8.9919180385768396 1.7185879610478876 6.0077009573578835
leaf_count=375 18 42 16 50 16 25
internal_value=0.000340009 -0.00211538 0.0104085 0.000463644 -0.0154595 0.0168747
internal_weight=57.1286 45.4378 11.6908 38.6211 6.81673 9.44709
internal_count=542 483 59 425 58 43
is_linear=0
shrinkage=0.03


Tree=126
num_leaves=5
num_cat=0
split_feature=4 24 25 16
split_gain=3.14446 2.95377 2.8885 0.676489
threshold=1.0000000180025095e-35 0.96572050000000009 0.64251300000000011 0.28486050000000002
decision_type=10 2 2 10
left_child=1 -1 -3 -2
right_child=3 2 -4 -5
leaf_value=-0.018313680294980247 0.018264339515885672 -0.013668686198754488 0.0037369609422281437 0
leaf_weight=6.7835699673742047 5.4421776905655852 7.9905302468687287 36.116766553372145 1.644830137491226
leaf_count=98 46 142 267 9
internal_value=-6.56776e-05 -0.00339986 0 0.0147929
internal_weight=57.9779 50.8909 44.1073 7.08701
internal_count=562 507 409 55
is_linear=0
shrinkage=0.03


Tree=127
num_leaves=5
num_cat=0
split_feature=25 3 17 16
split_gain=2.51791 1.28581 1.1686 0.712339
threshold=0.58551750000000002 1.5000000000000002 0.11441050000000001 0.42911300000000008
decision_type=2 10 8 10
left_child=3 2 -2 -1
right_child=1 -3 -4 -5
leaf_value=-0.016120412397707524 -0.0054162604334865002 0.016010588011162192 0.004395981492027903 0
leaf_weight=5.1401048153638831 10.54246088862419 4.6142038702964774 35.393459256738424 0.69801251962780941
leaf_count=125 66 44 315 8
internal_value=0.00123237 0.00405854 0.001337 -0.0129153
internal_weight=56.3882 50.5501 45.9359 5.83812
internal_count=558 425 381 133
is_linear=0
shrinkage=0.03


Tree=128
num_leaves=6
num_cat=0
split_feature=23 24 21 24 17
split_gain=3.38215 3.16741 1.77641 1.56759 0.404981
threshold=0.00089200000000000011 0.95943100000000014 0.10762700000000001 0.99186800000000008 0.51775950000000004
decision_type=8 2 10 2 10
left_child=3 -2 -3 4 -1
right_child=1 2 -4 -5 -6
leaf_value=-0.018879944810152132 -0.01371653883535932 0.0026141737461593951 0.017549481066516645 0.00087891402385514242 0
leaf_weight=7.3762263469398004 3.5164162795990697 33.242054089903831 10.413115136325358 2.0585226863622657 1.2345960922539232
leaf_count=95 47 329 52 17 15
internal_value=0.000796264 0.0047986 0.00771911 -0.0118739 -0.0169458
internal_weight=57.8409 47.1716 43.6552 10.6693 8.61082
internal_count=555 428 381 127 110
is_linear=0
shrinkage=0.03


Tree=129
num_leaves=4
num_cat=0
split_feature=20 3 18
split_gain=2.47127 1.99257 3.16421
threshold=0.47980200000000006 1.0000000180025095e-35 0.12250800000000002
decision_type=10 10 8
left_child=1 2 -1
right_child=-2 -3 -4
leaf_value=-0.010490180979753858 -0.016256727129963722 0.015922908842144808 0.0052095742428919295
leaf_weight=14.165363617241381 4.0938641242682925 5.4510994032025328 32.32994644343853
leaf_count=126 40 46 333
internal_value=0 0.00252159 0
internal_weight=56.0403 51.9464 46.4953
internal_count=545 505 459
is_linear=0
shrinkage=0.03


Tree=130
num_leaves=7
num_cat=0
split_feature=4 19 24 19 17 24
split_gain=2.11583 4.13095 2.50855 1.55364 1.17072 0.315011
threshold=1.0000000180025095e-35 0.16363000000000003 0.97673100000000013 0.31552450000000004 0.42515950000000008 0.95943100000000014
decision_type=8 10 2 8 8 2
left_child=1 4 -3 -2 -1 -5
right_child=3 2 -4 5 -6 -7
leaf_value=-0.016235674380131581 0.018052438609779033 -0.0024425094391315855 0.016687676323191219 -0.0038663636954671264 0 0.0033412026044906014
leaf_weight=13.618832338601351 6.5331947356462505 8.4990627504885179 7.3853317052125922 1.4347300566732908 2.0224529244005689 19.260884128510952
leaf_count=113 54 73 33 30 10 254
internal_value=0.00154663 -0.00300697 0.00610136 0.00758645 -0.0133595 0.00114924
internal_weight=58.7545 31.5257 15.8844 27.2288 15.6413 20.6956
internal_count=567 229 106 338 123 284
is_linear=0
shrinkage=0.03


Tree=131
num_leaves=5
num_cat=0
split_feature=25 24 20 24
split_gain=2.56346 3.74601 1.70166 1.18753
threshold=0.58551750000000002 0.95943100000000014 0.28479750000000009 0.95091900000000007
decision_type=2 2 10 2
left_child=3 -2 -3 -1
right_child=1 2 -4 -5
leaf_value=0 -0.015391823804058093 0.0098902977278206797 -0.0023335654714370904 -0.0176003313274808
leaf_weight=0.77254187874495883 3.9085488654673091 40.635656289756298 7.3561797961592665 5.0096228066831827
leaf_count=10 47 344 43 123
internal_value=0.0016429 0.004391 0.00740124 -0.0126816
internal_weight=57.6825 51.9004 47.9918 5.78216
internal_count=567 434 387 133
is_linear=0
shrinkage=0.03


Tree=132
num_leaves=5
num_cat=0
split_feature=25 24 24 24
split_gain=2.26023 2.81105 1.11935 1.11405
threshold=0.58551750000000002 0.95943100000000014 0.95091900000000007 0.99215650000000011
decision_type=2 2 2 2
left_child=2 -2 -1 -3
right_child=1 3 -4 -5
leaf_value=0 -0.013997673316792318 0.0082172821908110625 -0.017107894719175832 -0.0024834449786000469
leaf_weight=0.80471504852175613 3.1876802742481223 43.717169124633074 4.7886029537767172 4.4566567614674559
leaf_count=10 40 345 119 41
internal_value=0.0014044 0.00402411 -0.0121672 0.00655354
internal_weight=56.9548 51.3615 5.59332 48.1738
internal_count=555 426 129 386
is_linear=0
shrinkage=0.03


Tree=133
num_leaves=5
num_cat=0
split_feature=4 19 7 18
split_gain=2.25557 3.10171 2.17015 1.38243
threshold=1.5000000000000002 0.17848950000000002 1.0000000180025095e-35 0.37522800000000006
decision_type=10 8 10 10
left_child=1 3 -3 -1
right_child=-2 2 -4 -5
leaf_value=-0.01577809408555856 0.014841739150969745 0.004670173773109825 -0.015592236753052364 0
leaf_weight=14.832940947264435 4.0558255687355986 32.977727374061942 2.1629021167755118 1.9983501583337773
leaf_count=121 37 376 13 9
internal_value=-0.000499523 -0.0029871 0.00150813 -0.0126934
internal_weight=56.0277 51.9719 35.1406 16.8313
internal_count=556 519 389 130
is_linear=0
shrinkage=0.03


Tree=134
num_leaves=6
num_cat=0
split_feature=4 15 16 25 16
split_gain=2.59924 2.94351 5.00448 1.99949 0.8998
threshold=1.0000000180025095e-35 0.12855800000000003 0.14787050000000004 0.68026850000000005 0.28486050000000002
decision_type=10 8 10 2 8
left_child=1 2 -1 -3 -2
right_child=4 3 -4 -5 -6
leaf_value=-0.02460910619977771 0.017867605540176249 -0.0062839904837546593 0.0022205254834239989 0.0075383632807911414 0
leaf_weight=9.4700390622019786 5.176097407937049 11.365405229851605 8.0531909689307195 20.20550586655736 1.3445857986807821
leaf_count=99 45 170 50 184 8
internal_value=-0.000115142 -0.00321866 -0.012295 0.00158108 0.0137515
internal_weight=55.6148 49.0941 17.5232 31.5709 6.52068
internal_count=556 503 149 354 53
is_linear=0
shrinkage=0.03


Tree=135
num_leaves=7
num_cat=0
split_feature=23 17 23 2 21 3
split_gain=1.95958 2.73269 2.53029 2.58323 1.63815 1.48243
threshold=0.00089200000000000011 0.42515950000000008 0.57592050000000017 0.47222200000000009 0.07012800000000001 1.0000000180025095e-35
decision_type=8 8 8 10 8 10
left_child=1 5 3 -2 -4 -1
right_child=2 -3 4 -5 -6 -7
leaf_value=-0.021918680241471058 0.01489885906823037 0.0072216994021432933 -0.016099292685871708 -0.0056711129660142754 0 0
leaf_weight=7.6132624987512791 16.372555039823059 1.7479001283645637 3.8881875164806869 3.3561434149742118 20.499841475859284 0.79001230001449574
leaf_count=103 84 14 31 20 281 9
internal_value=-0.000220289 -0.0108666 0.0021286 0.00979302 -0.00336972 -0.0181699
internal_weight=54.2679 10.1512 44.1167 19.7287 24.388 8.40327
internal_count=542 126 416 104 312 112
is_linear=0
shrinkage=0.03


Tree=136
num_leaves=5
num_cat=0
split_feature=25 24 18 24
split_gain=3.31741 2.61069 1.62977 0.13501
threshold=0.58551750000000002 0.95943100000000014 0.05848550000000001 0.95091900000000007
decision_type=2 2 8 2
left_child=3 -2 -3 -1
right_child=1 2 -4 -5
leaf_value=0 -0.012728348085119388 -0.0010269574056603642 0.0097904566594631849 -0.016914198738819584
leaf_weight=0.46132356859743495 3.3400316536426535 10.831220544874666 36.160573299974203 4.71447086147964
leaf_count=9 42 82 303 122
internal_value=0.00116086 0.00428445 0.00678503 -0.0159714
internal_weight=55.5076 50.3318 46.9918 5.17579
internal_count=558 427 385 131
is_linear=0
shrinkage=0.03


Tree=137
num_leaves=6
num_cat=0
split_feature=25 23 23 18 17
split_gain=2.50638 1.91047 2.29902 0.79254 0.206528
threshold=0.90218750000000003 0.72916550000000013 0.00089200000000000011 0.037001500000000007 0.14553400000000002
decision_type=2 8 10 10 10
left_child=1 2 -1 -3 -2
right_child=4 3 -4 -5 -6
leaf_value=-0.0066935195446403964 0.017325373421695055 -0.0024544489249704944 0.0086120650604363958 -0.019739983757150956 0
leaf_weight=10.012229841202499 4.6840138360857955 16.183191154152158 19.453393872827291 2.8591611273586741 1.6357742846012113
leaf_count=121 42 241 102 24 11
internal_value=0.000416966 -0.0016788 0.00234933 -0.00874425 0.0150844
internal_weight=54.8278 48.508 29.4656 19.0424 6.31979
internal_count=541 488 223 265 53
is_linear=0
shrinkage=0.03


Tree=138
num_leaves=5
num_cat=0
split_feature=4 23 25 15
split_gain=1.88278 2.0409 1.26317 0.450884
threshold=1.5000000000000002 0.50185950000000012 0.62888350000000015 0.34860600000000003
decision_type=10 10 2 10
left_child=1 2 -1 -3
right_child=-2 3 -4 -5
leaf_value=-0.0086934852139428521 0.014224450224111305 -0.019169798780456722 0.0026126084735344462 0
leaf_weight=8.3402107283472997 3.8524513021111479 3.9412668570876113 37.992022585123777 2.0821185670793056
leaf_count=166 37 33 307 12
internal_value=-5.30332e-05 -0.00235951 0 -0.015418
internal_weight=56.2081 52.3556 46.3322 6.02339
internal_count=555 518 473 45
is_linear=0
shrinkage=0.03


Tree=139
num_leaves=6
num_cat=0
split_feature=4 24 18 21 18
split_gain=2.53795 2.1935 1.87483 1.51631 0.309332
threshold=1.0000000180025095e-35 0.97144700000000006 0.3261150000000001 0.33112350000000007 0.27272650000000004
decision_type=10 2 10 10 10
left_child=1 3 -3 -1 -2
right_child=4 2 -4 -5 -6
leaf_value=-0.016224628552042389 0.017153051428366355 -0.0015633161814742891 0.013862383098301541 0.0026380019896095311 0
leaf_weight=10.432105341926214 4.8508771881461135 31.539219526574016 5.4888938814401618 0.91562533378601152 1.2508527413010595
leaf_count=142 43 331 24 3 8
internal_value=0 -0.0022174 0.000841423 -0.0123784 0.01494
internal_weight=54.4776 48.3758 37.0281 11.3477 6.10173
internal_count=551 500 355 145 51
is_linear=0
shrinkage=0.03


Tree=140
num_leaves=7
num_cat=0
split_feature=20 18 2 4 21 25
split_gain=1.95027 1.83222 2.97208 2.61164 1.24807 0.307926
threshold=0.45587550000000004 0.05848550000000001 1.0000000180025095e-35 1.0000000180025095e-35 0.24561150000000001 0.59367350000000008
decision_type=8 10 10 10 8 2
left_child=1 3 -3 -1 -2 -6
right_child=4 2 -4 -5 5 -7
leaf_value=-0.010553167566461366 -0.015455389966024271 -0.0003317741866974179 0.019147453603139516 0.012799500979034505 -0.0067784159784140714 0.0013596833898230473
leaf_weight=9.0244858227670175 4.0437166001647737 7.6785904392600086 12.18616623431444 3.2815997898578635 2.2696285955607918 15.937144309282301
leaf_count=84 38 53 67 31 66 195
internal_value=0.00107806 0.00599185 0.0112502 -0.00107768 -0.00470623 0
internal_weight=54.4213 32.1708 19.8648 12.3061 22.2505 18.2068
internal_count=534 235 120 115 299 261
is_linear=0
shrinkage=0.03


Tree=141
num_leaves=5
num_cat=0
split_feature=3 17 24 18
split_gain=2.15021 3.66675 2.89536 2.17909
threshold=1.5000000000000002 0.11441050000000001 0.98327150000000019 0.28458150000000004
decision_type=10 8 2 8
left_child=1 3 -3 -1
right_child=-2 2 -4 -5
leaf_value=-0.021582133369114902 0.014208070173578677 -0.0046363605579616048 0.011044299543731239 0.0002494593593350037
leaf_weight=9.4401898905634845 3.9470142759382716 23.285015540197492 13.991938088089226 2.2337011992931375
leaf_count=98 42 257 133 11
internal_value=-0.000763524 -0.00329895 0.000888777 -0.0161634
internal_weight=52.8979 48.9508 37.277 11.6739
internal_count=541 499 390 109
is_linear=0
shrinkage=0.03


Tree=142
num_leaves=6
num_cat=0
split_feature=25 20 5 20 15
split_gain=1.94342 1.77578 1.25324 1.1279 0.821059
threshold=0.58551750000000002 0.28479750000000009 1.5000000000000002 0.10929300000000002 0.3123105000000001
decision_type=2 10 8 10 10
left_child=4 3 -3 -2 -1
right_child=1 2 -4 -5 -6
leaf_value=-0.015157995706265085 0.0023127810107284501 -0.011402621341878746 0.0044760617085295093 0.014700837873940309 0
leaf_weight=4.847901325672864 33.046482335776091 7.4897419698536369 2.270697459578515 10.403180394321678 0.45478518679738034
leaf_count=128 318 54 10 60 3
internal_value=0.00146941 0.00381403 -0.00517369 0.00668262 -0.0113216
internal_weight=58.5128 53.2101 9.76044 43.4497 5.30269
internal_count=573 442 64 378 131
is_linear=0
shrinkage=0.03


Tree=143
num_leaves=6
num_cat=0
split_feature=3 18 22 17 15
split_gain=1.65472 1.41982 2.47355 1.87426 0.988804
threshold=1.0000000180025095e-35 0.29475650000000003 0.028162000000000003 0.10314250000000001 0.2283705
decision_type=10 10 10 8 10
left_child=1 3 -3 -1 -2
right_child=4 2 -4 -5 -6
leaf_value=-0.014256426893270462 0.017084178969935849 -0.008371694736771575 0.016381233849170167 0 0
leaf_weight=8.4465322289615852 5.0601804405450812 1.7118541784584502 6.6208564452826977 32.741603307425976 0.97079788520932186
leaf_count=87 46 17 30 362 9
internal_value=0.000597179 -0.000951299 0.00777884 -0.0038046 0.0127261
internal_weight=55.5518 49.5208 8.33271 41.1881 6.03098
internal_count=551 496 47 449 55
is_linear=0
shrinkage=0.03


Tree=144
num_leaves=6
num_cat=0
split_feature=4 16 15 7 16
split_gain=1.4893 2.4438 3.5516 2.76385 0.785031
threshold=1.0000000180025095e-35 0.14787050000000004 0.15843350000000003 1.0000000180025095e-35 0.28486050000000002
decision_type=10 8 8 8 10
left_child=1 2 -1 -3 -2
right_child=4 3 -4 -5 -6
leaf_value=-0.019953753078346584 0.01631009918185897 0.012524660338828222 0.0036905033720963198 -0.0030233448635853281 0
leaf_weight=9.6290140785276854 4.5192463509738436 13.439110668376086 5.7861632630229005 20.254000961780548 1.3616411387920377
leaf_count=106 44 79 32 284 8
internal_value=0.000400209 -0.00103595 -0.0102943 0.00287764 0.0120697
internal_weight=54.9892 49.1083 15.4152 33.6931 5.88089
internal_count=553 501 138 363 52
is_linear=0
shrinkage=0.03


Tree=145
num_leaves=7
num_cat=0
split_feature=24 25 22 2 25 19
split_gain=1.99184 2.71785 1.42281 1.25511 0.849876 0.210045
threshold=0.97673100000000013 0.61973650000000013 0.054184000000000003 1.0000000180025095e-35 0.76697000000000004 0.21262200000000001
decision_type=2 2 8 8 2 10
left_child=2 5 -1 -3 -4 -2
right_child=1 3 4 -5 -6 -7
leaf_value=-0.016966218166840491 -0.013676573077478183 -0.00026070187928819321 0.0034453272832369345 0.011054420859789962 -0.0093375655532198908 0
leaf_weight=5.6229322422295835 3.1994027215987439 5.7589251473546055 10.256218092516063 23.150329370051622 3.967915527522563 0.63496986404061306
leaf_count=76 75 37 125 195 36 4
internal_value=0 0.00406644 -0.00725213 0.00804761 0 -0.0119168
internal_weight=52.5907 32.7436 19.8471 28.9093 14.2241 3.83437
internal_count=548 311 237 232 161 79
is_linear=0
shrinkage=0.03


Tree=146
num_leaves=6
num_cat=0
split_feature=20 25 24 24 21
split_gain=1.66738 1.5731 2.73012 0.920666 0.641248
threshold=0.47980200000000006 0.58551750000000002 0.95943100000000014 0.95481950000000004 0.23566500000000004
decision_type=10 2 2 2 10
left_child=1 3 -3 -1 -2
right_child=4 2 -4 -5 -6
leaf_value=0 -0.017039848809261605 -0.013005641114341724 0.0071026626678476991 -0.014867209017403987 0
leaf_weight=0.77267462387680907 3.2440724950283757 3.2923450935631982 44.220342773944139 3.8756829760968685 1.05899441242218
leaf_count=10 38 38 360 108 5
internal_value=0 0.00219082 0.0044257 -0.00950616 -0.0130088
internal_weight=56.4641 52.161 47.5127 4.64836 4.30307
internal_count=559 516 398 118 43
is_linear=0
shrinkage=0.03


Tree=147
num_leaves=6
num_cat=0
split_feature=25 23 23 24 21
split_gain=1.32404 1.17552 2.07787 1.30644 0.238373
threshold=0.89971800000000013 0.00089200000000000011 0.57592050000000017 0.98943500000000018 0.021265500000000003
decision_type=2 8 8 2 10
left_child=1 3 -3 -1 -2
right_child=4 2 -4 -5 -6
leaf_value=-0.016860687841379854 0.012207932609369506 0.0074478348855764971 -0.0059375144529783055 0 0
leaf_weight=5.9689974617212993 4.3160395063459864 16.004953645169735 20.14274506084621 2.8048954419791698 2.0141052789986134
leaf_count=83 39 86 275 33 15
internal_value=-4.89644e-05 -0.00256778 0 -0.0108025 0.00968854
internal_weight=51.2517 44.9216 36.1477 8.77389 6.33014
internal_count=531 477 361 116 54
is_linear=0
shrinkage=0.03


Tree=148
num_leaves=6
num_cat=0
split_feature=25 19 22 16 9
split_gain=1.86557 2.07877 1.8132 0.893137 0.848752
threshold=0.85472900000000007 0.12293150000000001 0.054184000000000003 0.023536500000000005 8.5431960000000018
decision_type=2 10 10 10 8
left_child=1 4 -3 -2 -1
right_child=3 2 -4 -5 -6
leaf_value=-0.014827817868348652 0.015038295999357406 -0.0026828042323386483 0.013375661267165148 0 -0.001207773459687081
leaf_weight=9.512261029332878 6.1546714901924116 9.3385674096643942 7.1292034871876231 5.6887860409915447 15.610803114250301
leaf_count=92 63 83 37 39 237
internal_value=0 -0.00304153 0.00371809 0.00923712 -0.00846306
internal_weight=53.4343 41.5908 16.4678 11.8435 25.1231
internal_count=551 449 120 102 329
is_linear=0
shrinkage=0.03


Tree=149
num_leaves=7
num_cat=0
split_feature=24 17 2 20 3 2
split_gain=1.89806 1.6508 1.45027 1.27709 1.22727 0.721312
threshold=0.97144700000000006 0.11441050000000001 0.25833350000000005 0.24531400000000003 1.5000000000000002 0.042241500000000008
decision_type=2 8 8 8 8 10
left_child=2 4 5 -3 -2 -1
right_child=1 3 -4 -5 -6 -7
leaf_value=-0.0049287600239480431 -0.01010297925113833 0.013752230374272792 -0.016133692181624838 0 0.0058992613403741328 0.0097141546330484687
leaf_weight=3.4505961984395954 9.0153660532087052 11.661344800144436 6.9393336139619359 17.485572267323732 1.7913604006171233 2.2188812345266342
leaf_count=33 87 64 119 210 20 10
internal_value=0 0.00315042 -0.00906248 0.00710636 -0.00457208 0
internal_weight=52.5625 39.9536 12.6088 29.1469 10.8067 5.66948
internal_count=543 381 162 274 107 43
is_linear=0
shrinkage=0.03


Tree=150
num_leaves=6
num_cat=0
split_feature=4 2 24 24 24
split_gain=2.6704 2.79859 2.24443 2.18785 0.186039
threshold=1.0000000180025095e-35 0.32575750000000009 0.98782300000000012 0.98850850000000012 0.98895750000000004
decision_type=10 10 2 2 2
left_child=1 2 -1 -3 -2
right_child=4 3 -4 -5 -6
leaf_value=0.0041267885260702014 0.015611691992102951 -0.021059524360790879 -0.012749365647800126 0 0
leaf_weight=28.990259483456612 4.1633970327675334 9.1239340454339963 6.0754240304231635 3.1000665165483943 2.1339551508426666
leaf_count=302 37 89 73 34 19
internal_value=-0.00106603 -0.00420496 0 -0.0149617 0.0130298
internal_weight=53.587 47.2897 35.0657 12.224 6.29735
internal_count=554 498 375 123 56
is_linear=0
shrinkage=0.03


Tree=151
num_leaves=7
num_cat=0
split_feature=24 25 24 15 15 24
split_gain=2.46232 2.20895 1.54445 1.13635 0.978452 0.0982092
threshold=0.98226700000000011 0.61973650000000013 0.98782300000000012 0.021924500000000003 0.054396000000000007 0.96017500000000011
decision_type=2 2 2 8 8 2
left_child=3 -2 -3 5 -5 -1
right_child=1 2 -4 4 -6 -7
leaf_value=0 -0.0090319403129162333 0.016457372684379273 0 0.0084517767587086595 -0.0045418031167653227 -0.018252900944087918
leaf_weight=0.31317753344774546 2.6864051520824459 11.861018642783167 10.174094941467045 2.6177142187953022 23.062895523384213 3.4772979002445936
leaf_count=4 62 92 87 13 254 53
internal_value=0 0.00633024 0.0102593 -0.00583417 -0.0014258 -0.0174581
internal_weight=54.1926 24.7215 22.0351 29.4711 25.6806 3.79048
internal_count=565 241 179 324 267 57
is_linear=0
shrinkage=0.03


Tree=152
num_leaves=5
num_cat=0
split_feature=3 16 18 7
split_gain=1.79597 2.01714 1.76222 1.34049
threshold=1.5000000000000002 0.18306150000000002 0.29475650000000003 1.0000000180025095e-35
decision_type=10 8 8 10
left_child=1 2 -1 -3
right_child=-2 3 -4 -5
leaf_value=-0.015918812709875958 0.013078562372811454 0.0031682772418280213 0.0010044760311569802 -0.012995874139827916
leaf_weight=12.516382908448573 3.5728152096271506 31.374884037300944 3.3433020971715459 2.1247682422399512
leaf_count=124 41 356 21 13
internal_value=-0.000936124 -0.00321475 -0.0111683 0.000337217
internal_weight=52.9322 49.3593 15.8597 33.4997
internal_count=555 514 145 369
is_linear=0
shrinkage=0.03


Tree=153
num_leaves=4
num_cat=0
split_feature=25 24 24
split_gain=1.98716 1.96918 1.76751
threshold=0.58551750000000002 0.95943100000000014 0.98782300000000012
decision_type=2 2 2
left_child=-1 -2 -3
right_child=1 2 -4
leaf_value=-0.014721634226351983 -0.013267670057008057 0.0072788634506009853 -0.0044342881064359111
leaf_weight=4.7546541579067698 3.4734031800180665 35.902827374637127 10.796626463532446
leaf_count=136 44 291 95
internal_value=-0.000139105 0.00143124 0.00386302
internal_weight=54.9275 50.1729 46.6995
internal_count=566 430 386
is_linear=0
shrinkage=0.03


Tree=154
num_leaves=4
num_cat=0
split_feature=3 24 19
split_gain=2.5417 1.47989 1.34774
threshold=1.5000000000000002 0.95943100000000014 0.11450050000000002
decision_type=10 2 8
left_child=1 -1 -3
right_child=-2 2 -4
leaf_value=-0.018740186523126683 0.013623287709448602 -0.0095300311073553325 0.00026804244946359711
leaf_weight=4.197583593428134 3.774231292307376 13.304387982934712 33.183615671470761
leaf_count=63 44 106 355
internal_value=-0.00275461 -0.00522611 -0.00233759
internal_weight=54.4598 50.6856 46.488
internal_count=568 524 461
is_linear=0
shrinkage=0.03


Tree=155
num_leaves=5
num_cat=0
split_feature=20 19 23 15
split_gain=2.07276 1.37135 1.68992 0.595661
threshold=0.47980200000000006 0.0093390000000000018 0.82154200000000011 0.16894050000000002
decision_type=10 10 10 8
left_child=1 3 -3 -1
right_child=-2 2 -4 -5
leaf_value=-0.0095234468485840395 -0.013872982994406693 0.011019779887484099 -0.0060132851868596234 0.00056225557609348358
leaf_weight=2.9191930033266571 3.3458993379026643 24.391150899231437 2.0137759596109381 19.127390326932073
leaf_count=53 38 158 16 270
internal_value=0.00145497 0.00384372 0.00821955 -0.000556159
internal_weight=51.7974 48.4515 26.4049 22.0466
internal_count=535 497 174 323
is_linear=0
shrinkage=0.03


Tree=156
num_leaves=5
num_cat=0
split_feature=3 17 19 15
split_gain=1.34457 1.22058 0.649534 0.140209
threshold=1.0000000180025095e-35 0.061772500000000001 0.022833500000000003 0.17304900000000004
decision_type=10 8 8 10
left_child=1 -1 -3 -2
right_child=3 2 -4 -5
leaf_value=-0.011346720371842541 0.01432924945812333 -0.0073875105922178805 0.00289478132314768 0
leaf_weight=5.0652785301208487 3.8330224156379691 2.3665985744446507 39.182870274409652 1.0083795078098772
leaf_count=63 39 18 401 9
internal_value=0.00112035 -0.000182407 0.00117767 0.0127605
internal_weight=51.4561 46.6147 41.5495 4.8414
internal_count=530 482 419 48
is_linear=0
shrinkage=0.03


Tree=157
num_leaves=6
num_cat=0
split_feature=25 23 16 16 22
split_gain=1.90557 1.32513 1.8329 0.979147 0.807541
threshold=0.63472250000000008 0.50185950000000012 0.13418850000000002 0.073521500000000017 0.054184000000000003
decision_type=2 8 8 10 10
left_child=4 2 -2 -3 -1
right_child=1 3 -4 -5 -6
leaf_value=-0.013193332034998144 0 0.0014039075787799112 0.015063044431161259 -0.011715714818485216 0
leaf_weight=7.209528421983121 11.671484287828209 17.230650421231989 12.556467819958923 3.1919648982584468 1.3443849757313726
leaf_count=172 89 197 65 23 9
internal_value=0.000746409 0.00382182 0.0083096 -0.000603747 -0.00953448
internal_weight=53.2045 44.6506 24.228 20.4226 8.55391
internal_count=555 374 154 220 181
is_linear=0
shrinkage=0.03


Tree=158
num_leaves=6
num_cat=0
split_feature=4 16 15 24 16
split_gain=2.04246 2.07737 1.97964 1.61336 1.02346
threshold=1.0000000180025095e-35 0.14787050000000004 0.15843350000000003 0.98251600000000006 0.30867350000000005
decision_type=10 8 8 2 10
left_child=1 2 -1 -3 -2
right_child=4 3 -4 -5 -6
leaf_value=-0.017694805170709944 0.017185607308709917 -0.0039904250333255478 0 0.008010381102038373 0
leaf_weight=9.9859688542783225 4.8818124048411837 18.471946530044079 5.2123686410486707 14.572650685906408 1.1452393755316732
leaf_count=107 46 225 32 150 7
internal_value=-0.000106845 -0.00290396 -0.0112037 0.000695845 0.0124834
internal_weight=54.27 48.2429 15.1983 33.0446 6.02705
internal_count=567 514 139 375 53
is_linear=0
shrinkage=0.03


Tree=159
num_leaves=6
num_cat=0
split_feature=20 22 15 25 21
split_gain=2.28958 3.78164 1.45376 1.42641 0.738949
threshold=0.28479750000000009 0.03981450000000001 0.021924500000000003 0.89971800000000013 0.29816800000000004
decision_type=10 10 10 2 8
left_child=1 3 -3 -1 -2
right_child=4 2 -4 -5 -6
leaf_value=-0.0063311266823098417 -0.01528470898054113 0 0.017067553296625553 0.0087641713914185966 0
leaf_weight=26.562938114628199 7.6986418925225708 1.7739282101392735 12.770020142197607 2.8183896206319323 1.340617939829827
leaf_count=366 69 11 76 29 6
internal_value=-0.000262661 0.00221436 0.0136846 -0.00327884 -0.0123437
internal_weight=52.9645 43.9253 14.5439 29.3813 9.03926
internal_count=557 482 87 395 75
is_linear=0
shrinkage=0.03


end of trees

feature_importances:
embedding_cosine_gte_multilingual_base=110
reranker_score_gte_multilingual_reranker_base=87
shared_description_count_capped=72
profile_category_jaccard=52
max_category_share_percentile_gap_abs=52
repeated_title_share_percentile_gap_abs=50
shared_title_count_capped=47
description_length_median_percentile_gap_abs=43
price_median_percentile_gap_abs=42
repeated_description_share_percentile_gap_abs=38
shared_category_count_capped=33
punct_ratio_mean_percentile_gap_abs=32
item_count_percentile_gap_abs=27
title_length_median_percentile_gap_abs=25
digit_ratio_mean_percentile_gap_abs=21
shared_description_idf_sum=12
shared_description_idf_mean=10
shared_title_idf_sum=3
same_market_raw_bool=2
shared_title_idf_mean=2
shared_low_df_sentence_count=1

parameters:
[boosting: gbdt]
[objective: binary]
[metric: binary_logloss,auc]
[tree_learner: serial]
[device_type: cpu]
[data_sample_strategy: bagging]
[data: ]
[valid: ]
[num_iterations: 160]
[learning_rate: 0.03]
[num_leaves: 7]
[num_threads: 0]
[seed: 20260322]
[deterministic: 1]
[force_col_wise: 1]
[force_row_wise: 0]
[histogram_pool_size: -1]
[max_depth: 3]
[min_data_in_leaf: 10]
[min_sum_hessian_in_leaf: 0.001]
[bagging_fraction: 0.8]
[pos_bagging_fraction: 1]
[neg_bagging_fraction: 1]
[bagging_freq: 1]
[bagging_seed: 20260322]
[bagging_by_query: 0]
[feature_fraction: 0.6]
[feature_fraction_bynode: 1]
[feature_fraction_seed: 20260322]
[extra_trees: 0]
[extra_seed: 18836]
[early_stopping_round: 0]
[early_stopping_min_delta: 0]
[first_metric_only: 0]
[max_delta_step: 0]
[lambda_l1: 1]
[lambda_l2: 3]
[linear_lambda: 0]
[min_gain_to_split: 0.05]
[drop_rate: 0.1]
[max_drop: 50]
[skip_drop: 0.5]
[xgboost_dart_mode: 0]
[uniform_drop: 0]
[drop_seed: 22382]
[top_rate: 0.2]
[other_rate: 0.1]
[min_data_per_group: 100]
[max_cat_threshold: 32]
[cat_l2: 10]
[cat_smooth: 10]
[max_cat_to_onehot: 4]
[top_k: 20]
[monotone_constraints: ]
[monotone_constraints_method: basic]
[monotone_penalty: 0]
[feature_contri: ]
[forcedsplits_filename: ]
[refit_decay_rate: 0.9]
[cegb_tradeoff: 1]
[cegb_penalty_split: 0]
[cegb_penalty_feature_lazy: ]
[cegb_penalty_feature_coupled: ]
[path_smooth: 0]
[interaction_constraints: ]
[verbosity: -1]
[saved_feature_importance_type: 0]
[use_quantized_grad: 0]
[num_grad_quant_bins: 4]
[quant_train_renew_leaf: 0]
[stochastic_rounding: 1]
[linear_tree: 0]
[max_bin: 255]
[max_bin_by_feature: ]
[min_data_in_bin: 3]
[bin_construct_sample_cnt: 200000]
[data_random_seed: 20260322]
[is_enable_sparse: 1]
[enable_bundle: 1]
[use_missing: 1]
[zero_as_missing: 0]
[feature_pre_filter: 1]
[pre_partition: 0]
[two_round: 0]
[header: 0]
[label_column: ]
[weight_column: ]
[group_column: ]
[ignore_column: ]
[categorical_feature: ]
[forcedbins_filename: ]
[precise_float_parser: 0]
[parser_config_file: ]
[objective_seed: 31326]
[num_class: 1]
[is_unbalance: 0]
[scale_pos_weight: 1]
[sigmoid: 1]
[boost_from_average: 1]
[reg_sqrt: 0]
[alpha: 0.9]
[fair_c: 1]
[poisson_max_delta_step: 0.7]
[tweedie_variance_power: 1.5]
[lambdarank_truncation_level: 30]
[lambdarank_norm: 1]
[label_gain: ]
[lambdarank_position_bias_regularization: 0]
[eval_at: ]
[multi_error_top_k: 1]
[auc_mu_weights: ]
[num_machines: 1]
[local_listen_port: 12400]
[time_out: 120]
[machine_list_filename: ]
[machines: ]
[gpu_platform_id: -1]
[gpu_device_id: -1]
[gpu_use_dp: 0]
[num_gpu: 1]

end of parameters

pandas_categorical:null
