audit_version,audit_cluster_set_id,decision,confidence,recommended_action,rationale,unique_seller_count,scorer_appearance_count,best_scorer_token,best_family,best_source_summary,best_cluster_id,best_cluster_rank,best_graph_threshold,max_cluster_score_mean,max_edge_count,max_contact_edges,max_pgp_edges,max_identifier_edges,max_title_clone_edges,max_description_clone_edges,edge_stratum_counts,top_categories,contact_member_preview_count,seller_raw_members,appearances
codex_step11_cluster_level_audit_current_manifest,fe95424056fa,same_controller_high_confidence,high,can_support_same_controller_core_claim,All retained edges in the strongest observed cluster are identifier/contact anchored.,8,3,identifier_augmented_few_shot_default_lr_l2_ratio_100pct_seed_20260320,step9,reports\step11_identifier_augmented_few_shot_default_lr_l2_ratio_100pct_seed_20260320_clustering_summary.json,zh_target_strict_identifier_augmented_few_shot_default_lr_l2_ratio_100pct_seed_20260320_thr_0460000_c0001,1,0.46,0.971664,13,13,0,13,0,0,identifier_primary:39,数据资源,0,361068 || 446965 || 45068 || 465763 || 501102 || 537697 || 596304 || 70840,identifier_augmented_few_shot_default_lr_l2_ratio_100pct_seed_20260320:rank1:thr0460000 || identifier_augmented_few_shot_default_lr_l2_ratio_100pct_seed_20260321:rank1:thr0460000 || identifier_augmented_few_shot_default_lr_l2_ratio_100pct_seed_20260322:rank1:thr0460000
codex_step11_cluster_level_audit_current_manifest,974e847b7611,same_controller_high_confidence,high,can_support_same_controller_core_claim,All retained edges in the strongest observed cluster are identifier/contact anchored.,7,3,identifier_augmented_few_shot_default_lr_l2_ratio_100pct_seed_20260320,step9,reports\step11_identifier_augmented_few_shot_default_lr_l2_ratio_100pct_seed_20260320_clustering_summary.json,zh_target_strict_identifier_augmented_few_shot_default_lr_l2_ratio_100pct_seed_20260320_thr_0460000_c0003,3,0.46,0.984899,12,12,0,12,0,0,identifier_primary:36,数据资源 | 私人专拍,0,121394 || 149940 || 157835 || 312538 || 435064 || 436422 || 95895,identifier_augmented_few_shot_default_lr_l2_ratio_100pct_seed_20260320:rank3:thr0460000 || identifier_augmented_few_shot_default_lr_l2_ratio_100pct_seed_20260321:rank3:thr0460000 || identifier_augmented_few_shot_default_lr_l2_ratio_100pct_seed_20260322:rank3:thr0460000
codex_step11_cluster_level_audit_current_manifest,c2790ea101e6,same_controller_high_confidence,high,can_support_same_controller_core_claim,All retained edges in the strongest observed cluster are identifier/contact anchored.,4,4,core_few_shot_bge_m3_residual_lr_ratio_100pct_seed_20260320,step9,reports\step11_core_few_shot_bge_m3_residual_lr_ratio_100pct_seed_20260320_clustering_summary.json,zh_target_strict_core_few_shot_bge_m3_residual_lr_ratio_100pct_seed_20260320_thr_0735000_c0015,15,0.735,0.834675,5,5,0,5,0,0,identifier_primary:20,数据资源 | 私人专拍,0,121394 || 157835 || 435064 || 95895,core_few_shot_bge_m3_residual_lr_ratio_100pct_seed_20260320:rank15:thr0735000 || core_few_shot_bge_m3_residual_lr_ratio_100pct_seed_20260321:rank15:thr0735000 || core_few_shot_bge_m3_residual_lr_ratio_100pct_seed_20260322:rank15:thr0735000 || core_zero_shot_bge_m3:rank21:thr0483444
codex_step11_cluster_level_audit_current_manifest,676ce82c6984,same_controller_high_confidence,high,can_support_same_controller_core_claim,All retained edges in the strongest observed cluster are identifier/contact anchored.,3,3,identifier_augmented_few_shot_default_lr_l2_ratio_100pct_seed_20260320,step9,reports\step11_identifier_augmented_few_shot_default_lr_l2_ratio_100pct_seed_20260320_clustering_summary.json,zh_target_strict_identifier_augmented_few_shot_default_lr_l2_ratio_100pct_seed_20260320_thr_0460000_c0009,9,0.46,0.999823,3,3,0,3,1,3,identifier_plus_text:9,数据 | 数据资源 | 虚拟 | 服务,3,/shop/3501 || /shop/9484 || 564091,identifier_augmented_few_shot_default_lr_l2_ratio_100pct_seed_20260320:rank9:thr0460000 || identifier_augmented_few_shot_default_lr_l2_ratio_100pct_seed_20260321:rank9:thr0460000 || identifier_augmented_few_shot_default_lr_l2_ratio_100pct_seed_20260322:rank9:thr0460000
codex_step11_cluster_level_audit_current_manifest,a4039451e1fa,same_controller_high_confidence,high,can_support_same_controller_core_claim,All retained edges in the strongest observed cluster are identifier/contact anchored.,3,4,identifier_augmented_few_shot_default_lr_l2_ratio_100pct_seed_20260320,step9,reports\step11_identifier_augmented_few_shot_default_lr_l2_ratio_100pct_seed_20260320_clustering_summary.json,zh_target_strict_identifier_augmented_few_shot_default_lr_l2_ratio_100pct_seed_20260320_thr_0460000_c0013,13,0.46,0.879501,3,3,0,3,0,0,identifier_primary:12,数据 | 技术 | 四件套号卡,3,/shop/396538 || /shop/409272 || /shop/9838,core_zero_shot_bge_m3:rank47:thr0483444 || identifier_augmented_few_shot_default_lr_l2_ratio_100pct_seed_20260320:rank13:thr0460000 || identifier_augmented_few_shot_default_lr_l2_ratio_100pct_seed_20260321:rank13:thr0460000 || identifier_augmented_few_shot_default_lr_l2_ratio_100pct_seed_20260322:rank13:thr0460000
codex_step11_cluster_level_audit_current_manifest,ca5b7018ea12,same_controller_high_confidence,high,can_support_same_controller_core_claim,All retained edges in the strongest observed cluster are identifier/contact anchored.,3,3,identifier_augmented_few_shot_default_lr_l2_ratio_100pct_seed_20260320,step9,reports\step11_identifier_augmented_few_shot_default_lr_l2_ratio_100pct_seed_20260320_clustering_summary.json,zh_target_strict_identifier_augmented_few_shot_default_lr_l2_ratio_100pct_seed_20260320_thr_0460000_c0012,12,0.46,0.888916,3,3,0,3,0,0,identifier_primary:9,数据资源 | 私人专拍,0,534628 || 562478 || 605663,identifier_augmented_few_shot_default_lr_l2_ratio_100pct_seed_20260320:rank12:thr0460000 || identifier_augmented_few_shot_default_lr_l2_ratio_100pct_seed_20260321:rank12:thr0460000 || identifier_augmented_few_shot_default_lr_l2_ratio_100pct_seed_20260322:rank12:thr0460000
codex_step11_cluster_level_audit_current_manifest,f7f70f2184be,same_controller_high_confidence,high,can_support_same_controller_core_claim,All retained edges in the strongest observed cluster are identifier/contact anchored.,3,4,identifier_augmented_few_shot_default_lr_l2_ratio_100pct_seed_20260320,step9,reports\step11_identifier_augmented_few_shot_default_lr_l2_ratio_100pct_seed_20260320_clustering_summary.json,zh_target_strict_identifier_augmented_few_shot_default_lr_l2_ratio_100pct_seed_20260320_thr_0460000_c0011,11,0.46,0.984366,3,3,0,3,0,0,identifier_primary:12,数据资源 | 私人专拍 | 技术技能 | 虚拟物品 | 数据,1,/shop/400997 || 51470 || 54210,core_zero_shot_bge_m3:rank38:thr0483444 || identifier_augmented_few_shot_default_lr_l2_ratio_100pct_seed_20260320:rank11:thr0460000 || identifier_augmented_few_shot_default_lr_l2_ratio_100pct_seed_20260321:rank11:thr0460000 || identifier_augmented_few_shot_default_lr_l2_ratio_100pct_seed_20260322:rank11:thr0460000
codex_step11_cluster_level_audit_current_manifest,99153ceddb34,same_controller_core_with_possible_expansion,high,use_only_identifier_core_for_claim; review_expansion_edges_separately,Multiple identifier/contact edges support a same-controller core; non-identifier expansion must be kept separate.,9,3,core_few_shot_labse_lr_l2_ratio_100pct_seed_20260320,step9,reports\step11_core_few_shot_labse_lr_l2_ratio_100pct_seed_20260320_clustering_summary.json,zh_target_strict_core_few_shot_labse_lr_l2_ratio_100pct_seed_20260320_thr_0470000_c0002,2,0.47,0.597128,13,3,0,3,3,3,identifier_primary:9 | semantic_only:3 | semantic_structural:18 | text_clone_primary:9,数据资源 | 私人专拍 | 数据,0,/shop/446569 || 121394 || 149940 || 312538 || 395687 || 430378 || 596096 || 605607 || 605912,core_few_shot_labse_lr_l2_ratio_100pct_seed_20260320:rank2:thr0470000 || core_few_shot_labse_lr_l2_ratio_100pct_seed_20260321:rank2:thr0470000 || core_few_shot_labse_lr_l2_ratio_100pct_seed_20260322:rank2:thr0470000
codex_step11_cluster_level_audit_current_manifest,161e8345632c,partial_anchor,medium,retain_anchor_pair/core; do_not_claim_full_cluster_without_pair_level_rereview,"At least one direct identifier/contact edge exists, but the component also contains template or semantic expansion.",7,3,identifier_augmented_few_shot_default_lr_l2_ratio_100pct_seed_20260320,step9,reports\step11_identifier_augmented_few_shot_default_lr_l2_ratio_100pct_seed_20260320_clustering_summary.json,zh_target_strict_identifier_augmented_few_shot_default_lr_l2_ratio_100pct_seed_20260320_thr_0460000_c0004,4,0.46,0.744405,13,1,0,1,0,2,identifier_plus_text:3 | semantic_only:6 | semantic_structural:27 | text_clone_primary:3,实物 | 四件套号卡 | 洗车精洗 | 实体物品,6,/shop/403489 || /shop/435963 || /shop/442431 || /shop/444654 || /shop/459141 || /shop/462494 || 593068,identifier_augmented_few_shot_default_lr_l2_ratio_100pct_seed_20260320:rank4:thr0460000 || identifier_augmented_few_shot_default_lr_l2_ratio_100pct_seed_20260321:rank4:thr0460000 || identifier_augmented_few_shot_default_lr_l2_ratio_100pct_seed_20260322:rank4:thr0460000
codex_step11_cluster_level_audit_current_manifest,89eb3036748e,partial_anchor,medium,retain_anchor_pair/core; do_not_claim_full_cluster_without_pair_level_rereview,"At least one direct identifier/contact edge exists, but the component also contains template or semantic expansion.",6,1,core_zero_shot_bge_m3,step7,reports\step11_core_zero_shot_bge_m3_clustering_summary.json,zh_target_strict_core_zero_shot_bge_m3_thr_0483444_c0003,3,0.483444,0.505249,9,1,0,1,3,9,identifier_plus_text:1 | text_clone_primary:8,技术 | 服务 | 实物 | 担保私拍 | 站内充提 | 虚拟 | 四件套号卡,3,/shop/398130 || /shop/448945 || /shop/452097 || /shop/452596 || /shop/463004 || /shop/463446,core_zero_shot_bge_m3:rank3:thr0483444
codex_step11_cluster_level_audit_current_manifest,b18a7b09dd7f,partial_anchor,medium,retain_anchor_pair/core; do_not_claim_full_cluster_without_pair_level_rereview,"At least one direct identifier/contact edge exists, but the component also contains template or semantic expansion.",4,4,core_few_shot_bge_m3_residual_lr_ratio_100pct_seed_20260320,step9,reports\step11_core_few_shot_bge_m3_residual_lr_ratio_100pct_seed_20260320_clustering_summary.json,zh_target_strict_core_few_shot_bge_m3_residual_lr_ratio_100pct_seed_20260320_thr_0735000_c0014,14,0.735,0.882295,5,1,0,1,0,3,identifier_plus_text:4 | semantic_only:4 | semantic_structural:4 | text_clone_primary:8,四件套号卡 | 实物 | 虚拟 | 技术 | 洗车精洗 | 服务,4,/shop/410559 || /shop/413373 || /shop/427106 || /shop/427922,core_few_shot_bge_m3_residual_lr_ratio_100pct_seed_20260320:rank14:thr0735000 || core_few_shot_bge_m3_residual_lr_ratio_100pct_seed_20260321:rank14:thr0735000 || core_few_shot_bge_m3_residual_lr_ratio_100pct_seed_20260322:rank14:thr0735000 || core_zero_shot_bge_m3:rank17:thr0483444
codex_step11_cluster_level_audit_current_manifest,11cd96190fe3,partial_anchor,medium,retain_anchor_pair/core; do_not_claim_full_cluster_without_pair_level_rereview,"At least one direct identifier/contact edge exists, but the component also contains template or semantic expansion.",3,3,core_few_shot_bge_m3_residual_lr_ratio_100pct_seed_20260320,step9,reports\step11_core_few_shot_bge_m3_residual_lr_ratio_100pct_seed_20260320_clustering_summary.json,zh_target_strict_core_few_shot_bge_m3_residual_lr_ratio_100pct_seed_20260320_thr_0735000_c0022,22,0.735,0.882654,3,1,0,1,1,3,identifier_plus_text:3 | text_clone_primary:6,数据 | 技术 | 其它 | 洗车精洗 | 虚拟,2,/shop/449035 || /shop/461222 || /shop/5592,core_few_shot_bge_m3_residual_lr_ratio_100pct_seed_20260320:rank22:thr0735000 || core_few_shot_bge_m3_residual_lr_ratio_100pct_seed_20260321:rank22:thr0735000 || core_few_shot_bge_m3_residual_lr_ratio_100pct_seed_20260322:rank22:thr0735000
codex_step11_cluster_level_audit_current_manifest,2f110123e6d8,partial_anchor,medium,retain_anchor_pair/core; do_not_claim_full_cluster_without_pair_level_rereview,"At least one direct identifier/contact edge exists, but the component also contains template or semantic expansion.",3,1,core_zero_shot_bge_m3,step7,reports\step11_core_zero_shot_bge_m3_clustering_summary.json,zh_target_strict_core_zero_shot_bge_m3_thr_0483444_c0034,34,0.483444,0.500811,3,1,0,1,1,0,identifier_primary:1 | semantic_only:1 | text_clone_primary:1,数据 | 技术,2,/shop/428039 || /shop/436689 || /shop/438208,core_zero_shot_bge_m3:rank34:thr0483444
codex_step11_cluster_level_audit_current_manifest,d52a2ae2245c,partial_anchor,medium,retain_anchor_pair/core; do_not_claim_full_cluster_without_pair_level_rereview,"At least one direct identifier/contact edge exists, but the component also contains template or semantic expansion.",3,3,core_few_shot_labse_lr_l2_ratio_100pct_seed_20260320,step9,reports\step11_core_few_shot_labse_lr_l2_ratio_100pct_seed_20260320_clustering_summary.json,zh_target_strict_core_few_shot_labse_lr_l2_ratio_100pct_seed_20260320_thr_0470000_c0030,30,0.47,0.842567,3,1,0,1,1,3,identifier_plus_text:3 | text_clone_primary:6,技术 | 服务 | 站内充提 | 虚拟,2,/shop/398130 || /shop/452097 || /shop/452596,core_few_shot_labse_lr_l2_ratio_100pct_seed_20260320:rank30:thr0470000 || core_few_shot_labse_lr_l2_ratio_100pct_seed_20260321:rank30:thr0470000 || core_few_shot_labse_lr_l2_ratio_100pct_seed_20260322:rank30:thr0470000
codex_step11_cluster_level_audit_current_manifest,d8ca5cad680d,template_clone_not_controller,low,use_for_review_discovery_only,The cluster is dominated by clone/template evidence without a seller-specific identity anchor.,10,3,core_few_shot_labse_lr_l2_ratio_100pct_seed_20260320,step9,reports\step11_core_few_shot_labse_lr_l2_ratio_100pct_seed_20260320_clustering_summary.json,zh_target_strict_core_few_shot_labse_lr_l2_ratio_100pct_seed_20260320_thr_0470000_c0001,1,0.47,0.761267,18,0,0,0,0,3,semantic_only:15 | semantic_structural:30 | text_clone_primary:9,实物 | 四件套号卡 | 洗车精洗 | 服务 | 虚拟 | 实体物品,9,/shop/403489 || /shop/407049 || /shop/435963 || /shop/442431 || /shop/444654 || /shop/454420 || /shop/459141 || /shop/462494 || /shop/462498 || 593068,core_few_shot_labse_lr_l2_ratio_100pct_seed_20260320:rank1:thr0470000 || core_few_shot_labse_lr_l2_ratio_100pct_seed_20260321:rank1:thr0470000 || core_few_shot_labse_lr_l2_ratio_100pct_seed_20260322:rank1:thr0470000
codex_step11_cluster_level_audit_current_manifest,19e35a34558c,template_clone_not_controller,low,use_for_review_discovery_only,The cluster is dominated by clone/template evidence without a seller-specific identity anchor.,7,3,core_few_shot_labse_lr_l2_ratio_100pct_seed_20260320,step9,reports\step11_core_few_shot_labse_lr_l2_ratio_100pct_seed_20260320_clustering_summary.json,zh_target_strict_core_few_shot_labse_lr_l2_ratio_100pct_seed_20260320_thr_0470000_c0006,6,0.47,0.599064,12,0,0,0,5,5,semantic_structural:21 | text_clone_primary:15,数据资源 | 数据,0,/shop/446566 || 596152 || 604722 || 605480 || 605877 || 605880 || 605886,core_few_shot_labse_lr_l2_ratio_100pct_seed_20260320:rank6:thr0470000 || core_few_shot_labse_lr_l2_ratio_100pct_seed_20260321:rank6:thr0470000 || core_few_shot_labse_lr_l2_ratio_100pct_seed_20260322:rank6:thr0470000
codex_step11_cluster_level_audit_current_manifest,23b83582f825,template_clone_not_controller,low,use_for_review_discovery_only,The cluster is dominated by clone/template evidence without a seller-specific identity anchor.,8,3,identifier_augmented_few_shot_default_lr_l2_ratio_100pct_seed_20260320,step9,reports\step11_identifier_augmented_few_shot_default_lr_l2_ratio_100pct_seed_20260320_clustering_summary.json,zh_target_strict_identifier_augmented_few_shot_default_lr_l2_ratio_100pct_seed_20260320_thr_0460000_c0002,2,0.46,0.604588,11,0,0,0,3,3,semantic_only:6 | semantic_structural:18 | text_clone_primary:9,数据资源 | 数据,0,/shop/447283 || /shop/453229 || /shop/461572 || 596057 || 596061 || 596149 || 605004 || 605180,identifier_augmented_few_shot_default_lr_l2_ratio_100pct_seed_20260320:rank2:thr0460000 || identifier_augmented_few_shot_default_lr_l2_ratio_100pct_seed_20260321:rank2:thr0460000 || identifier_augmented_few_shot_default_lr_l2_ratio_100pct_seed_20260322:rank2:thr0460000
codex_step11_cluster_level_audit_current_manifest,363b325fb6e7,template_clone_not_controller,low,use_for_review_discovery_only,The cluster is dominated by clone/template evidence without a seller-specific identity anchor.,7,3,core_few_shot_labse_lr_l2_ratio_100pct_seed_20260320,step9,reports\step11_core_few_shot_labse_lr_l2_ratio_100pct_seed_20260320_clustering_summary.json,zh_target_strict_core_few_shot_labse_lr_l2_ratio_100pct_seed_20260320_thr_0470000_c0007,7,0.47,0.643607,10,0,0,0,0,4,semantic_only:3 | semantic_structural:15 | text_clone_primary:12,虚拟 | 技术 | 数据 | 服务 | 四件套号卡 | 漏洞,0,/shop/406241 || /shop/431289 || /shop/438230 || /shop/440693 || /shop/441616 || /shop/444329 || /shop/448717,core_few_shot_labse_lr_l2_ratio_100pct_seed_20260320:rank7:thr0470000 || core_few_shot_labse_lr_l2_ratio_100pct_seed_20260321:rank7:thr0470000 || core_few_shot_labse_lr_l2_ratio_100pct_seed_20260322:rank7:thr0470000
codex_step11_cluster_level_audit_current_manifest,bf75ad342515,template_clone_not_controller,low,use_for_review_discovery_only,The cluster is dominated by clone/template evidence without a seller-specific identity anchor.,7,3,core_few_shot_labse_lr_l2_ratio_100pct_seed_20260320,step9,reports\step11_core_few_shot_labse_lr_l2_ratio_100pct_seed_20260320_clustering_summary.json,zh_target_strict_core_few_shot_labse_lr_l2_ratio_100pct_seed_20260320_thr_0470000_c0005,5,0.47,0.596182,10,0,0,0,0,10,text_clone_primary:30,实体物品 | 技术技能 | 数据资源 | 虚拟物品,0,117631 || 331162 || 354172 || 375149 || 506844 || 528850 || 563186,core_few_shot_labse_lr_l2_ratio_100pct_seed_20260320:rank5:thr0470000 || core_few_shot_labse_lr_l2_ratio_100pct_seed_20260321:rank5:thr0470000 || core_few_shot_labse_lr_l2_ratio_100pct_seed_20260322:rank5:thr0470000
codex_step11_cluster_level_audit_current_manifest,c1b00ef87322,template_clone_not_controller,low,use_for_review_discovery_only,The cluster is dominated by clone/template evidence without a seller-specific identity anchor.,5,1,core_zero_shot_bge_m3,step7,reports\step11_core_zero_shot_bge_m3_clustering_summary.json,zh_target_strict_core_zero_shot_bge_m3_thr_0483444_c0006,6,0.483444,0.522445,10,0,0,0,10,0,text_clone_primary:10,数据资源 | 私人专拍,0,32635 || 550208 || 560066 || 582675 || 584654,core_zero_shot_bge_m3:rank6:thr0483444
codex_step11_cluster_level_audit_current_manifest,5e7e8ce0833a,template_clone_not_controller,low,use_for_review_discovery_only,The cluster is dominated by clone/template evidence without a seller-specific identity anchor.,5,4,core_zero_shot_bge_m3,step7,reports\step11_core_zero_shot_bge_m3_clustering_summary.json,zh_target_strict_core_zero_shot_bge_m3_thr_0483444_c0009,9,0.483444,0.759397,9,0,0,0,2,9,text_clone_primary:33,虚拟 | 技术 | 数据 | 四件套号卡 | 影视色情 | 虚拟物品 | 私人专拍 | 服务业务,0,/shop/4165 || /shop/442518 || /shop/451126 || 446883 || 504187,core_few_shot_labse_lr_l2_ratio_100pct_seed_20260320:rank12:thr0470000 || core_few_shot_labse_lr_l2_ratio_100pct_seed_20260321:rank12:thr0470000 || core_few_shot_labse_lr_l2_ratio_100pct_seed_20260322:rank12:thr0470000 || core_zero_shot_bge_m3:rank9:thr0483444
codex_step11_cluster_level_audit_current_manifest,7a7e9d365738,template_clone_not_controller,low,use_for_review_discovery_only,The cluster is dominated by clone/template evidence without a seller-specific identity anchor.,5,1,core_zero_shot_bge_m3,step7,reports\step11_core_zero_shot_bge_m3_clustering_summary.json,zh_target_strict_core_zero_shot_bge_m3_thr_0483444_c0012,12,0.483444,0.491099,9,0,0,0,0,9,text_clone_primary:9,技术 | 数据 | 虚拟 | 实物 | 四件套号卡,1,/shop/394520 || /shop/396011 || /shop/416838 || /shop/422413 || /shop/455899,core_zero_shot_bge_m3:rank12:thr0483444
codex_step11_cluster_level_audit_current_manifest,99d8464c64e6,template_clone_not_controller,low,use_for_review_discovery_only,The cluster is dominated by clone/template evidence without a seller-specific identity anchor.,6,1,core_zero_shot_bge_m3,step7,reports\step11_core_zero_shot_bge_m3_clustering_summary.json,zh_target_strict_core_zero_shot_bge_m3_thr_0483444_c0002,2,0.483444,0.511628,9,0,0,0,6,6,text_clone_primary:9,技术 | 数据 | 影视色情 | 虚拟 | 其它 | 数据资源 | 虚拟物品 | 技术技能,1,/shop/397312 || /shop/415595 || /shop/422565 || /shop/458140 || 319180 || 569984,core_zero_shot_bge_m3:rank2:thr0483444
codex_step11_cluster_level_audit_current_manifest,a2b5bc537d00,template_clone_not_controller,low,use_for_review_discovery_only,The cluster is dominated by clone/template evidence without a seller-specific identity anchor.,6,3,core_few_shot_labse_lr_l2_ratio_100pct_seed_20260320,step9,reports\step11_core_few_shot_labse_lr_l2_ratio_100pct_seed_20260320_clustering_summary.json,zh_target_strict_core_few_shot_labse_lr_l2_ratio_100pct_seed_20260320_thr_0470000_c0009,9,0.47,0.666736,9,0,0,0,4,4,semantic_only:3 | semantic_structural:12 | text_clone_primary:12,数据资源 | 数据,0,/shop/453229 || 596057 || 596097 || 605002 || 605666 || 606388,core_few_shot_labse_lr_l2_ratio_100pct_seed_20260320:rank9:thr0470000 || core_few_shot_labse_lr_l2_ratio_100pct_seed_20260321:rank9:thr0470000 || core_few_shot_labse_lr_l2_ratio_100pct_seed_20260322:rank9:thr0470000
codex_step11_cluster_level_audit_current_manifest,14a48c054a8f,template_clone_not_controller,low,use_for_review_discovery_only,The cluster is dominated by clone/template evidence without a seller-specific identity anchor.,5,3,core_few_shot_bge_m3_residual_lr_ratio_100pct_seed_20260320,step9,reports\step11_core_few_shot_bge_m3_residual_lr_ratio_100pct_seed_20260320_clustering_summary.json,zh_target_strict_core_few_shot_bge_m3_residual_lr_ratio_100pct_seed_20260320_thr_0735000_c0012,12,0.735,0.875379,8,0,0,0,3,3,semantic_only:3 | semantic_structural:12 | text_clone_primary:9,数据资源 | 数据,0,/shop/453229 || 596057 || 596097 || 605002 || 606388,core_few_shot_bge_m3_residual_lr_ratio_100pct_seed_20260320:rank12:thr0735000 || core_few_shot_bge_m3_residual_lr_ratio_100pct_seed_20260321:rank12:thr0735000 || core_few_shot_bge_m3_residual_lr_ratio_100pct_seed_20260322:rank12:thr0735000
codex_step11_cluster_level_audit_current_manifest,872f0a54aa6c,template_clone_not_controller,low,use_for_review_discovery_only,The cluster is dominated by clone/template evidence without a seller-specific identity anchor.,5,1,core_zero_shot_bge_m3,step7,reports\step11_core_zero_shot_bge_m3_clustering_summary.json,zh_target_strict_core_zero_shot_bge_m3_thr_0483444_c0008,8,0.483444,0.507155,8,0,0,0,3,6,text_clone_primary:8,技术 | 数据 | 服务业务 | 数据资源 | 私人专拍 | 服务 | 影视色情 | 虚拟物品,0,/shop/396767 || /shop/411022 || /shop/412484 || 565793 || 603220,core_zero_shot_bge_m3:rank8:thr0483444
codex_step11_cluster_level_audit_current_manifest,e7daad7c221f,template_clone_not_controller,low,use_for_review_discovery_only,The cluster is dominated by clone/template evidence without a seller-specific identity anchor.,6,3,core_few_shot_bge_m3_residual_lr_ratio_100pct_seed_20260320,step9,reports\step11_core_few_shot_bge_m3_residual_lr_ratio_100pct_seed_20260320_clustering_summary.json,zh_target_strict_core_few_shot_bge_m3_residual_lr_ratio_100pct_seed_20260320_thr_0735000_c0008,8,0.735,0.837252,8,0,0,0,0,5,semantic_only:3 | semantic_structural:6 | text_clone_primary:15,虚拟 | 技术 | 数据 | 四件套号卡 | 服务,1,/shop/431289 || /shop/438230 || /shop/440693 || /shop/444329 || /shop/452928 || /shop/462496,core_few_shot_bge_m3_residual_lr_ratio_100pct_seed_20260320:rank8:thr0735000 || core_few_shot_bge_m3_residual_lr_ratio_100pct_seed_20260321:rank8:thr0735000 || core_few_shot_bge_m3_residual_lr_ratio_100pct_seed_20260322:rank8:thr0735000
codex_step11_cluster_level_audit_current_manifest,4c252d232675,template_clone_not_controller,low,use_for_review_discovery_only,The cluster is dominated by clone/template evidence without a seller-specific identity anchor.,5,1,core_zero_shot_bge_m3,step7,reports\step11_core_zero_shot_bge_m3_clustering_summary.json,zh_target_strict_core_zero_shot_bge_m3_thr_0483444_c0013,13,0.483444,0.489994,7,0,0,0,0,7,text_clone_primary:7,实体物品 | 技术技能 | 数据资源 | 虚拟物品,0,117631 || 331162 || 354172 || 375149 || 506844,core_zero_shot_bge_m3:rank13:thr0483444
codex_step11_cluster_level_audit_current_manifest,c22be6dcd214,template_clone_not_controller,low,use_for_review_discovery_only,The cluster is dominated by clone/template evidence without a seller-specific identity anchor.,5,1,core_zero_shot_bge_m3,step7,reports\step11_core_zero_shot_bge_m3_clustering_summary.json,zh_target_strict_core_zero_shot_bge_m3_thr_0483444_c0010,10,0.483444,0.49463,7,0,0,0,1,6,semantic_structural:1 | text_clone_primary:6,影视色情 | 技术技能 | 数据资源 | 虚拟物品,0,167147 || 344175 || 65684 || 81020 || 87983,core_zero_shot_bge_m3:rank10:thr0483444
codex_step11_cluster_level_audit_current_manifest,200421fd212b,template_clone_not_controller,low,use_for_review_discovery_only,The cluster is dominated by clone/template evidence without a seller-specific identity anchor.,4,3,core_few_shot_labse_lr_l2_ratio_100pct_seed_20260320,step9,reports\step11_core_few_shot_labse_lr_l2_ratio_100pct_seed_20260320_clustering_summary.json,zh_target_strict_core_few_shot_labse_lr_l2_ratio_100pct_seed_20260320_thr_0470000_c0021,21,0.47,0.623376,6,0,0,0,1,1,semantic_only:9 | semantic_structural:6 | text_clone_primary:3,数据 | 私人专拍 | 数据资源 | 实物 | 担保私拍,0,/shop/427282 || /shop/457737 || /shop/461463 || 575508,core_few_shot_labse_lr_l2_ratio_100pct_seed_20260320:rank21:thr0470000 || core_few_shot_labse_lr_l2_ratio_100pct_seed_20260321:rank21:thr0470000 || core_few_shot_labse_lr_l2_ratio_100pct_seed_20260322:rank21:thr0470000
codex_step11_cluster_level_audit_current_manifest,2fc59b2b8862,template_clone_not_controller,low,use_for_review_discovery_only,The cluster is dominated by clone/template evidence without a seller-specific identity anchor.,5,4,core_few_shot_bge_m3_residual_lr_ratio_100pct_seed_20260320,step9,reports\step11_core_few_shot_bge_m3_residual_lr_ratio_100pct_seed_20260320_clustering_summary.json,zh_target_strict_core_few_shot_bge_m3_residual_lr_ratio_100pct_seed_20260320_thr_0735000_c0010,10,0.735,0.894278,6,0,0,0,3,4,text_clone_primary:24,数据 | 虚拟 | 技术 | 服务 | 四件套号卡 | 漏洞,1,/shop/405657 || /shop/412039 || /shop/413435 || /shop/449479 || /shop/454105,core_few_shot_bge_m3_residual_lr_ratio_100pct_seed_20260320:rank10:thr0735000 || core_few_shot_bge_m3_residual_lr_ratio_100pct_seed_20260321:rank10:thr0735000 || core_few_shot_bge_m3_residual_lr_ratio_100pct_seed_20260322:rank10:thr0735000 || core_zero_shot_bge_m3:rank7:thr0483444
codex_step11_cluster_level_audit_current_manifest,3d88a35c1f0b,template_clone_not_controller,low,use_for_review_discovery_only,The cluster is dominated by clone/template evidence without a seller-specific identity anchor.,5,3,identifier_augmented_few_shot_default_lr_l2_ratio_100pct_seed_20260320,step9,reports\step11_identifier_augmented_few_shot_default_lr_l2_ratio_100pct_seed_20260320_clustering_summary.json,zh_target_strict_identifier_augmented_few_shot_default_lr_l2_ratio_100pct_seed_20260320_thr_0460000_c0007,7,0.46,0.617091,6,0,0,0,0,6,text_clone_primary:18,实体物品 | 四件套号卡,0,/shop/2417 || 238938 || 331162 || 347765 || 493430,identifier_augmented_few_shot_default_lr_l2_ratio_100pct_seed_20260320:rank7:thr0460000 || identifier_augmented_few_shot_default_lr_l2_ratio_100pct_seed_20260321:rank7:thr0460000 || identifier_augmented_few_shot_default_lr_l2_ratio_100pct_seed_20260322:rank7:thr0460000
codex_step11_cluster_level_audit_current_manifest,59d429d79e1a,template_clone_not_controller,low,use_for_review_discovery_only,The cluster is dominated by clone/template evidence without a seller-specific identity anchor.,5,1,core_zero_shot_bge_m3,step7,reports\step11_core_zero_shot_bge_m3_clustering_summary.json,zh_target_strict_core_zero_shot_bge_m3_thr_0483444_c0011,11,0.483444,0.492213,6,0,0,0,0,3,semantic_only:2 | semantic_structural:1 | text_clone_primary:3,虚拟 | 数据 | 其它 | 实物 | 漏洞 | 技术,0,/shop/404047 || /shop/436008 || /shop/438230 || /shop/454245 || /shop/455055,core_zero_shot_bge_m3:rank11:thr0483444
codex_step11_cluster_level_audit_current_manifest,afdd9f36e4a6,template_clone_not_controller,low,use_for_review_discovery_only,The cluster is dominated by clone/template evidence without a seller-specific identity anchor.,4,3,core_few_shot_labse_lr_l2_ratio_100pct_seed_20260320,step9,reports\step11_core_few_shot_labse_lr_l2_ratio_100pct_seed_20260320_clustering_summary.json,zh_target_strict_core_few_shot_labse_lr_l2_ratio_100pct_seed_20260320_thr_0470000_c0018,18,0.47,0.636353,6,0,0,0,3,3,semantic_structural:9 | text_clone_primary:9,数据资源 | 数据,0,/shop/453234 || 603737 || 605928 || 606038,core_few_shot_labse_lr_l2_ratio_100pct_seed_20260320:rank18:thr0470000 || core_few_shot_labse_lr_l2_ratio_100pct_seed_20260321:rank18:thr0470000 || core_few_shot_labse_lr_l2_ratio_100pct_seed_20260322:rank18:thr0470000
codex_step11_cluster_level_audit_current_manifest,e92832dfede3,template_clone_not_controller,low,use_for_review_discovery_only,The cluster is dominated by clone/template evidence without a seller-specific identity anchor.,4,6,core_few_shot_bge_m3_residual_lr_ratio_100pct_seed_20260320,step9,reports\step11_core_few_shot_bge_m3_residual_lr_ratio_100pct_seed_20260320_clustering_summary.json,zh_target_strict_core_few_shot_bge_m3_residual_lr_ratio_100pct_seed_20260320_thr_0735000_c0017,17,0.735,0.861252,6,0,0,0,3,3,semantic_structural:18 | text_clone_primary:18,数据资源 | 数据,0,/shop/446583 || 605669 || 605876 || 605883,core_few_shot_bge_m3_residual_lr_ratio_100pct_seed_20260320:rank17:thr0735000 || core_few_shot_bge_m3_residual_lr_ratio_100pct_seed_20260321:rank17:thr0735000 || core_few_shot_bge_m3_residual_lr_ratio_100pct_seed_20260322:rank17:thr0735000 || core_few_shot_labse_lr_l2_ratio_100pct_seed_20260320:rank17:thr0470000 || core_few_shot_labse_lr_l2_ratio_100pct_seed_20260321:rank17:thr0470000 || core_few_shot_labse_lr_l2_ratio_100pct_seed_20260322:rank17:thr0470000
codex_step11_cluster_level_audit_current_manifest,fdd91a55c7af,template_clone_not_controller,low,use_for_review_discovery_only,The cluster is dominated by clone/template evidence without a seller-specific identity anchor.,4,3,core_few_shot_labse_lr_l2_ratio_100pct_seed_20260320,step9,reports\step11_core_few_shot_labse_lr_l2_ratio_100pct_seed_20260320_clustering_summary.json,zh_target_strict_core_few_shot_labse_lr_l2_ratio_100pct_seed_20260320_thr_0470000_c0015,15,0.47,0.745561,6,0,0,0,1,5,semantic_only:3 | text_clone_primary:15,数据资源 | 数据,0,/shop/408791 || 566277 || 604051 || 99981,core_few_shot_labse_lr_l2_ratio_100pct_seed_20260320:rank15:thr0470000 || core_few_shot_labse_lr_l2_ratio_100pct_seed_20260321:rank15:thr0470000 || core_few_shot_labse_lr_l2_ratio_100pct_seed_20260322:rank15:thr0470000
codex_step11_cluster_level_audit_current_manifest,06dc627ea852,template_clone_not_controller,low,use_for_review_discovery_only,The cluster is dominated by clone/template evidence without a seller-specific identity anchor.,4,1,core_zero_shot_bge_m3,step7,reports\step11_core_zero_shot_bge_m3_clustering_summary.json,zh_target_strict_core_zero_shot_bge_m3_thr_0483444_c0016,16,0.483444,0.509465,5,0,0,0,3,1,semantic_only:2 | text_clone_primary:3,私人专拍 | 数据资源,0,541551 || 551033 || 565149 || 567845,core_zero_shot_bge_m3:rank16:thr0483444
codex_step11_cluster_level_audit_current_manifest,3d791491399c,template_clone_not_controller,low,use_for_review_discovery_only,The cluster is dominated by clone/template evidence without a seller-specific identity anchor.,4,3,identifier_augmented_few_shot_default_lr_l2_ratio_100pct_seed_20260320,step9,reports\step11_identifier_augmented_few_shot_default_lr_l2_ratio_100pct_seed_20260320_clustering_summary.json,zh_target_strict_identifier_augmented_few_shot_default_lr_l2_ratio_100pct_seed_20260320_thr_0460000_c0008,8,0.46,0.689263,5,0,0,0,1,3,semantic_only:3 | semantic_structural:3 | text_clone_primary:9,实体物品 | 实物 | 四件套号卡,1,/shop/431151 || /shop/439316 || 546735 || 597091,identifier_augmented_few_shot_default_lr_l2_ratio_100pct_seed_20260320:rank8:thr0460000 || identifier_augmented_few_shot_default_lr_l2_ratio_100pct_seed_20260321:rank8:thr0460000 || identifier_augmented_few_shot_default_lr_l2_ratio_100pct_seed_20260322:rank8:thr0460000
codex_step11_cluster_level_audit_current_manifest,5d672e4425da,template_clone_not_controller,low,use_for_review_discovery_only,The cluster is dominated by clone/template evidence without a seller-specific identity anchor.,4,3,core_few_shot_labse_lr_l2_ratio_100pct_seed_20260320,step9,reports\step11_core_few_shot_labse_lr_l2_ratio_100pct_seed_20260320_clustering_summary.json,zh_target_strict_core_few_shot_labse_lr_l2_ratio_100pct_seed_20260320_thr_0470000_c0016,16,0.47,0.630495,5,0,0,0,0,5,text_clone_primary:15,技术 | 数据 | 虚拟 | 实物,0,/shop/394520 || /shop/396011 || /shop/422413 || /shop/455899,core_few_shot_labse_lr_l2_ratio_100pct_seed_20260320:rank16:thr0470000 || core_few_shot_labse_lr_l2_ratio_100pct_seed_20260321:rank16:thr0470000 || core_few_shot_labse_lr_l2_ratio_100pct_seed_20260322:rank16:thr0470000
codex_step11_cluster_level_audit_current_manifest,7a1fe64aae0c,template_clone_not_controller,low,use_for_review_discovery_only,The cluster is dominated by clone/template evidence without a seller-specific identity anchor.,4,3,core_few_shot_labse_lr_l2_ratio_100pct_seed_20260320,step9,reports\step11_core_few_shot_labse_lr_l2_ratio_100pct_seed_20260320_clustering_summary.json,zh_target_strict_core_few_shot_labse_lr_l2_ratio_100pct_seed_20260320_thr_0470000_c0019,19,0.47,0.641673,5,0,0,0,0,1,semantic_only:6 | semantic_structural:6 | text_clone_primary:3,技术 | 数据 | 技术技能,0,/shop/408298 || /shop/409344 || /shop/441385 || 592614,core_few_shot_labse_lr_l2_ratio_100pct_seed_20260320:rank19:thr0470000 || core_few_shot_labse_lr_l2_ratio_100pct_seed_20260321:rank19:thr0470000 || core_few_shot_labse_lr_l2_ratio_100pct_seed_20260322:rank19:thr0470000
codex_step11_cluster_level_audit_current_manifest,7e4c455f733e,template_clone_not_controller,low,use_for_review_discovery_only,The cluster is dominated by clone/template evidence without a seller-specific identity anchor.,4,1,core_zero_shot_bge_m3,step7,reports\step11_core_zero_shot_bge_m3_clustering_summary.json,zh_target_strict_core_zero_shot_bge_m3_thr_0483444_c0015,15,0.483444,0.512127,5,0,0,0,3,5,text_clone_primary:5,虚拟物品 | 技术技能 | 影视色情 | 数据资源 | 数据 | 虚拟 | 技术,0,/shop/399905 || 542584 || 634642 || 86288,core_zero_shot_bge_m3:rank15:thr0483444
codex_step11_cluster_level_audit_current_manifest,9fb8c0d0c37e,template_clone_not_controller,low,use_for_review_discovery_only,The cluster is dominated by clone/template evidence without a seller-specific identity anchor.,4,4,core_few_shot_labse_lr_l2_ratio_100pct_seed_20260320,step9,reports\step11_core_few_shot_labse_lr_l2_ratio_100pct_seed_20260320_clustering_summary.json,zh_target_strict_core_few_shot_labse_lr_l2_ratio_100pct_seed_20260320_thr_0470000_c0020,20,0.47,0.634138,5,0,0,0,0,5,text_clone_primary:20,技术 | 虚拟 | 其它类别 | 虚拟物品 | 数据资源 | 其它,0,/shop/423945 || /shop/433481 || /shop/455868 || 593428,core_few_shot_labse_lr_l2_ratio_100pct_seed_20260320:rank20:thr0470000 || core_few_shot_labse_lr_l2_ratio_100pct_seed_20260321:rank20:thr0470000 || core_few_shot_labse_lr_l2_ratio_100pct_seed_20260322:rank20:thr0470000 || core_zero_shot_bge_m3:rank20:thr0483444
codex_step11_cluster_level_audit_current_manifest,ff084ba59fcf,template_clone_not_controller,low,use_for_review_discovery_only,The cluster is dominated by clone/template evidence without a seller-specific identity anchor.,4,3,core_few_shot_bge_m3_residual_lr_ratio_100pct_seed_20260320,step9,reports\step11_core_few_shot_bge_m3_residual_lr_ratio_100pct_seed_20260320_clustering_summary.json,zh_target_strict_core_few_shot_bge_m3_residual_lr_ratio_100pct_seed_20260320_thr_0735000_c0019,19,0.735,0.828559,5,0,0,0,0,5,text_clone_primary:15,技术 | 数据 | 虚拟 | 实物 | 四件套号卡,1,/shop/394520 || /shop/396011 || /shop/416838 || /shop/422413,core_few_shot_bge_m3_residual_lr_ratio_100pct_seed_20260320:rank19:thr0735000 || core_few_shot_bge_m3_residual_lr_ratio_100pct_seed_20260321:rank19:thr0735000 || core_few_shot_bge_m3_residual_lr_ratio_100pct_seed_20260322:rank19:thr0735000
codex_step11_cluster_level_audit_current_manifest,050892bb4829,template_clone_not_controller,low,use_for_review_discovery_only,The cluster is dominated by clone/template evidence without a seller-specific identity anchor.,3,1,core_zero_shot_bge_m3,step7,reports\step11_core_zero_shot_bge_m3_clustering_summary.json,zh_target_strict_core_zero_shot_bge_m3_thr_0483444_c0033,33,0.483444,0.500811,3,0,0,0,1,3,text_clone_primary:3,数据资源 | 服务业务,0,541874 || 604051 || 99981,core_zero_shot_bge_m3:rank33:thr0483444
codex_step11_cluster_level_audit_current_manifest,0b81a8577b9e,template_clone_not_controller,low,use_for_review_discovery_only,The cluster is dominated by clone/template evidence without a seller-specific identity anchor.,3,7,core_few_shot_multilingual_e5_large_lr_l2_ratio_50pct_seed_20260322,step9,reports\step11_core_few_shot_multilingual_e5_large_lr_l2_ratio_50pct_seed_20260322_clustering_summary.json,zh_target_strict_core_few_shot_multilingual_e5_large_lr_l2_ratio_50pct_seed_20260322_thr_0560000_c0009,9,0.56,0.807532,3,0,0,0,3,1,text_clone_primary:21,技术 | 数据 | 其它 | 服务 | 数据资源 | 影视色情 | 基础知识,0,/shop/403730 || /shop/422733 || 556969,core_few_shot_labse_lr_l2_ratio_100pct_seed_20260320:rank32:thr0470000 || core_few_shot_labse_lr_l2_ratio_100pct_seed_20260321:rank32:thr0470000 || core_few_shot_labse_lr_l2_ratio_100pct_seed_20260322:rank32:thr0470000 || core_few_shot_multilingual_e5_large_lr_l2_ratio_50pct_seed_20260320:rank10:thr0560000 || core_few_shot_multilingual_e5_large_lr_l2_ratio_50pct_seed_20260321:rank11:thr0560000 || core_few_shot_multilingual_e5_large_lr_l2_ratio_50pct_seed_20260322:rank9:thr0560000 || core_zero_shot_bge_m3:rank25:thr0483444
codex_step11_cluster_level_audit_current_manifest,0fd9a9da668d,template_clone_not_controller,low,use_for_review_discovery_only,The cluster is dominated by clone/template evidence without a seller-specific identity anchor.,3,12,core_few_shot_multilingual_e5_large_lr_l2_ratio_50pct_seed_20260322,step9,reports\step11_core_few_shot_multilingual_e5_large_lr_l2_ratio_50pct_seed_20260322_clustering_summary.json,zh_target_strict_core_few_shot_multilingual_e5_large_lr_l2_ratio_50pct_seed_20260322_thr_0560000_c0008,8,0.56,0.877597,3,0,0,0,1,3,text_clone_primary:36,服务业务 | 数据 | 数据资源,1,/shop/430143 || 503330 || 639133,core_few_shot_bge_m3_residual_lr_ratio_100pct_seed_20260320:rank27:thr0735000 || core_few_shot_bge_m3_residual_lr_ratio_100pct_seed_20260321:rank27:thr0735000 || core_few_shot_bge_m3_residual_lr_ratio_100pct_seed_20260322:rank27:thr0735000 || core_few_shot_labse_lr_l2_ratio_100pct_seed_20260320:rank33:thr0470000 || core_few_shot_labse_lr_l2_ratio_100pct_seed_20260321:rank33:thr0470000 || core_few_shot_labse_lr_l2_ratio_100pct_seed_20260322:rank33:thr0470000 || core_few_shot_multilingual_e5_large_lr_l2_ratio_50pct_seed_20260320:rank9:thr0560000 || core_few_shot_multilingual_e5_large_lr_l2_ratio_50pct_seed_20260321:rank10:thr0560000 || core_few_shot_multilingual_e5_large_lr_l2_ratio_50pct_seed_20260322:rank8:thr0560000 || identifier_augmented_few_shot_default_lr_l2_ratio_100pct_seed_20260320:rank14:thr0460000 || identifier_augmented_few_shot_default_lr_l2_ratio_100pct_seed_20260321:rank14:thr0460000 || identifier_augmented_few_shot_default_lr_l2_ratio_100pct_seed_20260322:rank14:thr0460000
codex_step11_cluster_level_audit_current_manifest,23d99f74cfed,template_clone_not_controller,low,use_for_review_discovery_only,The cluster is dominated by clone/template evidence without a seller-specific identity anchor.,3,3,core_few_shot_labse_lr_l2_ratio_100pct_seed_20260320,step9,reports\step11_core_few_shot_labse_lr_l2_ratio_100pct_seed_20260320_clustering_summary.json,zh_target_strict_core_few_shot_labse_lr_l2_ratio_100pct_seed_20260320_thr_0470000_c0040,40,0.47,0.600134,3,0,0,0,1,1,semantic_only:3 | semantic_structural:3 | text_clone_primary:3,数据资源 | 数据,0,/shop/447291 || 459528 || 605882,core_few_shot_labse_lr_l2_ratio_100pct_seed_20260320:rank40:thr0470000 || core_few_shot_labse_lr_l2_ratio_100pct_seed_20260321:rank40:thr0470000 || core_few_shot_labse_lr_l2_ratio_100pct_seed_20260322:rank40:thr0470000
codex_step11_cluster_level_audit_current_manifest,242bff8c3002,template_clone_not_controller,low,use_for_review_discovery_only,The cluster is dominated by clone/template evidence without a seller-specific identity anchor.,3,3,core_few_shot_bge_m3_residual_lr_ratio_100pct_seed_20260320,step9,reports\step11_core_few_shot_bge_m3_residual_lr_ratio_100pct_seed_20260320_clustering_summary.json,zh_target_strict_core_few_shot_bge_m3_residual_lr_ratio_100pct_seed_20260320_thr_0735000_c0031,31,0.735,0.832515,3,0,0,0,2,2,semantic_structural:3 | text_clone_primary:6,数据资源 | 数据,0,/shop/446566 || 596152 || 605480,core_few_shot_bge_m3_residual_lr_ratio_100pct_seed_20260320:rank31:thr0735000 || core_few_shot_bge_m3_residual_lr_ratio_100pct_seed_20260321:rank31:thr0735000 || core_few_shot_bge_m3_residual_lr_ratio_100pct_seed_20260322:rank31:thr0735000
codex_step11_cluster_level_audit_current_manifest,3225f8156675,template_clone_not_controller,low,use_for_review_discovery_only,The cluster is dominated by clone/template evidence without a seller-specific identity anchor.,3,4,core_few_shot_labse_lr_l2_ratio_100pct_seed_20260320,step9,reports\step11_core_few_shot_labse_lr_l2_ratio_100pct_seed_20260320_clustering_summary.json,zh_target_strict_core_few_shot_labse_lr_l2_ratio_100pct_seed_20260320_thr_0470000_c0031,31,0.47,0.793894,3,0,0,0,2,2,text_clone_primary:12,数据资源 | 数据 | 私人专拍,0,/shop/404772 || 494406 || 530989,core_few_shot_labse_lr_l2_ratio_100pct_seed_20260320:rank31:thr0470000 || core_few_shot_labse_lr_l2_ratio_100pct_seed_20260321:rank31:thr0470000 || core_few_shot_labse_lr_l2_ratio_100pct_seed_20260322:rank31:thr0470000 || core_zero_shot_bge_m3:rank27:thr0483444
codex_step11_cluster_level_audit_current_manifest,4187250ab877,template_clone_not_controller,low,use_for_review_discovery_only,The cluster is dominated by clone/template evidence without a seller-specific identity anchor.,3,1,core_zero_shot_bge_m3,step7,reports\step11_core_zero_shot_bge_m3_clustering_summary.json,zh_target_strict_core_zero_shot_bge_m3_thr_0483444_c0026,26,0.483444,0.522445,3,0,0,0,3,3,text_clone_primary:3,数据 | 数据资源 | 私人专拍 | 担保私拍,0,/shop/427282 || /shop/464140 || 581460,core_zero_shot_bge_m3:rank26:thr0483444
codex_step11_cluster_level_audit_current_manifest,41d8a90fc9ab,template_clone_not_controller,low,use_for_review_discovery_only,The cluster is dominated by clone/template evidence without a seller-specific identity anchor.,3,4,core_few_shot_labse_lr_l2_ratio_100pct_seed_20260320,step9,reports\step11_core_few_shot_labse_lr_l2_ratio_100pct_seed_20260320_clustering_summary.json,zh_target_strict_core_few_shot_labse_lr_l2_ratio_100pct_seed_20260320_thr_0470000_c0042,42,0.47,0.596168,3,0,0,0,0,3,text_clone_primary:12,数据 | 数据资源 | 技术技能 | 技术,1,/shop/461297 || /shop/464737 || 509685,core_few_shot_labse_lr_l2_ratio_100pct_seed_20260320:rank42:thr0470000 || core_few_shot_labse_lr_l2_ratio_100pct_seed_20260321:rank42:thr0470000 || core_few_shot_labse_lr_l2_ratio_100pct_seed_20260322:rank42:thr0470000 || core_zero_shot_bge_m3:rank37:thr0483444
codex_step11_cluster_level_audit_current_manifest,49237413aec1,template_clone_not_controller,low,use_for_review_discovery_only,The cluster is dominated by clone/template evidence without a seller-specific identity anchor.,3,3,identifier_augmented_few_shot_default_lr_l2_ratio_100pct_seed_20260320,step9,reports\step11_identifier_augmented_few_shot_default_lr_l2_ratio_100pct_seed_20260320_clustering_summary.json,zh_target_strict_identifier_augmented_few_shot_default_lr_l2_ratio_100pct_seed_20260320_thr_0460000_c0018,18,0.46,0.584801,3,0,0,0,0,3,text_clone_primary:9,虚拟 | 服务业务 | 数据 | 四件套号卡 | 技术,0,/shop/442518 || /shop/451126 || 504187,identifier_augmented_few_shot_default_lr_l2_ratio_100pct_seed_20260320:rank18:thr0460000 || identifier_augmented_few_shot_default_lr_l2_ratio_100pct_seed_20260321:rank18:thr0460000 || identifier_augmented_few_shot_default_lr_l2_ratio_100pct_seed_20260322:rank18:thr0460000
codex_step11_cluster_level_audit_current_manifest,4952f06017bc,template_clone_not_controller,low,use_for_review_discovery_only,The cluster is dominated by clone/template evidence without a seller-specific identity anchor.,3,9,core_few_shot_multilingual_e5_large_lr_l2_ratio_50pct_seed_20260322,step9,reports\step11_core_few_shot_multilingual_e5_large_lr_l2_ratio_50pct_seed_20260322_clustering_summary.json,zh_target_strict_core_few_shot_multilingual_e5_large_lr_l2_ratio_50pct_seed_20260322_thr_0560000_c0003,3,0.56,0.954122,3,0,0,0,3,3,text_clone_primary:27,虚拟物品 | 技术技能 | 数据资源 | 数据 | 虚拟 | 技术 | 影视色情,0,/shop/399905 || 542584 || 634642,core_few_shot_labse_lr_l2_ratio_100pct_seed_20260320:rank24:thr0470000 || core_few_shot_labse_lr_l2_ratio_100pct_seed_20260321:rank24:thr0470000 || core_few_shot_labse_lr_l2_ratio_100pct_seed_20260322:rank24:thr0470000 || core_few_shot_multilingual_e5_large_lr_l2_ratio_50pct_seed_20260320:rank4:thr0560000 || core_few_shot_multilingual_e5_large_lr_l2_ratio_50pct_seed_20260321:rank4:thr0560000 || core_few_shot_multilingual_e5_large_lr_l2_ratio_50pct_seed_20260322:rank3:thr0560000 || identifier_augmented_few_shot_default_lr_l2_ratio_100pct_seed_20260320:rank10:thr0460000 || identifier_augmented_few_shot_default_lr_l2_ratio_100pct_seed_20260321:rank10:thr0460000 || identifier_augmented_few_shot_default_lr_l2_ratio_100pct_seed_20260322:rank10:thr0460000
codex_step11_cluster_level_audit_current_manifest,54ae81b690e8,template_clone_not_controller,low,use_for_review_discovery_only,The cluster is dominated by clone/template evidence without a seller-specific identity anchor.,3,3,core_few_shot_labse_lr_l2_ratio_100pct_seed_20260320,step9,reports\step11_core_few_shot_labse_lr_l2_ratio_100pct_seed_20260320_clustering_summary.json,zh_target_strict_core_few_shot_labse_lr_l2_ratio_100pct_seed_20260320_thr_0470000_c0047,47,0.47,0.543511,3,0,0,0,0,1,semantic_structural:6 | text_clone_primary:3,数据资源,0,433208 || 433677 || 433693,core_few_shot_labse_lr_l2_ratio_100pct_seed_20260320:rank47:thr0470000 || core_few_shot_labse_lr_l2_ratio_100pct_seed_20260321:rank47:thr0470000 || core_few_shot_labse_lr_l2_ratio_100pct_seed_20260322:rank47:thr0470000
codex_step11_cluster_level_audit_current_manifest,5f218d700a7d,template_clone_not_controller,low,use_for_review_discovery_only,The cluster is dominated by clone/template evidence without a seller-specific identity anchor.,3,1,core_zero_shot_bge_m3,step7,reports\step11_core_zero_shot_bge_m3_clustering_summary.json,zh_target_strict_core_zero_shot_bge_m3_thr_0483444_c0036,36,0.483444,0.498869,3,0,0,0,0,3,text_clone_primary:3,数据 | 技术技能 | 数据资源 | 技术 | 漏洞 | 虚拟,0,/shop/433600 || /shop/439425 || 188608,core_zero_shot_bge_m3:rank36:thr0483444
codex_step11_cluster_level_audit_current_manifest,6093ae96a7de,template_clone_not_controller,low,use_for_review_discovery_only,The cluster is dominated by clone/template evidence without a seller-specific identity anchor.,3,4,core_few_shot_labse_lr_l2_ratio_100pct_seed_20260320,step9,reports\step11_core_few_shot_labse_lr_l2_ratio_100pct_seed_20260320_clustering_summary.json,zh_target_strict_core_few_shot_labse_lr_l2_ratio_100pct_seed_20260320_thr_0470000_c0035,35,0.47,0.677373,3,0,0,0,3,3,text_clone_primary:12,虚拟物品 | 其它类别 | 技术技能 | 虚拟 | 数据 | 其它 | 私人专拍,0,/shop/402697 || 171918 || 563971,core_few_shot_labse_lr_l2_ratio_100pct_seed_20260320:rank35:thr0470000 || core_few_shot_labse_lr_l2_ratio_100pct_seed_20260321:rank35:thr0470000 || core_few_shot_labse_lr_l2_ratio_100pct_seed_20260322:rank35:thr0470000 || core_zero_shot_bge_m3:rank23:thr0483444
codex_step11_cluster_level_audit_current_manifest,62651a151b06,template_clone_not_controller,low,use_for_review_discovery_only,The cluster is dominated by clone/template evidence without a seller-specific identity anchor.,3,4,core_few_shot_labse_lr_l2_ratio_100pct_seed_20260320,step9,reports\step11_core_few_shot_labse_lr_l2_ratio_100pct_seed_20260320_clustering_summary.json,zh_target_strict_core_few_shot_labse_lr_l2_ratio_100pct_seed_20260320_thr_0470000_c0041,41,0.47,0.637752,3,0,0,0,0,3,text_clone_primary:12,影视色情 | 服务业务 | 虚拟物品 | 私人专拍,0,54824 || 58725 || 70335,core_few_shot_labse_lr_l2_ratio_100pct_seed_20260320:rank41:thr0470000 || core_few_shot_labse_lr_l2_ratio_100pct_seed_20260321:rank41:thr0470000 || core_few_shot_labse_lr_l2_ratio_100pct_seed_20260322:rank41:thr0470000 || core_zero_shot_bge_m3:rank45:thr0483444
codex_step11_cluster_level_audit_current_manifest,65220de4f764,template_clone_not_controller,low,use_for_review_discovery_only,The cluster is dominated by clone/template evidence without a seller-specific identity anchor.,3,9,core_few_shot_multilingual_e5_large_lr_l2_ratio_50pct_seed_20260322,step9,reports\step11_core_few_shot_multilingual_e5_large_lr_l2_ratio_50pct_seed_20260322_clustering_summary.json,zh_target_strict_core_few_shot_multilingual_e5_large_lr_l2_ratio_50pct_seed_20260322_thr_0560000_c0007,7,0.56,0.887937,3,0,0,0,1,3,text_clone_primary:27,数据资源 | 数据,0,/shop/408791 || 604051 || 99981,core_few_shot_bge_m3_residual_lr_ratio_100pct_seed_20260320:rank43:thr0735000 || core_few_shot_bge_m3_residual_lr_ratio_100pct_seed_20260321:rank43:thr0735000 || core_few_shot_bge_m3_residual_lr_ratio_100pct_seed_20260322:rank43:thr0735000 || core_few_shot_multilingual_e5_large_lr_l2_ratio_50pct_seed_20260320:rank8:thr0560000 || core_few_shot_multilingual_e5_large_lr_l2_ratio_50pct_seed_20260321:rank8:thr0560000 || core_few_shot_multilingual_e5_large_lr_l2_ratio_50pct_seed_20260322:rank7:thr0560000 || identifier_augmented_few_shot_default_lr_l2_ratio_100pct_seed_20260320:rank15:thr0460000 || identifier_augmented_few_shot_default_lr_l2_ratio_100pct_seed_20260321:rank15:thr0460000 || identifier_augmented_few_shot_default_lr_l2_ratio_100pct_seed_20260322:rank15:thr0460000
codex_step11_cluster_level_audit_current_manifest,6908894257f3,template_clone_not_controller,low,use_for_review_discovery_only,The cluster is dominated by clone/template evidence without a seller-specific identity anchor.,3,3,core_few_shot_bge_m3_residual_lr_ratio_100pct_seed_20260320,step9,reports\step11_core_few_shot_bge_m3_residual_lr_ratio_100pct_seed_20260320_clustering_summary.json,zh_target_strict_core_few_shot_bge_m3_residual_lr_ratio_100pct_seed_20260320_thr_0735000_c0033,33,0.735,0.881619,3,0,0,0,0,2,semantic_structural:3 | text_clone_primary:6,数据 | 虚拟 | 技术 | 漏洞,1,/shop/423213 || /shop/449473 || /shop/457998,core_few_shot_bge_m3_residual_lr_ratio_100pct_seed_20260320:rank33:thr0735000 || core_few_shot_bge_m3_residual_lr_ratio_100pct_seed_20260321:rank33:thr0735000 || core_few_shot_bge_m3_residual_lr_ratio_100pct_seed_20260322:rank33:thr0735000
codex_step11_cluster_level_audit_current_manifest,6d32ae3d45d0,template_clone_not_controller,low,use_for_review_discovery_only,The cluster is dominated by clone/template evidence without a seller-specific identity anchor.,3,1,core_zero_shot_bge_m3,step7,reports\step11_core_zero_shot_bge_m3_clustering_summary.json,zh_target_strict_core_zero_shot_bge_m3_thr_0483444_c0030,30,0.483444,0.505249,3,0,0,0,1,3,text_clone_primary:3,虚拟 | 数据 | 实物 | 技术,1,/shop/435228 || /shop/441558 || /shop/446589,core_zero_shot_bge_m3:rank30:thr0483444
codex_step11_cluster_level_audit_current_manifest,7290c1b68521,template_clone_not_controller,low,use_for_review_discovery_only,The cluster is dominated by clone/template evidence without a seller-specific identity anchor.,3,1,core_zero_shot_bge_m3,step7,reports\step11_core_zero_shot_bge_m3_clustering_summary.json,zh_target_strict_core_zero_shot_bge_m3_thr_0483444_c0039,39,0.483444,0.498869,3,0,0,0,0,3,text_clone_primary:3,实体物品 | 虚拟物品 | 影视色情 | 服务业务 | 四件套号卡,0,/shop/394471 || 575281 || 583340,core_zero_shot_bge_m3:rank39:thr0483444
codex_step11_cluster_level_audit_current_manifest,7d697bc3afb7,template_clone_not_controller,low,use_for_review_discovery_only,The cluster is dominated by clone/template evidence without a seller-specific identity anchor.,3,3,core_few_shot_bge_m3_residual_lr_ratio_100pct_seed_20260320,step9,reports\step11_core_few_shot_bge_m3_residual_lr_ratio_100pct_seed_20260320_clustering_summary.json,zh_target_strict_core_few_shot_bge_m3_residual_lr_ratio_100pct_seed_20260320_thr_0735000_c0034,34,0.735,0.808397,3,0,0,0,0,2,semantic_structural:3 | text_clone_primary:6,实体物品 | 虚拟物品,0,333110 || 354172 || 375149,core_few_shot_bge_m3_residual_lr_ratio_100pct_seed_20260320:rank34:thr0735000 || core_few_shot_bge_m3_residual_lr_ratio_100pct_seed_20260321:rank34:thr0735000 || core_few_shot_bge_m3_residual_lr_ratio_100pct_seed_20260322:rank34:thr0735000
codex_step11_cluster_level_audit_current_manifest,80209e43b322,template_clone_not_controller,low,use_for_review_discovery_only,The cluster is dominated by clone/template evidence without a seller-specific identity anchor.,3,3,core_few_shot_labse_lr_l2_ratio_100pct_seed_20260320,step9,reports\step11_core_few_shot_labse_lr_l2_ratio_100pct_seed_20260320_clustering_summary.json,zh_target_strict_core_few_shot_labse_lr_l2_ratio_100pct_seed_20260320_thr_0470000_c0023,23,0.47,0.784762,3,0,0,0,1,3,text_clone_primary:9,影视色情 | 技术技能,0,167147 || 65684 || 87983,core_few_shot_labse_lr_l2_ratio_100pct_seed_20260320:rank23:thr0470000 || core_few_shot_labse_lr_l2_ratio_100pct_seed_20260321:rank23:thr0470000 || core_few_shot_labse_lr_l2_ratio_100pct_seed_20260322:rank23:thr0470000
codex_step11_cluster_level_audit_current_manifest,8a0aebd332f5,template_clone_not_controller,low,use_for_review_discovery_only,The cluster is dominated by clone/template evidence without a seller-specific identity anchor.,3,3,core_few_shot_bge_m3_residual_lr_ratio_100pct_seed_20260320,step9,reports\step11_core_few_shot_bge_m3_residual_lr_ratio_100pct_seed_20260320_clustering_summary.json,zh_target_strict_core_few_shot_bge_m3_residual_lr_ratio_100pct_seed_20260320_thr_0735000_c0040,40,0.735,0.81162,3,0,0,0,2,2,semantic_structural:3 | text_clone_primary:6,数据资源 | 数据,0,/shop/446569 || 605607 || 605912,core_few_shot_bge_m3_residual_lr_ratio_100pct_seed_20260320:rank40:thr0735000 || core_few_shot_bge_m3_residual_lr_ratio_100pct_seed_20260321:rank40:thr0735000 || core_few_shot_bge_m3_residual_lr_ratio_100pct_seed_20260322:rank40:thr0735000
codex_step11_cluster_level_audit_current_manifest,8c3a0892a3f4,template_clone_not_controller,low,use_for_review_discovery_only,The cluster is dominated by clone/template evidence without a seller-specific identity anchor.,3,6,core_few_shot_multilingual_e5_large_lr_l2_ratio_50pct_seed_20260320,step9,reports\step11_core_few_shot_multilingual_e5_large_lr_l2_ratio_50pct_seed_20260320_clustering_summary.json,zh_target_strict_core_few_shot_multilingual_e5_large_lr_l2_ratio_50pct_seed_20260320_thr_0560000_c0013,13,0.56,0.714166,3,0,0,0,0,3,text_clone_primary:18,实体物品 | 四件套号卡,0,/shop/2417 || 347765 || 493430,core_few_shot_labse_lr_l2_ratio_100pct_seed_20260320:rank38:thr0470000 || core_few_shot_labse_lr_l2_ratio_100pct_seed_20260321:rank38:thr0470000 || core_few_shot_labse_lr_l2_ratio_100pct_seed_20260322:rank38:thr0470000 || core_few_shot_multilingual_e5_large_lr_l2_ratio_50pct_seed_20260320:rank13:thr0560000 || core_few_shot_multilingual_e5_large_lr_l2_ratio_50pct_seed_20260321:rank14:thr0560000 || core_few_shot_multilingual_e5_large_lr_l2_ratio_50pct_seed_20260322:rank13:thr0560000
codex_step11_cluster_level_audit_current_manifest,8eab37cb1c36,template_clone_not_controller,low,use_for_review_discovery_only,The cluster is dominated by clone/template evidence without a seller-specific identity anchor.,3,1,core_zero_shot_bge_m3,step7,reports\step11_core_zero_shot_bge_m3_clustering_summary.json,zh_target_strict_core_zero_shot_bge_m3_thr_0483444_c0035,35,0.483444,0.502186,3,0,0,0,0,3,text_clone_primary:3,实物 | 数据资源 | 实体物品 | 技术技能 | 其它,1,/shop/419283 || /shop/423017 || 499135,core_zero_shot_bge_m3:rank35:thr0483444
codex_step11_cluster_level_audit_current_manifest,9688139549cd,template_clone_not_controller,low,use_for_review_discovery_only,The cluster is dominated by clone/template evidence without a seller-specific identity anchor.,3,3,core_few_shot_bge_m3_residual_lr_ratio_100pct_seed_20260320,step9,reports\step11_core_few_shot_bge_m3_residual_lr_ratio_100pct_seed_20260320_clustering_summary.json,zh_target_strict_core_few_shot_bge_m3_residual_lr_ratio_100pct_seed_20260320_thr_0735000_c0044,44,0.735,0.80144,3,0,0,0,2,2,semantic_structural:3 | text_clone_primary:6,数据资源 | 数据,0,/shop/453234 || 605928 || 606038,core_few_shot_bge_m3_residual_lr_ratio_100pct_seed_20260320:rank44:thr0735000 || core_few_shot_bge_m3_residual_lr_ratio_100pct_seed_20260321:rank44:thr0735000 || core_few_shot_bge_m3_residual_lr_ratio_100pct_seed_20260322:rank44:thr0735000
codex_step11_cluster_level_audit_current_manifest,9c0162db6ebc,template_clone_not_controller,low,use_for_review_discovery_only,The cluster is dominated by clone/template evidence without a seller-specific identity anchor.,3,1,core_zero_shot_bge_m3,step7,reports\step11_core_zero_shot_bge_m3_clustering_summary.json,zh_target_strict_core_zero_shot_bge_m3_thr_0483444_c0031,31,0.483444,0.500811,3,0,0,0,1,3,text_clone_primary:3,影视色情 | 虚拟物品 | 技术技能,0,198754 || 542666 || 88807,core_zero_shot_bge_m3:rank31:thr0483444
codex_step11_cluster_level_audit_current_manifest,9f3c3d26aac2,template_clone_not_controller,low,use_for_review_discovery_only,The cluster is dominated by clone/template evidence without a seller-specific identity anchor.,3,7,core_few_shot_bge_m3_residual_lr_ratio_100pct_seed_20260320,step9,reports\step11_core_few_shot_bge_m3_residual_lr_ratio_100pct_seed_20260320_clustering_summary.json,zh_target_strict_core_few_shot_bge_m3_residual_lr_ratio_100pct_seed_20260320_thr_0735000_c0021,21,0.735,0.936611,3,0,0,0,2,2,semantic_structural:7 | text_clone_primary:14,数据资源 | 技术技能 | 数据 | 技术 | 虚拟,3,/shop/455140 || 573258 || 598691,core_few_shot_bge_m3_residual_lr_ratio_100pct_seed_20260320:rank21:thr0735000 || core_few_shot_bge_m3_residual_lr_ratio_100pct_seed_20260321:rank21:thr0735000 || core_few_shot_bge_m3_residual_lr_ratio_100pct_seed_20260322:rank21:thr0735000 || core_few_shot_labse_lr_l2_ratio_100pct_seed_20260320:rank25:thr0470000 || core_few_shot_labse_lr_l2_ratio_100pct_seed_20260321:rank25:thr0470000 || core_few_shot_labse_lr_l2_ratio_100pct_seed_20260322:rank25:thr0470000 || core_zero_shot_bge_m3:rank28:thr0483444
codex_step11_cluster_level_audit_current_manifest,aa3db3ba77df,template_clone_not_controller,low,use_for_review_discovery_only,The cluster is dominated by clone/template evidence without a seller-specific identity anchor.,3,3,identifier_augmented_few_shot_default_lr_l2_ratio_100pct_seed_20260320,step9,reports\step11_identifier_augmented_few_shot_default_lr_l2_ratio_100pct_seed_20260320_clustering_summary.json,zh_target_strict_identifier_augmented_few_shot_default_lr_l2_ratio_100pct_seed_20260320_thr_0460000_c0019,19,0.46,0.549805,3,0,0,0,0,1,semantic_only:6 | text_clone_primary:3,技术技能 | 技术 | 数据,0,/shop/408298 || /shop/441385 || 592614,identifier_augmented_few_shot_default_lr_l2_ratio_100pct_seed_20260320:rank19:thr0460000 || identifier_augmented_few_shot_default_lr_l2_ratio_100pct_seed_20260321:rank19:thr0460000 || identifier_augmented_few_shot_default_lr_l2_ratio_100pct_seed_20260322:rank19:thr0460000
codex_step11_cluster_level_audit_current_manifest,b051b2cc8130,template_clone_not_controller,low,use_for_review_discovery_only,The cluster is dominated by clone/template evidence without a seller-specific identity anchor.,3,3,core_few_shot_labse_lr_l2_ratio_100pct_seed_20260320,step9,reports\step11_core_few_shot_labse_lr_l2_ratio_100pct_seed_20260320_clustering_summary.json,zh_target_strict_core_few_shot_labse_lr_l2_ratio_100pct_seed_20260320_thr_0470000_c0043,43,0.47,0.595148,3,0,0,0,0,1,semantic_only:6 | text_clone_primary:3,数据 | 技术,1,/shop/7784 || /shop/8221 || /shop/8546,core_few_shot_labse_lr_l2_ratio_100pct_seed_20260320:rank43:thr0470000 || core_few_shot_labse_lr_l2_ratio_100pct_seed_20260321:rank43:thr0470000 || core_few_shot_labse_lr_l2_ratio_100pct_seed_20260322:rank43:thr0470000
codex_step11_cluster_level_audit_current_manifest,b52b748cbb60,template_clone_not_controller,low,use_for_review_discovery_only,The cluster is dominated by clone/template evidence without a seller-specific identity anchor.,3,9,core_few_shot_multilingual_e5_large_lr_l2_ratio_50pct_seed_20260322,step9,reports\step11_core_few_shot_multilingual_e5_large_lr_l2_ratio_50pct_seed_20260322_clustering_summary.json,zh_target_strict_core_few_shot_multilingual_e5_large_lr_l2_ratio_50pct_seed_20260322_thr_0560000_c0004,4,0.56,0.908375,3,0,0,0,1,1,semantic_only:9 | semantic_structural:9 | text_clone_primary:9,实体物品 | 实物 | 四件套号卡,1,/shop/431151 || /shop/439316 || 597091,core_few_shot_bge_m3_residual_lr_ratio_100pct_seed_20260320:rank23:thr0735000 || core_few_shot_bge_m3_residual_lr_ratio_100pct_seed_20260321:rank23:thr0735000 || core_few_shot_bge_m3_residual_lr_ratio_100pct_seed_20260322:rank23:thr0735000 || core_few_shot_labse_lr_l2_ratio_100pct_seed_20260320:rank26:thr0470000 || core_few_shot_labse_lr_l2_ratio_100pct_seed_20260321:rank26:thr0470000 || core_few_shot_labse_lr_l2_ratio_100pct_seed_20260322:rank26:thr0470000 || core_few_shot_multilingual_e5_large_lr_l2_ratio_50pct_seed_20260320:rank5:thr0560000 || core_few_shot_multilingual_e5_large_lr_l2_ratio_50pct_seed_20260321:rank5:thr0560000 || core_few_shot_multilingual_e5_large_lr_l2_ratio_50pct_seed_20260322:rank4:thr0560000
codex_step11_cluster_level_audit_current_manifest,bbded6476768,template_clone_not_controller,low,use_for_review_discovery_only,The cluster is dominated by clone/template evidence without a seller-specific identity anchor.,3,1,core_zero_shot_bge_m3,step7,reports\step11_core_zero_shot_bge_m3_clustering_summary.json,zh_target_strict_core_zero_shot_bge_m3_thr_0483444_c0024,24,0.483444,0.522445,3,0,0,0,3,0,text_clone_primary:3,数据资源 | 私人专拍,0,482639 || 537467 || 541533,core_zero_shot_bge_m3:rank24:thr0483444
codex_step11_cluster_level_audit_current_manifest,d32790f8b0f7,template_clone_not_controller,low,use_for_review_discovery_only,The cluster is dominated by clone/template evidence without a seller-specific identity anchor.,3,3,core_few_shot_labse_lr_l2_ratio_100pct_seed_20260320,step9,reports\step11_core_few_shot_labse_lr_l2_ratio_100pct_seed_20260320_clustering_summary.json,zh_target_strict_core_few_shot_labse_lr_l2_ratio_100pct_seed_20260320_thr_0470000_c0039,39,0.47,0.612879,3,0,0,0,0,3,text_clone_primary:9,影视色情 | 虚拟物品 | 数据资源 | 技术技能,0,10745 || 522959 || 641987,core_few_shot_labse_lr_l2_ratio_100pct_seed_20260320:rank39:thr0470000 || core_few_shot_labse_lr_l2_ratio_100pct_seed_20260321:rank39:thr0470000 || core_few_shot_labse_lr_l2_ratio_100pct_seed_20260322:rank39:thr0470000
codex_step11_cluster_level_audit_current_manifest,d4a2a6b36061,template_clone_not_controller,low,use_for_review_discovery_only,The cluster is dominated by clone/template evidence without a seller-specific identity anchor.,3,7,core_few_shot_multilingual_e5_large_lr_l2_ratio_50pct_seed_20260322,step9,reports\step11_core_few_shot_multilingual_e5_large_lr_l2_ratio_50pct_seed_20260322_clustering_summary.json,zh_target_strict_core_few_shot_multilingual_e5_large_lr_l2_ratio_50pct_seed_20260322_thr_0560000_c0005,5,0.56,0.773495,3,0,0,0,1,1,semantic_only:14 | text_clone_primary:7,影视色情 | 服务业务 | 私人专拍 | 虚拟 | 担保私拍 | 数据 | 虚拟物品 | 数据资源,0,/shop/824 || 443620 || 565911,core_few_shot_labse_lr_l2_ratio_100pct_seed_20260320:rank27:thr0470000 || core_few_shot_labse_lr_l2_ratio_100pct_seed_20260321:rank27:thr0470000 || core_few_shot_labse_lr_l2_ratio_100pct_seed_20260322:rank27:thr0470000 || core_few_shot_multilingual_e5_large_lr_l2_ratio_50pct_seed_20260320:rank6:thr0560000 || core_few_shot_multilingual_e5_large_lr_l2_ratio_50pct_seed_20260321:rank6:thr0560000 || core_few_shot_multilingual_e5_large_lr_l2_ratio_50pct_seed_20260322:rank5:thr0560000 || core_zero_shot_bge_m3:rank29:thr0483444
codex_step11_cluster_level_audit_current_manifest,e00220dad0c4,template_clone_not_controller,low,use_for_review_discovery_only,The cluster is dominated by clone/template evidence without a seller-specific identity anchor.,3,1,core_few_shot_multilingual_e5_large_lr_l2_ratio_50pct_seed_20260321,step9,reports\step11_core_few_shot_multilingual_e5_large_lr_l2_ratio_50pct_seed_20260321_clustering_summary.json,zh_target_strict_core_few_shot_multilingual_e5_large_lr_l2_ratio_50pct_seed_20260321_thr_0560000_c0009,9,0.56,0.71161,3,0,0,0,1,3,text_clone_primary:3,虚拟 | 技术 | 数据 | 四件套号卡 | 影视色情 | 虚拟物品 | 私人专拍,0,/shop/442518 || /shop/451126 || 446883,core_few_shot_multilingual_e5_large_lr_l2_ratio_50pct_seed_20260321:rank9:thr0560000
codex_step11_cluster_level_audit_current_manifest,e0a5a5de2a85,template_clone_not_controller,low,use_for_review_discovery_only,The cluster is dominated by clone/template evidence without a seller-specific identity anchor.,3,3,core_few_shot_bge_m3_residual_lr_ratio_100pct_seed_20260320,step9,reports\step11_core_few_shot_bge_m3_residual_lr_ratio_100pct_seed_20260320_clustering_summary.json,zh_target_strict_core_few_shot_bge_m3_residual_lr_ratio_100pct_seed_20260320_thr_0735000_c0036,36,0.735,0.814626,3,0,0,0,1,0,semantic_only:3 | semantic_structural:3 | text_clone_primary:3,服务 | 服务业务,1,/shop/393762 || /shop/398209 || 540189,core_few_shot_bge_m3_residual_lr_ratio_100pct_seed_20260320:rank36:thr0735000 || core_few_shot_bge_m3_residual_lr_ratio_100pct_seed_20260321:rank36:thr0735000 || core_few_shot_bge_m3_residual_lr_ratio_100pct_seed_20260322:rank36:thr0735000
codex_step11_cluster_level_audit_current_manifest,e71833812580,template_clone_not_controller,low,use_for_review_discovery_only,The cluster is dominated by clone/template evidence without a seller-specific identity anchor.,3,9,core_few_shot_multilingual_e5_large_lr_l2_ratio_50pct_seed_20260322,step9,reports\step11_core_few_shot_multilingual_e5_large_lr_l2_ratio_50pct_seed_20260322_clustering_summary.json,zh_target_strict_core_few_shot_multilingual_e5_large_lr_l2_ratio_50pct_seed_20260322_thr_0560000_c0006,6,0.56,0.909231,3,0,0,0,0,3,text_clone_primary:27,实物 | 服务 | 担保私拍 | 四件套号卡 | 技术,1,/shop/448945 || /shop/463004 || /shop/463446,core_few_shot_labse_lr_l2_ratio_100pct_seed_20260320:rank29:thr0470000 || core_few_shot_labse_lr_l2_ratio_100pct_seed_20260321:rank29:thr0470000 || core_few_shot_labse_lr_l2_ratio_100pct_seed_20260322:rank29:thr0470000 || core_few_shot_multilingual_e5_large_lr_l2_ratio_50pct_seed_20260320:rank7:thr0560000 || core_few_shot_multilingual_e5_large_lr_l2_ratio_50pct_seed_20260321:rank7:thr0560000 || core_few_shot_multilingual_e5_large_lr_l2_ratio_50pct_seed_20260322:rank6:thr0560000 || identifier_augmented_few_shot_default_lr_l2_ratio_100pct_seed_20260320:rank16:thr0460000 || identifier_augmented_few_shot_default_lr_l2_ratio_100pct_seed_20260321:rank16:thr0460000 || identifier_augmented_few_shot_default_lr_l2_ratio_100pct_seed_20260322:rank16:thr0460000
codex_step11_cluster_level_audit_current_manifest,f5d2ada66693,template_clone_not_controller,low,use_for_review_discovery_only,The cluster is dominated by clone/template evidence without a seller-specific identity anchor.,3,3,core_few_shot_labse_lr_l2_ratio_100pct_seed_20260320,step9,reports\step11_core_few_shot_labse_lr_l2_ratio_100pct_seed_20260320_clustering_summary.json,zh_target_strict_core_few_shot_labse_lr_l2_ratio_100pct_seed_20260320_thr_0470000_c0028,28,0.47,0.742517,3,0,0,0,0,3,text_clone_primary:9,技术 | 虚拟 | 实物,0,/shop/405653 || /shop/442299 || /shop/7184,core_few_shot_labse_lr_l2_ratio_100pct_seed_20260320:rank28:thr0470000 || core_few_shot_labse_lr_l2_ratio_100pct_seed_20260321:rank28:thr0470000 || core_few_shot_labse_lr_l2_ratio_100pct_seed_20260322:rank28:thr0470000
codex_step11_cluster_level_audit_current_manifest,fe6a4fa9a264,template_clone_not_controller,low,use_for_review_discovery_only,The cluster is dominated by clone/template evidence without a seller-specific identity anchor.,3,4,core_few_shot_bge_m3_residual_lr_ratio_100pct_seed_20260320,step9,reports\step11_core_few_shot_bge_m3_residual_lr_ratio_100pct_seed_20260320_clustering_summary.json,zh_target_strict_core_few_shot_bge_m3_residual_lr_ratio_100pct_seed_20260320_thr_0735000_c0032,32,0.735,0.868401,3,0,0,0,3,0,text_clone_primary:12,影视色情 | 基础知识 | 数据资源 | 技术技能,0,101978 || 432202 || 481541,core_few_shot_bge_m3_residual_lr_ratio_100pct_seed_20260320:rank32:thr0735000 || core_few_shot_bge_m3_residual_lr_ratio_100pct_seed_20260321:rank32:thr0735000 || core_few_shot_bge_m3_residual_lr_ratio_100pct_seed_20260322:rank32:thr0735000 || core_zero_shot_bge_m3:rank22:thr0483444
codex_step11_cluster_level_audit_current_manifest,1cfaa73e2c07,semantic_topic_not_controller,low,use_for_review_discovery_only,The cluster is dominated by semantic or topic evidence without a seller-specific identity anchor.,7,9,core_few_shot_bge_m3_residual_lr_ratio_100pct_seed_20260320,step9,reports\step11_core_few_shot_bge_m3_residual_lr_ratio_100pct_seed_20260320_clustering_summary.json,zh_target_strict_core_few_shot_bge_m3_residual_lr_ratio_100pct_seed_20260320_thr_0735000_c0005,5,0.735,0.814331,15,0,0,0,0,0,semantic_only:36 | semantic_structural:96,数据资源 | 数据,0,/shop/393295 || 370168 || 413239 || 436711 || 442988 || 470888 || 500238,core_few_shot_bge_m3_residual_lr_ratio_100pct_seed_20260320:rank5:thr0735000 || core_few_shot_bge_m3_residual_lr_ratio_100pct_seed_20260321:rank5:thr0735000 || core_few_shot_bge_m3_residual_lr_ratio_100pct_seed_20260322:rank5:thr0735000 || core_few_shot_labse_lr_l2_ratio_100pct_seed_20260320:rank8:thr0470000 || core_few_shot_labse_lr_l2_ratio_100pct_seed_20260321:rank8:thr0470000 || core_few_shot_labse_lr_l2_ratio_100pct_seed_20260322:rank8:thr0470000 || identifier_augmented_few_shot_default_lr_l2_ratio_100pct_seed_20260320:rank5:thr0460000 || identifier_augmented_few_shot_default_lr_l2_ratio_100pct_seed_20260321:rank5:thr0460000 || identifier_augmented_few_shot_default_lr_l2_ratio_100pct_seed_20260322:rank5:thr0460000
codex_step11_cluster_level_audit_current_manifest,8a6522acc1d7,semantic_topic_not_controller,low,use_for_review_discovery_only,The cluster is dominated by semantic or topic evidence without a seller-specific identity anchor.,7,3,core_few_shot_bge_m3_residual_lr_ratio_100pct_seed_20260320,step9,reports\step11_core_few_shot_bge_m3_residual_lr_ratio_100pct_seed_20260320_clustering_summary.json,zh_target_strict_core_few_shot_bge_m3_residual_lr_ratio_100pct_seed_20260320_thr_0735000_c0003,3,0.735,0.941748,15,0,0,0,0,0,semantic_only:6 | semantic_structural:39,实物 | 四件套号卡 | 服务 | 洗车精洗,7,/shop/403489 || /shop/407049 || /shop/435963 || /shop/444654 || /shop/459141 || /shop/462494 || /shop/462498,core_few_shot_bge_m3_residual_lr_ratio_100pct_seed_20260320:rank3:thr0735000 || core_few_shot_bge_m3_residual_lr_ratio_100pct_seed_20260321:rank3:thr0735000 || core_few_shot_bge_m3_residual_lr_ratio_100pct_seed_20260322:rank3:thr0735000
codex_step11_cluster_level_audit_current_manifest,c1afdb7de2b5,semantic_topic_not_controller,low,use_for_review_discovery_only,The cluster is dominated by semantic or topic evidence without a seller-specific identity anchor.,8,3,core_few_shot_labse_lr_l2_ratio_100pct_seed_20260320,step9,reports\step11_core_few_shot_labse_lr_l2_ratio_100pct_seed_20260320_clustering_summary.json,zh_target_strict_core_few_shot_labse_lr_l2_ratio_100pct_seed_20260320_thr_0470000_c0003,3,0.47,0.713224,15,0,0,0,0,2,semantic_only:12 | semantic_structural:27 | text_clone_primary:6,服务业务 | 数据资源 | 私人专拍 | 服务,0,/shop/437217 || 490054 || 507092 || 565793 || 579292 || 579776 || 582222 || 588888,core_few_shot_labse_lr_l2_ratio_100pct_seed_20260320:rank3:thr0470000 || core_few_shot_labse_lr_l2_ratio_100pct_seed_20260321:rank3:thr0470000 || core_few_shot_labse_lr_l2_ratio_100pct_seed_20260322:rank3:thr0470000
codex_step11_cluster_level_audit_current_manifest,e9ccedf62056,semantic_topic_not_controller,low,use_for_review_discovery_only,The cluster is dominated by semantic or topic evidence without a seller-specific identity anchor.,7,6,core_few_shot_labse_lr_l2_ratio_100pct_seed_20260320,step9,reports\step11_core_few_shot_labse_lr_l2_ratio_100pct_seed_20260320_clustering_summary.json,zh_target_strict_core_few_shot_labse_lr_l2_ratio_100pct_seed_20260320_thr_0470000_c0004,4,0.47,0.905664,15,0,0,0,1,1,semantic_only:42 | semantic_structural:42 | text_clone_primary:3,数据资源 | 数据,0,/shop/447283 || /shop/461572 || 596149 || 605004 || 605180 || 606036 || 606193,core_few_shot_bge_m3_residual_lr_ratio_100pct_seed_20260320:rank4:thr0735000 || core_few_shot_bge_m3_residual_lr_ratio_100pct_seed_20260321:rank4:thr0735000 || core_few_shot_bge_m3_residual_lr_ratio_100pct_seed_20260322:rank4:thr0735000 || core_few_shot_labse_lr_l2_ratio_100pct_seed_20260320:rank4:thr0470000 || core_few_shot_labse_lr_l2_ratio_100pct_seed_20260321:rank4:thr0470000 || core_few_shot_labse_lr_l2_ratio_100pct_seed_20260322:rank4:thr0470000
codex_step11_cluster_level_audit_current_manifest,d0c7406b698e,semantic_topic_not_controller,low,use_for_review_discovery_only,The cluster is dominated by semantic or topic evidence without a seller-specific identity anchor.,9,3,core_few_shot_bge_m3_residual_lr_ratio_100pct_seed_20260320,step9,reports\step11_core_few_shot_bge_m3_residual_lr_ratio_100pct_seed_20260320_clustering_summary.json,zh_target_strict_core_few_shot_bge_m3_residual_lr_ratio_100pct_seed_20260320_thr_0735000_c0001,1,0.735,0.84207,14,0,0,0,0,1,semantic_only:12 | semantic_structural:27 | text_clone_primary:3,服务业务 | 数据资源 | 私人专拍 | 服务,0,/shop/437217 || 490054 || 507092 || 565793 || 569611 || 579292 || 579776 || 582222 || 588888,core_few_shot_bge_m3_residual_lr_ratio_100pct_seed_20260320:rank1:thr0735000 || core_few_shot_bge_m3_residual_lr_ratio_100pct_seed_20260321:rank1:thr0735000 || core_few_shot_bge_m3_residual_lr_ratio_100pct_seed_20260322:rank1:thr0735000
codex_step11_cluster_level_audit_current_manifest,3b32dbcb5f51,semantic_topic_not_controller,low,use_for_review_discovery_only,The cluster is dominated by semantic or topic evidence without a seller-specific identity anchor.,7,2,core_few_shot_multilingual_e5_large_lr_l2_ratio_50pct_seed_20260320,step9,reports\step11_core_few_shot_multilingual_e5_large_lr_l2_ratio_50pct_seed_20260320_clustering_summary.json,zh_target_strict_core_few_shot_multilingual_e5_large_lr_l2_ratio_50pct_seed_20260320_thr_0560000_c0002,2,0.56,0.703555,13,0,0,0,0,1,semantic_only:10 | semantic_structural:14 | text_clone_primary:2,服务业务 | 数据资源 | 私人专拍 | 服务,0,/shop/437217 || 490054 || 507092 || 565793 || 569611 || 579776 || 582222,core_few_shot_multilingual_e5_large_lr_l2_ratio_50pct_seed_20260320:rank2:thr0560000 || core_few_shot_multilingual_e5_large_lr_l2_ratio_50pct_seed_20260322:rank2:thr0560000
codex_step11_cluster_level_audit_current_manifest,011797abbf7b,semantic_topic_not_controller,low,use_for_review_discovery_only,The cluster is dominated by semantic or topic evidence without a seller-specific identity anchor.,7,3,core_few_shot_multilingual_e5_large_lr_l2_ratio_50pct_seed_20260320,step9,reports\step11_core_few_shot_multilingual_e5_large_lr_l2_ratio_50pct_seed_20260320_clustering_summary.json,zh_target_strict_core_few_shot_multilingual_e5_large_lr_l2_ratio_50pct_seed_20260320_thr_0560000_c0001,1,0.56,0.802889,12,0,0,0,0,1,semantic_only:6 | semantic_structural:27 | text_clone_primary:3,实物 | 四件套号卡 | 服务,7,/shop/403489 || /shop/407049 || /shop/442431 || /shop/444654 || /shop/459141 || /shop/462494 || /shop/462498,core_few_shot_multilingual_e5_large_lr_l2_ratio_50pct_seed_20260320:rank1:thr0560000 || core_few_shot_multilingual_e5_large_lr_l2_ratio_50pct_seed_20260321:rank1:thr0560000 || core_few_shot_multilingual_e5_large_lr_l2_ratio_50pct_seed_20260322:rank1:thr0560000
codex_step11_cluster_level_audit_current_manifest,88f23717b500,semantic_topic_not_controller,low,use_for_review_discovery_only,The cluster is dominated by semantic or topic evidence without a seller-specific identity anchor.,8,3,core_few_shot_bge_m3_residual_lr_ratio_100pct_seed_20260320,step9,reports\step11_core_few_shot_bge_m3_residual_lr_ratio_100pct_seed_20260320_clustering_summary.json,zh_target_strict_core_few_shot_bge_m3_residual_lr_ratio_100pct_seed_20260320_thr_0735000_c0002,2,0.735,0.818056,12,0,0,0,0,0,semantic_structural:36,私人专拍,0,27792 || 40964 || 43871 || 46626 || 52734 || 67272 || 68679 || 70467,core_few_shot_bge_m3_residual_lr_ratio_100pct_seed_20260320:rank2:thr0735000 || core_few_shot_bge_m3_residual_lr_ratio_100pct_seed_20260321:rank2:thr0735000 || core_few_shot_bge_m3_residual_lr_ratio_100pct_seed_20260322:rank2:thr0735000
codex_step11_cluster_level_audit_current_manifest,b68473d76943,semantic_topic_not_controller,low,use_for_review_discovery_only,The cluster is dominated by semantic or topic evidence without a seller-specific identity anchor.,6,4,core_few_shot_labse_lr_l2_ratio_100pct_seed_20260320,step9,reports\step11_core_few_shot_labse_lr_l2_ratio_100pct_seed_20260320_clustering_summary.json,zh_target_strict_core_few_shot_labse_lr_l2_ratio_100pct_seed_20260320_thr_0470000_c0010,10,0.47,0.674179,12,0,0,0,0,0,semantic_only:20 | semantic_structural:27,影视色情 | 其它类别 | 技术技能 | 数据资源 | 基础知识,0,161178 || 169911 || 244953 || 352921 || 381572 || 64037,core_few_shot_labse_lr_l2_ratio_100pct_seed_20260320:rank10:thr0470000 || core_few_shot_labse_lr_l2_ratio_100pct_seed_20260321:rank10:thr0470000 || core_few_shot_labse_lr_l2_ratio_100pct_seed_20260322:rank10:thr0470000 || core_zero_shot_bge_m3:rank5:thr0483444
codex_step11_cluster_level_audit_current_manifest,45bf96b226e5,semantic_topic_not_controller,low,use_for_review_discovery_only,The cluster is dominated by semantic or topic evidence without a seller-specific identity anchor.,7,1,core_zero_shot_bge_m3,step7,reports\step11_core_zero_shot_bge_m3_clustering_summary.json,zh_target_strict_core_zero_shot_bge_m3_thr_0483444_c0001,1,0.483444,0.491803,11,0,0,0,0,0,semantic_structural:11,虚拟物品 | 数据资源 | 技术技能 | 服务业务,0,250456 || 253337 || 253419 || 327588 || 327625 || 432530 || 73927,core_zero_shot_bge_m3:rank1:thr0483444
codex_step11_cluster_level_audit_current_manifest,aa4a5aa54024,semantic_topic_not_controller,low,use_for_review_discovery_only,The cluster is dominated by semantic or topic evidence without a seller-specific identity anchor.,6,1,core_few_shot_multilingual_e5_large_lr_l2_ratio_50pct_seed_20260321,step9,reports\step11_core_few_shot_multilingual_e5_large_lr_l2_ratio_50pct_seed_20260321_clustering_summary.json,zh_target_strict_core_few_shot_multilingual_e5_large_lr_l2_ratio_50pct_seed_20260321_thr_0560000_c0002,2,0.56,0.715194,10,0,0,0,0,0,semantic_only:5 | semantic_structural:5,服务业务 | 数据资源 | 私人专拍 | 服务,0,/shop/437217 || 490054 || 507092 || 565793 || 579776 || 582222,core_few_shot_multilingual_e5_large_lr_l2_ratio_50pct_seed_20260321:rank2:thr0560000
codex_step11_cluster_level_audit_current_manifest,cbb6597f9f26,semantic_topic_not_controller,low,use_for_review_discovery_only,The cluster is dominated by semantic or topic evidence without a seller-specific identity anchor.,6,3,core_few_shot_bge_m3_residual_lr_ratio_100pct_seed_20260320,step9,reports\step11_core_few_shot_bge_m3_residual_lr_ratio_100pct_seed_20260320_clustering_summary.json,zh_target_strict_core_few_shot_bge_m3_residual_lr_ratio_100pct_seed_20260320_thr_0735000_c0006,6,0.735,0.867209,10,0,0,0,0,0,semantic_structural:30,虚拟物品 | 数据资源 | 技术技能 | 服务业务,0,250456 || 253337 || 253419 || 327625 || 432530 || 73927,core_few_shot_bge_m3_residual_lr_ratio_100pct_seed_20260320:rank6:thr0735000 || core_few_shot_bge_m3_residual_lr_ratio_100pct_seed_20260321:rank6:thr0735000 || core_few_shot_bge_m3_residual_lr_ratio_100pct_seed_20260322:rank6:thr0735000
codex_step11_cluster_level_audit_current_manifest,d36b02782d55,semantic_topic_not_controller,low,use_for_review_discovery_only,The cluster is dominated by semantic or topic evidence without a seller-specific identity anchor.,6,3,core_few_shot_bge_m3_residual_lr_ratio_100pct_seed_20260320,step9,reports\step11_core_few_shot_bge_m3_residual_lr_ratio_100pct_seed_20260320_clustering_summary.json,zh_target_strict_core_few_shot_bge_m3_residual_lr_ratio_100pct_seed_20260320_thr_0735000_c0007,7,0.735,0.815993,10,0,0,0,0,0,semantic_only:3 | semantic_structural:27,虚拟 | 服务 | 实物 | 数据,1,/shop/397085 || /shop/405626 || /shop/430878 || /shop/434275 || /shop/446131 || /shop/463712,core_few_shot_bge_m3_residual_lr_ratio_100pct_seed_20260320:rank7:thr0735000 || core_few_shot_bge_m3_residual_lr_ratio_100pct_seed_20260321:rank7:thr0735000 || core_few_shot_bge_m3_residual_lr_ratio_100pct_seed_20260322:rank7:thr0735000
codex_step11_cluster_level_audit_current_manifest,15ddff09aad3,semantic_topic_not_controller,low,use_for_review_discovery_only,The cluster is dominated by semantic or topic evidence without a seller-specific identity anchor.,6,1,core_zero_shot_bge_m3,step7,reports\step11_core_zero_shot_bge_m3_clustering_summary.json,zh_target_strict_core_zero_shot_bge_m3_thr_0483444_c0004,4,0.483444,0.495911,9,0,0,0,0,2,semantic_only:1 | semantic_structural:6 | text_clone_primary:2,虚拟 | 技术 | 服务 | 数据 | 四件套号卡 | 漏洞,0,/shop/406241 || /shop/431289 || /shop/440693 || /shop/441616 || /shop/444329 || /shop/448717,core_zero_shot_bge_m3:rank4:thr0483444
codex_step11_cluster_level_audit_current_manifest,166dda5ab22c,semantic_topic_not_controller,low,use_for_review_discovery_only,The cluster is dominated by semantic or topic evidence without a seller-specific identity anchor.,6,3,core_few_shot_bge_m3_residual_lr_ratio_100pct_seed_20260320,step9,reports\step11_core_few_shot_bge_m3_residual_lr_ratio_100pct_seed_20260320_clustering_summary.json,zh_target_strict_core_few_shot_bge_m3_residual_lr_ratio_100pct_seed_20260320_thr_0735000_c0009,9,0.735,0.810145,8,0,0,0,0,0,semantic_structural:24,数据 | 漏洞,0,/shop/10158 || /shop/400128 || /shop/403748 || /shop/412 || /shop/414687 || /shop/9644,core_few_shot_bge_m3_residual_lr_ratio_100pct_seed_20260320:rank9:thr0735000 || core_few_shot_bge_m3_residual_lr_ratio_100pct_seed_20260321:rank9:thr0735000 || core_few_shot_bge_m3_residual_lr_ratio_100pct_seed_20260322:rank9:thr0735000
codex_step11_cluster_level_audit_current_manifest,18654f54d5af,semantic_topic_not_controller,low,use_for_review_discovery_only,The cluster is dominated by semantic or topic evidence without a seller-specific identity anchor.,5,3,core_few_shot_labse_lr_l2_ratio_100pct_seed_20260320,step9,reports\step11_core_few_shot_labse_lr_l2_ratio_100pct_seed_20260320_clustering_summary.json,zh_target_strict_core_few_shot_labse_lr_l2_ratio_100pct_seed_20260320_thr_0470000_c0013,13,0.47,0.638068,8,0,0,0,0,0,semantic_structural:24,虚拟物品 | 数据资源 | 技术技能,0,250456 || 253337 || 253419 || 327625 || 432530,core_few_shot_labse_lr_l2_ratio_100pct_seed_20260320:rank13:thr0470000 || core_few_shot_labse_lr_l2_ratio_100pct_seed_20260321:rank13:thr0470000 || core_few_shot_labse_lr_l2_ratio_100pct_seed_20260322:rank13:thr0470000
codex_step11_cluster_level_audit_current_manifest,5eb032f182a5,semantic_topic_not_controller,low,use_for_review_discovery_only,The cluster is dominated by semantic or topic evidence without a seller-specific identity anchor.,6,3,core_few_shot_labse_lr_l2_ratio_100pct_seed_20260320,step9,reports\step11_core_few_shot_labse_lr_l2_ratio_100pct_seed_20260320_clustering_summary.json,zh_target_strict_core_few_shot_labse_lr_l2_ratio_100pct_seed_20260320_thr_0470000_c0011,11,0.47,0.545672,8,0,0,0,0,0,semantic_only:6 | semantic_structural:18,影视色情 | 私人专拍 | 虚拟物品 | 其它类别,0,44207 || 55515 || 55966 || 56010 || 58517 || 61132,core_few_shot_labse_lr_l2_ratio_100pct_seed_20260320:rank11:thr0470000 || core_few_shot_labse_lr_l2_ratio_100pct_seed_20260321:rank11:thr0470000 || core_few_shot_labse_lr_l2_ratio_100pct_seed_20260322:rank11:thr0470000
codex_step11_cluster_level_audit_current_manifest,d8ce04560223,semantic_topic_not_controller,low,use_for_review_discovery_only,The cluster is dominated by semantic or topic evidence without a seller-specific identity anchor.,6,3,identifier_augmented_few_shot_default_lr_l2_ratio_100pct_seed_20260320,step9,reports\step11_identifier_augmented_few_shot_default_lr_l2_ratio_100pct_seed_20260320_clustering_summary.json,zh_target_strict_identifier_augmented_few_shot_default_lr_l2_ratio_100pct_seed_20260320_thr_0460000_c0006,6,0.46,0.558432,8,0,0,0,0,0,semantic_only:15 | semantic_structural:9,服务业务 | 数据资源 | 服务 | 私人专拍,0,/shop/437217 || 490054 || 507092 || 579292 || 579776 || 582222,identifier_augmented_few_shot_default_lr_l2_ratio_100pct_seed_20260320:rank6:thr0460000 || identifier_augmented_few_shot_default_lr_l2_ratio_100pct_seed_20260321:rank6:thr0460000 || identifier_augmented_few_shot_default_lr_l2_ratio_100pct_seed_20260322:rank6:thr0460000
codex_step11_cluster_level_audit_current_manifest,25e2a90f7095,semantic_topic_not_controller,low,use_for_review_discovery_only,The cluster is dominated by semantic or topic evidence without a seller-specific identity anchor.,5,1,core_few_shot_multilingual_e5_large_lr_l2_ratio_50pct_seed_20260321,step9,reports\step11_core_few_shot_multilingual_e5_large_lr_l2_ratio_50pct_seed_20260321_clustering_summary.json,zh_target_strict_core_few_shot_multilingual_e5_large_lr_l2_ratio_50pct_seed_20260321_thr_0560000_c0003,3,0.56,0.645619,7,0,0,0,0,0,semantic_only:4 | semantic_structural:3,数据资源 | 数据,0,/shop/461572 || 596149 || 605004 || 605180 || 606193,core_few_shot_multilingual_e5_large_lr_l2_ratio_50pct_seed_20260321:rank3:thr0560000
codex_step11_cluster_level_audit_current_manifest,36b898c7a794,semantic_topic_not_controller,low,use_for_review_discovery_only,The cluster is dominated by semantic or topic evidence without a seller-specific identity anchor.,5,1,core_zero_shot_bge_m3,step7,reports\step11_core_zero_shot_bge_m3_clustering_summary.json,zh_target_strict_core_zero_shot_bge_m3_thr_0483444_c0014,14,0.483444,0.489994,7,0,0,0,0,1,semantic_only:4 | semantic_structural:2 | text_clone_primary:1,技术 | 虚拟 | 服务 | 数据,0,/shop/393365 || /shop/405740 || /shop/431789 || /shop/441359 || /shop/443084,core_zero_shot_bge_m3:rank14:thr0483444
codex_step11_cluster_level_audit_current_manifest,816bb43cebd7,semantic_topic_not_controller,low,use_for_review_discovery_only,The cluster is dominated by semantic or topic evidence without a seller-specific identity anchor.,5,6,core_few_shot_bge_m3_residual_lr_ratio_100pct_seed_20260320,step9,reports\step11_core_few_shot_bge_m3_residual_lr_ratio_100pct_seed_20260320_clustering_summary.json,zh_target_strict_core_few_shot_bge_m3_residual_lr_ratio_100pct_seed_20260320_thr_0735000_c0011,11,0.735,0.894775,7,0,0,0,0,0,semantic_structural:39,私人专拍,0,531087 || 565148 || 565149 || 567845 || 570690,core_few_shot_bge_m3_residual_lr_ratio_100pct_seed_20260320:rank11:thr0735000 || core_few_shot_bge_m3_residual_lr_ratio_100pct_seed_20260321:rank11:thr0735000 || core_few_shot_bge_m3_residual_lr_ratio_100pct_seed_20260322:rank11:thr0735000 || core_few_shot_labse_lr_l2_ratio_100pct_seed_20260320:rank14:thr0470000 || core_few_shot_labse_lr_l2_ratio_100pct_seed_20260321:rank14:thr0470000 || core_few_shot_labse_lr_l2_ratio_100pct_seed_20260322:rank14:thr0470000
codex_step11_cluster_level_audit_current_manifest,841a85de5da6,semantic_topic_not_controller,low,use_for_review_discovery_only,The cluster is dominated by semantic or topic evidence without a seller-specific identity anchor.,5,3,core_few_shot_bge_m3_residual_lr_ratio_100pct_seed_20260320,step9,reports\step11_core_few_shot_bge_m3_residual_lr_ratio_100pct_seed_20260320_clustering_summary.json,zh_target_strict_core_few_shot_bge_m3_residual_lr_ratio_100pct_seed_20260320_thr_0735000_c0013,13,0.735,0.797755,7,0,0,0,0,0,semantic_structural:21,数据 | 虚拟,0,/shop/415543 || /shop/416090 || /shop/418024 || /shop/841 || /shop/8843,core_few_shot_bge_m3_residual_lr_ratio_100pct_seed_20260320:rank13:thr0735000 || core_few_shot_bge_m3_residual_lr_ratio_100pct_seed_20260321:rank13:thr0735000 || core_few_shot_bge_m3_residual_lr_ratio_100pct_seed_20260322:rank13:thr0735000
codex_step11_cluster_level_audit_current_manifest,55127790c251,semantic_topic_not_controller,low,use_for_review_discovery_only,The cluster is dominated by semantic or topic evidence without a seller-specific identity anchor.,4,3,core_few_shot_bge_m3_residual_lr_ratio_100pct_seed_20260320,step9,reports\step11_core_few_shot_bge_m3_residual_lr_ratio_100pct_seed_20260320_clustering_summary.json,zh_target_strict_core_few_shot_bge_m3_residual_lr_ratio_100pct_seed_20260320_thr_0735000_c0020,20,0.735,0.773461,5,0,0,0,0,0,semantic_only:6 | semantic_structural:9,影视色情 | 私人专拍,0,55265 || 55712 || 59454 || 65358,core_few_shot_bge_m3_residual_lr_ratio_100pct_seed_20260320:rank20:thr0735000 || core_few_shot_bge_m3_residual_lr_ratio_100pct_seed_20260321:rank20:thr0735000 || core_few_shot_bge_m3_residual_lr_ratio_100pct_seed_20260322:rank20:thr0735000
codex_step11_cluster_level_audit_current_manifest,9070ac350b9a,semantic_topic_not_controller,low,use_for_review_discovery_only,The cluster is dominated by semantic or topic evidence without a seller-specific identity anchor.,4,1,core_few_shot_multilingual_e5_large_lr_l2_ratio_50pct_seed_20260320,step9,reports\step11_core_few_shot_multilingual_e5_large_lr_l2_ratio_50pct_seed_20260320_clustering_summary.json,zh_target_strict_core_few_shot_multilingual_e5_large_lr_l2_ratio_50pct_seed_20260320_thr_0560000_c0003,3,0.56,0.650276,5,0,0,0,0,0,semantic_only:3 | semantic_structural:2,数据资源 | 数据,0,/shop/461572 || 605004 || 605180 || 606193,core_few_shot_multilingual_e5_large_lr_l2_ratio_50pct_seed_20260320:rank3:thr0560000
codex_step11_cluster_level_audit_current_manifest,94b8942110f4,semantic_topic_not_controller,low,use_for_review_discovery_only,The cluster is dominated by semantic or topic evidence without a seller-specific identity anchor.,4,3,core_few_shot_labse_lr_l2_ratio_100pct_seed_20260320,step9,reports\step11_core_few_shot_labse_lr_l2_ratio_100pct_seed_20260320_clustering_summary.json,zh_target_strict_core_few_shot_labse_lr_l2_ratio_100pct_seed_20260320_thr_0470000_c0022,22,0.47,0.554145,5,0,0,0,0,0,semantic_only:9 | semantic_structural:6,技术 | 虚拟 | 服务 | 数据,0,/shop/393365 || /shop/405740 || /shop/431789 || /shop/441359,core_few_shot_labse_lr_l2_ratio_100pct_seed_20260320:rank22:thr0470000 || core_few_shot_labse_lr_l2_ratio_100pct_seed_20260321:rank22:thr0470000 || core_few_shot_labse_lr_l2_ratio_100pct_seed_20260322:rank22:thr0470000
codex_step11_cluster_level_audit_current_manifest,9cd598ca4138,semantic_topic_not_controller,low,use_for_review_discovery_only,The cluster is dominated by semantic or topic evidence without a seller-specific identity anchor.,4,3,core_few_shot_bge_m3_residual_lr_ratio_100pct_seed_20260320,step9,reports\step11_core_few_shot_bge_m3_residual_lr_ratio_100pct_seed_20260320_clustering_summary.json,zh_target_strict_core_few_shot_bge_m3_residual_lr_ratio_100pct_seed_20260320_thr_0735000_c0016,16,0.735,0.848082,5,0,0,0,0,0,semantic_only:3 | semantic_structural:12,私人专拍 | 影视色情,0,42402 || 51590 || 55495 || 57615,core_few_shot_bge_m3_residual_lr_ratio_100pct_seed_20260320:rank16:thr0735000 || core_few_shot_bge_m3_residual_lr_ratio_100pct_seed_20260321:rank16:thr0735000 || core_few_shot_bge_m3_residual_lr_ratio_100pct_seed_20260322:rank16:thr0735000
codex_step11_cluster_level_audit_current_manifest,cecb19db2453,semantic_topic_not_controller,low,use_for_review_discovery_only,The cluster is dominated by semantic or topic evidence without a seller-specific identity anchor.,4,3,core_few_shot_bge_m3_residual_lr_ratio_100pct_seed_20260320,step9,reports\step11_core_few_shot_bge_m3_residual_lr_ratio_100pct_seed_20260320_clustering_summary.json,zh_target_strict_core_few_shot_bge_m3_residual_lr_ratio_100pct_seed_20260320_thr_0735000_c0018,18,0.735,0.865881,5,0,0,0,0,0,semantic_structural:15,私人专拍 | 影视色情 | 其它类别 | 虚拟物品,0,44207 || 47690 || 55515 || 56010,core_few_shot_bge_m3_residual_lr_ratio_100pct_seed_20260320:rank18:thr0735000 || core_few_shot_bge_m3_residual_lr_ratio_100pct_seed_20260321:rank18:thr0735000 || core_few_shot_bge_m3_residual_lr_ratio_100pct_seed_20260322:rank18:thr0735000
codex_step11_cluster_level_audit_current_manifest,eb7648078e78,semantic_topic_not_controller,low,use_for_review_discovery_only,The cluster is dominated by semantic or topic evidence without a seller-specific identity anchor.,4,1,core_zero_shot_bge_m3,step7,reports\step11_core_zero_shot_bge_m3_clustering_summary.json,zh_target_strict_core_zero_shot_bge_m3_thr_0483444_c0019,19,0.483444,0.495319,5,0,0,0,0,0,semantic_only:3 | semantic_structural:2,服务业务 | 数据资源 | 私人专拍 | 服务,0,/shop/437217 || 490054 || 507092 || 579776,core_zero_shot_bge_m3:rank19:thr0483444
codex_step11_cluster_level_audit_current_manifest,eedead8f7df8,semantic_topic_not_controller,low,use_for_review_discovery_only,The cluster is dominated by semantic or topic evidence without a seller-specific identity anchor.,4,1,core_zero_shot_bge_m3,step7,reports\step11_core_zero_shot_bge_m3_clustering_summary.json,zh_target_strict_core_zero_shot_bge_m3_thr_0483444_c0018,18,0.483444,0.495319,5,0,0,0,0,0,semantic_only:4 | semantic_structural:1,影视色情 | 虚拟物品 | 其它类别 | 数据资源,0,17675 || 32875 || 35465 || 36740,core_zero_shot_bge_m3:rank18:thr0483444
codex_step11_cluster_level_audit_current_manifest,02a202fb4a64,semantic_topic_not_controller,low,use_for_review_discovery_only,The cluster is dominated by semantic or topic evidence without a seller-specific identity anchor.,3,3,core_few_shot_labse_lr_l2_ratio_100pct_seed_20260320,step9,reports\step11_core_few_shot_labse_lr_l2_ratio_100pct_seed_20260320_clustering_summary.json,zh_target_strict_core_few_shot_labse_lr_l2_ratio_100pct_seed_20260320_thr_0470000_c0048,48,0.47,0.531843,3,0,0,0,0,0,semantic_structural:9,数据资源 | 虚拟物品,0,505474 || 69210 || 69572,core_few_shot_labse_lr_l2_ratio_100pct_seed_20260320:rank48:thr0470000 || core_few_shot_labse_lr_l2_ratio_100pct_seed_20260321:rank48:thr0470000 || core_few_shot_labse_lr_l2_ratio_100pct_seed_20260322:rank48:thr0470000
codex_step11_cluster_level_audit_current_manifest,13f96ec4590a,semantic_topic_not_controller,low,use_for_review_discovery_only,The cluster is dominated by semantic or topic evidence without a seller-specific identity anchor.,3,3,core_few_shot_bge_m3_residual_lr_ratio_100pct_seed_20260320,step9,reports\step11_core_few_shot_bge_m3_residual_lr_ratio_100pct_seed_20260320_clustering_summary.json,zh_target_strict_core_few_shot_bge_m3_residual_lr_ratio_100pct_seed_20260320_thr_0735000_c0030,30,0.735,0.878814,3,0,0,0,0,0,semantic_structural:9,担保私拍,0,/shop/415633 || /shop/454877 || /shop/843,core_few_shot_bge_m3_residual_lr_ratio_100pct_seed_20260320:rank30:thr0735000 || core_few_shot_bge_m3_residual_lr_ratio_100pct_seed_20260321:rank30:thr0735000 || core_few_shot_bge_m3_residual_lr_ratio_100pct_seed_20260322:rank30:thr0735000
codex_step11_cluster_level_audit_current_manifest,159a2daf21ad,semantic_topic_not_controller,low,use_for_review_discovery_only,The cluster is dominated by semantic or topic evidence without a seller-specific identity anchor.,3,1,core_zero_shot_bge_m3,step7,reports\step11_core_zero_shot_bge_m3_clustering_summary.json,zh_target_strict_core_zero_shot_bge_m3_thr_0483444_c0049,49,0.483444,0.489994,3,0,0,0,0,0,semantic_structural:3,数据 | 虚拟 | 技术,0,/shop/412360 || /shop/440237 || /shop/460006,core_zero_shot_bge_m3:rank49:thr0483444
codex_step11_cluster_level_audit_current_manifest,18a44dbaa039,semantic_topic_not_controller,low,use_for_review_discovery_only,The cluster is dominated by semantic or topic evidence without a seller-specific identity anchor.,3,3,core_few_shot_multilingual_e5_large_lr_l2_ratio_50pct_seed_20260320,step9,reports\step11_core_few_shot_multilingual_e5_large_lr_l2_ratio_50pct_seed_20260320_clustering_summary.json,zh_target_strict_core_few_shot_multilingual_e5_large_lr_l2_ratio_50pct_seed_20260320_thr_0560000_c0014,14,0.56,0.634553,3,0,0,0,0,0,semantic_structural:9,站内充提,3,/shop/460561 || /shop/460568 || /shop/468677,core_few_shot_multilingual_e5_large_lr_l2_ratio_50pct_seed_20260320:rank14:thr0560000 || core_few_shot_multilingual_e5_large_lr_l2_ratio_50pct_seed_20260321:rank15:thr0560000 || core_few_shot_multilingual_e5_large_lr_l2_ratio_50pct_seed_20260322:rank14:thr0560000
codex_step11_cluster_level_audit_current_manifest,1dec40fe9127,semantic_topic_not_controller,low,use_for_review_discovery_only,The cluster is dominated by semantic or topic evidence without a seller-specific identity anchor.,3,1,core_zero_shot_bge_m3,step7,reports\step11_core_zero_shot_bge_m3_clustering_summary.json,zh_target_strict_core_zero_shot_bge_m3_thr_0483444_c0043,43,0.483444,0.489994,3,0,0,0,0,0,semantic_only:2 | semantic_structural:1,影视色情 | 虚拟物品 | 私人专拍,0,29778 || 436034 || 52938,core_zero_shot_bge_m3:rank43:thr0483444
codex_step11_cluster_level_audit_current_manifest,28130e4e3fbf,semantic_topic_not_controller,low,use_for_review_discovery_only,The cluster is dominated by semantic or topic evidence without a seller-specific identity anchor.,3,1,core_zero_shot_bge_m3,step7,reports\step11_core_zero_shot_bge_m3_clustering_summary.json,zh_target_strict_core_zero_shot_bge_m3_thr_0483444_c0040,40,0.483444,0.498869,3,0,0,0,0,0,semantic_only:2 | semantic_structural:1,技术 | 实物 | 站内充提 | 虚拟 | 四件套号卡,2,/shop/418985 || /shop/423102 || /shop/439702,core_zero_shot_bge_m3:rank40:thr0483444
codex_step11_cluster_level_audit_current_manifest,305a7b3bf26f,semantic_topic_not_controller,low,use_for_review_discovery_only,The cluster is dominated by semantic or topic evidence without a seller-specific identity anchor.,3,6,core_few_shot_bge_m3_residual_lr_ratio_100pct_seed_20260320,step9,reports\step11_core_few_shot_bge_m3_residual_lr_ratio_100pct_seed_20260320_clustering_summary.json,zh_target_strict_core_few_shot_bge_m3_residual_lr_ratio_100pct_seed_20260320_thr_0735000_c0026,26,0.735,0.843672,3,0,0,0,0,0,semantic_structural:18,数据,0,/shop/413268 || /shop/6780 || /shop/882,core_few_shot_bge_m3_residual_lr_ratio_100pct_seed_20260320:rank26:thr0735000 || core_few_shot_bge_m3_residual_lr_ratio_100pct_seed_20260321:rank26:thr0735000 || core_few_shot_bge_m3_residual_lr_ratio_100pct_seed_20260322:rank26:thr0735000 || core_few_shot_labse_lr_l2_ratio_100pct_seed_20260320:rank45:thr0470000 || core_few_shot_labse_lr_l2_ratio_100pct_seed_20260321:rank45:thr0470000 || core_few_shot_labse_lr_l2_ratio_100pct_seed_20260322:rank45:thr0470000
codex_step11_cluster_level_audit_current_manifest,43ca7588de52,semantic_topic_not_controller,low,use_for_review_discovery_only,The cluster is dominated by semantic or topic evidence without a seller-specific identity anchor.,3,3,core_few_shot_bge_m3_residual_lr_ratio_100pct_seed_20260320,step9,reports\step11_core_few_shot_bge_m3_residual_lr_ratio_100pct_seed_20260320_clustering_summary.json,zh_target_strict_core_few_shot_bge_m3_residual_lr_ratio_100pct_seed_20260320_thr_0735000_c0046,46,0.735,0.769994,3,0,0,0,0,0,semantic_only:3 | semantic_structural:6,技术 | 服务 | 虚拟,0,/shop/393365 || /shop/405740 || /shop/441359,core_few_shot_bge_m3_residual_lr_ratio_100pct_seed_20260320:rank46:thr0735000 || core_few_shot_bge_m3_residual_lr_ratio_100pct_seed_20260321:rank46:thr0735000 || core_few_shot_bge_m3_residual_lr_ratio_100pct_seed_20260322:rank46:thr0735000
codex_step11_cluster_level_audit_current_manifest,442a9ce59b05,semantic_topic_not_controller,low,use_for_review_discovery_only,The cluster is dominated by semantic or topic evidence without a seller-specific identity anchor.,3,1,core_zero_shot_bge_m3,step7,reports\step11_core_zero_shot_bge_m3_clustering_summary.json,zh_target_strict_core_zero_shot_bge_m3_thr_0483444_c0048,48,0.483444,0.489994,3,0,0,0,0,0,semantic_structural:3,数据 | 服务 | 四件套号卡,1,/shop/408872 || /shop/441026 || /shop/444323,core_zero_shot_bge_m3:rank48:thr0483444
codex_step11_cluster_level_audit_current_manifest,4bf70acb2ff5,semantic_topic_not_controller,low,use_for_review_discovery_only,The cluster is dominated by semantic or topic evidence without a seller-specific identity anchor.,3,3,core_few_shot_multilingual_e5_large_lr_l2_ratio_50pct_seed_20260320,step9,reports\step11_core_few_shot_multilingual_e5_large_lr_l2_ratio_50pct_seed_20260320_clustering_summary.json,zh_target_strict_core_few_shot_multilingual_e5_large_lr_l2_ratio_50pct_seed_20260320_thr_0560000_c0016,16,0.56,0.592982,3,0,0,0,0,0,semantic_only:3 | semantic_structural:6,数据 | 四件套号卡 | 虚拟,0,/shop/418547 || /shop/431398 || /shop/438232,core_few_shot_multilingual_e5_large_lr_l2_ratio_50pct_seed_20260320:rank16:thr0560000 || core_few_shot_multilingual_e5_large_lr_l2_ratio_50pct_seed_20260321:rank16:thr0560000 || core_few_shot_multilingual_e5_large_lr_l2_ratio_50pct_seed_20260322:rank16:thr0560000
codex_step11_cluster_level_audit_current_manifest,4d55bc8d94fe,semantic_topic_not_controller,low,use_for_review_discovery_only,The cluster is dominated by semantic or topic evidence without a seller-specific identity anchor.,3,9,core_few_shot_multilingual_e5_large_lr_l2_ratio_50pct_seed_20260322,step9,reports\step11_core_few_shot_multilingual_e5_large_lr_l2_ratio_50pct_seed_20260322_clustering_summary.json,zh_target_strict_core_few_shot_multilingual_e5_large_lr_l2_ratio_50pct_seed_20260322_thr_0560000_c0011,11,0.56,0.89572,3,0,0,0,0,0,semantic_structural:27,数据 | 虚拟 | 洗车精洗 | 服务,2,/shop/417050 || /shop/436613 || /shop/440442,core_few_shot_bge_m3_residual_lr_ratio_100pct_seed_20260320:rank28:thr0735000 || core_few_shot_bge_m3_residual_lr_ratio_100pct_seed_20260321:rank28:thr0735000 || core_few_shot_bge_m3_residual_lr_ratio_100pct_seed_20260322:rank28:thr0735000 || core_few_shot_labse_lr_l2_ratio_100pct_seed_20260320:rank34:thr0470000 || core_few_shot_labse_lr_l2_ratio_100pct_seed_20260321:rank34:thr0470000 || core_few_shot_labse_lr_l2_ratio_100pct_seed_20260322:rank34:thr0470000 || core_few_shot_multilingual_e5_large_lr_l2_ratio_50pct_seed_20260320:rank12:thr0560000 || core_few_shot_multilingual_e5_large_lr_l2_ratio_50pct_seed_20260321:rank13:thr0560000 || core_few_shot_multilingual_e5_large_lr_l2_ratio_50pct_seed_20260322:rank11:thr0560000
codex_step11_cluster_level_audit_current_manifest,6297ec4f5e1f,semantic_topic_not_controller,low,use_for_review_discovery_only,The cluster is dominated by semantic or topic evidence without a seller-specific identity anchor.,3,3,core_few_shot_labse_lr_l2_ratio_100pct_seed_20260320,step9,reports\step11_core_few_shot_labse_lr_l2_ratio_100pct_seed_20260320_clustering_summary.json,zh_target_strict_core_few_shot_labse_lr_l2_ratio_100pct_seed_20260320_thr_0470000_c0037,37,0.47,0.615595,3,0,0,0,0,0,semantic_only:3 | semantic_structural:6,数据 | 虚拟 | 四件套号卡 | 技术,2,/shop/394239 || /shop/401266 || /shop/7883,core_few_shot_labse_lr_l2_ratio_100pct_seed_20260320:rank37:thr0470000 || core_few_shot_labse_lr_l2_ratio_100pct_seed_20260321:rank37:thr0470000 || core_few_shot_labse_lr_l2_ratio_100pct_seed_20260322:rank37:thr0470000
codex_step11_cluster_level_audit_current_manifest,66f8c673a5c1,semantic_topic_not_controller,low,use_for_review_discovery_only,The cluster is dominated by semantic or topic evidence without a seller-specific identity anchor.,3,3,core_few_shot_bge_m3_residual_lr_ratio_100pct_seed_20260320,step9,reports\step11_core_few_shot_bge_m3_residual_lr_ratio_100pct_seed_20260320_clustering_summary.json,zh_target_strict_core_few_shot_bge_m3_residual_lr_ratio_100pct_seed_20260320_thr_0735000_c0037,37,0.735,0.838314,3,0,0,0,0,0,semantic_structural:9,洗车精洗,1,/shop/433471 || /shop/446950 || /shop/447167,core_few_shot_bge_m3_residual_lr_ratio_100pct_seed_20260320:rank37:thr0735000 || core_few_shot_bge_m3_residual_lr_ratio_100pct_seed_20260321:rank37:thr0735000 || core_few_shot_bge_m3_residual_lr_ratio_100pct_seed_20260322:rank37:thr0735000
codex_step11_cluster_level_audit_current_manifest,68acb830d7df,semantic_topic_not_controller,low,use_for_review_discovery_only,The cluster is dominated by semantic or topic evidence without a seller-specific identity anchor.,3,6,identifier_augmented_few_shot_default_lr_l2_ratio_100pct_seed_20260320,step9,reports\step11_identifier_augmented_few_shot_default_lr_l2_ratio_100pct_seed_20260320_clustering_summary.json,zh_target_strict_identifier_augmented_few_shot_default_lr_l2_ratio_100pct_seed_20260320_thr_0460000_c0017,17,0.46,0.834088,3,0,0,0,0,0,semantic_structural:18,四件套号卡 | 虚拟 | 实物,3,/shop/427252 || /shop/427472 || /shop/427474,core_few_shot_bge_m3_residual_lr_ratio_100pct_seed_20260320:rank25:thr0735000 || core_few_shot_bge_m3_residual_lr_ratio_100pct_seed_20260321:rank25:thr0735000 || core_few_shot_bge_m3_residual_lr_ratio_100pct_seed_20260322:rank25:thr0735000 || identifier_augmented_few_shot_default_lr_l2_ratio_100pct_seed_20260320:rank17:thr0460000 || identifier_augmented_few_shot_default_lr_l2_ratio_100pct_seed_20260321:rank17:thr0460000 || identifier_augmented_few_shot_default_lr_l2_ratio_100pct_seed_20260322:rank17:thr0460000
codex_step11_cluster_level_audit_current_manifest,7193fceaa7bd,semantic_topic_not_controller,low,use_for_review_discovery_only,The cluster is dominated by semantic or topic evidence without a seller-specific identity anchor.,3,4,core_few_shot_labse_lr_l2_ratio_100pct_seed_20260320,step9,reports\step11_core_few_shot_labse_lr_l2_ratio_100pct_seed_20260320_clustering_summary.json,zh_target_strict_core_few_shot_labse_lr_l2_ratio_100pct_seed_20260320_thr_0470000_c0046,46,0.47,0.562058,3,0,0,0,0,0,semantic_structural:12,数据资源 | 影视色情 | 私人专拍,0,543759 || 555666 || 566697,core_few_shot_labse_lr_l2_ratio_100pct_seed_20260320:rank46:thr0470000 || core_few_shot_labse_lr_l2_ratio_100pct_seed_20260321:rank46:thr0470000 || core_few_shot_labse_lr_l2_ratio_100pct_seed_20260322:rank46:thr0470000 || core_zero_shot_bge_m3:rank44:thr0483444
codex_step11_cluster_level_audit_current_manifest,7233e18e897f,semantic_topic_not_controller,low,use_for_review_discovery_only,The cluster is dominated by semantic or topic evidence without a seller-specific identity anchor.,3,4,core_few_shot_bge_m3_residual_lr_ratio_100pct_seed_20260320,step9,reports\step11_core_few_shot_bge_m3_residual_lr_ratio_100pct_seed_20260320_clustering_summary.json,zh_target_strict_core_few_shot_bge_m3_residual_lr_ratio_100pct_seed_20260320_thr_0735000_c0045,45,0.735,0.79684,3,0,0,0,0,0,semantic_structural:12,数据 | 实物 | 服务 | 虚拟,2,/shop/395676 || /shop/417580 || /shop/451256,core_few_shot_bge_m3_residual_lr_ratio_100pct_seed_20260320:rank45:thr0735000 || core_few_shot_bge_m3_residual_lr_ratio_100pct_seed_20260321:rank45:thr0735000 || core_few_shot_bge_m3_residual_lr_ratio_100pct_seed_20260322:rank45:thr0735000 || core_zero_shot_bge_m3:rank46:thr0483444
codex_step11_cluster_level_audit_current_manifest,89442060cdec,semantic_topic_not_controller,low,use_for_review_discovery_only,The cluster is dominated by semantic or topic evidence without a seller-specific identity anchor.,3,3,core_few_shot_labse_lr_l2_ratio_100pct_seed_20260320,step9,reports\step11_core_few_shot_labse_lr_l2_ratio_100pct_seed_20260320_clustering_summary.json,zh_target_strict_core_few_shot_labse_lr_l2_ratio_100pct_seed_20260320_thr_0470000_c0051,51,0.47,0.529751,3,0,0,0,0,0,semantic_structural:9,私人专拍 | 影视色情,0,42402 || 51590 || 57615,core_few_shot_labse_lr_l2_ratio_100pct_seed_20260320:rank51:thr0470000 || core_few_shot_labse_lr_l2_ratio_100pct_seed_20260321:rank51:thr0470000 || core_few_shot_labse_lr_l2_ratio_100pct_seed_20260322:rank51:thr0470000
codex_step11_cluster_level_audit_current_manifest,8e0a90894371,semantic_topic_not_controller,low,use_for_review_discovery_only,The cluster is dominated by semantic or topic evidence without a seller-specific identity anchor.,3,6,core_few_shot_bge_m3_residual_lr_ratio_100pct_seed_20260320,step9,reports\step11_core_few_shot_bge_m3_residual_lr_ratio_100pct_seed_20260320_clustering_summary.json,zh_target_strict_core_few_shot_bge_m3_residual_lr_ratio_100pct_seed_20260320_thr_0735000_c0038,38,0.735,0.850698,3,0,0,0,0,0,semantic_structural:18,四件套号卡,2,/shop/443705 || /shop/445000 || /shop/445752,core_few_shot_bge_m3_residual_lr_ratio_100pct_seed_20260320:rank38:thr0735000 || core_few_shot_bge_m3_residual_lr_ratio_100pct_seed_20260321:rank38:thr0735000 || core_few_shot_bge_m3_residual_lr_ratio_100pct_seed_20260322:rank38:thr0735000 || core_few_shot_labse_lr_l2_ratio_100pct_seed_20260320:rank49:thr0470000 || core_few_shot_labse_lr_l2_ratio_100pct_seed_20260321:rank49:thr0470000 || core_few_shot_labse_lr_l2_ratio_100pct_seed_20260322:rank49:thr0470000
codex_step11_cluster_level_audit_current_manifest,8eb5cd939be0,semantic_topic_not_controller,low,use_for_review_discovery_only,The cluster is dominated by semantic or topic evidence without a seller-specific identity anchor.,3,3,core_few_shot_bge_m3_residual_lr_ratio_100pct_seed_20260320,step9,reports\step11_core_few_shot_bge_m3_residual_lr_ratio_100pct_seed_20260320_clustering_summary.json,zh_target_strict_core_few_shot_bge_m3_residual_lr_ratio_100pct_seed_20260320_thr_0735000_c0035,35,0.735,0.818434,3,0,0,0,0,0,semantic_structural:9,数据资源 | 私人专拍,0,560066 || 577950 || 581981,core_few_shot_bge_m3_residual_lr_ratio_100pct_seed_20260320:rank35:thr0735000 || core_few_shot_bge_m3_residual_lr_ratio_100pct_seed_20260321:rank35:thr0735000 || core_few_shot_bge_m3_residual_lr_ratio_100pct_seed_20260322:rank35:thr0735000
codex_step11_cluster_level_audit_current_manifest,90b1f99b4248,semantic_topic_not_controller,low,use_for_review_discovery_only,The cluster is dominated by semantic or topic evidence without a seller-specific identity anchor.,3,3,core_few_shot_bge_m3_residual_lr_ratio_100pct_seed_20260320,step9,reports\step11_core_few_shot_bge_m3_residual_lr_ratio_100pct_seed_20260320_clustering_summary.json,zh_target_strict_core_few_shot_bge_m3_residual_lr_ratio_100pct_seed_20260320_thr_0735000_c0041,41,0.735,0.803032,3,0,0,0,0,0,semantic_structural:9,数据 | 实物,0,/shop/415470 || /shop/427929 || /shop/635,core_few_shot_bge_m3_residual_lr_ratio_100pct_seed_20260320:rank41:thr0735000 || core_few_shot_bge_m3_residual_lr_ratio_100pct_seed_20260321:rank41:thr0735000 || core_few_shot_bge_m3_residual_lr_ratio_100pct_seed_20260322:rank41:thr0735000
codex_step11_cluster_level_audit_current_manifest,9ca2ee0a0454,semantic_topic_not_controller,low,use_for_review_discovery_only,The cluster is dominated by semantic or topic evidence without a seller-specific identity anchor.,3,9,core_few_shot_multilingual_e5_large_lr_l2_ratio_50pct_seed_20260320,step9,reports\step11_core_few_shot_multilingual_e5_large_lr_l2_ratio_50pct_seed_20260320_clustering_summary.json,zh_target_strict_core_few_shot_multilingual_e5_large_lr_l2_ratio_50pct_seed_20260320_thr_0560000_c0015,15,0.56,0.883112,3,0,0,0,0,0,semantic_structural:27,实物 | 数据,0,/shop/411384 || /shop/450521 || /shop/6200,core_few_shot_bge_m3_residual_lr_ratio_100pct_seed_20260320:rank29:thr0735000 || core_few_shot_bge_m3_residual_lr_ratio_100pct_seed_20260321:rank29:thr0735000 || core_few_shot_bge_m3_residual_lr_ratio_100pct_seed_20260322:rank29:thr0735000 || core_few_shot_labse_lr_l2_ratio_100pct_seed_20260320:rank36:thr0470000 || core_few_shot_labse_lr_l2_ratio_100pct_seed_20260321:rank36:thr0470000 || core_few_shot_labse_lr_l2_ratio_100pct_seed_20260322:rank36:thr0470000 || core_few_shot_multilingual_e5_large_lr_l2_ratio_50pct_seed_20260320:rank15:thr0560000 || core_few_shot_multilingual_e5_large_lr_l2_ratio_50pct_seed_20260321:rank17:thr0560000 || core_few_shot_multilingual_e5_large_lr_l2_ratio_50pct_seed_20260322:rank15:thr0560000
codex_step11_cluster_level_audit_current_manifest,9d10a306030b,semantic_topic_not_controller,low,use_for_review_discovery_only,The cluster is dominated by semantic or topic evidence without a seller-specific identity anchor.,3,1,core_zero_shot_bge_m3,step7,reports\step11_core_zero_shot_bge_m3_clustering_summary.json,zh_target_strict_core_zero_shot_bge_m3_thr_0483444_c0042,42,0.483444,0.494431,3,0,0,0,0,0,semantic_structural:3,站内充提 | 洗车精洗 | 技术,3,/shop/423063 || /shop/433482 || /shop/441917,core_zero_shot_bge_m3:rank42:thr0483444
codex_step11_cluster_level_audit_current_manifest,b5d7a18eb246,semantic_topic_not_controller,low,use_for_review_discovery_only,The cluster is dominated by semantic or topic evidence without a seller-specific identity anchor.,3,1,core_zero_shot_bge_m3,step7,reports\step11_core_zero_shot_bge_m3_clustering_summary.json,zh_target_strict_core_zero_shot_bge_m3_thr_0483444_c0050,50,0.483444,0.489994,3,0,0,0,0,0,semantic_only:2 | semantic_structural:1,数据 | 虚拟 | 服务,1,/shop/444923 || /shop/453850 || /shop/456876,core_zero_shot_bge_m3:rank50:thr0483444
codex_step11_cluster_level_audit_current_manifest,bc2e02ec68a3,semantic_topic_not_controller,low,use_for_review_discovery_only,The cluster is dominated by semantic or topic evidence without a seller-specific identity anchor.,3,4,core_few_shot_bge_m3_residual_lr_ratio_100pct_seed_20260320,step9,reports\step11_core_few_shot_bge_m3_residual_lr_ratio_100pct_seed_20260320_clustering_summary.json,zh_target_strict_core_few_shot_bge_m3_residual_lr_ratio_100pct_seed_20260320_thr_0735000_c0024,24,0.735,0.843106,3,0,0,0,0,0,semantic_only:4 | semantic_structural:8,服务 | 技术 | 虚拟 | 实物 | 数据,2,/shop/420427 || /shop/422707 || /shop/435345,core_few_shot_bge_m3_residual_lr_ratio_100pct_seed_20260320:rank24:thr0735000 || core_few_shot_bge_m3_residual_lr_ratio_100pct_seed_20260321:rank24:thr0735000 || core_few_shot_bge_m3_residual_lr_ratio_100pct_seed_20260322:rank24:thr0735000 || core_zero_shot_bge_m3:rank41:thr0483444
codex_step11_cluster_level_audit_current_manifest,c0992864c6dc,semantic_topic_not_controller,low,use_for_review_discovery_only,The cluster is dominated by semantic or topic evidence without a seller-specific identity anchor.,3,1,core_few_shot_multilingual_e5_large_lr_l2_ratio_50pct_seed_20260322,step9,reports\step11_core_few_shot_multilingual_e5_large_lr_l2_ratio_50pct_seed_20260322_clustering_summary.json,zh_target_strict_core_few_shot_multilingual_e5_large_lr_l2_ratio_50pct_seed_20260322_thr_0560000_c0012,12,0.56,0.644329,3,0,0,0,0,0,semantic_only:2 | semantic_structural:1,数据资源 | 数据,0,/shop/461572 || 605004 || 605180,core_few_shot_multilingual_e5_large_lr_l2_ratio_50pct_seed_20260322:rank12:thr0560000
codex_step11_cluster_level_audit_current_manifest,c36b1008ab04,semantic_topic_not_controller,low,use_for_review_discovery_only,The cluster is dominated by semantic or topic evidence without a seller-specific identity anchor.,3,3,core_few_shot_bge_m3_residual_lr_ratio_100pct_seed_20260320,step9,reports\step11_core_few_shot_bge_m3_residual_lr_ratio_100pct_seed_20260320_clustering_summary.json,zh_target_strict_core_few_shot_bge_m3_residual_lr_ratio_100pct_seed_20260320_thr_0735000_c0039,39,0.735,0.836852,3,0,0,0,0,0,semantic_structural:9,洗车精洗 | 数据,2,/shop/445120 || /shop/450646 || /shop/457514,core_few_shot_bge_m3_residual_lr_ratio_100pct_seed_20260320:rank39:thr0735000 || core_few_shot_bge_m3_residual_lr_ratio_100pct_seed_20260321:rank39:thr0735000 || core_few_shot_bge_m3_residual_lr_ratio_100pct_seed_20260322:rank39:thr0735000
codex_step11_cluster_level_audit_current_manifest,cc798eeccb44,semantic_topic_not_controller,low,use_for_review_discovery_only,The cluster is dominated by semantic or topic evidence without a seller-specific identity anchor.,3,3,core_few_shot_multilingual_e5_large_lr_l2_ratio_50pct_seed_20260322,step9,reports\step11_core_few_shot_multilingual_e5_large_lr_l2_ratio_50pct_seed_20260322_clustering_summary.json,zh_target_strict_core_few_shot_multilingual_e5_large_lr_l2_ratio_50pct_seed_20260322_thr_0560000_c0010,10,0.56,0.70615,3,0,0,0,0,0,semantic_structural:9,虚拟物品 | 数据资源 | 技术技能,0,250456 || 253337 || 432530,core_few_shot_multilingual_e5_large_lr_l2_ratio_50pct_seed_20260320:rank11:thr0560000 || core_few_shot_multilingual_e5_large_lr_l2_ratio_50pct_seed_20260321:rank12:thr0560000 || core_few_shot_multilingual_e5_large_lr_l2_ratio_50pct_seed_20260322:rank10:thr0560000
codex_step11_cluster_level_audit_current_manifest,d2234c63ac51,semantic_topic_not_controller,low,use_for_review_discovery_only,The cluster is dominated by semantic or topic evidence without a seller-specific identity anchor.,3,3,core_few_shot_labse_lr_l2_ratio_100pct_seed_20260320,step9,reports\step11_core_few_shot_labse_lr_l2_ratio_100pct_seed_20260320_clustering_summary.json,zh_target_strict_core_few_shot_labse_lr_l2_ratio_100pct_seed_20260320_thr_0470000_c0050,50,0.47,0.547686,3,0,0,0,0,0,semantic_structural:9,数据,2,/shop/460087 || /shop/467049 || /shop/469683,core_few_shot_labse_lr_l2_ratio_100pct_seed_20260320:rank50:thr0470000 || core_few_shot_labse_lr_l2_ratio_100pct_seed_20260321:rank50:thr0470000 || core_few_shot_labse_lr_l2_ratio_100pct_seed_20260322:rank50:thr0470000
codex_step11_cluster_level_audit_current_manifest,e1ce9d6a7157,semantic_topic_not_controller,low,use_for_review_discovery_only,The cluster is dominated by semantic or topic evidence without a seller-specific identity anchor.,3,1,core_zero_shot_bge_m3,step7,reports\step11_core_zero_shot_bge_m3_clustering_summary.json,zh_target_strict_core_zero_shot_bge_m3_thr_0483444_c0032,32,0.483444,0.500811,3,0,0,0,1,0,semantic_structural:2 | text_clone_primary:1,私人专拍 | 数据资源,0,41552 || 569522 || 581981,core_zero_shot_bge_m3:rank32:thr0483444
codex_step11_cluster_level_audit_current_manifest,e25cd4c90a25,semantic_topic_not_controller,low,use_for_review_discovery_only,The cluster is dominated by semantic or topic evidence without a seller-specific identity anchor.,3,3,core_few_shot_labse_lr_l2_ratio_100pct_seed_20260320,step9,reports\step11_core_few_shot_labse_lr_l2_ratio_100pct_seed_20260320_clustering_summary.json,zh_target_strict_core_few_shot_labse_lr_l2_ratio_100pct_seed_20260320_thr_0470000_c0044,44,0.47,0.553114,3,0,0,0,0,0,semantic_structural:9,私人专拍,0,526920 || 596616 || 596705,core_few_shot_labse_lr_l2_ratio_100pct_seed_20260320:rank44:thr0470000 || core_few_shot_labse_lr_l2_ratio_100pct_seed_20260321:rank44:thr0470000 || core_few_shot_labse_lr_l2_ratio_100pct_seed_20260322:rank44:thr0470000
codex_step11_cluster_level_audit_current_manifest,efb8fad043fa,semantic_topic_not_controller,low,use_for_review_discovery_only,The cluster is dominated by semantic or topic evidence without a seller-specific identity anchor.,3,3,core_few_shot_bge_m3_residual_lr_ratio_100pct_seed_20260320,step9,reports\step11_core_few_shot_bge_m3_residual_lr_ratio_100pct_seed_20260320_clustering_summary.json,zh_target_strict_core_few_shot_bge_m3_residual_lr_ratio_100pct_seed_20260320_thr_0735000_c0042,42,0.735,0.79157,3,0,0,0,0,0,semantic_only:3 | semantic_structural:6,数据 | 担保私拍 | 实物,0,/shop/427282 || /shop/457737 || /shop/461463,core_few_shot_bge_m3_residual_lr_ratio_100pct_seed_20260320:rank42:thr0735000 || core_few_shot_bge_m3_residual_lr_ratio_100pct_seed_20260321:rank42:thr0735000 || core_few_shot_bge_m3_residual_lr_ratio_100pct_seed_20260322:rank42:thr0735000
