tree
version=v4
num_class=1
num_tree_per_iteration=1
label_index=0
max_feature_idx=29
objective=binary sigmoid:1
feature_names=same_market_raw_bool same_source_dataset_bool profile_category_jaccard shared_title_count_capped shared_description_count_capped shared_category_count_capped shared_title_idf_sum shared_description_idf_sum shared_title_idf_mean shared_description_idf_mean boilerplate_ratio_max boilerplate_ratio_gap_abs shared_boilerplate_count shared_low_df_sentence_count shared_rare_ngram_count item_count_percentile_gap_abs price_median_percentile_gap_abs title_length_median_percentile_gap_abs description_length_median_percentile_gap_abs digit_ratio_mean_percentile_gap_abs punct_ratio_mean_percentile_gap_abs repeated_title_share_percentile_gap_abs repeated_description_share_percentile_gap_abs max_category_share_percentile_gap_abs has_shared_contact_exact has_shared_pgp_fingerprint shared_contact_count_capped shared_pgp_fingerprint_count_capped embedding_cosine_gte_multilingual_base reranker_score_gte_multilingual_reranker_base
feature_infos=[0:1] [0:1] [0:1] [0:5] [0:5] [0:5] [0:70.616864000000007] [0:79.443972000000002] [0:8.8271080000000008] [0:8.8271080000000008] [0:0.20000000000000001] [0:0.20000000000000001] [0:1] [0:9] [0:8] [0:0.70916299999999999] [0:0.96791400000000005] [0:0.92293000000000003] [0:0.86055700000000002] [0:0.89987799999999996] [0:0.91338399999999997] [0:0.78087600000000001] [0:0.625498] [0:0.98619599999999996] [0:1] [0:0] [0:3] [0:0] [0.88623300000000005:0.99821599999999999] [0.41123199999999999:0.96361600000000003]
tree_sizes=679 880 776 670 847 852 662 866 857 679 732 785 873 757 667 664 662 579 682 683 556 580 640 685 661 674 646 876 667 860 666 656 566 770 891 665 560 581 664 555 668 670 848 660 578 735 666 652 859 687 665 793 635 856 667 678 667 655 765 810 858 659 560 580 569 665 758 580 560 873 664 844 662 861 660 764 664 664 888 866 675 868 549 881 741 658 845 858 633 836 676 661 770 875 665 742 847 857 665 756 840 571 662 685 722 685 664 680 683 646 643 856 666 748 855 692 750 643 646 852 874 579 562 859 755 637 670 637 872 775 670 845 856 666 649 669 718 769 752 742 630 762 669 844 652 822 657 857 666 663 663 732 669 833 667 855 648 750

Tree=0
num_leaves=5
num_cat=0
split_feature=4 24 15 21
split_gain=63.1862 42.1632 12.0987 12.013
threshold=1.0000000180025095e-35 1.0000000180025095e-35 0.0032590000000000002 0.19507150000000004
decision_type=10 8 10 10
left_child=1 3 -3 -1
right_child=-2 2 -4 -5
leaf_value=-0.039790348884148716 0.047727331474738295 3.2621556035053204e-08 0.039728539583840213 0.0044077493921867569
leaf_weight=30.280652552843094 17.910935491323471 22.791682161390785 7.3593750894069663 4.5523337870836249
leaf_count=147 52 256 21 17
internal_value=0.00189284 -0.0118475 0.0128359 -0.0333296
internal_weight=82.895 64.984 30.1511 34.833
internal_count=493 441 277 164
is_linear=0
shrinkage=1


Tree=1
num_leaves=7
num_cat=0
split_feature=29 3 22 23 23 29
split_gain=80.5444 13.1481 11.6734 11.0288 1.88223 0.283832
threshold=0.68106350000000015 1.0000000180025095e-35 0.040699500000000007 0.0074560000000000008 0.25328250000000002 0.61638450000000011
decision_type=2 10 8 10 10 2
left_child=3 2 -2 5 -5 -1
right_child=1 -3 -4 4 -6 -7
leaf_value=-0.045779996207134577 -0.014638241857789312 0.047698203037668543 0.021926974403662518 0.0087150464754059756 -0.011848523472900571 -0.015060133173694258
leaf_weight=17.950330279767517 7.3461001664400092 15.761417925357817 26.317331112921238 4.7064284980297071 4.8973695635795593 7.8610406294465056
leaf_count=143 33 45 184 17 22 69
internal_value=0.00201722 0.0264431 0.0125845 -0.0306932 0 -0.0400076
internal_weight=84.84 49.4248 33.6634 35.4152 9.6038 25.8114
internal_count=513 262 217 251 39 212
is_linear=0
shrinkage=0.03


Tree=2
num_leaves=6
num_cat=0
split_feature=29 26 3 2 23
split_gain=65.8892 19.0242 16.8199 25.4476 3.67208
threshold=0.68106350000000015 1.0000000180025095e-35 1.0000000180025095e-35 0.32575750000000009 0.016871000000000004
decision_type=2 10 10 10 10
left_child=1 4 3 -2 -1
right_child=2 -3 -4 -5 -6
leaf_value=-0.042351938071736171 0.021552782540660263 0.023178724902233903 0.04588495600005249 -0.031733089099997537 -0.0082408582113127939
leaf_weight=25.66449536383152 28.232137687504292 2.8021514117717734 14.686060309410093 7.6919684410095206 7.6576922833919516
leaf_count=210 183 8 42 38 33
internal_value=0 -0.0298366 0.0213649 0.00780622 -0.036667
internal_weight=86.7345 36.1243 50.6102 35.9241 33.3222
internal_count=514 251 263 221 243
is_linear=0
shrinkage=0.03


Tree=3
num_leaves=5
num_cat=0
split_feature=4 26 29 5
split_gain=67.7203 45.7417 20.6635 7.98855
threshold=1.0000000180025095e-35 1.0000000180025095e-35 0.64958600000000011 1.5000000000000002
decision_type=10 8 2 10
left_child=1 3 -3 -1
right_child=-2 2 -4 -5
leaf_value=-0.043363629154367554 0.04482335430134201 -0.025884316600226373 0.02519994478830807 -0.0027174720015343745
leaf_weight=28.463034838438034 19.781036183238029 6.6184350326657322 22.900668613612652 7.4222849458456031
leaf_count=142 58 90 184 31
internal_value=0 -0.0148959 0.0114926 -0.0365864
internal_weight=85.1855 65.4044 29.5191 35.8853
internal_count=505 447 274 173
is_linear=0
shrinkage=0.03


Tree=4
num_leaves=7
num_cat=0
split_feature=29 4 23 2 23 28
split_gain=60.8543 15.1432 14.5943 10.904 4.58681 0.687948
threshold=0.7008795000000001 1.0000000180025095e-35 0.0074560000000000008 0.32575750000000009 0.71855800000000014 0.96110200000000012
decision_type=2 8 10 10 10 2
left_child=2 3 -1 -2 -4 -3
right_child=1 5 4 -5 -6 -7
leaf_value=-0.037594216579884855 0.016844367954705407 0 0.011351191060841558 -0.024046417750801567 -0.019980637315679513 0.037165537130051329
leaf_weight=29.031436443328857 11.886492863297464 1.4832987934350992 9.0510800927877408 6.6671681851148596 3.4508773386478415 23.842841722071171
leaf_count=234 42 12 33 32 17 144
internal_value=-0.00149043 0.0220675 -0.0268629 0 0 0.035876
internal_weight=85.4132 43.8798 41.5334 18.5537 12.502 25.3261
internal_count=514 230 284 74 50 156
is_linear=0
shrinkage=0.03


Tree=5
num_leaves=7
num_cat=0
split_feature=29 26 28 5 15 2
split_gain=52.7657 22.523 10.1901 7.87748 4.9293 3.47567
threshold=0.7008795000000001 1.0000000180025095e-35 0.97677600000000009 1.5000000000000002 0.010153500000000001 0.17708350000000003
decision_type=2 10 2 10 8 8
left_child=1 3 5 -1 -4 -2
right_child=2 -3 4 -5 -6 -7
leaf_value=-0.035418999117791186 0.012389164464022377 0.027896651709947467 0 0.0056444323043425412 0.033899683100007329 -0.014402394532165196
leaf_weight=32.724332712590694 5.1858730167150471 3.8457427620887747 3.6761540174484244 2.5285762548446646 30.241801753640175 6.0230412557721147
leaf_count=239 18 11 15 9 152 48
internal_value=0.000857551 -0.0233533 0.0226057 -0.0314777 0.0302422 0
internal_weight=84.2255 39.0987 45.1269 35.2529 33.918 11.2089
internal_count=492 259 233 248 167 66
is_linear=0
shrinkage=0.03


Tree=6
num_leaves=5
num_cat=0
split_feature=3 26 29 29
split_gain=57.8466 39.6242 14.3794 7.24926
threshold=1.0000000180025095e-35 1.0000000180025095e-35 0.65111250000000009 0.82579750000000007
decision_type=10 8 2 2
left_child=1 3 -3 -1
right_child=-2 2 -4 -5
leaf_value=-0.037579652662019812 0.044843618795956795 -0.016519718737987344 0.024535293457244832 0
leaf_weight=30.841231510043144 17.644591838121414 7.7599091976881054 21.852329008281231 6.6292382180690756
leaf_count=152 51 95 177 27
internal_value=0.000404216 -0.0122757 0.0123269 -0.0319326
internal_weight=84.7273 67.0827 29.6122 37.4705
internal_count=502 451 272 179
is_linear=0
shrinkage=0.03


Tree=7
num_leaves=7
num_cat=0
split_feature=29 24 28 5 20 24
split_gain=53.2052 15.1007 12.1987 6.20591 4.45221 3.56435
threshold=0.68106350000000015 1.0000000180025095e-35 0.97677600000000009 1.5000000000000002 0.25114700000000006 1.0000000180025095e-35
decision_type=2 10 2 10 10 10
left_child=1 3 5 -1 -4 -2
right_child=2 -3 4 -5 -6 -7
leaf_value=-0.03667177748853527 -0.012025757373550227 0.019394366133116014 0.032507595303577601 0.0022725283176199848 0 0.016734494121379444
leaf_weight=29.067351385951046 10.189111880958079 2.9850163906812659 31.576090544462204 2.1766154170036307 4.7556914985179892 2.0862195491790763
leaf_count=223 66 9 161 8 19 6
internal_value=0.000460544 -0.0265419 0.0204944 -0.0331212 0.0287592 -0.00284732
internal_weight=82.8361 34.229 48.6071 31.244 36.3318 12.2753
internal_count=492 240 252 231 180 72
is_linear=0
shrinkage=0.03


Tree=8
num_leaves=7
num_cat=0
split_feature=29 24 4 24 7 29
split_gain=56.4064 18.3811 16.869 17.7441 5.49548 1.13052
threshold=0.68106350000000015 1.0000000180025095e-35 1.0000000180025095e-35 1.0000000180025095e-35 8.0568855000000017 0.7008795000000001
decision_type=2 10 8 10 10 2
left_child=1 4 3 -2 -1 -4
right_child=2 -3 5 -5 -6 -7
leaf_value=-0.038578687136194403 -0.017911659250152086 0.021107213909418113 0 0.03340821799200186 0.0021929355367932358 0.035560135124008317
leaf_weight=28.528926968574527 14.645938560366632 3.3292479217052451 1.4363097250461603 6.2360359132289878 1.4336257278919209 27.61680718511343
leaf_count=224 66 10 12 18 5 165
internal_value=0.000564901 -0.0279134 0.0206241 0 -0.0356957 0.0342946
internal_weight=83.2269 33.2918 49.9351 20.882 29.9626 29.0531
internal_count=500 239 261 84 229 177
is_linear=0
shrinkage=0.03


Tree=9
num_leaves=5
num_cat=0
split_feature=4 26 29 18
split_gain=52.7778 35.6264 14.9783 5.16164
threshold=1.0000000180025095e-35 1.0000000180025095e-35 0.64958600000000011 0.12250800000000002
decision_type=10 8 2 10
left_child=1 3 -3 -1
right_child=-2 2 -4 -5
leaf_value=-0.040637236047081381 0.04104187104332431 -0.019165862915987195 0.023507446520749046 -0.010115461981040422
leaf_weight=21.416641771793365 19.701955199241638 7.1814704909920719 22.065979041159153 13.343379259109495
leaf_count=110 59 95 174 59
internal_value=0.00124883 -0.0118411 0.0112908 -0.0314498
internal_weight=83.7094 64.0075 29.2474 34.76
internal_count=497 438 269 169
is_linear=0
shrinkage=0.03


Tree=10
num_leaves=6
num_cat=0
split_feature=29 2 13 28 23
split_gain=45.9163 14.3288 12.4102 7.79267 5.29173
threshold=0.62994050000000013 0.32575750000000009 1.5000000000000002 0.97334950000000009 0.0074560000000000008
decision_type=2 10 10 2 10
left_child=4 3 -3 -2 -1
right_child=1 2 -4 -5 -6
leaf_value=-0.039730828350369236 0 -0.023580774199768458 0.02154881885713086 0.029453377883918469 0
leaf_weight=18.536081105470661 10.235867008566855 11.998037084937097 5.3103160560131064 32.702064402401447 3.6569526195526114
leaf_count=154 69 57 17 189 15
internal_value=0 0.0138269 -0.00711962 0.0228371 -0.0340641
internal_weight=82.4393 60.2463 17.3084 42.9379 22.193
internal_count=501 332 74 258 169
is_linear=0
shrinkage=0.03


Tree=11
num_leaves=6
num_cat=0
split_feature=29 4 24 24 5
split_gain=47.3922 13.3826 20.0603 8.73196 6.61192
threshold=0.68106350000000015 1.0000000180025095e-35 1.0000000180025095e-35 1.0000000180025095e-35 1.5000000000000002
decision_type=2 10 8 10 10
left_child=3 2 -2 4 -1
right_child=1 -3 -4 -5 -6
leaf_value=-0.037171973569345811 -0.01795540824710383 0.038920013901368927 0.023591639425279698 0.01120417789151513 0.0029787566779173147
leaf_weight=28.681301385164264 16.112072199583054 12.813999056816099 19.535509526729584 1.9336065500974644 2.1705109030008307
leaf_count=227 73 38 153 6 8
internal_value=-0.00252842 0.0156226 0.00410076 -0.0292571 -0.0334474
internal_weight=81.247 48.4616 35.6476 32.7854 30.8518
internal_count=505 264 226 241 235
is_linear=0
shrinkage=0.03


Tree=12
num_leaves=7
num_cat=0
split_feature=21 14 23 28 2 28
split_gain=28.1717 13.339 12.7957 4.06515 3.01439 0.37476
threshold=1.0000000180025095e-35 1.5000000000000002 1.0000000180025095e-35 0.9814035000000001 0.32575750000000009 0.99179450000000002
decision_type=8 10 10 2 10 2
left_child=1 5 3 -2 -4 -1
right_child=2 -3 4 -5 -6 -7
leaf_value=-0.034874053500909039 -0.015199549860423505 0.018256965209528634 0.027418827462480842 0.0057018638669224042 0 -0.00043715360147835922
leaf_weight=21.144284933805473 12.377487137913706 2.6739657819271079 24.06396117806435 13.345087893307207 5.5478530973196021 2.1875534057617179
leaf_count=109 139 8 81 130 22 10
internal_value=-0.00110141 -0.0255358 0.0105906 -0.00384831 0.0232532 -0.0332023
internal_weight=81.3402 26.0058 55.3344 25.7226 29.6118 23.3318
internal_count=499 127 372 269 103 119
is_linear=0
shrinkage=0.03


Tree=13
num_leaves=6
num_cat=0
split_feature=29 26 8 5 9
split_gain=47.3692 12.6757 12.676 4.84254 2.59391
threshold=0.64958600000000011 1.0000000180025095e-35 8.431887500000002 1.5000000000000002 7.7873875000000004
decision_type=2 10 10 10 10
left_child=3 2 -2 4 -1
right_child=1 -3 -4 -5 -6
leaf_value=-0.037538239556090085 -0.0017730100431487756 0.03950447993242695 0.03225586772263983 0.0023121861325295905 0
leaf_weight=21.838402755558498 36.930068530142307 12.250973135232924 9.6871748268604261 1.4284512400627125 1.2709475606679905
leaf_count=175 254 36 30 5 5
internal_value=0.000319938 0.0152085 0.00621638 -0.0320751 -0.0353711
internal_weight=83.406 58.8682 46.6172 24.5378 23.1094
internal_count=505 320 284 185 180
is_linear=0
shrinkage=0.03


Tree=14
num_leaves=5
num_cat=0
split_feature=4 24 16 21
split_gain=46.4481 32.3221 8.74924 5.80328
threshold=1.0000000180025095e-35 1.0000000180025095e-35 0.020510500000000004 0.28401800000000005
decision_type=10 8 10 10
left_child=1 3 -3 -1
right_child=-2 2 -4 -5
leaf_value=-0.035504255582482692 0.03865097992877739 -0.00070881467313117612 0.031603931052164282 0
leaf_weight=32.163152515888214 16.751562237739563 21.393484681844715 7.3323879539966574 3.1060532480478278
leaf_count=165 51 252 22 12
internal_value=-0.00144012 -0.0136431 0.00880208 -0.031965
internal_weight=80.7466 63.9951 28.7259 35.2692
internal_count=502 451 274 177
is_linear=0
shrinkage=0.03


Tree=15
num_leaves=5
num_cat=0
split_feature=3 26 29 18
split_gain=36.3166 35.7671 9.58158 7.55754
threshold=1.0000000180025095e-35 1.0000000180025095e-35 0.59491450000000012 0.32197850000000006
decision_type=10 8 2 10
left_child=1 3 -3 -1
right_child=-2 2 -4 -5
leaf_value=-0.032734932587973352 0.039313685504994471 -0.015934081979997097 0.022029144285235419 0
leaf_weight=31.418180644512177 14.907594561576841 4.2948533594608334 25.741865701973438 7.260654315352439
leaf_count=160 45 60 214 30
internal_value=0.000822528 -0.00840492 0.0147388 -0.0268646
internal_weight=83.6231 68.7156 30.0367 38.6788
internal_count=509 464 274 190
is_linear=0
shrinkage=0.03


Tree=16
num_leaves=5
num_cat=0
split_feature=3 24 29 18
split_gain=34.4517 24.8102 13.9214 10.1215
threshold=1.0000000180025095e-35 1.0000000180025095e-35 0.64958600000000011 0.15043700000000002
decision_type=10 8 2 10
left_child=1 3 -3 -1
right_child=-2 2 -4 -5
leaf_value=-0.035174314170450145 0.038579617536501951 -0.01799144719578926 0.022835508871399353 0
leaf_weight=22.668137177824974 15.061398029327391 7.3427506759762791 22.266560100018978 12.721842274069784
leaf_count=119 46 100 177 54
internal_value=0.00150789 -0.00796414 0.0110672 -0.0242889
internal_weight=80.0607 64.9993 29.6093 35.39
internal_count=496 450 277 173
is_linear=0
shrinkage=0.03


Tree=17
num_leaves=4
num_cat=0
split_feature=3 24 5
split_gain=31.181 33.1987 14.7993
threshold=1.0000000180025095e-35 1.0000000180025095e-35 1.5000000000000002
decision_type=10 10 8
left_child=1 2 -1
right_child=-2 -3 -4
leaf_value=-0.03229488975827121 0.036574274171594638 0.034377259842195321 -0.0008530007757642235
leaf_weight=30.215288653969765 13.229412734508513 9.6144376546144468 26.369357287883759
leaf_count=157 41 29 267
internal_value=-0.000491424 -0.00959675 -0.0189266
internal_weight=79.4285 66.1991 56.5846
internal_count=494 453 424
is_linear=0
shrinkage=0.03


Tree=18
num_leaves=5
num_cat=0
split_feature=4 21 28 17
split_gain=30.9457 21.342 7.00853 0.7996
threshold=1.0000000180025095e-35 0.0011505000000000003 0.97928850000000012 0.35873700000000003
decision_type=10 8 2 10
left_child=1 3 -3 -1
right_child=-2 2 -4 -5
leaf_value=-0.036058701331368841 0.035181456313424592 -0.0098667050399990006 0.012669491257538986 -0.0032726062376303394
leaf_weight=16.19934976100922 15.143884032964705 18.353550940752029 25.144972607493401 3.5509386658668509
leaf_count=90 48 158 185 17
internal_value=0.00012875 -0.0090243 0.00249241 -0.0326916
internal_weight=78.3927 63.2488 43.4985 19.7503
internal_count=498 450 343 107
is_linear=0
shrinkage=0.03


Tree=19
num_leaves=5
num_cat=0
split_feature=3 18 29 4
split_gain=38.4085 16.9321 10.2879 9.71393
threshold=1.0000000180025095e-35 0.12250800000000002 0.68106350000000015 1.0000000180025095e-35
decision_type=10 8 2 10
left_child=1 3 -3 -1
right_child=-2 2 -4 -5
leaf_value=-0.035730463813969354 0.037151733346682571 -0.015061078887550072 0.013712133116145286 0.011187821088536757
leaf_weight=22.325694143772129 15.547706454992293 17.042364627122879 22.08325008302927 2.1954456269741049
leaf_count=121 49 164 158 7
internal_value=-0.000676547 -0.0116238 0.000286886 -0.029678
internal_weight=79.1945 63.6468 39.1256 24.5211
internal_count=499 450 322 128
is_linear=0
shrinkage=0.03


Tree=20
num_leaves=4
num_cat=0
split_feature=29 3 24
split_gain=29.3146 16.9251 21.282
threshold=0.59491450000000012 1.0000000180025095e-35 1.0000000180025095e-35
decision_type=2 10 8
left_child=-1 2 -2
right_child=1 -3 -4
leaf_value=-0.033555812966159851 -0.018782687382772303 0.035497093247287961 0.01854774792803365
leaf_weight=15.528611265122889 23.8807233273983 13.469824016094206 25.110490322113037
leaf_count=133 114 43 213
internal_value=0 0.00918294 0
internal_weight=77.9896 62.461 48.9912
internal_count=503 370 327
is_linear=0
shrinkage=0.03


Tree=21
num_leaves=4
num_cat=0
split_feature=3 24 18
split_gain=33.9725 23.0449 12.701
threshold=1.0000000180025095e-35 1.0000000180025095e-35 0.15043700000000002
decision_type=10 10 8
left_child=1 2 -1
right_child=-2 -3 -4
leaf_value=-0.034270040038121348 0.035903404982443925 0.030035538156965965 -0.004733259470714902
leaf_weight=22.365601360797882 14.611807793378828 7.4841269254684439 35.472152538597584
leaf_count=123 47 23 322
internal_value=-0.000894191 -0.0107796 -0.0177748
internal_weight=79.9337 65.3219 57.8378
internal_count=515 468 445
is_linear=0
shrinkage=0.03


Tree=22
num_leaves=5
num_cat=0
split_feature=3 24 19 5
split_gain=30.1103 25.6236 7.69774 5.42554
threshold=1.0000000180025095e-35 1.0000000180025095e-35 0.0073480000000000012 1.5000000000000002
decision_type=10 8 10 10
left_child=1 3 -3 -1
right_child=-2 2 -4 -5
leaf_value=-0.030062605798367375 0.0357678278656317 0 0.031432267734787391 0
leaf_weight=27.334709480404854 15.33574205636978 20.835573226213459 8.4249933660030347 6.173640549182891
leaf_count=147 50 244 26 26
internal_value=0.0015274 -0.00763203 0.0116251 -0.0248432
internal_weight=78.1047 62.7689 29.2606 33.5084
internal_count=493 443 270 173
is_linear=0
shrinkage=0.03


Tree=23
num_leaves=5
num_cat=0
split_feature=3 22 23 16
split_gain=31.2939 17.7612 3.01623 1.94769
threshold=1.0000000180025095e-35 0.039685500000000005 0.0097775000000000015 0.29371450000000004
decision_type=10 8 10 10
left_child=1 3 -3 -1
right_child=-2 2 -4 -5
leaf_value=-0.033060309733630361 0.03565588302737268 -0.0024182308213489771 0.012470613348232478 -0.0023805083404475715
leaf_weight=16.27526439726353 16.312977403402328 23.983111537992954 16.836710587143898 5.0632154196500769
leaf_count=93 54 266 64 24
internal_value=0.00189398 -0.00773986 0.00347159 -0.0282039
internal_weight=78.4713 62.1583 40.8198 21.3385
internal_count=501 447 330 117
is_linear=0
shrinkage=0.03


Tree=24
num_leaves=5
num_cat=0
split_feature=3 22 23 5
split_gain=30.563 17.6712 7.50363 2.4609
threshold=1.0000000180025095e-35 0.039685500000000005 0.016871000000000004 3.5000000000000004
decision_type=10 8 10 10
left_child=1 3 -3 -1
right_child=-2 2 -4 -5
leaf_value=-0.030553063605300485 0.035106629021290775 -0.0065644953733380845 0.017436724295721819 0
leaf_weight=20.634452253580097 15.825020879507063 23.753788605332375 16.938622698187828 1.9287145286798466
leaf_count=116 53 262 63 8
internal_value=0.00110407 -0.00815418 0.00325089 -0.0278643
internal_weight=79.0806 63.2556 40.6924 22.5632
internal_count=502 449 325 124
is_linear=0
shrinkage=0.03


Tree=25
num_leaves=5
num_cat=0
split_feature=4 22 29 29
split_gain=29.0567 14.9589 4.12517 2.12883
threshold=1.0000000180025095e-35 0.039685500000000005 0.59491450000000012 0.75258100000000006
decision_type=10 8 2 2
left_child=1 3 -3 -1
right_child=-2 2 -4 -5
leaf_value=-0.033764013242635185 0.033708609799322733 -0.018214233274510116 0.0058830374493942959 -0.00072299182252768212
leaf_weight=15.914493039250376 14.541614830493925 4.6559670940041533 31.793521553277969 4.1915424913167945
leaf_count=95 49 63 241 19
internal_value=0 -0.0102188 0.000893396 -0.0291625
internal_weight=71.0971 56.5555 36.4495 20.106
internal_count=467 418 304 114
is_linear=0
shrinkage=0.03


Tree=26
num_leaves=5
num_cat=0
split_feature=3 24 18 5
split_gain=26.8589 21.9667 5.66245 3.11585
threshold=1.0000000180025095e-35 1.0000000180025095e-35 0.0019915000000000006 1.5000000000000002
decision_type=10 8 10 10
left_child=1 3 -3 -1
right_child=-2 2 -4 -5
leaf_value=-0.028418838133131404 0.033202661123389821 0 0.027955436849256218 0
leaf_weight=28.487782999873161 13.883060425519941 20.63647843152285 6.9835857301950446 5.824876755475997
leaf_count=157 48 242 22 25
internal_value=-0.000132123 -0.00925536 0.00940076 -0.0246251
internal_weight=75.8158 61.9327 27.6201 34.3127
internal_count=494 446 264 182
is_linear=0
shrinkage=0.03


Tree=27
num_leaves=7
num_cat=0
split_feature=29 3 21 24 5 28
split_gain=25.9326 9.44149 10.811 8.65524 4.94709 1.15707
threshold=0.68106350000000015 1.0000000180025095e-35 0.12386950000000001 1.0000000180025095e-35 1.5000000000000002 0.97334950000000009
decision_type=2 8 10 10 10 2
left_child=3 2 -2 4 -1 -3
right_child=1 5 -4 -5 -6 -7
leaf_value=-0.028362952896845962 -0.019565159228705754 0.00014442741435770663 0.018549451859237794 0.01492909942155117 0.0045713544878476847 0.028655034544519502
leaf_weight=26.495909839868553 10.408641368150713 3.6681408807635334 10.360590249300001 2.8113487064838401 2.1411348581314078 21.348904006183147
leaf_count=233 52 33 37 9 8 139
internal_value=0.000222351 0.0146388 0 -0.0193429 -0.0247523 0.0260085
internal_weight=77.2347 45.7863 20.7692 31.4484 28.637 25.017
internal_count=511 261 89 250 241 172
is_linear=0
shrinkage=0.03


Tree=28
num_leaves=5
num_cat=0
split_feature=4 24 15 18
split_gain=28.9891 22.7436 6.91821 3.37715
threshold=1.0000000180025095e-35 1.0000000180025095e-35 0.0032590000000000002 0.12250800000000002
decision_type=10 8 10 10
left_child=1 3 -3 -1
right_child=-2 2 -4 -5
leaf_value=-0.032179757252207321 0.034532654630147978 0 0.030424049580592971 -0.0071257784577270838
leaf_weight=18.884371504187584 16.104754894971848 21.874685801565651 7.5910200178623191 13.657983824610708
leaf_count=111 56 254 24 64
internal_value=0.0018194 -0.00741694 0.0104964 -0.0239977
internal_weight=78.1128 62.0081 29.4657 32.5424
internal_count=509 453 278 175
is_linear=0
shrinkage=0.03


Tree=29
num_leaves=7
num_cat=0
split_feature=29 5 3 26 26 29
split_gain=23.2266 7.85142 7.63907 9.9895 4.5559 0.348891
threshold=0.68106350000000015 1.5000000000000002 1.0000000180025095e-35 1.0000000180025095e-35 1.0000000180025095e-35 0.7008795000000001
decision_type=2 10 8 10 10 2
left_child=1 4 3 -2 -1 -4
right_child=2 -3 5 -5 -6 -7
leaf_value=-0.02820473926288828 -0.012882463402672911 0.012722931984451081 0 0.026189748006324072 0.0053697328768179432 0.024355513303125333
leaf_weight=25.821412272751338 15.487435549497606 2.8964671045541754 1.2507475465536142 5.6344852149486533 1.5312930792570103 22.703163728117943
leaf_count=228 73 10 12 18 5 160
internal_value=-1.46616e-05 -0.0196561 0.0129462 0 -0.0249918 0.0235375
internal_weight=75.325 30.2492 45.0758 21.1219 27.3527 23.9539
internal_count=506 243 263 91 233 172
is_linear=0
shrinkage=0.03


Tree=30
num_leaves=5
num_cat=0
split_feature=4 24 18 1
split_gain=25.6728 15.771 5.586 5.10319
threshold=1.0000000180025095e-35 1.0000000180025095e-35 0.12250800000000002 1.0000000180025095e-35
decision_type=10 8 10 10
left_child=1 2 -1 -3
right_child=-2 3 -4 -5
leaf_value=-0.031506559797485741 0.031698816808828967 0 -0.0030551757929991761 0.025571921939333487
leaf_weight=19.109700098633766 15.583892896771429 20.965128425508741 13.163666650652884 6.4208276718854895
leaf_count=115 56 251 61 21
internal_value=0.000400749 -0.00842223 -0.0219991 0.00718266
internal_weight=75.2432 59.6593 32.2734 27.386
internal_count=504 448 176 272
is_linear=0
shrinkage=0.03


Tree=31
num_leaves=5
num_cat=0
split_feature=3 22 18 16
split_gain=19.9609 14.6833 6.43773 2.61933
threshold=1.0000000180025095e-35 0.039685500000000005 0.32197850000000006 0.29371450000000004
decision_type=10 8 10 10
left_child=1 3 -3 -1
right_child=-2 2 -4 -5
leaf_value=-0.030906410526762209 0.030983910425389248 -0.0022376251262364593 0.024673606384158317 0
leaf_weight=16.411583662033085 12.232797563076018 34.507147192955017 6.8191885054111472 4.8340087532997122
leaf_count=102 45 320 23 24
internal_value=0 -0.00713836 0.00289552 -0.0258366
internal_weight=74.8047 62.5719 41.3263 21.2456
internal_count=514 469 343 126
is_linear=0
shrinkage=0.03


Tree=32
num_leaves=4
num_cat=0
split_feature=3 24 5
split_gain=19.782 19.4024 9.4272
threshold=1.0000000180025095e-35 1.0000000180025095e-35 1.5000000000000002
decision_type=10 10 8
left_child=1 2 -1
right_child=-2 -3 -4
leaf_value=-0.026837385667325193 0.030799945390870186 0.028703149659588641 -0.001009736075759827
leaf_weight=25.178164169192314 12.129190027713774 8.0104766637086851 28.300139121711254
leaf_count=144 45 26 283
internal_value=0 -0.00731597 -0.0144805
internal_weight=73.618 61.4888 53.4783
internal_count=498 453 427
is_linear=0
shrinkage=0.03


Tree=33
num_leaves=6
num_cat=0
split_feature=29 4 4 2 5
split_gain=22.6453 5.85599 5.13072 8.03572 4.18915
threshold=0.68106350000000015 1.0000000180025095e-35 1.0000000180025095e-35 0.32575750000000009 1.5000000000000002
decision_type=2 10 10 10 10
left_child=1 4 3 -2 -1
right_child=2 -3 -4 -5 -6
leaf_value=-0.027366295102743451 0.013757979613964065 0.010216703089027999 0.02901312845703299 -0.016789681497203571 0.003142368593652454
leaf_weight=23.967043206095703 24.796910844743252 2.3243923038244239 11.62751394510269 7.2691384106874457 2.0952263474464408
leaf_count=221 179 8 44 38 8
internal_value=0 -0.0193579 0.0135865 0.00513356 -0.0238101
internal_weight=72.0802 28.3867 43.6936 32.066 26.0623
internal_count=498 237 261 217 229
is_linear=0
shrinkage=0.03


Tree=34
num_leaves=7
num_cat=0
split_feature=29 23 28 23 2 4
split_gain=20.5906 6.50015 4.93664 3.16769 1.77154 1.30033
threshold=0.7008795000000001 0.0074560000000000008 0.97677600000000009 0.24103550000000004 0.32575750000000009 1.0000000180025095e-35
decision_type=2 10 2 8 10 10
left_child=1 -1 5 -3 -4 -2
right_child=2 3 4 -5 -6 -7
leaf_value=-0.024265455098730643 -0.0082629511729540878 0.015083232665998345 0.025591589025389536 -0.0095990991012138462 0.002993376012752852 0.0097438438453743663
leaf_weight=21.265435926616192 7.3966825529932958 5.4829971194267246 21.558741852641109 6.9981319159269342 8.287408381700514 1.9060005843639372
leaf_count=211 55 20 132 35 37 7
internal_value=0.000887364 -0.0151534 0.0155207 0.000127766 0.0210766 -0.000658716
internal_weight=72.8954 33.7466 39.1488 12.4811 29.8462 9.30268
internal_count=497 266 231 55 169 62
is_linear=0
shrinkage=0.03


Tree=35
num_leaves=5
num_cat=0
split_feature=29 4 24 22
split_gain=20.2036 11.8224 12.0022 1.79426
threshold=0.59491450000000012 1.0000000180025095e-35 1.0000000180025095e-35 0.045065500000000001
decision_type=2 10 8 10
left_child=3 2 -2 -1
right_child=1 -3 -4 -5
leaf_value=-0.030811926855370708 -0.013997697646119566 0.030069771023254293 0.014876290347196112 0
leaf_weight=12.474666740745304 22.047280058264732 14.480811178684233 23.657996833324432 1.5053491294383992
leaf_count=121 111 55 210 7
internal_value=0.000912356 0.00904648 0.000327846 -0.0277508
internal_weight=74.1661 60.1861 45.7053 13.98
internal_count=504 376 321 128
is_linear=0
shrinkage=0.03


Tree=36
num_leaves=4
num_cat=0
split_feature=3 24 21
split_gain=16.4356 18.3102 10.0532
threshold=1.0000000180025095e-35 1.0000000180025095e-35 0.11378600000000001
decision_type=10 10 8
left_child=1 2 -1
right_child=-2 -3 -4
leaf_value=-0.025105052295746479 0.029984534275462698 0.028886363223540022 0
leaf_weight=24.962629273533821 11.692868292331694 8.4792558997869474 27.286302302032709
leaf_count=149 45 28 275
internal_value=0.00111128 -0.00512716 -0.0124589
internal_weight=72.4211 60.7282 52.2489
internal_count=497 452 424
is_linear=0
shrinkage=0.03


Tree=37
num_leaves=4
num_cat=0
split_feature=3 24 21
split_gain=19.0393 14.5468 8.94907
threshold=1.0000000180025095e-35 1.0000000180025095e-35 0.12386950000000001
decision_type=10 10 8
left_child=1 2 -1
right_child=-2 -3 -4
leaf_value=-0.0261727013465003 0.02959643395531291 0.025457722495501094 -0.00063782142079909718
leaf_weight=24.792941316962242 11.881879821419714 6.5808963179588309 27.049997825175524
leaf_count=150 47 22 278
internal_value=-0.000439591 -0.00818371 -0.0141601
internal_weight=70.3057 58.4238 51.8429
internal_count=497 450 428
is_linear=0
shrinkage=0.03


Tree=38
num_leaves=5
num_cat=0
split_feature=3 23 23 17
split_gain=15.9946 14.1732 5.1491 0.882259
threshold=1.0000000180025095e-35 0.0097775000000000015 0.51918300000000006 0.45534900000000006
decision_type=10 8 8 10
left_child=1 3 -3 -1
right_child=-2 2 -4 -5
leaf_value=-0.029353698123653512 0.029676808926997235 0.016429196024830596 -0.0034014538815534965 0
leaf_weight=13.591031745076181 11.879535332322119 15.632782980799673 25.546522527933121 2.4151896238327017
leaf_count=92 47 61 275 14
internal_value=0.00158233 -0.00494382 0.00405217 -0.0266528
internal_weight=69.0651 57.1855 41.1793 16.0062
internal_count=489 442 336 106
is_linear=0
shrinkage=0.03


Tree=39
num_leaves=4
num_cat=0
split_feature=3 24 5
split_gain=17.746 12.3304 9.03196
threshold=1.0000000180025095e-35 1.0000000180025095e-35 1.5000000000000002
decision_type=10 10 8
left_child=1 2 -1
right_child=-2 -3 -4
leaf_value=-0.02347618943854474 0.029562747624064672 0.024810633748223114 0
leaf_weight=25.983688473701477 12.320734515786169 6.4827820509672156 28.640301987528801
leaf_count=157 50 22 288
internal_value=0.000207257 -0.00635008 -0.011668
internal_weight=73.4275 61.1068 54.624
internal_count=517 467 445
is_linear=0
shrinkage=0.03


Tree=40
num_leaves=5
num_cat=0
split_feature=4 24 16 18
split_gain=15.8404 15.8297 5.12134 4.19064
threshold=1.0000000180025095e-35 1.0000000180025095e-35 0.020510500000000004 0.12250800000000002
decision_type=10 8 10 10
left_child=1 3 -3 -1
right_child=-2 2 -4 -5
leaf_value=-0.029224891749562814 0.026953058565762092 0 0.025934100562592034 -0.0027351893227639834
leaf_weight=18.249286651611332 13.128898337483404 20.813780151307586 7.272697687149047 11.739520430564879
leaf_count=121 54 251 25 57
internal_value=0.000145424 -0.00644994 0.00860153 -0.0209563
internal_weight=71.2042 58.0753 28.0865 29.9888
internal_count=508 454 276 178
is_linear=0
shrinkage=0.03


Tree=41
num_leaves=5
num_cat=0
split_feature=3 24 18 18
split_gain=15.8491 13.1034 5.79041 4.80657
threshold=1.0000000180025095e-35 1.0000000180025095e-35 0.12250800000000002 1.0000000180025095e-35
decision_type=10 8 10 10
left_child=1 2 -1 -3
right_child=-2 3 -4 -5
leaf_value=-0.029582496518130826 0.028688194741929088 0 -0.00084941633402623557 0.025954254538996888
leaf_weight=16.981648072600368 11.507989212870596 20.437539599835876 12.7871216237545 6.1438154280185691
leaf_count=115 48 247 61 21
internal_value=0.000205833 -0.00626154 -0.0193635 0.00787299
internal_weight=67.8581 56.3501 29.7688 26.5814
internal_count=492 444 176 268
is_linear=0
shrinkage=0.03


Tree=42
num_leaves=7
num_cat=0
split_feature=29 4 28 22 21 2
split_gain=21.2761 4.62755 4.43521 2.86035 2.34215 1.56917
threshold=0.68106350000000015 1.0000000180025095e-35 0.97334950000000009 0.039685500000000005 0.14425450000000004 0.70833350000000006
decision_type=2 10 2 10 10 10
left_child=1 3 4 -1 -2 -4
right_child=2 -3 5 -5 -6 -7
leaf_value=-0.027129685384949306 -0.011914108726704354 0.0073459814796836961 0.021451781893123665 0 0.010281187583387499 0
leaf_weight=20.139943726360805 6.4395557045936567 2.461587816476821 27.352342456579208 5.7378359735012046 4.3034006655216217 4.8386280089616767
leaf_count=208 55 9 178 28 17 25
internal_value=0.000286965 -0.0183799 0.0136572 -0.0223748 -0.00053673 0.0188885
internal_weight=71.2733 28.3394 42.9339 25.8778 10.743 32.191
internal_count=520 245 275 236 72 203
is_linear=0
shrinkage=0.03


Tree=43
num_leaves=5
num_cat=0
split_feature=4 23 23 17
split_gain=14.8439 9.08467 4.78302 2.133
threshold=1.0000000180025095e-35 0.0063255000000000013 0.51918300000000006 0.42449350000000002
decision_type=10 8 8 8
left_child=1 3 -3 -1
right_child=-2 2 -4 -5
leaf_value=-0.027461521512192087 0.028263396396501821 0.013566102780646858 -0.0052661246069419269 0
leaf_weight=12.113342508673664 12.07559199631214 16.758026406168938 26.463481582701206 2.6453555822372445
leaf_count=87 51 68 290 15
internal_value=0.00135114 -0.00487665 0.00179313 -0.0231019
internal_weight=70.0558 57.9802 43.2215 14.7587
internal_count=511 460 358 102
is_linear=0
shrinkage=0.03


Tree=44
num_leaves=4
num_cat=0
split_feature=3 26 18
split_gain=17.455 11.2841 6.61734
threshold=1.0000000180025095e-35 1.0000000180025095e-35 0.12250800000000002
decision_type=10 10 8
left_child=1 2 -1
right_child=-2 -3 -4
leaf_value=-0.027355601303138938 0.028038848555862916 0.023464931456052631 -0.0039358790271746035
leaf_weight=17.9778753221035 11.240249276161192 5.1670802384614936 32.972591478377581
leaf_count=121 49 18 316
internal_value=-0.0013435 -0.00886042 -0.0138172
internal_weight=67.3578 56.1175 50.9505
internal_count=504 455 437
is_linear=0
shrinkage=0.03


Tree=45
num_leaves=6
num_cat=0
split_feature=29 3 21 24 7
split_gain=17.3358 5.7538 10.6199 2.30757 0.847908
threshold=0.62994050000000013 1.0000000180025095e-35 0.10762700000000001 1.0000000180025095e-35 8.0568855000000017
decision_type=2 10 8 10 10
left_child=3 2 -2 4 -1
right_child=1 -3 -4 -5 -6
leaf_value=-0.028155308148141097 -0.015137319079630153 0.026699729358224664 0.014072001205629917 0 0
leaf_weight=14.734747432172297 14.835860535502432 10.042433276772497 25.962956048548222 1.0932720750570304 1.0899724513292319
leaf_count=160 80 45 207 4 5
internal_value=0 0.00902299 0.00245622 -0.0237329 -0.026576
internal_weight=67.7592 50.8412 40.7988 16.918 15.8247
internal_count=501 332 287 169 165
is_linear=0
shrinkage=0.03


Tree=46
num_leaves=5
num_cat=0
split_feature=29 3 24 15
split_gain=18.1467 6.75051 8.06189 0.169856
threshold=0.59491450000000012 1.0000000180025095e-35 1.0000000180025095e-35 0.17304900000000004
decision_type=2 10 8 10
left_child=3 2 -2 -1
right_child=1 -3 -4 -5
leaf_value=-0.028771582738471677 -0.0099343227746878891 0.027297716015709458 0.014253652608893634 0
leaf_weight=11.734311606734989 20.846085794270039 10.688355624675749 21.984544612467289 1.0352180898189534
leaf_count=132 109 48 203 6
internal_value=0.000390758 0.00872074 0.00194687 -0.0276363
internal_weight=66.2885 53.519 42.8306 12.7695
internal_count=498 360 312 138
is_linear=0
shrinkage=0.03


Tree=47
num_leaves=5
num_cat=0
split_feature=4 18 28 15
split_gain=12.6038 11.379 5.10603 2.65725
threshold=1.0000000180025095e-35 0.12250800000000002 0.97135850000000012 0.46050550000000007
decision_type=10 8 2 10
left_child=1 3 -3 -1
right_child=-2 2 -4 -5
leaf_value=-0.028013589069633024 0.024597117524180569 -0.012150407746747702 0.0098216422649229813 0
leaf_weight=15.921625390648844 11.683526322245596 10.388917982578276 26.669939842075109 1.5384720116853703
leaf_count=113 53 102 228 7
internal_value=0 -0.00653923 0.00246454 -0.0246752
internal_weight=66.2025 54.519 37.0589 17.4601
internal_count=503 450 330 120
is_linear=0
shrinkage=0.03


Tree=48
num_leaves=7
num_cat=0
split_feature=29 28 5 3 21 20
split_gain=15.7092 5.7663 2.72169 2.67951 2.36222 1.70809
threshold=0.7008795000000001 0.97677600000000009 1.5000000000000002 1.0000000180025095e-35 0.29816800000000004 0.25114700000000006
decision_type=2 2 10 10 10 10
left_child=2 4 3 -1 -2 -3
right_child=1 5 -4 -5 -6 -7
leaf_value=-0.02202818732442283 -0.0143144155402365 0.020287130126788719 0.0020665636584281145 0.0036665175429597993 0.0085271006946959112 0
leaf_weight=25.778707686811693 7.3408062532544118 24.55822949111462 2.717296674847602 1.0986500978469838 2.5059159994125366 4.058762088418006
leaf_count=253 59 160 11 4 10 19
internal_value=-0.000864054 0.0109904 -0.016785 -0.0197111 -0.00553239 0.01761
internal_weight=68.0584 38.4637 29.5947 26.8774 9.84672 28.617
internal_count=516 248 268 257 69 179
is_linear=0
shrinkage=0.03


Tree=49
num_leaves=5
num_cat=0
split_feature=3 26 20 22
split_gain=12.21 13.865 3.82452 2.28898
threshold=1.0000000180025095e-35 1.0000000180025095e-35 0.0024150000000000005 0.045065500000000001
decision_type=10 8 10 10
left_child=1 3 -3 -1
right_child=-2 2 -4 -5
leaf_value=-0.024308079765885192 0.026834653952306393 0.00060030424573916791 0.024746462870982477 -0.0028914985578165561
leaf_weight=18.730861335992817 10.64856120944023 21.224264398217205 7.1709164381027213 11.231100358068941
leaf_count=132 50 257 26 54
internal_value=0.000876401 -0.00445178 0.00943572 -0.0181841
internal_weight=69.0057 58.3571 28.3952 29.962
internal_count=519 469 283 186
is_linear=0
shrinkage=0.03


Tree=50
num_leaves=5
num_cat=0
split_feature=3 24 29 29
split_gain=14.2644 15.1179 6.07238 2.87576
threshold=1.0000000180025095e-35 1.0000000180025095e-35 0.62994050000000013 0.85472900000000007
decision_type=10 8 2 2
left_child=1 3 -3 -1
right_child=-2 2 -4 -5
leaf_value=-0.025594476148518671 0.026855833388942842 -0.011765240854733693 0.016004590107612394 0
leaf_weight=23.356133453547958 10.754867404699324 6.4039373844862011 20.471327051520348 4.8557311147451392
leaf_count=157 51 92 184 23
internal_value=-0.000180461 -0.00708972 0.00786635 -0.0216851
internal_weight=65.842 55.0871 26.8753 28.2119
internal_count=507 456 276 180
is_linear=0
shrinkage=0.03


Tree=51
num_leaves=6
num_cat=0
split_feature=29 3 24 3 24
split_gain=13.089 3.09455 4.33777 3.0908 2.43924
threshold=0.68106350000000015 1.0000000180025095e-35 1.0000000180025095e-35 1.0000000180025095e-35 1.0000000180025095e-35
decision_type=2 10 8 10 10
left_child=3 2 -2 4 -1
right_child=1 -3 -4 -5 -6
leaf_value=-0.021557429865147998 -0.0067683946586464998 0.024256510684384228 0.013732192832209729 0.0066919884798772415 0.0021743099702917473
leaf_weight=23.413010243326433 13.822353944182398 8.3193463534116727 15.692114904522894 1.5232613682746876 1.3842236250638951
leaf_count=236 69 41 139 6 5
internal_value=-0.000330628 0.0102217 0.00346994 -0.0160159 -0.0190618
internal_weight=64.1543 37.8338 29.5145 26.3205 24.7972
internal_count=496 249 208 247 241
is_linear=0
shrinkage=0.03


Tree=52
num_leaves=5
num_cat=0
split_feature=4 24 21 23
split_gain=9.97978 10.0258 7.05494 0.172846
threshold=1.0000000180025095e-35 1.0000000180025095e-35 0.11378600000000001 0.40836700000000004
decision_type=10 10 8 8
left_child=1 2 -1 -2
right_child=3 -3 -4 -5
leaf_value=-0.023380108328338759 0.025173606089771334 0.022376510645192926 0 0
leaf_weight=19.889346167445183 8.6092655509710276 6.2691640704870215 26.687592331320047 1.9891790300607688
leaf_count=141 41 24 280 10
internal_value=0 -0.00564636 -0.0111491 0.0230124
internal_weight=63.4445 52.8461 46.5769 10.5984
internal_count=496 445 421 51
is_linear=0
shrinkage=0.03


Tree=53
num_leaves=7
num_cat=0
split_feature=29 24 21 28 3 28
split_gain=10.563 4.61468 4.11242 4.5844 3.15191 1.9199
threshold=0.68106350000000015 1.0000000180025095e-35 0.10762700000000001 0.98266600000000015 1.0000000180025095e-35 0.98791800000000018
decision_type=2 10 8 2 10 2
left_child=1 4 3 -2 -1 -4
right_child=2 -3 5 -5 -6 -7
leaf_value=-0.022074957897698616 -0.020579088603174235 0.010469179585870646 0.02018147311960047 0.0086545651854819106 0.0052934973094336786 0
leaf_weight=21.478758912533529 4.7706054374575606 2.4831414669752112 19.65664587169886 8.7801672220230085 1.3182783126831044 5.1834536641836158
leaf_count=225 30 9 140 44 5 46
internal_value=0 -0.0141479 0.00963948 -0.00168933 -0.0188979 0.0164132
internal_weight=63.6711 25.2802 38.3909 13.5508 22.797 24.8401
internal_count=499 239 260 74 230 186
is_linear=0
shrinkage=0.03


Tree=54
num_leaves=5
num_cat=0
split_feature=29 4 24 23
split_gain=11.9025 5.71625 5.97648 0.756539
threshold=0.59491450000000012 1.0000000180025095e-35 1.0000000180025095e-35 0.044254000000000009
decision_type=2 10 8 10
left_child=3 2 -2 -1
right_child=1 -3 -4 -5
leaf_value=-0.025682044759119553 -0.0091244216003402833 0.02449705541823213 0.011849761839035832 0
leaf_weight=9.5668202266097051 20.238173604011536 10.727292671799658 21.988315101712942 1.7842599973082531
leaf_count=117 111 52 205 9
internal_value=0.000890354 0.00751243 0.00119555 -0.0230243
internal_weight=64.3049 52.9538 42.2265 11.3511
internal_count=494 368 316 126
is_linear=0
shrinkage=0.03


Tree=55
num_leaves=5
num_cat=0
split_feature=24 28 28 7
split_gain=8.46788 9.3283 5.45049 3.5102
threshold=1.0000000180025095e-35 0.98241700000000021 0.98791800000000018 8.0568855000000017
decision_type=10 2 2 10
left_child=1 3 -3 -1
right_child=-2 2 -4 -5
leaf_value=-0.018001324603279609 0.025053590197025306 0.020444072914507963 -0.002766100275224205 0.0049965201291199274
leaf_weight=27.401870921254162 8.2468290328979474 13.539103232324125 14.760826397687195 3.7103317826986304
leaf_count=258 33 91 126 18
internal_value=0.000807063 -0.00312034 0.00827473 -0.014181
internal_weight=67.659 59.4121 28.2999 31.1122
internal_count=526 493 217 276
is_linear=0
shrinkage=0.03


Tree=56
num_leaves=5
num_cat=0
split_feature=29 4 24 22
split_gain=12.0441 5.72576 5.84749 0.364049
threshold=0.59491450000000012 1.0000000180025095e-35 1.0000000180025095e-35 0.13270100000000004
decision_type=2 10 8 10
left_child=3 2 -2 -1
right_child=1 -3 -4 -5
leaf_value=-0.025126434415818459 -0.008702939439043985 0.025079889783882599 0.011733549285260637 0
leaf_weight=9.9376429505646193 21.023641549050808 9.9075209051370603 22.593151338398457 0.85542871803045351
leaf_count=125 115 48 211 5
internal_value=0.000833225 0.00734094 0.00131331 -0.0238417
internal_weight=64.3174 53.5243 43.6168 10.7931
internal_count=504 374 326 130
is_linear=0
shrinkage=0.03


Tree=57
num_leaves=5
num_cat=0
split_feature=3 26 29 16
split_gain=12.1536 12.1789 4.16831 1.55164
threshold=1.0000000180025095e-35 1.0000000180025095e-35 0.59491450000000012 0.34568950000000004
decision_type=10 8 2 10
left_child=1 3 -3 -1
right_child=-2 2 -4 -5
leaf_value=-0.024106199450010905 0.025684850337455704 -0.012315909156611319 0.012558840615914578 0
leaf_weight=20.126903787255291 9.976111024618147 4.2603835985064533 22.019528027623892 5.3524675145745269
leaf_count=140 51 70 209 31
internal_value=0 -0.00658955 0.00665296 -0.0205635
internal_weight=61.7354 51.7593 26.2799 25.4794
internal_count=501 450 279 171
is_linear=0
shrinkage=0.03


Tree=58
num_leaves=6
num_cat=0
split_feature=29 2 2 7 18
split_gain=15.1157 4.11691 1.64538 1.25995 1.23676
threshold=0.64227900000000016 0.32575750000000009 1.0000000180025095e-35 8.0568855000000017 0.024923500000000005
decision_type=2 10 10 10 10
left_child=3 2 -2 -1 -3
right_child=1 4 -4 -5 -6
leaf_value=-0.022755485058948678 0.0084031070834503126 0.0062967881063196425 0.027216444414468598 0 -0.0087204816403821592
leaf_weight=14.723859693855049 26.741195693612099 3.8922722041606894 8.9051278382539731 1.3202621489763249 8.7556455656886083
leaf_count=170 226 23 35 6 51
internal_value=0.00183298 0.0106214 0.0156272 -0.0205517 -0.00186068
internal_weight=64.3384 48.2942 35.6463 16.0441 12.6479
internal_count=511 335 261 176 74
is_linear=0
shrinkage=0.03


Tree=59
num_leaves=7
num_cat=0
split_feature=29 28 20 18 28 17
split_gain=10.1915 7.89488 1.9518 1.83691 0.892222 0.626779
threshold=0.62994050000000013 0.97482450000000009 0.24333000000000002 0.29495000000000005 0.99273800000000012 0.18755600000000003
decision_type=2 2 10 10 2 10
left_child=3 5 -3 4 -1 -2
right_child=1 2 -4 -5 -6 -7
leaf_value=-0.023632756327726774 -0.013280116953750263 0.017574117983471978 0 0 0 0
leaf_weight=12.23419206961989 7.9359829276800138 31.506819404661655 4.4513888731598845 1.5444183573126782 0.79778056219220239 5.7619571685791016
leaf_count=149 75 222 23 7 7 30
internal_value=0.000769872 0.00774673 0.0151152 -0.0185563 -0.0219232 -0.00904001
internal_weight=64.2325 49.6561 35.9582 14.5764 13.032 13.6979
internal_count=513 350 245 163 156 105
is_linear=0
shrinkage=0.03


Tree=60
num_leaves=7
num_cat=0
split_feature=29 28 21 24 28 3
split_gain=13.4496 3.37646 4.13062 3.12151 2.7131 2.23511
threshold=0.68106350000000015 0.97677600000000009 0.12386950000000001 1.0000000180025095e-35 0.98940150000000016 1.0000000180025095e-35
decision_type=2 2 10 10 2 10
left_child=3 2 -2 5 -3 -1
right_child=1 4 -4 -5 -6 -7
leaf_value=-0.021557765316748412 -0.014453437350978995 0.021579823698104923 0.014708794087164268 0.0059850248666717841 0 0.0022057940982276639
leaf_weight=21.36680172383786 6.8646907508373243 20.389545578509573 4.65805783867836 1.8895473778247822 6.7854769043624392 0.99397328495979209
leaf_count=234 65 131 19 7 51 4
internal_value=0.000270068 0.0113922 0 -0.0156776 0.0167346 -0.0191825
internal_weight=62.9481 38.6978 11.5227 24.2503 27.175 22.3608
internal_count=511 266 84 245 182 238
is_linear=0
shrinkage=0.03


Tree=61
num_leaves=5
num_cat=0
split_feature=26 4 28 17
split_gain=7.9985 8.12 6.71516 0.140811
threshold=1.0000000180025095e-35 1.0000000180025095e-35 0.98241700000000021 0.20602400000000001
decision_type=10 10 2 10
left_child=1 2 -1 -3
right_child=-2 3 -4 -5
leaf_value=-0.019310870762631129 0.024176814790243483 0.021242073225767402 0.002161321696907921 0
leaf_weight=23.638573035597801 8.1909323930740339 6.1432469189167014 20.414418362081051 1.7779764682054517
leaf_count=229 35 33 177 9
internal_value=0.00072405 -0.00354396 -0.00921956 0.0191354
internal_weight=60.1651 51.9742 44.053 7.92122
internal_count=483 448 406 42
is_linear=0
shrinkage=0.03


Tree=62
num_leaves=4
num_cat=0
split_feature=24 3 29
split_gain=10.1518 9.21176 6.26074
threshold=1.0000000180025095e-35 1.0000000180025095e-35 0.7008795000000001
decision_type=10 10 2
left_child=1 2 -1
right_child=-2 -3 -4
leaf_value=-0.021461984591754156 0.024728081779447325 0.020857455312044443 0
leaf_weight=23.000624503940344 8.6363615244626981 6.1323271691799155 21.90747694298625
leaf_count=246 37 33 176
internal_value=-0.000206997 -0.00611984 -0.0115053
internal_weight=59.6768 51.0404 44.9081
internal_count=492 455 422
is_linear=0
shrinkage=0.03


Tree=63
num_leaves=4
num_cat=0
split_feature=3 24 2
split_gain=9.27828 7.90548 6.61652
threshold=1.0000000180025095e-35 1.0000000180025095e-35 0.32575750000000009
decision_type=10 10 10
left_child=1 2 -1
right_child=-2 -3 -4
leaf_value=-7.3606636326648261e-05 0.024878558988563764 0.021338192186505751 -0.024764802318938895
leaf_weight=33.05408089607954 9.6116057485342008 6.1968836933374396 12.582180209457873
leaf_count=325 53 25 99
internal_value=0.0014192 -0.00350698 -0.00860558
internal_weight=61.4448 51.8331 45.6363
internal_count=502 449 424
is_linear=0
shrinkage=0.03


Tree=64
num_leaves=4
num_cat=0
split_feature=3 24 29
split_gain=10.2685 6.69893 6.96298
threshold=1.0000000180025095e-35 1.0000000180025095e-35 0.82579750000000007
decision_type=10 10 2
left_child=1 2 -1
right_child=-2 -3 -4
leaf_value=-0.016413361024053053 0.024528732152419404 0.018712161413034951 0.0083815441911896122
leaf_weight=35.351002682000399 9.392092213034628 5.1025047600269309 9.9936434254050237
leaf_count=352 53 21 74
internal_value=0 -0.00578041 -0.0101472
internal_weight=59.8392 50.4472 45.3446
internal_count=500 447 426
is_linear=0
shrinkage=0.03


Tree=65
num_leaves=5
num_cat=0
split_feature=29 24 4 15
split_gain=10.1783 3.31499 5.6248 0.333958
threshold=0.59491450000000012 1.0000000180025095e-35 1.0000000180025095e-35 0.19394000000000003
decision_type=2 10 8 10
left_child=3 2 -2 -1
right_child=1 -3 -4 -5
leaf_value=-0.022939109478062585 -0.0073136194782950515 0.023454399447727224 0.012917205024702148 0
leaf_weight=8.604698128998276 18.825289264321327 8.2186587005853635 23.364483300596476 0.80851601064205247
leaf_count=117 107 37 224 5
internal_value=0.00231772 0.00831443 0.00333999 -0.0216267
internal_weight=59.8216 50.4084 42.1898 9.41321
internal_count=490 368 331 122
is_linear=0
shrinkage=0.03


Tree=66
num_leaves=6
num_cat=0
split_feature=21 28 24 18 15
split_gain=7.51806 6.2995 1.93344 1.66989 1.29911
threshold=0.10762700000000001 0.98241700000000021 1.0000000180025095e-35 0.10344850000000001 0.095590000000000022
decision_type=10 2 10 8 10
left_child=1 2 -1 -3 -2
right_child=4 3 -4 -5 -6
leaf_value=-0.018332654833340969 0 -0.0028484207990499516 0.0027784278331405934 0.010787554317613525 0.022024736651054828
leaf_weight=22.187593005597595 3.0073699057102194 8.9501225501298922 1.0017799139022816 13.401631735265253 10.082692660391329
leaf_count=238 17 65 4 126 46
internal_value=0 -0.00572179 -0.0160614 0.00445312 0.0179376
internal_weight=58.6312 45.5411 23.1894 22.3518 13.0901
internal_count=496 433 242 191 63
is_linear=0
shrinkage=0.03


Tree=67
num_leaves=4
num_cat=0
split_feature=4 24 28
split_gain=8.07336 6.51871 5.94664
threshold=1.0000000180025095e-35 1.0000000180025095e-35 0.98241700000000021
decision_type=10 10 2
left_child=1 2 -1
right_child=-2 -3 -4
leaf_value=-0.016900638288612345 0.023090330505079776 0.019838620605914806 0.0028621621988098576
leaf_weight=25.535441961139441 9.7329263389110547 5.7914540320634833 20.778190277516842
leaf_count=256 53 25 178
internal_value=0.00129874 -0.00326285 -0.00779115
internal_weight=61.838 52.1051 46.3136
internal_count=512 459 434
is_linear=0
shrinkage=0.03


Tree=68
num_leaves=4
num_cat=0
split_feature=26 3 18
split_gain=7.5202 6.88426 6.66413
threshold=1.0000000180025095e-35 1.0000000180025095e-35 0.12250800000000002
decision_type=10 10 8
left_child=1 2 -1
right_child=-2 -3 -4
leaf_value=-0.022671571121989965 0.024455308083880963 0.020467526949668816 0
leaf_weight=14.201667875051497 7.7077455669641486 6.0789743959903708 31.888531841337681
leaf_count=116 36 35 319
internal_value=0.00117756 -0.00286065 -0.00761138
internal_weight=59.8769 52.1692 46.0902
internal_count=506 470 435
is_linear=0
shrinkage=0.03


Tree=69
num_leaves=7
num_cat=0
split_feature=29 26 2 4 22 19
split_gain=9.08494 3.29177 2.77455 2.21446 1.58186 1.18899
threshold=0.68106350000000015 1.0000000180025095e-35 0.32575750000000009 1.0000000180025095e-35 0.039685500000000005 0.00032450000000000008
decision_type=2 10 10 8 10 10
left_child=1 4 5 -4 -1 -2
right_child=2 -3 3 -5 -6 -7
leaf_value=-0.020264407511005712 0.0028290450507948164 0.0078868674613084104 -0.012185012257056434 0.010902727378443 0 0.019852541604527121
leaf_weight=17.53169800713659 12.024841438978912 2.278230592608451 6.1546011790633175 2.6241045892238626 3.7229957729578009 15.316704422235487
leaf_count=214 130 9 38 16 21 73
internal_value=0.000243668 -0.0128385 0.00986467 -0.00171758 -0.0169975 0.0143743
internal_weight=59.6532 23.5329 36.1203 8.77871 21.2547 27.3415
internal_count=501 244 257 54 235 203
is_linear=0
shrinkage=0.03


Tree=70
num_leaves=5
num_cat=0
split_feature=29 3 18 21
split_gain=9.50434 5.06538 5.64021 0.884731
threshold=0.59491450000000012 1.0000000180025095e-35 0.12250800000000002 0.062116500000000012
decision_type=2 10 8 10
left_child=3 2 -2 -1
right_child=1 -3 -4 -5
leaf_value=-0.02435663154126802 -0.014066409470095607 0.023696800420628817 0.0081164133807283129 0
leaf_weight=9.2373038120567763 11.917159236967562 8.8245472311973554 29.440277226269245 0.75163570046424943
leaf_count=132 77 53 251 4
internal_value=0.000220423 0.00627415 0.000529062 -0.0223072
internal_weight=60.1709 50.182 41.3574 9.98894
internal_count=517 381 328 136
is_linear=0
shrinkage=0.03


Tree=71
num_leaves=7
num_cat=0
split_feature=29 28 5 28 28 21
split_gain=7.61036 3.53324 3.04537 2.08691 1.32089 0.940287
threshold=0.68106350000000015 0.97334950000000009 1.5000000000000002 0.98791800000000018 0.99260350000000008 0.15176500000000001
decision_type=2 2 10 2 2 10
left_child=2 5 4 -3 -1 -2
right_child=1 3 -4 -5 -6 -7
leaf_value=-0.017651316960534128 -0.011087094594215179 0.019091705470783132 0.0078754286066769971 0 0 0.0024739764668510788
leaf_weight=20.022244963794954 5.4837134629487974 19.238151803612713 2.3642953485250464 8.2117675356566888 1.1347450911998738 2.5300567448139191
leaf_count=229 51 133 10 66 9 12
internal_value=0.00027613 0.00923159 -0.011612 0.0143008 -0.0157392 -0.00457414
internal_weight=58.985 35.4637 23.5213 27.4499 21.157 8.01377
internal_count=510 262 248 199 238 63
is_linear=0
shrinkage=0.03


Tree=72
num_leaves=5
num_cat=0
split_feature=4 18 5 21
split_gain=7.00709 6.24312 4.39824 3.02964
threshold=1.0000000180025095e-35 0.12250800000000002 1.5000000000000002 0.09775600000000001
decision_type=10 8 10 10
left_child=1 3 -3 -1
right_child=-2 2 -4 -5
leaf_value=-0.023925645169528519 0.022880998177209184 -0.00054474520574785757 0.02291960560713853 0
leaf_weight=11.112635463476179 8.7507382333278638 29.274895630776882 5.6598381102085105 4.3464393168687812
leaf_count=102 51 310 24 23
internal_value=0.00169695 -0.00249865 0.00397784 -0.0170274
internal_weight=59.1445 50.3938 34.9347 15.4591
internal_count=510 459 334 125
is_linear=0
shrinkage=0.03


Tree=73
num_leaves=7
num_cat=0
split_feature=29 24 28 28 28 28
split_gain=7.4692 7.50452 1.70912 1.56204 0.587164 0.328761
threshold=0.78033050000000015 1.0000000180025095e-35 0.98266600000000015 0.97734600000000016 0.99270800000000003 0.96984650000000017
decision_type=2 10 2 2 2 2
left_child=1 2 -1 5 -5 -2
right_child=3 -3 -4 4 -6 -7
leaf_value=-0.017306500327981207 0.0042144646444661014 0.018673331154931413 -0.00034882482733406852 0.020118336917227059 0 -0.0064150861829899691
leaf_weight=20.07189130410552 2.4695514142513302 5.3422442227601996 12.066366814076899 14.88242779299617 2.4565532840788356 1.829158656299114
leaf_count=213 16 24 119 103 19 15
internal_value=0.00133147 -0.00614547 -0.0123668 0.0146718 0.0181626 0
internal_weight=59.1182 37.4805 32.1383 21.6377 17.339 4.29871
internal_count=509 356 332 153 122 31
is_linear=0
shrinkage=0.03


Tree=74
num_leaves=5
num_cat=0
split_feature=29 3 22 22
split_gain=8.79757 4.20072 5.489 0.798883
threshold=0.59491450000000012 1.0000000180025095e-35 0.039685500000000005 0.045065500000000001
decision_type=2 10 8 10
left_child=3 2 -2 -1
right_child=1 -3 -4 -5
leaf_value=-0.02211540987526452 -0.013631280948937707 0.02374660123634835 0.008949337870272904 0
leaf_weight=8.6140203885734046 9.9870514720678312 9.0937809795141202 31.419362224638462 0.78617256134748537
leaf_count=128 68 57 253 5
internal_value=0.00222815 0.00781654 0.00227445 -0.0200025
internal_weight=59.9004 50.5002 41.4064 9.40019
internal_count=511 378 321 133
is_linear=0
shrinkage=0.03


Tree=75
num_leaves=6
num_cat=0
split_feature=29 2 3 2 18
split_gain=8.05218 3.84461 3.28785 2.98463 1.31012
threshold=0.59865050000000009 0.32575750000000009 1.0000000180025095e-35 1.0000000180025095e-35 0.32726500000000008
decision_type=2 10 10 10 10
left_child=4 3 -3 -2 -1
right_child=1 2 -4 -5 -6
leaf_value=-0.023058267420871262 0.0042070980058349578 -0.014407089647702034 0.011734376440216677 0.024904679650377164 0
leaf_weight=8.5145706757903081 26.750629130750895 9.4191073849797231 2.8425232768058768 9.209117762744425 1.3814172968268383
leaf_count=130 248 65 18 41 8
internal_value=0.0010862 0.00681089 -0.00526581 0.0117872 -0.019578
internal_weight=58.1174 48.2214 12.2616 35.9597 9.89599
internal_count=510 372 83 289 138
is_linear=0
shrinkage=0.03


Tree=76
num_leaves=5
num_cat=0
split_feature=4 5 24 9
split_gain=6.32551 6.31338 3.62799 3.09121
threshold=1.0000000180025095e-35 1.5000000000000002 1.0000000180025095e-35 1.0000000180025095e-35
decision_type=10 8 10 8
left_child=1 2 -1 -3
right_child=-2 3 -4 -5
leaf_value=-0.019322792061750523 0.021923104252746302 0.018970196424263112 0.0072196046935252157 0
leaf_weight=17.378383211791519 9.0545724779367429 8.231949135661127 2.4127609729766837 18.675728607922792
leaf_count=141 54 37 11 239
internal_value=0.00227565 -0.00202361 -0.0142463 0.00649058
internal_weight=55.7534 46.6988 19.7911 26.9077
internal_count=482 428 152 276
is_linear=0
shrinkage=0.03


Tree=77
num_leaves=5
num_cat=0
split_feature=24 4 18 18
split_gain=6.06348 6.15106 5.45768 2.19402
threshold=1.0000000180025095e-35 1.0000000180025095e-35 0.15043700000000002 0.37522800000000006
decision_type=10 8 10 8
left_child=1 2 -1 -3
right_child=-2 3 -4 -5
leaf_value=-0.025401100987229568 0.022180285428012449 0.018725861929216655 0.00021096406336364133 0
leaf_weight=11.759389691054823 7.7401220872998229 6.1078821122646358 10.608146004378794 20.102807197719812
leaf_count=111 39 38 55 259
internal_value=0.00143118 -0.002391 -0.0134831 0.00646032
internal_weight=56.3183 48.5782 22.3675 26.2107
internal_count=502 463 166 297
is_linear=0
shrinkage=0.03


Tree=78
num_leaves=7
num_cat=0
split_feature=29 26 3 2 23 3
split_gain=7.46795 2.36283 1.99892 1.94671 1.62214 1.53692
threshold=0.68106350000000015 1.0000000180025095e-35 1.0000000180025095e-35 0.17708350000000003 0.0097775000000000015 1.0000000180025095e-35
decision_type=2 10 10 10 10 10
left_child=1 2 -1 4 -2 -5
right_child=3 -3 -4 5 -6 -7
leaf_value=-0.018888637150796375 0.0022898883357041389 0.005114374712029207 0.0026382294678309595 -0.0081345017808012905 0.020634166669692523 0.010636860903476012
leaf_weight=19.327461112290628 14.280290953814985 1.8895513415336598 1.0944809019565571 8.2646960839629156 10.259511128067968 2.6392405927181235
leaf_count=236 148 8 5 50 51 18
internal_value=0 -0.0128766 -0.0162639 0.00810327 0.0124608 -0.00011859
internal_weight=57.7552 22.3115 20.4219 35.4437 24.5398 10.9039
internal_count=516 249 241 267 199 68
is_linear=0
shrinkage=0.03


Tree=79
num_leaves=7
num_cat=0
split_feature=28 17 21 28 4 28
split_gain=5.32241 2.59159 2.51534 1.7459 1.15188 0.450216
threshold=0.97334950000000009 0.011290000000000003 0.12386950000000001 0.99270800000000003 1.5000000000000002 0.97191600000000011
decision_type=2 8 10 2 10 2
left_child=2 4 5 -3 -2 -1
right_child=1 3 -4 -5 -6 -7
leaf_value=-0.018333914272497587 -0.014065979650232648 0.013569712477729059 0.0027501345405608782 -0.0018816792869905099 0.0031738193463726264 0
leaf_weight=11.495675556361677 3.7266375347971907 30.672982227057219 4.6954446807503691 3.349192436784505 1.1501821428537367 1.5556136444210995
leaf_count=135 41 254 24 30 6 16
internal_value=0.00145736 0.00796059 -0.0104409 0.0112091 -0.00653117 -0.0166827
internal_weight=56.6457 38.899 17.7467 34.0222 4.87682 13.0513
internal_count=506 331 175 284 47 151
is_linear=0
shrinkage=0.03


Tree=80
num_leaves=5
num_cat=0
split_feature=4 18 28 24
split_gain=7.04715 6.61792 3.60522 2.61746
threshold=1.0000000180025095e-35 0.15043700000000002 0.97191600000000011 1.0000000180025095e-35
decision_type=10 8 2 10
left_child=1 3 -3 -1
right_child=-2 2 -4 -5
leaf_value=-0.024024488684863347 0.021013839756354593 -0.010404178476166422 0.0090069347964065564 0.0016625660684452073
leaf_weight=12.89716055244207 8.934258855879305 8.9809735305607301 23.432121582329273 1.4723368287086493
leaf_count=120 57 103 222 6
internal_value=0 -0.00464149 0.00235563 -0.0198328
internal_weight=55.7169 46.7826 32.4131 14.3695
internal_count=508 451 325 126
is_linear=0
shrinkage=0.03


Tree=81
num_leaves=7
num_cat=0
split_feature=28 24 28 4 21 15
split_gain=5.75272 3.81076 3.76839 2.26511 1.29578 0.6524
threshold=0.98241700000000021 1.0000000180025095e-35 0.98791800000000018 1.0000000180025095e-35 0.0011505000000000003 0.072277500000000008
decision_type=2 10 2 10 8 8
left_child=1 3 4 -1 -2 -4
right_child=2 -3 5 -5 -6 -7
leaf_value=-0.016468573846837423 0 0.011307154732650091 0.0042551434110170254 0.0043940169635282786 0.022350555413884185 -0.0061784257996750566
leaf_weight=22.414239704608924 2.1627177223563203 3.2803672701120368 6.5458508878946278 1.8451835215091694 11.842378757894039 7.8537711389362821
leaf_count=243 14 16 50 11 87 86
internal_value=5.58199e-05 -0.00871759 0.00953754 -0.0134723 0.0191686 0
internal_weight=55.9445 27.5398 28.4047 24.2594 14.0051 14.3996
internal_count=507 270 237 254 101 136
is_linear=0
shrinkage=0.03


Tree=82
num_leaves=4
num_cat=0
split_feature=3 24 18
split_gain=5.5537 4.77214 5.4186
threshold=1.0000000180025095e-35 1.0000000180025095e-35 0.12250800000000002
decision_type=10 10 8
left_child=1 2 -1
right_child=-2 -3 -4
leaf_value=-0.022495389155252225 0.020675379314647434 0.016781989749459134 0
leaf_weight=12.408532768487929 6.7603801414370528 4.8127099573612204 30.31293548643589
leaf_count=115 47 23 318
internal_value=0 -0.00404306 -0.00799243
internal_weight=54.2946 47.5342 42.7215
internal_count=503 456 433
is_linear=0
shrinkage=0.03


Tree=83
num_leaves=7
num_cat=0
split_feature=29 5 4 4 18 29
split_gain=6.61251 3.48799 2.20237 2.11898 2.30853 0.144866
threshold=0.68106350000000015 1.5000000000000002 1.0000000180025095e-35 1.0000000180025095e-35 0.094779500000000003 0.78033050000000015
decision_type=2 10 10 8 10 2
left_child=1 2 -1 4 -2 -5
right_child=3 -3 -4 5 -6 -7
leaf_value=-0.019336362457998229 -0.010522269463867832 0.0097063054015548728 0.0018873240764203014 0.0023808270436819871 0.008835496621136486 0.018487775722707517
leaf_weight=17.15706097334624 6.5531862750649479 2.3962795287370673 1.894416645169257 6.5947697348892715 10.065459281206129 11.692515943199394
leaf_count=230 42 10 9 68 48 106
internal_value=0.000694904 -0.0109682 -0.0158958 0.00895359 0 0.0152427
internal_weight=56.3537 21.4478 19.0515 34.9059 16.6186 18.2873
internal_count=513 249 239 264 90 174
is_linear=0
shrinkage=0.03


Tree=84
num_leaves=6
num_cat=0
split_feature=29 28 28 2 22
split_gain=5.52664 3.62949 2.62196 2.18747 1.3249
threshold=0.59491450000000012 0.98241700000000021 0.98791800000000018 0.47222200000000009 0.045065500000000001
decision_type=2 2 2 10 10
left_child=4 3 -3 -2 -1
right_child=1 2 -4 -5 -6
leaf_value=-0.020288451595566057 0.0026772876476694211 0.021956891940899285 0 -0.0158593465946219 0
leaf_weight=7.4701128154993039 20.903255306184295 12.865409940481188 10.664056040346621 4.2041907832026473 1.1205676943063734
leaf_count=124 174 94 86 35 6
internal_value=0.00173085 0.00628095 0.0141196 -0.00072073 -0.0163997
internal_weight=57.2276 48.6369 23.5295 25.1074 8.59068
internal_count=519 389 180 209 130
is_linear=0
shrinkage=0.03


Tree=85
num_leaves=5
num_cat=0
split_feature=29 3 2 22
split_gain=6.49523 2.81821 2.85643 0.419813
threshold=0.58551750000000002 1.0000000180025095e-35 0.32575750000000009 0.13270100000000004
decision_type=2 10 10 10
left_child=3 2 -2 -1
right_child=1 -3 -4 -5
leaf_value=-0.020184345545387995 0.0073532676395461679 0.021474025346122801 -0.0088066622973220505 0
leaf_weight=6.8224519230425349 30.848571911454201 7.4386008605360976 9.8483646064996702 0.651770919561386
leaf_count=116 263 53 71 4
internal_value=0.0023047 0.00703826 0.00242 -0.0186006
internal_weight=55.6098 48.1355 40.6969 7.47422
internal_count=507 387 334 120
is_linear=0
shrinkage=0.03


Tree=86
num_leaves=7
num_cat=0
split_feature=23 3 23 7 28 28
split_gain=6.06374 3.92073 3.57454 0.718318 0.691574 0.604072
threshold=0.0074560000000000008 1.0000000180025095e-35 0.51918300000000006 7.7873875000000004 0.98241700000000021 0.99179450000000002
decision_type=10 8 10 10 2 2
left_child=1 5 3 -2 -3 -1
right_child=2 4 -4 -5 -6 -7
leaf_value=-0.022327805533394765 0.020653026892435027 -0.0037425590021432226 -0.0047071902505754042 0 0.0059155398277389885 0
leaf_weight=8.5079271644353884 14.67868503928185 10.486971586942675 4.8421085625886908 3.9634488001465789 9.3882095552980882 1.0183476358652104
leaf_count=91 71 146 33 26 113 9
internal_value=0.00102191 -0.00716787 0.0120585 0.0178482 0 -0.0203617
internal_weight=52.8857 29.4015 23.4842 18.6421 19.8752 9.52627
internal_count=489 359 130 97 259 100
is_linear=0
shrinkage=0.03


Tree=87
num_leaves=7
num_cat=0
split_feature=22 4 20 28 20 15
split_gain=4.53524 3.14641 2.14587 0.943263 0.896963 0.718509
threshold=0.039685500000000005 1.0000000180025095e-35 0.28201750000000009 0.9742360000000001 0.020705500000000005 0.23709800000000003
decision_type=10 8 10 2 10 8
left_child=1 5 4 -3 -2 -1
right_child=2 3 -4 -5 -6 -7
leaf_value=-0.018124902537545558 0 -0.0059772694914615229 -0.0024866104661608029 0.0051865368120725119 0.018687699669398965 0
leaf_weight=11.197605405002829 2.5438129901886013 6.6762881614267853 3.4028131291270247 15.850781939923761 13.01293111592531 1.8951557800173766
leaf_count=112 15 96 20 184 70 13
internal_value=0.000134175 -0.00554985 0.0114784 0.000389096 0.0160578 -0.0158001
internal_weight=54.5794 35.6198 18.9596 22.5271 15.5567 13.0928
internal_count=510 405 105 280 85 125
is_linear=0
shrinkage=0.03


Tree=88
num_leaves=5
num_cat=0
split_feature=24 4 19 19
split_gain=5.38707 4.54365 4.24125 0.204122
threshold=1.0000000180025095e-35 1.0000000180025095e-35 0.28423350000000008 0.18328200000000003
decision_type=10 10 8 10
left_child=1 2 -1 -3
right_child=-2 3 -4 -5
leaf_value=-0.019934049001734368 0.020267863181825316 0.01654137081337087 0 0
leaf_weight=14.43869264051318 6.6873656362295142 4.4172891378402701 25.38520597293973 1.6068942993879316
leaf_count=121 36 32 298 9
internal_value=0 -0.00421762 -0.00852523 0.0143017
internal_weight=52.5354 45.8481 39.8239 6.02418
internal_count=496 460 419 41
is_linear=0
shrinkage=0.03


Tree=89
num_leaves=7
num_cat=0
split_feature=28 21 28 23 15 19
split_gain=5.25255 6.3711 1.92641 1.20944 0.693507 0.588989
threshold=0.98241700000000021 0.11378600000000001 0.98791800000000018 0.27391400000000005 0.14795850000000002 0.0064025000000000011
decision_type=2 10 2 10 10 10
left_child=1 -1 3 -2 -3 -4
right_child=2 4 5 -5 -6 -7
leaf_value=-0.01561112067371 0.020766749429715313 0 -0.0039722379296706677 0 0.015213562900445406 0.0061670345137442486
leaf_weight=21.054250996559862 11.075405668467285 2.2422714233398429 5.9662939943373186 1.4110199734568585 5.751052238047123 7.2179831489920616
leaf_count=246 85 14 81 10 27 42
internal_value=0.000931348 -0.0069084 0.0106434 0.0179354 0.0112902 0
internal_weight=54.7183 29.0476 25.6707 12.4864 7.99332 13.1843
internal_count=505 287 218 95 41 123
is_linear=0
shrinkage=0.03


Tree=90
num_leaves=5
num_cat=0
split_feature=24 28 4 28
split_gain=4.98021 4.54339 2.99092 2.13691
threshold=1.0000000180025095e-35 0.98241700000000021 1.0000000180025095e-35 0.98791800000000018
decision_type=10 2 10 2
left_child=1 2 -1 -3
right_child=-2 3 -4 -5
leaf_value=-0.016790565175874354 0.019557434225015786 0.013733877386185929 0.0070291684762205705 -0.002080043265548183
leaf_weight=21.440440420061353 6.4624489024281493 9.4970005787909049 2.1543484777212134 11.976288344711064
leaf_count=244 36 75 12 122
internal_value=0 -0.00423685 -0.0129401 0.00451435
internal_weight=51.5305 45.0681 23.5948 21.4733
internal_count=489 453 256 197
is_linear=0
shrinkage=0.03


Tree=91
num_leaves=5
num_cat=0
split_feature=29 3 18 22
split_gain=5.85671 2.19024 3.0124 0.392945
threshold=0.59491450000000012 1.0000000180025095e-35 0.15043700000000002 0.13270100000000004
decision_type=2 10 8 10
left_child=3 2 -2 -1
right_child=1 -3 -4 -5
leaf_value=-0.019600770620631078 -0.008633047331743816 0.019728131796296518 0.0076125816204041874 0
leaf_weight=7.2184519954025737 11.378468208014963 6.2272075265645972 28.036204766482115 0.63059198111295689
leaf_count=127 80 46 242 4
internal_value=0.0011915 0.00604769 0.00193649 -0.0181456
internal_weight=53.4909 45.6419 39.4147 7.84904
internal_count=499 368 322 131
is_linear=0
shrinkage=0.03


Tree=92
num_leaves=6
num_cat=0
split_feature=29 4 24 23 15
split_gain=5.24973 3.77371 3.87898 0.893469 0.23141
threshold=0.58551750000000002 1.0000000180025095e-35 1.0000000180025095e-35 0.79193250000000004 0.15204450000000003
decision_type=2 8 10 8 10
left_child=4 2 -2 -3 -1
right_child=1 3 -4 -5 -6
leaf_value=-0.019123208595460107 -0.0095924195079975239 0.022135961137402464 0.015126207819699629 0.0053511296934351544 0
leaf_weight=6.228980414569377 17.562369223684076 7.5465777367353466 4.4949787780642501 17.724570047110319 0.77827078104019154
leaf_count=114 115 53 24 209 6
internal_value=0.00143834 0.0057718 -0.00214996 0.0132417 -0.0177889
internal_weight=54.3357 47.3285 22.0573 25.2711 7.00725
internal_count=521 401 139 262 120
is_linear=0
shrinkage=0.03


Tree=93
num_leaves=7
num_cat=0
split_feature=28 28 22 19 4 7
split_gain=4.60265 3.06417 2.95932 1.62971 1.22348 1.17024
threshold=0.98241700000000021 0.98940150000000016 0.045065500000000001 0.11450050000000002 1.0000000180025095e-35 1.0000000180025095e-35
decision_type=2 2 10 10 8 10
left_child=2 5 4 -4 -1 -2
right_child=1 -3 3 -5 -6 -7
leaf_value=-0.022120638787052251 0.02104278507655823 -0.00041905672778166231 -0.0053653162488842389 0.012275963329526976 -0.002307414649226376 0
leaf_weight=6.8651313968002858 12.118305549025537 9.8610897548496705 4.1649523824453336 6.4832237213850021 10.768648203462361 2.9561505392193785
leaf_count=77 88 103 27 34 145 23
internal_value=0.000923269 0.0101635 -0.00645802 0.00351501 -0.0135696 0.0176665
internal_weight=53.2175 24.9355 28.282 10.6482 17.6338 15.0745
internal_count=497 214 283 61 222 111
is_linear=0
shrinkage=0.03


Tree=94
num_leaves=5
num_cat=0
split_feature=24 4 16 23
split_gain=4.99632 6.21805 2.74643 2.07183
threshold=1.0000000180025095e-35 1.0000000180025095e-35 0.34568950000000004 0.79193250000000004
decision_type=10 8 10 8
left_child=1 2 -1 -3
right_child=-2 3 -4 -5
leaf_value=-0.019015822887358941 0.021554341381825243 0.01928484675294866 0.00025291103269943304 0
leaf_weight=16.341020185500387 6.2403489127755156 5.5982035100460079 5.5655676797032347 19.109179377555847
leaf_count=145 35 40 35 254
internal_value=0.000997915 -0.00228629 -0.0134751 0.00693632
internal_weight=52.8543 46.614 21.9066 24.7074
internal_count=509 474 180 294
is_linear=0
shrinkage=0.03


Tree=95
num_leaves=6
num_cat=0
split_feature=5 4 26 18 2
split_gain=4.45509 4.16023 4.01397 1.88012 1.319
threshold=1.5000000000000002 1.0000000180025095e-35 1.0000000180025095e-35 0.48382900000000001 0.41428550000000003
decision_type=10 8 10 8 8
left_child=1 2 -1 -3 -2
right_child=4 3 -4 -5 -6
leaf_value=-0.019331984955242656 0.023405540943954313 0.016052705881128539 0.008542017564640526 0 0
leaf_weight=15.892917994409801 5.5630134791135761 5.1382946372032192 2.5715653002262107 18.852789331227541 3.5837452337145814
leaf_count=151 26 37 12 255 24
internal_value=0.000425195 -0.00336782 -0.013401 0.00387384 0.0169842
internal_weight=51.6023 42.4556 18.4645 23.9911 9.14676
internal_count=505 455 163 292 50
is_linear=0
shrinkage=0.03


Tree=96
num_leaves=7
num_cat=0
split_feature=28 29 22 0 19 29
split_gain=4.58461 3.01874 2.08899 1.8982 1.32107 0.852608
threshold=0.98241700000000021 0.61638450000000011 0.040699500000000007 1.0000000180025095e-35 0.17311000000000001 0.85679500000000008
decision_type=2 2 10 8 10 2
left_child=2 -2 5 -3 -4 -1
right_child=1 3 4 -5 -6 -7
leaf_value=-0.01534480919904445 -0.007543633405914062 0 -0.0052303288579881972 0.017769252714282969 0.011369243274064534 0
leaf_weight=14.957558024674659 3.5940188094973591 4.0797632634639767 5.0975372269749624 17.868470728397369 4.6059584692120552 1.6321407593786705
leaf_count=203 52 28 34 141 25 16
internal_value=0.000418431 0.0094319 -0.0073827 0.013987 0.0011116 -0.0132919
internal_weight=51.8354 25.5423 26.2932 21.9482 9.7035 16.5897
internal_count=499 221 278 169 59 219
is_linear=0
shrinkage=0.03


Tree=97
num_leaves=7
num_cat=0
split_feature=29 26 5 28 28 28
split_gain=5.72152 3.9525 2.34477 1.00901 0.825991 0.238632
threshold=0.78033050000000015 1.0000000180025095e-35 1.5000000000000002 0.97734600000000016 0.99270800000000003 0.97061200000000014
decision_type=2 10 10 2 2 2
left_child=1 2 -1 5 -5 -2
right_child=3 -3 -4 4 -6 -7
leaf_value=-0.01392650967270391 0.0041625110793846436 0.01356288951709906 0.0033098751382652685 0.019126334171948801 0 -0.0051027777471664669
leaf_weight=26.061818148940805 2.5178379416465786 3.9748049378395072 4.7116107568144789 11.991181269288061 2.5321906805038443 1.5764657631516454
leaf_count=318 17 22 23 96 23 15
internal_value=0.00058955 -0.00595013 -0.0103396 0.0133149 0.0164479 0
internal_weight=53.3659 34.7482 30.7734 18.6177 14.5234 4.0943
internal_count=514 363 341 151 119 32
is_linear=0
shrinkage=0.03


Tree=98
num_leaves=5
num_cat=0
split_feature=29 4 28 21
split_gain=5.4683 2.51571 2.23975 0.7834
threshold=0.59491450000000012 1.0000000180025095e-35 0.98241700000000021 0.062116500000000012
decision_type=2 10 2 10
left_child=3 2 -2 -1
right_child=1 -3 -4 -5
leaf_value=-0.021365374298465301 -0.0051403799352364539 0.018976434453694038 0.0086963495721050291 0
leaf_weight=6.6975283063948146 19.350345365703106 6.5912523046135894 15.986256152391432 0.70602186769247044
leaf_count=125 174 48 133 4
internal_value=0.000104326 0.00516895 0.000527482 -0.0189137
internal_weight=49.3314 41.9279 35.3366 7.40355
internal_count=484 355 307 129
is_linear=0
shrinkage=0.03


Tree=99
num_leaves=6
num_cat=0
split_feature=4 28 15 17 17
split_gain=3.94442 3.33972 2.41256 2.37668 0.566161
threshold=1.0000000180025095e-35 0.98241700000000021 0.12643700000000002 0.11496450000000001 0.27206100000000005
decision_type=10 2 8 10 10
left_child=1 2 -1 -3 -2
right_child=4 3 -4 -5 -6
leaf_value=-0.022865481049800792 0.01977446323393826 -0.0013044471918645557 -0.0015239378800661315 0.016445552460172149 0
leaf_weight=6.9815387502312687 6.0610444694757453 14.591848291456701 16.946805562824011 6.3824594728648654 1.3849591761827467
leaf_count=75 45 159 189 31 9
internal_value=0 -0.00328329 -0.0107185 0.00422753 0.0170413
internal_weight=52.3487 44.9027 23.9283 20.9743 7.446
internal_count=508 454 264 190 54
is_linear=0
shrinkage=0.03


Tree=100
num_leaves=7
num_cat=0
split_feature=21 3 17 0 2 3
split_gain=3.77518 1.71202 2.7174 0.984043 0.563469 0.473041
threshold=0.045361000000000005 1.0000000180025095e-35 0.14858100000000002 1.0000000180025095e-35 0.34848450000000003 1.0000000180025095e-35
decision_type=10 8 8 10 10 10
left_child=1 2 -1 -2 -5 -3
right_child=3 5 -4 4 -6 -7
leaf_value=-0.020795214985324377 0 -0.00073050229610425045 0 0.022200848672835668 0 0.0088237927330447226
leaf_weight=8.068534262478348 6.8026632443070394 18.166428025811914 7.4445944651961335 5.0960615873336792 1.8047481477260587 2.3242188915610305
leaf_count=86 43 251 55 25 12 20
internal_value=3.12121e-05 -0.00452918 -0.0112446 0.0124705 0.0187567 6.46078e-05
internal_weight=49.7072 36.0038 15.5131 13.7035 6.90081 20.4906
internal_count=492 412 141 80 37 271
is_linear=0
shrinkage=0.03


Tree=101
num_leaves=4
num_cat=0
split_feature=4 23 28
split_gain=3.73789 4.75659 2.43743
threshold=1.0000000180025095e-35 0.0097775000000000015 0.97135850000000012
decision_type=10 8 2
left_child=1 -1 -3
right_child=-2 2 -4
leaf_value=-0.020724214992721916 0.01701906214886164 -0.010052156815459122 0.0060586093323615432
leaf_weight=8.3561689592897874 6.443510189652442 8.3148759640753251 26.496019765734673
leaf_count=103 47 100 247
internal_value=0 -0.00369055 0.000924759
internal_weight=49.6106 43.1671 34.8109
internal_count=497 450 347
is_linear=0
shrinkage=0.03


Tree=102
num_leaves=5
num_cat=0
split_feature=4 23 23 17
split_gain=3.59872 3.16098 2.91501 1.28809
threshold=1.0000000180025095e-35 0.0074560000000000008 0.51918300000000006 0.25107300000000005
decision_type=10 8 8 8
left_child=1 3 -3 -1
right_child=-2 2 -4 -5
leaf_value=-0.020851895155683222 0.018071289444321615 0.011862442756483522 -0.003613366930734704 0
leaf_weight=6.0119610913097832 7.051324598491191 14.476383842527865 22.891718979924917 2.6606720648705968
leaf_count=76 54 71 289 26
internal_value=0.00153204 -0.00133981 0.00207481 -0.0153745
internal_weight=53.0921 46.0407 37.3681 8.67263
internal_count=516 462 360 102
is_linear=0
shrinkage=0.03


Tree=103
num_leaves=5
num_cat=0
split_feature=3 22 19 24
split_gain=3.2471 3.4379 1.87691 1.80059
threshold=1.0000000180025095e-35 0.039685500000000005 0.12216500000000001 1.0000000180025095e-35
decision_type=10 8 10 10
left_child=1 3 -3 -1
right_child=-2 2 -4 -5
leaf_value=-0.018492436022478263 0.01796394692599209 -0.00090387434361792495 0.01322927272993704 0.0025615328290744771
leaf_weight=10.67344361171126 5.4903015792369834 25.087058022618294 7.7093305662274352 0.9964000731706627
leaf_count=119 48 290 38 4
internal_value=0.000494565 -0.00202942 0.00241056 -0.0144936
internal_weight=49.9565 44.4662 32.7964 11.6698
internal_count=499 451 328 123
is_linear=0
shrinkage=0.03


Tree=104
num_leaves=6
num_cat=0
split_feature=5 4 17 2 17
split_gain=4.8213 3.00677 4.16811 1.89693 0.507716
threshold=1.5000000000000002 1.0000000180025095e-35 0.17935250000000003 0.70833350000000006 0.20062100000000002
decision_type=10 10 8 8 10
left_child=1 2 -1 -2 -3
right_child=3 4 -4 -5 -6
leaf_value=-0.022344521437469608 0.022722768944756132 0.015389906644736091 0 0 0
leaf_weight=8.5767361894249898 7.7694632560014698 3.9763957262039176 27.082110751420259 2.0620173588395128 1.2637507840991018
leaf_count=93 39 30 314 16 10
internal_value=0.000773467 -0.00343516 -0.00724411 0.0173292 0.0120446
internal_weight=50.7305 40.899 35.6588 9.83148 5.24015
internal_count=502 447 407 55 40
is_linear=0
shrinkage=0.03


Tree=105
num_leaves=5
num_cat=0
split_feature=4 18 26 28
split_gain=4.54395 4.79909 3.8418 3.3505
threshold=1.0000000180025095e-35 0.12250800000000002 1.0000000180025095e-35 0.98241700000000021
decision_type=10 8 10 2
left_child=1 2 -1 -3
right_child=-2 3 -4 -5
leaf_value=-0.023181874078818797 0.019967882214929192 -0.0041593014589960623 0.0074243391749675746 0.013033451056220441
leaf_weight=10.423124749213454 7.1840338185429564 16.822812136262655 1.6921912580728538 15.484245993196962
leaf_count=115 56 187 8 143
internal_value=0.00156541 -0.00185297 -0.0162972 0.00363849
internal_weight=51.6064 44.4224 12.1153 32.3071
internal_count=509 453 123 330
is_linear=0
shrinkage=0.03


Tree=106
num_leaves=5
num_cat=0
split_feature=26 29 18 15
split_gain=4.5178 3.97208 1.70585 1.40742
threshold=1.0000000180025095e-35 0.78300100000000017 0.13918700000000003 0.17807550000000003
decision_type=10 2 8 8
left_child=1 2 -1 -3
right_child=-2 3 -4 -5
leaf_value=-0.018897606050999327 0.020707810016511001 0 -0.0016719903040352971 0.01443947332205674
leaf_weight=8.5407843887805956 5.9621632024645796 6.0050567835569355 19.164466809481382 8.7863654494285583
leaf_count=104 37 42 221 80
internal_value=0.000893657 -0.00240897 -0.00928675 0.00818101
internal_weight=48.4588 42.4967 27.7053 14.7914
internal_count=484 447 325 122
is_linear=0
shrinkage=0.03


Tree=107
num_leaves=5
num_cat=0
split_feature=29 28 2 16
split_gain=3.21424 2.63445 1.55696 1.00007
threshold=0.58551750000000002 0.97928850000000012 0.17708350000000003 0.39997000000000005
decision_type=2 2 8 10
left_child=-1 2 -2 -3
right_child=1 3 -4 -5
leaf_value=-0.017475999853138507 0.0025963733834309406 0.010390449072660396 -0.011821480792884203 -0.0019200504659450852
leaf_weight=5.5504765026271334 6.5392289906740215 24.69816026091576 10.469730142503975 1.6773150041699398
leaf_count=112 41 212 124 9
internal_value=-9.77616e-05 0.00246529 -0.0052209 0.00847018
internal_weight=48.9349 43.3844 17.009 26.3755
internal_count=498 386 165 221
is_linear=0
shrinkage=0.03


Tree=108
num_leaves=5
num_cat=0
split_feature=26 28 21 28
split_gain=3.80992 2.37484 2.87247 1.79872
threshold=1.0000000180025095e-35 0.98241700000000021 0.12386950000000001 0.98791800000000018
decision_type=10 2 10 2
left_child=1 2 -1 -3
right_child=-2 3 -4 -5
leaf_value=-0.014123310699489558 0.019717653467112305 0.012844160763446376 0.0063553331818636954 -0.0015455143462372784
leaf_weight=17.833576604723934 5.5637328326702109 9.149252552539112 4.4019673019647589 12.511496882885693
leaf_count=227 35 73 23 134
internal_value=0.00102427 -0.00181514 -0.00860679 0.00413912
internal_weight=49.46 43.8963 22.2355 21.6607
internal_count=492 457 250 207
is_linear=0
shrinkage=0.03


Tree=109
num_leaves=5
num_cat=0
split_feature=24 3 16 3
split_gain=3.50806 3.79568 1.53626 1.22322
threshold=1.0000000180025095e-35 1.0000000180025095e-35 0.34568950000000004 1.0000000180025095e-35
decision_type=10 8 10 10
left_child=1 2 -1 -3
right_child=-2 3 -4 -5
leaf_value=-0.014604442488781649 0.018484224025148648 0 0 0.016224331198949189
leaf_weight=15.803556971251966 6.1781775876879683 18.4149195663631 5.7792817391455165 4.5852528512477866
leaf_count=143 39 253 38 40
internal_value=0.00126654 -0.00150391 -0.0103394 0.00586959
internal_weight=50.7612 44.583 21.5828 23.0002
internal_count=513 474 181 293
is_linear=0
shrinkage=0.03


Tree=110
num_leaves=5
num_cat=0
split_feature=24 4 18 17
split_gain=3.60878 2.95357 2.64828 0.266663
threshold=1.0000000180025095e-35 1.0000000180025095e-35 0.12250800000000002 0.16248500000000002
decision_type=10 10 8 10
left_child=1 2 -1 -3
right_child=-2 3 -4 -5
leaf_value=-0.0173689867002687 0.018046287114193732 0.015135810104577714 0 0
leaf_weight=10.327578209340571 5.9289123415946952 3.9906973019242278 28.210424292832613 1.0762956291437147
leaf_count=112 37 33 306 9
internal_value=9.80877e-05 -0.00270316 -0.00627816 0.0129914
internal_weight=49.5339 43.605 38.538 5.06699
internal_count=497 460 418 42
is_linear=0
shrinkage=0.03


Tree=111
num_leaves=7
num_cat=0
split_feature=29 2 3 22 4 15
split_gain=4.2223 2.37548 1.15034 0.815493 0.60692 0.325439
threshold=0.62994050000000013 0.32575750000000009 1.0000000180025095e-35 0.43257100000000004 1.0000000180025095e-35 0.32105100000000003
decision_type=2 10 8 8 10 10
left_child=4 3 -3 -2 5 -1
right_child=1 2 -4 -5 -6 -7
leaf_value=-0.017052869739150607 0.015346233387636632 -0.010683592142814929 0.0051841739692859313 0.0020226969682892765 0 0
leaf_weight=8.2000158242881245 13.783564247190954 7.1872048787772629 1.6564441472291953 15.149676457047461 0.73241813480854112 0.56749906390905458
leaf_count=153 80 55 16 174 4 4
internal_value=0.000710711 0.00587538 -0.00461818 0.0101548 -0.0139079 -0.0158709
internal_weight=47.2768 37.7769 8.84365 28.9332 9.49993 8.76751
internal_count=486 325 71 254 161 157
is_linear=0
shrinkage=0.03


Tree=112
num_leaves=5
num_cat=0
split_feature=3 22 20 28
split_gain=4.3527 3.37295 1.46711 1.31074
threshold=1.0000000180025095e-35 0.040699500000000007 0.41488350000000007 0.98241700000000021
decision_type=10 8 8 2
left_child=1 2 -1 -3
right_child=-2 3 -4 -5
leaf_value=-0.021021097611541743 0.018510084691033917 -0.0042559965464759146 0 0.0068970487312387243
leaf_weight=8.8731649853289092 5.8319524079561225 16.313599690794948 2.7795861661434182 14.488681532442568
leaf_count=106 53 178 26 142
internal_value=-0.000155035 -0.00443144 -0.0163692 0.000249145
internal_weight=48.287 42.455 11.6528 30.8023
internal_count=505 452 132 320
is_linear=0
shrinkage=0.03


Tree=113
num_leaves=6
num_cat=0
split_feature=29 28 4 23 28
split_gain=3.7617 3.07005 1.5106 1.10734 0.615016
threshold=0.58551750000000002 0.98241700000000021 1.0000000180025095e-35 0.51918300000000006 0.95985350000000014
decision_type=2 2 10 10 2
left_child=4 2 -2 -3 -1
right_child=1 3 -4 -5 -6
leaf_value=0 -0.0055235665525156467 0.014728354363238516 0.011292089059976517 0 -0.017984049704533801
leaf_weight=0.84096552059054275 19.175543121993545 21.629845708608631 2.6221707835793486 1.6131207048892964 4.9468120858073235
leaf_count=10 190 189 17 12 108
internal_value=0.00214751 0.00580179 -0.00116954 0.0128691 -0.0151489
internal_weight=50.8285 45.0407 21.7977 23.243 5.78778
internal_count=526 408 207 201 118
is_linear=0
shrinkage=0.03


Tree=114
num_leaves=7
num_cat=0
split_feature=29 28 28 2 2 21
split_gain=3.31884 1.2509 1.83506 0.85173 0.664668 0.465336
threshold=0.68106350000000015 0.97334950000000009 0.98791800000000018 0.042241500000000008 0.70833350000000006 0.14425450000000004
decision_type=2 2 2 10 10 8
left_child=3 5 -3 -1 -5 -2
right_child=1 2 -4 4 -6 -7
leaf_value=-0.013897881960306207 -0.0090058084310003089 0.015447553102443647 0 0.0064160470841464843 -0.0073899093171425371 0.00068762856573943308
leaf_weight=10.359580401331188 2.2357802167534837 13.512223921716215 8.3349501229822618 3.397488757967948 3.1314793303608894 6.2209242209792146
leaf_count=163 19 113 73 19 50 52
internal_value=0 0.00593498 0.00959746 -0.00954994 0 -0.000943715
internal_weight=47.1924 30.3039 21.8472 16.8885 6.52897 8.4567
internal_count=489 257 186 232 69 71
is_linear=0
shrinkage=0.03


Tree=115
num_leaves=5
num_cat=0
split_feature=24 3 18 3
split_gain=3.1776 2.84002 3.53158 0.553021
threshold=1.0000000180025095e-35 1.0000000180025095e-35 0.12250800000000002 1.0000000180025095e-35
decision_type=10 8 10 10
left_child=1 2 -1 -3
right_child=-2 3 -4 -5
leaf_value=-0.018991255175482589 0.018752924944808395 0.00048444042793000658 0.0011128164631083691 0.013281453329631102
leaf_weight=11.308919284492733 4.9822537228465071 17.901659615337852 11.213392484933136 3.5236898958683005
leaf_count=131 32 249 61 33
internal_value=0.000973097 -0.00147308 -0.00885215 0.00519009
internal_weight=48.9299 43.9477 22.5223 21.4253
internal_count=506 474 192 282
is_linear=0
shrinkage=0.03


Tree=116
num_leaves=6
num_cat=0
split_feature=29 2 23 4 15
split_gain=3.53401 2.14048 2.57185 1.25439 0.324417
threshold=0.58551750000000002 0.78235300000000019 0.51918300000000006 1.0000000180025095e-35 0.15204450000000003
decision_type=2 10 8 10 10
left_child=4 2 -2 -3 -1
right_child=1 3 -4 -5 -6
leaf_value=-0.017489589147586707 0.015469265818455884 -0.015658516795776435 0 0.0023947006872856017 0
leaf_weight=4.7616643421351901 17.621224153786898 3.5582245402038088 19.624003518372774 1.2230868712067602 0.57374620065093029
leaf_count=108 106 39 226 12 4
internal_value=0.00139778 0.00515556 0.00806844 -0.00804222 -0.0158051
internal_weight=47.3619 42.0265 37.2452 4.78131 5.33541
internal_count=495 383 332 51 112
is_linear=0
shrinkage=0.03


Tree=117
num_leaves=5
num_cat=0
split_feature=29 3 17 28
split_gain=3.27689 1.97541 3.67224 0.463169
threshold=0.59491450000000012 1.0000000180025095e-35 0.15576750000000003 0.95385950000000008
decision_type=2 10 8 2
left_child=3 2 -2 -1
right_child=1 -3 -4 -5
leaf_value=0 -0.013483468439718153 0.017176140689026488 0.0061402772676518906 -0.017774998705356197
leaf_weight=0.99978268519043823 8.8642816282808763 5.1531331874430171 27.449714787304401 5.667783334851265
leaf_count=14 67 50 262 122
internal_value=0 0.00375642 0 -0.015497
internal_weight=48.1347 41.4671 36.314 6.66757
internal_count=515 379 329 136
is_linear=0
shrinkage=0.03


Tree=118
num_leaves=5
num_cat=0
split_feature=3 23 23 17
split_gain=3.19036 2.74024 2.25686 1.24311
threshold=1.0000000180025095e-35 0.0097775000000000015 0.51918300000000006 0.49489750000000005
decision_type=10 8 10 8
left_child=1 3 -3 -1
right_child=-2 2 -4 -5
leaf_value=-0.020354338977131278 0.01692699028176926 0.0038427835611119891 -0.014194369504427548 0
leaf_weight=7.0136968046426746 5.0540366619825354 30.903194099664688 4.5964178740978232 1.2612230330705649
leaf_count=98 49 317 37 13
internal_value=0 -0.00347138 0 -0.0163929
internal_weight=48.8286 43.7745 35.4996 8.27492
internal_count=514 465 354 111
is_linear=0
shrinkage=0.03


Tree=119
num_leaves=7
num_cat=0
split_feature=29 22 4 15 16 28
split_gain=3.64952 2.5755 1.53061 1.11897 0.985421 1.1154
threshold=0.78033050000000015 0.039685500000000005 2.5000000000000004 0.021164000000000006 0.45897800000000005 0.97734600000000016
decision_type=2 8 10 10 10 2
left_child=1 2 -1 -3 5 -2
right_child=4 3 -4 -5 -6 -7
leaf_value=-0.019651760906631118 0 -0.0029868978422647207 0.00026490371789741765 0.0091323473656502226 0 0.016987945278305432
leaf_weight=8.0796648934483528 3.3296608999371591 13.318948913365604 0.93244478106498796 7.4736413024365893 1.3429268524050701 13.219945400953291
leaf_count=114 29 187 8 48 8 117
internal_value=0.00141337 -0.0042612 -0.0155421 0.000710553 0.0115564 0.0137145
internal_weight=47.6972 29.8047 9.01211 20.7926 17.8925 16.5496
internal_count=511 357 122 235 154 146
is_linear=0
shrinkage=0.03


Tree=120
num_leaves=7
num_cat=0
split_feature=29 5 28 24 28 24
split_gain=2.32274 1.2976 1.22211 1.14956 1.09989 0.535453
threshold=0.68268400000000007 1.5000000000000002 0.97334950000000009 1.0000000180025095e-35 0.99270800000000003 1.0000000180025095e-35
decision_type=2 10 2 10 2 8
left_child=1 3 5 -1 -4 -2
right_child=2 -3 4 -5 -6 -7
leaf_value=-0.013163553567215033 -0.0085455610201575737 0.0044703009552651152 0.012248519112636707 0.0012042973498500944 0 0.0018877162746367543
leaf_weight=14.48662056773901 3.5066242255270508 2.2738723233342162 18.545781023800377 1.4691792652010924 3.0803685635328284 3.6321892514824867
leaf_count=227 27 11 158 7 29 36
internal_value=0.000413821 -0.00665239 0.00604178 -0.0102767 0.0095427 -0.00129039
internal_weight=46.9946 18.2297 28.765 15.9558 21.6261 7.13881
internal_count=495 245 250 234 187 63
is_linear=0
shrinkage=0.03


Tree=121
num_leaves=4
num_cat=0
split_feature=24 29 28
split_gain=3.39116 2.68009 1.99721
threshold=1.0000000180025095e-35 0.59865050000000009 0.98241700000000021
decision_type=10 2 2
left_child=1 -1 -3
right_child=-2 2 -4
leaf_value=-0.016766148196094267 0.0189520674613535 -0.0047271361429615001 0.0079450126482495664
leaf_weight=6.0258800052106372 5.141243126243352 18.783658925443888 18.279465939849615
leaf_count=132 34 181 160
internal_value=0.000762351 -0.00184942 0.000900861
internal_weight=48.2302 43.089 37.0631
internal_count=507 473 341
is_linear=0
shrinkage=0.03


Tree=122
num_leaves=4
num_cat=0
split_feature=26 3 18
split_gain=2.63745 2.20381 2.07463
threshold=1.0000000180025095e-35 1.0000000180025095e-35 0.12250800000000002
decision_type=10 10 8
left_child=1 2 -1
right_child=-2 -3 -4
leaf_value=-0.014834441247824541 0.016350969801973245 0.013222149892819095 0
leaf_weight=10.083241295069454 5.2401304282248011 3.5598201155662528 28.884749170392752
leaf_count=118 36 36 317
internal_value=0.000303115 -0.00196244 -0.00491042
internal_weight=47.7679 42.5278 38.968
internal_count=507 471 435
is_linear=0
shrinkage=0.03


Tree=123
num_leaves=7
num_cat=0
split_feature=29 5 2 28 24 28
split_gain=3.44491 1.95078 1.47782 1.48708 1.04224 0.471282
threshold=0.68106350000000015 1.5000000000000002 0.17708350000000003 0.96110200000000012 1.0000000180025095e-35 0.98576100000000011
decision_type=2 10 10 2 10 2
left_child=1 4 3 -2 -1 -4
right_child=2 -3 5 -5 -6 -7
leaf_value=-0.014652337062994571 -0.0016765369405669544 0.0073734540022293467 -0.0069058223653800698 0.014491143918265592 0 0.0033262853641120851
leaf_weight=13.560379453003407 1.8665321096777976 1.9445510879158963 4.3404970765113813 19.683090850710869 1.2462300434708602 3.695741705596447
leaf_count=223 17 9 35 179 6 27
internal_value=0.0016762 -0.00756543 0.00804413 0.011835 -0.0121238 0
internal_weight=46.337 16.7512 29.5859 21.5496 14.8066 8.03624
internal_count=496 238 258 196 229 62
is_linear=0
shrinkage=0.03


Tree=124
num_leaves=6
num_cat=0
split_feature=29 5 18 29 22
split_gain=2.89254 1.07796 1.01355 0.897672 0.379702
threshold=0.58551750000000002 1.5000000000000002 0.094779500000000003 0.68106350000000015 0.13270100000000004
decision_type=2 8 10 2 10
left_child=4 3 -3 -2 -1
right_child=1 2 -4 -5 -6
leaf_value=-0.017553335437669713 -0.010006024201466245 0.001545458242624159 0.016877623936286331 0.001872255764151314 0
leaf_weight=4.8941578343510619 4.8546887673437586 20.124466177076105 5.118502113968133 10.892184656113384 0.50629407912492741
leaf_count=120 50 231 27 77 4
internal_value=0 0.00341384 0.00717909 -0.00120471 -0.0157756
internal_weight=46.3903 40.9898 25.243 15.7469 5.40045
internal_count=509 385 258 127 124
is_linear=0
shrinkage=0.03


Tree=125
num_leaves=5
num_cat=0
split_feature=29 28 4 17
split_gain=3.11482 3.10664 0.63435 0.629871
threshold=0.58551750000000002 0.97135850000000012 1.0000000180025095e-35 0.11496450000000001
decision_type=2 2 8 8
left_child=-1 2 -2 -3
right_child=1 3 -4 -5
leaf_value=-0.015349947692708192 -0.0125882498065952 0 0 0.01200936246458641
leaf_weight=4.7622482366859904 4.742002118378875 8.8317757137119752 4.1946498230099687 23.172977585345507
leaf_count=113 44 69 50 215
internal_value=0.00138523 0.00492966 -0.0074128 0.00957299
internal_weight=45.7037 40.9414 8.93665 32.0048
internal_count=491 378 94 284
is_linear=0
shrinkage=0.03


Tree=126
num_leaves=5
num_cat=0
split_feature=3 26 17 2
split_gain=2.49312 3.18922 1.63977 0.624286
threshold=1.0000000180025095e-35 1.0000000180025095e-35 0.20062100000000002 1.0000000180025095e-35
decision_type=10 8 10 10
left_child=1 2 -1 -3
right_child=-2 3 -4 -5
leaf_value=-0.015957216772939434 0.016274421980270154 0.00029816760642844398 0 0.013751064226276578
leaf_weight=12.449663307517769 4.775840286165475 18.184989687055353 8.3235667385160905 3.1185122206807128
leaf_count=127 50 251 61 19
internal_value=0.000105471 -0.0020252 -0.0101687 0.00495619
internal_weight=46.8526 42.0767 20.7732 21.3035
internal_count=508 458 188 270
is_linear=0
shrinkage=0.03


Tree=127
num_leaves=5
num_cat=0
split_feature=24 3 16 3
split_gain=2.83347 2.8439 2.02375 0.869628
threshold=1.0000000180025095e-35 1.0000000180025095e-35 0.22774500000000003 1.0000000180025095e-35
decision_type=10 8 10 10
left_child=1 2 -1 -3
right_child=-2 3 -4 -5
leaf_value=-0.01723404802808182 0.017357354435425808 0 0 0.013296507300315862
leaf_weight=11.412417303770782 4.5542742237448683 17.422120697796348 7.7523602545261374 3.5445675924420348
leaf_count=126 33 247 50 35
internal_value=0 -0.0025213 -0.0105335 0.0039524
internal_weight=44.6857 40.1315 19.1648 20.9667
internal_count=491 458 176 282
is_linear=0
shrinkage=0.03


Tree=128
num_leaves=7
num_cat=0
split_feature=28 19 23 21 15 28
split_gain=1.76478 1.20105 1.27331 0.503631 0.0938671 0.0544833
threshold=0.97135850000000012 0.0097775000000000032 0.68669500000000017 0.29816800000000004 0.081190500000000013 0.95623000000000014
decision_type=2 8 8 8 10 2
left_child=3 4 -3 -1 -2 -5
right_child=1 2 -4 5 -6 -7
leaf_value=-0.0095942946684760087 -0.0057776406128644698 0.014052514645630421 0.00031886400720982554 -0.0012342475856254619 0 0.0023612460744493751
leaf_weight=5.4766615219414208 2.1042893268167968 17.052253663539886 15.812945853918789 1.1002830676734454 0.72135675698518742 4.6744498163461685
leaf_count=62 40 121 199 19 6 60
internal_value=0.00334677 0.00685982 0.00886049 -0.0047902 -0.00384009 0
internal_weight=46.9422 35.6908 32.8652 11.2514 2.82565 5.77473
internal_count=507 366 320 141 46 79
is_linear=0
shrinkage=0.03


Tree=129
num_leaves=6
num_cat=0
split_feature=29 24 3 19 19
split_gain=3.51679 3.28649 1.59757 0.832334 0.150647
threshold=0.78033050000000015 1.0000000180025095e-35 1.0000000180025095e-35 0.035694500000000011 0.080181000000000016
decision_type=2 10 10 10 10
left_child=1 2 -1 -2 -5
right_child=3 -3 -4 4 -6
leaf_value=-0.01292389185941243 0.01388672811127162 0.012737593043507418 0.0042674674643082338 -0.0036034526040189998 0.0030123276953788417
leaf_weight=24.958991639316089 10.457200825214388 2.938254337757825 1.4692983925342549 1.8295062109827984 5.0307443030178547
leaf_count=320 103 20 13 14 36
internal_value=0 -0.00638398 -0.0106111 0.00953194 0
internal_weight=46.684 29.3665 26.4283 17.3175 6.86025
internal_count=506 353 333 153 50
is_linear=0
shrinkage=0.03


Tree=130
num_leaves=5
num_cat=0
split_feature=3 24 22 22
split_gain=2.88877 3.16715 0.841247 0.820296
threshold=1.0000000180025095e-35 1.0000000180025095e-35 0.34860600000000003 0.045065500000000001
decision_type=10 8 8 10
left_child=1 3 -3 -1
right_child=-2 2 -4 -5
leaf_value=-0.018770155395535643 0.015856894043028067 0.012664005170259009 0 -0.0017229453315964554
leaf_weight=8.5330284535884875 4.608606405556201 2.8658753558993366 18.242533747106791 9.9459074474871141
leaf_count=114 49 18 256 57
internal_value=-0.000457608 -0.00404454 0.00275986 -0.0125137
internal_weight=44.196 39.5873 21.1084 18.4789
internal_count=494 445 274 171
is_linear=0
shrinkage=0.03


Tree=131
num_leaves=7
num_cat=0
split_feature=2 3 2 16 16 2
split_gain=2.43968 2.34958 1.86058 0.748572 0.424561 0.0700138
threshold=0.32575750000000009 1.0000000180025095e-35 1.0000000180025095e-35 0.34568950000000004 0.42911300000000008 0.34848450000000003
decision_type=8 8 10 8 8 10
left_child=2 3 4 -2 -1 -3
right_child=1 5 -4 -5 -6 -7
leaf_value=0.0034265505821645505 -0.017245997351603228 0 0.018799275551011616 0 -0.0073142539292954606 0.0052520384706860081
leaf_weight=8.689324663951993 7.3986673913896093 17.049737252295021 7.0997679568827143 2.4002847224473962 1.5769306197762496 1.6784589812159527
leaf_count=71 86 243 40 22 13 18
internal_value=0.00119373 -0.00342817 0.00964575 -0.013748 0 0.00174335
internal_weight=45.8932 28.5271 17.366 9.79895 10.2663 18.7282
internal_count=493 369 124 108 84 261
is_linear=0
shrinkage=0.03


Tree=132
num_leaves=7
num_cat=0
split_feature=28 28 23 2 16 2
split_gain=3.25362 1.78978 1.43601 1.16745 0.981318 0.797837
threshold=0.98241700000000021 0.98791800000000018 0.016871000000000004 0.58947350000000009 0.25237100000000007 0.2950310000000001
decision_type=2 2 10 10 8 10
left_child=2 3 -1 -2 -4 -3
right_child=1 5 4 -5 -6 -7
leaf_value=-0.010725593980595497 0.02025553806510617 -0.0053603939135658564 -0.0029874966327221005 0 0.010858130845652188 0.0077241798902520425
leaf_weight=13.142018979415299 9.6298958398401755 6.0916786193847638 6.283582150936124 1.0489618033170689 4.0018949024379262 4.656587265431881
leaf_count=210 79 73 48 11 24 48
internal_value=0.00194931 0.0101577 -0.00472386 0.0173785 0.0013769 0
internal_weight=44.8546 21.4271 23.4275 10.6789 10.2855 10.7483
internal_count=493 211 282 90 72 121
is_linear=0
shrinkage=0.03


Tree=133
num_leaves=5
num_cat=0
split_feature=24 28 28 7
split_gain=2.35907 2.1654 1.13222 0.798445
threshold=1.0000000180025095e-35 0.98241700000000021 0.98791800000000018 8.0568855000000017
decision_type=10 2 2 10
left_child=1 3 -3 -1
right_child=-2 2 -4 -5
leaf_value=-0.010798864999351275 0.015648159844950858 0.010618428676342422 -0.00060789553009802332 0
leaf_weight=18.172164272516969 5.0532028302550307 9.1284972503781336 10.935782708227633 2.2450233809649935
leaf_count=243 36 82 126 17
internal_value=0.000285843 -0.00188918 0.00391576 -0.00864573
internal_weight=45.5347 40.4815 20.0643 20.4172
internal_count=504 468 208 260
is_linear=0
shrinkage=0.03


Tree=134
num_leaves=5
num_cat=0
split_feature=5 3 15 2
split_gain=1.72558 1.80685 1.69747 1.44813
threshold=1.5000000000000002 1.0000000180025095e-35 0.25245100000000004 0.70833350000000006
decision_type=10 8 10 8
left_child=1 2 -1 -2
right_child=3 -3 -4 -5
leaf_value=-0.012345633409201763 0.017992813315625484 0.0058139373810198276 0.0032283119960182342 0
leaf_weight=11.868996143341066 7.7001992575824234 20.795369010418653 4.9930759891867629 1.7311144992709167
leaf_count=138 44 282 30 15
internal_value=0.00348334 0 -0.00643251 0.013184
internal_weight=47.0888 37.6574 16.8621 9.43131
internal_count=509 450 168 59
is_linear=0
shrinkage=0.03


Tree=135
num_leaves=5
num_cat=0
split_feature=2 5 4 4
split_gain=2.3317 2.73675 1.82502 0.999209
threshold=0.70833350000000006 1.5000000000000002 1.0000000180025095e-35 1.0000000180025095e-35
decision_type=10 10 10 8
left_child=1 3 -2 -1
right_child=2 -3 -4 -5
leaf_value=-0.0065309447072358032 -0.018882149520714233 0.01761398210675217 0.0030522309748867581 0.003700043920206422
leaf_weight=10.298415848985316 5.0873730909079304 7.7588099911808959 1.2918018102645872 21.255622643977404
leaf_count=86 77 45 13 286
internal_value=0.00108424 0.00454711 -0.0116863 0
internal_weight=45.692 39.3128 6.37917 31.554
internal_count=507 417 90 372
is_linear=0
shrinkage=0.03


Tree=136
num_leaves=6
num_cat=0
split_feature=29 28 18 15 28
split_gain=2.84589 1.62762 1.02576 0.340773 0.0792386
threshold=0.59491450000000012 0.96563950000000009 0.15043700000000002 0.25245100000000004 0.95910000000000017
decision_type=2 2 8 10 2
left_child=3 4 -3 -1 -2
right_child=1 2 -4 -5 -6
leaf_value=-0.016891575599770121 -0.010282790576310839 0 0.0091936882071404977 0 0
leaf_weight=5.3744116798043242 2.514073383063077 11.163630012422798 24.860498737543821 0.48984842002391804 2.0026232525706291
leaf_count=132 30 99 233 4 23
internal_value=0 0.00331528 0.00605702 -0.0153284 -0.00825093
internal_weight=46.4051 40.5408 36.0241 5.86426 4.5167
internal_count=521 385 332 136 53
is_linear=0
shrinkage=0.03


Tree=137
num_leaves=6
num_cat=0
split_feature=29 28 2 21 28
split_gain=2.35241 1.69645 1.5684 0.565981 0.445631
threshold=0.58551750000000002 0.97191600000000011 0.70833350000000006 0.12386950000000001 0.95985350000000014
decision_type=2 2 10 10 2
left_child=4 3 -3 -2 -1
right_child=1 2 -4 -5 -6
leaf_value=0 -0.0081410940142000524 0.011284868345017289 -0.0024375567681680977 0.0011359154777965388 -0.01527446294061199
leaf_weight=0.83138471841812034 6.8998168483376485 26.558552276343111 4.4348541609942904 2.7181676551699638 4.0120801236480474
leaf_count=12 87 239 44 16 107
internal_value=0.00171137 0.00484602 0.00839697 -0.00349501 -0.0125477
internal_weight=45.4549 40.6114 30.9934 9.61798 4.84346
internal_count=505 386 283 103 119
is_linear=0
shrinkage=0.03


Tree=138
num_leaves=6
num_cat=0
split_feature=29 23 23 9 18
split_gain=1.76766 1.03119 0.824967 0.328307 0.175464
threshold=0.58551750000000002 0.51918300000000006 0.0063255000000000013 8.3854985000000024 0.32726500000000008
decision_type=2 10 10 10 10
left_child=4 2 -2 -3 -1
right_child=1 3 -4 -5 -6
leaf_value=-0.013273225229733166 6.8411225605454301e-05 -0.0087852192716058996 0.010369248246973935 0 0
leaf_weight=4.0545502714812747 21.554716065526009 3.5128942169249049 15.518887046724556 1.1916882395744322 0.54537538811564434
leaf_count=109 255 30 95 9 4
internal_value=0.000667264 0.00343366 0.0055824 -0.00518573 -0.0119481
internal_weight=46.3781 41.7782 37.0736 4.70458 4.59993
internal_count=502 389 350 39 113
is_linear=0
shrinkage=0.03


Tree=139
num_leaves=6
num_cat=0
split_feature=5 29 24 2 29
split_gain=3.00375 2.8246 2.05781 1.24717 0.35287
threshold=1.5000000000000002 0.78033050000000015 1.0000000180025095e-35 0.70833350000000006 0.81102800000000019
decision_type=10 2 10 8 2
left_child=1 2 -1 -2 -3
right_child=3 4 -4 -5 -6
leaf_value=-0.012987589366920299 0.01731846654017935 0.012296027359018189 0.0059967449170846071 0 0
leaf_weight=21.180204411968592 8.3430036716163123 2.7631753496825686 2.241614304482936 1.5479054898023612 9.9712266027927381
leaf_count=319 50 25 12 14 100
internal_value=0.000247921 -0.00330128 -0.00956066 0.0132982 0.0059325
internal_weight=46.0471 36.1562 23.4218 9.89091 12.7344
internal_count=520 456 331 64 125
is_linear=0
shrinkage=0.03


Tree=140
num_leaves=5
num_cat=0
split_feature=29 28 18 28
split_gain=2.167 1.6702 1.71235 0.408269
threshold=0.59491450000000012 0.96110200000000012 0.12250800000000002 0.95623000000000014
decision_type=2 2 10 2
left_child=3 -2 -3 -1
right_child=1 2 -4 -5
leaf_value=0 -0.0098886454256860053 0 0.014261876747967691 -0.015467090272516906
leaf_weight=0.89616484567522903 3.2190111204981795 25.470206450670958 11.234158035367726 4.769346771761775
leaf_count=14 38 280 64 123
internal_value=0 0.00327036 0.00583998 -0.0131182
internal_weight=45.5889 39.9234 36.7044 5.66551
internal_count=519 382 344 137
is_linear=0
shrinkage=0.03


Tree=141
num_leaves=6
num_cat=0
split_feature=4 18 24 23 23
split_gain=1.80083 2.17087 1.72032 1.14853 0.588063
threshold=1.0000000180025095e-35 0.15043700000000002 1.0000000180025095e-35 0.0097775000000000015 0.72916550000000013
decision_type=10 8 10 10 10
left_child=1 2 -1 -3 -2
right_child=4 3 -4 -5 -6
leaf_value=-0.017739879120869096 0.015935750992293808 -0.0016303943922214258 0.0017664753218586888 0.009719104401727692 0
leaf_weight=8.7126563973724807 4.485294494777917 19.307947810739282 1.6476478576660163 7.8517231903970233 0.99852026253938664
leaf_count=119 47 267 9 44 6
internal_value=0 -0.00247959 -0.0126922 0.00129638 0.0127151
internal_weight=43.0038 37.52 10.3603 27.1597 5.48381
internal_count=492 439 128 311 53
is_linear=0
shrinkage=0.03


Tree=142
num_leaves=5
num_cat=0
split_feature=29 3 7 15
split_gain=1.88272 0.904665 1.40133 0.287178
threshold=0.58551750000000002 1.0000000180025095e-35 1.0000000180025095e-35 0.25245100000000004
decision_type=2 10 10 10
left_child=3 2 -2 -1
right_child=1 -3 -4 -5
leaf_value=-0.013725620918865727 0.0037320521861913527 0.014179999294016567 -0.011599106404843072 0
leaf_weight=4.282548312097787 31.848285846412182 3.9583301469683638 2.9552039727568618 0.43320710957050312
leaf_count=118 311 46 20 3
internal_value=0.000795192 0.00382286 0.000819516 -0.0120132
internal_weight=43.4776 38.7618 34.8035 4.71576
internal_count=498 377 331 121
is_linear=0
shrinkage=0.03


Tree=143
num_leaves=7
num_cat=0
split_feature=22 23 29 28 28 9
split_gain=2.42106 1.96203 1.94583 1.13096 0.58279 0.243445
threshold=0.039685500000000005 1.0000000180025095e-35 0.7008795000000001 0.97135850000000012 0.98590300000000008 8.4592630000000018
decision_type=10 10 2 2 2 10
left_child=2 -2 5 -3 -4 -1
right_child=1 3 4 -5 -6 -7
leaf_value=-0.013203739360519447 -0.0065639156455230751 0 -0.0019618115992480678 0.017038416632769338 0.0071334031305048673 0
leaf_weight=12.499310538172722 1.8323962539434457 3.4169066175818434 8.6181536316871625 10.80500093474984 6.7229747101664534 0.56093526631593782
leaf_count=228 17 24 95 67 70 4
internal_value=0 0.00866975 -0.00487653 0.013176 0.000903176 -0.0124341
internal_weight=44.4557 16.0543 28.4014 14.2219 15.3411 13.0602
internal_count=505 108 397 91 165 232
is_linear=0
shrinkage=0.03


Tree=144
num_leaves=5
num_cat=0
split_feature=3 26 5 29
split_gain=2.4721 2.22366 1.43152 1.18256
threshold=1.0000000180025095e-35 1.0000000180025095e-35 1.5000000000000002 0.59491450000000012
decision_type=10 8 10 2
left_child=1 2 -1 -3
right_child=-2 3 -4 -5
leaf_value=-0.014361718399109545 0.015668708387530803 -0.0077061917507694729 0 0.0067628879560408372
leaf_weight=13.794864291325213 4.5605499595403662 2.42240992933512 5.8447387143969527 17.477565061300993
leaf_count=153 52 67 29 201
internal_value=0 -0.00294406 -0.00980319 0.00291273
internal_weight=44.1001 39.5396 19.6396 19.9
internal_count=502 450 182 268
is_linear=0
shrinkage=0.03


Tree=145
num_leaves=7
num_cat=0
split_feature=28 17 29 2 23 5
split_gain=2.45517 1.36169 1.17284 1.21412 0.853196 0.569008
threshold=0.98241700000000021 0.11496450000000001 0.68106350000000015 0.17708350000000003 0.26113950000000008 1.5000000000000002
decision_type=2 10 2 10 10 10
left_child=2 -2 5 -4 -3 -1
right_child=1 4 3 -5 -6 -7
leaf_value=-0.014860229743653277 0 0.020964826366507358 0.0048959269352671503 -0.011387767409417117 0 0
leaf_weight=8.0620139632374048 15.462521294131877 4.571991652250289 10.911841034889219 2.8546702042222014 1.8656373023986814 0.76138355582952577
leaf_count=151 184 25 100 25 12 4
internal_value=5.58902e-05 0.00732129 -0.00584789 0 0.0164704 -0.0127786
internal_weight=44.4901 21.9002 22.5899 13.7665 6.43763 8.8234
internal_count=501 221 280 125 37 155
is_linear=0
shrinkage=0.03


Tree=146
num_leaves=5
num_cat=0
split_feature=3 22 18 15
split_gain=1.57261 1.58321 2.04975 0.9787
threshold=1.0000000180025095e-35 0.039685500000000005 0.15043700000000002 0.0032590000000000002
decision_type=10 8 10 10
left_child=1 3 -3 -1
right_child=-2 2 -4 -5
leaf_value=0 0.013700682553200758 -0.0028108291599042343 0.012312058611759717 -0.016606832416688325
leaf_weight=4.3388670030981284 3.8387391157448283 22.412327809259299 8.0875893682241422 5.7046763189136982
leaf_count=73 48 288 42 53
internal_value=0 -0.00173884 0.00104721 -0.0107943
internal_weight=44.3822 40.5435 30.4999 10.0435
internal_count=504 456 330 126
is_linear=0
shrinkage=0.03


Tree=147
num_leaves=7
num_cat=0
split_feature=23 23 28 22 28 21
split_gain=1.95136 2.68987 1.19255 0.831119 0.77394 0.37298
threshold=0.0074560000000000008 0.51918300000000006 0.98241700000000021 0.040699500000000007 0.98791800000000018 0.090908500000000017
decision_type=10 10 2 10 2 10
left_child=2 3 -1 -2 -4 -3
right_child=1 5 4 -5 -6 -7
leaf_value=-0.0097810984174967145 0 -0.0099377659771951714 0.008858799183283507 0.017920473556601313 -0.0026654772842522405 0
leaf_weight=12.492209624499084 4.5589450672268894 3.2787334434688082 5.0414909198880178 10.225548226386307 7.6765128616243601 1.0804126411676405
leaf_count=208 32 32 59 61 109 8
internal_value=0.000738399 0.007845 -0.00385502 0.0140271 0.000813077 -0.00621658
internal_weight=44.3539 19.1436 25.2102 14.7845 12.718 4.35915
internal_count=509 133 376 93 168 40
is_linear=0
shrinkage=0.03


Tree=148
num_leaves=5
num_cat=0
split_feature=29 28 22 28
split_gain=1.71911 1.49584 1.13726 0.48021
threshold=0.58551750000000002 0.96110200000000012 0.043352000000000009 0.95985350000000014
decision_type=2 2 8 2
left_child=3 -2 -3 -1
right_child=1 2 -4 -5
leaf_value=0 -0.0089915531946134983 -0.00021587382162362832 0.0091130572218442955 -0.014411989861637782
leaf_weight=0.72819705307483573 2.7729724235832682 9.3807185851037485 27.329754516482353 3.7810244020074606
leaf_count=10 34 84 264 111
internal_value=0.000983023 0.00380892 0.00613753 -0.0114022
internal_weight=43.9927 39.4834 36.7105 4.50922
internal_count=503 382 348 121
is_linear=0
shrinkage=0.03


Tree=149
num_leaves=5
num_cat=0
split_feature=24 21 6 16
split_gain=1.79048 1.19777 0.97794 0.817618
threshold=1.0000000180025095e-35 0.12386950000000001 7.1610060000000004 0.39997000000000005
decision_type=10 8 10 8
left_child=1 2 -1 -3
right_child=-2 3 -4 -5
leaf_value=-0.010148248441187909 0.015599712191468024 0.010671646963713517 0.0024560552784787127 0
leaf_weight=13.598553357645867 3.9075862653553477 5.4479044303298023 1.9581096693873394 18.751876931637526
leaf_count=154 31 32 23 263
internal_value=0.00128429 -0.000416919 -0.0068045 0.00288395
internal_weight=43.664 39.7564 15.5567 24.1998
internal_count=503 472 177 295
is_linear=0
shrinkage=0.03


Tree=150
num_leaves=5
num_cat=0
split_feature=26 29 22 19
split_gain=1.93074 1.46052 1.2 0.885454
threshold=1.0000000180025095e-35 0.78033050000000015 0.045065500000000001 0.035694500000000011
decision_type=10 2 8 10
left_child=1 2 -1 -3
right_child=-2 3 -4 -5
leaf_value=-0.012939070282922117 0.015874155566669792 0.010029498210357327 0 -0.00054652321126056301
leaf_weight=8.1762635577470082 4.1882791146636 10.203638978302477 16.955165361985564 4.845612194389104
leaf_count=123 35 105 210 34
internal_value=0.00133132 -0.000487363 -0.00530306 0.00543724
internal_weight=44.369 40.1807 25.1314 15.0493
internal_count=507 472 333 139
is_linear=0
shrinkage=0.03


Tree=151
num_leaves=6
num_cat=0
split_feature=29 23 17 22 21
split_gain=2.06608 1.30171 0.828058 0.819307 0.350649
threshold=0.59491450000000012 0.51918300000000006 0.11496450000000001 0.045065500000000001 0.090908500000000017
decision_type=2 10 8 10 10
left_child=3 2 -2 -1 -3
right_child=1 4 -4 -5 -6
leaf_value=-0.016310953464109896 0 -0.0097588064849942688 0.0087758276976737798 0 0
leaf_weight=4.4151451699435702 7.0030577257275572 3.2307807244360438 26.635145340114832 1.0655940324068067 1.0668658614158628
leaf_count=124 62 30 270 7 8
internal_value=0.000644772 0.0039644 0.00647716 -0.0120694 -0.00616986
internal_weight=43.4166 37.9358 33.6382 5.48074 4.29765
internal_count=501 370 332 131 38
is_linear=0
shrinkage=0.03


Tree=152
num_leaves=5
num_cat=0
split_feature=24 4 18 17
split_gain=2.89156 1.92965 2.7265 0.288804
threshold=1.0000000180025095e-35 1.0000000180025095e-35 0.12250800000000002 0.20062100000000002
decision_type=10 10 8 10
left_child=1 2 -1 -3
right_child=-2 3 -4 -5
leaf_value=-0.020260500350151128 0.01590314959983679 0.011530425233427531 -0.00087518715949551655 0
leaf_weight=7.941969020292162 4.0831219293177119 2.9569726511836048 26.418330643326044 0.78703458979725827
leaf_count=111 33 32 307 8
internal_value=-0.000993432 -0.00456241 -0.00742597 0.00888222
internal_weight=42.1874 38.1043 34.3603 3.74401
internal_count=491 458 418 40
is_linear=0
shrinkage=0.03


Tree=153
num_leaves=7
num_cat=0
split_feature=29 2 5 3 18 17
split_gain=2.36849 2.11491 1.33082 1.01845 0.393281 0.164803
threshold=0.68106350000000015 0.17708350000000003 1.5000000000000002 1.0000000180025095e-35 0.024923500000000005 0.039609500000000013
decision_type=2 8 10 10 10 10
left_child=2 5 3 -1 -3 -2
right_child=1 4 -4 -5 -6 -7
leaf_value=-0.014339633686007637 0 0.0017957063354148927 0.0037110429848336338 0 -0.0060089100805029907 0.016012686079571899
leaf_weight=13.004612682387229 1.1070579364895845 12.464158009737732 1.7984521239995945 0.85564947873354036 5.4218595251440993 8.4688547365367395
leaf_count=237 7 148 8 6 43 55
internal_value=0 0.00540205 -0.00816096 -0.011867 0 0.014901
internal_weight=43.1206 27.4619 15.6587 13.8603 17.886 9.57591
internal_count=504 253 251 243 191 62
is_linear=0
shrinkage=0.03


Tree=154
num_leaves=5
num_cat=0
split_feature=3 18 28 15
split_gain=2.26753 2.23975 1.26481 0.65911
threshold=1.0000000180025095e-35 0.12250800000000002 0.97135850000000012 0.51299900000000009
decision_type=10 8 2 10
left_child=1 3 -3 -1
right_child=-2 2 -4 -5
leaf_value=-0.016305465223124177 0.014529771156038568 -0.0082423912540390571 0.0044375089757918203 0
leaf_weight=8.8285626042634213 4.1498086117207995 6.5645753704011467 21.81220050342381 0.80023222416639406
leaf_count=124 52 96 229 5
internal_value=-0.000317932 -0.00361515 4.04564e-05 -0.0142144
internal_weight=42.1554 38.0056 28.3768 9.62879
internal_count=506 454 325 129
is_linear=0
shrinkage=0.03


Tree=155
num_leaves=7
num_cat=0
split_feature=28 21 29 2 4 22
split_gain=1.76899 1.50169 1.22114 1.00154 0.63068 0.595639
threshold=0.98241700000000021 0.11378600000000001 0.61638450000000011 1.0000000180025095e-35 1.0000000180025095e-35 0.43257100000000004
decision_type=2 8 2 8 10 8
left_child=1 4 -2 -4 -1 -3
right_child=2 5 3 -5 -6 -7
leaf_value=-0.014885856524060161 -0.0027424777057645884 0.0081852173099478415 0 0.013236975098923577 0 -0.0013036097973088761
leaf_weight=6.7301547639071968 2.648143999278548 4.9766060672700378 2.5097270682454136 16.584022432565689 0.76988357305526722 9.6881020851433277
leaf_count=91 56 33 21 156 7 140
internal_value=0.00171707 -0.00319485 0.00771726 0.0107012 -0.0122997 0.00106143
internal_weight=43.9066 22.1647 21.7419 19.0937 7.50004 14.6647
internal_count=504 271 233 177 98 173
is_linear=0
shrinkage=0.03


Tree=156
num_leaves=5
num_cat=0
split_feature=24 4 19 17
split_gain=3.21224 2.66874 2.41934 0.13243
threshold=1.0000000180025095e-35 1.0000000180025095e-35 0.28423350000000008 0.20602400000000001
decision_type=10 10 8 10
left_child=1 2 -1 -3
right_child=-2 3 -4 -5
leaf_value=-0.016862507727886299 0.016822395652715792 0.012809108315977176 0 0
leaf_weight=12.660844918340443 4.4714384488761416 3.3250502757728091 22.319921903312206 0.85528016835451115
leaf_count=135 37 36 304 7
internal_value=-0.000580939 -0.00433523 -0.00774056 0.0113106
internal_weight=43.6325 39.1611 34.9808 4.18033
internal_count=519 482 439 43
is_linear=0
shrinkage=0.03


Tree=157
num_leaves=6
num_cat=0
split_feature=4 18 24 23 17
split_gain=1.6211 2.23699 1.88399 1.88222 0.291291
threshold=1.0000000180025095e-35 0.15043700000000002 1.0000000180025095e-35 0.57592050000000017 0.27206100000000005
decision_type=10 10 8 8 10
left_child=1 2 -1 -3 -2
right_child=4 3 -4 -5 -6
leaf_value=-0.016650555856591517 0.015007984976431672 0.012922873876554802 0 -0.0074391032969699615 0
leaf_weight=8.2631467767059821 4.0781121142208567 9.87346555292606 17.759559746831656 1.6496351435780532 0.90486598759889592
leaf_count=116 45 56 256 16 7
internal_value=3.04523e-05 -0.00176925 -0.00701206 0.00700767 0.0129178
internal_weight=42.5288 37.5458 26.0227 11.5231 4.98298
internal_count=496 444 372 72 52
is_linear=0
shrinkage=0.03


end of trees

feature_importances:
embedding_cosine_gte_multilingual_base=92
reranker_score_gte_multilingual_reranker_base=91
shared_title_count_capped=70
has_shared_contact_exact=69
shared_description_count_capped=61
description_length_median_percentile_gap_abs=43
max_category_share_percentile_gap_abs=42
profile_category_jaccard=39
repeated_description_share_percentile_gap_abs=32
shared_category_count_capped=31
repeated_title_share_percentile_gap_abs=30
shared_contact_count_capped=25
title_length_median_percentile_gap_abs=23
item_count_percentile_gap_abs=22
price_median_percentile_gap_abs=14
digit_ratio_mean_percentile_gap_abs=13
shared_description_idf_sum=8
punct_ratio_mean_percentile_gap_abs=7
shared_description_idf_mean=4
same_market_raw_bool=2
same_source_dataset_bool=1
shared_title_idf_sum=1
shared_title_idf_mean=1
shared_low_df_sentence_count=1
shared_rare_ngram_count=1

parameters:
[boosting: gbdt]
[objective: binary]
[metric: binary_logloss,auc]
[tree_learner: serial]
[device_type: cpu]
[data_sample_strategy: bagging]
[data: ]
[valid: ]
[num_iterations: 160]
[learning_rate: 0.03]
[num_leaves: 7]
[num_threads: 0]
[seed: 20260321]
[deterministic: 1]
[force_col_wise: 1]
[force_row_wise: 0]
[histogram_pool_size: -1]
[max_depth: 3]
[min_data_in_leaf: 10]
[min_sum_hessian_in_leaf: 0.001]
[bagging_fraction: 0.8]
[pos_bagging_fraction: 1]
[neg_bagging_fraction: 1]
[bagging_freq: 1]
[bagging_seed: 20260321]
[bagging_by_query: 0]
[feature_fraction: 0.6]
[feature_fraction_bynode: 1]
[feature_fraction_seed: 20260321]
[extra_trees: 0]
[extra_seed: 14909]
[early_stopping_round: 0]
[early_stopping_min_delta: 0]
[first_metric_only: 0]
[max_delta_step: 0]
[lambda_l1: 1]
[lambda_l2: 3]
[linear_lambda: 0]
[min_gain_to_split: 0.05]
[drop_rate: 0.1]
[max_drop: 50]
[skip_drop: 0.5]
[xgboost_dart_mode: 0]
[uniform_drop: 0]
[drop_seed: 4518]
[top_rate: 0.2]
[other_rate: 0.1]
[min_data_per_group: 100]
[max_cat_threshold: 32]
[cat_l2: 10]
[cat_smooth: 10]
[max_cat_to_onehot: 4]
[top_k: 20]
[monotone_constraints: ]
[monotone_constraints_method: basic]
[monotone_penalty: 0]
[feature_contri: ]
[forcedsplits_filename: ]
[refit_decay_rate: 0.9]
[cegb_tradeoff: 1]
[cegb_penalty_split: 0]
[cegb_penalty_feature_lazy: ]
[cegb_penalty_feature_coupled: ]
[path_smooth: 0]
[interaction_constraints: ]
[verbosity: -1]
[saved_feature_importance_type: 0]
[use_quantized_grad: 0]
[num_grad_quant_bins: 4]
[quant_train_renew_leaf: 0]
[stochastic_rounding: 1]
[linear_tree: 0]
[max_bin: 255]
[max_bin_by_feature: ]
[min_data_in_bin: 3]
[bin_construct_sample_cnt: 200000]
[data_random_seed: 20260321]
[is_enable_sparse: 1]
[enable_bundle: 1]
[use_missing: 1]
[zero_as_missing: 0]
[feature_pre_filter: 1]
[pre_partition: 0]
[two_round: 0]
[header: 0]
[label_column: ]
[weight_column: ]
[group_column: ]
[ignore_column: ]
[categorical_feature: ]
[forcedbins_filename: ]
[precise_float_parser: 0]
[parser_config_file: ]
[objective_seed: 21012]
[num_class: 1]
[is_unbalance: 0]
[scale_pos_weight: 1]
[sigmoid: 1]
[boost_from_average: 1]
[reg_sqrt: 0]
[alpha: 0.9]
[fair_c: 1]
[poisson_max_delta_step: 0.7]
[tweedie_variance_power: 1.5]
[lambdarank_truncation_level: 30]
[lambdarank_norm: 1]
[label_gain: ]
[lambdarank_position_bias_regularization: 0]
[eval_at: ]
[multi_error_top_k: 1]
[auc_mu_weights: ]
[num_machines: 1]
[local_listen_port: 12400]
[time_out: 120]
[machine_list_filename: ]
[machines: ]
[gpu_platform_id: -1]
[gpu_device_id: -1]
[gpu_use_dp: 0]
[num_gpu: 1]

end of parameters

pandas_categorical:null
