tree
version=v4
num_class=1
num_tree_per_iteration=1
label_index=0
max_feature_idx=25
objective=binary sigmoid:1
feature_names=same_market_raw_bool same_source_dataset_bool profile_category_jaccard shared_title_count_capped shared_description_count_capped shared_category_count_capped shared_title_idf_sum shared_description_idf_sum shared_title_idf_mean shared_description_idf_mean boilerplate_ratio_max boilerplate_ratio_gap_abs shared_boilerplate_count shared_low_df_sentence_count shared_rare_ngram_count item_count_percentile_gap_abs price_median_percentile_gap_abs title_length_median_percentile_gap_abs description_length_median_percentile_gap_abs digit_ratio_mean_percentile_gap_abs punct_ratio_mean_percentile_gap_abs repeated_title_share_percentile_gap_abs repeated_description_share_percentile_gap_abs max_category_share_percentile_gap_abs embedding_cosine_gte_multilingual_base reranker_score_gte_multilingual_reranker_base
feature_infos=[0:1] [0:1] [0:1] [0:5] [0:5] [0:5] [0:70.616864000000007] [0:79.443972000000002] [0:8.8271080000000008] [0:8.8271080000000008] [0:0.20000000000000001] [0:0.20000000000000001] [0:1] [0:9] [0:8] [0:0.70916299999999999] [0:0.96791400000000005] [0:0.92293000000000003] [0:0.88129299999999999] [0:0.87677300000000002] [0:0.92379500000000003] [0:0.78087600000000001] [0:0.625498] [0:0.98619599999999996] [0.88623300000000005:0.99821599999999999] [0.41123199999999999:0.96361600000000003]
tree_sizes=678 671 878 567 570 775 575 570 836 778 658 766 770 580 683 877 683 886 569 849 861 683 657 638 571 772 582 567 745 664 826 568 660 576 653 834 570 839 664 767 579 821 754 654 641 571 569 687 877 755 568 644 839 664 660 767 660 734 739 834 672 670 663 749 671 864 568 755 572 676 848 672 659 758 746 860 760 835 872 644 652 744 867 842 650 766 725 765 668 746 754 655 866 739 747 746 718 858 663 851 672 758 838 665 642 653 770 657 870 663 652 749 828 654 642 672 821 683 659 873 656 647 827 764 653 824 646 750 785 655 820 660 653 661 872 661 760 791 659 865 738 842 835 858 657 677 866 654 573 572 756 739 650 666 781 867 752 764 749 873

Tree=0
num_leaves=5
num_cat=0
split_feature=3 22 24 5
split_gain=54.1764 45.5145 12.0133 0.618554
threshold=1.0000000180025095e-35 0.040069000000000007 0.97677600000000009 1.5000000000000002
decision_type=10 8 2 10
left_child=1 3 -3 -1
right_child=-2 2 -4 -5
leaf_value=-0.044870379023544238 0.045827143537383132 -0.011387940227074327 0.018461752225578561 -0.005681633098104601
leaf_weight=21.998319774866108 15.107364028692244 16.934716202318668 26.192921042442322 3.1887154728174201
leaf_count=110 44 137 194 14
internal_value=-0.000174731 -0.0122683 0.00611211 -0.0421061
internal_weight=83.422 68.3147 43.1276 25.187
internal_count=499 455 331 124
is_linear=0
shrinkage=1


Tree=1
num_leaves=5
num_cat=0
split_feature=4 18 2 15
split_gain=65.8419 23.5527 5.4945 4.76804
threshold=1.0000000180025095e-35 0.12250800000000002 0.47222200000000009 0.17874250000000003
decision_type=10 8 10 10
left_child=1 3 -3 -1
right_child=-2 2 -4 -5
leaf_value=-0.041412278956046315 0.045816542193071512 0.0045748677850168881 -0.022766167095741516 -0.00087471849446748792
leaf_weight=20.592284381389621 18.096738874912262 35.792863182723522 4.974446475505828 4.822307437658309
leaf_count=102 53 301 24 20
internal_value=-0.0002446 -0.0147138 0 -0.0356807
internal_weight=84.2786 66.1819 40.7673 25.4146
internal_count=500 447 325 122
is_linear=0
shrinkage=0.03


Tree=2
num_leaves=7
num_cat=0
split_feature=25 4 23 23 20 15
split_gain=64.2508 22.8735 11.9232 11.2828 2.98794 2.13567
threshold=0.67584300000000008 1.0000000180025095e-35 0.0097775000000000015 0.0074560000000000008 0.45322100000000004 0.051011500000000008
decision_type=2 8 10 10 8 10
left_child=3 2 -2 -1 -3 -5
right_child=1 4 -4 5 -6 -7
leaf_value=-0.040318038882310205 -0.030300494117270524 0.047504385287141751 0.01162578423675501 0.011455713799211127 0.016979835903614023 -0.010938624036524345
leaf_weight=22.366729319095615 5.785813823342326 17.139732927083973 16.727202400565147 3.7722285836935026 13.962790332734583 5.6362530887126923
leaf_count=183 29 49 62 13 140 25
internal_value=0.00190355 0.0218647 -0.000269286 -0.0298956 0.03738 0
internal_weight=85.3908 53.6155 22.513 31.7752 31.1025 9.40848
internal_count=501 280 91 221 189 38
is_linear=0
shrinkage=0.03


Tree=3
num_leaves=4
num_cat=0
split_feature=4 23 25
split_gain=66.2552 34.2365 13.8466
threshold=1.0000000180025095e-35 0.0074560000000000008 0.64408250000000011
decision_type=10 8 2
left_child=1 -1 -3
right_child=-2 2 -4
leaf_value=-0.04513908823445948 0.044746891375686597 -0.027777567700407478 0.0085469574097287067
leaf_weight=21.039718344807625 17.838977441191673 9.5905874595046026 34.605729468166828
leaf_count=107 52 103 242
internal_value=-0.00175397 -0.0163177 0
internal_weight=83.075 65.236 44.1963
internal_count=504 452 345
is_linear=0
shrinkage=0.03


Tree=4
num_leaves=4
num_cat=0
split_feature=3 23 23
split_gain=66.8961 34.2794 5.50387
threshold=1.0000000180025095e-35 0.0074560000000000008 0.096218500000000012
decision_type=10 8 8
left_child=1 -1 -3
right_child=-2 2 -4
leaf_value=-0.044126085759217247 0.045292536975433804 0.020729490178268431 -0.0044797267718523605
leaf_weight=20.980758711695671 18.632605195045471 6.6086252480745307 38.08772811293602
leaf_count=107 54 22 317
internal_value=-0.000380958 -0.0151878 0
internal_weight=84.3097 65.6771 44.6964
internal_count=500 446 339
is_linear=0
shrinkage=0.03


Tree=5
num_leaves=6
num_cat=0
split_feature=25 4 2 25 23
split_gain=63.7218 24.5613 15.4996 4.19385 3.35008
threshold=0.63011150000000016 1.0000000180025095e-35 0.32575750000000009 0.7008795000000001 0.0074560000000000008
decision_type=2 8 10 2 10
left_child=4 2 -2 -3 -1
right_child=1 3 -4 -5 -6
leaf_value=-0.043476416320734068 0.012950678571662138 0.0030502767268412124 -0.027197022817182896 0.037118171839705248 -0.00038158771705527271
leaf_weight=20.436396263539795 16.870670750737194 6.5212926715612403 11.960307627916334 27.053529784083366 3.3366626948118201
leaf_count=157 62 58 57 159 14
internal_value=0 0.015672 -0.00375537 0.0321143 -0.0392689
internal_weight=86.1789 62.4058 28.831 33.5748 23.7731
internal_count=507 336 119 217 171
is_linear=0
shrinkage=0.03


Tree=6
num_leaves=4
num_cat=0
split_feature=25 4 21
split_gain=58.7004 20.3932 17.4376
threshold=0.63011150000000016 1.0000000180025095e-35 0.094693500000000014
decision_type=2 10 8
left_child=-1 2 -2
right_child=1 -3 -4
leaf_value=-0.039509347191721479 -0.018119708274468148 0.040156944474721484 0.016780160422882676
leaf_weight=22.280234843492508 18.000787138938904 16.449908167123795 29.538190759718418
leaf_count=166 81 49 221
internal_value=-0.000249681 0.0141295 0.00268046
internal_weight=86.2691 63.9889 47.539
internal_count=517 351 302
is_linear=0
shrinkage=0.03


Tree=7
num_leaves=4
num_cat=0
split_feature=4 23 21
split_gain=51.1908 29.5371 10.8942
threshold=1.0000000180025095e-35 0.0074560000000000008 0.094693500000000014
decision_type=10 8 10
left_child=1 -1 -3
right_child=-2 2 -4
leaf_value=-0.040960706833161387 0.04060090585323653 -0.0077707484868032705 0.022546059828473155
leaf_weight=19.582907617092133 18.088802695274353 34.700665526092052 11.814841553568838
leaf_count=101 54 306 40
internal_value=0 -0.0127927 0.000223241
internal_weight=84.1872 66.0984 46.5155
internal_count=501 447 346
is_linear=0
shrinkage=0.03


Tree=8
num_leaves=7
num_cat=0
split_feature=25 24 21 20 23 24
split_gain=42.6514 9.62853 6.5042 5.63125 4.99805 1.92683
threshold=0.65221600000000013 0.97482450000000009 0.07482900000000002 0.23375250000000003 0.044553000000000002 0.9924940000000001
decision_type=2 2 8 10 10 2
left_child=4 2 -2 -3 5 -1
right_child=1 3 -4 -5 -6 -7
leaf_value=-0.039243428366655876 -0.026292605195294944 0.026114546243062999 0.0079783557355316646 -0.00046620396578379543 0 0
leaf_weight=17.920877799391754 4.7810605019330952 34.844791620969772 9.5217408016324043 6.0392283052206031 5.3453739881515494 1.3639714047312725
leaf_count=146 24 184 62 25 22 9
internal_value=0 0.0145979 -0.00431615 0.0217411 -0.0306679 -0.0369861
internal_weight=79.817 55.1868 14.3028 40.884 24.6302 19.2848
internal_count=472 295 86 209 177 155
is_linear=0
shrinkage=0.03


Tree=9
num_leaves=6
num_cat=0
split_feature=25 24 21 6 18
split_gain=47.488 10.9881 10.4556 4.23127 1.12686
threshold=0.63011150000000016 0.97482450000000009 0.13168750000000004 8.6832670000000025 0.3261150000000001
decision_type=2 2 10 8 10
left_child=4 2 -2 -3 -1
right_child=1 3 -4 -5 -6
leaf_value=-0.04004579749897038 -0.024995455521955309 0.0066741050217362053 0.016096414905537679 0.028812222379145339 -0.0029389445356075268
leaf_weight=19.105156905949119 9.6985426992177981 21.333782210946083 6.4198273867368689 21.403295285999775 3.1510434597730628
leaf_count=155 76 82 22 151 14
internal_value=-0.00206341 0.0117975 -0.00710209 0.0195797 -0.0369532
internal_weight=81.1116 58.8554 16.1184 42.7371 22.2562
internal_count=500 331 98 233 169
is_linear=0
shrinkage=0.03


Tree=10
num_leaves=5
num_cat=0
split_feature=25 4 2 24
split_gain=47.6326 20.1585 17.7362 0.722282
threshold=0.63011150000000016 1.0000000180025095e-35 0.32575750000000009 0.99273800000000012
decision_type=2 10 10 2
left_child=3 2 -2 -1
right_child=1 -3 -4 -5
leaf_value=-0.035068243850635693 0.015050214698089703 0.03995161547578769 -0.023580464208636819 0
leaf_weight=19.795859672129158 32.655228585004807 17.995281979441643 12.050851300358771 1.3030457794666279
leaf_count=153 232 54 57 9
internal_value=0.00205244 0.0155325 0.00318016 -0.0337092
internal_weight=83.8003 62.7014 44.7061 21.0989
internal_count=505 343 289 162
is_linear=0
shrinkage=0.03


Tree=11
num_leaves=6
num_cat=0
split_feature=25 3 21 24 21
split_gain=42.3429 18.7224 15.0193 2.79518 3.00224
threshold=0.63011150000000016 1.0000000180025095e-35 0.11378600000000001 0.91620200000000007 0.060966000000000013
decision_type=2 10 8 2 10
left_child=3 2 -2 -1 -5
right_child=1 -3 -4 4 -6
leaf_value=0.00016896991539199627 -0.016216098715197406 0.038733243370941507 0.016584618502112083 -0.037076891136005201 0
leaf_weight=0.46958680450916546 18.241759568452835 16.533783227205276 26.970163382589817 19.286970563232902 2.1984145045280448
leaf_count=2 82 50 209 153 9
internal_value=0.000954135 0.0140425 0.00254263 -0.0319162 -0.0337775
internal_weight=83.7007 61.7457 45.2119 21.955 21.4854
internal_count=505 341 291 164 162
is_linear=0
shrinkage=0.03


Tree=12
num_leaves=6
num_cat=0
split_feature=25 4 21 25 22
split_gain=42.4398 18.3122 19.7275 0.966044 2.5756
threshold=0.63011150000000016 1.0000000180025095e-35 0.094693500000000014 0.60664700000000005 0.044478500000000004
decision_type=2 10 8 2 10
left_child=3 2 -2 4 -1
right_child=1 -3 -4 -5 -6
leaf_value=-0.039300120020362206 -0.020976482507550038 0.036506780357724734 0.016901757236783266 -0.00074375331925390748 0
leaf_weight=17.880657792091377 17.985900521278381 16.24775393307209 26.919086411595345 2.7263539507985106 2.7377782464027396
leaf_count=146 83 50 204 18 12
internal_value=-0.000879041 0.0119737 0.000740523 -0.0332158 -0.0355994
internal_weight=84.4975 61.1527 44.905 23.3448 20.6184
internal_count=513 337 287 176 158
is_linear=0
shrinkage=0.03


Tree=13
num_leaves=4
num_cat=0
split_feature=3 23 24
split_gain=37.5687 24.0904 8.13491
threshold=1.0000000180025095e-35 0.0074560000000000008 0.97677600000000009
decision_type=10 8 2
left_child=1 -1 -3
right_child=-2 2 -4
leaf_value=-0.03639856531555017 0.037099158220429099 -0.013293757231628298 0.010941887224048015
leaf_weight=19.862914443016052 15.324247553944586 17.629926167428493 27.897447876632214
leaf_count=105 47 148 198
internal_value=-0.000699233 -0.0112348 0.000697074
internal_weight=80.7145 65.3903 45.5274
internal_count=498 451 346
is_linear=0
shrinkage=0.03


Tree=14
num_leaves=5
num_cat=0
split_feature=4 18 24 15
split_gain=37.6328 25.3808 12.0495 4.75012
threshold=1.0000000180025095e-35 0.12250800000000002 0.98031600000000008 0.17874250000000003
decision_type=10 8 2 10
left_child=1 3 -3 -1
right_child=-2 2 -4 -5
leaf_value=-0.038388426981672913 0.037226817724798952 -0.010853433394809316 0.018841208621232109 -0.00052899559195524555
leaf_weight=18.059677720069889 18.039260849356651 19.220485538244247 23.282361499965191 5.4905974715948096
leaf_count=96 56 162 170 23
internal_value=0.0018866 -0.00852846 0.00492327 -0.0317488
internal_weight=84.0924 66.0531 42.5028 23.5503
internal_count=507 451 332 119
is_linear=0
shrinkage=0.03


Tree=15
num_leaves=7
num_cat=0
split_feature=25 21 9 5 9 20
split_gain=41.5332 7.97471 7.40214 5.37684 6.31898 4.16991
threshold=0.67941450000000014 1.0000000180025095e-35 8.2542165000000018 1.5000000000000002 7.7873875000000004 0.47203500000000004
decision_type=2 8 10 10 10 10
left_child=3 2 -2 4 -1 -3
right_child=1 5 -4 -5 -6 -7
leaf_value=-0.033060986351600624 -0.027372407834346007 0.024223087453481184 0.015462775647551819 0.0036144685295750865 0.0047500332446887865 -0.0045144102367085347
leaf_weight=27.150942653417591 4.3686620593070975 39.847798436880112 3.6107542663812637 2.7171017974615088 2.2438055872917166 2.2265672683715811
leaf_count=216 23 227 12 10 8 10
internal_value=0 0.0166781 -0.00632797 -0.0253831 -0.0290761 0.0218375
internal_weight=82.1656 50.0538 7.97942 32.1119 29.3947 42.0744
internal_count=506 272 35 234 224 237
is_linear=0
shrinkage=0.03


Tree=16
num_leaves=5
num_cat=0
split_feature=3 18 24 17
split_gain=38.0054 13.7641 8.11506 3.04012
threshold=1.0000000180025095e-35 0.12250800000000002 0.98031600000000008 0.12411850000000001
decision_type=10 8 2 10
left_child=1 3 -3 -1
right_child=-2 2 -4 -5
leaf_value=-0.033954711862202683 0.036661999912679592 -0.011412635317835065 0.013542224698818989 -0.0061754244943050983
leaf_weight=15.766735374927523 17.226713180541992 20.316573955118656 20.313026621937752 10.070057541131971
leaf_count=84 54 173 157 45
internal_value=0.000152563 -0.0100527 0.00044939 -0.0259367
internal_weight=83.6931 66.4664 40.6296 25.8368
internal_count=513 459 330 129
is_linear=0
shrinkage=0.03


Tree=17
num_leaves=7
num_cat=0
split_feature=25 23 4 2 23 20
split_gain=36.8147 10.3748 10.1659 10.1351 2.06283 1.22436
threshold=0.67941450000000014 0.0074560000000000008 1.0000000180025095e-35 0.32575750000000009 0.27527700000000005 0.45322100000000004
decision_type=2 10 8 10 8 8
left_child=1 -1 3 -2 -3 -4
right_child=2 4 5 -5 -6 -7
leaf_value=-0.032363304381915543 0.015612504487940567 0.012616665257099671 0.036740001140221683 -0.02129784060550579 -0.008521985816856547 0.012628598337961743
leaf_weight=22.553009837865829 14.288879543542864 5.3514422178268406 14.394376546144487 7.8265058100223532 4.4179778993129739 13.148551031947134
leaf_count=188 51 19 45 38 20 133
internal_value=0.00114751 -0.022219 0.0173257 0.000371944 0.000951605 0.0285828
internal_weight=81.9807 32.3224 49.6583 22.1154 9.76942 27.5429
internal_count=494 227 267 89 39 178
is_linear=0
shrinkage=0.03


Tree=18
num_leaves=4
num_cat=0
split_feature=3 22 24
split_gain=32.0985 24.0274 6.78114
threshold=1.0000000180025095e-35 0.040069000000000007 0.97677600000000009
decision_type=10 8 2
left_child=1 -1 -3
right_child=-2 2 -4
leaf_value=-0.031809049293831486 0.035791425256444097 -0.0090047188090149177 0.01342503296337829
leaf_weight=23.689909175038338 14.839017838239668 16.988476321101189 25.508026719093323
leaf_count=125 47 137 196
internal_value=0 -0.00934071 0.00379657
internal_weight=81.0254 66.1864 42.4965
internal_count=505 458 333
is_linear=0
shrinkage=0.03


Tree=19
num_leaves=7
num_cat=0
split_feature=21 6 23 7 23 7
split_gain=27.1102 14.1664 11.1688 3.73829 3.1074 0.91907
threshold=1.0000000180025095e-35 12.851545000000003 0.0063255000000000013 1.0000000180025095e-35 0.50185950000000012 8.4887085000000031
decision_type=8 10 10 8 10 10
left_child=1 5 3 -2 -4 -1
right_child=2 -3 4 -5 -6 -7
leaf_value=-0.03510126599743589 -0.022944650210400663 0.018111007828827404 0.026112017693980496 0.0019385412858055956 0 0
leaf_weight=20.434810593724258 3.5275623351335552 3.1198699474334708 26.011425584554676 22.637157909572124 3.9177611619234076 1.8062718361616124
leaf_count=112 19 10 89 245 16 8
internal_value=-0.000269634 -0.0247012 0.0109618 -0.0024027 0.0227109 -0.033334
internal_weight=81.4549 25.361 56.0939 26.1647 29.9292 22.2411
internal_count=499 130 369 264 105 120
is_linear=0
shrinkage=0.03


Tree=20
num_leaves=7
num_cat=0
split_feature=25 3 2 23 24 23
split_gain=32.0846 10.7667 7.6196 4.52094 1.42667 1.2157
threshold=0.65221600000000013 1.0000000180025095e-35 0.32575750000000009 0.0074560000000000008 0.99267050000000012 0.33474100000000001
decision_type=2 10 10 10 2 10
left_child=3 2 -2 4 -1 -5
right_child=1 -3 -4 5 -6 -7
leaf_value=-0.034321702920867656 0.011208094801819545 0.033249083907519787 -0.01549744859317752 0.0089105099611355189 0 -0.010767521005011015
leaf_weight=17.399950191378601 32.481509439647198 14.419480055570601 9.6902607679367048 2.8389407992362967 1.5471082180738438 2.4385006576776505
leaf_count=156 220 47 46 10 11 12
internal_value=0.000442715 0.0130924 0.00378585 -0.0261929 -0.0321937 0
internal_weight=80.8158 56.5913 42.1718 24.2245 18.9471 5.27744
internal_count=502 313 266 189 167 22
is_linear=0
shrinkage=0.03


Tree=21
num_leaves=5
num_cat=0
split_feature=3 21 2 16
split_gain=35.0055 17.0318 4.35487 2.40876
threshold=1.0000000180025095e-35 0.094693500000000014 0.25833350000000005 0.23672500000000002
decision_type=10 8 8 10
left_child=1 3 -3 -1
right_child=-2 2 -4 -5
leaf_value=-0.03158934282100908 0.034343529745748967 0.015229238431774712 -0.0047400461206044998 -0.0034426211129529589
leaf_weight=23.171211615204815 16.210018917918205 12.345419123768805 21.858387716114521 6.7732910364866248
leaf_count=124 53 44 255 31
internal_value=-0.00101691 -0.0115343 0.00230807 -0.0270266
internal_weight=80.3583 64.1483 34.2038 29.9445
internal_count=507 454 299 155
is_linear=0
shrinkage=0.03


Tree=22
num_leaves=5
num_cat=0
split_feature=25 4 23 24
split_gain=30.7532 15.7888 9.81226 0.942148
threshold=0.59491450000000012 1.0000000180025095e-35 0.0074560000000000008 0.94968850000000005
decision_type=2 10 8 2
left_child=3 2 -2 -1
right_child=1 -3 -4 -5
leaf_value=0 -0.025116962476169524 0.033350976593896409 0.0065406451974196573 -0.036351924833306071
leaf_weight=1.4272909462451959 8.0575212687253934 14.529091134667395 40.367604173719883 14.594927921891211
leaf_count=10 43 48 275 128
internal_value=-0.000393695 0.00895368 0 -0.0343181
internal_weight=78.9764 62.9542 48.4251 16.0222
internal_count=504 366 318 138
is_linear=0
shrinkage=0.03


Tree=23
num_leaves=5
num_cat=0
split_feature=25 3 21 21
split_gain=29.5975 15.4628 12.0974 0.194226
threshold=0.59491450000000012 1.0000000180025095e-35 0.11378600000000001 0.060966000000000013
decision_type=2 10 8 10
left_child=3 2 -2 -1
right_child=1 -3 -4 -5
leaf_value=-0.034826571891102436 -0.015568647122887193 0.032856069240445637 0.0127460730310702 0
leaf_weight=14.599496468901632 21.2523313164711 14.954993426799772 27.83379727602005 1.0825194716453541
leaf_count=131 99 50 216 5
internal_value=0 0.00902975 0 -0.0336638
internal_weight=79.7231 64.0411 49.0861 15.682
internal_count=501 365 315 136
is_linear=0
shrinkage=0.03


Tree=24
num_leaves=4
num_cat=0
split_feature=4 23 21
split_gain=27.4829 18.9427 4.62758
threshold=1.0000000180025095e-35 0.0074560000000000008 0.094693500000000014
decision_type=10 8 10
left_child=1 -1 -3
right_child=-2 2 -4
leaf_value=-0.032930519800520093 0.032009267388474781 -0.0037003101131792481 0.01666725322966171
leaf_weight=17.694612771272659 15.820700988173483 34.731452196836472 10.340844079852102
leaf_count=103 54 308 36
internal_value=0 -0.00910408 0.00109704
internal_weight=78.5876 62.7669 45.0723
internal_count=501 447 344
is_linear=0
shrinkage=0.03


Tree=25
num_leaves=6
num_cat=0
split_feature=25 3 21 3 5
split_gain=28.5717 7.84151 9.98188 5.06148 3.58039
threshold=0.67941450000000014 1.0000000180025095e-35 0.15176500000000001 1.0000000180025095e-35 1.5000000000000002
decision_type=2 10 8 10 10
left_child=3 2 -2 4 -1
right_child=1 -3 -4 -5 -6
leaf_value=-0.027129581871321803 -0.013103409602634244 0.031978060024825304 0.017106048274963145 0.0095560360704292861 0.00047912261841242534
leaf_weight=27.63912249356509 12.924176365137098 13.384498640894888 21.173983506858349 1.583950787782668 2.3595985472202292
leaf_count=228 59 46 162 5 9
internal_value=0 0.0144367 0.00471345 -0.02096 -0.0242027
internal_weight=79.0653 47.4827 34.0982 31.5827 29.9987
internal_count=509 267 221 242 237
is_linear=0
shrinkage=0.03


Tree=26
num_leaves=4
num_cat=0
split_feature=4 23 21
split_gain=27.2577 17.9715 5.59655
threshold=1.0000000180025095e-35 0.0063255000000000013 0.094693500000000014
decision_type=10 8 10
left_child=1 -1 -3
right_child=-2 2 -4
leaf_value=-0.033750380440945672 0.032091403288873312 -0.0054984592248482978 0.017085864114683567
leaf_weight=16.675376728177071 14.768566250801085 32.025544531643391 10.634668365120886
leaf_count=100 51 293 37
internal_value=-0.000304259 -0.0100052 0.00022719
internal_weight=74.1042 59.3356 42.6602
internal_count=481 430 330
is_linear=0
shrinkage=0.03


Tree=27
num_leaves=4
num_cat=0
split_feature=4 23 18
split_gain=24.3493 20.1288 5.12374
threshold=1.0000000180025095e-35 0.0074560000000000008 0.12250800000000002
decision_type=10 8 10
left_child=1 -1 -3
right_child=-2 2 -4
leaf_value=-0.033283474038015876 0.030978324888588968 -0.004398350270655306 0.01469418553834379
leaf_weight=17.061874851584435 15.360780268907545 31.848336588591337 16.095678120851517
leaf_count=104 54 303 59
internal_value=0 -0.0079465 0.00191034
internal_weight=80.3667 65.0059 47.944
internal_count=520 466 362
is_linear=0
shrinkage=0.03


Tree=28
num_leaves=6
num_cat=0
split_feature=25 24 21 23 23
split_gain=25.086 11.9235 4.74557 2.93365 2.76363
threshold=0.63011150000000016 0.97492200000000018 0.12386950000000001 0.0074560000000000008 0.0063255000000000013
decision_type=2 2 10 10 8
left_child=3 2 -2 -1 -3
right_child=1 4 -4 -5 -6
leaf_value=-0.030553929701515849 -0.020936334729373517 0 0.006847237883935796 0 0.021678729784477064
leaf_weight=16.919627755880359 9.7230158597230893 6.5369768142700186 5.6372534781694403 2.6770259141921988 35.576136119663715
leaf_count=156 81 30 21 11 204
internal_value=2.94628e-05 0.0104643 -0.00965302 -0.0265726 0.0186208
internal_weight=77.07 57.4734 15.3603 19.5967 42.1131
internal_count=503 336 102 167 234
is_linear=0
shrinkage=0.03


Tree=29
num_leaves=5
num_cat=0
split_feature=4 25 21 15
split_gain=25.9597 15.5282 14.0777 2.03279
threshold=1.0000000180025095e-35 0.64408250000000011 0.094693500000000014 0.32105100000000003
decision_type=10 2 8 10
left_child=1 3 -3 -1
right_child=-2 2 -4 -5
leaf_value=-0.03194847748001544 0.031225650590636735 -0.019711186623303709 0.013631982417086247 0
leaf_weight=18.587492778897289 14.611032545566557 15.339339286088942 26.865480378270149 1.5690882503986348
leaf_count=170 52 75 202 7
internal_value=-0.000731055 -0.00976693 0.000345883 -0.0295387
internal_weight=76.9724 62.3614 42.2048 20.1566
internal_count=506 454 277 177
is_linear=0
shrinkage=0.03


Tree=30
num_leaves=7
num_cat=0
split_feature=25 24 20 21 22 24
split_gain=24.8295 6.42463 4.03178 3.42063 2.34189 1.00241
threshold=0.65221600000000013 0.97482450000000009 0.20972900000000003 0.29816800000000004 0.044478500000000004 0.99267050000000012
decision_type=2 2 10 10 10 2
left_child=4 3 -3 -2 5 -1
right_child=1 2 -4 -5 -6 -7
leaf_value=-0.028515148607876475 -0.012610313617603498 0.022987063626748693 0 0.013318189671888756 0 0
leaf_weight=17.22682702541352 9.7612688913941366 31.651663199067116 5.5091516822576514 3.5675600767135611 3.2194440215826026 1.1992051079869259
leaf_count=164 72 188 24 12 15 9
internal_value=0.00118387 0.0129822 0.0191198 -0.00266128 -0.0233496 -0.0269351
internal_weight=72.1351 50.4896 37.1608 13.3288 21.6455 18.426
internal_count=484 296 212 84 188 173
is_linear=0
shrinkage=0.03


Tree=31
num_leaves=4
num_cat=0
split_feature=3 23 25
split_gain=24.3843 14.818 6.34681
threshold=1.0000000180025095e-35 0.0074560000000000008 0.7978090000000001
decision_type=10 8 2
left_child=1 -1 -3
right_child=-2 2 -4
leaf_value=-0.030297908751261149 0.03079569442829759 -0.0065847738137499385 0.016067995050438502
leaf_weight=16.682052001357079 15.144304156303404 30.156341709196568 13.583499304950235
leaf_count=105 55 242 92
internal_value=0 -0.00864352 0.000388032
internal_weight=75.5662 60.4219 43.7398
internal_count=494 439 334
is_linear=0
shrinkage=0.03


Tree=32
num_leaves=5
num_cat=0
split_feature=25 4 2 21
split_gain=23.5535 11.9076 7.14321 0.46061
threshold=0.59491450000000012 1.0000000180025095e-35 0.32575750000000009 0.021265500000000003
decision_type=2 10 10 10
left_child=3 2 -2 -1
right_child=1 -3 -4 -5
leaf_value=-0.030991986847568653 0.0085965771055061587 0.031340954672533269 -0.015474006835370377 0
leaf_weight=13.7721661478281 33.596691712737083 13.48880387842655 12.70106630027294 1.0217781513929356
leaf_count=133 249 49 64 5
internal_value=0.000386104 0.00937179 0.000844823 -0.0296993
internal_weight=74.5805 59.7866 46.2978 14.7939
internal_count=500 362 313 138
is_linear=0
shrinkage=0.03


Tree=33
num_leaves=4
num_cat=0
split_feature=3 23 18
split_gain=16.3167 18.936 7.73114
threshold=1.0000000180025095e-35 0.0074560000000000008 0.12250800000000002
decision_type=10 8 10
left_child=1 -1 -3
right_child=-2 2 -4
leaf_value=-0.029819252352025861 0.029624065813202285 -0.0030380186980443992 0.020748946189179569
leaf_weight=16.615599736571312 12.151719853281973 32.163597472012043 15.002271682024
leaf_count=107 45 304 53
internal_value=0.00127492 -0.00476512 0.00471836
internal_weight=75.9332 63.7815 47.1659
internal_count=509 464 357
is_linear=0
shrinkage=0.03


Tree=34
num_leaves=5
num_cat=0
split_feature=4 5 2 18
split_gain=23.9426 14.3386 5.437 4.17803
threshold=1.0000000180025095e-35 1.5000000000000002 0.47222200000000009 0.3261150000000001
decision_type=10 8 8 10
left_child=1 3 -3 -1
right_child=-2 2 -4 -5
leaf_value=-0.028627101349093371 0.030426316511344299 0.022207010759350405 -0.0020655824547583098 0
leaf_weight=21.696662560105327 15.690304875373839 8.0470888316631299 25.34113746881485 5.6574545353651038
leaf_count=129 59 27 277 25
internal_value=0.000229224 -0.0081652 0.00430859 -0.0233
internal_weight=76.4326 60.7423 33.3882 27.3541
internal_count=517 458 304 154
is_linear=0
shrinkage=0.03


Tree=35
num_leaves=7
num_cat=0
split_feature=25 3 18 24 22 25
split_gain=15.239 7.32186 8.003 2.34078 1.70335 0.356275
threshold=0.63011150000000016 1.5000000000000002 0.29966750000000003 0.97482450000000009 0.044478500000000004 0.59491450000000012
decision_type=2 8 10 2 10 2
left_child=4 2 -2 -3 5 -1
right_child=1 3 -4 -5 -6 -7
leaf_value=-0.028492025883129893 -0.012066824614719406 0 0.018962084808408622 0.023096004759592486 0 -0.0017400224790506916
leaf_weight=11.507791683077814 20.484544724226001 5.444243490695956 7.7416188269853583 20.225385472178459 2.3895707279443732 3.5057452023029319
leaf_count=115 95 56 27 152 11 29
internal_value=0 0.008142 -0.00159163 0.018938 -0.0220759 -0.0252408
internal_weight=71.2989 53.8958 28.2262 25.6696 17.4031 15.0135
internal_count=485 330 122 208 155 144
is_linear=0
shrinkage=0.03


Tree=36
num_leaves=4
num_cat=0
split_feature=4 23 25
split_gain=21.1107 15.4823 4.98938
threshold=1.0000000180025095e-35 0.0074560000000000008 0.67941450000000014
decision_type=10 8 2
left_child=1 -1 -3
right_child=-2 2 -4
leaf_value=-0.030841797732005332 0.029736870515386486 -0.01037921749723624 0.0083853623764304202
leaf_weight=15.429062351584433 14.369981750845907 16.958076544106007 30.907003246247768
leaf_count=103 55 160 207
internal_value=0 -0.00740959 0.00092742
internal_weight=77.6641 63.2941 47.8651
internal_count=525 470 367
is_linear=0
shrinkage=0.03


Tree=37
num_leaves=7
num_cat=0
split_feature=25 3 5 15 15 24
split_gain=21.4927 6.63409 4.94749 2.64931 2.45328 1.02151
threshold=0.67941450000000014 1.0000000180025095e-35 1.5000000000000002 0.32105100000000003 0.17874250000000003 0.96110200000000012
decision_type=2 8 10 10 10 2
left_child=2 4 3 -1 -2 -3
right_child=1 5 -4 -5 -6 -7
leaf_value=-0.02682692898788868 -0.0081608566957716601 0 0.0058481448490038121 0 0.010626556548417236 0.022710592768114178
leaf_weight=23.743971154093749 13.137800320982935 1.2411274835467363 3.0213293731212607 2.9695419967174521 7.034941390156745 23.450689382851124
leaf_count=227 60 13 11 13 26 169
internal_value=-0.000568667 0.0118775 -0.0196316 -0.0238226 0 0.0214349
internal_weight=74.5994 44.8646 29.7348 26.7135 20.1727 24.6918
internal_count=519 268 251 240 86 182
is_linear=0
shrinkage=0.03


Tree=38
num_leaves=5
num_cat=0
split_feature=25 4 21 24
split_gain=17.8333 10.0598 9.47282 0.746683
threshold=0.58551750000000002 1.0000000180025095e-35 1.0000000180025095e-35 0.96017300000000005
decision_type=2 10 8 2
left_child=3 2 -2 -1
right_child=1 -3 -4 -5
leaf_value=0 -0.021902422676485029 0.028109322082834582 0.0080432968179394802 -0.029489068820630807
leaf_weight=1.4625074267387379 9.2922598272562009 14.274772420525549 37.906340889632702 11.051205232739447
leaf_count=11 53 56 267 117
internal_value=0.00119667 0.0084589 0.000593474 -0.027282
internal_weight=73.9871 61.4734 47.1986 12.5137
internal_count=504 376 320 128
is_linear=0
shrinkage=0.03


Tree=39
num_leaves=6
num_cat=0
split_feature=25 21 4 2 23
split_gain=18.2681 7.69152 5.60952 3.68609 0.961835
threshold=0.63011150000000016 0.0011505000000000003 1.0000000180025095e-35 0.32575750000000009 0.0074560000000000008
decision_type=2 8 10 8 10
left_child=4 2 -2 -3 -1
right_child=1 3 -4 -5 -6
leaf_value=-0.028278838976270464 -0.0230351184232735 0.023188390358399057 0.011734836025952784 0.0030410255682251659 0
leaf_weight=14.097852159291508 7.8871333152055723 19.499376937747002 3.1464945822954178 20.761297896504402 3.3629885911941519
leaf_count=150 45 72 13 180 15
internal_value=-0.000509833 0.00820205 -0.010593 0.0144238 -0.0250189
internal_weight=68.7551 51.2943 11.0336 40.2607 17.4608
internal_count=475 310 58 252 165
is_linear=0
shrinkage=0.03


Tree=40
num_leaves=4
num_cat=0
split_feature=4 21 18
split_gain=16.4486 14.4728 5.0277
threshold=1.0000000180025095e-35 0.0011505000000000003 0.12250800000000002
decision_type=10 8 10
left_child=1 -1 -3
right_child=-2 2 -4
leaf_value=-0.029310083336742516 0.026383122990142633 -0.0046570302309402187 0.015767308807597746
leaf_weight=16.077101722359657 13.286734879016874 29.343951143324375 12.796929806470869
leaf_count=108 54 294 47
internal_value=-1.3532e-05 -0.00752562 0.00151633
internal_weight=71.5047 58.218 42.1409
internal_count=503 449 341
is_linear=0
shrinkage=0.03


Tree=41
num_leaves=7
num_cat=0
split_feature=25 24 16 24 23 24
split_gain=13.9298 7.00804 4.34241 2.65867 1.21212 1.44399
threshold=0.63011150000000016 0.97891050000000013 0.23672500000000002 0.98791800000000018 0.044553000000000002 0.99273800000000012
decision_type=2 2 10 2 10 2
left_child=4 2 -2 -3 5 -1
right_child=1 3 -4 -5 -6 -7
leaf_value=-0.028193661996267765 -0.014603710277036164 0.020370253842580368 0.0099450337273366274 0 0 0
leaf_weight=12.01647001132369 13.893215611577036 23.641805209219456 6.5191477835178366 10.432657115161417 3.3666226863861075 0.93233419954776842
leaf_count=132 110 136 26 70 15 7
internal_value=0 0.00721314 -0.00521243 0.0152853 -0.0222308 -0.025825
internal_weight=70.8023 54.4868 20.4124 34.0745 16.3154 12.9488
internal_count=496 342 136 206 154 139
is_linear=0
shrinkage=0.03


Tree=42
num_leaves=6
num_cat=0
split_feature=23 21 13 17 23
split_gain=11.8452 7.95667 5.9275 2.09028 1.63043
threshold=0.0014810000000000001 1.0000000180025095e-35 1.0000000180025095e-35 0.35873700000000003 0.19331250000000003
decision_type=8 10 10 10 10
left_child=2 4 -1 -3 -2
right_child=1 3 -4 -5 -6
leaf_value=-0.028384424134356139 0 0.02028211321230421 0.0042429582487896389 0 -0.017553190368795941
leaf_weight=13.848915658891203 22.11391976848245 23.280369192361835 4.0616811364889136 2.8194280564784995 3.5145518630743018
leaf_count=101 252 89 19 12 19
internal_value=-0.000452225 0.00649455 -0.0200035 0.0175174 -0.00434245
internal_weight=69.6389 51.7283 17.9106 26.0998 25.6285
internal_count=492 372 120 101 271
is_linear=0
shrinkage=0.03


Tree=43
num_leaves=5
num_cat=0
split_feature=25 3 18 22
split_gain=16.1629 7.82961 8.33982 0.660025
threshold=0.59491450000000012 1.0000000180025095e-35 0.29966750000000003 0.11419550000000002
decision_type=2 10 8 10
left_child=3 2 -2 -1
right_child=1 -3 -4 -5
leaf_value=-0.028542957902365489 -0.012709430216673992 0.025718401169485577 0.01153805158217837 0
leaf_weight=12.521720759570597 20.772616699337959 11.444246381521223 24.536633610725403 1.0556141436099995
leaf_count=139 101 48 211 6
internal_value=-0.000407802 0.00647771 0 -0.0269627
internal_weight=70.3308 56.7535 45.3093 13.5773
internal_count=505 360 312 145
is_linear=0
shrinkage=0.03


Tree=44
num_leaves=5
num_cat=0
split_feature=25 3 5 24
split_gain=13.4551 8.05314 6.79221 0.749719
threshold=0.58551750000000002 1.0000000180025095e-35 1.5000000000000002 0.95093850000000013
decision_type=2 10 8 2
left_child=3 2 -2 -1
right_child=1 -3 -4 -5
leaf_value=0 -0.011947378294416241 0.025878981532766993 0.0095816538437408887 -0.027944253921022389
leaf_weight=1.4526981376111496 20.165623977780342 11.494829475879667 27.567369136959314 10.221828427165745
leaf_count=12 99 48 232 115
internal_value=0 0.00628704 0 -0.0256437
internal_weight=70.9023 59.2278 47.733 11.6745
internal_count=506 379 331 127
is_linear=0
shrinkage=0.03


Tree=45
num_leaves=4
num_cat=0
split_feature=3 23 25
split_gain=14.8321 10.7916 3.44163
threshold=1.0000000180025095e-35 0.0074560000000000008 0.63011150000000016
decision_type=10 8 2
left_child=1 -1 -3
right_child=-2 2 -4
leaf_value=-0.027601975376793122 0.02621264721807539 -0.014701721521948635 0.0042530069807721182
leaf_weight=15.533421173691748 10.396660149097441 8.2180611453950387 34.195090964436531
leaf_count=113 44 105 248
internal_value=-0.00192213 -0.00850405 0
internal_weight=68.3432 57.9466 42.4132
internal_count=510 466 353
is_linear=0
shrinkage=0.03


Tree=46
num_leaves=4
num_cat=0
split_feature=4 23 21
split_gain=12.5078 11.927 4.17401
threshold=1.0000000180025095e-35 0.0063255000000000013 0.094693500000000014
decision_type=10 8 10
left_child=1 -1 -3
right_child=-2 2 -4
leaf_value=-0.027953459655073131 0.025001206974129813 -0.0034918644723549389 0.015111544771534494
leaf_weight=13.226967640221117 11.738823577761648 33.299262382090092 11.945694237947462
leaf_count=99 50 311 43
internal_value=0 -0.00576685 0.00143228
internal_weight=70.2107 58.4719 45.245
internal_count=503 453 354
is_linear=0
shrinkage=0.03


Tree=47
num_leaves=5
num_cat=0
split_feature=4 22 25 16
split_gain=14.9989 10.3944 4.55595 0.795581
threshold=1.0000000180025095e-35 0.040069000000000007 0.59491450000000012 0.15584450000000002
decision_type=10 8 2 10
left_child=1 3 -3 -1
right_child=-2 2 -4 -5
leaf_value=-0.029714710582134572 0.025274849926717233 -0.01952812131723913 0.0051315683722837529 -0.0039947299488117894
leaf_weight=12.549505993723871 12.286360964179037 5.0820176005363455 35.777889613062143 5.4886651560664168
leaf_count=91 53 77 267 31
internal_value=-0.000922481 -0.00783214 0.000254555 -0.0250002
internal_weight=71.1844 58.8981 40.8599 18.0382
internal_count=519 466 344 122
is_linear=0
shrinkage=0.03


Tree=48
num_leaves=7
num_cat=0
split_feature=25 21 23 4 4 18
split_gain=15.4768 6.33495 3.35999 3.20363 2.88884 0.574318
threshold=0.63011150000000016 0.094693500000000014 1.0000000180025095e-35 1.0000000180025095e-35 1.0000000180025095e-35 0.3261150000000001
decision_type=2 8 8 10 10 10
left_child=3 4 -3 5 -2 -1
right_child=1 2 -4 -5 -6 -7
leaf_value=-0.027913307332401972 -0.0088586752921245102 -0.0054094373104266701 0.020576041163376465 0.0046857210816346039 0.012059710731539244 0
leaf_weight=12.160298559814686 15.733324766159059 1.9149259477853764 30.628113768994808 0.9477952718734749 5.1711516529321662 2.2675364613533029
leaf_count=142 78 10 215 3 24 13
internal_value=0.00198757 0.0100613 0.0178754 -0.0215058 -0.00156501 -0.0254582
internal_weight=68.8231 53.4475 32.543 15.3756 20.9045 14.4278
internal_count=485 327 225 158 102 155
is_linear=0
shrinkage=0.03


Tree=49
num_leaves=6
num_cat=0
split_feature=25 21 20 20 15
split_gain=12.8105 4.43515 3.91173 1.69334 0.537622
threshold=0.63011150000000016 0.1052695 0.14203300000000005 0.27370350000000004 0.32105100000000003
decision_type=2 8 10 8 10
left_child=4 2 -2 -3 -1
right_child=1 3 -4 -5 -6
leaf_value=-0.023593770562635175 0.0051321547579991069 0.022263736899978199 -0.018017682178360677 0.0041930426926540428 0
leaf_weight=15.172191966325045 12.667443662881853 10.887122601270677 7.3469292521476737 17.946980506181717 0.94384609162807542
leaf_count=165 59 42 41 177 5
internal_value=-0.00114924 0.00619094 -0.00330315 0.0134136 -0.022447
internal_weight=64.9645 48.8485 20.0144 28.8341 16.116
internal_count=489 319 100 219 170
is_linear=0
shrinkage=0.03


Tree=50
num_leaves=4
num_cat=0
split_feature=4 22 25
split_gain=15.7297 9.58536 3.22389
threshold=1.0000000180025095e-35 0.040069000000000007 0.63404200000000011
decision_type=10 8 2
left_child=1 -1 -3
right_child=-2 2 -4
leaf_value=-0.024648008232449496 0.026202451857218527 -0.014441510237730716 0.0049043889552926158
leaf_weight=17.783356674015522 11.884968191385267 6.934957940131425 31.485893212258816
leaf_count=124 52 96 239
internal_value=-0.0009367 -0.00821921 0
internal_weight=68.0892 56.2042 38.4209
internal_count=511 459 335
is_linear=0
shrinkage=0.03


Tree=51
num_leaves=5
num_cat=0
split_feature=25 4 2 15
split_gain=11.2027 6.61212 5.43617 0.805256
threshold=0.59491450000000012 1.0000000180025095e-35 0.32575750000000009 0.32105100000000003
decision_type=2 10 10 10
left_child=3 2 -2 -1
right_child=1 -3 -4 -5
leaf_value=-0.025255685843421267 0.0067484832887444715 0.023934296747558984 -0.015435509801267689 0
leaf_weight=10.377750232815739 31.233994647860527 11.358103930950163 10.991192094981669 0.80923780798912126
leaf_count=128 232 51 61 4
internal_value=0 0.00633964 0 -0.0234602
internal_weight=64.7703 53.5833 42.2252 11.187
internal_count=476 344 293 132
is_linear=0
shrinkage=0.03


Tree=52
num_leaves=7
num_cat=0
split_feature=22 3 20 25 20 9
split_gain=12.6974 10.2205 4.92104 3.644 1.63945 0.856337
threshold=0.040069000000000007 1.0000000180025095e-35 0.45322100000000004 0.7008795000000001 0.019839500000000006 7.7873875000000004
decision_type=10 8 10 2 10 10
left_child=1 5 4 -3 -2 -1
right_child=2 3 -4 -5 -6 -7
leaf_value=-0.027643417586762968 0 -0.0092645003146667806 -0.010435971539607338 0.011503031097818889 0.023029818066764476 0
leaf_weight=15.646374836564066 2.7824795991182389 9.6575392372906226 2.3326718956232062 14.33653227239847 20.32491509616375 1.5990569666028012
leaf_count=115 13 135 13 132 79 8
internal_value=0 -0.00995066 0.0157414 0.00193216 0.0204286 -0.0258018
internal_weight=66.6796 41.2395 25.4401 23.9941 23.1074 17.2454
internal_count=495 390 105 267 92 123
is_linear=0
shrinkage=0.03


Tree=53
num_leaves=5
num_cat=0
split_feature=3 23 24 24
split_gain=9.65715 8.09877 4.43395 0.0510464
threshold=1.0000000180025095e-35 0.0074560000000000008 0.98241700000000021 0.99228000000000016
decision_type=10 8 2 2
left_child=1 3 -3 -1
right_child=-2 2 -4 -5
leaf_value=-0.022988371630712261 0.024110659852628603 -0.0055668193573568297 0.012228457583441482 0
leaf_weight=11.880455814301966 10.784312069416044 22.757591590285301 20.075112167745829 1.1533251926302899
leaf_count=97 50 190 156 7
internal_value=0.00125033 -0.0036568 0.00237353 -0.0220814
internal_weight=66.6508 55.8665 42.8327 13.0338
internal_count=500 450 346 104
is_linear=0
shrinkage=0.03


Tree=54
num_leaves=5
num_cat=0
split_feature=4 22 5 5
split_gain=8.31568 8.85723 5.59725 2.41512
threshold=1.0000000180025095e-35 0.040069000000000007 1.5000000000000002 3.5000000000000004
decision_type=10 8 10 10
left_child=1 3 -3 -1
right_child=-2 2 -4 -5
leaf_value=-0.024648924331717031 0.022175397520134258 -0.0021210080887215247 0.02212447934631484 0
leaf_weight=14.722444325685503 10.07683379948139 31.948032606393099 7.8527960628271094 2.5847887545824042
leaf_count=109 47 302 27 11
internal_value=0.000117045 -0.00418861 0.00317721 -0.0205718
internal_weight=67.1849 57.1081 39.8008 17.3072
internal_count=496 449 329 120
is_linear=0
shrinkage=0.03


Tree=55
num_leaves=6
num_cat=0
split_feature=25 24 21 2 22
split_gain=9.59815 4.89631 3.66881 3.65789 1.74987
threshold=0.59491450000000012 0.98161950000000009 0.11378600000000001 1.0000000180025095e-35 0.044478500000000004
decision_type=2 2 8 8 10
left_child=4 2 -2 -3 -1
right_child=1 3 -4 -5 -6
leaf_value=-0.025098055710151574 -0.016299166108150791 -0.0035654494784987758 0.0047364060215539924 0.018846205582694446 0
leaf_weight=9.4008987694978696 8.3518965020775813 4.7448189482092884 16.290592901408672 24.853145442903042 1.3850019797682751
leaf_count=122 47 25 123 164 7
internal_value=0.000741411 0.0065278 -0.00230292 0.0143356 -0.0212694
internal_weight=65.0264 54.2405 24.6425 29.598 10.7859
internal_count=488 359 170 189 129
is_linear=0
shrinkage=0.03


Tree=56
num_leaves=5
num_cat=0
split_feature=4 5 2 15
split_gain=13.4188 7.88738 4.99365 3.55281
threshold=1.0000000180025095e-35 1.5000000000000002 0.64583350000000006 0.32105100000000003
decision_type=10 8 8 10
left_child=1 3 -3 -1
right_child=-2 2 -4 -5
leaf_value=-0.024555651842188619 0.023877284030344101 0.018279734436535747 -0.0052835597193393999 0
leaf_weight=20.062864243984226 11.865990571677683 8.6063942462205905 21.842217139899731 4.5238904431462279
leaf_count=140 56 31 265 20
internal_value=-0.00111104 -0.0079714 0.00152193 -0.0197026
internal_weight=66.9014 55.0354 30.4486 24.5868
internal_count=512 456 296 160
is_linear=0
shrinkage=0.03


Tree=57
num_leaves=6
num_cat=0
split_feature=25 3 5 25 17
split_gain=11.3392 5.15892 3.95444 1.31657 0.792009
threshold=0.58551750000000002 1.0000000180025095e-35 1.5000000000000002 0.69149300000000014 0.41630950000000005
decision_type=2 8 10 2 10
left_child=4 2 -2 -3 -1
right_child=1 3 -4 -5 -6
leaf_value=-0.025164410674879144 -0.0085280664369591693 0 0.01221373546787533 0.020331641817075287 0
leaf_weight=8.6456017754971946 18.883529923856262 6.4285092912614372 10.188852638006209 20.596976913511753 0.93778399378061372
leaf_count=117 98 67 39 164 7
internal_value=0.00236138 0.00815109 0 0.016894 -0.0230089
internal_weight=65.6813 56.0979 29.0724 27.0255 9.58339
internal_count=492 368 137 231 124
is_linear=0
shrinkage=0.03


Tree=58
num_leaves=6
num_cat=0
split_feature=21 4 18 15 15
split_gain=9.55646 5.86173 3.03169 2.16606 1.95648
threshold=0.11378600000000001 1.0000000180025095e-35 0.12250800000000002 0.095195500000000016 0.23709800000000003
decision_type=10 8 10 10 8
left_child=1 2 -1 -2 -3
right_child=3 4 -4 -5 -6
leaf_value=-0.024618310712522247 0 0.016774029936980701 0 0.024839307545734723 -0.00045121527615332632
leaf_weight=13.271496109664442 3.4434675425291053 4.0207674801349667 9.6592816188931447 10.733606718480585 20.218068044632673
leaf_count=101 16 20 49 41 254
internal_value=0 -0.00643386 -0.0165855 0.0194888 0.0028375
internal_weight=61.3467 47.1696 22.9308 14.1771 24.2388
internal_count=481 424 150 57 274
is_linear=0
shrinkage=0.03


Tree=59
num_leaves=7
num_cat=0
split_feature=25 21 21 22 16 2
split_gain=9.76962 4.24607 1.57738 1.02742 0.363572 0.352108
threshold=0.78033050000000015 0.11378600000000001 1.0000000180025095e-35 0.008709500000000002 0.23672500000000002 1.0000000180025095e-35
decision_type=2 10 8 8 8 10
left_child=1 4 -2 -4 -1 -3
right_child=2 5 3 -5 -6 -7
leaf_value=-0.020034459103034391 0 0 0 0.017498886861492063 -0.0068731399967773502 0.010770129478094748
leaf_weight=15.36052682250738 3.2742486745119121 4.4651866704225531 1.3002358078956628 18.635704763233662 18.793552648276091 3.0066528990864754
leaf_count=112 19 20 7 126 213 12
internal_value=-0.00132086 -0.0101861 0.0127799 0.015765 -0.0147395 0.00602274
internal_weight=64.8361 41.6259 23.2102 19.9359 34.1541 7.47184
internal_count=509 357 152 133 325 32
is_linear=0
shrinkage=0.03


Tree=60
num_leaves=5
num_cat=0
split_feature=4 5 22 17
split_gain=11.4125 9.59511 4.08206 2.18823
threshold=1.0000000180025095e-35 1.5000000000000002 0.044478500000000004 0.18755600000000003
decision_type=10 8 10 10
left_child=1 3 -3 -1
right_child=-2 2 -4 -5
leaf_value=-0.027034511818004522 0.024315425636404278 -0.00081057351315614071 0.021453938953401648 -0.0041008090655446066
leaf_weight=13.040439166128637 10.939834251999853 24.013744927942756 6.4030248373746863 11.2239408865571
leaf_count=96 53 268 22 63
internal_value=0 -0.00593157 0.00448384 -0.0191449
internal_weight=65.621 54.6811 30.4168 24.2644
internal_count=502 449 290 159
is_linear=0
shrinkage=0.03


Tree=61
num_leaves=5
num_cat=0
split_feature=4 5 2 18
split_gain=10.3333 8.15402 4.85018 4.38794
threshold=1.0000000180025095e-35 1.5000000000000002 0.41428550000000003 0.56142400000000003
decision_type=10 8 8 10
left_child=1 3 -3 -1
right_child=-2 2 -4 -5
leaf_value=-0.02380806369609997 0.023286607353799393 0.019993546900179068 -0.0031133700691276015 0.0052050043747856644
leaf_weight=19.524018660187725 10.492989405989645 8.1448247134685534 23.614771816879511 2.7555617168545714
leaf_count=137 52 29 277 12
internal_value=0 -0.00589652 0.00316353 -0.0188411
internal_weight=64.5322 54.0392 31.7596 22.2796
internal_count=507 455 306 149
is_linear=0
shrinkage=0.03


Tree=62
num_leaves=5
num_cat=0
split_feature=4 25 7 15
split_gain=12.459 7.94992 3.51073 0.801082
threshold=1.0000000180025095e-35 0.64408250000000011 1.0000000180025095e-35 0.28445600000000004
decision_type=10 2 10 10
left_child=1 3 -3 -1
right_child=-2 2 -4 -5
leaf_value=-0.024497162551778015 0.024877215042697073 0.0043201342543716485 -0.020915482335005748 0
leaf_weight=13.38003076612949 11.92906032502651 37.59526177868247 2.5371501445770255 0.84060557931661684
leaf_count=162 60 266 14 5
internal_value=7.0757e-05 -0.00586702 0.000685443 -0.0229989
internal_weight=66.2821 54.353 40.1324 14.2206
internal_count=507 447 280 167
is_linear=0
shrinkage=0.03


Tree=63
num_leaves=6
num_cat=0
split_feature=3 22 18 5 15
split_gain=9.26186 7.15185 6.26511 2.15834 0.0526295
threshold=1.0000000180025095e-35 0.041865000000000006 0.29966750000000003 4.5000000000000009 0.16894050000000002
decision_type=10 8 10 10 8
left_child=1 3 -3 -1 -2
right_child=4 2 -4 -5 -6
leaf_value=-0.024501066084693914 0.024077879409424966 -0.0050328734991840433 0.021273089935502788 0 0
leaf_weight=14.363372758030891 7.918620511889455 30.132726050913334 7.6536477059125891 1.7678144723176963 1.8749170377850539
leaf_count=116 40 298 28 7 11
internal_value=-0.000440815 -0.00602478 0.000732676 -0.0210546 0.0221603
internal_weight=63.7111 53.9176 37.7864 16.1312 9.79354
internal_count=500 449 326 123 51
is_linear=0
shrinkage=0.03


Tree=64
num_leaves=5
num_cat=0
split_feature=4 5 18 24
split_gain=8.6453 10.1599 4.06135 2.43355
threshold=1.0000000180025095e-35 1.5000000000000002 0.56142400000000003 0.98241700000000021
decision_type=10 8 10 2
left_child=1 2 -1 -3
right_child=-2 3 -4 -5
leaf_value=-0.02336193808471284 0.021589048783630979 -0.0019685420741106562 0.0042709364329757043 0.013047515172752162
leaf_weight=21.105307377874855 10.374547772109507 12.770435828715565 2.7980601862072936 15.875333867967127
leaf_count=148 54 145 12 133
internal_value=0 -0.00527735 -0.0188967 0.00585328
internal_weight=62.9237 52.5491 23.9034 28.6458
internal_count=492 438 160 278
is_linear=0
shrinkage=0.03


Tree=65
num_leaves=7
num_cat=0
split_feature=23 24 3 25 23 24
split_gain=7.67892 4.75456 3.66567 2.47674 2.33627 0.246363
threshold=0.0063255000000000013 0.97140950000000015 1.5000000000000002 0.58551750000000002 0.13196500000000003 0.99273800000000012
decision_type=8 2 8 2 8 2
left_child=2 4 5 -3 -2 -1
right_child=1 3 -4 -5 -6 -7
leaf_value=-0.02413954666909595 0.0067060468259950608 -0.0076838075798510846 0.0065163861542247726 0.01395385589133463 -0.01547092732442913 0
leaf_weight=10.865838281810278 2.4368597716093037 1.6360378302633751 1.7348707914352424 35.572355441749096 8.4456570111215115 1.0577669888734824
leaf_count=101 10 32 10 244 81 7
internal_value=0.000315062 0.00649813 -0.016904 0.011754 -0.00796794 -0.0229469
internal_weight=61.7494 48.0909 13.6585 37.2084 10.8825 11.9236
internal_count=485 367 118 276 91 108
is_linear=0
shrinkage=0.03


Tree=66
num_leaves=4
num_cat=0
split_feature=3 23 23
split_gain=8.53073 6.75375 3.08215
threshold=1.5000000000000002 0.0063255000000000013 0.034224500000000012
decision_type=10 8 8
left_child=1 -1 -3
right_child=-2 2 -4
leaf_value=-0.022177857242494329 0.023650222806937887 0.019526208092292358 -0.0019468841553359306
leaf_weight=12.145889416337011 8.2571189254522306 3.8785554468631736 39.547225445508957
leaf_count=114 45 13 335
internal_value=0 -0.00485603 0.000462622
internal_weight=63.8288 55.5717 43.4258
internal_count=507 462 348
is_linear=0
shrinkage=0.03


Tree=67
num_leaves=6
num_cat=0
split_feature=4 22 5 16 19
split_gain=8.95953 8.87899 4.46458 0.808414 0.118
threshold=1.0000000180025095e-35 0.040069000000000007 1.5000000000000002 0.13103100000000004 0.13508500000000004
decision_type=10 8 10 8 8
left_child=1 3 -3 -1 -2
right_child=4 2 -4 -5 -6
leaf_value=-0.027924654124653801 0.024591399871037416 -0.0025559484713552432 0.019381189657643072 -0.00074408735027560458 0
leaf_weight=9.6678290367126429 8.2996049523353541 31.784656375646591 7.5530191063880912 3.8484579101204881 1.7888838723301894
leaf_count=91 44 311 27 26 10
internal_value=0 -0.00489166 0.00202237 -0.0235429 0.0226709
internal_weight=62.9425 52.854 39.3377 13.5163 10.0885
internal_count=509 455 338 117 54
is_linear=0
shrinkage=0.03


Tree=68
num_leaves=4
num_cat=0
split_feature=25 24 20
split_gain=7.66423 4.5449 3.04985
threshold=0.58551750000000002 0.95943100000000014 0.47203500000000004
decision_type=2 2 10
left_child=-1 -2 -3
right_child=1 2 -4
leaf_value=-0.021296990541060722 -0.016596729686047508 0.012068420334378854 -0.0086055731799482057
leaf_weight=7.1420527510344973 3.1782794892787924 46.736910257488489 3.4643981531262389
leaf_count=109 26 317 21
internal_value=0.00214229 0.00677686 0.009673
internal_weight=60.5216 53.3796 50.2013
internal_count=473 364 338
is_linear=0
shrinkage=0.03


Tree=69
num_leaves=5
num_cat=0
split_feature=3 5 2 15
split_gain=7.0113 4.78891 3.29691 2.02414
threshold=1.5000000000000002 1.5000000000000002 0.64583350000000006 0.32105100000000003
decision_type=10 8 8 10
left_child=1 3 -3 -1
right_child=-2 2 -4 -5
leaf_value=-0.016430274606247228 0.022815258659792573 0.016950909764388476 -0.0018837719851451426 0.00029220722854970862
leaf_weight=20.628850191831592 7.7453410327434531 8.6764635145664233 20.623064182698727 4.1983740106225005
leaf_count=149 44 32 251 18
internal_value=0.000192053 -0.00354823 0.0038213 -0.0127977
internal_weight=61.8721 54.1268 29.2995 24.8272
internal_count=494 450 283 167
is_linear=0
shrinkage=0.03


Tree=70
num_leaves=7
num_cat=0
split_feature=25 20 21 19 19 21
split_gain=7.01608 5.10428 3.21659 0.90153 0.561312 0.445703
threshold=0.63011150000000016 0.27370350000000004 0.094693500000000014 0.19383400000000003 0.27920200000000006 0.14922000000000005
decision_type=2 10 10 10 10 10
left_child=3 2 -2 -1 -5 -3
right_child=1 5 -4 4 -6 -7
leaf_value=-0.021186975948743463 0.0030454972123001699 -0.017138487090329495 0.022766942404791945 0.0057352719108389382 -0.0083660297423837141 0
leaf_weight=9.3676040284335595 30.076776001602411 4.4091151207685462 10.4682629853487 1.7650150656700128 1.978446692228317 1.7640138715505598
leaf_count=138 243 27 44 7 20 8
internal_value=0 0.00562691 0.010044 -0.017153 0 -0.0139109
internal_weight=59.8292 46.7182 40.545 13.1111 3.74346 6.17313
internal_count=487 322 287 165 27 35
is_linear=0
shrinkage=0.03


Tree=71
num_leaves=5
num_cat=0
split_feature=4 18 23 15
split_gain=7.08794 5.65559 4.54042 2.32982
threshold=1.0000000180025095e-35 0.29966750000000003 0.52579900000000002 0.34860600000000003
decision_type=10 8 8 10
left_child=1 3 -3 -1
right_child=-2 2 -4 -5
leaf_value=-0.018389090902931827 0.020402929648732061 0.019814925213916583 -0.0029639143579765184 0.0015364043131516735
leaf_weight=20.318444140255455 9.6767180413007718 7.8516709655523327 21.5245894305408 2.8670079112052909
leaf_count=141 53 32 266 12
internal_value=0 -0.00445369 0.00346971 -0.0148858
internal_weight=62.2384 52.5617 29.3763 23.1855
internal_count=504 451 298 153
is_linear=0
shrinkage=0.03


Tree=72
num_leaves=5
num_cat=0
split_feature=4 23 22 17
split_gain=8.26243 7.06598 3.48811 0.225463
threshold=1.0000000180025095e-35 0.0097775000000000015 0.040069000000000007 0.47875600000000001
decision_type=10 8 10 10
left_child=1 3 -3 -1
right_child=-2 2 -4 -5
leaf_value=-0.025618664461883562 0.021953073863711394 -0.0054434199703815933 0.011153285509631707 0
leaf_weight=9.0431610345840436 9.6219508722424489 25.410403657704592 15.560468003153799 1.6073577925562847
leaf_count=91 54 285 61 15
internal_value=0 -0.00497735 0.000508528 -0.0237522
internal_weight=61.2433 51.6214 40.9709 10.6505
internal_count=506 452 346 106
is_linear=0
shrinkage=0.03


Tree=73
num_leaves=6
num_cat=0
split_feature=25 24 21 24 22
split_gain=7.16779 3.86253 4.3428 4.21937 0.734231
threshold=0.59491450000000012 0.97931000000000012 0.12386950000000001 0.98791800000000018 0.13851550000000004
decision_type=2 2 10 2 10
left_child=4 2 -2 -3 -1
right_child=1 3 -4 -5 -6
leaf_value=-0.023512102919643538 -0.013958358809639772 0.019228234746957829 0.010778738892853978 -0.00085622918663426654 0
leaf_weight=7.4408773109316808 13.073675371706488 19.316281598061327 6.7184593379497519 11.222092434763907 0.83545046299695958
leaf_count=115 121 128 29 83 5
internal_value=0 0.00501244 -0.00393159 0.0115368 -0.0212899
internal_weight=58.6068 50.3305 19.7921 30.5384 8.27633
internal_count=481 361 150 211 120
is_linear=0
shrinkage=0.03


Tree=74
num_leaves=6
num_cat=0
split_feature=4 18 2 16 18
split_gain=6.72923 6.19574 3.80298 2.44659 0.390597
threshold=1.0000000180025095e-35 0.12250800000000002 0.32575750000000009 0.26990450000000005 0.11886500000000001
decision_type=10 8 8 10 8
left_child=1 3 -3 -1 -2
right_child=4 2 -4 -5 -6
leaf_value=-0.02316155882043941 0.023320156044327765 0.015974584261419612 -0.0030373793366244872 0 0
leaf_weight=12.195531748235224 7.5464216470718357 10.706623151898382 23.405812993645668 3.0038026198744765 1.5621046721935279
leaf_count=100 43 44 268 16 10
internal_value=0.000570094 -0.00363801 0.00293037 -0.0180811 0.0210865
internal_weight=58.4203 49.3118 34.1124 15.1993 9.10853
internal_count=481 428 312 116 53
is_linear=0
shrinkage=0.03


Tree=75
num_leaves=7
num_cat=0
split_feature=22 3 23 2 25 5
split_gain=6.3498 5.88707 4.01269 2.97708 2.44452 1.20571
threshold=0.040069000000000007 1.0000000180025095e-35 0.0014810000000000001 0.32575750000000009 0.78033050000000015 4.5000000000000009
decision_type=10 8 10 10 2 10
left_child=1 5 -2 -4 -3 -1
right_child=2 4 3 -5 -6 -7
leaf_value=-0.022989557984072977 -0.0097767979519685234 -0.004876527060495699 0.022040392790358007 -0.00022004415498882887 0.012563587311995774 0
leaf_weight=13.476161830127236 2.9112347364425686 14.61724189296365 15.702108323574068 3.9197223633527747 8.4785504341125471 1.3686091601848609
leaf_count=118 20 191 65 19 81 6
internal_value=0 -0.00758462 0.0114709 0.016828 0.0010845 -0.0206682
internal_weight=60.4736 37.9406 22.5331 19.6218 23.0958 14.8448
internal_count=500 396 104 84 272 124
is_linear=0
shrinkage=0.03


Tree=76
num_leaves=6
num_cat=0
split_feature=4 22 23 15 16
split_gain=7.55886 5.69528 1.758 0.359375 0.336971
threshold=1.0000000180025095e-35 0.044478500000000004 0.0097775000000000015 0.17304900000000004 0.15584450000000002
decision_type=10 8 10 8 8
left_child=1 4 -3 -2 -1
right_child=3 2 -4 -5 -6
leaf_value=-0.022999742307068222 0.022427158422756294 -0.0036878708186186076 0.0082237374923159207 0 -0.0018300978184993013
leaf_weight=9.8517800420522654 8.3526208549737895 22.437129519879818 15.582919061183928 1.5740630552172667 4.8738451674580583
leaf_count=94 47 277 62 10 32
internal_value=0 -0.00504049 0.000707269 0.0204135 -0.0191811
internal_weight=62.6724 52.7457 38.02 9.92668 14.7256
internal_count=522 465 339 57 126
is_linear=0
shrinkage=0.03


Tree=77
num_leaves=7
num_cat=0
split_feature=25 20 16 19 15 21
split_gain=7.22048 2.70287 1.36467 0.979835 0.751237 0.313394
threshold=0.59491450000000012 0.27370350000000004 0.27914100000000003 0.21970850000000003 0.32105100000000003 0.060966000000000013
decision_type=2 10 10 10 10 10
left_child=4 3 -3 -2 5 -1
right_child=1 2 -4 -5 -6 -7
leaf_value=-0.022389493166035664 0.010830763390110687 -0.015412761865016288 0.0020288781252401898 0 0 0
leaf_weight=8.1563642434775776 36.847162745893002 4.3315910696983329 2.374033160507679 6.4715260341763488 0.7263357415795334 0.82253598421812135
leaf_count=134 293 28 11 34 4 4
internal_value=0.000707287 0.00597881 -0.00742835 0.00904859 -0.0190988 -0.0210552
internal_weight=59.7295 50.0243 6.70562 43.3187 9.70524 8.9789
internal_count=508 366 39 327 142 138
is_linear=0
shrinkage=0.03


Tree=78
num_leaves=7
num_cat=0
split_feature=25 4 5 18 25 4
split_gain=7.08018 3.99725 2.83143 2.09116 0.624107 0.537392
threshold=0.67941450000000014 1.0000000180025095e-35 1.5000000000000002 0.29966750000000003 0.78477400000000008 1.0000000180025095e-35
decision_type=2 8 10 10 2 10
left_child=2 3 5 -2 -3 -1
right_child=1 4 -4 -5 -6 -7
leaf_value=-0.019642746382691766 -0.010089935829238564 0.0011135375250990588 0.0047722175670751694 0.0079731671987877117 0.018343619837523199 0
leaf_weight=18.197611056268222 12.846199542284014 7.2401085197925594 2.2178202569484702 4.7598534226417533 12.448250893503426 1.0828731507062901
leaf_count=226 66 74 8 19 107 5
internal_value=-0.00165722 0.00562766 -0.0146609 -0.0033008 0.0143148 -0.0185843
internal_weight=58.7927 37.2944 21.4983 17.6061 19.6884 19.2805
internal_count=505 266 239 85 181 231
is_linear=0
shrinkage=0.03


Tree=79
num_leaves=5
num_cat=0
split_feature=25 4 9 15
split_gain=7.76617 3.69655 3.98301 0.341249
threshold=0.59491450000000012 1.0000000180025095e-35 1.0000000180025095e-35 0.17304900000000004
decision_type=2 10 10 8
left_child=-1 2 -2 -3
right_child=1 3 -4 -5
leaf_value=-0.022799828050536316 0.0034501914187528111 0.020879523128719636 -0.022413004337046558 0
leaf_weight=8.3255764469504339 40.991817839443684 7.8639250844716999 3.0935337394475928 1.5297772437334067
leaf_count=133 305 47 18 10
internal_value=0 0.00441751 0 0.0189041
internal_weight=61.8046 53.4791 44.0854 9.3937
internal_count=513 380 323 57
is_linear=0
shrinkage=0.03


Tree=80
num_leaves=5
num_cat=0
split_feature=4 18 5 21
split_gain=6.48995 5.6604 2.66736 1.64776
threshold=1.0000000180025095e-35 0.12250800000000002 1.5000000000000002 0.094693500000000014
decision_type=10 8 10 10
left_child=1 3 -3 -1
right_child=-2 2 -4 -5
leaf_value=-0.022465967501817147 0.020446487883146472 -0.0016240605517102069 0.01582797060980233 0
leaf_weight=11.807042099535463 8.5541713386774045 30.905664779245853 6.6827367991209021 4.1883106008172026
leaf_count=108 50 319 25 20
internal_value=0 -0.00422621 0.00168012 -0.0177585
internal_weight=62.1379 53.5838 37.5884 15.9954
internal_count=522 472 344 128
is_linear=0
shrinkage=0.03


Tree=81
num_leaves=6
num_cat=0
split_feature=25 20 24 15 18
split_gain=5.22649 3.83169 2.91538 0.861453 0.829483
threshold=0.59491450000000012 0.27370350000000004 0.95943100000000014 0.054189000000000008 0.3261150000000001
decision_type=2 10 2 10 10
left_child=4 2 -2 -3 -1
right_child=1 3 -4 -5 -6
leaf_value=-0.020109717934085558 -0.01203175296837538 0 0.010810838683671066 -0.017161652960666473 0
leaf_weight=7.4920525923371297 1.9589309915900219 2.497852534055709 41.99199353158474 4.0766308605670929 1.6793910488486288
leaf_count=131 19 15 312 24 10
internal_value=0.000295003 0.00476015 0.00845003 -0.0116923 -0.016949
internal_weight=59.6969 50.5254 43.9509 6.57448 9.17144
internal_count=511 370 331 39 141
is_linear=0
shrinkage=0.03


Tree=82
num_leaves=7
num_cat=0
split_feature=21 24 25 24 25 15
split_gain=5.84693 7.40106 2.36868 2.20263 1.57144 0.215619
threshold=0.11378600000000001 0.98241700000000021 0.61471700000000007 0.98814900000000006 0.89108700000000007 0.095195500000000016
decision_type=10 2 2 2 2 10
left_child=1 4 -3 5 -1 -2
right_child=3 2 -4 -5 -6 -7
leaf_value=-0.01753837675468279 0 -0.0076721729056801243 0.0115833409238414 -0.0015470008981944144 0.00033818216178784367 0.023051903858707801
leaf_weight=21.080741241574291 2.6785004064440718 3.4107577726244953 19.793504290282726 1.7111321091651905 1.4078214913606633 9.9736432880163175
leaf_count=227 14 52 150 10 10 41
internal_value=0.0012773 -0.00361462 0.00705383 0.0165031 -0.0153342 0.0206895
internal_weight=60.0561 45.6928 23.2043 14.3633 22.4886 12.6521
internal_count=504 439 202 65 237 55
is_linear=0
shrinkage=0.03


Tree=83
num_leaves=7
num_cat=0
split_feature=25 18 24 4 21 20
split_gain=5.01978 3.30581 2.57003 2.37418 0.812935 0.462515
threshold=0.78477400000000008 0.3261150000000001 0.98266600000000015 1.0000000180025095e-35 0.19507150000000004 0.23375250000000003
decision_type=2 10 2 8 10 10
left_child=1 2 -1 4 -2 -3
right_child=3 5 -4 -5 -6 -7
leaf_value=-0.015796710073183905 -0.0061153935160998905 0.014944450066485541 0 0.019192779518441581 0.0083576666047116398 0
leaf_weight=18.757852882146835 5.7537608742713946 3.1907337233424178 14.07850222289562 12.134148716926573 2.7876114547252655 2.2578648701310158
leaf_count=203 29 12 132 107 11 12
internal_value=0.000669427 -0.00517929 -0.00932526 0.0120506 0 0.0106949
internal_weight=58.9605 38.285 32.8364 20.6755 8.54137 5.4486
internal_count=506 359 335 147 40 24
is_linear=0
shrinkage=0.03


Tree=84
num_leaves=5
num_cat=0
split_feature=4 21 2 5
split_gain=6.37404 4.76394 2.57826 1.81853
threshold=1.0000000180025095e-35 0.11378600000000001 0.042241500000000008 1.5000000000000002
decision_type=10 8 10 10
left_child=1 3 -3 -1
right_child=-2 2 -4 -5
leaf_value=-0.020826162005433583 0.019984534229517115 -0.0014311406176166746 0.017338445294131075 0
leaf_weight=12.933182053267958 8.5258039683103544 24.718161739408973 5.0188324227929106 6.2328719198703757
leaf_count=118 53 280 19 27
internal_value=0 -0.00467307 0.00211887 -0.015425
internal_weight=57.4289 48.903 29.737 19.1661
internal_count=497 444 299 145
is_linear=0
shrinkage=0.03


Tree=85
num_leaves=6
num_cat=0
split_feature=21 24 24 18 25
split_gain=5.50378 3.92333 2.00672 1.46569 0.714605
threshold=0.11378600000000001 0.98241700000000021 0.99078500000000014 0.3261150000000001 0.69149300000000014
decision_type=10 2 2 8 2
left_child=1 3 -3 -1 -2
right_child=4 2 -4 -5 -6
leaf_value=-0.021915307913674451 0 0.0095082936760484231 -0.0063410362026128384 -0.0024122032680734618 0.018517173160284429
leaf_weight=7.9427912198007133 2.9569465592503539 15.828943911939861 6.8454645164310923 12.491622794419525 11.133516870439051
leaf_count=69 14 132 73 151 52
internal_value=0.000787912 -0.00413333 0.00337304 -0.0131082 0.0156821
internal_weight=57.1993 43.1088 22.6744 20.4344 14.0905
internal_count=491 425 205 220 66
is_linear=0
shrinkage=0.03


Tree=86
num_leaves=6
num_cat=0
split_feature=25 20 24 18 25
split_gain=4.63185 4.26085 3.05822 1.20136 0.151017
threshold=0.63011150000000016 0.27370350000000004 0.98241700000000021 0.3261150000000001 0.70714550000000009
decision_type=2 10 2 10 2
left_child=3 2 -2 -1 -3
right_child=1 4 -4 -5 -6
leaf_value=-0.017547849743526866 0 0 0.01660659077818416 0 -0.016623074245902435
leaf_weight=9.0373556613922101 19.762679982930422 1.7253019511699665 21.216902770102024 2.2559674903750411 2.9264445081353188
leaf_count=146 142 11 156 13 17
internal_value=0.000911537 0.00572345 0.00944834 -0.0135529 -0.0140092
internal_weight=56.9247 45.6313 40.9796 11.2933 4.65175
internal_count=485 326 298 159 28
is_linear=0
shrinkage=0.03


Tree=87
num_leaves=6
num_cat=0
split_feature=4 5 2 15 15
split_gain=6.32369 5.6288 3.86604 3.63224 0.420018
threshold=1.0000000180025095e-35 1.5000000000000002 0.64583350000000006 0.32105100000000003 0.17304900000000004
decision_type=10 8 8 10 8
left_child=1 3 -3 -1 -2
right_child=4 2 -4 -5 -6
leaf_value=-0.023865805045239424 0.020493061832805828 0.017476556268065317 -0.0040570085248441343 0.00097992892137267426 0
leaf_weight=14.651337757706644 7.2740601003169987 7.3537495136261013 21.415465455502272 4.0953433737158766 1.4562401920557029
leaf_count=126 45 28 270 19 10
internal_value=-0.000970916 -0.00598656 0.00163347 -0.0176721 0.0183195
internal_weight=56.2462 47.5159 28.7692 18.7467 8.7303
internal_count=498 443 298 145 55
is_linear=0
shrinkage=0.03


Tree=88
num_leaves=5
num_cat=0
split_feature=3 18 5 17
split_gain=5.9193 4.7133 3.22588 2.92625
threshold=1.0000000180025095e-35 0.29966750000000003 4.5000000000000009 0.42449350000000002
decision_type=10 8 10 8
left_child=1 2 -1 -3
right_child=-2 3 -4 -5
leaf_value=-0.018283562210288897 0.020245169512019427 0.016568902426010907 0.0056271778420199916 -0.0019713767117012699
leaf_weight=19.877823699265722 7.5827975422143927 7.372532486915591 2.7941190004348746 20.129230171442032
leaf_count=153 49 31 11 257
internal_value=0 -0.00431451 -0.013855 0.00315605
internal_weight=57.7565 50.1737 22.6719 27.5018
internal_count=501 452 164 288
is_linear=0
shrinkage=0.03


Tree=89
num_leaves=6
num_cat=0
split_feature=25 4 18 15 18
split_gain=5.74919 3.40707 4.16975 0.75818 0.521588
threshold=0.59491450000000012 1.0000000180025095e-35 0.090107500000000021 0.32105100000000003 0.15452400000000002
decision_type=2 10 8 10 8
left_child=3 2 -2 -1 -3
right_child=1 4 -4 -5 -6
leaf_value=-0.020419899245379614 -0.013729400873551907 0.022251540747490955 0.0064173669482334985 0 0
leaf_weight=7.6801049634814245 9.538731321692465 7.0042081326246235 30.863072205334902 0.7103738635778426 1.4286471903324134
leaf_count=138 59 44 246 4 10
internal_value=0.000570002 0.00523934 0.000349352 -0.0181951 0.019804
internal_weight=57.2251 48.8347 40.4018 8.39048 8.43286
internal_count=501 359 305 142 54
is_linear=0
shrinkage=0.03


Tree=90
num_leaves=6
num_cat=0
split_feature=23 2 3 23 3
split_gain=5.52065 4.53472 2.7552 2.23719 1.51227
threshold=0.0063255000000000013 0.32575750000000009 1.5000000000000002 0.50185950000000012 1.0000000180025095e-35
decision_type=8 8 8 10 8
left_child=2 3 -1 -2 -3
right_child=1 4 -4 -5 -6
leaf_value=-0.022320944276123321 0.019497709562842785 -0.012175550187762427 0.0040437396979655631 0 0.0008030136588705975
leaf_weight=9.8960952162742579 15.046391718089582 7.3228786811232593 1.4316052794456489 3.7269339337944976 21.160349704325199
leaf_count=117 67 38 11 20 267
internal_value=0 0.00434925 -0.0167461 0.0149203 -0.00242306
internal_weight=58.5843 47.2566 11.3277 18.7733 28.4832
internal_count=520 392 128 87 305
is_linear=0
shrinkage=0.03


Tree=91
num_leaves=5
num_cat=0
split_feature=3 22 18 16
split_gain=4.06178 5.58294 2.19462 1.70435
threshold=1.5000000000000002 0.040069000000000007 0.29966750000000003 0.18622950000000002
decision_type=10 8 10 8
left_child=1 3 -3 -1
right_child=-2 2 -4 -5
leaf_value=-0.025929601444942347 0.01761507524907081 -0.0022360849086683851 0.01387436650149875 0
leaf_weight=8.6542826443910563 5.06622340530157 30.831216301769018 6.4670435339212409 4.444229383021594
leaf_count=92 37 313 27 31
internal_value=-0.00155182 -0.00492185 0.000637739 -0.0197851
internal_weight=55.463 50.3968 37.2983 13.0985
internal_count=500 463 340 123
is_linear=0
shrinkage=0.03


Tree=92
num_leaves=7
num_cat=0
split_feature=24 21 25 4 20 23
split_gain=5.06097 3.78858 3.12691 2.42431 2.14455 0.0940541
threshold=0.98241700000000021 0.24561150000000001 0.63011150000000016 1.0000000180025095e-35 0.24846600000000005 0.15046750000000003
decision_type=2 10 2 8 10 10
left_child=1 3 5 -1 -4 -2
right_child=2 -3 4 -5 -6 -7
leaf_value=-0.021113208383988814 -0.0099601466788206 0.010059687519281648 0.016473343112520487 -4.2274714804346639e-06 -0.0028058741047744342 0
leaf_weight=12.792881667613988 2.7881541177630456 4.181511051952838 21.289537709206346 11.405510578304527 2.4672795683145514 0.71668779850006092
leaf_count=103 51 18 158 151 13 3
internal_value=0 -0.00832557 0.00886791 -0.0133647 0.0132598 -0.00867532
internal_weight=55.6416 28.3799 27.2617 24.1984 23.7568 3.50484
internal_count=497 272 225 254 171 54
is_linear=0
shrinkage=0.03


Tree=93
num_leaves=6
num_cat=0
split_feature=4 21 16 25 19
split_gain=6.35037 4.53539 2.96834 2.72249 0.515492
threshold=1.0000000180025095e-35 0.094693500000000014 0.18622950000000002 0.67941450000000014 0.1901245
decision_type=10 8 10 2 8
left_child=1 2 -1 -3 -2
right_child=4 3 -4 -5 -6
leaf_value=-0.02356205970731659 0.021490885296127381 -0.010234393117816935 0 0.0071918193723017523 0
leaf_weight=12.444207247346641 6.5794033482670757 8.6673677153885382 6.9043214321136466 21.078844483941793 1.425430595874787
leaf_count=116 44 129 44 169 10
internal_value=-0.00117595 -0.00593995 -0.0162517 0.000725649 0.0189704
internal_weight=57.0996 49.0947 19.3485 29.7462 8.00483
internal_count=512 458 160 298 54
is_linear=0
shrinkage=0.03


Tree=94
num_leaves=6
num_cat=0
split_feature=25 21 20 4 22
split_gain=5.65354 2.48334 4.23402 2.00276 0.484876
threshold=0.63011150000000016 0.11378600000000001 0.14203300000000005 1.0000000180025095e-35 0.42430300000000004
decision_type=2 10 10 10 10
left_child=3 2 -2 -1 -3
right_child=1 4 -4 -5 -6
leaf_value=-0.021260102874174822 0.0057063692181101777 0.017319061750453189 -0.01742803570484696 0.0022429449734395145 0
leaf_weight=9.6528154276311362 27.47922932729125 9.7481183037161809 6.2782293185591689 0.83467319607734758 2.134737715125083
leaf_count=167 242 47 41 3 10
internal_value=0 0.00486748 0 -0.0170824 0.0150866
internal_weight=56.1278 45.6403 33.7575 10.4875 11.8829
internal_count=510 340 283 170 57
is_linear=0
shrinkage=0.03


Tree=95
num_leaves=6
num_cat=0
split_feature=3 22 23 24 19
split_gain=3.54771 3.72748 2.15877 2.15839 0.323322
threshold=1.0000000180025095e-35 0.040069000000000007 0.0097775000000000015 0.98241700000000021 0.24027500000000004
decision_type=10 8 10 2 10
left_child=1 3 -3 -1 -2
right_child=4 2 -4 -5 -6
leaf_value=-0.023100872094182743 0.019499246163100458 -0.0021567484365759616 0.010870673392920256 0 0
leaf_weight=6.5797971971333009 5.9585979953408232 21.906475737690926 15.2168593108654 7.3263300098478794 1.3653128966689108
leaf_count=73 43 273 63 54 8
internal_value=0.00101313 -0.00161352 0.00284903 -0.0136927 0.017371
internal_weight=58.3534 51.0295 37.1233 13.9061 7.32391
internal_count=514 463 336 127 51
is_linear=0
shrinkage=0.03


Tree=96
num_leaves=6
num_cat=0
split_feature=23 23 22 6 2
split_gain=4.52298 3.12387 2.66556 1.29414 0.390535
threshold=0.0014810000000000001 0.11923600000000002 0.044478500000000004 8.4887085000000031 0.32575750000000009
decision_type=8 8 8 8 8
left_child=3 4 -3 -1 -2
right_child=1 2 -4 -5 -6
leaf_value=-0.020386454854916362 0.020689329853479998 -0.016236721857371347 0.0028213953964656168 0 0
leaf_weight=8.007951389998194 5.932121038436887 5.0146173089742652 32.94161606952548 1.0286701545119292 4.024360492825509
leaf_count=99 26 30 322 9 20
internal_value=0 0.00360161 0 -0.0168322 0.0163697
internal_weight=56.9493 47.9127 37.9562 9.03662 9.95648
internal_count=506 398 352 108 46
is_linear=0
shrinkage=0.03


Tree=97
num_leaves=7
num_cat=0
split_feature=5 4 2 18 3 24
split_gain=5.85013 6.64657 3.26332 2.56673 0.419225 0.391223
threshold=1.5000000000000002 1.0000000180025095e-35 0.64583350000000006 0.58310450000000003 1.0000000180025095e-35 0.99125500000000011
decision_type=8 10 8 10 8 2
left_child=1 3 -2 -1 -4 -3
right_child=2 5 4 -5 -6 -7
leaf_value=-0.023905961690129644 0.018408740085594174 0.013919984006959329 -0.0087779857381637249 0.001902429273935496 0.001248531430914528 0
leaf_weight=16.279921963810928 10.491626091301443 3.5375988110899916 1.4394811391830469 1.2192081883549679 19.598162494599819 1.639069154858589
leaf_count=143 45 26 9 5 254 11
internal_value=-0.00067807 -0.0119333 0.00688137 -0.0206291 0 0.0105765
internal_weight=54.2051 22.6758 31.5293 17.4991 21.0376 5.17667
internal_count=493 185 308 148 263 37
is_linear=0
shrinkage=0.03


Tree=98
num_leaves=5
num_cat=0
split_feature=23 9 23 21
split_gain=4.76104 3.69852 3.15258 1.53135
threshold=0.0063255000000000013 8.2542165000000018 0.096218500000000012 0.094693500000000014
decision_type=8 8 8 8
left_child=1 -1 -2 -4
right_child=2 -3 3 -5
leaf_value=-0.024440358962216753 0.017804780639315801 0.0054607365752769622 -0.0081732399265449316 0.0038507325070324203
leaf_weight=7.8674129284918282 9.0075630918145162 2.1295625120401391 10.693297401070593 28.256648741662502
leaf_count=104 41 16 60 302
internal_value=0 -0.0159724 0.00436117 0
internal_weight=57.9545 9.99698 47.9575 38.9499
internal_count=523 120 403 362
is_linear=0
shrinkage=0.03


Tree=99
num_leaves=7
num_cat=0
split_feature=24 22 24 24 24 25
split_gain=4.34491 2.88451 2.20462 1.67521 1.04741 0.162572
threshold=0.98241700000000021 0.040069000000000007 0.98791800000000018 0.95943100000000014 0.99432500000000013 0.65221600000000013
decision_type=2 8 2 2 2 2
left_child=1 -1 5 -3 -4 -2
right_child=2 3 4 -5 -6 -7
leaf_value=-0.021207447717590387 0 -0.015093260821961904 -0.004624385825305259 0.0024752472155822763 0.01121370612458355 0.016861840745218088
leaf_weight=6.9396442696452167 1.8444138430058981 3.0216184519231346 11.465015847235916 19.379521954804659 2.0365686640143386 11.650130491703747
leaf_count=76 14 33 116 173 15 84
internal_value=0 -0.00761532 0.00823638 -0.000216172 0 0.0156096
internal_weight=56.3369 29.3408 26.9961 22.4011 13.5016 13.4945
internal_count=511 282 229 206 131 98
is_linear=0
shrinkage=0.03


Tree=100
num_leaves=5
num_cat=0
split_feature=4 18 23 15
split_gain=4.99559 4.67566 4.1347 1.48167
threshold=1.0000000180025095e-35 0.29966750000000003 0.52579900000000002 0.52511100000000011
decision_type=10 8 8 10
left_child=1 3 -3 -1
right_child=-2 2 -4 -5
leaf_value=-0.01675976898588628 0.019423993042278671 0.018819442691946079 -0.0030478511923019203 0.00064226614567421353
leaf_weight=18.274507157504562 6.9521812796592704 7.7362742647528675 21.106205962598324 1.3010045737028111
leaf_count=154 49 34 268 5
internal_value=0 -0.00379663 0.00309582 -0.0143427
internal_weight=55.3702 48.418 28.8425 19.5755
internal_count=510 461 302 159
is_linear=0
shrinkage=0.03


Tree=101
num_leaves=6
num_cat=0
split_feature=4 18 24 23 15
split_gain=3.21371 3.58934 3.24499 1.84653 0.365022
threshold=1.0000000180025095e-35 0.29966750000000003 0.98241700000000021 0.47808800000000007 0.16894050000000002
decision_type=10 10 2 8 10
left_child=1 2 -1 -3 -2
right_child=4 3 -4 -5 -6
leaf_value=-0.014849254295072591 0.018207049703827301 0.017606766500518845 0.00040910291438667039 -0.003311874710450561 0
leaf_weight=20.357684098184109 5.3854102641344062 6.8378293290734264 19.063877917826176 1.5699063092470176 1.3899312466382978
leaf_count=228 41 32 179 9 10
internal_value=0 -0.00294595 -0.00725616 0.0112272 0.0158352
internal_weight=54.6046 47.8293 39.4216 8.40774 6.77534
internal_count=499 448 407 41 51
is_linear=0
shrinkage=0.03


Tree=102
num_leaves=7
num_cat=0
split_feature=24 21 24 2 21 25
split_gain=4.33211 5.29671 3.13433 1.91254 1.19644 1.19486
threshold=0.98241700000000021 0.11378600000000001 0.98798800000000009 0.2950310000000001 0.0011505000000000003 0.89108700000000007
decision_type=2 10 2 10 8 2
left_child=1 5 4 -4 -2 -1
right_child=2 -3 3 -5 -6 -7
leaf_value=-0.016715322501953376 0 0.0094630675714449369 -0.010532077662858736 0.0088290793554279216 0.020724415579374912 0
leaf_weight=18.577200580388315 1.789350979030133 8.6316391527652723 6.5980679169297201 5.4233447276055813 12.417277198284864 1.3332265242934216
leaf_count=227 13 39 74 45 87 10
internal_value=0.000958382 -0.00623934 0.009654 0 0.0179515 -0.0147039
internal_weight=54.7701 28.5421 26.228 12.0214 14.2066 19.9104
internal_count=495 276 219 119 100 237
is_linear=0
shrinkage=0.03


Tree=103
num_leaves=5
num_cat=0
split_feature=3 23 23 20
split_gain=4.03957 1.74522 3.66848 1.07806
threshold=1.5000000000000002 0.0074560000000000008 0.13196500000000003 0.034742000000000009
decision_type=10 8 8 10
left_child=1 3 -3 -1
right_child=-2 2 -4 -5
leaf_value=0 0.018163568432176154 0.014799772980938479 -0.0054369143549597345 -0.020398469655511273
leaf_weight=3.7410413771867734 5.3753502145409575 7.2365926355123511 33.000073302537203 5.2395738586783409
leaf_count=52 42 29 323 62
internal_value=-0.000585433 -0.00413355 -0.00032912 -0.0143242
internal_weight=54.5926 49.2173 40.2367 8.98062
internal_count=508 466 352 114
is_linear=0
shrinkage=0.03


Tree=104
num_leaves=5
num_cat=0
split_feature=25 24 21 24
split_gain=3.40365 3.84625 1.98839 0.930744
threshold=0.58551750000000002 0.95943100000000014 0.049330500000000006 0.95391400000000004
decision_type=2 2 8 2
left_child=3 -2 -3 -1
right_child=1 2 -4 -5
leaf_value=0 -0.016510132359993924 0 0.011933192277687545 -0.018460237270166959
leaf_weight=0.95465169847011466 3.1275866404175749 15.069890130311249 30.825238075107336 5.2225742228329182
leaf_count=11 29 97 250 114
internal_value=0.00153423 0.00487403 0.00786842 -0.0146306
internal_weight=55.1999 49.0227 45.8951 6.17723
internal_count=501 376 347 125
is_linear=0
shrinkage=0.03


Tree=105
num_leaves=5
num_cat=0
split_feature=4 25 20 15
split_gain=4.25343 3.68426 3.21685 0.563813
threshold=1.0000000180025095e-35 0.63011150000000016 0.13225500000000004 0.32105100000000003
decision_type=10 2 10 10
left_child=1 3 -3 -1
right_child=-2 2 -4 -5
leaf_value=-0.019973075470353749 0.017773685705758116 0.006465414002025262 -0.011267757192858678 0
leaf_weight=7.87403631582856 7.4532448127865782 27.386973451822996 9.8869641758501512 0.83111070096492756
leaf_count=148 55 230 59 5
internal_value=0 -0.00327668 0.000527815 -0.01809
internal_weight=53.4323 45.9791 37.2739 8.70515
internal_count=497 442 289 153
is_linear=0
shrinkage=0.03


Tree=106
num_leaves=6
num_cat=0
split_feature=25 24 24 21 24
split_gain=2.21776 2.53463 2.58062 1.76316 0.899004
threshold=0.58551750000000002 0.97677600000000009 0.99086950000000018 0.29816800000000004 0.95093850000000013
decision_type=2 2 2 10 2
left_child=4 3 -3 -2 -1
right_child=1 2 -4 -5 -6
leaf_value=0 -0.010924572303568489 0.011276937200284361 -0.006258074502813093 0.006456474212949646 -0.018178692611179461
leaf_weight=0.94997022673487563 14.666598681360485 25.532121896743778 5.6916443407535544 2.8431664481759062 5.1113677173852921
leaf_count=10 135 190 52 12 115
internal_value=-0.000313747 0.00158675 0.00693559 -0.00610801 -0.0143711
internal_weight=54.7949 48.7335 31.2238 17.5098 6.06134
internal_count=514 389 242 147 125
is_linear=0
shrinkage=0.03


Tree=107
num_leaves=5
num_cat=0
split_feature=3 22 25 20
split_gain=3.48226 4.69022 1.62325 0.403757
threshold=1.0000000180025095e-35 0.040069000000000007 0.89108700000000007 0.059589500000000011
decision_type=10 8 2 10
left_child=1 3 -3 -1
right_child=-2 2 -4 -5
leaf_value=0 0.017365464280004402 -0.00024414099386561291 0.013972619775852005 -0.022188048009318506
leaf_weight=3.8479214124381524 6.0912614092230788 31.002837877720594 5.2441599443554869 6.8036242835223675
leaf_count=51 45 297 39 65
internal_value=0 -0.00280456 0.00195916 -0.0180811
internal_weight=52.9898 46.8985 36.247 10.6515
internal_count=497 452 336 116
is_linear=0
shrinkage=0.03


Tree=108
num_leaves=7
num_cat=0
split_feature=21 24 18 24 20 22
split_gain=2.47278 3.34747 1.89634 1.66814 1.38006 0.210108
threshold=0.11378600000000001 0.98241700000000021 0.3261150000000001 0.9873780000000002 0.056888000000000008 0.36700350000000009
decision_type=10 2 8 2 10 8
left_child=1 2 -1 5 -3 -2
right_child=3 4 -4 -5 -6 -7
leaf_value=-0.021125436610788625 0.018290181108910574 0.009417914305335371 -0.00080201736974637526 -0.0027487827393591845 -0.0035020001084945418 0
leaf_weight=7.0838251821696785 7.7572780549526188 15.400168091058733 13.307216625660656 1.6320385634899128 6.1797144189476958 2.5973488464951524
leaf_count=75 40 163 160 10 37 12
internal_value=0.000451082 -0.00255632 -0.0109488 0.011387 0.00452174 0.0159784
internal_weight=53.9576 41.9709 20.391 11.9867 21.5799 10.3546
internal_count=497 435 235 62 200 52
is_linear=0
shrinkage=0.03


Tree=109
num_leaves=5
num_cat=0
split_feature=3 22 16 24
split_gain=3.13444 3.54894 1.8897 1.30948
threshold=1.0000000180025095e-35 0.041865000000000006 0.18622950000000002 0.97191600000000011
decision_type=10 8 8 2
left_child=1 2 -1 -3
right_child=-2 3 -4 -5
leaf_value=-0.022644644743977167 0.016158308441028717 -0.00598478732959938 0 0.005133576934257764
leaf_weight=7.6210346892476055 5.5706743374466887 10.183330591768025 4.2181849181652078 25.012849248945713
leaf_count=92 43 101 30 233
internal_value=-4.2462e-05 -0.00341456 -0.0158873 0.000913879
internal_weight=52.6061 47.0354 11.8392 35.1962
internal_count=499 456 122 334
is_linear=0
shrinkage=0.03


Tree=110
num_leaves=5
num_cat=0
split_feature=4 22 24 5
split_gain=4.29831 3.72619 1.71984 0.635633
threshold=1.0000000180025095e-35 0.040069000000000007 0.98241700000000021 4.5000000000000009
decision_type=10 8 2 10
left_child=1 3 -3 -1
right_child=-2 2 -4 -5
leaf_value=-0.018939281428806416 0.018192023642709328 -0.0041953350818779564 0.007950678832770423 0
leaf_weight=10.10884806513786 6.3196006640791884 20.166258722543716 15.157759267836807 1.4101149067282683
leaf_count=110 48 189 141 7
internal_value=0 -0.00396643 0.000448186 -0.0168659
internal_weight=53.1626 46.843 35.324 11.519
internal_count=495 447 330 117
is_linear=0
shrinkage=0.03


Tree=111
num_leaves=6
num_cat=0
split_feature=25 20 23 20 25
split_gain=2.78986 2.71245 1.22449 0.848658 0.637316
threshold=0.59491450000000012 0.27370350000000004 0.57592050000000017 0.20972900000000003 0.70714550000000009
decision_type=2 10 10 10 2
left_child=3 2 -2 -1 -3
right_child=1 4 -4 -5 -6
leaf_value=-0.016566826836421439 0.010103313656755345 0 -0.0017920350409167448 0 -0.013783197635579508
leaf_weight=4.8160378746688357 38.896342098712921 3.3926874138414851 3.6250190213322631 1.5682040639221666 3.4484991431236267
leaf_count=104 320 21 22 19 21
internal_value=0.0021702 0.00518212 0.00837892 -0.0121328 -0.00813629
internal_weight=55.7468 49.3625 42.5214 6.38424 6.84119
internal_count=507 384 342 123 42
is_linear=0
shrinkage=0.03


Tree=112
num_leaves=7
num_cat=0
split_feature=20 25 24 22 25 21
split_gain=2.82631 2.99989 2.89862 0.688377 0.464482 0.253537
threshold=0.27370350000000004 0.59491450000000012 0.96110200000000012 0.13851550000000004 0.66939300000000013 0.24561150000000001
decision_type=10 2 2 10 2 10
left_child=1 3 -3 -1 -2 -6
right_child=4 2 -4 -5 5 -7
leaf_value=-0.015068556850405526 0 -0.01136819110606898 0.0098666207092161073 0 -0.02051288077147256 0
leaf_weight=4.9867174364626399 2.4206316806375971 2.9322927743196479 37.680978484451771 0.48718345165252674 3.1262735351920128 1.658727705478668
leaf_count=110 27 28 307 3 22 8
internal_value=5.25186e-05 0.00353167 0.00696908 -0.0118699 -0.0137574 -0.0173728
internal_weight=53.2928 46.0872 40.6133 5.4739 7.20563 4.785
internal_count=505 448 335 113 57 30
is_linear=0
shrinkage=0.03


Tree=113
num_leaves=5
num_cat=0
split_feature=3 18 24 22
split_gain=3.07648 2.66794 2.38791 2.22208
threshold=1.0000000180025095e-35 0.29966750000000003 0.98241700000000021 0.057707000000000001
decision_type=10 10 2 10
left_child=1 2 -1 -3
right_child=-2 3 -4 -5
leaf_value=-0.013428039340333786 0.016146697288286681 -0.0052770018289316429 0 0.017343794664728688
leaf_weight=20.092789612710476 5.6532885357737532 2.2286087796092016 19.443856798112392 6.1534041315317154
leaf_count=232 46 17 185 26
internal_value=0 -0.00317342 -0.0068823 0.008888
internal_weight=53.5719 47.9187 39.5366 8.38201
internal_count=506 460 417 43
is_linear=0
shrinkage=0.03


Tree=114
num_leaves=5
num_cat=0
split_feature=23 23 21 3
split_gain=3.63552 3.6308 2.0727 1.41534
threshold=0.0074560000000000008 0.096218500000000012 0.094693500000000014 1.5000000000000002
decision_type=8 8 10 8
left_child=3 -2 -3 -1
right_child=1 2 -4 -5
leaf_value=-0.019117584088146563 0.019436441790088278 -0.0044492303653964867 0.010319505514206262 0
leaf_weight=7.3886385597288582 7.6323302388191214 28.205992426723242 8.7162219509482366 0.91322245448827821
leaf_count=105 34 312 42 9
internal_value=0 0.00396845 0 -0.0149413
internal_weight=52.8564 44.5545 36.9222 8.30186
internal_count=502 388 354 114
is_linear=0
shrinkage=0.03


Tree=115
num_leaves=5
num_cat=0
split_feature=3 22 20 23
split_gain=2.55528 2.73193 2.8319 1.60429
threshold=1.5000000000000002 0.040069000000000007 0.059589500000000011 0.026457500000000005
decision_type=10 8 10 10
left_child=1 2 -1 -3
right_child=-2 3 -4 -5
leaf_value=0.00035216912763446549 0.016353491762928808 -0.0029913112368465779 -0.023266112810266398 0.008500782665023944
leaf_weight=4.1572565473616105 4.6843323409557334 21.061400417238474 6.5817385949194431 14.894196614623068
leaf_count=52 42 275 67 67
internal_value=0 -0.00221895 -0.013859 0.00128709
internal_weight=51.3789 46.6946 10.739 35.9556
internal_count=503 461 119 342
is_linear=0
shrinkage=0.03


Tree=116
num_leaves=7
num_cat=0
split_feature=24 25 24 16 13 20
split_gain=2.91431 2.78236 1.79308 1.45777 0.711976 0.505482
threshold=0.97677600000000009 0.61471700000000007 0.98791800000000018 0.30299150000000002 1.5000000000000002 0.39858150000000009
decision_type=2 2 2 10 10 10
left_child=3 5 -3 4 -1 -2
right_child=1 2 -4 -5 -6 -7
leaf_value=-0.014890166877836616 -0.014096716895122744 0.013219057074021713 0 0.0012324105046508031 0 0
leaf_weight=13.96080070361495 3.7459241598844519 20.104244120419029 10.08040129765868 3.6678353734314433 0.89665528386831361 0.48715467751026142
leaf_count=164 76 150 83 26 7 3
internal_value=0 0.00463836 0.00854588 -0.00918978 -0.0132175 -0.0110651
internal_weight=52.943 34.4177 30.1846 18.5253 14.8575 4.23308
internal_count=509 312 233 197 171 79
is_linear=0
shrinkage=0.03


Tree=117
num_leaves=5
num_cat=0
split_feature=18 3 22 5
split_gain=3.81164 4.29484 2.13715 1.88822
threshold=0.29966750000000003 1.5000000000000002 0.050230000000000004 4.5000000000000009
decision_type=10 10 10 8
left_child=1 3 -2 -1
right_child=2 -3 -4 -5
leaf_value=-0.014854104452826917 -0.00059024778454044293 0.015427564355850991 0.020928797759995139 -0.00047091936533142438
leaf_weight=19.314044531434774 2.6646797023713571 4.3413178399205199 6.7162331789731979 20.677979025989771
leaf_count=161 18 40 30 259
internal_value=-0.000517355 -0.00484536 0.0137313 -0.00866685
internal_weight=53.7143 44.3333 9.38091 39.992
internal_count=508 460 48 420
is_linear=0
shrinkage=0.03


Tree=118
num_leaves=5
num_cat=0
split_feature=25 24 2 24
split_gain=2.89612 2.40902 1.90124 0.828412
threshold=0.58551750000000002 0.95943100000000014 1.0000000180025095e-35 0.95093850000000013
decision_type=2 2 10 2
left_child=3 -2 -3 -1
right_child=1 2 -4 -5
leaf_value=0 -0.01186798830357986 0.00073076305906872208 0.014284516068977586 -0.016776465264128033
leaf_weight=0.91215964779257674 2.4763278327882281 24.91726016998291 19.998374052345753 4.572228092700243
leaf_count=9 25 237 123 111
internal_value=0.00260401 0.0056344 0.0079081 -0.0127795
internal_weight=52.8763 47.392 44.9156 5.48439
internal_count=505 385 360 120
is_linear=0
shrinkage=0.03


Tree=119
num_leaves=7
num_cat=0
split_feature=25 2 21 23 9 25
split_gain=2.48771 2.12368 1.45835 0.871394 0.813417 0.492077
threshold=0.7978090000000001 0.32575750000000009 0.094693500000000014 0.0063255000000000013 8.6592935000000022 0.75715350000000015
decision_type=2 10 10 8 10 2
left_child=2 3 4 -2 -1 -4
right_child=1 -3 5 -5 -6 -7
leaf_value=-0.010110585420535704 0 -0.0057411296913870346 0.0083134781803336204 0.016028057454915309 0.00081379588574070807 -0.00066075877061722564
leaf_weight=27.13655027188361 1.0788697972893686 3.0171019211411467 4.8844772279262534 11.082707371562719 1.1675577089190472 2.061432734131813
leaf_count=328 8 24 25 92 8 11
internal_value=-0.000680854 0.00785131 -0.00546676 0.0136708 -0.00866681 0.00323782
internal_weight=50.4287 15.1787 35.25 12.1616 28.3041 6.94591
internal_count=496 124 372 100 336 36
is_linear=0
shrinkage=0.03


Tree=120
num_leaves=5
num_cat=0
split_feature=3 22 19 15
split_gain=3.48142 2.32538 1.90939 1.30001
threshold=1.0000000180025095e-35 0.040069000000000007 0.11407300000000002 0.018980000000000004
decision_type=10 8 8 10
left_child=1 3 -3 -1
right_child=-2 2 -4 -5
leaf_value=0 0.017092212915522632 -0.011243147634495746 0.0042885427018745995 -0.019658293377427034
leaf_weight=4.9928335156291705 6.1958101019263259 5.8255354389548293 29.987630795687437 6.5892877764999866
leaf_count=76 52 32 313 49
internal_value=0 -0.00297749 0.00031541 -0.0131869
internal_weight=53.5911 47.3953 35.8132 11.5821
internal_count=522 470 345 125
is_linear=0
shrinkage=0.03


Tree=121
num_leaves=5
num_cat=0
split_feature=3 2 2 21
split_gain=2.64745 1.95403 2.8082 1.21122
threshold=1.5000000000000002 1.0000000180025095e-35 0.32575750000000009 0.29816800000000004
decision_type=10 8 8 8
left_child=1 3 -3 -1
right_child=-2 2 -4 -5
leaf_value=-0.017894923548063019 0.016434367113964791 0.014158720487906852 -0.0033874303418494167 0
leaf_weight=6.8024106062948677 4.7455819472670546 7.6420467048883429 31.371858812868595 2.0525052845478067
leaf_count=62 44 32 371 9
internal_value=0 -0.00239058 0.00010105 -0.0131466
internal_weight=52.6144 47.8688 39.0139 8.85492
internal_count=518 474 403 71
is_linear=0
shrinkage=0.03


Tree=122
num_leaves=7
num_cat=0
split_feature=21 15 16 6 15 22
split_gain=1.82153 2.2297 1.24026 1.15836 0.966617 0.58222
threshold=0.11378600000000001 0.051011500000000008 0.13103100000000004 8.4887085000000031 0.10974700000000001 0.36700350000000009
decision_type=10 10 10 8 10 8
left_child=1 2 -1 -3 -2 -6
right_child=4 3 -4 -5 5 -7
leaf_value=-0.0008647870959510274 0 -0.016117307528194035 0.012310341298700492 0 0.016174128176844053 0
leaf_weight=27.113423543050889 2.666259989142417 9.6325948089361155 4.4619244821369639 1.2837808579206473 7.567089177668092 2.2549864798784265
leaf_count=355 16 68 24 12 39 11
internal_value=8.60299e-05 -0.00243345 0.00103592 -0.0126843 0.00940643 0.0132185
internal_weight=54.9801 42.4917 31.5753 10.9164 12.4883 9.82208
internal_count=525 459 379 80 66 50
is_linear=0
shrinkage=0.03


Tree=123
num_leaves=6
num_cat=0
split_feature=22 18 25 6 16
split_gain=2.93446 2.16587 1.31203 1.274 0.64454
threshold=0.040069000000000007 0.29966750000000003 0.59491450000000012 8.6832670000000025 0.18622950000000002
decision_type=8 10 2 8 8
left_child=3 2 -2 4 -1
right_child=1 -3 -4 -5 -6
leaf_value=-0.016803456217056537 -0.011291806259050227 0.018178421995825148 0.0036184124964493284 0.0019048932041759125 0
leaf_weight=8.5547380447387642 3.1267912089824703 6.1947745829820624 27.875884715467691 1.7930580079555518 3.4685673788189897
leaf_count=100 75 28 247 16 29
internal_value=0.000334518 0.00521639 0.000368769 -0.0096107 -0.0133624
internal_weight=51.0138 37.1975 31.0027 13.8164 12.0233
internal_count=495 350 322 145 129
is_linear=0
shrinkage=0.03


Tree=124
num_leaves=5
num_cat=0
split_feature=3 22 18 16
split_gain=3.11857 2.69505 2.78421 2.53791
threshold=1.5000000000000002 0.040069000000000007 0.29966750000000003 0.16365150000000003
decision_type=10 8 10 8
left_child=1 3 -3 -1
right_child=-2 2 -4 -5
leaf_value=-0.023057262776027394 0.016165857464038938 -0.0037045344958122322 0.015524470284183202 0
leaf_weight=7.4551321957260344 4.6716930046677581 28.849003616720438 5.5835182890295973 4.2600094340741643
leaf_count=96 44 315 24 32
internal_value=-0.000932984 -0.00415548 0 -0.0149167
internal_weight=50.8194 46.1477 34.4325 11.7151
internal_count=511 467 339 128
is_linear=0
shrinkage=0.03


Tree=125
num_leaves=7
num_cat=0
split_feature=23 23 3 4 19 20
split_gain=2.76202 3.02428 1.5151 1.05387 1.02765 0.329832
threshold=0.0063255000000000013 0.50185950000000012 1.5000000000000002 1.0000000180025095e-35 0.074266000000000013 0.010883000000000002
decision_type=8 8 10 8 10 10
left_child=2 4 5 -3 -2 -1
right_child=1 3 -4 -5 -6 -7
leaf_value=0 0 -0.013044681036953195 0.00095910642801181982 0 0.01602000818039934 -0.021188007417684514
leaf_weight=1.5476666893810023 6.2568709924817112 3.9184445738792446 1.0463564023375509 18.878507293760777 12.186420083045958 5.1594428773969412
leaf_count=36 39 24 11 257 56 64
internal_value=0 0.00329218 -0.0136592 -0.00297802 0.0117739 -0.0186219
internal_weight=48.9937 41.2402 7.75347 22.797 18.4433 6.70711
internal_count=487 376 111 281 95 100
is_linear=0
shrinkage=0.03


Tree=126
num_leaves=5
num_cat=0
split_feature=3 18 5 23
split_gain=2.25792 3.04669 2.10396 1.68984
threshold=1.5000000000000002 0.29966750000000003 4.5000000000000009 0.47808800000000007
decision_type=10 10 8 8
left_child=1 2 -1 -3
right_child=-2 3 -4 -5
leaf_value=-0.013109424848001641 0.015627364269732096 0.01743187544779802 0 -0.0020993962606473092
leaf_weight=17.402455324307084 4.4372493699192992 6.3608784414827797 20.067626245319843 1.8756977990269668
leaf_count=151 43 31 251 11
internal_value=0 -0.00210513 -0.0063127 0.0109412
internal_weight=50.1439 45.7067 37.4701 8.23658
internal_count=487 444 402 42
is_linear=0
shrinkage=0.03


Tree=127
num_leaves=6
num_cat=0
split_feature=23 9 23 21 2
split_gain=3.44085 2.5358 1.81005 2.84585 1.12428
threshold=0.0074560000000000008 8.2542165000000018 0.24989150000000002 0.044095000000000002 1.0000000180025095e-35
decision_type=8 8 8 10 8
left_child=1 -1 3 -2 -4
right_child=2 -3 4 -5 -6
leaf_value=-0.02235581699013791 0 0.0034378156303279711 -0.010615543425671484 0.02139872801343471 0.001740102310827398
leaf_weight=6.693655559793112 6.942977696657179 1.5111692547798163 5.2625715211033848 7.1951471269130707 24.607470199465752
leaf_count=108 37 13 32 37 287
internal_value=0 -0.0152792 0.00319862 0.0110883 -0.000294246
internal_weight=52.213 8.20482 44.0082 14.1381 29.87
internal_count=514 121 393 74 319
is_linear=0
shrinkage=0.03


Tree=128
num_leaves=6
num_cat=0
split_feature=25 24 21 24 5
split_gain=2.76127 2.49612 2.12122 1.60557 1.30136
threshold=0.63404200000000011 0.97482450000000009 0.29816800000000004 0.99215650000000011 1.5000000000000002
decision_type=2 2 10 2 10
left_child=4 2 -2 -3 -1
right_child=1 3 -4 -5 -6
leaf_value=-0.016590536796215385 -0.012762775915001716 0.011461660684275564 0.0075428466989489419 -0.0026970849552486959 0.001140230558334023
leaf_weight=7.6486427541822177 9.2575418315827829 26.933743841946129 3.0186479687690726 4.0974589101970187 0.82629373669624318
leaf_count=155 87 212 13 38 3
internal_value=0.000193522 0.00394981 -0.00530515 0.0086376 -0.0124013
internal_weight=51.7823 43.3074 12.2762 31.0312 8.47494
internal_count=508 350 100 250 158
is_linear=0
shrinkage=0.03


Tree=129
num_leaves=5
num_cat=0
split_feature=3 22 16 19
split_gain=2.91933 2.6687 1.11545 1.03263
threshold=1.0000000180025095e-35 0.044478500000000004 0.21437600000000004 0.11579750000000001
decision_type=10 8 8 10
left_child=1 2 -1 -3
right_child=-2 3 -4 -5
leaf_value=-0.020071515468401403 0.014937092150733834 -0.0027038868157584876 0 0.0077967126287312007
leaf_weight=7.490565208718178 5.2756911143660536 25.320503253489733 3.9758342653512964 8.8824044205248338
leaf_count=98 49 296 30 42
internal_value=-0.000856894 -0.00410608 -0.0149248 0
internal_weight=50.945 45.6693 11.4664 34.2029
internal_count=515 466 128 338
is_linear=0
shrinkage=0.03


Tree=130
num_leaves=7
num_cat=0
split_feature=24 24 24 24 7 22
split_gain=2.45965 1.48098 1.84632 1.21396 0.586714 0.462585
threshold=0.97191600000000011 0.99086950000000018 0.99453150000000001 0.98241700000000021 8.0568855000000017 0.42430300000000004
decision_type=2 2 2 2 10 10
left_child=4 3 -3 -2 5 -1
right_child=1 2 -4 -5 -6 -7
leaf_value=-0.01377874634842885 0 -0.014421477659713168 0.0077352193983651228 0.011767695006006636 0 0
leaf_weight=9.6759204305708391 13.660130003467204 4.8271753191947928 1.574636749923229 18.209149740636349 1.3022698685526837 1.4705345779657353
leaf_count=126 136 59 14 157 9 7
internal_value=0 0.00426715 -0.00505154 0.00727298 -0.00972876 -0.0118612
internal_weight=50.7198 38.2711 6.40181 31.8693 12.4487 11.1465
internal_count=508 366 73 293 142 133
is_linear=0
shrinkage=0.03


Tree=131
num_leaves=5
num_cat=0
split_feature=25 3 5 15
split_gain=2.67662 1.60355 1.89966 0.593948
threshold=0.59491450000000012 1.0000000180025095e-35 1.5000000000000002 0.32105100000000003
decision_type=2 10 8 10
left_child=3 2 -2 -1
right_child=1 -3 -4 -5
leaf_value=-0.016714973673791 -0.0060249763932650104 0.015750605278147083 0.0061758573840180438 0
leaf_weight=5.1325270999222985 16.34674234315753 5.5555645227432242 23.604546759277582 0.67658245563507069
leaf_count=126 105 50 219 5
internal_value=0.000529815 0.0037623 0.000413078 -0.0140446
internal_weight=51.316 45.5069 39.9513 5.80911
internal_count=505 374 324 131
is_linear=0
shrinkage=0.03


Tree=132
num_leaves=5
num_cat=0
split_feature=3 22 18 15
split_gain=2.46755 2.7119 2.54534 1.03979
threshold=1.0000000180025095e-35 0.041865000000000006 0.29966750000000003 0.016205500000000001
decision_type=10 8 10 10
left_child=1 3 -3 -1
right_child=-2 2 -4 -5
leaf_value=0 0.015278055504767494 -0.0020269985480014896 0.01572175674751183 -0.021087248149913879
leaf_weight=4.9571840167045575 5.4459354206919661 29.19971314817667 5.9520285949110976 5.0321519114077091
leaf_count=75 51 315 27 40
internal_value=0 -0.00227586 0.00119189 -0.0142452
internal_weight=50.587 45.1411 35.1517 9.98934
internal_count=508 457 342 115
is_linear=0
shrinkage=0.03


Tree=133
num_leaves=5
num_cat=0
split_feature=3 22 24 19
split_gain=2.43458 2.46004 1.21805 1.15446
threshold=1.5000000000000002 0.041865000000000006 0.97140950000000015 0.019205000000000003
decision_type=10 8 2 10
left_child=1 3 -3 -1
right_child=-2 2 -4 -5
leaf_value=0 0.015340632694236427 -0.0066929612361966862 0.0045639601330382121 -0.01808459449514524
leaf_weight=2.8429547250270835 4.3335919156670561 8.858756769448517 24.463116083294153 8.3500630464404804
leaf_count=49 43 92 231 76
internal_value=-0.000121627 -0.00313182 0.00043969 -0.0137235
internal_weight=48.8485 44.5149 33.3219 11.193
internal_count=491 448 323 125
is_linear=0
shrinkage=0.03


Tree=134
num_leaves=7
num_cat=0
split_feature=24 24 21 18 5 18
split_gain=2.51534 3.11333 2.24974 1.72813 1.08656 0.933501
threshold=0.98241700000000021 0.98791800000000018 0.11378600000000001 0.3261150000000001 1.0000000180025095e-35 0.10418500000000001
decision_type=2 2 10 8 10 8
left_child=2 5 3 -1 -3 -2
right_child=1 4 -4 -5 -6 -7
leaf_value=-0.020233862903882138 0 -0.0096859349226896228 0.0059178081001598874 -0.00041538937583252635 0.0042816468325947111 0.020873200641484884
leaf_weight=6.772025013342506 3.1545531637966642 6.13592356815934 6.5135380476713172 12.636620614677666 5.4503432400524616 8.7629959061741829
leaf_count=84 28 76 35 161 52 68
internal_value=0.000430956 0.00756552 -0.00511448 -0.0104523 -0.00152942 0.0169481
internal_weight=49.426 23.5038 25.9222 19.4086 11.5863 11.9175
internal_count=504 224 280 245 128 96
is_linear=0
shrinkage=0.03


Tree=135
num_leaves=5
num_cat=0
split_feature=21 25 9 18
split_gain=2.52873 2.84495 1.4662 0.740565
threshold=0.29816800000000004 0.7978090000000001 8.5431960000000018 0.026374500000000006
decision_type=10 2 10 10
left_child=1 2 -1 -3
right_child=-2 3 -4 -5
leaf_value=-0.011666644460641862 0.013853345747517216 0.0097371836307455547 0.0046719616875610997 0
leaf_weight=29.054667400196198 4.4751650989055625 8.1068920046091062 1.3372554779052723 5.6519979089498511
leaf_count=341 25 81 11 39
internal_value=-0.00154306 -0.00452205 -0.00969417 0.00480274
internal_weight=48.626 44.1508 30.3919 13.7589
internal_count=497 472 352 120
is_linear=0
shrinkage=0.03


Tree=136
num_leaves=6
num_cat=0
split_feature=4 22 24 19 24
split_gain=1.98433 2.40793 1.93845 0.425969 0.326015
threshold=1.0000000180025095e-35 0.044478500000000004 0.97140950000000015 0.18328200000000003 0.98241700000000021
decision_type=10 8 2 10 2
left_child=1 4 -3 -2 -1
right_child=3 2 -4 -5 -6
leaf_value=-0.01843268753479782 0.015599832122350218 -0.0081319030296077219 0.0061058405922017273 0 -0.00056733164803906817
leaf_weight=4.7104186210781318 5.0123887881636611 8.5717176795005781 24.810455739498138 1.2317118868231771 5.7542755752801895
leaf_count=69 44 85 236 11 52
internal_value=0 -0.00216416 0.00125628 0.0130176 -0.0131522
internal_weight=50.091 43.8469 33.3822 6.2441 10.4647
internal_count=497 442 321 55 121
is_linear=0
shrinkage=0.03


Tree=137
num_leaves=6
num_cat=0
split_feature=18 22 24 21 24
split_gain=1.84504 1.96569 1.79033 1.65028 1.41253
threshold=0.29966750000000003 0.057707000000000001 0.98241700000000021 0.069553000000000018 0.98791800000000018
decision_type=10 10 2 10 2
left_child=2 -2 3 -1 -4
right_child=1 -3 4 -5 -6
leaf_value=-0.012870777010835843 -1.0125350945528906e-05 0.020640931413557127 0.012116509444306575 0.0012035742464994376 -0.0005130990851703631
leaf_weight=12.712094625458123 2.9526640772819501 5.3958313167095184 8.9782038070261496 6.9677290692925444 11.613167274743317
leaf_count=192 20 25 83 39 129
internal_value=0.00175599 0.0126217 -0.000522148 -0.00706487 0.00456252
internal_weight=48.6197 8.3485 40.2712 19.6798 20.5914
internal_count=488 45 443 231 212
is_linear=0
shrinkage=0.03


Tree=138
num_leaves=5
num_cat=0
split_feature=5 24 15 24
split_gain=2.96287 1.81668 1.22651 1.1556
threshold=1.5000000000000002 0.99432500000000013 0.022550500000000005 0.98791800000000018
decision_type=10 2 10 2
left_child=1 3 -2 -1
right_child=2 -3 -4 -5
leaf_value=-0.0028586306856390781 0 0.010441398987401327 0.015923022983458823 -0.017294664971362294
leaf_weight=29.300684371963143 3.1710706800222379 1.871806826442479 7.5548514053225517 7.0377471819519988
leaf_count=332 18 15 40 100
internal_value=-0.000734821 -0.00521877 0.0107026 -0.0075228
internal_weight=48.9362 38.2102 10.7259 36.3384
internal_count=505 447 58 432
is_linear=0
shrinkage=0.03


Tree=139
num_leaves=7
num_cat=0
split_feature=2 2 24 25 21 24
split_gain=2.32343 2.15139 2.55316 0.756872 0.925315 0.434671
threshold=1.0000000180025095e-35 0.32575750000000009 0.98614350000000006 0.7978090000000001 0.29816800000000004 0.98901700000000015
decision_type=10 10 2 2 10 2
left_child=3 -2 -3 4 -1 -5
right_child=1 2 -4 5 -6 -7
leaf_value=-0.010497256154653941 0.016134787085239886 -0.011110797291337545 0.011480202617504071 0.0059294613926004864 0.0016380643091440906 -0.0042689303061425356
leaf_weight=19.221379386261113 8.8344670534133929 7.3194934055209142 4.7689222097396851 5.112173803150653 1.395988181233405 2.8161324113607407
leaf_count=251 44 71 48 54 7 27
internal_value=0 0.00691713 0 -0.00547747 -0.00830163 0
internal_weight=49.4686 20.9229 12.0884 28.5457 20.6174 7.92831
internal_count=502 163 119 339 258 81
is_linear=0
shrinkage=0.03


Tree=140
num_leaves=6
num_cat=0
split_feature=4 17 5 17 19
split_gain=1.82942 1.7839 1.76994 0.757643 0.570335
threshold=1.0000000180025095e-35 0.18755600000000003 1.5000000000000002 0.44578250000000003 0.11407300000000002
decision_type=10 8 8 8 10
left_child=1 2 -1 -3 -2
right_child=4 3 -4 -5 -6
leaf_value=-0.017147937081915705 0.016491498442632955 0.0083274457817482678 0 -0.00047464351081691862 0
leaf_weight=8.2839323002845013 4.2301750704646102 7.8184783197939423 6.1402118131518373 21.196251044049859 1.8965247645974157
leaf_count=99 39 46 31 283 17
internal_value=0 -0.00204071 -0.00995022 0.00151823 0.0126179
internal_weight=49.5656 43.4389 14.4241 29.0147 6.1267
internal_count=515 459 130 329 56
is_linear=0
shrinkage=0.03


Tree=141
num_leaves=7
num_cat=0
split_feature=21 15 15 15 6 17
split_gain=2.1808 2.71501 1.31091 1.16864 1.16106 0.519314
threshold=0.094693500000000014 0.051011500000000008 0.095195500000000016 0.022550500000000005 8.4887085000000031 0.35873700000000003
decision_type=10 10 10 10 8 8
left_child=1 3 -2 -1 -3 -4
right_child=2 4 5 -5 -6 -7
leaf_value=-0.0020385699944506009 -0.00046899342034963646 -0.020157405393229716 0.016473596666523413 0.012132373774671598 0 0
leaf_weight=25.007304800674323 3.4550510235130778 7.4025503285229179 7.5768045112490627 3.3547349125146857 1.1411191299557693 1.7258281111717231
leaf_count=345 23 59 44 17 12 8
internal_value=-5.1972e-05 -0.00430132 0.0088154 0 -0.0166022 0.0139757
internal_weight=49.6634 36.9057 12.7577 28.362 8.54367 9.30263
internal_count=508 433 75 362 71 52
is_linear=0
shrinkage=0.03


Tree=142
num_leaves=7
num_cat=0
split_feature=25 2 2 4 15 18
split_gain=2.49181 1.30408 2.74318 1.13166 0.965297 0.514367
threshold=0.65221600000000013 1.0000000180025095e-35 0.32575750000000009 1.0000000180025095e-35 0.2283705 0.3261150000000001
decision_type=2 10 8 10 10 10
left_child=3 4 -3 5 -2 -1
right_child=1 2 -4 -5 -6 -7
leaf_value=-0.015143057301826171 0.0029224720863740153 0.021430517783180329 0 0.0028176773825960731 -0.01140722273633429 0
leaf_weight=8.4744727499782986 17.928424220532182 7.3312774077057812 8.431977242231369 0.93163479864597398 2.3027681708335868 2.325223185122014
leaf_count=172 184 36 64 4 13 17
internal_value=0.000895429 0.00531673 0.0110135 -0.00895381 0 -0.012535
internal_weight=47.7258 35.9944 15.7633 11.7313 20.2312 10.7997
internal_count=490 297 100 193 197 189
is_linear=0
shrinkage=0.03


Tree=143
num_leaves=7
num_cat=0
split_feature=22 23 23 15 4 16
split_gain=1.83088 1.99088 2.1676 1.98398 1.21505 0.989992
threshold=0.040069000000000007 1.0000000180025095e-35 0.50185950000000012 0.018980000000000004 1.0000000180025095e-35 1.0000000180025095e-35
decision_type=8 10 10 10 10 10
left_child=3 -2 -3 5 -5 -1
right_child=1 2 -4 4 -6 -7
leaf_value=-0.004431798308833463 0 0.017410880664623429 -0.0018282910657970997 -0.020204279921655834 0 0.011162288880248764
leaf_weight=2.0521464981138688 20.996561009436846 13.186825688928367 3.2322792187333098 5.3874003160744905 1.783703066408634 3.8973131068050861
leaf_count=46 283 67 19 45 16 43
internal_value=0.00167167 0.00541495 0.0123812 -0.00616319 -0.0151364 0.00274874
internal_weight=50.5362 37.4157 16.4191 13.1206 7.1711 5.94946
internal_count=519 369 86 150 61 89
is_linear=0
shrinkage=0.03


Tree=144
num_leaves=5
num_cat=0
split_feature=3 2 2 24
split_gain=2.44264 1.18786 2.58322 1.86454
threshold=1.0000000180025095e-35 0.32575750000000009 1.0000000180025095e-35 0.98614350000000006
decision_type=10 10 10 2
left_child=1 2 -1 -3
right_child=-2 3 -4 -5
leaf_value=-0.0045165832217306948 0.014518600570374234 -0.018147037090235432 0.01324921917297512 0
leaf_weight=26.641640229150653 5.0971065834164611 6.8366293683648092 6.7995264679193488 4.4158709533512592
leaf_count=317 50 70 30 38
internal_value=-0.000107123 -0.00321246 0 -0.0104663
internal_weight=49.7908 44.6937 33.4412 11.2525
internal_count=505 455 347 108
is_linear=0
shrinkage=0.03


Tree=145
num_leaves=5
num_cat=0
split_feature=3 18 22 15
split_gain=1.95946 1.70208 1.88692 1.65512
threshold=1.0000000180025095e-35 0.14212550000000004 0.057707000000000001 0.0088740000000000017
decision_type=10 8 10 10
left_child=1 3 -3 -1
right_child=-2 2 -4 -5
leaf_value=0.00044561333328493402 0.014101017598882468 -0.0025343727175444601 0.011841776028096204 -0.016323183152496153
leaf_weight=3.5824692472815505 4.9522712752223006 22.478638498112563 8.2613475695252401 8.8518825061619264
leaf_count=61 48 282 39 61
internal_value=0 -0.00198693 0.00114944 -0.0104006
internal_weight=48.1266 43.1743 30.74 12.4344
internal_count=491 443 321 122
is_linear=0
shrinkage=0.03


Tree=146
num_leaves=7
num_cat=0
split_feature=24 20 16 22 5 22
split_gain=2.40729 1.53735 2.34461 1.25957 0.916921 0.0932763
threshold=0.97140950000000015 0.18342900000000004 0.033660500000000003 0.41336450000000008 1.5000000000000002 0.43257100000000004
decision_type=2 10 10 8 10 8
left_child=3 2 -2 -1 -3 -5
right_child=1 4 -4 5 -6 -7
leaf_value=-0.019075814191674111 0 -0.012272395434928073 0.015624728325487345 0.0033153078649473906 0.00083242664164835342 -0.0022751421253076709
leaf_weight=5.3359317556023571 18.979234488680962 5.1911688372492781 10.775032909587024 0.93445464968681413 2.3892712220549583 4.8635812997817993
leaf_count=60 252 43 67 3 12 71
internal_value=-0.000531043 0.00264114 0.00618449 -0.0115935 -0.00624162 0
internal_weight=48.4687 37.3347 29.7543 11.134 7.58044 5.79804
internal_count=508 374 319 134 55 74
is_linear=0
shrinkage=0.03


Tree=147
num_leaves=5
num_cat=0
split_feature=4 5 19 15
split_gain=2.35226 2.07769 1.47951 1.31249
threshold=1.0000000180025095e-35 1.5000000000000002 0.11882000000000002 0.32105100000000003
decision_type=10 8 10 10
left_child=1 3 -3 -1
right_child=-2 2 -4 -5
leaf_value=-0.013656837405143906 0.014578718043316475 -0.00063029222386894277 0.013223444878061371 0
leaf_weight=13.853404782712461 5.8491612635552874 21.384426966309551 5.3836416751146308 3.80802222713828
leaf_count=148 54 270 23 21
internal_value=0 -0.00223179 0.00220005 -0.00974491
internal_weight=50.2787 44.4295 26.7681 17.6614
internal_count=516 462 293 169
is_linear=0
shrinkage=0.03


Tree=148
num_leaves=4
num_cat=0
split_feature=4 9 16
split_gain=2.53441 2.01608 1.85767
threshold=1.0000000180025095e-35 1.0000000180025095e-35 0.18622950000000002
decision_type=10 10 10
left_child=1 2 -1
right_child=-2 -3 -4
leaf_value=-0.0033145355861072773 0.01604621696293632 -0.018553811125535804 0.0097192821486694232
leaf_weight=29.647822884842753 5.4017442166805258 2.6532573476433745 10.901863992214201
leaf_count=369 51 18 61
internal_value=0.000519924 -0.00168789 0
internal_weight=48.6047 43.2029 40.5497
internal_count=499 448 430
is_linear=0
shrinkage=0.03


Tree=149
num_leaves=4
num_cat=0
split_feature=4 7 23
split_gain=1.88196 2.43364 2.43071
threshold=1.0000000180025095e-35 1.0000000180025095e-35 0.0074560000000000008
decision_type=10 10 8
left_child=1 2 -1
right_child=-2 -3 -4
leaf_value=-0.010538245748447004 0.015833596069986244 -0.018371715525378855 0.0062009809581533891
leaf_weight=5.9748353436589232 5.3513246662914744 2.6007980555295935 35.771145693957806
leaf_count=102 51 17 336
internal_value=0.00275485 0 0.00258884
internal_weight=49.6981 44.3468 41.746
internal_count=506 455 438
is_linear=0
shrinkage=0.03


Tree=150
num_leaves=6
num_cat=0
split_feature=24 25 9 4 24
split_gain=2.21526 1.95427 1.10852 0.842864 0.815489
threshold=0.97140950000000015 0.58551750000000002 1.0000000180025095e-35 1.0000000180025095e-35 0.92954250000000005
decision_type=2 2 10 10 2
left_child=3 -2 -3 4 -1
right_child=1 2 -4 -5 -6
leaf_value=0 -0.010502287153331166 0.0099150597528370864 -0.00035887792727469335 0 -0.015098584639867354
leaf_weight=0.78513903170823773 2.6245787274092427 26.449829449877143 5.8339541442692271 0.88000263273716051 8.9671818017959577
leaf_count=8 78 226 50 7 119
internal_value=0.000205402 0.00447805 0.00733557 -0.0095204 -0.0125051
internal_weight=45.5407 34.9084 32.2838 10.6323 9.75232
internal_count=488 354 276 134 127
is_linear=0
shrinkage=0.03


Tree=151
num_leaves=6
num_cat=0
split_feature=4 16 7 21 18
split_gain=2.1113 2.21738 1.78154 1.01806 0.738368
threshold=1.0000000180025095e-35 0.16747800000000004 1.0000000180025095e-35 0.11378600000000001 0.14212550000000004
decision_type=10 8 8 8 10
left_child=1 3 -3 -1 -2
right_child=4 2 -4 -5 -6
leaf_value=-0.016891504230653876 0.017245760563523546 0.010773407871890892 -0.0029499240046360611 0 0
leaf_weight=8.0993891097605193 4.6140138879418364 9.5086114089936036 19.604727294296026 3.7786049880087385 0.92633205652236927
leaf_count=98 43 61 267 20 10
internal_value=0 -0.00261214 0.00118574 -0.0122994 0.0136874
internal_weight=46.5317 40.9913 29.1133 11.878 5.54035
internal_count=499 446 328 118 53
is_linear=0
shrinkage=0.03


Tree=152
num_leaves=5
num_cat=0
split_feature=3 22 15 24
split_gain=1.83847 2.127 0.642837 0.62183
threshold=1.5000000000000002 0.040069000000000007 0.34860600000000003 0.97140950000000015
decision_type=10 8 10 2
left_child=1 2 -1 -3
right_child=-2 3 -4 -5
leaf_value=-0.016605636932682011 0.01300339582036762 -0.0055744363153675614 0 0.002792024456715165
leaf_weight=8.1737876646220649 3.5687790922820559 8.2411039322614652 0.95112444460392076 23.98217710852623
leaf_count=111 42 93 6 234
internal_value=-0.000962201 -0.00364214 -0.0143666 0
internal_weight=44.917 41.3482 9.12491 32.2233
internal_count=486 444 117 327
is_linear=0
shrinkage=0.03


Tree=153
num_leaves=5
num_cat=0
split_feature=20 4 18 17
split_gain=1.75747 1.13583 2.63158 0.0933103
threshold=0.45322100000000004 1.0000000180025095e-35 0.12250800000000002 0.20062100000000002
decision_type=10 10 8 10
left_child=1 2 -1 -3
right_child=-2 3 -4 -5
leaf_value=-0.0098066693544809954 -0.012895020578400954 0.016016727101922444 0.0061155157828997045 0
leaf_weight=9.6309000775217992 2.7612665202468625 4.1526883952319613 28.959551762789488 0.75501957535743702
leaf_count=103 30 41 305 8
internal_value=0.00172473 0.00407007 0.000999799 0.0148803
internal_weight=46.2594 43.4982 38.5905 4.90771
internal_count=487 457 408 49
is_linear=0
shrinkage=0.03


Tree=154
num_leaves=6
num_cat=0
split_feature=4 18 17 22 19
split_gain=2.75903 2.54913 0.896625 0.736902 0.544312
threshold=1.0000000180025095e-35 0.29966750000000003 0.41630950000000005 0.057707000000000001 0.093174500000000007
decision_type=8 10 8 10 10
left_child=1 4 -2 -3 -1
right_child=2 3 -4 -5 -6
leaf_value=-0.019437460672480037 0.01516749804212454 -0.001064185522644681 0.00066742654312208132 0.011034453628364922 -0.0027833418866384822
leaf_weight=7.3156873472034993 5.0787288360297707 1.8788626715540875 18.083812531083822 4.1151948124170303 9.932734137400983
leaf_count=80 50 15 247 20 79
internal_value=0 -0.0073616 0.00636811 0.00481654 -0.0131619
internal_weight=46.405 23.2425 23.1625 5.99406 17.2484
internal_count=491 194 297 35 159
is_linear=0
shrinkage=0.03


Tree=155
num_leaves=7
num_cat=0
split_feature=24 25 7 15 16 25
split_gain=2.52049 2.02374 2.04384 1.56882 1.06774 0.808311
threshold=0.98241700000000021 0.61471700000000007 1.0000000180025095e-35 0.16894050000000002 0.46310650000000003 0.67305450000000011
decision_type=2 2 10 8 8 2
left_child=3 -2 -3 4 -1 -5
right_child=1 2 -4 5 -6 -7
leaf_value=-0.017289790034429868 -0.0062065088387635442 0.016161138308832888 -0.00089436333993420407 -0.0069691093639068441 0 0.0049971081915225332
leaf_weight=7.0482968054711828 2.9610090497881201 16.579747144132856 4.3034557141363612 4.4627198986709145 1.3764824122190482 11.617979273200033
leaf_count=81 57 137 40 81 13 100
internal_value=0.000996499 0.00793102 0.0117195 -0.0047893 -0.0133719 0
internal_weight=48.3497 23.8442 20.8832 24.5055 8.42478 16.0807
internal_count=509 234 177 275 94 181
is_linear=0
shrinkage=0.03


Tree=156
num_leaves=6
num_cat=0
split_feature=23 21 9 23 15
split_gain=2.31149 1.96181 1.53777 1.01866 0.965409
threshold=0.0074560000000000008 0.094693500000000014 8.2542165000000018 0.034224500000000012 0.044931000000000006
decision_type=8 10 10 8 10
left_child=2 3 -1 -2 -3
right_child=1 4 -4 -5 -6
leaf_value=-0.020523567571111571 0.0079046850934003082 0 0 -0.0048992548957779158 0.015125248240502752
leaf_weight=5.4466675054281941 2.6369891874492195 1.7482035532593707 1.4399196468293665 27.737405568361282 7.9001624807715416
leaf_count=102 12 12 18 316 42
internal_value=-0.00158844 0.000867553 -0.0148284 -0.00227815 0.011334
internal_weight=46.9093 40.0228 6.88659 30.3744 9.64837
internal_count=502 382 120 328 54
is_linear=0
shrinkage=0.03


Tree=157
num_leaves=6
num_cat=0
split_feature=24 18 20 22 22
split_gain=1.80029 1.21032 1.51556 0.814009 0.460635
threshold=0.97140950000000015 0.3261150000000001 0.065236500000000017 0.20224550000000005 0.0025770000000000003
decision_type=2 8 10 10 10
left_child=3 2 -2 -1 -3
right_child=1 4 -4 -5 -6
leaf_value=-0.013929139845382897 0.0050555855039812704 0.001792702581292181 -0.0095930399404257054 0 0.015466769635147905
leaf_weight=7.2255119923502189 8.6129815485328454 14.412079222500326 8.9523560926318151 2.8587595410645008 4.4578105062246314
leaf_count=110 87 187 75 16 21
internal_value=0 0.00305853 -0.00126178 -0.00977948 0.00807333
internal_weight=46.5195 36.4352 17.5653 10.0843 18.8699
internal_count=496 370 162 126 208
is_linear=0
shrinkage=0.03


Tree=158
num_leaves=6
num_cat=0
split_feature=20 25 19 15 18
split_gain=2.02409 2.22355 1.07155 0.632896 0.145518
threshold=0.45322100000000004 0.58551750000000002 0.21970850000000003 0.32105100000000003 0.56776100000000007
decision_type=10 2 10 10 10
left_child=1 3 -3 -1 -2
right_child=4 2 -4 -5 -6
leaf_value=-0.013974604309297704 -0.01511817325819622 0.0093148103042439388 -0.00018526586401212234 0 0
leaf_weight=3.5549408104270692 2.2948467768728729 33.76110465452075 6.599103268235921 0.40447188168764103 0.89692915230989445
leaf_count=106 28 319 41 2 7
internal_value=0.00195165 0.00444479 0.00716427 -0.0101041 -0.0132022
internal_weight=47.5114 44.3196 40.3602 3.95941 3.19178
internal_count=503 468 360 108 35
is_linear=0
shrinkage=0.03


Tree=159
num_leaves=7
num_cat=0
split_feature=25 25 5 23 18 20
split_gain=1.97331 1.49628 1.10531 1.38707 1.00822 0.15729
threshold=0.67941450000000014 0.72042750000000011 1.5000000000000002 0.94133350000000016 0.026374500000000006 0.21875000000000003
decision_type=2 2 10 10 10 10
left_child=2 5 3 -1 -3 -2
right_child=1 4 -4 -5 -6 -7
leaf_value=-0.016072014433986953 0.014438340678510795 0.0036148951405894948 0.00046901206428354159 0.0015815974004237286 -0.0069834751145622983 0
leaf_weight=12.072066381573674 5.0439762100577381 13.357945397496225 2.1563512831926337 0.91931172460317689 11.309456609189509 1.6918374486267564
leaf_count=221 40 140 9 4 81 10
internal_value=-0.00125443 0.0023679 -0.00956711 -0.0128844 -0.00039026 0.0125578
internal_weight=46.5509 31.4032 15.1477 12.9914 24.6674 6.73581
internal_count=505 271 234 225 221 50
is_linear=0
shrinkage=0.03


end of trees

feature_importances:
reranker_score_gte_multilingual_reranker_base=89
embedding_cosine_gte_multilingual_base=87
max_category_share_percentile_gap_abs=68
shared_description_count_capped=67
repeated_title_share_percentile_gap_abs=62
shared_title_count_capped=51
description_length_median_percentile_gap_abs=50
repeated_description_share_percentile_gap_abs=50
item_count_percentile_gap_abs=43
profile_category_jaccard=34
shared_category_count_capped=34
punct_ratio_mean_percentile_gap_abs=32
price_median_percentile_gap_abs=21
digit_ratio_mean_percentile_gap_abs=15
shared_description_idf_mean=11
title_length_median_percentile_gap_abs=11
shared_description_idf_sum=7
shared_title_idf_sum=6
shared_low_df_sentence_count=2

parameters:
[boosting: gbdt]
[objective: binary]
[metric: binary_logloss,auc]
[tree_learner: serial]
[device_type: cpu]
[data_sample_strategy: bagging]
[data: ]
[valid: ]
[num_iterations: 160]
[learning_rate: 0.03]
[num_leaves: 7]
[num_threads: 0]
[seed: 20260320]
[deterministic: 1]
[force_col_wise: 1]
[force_row_wise: 0]
[histogram_pool_size: -1]
[max_depth: 3]
[min_data_in_leaf: 10]
[min_sum_hessian_in_leaf: 0.001]
[bagging_fraction: 0.8]
[pos_bagging_fraction: 1]
[neg_bagging_fraction: 1]
[bagging_freq: 1]
[bagging_seed: 20260320]
[bagging_by_query: 0]
[feature_fraction: 0.6]
[feature_fraction_bynode: 1]
[feature_fraction_seed: 20260320]
[extra_trees: 0]
[extra_seed: 10983]
[early_stopping_round: 0]
[early_stopping_min_delta: 0]
[first_metric_only: 0]
[max_delta_step: 0]
[lambda_l1: 1]
[lambda_l2: 3]
[linear_lambda: 0]
[min_gain_to_split: 0.05]
[drop_rate: 0.1]
[max_drop: 50]
[skip_drop: 0.5]
[xgboost_dart_mode: 0]
[uniform_drop: 0]
[drop_seed: 19421]
[top_rate: 0.2]
[other_rate: 0.1]
[min_data_per_group: 100]
[max_cat_threshold: 32]
[cat_l2: 10]
[cat_smooth: 10]
[max_cat_to_onehot: 4]
[top_k: 20]
[monotone_constraints: ]
[monotone_constraints_method: basic]
[monotone_penalty: 0]
[feature_contri: ]
[forcedsplits_filename: ]
[refit_decay_rate: 0.9]
[cegb_tradeoff: 1]
[cegb_penalty_split: 0]
[cegb_penalty_feature_lazy: ]
[cegb_penalty_feature_coupled: ]
[path_smooth: 0]
[interaction_constraints: ]
[verbosity: -1]
[saved_feature_importance_type: 0]
[use_quantized_grad: 0]
[num_grad_quant_bins: 4]
[quant_train_renew_leaf: 0]
[stochastic_rounding: 1]
[linear_tree: 0]
[max_bin: 255]
[max_bin_by_feature: ]
[min_data_in_bin: 3]
[bin_construct_sample_cnt: 200000]
[data_random_seed: 20260320]
[is_enable_sparse: 1]
[enable_bundle: 1]
[use_missing: 1]
[zero_as_missing: 0]
[feature_pre_filter: 1]
[pre_partition: 0]
[two_round: 0]
[header: 0]
[label_column: ]
[weight_column: ]
[group_column: ]
[ignore_column: ]
[categorical_feature: ]
[forcedbins_filename: ]
[precise_float_parser: 0]
[parser_config_file: ]
[objective_seed: 10697]
[num_class: 1]
[is_unbalance: 0]
[scale_pos_weight: 1]
[sigmoid: 1]
[boost_from_average: 1]
[reg_sqrt: 0]
[alpha: 0.9]
[fair_c: 1]
[poisson_max_delta_step: 0.7]
[tweedie_variance_power: 1.5]
[lambdarank_truncation_level: 30]
[lambdarank_norm: 1]
[label_gain: ]
[lambdarank_position_bias_regularization: 0]
[eval_at: ]
[multi_error_top_k: 1]
[auc_mu_weights: ]
[num_machines: 1]
[local_listen_port: 12400]
[time_out: 120]
[machine_list_filename: ]
[machines: ]
[gpu_platform_id: -1]
[gpu_device_id: -1]
[gpu_use_dp: 0]
[num_gpu: 1]

end of parameters

pandas_categorical:null
