tree
version=v4
num_class=1
num_tree_per_iteration=1
label_index=0
max_feature_idx=25
objective=binary sigmoid:1
feature_names=same_market_raw_bool same_source_dataset_bool profile_category_jaccard shared_title_count_capped shared_description_count_capped shared_category_count_capped shared_title_idf_sum shared_description_idf_sum shared_title_idf_mean shared_description_idf_mean boilerplate_ratio_max boilerplate_ratio_gap_abs shared_boilerplate_count shared_low_df_sentence_count shared_rare_ngram_count item_count_percentile_gap_abs price_median_percentile_gap_abs title_length_median_percentile_gap_abs description_length_median_percentile_gap_abs digit_ratio_mean_percentile_gap_abs punct_ratio_mean_percentile_gap_abs repeated_title_share_percentile_gap_abs repeated_description_share_percentile_gap_abs max_category_share_percentile_gap_abs embedding_cosine_bge_m3 reranker_score_bge_reranker_v2_m3
feature_infos=[0:1] [0:1] [0:1] [0:5] [0:5] [0:5] [0:70.616864000000007] [0:79.443972000000002] [0:8.8271080000000008] [0:8.8271080000000008] [0:0.20000000000000001] [0:0.20000000000000001] [0:1] [0:9] [0:8] [0:0.70916299999999999] [0:0.96791400000000005] [0:0.92293000000000003] [0:0.86055700000000002] [0:0.89987799999999996] [0:0.91338399999999997] [0:0.78087600000000001] [0:0.625498] [0:0.98619599999999996] [0.75061999999999995:0.99398200000000003] [0.0015900000000000001:0.91584900000000002]
tree_sizes=882 681 567 651 660 755 648 681 662 678 650 842 661 682 782 686 680 663 578 868 665 678 685 664 681 660 856 662 664 660 654 674 578 650 659 662 661 859 662 875 884 674 664 664 651 653 754 663 659 678 663 672 660 650 662 578 879 651 743 680 660 872 738 872 732 741 752 652 682 666 733 859 681 665 635 837 854 745 655 745 650 653 827 737 642 684 769 870 873 683 655 873 864 558 656 865 580 663 842 740 844 852 681 748 573 637 843 872 580 748 676 868 724 638 675 745 833 872 667 871 874 873 864 861 868 866 833 568 750 645 724 765 824 752 764 718 651

Tree=0
num_leaves=7
num_cat=0
split_feature=25 7 21 21 20 2
split_gain=40.9553 25.8851 12.4094 10.6354 3.67088 2.03276
threshold=0.28514000000000006 8.0568855000000017 0.20346050000000002 1.0000000180025095e-35 0.046990000000000011 0.78235300000000019
decision_type=2 10 10 8 10 10
left_child=1 2 -1 4 -2 -5
right_child=3 -3 -4 5 -6 -7
leaf_value=-0.032887051943644836 0.011324245369256533 0.027108495006591109 0.010331473453469483 0.033489683611382381 -0.019142772962594989 3.2621556035053204e-08
leaf_weight=33.594973623752594 3.2303527295589438 6.9291239827871314 4.5141663700342169 28.40507093816996 4.1984175145626068 2.0228739231824866
leaf_count=260 11 22 16 156 20 8
internal_value=0.00189284 -0.0165848 -0.0266575 0.0242137 -0.00357125 0.0316063
internal_weight=82.895 45.0383 38.1091 37.8567 7.42877 30.4279
internal_count=493 298 276 195 31 164
is_linear=0
shrinkage=1


Tree=1
num_leaves=5
num_cat=0
split_feature=3 23 21 17
split_gain=64.7603 36.4294 14.9104 1.38101
threshold=1.0000000180025095e-35 0.0074560000000000008 0.11378600000000001 0.45534900000000006
decision_type=10 8 10 10
left_child=1 3 -3 -1
right_child=-2 2 -4 -5
leaf_value=-0.045258837739686489 0.04910076752329498 -0.0055441920537417895 0.031143583258879181 -0.0036053898985896333
leaf_weight=17.796035259962085 17.518740206956863 36.417983114719391 10.119428455829619 2.9938098788261405
leaf_count=90 50 328 32 13
internal_value=0.0019889 -0.0114148 0.00323079 -0.0417327
internal_weight=84.846 67.3273 46.5374 20.7898
internal_count=513 463 360 103
is_linear=0
shrinkage=0.03


Tree=2
num_leaves=4
num_cat=0
split_feature=4 23 25
split_gain=60.1078 42.7356 12.9223
threshold=1.0000000180025095e-35 0.0074560000000000008 0.38787650000000007
decision_type=10 8 2
left_child=1 -1 -3
right_child=-2 2 -4
leaf_value=-0.044910398568102472 0.044835615867975409 -0.0086987875190992821 0.021311146733507588
leaf_weight=22.011099576950073 17.73282153904438 28.725122302770615 18.280264653265476
leaf_count=111 52 240 111
internal_value=0 -0.013132 0.00295042
internal_weight=86.7493 69.0165 47.0054
internal_count=514 462 351
is_linear=0
shrinkage=0.03


Tree=3
num_leaves=5
num_cat=0
split_feature=3 22 25 25
split_gain=70.3873 36.9038 15.2095 6.73765
threshold=1.0000000180025095e-35 0.039685500000000005 0.28514000000000006 0.65401100000000012
decision_type=10 8 2 2
left_child=1 3 -3 -1
right_child=-2 2 -4 -5
leaf_value=-0.046264507664916944 0.047442450938679839 -0.01219915546360093 0.021662082943539839 0
leaf_weight=22.215230822563175 18.511100113391876 23.716402888298035 18.206092655658722 2.5654512941837302
leaf_count=113 53 201 128 10
internal_value=0 -0.0146362 0.00230287 -0.0415267
internal_weight=85.2143 66.7032 41.9225 24.7807
internal_count=505 452 329 123
is_linear=0
shrinkage=0.03


Tree=4
num_leaves=5
num_cat=0
split_feature=4 22 25 5
split_gain=57.3184 37.2287 16.7338 3.90559
threshold=1.0000000180025095e-35 0.039685500000000005 0.46564500000000003 2.5000000000000004
decision_type=10 8 2 10
left_child=1 3 -3 -1
right_child=-2 2 -4 -5
leaf_value=-0.04392017398304416 0.043458758453259874 -0.0092217793833417449 0.027850154980006925 0
leaf_weight=23.470124721527103 16.756555438041687 28.587037593126297 13.500203698873518 3.1441895216703406
leaf_count=119 49 246 87 13
internal_value=-0.00146693 -0.0142027 0.00306616 -0.0400685
internal_weight=85.4581 68.7016 42.0872 26.6143
internal_count=514 465 333 132
is_linear=0
shrinkage=0.03


Tree=5
num_leaves=6
num_cat=0
split_feature=22 9 23 7 23
split_gain=36.4196 21.2 14.9606 7.7535 7.74192
threshold=0.008709500000000002 8.3854985000000024 0.0014810000000000001 8.4887085000000031 0.51918300000000006
decision_type=8 10 10 8 10
left_child=1 -1 3 -2 -4
right_child=2 -3 4 -5 -6
leaf_value=-0.040938550467044324 -0.027397114860650027 0.023181307667855495 0.033154475931822615 0.0054168040116235024 0
leaf_weight=19.34946854412556 5.3734882473945644 3.1252167522907248 25.673929765820503 23.761798284947872 6.9627484977245322
leaf_count=98 27 9 83 247 28
internal_value=0.000893594 -0.0291648 0.0131373 -0.00169427 0.0262475
internal_weight=84.2467 22.4747 61.772 29.1353 32.6367
internal_count=492 107 385 274 111
is_linear=0
shrinkage=0.03


Tree=6
num_leaves=5
num_cat=0
split_feature=3 23 25 24
split_gain=57.5205 24.959 11.8843 1.54053
threshold=1.0000000180025095e-35 0.0074560000000000008 0.46564500000000003 0.96077350000000006
decision_type=10 8 2 2
left_child=1 3 -3 -1
right_child=-2 2 -4 -5
leaf_value=-0.039594118253049697 0.044734226616097189 -0.0095632395284499551 0.020731817553762261 0
leaf_weight=18.885885342955593 17.649821430444717 31.961254395544529 14.446049600839613 1.8440766036510456
leaf_count=96 51 257 90 8
internal_value=0.00042372 -0.0122126 0 -0.0372484
internal_weight=84.7871 67.1373 46.4073 20.73
internal_count=502 451 347 104
is_linear=0
shrinkage=0.03


Tree=7
num_leaves=5
num_cat=0
split_feature=3 22 25 25
split_gain=45.6954 29.3267 12.7383 7.32728
threshold=1.0000000180025095e-35 0.043352000000000009 0.21742650000000005 0.65401100000000012
decision_type=10 8 2 2
left_child=1 3 -3 -1
right_child=-2 2 -4 -5
leaf_value=-0.039615206946989341 0.04278553293454404 -0.010059593097109909 0.020405127502950773 0.00098563117463225684
leaf_weight=22.052868455648426 15.490490913391112 21.609447777271271 20.872181802988052 2.9100544601678839
leaf_count=112 45 181 143 11
internal_value=0.000512363 -0.0101796 0.00460744 -0.0342114
internal_weight=82.935 67.4446 42.4816 24.9629
internal_count=492 447 324 123
is_linear=0
shrinkage=0.03


Tree=8
num_leaves=5
num_cat=0
split_feature=3 21 25 25
split_gain=52.1352 35.0129 12.1815 6.02415
threshold=1.0000000180025095e-35 0.11378600000000001 0.21742650000000005 0.59112300000000007
decision_type=10 8 2 2
left_child=1 3 -3 -1
right_child=-2 2 -4 -5
leaf_value=-0.037443753707387346 0.042881835973434125 -0.0075083636127274596 0.025219430944538979 0
leaf_weight=28.008143499493599 17.441616505384445 16.944788888096809 16.893548235297203 4.0269774347543708
leaf_count=140 51 163 130 16
internal_value=0.000508484 -0.0116545 0.00873957 -0.0329565
internal_weight=83.3151 65.8735 33.8383 32.0351
internal_count=500 449 293 156
is_linear=0
shrinkage=0.03


Tree=9
num_leaves=5
num_cat=0
split_feature=4 21 25 25
split_gain=52.064 28.2863 13.053 9.84503
threshold=1.0000000180025095e-35 0.090908500000000017 0.21742650000000005 0.6159960000000001
decision_type=10 8 2 2
left_child=1 3 -3 -1
right_child=-2 2 -4 -5
leaf_value=-0.038830710731413184 0.040710746945280436 -0.010386292200940303 0.023362422188631535 0.0015623287578483635
leaf_weight=25.097805604338649 19.661361515522003 17.419754453003407 16.945993408560753 4.7249202132225028
leaf_count=128 59 167 125 18
internal_value=0.00112232 -0.0118337 0.00599215 -0.0319592
internal_weight=83.8498 64.1885 34.3657 29.8227
internal_count=497 438 292 146
is_linear=0
shrinkage=0.03


Tree=10
num_leaves=5
num_cat=0
split_feature=4 18 25 21
split_gain=47.121 24.5329 9.34292 5.72599
threshold=1.0000000180025095e-35 0.12250800000000002 0.51830250000000011 0.12386950000000001
decision_type=10 8 2 10
left_child=1 3 -3 -1
right_child=-2 2 -4 -5
leaf_value=-0.039333511755706561 0.040406992507565083 -0.0062284080719638207 0.022623245139154181 0
leaf_weight=20.692547857761387 17.075806319713593 29.179243177175522 11.397202737629412 4.1952188909053794
leaf_count=107 51 254 72 17
internal_value=0 -0.0118603 0.00218664 -0.0336095
internal_weight=82.54 65.4642 40.5764 24.8878
internal_count=501 450 326 124
is_linear=0
shrinkage=0.03


Tree=11
num_leaves=7
num_cat=0
split_feature=25 7 18 20 24 19
split_gain=25.6186 17.0134 12.9424 2.94287 1.54352 1.38861
threshold=0.47762700000000008 8.0568855000000017 0.17745700000000003 0.19634400000000005 0.91989850000000006 0.13239700000000001
decision_type=2 10 8 10 2 8
left_child=1 2 -1 4 -2 -3
right_child=3 5 -4 -5 -6 -7
leaf_value=-0.036468554649165784 0.0061383404308900649 0.025093378909257488 -0.0042134707639147687 0 0.031713517501238776 0
leaf_weight=22.191441029310226 8.3974688947200828 5.7752300500869724 26.114764466881752 3.6251957267522803 12.755228884518145 2.4978926181793222
leaf_count=114 51 18 236 15 61 10
internal_value=-0.002475 -0.0137937 -0.0208819 0.0209892 0.024826 0.0194754
internal_weight=81.3572 56.5793 48.3062 24.7779 21.1527 8.27312
internal_count=505 378 350 127 112 28
is_linear=0
shrinkage=0.03


Tree=12
num_leaves=5
num_cat=0
split_feature=3 22 18 24
split_gain=42.1483 21.4695 7.62052 1.54629
threshold=1.0000000180025095e-35 0.039685500000000005 0.29495000000000005 0.96162150000000013
decision_type=10 8 10 2
left_child=1 3 -3 -1
right_child=-2 2 -4 -5
leaf_value=-0.034378698475160625 0.039461586521164459 -0.0049413553816643396 0.023756856981989337 0
leaf_weight=22.943613097071651 15.015047341585158 34.198526963591576 7.599872261285781 1.7963876128196705
leaf_count=118 45 303 25 8
internal_value=-0.00109027 -0.0119803 0.000848435 -0.0324837
internal_weight=81.5534 66.5384 41.7984 24.74
internal_count=499 454 328 126
is_linear=0
shrinkage=0.03


Tree=13
num_leaves=5
num_cat=0
split_feature=3 22 25 25
split_gain=45.9449 26.9721 12.5341 7.69415
threshold=1.0000000180025095e-35 0.043352000000000009 0.43150050000000006 0.74630450000000004
decision_type=10 8 2 2
left_child=1 3 -3 -1
right_child=-2 2 -4 -5
leaf_value=-0.038539592317319009 0.039990223695354439 -0.0077573745983062258 0.024151519878970622 0.0064104645780378279
leaf_weight=23.264015734195713 17.518881440162659 26.833654947578907 14.179276280105112 1.7835986167192448
leaf_count=123 53 231 92 6
internal_value=0.000259762 -0.0111216 0.00348704 -0.0339259
internal_weight=83.5794 66.0605 41.0129 25.0476
internal_count=505 452 323 129
is_linear=0
shrinkage=0.03


Tree=14
num_leaves=6
num_cat=0
split_feature=23 9 23 9 2
split_gain=23.8008 13.5489 13.1048 3.6791 2.95797
threshold=0.0063255000000000013 8.1715810000000015 0.51918300000000006 8.0568855000000017 0.32575750000000009
decision_type=8 10 8 8 10
left_child=1 -1 4 -4 -2
right_child=2 -3 3 -5 -6
leaf_value=-0.035337721747010671 0.027922391905073864 0.012987894967551783 -0.021497943780401318 0.00042431540039161708 0.00034535384345199478
leaf_weight=19.496167168021206 20.564105451107029 4.0464207977056494 5.4400047957897213 24.440345413982868 6.8601001650094977
leaf_count=104 69 14 27 261 27
internal_value=-0.00145352 -0.0253722 0.00864897 -0.00425176 0.0227244
internal_weight=80.8471 23.5426 57.3046 29.8804 27.4242
internal_count=502 118 384 288 96
is_linear=0
shrinkage=0.03


Tree=15
num_leaves=5
num_cat=0
split_feature=3 23 25 17
split_gain=33.3454 24.055 9.42057 0.69774
threshold=1.0000000180025095e-35 0.0074560000000000008 0.32884150000000006 0.45534900000000006
decision_type=10 8 2 10
left_child=1 3 -3 -1
right_child=-2 2 -4 -5
leaf_value=-0.035838953725853162 0.037883961283206154 -0.0069073875911190956 0.018154142097730381 -0.0038776094030338313
leaf_weight=17.411474928259853 14.691141337156294 27.761960484087467 20.159315772354603 3.7373125851154319
leaf_count=94 45 223 129 18
internal_value=0.000697462 -0.00804353 0.00349466 -0.0326166
internal_weight=83.7612 69.0701 47.9213 21.1488
internal_count=509 464 352 112
is_linear=0
shrinkage=0.03


Tree=16
num_leaves=5
num_cat=0
split_feature=3 22 25 25
split_gain=32.207 22.4951 14.9786 5.79238
threshold=1.0000000180025095e-35 0.043352000000000009 0.21742650000000005 0.75442700000000007
decision_type=10 8 2 2
left_child=1 3 -3 -1
right_child=-2 2 -4 -5
leaf_value=-0.034463166556619809 0.037413555186116165 -0.01077003916955546 0.022325279424889682 0.0036734015240660728
leaf_weight=20.979189470410351 14.860718160867689 22.256516583263874 20.244057483971119 1.9700101315975178
leaf_count=112 46 192 139 7
internal_value=0.00128444 -0.00776081 0.00476733 -0.0299871
internal_weight=80.3105 65.4498 42.5006 22.9492
internal_count=496 450 331 119
is_linear=0
shrinkage=0.03


Tree=17
num_leaves=5
num_cat=0
split_feature=4 21 25 25
split_gain=30.3427 21.0117 10.6465 0.420352
threshold=1.0000000180025095e-35 0.0011505000000000003 0.32308100000000006 0.57562950000000013
decision_type=10 8 2 2
left_child=1 3 -3 -1
right_child=-2 2 -4 -5
leaf_value=-0.033117618438237011 0.034222542289071074 -0.00910403843621241 0.019085033471192857 0
leaf_weight=20.3310761153698 14.758991643786429 25.500499062240124 17.422398768365383 1.8363329470157612
leaf_count=110 47 215 114 8
internal_value=-0.000343957 -0.00978486 0.00218393 -0.0316499
internal_weight=79.8493 65.0903 42.9229 22.1674
internal_count=494 447 329 118
is_linear=0
shrinkage=0.03


Tree=18
num_leaves=4
num_cat=0
split_feature=4 23 25
split_gain=31.0371 22.5081 10.1207
threshold=1.0000000180025095e-35 0.0074560000000000008 0.51830250000000011
decision_type=10 8 2
left_child=1 -1 -3
right_child=-2 2 -4
leaf_value=-0.03472143249198726 0.035208963717354685 -0.0071325778865136257 0.020585897070963591
leaf_weight=18.19203507900238 15.097703099250792 30.561904318630695 14.953186534345148
leaf_count=101 48 260 89
internal_value=1.93523e-05 -0.00907876 0.00206533
internal_weight=78.8048 63.7071 45.5151
internal_count=498 450 349
is_linear=0
shrinkage=0.03


Tree=19
num_leaves=7
num_cat=0
split_feature=21 25 14 2 25 25
split_gain=23.9466 10.9905 9.24692 3.83245 2.65413 0.559528
threshold=1.0000000180025095e-35 0.17138100000000003 1.5000000000000002 0.70833350000000006 0.056248000000000013 0.57189900000000005
decision_type=8 2 10 8 2 2
left_child=2 4 5 -3 -2 -1
right_child=1 3 -4 -5 -6 -7
leaf_value=-0.033499153325556016 0.0018285368645586399 0.028078328023396881 0.013254476604900112 0.004038674234484496 -0.015388562414915083 0
leaf_weight=18.82478819787503 13.441896796226503 19.026448234915733 2.1872717440128318 14.325065962970255 9.964206933975218 1.8258768767118443
leaf_count=104 95 64 7 131 90 8
internal_value=-0.000913616 0.00918712 -0.0253295 0.0197636 -0.00528044 -0.0318475
internal_weight=79.5956 56.7576 22.8379 33.3515 23.4061 20.6507
internal_count=499 380 119 195 185 112
is_linear=0
shrinkage=0.03


Tree=20
num_leaves=5
num_cat=0
split_feature=3 21 18 2
split_gain=28.4003 16.874 4.21348 3.9027
threshold=1.0000000180025095e-35 0.11378600000000001 0.12806200000000004 1.0000000180025095e-35
decision_type=10 8 10 10
left_child=1 2 -1 -3
right_child=-2 3 -4 -5
leaf_value=-0.031985730481689935 0.035019531398580363 0 -0.0038531352740484828 0.023177963237069693
leaf_weight=19.889651700854305 13.391186952590941 29.465575344860554 10.561162963509558 5.0612220615148535
leaf_count=108 43 289 47 16
internal_value=-6.33693e-05 -0.0089613 -0.0243461 0.00466939
internal_weight=78.3688 64.9776 30.4508 34.5268
internal_count=503 460 155 305
is_linear=0
shrinkage=0.03


Tree=21
num_leaves=5
num_cat=0
split_feature=4 25 23 2
split_gain=28.4459 19.361 6.6157 4.3004
threshold=1.0000000180025095e-35 0.51830250000000011 0.016871000000000004 0.32575750000000009
decision_type=10 2 8 10
left_child=1 2 -1 -3
right_child=-2 3 -4 -5
leaf_value=-0.033383174745208341 0.033031619142782048 0.023554179968030352 -0.0084424856121129242 -0.0036106253685718567
leaf_weight=17.717585206031799 14.292306408286093 12.13261763751507 31.953881181776524 4.3371131569147101
leaf_count=101 47 77 271 19
internal_value=-0.00102571 -0.00993289 -0.019303 0.0154057
internal_weight=80.4335 66.1412 49.6715 16.4697
internal_count=515 468 372 96
is_linear=0
shrinkage=0.03


Tree=22
num_leaves=5
num_cat=0
split_feature=4 21 15 18
split_gain=26.9139 18.1649 6.28913 4.41347
threshold=1.0000000180025095e-35 0.090908500000000017 0.11148450000000001 0.15043700000000002
decision_type=10 8 10 10
left_child=1 3 -3 -1
right_child=-2 2 -4 -5
leaf_value=-0.03168539714293489 0.033142201099773907 -0.00064369232829229338 0.024516709012296464 -0.0024267377185623212
leaf_weight=18.76849822700024 16.232579439878464 24.754238896071911 9.2758300155401212 9.5793455988168699
leaf_count=105 54 260 31 43
internal_value=0.00171838 -0.00714572 0.00683493 -0.0239337
internal_weight=78.6105 62.3779 34.0301 28.3478
internal_count=493 439 291 148
is_linear=0
shrinkage=0.03


Tree=23
num_leaves=5
num_cat=0
split_feature=4 21 2 16
split_gain=27.6461 15.9423 5.59183 5.45356
threshold=1.0000000180025095e-35 0.040835500000000004 1.0000000180025095e-35 0.29371450000000004
decision_type=10 8 10 10
left_child=1 3 -3 -1
right_child=-2 2 -4 -5
leaf_value=-0.031797764198308466 0.03361068425105538 -0.0017209917895077288 0.021309995285486025 0
leaf_weight=18.386004000902179 16.411838293075562 27.816377185285091 9.8542481362819654 6.57689644396305
leaf_count=103 55 279 34 30
internal_value=0.00194606 -0.00705097 0.00469354 -0.0244492
internal_weight=79.0454 62.6335 37.6706 24.9629
internal_count=501 446 313 133
is_linear=0
shrinkage=0.03


Tree=24
num_leaves=5
num_cat=0
split_feature=4 25 21 21
split_gain=27.2584 18.6322 6.55192 5.70402
threshold=1.0000000180025095e-35 0.46564500000000003 0.11378600000000001 0.0011505000000000003
decision_type=10 2 8 8
left_child=1 2 -1 -3
right_child=-2 3 -4 -5
leaf_value=-0.02948063860135449 0.032255495236372105 -0.0095213969427517756 -0.0045752722482242936 0.022725141616863648
leaf_weight=22.048293888568878 16.408797368407249 3.3786180019378689 22.855360202491283 14.98737148940563
leaf_count=123 56 17 218 88
internal_value=0.000693501 -0.00812895 -0.0185108 0.014885
internal_weight=79.6784 63.2696 44.9037 18.366
internal_count=502 446 341 105
is_linear=0
shrinkage=0.03


Tree=25
num_leaves=5
num_cat=0
split_feature=3 22 25 25
split_gain=23.1024 17.4 5.81463 2.93949
threshold=1.0000000180025095e-35 0.043352000000000009 0.17138100000000003 0.65401100000000012
decision_type=10 8 2 2
left_child=1 3 -3 -1
right_child=-2 2 -4 -5
leaf_value=-0.031907958651102027 0.03255281796624232 -0.0083825666488325477 0.013104129042554761 0
leaf_weight=19.086877152323726 12.317389547824858 16.859154723584652 21.55778406560421 1.7959313243627537
leaf_count=111 42 149 158 7
internal_value=-5.92479e-05 -0.00855614 0.00302624 -0.0288234
internal_weight=71.6171 59.2997 38.4169 20.8828
internal_count=467 425 307 118
is_linear=0
shrinkage=0.03


Tree=26
num_leaves=7
num_cat=0
split_feature=21 25 14 25 2 25
split_gain=19.9876 10.2741 8.1483 2.65366 2.4062 0.685181
threshold=1.0000000180025095e-35 0.21742650000000005 1.5000000000000002 0.033283000000000007 0.47222200000000009 0.57189900000000005
decision_type=8 2 10 2 8 2
left_child=2 3 5 -2 -3 -1
right_child=1 4 -4 -5 -6 -7
leaf_value=-0.030490990424276918 0.005806796126623842 0.029615201022730679 0.012701366520416046 -0.011246969872177484 0.0067945406926786028 0
leaf_weight=18.367283403873451 10.151120118796827 14.695993036031725 2.3065093755722037 14.932993844151495 14.025031358003615 1.7974045425653447
leaf_count=109 64 50 8 132 123 8
internal_value=0 0.00958402 -0.0223918 -0.0033943 0.0211137 -0.0288261
internal_weight=76.2763 53.8051 22.4712 25.0841 28.721 20.1647
internal_count=494 369 125 196 173 117
is_linear=0
shrinkage=0.03


Tree=27
num_leaves=5
num_cat=0
split_feature=3 22 5 15
split_gain=25.3017 16.6291 3.06417 0.798274
threshold=1.0000000180025095e-35 0.039685500000000005 1.5000000000000002 0.25245100000000004
decision_type=10 8 10 10
left_child=1 3 -3 -1
right_child=-2 2 -4 -5
leaf_value=-0.028922915758831765 0.033107020683572498 -0.00042155383216746078 0.017589292082161246 0
leaf_weight=20.088382199406627 14.108060926198958 34.668228544294834 7.1660643070936194 1.8793022036552418
leaf_count=117 49 311 25 9
internal_value=0.000221733 -0.00776109 0.00296502 -0.0272909
internal_weight=77.91 63.802 41.8343 21.9677
internal_count=511 462 336 126
is_linear=0
shrinkage=0.03


Tree=28
num_leaves=5
num_cat=0
split_feature=4 23 23 17
split_gain=29.0628 14.7847 5.29955 2.29014
threshold=1.0000000180025095e-35 0.0074560000000000008 0.51918300000000006 0.45534900000000006
decision_type=10 8 10 10
left_child=1 3 -3 -1
right_child=-2 2 -4 -5
leaf_value=-0.033714713718961391 0.034459327044345366 0.0058741529074011313 -0.019955033088886447 0
leaf_weight=13.718144327402117 16.093530088663101 40.439041078090668 5.3856618553400031 3.2380853891372672
leaf_count=85 56 323 28 17
internal_value=0.00164053 -0.00750419 0.00118447 -0.029137
internal_weight=78.8745 62.7809 45.8247 16.9562
internal_count=509 453 351 102
is_linear=0
shrinkage=0.03


Tree=29
num_leaves=5
num_cat=0
split_feature=3 21 25 25
split_gain=21.376 20.9283 6.87801 5.1316
threshold=1.0000000180025095e-35 0.11378600000000001 0.21742650000000005 0.6159960000000001
decision_type=10 8 2 2
left_child=1 3 -3 -1
right_child=-2 2 -4 -5
leaf_value=-0.029963281266573945 0.03154260215578638 -0.0037309411954304142 0.020503909516225279 0
leaf_weight=25.284219563007358 12.338505357503889 18.569295771420002 15.857758589088915 4.265832006931304
leaf_count=146 44 174 125 17
internal_value=-2.93972e-05 -0.00770634 0.00737926 -0.0252636
internal_weight=76.3156 63.9771 34.4271 29.5501
internal_count=506 462 299 163
is_linear=0
shrinkage=0.03


Tree=30
num_leaves=5
num_cat=0
split_feature=4 23 23 24
split_gain=25.6022 12.7194 5.34694 0.175396
threshold=1.0000000180025095e-35 0.0074560000000000008 0.51918300000000006 0.9598580000000001
decision_type=10 8 10 2
left_child=1 3 -3 -1
right_child=-2 2 -4 -5
leaf_value=-0.02970405392301791 0.031477909189822982 0.0047399106410160692 -0.022057842640102489 0
leaf_weight=15.491460829973223 15.501207932829855 38.569139465689659 4.9710906594991675 1.4902294278144825
leaf_count=96 56 316 27 9
internal_value=6.81027e-05 -0.00861116 0 -0.0284364
internal_weight=76.0231 60.5219 43.5402 16.9817
internal_count=504 448 343 105
is_linear=0
shrinkage=0.03


Tree=31
num_leaves=5
num_cat=0
split_feature=3 22 25 25
split_gain=20.3542 13.9333 4.86841 4.79001
threshold=1.0000000180025095e-35 0.039685500000000005 0.74630450000000004 0.21742650000000005
decision_type=10 8 2 2
left_child=1 2 -1 -3
right_child=-2 3 -4 -5
leaf_value=-0.030272009593413387 0.030926180670241065 -0.0064143038715779007 0.0039871770833685635 0.012206171853260773
leaf_weight=19.216482907533649 12.266326576471327 21.946361057460308 1.9434432685375203 20.398464627563953
leaf_count=119 45 193 7 150
internal_value=0 -0.00747668 -0.0257794 0.00210812
internal_weight=75.7711 63.5048 21.1599 42.3448
internal_count=514 469 126 343
is_linear=0
shrinkage=0.03


Tree=32
num_leaves=4
num_cat=0
split_feature=3 25 22
split_gain=19.765 12.1989 10.8927
threshold=1.0000000180025095e-35 0.72520400000000007 0.040699500000000007
decision_type=10 2 8
left_child=1 2 -1
right_child=-2 -3 -4
leaf_value=-0.03025414010289279 0.030484194530966822 0.023643140175034858 -0.0021041363008234434
leaf_weight=17.927631676197052 12.059569805860518 6.3748372048139563 37.976298838853836
leaf_count=110 45 35 308
internal_value=-0.000111688 -0.00762448 -0.0127219
internal_weight=74.3383 62.2788 55.9039
internal_count=498 453 418
is_linear=0
shrinkage=0.03


Tree=33
num_leaves=5
num_cat=0
split_feature=4 18 22 25
split_gain=20.5353 12.6364 5.85273 3.337
threshold=1.0000000180025095e-35 0.12250800000000002 0.045065500000000001 0.74630450000000004
decision_type=10 8 10 2
left_child=1 3 -3 -1
right_child=-2 2 -4 -5
leaf_value=-0.028705794171822768 0.029632292638199109 -0.0045665544989230249 0.018763329425480087 0
leaf_weight=18.712581083178524 13.840398803353308 27.687163360416889 10.652602210640906 2.0776413381099692
leaf_count=113 52 287 38 8
internal_value=0 -0.00771143 0.00208114 -0.0250164
internal_weight=72.9704 59.13 38.3398 20.7902
internal_count=498 446 325 121
is_linear=0
shrinkage=0.03


Tree=34
num_leaves=5
num_cat=0
split_feature=3 22 25 5
split_gain=19.7618 13.1943 7.03929 2.8062
threshold=1.0000000180025095e-35 0.043352000000000009 0.28514000000000006 4.5000000000000009
decision_type=10 8 2 10
left_child=1 3 -3 -1
right_child=-2 2 -4 -5
leaf_value=-0.027798436542391999 0.030770282092520179 -0.0066873623436066072 0.016513405732355633 0
leaf_weight=18.462133005261425 13.085296109318731 23.013151571154594 17.488814875483513 1.759623497724532
leaf_count=116 50 201 123 7
internal_value=0.000754379 -0.00638704 0.00308907 -0.0246057
internal_weight=73.809 60.7237 40.502 20.2218
internal_count=497 447 324 123
is_linear=0
shrinkage=0.03


Tree=35
num_leaves=5
num_cat=0
split_feature=4 18 25 25
split_gain=19.5259 12.5398 5.93404 3.29536
threshold=1.0000000180025095e-35 0.12250800000000002 0.64158300000000013 0.52684150000000007
decision_type=10 8 2 2
left_child=1 3 -3 -1
right_child=-2 2 -4 -5
leaf_value=-0.029388549835586315 0.028903171787490457 -0.0026329094260830466 0.02284126865205912 0
leaf_weight=16.553468808531765 14.546303018927572 32.156277067959309 7.3548965975642195 4.2351186126470557
leaf_count=105 56 278 47 18
internal_value=0.000585872 -0.00681734 0.00268061 -0.0241919
internal_weight=74.8461 60.2998 39.5112 20.7886
internal_count=504 448 325 123
is_linear=0
shrinkage=0.03


Tree=36
num_leaves=5
num_cat=0
split_feature=4 21 18 17
split_gain=15.5209 9.36359 4.60358 3.2118
threshold=1.0000000180025095e-35 1.0000000180025095e-35 0.12250800000000002 0.25107300000000005
decision_type=10 8 10 10
left_child=1 3 -3 -1
right_child=-2 2 -4 -5
leaf_value=-0.02937978643880429 0.02743665447040982 -0.0042750665562800065 0.015016787627554675 0
leaf_weight=12.233801051974298 13.02537916600704 29.74808906018734 13.246647000312803 4.9469770193099967
leaf_count=82 51 287 50 27
internal_value=0.00076967 -0.00555648 0.00160828 -0.0225465
internal_weight=73.2009 60.1755 42.9947 17.1808
internal_count=497 446 337 109
is_linear=0
shrinkage=0.03


Tree=37
num_leaves=7
num_cat=0
split_feature=25 24 9 25 25 5
split_gain=9.08747 5.46247 4.23923 2.84618 2.04118 1.61682
threshold=0.17138100000000003 0.92614150000000006 8.5431960000000018 0.056248000000000013 0.28514000000000006 1.5000000000000002
decision_type=2 2 10 2 2 10
left_child=2 5 3 -1 -3 -2
right_child=1 4 -4 -5 -6 -7
leaf_value=-0.0030335652065209967 -0.0059712112952278124 0 0.0097602883327499688 -0.024582595842395326 0.024909517377671053 0.0084951692546545478
leaf_weight=14.624129086732866 16.016274936497215 1.8723001554608334 3.2772210836410514 15.01442454010248 12.640460051596163 7.7679674774408332
leaf_count=108 132 16 13 127 70 31
internal_value=-0.000753518 0.00845381 -0.0121127 -0.0161253 0.0211955 0
internal_weight=71.2128 38.297 32.9158 29.6386 14.5128 23.7842
internal_count=497 249 248 235 86 163
is_linear=0
shrinkage=0.03


Tree=38
num_leaves=5
num_cat=0
split_feature=3 21 25 24
split_gain=16.2001 12.6603 7.61275 0.38275
threshold=1.0000000180025095e-35 0.0011505000000000003 0.21742650000000005 0.9603075000000002
decision_type=10 8 2 2
left_child=1 3 -3 -1
right_child=-2 2 -4 -5
leaf_value=-0.026999616515826205 0.029335968197837698 -0.0082112962050155027 0.015471720002632808 0
leaf_weight=15.214128196239473 11.771092131733893 21.43253256380558 20.323549166321754 1.3650525361299504
leaf_count=100 47 189 144 9
internal_value=0.00082544 -0.00559188 0.00290983 -0.0257014
internal_weight=70.1064 58.3353 41.7561 16.5792
internal_count=489 442 333 109
is_linear=0
shrinkage=0.03


Tree=39
num_leaves=7
num_cat=0
split_feature=25 18 9 24 2 22
split_gain=14.8299 4.58427 5.17729 4.2061 4.46693 1.8011
threshold=0.28514000000000006 0.17745700000000003 8.4592630000000018 0.91989850000000006 0.32575750000000009 0.045065500000000001
decision_type=2 10 10 2 8 10
left_child=1 2 -1 4 -2 -3
right_child=3 5 -4 -5 -6 -7
leaf_value=-0.021317862559851505 0.016425294205127523 -0.0064098904113581235 0.0099352685152488667 0.024684612568717349 -0.0091087270434975914 0.012351922165478844
leaf_weight=28.177147962152961 8.2035659253597277 4.5500383526086789 2.4143357723951331 15.151169531047342 9.8196034878492338 6.1736504435539246
leaf_count=258 32 25 10 88 81 23
internal_value=0 -0.0116421 -0.0172912 0.0142451 0.00177193 0.00254431
internal_weight=74.4895 41.3152 30.5915 33.1743 18.0232 10.7237
internal_count=517 316 268 201 113 48
is_linear=0
shrinkage=0.03


Tree=40
num_leaves=7
num_cat=0
split_feature=25 23 21 7 22 2
split_gain=11.4194 5.59658 4.37999 3.13825 2.52233 0.940233
threshold=0.30386950000000007 0.012111500000000002 1.0000000180025095e-35 8.0568855000000017 0.040699500000000007 0.58947350000000009
decision_type=2 10 8 8 10 10
left_child=1 3 5 -1 -3 -2
right_child=2 4 -4 -5 -6 -7
leaf_value=-0.027400522522681305 -0.012926494675482606 -0.0082953874626619604 0.019907176048886588 -0.0038525451537533015 0.011479076414402862 0.0016295986995015332
leaf_weight=12.181910231709482 2.504758387804034 5.8228374719619778 22.665374219417572 14.761383809149264 10.799398407340048 4.0410286784172058
leaf_count=86 14 31 142 171 43 21
internal_value=0 -0.00921719 0.0140089 -0.0171798 0.00281392 -0.00310956
internal_weight=72.7767 43.5655 29.2112 26.9433 16.6222 6.54579
internal_count=508 331 177 257 74 35
is_linear=0
shrinkage=0.03


Tree=41
num_leaves=5
num_cat=0
split_feature=3 22 18 16
split_gain=16.5431 11.458 4.29904 0.921865
threshold=1.0000000180025095e-35 0.039685500000000005 0.32197850000000006 0.18818950000000004
decision_type=10 8 10 10
left_child=1 3 -3 -1
right_child=-2 2 -4 -5
leaf_value=-0.029120696171594757 0.028715707142830969 -0.002015949932553216 0.020553808694027714 -0.0041033988095724562
leaf_weight=13.100481033325197 11.591199338436125 32.256370276212692 6.2770138084888449 6.0344085544347754
leaf_count=91 48 297 22 34
internal_value=0 -0.00686234 0.00215737 -0.024212
internal_weight=69.2595 57.6683 38.5334 19.1349
internal_count=492 444 319 125
is_linear=0
shrinkage=0.03


Tree=42
num_leaves=5
num_cat=0
split_feature=4 23 21 17
split_gain=14.7842 10.6214 6.18601 0.936618
threshold=1.0000000180025095e-35 0.0074560000000000008 0.11378600000000001 0.42449350000000002
decision_type=10 8 10 8
left_child=1 3 -3 -1
right_child=-2 2 -4 -5
leaf_value=-0.028074945329359058 0.026580076833145689 -0.0044351385187958474 0.019028569215530967 0
leaf_weight=12.821651183068749 12.799890428781508 34.412106513977051 10.566340103745459 2.4478795528411874
leaf_count=91 53 323 38 15
internal_value=0.000279799 -0.00582919 0.00129684 -0.025228
internal_weight=73.0479 60.248 44.9784 15.2695
internal_count=520 467 361 106
is_linear=0
shrinkage=0.03


Tree=43
num_leaves=5
num_cat=0
split_feature=3 23 23 17
split_gain=13.9506 6.87915 4.095 2.35464
threshold=1.0000000180025095e-35 0.0063255000000000013 0.51918300000000006 0.45534900000000006
decision_type=10 8 8 10
left_child=1 3 -3 -1
right_child=-2 2 -4 -5
leaf_value=-0.025414608063774612 0.027803720062959929 0.011353587318529345 -0.0058422373149915711 0
leaf_weight=12.433281831443308 11.108727008104323 17.450501292943954 28.010988593101501 2.6170385032892218
leaf_count=88 48 68 292 15
internal_value=0.000494274 -0.00512333 0.000433602 -0.0208531
internal_weight=71.6205 60.5118 45.4615 15.0503
internal_count=511 463 360 103
is_linear=0
shrinkage=0.03


Tree=44
num_leaves=5
num_cat=0
split_feature=3 18 21 9
split_gain=18.281 8.65732 5.23708 1.66396
threshold=1.0000000180025095e-35 0.12250800000000002 0.0011505000000000003 8.0568855000000017
decision_type=10 8 10 10
left_child=1 3 -3 -1
right_child=-2 2 -4 -5
leaf_value=-0.026166172949534768 0.028156703367422556 -0.007375914290548599 0.015063334511664131 0
leaf_weight=18.286502242088321 11.38732700049877 27.10959829390049 10.553257033228872 1.6961778253316868
leaf_count=119 49 289 40 7
internal_value=-0.00181918 -0.00933524 0 -0.0238533
internal_weight=69.0329 57.6455 37.6629 19.9827
internal_count=504 455 329 126
is_linear=0
shrinkage=0.03


Tree=45
num_leaves=5
num_cat=0
split_feature=3 2 2 5
split_gain=14.8158 8.89613 5.63662 1.47212
threshold=1.0000000180025095e-35 0.32575750000000009 1.0000000180025095e-35 4.5000000000000009
decision_type=10 10 10 10
left_child=1 2 -1 -3
right_child=-2 3 -4 -5
leaf_value=-0.0045124891486587838 0.027674900553628611 -0.026521729121561685 0.019945750822437987 0
leaf_weight=34.776846766471863 10.968258067965506 14.00592382252216 7.8312840312719336 1.8762483447790153
leaf_count=324 48 93 28 8
internal_value=0 -0.00654728 0.000341397 -0.0237348
internal_weight=69.4586 58.4903 42.6081 15.8822
internal_count=501 453 352 101
is_linear=0
shrinkage=0.03


Tree=46
num_leaves=6
num_cat=0
split_feature=21 9 5 24 23
split_gain=9.21861 6.11676 6.39698 2.45917 2.42447
threshold=0.12386950000000001 8.1715810000000015 1.5000000000000002 0.93573500000000009 1.0000000180025095e-35
decision_type=10 8 10 2 10
left_child=1 2 -1 -3 -2
right_child=4 3 -4 -5 -6
leaf_value=-0.024237935602056403 0 -0.0025463351608036194 0.0038991361814076858 0.013284815646650185 0.024087000154331479
leaf_weight=18.600910224020485 1.8611866533756245 17.789874143898491 7.3617318868637076 10.43223652243614 11.825320869684218
leaf_count=127 10 196 31 89 45
internal_value=0 -0.00572972 -0.0156464 0.00305895 0.0196139
internal_weight=67.8713 54.1848 25.9626 28.2221 13.6865
internal_count=498 443 158 285 55
is_linear=0
shrinkage=0.03


Tree=47
num_leaves=5
num_cat=0
split_feature=3 18 25 15
split_gain=13.7058 10.0759 3.82764 2.34699
threshold=1.0000000180025095e-35 0.12250800000000002 0.59112300000000007 0.46050550000000007
decision_type=10 8 2 10
left_child=1 3 -3 -1
right_child=-2 2 -4 -5
leaf_value=-0.025851839262636598 0.026713163660128825 -0.0022378925194290349 0.019056414633233359 0
leaf_weight=17.809048317372802 10.32503232359886 32.257524237036705 6.3110901974141589 1.6658678799867619
leaf_count=118 47 286 45 7
internal_value=-0.000425652 -0.00682025 0.00164868 -0.0229084
internal_weight=68.3686 58.0435 38.5686 19.4749
internal_count=503 456 331 125
is_linear=0
shrinkage=0.03


Tree=48
num_leaves=5
num_cat=0
split_feature=9 22 19 5
split_gain=6.93501 5.96611 2.37982 1.82175
threshold=8.5431960000000018 0.040699500000000007 0.11450050000000002 4.5000000000000009
decision_type=10 8 10 10
left_child=1 3 -3 -1
right_child=-2 2 -4 -5
leaf_value=-0.01990124711213288 0.020788393509642459 -0.0026568384426665487 0.01165913270887825 0
leaf_weight=18.679100893437866 7.8158884197473517 29.694282066076994 11.514924541115759 2.4870200157165518
leaf_count=127 35 297 46 11
internal_value=-0.000990701 -0.00500733 0.00118455 -0.0169545
internal_weight=70.1912 62.3753 41.2092 21.1661
internal_count=516 481 343 138
is_linear=0
shrinkage=0.03


Tree=49
num_leaves=5
num_cat=0
split_feature=4 18 24 25
split_gain=12.899 10.889 6.36185 4.10028
threshold=1.0000000180025095e-35 0.12250800000000002 0.84572500000000017 0.74630450000000004
decision_type=10 8 2 2
left_child=1 3 -3 -1
right_child=-2 2 -4 -5
leaf_value=-0.026841831497376331 0.026300774928821911 -0.018854881233686456 0.0091899965352598006 0.0037324097905188313
leaf_weight=16.790652282536033 11.840316146612166 5.6474161967635146 35.029496639966965 2.0718630403280249
leaf_count=118 53 54 286 8
internal_value=0.000866764 -0.00473049 0.00358187 -0.02206
internal_weight=71.3797 59.5394 40.6769 18.8625
internal_count=519 466 340 126
is_linear=0
shrinkage=0.03


Tree=50
num_leaves=5
num_cat=0
split_feature=3 21 25 17
split_gain=14.7936 8.23579 8.91059 1.25852
threshold=1.0000000180025095e-35 0.12386950000000001 0.21742650000000005 0.35873700000000003
decision_type=10 8 2 10
left_child=1 3 -3 -1
right_child=-2 2 -4 -5
leaf_value=-0.022303176168455379 0.026961014363466453 -0.01096175480146375 0.018006565276918712 0
leaf_weight=20.336031235754493 10.898958161473272 16.766840197145942 14.922147348523138 5.2572749629616728
leaf_count=133 51 168 126 29
internal_value=-0.000513103 -0.00731978 0.00219197 -0.0191405
internal_weight=68.1813 57.2823 31.689 25.5933
internal_count=507 456 294 162
is_linear=0
shrinkage=0.03


Tree=51
num_leaves=5
num_cat=0
split_feature=3 18 24 4
split_gain=13.3936 6.84743 4.8048 4.00844
threshold=1.0000000180025095e-35 0.12806200000000004 0.84572500000000017 1.0000000180025095e-35
decision_type=10 8 2 10
left_child=1 3 -3 -1
right_child=-2 2 -4 -5
leaf_value=-0.024725271740488983 0.026182489360209039 -0.020416643600987182 0.0053343370842499436 0.0057826185965939407
leaf_weight=18.041202761232856 9.9479944854974729 4.99477744847536 31.854260496795177 1.7241414338350285
leaf_count=125 47 51 267 6
internal_value=-0.00102387 -0.00738469 0 -0.0203349
internal_weight=66.5624 56.6144 36.849 19.7653
internal_count=496 449 318 131
is_linear=0
shrinkage=0.03


Tree=52
num_leaves=5
num_cat=0
split_feature=3 25 21 2
split_gain=13.6651 12.8784 4.35494 1.15878
threshold=1.0000000180025095e-35 0.58110250000000019 0.15176500000000001 0.32575750000000009
decision_type=10 2 10 10
left_child=1 2 -1 -3
right_child=-2 3 -4 -5
leaf_value=-0.018877119339042521 0.026353660725645704 0.021805185493344922 0.0022287413574281888 0
leaf_weight=36.72818398475647 10.375710144639013 8.3014877773821336 7.4429116547107688 2.7519618123769751
leaf_count=347 50 57 30 12
internal_value=-0.000546398 -0.00721314 -0.0147692 0.0175542
internal_weight=65.6003 55.2245 44.1711 11.0534
internal_count=496 446 377 69
is_linear=0
shrinkage=0.03


Tree=53
num_leaves=5
num_cat=0
split_feature=3 25 21 16
split_gain=9.65928 6.9711 5.64878 1.22268
threshold=1.0000000180025095e-35 0.59112300000000007 0.045361000000000005 0.13032400000000002
decision_type=10 2 8 8
left_child=1 2 -1 -3
right_child=-2 3 -4 -5
leaf_value=-0.022935636818335371 0.024662247736606375 0 -0.0010389173817589227 0.018437676262952667
leaf_weight=16.739122852683067 8.7227088510990125 2.4479610621929142 30.44664727896452 7.5953274257481107
leaf_count=121 43 11 274 50
internal_value=0 -0.00509468 -0.0103112 0.0138485
internal_weight=65.9518 57.2291 47.1858 10.0433
internal_count=499 456 395 61
is_linear=0
shrinkage=0.03


Tree=54
num_leaves=5
num_cat=0
split_feature=3 22 23 25
split_gain=9.9661 10.8592 3.52769 2.86431
threshold=1.0000000180025095e-35 0.043352000000000009 0.0097775000000000015 0.65401100000000012
decision_type=10 8 10 2
left_child=1 3 -3 -1
right_child=-2 2 -4 -5
leaf_value=-0.02664338570625617 0.025233286690970164 -0.0027798802896568577 0.013420854001982556 0
leaf_weight=14.80499240010977 9.5428258627653104 22.253982670605183 17.53460918366909 2.4331383109092704
leaf_count=115 48 253 68 10
internal_value=0.00058416 -0.00409579 0.00409897 -0.0222968
internal_weight=66.5695 57.0267 39.7886 17.2381
internal_count=494 446 321 125
is_linear=0
shrinkage=0.03


Tree=55
num_leaves=4
num_cat=0
split_feature=3 25 2
split_gain=10.6931 6.19103 3.74482
threshold=1.0000000180025095e-35 0.71528900000000017 0.32575750000000009
decision_type=10 2 10
left_child=1 2 -1
right_child=-2 -3 -4
leaf_value=-0.0018564146618834981 0.025573768454291334 0.017478190522168768 -0.019596436827715374
leaf_weight=38.153844509273767 9.8943819105625135 6.4222422763705245 15.543417371809481
leaf_count=328 50 39 109
internal_value=0.000337719 -0.0043584 -0.00828582
internal_weight=70.0139 60.1195 53.6973
internal_count=526 476 437
is_linear=0
shrinkage=0.03


Tree=56
num_leaves=7
num_cat=0
split_feature=25 25 2 7 25 19
split_gain=8.71157 3.64792 3.34677 2.52399 2.31349 0.423693
threshold=0.17138100000000003 0.04653150000000001 0.32575750000000009 17.510375000000007 0.71528900000000017 0.0041160000000000007
decision_type=2 2 8 10 2 10
left_child=1 5 -2 -3 -4 -1
right_child=2 3 4 -5 -6 -7
leaf_value=-0.0041415375330152637 0.021476846268324551 -0.022710546049450688 -0.0022284036677081898 0.0029740449722963705 0.016290136361135455 0.0044463642626586929
leaf_weight=5.8743793070316341 12.808965027332304 14.504095792770384 19.168507583439354 1.0878023952245701 4.735765889286994 8.5885436907410604
leaf_count=66 55 141 165 5 32 40
internal_value=0.000652821 -0.010304 0.0104787 -0.0191143 0.00173267 0
internal_weight=66.7681 30.0548 36.7132 15.5919 23.9043 14.4629
internal_count=504 252 252 146 197 106
is_linear=0
shrinkage=0.03


Tree=57
num_leaves=5
num_cat=0
split_feature=3 5 21 2
split_gain=11.4928 7.32556 3.27073 3.09398
threshold=1.0000000180025095e-35 1.5000000000000002 0.090908500000000017 0.41428550000000003
decision_type=10 8 10 8
left_child=1 2 -1 -3
right_child=-2 3 -4 -5
leaf_value=-0.024190640708765018 0.025439677423062225 0.019308307108801489 0 -0.00096436728016122315
leaf_weight=16.20678781718016 9.890335410833357 5.1977026909589794 7.4104121327400199 25.719035487622023
leaf_count=122 51 18 33 277
internal_value=0 -0.00589774 -0.0176543 0.00296574
internal_weight=64.4243 54.5339 23.6172 30.9167
internal_count=501 450 155 295
is_linear=0
shrinkage=0.03


Tree=58
num_leaves=6
num_cat=0
split_feature=4 25 2 25 17
split_gain=8.93172 8.06672 5.33291 3.10203 0.16227
threshold=1.0000000180025095e-35 0.20438700000000004 0.32575750000000009 0.033283000000000007 0.22738550000000002
decision_type=10 2 10 2 10
left_child=1 3 -3 -1 -2
right_child=4 2 -4 -5 -6
leaf_value=0 0.025822629469163968 0.015871057154844419 -0.008831062297710501 -0.019753149188247606 0
leaf_weight=8.8299812227487582 8.7995299547910673 19.530825234949592 8.0218702554702741 19.66343142837286 2.082352638244628
leaf_count=68 44 150 48 191 10
internal_value=0.00173201 -0.00298566 0.00753626 -0.0138615 0.0235852
internal_weight=66.928 56.0461 27.5527 28.4934 10.8819
internal_count=511 457 198 259 54
is_linear=0
shrinkage=0.03


Tree=59
num_leaves=5
num_cat=0
split_feature=4 18 24 17
split_gain=9.48533 6.34048 3.1218 2.83938
threshold=1.0000000180025095e-35 0.32197850000000006 0.87606200000000012 0.12411850000000001
decision_type=10 8 2 10
left_child=1 3 -3 -1
right_child=-2 2 -4 -5
leaf_value=-0.023116014444922745 0.024180000213886936 -0.0079850242624632944 0.010759403422663216 -0.00155746266454401
leaf_weight=12.518559731543066 10.238389953970907 7.3467094749212292 22.335978899151087 14.402092695236204
leaf_count=94 52 77 213 77
internal_value=0.000920012 -0.0037892 0.00489499 -0.0138978
internal_weight=66.8417 56.6033 29.6827 26.9207
internal_count=513 461 290 171
is_linear=0
shrinkage=0.03


Tree=60
num_leaves=5
num_cat=0
split_feature=3 25 18 24
split_gain=9.64696 6.9644 4.9028 1.24837
threshold=1.0000000180025095e-35 0.58110250000000019 0.17745700000000003 0.90075650000000007
decision_type=10 2 8 2
left_child=1 2 -1 -3
right_child=-2 3 -4 -5
leaf_value=-0.020782187386542268 0.024640842852412512 0 -0.0004144653503060765 0.019961868889304655
leaf_weight=18.429179206490517 9.2772360295057279 3.8622738011181337 27.707529976963997 6.4646679423749447
leaf_count=134 50 24 262 41
internal_value=3.34821e-05 -0.00454429 -0.00993295 0.0140957
internal_weight=65.7409 56.4637 46.1367 10.3269
internal_count=511 461 396 65
is_linear=0
shrinkage=0.03


Tree=61
num_leaves=7
num_cat=0
split_feature=25 2 22 24 4 24
split_gain=7.84563 4.71427 4.15582 3.80887 0.650838 0.64435
threshold=0.17138100000000003 0.32575750000000009 0.027415500000000006 0.91989850000000006 1.0000000180025095e-35 0.96451750000000003
decision_type=2 8 10 2 10 2
left_child=2 -2 5 -3 -4 -1
right_child=1 3 4 -5 -6 -7
leaf_value=-0.020221564828421783 0.024138528901348884 -0.0082123231036484324 -0.0011128898272417689 0.013433101467312258 0.0096279975441537179 0
leaf_weight=14.682799965143204 11.455205008387564 12.794940393418075 9.6904926374554616 10.15547516196966 3.3425156176090232 0.82846686244011003
leaf_count=169 50 111 47 82 16 8
internal_value=0.00094009 0.0105849 -0.00963516 0.000655314 0.00105673 -0.0189548
internal_weight=62.9499 34.4056 28.5443 22.9504 13.033 15.5113
internal_count=483 243 240 193 63 177
is_linear=0
shrinkage=0.03


Tree=62
num_leaves=6
num_cat=0
split_feature=25 3 24 25 17
split_gain=9.29213 4.35393 2.8024 2.30417 0.557752
threshold=0.38787650000000007 1.0000000180025095e-35 0.85211950000000003 0.050268000000000007 1.0000000180025095e-35
decision_type=2 10 2 2 8
left_child=1 3 -2 -1 -4
right_child=2 -3 4 -5 -6
leaf_value=0 -0.0063914498733571874 0.013622253003959247 0 -0.017548432799117868 0.018800748822076975
leaf_weight=13.383518286049364 1.7471071109175706 3.170094519853591 1.6586560010910059 23.800110541284084 19.031481429934502
leaf_count=104 14 17 9 221 127
internal_value=0 -0.00886319 0.0139599 -0.0124006 0.0175366
internal_weight=62.791 40.3537 22.4372 37.1836 20.6901
internal_count=492 342 150 325 136
is_linear=0
shrinkage=0.03


Tree=63
num_leaves=7
num_cat=0
split_feature=21 25 7 23 22 22
split_gain=10.3713 4.80351 3.49027 1.9119 2.05847 0.352516
threshold=0.0011505000000000003 0.71528900000000017 16.673387000000002 1.0000000180025095e-35 0.029121000000000005 0.14302150000000002
decision_type=10 2 8 10 10 10
left_child=1 2 -1 5 -5 -2
right_child=3 -3 -4 4 -6 -7
leaf_value=-0.024078896563483193 0.0013598085458853566 0.013277783959287495 -0.00259105033586191 0 0.020819138095047415 -0.0082205637193362817
leaf_weight=13.414614826440809 1.7515664622187643 3.6537309214472762 19.360233511775732 5.6017928197979954 19.0330570936203 1.5675670802593229
leaf_count=113 10 29 230 29 81 10
internal_value=0.00052368 -0.00925307 -0.0135062 0.0138955 0.0166894 -0.000171979
internal_weight=64.3826 36.4286 32.7748 27.954 24.6348 3.31913
internal_count=502 372 343 130 110 20
is_linear=0
shrinkage=0.03


Tree=64
num_leaves=6
num_cat=0
split_feature=4 18 5 24 23
split_gain=9.87397 6.83156 3.43712 1.04255 0.432625
threshold=1.0000000180025095e-35 0.12806200000000004 1.5000000000000002 0.95694350000000006 0.68669500000000017
decision_type=10 8 10 2 8
left_child=1 3 -3 -1 -2
right_child=4 2 -4 -5 -6
leaf_value=-0.023119202033998885 0.025087201426158282 -0.0029503508850763707 0.017484209485369613 0 0
leaf_weight=13.778154060244558 8.6986752897500956 29.875010602176189 6.28773309290409 2.1764112114906302 1.8073604106903083
leaf_count=103 47 299 24 18 9
internal_value=0 -0.0058916 0.000903814 -0.0205821 0.0227226
internal_weight=62.6233 52.1173 36.1627 15.9546 10.506
internal_count=500 444 323 121 56
is_linear=0
shrinkage=0.03


Tree=65
num_leaves=6
num_cat=0
split_feature=4 18 23 25 23
split_gain=6.38643 7.61244 3.28962 1.84014 0.419826
threshold=1.0000000180025095e-35 0.15043700000000002 0.57592050000000017 0.39269000000000004 0.51918300000000006
decision_type=10 8 8 2 8
left_child=1 3 -3 -1 -2
right_child=4 2 -4 -5 -6
leaf_value=-0.022605548851454695 0.024455300152018015 0.015753203388883495 -0.00049650659766152213 0 0
leaf_weight=11.455997012555601 7.7333970814943287 13.880867227911947 23.33134438470006 4.9522759541869155 1.787234619259835
leaf_count=93 41 59 263 25 9
internal_value=0.0024852 -0.00142452 0.00554195 -0.017184 0.0219662
internal_weight=63.1411 53.6205 37.2122 16.4083 9.52063
internal_count=490 440 322 118 50
is_linear=0
shrinkage=0.03


Tree=66
num_leaves=6
num_cat=0
split_feature=4 18 2 15 17
split_gain=7.35313 7.77177 3.60175 2.21682 0.232419
threshold=1.0000000180025095e-35 0.15043700000000002 0.41428550000000003 0.51299900000000009 0.20602400000000001
decision_type=10 8 8 10 8
left_child=1 3 -3 -1 -2
right_child=4 2 -4 -5 -6
leaf_value=-0.022474575422976574 0.023776927975637539 0.015433814353779648 -0.0026163316615269937 0.000639671969266412 0
leaf_weight=16.033941276371483 7.2457743138074848 11.55685120820999 23.657328769564629 1.4336722195148457 1.9708052575588233
leaf_count=126 39 49 266 6 10
internal_value=0 -0.00431057 0.00326903 -0.019296 0.021378
internal_weight=61.8984 52.6818 35.2142 17.4676 9.21658
internal_count=496 447 315 132 49
is_linear=0
shrinkage=0.03


Tree=67
num_leaves=5
num_cat=0
split_feature=4 2 24 24
split_gain=8.53233 3.80811 2.88198 1.39898
threshold=1.0000000180025095e-35 0.70833350000000006 0.85071050000000004 0.95694350000000006
decision_type=10 10 2 2
left_child=1 2 -1 -3
right_child=-2 3 -4 -5
leaf_value=-0.013991846901472057 0.023382160378259791 -0.023751028339453754 0.0036531020900467245 0
leaf_weight=7.3680434450507155 9.7468792498111707 6.6538844257593137 39.263581361621618 1.8483795449137685
leaf_count=64 53 59 321 15
internal_value=0.000853357 -0.00361447 0 -0.0190787
internal_weight=64.8808 55.1339 46.6316 8.50226
internal_count=512 459 385 74
is_linear=0
shrinkage=0.03


Tree=68
num_leaves=5
num_cat=0
split_feature=3 23 23 24
split_gain=7.06709 5.71035 3.09672 2.44865
threshold=1.0000000180025095e-35 0.0063255000000000013 0.13196500000000003 0.96374850000000012
decision_type=10 8 8 2
left_child=1 3 -3 -1
right_child=-2 2 -4 -5
leaf_value=-0.024128374802299547 0.022818441148218106 0.015302478554811018 -0.002201871979407279 0.0021176592363495437
leaf_weight=10.604448333382605 7.9302869588136664 8.4565442577004415 35.151360008865595 1.0322502478957165
leaf_count=96 47 33 323 7
internal_value=0.000317446 -0.00340641 0.00131542 -0.0197937
internal_weight=63.1749 55.2446 43.6079 11.6367
internal_count=506 459 356 103
is_linear=0
shrinkage=0.03


Tree=69
num_leaves=5
num_cat=0
split_feature=3 21 23 18
split_gain=5.89842 4.69031 3.62587 3.31517
threshold=1.0000000180025095e-35 0.11378600000000001 0.016871000000000004 0.12806200000000004
decision_type=10 8 10 10
left_child=1 3 -3 -1
right_child=-2 2 -4 -5
leaf_value=-0.020714217593068074 0.021867053973923547 -0.0025417228061332163 0.015816199139383601 0
leaf_weight=13.633587919175627 7.1907464116811743 21.574522268027067 11.476768493652342 9.5142432004213315
leaf_count=114 43 252 44 48
internal_value=0.000448805 -0.00275419 0.00378643 -0.0126034
internal_weight=63.3899 56.1991 33.0513 23.1478
internal_count=501 458 296 162
is_linear=0
shrinkage=0.03


Tree=70
num_leaves=6
num_cat=0
split_feature=4 25 18 16 23
split_gain=7.03351 6.77731 5.12677 1.7913 0.596415
threshold=1.0000000180025095e-35 0.51830250000000011 0.29495000000000005 0.024358000000000001 0.57592050000000017
decision_type=10 2 8 8 8
left_child=1 2 -1 -3 -2
right_child=4 3 -4 -5 -6
leaf_value=-0.021331047211838202 0.02343071653619274 -0.0038153590124772154 0 0.015940334387414597 0
leaf_weight=17.664222329854965 7.7554430365562412 1.3637536317110033 23.063536278903484 12.041783958673477 1.7475146204233176
leaf_count=137 46 8 236 80 10
internal_value=0 -0.00410384 -0.0104645 0.0117717 0.0207204
internal_weight=63.6363 54.1333 40.7278 13.4055 9.50296
internal_count=517 461 373 88 56
is_linear=0
shrinkage=0.03


Tree=71
num_leaves=7
num_cat=0
split_feature=25 24 7 18 19 17
split_gain=6.86898 5.05781 2.24814 2.44614 1.29354 0.618608
threshold=0.17138100000000003 0.91217050000000011 8.6832670000000025 0.32726500000000008 0.11450050000000002 0.011290000000000003
decision_type=2 2 10 10 10 8
left_child=2 4 3 -1 -2 -3
right_child=1 5 -4 -5 -6 -7
leaf_value=-0.016510802674895145 -0.0075382045899802129 0 0.005802858832055259 0.0018968728185763417 0.0061990938799223981 0.023025198132562513
leaf_weight=21.61732670664788 9.7420636676251906 1.7250516489148111 3.2526120394468299 4.3540662154555312 8.4530293419957143 13.183170091360807
leaf_count=227 94 12 17 20 44 96
internal_value=0.000425144 0.00980499 -0.0091925 -0.0125124 0 0.0211661
internal_weight=62.3273 33.1033 29.224 25.9714 18.1951 14.9082
internal_count=510 246 264 247 138 108
is_linear=0
shrinkage=0.03


Tree=72
num_leaves=5
num_cat=0
split_feature=3 22 25 18
split_gain=6.62093 6.92491 4.03561 3.95366
threshold=1.0000000180025095e-35 0.043352000000000009 0.65401100000000012 0.29495000000000005
decision_type=10 8 2 10
left_child=1 2 -1 -3
right_child=-2 3 -4 -5
leaf_value=-0.024135431869884046 0.02272072300737233 -0.00020424151415191538 0.0057120883361666914 0.021023730810588476
leaf_weight=13.151744715869425 8.0992131531238538 32.474786780774593 2.1862501651048651 6.4551174938678733
leaf_count=117 51 310 8 24
internal_value=0.00127761 -0.0024214 -0.0180066 0.00385253
internal_weight=62.3671 54.2679 15.338 38.9299
internal_count=510 459 125 334
is_linear=0
shrinkage=0.03


Tree=73
num_leaves=5
num_cat=0
split_feature=4 21 23 24
split_gain=9.56327 7.40515 3.12471 1.37298
threshold=1.0000000180025095e-35 0.040835500000000004 0.016871000000000004 0.95694350000000006
decision_type=10 8 10 2
left_child=1 3 -3 -1
right_child=-2 2 -4 -5
leaf_value=-0.021567145390632293 0.024339146126345419 -0.0024991057857304791 0.014025236134775774 0
leaf_weight=15.20176298171282 10.015770301222799 23.030810870230198 12.407855376601217 1.7881166338920582
leaf_count=117 60 267 50 15
internal_value=0.000880932 -0.00413398 0.00314904 -0.0190189
internal_weight=62.4443 52.4285 35.4387 16.9899
internal_count=509 449 317 132
is_linear=0
shrinkage=0.03


Tree=74
num_leaves=5
num_cat=0
split_feature=3 21 23 5
split_gain=7.24574 8.36723 3.45652 2.89103
threshold=1.0000000180025095e-35 0.11378600000000001 0.016871000000000004 1.5000000000000002
decision_type=10 8 10 10
left_child=1 3 -3 -1
right_child=-2 2 -4 -5
leaf_value=-0.021842993987959435 0.023291641375081593 0 0.018825264667933935 0
leaf_weight=15.60198149085045 8.803328871726988 21.839662667363882 10.195822447538374 6.5201746597886077
leaf_count=133 57 252 39 30
internal_value=0.0017 -0.00232314 0.00668478 -0.0158024
internal_weight=62.961 54.1576 32.0355 22.1222
internal_count=511 454 291 163
is_linear=0
shrinkage=0.03


Tree=75
num_leaves=7
num_cat=0
split_feature=25 2 25 22 25 16
split_gain=7.15326 3.75981 2.76351 1.87526 1.8448 1.47906
threshold=0.17138100000000003 0.47222200000000009 0.033283000000000007 0.040699500000000007 0.59112300000000007 0.026115500000000003
decision_type=2 8 2 10 2 8
left_child=2 5 -1 -4 -3 -2
right_child=1 4 3 -5 -6 -7
leaf_value=0.0010335843337564508 0 -0.004511705934651656 -0.021224579859951714 0 0.012437547159307834 0.024242064925784939
leaf_weight=9.6868549585342425 2.6719593256711933 14.390644375234844 11.913932524621488 5.5268106237053862 5.4446682333946219 11.784924603998661
leaf_count=76 15 142 145 31 45 56
internal_value=0.00120141 0.0103227 -0.00921286 -0.015688 0 0.0205298
internal_weight=61.4198 34.2922 27.1276 17.4407 19.8353 14.4569
internal_count=510 258 252 176 187 71
is_linear=0
shrinkage=0.03


Tree=76
num_leaves=7
num_cat=0
split_feature=21 24 2 2 8 24
split_gain=4.95607 3.08737 2.68678 1.91471 1.2435 0.9015
threshold=0.0011505000000000003 0.9658770000000001 0.78235300000000019 1.0000000180025095e-35 6.8012625000000009 0.91217050000000011
decision_type=8 2 8 10 8 2
left_child=1 4 3 -2 -1 -4
right_child=2 -3 5 -5 -6 -7
leaf_value=-0.020189771229258569 0.00097435175398066852 0.010013218101688743 -0.0058388583078858667 0.020383339497862731 0 0.0050138162849376914
leaf_weight=11.156958408653733 11.916361406445505 1.204264111816882 11.662501674145462 12.667738668620585 1.115507178008557 9.3903145343065244
leaf_count=101 64 7 142 57 9 102
internal_value=0.00186702 -0.0118008 0.0069989 0.0131922 -0.0174521 0
internal_weight=59.1136 13.4767 45.6369 24.5841 12.2725 21.0528
internal_count=482 117 365 121 110 244
is_linear=0
shrinkage=0.03


Tree=77
num_leaves=6
num_cat=0
split_feature=4 23 24 16 23
split_gain=5.07096 3.67632 2.65587 1.34689 0.473229
threshold=1.0000000180025095e-35 0.0097775000000000015 0.87725800000000009 0.18818950000000004 0.51918300000000006
decision_type=10 8 2 8 8
left_child=1 3 -3 -1 -2
right_child=4 2 -4 -5 -6
leaf_value=-0.020167943400026037 0.022586567125757406 -0.0073701570573980642 0.0075386009792471776 0 0
leaf_weight=7.8403406962752316 7.02979604899883 11.912721686065195 28.83470655605197 2.9647836089134225 1.6747885942459113
leaf_count=80 44 104 243 22 9
internal_value=0.00196517 -0.00146658 0.00228768 -0.0152179 0.0200192
internal_weight=60.2571 51.5526 40.7474 10.8051 8.70458
internal_count=502 449 347 102 53
is_linear=0
shrinkage=0.03


Tree=78
num_leaves=5
num_cat=0
split_feature=3 21 0 10
split_gain=5.98462 6.62452 2.9086 2.19561
threshold=1.0000000180025095e-35 0.12386950000000001 1.0000000180025095e-35 1.0000000180025095e-35
decision_type=10 8 10 10
left_child=1 3 -3 -1
right_child=-2 2 -4 -5
leaf_value=-0.018446362410188533 0.021032623679357276 0 0.020647740173847767 0.003270924812017136
leaf_weight=21.422565795481209 6.9550719857215872 26.885354496538643 4.4606765732169142 1.4160406291484822
leaf_count=164 47 283 17 5
internal_value=0 -0.00414464 0.00404859 -0.0157154
internal_weight=61.1397 54.1846 31.346 22.8386
internal_count=516 469 300 169
is_linear=0
shrinkage=0.03


Tree=79
num_leaves=6
num_cat=0
split_feature=4 18 24 21 17
split_gain=4.49477 3.98733 2.54002 1.64605 0.36431
threshold=1.0000000180025095e-35 0.12250800000000002 0.84572500000000017 0.12386950000000001 0.20062100000000002
decision_type=10 8 2 10 10
left_child=1 3 -3 -1 -2
right_child=4 2 -4 -5 -6
leaf_value=-0.018851647150665177 0.020885301750675111 -0.01218126436486793 0.0060560031388865567 0 0
leaf_weight=11.794849820435045 6.1907659098505965 4.9484687671065322 32.288478270173073 3.2337873727083197 1.7508766204118726
leaf_count=105 39 52 285 15 10
internal_value=0.000421597 -0.00260639 0.00215933 -0.014473 0.018342
internal_weight=60.2072 52.2656 37.2369 15.0286 7.94164
internal_count=506 457 337 120 49
is_linear=0
shrinkage=0.03


Tree=80
num_leaves=5
num_cat=0
split_feature=3 24 2 16
split_gain=5.21919 3.2025 2.57744 1.24091
threshold=1.0000000180025095e-35 0.87725800000000009 0.32575750000000009 0.27914100000000003
decision_type=10 2 10 10
left_child=1 3 -3 -1
right_child=-2 2 -4 -5
leaf_value=-0.018761709936869264 0.020317841218129705 0.0059920412178258459 -0.009328746887085352 0
leaf_weight=10.273200564086435 6.7271375581622115 27.337608974426985 11.238140560686587 3.3218138962984076
leaf_count=106 49 249 84 20
internal_value=0 -0.0035153 0.00045604 -0.014637
internal_weight=58.8979 52.1708 38.5757 13.595
internal_count=508 459 333 126
is_linear=0
shrinkage=0.03


Tree=81
num_leaves=5
num_cat=0
split_feature=3 25 22 16
split_gain=4.79355 5.14073 4.82726 1.18247
threshold=1.0000000180025095e-35 0.59112300000000007 0.045065500000000001 0.18818950000000004
decision_type=10 2 8 8
left_child=1 2 -1 -3
right_child=-2 3 -4 -5
leaf_value=-0.022483444983128341 0.020001952044525095 0 -0.00043252931378891799 0.017992375857314117
leaf_weight=11.535324223339556 6.4433955028653136 3.2184821441769573 31.363640330731869 6.9386314935982236
leaf_count=112 46 15 281 53
internal_value=0 -0.00309251 -0.00809751 0.0127926
internal_weight=59.4995 53.0561 42.899 10.1571
internal_count=507 461 393 68
is_linear=0
shrinkage=0.03


Tree=82
num_leaves=7
num_cat=0
split_feature=21 25 24 25 23 17
split_gain=5.52194 2.70328 2.62743 1.44158 0.626284 0.219199
threshold=0.090908500000000017 0.71528900000000017 0.91217050000000011 0.21742650000000005 0.16773450000000004 0.07051650000000001
decision_type=10 2 2 2 10 8
left_child=1 2 -1 4 -2 -3
right_child=3 5 -4 -5 -6 -7
leaf_value=-0.01382498027954338 0.0086199700592577179 0 0 0.02297797392953016 -0.0039752045580989269 0.013182321503303174
leaf_weight=24.074851918965578 3.1973905935883504 1.2755956575274456 16.160158909857273 6.5630659610033035 3.5285153687000275 2.9737950041890144
leaf_count=242 14 7 165 34 17 24
internal_value=0 -0.00506461 -0.00806204 0.0151765 0 0.0107696
internal_weight=57.7734 44.4844 40.235 13.289 6.72591 4.24939
internal_count=503 438 407 65 31 31
is_linear=0
shrinkage=0.03


Tree=83
num_leaves=6
num_cat=0
split_feature=4 18 24 21 23
split_gain=5.7156 7.39661 2.90525 1.91175 0.439173
threshold=1.0000000180025095e-35 0.15043700000000002 0.87606200000000012 0.20346050000000002 0.68669500000000017
decision_type=10 8 2 10 8
left_child=1 3 -3 -1 -2
right_child=4 2 -4 -5 -6
leaf_value=-0.023394324246941749 0.02190068110592689 -0.0073318661240977115 0.0089707102418304166 0 0
leaf_weight=13.103545151650904 6.8489626944065067 10.697133190929888 25.057683266699314 2.3146923780441275 1.6380798220634467
leaf_count=120 47 103 224 10 9
internal_value=0 -0.00387952 0.00312921 -0.0196239 0.0194122
internal_weight=59.6601 51.1731 35.7548 15.4182 8.48704
internal_count=513 457 327 130 56
is_linear=0
shrinkage=0.03


Tree=84
num_leaves=5
num_cat=0
split_feature=3 21 17 15
split_gain=4.49422 4.03975 2.61686 2.35676
threshold=1.0000000180025095e-35 0.11378600000000001 0.17935250000000003 0.10446600000000002
decision_type=10 8 10 10
left_child=1 2 -1 -3
right_child=-2 3 -4 -5
leaf_value=-0.019350593417237407 0.020622519070195029 0 0 0.015380860720380272
leaf_weight=11.095887504518034 6.8020420148968688 24.675710137933493 9.2700557410716993 9.2597410976886732
leaf_count=95 49 279 59 37
internal_value=0.00172304 -0.00107659 -0.0111846 0.00459312
internal_weight=61.1034 54.3014 20.3659 33.9355
internal_count=519 470 154 316
is_linear=0
shrinkage=0.03


Tree=85
num_leaves=5
num_cat=0
split_feature=3 21 23 17
split_gain=4.74733 3.90189 3.18801 2.75259
threshold=1.0000000180025095e-35 0.11378600000000001 0.016871000000000004 0.35873700000000003
decision_type=10 8 10 10
left_child=1 3 -3 -1
right_child=-2 2 -4 -5
leaf_value=-0.016125363128381486 0.020961125948098056 -0.00071034472270470794 0.017073375284573127 0.0039294165390788361
leaf_weight=16.638211347162727 7.139829918742179 21.564234141260389 9.6463228613138181 4.4795936942100516
leaf_count=135 53 253 38 28
internal_value=0.00198062 -0.00106304 0.0049244 -0.0106678
internal_weight=59.4682 52.3284 31.2106 21.1178
internal_count=507 454 291 163
is_linear=0
shrinkage=0.03


Tree=86
num_leaves=6
num_cat=0
split_feature=23 22 20 3 3
split_gain=4.6274 4.46782 1.78092 1.54195 1.53926
threshold=0.0014810000000000001 0.039685500000000005 0.28201750000000009 1.0000000180025095e-35 1.0000000180025095e-35
decision_type=8 10 10 10 8
left_child=3 4 -3 -1 -2
right_child=1 2 -4 -5 -6
leaf_value=-0.018732948219698321 -0.012350752073908027 0.019740713132182137 0 0.00075800435460801586 0.0014207302555873074
leaf_weight=9.3261483646929229 6.2073474004864719 14.405065938830377 2.6689250022172919 0.9919338673353203 22.55739951133728
leaf_count=98 38 68 13 8 264
internal_value=0.000290298 0.00501758 0.0160636 -0.0148579 -0.00149246
internal_weight=56.1568 45.8387 17.074 10.3181 28.7647
internal_count=489 383 81 106 302
is_linear=0
shrinkage=0.03


Tree=87
num_leaves=7
num_cat=0
split_feature=22 6 18 25 18 25
split_gain=4.25773 3.02079 2.5248 1.3305 0.99073 0.834632
threshold=0.040699500000000007 7.1610060000000004 0.32197850000000006 0.75442700000000007 0.21693700000000002 0.32308100000000006
decision_type=10 8 10 2 10 2
left_child=1 3 4 -1 -2 -3
right_child=2 5 -4 -5 -6 -7
leaf_value=-0.017785931816756022 0.005481889983073784 -0.0027243211209991426 0.023146794201229164 0 -0.0095072626152249481 0.0070549027447555637
leaf_weight=12.951431419700382 11.927929013967516 14.122821770608427 6.2707541584968558 1.4833494424819935 1.918597787618636 9.6592212915420514
leaf_count=124 67 177 25 6 10 101
internal_value=5.35467e-05 -0.00524967 0.0107997 -0.0148574 0.000301004 0.000472761
internal_weight=58.3341 38.2168 20.1173 14.4348 13.8465 23.782
internal_count=510 408 102 130 77 278
is_linear=0
shrinkage=0.03


Tree=88
num_leaves=7
num_cat=0
split_feature=22 24 8 2 22 2
split_gain=3.73242 2.44585 1.51103 1.41405 0.232677 0.15877
threshold=0.040699500000000007 0.96451750000000003 8.5413945000000009 1.0000000180025095e-35 0.10624400000000002 0.32575750000000009
decision_type=10 2 8 10 8 8
left_child=1 2 -1 4 -2 -5
right_child=3 -3 -4 5 -6 -7
leaf_value=-0.015352843387088108 0.0051419731107016685 0.011408768217460355 -0.0010198225036957744 0.019394023723276782 -0.0026392886935583709 0.00029756263545645511
leaf_weight=13.579718209803103 2.4986969009041795 2.8228111341595641 20.394644875079393 6.6909525617957089 6.1912094056606302 4.135416381061078
leaf_count=124 13 24 248 30 34 23
internal_value=0 -0.00532634 -0.00834103 0.00995217 0 0.0159167
internal_weight=56.3134 36.7972 33.9744 19.5163 8.68991 10.8264
internal_count=496 396 372 100 47 53
is_linear=0
shrinkage=0.03


Tree=89
num_leaves=5
num_cat=0
split_feature=4 18 2 21
split_gain=5.05861 2.78419 3.15066 2.47275
threshold=1.0000000180025095e-35 0.12250800000000002 0.47222200000000009 0.12386950000000001
decision_type=10 10 10 8
left_child=1 3 -3 -1
right_child=-2 2 -4 -5
leaf_value=-0.017928877549296951 0.020013095258220974 0.013594216420786277 -0.0096839628326839573 -0.00027558534762013375
leaf_weight=10.227205686271189 7.8416184782981864 13.0037227421999 3.7535471841692916 23.940462771803141
leaf_count=101 55 59 25 265
internal_value=0.00104519 -0.00227013 0.00618289 -0.00738742
internal_weight=58.7666 50.9249 16.7573 34.1677
internal_count=505 450 84 366
is_linear=0
shrinkage=0.03


Tree=90
num_leaves=5
num_cat=0
split_feature=4 16 22 15
split_gain=4.31327 2.12864 2.49041 1.18572
threshold=1.0000000180025095e-35 0.29371450000000004 0.040699500000000007 0.042325500000000009
decision_type=10 10 8 8
left_child=1 2 -1 -3
right_child=-2 3 -4 -5
leaf_value=-0.018450596010731107 0.017968924986728675 0.016003911010873881 -0.0011228756470366467 0
leaf_weight=9.4683440104126912 6.8786557391285887 3.3609112128615353 31.000901017338037 4.7936365380883226
leaf_count=96 47 16 301 29
internal_value=0 -0.00366203 -0.00686065 0.00709836
internal_weight=55.5024 48.6238 40.4692 8.15455
internal_count=489 442 397 45
is_linear=0
shrinkage=0.03


Tree=91
num_leaves=7
num_cat=0
split_feature=25 18 4 21 16 17
split_gain=4.26552 2.49559 3.79806 2.03788 1.25045 0.158076
threshold=0.30386950000000007 0.17745700000000003 1.0000000180025095e-35 0.0011505000000000003 0.27914100000000003 0.15576750000000003
decision_type=2 10 10 8 10 10
left_child=1 2 -1 5 -3 -2
right_child=3 4 -4 -5 -6 -7
leaf_value=-0.015664730172970133 -0.006117279301731106 -0.0020566818156018858 0.010113565519368596 0.014251608794478022 0.013107762599886771 0
leaf_weight=21.833832316100601 2.3467483818531067 5.0823070779442769 2.790478289127349 18.49393305554986 4.6870840936899185 1.5419991910457609
leaf_count=257 20 27 18 144 22 11
internal_value=0.000168153 -0.0057848 -0.0108764 0.0101001 0.00423965 -0.00289695
internal_weight=56.7764 34.3937 24.6243 22.3827 9.76939 3.88875
internal_count=499 324 275 175 49 31
is_linear=0
shrinkage=0.03


Tree=92
num_leaves=7
num_cat=0
split_feature=25 25 25 19 21 20
split_gain=4.22248 3.6763 3.21091 1.79662 1.71609 0.790652
threshold=0.46564500000000003 0.079107500000000011 0.17138100000000003 0.00032450000000000008 0.040835500000000004 0.046990000000000011
decision_type=2 2 2 8 8 10
left_child=1 3 -3 -1 5 -2
right_child=4 2 -4 -5 -6 -7
leaf_value=-0.0080478262423808421 0.0083894905154290652 -0.021235231565043217 0 0.01059924141348479 0.019618677722275542 -0.0066831032630956947
leaf_weight=1.9524162970483327 2.9235667288303402 9.829339802265169 14.096203763037918 15.343622110784052 10.552156455814837 3.5974002107977867
leaf_count=26 16 114 126 126 90 23
internal_value=0.00190619 -0.00281854 -0.0103698 0.00613776 0.0135246 0
internal_weight=58.2947 41.2216 23.9255 17.296 17.0731 6.52097
internal_count=521 392 240 152 129 39
is_linear=0
shrinkage=0.03


Tree=93
num_leaves=4
num_cat=0
split_feature=25 4 18
split_gain=4.11605 4.66097 4.60391
threshold=0.71528900000000017 1.0000000180025095e-35 0.17745700000000003
decision_type=2 10 8
left_child=1 2 -1
right_child=-2 -3 -4
leaf_value=-0.019079631627675387 0.018986333284658586 0.016669726390417833 0
leaf_weight=14.046386383473871 6.3361197486519805 5.9041664972901335 30.694026060402393
leaf_count=126 41 41 289
internal_value=0.000199101 -0.00252246 -0.00657193
internal_weight=56.9807 50.6446 44.7404
internal_count=497 456 415
is_linear=0
shrinkage=0.03


Tree=94
num_leaves=5
num_cat=0
split_feature=4 5 21 2
split_gain=4.82237 4.65814 2.9231 1.97791
threshold=1.0000000180025095e-35 1.5000000000000002 0.29816800000000004 0.47222200000000009
decision_type=10 8 10 8
left_child=1 2 -1 -3
right_child=-2 3 -4 -5
leaf_value=-0.018122437475430225 0.019672282286973646 0.01617569263594211 0.0053710225702305377 0
leaf_weight=16.40733885020018 7.5848933309316626 6.0405377000570324 2.4851861894130698 23.863145109266043
leaf_count=151 54 26 10 268
internal_value=0.00092225 -0.00238366 -0.0133492 0.00421784
internal_weight=56.3811 48.7962 18.8925 29.9037
internal_count=509 455 161 294
is_linear=0
shrinkage=0.03


Tree=95
num_leaves=7
num_cat=0
split_feature=25 25 21 25 9 4
split_gain=4.43041 2.62006 2.15602 1.92547 1.01261 0.621458
threshold=0.17138100000000003 0.079107500000000011 0.12386950000000001 0.71528900000000017 8.4592630000000018 1.0000000180025095e-35
decision_type=2 2 10 2 10 8
left_child=1 5 3 -2 -3 -1
right_child=2 4 -4 -5 -6 -7
leaf_value=-0.0046309563493584401 -0.0019535544469471196 -0.020506473217414275 0.021016142941280916 0.014819349751129059 0 0.0054003115115619504
leaf_weight=8.3976662419736439 18.244572203606374 8.8377387449145282 6.3908603116869918 4.8785490952432147 0.95228477567434389 7.7971337214112273
leaf_count=62 174 107 35 37 6 84
internal_value=0.000343199 -0.00767766 0.00838446 0.00173228 -0.0178312 0
internal_weight=55.4988 25.9848 29.514 23.1231 9.79002 16.1948
internal_count=505 259 246 211 113 146
is_linear=0
shrinkage=0.03


Tree=96
num_leaves=4
num_cat=0
split_feature=4 19 9
split_gain=3.74956 2.99601 1.61198
threshold=1.0000000180025095e-35 0.011580000000000002 1.0000000180025095e-35
decision_type=10 8 10
left_child=1 -1 -3
right_child=-2 2 -4
leaf_value=-0.019500843009026964 0.018773036083464072 0.002672311685167341 -0.014657477954923968
leaf_weight=4.6055163070559493 6.0733809471130362 42.822991345077753 2.2527865320444098
leaf_count=61 44 379 15
internal_value=0.000637935 -0.00195237 0.00032159
internal_weight=55.7547 49.6813 45.0758
internal_count=499 455 394
is_linear=0
shrinkage=0.03


Tree=97
num_leaves=5
num_cat=0
split_feature=3 24 17 16
split_gain=4.36201 3.52593 4.5069 0.460488
threshold=1.0000000180025095e-35 0.87775600000000009 0.11496450000000001 0.35019550000000005
decision_type=10 2 8 10
left_child=1 3 -3 -1
right_child=-2 2 -4 -5
leaf_value=-0.016227726962915984 0.019590871493644666 -0.012272261477037569 0.0089371248282091552 0
leaf_weight=11.331815656274555 6.3373772948980323 9.4630719125270826 26.290390197187662 3.5632989443838587
leaf_count=114 52 86 238 24
internal_value=0.000275919 -0.00254203 0.00203393 -0.0137019
internal_weight=56.986 50.6486 35.7535 14.8951
internal_count=514 462 324 138
is_linear=0
shrinkage=0.03


Tree=98
num_leaves=7
num_cat=0
split_feature=21 25 24 19 24 16
split_gain=3.29414 2.55098 1.9013 1.39643 1.12212 0.922916
threshold=1.0000000180025095e-35 0.46564500000000003 0.96387750000000005 0.049846500000000009 0.86084600000000011 0.36193150000000002
decision_type=8 2 2 8 2 10
left_child=2 4 5 -3 -2 -1
right_child=1 3 -4 -5 -6 -7
leaf_value=-0.021348100656736094 -0.0096294149894134602 0 0.0043815296278211192 0.017868362785382404 0.0023723222715913658 0
leaf_weight=7.0606302507221663 6.2158686295151737 1.834035597741601 0.92130475491285402 10.777728747576475 24.605990909039974 2.0938135497272015
leaf_count=85 59 12 9 84 218 17
internal_value=3.17084e-05 0.00426909 -0.0127287 0.0141869 0 -0.0175753
internal_weight=53.5094 43.4336 10.0757 12.6118 30.8219 9.15444
internal_count=484 373 111 96 277 102
is_linear=0
shrinkage=0.03


Tree=99
num_leaves=6
num_cat=0
split_feature=4 2 2 24 19
split_gain=4.60405 4.22209 4.10161 1.12922 0.200915
threshold=1.0000000180025095e-35 0.32575750000000009 1.0000000180025095e-35 0.94349800000000006 0.18328200000000003
decision_type=10 10 10 2 10
left_child=1 2 -1 -3 -2
right_child=4 3 -4 -5 -6
leaf_value=-0.0046172834676449885 0.019505417661113609 -0.022194910945058547 0.016932558981319179 0 0
leaf_weight=29.381593558937311 5.3607447668910018 9.1568506658077222 7.4673045352101317 3.0190406776964656 1.9121615961194036
leaf_count=312 40 81 32 29 14
internal_value=-0.00069851 -0.00474728 0 -0.018101 0.0170892
internal_weight=56.2977 49.0248 36.8489 12.1759 7.27291
internal_count=508 454 344 110 54
is_linear=0
shrinkage=0.03


Tree=100
num_leaves=7
num_cat=0
split_feature=25 25 24 19 24 19
split_gain=4.28612 2.71279 2.30731 0.813062 0.751805 0.75061
threshold=0.17138100000000003 0.050268000000000007 0.91217050000000011 0.013487000000000002 0.86084600000000011 0.11450050000000002
decision_type=2 2 2 8 2 10
left_child=1 4 5 -4 -1 -2
right_child=2 -3 3 -5 -6 -7
leaf_value=-0.0085192054550039253 -0.0053130160117195856 -0.017991111845016769 0 0.017094258796829298 0.0051640791366825319 0.0054328226311406436
leaf_weight=1.8705870322883154 10.037488952279096 11.556421123445032 1.199526820331809 12.042868867516518 9.1170128397643548 7.4190852642059317
leaf_count=20 98 139 12 98 82 43
internal_value=0 -0.00942712 0.00686332 0.0150194 0 0
internal_weight=53.243 22.544 30.699 13.2424 10.9876 17.4566
internal_count=492 241 251 110 102 141
is_linear=0
shrinkage=0.03


Tree=101
num_leaves=7
num_cat=0
split_feature=25 4 2 24 24 24
split_gain=4.93861 3.34172 3.00392 0.855234 0.272456 0.104618
threshold=0.17138100000000003 1.0000000180025095e-35 0.85416650000000016 0.88303050000000016 0.89758100000000007 0.95873700000000006
decision_type=2 10 10 2 2 2
left_child=1 4 3 -2 -1 -4
right_child=2 -3 5 -5 -6 -7
leaf_value=-0.0059373934192093773 0 0.008291100678077961 -0.011357603104963421 0.013377166510833028 -0.021812324498343926 0
leaf_weight=12.770237833261495 5.6050613373518052 3.0298593342304221 3.1261684522032729 20.074717681854963 8.3967017233371717 0.92227438464760769
leaf_count=123 46 18 33 160 108 9
internal_value=-0.00091124 -0.010745 0.00642736 0.010823 -0.0154021 -0.0099377
internal_weight=53.925 24.1968 29.7282 25.6798 21.1669 4.04844
internal_count=497 249 248 206 231 42
is_linear=0
shrinkage=0.03


Tree=102
num_leaves=5
num_cat=0
split_feature=4 18 24 24
split_gain=3.63179 2.24655 2.0406 1.90451
threshold=1.0000000180025095e-35 0.12250800000000002 0.84572500000000017 0.94924850000000005
decision_type=10 8 2 2
left_child=1 3 -3 -1
right_child=-2 2 -4 -5
leaf_value=-0.016476820887378785 0.017658608411188676 -0.011164525497412344 0.0050601129671184221 0.0028339070863114707
leaf_weight=11.072209380567072 6.9382761567831031 5.1951714642345896 31.691970020532608 2.2188281305134288
leaf_count=98 54 54 287 23
internal_value=0.000706472 -0.00193736 0.00135508 -0.0114833
internal_weight=57.1165 50.1782 36.8871 13.291
internal_count=516 462 341 121
is_linear=0
shrinkage=0.03


Tree=103
num_leaves=6
num_cat=0
split_feature=4 2 2 24 17
split_gain=3.1104 2.99295 3.74183 1.57278 0.650456
threshold=1.0000000180025095e-35 0.32575750000000009 1.0000000180025095e-35 0.93789450000000019 0.27206100000000005
decision_type=10 10 10 2 10
left_child=1 2 -1 -3 -2
right_child=4 3 -4 -5 -6
leaf_value=-0.0028600157878427863 0.019153256817414945 -0.019855476635612681 0.01836041020298982 0 0
leaf_weight=29.465855427086353 5.3845781832933417 8.0464666448533517 6.3895332068204871 3.0863297320902339 1.3963470682501791
leaf_count=316 44 71 27 32 9
internal_value=3.16339e-05 -0.00248614 0.00127506 -0.0144218 0.0159569
internal_weight=53.7691 46.9882 35.8554 11.1328 6.78093
internal_count=499 446 343 103 53
is_linear=0
shrinkage=0.03


Tree=104
num_leaves=4
num_cat=0
split_feature=25 3 18
split_gain=5.4526 3.1631 2.85296
threshold=0.59112300000000007 1.0000000180025095e-35 0.29495000000000005
decision_type=2 10 10
left_child=1 2 -1
right_child=-2 -3 -4
leaf_value=-0.010890946911672894 0.018385077826058936 0.01436076646945756 0.005548979206331457
leaf_weight=32.867542240768671 9.7982642352581006 3.8868508264422408 8.1353880167007429
leaf_count=356 71 34 41
internal_value=0.000612884 -0.00354859 -0.0067914
internal_weight=54.688 44.8898 41.0029
internal_count=502 431 397
is_linear=0
shrinkage=0.03


Tree=105
num_leaves=5
num_cat=0
split_feature=4 25 2 19
split_gain=4.37624 3.9709 4.68082 1.31071
threshold=1.0000000180025095e-35 0.58110250000000019 0.47222200000000009 0.052057000000000006
decision_type=10 2 10 8
left_child=1 2 -1 -3
right_child=-2 3 -4 -5
leaf_value=0 0.020178934380004235 0 -0.02374360884158401 0.017821736577737723
leaf_weight=32.786131355911493 7.0752968043088904 1.6472905799746485 7.0665824562311164 7.561057686805726
leaf_count=307 56 9 82 55
internal_value=0.00196013 -0.00110244 -0.00584173 0.0133466
internal_weight=56.1364 49.0611 39.8527 9.20835
internal_count=509 453 389 64
is_linear=0
shrinkage=0.03


Tree=106
num_leaves=7
num_cat=0
split_feature=22 3 23 19 24 24
split_gain=3.6722 3.13088 2.18204 1.57831 1.26315 0.584763
threshold=0.043352000000000009 1.0000000180025095e-35 1.0000000180025095e-35 0.076193500000000011 0.95694350000000006 0.92614150000000006
decision_type=8 10 10 10 2 2
left_child=1 4 5 -4 -1 -2
right_child=2 -3 3 -5 -6 -7
leaf_value=-0.019860018886707433 -0.0038750972654298305 0.0085634531516724909 0 0.018129365527165316 0 0.00504230980570812
leaf_weight=10.908639147877691 14.365036614239218 2.2578018531203261 4.6683879271149662 11.555514849722384 1.5552823953330506 7.4435889422893515
leaf_count=108 172 20 27 55 17 85
internal_value=0.0004546 -0.0104 0.00584055 0.0132275 -0.0167701 0
internal_weight=52.7543 14.7217 38.0325 16.2239 12.4639 21.8086
internal_count=484 145 339 82 125 257
is_linear=0
shrinkage=0.03


Tree=107
num_leaves=7
num_cat=0
split_feature=21 24 16 5 17 2
split_gain=3.42912 4.53255 1.60688 1.54546 1.37075 0.604505
threshold=0.090908500000000017 0.91217050000000011 0.45897800000000005 4.5000000000000009 0.011290000000000003 0.2950310000000001
decision_type=10 2 10 8 8 8
left_child=1 3 5 -1 -3 -2
right_child=2 4 -4 -5 -6 -7
leaf_value=-0.020647789229005221 0.017744969499871529 -0.0057245168654230742 -0.0023684451934816758 -0.0018994219674116377 0.0094042990557080298 0
leaf_weight=11.445190869271757 9.2194002643227542 2.8886280544102219 1.9089160189032544 11.933524578809736 14.104693382978438 1.6632561087608344
leaf_count=102 48 40 11 147 140 10
internal_value=-0.000479805 -0.00529093 0.0109255 -0.0135195 0.00485903 0.0154262
internal_weight=53.1636 40.372 12.7916 23.3787 16.9933 10.8827
internal_count=498 429 69 249 180 58
is_linear=0
shrinkage=0.03


Tree=108
num_leaves=4
num_cat=0
split_feature=25 4 21
split_gain=2.92448 2.76516 1.73297
threshold=0.71528900000000017 1.0000000180025095e-35 0.11378600000000001
decision_type=2 10 10
left_child=1 2 -1
right_child=-2 -3 -4
leaf_value=-0.0081920588237377797 0.016402263913052072 0.013858643522333531 0.0041595319200717004
leaf_weight=33.813894223421812 6.3590580709278575 4.9206043183803549 8.4388191848993284
leaf_count=367 48 38 39
internal_value=0.000694772 -0.00167883 -0.00495001
internal_weight=53.5324 47.1733 42.2527
internal_count=492 444 406
is_linear=0
shrinkage=0.03


Tree=109
num_leaves=6
num_cat=0
split_feature=4 2 2 24 23
split_gain=2.82055 1.98129 2.59722 1.0725 0.825051
threshold=1.0000000180025095e-35 0.32575750000000009 1.0000000180025095e-35 0.94349800000000006 0.70664500000000008
decision_type=10 10 10 2 10
left_child=1 2 -1 -3 -2
right_child=4 3 -4 -5 -6
leaf_value=-0.0012934631210241036 0.019619744973076912 -0.015204983764147601 0.015783938749541388 0 0
leaf_weight=29.869654353708029 5.7820608690381041 8.2919104769825918 6.8596223890781394 3.5391793288290492 1.186313100159168
leaf_count=316 49 75 30 36 7
internal_value=0.00152159 -0.000835998 0.00209186 -0.0105328 0.0162676
internal_weight=55.5287 48.5604 36.7293 11.8311 6.96837
internal_count=513 457 346 111 56
is_linear=0
shrinkage=0.03


Tree=110
num_leaves=5
num_cat=0
split_feature=4 22 7 24
split_gain=3.08139 2.04275 1.58958 1.5094
threshold=1.0000000180025095e-35 0.043352000000000009 1.0000000180025095e-35 0.95694350000000006
decision_type=10 8 8 2
left_child=1 3 -3 -1
right_child=-2 2 -4 -5
leaf_value=-0.015879080200353418 0.016320256157775079 0.0079919203007576406 -0.0036793655255934173 0.0023299268507735857
leaf_weight=10.86419717594981 6.163344368338584 14.449051700532435 21.160863880068064 1.1970455572009076
leaf_count=107 52 70 254 14
internal_value=0 -0.00256195 0.000532371 -0.0119759
internal_weight=53.8345 47.6712 35.6099 12.0612
internal_count=497 445 324 121
is_linear=0
shrinkage=0.03


Tree=111
num_leaves=7
num_cat=0
split_feature=25 25 21 15 18 25
split_gain=2.85023 1.87072 1.72611 1.77973 1.21255 0.784786
threshold=0.20438700000000004 0.056248000000000013 0.11378600000000001 0.057496000000000005 0.32197850000000006 0.020743500000000002
decision_type=2 2 8 10 10 2
left_child=1 5 3 -2 -3 -1
right_child=2 4 -4 -5 -6 -7
leaf_value=-0.0050816061474966041 0.0075665289913074288 -0.016445359181057471 0.013512419936157746 -0.011606374220819254 0 0.0067619185253039796
leaf_weight=4.3559395596385029 6.5495665632188338 10.674718506634234 14.530551750212906 4.8319052383303642 2.1126894205808631 8.4288518540561181
leaf_count=40 44 140 140 38 12 72
internal_value=0.000463678 -0.00570394 0.00754832 0 -0.0128504 0.000627248
internal_weight=51.4842 25.5722 25.912 11.3815 12.7874 12.7848
internal_count=486 264 222 82 152 112
is_linear=0
shrinkage=0.03


Tree=112
num_leaves=6
num_cat=0
split_feature=25 4 21 23 2
split_gain=2.81309 2.6366 2.63434 0.674362 0.467927
threshold=0.71528900000000017 1.0000000180025095e-35 0.29816800000000004 0.70664500000000008 0.58947350000000009
decision_type=2 10 8 10 10
left_child=1 2 -1 -3 -2
right_child=4 3 -4 -5 -6
leaf_value=-0.013973370512223349 0.017401114291891367 0.014865059913313768 0 0 0
leaf_weight=20.315397009253502 4.3408384136855593 4.0548712238669387 21.463078666478395 1.0396708771586416 1.1500662341713903
leaf_count=179 36 38 238 7 7
internal_value=-0.000742007 -0.00390521 -0.00697987 0.0108448 0.0145667
internal_weight=52.3639 46.873 41.7785 5.09454 5.4909
internal_count=505 462 417 45 43
is_linear=0
shrinkage=0.03


Tree=113
num_leaves=5
num_cat=0
split_feature=3 25 21 17
split_gain=2.63402 2.02663 1.65204 0.791487
threshold=1.0000000180025095e-35 0.58110250000000019 0.052490000000000002 0.10065
decision_type=10 2 8 8
left_child=1 2 -1 -3
right_child=-2 3 -4 -5
leaf_value=-0.011128674036598453 0.018063227447520803 0 0.00025744961188174631 0.014546981516394528
leaf_weight=12.19676201790571 5.5747351795434943 2.5328443497419331 28.075435139238834 7.10799589380622
leaf_count=133 53 12 270 58
internal_value=0.00270244 0 -0.00303011 0.0106236
internal_weight=55.4878 49.913 40.2722 9.64084
internal_count=526 473 403 70
is_linear=0
shrinkage=0.03


Tree=114
num_leaves=5
num_cat=0
split_feature=3 18 24 4
split_gain=2.96303 2.19096 2.75989 1.93663
threshold=1.0000000180025095e-35 0.12250800000000002 0.86084600000000011 1.0000000180025095e-35
decision_type=10 8 2 10
left_child=1 3 -3 -1
right_child=-2 2 -4 -5
leaf_value=-0.016607352838160751 0.017099658424738734 -0.01203315717331902 0.0060975939948360062 0.0038385357465312935
leaf_weight=11.206272184848784 5.0758189857006064 6.713528010994195 26.900047548115253 1.5982738435268391
leaf_count=117 49 67 249 7
internal_value=0 -0.00248581 0.000967782 -0.0119129
internal_weight=51.4939 46.4181 33.6136 12.8045
internal_count=489 440 316 124
is_linear=0
shrinkage=0.03


Tree=115
num_leaves=6
num_cat=0
split_feature=25 4 18 16 23
split_gain=2.71295 1.65993 3.52087 0.777417 0.474055
threshold=0.58110250000000019 1.0000000180025095e-35 0.17745700000000003 0.043708000000000004 0.70664500000000008
decision_type=2 10 8 8 10
left_child=1 2 -1 -2 -3
right_child=3 4 -4 -5 -6
leaf_value=-0.01683981857893433 0 0.013555153252455642 0.00050708060426353464 0.015671685651733595 0
leaf_weight=11.60736760497093 1.5669672861695261 3.2559002041816703 26.566164080053568 9.1050067320466042 1.1466091424226759
leaf_count=130 11 29 260 69 7
internal_value=0.000861427 -0.00214684 -0.00488161 0.0128948 0.00988159
internal_weight=53.248 42.576 38.1735 10.672 4.40251
internal_count=506 426 390 80 36
is_linear=0
shrinkage=0.03


Tree=116
num_leaves=7
num_cat=0
split_feature=22 8 22 18 24 16
split_gain=2.33999 1.5308 1.24355 0.677303 0.658099 0.478214
threshold=0.0047930000000000013 8.431887500000002 0.36700350000000009 0.087473000000000009 0.84572500000000017 0.34568950000000004
decision_type=10 8 10 10 2 8
left_child=1 5 3 -2 -3 -1
right_child=2 4 -4 -5 -6 -7
leaf_value=-0.017485876451030478 0 -0.0096816530788778957 -0.002787666260882022 0.014288257770650981 0.0019328041396313213 0
leaf_weight=5.560693226754668 8.2678354158997589 2.4626180715858963 3.4264087229967108 11.574546799063681 18.482833918184042 1.2354644015431402
leaf_count=82 61 37 17 61 223 14
internal_value=0 -0.0051311 0.00702566 0.0101771 0 -0.0149419
internal_weight=51.0104 27.7416 23.2688 19.8424 20.9455 6.79616
internal_count=495 356 139 122 260 96
is_linear=0
shrinkage=0.03


Tree=117
num_leaves=7
num_cat=0
split_feature=17 23 20 14 23 24
split_gain=2.20257 3.76384 1.89398 1.78551 2.11488 1.12182
threshold=0.14470000000000002 0.51918300000000006 0.44136650000000005 1.0000000180025095e-35 0.35664400000000002 0.92466550000000014
decision_type=8 8 8 8 10 2
left_child=3 2 -2 4 -1 -3
right_child=1 5 -4 -5 -6 -7
leaf_value=-0.019585993283384066 0.020045533562352461 -0.0064527752008881551 0 0.005115271437564059 0.00073595418243673676 0.0049339633192008736
leaf_weight=8.753330115228886 11.590103793889281 16.954022213816646 2.1433186680078515 2.2521631829440603 2.9472181610763082 7.5789839886128894
leaf_count=95 68 197 22 25 19 89
internal_value=0.000330638 0.00453674 0.0157635 -0.00819677 -0.0133208 -0.00169115
internal_weight=52.2191 38.2664 13.7334 13.9527 11.7005 24.533
internal_count=515 376 90 139 114 286
is_linear=0
shrinkage=0.03


Tree=118
num_leaves=5
num_cat=0
split_feature=3 22 5 16
split_gain=3.35334 3.48059 1.31541 0.474321
threshold=1.0000000180025095e-35 0.039685500000000005 1.5000000000000002 0.34568950000000004
decision_type=10 8 10 8
left_child=1 3 -3 -1
right_child=-2 2 -4 -5
leaf_value=-0.019358331679452848 0.016796410767305547 -0.0016681113394979646 0.011636034038477397 0
leaf_weight=8.6387882567942107 4.9490793198347083 31.765904173254967 5.0347678363323203 2.7966103963553914
leaf_count=106 49 314 22 23
internal_value=-0.000699643 -0.00395865 0.000138174 -0.0165098
internal_weight=53.1851 48.2361 36.8007 11.4354
internal_count=514 465 336 129
is_linear=0
shrinkage=0.03


Tree=119
num_leaves=7
num_cat=0
split_feature=21 22 24 24 25 19
split_gain=3.4646 2.34903 2.42279 2.28158 1.01462 0.876659
threshold=0.0011505000000000003 0.040699500000000007 0.85211950000000003 0.91217050000000011 0.46564500000000003 0.0041160000000000007
decision_type=8 10 2 2 2 10
left_child=3 4 -3 -1 -2 -5
right_child=1 2 -4 5 -6 -7
leaf_value=-0.021008469831813419 -0.0036380531325531998 -0.004796762365688538 0.018837897511077485 -0.0062652900005450264 0.0073631798824941386 0.010170892466077301
leaf_weight=5.6951163262128812 18.925354797393087 1.416128821671008 12.805978909134863 1.8541843481361864 8.4903849698603135 2.785061277449131
leaf_count=67 221 9 69 37 82 26
internal_value=0.00122178 0.00563218 0.014317 -0.0115675 0 0
internal_weight=51.9722 41.6378 14.2221 10.3344 27.4157 4.63925
internal_count=511 381 78 130 303 63
is_linear=0
shrinkage=0.03


Tree=120
num_leaves=7
num_cat=0
split_feature=21 23 18 4 25 23
split_gain=1.5914 2.10284 1.95995 2.14301 1.4128 1.13377
threshold=0.090908500000000017 1.0000000180025095e-35 0.12806200000000004 1.0000000180025095e-35 0.025842000000000004 0.48434650000000007
decision_type=10 10 8 10 2 8
left_child=2 -2 3 -1 -3 -4
right_child=1 4 5 -5 -6 -7
leaf_value=-0.018293077674887262 -0.0063917421693241118 0 0.010526877629417321 0.0034874034027462635 0.018930416953324338 -0.0010875304065417809
leaf_weight=8.2292894162237609 1.7542142570018757 1.4192106202244748 6.4102346599102047 1.9863213449716575 8.8077646791934949 22.670033063739538
leaf_count=101 13 8 37 21 48 267
internal_value=0.00037939 0.00917669 -0.00205423 -0.0119577 0.0149592 0.00128252
internal_weight=51.2771 11.9812 39.2959 10.2156 10.227 29.0803
internal_count=495 69 426 122 56 304
is_linear=0
shrinkage=0.03


Tree=121
num_leaves=7
num_cat=0
split_feature=25 25 24 24 15 9
split_gain=1.9802 2.58975 2.59535 2.20616 1.28589 0.692979
threshold=0.17138100000000003 0.050268000000000007 0.86084600000000011 0.91217050000000011 0.12643700000000002 8.4592630000000018
decision_type=2 2 2 2 10 10
left_child=1 2 -1 4 -2 -3
right_child=3 5 -4 -5 -6 -7
leaf_value=-0.012446803038359608 -0.0073649811272660159 -0.01631500945143205 0.010833282598231223 0.013502274971277159 0.0076368100895661956 0
leaf_weight=2.8736990429461029 10.481373708695175 10.565717618912455 9.8589013367891294 13.570695094764231 4.4515678994357577 0.9355911463499077
leaf_count=29 102 135 81 123 30 7
internal_value=0.000169039 -0.00521175 0.00230066 0.00575674 -0.000690565 -0.0143526
internal_weight=52.7375 24.2339 12.7326 28.5036 14.9329 11.5013
internal_count=507 252 110 255 132 142
is_linear=0
shrinkage=0.03


Tree=122
num_leaves=7
num_cat=0
split_feature=24 2 15 24 23 25
split_gain=2.55258 2.41759 1.5772 1.56807 1.46485 0.68413
threshold=0.86084600000000011 0.32575750000000009 0.32105100000000003 0.97288450000000004 0.51918300000000006 0.58110250000000019
decision_type=2 8 10 2 8 2
left_child=2 4 5 -3 -2 -1
right_child=1 3 -4 -5 -6 -7
leaf_value=-0.019174526564352312 0.016666385066446854 -0.0034284809032469727 0.0012800403974785942 0.015251645412619244 -0.00014177722346960759 0
leaf_weight=6.4845111295580846 12.651895511895415 26.758053690195087 2.3279255032539368 1.5640535131096829 1.8372099772095687 1.0381234809756277
leaf_count=77 83 302 11 13 13 8
internal_value=0.000552549 0.00431683 -0.0106613 -7.7121e-05 0.013161 -0.016519
internal_weight=52.6618 42.8112 9.85056 28.3221 14.4891 7.52263
internal_count=507 411 96 315 96 85
is_linear=0
shrinkage=0.03


Tree=123
num_leaves=7
num_cat=0
split_feature=25 24 25 24 21 9
split_gain=2.54698 2.35646 1.96663 1.93331 1.27835 0.527048
threshold=0.17138100000000003 0.92466550000000014 0.079107500000000011 0.89758100000000007 0.12386950000000001 8.4592630000000018
decision_type=2 2 2 2 10 10
left_child=2 4 3 -1 -2 -4
right_child=1 -3 5 -5 -6 -7
leaf_value=0.0091931968868401125 -0.0034511781553303485 0.018505377435111634 -0.016084223020728237 -0.0085445974825537185 0.011777913502334874 0
leaf_weight=10.121046438813211 13.978505168110138 9.0754537433385831 7.447535611689089 5.813140243291854 3.8360081538557997 0.82750079035758961
leaf_count=79 130 84 104 70 23 6
internal_value=0.00188888 0.00820941 -0.00416006 0.000809099 0 -0.0140586
internal_weight=51.0992 26.89 24.2092 15.9342 17.8145 8.27504
internal_count=496 237 259 149 153 110
is_linear=0
shrinkage=0.03


Tree=124
num_leaves=7
num_cat=0
split_feature=21 16 4 20 23 23
split_gain=1.97171 2.30705 3.15705 1.45664 1.26299 1.21829
threshold=0.090908500000000017 0.27914100000000003 1.0000000180025095e-35 0.28201750000000009 1.0000000180025095e-35 0.27391400000000005
decision_type=10 8 8 10 10 8
left_child=1 2 -1 4 -2 -3
right_child=3 5 -4 -5 -6 -7
leaf_value=-0.019013144664416278 0 0.012853174747350246 0.0057159275735447516 -0.0019346846735679916 0.018264376390437542 -0.00051097154738430795
leaf_weight=10.755727566778656 0.96279257535934348 4.0886841975152519 2.9821155071258554 2.1066198721528044 8.6057298742234689 21.826520644128323
leaf_count=116 8 27 29 12 48 269
internal_value=0 -0.00278807 -0.0117904 0.00991605 0.0147511 0.00167477
internal_weight=51.3282 39.653 13.7378 11.6751 9.56852 25.9152
internal_count=509 441 145 68 56 296
is_linear=0
shrinkage=0.03


Tree=125
num_leaves=7
num_cat=0
split_feature=24 19 22 15 24 20
split_gain=3.02862 1.50916 1.34935 0.763605 0.732765 0.65962
threshold=0.92466550000000014 0.0021375000000000005 0.039685500000000005 0.020130000000000006 0.89758100000000007 0.44136650000000005
decision_type=2 8 8 10 2 8
left_child=2 -2 3 -1 -4 -3
right_child=1 5 4 -5 -6 -7
leaf_value=0 -0.0029039166426548064 0.021161518225856119 0.0034501011087874505 -0.017282773452265456 -0.0061254154454811567 0.0019454138864651567
leaf_weight=3.5758979283273202 1.3271014578640432 6.393264975398778 18.580543853342537 4.8344819881021976 7.7303572110831729 7.6454994305968293
leaf_count=44 29 46 163 44 76 89
internal_value=0.000910126 0.0112666 -0.00340933 -0.0120356 0 0.0146422
internal_weight=50.0871 15.3659 34.7213 8.41038 26.3109 14.0388
internal_count=491 164 327 88 239 135
is_linear=0
shrinkage=0.03


Tree=126
num_leaves=7
num_cat=0
split_feature=24 21 5 19 19 24
split_gain=2.27517 2.81011 2.44626 1.59855 0.762636 0.56932
threshold=0.91217050000000011 0.090908500000000017 3.5000000000000004 0.0021375000000000005 0.25800650000000008 0.86084600000000011
decision_type=2 10 8 8 10 2
left_child=1 2 -1 -2 -5 -3
right_child=3 5 -4 4 -6 -7
leaf_value=-0.018491949074498665 -0.0052774486807658279 0 0 0.013842126872478685 0 0.011165379895383264
leaf_weight=10.080424789339306 1.6818006820976759 2.6698824539780599 13.130221277475355 16.023930426687006 1.336587619036435 6.5789595693349838
leaf_count=100 35 14 157 157 10 35
internal_value=0.00069954 -0.00345762 -0.00930879 0.00865298 0.0120547 0.00746061
internal_weight=51.5018 32.4595 23.2106 19.0423 17.3605 9.24884
internal_count=508 306 257 202 167 49
is_linear=0
shrinkage=0.03


Tree=127
num_leaves=4
num_cat=0
split_feature=25 3 21
split_gain=2.78119 2.30862 2.60933
threshold=0.71528900000000017 1.0000000180025095e-35 0.28401800000000005
decision_type=2 10 8
left_child=1 2 -1
right_child=-2 -3 -4
leaf_value=-0.012501997019867686 0.01701929682699066 0.013300593550363114 0.00091191831646825715
leaf_weight=19.403233658522367 4.7592511884868136 3.5545449480414382 21.710375841706991
leaf_count=173 39 37 242
internal_value=0 -0.00231542 -0.0051583
internal_weight=49.4274 44.6682 41.1136
internal_count=491 452 415
is_linear=0
shrinkage=0.03


Tree=128
num_leaves=6
num_cat=0
split_feature=24 20 20 21 2
split_gain=2.1753 1.11242 1.01428 0.453847 0.598209
threshold=0.86084600000000011 0.013798500000000002 0.46494150000000006 0.3197020000000001 0.24264700000000003
decision_type=2 8 10 10 10
left_child=3 -2 -3 4 -1
right_child=1 2 -4 -5 -6
leaf_value=-0.013182250269584599 -0.0042503799965188035 0.0092374718523824742 -0.0024650138629380377 0 0
leaf_weight=6.6016587577760184 2.9486348070204249 36.470253713428974 2.1820529885590068 0.91065807640552598 2.5089741498231888
leaf_count=74 47 341 18 4 23
internal_value=0.00255593 0.00597628 0.00772662 -0.00744449 -0.00965999
internal_weight=51.6222 41.6009 38.6523 10.0213 9.11063
internal_count=507 406 359 101 97
is_linear=0
shrinkage=0.03


Tree=129
num_leaves=5
num_cat=0
split_feature=24 24 2 15
split_gain=3.56243 1.41698 1.60848 0.43057
threshold=0.86084600000000011 0.96451750000000003 0.32575750000000009 0.26267550000000001
decision_type=2 2 10 10
left_child=3 2 -2 -1
right_child=1 -3 -4 -5
leaf_value=-0.0173373499294752 0.0047249335946447178 0.017667930655481782 -0.0076319643148824627 0
leaf_weight=7.1033965498208982 29.260079834610224 2.8208637721836558 9.7469487190246564 2.21066964417696
leaf_count=89 282 28 93 14
internal_value=0 0.00352426 0.00059853 -0.0146681
internal_weight=51.142 41.8279 39.007 9.31407
internal_count=506 403 375 103
is_linear=0
shrinkage=0.03


Tree=130
num_leaves=6
num_cat=0
split_feature=4 18 5 18 18
split_gain=2.76962 3.69303 1.20272 0.982793 0.160933
threshold=1.0000000180025095e-35 0.32197850000000006 1.5000000000000002 0.024923500000000005 0.29495000000000005
decision_type=10 8 10 10 10
left_child=1 3 -3 -1 -2
right_child=4 2 -4 -5 -6
leaf_value=0 0.015759446313831391 0 0.015259621315784989 -0.017554053704111873 0
leaf_weight=4.7717151530087021 4.941896714270114 23.235377088189129 2.4138438850641242 12.25391587987542 1.078196085989475
leaf_count=55 47 273 10 101 8
internal_value=-0.000320888 -0.00383106 0.002494 -0.013804 0.0142343
internal_weight=48.6949 42.6749 25.6492 17.0256 6.02009
internal_count=494 439 283 156 55
is_linear=0
shrinkage=0.03


Tree=131
num_leaves=6
num_cat=0
split_feature=25 22 18 25 19
split_gain=3.56999 2.4953 2.50111 2.32487 1.39723
threshold=0.51830250000000011 0.054184000000000003 0.29495000000000005 0.033283000000000007 0.052057000000000006
decision_type=2 10 10 2 8
left_child=1 3 -3 -1 -2
right_child=4 2 -4 -5 -6
leaf_value=0.003695024569667063 0 -0.0020421253031330626 0.019198553529815518 -0.013536249106244657 0.017807007145396441
leaf_weight=5.224823139607909 3.0244882516562912 8.4239755310118181 4.2577207535505286 19.85680665075779 9.8703666776418686
leaf_count=54 22 55 19 264 79
internal_value=0.000910449 -0.00326264 0.00548465 -0.00886717 0.0133281
internal_weight=50.6582 37.7633 12.6817 25.0816 12.8949
internal_count=493 392 74 318 101
is_linear=0
shrinkage=0.03


Tree=132
num_leaves=7
num_cat=0
split_feature=24 17 20 21 5 15
split_gain=3.65031 2.65353 1.35761 1.09323 0.730891 0.894747
threshold=0.87606200000000012 0.11496450000000001 0.28201750000000009 0.0011505000000000003 1.5000000000000002 0.32105100000000003
decision_type=2 10 8 8 10 10
left_child=4 3 -3 -2 5 -1
right_child=1 2 -4 -5 -6 -7
leaf_value=-0.014984803007214872 -0.0091616012076533374 0.021210167048329259 0 0.0039329061166135651 0 0
leaf_weight=10.282878547906874 4.3592888377606895 9.2582620233297312 2.0913052037358293 20.675406444817781 1.2574086226522911 1.9323624968528736
leaf_count=120 70 56 15 214 7 11
internal_value=0.00162084 0.00695413 0.0172962 0 -0.00960443 -0.0119625
internal_weight=49.8569 36.3843 11.3496 25.0347 13.4726 12.2152
internal_count=493 355 71 284 138 131
is_linear=0
shrinkage=0.03


Tree=133
num_leaves=6
num_cat=0
split_feature=4 19 5 23 15
split_gain=1.90774 1.46838 1.62994 0.815297 0.687711
threshold=1.0000000180025095e-35 0.054580500000000011 1.5000000000000002 0.72916550000000013 1.0000000180025095e-35
decision_type=10 8 10 10 10
left_child=1 4 -3 -2 -1
right_child=3 2 -4 -5 -6
leaf_value=0 0.017542618816579678 -0.001325033190061872 0.012817158813573655 0 -0.016578344762966803
leaf_weight=2.3459501527249804 4.9288133196532717 32.663793664425611 5.7240920215845099 0.97712001204490651 4.1318031996488571
leaf_count=42 50 348 27 6 31
internal_value=0.000838541 -0.00100661 0.000835084 0.0138415 -0.0118957
internal_weight=50.7716 44.8656 38.3879 5.90593 6.47775
internal_count=504 448 375 56 73
is_linear=0
shrinkage=0.03


Tree=134
num_leaves=6
num_cat=0
split_feature=25 2 23 4 2
split_gain=2.67865 1.39626 1.5241 1.31757 0.144302
threshold=0.59112300000000007 0.47222200000000009 0.24103550000000004 1.0000000180025095e-35 0.58947350000000009
decision_type=2 10 8 10 10
left_child=1 2 -1 -3 -2
right_child=4 3 -4 -5 -6
leaf_value=0.010460811977185788 0.016662265286622641 -0.015319180218994928 -0.0012965641700416861 0.0023169100450628724 0
leaf_weight=10.453990396112202 7.5917422100901586 6.6903631314635268 24.663324989378452 1.0338270813226698 1.2103429734706876
leaf_count=76 64 87 263 9 10
internal_value=0.00270668 -9.22748e-05 0.00196426 -0.0101735 0.0154323
internal_weight=51.6436 42.8415 35.1173 7.72419 8.80209
internal_count=509 435 339 96 74
is_linear=0
shrinkage=0.03


Tree=135
num_leaves=6
num_cat=0
split_feature=25 4 19 17 19
split_gain=2.54859 2.34203 3.97443 0.438576 0.277527
threshold=0.58110250000000019 1.0000000180025095e-35 0.19305950000000002 0.026143000000000003 0.18328200000000003
decision_type=2 10 8 8 10
left_child=1 2 -1 -2 -3
right_child=3 4 -4 -5 -6
leaf_value=-0.020767835135694374 0 0.013329941079888477 0 0.013641743844984223 0
leaf_weight=9.4631977044045907 1.4922450929880113 3.1732995174825183 25.720226846635342 8.5569112375378609 1.4454106129705904
leaf_count=104 13 30 279 69 12
internal_value=0 -0.0035445 -0.00686293 0.0116003 0.0105448
internal_weight=49.8513 39.8021 35.1834 10.0492 4.61871
internal_count=507 425 383 82 42
is_linear=0
shrinkage=0.03


Tree=136
num_leaves=5
num_cat=0
split_feature=25 24 24 20
split_gain=2.49639 2.52427 1.93736 0.35559
threshold=0.58110250000000019 0.86084600000000011 0.89758100000000007 0.44136650000000005
decision_type=2 2 2 10
left_child=1 -1 -3 -2
right_child=3 2 -4 -5
leaf_value=-0.014935173135538573 0.013959660381435719 0.0085942495545400632 -0.0046586042153309599 0
leaf_weight=8.9007422104477865 8.1750564128160459 14.211912408471106 19.056296564638615 1.2240626215934742
leaf_count=101 72 124 218 6
internal_value=0 -0.00293493 0.000418325 0.0122402
internal_weight=51.5681 42.169 33.2682 9.39912
internal_count=521 443 342 78
is_linear=0
shrinkage=0.03


end of trees

feature_importances:
reranker_score_bge_reranker_v2_m3=110
embedding_cosine_bge_m3=67
repeated_title_share_percentile_gap_abs=55
shared_description_count_capped=54
shared_title_count_capped=49
max_category_share_percentile_gap_abs=49
profile_category_jaccard=42
description_length_median_percentile_gap_abs=41
repeated_description_share_percentile_gap_abs=37
title_length_median_percentile_gap_abs=24
digit_ratio_mean_percentile_gap_abs=20
shared_category_count_capped=17
price_median_percentile_gap_abs=17
item_count_percentile_gap_abs=13
shared_description_idf_mean=12
punct_ratio_mean_percentile_gap_abs=11
shared_description_idf_sum=8
shared_title_idf_mean=3
shared_rare_ngram_count=3
same_market_raw_bool=1
shared_title_idf_sum=1
boilerplate_ratio_max=1

parameters:
[boosting: gbdt]
[objective: binary]
[metric: binary_logloss,auc]
[tree_learner: serial]
[device_type: cpu]
[data_sample_strategy: bagging]
[data: ]
[valid: ]
[num_iterations: 160]
[learning_rate: 0.03]
[num_leaves: 7]
[num_threads: 0]
[seed: 20260321]
[deterministic: 1]
[force_col_wise: 1]
[force_row_wise: 0]
[histogram_pool_size: -1]
[max_depth: 3]
[min_data_in_leaf: 10]
[min_sum_hessian_in_leaf: 0.001]
[bagging_fraction: 0.8]
[pos_bagging_fraction: 1]
[neg_bagging_fraction: 1]
[bagging_freq: 1]
[bagging_seed: 20260321]
[bagging_by_query: 0]
[feature_fraction: 0.6]
[feature_fraction_bynode: 1]
[feature_fraction_seed: 20260321]
[extra_trees: 0]
[extra_seed: 14909]
[early_stopping_round: 0]
[early_stopping_min_delta: 0]
[first_metric_only: 0]
[max_delta_step: 0]
[lambda_l1: 1]
[lambda_l2: 3]
[linear_lambda: 0]
[min_gain_to_split: 0.05]
[drop_rate: 0.1]
[max_drop: 50]
[skip_drop: 0.5]
[xgboost_dart_mode: 0]
[uniform_drop: 0]
[drop_seed: 4518]
[top_rate: 0.2]
[other_rate: 0.1]
[min_data_per_group: 100]
[max_cat_threshold: 32]
[cat_l2: 10]
[cat_smooth: 10]
[max_cat_to_onehot: 4]
[top_k: 20]
[monotone_constraints: ]
[monotone_constraints_method: basic]
[monotone_penalty: 0]
[feature_contri: ]
[forcedsplits_filename: ]
[refit_decay_rate: 0.9]
[cegb_tradeoff: 1]
[cegb_penalty_split: 0]
[cegb_penalty_feature_lazy: ]
[cegb_penalty_feature_coupled: ]
[path_smooth: 0]
[interaction_constraints: ]
[verbosity: -1]
[saved_feature_importance_type: 0]
[use_quantized_grad: 0]
[num_grad_quant_bins: 4]
[quant_train_renew_leaf: 0]
[stochastic_rounding: 1]
[linear_tree: 0]
[max_bin: 255]
[max_bin_by_feature: ]
[min_data_in_bin: 3]
[bin_construct_sample_cnt: 200000]
[data_random_seed: 20260321]
[is_enable_sparse: 1]
[enable_bundle: 1]
[use_missing: 1]
[zero_as_missing: 0]
[feature_pre_filter: 1]
[pre_partition: 0]
[two_round: 0]
[header: 0]
[label_column: ]
[weight_column: ]
[group_column: ]
[ignore_column: ]
[categorical_feature: ]
[forcedbins_filename: ]
[precise_float_parser: 0]
[parser_config_file: ]
[objective_seed: 21012]
[num_class: 1]
[is_unbalance: 0]
[scale_pos_weight: 1]
[sigmoid: 1]
[boost_from_average: 1]
[reg_sqrt: 0]
[alpha: 0.9]
[fair_c: 1]
[poisson_max_delta_step: 0.7]
[tweedie_variance_power: 1.5]
[lambdarank_truncation_level: 30]
[lambdarank_norm: 1]
[label_gain: ]
[lambdarank_position_bias_regularization: 0]
[eval_at: ]
[multi_error_top_k: 1]
[auc_mu_weights: ]
[num_machines: 1]
[local_listen_port: 12400]
[time_out: 120]
[machine_list_filename: ]
[machines: ]
[gpu_platform_id: -1]
[gpu_device_id: -1]
[gpu_use_dp: 0]
[num_gpu: 1]

end of parameters

pandas_categorical:null
