tree
version=v4
num_class=1
num_tree_per_iteration=1
label_index=0
max_feature_idx=25
objective=binary sigmoid:1
feature_names=same_market_raw_bool same_source_dataset_bool profile_category_jaccard shared_title_count_capped shared_description_count_capped shared_category_count_capped shared_title_idf_sum shared_description_idf_sum shared_title_idf_mean shared_description_idf_mean boilerplate_ratio_max boilerplate_ratio_gap_abs shared_boilerplate_count shared_low_df_sentence_count shared_rare_ngram_count item_count_percentile_gap_abs price_median_percentile_gap_abs title_length_median_percentile_gap_abs description_length_median_percentile_gap_abs digit_ratio_mean_percentile_gap_abs punct_ratio_mean_percentile_gap_abs repeated_title_share_percentile_gap_abs repeated_description_share_percentile_gap_abs max_category_share_percentile_gap_abs embedding_cosine_gte_multilingual_base reranker_score_gte_multilingual_reranker_base
feature_infos=[0:1] [0:1] [0:1] [0:5] [0:5] [0:5] [0:70.616864000000007] [0:79.443972000000002] [0:8.8271080000000008] [0:8.8271080000000008] [0:0.20000000000000001] [0:0.20000000000000001] [0:1] [0:9] [0:8] [0:0.70916299999999999] [0:0.96791400000000005] [0:0.92293000000000003] [0:0.86055700000000002] [0:0.87677300000000002] [0:0.93352299999999999] [0:0.78087600000000001] [0:0.625498] [0:0.98619599999999996] [0.88623300000000005:0.99833300000000003] [0.41123199999999999:0.96361600000000003]
tree_sizes=783 576 569 885 661 865 766 781 781 855 658 675 856 685 664 845 573 875 659 577 778 652 747 578 687 753 654 664 662 649 646 565 578 861 739 824 567 661 667 651 578 877 576 771 652 669 580 747 848 658 666 665 664 829 655 670 656 578 768 863 660 765 857 676 667 671 676 861 680 679 846 652 665 663 660 684 852 670 661 681 651 665 670 823 649 674 876 681 878 640 842 763 765 664 679 874 655 747 678 661 747 876 852 774 876 892 765 811 762 835 684 641 644 645 746 853 644 866 557 656 719 850 663 855 850 765 731 665 853 763 740 661 684 667 830 872 863 846 746 767 671 752 816 827 738 724 825 851 769 681 723 575 577 649 653 654 673 737

Tree=0
num_leaves=6
num_cat=0
split_feature=25 3 21 21 24
split_gain=66.8732 29.7982 28.4458 2.01322 0.795656
threshold=0.63422450000000008 1.0000000180025095e-35 0.10762700000000001 0.062116500000000012 0.99273800000000012
decision_type=2 10 8 10 2
left_child=3 2 -2 4 -1
right_child=1 -3 -4 -5 -6
leaf_value=-0.047087440545061324 -0.024999728369933062 0.04769714535617791 0.020270079594812022 3.2621556035053204e-08 3.2621556035053204e-08
leaf_weight=17.822802752256401 17.418228089809418 15.964396402239798 28.783448785543442 1.6724274903535832 1.3280531540513028
leaf_count=140 80 46 216 7 9
internal_value=3.26216e-08 0.0159339 0.00210974 -0.0428002 -0.0452986
internal_weight=82.9894 62.1661 46.2017 20.8233 19.1509
internal_count=498 342 296 156 149
is_linear=0
shrinkage=1


Tree=1
num_leaves=4
num_cat=0
split_feature=4 21 18
split_gain=61.7588 43.0071 8.30971
threshold=1.0000000180025095e-35 0.0011505000000000003 0.12250800000000002
decision_type=10 8 10
left_child=1 -1 -3
right_child=-2 2 -4
leaf_value=-0.043563727842313375 0.046976548563038616 -0.0019454493066390914 0.025089788563109061
leaf_weight=21.407397121191025 18.25310967862606 30.145979523658752 11.091270685195921
leaf_count=107 53 279 37
internal_value=0.00231453 -0.011794 0.00585622
internal_weight=80.8978 62.6446 41.2373
internal_count=476 423 316
is_linear=0
shrinkage=0.03


Tree=2
num_leaves=4
num_cat=0
split_feature=3 23 24
split_gain=58.7856 37.4527 8.29765
threshold=1.0000000180025095e-35 0.00089200000000000011 0.97687900000000016
decision_type=10 8 2
left_child=1 -1 -3
right_child=-2 2 -4
leaf_value=-0.043982016563599499 0.045948626705967839 -0.011383944080895748 0.012374789769062552
leaf_weight=20.259837433695793 16.631356075406075 19.607351861894131 27.763981871306896
leaf_count=102 48 151 200
internal_value=0 -0.0127377 0.00185298
internal_weight=84.2625 67.6312 47.3713
internal_count=501 453 351
is_linear=0
shrinkage=0.03


Tree=3
num_leaves=7
num_cat=0
split_feature=25 4 22 21 4 18
split_gain=60.8592 20.7889 10.9213 7.88371 6.253 2.61047
threshold=0.69215200000000021 1.0000000180025095e-35 0.039685500000000005 0.0011505000000000003 1.0000000180025095e-35 0.14212550000000004
decision_type=2 8 10 10 10 10
left_child=2 3 4 -2 -1 -4
right_child=1 -3 5 -5 -6 -7
leaf_value=-0.040193306150845064 -0.028780516207141484 0.036741856970159859 -0.011507144172113525 0.0082034636885742751 0.0042713270226873642 0.014157032488468281
leaf_weight=25.367083147168163 4.0712173283100155 28.868789009749889 3.9608834683895093 15.668893858790396 1.2422057539224614 4.1234747618436813
leaf_count=202 21 174 18 59 4 14
internal_value=0.000223112 0.0217124 -0.0284212 -0.000895497 -0.0368819 0
internal_weight=83.3025 48.6089 34.6936 19.7401 26.6093 8.08436
internal_count=492 254 238 80 206 32
is_linear=0
shrinkage=0.03


Tree=4
num_leaves=5
num_cat=0
split_feature=3 23 21 7
split_gain=63.1989 35.2912 11.5081 1.49704
threshold=1.0000000180025095e-35 0.0067100000000000016 0.045361000000000005 8.0568855000000017
decision_type=10 8 10 10
left_child=1 3 -3 -1
right_child=-2 2 -4 -5
leaf_value=-0.043613808073706621 0.045619681389173931 -0.0067250033049019416 0.022595788227092888 0
leaf_weight=19.821953192353252 19.334500849246979 34.966906867921352 14.348768174648283 1.8613685369491566
leaf_count=101 56 316 49 8
internal_value=0.00114233 -0.0119228 0.00203919 -0.0412812
internal_weight=90.3335 70.999 49.3157 21.6833
internal_count=530 474 365 109
is_linear=0
shrinkage=0.03


Tree=5
num_leaves=7
num_cat=0
split_feature=25 4 21 5 4 24
split_gain=52.4844 17.2628 11.0324 10.6068 9.48951 1.98393
threshold=0.68013350000000006 1.0000000180025095e-35 0.090908500000000017 1.5000000000000002 1.0000000180025095e-35 0.95463900000000013
decision_type=2 8 10 10 10 2
left_child=3 2 -2 4 -1 -3
right_child=1 5 -4 -5 -6 -7
leaf_value=-0.038799594269772752 -0.021061677056990559 0 0.016212024795694314 0.0092427766557827053 0.0084295475643156332 0.034244327160065813
leaf_weight=29.089186243712906 10.582140386104586 0.33992104232311504 11.886890664696692 3.4200041741132727 2.1278163194656363 25.678428463637829
leaf_count=225 49 5 42 12 7 164
internal_value=-0.00157801 0.017802 -0.0005778 -0.0287611 -0.0342468 0.0331271
internal_weight=83.1244 48.4874 22.469 34.637 31.217 26.0183
internal_count=504 260 91 244 232 169
is_linear=0
shrinkage=0.03


Tree=6
num_leaves=6
num_cat=0
split_feature=25 4 4 23 25
split_gain=61.7127 23.6091 7.29065 7.07423 2.71547
threshold=0.65221600000000013 1.0000000180025095e-35 1.0000000180025095e-35 0.57592050000000017 0.64227900000000016
decision_type=2 10 10 10 2
left_child=2 3 4 -2 -1
right_child=1 -3 -4 -5 -6
leaf_value=-0.042118210744900804 0.0092398946839089176 0.043911675449627374 0.0050688577056256815 -0.022730874354265369 0
leaf_weight=21.257529385387905 39.196459293365479 18.84587924182415 1.7810073047876347 4.0272935181856147 2.1830507293343535
leaf_count=161 252 55 6 20 13
internal_value=0.00196856 0.0182795 -0.0347854 0.00433012 -0.0391797
internal_weight=87.2912 62.0696 25.2216 43.2238 23.4406
internal_count=507 327 180 272 174
is_linear=0
shrinkage=0.03


Tree=7
num_leaves=6
num_cat=0
split_feature=21 9 24 21 24
split_gain=36.1261 19.0273 8.12599 6.40933 3.14887
threshold=1.0000000180025095e-35 8.0568855000000017 0.97687900000000016 0.29816800000000004 0.98782300000000012
decision_type=8 10 2 10 2
left_child=1 -1 3 -2 -4
right_child=2 -3 4 -5 -6
leaf_value=-0.039225129354943218 -0.012588692341240887 0.017712951127811065 0.025511335187958176 0.020162044022805192 0.0036777370090787655
leaf_weight=21.65208733081818 15.021856650710108 4.0313930064439765 26.701554983854294 4.411247491836547 13.271902576088904
leaf_count=110 131 13 152 14 94
internal_value=-0.000139746 -0.0283241 0.0123404 -0.00211499 0.0197231
internal_weight=85.09 25.6835 59.4066 19.4331 39.9735
internal_count=514 123 391 145 246
is_linear=0
shrinkage=0.03


Tree=8
num_leaves=6
num_cat=0
split_feature=25 4 2 5 4
split_gain=54.1422 16.9578 17.0988 9.67887 8.46461
threshold=0.68013350000000006 1.0000000180025095e-35 0.32575750000000009 1.5000000000000002 1.0000000180025095e-35
decision_type=2 10 10 10 10
left_child=3 2 -2 4 -1
right_child=1 -3 -4 -5 -6
leaf_value=-0.035934344024095059 0.018012301755956427 0.042157051436487548 -0.024823446045716891 0.0095503530770642518 0.0081986630946476596
leaf_weight=29.060814887285236 27.226157620549202 17.667178437113762 8.3416282981634122 3.4185445457696906 2.1236471831798545
leaf_count=227 186 52 40 12 7
internal_value=0.00127033 0.0201684 0.00603883 -0.0262952 -0.0315956
internal_weight=87.838 53.235 35.5678 34.603 31.1845
internal_count=524 278 226 246 234
is_linear=0
shrinkage=0.03


Tree=9
num_leaves=7
num_cat=0
split_feature=25 4 4 2 5 24
split_gain=44.0071 12.4067 12.2523 9.4971 9.10299 1.43929
threshold=0.68013350000000006 1.0000000180025095e-35 1.0000000180025095e-35 0.32575750000000009 1.5000000000000002 0.95463900000000013
decision_type=2 10 8 10 10 2
left_child=1 4 3 -2 -1 -4
right_child=2 -3 5 -5 -6 -7
leaf_value=-0.036167325979489261 0.015586037424362154 0.016061472650135453 0 -0.020346346887435796 0.0062011242878941631 0.031535700757937352
leaf_weight=27.532963924109939 12.944818422198297 3.1652320623397818 0.27188295125961559 8.29056867957115 3.0705543011426917 26.687527604401112
leaf_count=213 46 10 4 39 11 171
internal_value=9.38028e-06 -0.0246848 0.0183305 0 -0.0308495 0.0306959
internal_weight=81.9635 33.7688 48.1948 21.2354 30.6035 26.9594
internal_count=494 234 260 85 224 175
is_linear=0
shrinkage=0.03


Tree=10
num_leaves=5
num_cat=0
split_feature=3 22 25 25
split_gain=44.8854 28.6552 9.77794 0.757089
threshold=1.0000000180025095e-35 0.026265000000000004 0.63422450000000008 0.86845050000000013
decision_type=10 8 2 2
left_child=1 3 -3 -1
right_child=-2 2 -4 -5
leaf_value=-0.036934350064522267 0.041964204906492927 -0.019363138737899639 0.011400248344595161 0
leaf_weight=20.23193342983723 16.645323216915131 8.7569405883550626 37.008643493056297 1.8539160490036
leaf_count=104 49 93 257 8
internal_value=0.00160988 -0.00922411 0.00406962 -0.0351592
internal_weight=84.4968 67.8514 45.7656 22.0858
internal_count=511 462 350 112
is_linear=0
shrinkage=0.03


Tree=11
num_leaves=5
num_cat=0
split_feature=4 21 25 21
split_gain=45.0829 26.9154 14.6368 2.21062
threshold=1.0000000180025095e-35 0.090908500000000017 0.63422450000000008 0.0011505000000000003
decision_type=10 8 2 10
left_child=1 3 -3 -1
right_child=-2 2 -4 -5
leaf_value=-0.036784275121811844 0.038675124963083778 -0.026524807700111019 0.014708196023721178 -0.0094256699079430985
leaf_weight=21.78382678329945 17.785906329751015 6.8327389433979979 30.701207488775253 9.6863977015018445
leaf_count=113 54 87 233 42
internal_value=0 -0.0114766 0.00505434 -0.0307869
internal_weight=86.7901 69.0042 37.5339 31.4702
internal_count=529 475 320 155
is_linear=0
shrinkage=0.03


Tree=12
num_leaves=7
num_cat=0
split_feature=25 3 2 5 4 25
split_gain=42.8231 12.8425 9.17993 8.35234 5.19439 0.814064
threshold=0.68013350000000006 1.0000000180025095e-35 0.32575750000000009 1.5000000000000002 1.0000000180025095e-35 0.7008795000000001
decision_type=2 8 10 10 10 2
left_child=3 2 -2 4 -1 -3
right_child=1 5 -4 -5 -6 -7
leaf_value=-0.031962702957537253 0.015408358992386292 0 -0.01979443579949829 0.0092846167532488234 0.0040223860220237927 0.03256341391858103
leaf_weight=27.564905263483528 13.240116357803347 1.1730485484004045 8.2456060945987684 3.4100445657968512 1.7617343962192524 26.581480331718922
leaf_count=218 47 11 39 12 6 163
internal_value=0.00152999 0.0191094 0 -0.0234568 -0.0287003 0.0315612
internal_weight=81.9769 49.2403 21.4857 32.7367 29.3266 27.7545
internal_count=496 260 86 236 224 174
is_linear=0
shrinkage=0.03


Tree=13
num_leaves=5
num_cat=0
split_feature=25 4 21 16
split_gain=39.2248 19.6971 16.4322 0.235007
threshold=0.63422450000000008 1.0000000180025095e-35 0.090908500000000017 0.44581200000000004
decision_type=2 10 8 10
left_child=3 2 -2 -1
right_child=1 -3 -4 -5
leaf_value=-0.03478260514477103 -0.019545381434660461 0.038157523747296793 0.014699831632032366 -0.0013131736954128663
leaf_weight=19.149143725633625 17.842147722840309 15.150861471891401 28.667159661650658 2.3664618134498587
leaf_count=153 83 46 215 11
internal_value=-0.000310132 0.0116103 0.000568261 -0.0329362
internal_weight=83.1758 61.6602 46.5093 21.5156
internal_count=508 344 298 164
is_linear=0
shrinkage=0.03


Tree=14
num_leaves=5
num_cat=0
split_feature=3 21 18 9
split_gain=32.8582 23.0577 6.53743 0.785346
threshold=1.0000000180025095e-35 0.0011505000000000003 0.29227450000000005 7.7873875000000004
decision_type=10 8 10 10
left_child=1 3 -3 -1
right_child=-2 2 -4 -5
leaf_value=-0.034001308086474648 0.037195605569286833 -0.0015497353984246427 0.025594082425243053 0
leaf_weight=19.886898338794712 14.37135688960552 36.000883631408215 6.6612252891063681 1.8239028304815281
leaf_count=105 44 304 21 8
internal_value=6.41363e-05 -0.00906737 0.00343456 -0.0322824
internal_weight=78.7443 64.3729 42.6621 21.7108
internal_count=482 438 325 113
is_linear=0
shrinkage=0.03


Tree=15
num_leaves=7
num_cat=0
split_feature=25 21 6 5 21 20
split_gain=34.6329 9.51465 12.4015 4.23888 1.44768 1.09524
threshold=0.65221600000000013 0.10762700000000001 1.0000000180025095e-35 1.5000000000000002 0.16932250000000001 0.031547500000000006
decision_type=2 10 8 10 10 10
left_child=3 2 -2 4 -1 -3
right_child=1 5 -4 -5 -6 -7
leaf_value=-0.033765051195455961 -0.01383860240828905 0 0.01725253739315925 0.0025464913534437336 0 0.032523991561613078
leaf_weight=19.644653759896762 17.025578618049622 2.6575951725244549 23.27017892152071 1.4242916703224171 1.4577387422323216 15.454490914940832
leaf_count=161 77 10 184 5 6 49
internal_value=0.000527394 0.0130547 0.00337449 -0.0284955 -0.0318915 0.0296304
internal_weight=80.9345 58.4078 40.2958 22.5267 21.1024 18.1121
internal_count=492 320 261 172 167 59
is_linear=0
shrinkage=0.03


Tree=16
num_leaves=4
num_cat=0
split_feature=3 23 24
split_gain=40.6126 21.8221 6.60704
threshold=1.0000000180025095e-35 0.00089200000000000011 0.98226700000000011
decision_type=10 8 2
left_child=1 -1 -3
right_child=-2 2 -4
leaf_value=-0.035755339829999178 0.037540799496759689 -0.0092473114063514779 0.012168624957072645
leaf_weight=19.528446868062019 16.445523843169212 26.426603972911835 20.163742691278458
leaf_count=105 51 208 146
internal_value=-0.000417906 -0.0115129 0
internal_weight=82.5643 66.1188 46.5903
internal_count=510 459 354
is_linear=0
shrinkage=0.03


Tree=17
num_leaves=7
num_cat=0
split_feature=25 3 21 5 4 3
split_gain=34.9286 11.6014 8.72449 6.68013 5.98687 1.24577
threshold=0.69132850000000012 1.0000000180025095e-35 0.12386950000000001 1.5000000000000002 1.0000000180025095e-35 1.0000000180025095e-35
decision_type=2 8 10 10 10 10
left_child=3 2 -2 4 -1 -3
right_child=1 5 -4 -5 -6 -7
leaf_value=-0.029380880944170278 -0.01601003437925037 0.012805557769133188 0.017810242633618013 0.0075563813355592818 0.0069140907455082961 0.037076126255830948
leaf_weight=28.114950411021713 11.30953995883465 13.116553567349913 10.1908703148365 3.5981329828500739 2.0829242020845404 14.746343672275541
leaf_count=224 52 134 35 13 7 46
internal_value=0.00117225 0.0171911 0 -0.020904 -0.0255752 0.0289781
internal_weight=83.1593 49.3633 21.5004 33.796 30.1979 27.8629
internal_count=511 267 87 244 231 180
is_linear=0
shrinkage=0.03


Tree=18
num_leaves=5
num_cat=0
split_feature=15 8 22 24
split_gain=19.6728 8.39754 4.77994 2.4083
threshold=1.0000000180025095e-35 8.2880465000000019 0.040699500000000007 0.99192400000000014
decision_type=8 10 10 2
left_child=3 2 -2 -1
right_child=1 -3 -4 -5
leaf_value=-0.031852619282891924 -0.0035863965216202352 0.031691794228327436 0.012998588737038345 0
leaf_weight=11.906196594238279 33.990306995809078 8.8523919880390149 22.466882705688477 1.8628589957952488
leaf_count=67 313 28 84 8
internal_value=0.000948848 0.00840285 0.00283181 -0.0277961
internal_weight=79.0786 65.3096 56.4572 13.7691
internal_count=500 425 397 75
is_linear=0
shrinkage=0.03


Tree=19
num_leaves=4
num_cat=0
split_feature=3 22 18
split_gain=29.7584 22.0677 9.20607
threshold=1.0000000180025095e-35 0.044107500000000001 0.30483550000000009
decision_type=10 8 10
left_child=1 -1 -3
right_child=-2 2 -4
leaf_value=-0.031559409953186519 0.034569298882505629 -0.0036418388568179795 0.02817259176966715
leaf_weight=23.405346721410751 13.76246267557144 33.532453738152981 7.2915652245283118
leaf_count=124 44 300 23
internal_value=-0.000826945 -0.0100617 0.00289555
internal_weight=77.9918 64.2294 40.824
internal_count=491 447 323
is_linear=0
shrinkage=0.03


Tree=20
num_leaves=6
num_cat=0
split_feature=25 3 2 5 3
split_gain=31.5908 8.91879 13.2953 6.68229 5.5452
threshold=0.68013350000000006 1.0000000180025095e-35 0.25833350000000005 1.5000000000000002 2.5000000000000004
decision_type=2 10 10 10 10
left_child=3 2 -2 4 -1
right_child=1 -3 -4 -5 -6
leaf_value=-0.029823327969859231 0.016635992403778589 0.034616398022860075 -0.019485096700526117 0.008693618372689213 0.0080871390928546633
leaf_weight=26.936272285878665 27.207261182367802 12.746306061744688 9.7845419496297819 2.8587974011898032 1.3274640142917622
leaf_count=219 188 41 47 10 4
internal_value=0.00025795 0.0151409 0.00558664 -0.0218878 -0.026478
internal_weight=80.8606 49.7381 36.9918 31.1225 28.2637
internal_count=509 276 235 233 223
is_linear=0
shrinkage=0.03


Tree=21
num_leaves=5
num_cat=0
split_feature=3 23 22 7
split_gain=28.7727 17.6133 6.21299 1.38301
threshold=1.0000000180025095e-35 0.00089200000000000011 0.044107500000000001 7.7873875000000004
decision_type=10 8 10 10
left_child=1 3 -3 -1
right_child=-2 2 -4 -5
leaf_value=-0.034194022358968519 0.033856361658450504 -0.0077724864593665252 0.013173017063827872 0
leaf_weight=17.69141007959843 13.543357670307158 30.454746976494789 17.576673001050949 1.8026361912488926
leaf_count=100 44 297 65 8
internal_value=-0.0013958 -0.010031 0 -0.0319405
internal_weight=81.0688 67.5255 48.0314 19.494
internal_count=514 470 362 108
is_linear=0
shrinkage=0.03


Tree=22
num_leaves=6
num_cat=0
split_feature=25 4 21 24 21
split_gain=30.7411 14.4846 8.73137 3.68173 1.35997
threshold=0.63422450000000008 1.0000000180025095e-35 0.090908500000000017 0.97482450000000009 0.062116500000000012
decision_type=2 8 10 2 10
left_child=4 2 -2 -3 -1
right_child=1 3 -4 -5 -6
leaf_value=-0.033639184940654689 -0.017091178693130323 0 0.012686275940943357 0.028414180301193401 0
leaf_weight=17.020643733441833 17.47548192739487 5.4248936548829105 11.930741503834723 24.348700135946274 2.5143341422080985
leaf_count=151 83 56 43 161 11
internal_value=-0.000504529 0.0100309 -0.00402807 0.0239295 -0.0308387
internal_weight=78.7148 59.1798 29.4062 29.7736 19.535
internal_count=505 343 126 217 162
is_linear=0
shrinkage=0.03


Tree=23
num_leaves=4
num_cat=0
split_feature=4 22 25
split_gain=27.6284 19.7785 6.25788
threshold=1.0000000180025095e-35 0.0025770000000000003 0.64227900000000016
decision_type=10 8 2
left_child=1 -1 -3
right_child=-2 2 -4
leaf_value=-0.033938259332450996 0.03392970742454364 -0.017099589068198726 0.0075414498312362539
leaf_weight=16.071740284562111 14.879489243030546 8.6668096259236318 38.482789404690266
leaf_count=94 49 96 255
internal_value=0.000526837 -0.00806264 0.00166188
internal_weight=78.1008 63.2213 47.1496
internal_count=494 445 351
is_linear=0
shrinkage=0.03


Tree=24
num_leaves=5
num_cat=0
split_feature=4 23 18 15
split_gain=26.7506 20.2621 6.77565 0.22929
threshold=1.0000000180025095e-35 0.00089200000000000011 0.091641500000000015 0.17543550000000005
decision_type=10 8 8 10
left_child=1 3 -3 -1
right_child=-2 2 -4 -5
leaf_value=-0.036337581479176075 0.031910305559187988 -0.019451480885747417 0.0069659208284911867 -0.002036488271179551
leaf_weight=15.651013582944872 14.55091919004917 7.9621433764696112 37.936430692672729 2.4934253096580496
leaf_count=93 49 38 313 12
internal_value=-0.000697782 -0.00965037 0.000857489 -0.0340004
internal_weight=78.5939 64.043 45.8986 18.1444
internal_count=505 456 351 105
is_linear=0
shrinkage=0.03


Tree=25
num_leaves=6
num_cat=0
split_feature=15 24 2 2 24
split_gain=14.5346 8.19383 3.05982 2.78785 0.879875
threshold=1.0000000180025095e-35 0.97482450000000009 0.70833350000000006 0.17708350000000003 0.99163200000000018
decision_type=8 2 8 8 2
left_child=4 3 -3 -2 -1
right_child=1 2 -4 -5 -6
leaf_value=-0.028628042964296451 0.0026483516358087539 0.020025190072431809 0.0020445281689483704 -0.016562488600936742 0
leaf_weight=10.848230138421057 7.1438310295343426 24.34407864511013 19.463484540581703 11.693229436874388 1.6169974207878102
leaf_count=66 28 89 183 112 8
internal_value=0 0.00620014 0.0133204 -0.00854016 -0.0261279
internal_weight=75.1099 62.6446 43.8076 18.8371 12.4652
internal_count=486 412 272 140 74
is_linear=0
shrinkage=0.03


Tree=26
num_leaves=5
num_cat=0
split_feature=4 21 5 5
split_gain=26.9613 16.1377 6.27812 2.82078
threshold=1.0000000180025095e-35 0.11378600000000001 1.0000000180025095e-35 3.5000000000000004
decision_type=10 8 10 10
left_child=1 3 -3 -1
right_child=-2 2 -4 -5
leaf_value=-0.026707583424173217 0.032847945404613575 -0.0011442345989866988 0.026798957844142803 0
leaf_weight=26.765149682760242 14.773096039891241 26.244401104748249 6.094468653202056 3.4287878274917594
leaf_count=146 50 272 19 14
internal_value=0 -0.00881157 0.00510089 -0.0237304
internal_weight=77.3059 62.5328 32.3389 30.1939
internal_count=501 451 291 160
is_linear=0
shrinkage=0.03


Tree=27
num_leaves=5
num_cat=0
split_feature=3 22 9 18
split_gain=28.3135 18.3008 3.96682 3.77978
threshold=1.0000000180025095e-35 0.0047930000000000013 7.9372940000000005 0.12250800000000002
decision_type=10 8 10 10
left_child=1 2 -1 -3
right_child=-2 3 -4 -5
leaf_value=-0.035242835714659922 0.034163010143872449 -0.0029204818722958258 0 0.014285491085536008
leaf_weight=16.461614012718204 15.164238572120665 32.897329606115818 1.9205772280693043 13.066040724515913
leaf_count=101 52 298 8 48
internal_value=0.000624171 -0.00800416 -0.0310407 0.00193356
internal_weight=79.5098 64.3456 18.3822 45.9634
internal_count=507 455 109 346
is_linear=0
shrinkage=0.03


Tree=28
num_leaves=5
num_cat=0
split_feature=4 18 25 21
split_gain=24.5734 15.7441 7.32553 4.24406
threshold=1.0000000180025095e-35 0.12250800000000002 0.58551750000000002 0.09775600000000001
decision_type=10 8 2 10
left_child=1 3 -3 -1
right_child=-2 2 -4 -5
leaf_value=-0.030946138057582926 0.031887792565046862 -0.020340086505525198 0.0098729521391235052 0
leaf_weight=19.086918026208881 15.11674155294895 5.6832546666264525 33.578982993960381 4.625369891524314
leaf_count=110 53 73 257 19
internal_value=0.000638778 -0.00751659 0.00365632 -0.0254725
internal_weight=78.0913 62.9745 39.2622 23.7123
internal_count=512 459 330 129
is_linear=0
shrinkage=0.03


Tree=29
num_leaves=5
num_cat=0
split_feature=25 3 18 25
split_gain=23.9054 11.5796 8.82426 0.113128
threshold=0.59491450000000012 1.0000000180025095e-35 0.32362000000000007 0.58551750000000002
decision_type=2 10 8 2
left_child=3 2 -2 -1
right_child=1 -3 -4 -5
leaf_value=-0.032581790814684888 -0.011098905333778501 0.0317678831587134 0.013034085780191331 0
leaf_weight=12.932285510003565 23.36957611143589 11.956475138664244 24.80910462886095 1.5655525848269451
leaf_count=120 108 42 216 11
internal_value=0 0.00863114 0.000777527 -0.0309964
internal_weight=74.633 60.1352 48.1787 14.4978
internal_count=497 366 324 131
is_linear=0
shrinkage=0.03


Tree=30
num_leaves=5
num_cat=0
split_feature=4 23 24 15
split_gain=24.5356 12.8551 7.29461 0.63304
threshold=1.0000000180025095e-35 0.00089200000000000011 0.98226700000000011 0.17543550000000005
decision_type=10 8 2 10
left_child=1 3 -3 -1
right_child=-2 2 -4 -5
leaf_value=-0.031502591504802106 0.031343361979633541 -0.010420078066654697 0.012195393632196339 0
leaf_weight=14.315525472164156 14.342376694083212 25.126201204955578 20.608670815825462 2.1175990402698508
leaf_count=90 51 210 151 10
internal_value=0 -0.00879844 0 -0.0292396
internal_weight=76.5104 62.168 45.7349 16.4331
internal_count=512 461 361 100
is_linear=0
shrinkage=0.03


Tree=31
num_leaves=4
num_cat=0
split_feature=25 4 18
split_gain=23.222 13.5924 8.09041
threshold=0.59491450000000012 1.0000000180025095e-35 0.091641500000000015
decision_type=2 10 8
left_child=-1 2 -2
right_child=1 -3 -4
leaf_value=-0.032038794574960422 -0.017648660350678413 0.030864038539805804 0.0077523856494449324
leaf_weight=12.921799570322035 13.252939388155935 14.625203922390936 33.921842239797115
leaf_count=120 67 53 249
internal_value=4.19375e-05 0.00838541 0
internal_weight=74.7218 61.8 47.1748
internal_count=489 369 316
is_linear=0
shrinkage=0.03


Tree=32
num_leaves=4
num_cat=0
split_feature=4 23 24
split_gain=23.0387 15.5245 7.11995
threshold=1.0000000180025095e-35 0.00089200000000000011 0.98226700000000011
decision_type=10 8 2
left_child=1 -1 -3
right_child=-2 2 -4
leaf_value=-0.030656374866563457 0.0307764857420279 -0.0091685962939312953 0.013502406052357266
leaf_weight=16.205996885895729 14.528195068240164 22.880446419119835 20.51235481351614
leaf_count=102 53 194 147
internal_value=1.10986e-05 -0.00812476 0.00108176
internal_weight=74.127 59.5988 43.3928
internal_count=496 443 341
is_linear=0
shrinkage=0.03


Tree=33
num_leaves=7
num_cat=0
split_feature=25 21 5 6 19 9
split_gain=20.4487 8.10452 4.81607 4.35398 1.49531 0.914109
threshold=0.65221600000000013 1.0000000180025095e-35 1.5000000000000002 12.851545000000003 0.049846500000000009 7.9372940000000005
decision_type=2 8 10 8 10 10
left_child=2 3 5 -2 -3 -1
right_child=1 4 -4 -5 -6 -7
leaf_value=-0.029738893603699947 -0.021740970265835539 0.006736500820394585 0.0058044058334837502 0.010685823153968781 0.022001370467276699 0
leaf_weight=18.083661526441581 7.5939483642578098 24.206327892839909 1.7389702200889576 2.1081285476684579 18.686866492033005 1.153807908296584
leaf_count=166 43 201 6 8 68 5
internal_value=-0.0003576 0.00925759 -0.0238593 -0.0114736 0.015044 -0.0283111
internal_weight=73.5717 52.5953 20.9764 9.70208 42.8932 19.2375
internal_count=497 320 177 51 269 171
is_linear=0
shrinkage=0.03


Tree=34
num_leaves=6
num_cat=0
split_feature=21 24 19 7 20
split_gain=13.9856 11.5958 5.29832 2.05717 0.430556
threshold=0.11378600000000001 0.98251600000000006 0.0021375000000000005 8.0568855000000017 0.29836000000000007
decision_type=10 2 8 10 10
left_child=1 3 -3 -1 -2
right_child=4 2 -4 -5 -6
leaf_value=-0.021102043429891158 0.025520396339382898 -0.016400741280021607 0.013178317255289038 0 0
leaf_weight=26.399108126759533 13.561187013983728 3.4121547341346767 22.784214437007904 1.93157698214054 2.8447344303131095
leaf_count=236 48 24 159 8 11
internal_value=0.000817231 -0.006237 0.0070087 -0.0189407 0.0231484
internal_weight=70.933 54.5271 26.1964 28.3307 16.4059
internal_count=486 427 183 244 59
is_linear=0
shrinkage=0.03


Tree=35
num_leaves=7
num_cat=0
split_feature=25 3 18 24 9 24
split_gain=19.5979 9.14451 7.43268 3.70439 1.64854 0.65317
threshold=0.63422450000000008 1.0000000180025095e-35 0.29227450000000005 0.97482450000000009 7.9372940000000005 0.95822550000000006
decision_type=2 8 10 2 10 2
left_child=4 2 -2 -3 5 -1
right_child=1 3 -4 -5 -6 -7
leaf_value=0 -0.01327722695125806 0 0.017062403750840796 0.025755026240449275 0 -0.028294814871728961
leaf_weight=1.5220949649810851 17.976342290639881 5.6776931732893017 7.7753753662109366 22.235689550638199 1.0119312852621067 14.97721493989229
leaf_count=12 85 59 28 162 4 142
internal_value=0.000220822 0.0096901 -0.0022487 0.0208241 -0.024509 -0.0266074
internal_weight=71.1763 53.6651 25.7517 27.9134 17.5112 16.4993
internal_count=492 334 113 221 158 154
is_linear=0
shrinkage=0.03


Tree=36
num_leaves=4
num_cat=0
split_feature=3 25 2
split_gain=20.9573 12.3255 7.53718
threshold=1.0000000180025095e-35 0.64787500000000009 0.32575750000000009
decision_type=10 2 10
left_child=1 -1 -3
right_child=-2 2 -4
leaf_value=-0.02816989787568484 0.02935467956460619 0.0084562663303504332 -0.017261342287541431
leaf_weight=17.990071080625057 12.584566533565519 28.594289213418961 12.184231027960776
leaf_count=166 48 214 62
internal_value=-0.00132797 -0.00949056 0
internal_weight=71.3532 58.7686 40.7785
internal_count=490 442 276
is_linear=0
shrinkage=0.03


Tree=37
num_leaves=5
num_cat=0
split_feature=4 18 24 15
split_gain=21.365 12.0601 5.86367 5.1465
threshold=1.0000000180025095e-35 0.12250800000000002 0.98226700000000011 0.17543550000000005
decision_type=10 8 2 10
left_child=1 3 -3 -1
right_child=-2 2 -4 -5
leaf_value=-0.032255276142349014 0.02994595346126205 -0.0071616978817932875 0.014681719409507228 0
leaf_weight=15.111492902040483 14.461686864495276 20.508206553757191 16.898940581828356 6.8979409188032141
leaf_count=96 55 186 137 31
internal_value=0.000267027 -0.00756815 0.00232117 -0.0238378
internal_weight=73.8783 59.4166 37.4071 22.0094
internal_count=505 450 323 127
is_linear=0
shrinkage=0.03


Tree=38
num_leaves=5
num_cat=0
split_feature=3 23 22 17
split_gain=20.1963 13.1618 5.51366 2.43541
threshold=1.0000000180025095e-35 0.00089200000000000011 0.044107500000000001 0.49131750000000002
decision_type=10 8 10 10
left_child=1 3 -3 -1
right_child=-2 2 -4 -5
leaf_value=-0.032392563242491103 0.030751107218731675 -0.0058251747848753139 0.014019160948531633 0
leaf_weight=12.796315759420393 13.516914844512938 29.304901398718357 17.085153445601463 1.7689000070095051
leaf_count=88 53 291 64 10
internal_value=0.000886481 -0.00639878 0.00128356 -0.0286151
internal_weight=74.4722 60.9553 46.3901 14.5652
internal_count=506 453 355 98
is_linear=0
shrinkage=0.03


Tree=39
num_leaves=5
num_cat=0
split_feature=3 25 21 15
split_gain=17.2325 10.6255 8.14913 0.756546
threshold=1.0000000180025095e-35 0.63422450000000008 0.10762700000000001 0.23030150000000002
decision_type=10 2 8 10
left_child=1 3 -3 -1
right_child=-2 2 -4 -5
leaf_value=-0.02725950551437464 0.02852308552466698 -0.01369234465946016 0.011050419897464463 0
leaf_weight=14.664504405111071 12.501325681805609 16.837952762842178 26.73131063580513 0.96101099252700883
leaf_count=151 50 83 210 5
internal_value=0 -0.00682598 0.000577964 -0.0258492
internal_weight=71.6961 59.1948 43.5693 15.6255
internal_count=499 449 293 156
is_linear=0
shrinkage=0.03


Tree=40
num_leaves=4
num_cat=0
split_feature=4 21 25
split_gain=19.9855 7.765 5.75637
threshold=1.0000000180025095e-35 0.0011505000000000003 0.64227900000000016
decision_type=10 8 2
left_child=1 -1 -3
right_child=-2 2 -4
leaf_value=-0.025940225449193881 0.028609004872640068 -0.021347863495581279 0.0033074457732466932
leaf_weight=17.17327407002449 11.385126203298567 7.8907925225794306 32.354415386915207
leaf_count=113 45 101 229
internal_value=-0.00274802 -0.0105739 -0.00197854
internal_weight=68.8036 57.4185 40.2452
internal_count=488 443 330
is_linear=0
shrinkage=0.03


Tree=41
num_leaves=7
num_cat=0
split_feature=25 5 4 2 9 15
split_gain=18.8434 4.57271 4.45881 6.29818 3.38159 0.516147
threshold=0.68013350000000006 1.5000000000000002 1.0000000180025095e-35 0.32575750000000009 8.4592630000000018 0.0059935000000000014
decision_type=2 10 8 10 10 10
left_child=1 4 3 -2 -1 -4
right_child=2 -3 5 -5 -6 -7
leaf_value=-0.025861229710166682 0.013023744034427721 0.0073426664871372874 0.0088420376557362557 -0.016285074514412273 0.0036537185428333879 0.027831100105343592
leaf_weight=22.462363887578256 13.283396005630495 2.2601759582757941 13.705101035535337 7.9611198604106894 1.2822095900773991 9.8055510371923429
leaf_count=212 49 8 139 41 5 40
internal_value=0 -0.0187631 0.011887 0.000147173 -0.0229146 0.0201466
internal_weight=70.7599 26.0047 44.7552 21.2445 23.7446 23.5107
internal_count=494 225 269 90 217 179
is_linear=0
shrinkage=0.03


Tree=42
num_leaves=4
num_cat=0
split_feature=25 4 18
split_gain=16.487 9.40622 8.88348
threshold=0.58551750000000002 1.0000000180025095e-35 0.12250800000000002
decision_type=2 10 8
left_child=-1 2 -2
right_child=1 -3 -4
leaf_value=-0.028535524165225326 -0.016050783197145251 0.027922415045051451 0.0098918443271705913
leaf_weight=10.273089345544575 14.794775374233721 13.193701371550558 32.055838968604803
leaf_count=110 78 54 247
internal_value=0.00142612 0.00814212 0.000624803
internal_weight=70.3174 60.0443 46.8506
internal_count=489 379 325
is_linear=0
shrinkage=0.03


Tree=43
num_leaves=6
num_cat=0
split_feature=25 5 3 22 3
split_gain=17.1588 6.81119 5.85126 4.82346 3.1833
threshold=0.68013350000000006 1.5000000000000002 1.0000000180025095e-35 0.044107500000000001 2.5000000000000004
decision_type=2 10 8 10 10
left_child=1 4 3 -2 -1
right_child=2 -3 -4 -5 -6
leaf_value=-0.026225945387137142 -0.016032364766998347 0.010893041425051417 0.020507386984356689 0.0094267275373637587 0.0032663444448053601
leaf_weight=23.71571051329375 7.9847298413515118 3.1478571593761435 22.129438929259777 14.078299358487127 1.0672384798526753
leaf_count=228 41 11 174 54 4
internal_value=-0.000401613 -0.0181176 0.0105996 0 -0.0236605
internal_weight=72.1233 27.9308 44.1925 22.063 24.7829
internal_count=512 243 269 95 232
is_linear=0
shrinkage=0.03


Tree=44
num_leaves=5
num_cat=0
split_feature=4 22 18 15
split_gain=16.0488 9.67064 5.54841 1.25915
threshold=1.0000000180025095e-35 0.044107500000000001 0.30483550000000009 0.17543550000000005
decision_type=10 8 10 10
left_child=1 3 -3 -1
right_child=-2 2 -4 -5
leaf_value=-0.025773175279105123 0.0271827151009537 -0.0034837915975695004 0.022048584012377651 0
leaf_weight=15.981179967522623 12.714478954672812 33.67515629157424 6.481623873114585 2.8248929232358924
leaf_count=107 54 316 22 14
internal_value=0 -0.00676115 0.00118841 -0.0229398
internal_weight=71.6773 58.9629 40.1568 18.8061
internal_count=513 459 338 121
is_linear=0
shrinkage=0.03


Tree=45
num_leaves=5
num_cat=0
split_feature=3 21 25 24
split_gain=14.9217 10.9733 6.6643 1.67651
threshold=1.0000000180025095e-35 0.11378600000000001 0.63422450000000008 0.98529800000000012
decision_type=10 8 2 2
left_child=1 3 -3 -1
right_child=-2 2 -4 -5
leaf_value=-0.025993985917934642 0.027937293276664152 -0.017721781116591683 0.01122758359235566 -0.0032457170629845693
leaf_weight=16.831997998058799 10.718616977334021 6.0064938366413108 26.793719999492168 8.425171069800852
leaf_count=106 46 88 212 49
internal_value=0 -0.00667725 0.00404747 -0.0206176
internal_weight=68.776 58.0574 32.8002 25.2572
internal_count=501 455 300 155
is_linear=0
shrinkage=0.03


Tree=46
num_leaves=4
num_cat=0
split_feature=3 23 21
split_gain=11.7743 10.0541 4.9161
threshold=1.0000000180025095e-35 0.0067100000000000016 0.11378600000000001
decision_type=10 8 10
left_child=1 -1 -3
right_child=-2 2 -4
leaf_value=-0.023491242323597054 0.026082613163262911 -0.0025289229981974208 0.018205589154078754
leaf_weight=14.827744916081427 11.038408651947973 33.868333104997873 10.628284975886343
leaf_count=105 49 314 38
internal_value=0.000984645 -0.00423465 0.00262911
internal_weight=70.3628 59.3244 44.4966
internal_count=506 457 352
is_linear=0
shrinkage=0.03


Tree=47
num_leaves=6
num_cat=0
split_feature=25 24 20 22 23
split_gain=16.9111 8.27212 2.59397 2.16826 1.30139
threshold=0.64227900000000016 0.97482450000000009 0.28601450000000006 0.24325000000000002 0.0067100000000000016
decision_type=2 2 10 10 10
left_child=4 3 -3 -2 -1
right_child=1 2 -4 -5 -6
leaf_value=-0.026403322469454319 -0.013782040259784701 0.019980833963520392 0 0.004987217835600714 0
leaf_weight=13.506397411227228 10.735927201807497 31.672384418547153 3.7126748710870734 4.2877713590860358 2.7778160423040381
leaf_count=155 84 200 18 16 13
internal_value=0.000505209 0.00958013 0.0173147 -0.00682232 -0.0231512
internal_weight=66.693 50.4088 35.3851 15.0237 16.2842
internal_count=486 318 218 100 168
is_linear=0
shrinkage=0.03


Tree=48
num_leaves=7
num_cat=0
split_feature=25 24 2 4 23 16
split_gain=15.7164 4.94211 3.12972 3.004 2.76889 2.7642
threshold=0.65221600000000013 0.97482450000000009 0.21363650000000003 1.0000000180025095e-35 0.00089200000000000011 0.44581200000000004
decision_type=2 2 8 10 8 10
left_child=3 2 -2 5 -3 -1
right_child=1 4 -4 -5 -6 -7
leaf_value=-0.027623012900799347 0.0086416449781640901 0 -0.013778218671863639 0.0025043207739325604 0.019886508577635714 0
leaf_weight=14.743895158171659 7.3095352053642246 5.8593175560235968 8.1131009459495544 1.8537873327732075 29.364229798316956 2.2136412411928168
leaf_count=164 29 32 73 7 185 11
internal_value=0.00146525 0.0105068 -0.00184704 -0.019599 0.0164212 -0.0235318
internal_weight=69.4575 50.6462 15.4226 18.8113 35.2235 16.9575
internal_count=501 319 102 182 217 175
is_linear=0
shrinkage=0.03


Tree=49
num_leaves=5
num_cat=0
split_feature=3 23 24 13
split_gain=12.3053 10.0029 3.86279 1.36765
threshold=1.0000000180025095e-35 0.00089200000000000011 0.97687900000000016 1.0000000180025095e-35
decision_type=10 8 2 8
left_child=1 3 -3 -1
right_child=-2 2 -4 -5
leaf_value=-0.027749980758505405 0.025821402661167291 -0.0082611374062697487 0.0084279080157291728 0
leaf_weight=12.606088891625401 10.820550024509428 17.251536104828119 27.553942259401083 1.4990807920694358
leaf_count=97 49 146 214 7
internal_value=0 -0.00548113 0.00125938 -0.025112
internal_weight=69.7312 58.9106 44.8055 14.1052
internal_count=513 464 360 104
is_linear=0
shrinkage=0.03


Tree=50
num_leaves=5
num_cat=0
split_feature=3 22 23 15
split_gain=12.9439 10.3531 3.9238 1.04625
threshold=1.0000000180025095e-35 0.044107500000000001 0.0078600000000000024 0.28445600000000004
decision_type=10 8 10 10
left_child=1 3 -3 -1
right_child=-2 2 -4 -5
leaf_value=-0.024444203209536507 0.026757237423903468 -0.0044207494012390236 0.013136969698171757 0
leaf_weight=17.822093755006794 9.9432517588138563 24.285429790616035 15.541942268609999 1.6482364237308491
leaf_count=122 45 286 60 8
internal_value=-0.000125278 -0.00618604 0.00217064 -0.0226227
internal_weight=69.241 59.2977 39.8274 19.4703
internal_count=521 476 346 130
is_linear=0
shrinkage=0.03


Tree=51
num_leaves=5
num_cat=0
split_feature=4 23 24 20
split_gain=12.8817 8.67079 5.81896 0.268152
threshold=1.0000000180025095e-35 0.0067100000000000016 0.98226700000000011 0.71414850000000019
decision_type=10 8 2 10
left_child=1 3 -3 -1
right_child=-2 2 -4 -5
leaf_value=-0.024741859450183406 0.026955270833891199 -0.0079904358216708934 0.012593911809382371 0
leaf_weight=12.271977461874483 11.087291732430456 21.850175436586142 20.690055154263973 1.307567000389098
leaf_count=95 50 189 153 9
internal_value=0.000867826 -0.00488499 0.00153242 -0.0234377
internal_weight=67.2071 56.1198 42.5402 13.5795
internal_count=496 446 342 104
is_linear=0
shrinkage=0.03


Tree=52
num_leaves=5
num_cat=0
split_feature=4 22 18 16
split_gain=11.9709 10.7965 4.6895 3.59164
threshold=1.0000000180025095e-35 0.039685500000000005 0.30483550000000009 0.15584450000000002
decision_type=10 8 10 10
left_child=1 3 -3 -1
right_child=-2 2 -4 -5
leaf_value=-0.030854369523309957 0.024626899689323571 -0.0014803546230968388 0.022253431520462122 0
leaf_weight=12.078571334481241 11.825094416737555 30.820196885615587 6.1421997845172873 5.0023074224591246
leaf_count=93 54 293 21 28
internal_value=0.000230629 -0.00559598 0.00308739 -0.0235345
internal_weight=65.8684 54.0433 36.9624 17.0809
internal_count=489 435 314 121
is_linear=0
shrinkage=0.03


Tree=53
num_leaves=7
num_cat=0
split_feature=25 24 15 23 7 24
split_gain=11.769 8.9915 3.54044 2.14279 1.21407 0.754982
threshold=0.63422450000000008 0.98251600000000006 0.095195500000000016 0.48883750000000009 8.2941500000000019 0.96153650000000013
decision_type=2 2 8 10 10 2
left_child=4 2 -2 -3 5 -1
right_child=1 3 -4 -5 -6 -7
leaf_value=0 -0.018579424056722218 0.022238150664660488 0.0021511343580933101 0 0 -0.024799715334475215
leaf_weight=1.4915041998028726 7.0436822697520283 22.618583664298061 19.846023187041283 1.9231996089220036 0.94436214864254076 12.172412719577549
leaf_count=16 41 141 144 10 4 141
internal_value=0.000167958 0.00746687 -0.00359525 0.0197479 -0.0207196 -0.022786
internal_weight=66.0398 51.4315 26.8897 24.5418 14.6083 13.6639
internal_count=497 336 185 151 161 157
is_linear=0
shrinkage=0.03


Tree=54
num_leaves=5
num_cat=0
split_feature=4 18 23 17
split_gain=13.0925 8.86634 2.60404 2.35074
threshold=1.0000000180025095e-35 0.12250800000000002 0.00089200000000000011 0.49131750000000002
decision_type=10 8 10 10
left_child=1 3 -3 -1
right_child=-2 2 -4 -5
leaf_value=-0.025918877218811552 0.024608984722177957 -0.003927238116476623 0.010828374576218353 0
leaf_weight=15.689976446330549 12.270388096570967 22.876440912485123 14.224943831562994 2.3712646812200537
leaf_count=108 58 273 56 14
internal_value=0 -0.0066025 0.00136891 -0.0222643
internal_weight=67.433 55.1626 37.1014 18.0612
internal_count=509 451 329 122
is_linear=0
shrinkage=0.03


Tree=55
num_leaves=5
num_cat=0
split_feature=4 5 15 25
split_gain=9.88799 9.07917 3.95773 3.87999
threshold=1.0000000180025095e-35 1.5000000000000002 0.32105100000000003 0.58551750000000002
decision_type=10 8 10 2
left_child=1 2 -1 -3
right_child=-2 3 -4 -5
leaf_value=-0.023062067435895665 0.023698981364350429 -0.015236695474500612 0.0022231130274175141 0.0095958509501793878
leaf_weight=20.579892396926883 9.9621214717626554 3.4249881915748146 3.9685364961624137 27.159629046916962
leaf_count=140 48 62 17 227
internal_value=0 -0.00527751 -0.0180885 0.0048091
internal_weight=65.0952 55.133 24.5484 30.5846
internal_count=494 446 157 289
is_linear=0
shrinkage=0.03


Tree=56
num_leaves=5
num_cat=0
split_feature=4 18 21 15
split_gain=10.1028 5.46963 3.48402 2.96986
threshold=1.0000000180025095e-35 0.29227450000000005 0.0076265000000000005 0.17543550000000005
decision_type=10 8 10 10
left_child=1 3 -3 -1
right_child=-2 2 -4 -5
leaf_value=-0.020767783625598508 0.022868630681173986 -0.002528177848621571 0.018013235788137738 0
leaf_weight=17.972219549119476 11.206251934170721 22.351436372846369 6.8212720751762381 6.7722603157162657
leaf_count=120 55 261 24 31
internal_value=0 -0.00540534 0.00257423 -0.0151553
internal_weight=65.1234 53.9172 29.1727 24.7445
internal_count=491 436 285 151
is_linear=0
shrinkage=0.03


Tree=57
num_leaves=4
num_cat=0
split_feature=4 25 24
split_gain=14.2825 8.7961 6.11877
threshold=1.0000000180025095e-35 0.66685200000000011 0.97687900000000016
decision_type=10 2 2
left_child=1 -1 -3
right_child=-2 2 -4
leaf_value=-0.023657780584946775 0.026155555111077318 -0.013342669329521059 0.010029481068833402
leaf_weight=17.285910688340664 10.814561203122137 13.400216832756994 22.742569021880627
leaf_count=193 52 98 155
internal_value=-0.000732121 -0.00780733 0.000239174
internal_weight=64.2433 53.4287 36.1428
internal_count=498 446 253
is_linear=0
shrinkage=0.03


Tree=58
num_leaves=6
num_cat=0
split_feature=25 21 15 20 15
split_gain=9.96655 3.90459 3.60535 2.27276 0.906597
threshold=0.58551750000000002 0.11378600000000001 0.072277500000000008 0.28165050000000008 0.23030150000000002
decision_type=2 10 10 8 10
left_child=4 2 -2 -3 -1
right_child=1 3 -4 -5 -6
leaf_value=-0.025097210753444656 0.0054781152893655189 0.021892383377041563 -0.013320059039219671 -0.00011194698305752879 0
leaf_weight=9.2887907214462722 32.973154995590448 12.87849439680576 9.2064081504940969 2.1838749945163736 0.85417535156011659
leaf_count=120 277 52 50 10 5
internal_value=0.000281861 0.00583502 9.90495e-05 0.0175524 -0.0229533
internal_weight=67.3849 57.2419 42.1796 15.0624 10.143
internal_count=514 389 327 62 125
is_linear=0
shrinkage=0.03


Tree=59
num_leaves=7
num_cat=0
split_feature=25 22 3 23 4 16
split_gain=12.5301 3.92647 3.17812 2.95204 2.61217 0.827265
threshold=0.64787500000000009 0.040699500000000007 1.0000000180025095e-35 1.0000000180025095e-35 1.0000000180025095e-35 0.44581200000000004
decision_type=2 8 8 8 10 10
left_child=4 2 -2 -3 5 -1
right_child=1 3 -4 -5 -6 -7
leaf_value=-0.027115434332811762 -0.013911391485777937 -0.0064980961367408297 0.011106328214635319 0.01547780252763776 0.0015720650755654674 0
leaf_weight=12.588558170944454 9.2949100807309115 2.7080555558204642 3.413657858967782 32.648042213171721 1.2924396246671666 2.1543466076254836
leaf_count=158 53 15 18 238 5 13
internal_value=0 0.00753662 -0.00444389 0.0126358 -0.0209774 -0.0245766
internal_weight=64.1 48.0647 12.7086 35.3561 16.0353 14.7429
internal_count=500 324 71 253 176 171
is_linear=0
shrinkage=0.03


Tree=60
num_leaves=5
num_cat=0
split_feature=25 4 2 22
split_gain=11.3421 6.28336 8.69147 1.09783
threshold=0.59491450000000012 1.0000000180025095e-35 0.32575750000000009 0.13851550000000004
decision_type=2 10 10 10
left_child=3 2 -2 -1
right_child=1 -3 -4 -5
leaf_value=-0.02523303931902755 0.0099673000938502367 0.025766538830638414 -0.017601528213539299 0
leaf_weight=9.1529110260307753 32.673364941030741 10.985597014427183 11.202541239559649 0.72519548982381898
leaf_count=120 252 55 67 4
internal_value=0.00208315 0.0080527 0.00161236 -0.0228939
internal_weight=64.7396 54.8615 43.8759 9.87811
internal_count=498 374 319 124
is_linear=0
shrinkage=0.03


Tree=61
num_leaves=6
num_cat=0
split_feature=25 5 22 23 16
split_gain=10.497 3.80374 1.64236 1.34072 1.21111
threshold=0.63422450000000008 1.5000000000000002 0.046215500000000007 0.48883750000000009 0.0097380000000000019
decision_type=2 8 10 10 10
left_child=2 3 -1 -2 -3
right_child=1 4 -4 -5 -6
leaf_value=-0.022826386654519099 0.0028597124182792619 0.005190988548117296 0 -0.011491368766856634 0.022392030912228411
leaf_weight=11.439467277377842 16.486620724201206 16.217759061604742 2.4737607687711707 4.9403477460145941 11.937817811965941
leaf_count=147 84 168 13 26 48
internal_value=0.00118752 0.00815343 -0.0189061 -0.000225952 0.0149009
internal_weight=63.4958 49.5825 13.9132 21.427 28.1556
internal_count=486 326 160 110 216
is_linear=0
shrinkage=0.03


Tree=62
num_leaves=7
num_cat=0
split_feature=23 9 23 17 24 18
split_gain=5.49768 5.86094 3.9048 2.35477 2.27977 1.52829
threshold=0.0030185000000000003 7.7873875000000004 0.48883750000000009 0.49131750000000002 0.97888900000000012 0.10985550000000001
decision_type=8 10 8 8 2 10
left_child=1 3 5 -1 -4 -2
right_child=2 -3 4 -5 -6 -7
leaf_value=-0.028087556463060135 0.0013004297282009324 0.0094129951733210575 -0.010641703087893887 0 0.0048217627288207462 0.020462842122375754
leaf_weight=10.098480634391304 10.552299268543722 3.6834208443760863 12.296073436737062 1.646489895880223 14.292558193206785 11.808524444699286
leaf_count=90 53 20 139 12 146 46
internal_value=0 -0.0138433 0.00522147 -0.0236027 -0.00166941 0.0138264
internal_weight=64.3778 15.4284 48.9495 11.745 26.5886 22.3608
internal_count=506 122 384 102 285 99
is_linear=0
shrinkage=0.03


Tree=63
num_leaves=5
num_cat=0
split_feature=3 5 15 2
split_gain=10.034 8.36501 5.77137 3.58209
threshold=1.0000000180025095e-35 1.5000000000000002 0.32105100000000003 0.70833350000000006
decision_type=10 8 10 8
left_child=1 2 -1 -3
right_child=-2 3 -4 -5
leaf_value=-0.023283462782856444 0.025285296414162113 0.018494104927565695 0.007030883147636063 -0.00055148590506483796
leaf_weight=19.905537553131584 9.6170582026243192 9.1729641556739825 4.1670503318309775 22.4436314702034
leaf_count=141 51 33 17 269
internal_value=0.0006909 -0.00412058 -0.0167302 0.00523149
internal_weight=65.3062 55.6892 24.0726 31.6166
internal_count=511 460 158 302
is_linear=0
shrinkage=0.03


Tree=64
num_leaves=5
num_cat=0
split_feature=3 22 18 16
split_gain=7.88963 6.83252 6.25928 0.966429
threshold=1.0000000180025095e-35 0.044107500000000001 0.30483550000000009 0.27349450000000003
decision_type=10 8 10 10
left_child=1 3 -3 -1
right_child=-2 2 -4 -5
leaf_value=-0.023804249390153479 0.02162499321265459 -0.0045782170160349684 0.022376229223513278 0
leaf_weight=12.563723839819433 8.3207495808601362 30.103019323199987 6.9494442343711844 3.9541673287749282
leaf_count=101 46 289 25 23
internal_value=-0.000739785 -0.00570646 0.00102561 -0.0201812
internal_weight=61.8911 53.5704 37.0525 16.5179
internal_count=484 438 314 124
is_linear=0
shrinkage=0.03


Tree=65
num_leaves=5
num_cat=0
split_feature=4 23 24 13
split_gain=8.91739 7.80815 3.47694 0.177913
threshold=1.0000000180025095e-35 0.00089200000000000011 0.98226700000000011 1.0000000180025095e-35
decision_type=10 8 2 8
left_child=1 3 -3 -1
right_child=-2 2 -4 -5
leaf_value=-0.025357376277571782 0.02166556352491255 -0.0066554924512775707 0.0096185667920735234 0
leaf_weight=11.033674038946625 10.174576446413992 21.848678667098284 18.990623943507671 1.2078921198844916
leaf_count=100 54 189 148 7
internal_value=-9.02228e-05 -0.00573123 0.000368119 -0.024115
internal_weight=63.2554 53.0809 40.8393 12.2416
internal_count=498 444 337 107
is_linear=0
shrinkage=0.03


Tree=66
num_leaves=5
num_cat=0
split_feature=3 18 21 4
split_gain=10.1442 6.27214 2.83919 1.90566
threshold=1.0000000180025095e-35 0.29227450000000005 0.0076265000000000005 1.0000000180025095e-35
decision_type=10 8 10 10
left_child=1 3 -3 -1
right_child=-2 2 -4 -5
leaf_value=-0.017626807907524765 0.024739571841289807 -0.00078013377208925908 0.018344756221123332 0.0020079731668189334
leaf_weight=24.792412698268894 9.1611611992120725 22.18850909546018 5.7160082608461371 1.5035999864339817
leaf_count=164 50 262 20 6
internal_value=0 -0.00543012 0.0035672 -0.0153894
internal_weight=63.3617 54.2005 27.9045 26.296
internal_count=502 452 282 170
is_linear=0
shrinkage=0.03


Tree=67
num_leaves=7
num_cat=0
split_feature=25 2 9 5 24 9
split_gain=8.36208 4.2387 2.73603 2.70444 1.84532 1.64468
threshold=0.68013350000000006 0.32575750000000009 8.1715810000000015 1.5000000000000002 0.95910000000000017 7.9372940000000005
decision_type=2 10 10 10 2 10
left_child=3 4 -3 5 -2 -1
right_child=1 2 -4 -5 -6 -7
leaf_value=-0.020019435130575716 -0.0040273333532888662 -0.015938760580291929 0.0083912691241370338 0.0040717991080558126 0.015140199415938626 0
leaf_weight=19.127964530140169 1.2811840772628809 7.0916817262768728 2.865262359380722 2.6666814833879462 29.151617482304573 1.2886579558253277
leaf_count=218 11 42 16 10 201 6
internal_value=-7.4595e-05 0.00755728 -0.00630024 -0.0139118 0.013147 -0.0177626
internal_weight=63.473 40.3897 9.95694 23.0833 30.4328 20.4166
internal_count=504 270 58 234 212 224
is_linear=0
shrinkage=0.03


Tree=68
num_leaves=5
num_cat=0
split_feature=25 2 7 2
split_gain=8.23429 2.54297 3.76732 2.47325
threshold=0.58551750000000002 0.32575750000000009 8.2941500000000019 1.0000000180025095e-35
decision_type=2 10 10 10
left_child=-1 3 -3 -2
right_child=1 2 -4 -5
leaf_value=-0.024721548781888453 0.0015613613559093775 -0.014781968077749548 0.010945711783725517 0.019539884392381867
leaf_weight=8.2465593330562097 29.064874093979597 10.959200911223887 4.2062420696020117 8.8262258768081647
leaf_count=118 253 69 23 34
internal_value=-0.00100075 0.00327671 -0.00536552 0.00760918
internal_weight=61.3031 53.0565 15.1654 37.8911
internal_count=497 379 92 287
is_linear=0
shrinkage=0.03


Tree=69
num_leaves=5
num_cat=0
split_feature=3 22 18 9
split_gain=7.03745 6.61354 5.32243 2.41377
threshold=1.0000000180025095e-35 0.026265000000000004 0.32362000000000007 8.0568855000000017
decision_type=10 8 10 8
left_child=1 3 -3 -1
right_child=-2 2 -4 -5
leaf_value=-0.024422971673504743 0.021929097885106323 -0.0026159686383802208 0.021816717483363994 0.00017404774756744397
leaf_weight=11.61459174007177 8.5982920974493009 34.853499259799719 6.8697065636515608 1.635404139757157
leaf_count=105 49 323 25 7
internal_value=0.000218053 -0.00361933 0.00192967 -0.0200692
internal_weight=63.5715 54.9732 41.7232 13.25
internal_count=509 460 348 112
is_linear=0
shrinkage=0.03


Tree=70
num_leaves=7
num_cat=0
split_feature=23 9 21 23 17 23
split_gain=4.0527 5.1363 4.11282 2.76349 2.2661 1.92315
threshold=0.00089200000000000011 8.1715810000000015 0.045361000000000005 0.24831400000000003 0.35873700000000003 0.48883750000000009
decision_type=8 10 10 8 8 10
left_child=1 4 5 -4 -1 -2
right_child=2 -3 3 -5 -6 -7
leaf_value=-0.026609340332039301 0.0017475763384647348 0.010549628282403845 0.025421125377234653 0 0 -0.015115671774942337
leaf_weight=8.939595535397526 28.457422982901335 2.9814065545797339 8.398751094937321 7.2858125269413003 1.5778556242585189 4.2270611375570288
leaf_count=88 295 17 35 33 12 26
internal_value=0.000251402 -0.0122044 0.00482131 0.0161595 -0.0217837 -0.000680061
internal_weight=61.8679 13.4989 48.369 15.6846 10.5175 32.6845
internal_count=506 117 389 68 100 321
is_linear=0
shrinkage=0.03


Tree=71
num_leaves=5
num_cat=0
split_feature=4 5 16 15
split_gain=6.88845 7.3895 3.98449 1.75798
threshold=1.0000000180025095e-35 1.5000000000000002 0.14243350000000002 0.34860600000000003
decision_type=10 8 10 10
left_child=1 3 -3 -1
right_child=-2 2 -4 -5
leaf_value=-0.020496143753128245 0.020322538930422063 -0.00071624063731425653 0.022047174133101834 0
leaf_weight=17.91592633724213 9.2734716981649381 24.658370949327949 5.5347763001918784 3.0943729281425467
leaf_count=137 52 273 19 14
internal_value=0 -0.00456708 0.00416826 -0.0173221
internal_weight=60.4769 51.2034 30.1931 21.0103
internal_count=495 443 292 151
is_linear=0
shrinkage=0.03


Tree=72
num_leaves=5
num_cat=0
split_feature=4 23 24 15
split_gain=7.69641 7.27194 2.18668 0.74498
threshold=1.0000000180025095e-35 0.00089200000000000011 0.97687900000000016 0.17543550000000005
decision_type=10 8 2 10
left_child=1 3 -3 -1
right_child=-2 2 -4 -5
leaf_value=-0.02537066608646826 0.022579957425334356 -0.0048027032300533004 0.0079694971938873514 0
leaf_weight=8.7173479199409467 9.6616099774837476 15.75764239579439 24.990872204303741 2.2159376516938201
leaf_count=92 54 142 202 13
internal_value=0.00123491 -0.00322667 0.00235404 -0.0222077
internal_weight=61.3434 51.6818 40.7485 10.9333
internal_count=503 449 344 105
is_linear=0
shrinkage=0.03


Tree=73
num_leaves=5
num_cat=0
split_feature=4 18 25 25
split_gain=7.33168 6.72343 2.71361 1.79462
threshold=1.0000000180025095e-35 0.12250800000000002 0.59865050000000009 0.90218750000000003
decision_type=10 8 2 2
left_child=1 3 -3 -1
right_child=-2 2 -4 -5
leaf_value=-0.021909627268702769 0.021027422939421749 -0.012604950700908234 0.0062252771321365252 0
leaf_weight=15.775684803724291 8.5752854049205762 5.1830769516527644 30.002697631716728 1.7681693732738484
leaf_count=124 49 79 246 8
internal_value=-0.000219925 -0.00515957 0.00189347 -0.0189762
internal_weight=61.3049 52.7296 35.1858 17.5439
internal_count=506 457 325 132
is_linear=0
shrinkage=0.03


Tree=74
num_leaves=5
num_cat=0
split_feature=25 4 5 16
split_gain=7.56868 3.77282 4.76337 0.962074
threshold=0.58551750000000002 1.0000000180025095e-35 1.5000000000000002 0.44581200000000004
decision_type=2 10 8 10
left_child=3 2 -2 -1
right_child=1 -3 -4 -5
leaf_value=-0.023372163349269972 -0.009523347430172897 0.021303765301211905 0.0090817773512344088 0
leaf_weight=7.3331451639533025 16.845117084681988 9.0463917627930623 28.201322354376316 0.80959518998861302
leaf_count=115 97 52 241 6
internal_value=0.00138345 0.00614797 0.00133978 -0.020709
internal_weight=62.2356 54.0928 45.0464 8.14274
internal_count=511 390 338 121
is_linear=0
shrinkage=0.03


Tree=75
num_leaves=5
num_cat=0
split_feature=3 18 22 4
split_gain=6.84851 4.42263 3.95998 2.4416
threshold=1.0000000180025095e-35 0.32362000000000007 0.056101000000000005 1.0000000180025095e-35
decision_type=10 8 10 10
left_child=1 3 -3 -1
right_child=-2 2 -4 -5
leaf_value=-0.014968413313263203 0.023064465443245558 -0.00069490068382489594 0.022065584572399759 0.0063618988321964267
leaf_weight=22.426580876111988 8.056050240993498 22.431381981819872 5.6494012698531142 2.0108082741498938
leaf_count=155 49 269 21 8
internal_value=0.00124998 -0.0026214 0.00460676 -0.0116162
internal_weight=60.5742 52.5182 28.0808 24.4374
internal_count=502 453 290 163
is_linear=0
shrinkage=0.03


Tree=76
num_leaves=7
num_cat=0
split_feature=25 25 25 3 24 25
split_gain=6.52459 3.11371 1.91806 1.74513 1.01311 0.476708
threshold=0.78265550000000006 0.58551750000000002 0.76697000000000004 1.0000000180025095e-35 0.96153650000000013 0.89108700000000007
decision_type=2 2 2 8 2 2
left_child=1 4 -3 5 -1 -2
right_child=3 2 -4 -5 -6 -7
leaf_value=0 -0.0044975039547795314 0.0025717333275159624 -0.017047615732794574 0.020777198400240379 -0.022426873496050454 0.0069253714774169034
leaf_weight=1.2387864775955666 3.4557887390255955 27.573994517326359 2.2440993636846533 11.675965968519447 6.7453668415546417 3.222851499915123
leaf_count=14 18 209 19 99 106 14
internal_value=0.00116423 -0.00539465 0 0.0149376 -0.0190586 0
internal_weight=56.1569 37.8022 29.8181 18.3546 7.98415 6.67864
internal_count=479 348 228 131 120 32
is_linear=0
shrinkage=0.03


Tree=77
num_leaves=5
num_cat=0
split_feature=3 2 2 13
split_gain=4.97738 3.68911 5.22526 1.62081
threshold=1.0000000180025095e-35 0.32575750000000009 1.0000000180025095e-35 1.0000000180025095e-35
decision_type=10 10 10 8
left_child=1 2 -1 -3
right_child=-2 3 -4 -5
leaf_value=-0.0051248617200747078 0.018897139639296897 -0.019797243818187857 0.018747362164537592 0
leaf_weight=29.267030999064445 6.8629822209477416 11.635002098977562 7.9768684059381476 2.1822220236063012
leaf_count=309 44 97 30 10
internal_value=-0.000187001 -0.00421329 0.000259002 -0.0159478
internal_weight=57.9241 51.0611 37.2439 13.8172
internal_count=490 446 339 107
is_linear=0
shrinkage=0.03


Tree=78
num_leaves=5
num_cat=0
split_feature=4 2 2 5
split_gain=6.04277 4.65142 6.10843 1.51142
threshold=1.0000000180025095e-35 0.32575750000000009 1.0000000180025095e-35 4.5000000000000009
decision_type=10 10 10 8
left_child=1 2 -1 -3
right_child=-2 3 -4 -5
leaf_value=-0.0029687163041130574 0.021253724090849021 -0.018883531555850489 0.021980343361865821 0
leaf_weight=29.170809809118509 9.1824974566698057 11.904448762536045 8.6588931530714017 2.5051293671131143
leaf_count=307 55 95 32 11
internal_value=0.00197603 -0.0018397 0.00320258 -0.0150713
internal_weight=61.4218 52.2393 37.8297 14.4096
internal_count=500 445 339 106
is_linear=0
shrinkage=0.03


Tree=79
num_leaves=5
num_cat=0
split_feature=4 22 5 5
split_gain=6.36122 6.24081 3.10541 2.39842
threshold=1.0000000180025095e-35 0.044107500000000001 1.5000000000000002 3.5000000000000004
decision_type=10 8 10 10
left_child=1 3 -3 -1
right_child=-2 2 -4 -5
leaf_value=-0.022523790135986071 0.021237836354426977 -1.8602168091945303e-05 0.019968441618562902 0.00029263857755410487
leaf_weight=12.279183775186537 8.9333737492561323 30.426095772534609 5.1414044350385657 2.194229692220687
leaf_count=116 54 299 18 9
internal_value=0.00117409 -0.00284075 0.00342126 -0.0178915
internal_weight=58.9743 50.0409 35.5675 14.4734
internal_count=496 442 317 125
is_linear=0
shrinkage=0.03


Tree=80
num_leaves=5
num_cat=0
split_feature=25 25 2 15
split_gain=4.55471 2.48446 1.97001 1.04687
threshold=0.58551750000000002 0.89971800000000013 0.47222200000000009 0.17543550000000005
decision_type=2 2 10 10
left_child=3 2 -2 -1
right_child=1 -3 -4 -5
leaf_value=-0.021358405267560089 0.0030558349353762195 0.015941654449928379 -0.011043429994593158 0
leaf_weight=7.0795073956251136 34.798108123242855 7.5525522083044043 8.6438187286257726 0.57683812081813801
leaf_count=121 268 54 61 3
internal_value=-0.000198487 0.0028733 0 -0.0185222
internal_weight=58.6508 50.9945 43.4419 7.65635
internal_count=507 383 329 124
is_linear=0
shrinkage=0.03


Tree=81
num_leaves=5
num_cat=0
split_feature=3 25 23 19
split_gain=4.95247 3.50493 3.56097 0.295917
threshold=1.0000000180025095e-35 0.89108700000000007 0.00089200000000000011 0.098398000000000013
decision_type=10 2 10 8
left_child=1 2 -1 -3
right_child=-2 3 -4 -5
leaf_value=-0.013410307680754902 0.019753532670003463 0 0.0019862509003609084 0.015760572792474746
leaf_weight=24.894608192145824 7.5015546083450309 2.159830003976821 19.367028176784515 4.6474440321326256
leaf_count=312 50 11 87 37
internal_value=0.000557993 -0.00264638 -0.00634021 0.0129049
internal_weight=58.5705 51.0689 44.2616 6.80727
internal_count=497 447 399 48
is_linear=0
shrinkage=0.03


Tree=82
num_leaves=5
num_cat=0
split_feature=3 17 18 24
split_gain=4.47266 3.90652 2.52481 2.47883
threshold=1.0000000180025095e-35 0.11441050000000001 0.30483550000000009 0.98072800000000016
decision_type=10 8 8 2
left_child=1 2 -1 -3
right_child=-2 3 -4 -5
leaf_value=-0.021941443149100338 0.018909133203494514 -0.0045124153042351506 0.0021000717863940564 0.0094489122555158414
leaf_weight=9.8430739715695346 6.9138343408703795 21.212198320776224 1.9700017273426063 17.181690864264965
leaf_count=85 46 203 8 153
internal_value=0 -0.0030056 -0.0162936 0.00124268
internal_weight=57.1208 50.207 11.8131 38.3939
internal_count=495 449 93 356
is_linear=0
shrinkage=0.03


Tree=83
num_leaves=7
num_cat=0
split_feature=25 23 23 16 17 22
split_gain=3.94909 2.142 6.0573 1.50495 0.911588 0.851205
threshold=0.84989750000000008 0.27496700000000007 0.00089200000000000011 0.085298500000000013 0.085408000000000026 0.11060750000000001
decision_type=2 10 10 10 10 10
left_child=1 2 -1 -3 5 -2
right_child=4 3 -4 -5 -6 -7
leaf_value=-0.0088473099999599163 0.020802566685118627 0 0.014296605765411379 -0.022365289126083297 0 0
leaf_weight=24.576483458280563 7.3936872482299787 2.3933750316500655 13.111233219504355 4.8547611087560654 5.3898509070277205 1.0775249004364011
leaf_count=306 63 12 60 27 28 7
internal_value=0.000250561 -0.00367312 0 -0.0158499 0.0131402 0.0180365
internal_weight=58.7969 44.9359 37.6877 7.24814 13.8611 8.47121
internal_count=503 405 366 39 98 70
is_linear=0
shrinkage=0.03


Tree=84
num_leaves=5
num_cat=0
split_feature=4 5 17 2
split_gain=4.76699 4.66009 3.0482 2.98305
threshold=1.0000000180025095e-35 1.5000000000000002 0.18755600000000003 0.41428550000000003
decision_type=10 8 10 8
left_child=1 2 -1 -3
right_child=-2 3 -4 -5
leaf_value=-0.022412232882115381 0.017922133746050332 0.018637208153342855 0 -0.0010134352767678385
leaf_weight=11.534395273774864 8.1176160797476751 5.6782540977001217 9.2818741127848607 22.700701955705881
leaf_count=103 52 21 58 262
internal_value=0 -0.00371223 -0.0138331 0.00336826
internal_weight=57.3128 49.1952 20.8163 28.379
internal_count=496 444 161 283
is_linear=0
shrinkage=0.03


Tree=85
num_leaves=5
num_cat=0
split_feature=3 18 23 10
split_gain=5.36331 3.30724 3.73325 2.08733
threshold=1.0000000180025095e-35 0.32362000000000007 0.48883750000000009 1.0000000180025095e-35
decision_type=10 8 8 10
left_child=1 3 -3 -1
right_child=-2 2 -4 -5
leaf_value=-0.014282323858347582 0.019722418104498454 0.019948857976547777 -0.0024777920224550326 0.0061341362122038535
leaf_weight=22.261542636901144 7.6468397155404082 5.617085941135886 21.469233330339193 1.4712851047515858
leaf_count=157 54 23 270 5
internal_value=0 -0.00356926 0.00270127 -0.0113481
internal_weight=58.466 50.8191 27.0863 23.7328
internal_count=509 455 293 162
is_linear=0
shrinkage=0.03


Tree=86
num_leaves=7
num_cat=0
split_feature=24 21 24 21 4 24
split_gain=5.02922 4.45599 3.07814 2.2652 1.61527 1.25798
threshold=0.97888900000000012 0.29816800000000004 0.98782300000000012 0.0011505000000000003 1.0000000180025095e-35 0.99432200000000015
decision_type=2 10 2 8 10 2
left_child=1 4 3 -2 -1 -4
right_child=2 -3 5 -5 -6 -7
leaf_value=-0.018676683368031542 -0.0024809202874070901 0.010673390913441575 -0.0080064524471704923 0.017028130197989925 0 0.0079946925513882851
leaf_weight=20.285972859710462 3.0113985054194954 3.4067057222127906 12.380142658948897 17.058051679283381 1.8284698650240887 1.9130958802998055
leaf_count=215 26 14 118 126 10 17
internal_value=-0.00108281 -0.0108995 0.00569487 0.0128584 -0.0162953 -0.00311461
internal_weight=59.8838 25.5211 34.3627 20.0695 22.1144 14.2932
internal_count=526 239 287 152 225 135
is_linear=0
shrinkage=0.03


Tree=87
num_leaves=5
num_cat=0
split_feature=3 5 2 15
split_gain=5.04821 4.88352 3.00021 2.16361
threshold=1.0000000180025095e-35 1.5000000000000002 0.41428550000000003 0.32105100000000003
decision_type=10 8 8 10
left_child=1 3 -3 -1
right_child=-2 2 -4 -5
leaf_value=-0.017572823526226609 0.019581164552348138 0.018085243891764375 -0.00066359664406743287 0.00074864556688633815
leaf_weight=17.397062499076132 7.5725935548543921 6.851591736078265 22.46400485932827 3.6282375678420058
leaf_count=144 54 25 266 17
internal_value=0.000243337 -0.00304084 0.00406214 -0.0134638
internal_weight=57.9135 50.3409 29.3156 21.0253
internal_count=506 452 291 161
is_linear=0
shrinkage=0.03


Tree=88
num_leaves=7
num_cat=0
split_feature=25 24 24 5 21 24
split_gain=4.54431 3.53344 3.40493 2.64571 2.6218 1.45059
threshold=0.7008795000000001 0.97687900000000016 0.98782300000000012 1.5000000000000002 0.29816800000000004 0.91791000000000011
decision_type=2 2 2 10 10 2
left_child=3 4 -3 5 -2 -1
right_child=1 2 -4 -5 -6 -7
leaf_value=0.0030258060450857279 -0.013822322955820705 0.019876214965507708 -0.00012325485704025151 0.0062538000202334576 0.0098380345529634691 -0.015769005170744758
leaf_weight=0.38607335835695877 8.1451812610030156 16.280398659408096 7.9157978147268286 3.6193154454231253 2.7568611800670615 20.273090574890375
leaf_count=2 68 112 63 14 11 249
internal_value=0 0.00667904 0.0129384 -0.00936093 -0.00484937 -0.0138106
internal_weight=59.3767 35.0982 24.1962 24.2785 10.902 20.6592
internal_count=519 254 175 265 79 251
is_linear=0
shrinkage=0.03


Tree=89
num_leaves=5
num_cat=0
split_feature=4 5 16 15
split_gain=6.25486 8.32594 3.325 2.79172
threshold=1.0000000180025095e-35 1.5000000000000002 0.13730800000000001 0.34860600000000003
decision_type=10 8 10 10
left_child=1 3 -3 -1
right_child=-2 2 -4 -5
leaf_value=-0.023594379990650078 0.020462199503376126 0 0.020732790993101449 0
leaf_weight=15.919269196689131 7.6268136948347083 24.071425888687376 5.4821587651967993 3.4253283292055121
leaf_count=138 51 275 20 16
internal_value=-1.53911e-07 -0.00476813 0.00448061 -0.0189449
internal_weight=56.525 48.8982 29.5536 19.3446
internal_count=500 449 295 154
is_linear=0
shrinkage=0.03


Tree=90
num_leaves=7
num_cat=0
split_feature=25 24 20 21 18 21
split_gain=4.69865 4.55437 2.99046 2.87626 1.34473 0.615258
threshold=0.65221600000000013 0.97687900000000016 0.23934600000000003 0.10762700000000001 0.32362000000000007 0.21124200000000004
decision_type=2 2 10 8 10 10
left_child=4 3 -3 -2 5 -1
right_child=1 2 -4 -5 -6 -7
leaf_value=-0.019073458718724446 -0.021130615179799053 0.015366250287731467 -0.0052772549854299871 0.00076085218476062912 0 0
leaf_weight=10.704006008803841 4.7257791161537144 25.519856311380867 4.0062523409724227 9.8341796398162842 2.0396880805492392 0.79183247685432512
leaf_count=164 33 192 23 79 11 4
internal_value=0 0.00462523 0.0114145 -0.00703222 -0.0139579 -0.017485
internal_weight=57.6216 44.0861 29.5261 14.56 13.5355 11.4958
internal_count=506 327 215 112 179 168
is_linear=0
shrinkage=0.03


Tree=91
num_leaves=6
num_cat=0
split_feature=25 2 2 24 16
split_gain=4.20056 1.76922 2.74716 1.26287 0.892233
threshold=0.59491450000000012 0.32575750000000009 1.0000000180025095e-35 0.98850850000000012 0.44581200000000004
decision_type=2 10 10 2 10
left_child=4 2 -2 -3 -1
right_child=1 3 -4 -5 -6
leaf_value=-0.01878867946578559 0.001733859716504199 -0.0091756902027241675 0.021000496218827738 0.005646086653303053 0
leaf_weight=6.5415918715298167 26.876091483980417 8.9634246379137021 8.7203456088900548 4.1159898787736884 0.606211557984352
leaf_count=116 245 62 36 24 4
internal_value=0.00113889 0.00499922 0.00849648 -0.00246248 -0.0158995
internal_weight=55.8237 48.6759 35.5964 13.0794 7.1478
internal_count=487 367 281 86 120
is_linear=0
shrinkage=0.03


Tree=92
num_leaves=6
num_cat=0
split_feature=4 24 17 23 23
split_gain=4.91091 4.23069 3.53657 2.73545 0.0636312
threshold=1.0000000180025095e-35 0.98251600000000006 0.11441050000000001 0.34148950000000006 0.57592050000000017
decision_type=10 2 8 10 8
left_child=1 3 -3 -1 -2
right_child=4 2 -4 -5 -6
leaf_value=-0.017079931538544302 0.018969208832340625 -0.0099454396274609568 0.011697905724144772 0.0016906843440203062 0
leaf_weight=20.560230839997534 6.6289297491312 6.5370269492268589 16.181181635707617 5.3767830058932296 1.4085230678319938
leaf_count=234 47 51 138 27 8
internal_value=-8.00952e-05 -0.00442772 0.00387001 -0.0123802 0.0175705
internal_weight=56.6927 48.6552 22.7182 25.937 8.03745
internal_count=505 450 189 261 55
is_linear=0
shrinkage=0.03


Tree=93
num_leaves=5
num_cat=0
split_feature=3 18 22 23
split_gain=3.99228 5.1318 4.31901 0.781158
threshold=1.0000000180025095e-35 0.32362000000000007 0.056101000000000005 0.70911800000000014
decision_type=10 8 10 10
left_child=1 3 -3 -1
right_child=-2 2 -4 -5
leaf_value=-0.016621630510618806 0.016302118371847328 -0.0024757125375192875 0.022575508082600108 0
leaf_weight=20.727746099233631 5.7235675901174536 21.954030781984333 4.7942667081952086 2.84216684103012
leaf_count=158 43 271 18 16
internal_value=-0.00182819 -0.00525435 0.00282976 -0.0148413
internal_weight=56.0418 50.3182 26.7483 23.5699
internal_count=506 463 289 174
is_linear=0
shrinkage=0.03


Tree=94
num_leaves=5
num_cat=0
split_feature=25 21 9 22
split_gain=4.33442 3.75291 4.00123 1.24976
threshold=0.58551750000000002 0.11378600000000001 8.1715810000000015 0.43257100000000004
decision_type=2 8 10 10
left_child=-1 2 -2 -3
right_child=1 3 -4 -5
leaf_value=-0.019504523570868296 -0.014227308409240511 0.011735916889015955 0.011376865774469794 -0.0029544244982722071
leaf_weight=6.2546348348259917 14.227164972573521 26.226774301379923 4.2321546822786322 1.3975016847252835
leaf_count=117 92 233 29 8
internal_value=-0.00024058 0.00279511 -0.00618924 0.00979651
internal_weight=52.3382 46.0836 18.4593 27.6243
internal_count=479 362 121 241
is_linear=0
shrinkage=0.03


Tree=95
num_leaves=7
num_cat=0
split_feature=21 24 24 20 17 20
split_gain=4.58218 8.0695 2.07474 1.21204 1.00468 0.991253
threshold=0.11378600000000001 0.98251600000000006 0.98814900000000006 0.0079245000000000027 0.69492050000000016 0.027154500000000002
decision_type=10 2 2 8 8 10
left_child=1 4 5 -3 -1 -2
right_child=2 3 -4 -5 -6 -7
leaf_value=-0.024361919058184682 0 -0.0053551168383078511 -0.0040791410444368957 0.0092832996379838186 -0.0046221873455135464 0.020001743883541815
leaf_weight=11.173103488981726 2.0299061462283126 1.6824253313243414 1.633252516388892 19.004324667155743 10.316601369529961 10.349563531577585
leaf_count=99 10 25 10 167 144 49
internal_value=-0.000252921 -0.00570293 0.0125005 0.00629879 -0.0178375 0.0170076
internal_weight=56.1892 42.1765 14.0127 20.6867 21.4897 12.3795
internal_count=504 435 69 192 243 59
is_linear=0
shrinkage=0.03


Tree=96
num_leaves=5
num_cat=0
split_feature=3 21 18 17
split_gain=4.85927 3.63737 1.41671 0.563952
threshold=1.0000000180025095e-35 0.0011505000000000003 0.29227450000000005 0.3922750000000001
decision_type=10 8 10 8
left_child=1 3 -3 -1
right_child=-2 2 -4 -5
leaf_value=-0.019665316266084837 0.019120176966644368 -0.0013933149447108966 0.011906323654887779 0
leaf_weight=8.2948036827146971 7.3222200646996489 32.424478817731142 5.6005251407623282 2.2856406532228002
leaf_count=97 55 315 22 19
internal_value=0 -0.00340903 0.000561686 -0.0168601
internal_weight=55.9277 48.6054 38.025 10.5804
internal_count=508 453 337 116
is_linear=0
shrinkage=0.03


Tree=97
num_leaves=6
num_cat=0
split_feature=4 18 17 17 19
split_gain=4.64351 4.88649 3.02902 1.89503 0.0834564
threshold=1.0000000180025095e-35 0.29227450000000005 0.42449350000000002 0.3922750000000001 0.21970850000000003
decision_type=10 8 8 10 10
left_child=1 3 -3 -1 -2
right_child=4 2 -4 -5 -6
leaf_value=-0.017797043675201796 0.018629609451754011 0.018100746315375289 -0.001586997430624895 0 0
leaf_weight=18.415315285325054 6.3766770586371413 6.1250506080687073 20.524766329675913 3.4020871445536605 1.395403705537319
leaf_count=149 46 28 269 22 9
internal_value=-0.000203975 -0.00441332 0.00329973 -0.0143036 0.0171794
internal_weight=56.2393 48.4672 26.6498 21.8174 7.77208
internal_count=523 468 297 171 55
is_linear=0
shrinkage=0.03


Tree=98
num_leaves=5
num_cat=0
split_feature=4 15 23 5
split_gain=4.00594 3.53418 1.88608 1.83148
threshold=1.0000000180025095e-35 0.11113800000000001 0.57592050000000017 4.5000000000000009
decision_type=10 8 8 10
left_child=1 3 -3 -1
right_child=-2 2 -4 -5
leaf_value=-0.018021675387091925 0.018244367620274426 0.011965005511337935 -0.001362064180018524 0.0006646411778375974
leaf_weight=11.793860249221323 7.2563251554965964 10.321837872266768 22.077839769423008 2.3961604237556449
leaf_count=107 53 49 267 10
internal_value=0.000867867 -0.00217354 0.00269037 -0.0135558
internal_weight=53.846 46.5897 32.3997 14.19
internal_count=486 433 316 117
is_linear=0
shrinkage=0.03


Tree=99
num_leaves=5
num_cat=0
split_feature=4 5 25 15
split_gain=6.15546 4.36514 1.73516 1.59821
threshold=1.0000000180025095e-35 1.5000000000000002 0.58551750000000002 0.26530700000000002
decision_type=10 8 2 10
left_child=1 3 -3 -1
right_child=-2 2 -4 -5
leaf_value=-0.018492737839190618 0.021063806003219519 -0.010690496217426642 0.0062726946794451873 0
leaf_weight=13.807694163173439 8.0308180227875692 2.8223267309367683 26.668950874358416 5.0361585244536391
leaf_count=130 59 63 240 26
internal_value=0.000326696 -0.00356396 0.0028888 -0.0140459
internal_weight=56.3659 48.3351 29.4913 18.8439
internal_count=518 459 303 156
is_linear=0
shrinkage=0.03


Tree=100
num_leaves=6
num_cat=0
split_feature=25 24 17 22 22
split_gain=3.74963 2.6655 1.37862 0.968736 0.835906
threshold=0.59491450000000012 0.97135850000000012 0.11441050000000001 0.046215500000000007 0.20224550000000005
decision_type=2 2 8 10 10
left_child=3 4 -3 -1 -2
right_child=1 2 -4 -5 -6
leaf_value=-0.017593435874662208 -0.010106930399452938 0 0.013419362608897012 0 0.0017569871743183839
leaf_weight=6.0239738598465911 7.3311825618147832 10.597494378685949 24.818201784044504 1.3359458297491071 2.6482821106910706
leaf_count=118 74 73 200 8 12
internal_value=0.00206117 0.00590978 0.00990473 -0.0136183 -0.00496882
internal_weight=52.7551 45.3952 35.4157 7.35992 9.97946
internal_count=485 359 273 126 86
is_linear=0
shrinkage=0.03


Tree=101
num_leaves=7
num_cat=0
split_feature=24 25 22 20 25 25
split_gain=3.43911 3.85462 2.18287 1.81335 0.728861 0.4922
threshold=0.97888900000000012 0.61143750000000008 0.056101000000000005 0.19483500000000004 0.69018800000000013 0.86131650000000015
decision_type=2 2 10 10 2 2
left_child=2 -2 5 -3 -4 -1
right_child=1 3 4 -5 -6 -7
leaf_value=-0.015806082994042823 -0.012119354765350764 0.01531528581228031 0.0090890829061450965 -0.00017938443260576647 -0.0027371556788157087 0
leaf_weight=12.066803470253944 3.7352920323610332 21.927448984235529 4.2560630440711957 4.2136638611555091 5.9055678397417068 0.97567807137966234
leaf_count=160 61 170 21 24 32 10
internal_value=0.000349491 0.00726508 -0.00722215 0.0120269 0.000879453 -0.0143884
internal_weight=53.0805 29.8764 23.2041 26.1411 10.1616 13.0425
internal_count=478 255 223 194 53 170
is_linear=0
shrinkage=0.03


Tree=102
num_leaves=7
num_cat=0
split_feature=25 5 24 2 24 24
split_gain=4.04851 2.54994 2.37959 2.4932 2.17365 2.02671
threshold=0.68013350000000006 1.5000000000000002 0.97687900000000016 0.21363650000000003 0.99041050000000019 0.98802650000000003
decision_type=2 10 2 8 2 2
left_child=1 4 3 -2 -1 -4
right_child=2 -3 5 -5 -6 -7
leaf_value=-0.019983023952337638 0.0071148142360649494 0.0055621646199719675 0.01633293039349501 -0.014044332668995893 0.00017650129009981984 0
leaf_weight=13.315696503967052 5.8239783570170376 2.919862672686576 15.882941432297232 6.7439982891082773 2.7748057208955279 7.0562072284519664
leaf_count=178 27 11 118 67 36 57
internal_value=0 -0.0105446 0.00557392 -0.00283062 -0.0154536 0.01113
internal_weight=54.5175 19.0104 35.5071 12.568 16.0905 22.9391
internal_count=494 225 269 94 214 175
is_linear=0
shrinkage=0.03


Tree=103
num_leaves=6
num_cat=0
split_feature=2 2 4 4 5
split_gain=4.01528 4.70759 3.53442 0.833151 0.829607
threshold=0.32575750000000009 1.0000000180025095e-35 1.0000000180025095e-35 1.0000000180025095e-35 4.5000000000000009
decision_type=10 10 8 8 10
left_child=1 3 4 -1 -2
right_child=2 -3 -4 -5 -6
leaf_value=-0.0077369194098915999 -0.022673800690808946 0.022247355761783771 0.0069674146520620414 0.0015783293896458972 0
leaf_weight=8.6779983416199702 9.758067578077311 6.9923093020915976 2.5829465836286554 22.307992085814476 2.1050173491239557
leaf_count=57 102 30 20 280 10
internal_value=-0.000417246 0.00419478 -0.0128981 -0.000600465 -0.0197751
internal_weight=52.4243 37.9783 14.446 30.986 11.8631
internal_count=499 367 132 337 112
is_linear=0
shrinkage=0.03


Tree=104
num_leaves=7
num_cat=0
split_feature=23 23 24 17 13 17
split_gain=2.30096 3.09535 2.26084 1.52945 2.02693 1.17039
threshold=0.00089200000000000011 0.24831400000000003 0.97276150000000017 0.49131750000000002 1.0000000180025095e-35 0.11441050000000001
decision_type=8 8 2 8 10 10
left_child=3 5 -3 4 -1 -2
right_child=1 2 -4 -5 -6 -7
leaf_value=-0.021609673970274107 0 -0.012221650837091331 0.0037753011082757026 0.0039002680174796949 0.00026796054171176814 0.020438741099980205
leaf_weight=6.2713165692985022 5.461275838315486 8.1594566665589827 22.95615054666996 1.2012779638171203 2.1243124604225159 8.4355630725622159
leaf_count=87 30 95 224 11 15 36
internal_value=0.00103894 0.00442476 -0.000246066 -0.00973183 -0.0148282 0.0148453
internal_weight=54.6094 45.0124 31.1156 9.59691 8.39563 13.8968
internal_count=498 385 319 113 102 66
is_linear=0
shrinkage=0.03


Tree=105
num_leaves=7
num_cat=0
split_feature=25 19 2 24 3 19
split_gain=4.25137 2.31435 2.22419 1.72676 1.50454 0.766978
threshold=0.68013350000000006 0.24638400000000002 0.17708350000000003 0.96096750000000009 1.0000000180025095e-35 0.016595500000000003
decision_type=2 8 10 2 10 10
left_child=1 5 3 -2 -4 -1
right_child=2 -3 4 -5 -6 -7
leaf_value=-0.0070669121525029589 -0.002095791466075466 -0.016944761891227508 -0.008594672792848413 0.015142538744288225 0.0097944578892978362 0.0066728942801332972
leaf_weight=2.008096784353258 2.1413908079266575 9.9129743389785272 8.510376609861849 22.423722952604294 2.4358952492475501 6.8859616704285145
leaf_count=39 20 151 50 176 19 40
internal_value=0.00140072 -0.00863167 0.00775143 0.012487 -0.00112476 4.84441e-05
internal_weight=54.3184 18.807 35.5114 24.5651 10.9463 8.89406
internal_count=495 230 265 196 69 79
is_linear=0
shrinkage=0.03


Tree=106
num_leaves=6
num_cat=0
split_feature=4 18 5 18 18
split_gain=4.09717 3.25758 1.9375 1.13904 0.362077
threshold=1.0000000180025095e-35 0.32362000000000007 4.5000000000000009 0.39044900000000005 0.18442450000000002
decision_type=10 8 10 8 10
left_child=1 2 -1 -3 -2
right_child=4 3 -4 -5 -6
leaf_value=-0.016576922230340813 0.018836740940764096 0.013902101008630341 0.001636326355220719 -0.00014036271241919102 0
leaf_weight=17.657620828598741 5.3053126856684676 2.7081619240343597 2.6318034827709189 21.185255851596594 1.2560021206736562
leaf_count=153 41 11 11 262 10
internal_value=-0.00072488 -0.00481666 -0.0130198 0.001709 0.0165569
internal_weight=50.7442 44.1828 20.2894 23.8934 6.56131
internal_count=488 437 164 273 51
is_linear=0
shrinkage=0.03


Tree=107
num_leaves=7
num_cat=0
split_feature=24 17 9 2 24 7
split_gain=2.93222 1.84596 2.30299 1.58656 0.720426 0.613613
threshold=0.96775650000000002 0.11441050000000001 8.1715810000000015 0.47222200000000009 0.9310210000000001 8.0568855000000017
decision_type=2 10 8 8 2 10
left_child=4 2 -2 -3 -1 -6
right_child=1 3 -4 -5 5 -7
leaf_value=0 -0.0099909165999326772 0.016795333275624075 0.0062102023439474475 0 -0.016873162036031349 0
leaf_weight=0.88598811626434137 9.3585809580981749 12.575238998979327 18.756636071950197 3.1160534024238595 6.3908950686454773 1.1439845860004423
leaf_count=8 88 64 223 23 79 7
internal_value=0.0015821 0.0052787 0 0.0125961 -0.0113566 -0.0141904
internal_weight=52.2274 43.8065 28.1152 15.6913 8.42087 7.53488
internal_count=492 398 311 87 94 86
is_linear=0
shrinkage=0.03


Tree=108
num_leaves=6
num_cat=0
split_feature=5 4 2 15 23
split_gain=2.7104 2.4264 2.37835 1.56489 1.10118
threshold=1.5000000000000002 1.0000000180025095e-35 0.58947350000000009 0.34860600000000003 0.72952550000000016
decision_type=10 8 8 10 8
left_child=1 3 -2 -1 -3
right_child=2 4 -4 -5 -6
leaf_value=-0.013954792024999286 0.018475281056787043 0.01310149548816539 -0.0032593497587616168 0.0014681408422789958 0
leaf_weight=15.250471614301206 9.6956325322389567 4.2914942950010326 2.6705648601055154 3.2574092596769324 18.977303966879845
leaf_count=137 42 35 17 16 249
internal_value=0.000932806 -0.00229516 0.0121092 -0.0100193 0.00314917
internal_weight=54.1429 41.7767 12.3662 18.5079 23.2688
internal_count=496 437 59 153 284
is_linear=0
shrinkage=0.03


Tree=109
num_leaves=7
num_cat=0
split_feature=21 20 3 2 24 16
split_gain=3.45869 1.46358 1.2504 0.944807 0.935598 0.653349
threshold=0.0011505000000000003 0.019577000000000004 2.5000000000000004 0.47222200000000009 0.98251600000000006 0.44581200000000004
decision_type=8 10 10 10 2 10
left_child=2 4 5 -3 -2 -1
right_child=1 3 -4 -5 -6 -7
leaf_value=-0.02052644404544823 -0.0075310304770833687 0.011040298173993726 0 0 0.0029575635129096144 0
leaf_weight=7.6312929168343508 10.963592093437912 17.313271522521976 0.86133256554603654 3.1404450163245192 9.6385250240564329 1.8465579748153684
leaf_count=98 150 93 8 18 116 13
internal_value=-0.00063613 0.0028936 -0.0143999 0.00832538 -0.00160075 -0.0176595
internal_weight=51.395 41.0558 10.3392 20.4537 20.6021 9.47785
internal_count=496 377 119 111 266 111
is_linear=0
shrinkage=0.03


Tree=110
num_leaves=5
num_cat=0
split_feature=3 2 2 9
split_gain=2.45388 1.901 4.47376 1.11274
threshold=1.0000000180025095e-35 0.32575750000000009 1.0000000180025095e-35 8.0568855000000017
decision_type=10 10 10 8
left_child=1 2 -1 -3
right_child=-2 3 -4 -5
leaf_value=-0.0024628559539278463 0.016245004045625955 -0.013389284501769917 0.020093390140372709 0.00062754993325338237
leaf_weight=28.353402700275183 5.8027098402380934 10.876761462539431 7.0892947763204566 1.8086977154016501
leaf_count=315 49 104 29 8
internal_value=0.00150581 -0.000533424 0.00248446 -0.00974037
internal_weight=53.9309 48.1282 35.4427 12.6855
internal_count=505 456 344 112
is_linear=0
shrinkage=0.03


Tree=111
num_leaves=5
num_cat=0
split_feature=4 5 16 18
split_gain=4.07839 4.27716 2.55885 1.63616
threshold=1.0000000180025095e-35 1.5000000000000002 0.26749450000000002 0.29227450000000005
decision_type=10 8 10 10
left_child=1 3 -3 -1
right_child=-2 2 -4 -5
leaf_value=-0.018873865385291368 0.018588418959129559 0 0.021518212489469928 0
leaf_weight=11.538190733641388 6.7961071729660025 26.567555449903015 2.9341027736663809 5.487969994544982
leaf_count=116 55 295 9 31
internal_value=0.000530534 -0.00246755 0.00369907 -0.0136041
internal_weight=53.3239 46.5278 29.5017 17.0262
internal_count=506 451 304 147
is_linear=0
shrinkage=0.03


Tree=112
num_leaves=5
num_cat=0
split_feature=25 4 5 15
split_gain=3.37547 2.57967 2.01286 0.890667
threshold=0.59491450000000012 1.0000000180025095e-35 1.5000000000000002 0.25245100000000004
decision_type=2 10 8 10
left_child=3 2 -2 -1
right_child=1 -3 -4 -5
leaf_value=-0.019454652860596906 -0.0085737469955816849 0.016572813094514416 0.0044344205232448655 0
leaf_weight=5.9797581657767287 13.987404339015482 7.0580830350518218 25.622855618596077 0.6228237822651862
leaf_count=124 93 59 235 4
internal_value=0 0.00297918 0 -0.0164456
internal_weight=53.2709 46.6683 39.6103 6.60258
internal_count=515 387 328 128
is_linear=0
shrinkage=0.03


Tree=113
num_leaves=5
num_cat=0
split_feature=3 17 23 15
split_gain=2.28354 2.05158 1.57366 0.298357
threshold=1.0000000180025095e-35 0.060697000000000008 0.27496700000000007 0.21755100000000002
decision_type=10 8 8 10
left_child=1 3 -3 -1
right_child=-2 2 -4 -5
leaf_value=-0.018157650943252095 0.014722968759593334 0.0075289447641329298 -0.0039569754037014574 0
leaf_weight=4.2729153819382182 5.175850197672843 14.300834115594624 24.820075444877148 1.4856055080890653
leaf_count=59 47 86 286 7
internal_value=0 -0.00243093 0 -0.0155923
internal_weight=50.0553 44.8794 39.1209 5.75852
internal_count=485 438 372 66
is_linear=0
shrinkage=0.03


Tree=114
num_leaves=6
num_cat=0
split_feature=25 20 20 22 5
split_gain=3.09533 1.87107 1.1988 0.640036 0.58248
threshold=0.59491450000000012 0.28601450000000006 0.019577000000000004 0.13851550000000004 1.5000000000000002
decision_type=2 10 8 10 10
left_child=3 2 -2 -1 -3
right_child=1 4 -4 -5 -6
leaf_value=-0.01640229495668806 -0.0017283419953375945 -0.010309129890512806 0.0097724551619173296 0 0
leaf_weight=5.3999671153724185 4.0775943584740153 4.8363668099045745 35.816033240407705 0.70488005131483067 2.0582846999168396
leaf_count=115 30 37 308 5 10
internal_value=0.00175366 0.00505815 0.00785887 -0.0135993 -0.0055847
internal_weight=52.8931 46.7883 39.8936 6.10485 6.89465
internal_count=505 385 338 120 47
is_linear=0
shrinkage=0.03


Tree=115
num_leaves=7
num_cat=0
split_feature=24 25 17 22 25 24
split_gain=4.09358 3.20474 1.69845 1.23598 1.60253 0.374068
threshold=0.98226700000000011 0.61143750000000008 0.11441050000000001 0.026265000000000004 0.89108700000000007 0.96606800000000015
decision_type=2 2 8 10 2 2
left_child=3 -2 -3 4 -1 -5
right_child=1 2 -4 5 -6 -7
leaf_value=-0.015361751896537275 -0.0089170812633889637 0 0.018419916661936191 -0.005842332948148914 0.0029757679872859785 0.0034403956717830712
leaf_weight=14.253340911120178 3.5413026660680798 7.1207001283764866 14.749401092529295 2.8112366050481787 1.2773386575281609 8.6849854961037618
leaf_count=205 61 50 117 18 11 47
internal_value=0 0.00865751 0.0134419 -0.00719566 -0.011997 0
internal_weight=52.4383 25.4114 21.8701 27.0269 15.5307 11.4962
internal_count=509 228 167 281 216 65
is_linear=0
shrinkage=0.03


Tree=116
num_leaves=5
num_cat=0
split_feature=3 18 22 17
split_gain=2.32252 2.80548 1.99766 1.93854
threshold=1.0000000180025095e-35 0.29227450000000005 0.073427000000000006 0.14470000000000002
decision_type=10 8 10 10
left_child=1 3 -3 -1
right_child=-2 2 -4 -5
leaf_value=-0.018495734510050068 0.015519003208326446 0 0.01695211479014418 0
leaf_weight=8.114030450582506 5.5801124498248091 21.338397987186912 5.1102295890450469 10.583728265017269
leaf_count=85 50 263 22 69
internal_value=0.000877257 -0.00116359 0.00425345 -0.00973746
internal_weight=50.7265 45.1464 26.4486 18.6978
internal_count=489 439 285 154
is_linear=0
shrinkage=0.03


Tree=117
num_leaves=7
num_cat=0
split_feature=23 23 9 22 19 22
split_gain=2.70111 3.3114 1.74116 0.584772 0.450102 0.314628
threshold=0.00089200000000000011 0.24831400000000003 8.1715810000000015 0.039685500000000005 0.054580500000000011 0.026265000000000004
decision_type=10 10 8 8 10 8
left_child=2 4 -1 -3 -2 -4
right_child=1 3 5 -5 -6 -7
leaf_value=-0.015428517814303011 0.00038772309276038556 -0.010205032329161489 0.007188653680062748 0 0.019466728062500712 -0.0016434730432978515
leaf_weight=7.2224261946976211 5.1236853227019337 3.0055841356515858 1.3232455253601099 8.4093012586236 9.8198000192642194 19.122840039432049
leaf_count=101 30 22 10 45 47 259
internal_value=0.000384179 0.00732007 -0.0053148 -0.00262256 0.0157555 0
internal_weight=54.0269 26.3584 27.6685 11.4149 14.9435 20.4461
internal_count=514 144 370 67 77 269
is_linear=0
shrinkage=0.03


Tree=118
num_leaves=4
num_cat=0
split_feature=25 4 5
split_gain=2.80052 1.95804 1.7352
threshold=0.58551750000000002 1.0000000180025095e-35 1.5000000000000002
decision_type=2 10 8
left_child=-1 2 -2
right_child=1 -3 -4
leaf_value=-0.016030215720159547 -0.0068446407175775026 0.015456495759762738 0.0048961058385149489
leaf_weight=4.9378783404827109 15.770419206470249 6.3884538114070883 25.462573483586311
leaf_count=114 104 55 229
internal_value=0 0.00308153 0
internal_weight=52.5593 47.6214 41.233
internal_count=502 388 333
is_linear=0
shrinkage=0.03


Tree=119
num_leaves=5
num_cat=0
split_feature=4 15 18 25
split_gain=2.83685 3.96357 2.01665 1.77368
threshold=1.0000000180025095e-35 0.17286400000000005 0.12250800000000002 0.7008795000000001
decision_type=10 8 10 2
left_child=1 2 -1 -3
right_child=-2 3 -4 -5
leaf_value=-0.021434609500980608 0.015648369313505675 -0.0032265933840527187 0 0.0093803407803848549
leaf_weight=8.5280081778764742 6.2897399440407744 12.888329140841963 7.4785384163260451 17.400017760694027
leaf_count=100 52 161 44 157
internal_value=0 -0.00237637 -0.0135341 0.00330728
internal_weight=52.5846 46.2949 16.0065 30.2883
internal_count=514 462 144 318
is_linear=0
shrinkage=0.03


Tree=120
num_leaves=6
num_cat=0
split_feature=25 20 20 15 5
split_gain=2.48517 2.16275 1.30059 0.873346 0.650029
threshold=0.59491450000000012 0.28601450000000006 0.027154500000000002 0.32105100000000003 2.5000000000000004
decision_type=2 10 10 10 10
left_child=3 2 -2 -1 -3
right_child=1 4 -4 -5 -6
leaf_value=-0.016933259327734585 0 -0.01338667527834672 0.011459406706324509 0 0
leaf_weight=5.8533786423504344 20.878456447273493 4.5268540754914275 18.606216587126255 0.48913839459419239 1.4716058596968649
leaf_count=130 225 34 110 3 7
internal_value=0 0.00315987 0.00626354 -0.0136964 -0.00921315
internal_weight=51.8257 45.4831 39.4847 6.34252 5.99846
internal_count=509 376 335 133 41
is_linear=0
shrinkage=0.03


Tree=121
num_leaves=7
num_cat=0
split_feature=25 2 3 18 2 4
split_gain=2.21171 1.97675 1.89806 0.970124 0.840552 0.624916
threshold=0.65221600000000013 0.16025650000000005 1.0000000180025095e-35 0.32362000000000007 1.0000000180025095e-35 1.0000000180025095e-35
decision_type=2 8 8 10 10 10
left_child=3 4 -3 5 -2 -1
right_child=1 2 -4 -5 -6 -7
leaf_value=-0.015568199709112936 0.00064469028204780412 -0.010118007621582308 0.0043263763483844756 0 0.01952183315814526 0
leaf_weight=9.2275688946247065 8.3777107894420606 10.221697714179756 16.596484087407589 1.7675923593342293 4.8226782679557791 0.91302792727947313
leaf_count=166 47 67 188 9 22 5
internal_value=0 0.00327888 -0.000637043 -0.0101241 0.0117311 -0.0135177
internal_weight=51.9268 40.0186 26.8182 11.9082 13.2004 10.1406
internal_count=504 324 255 180 69 171
is_linear=0
shrinkage=0.03


Tree=122
num_leaves=5
num_cat=0
split_feature=3 18 18 24
split_gain=2.2805 2.48792 2.05054 1.18052
threshold=1.0000000180025095e-35 0.12250800000000002 0.024222000000000004 0.98251600000000006
decision_type=10 8 10 2
left_child=1 2 -1 -3
right_child=-2 3 -4 -5
leaf_value=0 0.015266580985936321 -0.001101274748401381 -0.01832775520834564 0.008594059882093023
leaf_weight=5.7467835284769526 5.4661746844649306 19.750952821224928 8.7559983097016794 14.129641164094208
leaf_count=54 51 206 76 133
internal_value=0.000519493 -0.00135679 -0.0109625 0.00249882
internal_weight=53.8496 48.3834 14.5028 33.8806
internal_count=520 469 130 339
is_linear=0
shrinkage=0.03


Tree=123
num_leaves=7
num_cat=0
split_feature=21 24 15 17 16 9
split_gain=2.17572 3.27308 1.51745 1.32685 1.2681 0.105883
threshold=0.090908500000000017 0.98292200000000018 0.095195500000000016 0.35873700000000003 0.13103100000000004 1.0000000180025095e-35
decision_type=10 2 10 8 10 8
left_child=1 3 -2 -1 -3 -4
right_child=2 4 5 -5 -6 -7
leaf_value=-0.018227591929728872 -2.3855173796469628e-06 0 0.017454042233180193 -0.00068748970788142243 0.015979757024575807 0
leaf_weight=8.163417227566244 3.4682311862707129 13.553580585867168 7.5540385469794247 12.463966257870196 4.0387335754930964 1.9087481200695045
leaf_count=82 22 161 33 168 20 15
internal_value=0.000725583 -0.00237463 0.0104935 -0.0103318 0.00564444 0.0158221
internal_weight=51.1507 38.2197 12.931 20.6274 17.5923 9.46279
internal_count=501 431 70 250 181 48
is_linear=0
shrinkage=0.03


Tree=124
num_leaves=7
num_cat=0
split_feature=5 9 15 2 15 2
split_gain=3.45068 2.60891 4.05178 1.66519 1.52364 0.0558438
threshold=1.5000000000000002 8.0568855000000017 0.34860600000000003 0.47222200000000009 0.17807550000000003 0.70833350000000006
decision_type=10 8 10 10 8 10
left_child=1 2 -1 -2 -3 -5
right_child=3 4 -4 5 -6 -7
leaf_value=-0.020576486793684425 0.018850711177124141 0.014457353178475612 0.0073685296965017681 0 -0.0018067402078044525 -0.0032118957942233618
leaf_weight=12.520531389862297 7.3660406321287137 3.3111580461263683 2.9869326055049887 2.2400476783514023 18.801305651664734 1.8718573376536367
leaf_count=140 33 26 14 10 255 14
internal_value=0 -0.00476096 -0.013251 0.0122846 0.000870219 0
internal_weight=49.0979 37.6199 15.5075 11.4779 22.1125 4.11191
internal_count=492 435 154 57 281 24
is_linear=0
shrinkage=0.03


Tree=125
num_leaves=6
num_cat=0
split_feature=18 24 24 23 9
split_gain=1.94214 1.56068 2.11107 1.37874 1.25455
threshold=0.32362000000000007 0.98251600000000006 0.98782300000000012 0.36498050000000004 8.0568855000000017
decision_type=10 2 2 10 10
left_child=1 4 -3 -2 -1
right_child=3 2 -4 -5 -6
leaf_value=-0.010178459781199222 0.019521202316305213 0.012594447560218984 -0.0033966920427210066 0 0.0038160546272995315
leaf_weight=19.157323665916923 4.6447185091674319 9.5349931456148642 11.53458573669195 2.4101236164569855 2.4074592739343634
leaf_count=235 22 80 126 14 17
internal_value=0.000631697 -0.00145483 0.00326145 0.0128967 -0.00711963
internal_weight=49.6892 42.6344 21.0696 7.05484 21.5648
internal_count=494 458 206 36 252
is_linear=0
shrinkage=0.03


Tree=126
num_leaves=6
num_cat=0
split_feature=25 24 24 23 4
split_gain=2.67638 2.63489 0.978459 0.738435 0.070317
threshold=0.58551750000000002 0.96198700000000015 0.96125950000000004 0.00089200000000000011 1.0000000180025095e-35
decision_type=2 2 2 8 8
left_child=2 4 -1 -3 -2
right_child=1 3 -4 -5 -6
leaf_value=0 -0.013493344470676705 0 -0.017449571898528356 0.0093404819065778764 0
leaf_weight=0.91380506381392379 2.2552725002169605 6.0242831148207179 4.6029985435307026 34.482868000864983 1.2736041061580179
leaf_count=13 16 57 109 286 16
internal_value=0.00170846 0.00489652 -0.0129777 0.00773878 -0.0116987
internal_weight=49.5528 44.036 5.5168 40.5072 3.52888
internal_count=497 375 122 343 32
is_linear=0
shrinkage=0.03


Tree=127
num_leaves=5
num_cat=0
split_feature=25 3 19 16
split_gain=1.99327 1.28643 0.948533 0.617974
threshold=0.58551750000000002 1.0000000180025095e-35 0.18040650000000003 0.44581200000000004
decision_type=2 10 8 10
left_child=3 2 -2 -1
right_child=1 -3 -4 -5
leaf_value=-0.015461229784536163 -0.0043198772971296557 0.014442494754732501 0.004333657624608871 0
leaf_weight=4.6430788896977893 14.92405269667506 5.1062479689717284 24.866399738937616 0.69517447426915158
leaf_count=114 86 49 236 7
internal_value=0.000515941 0.00334904 0.000311605 -0.0123458
internal_weight=50.235 44.8967 39.7905 5.33825
internal_count=492 371 322 121
is_linear=0
shrinkage=0.03


Tree=128
num_leaves=7
num_cat=0
split_feature=22 23 24 22 16 15
split_gain=1.83293 1.66418 1.56266 1.38802 1.30418 1.2436
threshold=0.044107500000000001 0.0030185000000000003 0.98251600000000006 0.43257100000000004 0.13103100000000004 0.17543550000000005
decision_type=10 10 2 10 8 8
left_child=2 -2 5 -3 -4 -1
right_child=1 3 4 -5 -6 -7
leaf_value=-0.015967401124826835 -0.004156110606344101 0.016263146430508725 -0.0037964823577869952 0 0.0099623472572814443 0
leaf_weight=5.2967203110456493 1.9077872410416628 15.191983111202719 4.5260235704481628 2.0842812955379477 11.97817352414131 11.549305785447357
leaf_count=70 17 77 55 11 126 159
internal_value=0.00303251 0.00984321 -0.000548932 0.0132549 0.00464748 -0.0070845
internal_weight=52.5343 19.1841 33.3502 17.2763 16.5042 16.846
internal_count=515 105 410 88 181 229
is_linear=0
shrinkage=0.03


Tree=129
num_leaves=6
num_cat=0
split_feature=25 24 20 15 5
split_gain=3.32888 2.92048 3.15572 2.4874 0.603429
threshold=0.60697000000000012 0.98251600000000006 0.25053600000000004 0.092425500000000008 1.5000000000000002
decision_type=2 2 10 8 10
left_child=4 3 -3 -2 -1
right_child=1 2 -4 -5 -6
leaf_value=-0.01739009875576468 -0.015704755963910935 0.016894146628683569 -0.0079476679124968301 0.0027973400383712742 0
leaf_weight=5.9203427210450164 5.7676783166825798 17.70399455353618 2.169543929398059 18.065320871770382 0.48342871665954579
leaf_count=136 45 152 13 159 2
internal_value=0.000519332 0.00428041 0.012184 -0.00181744 -0.0151366
internal_weight=50.1103 43.7065 19.8735 23.833 6.40377
internal_count=507 369 165 204 138
is_linear=0
shrinkage=0.03


Tree=130
num_leaves=6
num_cat=0
split_feature=4 19 0 17 19
split_gain=2.01981 2.19603 1.19928 0.487675 0.266811
threshold=1.0000000180025095e-35 0.11450050000000002 1.0000000180025095e-35 0.42449350000000002 0.23227000000000003
decision_type=10 8 8 8 10
left_child=1 3 -3 -1 -2
right_child=4 2 -4 -5 -6
leaf_value=-0.014149604861556702 0.014975713708174267 -0.0093914360130082416 0.0038797659598848425 0 0
leaf_weight=10.330385010689493 4.9069832041859618 3.9176013283431521 30.237716728821397 1.5438081212341792 1.0572798624634741
leaf_count=96 43 22 336 9 8
internal_value=0 -0.00240949 0.000914764 -0.0122443 0.013078
internal_weight=51.9938 46.0295 34.1553 11.8742 5.96426
internal_count=514 463 358 105 51
is_linear=0
shrinkage=0.03


Tree=131
num_leaves=5
num_cat=0
split_feature=25 24 20 5
split_gain=3.49395 1.93968 1.11262 0.399531
threshold=0.59491450000000012 0.97191600000000011 0.28601450000000006 1.5000000000000002
decision_type=2 2 10 8
left_child=-1 3 -3 -2
right_child=1 2 -4 -5
leaf_value=-0.019357332502284164 -0.012504191809718576 0.0076818260501084219 -0.004068475864958958 0
leaf_weight=5.2928333934396496 4.3052819594740841 30.257904794067144 3.5997401587665072 5.0194575339555749
leaf_count=123 32 256 25 53
internal_value=-0.00116774 0.00152477 0.00538913 -0.00796878
internal_weight=48.4752 43.1824 33.8576 9.32474
internal_count=489 366 281 85
is_linear=0
shrinkage=0.03


Tree=132
num_leaves=5
num_cat=0
split_feature=4 25 2 24
split_gain=2.46191 2.3588 2.38053 1.47001
threshold=1.0000000180025095e-35 0.64227900000000016 0.32575750000000009 0.91791000000000011
decision_type=10 2 10 2
left_child=1 3 -3 -1
right_child=-2 2 -4 -5
leaf_value=0.0031888283583679888 0.016864926190789963 0.0074196194792955986 -0.0084914271480739136 -0.016936714079652471
leaf_weight=0.37279849499463846 5.6946301497519007 28.018232341855764 7.4813067987561217 7.7748673986643553
leaf_count=2 50 229 57 158
internal_value=0.00221698 -1.27198e-05 0.00288685 -0.0127144
internal_weight=49.3418 43.6472 35.4995 8.14767
internal_count=496 446 286 160
is_linear=0
shrinkage=0.03


Tree=133
num_leaves=5
num_cat=0
split_feature=3 18 21 23
split_gain=1.83751 2.09558 1.41516 0.743877
threshold=1.0000000180025095e-35 0.32362000000000007 0.12386950000000001 0.36498050000000004
decision_type=10 10 8 10
left_child=1 2 -1 -3
right_child=-2 3 -4 -5
leaf_value=-0.013020719907017923 0.012662717844864974 0.015004749550990888 -0.0001699048228216507 0
leaf_weight=14.146013569086788 4.4088987298309794 3.2157717086374751 23.513568252325058 2.3571179360151291
leaf_count=142 43 15 282 14
internal_value=-0.00049042 -0.00321532 -0.00633942 0.00922745
internal_weight=47.6414 43.2325 37.6596 5.57289
internal_count=496 453 424 29
is_linear=0
shrinkage=0.03


Tree=134
num_leaves=7
num_cat=0
split_feature=25 24 24 2 24 24
split_gain=3.22113 1.74645 1.37075 1.05521 0.91744 0.185161
threshold=0.64227900000000016 0.97888900000000012 0.98782300000000012 0.21363650000000003 0.95985350000000014 0.99260350000000008
decision_type=2 2 2 10 2 2
left_child=4 3 -3 -2 -1 -6
right_child=1 2 -4 -5 5 -7
leaf_value=0 0.001895266787838763 0.014625622020096795 0 -0.011898388823145676 -0.017214807635114199 0
leaf_weight=0.90101196244358916 12.346346136182545 15.566896781325342 8.6314173415303213 3.4334928132593623 6.3537357579916716 0.57857795059680928
leaf_count=12 98 124 76 29 136 9
internal_value=0.00111342 0.0052451 0.0100332 -0.000929868 -0.0128169 -0.0161959
internal_weight=47.8115 39.9782 24.1983 15.7798 7.83333 6.93231
internal_count=484 327 200 127 157 145
is_linear=0
shrinkage=0.03


Tree=135
num_leaves=7
num_cat=0
split_feature=2 2 3 18 21 0
split_gain=2.5349 3.91151 2.82708 0.676852 0.585441 0.214314
threshold=0.32575750000000009 1.0000000180025095e-35 1.0000000180025095e-35 0.0045860000000000007 0.29816800000000004 1.0000000180025095e-35
decision_type=8 10 8 10 8 10
left_child=1 4 3 -2 -1 -4
right_child=2 -3 5 -5 -6 -7
leaf_value=-0.0081160971771226404 0 0.019389476593893361 -0.0011944217990301181 -0.020469737143721627 0.0010985814928166019 0.0058561687954133907
leaf_weight=7.9298765398561963 1.8586175236851001 7.8580902591347686 18.37494828552008 8.4107152521610242 2.7764980643987665 1.7350771501660336
leaf_count=70 33 39 261 76 15 17
internal_value=-0.00144229 0.00594361 -0.00698302 -0.0177317 -0.00382027 0
internal_weight=48.9438 18.5645 30.3794 10.2693 10.7064 20.11
internal_count=511 124 387 109 85 278
is_linear=0
shrinkage=0.03


Tree=136
num_leaves=7
num_cat=0
split_feature=21 24 2 25 16 25
split_gain=1.64317 2.35783 1.52661 1.39712 0.758514 0.539665
threshold=0.11378600000000001 0.98226700000000011 1.0000000180025095e-35 0.89108700000000007 0.13103100000000004 0.77334000000000003
decision_type=10 2 10 2 8 2
left_child=1 3 5 -1 -3 -2
right_child=2 4 -4 -5 -6 -7
leaf_value=-0.011209356178757594 0.0054891369639179562 0 0.018789281596226157 0.0044107069507172136 0.0094830343512038711 -0.0070368208186996498
leaf_weight=19.064415693283085 3.4597780108451825 6.390924263745549 5.0548868291079998 1.8249221742153157 11.141927387565373 2.878024086356163
leaf_count=245 18 62 27 13 115 19
internal_value=0.00112422 -0.00135353 0.0101052 -0.00820645 0.00535632 0
internal_weight=49.8149 38.4222 11.3927 20.8893 17.5329 6.3378
internal_count=499 435 64 258 177 37
is_linear=0
shrinkage=0.03


Tree=137
num_leaves=7
num_cat=0
split_feature=25 24 24 24 2 22
split_gain=2.13639 1.79724 2.45286 1.13929 0.826604 0.62917
threshold=0.7008795000000001 0.97687900000000016 0.98782300000000012 0.98529800000000012 0.17708350000000003 0.056101000000000005
decision_type=2 2 2 2 8 10
left_child=3 4 -3 5 -2 -1
right_child=1 2 -4 -5 -6 -7
leaf_value=-0.015348474291677867 0.0010505328819435363 0.015500199645095379 -0.002089208149395868 0 -0.010694376750956261 0
leaf_weight=9.666874637827279 4.0331725478172311 14.060056220740082 6.6751423254609099 5.13850013911724 5.3215936720371255 2.9991685561835757
leaf_count=153 21 113 59 66 55 19
internal_value=-0.000149033 0.00400772 0.00902545 -0.00818091 -0.00417699 -0.012423
internal_weight=47.8945 30.09 20.7352 17.8045 9.35477 12.666
internal_count=486 248 172 238 76 172
is_linear=0
shrinkage=0.03


Tree=138
num_leaves=6
num_cat=0
split_feature=4 25 5 15 23
split_gain=2.04282 1.63805 1.96406 0.401456 0.198053
threshold=1.0000000180025095e-35 0.89971800000000013 1.5000000000000002 0.11809800000000001 0.61503100000000011
decision_type=10 2 10 8 10
left_child=1 2 -1 -3 -2
right_child=4 3 -4 -5 -6
leaf_value=-0.0099506430583094947 0.013832679554482221 0 0.0029761583725122494 0.011672108186781762 0
leaf_weight=29.763563459739089 4.5656504593789569 1.9265227317810047 9.4734024256467801 3.1466640532016754 1.0638230293989179
leaf_count=358 45 10 45 32 7
internal_value=-0.000608931 -0.00352776 -0.0061296 0.00767938 0.0121284
internal_weight=49.9396 44.3102 39.237 5.07319 5.62947
internal_count=497 445 403 42 52
is_linear=0
shrinkage=0.03


Tree=139
num_leaves=6
num_cat=0
split_feature=25 21 17 24 17
split_gain=2.47872 2.39012 1.4725 0.861849 0.149803
threshold=0.90218750000000003 0.045361000000000005 0.14927450000000003 0.98782300000000012 0.14661200000000005
decision_type=2 10 8 2 10
left_child=1 2 -1 -3 -2
right_child=4 3 -4 -5 -6
leaf_value=-0.016925558064081456 0.016824238341816518 0.010087451674349769 -0.0010437024282925124 -0.001539218028277136 0
leaf_weight=6.9760631732642677 4.8627374060451976 11.803002104163168 22.640737030655146 1.9866037145256985 1.3671452589333055
leaf_count=94 48 62 281 12 10
internal_value=0.000474061 -0.00180929 -0.00691704 0.00664989 0.0150506
internal_weight=49.6363 43.4064 29.6168 13.7896 6.22988
internal_count=507 449 375 74 58
is_linear=0
shrinkage=0.03


Tree=140
num_leaves=5
num_cat=0
split_feature=4 2 2 5
split_gain=2.17419 2.8918 5.35186 1.86374
threshold=1.0000000180025095e-35 0.32575750000000009 1.0000000180025095e-35 4.5000000000000009
decision_type=10 10 10 8
left_child=1 2 -1 -3
right_child=-2 3 -4 -5
leaf_value=-0.0050552628112074775 0.013536405219641955 -0.020202918469503044 0.020353475943845917 1.943057966251e-05
leaf_weight=24.662257060408596 5.4097959473729125 8.4246314819902146 6.9996323809027663 2.0682299137115487
leaf_count=296 50 101 30 9
internal_value=0 -0.00303457 0.000971883 -0.0148755
internal_weight=47.5645 42.1548 31.6619 10.4929
internal_count=486 436 326 110
is_linear=0
shrinkage=0.03


Tree=141
num_leaves=6
num_cat=0
split_feature=25 17 23 3 17
split_gain=2.03831 2.72395 2.23702 1.20012 0.327946
threshold=0.89971800000000013 0.11441050000000001 0.12503250000000002 1.5000000000000002 0.085408000000000026
decision_type=2 10 10 10 10
left_child=1 3 -3 -1 -2
right_child=4 2 -4 -5 -6
leaf_value=-0.01067808268214138 0.016354447805898887 0.015454493185565899 -0.0019420071247878048 0.0036959697147586272 0
leaf_weight=24.261364754289392 4.088444259017705 7.7244867328554419 9.8490600101649743 1.4208521917462338 2.7656519897282124
leaf_count=324 42 62 54 15 19
internal_value=0 -0.00224775 0.005385 -0.0085335 0.0127455
internal_weight=50.1099 43.2558 17.5735 25.6822 6.8541
internal_count=516 455 116 339 61
is_linear=0
shrinkage=0.03


Tree=142
num_leaves=7
num_cat=0
split_feature=23 23 9 17 25 15
split_gain=2.43905 1.78521 0.955386 0.932067 0.806186 0.382769
threshold=0.00089200000000000011 0.12019000000000001 8.1715810000000015 0.49131750000000002 0.84989750000000008 0.024369000000000005
decision_type=8 8 10 10 2 10
left_child=2 5 3 -1 -3 -2
right_child=1 4 -4 -5 -6 -7
leaf_value=-0.020408620243164324 0 -0.0027640804925632848 0 0 0.0069075398862140586 0.016661518645612734
leaf_weight=5.1621666308492413 2.7091970294713956 25.828945061191916 1.4279357902705667 0.79769763723015774 7.5903648324310771 5.8088620230555534
leaf_count=87 16 271 13 12 74 31
internal_value=0 0.0033163 -0.0127962 -0.0169058 0 0.0135056
internal_weight=49.3252 41.9374 7.3878 5.95986 33.4193 8.51806
internal_count=504 392 112 99 345 47
is_linear=0
shrinkage=0.03


Tree=143
num_leaves=7
num_cat=0
split_feature=21 2 2 3 17 16
split_gain=2.25775 2.01113 1.78146 0.884102 0.588148 0.285565
threshold=0.0011505000000000003 1.0000000180025095e-35 0.47222200000000009 2.5000000000000004 0.18755600000000003 0.0074550000000000007
decision_type=8 10 8 10 8 10
left_child=3 4 -3 5 -2 -1
right_child=1 2 -4 -5 -6 -7
leaf_value=0 -0.007096697334538769 0.019240652519196606 0 0 0.0021945526023681543 -0.016674836708094849
leaf_weight=2.2194429747760287 5.0144352726638344 8.8451707735657656 3.1584967747330674 0.86809366196393956 23.100342126563191 4.8783441092818975
leaf_count=45 38 47 20 10 281 58
internal_value=0.00123317 0.00474738 0.0136165 -0.0101865 0 -0.0138378
internal_weight=48.0843 40.1184 12.0037 7.96588 28.1148 7.09779
internal_count=499 386 67 113 319 103
is_linear=0
shrinkage=0.03


Tree=144
num_leaves=6
num_cat=0
split_feature=23 18 3 22 16
split_gain=1.42289 2.3877 1.89961 1.06915 0.83542
threshold=0.52579900000000002 0.29227450000000005 1.0000000180025095e-35 0.056101000000000005 0.091529000000000013
decision_type=10 10 10 10 10
left_child=1 2 -1 -3 -2
right_child=4 3 -4 -5 -6
leaf_value=-0.002589583276365162 0 0 0.014475606892680329 0.022070356669588835 -0.016619720387397043
leaf_weight=34.296535903587937 2.0475520864129058 2.2553345598280421 3.9653345942497245 4.5991717986762524 2.4905058518052101
leaf_count=401 13 14 43 22 19
internal_value=0.00118932 0.00350287 0 0.0166726 -0.0100719
internal_weight=49.6544 45.1164 38.2619 6.85451 4.53806
internal_count=512 480 444 36 32
is_linear=0
shrinkage=0.03


Tree=145
num_leaves=6
num_cat=0
split_feature=25 24 22 24 25
split_gain=1.50564 1.71796 1.18816 0.885525 0.30831
threshold=0.58551750000000002 0.96198700000000015 0.044107500000000001 0.96042800000000017 0.78670050000000014
decision_type=2 2 8 2 2
left_child=3 4 -3 -1 -2
right_child=1 2 -4 -5 -6
leaf_value=0 -0.012129472957418921 0 0.0090588694699879502 -0.015278489799360036 0
leaf_weight=0.78779563680291076 2.7454118691384788 11.546800239011644 29.4993039034307 3.8933650236576796 1.2122960016131399
leaf_count=10 28 91 260 108 10
internal_value=0.00120408 0.0035918 0.00602265 -0.0102827 -0.00903376
internal_weight=49.685 45.0038 41.0461 4.68116 3.95771
internal_count=507 389 351 118 38
is_linear=0
shrinkage=0.03


Tree=146
num_leaves=7
num_cat=0
split_feature=5 25 2 21 19 7
split_gain=2.22981 1.40814 1.32756 0.720719 0.651622 0.333294
threshold=1.5000000000000002 0.89971800000000013 0.58947350000000009 0.30858750000000007 0.054580500000000011 8.0568855000000017
decision_type=10 2 8 10 10 8
left_child=1 3 4 -1 -2 -3
right_child=2 5 -4 -5 -6 -7
leaf_value=-0.0073176295956763424 0 0 0 0.0019406120699438233 0.020189864220386058 0.010645909096457223
leaf_weight=30.59196194075048 2.5228343941271278 1.3508883714675892 2.3256271257996568 2.4166058227419844 5.4687233865261078 3.4660554155707359
leaf_count=390 14 8 17 12 24 39
internal_value=3.97974e-05 -0.0028691 0.0112011 -0.00570148 0.0161466 0.00744148
internal_weight=48.1427 37.8255 10.3172 33.0086 7.99156 4.81694
internal_count=504 449 55 402 38 47
is_linear=0
shrinkage=0.03


Tree=147
num_leaves=7
num_cat=0
split_feature=25 20 15 24 25 25
split_gain=1.82337 1.45138 1.26267 1.07544 1.03184 0.418495
threshold=0.63422450000000008 0.13995400000000005 0.17286400000000005 0.91791000000000011 0.76697000000000004 0.59491450000000012
decision_type=2 10 8 2 2 2
left_child=3 4 -3 -1 -2 -5
right_child=1 2 -4 5 -6 -7
leaf_value=0.0030373457386721277 0.012487017896946099 -0.011089939291530482 0.0044710241713778569 -0.016947874662010236 0 0
leaf_weight=0.37691090628504653 15.875158194452526 6.0114724598824951 4.0531160570681104 4.6596245244145393 13.32646434754133 2.8856331408023834
leaf_count=2 136 50 23 130 126 35
internal_value=0.00115329 0.00440758 -0.0029394 -0.00901014 0.00790935 -0.0131497
internal_weight=47.1884 39.2662 10.0646 7.92217 29.2016 7.54526
internal_count=502 335 73 167 262 165
is_linear=0
shrinkage=0.03


Tree=148
num_leaves=6
num_cat=0
split_feature=25 2 2 25 15
split_gain=1.40891 1.09896 1.28145 1.23756 0.736128
threshold=0.58551750000000002 0.32575750000000009 1.0000000180025095e-35 0.72837300000000016 0.32105100000000003
decision_type=2 10 10 2 10
left_child=4 2 -2 -3 -1
right_child=1 3 -4 -5 -6
leaf_value=-0.014187150080710033 0.0010666483789988615 0.0024223021780830742 0.015535028283448811 -0.012690940486187321 0
leaf_weight=4.2780733276158562 24.927908137440681 6.5733646880835277 7.3831602670252314 4.2393772825598717 0.40066076815128315
leaf_count=119 251 57 39 35 2
internal_value=0.000864392 0.0033043 0.00626126 -0.00280067 -0.0102222
internal_weight=47.8025 43.1238 32.3111 10.8127 4.67873
internal_count=503 382 290 92 121
is_linear=0
shrinkage=0.03


Tree=149
num_leaves=5
num_cat=0
split_feature=3 5 15 2
split_gain=1.85717 2.21078 2.66942 1.17061
threshold=1.0000000180025095e-35 1.5000000000000002 0.34860600000000003 0.32575750000000009
decision_type=10 8 10 8
left_child=1 2 -1 -3
right_child=-2 3 -4 -5
leaf_value=-0.016483380539306654 0.012767355038409979 0.012847678739620562 0.0050196184397661454 -0.00049554022744250736
leaf_weight=14.006753055378796 4.4895775020122519 3.7842807471752193 3.213908113539218 21.355436569079757
leaf_count=145 47 16 16 264
internal_value=-0.000369551 -0.00317555 -0.0108373 0.00160247
internal_weight=46.85 42.3604 17.2207 25.1397
internal_count=488 441 161 280
is_linear=0
shrinkage=0.03


Tree=150
num_leaves=6
num_cat=0
split_feature=25 24 17 5 24
split_gain=2.47183 1.54536 0.904153 0.515031 0.1372
threshold=0.59491450000000012 0.96096750000000009 0.11441050000000001 1.5000000000000002 0.95910000000000017
decision_type=2 2 8 10 2
left_child=3 4 -3 -1 -2
right_child=1 2 -4 -5 -6
leaf_value=-0.014799334484601171 -0.010137523229534715 0 0.0098822778444972083 0 0
leaf_weight=4.4518187996000043 1.5512256361544126 10.678400523960589 29.947647646069527 0.47229890525341023 0.96558841317892063
leaf_count=124 17 81 267 2 8
internal_value=0.00242884 0.00542363 0.00742312 -0.0121437 -0.00789934
internal_weight=48.067 43.1429 40.626 4.92412 2.51681
internal_count=499 373 348 126 25
is_linear=0
shrinkage=0.03


Tree=151
num_leaves=4
num_cat=0
split_feature=25 24 3
split_gain=2.36613 2.03498 0.638642
threshold=0.58551750000000002 0.96404650000000014 1.5000000000000002
decision_type=2 2 8
left_child=-1 -2 -3
right_child=1 2 -4
leaf_value=-0.014593812058508616 -0.010352020362753747 0.00080181897422851181 0.010239568397391978
leaf_weight=4.473073434084653 4.0628391951322547 21.808099545538425 17.788166731595993
leaf_count=126 39 133 210
internal_value=0.000402451 0.00342139 0.00616846
internal_weight=48.1322 43.6591 39.5963
internal_count=508 382 343
is_linear=0
shrinkage=0.03


Tree=152
num_leaves=4
num_cat=0
split_feature=3 15 25
split_gain=2.3736 2.0703 2.20833
threshold=1.0000000180025095e-35 0.34860600000000003 0.89971800000000013
decision_type=10 10 2
left_child=1 2 -1
right_child=-2 -3 -4
leaf_value=-0.0094269704734187137 0.014990271610354797 0.01109992303742848 0.007377127546477737
leaf_weight=32.718790754675865 4.2038572840392581 3.4609942138195029 4.3734769485890856
leaf_count=396 47 15 37
internal_value=-0.000264266 -0.00345803 -0.00629361
internal_weight=44.7571 40.5533 37.0923
internal_count=495 448 433
is_linear=0
shrinkage=0.03


Tree=153
num_leaves=5
num_cat=0
split_feature=4 16 23 20
split_gain=2.08093 2.2718 1.98615 1.29413
threshold=1.0000000180025095e-35 0.14243350000000002 0.52579900000000002 0.26547050000000005
decision_type=10 8 8 8
left_child=1 3 -3 -1
right_child=-2 2 -4 -5
leaf_value=-0.01759032433494253 0.013634373167179768 0.010733759428907457 -0.0035180452420333595 0
leaf_weight=8.1964139211922848 5.4717888906598082 10.515654455870392 19.078924614936113 3.1869991682469854
leaf_count=91 54 62 262 29
internal_value=0 -0.00260294 0.0011474 -0.0126445
internal_weight=46.4498 40.978 29.5946 11.3834
internal_count=498 444 324 120
is_linear=0
shrinkage=0.03


Tree=154
num_leaves=5
num_cat=0
split_feature=3 2 2 25
split_gain=1.06677 1.35983 2.83935 1.1558
threshold=1.0000000180025095e-35 0.32575750000000009 1.0000000180025095e-35 0.66803550000000012
decision_type=10 10 10 2
left_child=1 2 -1 -3
right_child=-2 3 -4 -5
leaf_value=-0.0029617189946058099 0.010997160351348576 0 0.015748367167440828 -0.015264259992833
leaf_weight=26.152719166129827 3.9325669668614855 4.0995423179119808 6.3847894594073287 7.1199076361954212
leaf_count=310 44 57 28 57
internal_value=0 -0.00161323 0.000885063 -0.00962644
internal_weight=47.6895 43.757 32.5375 11.2194
internal_count=496 452 338 114
is_linear=0
shrinkage=0.03


Tree=155
num_leaves=5
num_cat=0
split_feature=3 2 2 17
split_gain=1.28598 2.0832 3.85108 0.966614
threshold=1.0000000180025095e-35 0.32575750000000009 1.0000000180025095e-35 0.34720050000000008
decision_type=10 10 10 8
left_child=1 2 -1 -3
right_child=-2 3 -4 -5
leaf_value=-0.0038127094379684385 0.01179245944703039 -0.016375255781498368 0.017975840874282105 0
leaf_weight=23.514986770227555 4.1884108595550051 7.6127223148941967 6.709131993353366 1.5843104775995023
leaf_count=298 47 87 29 17
internal_value=0 -0.00192837 0.00130736 -0.0127277
internal_weight=43.6096 39.4212 30.2241 9.19703
internal_count=478 431 327 104
is_linear=0
shrinkage=0.03


Tree=156
num_leaves=5
num_cat=0
split_feature=3 2 2 9
split_gain=1.50367 2.20416 2.85916 1.86118
threshold=1.0000000180025095e-35 0.32575750000000009 1.0000000180025095e-35 8.0568855000000017
decision_type=10 10 10 10
left_child=1 2 -1 -3
right_child=-2 3 -4 -5
leaf_value=-0.0025084299850321578 0.012631056548985263 -0.017850442434912302 0.01618947885145797 0.002743371401968482
leaf_weight=25.401160439476374 4.5081781409680834 8.6250014510005695 6.4247421920299521 1.5662599503993977
leaf_count=303 51 101 30 7
internal_value=0 -0.00185807 0.00147417 -0.0125071
internal_weight=46.5253 42.0172 31.8259 10.1913
internal_count=492 441 333 108
is_linear=0
shrinkage=0.03


Tree=157
num_leaves=6
num_cat=0
split_feature=25 23 23 21 19
split_gain=1.87512 1.26348 2.71916 1.2848 0.109251
threshold=0.89108700000000007 0.24831400000000003 0.0067100000000000016 0.29816800000000004 0.022176000000000005
decision_type=2 10 10 8 8
left_child=1 2 -1 -3 -2
right_child=4 3 -4 -5 -6
leaf_value=-0.0062200122494433831 0 -0.016529150553732278 0.010305208490978298 0 0.012231827756778601
leaf_weight=21.648273125290871 1.1912801675498474 7.2006728686392281 11.064759217202662 1.8689069151878364 5.6515869945287704
leaf_count=337 11 53 60 9 52
internal_value=-0.000196755 -0.00331962 0 -0.0116234 0.0110236
internal_weight=48.6255 41.7826 32.713 9.06958 6.84287
internal_count=522 459 397 62 63
is_linear=0
shrinkage=0.03


end of trees

feature_importances:
reranker_score_gte_multilingual_reranker_base=98
embedding_cosine_gte_multilingual_base=79
shared_description_count_capped=68
shared_title_count_capped=58
profile_category_jaccard=56
max_category_share_percentile_gap_abs=52
repeated_title_share_percentile_gap_abs=46
shared_category_count_capped=44
description_length_median_percentile_gap_abs=41
item_count_percentile_gap_abs=38
repeated_description_share_percentile_gap_abs=36
title_length_median_percentile_gap_abs=29
shared_description_idf_mean=20
price_median_percentile_gap_abs=20
punct_ratio_mean_percentile_gap_abs=18
digit_ratio_mean_percentile_gap_abs=12
shared_description_idf_sum=7
shared_low_df_sentence_count=4
same_market_raw_bool=2
shared_title_idf_sum=2
shared_title_idf_mean=1
boilerplate_ratio_max=1

parameters:
[boosting: gbdt]
[objective: binary]
[metric: binary_logloss,auc]
[tree_learner: serial]
[device_type: cpu]
[data_sample_strategy: bagging]
[data: ]
[valid: ]
[num_iterations: 160]
[learning_rate: 0.03]
[num_leaves: 7]
[num_threads: 0]
[seed: 20260322]
[deterministic: 1]
[force_col_wise: 1]
[force_row_wise: 0]
[histogram_pool_size: -1]
[max_depth: 3]
[min_data_in_leaf: 10]
[min_sum_hessian_in_leaf: 0.001]
[bagging_fraction: 0.8]
[pos_bagging_fraction: 1]
[neg_bagging_fraction: 1]
[bagging_freq: 1]
[bagging_seed: 20260322]
[bagging_by_query: 0]
[feature_fraction: 0.6]
[feature_fraction_bynode: 1]
[feature_fraction_seed: 20260322]
[extra_trees: 0]
[extra_seed: 18836]
[early_stopping_round: 0]
[early_stopping_min_delta: 0]
[first_metric_only: 0]
[max_delta_step: 0]
[lambda_l1: 1]
[lambda_l2: 3]
[linear_lambda: 0]
[min_gain_to_split: 0.05]
[drop_rate: 0.1]
[max_drop: 50]
[skip_drop: 0.5]
[xgboost_dart_mode: 0]
[uniform_drop: 0]
[drop_seed: 22382]
[top_rate: 0.2]
[other_rate: 0.1]
[min_data_per_group: 100]
[max_cat_threshold: 32]
[cat_l2: 10]
[cat_smooth: 10]
[max_cat_to_onehot: 4]
[top_k: 20]
[monotone_constraints: ]
[monotone_constraints_method: basic]
[monotone_penalty: 0]
[feature_contri: ]
[forcedsplits_filename: ]
[refit_decay_rate: 0.9]
[cegb_tradeoff: 1]
[cegb_penalty_split: 0]
[cegb_penalty_feature_lazy: ]
[cegb_penalty_feature_coupled: ]
[path_smooth: 0]
[interaction_constraints: ]
[verbosity: -1]
[saved_feature_importance_type: 0]
[use_quantized_grad: 0]
[num_grad_quant_bins: 4]
[quant_train_renew_leaf: 0]
[stochastic_rounding: 1]
[linear_tree: 0]
[max_bin: 255]
[max_bin_by_feature: ]
[min_data_in_bin: 3]
[bin_construct_sample_cnt: 200000]
[data_random_seed: 20260322]
[is_enable_sparse: 1]
[enable_bundle: 1]
[use_missing: 1]
[zero_as_missing: 0]
[feature_pre_filter: 1]
[pre_partition: 0]
[two_round: 0]
[header: 0]
[label_column: ]
[weight_column: ]
[group_column: ]
[ignore_column: ]
[categorical_feature: ]
[forcedbins_filename: ]
[precise_float_parser: 0]
[parser_config_file: ]
[objective_seed: 31326]
[num_class: 1]
[is_unbalance: 0]
[scale_pos_weight: 1]
[sigmoid: 1]
[boost_from_average: 1]
[reg_sqrt: 0]
[alpha: 0.9]
[fair_c: 1]
[poisson_max_delta_step: 0.7]
[tweedie_variance_power: 1.5]
[lambdarank_truncation_level: 30]
[lambdarank_norm: 1]
[label_gain: ]
[lambdarank_position_bias_regularization: 0]
[eval_at: ]
[multi_error_top_k: 1]
[auc_mu_weights: ]
[num_machines: 1]
[local_listen_port: 12400]
[time_out: 120]
[machine_list_filename: ]
[machines: ]
[gpu_platform_id: -1]
[gpu_device_id: -1]
[gpu_use_dp: 0]
[num_gpu: 1]

end of parameters

pandas_categorical:null
