tree
version=v4
num_class=1
num_tree_per_iteration=1
label_index=0
max_feature_idx=25
objective=binary sigmoid:1
feature_names=same_market_raw_bool same_source_dataset_bool profile_category_jaccard shared_title_count_capped shared_description_count_capped shared_category_count_capped shared_title_idf_sum shared_description_idf_sum shared_title_idf_mean shared_description_idf_mean boilerplate_ratio_max boilerplate_ratio_gap_abs shared_boilerplate_count shared_low_df_sentence_count shared_rare_ngram_count item_count_percentile_gap_abs price_median_percentile_gap_abs title_length_median_percentile_gap_abs description_length_median_percentile_gap_abs digit_ratio_mean_percentile_gap_abs punct_ratio_mean_percentile_gap_abs repeated_title_share_percentile_gap_abs repeated_description_share_percentile_gap_abs max_category_share_percentile_gap_abs embedding_cosine_bge_m3 reranker_score_bge_reranker_v2_m3
feature_infos=[0:1] [0:1] [0:1] [0:5] [0:5] [0:5] [0:70.616864000000007] [0:79.443972000000002] [0:8.8271080000000008] [0:8.8271080000000008] [0:0.20000000000000001] [0:0.20000000000000001] [0:1] [0:9] [0:8] [0:0.70916299999999999] [0:0.96791400000000005] [0:0.92293000000000003] [0:0.88129299999999999] [0:0.87677300000000002] [0:0.92379500000000003] [0:0.78087600000000001] [0:0.625498] [0:0.98619599999999996] [0.75061999999999995:0.99048599999999998] [0.0015900000000000001:0.91584900000000002]
tree_sizes=677 676 575 682 567 568 663 570 852 862 681 663 685 580 654 855 662 578 571 842 579 679 581 652 579 651 685 579 781 661 863 583 725 660 568 835 577 662 667 654 566 774 772 883 657 653 580 663 885 831 666 859 852 662 872 867 585 759 726 851 685 569 682 650 767 865 651 747 874 743 629 740 665 867 762 840 764 828 886 643 665 873 869 727 652 778 883 713 671 665 762 826 641 760 874 769 719 747 681 683 671 662 739 644 809 748 860 580 750 653 653 869 847 642 855 682 863 749 849 868 656 662 848 870 681 843 659 745 859 659 865 894 665 655 655 667 578 750 747 872 748 757 813 882 652 665 671 726 581 689 569 730 653 685 761 849 751 844

Tree=0
num_leaves=5
num_cat=0
split_feature=3 22 24 5
split_gain=54.1764 45.5145 6.84227 0.618554
threshold=1.0000000180025095e-35 0.040069000000000007 0.85071050000000004 1.5000000000000002
decision_type=10 8 2 10
left_child=1 3 -3 -1
right_child=-2 2 -4 -5
leaf_value=-0.044870379023544238 0.045827143537383132 -0.015162330230061133 0.011932864688794566 -0.005681633098104601
leaf_weight=21.998319774866108 15.107364028692244 7.1234307438135138 36.004206500947475 3.1887154728174201
leaf_count=110 44 58 273 14
internal_value=-0.000174731 -0.0122683 0.00611211 -0.0421061
internal_weight=83.422 68.3147 43.1276 25.187
internal_count=499 455 331 124
is_linear=0
shrinkage=1


Tree=1
num_leaves=5
num_cat=0
split_feature=4 18 2 15
split_gain=65.8144 23.5759 5.50207 4.73878
threshold=1.0000000180025095e-35 0.12250800000000002 0.47222200000000009 0.17874250000000003
decision_type=10 8 10 10
left_child=1 3 -3 -1
right_child=-2 2 -4 -5
leaf_value=-0.041421636966078514 0.045791331649386986 0.0045736428036705435 -0.022786022447013547 -0.00092786369641684684
leaf_weight=20.592375755310062 18.096787601709366 35.793643124401569 4.9744763672351828 4.8223586678504935
leaf_count=102 53 301 24 20
internal_value=-0.000260327 -0.0147258 0 -0.0357031
internal_weight=84.2796 66.1829 40.7681 25.4147
internal_count=500 447 325 122
is_linear=0
shrinkage=0.03


Tree=2
num_leaves=4
num_cat=0
split_feature=4 23 25
split_gain=62.2653 43.2857 14.7525
threshold=1.0000000180025095e-35 0.0063255000000000013 0.46564500000000003
decision_type=10 8 2
left_child=1 -1 -3
right_child=-2 2 -4
leaf_value=-0.046832995968554184 0.045487407177061026 -0.0083698655149981645 0.024080576304851824
leaf_weight=18.978319838643074 19.471566408872604 29.972153544425964 16.96978323161602
leaf_count=97 57 246 101
internal_value=0.00189807 -0.0119616 0.0035023
internal_weight=85.3918 65.9203 46.9419
internal_count=501 444 347
is_linear=0
shrinkage=0.03


Tree=3
num_leaves=5
num_cat=0
split_feature=4 25 21 21
split_gain=65.8428 40.7588 13.5698 6.35049
threshold=1.0000000180025095e-35 0.46564500000000003 0.24561150000000001 0.0011505000000000003
decision_type=10 2 8 8
left_child=1 2 -1 -3
right_child=-2 3 -4 -5
leaf_value=-0.04301092629465772 0.044597197744717022 -0.0085983223759660641 -0.0074629240095170826 0.027334141361562255
leaf_weight=28.265021190047264 17.835613250732422 2.8319356888532665 19.499149031937122 14.632215723395346
leaf_count=141 52 13 204 94
internal_value=-0.00176172 -0.0162811 -0.0303885 0.0196351
internal_weight=83.0639 65.2283 47.7642 17.4642
internal_count=504 452 345 107
is_linear=0
shrinkage=0.03


Tree=4
num_leaves=4
num_cat=0
split_feature=3 23 2
split_gain=66.4457 34.5418 5.59888
threshold=1.0000000180025095e-35 0.0074560000000000008 0.32575750000000009
decision_type=10 8 8
left_child=1 -1 -3
right_child=-2 2 -4
leaf_value=-0.044161963546406967 0.045174287384330956 0.013518296826319097 -0.0071552220474994325
leaf_weight=20.978248000144958 18.627257689833641 15.57863701879978 29.108278296887875
leaf_count=107 54 57 282
internal_value=-0.00034964 -0.0151098 0
internal_weight=84.2924 65.6652 44.6869
internal_count=500 446 339
is_linear=0
shrinkage=0.03


Tree=5
num_leaves=4
num_cat=0
split_feature=4 23 25
split_gain=56.1997 35.4033 11.1088
threshold=1.0000000180025095e-35 0.0074560000000000008 0.32884150000000006
decision_type=10 8 2
left_child=1 -1 -3
right_child=-2 2 -4
leaf_value=-0.042987481077434719 0.042073792758750929 -0.010274140538073481 0.017397115506813561
leaf_weight=20.891642898321152 18.586941957473755 26.765226855874062 19.915062911808491
leaf_count=107 55 218 127
internal_value=0 -0.0132375 0.00126497
internal_weight=86.1589 67.5719 46.6803
internal_count=507 452 345
is_linear=0
shrinkage=0.03


Tree=6
num_leaves=5
num_cat=0
split_feature=4 21 25 25
split_gain=46.0854 33.7133 17.9546 1.49689
threshold=1.0000000180025095e-35 1.0000000180025095e-35 0.21718250000000003 0.57812600000000003
decision_type=10 8 2 2
left_child=1 3 -3 -1
right_child=-2 2 -4 -5
leaf_value=-0.042197351870665117 0.040094620018232677 -0.014233958469315411 0.020361166921434682 0
leaf_weight=20.06202203035355 16.772665411233902 23.979416526854038 23.559287957847118 1.8553551733493794
leaf_count=103 50 199 157 8
internal_value=-0.000171265 -0.0115664 0.00250806 -0.0399245
internal_weight=86.2287 69.4561 47.5387 21.9174
internal_count=517 467 356 111
is_linear=0
shrinkage=0.03


Tree=7
num_leaves=4
num_cat=0
split_feature=4 23 21
split_gain=50.0213 29.3191 11.2698
threshold=1.0000000180025095e-35 0.0074560000000000008 0.094693500000000014
decision_type=10 8 10
left_child=1 -1 -3
right_child=-2 2 -4
leaf_value=-0.040736512584962518 0.040165813796825552 -0.0078312301974655801 0.02300159705770231
leaf_weight=19.556628599762917 18.056189566850662 34.722025997936726 11.807067051529883
leaf_count=101 54 306 40
internal_value=0 -0.0126466 0.000306412
internal_weight=84.1419 66.0857 46.5291
internal_count=501 447 346
is_linear=0
shrinkage=0.03


Tree=8
num_leaves=7
num_cat=0
split_feature=25 7 18 2 24 18
split_gain=36.6827 12.3179 10.7498 6.65779 6.08338 0.24061
threshold=0.28363100000000002 8.0568855000000017 0.18885050000000003 0.32575750000000009 0.94896700000000012 0.030547500000000002
decision_type=2 10 8 10 2 10
left_child=1 2 -1 -2 -5 -3
right_child=3 5 -4 4 -6 -7
leaf_value=-0.03886630974761178 0.03071212959210113 0.018530368772343743 -0.0055087070367160198 -0.013412429040127297 0.022236097462310853 0
leaf_weight=18.523475915193558 23.081566989421844 3.2632875293493262 20.665120229125023 6.8834449350833875 4.479211762547493 2.8510280400514603
leaf_count=95 130 10 181 31 14 11
internal_value=0 -0.0172688 -0.0236297 0.0222936 0.000260918 0.0145673
internal_weight=79.7471 45.3029 39.1886 34.4442 11.3627 6.11432
internal_count=472 297 276 175 45 21
is_linear=0
shrinkage=0.03


Tree=9
num_leaves=7
num_cat=0
split_feature=25 9 21 18 24 15
split_gain=28.3152 13.0725 9.54439 9.37793 6.25659 2.21065
threshold=0.23185450000000005 8.419456000000002 1.0000000180025095e-35 0.31753750000000008 0.92023500000000003 0.012924500000000002
decision_type=2 10 8 10 2 8
left_child=1 3 4 -1 -2 -4
right_child=2 -3 5 -5 -6 -7
leaf_value=-0.031275742761142013 -0.025267394352542581 0.017177162656444547 0 0.0035437499007114248 0.012419096665880733 0.025414068375315593
leaf_weight=31.2249566167593 5.1252091825008375 4.8562466651201239 1.6518649607896829 6.1651560813188544 4.0202781111001968 28.02039135992527
leaf_count=245 26 16 7 24 14 168
internal_value=-0.00194198 -0.018631 0.0155373 -0.0249549 -0.00725515 0.0235016
internal_weight=81.0641 42.2464 38.8177 37.3901 9.14549 29.6723
internal_count=500 285 215 269 40 175
is_linear=0
shrinkage=0.03


Tree=10
num_leaves=5
num_cat=0
split_feature=4 5 15 25
split_gain=44.2523 24.1161 10.4847 9.52209
threshold=1.0000000180025095e-35 1.5000000000000002 0.26369350000000008 0.46564500000000003
decision_type=10 8 10 2
left_child=1 2 -1 -3
right_child=-2 3 -4 -5
leaf_value=-0.036176172916766988 0.040121096126294178 -0.0048077702274149075 0.00043925702002226501 0.024223376615051535
leaf_weight=23.810880064964298 18.33651702105999 20.328694842755795 7.2958583384752265 14.011121608316897
leaf_count=121 55 209 29 91
internal_value=0.00219582 -0.00928439 -0.0274254 0.00722842
internal_weight=83.7831 65.4466 31.1067 34.3398
internal_count=505 450 150 300
is_linear=0
shrinkage=0.03


Tree=11
num_leaves=5
num_cat=0
split_feature=3 21 25 24
split_gain=41.0353 23.0685 11.6824 0.894728
threshold=1.0000000180025095e-35 1.0000000180025095e-35 0.46564500000000003 0.96162150000000013
decision_type=10 8 2 2
left_child=1 3 -3 -1
right_child=-2 2 -4 -5
leaf_value=-0.034454648140426425 0.039082450729363921 -0.0068438941194779767 0.023695333365986691 0
leaf_weight=20.098550841212276 17.201925724744797 31.046898908913136 13.498961687088011 1.79552662372589
leaf_count=103 52 256 86 8
internal_value=0.00119448 -0.00944772 0.00269077 -0.0326979
internal_weight=83.6419 66.4399 44.5459 21.8941
internal_count=505 453 342 111
is_linear=0
shrinkage=0.03


Tree=12
num_leaves=5
num_cat=0
split_feature=4 5 25 21
split_gain=41.0802 27.8425 9.15883 6.73575
threshold=1.0000000180025095e-35 1.5000000000000002 0.32592300000000002 0.094693500000000014
decision_type=10 8 2 10
left_child=1 3 -3 -1
right_child=-2 2 -4 -5
leaf_value=-0.037450559177713415 0.036910363213020707 -0.0081272514770353681 0.019766679036488884 -0.0002272435446207321
leaf_weight=25.294788762927055 16.910486936569214 16.953863106667995 18.152002394199371 7.1687074899673453
leaf_count=131 52 183 117 30
internal_value=-0.000813083 -0.0118469 0.00592913 -0.0307913
internal_weight=84.4798 67.5694 35.1059 32.4635
internal_count=513 461 300 161
is_linear=0
shrinkage=0.03


Tree=13
num_leaves=4
num_cat=0
split_feature=3 23 25
split_gain=36.3179 23.8851 9.30268
threshold=1.0000000180025095e-35 0.0074560000000000008 0.43150050000000006
decision_type=10 8 2
left_child=1 -1 -3
right_child=-2 2 -4
leaf_value=-0.036070086542133166 0.036647749111988856 -0.0082576521063894136 0.018051872093810071
leaf_weight=19.783777043223381 15.26351824402809 29.593281291425228 15.99299283325672
leaf_count=105 47 242 104
internal_value=-0.000583269 -0.0109419 0.000899742
internal_weight=80.6336 65.3701 45.5863
internal_count=498 451 346
is_linear=0
shrinkage=0.03


Tree=14
num_leaves=5
num_cat=0
split_feature=4 18 2 15
split_gain=35.9104 24.329 6.75 4.88737
threshold=1.0000000180025095e-35 0.12250800000000002 0.32575750000000009 0.17874250000000003
decision_type=10 8 8 10
left_child=1 3 -3 -1
right_child=-2 2 -4 -5
leaf_value=-0.037607324802676846 0.036658020479590811 0.020026510960925836 -0.0028494530144446816 0
leaf_weight=17.949649766087536 17.994815364480019 14.400170758366583 28.180867783725262 5.4575169980525962
leaf_count=96 56 51 281 23
internal_value=0.00210375 -0.0080686 0.00503754 -0.0309103
internal_weight=83.983 65.9882 42.581 23.4072
internal_count=507 451 332 119
is_linear=0
shrinkage=0.03


Tree=15
num_leaves=7
num_cat=0
split_feature=25 21 9 21 7 15
split_gain=27.1421 15.2664 9.06467 8.86466 3.21525 1.37307
threshold=0.28363100000000002 0.029932000000000004 8.2542165000000018 1.0000000180025095e-35 12.393364000000002 0.14874200000000001
decision_type=2 10 8 8 10 8
left_child=1 2 -1 4 -2 -3
right_child=3 5 -4 -5 -6 -7
leaf_value=-0.038573354929617339 -0.017937441476869029 0.01565233971911692 -0.0046427715685374944 0.026471812249907353 0.010352324948488218 0
leaf_weight=17.492116138339043 4.9823855906724921 8.120483905076977 15.720132924616335 27.882116004824638 2.6550207883119583 5.2700679898262033
leaf_count=95 25 29 172 154 9 22
internal_value=0 -0.0145386 -0.0250568 0.0190258 -0.00513668 0.00953033
internal_weight=82.1223 46.6028 33.2122 35.5195 7.63741 13.3906
internal_count=506 318 267 188 34 51
is_linear=0
shrinkage=0.03


Tree=16
num_leaves=5
num_cat=0
split_feature=3 15 18 16
split_gain=37.2668 13.754 6.40566 1.24813
threshold=1.0000000180025095e-35 0.022550500000000005 0.29966750000000003 0.29371450000000004
decision_type=10 8 10 10
left_child=1 3 -3 -1
right_child=-2 2 -4 -5
leaf_value=-0.033525640864755527 0.036564704895106069 -0.0064962181133028001 0.017795179596377941 0
leaf_weight=14.817412301898004 17.211288556456566 39.327093474566936 9.5913165658712369 2.6838964521884909
leaf_count=81 54 332 34 12
internal_value=0.000410893 -0.00970076 -0.00040258 -0.030365
internal_weight=83.631 66.4197 48.9184 17.5013
internal_count=513 459 366 93
is_linear=0
shrinkage=0.03


Tree=17
num_leaves=4
num_cat=0
split_feature=4 23 25
split_gain=32.8504 30.5059 8.56135
threshold=1.0000000180025095e-35 0.0097775000000000015 0.64679950000000008
decision_type=10 8 2
left_child=1 -1 -3
right_child=-2 2 -4
leaf_value=-0.037648405828237252 0.035081220709422392 -0.001714974440394277 0.026516119139601724
leaf_weight=18.963632255792618 17.281840682029724 36.355674184858799 9.3332683295011503
leaf_count=105 55 284 50
internal_value=0.00134401 -0.00838637 0.00471434
internal_weight=81.9344 64.6526 45.6889
internal_count=494 439 334
is_linear=0
shrinkage=0.03


Tree=18
num_leaves=4
num_cat=0
split_feature=3 22 18
split_gain=31.1348 24.8682 6.64389
threshold=1.0000000180025095e-35 0.040069000000000007 0.29966750000000003
decision_type=10 8 10
left_child=1 -1 -3
right_child=-2 2 -4
leaf_value=-0.031854346427601349 0.035592983402520692 -0.00090493539335098584 0.025693370537500215
leaf_weight=23.559413999319077 14.810783371329306 35.290783129632473 7.3571176975965491
leaf_count=125 47 309 24
internal_value=0 -0.00888019 0.00441332
internal_weight=81.0181 66.2073 42.6479
internal_count=505 458 333
is_linear=0
shrinkage=0.03


Tree=19
num_leaves=7
num_cat=0
split_feature=21 6 23 7 23 7
split_gain=26.7764 14.0379 10.9121 3.60857 2.74222 0.385677
threshold=1.0000000180025095e-35 12.851545000000003 0.0063255000000000013 1.0000000180025095e-35 0.50185950000000012 8.4887085000000031
decision_type=8 10 10 8 10 10
left_child=1 5 3 -2 -4 -1
right_child=2 -3 4 -5 -6 -7
leaf_value=-0.034444553359058334 -0.022226774777657488 0.018182071481483968 0.026076321304231615 0.0022717588062174622 0 0
leaf_weight=20.276348903775222 3.5205501765012768 3.1288279294967642 25.853752687573436 22.879729732871056 3.8889519125223151 1.804252803325652
leaf_count=112 19 10 89 245 16 8
internal_value=0 -0.0243023 0.0112145 -0.00190945 0.0228875 -0.0329733
internal_weight=81.3524 25.2094 56.143 26.4003 29.7427 22.0806
internal_count=499 130 369 264 105 120
is_linear=0
shrinkage=0.03


Tree=20
num_leaves=4
num_cat=0
split_feature=3 23 25
split_gain=27.1949 19.0251 7.52076
threshold=1.0000000180025095e-35 0.0074560000000000008 0.46564500000000003
decision_type=10 8 2
left_child=1 -1 -3
right_child=-2 2 -4
leaf_value=-0.031920961302811794 0.033618437417352931 -0.0058259944692377668 0.017403506353327883
leaf_weight=17.668880939483643 15.027112916111944 31.998116821050644 16.040065534412861
leaf_count=99 49 256 98
internal_value=0.000522342 -0.00774746 0.00190965
internal_weight=80.7342 65.7071 48.0382
internal_count=502 453 354
is_linear=0
shrinkage=0.03


Tree=21
num_leaves=5
num_cat=0
split_feature=3 21 2 16
split_gain=33.695 18.3014 5.3106 2.34202
threshold=1.0000000180025095e-35 0.094693500000000014 0.25833350000000005 0.23672500000000002
decision_type=10 8 8 10
left_child=1 3 -3 -1
right_child=-2 2 -4 -5
leaf_value=-0.031983979302559515 0.033876194023425669 0.017255300056576363 -0.004782256942816844 -0.0037028215488286
leaf_weight=22.982349172234539 16.104835748672485 12.254154473543165 22.208052657544613 6.7197084575891486
leaf_count=124 53 44 255 31
internal_value=-0.000926472 -0.0112314 0.00300739 -0.0274297
internal_weight=80.2691 64.1643 34.4622 29.7021
internal_count=507 454 299 155
is_linear=0
shrinkage=0.03


Tree=22
num_leaves=4
num_cat=0
split_feature=4 23 25
split_gain=26.9375 19.4689 9.06027
threshold=1.0000000180025095e-35 0.0074560000000000008 0.47762700000000008
decision_type=10 8 2
left_child=1 -1 -3
right_child=-2 2 -4
leaf_value=-0.033216324880062972 0.03266999528536868 -0.0077063477468578946 0.018192223729152305
leaf_weight=17.925138503313065 14.456676870584486 30.861556306481361 15.711207978427408
leaf_count=103 48 259 94
internal_value=-0.000186653 -0.00912038 0.000997515
internal_weight=78.9546 64.4979 46.5728
internal_count=504 456 353
is_linear=0
shrinkage=0.03


Tree=23
num_leaves=5
num_cat=0
split_feature=3 21 25 24
split_gain=26.7101 19.1057 10.631 2.10399
threshold=1.0000000180025095e-35 0.0011505000000000003 0.21718250000000003 0.95694350000000006
decision_type=10 8 2 2
left_child=1 3 -3 -1
right_child=-2 2 -4 -5
leaf_value=-0.035384582239116259 0.032466119190403118 -0.011260335197707827 0.015852656926495953 0
leaf_weight=16.292699038982395 14.873056143522261 23.047315418720245 22.459641069173813 2.9645642787218085
leaf_count=94 50 191 151 15
internal_value=0 -0.00875998 0.00165546 -0.0316263
internal_weight=79.6373 64.7642 45.507 19.2573
internal_count=501 451 342 109
is_linear=0
shrinkage=0.03


Tree=24
num_leaves=4
num_cat=0
split_feature=4 23 21
split_gain=26.0032 18.5544 5.70674
threshold=1.0000000180025095e-35 0.0074560000000000008 0.094693500000000014
decision_type=10 8 10
left_child=1 -1 -3
right_child=-2 2 -4
leaf_value=-0.032160685385296255 0.031602628756796466 -0.0037799500443435451 0.018810324611725195
leaf_weight=17.50349497795105 15.79641869664192 34.939376145601273 10.334552332758902
leaf_count=103 54 308 36
internal_value=0.00014745 -0.00839176 0.00160373
internal_weight=78.5738 62.7774 45.2739
internal_count=501 447 344
is_linear=0
shrinkage=0.03


Tree=25
num_leaves=5
num_cat=0
split_feature=3 22 25 25
split_gain=26.779 19.8148 8.81929 3.71403
threshold=1.0000000180025095e-35 0.041865000000000006 0.43150050000000006 0.65401100000000012
decision_type=10 8 2 2
left_child=1 3 -3 -1
right_child=-2 2 -4 -5
leaf_value=-0.034544666654739743 0.032892592483285743 -0.0059147604606058415 0.020446768888957492 0
leaf_weight=18.403411641716961 14.873103603720663 28.767236448824406 14.28008548170328 2.6575484275817862
leaf_count=107 51 243 97 11
internal_value=0 -0.00842536 0.00294102 -0.0303744
internal_weight=78.9814 64.1083 43.0473 21.061
internal_count=509 458 340 118
is_linear=0
shrinkage=0.03


Tree=26
num_leaves=5
num_cat=0
split_feature=4 21 25 16
split_gain=25.6529 17.6282 10.7382 4.06121
threshold=1.0000000180025095e-35 0.094693500000000014 0.21718250000000003 0.18622950000000002
decision_type=10 8 2 10
left_child=1 3 -3 -1
right_child=-2 2 -4 -5
leaf_value=-0.033758288616378751 0.031492550028899509 -0.0098082723900292327 0.021251851921837289 -0.0023095349963691016
leaf_weight=18.349024996161464 14.686482846736906 17.893622495234013 15.4544730335474 7.6442460566759101
leaf_count=106 51 169 119 36
internal_value=-1.34493e-05 -0.0094324 0.00432654 -0.0267403
internal_weight=74.0278 59.3414 33.3481 25.9933
internal_count=481 430 288 142
is_linear=0
shrinkage=0.03


Tree=27
num_leaves=4
num_cat=0
split_feature=4 23 18
split_gain=23.2767 19.9582 5.55753
threshold=1.0000000180025095e-35 0.0074560000000000008 0.12250800000000002
decision_type=10 8 10
left_child=1 -1 -3
right_child=-2 2 -4
leaf_value=-0.032900812671790611 0.030540044602023593 -0.004341195076963014 0.015535918202944952
leaf_weight=16.935040757060051 15.319518372416495 32.12645435333252 16.012642502784729
leaf_count=104 54 303 59
internal_value=0.000197712 -0.00753577 0.00220747
internal_weight=80.3937 65.0741 48.1391
internal_count=520 466 362
is_linear=0
shrinkage=0.03


Tree=28
num_leaves=6
num_cat=0
split_feature=23 7 23 25 2
split_gain=17.4179 12.0379 10.5638 3.92465 2.39806
threshold=0.0063255000000000013 8.0568855000000017 0.50185950000000012 0.28791650000000008 0.32575750000000009
decision_type=8 10 8 2 10
left_child=1 -1 4 -4 -2
right_child=2 -3 3 -5 -6
leaf_value=-0.032230693597340584 0.026854629329190575 0.01274023166849113 -0.011601229368775869 0.0085495662617603215 0.0018323225552304189
leaf_weight=16.480249285697941 19.835447609424595 4.4140703231096259 17.341767676174644 11.068147733807562 7.8082909733057013
leaf_count=103 69 17 184 98 32
internal_value=0.000174161 -0.021068 0.00926833 -0.00272885 0.0216371
internal_weight=76.948 20.8943 56.0537 28.4099 27.6437
internal_count=503 120 383 282 101
is_linear=0
shrinkage=0.03


Tree=29
num_leaves=5
num_cat=0
split_feature=4 25 21 25
split_gain=24.4462 19.3551 11.5219 0.785705
threshold=1.0000000180025095e-35 0.64679950000000008 0.094693500000000014 0.71528900000000017
decision_type=10 2 8 2
left_child=1 2 -1 -3
right_child=-2 3 -4 -5
leaf_value=-0.031025126079953023 0.030652750971211468 0 -0.0021481827538387802 0.027694498434605284
leaf_weight=24.003870621323586 14.540298417210577 2.5680669546127302 28.49035981297493 7.2915025800466537
leaf_count=138 52 16 263 37
internal_value=-0.000422968 -0.009203 -0.0168566 0.0236396
internal_weight=76.8941 62.3538 52.4942 9.85957
internal_count=506 454 401 53
is_linear=0
shrinkage=0.03


Tree=30
num_leaves=7
num_cat=0
split_feature=25 22 24 20 7 22
split_gain=15.6119 8.30215 5.56342 2.93737 2.5892 1.96441
threshold=0.30386950000000007 0.040069000000000007 0.84716150000000001 0.45322100000000004 7.7873875000000004 0.008709500000000002
decision_type=2 10 2 10 8 8
left_child=1 4 -2 -3 -1 -4
right_child=2 3 5 -5 -6 -7
leaf_value=-0.029350803584453918 -0.012820276127770957 0.012371208496742806 0 -0.012753899590005391 -0.0061758892896518914 0.024738366298071485
leaf_weight=12.01454731822014 1.8738863021135355 13.032820165157316 5.7293639034032848 1.9507578462362278 14.936309412121771 22.665974006056786
leaf_count=76 15 51 26 11 172 133
internal_value=0.00123388 -0.00993131 0.0171044 0.00585 -0.0194139 0.0210711
internal_weight=72.2037 41.9344 30.2692 14.9836 26.9509 28.3953
internal_count=484 310 174 62 248 159
is_linear=0
shrinkage=0.03


Tree=31
num_leaves=4
num_cat=0
split_feature=3 23 21
split_gain=23.0106 14.7179 6.68396
threshold=1.0000000180025095e-35 0.0074560000000000008 0.094693500000000014
decision_type=10 8 10
left_child=1 -1 -3
right_child=-2 2 -4
leaf_value=-0.029843670001776797 0.030378831091035223 -0.0052552364418511702 0.019253574396623917
leaf_weight=16.424211442470551 15.011255785822867 33.486662402749062 10.601551741361616
leaf_count=105 55 297 37
internal_value=9.68318e-05 -0.00802295 0.000852282
internal_weight=75.5237 60.5124 44.0882
internal_count=494 439 334
is_linear=0
shrinkage=0.03


Tree=32
num_leaves=6
num_cat=0
split_feature=25 4 21 24 22
split_gain=21.7258 17.8796 3.45892 2.82998 1.30383
threshold=0.46564500000000003 1.0000000180025095e-35 0.094693500000000014 0.85071050000000004 0.0013980000000000002
decision_type=2 10 10 2 8
left_child=1 2 -1 -2 -5
right_child=3 -3 -4 4 -6
leaf_value=-0.021872488644388594 0 0.024778733017204905 0 0 0.028110644157787835
leaf_weight=35.906068913638592 2.022741466760638 7.3986548632383338 6.9558295011520377 3.0263180881738689 19.133104465901852
leaf_count=315 13 27 29 14 102
internal_value=0.000339979 -0.010429 -0.0183839 0.0225068 0.025466
internal_weight=74.4427 50.2606 42.8619 24.1822 22.1594
internal_count=500 371 344 129 116
is_linear=0
shrinkage=0.03


Tree=33
num_leaves=5
num_cat=0
split_feature=3 22 18 5
split_gain=15.7973 18.2507 6.46065 2.0816
threshold=1.0000000180025095e-35 0.040069000000000007 0.12250800000000002 4.5000000000000009
decision_type=10 8 10 10
left_child=1 3 -3 -1
right_child=-2 2 -4 -5
leaf_value=-0.028875536194749148 0.029511864423205005 -0.00099010238836709031 0.021516779545299965 0
leaf_weight=18.276111036539081 12.148792847990988 30.231252409517765 13.367722690105436 1.9221488684415806
leaf_count=114 45 294 48 8
internal_value=0.00164233 -0.00430278 0.00620783 -0.0261525
internal_weight=75.946 63.7972 43.599 20.1983
internal_count=509 464 342 122
is_linear=0
shrinkage=0.03


Tree=34
num_leaves=4
num_cat=0
split_feature=4 23 18
split_gain=23.507 11.713 3.38803
threshold=1.0000000180025095e-35 0.0074560000000000008 0.12250800000000002
decision_type=10 8 10
left_child=1 -1 -3
right_child=-2 2 -4
leaf_value=-0.02814304557301487 0.030224694346841444 -0.0052426597621342552 0.011169553170910503
leaf_weight=15.518858104944227 15.648406982421873 31.356561988592148 13.871880561113356
leaf_count=103 59 302 53
internal_value=0.00026194 -0.00804498 0
internal_weight=76.3957 60.7473 45.2284
internal_count=517 458 355
is_linear=0
shrinkage=0.03


Tree=35
num_leaves=7
num_cat=0
split_feature=22 3 25 3 25 24
split_gain=13.4866 7.9504 6.31724 4.62485 1.01573 0.435071
threshold=0.008709500000000002 1.0000000180025095e-35 0.43902250000000004 1.5000000000000002 0.55550100000000013 0.88447350000000013
decision_type=8 10 2 10 2 2
left_child=1 4 3 -2 -1 -4
right_child=2 -3 5 -5 -6 -7
leaf_value=-0.031640975969905914 -0.0042191408501362094 0.012520395115830227 0 0.021105524622387895 0 0.023192534513205996
leaf_weight=12.68467763066292 31.907151125371456 2.4017626345157614 2.4038326814770725 4.9493410587310782 1.7491412758827198 15.106672815978525
leaf_count=87 254 9 17 19 8 91
internal_value=0.000245785 -0.0206764 0.00799008 0 -0.0291251 0.0213486
internal_weight=71.2026 16.8356 54.367 36.8565 14.4338 17.5105
internal_count=485 104 381 273 95 108
is_linear=0
shrinkage=0.03


Tree=36
num_leaves=4
num_cat=0
split_feature=4 23 25
split_gain=19.981 14.5467 7.67157
threshold=1.0000000180025095e-35 0.0074560000000000008 0.51373150000000012
decision_type=10 8 2
left_child=1 -1 -3
right_child=-2 2 -4
leaf_value=-0.029827895011151531 0.029345881991511991 -0.0065129816850316548 0.017100031168194339
leaf_weight=15.067076206207274 14.350867465138434 32.390990227460861 15.715092517435549
leaf_count=103 55 272 95
internal_value=0.000370094 -0.0067909 0.00116479
internal_weight=77.524 63.1732 48.1061
internal_count=525 470 367
is_linear=0
shrinkage=0.03


Tree=37
num_leaves=5
num_cat=0
split_feature=3 22 25 24
split_gain=18.073 11.0611 6.46669 1.17565
threshold=1.0000000180025095e-35 0.040069000000000007 0.21718250000000003 0.96077350000000006
decision_type=10 8 2 2
left_child=1 3 -3 -1
right_child=-2 2 -4 -5
leaf_value=-0.026992359650995435 0.02773147357464336 -0.0092526086297099706 0.012596841031498969 0
leaf_weight=17.419068515300754 13.122943416237829 22.694905042648315 19.872170381247997 1.4736295342445362
leaf_count=110 52 201 148 8
internal_value=-0.000290616 -0.0077515 0.000447081 -0.025124
internal_weight=74.5827 61.4598 42.5671 18.8927
internal_count=519 467 349 118
is_linear=0
shrinkage=0.03


Tree=38
num_leaves=5
num_cat=0
split_feature=4 21 18 16
split_gain=16.0259 12.7862 9.31693 0.913593
threshold=1.0000000180025095e-35 1.0000000180025095e-35 0.15452400000000002 0.44553150000000002
decision_type=10 8 10 10
left_child=1 3 -3 -1
right_child=-2 2 -4 -5
leaf_value=-0.027981801813441867 0.027339268562570782 -0.0049127359213068387 0.023506451534962922 0
leaf_weight=14.497835457324983 14.088095411658285 31.667438119649887 11.414871916174887 2.1830482184886923
leaf_count=98 56 298 40 12
internal_value=0.00133066 -0.00533613 0.00300615 -0.0255803
internal_weight=73.8513 59.7632 43.0823 16.6809
internal_count=504 448 338 110
is_linear=0
shrinkage=0.03


Tree=39
num_leaves=5
num_cat=0
split_feature=3 22 2 25
split_gain=13.5325 15.5779 5.98723 1.85473
threshold=1.5000000000000002 0.040069000000000007 0.2950310000000001 0.65401100000000012
decision_type=10 8 8 2
left_child=1 3 -3 -1
right_child=-2 2 -4 -5
leaf_value=-0.028410669207731866 0.027522388168903917 0.01910166969430354 -0.0033318288427240323 0
leaf_weight=18.3680803924799 9.8552345484495145 13.34952202439308 24.621728755533695 2.4057073742151251
leaf_count=122 40 49 254 10
internal_value=-6.27057e-05 -0.00628871 0.00464404 -0.0255983
internal_weight=68.6003 58.745 37.9713 20.7738
internal_count=475 435 303 132
is_linear=0
shrinkage=0.03


Tree=40
num_leaves=4
num_cat=0
split_feature=4 21 18
split_gain=15.0916 14.285 4.77251
threshold=1.0000000180025095e-35 0.0011505000000000003 0.12250800000000002
decision_type=10 8 10
left_child=1 -1 -3
right_child=-2 2 -4
leaf_value=-0.028576242464011633 0.026049400361038717 -0.0036345365694749072 0.016166495287577711
leaf_weight=15.651431724429129 13.174016609787939 30.011188134551048 12.657373875379561
leaf_count=108 54 294 47
internal_value=0 -0.0065206 0.00225854
internal_weight=71.494 58.32 42.6686
internal_count=503 449 341
is_linear=0
shrinkage=0.03


Tree=41
num_leaves=6
num_cat=0
split_feature=25 3 18 24 19
split_gain=13.4652 9.31985 5.55958 2.33324 0.237136
threshold=0.46564500000000003 1.5000000000000002 0.29966750000000003 0.85071050000000004 0.052057000000000006
decision_type=2 10 8 2 8
left_child=1 2 -1 -2 -5
right_child=3 -3 -4 4 -6
leaf_value=-0.023908459451123652 -0.0007938935096829696 0.020469084987134512 -0.0012857978387251288 0.0032692448059245213 0.024139623259337516
leaf_weight=21.30803320556879 2.0240943580865887 5.0479855984449378 22.027583740651608 5.3344728797674206 14.886915206909178
leaf_count=130 14 21 215 23 93
internal_value=0 -0.00873067 -0.0138845 0.0180247 0.0210595
internal_weight=70.6291 48.3836 43.3356 22.2455 20.2214
internal_count=496 366 345 130 116
is_linear=0
shrinkage=0.03


Tree=42
num_leaves=6
num_cat=0
split_feature=23 21 13 23 15
split_gain=12.2218 8.39597 5.7329 1.96079 1.09518
threshold=0.0014810000000000001 0.088283500000000015 1.0000000180025095e-35 0.50185950000000012 0.051011500000000008
decision_type=8 10 10 10 10
left_child=2 3 -1 -2 -3
right_child=1 4 -4 -5 -6
leaf_value=-0.028194874564232204 0.0022081164053188019 0 0.0038922504868516513 -0.014188591561599512 0.028003477722628282
leaf_weight=13.827203899621965 33.100975908339024 2.558164417743682 4.0590663999319068 4.8921623080968848 11.304576054215429
leaf_count=101 295 11 19 26 40
internal_value=-5.29498e-05 0.006984 -0.0199636 -5.52168e-05 0.0246328
internal_weight=69.7421 51.8559 17.8863 37.9931 13.8627
internal_count=492 372 120 321 51
is_linear=0
shrinkage=0.03


Tree=43
num_leaves=7
num_cat=0
split_feature=25 4 22 18 3 19
split_gain=13.823 5.97308 3.10531 2.75946 2.63386 1.01118
threshold=0.23185450000000005 1.0000000180025095e-35 0.069052000000000016 0.29966750000000003 1.0000000180025095e-35 0.011580000000000002
decision_type=2 10 8 8 10 10
left_child=1 3 4 -1 -2 -4
right_child=2 -3 5 -5 -6 -7
leaf_value=-0.026457594846440037 -0.0081928313730810793 0.011777974230709748 0.0052903370134674129 -0.0050893826483783614 0.015709867176672009 0.025176551059867169
leaf_weight=15.4798780977726 8.9498661607503873 4.0350163429975501 10.749630555510523 16.293111495673656 3.3548326194286338 11.527877330780028
leaf_count=103 47 17 109 171 14 44
internal_value=-5.22215e-05 -0.0129938 0.0125174 -0.0177472 0 0.0185343
internal_weight=70.3902 35.808 34.5822 31.773 12.3047 22.2775
internal_count=505 291 214 274 61 153
is_linear=0
shrinkage=0.03


Tree=44
num_leaves=5
num_cat=0
split_feature=3 25 24 21
split_gain=12.1395 7.99887 3.26935 3.01144
threshold=1.0000000180025095e-35 0.46564500000000003 0.91989850000000006 0.30858750000000007
decision_type=10 2 2 10
left_child=1 3 -3 -1
right_child=-2 2 -4 -5
leaf_value=-0.014662800148354929 0.025454385032311653 0 0.021818794065416213 0.006388840078070555
leaf_weight=39.657126478850842 11.329444512724875 9.0428696274757403 7.6464434862136832 3.2701090723276129
leaf_count=337 48 61 48 12
internal_value=0.000188317 -0.0051236 0.010391 -0.0120934
internal_weight=70.946 59.6165 16.6893 42.9272
internal_count=506 458 109 349
is_linear=0
shrinkage=0.03


Tree=45
num_leaves=5
num_cat=0
split_feature=3 23 25 24
split_gain=14.0817 10.543 4.70819 0.152278
threshold=1.0000000180025095e-35 0.0074560000000000008 0.64679950000000008 0.9610200000000001
decision_type=10 8 2 2
left_child=1 3 -3 -1
right_child=-2 2 -4 -5
leaf_value=-0.028188265989019547 0.025929246012519298 -0.0047787471923915453 0.01788640990050978 0
leaf_weight=14.067533284425734 10.277436107397078 35.341074235737324 7.5081382840871802 1.1971655637025822
leaf_count=105 44 305 48 8
internal_value=-0.00162717 -0.00802501 0 -0.0271108
internal_weight=68.3913 58.1139 42.8492 15.2647
internal_count=510 466 353 113
is_linear=0
shrinkage=0.03


Tree=46
num_leaves=4
num_cat=0
split_feature=4 23 21
split_gain=11.2061 11.9303 4.55111
threshold=1.0000000180025095e-35 0.0063255000000000013 0.094693500000000014
decision_type=10 8 10
left_child=1 -1 -3
right_child=-2 2 -4
leaf_value=-0.027292044049585372 0.024339406547079695 -0.0028614586271598534 0.016542578591990539
leaf_weight=13.034305080771444 11.59363406896591 33.810599073767662 11.756576657295225
leaf_count=99 50 311 43
internal_value=0.000360287 -0.00485101 0.00223978
internal_weight=70.1951 58.6015 45.5672
internal_count=503 453 354
is_linear=0
shrinkage=0.03


Tree=47
num_leaves=5
num_cat=0
split_feature=4 22 25 25
split_gain=13.1323 9.73476 6.54461 2.42805
threshold=1.0000000180025095e-35 0.040069000000000007 0.16991550000000002 0.65401100000000012
decision_type=10 8 2 2
left_child=1 3 -3 -1
right_child=-2 2 -4 -5
leaf_value=-0.027077997637934791 0.024427096091896451 -0.010688890806031179 0.01154989566388072 0
leaf_weight=15.761261619627478 12.055948242545126 18.608232297003269 22.891591317951679 1.8354445993900288
leaf_count=114 53 170 174 8
internal_value=-0.000301157 -0.00676535 0.00085567 -0.0237019
internal_weight=71.1525 59.0965 41.4998 17.5967
internal_count=519 466 344 122
is_linear=0
shrinkage=0.03


Tree=48
num_leaves=7
num_cat=0
split_feature=25 23 21 9 23 4
split_gain=11.6871 8.40993 6.57927 2.5584 2.25408 1.44176
threshold=0.21718250000000003 0.0097775000000000015 0.0011505000000000003 8.4592630000000018 0.15473250000000002 1.0000000180025095e-35
decision_type=2 10 8 10 8 8
left_child=1 3 5 -1 -3 -2
right_child=2 4 -4 -5 -6 -7
leaf_value=-0.023013128156860456 -0.012555029792108803 0.018965393041324091 0.021223878727255351 0.0014821885628808135 -0.0006524567962856 0.0054501457036118016
leaf_weight=19.690422147512439 6.1696725487709019 5.2298905402421925 27.015028387308121 1.5431250482797612 7.03890284895897 2.0313847959041604
leaf_count=210 39 19 169 7 32 9
internal_value=0.00255751 -0.00920244 0.0143744 -0.0200319 0.00782859 -0.00515163
internal_weight=68.7184 33.5023 35.2161 21.2335 12.2688 8.20106
internal_count=485 268 217 217 51 48
is_linear=0
shrinkage=0.03


Tree=49
num_leaves=7
num_cat=0
split_feature=25 4 21 21 19 19
split_gain=10.5694 7.4786 4.25777 1.43876 0.626106 0.322582
threshold=0.46564500000000003 1.0000000180025095e-35 0.24561150000000001 0.0011505000000000003 0.013487000000000002 0.11407300000000002
decision_type=2 10 8 8 8 10
left_child=1 2 -1 -2 -5 -3
right_child=3 5 -4 4 -6 -7
leaf_value=-0.022481407729721528 0 0.018535570000539545 -0.0014896556634417593 0 0.021808581937916783 0
leaf_weight=20.467337675392628 4.1232925504446056 4.2364809215068808 19.854959286749363 1.0527305454015703 13.481376670300961 2.0070260763168335
leaf_count=138 22 18 210 5 86 10
internal_value=-0.00042897 -0.00845653 -0.0136564 0.0166174 0.0203696 0.015413
internal_weight=65.2232 46.5658 40.3223 18.6574 14.5341 6.24351
internal_count=489 376 348 113 91 28
is_linear=0
shrinkage=0.03


Tree=50
num_leaves=5
num_cat=0
split_feature=4 22 25 25
split_gain=13.7874 9.79379 5.30803 0.950565
threshold=1.0000000180025095e-35 0.040069000000000007 0.21718250000000003 0.65401100000000012
decision_type=10 8 2 2
left_child=1 3 -3 -1
right_child=-2 2 -4 -5
leaf_value=-0.026606426920613303 0.025309624680473947 -0.0083767744506913072 0.012080677612662377 0
leaf_weight=14.898875012993814 11.652406692504881 20.444199308753014 18.66461244225502 2.3888258785009375
leaf_count=113 52 192 143 11
internal_value=-0.000329497 -0.0071428 0.000839169 -0.0241325
internal_weight=68.0489 56.3965 39.1088 17.2877
internal_count=511 459 335 124
is_linear=0
shrinkage=0.03


Tree=51
num_leaves=7
num_cat=0
split_feature=25 4 2 15 4 15
split_gain=10.2088 5.26222 2.35668 2.23595 2.18283 0.275816
threshold=0.28363100000000002 1.0000000180025095e-35 0.32575750000000009 0.34860600000000003 1.0000000180025095e-35 0.016205500000000001
decision_type=2 10 10 10 8 8
left_child=1 3 5 -1 -4 -2
right_child=2 -3 4 -5 -6 -7
leaf_value=-0.0168317130872052 0 0.011844514622657714 -0.0093427234308370542 0.0030258024869195014 0.014031142985523963 0.019425081942821838
leaf_weight=29.333287119865421 1.160402387380606 4.8926969170570365 5.800994619727132 2.2008425593376151 3.0767148286104211 18.183686826378107
leaf_count=267 6 22 31 9 14 127
internal_value=0.000207489 -0.00951136 0.0134214 -0.0144346 0 0.0186179
internal_weight=64.6486 36.4268 28.2218 31.5341 8.87771 19.3441
internal_count=476 298 178 276 45 133
is_linear=0
shrinkage=0.03


Tree=52
num_leaves=7
num_cat=0
split_feature=22 3 20 25 20 9
split_gain=12.3762 9.90906 5.32236 2.8003 1.15305 0.352328
threshold=0.040069000000000007 1.0000000180025095e-35 0.45322100000000004 0.28363100000000002 0.021856000000000004 7.7873875000000004
decision_type=10 8 10 2 10 10
left_child=1 5 4 -3 -2 -1
right_child=2 3 -4 -5 -6 -7
leaf_value=-0.026461164615229571 0 -0.0052526555060108194 -0.011122552767254148 0.012334998535173756 0.023623189469326619 0
leaf_weight=15.239179305732252 3.0024971067905488 13.515801824629309 2.2869194895029059 11.461575720459221 19.663374811410904 1.6256101727485646
leaf_count=115 14 164 13 103 78 8
internal_value=0.000305318 -0.00904851 0.0163513 0.00220291 0.0212683 -0.0250386
internal_weight=66.795 41.8422 24.9528 24.9774 22.6659 16.8648
internal_count=495 390 105 267 92 123
is_linear=0
shrinkage=0.03


Tree=53
num_leaves=5
num_cat=0
split_feature=3 23 23 24
split_gain=8.93219 8.43794 3.66195 1.22164
threshold=1.0000000180025095e-35 0.0074560000000000008 0.13940550000000004 0.95694350000000006
decision_type=10 8 8 2
left_child=1 3 -3 -1
right_child=-2 2 -4 -5
leaf_value=-0.024943169842108495 0.023835679095708748 0.01912222690951405 -0.00048777347274478065 0
leaf_weight=11.014715552330015 10.674673035740851 7.2654883414506903 36.120746076107025 1.8965129181742657
leaf_count=90 50 26 320 14
internal_value=0.0017859 -0.00288347 0.00317372 -0.0218839
internal_weight=66.9721 56.2975 43.3862 12.9112
internal_count=500 450 346 104
is_linear=0
shrinkage=0.03


Tree=54
num_leaves=7
num_cat=0
split_feature=22 4 20 24 2 16
split_gain=7.60953 6.57994 3.96889 2.72954 1.7329 1.41337
threshold=0.040069000000000007 1.0000000180025095e-35 0.27370350000000004 0.92562600000000017 0.32575750000000009 0.15584450000000002
decision_type=10 8 10 2 10 10
left_child=1 5 4 -3 -2 -1
right_child=2 3 -4 -5 -6 -7
leaf_value=-0.025010421644322784 0.023538030053134169 -0.0041465100823877884 -0.0048967978932072231 0.013236120912176958 0 -0.00030607184481052746
leaf_weight=11.09552187472582 15.145856246352201 15.046220883727075 4.6096561402082434 10.257603310048578 5.0949146747589102 5.5637509301304808
leaf_count=87 60 174 23 95 24 33
internal_value=0.000895727 -0.00632754 0.013538 0.00249614 0.0191174 -0.0195916
internal_weight=66.8135 41.9631 24.8504 25.3038 20.2408 16.6593
internal_count=496 389 107 269 84 120
is_linear=0
shrinkage=0.03


Tree=55
num_leaves=7
num_cat=0
split_feature=25 21 20 22 18 7
split_gain=7.11331 5.11379 4.14996 2.96645 2.3765 1.56188
threshold=0.23185450000000005 0.11378600000000001 0.034742000000000009 0.029121000000000005 0.29966750000000003 8.4887085000000031
decision_type=2 8 10 8 10 8
left_child=3 2 -2 5 -5 -1
right_child=1 -3 -4 4 -6 -7
leaf_value=-0.024358633488288477 0.014356495401698829 0.019827478554885435 -0.013013246599245959 -0.0060709702825152648 0.014319915702134995 0
leaf_weight=7.9854723960161218 4.8705861791968337 18.826409202069044 9.6301831454038602 19.234387420117859 3.4633717834949485 1.2393850982189185
leaf_count=70 22 144 54 179 13 6
internal_value=0.000864024 0.0104989 -0.00122084 -0.00837359 -0.000483675 -0.02045
internal_weight=65.2498 33.3272 14.5008 31.9226 22.6978 9.22486
internal_count=488 220 76 268 192 76
is_linear=0
shrinkage=0.03


Tree=56
num_leaves=4
num_cat=0
split_feature=4 23 18
split_gain=12.5567 7.45343 3.45693
threshold=1.0000000180025095e-35 0.0074560000000000008 0.090107500000000021
decision_type=10 8 10
left_child=1 -1 -3
right_child=-2 2 -4
leaf_value=-0.025326916498981961 0.023640891667466368 -0.0067444656291110738 0.0096724373261678157
leaf_weight=12.119593307375906 11.901124656200407 28.15874295681715 15.111406117677687
leaf_count=105 56 290 61
internal_value=-0.000506815 -0.00715708 -0.000107361
internal_weight=67.2909 55.3897 43.2701
internal_count=512 456 351
is_linear=0
shrinkage=0.03


Tree=57
num_leaves=6
num_cat=0
split_feature=25 24 3 18 2
split_gain=9.4309 4.135 3.69673 4.90998 2.00183
threshold=0.28363100000000002 0.85071050000000004 1.5000000000000002 0.27931800000000007 0.81666650000000007
decision_type=2 2 10 10 10
left_child=2 -2 3 -1 -3
right_child=1 4 -4 -5 -6
leaf_value=-0.015003348702688459 -0.0081421369832499584 0.022964906769141348 0.014350304242029901 0.0089002964885969513 0
leaf_weight=28.640201054513454 2.3366612792015102 21.494885921478275 3.2904408127069464 6.3376905694603911 3.701668754220008
leaf_count=272 18 135 16 28 23
internal_value=0.00312615 0.0159307 -0.00584785 -0.00952135 0.0198559
internal_weight=65.8015 27.5332 38.2683 34.9779 25.1966
internal_count=492 176 316 300 158
is_linear=0
shrinkage=0.03


Tree=58
num_leaves=6
num_cat=0
split_feature=21 4 18 15 15
split_gain=9.76108 6.13856 2.92285 2.07194 1.80923
threshold=0.11378600000000001 1.0000000180025095e-35 0.12250800000000002 0.23709800000000003 0.095195500000000016
decision_type=10 8 10 8 10
left_child=1 2 -1 -3 -2
right_child=4 3 -4 -5 -6
leaf_value=-0.024449442126014683 0 0.017477347371313644 0 0 0.025498658846390399
leaf_weight=12.846383057534696 3.3052943795919409 4.1938437521457699 9.5425536781549436 21.228926092386246 10.49553921818733
leaf_count=101 16 20 49 254 41
internal_value=0.000417144 -0.00569845 -0.0164161 0.00342116 0.020624
internal_weight=61.6125 47.8117 22.3889 25.4228 13.8008
internal_count=481 424 150 274 57
is_linear=0
shrinkage=0.03


Tree=59
num_leaves=7
num_cat=0
split_feature=21 25 6 23 2 7
split_gain=7.73294 4.34762 3.61763 3.50596 1.69623 0.552686
threshold=1.0000000180025095e-35 0.32308100000000006 12.851545000000003 0.011920000000000002 0.47222200000000009 8.6832670000000025
decision_type=8 2 10 10 10 10
left_child=2 3 5 -2 -3 -1
right_child=1 4 -4 -5 -6 -7
leaf_value=-0.024486591897695725 -0.011461786039984554 0.017409846979574966 0.0062957173045619539 0.0074573929368693401 0 0
leaf_weight=12.908394649624823 15.978043355047705 17.858151871711019 1.6237534433603276 12.13089546561241 3.2823959290981284 1.2729622349143017
leaf_count=109 187 130 8 53 16 6
internal_value=-0.00102065 0.00450839 -0.0178154 -0.00240076 0.0140944 -0.0229395
internal_weight=65.0546 49.2495 15.8051 28.1089 21.1405 14.1814
internal_count=509 386 123 240 146 115
is_linear=0
shrinkage=0.03


Tree=60
num_leaves=5
num_cat=0
split_feature=4 5 22 17
split_gain=10.0586 7.85997 3.58081 2.54889
threshold=1.0000000180025095e-35 1.5000000000000002 0.044478500000000004 0.18755600000000003
decision_type=10 8 10 10
left_child=1 3 -3 -1
right_child=-2 2 -4 -5
leaf_value=-0.025100834083880523 0.023744431325110407 -0.00020722377649468447 0.020700151019126652 -0.0020215748046012159
leaf_weight=12.658363647758963 10.870204642415045 24.829078946262602 6.1327714473009101 11.056948997080324
leaf_count=96 53 268 22 63
internal_value=0.000454691 -0.00464954 0.00451338 -0.0168987
internal_weight=65.5474 54.6772 30.9619 23.7153
internal_count=502 449 290 159
is_linear=0
shrinkage=0.03


Tree=61
num_leaves=4
num_cat=0
split_feature=4 25 18
split_gain=9.98595 8.75324 6.10403
threshold=1.0000000180025095e-35 0.71528900000000017 0.29966750000000003
decision_type=10 2 8
left_child=1 2 -1
right_child=-2 -3 -4
leaf_value=-0.022423011002456007 0.023207322442246041 0.019605695230470815 -0.00021990543627350346
leaf_weight=19.401674576103687 10.494111239910124 6.9545880407094947 27.960430264472961
leaf_count=136 52 40 279
internal_value=0 -0.00547754 -0.0107049
internal_weight=64.8108 54.3167 47.3621
internal_count=507 455 415
is_linear=0
shrinkage=0.03


Tree=62
num_leaves=5
num_cat=0
split_feature=4 25 17 25
split_gain=11.6044 9.61329 2.64789 0.858152
threshold=1.0000000180025095e-35 0.51373150000000012 0.23860750000000003 0.71528900000000017
decision_type=10 2 8 2
left_child=1 2 -1 -3
right_child=-2 3 -4 -5
leaf_value=-0.021815539664828187 0.024534954673062711 0.00089596428989233677 -0.0040331090134248246 0.020338525814721755
leaf_weight=15.831852957606314 11.932240322232245 7.6455944776535016 24.480922400951385 6.3641085959970951
leaf_count=116 60 54 240 37
internal_value=0.00064532 -0.00508824 -0.0127367 0.0135211
internal_weight=66.2547 54.3225 40.3128 14.0097
internal_count=507 447 356 91
is_linear=0
shrinkage=0.03


Tree=63
num_leaves=5
num_cat=0
split_feature=3 22 18 5
split_gain=8.61132 7.28117 5.22792 1.3895
threshold=1.0000000180025095e-35 0.041865000000000006 0.29966750000000003 4.5000000000000009
decision_type=10 8 10 10
left_child=1 3 -3 -1
right_child=-2 2 -4 -5
leaf_value=-0.023209361682183138 0.022218061526383812 -0.0034686282991454737 0.02039963474302476 0
leaf_weight=13.889284275472161 9.8464132547378522 30.851723194122314 7.6027172356843939 1.7521070390939719
leaf_count=116 51 298 28 7
internal_value=0 -0.00496706 0.0016614 -0.0205173
internal_weight=63.9422 54.0958 38.4544 15.6414
internal_count=500 449 326 123
is_linear=0
shrinkage=0.03


Tree=64
num_leaves=6
num_cat=0
split_feature=4 5 18 18 19
split_gain=7.73763 8.51317 2.90844 1.41624 0.0588197
threshold=1.0000000180025095e-35 1.5000000000000002 0.56142400000000003 0.10277600000000002 0.16844600000000001
decision_type=10 8 10 10 8
left_child=1 2 -1 -3 -2
right_child=4 3 -4 -5 -6
leaf_value=-0.020769790435679968 0.022797774983157444 0.00039504076579818435 0.002398617865184412 0.016280240329506555 0
leaf_weight=20.767764128744606 8.5300120115280116 23.531726345419887 2.6519356667995444 5.6434675157070151 1.7944653034210212
leaf_count=148 44 257 12 21 10
internal_value=0.000188525 -0.00429708 -0.0170363 0.00563163 0.0211133
internal_weight=62.9194 52.5949 23.4197 29.1752 10.3245
internal_count=492 438 160 278 54
is_linear=0
shrinkage=0.03


Tree=65
num_leaves=7
num_cat=0
split_feature=23 24 24 16 20 25
split_gain=7.59127 4.07753 4.05643 2.39667 2.1347 0.319794
threshold=0.0063255000000000013 0.8762835000000001 0.95694350000000006 0.23672500000000002 0.45322100000000004 0.30386950000000007
decision_type=8 2 2 10 10 2
left_child=2 3 -1 -2 -3 -4
right_child=1 4 5 -5 -6 -7
leaf_value=-0.024544380558888006 -0.013896115487924505 0.01410925465591961 0 0.0076842112165527625 -0.0054118422265203763 0.0090464935707661679
leaf_weight=10.253155611455439 8.7683205157518369 34.237747233361006 1.6896906718611711 3.2629291862249366 1.8406891673803318 1.651943080127239
leaf_count=94 85 260 15 13 9 9
internal_value=0.000815595 0.0069222 -0.0163316 -0.00568205 0.0120066 0.00382734
internal_weight=61.7045 48.1097 13.5948 12.0312 36.0784 3.34163
internal_count=485 367 118 98 269 24
is_linear=0
shrinkage=0.03


Tree=66
num_leaves=5
num_cat=0
split_feature=3 23 2 25
split_gain=8.28397 6.43968 2.46795 0.569681
threshold=1.5000000000000002 0.0063255000000000013 0.32575750000000009 0.57812600000000003
decision_type=10 8 8 2
left_child=1 3 -3 -1
right_child=-2 2 -4 -5
leaf_value=-0.023213035825991737 0.023502538838250372 0.0098368381115467654 -0.0039108026056561768 0
leaf_weight=10.990488059818743 8.2467120438814145 15.099109321832655 28.566091772168875 1.0113146603107441
leaf_count=108 45 62 286 6
internal_value=0 -0.00460341 0.000526929 -0.0216412
internal_weight=63.9137 55.667 43.6652 12.0018
internal_count=507 462 348 114
is_linear=0
shrinkage=0.03


Tree=67
num_leaves=6
num_cat=0
split_feature=4 22 5 16 19
split_gain=7.90566 8.47377 3.32719 0.872343 0.240992
threshold=1.0000000180025095e-35 0.040069000000000007 1.5000000000000002 0.13722500000000001 0.13508500000000004
decision_type=10 8 10 10 8
left_child=1 3 -3 -1 -2
right_child=4 2 -4 -5 -6
leaf_value=-0.026633073684053862 0.024172350337703392 -0.00085055649249010992 0.018080359267691675 0 0
leaf_weight=9.4371028095483762 8.3059098124504054 32.72779306396842 7.1680168211460105 3.7493810728192321 1.7211348712444312
leaf_count=91 44 311 27 26 10
internal_value=0.000775632 -0.00369499 0.00287797 -0.0222826 0.0221462
internal_weight=63.1093 53.0823 39.8958 13.1865 10.027
internal_count=509 455 338 117 54
is_linear=0
shrinkage=0.03


Tree=68
num_leaves=7
num_cat=0
split_feature=25 18 3 24 2 24
split_gain=5.49899 3.14687 3.05088 2.07938 1.915 0.835576
threshold=0.46564500000000003 0.17495400000000003 1.5000000000000002 0.8762835000000001 0.32575750000000009 0.93789450000000019
decision_type=2 10 10 2 10 2
left_child=1 2 -1 -3 -2 -6
right_child=4 3 -4 -5 5 -7
leaf_value=-0.012444998112593574 0.020069808207315826 -0.0030351367139580246 0.010514642552966188 0.016984744652912116 -0.0059054089269140542 0.0090626323495955011
leaf_weight=27.411343492567543 12.979409389197828 3.9392821788787824 2.4847533702850333 6.1473431810736656 4.3612725436687461 3.0306223705410957
leaf_count=280 91 22 14 27 23 16
internal_value=0.00229489 -0.00364089 -0.00883992 0.00797025 0.0142006 0
internal_weight=60.354 39.9827 29.8961 10.0866 20.3713 7.39189
internal_count=473 343 294 49 130 39
is_linear=0
shrinkage=0.03


Tree=69
num_leaves=6
num_cat=0
split_feature=3 23 23 24 15
split_gain=6.61002 4.5391 1.93186 0.890126 0.37156
threshold=1.0000000180025095e-35 0.0074560000000000008 0.24989150000000002 0.95694350000000006 0.18576850000000003
decision_type=10 8 8 2 8
left_child=1 3 -3 -1 -2
right_child=4 2 -4 -5 -6
leaf_value=-0.021331493703588753 0.02327895623438184 0.010435903529799371 -0.0023158186765760203 0 0
leaf_weight=8.809003606438635 7.6926614344119999 11.79098819196224 30.187223490327597 1.9159375801682461 1.601469591259957
leaf_count=86 42 48 291 17 10
internal_value=0.000862795 -0.00310591 0.00105611 -0.0182522 0.0210741
internal_weight=61.9973 52.7032 41.9782 10.7249 9.29413
internal_count=494 442 339 103 52
is_linear=0
shrinkage=0.03


Tree=70
num_leaves=5
num_cat=0
split_feature=4 25 21 15
split_gain=6.46396 3.85573 3.2485 0.107569
threshold=1.0000000180025095e-35 0.71528900000000017 0.11378600000000001 0.18576850000000003
decision_type=10 2 8 8
left_child=1 2 -1 -2
right_child=3 -3 -4 -5
leaf_value=-0.01586546238605523 0.022265319988070371 0.013799048370671137 0 0
leaf_weight=19.570032730698586 7.1204087138175938 5.4546310380101195 26.500779859721661 1.728748723864556
leaf_count=141 39 34 263 10
internal_value=0 -0.00405653 -0.00749631 0.0203776
internal_weight=60.3746 51.5254 46.0708 8.84916
internal_count=487 438 404 49
is_linear=0
shrinkage=0.03


Tree=71
num_leaves=6
num_cat=0
split_feature=4 23 18 24 19
split_gain=6.10052 4.82091 2.94967 0.270994 0.0822339
threshold=1.0000000180025095e-35 0.0097775000000000015 0.29966750000000003 0.95694350000000006 0.1901245
decision_type=10 8 10 2 8
left_child=1 3 -3 -1 -2
right_child=4 2 -4 -5 -6
leaf_value=-0.021183186048658324 0.021383990136635247 -0.0026950021365772158 0.014618961407219395 0 0
leaf_weight=8.6064849421381933 7.768722161650655 34.424101203680038 8.2673191875219327 1.4131474643945683 1.7387566268444068
leaf_count=85 43 320 32 14 10
internal_value=0.000397592 -0.00341712 0.000741025 -0.0195266 0.0196923
internal_weight=62.2185 52.7111 42.6914 10.0196 9.50748
internal_count=504 451 352 99 53
is_linear=0
shrinkage=0.03


Tree=72
num_leaves=5
num_cat=0
split_feature=4 23 25 25
split_gain=7.49027 6.84463 3.1964 0.617057
threshold=1.0000000180025095e-35 0.0097775000000000015 0.71528900000000017 0.66221350000000012
decision_type=10 8 2 2
left_child=1 3 -3 -1
right_child=-2 2 -4 -5
leaf_value=-0.024755982578997537 0.021424115032282469 -0.0019478588278962696 0.018246965757781661 0
leaf_weight=9.4880950972437823 9.5398658066987974 35.992418762296438 5.3407032750546923 0.92898826301097948
leaf_count=101 54 313 33 5
internal_value=9.78947e-05 -0.00424404 0.00104303 -0.0230007
internal_weight=61.2901 51.7502 41.3331 10.4171
internal_count=506 452 346 106
is_linear=0
shrinkage=0.03


Tree=73
num_leaves=7
num_cat=0
split_feature=25 21 9 24 21 19
split_gain=6.16257 3.31969 3.03362 1.46532 0.961779 0.349606
threshold=0.46564500000000003 0.24561150000000001 8.5431960000000018 0.92562600000000017 0.069553000000000018 0.19383400000000003
decision_type=2 10 10 2 10 10
left_child=1 2 -1 4 -2 -3
right_child=3 5 -4 -5 -6 -7
leaf_value=-0.012382922862486241 -0.0022634979663186993 0 0.010161299091259393 0.021868002589177177 0.012248217372357156 0.014995566578002729
leaf_weight=32.430923886597157 6.9001173190772551 2.4526566267013541 2.5314239561557761 8.7302558086812478 2.564426600933075 2.7330566942691803
leaf_count=323 55 13 14 55 12 9
internal_value=0.000636521 -0.00540503 -0.00928636 0.0142612 0.00126322 0.0109111
internal_weight=58.3429 40.1481 34.9623 18.1948 9.46454 5.18571
internal_count=481 359 337 122 67 22
is_linear=0
shrinkage=0.03


Tree=74
num_leaves=6
num_cat=0
split_feature=4 18 2 25 18
split_gain=6.30671 5.34132 3.88097 2.22901 0.119477
threshold=1.0000000180025095e-35 0.12250800000000002 0.32575750000000009 0.74456250000000013 0.11886500000000001
decision_type=10 8 8 2 8
left_child=1 3 -3 -1 -2
right_child=4 2 -4 -5 -6
leaf_value=-0.021179560859047923 0.022456513975874209 0.016057400396144582 -0.0032371288520592848 0.0013186486535604 0
leaf_weight=12.931319318711756 7.3684787601232502 10.378755070269106 24.423425894230604 1.6933359503746022 1.6885594129562385
leaf_count=109 43 44 268 7 10
internal_value=0.000704491 -0.00334132 0.00254099 -0.0170914 0.0206095
internal_weight=58.4839 49.4268 34.8022 14.6247 9.05704
internal_count=481 428 312 116 53
is_linear=0
shrinkage=0.03


Tree=75
num_leaves=7
num_cat=0
split_feature=22 3 2 18 25 25
split_gain=6.18795 5.70147 4.3096 2.86949 2.47172 1.93884
threshold=0.040069000000000007 1.0000000180025095e-35 0.47222200000000009 0.094779500000000003 0.16991550000000002 0.74630450000000004
decision_type=10 8 10 10 2 2
left_child=1 5 3 -2 -3 -1
right_child=2 4 -4 -5 -6 -7
leaf_value=-0.023349694868013075 0 -0.0073235375113017177 -0.0083598909362949565 0.025191574763835878 0.0095965756955205487 0
leaf_weight=12.974659390747545 6.1569612026214662 10.147292830049993 3.6733429059386244 12.252218529582022 14.056750267744063 1.3207738995552052
leaf_count=119 34 129 22 48 143 5
internal_value=0 -0.00673899 0.01212 0.0182066 0.00137486 -0.0200669
internal_weight=60.582 38.4995 22.0825 18.4092 24.204 14.2954
internal_count=500 396 104 82 272 124
is_linear=0
shrinkage=0.03


Tree=76
num_leaves=6
num_cat=0
split_feature=4 22 25 25 15
split_gain=6.60203 5.87586 2.50125 2.13983 0.186311
threshold=1.0000000180025095e-35 0.044478500000000004 0.75442700000000007 0.21718250000000003 0.17304900000000004
decision_type=10 8 2 2 8
left_child=1 2 -1 -3 -2
right_child=4 3 -4 -5 -6
leaf_value=-0.02247486372390177 0.02179366094900545 -0.003518158157330766 0.0026883840305104833 0.0092248154703754581 0
leaf_weight=13.073596678674219 8.2518103867769206 20.519823342561722 1.2632411122322071 18.106360714882612 1.6675935834646232
leaf_count=121 47 195 5 144 10
internal_value=0.000315291 -0.00371379 -0.0184457 0.00196885 0.0200169
internal_weight=62.8824 52.963 14.3368 38.6262 9.9194
internal_count=522 465 126 339 57
is_linear=0
shrinkage=0.03


Tree=77
num_leaves=7
num_cat=0
split_feature=25 21 19 25 16 20
split_gain=4.38244 4.01855 1.67666 1.36992 0.982087 0.165677
threshold=0.59112300000000007 0.094693500000000014 0.24449600000000002 0.15660800000000002 0.005369500000000001 0.19483500000000004
decision_type=2 10 10 2 8 10
left_child=1 2 -1 -3 -2 -6
right_child=4 3 -4 -5 5 -7
leaf_value=-0.0033788294288261819 0 0 -0.021718093696592639 0.018165510695685793 0.01964417778679203 0
leaf_weight=30.628052994608879 1.7581944465637178 6.9713455066084844 4.7773421332240096 5.0904014259576797 9.1804209761321527 1.6793544143438346
leaf_count=325 10 34 43 24 65 7
internal_value=0.00117144 -0.00268343 -0.00813772 0.00976696 0.0153237 0.0181212
internal_weight=60.0851 47.4671 35.4054 12.0617 12.618 10.8598
internal_count=508 426 368 58 82 72
is_linear=0
shrinkage=0.03


Tree=78
num_leaves=7
num_cat=0
split_feature=4 22 19 18 25 5
split_gain=5.50602 5.14608 3.04246 2.09735 1.35319 0.361138
threshold=1.0000000180025095e-35 0.13851550000000004 0.24449600000000002 0.090107500000000021 0.28363100000000002 1.5000000000000002
decision_type=8 10 8 10 2 10
left_child=1 5 -2 -3 -4 -1
right_child=2 3 4 -5 -6 -7
leaf_value=-0.021783795920232898 0.020766649315527849 -0.007265634939132638 -0.0050142824468618879 0.013039110872376218 0.0081398747749359679 -0.0013158095047040052
leaf_weight=13.676907971501356 7.5698836445808437 3.8228377252817136 12.504735469818117 7.1626281440258026 9.4972717538475973 4.7361150160431853
leaf_count=127 44 22 160 29 101 22
internal_value=-0.000759138 -0.00989325 0.00747522 0.00378531 0 -0.0188421
internal_weight=58.9704 29.3985 29.5719 10.9855 22.002 18.413
internal_count=505 200 305 51 261 149
is_linear=0
shrinkage=0.03


Tree=79
num_leaves=5
num_cat=0
split_feature=4 25 18 15
split_gain=5.66763 6.61981 4.36696 0.207187
threshold=1.0000000180025095e-35 0.71528900000000017 0.29966750000000003 0.18576850000000003
decision_type=10 2 8 10
left_child=1 2 -1 -2
right_child=3 -3 -4 -5
leaf_value=-0.017601808644164208 0.020662041006382567 0.019899218041792413 0 0
leaf_weight=19.979420401155949 7.7874999046325666 5.7173093296587458 26.692485067993402 1.6137580126523969
leaf_count=154 47 37 265 10
internal_value=0.000147303 -0.00351243 -0.00801295 0.0188767
internal_weight=61.7905 52.3892 46.6719 9.40126
internal_count=513 456 419 57
is_linear=0
shrinkage=0.03


Tree=80
num_leaves=5
num_cat=0
split_feature=4 18 23 21
split_gain=5.66366 5.49692 2.71387 0.885338
threshold=1.0000000180025095e-35 0.090107500000000021 0.0074560000000000008 0.12386950000000001
decision_type=10 8 8 8
left_child=1 3 -3 -1
right_child=-2 2 -4 -5
leaf_value=-0.021192001507266345 0.01988460885938188 -0.015130172629263756 0.0052979927941272341 0
leaf_weight=10.686636120080944 8.4742300957441312 3.4711552932858458 37.061861965805292 2.3996876329183587
leaf_count=101 50 33 326 12
internal_value=0.000294019 -0.00316185 0.00193733 -0.0182366
internal_weight=62.0936 53.6193 40.533 13.0863
internal_count=522 472 359 113
is_linear=0
shrinkage=0.03


Tree=81
num_leaves=7
num_cat=0
split_feature=25 22 23 24 9 2
split_gain=4.71245 3.66762 2.77087 2.1312 1.28651 1.2706
threshold=0.46564500000000003 0.044478500000000004 0.0014810000000000001 0.92562600000000017 8.5431960000000018 0.32575750000000009
decision_type=2 10 10 2 8 8
left_child=1 4 -3 5 -1 -2
right_child=3 2 -4 -5 -6 -7
leaf_value=-0.01758851193276054 0.011741106214610865 -0.009296261488303547 0.013429954357923428 0.021817661267161424 -0.0019703146639198994 -0.0059446432094225794
leaf_weight=11.268205597996714 3.0331736356019983 3.127052128314971 11.650145977735518 8.580077048391102 16.26681412756443 5.8244503289461145
leaf_count=112 13 23 52 59 199 53
internal_value=0.000986488 -0.00395315 0.00617601 0.0132612 -0.0104443 0
internal_weight=59.7499 42.3122 14.7772 17.4377 27.535 8.85762
internal_count=511 386 75 125 311 66
is_linear=0
shrinkage=0.03


Tree=82
num_leaves=7
num_cat=0
split_feature=21 24 25 25 25 25
split_gain=6.70184 3.91728 3.02289 1.83144 0.527106 0.099473
threshold=0.11378600000000001 0.92562600000000017 0.28791650000000008 0.72520400000000007 0.21718250000000003 0.051379500000000002
decision_type=10 2 2 2 2 2
left_child=1 3 -3 -1 5 -2
right_child=4 2 -4 -5 -6 -7
leaf_value=-0.012128738207453157 0.0052886754318277104 -0.0031051579879543406 0.018153680372461675 0.0046024235589680043 0.024982534949363418 0
leaf_weight=27.849364973604683 5.0042569041252118 7.6573866531252843 7.9389114119112492 2.7115228436887255 6.8904517590999603 1.977593272924423
leaf_count=275 21 87 60 17 33 11
internal_value=0.00208349 -0.00310002 0.00728579 -0.00947165 0.0185932 0.00366877
internal_weight=60.0295 46.1572 15.5963 30.5609 13.8723 6.98185
internal_count=504 439 147 292 65 32
is_linear=0
shrinkage=0.03


Tree=83
num_leaves=6
num_cat=0
split_feature=4 18 25 21 15
split_gain=4.13439 6.71793 2.72504 2.6085 0.161267
threshold=1.0000000180025095e-35 0.12250800000000002 0.58164000000000005 0.0021620000000000003 0.17304900000000004
decision_type=10 8 2 10 8
left_child=1 2 -1 -3 -2
right_child=4 3 -4 -5 -6
leaf_value=-0.022950310691346856 0.019707790589914936 0 0 0.015642542107652639 0
leaf_weight=11.548443146049975 7.0063506066799137 25.030791934579611 3.3547504544258109 10.532284818589686 1.6205014735460288
leaf_count=110 43 284 15 44 10
internal_value=0.00154457 -0.00154599 -0.0170596 0.00499865 0.0179382
internal_weight=59.0931 50.4663 14.9032 35.5631 8.62685
internal_count=506 453 125 328 53
is_linear=0
shrinkage=0.03


Tree=84
num_leaves=5
num_cat=0
split_feature=4 21 7 24
split_gain=5.60997 5.34865 2.52167 1.18635
threshold=1.0000000180025095e-35 0.11378600000000001 1.0000000180025095e-35 0.81311350000000016
decision_type=10 8 8 2
left_child=1 3 -3 -1
right_child=-2 2 -4 -5
leaf_value=0 0.019251476990830151 0.014701203333878267 -0.0016433076731563934 -0.018073651804449961
leaf_weight=1.5040421858429933 8.3305382654070836 8.5136296004056948 22.059276260435581 16.72896421700716
leaf_count=9 53 36 263 136
internal_value=0 -0.00404978 0.00292153 -0.0159133
internal_weight=57.1365 48.8059 30.5729 18.233
internal_count=497 444 299 145
is_linear=0
shrinkage=0.03


Tree=85
num_leaves=6
num_cat=0
split_feature=21 25 18 24 25
split_gain=6.17335 3.84374 2.14912 2.05318 0.540575
threshold=0.11378600000000001 0.46564500000000003 0.27931800000000007 0.92562600000000017 0.15660800000000002
decision_type=10 2 8 2 2
left_child=1 2 -1 -3 -2
right_child=4 3 -4 -5 -6
leaf_value=-0.019086410566991348 0.0021259087649773702 -0.001386179397030631 -0.0011903077499611924 0.01637953152419834 0.022687964991780812
leaf_weight=11.156583458185198 6.182312108576296 6.8410028666257841 18.458457045257092 7.0388188585639 7.6143207848072052
leaf_count=108 28 56 208 53 38
internal_value=0.00141624 -0.0037628 -0.00998743 0.00715587 0.0172855
internal_weight=57.2915 43.4949 29.615 13.8798 13.7966
internal_count=491 425 316 109 66
is_linear=0
shrinkage=0.03


Tree=86
num_leaves=7
num_cat=0
split_feature=21 4 24 25 22 25
split_gain=3.90314 2.5829 2.44168 1.52895 1.45282 1.43628
threshold=0.044095000000000002 1.5000000000000002 0.86084600000000011 0.74630450000000004 0.43257100000000004 0.21718250000000003
decision_type=8 10 2 2 8 2
left_child=1 3 5 -1 -4 -2
right_child=2 -3 4 -5 -6 -7
leaf_value=-0.015222653214598876 -0.014508251248047601 0.0089891746511883194 0.019441821082526227 0.0017461279559948183 0.0032332709118084667 0.0041495852038717224
leaf_weight=15.265595234930521 3.3729525208473197 3.0942821949720374 12.874983586370947 1.7544006258249272 17.568572726100683 2.9765368551015854
leaf_count=139 35 20 62 7 197 25
internal_value=0.00254586 -0.00670436 0.00848093 -0.0119755 0.0121142 -0.00402805
internal_weight=56.9073 20.1143 36.793 17.02 30.4436 6.34949
internal_count=485 166 319 146 259 60
is_linear=0
shrinkage=0.03


Tree=87
num_leaves=6
num_cat=0
split_feature=4 25 18 18 19
split_gain=5.48817 4.88604 5.54232 0.362943 0.285471
threshold=1.0000000180025095e-35 0.72520400000000007 0.29966750000000003 0.038222500000000006 0.1901245
decision_type=10 2 8 8 8
left_child=1 2 -1 -3 -2
right_child=4 3 -4 -5 -6
leaf_value=-0.021177840660704897 0.019682278985281007 0 0 0.018055320175788869 0
leaf_weight=16.49471652135253 7.0835099890828106 1.351661980152129 26.15574824437499 3.9520681984722614 1.5347844958305366
leaf_count=136 45 6 271 30 10
internal_value=-0.000356209 -0.00504632 -0.00906985 0.0152837 0.017723
internal_weight=56.5725 47.9542 42.6505 5.30373 8.61829
internal_count=498 443 407 36 55
is_linear=0
shrinkage=0.03


Tree=88
num_leaves=5
num_cat=0
split_feature=3 18 25 17
split_gain=5.49936 3.51384 4.30487 2.70238
threshold=1.0000000180025095e-35 0.29966750000000003 0.51373150000000012 0.42449350000000002
decision_type=10 8 2 8
left_child=1 2 -1 -3
right_child=-2 3 -4 -5
leaf_value=-0.020070636451264039 0.020047488354452376 0.0154287607101044 0.0043115110737068146 -0.0023475932619605724
leaf_weight=15.537474796175959 7.4221011698245993 7.3387102484703091 5.9551446735858908 21.444997824728489
leaf_count=137 49 31 27 257
internal_value=0 -0.00377883 -0.0123894 0.00226929
internal_weight=57.6984 50.2763 21.4926 28.7837
internal_count=501 452 164 288
is_linear=0
shrinkage=0.03


Tree=89
num_leaves=5
num_cat=0
split_feature=3 2 2 20
split_gain=4.73996 4.26769 3.03074 0.257302
threshold=1.0000000180025095e-35 0.32575750000000009 1.0000000180025095e-35 0.0088515000000000017
decision_type=10 10 10 10
left_child=1 2 -1 -3
right_child=-2 3 -4 -5
leaf_value=-0.0013451798315253611 0.019975998533157947 0 0.01633847874826053 -0.017887456009879722
leaf_weight=30.167535178363323 7.441322609782218 2.4160138964653006 7.997908726334571 9.5030793510377389
leaf_count=315 50 29 32 75
internal_value=0.00126429 -0.00192248 0.00255245 -0.0158942
internal_weight=57.5259 50.0845 38.1654 11.9191
internal_count=501 451 347 104
is_linear=0
shrinkage=0.03


Tree=90
num_leaves=6
num_cat=0
split_feature=23 2 3 23 3
split_gain=4.86506 4.47815 2.73769 1.67774 1.2836
threshold=0.0063255000000000013 0.32575750000000009 1.5000000000000002 0.50185950000000012 1.0000000180025095e-35
decision_type=8 8 8 10 8
left_child=2 3 -1 -2 -3
right_child=1 4 -4 -5 -6
leaf_value=-0.021072924892180152 0.019595528379840129 -0.010948303726036796 0.0048131621166443064 0 0.0011044822416548983
leaf_weight=9.468012642115351 14.340891897678377 7.0702994391322163 1.5321798250079162 3.6246552094817153 22.548748925328255
leaf_count=117 67 38 11 20 267
internal_value=9.07938e-05 0.00487332 -0.0150657 0.0156709 -0.00159522
internal_weight=58.5848 47.5846 11.0002 17.9655 29.619
internal_count=520 392 128 87 305
is_linear=0
shrinkage=0.03


Tree=91
num_leaves=7
num_cat=0
split_feature=22 3 20 2 16 18
split_gain=3.82473 3.7866 3.77735 1.46235 1.39409 0.933092
threshold=0.040069000000000007 1.5000000000000002 0.27370350000000004 0.32575750000000009 0.18622950000000002 0.29966750000000003
decision_type=8 8 8 10 10 8
left_child=1 4 3 -2 -1 -4
right_child=2 -3 5 -5 -6 -7
leaf_value=-0.024647050221871126 0.017782033230147841 0.0090013131545996546 -0.014307581829730536 0 0 0
leaf_weight=8.5713946521282143 13.303753837943079 2.2611814141273507 2.1719470843672779 3.8587713465094557 4.1980879306793222 22.06834152340889
leaf_count=92 64 16 14 22 31 261
internal_value=-0.000394021 -0.012446 0.00385093 0.0137989 -0.0191362 -0.00283509
internal_weight=56.4335 15.0307 41.4028 17.1625 12.7695 24.2403
internal_count=500 139 361 86 123 275
is_linear=0
shrinkage=0.03


Tree=92
num_leaves=5
num_cat=0
split_feature=4 25 21 16
split_gain=3.54892 3.80415 1.72089 0.954947
threshold=1.0000000180025095e-35 0.58164000000000005 0.24561150000000001 0.12850000000000003
decision_type=10 2 8 8
left_child=1 2 -1 -3
right_child=-2 3 -4 -5
leaf_value=-0.012899020346051509 0.017774577136222228 0 0 0.015706613390619975
leaf_weight=18.031351625919342 6.4347732514142981 2.5721952766180012 21.319525741040707 7.376868750900031
leaf_count=152 45 14 234 52
internal_value=0.000488281 -0.00208452 -0.00678642 0.0114596
internal_weight=55.7347 49.2999 39.3509 9.94906
internal_count=497 452 386 66
is_linear=0
shrinkage=0.03


Tree=93
num_leaves=6
num_cat=0
split_feature=4 21 25 7 19
split_gain=5.31167 5.65533 3.41842 2.86138 0.477409
threshold=1.0000000180025095e-35 0.094693500000000014 0.74630450000000004 1.0000000180025095e-35 0.19383400000000003
decision_type=10 8 2 8 10
left_child=1 2 -1 -3 -2
right_child=4 3 -4 -5 -6
leaf_value=-0.021669729846244889 0.020910347593422463 0.014563717170466461 0.0043250272126903683 -0.0025262393291576066 0
leaf_weight=15.837310396134855 6.5543325096368781 9.5890975967049616 2.5340211987495413 21.282266683876514 1.4266543239355085
leaf_count=150 44 42 10 256 10
internal_value=0 -0.00444585 -0.0165766 0.0027162 0.0184745
internal_weight=57.2237 49.2427 18.3713 30.8714 7.98099
internal_count=512 458 160 298 54
is_linear=0
shrinkage=0.03


Tree=94
num_leaves=7
num_cat=0
split_feature=25 25 18 21 15 21
split_gain=4.78583 2.70767 1.9215 1.80381 1.31369 0.825219
threshold=0.21718250000000003 0.054727500000000005 0.27931800000000007 0.12386950000000001 0.051011500000000008 0.094693500000000014
decision_type=2 2 10 8 10 8
left_child=1 5 -3 4 -2 -1
right_child=3 2 -4 -5 -6 -7
leaf_value=-0.007005300339790797 0.0070919173027138337 -0.020137769211867988 0.00057090866957318527 0.014595184587999072 -0.0089735989780711841 0.0055915543045345004
leaf_weight=3.5739778801798829 7.3723669573664683 11.762185804545878 1.6787259951233853 16.30972484126687 5.2040543481707573 10.436028763651848
leaf_count=36 46 148 8 149 36 87
internal_value=0.000273662 -0.00773477 -0.0160944 0.00883672 0 0
internal_weight=56.3371 27.4509 13.4409 28.8861 12.5764 14.01
internal_count=510 279 156 231 82 123
is_linear=0
shrinkage=0.03


Tree=95
num_leaves=6
num_cat=0
split_feature=3 22 23 25 19
split_gain=3.11274 3.89269 1.88624 1.86268 0.113941
threshold=1.0000000180025095e-35 0.040069000000000007 0.0097775000000000015 0.74630450000000004 0.24027500000000004
decision_type=10 8 10 2 10
left_child=1 3 -3 -1 -2
right_child=4 2 -4 -5 -6
leaf_value=-0.017555585777100643 0.019009715328706846 -0.00025593054642353177 0.011621106847199851 0.0022382894241121561 0
leaf_weight=11.463763646781443 5.841237746179103 23.236994560807943 14.753843426704405 1.752739131450652 1.4283320382237432
leaf_count=120 43 273 63 7 8
internal_value=0.00218829 -0.000252316 0.00413762 -0.0131521 0.0173529
internal_weight=58.4769 51.2073 37.9908 13.2165 7.26957
internal_count=514 463 336 127 51
is_linear=0
shrinkage=0.03


Tree=96
num_leaves=6
num_cat=0
split_feature=23 23 21 6 2
split_gain=4.30866 2.76225 2.10722 1.41776 1.2018
threshold=0.0014810000000000001 0.13940550000000004 0.1052695 8.4887085000000031 0.32575750000000009
decision_type=8 8 8 8 8
left_child=3 4 -3 -1 -2
right_child=1 2 -4 -5 -6
leaf_value=-0.019571426345438965 0.021057743015657975 -0.011586378923238782 0.0038048179611902743 0 0
leaf_weight=7.9531027153134319 7.2074636146426174 7.6260488554835311 29.467227622866631 1.0625665113329894 4.0221588611602792
leaf_count=99 33 46 297 9 22
internal_value=7.48221e-05 0.00432186 0 -0.0155876 0.0155588
internal_weight=57.3386 48.3229 37.0933 9.01567 11.2296
internal_count=506 398 343 108 55
is_linear=0
shrinkage=0.03


Tree=97
num_leaves=6
num_cat=0
split_feature=3 5 2 4 15
split_gain=4.74271 6.48822 1.71401 1.61807 0.416805
threshold=1.0000000180025095e-35 1.5000000000000002 0.64583350000000006 1.0000000180025095e-35 0.15843350000000003
decision_type=10 8 8 10 10
left_child=1 3 -3 -1 -2
right_child=4 2 -4 -5 -6
leaf_value=-0.020100859005192193 0.020095249185965492 0.013501075726986079 -3.6984595158902091e-05 0 0
leaf_weight=16.553002085536722 6.0228358134627333 7.63826456665993 21.405407883226871 1.2477217912673939 1.4576549008488653
leaf_count=147 42 32 255 6 11
internal_value=-0.000144934 -0.00448174 0.00351787 -0.0176011 0.0176596
internal_weight=54.3249 46.8444 29.0437 17.8007 7.48049
internal_count=493 440 287 153 53
is_linear=0
shrinkage=0.03


Tree=98
num_leaves=5
num_cat=0
split_feature=23 9 23 20
split_gain=4.67616 3.27166 2.56144 1.17642
threshold=0.0063255000000000013 8.2542165000000018 0.11923600000000002 0.27370350000000004
decision_type=8 8 8 10
left_child=1 -1 -2 -4
right_child=2 -3 3 -5
leaf_value=-0.023273449274983253 0.016946271199411542 0.004580664770224274 0.0031248256203634146 -0.0099057005368671149
leaf_weight=7.6068449243903133 9.6054512560367566 2.1995723620057115 34.473795004189014 4.1278237849473944
leaf_count=104 47 16 333 23
internal_value=0.000607538 -0.0150737 0.00507954 0.000396451
internal_weight=58.0135 9.80642 48.2071 38.6016
internal_count=523 120 403 356
is_linear=0
shrinkage=0.03


Tree=99
num_leaves=5
num_cat=0
split_feature=3 22 24 24
split_gain=3.32758 3.81181 2.57047 1.53248
threshold=1.0000000180025095e-35 0.040069000000000007 0.86084600000000011 0.95694350000000006
decision_type=10 8 2 2
left_child=1 3 -3 -1
right_child=-2 2 -4 -5
leaf_value=-0.017941152736698822 0.017827923098675837 -0.009340843968333571 0.0072606541514812191 0.00010398787327804331
leaf_weight=11.279093407094477 6.2048247456550589 7.2248731181025496 30.269351243972778 1.5567952767014492
leaf_count=115 44 69 268 15
internal_value=0.000914449 -0.00149374 0.0028658 -0.014253
internal_weight=56.5349 50.3301 37.4942 12.8359
internal_count=511 467 337 130
is_linear=0
shrinkage=0.03


Tree=100
num_leaves=5
num_cat=0
split_feature=4 18 23 25
split_gain=4.36413 4.1188 3.94104 3.44541
threshold=1.0000000180025095e-35 0.29966750000000003 0.52579900000000002 0.73967100000000008
decision_type=10 8 8 2
left_child=1 3 -3 -1
right_child=-2 2 -4 -5
leaf_value=-0.019170162395248793 0.018594650696235129 0.018537820791305112 -0.0027615755876590959 0.0060343676361138861
leaf_weight=15.710346750915052 6.7667912989854804 7.5356100276112583 22.640332970768213 2.86039113998413
leaf_count=147 49 34 268 12
internal_value=0 -0.00326238 0.00284844 -0.0135979
internal_weight=55.5135 48.7467 30.1759 18.5707
internal_count=510 461 302 159
is_linear=0
shrinkage=0.03


Tree=101
num_leaves=5
num_cat=0
split_feature=20 22 24 19
split_gain=2.76137 3.61991 1.64072 1.15809
threshold=0.45322100000000004 0.040069000000000007 0.88804000000000005 0.049846500000000009
decision_type=10 10 2 10
left_child=1 2 -1 -3
right_child=-2 3 -4 -5
leaf_value=-0.010627422144575583 -0.017662898894900171 0 0.0016223783607169856 0.016380440494304715
leaf_weight=11.238360866904257 3.3441420383751383 4.5976019352674511 20.870077937841415 14.228513002395628
leaf_count=136 30 27 235 71
internal_value=0.00043475 0.00309556 -0.00235245 0.012808
internal_weight=54.2787 50.9346 32.1084 18.8261
internal_count=499 469 371 98
is_linear=0
shrinkage=0.03


Tree=102
num_leaves=6
num_cat=0
split_feature=25 21 9 16 24
split_gain=4.06476 3.92724 1.94102 1.13519 0.749457
threshold=0.58164000000000005 0.094693500000000014 8.419456000000002 0.005369500000000001 0.86084600000000011
decision_type=2 10 10 8 2
left_child=1 2 -1 -2 -3
right_child=3 4 -4 -5 -6
leaf_value=-0.011148015956507128 0 0 0.0063924421684556773 0.018269580795777771 0.013392641487365492
leaf_weight=29.056539557874206 1.4303265362977953 2.6090277656912795 2.541482873260974 10.334913775324821 8.5325713455677015
leaf_count=339 9 14 17 73 43
internal_value=0.0012778 -0.00265719 -0.00843815 0.0152397 0.00992848
internal_weight=54.5049 42.7396 31.598 11.7652 11.1416
internal_count=495 413 356 82 57
is_linear=0
shrinkage=0.03


Tree=103
num_leaves=5
num_cat=0
split_feature=3 23 23 20
split_gain=3.47037 1.79845 3.39214 0.714495
threshold=1.5000000000000002 0.0063255000000000013 0.13196500000000003 0.034742000000000009
decision_type=10 8 8 10
left_child=1 3 -3 -1
right_child=-2 2 -4 -5
leaf_value=0 0.017654943003116406 0.014977223696560774 -0.0045299036301007546 -0.019219470809970052
leaf_weight=3.7929498068988305 5.2274475842714301 7.239087961614131 33.848111812025309 4.6356331631541252
leaf_count=52 42 31 323 60
internal_value=0 -0.00326219 0 -0.0138032
internal_weight=54.7432 49.5158 41.0872 8.42858
internal_count=508 466 354 112
is_linear=0
shrinkage=0.03


Tree=104
num_leaves=7
num_cat=0
split_feature=21 25 18 23 22 25
split_gain=3.12233 2.86177 1.79979 1.31846 0.589023 0.460292
threshold=0.094693500000000014 0.71528900000000017 0.27931800000000007 0.034224500000000012 0.027005000000000005 0.025842000000000004
decision_type=10 2 8 10 10 2
left_child=1 2 -1 -2 -3 -5
right_child=3 4 -4 5 -6 -7
leaf_value=-0.013515956935176458 0 0.017762446385837873 0 0 0 0.018525520008405908
leaf_weight=12.959400724619625 2.341581478714942 3.3218978457152835 23.412640176713467 1.8492081090807904 1.3133262172341345 9.7930855602025968
leaf_count=137 18 28 253 9 7 49
internal_value=0.00168213 -0.00204781 -0.00573659 0.0128161 0.0138493 0.0164791
internal_weight=54.9911 41.0073 36.372 13.9839 4.63522 11.6423
internal_count=501 425 390 76 35 58
is_linear=0
shrinkage=0.03


Tree=105
num_leaves=6
num_cat=0
split_feature=25 4 20 15 24
split_gain=5.01527 3.01124 1.66508 1.25977 1.06658
threshold=0.21718250000000003 1.0000000180025095e-35 0.47203500000000004 0.32105100000000003 0.84373350000000014
decision_type=2 10 10 10 2
left_child=1 3 4 -1 -2
right_child=2 -3 -4 -5 -6
leaf_value=-0.014153365565616676 0 0.010221157983857887 -0.0053272983875905624 0 0.014393381131461009
leaf_weight=20.582349654287107 2.5640319213271203 3.2778131514787665 1.3787416741251934 2.7295041978359214 22.929102104157209
leaf_count=242 22 21 11 14 187
internal_value=0.00102795 -0.00720467 0.0100838 -0.0116811 0.0124434
internal_weight=53.4615 26.5897 26.8719 23.3119 25.4931
internal_count=497 277 220 256 209
is_linear=0
shrinkage=0.03


Tree=106
num_leaves=7
num_cat=0
split_feature=25 24 24 24 4 21
split_gain=3.49424 2.26244 1.80469 3.34151 1.60671 1.53112
threshold=0.23185450000000005 0.92562600000000017 0.89680000000000015 0.86084600000000011 1.5000000000000002 0.12386950000000001
decision_type=2 2 2 2 10 10
left_child=2 5 3 -1 -4 -2
right_child=1 -3 4 -5 -6 -7
leaf_value=-0.013431255385075802 -0.005323447533874189 0.016774915376803957 -0.018145103916458325 0.0095923913003079508 0.0014007319324884438 0.012163029715372652
leaf_weight=6.7561108469963136 11.935711517930033 10.458809893578289 10.534059844911097 10.556315053254364 1.0626612678170193 3.4536395594477645
leaf_count=73 113 81 134 86 8 19
internal_value=0 0.00779102 -0.00660894 0 -0.014379 0
internal_weight=54.7573 25.8482 28.9091 17.3124 11.5967 15.3894
internal_count=514 213 301 159 142 132
is_linear=0
shrinkage=0.03


Tree=107
num_leaves=4
num_cat=0
split_feature=3 22 20
split_gain=3.12294 4.16585 1.26414
threshold=1.0000000180025095e-35 0.025934500000000003 0.27370350000000004
decision_type=10 8 10
left_child=1 -1 -3
right_child=-2 2 -4
leaf_value=-0.018641610083485069 0.017074959030120958 0.0043381352522612587 -0.0086740777660321948
leaf_weight=8.059493735432623 5.9179048463702193 34.975308384746313 4.248553004115819
leaf_count=103 45 323 26
internal_value=0.000319808 -0.00207423 0.00170206
internal_weight=53.2013 47.2834 39.2239
internal_count=497 452 349
is_linear=0
shrinkage=0.03


Tree=108
num_leaves=6
num_cat=0
split_feature=24 18 21 21 24
split_gain=2.70716 2.91037 1.95122 0.949347 0.131059
threshold=0.86084600000000011 0.29966750000000003 0.094693500000000014 0.12386950000000001 0.85432050000000015
decision_type=2 10 8 10 2
left_child=3 2 -2 4 -1
right_child=1 -3 -4 -5 -6
leaf_value=-0.014771599261667066 -0.0070112237100486193 0.020371019458740185 0.0059960093806783812 0 0
leaf_weight=7.669742424041031 13.332643229514359 6.0687745064496985 23.680051550269127 2.2687687724828711 0.97560346871614445
leaf_count=83 125 27 240 12 10
internal_value=0.0011028 0.00499555 0.000386428 -0.00987111 -0.0137765
internal_weight=53.9956 43.0815 37.0127 10.9141 8.64535
internal_count=497 392 365 105 93
is_linear=0
shrinkage=0.03


Tree=109
num_leaves=5
num_cat=0
split_feature=3 22 24 16
split_gain=2.87337 3.27296 2.13091 1.93754
threshold=1.0000000180025095e-35 0.041865000000000006 0.8762835000000001 0.18622950000000002
decision_type=10 8 2 8
left_child=1 3 -3 -1
right_child=-2 2 -4 -5
leaf_value=-0.021819983565907794 0.016276318737165289 -0.0076639962640240276 0.0064652808170387165 0
leaf_weight=7.3525993637740585 5.5592796429991713 10.319362558424471 26.054260570555925 3.8492410257458696
leaf_count=92 43 97 237 30
internal_value=0 -0.00250957 0.00141629 -0.014976
internal_weight=53.1347 47.5755 36.3736 11.2018
internal_count=499 456 334 122
is_linear=0
shrinkage=0.03


Tree=110
num_leaves=5
num_cat=0
split_feature=4 21 24 25
split_gain=3.68115 3.43255 1.4525 1.23813
threshold=1.0000000180025095e-35 0.11378600000000001 0.86084600000000011 0.74630450000000004
decision_type=10 8 2 2
left_child=1 3 -3 -1
right_child=-2 2 -4 -5
leaf_value=-0.015815209370304662 0.017563819836737059 -0.0069674440067922479 0.0062763478372867285 0
leaf_weight=14.917193543165924 6.2483349665999404 5.8463996052742031 23.908307339996099 1.8891679048538197
leaf_count=143 48 61 235 8
internal_value=0 -0.00304668 0.00235841 -0.0130385
internal_weight=52.8094 46.5611 29.7547 16.8064
internal_count=495 447 296 151
is_linear=0
shrinkage=0.03


Tree=111
num_leaves=7
num_cat=0
split_feature=25 25 2 23 21 23
split_gain=2.17137 2.07197 1.45489 0.950665 0.346834 0.220929
threshold=0.16991550000000002 0.089477000000000015 0.32575750000000009 0.0074560000000000008 0.33112350000000007 0.014006000000000003
decision_type=2 2 10 8 10 10
left_child=1 3 -2 -1 -3 -4
right_child=2 4 5 -5 -6 -7
leaf_value=-0.0062219813556809479 0.012649146344496086 -0.015775134904120847 0.003072611992029893 0.0064007490018067629 0 -0.0039172347536113846
leaf_weight=2.9509163424372735 21.556154754012827 5.7686001881957045 4.2932386733591539 14.916925989091395 0.77014630287885655 5.4707218408584595
leaf_count=41 188 76 42 122 4 34
internal_value=0.00364301 -0.00203966 0.00873662 0.00228367 -0.0140014 0
internal_weight=55.7267 24.4066 31.3201 17.8678 6.53875 9.76396
internal_count=507 243 264 163 80 76
is_linear=0
shrinkage=0.03


Tree=112
num_leaves=7
num_cat=0
split_feature=20 25 24 24 24 21
split_gain=3.1691 2.39924 2.12479 2.06371 0.724351 0.477819
threshold=0.27370350000000004 0.28363100000000002 0.85432050000000015 0.89680000000000015 0.92614150000000006 0.24561150000000001
decision_type=10 2 2 2 2 10
left_child=1 3 -3 -1 5 -2
right_child=4 2 -4 -5 -6 -7
leaf_value=0.0050221302225543045 -0.02048244664709703 -0.0045030341151068862 0.015459889931494528 -0.010034120653133664 0 0
leaf_weight=15.947251182049515 4.035509765148162 2.0446884520351913 17.994035169482231 10.756375573575495 1.5885278433561323 1.1822020858526228
leaf_count=140 43 20 150 138 8 6
internal_value=0.00112412 0.00460315 0.0117997 -0.000433535 -0.013808 -0.017517
internal_weight=53.5486 46.7424 20.0387 26.7036 6.80624 5.21771
internal_count=505 448 170 278 57 49
is_linear=0
shrinkage=0.03


Tree=113
num_leaves=5
num_cat=0
split_feature=3 25 22 18
split_gain=2.85043 2.29432 2.75519 0.268079
threshold=1.0000000180025095e-35 0.71528900000000017 0.057707000000000001 0.038222500000000006
decision_type=10 2 8 8
left_child=1 2 -1 -3
right_child=-2 3 -4 -5
leaf_value=-0.016745776666197525 0.016405125123740285 0 0 0.01397318740880176
leaf_weight=10.066615983843802 5.6844237372279158 1.3112526535987843 33.113294176757336 3.914915282279253
leaf_count=111 46 6 313 30
internal_value=7.17862e-05 -0.00210813 -0.00506451 0.0116102
internal_weight=54.0905 48.4061 43.1799 5.22617
internal_count=506 460 424 36
is_linear=0
shrinkage=0.03


Tree=114
num_leaves=7
num_cat=0
split_feature=23 21 23 3 7 17
split_gain=2.75991 3.03415 1.4994 1.3953 1.2742 0.0724208
threshold=0.0074560000000000008 1.0000000180025095e-35 0.07700750000000002 1.5000000000000002 1.0000000180025095e-35 0.014187500000000002
decision_type=8 10 10 10 10 10
left_child=3 2 -2 5 -3 -1
right_child=1 4 -4 -5 -6 -7
leaf_value=0 0.0005701506574121583 0.015723790706297758 -0.015026786789246698 0.0011999826552707264 0 -0.019544333439595944
leaf_weight=2.1103687435388556 21.611979641020302 15.710334539413454 3.3617519512772551 1.0536602139472959 4.2499487921595565 4.798342052847147
leaf_count=43 260 72 25 9 31 62
internal_value=0.000644413 0.0041947 -0.00184331 -0.0123193 0.0123097 -0.0171478
internal_weight=52.8964 44.934 24.9737 7.96237 19.9603 6.90871
internal_count=502 388 285 114 103 105
is_linear=0
shrinkage=0.03


Tree=115
num_leaves=5
num_cat=0
split_feature=3 22 20 2
split_gain=2.25242 2.27007 2.69934 1.39218
threshold=1.5000000000000002 0.040069000000000007 0.059589500000000011 0.41428550000000003
decision_type=10 8 10 8
left_child=1 2 -1 -3
right_child=-2 3 -4 -5
leaf_value=0.0010322028585971535 0.015844939746963688 0.0083146069420645483 -0.022320931879733871 -0.0022923992966378919
leaf_weight=3.9493943154811841 4.5483302175998679 14.211237519979475 6.0836662203073502 22.822510413825512
leaf_count=52 42 69 67 273
internal_value=0.000145185 -0.00163129 -0.0127048 0.00134659
internal_weight=51.6151 47.0668 10.0331 37.0337
internal_count=503 461 119 342
is_linear=0
shrinkage=0.03


Tree=116
num_leaves=7
num_cat=0
split_feature=25 22 19 24 24 20
split_gain=3.1509 1.45946 1.91975 1.44714 1.36408 0.0523033
threshold=0.59112300000000007 0.044478500000000004 0.18328200000000003 0.92614150000000006 0.96226850000000008 0.056888000000000008
decision_type=2 8 10 2 2 10
left_child=1 4 -3 5 -1 -2
right_child=3 2 -4 -5 -6 -7
leaf_value=-0.016448755965624864 0.0019554485688871854 -0.0048243788852524588 0.01008493168473267 0.019980374914554351 0.00079629375504409409 -0.0020990351765948507
leaf_weight=9.2995147444307786 3.2028899043798429 23.83554590493441 7.8468599319457999 5.388804703950882 1.2687252238392819 2.3006652817130089
leaf_count=116 28 255 41 44 11 14
internal_value=0 -0.00417646 0 0.0121372 -0.0124491 0
internal_weight=53.143 42.2506 31.6824 10.8924 10.5682 5.50356
internal_count=509 423 296 86 127 42
is_linear=0
shrinkage=0.03


Tree=117
num_leaves=6
num_cat=0
split_feature=18 25 3 22 24
split_gain=3.26205 4.7526 4.27106 2.4794 0.831363
threshold=0.29966750000000003 0.58164000000000005 1.5000000000000002 0.044478500000000004 0.90093800000000013
decision_type=10 2 10 10 2
left_child=1 2 -1 -2 -3
right_child=3 4 -4 -5 -6
leaf_value=-0.01278421363890403 -0.0036516117118456214 0 0.012804853174980493 0.02081595258988404 0.016693402077910938
leaf_weight=32.854711286723614 1.8085200041532496 2.3804269731044752 3.3825123161077491 7.3671748265624046 6.2371509969234467
leaf_count=363 15 18 30 33 49
internal_value=0 -0.00357336 -0.00883465 0.013818 0.0125366
internal_weight=54.0305 44.8548 36.2372 9.17569 8.61758
internal_count=508 460 393 48 67
is_linear=0
shrinkage=0.03


Tree=118
num_leaves=7
num_cat=0
split_feature=25 18 4 24 21 19
split_gain=2.66123 2.6684 1.7077 1.69063 2.33361 0.184316
threshold=0.21718250000000003 0.27931800000000007 1.0000000180025095e-35 0.92023500000000003 0.0011505000000000003 0.21089000000000002
decision_type=2 10 8 2 10 10
left_child=1 2 -1 4 -2 -3
right_child=3 5 -4 -5 -6 -7
leaf_value=-0.015777331132577607 -0.0063994609971596821 0.014874499186894423 0 0.018507186177597029 0.012962307733652057 0
leaf_weight=8.8232792466878944 8.8590307906270045 2.8267932906746855 13.235380578786133 10.100412815809248 6.7424542084336272 2.3046275749802589
leaf_count=101 100 11 160 83 37 13
internal_value=0.0035909 -0.00205838 -0.007491 0.010203 0.00109633 0.0117534
internal_weight=52.892 27.1901 22.0587 25.7019 15.6015 5.13142
internal_count=505 285 261 220 137 24
is_linear=0
shrinkage=0.03


Tree=119
num_leaves=7
num_cat=0
split_feature=21 23 25 9 25 25
split_gain=2.13992 1.82209 1.73293 2.01361 1.10292 0.309201
threshold=0.044095000000000002 1.0000000180025095e-35 0.71528900000000017 8.4592630000000018 0.029930000000000002 0.28363100000000002
decision_type=8 10 2 10 2 2
left_child=2 5 3 -1 -3 -2
right_child=1 4 -4 -5 -6 -7
leaf_value=-0.017617185358877057 -0.0035837014636005797 0 0.0047559142195890674 0.0026649143475849699 0.016084969563900233 0.0022898427589407157
leaf_weight=11.684153072535992 14.028015725314619 2.5928454771637908 2.3610007613897315 1.9975193515419967 9.4273384734988195 8.5252467580139619
leaf_count=131 178 13 12 14 52 96
internal_value=0 0.00394115 -0.00839583 -0.0129109 0.0121646 -0.000181281
internal_weight=50.6161 34.5734 16.0427 13.6817 12.0202 22.5533
internal_count=496 339 157 145 65 274
is_linear=0
shrinkage=0.03


Tree=120
num_leaves=5
num_cat=0
split_feature=3 22 19 19
split_gain=3.01537 1.76535 1.51424 1.18679
threshold=1.0000000180025095e-35 0.040069000000000007 0.1901245 0.11407300000000002
decision_type=10 8 10 10
left_child=1 3 -3 -1
right_child=-2 2 -4 -5
leaf_value=0 0.016963651054528014 -0.0015461277878586076 0.011129625300808972 -0.018342750128100545
leaf_weight=5.4940165057778341 6.0654401555657378 29.208081688731909 7.6913819462060919 5.1836077198386192
leaf_count=66 52 308 37 59
internal_value=0.000726489 -0.0016338 0.000982301 -0.0111003
internal_weight=53.6425 47.5771 36.8995 10.6776
internal_count=522 470 345 125
is_linear=0
shrinkage=0.03


Tree=121
num_leaves=5
num_cat=0
split_feature=3 24 22 16
split_gain=2.52392 1.80923 1.89722 1.10689
threshold=1.5000000000000002 0.86084600000000011 0.041865000000000006 0.33139250000000003
decision_type=10 2 8 10
left_child=1 3 -3 -1
right_child=-2 2 -4 -5
leaf_value=-0.016073213170788664 0.016443830152190711 -0.0082921907673895595 0.0052988950147827459 0
leaf_weight=7.7013059332966787 4.7953054755926123 9.477978050708769 28.12220723554492 2.5136061422526836
leaf_count=86 44 104 267 17
internal_value=0.000121481 -0.00179925 0.000774468 -0.0115682
internal_weight=52.6104 47.8151 37.6002 10.2149
internal_count=518 474 371 103
is_linear=0
shrinkage=0.03


Tree=122
num_leaves=7
num_cat=0
split_feature=21 15 6 16 20 22
split_gain=2.30836 2.17765 1.43408 1.3297 1.06015 0.121792
threshold=0.094693500000000014 0.051011500000000008 8.4887085000000031 0.025125000000000005 0.27370350000000004 0.063792500000000016
decision_type=10 10 8 10 8 10
left_child=1 3 -3 -1 5 -2
right_child=4 2 -4 -5 -6 -7
leaf_value=-0.0013806072941043215 0 -0.017320515156970331 0.00063038526704252895 0.010881981383280705 0 0.015791976300521107
leaf_weight=25.61155840754509 1.3925896361470194 8.3354137688875163 1.3392775952816016 7.0149311348795882 2.467113859951497 8.9883722662925702
leaf_count=332 11 64 12 46 14 46
internal_value=0.000870007 -0.00207762 -0.0129076 0.00110819 0.011024 0.0146711
internal_weight=55.1493 42.3012 9.67469 32.6265 12.8481 10.381
internal_count=525 454 76 378 71 57
is_linear=0
shrinkage=0.03


Tree=123
num_leaves=7
num_cat=0
split_feature=22 18 25 6 21 25
split_gain=2.47914 1.92094 1.20754 1.23239 1.06259 0.796117
threshold=0.040069000000000007 0.12250800000000002 0.74630450000000004 8.6832670000000025 0.07482900000000002 0.029930000000000002
decision_type=8 10 2 8 8 2
left_child=2 4 3 -1 -2 -3
right_child=1 5 -4 -5 -6 -7
leaf_value=-0.015228004939768882 -0.009894805440598153 0 0.0036438658768338859 0.00046571484579499811 0.0036166977724619038 0.018762747996429942
leaf_weight=10.135764941573139 3.0951592773199108 2.3061877191066733 1.5759130343794812 1.4236008152365691 24.737545322626829 8.1755386963486654
leaf_count=124 24 11 9 12 277 38
internal_value=0.00178129 0.00600972 -0.00751752 -0.011537 0.000324587 0.0154491
internal_weight=51.4497 38.3144 13.1353 11.5594 27.8327 10.4817
internal_count=495 350 145 136 301 49
is_linear=0
shrinkage=0.03


Tree=124
num_leaves=5
num_cat=0
split_feature=3 18 25 23
split_gain=3.00228 2.36531 3.13978 1.92954
threshold=1.5000000000000002 0.29966750000000003 0.58164000000000005 0.50185950000000012
decision_type=10 10 2 10
left_child=1 2 -1 -3
right_child=-2 3 -4 -5
leaf_value=-0.011541665755696826 0.01615988241260052 0.016618743880752747 0.0058244400278353887 -0.0051071160945709189
leaf_weight=31.513749036937952 4.6871365681290618 5.3451669141650191 8.1956452280282956 1.8276570141315458
leaf_count=365 44 27 64 11
internal_value=-0.000639256 -0.00379107 -0.00709768 0.00826032
internal_weight=51.5694 46.8822 39.7094 7.17282
internal_count=511 467 429 38
is_linear=0
shrinkage=0.03


Tree=125
num_leaves=7
num_cat=0
split_feature=23 23 3 25 2 20
split_gain=2.10073 2.67542 1.33172 0.963993 0.886472 0.0939063
threshold=0.0063255000000000013 0.13196500000000003 1.5000000000000002 0.64679950000000008 0.32575750000000009 0.010883000000000002
decision_type=8 8 10 2 8 10
left_child=2 4 5 -3 -2 -1
right_child=1 3 -4 -5 -6 -7
leaf_value=0 0.020493813806159323 -0.0033854412439377258 0.0010202700665536747 0.0080642084087872053 0 -0.018945522573093818
leaf_weight=1.6742989160120476 5.6266023069620106 28.278976183384657 1.0527129173278806 4.8922791816294184 2.7513493373990068 4.6557802893221378
leaf_count=36 27 287 11 46 16 64
internal_value=0 0.00307628 -0.011895 -0.000338616 0.015758 -0.0168957
internal_weight=48.932 41.5492 7.38279 33.1713 8.37795 6.33008
internal_count=487 376 111 333 43 100
is_linear=0
shrinkage=0.03


Tree=126
num_leaves=5
num_cat=0
split_feature=3 22 18 20
split_gain=2.0149 2.24967 2.06733 0.786416
threshold=1.5000000000000002 0.040069000000000007 0.29966750000000003 0.059589500000000011
decision_type=10 8 10 10
left_child=1 3 -3 -1
right_child=-2 2 -4 -5
leaf_value=0 0.015453143272876932 -0.0010975773783407218 0.014177986919433783 -0.017502811873414143
leaf_weight=4.1820460222661477 4.4002812728285781 28.95893207192421 6.7530781775712958 5.6714539527893066
leaf_count=57 43 295 31 61
internal_value=0.000553081 -0.00113379 0.00189093 -0.012313
internal_weight=49.9658 45.5655 35.712 9.8535
internal_count=487 444 326 118
is_linear=0
shrinkage=0.03


Tree=127
num_leaves=6
num_cat=0
split_feature=23 9 23 21 24
split_gain=3.28258 1.96858 1.62278 2.80437 1.02478
threshold=0.0063255000000000013 8.2542165000000018 0.24989150000000002 0.044095000000000002 0.92614150000000006
decision_type=8 10 8 10 2
left_child=1 -1 3 -2 -4
right_child=2 -3 4 -5 -6
leaf_value=-0.020983166269152392 0 0.0015186155379649699 -0.0037102766549758333 0.02186189654786232 0.006924885450785916
leaf_weight=6.2182286344468585 6.751218453049658 1.4634538069367407 22.106083091348413 6.7113311663269997 9.0258000902831537
leaf_count=107 39 12 220 37 99
internal_value=0 -0.0146652 0.00371545 0.0113414 0
internal_weight=52.2761 7.68168 44.5944 13.4625 31.1319
internal_count=514 119 395 76 319
is_linear=0
shrinkage=0.03


Tree=128
num_leaves=7
num_cat=0
split_feature=25 25 24 24 21 18
split_gain=3.13778 1.91616 1.78649 1.48436 1.17485 1.03977
threshold=0.16991550000000002 0.049255500000000008 0.90093800000000013 0.86084600000000011 0.12386950000000001 0.33937650000000003
decision_type=2 2 2 2 10 10
left_child=1 3 4 -1 -2 -3
right_child=2 5 -4 -5 -6 -7
leaf_value=-0.01116680305962018 -0.0061392508332878855 -0.01702747190654802 0.01308197936861635 0.00780323654011648 0.010275498460644144 0
leaf_weight=1.8973164260387445 9.4805689044296759 9.5709468685090524 17.501572534441948 9.0062752328813058 2.5591545328497878 1.7719667106866825
leaf_count=21 93 128 159 83 14 10
internal_value=0.00110587 -0.00626284 0.00764269 0.000647346 0 -0.013743
internal_weight=51.7878 22.2465 29.5413 10.9036 12.0397 11.3429
internal_count=508 242 266 104 107 138
is_linear=0
shrinkage=0.03


Tree=129
num_leaves=5
num_cat=0
split_feature=3 22 23 16
split_gain=2.61768 2.33439 0.730591 0.641884
threshold=1.0000000180025095e-35 0.057707000000000001 0.0097775000000000015 0.21437600000000004
decision_type=10 8 10 8
left_child=1 3 -3 -1
right_child=-2 2 -4 -5
leaf_value=-0.017037955470650918 0.015087467289172422 -0.0017979695581327071 0.0063853583719168626 0
leaf_weight=7.8119030185043785 5.3022901117801657 22.589432630687952 11.24692143499851 4.15451329573989
leaf_count=101 49 279 53 33
internal_value=0 -0.00309023 0.000406193 -0.0130809
internal_weight=51.1051 45.8028 33.8364 11.9664
internal_count=515 466 332 134
is_linear=0
shrinkage=0.03


Tree=130
num_leaves=7
num_cat=0
split_feature=24 22 20 22 24 20
split_gain=1.6046 1.37031 1.95182 1.04177 0.826968 0.615943
threshold=0.8762835000000001 0.041865000000000006 0.27370350000000004 0.027005000000000005 0.81311350000000016 0.013798500000000002
decision_type=2 10 8 10 2 8
left_child=4 3 -3 -2 -1 -6
right_child=1 2 -4 -5 5 -7
leaf_value=0.00096329895100546689 0.0023077677293109654 0.016746628562717275 -0.0031076743230552704 -0.012739353569748642 0 -0.012253081958566574
leaf_weight=2.2619651667773715 23.055385481566194 10.035707257688042 2.1786826513707647 1.9222047999501217 0.96423292160033902 10.563549123704433
leaf_count=23 281 62 13 15 5 109
internal_value=0.00051812 0.00422061 0.0113189 0 -0.00665082 -0.0101003
internal_weight=50.9817 37.192 12.2144 24.9776 13.7897 11.5278
internal_count=508 371 75 296 137 114
is_linear=0
shrinkage=0.03


Tree=131
num_leaves=7
num_cat=0
split_feature=25 16 9 21 25 16
split_gain=3.61659 1.42138 1.17472 0.79096 1.30038 0.465404
threshold=0.16991550000000002 0.22921200000000003 8.419456000000002 0.12386950000000001 0.59112300000000007 0.44553150000000002
decision_type=2 10 10 10 2 10
left_child=1 2 -1 4 -2 -3
right_child=3 5 -4 -5 -6 -7
leaf_value=-0.014547462426574549 -0.00092544118019090554 0.0082622684592274648 0.0008172886608302513 0.017209567324211809 0.010818058926480963 -0.0018637734967819235
leaf_weight=14.551735455170274 15.832049299031501 2.9098253622651091 0.98917970061302263 4.9785832464694968 8.8990043103694898 3.1576875746250153
leaf_count=188 165 14 8 32 72 26
internal_value=0.000623794 -0.00750641 -0.0119775 0.00760033 0.00293159 0.00081081
internal_weight=51.3181 21.6084 15.5409 29.7096 24.7311 6.06751
internal_count=505 236 196 269 237 40
is_linear=0
shrinkage=0.03


Tree=132
num_leaves=5
num_cat=0
split_feature=3 22 18 16
split_gain=2.11095 2.70746 1.98668 0.822651
threshold=1.0000000180025095e-35 0.041865000000000006 0.31753750000000008 0.18622950000000002
decision_type=10 8 10 8
left_child=1 3 -3 -1
right_child=-2 2 -4 -5
leaf_value=-0.018018565097787584 0.014974997702912551 -0.00041303191358849848 0.01525569340764711 0
leaf_weight=6.4050475042313311 5.3372293561696997 30.730143845081329 5.4497370049357405 2.9834097176790246
leaf_count=89 51 317 25 26
internal_value=0.00075212 -0.00111815 0.00216884 -0.0136645
internal_weight=50.9056 45.5683 36.1799 9.38846
internal_count=508 457 342 115
is_linear=0
shrinkage=0.03


Tree=133
num_leaves=5
num_cat=0
split_feature=3 22 19 19
split_gain=1.97176 2.29588 0.849542 0.829266
threshold=1.5000000000000002 0.041865000000000006 0.11882000000000002 0.019205000000000003
decision_type=10 8 10 10
left_child=1 3 -3 -1
right_child=-2 2 -4 -5
leaf_value=0 0.014991466635100708 -0.00045628706284617926 0.0085345055526340925 -0.016413444314072694
leaf_weight=2.7677110731601697 4.239200346171855 25.825491223484278 8.5397249944508058 7.6840942930430174
leaf_count=49 43 280 43 76
internal_value=0 -0.00175701 0.00148087 -0.0125893
internal_weight=49.0562 44.817 34.3652 10.4518
internal_count=491 448 323 125
is_linear=0
shrinkage=0.03


Tree=134
num_leaves=5
num_cat=0
split_feature=25 24 18 24
split_gain=2.06631 2.11695 2.91016 1.32528
threshold=0.72520400000000007 0.86084600000000011 0.29966750000000003 0.81311350000000016
decision_type=2 2 10 2
left_child=1 3 -3 -1
right_child=-2 2 -4 -5
leaf_value=0 0.01483221040214432 -0.001740156362680857 0.017536344863229206 -0.01794781997330459
leaf_weight=2.3616890124976617 5.209408536553382 30.553470376878977 5.4915672577917567 6.5541484039276838
leaf_count=26 43 334 27 74
internal_value=0.000609749 -0.00123732 0.00155008 -0.012577
internal_weight=50.1703 44.9609 36.045 8.91584
internal_count=504 461 361 100
is_linear=0
shrinkage=0.03


Tree=135
num_leaves=5
num_cat=0
split_feature=21 20 25 20
split_gain=2.42701 2.02078 1.56791 1.41938
threshold=0.29816800000000004 0.059589500000000011 0.38787650000000007 0.0042925000000000003
decision_type=10 10 2 10
left_child=1 3 -3 -1
right_child=-2 2 -4 -5
leaf_value=-0.0028957100097458418 0.014725542891508198 -0.017645344321209681 0 0.0098913267989892383
leaf_weight=21.185200698673729 4.3240843489766112 9.3476459681987745 5.7106957361102095 8.0087861418724042
leaf_count=289 25 90 41 52
internal_value=-0.000638233 -0.00361398 -0.0116083 0.00027515
internal_weight=48.5764 44.2523 15.0583 29.194
internal_count=497 472 131 341
is_linear=0
shrinkage=0.03


Tree=136
num_leaves=4
num_cat=0
split_feature=20 4 19
split_gain=1.7797 1.45983 1.72263
threshold=0.45322100000000004 1.0000000180025095e-35 0.078375500000000015
decision_type=10 10 8
left_child=1 2 -1
right_child=-2 -3 -4
leaf_value=-0.0094643647523072767 -0.012586983693525847 0.015102727755198742 0.0042618532483157971
leaf_weight=7.0989368818700305 3.1132863461971274 6.1415290832519522 33.768440188840032
leaf_count=76 32 54 335
internal_value=0.0017363 0.00398296 0.000709449
internal_weight=50.1222 47.0089 40.8674
internal_count=497 465 411
is_linear=0
shrinkage=0.03


Tree=137
num_leaves=6
num_cat=0
split_feature=20 25 23 24 18
split_gain=2.41943 2.29783 1.20589 0.568615 0.152932
threshold=0.45322100000000004 0.16991550000000002 0.0097775000000000015 0.84373350000000014 0.33421300000000004
decision_type=10 2 10 2 10
left_child=1 2 -1 -3 -2
right_child=4 3 -4 -5 -6
leaf_value=-0.0070060354241012106 -0.015821390122317276 0 0.0052591702843768932 0.012630884828823167 0
leaf_weight=12.548668425530197 2.2854720670729871 2.3100142106413868 9.0112701281905156 21.804721634835005 1.025244280695915
leaf_count=181 25 21 48 206 7
internal_value=0.00275847 0.00533935 -0.000641907 0.0112727 -0.0137055
internal_weight=48.9854 45.6747 21.5599 24.1147 3.31072
internal_count=488 456 229 227 32
is_linear=0
shrinkage=0.03


Tree=138
num_leaves=6
num_cat=0
split_feature=5 24 2 15 22
split_gain=2.42294 1.94559 1.35767 1.07323 0.530507
threshold=1.5000000000000002 0.96451750000000003 0.32575750000000009 0.022550500000000005 0.044478500000000004
decision_type=10 2 10 10 10
left_child=1 2 -1 -2 -5
right_child=3 -3 -4 4 -6
leaf_value=-0.0024488163703775974 0 0.011045764863363885 -0.018376859444378526 0 0.018765986303974861
leaf_weight=31.471152206882834 3.0169221423566324 2.5898458361625663 5.3286552168428889 1.8550687134265897 5.2254813686013222
leaf_count=342 18 24 81 13 27
internal_value=-0.000147772 -0.00414544 -0.00672034 0.0105339 0.0154917
internal_weight=49.4871 39.3897 36.7998 10.0975 7.08055
internal_count=505 447 423 58 40
is_linear=0
shrinkage=0.03


Tree=139
num_leaves=7
num_cat=0
split_feature=20 24 25 17 17 23
split_gain=2.24482 1.28532 1.46285 0.956187 1.32092 0.0972645
threshold=0.27370350000000004 0.96226850000000008 0.64679950000000008 0.0056715000000000003 0.44578250000000003 0.044553000000000002
decision_type=8 2 2 10 10 10
left_child=3 2 -2 5 -5 -1
right_child=1 -3 -4 4 -6 -7
leaf_value=-0.0050267499141956589 -0.012107075249818024 0.0061624173431690105 0.0017771360552487935 0.011627520313132127 -0.0025760086223445096 0
leaf_weight=2.0784960072487624 19.603034731000669 1.7870576232671727 3.9168703556060782 18.809064298868183 2.5628502517938605 0.94293586909770954
leaf_count=42 252 19 37 127 18 7
internal_value=0 -0.00607146 -0.00872418 0.00597167 0.00858592 -0.00260261
internal_weight=49.7003 25.307 23.5199 24.3933 21.3719 3.02143
internal_count=502 308 289 194 145 49
is_linear=0
shrinkage=0.03


Tree=140
num_leaves=6
num_cat=0
split_feature=4 17 5 17 19
split_gain=1.68137 1.84301 1.31071 1.12029 0.542113
threshold=1.0000000180025095e-35 0.18755600000000003 1.5000000000000002 0.50368900000000016 0.11407300000000002
decision_type=10 8 8 8 10
left_child=1 2 -1 -3 -2
right_child=4 3 -4 -5 -6
leaf_value=-0.016265830078665139 0.016159022817557833 0.0099316117780097104 0 -0.00071427499857219833 0
leaf_weight=7.6270403768867228 4.2963593304157248 8.3800516370683926 5.7901900261640558 22.032477585598826 1.8359910249710081
leaf_count=99 39 52 31 277 17
internal_value=0.000287428 -0.0014637 -0.00997045 0.00194963 0.0124577
internal_weight=49.9621 43.8298 13.4172 30.4125 6.13235
internal_count=515 459 130 329 56
is_linear=0
shrinkage=0.03


Tree=141
num_leaves=6
num_cat=0
split_feature=21 15 23 15 15
split_gain=2.18677 2.08447 0.997767 0.876155 0.63547
threshold=0.094693500000000014 0.086426500000000003 0.0014810000000000001 0.06868550000000001 0.022550500000000005
decision_type=10 10 10 10 10
left_child=1 4 -2 -4 -1
right_child=2 -3 3 -5 -6
leaf_value=-0.0023451391498150462 -0.00040037529729892421 -0.016749934546113399 0 0.016382922677229659 0.0068970114703008545
leaf_weight=26.686138544231653 1.5360366404056538 5.8783493135124436 2.2686633542180052 8.3226658254861814 5.5909092351794234
leaf_count=345 15 53 15 45 35
internal_value=0 -0.00386531 0.00945801 0.0128678 0
internal_weight=50.2828 38.1554 12.1274 10.5913 32.277
internal_count=508 433 75 60 380
is_linear=0
shrinkage=0.03


Tree=142
num_leaves=7
num_cat=0
split_feature=25 18 25 16 2 18
split_gain=3.17541 2.1053 1.42721 0.802999 0.610461 0.134738
threshold=0.21718250000000003 0.29966750000000003 0.054727500000000005 0.026115500000000003 1.0000000180025095e-35 0.37522800000000006
decision_type=2 10 2 8 8 10
left_child=1 2 -1 -2 -5 -3
right_child=3 5 -4 4 -6 -7
leaf_value=0 0 0.010111075924902891 -0.016711784014854698 0 0.012260778917209758 0
leaf_weight=10.382371481508022 3.2405898012220886 1.9994451850652684 9.9997698683291656 1.3209790699183965 19.255371063947678 2.0325487479567528
leaf_count=109 32 9 143 15 169 13
internal_value=0.001053 -0.00553942 -0.0100169 0.00879313 0.0108904 0.00744575
internal_weight=48.2311 24.4141 20.3821 23.8169 20.5764 4.03199
internal_count=490 274 252 216 184 22
is_linear=0
shrinkage=0.03


Tree=143
num_leaves=7
num_cat=0
split_feature=22 15 23 23 4 16
split_gain=1.77499 1.71885 1.56244 1.73816 1.03824 0.827958
threshold=0.040069000000000007 0.018980000000000004 1.0000000180025095e-35 0.57592050000000017 3.5000000000000004 1.0000000180025095e-35
decision_type=10 10 10 10 10 10
left_child=1 5 -2 -4 -3 -1
right_child=2 4 3 -5 -6 -7
leaf_value=-0.00087375279706783122 -0.0042730568735976542 -0.017813400807225571 0.016247341961053093 -0.0016072536794157477 0 0.010405873561421055
leaf_weight=22.72253400459886 2.2123153023421791 5.3378064092248669 13.555545609444378 2.2857901006937018 1.2352406010031698 3.8055352400988331
leaf_count=307 22 49 72 14 12 43
internal_value=0.00126607 -0.00220635 0.00846483 0.0122331 -0.0133702 0.000621185
internal_weight=51.1548 33.1011 18.0537 15.8413 6.57305 26.5281
internal_count=519 411 108 86 61 350
is_linear=0
shrinkage=0.03


Tree=144
num_leaves=5
num_cat=0
split_feature=3 2 2 20
split_gain=2.37315 1.08591 1.62619 0.781175
threshold=1.0000000180025095e-35 0.32575750000000009 1.0000000180025095e-35 0.0088515000000000017
decision_type=10 10 10 10
left_child=1 2 -1 -3
right_child=-2 3 -4 -5
leaf_value=-0.0029883722043835808 0.014938085509871033 0 0.011384827981870646 -0.012738293699818912
leaf_weight=28.172748740762472 5.1887976229190818 1.4249773956835259 6.1439251750707617 9.2572336886078102
leaf_count=317 50 24 30 84
internal_value=0 -0.00253534 0 -0.00969432
internal_weight=50.1877 44.9989 34.3167 10.6822
internal_count=505 455 347 108
is_linear=0
shrinkage=0.03


Tree=145
num_leaves=5
num_cat=0
split_feature=3 18 22 20
split_gain=1.59375 1.45162 1.82929 1.2505
threshold=1.0000000180025095e-35 0.14212550000000004 0.057707000000000001 0.034742000000000009
decision_type=10 8 10 10
left_child=1 3 -3 -1
right_child=-2 2 -4 -5
leaf_value=0 0.01348650809683952 -0.0016992763111838469 0.01230244853825044 -0.015681395372919765
leaf_weight=5.0517726540565473 4.7445282340049735 23.819123685359958 8.0591349601745588 6.6378023289144039
leaf_count=55 48 282 39 67
internal_value=0.000579154 -0.000960511 0.00173407 -0.0092045
internal_weight=48.3124 43.5678 31.8783 11.6896
internal_count=491 443 321 122
is_linear=0
shrinkage=0.03


Tree=146
num_leaves=5
num_cat=0
split_feature=3 20 5 17
split_gain=1.74693 1.91473 2.42676 1.95431
threshold=1.5000000000000002 0.059589500000000011 1.5000000000000002 0.14795400000000003
decision_type=10 10 10 10
left_child=1 3 -3 -1
right_child=-2 2 -4 -5
leaf_value=-0.0015989497315405817 0.013647463536622171 -0.016913143572389881 0.0027584076447533081 0.015123404934480902
leaf_weight=24.705136708915237 3.7793606780469409 11.366353556513785 4.3659761995077124 4.6047705374658099
leaf_count=316 42 102 23 25
internal_value=0 -0.00253841 -0.010285 0.00126001
internal_weight=48.8216 45.0422 15.7323 29.3099
internal_count=508 466 125 341
is_linear=0
shrinkage=0.03


Tree=147
num_leaves=6
num_cat=0
split_feature=4 25 18 18 19
split_gain=2.11628 2.2717 2.17021 0.294372 0.0751183
threshold=1.0000000180025095e-35 0.71528900000000017 0.3261150000000001 0.038222500000000006 0.11407300000000002
decision_type=10 2 8 8 10
left_child=1 2 -1 -3 -2
right_child=4 3 -4 -5 -6
leaf_value=-0.012697408589003785 0.01596608655708931 0 0 0.014608797903060307 0
leaf_weight=15.483592187985776 4.1830605268478385 1.3383587449789036 24.177159462124109 3.6833480894565582 1.5849797651171682
leaf_count=158 38 7 268 29 16
internal_value=0.000216525 -0.00173593 -0.00490604 0.0120326 0.0141818
internal_weight=50.4505 44.6825 39.6608 5.02171 5.76804
internal_count=516 462 426 36 54
is_linear=0
shrinkage=0.03


Tree=148
num_leaves=4
num_cat=0
split_feature=4 9 16
split_gain=2.24133 1.79099 1.80888
threshold=1.0000000180025095e-35 1.0000000180025095e-35 0.22921200000000003
decision_type=10 10 10
left_child=1 2 -1
right_child=-2 -3 -4
leaf_value=-0.0019437542240002565 0.015817017150605996 -0.017115863404262872 0.01131379406352832
leaf_weight=32.124038334935904 5.4586941152811042 2.4509327299892893 8.9191055074334127
leaf_count=380 51 18 50
internal_value=0.0014835 -0.000574689 0.000830499
internal_weight=48.9528 43.4941 41.0431
internal_count=499 448 430
is_linear=0
shrinkage=0.03


Tree=149
num_leaves=5
num_cat=0
split_feature=4 7 23 4
split_gain=1.72354 1.61325 1.70049 0.215897
threshold=1.0000000180025095e-35 1.0000000180025095e-35 0.0074560000000000008 1.0000000180025095e-35
decision_type=8 10 10 10
left_child=1 2 -1 -2
right_child=3 -3 -4 -5
leaf_value=-0.009096422796915268 0.0036198701177228218 -0.016803352238783147 0.0065886570016010912 0.015147075143664325
leaf_weight=5.6685860585421386 20.42978418245912 2.3566547669470301 15.976447608321903 5.2305757775902739
leaf_count=102 255 17 81 51
internal_value=0.0031455 -0.00162336 0.000656367 0.00835586
internal_weight=49.662 24.0017 21.645 25.6604
internal_count=506 200 183 306
is_linear=0
shrinkage=0.03


Tree=150
num_leaves=4
num_cat=0
split_feature=25 4 24
split_gain=2.18834 2.35344 1.00441
threshold=0.71528900000000017 1.0000000180025095e-35 0.86084600000000011
decision_type=2 10 2
left_child=1 2 -1
right_child=-2 -3 -4
leaf_value=-0.013649818850103905 0.014618850743067275 0.011749521408214132 -0.0012114511114254072
leaf_weight=8.5038629304617626 5.0914717987179747 4.7801077030599108 27.596928412094712
leaf_count=97 43 43 305
internal_value=0 -0.00233997 -0.00573115
internal_weight=45.9724 40.8809 36.1008
internal_count=488 445 402
is_linear=0
shrinkage=0.03


Tree=151
num_leaves=6
num_cat=0
split_feature=20 20 5 22 16
split_gain=1.85049 1.53418 1.06939 0.716887 0.175039
threshold=0.27370350000000004 0.019839500000000006 4.5000000000000009 0.025934500000000003 0.033660500000000003
decision_type=10 10 10 10 8
left_child=1 4 -2 -3 -1
right_child=2 3 -4 -5 -6
leaf_value=-0.0056921514698771236 -0.017355825750923804 0 0 0.012334712010863065 0
leaf_weight=2.3526419252157238 4.28328613936901 4.1487052142620113 1.0186975896358488 13.073916431516407 22.324609577655792
leaf_count=44 45 47 5 81 277
internal_value=0.000173782 0.00311439 -0.0121792 0.00943544 -0.000757798
internal_weight=47.2019 41.8999 5.30198 17.2226 24.6773
internal_count=499 449 50 128 321
is_linear=0
shrinkage=0.03


Tree=152
num_leaves=5
num_cat=0
split_feature=3 22 24 24
split_gain=1.75087 1.94361 1.05944 0.849491
threshold=1.5000000000000002 0.040069000000000007 0.85071050000000004 0.80037950000000013
decision_type=10 8 2 2
left_child=1 3 -3 -1
right_child=-2 2 -4 -5
leaf_value=0 0.013015845250111338 -0.0086401052637490629 0.0030324459131902651 -0.016431328641977629
leaf_weight=0.55316426977515121 3.5787282586097708 6.0357785597443572 27.335706539452076 8.0956384893506748
leaf_count=4 42 63 264 113
internal_value=-0.000651576 -0.00327172 0 -0.0138396
internal_weight=45.599 42.0203 33.3715 8.6488
internal_count=486 444 327 117
is_linear=0
shrinkage=0.03


Tree=153
num_leaves=5
num_cat=0
split_feature=20 18 4 7
split_gain=2.09149 0.843758 2.30528 1.21941
threshold=0.45322100000000004 0.12250800000000002 1.0000000180025095e-35 1.0000000180025095e-35
decision_type=10 10 8 8
left_child=1 2 -1 -3
right_child=-2 3 -4 -5
leaf_value=-0.0086590755206635631 -0.013132588773499451 0.015284570068676822 0.006842428830100898 -0.00023715014614510561
leaf_weight=9.0521792992949468 2.7414169944822779 10.228635661303993 23.253297079354525 1.4647206775844104
leaf_count=103 30 58 283 13
internal_value=0.00283495 0.00524291 0.0012824 0.0116471
internal_weight=46.7402 43.9988 32.3055 11.6934
internal_count=487 457 386 71
is_linear=0
shrinkage=0.03


Tree=154
num_leaves=6
num_cat=0
split_feature=4 18 19 17 22
split_gain=2.8547 1.63643 0.977225 0.636449 0.561846
threshold=1.0000000180025095e-35 0.29966750000000003 0.11882000000000002 0.41630950000000005 0.057707000000000001
decision_type=8 10 8 8 10
left_child=1 2 -1 -2 -3
right_child=3 4 -4 -5 -6
leaf_value=-0.01837097183469737 0.014714192889925926 -0.0024426701025535989 0 0.0016011889857757626 0.0086047412572472885
leaf_weight=7.8527123611420402 5.0375896245241192 1.9564038030803192 8.0306245442479849 19.823625933378935 3.8743878751993179
leaf_count=89 50 15 70 247 20
internal_value=0 -0.00737255 -0.0121404 0.00663329 0.00193023
internal_weight=46.5753 21.7141 15.8833 24.8612 5.83079
internal_count=491 194 159 297 35
is_linear=0
shrinkage=0.03


Tree=155
num_leaves=7
num_cat=0
split_feature=5 15 25 24 23 15
split_gain=1.79724 0.911859 1.42943 0.597845 0.544361 0.0638195
threshold=1.5000000000000002 0.34860600000000003 0.25873400000000008 0.86084600000000011 0.23505250000000003 0.016205500000000001
decision_type=8 10 2 2 10 10
left_child=1 2 -1 5 -5 -2
right_child=3 -3 -4 4 -6 -7
leaf_value=-0.013650613911292738 -0.0028841947059954028 0.0037356377804772861 0.00046771806950114832 0.0093882495069430513 0 0
leaf_weight=10.016863916069271 3.9047324582934406 2.8739511109888545 5.1302863284945479 24.399377170950178 1.5682445615530003 0.80762675404548634
leaf_count=119 53 17 54 252 10 4
internal_value=0.00182182 -0.00437382 -0.00792882 0.00641724 0.00815198 0
internal_weight=48.7011 18.0211 15.1472 30.68 25.9676 4.71236
internal_count=509 190 173 319 262 57
is_linear=0
shrinkage=0.03


Tree=156
num_leaves=6
num_cat=0
split_feature=23 21 24 9 9
split_gain=1.88216 1.84181 1.47452 1.38925 0.889318
threshold=0.0063255000000000013 0.094693500000000014 0.92562600000000017 8.2542165000000018 1.0000000180025095e-35
decision_type=8 10 2 10 8
left_child=3 2 -2 -1 -3
right_child=1 4 -4 -5 -6
leaf_value=-0.019065786549980781 -0.0064971859690120433 0.015136009896673646 0.0054993087083300288 0 0
leaf_weight=5.1218925882130852 22.087382134050134 7.4286875016987297 9.6743280477821809 1.4318343810737131 1.6288967318832881
leaf_count=101 227 39 103 17 15
internal_value=-0.00104034 0.00102951 -0.00182089 -0.0133474 0.0114791
internal_weight=47.373 40.8193 31.7617 6.55373 9.05758
internal_count=502 384 330 118 54
is_linear=0
shrinkage=0.03


Tree=157
num_leaves=7
num_cat=0
split_feature=24 24 20 5 5 3
split_gain=1.48598 2.14784 0.764737 0.739289 0.275726 0.0885398
threshold=0.92562600000000017 0.90871600000000019 0.015840000000000003 1.5000000000000002 4.5000000000000009 1.0000000180025095e-35
decision_type=2 2 8 10 10 10
left_child=1 3 5 -1 -4 -2
right_child=2 -3 4 -5 -6 -7
leaf_value=-0.0014256716906389611 -0.0043133805292512517 -0.01674521818989395 0.011693227244795332 0.0090636273215238747 0 0
leaf_weight=23.207347603514794 1.2829733472317428 4.957972537726163 11.447703812271355 4.4509897902607909 1.0692971572279937 0.5967595949769019
leaf_count=251 30 57 121 23 7 7
internal_value=2.71652e-05 -0.00289441 0.00772827 5.54241e-06 0.0105507 0
internal_weight=47.013 32.6163 14.3967 27.6583 12.517 1.87973
internal_count=496 331 165 274 128 37
is_linear=0
shrinkage=0.03


end of trees

feature_importances:
reranker_score_bge_reranker_v2_m3=114
shared_description_count_capped=66
max_category_share_percentile_gap_abs=65
embedding_cosine_bge_m3=64
repeated_title_share_percentile_gap_abs=62
description_length_median_percentile_gap_abs=57
shared_title_count_capped=56
repeated_description_share_percentile_gap_abs=51
punct_ratio_mean_percentile_gap_abs=34
profile_category_jaccard=29
item_count_percentile_gap_abs=27
digit_ratio_mean_percentile_gap_abs=24
price_median_percentile_gap_abs=22
shared_category_count_capped=17
shared_description_idf_mean=14
shared_description_idf_sum=13
title_length_median_percentile_gap_abs=10
shared_title_idf_sum=5
shared_low_df_sentence_count=1

parameters:
[boosting: gbdt]
[objective: binary]
[metric: binary_logloss,auc]
[tree_learner: serial]
[device_type: cpu]
[data_sample_strategy: bagging]
[data: ]
[valid: ]
[num_iterations: 160]
[learning_rate: 0.03]
[num_leaves: 7]
[num_threads: 0]
[seed: 20260320]
[deterministic: 1]
[force_col_wise: 1]
[force_row_wise: 0]
[histogram_pool_size: -1]
[max_depth: 3]
[min_data_in_leaf: 10]
[min_sum_hessian_in_leaf: 0.001]
[bagging_fraction: 0.8]
[pos_bagging_fraction: 1]
[neg_bagging_fraction: 1]
[bagging_freq: 1]
[bagging_seed: 20260320]
[bagging_by_query: 0]
[feature_fraction: 0.6]
[feature_fraction_bynode: 1]
[feature_fraction_seed: 20260320]
[extra_trees: 0]
[extra_seed: 10983]
[early_stopping_round: 0]
[early_stopping_min_delta: 0]
[first_metric_only: 0]
[max_delta_step: 0]
[lambda_l1: 1]
[lambda_l2: 3]
[linear_lambda: 0]
[min_gain_to_split: 0.05]
[drop_rate: 0.1]
[max_drop: 50]
[skip_drop: 0.5]
[xgboost_dart_mode: 0]
[uniform_drop: 0]
[drop_seed: 19421]
[top_rate: 0.2]
[other_rate: 0.1]
[min_data_per_group: 100]
[max_cat_threshold: 32]
[cat_l2: 10]
[cat_smooth: 10]
[max_cat_to_onehot: 4]
[top_k: 20]
[monotone_constraints: ]
[monotone_constraints_method: basic]
[monotone_penalty: 0]
[feature_contri: ]
[forcedsplits_filename: ]
[refit_decay_rate: 0.9]
[cegb_tradeoff: 1]
[cegb_penalty_split: 0]
[cegb_penalty_feature_lazy: ]
[cegb_penalty_feature_coupled: ]
[path_smooth: 0]
[interaction_constraints: ]
[verbosity: -1]
[saved_feature_importance_type: 0]
[use_quantized_grad: 0]
[num_grad_quant_bins: 4]
[quant_train_renew_leaf: 0]
[stochastic_rounding: 1]
[linear_tree: 0]
[max_bin: 255]
[max_bin_by_feature: ]
[min_data_in_bin: 3]
[bin_construct_sample_cnt: 200000]
[data_random_seed: 20260320]
[is_enable_sparse: 1]
[enable_bundle: 1]
[use_missing: 1]
[zero_as_missing: 0]
[feature_pre_filter: 1]
[pre_partition: 0]
[two_round: 0]
[header: 0]
[label_column: ]
[weight_column: ]
[group_column: ]
[ignore_column: ]
[categorical_feature: ]
[forcedbins_filename: ]
[precise_float_parser: 0]
[parser_config_file: ]
[objective_seed: 10697]
[num_class: 1]
[is_unbalance: 0]
[scale_pos_weight: 1]
[sigmoid: 1]
[boost_from_average: 1]
[reg_sqrt: 0]
[alpha: 0.9]
[fair_c: 1]
[poisson_max_delta_step: 0.7]
[tweedie_variance_power: 1.5]
[lambdarank_truncation_level: 30]
[lambdarank_norm: 1]
[label_gain: ]
[lambdarank_position_bias_regularization: 0]
[eval_at: ]
[multi_error_top_k: 1]
[auc_mu_weights: ]
[num_machines: 1]
[local_listen_port: 12400]
[time_out: 120]
[machine_list_filename: ]
[machines: ]
[gpu_platform_id: -1]
[gpu_device_id: -1]
[gpu_use_dp: 0]
[num_gpu: 1]

end of parameters

pandas_categorical:null
