tree
version=v4
num_class=1
num_tree_per_iteration=1
label_index=0
max_feature_idx=29
objective=binary sigmoid:1
feature_names=same_market_raw_bool same_source_dataset_bool profile_category_jaccard shared_title_count_capped shared_description_count_capped shared_category_count_capped shared_title_idf_sum shared_description_idf_sum shared_title_idf_mean shared_description_idf_mean boilerplate_ratio_max boilerplate_ratio_gap_abs shared_boilerplate_count shared_low_df_sentence_count shared_rare_ngram_count item_count_percentile_gap_abs price_median_percentile_gap_abs title_length_median_percentile_gap_abs description_length_median_percentile_gap_abs digit_ratio_mean_percentile_gap_abs punct_ratio_mean_percentile_gap_abs repeated_title_share_percentile_gap_abs repeated_description_share_percentile_gap_abs max_category_share_percentile_gap_abs has_shared_contact_exact has_shared_pgp_fingerprint shared_contact_count_capped shared_pgp_fingerprint_count_capped embedding_cosine_gte_multilingual_base reranker_score_gte_multilingual_reranker_base
feature_infos=[0:1] [0:1] [0:1] [0:5] [0:5] [0:5] [0:70.616864000000007] [0:79.443972000000002] [0:8.8271080000000008] [0:8.8271080000000008] [0:0.20000000000000001] [0:0.20000000000000001] [0:1] [0:9] [0:8] [0:0.70916299999999999] [0:0.96791400000000005] [0:0.92293000000000003] [0:0.86055700000000002] [0:0.89987799999999996] [0:0.92379500000000003] [0:0.78087600000000001] [0:0.625498] [0:0.99467300000000003] [0:1] [0:0] [0:3] [0:0] [0.88623300000000005:0.99821599999999999] [0.41123199999999999:0.96361600000000003]
tree_sizes=681 682 663 771 891 779 673 888 867 744 858 888 784 682 759 772 788 856 659 881 791 874 665 763 674 679 662 875 886 751 875 852 848 763 751 769 854 661 747 828 780 671 680 855 738 666 660 761 749 669 763 767 575 848 767 765 634 660 850 725 652 855 749 868 663 661 747 766 545 685 766 659 658 747 764 764 859 655 663 863 790 649 660 793 573 650 854 744 859 628 745 680 555 573 664 775 744 683 865 759 575 664 835 647 673 681 841 731 750 550 845 860 749 869 645 634 850 580 849 667 877 829 778 644 870 674 682 876 828

Tree=0
num_leaves=5
num_cat=0
split_feature=4 24 4 18
split_gain=60.157 48.7053 16.7055 8.56524
threshold=1.0000000180025095e-35 1.0000000180025095e-35 1.0000000180025095e-35 0.29475650000000003
decision_type=10 8 8 10
left_child=1 3 -3 -1
right_child=-2 2 -4 -5
leaf_value=-0.041584543527286411 0.044045771629082804 0.040752152860903612 -0.0012348757270741085 -0.0026654006131537015
leaf_weight=32.56106835603714 17.254900574684143 9.0860228538513166 24.155167825520039 8.4219387173652631
leaf_count=163 49 25 280 35
internal_value=-0.00167333 -0.0139883 0.0118373 -0.0349961
internal_weight=91.4791 74.2242 33.2412 40.983
internal_count=552 503 305 198
is_linear=0
shrinkage=1


Tree=1
num_leaves=5
num_cat=0
split_feature=3 26 29 22
split_gain=65.5321 53.2763 19.0888 8.39477
threshold=1.0000000180025095e-35 1.0000000180025095e-35 0.64842050000000018 0.016352000000000002
decision_type=10 8 2 10
left_child=1 3 -3 -1
right_child=-2 2 -4 -5
leaf_value=-0.048913514098462597 0.044967660323136066 -0.020028685428846872 0.025816554981558947 -0.015267492673824041
leaf_weight=22.049899786710739 18.540534883737564 8.2904854565858823 24.949560150504112 18.931690186262131
leaf_count=116 52 105 199 84
internal_value=-0.00100317 -0.014176 0.0128429 -0.0361542
internal_weight=92.7622 74.2216 33.24 40.9816
internal_count=556 504 304 200
is_linear=0
shrinkage=0.03


Tree=2
num_leaves=5
num_cat=0
split_feature=3 26 2 21
split_gain=55.3683 48.5907 12.1122 10.9441
threshold=1.0000000180025095e-35 1.0000000180025095e-35 inf 0.28401800000000005
decision_type=10 8 8 10
left_child=1 3 -3 -1
right_child=-2 2 -4 -5
leaf_value=-0.036696165685158662 0.044323872660772839 0.039378164998701087 0.0011195391801404092 0.0057229014667667562
leaf_weight=37.758227556943893 17.584537982940674 9.0767693370580655 24.52518293261528 4.1013119518756858
leaf_count=186 49 25 276 15
internal_value=0.000247094 -0.0109436 0.0146543 -0.0317665
internal_weight=93.046 75.4615 33.602 41.8595
internal_count=551 502 301 201
is_linear=0
shrinkage=0.03


Tree=3
num_leaves=6
num_cat=0
split_feature=21 7 23 7 23
split_gain=43.8094 27.818 20.5604 4.90287 4.3247
threshold=1.0000000180025095e-35 17.222693000000003 0.0063255000000000013 1.0000000180025095e-35 0.51918300000000006
decision_type=8 10 10 8 10
left_child=1 -1 3 -2 -4
right_child=2 -3 4 -5 -6
leaf_value=-0.040540497926933698 -0.024524119726188297 0.0261213154158246 0.034785042080564682 0.002114214883943851 0.0006186904819834464
leaf_weight=25.52091316878796 4.5095859766006496 4.2493827641010276 25.75886403024197 27.025371804833412 5.9598142057657233
leaf_count=130 23 12 80 291 23
internal_value=0 -0.0285896 0.0138141 -0.00262592 0.0298376
internal_weight=93.0239 29.7703 63.2536 31.535 31.7187
internal_count=559 142 417 314 103
is_linear=0
shrinkage=0.03


Tree=4
num_leaves=7
num_cat=0
split_feature=29 4 26 26 4 20
split_gain=75.1227 18.8773 15.1691 11.7494 7.27024 3.91164
threshold=0.6828955000000001 1.0000000180025095e-35 1.0000000180025095e-35 1.0000000180025095e-35 1.0000000180025095e-35 0.25660100000000002
decision_type=2 8 10 10 10 8
left_child=3 2 -2 4 -1 -3
right_child=1 5 -4 -5 -6 -7
leaf_value=-0.042416849130683935 -0.016535967905542414 0.044612626027369685 0.031711166403072817 0.012408296648531455 0.0050862042182459322 0.014612123045956681
leaf_weight=34.452400021255016 17.203914761543277 14.378012806177141 5.1626276373863211 2.0340823233127585 1.2940841168165196 16.031968966126442
leaf_count=268 78 39 14 6 4 152
internal_value=-0.00434148 0.0180745 -0.00178364 -0.0354166 -0.0396622 0.0324267
internal_weight=90.5571 52.7765 22.3665 37.7806 35.7465 30.41
internal_count=561 283 92 278 272 191
is_linear=0
shrinkage=0.03


Tree=5
num_leaves=6
num_cat=0
split_feature=29 24 3 21 3
split_gain=54.481 19.1448 15.1362 14.5268 9.27706
threshold=0.69210750000000021 1.0000000180025095e-35 1.0000000180025095e-35 0.10762700000000001 2.5000000000000004
decision_type=2 10 10 8 10
left_child=1 4 3 -2 -1
right_child=2 -3 -4 -5 -6
leaf_value=-0.0374327556711661 -0.015484273638465071 0.022437444351366669 0.042017170224647155 0.020128224016996828 0.011671354927481274
leaf_weight=34.793715700507164 13.628840774297712 3.5094436109066001 14.137815624475477 22.787215821444988 1.4739879071712483
leaf_count=266 62 10 39 171 4
internal_value=-0.00155149 -0.0270343 0.0183301 0.0058749 -0.0339339
internal_weight=90.331 39.7771 50.5539 36.4161 36.2677
internal_count=552 280 272 233 270
is_linear=0
shrinkage=0.03


Tree=6
num_leaves=5
num_cat=0
split_feature=29 4 24 4
split_gain=59.3288 23.1029 31.8827 9.20805
threshold=0.64842050000000018 1.0000000180025095e-35 1.0000000180025095e-35 1.0000000180025095e-35
decision_type=2 10 8 10
left_child=3 2 -2 -1
right_child=1 -3 -4 -5
leaf_value=-0.039818459127263554 -0.020417053949213851 0.041644587286260207 0.024811966332502999 0.0094169041616644893
leaf_weight=25.744030207395557 23.517557367682457 17.765238344669342 26.427192397415638 1.6613748520612706
leaf_count=195 109 50 207 5
internal_value=0 0.0148988 0.00299815 -0.0352124
internal_weight=95.1154 67.71 49.9447 27.4054
internal_count=566 366 316 200
is_linear=0
shrinkage=0.03


Tree=7
num_leaves=7
num_cat=0
split_feature=29 26 28 20 7 22
split_gain=56.0097 24.7594 11.3444 8.62969 6.57326 5.48726
threshold=0.6828955000000001 1.0000000180025095e-35 0.97844950000000008 0.25660100000000002 8.6832670000000025 0.14709950000000002
decision_type=2 10 2 10 10 10
left_child=1 4 5 -4 -1 -2
right_child=2 -3 3 -5 -6 -7
leaf_value=-0.038649902518972538 -0.016126545830253011 0.025397242460042328 0.033570483940758691 -0.0020647584268401044 0.0055107690817367038 0.014899950426945634
leaf_weight=33.373239502310753 8.4926035180687887 4.2358611971139899 30.256632164120674 5.1957862079143515 1.2880135476589192 5.9134234040975562
leaf_count=258 65 12 149 22 4 20
internal_value=-0.000996436 -0.0271718 0.0192399 0.0278141 -0.0359041 -0.00129417
internal_weight=88.7556 38.8971 49.8584 35.4524 34.6613 14.406
internal_count=530 274 256 171 262 85
is_linear=0
shrinkage=0.03


Tree=8
num_leaves=7
num_cat=0
split_feature=29 3 5 2 29 3
split_gain=48.891 14.8703 9.89996 8.81289 4.36189 1.30047
threshold=0.69210750000000021 1.0000000180025095e-35 1.5000000000000002 0.25833350000000005 0.64842050000000018 1.0000000180025095e-35
decision_type=2 8 10 10 2 10
left_child=2 3 4 -2 -1 -3
right_child=1 5 -4 -5 -6 -7
leaf_value=-0.036536144327733409 0.015400463179324213 0.015432310754869725 0.011218216706686476 -0.017786263617389792 -0.0072656169816493945 0.041308813778970915
leaf_weight=24.372602373361588 12.762844368815424 14.043648764491083 3.5020988136529914 10.254456251859663 11.061130598187445 14.130751073360441
leaf_count=190 45 140 12 48 76 39
internal_value=0 0.0185948 -0.0245449 0 -0.0294599 0.0320992
internal_weight=90.1275 51.1917 38.9358 23.0173 35.4337 28.1744
internal_count=550 272 278 93 266 179
is_linear=0
shrinkage=0.03


Tree=9
num_leaves=6
num_cat=0
split_feature=29 28 3 18 18
split_gain=62.7954 18.0943 9.29456 3.18591 0.999772
threshold=0.63430900000000012 0.95943100000000014 1.0000000180025095e-35 0.32362000000000007 0.040683000000000004
decision_type=2 2 8 10 8
left_child=3 4 -3 -1 -2
right_child=1 2 -4 -5 -6
leaf_value=-0.041882239649853756 0 0.005592671456381532 0.030862451753074026 0 -0.029693652487396811
leaf_weight=21.151029989123348 0.55143639445304771 28.120133027434349 33.70165154337883 2.7728387862443915 4.5389910787343979
leaf_count=176 2 110 219 12 36
internal_value=0.000318622 0.0156069 0.0206219 -0.0383011 -0.0266533
internal_weight=90.8361 66.9122 61.8218 23.9239 5.09043
internal_count=555 367 329 188 38
is_linear=0
shrinkage=0.03


Tree=10
num_leaves=7
num_cat=0
split_feature=29 24 28 7 20 2
split_gain=54.6871 16.0404 11.6348 6.0971 6.01321 5.92212
threshold=0.6828955000000001 1.0000000180025095e-35 0.97677600000000009 8.6832670000000025 0.24846600000000005 0.21363650000000003
decision_type=2 10 2 10 10 8
left_child=1 3 5 -1 -4 -2
right_child=2 -3 4 -5 -6 -7
leaf_value=-0.036204029322584659 0.013109556718979754 0.019958732695679014 0.030561707165779092 0.0057257230012843817 0 -0.018429639023713879
leaf_weight=31.852285631000996 7.1755455136299107 3.1308833211660376 36.29360093921423 1.2826953530311573 4.8144574612379065 7.739469788968564
leaf_count=248 25 9 188 4 20 63
internal_value=0.000265942 -0.0268658 0.0188104 -0.0334101 0.026634 -0.0019273
internal_weight=92.2889 36.2659 56.0231 33.135 41.1081 14.915
internal_count=557 261 296 252 208 88
is_linear=0
shrinkage=0.03


Tree=11
num_leaves=7
num_cat=0
split_feature=29 28 4 5 16 24
split_gain=46.7482 20.3593 9.95003 6.47664 4.39121 4.30013
threshold=0.64842050000000018 0.97478750000000003 1.0000000180025095e-35 1.5000000000000002 0.35946150000000004 1.0000000180025095e-35
decision_type=2 2 10 10 10 10
left_child=2 5 3 -1 -3 -2
right_child=1 4 -4 -5 -6 -7
leaf_value=-0.038386289275372458 -0.016603454519192665 0.026822432995892636 0.012983099486566962 0.0048554805847184175 -0.0018432966254870479 0.013938349962499369
leaf_weight=23.889999412000186 15.532320886850357 47.951289877295494 2.0254226475954047 1.4702432304620732 2.7779817879199973 1.8239619433879859
leaf_count=191 110 237 6 5 12 5
internal_value=0.00172911 0.0152707 -0.029134 -0.0345731 0.024679 -0.0103389
internal_weight=95.4712 68.0856 27.3857 25.3602 50.7293 17.3563
internal_count=566 364 202 196 249 115
is_linear=0
shrinkage=0.03


Tree=12
num_leaves=6
num_cat=0
split_feature=29 3 24 24 29
split_gain=48.4783 15.2068 17.3042 5.53297 1.27564
threshold=0.64985700000000013 1.5000000000000002 1.0000000180025095e-35 1.0000000180025095e-35 0.63430900000000012
decision_type=2 10 8 10 2
left_child=3 2 -2 4 -1
right_child=1 -3 -4 -5 -6
leaf_value=-0.03826888354076935 -0.010171007199143737 0.039587666737581698 0.022368958178228447 0.0051166364522552254 -0.0038865812187545232
leaf_weight=20.2434158474207 26.105841085314751 14.543360054492949 25.785818137228489 1.2949042469263066 3.8955254778265944
leaf_count=168 114 41 201 4 27
internal_value=0.00124435 0.0150122 0.00579092 -0.0314528 -0.0348687
internal_weight=91.8689 66.435 51.8917 25.4338 24.1389
internal_count=555 356 315 199 195
is_linear=0
shrinkage=0.03


Tree=13
num_leaves=5
num_cat=0
split_feature=3 26 21 16
split_gain=34.5555 34.8955 19.826 0.0528858
threshold=1.0000000180025095e-35 1.0000000180025095e-35 0.28401800000000005 0.21634150000000005
decision_type=10 10 8 10
left_child=1 2 -1 -2
right_child=3 -3 -4 -5
leaf_value=-0.030209215402564875 0.039085647981988839 0.037614728948948899 0.0015736303157897072 0.0041742459136476116
leaf_weight=37.522754371166229 13.794235050678255 9.43414258956909 27.794407345354557 2.8607702106237403
leaf_count=190 39 26 291 10
internal_value=0.000348315 -0.0083342 -0.0167703 0.0361678
internal_weight=91.4063 74.7513 65.3172 16.655
internal_count=556 507 481 49
is_linear=0
shrinkage=0.03


Tree=14
num_leaves=6
num_cat=0
split_feature=4 26 29 22 15
split_gain=39.9513 36.7538 14.7096 3.30881 1.79972
threshold=1.0000000180025095e-35 1.0000000180025095e-35 0.64842050000000018 0.020809000000000005 0.22672900000000004
decision_type=10 8 2 10 10
left_child=1 3 -3 -1 -2
right_child=4 2 -4 -5 -6
leaf_value=-0.037535315643392457 0.039461488413046357 -0.019553759666106379 0.022007955537996456 -0.012773616652661758 0
leaf_weight=22.236397251486778 16.058968141674999 7.0067881047725669 26.859632268548012 17.518465831875801 2.6933809518814078
leaf_count=121 46 97 212 80 10
internal_value=0 -0.0101522 0.0117039 -0.0289874 0.0359156
internal_weight=92.3736 73.6213 33.8664 39.7549 18.7523
internal_count=566 510 309 201 56
is_linear=0
shrinkage=0.03


Tree=15
num_leaves=6
num_cat=0
split_feature=3 24 15 21 15
split_gain=33.8693 31.0324 10.1458 7.35395 0.164392
threshold=1.0000000180025095e-35 1.0000000180025095e-35 0.0022240000000000003 0.12386950000000001 0.20060950000000002
decision_type=10 8 10 10 10
left_child=1 3 -3 -1 -2
right_child=4 2 -4 -5 -6
leaf_value=-0.030239830703794778 0.038278650646832633 0.000238554607397853 0.035701604579158504 0 0.0036425749711245532
leaf_weight=33.859901964664459 14.588136255741121 24.195405386388302 8.6322059035301191 7.2367663979530326 2.8359913975000373
leaf_count=175 42 274 24 29 10
internal_value=0.000883522 -0.00794482 0.0126097 -0.0247848 0.0354732
internal_weight=91.3484 73.9243 32.8276 41.0967 17.4241
internal_count=554 502 298 204 52
is_linear=0
shrinkage=0.03


Tree=16
num_leaves=6
num_cat=0
split_feature=4 24 15 23 15
split_gain=32.399 33.6982 9.2575 4.38501 0.804555
threshold=1.0000000180025095e-35 1.0000000180025095e-35 0.0022240000000000003 0.0097775000000000015 0.21584700000000004
decision_type=10 8 10 10 10
left_child=1 3 -3 -1 -2
right_child=4 2 -4 -5 -6
leaf_value=-0.036598983112679118 0.038731848648592179 0.0013367573293108514 0.03510518149452057 -0.010738930635377803 0.0028236577021600608
leaf_weight=19.047915190458298 14.255848467350008 25.012921966612339 8.8877261579036695 18.72683584690094 3.0463984459638587
leaf_count=106 41 282 25 85 11
internal_value=0.0014127 -0.00743869 0.0131371 -0.026248 0.0352387
internal_weight=88.9776 71.6754 33.9006 37.7748 17.3022
internal_count=550 498 307 191 52
is_linear=0
shrinkage=0.03


Tree=17
num_leaves=7
num_cat=0
split_feature=29 24 20 3 7 21
split_gain=40.8614 16.8279 13.0532 5.691 5.36489 1.21049
threshold=0.6828955000000001 1.0000000180025095e-35 0.26826050000000007 1.0000000180025095e-35 8.6832670000000025 0.24561150000000001
decision_type=2 10 10 10 10 10
left_child=1 4 3 -2 -1 -4
right_child=2 -3 5 -5 -6 -7
leaf_value=-0.033114437846414747 0.011776683545551662 0.021325398913374597 -0.020446963364559517 0.037156672730631578 0.0055708094323963847 0
leaf_weight=31.937414661049843 33.099064499139786 3.7861587405204764 5.1445648074150077 14.938801825046538 1.265898048877715 1.8344127088785169
leaf_count=260 215 11 26 44 4 7
internal_value=0 -0.0232174 0.0161964 0.0219773 -0.0304715 -0.0152332
internal_weight=92.0063 36.9895 55.0168 48.0379 33.2033 6.97898
internal_count=567 275 292 259 264 33
is_linear=0
shrinkage=0.03


Tree=18
num_leaves=5
num_cat=0
split_feature=4 26 18 16
split_gain=29.5025 27.7248 15.495 2.92406
threshold=1.0000000180025095e-35 1.0000000180025095e-35 0.32362000000000007 0.22921200000000003
decision_type=10 10 8 10
left_child=1 2 -1 -2
right_child=3 -3 -4 -5
leaf_value=-0.032289982030072766 0.036632960373137173 0.032116393389946464 -0.0013251141478950864 0
leaf_weight=29.99194298684597 13.203129112720491 8.6157312393188459 30.304728984832764 3.3851583600044242
leaf_count=160 39 25 306 13
internal_value=-0.001068 -0.01024 -0.0180016 0.0312364
internal_weight=85.5007 68.9124 60.2967 16.5883
internal_count=543 491 466 52
is_linear=0
shrinkage=0.03


Tree=19
num_leaves=7
num_cat=0
split_feature=29 26 4 26 4 23
split_gain=37.8819 11.8368 11.0362 12.5564 5.99948 3.21325
threshold=0.68028800000000011 1.0000000180025095e-35 1.0000000180025095e-35 1.0000000180025095e-35 1.0000000180025095e-35 0.81723200000000007
decision_type=2 10 8 10 10 8
left_child=1 4 3 -2 -1 -4
right_child=2 -3 5 -5 -6 -7
leaf_value=-0.033065671675074591 -0.012984441504309149 0.016601204820448724 0.035675166874088407 0.029042111448165629 0.0053743219795356397 0.010088226055185836
leaf_weight=28.213615790009502 17.865238338708881 3.0221066027879706 16.803057134151459 6.2275878489017478 1.8047157227993 15.280558004975317
leaf_count=238 82 9 51 18 6 150
internal_value=0.00045174 -0.023482 0.0155123 0 -0.0295677 0.0262486
internal_weight=89.2169 33.0404 56.1764 24.0928 30.0183 32.0836
internal_count=554 253 301 100 244 201
is_linear=0
shrinkage=0.03


Tree=20
num_leaves=6
num_cat=0
split_feature=29 3 24 4 22
split_gain=33.6416 13.3526 16.377 7.04289 0.147184
threshold=0.64842050000000018 1.0000000180025095e-35 1.0000000180025095e-35 1.0000000180025095e-35 0.044478500000000004
decision_type=2 10 8 10 10
left_child=3 2 -2 4 -1
right_child=1 -3 -4 -5 -6
leaf_value=-0.033686378573057542 -0.013749816689457423 0.0331287594254926 0.018972235974859707 0.010557944995373188 -0.0020192890120488069
leaf_weight=21.427469402551658 24.267434746026993 15.478001788258551 24.319139413535595 1.434394598007201 2.6239754557609549
leaf_count=192 113 48 200 4 13
internal_value=-2.02605e-05 0.0112658 0.00219792 -0.0276422 -0.0319476
internal_weight=89.5504 64.0646 48.5866 25.4858 24.0514
internal_count=570 361 313 209 205
is_linear=0
shrinkage=0.03


Tree=21
num_leaves=7
num_cat=0
split_feature=29 26 3 26 4 29
split_gain=34.1171 12.0794 8.33515 6.92652 6.18667 0.877123
threshold=0.6828955000000001 1.0000000180025095e-35 1.0000000180025095e-35 1.0000000180025095e-35 1.0000000180025095e-35 0.68518000000000012
decision_type=2 10 8 10 10 2
left_child=1 4 3 -2 -1 -4
right_child=2 -3 5 -5 -6 -7
leaf_value=-0.030341288918242313 -0.0074572737764983955 0.018268026291327351 0 0.025571220297145925 0.005840430809072655 0.02721564922481249
leaf_weight=30.327654220163822 17.238264769315723 3.362677499651908 0.38085892051458614 4.8353951871395102 2.3480760008096686 27.302137970924377
leaf_count=259 77 10 3 14 8 175
internal_value=0.000347288 -0.0205883 0.0163879 0.000775249 -0.0266279 0.0265663
internal_weight=85.7951 36.0384 49.7567 22.0737 32.6757 27.683
internal_count=546 277 269 91 267 178
is_linear=0
shrinkage=0.03


Tree=22
num_leaves=5
num_cat=0
split_feature=24 3 23 16
split_gain=25.4364 24.2359 9.00032 1.58447
threshold=1.0000000180025095e-35 1.0000000180025095e-35 0.027365000000000004 0.13730800000000001
decision_type=10 10 8 10
left_child=1 2 -1 -3
right_child=-2 3 -4 -5
leaf_value=-0.029381931105767086 0.035422267235984593 0.031981491893540721 -0.0043788509237214293 0
leaf_weight=19.645345330238342 13.457696035504339 10.032637774944304 42.082084558904171 2.6009050905704489
leaf_count=111 40 31 366 10
internal_value=0.00133884 -0.00557616 -0.0137928 0.0275942
internal_weight=87.8187 74.361 61.7274 12.6335
internal_count=558 518 477 41
is_linear=0
shrinkage=0.03


Tree=23
num_leaves=6
num_cat=0
split_feature=4 24 15 18 16
split_gain=24.8014 26.9882 7.68988 6.61149 1.17194
threshold=1.0000000180025095e-35 1.0000000180025095e-35 0.0022240000000000003 0.29475650000000003 0.22921200000000003
decision_type=10 8 10 10 10
left_child=1 3 -3 -1 -2
right_child=4 2 -4 -5 -6
leaf_value=-0.030242336208612403 0.034903722274790397 0.00014903023673473091 0.031724667748318745 0 0.00035705513923681365
leaf_weight=30.101294741034508 12.384323537349699 22.818375989794735 8.4447604417800886 8.7483218163251859 2.9249085485935202
leaf_count=167 38 266 25 39 11
internal_value=0 -0.00796041 0.0115847 -0.0241086 0.0310819
internal_weight=85.422 70.1128 31.2631 38.8496 15.3092
internal_count=546 497 291 206 49
is_linear=0
shrinkage=0.03


Tree=24
num_leaves=5
num_cat=0
split_feature=4 26 29 16
split_gain=25.7147 20.1335 13.5703 1.15252
threshold=1.0000000180025095e-35 1.0000000180025095e-35 0.73635850000000003 0.22921200000000003
decision_type=10 10 2 10
left_child=1 2 -1 -2
right_child=3 -3 -4 -5
leaf_value=-0.025335784523938629 0.034533832931289123 0.028921360784565829 0.0022084192594912875 0.00038635413411087225
leaf_weight=37.614182770252228 13.094091445207598 7.9071009159088126 22.836890242993832 2.953491508960723
leaf_count=322 41 24 158 11
internal_value=0 -0.00835903 -0.014845 0.0308748
internal_weight=84.4058 68.3582 60.4511 16.0476
internal_count=556 504 480 52
is_linear=0
shrinkage=0.03


Tree=25
num_leaves=5
num_cat=0
split_feature=29 26 4 5
split_gain=27.2794 10.0325 15.9377 4.53267
threshold=0.63430900000000012 1.0000000180025095e-35 1.0000000180025095e-35 1.5000000000000002
decision_type=2 10 8 10
left_child=3 2 -2 -1
right_child=1 -3 -4 -5
leaf_value=-0.029711511771141511 -0.011818889334563779 0.033653481601228281 0.018698602651587685 0.0056902671956640671
leaf_weight=19.87420862540603 25.279920592904091 11.481407374143599 29.769632056355476 1.2143169790506352
leaf_count=173 120 35 228 4
internal_value=0.00121621 0.0110146 0.00428098 -0.0259728
internal_weight=87.6195 66.531 55.0496 21.0885
internal_count=560 383 348 177
is_linear=0
shrinkage=0.03


Tree=26
num_leaves=5
num_cat=0
split_feature=4 24 18 23
split_gain=23.9684 23.0645 10.7003 1.46221
threshold=1.0000000180025095e-35 1.0000000180025095e-35 0.29475650000000003 0.57592050000000017
decision_type=10 10 8 10
left_child=1 2 -1 -2
right_child=3 -3 -4 -5
leaf_value=-0.026444683738576474 0.033855169432403326 0.030277956731146961 -0.00069106366006374727 0
leaf_weight=28.894719123840332 14.146443724632265 9.4150412678718549 31.551249824464321 2.8845130354166022
leaf_count=160 45 29 317 11
internal_value=0.000941517 -0.00674463 -0.0141431 0.030256
internal_weight=86.892 69.861 60.446 17.031
internal_count=562 506 477 56
is_linear=0
shrinkage=0.03


Tree=27
num_leaves=7
num_cat=0
split_feature=29 26 28 4 20 22
split_gain=28.7485 14.2147 8.10582 5.28029 3.12606 2.87674
threshold=0.68028800000000011 1.0000000180025095e-35 0.97844950000000008 1.0000000180025095e-35 0.23524500000000001 0.025934500000000003
decision_type=2 10 2 10 10 10
left_child=1 3 5 -1 -4 -2
right_child=2 -3 4 -5 -6 -7
leaf_value=-0.029580703564540685 -0.013417923617175772 0.021663032911926044 0.027355307062979409 0.0064912670878608759 0 0.0088363750099740724
leaf_weight=26.691333081573251 6.8295308873057348 3.7390272617340079 29.972784757614136 1.5851725041866291 5.2537101805210105 7.5490599870681763
leaf_count=238 67 11 164 5 22 29
internal_value=0.00239804 -0.0183501 0.0166422 -0.0261707 0.0239138 -0.000499261
internal_weight=81.6206 32.0155 49.6051 28.2765 35.2265 14.3786
internal_count=536 254 282 243 186 96
is_linear=0
shrinkage=0.03


Tree=28
num_leaves=7
num_cat=0
split_feature=29 24 28 16 9 21
split_gain=28.5346 12.8568 8.26699 4.37916 3.8677 3.22927
threshold=0.68518000000000012 1.0000000180025095e-35 0.97677600000000009 0.39276450000000002 8.5431960000000018 0.14425450000000004
decision_type=2 10 2 10 10 10
left_child=1 4 5 -4 -1 -2
right_child=2 -3 3 -5 -6 -7
leaf_value=-0.028198994982816587 -0.012979935450343625 0.018944575037825099 0.025007727491735295 -0.0058266563737473806 0.0040538481713179248 0.011596006533400137
leaf_weight=29.785370178520683 9.1504207327961904 3.8988748192787162 34.175828874111176 1.8319730907678593 1.1976665556430806 4.2524183094501486
leaf_count=258 71 12 179 9 4 15
internal_value=0.000585555 -0.018922 0.0152243 0.0223424 -0.0258216 -0.00265884
internal_weight=84.2926 34.8819 49.4106 36.0078 30.983 13.4028
internal_count=548 274 274 188 262 86
is_linear=0
shrinkage=0.03


Tree=29
num_leaves=6
num_cat=0
split_feature=4 26 16 21 15
split_gain=21.6325 19.4967 6.15303 5.22176 1.67847
threshold=1.0000000180025095e-35 1.0000000180025095e-35 0.021365500000000003 0.28401800000000005 0.20060950000000002
decision_type=10 8 10 10 10
left_child=1 3 -3 -1 -2
right_child=4 2 -4 -5 -6
leaf_value=-0.024911238122038989 0.033048714254830719 0 0.028514990018976637 0.0060036770888945209 0
leaf_weight=33.677445963025093 12.886347860097883 23.494352236390117 7.3850593864917746 2.7763722836971274 2.5644385367631903
leaf_count=189 42 279 23 10 10
internal_value=6.31549e-05 -0.00718303 0.00926212 -0.0215189 0.0293008
internal_weight=82.784 67.3332 30.8794 36.4538 15.4508
internal_count=553 501 302 199 52
is_linear=0
shrinkage=0.03


Tree=30
num_leaves=7
num_cat=0
split_feature=29 4 24 4 18 20
split_gain=21.7386 9.78333 15.2015 3.47775 2.62222 0.304922
threshold=0.63430900000000012 1.0000000180025095e-35 1.0000000180025095e-35 1.0000000180025095e-35 0.32362000000000007 0.17628800000000003
decision_type=2 10 8 10 10 10
left_child=3 2 -2 4 -1 -3
right_child=1 5 -4 -5 -6 -7
leaf_value=-0.030598354612933677 -0.013024413230682978 0.032296783912665064 0.017817029181313969 0.003608746610456562 0 0.0016689218531896763
leaf_weight=16.576329350471504 24.645676419138908 11.89456272125244 26.356588654220104 1.2328515052795399 2.3534923493862143 2.8602421879768363
leaf_count=164 121 39 223 4 11 11
internal_value=0.00120687 0.00994524 0.00246246 -0.0235936 -0.0269845 0.0293344
internal_weight=85.9197 65.7571 51.0023 20.1627 18.9298 14.7548
internal_count=573 394 344 179 175 50
is_linear=0
shrinkage=0.03


Tree=31
num_leaves=7
num_cat=0
split_feature=29 4 24 4 18 20
split_gain=21.8631 9.08757 13.5967 3.35801 2.2462 0.741434
threshold=0.63430900000000012 1.0000000180025095e-35 1.0000000180025095e-35 1.0000000180025095e-35 0.32362000000000007 0.17628800000000003
decision_type=2 10 8 10 10 8
left_child=3 2 -2 4 -1 -3
right_child=1 5 -4 -5 -6 -7
leaf_value=-0.029987379010861792 -0.011791645976792135 0.03249253876239331 0.017928905851307412 0.0035776848756448082 0 0
leaf_weight=15.517471473664051 22.843270346522331 12.881314009428021 25.919547308236361 1.2323031127452839 2.5092766731977454 2.6041820198297509
leaf_count=159 112 43 215 4 12 10
internal_value=0.00254083 0.011291 0.00355006 -0.0228894 -0.0263778 0.0295116
internal_weight=83.5074 64.2483 48.7628 19.2591 18.0267 15.4855
internal_count=555 380 327 175 171 53
is_linear=0
shrinkage=0.03


Tree=32
num_leaves=7
num_cat=0
split_feature=29 4 26 5 20 15
split_gain=18.6112 8.90666 8.21699 4.29698 2.49254 0.238895
threshold=0.63430900000000012 1.0000000180025095e-35 1.0000000180025095e-35 1.5000000000000002 0.17628800000000003 0.25994750000000005
decision_type=2 10 8 10 8 10
left_child=3 2 -2 5 -3 -1
right_child=1 4 -4 -5 -6 -7
leaf_value=-0.028012239613418217 -0.010296242813676594 0.031647553169111275 0.013464820556583818 0.0073808227937416544 0 0
leaf_weight=16.991376720368869 23.08949987590313 12.118633985519406 22.803540423512459 1.0235353708267201 2.9564413726329812 1.0007603764533985
leaf_count=171 113 41 206 3 12 5
internal_value=0.0002587 0.00878052 0.000998429 -0.0231747 0.026714 -0.0271484
internal_weight=79.9838 60.9681 45.893 19.0157 15.0751 17.9921
internal_count=551 372 319 179 53 176
is_linear=0
shrinkage=0.03


Tree=33
num_leaves=6
num_cat=0
split_feature=29 24 28 21 7
split_gain=23.2502 10.9742 6.54824 3.23336 2.97066
threshold=0.68518000000000012 1.0000000180025095e-35 0.95564550000000004 0.0011505000000000003 8.6832670000000025
decision_type=2 10 2 8 10
left_child=1 4 -2 -4 -1
right_child=2 -3 3 -5 -6
leaf_value=-0.025803326813533409 -0.017508360752695348 0.017796606368855369 0 0.019937062205850061 0.0015140827017331476
leaf_weight=29.482827536761764 2.3550459891557685 3.792117550969123 8.343523904681204 39.428078331053257 1.3932617902755726
leaf_count=266 19 12 38 232 5
internal_value=0.000425161 -0.0172728 0.0135142 0.0165786 -0.0236601
internal_weight=84.7949 34.6682 50.1266 47.7716 30.8761
internal_count=572 283 289 270 271
is_linear=0
shrinkage=0.03


Tree=34
num_leaves=6
num_cat=0
split_feature=21 9 2 17 9
split_gain=16.8485 7.24427 5.49505 2.1288 0.661119
threshold=1.0000000180025095e-35 8.1715810000000015 0.58947350000000009 0.33641300000000002 1.0000000180025095e-35
decision_type=8 10 8 10 8
left_child=1 -1 3 -2 -4
right_child=2 -3 4 -5 -6
leaf_value=-0.023471206312975154 0.02162769181194843 0.011750900022094059 -0.0094065296042265805 0 0.0022672375001412328
leaf_weight=21.93096394836903 27.44736909866333 3.4396394938230506 2.143232777714732 5.2811191827058783 24.219683811068535
leaf_count=133 104 13 12 24 281
internal_value=0.00191472 -0.0169009 0.0109025 0.018574 0
internal_weight=84.462 25.3706 59.0914 32.7285 26.3629
internal_count=567 146 421 128 293
is_linear=0
shrinkage=0.03


Tree=35
num_leaves=6
num_cat=0
split_feature=29 26 4 24 29
split_gain=18.8655 8.16056 10.3059 2.93492 0.548715
threshold=0.63430900000000012 1.0000000180025095e-35 1.5000000000000002 1.0000000180025095e-35 0.61505200000000004
decision_type=2 10 10 10 2
left_child=3 2 -2 4 -1
right_child=1 -3 -4 -5 -6
leaf_value=-0.02821646792699475 -0.0032964683983446015 0.030554391516434149 0.027464096539139962 0.0017483005613480739 0
leaf_weight=15.576070275157695 42.224063474684954 10.114814251661299 9.2476287931203824 1.2194255292415608 1.565877504646777
leaf_count=152 305 33 32 4 13
internal_value=0.000708591 0.00910415 0.00288756 -0.0233707 -0.0266412
internal_weight=79.9479 61.5865 51.4717 18.3614 17.1419
internal_count=539 370 337 169 165
is_linear=0
shrinkage=0.03


Tree=36
num_leaves=7
num_cat=0
split_feature=21 28 22 20 28 24
split_gain=14.7333 11.4588 4.95491 4.24309 1.78448 0.703721
threshold=0.0011505000000000003 0.98177350000000008 0.040069000000000007 1.0000000180025095e-35 0.96227650000000009 1.0000000180025095e-35
decision_type=10 2 10 8 2 8
left_child=1 5 -2 -3 -4 -1
right_child=2 3 4 -5 -6 -7
leaf_value=-0.031516985234867796 0 -0.016271276119579202 0 0.010974989571690612 0.024255680450109306 -0.0099195195051733787
leaf_weight=11.445453956723215 10.832229286432264 3.3127487301826504 1.9592830389738107 18.230952680110931 20.849765852093697 12.056919340044258
leaf_count=76 49 24 9 151 77 160
internal_value=7.26058e-05 -0.010497 0.0147449 0.0040863 0.0219419 -0.0239463
internal_weight=78.6874 45.0461 33.6413 21.5437 22.809 23.5024
internal_count=546 411 135 175 86 236
is_linear=0
shrinkage=0.03


Tree=37
num_leaves=5
num_cat=0
split_feature=29 3 24 22
split_gain=20.6777 6.5034 6.41586 3.10663
threshold=0.6447790000000001 1.5000000000000002 1.0000000180025095e-35 0.044478500000000004
decision_type=2 10 10 10
left_child=3 2 -2 -1
right_child=1 -3 -4 -5
leaf_value=-0.027607398791298816 -0.00028981900534373693 0.02902336652070275 0.026117080162383968 0
leaf_weight=16.807359989732507 42.477699249982834 10.519892275333403 6.7010411024093619 2.6203377097845069
leaf_count=173 305 38 22 12
internal_value=0.000941702 0.0100891 0.00402813 -0.0234191
internal_weight=79.1263 59.6986 49.1787 19.4277
internal_count=550 365 327 185
is_linear=0
shrinkage=0.03


Tree=38
num_leaves=6
num_cat=0
split_feature=4 21 28 28 20
split_gain=15.5123 10.7888 5.38159 3.49338 2.44632
threshold=1.0000000180025095e-35 0.036434000000000001 0.96227650000000009 0.98581400000000008 0.17628800000000003
decision_type=10 8 2 2 8
left_child=1 3 -3 -1 -2
right_child=4 2 -4 -5 -6
leaf_value=-0.025649850746174898 0.031098943225700136 -0.019526218956741018 0.0088884193665961647 0 0
leaf_weight=18.587635055184368 11.643843412399288 3.7962128631770602 34.255506865680218 7.6945019811391822 2.8780169486999521
leaf_count=115 41 46 287 40 12
internal_value=0.000698553 -0.00550418 0.00410307 -0.0194336 0.0261273
internal_weight=78.8557 64.3339 38.0517 26.2821 14.5219
internal_count=541 488 333 155 53
is_linear=0
shrinkage=0.03


Tree=39
num_leaves=7
num_cat=0
split_feature=29 28 20 23 28 18
split_gain=17.2387 10.5228 4.00683 2.99865 2.04643 1.86762
threshold=0.65593200000000007 0.96563950000000009 0.28201750000000009 0.0074560000000000008 0.99264100000000011 0.040683000000000004
decision_type=2 2 10 10 2 8
left_child=3 5 -3 4 -1 -2
right_child=1 2 -4 -5 -6 -7
leaf_value=-0.02737127619836769 0 0.018037361924887443 -0.0016774618272877584 0 0 -0.02439629458393193
leaf_weight=16.621996786445386 1.4609534740447987 43.168765917420387 7.6589270532131186 5.415394812822341 1.1694415174424637 5.5168714672327042
leaf_count=181 6 259 35 27 9 47
internal_value=0.000297712 0.00939086 0.0145814 -0.0196897 -0.0248689 -0.0184275
internal_weight=81.0124 57.8055 50.8277 23.2068 17.7914 6.97782
internal_count=564 347 294 217 190 53
is_linear=0
shrinkage=0.03


Tree=40
num_leaves=6
num_cat=0
split_feature=29 26 4 26 4
split_gain=17.9392 9.74773 5.41101 4.06725 2.48435
threshold=0.68518000000000012 1.0000000180025095e-35 1.0000000180025095e-35 1.0000000180025095e-35 2.5000000000000004
decision_type=2 10 10 8 10
left_child=1 4 3 -2 -1
right_child=2 -3 -4 -5 -6
leaf_value=-0.025352911641285662 -0.0046450514449110506 0.016393584325521789 0.026654329602090635 0.013758660183662967 0.00043128617669239083
leaf_weight=26.05346171185375 18.664887711405754 3.6484690159559241 12.577053114771841 16.482971746474504 1.1624039709568013
leaf_count=253 85 12 47 146 4
internal_value=0 -0.0167079 0.0114859 0.00360243 -0.0233253
internal_weight=78.5892 30.8643 47.7249 35.1479 27.2159
internal_count=547 269 278 231 257
is_linear=0
shrinkage=0.03


Tree=41
num_leaves=5
num_cat=0
split_feature=24 4 20 18
split_gain=17.2735 16.2716 8.82966 7.07773
threshold=1.0000000180025095e-35 1.0000000180025095e-35 0.25660100000000002 0.29475650000000003
decision_type=10 8 8 10
left_child=1 3 -3 -1
right_child=-2 2 -4 -5
leaf_value=-0.026039811925390319 0.03065453932918194 0.028083258886925349 -0.0013447758888689794 0.0012874708949029939
leaf_weight=27.528572037816048 11.07470755279064 10.331177964806555 23.21705237776041 8.6640428006649
leaf_count=172 38 38 280 40
internal_value=0 -0.00564764 0.00845805 -0.0191348
internal_weight=80.8156 69.7408 33.5482 36.1926
internal_count=568 530 318 212
is_linear=0
shrinkage=0.03


Tree=42
num_leaves=5
num_cat=0
split_feature=24 29 9 2
split_gain=16.0008 15.2226 4.63198 4.10067
threshold=1.0000000180025095e-35 0.7299150000000002 8.7551875000000017 0.17708350000000003
decision_type=10 2 10 10
left_child=1 2 -1 -3
right_child=-2 3 -4 -5
leaf_value=-0.021556673900148256 0.028821471605466734 0.015734094501059791 0.0090495762771370496 -0.0046004718006766379
leaf_weight=35.73445014283061 10.867115512490271 20.337502516806129 1.9085405766963948 9.6798782646656019
leaf_count=329 38 144 7 46
internal_value=-0.000270264 -0.00639262 -0.0187133 0.00844589
internal_weight=78.5275 67.6604 37.643 30.0174
internal_count=564 526 336 190
is_linear=0
shrinkage=0.03


Tree=43
num_leaves=7
num_cat=0
split_feature=29 26 7 22 2 18
split_gain=17.1019 5.31942 3.67312 2.38979 2.08282 1.20006
threshold=0.6828955000000001 1.0000000180025095e-35 8.6832670000000025 0.008709500000000002 0.32575750000000009 0.018228000000000005
decision_type=2 10 10 8 10 10
left_child=1 2 -1 5 -5 -2
right_child=3 -3 -4 4 -6 -7
leaf_value=-0.02203387130552906 0.009405534946841777 0.011802951016617443 0.0068121072470960012 0.018802202794600712 0 -0.0073830159016705157
leaf_weight=25.967941191047437 3.5746589899063093 2.6914005726575843 1.4759826362133015 33.202333357185125 7.0501665025949469 6.1440393626689911
leaf_count=254 15 9 5 218 32 31
internal_value=0.0020587 -0.0145045 -0.0189787 0.0128693 0.0158921 0
internal_weight=80.1065 30.1353 27.4439 49.9712 40.2525 9.7187
internal_count=564 268 259 296 250 46
is_linear=0
shrinkage=0.03


Tree=44
num_leaves=6
num_cat=0
split_feature=4 22 28 20 28
split_gain=15.8299 10.2926 6.62282 1.62762 0.0898278
threshold=1.0000000180025095e-35 0.0047930000000000013 0.98031600000000008 0.17628800000000003 0.99163200000000018
decision_type=10 8 2 8 2
left_child=1 4 -3 -2 -1
right_child=3 2 -4 -5 -6
leaf_value=-0.027636659585981813 0.029342338310701696 -0.011526213109165524 0.010746188219580753 0 0
leaf_weight=13.956151358783243 11.063984602689739 19.423939686268568 22.817681256681681 2.599408596754075 1.4460553228855122
leaf_count=99 42 187 180 11 9
internal_value=-0.00022253 -0.00771191 0 0.0252736 -0.0264457
internal_weight=71.3072 57.6438 42.2416 13.6634 15.4022
internal_count=528 475 367 53 108
is_linear=0
shrinkage=0.03


Tree=45
num_leaves=5
num_cat=0
split_feature=3 28 29 22
split_gain=14.8318 9.32534 8.83158 6.15443
threshold=1.5000000000000002 0.97415200000000013 0.61505200000000004 0.20789900000000003
decision_type=10 2 2 10
left_child=1 3 -3 -1
right_child=-2 2 -4 -5
leaf_value=-0.026783886559751592 0.028459973010260094 -0.019533041284594172 0.010209816887783021 0.0032740150757737153
leaf_weight=18.66683886945248 10.995013952255247 8.6010415926575643 33.776441056281328 5.4086391627788535
leaf_count=186 43 91 222 23
internal_value=0 -0.00538372 0.00261974 -0.0193087
internal_weight=77.448 66.453 42.3775 24.0755
internal_count=565 522 313 209
is_linear=0
shrinkage=0.03


Tree=46
num_leaves=5
num_cat=0
split_feature=4 24 18 20
split_gain=14.0013 10.7612 8.27934 0.141936
threshold=1.0000000180025095e-35 1.0000000180025095e-35 0.15533500000000003 0.21677400000000005
decision_type=10 10 8 8
left_child=1 2 -1 -2
right_child=3 -3 -4 -5
leaf_value=-0.022881437050941977 0.029500637836955647 0.024177446977403406 0 0.001199320915966253
leaf_weight=19.716694138944149 11.41418087482452 7.2741938680410376 33.043717015534639 2.7758443057537088
leaf_count=128 44 26 323 11
internal_value=0.00275648 -0.00347883 -0.00892552 0.026885
internal_weight=74.2246 60.0346 52.7604 14.19
internal_count=532 477 451 55
is_linear=0
shrinkage=0.03


Tree=47
num_leaves=6
num_cat=0
split_feature=29 28 21 5 16
split_gain=13.9932 10.0737 5.65141 3.5084 1.51148
threshold=0.63430900000000012 0.97490100000000013 0.12386950000000001 1.5000000000000002 0.35946150000000004
decision_type=2 2 10 10 10
left_child=3 2 -2 -1 -3
right_child=1 4 -4 -5 -6
leaf_value=-0.024910908445231739 -0.018779068181297758 0.018612387863291748 0.010800005389092151 0.0057409893938764334 0
leaf_weight=14.386423811316488 12.162418782711031 38.269884925335646 5.5938053578138343 1.1389705836772908 2.8561373353004447
leaf_count=163 105 235 22 4 13
internal_value=0.00199285 0.00910781 -0.00780118 -0.0204773 0.0171222
internal_weight=74.4076 58.8822 17.7562 15.5254 41.126
internal_count=542 375 127 167 248
is_linear=0
shrinkage=0.03


Tree=48
num_leaves=6
num_cat=0
split_feature=4 21 18 28 16
split_gain=13.8489 8.68721 5.52237 2.01531 1.45013
threshold=1.0000000180025095e-35 0.0011505000000000003 0.32362000000000007 0.98850850000000012 0.22921200000000003
decision_type=10 8 10 2 10
left_child=1 3 -3 -1 -2
right_child=4 2 -4 -5 -6
leaf_value=-0.025606995088075745 0.029145891414749662 -0.0024701620778611977 0.023175119694153416 0 0
leaf_weight=14.136933356523516 11.173695504665373 34.493431430310011 6.1731024384498587 4.8099950850009909 3.3340259343385688
leaf_count=99 44 333 22 30 14
internal_value=0.000891312 -0.00534696 0.00206045 -0.0207211 0.0247623
internal_weight=74.1212 59.6135 40.6665 18.9469 14.5077
internal_count=542 484 355 129 58
is_linear=0
shrinkage=0.03


Tree=49
num_leaves=5
num_cat=0
split_feature=24 21 6 28
split_gain=12.1715 8.5336 3.3598 3.18383
threshold=1.0000000180025095e-35 1.0000000180025095e-35 13.096821000000004 0.95943100000000014
decision_type=10 8 10 2
left_child=1 2 -1 -3
right_child=-2 3 -4 -5
leaf_value=-0.024081154560432735 0.026910204463110488 -0.0167174970740201 0.0049650872495732839 0.0048980565693460465
leaf_weight=18.044165268540386 9.7313938587903959 3.7968171983957282 1.2946705818176258 42.654970958828926
leaf_count=128 36 38 5 348
internal_value=0 -0.00502175 -0.020388 0.00161763
internal_weight=75.522 65.7906 19.3388 46.4518
internal_count=555 519 133 386
is_linear=0
shrinkage=0.03


Tree=50
num_leaves=6
num_cat=0
split_feature=4 23 23 15 19
split_gain=11.0185 9.22294 3.49195 2.37271 0.103832
threshold=1.0000000180025095e-35 0.0097775000000000015 0.096218500000000012 0.21584700000000004 0.32199800000000006
decision_type=10 8 8 10 10
left_child=1 4 -3 -2 -1
right_child=3 2 -4 -5 -6
leaf_value=-0.027868828103149477 0.026425095131645416 0.017466464621077357 -0.0031854145947461622 0 -0.0042260133325962143
leaf_weight=11.680930867791178 9.9152676165103895 5.9221688508987418 38.471369449049234 2.4538478702306739 4.7822617813944808
leaf_count=87 40 23 359 11 32
internal_value=-0.00122063 -0.00702029 0 0.0211625 -0.0242524
internal_weight=73.2258 60.8567 44.3935 12.3691 16.4632
internal_count=552 501 382 51 119
is_linear=0
shrinkage=0.03


Tree=51
num_leaves=6
num_cat=0
split_feature=29 26 7 26 7
split_gain=12.9088 4.34874 3.35845 2.80632 1.88919
threshold=0.64842050000000018 1.0000000180025095e-35 8.6832670000000025 1.0000000180025095e-35 8.4887085000000031
decision_type=2 10 8 10 10
left_child=3 2 -2 4 -1
right_child=1 -3 -4 -5 -6
leaf_value=-0.024107162578055837 -0.0042860450380079055 0.025702027382132318 0.010409592569548312 0.0036748650697700476 0
leaf_weight=17.656067140400417 21.802079513669014 7.8903583437204352 25.309456828981638 1.4849762767553318 1.006713643670081
leaf_count=199 106 30 219 5 4
internal_value=0.000157593 0.00807373 0.00316069 -0.0184025 -0.0218096
internal_weight=75.1497 55.0019 47.1115 20.1478 18.6628
internal_count=563 355 325 208 203
is_linear=0
shrinkage=0.03


Tree=52
num_leaves=4
num_cat=0
split_feature=24 3 21
split_gain=11.9676 10.738 7.43842
threshold=1.0000000180025095e-35 1.5000000000000002 0.28401800000000005
decision_type=10 10 8
left_child=1 2 -1
right_child=-2 -3 -4
leaf_value=-0.019648906737038618 0.026802530788842392 0.023494601971836223 0.0013089689008463003
leaf_weight=29.263487331569195 9.8587131053209287 6.7660936266183844 23.530650645494461
leaf_count=184 37 28 267
internal_value=6.74144e-05 -0.00495145 -0.010202
internal_weight=69.4189 59.5602 52.7941
internal_count=516 479 451
is_linear=0
shrinkage=0.03


Tree=53
num_leaves=7
num_cat=0
split_feature=23 23 4 29 2 17
split_gain=13.3343 8.73297 5.81138 5.25933 2.54897 1.08609
threshold=0.0063255000000000013 0.51918300000000006 1.5000000000000002 0.71372150000000012 0.47222200000000009 0.48752150000000005
decision_type=8 8 10 2 10 8
left_child=2 4 5 -3 -2 -1
right_child=1 3 -4 -5 -6 -7
leaf_value=-0.028250689411808267 0.023967328686445803 -0.013516230715098863 0.0098098597295652665 0.0089804210922721714 0 0
leaf_weight=13.582269705832005 22.574063219130043 15.161079376935961 2.2087603360414496 15.46237628534436 4.168646737933158 1.8414540365338332
leaf_count=102 90 185 10 142 20 11
internal_value=0.00132614 0.00873903 -0.0191012 -0.00147723 0.0204155 -0.0257929
internal_weight=74.9986 57.3662 17.6325 30.6235 26.7427 15.4237
internal_count=560 437 123 327 110 113
is_linear=0
shrinkage=0.03


Tree=54
num_leaves=6
num_cat=0
split_feature=29 28 24 19 22
split_gain=12.397 9.39793 5.77717 2.01642 0.648752
threshold=0.58551750000000002 0.97844950000000008 1.0000000180025095e-35 0.0046685000000000008 0.13270100000000004
decision_type=2 2 10 8 10
left_child=4 2 -2 -3 -1
right_child=1 3 -4 -5 -6
leaf_value=-0.026576094753713111 -0.01392814817523789 -0.002853439486268101 0.017103304055081852 0.017064879245042568 0
leaf_weight=9.6982810646295512 20.526244167238477 1.4723378717899311 3.536797270178794 37.485304340720177 0.76504565775394517
leaf_count=122 170 10 13 237 4
internal_value=0.000866227 0.00654703 -0.00686827 0.0154469 -0.0249557
internal_weight=73.484 63.0207 24.063 38.9576 10.4633
internal_count=556 430 183 247 126
is_linear=0
shrinkage=0.03


Tree=55
num_leaves=6
num_cat=0
split_feature=4 23 28 15 28
split_gain=12.7022 10.3852 7.18678 1.49379 1.48952
threshold=1.0000000180025095e-35 0.0097775000000000015 0.96227650000000009 0.20060950000000002 0.98946600000000007
decision_type=10 8 2 8 2
left_child=1 4 -3 -2 -1
right_child=3 2 -4 -5 -6
leaf_value=-0.029321756301995908 0.02829374863148364 -0.021600198647261912 0.0078667226989885576 0 -0.0009995796591717968
leaf_weight=11.192006245255468 10.837171554565426 5.91566053405404 37.518637467175722 2.5043500363826761 4.7628288939595214
leaf_count=90 45 62 319 11 33
internal_value=0.000542485 -0.00525292 0.00207107 0.0244046 -0.0239461
internal_weight=72.7307 59.3891 43.4343 13.3415 15.9548
internal_count=560 504 381 56 123
is_linear=0
shrinkage=0.03


Tree=56
num_leaves=5
num_cat=0
split_feature=4 26 18 16
split_gain=11.8431 11.7652 8.28999 2.01231
threshold=1.0000000180025095e-35 1.0000000180025095e-35 0.32362000000000007 0.27739300000000006
decision_type=10 10 8 10
left_child=1 2 -1 -2
right_child=3 -3 -4 -5
leaf_value=-0.022548702190242381 0.027730869005290412 0.023093783536984588 0 0
leaf_weight=25.617868207395077 10.534367784857748 7.4272241890430442 28.233107428997755 2.2138390988111487
leaf_count=174 45 29 306 10
internal_value=0 -0.00566379 -0.0111671 0.0233644
internal_weight=74.0264 61.2782 53.851 12.7482
internal_count=564 509 480 55
is_linear=0
shrinkage=0.03


Tree=57
num_leaves=5
num_cat=0
split_feature=4 26 5 7
split_gain=10.5604 10.1189 5.13037 0.798415
threshold=1.0000000180025095e-35 1.0000000180025095e-35 1.5000000000000002 8.4887085000000031
decision_type=10 10 8 10
left_child=1 2 -1 -2
right_child=3 -3 -4 -5
leaf_value=-0.018362607119674301 0.0001268507013710565 0.022759843299679904 0 0.027045513327957894
leaf_weight=24.628023788332939 3.6408499032258979 7.3241538256406775 26.853940382599831 9.9068339318037015
leaf_count=168 16 29 299 43
internal_value=0.0014458 -0.00389877 -0.00928645 0.0229588
internal_weight=72.3538 58.8061 51.482 13.5477
internal_count=555 496 467 59
is_linear=0
shrinkage=0.03


Tree=58
num_leaves=7
num_cat=0
split_feature=23 23 3 16 2 17
split_gain=7.90366 6.1665 2.98184 2.67818 1.85418 1.19429
threshold=0.0063255000000000013 0.51918300000000006 1.0000000180025095e-35 0.076416000000000012 0.47222200000000009 0.17935250000000003
decision_type=10 10 8 10 10 8
left_child=2 4 5 -3 -2 -1
right_child=1 3 -4 -5 -6 -7
leaf_value=-0.023452350088734124 0.022448236375697862 0.0059226872090989259 0 -0.01908472806722138 0 -0.001100954633418463
leaf_weight=9.0004364103078807 18.602572888135917 3.1154291555285445 22.890174802392721 4.6552655249834061 4.2987585812807074 6.7433277815580377
leaf_count=75 76 15 281 29 21 43
internal_value=5.59167e-05 0.0112477 -0.00827902 -0.00741632 0.0188643 -0.0171879
internal_weight=69.306 30.672 38.6339 7.77069 22.9013 15.7438
internal_count=540 141 399 44 97 118
is_linear=0
shrinkage=0.03


Tree=59
num_leaves=6
num_cat=0
split_feature=3 22 18 17 17
split_gain=7.53351 8.35853 4.52064 0.384771 0.126879
threshold=1.0000000180025095e-35 0.025934500000000003 0.29475650000000003 0.18276750000000005 0.48752150000000005
decision_type=10 8 10 8 10
left_child=1 4 -3 -2 -1
right_child=3 2 -4 -5 -6
leaf_value=-0.019877605674351373 0.024716390221923613 0 0.022198608404085204 0 0
leaf_weight=15.100139498710634 8.3415445238351786 34.114619974046946 7.0110847800970069 2.0504090934991845 2.2051376551389685
leaf_count=114 38 340 27 10 15
internal_value=0.00159017 -0.00248554 0.00442669 0.02217 -0.0186168
internal_weight=68.8229 58.431 41.1257 10.392 17.3053
internal_count=544 496 367 48 129
is_linear=0
shrinkage=0.03


Tree=60
num_leaves=5
num_cat=0
split_feature=3 22 23 5
split_gain=10.1209 8.45359 3.68136 1.59518
threshold=1.5000000000000002 0.040069000000000007 0.0097775000000000015 3.5000000000000004
decision_type=10 8 10 10
left_child=1 3 -3 -1
right_child=-2 2 -4 -5
leaf_value=-0.021371056424925667 0.025351101997176249 -0.0035203276504173256 0.012980970596005696 0
leaf_weight=18.652028553187851 9.2296124249696714 24.355997588485479 17.048295453190804 2.2577608674764624
leaf_count=140 43 292 73 10
internal_value=0 -0.00437317 0.00301647 -0.0188029
internal_weight=71.5437 62.3141 41.4043 20.9098
internal_count=558 515 365 150
is_linear=0
shrinkage=0.03


Tree=61
num_leaves=7
num_cat=0
split_feature=29 23 3 24 7 17
split_gain=14.2663 3.33908 2.77489 2.77269 1.37539 0.530222
threshold=0.64842050000000018 0.57592050000000017 1.0000000180025095e-35 1.0000000180025095e-35 8.4887085000000031 0.48752150000000005
decision_type=2 10 10 10 10 10
left_child=3 2 -2 4 -1 -3
right_child=1 5 -4 -5 -6 -7
leaf_value=-0.026108183942776586 0.0059586158394223489 -0.010628892651407087 0.025369221238873918 0.0021832486655464275 0 0
leaf_weight=15.125765796750787 37.288983553647995 4.9956130906939498 9.2132267057895643 1.4085968732833851 0.88329220563173372 1.5656081959605215
leaf_count=191 271 28 43 5 4 8
internal_value=0.000489887 0.00867016 0.0117148 -0.0205744 -0.0241836 -0.00667567
internal_weight=70.4811 53.0634 46.5022 17.4177 16.0091 6.56122
internal_count=550 350 314 200 195 36
is_linear=0
shrinkage=0.03


Tree=62
num_leaves=6
num_cat=0
split_feature=4 24 15 23 15
split_gain=8.13404 7.27614 3.82103 2.87294 2.5228
threshold=1.0000000180025095e-35 1.0000000180025095e-35 0.18423950000000003 0.61503100000000011 0.011886500000000001
decision_type=10 8 10 8 10
left_child=1 2 -1 -2 -3
right_child=3 4 -4 -5 -6
leaf_value=-0.021968695190292958 0.02506998156580429 0 0 -0.0013966628324246059 0.019375059881511086
leaf_weight=20.803341455757622 9.5255968719720805 21.879206694662575 6.9465043917298308 1.9692792296409614 4.4891189485788336
leaf_count=149 43 277 36 10 18
internal_value=-0.000501312 -0.00597835 -0.016179 0.0191154 0.00429138
internal_weight=65.613 54.1182 27.7498 11.4949 26.3683
internal_count=533 480 185 53 295
is_linear=0
shrinkage=0.03


Tree=63
num_leaves=7
num_cat=0
split_feature=28 29 26 4 19 15
split_gain=8.32717 8.11228 4.14009 2.36479 1.65129 0.907361
threshold=0.97415200000000013 0.63430900000000012 1.0000000180025095e-35 1.5000000000000002 0.0046685000000000008 0.047040500000000006
decision_type=2 2 10 10 8 10
left_child=2 5 3 -1 -3 -2
right_child=1 4 -4 -5 -6 -7
leaf_value=-0.020303027947838299 -0.018048709128901066 -0.0027791851705143622 0.011053050723755658 0.0035926804046098734 0.015876180319863691 0
leaf_weight=19.7338499352336 6.319735273718833 0.92831545323133369 2.1381983011960974 1.0872968733310688 36.095286093652248 1.1895498409867284
leaf_count=193 86 6 8 4 231 6
internal_value=0.000524266 0.00835307 -0.0127156 -0.0175005 0.0144856 -0.014532
internal_weight=67.4922 44.5329 22.9593 20.8211 37.0236 7.50929
internal_count=534 329 205 197 237 92
is_linear=0
shrinkage=0.03


Tree=64
num_leaves=5
num_cat=0
split_feature=4 28 23 16
split_gain=8.93685 7.49172 7.38252 1.37955
threshold=1.0000000180025095e-35 0.96563950000000009 0.0063255000000000013 0.22921200000000003
decision_type=10 2 8 10
left_child=1 -1 -3 -2
right_child=3 2 -4 -5
leaf_value=-0.024765510351651646 0.026134054086635081 -0.017442444275933191 0.0079173703948067359 0
leaf_weight=9.480486147105692 9.2759562432765943 10.821114949882029 36.456203032284975 2.5037784874439231
leaf_count=103 43 89 305 12
internal_value=0.000798766 -0.0039789 0.000821749 0.0219836
internal_weight=68.5375 56.7578 47.2773 11.7797
internal_count=552 497 394 55
is_linear=0
shrinkage=0.03


Tree=65
num_leaves=5
num_cat=0
split_feature=4 24 18 23
split_gain=9.61935 8.17814 6.07614 0.95322
threshold=1.0000000180025095e-35 1.0000000180025095e-35 0.29475650000000003 0.51918300000000006
decision_type=10 10 8 8
left_child=1 2 -1 -2
right_child=3 -3 -4 -5
leaf_value=-0.018022537601536798 0.026869184576871707 0.021931163862212749 0.0010220649684134859 0
leaf_weight=22.687133722007275 10.32979720830917 7.0132117569446555 29.301700584590435 2.1126569360494623
leaf_count=158 48 29 318 10
internal_value=0.00251979 -0.00242462 -0.00727298 0.023825
internal_weight=71.4445 59.002 51.9888 12.4425
internal_count=563 505 476 58
is_linear=0
shrinkage=0.03


Tree=66
num_leaves=6
num_cat=0
split_feature=29 3 24 18 29
split_gain=8.96582 4.06423 3.83079 1.51253 0.0644943
threshold=0.63430900000000012 1.5000000000000002 1.0000000180025095e-35 0.33763500000000007 0.61505200000000004
decision_type=2 10 8 10 2
left_child=3 2 -2 4 -1
right_child=1 -3 -4 -5 -6
leaf_value=-0.022959854812832796 -0.0053277879220641417 0.023477296872992066 0.010801307070719812 0 0
leaf_weight=10.018185112625359 23.397822491824627 8.1588332355022413 21.815243814140558 1.233400136232375 1.5292531736195076
leaf_count=144 121 42 208 7 16
internal_value=0.000958575 0.00690724 0.0020201 -0.0185723 -0.0216275
internal_weight=66.1527 53.3719 45.2131 12.7808 11.5474
internal_count=538 371 329 167 160
is_linear=0
shrinkage=0.03


Tree=67
num_leaves=6
num_cat=0
split_feature=4 28 21 18 17
split_gain=7.7721 5.20353 5.21405 4.49731 0.289755
threshold=1.0000000180025095e-35 0.98031600000000008 0.29816800000000004 0.076550000000000021 0.18276750000000005
decision_type=10 2 10 8 8
left_child=1 2 -1 -3 -2
right_child=4 3 -4 -5 -6
leaf_value=-0.017817470103681631 0.024685115534825903 -0.010528998096729315 0.012329972490748749 0.012087254741569067 0
leaf_weight=23.602224882692102 7.9471722692251179 7.8596987351775196 2.9353249222040168 21.071498282253742 2.0146097689867029
leaf_count=242 37 54 11 172 10
internal_value=0.000936101 -0.00332118 -0.0125536 0.00459164 0.0222379
internal_weight=65.4305 55.4687 26.5375 28.9312 9.96178
internal_count=526 479 253 226 47
is_linear=0
shrinkage=0.03


Tree=68
num_leaves=4
num_cat=0
split_feature=24 4 28
split_gain=7.79296 7.74571 5.51143
threshold=1.0000000180025095e-35 1.5000000000000002 0.97891050000000013
decision_type=10 10 2
left_child=1 2 -1
right_child=-2 -3 -4
leaf_value=-0.018746835372213423 0.02299977848766831 0.020093379814937851 0
leaf_weight=23.47386983782053 7.9825198352336875 6.4896090030670157 30.330256909132004
leaf_count=245 35 31 253
internal_value=0 -0.00436151 -0.0087447
internal_weight=68.2763 60.2937 53.8041
internal_count=564 529 498
is_linear=0
shrinkage=0.03


Tree=69
num_leaves=5
num_cat=0
split_feature=26 28 20 4
split_gain=7.6186 6.2764 2.6846 1.77994
threshold=1.0000000180025095e-35 0.97891050000000013 1.0000000180025095e-35 1.0000000180025095e-35
decision_type=10 2 8 10
left_child=1 3 -3 -1
right_child=-2 2 -4 -5
leaf_value=-0.016591777072634324 0.023049760140193706 -0.013245748417863029 0.0073465168280136897 0.0030353104933839086
leaf_weight=23.941989183425907 8.4249803721904737 3.1378192007541648 32.644988618791103 1.0484800487756718
leaf_count=247 38 34 249 4
internal_value=0.000127184 -0.00351496 0.0038823 -0.0144595
internal_weight=69.1983 60.7733 35.7828 24.9905
internal_count=572 534 283 251
is_linear=0
shrinkage=0.03


Tree=70
num_leaves=6
num_cat=0
split_feature=28 24 20 4 20
split_gain=7.2963 4.80343 3.29734 2.94374 2.02897
threshold=0.98260900000000007 1.0000000180025095e-35 1.0000000180025095e-35 1.5000000000000002 0.23524500000000001
decision_type=2 10 8 10 10
left_child=1 3 -2 -1 -4
right_child=2 -3 4 -5 -6
leaf_value=-0.013968769123723626 -0.0080134270485704255 0.014969110251897967 0.018858118119816032 0.0093574217930413733 0
leaf_weight=30.79193477705121 2.5798759385943439 4.1905828565359107 23.891028076410297 1.9579611718654621 4.0674994885921469
leaf_count=303 26 18 178 8 20
internal_value=0.00179775 -0.00645965 0.0123651 -0.0110668 0.0158089
internal_weight=67.4789 36.9405 30.5384 32.7499 27.9585
internal_count=553 329 224 311 198
is_linear=0
shrinkage=0.03


Tree=71
num_leaves=5
num_cat=0
split_feature=29 28 28 28
split_gain=8.18225 7.2371 2.99965 0.578623
threshold=0.58551750000000002 0.95943100000000014 0.98260900000000007 0.95370650000000012
decision_type=2 2 2 2
left_child=3 -2 -3 -1
right_child=1 2 -4 -5
leaf_value=0 -0.020226781256544039 0.00047597891634476732 0.015502113061123597 -0.023623322865958009
leaf_weight=1.2839067652821521 5.1486508734524241 26.033666405826807 29.673264879733324 7.7024342231452465
leaf_count=13 50 198 204 114
internal_value=0.000959213 0.0055673 0.00937409 -0.021327
internal_weight=69.8419 60.8556 55.7069 8.98634
internal_count=579 452 402 127
is_linear=0
shrinkage=0.03


Tree=72
num_leaves=5
num_cat=0
split_feature=24 4 22 4
split_gain=8.81477 7.67808 3.0696 2.39557
threshold=1.0000000180025095e-35 1.5000000000000002 0.17842200000000005 1.5000000000000002
decision_type=10 8 10 10
left_child=1 2 -1 -3
right_child=-2 3 -4 -5
leaf_value=-0.019313747445996971 0.024313005625929841 0 3.837870177312017e-05 0.019199261399840128
leaf_weight=24.545159824192528 7.8721748143434516 22.605462759733204 5.9545282945036879 5.306687429547309
leaf_count=181 36 292 27 28
internal_value=-0.000143998 -0.00495527 -0.014975 0.00541355
internal_weight=66.284 58.4118 30.4997 27.9122
internal_count=564 528 208 320
is_linear=0
shrinkage=0.03


Tree=73
num_leaves=6
num_cat=0
split_feature=29 28 22 26 16
split_gain=12.8376 8.25916 2.5566 1.84217 1.53179
threshold=0.6447790000000001 0.97478750000000003 0.15225800000000003 1.0000000180025095e-35 0.32317300000000004
decision_type=2 2 10 10 10
left_child=3 2 -2 -1 -3
right_child=1 4 -4 -5 -6
leaf_value=-0.023758330964556255 -0.015172897848006829 0.017690154525620089 0.0046950610920937644 0 0
leaf_weight=13.866951845586296 11.030830610543491 33.528223901987076 5.0279736369848242 1.0867274254560477 2.9747457504272452
leaf_count=191 107 226 23 4 14
internal_value=0.000698408 0.00818851 -0.00761834 -0.0209272 0.0159523
internal_weight=67.5155 52.5618 16.0588 14.9537 36.503
internal_count=565 370 130 195 240
is_linear=0
shrinkage=0.03


Tree=74
num_leaves=6
num_cat=0
split_feature=29 28 21 16 18
split_gain=8.54071 6.58113 4.79442 3.11169 0.468919
threshold=0.58551750000000002 0.98072800000000016 0.10762700000000001 0.37325250000000004 0.32362000000000007
decision_type=2 2 10 10 10
left_child=4 2 -2 -3 -1
right_child=1 3 -4 -5 -6
leaf_value=-0.023251777015354989 -0.01318545807267919 0.0178257580469529 0.011692527053000721 -0.0045655741296725273 0
leaf_weight=7.6544797979295236 16.953879274427894 30.442739803344011 6.9200093522667876 3.0356097370386115 0.76360332220792759
leaf_count=119 167 215 32 16 5
internal_value=0.00166626 0.00648651 -0.0043578 0.0147645 -0.0216224
internal_weight=65.7703 57.3522 23.8739 33.4783 8.41808
internal_count=554 430 199 231 124
is_linear=0
shrinkage=0.03


Tree=75
num_leaves=6
num_cat=0
split_feature=29 28 4 21 28
split_gain=8.5511 5.83654 2.29065 1.82273 0.0876998
threshold=0.58551750000000002 0.96426450000000019 1.0000000180025095e-35 0.12386950000000001 0.95370650000000012
decision_type=2 2 8 10 2
left_child=4 3 -3 -2 -1
right_child=1 2 -4 -5 -6
leaf_value=0 -0.020130508007750524 0.0019496010451627447 0.016401416617092025 0.0014877288304490721 -0.022623891035317326
leaf_weight=1.0360271483659724 5.5664291009306899 23.860719636082649 27.466615375131369 1.4544888585805891 7.2586202137172222
leaf_count=11 59 129 250 6 113
internal_value=0.00207564 0.00678493 0.010714 -0.0135536 -0.0213987
internal_weight=66.6429 58.3483 51.3273 7.02092 8.29465
internal_count=568 444 379 65 124
is_linear=0
shrinkage=0.03


Tree=76
num_leaves=7
num_cat=0
split_feature=29 23 23 28 20 28
split_gain=6.60749 2.47363 3.50548 2.42525 1.83877 1.27724
threshold=0.6828955000000001 0.0074560000000000008 0.27391400000000005 0.95943100000000014 0.26826050000000007 0.99264100000000011
decision_type=2 10 8 2 10 2
left_child=1 5 -3 -2 -5 -1
right_child=3 2 -4 4 -6 -7
leaf_value=-0.019306679734740449 -0.0089549947535694438 0.014230431725461359 -0.01504124560348759 0.013524914280435407 -0.00067177346038826144 0
leaf_weight=13.714565958827736 2.4115448370575896 5.4788905829191181 3.3557327613234529 32.832084696739912 5.2927752360701552 1.1053908094763745
leaf_count=201 21 24 25 239 27 10
internal_value=0.000963768 -0.0103486 0 0.00851229 0.0109193 -0.0168855
internal_weight=64.191 23.6546 8.83462 40.5364 38.1249 14.82
internal_count=547 260 49 287 266 211
is_linear=0
shrinkage=0.03


Tree=77
num_leaves=5
num_cat=0
split_feature=4 26 18 15
split_gain=6.33462 5.32138 4.90231 2.70104
threshold=1.0000000180025095e-35 1.0000000180025095e-35 0.29475650000000003 0.23709800000000003
decision_type=10 10 8 8
left_child=1 2 -1 -2
right_child=3 -3 -4 -5
leaf_value=-0.018455966180811242 0.023912109640154146 0.017214322083548478 0 -0.0015944156913427186
leaf_weight=19.841199338436127 9.3897071778774226 5.289220616221427 27.970003709197044 1.9224353879690177
leaf_count=149 48 25 320 10
internal_value=0 -0.00429582 -0.00814172 0.0180557
internal_weight=64.4126 53.1004 47.8112 11.3121
internal_count=552 494 469 58
is_linear=0
shrinkage=0.03


Tree=78
num_leaves=5
num_cat=0
split_feature=24 3 15 29
split_gain=5.19938 4.60724 2.25672 2.10688
threshold=1.0000000180025095e-35 1.5000000000000002 0.25245100000000004 0.59491450000000012
decision_type=10 8 10 2
left_child=1 2 -1 -3
right_child=-2 3 -4 -5
leaf_value=-0.016195735169832057 0.019342943576376632 -0.010700661914458429 0 0.0084181388358843482
leaf_weight=23.873758524656299 6.1833973228931418 2.7431634366512325 7.1716424450278273 20.732660043984652
leaf_count=176 30 58 37 221
internal_value=-0.00105744 -0.00478081 -0.0121405 0.00409163
internal_weight=60.7046 54.5212 31.0454 23.4758
internal_count=522 492 213 279
is_linear=0
shrinkage=0.03


Tree=79
num_leaves=7
num_cat=0
split_feature=23 9 23 16 28 22
split_gain=6.87265 4.48579 4.24443 2.05977 1.05885 0.703258
threshold=0.0063255000000000013 8.1715810000000015 0.61503100000000011 0.091423500000000005 0.99337300000000017 0.008709500000000002
decision_type=10 8 10 10 2 10
left_child=1 -1 5 -4 -3 -2
right_child=2 4 3 -5 -6 -7
leaf_value=-0.022098361470333842 0 -0.0034647165281636327 0.0048822293917215459 -0.01714959622219479 0.011140902778773231 0.017378134975113955
leaf_weight=11.978421054780481 2.4127271845936837 20.937176760286096 3.01289178431034 4.1617789790034294 2.3626752831041804 20.075491607189178
leaf_count=114 14 278 16 28 19 94
internal_value=-0.000232503 -0.009253 0.00944168 -0.00623758 0 0.0157664
internal_weight=64.9412 35.2783 29.6629 7.17467 23.2999 22.4882
internal_count=563 411 152 44 297 108
is_linear=0
shrinkage=0.03


Tree=80
num_leaves=6
num_cat=0
split_feature=21 28 29 28 3
split_gain=6.4183 7.89801 2.68306 1.87605 1.49374
threshold=0.11378600000000001 0.98177350000000008 0.61505200000000004 0.98814900000000006 1.0000000180025095e-35
decision_type=10 2 2 2 8
left_child=1 4 -3 -2 -1
right_child=3 2 -4 -5 -6
leaf_value=-0.025047186171421286 0.019381923022930899 -0.010733682285769985 0.0094344972892837428 -0.00081312015623580985 -0.0046016234578234814
leaf_weight=11.886870227754118 12.066471830010412 3.8758994825184372 22.053771059960127 1.7059632688760746 11.820557691156862
leaf_count=107 58 54 161 10 161
internal_value=-0.000305922 -0.00586101 0.00458235 0.0153938 -0.0176383
internal_weight=63.4095 49.6371 25.9297 13.7724 23.7074
internal_count=551 483 215 68 268
is_linear=0
shrinkage=0.03


Tree=81
num_leaves=5
num_cat=0
split_feature=29 28 16 28
split_gain=5.65223 4.66726 2.13556 1.0276
threshold=0.58551750000000002 0.95943100000000014 0.35946150000000004 0.94968850000000005
decision_type=2 2 10 2
left_child=3 -2 -3 -1
right_child=1 2 -4 -5
leaf_value=0 -0.018155653072131857 0.0092978564040705827 -0.0060123910504450446 -0.022469193750168235
leaf_weight=0.8289138823747616 4.1848562471568576 46.665705759078264 5.1903115585446349 7.2530247159302235
leaf_count=8 43 358 32 121
internal_value=0 0.00376172 0.00697355 -0.0195869
internal_weight=64.1228 56.0409 51.856 8.08194
internal_count=562 433 390 129
is_linear=0
shrinkage=0.03


Tree=82
num_leaves=5
num_cat=0
split_feature=29 28 23 7
split_gain=6.63019 4.37782 2.30223 0.597759
threshold=0.58551750000000002 0.96426450000000019 0.0014810000000000001 8.4887085000000031
decision_type=2 2 8 10
left_child=-1 3 -3 -2
right_child=1 2 -4 -5
leaf_value=-0.021005620709388058 -0.016575195306425525 -0.0020959152242192437 0.011372531695579304 0
leaf_weight=7.4164561815559855 5.092882562428712 9.6508724913001043 40.801911443471909 0.96893084049224842
leaf_count=122 58 65 306 5
internal_value=0.000586201 0.00483981 0.00826194 -0.0136379
internal_weight=63.9311 56.5146 50.4528 6.06181
internal_count=556 434 371 63
is_linear=0
shrinkage=0.03


Tree=83
num_leaves=6
num_cat=0
split_feature=4 24 21 15 16
split_gain=6.29185 6.71592 3.87197 2.91067 1.72207
threshold=1.0000000180025095e-35 1.0000000180025095e-35 0.28401800000000005 0.23709800000000003 0.018412000000000001
decision_type=10 8 10 8 10
left_child=1 2 -1 -2 -3
right_child=3 4 -4 -5 -6
leaf_value=-0.017936543000909539 0.025028309816715919 0.00046020946418367083 0.0076384541249868198 -0.0017895109179045235 0.019004455016191312
leaf_weight=23.516599699854854 9.3160815834999049 20.523798964917663 3.0416273772716513 1.8936391323804862 4.7326142489910117
leaf_count=183 50 271 11 10 22
internal_value=0.000875526 -0.00331458 -0.0135146 0.0189654 0.00664557
internal_weight=63.0244 51.8146 26.5582 11.2097 25.2564
internal_count=547 487 194 60 293
is_linear=0
shrinkage=0.03


Tree=84
num_leaves=4
num_cat=0
split_feature=24 4 21
split_gain=5.77047 5.24153 4.81162
threshold=1.0000000180025095e-35 1.5000000000000002 0.29816800000000004
decision_type=10 10 8
left_child=1 2 -1
right_child=-2 -3 -4
leaf_value=-0.0143085677712962 0.021368419351786891 0.0181072801109796 0.0023969770116235691
leaf_weight=27.965610913932323 7.5759535133838645 5.9629316776990882 24.574155200272799
leaf_count=208 38 34 295
internal_value=0.000597968 -0.00251509 -0.0062474
internal_weight=66.0787 58.5027 52.5398
internal_count=575 537 503
is_linear=0
shrinkage=0.03


Tree=85
num_leaves=5
num_cat=0
split_feature=3 28 18 18
split_gain=4.41183 2.97257 3.74747 0.760217
threshold=1.5000000000000002 0.97415200000000013 0.32362000000000007 0.04393650000000001
decision_type=10 2 8 8
left_child=1 3 -3 -1
right_child=-2 2 -4 -5
leaf_value=0 0.019650499624917245 -0.0068765593746419754 0.01051347647411828 -0.014318588104950517
leaf_weight=3.7761520817875889 6.0027551874518386 18.055990621447563 19.304303035140038 15.366311367601154
leaf_count=26 38 120 200 175
internal_value=0 -0.00288224 0.00147925 -0.0117965
internal_weight=62.5055 56.5028 37.3603 19.1425
internal_count=559 521 320 201
is_linear=0
shrinkage=0.03


Tree=86
num_leaves=7
num_cat=0
split_feature=29 24 7 4 19 19
split_gain=5.70357 1.91359 1.84226 1.61957 3.40182 0.645523
threshold=0.6828955000000001 1.0000000180025095e-35 8.6832670000000025 1.0000000180025095e-35 0.10762800000000002 0.16353500000000001
decision_type=2 10 8 10 8 8
left_child=1 2 -1 4 -2 -5
right_child=3 -3 -4 5 -6 -7
leaf_value=-0.019220957115526221 -0.0097440018170873686 0.0054661614591224265 0 0.021192993299951123 0.0092423667524719737 0
leaf_weight=12.682090558111673 8.6903460323810595 2.0538014173507682 8.9837217628955823 6.7265652641653988 22.965746764093637 1.7653982937335975
leaf_count=128 49 9 135 40 188 10
internal_value=0.000642211 -0.00979668 -0.0129486 0.00775717 0.00277222 0.0181546
internal_weight=63.8677 23.7196 21.6658 40.1481 31.6561 8.49196
internal_count=559 272 263 287 237 50
is_linear=0
shrinkage=0.03


Tree=87
num_leaves=6
num_cat=0
split_feature=4 23 22 28 16
split_gain=5.10918 4.847 3.38427 2.66796 1.68248
threshold=1.0000000180025095e-35 0.0097775000000000015 0.025934500000000003 0.98595300000000019 0.22921200000000003
decision_type=10 8 10 2 10
left_child=1 3 -3 -1 -2
right_child=4 2 -4 -5 -6
leaf_value=-0.024211141515356964 0.023853741918228581 -0.002344728641085279 0.013582852942772809 0 0
leaf_weight=7.7028422765433771 8.3246427625417692 25.43082370236516 15.704464130103586 5.6391661465167999 2.3789882361888877
leaf_count=81 48 312 73 41 13
internal_value=0.00243084 -0.00111645 0.00356625 -0.0153939 0.0189663
internal_weight=65.1809 54.4773 41.1353 13.342 10.7036
internal_count=568 507 385 122 61
is_linear=0
shrinkage=0.03


Tree=88
num_leaves=7
num_cat=0
split_feature=29 5 21 2 16 16
split_gain=6.5858 3.56514 1.8615 1.85915 1.3636 0.95433
threshold=0.73635850000000003 1.5000000000000002 0.11378600000000001 0.32575750000000009 0.38608400000000004 0.012641000000000001
decision_type=2 10 10 10 10 10
left_child=1 2 -1 4 -2 -5
right_child=3 -3 -4 5 -6 -7
leaf_value=-0.016231258447831763 0.016173200973202725 0.008507050709118098 9.0432510280490569e-05 0.0071529972404542914 0 -0.0087884069744980468
leaf_weight=24.386750999838117 19.744367647916086 4.5606937333941451 3.5415476411581031 2.1956645399332038 1.4919295608997334 4.6786490306258202
leaf_count=308 157 23 19 12 8 28
internal_value=0 -0.00900591 -0.0133835 0.00989949 0.0139583 -3.22573e-05
internal_weight=60.5996 32.489 27.9283 28.1106 21.2363 6.87431
internal_count=555 350 327 205 165 40
is_linear=0
shrinkage=0.03


Tree=89
num_leaves=5
num_cat=0
split_feature=24 4 18 15
split_gain=7.0574 6.30338 3.21131 2.85448
threshold=1.0000000180025095e-35 1.5000000000000002 0.29475650000000003 0.27208550000000004
decision_type=10 8 10 8
left_child=1 2 -1 -3
right_child=-2 3 -4 -5
leaf_value=-0.018839199747066323 0.022710872209904105 0.019725113653164501 0 0
leaf_weight=21.81137811020017 7.2463528737425795 5.7207666561007526 7.6436824426054946 21.0899837911129
leaf_count=170 38 34 42 280
internal_value=0 -0.00424259 -0.0135009 0.00525761
internal_weight=63.5122 56.2658 29.4551 26.8108
internal_count=564 526 212 314
is_linear=0
shrinkage=0.03


Tree=90
num_leaves=6
num_cat=0
split_feature=29 28 24 28 16
split_gain=7.71416 2.61666 2.24838 1.21734 1.00389
threshold=0.68518000000000012 0.95564550000000004 1.0000000180025095e-35 0.99264100000000011 0.35946150000000004
decision_type=2 2 10 2 10
left_child=2 -2 3 -1 -3
right_child=1 4 -4 -5 -6
leaf_value=-0.017731393247045448 -0.01118010126206595 0.012061756798632707 0.0047929092802421703 0 0
leaf_weight=19.492707174271352 1.8691486567258824 34.991760548204184 1.9077450335025776 1.1041572242975224 3.2146491333842269
leaf_count=259 19 255 8 9 17
internal_value=8.66627e-07 0.00817305 -0.0126252 -0.0159142 0.0105929
internal_weight=62.5802 40.0756 22.5046 20.5969 38.2064
internal_count=567 291 276 268 272
is_linear=0
shrinkage=0.03


Tree=91
num_leaves=5
num_cat=0
split_feature=24 28 29 22
split_gain=4.8453 5.09839 2.29632 1.63192
threshold=1.0000000180025095e-35 0.97891050000000013 0.58551750000000002 0.41336450000000008
decision_type=10 2 2 10
left_child=1 3 -3 -1
right_child=-2 2 -4 -5
leaf_value=-0.014691361174478661 0.020516610604949522 -0.011098854860616026 0.0084526067112114193 0.0026623632524567383
leaf_weight=21.222957700490955 7.1957217454910269 2.6064783819019786 29.747572589665651 1.6772411614656437
leaf_count=242 38 46 222 7
internal_value=0.00122755 -0.00169668 0.00522081 -0.0121009
internal_weight=62.45 55.2542 32.3541 22.9002
internal_count=555 517 268 249
is_linear=0
shrinkage=0.03


Tree=92
num_leaves=4
num_cat=0
split_feature=29 28 21
split_gain=6.1441 4.35407 1.53258
threshold=0.58551750000000002 0.95943100000000014 1.0000000180025095e-35
decision_type=2 2 8
left_child=-1 -2 -3
right_child=1 2 -4
leaf_value=-0.019689541811384322 -0.015452829535009626 0 0.011237995602395991
leaf_weight=6.7356875836849204 4.0349828749895087 9.7207013778388482 41.178180430084467
leaf_count=122 42 68 322
internal_value=0.00178431 0.00581839 0.00882749
internal_weight=61.6696 54.9339 50.8989
internal_count=554 432 390
is_linear=0
shrinkage=0.03


Tree=93
num_leaves=4
num_cat=0
split_feature=24 29 3
split_gain=5.40567 4.39687 2.87991
threshold=1.0000000180025095e-35 0.90518600000000016 1.5000000000000002
decision_type=10 2 10
left_child=1 2 -1
right_child=-2 -3 -4
leaf_value=-0.008604733318892022 0.021744220807990301 0.015826775538122916 0.012363374164212741
leaf_weight=45.785209067165852 6.6605996042489997 6.3875740468502036 2.9592582881450644
leaf_count=460 36 45 18
internal_value=0.000656403 -0.00236586 -0.006109
internal_weight=61.7926 55.132 48.7445
internal_count=559 523 478
is_linear=0
shrinkage=0.03


Tree=94
num_leaves=5
num_cat=0
split_feature=24 4 20 15
split_gain=5.71611 6.76164 3.53467 2.27851
threshold=1.0000000180025095e-35 1.0000000180025095e-35 0.25660100000000002 0.18423950000000003
decision_type=10 8 8 10
left_child=1 3 -3 -1
right_child=-2 2 -4 -5
leaf_value=-0.021271793329333093 0.019061227119569504 0.019442330351367533 -0.001718073888347618 0
leaf_weight=18.421320069581274 6.4151252955198279 6.3081930801272419 20.62445093691349 7.7807573899626723
leaf_count=160 35 36 276 46
internal_value=-0.0019594 -0.00591477 0.00368776 -0.0161772
internal_weight=59.5498 53.1347 26.9326 26.2021
internal_count=553 518 312 206
is_linear=0
shrinkage=0.03


Tree=95
num_leaves=6
num_cat=0
split_feature=28 29 4 26 18
split_gain=5.93913 3.82331 2.12564 1.96501 1.86167
threshold=0.97216550000000013 0.58551750000000002 1.5000000000000002 1.0000000180025095e-35 0.32362000000000007
decision_type=2 2 10 10 10
left_child=2 -2 3 -1 -3
right_child=1 4 -4 -5 -6
leaf_value=-0.02088585079330393 -0.014436938230844463 0.0044936654700638741 0.0042109934182602334 0.0016730655622590623 0.022720557251020686
leaf_weight=13.686164483427998 3.5201908238232127 34.523859389126301 1.280931919813155 0.93541221320629198 6.0287249833345404
leaf_count=165 66 284 6 4 25
internal_value=0 0.00594029 -0.0139608 -0.0177011 0.00927057
internal_weight=59.9753 44.0728 15.9025 14.6216 40.5526
internal_count=550 375 175 169 309
is_linear=0
shrinkage=0.03


Tree=96
num_leaves=6
num_cat=0
split_feature=29 28 18 22 15
split_gain=5.03022 4.7169 1.583 1.28318 0.524707
threshold=0.58551750000000002 0.97415200000000013 0.32362000000000007 0.008709500000000002 0.25994750000000005
decision_type=2 2 8 10 10
left_child=4 3 -3 -2 -1
right_child=1 2 -4 -5 -6
leaf_value=-0.020563422044682044 -0.013623825789400639 0.0020694368095046977 0.016519030349639217 0 0
leaf_weight=6.3198956213891497 8.7662665806710738 20.101807177066803 17.582126077264547 7.4359818547964087 0.57511555403470982
leaf_count=121 110 120 164 42 4
internal_value=0.00050122 0.0043461 0.0102695 -0.00732056 -0.018723
internal_weight=60.7812 53.8862 37.6839 16.2022 6.89501
internal_count=561 436 284 152 125
is_linear=0
shrinkage=0.03


Tree=97
num_leaves=5
num_cat=0
split_feature=26 29 20 9
split_gain=4.88441 3.34752 1.79394 1.5611
threshold=1.0000000180025095e-35 0.73795300000000008 0.28201750000000009 8.5431960000000018
decision_type=10 2 10 10
left_child=1 3 -3 -1
right_child=-2 2 -4 -5
leaf_value=-0.011283129729381423 0.020986559144035324 0.0088571291441145207 -0.0079255690152102345 0.0057169920525956559
leaf_weight=27.565529193729166 6.4101708307862273 21.089858110994104 3.1727300584316245 1.3807728737592686
leaf_count=327 37 160 17 7
internal_value=0.000672346 -0.0022307 0.00493147 -0.00907241
internal_weight=59.6191 53.2089 24.2626 28.9463
internal_count=548 511 177 334
is_linear=0
shrinkage=0.03


Tree=98
num_leaves=7
num_cat=0
split_feature=29 24 4 2 16 23
split_gain=4.71171 3.2683 1.57072 1.01809 1.80011 1.28344
threshold=0.73795300000000008 1.0000000180025095e-35 1.0000000180025095e-35 0.32575750000000009 0.012641000000000001 0.0074560000000000008
decision_type=2 10 10 10 10 8
left_child=1 2 -1 5 -5 -2
right_child=3 -3 -4 4 -6 -7
leaf_value=-0.012266306195830384 0 0.012388932555184581 0.0027392148644207297 0.013199470522824374 -0.0087390155639231228 0.01636824077584938
leaf_weight=25.822081249207262 2.3081807494163575 3.7237131968140593 2.972456954419612 2.8412368148565283 4.8879017159342766 17.117983818054199
leaf_count=314 13 20 15 15 30 140
internal_value=0.00147533 -0.00545863 -0.00966143 0.0104905 0 0.0137418
internal_weight=59.6736 32.5183 28.7945 27.1553 7.72914 19.4262
internal_count=547 349 329 198 45 153
is_linear=0
shrinkage=0.03


Tree=99
num_leaves=6
num_cat=0
split_feature=29 3 7 4 18
split_gain=4.6215 2.38213 1.98846 1.97462 0.702148
threshold=0.6447790000000001 1.5000000000000002 1.0000000180025095e-35 1.0000000180025095e-35 0.32362000000000007
decision_type=2 10 10 10 10
left_child=3 2 -2 4 -1
right_child=1 -3 -4 -5 -6
leaf_value=-0.022261349844930185 0.0030115942140711586 0.017813969568432057 -0.012958306947678026 0.0019778957473657508 0
leaf_weight=9.3463538847863656 36.123500216752291 5.2564460858702651 5.5444944500923148 1.2182504832744587 1.3258778229355801
leaf_count=172 300 38 31 5 10
internal_value=-0.000830863 0.00308831 0 -0.0158183 -0.0200322
internal_weight=58.8149 46.9244 41.668 11.8905 10.6722
internal_count=556 369 331 187 182
is_linear=0
shrinkage=0.03


Tree=100
num_leaves=4
num_cat=0
split_feature=29 28 22
split_gain=4.29836 3.28681 2.99271
threshold=0.58551750000000002 0.95943100000000014 0.040069000000000007
decision_type=2 2 8
left_child=-1 -2 -3
right_child=1 2 -4
leaf_value=-0.01768246301317377 -0.014207073142681076 -0.0019391907749582962 0.01202672058493252
leaf_weight=5.7800643630325785 3.6661451086401931 15.419291026890276 34.731217093765736
leaf_count=116 41 103 295
internal_value=0.00124774 0.00463522 0.00730123
internal_weight=59.5967 53.8167 50.1505
internal_count=555 439 398
is_linear=0
shrinkage=0.03


Tree=101
num_leaves=5
num_cat=0
split_feature=26 4 18 29
split_gain=4.76563 5.20296 2.4336 1.84373
threshold=1.0000000180025095e-35 1.5000000000000002 0.33068250000000005 0.60664700000000005
decision_type=10 8 10 2
left_child=1 2 -1 -3
right_child=-2 3 -4 -5
leaf_value=-0.017295638738256455 0.018873862622102236 -0.0086643561170179437 0 0.0085769304086530419
leaf_weight=20.977815534919504 6.4657137617468825 2.987621825188401 6.0053246691822997 21.896882392466068
leaf_count=174 37 69 34 238
internal_value=-0.000264054 -0.00409804 -0.0128909 0.00472162
internal_weight=58.3334 51.8676 26.9831 24.8845
internal_count=552 515 208 307
is_linear=0
shrinkage=0.03


Tree=102
num_leaves=7
num_cat=0
split_feature=29 5 28 28 2 3
split_gain=5.43198 3.44073 2.80458 1.78787 1.43819 1.31519
threshold=0.68518000000000012 1.5000000000000002 0.97844950000000008 0.99004500000000017 0.21363650000000003 2.5000000000000004
decision_type=2 10 2 2 8 10
left_child=1 5 4 -4 -2 -1
right_child=2 -3 3 -5 -6 -7
leaf_value=-0.018365269617438961 0.0047300075850621503 0.0088404554174605268 0.016242752182615595 0 -0.010899107366724154 0
leaf_weight=17.931970268487937 5.1370871365070316 2.4875456616282454 18.52302406728268 6.3777727708220473 7.5009418688714513 0.76727008819579978
leaf_count=262 27 12 130 51 75 4
internal_value=0 -0.0115177 0.00643799 0.0120767 -0.00293914 -0.0164562
internal_weight=58.7256 21.1868 37.5388 24.9008 12.638 18.6992
internal_count=561 278 283 181 102 266
is_linear=0
shrinkage=0.03


Tree=103
num_leaves=5
num_cat=0
split_feature=26 29 4 19
split_gain=5.18646 4.12432 2.08594 0.315291
threshold=1.0000000180025095e-35 0.90518600000000016 1.0000000180025095e-35 0.08068850000000001
decision_type=10 2 8 8
left_child=1 2 -1 -3
right_child=-2 3 -4 -5
leaf_value=-0.013885702850947165 0.020374856969323049 0 0 0.015880570829952756
leaf_weight=22.176093906164169 6.0731408074498168 1.9594641476869572 22.313536655157804 4.6153859868645668
leaf_count=188 36 12 286 38
internal_value=-9.88524e-05 -0.00408417 -0.00791744 0.0130746
internal_weight=57.1376 51.0645 44.4896 6.57485
internal_count=560 524 474 50
is_linear=0
shrinkage=0.03


Tree=104
num_leaves=5
num_cat=0
split_feature=3 19 29 24
split_gain=4.72631 2.65951 3.37863 2.38231
threshold=1.5000000000000002 0.10762800000000002 0.73635850000000003 1.0000000180025095e-35
decision_type=10 8 2 10
left_child=1 3 -3 -1
right_child=-2 2 -4 -5
leaf_value=-0.018484396357693379 0.019739239341273251 -0.0068034019359342118 0.0096696303670672067 0.0049042064714828288
leaf_weight=11.845965582877394 6.2675808146595946 21.16435632109642 17.563883744180202 1.4648924916982657
leaf_count=97 45 264 144 8
internal_value=0 -0.00341715 0.00010653 -0.0136426
internal_weight=58.3067 52.0391 38.7282 13.3109
internal_count=558 513 408 105
is_linear=0
shrinkage=0.03


Tree=105
num_leaves=5
num_cat=0
split_feature=24 29 4 19
split_gain=5.682 5.45696 2.14665 1.68142
threshold=1.0000000180025095e-35 0.73542950000000007 3.5000000000000004 0.08068850000000001
decision_type=10 2 10 8
left_child=1 2 -1 -3
right_child=-2 3 -4 -5
leaf_value=-0.016467329130543121 0.020571486912884018 -0.0053079200124416647 0.0045806934411110551 0.0087515888128551784
leaf_weight=24.795787490904335 6.2006664574146262 6.4260450899601009 1.3760401010513295 19.351109586656094
leaf_count=317 37 41 7 159
internal_value=-0.000700424 -0.00476992 -0.013975 0.00401621
internal_weight=58.1496 51.949 26.1718 25.7772
internal_count=561 524 324 200
is_linear=0
shrinkage=0.03


Tree=106
num_leaves=7
num_cat=0
split_feature=28 21 29 2 3 19
split_gain=4.8666 4.9654 2.6079 1.46084 0.699853 0.479096
threshold=0.98031600000000008 0.054827500000000008 0.61505200000000004 1.0000000180025095e-35 1.5000000000000002 0.14940300000000004
decision_type=2 10 2 8 8 10
left_child=1 4 5 -4 -1 -2
right_child=2 -3 3 -5 -6 -7
leaf_value=-0.024362159077261508 -0.011775545759720622 0.0068645011209110028 0 0.01386290312227836 -0.0042695134145437188 0
leaf_weight=8.4346025548875385 3.4034874401986595 7.4308566749095908 5.8302592858672169 24.011037763208151 8.7768325470387918 0.56585918366909016
leaf_count=99 63 41 35 186 134 3
internal_value=0 -0.0093064 0.00734494 0.0108641 -0.0177549 -0.00809543
internal_weight=58.4529 24.6423 33.8106 29.8413 17.2114 3.96935
internal_count=561 274 287 221 233 66
is_linear=0
shrinkage=0.03


Tree=107
num_leaves=6
num_cat=0
split_feature=29 28 13 4 18
split_gain=4.56434 3.31016 1.32462 1.05451 0.492559
threshold=0.64842050000000018 0.96106300000000011 1.0000000180025095e-35 1.0000000180025095e-35 0.32362000000000007
decision_type=2 2 10 10 10
left_child=3 -2 -3 4 -1
right_child=1 2 -4 -5 -6
leaf_value=-0.01698771851930609 -0.011591034279864968 0.012042058745146349 0 0 0
leaf_weight=9.530391767621035 3.9963901825249186 33.586059007793665 8.1851056516170484 0.93892362713813859 1.2440268769860274
leaf_count=182 39 261 52 4 10
internal_value=0.00177173 0.00652148 0.00958501 -0.0122937 -0.0151768
internal_weight=57.4809 45.7676 41.7712 11.7133 10.7744
internal_count=548 352 313 196 192
is_linear=0
shrinkage=0.03


Tree=108
num_leaves=6
num_cat=0
split_feature=29 4 21 16 15
split_gain=4.47067 1.16735 1.08012 1.75484 0.464384
threshold=0.6447790000000001 1.0000000180025095e-35 0.28401800000000005 0.076416000000000012 0.31568450000000003
decision_type=2 10 10 10 10
left_child=1 4 3 -2 -1
right_child=2 -3 -4 -5 -6
leaf_value=-0.018189385722208268 0.0067222092960895702 0 0.016133340491462037 -0.0049322140084194143 0
leaf_weight=9.4811289049684948 28.242255855351686 0.9183792173862465 5.2029160708189002 13.180854223668574 0.54669849202036935
leaf_count=183 265 4 26 81 4
internal_value=0.000658933 -0.0138129 0.00529057 0.0022558 -0.0168787
internal_weight=57.5722 10.9462 46.626 41.4231 10.0278
internal_count=563 191 372 346 187
is_linear=0
shrinkage=0.03


Tree=109
num_leaves=4
num_cat=0
split_feature=3 24 16
split_gain=4.01335 3.39417 2.71861
threshold=1.5000000000000002 1.0000000180025095e-35 0.076416000000000012
decision_type=10 10 10
left_child=1 2 -1
right_child=-2 -3 -4
leaf_value=0 0.019012325622702199 0.015061094570468839 -0.015328386252631806
leaf_weight=33.072320342063904 5.8517547324299803 4.6570336222648612 14.777510683983563
leaf_count=394 43 26 109
internal_value=0 -0.0027257 -0.00583323
internal_weight=58.3586 52.5069 47.8498
internal_count=572 529 503
is_linear=0
shrinkage=0.03


Tree=110
num_leaves=7
num_cat=0
split_feature=23 23 3 19 29 22
split_gain=3.89352 3.88098 3.02365 1.94952 1.56354 0.377877
threshold=0.0074560000000000008 0.51918300000000006 1.0000000180025095e-35 0.35948100000000005 0.68518000000000012 0.36700350000000009
decision_type=8 8 8 10 2 10
left_child=2 5 3 -1 -3 -2
right_child=1 4 -4 -5 -6 -7
leaf_value=-0.025190546833953258 0.015706854856028234 -0.010275222808122585 0.0068836117623158185 0 0.0022785763510881846 0
leaf_weight=7.9066251590847934 15.32963013648987 10.656856510788204 1.8949603214859969 3.4276502653956413 16.908674970269203 2.4790983051061621
leaf_count=98 84 167 14 35 172 13
internal_value=0 0.00413502 -0.0128434 -0.0189848 -0.00212539 0.0141764
internal_weight=58.6035 45.3743 13.2292 11.3343 27.5655 17.8087
internal_count=583 436 147 133 339 97
is_linear=0
shrinkage=0.03


Tree=111
num_leaves=7
num_cat=0
split_feature=21 15 22 23 3 23
split_gain=3.90437 2.92047 2.54195 1.71439 1.57256 0.219253
threshold=0.046415500000000005 0.15035950000000003 0.43257100000000004 0.0074560000000000008 1.0000000180025095e-35 0.26113950000000008
decision_type=8 10 8 10 10 10
left_child=1 4 3 -2 -1 -4
right_child=2 -3 5 -5 -6 -7
leaf_value=-0.0056408040645924227 0 -0.023127434143415174 0.0010257766095437023 0.019220949681985858 0.012378304079789858 -0.0065052174314979396
leaf_weight=12.804797273129227 2.0297521799802771 5.1899800561368457 20.315939441323284 12.170032449066637 2.9548753648996344 1.0832402408123005
leaf_count=118 17 47 283 67 20 6
internal_value=0.000450165 -0.00855352 0.00677895 0.0153668 0 0
internal_weight=56.5486 20.9497 35.599 14.1998 15.7597 21.3992
internal_count=558 185 373 84 138 289
is_linear=0
shrinkage=0.03


Tree=112
num_leaves=6
num_cat=0
split_feature=4 28 21 7 23
split_gain=3.26449 2.91945 3.27858 2.83483 1.15905
threshold=1.0000000180025095e-35 0.98031600000000008 0.3197020000000001 1.0000000180025095e-35 0.51918300000000006
decision_type=10 2 8 10 8
left_child=1 2 -1 -3 -2
right_child=4 3 -4 -5 -6
leaf_value=-0.019980736436675375 0.019840536263333375 0.0080719390396849153 0 -0.015112301218927827 0
leaf_weight=10.276915345340969 6.8178274184465382 24.819689098745588 11.182093244045971 2.1977386325597754 1.7677534222602851
leaf_count=111 44 229 150 13 10
internal_value=0.000950265 -0.00182081 -0.00980162 0.00386472 0.0156059
internal_weight=57.062 48.4764 21.459 27.0174 8.58558
internal_count=557 503 261 242 54
is_linear=0
shrinkage=0.03


Tree=113
num_leaves=7
num_cat=0
split_feature=21 28 17 19 2 17
split_gain=3.18136 3.69435 1.76772 1.64822 1.48637 0.197578
threshold=0.046415500000000005 0.98576100000000011 0.48752150000000005 0.0030960000000000002 1.0000000180025095e-35 0.25576450000000006
decision_type=10 2 8 8 10 10
left_child=1 2 -1 -3 5 -2
right_child=4 3 -4 -5 -6 -7
leaf_value=-0.016866953536196244 0.0043568514903304569 -0.0053158049197551691 0 0.012392084186163782 0.019850980867821718 -0.0026622763488642685
leaf_weight=10.642970349639656 4.1086682453751546 1.9578575938940019 14.797305732965468 13.397684775292873 7.9694928973913193 3.0501892641186714
leaf_count=102 23 28 206 121 44 20
internal_value=0.0021085 -0.00178962 -0.00897404 0.00800012 0.0128318 0
internal_weight=55.9242 40.7958 25.4403 15.3555 15.1284 7.15886
internal_count=544 457 308 149 87 43
is_linear=0
shrinkage=0.03


Tree=114
num_leaves=5
num_cat=0
split_feature=24 4 19 20
split_gain=4.23168 3.77423 3.65391 0.533522
threshold=1.0000000180025095e-35 1.0000000180025095e-35 0.11450050000000002 0.16076550000000003
decision_type=10 10 8 10
left_child=1 2 -1 -3
right_child=-2 3 -4 -5
leaf_value=-0.019295186627136682 0.020208674071577708 0.018060968481153277 0 0
leaf_weight=9.9089870452880842 6.0666890889406195 4.7508694306015959 32.046586312353611 1.5657118558883665
leaf_count=91 38 32 368 10
internal_value=0.00104935 -0.00181497 -0.00581005 0.014827
internal_weight=54.3388 48.2722 41.9556 6.31658
internal_count=539 501 459 42
is_linear=0
shrinkage=0.03


Tree=115
num_leaves=5
num_cat=0
split_feature=4 26 19 23
split_gain=3.79021 3.41052 4.38584 0.997891
threshold=1.0000000180025095e-35 1.0000000180025095e-35 0.11450050000000002 0.57592050000000017
decision_type=10 10 8 8
left_child=1 2 -1 -2
right_child=3 -3 -4 -5
leaf_value=-0.021034530284587856 0.019967023483936096 0.014561528008148899 0 0
leaf_weight=10.504319779574869 6.3924897089600536 4.5759759843349448 34.894082941114902 1.7546236813068397
leaf_count=94 46 28 389 10
internal_value=0 -0.00326488 -0.00647279 0.01598
internal_weight=58.1215 49.9744 45.3984 8.14711
internal_count=567 511 483 56
is_linear=0
shrinkage=0.03


Tree=116
num_leaves=7
num_cat=0
split_feature=28 21 29 16 18 21
split_gain=4.46594 4.32437 2.95255 1.66047 0.475339 0.440346
threshold=0.97931000000000012 0.10762700000000001 0.61505200000000004 0.2981970000000001 0.33068250000000005 0.29816800000000004
decision_type=2 10 2 10 10 10
left_child=1 -1 4 -4 -2 -3
right_child=2 5 3 -5 -6 -7
leaf_value=-0.015012032415504729 -0.012366820420740499 0 0.014848195439864891 -0.00034273368662033482 0 0.012968450328598571
leaf_weight=17.358446542173628 2.9059191569685932 2.8659452684223643 26.166564349085096 3.387130804359912 0.6102585271000861 3.5646792948246002
leaf_count=230 61 19 208 17 3 18
internal_value=0.00152521 -0.00723894 0.0087392 0.0123145 -0.0085418 0.00866297
internal_weight=56.8589 23.7891 33.0699 29.5537 3.51618 6.43062
internal_count=556 267 289 225 64 37
is_linear=0
shrinkage=0.03


Tree=117
num_leaves=4
num_cat=0
split_feature=26 3 19
split_gain=3.14923 3.21082 3.14525
threshold=1.0000000180025095e-35 1.5000000000000002 0.32199800000000006
decision_type=10 10 8
left_child=1 2 -1
right_child=-2 -3 -4
leaf_value=-0.013442828453563815 0.017333974011552771 0.015917168432725573 0.00073116855327581441
leaf_weight=19.184350583702326 5.8879327103495589 4.3805024549365035 28.213798243552446
leaf_count=157 39 34 348
internal_value=0.000430913 -0.00178758 -0.00486918
internal_weight=57.6666 51.7787 47.3981
internal_count=578 539 505
is_linear=0
shrinkage=0.03


Tree=118
num_leaves=7
num_cat=0
split_feature=21 23 4 17 17 29
split_gain=3.66613 1.77081 1.50474 1.34203 1.28759 0.379849
threshold=0.0011505000000000003 0.0063255000000000013 1.0000000180025095e-35 0.17503850000000001 0.14858100000000002 0.58551750000000002
decision_type=10 10 8 10 8 2
left_child=2 -2 4 -3 -1 -4
right_child=1 3 5 -5 -6 -7
leaf_value=-0.020185047943088851 -0.0024464623747871791 0.019913021902210813 -0.0073163443670619535 0 0 0.001589073753312444
leaf_weight=5.6013695597648594 3.5684956423938301 9.7981750741601008 2.3284692913293865 7.9260055199265471 6.3924228847026834 19.429284270852804
leaf_count=76 28 53 61 48 60 237
internal_value=0.000278074 0.00975693 -0.00519383 0.01366 -0.0125077 0
internal_weight=55.0442 21.2927 33.7515 17.7242 11.9938 21.7578
internal_count=563 129 434 101 136 298
is_linear=0
shrinkage=0.03


Tree=119
num_leaves=5
num_cat=0
split_feature=24 28 21 17
split_gain=2.94509 3.02084 2.08788 1.56798
threshold=1.0000000180025095e-35 0.97891050000000013 0.3197020000000001 0.11739550000000001
decision_type=10 2 8 10
left_child=1 2 -1 -3
right_child=-2 3 -4 -5
leaf_value=-0.019811376134288173 0.015900221891285812 -0.0012027838133643613 0 0.011998125933935734
leaf_weight=9.7246009036898631 5.3497258573770514 21.227018356323246 9.5745248198509199 7.5555301643908015
leaf_count=106 37 230 136 39
internal_value=-5.83922e-05 -0.00325083 -0.0118195 0.00212402
internal_weight=53.4314 48.0817 19.2991 28.7825
internal_count=548 511 242 269
is_linear=0
shrinkage=0.03


Tree=120
num_leaves=7
num_cat=0
split_feature=23 23 4 28 28 19
split_gain=3.72078 3.70389 3.55879 1.1806 0.97362 0.944796
threshold=0.0097775000000000015 0.51918300000000006 1.0000000180025095e-35 0.98260900000000007 0.98999250000000016 0.08068850000000001
decision_type=10 10 8 2 2 10
left_child=2 5 4 -4 -1 -2
right_child=1 -3 3 -5 -6 -7
leaf_value=-0.022501731850424565 0.0001287976681810055 -0.005475021202048719 -0.0050871866588944057 0.0070629505719929904 0 0.020132728425743124
leaf_weight=7.5236655659973604 6.2468677982688012 7.105226442217826 10.271994769573213 11.430243805050848 2.8152403682470322 11.752616450190542
leaf_count=96 43 51 156 136 27 57
internal_value=5.95797e-05 0.00864179 -0.00597274 0.000178242 -0.0182695 0.015629
internal_weight=57.1459 25.1047 32.0411 21.7022 10.3389 17.9995
internal_count=566 151 415 292 123 100
is_linear=0
shrinkage=0.03


Tree=121
num_leaves=7
num_cat=0
split_feature=28 21 15 19 28 19
split_gain=2.4077 4.57202 1.94471 1.60791 1.41862 0.829853
threshold=0.98260900000000007 0.11378600000000001 0.086426500000000003 0.0046685000000000008 0.98791800000000018 0.1901245
decision_type=2 10 8 10 2 10
left_child=1 -1 3 -2 -4 -3
right_child=2 5 4 -5 -6 -7
leaf_value=-0.011666819211932671 0 0 0.0080504570223927045 0.020167574315588809 -0.0075534436901625659 0.01769022045034175
leaf_weight=20.382549043744806 1.2368912287056471 3.8503725193440905 7.60171255096793 9.2936162352561933 7.3350580893456936 3.8558730408549309
leaf_count=268 22 26 72 51 86 16
internal_value=0.00134578 -0.00387378 0.00795803 0.0162049 0 0.0114297
internal_weight=53.5561 28.0888 25.4673 10.5305 14.9368 7.70625
internal_count=541 310 231 73 158 42
is_linear=0
shrinkage=0.03


Tree=122
num_leaves=6
num_cat=0
split_feature=4 19 18 7 20
split_gain=3.17474 3.80986 2.98465 2.2895 1.93208
threshold=1.0000000180025095e-35 0.11450050000000002 0.32362000000000007 1.0000000180025095e-35 0.21677400000000005
decision_type=10 8 8 8 10
left_child=1 2 -1 -3 -2
right_child=4 3 -4 -5 -6
leaf_value=-0.022840091767838088 0.020660543943464321 0.0091677923736964949 0.0049787550769755376 -0.0046102227315733728 -0.001446212690069869
leaf_weight=9.6031135171651805 6.3523482307791701 15.817416299134491 1.3543181419372565 20.808983001857996 1.5017788782715795
leaf_count=94 46 115 7 285 9
internal_value=0 -0.00342852 -0.0169212 0.000826455 0.0144382
internal_weight=55.438 47.5838 10.9574 36.6264 7.85413
internal_count=556 501 101 400 55
is_linear=0
shrinkage=0.03


Tree=123
num_leaves=5
num_cat=0
split_feature=29 28 9 28
split_gain=3.36868 3.59275 0.814284 0.68993
threshold=0.58551750000000002 0.95943100000000014 1.0000000180025095e-35 0.95226900000000014
decision_type=2 2 10 2
left_child=3 -2 -3 -1
right_child=1 2 -4 -5
leaf_value=0 -0.013769914021728174 0.010536591777650987 0 -0.017143093132797303
leaf_weight=0.78276412934064765 3.6694357469677916 37.194564141333103 8.0397236123681051 4.8114008009433746
leaf_count=10 43 324 53 118
internal_value=0.00264929 0.00582422 0.00879325 -0.0139595
internal_weight=54.4979 48.9037 45.2343 5.59416
internal_count=548 420 377 128
is_linear=0
shrinkage=0.03


Tree=124
num_leaves=7
num_cat=0
split_feature=29 19 5 29 15 28
split_gain=3.01124 2.10686 2.06797 1.43445 1.30913 1.26436
threshold=0.68518000000000012 0.32199800000000006 1.5000000000000002 0.84989750000000008 0.26645700000000005 0.99264100000000011
decision_type=2 10 10 2 10 2
left_child=2 3 5 -2 -3 -1
right_child=1 4 -4 -5 -6 -7
leaf_value=-0.014674367493509857 -0.003765049128665206 0.02390967521847474 0.0075354776558267588 0.0086065008289341709 0 0.0011929120735296598
leaf_weight=15.755223587155347 16.278477959334854 4.7818478196859351 2.1414781287312499 10.865274399518965 2.0695960819721222 1.1134569235146035
leaf_count=245 151 23 11 92 10 10
internal_value=0.000440531 0.00611546 -0.00779506 0.000555574 0.0182202 -0.0120951
internal_weight=53.0054 33.9952 19.0102 27.1438 6.85144 16.8687
internal_count=542 276 266 243 33 255
is_linear=0
shrinkage=0.03


Tree=125
num_leaves=5
num_cat=0
split_feature=29 23 23 18
split_gain=2.6927 1.80587 3.05248 1.91518
threshold=0.58551750000000002 0.51918300000000006 0.0074560000000000008 0.04393650000000001
decision_type=2 10 10 10
left_child=-1 2 -2 -3
right_child=1 3 -4 -5
leaf_value=-0.015801198359335383 -9.0857673360270104e-05 0.0055894918237601888 0.01459083521142151 -0.01636060212986367
leaf_weight=5.1065745316445819 25.643935851752758 1.6715560778975476 16.517135135829449 5.1979850828647614
leaf_count=124 285 10 94 41
internal_value=0 0.00277061 0.00558376 -0.00790435
internal_weight=54.1372 49.0306 42.1611 6.86954
internal_count=554 430 379 51
is_linear=0
shrinkage=0.03


Tree=126
num_leaves=5
num_cat=0
split_feature=29 23 2 17
split_gain=3.11128 1.64262 1.89832 0.765371
threshold=0.58551750000000002 0.51918300000000006 0.32575750000000009 0.48752150000000005
decision_type=2 10 8 10
left_child=-1 2 -2 -3
right_child=1 3 -4 -5
leaf_value=-0.015642130565695318 0.014966636748863683 -0.011218127607786781 0.00079897586856823345 0.00093660046612010128
leaf_weight=5.0672846734523764 13.54084777086973 5.2104984782636157 29.017056975513697 1.4324263483285902
leaf_count=125 79 39 303 11
internal_value=0.00103019 0.00412229 0.00665399 -0.00601011
internal_weight=54.2681 49.2008 42.5579 6.64292
internal_count=557 432 382 50
is_linear=0
shrinkage=0.03


Tree=127
num_leaves=7
num_cat=0
split_feature=29 22 2 15 23 20
split_gain=3.32613 2.18785 1.71398 1.08439 0.941961 0.509742
threshold=0.73410850000000016 0.040069000000000007 0.042241500000000008 0.050087500000000007 0.57592050000000017 0.26826050000000007
decision_type=2 10 10 10 10 8
left_child=1 3 -3 -1 5 -2
right_child=4 2 -4 -5 -6 -7
leaf_value=-0.0027087575924782574 0.015554325572236335 -0.004759787777548102 0.015180684888938263 -0.020265859270019771 0 0.0019099612942709526
leaf_weight=17.035100985318429 12.077729731798177 2.5874102786183348 4.6417616419494152 4.7121543958783141 2.5082880035042754 11.152163729071615
leaf_count=265 75 20 27 47 16 115
internal_value=0.00140497 -0.00472696 0.00580812 -0.00972082 0.0091251 0.0111153
internal_weight=54.7146 28.9764 7.22917 21.7473 25.7382 23.2299
internal_count=565 359 47 312 206 190
is_linear=0
shrinkage=0.03


Tree=128
num_leaves=7
num_cat=0
split_feature=29 28 5 28 29 19
split_gain=3.40702 3.13685 1.29423 1.09213 0.809626 0.785985
threshold=0.6447790000000001 0.96563950000000009 1.5000000000000002 0.99447250000000009 0.75038900000000008 0.0046685000000000008
decision_type=2 2 10 2 2 8
left_child=2 4 3 -1 -2 -3
right_child=1 5 -4 -5 -6 -7
leaf_value=-0.017830142221982422 -0.015486396769945305 0 0.0022764653765360581 0 0 0.010642130234168131
leaf_weight=8.4303907677531189 3.0599698945879927 1.0252969413995732 0.91523678600788194 0.5892628878355034 2.7885510548949242 38.020869977772236
leaf_count=177 41 7 4 4 21 304
internal_value=0.00220071 0.00619812 -0.0107918 -0.014851 -0.00904984 0.00967828
internal_weight=54.8296 44.8947 9.93489 9.01965 5.84852 39.0462
internal_count=558 373 185 181 62 311
is_linear=0
shrinkage=0.03


end of trees

feature_importances:
reranker_score_gte_multilingual_reranker_base=82
shared_description_count_capped=70
embedding_cosine_gte_multilingual_base=69
has_shared_contact_exact=49
max_category_share_percentile_gap_abs=39
shared_contact_count_capped=35
shared_title_count_capped=34
repeated_title_share_percentile_gap_abs=34
description_length_median_percentile_gap_abs=31
price_median_percentile_gap_abs=26
item_count_percentile_gap_abs=24
punct_ratio_mean_percentile_gap_abs=23
repeated_description_share_percentile_gap_abs=23
digit_ratio_mean_percentile_gap_abs=20
shared_description_idf_sum=16
profile_category_jaccard=15
title_length_median_percentile_gap_abs=13
shared_category_count_capped=11
shared_description_idf_mean=7
shared_title_idf_sum=1
shared_low_df_sentence_count=1

parameters:
[boosting: gbdt]
[objective: binary]
[metric: binary_logloss,auc]
[tree_learner: serial]
[device_type: cpu]
[data_sample_strategy: bagging]
[data: ]
[valid: ]
[num_iterations: 160]
[learning_rate: 0.03]
[num_leaves: 7]
[num_threads: 0]
[seed: 20260320]
[deterministic: 1]
[force_col_wise: 1]
[force_row_wise: 0]
[histogram_pool_size: -1]
[max_depth: 3]
[min_data_in_leaf: 10]
[min_sum_hessian_in_leaf: 0.001]
[bagging_fraction: 0.8]
[pos_bagging_fraction: 1]
[neg_bagging_fraction: 1]
[bagging_freq: 1]
[bagging_seed: 20260320]
[bagging_by_query: 0]
[feature_fraction: 0.6]
[feature_fraction_bynode: 1]
[feature_fraction_seed: 20260320]
[extra_trees: 0]
[extra_seed: 10983]
[early_stopping_round: 0]
[early_stopping_min_delta: 0]
[first_metric_only: 0]
[max_delta_step: 0]
[lambda_l1: 1]
[lambda_l2: 3]
[linear_lambda: 0]
[min_gain_to_split: 0.05]
[drop_rate: 0.1]
[max_drop: 50]
[skip_drop: 0.5]
[xgboost_dart_mode: 0]
[uniform_drop: 0]
[drop_seed: 19421]
[top_rate: 0.2]
[other_rate: 0.1]
[min_data_per_group: 100]
[max_cat_threshold: 32]
[cat_l2: 10]
[cat_smooth: 10]
[max_cat_to_onehot: 4]
[top_k: 20]
[monotone_constraints: ]
[monotone_constraints_method: basic]
[monotone_penalty: 0]
[feature_contri: ]
[forcedsplits_filename: ]
[refit_decay_rate: 0.9]
[cegb_tradeoff: 1]
[cegb_penalty_split: 0]
[cegb_penalty_feature_lazy: ]
[cegb_penalty_feature_coupled: ]
[path_smooth: 0]
[interaction_constraints: ]
[verbosity: -1]
[saved_feature_importance_type: 0]
[use_quantized_grad: 0]
[num_grad_quant_bins: 4]
[quant_train_renew_leaf: 0]
[stochastic_rounding: 1]
[linear_tree: 0]
[max_bin: 255]
[max_bin_by_feature: ]
[min_data_in_bin: 3]
[bin_construct_sample_cnt: 200000]
[data_random_seed: 20260320]
[is_enable_sparse: 1]
[enable_bundle: 1]
[use_missing: 1]
[zero_as_missing: 0]
[feature_pre_filter: 1]
[pre_partition: 0]
[two_round: 0]
[header: 0]
[label_column: ]
[weight_column: ]
[group_column: ]
[ignore_column: ]
[categorical_feature: ]
[forcedbins_filename: ]
[precise_float_parser: 0]
[parser_config_file: ]
[objective_seed: 10697]
[num_class: 1]
[is_unbalance: 0]
[scale_pos_weight: 1]
[sigmoid: 1]
[boost_from_average: 1]
[reg_sqrt: 0]
[alpha: 0.9]
[fair_c: 1]
[poisson_max_delta_step: 0.7]
[tweedie_variance_power: 1.5]
[lambdarank_truncation_level: 30]
[lambdarank_norm: 1]
[label_gain: ]
[lambdarank_position_bias_regularization: 0]
[eval_at: ]
[multi_error_top_k: 1]
[auc_mu_weights: ]
[num_machines: 1]
[local_listen_port: 12400]
[time_out: 120]
[machine_list_filename: ]
[machines: ]
[gpu_platform_id: -1]
[gpu_device_id: -1]
[gpu_use_dp: 0]
[num_gpu: 1]

end of parameters

pandas_categorical:null
