tree
version=v4
num_class=1
num_tree_per_iteration=1
label_index=0
max_feature_idx=29
objective=binary sigmoid:1
feature_names=same_market_raw_bool same_source_dataset_bool profile_category_jaccard shared_title_count_capped shared_description_count_capped shared_category_count_capped shared_title_idf_sum shared_description_idf_sum shared_title_idf_mean shared_description_idf_mean boilerplate_ratio_max boilerplate_ratio_gap_abs shared_boilerplate_count shared_low_df_sentence_count shared_rare_ngram_count item_count_percentile_gap_abs price_median_percentile_gap_abs title_length_median_percentile_gap_abs description_length_median_percentile_gap_abs digit_ratio_mean_percentile_gap_abs punct_ratio_mean_percentile_gap_abs repeated_title_share_percentile_gap_abs repeated_description_share_percentile_gap_abs max_category_share_percentile_gap_abs has_shared_contact_exact has_shared_pgp_fingerprint shared_contact_count_capped shared_pgp_fingerprint_count_capped embedding_cosine_gte_multilingual_base reranker_score_gte_multilingual_reranker_base
feature_infos=[0:1] [0:1] [0:1] [0:5] [0:5] [0:5] [0:70.616864000000007] [0:79.443972000000002] [0:8.8271080000000008] [0:8.8271080000000008] [0:0.20000000000000001] [0:0.20000000000000001] [0:1] [0:9] [0:8] [0:0.70916299999999999] [0:0.96791400000000005] [0:0.92293000000000003] [0:0.86055700000000002] [0:0.87677300000000002] [0:0.93352299999999999] [0:0.78087600000000001] [0:0.625498] [0:0.98619599999999996] [0:1] [0:0] [0:4] [0:0] [0.88623300000000005:0.99833300000000003] [0.41123199999999999:0.96361600000000003]
tree_sizes=787 553 776 582 677 852 659 675 784 664 661 873 855 665 687 661 672 663 887 682 556 583 782 847 864 559 662 781 665 683 566 680 768 862 662 660 832 661 576 559 577 848 658 822 649 781 662 735 769 750 670 873 577 834 654 644 581 569 576 732 663 769 633 676 761 738 690 549 560 690 661 881 683 673 659 659 724 853 680 664 849 844 676 656 684 887 559 766 876 657 551 557 859 745 676 647 657 552 661 677 664 665 672 642 667 843 648 854 663 683 875 666 664 661 768 680 663 651 580 747 667 754 662 835 665 665 726 640 674 579 576 835 878 682 859 869 748 847 649 563 862 650 869 742 658 633 772 763 665 847 661 674 857 636 686 658 751 644

Tree=0
num_leaves=6
num_cat=0
split_feature=29 3 24 21 28
split_gain=66.8732 29.7982 32.0824 2.01322 0.795656
threshold=0.63422450000000008 1.0000000180025095e-35 1.0000000180025095e-35 0.062116500000000012 0.99273800000000012
decision_type=2 10 8 10 2
left_child=3 2 -2 4 -1
right_child=1 -3 -4 -5 -6
leaf_value=-0.047087440545061324 -0.021691006012831783 0.04769714535617791 0.025270698122683469 3.2621556035053204e-08 3.2621556035053204e-08
leaf_weight=17.822802752256401 22.241203635931015 15.964396402239798 23.960473239421844 1.6724274903535832 1.3280531540513028
leaf_count=140 100 46 196 7 9
internal_value=3.26216e-08 0.0159339 0.00210974 -0.0428002 -0.0452986
internal_weight=82.9894 62.1661 46.2017 20.8233 19.1509
internal_count=498 342 296 156 149
is_linear=0
shrinkage=1


Tree=1
num_leaves=4
num_cat=0
split_feature=4 21 24
split_gain=61.7107 43.213 7.80385
threshold=1.0000000180025095e-35 0.0011505000000000003 1.0000000180025095e-35
decision_type=10 8 10
left_child=1 -1 -3
right_child=-2 2 -4
leaf_value=-0.043638729469481462 0.0469552862756921 0 0.032913134873570692
leaf_weight=21.407700583338737 18.253004670143127 36.331128001213074 4.90518033504486
leaf_count=107 53 302 14
internal_value=0.00231029 -0.0117926 0.00590029
internal_weight=80.897 62.644 41.2363
internal_count=476 423 316
is_linear=0
shrinkage=0.03


Tree=2
num_leaves=6
num_cat=0
split_feature=29 3 24 24 4
split_gain=60.0549 18.2925 16.262 15.8862 10.2657
threshold=0.68185050000000003 1.0000000180025095e-35 1.0000000180025095e-35 1.0000000180025095e-35 1.0000000180025095e-35
decision_type=2 10 8 10 10
left_child=3 2 -2 4 -1
right_child=1 -3 -4 -5 -6
leaf_value=-0.039862107957639073 -0.01261481184367271 0.04597872367494537 0.02477868504988661 0.021195469860823601 0.0092057742791439509
leaf_weight=29.823756910860542 16.833123490214348 14.688231736421583 18.328352972865105 2.4495549798011771 2.1376740634441367
leaf_count=220 73 42 152 7 7
internal_value=0 0.0206544 0.00650649 -0.0290188 -0.0352139
internal_weight=84.2607 49.8497 35.1615 34.411 31.9614
internal_count=501 267 225 234 227
is_linear=0
shrinkage=0.03


Tree=3
num_leaves=4
num_cat=0
split_feature=4 23 24
split_gain=60.4802 42.3773 12.2975
threshold=1.0000000180025095e-35 0.00089200000000000011 1.0000000180025095e-35
decision_type=10 8 10
left_child=1 -1 -3
right_child=-2 2 -4
leaf_value=-0.046469581423808359 0.044887016474146571 -0.0036394701628035212 0.03392730521047075
leaf_weight=19.916059166193008 18.185921400785446 38.696536034345627 6.4898474067449561
leaf_count=102 53 318 19
internal_value=0.000304616 -0.0131374 0.00290978
internal_weight=83.2884 65.1024 45.1864
internal_count=492 439 337
is_linear=0
shrinkage=0.03


Tree=4
num_leaves=5
num_cat=0
split_feature=4 24 21 29
split_gain=65.8123 39.5872 19.2356 18.219
threshold=1.0000000180025095e-35 1.0000000180025095e-35 0.11378600000000001 0.65221600000000013
decision_type=10 8 10 2
left_child=1 2 -1 -3
right_child=-2 3 -4 -5
leaf_value=-0.042800853665214959 0.044354932567962913 -0.020802056509799972 0.003223853869504576 0.025082327509326947
leaf_weight=29.947225138545036 21.105219230055809 7.9165162071585682 8.7847393155097944 22.549522839486599
leaf_count=150 62 100 34 184
internal_value=0.00118714 -0.0128594 -0.0321618 0.011467
internal_weight=90.3032 69.198 38.732 30.466
internal_count=530 468 184 284
is_linear=0
shrinkage=0.03


Tree=5
num_leaves=7
num_cat=0
split_feature=29 3 5 21 3 28
split_gain=51.8338 15.4731 11.0512 11.0224 8.6644 1.98797
threshold=0.68013350000000006 1.0000000180025095e-35 1.5000000000000002 0.12386950000000001 2.5000000000000004 0.95463900000000013
decision_type=2 8 10 10 10 2
left_child=2 3 4 -2 -1 -3
right_child=1 5 -4 -5 -6 -7
leaf_value=-0.037887731153643356 -0.017703218591671854 0 0.010180283141816921 0.019118370726639793 0.010593957318868736 0.033963676007197782
leaf_weight=29.812030747532848 12.388549447059633 0.33960301429033535 3.4138503819704047 10.945812582969664 1.3902000486850727 24.769504949450493
leaf_count=228 56 5 12 38 4 161
internal_value=-0.00145424 0.0178102 -0.0284817 0 -0.0341108 0.0328016
internal_weight=83.0596 48.4435 34.6161 23.3344 31.2022 25.1091
internal_count=504 260 244 94 232 166
is_linear=0
shrinkage=0.03


Tree=6
num_leaves=5
num_cat=0
split_feature=4 26 5 16
split_gain=57.088 31.3092 14.7728 9.06897
threshold=1.0000000180025095e-35 1.0000000180025095e-35 1.5000000000000002 0.013318000000000002
decision_type=10 8 10 10
left_child=1 2 -1 -3
right_child=-2 3 -4 -5
leaf_value=-0.038372691908575292 0.042633639037458343 0 0.0012633114489267675 0.034386876884128108
leaf_weight=28.562359690666199 20.60525093972683 21.526519037783149 9.3562698811292631 7.1628460288047782
leaf_count=142 61 246 37 21
internal_value=0.00211028 -0.0112918 -0.0284839 0.0110296
internal_weight=87.2132 66.608 37.9186 28.6894
internal_count=507 446 179 267
is_linear=0
shrinkage=0.03


Tree=7
num_leaves=5
num_cat=0
split_feature=3 24 1 22
split_gain=49.7412 40.3308 8.20211 4.5071
threshold=1.0000000180025095e-35 1.0000000180025095e-35 1.0000000180025095e-35 0.14709950000000002
decision_type=10 8 10 10
left_child=1 3 -3 -1
right_child=-2 2 -4 -5
leaf_value=-0.037100076680968597 0.041951982411454231 0.00091549731559921964 0.034548636006167185 -0.0046783523840131904
leaf_weight=29.763446301221848 16.672663703560829 23.089038304984573 7.490412473678588 7.9814718663692465
leaf_count=148 49 261 22 34
internal_value=0 -0.0119256 0.0123979 -0.0318298
internal_weight=84.997 68.3244 30.5795 37.7449
internal_count=514 465 283 182
is_linear=0
shrinkage=0.03


Tree=8
num_leaves=6
num_cat=0
split_feature=29 4 2 24 4
split_gain=55.1011 15.225 16.6459 12.6226 5.93854
threshold=0.68013350000000006 1.0000000180025095e-35 0.32575750000000009 1.0000000180025095e-35 1.0000000180025095e-35
decision_type=2 10 10 10 10
left_child=3 2 -2 4 -1
right_child=1 -3 -4 -5 -6
leaf_value=-0.035203256880440348 0.018658991668621731 0.041517974249272699 -0.023633163762241387 0.017296897478000152 0.0039451232906675942
leaf_weight=30.174712643027309 27.184137627482414 17.576750010251999 8.301891624927519 2.6353861242532721 1.7647603899240483
leaf_count=232 186 52 40 8 6
internal_value=0.00142132 0.0205201 0.00691436 -0.0263896 -0.0320285
internal_weight=87.6376 53.0628 35.486 34.5749 31.9395
internal_count=524 278 226 246 238
is_linear=0
shrinkage=0.03


Tree=9
num_leaves=5
num_cat=0
split_feature=4 21 24 22
split_gain=41.2158 28.8327 9.06509 1.17575
threshold=1.0000000180025095e-35 0.0011505000000000003 1.0000000180025095e-35 0.12950800000000004
decision_type=10 8 10 10
left_child=1 3 -3 -1
right_child=-2 2 -4 -5
leaf_value=-0.039416578114147963 0.038526066089983768 -0.0023221913699424971 0.031300069737694593 0
leaf_weight=19.008035704493526 16.870047897100449 38.511299178004265 5.5276604890823355 1.849631443619727
leaf_count=99 51 320 16 8
internal_value=0.000199609 -0.0105837 0.00298729 -0.0372674
internal_weight=81.7667 64.8966 44.039 20.8577
internal_count=494 443 336 107
is_linear=0
shrinkage=0.03


Tree=10
num_leaves=5
num_cat=0
split_feature=3 24 20 21
split_gain=42.3519 32.2637 10.17 8.81931
threshold=1.0000000180025095e-35 1.0000000180025095e-35 0.0024150000000000005 0.15176500000000001
decision_type=10 8 10 10
left_child=1 3 -3 -1
right_child=-2 2 -4 -5
leaf_value=-0.033281089764759651 0.041040332438175849 0 0.035300898809173177 0.0017886265039535935
leaf_weight=30.6801767796278 16.506144791841507 22.958087116479877 8.4769767224788648 5.6633097678422919
leaf_count=153 49 262 25 22
internal_value=0.001675 -0.00882099 0.0122283 -0.0273341
internal_weight=84.2847 67.7786 31.4351 36.3435
internal_count=511 462 287 175
is_linear=0
shrinkage=0.03


Tree=11
num_leaves=7
num_cat=0
split_feature=29 23 23 21 2 9
split_gain=41.7259 14.8168 6.4518 5.17994 4.07913 3.993
threshold=0.7008795000000001 0.0067100000000000016 0.33101400000000009 1.0000000180025095e-35 0.78235300000000019 8.0568855000000017
decision_type=2 10 10 8 10 10
left_child=1 -1 -3 5 -5 -2
right_child=3 2 -4 4 -6 -7
leaf_value=-0.034053207030199567 -0.021139279204429064 0.018444222322472153 -0.016664235994983484 0.024503770992245662 -0.0040866924084985894 0.012298470706460186
leaf_weight=25.975782580673695 3.0327978134155265 7.76488049328327 5.0047597587108612 39.31777061522007 2.2002084851264945 3.2428753077983856
leaf_count=218 16 27 24 223 10 11
internal_value=0 -0.0220758 0.00222939 0.0184067 0.0221415 -0.00223716
internal_weight=86.5391 38.7454 12.7696 47.7937 41.518 6.27567
internal_count=529 269 51 260 233 27
is_linear=0
shrinkage=0.03


Tree=12
num_leaves=7
num_cat=0
split_feature=29 24 3 24 4 29
split_gain=45.3543 15.3566 11.7574 11.5258 3.74548 0.836416
threshold=0.68013350000000006 1.0000000180025095e-35 1.0000000180025095e-35 1.0000000180025095e-35 1.0000000180025095e-35 0.7008795000000001
decision_type=2 10 8 10 10 2
left_child=1 4 3 -2 -1 -4
right_child=2 -3 5 -5 -6 -7
leaf_value=-0.033674396406583602 -0.011274421186069236 0.020303954992593569 0 0.030267769062886571 0 0.032792057078140112
leaf_weight=28.023324713110927 15.575221270322801 3.3035126924514762 1.1727515831589723 5.7762409150600424 1.4107781946659077 26.560717239975929
leaf_count=221 69 10 11 17 5 163
internal_value=0.00171072 -0.0240007 0.0198299 0.00107642 -0.0313163 0.0317772
internal_weight=81.8225 32.7376 49.0849 21.3515 29.4341 27.7335
internal_count=496 236 260 86 226 174
is_linear=0
shrinkage=0.03


Tree=13
num_leaves=5
num_cat=0
split_feature=3 26 18 21
split_gain=35.7101 37.02 11.5227 9.08163
threshold=1.0000000180025095e-35 1.0000000180025095e-35 1.0000000180025095e-35 0.19507150000000004
decision_type=10 8 10 10
left_child=1 3 -3 -1
right_child=-2 2 -4 -5
leaf_value=-0.034896775108371851 0.038362135629678482 0 0.036576639403457366 0.000566757644014841
leaf_weight=31.805299833416939 14.200311720371245 21.905163452029232 9.1845449209213239 5.8609951436519614
leaf_count=163 43 252 27 23
internal_value=-0.00011741 -0.00975435 0.0131898 -0.0290061
internal_weight=82.9563 68.756 31.0897 37.6663
internal_count=508 465 279 186
is_linear=0
shrinkage=0.03


Tree=14
num_leaves=5
num_cat=0
split_feature=3 23 26 15
split_gain=30.7434 27.47 10.572 0.569422
threshold=1.0000000180025095e-35 0.00089200000000000011 1.0000000180025095e-35 0.17543550000000005
decision_type=10 8 10 10
left_child=1 3 -3 -1
right_child=-2 2 -4 -5
leaf_value=-0.038073807591901682 0.036523513386927699 -0.0019167901259003531 0.032405871366824955 -0.0012488302740980095
leaf_weight=16.996283382177356 14.26125295460224 38.119451925158501 6.7768717110157004 2.3630157858133307
leaf_count=92 44 315 20 11
internal_value=0.00049585 -0.00832676 0.00434294 -0.0356913
internal_weight=78.5169 64.2556 44.8963 19.3593
internal_count=482 438 335 103
is_linear=0
shrinkage=0.03


Tree=15
num_leaves=5
num_cat=0
split_feature=3 24 21 15
split_gain=38.671 29.9552 12.0699 9.76744
threshold=1.0000000180025095e-35 1.0000000180025095e-35 0.13168750000000004 0.021924500000000003
decision_type=10 8 10 10
left_child=1 2 -1 -3
right_child=-2 3 -4 -5
leaf_value=-0.036725506331154338 0.037488814633337073 0 0.0025157318826188524 0.033793583117037826
leaf_weight=27.115166932344437 17.026564091444016 21.513471134006981 6.9302886128425589 8.0544844269752485
leaf_count=143 53 245 27 24
internal_value=0.000634911 -0.010023 -0.0283709 0.0108495
internal_weight=80.64 63.6134 34.0455 29.568
internal_count=492 439 170 269
is_linear=0
shrinkage=0.03


Tree=16
num_leaves=5
num_cat=0
split_feature=3 24 21 18
split_gain=37.5871 24.7008 8.91046 7.82663
threshold=1.0000000180025095e-35 1.0000000180025095e-35 0.12386950000000001 1.0000000180025095e-35
decision_type=10 8 10 10
left_child=1 2 -1 -3
right_child=-2 3 -4 -5
leaf_value=-0.033270141017448407 0.036631176859764039 -8.0855970295633592e-05 0 0.030435011618519903
leaf_weight=29.374340116977692 16.231089532375336 21.806738220155243 7.5099826157093039 7.2376515716314307
leaf_count=154 51 253 30 22
internal_value=-0.000108655 -0.0107896 -0.0264086 0.00872469
internal_weight=82.1598 65.9287 36.8843 29.0444
internal_count=510 459 184 275
is_linear=0
shrinkage=0.03


Tree=17
num_leaves=5
num_cat=0
split_feature=4 26 5 17
split_gain=31.8869 25.5034 10.5121 8.2159
threshold=1.0000000180025095e-35 1.0000000180025095e-35 1.5000000000000002 0.044479000000000012
decision_type=10 8 10 10
left_child=1 2 -1 -3
right_child=-2 3 -4 -5
leaf_value=-0.032687291717397461 0.034878589052242233 0 0.0021344699702620018 0.032820161382496486
leaf_weight=27.589665204286575 17.111272349953651 22.334300182759765 7.9127737879753104 7.6588431000709525
leaf_count=145 55 256 32 23
internal_value=0.00142585 -0.00802081 -0.0245855 0.0111299
internal_weight=82.6069 65.4956 35.5024 29.9931
internal_count=511 456 177 279
is_linear=0
shrinkage=0.03


Tree=18
num_leaves=7
num_cat=0
split_feature=29 24 28 4 21 4
split_gain=36.7754 13.1435 8.01334 7.63533 3.42187 1.53295
threshold=0.69132850000000012 1.0000000180025095e-35 0.97687900000000016 1.0000000180025095e-35 0.29816800000000004 1.0000000180025095e-35
decision_type=2 10 2 10 10 8
left_child=1 3 4 -1 -2 -4
right_child=2 -3 5 -5 -6 -7
leaf_value=-0.031376117728969095 -0.012011583970495789 0.019117276783001059 0.0091569706610000294 0.01132228545653006 0.015365488097018562 0.031820651246825857
leaf_weight=29.119323231279854 7.9740771278738958 3.5338132828474036 11.59976504743099 1.650001823902129 3.3434829115867615 21.39026790112257
leaf_count=237 59 11 45 5 11 132
internal_value=0.00128949 -0.0206477 0.0191398 -0.0273956 -0.000303497 0.0261129
internal_weight=78.6107 34.3031 44.3076 30.7693 11.3176 32.99
internal_count=500 253 247 242 70 177
is_linear=0
shrinkage=0.03


Tree=19
num_leaves=5
num_cat=0
split_feature=4 26 29 21
split_gain=29.5545 22.5876 9.87059 9.36604
threshold=1.0000000180025095e-35 1.0000000180025095e-35 0.64787500000000009 0.29816800000000004
decision_type=10 8 2 10
left_child=1 3 -3 -1
right_child=-2 2 -4 -5
leaf_value=-0.031078177832454867 0.032938866497167221 -0.0156360848549068 0.019175300173250833 0.0094010085341397279
leaf_weight=30.864245116710663 15.247450232505797 7.111898526549342 20.693966649472713 3.4037363976240149
leaf_count=163 50 90 176 12
internal_value=-0.000435236 -0.0102347 0.00864213 -0.0258194
internal_weight=77.3213 62.0738 27.8059 34.268
internal_count=491 441 266 175
is_linear=0
shrinkage=0.03


Tree=20
num_leaves=4
num_cat=0
split_feature=3 24 5
split_gain=26.3762 22.2685 14.3746
threshold=1.0000000180025095e-35 1.0000000180025095e-35 1.5000000000000002
decision_type=10 10 8
left_child=1 2 -1
right_child=-2 -3 -4
leaf_value=-0.029033345721126765 0.03387816360538521 0.030686699134972299 0
leaf_weight=28.031331583857536 14.338718086481093 8.3432774990797025 29.269388243556023
leaf_count=149 47 26 287
internal_value=0.000513793 -0.0074991 -0.0148067
internal_weight=79.9827 65.644 57.3007
internal_count=509 462 436
is_linear=0
shrinkage=0.03


Tree=21
num_leaves=4
num_cat=0
split_feature=4 21 24
split_gain=25.0339 21.389 7.08552
threshold=1.0000000180025095e-35 0.0011505000000000003 1.0000000180025095e-35
decision_type=10 8 10
left_child=1 -1 -3
right_child=-2 2 -4
leaf_value=-0.032311525352847453 0.031253026589747768 -0.0026552932901986797 0.026010149342285349
leaf_weight=20.984241217374802 14.00554747879505 38.804678834974766 6.3036840856075278
leaf_count=118 47 329 20
internal_value=-0.000992875 -0.00932055 0.00209915
internal_weight=80.0982 66.0926 45.1084
internal_count=514 467 349
is_linear=0
shrinkage=0.03


Tree=22
num_leaves=6
num_cat=0
split_feature=29 3 23 28 23
split_gain=34.3087 12.7673 4.99466 3.80599 0.345001
threshold=0.63422450000000008 1.0000000180025095e-35 0.0067100000000000016 0.98226700000000011 0.0067100000000000016
decision_type=2 8 10 2 10
left_child=4 2 -2 -3 -1
right_child=1 3 -4 -5 -6
leaf_value=-0.034284539548872554 -0.019830153915027678 0.0045732004538514377 0.0046131281845933582 0.032112594635721164 -0.0020478558443399577
leaf_weight=16.790737763047222 7.4398669600486782 10.69447994977236 21.425832256674767 18.722878649830818 2.7956544905900946
leaf_count=149 39 101 88 115 13
internal_value=0 0.0113549 -0.00201925 0.024376 -0.0318946
internal_weight=77.8695 58.2831 28.8657 29.4174 19.5864
internal_count=505 343 127 216 162
is_linear=0
shrinkage=0.03


Tree=23
num_leaves=7
num_cat=0
split_feature=23 23 9 28 2 17
split_gain=25.1729 10.4873 7.49569 4.23661 3.68126 1.68816
threshold=0.00089200000000000011 0.72952550000000016 8.1715810000000015 0.97844950000000008 0.47222200000000009 0.49131750000000002
decision_type=8 8 10 2 10 10
left_child=2 4 5 -3 -2 -1
right_child=1 3 -4 -5 -6 -7
leaf_value=-0.03566711275263084 0.026118805006940134 -0.014890742661953523 0.0074790916919179173 0.0069480666737489058 0 0
leaf_weight=15.044378593564039 26.786653012037277 11.155899763107302 2.6366973817348471 13.916237629950045 5.6516342312097541 2.012635886669158
leaf_count=89 96 120 10 145 24 10
internal_value=0.000867093 0.0112887 -0.0257136 -0.00225336 0.0219068 -0.0326916
internal_weight=77.2041 57.5104 19.6937 25.0721 32.4383 17.057
internal_count=494 385 109 265 120 99
is_linear=0
shrinkage=0.03


Tree=24
num_leaves=7
num_cat=0
split_feature=29 24 28 20 7 21
split_gain=24.4099 11.9749 9.13669 4.4415 3.25856 2.04502
threshold=0.7008795000000001 1.0000000180025095e-35 0.97687900000000016 0.25053600000000004 8.6832670000000025 0.29816800000000004
decision_type=2 10 2 10 10 10
left_child=1 4 5 -4 -1 -2
right_child=2 -3 3 -5 -6 -7
leaf_value=-0.027878888491923149 -0.012807411959181459 0.018324023571175532 0.026080608802043999 0 0.000181395634244872 0.0078341004627887796
leaf_weight=28.316807039082054 9.357505336403845 3.7178797125816336 27.566565133631229 4.702170491218566 1.8161991387605656 2.3086480647325507
leaf_count=232 68 12 157 21 7 8
internal_value=-7.64131e-05 -0.0186998 0.0139115 0.0218214 -0.0254189 -0.00591015
internal_weight=77.7858 33.8509 43.9349 32.2687 30.133 11.6662
internal_count=505 251 254 178 239 76
is_linear=0
shrinkage=0.03


Tree=25
num_leaves=4
num_cat=0
split_feature=3 24 15
split_gain=22.9837 16.9182 11.1104
threshold=1.0000000180025095e-35 1.0000000180025095e-35 0.20270300000000005
decision_type=10 10 8
left_child=1 2 -1
right_child=-2 -3 -4
leaf_value=-0.026198833489998491 0.03295961706600295 0.028998794282402228 0
leaf_weight=26.865416377782822 12.91523441672325 6.6698065698146811 27.905718930065632
leaf_count=146 44 21 275
internal_value=0.000337969 -0.00726892 -0.0134813
internal_weight=74.3562 61.4409 54.7711
internal_count=486 442 421
is_linear=0
shrinkage=0.03


Tree=26
num_leaves=5
num_cat=0
split_feature=29 24 28 28
split_gain=29.9341 9.24288 10.1673 0.291098
threshold=0.59491450000000012 1.0000000180025095e-35 0.97888900000000012 0.96042800000000017
decision_type=2 10 2 2
left_child=3 2 -2 -1
right_child=1 -3 -4 -5
leaf_value=0 -0.011487857999285044 0.032700875171923785 0.014237523992605482 -0.034527298301442765
leaf_weight=1.5075829252600659 19.836059786379337 10.447455823421476 30.373276129364967 14.207597836852072
leaf_count=12 143 34 187 125
internal_value=8.71397e-05 0.0102512 0.00343578 -0.0328954
internal_weight=76.372 60.6568 50.2093 15.7152
internal_count=501 364 330 137
is_linear=0
shrinkage=0.03


Tree=27
num_leaves=6
num_cat=0
split_feature=22 7 28 24 20
split_gain=23.0741 9.56737 7.4092 6.03115 1.6952
threshold=0.0047930000000000013 8.0568855000000017 0.97928100000000018 1.0000000180025095e-35 0.24768100000000001
decision_type=8 10 2 10 8
left_child=1 -1 3 -2 -4
right_child=2 -3 4 -5 -6
leaf_value=-0.03254747916181952 -0.0090490002394892702 0.0096803789213310426 0.026866695486063786 0.021337489265232393 0.0074754786463737382
leaf_weight=16.981318369507793 19.69221851229668 3.5601592957973471 17.579268455505371 4.845974773168563 15.8440600708127
leaf_count=103 159 14 64 16 151
internal_value=0.00121468 -0.0236534 0.0112503 -0.000287909 0.0198709
internal_weight=78.503 20.5415 57.9615 24.5382 33.4233
internal_count=507 117 390 175 215
is_linear=0
shrinkage=0.03


Tree=28
num_leaves=5
num_cat=0
split_feature=29 3 24 28
split_gain=26.0946 12.7361 11.3215 0.381241
threshold=0.58551750000000002 1.0000000180025095e-35 1.0000000180025095e-35 0.96042800000000017
decision_type=2 10 8 2
left_child=3 2 -2 -1
right_child=1 -3 -4 -5
leaf_value=0 -0.011749006056799129 0.031966015118921505 0.015346613382635028 -0.033720790185812567
leaf_weight=1.4412741363048542 24.547652333974838 14.484042376279829 24.498597651720047 12.337332300841807
leaf_count=11 119 51 218 113
internal_value=0.00114127 0.00987893 0.00131331 -0.0319213
internal_weight=77.3089 63.5303 49.0462 13.7786
internal_count=512 388 337 124
is_linear=0
shrinkage=0.03


Tree=29
num_leaves=5
num_cat=0
split_feature=3 5 18 18
split_gain=19.6008 11.4797 5.37785 4.57394
threshold=1.0000000180025095e-35 1.5000000000000002 0.33068250000000005 0.095732000000000012
decision_type=10 8 10 10
left_child=1 2 -1 -3
right_child=-2 3 -4 -5
leaf_value=-0.024838926723307442 0.03154536438392562 -0.00059496626100844158 0.0031773200512703087 0.022430056282167321
leaf_weight=24.61859101057053 11.907489329576491 25.488806664943695 4.8241233527660361 6.8743237853050223
leaf_count=138 42 273 20 24
internal_value=0.000177773 -0.00658312 -0.0194545 0.00493542
internal_weight=73.7133 61.8058 29.4427 32.3631
internal_count=497 455 158 297
is_linear=0
shrinkage=0.03


Tree=30
num_leaves=4
num_cat=0
split_feature=4 22 29
split_gain=23.0655 15.878 7.30001
threshold=1.0000000180025095e-35 0.026265000000000004 0.64227900000000016
decision_type=10 8 2
left_child=1 -1 -3
right_child=-2 2 -4
leaf_value=-0.029655792934957979 0.030803481718550598 -0.01792033508874644 0.0085238327077824926
leaf_weight=18.234918892383575 14.166677936911581 9.3754390999674779 33.89789629727602
leaf_count=110 51 106 245
internal_value=0 -0.0083245 0.00135585
internal_weight=75.6749 61.5083 43.2733
internal_count=512 461 351
is_linear=0
shrinkage=0.03


Tree=31
num_leaves=5
num_cat=0
split_feature=29 3 2 4
split_gain=26.1957 9.49354 9.45564 3.42699
threshold=0.63422450000000008 1.0000000180025095e-35 0.32575750000000009 1.0000000180025095e-35
decision_type=2 10 10 10
left_child=3 2 -2 -1
right_child=1 -3 -4 -5
leaf_value=-0.031274180199712273 0.011513940116803798 0.030669633032029013 -0.017486195438639926 0.0012849908405084798
leaf_weight=16.66406744718552 31.509714648127556 13.65859831869602 10.961444616317747 1.1345534324645985
leaf_count=150 228 50 57 4
internal_value=0.000707913 0.0112316 0.00270963 -0.0278703
internal_weight=73.9284 56.1298 42.4712 17.7986
internal_count=489 335 285 154
is_linear=0
shrinkage=0.03


Tree=32
num_leaves=6
num_cat=0
split_feature=29 20 26 26 7
split_gain=22.9633 6.98194 3.49489 3.06674 1.77002
threshold=0.63422450000000008 0.45648000000000005 1.0000000180025095e-35 1.0000000180025095e-35 8.2941500000000019
decision_type=2 10 10 10 10
left_child=3 2 -2 4 -1
right_child=1 -3 -4 -5 -6
leaf_value=-0.031720381809029613 0.0081117470569507383 -0.017403312160337862 0.029925033569561194 0.00084916993378836845 0
leaf_weight=15.672264374792581 42.558137774467468 3.9046964645385733 8.8098905682563764 1.1558339297771443 1.1846578866243351
leaf_count=150 285 22 30 4 5
internal_value=0.000288503 0.0103445 0.0138495 -0.0262124 -0.0294267
internal_weight=73.2855 55.2727 51.368 18.0128 16.8569
internal_count=496 337 315 159 155
is_linear=0
shrinkage=0.03


Tree=33
num_leaves=7
num_cat=0
split_feature=29 21 9 23 26 9
split_gain=21.9083 8.27163 4.38759 2.79211 2.73153 0.902375
threshold=0.65221600000000013 1.0000000180025095e-35 8.0568855000000017 0.00089200000000000011 1.0000000180025095e-35 7.9372940000000005
decision_type=2 8 8 8 10 10
left_child=4 2 -2 -3 5 -1
right_child=1 3 -4 -5 -6 -7
leaf_value=-0.028196613818134934 -0.02189784952798467 -0.0016483754572755374 0.010100816791400737 0.018513261070329794 0.00084213155270358871 0
leaf_weight=18.602375105023391 7.1163065135478947 3.6089232116937628 2.5049807280302057 38.680908747017384 1.1556077450513829 1.1258177906274784
leaf_count=168 41 17 10 252 4 5
internal_value=0 0.0102864 -0.0107692 0.0161351 -0.0241308 -0.0268316
internal_weight=72.7949 51.9111 9.62129 42.2898 20.8838 19.7282
internal_count=497 320 51 269 177 173
is_linear=0
shrinkage=0.03


Tree=34
num_leaves=5
num_cat=0
split_feature=26 28 19 7
split_gain=14.4706 10.2242 6.32243 0.862157
threshold=1.0000000180025095e-35 0.9785695000000002 0.0041160000000000007 8.2941500000000019
decision_type=10 2 8 10
left_child=1 3 -3 -1
right_child=-2 2 -4 -5
leaf_value=-0.019804611275258299 0.029591034068695555 -0.019315420620629381 0.010867079033079355 0
leaf_weight=23.516300559043888 10.345564931631086 4.2984329015016547 30.420316241681576 1.4303600341081608
leaf_count=202 36 30 212 6
internal_value=0.000938164 -0.00473009 0.00509585 -0.0185576
internal_weight=70.011 59.6654 34.7187 24.9467
internal_count=486 450 242 208
is_linear=0
shrinkage=0.03


Tree=35
num_leaves=5
num_cat=0
split_feature=21 7 26 21
split_gain=14.3746 9.84268 4.65653 1.64227
threshold=0.0011505000000000003 8.2941500000000019 1.0000000180025095e-35 0.11378600000000001
decision_type=8 10 10 10
left_child=1 -1 3 -2
right_child=2 -3 -4 -5
leaf_value=-0.029754394274494875 0 0.012648336147690486 0.0266329860692942 0.012224980766669698
leaf_weight=15.197777837514879 31.944238677620888 3.6913554221391669 8.6417740285396558 10.740105941891668
leaf_count=99 305 15 31 42
internal_value=0.000619556 -0.0194996 0.00924399 0.00354903
internal_weight=70.2153 18.8891 51.3261 42.6843
internal_count=492 114 378 347
is_linear=0
shrinkage=0.03


Tree=36
num_leaves=7
num_cat=0
split_feature=29 28 21 23 9 21
split_gain=20.3007 8.05589 6.34661 3.18037 2.24449 0.597656
threshold=0.65221600000000013 0.98251600000000006 0.10762700000000001 0.00089200000000000011 7.9372940000000005 0.062116500000000012
decision_type=2 2 10 8 10 10
left_child=4 2 -2 -3 5 -1
right_child=1 3 -4 -5 -6 -7
leaf_value=-0.029586820496314149 -0.013264600321625204 0 0.015475865100205329 0.023979770348211745 0 0
leaf_weight=15.839672744274145 16.574435435235504 5.1971524059772518 7.2529317736625663 21.856329292058945 1.4726059585809697 2.4668245911598197
leaf_count=157 133 24 27 131 6 12
internal_value=-0.00065491 0.00900402 -0.00264558 0.0195025 -0.0247325 -0.0273639
internal_weight=70.66 50.8808 23.8274 27.0535 19.7791 18.3065
internal_count=490 315 160 155 175 169
is_linear=0
shrinkage=0.03


Tree=37
num_leaves=5
num_cat=0
split_feature=4 29 2 18
split_gain=20.9497 13.2159 9.98909 1.75878
threshold=1.0000000180025095e-35 0.64227900000000016 0.32575750000000009 0.32362000000000007
decision_type=10 2 10 10
left_child=1 3 -3 -1
right_child=-2 2 -4 -5
leaf_value=-0.029828322785215394 0.029921170405493011 0.010846158319826953 -0.01931847605749374 0
leaf_weight=15.602226428687574 14.533002868294714 30.911317475140095 10.718048974871634 1.3208910971879948
leaf_count=158 55 228 58 6
internal_value=0.000674475 -0.00720182 0.00163112 -0.0274097
internal_weight=73.0855 58.5525 41.6294 16.9231
internal_count=505 450 286 164
is_linear=0
shrinkage=0.03


Tree=38
num_leaves=4
num_cat=0
split_feature=4 24 5
split_gain=18.1495 13.0371 13.935
threshold=1.0000000180025095e-35 1.0000000180025095e-35 1.5000000000000002
decision_type=10 10 8
left_child=1 2 -1
right_child=-2 -3 -4
leaf_value=-0.027411444878937308 0.028968253839862648 0.026722967455172143 0.0014945436540002781
leaf_weight=23.23853512108326 14.123530015349386 6.2262498438358298 30.204879697412252
leaf_count=143 55 21 287
internal_value=0.00134102 -0.00579319 -0.0113319
internal_weight=73.7932 59.6697 53.4434
internal_count=506 451 430
is_linear=0
shrinkage=0.03


Tree=39
num_leaves=4
num_cat=0
split_feature=3 24 15
split_gain=17.2947 12.8495 9.48813
threshold=1.0000000180025095e-35 1.0000000180025095e-35 0.21755100000000002
decision_type=10 10 8
left_child=1 2 -1
right_child=-2 -3 -4
leaf_value=-0.025104459850572945 0.028787315554470359 0.024603974709589138 0
leaf_weight=23.543467417359352 12.704714000225065 6.8050168901681891 27.732496693730354
leaf_count=141 50 24 284
internal_value=0.000361114 -0.00647422 -0.0122834
internal_weight=70.7857 58.081 51.276
internal_count=499 449 425
is_linear=0
shrinkage=0.03


Tree=40
num_leaves=4
num_cat=0
split_feature=4 26 5
split_gain=19.3592 10.1377 9.12236
threshold=1.0000000180025095e-35 1.0000000180025095e-35 1.5000000000000002
decision_type=10 10 8
left_child=1 2 -1
right_child=-2 -3 -4
leaf_value=-0.027100147611336729 0.028544505087110539 0.020749158746959772 -0.0011297961471309452
leaf_weight=23.960732370615005 11.44246895611286 5.1013135910034171 27.383255142718554
leaf_count=150 45 18 275
internal_value=-0.00218117 -0.0100407 -0.0146284
internal_weight=67.8878 56.4453 51.344
internal_count=488 443 425
is_linear=0
shrinkage=0.03


Tree=41
num_leaves=7
num_cat=0
split_feature=29 26 28 23 21 28
split_gain=21.6655 7.12845 5.90832 3.47344 2.34118 1.87602
threshold=0.7008795000000001 1.0000000180025095e-35 0.97687900000000016 0.00089200000000000011 0.14425450000000004 0.99260350000000008
decision_type=2 10 2 8 10 2
left_child=1 5 4 -4 -2 -1
right_child=2 -3 3 -5 -6 -7
leaf_value=-0.025157208395060939 -0.011641398926639608 0.012221920149891366 0 0.025335538541534898 0.0099112449289366529 0
leaf_weight=24.774085838347681 7.365432530641554 2.9749324023723593 4.706140965223315 24.364981137216091 4.3652609139680862 1.2019319087266911
leaf_count=229 59 11 23 147 17 8
internal_value=0.000375527 -0.0180123 0.0144476 0.0212185 -0.00119948 -0.0234172
internal_weight=69.7528 28.951 40.8018 29.0711 11.7307 25.976
internal_count=494 248 246 170 76 237
is_linear=0
shrinkage=0.03


Tree=42
num_leaves=5
num_cat=0
split_feature=29 28 21 29
split_gain=18.224 8.45086 3.86498 3.00475
threshold=0.58551750000000002 0.97687900000000016 0.052490000000000002 0.7008795000000001
decision_type=2 2 8 2
left_child=-1 2 -2 -3
right_child=1 3 -4 -5
leaf_value=-0.029267635199582739 -0.020608193969157577 0 0.0026638270054029044 0.021181690670263931
leaf_weight=10.474053364247082 6.4474605023860958 9.4219220951199514 13.254094764590262 29.966386817395687
leaf_count=110 39 64 102 174
internal_value=0.00192962 0.00908964 -0.00534752 0.0168861
internal_weight=69.5639 59.0899 19.7016 39.3883
internal_count=489 379 141 238
is_linear=0
shrinkage=0.03


Tree=43
num_leaves=7
num_cat=0
split_feature=29 3 21 22 28 28
split_gain=19.1907 5.86025 5.89986 3.43893 1.06056 0.850636
threshold=0.68013350000000006 1.0000000180025095e-35 0.12386950000000001 0.0047930000000000013 0.99260350000000008 0.97276150000000017
decision_type=2 8 10 10 2 2
left_child=3 2 -2 4 -1 -3
right_child=1 5 -4 -5 -6 -7
leaf_value=-0.026896110020559402 -0.013638177316803633 0 0.014436669073532997 0 0 0.023826843069556243
leaf_weight=17.809131488204009 10.970608279109003 3.8152822032570866 10.009182348847387 8.6796245425939542 1.1010113060474385 18.681643068790436
leaf_count=192 57 36 38 42 9 138
internal_value=-0.000140196 0.0116142 0 -0.0189663 -0.025367 0.0212777
internal_weight=71.0665 43.4767 20.9798 27.5898 18.9101 22.4969
internal_count=512 269 95 243 201 174
is_linear=0
shrinkage=0.03


Tree=44
num_leaves=5
num_cat=0
split_feature=4 24 15 18
split_gain=16.3985 11.8157 6.47455 4.61621
threshold=1.0000000180025095e-35 1.0000000180025095e-35 0.12154900000000002 1.0000000180025095e-35
decision_type=10 8 10 10
left_child=1 2 -1 -3
right_child=-2 3 -4 -5
leaf_value=-0.028992081605918579 0.027541604311587857 0 0 0.024875421462527646
leaf_weight=18.073849923908714 13.036083430051802 21.577617932111028 12.318508289754389 5.8878479897975913
leaf_count=119 54 260 59 21
internal_value=0.000190566 -0.0065329 -0.0188669 0.00664465
internal_weight=70.8939 57.8578 30.3924 27.4655
internal_count=513 459 178 281
is_linear=0
shrinkage=0.03


Tree=45
num_leaves=6
num_cat=0
split_feature=29 26 4 21 4
split_gain=16.0351 7.37387 3.69959 6.88847 2.49391
threshold=0.68013350000000006 1.0000000180025095e-35 1.0000000180025095e-35 0.15176500000000001 1.0000000180025095e-35
decision_type=2 10 10 8 10
left_child=1 4 3 -2 -1
right_child=2 -3 -4 -5 -6
leaf_value=-0.025523573901677338 -0.011540952008353504 0.013418550837895157 0.025449714385187911 0.014475115276615031 0.00058795823207047424
leaf_weight=22.684025559574373 11.375057250261309 2.8784220218658438 9.8044004440307599 20.109428554773331 1.1151719540357579
leaf_count=226 58 10 42 161 4
internal_value=0 -0.0173278 0.0111648 0.00401948 -0.0232518
internal_weight=67.9665 26.6776 41.2889 31.4845 23.7992
internal_count=501 240 261 219 230
is_linear=0
shrinkage=0.03


Tree=46
num_leaves=5
num_cat=0
split_feature=29 4 5 23
split_gain=14.7898 8.88312 8.19666 0.0649357
threshold=0.58551750000000002 1.0000000180025095e-35 1.5000000000000002 0.045319500000000006
decision_type=2 10 8 10
left_child=3 2 -2 -1
right_child=1 -3 -4 -5
leaf_value=-0.027105641066444461 -0.01299296246509073 0.027988866225600206 0.011071727890526909 0
leaf_weight=9.9387236498296225 18.220953352749348 12.290373384952543 28.217566777020693 0.97636869549751359
leaf_count=114 100 52 235 5
internal_value=0.00144933 0.00806542 0.000807252 -0.0260569
internal_weight=69.644 58.7289 46.4385 10.9151
internal_count=506 387 335 119
is_linear=0
shrinkage=0.03


Tree=47
num_leaves=6
num_cat=0
split_feature=29 28 21 20 21
split_gain=18.8562 7.12939 6.10543 2.29559 1.62323
threshold=0.64227900000000016 0.98251600000000006 0.10762700000000001 0.25053600000000004 0.062116500000000012
decision_type=2 2 10 10 10
left_child=4 2 -2 -3 -1
right_child=1 3 -4 -5 -6
leaf_value=-0.027038705539095848 -0.011608595895140799 0.023802862670222212 0.015517634145290409 0 0
leaf_weight=13.769935548305513 15.373088225722315 23.076091542840008 9.5372671931982023 1.7690716832876194 2.3999327421188346
leaf_count=156 130 141 38 9 12
internal_value=0.00132206 0.0109206 0 0.0213631 -0.0237351
internal_weight=65.9254 49.7555 24.9104 24.8452 16.1699
internal_count=486 318 168 150 168
is_linear=0
shrinkage=0.03


Tree=48
num_leaves=6
num_cat=0
split_feature=29 3 24 24 28
split_gain=17.5882 4.87546 7.53406 2.77038 2.48658
threshold=0.65221600000000013 1.0000000180025095e-35 1.0000000180025095e-35 1.0000000180025095e-35 0.99260350000000008
decision_type=2 10 8 10 2
left_child=3 2 -2 4 -1
right_child=1 -3 -4 -5 -6
leaf_value=-0.02706068368676522 -0.0077003418804896407 0.027504923510245447 0.016458101727004917 0.0023660363489471903 0
leaf_weight=15.934159528464084 18.341641932725906 10.705831646919249 20.748431943356991 1.3758521080017079 1.4087209701538075
leaf_count=167 91 47 181 5 10
internal_value=0.0017829 0.0114307 0.00466894 -0.0205348 -0.0239073
internal_weight=68.5146 49.7959 39.0901 18.7187 17.3429
internal_count=501 319 272 182 177
is_linear=0
shrinkage=0.03


Tree=49
num_leaves=6
num_cat=0
split_feature=29 28 26 20 15
split_gain=12.7361 8.48685 6.27471 2.07888 0.350272
threshold=0.58551750000000002 0.97888900000000012 1.0000000180025095e-35 0.25053600000000004 0.17286400000000005
decision_type=2 2 10 10 10
left_child=4 2 -2 -3 -1
right_child=1 3 -4 -5 -6
leaf_value=-0.026639726669075544 -0.014317411251192269 0.018039276951151602 0.018080079319820353 0 0
leaf_weight=9.7723437659442389 18.827744070440534 31.471161179244518 3.704801306128501 3.8960812091827384 0.92837820947170335
leaf_count=115 153 207 14 19 5
internal_value=0.000437405 0.00669193 -0.00631717 0.0156079 -0.0252701
internal_weight=68.6005 57.8998 22.5325 35.3672 10.7007
internal_count=513 393 167 226 120
is_linear=0
shrinkage=0.03


Tree=50
num_leaves=5
num_cat=0
split_feature=4 24 5 29
split_gain=13.9415 9.93611 9.1373 4.68153
threshold=1.0000000180025095e-35 1.0000000180025095e-35 1.5000000000000002 0.59491450000000012
decision_type=10 8 10 2
left_child=1 2 -1 -3
right_child=-2 3 -4 -5
leaf_value=-0.02771181011129311 0.026104792825343354 -0.014373027226697753 0.0053009788600934214 0.01154562547063959
leaf_weight=21.324270926415924 11.527574121952055 4.6655392907559898 7.727993205189704 22.971800073981285
leaf_count=147 50 74 32 218
internal_value=0 -0.00665974 -0.0183201 0.00521206
internal_weight=68.2172 56.6896 29.0523 27.6373
internal_count=521 471 179 292
is_linear=0
shrinkage=0.03


Tree=51
num_leaves=7
num_cat=0
split_feature=29 23 3 23 23 28
split_gain=13.3505 4.07087 3.62549 2.5993 1.6966 0.805796
threshold=0.7008795000000001 0.0067100000000000016 1.0000000180025095e-35 0.0078600000000000024 0.28470100000000004 0.99260350000000008
decision_type=2 10 10 8 10 2
left_child=1 5 3 -2 -3 -1
right_child=2 4 -4 -5 -6 -7
leaf_value=-0.021815409877115537 -0.010510620522662929 0.010377585219202626 0.026458913231726836 0.0089539235361380583 -0.010212506561578807 0
leaf_weight=18.389419376850135 4.0296872407197979 5.9643808007240278 9.6902514398097974 24.534217722713947 2.4320228844881058 0.96150457859039207
leaf_count=208 22 25 44 174 15 8
internal_value=0.000815791 -0.0137291 0.0123242 0.00451949 0.000662846 -0.0205668
internal_weight=66.0015 27.7473 38.2542 28.5639 8.3964 19.3509
internal_count=496 256 240 196 40 216
is_linear=0
shrinkage=0.03


Tree=52
num_leaves=4
num_cat=0
split_feature=4 23 28
split_gain=11.8113 11.0053 5.7593
threshold=1.0000000180025095e-35 0.00089200000000000011 0.98226700000000011
decision_type=10 8 2
left_child=1 -1 -3
right_child=-2 2 -4
leaf_value=-0.027095058895544179 0.024608103225866408 -0.0070669037782118607 0.013860875200433484
leaf_weight=12.39495278149843 11.982624366879461 22.078532963991165 18.423485204577446
leaf_count=99 54 194 142
internal_value=0.000608246 -0.00532062 0.00206245
internal_weight=64.8796 52.897 40.502
internal_count=489 435 336
is_linear=0
shrinkage=0.03


Tree=53
num_leaves=7
num_cat=0
split_feature=29 28 24 23 9 28
split_gain=12.8214 7.17037 4.08936 1.91296 1.45057 0.720238
threshold=0.63422450000000008 0.98251600000000006 1.0000000180025095e-35 0.00089200000000000011 7.9372940000000005 0.95985350000000014
decision_type=2 2 10 8 10 2
left_child=4 2 -2 -3 5 -1
right_child=1 3 -4 -5 -6 -7
leaf_value=0 -0.0083396738179658415 0 0.017476022010475111 0.021967609801766427 0 -0.025564083510031536
leaf_weight=1.17796257510781 22.086847022175792 3.4669379517436054 3.7609651684761038 20.589697130024433 0.9269464239478119 12.540864441543816
leaf_count=11 170 18 15 133 4 146
internal_value=0.000144904 0.00794331 -0.00211667 0.0188973 -0.0215603 -0.0238475
internal_weight=64.5502 49.9044 25.8478 24.0566 14.6458 13.7188
internal_count=497 336 185 151 161 157
is_linear=0
shrinkage=0.03


Tree=54
num_leaves=5
num_cat=0
split_feature=4 18 28 17
split_gain=12.9812 8.06005 3.47599 2.02509
threshold=1.0000000180025095e-35 0.12250800000000002 0.98157150000000015 0.49131750000000002
decision_type=10 8 2 10
left_child=1 3 -3 -1
right_child=-2 2 -4 -5
leaf_value=-0.024710767177104642 0.024614318169337152 -0.0060831875967627047 0.010974976537458042 0
leaf_weight=15.501343540847303 12.493359163403509 18.975910600274801 16.847934123128653 2.4056899696588507
leaf_count=108 58 184 145 14
internal_value=0 -0.00636205 0.00139468 -0.0212881
internal_weight=66.2242 53.7309 35.8238 17.907
internal_count=509 451 329 122
is_linear=0
shrinkage=0.03


Tree=55
num_leaves=5
num_cat=0
split_feature=29 4 24 28
split_gain=10.3495 6.87351 8.047 0.662336
threshold=0.58551750000000002 1.0000000180025095e-35 1.0000000180025095e-35 0.96042800000000017
decision_type=2 10 8 2
left_child=3 2 -2 -1
right_child=1 -3 -4 -5
leaf_value=0 -0.011780949667452235 0.024985812989363722 0.012288554978185042 -0.026194654127648789
leaf_weight=1.2838458865880955 22.355860657989979 9.9184473454952222 21.655142951756716 8.7056149095296842
leaf_count=11 121 47 205 110
internal_value=0 0.00574462 0 -0.0239259
internal_weight=63.9189 53.9295 44.011 9.98946
internal_count=494 373 326 121
is_linear=0
shrinkage=0.03


Tree=56
num_leaves=4
num_cat=0
split_feature=3 26 5
split_gain=11.0508 10.3158 5.92591
threshold=1.0000000180025095e-35 1.0000000180025095e-35 1.5000000000000002
decision_type=10 10 8
left_child=1 2 -1
right_child=-2 -3 -4
leaf_value=-0.022114720900973737 0.025115980949281403 0.022957295348634704 -0.00015993732635463629
leaf_weight=19.624910265207291 10.465570524334906 6.5059510618448249 27.342696242034435
leaf_count=138 50 25 278
internal_value=0.000317235 -0.00508141 -0.0107109
internal_weight=63.9391 53.4736 46.9676
internal_count=491 441 416
is_linear=0
shrinkage=0.03


Tree=57
num_leaves=4
num_cat=0
split_feature=4 23 23
split_gain=13.3076 5.9745 3.19096
threshold=1.0000000180025095e-35 0.00089200000000000011 0.27496700000000007
decision_type=10 8 8
left_child=1 -1 -3
right_child=-2 2 -4
leaf_value=-0.023304895720841025 0.026083025979163062 0.01066147769421491 -0.0060872513888985454
leaf_weight=11.493991471827028 10.937115594744681 11.962872684001921 28.609252698719501
leaf_count=95 52 51 300
internal_value=0 -0.00673133 -6.6261e-05
internal_weight=63.0032 52.0661 40.5721
internal_count=498 446 351
is_linear=0
shrinkage=0.03


Tree=58
num_leaves=4
num_cat=0
split_feature=26 3 5
split_gain=11.5394 9.13961 9.24736
threshold=1.0000000180025095e-35 1.5000000000000002 1.5000000000000002
decision_type=10 10 8
left_child=1 2 -1
right_child=-2 -3 -4
leaf_value=-0.023219421238630595 0.027483072542143785 0.022032176871700317 0.00085295394822429828
leaf_weight=21.54573680460453 9.0779086798429471 6.4030254036188117 28.759482599794865
leaf_count=155 38 31 290
internal_value=0.000381744 -0.00461711 -0.00962098
internal_weight=65.7862 56.7082 50.3052
internal_count=514 476 445
is_linear=0
shrinkage=0.03


Tree=59
num_leaves=6
num_cat=0
split_feature=29 28 28 26 7
split_gain=13.5873 4.48259 3.20406 1.52755 1.20814
threshold=0.63422450000000008 0.97482450000000009 0.98782300000000012 1.0000000180025095e-35 8.2941500000000019
decision_type=2 2 2 10 10
left_child=4 3 -3 -2 -1
right_child=1 2 -4 -5 -6
leaf_value=-0.025291138162268464 -0.010144036434954165 0.018632806567604118 0 0.0077662530188909659 0
leaf_weight=13.026296634227034 11.454727746546267 24.611520357429981 10.8870394192636 1.7082879245281208 0.98107330501079637
leaf_count=157 95 158 79 7 4
internal_value=0 0.00770227 0.0131947 -0.0049535 -0.0232123
internal_weight=62.6689 48.6616 35.4986 13.163 14.0074
internal_count=500 339 237 102 161
is_linear=0
shrinkage=0.03


Tree=60
num_leaves=5
num_cat=0
split_feature=29 4 24 16
split_gain=12.8145 5.24974 4.52344 0.297141
threshold=0.59491450000000012 1.0000000180025095e-35 1.0000000180025095e-35 0.44581200000000004
decision_type=2 10 8 10
left_child=3 2 -2 -1
right_child=1 -3 -4 -5
leaf_value=-0.02503331933743674 -0.0058276195230286933 0.02553790973121637 0.012184072414687988 0
leaf_weight=8.9965028911828959 20.684535592794418 10.997210994362829 21.575330160558224 0.95205356925726015
leaf_count=118 110 55 209 6
internal_value=0.00275597 0.00922306 0.0029033 -0.023663
internal_weight=63.2056 53.2571 42.2599 9.94856
internal_count=498 374 319 124
is_linear=0
shrinkage=0.03


Tree=61
num_leaves=6
num_cat=0
split_feature=29 2 3 2 23
split_gain=11.8191 4.29352 3.80903 3.54191 1.35056
threshold=0.63422450000000008 0.32575750000000009 1.0000000180025095e-35 1.0000000180025095e-35 0.045319500000000006
decision_type=2 10 10 10 10
left_child=4 3 -3 -2 -1
right_child=1 2 -4 -5 -6
leaf_value=-0.023763131121732076 0.0055211861526378468 -0.013282407009457079 0.014208300681725081 0.028526945607269469 0
leaf_weight=11.055700503289698 25.028126787394285 10.150484211742876 3.3690579384565345 9.3479296416044217 2.8588283136486998
leaf_count=145 212 60 18 36 15
internal_value=0.00132137 0.00889705 -0.00327955 0.0143674 -0.0199345
internal_weight=61.8101 47.8956 13.5195 34.3761 13.9145
internal_count=486 326 78 248 160
is_linear=0
shrinkage=0.03


Tree=62
num_leaves=5
num_cat=0
split_feature=4 24 5 16
split_gain=11.5322 8.3009 3.3463 2.92864
threshold=1.0000000180025095e-35 1.0000000180025095e-35 1.5000000000000002 0.013318000000000002
decision_type=10 8 10 10
left_child=1 2 -1 -3
right_child=-2 3 -4 -5
leaf_value=-0.023036179030863881 0.024244955660885956 0 0 0.020234279462709035
leaf_weight=18.874953724443916 11.414894714951513 19.926118873059753 7.2600905150175086 5.3424776047468177
leaf_count=145 59 249 32 21
internal_value=0 -0.00591846 -0.0171773 0.00525236
internal_weight=62.8185 51.4036 26.135 25.2686
internal_count=506 447 177 270
is_linear=0
shrinkage=0.03


Tree=63
num_leaves=5
num_cat=0
split_feature=4 5 2 15
split_gain=8.9547 7.33557 5.10238 4.96459
threshold=1.0000000180025095e-35 1.5000000000000002 0.47222200000000009 0.32105100000000003
decision_type=10 8 8 10
left_child=1 3 -3 -1
right_child=-2 2 -4 -5
leaf_value=-0.022276848181774441 0.024068159389095393 0.023116003400573789 -0.0010341059739144916 0.0066244543856028562
leaf_weight=18.100909024477009 10.100168958306311 7.2599443793296841 24.483006678521633 3.7301164865493766
leaf_count=137 53 27 277 17
internal_value=0.00147834 -0.00330063 0.00514489 -0.0159268
internal_weight=63.6741 53.574 31.743 21.831
internal_count=511 458 304 154
is_linear=0
shrinkage=0.03


Tree=64
num_leaves=6
num_cat=0
split_feature=21 3 26 2 20
split_gain=8.5989 4.76439 5.32529 2.00015 0.375257
threshold=0.10762700000000001 1.0000000180025095e-35 1.0000000180025095e-35 1.0000000180025095e-35 0.10929300000000002
decision_type=10 10 8 10 10
left_child=1 2 -1 4 -2
right_child=3 -3 -4 -5 -6
leaf_value=-0.020026763530005501 -0.0011473703257110484 0.014513269233438795 0 0.027656806352933123 0.0068132713994896541
leaf_weight=20.871682465076447 3.1010394096374494 4.5999301671981803 20.471021678298712 6.7083149701356888 4.5098635107278824
leaf_count=153 16 26 241 26 22
internal_value=0 -0.00654156 -0.0103841 0.0180532 0.0013351
internal_weight=60.2619 45.9426 41.3427 14.3192 7.6109
internal_count=484 420 394 64 38
is_linear=0
shrinkage=0.03


Tree=65
num_leaves=6
num_cat=0
split_feature=29 3 24 22 28
split_gain=9.15522 5.1332 8.47262 1.41518 1.58431
threshold=0.65221600000000013 1.0000000180025095e-35 1.0000000180025095e-35 0.039685500000000005 0.99260350000000008
decision_type=2 10 8 10 2
left_child=3 2 -2 4 -1
right_child=1 -3 -4 -5 -6
leaf_value=-0.024635522915063747 -0.013004696253471398 0.023989999612188066 0.013557634069767302 0 0
leaf_weight=11.60837288945913 17.547793693840504 8.6262367665767652 19.590291481465101 2.9307950958609572 0.98260520026087839
leaf_count=150 96 47 180 17 8
internal_value=0 0.00652047 0.000225549 -0.0182463 -0.021845
internal_weight=61.2861 45.7643 37.1381 15.5218 12.591
internal_count=498 323 276 175 158
is_linear=0
shrinkage=0.03


Tree=66
num_leaves=5
num_cat=0
split_feature=3 21 24 5
split_gain=9.96968 7.38834 4.71165 4.48262
threshold=1.0000000180025095e-35 0.0011505000000000003 1.0000000180025095e-35 1.0000000180025095e-35
decision_type=10 8 10 10
left_child=1 2 -1 -3
right_child=-2 3 -4 -5
leaf_value=-0.028118701487707787 0.025078653149549282 -0.0042515563469616904 0.0078094226579600015 0.015785561991643614
leaf_weight=11.833247058093544 9.3671398311853391 27.833771094679832 1.2957949340343482 11.363427996635435
leaf_count=111 50 291 4 46
internal_value=0.000343938 -0.00466145 -0.0219197 0.00155563
internal_weight=61.6934 52.3262 13.129 39.1972
internal_count=502 452 115 337
is_linear=0
shrinkage=0.03


Tree=67
num_leaves=4
num_cat=0
split_feature=4 26 15
split_gain=8.0192 6.55423 6.2917
threshold=1.0000000180025095e-35 1.0000000180025095e-35 0.11113800000000001
decision_type=10 10 8
left_child=1 2 -1
right_child=-2 -3 -4
leaf_value=-0.02311894999028177 0.021892335908831516 0.019131634874224843 0
leaf_weight=15.328513510525225 9.4029203057289106 5.2997936308383933 31.424069102853537
leaf_count=120 51 22 311
internal_value=0 -0.00480846 -0.00911522
internal_weight=61.4553 52.0524 46.7526
internal_count=504 453 431
is_linear=0
shrinkage=0.03


Tree=68
num_leaves=4
num_cat=0
split_feature=29 4 26
split_gain=9.15517 5.5859 4.15433
threshold=0.58551750000000002 1.0000000180025095e-35 1.0000000180025095e-35
decision_type=2 10 8
left_child=-1 2 -2
right_child=1 -3 -4
leaf_value=-0.024912939575928696 -0.0091564868661772134 0.022197396682440744 0.008544628409313422
leaf_weight=8.2642458863556367 21.24041635543108 9.7368574887514097 20.373918551951647
leaf_count=118 121 53 205
internal_value=0 0.00479271 0
internal_weight=59.6154 51.3512 41.6143
internal_count=497 379 326
is_linear=0
shrinkage=0.03


Tree=69
num_leaves=5
num_cat=0
split_feature=24 21 28 13
split_gain=7.30671 6.75636 3.08034 2.90668
threshold=1.0000000180025095e-35 1.0000000180025095e-35 0.97888900000000012 1.0000000180025095e-35
decision_type=10 8 2 8
left_child=1 3 -3 -1
right_child=-2 2 -4 -5
leaf_value=-0.025159115851853115 0.024398041121714457 -0.0052827915440113345 0.0098505630375093287 0.0005240652062144678
leaf_weight=10.722163699567314 7.5426233708858481 16.660793595016003 24.073047049343586 2.355537325143815
leaf_count=106 36 160 194 13
internal_value=0.00120597 -0.00263344 0.00303703 -0.0194326
internal_weight=61.3542 53.8115 40.7338 13.0777
internal_count=509 473 354 119
is_linear=0
shrinkage=0.03


Tree=70
num_leaves=5
num_cat=0
split_feature=29 3 2 15
split_gain=7.85332 4.26869 3.56835 0.502798
threshold=0.58551750000000002 1.0000000180025095e-35 0.32575750000000009 0.23030150000000002
decision_type=2 10 10 10
left_child=3 2 -2 -1
right_child=1 -3 -4 -5
leaf_value=-0.022569200474351098 0.006709174118923935 0.022442486891622055 -0.010958893992906471 0
leaf_weight=7.6547689065337163 32.037980500608683 8.8700474649667722 11.075052939355372 0.71751052141189564
leaf_count=114 266 50 72 4
internal_value=0.00125278 0.00631508 0.00110227 -0.0209151
internal_weight=60.3554 51.9831 43.113 8.37228
internal_count=506 388 338 118
is_linear=0
shrinkage=0.03


Tree=71
num_leaves=7
num_cat=0
split_feature=29 29 3 15 19 29
split_gain=8.17272 2.00814 1.96706 3.24125 0.996902 0.432205
threshold=0.7008795000000001 0.58551750000000002 1.0000000180025095e-35 0.10075000000000002 0.23227000000000003 0.78265550000000006
decision_type=2 2 8 10 10 2
left_child=1 -1 3 -2 -3 -4
right_child=2 4 5 -5 -6 -7
leaf_value=-0.02283736663645081 -0.010685406076223732 0.00058099488833586216 0.0015235460798110022 0.011811125585780404 -0.01195834504646107 0.019189309776722015
leaf_weight=7.8452735170722034 7.7643532976508167 11.508749425411223 6.3950359784066704 9.1006427332758886 4.0228891521692267 12.025655247271059
leaf_count=116 42 100 66 40 30 101
internal_value=0.000118651 -0.0122543 0.00941726 0 -0.0024581 0.0155292
internal_weight=58.6626 23.3769 35.2857 16.865 15.5316 18.4207
internal_count=495 246 249 82 130 167
is_linear=0
shrinkage=0.03


Tree=72
num_leaves=5
num_cat=0
split_feature=24 21 7 19
split_gain=6.46787 4.22272 4.23808 2.13454
threshold=1.0000000180025095e-35 1.0000000180025095e-35 8.2941500000000019 0.12293150000000001
decision_type=10 8 8 10
left_child=1 2 -1 -3
right_child=-2 3 -4 -5
leaf_value=-0.024379198847544387 0.022632545988982674 -0.0017293342295432658 0.0064986805956730844 0.012149831437646462
leaf_weight=9.8002503663301432 7.8363267034292212 28.73237107694149 2.3827247172594079 10.327079743146895
leaf_count=102 38 304 13 46
internal_value=0.00121169 -0.00258162 -0.0162734 0.00183183
internal_weight=59.0788 51.2424 12.183 39.0595
internal_count=503 465 115 350
is_linear=0
shrinkage=0.03


Tree=73
num_leaves=5
num_cat=0
split_feature=26 21 7 0
split_gain=6.48921 5.55971 5.71464 5.1188
threshold=1.0000000180025095e-35 0.045361000000000005 8.2941500000000019 1.0000000180025095e-35
decision_type=10 8 10 10
left_child=1 2 -1 -3
right_child=-2 3 -4 -5
leaf_value=-0.02399233592921066 0.021933340598040512 -0.0031216028442884831 0.0077681557537045238 0.02136807461245124
leaf_weight=15.272677615284922 7.0574414283037177 26.465405017137527 3.700019232928752 6.9563328176736823
leaf_count=132 34 291 21 28
internal_value=0 -0.00425294 -0.0162182 0.00249215
internal_weight=59.4519 52.3944 18.9727 33.4217
internal_count=506 472 153 319
is_linear=0
shrinkage=0.03


Tree=74
num_leaves=5
num_cat=0
split_feature=29 26 3 16
split_gain=8.55438 3.85779 4.33973 0.465288
threshold=0.58551750000000002 1.0000000180025095e-35 1.5000000000000002 0.44581200000000004
decision_type=2 10 8 10
left_child=3 2 -2 -1
right_child=1 -3 -4 -5
leaf_value=-0.023410463742272083 -0.0061922898611433555 0.023885574366688186 0.01108392375186491 0
leaf_weight=7.3301657289266569 21.685768969357014 7.320510432124137 22.96982154250145 0.81071619689464558
leaf_count=115 124 36 230 6
internal_value=0.00173994 0.00693933 0.00220302 -0.0216929
internal_weight=60.117 51.9761 44.6556 8.14088
internal_count=511 390 354 121
is_linear=0
shrinkage=0.03


Tree=75
num_leaves=5
num_cat=0
split_feature=29 4 18 16
split_gain=7.35044 4.44015 4.38769 0.418981
threshold=0.58551750000000002 1.0000000180025095e-35 0.091641500000000015 0.44581200000000004
decision_type=2 10 8 10
left_child=3 2 -2 -1
right_child=1 -3 -4 -5
leaf_value=-0.021597514360964899 -0.012825766949280702 0.02302069491245759 0.0073606357190326996 0
leaf_weight=7.11319501325488 10.033296249806879 9.1301048696041089 31.721400137990713 0.79414138942956913
leaf_count=113 62 53 268 6
internal_value=0.0019432 0.00682294 0.0013051 -0.0199479
internal_weight=58.7921 50.8848 41.7547 7.90734
internal_count=502 383 330 119
is_linear=0
shrinkage=0.03


Tree=76
num_leaves=6
num_cat=0
split_feature=29 24 28 16 28
split_gain=6.93104 5.5439 1.86592 1.55162 1.13501
threshold=0.78265550000000006 1.0000000180025095e-35 0.98511150000000014 0.39276450000000002 0.97734600000000016
decision_type=2 10 2 10 2
left_child=1 2 -1 4 -2
right_child=3 -3 -4 -5 -6
leaf_value=-0.015951937499861894 0 0.016269449839695697 0 0 0.020801863631112163
leaf_weight=21.069398146122698 2.4626718610525193 4.5597891211509696 10.403439104557036 1.9517638683319081 13.74189633131027
leaf_count=223 21 22 103 10 100
internal_value=0.000893076 -0.00610965 -0.0113559 0.0151042 0.018001
internal_weight=54.189 36.0326 31.4728 18.1563 16.2046
internal_count=479 348 326 131 121
is_linear=0
shrinkage=0.03


Tree=77
num_leaves=7
num_cat=0
split_feature=29 24 4 4 18 15
split_gain=7.90818 4.55289 1.72521 1.5952 1.72024 0.0772352
threshold=0.7008795000000001 1.0000000180025095e-35 3.5000000000000004 1.0000000180025095e-35 0.29227450000000005 1.0000000180025095e-35
decision_type=2 10 10 8 10 8
left_child=1 2 -1 4 -2 -5
right_child=3 -3 -4 5 -6 -7
leaf_value=-0.020454207630141497 -0.0052406967779782387 0.010586901100594293 0.00045440124553297026 0 0.012287524323775405 0.014575608577575247
leaf_weight=19.275632724165924 10.875881463289259 2.6958420276641837 0.855253666639327 0.63418515026569622 4.7301176637411109 17.306470263749361
leaf_count=232 57 11 4 4 21 161
internal_value=0 -0.012916 -0.0183252 0.00876685 0 0.0142371
internal_weight=56.3734 22.8267 20.1309 33.5467 15.606 17.9407
internal_count=490 247 236 243 78 165
is_linear=0
shrinkage=0.03


Tree=78
num_leaves=5
num_cat=0
split_feature=24 29 5 28
split_gain=6.15633 5.71061 3.02511 2.76001
threshold=1.0000000180025095e-35 0.7008795000000001 1.5000000000000002 0.97687900000000016
decision_type=10 2 10 2
left_child=1 2 -1 -3
right_child=-2 3 -4 -5
leaf_value=-0.017609430781308062 0.022716032935637155 -0.0049379923150740255 0.0066511577979944834 0.011671241158278143
leaf_weight=18.533442143350843 7.9318079128861418 9.1562827453017253 2.1636145859956732 21.231030747294426
leaf_count=227 40 70 9 154
internal_value=0.00203589 -0.00170232 -0.0132864 0.00577401
internal_weight=59.0162 51.0844 20.6971 30.3873
internal_count=500 460 236 224
is_linear=0
shrinkage=0.03


Tree=79
num_leaves=5
num_cat=0
split_feature=4 22 19 16
split_gain=6.52734 5.36793 2.40886 0.876678
threshold=1.0000000180025095e-35 0.044107500000000001 0.17311000000000001 0.29371450000000004
decision_type=10 8 10 8
left_child=1 3 -3 -1
right_child=-2 2 -4 -5
leaf_value=-0.02062615536406024 0.021395719724582651 -0.00076128705186552211 0.015435663448610958 0
leaf_weight=10.534998930990692 9.0480700358748418 26.124746643006802 7.3657282888889304 3.3299586176872262
leaf_count=103 54 284 33 22
internal_value=0.00128128 -0.00301188 0.00295501 -0.0171654
internal_weight=56.4035 47.3554 33.4905 13.865
internal_count=496 442 317 125
is_linear=0
shrinkage=0.03


Tree=80
num_leaves=7
num_cat=0
split_feature=22 13 23 23 28 16
split_gain=3.5742 4.18306 2.10936 1.62616 1.36426 0.340991
threshold=0.025673500000000005 1.0000000180025095e-35 0.00089200000000000011 0.27496700000000007 0.9742360000000001 0.18108350000000004
decision_type=10 8 10 10 2 8
left_child=1 5 -2 -4 -3 -1
right_child=2 4 3 -5 -6 -7
leaf_value=-0.022663999309098178 -0.0046099216123384424 -0.0077446791953190075 0.018862081925009419 0 0.0057039731497962711 0
leaf_weight=7.6914524957537624 4.1026310920715359 6.9218517579138306 11.073533348739149 7.9512876793742171 16.467629443854094 2.5959611609578142
leaf_count=82 27 94 52 44 188 20
internal_value=0 -0.00622391 0.00829102 0.0126841 0.000159203 -0.0197537
internal_weight=56.8043 33.6769 23.1275 19.0248 23.3895 10.2874
internal_count=507 384 123 96 282 102
is_linear=0
shrinkage=0.03


Tree=81
num_leaves=7
num_cat=0
split_feature=21 0 9 24 2 28
split_gain=6.40179 3.16931 2.69356 2.81634 2.41948 2.15281
threshold=1.0000000180025095e-35 1.0000000180025095e-35 8.0568855000000017 1.0000000180025095e-35 0.41428550000000003 0.97844950000000008
decision_type=10 10 8 10 10 2
left_child=2 -2 3 -1 -3 -4
right_child=1 4 5 -5 -6 -7
leaf_value=-0.024191097484720356 0 0.02650682935418117 -0.010927983732030619 0.0043084541588940999 0 0.0061209710249254248
leaf_weight=8.7909818068146706 11.802877023816109 9.5196433290839177 8.1802153661847132 0.97872209548950273 3.9549744352698335 13.077834170311688
leaf_count=98 70 41 114 3 22 149
internal_value=0.000581674 0.0115412 -0.00769548 -0.0186453 0.0200441 0
internal_weight=56.3052 25.2775 31.0278 9.7697 13.4746 21.258
internal_count=497 133 364 101 63 263
is_linear=0
shrinkage=0.03


Tree=82
num_leaves=5
num_cat=0
split_feature=24 2 9 23
split_gain=4.55833 4.31987 4.93931 2.87043
threshold=1.0000000180025095e-35 0.32575750000000009 8.3854985000000024 0.24831400000000003
decision_type=10 10 10 8
left_child=1 3 -3 -1
right_child=-2 2 -4 -5
leaf_value=0.013028699363701922 0.019974156707525961 -0.024599562681704955 0.008415790467764802 -0.0029978111349640802
leaf_weight=11.758631307631729 6.2507556304335585 10.539257999509571 2.4555319249629965 24.241330694407225
leaf_count=68 32 97 14 284
internal_value=0.000141646 -0.00281809 -0.0160769 0.00206722
internal_weight=55.2455 48.9948 12.9948 36
internal_count=495 463 111 352
is_linear=0
shrinkage=0.03


Tree=83
num_leaves=5
num_cat=0
split_feature=26 3 5 3
split_gain=5.09943 5.40059 5.02966 1.98233
threshold=1.0000000180025095e-35 1.5000000000000002 1.5000000000000002 1.5000000000000002
decision_type=10 8 10 10
left_child=1 2 -1 -3
right_child=-2 3 -4 -5
leaf_value=-0.020653664404148179 0.020665700462495676 0 0.0044729624149777766 0.018333388098261023
leaf_weight=17.361240800470117 6.7273225262761107 20.168778132647279 7.0393093675374976 5.1101895570754996
leaf_count=146 35 260 30 32
internal_value=0.00031299 -0.0028935 -0.0126139 0.00577109
internal_weight=56.4068 49.6795 24.4006 25.279
internal_count=503 468 176 292
is_linear=0
shrinkage=0.03


Tree=84
num_leaves=5
num_cat=0
split_feature=3 18 22 24
split_gain=5.23511 4.68924 3.97871 2.62437
threshold=1.0000000180025095e-35 0.14212550000000004 0.027415500000000006 1.0000000180025095e-35
decision_type=10 8 10 10
left_child=1 3 -3 -1
right_child=-2 2 -4 -5
leaf_value=-0.018996997905933559 0.020188418187427348 -0.0027701056632258611 0.017830898078316736 0.0044263403548686995
leaf_weight=15.223721597343683 7.4673585817217818 21.960595648735765 8.820241838693617 1.8980703800916678
leaf_count=132 47 269 39 9
internal_value=0.000486996 -0.00300365 0.0033043 -0.0146366
internal_weight=55.37 47.9026 30.7808 17.1218
internal_count=496 449 308 141
is_linear=0
shrinkage=0.03


Tree=85
num_leaves=7
num_cat=0
split_feature=29 5 2 4 24 23
split_gain=5.74628 3.19713 2.38331 2.41256 2.06981 1.41125
threshold=0.68013350000000006 1.5000000000000002 0.32575750000000009 1.0000000180025095e-35 1.0000000180025095e-35 0.57592050000000017
decision_type=2 10 10 8 10 8
left_child=1 4 5 -4 -1 -2
right_child=2 -3 3 -5 -6 -7
leaf_value=-0.019617098866378854 0.01846778368366148 0.0076048623307353918 -0.014010157041340083 0.0094771838095489142 0.0019225493304105945 0.0018334355112754994
leaf_weight=16.03676441311837 13.124986439943315 2.7592386454343787 5.7232336550950977 3.1740634664893159 1.4344541132450093 13.908727608621119
leaf_count=216 67 12 37 22 6 149
internal_value=6.7109e-05 -0.0112405 0.00757989 -0.00283267 -0.0163606 0.0119464
internal_weight=56.1615 20.2305 35.931 8.8973 17.4712 27.0337
internal_count=509 234 275 59 222 216
is_linear=0
shrinkage=0.03


Tree=86
num_leaves=4
num_cat=0
split_feature=26 3 21
split_gain=5.93533 4.9321 5.2204
threshold=1.0000000180025095e-35 1.0000000180025095e-35 0.12386950000000001
decision_type=10 10 8
left_child=1 2 -1
right_child=-2 -3 -4
leaf_value=-0.019599808547393186 0.021593400420233142 0.016130435065194858 0
leaf_weight=17.951798103749752 6.161385089159011 5.3086329102516165 28.19290441647172
leaf_count=158 34 34 300
internal_value=-0.000229719 -0.00443958 -0.00825667
internal_weight=57.6147 51.4533 46.1447
internal_count=526 492 458
is_linear=0
shrinkage=0.03


Tree=87
num_leaves=6
num_cat=0
split_feature=29 28 22 21 22
split_gain=5.91173 4.67259 1.53565 1.38089 0.535113
threshold=0.58551750000000002 0.9742360000000001 0.36700350000000009 0.29816800000000004 0.13851550000000004
decision_type=2 2 10 10 10
left_child=4 3 -3 -2 -1
right_child=1 2 -4 -5 -6
leaf_value=-0.021380716029216696 -0.011950987571518419 0.012874557190642856 -0.003330658936972603 0.0046462998054417224 0
leaf_weight=6.3895194828510276 11.355480868369339 34.416196923702955 1.6487165614962567 1.5900210738182057 0.60287204384803761
leaf_count=115 106 264 10 7 4
internal_value=0.00103152 0.00549886 0.0111669 -0.00754041 -0.0195284
internal_weight=56.0028 49.0104 36.0649 12.9455 6.99239
internal_count=506 387 274 113 119
is_linear=0
shrinkage=0.03


Tree=88
num_leaves=7
num_cat=0
split_feature=29 2 2 5 24 15
split_gain=5.16606 2.44436 2.64626 1.96212 1.0872 0.329811
threshold=0.63422450000000008 0.32575750000000009 1.0000000180025095e-35 1.5000000000000002 1.0000000180025095e-35 0.25245100000000004
decision_type=2 10 10 10 10 10
left_child=3 2 -2 5 -3 -1
right_child=1 4 -4 -5 -6 -7
leaf_value=-0.020821224647498596 0.0024428022471327387 -0.0095403504486176495 0.022136870355834892 0.0029010600206121713 0.0055665293966698087 0
leaf_weight=9.4777491390705055 26.692483525723219 9.6553886309266055 7.9454316422343245 0.92125990986824113 1.4235473573207862 0.74890053272247392
leaf_count=154 244 69 35 4 8 5
internal_value=8.46851e-07 0.00510537 0.00916178 -0.0154558 -0.00469588 -0.0196605
internal_weight=56.8648 45.7169 34.6379 11.1479 11.0789 10.2266
internal_count=519 356 279 163 77 159
is_linear=0
shrinkage=0.03


Tree=89
num_leaves=5
num_cat=0
split_feature=3 24 5 15
split_gain=7.18174 5.70109 4.12266 1.85606
threshold=1.0000000180025095e-35 1.0000000180025095e-35 1.5000000000000002 0.0082440000000000013
decision_type=10 8 10 10
left_child=1 2 -1 -3
right_child=-2 3 -4 -5
leaf_value=-0.022592146421176681 0.022254329775995122 0 0.00087716011716612488 0.017143860752098485
leaf_weight=15.854323357343675 7.5495978519320479 19.811774641275409 6.5226974338293067 4.2129932492971411
leaf_count=146 49 255 28 22
internal_value=0 -0.00500765 -0.0152739 0.00407848
internal_weight=53.9514 46.4018 22.377 24.0248
internal_count=500 451 174 277
is_linear=0
shrinkage=0.03


Tree=90
num_leaves=4
num_cat=0
split_feature=24 3 15
split_gain=5.56463 5.55076 3.35089
threshold=1.0000000180025095e-35 1.0000000180025095e-35 0.21755100000000002
decision_type=10 10 8
left_child=1 2 -1
right_child=-2 -3 -4
leaf_value=-0.017283672134258778 0.02158981358432055 0.017162567207832633 0
leaf_weight=17.609140641987324 6.1208395063877097 5.8668939396738997 25.482762582600117
leaf_count=146 34 39 287
internal_value=0 -0.00381637 -0.00825466
internal_weight=55.0796 48.9588 43.0919
internal_count=506 472 433
is_linear=0
shrinkage=0.03


Tree=91
num_leaves=4
num_cat=0
split_feature=24 3 15
split_gain=4.52706 3.91487 3.56271
threshold=1.0000000180025095e-35 1.5000000000000002 0.10075000000000002
decision_type=10 10 8
left_child=1 2 -1
right_child=-2 -3 -4
leaf_value=-0.017940518161721937 0.019906456310181075 0.016830205605741725 0
leaf_weight=12.197723772376774 6.6372955143451682 4.5043953433632842 29.914276029914618
leaf_count=110 38 30 309
internal_value=0.000754234 -0.00240678 -0.00611182
internal_weight=53.2537 46.6164 42.112
internal_count=487 449 419
is_linear=0
shrinkage=0.03


Tree=92
num_leaves=7
num_cat=0
split_feature=21 4 17 4 16 20
split_gain=5.1477 2.77218 1.4855 0.798496 0.408497 0.291997
threshold=1.0000000180025095e-35 1.0000000180025095e-35 0.12137850000000001 1.0000000180025095e-35 0.10559200000000001 0.23934600000000003
decision_type=10 8 10 10 8 8
left_child=1 -1 3 -2 -3 -4
right_child=2 4 5 -5 -6 -7
leaf_value=-0.019816210864397596 -0.0052711872764065479 0.0061813803871416375 0.016165221193532881 0.0086766892743216171 -0.0028201336453273335 0
leaf_weight=8.7801455222070235 6.5976039990782755 2.0017089992761639 12.696277737617489 3.003496028482914 19.21226516738534 1.6895647197961814
leaf_count=108 36 12 65 21 253 10
internal_value=0 -0.00803664 0.00962852 0 -7.12023e-05 0.0148595
internal_weight=53.9811 29.9941 23.9869 9.6011 21.214 14.3858
internal_count=505 373 132 57 265 75
is_linear=0
shrinkage=0.03


Tree=93
num_leaves=6
num_cat=0
split_feature=4 18 5 23 18
split_gain=3.9445 5.47428 3.68575 1.49325 0.204259
threshold=1.0000000180025095e-35 0.32362000000000007 1.5000000000000002 0.36498050000000004 0.15759200000000004
decision_type=10 10 8 10 10
left_child=1 2 -1 -3 -2
right_child=4 3 -4 -5 -6
leaf_value=-0.020607191941520043 0.017453471610313902 0.020593834819928571 -0.0011029305785593497 0 0
leaf_weight=14.254513610154389 5.5297188237309447 5.0784395784139624 25.801838725805283 1.7055971175432203 1.2871516272425649
leaf_count=138 37 23 286 12 10
internal_value=-0.00107037 -0.00490771 -0.00969273 0.0145882 0.015683
internal_weight=53.6573 46.8404 40.0564 6.78404 6.81687
internal_count=506 459 424 35 47
is_linear=0
shrinkage=0.03


Tree=94
num_leaves=5
num_cat=0
split_feature=29 21 7 0
split_gain=4.79212 2.60383 2.22891 1.41862
threshold=0.58551750000000002 0.11378600000000001 8.2941500000000019 1.0000000180025095e-35
decision_type=2 8 10 10
left_child=-1 2 -2 -3
right_child=1 3 -4 -5
leaf_value=-0.019277809887399733 -0.010447252698138752 0.0037648193637777414 0.00834818340693908 0.022223596825250921
leaf_weight=6.1531856022775164 12.350848101079466 22.154326692223552 4.7872530519962302 5.023686818778514
leaf_count=117 88 219 33 22
internal_value=2.24153e-05 0.00438861 -0.00324583 0.010041
internal_weight=50.4693 44.3161 17.1381 27.178
internal_count=479 362 121 241
is_linear=0
shrinkage=0.03


Tree=95
num_leaves=5
num_cat=0
split_feature=3 23 18 17
split_gain=4.47125 3.68565 2.01764 1.81554
threshold=1.0000000180025095e-35 0.00089200000000000011 0.29227450000000005 0.49131750000000002
decision_type=10 8 10 8
left_child=1 3 -3 -1
right_child=-2 2 -4 -5
leaf_value=-0.023400965846775184 0.018464134510682854 -0.0027306387473609267 0.012843346137252932 0
leaf_weight=7.3678085282444927 6.6729060262441626 31.634658128023148 6.4429098591208449 1.2445274814963347
leaf_count=93 47 320 33 11
internal_value=0 -0.00382342 0 -0.0186603
internal_weight=53.3628 46.6899 38.0776 8.61234
internal_count=504 457 353 104
is_linear=0
shrinkage=0.03


Tree=96
num_leaves=5
num_cat=0
split_feature=3 21 29 15
split_gain=5.5014 3.97549 2.46843 0.140294
threshold=1.0000000180025095e-35 0.0011505000000000003 0.68013350000000006 0.32105100000000003
decision_type=10 8 2 10
left_child=1 3 -3 -1
right_child=-2 2 -4 -5
leaf_value=-0.019269528670438442 0.019923834289141188 -0.0089040000392982838 0.006281832260134416 0
leaf_weight=8.8475712873041594 7.7024642303585997 11.280712839215992 24.80537972971797 0.81567151844501573
leaf_count=111 55 145 192 5
internal_value=0 -0.00379698 0.000448069 -0.0183692
internal_weight=53.4518 45.7493 36.0861 9.66324
internal_count=508 453 337 116
is_linear=0
shrinkage=0.03


Tree=97
num_leaves=4
num_cat=0
split_feature=3 24 15
split_gain=4.73977 4.0973 5.34761
threshold=1.0000000180025095e-35 1.0000000180025095e-35 0.095195500000000016
decision_type=10 10 8
left_child=1 2 -1
right_child=-2 -3 -4
leaf_value=-0.022566514629717822 0.018559317056290502 0.015502337154951921 0
leaf_weight=11.883114375174044 6.8390514627099028 4.4815239533781996 30.915025424212217
leaf_count=122 50 24 327
internal_value=0 -0.00417582 -0.00777193
internal_weight=54.1187 47.2797 42.7981
internal_count=523 473 449
is_linear=0
shrinkage=0.03


Tree=98
num_leaves=5
num_cat=0
split_feature=4 18 18 20
split_gain=3.9511 2.51767 1.60037 1.43266
threshold=1.0000000180025095e-35 0.12250800000000002 0.024222000000000004 0.23934600000000003
decision_type=10 8 10 8
left_child=1 2 -1 -3
right_child=-2 3 -4 -5
leaf_value=0 0.01845970526440675 0.011159454163031336 -0.019880217783056042 -0.00098099926861046675
leaf_weight=6.2912459373474103 7.232759252190589 8.3683038055896777 6.4095085561275482 22.660787168890238
leaf_count=58 53 43 58 274
internal_value=0.00132394 -0.00187141 -0.0120466 0.00210675
internal_weight=50.9626 43.7298 12.7008 31.0291
internal_count=486 433 116 317
is_linear=0
shrinkage=0.03


Tree=99
num_leaves=5
num_cat=0
split_feature=3 18 29 9
split_gain=4.61634 2.84633 1.89857 1.87684
threshold=1.0000000180025095e-35 0.15452400000000002 0.58551750000000002 8.3854985000000024
decision_type=10 8 2 10
left_child=1 3 -3 -1
right_child=-2 2 -4 -5
leaf_value=-0.015626755806749749 0.020529682356045239 -0.010379173292359566 0.0063222268400550154 0.0038883630270743113
leaf_weight=13.545018784701821 6.8797193467617026 3.765928402543067 28.360448520630598 1.7050013095140464
leaf_count=126 53 72 259 8
internal_value=0.00158272 -0.00163186 0.00279115 -0.0115205
internal_weight=54.2561 47.3764 32.1264 15.25
internal_count=518 465 331 134
is_linear=0
shrinkage=0.03


Tree=100
num_leaves=5
num_cat=0
split_feature=29 4 15 28
split_gain=4.19381 2.69763 2.56595 0.600381
threshold=0.58551750000000002 1.0000000180025095e-35 0.12154900000000002 0.96125950000000004
decision_type=2 10 8 2
left_child=3 2 -2 -1
right_child=1 -3 -4 -5
leaf_value=0 -0.007940603634048549 0.020057305668866571 0.0071271700095569858 -0.018668816008698384
leaf_weight=0.92602631822228332 11.919638145714996 7.2120492309331885 25.345431577414274 5.0691390968859196
leaf_count=12 80 53 238 102
internal_value=0.00215853 0.00607404 0.00132998 -0.0158926
internal_weight=50.4723 44.4771 37.2651 5.99517
internal_count=485 371 318 114
is_linear=0
shrinkage=0.03


Tree=101
num_leaves=5
num_cat=0
split_feature=3 28 28 15
split_gain=3.66329 2.87864 2.39041 1.65044
threshold=1.0000000180025095e-35 0.97687900000000016 0.98782300000000012 0.25245100000000004
decision_type=10 2 2 10
left_child=1 3 -3 -1
right_child=-2 2 -4 -5
leaf_value=-0.015916120082844161 0.017838535997117478 0.0096422043018333427 -0.0063015126321084112 0
leaf_weight=13.323259543627502 6.4758381992578498 17.150604970753196 9.8388023152947408 3.6943229287862769
leaf_count=161 49 148 100 20
internal_value=0.000413662 -0.0024871 0.00278073 -0.0115051
internal_weight=50.4828 44.007 26.9894 17.0176
internal_count=478 429 248 181
is_linear=0
shrinkage=0.03


Tree=102
num_leaves=5
num_cat=0
split_feature=24 28 29 28
split_gain=3.69356 3.32143 3.05538 1.87187
threshold=1.0000000180025095e-35 0.98226700000000011 0.89108700000000007 0.98798800000000009
decision_type=10 2 2 2
left_child=1 2 -1 -3
right_child=-2 3 -4 -5
leaf_value=-0.014570395718112602 0.017860653262304679 0.012259340284655151 0.009244009309016173 -0.0024986321873037825
leaf_weight=22.311546254903082 5.8042766675353041 10.549259100109341 2.2108625061810008 10.49671885743737
leaf_count=248 36 85 16 109
internal_value=0 -0.00325826 -0.0105598 0.00425774
internal_weight=51.3727 45.5684 24.5224 21.046
internal_count=494 458 264 194
is_linear=0
shrinkage=0.03


Tree=103
num_leaves=5
num_cat=0
split_feature=24 3 15 3
split_gain=4.95287 4.97378 1.84079 1.56424
threshold=1.0000000180025095e-35 1.5000000000000002 0.21755100000000002 1.5000000000000002
decision_type=10 8 10 10
left_child=1 2 -1 -3
right_child=-2 3 -4 -5
leaf_value=-0.019387718303326376 0.019695614669823197 0 0 0.015430547374230786
leaf_weight=15.671686597168447 5.5008979961276046 19.114772662520412 4.8476469404995433 4.1847959011793128
leaf_count=150 34 254 28 33
internal_value=-0.000734454 -0.00503764 -0.0150986 0.0033937
internal_weight=49.3198 43.8189 20.5193 23.2996
internal_count=499 465 178 287
is_linear=0
shrinkage=0.03


Tree=104
num_leaves=5
num_cat=0
split_feature=24 28 18 18
split_gain=2.89973 2.5025 1.57057 1.05623
threshold=1.0000000180025095e-35 0.97888900000000012 0.07423600000000001 0.016943000000000003
decision_type=10 2 8 10
left_child=1 3 -3 -1
right_child=-2 2 -4 -5
leaf_value=0 0.017853412973485187 -0.0031556033708565073 0.0094182640286737188 -0.014997722357485093
leaf_weight=10.439379472285511 5.7458847165107718 8.6465656943619269 18.566763769835234 8.555029306560753
leaf_count=134 37 76 173 78
internal_value=0.00185792 -0.000488633 0.00451356 -0.00865738
internal_weight=51.9536 46.2077 27.2133 18.9944
internal_count=498 461 249 212
is_linear=0
shrinkage=0.03


Tree=105
num_leaves=7
num_cat=0
split_feature=21 24 9 0 2 21
split_gain=3.8668 1.99047 3.63304 1.50709 0.978657 0.234834
threshold=0.045361000000000005 1.0000000180025095e-35 8.1715810000000015 1.0000000180025095e-35 0.38750000000000007 0.24561150000000001
decision_type=10 10 8 10 10 10
left_child=1 2 -1 5 -5 -2
right_child=3 -3 -4 4 -6 -7
leaf_value=-0.018306341299344657 -0.0014883116565830681 0.011864185050415603 0 0.024314431116225773 0 0.0053124236872382396
leaf_weight=11.366000432521103 4.6795970425009745 2.4208307266235343 21.176057368516922 5.9656314775347701 1.8165804371237753 3.886149562895298
leaf_count=124 30 13 265 27 12 24
internal_value=0.00135252 -0.00368761 -0.00659236 0.0125827 0.020246 0
internal_weight=51.3108 34.9629 32.5421 16.348 7.78221 8.56575
internal_count=495 402 389 93 39 54
is_linear=0
shrinkage=0.03


Tree=106
num_leaves=5
num_cat=0
split_feature=4 24 21 23
split_gain=4.15607 3.19668 3.35335 0.299881
threshold=1.0000000180025095e-35 1.0000000180025095e-35 0.29816800000000004 0.36498050000000004
decision_type=10 10 8 10
left_child=1 2 -1 -2
right_child=3 -3 -4 -5
leaf_value=-0.016883971838453332 0.018776650138882779 0.013135546378958007 0 0
leaf_weight=17.558283936232328 5.2689407989382735 3.6889902129769316 20.541499309241772 1.2179394736886022
leaf_count=164 41 19 254 10
internal_value=-0.000692634 -0.0049998 -0.00831631 0.0166988
internal_weight=48.2757 41.7888 38.0998 6.48688
internal_count=488 437 418 51
is_linear=0
shrinkage=0.03


Tree=107
num_leaves=7
num_cat=0
split_feature=22 23 4 28 2 19
split_gain=3.28162 3.38528 2.82856 1.57523 1.23638 0.535604
threshold=0.044107500000000001 0.0030185000000000003 1.0000000180025095e-35 0.98251600000000006 0.47222200000000009 0.024026500000000003
decision_type=10 10 8 2 8 10
left_child=2 -2 5 -4 -3 -1
right_child=1 4 3 -5 -6 -7
leaf_value=0 -0.0080143561872589933 0.020446204422356569 -0.003613185520738439 0.0099301036853236095 0 -0.017671369338299533
leaf_weight=3.4757598228752595 2.4608213342726257 12.903883442282673 10.919324386864902 10.894148346036671 1.8020713776350028 7.2782221920788288
leaf_count=50 20 70 147 122 12 71
internal_value=0.00195888 0.0118666 -0.00298059 0.00232443 0.017682 -0.0140824
internal_weight=49.7342 17.1668 32.5675 21.8135 14.706 10.754
internal_count=492 102 390 269 82 121
is_linear=0
shrinkage=0.03


Tree=108
num_leaves=5
num_cat=0
split_feature=29 21 24 15
split_gain=5.06859 1.57373 1.4285 1.3174
threshold=0.58551750000000002 0.11378600000000001 1.0000000180025095e-35 0.095195500000000016
decision_type=2 10 8 10
left_child=-1 2 -2 -3
right_child=1 3 -4 -5
leaf_value=-0.019198509988027593 -0.0040589923165258064 0 0.0069082504234022016 0.018196318062629099
leaf_weight=5.3131130188703528 15.638702560216187 2.2424970865249625 18.560509193688631 9.7517127841711027
leaf_count=110 118 15 203 50
internal_value=0.00178087 0.00582738 0.00116376 0.0142307
internal_weight=51.5065 46.1934 34.1992 11.9942
internal_count=496 386 321 65
is_linear=0
shrinkage=0.03


Tree=109
num_leaves=5
num_cat=0
split_feature=3 18 23 17
split_gain=3.46838 5.0424 4.08499 2.10529
threshold=1.0000000180025095e-35 0.29227450000000005 0.52579900000000002 0.3922750000000001
decision_type=10 8 8 10
left_child=1 3 -3 -1
right_child=-2 2 -4 -5
leaf_value=-0.019226415586500144 0.016546504766146004 0.022231476938027357 -0.0018435268905166249 0.0005085761769307635
leaf_weight=15.197069004178049 5.8427624031901351 5.0994971878826645 20.242642845958471 2.5962142758071414
leaf_count=141 47 26 263 19
internal_value=-6.70695e-05 -0.00389729 0.0037829 -0.0152462
internal_weight=48.9782 43.1354 25.3421 17.7933
internal_count=496 449 289 160
is_linear=0
shrinkage=0.03


Tree=110
num_leaves=7
num_cat=0
split_feature=29 5 24 15 3 23
split_gain=5.61867 3.25943 1.85068 1.60779 1.76876 1.55007
threshold=0.68013350000000006 1.5000000000000002 1.0000000180025095e-35 0.095195500000000016 1.0000000180025095e-35 0.57592050000000017
decision_type=2 10 10 10 8 8
left_child=1 2 -1 4 -2 -5
right_child=3 -3 -4 5 -6 -7
leaf_value=-0.018551096501655678 -0.0059038971998830892 0.0096224333450230601 0.0026455346421172731 0.022560792081131435 0.0088813256761419053 0
leaf_weight=14.099004160612822 7.3205962851643589 2.5202718228101721 0.94105710089206773 9.2691878825426066 15.000193577259777 2.1080136001110086
leaf_count=217 47 11 4 52 161 13
internal_value=0.00256793 -0.00941914 -0.0153425 0.00989134 0.00272242 0.0183665
internal_weight=51.2583 17.5603 15.0401 33.698 22.3208 11.3772
internal_count=505 232 221 273 208 65
is_linear=0
shrinkage=0.03


Tree=111
num_leaves=5
num_cat=0
split_feature=3 23 28 29
split_gain=3.54296 3.46913 2.42566 0.856734
threshold=1.0000000180025095e-35 0.00089200000000000011 0.97482450000000009 0.88554200000000016
decision_type=10 8 2 2
left_child=1 3 -3 -1
right_child=-2 2 -4 -5
leaf_value=-0.020523492899668729 0.019093748354171779 -0.0064122880036473345 0.0078406205564447076 0
leaf_weight=5.8920414224266997 6.0589910447597495 12.751046575605868 25.203383538872004 0.72913876920938481
leaf_count=89 51 134 227 5
internal_value=0.0017514 -0.00103066 0.00220078 -0.0175827
internal_weight=50.6346 44.5756 37.9544 6.62118
internal_count=506 455 361 94
is_linear=0
shrinkage=0.03


Tree=112
num_leaves=5
num_cat=0
split_feature=24 15 8 16
split_gain=3.90836 1.58068 2.83113 2.32372
threshold=1.0000000180025095e-35 0.095195500000000016 8.2880465000000019 0.091529000000000013
decision_type=10 8 8 8
left_child=1 2 -1 -3
right_child=-2 3 -4 -5
leaf_value=-0.017352400230871756 0.017951760635502221 0.01405514330044054 0.0069222647626807406 -0.0038386134265323366
leaf_weight=11.528363503515717 5.8907327800989142 5.469021242111924 2.1838559508323678 25.389249641448259
leaf_count=124 40 32 19 300
internal_value=0 -0.00370314 -0.0111426 0
internal_weight=50.4612 44.5705 13.7122 30.8583
internal_count=515 475 143 332
is_linear=0
shrinkage=0.03


Tree=113
num_leaves=5
num_cat=0
split_feature=29 3 18 17
split_gain=3.44747 1.3728 1.18967 0.378769
threshold=0.59491450000000012 1.0000000180025095e-35 0.29227450000000005 0.41231400000000001
decision_type=2 10 10 10
left_child=3 2 -2 -1
right_child=1 -3 -4 -5
leaf_value=-0.01766152220731719 -0.0010073395621447666 0.015568577667654458 0.010960220003384206 0
leaf_weight=5.3703243248164645 30.727807059884071 5.4593850970268241 5.858869567513465 0.55457292497158039
leaf_count=116 283 47 33 6
internal_value=0.000441088 0.00432492 0.00083664 -0.0159484
internal_weight=47.971 42.0461 36.5867 5.9249
internal_count=485 363 316 122
is_linear=0
shrinkage=0.03


Tree=114
num_leaves=6
num_cat=0
split_feature=29 2 2 9 17
split_gain=3.64593 1.60371 3.07182 1.18736 0.0645685
threshold=0.59491450000000012 0.32575750000000009 1.0000000180025095e-35 8.1715810000000015 0.41231400000000001
decision_type=2 10 10 8 10
left_child=4 2 -2 -3 -1
right_child=1 3 -4 -5 -6
leaf_value=-0.015497456711109692 0.0020084294155637531 -0.0082008339985703352 0.023287404727134725 0.0076147646276610564 0
leaf_weight=5.2269872166216365 25.959287527948618 8.7241885103285277 7.4465003535151473 2.5301439538598069 0.76956117153167714
leaf_count=112 259 72 35 19 8
internal_value=0.00216274 0.00582032 0.0091039 -0.00168632 -0.0146003
internal_weight=50.6567 44.6601 33.4058 11.2543 5.99655
internal_count=505 385 294 91 120
is_linear=0
shrinkage=0.03


Tree=115
num_leaves=5
num_cat=0
split_feature=3 5 2 17
split_gain=2.89691 1.63195 2.1184 1.53955
threshold=1.0000000180025095e-35 1.5000000000000002 0.41428550000000003 0.16185600000000003
decision_type=10 10 8 8
left_child=1 3 -3 -1
right_child=-2 2 -4 -5
leaf_value=-0.015568411026234519 0.016314407325388768 0.017024364862221062 -0.0045030932172375211 -0.00060882862810211183
leaf_weight=7.5340030565857878 5.9041993319988242 4.9618232101201984 3.300898641347886 27.871106900274754
leaf_count=92 52 21 19 325
internal_value=0.000183468 -0.00226326 0.00685194 -0.00554074
internal_weight=49.572 43.6678 8.26272 35.4051
internal_count=509 457 40 417
is_linear=0
shrinkage=0.03


Tree=116
num_leaves=5
num_cat=0
split_feature=4 2 2 28
split_gain=3.00843 2.80369 5.04475 0.855671
threshold=1.0000000180025095e-35 0.32575750000000009 1.0000000180025095e-35 0.98661750000000015
decision_type=10 10 10 2
left_child=1 2 -1 -3
right_child=-2 3 -4 -5
leaf_value=-0.0024514433494916203 0.017856650550382557 -0.017587563081843244 0.022224617188849272 0
leaf_weight=25.42541454359889 6.1865774467587462 6.5013408772647363 6.59058804064989 3.4891790226101875
leaf_count=302 52 70 29 36
internal_value=0.00214193 -0.000541913 0.00324034 -0.0129212
internal_weight=48.1931 42.0065 32.016 9.99052
internal_count=489 437 331 106
is_linear=0
shrinkage=0.03


Tree=117
num_leaves=5
num_cat=0
split_feature=24 29 19 18
split_gain=3.78717 2.83013 1.26364 1.12709
threshold=1.0000000180025095e-35 0.7008795000000001 0.17311000000000001 0.15452400000000002
decision_type=10 2 8 10
left_child=1 3 -3 -1
right_child=-2 2 -4 -5
leaf_value=-0.014497446677836088 0.018210335493305377 -0.0033762851878881349 0.0079113436135845819 0
leaf_weight=14.98449729382992 6.0464280843734732 10.190038964152338 15.8053559102118 3.4423661753535262
leaf_count=230 41 71 146 26
internal_value=0 -0.002935 0.00256049 -0.0113608
internal_weight=50.4687 44.4223 25.9954 18.4269
internal_count=514 473 217 256
is_linear=0
shrinkage=0.03


Tree=118
num_leaves=4
num_cat=0
split_feature=3 24 15
split_gain=2.69174 2.2747 2.32739
threshold=1.0000000180025095e-35 1.0000000180025095e-35 0.20270300000000005
decision_type=10 10 8
left_child=1 2 -1
right_child=-2 -3 -4
leaf_value=-0.012951724005893625 0.016168483711599478 0.013257374641749822 0.00010945100322974906
leaf_weight=15.174032807350157 5.82806771993637 3.9888699352741233 24.731237355619669
leaf_count=145 52 24 281
internal_value=0.000626694 -0.00169948 -0.0047162
internal_weight=49.7222 43.8941 39.9053
internal_count=502 450 426
is_linear=0
shrinkage=0.03


Tree=119
num_leaves=6
num_cat=0
split_feature=29 4 15 28 28
split_gain=2.7226 1.93922 2.8862 0.874333 0.455975
threshold=0.58551750000000002 1.0000000180025095e-35 0.11113800000000001 0.9742360000000001 0.96125950000000004
decision_type=2 8 10 2 2
left_child=4 2 -2 -3 -1
right_child=1 3 -4 -5 -6
leaf_value=0 -0.01311878241132006 0 0.0062692367019758412 0.012567902685194598 -0.016881105596094261
leaf_weight=0.91389007493853469 9.0418617166578787 5.8981807455420521 11.723472163081167 17.437729384750128 4.5015273950994015
leaf_count=13 72 68 69 185 107
internal_value=0.00071073 0.00398911 -0.00150091 0.00962798 -0.0143269
internal_weight=49.5167 44.1012 20.7653 23.3359 5.41542
internal_count=514 394 141 253 120
is_linear=0
shrinkage=0.03


Tree=120
num_leaves=5
num_cat=0
split_feature=26 23 9 28
split_gain=3.20504 1.86018 1.89198 1.70864
threshold=1.0000000180025095e-35 0.00089200000000000011 8.1715810000000015 0.98226700000000011
decision_type=10 8 10 2
left_child=1 2 -1 -3
right_child=-2 3 -4 -5
leaf_value=-0.020571403420125461 0.017041113290741094 -0.0055199499422613806 0.0014286570747530181 0.0066176388925934882
leaf_weight=5.9501360505819312 5.4876234345138064 19.125401820987463 1.4722875133156774 16.72036200016737
leaf_count=95 38 206 12 158
internal_value=0 -0.00301193 -0.014174 0
internal_weight=48.7558 43.2682 7.42242 35.8458
internal_count=509 471 107 364
is_linear=0
shrinkage=0.03


Tree=121
num_leaves=6
num_cat=0
split_feature=21 24 4 5 20
split_gain=2.85072 2.06131 2.61515 1.63547 0.115387
threshold=0.11378600000000001 1.0000000180025095e-35 1.0000000180025095e-35 1.0000000180025095e-35 0.11133650000000002
decision_type=10 10 8 10 10
left_child=1 2 -1 4 -2
right_child=3 -3 -4 -5 -6
leaf_value=-0.016122897193409626 -0.0030429776644204675 0.011714505932516574 0 0.019789268241512659 0.0027945617311091594
leaf_weight=12.668632302433251 3.2773550748825055 2.5748290792107573 21.960355777293444 5.703266192227602 2.8545712977647781
leaf_count=139 20 17 282 30 16
internal_value=0 -0.00395617 -0.00675967 0.0114249 0
internal_weight=49.039 37.2038 34.629 11.8352 6.13193
internal_count=504 438 421 66 36
is_linear=0
shrinkage=0.03


Tree=122
num_leaves=5
num_cat=0
split_feature=29 26 2 15
split_gain=3.16152 1.50666 1.49835 0.376762
threshold=0.58551750000000002 1.0000000180025095e-35 0.32575750000000009 0.28445600000000004
decision_type=2 10 10 10
left_child=3 2 -2 -1
right_child=1 -3 -4 -5
leaf_value=-0.016396691181717757 0.005317675093460446 0.017709220607045665 -0.0063322644812196325 0
leaf_weight=4.9460957758128634 31.35596401616931 4.7244954444468013 9.4861206822097284 0.4536709003150462
leaf_count=116 282 35 84 3
internal_value=0.00162242 0.00495038 0.0016794 -0.0146275
internal_weight=50.9663 45.5666 40.8421 5.39977
internal_count=520 401 366 119
is_linear=0
shrinkage=0.03


Tree=123
num_leaves=7
num_cat=0
split_feature=29 21 23 19 18 7
split_gain=4.40498 1.80391 1.20688 0.518474 0.392809 0.40495
threshold=0.64227900000000016 0.10762700000000001 0.037849000000000008 0.12293150000000001 0.32362000000000007 1.0000000180025095e-35
decision_type=2 10 10 10 10 10
left_child=4 2 -2 -3 5 -1
right_child=1 3 -4 -5 -6 -7
leaf_value=-0.017451027159235397 0.005044717214799108 0 -0.0066795530584190469 0.020441598088265237 0 0
leaf_weight=7.4692839719355089 21.61619092151523 4.4255750328302366 7.6687555834650984 5.6704988591372967 1.0942820273339737 0.55319020897150029
leaf_count=154 221 27 58 29 8 4
internal_value=0.00103352 0.00604595 0.000709904 0.0155248 -0.0142785 -0.0160059
internal_weight=48.4978 39.381 29.2849 10.0961 9.11676 8.02247
internal_count=501 335 279 56 166 158
is_linear=0
shrinkage=0.03


Tree=124
num_leaves=5
num_cat=0
split_feature=4 18 15 23
split_gain=2.54668 2.17369 2.96305 1.35768
threshold=1.0000000180025095e-35 0.14212550000000004 0.17286400000000005 0.57592050000000017
decision_type=10 10 8 8
left_child=1 2 -1 -3
right_child=-2 3 -4 -5
leaf_value=-0.019183981274891012 0.015943621373007668 0.012220657245621699 0 -0.0049348639564801115
leaf_weight=8.1000487096607703 5.3256305754184714 9.2820253819227183 22.304855830967426 1.3183404058218009
leaf_count=105 46 55 275 11
internal_value=0.000280864 -0.00201988 -0.00651609 0.00726333
internal_weight=46.3309 41.0053 30.4049 10.6004
internal_count=492 446 380 66
is_linear=0
shrinkage=0.03


Tree=125
num_leaves=5
num_cat=0
split_feature=24 28 28 20
split_gain=2.61948 2.06266 1.32434 0.437607
threshold=1.0000000180025095e-35 0.97276150000000017 0.98782300000000012 0.52642650000000002
decision_type=10 2 2 10
left_child=1 3 -3 -1
right_child=-2 2 -4 -5
leaf_value=-0.01313139532276277 0.017699912805680881 0.006715148393206043 -0.0042670438014413151 0
leaf_weight=9.4514041468501055 4.5463576316833487 21.297694375738502 10.853376444429157 0.91298097372055131
leaf_count=119 32 206 123 14
internal_value=0.00108965 -0.001077 0.00210661 -0.0114536
internal_weight=47.0618 42.5155 32.1511 10.3644
internal_count=494 462 329 133
is_linear=0
shrinkage=0.03


Tree=126
num_leaves=6
num_cat=0
split_feature=29 28 23 28 23
split_gain=3.37103 2.25915 1.15231 0.465426 0.412367
threshold=0.58551750000000002 0.97191600000000011 0.00089200000000000011 0.96125950000000004 0.15944800000000001
decision_type=2 2 8 2 10
left_child=3 4 -3 -1 -2
right_child=1 2 -4 -5 -6
leaf_value=0 0 0 0.01212823073863427 -0.016923716449277041 -0.009899018002179686
leaf_weight=0.89101993292570014 6.286580413579939 5.2042885720729819 27.183259870857 4.4669395666569471 2.9675003886222839
leaf_count=13 68 47 236 109 24
internal_value=0.00231905 0.00595501 0.00980587 -0.0143444 -0.00417531
internal_weight=46.9996 41.6416 32.3875 5.35796 9.25408
internal_count=497 375 283 122 92
is_linear=0
shrinkage=0.03


Tree=127
num_leaves=5
num_cat=0
split_feature=29 28 2 28
split_gain=2.5347 1.73735 2.07516 0.416237
threshold=0.58551750000000002 0.96198700000000015 0.32575750000000009 0.96125950000000004
decision_type=2 2 8 2
left_child=3 -2 -3 -1
right_child=1 2 -4 -5
leaf_value=0 -0.009162418265368108 0.014383831330051047 0 -0.016336877902773606
leaf_weight=0.91841558367013831 3.3737367391586295 14.566759586334227 23.635576564818621 4.2923384234309196
leaf_count=13 33 87 251 108
internal_value=0.000759489 0.00406969 0.00654841 -0.0138353
internal_weight=46.7868 41.5761 38.2023 5.21075
internal_count=492 371 338 121
is_linear=0
shrinkage=0.03


Tree=128
num_leaves=5
num_cat=0
split_feature=26 21 9 19
split_gain=2.13653 1.69555 2.95591 2.03977
threshold=1.0000000180025095e-35 0.0011505000000000003 8.1715810000000015 0.17311000000000001
decision_type=10 8 10 10
left_child=1 2 -1 -3
right_child=-2 3 -4 -5
leaf_value=-0.019129095238321417 0.016614590001323735 -0.00012585645557011159 0.0078543427049236059 0.014383130649989641
leaf_weight=6.5882453955709916 5.4234788939356795 27.565855409950018 1.8975506164133547 7.687344215810298
leaf_count=113 40 312 14 36
internal_value=0.00277739 0 -0.0100078 0.00313361
internal_weight=49.1625 43.739 8.4858 35.2532
internal_count=515 475 127 348
is_linear=0
shrinkage=0.03


Tree=129
num_leaves=4
num_cat=0
split_feature=29 4 5
split_gain=2.95023 2.13874 2.69777
threshold=0.58551750000000002 1.0000000180025095e-35 1.5000000000000002
decision_type=2 10 8
left_child=-1 2 -2
right_child=1 -3 -4
leaf_value=-0.015573567828800535 -0.0090474336290882699 0.018366949144945428 0.0065335827633705946
leaf_weight=4.7703720349818459 12.321875263005493 5.0698616914451113 24.575677074491978
leaf_count=120 103 45 239
internal_value=0.000779099 0.00422001 0.000289349
internal_weight=46.7378 41.9674 36.8976
internal_count=507 387 342
is_linear=0
shrinkage=0.03


Tree=130
num_leaves=4
num_cat=0
split_feature=29 4 5
split_gain=2.53995 1.39307 2.16109
threshold=0.58551750000000002 1.0000000180025095e-35 1.5000000000000002
decision_type=2 10 8
left_child=-1 2 -2
right_child=1 -3 -4
leaf_value=-0.015105945935197946 -0.0080457355671973915 0.014511562661366178 0.005638998533314927
leaf_weight=4.5692512784153214 12.689629182219504 5.6338539421558371 26.285329077392817
leaf_count=113 100 50 251
internal_value=0.00038053 0.00344886 0.000212158
internal_weight=49.1781 44.6088 38.975
internal_count=514 401 351
is_linear=0
shrinkage=0.03


Tree=131
num_leaves=7
num_cat=0
split_feature=29 28 28 21 2 26
split_gain=3.37334 2.09849 1.39148 1.08758 1.01844 0.412875
threshold=0.65221600000000013 0.97482450000000009 0.99260350000000008 0.29816800000000004 0.32575750000000009 1.0000000180025095e-35
decision_type=2 2 2 8 10 10
left_child=2 3 5 -2 -3 -1
right_child=1 4 -4 -5 -6 -7
leaf_value=-0.019516292589751787 -0.014042124202016391 0.011549079283683882 8.63685860302146e-05 0 0 0
leaf_weight=8.1992137078195775 4.1146587245166275 17.934867698699239 1.0454519987106312 6.1572903394699106 7.5926575921475878 0.70740126073360521
leaf_count=162 35 161 10 58 59 4
internal_value=-0.000588169 0.00325523 -0.0142815 -0.00565255 0.00810871 -0.0180845
internal_weight=45.7515 35.7995 9.95207 10.2719 25.5275 8.90661
internal_count=489 313 176 93 220 166
is_linear=0
shrinkage=0.03


Tree=132
num_leaves=7
num_cat=0
split_feature=29 23 16 4 18 29
split_gain=2.64342 1.09239 0.977237 0.889038 0.98055 0.525877
threshold=0.63422450000000008 0.00089200000000000011 0.033660500000000003 1.0000000180025095e-35 0.32362000000000007 0.88554200000000016
decision_type=2 8 8 10 10 2
left_child=3 5 -3 4 -1 -2
right_child=1 2 -4 -5 -6 -7
leaf_value=-0.017278950011334348 -0.0085696790946045813 -1.0091288649703805e-05 0.01020458944781763 0.00020054685456557091 0 0.0023867062895115716
leaf_weight=6.1634338814765206 3.6855982951819888 3.77656365931034 30.161710944026709 0.66150232404470433 1.1498650088906286 1.0225382596254347
leaf_count=145 35 29 267 3 8 9
internal_value=0.00248121 0.00625841 0.00834726 -0.00979699 -0.0134054 -0.00229534
internal_weight=46.6212 38.6464 33.9383 7.9748 7.3133 4.70814
internal_count=496 340 296 156 153 44
is_linear=0
shrinkage=0.03


Tree=133
num_leaves=5
num_cat=0
split_feature=24 21 8 22
split_gain=2.91736 2.90418 1.93605 1.24759
threshold=1.0000000180025095e-35 0.11378600000000001 8.4887085000000031 0.36700350000000009
decision_type=10 8 10 8
left_child=1 2 -1 -3
right_child=-2 3 -4 -5
leaf_value=-0.01841589084473283 0.014933183964774711 0.010360644265509434 0.0019486570872536068 -0.0023942842590809624
leaf_weight=12.7058457955718 4.6757632568478575 6.3353824727237251 1.6663932055234916 19.191487401723862
leaf_count=148 34 36 17 261
internal_value=-0.00130179 -0.00481493 -0.0143991 0.000476318
internal_weight=44.5749 39.8991 14.3722 25.5269
internal_count=496 462 165 297
is_linear=0
shrinkage=0.03


Tree=134
num_leaves=7
num_cat=0
split_feature=28 28 21 15 28 15
split_gain=1.69825 2.27357 1.84501 1.08588 0.963761 0.958525
threshold=0.97888900000000012 0.98782300000000012 0.29816800000000004 0.0059935000000000014 0.99371350000000003 0.25245100000000004
decision_type=2 2 10 8 2 10
left_child=2 3 5 -2 -3 -1
right_child=1 4 -4 -5 -6 -7
leaf_value=-0.012111286809404067 0 -0.0078312193906377742 0.0091614628518466405 0.015487906236122249 0.0065048608477517554 0
leaf_weight=13.444406973198058 1.4285451788455308 8.3776034414768201 2.6837527677416793 14.756046205759047 2.1521803736686698 2.3840763457119456
leaf_count=187 17 101 14 126 23 16
internal_value=0.00158845 0.00657383 -0.00412471 0.0130794 -0.00189111 -0.00907153
internal_weight=45.2266 26.7144 18.5122 16.1846 10.5298 15.8285
internal_count=484 267 217 143 124 203
is_linear=0
shrinkage=0.03


Tree=135
num_leaves=7
num_cat=0
split_feature=2 2 4 28 28 17
split_gain=2.80592 3.21296 2.33255 0.829819 0.799519 0.643075
threshold=0.32575750000000009 1.0000000180025095e-35 1.0000000180025095e-35 0.97482450000000009 0.98850850000000012 0.18755600000000003
decision_type=8 10 8 2 2 8
left_child=1 5 4 -4 -2 -1
right_child=2 -3 3 -5 -6 -7
leaf_value=-0.0084039812744077357 -0.021180649217811823 0.020024948300005393 -0.0077644493328551077 0.0034389990987577375 0 0.0023508382017401997
leaf_weight=4.9883700646460065 6.3039321731776017 7.092325869947671 5.9302182793617275 14.626497235149143 2.267882352694869 4.7385054267942914
leaf_count=54 73 39 92 187 35 31
internal_value=-0.000520916 0.00772767 -0.00649435 0 -0.0172776 -0.00148836
internal_weight=45.9477 16.8192 29.1285 20.5567 8.57181 9.72688
internal_count=511 124 387 279 108 85
is_linear=0
shrinkage=0.03


Tree=136
num_leaves=6
num_cat=0
split_feature=4 15 28 16 19
split_gain=1.84854 1.67264 2.08328 0.924908 0.303561
threshold=1.0000000180025095e-35 0.20270300000000005 0.98226700000000011 0.097258500000000012 0.23227000000000003
decision_type=10 10 2 10 10
left_child=1 2 -1 -3 -2
right_child=4 3 -4 -5 -6
leaf_value=-0.010053761727184954 0.016854194930673194 0.017291702033106256 0.0028988408292789231 0 0
leaf_weight=18.725452808663249 4.4075038991868487 3.218066442757844 15.775141136720775 3.6958460845053196 1.0603776313364504
leaf_count=249 40 16 163 22 9
internal_value=0.00183262 -6.98468e-05 -0.00357318 0.010177 0.0147047
internal_weight=46.8824 41.4145 34.5006 6.91391 5.46788
internal_count=499 450 412 38 49
is_linear=0
shrinkage=0.03


Tree=137
num_leaves=7
num_cat=0
split_feature=29 5 29 29 17 9
split_gain=2.3592 1.55095 0.875202 1.41985 1.17301 0.756017
threshold=0.7008795000000001 1.5000000000000002 0.76884750000000013 0.89971800000000013 0.060697000000000008 7.9372940000000005
decision_type=2 10 2 2 8 10
left_child=1 5 4 -4 -2 -1
right_child=2 -3 3 -5 -6 -7
leaf_value=-0.014390416372329578 -0.00019733806296988587 0.004151719804911351 -0.0047290865740958268 0.010188711300140832 0.015308742999178742 0
leaf_weight=12.800922757014634 1.3657897263765342 2.3252699449658385 12.565065663307907 5.9563794992864123 8.4306747950613499 1.1768483705818642
leaf_count=218 11 13 109 56 72 7
internal_value=0 -0.00816742 0.00516552 0 0.0112631 -0.0123553
internal_weight=44.621 16.303 28.3179 18.5214 9.79646 13.9778
internal_count=486 238 248 165 83 225
is_linear=0
shrinkage=0.03


Tree=138
num_leaves=5
num_cat=0
split_feature=24 29 5 9
split_gain=2.30381 1.97384 2.68555 0.864068
threshold=1.0000000180025095e-35 0.89971800000000013 1.5000000000000002 8.0568855000000017
decision_type=10 2 10 8
left_child=1 2 -1 -3
right_child=-2 3 -4 -5
leaf_value=-0.010749545794553015 0.014555300681838409 0 0.0054279061964112776 0.014401476648312088
leaf_weight=28.413763206452131 4.6938482373952857 1.4424346983432759 8.1692378222942335 4.0179085060954094
leaf_count=366 38 10 41 42
internal_value=0 -0.0031376 -0.00624152 0.00895116
internal_weight=46.7372 42.0433 36.583 5.46034
internal_count=497 459 407 52
is_linear=0
shrinkage=0.03


Tree=139
num_leaves=4
num_cat=0
split_feature=3 24 15
split_gain=1.94423 2.09615 2.77654
threshold=1.0000000180025095e-35 1.0000000180025095e-35 0.10075000000000002
decision_type=10 10 8
left_child=1 2 -1
right_child=-2 -3 -4
leaf_value=-0.016775324970668953 0.014408819882864651 0.012954199267298456 0
leaf_weight=8.7766728028655034 5.0571668893098822 3.9088426306843749 28.937736496329308
leaf_count=111 49 25 322
internal_value=0.000471206 -0.00140475 -0.00447466
internal_weight=46.6804 41.6233 37.7144
internal_count=507 458 433
is_linear=0
shrinkage=0.03


Tree=140
num_leaves=7
num_cat=0
split_feature=28 15 28 4 28 18
split_gain=2.08507 3.51196 2.07561 1.75096 1.29247 1.28995
threshold=0.98226700000000011 0.20270300000000005 0.98782300000000012 1.0000000180025095e-35 0.99432200000000015 0.10344850000000001
decision_type=2 10 2 10 2 8
left_child=1 3 5 -1 -4 -2
right_child=2 -3 4 -5 -6 -7
leaf_value=-0.01595338199143698 0 0.0094078535612493047 -0.0079401075045823534 0.0023004617214411644 0.0095616831761049341 0.019064172346199445
leaf_weight=16.265806075185544 2.6783155370503673 5.3785861730575553 8.5226367320865375 1.8620905578136433 1.9420586824417103 7.8861740380525598
leaf_count=223 25 33 104 15 18 68
internal_value=0 -0.0059361 0.00626298 -0.012598 -0.00105733 0.0143559
internal_weight=44.5357 23.5065 21.0292 18.1279 10.4647 10.5645
internal_count=486 271 215 238 122 93
is_linear=0
shrinkage=0.03


Tree=141
num_leaves=5
num_cat=0
split_feature=24 29 5 7
split_gain=2.1908 2.12898 1.52617 0.690594
threshold=1.0000000180025095e-35 0.89971800000000013 1.5000000000000002 8.0568855000000017
decision_type=10 2 10 8
left_child=1 2 -1 -3
right_child=-2 3 -4 -5
leaf_value=-0.0085340265883131899 0.015083179745412132 0 0.0037550433543284559 0.015007341619931705
leaf_weight=29.930622512474656 4.8089211732149115 1.6632293537259091 6.7070178315043441 3.9760483913123608
leaf_count=391 38 11 34 42
internal_value=0 -0.00207622 -0.00541355 0.0104842
internal_weight=47.0858 42.2769 36.6376 5.63928
internal_count=516 478 425 53
is_linear=0
shrinkage=0.03


Tree=142
num_leaves=7
num_cat=0
split_feature=28 28 15 2 29 28
split_gain=1.86075 2.67077 1.63583 1.56932 1.46693 1.27909
threshold=0.98251600000000006 0.98782300000000012 0.18423950000000003 0.32575750000000009 0.85655200000000009 0.99041050000000019
decision_type=2 2 10 10 2 2
left_child=2 3 4 -2 -1 -3
right_child=1 5 -4 -5 -6 -7
leaf_value=-0.012390672403612907 0.02065918857513498 -0.01216001597036258 0.0051751480302082032 0 0.0029674942135638456 0.0037436805432959188
leaf_weight=16.390246475115426 8.7137986570596713 4.0216652248054725 6.1734137944877139 1.7986926808953274 2.5935756042599669 6.8330498076975346
leaf_count=226 74 42 39 17 25 81
internal_value=0.000512935 0.00704177 -0.00412631 0.0162931 -0.00880917 -0.00134047
internal_weight=46.5244 21.3672 25.1572 10.5125 18.9838 10.8547
internal_count=504 214 290 91 251 123
is_linear=0
shrinkage=0.03


Tree=143
num_leaves=6
num_cat=0
split_feature=29 5 28 28 9
split_gain=2.7867 2.44834 2.02411 1.9289 0.260977
threshold=0.68013350000000006 1.5000000000000002 0.96198700000000015 0.98782300000000012 7.9372940000000005
decision_type=2 10 2 2 10
left_child=1 4 -2 -4 -1
right_child=2 -3 3 -5 -6
leaf_value=-0.013205881364377881 -0.0076005794732425941 0.0098137588058796032 0.014935060239235054 0 0
leaf_weight=11.567923925817009 2.1121854633092907 2.4171066358685485 21.933083791285757 6.3560783341526976 0.88325384259224016
leaf_count=210 21 11 189 62 6
internal_value=0.00293205 -0.00590911 0.00829652 0.0110572 -0.0122158
internal_weight=45.2696 14.8683 30.4013 28.2892 12.4512
internal_count=499 227 272 251 216
is_linear=0
shrinkage=0.03


Tree=144
num_leaves=5
num_cat=0
split_feature=24 5 6 2
split_gain=2.04215 1.52789 1.17818 1.14014
threshold=1.0000000180025095e-35 1.5000000000000002 8.4887085000000031 0.34848450000000003
decision_type=10 8 10 8
left_child=1 2 -1 -3
right_child=-2 3 -4 -5
leaf_value=-0.0113178505186343 0.015245916862495511 0.013359310135307946 0.0031554770677558203 0
leaf_weight=14.359075587242843 4.8904027640819541 3.9339638799428966 1.671030394732951 20.946613755077124
leaf_count=167 39 16 18 272
internal_value=0.000929052 -0.00102384 -0.00797306 0.00275354
internal_weight=45.8011 40.9107 16.0301 24.8806
internal_count=512 473 185 288
is_linear=0
shrinkage=0.03


Tree=145
num_leaves=5
num_cat=0
split_feature=24 23 18 19
split_gain=1.96692 1.65295 1.18016 0.503325
threshold=1.0000000180025095e-35 0.24831400000000003 0.26283050000000008 0.03303600000000001
decision_type=10 10 10 10
left_child=1 2 -1 -3
right_child=-2 3 -4 -5
leaf_value=0 0.016502279431277835 0 0.013577708111111723 -0.014422031477580418
leaf_weight=31.820114588364959 4.1782632991671553 1.4187844470143307 3.8754077181220046 5.3429164625704288
leaf_count=401 32 9 22 43
internal_value=0.00192848 0 0.00230373 -0.0114612
internal_weight=46.6355 42.4572 35.6955 6.7617
internal_count=507 475 423 52
is_linear=0
shrinkage=0.03


Tree=146
num_leaves=6
num_cat=0
split_feature=23 23 2 24 17
split_gain=2.31572 2.87051 2.03554 1.18981 0.522776
threshold=0.27496700000000007 0.00089200000000000011 0.58947350000000009 1.0000000180025095e-35 0.49131750000000002
decision_type=8 10 8 8 10
left_child=1 4 -3 -2 -1
right_child=3 2 -4 -5 -6
leaf_value=-0.0079435569365373711 -0.014483411131639257 0.019678609519483727 -0.0012449913911239648 0 0.0017476533325688532
leaf_weight=6.3777194917202022 5.1009278856217888 11.840042576193806 1.8650789298117167 18.82930101826787 1.0723768882453439
leaf_count=105 42 69 15 262 11
internal_value=0.000592715 0.0078078 0.0153231 -0.00483093 -0.00357656
internal_weight=45.0854 21.1552 13.7051 23.9302 7.4501
internal_count=504 200 84 304 116
is_linear=0
shrinkage=0.03


Tree=147
num_leaves=6
num_cat=0
split_feature=29 21 22 24 18
split_gain=3.08423 1.01297 1.23192 0.493643 0.485604
threshold=0.63422450000000008 0.10762700000000001 0.43257100000000004 1.0000000180025095e-35 0.32362000000000007
decision_type=2 8 10 10 10
left_child=4 3 -3 -2 -1
right_child=1 2 -4 -5 -6
leaf_value=-0.014580289984995075 -0.0036950675424300707 0.01118360732132628 -0.0037371423379102273 0.0072131866183571605 0
leaf_weight=6.7231061197817317 11.292025048285719 22.425812602043155 1.2567970976233471 1.7884257622063167 0.85052257403731335
leaf_count=160 97 215 9 14 7
internal_value=0.00124415 0.00553715 0.00893631 0 -0.0124158
internal_weight=44.3367 36.7631 23.6826 13.0805 7.57363
internal_count=502 335 224 111 167
is_linear=0
shrinkage=0.03


Tree=148
num_leaves=5
num_cat=0
split_feature=3 15 28 16
split_gain=1.36225 1.75459 1.85833 0.985588
threshold=1.0000000180025095e-35 0.20270300000000005 0.98529800000000012 0.46310650000000003
decision_type=10 8 2 8
left_child=1 2 -1 -3
right_child=-2 3 -4 -5
leaf_value=-0.015948280920133336 0.012935282497969906 0.011446076272007428 0.00040116119786434939 0
leaf_weight=8.5307495296001417 4.4826497770845881 6.2923273257911232 6.3362895417958489 18.854994174093008
leaf_count=108 46 36 55 258
internal_value=0.000906864 -0.000551371 -0.00840376 0.00342602
internal_weight=44.497 40.0144 14.867 25.1473
internal_count=503 457 163 294
is_linear=0
shrinkage=0.03


Tree=149
num_leaves=7
num_cat=0
split_feature=5 16 26 19 16 18
split_gain=2.08991 2.03864 1.87067 0.814794 0.775361 0.13626
threshold=1.5000000000000002 0.091529000000000013 1.0000000180025095e-35 0.087998000000000007 0.033660500000000003 0.06332850000000001
decision_type=10 10 8 10 10 10
left_child=1 4 -3 -2 -1 -5
right_child=3 2 -4 5 -6 -7
leaf_value=-0.0012554933963786247 0 -0.019397491536293977 0.0015676468236884491 0 0.0096319558272366795 0.018535098686927379
leaf_weight=21.699117256328467 3.1904650032520276 7.4641257785260651 1.6546367183327682 2.0679605007171631 4.1237188708037129 3.7080268040299416
leaf_count=317 23 75 13 12 28 20
internal_value=0 -0.00337559 -0.0136714 0.0110025 0.00026388 0.0157678
internal_weight=43.9081 34.9416 9.11876 8.96645 25.8228 5.77599
internal_count=488 433 88 55 345 32
is_linear=0
shrinkage=0.03


Tree=150
num_leaves=5
num_cat=0
split_feature=29 2 2 4
split_gain=2.44081 0.815459 2.38143 0.755686
threshold=0.58551750000000002 0.32575750000000009 1.0000000180025095e-35 1.0000000180025095e-35
decision_type=2 8 10 8
left_child=-1 2 -2 -3
right_child=1 3 -4 -5
leaf_value=-0.012619868620733679 0 -0.0039936762917699813 0.020657843549533865 0.0050438118963114812
leaf_weight=3.8932254370301953 7.6092941313981992 8.3914895653724688 7.22329206392169 17.733953114598989
leaf_count=117 57 75 41 209
internal_value=0.0029474 0.00586989 0.0111562 0.000998585
internal_weight=44.8513 40.958 14.8326 26.1254
internal_count=499 382 98 284
is_linear=0
shrinkage=0.03


Tree=151
num_leaves=5
num_cat=0
split_feature=3 24 18 16
split_gain=1.39089 1.53203 0.828377 0.207437
threshold=1.0000000180025095e-35 1.0000000180025095e-35 0.29227450000000005 0.0030550000000000004
decision_type=10 8 10 10
left_child=1 2 -1 -3
right_child=-2 3 -4 -5
leaf_value=-0.0096470809158287173 0.013214275593285082 0.00056645191617608014 0 0.010079429579892264
leaf_weight=14.967821890488269 4.6003604866564265 17.926099836826328 4.4541668426245442 3.2420540228486052
leaf_count=160 47 248 30 23
internal_value=0.00126704 -0.000215049 -0.00642869 0.00433504
internal_weight=45.1905 40.5901 19.422 21.1682
internal_count=508 461 190 271
is_linear=0
shrinkage=0.03


Tree=152
num_leaves=7
num_cat=0
split_feature=29 28 28 24 2 18
split_gain=3.00391 1.53942 1.55186 0.819742 0.433922 0.412902
threshold=0.7008795000000001 0.97844950000000008 0.98782300000000012 1.0000000180025095e-35 0.069048000000000012 0.15452400000000002
decision_type=2 2 2 10 8 10
left_child=3 4 -3 5 -2 -1
right_child=1 2 -4 -5 -6 -7
leaf_value=-0.012949098701138105 0.0025343470941530805 0.016705710096492309 0 0.00027628035609288543 -0.0065193161042121674 0
leaf_weight=11.831067441031335 3.0358208790421495 11.689231790602209 6.131121549755334 1.4757153242826468 5.4803224578499803 3.1038347873836765
leaf_count=217 19 101 61 11 58 28
internal_value=8.07466e-05 0.00672306 0.0113937 -0.00842514 -0.000867394 -0.01086
internal_weight=42.7471 26.3365 17.8204 16.4106 8.51614 14.9349
internal_count=495 239 162 256 77 245
is_linear=0
shrinkage=0.03


Tree=153
num_leaves=5
num_cat=0
split_feature=4 24 18 16
split_gain=2.04605 1.82174 1.92778 0.13656
threshold=1.0000000180025095e-35 1.0000000180025095e-35 0.26283050000000008 0.14243350000000002
decision_type=10 10 8 10
left_child=1 2 -1 -2
right_child=3 -3 -4 -5
leaf_value=-0.013125298151808986 0.015782282632299083 0.012097421037594315 0 0
leaf_weight=13.037689752876757 3.9432977996766558 2.7849257066845885 22.127790823578835 1.4200171679258344
leaf_count=145 39 20 279 15
internal_value=0 -0.0023951 -0.00518959 0.0138598
internal_weight=43.3137 37.9504 35.1655 5.36331
internal_count=498 444 424 54
is_linear=0
shrinkage=0.03


Tree=154
num_leaves=5
num_cat=0
split_feature=24 28 15 2
split_gain=1.36062 1.37794 1.71685 1.20715
threshold=1.0000000180025095e-35 0.98226700000000011 0.17543550000000005 0.32575750000000009
decision_type=10 2 10 10
left_child=1 2 -1 -3
right_child=-2 3 -4 -5
leaf_value=-0.011445039161917418 0.012803065267274167 0.008345875616514023 0.0036628038118347323 -0.0042485743707893738
leaf_weight=16.043283114209775 4.0717860646545878 13.979580596089365 4.9074133783578864 5.578667886555194
leaf_count=228 35 139 34 60
internal_value=0.000143232 -0.00123481 -0.00663813 0.00333636
internal_weight=44.5807 40.5089 20.9507 19.5582
internal_count=496 461 262 199
is_linear=0
shrinkage=0.03


Tree=155
num_leaves=5
num_cat=0
split_feature=3 2 2 15
split_gain=1.43017 1.50117 4.09736 0.530636
threshold=1.0000000180025095e-35 0.32575750000000009 1.0000000180025095e-35 0.0032590000000000002
decision_type=10 10 10 10
left_child=1 2 -1 -3
right_child=-2 3 -4 -5
leaf_value=-0.0043811805388547917 0.01260406162604096 0 0.018813467916247436 -0.014968353436487015
leaf_weight=22.330443531274799 4.3887232691049567 2.8967245146632177 6.1300376281142226 5.5331027675420046
leaf_count=298 47 54 29 50
internal_value=0 -0.0016858 0.000978702 -0.0112021
internal_weight=41.279 36.8903 28.4605 8.42983
internal_count=478 431 327 104
is_linear=0
shrinkage=0.03


Tree=156
num_leaves=6
num_cat=0
split_feature=4 2 2 16 18
split_gain=1.48796 1.93891 2.9614 0.412686 0.356454
threshold=1.0000000180025095e-35 0.32575750000000009 1.0000000180025095e-35 0.34849600000000008 0.15759200000000004
decision_type=10 10 10 8 10
left_child=1 2 -1 -3 -2
right_child=4 3 -4 -5 -6
leaf_value=-0.0021606229244764954 0.01472060694773698 -0.014213068914506419 0.017417280570437454 0 0
leaf_weight=23.616249360144142 4.5980227664113036 7.0107416566461298 5.8204651623964301 1.3293767683207995 0.89835363626480091
leaf_count=300 46 91 30 15 10
internal_value=0.000765553 -0.000998212 0.00203846 -0.0120656 0.012491
internal_weight=43.2732 37.7768 29.4367 8.34012 5.49638
internal_count=492 436 330 106 56
is_linear=0
shrinkage=0.03


Tree=157
num_leaves=5
num_cat=0
split_feature=24 28 21 28
split_gain=1.97684 2.00404 1.79066 0.539879
threshold=1.0000000180025095e-35 0.97888900000000012 0.21124200000000004 0.99432200000000015
decision_type=10 2 8 2
left_child=1 2 -1 -3
right_child=-2 3 -4 -5
leaf_value=-0.019913855381975001 0.013582704801231485 0 0 0.01036200688742041
leaf_weight=6.5094485878944424 4.3537717349827281 21.654262421652678 10.74412903562188 2.1543274074792853
leaf_count=91 38 238 134 21
internal_value=-0.000138399 -0.00309982 -0.0103258 0.00158718
internal_weight=45.4159 41.0622 17.2536 23.8086
internal_count=522 484 225 259
is_linear=0
shrinkage=0.03


end of trees

feature_importances:
reranker_score_gte_multilingual_reranker_base=81
embedding_cosine_gte_multilingual_base=76
has_shared_contact_exact=73
shared_description_count_capped=58
shared_title_count_capped=54
repeated_title_share_percentile_gap_abs=48
max_category_share_percentile_gap_abs=40
profile_category_jaccard=38
item_count_percentile_gap_abs=36
description_length_median_percentile_gap_abs=32
shared_category_count_capped=31
shared_contact_count_capped=29
price_median_percentile_gap_abs=18
shared_description_idf_mean=16
repeated_description_share_percentile_gap_abs=14
title_length_median_percentile_gap_abs=12
shared_description_idf_sum=11
digit_ratio_mean_percentile_gap_abs=11
punct_ratio_mean_percentile_gap_abs=11
same_market_raw_bool=4
shared_title_idf_mean=2
shared_low_df_sentence_count=2
same_source_dataset_bool=1
shared_title_idf_sum=1

parameters:
[boosting: gbdt]
[objective: binary]
[metric: binary_logloss,auc]
[tree_learner: serial]
[device_type: cpu]
[data_sample_strategy: bagging]
[data: ]
[valid: ]
[num_iterations: 160]
[learning_rate: 0.03]
[num_leaves: 7]
[num_threads: 0]
[seed: 20260322]
[deterministic: 1]
[force_col_wise: 1]
[force_row_wise: 0]
[histogram_pool_size: -1]
[max_depth: 3]
[min_data_in_leaf: 10]
[min_sum_hessian_in_leaf: 0.001]
[bagging_fraction: 0.8]
[pos_bagging_fraction: 1]
[neg_bagging_fraction: 1]
[bagging_freq: 1]
[bagging_seed: 20260322]
[bagging_by_query: 0]
[feature_fraction: 0.6]
[feature_fraction_bynode: 1]
[feature_fraction_seed: 20260322]
[extra_trees: 0]
[extra_seed: 18836]
[early_stopping_round: 0]
[early_stopping_min_delta: 0]
[first_metric_only: 0]
[max_delta_step: 0]
[lambda_l1: 1]
[lambda_l2: 3]
[linear_lambda: 0]
[min_gain_to_split: 0.05]
[drop_rate: 0.1]
[max_drop: 50]
[skip_drop: 0.5]
[xgboost_dart_mode: 0]
[uniform_drop: 0]
[drop_seed: 22382]
[top_rate: 0.2]
[other_rate: 0.1]
[min_data_per_group: 100]
[max_cat_threshold: 32]
[cat_l2: 10]
[cat_smooth: 10]
[max_cat_to_onehot: 4]
[top_k: 20]
[monotone_constraints: ]
[monotone_constraints_method: basic]
[monotone_penalty: 0]
[feature_contri: ]
[forcedsplits_filename: ]
[refit_decay_rate: 0.9]
[cegb_tradeoff: 1]
[cegb_penalty_split: 0]
[cegb_penalty_feature_lazy: ]
[cegb_penalty_feature_coupled: ]
[path_smooth: 0]
[interaction_constraints: ]
[verbosity: -1]
[saved_feature_importance_type: 0]
[use_quantized_grad: 0]
[num_grad_quant_bins: 4]
[quant_train_renew_leaf: 0]
[stochastic_rounding: 1]
[linear_tree: 0]
[max_bin: 255]
[max_bin_by_feature: ]
[min_data_in_bin: 3]
[bin_construct_sample_cnt: 200000]
[data_random_seed: 20260322]
[is_enable_sparse: 1]
[enable_bundle: 1]
[use_missing: 1]
[zero_as_missing: 0]
[feature_pre_filter: 1]
[pre_partition: 0]
[two_round: 0]
[header: 0]
[label_column: ]
[weight_column: ]
[group_column: ]
[ignore_column: ]
[categorical_feature: ]
[forcedbins_filename: ]
[precise_float_parser: 0]
[parser_config_file: ]
[objective_seed: 31326]
[num_class: 1]
[is_unbalance: 0]
[scale_pos_weight: 1]
[sigmoid: 1]
[boost_from_average: 1]
[reg_sqrt: 0]
[alpha: 0.9]
[fair_c: 1]
[poisson_max_delta_step: 0.7]
[tweedie_variance_power: 1.5]
[lambdarank_truncation_level: 30]
[lambdarank_norm: 1]
[label_gain: ]
[lambdarank_position_bias_regularization: 0]
[eval_at: ]
[multi_error_top_k: 1]
[auc_mu_weights: ]
[num_machines: 1]
[local_listen_port: 12400]
[time_out: 120]
[machine_list_filename: ]
[machines: ]
[gpu_platform_id: -1]
[gpu_device_id: -1]
[gpu_use_dp: 0]
[num_gpu: 1]

end of parameters

pandas_categorical:null
