tree
version=v4
num_class=1
num_tree_per_iteration=1
label_index=0
max_feature_idx=25
objective=binary sigmoid:1
feature_names=same_market_raw_bool same_source_dataset_bool profile_category_jaccard shared_title_count_capped shared_description_count_capped shared_category_count_capped shared_title_idf_sum shared_description_idf_sum shared_title_idf_mean shared_description_idf_mean boilerplate_ratio_max boilerplate_ratio_gap_abs shared_boilerplate_count shared_low_df_sentence_count shared_rare_ngram_count item_count_percentile_gap_abs price_median_percentile_gap_abs title_length_median_percentile_gap_abs description_length_median_percentile_gap_abs digit_ratio_mean_percentile_gap_abs punct_ratio_mean_percentile_gap_abs repeated_title_share_percentile_gap_abs repeated_description_share_percentile_gap_abs max_category_share_percentile_gap_abs embedding_cosine_gte_multilingual_base reranker_score_gte_multilingual_reranker_base
feature_infos=[0:1] [0:1] [0:1] [0:5] [0:5] [0:5] [0:70.616864000000007] [0:79.443972000000002] [0:8.8271080000000008] [0:8.8271080000000008] [0:0.20000000000000001] [0:0.20000000000000001] [0:1] [0:9] [0:8] [0:0.70916299999999999] [0:0.96791400000000005] [0:0.92293000000000003] [0:0.86055700000000002] [0:0.90109399999999995] [0:0.92987399999999998] [0:0.78087600000000001] [0:0.625498] [0:0.98619599999999996] [0.88623300000000005:0.99821599999999999] [0.41123199999999999:0.96361600000000003]
tree_sizes=877 660 889 573 660 780 649 679 680 864 877 878 662 685 678 772 768 846 578 881 677 879 686 683 868 880 864 684 684 680 579 672 658 663 870 847 764 657 681 769 862 662 672 666 572 674 863 580 853 755 660 663 766 851 684 657 767 685 768 651 662 893 842 851 847 664 763 747 652 684 765 659 852 685 671 768 725 663 581 733 655 870 840 683 687 769 664 830 774 761 655 831 666 870 723 746 740 652 852 647 734 638 735 757 650 751 666 765 739 758 873 663 741 861 758 869 870 869 726 711 758 659 853 756 740 741 833 857 833 766 768 755 870 754 761 667 861 863 831 738 681 823 655 761 751 835 751 765 851 761 880 876 869 737 853

Tree=0
num_leaves=7
num_cat=0
split_feature=25 21 6 2 25 25
split_gain=69.6742 20.8879 17.9364 7.11501 0.712326 1.10433
threshold=0.63422450000000008 1.0000000180025095e-35 12.563863000000003 0.32575750000000009 0.59491450000000012 0.60347100000000009
decision_type=2 8 8 8 2 2
left_child=4 2 -2 -3 -1 -6
right_child=1 3 -4 -5 5 -7
leaf_value=-0.047923638990108694 -0.030118196997727893 0.035612569945601233 0.028690708326524789 0.01060006281691136 4.2497495285768391e-08 -0.017204482320035609
leaf_weight=15.678748227655889 11.471566945314404 27.881856054067612 3.7072649598121652 27.385968841612339 1.5761517360806454 3.3104263097047806
leaf_count=127 56 87 10 228 9 26
internal_value=0.00181124 0.0164535 -0.0117401 0.0249173 -0.0427821 -0.0105269
internal_weight=91.012 70.4467 15.1788 55.2678 20.5653 4.88658
internal_count=543 381 66 315 162 35
is_linear=0
shrinkage=1


Tree=1
num_leaves=5
num_cat=0
split_feature=3 25 2 18
split_gain=63.7951 38.5002 21.8996 3.16733
threshold=1.0000000180025095e-35 0.67342200000000008 0.32575750000000009 0.32726500000000008
decision_type=10 2 10 10
left_child=1 3 -3 -1
right_child=-2 2 -4 -5
leaf_value=-0.037697862484705816 0.049034504485372152 0.018874514058620884 -0.024077596219741312 0
leaf_weight=27.862939797341827 17.420365273952484 34.575211733579636 11.645549327135084 3.3674179911613455
leaf_count=225 47 231 55 14
internal_value=0.00146189 -0.0102948 0.00663509 -0.0346128
internal_weight=94.8715 77.4511 46.2208 31.2304
internal_count=572 525 286 239
is_linear=0
shrinkage=0.03


Tree=2
num_leaves=7
num_cat=0
split_feature=25 24 21 21 4 4
split_gain=69.6196 18.7804 11.3535 8.3283 6.49802 3.53744
threshold=0.7008795000000001 0.97677500000000006 0.11378600000000001 0.14425450000000004 1.0000000180025095e-35 1.0000000180025095e-35
decision_type=2 2 10 10 10 8
left_child=2 3 4 -2 -1 -3
right_child=1 5 -4 -5 -6 -7
leaf_value=-0.037209037501681613 -0.021663548565640005 0.013633311574274623 0.0074630082342125956 0.016724196196438272 0.0022575038353530217 0.040001698221620918
leaf_weight=35.364933520555496 9.2646290734410268 16.397617623209953 4.4713188111782065 5.2044293582439414 2.2348963618278495 22.715012393891811
leaf_count=272 74 59 16 17 8 125
internal_value=-0.000763596 0.0211131 -0.0288421 -0.00563756 -0.0341308 0.0314181
internal_weight=95.6528 53.5817 42.0711 14.4691 37.5998 39.1126
internal_count=571 275 296 91 280 184
is_linear=0
shrinkage=0.03


Tree=3
num_leaves=4
num_cat=0
split_feature=3 23 25
split_gain=61.4384 37.817 14.1889
threshold=1.0000000180025095e-35 0.0049875000000000015 0.69205000000000017
decision_type=10 8 2
left_child=1 -1 -3
right_child=-2 2 -4
leaf_value=-0.042043639268478247 0.045845216411149893 -0.01423959725414637 0.01539420029516524
leaf_weight=21.421084508299828 18.862230136990547 21.888515673577785 31.071080096065998
leaf_count=110 52 186 207
internal_value=0.00120136 -0.0110707 0.0025035
internal_weight=93.2429 74.3807 52.9596
internal_count=555 503 393
is_linear=0
shrinkage=0.03


Tree=4
num_leaves=5
num_cat=0
split_feature=4 21 25 5
split_gain=63.5349 41.2433 15.9999 2.00593
threshold=1.0000000180025095e-35 0.00092500000000000015 0.70714550000000009 1.5000000000000002
decision_type=10 8 2 10
left_child=1 3 -3 -1
right_child=-2 2 -4 -5
leaf_value=-0.043844920423703741 0.043824194632203613 -0.015360010491667417 0.017126640300818952 0
leaf_weight=23.446203455328945 20.29847064614296 20.202235445380211 29.204964116215706 1.8688924014568318
leaf_count=122 57 189 185 8
internal_value=8.0648e-05 -0.0126493 0.00315179 -0.0416141
internal_weight=95.0208 74.7223 49.4072 25.3151
internal_count=561 504 374 130
is_linear=0
shrinkage=0.03


Tree=5
num_leaves=6
num_cat=0
split_feature=22 14 24 2 23
split_gain=32.0528 18.0559 16.5885 8.48735 5.17002
threshold=0.0013980000000000002 1.5000000000000002 0.97711000000000015 0.41428550000000003 0.0049875000000000015
decision_type=8 10 2 8 10
left_child=1 -1 3 -2 -4
right_child=2 -3 4 -5 -6
leaf_value=-0.037525074511170708 0.00873553549573103 0.021960814010242538 0.0069816974408188721 -0.021916345736599445 0.031423097349748415
leaf_weight=20.356813207268718 12.459252223372461 2.9367631971836081 19.29641754925251 12.934038981795309 24.046684190630913
leaf_count=104 46 8 175 138 76
internal_value=0.000792343 -0.0272344 0.0114501 -0.00648643 0.0223454
internal_weight=92.03 23.2936 68.7364 25.3933 43.3431
internal_count=547 112 435 184 251
is_linear=0
shrinkage=0.03


Tree=6
num_leaves=5
num_cat=0
split_feature=3 23 25 24
split_gain=51.4991 30.7965 16.6323 1.8897
threshold=1.0000000180025095e-35 0.0049875000000000015 0.67342200000000008 0.99207450000000008
decision_type=10 8 2 2
left_child=1 3 -3 -1
right_child=-2 2 -4 -5
leaf_value=-0.040941056510630729 0.04329094655511307 -0.020058548149980066 0.013441798149612001 0
leaf_weight=20.140722677111629 16.676039800047874 17.311139538884163 35.194298662245274 1.859607622027396
leaf_count=105 46 159 226 8
internal_value=0 -0.0110562 0.00136902 -0.0385157
internal_weight=91.1818 74.5058 52.5054 22.0003
internal_count=544 498 385 113
is_linear=0
shrinkage=0.03


Tree=7
num_leaves=5
num_cat=0
split_feature=3 25 2 22
split_gain=58.5979 28.815 20.0082 1.41401
threshold=1.0000000180025095e-35 0.63422450000000008 0.32575750000000009 0.044478500000000004
decision_type=10 2 10 10
left_child=1 3 -3 -1
right_child=-2 2 -4 -5
leaf_value=-0.039316993635356762 0.043830205081543602 0.013494221268240413 -0.025730368467483822 -0.0021540806512316043
leaf_weight=20.69384661316872 19.513730362057686 36.861501730978489 13.439941391348837 3.1649702042341223
leaf_count=171 54 248 65 14
internal_value=0.00100156 -0.0111451 0.00159272 -0.0362954
internal_weight=93.674 74.1603 50.3014 23.8588
internal_count=552 498 313 185
is_linear=0
shrinkage=0.03


Tree=8
num_leaves=5
num_cat=0
split_feature=3 21 25 22
split_gain=55.8596 29.2562 19.5391 1.57106
threshold=1.0000000180025095e-35 0.11378600000000001 0.63422450000000008 0.040069000000000007
decision_type=10 8 2 10
left_child=1 3 -3 -1
right_child=-2 2 -4 -5
leaf_value=-0.035147653433223243 0.042026997002931513 -0.02796167897922255 0.01846616956048627 -0.010413053129786404
leaf_weight=25.37767568230629 19.584438547492027 7.7710641101002684 28.639073431491852 10.455444216728209
leaf_count=129 55 102 215 46
internal_value=0.000366039 -0.0117545 0.00642158 -0.0300651
internal_weight=91.8277 72.2433 36.4101 35.8331
internal_count=547 492 317 175
is_linear=0
shrinkage=0.03


Tree=9
num_leaves=7
num_cat=0
split_feature=25 4 4 2 5 4
split_gain=53.9613 14.8397 11.1451 11.1272 9.0207 1.13741
threshold=0.69205000000000017 1.0000000180025095e-35 1.0000000180025095e-35 0.32575750000000009 1.5000000000000002 1.0000000180025095e-35
decision_type=2 8 10 10 10 10
left_child=2 3 4 -2 -1 -3
right_child=1 5 -4 -5 -6 -7
leaf_value=-0.034989199538257916 0.017577575282816001 0.015584671969921471 0.012412110204961569 -0.02026205973026746 0.0052748010406641838 0.040790262422886657
leaf_weight=33.011562593281269 12.57231265306473 13.891493685543539 3.6598258018493643 9.6733920723199827 3.5292614847421637 16.050159588456154
leaf_count=260 43 138 12 46 13 45
internal_value=0 0.019701 -0.025067 0 -0.0302365 0.0324911
internal_weight=92.388 52.1874 40.2006 22.2457 36.5408 29.9417
internal_count=557 272 285 89 273 183
is_linear=0
shrinkage=0.03


Tree=10
num_leaves=7
num_cat=0
split_feature=25 23 3 21 23 25
split_gain=49.5471 13.701 12.6155 10.8567 8.2116 1.28048
threshold=0.69205000000000017 0.0070730000000000003 1.0000000180025095e-35 0.10762700000000001 0.28470100000000004 0.6662125000000001
decision_type=2 10 10 8 10 2
left_child=1 5 3 -2 -3 -1
right_child=2 4 -4 -5 -6 -7
leaf_value=-0.038268923134075143 -0.011537961953970123 0.017818440419866487 0.04056973109423366 0.019359558541072505 -0.020563341581426975 -0.0035633819056323911
leaf_weight=22.133884266018871 12.836267709732054 8.1388466358184797 15.361787945032118 23.67220226675272 6.1140667498111716 3.7389364615082732
leaf_count=192 57 28 43 174 30 33
internal_value=0.000460838 -0.0232993 0.0196569 0.00768554 0 -0.035184
internal_weight=91.996 40.1257 51.8703 36.5085 14.2529 25.8728
internal_count=557 283 274 231 58 225
is_linear=0
shrinkage=0.03


Tree=11
num_leaves=7
num_cat=0
split_feature=25 24 2 16 23 23
split_gain=43.6871 12.5492 15.4288 7.32287 6.40627 3.11141
threshold=0.6488520000000001 0.98241700000000021 0.21363650000000003 0.36242150000000001 0.0070730000000000003 0.33101400000000009
decision_type=2 2 10 10 10 10
left_child=4 2 -2 -3 -1 -6
right_child=1 3 -4 -5 5 -7
leaf_value=-0.037370425641105834 0.01201995075765056 0.028933752859116285 -0.031881371074752321 -0.0082445015058568247 0.012951686872731285 -0.016812631428018292
leaf_weight=19.747017003595833 21.191253162920479 33.83294489979744 7.2237889915704718 2.7869995534420005 3.3206060528755179 3.1557360887527466
leaf_count=172 140 167 38 13 11 16
internal_value=0.000542513 0.0140051 -0.000164594 0.024937 -0.0298288 0
internal_weight=91.2583 65.035 28.415 36.6199 26.2234 6.47634
internal_count=557 358 178 180 199 27
is_linear=0
shrinkage=0.03


Tree=12
num_leaves=5
num_cat=0
split_feature=3 23 23 24
split_gain=45.0143 24.2953 9.14902 1.5501
threshold=1.0000000180025095e-35 0.0049875000000000015 0.48883750000000009 0.99207450000000008
decision_type=10 8 8 2
left_child=1 3 -3 -1
right_child=-2 2 -4 -5
leaf_value=-0.038349867395295618 0.038087262045586254 0.014985716747267456 -0.0099612198281445897 0
leaf_weight=21.753732010722164 16.299582779407501 17.96572870016098 32.551838211715221 2.0113425254821768
leaf_count=117 47 64 323 9
internal_value=-0.00259561 -0.0130427 -0.00018598 -0.0361672
internal_weight=90.5822 74.2826 50.5176 23.7651
internal_count=560 513 387 126
is_linear=0
shrinkage=0.03


Tree=13
num_leaves=5
num_cat=0
split_feature=3 22 25 25
split_gain=39.9448 25.3236 8.99853 0.821132
threshold=1.0000000180025095e-35 0.044478500000000004 0.59491450000000012 0.78975300000000015
decision_type=10 8 2 2
left_child=1 3 -3 -1
right_child=-2 2 -4 -5
leaf_value=-0.035551258744090562 0.038083630070084293 -0.023886669002368816 0.0081420659451266995 -0.0046646236604455929
leaf_weight=22.958782210946087 15.287876367568968 6.4868788868188849 40.302785910665989 4.2493916302919379
leaf_count=122 44 80 291 19
internal_value=-0.00145472 -0.0111785 0.00192739 -0.0326628
internal_weight=89.2857 73.9978 46.7897 27.2082
internal_count=556 512 371 141
is_linear=0
shrinkage=0.03


Tree=14
num_leaves=5
num_cat=0
split_feature=7 23 23 20
split_gain=19.5834 23.4421 9.90113 4.78769
threshold=8.0568855000000017 0.0049875000000000015 0.48883750000000009 0.18342900000000004
decision_type=10 8 8 10
left_child=1 -1 -3 -2
right_child=3 2 -4 -5
leaf_value=-0.032107760578642675 0.031936495807964364 0.018626670499858843 -0.0060931590458786246 -0.0013140732878469399
leaf_weight=19.510525703430176 15.606739133596422 21.548066198825836 31.036194682121277 2.5274904221296302
leaf_count=104 48 75 305 11
internal_value=0.000579956 -0.0062974 0.00395545 0.026354
internal_weight=90.229 72.0948 52.5843 18.1342
internal_count=543 484 380 59
is_linear=0
shrinkage=0.03


Tree=15
num_leaves=6
num_cat=0
split_feature=25 5 4 4 2
split_gain=37.698 14.6775 13.3788 9.22563 9.02134
threshold=0.7008795000000001 1.5000000000000002 1.0000000180025095e-35 1.0000000180025095e-35 0.32575750000000009
decision_type=2 10 8 10 10
left_child=1 3 4 -1 -2
right_child=2 -3 -4 -5 -6
leaf_value=-0.031586857779886617 0.014097559406677519 0.019240289019118798 0.029862503471346679 0.0090558299644631409 -0.020260981969810635
leaf_weight=32.659759372472763 13.379499375820162 4.4362372756004325 29.148346491158009 3.248172163963317 8.8485673516988737
leaf_count=255 47 14 182 11 43
internal_value=0.000571739 -0.0199963 0.0174869 -0.0267246 0
internal_weight=91.7206 40.3442 51.3764 35.9079 22.2281
internal_count=552 280 272 266 90
is_linear=0
shrinkage=0.03


Tree=16
num_leaves=6
num_cat=0
split_feature=25 3 22 24 22
split_gain=39.5292 17.3888 9.56409 1.30074 1.47089
threshold=0.63422450000000008 1.0000000180025095e-35 0.040069000000000007 0.99280350000000006 0.025673500000000005
decision_type=2 10 8 2 10
left_child=3 2 -2 4 -1
right_child=1 -3 -4 -5 -6
leaf_value=-0.036822645209349754 -0.016552726199900874 0.036607647060488774 0.01035184175405326 0 -0.0031046073263984579
leaf_weight=18.109582327306278 13.901911348104475 15.565167203545569 35.518498614430428 1.2147049978375424 4.0069332718849173
leaf_count=160 66 46 248 8 18
internal_value=-2.11254e-05 0.0117465 0.00169714 -0.0315413 -0.0330087
internal_weight=88.3168 64.9856 49.4204 23.3312 22.1165
internal_count=546 360 314 186 178
is_linear=0
shrinkage=0.03


Tree=17
num_leaves=7
num_cat=0
split_feature=25 3 5 2 4 24
split_gain=37.022 13.1165 10.3567 10.0408 7.29222 1.35373
threshold=0.69205000000000017 1.0000000180025095e-35 1.5000000000000002 0.32575750000000009 1.0000000180025095e-35 0.95531250000000012
decision_type=2 8 10 10 10 2
left_child=2 3 4 -2 -1 -3
right_child=1 5 -4 -5 -6 -7
leaf_value=-0.030965525699917149 0.014589215895503788 0 0.011557907513483033 -0.021228615048543519 0.0064293155797286432 0.029661996169818048
leaf_weight=32.176622197031975 13.213211342692377 0.26267498731613415 4.6310909837484351 9.3949103504419309 2.8861361742019644 27.954380691051483
leaf_count=257 46 4 16 46 10 174
internal_value=0 0.016249 -0.0211557 0 -0.0268351 0.0288687
internal_weight=90.519 50.8252 39.6938 22.6081 35.0628 28.2171
internal_count=553 270 283 92 267 178
is_linear=0
shrinkage=0.03


Tree=18
num_leaves=4
num_cat=0
split_feature=4 21 25
split_gain=35.499 23.5751 10.258
threshold=1.0000000180025095e-35 0.00092500000000000015 0.63422450000000008
decision_type=10 8 2
left_child=1 -1 -3
right_child=-2 2 -4
leaf_value=-0.031016938327607033 0.034676210125060787 -0.021250861509466219 0.010815985456444549
leaf_weight=24.691232353448868 18.615910559892654 8.2677172161638719 37.292135424911976
leaf_count=134 57 105 262
internal_value=0.000620583 -0.00904487 0.00342568
internal_weight=88.867 70.2511 45.5599
internal_count=558 501 367
is_linear=0
shrinkage=0.03


Tree=19
num_leaves=7
num_cat=0
split_feature=25 24 5 7 20 21
split_gain=27.8532 10.7471 10.0997 5.97789 4.85942 3.7031
threshold=0.7008795000000001 0.97677500000000006 1.5000000000000002 8.0568855000000017 0.24938600000000002 0.14425450000000004
decision_type=2 2 10 10 10 10
left_child=2 5 3 -1 -3 -2
right_child=1 4 -4 -5 -6 -7
leaf_value=-0.027948772951378389 -0.016349563128194262 0.02581934477947985 0.012552425890768902 0.0055230013761684328 -0.0015788612618891052 0.009095833625621854
leaf_weight=33.381561398506165 9.525544658303259 31.692564986646175 4.9607841670513144 2.8569338619709006 4.1937119215726844 4.6331302821636191
leaf_count=272 72 167 17 10 18 16
internal_value=-0.000801334 0.013555 -0.0186552 -0.0243249 0.0219713 -0.00614019
internal_weight=91.2442 50.045 41.1993 36.2385 35.8863 14.1587
internal_count=572 273 299 282 185 88
is_linear=0
shrinkage=0.03


Tree=20
num_leaves=5
num_cat=0
split_feature=3 21 5 18
split_gain=32.2787 20.6045 6.1827 4.34731
threshold=1.0000000180025095e-35 0.11378600000000001 4.5000000000000009 0.29495000000000005
decision_type=10 8 10 10
left_child=1 2 -1 -3
right_child=-2 3 -4 -5
leaf_value=-0.02747429777896097 0.036008806009428171 0.0012598795422479978 0.0053534095824829386 0.027141110346786745
leaf_weight=31.023477092385292 16.478108316659927 31.626969646662474 3.3363479673862448 5.251081407070159
leaf_count=162 50 306 12 15
internal_value=0.00141213 -0.00731811 -0.0233098 0.00746198
internal_weight=87.716 71.2379 34.3598 36.8781
internal_count=545 495 174 321
is_linear=0
shrinkage=0.03


Tree=21
num_leaves=7
num_cat=0
split_feature=25 4 2 23 23 25
split_gain=29.8902 7.49658 6.64873 5.56941 4.92938 1.9153
threshold=0.7008795000000001 1.0000000180025095e-35 0.32575750000000009 0.043396000000000011 0.28470100000000004 0.60664700000000005
decision_type=2 8 10 10 10 2
left_child=3 2 -2 5 -5 -1
right_child=1 -3 -4 4 -6 -7
leaf_value=-0.033970634455340244 0.01341341710058191 0.024912346997632083 -0.016115447077597406 0.01554992908017408 -0.015997312460986034 -0.0090035569787538239
leaf_weight=15.441007748246195 13.567618533968927 25.913504563271999 8.5682135969400388 5.3081741631031019 6.4857058674097061 11.346366100013254
leaf_count=140 48 171 41 18 32 101
internal_value=-0.00024624 0.0148113 0.000230804 -0.0194361 0 -0.0263743
internal_weight=86.6306 48.0493 22.1358 38.5813 11.7939 26.7874
internal_count=551 260 89 291 50 241
is_linear=0
shrinkage=0.03


Tree=22
num_leaves=5
num_cat=0
split_feature=4 18 21 21
split_gain=34.7961 21.8075 8.99536 6.87943
threshold=1.0000000180025095e-35 0.12082150000000001 0.12386950000000001 0.00092500000000000015
decision_type=10 8 10 10
left_child=1 2 -1 -3
right_child=-2 3 -4 -5
leaf_value=-0.03708875012908102 0.034549130061943593 -0.0037724120174700824 0.0023119567260021785 0.019148311236005165
leaf_weight=20.302215278148655 19.141314968466759 29.738074369728565 4.5049763768911353 14.530602544546126
leaf_count=116 60 299 17 50
internal_value=0.00142785 -0.00839003 -0.0293773 0.00385414
internal_weight=88.2172 69.0759 24.8072 44.2687
internal_count=542 482 133 349
is_linear=0
shrinkage=0.03


Tree=23
num_leaves=5
num_cat=0
split_feature=4 23 21 17
split_gain=27.2774 19.2352 7.28555 0.383314
threshold=1.0000000180025095e-35 0.0078600000000000024 0.09775600000000001 0.20883650000000001
decision_type=10 8 10 10
left_child=1 -1 -3 -2
right_child=3 2 -4 -5
leaf_value=-0.032393168736097815 0.033806934486079292 -0.0043653489592126189 0.020863040298986679 0.0015484689036351033
leaf_weight=17.834863811731339 14.696446120738985 36.928707655519247 10.603653892874716 2.7062935680150977
leaf_count=103 46 341 35 10
internal_value=0.00048621 -0.00826999 0.00157346 0.0312261
internal_weight=82.77 65.3672 47.5324 17.4027
internal_count=535 479 376 56
is_linear=0
shrinkage=0.03


Tree=24
num_leaves=7
num_cat=0
split_feature=25 24 21 20 21 25
split_gain=32.291 9.16263 5.13226 4.23033 3.8058 0.842438
threshold=0.69205000000000017 0.97677500000000006 0.062116500000000012 0.24938600000000002 0.14425450000000004 0.60031250000000014
decision_type=2 2 10 10 10 2
left_child=2 4 5 -3 -2 -1
right_child=1 3 -4 -5 -6 -7
leaf_value=-0.031409763534377612 -0.015095253906883634 0.027568794598116918 0.0027982382142871152 0 0.011633509469142725 -0.011634389447898401
leaf_weight=14.965452179312708 8.0623806938528997 31.21540655195713 4.8865792155265799 5.0490519553422919 4.7232416719198218 16.227285891771317
leaf_count=136 67 166 19 21 16 126
internal_value=0.00068677 0.0164542 -0.0195991 0.0237769 -0.00298633 -0.0239229
internal_weight=85.1294 49.0501 36.0793 36.2645 12.7856 31.1927
internal_count=551 270 281 187 83 262
is_linear=0
shrinkage=0.03


Tree=25
num_leaves=7
num_cat=0
split_feature=25 24 21 5 3 7
split_gain=30.2143 12.041 13.4389 5.01799 4.01064 3.93336
threshold=0.6488520000000001 0.97711000000000015 0.10762700000000001 1.5000000000000002 1.0000000180025095e-35 8.0568855000000017
decision_type=2 2 10 10 8 10
left_child=3 2 -2 5 -3 -1
right_child=1 4 -4 -5 -6 -7
leaf_value=-0.032049583283431812 -0.022918209208599809 0.0062593791260050595 0.019653133121773393 0.004733988372575171 0.02861714360527131 0.0021106943561382784
leaf_weight=22.608822505921133 13.32069915533066 18.461778745055199 7.9134626090526572 2.013927459716796 23.529983907938004 1.220997780561446
leaf_count=198 112 72 26 7 152 4
internal_value=6.39225e-05 0.0115362 -0.00534607 -0.0252431 0.0205271 -0.0291408
internal_weight=89.0697 63.2259 21.2342 25.8437 41.9918 23.8298
internal_count=571 362 138 209 224 202
is_linear=0
shrinkage=0.03


Tree=26
num_leaves=7
num_cat=0
split_feature=25 5 7 13 2 25
split_gain=26.651 4.53799 4.19367 3.37612 4.46762 0.429615
threshold=0.69205000000000017 1.5000000000000002 8.0568855000000017 1.0000000180025095e-35 0.70833350000000006 0.71372150000000012
decision_type=2 10 10 8 10 2
left_child=1 2 -1 4 -2 -5
right_child=3 -3 -4 5 -6 -7
leaf_value=-0.026606736835179345 0.0098759267513558457 0.0037424675374897001 0.002620923559228171 0 -0.017580354580579324 0.021025942033534157
leaf_weight=29.286653228104118 17.39880965650082 3.5063773840665808 2.4366953670978537 2.2884746715426472 3.905755326151847 24.635020412504673
leaf_count=251 65 13 9 20 21 166
internal_value=-0.000640823 -0.0198914 -0.0234653 0.0131771 0.00205935 0.0198836
internal_weight=83.4578 35.2297 31.7233 48.2281 21.3046 26.9235
internal_count=545 273 260 272 86 186
is_linear=0
shrinkage=0.03


Tree=27
num_leaves=5
num_cat=0
split_feature=4 5 17 22
split_gain=30.1358 16.1597 6.21906 5.89433
threshold=1.0000000180025095e-35 1.5000000000000002 0.16248500000000002 0.040069000000000007
decision_type=10 8 10 10
left_child=1 2 -1 -3
right_child=-2 3 -4 -5
leaf_value=-0.035001792201266646 0.032282767990971538 -0.00095270139098032431 -0.0065798755788961218 0.025108955022532443
leaf_weight=16.429863274097443 17.732110470533371 28.099371135234833 18.420855537056923 6.8376213610172263
leaf_count=97 58 303 87 21
internal_value=6.23873e-05 -0.00870535 -0.0224838 0.00493935
internal_weight=87.5198 69.7877 34.8507 34.937
internal_count=566 508 184 324
is_linear=0
shrinkage=0.03


Tree=28
num_leaves=5
num_cat=0
split_feature=4 23 24 24
split_gain=22.5664 18.4859 9.33026 0.292814
threshold=1.0000000180025095e-35 0.0049875000000000015 0.97677500000000006 0.98999250000000016
decision_type=10 8 2 2
left_child=1 3 -3 -1
right_child=-2 2 -4 -5
leaf_value=-0.034629944835497709 0.029779440592973029 -0.012274176901071163 0.012268481283104577 -0.0057018355399183146
leaf_weight=13.499528139829637 16.10623025894165 19.680677983909845 31.803139884024858 4.4861838221549979
leaf_count=84 54 170 229 25
internal_value=0.000491163 -0.00683691 0.0021767 -0.0306905
internal_weight=85.5758 69.4695 51.4838 17.9857
internal_count=562 508 399 109
is_linear=0
shrinkage=0.03


Tree=29
num_leaves=5
num_cat=0
split_feature=3 22 24 24
split_gain=24.5643 13.2805 6.52945 1.86972
threshold=1.0000000180025095e-35 0.026265000000000004 0.96561050000000004 0.98241700000000021
decision_type=10 8 2 2
left_child=1 3 -3 -1
right_child=-2 2 -4 -5
leaf_value=-0.033332172746606492 0.032032004024022925 -0.018291514839726884 0.0073843559578344927 -0.0060610992331600316
leaf_weight=11.329082474112512 15.918264269828795 7.9297831654548636 40.809875339269638 8.338893383741377
leaf_count=71 53 72 307 43
internal_value=0.00141115 -0.0063405 0.00180878 -0.0254255
internal_weight=84.3259 68.4076 48.7397 19.668
internal_count=546 493 379 114
is_linear=0
shrinkage=0.03


Tree=30
num_leaves=4
num_cat=0
split_feature=4 23 24
split_gain=20.8815 17.0591 7.73055
threshold=1.0000000180025095e-35 0.0049875000000000015 0.97204800000000013
decision_type=10 8 2
left_child=1 -1 -3
right_child=-2 2 -4
leaf_value=-0.029291337902869821 0.028660670743744152 -0.014527020236591538 0.0094805074924662544
leaf_weight=19.699816256761551 14.710797861218451 14.28854278102517 35.209807936102152
leaf_count=121 50 127 263
internal_value=-0.000186486 -0.0076707 0.00154476
internal_weight=83.909 69.1982 49.4984
internal_count=561 511 390
is_linear=0
shrinkage=0.03


Tree=31
num_leaves=5
num_cat=0
split_feature=3 21 25 24
split_gain=23.8924 12.576 7.87358 6.08446
threshold=1.0000000180025095e-35 0.11378600000000001 0.63422450000000008 0.98266600000000015
decision_type=10 8 2 2
left_child=1 3 -3 -1
right_child=-2 2 -4 -5
leaf_value=-0.030507981417147001 0.030928378517487212 -0.018726545598650144 0.011885455414763907 -0.0024035957601957637
leaf_weight=18.613928809762001 15.180943220853804 6.5966521091759196 28.202857285737991 14.731215536594389
leaf_count=110 52 94 226 70
internal_value=0 -0.00760237 0.00426323 -0.0201407
internal_weight=83.3256 68.1447 34.7995 33.3451
internal_count=552 500 320 180
is_linear=0
shrinkage=0.03


Tree=32
num_leaves=5
num_cat=0
split_feature=3 23 25 9
split_gain=22.4914 12.7386 5.32169 1.74568
threshold=1.0000000180025095e-35 0.0049875000000000015 0.67342200000000008 1.0000000180025095e-35
decision_type=10 8 2 10
left_child=1 3 -3 -1
right_child=-2 2 -4 -5
leaf_value=-0.029643203994998289 0.029764461304654682 -0.012889194558383143 0.0066894976905855731 0
leaf_weight=17.785394310951236 14.023163378238676 16.017719484865665 33.426868870854378 1.610382393002509
leaf_count=112 49 158 228 7
internal_value=-0.00088749 -0.00853125 0 -0.0273017
internal_weight=82.8635 68.8404 49.4446 19.3958
internal_count=554 505 386 119
is_linear=0
shrinkage=0.03


Tree=33
num_leaves=5
num_cat=0
split_feature=4 25 18 18
split_gain=21.4645 12.6938 5.60802 2.23642
threshold=1.0000000180025095e-35 0.65593200000000007 0.090107500000000021 0.32726500000000008
decision_type=10 2 8 10
left_child=1 3 -3 -1
right_child=-2 2 -4 -5
leaf_value=-0.03011352819738268 0.027988874733225481 -0.013986440875189807 0.00721135122082882 0
leaf_weight=17.068838778883222 15.589431241154669 13.205568626523016 33.10031320899725 2.7135120034217826
leaf_count=170 55 64 243 13
internal_value=-0.000274967 -0.00830215 7.45106e-05 -0.0266546
internal_weight=81.6777 66.0882 46.3059 19.7824
internal_count=545 490 307 183
is_linear=0
shrinkage=0.03


Tree=34
num_leaves=7
num_cat=0
split_feature=25 24 4 21 3 25
split_gain=24.68 9.40302 4.71324 4.38368 2.14756 0.362405
threshold=0.65593200000000007 0.97478750000000003 1.0000000180025095e-35 0.12386950000000001 1.0000000180025095e-35 0.6488520000000001
decision_type=2 2 10 10 8 2
left_child=2 3 5 -2 -3 -1
right_child=1 4 -4 -5 -6 -7
leaf_value=-0.028683552408014078 -0.016658545609345685 0.0072698553705721793 0.0064269133582601804 0.0093438705857997236 0.025477273105426135 0
leaf_weight=19.561593152582653 10.563291281461717 19.37450298666954 1.5657360702753056 6.1560485064983359 22.715837560594082 1.4072984755039204
leaf_count=185 88 77 5 22 157 10
internal_value=0.000896827 0.0114454 -0.0235678 -0.00559815 0.0188029 -0.0275832
internal_weight=81.3443 58.8097 22.5346 16.7193 42.0903 20.9689
internal_count=544 344 200 110 234 195
is_linear=0
shrinkage=0.03


Tree=35
num_leaves=7
num_cat=0
split_feature=25 2 4 4 22 22
split_gain=19.5906 7.24987 5.63629 4.99874 0.565877 0.401058
threshold=0.6488520000000001 0.32575750000000009 1.0000000180025095e-35 1.5000000000000002 0.044478500000000004 0.13270100000000004
decision_type=2 8 10 8 10 10
left_child=2 4 5 -3 -2 -1
right_child=1 3 -4 -5 -6 -7
leaf_value=-0.02778486868993783 0.0045434725106657031 -0.012509682283070823 0.0088671588085492085 0.0089042443013608377 0.023773509703948679 0
leaf_weight=19.524111837148673 7.9021931290626553 14.103615134954451 1.8874515593051899 19.983819101005793 18.411557048559189 1.1662749499082554
leaf_count=189 32 71 6 195 64 6
internal_value=0 0.00913633 -0.0219641 0 0.020078 -0.0268096
internal_weight=82.979 60.4012 22.5778 34.0874 26.3138 20.6904
internal_count=563 362 201 266 96 195
is_linear=0
shrinkage=0.03


Tree=36
num_leaves=6
num_cat=0
split_feature=4 18 5 5 18
split_gain=23.3175 17.9513 4.04575 3.28688 0.524559
threshold=1.0000000180025095e-35 0.14532350000000002 4.5000000000000009 1.5000000000000002 0.17406150000000001
decision_type=10 8 10 10 8
left_child=1 2 -1 -3 -2
right_child=4 3 -4 -5 -6
leaf_value=-0.031593483543563769 0.031433942447847446 -0.00080425400699766028 0 0.019541625634261414 0.00059940049353039997
leaf_weight=22.916342318058017 12.491381347179409 36.162286810576916 2.3464624583721152 5.2710880935192099 2.7621460109949121
leaf_count=139 44 343 9 17 11
internal_value=-0.001319 -0.00950494 -0.0280436 0.00225358 0.0285101
internal_weight=81.9497 66.6962 25.2628 41.4334 15.2535
internal_count=563 508 148 360 55
is_linear=0
shrinkage=0.03


Tree=37
num_leaves=5
num_cat=0
split_feature=25 24 16 24
split_gain=19.8164 9.1673 2.62599 2.35605
threshold=0.59491450000000012 0.97204800000000013 0.46310650000000003 0.95943100000000014
decision_type=2 2 10 2
left_child=-1 3 -3 -2
right_child=1 2 -4 -5
leaf_value=-0.02862240958417878 -0.023422994383139776 0.015916092059597528 -0.0058349106676852678 0
leaf_weight=13.769926637411116 4.0458440147340324 47.5430863276124 1.9015876948833454 12.406361807137726
leaf_count=137 36 278 10 82
internal_value=0.000261343 0.00771588 0.0142216 -0.00947183
internal_weight=79.6668 65.8969 49.4447 16.4522
internal_count=543 406 288 118
is_linear=0
shrinkage=0.03


Tree=38
num_leaves=5
num_cat=0
split_feature=3 21 25 24
split_gain=19.0279 11.4042 6.68071 5.24073
threshold=1.0000000180025095e-35 0.11378600000000001 0.63422450000000008 0.98266600000000015
decision_type=10 8 2 2
left_child=1 3 -3 -1
right_child=-2 2 -4 -5
leaf_value=-0.026730710621722917 0.029238965820081057 -0.016194556990721767 0.012194130121734129 -0.0010671481658664755
leaf_weight=19.452044039964676 14.452495872974394 6.2028177231550208 29.183430392295122 14.672924146056173
leaf_count=118 53 98 233 70
internal_value=0.000858836 -0.00559369 0.00555963 -0.017482
internal_weight=83.9637 69.5112 35.3862 34.125
internal_count=572 519 331 188
is_linear=0
shrinkage=0.03


Tree=39
num_leaves=6
num_cat=0
split_feature=25 24 2 5 9
split_gain=13.7425 6.84267 6.1923 2.25439 2.63026
threshold=0.6488520000000001 0.95943100000000014 0.32575750000000009 1.5000000000000002 8.0568855000000017
decision_type=2 2 10 10 10
left_child=3 -2 -3 4 -1
right_child=1 2 -4 -5 -6
leaf_value=-0.025328815743925148 -0.021121658422603055 0.016305649715077756 -0.0037782872507626836 0.00044337620635296238 0.00090237783826253002
leaf_weight=17.827703576534994 3.5180855616927138 41.977818079292774 15.432467505335806 1.5973940640687931 1.3281198292970646
leaf_count=180 31 265 74 6 5
internal_value=0 0.00729061 0.0104908 -0.019433 -0.0222802
internal_weight=81.6816 60.9284 57.4103 20.7532 19.1558
internal_count=561 370 339 191 185
is_linear=0
shrinkage=0.03


Tree=40
num_leaves=7
num_cat=0
split_feature=21 25 23 17 16 6
split_gain=15.8797 8.75074 4.91228 3.25571 2.32386 2.06596
threshold=1.0000000180025095e-35 0.81761600000000012 0.0049875000000000015 0.31568900000000005 0.015847500000000004 12.563863000000003
decision_type=10 2 10 10 10 8
left_child=1 5 -2 -4 -3 -1
right_child=2 4 3 -5 -6 -7
leaf_value=-0.024652996988474733 -0.0061650617310045393 0.016827317645598038 0.0245440398414732 0 -0.0058140267851692568 -0.0058770010056663595
leaf_weight=19.915388897061348 4.6815454959869376 8.1706012561917287 22.288908705115322 5.648180127143859 2.0867286026477805 16.713508822023869
leaf_count=129 24 69 80 23 11 217
internal_value=0 -0.011073 0.0151498 0.0199428 0.00968497 -0.0179361
internal_weight=79.5049 46.8862 32.6186 27.9371 10.2573 36.6289
internal_count=553 426 127 103 80 346
is_linear=0
shrinkage=0.03


Tree=41
num_leaves=5
num_cat=0
split_feature=3 22 18 5
split_gain=18.0553 16.1754 5.82853 1.14776
threshold=1.0000000180025095e-35 0.040069000000000007 0.29495000000000005 4.5000000000000009
decision_type=10 8 10 10
left_child=1 3 -3 -1
right_child=-2 2 -4 -5
leaf_value=-0.027682766163735679 0.028734650628400308 -0.0017682315596186176 0.022240107263821769 0
leaf_weight=21.139819659292701 12.585771039128302 36.844677716493607 8.3125318288803083 1.6361652314662922
leaf_count=135 47 340 28 7
internal_value=-0.000143527 -0.00690564 0.00313841 -0.0260311
internal_weight=80.519 67.9332 45.1572 22.776
internal_count=557 510 368 142
is_linear=0
shrinkage=0.03


Tree=42
num_leaves=5
num_cat=0
split_feature=3 2 2 24
split_gain=18.6861 10.3632 11.344 1.70549
threshold=1.0000000180025095e-35 0.32575750000000009 1.0000000180025095e-35 0.98619800000000002
decision_type=10 10 10 2
left_child=1 2 -1 -3
right_child=-2 3 -4 -5
leaf_value=-0.0069184225202485634 0.028935813558499505 -0.029420495068065149 0.025086872644843813 -0.0041888637541619075
leaf_weight=34.26084166392684 13.357154652476309 12.874238930642607 10.472484916448591 7.8747413754463187
leaf_count=341 51 81 34 44
internal_value=0 -0.00675188 0.0010516 -0.0228465
internal_weight=78.8395 65.4823 44.7333 20.749
internal_count=551 500 375 125
is_linear=0
shrinkage=0.03


Tree=43
num_leaves=5
num_cat=0
split_feature=3 23 24 17
split_gain=15.1239 13.0313 5.60099 1.01111
threshold=1.0000000180025095e-35 0.0078600000000000024 0.97204800000000013 0.44580950000000003
decision_type=10 8 2 10
left_child=1 3 -3 -1
right_child=-2 2 -4 -5
leaf_value=-0.028593047861551157 0.028068500463949712 -0.0099350482357725388 0.0094009239813251256 0
leaf_weight=13.763112194836141 12.552861794829367 16.637564681470394 36.340054977685213 2.5856441706418982
leaf_count=94 49 140 268 16
internal_value=0.00098633 -0.00446347 0.00258555 -0.0257153
internal_weight=81.8792 69.3264 52.9776 16.3488
internal_count=567 518 408 110
is_linear=0
shrinkage=0.03


Tree=44
num_leaves=4
num_cat=0
split_feature=3 23 25
split_gain=19.9926 12.6427 6.44176
threshold=1.0000000180025095e-35 0.0049875000000000015 0.63422450000000008
decision_type=10 8 2
left_child=1 -1 -3
right_child=-2 2 -4
leaf_value=-0.027813636595214315 0.028684597934409702 -0.020587214872081191 0.0051424134960413974
leaf_weight=17.234393499791622 13.69728836417198 7.8232434391975394 42.768948458135128
leaf_count=120 54 105 299
internal_value=-0.000488556 -0.00776897 0
internal_weight=81.5239 67.8266 50.5922
internal_count=578 524 404
is_linear=0
shrinkage=0.03


Tree=45
num_leaves=5
num_cat=0
split_feature=3 2 2 5
split_gain=14.486 12.7735 6.61648 3.58441
threshold=1.0000000180025095e-35 0.32575750000000009 1.0000000180025095e-35 4.5000000000000009
decision_type=10 10 10 10
left_child=1 2 -1 -3
right_child=-2 3 -4 -5
leaf_value=-0.0027786066118113887 0.026374754929318862 -0.028079725732518015 0.022136816567767472 0.00031696969975823753
leaf_weight=36.507632832974195 12.400316715240477 18.169698759913448 9.2525132447481138 2.3469518274068824
leaf_count=349 50 120 31 9
internal_value=0 -0.00579255 0.00269596 -0.0239296
internal_weight=78.6771 66.2768 45.7601 20.5167
internal_count=559 509 380 129
is_linear=0
shrinkage=0.03


Tree=46
num_leaves=7
num_cat=0
split_feature=21 24 24 20 2 24
split_gain=9.89749 6.9003 4.13115 3.36309 3.35577 0.802411
threshold=1.0000000180025095e-35 0.98241700000000021 0.96561050000000004 0.0062210000000000008 0.58947350000000009 0.9215230000000002
decision_type=10 2 2 8 10 2
left_child=1 5 -2 -3 -4 -1
right_child=2 3 4 -5 -6 -7
leaf_value=0 -0.0092989151260426482 -0.013434713075775881 0.018854501915798634 0.010473911880299664 -0.0043402189872379969 -0.020419967994776814
leaf_weight=1.1484806612134004 3.7567626535892478 3.9768149852752712 27.636429667472843 14.719906300306318 3.2671267986297599 22.921649713069201
leaf_count=9 20 29 106 132 17 235
internal_value=0 -0.00941009 0.0113542 0.00285136 0.0153504 -0.019303
internal_weight=77.4272 42.7669 34.6603 18.6967 30.9036 24.0701
internal_count=548 405 143 161 123 244
is_linear=0
shrinkage=0.03


Tree=47
num_leaves=4
num_cat=0
split_feature=3 25 18
split_gain=15.1661 8.26636 5.29251
threshold=1.0000000180025095e-35 0.58551750000000002 0.32118050000000004
decision_type=10 2 8
left_child=1 -1 -3
right_child=-2 2 -4
leaf_value=-0.02747258061637891 0.026061840358927019 -0.010055303805354059 0.0078328689794036708
leaf_weight=10.952923141419886 12.504437148571013 26.871991783380508 25.960857786238194
leaf_count=125 52 133 241
internal_value=-0.000287223 -0.0068405 -0.000779565
internal_weight=76.2902 63.7858 52.8328
internal_count=551 499 374
is_linear=0
shrinkage=0.03


Tree=48
num_leaves=7
num_cat=0
split_feature=23 23 9 17 2 20
split_gain=8.02353 6.29811 5.36098 2.45129 2.33108 1.03343
threshold=0.0049875000000000015 0.48883750000000009 1.0000000180025095e-35 0.43166150000000009 0.47222200000000009 0.055544500000000004
decision_type=8 8 10 8 10 10
left_child=2 4 3 -1 -2 -3
right_child=1 5 -4 -5 -6 -7
leaf_value=-0.027459598802207878 0.020530469956619689 0.00080552389799250993 0.00843511993755801 0 0 -0.0098976366321346411
leaf_weight=11.540275067090988 22.208638623356823 25.828849140554667 3.6588599681854239 2.9682103395462045 4.0276730060577384 6.8683099597692481
leaf_count=86 84 300 16 18 18 35
internal_value=0.00111674 0.00685995 -0.0144283 -0.022365 0.0170785 -0.00124521
internal_weight=77.1008 58.9335 18.1673 14.5085 26.2363 32.6972
internal_count=557 437 120 104 102 335
is_linear=0
shrinkage=0.03


Tree=49
num_leaves=6
num_cat=0
split_feature=25 4 18 23 15
split_gain=13.5032 8.97423 8.6062 3.46615 1.09422
threshold=0.59491450000000012 1.0000000180025095e-35 0.32118050000000004 0.82762200000000008 0.23030150000000002
decision_type=2 8 10 8 10
left_child=4 2 -2 -3 -1
right_child=1 3 -4 -5 -6
leaf_value=-0.028483596302493808 -0.014005945230071043 0.028307653665518118 0.016971320862566541 0.005189458269209685 0
leaf_weight=10.796692624688145 24.594288498163223 11.616269811987879 7.9455765634775153 19.581387404352427 0.90193067491054613
leaf_count=128 127 46 29 214 5
internal_value=0 0.00539748 -0.00480371 0.0164028 -0.026354
internal_weight=75.4361 63.7375 32.5399 31.1977 11.6986
internal_count=549 416 156 260 133
is_linear=0
shrinkage=0.03


Tree=50
num_leaves=5
num_cat=0
split_feature=3 17 25 5
split_gain=13.4407 12.4631 5.66407 1.45301
threshold=1.0000000180025095e-35 0.10894200000000002 0.59491450000000012 1.5000000000000002
decision_type=10 8 2 10
left_child=1 3 -3 -1
right_child=-2 2 -4 -5
leaf_value=-0.02878654459971168 0.025968305834901423 -0.017605259213600337 0.0072131287668069539 0
leaf_weight=13.688200704753401 12.550422713160513 6.7546695210039607 43.071078289300203 3.0389176905155173
leaf_count=96 53 91 316 13
internal_value=0.000455557 -0.00483683 0.00247196 -0.0251937
internal_weight=79.1033 66.5529 49.8257 16.7271
internal_count=569 516 407 109
is_linear=0
shrinkage=0.03


Tree=51
num_leaves=5
num_cat=0
split_feature=4 18 24 24
split_gain=12.0517 9.35954 7.88786 1.67163
threshold=1.0000000180025095e-35 0.12082150000000001 0.97711000000000015 0.98864800000000008
decision_type=10 8 2 2
left_child=1 3 -3 -1
right_child=-2 2 -4 -5
leaf_value=-0.023525029999000104 0.024116679636826094 -0.010371966815019239 0.013998098423688236 0
leaf_weight=16.316615499556068 13.582345262169836 17.031423702836037 24.870941214263439 5.1091287657618514
leaf_count=105 57 159 199 31
internal_value=0.000983689 -0.00439186 0.00339347 -0.0193926
internal_weight=76.9105 63.3281 41.9024 21.4257
internal_count=551 494 358 136
is_linear=0
shrinkage=0.03


Tree=52
num_leaves=6
num_cat=0
split_feature=4 22 24 5 23
split_gain=12.0216 12.0853 5.70425 3.02944 0.237673
threshold=1.0000000180025095e-35 0.040069000000000007 0.96561050000000004 4.5000000000000009 0.41467200000000004
decision_type=10 8 2 10 8
left_child=1 3 -3 -1 -2
right_child=4 2 -4 -5 -6
leaf_value=-0.026647689887799791 0.025000384939478624 -0.018332583553426294 0.0076225778894390018 0.00093962338983412429 0
leaf_weight=19.198861204087738 10.720901280641552 6.0373254418373099 38.172631185501814 1.6099767088890065 2.2059418559074411
leaf_count=137 45 67 309 6 10
internal_value=-0.000174385 -0.00601382 0.00250295 -0.0234038 0.0229133
internal_weight=77.9456 65.0188 44.21 20.8088 12.9268
internal_count=574 519 376 143 55
is_linear=0
shrinkage=0.03


Tree=53
num_leaves=7
num_cat=0
split_feature=25 24 21 3 16 16
split_gain=15.2391 6.64443 3.94793 1.92939 1.6893 1.21979
threshold=0.71372150000000012 0.97677500000000006 0.20346050000000002 1.0000000180025095e-35 0.2981970000000001 0.21752250000000004
decision_type=2 2 10 10 10 8
left_child=2 5 3 -1 -3 -2
right_child=1 4 -4 -5 -6 -7
leaf_value=-0.019250731717658964 -0.015971640567666999 0.020741363825423329 0.0076358158098750028 7.0025841961944332e-05 0 0
leaf_weight=31.018221218138933 3.3112357258796665 27.283997468650345 3.1631118804216376 1.8630549162626255 2.7269502133131018 6.1466533839702615
leaf_count=298 19 168 12 8 12 48
internal_value=-0.000140116 0.0119258 -0.0140219 -0.0174056 0.0186711 -0.00641172
internal_weight=75.5132 39.4688 36.0444 32.8813 30.0109 9.45789
internal_count=565 247 318 306 180 67
is_linear=0
shrinkage=0.03


Tree=54
num_leaves=5
num_cat=0
split_feature=3 22 2 16
split_gain=11.8078 7.79652 4.54605 2.3285
threshold=1.0000000180025095e-35 0.040069000000000007 1.0000000180025095e-35 0.18486350000000004
decision_type=10 8 10 10
left_child=1 3 -3 -1
right_child=-2 2 -4 -5
leaf_value=-0.024663614929186714 0.026047521538629364 -0.003058598598072065 0.015340753845322391 -0.00023238407343683214
leaf_weight=12.711631372570993 11.562168046832083 29.908487007021904 14.929103203117846 7.932606227695941
leaf_count=93 51 320 58 44
internal_value=0.00129497 -0.00358714 0.00301838 -0.0177653
internal_weight=77.044 65.4818 44.8376 20.6442
internal_count=566 515 378 137
is_linear=0
shrinkage=0.03


Tree=55
num_leaves=5
num_cat=0
split_feature=3 2 2 24
split_gain=10.6636 5.98466 6.21053 3.41163
threshold=1.0000000180025095e-35 0.32575750000000009 1.0000000180025095e-35 0.98999250000000016
decision_type=10 10 10 2
left_child=1 2 -1 -3
right_child=-2 3 -4 -5
leaf_value=-0.0055567044945306352 0.023413005164395984 -0.025384232535503259 0.019670557217435766 0
leaf_weight=34.257374666631222 10.268766671419142 13.778497017920019 8.4725442975759488 4.6574422717094413
leaf_count=342 46 92 29 30
internal_value=-0.000645463 -0.00605784 0 -0.0190031
internal_weight=71.4346 61.1659 42.7299 18.4359
internal_count=539 493 371 122
is_linear=0
shrinkage=0.03


Tree=56
num_leaves=6
num_cat=0
split_feature=21 25 9 2 18
split_gain=14.6873 4.72475 2.40392 2.20378 1.21238
threshold=1.0000000180025095e-35 0.58551750000000002 8.1715810000000015 0.58947350000000009 0.27392750000000005
decision_type=8 2 10 10 10
left_child=2 -2 4 -3 -1
right_child=1 3 -4 -5 -6
leaf_value=-0.027863845485508736 -0.015250317070446143 0.012775548229899068 0.00014882539011574841 -0.0052684770748771155 0
leaf_weight=13.954651132225996 3.5527690127491942 45.168133210390806 1.4721689298748959 2.8006490617990485 3.4097755327820769
leaf_count=110 63 321 7 16 19
internal_value=-0.000140155 0.00779292 -0.021302 0.0108854 -0.0243478
internal_weight=70.3581 51.5216 18.8366 47.9688 17.3644
internal_count=536 400 136 337 129
is_linear=0
shrinkage=0.03


Tree=57
num_leaves=5
num_cat=0
split_feature=3 21 18 17
split_gain=9.8504 7.46069 4.05979 1.61081
threshold=1.0000000180025095e-35 0.00092500000000000015 0.32118050000000004 0.10894200000000002
decision_type=10 8 10 10
left_child=1 3 -3 -1
right_child=-2 2 -4 -5
leaf_value=-0.026561422209293636 0.024017596755431175 -0.0006514154754679451 0.020730019410414049 -0.0035747775606132281
leaf_weight=8.8734714984893817 11.23695035278797 39.753788873553276 6.3320043534040442 9.6480870991945249
leaf_count=75 52 352 21 59
internal_value=0.00110279 -0.00332787 0.00276255 -0.0181488
internal_weight=75.8443 64.6074 46.0858 18.5216
internal_count=559 507 373 134
is_linear=0
shrinkage=0.03


Tree=58
num_leaves=6
num_cat=0
split_feature=25 3 2 4 18
split_gain=10.2326 5.01927 7.10709 2.85329 2.49464
threshold=0.63422450000000008 1.0000000180025095e-35 0.32575750000000009 1.0000000180025095e-35 0.32726500000000008
decision_type=2 10 10 10 10
left_child=3 2 -2 4 -1
right_child=1 -3 -4 -5 -6
leaf_value=-0.025413541906778244 0.0097589716245144332 0.025549196574848408 -0.014475521438270016 0.0057160743812971811 0
leaf_weight=12.512744922190903 37.265701629221439 9.6411575525999051 11.420415900647638 1.1583443284034718 2.2930995747447005
leaf_count=155 263 45 65 4 12
internal_value=0.00205592 0.00827006 0.00298356 -0.016783 -0.0208945
internal_weight=74.2915 58.3273 48.6861 15.9642 14.8058
internal_count=544 373 328 171 167
is_linear=0
shrinkage=0.03


Tree=59
num_leaves=5
num_cat=0
split_feature=3 17 24 18
split_gain=10.196 5.07539 7.25641 3.10494
threshold=1.0000000180025095e-35 0.10894200000000002 0.97677500000000006 0.17406150000000001
decision_type=10 8 2 8
left_child=1 3 -3 -1
right_child=-2 2 -4 -5
leaf_value=-0.02587611269027891 0.023996387068934425 -0.012594490739631842 0.0097580911668913341 0
leaf_weight=10.694930598139759 9.7975907176732999 20.475896198302507 26.478957362473011 3.7028547003865251
leaf_count=79 46 187 214 17
internal_value=-5.33202e-05 -0.0052997 0 -0.0191427
internal_weight=71.1502 61.3526 46.9549 14.3978
internal_count=543 497 401 96
is_linear=0
shrinkage=0.03


Tree=60
num_leaves=5
num_cat=0
split_feature=3 23 23 24
split_gain=10.2719 5.98173 3.47719 2.29476
threshold=1.0000000180025095e-35 0.0078600000000000024 0.24831400000000003 0.98931000000000013
decision_type=10 8 8 2
left_child=1 3 -3 -1
right_child=-2 2 -4 -5
leaf_value=-0.025279233444489208 0.025453650339214953 0.013523049074811465 -0.0031625672285974633 0
leaf_weight=10.106305062770842 9.7823988348245603 12.301311373710631 35.840521115809679 5.1847318634390822
leaf_count=82 47 46 352 34
internal_value=0.00052101 -0.00384824 0.00105754 -0.0185738
internal_weight=73.2153 63.4329 48.1418 15.291
internal_count=561 514 398 116
is_linear=0
shrinkage=0.03


Tree=61
num_leaves=7
num_cat=0
split_feature=21 24 25 4 2 24
split_gain=9.76406 12.191 4.92064 2.53686 1.88666 0.626053
threshold=0.11378600000000001 0.98241700000000021 0.58551750000000002 1.0000000180025095e-35 1.0000000180025095e-35 0.98441900000000004
decision_type=10 2 2 8 10 2
left_child=1 3 -3 -1 5 -2
right_child=4 2 -4 -5 -6 -7
leaf_value=-0.025188819900418588 0.0080203654291345731 -0.014831699602171405 0.013703885604499196 -0.0032713023356767254 0.028103451846671477 -0.0027256790508102709
leaf_weight=16.843584455549721 6.9660407453775424 3.255380459129813 24.071894567459822 12.257104527205227 8.2380918189883214 1.8617193996906278
leaf_count=119 28 43 167 159 30 10
internal_value=0.000666382 -0.00507396 0.00818446 -0.0180603 0.0190627 0.00310116
internal_weight=73.4938 56.428 27.3273 29.1007 17.0659 8.82776
internal_count=556 488 210 278 68 38
is_linear=0
shrinkage=0.03


Tree=62
num_leaves=7
num_cat=0
split_feature=25 3 19 25 24 24
split_gain=9.46984 4.77852 3.17442 2.15338 2.16087 1.46376
threshold=0.7008795000000001 1.0000000180025095e-35 0.17848950000000002 0.58551750000000002 0.96426450000000019 0.97711000000000015
decision_type=2 8 10 2 2 2
left_child=3 2 -2 -1 -5 -3
right_child=1 5 -4 4 -6 -7
leaf_value=-0.022834343937603495 -0.011432719533814377 0 0.0091221898297661596 -0.019586219102499757 0 0.021880071443287255
leaf_weight=9.5557793714106101 10.628443256020548 5.0678459331393269 9.9557794183492643 3.0860397815704372 18.872014164924622 16.091597229242325
leaf_count=125 52 49 41 31 140 126
internal_value=0 0.00887502 -0.000323313 -0.0120345 -0.00395273 0.017994
internal_weight=73.2575 41.7437 20.5842 31.5138 21.9581 21.1594
internal_count=564 268 93 296 171 175
is_linear=0
shrinkage=0.03


Tree=63
num_leaves=7
num_cat=0
split_feature=25 20 20 18 23 25
split_gain=9.74149 3.28827 3.55835 3.5362 2.66643 0.515186
threshold=0.63422450000000008 0.27475150000000004 0.019577000000000004 0.2590360000000001 0.0070730000000000003 0.61577900000000008
decision_type=2 10 8 8 10 2
left_child=4 2 -2 -3 5 -1
right_child=1 3 -4 -5 -6 -7
leaf_value=-0.024370308394284963 -0.0078899584936912796 -0.02006446789875823 0.013581171994779557 0.0077346137392531227 0 0
leaf_weight=11.237039551138874 4.2863896042108527 4.8389989733695957 43.488769095391035 4.3174821734428415 3.6979191377758971 0.97218878567218858
leaf_count=151 24 29 309 18 19 10
internal_value=0.00116079 0.00739501 0.0107116 -0.00581479 -0.0171979 -0.022923
internal_weight=72.8388 56.9316 47.7752 9.15648 15.9071 12.2092
internal_count=560 380 333 47 180 161
is_linear=0
shrinkage=0.03


Tree=64
num_leaves=7
num_cat=0
split_feature=24 4 18 4 20 16
split_gain=9.17894 4.41902 7.77105 2.55393 0.320846 0.104814
threshold=0.96561050000000004 1.0000000180025095e-35 0.12082150000000001 1.5000000000000002 0.030737000000000004 0.19850750000000003
decision_type=2 10 8 10 8 8
left_child=3 2 -2 4 -1 -3
right_child=1 5 -4 -5 -6 -7
leaf_value=0 -0.012955025419701872 0.023679292862320431 0.0099367656627201619 0.0021470989440864861 -0.026666294998368572 0
leaf_weight=0.95175047963857373 16.968370527029037 8.7990678548812831 35.50018385052681 1.0002564787864674 8.6653194949030876 1.9203154146671302
leaf_count=6 111 43 301 4 95 9
internal_value=0.00148104 0.0063908 0.00169243 -0.0205064 -0.0251906 0.0218025
internal_weight=73.8053 63.1879 52.4686 10.6173 9.61707 10.7194
internal_count=569 464 412 105 101 52
is_linear=0
shrinkage=0.03


Tree=65
num_leaves=5
num_cat=0
split_feature=4 18 25 21
split_gain=11.6433 9.64783 6.78513 1.84252
threshold=1.0000000180025095e-35 0.092983500000000011 0.64227900000000016 0.13168750000000004
decision_type=10 8 2 10
left_child=1 3 -3 -1
right_child=-2 2 -4 -5
leaf_value=-0.026824579023972797 0.024490590512179507 -0.016549793972464741 0.0088115433206654471 0
leaf_weight=13.306730799376966 11.835480362176893 9.3852195776998979 34.436794362962246 3.0163160413503638
leaf_count=105 56 128 261 13
internal_value=0.000226717 -0.00500958 0.00202689 -0.0228346
internal_weight=71.9805 60.1451 43.822 16.323
internal_count=563 507 389 118
is_linear=0
shrinkage=0.03


Tree=66
num_leaves=6
num_cat=0
split_feature=24 19 16 4 5
split_gain=6.52445 4.90471 3.76466 3.13726 1.7828
threshold=0.97677500000000006 0.0041160000000000007 0.38103000000000004 1.0000000180025095e-35 1.5000000000000002
decision_type=2 8 10 10 10
left_child=3 -2 -3 4 -1
right_child=1 2 -4 -5 -6
leaf_value=-0.017303893310115177 -0.015607295701338335 0.013774366542217214 -0.011495029497356216 0.0088545973700958468 0
leaf_weight=21.384092643857009 3.7625561207532874 39.127053163945675 2.4684017226099959 2.6023064851760855 2.8984734863042823
leaf_count=210 38 276 14 11 12
internal_value=9.62414e-05 0.00727633 0.0109297 -0.010528 -0.01445
internal_weight=72.2429 45.358 41.5955 26.8849 24.2826
internal_count=561 328 290 233 222
is_linear=0
shrinkage=0.03


Tree=67
num_leaves=6
num_cat=0
split_feature=4 2 2 24 20
split_gain=10.2703 4.21326 6.62141 3.9357 1.00737
threshold=1.0000000180025095e-35 0.32575750000000009 1.0000000180025095e-35 0.98850850000000012 0.24938600000000002
decision_type=10 10 10 2 10
left_child=1 2 -1 -3 -2
right_child=4 3 -4 -5 -6
leaf_value=-0.0071275595489877419 0.023679263153670565 -0.025673265702438542 0.018761092442701952 0 0
leaf_weight=34.314766068011522 10.276371628046034 12.33063678443432 8.567254886031149 5.871697522699832 2.1323672533035269
leaf_count=347 51 90 31 39 10
internal_value=-0.000974958 -0.00658453 -0.000412991 -0.0175932 0.0205979
internal_weight=73.4931 61.0844 42.882 18.2023 12.4087
internal_count=568 507 378 129 61
is_linear=0
shrinkage=0.03


Tree=68
num_leaves=5
num_cat=0
split_feature=3 17 24 16
split_gain=7.96837 5.40378 6.53851 1.79585
threshold=1.0000000180025095e-35 0.10894200000000002 0.97204800000000013 0.33583300000000005
decision_type=10 8 2 8
left_child=1 3 -3 -1
right_child=-2 2 -4 -5
leaf_value=-0.023003753929933219 0.021392776340578592 -0.015346826821398749 0.0075074882713479689 0
leaf_weight=12.071714267134663 9.4086210429668409 13.237431723624466 33.555205732584 2.6773829087615022
leaf_count=89 49 136 272 13
internal_value=-0.000206406 -0.00481423 0 -0.0189285
internal_weight=70.9504 61.5417 46.7926 14.7491
internal_count=559 510 408 102
is_linear=0
shrinkage=0.03


Tree=69
num_leaves=5
num_cat=0
split_feature=3 18 23 17
split_gain=8.74195 7.60897 4.56152 3.70987
threshold=1.0000000180025095e-35 0.29495000000000005 0.52579900000000002 0.10894200000000002
decision_type=10 8 8 10
left_child=1 3 -3 -1
right_child=-2 2 -4 -5
leaf_value=-0.02821705545154617 0.022429135228237727 0.021042059403667976 -0.0019317409262642076 -0.0040797341076014865
leaf_weight=10.860316783189775 9.0410938262939435 7.4795299544930485 21.869884114712477 18.103801518678665
leaf_count=87 49 28 269 96
internal_value=-0.000492579 -0.00545926 0.00440406 -0.0158676
internal_weight=67.3546 58.3135 29.3494 28.9641
internal_count=529 480 297 183
is_linear=0
shrinkage=0.03


Tree=70
num_leaves=6
num_cat=0
split_feature=25 24 23 4 18
split_gain=8.42548 4.09338 2.786 2.24137 1.25165
threshold=0.67342200000000008 0.95943100000000014 0.0078600000000000024 1.0000000180025095e-35 0.14532350000000002
decision_type=2 2 8 10 10
left_child=3 -2 -3 4 -1
right_child=1 2 -4 -5 -6
leaf_value=-0.020556921494873783 -0.014834802450866224 -0.0016906449399286076 0.014008571716719129 0.0039268708409565985 0
leaf_weight=15.1689242720604 2.9422459453344336 8.5554133728146535 36.876853857189417 2.0226224064826956 5.5926571488380423
leaf_count=199 25 51 248 8 32
internal_value=0.000217078 0.00760941 0.0105112 -0.0133737 -0.0166047
internal_weight=71.1587 48.3745 45.4323 22.7842 20.7616
internal_count=563 324 299 239 231
is_linear=0
shrinkage=0.03


Tree=71
num_leaves=5
num_cat=0
split_feature=25 24 2 24
split_gain=5.62185 5.0622 4.05362 1.53021
threshold=0.58551750000000002 0.95943100000000014 0.32575750000000009 0.94721050000000007
decision_type=2 2 10 2
left_child=3 -2 -3 -1
right_child=1 2 -4 -5
leaf_value=0 -0.01959415329536331 0.011192484082406098 -0.0045555785761212594 -0.023576377939595609
leaf_weight=0.98199541866779139 4.5606212578713885 40.154315665364265 17.038936950266361 7.6505807563662529
leaf_count=9 44 294 102 113
internal_value=-0.000222253 0.0028349 0.00600923 -0.0197619
internal_weight=70.3865 61.7539 57.1933 8.63258
internal_count=562 440 396 122
is_linear=0
shrinkage=0.03


Tree=72
num_leaves=7
num_cat=0
split_feature=25 24 5 16 24 22
split_gain=8.91015 5.64 3.60181 1.94532 1.18579 0.96119
threshold=0.7008795000000001 0.97677500000000006 1.5000000000000002 0.38103000000000004 0.91100550000000013 0.41336450000000008
decision_type=2 2 10 10 2 10
left_child=2 5 4 -3 -1 -2
right_child=1 3 -4 -5 -6 -7
leaf_value=0 -0.011081905879242463 0.017994592736763911 0.007144658681259115 -0.0010450259461586664 -0.017052587525326002 0.0021716444883181632
leaf_weight=0.8020540364086689 8.7183990702033025 27.090056300163273 3.9476298242807379 1.9577558934688557 26.075865052640438 1.7360867857933033
leaf_count=6 71 177 15 9 279 6
internal_value=0 0.00909834 -0.0115351 0.0157976 -0.0157247 -0.00665779
internal_weight=70.3278 39.5023 30.8255 29.0478 26.8779 10.4545
internal_count=563 263 300 186 285 77
is_linear=0
shrinkage=0.03


Tree=73
num_leaves=5
num_cat=0
split_feature=3 18 22 24
split_gain=7.66896 5.63725 4.46106 2.06239
threshold=1.0000000180025095e-35 0.29495000000000005 0.056101000000000005 0.98241700000000021
decision_type=10 8 10 2
left_child=1 3 -3 -1
right_child=-2 2 -4 -5
leaf_value=-0.020828777891978838 0.020924879699200899 -0.0020524124052989025 0.021723556289135314 -0.0020282079559975552
leaf_weight=15.504045292735102 9.2904035449027997 24.43009173497558 6.0264112278819075 13.896978020668028
leaf_count=112 51 293 22 79
internal_value=-0.000314966 -0.00493019 0.00328151 -0.0138788
internal_weight=69.1479 59.8575 30.4565 29.401
internal_count=557 506 315 191
is_linear=0
shrinkage=0.03


Tree=74
num_leaves=5
num_cat=0
split_feature=3 5 2 17
split_gain=9.17023 5.41595 4.05185 3.44247
threshold=1.0000000180025095e-35 1.5000000000000002 0.70833350000000006 0.10894200000000002
decision_type=10 8 8 10
left_child=1 3 -3 -1
right_child=-2 2 -4 -5
leaf_value=-0.026042318809127545 0.023025652685683445 0.017860641405125482 -0.0030920465073611607 -0.0027814009510201501
leaf_weight=10.42231308668852 9.6333363652229291 8.4929702728986758 22.789630010724068 17.500895000994205
leaf_count=91 53 30 289 101
internal_value=0 -0.00500018 0.00278652 -0.0141179
internal_weight=68.8391 59.2058 31.2826 27.9232
internal_count=564 511 319 192
is_linear=0
shrinkage=0.03


Tree=75
num_leaves=6
num_cat=0
split_feature=25 21 15 22 15
split_gain=7.56686 2.76091 6.16659 2.52708 1.05149
threshold=0.59491450000000012 0.12386950000000001 0.091057000000000013 0.34860600000000003 0.25245100000000004
decision_type=2 10 10 8 10
left_child=4 2 -2 -3 -1
right_child=1 3 -4 -5 -6
leaf_value=-0.024103482794786805 0.0053388453786514557 0.020173519505397031 -0.018837486394515875 -0.0016724933229533326 0
leaf_weight=9.3737874887883628 35.603252045810223 10.17577704787254 9.5393929779529554 3.1925474554300317 0.79975020140409547
leaf_count=140 303 43 59 15 5
internal_value=-0.000857063 0.00317555 -2.36486e-06 0.0137732 -0.0217686
internal_weight=68.6845 58.511 45.1426 13.3683 10.1735
internal_count=565 420 362 58 145
is_linear=0
shrinkage=0.03


Tree=76
num_leaves=6
num_cat=0
split_feature=24 19 7 23 21
split_gain=6.52023 4.59811 1.44441 1.3029 0.645724
threshold=0.97204800000000013 0.0041160000000000007 8.0568855000000017 0.0049875000000000015 0.29268650000000002
decision_type=2 8 10 8 10
left_child=2 -2 4 -3 -1
right_child=1 3 -4 -5 -6
leaf_value=-0.017927514985298629 -0.01607418060331561 0 0 0.011221167827195696 0
leaf_weight=14.899295248091221 3.8888345584273329 7.4548977091908446 2.0914898514747611 40.932729307562113 0.98277136683464128
leaf_count=159 43 49 10 310 4
internal_value=0.000240298 0.00601633 -0.0135866 0.00921027 -0.0165496
internal_weight=70.25 52.2765 17.9736 48.3876 15.8821
internal_count=575 402 173 359 163
is_linear=0
shrinkage=0.03


Tree=77
num_leaves=5
num_cat=0
split_feature=4 2 2 24
split_gain=9.23561 6.78796 5.56705 3.62017
threshold=1.0000000180025095e-35 0.32575750000000009 1.0000000180025095e-35 0.98864800000000008
decision_type=10 10 10 2
left_child=1 2 -1 -3
right_child=-2 3 -4 -5
leaf_value=-0.0029503596088769892 0.023552748970088144 -0.026917387974497099 0.020799690730177848 0
leaf_weight=33.572915267199278 10.517063304781912 10.824973084032534 8.3390929996967298 5.0278543680906287
leaf_count=346 56 85 31 37
internal_value=0.000832623 -0.00376884 0.00218085 -0.018934
internal_weight=68.2819 57.7648 41.912 15.8528
internal_count=555 499 377 122
is_linear=0
shrinkage=0.03


Tree=78
num_leaves=4
num_cat=0
split_feature=3 23 22
split_gain=4.61198 5.27286 2.72971
threshold=1.0000000180025095e-35 0.0049875000000000015 0.041865000000000006
decision_type=10 8 8
left_child=1 -1 -3
right_child=-2 2 -4
leaf_value=-0.018317204460063474 0.018708022941761073 -0.010400989194566236 0.0057950570579895595
leaf_weight=11.780575521290301 7.8078178614377967 8.4364027604460698 38.101075708866119
leaf_count=105 45 45 347
internal_value=0.000299269 -0.00247082 0.00180133
internal_weight=66.1259 58.3181 46.5375
internal_count=542 497 392
is_linear=0
shrinkage=0.03


Tree=79
num_leaves=6
num_cat=0
split_feature=4 18 24 23 23
split_gain=9.51213 7.67408 6.51717 2.08533 0.772172
threshold=1.0000000180025095e-35 0.062256500000000013 0.98241700000000021 0.82762200000000008 0.57592050000000017
decision_type=10 8 2 8 8
left_child=1 3 -3 -1 -2
right_child=4 2 -4 -5 -6
leaf_value=-0.026548938335970461 0.02524006085712692 -0.0084233923137369635 0.013241399175298197 0 0
leaf_weight=11.610823564231392 9.1130073964595759 24.646902423352003 19.403125960379839 1.4684953019022948 1.7569949030876166
leaf_count=101 50 237 157 8 9
internal_value=0 -0.00505939 0.000717705 -0.0228856 0.0225001
internal_weight=67.9993 57.1293 44.05 13.0793 10.87
internal_count=562 503 394 109 59
is_linear=0
shrinkage=0.03


Tree=80
num_leaves=5
num_cat=0
split_feature=3 23 21 24
split_gain=6.30359 4.56041 3.38256 2.46152
threshold=1.0000000180025095e-35 0.0049875000000000015 0.11378600000000001 0.98931000000000013
decision_type=10 8 10 2
left_child=1 3 -3 -1
right_child=-2 2 -4 -5
leaf_value=-0.025677397699114101 0.020301201059166697 -0.0043710443223812434 0.013128557814865376 0
leaf_weight=8.611087813973425 7.589932069182395 36.644630029797554 10.267961546778677 3.7836397215723983
leaf_count=86 45 360 39 28
internal_value=-0.000622433 -0.00463019 0 -0.0187984
internal_weight=66.8973 59.3073 46.9126 12.3947
internal_count=558 513 399 114
is_linear=0
shrinkage=0.03


Tree=81
num_leaves=7
num_cat=0
split_feature=25 20 22 20 3 21
split_gain=6.32894 3.04108 2.30447 1.69173 1.31082 1.08172
threshold=0.6488520000000001 0.24733750000000002 0.040069000000000007 0.023504500000000005 1.0000000180025095e-35 0.10762700000000001
decision_type=2 10 10 8 10 8
left_child=2 3 4 -2 -1 -3
right_child=1 5 -4 -5 -6 -7
leaf_value=-0.021039185601697145 -0.0012398792457784052 -0.010906884436391441 0.0023675406688159354 0.01297511814047155 0 0.0032354831864190251
leaf_weight=11.574456892907618 4.1778537407517424 7.2814679816365215 2.7288782745599738 35.888985507190228 1.0635809898376454 2.7505070865154275
leaf_count=168 25 43 15 272 5 11
internal_value=0.00144014 0.00700875 -0.0132606 0.0108132 -0.0183603 -0.00487517
internal_weight=65.4657 50.0988 15.3669 40.0668 12.638 10.032
internal_count=539 351 188 297 173 54
is_linear=0
shrinkage=0.03


Tree=82
num_leaves=7
num_cat=0
split_feature=25 24 21 21 22 22
split_gain=8.04884 3.60698 2.82117 1.70408 0.987758 0.870041
threshold=0.69205000000000017 0.97677500000000006 0.062116500000000012 0.29816800000000004 0.31478650000000002 0.13270100000000004
decision_type=2 2 10 10 10 10
left_child=2 3 5 -2 -3 -1
right_child=1 4 -4 -5 -6 -7
leaf_value=-0.017898620515284808 -0.010273332809978013 0.015745008396942341 0.0027672929622409824 0.0089759499126037066 0 0
leaf_weight=20.517520532011993 9.0346023365855199 25.035115964710716 5.0967005789279929 2.1966337561607352 2.142704725265502 1.5876365676522244
leaf_count=253 76 175 23 8 10 8
internal_value=0 0.00846889 -0.011896 -0.00330194 0.014172 -0.0163985
internal_weight=65.6109 38.4091 27.2019 11.2312 27.1778 22.1052
internal_count=553 269 284 84 185 261
is_linear=0
shrinkage=0.03


Tree=83
num_leaves=5
num_cat=0
split_feature=3 21 23 24
split_gain=4.9798 4.84434 3.31352 2.53333
threshold=1.0000000180025095e-35 0.11378600000000001 0.014006000000000003 0.98850850000000012
decision_type=10 8 10 2
left_child=1 3 -3 -1
right_child=-2 2 -4 -5
leaf_value=-0.016982261127408256 0.0197005492115623 -0.0015746361078388448 0.015908473487023546 0.00028404152165916835
leaf_weight=19.442014724016193 7.4006775915622702 23.134864877909422 10.949060872197149 6.5094678550958625
leaf_count=142 45 295 41 42
internal_value=0.000102779 -0.00265977 0.00406525 -0.0120344
internal_weight=67.4361 60.0354 34.0839 25.9515
internal_count=565 520 336 184
is_linear=0
shrinkage=0.03


Tree=84
num_leaves=5
num_cat=0
split_feature=3 17 21 7
split_gain=6.49756 4.21648 2.54036 1.27741
threshold=1.0000000180025095e-35 0.14858100000000002 0.13168750000000004 1.0000000180025095e-35
decision_type=10 8 10 10
left_child=1 2 -1 -3
right_child=-2 3 -4 -5
leaf_value=-0.019935661781970832 0.021423506325298675 0.0039400913865172259 0.00060535390036248172 -0.011199652783895283
leaf_weight=13.295928355306389 8.609581381082533 39.087826289236546 3.8619763329625121 2.0809744521975508
leaf_count=108 53 369 16 11
internal_value=0.000528002 -0.00296431 -0.0144219 0.00178689
internal_weight=66.9363 58.3267 17.1579 41.1688
internal_count=557 504 124 380
is_linear=0
shrinkage=0.03


Tree=85
num_leaves=6
num_cat=0
split_feature=3 21 0 11 17
split_gain=7.05883 6.82479 3.79995 3.41864 0.347439
threshold=1.0000000180025095e-35 0.11378600000000001 1.0000000180025095e-35 1.0000000180025095e-35 0.18365800000000002
decision_type=10 8 10 10 8
left_child=1 3 -3 -1 -2
right_child=4 2 -4 -5 -6
leaf_value=-0.019823245250359046 0.021584814879070748 -0.001182762351906685 0.022008571997483115 0.007372700604093077 0
leaf_weight=23.892312198877338 7.4046413153409931 26.689778991043571 4.6040272414684287 1.5736112296581257 1.3930612504482276
leaf_count=182 47 307 16 5 9
internal_value=-0.00110611 -0.00564151 0.00298123 -0.0164889 0.0196058
internal_weight=65.5574 56.7597 31.2938 25.4659 8.7977
internal_count=566 510 323 187 56
is_linear=0
shrinkage=0.03


Tree=86
num_leaves=5
num_cat=0
split_feature=4 23 19 17
split_gain=6.10079 4.51017 4.80946 1.35203
threshold=1.0000000180025095e-35 0.0078600000000000024 0.081252500000000019 0.43166150000000009
decision_type=10 8 10 8
left_child=1 3 -3 -1
right_child=-2 2 -4 -5
leaf_value=-0.020822089111966105 0.020480124432436003 -0.0053996604882851594 0.01358898144277864 0
leaf_weight=9.8821521438658202 9.2594816908240301 27.050396010279655 16.259859561920166 1.943052954971791
leaf_count=99 54 317 70 16
internal_value=0.000980078 -0.00266659 0.00149988 -0.0171656
internal_weight=64.3949 55.1355 43.3103 11.8252
internal_count=556 502 387 115
is_linear=0
shrinkage=0.03


Tree=87
num_leaves=7
num_cat=0
split_feature=25 21 22 22 9 22
split_gain=6.32883 2.8886 2.03102 1.72748 1.09898 0.709398
threshold=0.6662125000000001 0.080088500000000021 0.040069000000000007 0.049533000000000008 7.7873875000000004 0.070410000000000014
decision_type=2 10 10 10 10 10
left_child=2 3 4 -2 -1 -3
right_child=1 5 -4 -5 -6 -7
leaf_value=-0.019805079929223181 0.0041282496190942469 0 0.0006148161198803678 -0.010854149450148131 0 0.019361825460085299
leaf_weight=14.518035382032396 26.521354995667934 2.31090123951435 3.1273744851350775 5.9261500388383856 1.0236356779932965 10.010904543101786
leaf_count=209 235 11 17 35 5 45
internal_value=0 0.00585814 -0.0136824 0 -0.0178113 0.0166334
internal_weight=63.4384 44.7693 18.669 32.4475 15.5417 12.3218
internal_count=557 326 231 270 214 56
is_linear=0
shrinkage=0.03


Tree=88
num_leaves=6
num_cat=0
split_feature=24 22 19 19 2
split_gain=3.39047 3.5266 2.44826 2.13351 0.902013
threshold=0.98241700000000021 0.008709500000000002 0.0021375000000000005 0.18768850000000001 1.0000000180025095e-35
decision_type=2 8 8 10 8
left_child=1 -1 -2 -3 -4
right_child=2 3 4 -5 -6
leaf_value=-0.022805235986967022 -0.010662082771985356 -0.0065196242230159754 0 0.0093041335730591375 0.012042464290168559
leaf_weight=6.3660434521734706 2.4638120383024242 18.875216610729698 4.8074382320046452 8.4541024193167669 22.845406029373407
leaf_count=70 30 201 27 40 182
internal_value=-0.000118056 -0.00680311 0.00639421 -0.000199401 0.00978737
internal_weight=63.812 33.6954 30.1167 27.3293 27.6528
internal_count=550 311 239 241 209
is_linear=0
shrinkage=0.03


Tree=89
num_leaves=6
num_cat=0
split_feature=4 21 17 2 18
split_gain=5.95951 3.93178 2.46688 2.19527 0.105405
threshold=1.0000000180025095e-35 0.090908500000000017 0.44580950000000003 1.0000000180025095e-35 0.17406150000000001
decision_type=10 8 10 10 8
left_child=1 2 -1 -3 -2
right_child=4 3 -4 -5 -6
leaf_value=-0.017922592072736974 0.021171698312592805 -0.0012143977364564849 0.0013344039375869014 0.015621983841443369 0
leaf_weight=17.462545648217205 7.0598242729902241 26.640705466270447 4.0769610032439223 5.4183228835463515 2.0987457484006891
leaf_count=140 41 312 27 22 12
internal_value=0 -0.00409521 -0.0133376 0.00186871 0.0190543
internal_weight=62.7571 53.5985 21.5395 32.059 9.15857
internal_count=554 501 167 334 53
is_linear=0
shrinkage=0.03


Tree=90
num_leaves=5
num_cat=0
split_feature=3 20 2 15
split_gain=5.76373 2.86374 1.18601 0.0726769
threshold=1.0000000180025095e-35 0.020705500000000005 0.32575750000000009 0.28213450000000001
decision_type=10 8 10 10
left_child=1 3 -3 -1
right_child=-2 2 -4 -5
leaf_value=-0.020919937439977571 0.020342438201627431 0.0021649775786965193 -0.0076646759257250861 0
leaf_weight=4.4563849940896025 8.036893852055071 37.743914343416691 11.918761286884545 0.91550530493259419
leaf_count=49 54 351 83 5
internal_value=7.2018e-05 -0.00326976 0 -0.0195441
internal_weight=63.0715 55.0346 49.6627 5.37189
internal_count=542 488 434 54
is_linear=0
shrinkage=0.03


Tree=91
num_leaves=7
num_cat=0
split_feature=25 22 21 17 17 9
split_gain=5.20528 1.88138 1.53234 1.37898 1.30265 0.350009
threshold=0.6662125000000001 0.046885500000000004 0.090908500000000017 0.11739550000000001 0.44580950000000003 7.7873875000000004
decision_type=2 10 10 10 8 10
left_child=1 5 4 -4 -2 -1
right_child=2 -3 3 -5 -6 -7
leaf_value=-0.018489456091889744 -0.0047909093989249316 0 0 0.018021686799421305 0.0060341653766439957 0
leaf_weight=13.285052198916674 15.211862467229365 3.7191810607910147 3.6326137110590926 8.532391317188738 17.767875742167234 0.83703788369894105
leaf_count=198 91 19 20 35 182 5
internal_value=-0.000142435 -0.0130677 0.00483851 0.0128509 0.000224165 -0.0175143
internal_weight=62.986 17.8413 45.1447 12.165 32.9797 14.1221
internal_count=550 222 328 55 273 203
is_linear=0
shrinkage=0.03


Tree=92
num_leaves=5
num_cat=0
split_feature=25 3 0 22
split_gain=5.61864 2.76652 1.50091 0.891777
threshold=0.59491450000000012 1.0000000180025095e-35 1.0000000180025095e-35 0.13270100000000004
decision_type=2 10 8 10
left_child=3 2 -2 -1
right_child=1 -3 -4 -5
leaf_value=-0.021025567695075173 -0.0068602558478828204 0.019035478935628458 0.0042635420199904741 0
leaf_weight=7.3941345475614053 10.844889141619204 7.2928549647331229 38.168214540928602 0.77864114940166462
leaf_count=131 51 50 324 5
internal_value=0.000602103 0.0046618 0.000971735 -0.0184236
internal_weight=64.4787 56.306 49.0131 8.17278
internal_count=561 425 375 136
is_linear=0
shrinkage=0.03


Tree=93
num_leaves=7
num_cat=0
split_feature=24 21 25 23 24 20
split_gain=5.34991 4.9102 3.28506 2.78877 1.07707 0.866585
threshold=0.98241700000000021 0.11378600000000001 0.61577900000000008 0.48883750000000009 0.91100550000000013 0.059433000000000007
decision_type=2 10 2 10 2 10
left_child=1 4 -2 -4 -1 -3
right_child=2 5 3 -5 -6 -7
leaf_value=1.3895854262126783e-05 -0.0077188233209555014 0 0.017511420689209467 -0.0061907077276350982 -0.014601534582058212 0.014474271595240522
leaf_weight=0.70548024773597973 3.6383686065673855 3.2168702036142331 24.449889328330759 1.7226479798555363 24.059938564896584 5.5628429353237152
leaf_count=5 53 15 180 10 270 24
internal_value=0.00127249 -0.0061779 0.0103688 0.0144468 -0.0131482 0.00927807
internal_weight=63.356 33.5451 29.8109 26.1725 24.7654 8.77971
internal_count=557 314 243 190 275 39
is_linear=0
shrinkage=0.03


Tree=94
num_leaves=6
num_cat=0
split_feature=3 18 17 2 17
split_gain=3.48999 4.47489 4.72328 2.03202 0.350403
threshold=1.0000000180025095e-35 0.32118050000000004 0.10894200000000002 0.25833350000000005 0.17884250000000004
decision_type=10 10 8 8 10
left_child=1 2 -1 -3 -2
right_child=4 3 -4 -5 -6
leaf_value=-0.020940859139470368 0.019293568679920062 0.021816980864005117 0 0 0
leaf_weight=10.544545724987982 5.9792877882719031 6.0749571546912167 38.215742915868759 2.5142777860164651 1.3042256832122801
leaf_count=90 41 23 379 15 9
internal_value=0.000749538 -0.00158645 -0.00571169 0.0146599 0.0171571
internal_weight=64.633 57.3495 48.7603 8.58923 7.28351
internal_count=557 507 469 38 50
is_linear=0
shrinkage=0.03


Tree=95
num_leaves=6
num_cat=0
split_feature=4 2 18 18 23
split_gain=5.73982 8.46866 2.26226 1.15944 0.498325
threshold=1.0000000180025095e-35 0.41428550000000003 0.12082150000000001 0.17406150000000001 0.71218550000000014
decision_type=10 10 8 8 8
left_child=1 2 -1 -2 -3
right_child=3 4 -4 -5 -6
leaf_value=-0.009701188651977553 0.022304388087357439 -0.027618661792115379 0.0051863729774501788 0 0
leaf_weight=8.5582958944141847 6.7775827720761272 9.2949493192136252 34.443938054144382 2.0688889920711526 2.4680294543504724
leaf_count=57 42 94 338 13 17
internal_value=-0.000574534 -0.00486485 0.00113188 0.0179588 -0.0245945
internal_weight=63.6117 54.7652 43.0022 8.84647 11.763
internal_count=561 506 395 55 111
is_linear=0
shrinkage=0.03


Tree=96
num_leaves=6
num_cat=0
split_feature=4 23 23 17 17
split_gain=5.01547 2.78106 2.64104 1.05061 0.672116
threshold=1.0000000180025095e-35 0.0049875000000000015 0.27496700000000007 0.43166150000000009 0.21063900000000005
decision_type=10 8 8 8 8
left_child=1 3 -3 -1 -2
right_child=4 2 -4 -5 -6
leaf_value=-0.01948286185701209 0.020621903339715593 0.0097027935242005869 -0.0054556345201964458 0 0
leaf_weight=9.0665499940514529 6.3992455899715397 12.348465263843535 28.312064789235592 2.1483771353960046 1.6999338045716292
leaf_count=96 43 52 317 20 10
internal_value=-0.000399663 -0.00454133 0 -0.0159905 0.0174823
internal_weight=59.9746 51.8755 40.6605 11.2149 8.09918
internal_count=538 485 369 116 53
is_linear=0
shrinkage=0.03


Tree=97
num_leaves=5
num_cat=0
split_feature=3 21 24 24
split_gain=5.55093 6.31227 2.06233 1.74805
threshold=1.0000000180025095e-35 0.090908500000000017 0.98619800000000002 0.95943100000000014
decision_type=10 8 2 2
left_child=1 2 -1 -3
right_child=-2 3 -4 -5
leaf_value=-0.021102631445806683 0.019565390590991948 -0.01083321299657446 0 0.0065449400908150117
leaf_weight=15.029496595263483 7.5630630478262892 2.333772473037242 6.6032997444272032 29.863855924457312
leaf_count=123 54 32 45 294
internal_value=0 -0.00409341 -0.0158301 0.00361701
internal_weight=61.3935 53.8304 21.6328 32.1976
internal_count=548 494 168 326
is_linear=0
shrinkage=0.03


Tree=98
num_leaves=7
num_cat=0
split_feature=25 24 24 23 21 15
split_gain=5.29678 3.50079 2.22812 1.98687 1.2476 1.08812
threshold=0.67342200000000008 0.95943100000000014 0.98529800000000012 0.0078600000000000024 0.10762700000000001 0.053282500000000003
decision_type=2 2 2 8 10 8
left_child=2 -2 4 -3 -1 -4
right_child=1 3 5 -5 -6 -7
leaf_value=-0.020870971331723994 -0.014456609734584703 -0.0019229315449476572 0.0096373639804640497 0.012169273892658442 0 -0.0076914681960833734
leaf_weight=11.458385702222587 2.9407046623527995 6.5148159116506568 3.8037885725498191 32.514303028583527 1.7880571484565724 2.87205471098423
leaf_count=164 28 45 30 243 10 37
internal_value=0 0.00595965 -0.0117596 0.00913383 -0.0178478 0
internal_weight=61.8921 41.9698 19.9223 39.0291 13.2464 6.67584
internal_count=557 316 241 288 174 67
is_linear=0
shrinkage=0.03


Tree=99
num_leaves=5
num_cat=0
split_feature=25 24 5 16
split_gain=4.74993 4.94073 1.44194 1.00364
threshold=0.58551750000000002 0.95943100000000014 1.5000000000000002 0.44553150000000002
decision_type=2 2 10 10
left_child=3 -2 -3 -1
right_child=1 2 -4 -5
leaf_value=-0.02138979689715001 -0.01873626324594287 0.0027811209069994328 0.015709721456272766 0
leaf_weight=6.6264805719256392 4.2812281474471083 38.951947797089815 11.739875040948389 0.75975283607840527
leaf_count=124 43 326 55 7
internal_value=0 0.00365359 0.00704451 -0.0183599
internal_weight=62.3593 54.9731 50.6918 7.38623
internal_count=555 424 381 131
is_linear=0
shrinkage=0.03


Tree=100
num_leaves=6
num_cat=0
split_feature=25 24 4 19 18
split_gain=4.0063 4.48115 1.93609 1.72206 0.562365
threshold=0.6488520000000001 0.95943100000000014 1.0000000180025095e-35 0.18768850000000001 0.32726500000000008
decision_type=2 2 10 8 10
left_child=2 -2 4 -3 -1
right_child=1 3 -4 -5 -6
leaf_value=-0.019003872105452194 -0.018121068787078125 0 0.0037293855953977836 0.012491246481224346 0
leaf_weight=10.56196368485689 3.5017435550689688 18.078267849981785 1.4490900933742512 24.83048677444458 1.9614582583308209
leaf_count=174 34 102 6 206 13
internal_value=0 0.0042549 -0.0126387 0.00779928 -0.0168199
internal_weight=60.383 46.4105 13.9725 42.9088 12.5234
internal_count=535 342 193 308 187
is_linear=0
shrinkage=0.03


Tree=101
num_leaves=5
num_cat=0
split_feature=24 25 18 25
split_gain=5.04368 5.11499 2.13736 0.429613
threshold=0.96561050000000004 0.58551750000000002 0.29495000000000005 0.74766700000000008
decision_type=2 2 8 2
left_child=3 -2 -3 -1
right_child=1 2 -4 -5
leaf_value=-0.021823650158623479 -0.018545966213211376 0 0.012674151219049863 0
leaf_weight=6.2952326424419862 5.0359271541237822 25.238549247384071 23.574820689857006 2.760370098054409
leaf_count=87 94 147 213 23
internal_value=-0.000320908 0.0029825 0.00672774 -0.018307
internal_weight=62.9049 53.8493 48.8134 9.0556
internal_count=564 454 360 110
is_linear=0
shrinkage=0.03


Tree=102
num_leaves=6
num_cat=0
split_feature=4 17 24 17 16
split_gain=3.1414 3.41115 2.66693 1.38194 1.21527
threshold=1.0000000180025095e-35 0.11739550000000001 0.97135850000000012 0.20883650000000001 0.31418200000000002
decision_type=10 8 2 8 8
left_child=1 4 -3 -2 -1
right_child=3 2 -4 -5 -6
leaf_value=-0.021140549748602026 0.017829340067968741 -0.010772838149918532 0.0046257743391783712 0 0
leaf_weight=8.6853162199258769 6.7101621106266949 11.569808449596165 30.15081125125289 1.4849833250045783 2.1354104317724714
leaf_count=87 47 134 273 9 13
internal_value=-0.00108017 -0.00436586 0 0.0128305 -0.0172839
internal_weight=60.7365 52.5413 41.7206 8.19515 10.8207
internal_count=563 507 407 56 100
is_linear=0
shrinkage=0.03


Tree=103
num_leaves=6
num_cat=0
split_feature=4 18 17 17 24
split_gain=3.49925 3.18571 3.0008 1.74523 1.27403
threshold=1.0000000180025095e-35 0.32118050000000004 0.14858100000000002 0.21063900000000005 0.97490100000000013
decision_type=10 10 8 8 2
left_child=1 2 -1 -2 -3
right_child=3 4 -4 -5 -6
leaf_value=-0.017274959586000452 0.020574965353102152 0 -0.00019020098278939242 -0.00021275350865972346 0.017554244351418384
leaf_weight=12.517317414283751 7.1947207525372479 3.3480698615312559 32.59618117287755 1.4519375786185271 5.0692902207374573
leaf_count=112 48 19 343 9 20
internal_value=0 -0.00267366 -0.00633567 0.0153528 0.0108333
internal_weight=62.1775 53.5309 45.1135 8.64666 8.41736
internal_count=551 494 455 57 39
is_linear=0
shrinkage=0.03


Tree=104
num_leaves=5
num_cat=0
split_feature=25 24 21 24
split_gain=3.99578 3.71916 2.28832 1.22727
threshold=0.59491450000000012 0.95943100000000014 0.080088500000000021 0.94721050000000007
decision_type=2 2 8 2
left_child=3 -2 -3 -1
right_child=1 2 -4 -5
leaf_value=0 -0.017298397215787232 -0.00018526412920140175 0.011265613051471559 -0.02032461584913086
leaf_weight=1.0520173721015442 3.4193064570426932 20.743283551186323 29.533282049000263 6.8207557834684849
leaf_count=13 37 129 251 130
internal_value=0 0.00337 0.00623367 -0.0164783
internal_weight=61.5686 53.6959 50.2766 7.87277
internal_count=560 417 380 143
is_linear=0
shrinkage=0.03


Tree=105
num_leaves=6
num_cat=0
split_feature=21 25 3 16 16
split_gain=3.92012 1.51807 1.09117 1.0389 0.614864
threshold=0.11378600000000001 0.58551750000000002 1.0000000180025095e-35 0.44553150000000002 0.41458100000000003
decision_type=10 2 8 10 8
left_child=1 3 -3 -1 -2
right_child=4 2 -4 -5 -6
leaf_value=-0.018162868568904662 0.015682542356977497 -0.0055814400912256859 0.0034786549871118951 0 0
leaf_weight=5.920926969498395 10.975677117705342 19.330159358680248 20.918321173638105 0.49539029225707043 1.8892260417342193
leaf_count=120 53 116 241 4 10
internal_value=7.93596e-05 -0.00360284 -0.000264307 -0.0146027 0.0134824
internal_weight=59.5297 46.6648 40.2485 6.41632 12.8649
internal_count=544 481 357 124 63
is_linear=0
shrinkage=0.03


Tree=106
num_leaves=5
num_cat=0
split_feature=3 22 18 24
split_gain=3.82778 4.30235 4.7328 2.81214
threshold=1.0000000180025095e-35 0.040069000000000007 0.29495000000000005 0.98931000000000013
decision_type=10 8 10 2
left_child=1 3 -3 -1
right_child=-2 2 -4 -5
leaf_value=-0.022135101558652205 0.017069811309357804 -0.0033478185725839991 0.019341244994069296 0
leaf_weight=11.456828456372021 6.3052629530429831 33.213181603699923 7.4613977223634711 4.0698694065213195
leaf_count=113 49 359 30 34
internal_value=-0.000312549 -0.00353562 0.00117005 -0.0156755
internal_weight=62.5065 56.2013 40.6746 15.5267
internal_count=585 536 389 147
is_linear=0
shrinkage=0.03


Tree=107
num_leaves=6
num_cat=0
split_feature=24 2 24 24 9
split_gain=4.70847 2.72183 3.54089 2.75553 0.668475
threshold=0.96561050000000004 0.32575750000000009 0.98619800000000002 0.98940150000000016 8.4592630000000018
decision_type=2 8 2 2 10
left_child=4 3 -3 -2 -1
right_child=1 2 -4 -5 -6
leaf_value=-0.020174507327523482 0.01572024484187487 -0.010572275775376127 0.0074125924162701711 -0.0064675358986823204 0
leaf_weight=7.7124846801161748 17.503116555511955 17.920675277709961 14.422620076686142 2.6575092524290076 0.89734388887882222
leaf_count=96 94 204 141 16 5
internal_value=-0.000237061 0.00294919 -0.00175514 0.0110413 -0.0179925
internal_weight=61.1137 52.5039 32.3433 20.1606 8.60983
internal_count=556 455 345 110 101
is_linear=0
shrinkage=0.03


Tree=108
num_leaves=6
num_cat=0
split_feature=4 24 21 25 23
split_gain=3.76338 3.4974 2.58513 2.19348 0.491789
threshold=1.0000000180025095e-35 0.98241700000000021 0.29816800000000004 0.65221600000000013 0.57592050000000017
decision_type=10 2 8 2 10
left_child=1 2 -1 -3 -2
right_child=4 3 -4 -5 -6
leaf_value=-0.017110896637453625 0.018769328000099197 -0.0079042911510302013 0 0.0096925338680240794 0
leaf_weight=15.885185744613411 6.2668152078986159 4.7393183186650303 13.545300554484127 18.296269070357084 1.5848948061466215
leaf_count=132 44 67 169 134 9
internal_value=0 -0.00319181 -0.00993751 0.00442629 0.016126
internal_weight=60.3178 52.4661 29.4305 23.0356 7.85171
internal_count=555 502 301 201 53
is_linear=0
shrinkage=0.03


Tree=109
num_leaves=6
num_cat=0
split_feature=4 24 15 2 15
split_gain=3.81788 3.28245 1.51681 1.22048 0.843532
threshold=1.0000000180025095e-35 0.98241700000000021 0.17807550000000003 0.70833350000000006 0.21755100000000002
decision_type=10 2 8 10 10
left_child=1 2 -1 -3 -2
right_child=4 3 -4 -5 -6
leaf_value=-0.017609406643384281 0.01934840907100072 0.0078058307421138857 -0.0015059674258830955 -0.0052911391362268712 0
leaf_weight=11.360194344073536 6.6112564206123343 18.747537966817621 16.87064841017127 3.851792946457862 1.3587709143757818
leaf_count=102 46 159 195 38 9
internal_value=0 -0.00333076 -0.0100157 0.00404322 0.0160869
internal_weight=58.8002 50.8302 28.2308 22.5993 7.97003
internal_count=549 494 297 197 55
is_linear=0
shrinkage=0.03


Tree=110
num_leaves=7
num_cat=0
split_feature=21 24 24 2 20 24
split_gain=3.97159 4.27417 2.3804 1.68587 1.43652 1.04554
threshold=1.0000000180025095e-35 0.98999250000000016 0.95943100000000014 0.58947350000000009 0.0053180000000000007 0.93172300000000008
decision_type=8 2 2 10 10 2
left_child=1 5 -2 -4 -3 -1
right_child=2 4 3 -5 -6 -7
leaf_value=0 -0.011349382323859694 -0.003802986546915878 0.0098655421734112035 -0.0064178074486956563 0.016175643409983044 -0.023223093262625654
leaf_weight=0.82337421923875709 2.5541567876934996 1.3990310952067364 43.26968651637435 2.1427286714315406 3.0184237286448479 8.8079548142850381
leaf_count=6 33 22 372 16 15 101
internal_value=0.00137246 -0.0106285 0.00589473 0.00812747 0.00682477 -0.0207283
internal_weight=62.0154 14.0488 47.9666 45.4124 4.41745 9.63133
internal_count=565 144 421 388 37 107
is_linear=0
shrinkage=0.03


Tree=111
num_leaves=5
num_cat=0
split_feature=3 18 25 23
split_gain=4.29875 3.24043 3.43359 0.796455
threshold=1.0000000180025095e-35 0.32118050000000004 0.7008795000000001 0.41467200000000004
decision_type=10 10 2 10
left_child=1 2 -1 -3
right_child=-2 3 -4 -5
leaf_value=-0.014146014544939836 0.019492343450985761 0.017042040829585964 0.00064130516801947301 0
leaf_weight=20.775043942034245 6.3522603809833518 4.8321930654346934 25.611965369433165 1.9919927865266798
leaf_count=272 50 23 199 10
internal_value=0.00028832 -0.00238848 -0.00583095 0.0125928
internal_weight=59.5635 53.2112 46.387 6.82419
internal_count=554 504 471 33
is_linear=0
shrinkage=0.03


Tree=112
num_leaves=6
num_cat=0
split_feature=4 24 25 21 20
split_gain=4.89854 3.80018 2.67468 1.1106 0.130948
threshold=1.0000000180025095e-35 0.97204800000000013 0.58551750000000002 0.33112350000000007 0.32655700000000004
decision_type=10 2 2 10 10
left_child=1 3 -3 -1 -2
right_child=4 2 -4 -5 -6
leaf_value=-0.016494480464338816 0.021129859286403034 -0.014338704200529601 0.0059484286237717508 0 0
leaf_weight=13.736453544348477 6.4669609963893881 3.5394382104277602 32.665571317076683 1.232087880373 1.2286855354905126
leaf_count=164 47 74 256 5 7
internal_value=0.00073251 -0.00247936 0.00225448 -0.0140636 0.0196001
internal_weight=58.8692 51.1736 36.205 14.9685 7.69565
internal_count=553 499 330 169 54
is_linear=0
shrinkage=0.03


Tree=113
num_leaves=7
num_cat=0
split_feature=25 5 17 3 17 17
split_gain=3.75568 3.96421 1.31654 1.84099 1.08121 0.695268
threshold=0.71372150000000012 1.5000000000000002 0.10314250000000001 1.0000000180025095e-35 0.26543200000000006 0.25107300000000005
decision_type=2 10 8 8 10 8
left_child=1 4 3 -2 -1 -4
right_child=2 -3 5 -5 -6 -7
leaf_value=-0.016446629730090891 -0.010569238308594273 0.010214226069862635 0.018158730775120854 0.010556763289003764 0 0.0031705162408140323
leaf_weight=17.833688683807857 6.0854889750480661 4.5749536380171767 6.4320341199636486 2.7793608605861673 4.9009454883635035 16.274512358009815
leaf_count=251 33 19 33 25 40 151
internal_value=0 -0.00788565 0.00657678 -0.000422707 -0.0134598 0.0102069
internal_weight=58.881 27.3096 31.5714 8.86485 22.7346 22.7065
internal_count=552 310 242 58 291 184
is_linear=0
shrinkage=0.03


Tree=114
num_leaves=6
num_cat=0
split_feature=24 21 18 3 24
split_gain=3.2884 2.32967 1.7203 2.06755 1.2053
threshold=0.97204800000000013 0.29816800000000004 0.32118050000000004 1.0000000180025095e-35 0.91100550000000013
decision_type=2 10 10 8 2
left_child=1 4 3 -2 -1
right_child=2 -3 -4 -5 -6
leaf_value=0 -0.0050639281148679204 0.0056263100641033717 0.015949271619903404 0.0077697092608153794 -0.017659720901473705
leaf_weight=0.82253685221076267 18.924789302051067 2.471067562699317 6.8533419221639624 18.845597300678492 12.998603004962204
leaf_count=7 132 10 31 224 156
internal_value=0 -0.0101336 0.00453266 0.000704148 -0.0152357
internal_weight=60.9159 16.2922 44.6237 37.7704 13.8211
internal_count=560 173 387 356 163
is_linear=0
shrinkage=0.03


Tree=115
num_leaves=7
num_cat=0
split_feature=25 20 20 15 4 16
split_gain=3.74053 1.02428 1.02019 0.778663 0.749597 1.91694
threshold=0.7008795000000001 0.21677400000000005 0.0098795000000000011 0.053282500000000003 1.0000000180025095e-35 0.13244550000000002
decision_type=2 8 10 8 10 8
left_child=1 2 -1 -3 5 -2
right_child=4 3 -4 -5 -6 -7
leaf_value=-0.010130321494073223 -0.005712106325655243 0 0.0058422818423170758 -0.013870644621469632 0.016737040488738381 0.0087453843764767683
leaf_weight=2.4191795848310012 8.2600134909153002 2.2330963499844048 7.6068714335560799 12.436146043241024 5.6537550315260878 18.775649890303612
leaf_count=40 47 24 48 177 44 159
internal_value=0.000791529 -0.00697447 0 -0.0113321 0.00759206 0.00320013
internal_weight=57.3847 24.6953 10.0261 14.6692 32.6894 27.0357
internal_count=539 289 88 201 250 206
is_linear=0
shrinkage=0.03


Tree=116
num_leaves=7
num_cat=0
split_feature=24 18 9 22 9 16
split_gain=2.20072 2.67064 3.5678 2.5294 1.77995 1.38341
threshold=0.97677500000000006 0.054422500000000006 7.7174010000000006 0.088896500000000017 8.5431960000000018 0.21752250000000004
decision_type=2 10 10 8 8 10
left_child=3 4 -3 -1 -2 -5
right_child=1 2 -4 5 -6 -7
leaf_value=-0.018114652247901177 -0.012241775243827973 0.019917740991838257 -0.0066864331510031834 -0.0047743696132578218 0.0031105516886575477 0.011096648942114906
leaf_weight=7.7158643119037178 6.8276797272264984 12.261559404432772 2.6972451731562606 11.703478243201973 15.121734790503977 4.3894982635974875
leaf_count=82 66 56 19 144 182 20
internal_value=0 0.00430843 0.0131346 -0.00680057 -0.00136034 0
internal_weight=60.7171 36.9082 14.9588 23.8088 21.9494 16.093
internal_count=569 323 75 246 248 164
is_linear=0
shrinkage=0.03


Tree=117
num_leaves=7
num_cat=0
split_feature=24 22 17 19 23 7
split_gain=2.19124 3.08453 2.78627 2.25611 1.78097 1.29633
threshold=0.98241700000000021 0.13270100000000004 0.10894200000000002 0.18768850000000001 0.27496700000000007 16.673387000000002
decision_type=2 10 10 10 8 8
left_child=1 -1 5 -3 -4 -2
right_child=2 3 4 -5 -6 -7
leaf_value=-0.011731894774959653 -0.010693303392929324 -0.0046298965865544748 0.022852295033420608 0.016917204689948652 0 0.0034383364389957254
leaf_weight=22.99296173080802 5.86612436175347 4.4066937714815122 6.3537980280816528 4.9129762277007103 2.4630799740552911 11.074763476848601
leaf_count=277 54 24 29 21 14 133
internal_value=-0.000407002 -0.00581586 0.00523398 0.00564733 0.0166653 -0.000823152
internal_weight=58.0704 32.3126 25.7578 9.31967 8.81688 16.9409
internal_count=552 322 230 45 43 187
is_linear=0
shrinkage=0.03


Tree=118
num_leaves=6
num_cat=0
split_feature=4 19 5 15 16
split_gain=2.61359 4.5976 1.744 1.72881 0.391734
threshold=1.0000000180025095e-35 0.11496250000000001 1.5000000000000002 1.0000000180025095e-35 0.27914100000000003
decision_type=10 8 10 10 10
left_child=1 3 -3 -1 -2
right_child=4 2 -4 -5 -6
leaf_value=0 0.017228323332426052 0 0.015539861452876792 -0.021164247528701545 0
leaf_weight=3.3047141991555682 5.6289154216647139 33.688317429274321 5.0450678989291182 9.2262026183307153 1.4724043756723402
leaf_count=46 42 374 20 58 8
internal_value=0.000446599 -0.00169467 0.00299034 -0.0158881 0.0147867
internal_weight=58.3656 51.2643 38.7334 12.5309 7.10132
internal_count=548 498 394 104 50
is_linear=0
shrinkage=0.03


Tree=119
num_leaves=6
num_cat=0
split_feature=25 24 19 24 4
split_gain=3.69043 3.44248 1.40931 1.29487 0.151136
threshold=0.59491450000000012 0.96426450000000019 0.12284250000000001 0.94721050000000007 1.5000000000000002
decision_type=2 2 8 2 8
left_child=3 4 -3 -1 -2
right_child=1 2 -4 -5 -6
leaf_value=0 -0.01694724852875442 0 0.010256189491250027 -0.020640265831009256 0
leaf_weight=1.0085682459175576 2.876531120389699 15.353506475687025 29.663411073386669 6.0741219148039818 2.0933152139186859
leaf_count=14 25 97 253 128 27
internal_value=0 0.00342346 0.00671861 -0.0163653 -0.0139537
internal_weight=57.0695 49.9868 45.0169 7.08269 4.96985
internal_count=544 402 350 142 52
is_linear=0
shrinkage=0.03


Tree=120
num_leaves=6
num_cat=0
split_feature=4 17 18 20 18
split_gain=2.91146 2.77361 2.60579 1.30049 0.897634
threshold=1.0000000180025095e-35 0.11739550000000001 0.29495000000000005 0.27475150000000004 0.17406150000000001
decision_type=10 8 8 8 10
left_child=1 2 -1 -3 -2
right_child=4 3 -4 -5 -6
leaf_value=-0.022158748531402251 0.016749976085511747 0.0060133000325818444 0.0027300098853347814 -0.0045474769202453347 0
leaf_weight=9.309400506317612 5.3892092630267134 13.659028295427559 1.8096786886453635 24.469370683655143 1.8228767663240431
leaf_count=92 43 75 8 316 12
internal_value=-0.00166043 -0.00486858 -0.0162638 0 0.0123033
internal_weight=56.4596 49.2475 11.1191 38.1284 7.21209
internal_count=546 491 100 391 55
is_linear=0
shrinkage=0.03


Tree=121
num_leaves=5
num_cat=0
split_feature=25 24 18 24
split_gain=2.62083 4.54862 3.07311 1.23682
threshold=0.58551750000000002 0.95943100000000014 0.053117500000000005 0.94721050000000007
decision_type=2 2 8 2
left_child=3 -2 -3 -1
right_child=1 2 -4 -5
leaf_value=0 -0.017462275804197923 -0.0041551199971816399 0.011268812790485886 -0.018067498435308187
leaf_weight=0.78877893835306068 4.1860893107950679 10.859797753393648 39.475162535905838 5.0677914191037416
leaf_count=9 46 81 314 112
internal_value=0.00141259 0.00409537 0.00733207 -0.0131025
internal_weight=60.3776 54.521 50.335 5.85657
internal_count=562 441 395 121
is_linear=0
shrinkage=0.03


Tree=122
num_leaves=7
num_cat=0
split_feature=25 24 2 24 25 3
split_gain=3.15895 2.28251 1.33935 1.31624 0.575537 0.551156
threshold=0.63422450000000008 0.96561050000000004 0.32575750000000009 0.93676350000000008 0.88629250000000004 1.0000000180025095e-35
decision_type=2 2 10 2 2 10
left_child=3 4 -3 -1 -2 -5
right_child=1 2 -4 5 -6 -7
leaf_value=0.00064320864730392198 -0.014850386835516809 0.0084048079353434956 -0.001334784400282611 -0.01901343042778612 0 0
leaf_weight=0.70068351551890273 4.1057307645678511 32.101841669529676 11.386953316628931 8.7351460978388751 1.0447586029767988 0.72173616290092546
leaf_count=8 43 255 78 170 7 4
internal_value=-0.00049023 0.00238873 0.00528774 -0.0139575 -0.0113452 -0.017342
internal_weight=58.7969 48.6393 43.4888 10.1576 5.15049 9.45688
internal_count=565 383 333 182 50 174
is_linear=0
shrinkage=0.03


Tree=123
num_leaves=6
num_cat=0
split_feature=21 24 23 24 16
split_gain=3.28112 3.81977 1.32279 1.25166 0.717676
threshold=0.10762700000000001 0.98241700000000021 0.021143000000000006 0.98659500000000011 0.44553150000000002
decision_type=10 2 8 2 8
left_child=1 4 -3 -2 -1
right_child=3 2 -4 -5 -6
leaf_value=-0.018222801863449913 0.016014602625985006 0.011821950843358443 -0.00033992839817944902 0 -0.0030851252749609604
leaf_weight=10.448418311774732 9.6372379586100561 7.6723045036196735 15.890742529183624 2.1060787513852111 13.088321959599851
leaf_count=106 47 60 160 13 188
internal_value=0 -0.00409096 0.0033786 0.011976 -0.012236
internal_weight=58.8431 47.0998 23.563 11.7433 23.5367
internal_count=574 514 220 60 294
is_linear=0
shrinkage=0.03


Tree=124
num_leaves=6
num_cat=0
split_feature=4 18 20 5 9
split_gain=3.14487 2.16119 1.18725 1.17425 0.52061
threshold=1.0000000180025095e-35 0.054422500000000006 0.30294250000000006 1.5000000000000002 7.7174010000000006
decision_type=10 8 10 8 10
left_child=1 3 -2 -1 -3
right_child=2 4 -4 -5 -6
leaf_value=-0.0205523873087354 0.017896433653596267 0.00029825228950429786 0 0 -0.01043571065603508
leaf_weight=6.4662688151001904 6.2196635976433745 37.600156916305423 1.506306819617748 3.4164759963750848 1.2705628797411908
leaf_count=81 51 382 9 16 8
internal_value=-0.000924062 -0.0043887 0.0132545 -0.0151112 -5.8687e-05
internal_weight=56.4794 48.7535 7.72597 9.88274 38.8707
internal_count=547 487 60 97 390
is_linear=0
shrinkage=0.03


Tree=125
num_leaves=6
num_cat=0
split_feature=4 17 24 17 22
split_gain=2.75842 2.61935 2.38897 0.690636 0.255785
threshold=1.0000000180025095e-35 0.067415000000000017 0.96561050000000004 0.21567500000000003 0.088896500000000017
decision_type=10 8 2 10 10
left_child=1 4 -3 -2 -1
right_child=3 2 -4 -5 -6
leaf_value=-0.019974990685275074 0.017150290165043467 -0.013913039265294327 0.0027940585059430252 0 0
leaf_weight=4.8950091153383246 5.6439521983265868 6.3833664339035741 39.745702859014273 1.5014796406030653 1.49728537350893
leaf_count=64 44 91 353 10 10
internal_value=-0.000113622 -0.00318293 0 0.0137599 -0.0176319
internal_weight=59.6668 52.5214 46.1291 7.14543 6.39229
internal_count=572 518 444 54 74
is_linear=0
shrinkage=0.03


Tree=126
num_leaves=7
num_cat=0
split_feature=21 24 20 20 24 20
split_gain=2.81823 4.74546 2.11254 1.79353 1.62403 0.338008
threshold=0.11378600000000001 0.98241700000000021 0.73729000000000011 0.0098795000000000011 0.98659500000000011 0.032079000000000003
decision_type=10 2 8 10 2 10
left_child=1 2 -1 -3 5 -2
right_child=4 3 -4 -5 -6 -7
leaf_value=-0.019152032550283853 0 0 0 0.013781626494896417 -0.00090363153043238086 0.019854968075774911
leaf_weight=11.210315573960544 2.5950312837958318 11.084918804466726 11.945795215666292 11.49775831773877 1.9813345819711674 7.6453585624694824
leaf_count=117 13 149 173 61 13 38
internal_value=0.00113126 -0.0019195 -0.0112512 0.00667375 0.0126475 0.0171458
internal_weight=57.9605 45.7388 23.1561 22.5827 12.2217 10.2404
internal_count=564 500 290 210 64 51
is_linear=0
shrinkage=0.03


Tree=127
num_leaves=7
num_cat=0
split_feature=25 24 21 18 24 3
split_gain=3.85843 3.13488 2.75964 2.0267 1.01141 0.529419
threshold=0.64227900000000016 0.97677500000000006 0.29816800000000004 0.047546000000000005 0.99447250000000009 1.0000000180025095e-35
decision_type=2 2 10 8 2 10
left_child=4 2 -2 -3 5 -1
right_child=1 3 -4 -5 -6 -7
leaf_value=-0.018423492515295209 -0.012454360904045865 -0.0017940921580472755 0.010032323713307477 0.012960616623763226 0 0
leaf_weight=9.8580818064510769 13.202083285897972 6.5188112258911159 3.0606737285852423 23.645227629691362 0.60877824947238046 0.71608355641365129
leaf_count=183 126 51 13 185 4 4
internal_value=-0.000300701 0.00318202 -0.00576158 0.00899351 -0.0144894 -0.0169239
internal_weight=57.6097 46.4268 16.2628 30.164 11.1829 10.5742
internal_count=566 375 139 236 191 187
is_linear=0
shrinkage=0.03


Tree=128
num_leaves=7
num_cat=0
split_feature=21 24 20 22 22 2
split_gain=2.37265 2.683 0.931244 0.691441 0.878919 0.385097
threshold=0.11378600000000001 0.98241700000000021 0.0098795000000000011 0.42430300000000004 0.10506750000000002 0.069048000000000012
decision_type=10 2 8 8 10 8
left_child=1 5 -3 4 -2 -1
right_child=3 2 -4 -5 -6 -7
leaf_value=0 0 -0.0055540588938784424 0.0064290989018595977 0 0.017950367134957238 -0.012114774431994064
leaf_weight=4.6107279583811787 3.0079383030533755 2.7214758954942253 19.907321833074093 2.0941577404737481 6.9232933521270752 16.267963776364923
leaf_count=43 19 37 177 10 34 228
internal_value=9.92532e-05 -0.0027505 0.00333594 0.0108968 0.0136416 -0.0101938
internal_weight=55.5329 43.5075 22.6288 12.0254 9.93123 20.8787
internal_count=548 485 214 63 53 271
is_linear=0
shrinkage=0.03


Tree=129
num_leaves=6
num_cat=0
split_feature=5 2 24 22 17
split_gain=2.65087 2.31786 1.63662 1.66563 1.49191
threshold=1.5000000000000002 0.70833350000000006 0.97928100000000018 0.108339 0.10894200000000002
decision_type=10 10 2 10 8
left_child=2 -2 3 -1 -4
right_child=1 -3 4 -5 -6
leaf_value=-0.013388835858952881 0.018141909728307457 -0.0038340886420055748 -0.0076874687248809732 0.00067537382556371976 0.0062595533965607367
leaf_weight=15.881750367581846 8.9433439895510656 2.3844006657600394 6.1279091835021999 5.9766405895352355 18.649004340171814
leaf_count=219 41 18 66 32 185
internal_value=0 0.0115881 -0.00305024 -0.00871907 0.00127237
internal_weight=57.963 11.3277 46.6353 21.8584 24.7769
internal_count=561 59 502 251 251
is_linear=0
shrinkage=0.03


Tree=130
num_leaves=6
num_cat=0
split_feature=3 18 4 7 15
split_gain=2.20091 2.97582 1.66337 1.12087 0.39328
threshold=1.0000000180025095e-35 0.12082150000000001 1.0000000180025095e-35 7.7873875000000004 0.18423950000000003
decision_type=10 8 10 10 10
left_child=1 2 -1 -3 -2
right_child=4 3 -4 -5 -6
leaf_value=-0.016906932972951885 0.015341715989528017 0.0032779233415909824 0.0011271302770745663 -0.011913465991351768 0
leaf_weight=13.772328423336146 4.3211781233549109 32.69455973803997 1.8596727699041355 1.6010937318205822 1.0112495124340055
leaf_count=138 39 347 8 11 8
internal_value=-0.000842592 -0.00351238 -0.0133153 0.000863078 0.0128189
internal_weight=55.2601 49.9277 15.632 34.2957 5.33243
internal_count=551 504 146 358 47
is_linear=0
shrinkage=0.03


Tree=131
num_leaves=6
num_cat=0
split_feature=20 22 25 18 17
split_gain=1.8287 2.36478 1.94909 1.72217 0.527823
threshold=0.47752650000000002 0.040069000000000007 0.6662125000000001 0.29495000000000005 0.58177850000000009
decision_type=10 10 2 10 10
left_child=1 2 -1 -3 -2
right_child=4 3 -4 -5 -6
leaf_value=-0.01116042466813545 -0.01693936376235404 0.00055034460201929826 0.0021853814345498186 0.021203260662969927 0
leaf_weight=10.964968202635644 3.4592097997665396 12.51580046862364 24.228465721011162 5.5096106827259055 0.96429288759827603
leaf_count=184 31 68 235 24 12
internal_value=0 0.00218112 -0.00173722 0.0104146 -0.0136264
internal_weight=57.6423 53.2188 35.1934 18.0254 4.4235
internal_count=554 511 419 92 43
is_linear=0
shrinkage=0.03


Tree=132
num_leaves=7
num_cat=0
split_feature=5 4 17 19 15 22
split_gain=3.6205 2.18225 2.56997 1.22269 0.839622 0.124255
threshold=1.5000000000000002 1.5000000000000002 0.41435450000000001 0.086848000000000022 0.11817000000000001 0.040069000000000007
decision_type=8 10 10 10 8 10
left_child=1 2 -1 4 -2 -5
right_child=3 -3 -4 5 -6 -7
leaf_value=-0.01738605702384232 -0.0081573897602722368 0.0060100306878830495 0.0010370575973161177 0 0.003931333132381718 0.01776553324425887
leaf_weight=17.557851525023587 2.9339736104011598 3.1848309338092795 5.4163763076066962 2.5708801373839369 20.93798472546041 4.3052127361297607
leaf_count=163 20 26 37 14 281 18
internal_value=-0.000477805 -0.00862582 -0.0122695 0.00571579 0.000584344 0.0149041
internal_weight=56.9071 26.1591 22.9742 30.7481 23.872 6.87609
internal_count=559 226 200 333 301 32
is_linear=0
shrinkage=0.03


Tree=133
num_leaves=6
num_cat=0
split_feature=2 5 16 4 8
split_gain=1.29446 2.65183 1.08546 0.55846 0.13547
threshold=0.47222200000000009 1.5000000000000002 0.0038130000000000004 1.0000000180025095e-35 1.0000000180025095e-35
decision_type=10 10 10 8 10
left_child=1 3 -2 -1 -4
right_child=2 -3 4 -5 -6
leaf_value=-0.0054388437989552774 0 0.015828341700593669 -0.014448189552591917 0.00085592553989272189 0
leaf_weight=14.999497160315512 3.4546338878571978 6.8714346140623084 7.2074300441890937 23.504733275622129 1.1878848262131212
leaf_count=95 37 32 69 310 15
internal_value=-0.000211777 0.00167518 -0.00833622 -0.0010893 -0.0132774
internal_weight=57.2256 45.3757 11.8499 38.5042 8.39531
internal_count=558 437 121 405 84
is_linear=0
shrinkage=0.03


Tree=134
num_leaves=6
num_cat=0
split_feature=5 25 2 16 7
split_gain=2.43238 1.81556 1.71313 1.1344 0.863291
threshold=1.5000000000000002 0.6488520000000001 0.70833350000000006 0.26580100000000001 8.6832670000000025
decision_type=10 2 10 10 10
left_child=1 4 -2 -3 -1
right_child=2 3 -4 -5 -6
leaf_value=-0.013498480053483747 0.017424386396921475 0.0049534418925078439 -0.0011064826145895188 -0.0063300498467949275 0
leaf_weight=9.8500861749052966 9.7365515455603582 28.376980435103178 2.1406442373991004 6.2390195205807677 0.74161697924137193
leaf_count=186 46 264 17 39 4
internal_value=0.0017868 -0.00101393 0.0125184 0.00177958 -0.0107286
internal_weight=57.0849 45.2077 11.8772 34.616 10.5917
internal_count=556 493 63 303 190
is_linear=0
shrinkage=0.03


Tree=135
num_leaves=5
num_cat=0
split_feature=3 16 17 24
split_gain=2.02155 2.27526 2.55146 1.28142
threshold=1.0000000180025095e-35 0.18486350000000004 0.35522200000000009 0.98850850000000012
decision_type=10 8 10 2
left_child=1 3 -3 -1
right_child=-2 2 -4 -5
leaf_value=-0.014054412204400317 0.014708458086357307 -0.00027308028020132865 0.017903478944633292 0
leaf_weight=11.958887599408628 5.308942884206771 29.722068639472127 5.0784441344439974 4.5444754473865023
leaf_count=104 50 350 24 36
internal_value=0.000678781 -0.000952928 0.00279617 -0.00961086
internal_weight=56.6128 51.3039 34.8005 16.5034
internal_count=564 514 374 140
is_linear=0
shrinkage=0.03


Tree=136
num_leaves=7
num_cat=0
split_feature=4 0 18 23 25 18
split_gain=2.02723 1.99896 2.63617 1.99169 1.28621 0.944448
threshold=1.0000000180025095e-35 1.0000000180025095e-35 0.054422500000000006 0.82762200000000008 0.73728700000000014 0.32118050000000004
decision_type=8 10 10 8 2 8
left_child=1 5 -3 -2 -5 -1
right_child=3 2 -4 4 -6 -7
leaf_value=-0.019848402982665329 0.016232944189806375 -0.011983655459279154 0.0075128300617584697 -0.0065074754298354142 0.0067730901591550128 0
leaf_weight=6.7904609590768823 6.2021673545241383 7.3538679834455278 12.691168414428828 11.389865176752211 8.9502354785799962 2.3330028206110009
leaf_count=40 49 84 85 180 100 11
internal_value=-0.000518632 -0.00612792 0 0.00462648 0 -0.0157491
internal_weight=55.7108 29.1685 20.045 26.5423 20.3401 9.12346
internal_count=549 220 169 329 280 51
is_linear=0
shrinkage=0.03


Tree=137
num_leaves=7
num_cat=0
split_feature=2 24 2 5 22 16
split_gain=2.12025 1.85735 1.72508 1.52287 0.89299 0.646037
threshold=0.32575750000000009 0.99359700000000017 1.0000000180025095e-35 1.5000000000000002 0.088896500000000017 0.44553150000000002
decision_type=8 2 10 8 10 10
left_child=2 3 5 -2 -4 -1
right_child=1 -3 4 -5 -6 -7
leaf_value=0.0019120097737141081 -0.018357337176593803 0.0097560504881532405 0 -0.0022009241850326679 0.019108049276839876 -0.010335893505347912
leaf_weight=11.778525488451125 7.6370252911001471 2.0412622764706603 2.7112405598163587 23.86733959428966 5.5833906680345535 1.9368445016443718
leaf_count=86 97 16 12 297 28 14
internal_value=-0.000610619 -0.00561538 0.00557627 -0.00824245 0.0143637 0
internal_weight=55.5556 33.5456 22.01 31.5044 8.29463 13.7154
internal_count=550 410 140 394 40 100
is_linear=0
shrinkage=0.03


Tree=138
num_leaves=7
num_cat=0
split_feature=25 23 17 16 17 24
split_gain=2.59023 1.66649 2.52162 0.880718 0.768923 0.513161
threshold=0.84989750000000008 0.24831400000000003 0.14553400000000002 0.068331500000000017 0.059843000000000007 0.97771400000000008
decision_type=2 8 10 10 8 2
left_child=1 2 -1 5 -3 -2
right_child=3 4 -4 -5 -6 -7
leaf_value=-0.0078697234557564364 0 0 0.010855487453426257 0 -0.010606850661590837 0.017158180089448298
leaf_weight=8.3967995457351225 1.1163548827171306 1.4540105424821401 10.561765465885399 4.063716284930706 23.259123042225838 6.4820323921740055
leaf_count=93 12 9 71 25 278 59
internal_value=-0.000218349 -0.00413223 0.00125372 0.0102387 -0.009035 0.0148262
internal_weight=55.3338 43.6717 18.9586 11.6621 24.7131 7.59839
internal_count=547 451 164 96 287 71
is_linear=0
shrinkage=0.03


Tree=139
num_leaves=6
num_cat=0
split_feature=4 24 18 17 20
split_gain=2.56839 1.99701 3.17405 1.97535 1.30165
threshold=1.0000000180025095e-35 0.98241700000000021 0.29495000000000005 0.10894200000000002 0.30294250000000006
decision_type=10 2 8 10 10
left_child=1 2 -1 -3 -2
right_child=4 3 -4 -5 -6
leaf_value=-0.018020477682902523 0.01907258504434162 -0.0022233219682855289 0 0.013495833194459274 0
leaf_weight=11.945849977433683 5.4369371607899657 14.284637283533813 16.764523822814226 7.4692207761108866 1.469002731144428
leaf_count=118 45 166 199 33 9
internal_value=0 -0.00278268 -0.00793542 0.00294344 0.0138404
internal_weight=57.3702 50.4642 28.7104 21.7539 6.90594
internal_count=570 516 317 199 54
is_linear=0
shrinkage=0.03


Tree=140
num_leaves=5
num_cat=0
split_feature=3 18 5 9
split_gain=2.60132 4.09641 2.79752 2.50225
threshold=1.0000000180025095e-35 0.092983500000000011 1.5000000000000002 8.7551875000000017
decision_type=10 8 10 10
left_child=1 3 -3 -1
right_child=-2 2 -4 -5
leaf_value=-0.021811127434144654 0.013830602779055397 -0.0027740481767820294 0.016129729808607211 0.0038280128968484787
leaf_weight=11.349955750629302 4.9181352928280822 31.937432914972305 5.6594677343964568 1.076872497797013
leaf_count=117 47 358 23 4
internal_value=-0.00146894 -0.00423632 0.00031423 -0.0173323
internal_weight=54.9419 50.0237 37.5969 12.4268
internal_count=549 502 381 121
is_linear=0
shrinkage=0.03


Tree=141
num_leaves=7
num_cat=0
split_feature=24 23 19 16 24 4
split_gain=2.63608 1.7861 2.29202 1.06539 0.677456 0.658177
threshold=0.96561050000000004 0.0049875000000000015 0.078375500000000015 0.0080485000000000018 0.9215230000000002 1.5000000000000002
decision_type=2 10 10 10 2 8
left_child=4 3 -3 -2 -1 -6
right_child=1 2 -4 -5 5 -7
leaf_value=0 0.0039742499866869821 0 0.017553564500726739 -0.0079106714072575812 -0.0183164010981785 0
leaf_weight=0.96471792832016845 20.353724448010329 7.8914113901555565 15.44732580333948 6.4279294684529296 3.5100793484598398 3.2023092024028301
leaf_count=10 272 54 75 64 44 51
internal_value=0.00320201 0.00615715 0.0117256 0 -0.00959023 -0.0128017
internal_weight=57.7975 50.1204 23.3387 26.7817 7.67711 6.71239
internal_count=570 465 129 336 105 95
is_linear=0
shrinkage=0.03


Tree=142
num_leaves=5
num_cat=0
split_feature=4 0 24 17
split_gain=2.69605 4.67254 2.67985 0.938113
threshold=1.0000000180025095e-35 1.0000000180025095e-35 0.98241700000000021 0.20062100000000002
decision_type=10 8 2 10
left_child=1 -1 -3 -2
right_child=3 2 -4 -5
leaf_value=-0.020614066727097344 0.017869562827584222 -0.0050689113495939108 0.0092395918196174018 0
leaf_weight=7.7633111849427214 5.9312522038817397 21.215419612824917 18.553412083536386 1.293735973536968
leaf_count=46 48 268 180 9
internal_value=0 -0.00287889 0.00108488 0.0140124
internal_weight=54.7571 47.5321 39.7688 7.22499
internal_count=551 494 448 57
is_linear=0
shrinkage=0.03


Tree=143
num_leaves=6
num_cat=0
split_feature=20 25 24 24 25
split_gain=1.75659 1.74429 3.08331 1.06939 0.363603
threshold=0.47752650000000002 0.58551750000000002 0.95943100000000014 0.94952400000000015 0.7404995000000002
decision_type=10 2 2 2 2
left_child=1 3 -3 -1 -2
right_child=4 2 -4 -5 -6
leaf_value=0.001404214927101946 -0.014847318271694762 -0.014103069341536901 0.0079325718716575302 -0.015257616069310448 0
leaf_weight=0.63608745113015075 3.5679155495017758 2.8743692245334378 44.591123141348362 3.9683913178741932 1.4541342407464979
leaf_count=8 41 36 368 102 9
internal_value=0.000643094 0.00296819 0.00524464 -0.0093649 -0.0118191
internal_weight=57.092 52.07 47.4655 4.60448 5.02205
internal_count=564 514 404 110 50
is_linear=0
shrinkage=0.03


Tree=144
num_leaves=6
num_cat=0
split_feature=23 23 9 24 18
split_gain=1.84967 2.05738 1.5697 1.2808 0.461319
threshold=0.0049875000000000015 0.066795500000000022 1.0000000180025095e-35 0.98791800000000018 0.26386550000000003
decision_type=8 8 8 2 10
left_child=2 -2 4 -3 -1
right_child=1 3 -4 -5 -6
leaf_value=-0.01800679672369852 0.01662222411237927 0.0029123189092499003 0.0019232121564438137 -0.0091052840659345807 0
leaf_weight=6.4473426099866602 5.1852346435189238 30.234697142615914 2.2570083439350137 7.5039047300815573 1.0132967084646223
leaf_count=101 26 304 16 84 10
internal_value=0 0.00298768 -0.00993298 0 -0.0159105
internal_weight=52.6415 42.9238 9.71765 37.7386 7.46064
internal_count=541 414 127 388 111
is_linear=0
shrinkage=0.03


Tree=145
num_leaves=7
num_cat=0
split_feature=20 20 23 17 8 16
split_gain=2.28215 2.85806 2.24969 0.88511 0.736523 0.575811
threshold=0.24733750000000002 0.019577000000000004 0.24831400000000003 0.52130150000000008 8.2880465000000019 0.025125000000000005
decision_type=10 10 10 8 8 10
left_child=1 4 -3 5 -1 -2
right_child=3 2 -4 -5 -6 -7
leaf_value=-0.011987123017858226 0 0.016324450700806285 -0.00057024056624049044 0 0 -0.018181640969094831
leaf_weight=4.501564439386132 1.4521054625511132 13.401423014700415 6.5675098374485961 1.4227970950305469 19.998027188703418 6.6511286366730928
leaf_count=54 10 91 42 15 287 51
internal_value=-0.000488123 0.00201091 0.0101132 -0.0122366 -0.00388491 -0.0155134
internal_weight=53.9946 44.4685 19.9689 9.52603 24.4996 8.10323
internal_count=550 474 133 76 341 61
is_linear=0
shrinkage=0.03


Tree=146
num_leaves=6
num_cat=0
split_feature=4 19 23 20 15
split_gain=2.84524 3.66807 2.10948 0.912782 0.481848
threshold=1.0000000180025095e-35 0.078375500000000015 0.0070730000000000003 0.30294250000000006 0.25994750000000005
decision_type=10 8 10 10 8
left_child=1 4 -3 -2 -1
right_child=3 2 -4 -5 -6
leaf_value=-0.019854446451872003 0.018039699143553935 -0.0044163500934820913 0.0089626117726129047 0 0
leaf_weight=8.3526254203170502 5.173663303256034 24.003423513844609 14.082593496888874 1.275214225053787 1.5242309682071216
leaf_count=85 48 340 72 8 11
internal_value=-0.000565722 -0.00381218 9.36592e-05 0.0139488 -0.0177161
internal_weight=54.4118 47.9629 38.086 6.44888 9.87686
internal_count=564 508 412 56 96
is_linear=0
shrinkage=0.03


Tree=147
num_leaves=6
num_cat=0
split_feature=3 5 18 25 20
split_gain=2.31378 2.06323 1.68524 1.16062 0.413015
threshold=1.0000000180025095e-35 1.5000000000000002 0.095892500000000006 0.71372150000000012 0.21677400000000005
decision_type=10 8 10 2 10
left_child=1 3 -3 -1 -2
right_child=4 2 -4 -5 -6
leaf_value=-0.01675417652679366 0.014922931148904408 -0.0027700331461468861 0.012372920194741 -0.0004899406199730331 0
leaf_weight=11.010450756177308 4.2191909328103057 22.64912481606007 5.6286661624908438 11.548454038798807 0.94314648956060398
leaf_count=132 43 293 23 62 7
internal_value=-0.00179169 -0.00438639 0.000182649 -0.0106367 0.0123054
internal_weight=55.999 50.8367 28.2778 22.5589 5.16234
internal_count=560 510 316 194 50
is_linear=0
shrinkage=0.03


Tree=148
num_leaves=7
num_cat=0
split_feature=5 2 16 17 17 18
split_gain=1.74733 1.68759 1.18343 3.63209 0.533716 0.294712
threshold=1.5000000000000002 0.70833350000000006 0.076416000000000012 0.41435450000000001 0.10894200000000002 0.10344850000000001
decision_type=10 10 10 10 10 10
left_child=2 5 4 -4 -1 -2
right_child=1 -3 3 -5 -6 -7
leaf_value=0 0 -0.0030374652103239358 -0.016850753055913409 0.0077838379375295167 0.007652342744501355 0.019772107830290705
leaf_weight=24.674294499680403 3.9794521629810298 1.8342677131295211 10.497701788321136 4.7375149503350249 6.7003588490188113 5.530608631670475
leaf_count=359 21 15 90 27 50 25
internal_value=0.00113142 0.0105463 -0.00105454 -0.00752494 0.00159721 0.0156645
internal_weight=57.9542 11.3443 46.6099 15.2352 31.3747 9.51006
internal_count=587 61 526 117 409 46
is_linear=0
shrinkage=0.03


Tree=149
num_leaves=6
num_cat=0
split_feature=24 19 23 23 23
split_gain=2.59476 1.10207 1.2375 0.904355 0.906393
threshold=0.97204800000000013 0.0041160000000000007 0.27496700000000007 0.15473250000000002 0.043396000000000011
decision_type=2 8 8 8 10
left_child=3 -2 -3 4 -1
right_child=1 2 -4 -5 -6
leaf_value=-0.0081834537687279531 -0.0080712941031817441 0.010186535714718298 0 -0.01435927163697396 0.0094032085019823859
leaf_weight=2.2738201208412621 2.0888440012931815 18.925706628710032 18.858724765479565 9.8436965327709913 2.2315109297633171
leaf_count=37 43 117 209 125 11
internal_value=-3.19268e-05 0.00341855 0.0053363 -0.0102825 0
internal_weight=54.2223 39.8733 37.7844 14.349 4.50533
internal_count=542 369 326 173 48
is_linear=0
shrinkage=0.03


Tree=150
num_leaves=7
num_cat=0
split_feature=20 20 17 25 17 17
split_gain=2.45504 2.48896 1.70723 1.38926 0.963359 0.825573
threshold=0.26651250000000004 0.019577000000000004 0.43166150000000009 0.82579750000000007 0.025115000000000002 0.44580950000000003
decision_type=10 10 8 2 10 10
left_child=1 3 4 -1 -2 -3
right_child=2 5 -4 -5 -6 -7
leaf_value=-0.0084960649320168172 0 0.010800754965240538 0.00034431073635850701 0.0047512410040881472 -0.022497761738625804 -5.9348328138662823e-05
leaf_weight=18.262771485373381 1.4414773974567623 19.439156208187345 2.104220725595952 5.2225201129913321 6.0531146991997957 1.5554453134536732
leaf_count=273 10 127 19 60 51 12
internal_value=-0.00114217 0.00148498 -0.0131521 -0.00421301 -0.0188152 0.00883905
internal_weight=54.0787 44.4799 9.59881 23.4853 7.49459 20.9946
internal_count=552 472 80 333 61 139
is_linear=0
shrinkage=0.03


Tree=151
num_leaves=7
num_cat=0
split_feature=2 24 2 20 4 15
split_gain=1.46806 4.93916 2.51063 2.16538 0.75507 0.702013
threshold=0.32575750000000009 0.98850850000000012 1.0000000180025095e-35 0.020705500000000005 1.0000000180025095e-35 0.26799100000000003
decision_type=10 2 10 10 8 10
left_child=2 4 5 -3 -2 -1
right_child=1 3 -4 -5 -6 -7
leaf_value=0.0026208443281757121 -0.020478371722441473 -0.003638450107976368 0.018178035120999868 0.020574614132851748 0 -0.0081233824568688728
leaf_weight=29.376808531582355 7.5392208863049719 1.7015811018645752 7.3039069212973109 4.0317944511771202 1.2076110690832145 3.2125533670186988
leaf_count=356 91 30 38 18 10 18
internal_value=0.00191124 -0.0046932 0.00516847 0.0111721 -0.0178438 0.000123285
internal_weight=54.3735 14.4802 39.8933 5.73338 8.74683 32.5894
internal_count=561 149 412 48 101 374
is_linear=0
shrinkage=0.03


Tree=152
num_leaves=7
num_cat=0
split_feature=20 25 24 22 24 24
split_gain=2.25993 2.02209 1.50005 1.12136 1.0981 0.177592
threshold=0.27475150000000004 0.59491450000000012 0.95943100000000014 0.029121000000000005 0.93676350000000008 0.98241700000000021
decision_type=10 2 2 10 2 2
left_child=1 4 -3 5 -1 -2
right_child=3 2 -4 -5 -6 -7
leaf_value=0.0013587482157991974 -0.0038193361501894368 -0.0078438626985289622 0.0076700916045914268 -0.018514675569861697 -0.015383766221346705 0.0041714723065589205
leaf_weight=0.63195413909852405 1.6152541805058702 2.169885989278554 37.549944814294577 4.8679888844490051 4.5801763404160738 2.3162445835769176
leaf_count=7 26 27 333 35 115 10
internal_value=0 0.002687 0.005629 -0.0119602 -0.00994587 0
internal_weight=53.7314 44.932 39.7198 8.79949 5.21213 3.9315
internal_count=553 482 360 71 122 36
is_linear=0
shrinkage=0.03


Tree=153
num_leaves=6
num_cat=0
split_feature=4 18 24 15 18
split_gain=1.9453 2.07183 2.54583 0.816627 0.213101
threshold=1.0000000180025095e-35 0.062256500000000013 0.97677500000000006 0.4983515 0.17406150000000001
decision_type=10 8 2 10 10
left_child=1 3 -3 -1 -2
right_child=4 2 -4 -5 -6
leaf_value=-0.014843925332904405 0.015238809249693976 -0.006916888463207733 0.0076624296860530782 0 0
leaf_weight=9.1160477679222787 4.8225850276648989 14.33933989331126 22.888495698571205 0.91112103313207704 1.3285031616687772
leaf_count=106 43 180 209 4 10
internal_value=0.000205898 -0.0015983 0.001204 -0.0121866 0.0133248
internal_weight=53.4061 47.255 37.2278 10.0272 6.15109
internal_count=552 499 389 110 53
is_linear=0
shrinkage=0.03


Tree=154
num_leaves=7
num_cat=0
split_feature=20 20 16 18 25 25
split_gain=2.07497 2.00841 1.89047 1.55006 0.822792 0.200731
threshold=0.22530800000000004 0.019577000000000004 0.073182500000000011 0.24444000000000002 0.90518600000000016 0.71758400000000011
decision_type=10 10 10 8 2 2
left_child=1 4 -3 -2 -1 -5
right_child=3 2 -4 5 -6 -7
leaf_value=-0.0046070903190187033 -0.017789507256428 0.020001141233332655 0 -0.002323420125292049 0.0068590387171014022 0.0051196402175747229
leaf_weight=21.026986094191674 5.7552059665322277 6.8610731214284923 11.376941371709107 2.8528945967555055 3.0883992686867705 2.6870628520846367
leaf_count=310 59 49 76 19 34 13
internal_value=0 0.00329296 0.0102778 -0.00980988 -0.00143586 0
internal_weight=53.6486 42.3534 18.238 11.2952 24.1154 5.53996
internal_count=560 469 125 91 344 32
is_linear=0
shrinkage=0.03


end of trees

feature_importances:
embedding_cosine_gte_multilingual_base=112
reranker_score_gte_multilingual_reranker_base=89
shared_description_count_capped=60
shared_title_count_capped=57
max_category_share_percentile_gap_abs=55
description_length_median_percentile_gap_abs=50
repeated_title_share_percentile_gap_abs=50
profile_category_jaccard=48
title_length_median_percentile_gap_abs=46
repeated_description_share_percentile_gap_abs=37
punct_ratio_mean_percentile_gap_abs=36
shared_category_count_capped=31
price_median_percentile_gap_abs=27
item_count_percentile_gap_abs=14
digit_ratio_mean_percentile_gap_abs=14
shared_description_idf_mean=12
shared_description_idf_sum=9
same_market_raw_bool=4
shared_title_idf_sum=2
shared_title_idf_mean=2
boilerplate_ratio_gap_abs=1
shared_low_df_sentence_count=1
shared_rare_ngram_count=1

parameters:
[boosting: gbdt]
[objective: binary]
[metric: binary_logloss,auc]
[tree_learner: serial]
[device_type: cpu]
[data_sample_strategy: bagging]
[data: ]
[valid: ]
[num_iterations: 160]
[learning_rate: 0.03]
[num_leaves: 7]
[num_threads: 0]
[seed: 20260321]
[deterministic: 1]
[force_col_wise: 1]
[force_row_wise: 0]
[histogram_pool_size: -1]
[max_depth: 3]
[min_data_in_leaf: 10]
[min_sum_hessian_in_leaf: 0.001]
[bagging_fraction: 0.8]
[pos_bagging_fraction: 1]
[neg_bagging_fraction: 1]
[bagging_freq: 1]
[bagging_seed: 20260321]
[bagging_by_query: 0]
[feature_fraction: 0.6]
[feature_fraction_bynode: 1]
[feature_fraction_seed: 20260321]
[extra_trees: 0]
[extra_seed: 14909]
[early_stopping_round: 0]
[early_stopping_min_delta: 0]
[first_metric_only: 0]
[max_delta_step: 0]
[lambda_l1: 1]
[lambda_l2: 3]
[linear_lambda: 0]
[min_gain_to_split: 0.05]
[drop_rate: 0.1]
[max_drop: 50]
[skip_drop: 0.5]
[xgboost_dart_mode: 0]
[uniform_drop: 0]
[drop_seed: 4518]
[top_rate: 0.2]
[other_rate: 0.1]
[min_data_per_group: 100]
[max_cat_threshold: 32]
[cat_l2: 10]
[cat_smooth: 10]
[max_cat_to_onehot: 4]
[top_k: 20]
[monotone_constraints: ]
[monotone_constraints_method: basic]
[monotone_penalty: 0]
[feature_contri: ]
[forcedsplits_filename: ]
[refit_decay_rate: 0.9]
[cegb_tradeoff: 1]
[cegb_penalty_split: 0]
[cegb_penalty_feature_lazy: ]
[cegb_penalty_feature_coupled: ]
[path_smooth: 0]
[interaction_constraints: ]
[verbosity: -1]
[saved_feature_importance_type: 0]
[use_quantized_grad: 0]
[num_grad_quant_bins: 4]
[quant_train_renew_leaf: 0]
[stochastic_rounding: 1]
[linear_tree: 0]
[max_bin: 255]
[max_bin_by_feature: ]
[min_data_in_bin: 3]
[bin_construct_sample_cnt: 200000]
[data_random_seed: 20260321]
[is_enable_sparse: 1]
[enable_bundle: 1]
[use_missing: 1]
[zero_as_missing: 0]
[feature_pre_filter: 1]
[pre_partition: 0]
[two_round: 0]
[header: 0]
[label_column: ]
[weight_column: ]
[group_column: ]
[ignore_column: ]
[categorical_feature: ]
[forcedbins_filename: ]
[precise_float_parser: 0]
[parser_config_file: ]
[objective_seed: 21012]
[num_class: 1]
[is_unbalance: 0]
[scale_pos_weight: 1]
[sigmoid: 1]
[boost_from_average: 1]
[reg_sqrt: 0]
[alpha: 0.9]
[fair_c: 1]
[poisson_max_delta_step: 0.7]
[tweedie_variance_power: 1.5]
[lambdarank_truncation_level: 30]
[lambdarank_norm: 1]
[label_gain: ]
[lambdarank_position_bias_regularization: 0]
[eval_at: ]
[multi_error_top_k: 1]
[auc_mu_weights: ]
[num_machines: 1]
[local_listen_port: 12400]
[time_out: 120]
[machine_list_filename: ]
[machines: ]
[gpu_platform_id: -1]
[gpu_device_id: -1]
[gpu_use_dp: 0]
[num_gpu: 1]

end of parameters

pandas_categorical:null
