tree
version=v4
num_class=1
num_tree_per_iteration=1
label_index=0
max_feature_idx=25
objective=binary sigmoid:1
feature_names=same_market_raw_bool same_source_dataset_bool profile_category_jaccard shared_title_count_capped shared_description_count_capped shared_category_count_capped shared_title_idf_sum shared_description_idf_sum shared_title_idf_mean shared_description_idf_mean boilerplate_ratio_max boilerplate_ratio_gap_abs shared_boilerplate_count shared_low_df_sentence_count shared_rare_ngram_count item_count_percentile_gap_abs price_median_percentile_gap_abs title_length_median_percentile_gap_abs description_length_median_percentile_gap_abs digit_ratio_mean_percentile_gap_abs punct_ratio_mean_percentile_gap_abs repeated_title_share_percentile_gap_abs repeated_description_share_percentile_gap_abs max_category_share_percentile_gap_abs embedding_cosine_gte_multilingual_base reranker_score_gte_multilingual_reranker_base
feature_infos=[0:1] [0:1] [0:1] [0:5] [0:5] [0:5] [0:70.616864000000007] [0:79.443972000000002] [0:8.8271080000000008] [0:8.8271080000000008] [0:0.20000000000000001] [0:0.20000000000000001] [0:1] [0:9] [0:8] [0:0.70916299999999999] [0:0.96791400000000005] [0:0.92293000000000003] [0:0.88129299999999999] [0:0.90190499999999996] [0:0.93838699999999997] [0:0.78087600000000001] [0:0.625498] [0:0.99695599999999995] [0.88623300000000005:0.99833300000000003] [0.41123199999999999:0.96361600000000003]
tree_sizes=886 788 871 889 860 861 883 687 866 885 847 871 883 888 756 844 773 891 767 834 862 830 893 863 681 877 888 771 867 865 855 677 830 846 750 870 867 860 884 880 850 851 655 787 866 875 788 886 871 871 861 662 666 859 785 849 851 655 652 764 868 847 885 784 878 680 896 659 762 865 669 855 885 850 874 678 659 741 659 866 660 875 783 677 744 761 863 648 678 765 679 680 850 769 555 648 680 683 858 894 769 792 651 689 786 864 787 876 864 683 663 753 765 682 662 671 678 651 783 729

Tree=0
num_leaves=7
num_cat=0
split_feature=24 21 20 3 20 3
split_gain=130.491 45.0355 38.5107 10.6222 2.7955 2.33869
threshold=0.97851850000000018 0.052490000000000002 1.0000000180025095e-35 1.5000000000000002 0.062783000000000019 1.0000000180025095e-35
decision_type=2 10 8 10 10 8
left_child=1 5 -2 -4 -3 -1
right_child=2 4 3 -5 -6 -7
leaf_value=-0.047491643622209527 -0.033810578386151861 -7.8970330306222644e-10 0.020156363939325593 0.049570289618154552 0.026876809984529876 -0.022960602730229297
leaf_weight=40.445651650428772 7.1404408216476432 3.101445257663725 65.670654453337193 17.134788811206818 7.6819302439689636 20.898966148495674
leaf_count=226 40 13 361 37 21 271
internal_value=-0.0016655 -0.0312043 0.0219416 0.0281129 0.0194239 -0.0410608
internal_weight=162.074 72.128 89.9459 82.8054 10.7834 61.3446
internal_count=969 531 438 398 34 497
is_linear=0
shrinkage=1


Tree=1
num_leaves=6
num_cat=0
split_feature=3 2 2 19 16
split_gain=76.4941 24.4346 26.2907 8.38438 7.47788
threshold=1.0000000180025095e-35 0.41428550000000003 1.0000000180025095e-35 0.41832450000000004 0.23102650000000002
decision_type=10 10 10 10 10
left_child=1 2 -1 -3 -2
right_child=4 3 -4 -5 -6
leaf_value=-0.0071175028357943586 0.049985224698956401 -0.012193902493576655 0.028315345247495537 -0.043256997209306931 0.0014492974035559976
leaf_weight=73.192551918327808 24.874860316514972 29.426693201065063 21.924342960119247 13.810758993029593 4.8318903893232337
leaf_count=628 55 131 65 79 18
internal_value=0.00242914 -0.00699766 0.00136002 -0.0249276 0.043865
internal_weight=168.061 138.354 95.1169 43.2375 29.7068
internal_count=976 903 693 210 73
is_linear=0
shrinkage=0.03


Tree=2
num_leaves=7
num_cat=0
split_feature=25 25 19 20 4 7
split_gain=118.231 20.0033 20.5324 15.3719 6.99585 5.16766
threshold=0.70168600000000014 0.63185900000000006 0.24434850000000002 0.25015000000000004 1.0000000180025095e-35 8.1421350000000015
decision_type=2 2 10 10 10 10
left_child=1 5 -3 4 -2 -1
right_child=3 2 -4 -5 -6 -7
leaf_value=-0.043919717878510268 0.019591296674348568 0.0044308934700515463 -0.035354034228480949 -0.0012550996475202321 0.044702115444778728 0
leaf_weight=36.101365879178047 47.299567237496376 28.156951420009136 15.190937265753744 15.788792163133619 21.831046506762505 1.4389362335205067
leaf_count=306 289 192 82 65 51 5
internal_value=-0.000575099 -0.0262127 -0.0102501 0.0235654 0.0294665 -0.0417822
internal_weight=165.808 80.8882 43.3479 84.9194 69.1306 37.5403
internal_count=990 585 274 405 340 311
is_linear=0
shrinkage=0.03


Tree=3
num_leaves=7
num_cat=0
split_feature=24 21 25 25 24 22
split_gain=105.951 65.8356 45.7092 4.92775 4.42077 4.27374
threshold=0.97851850000000018 0.052490000000000002 0.61878350000000004 0.74758450000000021 0.95943100000000014 0.0022595000000000007
decision_type=2 10 2 2 2 10
left_child=1 3 5 -1 -3 -2
right_child=2 4 -4 -5 -6 -7
leaf_value=-0.041892491673350692 -0.037223114663107293 -0.0055418268898434382 0.029862217964604847 -0.0082923356196397697 0.032365020904111239 0.0011755353045823373
leaf_weight=52.994971264153719 8.6341947913169843 0.85583461821079154 81.709818083792925 8.5618511736392957 13.448052853345869 1.2685650438070286
leaf_count=434 74 5 367 65 36 4
internal_value=0.000650598 -0.0248624 0.0222125 -0.0382863 0.0277957 -0.0308495
internal_weight=167.473 75.8607 91.6126 61.5568 14.3039 9.90276
internal_count=985 540 445 499 41 78
is_linear=0
shrinkage=0.03


Tree=4
num_leaves=7
num_cat=0
split_feature=24 19 3 3 5 24
split_gain=99.9007 32.2421 17.5088 13.3035 12.1922 1.4649
threshold=0.97683400000000009 0.0041160000000000007 1.0000000180025095e-35 1.5000000000000002 1.5000000000000002 0.99163200000000018
decision_type=2 8 10 10 10 2
left_child=2 5 4 -3 -1 -2
right_child=1 3 -4 -5 -6 -7
leaf_value=-0.034609367043741207 -0.031782703718231484 0.017372431747377032 0.015320143409041869 0.046903811659728123 0.0090893839333912128 0
leaf_weight=58.297820936888456 6.9493399709463102 73.042491964995861 5.524838685989379 19.781480103731155 3.9674275070428839 1.9483090490102766
leaf_count=463 39 404 17 43 13 8
internal_value=0.0009838 0.0197406 -0.0263815 0.0252503 -0.0310755 -0.0270908
internal_weight=169.512 101.722 67.7901 92.824 62.2652 8.89765
internal_count=987 494 493 447 476 47
is_linear=0
shrinkage=0.03


Tree=5
num_leaves=7
num_cat=0
split_feature=25 24 5 24 4 16
split_gain=101.184 25.701 23.5148 14.8159 8.33047 2.05765
threshold=0.71548950000000011 0.97683400000000009 1.5000000000000002 0.9924940000000001 1.0000000180025095e-35 0.47068100000000007
decision_type=2 2 10 2 10 10
left_child=2 4 3 -1 -2 -3
right_child=1 5 -4 -5 -6 -7
leaf_value=-0.029937473535847414 -0.017464091409624766 0.035211187055892386 0.025424772226483646 0.013695232693108088 0.022280879620757248 0
leaf_weight=73.977428123354912 13.206748105585577 56.500223722308874 5.7630830854177466 5.0105244629085055 3.3991292864084235 2.4104621410369864
leaf_count=579 101 241 15 24 8 9
internal_value=0.000169249 0.0250856 -0.021789 -0.0264039 -0.00563392 0.0340829
internal_weight=160.268 75.5166 84.751 78.988 16.6059 58.9107
internal_count=977 359 618 603 109 250
is_linear=0
shrinkage=0.03


Tree=6
num_leaves=7
num_cat=0
split_feature=25 20 5 21 4 21
split_gain=92.4157 16.9381 12.9854 12.2667 9.31911 2.74922
threshold=0.68428500000000014 0.25015000000000004 1.5000000000000002 0.10762700000000001 1.0000000180025095e-35 0.24561150000000001
decision_type=2 10 10 10 10 10
left_child=2 4 3 -1 -2 -3
right_child=1 5 -4 -5 -6 -7
leaf_value=-0.033365438371799533 0.015041809472216429 -0.01170576508520127 0.016096634509292315 0.010622528215295728 0.040154014220380493 0.01046291486707859
leaf_weight=60.444857839494944 54.847540512681007 15.417680129408838 3.2837942987680426 3.8001738488674155 23.497975632548332 2.9925591498613349
leaf_count=483 341 70 9 12 57 9
internal_value=-0.000252529 0.0181567 -0.0267051 -0.0299595 0.0241455 -0.00573994
internal_weight=164.285 96.7558 67.5288 64.245 78.3455 18.4102
internal_count=981 477 504 495 398 79
is_linear=0
shrinkage=0.03


Tree=7
num_leaves=5
num_cat=0
split_feature=3 21 19 22
split_gain=68.7412 30.6676 10.1848 7.99627
threshold=1.5000000000000002 0.00092500000000000015 0.38322950000000006 0.040437500000000008
decision_type=10 8 10 10
left_child=1 2 -1 -3
right_child=-2 3 -4 -5
leaf_value=-0.013468063135929815 0.045595006480142281 -0.0029241211573204987 -0.042965441687323455 0.016421909386492104
leaf_weight=38.635691940784454 21.403151035308838 66.275654833763838 18.713089779019356 23.010716214776039
leaf_count=176 47 604 109 77
internal_value=-0.000914576 -0.00868171 -0.0252476 0.00210839
internal_weight=168.038 146.635 57.3488 89.2864
internal_count=1013 966 285 681
is_linear=0
shrinkage=0.03


Tree=8
num_leaves=7
num_cat=0
split_feature=25 24 5 21 24 15
split_gain=90.5915 26.5961 22.4419 13.4174 11.4279 6.879
threshold=0.69844400000000018 0.97683400000000009 1.5000000000000002 0.12386950000000001 0.97334950000000009 0.0022240000000000003
decision_type=2 2 10 10 2 8
left_child=2 3 4 -2 -1 -3
right_child=1 5 -4 -5 -6 -7
leaf_value=-0.038873268748801065 -0.02022318619682913 0 0.022990992271180708 0.024216458230652015 -0.011874875380055107 0.033617501316177273
leaf_weight=37.794228218495846 16.007812879979614 6.1261500567197791 5.9188185930252066 5.7398201525211325 33.566066887229681 58.785099759697914
leaf_count=312 123 24 16 15 234 258
internal_value=0.000366005 0.0212591 -0.0226082 -0.00576827 -0.0275688 0.0306109
internal_weight=163.938 86.6589 77.2791 21.7476 71.3603 64.9112
internal_count=982 420 562 138 546 282
is_linear=0
shrinkage=0.03


Tree=9
num_leaves=7
num_cat=0
split_feature=25 24 5 21 25 16
split_gain=88.0351 36.9154 21.2653 15.3997 7.32021 6.25941
threshold=0.68428500000000014 0.97718500000000008 1.5000000000000002 0.12386950000000001 0.62835750000000012 0.47068100000000007
decision_type=2 2 10 10 2 10
left_child=2 3 4 -2 -1 -3
right_child=1 5 -4 -5 -6 -7
leaf_value=-0.040130307442903447 -0.022521971902003907 0.031870358117876668 0.02091893352395589 0.020931383280471855 -0.015196171076949264 -0.0017174401091260261
leaf_weight=33.87680883705616 20.580808736383919 66.297985553741455 5.4571462273597708 7.3278192877769461 30.327224567532539 3.2546027153730384
leaf_count=292 164 282 15 21 214 14
internal_value=7.92931e-05 0.0184439 -0.024902 -0.00921784 -0.030003 0.0298792
internal_weight=167.122 97.4612 69.6612 27.9086 64.204 69.5526
internal_count=1002 481 521 185 506 296
is_linear=0
shrinkage=0.03


Tree=10
num_leaves=7
num_cat=0
split_feature=24 25 4 20 5 15
split_gain=80.6949 47.1424 14.3871 9.52493 5.80282 4.77203
threshold=0.97334950000000009 0.62835750000000012 1.0000000180025095e-35 0.24733750000000002 1.5000000000000002 0.03284850000000001
decision_type=2 2 10 10 10 10
left_child=2 5 4 -3 -1 -2
right_child=1 3 -4 -5 -6 -7
leaf_value=-0.035846592650852313 -0.035531424599002097 0.027269904770484139 0.012625364149985928 0 0.0017549858962308395 0
leaf_weight=49.23519167304039 12.679575245827438 75.096077844500542 4.2151658535003653 15.789104074239729 2.0651359260082236 3.7004121989011756
leaf_count=403 110 359 13 62 7 15
internal_value=-0.000631644 0.0143087 -0.0292652 0.0229625 -0.0337671 -0.028281
internal_weight=162.781 107.265 55.5155 90.8852 51.3003 16.38
internal_count=969 546 423 421 410 125
is_linear=0
shrinkage=0.03


Tree=11
num_leaves=7
num_cat=0
split_feature=25 24 3 24 25 24
split_gain=79.6448 26.6194 12.483 9.81647 12.4718 1.44385
threshold=0.68106350000000015 0.95943100000000014 1.0000000180025095e-35 0.97418450000000012 0.58515400000000006 0.91731600000000013
decision_type=2 2 8 2 2 2
left_child=3 -2 -3 5 -5 -1
right_child=1 2 -4 4 -6 -7
leaf_value=0 -0.029653174394884532 0.0079029415293298041 0.032134795884988542 -0.035966491709362648 0.0010105927133934908 -0.036551068046035258
leaf_weight=1.6781692355871189 6.9311742782592765 41.193074688315392 47.876753974705935 8.3216140083968622 24.151471823453903 34.075590811669827
leaf_count=11 57 151 277 75 142 285
internal_value=-0.000163064 0.0170673 0.0218765 -0.0245265 -0.00985986 -0.0352788
internal_weight=164.228 96.001 89.0698 68.2268 32.4731 35.7538
internal_count=998 485 428 513 217 296
is_linear=0
shrinkage=0.03


Tree=12
num_leaves=7
num_cat=0
split_feature=25 4 4 25 25 21
split_gain=66.9766 19.8294 17.7813 5.04627 4.52272 4.16273
threshold=0.68428500000000014 1.0000000180025095e-35 1.0000000180025095e-35 0.69844400000000018 0.63185900000000006 0.11378600000000001
decision_type=2 8 10 2 2 10
left_child=2 5 4 -3 -1 -2
right_child=1 3 -4 -5 -6 -7
leaf_value=-0.036550378493549883 -0.0058712826747709859 -0.00043162326567805883 0.014387656023389572 0.02954443739103119 -0.014080800574263747 0.014401980768671043
leaf_weight=34.693036567419767 31.154988020658493 3.3479761034250251 7.1034294217824927 48.42167442291975 24.79819868132472 9.3859857171773893
leaf_count=295 133 32 23 276 193 30
internal_value=-0.00079934 0.0153638 -0.0233315 0.0271407 -0.0287899 0
internal_weight=158.905 92.3106 66.5947 51.7697 59.4912 40.541
internal_count=982 471 511 308 488 163
is_linear=0
shrinkage=0.03


Tree=13
num_leaves=7
num_cat=0
split_feature=25 24 25 24 21 20
split_gain=73.46 22.7857 14.7441 15.7691 10.5673 3.26284
threshold=0.70063150000000007 0.97718500000000008 0.59205150000000006 0.97151950000000009 0.12386950000000001 0.25015000000000004
decision_type=2 2 2 2 10 10
left_child=2 4 -1 -4 -2 -3
right_child=1 5 3 -5 -6 -7
leaf_value=-0.038865414045922732 -0.016721167479790217 0.031892867958923175 -0.028050659075413632 0.0032676847418678556 0.021213836561349272 0.005825015289567026
leaf_weight=23.927020624279976 17.330397848039869 52.33921804651618 20.985788028687239 31.591158133000135 6.4828904420137397 9.5481027513742429
leaf_count=209 133 231 175 190 18 34
internal_value=0.000562489 0.0194952 -0.0202042 -0.00953244 -0.00405692 0.0287887
internal_weight=162.205 85.7006 76.504 52.5769 23.8133 61.8873
internal_count=990 416 574 365 151 265
is_linear=0
shrinkage=0.03


Tree=14
num_leaves=6
num_cat=0
split_feature=24 19 3 4 24
split_gain=69.4238 28.6033 19.6737 13.5585 2.86761
threshold=0.96567650000000016 0.0041160000000000007 1.5000000000000002 1.5000000000000002 0.99270800000000003
decision_type=2 8 10 10 2
left_child=3 4 -3 -1 -2
right_child=1 2 -4 -5 -6
leaf_value=-0.041241534422871408 -0.036248672678877797 0.0091089799996703011 0.041094620258795907 0.01141056302835184 0
leaf_weight=30.798065986484289 8.4408908784389478 100.33669417351484 20.106545716524124 2.7889776676893225 1.5699452459812153
leaf_count=276 51 598 46 8 6
internal_value=0.000960905 0.0111524 0.0155606 -0.0354724 -0.0309363
internal_weight=164.041 130.454 120.443 33.587 10.0108
internal_count=985 701 644 284 57
is_linear=0
shrinkage=0.03


Tree=15
num_leaves=7
num_cat=0
split_feature=25 21 5 19 19 25
split_gain=69.6055 21.807 8.97363 6.27068 2.70666 0.78614
threshold=0.71548950000000011 0.062116500000000012 1.5000000000000002 0.57113900000000017 0.005497000000000001 0.63467600000000013
decision_type=2 10 10 10 8 2
left_child=1 2 -1 4 -2 -3
right_child=3 5 -4 -5 -6 -7
leaf_value=-0.025120457942083479 0 0 0.0098455793777121135 -0.0081295864255287471 0.024432871388266005 0.025588962740697389
leaf_weight=72.391164764761925 2.6919176131486884 2.5663648396730405 4.386002615094184 3.2403483837842932 71.806016903370619 6.1355254203081131
leaf_count=580 11 10 14 16 342 16
internal_value=0.0011156 -0.0170968 -0.0224518 0.0214042 0.0233409 0.0212304
internal_weight=163.217 85.4791 76.7772 77.7383 74.4979 8.70189
internal_count=989 620 594 369 353 26
is_linear=0
shrinkage=0.03


Tree=16
num_leaves=6
num_cat=0
split_feature=24 19 4 3 24
split_gain=55.8313 23.4042 15.6184 7.24992 6.53642
threshold=0.97851850000000018 0.0041160000000000007 1.0000000180025095e-35 1.5000000000000002 0.96567650000000016
decision_type=2 8 10 10 2
left_child=2 -2 4 -3 -1
right_child=1 3 -4 -5 -6
leaf_value=-0.034136421657066339 -0.027779100171576459 0.014403632176738979 0.018177948715502459 0.038919863003583376 -0.011954620738773318
leaf_weight=30.08601938560605 6.6936755031347266 60.578850548714399 6.1058827191591254 16.77839133143425 36.059154063463211
leaf_count=268 39 351 18 39 259
internal_value=0 0.0162693 -0.0190143 0.0213489 -0.0235212
internal_weight=156.302 84.0509 72.2511 77.3572 66.1452
internal_count=974 429 545 390 527
is_linear=0
shrinkage=0.03


Tree=17
num_leaves=7
num_cat=0
split_feature=25 23 23 20 4 25
split_gain=62.2342 11.1107 14.2797 9.99077 6.84239 1.77925
threshold=0.68316900000000003 0.0072370000000000012 0.73399800000000004 0.25015000000000004 1.0000000180025095e-35 0.78920150000000011
decision_type=2 10 10 10 10 2
left_child=1 -1 -3 4 -2 -5
right_child=3 2 -4 5 -6 -7
leaf_value=-0.029890562437897731 0.013072337026443963 0.015212387432496394 -0.024501041970013949 -0.0080266297404153145 0.035024939906535671 0.007987133062045685
leaf_weight=40.705056130886078 53.930023528635502 13.677910760045053 12.508314982056616 13.37702037394047 23.255570992827415 6.1291390359401694
leaf_count=393 342 47 70 61 59 21
internal_value=0.00103638 -0.0204979 -0.0032981 0.0164033 0.0211236 -0.00126795
internal_weight=163.583 66.8913 26.1862 96.6918 77.1856 19.5062
internal_count=993 510 117 483 401 82
is_linear=0
shrinkage=0.03


Tree=18
num_leaves=6
num_cat=0
split_feature=24 3 23 22 7
split_gain=50.7444 25.8969 17.0482 6.74508 1.38402
threshold=0.96567650000000016 1.5000000000000002 0.00089200000000000011 0.13270100000000004 16.630843500000005
decision_type=2 10 8 10 10
left_child=3 2 -2 4 -1
right_child=1 -3 -4 -5 -6
leaf_value=-0.03804769428101952 -0.016208696506613413 0.038483042135936771 0.0094131623714404662 1.6010541956210037e-05 0
leaf_weight=28.431389082223181 30.422637790441513 17.767703413963318 73.343564908951521 3.2872022986412039 0.97187323868274589
leaf_count=265 148 42 493 13 4
internal_value=-0.00102594 0.00783804 0.00137588 -0.0327091 -0.0369563
internal_weight=154.224 121.534 103.766 32.6905 29.4033
internal_count=965 683 641 282 269
is_linear=0
shrinkage=0.03


Tree=19
num_leaves=7
num_cat=0
split_feature=21 19 7 23 22 6
split_gain=30.9694 24.61 12.2891 9.55931 1.02108 0.63619
threshold=0.045361000000000005 0.38322950000000006 17.510375000000007 1.0000000180025095e-35 0.0095365000000000016 8.2941500000000019
decision_type=10 10 10 10 10 10
left_child=1 2 -1 -2 -5 -3
right_child=3 5 -4 4 -6 -7
leaf_value=-0.0033321241666141341 -0.010338589996225639 -0.03279649959315651 0.028089416872292057 0 0.033113432124578825 0
leaf_weight=92.975581753998995 3.018925383687022 23.194177463650707 9.6675692647695524 0.75053656101227062 25.543505489826202 1.8839277625083912
leaf_count=715 15 136 25 3 68 8
internal_value=0 -0.006459 5.7004e-05 0.0263402 0.032203 -0.0313536
internal_weight=157.034 127.721 102.643 29.313 26.294 25.0781
internal_count=970 884 740 86 71 144
is_linear=0
shrinkage=0.03


Tree=20
num_leaves=7
num_cat=0
split_feature=24 25 3 25 2 18
split_gain=66.5889 25.0394 15.2414 6.98349 5.67079 0.580626
threshold=0.97851850000000018 0.61878350000000004 1.5000000000000002 0.70168600000000014 0.47222200000000009 0.26864650000000007
decision_type=2 2 10 2 10 10
left_child=2 5 4 -3 -1 -2
right_child=1 3 -4 -5 -6 -7
leaf_value=-0.016564533679958825 -0.028155361947222693 0.003830784471151719 0.022375714784959373 0.026627120197026788 -0.03926039123898753 0
leaf_weight=45.108562309294939 7.2299598567187768 20.407266225665808 3.51662254333496 59.930229540914297 22.086795940995216 0.97272650897502888
leaf_count=407 70 114 8 261 137 4
internal_value=-0.000814895 0.0160998 -0.0221945 0.0215428 -0.025811 -0.026024
internal_weight=159.252 88.5402 70.712 80.3375 67.1954 8.20269
internal_count=1001 449 552 375 544 74
is_linear=0
shrinkage=0.03


Tree=21
num_leaves=7
num_cat=0
split_feature=24 19 21 3 24 9
split_gain=54.2325 24.9553 15.6662 9.75057 2.61904 0.797445
threshold=0.97286400000000006 0.0041160000000000007 0.13168750000000004 1.5000000000000002 0.9924940000000001 8.0951295000000005
decision_type=2 8 10 10 2 10
left_child=2 4 5 -3 -2 -1
right_child=1 3 -4 -5 -6 -7
leaf_value=-0.030242101972170272 -0.033267211803802529 0.011536743930012798 0.013640959108428035 0.037061713402729922 0 0
leaf_weight=46.020784340798855 7.572033151984213 77.061566647142172 6.0233305990695944 17.6397924721241 1.5482598245143888 1.1286074817180622
leaf_count=404 47 446 19 43 6 5
internal_value=0 0.0126574 -0.0237539 0.0175903 -0.0277643 -0.0296596
internal_weight=156.994 103.822 53.1727 94.7014 9.12029 47.1494
internal_count=970 542 428 489 53 409
is_linear=0
shrinkage=0.03


Tree=22
num_leaves=7
num_cat=0
split_feature=25 24 4 23 23 23
split_gain=52.7426 18.6188 13.3012 7.33181 7.07331 4.78769
threshold=0.68316900000000003 0.95943100000000014 1.0000000180025095e-35 0.73287700000000011 0.016871000000000004 0.71218550000000014
decision_type=2 2 10 10 8 10
left_child=2 -2 4 -3 -1 -4
right_child=1 3 5 -5 -6 -7
leaf_value=-0.037937250073055047 -0.024674620813517394 0.021834083897354924 0.02675961704877107 -0.0014990080256930259 -0.013196863968027687 -0.0090222396497770564
leaf_weight=22.378870874643326 6.7557225860655299 77.027499455958605 4.6906134486198416 11.069141015410422 36.561706364154816 2.3207088857889175
leaf_count=142 57 386 11 46 351 12
internal_value=0.000234528 0.0145681 -0.0196819 0.0186202 -0.0244572 0.0127649
internal_weight=160.804 94.8524 65.9519 88.0966 58.9406 7.01132
internal_count=1005 489 516 432 493 23
is_linear=0
shrinkage=0.03


Tree=23
num_leaves=7
num_cat=0
split_feature=25 24 5 21 9 20
split_gain=51.6805 20.4909 12.1466 10.6645 7.34745 5.03935
threshold=0.68106350000000015 0.97683400000000009 1.5000000000000002 0.12386950000000001 8.0951295000000005 0.28273050000000005
decision_type=2 2 10 10 10 10
left_child=2 3 4 -2 -1 -3
right_child=1 5 -4 -5 -6 -7
leaf_value=-0.027797549027085169 -0.019260604610046899 0.02518797125231861 0.015556934174244072 0.017003030060862921 0.0050345738425723796 0
leaf_weight=56.922390718013048 19.59620770812035 55.624911308288574 4.4868450760841361 7.3139635026454917 4.2267146557569495 9.6575583666563016
leaf_count=483 158 267 13 22 15 37
internal_value=-0.0011775 0.0129576 -0.0211673 -0.00768461 -0.0249312 0.0218696
internal_weight=157.829 92.1926 65.636 26.9102 61.1491 65.2825
internal_count=995 484 511 180 498 304
is_linear=0
shrinkage=0.03


Tree=24
num_leaves=5
num_cat=0
split_feature=3 21 23 9
split_gain=34.9888 19.034 9.93331 5.08938
threshold=1.5000000000000002 0.11378600000000001 0.016871000000000004 7.9813810000000007
decision_type=10 8 10 10
left_child=1 3 -3 -1
right_child=-2 2 -4 -5
leaf_value=-0.018752230361172899 0.036416349502965316 -0.00045486174512721262 0.026315482220201313 0.0015386374397974489
leaf_weight=65.885130524635315 16.923258036375046 41.706693861633539 13.592728078365324 9.5772352218627912
leaf_count=342 42 491 38 36
internal_value=-0.000468231 -0.00617581 0.00662631 -0.0158343
internal_weight=147.685 130.762 55.2994 75.4624
internal_count=949 907 529 378
is_linear=0
shrinkage=0.03


Tree=25
num_leaves=7
num_cat=0
split_feature=25 20 3 21 3 13
split_gain=42.3973 18.0806 9.98717 6.78356 5.47745 0.703866
threshold=0.63185900000000006 0.23727050000000002 1.0000000180025095e-35 0.00092500000000000015 1.0000000180025095e-35 1.0000000180025095e-35
decision_type=2 10 10 10 10 10
left_child=4 2 -2 -3 5 -1
right_child=1 3 -4 -5 -6 -7
leaf_value=-0.031082553962717783 0.0093553765541018567 -0.019601387009014221 0.034274238972298088 0.0049841826433069851 0.0054783555672826244 0
leaf_weight=31.452493857592344 68.267078146338463 18.83731535077095 19.679821640253067 14.169670566916464 1.8477797657251347 1.125476911664008
leaf_count=288 475 100 51 55 6 5
internal_value=0.000507261 0.00912919 0.016208 -0.0086779 -0.0272876 -0.0302945
internal_weight=155.38 120.954 87.9469 33.007 34.4258 32.578
internal_count=980 681 526 155 299 293
is_linear=0
shrinkage=0.03


Tree=26
num_leaves=7
num_cat=0
split_feature=25 4 21 5 16 23
split_gain=41.6415 14.3815 11.3067 7.78837 6.92294 4.22884
threshold=0.68106350000000015 1.0000000180025095e-35 1.0000000180025095e-35 1.5000000000000002 0.064248000000000013 0.81133400000000011
decision_type=2 10 8 10 10 10
left_child=1 3 4 -1 -2 -4
right_child=2 -3 5 -5 -6 -7
leaf_value=-0.024801030544802032 0.01014061081383744 0.0185849516799119 0.022559437543599074 0.0094970081093113164 -0.018485649602964005 -0.0033239306303438172
leaf_weight=52.429568525403738 13.800624474883081 6.1088825166225424 63.496672142297029 3.7685021162033072 10.42269119620323 3.2719974964857093
leaf_count=470 50 18 360 12 53 15
internal_value=0.00166591 -0.0165548 0.0145919 -0.0216296 -0.00175433 0.0207726
internal_weight=153.299 62.307 90.992 56.1981 24.2233 66.7687
internal_count=978 500 478 482 103 375
is_linear=0
shrinkage=0.03


Tree=27
num_leaves=6
num_cat=0
split_feature=4 23 23 23 15
split_gain=29.9709 19.836 17.0194 13.6845 3.56456
threshold=1.0000000180025095e-35 0.73287700000000011 0.00089200000000000011 0.57592050000000017 0.21938700000000003
decision_type=10 10 8 8 10
left_child=2 -2 4 -4 -1
right_child=1 -3 3 -5 -6
leaf_value=-0.027042224504530983 0.034915084046723277 -0.020680779035848848 0.018229724325278921 -0.0072276053368343744 0
leaf_weight=31.524376660585403 25.693174183368686 4.3839847594499579 24.006008639931679 60.962888330221176 6.425220012664794
leaf_count=182 68 23 78 603 30
internal_value=-0.000454251 0.0247639 -0.00730615 1.54368e-07 -0.0231991
internal_weight=152.996 30.0772 122.918 84.9689 37.9496
internal_count=984 91 893 681 212
is_linear=0
shrinkage=0.03


Tree=28
num_leaves=7
num_cat=0
split_feature=24 21 25 2 16 2
split_gain=42.6907 25.9126 17.9439 6.04621 2.84234 2.76943
threshold=0.98260900000000007 0.12386950000000001 0.61878350000000004 0.47222200000000009 0.48810300000000006 0.34848450000000003
decision_type=2 10 2 10 10 8
left_child=1 3 5 -1 -4 -2
right_child=2 -3 4 -5 -6 -7
leaf_value=-0.012969389509376603 0.0029700855209030212 0.02115771597113374 0.023829106650306225 -0.034109333328295424 0 -0.025334476000614604
leaf_weight=49.042887680232525 1.2292592972516985 12.278989151120184 58.206393007189035 24.243378669023514 2.6381161808967581 6.8492840714752683
leaf_count=465 4 37 269 151 11 64
internal_value=-0.000344082 -0.0144633 0.0166395 -0.0214222 0.0224565 -0.0186816
internal_weight=154.488 85.5653 68.9231 73.2863 60.8445 8.07854
internal_count=1001 653 348 616 280 68
is_linear=0
shrinkage=0.03


Tree=29
num_leaves=7
num_cat=0
split_feature=25 20 4 5 21 13
split_gain=38.72 15.922 8.06308 5.86024 3.74042 3.59195
threshold=0.62835750000000012 0.28273050000000005 1.0000000180025095e-35 1.5000000000000002 0.00092500000000000015 1.0000000180025095e-35
decision_type=2 10 10 10 10 10
left_child=3 2 -2 5 -3 -1
right_child=1 4 -4 -5 -6 -7
leaf_value=-0.033556671446393939 0.0072094713851000615 -0.020045207686549479 0.027911190602437217 0.0064302478867884361 5.8772435399657387e-05 0
leaf_weight=28.688875254243619 71.797043938189745 15.248013764619829 24.225890427827835 1.7096106112003315 10.052473172545431 1.4062718152999867
leaf_count=278 491 85 70 5 41 5
internal_value=0 0.00775506 0.0134227 -0.0280431 -0.0118379 -0.0313133
internal_weight=153.128 121.323 96.0229 31.8048 25.3005 30.0951
internal_count=975 687 561 288 126 283
is_linear=0
shrinkage=0.03


Tree=30
num_leaves=7
num_cat=0
split_feature=24 25 21 20 25 17
split_gain=33.5454 20.2142 19.4516 5.95196 3.35022 1.76555
threshold=0.97334950000000009 0.58515400000000006 0.12386950000000001 0.15918700000000002 0.74035250000000008 0.31416550000000004
decision_type=2 2 10 10 2 8
left_child=2 -2 4 -3 -1 -4
right_child=1 3 5 -5 -6 -7
leaf_value=-0.030490116778813265 -0.028938774034643958 0.01952559620006989 0.023103420658595088 0.00069489187486806764 -0.00057826146703089209 0
leaf_weight=36.891241356730461 7.3983091637492171 63.560190722346306 5.7416095435619328 24.221263349056244 6.079685002565383 2.7034759819507608
leaf_count=352 76 365 15 96 48 11
internal_value=0 0.010365 -0.0189995 0.0148548 -0.0272246 0.0163966
internal_weight=146.596 95.1798 51.416 87.7815 42.9709 8.44509
internal_count=963 537 426 461 400 26
is_linear=0
shrinkage=0.03


Tree=31
num_leaves=5
num_cat=0
split_feature=3 25 5 21
split_gain=34.2173 20.7472 9.30335 7.19061
threshold=1.5000000000000002 0.68316900000000003 1.5000000000000002 0.29816800000000004
decision_type=10 2 10 8
left_child=1 2 -1 -3
right_child=-2 3 -4 -5
leaf_value=-0.020992404207753355 0.035554064910997892 -0.0013630081178963374 0.013901235594699199 0.016539347672111702
leaf_weight=54.269152004271746 19.634128838777542 43.150583207607269 4.6553078293800345 30.468060988932848
leaf_count=472 52 180 14 253
internal_value=0.00128609 -0.00424339 -0.0172113 0.00601207
internal_weight=152.177 132.543 58.9245 73.6186
internal_count=971 919 486 433
is_linear=0
shrinkage=0.03


Tree=32
num_leaves=7
num_cat=0
split_feature=25 24 19 19 21 22
split_gain=31.5118 22.8946 11.9529 3.71677 1.39796 1.60878
threshold=0.60031250000000014 0.96567650000000016 0.57113900000000017 0.20602100000000004 0.021265500000000003 0.11148500000000001
decision_type=2 2 10 8 10 10
left_child=4 3 -3 -2 5 -1
right_child=1 2 -4 -5 -6 -7
leaf_value=-0.034550806881036893 0 0.01420951129262805 -0.019411705028855131 -0.028505011899638916 0 0
leaf_weight=20.165376864373691 4.8212324976921108 96.558071110397577 7.2030508369207373 14.533286798745392 0.91712051630020042 1.3469943702220906
leaf_count=213 22 528 41 151 4 8
internal_value=-0.000697022 0.00525676 0.0111147 -0.022083 -0.0313218 -0.032697
internal_weight=145.545 123.116 103.761 19.3545 22.4295 21.5124
internal_count=967 742 569 173 225 221
is_linear=0
shrinkage=0.03


Tree=33
num_leaves=7
num_cat=0
split_feature=24 15 3 24 19 20
split_gain=33.1317 16.0929 8.5282 8.33311 4.9928 1.40962
threshold=0.96567650000000016 1.0000000180025095e-35 1.5000000000000002 0.99186800000000008 0.20602100000000004 0.027231500000000002
decision_type=2 8 10 2 8 8
left_child=4 3 -3 -2 -1 -6
right_child=1 2 -4 -5 5 -7
leaf_value=0 -0.024652843744590286 0.0084361009707720619 0.032935917877530987 0.012289453175473449 0 -0.032621352387735808
leaf_weight=6.1601146757602718 15.15643620491028 83.819769568741322 15.025644600391386 4.5096243917942038 0.86690415441990154 22.790451340377331
leaf_count=30 91 545 41 15 4 244
internal_value=0.000840845 0.0082362 0.0133154 -0.0143527 -0.0257043 -0.0313362
internal_weight=148.329 118.511 98.8454 19.6661 29.8175 23.6574
internal_count=970 692 586 106 278 248
is_linear=0
shrinkage=0.03


Tree=34
num_leaves=6
num_cat=0
split_feature=21 19 19 23 15
split_gain=24.0982 17.3005 8.06011 3.96501 1.08665
threshold=0.052490000000000002 0.38322950000000006 0.0041160000000000007 1.0000000180025095e-35 0.35334300000000007
decision_type=10 10 8 10 10
left_child=1 2 -1 -2 -3
right_child=3 4 -4 -5 -6
leaf_value=-0.022921447515795824 0 -0.031552956465713357 0.002176658855521864 0.027607595377248467 0
leaf_weight=10.05447795987129 3.4277815073728588 18.95926391333342 89.75577051192522 23.179105594754219 2.850081965327262
leaf_count=63 15 125 701 67 15
internal_value=-0.000599439 -0.00655709 -0.000654894 0.0235246 -0.0290137
internal_weight=148.226 121.62 99.8102 26.6069 21.8093
internal_count=986 904 764 82 140
is_linear=0
shrinkage=0.03


Tree=35
num_leaves=7
num_cat=0
split_feature=25 19 19 24 24 24
split_gain=27.1922 11.901 9.72864 9.65027 4.38889 3.58795
threshold=0.71548950000000011 0.26923150000000007 0.0013750000000000001 0.97683400000000009 0.98260900000000007 0.96967550000000013
decision_type=2 8 10 2 2 2
left_child=1 2 -1 5 -3 -2
right_child=3 4 -4 -5 -6 -7
leaf_value=-0.022586227888745709 0.0050222010851863758 -0.025351573600904738 0.011111754031319738 0.02078701572102671 0 -0.018735769286073217
leaf_weight=7.3334777504205695 10.388870332390072 35.856083802878857 25.988119557499886 49.062138468027115 10.007236275821922 5.9778774827718726
leaf_count=50 63 380 103 231 87 44
internal_value=0.000179066 -0.0112529 0.00161652 0.0143397 -0.0207422 -0.00366431
internal_weight=144.614 79.1849 33.3216 65.4289 45.8633 16.3667
internal_count=958 620 153 338 467 107
is_linear=0
shrinkage=0.03


Tree=36
num_leaves=7
num_cat=0
split_feature=25 23 4 4 23 23
split_gain=35.3 11.6802 9.80218 7.04589 4.88231 0.750082
threshold=0.62835750000000012 0.81133400000000011 1.0000000180025095e-35 1.0000000180025095e-35 0.83198450000000013 0.82863950000000008
decision_type=2 10 10 10 8 10
left_child=3 2 -2 5 -3 -1
right_child=1 4 -4 -5 -6 -7
leaf_value=-0.030318395331977884 0.0069201404224341102 -0.024148901748844275 0.029388230931278077 0.0090315733288252771 0.0049810009376913336 0
leaf_weight=27.907253537327058 81.566947117447853 9.4615210145711863 23.012484237551689 2.2961275130510321 4.9596010297536859 1.536294788122176
leaf_count=287 548 56 67 7 19 9
internal_value=0.00141559 0.0091671 0.0128247 -0.0250652 -0.0132761 -0.0292382
internal_weight=150.74 119.001 104.579 31.7397 14.4211 29.4435
internal_count=993 690 615 303 75 296
is_linear=0
shrinkage=0.03


Tree=37
num_leaves=7
num_cat=0
split_feature=24 25 22 3 16 25
split_gain=34.2286 14.8337 10.9456 5.41017 4.2416 2.83037
threshold=0.97851850000000018 0.68428500000000014 0.13270100000000004 1.5000000000000002 0.29566500000000007 0.61878350000000004
decision_type=2 2 10 10 10 2
left_child=2 5 3 -1 -3 -2
right_child=1 4 -4 -5 -6 -7
leaf_value=-0.021518607001912368 -0.018746901100903185 0.023764228550499721 0.010741807720362562 0.011058336206518905 0 0.0004940228317543106
leaf_weight=55.750227380543947 7.3368090391159084 54.430710751563311 9.7604976743459684 1.9267985224723805 6.8989686369895926 12.09926789999008
leaf_count=510 70 266 35 5 27 72
internal_value=0.000845128 0.013973 -0.0143769 -0.019443 0.021091 -0.00696752
internal_weight=148.203 80.7658 67.4375 57.677 61.3297 19.4361
internal_count=985 435 550 515 293 142
is_linear=0
shrinkage=0.03


Tree=38
num_leaves=7
num_cat=0
split_feature=25 24 25 19 4 3
split_gain=30.7898 15.2291 9.53003 8.01301 5.51791 4.31914
threshold=0.68106350000000015 0.96775100000000014 0.58515400000000006 0.29807200000000006 1.5000000000000002 1.5000000000000002
decision_type=2 2 2 10 10 8
left_child=2 4 -1 -4 -2 -3
right_child=1 5 3 -5 -6 -7
leaf_value=-0.033018934631338225 -0.023535006297978167 0.0084310208762200054 0.0012434508044056839 -0.025209606513535279 0.012201436790751037 0.025200585286887765
leaf_weight=17.397230323404074 10.974607259035109 42.175893798470497 31.438908372074366 10.966622710227965 2.0323768854141226 33.544499725103378
leaf_count=188 96 153 251 75 5 223
internal_value=0.000340306 0.0116032 -0.0156484 -0.00615057 -0.0148367 0.0169184
internal_weight=148.53 88.7274 59.8028 42.4055 13.007 75.7204
internal_count=991 477 514 326 101 376
is_linear=0
shrinkage=0.03


Tree=39
num_leaves=7
num_cat=0
split_feature=24 21 19 20 25 15
split_gain=31.5035 19.9441 14.1265 4.38043 2.97467 2.95173
threshold=0.9785695000000002 0.052490000000000002 0.00032450000000000008 0.062783000000000019 0.61878350000000004 0.32105100000000003
decision_type=2 10 8 10 2 8
left_child=1 5 -2 -3 -4 -1
right_child=2 3 4 -5 -6 -7
leaf_value=-0.030488599035456396 -0.024728817138779186 -0.0066425545804227335 -0.0024474285513771984 0.023659376776387016 0.01799726435246379 -0.011252296362254412
leaf_weight=27.868997983634472 5.0628904998302451 2.8730050325393668 3.5209216661751261 9.8891131430864316 69.811208643019199 25.204615112394094
leaf_count=189 36 14 39 28 345 320
internal_value=0 -0.0148554 0.0127165 0.0149686 0.016565 -0.0229791
internal_weight=144.231 65.8357 78.395 12.7621 73.3321 53.0736
internal_count=971 551 420 42 384 509
is_linear=0
shrinkage=0.03


Tree=40
num_leaves=7
num_cat=0
split_feature=24 3 2 21 15 24
split_gain=31.6193 12.7248 8.16511 4.82742 1.58495 1.39918
threshold=0.96567650000000016 1.0000000180025095e-35 0.32575750000000009 0.14425450000000004 0.21172350000000004 0.90790150000000014
decision_type=2 10 10 10 10 2
left_child=3 2 -2 5 -3 -1
right_child=1 4 -4 -5 -6 -7
leaf_value=0 0.0085045889334436995 0.030745264547979261 -0.009351059380319944 0.0025810214903173394 0 -0.031166305403821735
leaf_weight=1.2281331643462241 63.705769576132298 17.197095498442653 31.323730945587158 2.3744678497314444 3.2887893617153159 25.147553898394108
leaf_count=10 477 50 156 8 13 267
internal_value=0.00019707 0.00751343 0.00220691 -0.0261868 0.0274256 -0.029797
internal_weight=144.266 115.515 95.0295 28.7502 20.4859 26.3757
internal_count=981 696 633 285 63 277
is_linear=0
shrinkage=0.03


Tree=41
num_leaves=7
num_cat=0
split_feature=24 25 3 24 3 18
split_gain=28.0099 12.8433 7.68573 5.16678 3.26109 0.343521
threshold=0.9785695000000002 0.61878350000000004 1.5000000000000002 0.96567650000000016 1.5000000000000002 0.33506150000000007
decision_type=2 2 10 2 10 10
left_child=2 5 3 -1 -3 -2
right_child=1 4 -4 -5 -6 -7
leaf_value=-0.026223425166922325 -0.021419616094956458 0.011211607348649023 0.017670606476394353 -0.006750442594927345 0.030245776785966454 0
leaf_weight=28.155576284974813 6.0456822998821727 58.73113027960062 3.1244460940361014 34.014657389372587 13.009669423103331 0.96806399524211872
leaf_count=284 67 323 8 250 39 4
internal_value=0 0.0119897 -0.0140369 -0.0168309 0.0161402 -0.019585
internal_weight=144.049 78.7545 65.2947 62.1702 71.7408 7.01375
internal_count=975 433 542 534 362 71
is_linear=0
shrinkage=0.03


Tree=42
num_leaves=5
num_cat=0
split_feature=21 19 6 20
split_gain=13.9125 12.815 7.06783 1.98265
threshold=0.11378600000000001 0.5363880000000002 8.6832670000000025 0.03142000000000001
decision_type=10 10 10 10
left_child=1 2 -1 -2
right_child=3 -3 -4 -5
leaf_value=-0.0036997169772257938 0 -0.030362691276294637 0.021950124888998869 0.024762221010992947
leaf_weight=97.73932446911931 2.623232543468478 12.849976062774656 7.5748502910137168 15.37448328733444
leaf_count=778 11 94 24 46
internal_value=-0.00104643 -0.00513218 -0.00102099 0.0212505
internal_weight=136.162 118.164 105.314 17.9977
internal_count=953 896 802 57
is_linear=0
shrinkage=0.03


Tree=43
num_leaves=6
num_cat=0
split_feature=25 3 4 22 25
split_gain=25.0093 8.45163 5.23463 4.96589 3.68701
threshold=0.68106350000000015 1.5000000000000002 1.0000000180025095e-35 0.059618000000000004 0.62835750000000012
decision_type=2 10 10 8 2
left_child=2 3 4 -2 -1
right_child=1 -3 -4 -5 -6
leaf_value=-0.026088925659393893 -0.0020688962445106845 0.030385318955560028 0.0076489441891833152 0.012444827177680326 -0.006447558486367265
leaf_weight=24.35296093672514 34.237304084002972 13.926015466451643 4.9099289774894705 40.486229065805674 23.832418818026781
leaf_count=273 148 43 17 299 190
internal_value=0.000845146 0.0106759 -0.0147269 0.00558568 -0.0179077
internal_weight=141.745 88.6495 53.0953 74.7235 48.1854
internal_count=970 490 480 447 463
is_linear=0
shrinkage=0.03


Tree=44
num_leaves=7
num_cat=0
split_feature=25 24 24 25 15 21
split_gain=27.9065 11.242 8.64144 8.297 5.8769 3.96532
threshold=0.71548950000000011 0.97334950000000009 0.97683400000000009 0.58515400000000006 0.34436500000000003 0.14425450000000004
decision_type=2 2 2 2 10 8
left_child=1 4 5 -3 -1 -2
right_child=2 3 -4 -5 -6 -7
leaf_value=-0.030085992190317403 -0.016548379830209427 -0.025808581245123495 0.019430564614579836 0.0049304809553543036 0 0.0076032301224410945
leaf_weight=27.056835997849703 8.1560503542423266 6.9110308885574332 52.261968560516834 34.261194631457329 5.2201472073793402 9.1682495474815351
leaf_count=304 45 79 253 196 27 70
internal_value=2.03691e-06 -0.0124446 0.0135242 -0.0009525 -0.0249257 -0.00305529
internal_weight=143.035 73.4492 69.5863 41.1722 32.277 17.3243
internal_count=974 606 368 275 331 115
is_linear=0
shrinkage=0.03


Tree=45
num_leaves=7
num_cat=0
split_feature=25 24 23 25 3 22
split_gain=25.1989 15.2201 13.8807 2.72571 1.61746 1.64389
threshold=0.78036250000000018 0.96567650000000016 0.00089200000000000011 0.50877050000000013 1.0000000180025095e-35 0.017530500000000004
decision_type=2 2 8 2 8 10
left_child=1 3 -3 -1 5 -2
right_child=4 2 -4 -5 -6 -7
leaf_value=0 -0.0023512388348417919 -0.020666467599088505 0.0059793217093933801 -0.031390040861297923 0.025517825315704339 0.01314739291232879
leaf_weight=1.4014426022768045 4.9870960712432852 21.83479730039835 55.771399285644293 21.144445013254881 20.760019589215517 10.44573752582073
leaf_count=13 22 132 393 231 125 34
internal_value=-0.000759466 -0.00872623 -0.00163554 -0.0289007 0.019501 0.00694396
internal_weight=136.345 100.152 77.6062 22.5459 36.1929 15.4328
internal_count=950 769 525 244 181 56
is_linear=0
shrinkage=0.03


Tree=46
num_leaves=6
num_cat=0
split_feature=19 4 23 19 21
split_gain=13.4453 11.0582 13.5108 9.00251 4.27007
threshold=0.57113900000000017 1.0000000180025095e-35 0.71218550000000014 0.0072160000000000011 0.017599500000000001
decision_type=10 10 10 8 8
left_child=1 3 -3 -1 -2
right_child=4 2 -4 -5 -6
leaf_value=-0.026465964395672288 -0.030874030504884395 0.03021725558781712 -0.015094822279942669 0.0020103736994711995 0.0040819749437115554
leaf_weight=8.0564003810286504 11.780756428837773 21.191184923052791 4.8224925100803366 95.338312663137913 1.3856331557035453
leaf_count=56 93 65 24 760 4
internal_value=0.000340382 0.0036855 0.0200909 -0.000610195 -0.0252647
internal_weight=142.575 129.408 26.0137 103.395 13.1664
internal_count=1002 905 89 816 97
is_linear=0
shrinkage=0.03


Tree=47
num_leaves=7
num_cat=0
split_feature=24 25 25 3 4 21
split_gain=20.6448 15.396 12.2134 5.74884 3.0811 2.04311
threshold=0.97151950000000009 0.58515400000000006 0.7391445000000002 1.5000000000000002 1.0000000180025095e-35 0.07012800000000001
decision_type=2 2 2 10 10 8
left_child=2 -2 4 -3 -1 -4
right_child=1 3 5 -5 -6 -7
leaf_value=-0.028161916324151357 -0.026819878324240168 0.0064525511688611429 -0.0037667960247098537 0.028518562077662079 0.00096837312867978842 0.016383627691564848
leaf_weight=31.604778800159693 7.9258911795914164 79.06035428121686 3.4718317836523029 11.755495637655256 1.2366552501916874 6.3323204144835481
leaf_count=341 89 467 19 38 4 37
internal_value=-0.000863247 0.00646021 -0.0177874 0.0104492 -0.0262387 0.00769432
internal_weight=141.387 98.7417 42.6456 90.8158 32.8414 9.80415
internal_count=995 594 401 505 345 56
is_linear=0
shrinkage=0.03


Tree=48
num_leaves=7
num_cat=0
split_feature=25 21 25 7 21 23
split_gain=24.2873 8.98125 3.8439 3.49794 2.46309 1.87479
threshold=0.68316900000000003 1.0000000180025095e-35 0.58515400000000006 16.918525500000005 0.040835500000000004 0.81133400000000011
decision_type=2 8 2 8 8 10
left_child=2 3 -1 -2 -4 -3
right_child=1 5 4 -5 -6 -7
leaf_value=-0.027709362248724379 -0.011492474127813816 0.016485594590456273 -0.013603935408421535 0.012449721233162405 0 -0.0001910329360470683
leaf_weight=15.502780582755802 18.492013685405258 60.365288704633713 24.8950155377388 3.6348551064729682 16.126246996223927 2.7613463997840872
leaf_count=185 92 366 150 12 181 13
internal_value=-0.000163566 0.00962137 -0.015167 -0.00534863 -0.00818014 0.0153269
internal_weight=141.778 85.2535 56.524 22.1269 41.0213 63.1266
internal_count=999 483 516 104 331 379
is_linear=0
shrinkage=0.03


Tree=49
num_leaves=7
num_cat=0
split_feature=25 21 19 19 25 25
split_gain=24.7349 8.76203 4.22905 3.36189 2.54272 0.684774
threshold=0.71548950000000011 0.11378600000000001 0.38322950000000006 0.005497000000000001 0.78477400000000008 0.67307300000000014
decision_type=2 10 10 8 2 2
left_child=1 2 -1 -2 -5 -3
right_child=3 5 -4 4 -6 -7
leaf_value=-0.0087448916867524356 -0.0081906641692601374 0 -0.028270090853256415 0.0060447596857514134 0.020335887073825193 0.019518643865841699
leaf_weight=51.240604404360056 2.6388462334871283 2.4951724112033835 15.533860862255095 31.007877573370934 37.030155349522829 4.3649531155824661
leaf_count=477 13 10 120 183 182 12
internal_value=0.000625098 -0.0111092 -0.0147372 0.0132122 0.0147754 0.0149018
internal_weight=144.311 73.6346 66.7745 70.6769 68.038 6.86013
internal_count=997 619 597 378 365 22
is_linear=0
shrinkage=0.03


Tree=50
num_leaves=7
num_cat=0
split_feature=25 3 25 21 4 23
split_gain=22.2564 6.93299 6.29005 5.92176 3.73141 2.43038
threshold=0.68316900000000003 1.0000000180025095e-35 0.59205150000000006 0.15176500000000001 1.0000000180025095e-35 0.61503100000000011
decision_type=2 10 2 8 8 10
left_child=2 3 -1 -2 -4 -3
right_child=1 5 4 -5 -6 -7
leaf_value=-0.027718814683167201 -0.0036957092547279663 0.029852746490634397 -0.012928061291807189 0.013288790967619143 0.0038896636486096762 0
leaf_weight=17.744730897247791 32.863480024039745 14.5667662024498 22.295319512486458 32.102922156453133 16.57007972151041 2.5918155312538138
leaf_count=210 146 47 135 270 170 11
internal_value=0 0.0100439 -0.0138553 0.00447183 -0.0052764 0.0258476
internal_weight=138.735 82.125 56.6101 64.9664 38.8654 17.1586
internal_count=989 474 515 416 305 58
is_linear=0
shrinkage=0.03


Tree=51
num_leaves=5
num_cat=0
split_feature=3 25 2 15
split_gain=19.4329 12.6008 6.56269 1.30133
threshold=1.5000000000000002 0.59205150000000006 0.47222200000000009 0.32105100000000003
decision_type=10 2 10 10
left_child=1 3 -3 -1
right_child=-2 2 -4 -5
leaf_value=-0.026902296808894433 0.030362852046849201 0.0058463829017938833 -0.0094871700435142543 0
leaf_weight=15.770409412682058 14.863386631011961 75.762081116437912 33.425825960934162 1.2204443439841259
leaf_count=191 49 566 175 8
internal_value=0.000896432 -0.00296689 0.000756724 -0.0249191
internal_weight=141.042 126.179 109.188 16.9909
internal_count=989 940 741 199
is_linear=0
shrinkage=0.03


Tree=52
num_leaves=5
num_cat=0
split_feature=3 25 22 5
split_gain=20.2598 12.669 6.61297 4.4901
threshold=1.5000000000000002 0.68428500000000014 0.14709950000000002 1.5000000000000002
decision_type=10 2 8 10
left_child=1 3 -3 -1
right_child=-2 2 -4 -5
leaf_value=-0.017954550335780077 0.030131983618220518 -0.0048340467982654518 0.012781294167436055 0.0071796021532636606
leaf_weight=48.20874498039484 14.433054208755491 34.154124483466148 34.163137692958117 3.8560975492000571
leaf_count=485 48 154 272 13
internal_value=0 -0.00441569 0.00372123 -0.0152585
internal_weight=134.815 120.382 68.3173 52.0648
internal_count=972 924 426 498
is_linear=0
shrinkage=0.03


Tree=53
num_leaves=7
num_cat=0
split_feature=24 20 22 3 20 22
split_gain=21.7147 9.65475 7.47336 4.86679 4.16724 0.657403
threshold=0.9785695000000002 1.0000000180025095e-35 0.14709950000000002 1.5000000000000002 0.25015000000000004 0.26709350000000004
decision_type=2 8 10 10 10 10
left_child=2 -2 3 -1 -3 -4
right_child=1 4 5 -5 -6 -7
leaf_value=-0.019673478703541733 -0.019740733125274478 0.017501019704028668 0.014355480995987964 0.010688771718249728 -0.00016272588469553903 0
leaf_weight=48.963915396481752 5.037568397819995 56.797230750322342 4.4974877685308448 2.0392110943794242 10.833335027098654 3.3072306960821152
leaf_count=496 38 342 14 6 45 14
internal_value=0 0.0109107 -0.0130558 -0.0173777 0.0143601 0.00939367
internal_weight=131.476 72.6681 58.8078 51.0031 67.6306 7.80472
internal_count=955 425 530 502 387 28
is_linear=0
shrinkage=0.03


Tree=54
num_leaves=6
num_cat=0
split_feature=24 2 2 19 9
split_gain=17.4108 13.2753 8.59842 7.07955 2.72119
threshold=0.97851850000000018 0.47222200000000009 0.042241500000000008 0.0041160000000000007 1.0000000180025095e-35
decision_type=2 10 10 8 8
left_child=1 2 -1 -2 -5
right_child=3 -3 -4 4 -6
leaf_value=-0.0080094207410832674 -0.014457045127676029 -0.030610177010234656 0.020211465367203828 0.021116021000989388 0.0067165503158269123
leaf_weight=35.948417007923126 5.4345637187361708 16.778701484203339 9.8520401865243894 29.29824098944664 39.2642478980124
leaf_count=381 38 135 36 96 298
internal_value=0.00111993 -0.010028 -0.000454826 0.0109607 0.0139162
internal_weight=136.576 62.5792 45.8005 73.9971 68.5625
internal_count=984 552 417 432 394
is_linear=0
shrinkage=0.03


Tree=55
num_leaves=7
num_cat=0
split_feature=24 25 2 25 25 24
split_gain=17.6049 13.407 6.45536 3.89835 2.59634 0.242833
threshold=0.96567650000000016 0.58515400000000006 0.47222200000000009 0.75038900000000008 0.50877050000000013 0.95943100000000014
decision_type=2 2 10 2 2 2
left_child=3 -2 -3 4 -1 -5
right_child=1 2 -4 5 -6 -7
leaf_value=0 -0.025974225401390699 0.013299421233023929 -0.0020997542883842727 -0.0010173506970020361 -0.028174541733436424 0.0064063084532901618
leaf_weight=1.2662748657167018 8.0108782425522786 71.956780269742012 30.732723787426949 1.8099819049239148 20.595771186053753 2.2038703002035618
leaf_count=14 103 456 144 15 244 11
internal_value=0 0.00510159 0.00847815 -0.0211241 -0.0256785 0
internal_weight=136.576 110.7 102.69 25.8759 21.862 4.01385
internal_count=987 703 600 284 258 26
is_linear=0
shrinkage=0.03


Tree=56
num_leaves=7
num_cat=0
split_feature=25 24 25 24 2 7
split_gain=20.6829 13.1723 6.7939 6.0422 3.62927 2.90447
threshold=0.71741050000000006 0.97151950000000009 0.58515400000000006 0.9574950000000001 0.32575750000000009 8.1421350000000015
decision_type=2 2 2 2 10 10
left_child=1 5 -3 -2 -5 -1
right_child=3 2 -4 4 -6 -7
leaf_value=-0.029019663604381681 -0.016683779123425235 -0.023494809777475069 0.0047120650882781414 0.019534776657710501 0.0021126262150862963 0
leaf_weight=24.335686888545755 2.7316447272896758 6.4167992249131194 38.271827667951584 41.72321055456996 20.681397303938866 1.3818027675151814
leaf_count=302 28 80 231 250 84 5
internal_value=4.16539e-05 -0.0107933 0 0.012153 0.0145814 -0.026657
internal_weight=135.542 70.4061 44.6886 65.1363 62.4046 25.7175
internal_count=980 618 311 362 334 307
is_linear=0
shrinkage=0.03


Tree=57
num_leaves=5
num_cat=0
split_feature=3 24 25 5
split_gain=19.2438 11.9144 8.9584 2.1905
threshold=1.5000000000000002 0.96567650000000016 0.58515400000000006 1.5000000000000002
decision_type=10 2 2 10
left_child=1 3 -3 -1
right_child=-2 2 -4 -5
leaf_value=-0.024760212947808662 0.029096067743020489 -0.02581687367994473 0.0025500109054137502 0
leaf_weight=23.945515606552366 13.240133717656134 8.208728112280367 88.962501332163811 0.98444390296935935
leaf_count=281 46 106 559 3
internal_value=-0.00137183 -0.00553396 -0.000248264 -0.0228227
internal_weight=135.341 122.101 97.1712 24.93
internal_count=995 949 665 284
is_linear=0
shrinkage=0.03


Tree=58
num_leaves=5
num_cat=0
split_feature=3 23 23 15
split_gain=17.0132 8.7716 7.47543 4.24138
threshold=1.5000000000000002 0.00089200000000000011 0.73287700000000011 0.17304900000000004
decision_type=10 8 8 10
left_child=1 3 -3 -1
right_child=-2 2 -4 -5
leaf_value=-0.021492111775615354 0.028681847957517312 0.013435003707949538 -0.0044289469450778064 0
leaf_weight=25.655422724783421 13.581267058849333 28.325144626200199 59.220609452575445 10.191580243408678
leaf_count=176 49 102 621 56
internal_value=0 -0.0036364 0.00127319 -0.0155713
internal_weight=136.974 123.393 87.5458 35.847
internal_count=1004 955 723 232
is_linear=0
shrinkage=0.03


Tree=59
num_leaves=6
num_cat=0
split_feature=25 19 20 21 22
split_gain=12.5085 12.3192 5.17337 3.49547 1.78975
threshold=0.58515400000000006 0.57113900000000017 0.15295600000000001 0.021265500000000003 0.13270100000000004
decision_type=2 10 8 8 10
left_child=4 2 -2 -3 -1
right_child=1 3 -4 -5 -6
leaf_value=-0.027112329287063395 0.014435124258198795 -0.028943801564569001 0.00085529476575749402 0.0029911084280409028 0
leaf_weight=12.444226030260321 44.787572622299194 9.3651258870959246 65.41113618388772 1.3166880905628211 0.86217573285102922
leaf_count=172 173 79 549 4 5
internal_value=3.48559e-05 0.00349812 0.0068758 -0.023022 -0.0244424
internal_weight=134.187 120.881 110.199 10.6818 13.3064
internal_count=982 805 722 83 177
is_linear=0
shrinkage=0.03


Tree=60
num_leaves=7
num_cat=0
split_feature=24 23 9 23 4 20
split_gain=21.8768 8.80824 8.30052 6.87586 3.36738 0.375395
threshold=0.96567650000000016 0.00089200000000000011 8.2435015000000025 0.73399800000000004 1.5000000000000002 0.020313000000000005
decision_type=2 8 10 10 10 8
left_child=4 2 -2 -3 5 -1
right_child=1 3 -4 -5 -6 -7
leaf_value=0 -0.016771182632996054 0.01343822749339256 0.01611519371411331 -0.0079558049600851072 0.001456460252050776 -0.029105097017105563
leaf_weight=1.2882987037301123 24.444986946880821 65.480993311852217 5.7491485923528662 12.844093173742293 1.4840846508741368 22.640090961009264
leaf_count=8 149 472 21 63 5 281
internal_value=-0.0018064 0.00398963 -0.00871511 0.00939699 -0.025421 -0.0281786
internal_weight=133.932 108.519 30.1941 78.3251 25.4125 23.9284
internal_count=999 705 170 535 294 289
is_linear=0
shrinkage=0.03


Tree=61
num_leaves=7
num_cat=0
split_feature=24 21 25 4 2 2
split_gain=15.7599 14.0598 9.4137 5.69497 2.29662 0.431185
threshold=0.98241700000000021 0.10762700000000001 0.61878350000000004 1.0000000180025095e-35 1.0000000180025095e-35 0.34848450000000003
decision_type=2 10 2 8 8 8
left_child=1 3 5 -1 -4 -2
right_child=2 -3 4 -5 -6 -7
leaf_value=-0.023024166929677247 0 0.016498898312272518 0 -0.002744398369214235 0.01795634059581756 -0.01963019024005893
leaf_weight=36.644299559295177 0.90230619162320991 11.508545950055121 10.85133935511112 24.88762953877449 42.311797983944416 5.1483505591750145
leaf_count=269 4 39 45 334 236 62
internal_value=-0.000505994 -0.00986234 0.0104719 -0.0157955 0.0149442 -0.017437
internal_weight=132.254 73.0405 59.2138 61.5319 53.1631 6.05066
internal_count=989 642 347 603 281 66
is_linear=0
shrinkage=0.03


Tree=62
num_leaves=7
num_cat=0
split_feature=25 23 23 23 4 19
split_gain=12.6644 6.27241 8.27082 3.84431 5.07261 2.98152
threshold=0.68316900000000003 0.0072370000000000012 0.23505250000000003 0.73287700000000011 1.0000000180025095e-35 0.24434850000000002
decision_type=2 8 8 10 10 10
left_child=1 -1 -3 4 -2 -5
right_child=3 2 -4 5 -6 -7
leaf_value=-0.024909243576453417 0.0048119490125075872 0.019820533881178239 -0.010364906657033665 0.0047983437018605619 0.025030262054712534 -0.018787981092001121
leaf_weight=16.195249401032925 50.993330977857113 7.6244023293256751 29.648758586496115 6.2924404144287092 14.914856895804403 5.2608313336968422
leaf_count=142 351 24 356 23 54 32
internal_value=0 -0.0107309 -0.00242891 0.00780014 0.0107132 -0.00553937
internal_weight=130.93 53.4684 37.2732 77.4615 65.9082 11.5533
internal_count=982 522 380 460 405 55
is_linear=0
shrinkage=0.03


Tree=63
num_leaves=6
num_cat=0
split_feature=24 3 18 21 17
split_gain=18.4254 8.23976 9.01868 3.96441 0.708483
threshold=0.96567650000000016 1.5000000000000002 0.26283050000000008 0.12386950000000001 0.14491200000000001
decision_type=2 10 8 10 8
left_child=3 2 -2 4 -1
right_child=1 -3 -4 -5 -6
leaf_value=-0.00072268549625668563 -0.006503887424434758 0.027356438033651783 0.011214863972041656 0.0055897532514865012 -0.026923880004303572
leaf_weight=3.6848312541842523 43.846275590360165 12.253332138061522 52.32942895963788 1.7126693278551091 18.99440997838974
leaf_count=29 223 47 435 5 260
internal_value=0.000975127 0.00657913 0.00288205 -0.0208333 -0.0244168
internal_weight=132.821 108.429 96.1757 24.3919 22.6792
internal_count=999 705 658 294 289
is_linear=0
shrinkage=0.03


Tree=64
num_leaves=7
num_cat=0
split_feature=24 19 19 19 8 19
split_gain=10.1907 4.98725 5.0039 4.12795 1.81796 1.15777
threshold=0.96567650000000016 0.005497000000000001 0.57113900000000017 0.24434850000000002 6.8012625000000009 0.12878400000000004
decision_type=2 8 10 8 10 10
left_child=3 4 -3 5 -2 -1
right_child=1 2 -4 -5 -6 -7
leaf_value=-0.0094399071972096921 -0.021720998850328663 0.006998233299633865 -0.015476784320059793 -0.025534487239247994 0.00018150156422772567 0.0086523554166971009
leaf_weight=2.5303611531853702 6.5941140651702872 89.18097461014986 6.3378634750843039 16.175262574106455 1.3193168044090269 4.335730217397213
leaf_count=17 53 591 45 237 5 24
internal_value=-0.00143188 0.00247081 0.00477659 -0.0183694 -0.0162744 0
internal_weight=126.474 103.432 95.5188 23.0414 7.91343 6.86609
internal_count=972 694 636 278 58 41
is_linear=0
shrinkage=0.03


Tree=65
num_leaves=5
num_cat=0
split_feature=3 24 25 22
split_gain=14.7109 11.9643 8.91551 3.67584
threshold=1.5000000000000002 0.96567650000000016 0.59205150000000006 0.13270100000000004
decision_type=10 2 2 10
left_child=1 3 -3 -1
right_child=-2 2 -4 -5
leaf_value=-0.025065927231185395 0.027922057995751898 -0.023461998041489469 0.0048994986508844761 0.0017391091983557474
leaf_weight=20.726243358105425 12.586651995778082 8.0535359680652601 88.201997224241495 2.7615497708320609
leaf_count=277 48 106 544 13
internal_value=0.000280921 -0.00299156 0.00158687 -0.0209417
internal_weight=132.33 119.743 96.2555 23.4878
internal_count=988 940 650 290
is_linear=0
shrinkage=0.03


Tree=66
num_leaves=7
num_cat=0
split_feature=24 2 23 25 16 20
split_gain=16.9904 14.0309 10.3007 8.1594 1.90068 1.70739
threshold=0.97851850000000018 0.47222200000000009 0.0072370000000000012 0.68428500000000014 0.24606450000000002 0.24224200000000004
decision_type=2 10 10 2 10 10
left_child=1 2 -1 4 -2 -5
right_child=3 -3 -4 5 -6 -7
leaf_value=-0.013884452968915469 -0.0096398857407690216 -0.032238459107336206 0.013595144389120427 0.019614743298740297 0.0064409059993574946 0.00067320462763919404
leaf_weight=22.506544187664986 14.532462231814863 15.198795802891253 20.556037709116936 43.394766561686993 5.8687300682067862 8.6633256375789625
leaf_count=329 133 137 88 242 23 33
internal_value=0.00138638 -0.0101303 -8.45953e-05 0.0110786 -0.00349932 0.0172159
internal_weight=130.721 58.2614 43.0626 72.4593 20.4012 52.0581
internal_count=985 554 417 431 156 275
is_linear=0
shrinkage=0.03


Tree=67
num_leaves=5
num_cat=0
split_feature=3 19 19 22
split_gain=11.1057 8.01161 3.89616 1.67875
threshold=1.5000000000000002 0.5363880000000002 0.00032450000000000008 0.090430500000000011
decision_type=10 10 8 8
left_child=1 2 -1 -3
right_child=-2 3 -4 -5
leaf_value=-0.017666169879803531 0.026207270772180522 -0.02650453331195796 0.0020529217472820506 0
leaf_weight=6.8554581031203261 10.412920817732809 10.53078272938728 99.274353142827749 1.2534998282790191
leaf_count=56 41 95 785 7
internal_value=0.000103405 -0.00254674 5.36338e-05 -0.0232537
internal_weight=128.327 117.914 106.13 11.7843
internal_count=984 943 841 102
is_linear=0
shrinkage=0.03


Tree=68
num_leaves=6
num_cat=0
split_feature=24 25 2 3 25
split_gain=13.2277 10.3613 5.07125 2.77814 2.12203
threshold=0.96567650000000016 0.58515400000000006 0.32575750000000009 1.5000000000000002 0.50877050000000013
decision_type=2 2 10 10 2
left_child=3 -2 -3 4 -1
right_child=1 2 -4 -5 -6
leaf_value=0 -0.023155843802001228 0.013094560169607264 -0.00039124740393350085 0.0046616676708816649 -0.023718241329053223
leaf_weight=1.265497013926512 6.9203323759138575 67.048609539866447 32.320734389126301 1.150608330965041 19.903385162353516
leaf_count=15 99 451 150 3 258
internal_value=0.000897003 0.00561556 0.00853221 -0.0183917 -0.0213091
internal_weight=128.609 106.29 99.3693 22.3195 21.1689
internal_count=976 700 601 276 273
is_linear=0
shrinkage=0.03


Tree=69
num_leaves=7
num_cat=0
split_feature=24 2 9 2 7 24
split_gain=13.1621 7.05545 10.6734 6.15391 3.19924 1.39007
threshold=0.96567650000000016 0.47222200000000009 8.2435015000000025 1.0000000180025095e-35 17.510375000000007 0.90790150000000014
decision_type=2 10 10 10 10 2
left_child=4 3 -3 -2 5 -1
right_child=1 2 -4 -5 -6 -7
leaf_value=0 0.0039904412476490713 -0.015030878215204898 0.02216112345625823 0.023237284859787086 0.0042075884955866541 -0.023812312748158652
leaf_weight=1.0179089345037997 55.456579621881247 24.707888290286068 5.952828273177146 21.792791903018951 1.8444525003433216 19.112791176885366
leaf_count=10 473 146 20 72 6 256
internal_value=0.000983798 0.00560198 -0.0055872 0.0104597 -0.0184417 -0.0220904
internal_weight=129.885 107.91 30.6607 77.2494 21.9752 20.1307
internal_count=983 711 166 545 272 266
is_linear=0
shrinkage=0.03


Tree=70
num_leaves=5
num_cat=0
split_feature=3 25 19 21
split_gain=12.9078 8.41464 3.78971 2.32792
threshold=1.5000000000000002 0.68316900000000003 0.27263750000000003 0.10762700000000001
decision_type=10 2 10 8
left_child=1 2 -1 -3
right_child=-2 3 -4 -5
leaf_value=-0.0052727653091965612 0.026917404612665452 -0.0012027345805087004 -0.025420935107072263 0.0088962319825966665
leaf_weight=34.978890761733055 11.516684472560881 37.08903456479311 12.8480092510581 32.667214952409267
leaf_count=379 46 167 121 278
internal_value=0 -0.00301898 -0.0124565 0.00328614
internal_weight=129.1 117.583 47.8269 69.7562
internal_count=991 945 500 445
is_linear=0
shrinkage=0.03


Tree=71
num_leaves=7
num_cat=0
split_feature=24 22 20 19 23 19
split_gain=9.66426 6.36161 3.80541 2.71931 2.24018 1.0219
threshold=0.96567650000000016 0.044478500000000004 1.0000000180025095e-35 0.24434850000000002 0.011713500000000002 0.12878400000000004
decision_type=2 10 8 8 10 10
left_child=3 2 -2 5 -3 -1
right_child=1 4 -4 -5 -6 -7
leaf_value=-0.009712491906277352 -0.020221029260015559 0 0.0019952549353854064 -0.021854385465104383 0.020121931711825202 0.0071700309290719929
leaf_weight=2.6656592637300518 4.5993388816714278 3.5327261760830906 76.772085458040237 16.141922477632761 21.072520330548286 4.4938974007964134
leaf_count=19 44 18 576 239 75 27
internal_value=0.000134764 0.00428952 0 -0.0159547 0.0167344 0
internal_weight=129.278 105.977 81.3714 23.3015 24.6052 7.15956
internal_count=998 713 620 285 93 46
is_linear=0
shrinkage=0.03


Tree=72
num_leaves=7
num_cat=0
split_feature=25 4 2 23 23 23
split_gain=10.8122 3.87695 3.79186 3.61738 12.6635 3.44573
threshold=0.69844400000000018 1.0000000180025095e-35 0.32575750000000009 0.0072370000000000012 0.24989150000000002 0.71218550000000014
decision_type=2 10 10 10 10 10
left_child=3 2 -2 -1 -5 -3
right_child=1 5 -4 4 -6 -7
leaf_value=-0.014302287693277831 0.0092193429804000408 0.025726109572887648 -0.0064057705006472371 0.025140577124538693 -0.015274521944681518 -0.0019677602039112662
leaf_weight=33.56157360970974 36.257673870772123 14.257982760667803 16.936809934675694 8.5290982425212878 14.61676339060068 2.2715714722871772
leaf_count=440 271 56 81 25 98 11
internal_value=0.000816442 0.00877051 0.00363415 -0.00841024 0 0.0206665
internal_weight=126.431 69.724 53.1945 56.7074 23.1459 16.5296
internal_count=982 419 352 563 123 67
is_linear=0
shrinkage=0.03


Tree=73
num_leaves=7
num_cat=0
split_feature=24 25 21 19 25 19
split_gain=12.3141 7.60606 7.00691 3.42991 3.3557 0.763231
threshold=0.97418450000000012 0.60785100000000003 0.12386950000000001 0.57113900000000017 0.7391445000000002 0.13086600000000004
decision_type=2 2 10 10 2 10
left_child=2 -2 4 -3 -1 -4
right_child=1 3 5 -5 -6 -7
leaf_value=-0.022851820956967191 -0.017130139265851836 0.011149438871901594 0 -0.011582690539251674 0 0.014725421504723255
leaf_weight=28.071367837488651 7.5241175889968863 72.687079336494207 2.6896553188562384 2.8084994927048674 7.3111292347311965 4.0622749477624893
leaf_count=372 96 421 12 19 60 12
internal_value=-0.000194164 0.00623474 -0.0130985 0.00951124 -0.0185486 0.00930561
internal_weight=125.154 83.0197 42.1344 75.4956 35.3825 6.75193
internal_count=992 536 456 440 432 24
is_linear=0
shrinkage=0.03


Tree=74
num_leaves=7
num_cat=0
split_feature=25 23 2 4 16 16
split_gain=10.0584 6.30009 6.59771 4.18244 4.08883 3.57825
threshold=0.62835750000000012 0.81133400000000011 0.32575750000000009 1.0000000180025095e-35 0.069726500000000011 0.4407600000000001
decision_type=2 10 10 10 10 10
left_child=3 2 -2 5 -3 -1
right_child=1 4 -4 -5 -6 -7
leaf_value=-0.024762743202675287 0.013641579568494589 0.0053448835966803795 -0.0023681425198022847 0.0098263749998716635 -0.022036502306967076 0
leaf_weight=17.290646098554141 65.028399229049683 4.4441188350319853 29.570165209472179 2.0290395542979232 8.4794642031192762 4.7381095215678206
leaf_count=262 490 18 148 6 59 36
internal_value=0.00131296 0.00549849 0.00841082 -0.0148204 -0.0115036 -0.0191949
internal_weight=131.58 107.522 94.5986 24.0578 12.9236 22.0288
internal_count=1019 715 638 304 77 298
is_linear=0
shrinkage=0.03


Tree=75
num_leaves=5
num_cat=0
split_feature=3 2 2 7
split_gain=11.6936 8.24405 9.76068 2.8408
threshold=1.5000000000000002 0.47222200000000009 1.0000000180025095e-35 8.6832670000000025
decision_type=10 10 10 10
left_child=1 2 -1 -3
right_child=-2 3 -4 -5
leaf_value=-0.0042562329781293843 0.025755497143359968 -0.0185749491469476 0.018450620825818092 0.002701813898091608
leaf_weight=62.041381787508726 10.669907644391058 29.588405314832926 19.791173301637173 3.1572502404451361
leaf_count=646 46 215 72 11
internal_value=-0.000256822 -0.00352967 0.00134005 -0.0156297
internal_weight=125.248 114.578 81.8326 32.7457
internal_count=990 944 718 226
is_linear=0
shrinkage=0.03


Tree=76
num_leaves=5
num_cat=0
split_feature=25 3 23 22
split_gain=11.079 7.45465 3.79772 1.46524
threshold=0.59205150000000006 1.5000000000000002 0.57592050000000017 0.11148500000000001
decision_type=2 10 10 10
left_child=3 2 -2 -1
right_child=1 -3 -4 -5
leaf_value=-0.024474862264162105 0.0048190835615496419 0.025818471796609996 -0.0085194734824091557 0
leaf_weight=11.888974277302619 80.170385509729385 10.55960790812969 21.098622933030128 0.99954171478748399
leaf_count=189 604 45 122 8
internal_value=0.00131611 0.00475131 0.00158722 -0.0218709
internal_weight=124.717 111.829 101.269 12.8885
internal_count=968 771 726 197
is_linear=0
shrinkage=0.03


Tree=77
num_leaves=6
num_cat=0
split_feature=25 19 25 15 21
split_gain=9.51836 7.704 2.64057 1.7191 0.447752
threshold=0.58515400000000006 0.57113900000000017 0.73728700000000014 0.32105100000000003 0.015672000000000002
decision_type=2 10 2 10 10
left_child=3 2 -2 -1 -3
right_child=1 4 -4 -5 -6
leaf_value=-0.025781667757915853 0.0008232437471359566 -0.023126507852724264 0.011071970599745852 0 0
leaf_weight=10.326800042763349 55.905878975987434 6.1586856842041007 46.228830594569445 0.91597878187894899 1.3042741566896436
leaf_count=170 437 60 273 7 6
internal_value=0.000193687 0.00334534 0.005931 -0.0226565 -0.020728
internal_weight=120.84 109.598 102.135 11.2428 7.46296
internal_count=953 776 710 177 66
is_linear=0
shrinkage=0.03


Tree=78
num_leaves=5
num_cat=0
split_feature=3 19 19 22
split_gain=11.3428 6.37591 6.11123 3.09961
threshold=1.5000000000000002 0.5363880000000002 0.00032450000000000008 0.14302150000000002
decision_type=10 10 8 8
left_child=1 2 -1 -3
right_child=-2 3 -4 -5
leaf_value=-0.024084629943403255 0.025687596103914044 -0.026188648816264367 0.0019500609020074795 0.003639556419217461
leaf_weight=5.836384989321231 10.990870431065558 10.779170114547011 95.453557578846812 1.0892707705497748
leaf_count=57 49 105 772 3
internal_value=0 -0.00289954 0 -0.0212514
internal_weight=124.149 113.158 101.29 11.8684
internal_count=986 937 829 108
is_linear=0
shrinkage=0.03


Tree=79
num_leaves=7
num_cat=0
split_feature=25 2 9 4 23 23
split_gain=7.91849 5.37978 5.41548 4.06481 2.99261 1.11825
threshold=0.62835750000000012 0.47222200000000009 8.1664435000000015 1.0000000180025095e-35 0.50185950000000012 0.82863950000000008
decision_type=2 10 8 10 8 10
left_child=3 4 -3 5 -2 -1
right_child=1 2 -4 -5 -6 -7
leaf_value=-0.021942276028258323 0.014384436063337865 -0.013945887117824013 0.013658342943748507 0.0082922506756818691 0.0013795448189841413 0
leaf_weight=18.810884704813368 29.855223208665848 22.749762408435348 4.873887211084365 2.1356602534651747 43.87081291154027 1.063892476260661
leaf_count=281 121 138 20 7 428 8
internal_value=-0.000377846 0.00302545 -0.0072349 -0.0157314 0.00739337 -0.0203734
internal_weight=123.36 101.35 27.6236 22.0104 73.726 19.8748
internal_count=1003 707 158 296 549 289
is_linear=0
shrinkage=0.03


Tree=80
num_leaves=5
num_cat=0
split_feature=19 19 23 22
split_gain=7.16356 5.52325 8.77698 1.53261
threshold=0.56118850000000009 0.00032450000000000008 0.71218550000000014 0.086371000000000017
decision_type=10 8 8 8
left_child=1 -1 -3 -2
right_child=3 2 -4 -5
leaf_value=-0.018981405153985432 -0.025283124732585815 0.013240460574175968 -0.0031473301371580786 0
leaf_weight=6.1785898879170409 7.7675760909914944 53.807581607252359 54.5324288289994 0.96107929944992143
leaf_count=59 83 233 605 6
internal_value=0.00041818 0.00286646 0.00485975 -0.0216622
internal_weight=123.247 114.519 108.34 8.72866
internal_count=986 897 838 89
is_linear=0
shrinkage=0.03


Tree=81
num_leaves=7
num_cat=0
split_feature=24 2 2 25 20 9
split_gain=10.2921 8.95174 5.13921 4.32809 3.77643 4.22088
threshold=0.98260900000000007 0.47222200000000009 0.042241500000000008 0.86336700000000011 1.0000000180025095e-35 1.0000000180025095e-35
decision_type=2 8 10 2 8 10
left_child=1 2 -1 -3 -2 -6
right_child=4 3 -4 -5 5 -7
leaf_value=-0.0044456373698654045 -0.010197275322491855 -0.020447373634963954 0.017371822744957389 0.0061478324755816979 0.017358148211376722 0
leaf_weight=21.402256734669209 3.7424605786800376 32.276635263115168 12.131818503141401 3.2017970308661452 37.909616507589817 13.377617910504339
leaf_count=134 32 434 46 21 248 66
internal_value=0.000415881 -0.00692662 0.00340459 -0.0169754 0.0100231 0.0125332
internal_weight=124.042 69.0125 33.5341 35.4784 55.0297 51.2872
internal_count=981 635 180 455 346 314
is_linear=0
shrinkage=0.03


Tree=82
num_leaves=6
num_cat=0
split_feature=24 25 21 19 25
split_gain=11.1208 5.77438 5.11626 3.79952 2.44573
threshold=0.97418450000000012 0.59205150000000006 0.29816800000000004 0.24434850000000002 0.86336700000000011
decision_type=2 2 10 10 2
left_child=2 -2 4 -3 -1
right_child=1 3 -4 -5 -6
leaf_value=-0.0176853381685728 -0.016481683645692156 0.013176290662700865 0.011383233158176494 -0.0013083686933975658 0.0027010939596666872
leaf_weight=33.574351767078042 4.8553939945995799 59.989434827119112 4.0928969979286185 16.464757457375526 2.4864148199558249
leaf_count=423 76 382 13 75 14
internal_value=0.000753311 0.0072949 -0.0113842 0.00974776 -0.0154122
internal_weight=121.463 81.3096 40.1537 76.4542 36.0608
internal_count=983 533 450 457 437
is_linear=0
shrinkage=0.03


Tree=83
num_leaves=5
num_cat=0
split_feature=3 24 6 25
split_gain=8.10609 6.84792 6.42127 3.95061
threshold=1.5000000000000002 0.97201400000000004 1.0000000180025095e-35 0.7391445000000002
decision_type=10 2 10 2
left_child=1 3 -3 -1
right_child=-2 2 -4 -5
leaf_value=-0.017749492296552476 0.02440908630166453 0.0067198212985248151 -0.018949549776687724 0.0028583584489567247
leaf_weight=24.806978108361363 9.3459706604480726 70.702978063374758 6.607195831835269 7.644607573747634
leaf_count=342 43 478 54 52
internal_value=0.00124021 -0.00106344 0.00352656 -0.0122176
internal_weight=119.108 109.762 77.3102 32.4516
internal_count=969 926 532 394
is_linear=0
shrinkage=0.03


Tree=84
num_leaves=6
num_cat=0
split_feature=21 24 24 17 17
split_gain=11.3611 13.9457 2.24817 1.87916 0.419409
threshold=0.12386950000000001 0.98260900000000007 0.99357300000000015 0.036870500000000007 0.33641300000000002
decision_type=10 2 2 8 10
left_child=1 3 -3 -1 -2
right_child=4 2 -4 -5 -6
leaf_value=0 0.022989566626353538 0.0020107216164399252 0.01890738832113464 -0.01701575280757138 0
leaf_weight=6.512851580977439 12.557069242000578 40.155121773481369 7.8619783557951441 47.695846002548933 2.4577463865280142
leaf_count=40 46 282 41 555 10
internal_value=-0.000863975 -0.00484494 0.00631444 -0.0150669 0.0208677
internal_weight=117.241 102.226 48.0171 54.2087 15.0148
internal_count=974 918 323 595 56
is_linear=0
shrinkage=0.03


Tree=85
num_leaves=6
num_cat=0
split_feature=25 19 24 24 22
split_gain=9.64582 7.65193 6.33824 2.88859 1.85935
threshold=0.59205150000000006 0.5363880000000002 0.95943100000000014 0.92814050000000015 0.11690700000000001
decision_type=2 10 2 2 8
left_child=3 2 -2 -1 -3
right_child=1 4 -4 -5 -6
leaf_value=0.0042538778895821151 -0.013084117907235149 -0.023000081505468038 0.0096491349625254259 -0.025160037800015824 0
leaf_weight=0.77898100577294727 8.8207493610680086 7.4895765818655464 91.532183885574341 11.609587052837012 1.0645751208066947
leaf_count=9 117 76 591 202 4
internal_value=0.0010811 0.0043418 0.00703889 -0.0208923 -0.0183147
internal_weight=121.296 108.907 100.353 12.3886 8.55415
internal_count=999 788 708 211 80
is_linear=0
shrinkage=0.03


Tree=86
num_leaves=7
num_cat=0
split_feature=25 24 21 20 24 21
split_gain=8.31858 5.40872 6.59021 3.5787 2.23595 0.368507
threshold=0.62835750000000012 0.97683400000000009 0.10762700000000001 0.28273050000000005 0.92615100000000006 0.062116500000000012
decision_type=2 2 10 10 2 10
left_child=4 2 -2 -3 -1 -6
right_child=1 3 -4 -5 5 -7
leaf_value=0.0046441597448602656 -0.012526567878322818 0.011832601147629625 0.013878321217404732 -0.0041146798644925275 -0.020530016193084852 0
leaf_weight=0.74293924495578068 27.564739800989628 55.133603319525719 8.154135048389433 11.346216179430483 17.032258836552504 1.8532747402787197
leaf_count=8 288 343 28 50 269 9
internal_value=0 0.00352448 -0.00511561 0.00861893 -0.0165259 -0.0192519
internal_weight=121.827 102.199 35.7189 66.4798 19.6285 18.8855
internal_count=995 709 316 393 286 278
is_linear=0
shrinkage=0.03


Tree=87
num_leaves=5
num_cat=0
split_feature=3 19 25 22
split_gain=8.32686 6.27514 4.42681 2.25957
threshold=1.5000000000000002 0.38322950000000006 0.60031250000000014 0.078824500000000006
decision_type=10 10 2 10
left_child=1 2 -1 -3
right_child=-2 3 -4 -5
leaf_value=-0.016124186400118506 0.023181099742659288 -0.023837820236025594 0.0023484849042497355 0
leaf_weight=10.5408389698714 8.5640427470207197 12.883581262081863 81.066146861761808 3.1464004889130583
leaf_count=183 42 126 610 21
internal_value=-0.000735003 -0.003486 0 -0.0191683
internal_weight=116.201 107.637 91.607 16.03
internal_count=982 940 793 147
is_linear=0
shrinkage=0.03


Tree=88
num_leaves=5
num_cat=0
split_feature=3 2 24 2
split_gain=8.30737 7.03344 11.4629 10.7102
threshold=1.5000000000000002 0.47222200000000009 0.98590300000000008 1.0000000180025095e-35
decision_type=10 10 2 10
left_child=1 3 -3 -1
right_child=-2 2 -4 -5
leaf_value=-0.0030333676876521183 0.024144641469651066 -0.027767820433893056 0.0048601127937380863 0.021098606063925891
leaf_weight=60.379637029021978 9.4088859558105451 17.53537787497044 14.446352377533911 18.918444350361824
leaf_count=650 46 164 70 68
internal_value=0.000682128 -0.0016209 -0.0130191 0.0029186
internal_weight=120.689 111.28 31.9817 79.2981
internal_count=998 952 234 718
is_linear=0
shrinkage=0.03


Tree=89
num_leaves=6
num_cat=0
split_feature=25 19 23 15 2
split_gain=6.33448 6.36402 3.53195 1.69262 0.838713
threshold=0.58515400000000006 0.5363880000000002 0.50185950000000012 0.32105100000000003 0.25833350000000005
decision_type=2 10 8 10 10
left_child=3 2 -2 -1 -3
right_child=1 4 -4 -5 -6
leaf_value=-0.022243218079920742 0.012067699869578379 0 0.00023896756359531005 0.00014729004329972216 -0.021498000186362547
leaf_weight=8.8234121371060574 46.975884940475225 3.6716721132397634 51.811042288318276 0.66558441892266351 5.5602546818554401
leaf_count=171 199 24 522 5 62
internal_value=0.00129331 0.00376787 0.00634848 -0.0186125 -0.0161779
internal_weight=117.508 108.019 98.7869 9.489 9.23193
internal_count=983 807 721 176 86
is_linear=0
shrinkage=0.03


Tree=90
num_leaves=5
num_cat=0
split_feature=3 25 24 15
split_gain=8.41744 5.87871 4.95407 3.9168
threshold=1.5000000000000002 0.68316900000000003 0.95943100000000014 0.30061300000000007
decision_type=10 2 2 10
left_child=1 3 -3 -1
right_child=-2 2 -4 -5
leaf_value=-0.014982382278814764 0.023524641796301302 -0.020353239026001186 0.0052024032518083879 0.0057572839874323262
leaf_weight=37.977539256215096 8.8229488432407361 4.3860782682895652 61.850393757224083 6.1926903128623954
leaf_count=466 44 56 388 36
internal_value=-0.000293205 -0.00303306 0.00226827 -0.0112574
internal_weight=119.23 110.407 66.2365 44.1702
internal_count=990 946 444 502
is_linear=0
shrinkage=0.03


Tree=91
num_leaves=5
num_cat=0
split_feature=3 2 2 8
split_gain=7.23748 6.83389 7.36521 2.29053
threshold=1.5000000000000002 0.47222200000000009 1.0000000180025095e-35 8.2880465000000019
decision_type=10 10 10 10
left_child=1 2 -1 -3
right_child=-2 3 -4 -5
leaf_value=-0.0039705967550187921 0.022049078612443623 -0.017769352564097077 0.01608079987943575 0.0032605266780506154
leaf_weight=60.987863816320896 7.8793417513370505 26.903236750513319 18.95441111177206 1.8285616487264622
leaf_count=662 42 204 71 6
internal_value=-0.000976664 -0.00346225 0.000831596 -0.0153038
internal_weight=116.553 108.674 79.9423 28.7318
internal_count=985 943 733 210
is_linear=0
shrinkage=0.03


Tree=92
num_leaves=7
num_cat=0
split_feature=25 5 15 16 4 25
split_gain=5.84775 3.94182 3.95355 3.19605 2.36788 1.03835
threshold=0.78477400000000008 1.5000000000000002 0.34436500000000003 0.015847500000000004 1.0000000180025095e-35 0.71291300000000002
decision_type=2 10 10 10 10 2
left_child=1 2 -1 -2 -5 -3
right_child=3 5 -4 4 -6 -7
leaf_value=-0.0096110451481192169 0.019661774804898845 0.016183314694591354 0.0081117891580586854 -0.0070740656624873948 0.013094983611488588 0
leaf_weight=65.018141770735383 14.291261568665506 6.1561850458383542 9.3742241933941823 10.475143589079378 5.4953335225582114 3.6866840720176697
leaf_count=690 112 20 49 50 27 17
internal_value=0 -0.00408381 -0.00676227 0.0107 0 0.0106749
internal_weight=114.497 84.2352 74.3924 30.2617 15.9705 9.84287
internal_count=965 776 739 189 77 37
is_linear=0
shrinkage=0.03


Tree=93
num_leaves=6
num_cat=0
split_feature=19 25 4 21 17
split_gain=5.84057 5.26064 2.84773 2.77303 1.12781
threshold=0.50499100000000008 0.58515400000000006 1.0000000180025095e-35 0.045361000000000005 0.42227000000000003
decision_type=10 2 10 8 10
left_child=1 4 -3 -2 -1
right_child=3 2 -4 -5 -6
leaf_value=-0.021445398727123959 -0.025805451267272399 0.00090026295105566378 0.013728998773823314 0.0020104260416881192 0
leaf_weight=6.6621113512665024 8.185198482125994 79.36371698975563 18.759353742003441 1.3737291544675834 1.1315428651869295
leaf_count=136 97 642 83 5 12
internal_value=-0.000332016 0.00165732 0.00398409 -0.0198939 -0.0178228
internal_weight=115.476 105.917 98.1231 9.55893 7.79365
internal_count=975 873 725 102 148
is_linear=0
shrinkage=0.03


Tree=94
num_leaves=4
num_cat=0
split_feature=3 25 19
split_gain=6.88764 5.31204 4.71211
threshold=1.5000000000000002 0.58515400000000006 0.56118850000000009
decision_type=10 2 10
left_child=1 -1 -3
right_child=-2 2 -4
leaf_value=-0.021583615891058158 0.022626417166506336 0.0020925092479333217 -0.020023185354144581
leaf_weight=8.4593162573873979 8.0192640572786313 89.647226829081774 6.5659012719988814
leaf_count=164 41 675 73
internal_value=0 -0.0022755 0
internal_weight=112.692 104.672 96.2131
internal_count=953 912 748
is_linear=0
shrinkage=0.03


Tree=95
num_leaves=5
num_cat=0
split_feature=3 24 25 24
split_gain=7.79731 3.5436 4.23481 2.41215
threshold=1.5000000000000002 0.96567650000000016 0.58515400000000006 0.94019850000000016
decision_type=10 2 2 2
left_child=1 3 -3 -1
right_child=-2 2 -4 -5
leaf_value=0 0.022953178841961155 -0.020051208921848755 0.0018084203476840951 -0.01915083693900391
leaf_weight=5.1766100823879269 8.5719447433948499 5.7735983654856673 83.808238949626684 14.141922188922761
leaf_count=65 46 108 558 216
internal_value=-0.000219218 -0.00287776 0 -0.0135801
internal_weight=117.472 108.9 89.5818 19.3185
internal_count=993 947 666 281
is_linear=0
shrinkage=0.03


Tree=96
num_leaves=5
num_cat=0
split_feature=19 19 16 21
split_gain=4.90319 4.8494 3.1675 2.43528
threshold=0.57113900000000017 0.0041160000000000007 0.45824950000000003 0.032134000000000003
decision_type=10 8 10 8
left_child=1 -1 -3 -2
right_child=3 2 -4 -5
leaf_value=-0.017432994300837501 -0.023721988228832792 0.0066680634027848533 -0.0097302938298417432 0.0028377757580162221
leaf_weight=6.1929143629968157 7.1367402411997292 94.555998541414738 7.8567639105021945 1.0354616343975074
leaf_count=58 89 780 56 3
internal_value=0.000798129 0.00290854 0.00488432 -0.0178131
internal_weight=116.778 108.606 102.413 8.1722
internal_count=986 894 836 92
is_linear=0
shrinkage=0.03


Tree=97
num_leaves=5
num_cat=0
split_feature=3 24 15 22
split_gain=6.16115 3.48463 3.40376 1.90662
threshold=1.5000000000000002 0.96567650000000016 0.34436500000000003 0.13270100000000004
decision_type=10 2 10 10
left_child=1 3 -3 -1
right_child=-2 2 -4 -5
leaf_value=-0.016035405438200746 0.022096592704534568 -0.00097077781083444877 0.017306508780090765 0.0022128440752432702
leaf_weight=16.746090179309252 7.7615329623222342 80.774318676441908 7.1132753640413275 2.4901599511504164
leaf_count=273 42 628 23 12
internal_value=0.000229076 -0.00164168 0.000700857 -0.0123442
internal_weight=114.885 107.124 87.8876 19.2363
internal_count=978 936 651 285
is_linear=0
shrinkage=0.03


Tree=98
num_leaves=7
num_cat=0
split_feature=23 23 7 18 17 20
split_gain=9.60584 8.26061 6.24212 2.94045 2.45984 0.78226
threshold=0.50185950000000012 0.00089200000000000011 1.0000000180025095e-35 0.29783800000000005 0.073359000000000021 0.74721800000000005
decision_type=10 10 8 10 10 10
left_child=1 2 -1 -3 -2 -6
right_child=4 3 -4 -5 5 -7
leaf_value=-0.014332695005945683 0 0.0050278366702216758 0.0039168302390640269 0.027472736627554627 -0.024130736715932424 0
leaf_weight=23.585214778780937 3.9523241892457035 19.061218522489074 39.949349110946059 10.1007814258337 15.56878834962845 1.3836917765438546
leaf_count=206 20 83 525 32 118 11
internal_value=-0.000998231 0.00300974 -0.00274763 0.0155722 -0.0181728 -0.0225083
internal_weight=113.601 92.6966 63.5346 29.162 20.9048 16.9525
internal_count=995 846 731 115 149 129
is_linear=0
shrinkage=0.03


Tree=99
num_leaves=7
num_cat=0
split_feature=24 22 25 4 16 16
split_gain=9.20834 5.04405 4.28682 2.86329 2.60654 1.67696
threshold=0.9785695000000002 0.13270100000000004 0.61878350000000004 1.0000000180025095e-35 0.31062800000000007 0.47545650000000006
decision_type=2 10 2 8 10 10
left_child=1 3 -2 -1 -3 -4
right_child=2 4 5 -5 -6 -7
leaf_value=-0.020241900302033485 -0.010769055181402819 -0.003593995046761203 0.011916935637313872 -0.0018009662453765639 0.019898557010173637 -0.0039677313698149698
leaf_weight=22.798110231757164 5.9289948381483546 4.4951032325625402 55.654801838099957 17.185196429491043 4.4311600215733051 2.2246187627315512
leaf_count=229 77 22 331 284 15 11
internal_value=0.000211507 -0.00900843 0.00781487 -0.0136927 0.00762452 0.0106482
internal_weight=112.718 48.9096 63.8084 39.9833 8.92626 57.8794
internal_count=969 550 419 513 37 342
is_linear=0
shrinkage=0.03


Tree=100
num_leaves=6
num_cat=0
split_feature=19 3 21 15 15
split_gain=7.16059 6.27357 6.04904 5.02441 1.31181
threshold=0.24434850000000002 1.0000000180025095e-35 0.28401800000000005 0.21938700000000003 0.41026900000000005
decision_type=10 10 10 10 10
left_child=1 3 4 -1 -2
right_child=2 -3 -4 -5 -6
leaf_value=-0.0022782032417847397 -0.018340225793692121 0.022857316568187229 0.015349492588569874 0.017319623997691016 0
leaf_weight=62.46543512493372 25.331191588193185 11.760206438601015 3.0399882495403281 11.129187144339083 1.816681221127509
leaf_count=662 215 59 9 45 10
internal_value=0.000202101 0.0049001 -0.0114195 0.000856048 -0.0166413
internal_weight=115.543 85.3548 30.1879 73.5946 27.1479
internal_count=1000 766 234 707 225
is_linear=0
shrinkage=0.03


Tree=101
num_leaves=6
num_cat=0
split_feature=24 21 16 19 19
split_gain=5.88423 7.02513 3.29476 2.64537 2.18337
threshold=0.98260900000000007 0.11378600000000001 0.47545650000000006 0.49862050000000008 0.0021815000000000003
decision_type=2 10 10 10 8
left_child=1 3 4 -1 -2
right_child=2 -3 -4 -5 -6
leaf_value=-0.0057225696184908586 -0.005495557396081578 0.01414249704792603 -0.013779160231999347 -0.024633445939816905 0.011709138584342421
leaf_weight=45.200172713026404 3.3382631614804259 9.3759825825691205 2.3244734779000273 8.2301066741347295 47.033642806112766
leaf_count=499 30 35 14 109 314
internal_value=8.61924e-05 -0.00573559 0.00749872 -0.0103219 0.00976204
internal_weight=115.503 62.8063 52.6964 53.4303 50.3719
internal_count=1001 643 358 608 344
is_linear=0
shrinkage=0.03


Tree=102
num_leaves=5
num_cat=0
split_feature=3 21 24 0
split_gain=7.01864 4.16358 4.82184 0.237467
threshold=1.5000000000000002 0.15176500000000001 0.97432050000000003 1.0000000180025095e-35
decision_type=10 10 2 10
left_child=1 2 -1 -3
right_child=-2 3 -4 -5
leaf_value=-0.013561373935446661 0.022480163495489265 0.00068289817315285103 0 0.018492458414847153
leaf_weight=31.424944370985031 8.4469084441661817 5.452652730047701 62.252209670841694 4.3033320009708405
leaf_count=427 49 21 457 14
internal_value=0 -0.0022357 -0.00453863 0.0133921
internal_weight=111.88 103.433 93.6772 9.75598
internal_count=968 919 884 35
is_linear=0
shrinkage=0.03


Tree=103
num_leaves=5
num_cat=0
split_feature=3 23 7 16
split_gain=7.32292 2.71046 4.64702 3.88786
threshold=1.5000000000000002 0.00089200000000000011 1.0000000180025095e-35 0.0063340000000000011
decision_type=10 8 10 10
left_child=1 3 -3 -1
right_child=-2 2 -4 -5
leaf_value=0.0016565047550748352 0.02154020105994087 0.0016012561689364899 -0.018700304867412171 -0.019693816730304719
leaf_weight=7.8074482195079353 7.5770349800586692 66.236404879018664 8.6719381138682348 17.327229611575603
leaf_count=58 44 677 44 153
internal_value=-0.00182598 -0.00446242 -0.000993521 -0.0125261
internal_weight=107.62 100.043 74.9083 25.1347
internal_count=976 932 721 211
is_linear=0
shrinkage=0.03


Tree=104
num_leaves=6
num_cat=0
split_feature=25 2 24 2 24
split_gain=5.8709 4.84244 8.28842 4.71653 3.02214
threshold=0.59205150000000006 0.47222200000000009 0.98619800000000002 1.0000000180025095e-35 0.90790150000000014
decision_type=2 10 2 10 2
left_child=4 3 -3 -2 -1
right_child=1 2 -4 -5 -6
leaf_value=0.0068700931707247441 0.0013954785439791923 -0.020315184011857886 0.0094144654753837795 0.01851038695395666 -0.023914166000989577
leaf_weight=0.53767060302197833 53.894498985260725 15.567849073559048 11.454843915998934 19.832953110337257 9.2840386983007175
leaf_count=4 515 131 46 78 195
internal_value=0.000188945 0.00280402 -0.00703217 0.00693418 -0.018676
internal_weight=110.572 100.75 27.0227 73.7275 9.82171
internal_count=969 770 177 593 199
is_linear=0
shrinkage=0.03


Tree=105
num_leaves=7
num_cat=0
split_feature=24 25 25 23 25 4
split_gain=7.75061 5.75208 3.42039 3.25609 1.85049 0.349622
threshold=0.96567650000000016 0.58515400000000006 0.75038900000000008 0.81133400000000011 0.50877050000000013 1.0000000180025095e-35
decision_type=2 2 2 10 2 8
left_child=2 -2 4 -3 -1 -4
right_child=1 3 5 -5 -6 -7
leaf_value=0 -0.019244657083254568 0.0082711644156691303 -0.00040151198552466796 -0.0080051360040273249 -0.02540977792567084 0.0078033571413137805
leaf_weight=0.8581700529903199 5.500013254582881 77.894142903387547 1.5643304735422128 8.5342498645186406 13.09203854203224 2.4088751822710037
leaf_count=14 105 532 11 45 242 18
internal_value=0 0.00372044 -0.0164495 0.00611389 -0.0226873 0.0014878
internal_weight=109.852 91.9284 17.9234 86.4284 13.9502 3.97321
internal_count=967 682 285 577 256 29
is_linear=0
shrinkage=0.03


Tree=106
num_leaves=6
num_cat=0
split_feature=25 24 19 24 25
split_gain=5.29437 4.82612 3.19569 2.79589 2.61845
threshold=0.58515400000000006 0.96567650000000016 0.0041160000000000007 0.90790150000000014 0.64525250000000012
decision_type=2 2 8 2 2
left_child=3 4 -3 -1 -2
right_child=1 2 -4 -5 -6
leaf_value=0.0068610740962696528 0.0052425317304518881 -0.013172477790539051 0.0085338035091915062 -0.022602235905710106 -0.01586787549678003
leaf_weight=0.53779128938913245 3.6716242991387835 2.8883944600820533 85.240514315664768 8.1251287851482612 12.002115689218043
leaf_count=4 59 19 566 178 152
internal_value=0.00186382 0.0041421 0.00708296 -0.0169065 -0.00926839
internal_weight=112.466 103.803 88.1289 8.66292 15.6737
internal_count=978 796 585 182 211
is_linear=0
shrinkage=0.03


Tree=107
num_leaves=7
num_cat=0
split_feature=25 21 19 3 0 25
split_gain=5.10321 4.2137 2.71939 1.80803 1.10072 0.965899
threshold=0.78036250000000018 0.10762700000000001 0.49237650000000005 1.0000000180025095e-35 1.0000000180025095e-35 0.67307300000000014
decision_type=2 10 10 8 10 2
left_child=1 2 -1 4 -2 -3
right_child=3 5 -4 -5 -6 -7
leaf_value=-0.0023250375630903819 -0.0078356547352803931 0 -0.019716768665210195 0.018077302485270928 0.0067883168372569278 0.017242511276024303
leaf_weight=66.83985017426312 3.2542892172932634 2.7378957197070104 7.7400782443583003 14.968695946037768 10.339182928204536 7.2327980101108551
leaf_count=658 16 13 103 130 41 26
internal_value=0.00112057 -0.00235586 -0.00520934 0.0116079 0.000695704 0.0129432
internal_weight=113.113 84.5506 74.5799 28.5622 13.5935 9.97069
internal_count=987 800 761 187 57 39
is_linear=0
shrinkage=0.03


Tree=108
num_leaves=7
num_cat=0
split_feature=2 24 2 18 20 24
split_gain=6.08737 9.26853 6.97162 3.57192 2.3364 1.29085
threshold=0.47222200000000009 0.98590300000000008 1.0000000180025095e-35 0.10344850000000001 0.0053180000000000007 0.96438700000000011
decision_type=10 2 10 10 10 2
left_child=2 -2 5 -4 -3 -1
right_child=1 4 3 -5 -6 -7
leaf_value=-0.0080534462443794894 -0.023203268526839762 -0.0059909082943791188 0 0.026000986815907116 0.015248301884131099 0.0023836441737679435
leaf_weight=10.086543232202528 16.226775072515014 3.0788208507001391 5.6796552166342762 15.189391776919363 8.9207879379391652 52.088259385898709
leaf_count=177 162 30 28 55 34 493
internal_value=0.00140675 -0.00963192 0.00571244 0.0195065 0.00769047 0
internal_weight=111.27 28.2264 83.0438 20.869 11.9996 62.1748
internal_count=979 226 753 83 64 670
is_linear=0
shrinkage=0.03


Tree=109
num_leaves=5
num_cat=0
split_feature=3 22 24 15
split_gain=6.69227 4.51738 2.58934 1.75565
threshold=1.5000000000000002 0.042956000000000001 0.96118550000000014 0.35334300000000007
decision_type=10 8 2 10
left_child=1 3 -3 -1
right_child=-2 2 -4 -5
leaf_value=-0.012177539989975544 0.021403411542834819 -0.011697693375320546 0.0047205886613603783 0.0017570329374079847
leaf_weight=42.167100712656975 7.6128651127219191 6.7529295776039353 50.373572753742337 4.719658773392438
leaf_count=305 47 126 477 27
internal_value=-0.000972213 -0.00344436 0.00179402 -0.0101522
internal_weight=111.626 104.013 57.1265 46.8868
internal_count=982 935 603 332
is_linear=0
shrinkage=0.03


Tree=110
num_leaves=5
num_cat=0
split_feature=25 3 9 24
split_gain=7.58369 4.13055 4.20212 0.404861
threshold=0.59205150000000006 1.5000000000000002 1.0000000180025095e-35 0.93216750000000015
decision_type=2 10 10 2
left_child=3 2 -2 -1
right_child=1 -3 -4 -5
leaf_value=0 0.0041597926173856728 0.021589318890205836 -0.012782922140417952 -0.021979227700933985
leaf_weight=0.46747910417616267 81.286041527986526 7.7090122476220122 12.225525282323359 9.0708030145615322
leaf_count=10 683 47 58 193
internal_value=0.000838395 0.00371506 0.0013054 -0.0208809
internal_weight=110.759 101.221 93.5116 9.53828
internal_count=991 788 741 203
is_linear=0
shrinkage=0.03


Tree=111
num_leaves=6
num_cat=0
split_feature=25 20 2 16 21
split_gain=5.06699 3.82916 2.83881 2.39968 1.10408
threshold=0.59205150000000006 0.14148300000000003 0.32575750000000009 0.35995150000000004 0.062116500000000012
decision_type=2 10 8 10 10
left_child=4 2 -2 -3 -1
right_child=1 3 -4 -5 -6
leaf_value=-0.021992505328282484 0.013202449184850534 -0.00074268647888213381 0 -0.018545532297080183 0
leaf_weight=9.3744289800524676 19.823689796030521 25.499174706637859 45.012748787179589 9.1159457415342313 0.67019347101450044
leaf_count=214 84 145 471 77 3
internal_value=-0.00195829 4.75357e-05 0.00458062 -0.00733382 -0.0195613
internal_weight=109.496 99.4516 64.8364 34.6151 10.0446
internal_count=994 777 555 222 217
is_linear=0
shrinkage=0.03


Tree=112
num_leaves=6
num_cat=0
split_feature=21 24 15 15 24
split_gain=5.34552 6.16979 4.7334 3.1315 2.72446
threshold=0.10762700000000001 0.98260900000000007 0.32105100000000003 0.095195500000000016 0.98373850000000018
decision_type=10 2 8 10 2
left_child=1 2 -1 -2 -3
right_child=3 4 -4 -5 -6
leaf_value=-0.020022045821017045 -0.0037404363314015878 0.018033835771414739 -0.00040298558809230171 0.02010149682698387 0
leaf_weight=24.239391390234232 3.417245239019393 6.2505167238414279 24.362252578139305 11.866956897079943 36.54558327049017
leaf_count=226 19 32 358 49 280
internal_value=-0.00111174 -0.00420331 -0.0113643 0.0133911 0.00348572
internal_weight=106.682 91.3977 48.6016 15.2842 42.7961
internal_count=964 896 584 68 312
is_linear=0
shrinkage=0.03


Tree=113
num_leaves=5
num_cat=0
split_feature=3 18 24 24
split_gain=5.37895 6.6899 4.29529 3.63613
threshold=1.5000000000000002 0.26283050000000008 0.96567650000000016 0.99371650000000011
decision_type=10 8 2 2
left_child=1 3 -3 -1
right_child=-2 2 -4 -5
leaf_value=-0.013506309325116839 0.020542857583138719 -0.0095580789620636625 0.0081882443937918836 0.010027141455064975
leaf_weight=42.859723253175616 7.0402473360300055 12.147928964346645 47.796418942511082 3.0828478261828414
leaf_count=304 45 226 437 10
internal_value=-0.000181133 -0.00236258 0.00383114 -0.0107964
internal_weight=112.927 105.887 59.9443 45.9426
internal_count=1022 977 663 314
is_linear=0
shrinkage=0.03


Tree=114
num_leaves=5
num_cat=0
split_feature=3 19 6 24
split_gain=5.15985 4.13865 2.92443 2.69199
threshold=1.5000000000000002 0.50499100000000008 1.0000000180025095e-35 0.98658050000000008
decision_type=10 10 10 2
left_child=1 2 -1 -3
right_child=-2 3 -4 -5
leaf_value=0.0019020395643995214 0.02058228945408919 -0.024684907301365043 -0.015248655967130636 0.0030808394061637226
leaf_weight=89.536789225414395 7.1467531770467749 7.5909560453146678 6.8795781917870036 1.153807535767555
leaf_count=778 47 106 60 4
internal_value=0 -0.00178697 0 -0.0186159
internal_weight=112.308 105.161 96.4164 8.74476
internal_count=995 948 838 110
is_linear=0
shrinkage=0.03


Tree=115
num_leaves=5
num_cat=0
split_feature=3 2 2 9
split_gain=4.97741 2.59526 6.91481 6.09735
threshold=1.5000000000000002 0.47222200000000009 1.0000000180025095e-35 7.9813810000000007
decision_type=10 10 10 8
left_child=1 2 -1 -3
right_child=-2 3 -4 -5
leaf_value=-0.0052464448780994077 0.019679555578650636 -0.016171023962847787 0.014690980097311646 0.013893338691338788
leaf_weight=54.58546320348978 6.4148940145969382 25.089235631749037 18.490935981273651 4.2132152020931235
leaf_count=639 42 214 73 13
internal_value=-0.000850953 -0.00294568 0 -0.0100307
internal_weight=108.794 102.379 73.0764 29.3025
internal_count=981 939 712 227
is_linear=0
shrinkage=0.03


Tree=116
num_leaves=5
num_cat=0
split_feature=25 20 20 16
split_gain=6.78835 3.88144 3.056 1.75077
threshold=0.58515400000000006 0.14446400000000001 0.39562250000000004 0.45824950000000003
decision_type=2 8 8 10
left_child=-1 3 -3 -2
right_child=1 2 -4 -5
leaf_value=-0.021755889006054373 0.012922522002893264 -0.010540636064079881 0.0029174043050577193 -0.002123491947331935
leaf_weight=7.7055199276655904 33.35263604670763 18.665759809315205 44.022579021751881 3.67579461634159
leaf_count=180 151 108 504 24
internal_value=0.000647484 0.0032556 -0.000931475 0.0106322
internal_weight=107.422 99.7168 62.6883 37.0284
internal_count=967 787 612 175
is_linear=0
shrinkage=0.03


Tree=117
num_leaves=5
num_cat=0
split_feature=3 2 24 2
split_gain=4.56927 2.9081 6.28588 4.9923
threshold=1.5000000000000002 0.47222200000000009 0.97871750000000013 1.0000000180025095e-35
decision_type=10 10 2 10
left_child=1 3 -3 -1
right_child=-2 2 -4 -5
leaf_value=-0.0029455654077409498 0.019824182831138949 -0.026208817355605703 0 0.014072284379820913
leaf_weight=56.327630076557398 6.6530873179435721 9.3748048283159751 18.758673306554556 17.559193357825279
leaf_count=651 46 128 93 70
internal_value=0 -0.00174203 -0.00955594 0.00109982
internal_weight=108.673 102.02 28.1335 73.8868
internal_count=988 942 221 721
is_linear=0
shrinkage=0.03


Tree=118
num_leaves=6
num_cat=0
split_feature=24 25 4 25 24
split_gain=4.68655 4.51304 2.06412 2.07676 1.64788
threshold=0.96567650000000016 0.59205150000000006 1.5000000000000002 0.50877050000000013 0.96967550000000013
decision_type=2 2 10 2 2
left_child=2 -2 3 -1 -3
right_child=1 4 -4 -5 -6
leaf_value=0.0031404432858937186 -0.016919361573954059 0.018154647781042085 0.0039260591123431859 -0.019798340269387944 0.0034435139889443986
leaf_weight=0.90798480436206119 5.4707023035734883 6.723969727754592 1.7674779966473568 14.312233267351983 78.967532049864531
leaf_count=15 116 49 7 252 528
internal_value=0.000303279 0.00335031 -0.0125959 -0.0164916 0.00551114
internal_weight=108.15 91.1622 16.9877 15.2202 85.6915
internal_count=967 693 274 267 577
is_linear=0
shrinkage=0.03


Tree=119
num_leaves=6
num_cat=0
split_feature=25 19 23 15 21
split_gain=3.57402 3.25789 2.55935 1.26771 0.781369
threshold=0.58515400000000006 0.57113900000000017 0.50185950000000012 0.32105100000000003 0.027506500000000003
decision_type=2 10 8 10 10
left_child=3 2 -2 -1 -3
right_child=1 4 -4 -5 -6
leaf_value=-0.018709835811368591 0.010045458326487049 -0.017552704319591304 0 0 0
leaf_weight=6.8899252191185942 43.485609091818333 4.6208946369588366 52.193995293229818 0.74625360593199719 0.71662679314613331
leaf_count=173 199 70 541 7 3
internal_value=0.00135382 0.00325217 0.00491879 -0.0147725 -0.0140453
internal_weight=108.653 101.017 95.6796 7.63618 5.33752
internal_count=993 813 740 180 73
is_linear=0
shrinkage=0.03


end of trees

feature_importances:
reranker_score_gte_multilingual_reranker_base=109
embedding_cosine_gte_multilingual_base=97
digit_ratio_mean_percentile_gap_abs=58
shared_title_count_capped=57
repeated_title_share_percentile_gap_abs=51
max_category_share_percentile_gap_abs=43
profile_category_jaccard=38
shared_description_count_capped=31
punct_ratio_mean_percentile_gap_abs=27
repeated_description_share_percentile_gap_abs=23
item_count_percentile_gap_abs=21
price_median_percentile_gap_abs=17
shared_category_count_capped=14
shared_description_idf_mean=10
shared_description_idf_sum=9
title_length_median_percentile_gap_abs=6
description_length_median_percentile_gap_abs=6
shared_title_idf_sum=4
same_market_raw_bool=2
shared_title_idf_mean=2
shared_low_df_sentence_count=2

parameters:
[boosting: gbdt]
[objective: binary]
[metric: binary_logloss,auc]
[tree_learner: serial]
[device_type: cpu]
[data_sample_strategy: bagging]
[data: ]
[valid: ]
[num_iterations: 120]
[learning_rate: 0.03]
[num_leaves: 7]
[num_threads: 0]
[seed: 20260320]
[deterministic: 1]
[force_col_wise: 1]
[force_row_wise: 0]
[histogram_pool_size: -1]
[max_depth: 3]
[min_data_in_leaf: 10]
[min_sum_hessian_in_leaf: 0.001]
[bagging_fraction: 0.8]
[pos_bagging_fraction: 1]
[neg_bagging_fraction: 1]
[bagging_freq: 1]
[bagging_seed: 20260320]
[bagging_by_query: 0]
[feature_fraction: 0.6]
[feature_fraction_bynode: 1]
[feature_fraction_seed: 20260320]
[extra_trees: 0]
[extra_seed: 10983]
[early_stopping_round: 0]
[early_stopping_min_delta: 0]
[first_metric_only: 0]
[max_delta_step: 0]
[lambda_l1: 1]
[lambda_l2: 3]
[linear_lambda: 0]
[min_gain_to_split: 0.05]
[drop_rate: 0.1]
[max_drop: 50]
[skip_drop: 0.5]
[xgboost_dart_mode: 0]
[uniform_drop: 0]
[drop_seed: 19421]
[top_rate: 0.2]
[other_rate: 0.1]
[min_data_per_group: 100]
[max_cat_threshold: 32]
[cat_l2: 10]
[cat_smooth: 10]
[max_cat_to_onehot: 4]
[top_k: 20]
[monotone_constraints: ]
[monotone_constraints_method: basic]
[monotone_penalty: 0]
[feature_contri: ]
[forcedsplits_filename: ]
[refit_decay_rate: 0.9]
[cegb_tradeoff: 1]
[cegb_penalty_split: 0]
[cegb_penalty_feature_lazy: ]
[cegb_penalty_feature_coupled: ]
[path_smooth: 0]
[interaction_constraints: ]
[verbosity: -1]
[saved_feature_importance_type: 0]
[use_quantized_grad: 0]
[num_grad_quant_bins: 4]
[quant_train_renew_leaf: 0]
[stochastic_rounding: 1]
[linear_tree: 0]
[max_bin: 255]
[max_bin_by_feature: ]
[min_data_in_bin: 3]
[bin_construct_sample_cnt: 200000]
[data_random_seed: 20260320]
[is_enable_sparse: 1]
[enable_bundle: 1]
[use_missing: 1]
[zero_as_missing: 0]
[feature_pre_filter: 1]
[pre_partition: 0]
[two_round: 0]
[header: 0]
[label_column: ]
[weight_column: ]
[group_column: ]
[ignore_column: ]
[categorical_feature: ]
[forcedbins_filename: ]
[precise_float_parser: 0]
[parser_config_file: ]
[objective_seed: 10697]
[num_class: 1]
[is_unbalance: 0]
[scale_pos_weight: 1]
[sigmoid: 1]
[boost_from_average: 1]
[reg_sqrt: 0]
[alpha: 0.9]
[fair_c: 1]
[poisson_max_delta_step: 0.7]
[tweedie_variance_power: 1.5]
[lambdarank_truncation_level: 30]
[lambdarank_norm: 1]
[label_gain: ]
[lambdarank_position_bias_regularization: 0]
[eval_at: ]
[multi_error_top_k: 1]
[auc_mu_weights: ]
[num_machines: 1]
[local_listen_port: 12400]
[time_out: 120]
[machine_list_filename: ]
[machines: ]
[gpu_platform_id: -1]
[gpu_device_id: -1]
[gpu_use_dp: 0]
[num_gpu: 1]

end of parameters

pandas_categorical:null
