tree
version=v4
num_class=1
num_tree_per_iteration=1
label_index=0
max_feature_idx=29
objective=binary sigmoid:1
feature_names=same_market_raw_bool same_source_dataset_bool profile_category_jaccard shared_title_count_capped shared_description_count_capped shared_category_count_capped shared_title_idf_sum shared_description_idf_sum shared_title_idf_mean shared_description_idf_mean boilerplate_ratio_max boilerplate_ratio_gap_abs shared_boilerplate_count shared_low_df_sentence_count shared_rare_ngram_count item_count_percentile_gap_abs price_median_percentile_gap_abs title_length_median_percentile_gap_abs description_length_median_percentile_gap_abs digit_ratio_mean_percentile_gap_abs punct_ratio_mean_percentile_gap_abs repeated_title_share_percentile_gap_abs repeated_description_share_percentile_gap_abs max_category_share_percentile_gap_abs has_shared_contact_exact has_shared_pgp_fingerprint shared_contact_count_capped shared_pgp_fingerprint_count_capped embedding_cosine_gte_multilingual_base reranker_score_gte_multilingual_reranker_base
feature_infos=[0:1] [0:1] [0:1] [0:5] [0:5] [0:5] [0:70.616864000000007] [0:79.443972000000002] [0:8.8271080000000008] [0:8.8271080000000008] [0:0.20000000000000001] [0:0.20000000000000001] [0:1] [0:9] [0:8] [0:0.70916299999999999] [0:0.96791400000000005] [0:0.92293000000000003] [0:0.86055700000000002] [0:0.89987799999999996] [0:0.93352299999999999] [0:0.78087600000000001] [0:0.625498] [0:0.98619599999999996] [0:1] [0:0] [0:3] [0:0] [0.88623300000000005:0.99833300000000003] [0.41123199999999999:0.96361600000000003]
tree_sizes=784 642 787 625 762 765 678 648 859 685 642 848 782 636 557 665 682 557 845 867 554 737 869 661 828 751 855 685 850 661 791 782 756 655 683 846 865 659 751 569 859 850 872 835 549 663 882 733 849 765 747 737 667 831 880 545 632 664 579 557 730 785 736 752 864 850 768 640 870 786 651 736 677 665 684 657 737 688 631 775 750 570 680 864 579 578 665 572 748 638 577 886 680 747 746 743 674 545 676 577 662 836 666 662 768 761 786 577 726 687 580 742 825 745 813 680 872 658 646 854 570 545 843 559 581 792 862 656 731 663 740 663 727 666 847 738 873 845 845 821 842 655 762 847 664 772 580 677 856 557

Tree=0
num_leaves=6
num_cat=0
split_feature=29 3 24 4 29
split_gain=79.6246 26.9949 37.7808 12.5849 0.72618
threshold=0.64888600000000018 1.0000000180025095e-35 1.0000000180025095e-35 1.0000000180025095e-35 0.64251300000000011
decision_type=2 10 8 10 2
left_child=3 2 -2 4 -1
right_child=1 -3 -4 -5 -6
leaf_value=-0.047664690444294992 -0.022504753568466491 0.047275088837481466 0.027538508280537034 0.013155428590125052 4.2497495285768391e-08
leaf_weight=23.942241542041309 21.584340810775757 17.059866219758987 26.893305718898773 1.4829059839248646 1.4528448656201352
leaf_count=188 99 47 208 4 9
internal_value=4.24975e-08 0.0177754 0.00466129 -0.0409108 -0.0461808
internal_weight=92.4155 65.5375 48.4776 26.878 25.3951
internal_count=555 354 307 201 197
is_linear=0
shrinkage=1


Tree=1
num_leaves=5
num_cat=0
split_feature=24 4 19 21
split_gain=47.3582 58.0012 16.428 7.98732
threshold=1.0000000180025095e-35 1.0000000180025095e-35 0.31552450000000004 0.19507150000000004
decision_type=10 8 8 10
left_child=1 3 -3 -1
right_child=-2 2 -4 -5
leaf_value=-0.040705627411060187 0.045318247624691638 0.04202310087690872 0 0
leaf_weight=32.549877762794495 13.530974358320234 10.563969552516935 25.134163044393063 4.2978614568710318
leaf_count=163 37 29 278 17
internal_value=-0.000345109 -0.0107206 0.0153919 -0.0360255
internal_weight=86.0768 72.5459 35.6981 36.8477
internal_count=524 487 307 180
is_linear=0
shrinkage=0.03


Tree=2
num_leaves=6
num_cat=0
split_feature=29 24 3 24 4
split_gain=73.0781 22.5863 19.4359 22.9215 10.1556
threshold=0.69149300000000014 1.0000000180025095e-35 1.0000000180025095e-35 1.0000000180025095e-35 1.0000000180025095e-35
decision_type=2 10 10 8 10
left_child=1 4 3 -2 -1
right_child=2 -3 -4 -5 -6
leaf_value=-0.04228387697013708 -0.015395107265233021 0.023549798531359328 0.046411171067852947 0.027200254175370035 0.009541867738303747
leaf_weight=31.92133541405201 17.239836603403091 3.5220330804586402 17.209449127316475 22.128676638007164 1.6698033660650242
leaf_count=247 77 10 47 168 5
internal_value=0.00063499 -0.0303755 0.0219856 0.00806995 -0.0383167
internal_weight=93.6911 37.1132 56.578 39.3685 33.5911
internal_count=554 262 292 245 252
is_linear=0
shrinkage=0.03


Tree=3
num_leaves=5
num_cat=0
split_feature=4 24 5 2
split_gain=51.8821 49.0671 13.1643 12.7864
threshold=1.0000000180025095e-35 1.0000000180025095e-35 1.5000000000000002 inf
decision_type=10 8 10 8
left_child=1 2 -1 -3
right_child=-2 3 -4 -5
leaf_value=-0.040690654386597809 0.042192407221771214 0.038664685929253276 0 0
leaf_weight=33.601936057209969 17.003358244895935 9.0633606314659101 7.0914901047945014 25.620492242276669
leaf_count=170 48 25 28 291
internal_value=-0.000625185 -0.0119119 -0.0334043 0.0131602
internal_weight=92.3806 75.3773 40.6934 34.6839
internal_count=562 514 198 316
is_linear=0
shrinkage=0.03


Tree=4
num_leaves=6
num_cat=0
split_feature=29 4 24 4 28
split_gain=63.3682 23.0714 28.853 13.2962 2.08741
threshold=0.65221600000000013 1.0000000180025095e-35 1.0000000180025095e-35 1.0000000180025095e-35 0.92791050000000019
decision_type=2 10 8 10 2
left_child=3 2 -2 4 -1
right_child=1 -3 -4 -5 -6
leaf_value=0 -0.018418615885375439 0.0419137352233186 0.02491167803488837 0.0154498262933604 -0.042877143820662843
leaf_weight=1.0068118274211943 23.94621554017067 18.054896235466003 25.030240930616856 1.8476076722145069 25.789674498140812
leaf_count=6 109 51 199 5 194
internal_value=-0.000141646 0.0154853 0.00330858 -0.0356602 -0.0413918
internal_weight=95.6754 67.0314 48.9765 28.6441 26.7965
internal_count=564 359 308 205 200
is_linear=0
shrinkage=0.03


Tree=5
num_leaves=6
num_cat=0
split_feature=29 3 21 5 9
split_gain=59.041 20.6342 14.7818 8.50939 6.96
threshold=0.64888600000000018 1.0000000180025095e-35 0.15176500000000001 1.5000000000000002 7.7873875000000004
decision_type=2 10 8 10 10
left_child=3 2 -2 4 -1
right_child=1 -3 -4 -5 -6
leaf_value=-0.04120995316950838 -0.011947443985067193 0.041484922566260497 0.019056542466163628 0.0082606866118784799 0.0052057431379370729
leaf_weight=26.305527336895473 22.756609544157982 17.063611999154091 25.946458175778389 1.8516021966934193 1.294048786163329
leaf_count=205 100 48 204 6 4
internal_value=0 0.0156505 0.00413696 -0.0334425 -0.0377563
internal_weight=95.2179 65.7667 48.7031 29.4512 27.5996
internal_count=567 352 304 215 209
is_linear=0
shrinkage=0.03


Tree=6
num_leaves=5
num_cat=0
split_feature=4 26 5 15
split_gain=43.5411 46.4553 16.92 12.58
threshold=1.0000000180025095e-35 1.0000000180025095e-35 1.5000000000000002 0.022550500000000005
decision_type=10 8 10 10
left_child=1 2 -1 -3
right_child=-2 3 -4 -5
leaf_value=-0.040142615155776655 0.03973726231218204 0.0011755430507825915 0.0037856021281078233 0.039477770799780237
leaf_weight=32.039972007274628 17.181746810674667 26.367776624858379 8.0096748769283277 9.2026701271533948
leaf_count=165 49 294 31 25
internal_value=0.000138899 -0.0096497 -0.0310088 0.0141626
internal_weight=92.8018 75.6201 40.0496 35.5704
internal_count=564 515 196 319
is_linear=0
shrinkage=0.03


Tree=7
num_leaves=5
num_cat=0
split_feature=3 24 1 23
split_gain=47.1607 43.7329 14.7082 3.74444
threshold=1.0000000180025095e-35 1.0000000180025095e-35 inf 0.00089200000000000011
decision_type=10 8 8 10
left_child=1 3 -3 -1
right_child=-2 2 -4 -5
leaf_value=-0.038522765356321965 0.041978306679961483 0.039152728522373108 0 -0.013529174872304062
leaf_weight=21.675806775689125 17.818381100893021 10.833844453096388 25.621196523308754 19.542868748307228
leaf_count=113 50 30 292 88
internal_value=0.00151366 -0.00861293 0.0142119 -0.0290729
internal_weight=95.4921 77.6737 36.455 41.2187
internal_count=573 523 322 201
is_linear=0
shrinkage=0.03


Tree=8
num_leaves=7
num_cat=0
split_feature=29 28 4 2 4 22
split_gain=52.1687 20.0299 8.77179 6.54082 5.98827 2.74559
threshold=0.64888600000000018 0.97673100000000013 1.0000000180025095e-35 0.21363650000000003 1.0000000180025095e-35 0.046215500000000007
decision_type=2 2 10 8 8 10
left_child=2 3 5 -2 -3 -1
right_child=1 4 -4 -5 -6 -7
leaf_value=-0.04029787599093311 0.0074678707918636516 0.0081622961898395012 0.011084623650631535 -0.022065866348766595 0.034897593962779673 0
leaf_weight=23.06928080320359 8.8289091140031832 18.107435986399651 1.4660963416099537 11.007994681596754 25.616980969905853 2.7688960433006278
leaf_count=190 33 69 4 95 145 12
internal_value=0 0.0147261 -0.0327572 -0.00835322 0.0257028 -0.0371795
internal_weight=90.8656 63.5613 27.3043 19.8369 43.7244 25.8382
internal_count=548 342 206 128 214 202
is_linear=0
shrinkage=0.03


Tree=9
num_leaves=5
num_cat=0
split_feature=4 24 15 21
split_gain=43.8238 38.9076 9.2001 7.35058
threshold=1.0000000180025095e-35 1.0000000180025095e-35 0.022550500000000005 0.20346050000000002
decision_type=10 8 10 10
left_child=1 3 -3 -1
right_child=-2 2 -4 -5
leaf_value=-0.033080769475569566 0.038756188046435804 0.0018385015762162837 0.03625374344033163 0.00038123744452168355
leaf_weight=35.563443452119827 18.722415298223495 25.925164625048637 8.0290353000164014 4.8332111537456504
leaf_count=180 54 288 22 19
internal_value=0.000855375 -0.00943363 0.0130708 -0.0286364
internal_weight=93.0733 74.3509 33.9542 40.3967
internal_count=563 509 310 199
is_linear=0
shrinkage=0.03


Tree=10
num_leaves=5
num_cat=0
split_feature=3 24 21 16
split_gain=42.3385 44.0206 23.6795 3.74263
threshold=1.0000000180025095e-35 1.0000000180025095e-35 0.12386950000000001 0.28486050000000002
decision_type=10 10 8 10
left_child=1 2 -1 -2
right_child=3 -3 -4 -5
leaf_value=-0.034721761549948243 0.041424886927938671 0.039225942832047909 0 0
leaf_weight=35.586169898509979 17.11992380023003 10.903673976659773 31.131542481482029 2.5398346036672583
leaf_count=183 48 30 315 10
internal_value=0.00059787 -0.00930647 -0.019015 0.0370814
internal_weight=97.2811 77.6214 66.7177 19.6598
internal_count=586 528 498 58
is_linear=0
shrinkage=0.03


Tree=11
num_leaves=7
num_cat=0
split_feature=29 2 9 5 9 23
split_gain=53.5301 8.55936 9.47661 5.23715 5.32169 3.87224
threshold=0.64888600000000018 0.32575750000000009 8.0568855000000017 1.5000000000000002 7.7873875000000004 0.57592050000000017
decision_type=2 10 10 10 10 10
left_child=3 5 -3 4 -1 -2
right_child=1 2 -4 -5 -6 -7
leaf_value=-0.038691242048387642 0.02547895781081954 -0.015090314992606921 0.023054671216079896 0.0032580956973502157 0.001719797499743202 0
leaf_weight=23.625075645744808 41.846763245761395 12.495436906814577 6.4077038615941992 1.4654252231121052 1.4537034481763829 4.0235002487897864
leaf_count=190 252 58 20 5 5 17
internal_value=0.00131736 0.016263 0 -0.0320858 -0.0353469 0.0229002
internal_weight=91.3176 64.7734 18.9031 26.5442 25.0788 45.8703
internal_count=547 347 78 200 195 269
is_linear=0
shrinkage=0.03


Tree=12
num_leaves=6
num_cat=0
split_feature=29 4 24 5 16
split_gain=46.0871 18.138 21.9183 5.22625 0.0521671
threshold=0.62888350000000015 1.0000000180025095e-35 1.0000000180025095e-35 1.5000000000000002 0.27349450000000003
decision_type=2 10 8 10 10
left_child=3 2 -2 -1 -3
right_child=1 4 -4 -5 -6
leaf_value=-0.03548562215051658 -0.015694366488181569 0.039841100924845309 0.021962475643471611 0.0032443301338023465 0.0044651570034074635
leaf_weight=22.470544338226322 23.981694057583809 15.851881027221681 25.215716406702995 1.465129256248473 2.878309801220893
leaf_count=175 111 45 204 5 10
internal_value=0.00120386 0.014149 0.00318457 -0.0319039 0.0371523
internal_weight=91.8633 67.9276 49.1974 23.9357 18.7302
internal_count=550 370 315 180 55
is_linear=0
shrinkage=0.03


Tree=13
num_leaves=5
num_cat=0
split_feature=3 26 2 21
split_gain=35.8258 36.968 10.0197 1.75194
threshold=1.0000000180025095e-35 1.0000000180025095e-35 inf 0.19507150000000004
decision_type=10 8 8 10
left_child=1 3 -3 -1
right_child=-2 2 -4 -5
leaf_value=-0.031490997924925657 0.035952626196788413 0.03433285892550763 0 -8.9097997225415015e-05
leaf_weight=33.84714737534523 16.517776384949684 9.1650918275117856 24.281460344791412 3.7193505316972724
leaf_count=175 49 26 278 16
internal_value=0 -0.00973531 0.0120838 -0.029358
internal_weight=87.5308 71.0131 33.4466 37.5665
internal_count=544 495 304 191
is_linear=0
shrinkage=0.03


Tree=14
num_leaves=4
num_cat=0
split_feature=4 26 5
split_gain=31.5278 27.3088 16.9123
threshold=1.0000000180025095e-35 1.0000000180025095e-35 1.5000000000000002
decision_type=10 10 8
left_child=1 2 -1
right_child=-2 -3 -4
leaf_value=-0.030203972836446616 0.034995726952805499 0.033594147573009443 0
leaf_weight=30.38242594897747 16.726018130779266 9.0937963128089887 33.166894383728504
leaf_count=158 50 26 319
internal_value=0.00097172 -0.00754291 -0.0151294
internal_weight=89.3691 72.6431 63.5493
internal_count=553 503 477
is_linear=0
shrinkage=0.03


Tree=15
num_leaves=5
num_cat=0
split_feature=3 24 15 21
split_gain=34.8664 30.5232 9.02159 7.85792
threshold=1.0000000180025095e-35 1.0000000180025095e-35 0.0082440000000000013 0.13168750000000004
decision_type=10 8 10 10
left_child=1 3 -3 -1
right_child=-2 2 -4 -5
leaf_value=-0.031960254868196016 0.035168276870194005 5.1369547120995723e-06 0.03344594014129107 0
leaf_weight=32.375727504491806 17.587229669094086 26.261329106986523 8.1294428706169111 6.6435077786445609
leaf_count=171 53 296 23 27
internal_value=0.000226888 -0.0088037 0.0107616 -0.0262993
internal_weight=90.9972 73.41 34.3908 39.0192
internal_count=570 517 319 198
is_linear=0
shrinkage=0.03


Tree=16
num_leaves=5
num_cat=0
split_feature=3 24 5 28
split_gain=33.3236 25.2539 11.5409 7.38419
threshold=1.5000000000000002 1.0000000180025095e-35 1.5000000000000002 0.97673100000000013
decision_type=10 8 10 2
left_child=1 2 -1 -3
right_child=-2 3 -4 -5
leaf_value=-0.031820795691195849 0.037020748156163359 -0.0079878408063010255 0.0037334593651312024 0.019409310761518188
leaf_weight=32.434318527579308 14.296022802591322 9.9373095110058802 8.0653800517320615 21.397513046860695
leaf_count=173 42 116 32 178
internal_value=-0.000176445 -0.0091674 -0.0242815 0.00990824
internal_weight=86.1305 71.8345 40.4997 31.3348
internal_count=541 499 205 294
is_linear=0
shrinkage=0.03


Tree=17
num_leaves=4
num_cat=0
split_feature=4 26 5
split_gain=38.2184 19.0512 15.2829
threshold=1.0000000180025095e-35 1.0000000180025095e-35 1.5000000000000002
decision_type=10 10 8
left_child=1 2 -1
right_child=-2 -3 -4
leaf_value=-0.029356074504169681 0.035126870740632338 0.028684126984860496 0
leaf_weight=31.836000263690948 19.03416745364666 6.8349086195230475 31.423059232532978
leaf_count=170 58 20 304
internal_value=0.000194621 -0.00993326 -0.0156683
internal_weight=89.1281 70.094 63.2591
internal_count=552 494 474
is_linear=0
shrinkage=0.03


Tree=18
num_leaves=7
num_cat=0
split_feature=29 28 21 21 28 29
split_gain=45.9689 18.3565 17.3517 1.4527 1.06901 0.785392
threshold=0.62888350000000015 0.97673100000000013 0.10762700000000001 0.062116500000000012 0.99280350000000006 0.7008795000000001
decision_type=2 2 10 10 2 2
left_child=3 2 -2 4 -1 -3
right_child=1 5 -4 -5 -6 -7
leaf_value=-0.035420499378464691 -0.023940857393904773 0.0063563287962706124 0.023968279507638007 0 0 0.028363048431879777
leaf_weight=18.878720909357078 14.656713195145132 7.5342763140797606 7.7950867116451255 1.7637935876846302 1.1846497356891621 38.189737752079964
leaf_count=165 119 42 25 8 8 193
internal_value=0.00301699 0.0154722 -0.00526396 -0.0318465 -0.0338888 0.0259672
internal_weight=90.003 68.1758 22.4518 21.8272 20.0634 45.724
internal_count=560 379 144 181 173 235
is_linear=0
shrinkage=0.03


Tree=19
num_leaves=7
num_cat=0
split_feature=29 28 4 21 3 5
split_gain=38.0214 18.788 8.57838 8.40562 3.60379 2.96429
threshold=0.64888600000000018 0.97673100000000013 1.0000000180025095e-35 0.10762700000000001 1.0000000180025095e-35 1.5000000000000002
decision_type=2 2 10 10 8 10
left_child=2 3 5 -2 -3 -1
right_child=1 4 -4 -5 -6 -7
leaf_value=-0.035510310936584882 -0.023805471860361031 0.0075610185814396465 0.011959673816618355 0.012608884823427926 0.029509282737861447 0
leaf_weight=23.838605880737312 12.622597426176073 17.708163216710091 1.764616310596465 5.4447036683559409 27.341350600123405 1.274304226040839
leaf_count=200 104 70 5 19 165 5
internal_value=-2.89336e-05 0.0123494 -0.0284224 -0.0111749 0.0225169 -0.0333005
internal_weight=89.9943 63.1168 26.8775 18.0673 45.0495 25.1129
internal_count=568 358 210 123 235 205
is_linear=0
shrinkage=0.03


Tree=20
num_leaves=4
num_cat=0
split_feature=26 3 5
split_gain=25.0236 28.9202 16.0204
threshold=1.0000000180025095e-35 1.5000000000000002 1.5000000000000002
decision_type=10 10 8
left_child=1 2 -1
right_child=-2 -3 -4
leaf_value=-0.029418099140699341 0.03450581604909745 0.032663931921710639 0
leaf_weight=32.699660673737526 12.129580289125441 10.193238288164137 31.618204690515995
leaf_count=177 36 31 305
internal_value=-0.000448274 -0.00764074 -0.015645
internal_weight=86.6407 74.5111 64.3179
internal_count=549 513 482
is_linear=0
shrinkage=0.03


Tree=21
num_leaves=6
num_cat=0
split_feature=4 24 4 5 16
split_gain=29.88 24.8276 8.53073 5.79782 0.643451
threshold=1.0000000180025095e-35 1.0000000180025095e-35 1.0000000180025095e-35 1.5000000000000002 0.28486050000000002
decision_type=10 8 8 10 8
left_child=1 3 -3 -1 -2
right_child=4 2 -4 -5 -6
leaf_value=-0.029759386161526461 0.035579939199795997 0.030702976958050566 0 0 0.0014171523230156664
leaf_weight=30.475645765662193 14.371774256229402 8.7346656173467618 23.369181461632252 8.3080672919750196 2.727419286966323
leaf_count=169 44 26 271 35 10
internal_value=0 -0.00860269 0.00981876 -0.0241795 0.0326482
internal_weight=87.9868 70.8876 32.1038 38.7837 17.0992
internal_count=555 501 297 204 54
is_linear=0
shrinkage=0.03


Tree=22
num_leaves=7
num_cat=0
split_feature=29 28 4 16 22 22
split_gain=30.498 13.6693 7.58558 5.5157 5.5009 2.15442
threshold=0.64888600000000018 0.97673100000000013 1.0000000180025095e-35 0.30299150000000002 0.087285500000000016 0.046215500000000007
decision_type=2 2 10 10 8 10
left_child=2 4 5 -3 -2 -1
right_child=1 3 -4 -5 -6 -7
leaf_value=-0.034117996560911489 -0.027390146358935791 0.023545866941171601 0.011281878796304845 -0.007977961756318817 0.0015543976668844341 0
leaf_weight=21.034352242946632 5.5888948589563396 38.51992154866457 1.7366903126239766 2.6844211369752875 12.755557931959627 2.7776476740837088
leaf_count=183 32 210 5 13 88 13
internal_value=-0.000347233 0.0110556 -0.0263445 0.0204114 -0.00846874 -0.0311629
internal_weight=85.0975 59.5488 25.5487 41.2043 18.3445 23.812
internal_count=544 343 201 223 120 196
is_linear=0
shrinkage=0.03


Tree=23
num_leaves=5
num_cat=0
split_feature=3 24 5 16
split_gain=25.7396 24.9178 12.4731 0.924612
threshold=1.0000000180025095e-35 1.0000000180025095e-35 1.5000000000000002 0.27113500000000007
decision_type=10 10 8 10
left_child=1 2 -1 -2
right_child=3 -3 -4 -5
leaf_value=-0.026667272630687997 0.035009304887555485 0.032814767798857128 0 0.0009523218325406509
leaf_weight=29.647202238440514 14.723804235458376 9.1666772663593274 30.026188090443611 2.875887766480445
leaf_count=164 46 27 303 11
internal_value=0.00210686 -0.0060921 -0.0138321 0.0318497
internal_weight=86.4398 68.8401 59.6734 17.5997
internal_count=551 494 467 57
is_linear=0
shrinkage=0.03


Tree=24
num_leaves=7
num_cat=0
split_feature=29 28 21 22 16 21
split_gain=33.9023 11.7483 8.80042 3.62581 3.19614 1.66897
threshold=0.64888600000000018 0.97673100000000013 0.052490000000000002 0.03981450000000001 0.30299150000000002 0.07012800000000001
decision_type=2 2 10 10 10 10
left_child=3 2 -2 5 -3 -1
right_child=1 4 -4 -5 -6 -7
leaf_value=-0.031989334284586154 -0.02021180045377647 0.023767175648268832 0.01546677901564086 0 0 0
leaf_weight=20.377441368997104 11.61248215287924 40.249287791550159 7.3001940101385108 2.9547544866800299 3.7321202307939521 1.3419939726591099
leaf_count=188 101 216 26 13 16 6
internal_value=0.00123824 0.0132071 -0.00483892 -0.0263105 0.0214191 -0.0301164
internal_weight=87.5683 62.8941 18.9127 24.6742 43.9814 21.7194
internal_count=566 359 127 207 232 194
is_linear=0
shrinkage=0.03


Tree=25
num_leaves=6
num_cat=0
split_feature=3 24 2 18 15
split_gain=22.3881 23.1569 8.4499 4.50925 0.459583
threshold=1.0000000180025095e-35 1.0000000180025095e-35 inf 0.26283050000000008 0.17784200000000003
decision_type=10 8 8 10 10
left_child=1 3 -3 -1 -2
right_child=4 2 -4 -5 -6
leaf_value=-0.027963814543018568 0.033732195467403962 0.031728629021813302 0 -0.0007021330612976709 0.0021949444256364791
leaf_weight=26.406487330794334 12.93316161632538 8.9908841252326948 23.984870709478855 9.7522757202386838 3.0760338157415381
leaf_count=147 41 27 277 46 12
internal_value=0.00136569 -0.00596691 0.0111423 -0.0219943 0.0305535
internal_weight=85.1437 69.1345 32.9758 36.1588 16.0092
internal_count=550 497 304 193 53
is_linear=0
shrinkage=0.03


Tree=26
num_leaves=7
num_cat=0
split_feature=29 24 28 5 20 2
split_gain=29.3016 13.5465 8.01408 3.27662 3.03495 2.75916
threshold=0.7008795000000001 1.0000000180025095e-35 0.97673100000000013 1.5000000000000002 0.51507150000000002 0.17708350000000003
decision_type=2 10 2 10 10 8
left_child=1 3 5 -1 -4 -2
right_child=2 -3 4 -5 -6 -7
leaf_value=-0.028792494312404063 0.0073327706320935031 0.01938130866953567 0.023505085356799075 0 -0.001781291444288389 -0.015083044676348498
leaf_weight=30.094658777117729 5.4527822434902165 3.9366159141063681 35.357883557677269 2.0132304430007926 1.9339371174573887 6.8278174996376046
leaf_count=260 21 12 188 8 9 58
internal_value=0 -0.0195353 0.0147713 -0.0264097 0.0214142 -0.00368121
internal_weight=85.6169 36.0445 49.5724 32.1079 37.2918 12.2806
internal_count=556 280 276 268 197 79
is_linear=0
shrinkage=0.03


Tree=27
num_leaves=5
num_cat=0
split_feature=24 7 19 23
split_gain=18.7177 15.5707 7.70072 6.45485
threshold=1.0000000180025095e-35 8.0568855000000017 0.31552450000000004 0.0067100000000000016
decision_type=10 8 8 10
left_child=1 3 -3 -1
right_child=-2 2 -4 -5
leaf_value=-0.030212348635786541 0.031826833773983557 0.024002108737601422 -0.0016542272180395251 -0.0031128269700269602
leaf_weight=18.409232646226883 11.492455348372458 12.797196328639982 25.016458943486214 18.168720260262489
leaf_count=112 36 45 289 84
internal_value=0.000240219 -0.00529641 0.00741959 -0.0187659
internal_weight=85.8841 74.3916 37.8137 36.578
internal_count=566 530 334 196
is_linear=0
shrinkage=0.03


Tree=28
num_leaves=7
num_cat=0
split_feature=29 28 21 29 28 23
split_gain=30.4506 9.44162 8.29015 3.55722 0.823692 0.776676
threshold=0.62888350000000015 0.97673100000000013 0.052490000000000002 0.7008795000000001 0.99273800000000012 0.048504000000000005
decision_type=2 2 10 2 2 10
left_child=4 2 -2 -3 5 -1
right_child=1 3 -4 -5 -6 -7
leaf_value=-0.032271647519312267 -0.018619128525073657 0 0.014785552936280835 0.023422177170770546 0 -0.0011877925530510631
leaf_weight=16.043601192533977 12.092776723206045 7.8430400267243376 8.4783607721328718 34.393539294600487 1.1094748228788365 3.1551678329706183
leaf_count=150 102 49 31 183 8 16
internal_value=0.00103063 0.0117564 -0.00344915 0.019563 -0.0280978 -0.0293656
internal_weight=83.116 62.8077 20.5711 42.2366 20.3082 19.1988
internal_count=539 365 133 232 174 166
is_linear=0
shrinkage=0.03


Tree=29
num_leaves=5
num_cat=0
split_feature=4 22 18 18
split_gain=23.6184 14.8813 6.02251 1.39234
threshold=1.0000000180025095e-35 0.03981450000000001 0.29475650000000003 0.50034100000000004
decision_type=10 8 10 10
left_child=1 3 -3 -1
right_child=-2 2 -4 -5
leaf_value=-0.025838515614490524 0.03087722603201672 -0.0014493882005689564 0.024439518578688382 0
leaf_weight=23.50936029851437 15.524244144558905 34.332811020314693 6.8814257681369773 2.5421747565269461
leaf_count=138 52 324 23 12
internal_value=0.000444828 -0.00717014 0.00355966 -0.0237923
internal_weight=82.79 67.2658 41.2142 26.0515
internal_count=549 497 347 150
is_linear=0
shrinkage=0.03


Tree=30
num_leaves=6
num_cat=0
split_feature=29 4 24 24 29
split_gain=29.2971 7.62758 10.8343 3.3691 0.0852608
threshold=0.62888350000000015 1.0000000180025095e-35 1.0000000180025095e-35 1.0000000180025095e-35 0.58551750000000002
decision_type=2 10 8 10 2
left_child=3 2 -2 4 -1
right_child=1 -3 -4 -5 -6
leaf_value=-0.03342345549176251 -0.007897600570497959 0.030678032922070535 0.018778545472056974 0.0020538816703014472 -0.0084849690404308047
leaf_weight=13.395257540047174 22.976726979017258 14.174123138189314 24.502060689032078 1.2357040792703617 6.5535087510943404
leaf_count=124 110 48 206 4 53
internal_value=0.00218804 0.012964 0.00557254 -0.0256507 -0.0287182
internal_weight=82.8374 61.6529 47.4788 21.1845 19.9488
internal_count=545 364 316 181 177
is_linear=0
shrinkage=0.03


Tree=31
num_leaves=6
num_cat=0
split_feature=29 20 4 5 5
split_gain=22.6183 9.84428 5.48095 3.84656 2.54527
threshold=0.62888350000000015 0.28479750000000009 1.0000000180025095e-35 1.5000000000000002 1.5000000000000002
decision_type=2 10 10 10 8
left_child=3 2 -2 -1 -3
right_child=1 4 -4 -5 -6
leaf_value=-0.029950145274896787 0.0065584232240715537 -0.021761164286774444 0.030428742608003122 0.0025651180689148889 0.0022249927807632625
leaf_weight=18.300710916519169 38.198686175048351 7.4874905943870518 12.127776816487311 1.4109666198492039 2.3571932464838037
leaf_count=166 271 41 41 5 9
internal_value=-0.000270591 0.00861497 0.0142615 -0.0262704 -0.0145041
internal_weight=79.8828 60.1711 50.3265 19.7117 9.84468
internal_count=533 362 312 171 50
is_linear=0
shrinkage=0.03


Tree=32
num_leaves=6
num_cat=0
split_feature=29 26 7 26 16
split_gain=27.3568 6.22934 6.3704 3.26328 0.171917
threshold=0.64888600000000018 1.0000000180025095e-35 8.0568855000000017 1.0000000180025095e-35 0.58629850000000017
decision_type=2 10 8 10 10
left_child=3 2 -2 4 -1
right_child=1 -3 -4 -5 -6
leaf_value=-0.028907965264985604 -0.0058160065132292112 0.030478290323426738 0.014309213354084754 0.0020176954790606604 0
leaf_weight=20.847823083400733 21.207346215844154 9.8735664486885053 27.910260200500488 1.2315676361322392 1.4085906893014897
leaf_count=194 99 32 216 4 8
internal_value=0 0.0111931 0.00520959 -0.0252251 -0.027981
internal_weight=82.4792 58.9912 49.1176 23.488 22.2564
internal_count=553 347 315 206 202
is_linear=0
shrinkage=0.03


Tree=33
num_leaves=5
num_cat=0
split_feature=29 28 20 28
split_gain=21.8583 10.2461 6.85857 0.516721
threshold=0.58551750000000002 0.95943100000000014 0.47980200000000006 0.95379800000000003
decision_type=2 2 10 2
left_child=3 -2 -3 -1
right_child=1 2 -4 -5
leaf_value=0 -0.021826526226044522 0.016296918363314081 -0.01601672714296164 -0.031158006804800201
leaf_weight=1.5175745151936997 4.968438457697629 60.575896371155977 3.2124171257019034 11.216548901051281
leaf_count=12 42 361 18 110
internal_value=0.0025397 0.00979232 0.0135741 -0.029114
internal_weight=81.4909 68.7568 63.7883 12.7341
internal_count=543 421 379 122
is_linear=0
shrinkage=0.03


Tree=34
num_leaves=5
num_cat=0
split_feature=24 28 19 7
split_gain=17.9239 12.1354 6.47357 6.46672
threshold=1.0000000180025095e-35 0.98226700000000011 0.00032450000000000008 8.0568855000000017
decision_type=10 2 8 10
left_child=1 3 -3 -1
right_child=-2 2 -4 -5
leaf_value=-0.021138746729267698 0.030850112702005546 -0.01727962968310753 0.012787488761099527 0.008997970969280315
leaf_weight=33.050899662077427 12.083917900919912 4.5346716940402976 30.184732537716627 4.4929527193307868
leaf_count=278 40 31 199 17
internal_value=0.000742373 -0.00492267 0.00700311 -0.0163933
internal_weight=84.3472 72.2633 34.7194 37.5439
internal_count=565 525 230 295
is_linear=0
shrinkage=0.03


Tree=35
num_leaves=7
num_cat=0
split_feature=21 7 26 19 20 21
split_gain=14.1665 10.6989 5.57174 4.20075 1.6473 0.450361
threshold=0.045361000000000005 8.0568855000000017 1.0000000180025095e-35 0.37396950000000007 0.027231500000000002 0.080088500000000021
decision_type=10 8 10 8 10 10
left_child=1 2 -1 -3 -2 -6
right_child=4 3 -4 -5 5 -7
leaf_value=-0.024112397518583045 0 0.02082234591322266 0.010477487892980534 -0.0013428225113441073 0 0.024131998937806008
leaf_weight=25.5188621878624 2.8245628774166134 7.0217914730310467 1.8793624341487873 23.454057551920414 3.0641897320747402 16.863912999629974
leaf_count=153 13 26 6 277 13 61
internal_value=0.00042932 -0.0071193 -0.019953 0.00427634 0.0193876 0.0220646
internal_weight=80.6267 57.8741 27.3982 30.4758 22.7527 19.9281
internal_count=549 462 159 303 87 74
is_linear=0
shrinkage=0.03


Tree=36
num_leaves=7
num_cat=0
split_feature=29 28 21 5 23 28
split_gain=25.8299 10.9127 4.74877 4.28769 2.76462 0.947789
threshold=0.62888350000000015 0.97144700000000006 0.12386950000000001 1.5000000000000002 0.72916550000000013 0.99273800000000012
decision_type=2 2 10 10 10 2
left_child=3 2 -2 5 -3 -1
right_child=1 4 -4 -5 -6 -7
leaf_value=-0.031548726084755355 -0.020445611762790125 0.019488711503455176 0.0091461887365985196 0.0046271514516510268 -0.003343270680358289 0
leaf_weight=17.664159663021572 9.6982444226741773 44.2656529545784 4.0620130449533454 1.2307452857494343 2.001863867044448 1.1445301733911026
leaf_count=172 85 251 15 4 10 8
internal_value=0.000520831 0.0107792 -0.00984668 -0.0263082 0.0177485 -0.0300662
internal_weight=80.0672 60.0278 13.7603 20.0394 46.2675 18.8087
internal_count=545 361 100 184 261 180
is_linear=0
shrinkage=0.03


Tree=37
num_leaves=5
num_cat=0
split_feature=29 4 2 21
split_gain=24.7288 8.72377 10.4254 1.89842
threshold=0.62888350000000015 1.0000000180025095e-35 0.32575750000000009 0.062116500000000012
decision_type=2 10 10 10
left_child=3 2 -2 -1
right_child=1 -3 -4 -5
leaf_value=-0.027434485521929529 0.013145917443697244 0.030754964911304434 -0.015692553219310623 0
leaf_weight=17.19384011998773 34.080659363418818 14.065024614334105 12.709133893251417 2.1711443066596976
leaf_count=174 248 50 66 10
internal_value=0.00224099 0.0119925 0.00423667 -0.0245599
internal_weight=80.2198 60.8548 46.7898 19.365
internal_count=548 364 314 184
is_linear=0
shrinkage=0.03


Tree=38
num_leaves=6
num_cat=0
split_feature=4 24 16 15 16
split_gain=19.5709 18.5414 5.89545 4.97197 1.26639
threshold=1.0000000180025095e-35 1.0000000180025095e-35 0.13418850000000002 0.022550500000000005 0.27113500000000007
decision_type=10 8 10 10 10
left_child=1 2 -1 -3 -2
right_child=4 3 -4 -5 -6
leaf_value=-0.032864173214523701 0.030807736452141521 0 -0.0043135074036891241 0.026064219036924203 0
leaf_weight=18.931695595383644 12.284679293632506 22.3938680626452 14.594857171177862 6.8646136224269858 2.4685541540384284
leaf_count=121 44 264 74 23 10
internal_value=-0.000142867 -0.00803605 -0.0226318 0.00830822 0.0274398
internal_weight=77.5383 62.785 33.5266 29.2585 14.7532
internal_count=536 482 195 287 54
is_linear=0
shrinkage=0.03


Tree=39
num_leaves=4
num_cat=0
split_feature=3 24 2
split_gain=17.3506 16.9675 9.88832
threshold=1.0000000180025095e-35 1.0000000180025095e-35 0.32575750000000009
decision_type=10 10 10
left_child=1 2 -1
right_child=-2 -3 -4
leaf_value=-0.0026575562922433742 0.027373015145976488 0.026761138976721072 -0.02848087340721802
leaf_weight=40.151873130351305 13.66656047105789 8.341609984636305 20.263766750693321
leaf_count=367 51 28 126
internal_value=0 -0.00660193 -0.0127295
internal_weight=82.4238 68.7572 60.4156
internal_count=572 521 493
is_linear=0
shrinkage=0.03


Tree=40
num_leaves=7
num_cat=0
split_feature=29 28 5 29 2 28
split_gain=21.433 10.3989 3.86897 3.72151 3.38153 1.20314
threshold=0.62888350000000015 0.97144700000000006 1.5000000000000002 0.7391445000000002 0.32575750000000009 0.93840900000000016
decision_type=2 2 10 2 10 2
left_child=2 3 5 -2 -3 -1
right_child=1 4 -4 -5 -6 -7
leaf_value=0 -0.021609434944710487 0.021618852678016408 0.0046693356215287904 0.0030706782033482851 0.0010175251005365602 -0.029606178098888776
leaf_weight=1.0881066881120265 7.3531988933682424 35.151526845991611 1.2149318158626545 6.695919431746006 13.115203455090521 16.321900054812431
leaf_count=8 61 223 4 41 59 168
internal_value=0.00152593 0.0103686 -0.0240069 -0.00961655 0.0169933 -0.0278701
internal_weight=80.9408 62.3158 18.6249 14.0491 48.2667 17.41
internal_count=564 384 180 102 282 176
is_linear=0
shrinkage=0.03


Tree=41
num_leaves=7
num_cat=0
split_feature=29 28 20 26 7 28
split_gain=19.8298 10.5003 3.55857 2.6057 1.6501 0.114764
threshold=0.62888350000000015 0.97144700000000006 0.28479750000000009 1.0000000180025095e-35 8.4887085000000031 0.95091900000000007
decision_type=2 2 10 10 10 2
left_child=4 3 -3 -2 5 -1
right_child=1 2 -4 -5 -6 -7
leaf_value=0 -0.017325425691792792 0.019076680582836819 -0.00067486152046342303 0.0071922461241099352 0 -0.027428869425075917
leaf_weight=1.6662399917841018 11.202629357576367 40.958849959075451 6.3317785114049903 1.4950170218944556 0.9866076409816732 15.558292422443627
leaf_count=14 88 248 29 5 4 164
internal_value=0.000569495 0.00934387 0.0159531 -0.0117048 -0.0241529 -0.0261773
internal_weight=78.1994 59.9883 47.2906 12.6976 18.2111 17.2245
internal_count=552 370 277 93 182 178
is_linear=0
shrinkage=0.03


Tree=42
num_leaves=7
num_cat=0
split_feature=29 28 24 21 3 29
split_gain=21.5141 5.3136 5.05945 4.01376 2.56673 2.51124
threshold=0.67280300000000015 0.97673100000000013 1.0000000180025095e-35 0.052490000000000002 1.0000000180025095e-35 0.7008795000000001
decision_type=2 2 10 8 10 2
left_child=2 3 4 -2 -1 -3
right_child=1 5 -4 -5 -6 -7
leaf_value=-0.025804576581722145 -0.018983868194064064 0 0.0087955610452919424 0.0077480459068595261 0.00020841511161641117 0.020844920590560187
leaf_weight=22.944289863109596 4.6479698121547672 2.9577595591545096 2.1272951513528815 11.279790729284286 1.3038225471973408 33.158763848245144
leaf_count=227 28 20 7 74 5 187
internal_value=0.00119552 0.0125504 -0.0191823 -0.00024026 -0.0234359 0.0185439
internal_weight=78.4197 52.0443 26.3754 15.9278 24.2481 36.1165
internal_count=548 309 239 102 232 207
is_linear=0
shrinkage=0.03


Tree=43
num_leaves=7
num_cat=0
split_feature=29 3 2 4 22 28
split_gain=19.0452 6.76477 6.24694 5.94125 2.11098 1.6722
threshold=0.68026850000000005 1.0000000180025095e-35 0.32575750000000009 1.0000000180025095e-35 0.03981450000000001 0.9575260000000001
decision_type=2 8 10 10 10 2
left_child=3 2 -2 4 -1 -3
right_child=1 5 -4 -5 -6 -7
leaf_value=-0.02457815411217627 0.012348955305397528 0 -0.01593074401964828 0.012899289036052858 0 0.023786563407417031
leaf_weight=22.799667682498701 13.496159911155702 0.46176750212908046 9.2410281151533109 2.2170793414115897 4.7225054055452338 24.514945399016142
leaf_count=235 54 7 49 7 23 175
internal_value=0.00070776 0.0125399 0 -0.016769 -0.0211748 0.0224203
internal_weight=77.4532 47.7139 22.7372 29.7393 27.5222 24.9767
internal_count=550 285 103 265 258 182
is_linear=0
shrinkage=0.03


Tree=44
num_leaves=4
num_cat=0
split_feature=4 24 5
split_gain=16.0835 14.7243 9.84506
threshold=1.0000000180025095e-35 1.0000000180025095e-35 1.5000000000000002
decision_type=10 10 8
left_child=1 2 -1
right_child=-2 -3 -4
leaf_value=-0.025205100887467777 0.026557783939132353 0.025112810116555848 0
leaf_weight=25.955769546329975 13.222926288843153 7.7028117030858985 29.548166934400797
leaf_count=171 51 27 305
internal_value=0 -0.00676826 -0.0127664
internal_weight=76.4297 63.2067 55.5039
internal_count=554 503 476
is_linear=0
shrinkage=0.03


Tree=45
num_leaves=5
num_cat=0
split_feature=4 26 5 16
split_gain=20.1821 14.1278 10.3909 1.45968
threshold=1.0000000180025095e-35 1.0000000180025095e-35 1.5000000000000002 0.27349450000000003
decision_type=10 10 8 10
left_child=1 2 -1 -2
right_child=3 -3 -4 -5
leaf_value=-0.027761183548977789 0.030012436931126499 0.023571240540512659 -0.0014466909186048151 0
leaf_weight=25.391885116696358 12.700294002890585 6.9892122298479071 31.389395736157894 2.3864083290100089
leaf_count=171 49 25 323 10
internal_value=-0.00110924 -0.00902322 -0.0145186 0.026632
internal_weight=78.8572 63.7705 56.7813 15.0867
internal_count=578 519 494 59
is_linear=0
shrinkage=0.03


Tree=46
num_leaves=7
num_cat=0
split_feature=29 2 3 5 23 9
split_gain=20.1936 6.4158 6.70345 3.50231 3.32461 2.85161
threshold=0.64888600000000018 0.32575750000000009 1.0000000180025095e-35 1.5000000000000002 0.61503100000000011 7.7873875000000004
decision_type=2 10 10 10 10 10
left_child=3 4 -3 5 -2 -1
right_child=1 2 -4 -5 -6 -7
leaf_value=-0.026814157374805483 0.020350113607361282 -0.01556322487950222 0.019072402593896341 0.0051923557082859196 -0.0035777723461352775 0.001606335543147839
leaf_weight=19.152932904660709 37.344565279781818 11.221701711416243 4.4676436781883231 1.3934845477342594 2.716938152909278 1.0858232975006092
leaf_count=206 248 60 18 5 14 4
internal_value=0.00195335 0.0117726 -0.00261698 -0.0204868 0.0178945 -0.0239879
internal_weight=77.3831 55.7508 15.6893 21.6322 40.0615 20.2388
internal_count=555 340 78 215 262 210
is_linear=0
shrinkage=0.03


Tree=47
num_leaves=6
num_cat=0
split_feature=3 21 28 23 28
split_gain=12.8576 7.90632 4.2886 2.55953 1.30348
threshold=1.0000000180025095e-35 0.0011505000000000003 0.97191600000000011 0.50185950000000012 0.99163200000000018
decision_type=10 8 2 8 2
left_child=1 4 -3 -2 -1
right_child=3 2 -4 -5 -6
leaf_value=-0.022957172026220687 0.028828014747437153 -0.01150977608532092 0.0074450278704046849 0 0
leaf_weight=16.739295154809955 11.1074034422636 12.432215902954338 30.418640214949846 2.2434764951467523 1.4658711403608311
leaf_count=116 44 116 248 11 8
internal_value=0 -0.00579536 0.000898159 0.024003 -0.0208633
internal_weight=74.4069 61.056 42.8509 13.3509 18.2052
internal_count=543 488 364 55 124
is_linear=0
shrinkage=0.03


Tree=48
num_leaves=7
num_cat=0
split_feature=29 28 21 24 20 3
split_gain=16.7078 8.8869 8.18634 2.54122 2.25346 1.68275
threshold=0.62888350000000015 0.97673100000000013 0.10762700000000001 1.0000000180025095e-35 0.28479750000000009 1.0000000180025095e-35
decision_type=2 2 10 10 10 10
left_child=3 2 -2 5 -3 -1
right_child=1 4 -4 -5 -6 -7
leaf_value=-0.02685116343510309 -0.01811957026973196 0.020268438985425685 0.016997506420950333 0.0014301923239099241 0 0
leaf_weight=14.600535240024326 13.115628547966482 36.210030660033226 6.0290166586637488 1.2110482454299933 4.1852845698595038 0.95895317196846086
leaf_count=165 117 221 22 4 19 4
internal_value=0.00244264 0.0102834 -0.0049013 -0.0212132 0.0180126 -0.0245384
internal_weight=76.3105 59.54 19.1446 16.7705 40.3953 15.5595
internal_count=552 379 139 173 240 169
is_linear=0
shrinkage=0.03


Tree=49
num_leaves=6
num_cat=0
split_feature=29 28 26 5 28
split_gain=15.5338 7.66494 3.98912 3.13058 0.922025
threshold=0.62888350000000015 0.95943100000000014 1.0000000180025095e-35 1.5000000000000002 0.99280350000000006
decision_type=2 2 10 10 2
left_child=3 -2 -3 4 -1
right_child=1 2 -4 -5 -6
leaf_value=-0.027073500271511813 -0.02039143438240373 0.0063831068020472805 0.027924395566370146 0.0029586886820557835 0
leaf_weight=15.077346716076139 4.0330946072936049 44.216612849384546 9.8279514461755735 1.3565103709697712 0.98239029943943101
leaf_count=166 36 302 37 5 8
internal_value=0.000541791 0.00845132 0.0120888 -0.0217307 -0.0255276
internal_weight=75.4939 58.0777 54.0446 17.4162 16.0597
internal_count=554 375 339 179 174
is_linear=0
shrinkage=0.03


Tree=50
num_leaves=6
num_cat=0
split_feature=29 4 24 22 16
split_gain=15.0633 7.57783 7.75613 0.787122 0.2187
threshold=0.58551750000000002 1.0000000180025095e-35 1.0000000180025095e-35 0.13851550000000004 0.27113500000000007
decision_type=2 10 8 10 10
left_child=3 2 -2 -1 -3
right_child=1 4 -4 -5 -6
leaf_value=-0.027990412249210977 -0.010041848668043422 0.027919408223297051 0.012240610390037316 0 0
leaf_weight=10.709925081580874 24.045955628156662 10.555894881486891 25.699205532670021 0.77234172821045 2.3602343797683707
leaf_count=129 128 43 236 4 10
internal_value=0.000969448 0.00740111 0.00094235 -0.0263204 0.0255252
internal_weight=74.1436 62.6613 49.7452 11.4823 12.9161
internal_count=550 417 364 133 53
is_linear=0
shrinkage=0.03


Tree=51
num_leaves=6
num_cat=0
split_feature=4 29 28 18 16
split_gain=15.7565 8.92702 5.21515 2.56685 0.155032
threshold=1.0000000180025095e-35 0.65221600000000013 0.97144700000000006 0.3261150000000001 0.27113500000000007
decision_type=10 2 2 10 10
left_child=1 3 -3 -1 -2
right_child=4 2 -4 -5 -6
leaf_value=-0.027179460274495686 0.027783685009953187 -0.016184896355202767 0.0065483975338027807 0 0
leaf_weight=16.23754940181971 10.586612880229948 9.4385869503021222 30.472219705581665 2.1768678575754157 2.3777277171611777
leaf_count=193 44 78 205 12 10
internal_value=-0.00067982 -0.0079406 0 -0.0235743 0.0254602
internal_weight=71.2896 58.3252 39.9108 18.4144 12.9643
internal_count=542 488 283 205 54
is_linear=0
shrinkage=0.03


Tree=52
num_leaves=5
num_cat=0
split_feature=4 29 28 22
split_gain=11.467 8.86114 6.81215 1.30315
threshold=1.0000000180025095e-35 0.64251300000000011 0.97673100000000013 0.046215500000000007
decision_type=10 2 2 10
left_child=1 3 -3 -1
right_child=-2 2 -4 -5
leaf_value=-0.026225687837269758 0.023386208248199172 -0.013181364562379276 0.0091188315592515869 0
leaf_weight=14.354874305427076 10.902811884880064 16.776228614151478 29.414159774780273 2.7158725932240477
leaf_count=175 46 131 198 15
internal_value=-0.000968831 -0.00648786 9.96452e-05 -0.0231578
internal_weight=74.1639 63.2611 46.1904 17.0707
internal_count=565 519 329 190
is_linear=0
shrinkage=0.03


Tree=53
num_leaves=7
num_cat=0
split_feature=29 28 4 28 15 15
split_gain=13.3322 6.18653 4.20272 2.7244 0.429165 0.383572
threshold=0.64888600000000018 0.96775850000000008 1.0000000180025095e-35 0.98782300000000012 0.086426500000000003 0.3123105000000001
decision_type=2 2 10 2 8 10
left_child=2 4 5 -3 -2 -1
right_child=1 3 -4 -5 -6 -7
leaf_value=-0.024616404148892462 0 0.016686609096012165 0.0078625883152689154 0 -0.014548771551054321 0
leaf_weight=16.646473757922656 0.97440041601657768 34.375384826213121 1.5383949577808369 12.839912686496971 6.1997515559196472 0.97874914854764838
leaf_count=196 5 207 5 84 53 6
internal_value=0.000305661 0.00829428 -0.0190675 0.0125864 -0.0123867 -0.0236743
internal_weight=73.5531 54.3894 19.1636 47.2153 7.17415 17.6252
internal_count=556 349 207 291 58 202
is_linear=0
shrinkage=0.03


Tree=54
num_leaves=7
num_cat=0
split_feature=29 28 23 16 23 22
split_gain=14.5656 5.04214 3.30077 2.67404 2.38412 1.97228
threshold=0.7008795000000001 0.97673100000000013 0.0067100000000000016 0.46362600000000004 0.50185950000000012 0.15225800000000003
decision_type=2 2 10 10 10 10
left_child=2 5 -1 -3 -4 -2
right_child=1 3 4 -5 -6 -7
leaf_value=-0.019829800420664699 -0.010745473282030229 0.020991155525867274 0.0090502141055957691 -0.0029662797825444672 -0.014159522538974057 0.0088423121081804279
leaf_weight=19.13040524348617 7.7610109671950323 29.830970961600546 7.4696399569511396 1.6044012755155552 3.4250975027680397 4.2173609435558319
leaf_count=226 65 181 31 8 24 17
internal_value=0.00168269 0.0127912 -0.0131738 0.0187453 0 -0.00145637
internal_weight=73.4389 43.4137 30.0251 31.4354 10.8947 11.9784
internal_count=552 271 281 189 55 82
is_linear=0
shrinkage=0.03


Tree=55
num_leaves=4
num_cat=0
split_feature=26 3 29
split_gain=11.4205 11.2721 5.77563
threshold=1.0000000180025095e-35 1.5000000000000002 0.7008795000000001
decision_type=10 10 2
left_child=1 2 -1
right_child=-2 -3 -4
leaf_value=-0.019639673997721624 0.026324106976248894 0.023777699460431446 0
leaf_weight=25.618983887135983 9.7224407494068128 7.199210360646247 29.099643297493458
leaf_count=260 38 31 214
internal_value=0 -0.00474611 -0.0100595
internal_weight=71.6403 61.9178 54.7186
internal_count=543 505 474
is_linear=0
shrinkage=0.03


Tree=56
num_leaves=5
num_cat=0
split_feature=4 26 28 20
split_gain=12.5527 10.5525 5.68541 0.19479
threshold=1.0000000180025095e-35 1.0000000180025095e-35 0.98226700000000011 0.17589100000000005
decision_type=10 10 2 8
left_child=1 2 -1 -2
right_child=3 -3 -4 -5
leaf_value=-0.018933500639273161 0.026930996420111358 0.022399064353881983 0 0
leaf_weight=30.078108981251717 9.8702335655689204 6.7557979822158805 23.092107150703669 2.2809809893369684
leaf_count=287 42 26 186 10
internal_value=0 -0.00582929 -0.0109548 0.024587
internal_weight=72.0772 59.926 53.1702 12.1512
internal_count=551 499 473 52
is_linear=0
shrinkage=0.03


Tree=57
num_leaves=5
num_cat=0
split_feature=4 24 5 15
split_gain=12.8848 11.906 3.54747 3.4426
threshold=1.0000000180025095e-35 1.0000000180025095e-35 1.5000000000000002 0.022550500000000005
decision_type=10 8 10 10
left_child=1 2 -1 -3
right_child=-2 3 -4 -5
leaf_value=-0.022113244053810061 0.025870361020791526 0.00039158826535209859 0 0.023590856799374414
leaf_weight=24.050596110522751 12.355321541428564 23.205177377909425 7.1552534699439994 6.2703828066587439
leaf_count=170 54 285 30 24
internal_value=0.000924926 -0.00466258 -0.017128 0.00797393
internal_weight=73.0367 60.6814 31.2058 29.4756
internal_count=563 509 200 309
is_linear=0
shrinkage=0.03


Tree=58
num_leaves=4
num_cat=0
split_feature=3 24 18
split_gain=12.2624 11.895 8.00367
threshold=1.0000000180025095e-35 1.0000000180025095e-35 0.12250800000000002
decision_type=10 10 8
left_child=1 2 -1
right_child=-2 -3 -4
leaf_value=-0.026658010552120553 0.02431530216867641 0.022865726786042533 -0.0016765406902904088
leaf_weight=18.425509586930275 11.195405811071394 7.015432432293891 32.250061359256506
leaf_count=133 50 27 331
internal_value=-0.000362849 -0.00661135 -0.0123009
internal_weight=68.8864 57.691 50.6756
internal_count=541 491 464
is_linear=0
shrinkage=0.03


Tree=59
num_leaves=4
num_cat=0
split_feature=26 3 29
split_gain=11.1456 12.3533 6.14942
threshold=1.0000000180025095e-35 1.5000000000000002 0.7008795000000001
decision_type=10 10 2
left_child=1 2 -1
right_child=-2 -3 -4
leaf_value=-0.020082633764275472 0.026945598651351411 0.024491580362996181 0
leaf_weight=24.619951076805592 9.3436126708984357 8.0028006881475431 29.397538293153048
leaf_count=262 38 36 217
internal_value=0.000494406 -0.00408857 -0.00991478
internal_weight=71.3639 62.0203 54.0175
internal_count=553 515 479
is_linear=0
shrinkage=0.03


Tree=60
num_leaves=6
num_cat=0
split_feature=4 24 16 16 16
split_gain=11.0126 10.8869 4.35729 4.06126 0.388852
threshold=1.0000000180025095e-35 1.0000000180025095e-35 0.26580100000000001 0.012641000000000001 0.24901050000000002
decision_type=10 8 10 10 8
left_child=1 2 -1 -3 -2
right_child=4 3 -4 -5 -6
leaf_value=-0.024204730421399836 0.025657596049289876 0 0 0.023255205450490063 0
leaf_weight=21.77873665094376 9.2890470772981608 21.205770570784811 9.2127184495329839 6.2991945147514334 2.1869216710329065
leaf_count=153 43 270 51 25 10
internal_value=-9.29279e-06 -0.00594196 -0.0176554 0.00671111 0.0231232
internal_weight=69.9724 58.4964 30.9915 27.505 11.476
internal_count=552 499 204 295 53
is_linear=0
shrinkage=0.03


Tree=61
num_leaves=6
num_cat=0
split_feature=29 24 20 23 4
split_gain=11.7758 4.12711 3.12074 2.95392 2.13377
threshold=0.7008795000000001 1.0000000180025095e-35 0.47980200000000006 0.76460150000000004 1.0000000180025095e-35
decision_type=2 10 10 10 10
left_child=1 4 3 -2 -1
right_child=2 -3 -4 -5 -6
leaf_value=-0.019708938285046912 0.01559109271195973 0.009852730930455654 -0.0091982931483777838 -0.0081873684956815657 0.001696277398003146
leaf_weight=24.726713605225093 36.443846710026264 2.5070616006851187 2.6559947282075873 1.730708360671996 1.4886479675769795
leaf_count=270 242 9 15 11 6
internal_value=0.000132656 -0.0133846 0.0105911 0.0132665 -0.0174172
internal_weight=69.553 28.7224 40.8305 38.1746 26.2154
internal_count=553 285 268 253 276
is_linear=0
shrinkage=0.03


Tree=62
num_leaves=6
num_cat=0
split_feature=4 2 2 16 5
split_gain=10.9601 7.73974 4.41295 1.43812 0.526759
threshold=1.0000000180025095e-35 0.32575750000000009 1.0000000180025095e-35 0.28486050000000002 4.5000000000000009
decision_type=10 10 10 10 10
left_child=1 2 -1 -2 -3
right_child=3 4 -4 -5 -6
leaf_value=-0.0032712471440161225 0.026384198565351957 -0.023305359840453566 0.018710648872434617 0 0
leaf_weight=33.099561370909214 10.361593946814535 14.026784330606461 7.3811777532100669 2.2253150492906562 1.999503746628762
leaf_count=355 49 106 29 10 9
internal_value=0 -0.00558635 0.00106134 0.022665 -0.0214742
internal_weight=69.0939 56.507 40.4807 12.5869 16.0263
internal_count=558 499 384 59 115
is_linear=0
shrinkage=0.03


Tree=63
num_leaves=6
num_cat=0
split_feature=4 2 2 16 16
split_gain=9.81107 7.54725 5.66043 1.08906 0.469803
threshold=1.0000000180025095e-35 0.32575750000000009 1.0000000180025095e-35 1.0000000180025095e-35 0.27113500000000007
decision_type=10 10 10 10 10
left_child=1 2 -1 -3 -2
right_child=4 3 -4 -5 -6
leaf_value=-0.002933819390737349 0.025515510473253056 0 0.021415003827207908 -0.022926701916231099 0
leaf_weight=33.725002989172935 9.3672160655260068 3.6841924116015461 7.8587432354688636 13.710713878273962 2.1738951951265326
leaf_count=350 45 29 31 93 10
internal_value=0.000393337 -0.0044232 0.00212623 -0.0195608 0.0229049
internal_weight=70.5198 58.9787 41.5837 17.3949 11.5411
internal_count=558 503 381 122 55
is_linear=0
shrinkage=0.03


Tree=64
num_leaves=7
num_cat=0
split_feature=29 28 4 16 21 5
split_gain=9.6619 5.3644 2.74037 2.0429 1.91742 1.77475
threshold=0.7008795000000001 0.97673100000000013 1.0000000180025095e-35 0.46362600000000004 0.29816800000000004 1.5000000000000002
decision_type=2 2 10 10 10 10
left_child=2 4 5 -3 -2 -1
right_child=1 3 -4 -5 -6 -7
leaf_value=-0.018165862909607287 -0.012419310201077179 0.018083447874267213 0.0065979682360495723 -0.0021512886984481976 0.0076681873782742547 0
leaf_weight=22.495436538010843 8.7783448770642263 28.718235176056627 2.2097710222005835 1.5799665004014958 2.321899250149726 2.1050600111484519
leaf_count=254 74 184 9 8 9 9
internal_value=0.000405667 0.00964567 -0.0123905 0.0160286 -0.00535236 -0.0157149
internal_weight=68.2087 41.3984 26.8103 30.2982 11.1002 24.6005
internal_count=547 275 272 192 83 263
is_linear=0
shrinkage=0.03


Tree=65
num_leaves=7
num_cat=0
split_feature=29 28 2 4 4 24
split_gain=9.70583 6.69568 3.67363 2.06783 1.91684 1.44175
threshold=0.62888350000000015 0.97144700000000006 0.32575750000000009 1.0000000180025095e-35 1.5000000000000002 1.0000000180025095e-35
decision_type=2 2 10 10 10 10
left_child=3 4 -3 5 -2 -1
right_child=1 2 -4 -5 -6 -7
leaf_value=-0.024050341698375041 -0.016636100130737637 0.017188001107473566 0 0.0017665698937437265 0.0046209446698331977 0
leaf_weight=13.214224334806199 9.2458749897778016 31.130662847310305 12.599364466965197 0.88876172900199968 1.2673102021217335 0.86143103241920549
leaf_count=181 82 217 66 3 5 3
internal_value=0.000195858 0.00661636 0.0120425 -0.0186257 -0.0113966 -0.0217543
internal_weight=69.2076 54.2432 43.73 14.9644 10.5132 14.0757
internal_count=557 370 283 187 87 184
is_linear=0
shrinkage=0.03


Tree=66
num_leaves=6
num_cat=0
split_feature=29 28 21 19 28
split_gain=10.4995 7.13365 4.26956 2.35997 0.811727
threshold=0.58551750000000002 0.97673100000000013 0.052490000000000002 0.0041160000000000007 0.95091900000000007
decision_type=2 2 10 8 2
left_child=4 2 -2 -3 -1
right_child=1 3 -4 -5 -6
leaf_value=0 -0.016028028275429256 -0.0059131055517014815 0.0083015004023338328 0.016087440567633431 -0.024734863599147901
leaf_weight=1.1604664847254742 12.562323052436115 1.2755605056881893 6.9049574583768836 38.498603247106075 8.7918097600340825
leaf_count=11 130 9 30 257 125
internal_value=0.00173593 0.00715146 -0.00610699 0.0143153 -0.022374
internal_weight=69.1937 59.2414 19.4673 39.7742 9.95228
internal_count=562 426 160 266 136
is_linear=0
shrinkage=0.03


Tree=67
num_leaves=5
num_cat=0
split_feature=26 4 16 28
split_gain=8.83874 8.62759 4.12082 3.85827
threshold=1.0000000180025095e-35 1.0000000180025095e-35 0.30867350000000005 0.98581400000000008
decision_type=10 8 8 2
left_child=1 3 -3 -1
right_child=-2 2 -4 -5
leaf_value=-0.021480521089085422 0.02422191537261055 0.02261684065124114 0 0
leaf_weight=20.505922004580501 8.8754254728555662 6.9479522407054928 23.015761978924274 9.3980826660990697
leaf_count=149 39 34 288 53
internal_value=0.00011647 -0.0039653 0.00646991 -0.0149697
internal_weight=68.7431 59.8677 29.9637 29.904
internal_count=563 524 322 202
is_linear=0
shrinkage=0.03


Tree=68
num_leaves=7
num_cat=0
split_feature=29 2 3 5 23 3
split_gain=8.58182 6.14827 7.0941 1.98564 1.51914 0.871593
threshold=0.64888600000000018 0.32575750000000009 1.0000000180025095e-35 1.5000000000000002 1.0000000180025095e-35 1.0000000180025095e-35
decision_type=2 10 10 10 8 10
left_child=3 4 -3 5 -2 -1
right_child=1 2 -4 -5 -6 -7
leaf_value=-0.021103771862288484 -0.00064948459341129653 -0.019819340400806476 0.016588020874296505 0.001562665472461469 0.01530198085546757 0
leaf_weight=14.364035535603762 1.9278455525636662 10.716186389327047 3.9343596696853629 1.4284863770008076 33.489707056432962 0.79596985876560289
leaf_count=197 10 64 20 6 250 4
internal_value=0.000287538 0.006941 -0.00718496 -0.0162502 0.0136699 -0.0195615
internal_weight=66.6566 50.0681 14.6505 16.5885 35.4176 15.16
internal_count=551 344 84 207 260 201
is_linear=0
shrinkage=0.03


Tree=69
num_leaves=6
num_cat=0
split_feature=28 19 24 4 23
split_gain=7.12291 3.22433 2.57528 3.16301 1.70935
threshold=0.97144700000000006 0.006343500000000001 1.0000000180025095e-35 1.5000000000000002 0.68669650000000015
decision_type=2 8 10 10 10
left_child=2 -2 3 -1 -3
right_child=1 4 -4 -5 -6
leaf_value=-0.022794990340323867 -0.011493309179860363 0.011579236525212243 0.0059433832067148839 0.0052973039546106203 -0.004170029810209178
leaf_weight=13.96422381326556 3.5953976064920417 41.703220225870609 1.3657611310482032 1.3292632848024375 2.6210824549198142
leaf_count=155 34 314 5 5 15
internal_value=0.000748275 0.00703826 -0.0141317 -0.0182451 0.00980868
internal_weight=64.5789 47.9197 16.6592 15.2935 44.3243
internal_count=528 363 165 160 329
is_linear=0
shrinkage=0.03


Tree=70
num_leaves=5
num_cat=0
split_feature=29 3 28 22
split_gain=7.83449 5.07752 3.10203 0.679817
threshold=0.58551750000000002 1.5000000000000002 0.95943100000000014 0.11419550000000002
decision_type=2 10 2 10
left_child=3 2 -2 -1
right_child=1 -3 -4 -5
leaf_value=-0.023864689369547221 -0.018039961568174785 0.023421513972507468 0.0032639005454763058 0
leaf_weight=8.0753170661628211 3.9767854884266844 7.8003052026033393 45.962080534547567 0.65061226487159807
leaf_count=124 41 40 344 4
internal_value=0 0.00472357 7.45467e-05 -0.0220396
internal_weight=66.4651 57.7392 49.9389 8.72593
internal_count=553 425 385 128
is_linear=0
shrinkage=0.03


Tree=71
num_leaves=6
num_cat=0
split_feature=29 3 22 22 16
split_gain=8.5258 4.75164 3.6239 0.530716 0.141843
threshold=0.62888350000000015 1.0000000180025095e-35 0.070410000000000014 0.046215500000000007 0.23394650000000003
decision_type=2 10 8 10 8
left_child=3 2 -2 -1 -3
right_child=1 4 -4 -5 -6
leaf_value=-0.022395988563599672 -0.012405542263883537 0.022768539704826635 0.0052631958341415345 0 0
leaf_weight=11.497311219573019 12.478111729025839 7.3644130975007984 28.748202834278345 1.9958019778132428 1.7702953815460212
leaf_count=170 73 39 244 13 9
internal_value=-0.0011573 0.00426103 0 -0.0202959 0.0207908
internal_weight=63.8541 50.361 41.2263 13.4931 9.13471
internal_count=548 365 317 183 48
is_linear=0
shrinkage=0.03


Tree=72
num_leaves=5
num_cat=0
split_feature=24 21 14 18
split_gain=6.50357 3.0559 2.94579 1.92889
threshold=1.0000000180025095e-35 0.0011505000000000003 1.5000000000000002 0.29475650000000003
decision_type=10 8 10 10
left_child=1 2 -1 -3
right_child=-2 3 -4 -5
leaf_value=-0.018731969209113568 0.021800945770727852 -0.0020348622726468926 0.0065718139200351324 0.014187352947022962
leaf_weight=14.378222122788431 7.4182318598031989 35.587448734790087 1.7512528002262104 4.8317386284470549
leaf_count=127 34 357 10 20
internal_value=0 -0.00389114 -0.0138166 5.96855e-05
internal_weight=63.9669 56.5487 16.1295 40.4192
internal_count=548 514 137 377
is_linear=0
shrinkage=0.03


Tree=73
num_leaves=5
num_cat=0
split_feature=26 21 28 28
split_gain=7.05324 6.36809 2.48337 1.44212
threshold=1.0000000180025095e-35 0.0011505000000000003 0.95943100000000014 0.99186800000000008
decision_type=10 8 2 2
left_child=1 3 -3 -1
right_child=-2 2 -4 -5
leaf_value=-0.021184905434422703 0.022811066828241629 -0.014186388951969794 0.0051541311235835906 0
leaf_weight=13.644420988857744 7.9314126819372168 3.4731664955615988 40.479150749742985 1.580527789890765
leaf_count=120 36 42 344 11
internal_value=0.000231549 -0.00326685 0.00217809 -0.0184028
internal_weight=67.1087 59.1773 43.9523 15.2249
internal_count=553 517 386 131
is_linear=0
shrinkage=0.03


Tree=74
num_leaves=5
num_cat=0
split_feature=26 29 4 3
split_gain=9.02775 8.4029 3.26481 2.87718
threshold=1.0000000180025095e-35 0.78265550000000006 1.0000000180025095e-35 1.0000000180025095e-35
decision_type=10 2 10 8
left_child=1 2 -1 -3
right_child=-2 3 -4 -5
leaf_value=-0.017107550597363803 0.022776734081957913 -0.0032387879110710254 0.0058551447930756517 0.017297632099356679
leaf_weight=35.22826236858964 8.1087568104267103 5.9864861816167858 2.8895915299653998 10.74642790853977
leaf_count=376 38 30 14 92
internal_value=-0.00148289 -0.00658301 -0.014337 0.00905469
internal_weight=62.9595 54.8508 38.1179 16.7329
internal_count=550 512 390 122
is_linear=0
shrinkage=0.03


Tree=75
num_leaves=5
num_cat=0
split_feature=29 3 18 23
split_gain=8.44945 3.64421 2.86277 0.50502
threshold=0.58551750000000002 1.5000000000000002 0.29475650000000003 0.044553000000000002
decision_type=2 10 8 10
left_child=3 2 -2 -1
right_child=1 -3 -4 -5
leaf_value=-0.022520110243742852 -0.0048926611672112427 0.022766242517618492 0.0086158915570652504 0
leaf_weight=8.3693337999284232 21.49224778264761 7.5739378333091727 26.821499418467283 0.71746559441089708
leaf_count=133 121 41 257 5
internal_value=0.00138964 0.0064162 0.00208729 -0.020963
internal_weight=64.9745 55.8877 48.3137 9.0868
internal_count=557 419 378 138
is_linear=0
shrinkage=0.03


Tree=76
num_leaves=6
num_cat=0
split_feature=29 28 18 29 24
split_gain=7.3494 4.51591 2.41743 1.62658 0.87675
threshold=0.62888350000000015 0.97144700000000006 0.070755500000000013 0.94279550000000012 1.0000000180025095e-35
decision_type=2 2 8 2 10
left_child=4 3 -3 -2 -1
right_child=1 2 -4 -5 -6
leaf_value=-0.019682255616023742 -0.014057845294888219 0 0.014154451237085329 0.0053019922330499432 0
leaf_weight=12.653794210404154 9.7571929767727834 10.866921566426752 28.977355428040028 1.1120217293500889 0.80007457733154375
leaf_count=183 88 60 208 6 3
internal_value=0 0.00499358 0.00993737 -0.00919567 -0.0179052
internal_weight=64.1674 50.7135 39.8443 10.8692 13.4539
internal_count=548 362 268 94 186
is_linear=0
shrinkage=0.03


Tree=77
num_leaves=5
num_cat=0
split_feature=24 29 16 4
split_gain=7.88637 6.97789 3.48106 2.56152
threshold=1.0000000180025095e-35 0.78265550000000006 0.068331500000000017 1.0000000180025095e-35
decision_type=10 2 10 10
left_child=1 3 -3 -1
right_child=-2 2 -4 -5
leaf_value=-0.014729187654327807 0.023598192289641134 0.017025620476313893 -0.004575197502257212 0.0052962434159665138
leaf_weight=34.904948227107525 7.3646037280559531 12.34361330792308 7.0951648056507102 2.8063819706439963
leaf_count=375 34 103 38 14
internal_value=-0.000117367 -0.00469675 0.00824676 -0.0122216
internal_weight=64.5147 57.1501 19.4388 37.7113
internal_count=564 530 141 389
is_linear=0
shrinkage=0.03


Tree=78
num_leaves=5
num_cat=0
split_feature=24 4 18 16
split_gain=7.5003 6.85127 5.5568 1.40365
threshold=1.0000000180025095e-35 1.0000000180025095e-35 0.26283050000000008 0.21437600000000004
decision_type=10 10 8 8
left_child=1 2 -1 -3
right_child=-2 3 -4 -5
leaf_value=-0.019524032590340627 0.022647629977742632 0.021479473747344068 0 0
leaf_weight=20.813004642724991 8.1594172567129117 6.4929689466953251 30.81816853582859 1.8146079480648047
leaf_count=160 39 35 351 9
internal_value=0 -0.00403837 -0.00863779 0.0166015
internal_weight=68.0982 59.9388 51.6312 8.30758
internal_count=594 555 511 44
is_linear=0
shrinkage=0.03


Tree=79
num_leaves=6
num_cat=0
split_feature=29 26 4 3 21
split_gain=8.25279 5.60298 1.89365 1.88031 0.683631
threshold=0.75038900000000008 1.0000000180025095e-35 1.0000000180025095e-35 1.0000000180025095e-35 0.13168750000000004
decision_type=2 10 10 8 10
left_child=1 2 -1 4 -2
right_child=3 -3 -4 -5 -6
leaf_value=-0.016537338273531658 -0.0037239212962421071 0.014352130811051975 0.0016093943009396945 0.017622384177626176 0.0078705847141832611
leaf_weight=29.179511182010177 7.0092140734195727 3.8928642719984046 2.1320975273847571 15.139140900224445 4.6915920078754425
leaf_count=336 37 17 10 127 20
internal_value=0 -0.00955324 -0.0143947 0.0114919 0
internal_weight=62.0444 35.2045 31.3116 26.8399 11.7008
internal_count=547 363 346 184 57
is_linear=0
shrinkage=0.03


Tree=80
num_leaves=6
num_cat=0
split_feature=2 5 28 8 17
split_gain=5.85516 4.11205 2.91429 2.83588 0.76406
threshold=0.47222200000000009 1.5000000000000002 0.97673100000000013 8.5413945000000009 0.49224600000000002
decision_type=10 10 2 10 10
left_child=1 2 -1 4 -2
right_child=3 -3 -4 -5 -6
leaf_value=-0.0086104446674250251 -0.022963967796644929 0.02074343340741127 0.0063879876840716773 0.0051457744211361109 0
leaf_weight=17.006614193320274 10.936358280479903 8.0180069506168348 24.926374759525061 1.566329866647721 1.9087419435381896
leaf_count=180 95 32 227 10 16
internal_value=-9.96725e-05 0.004432 0 -0.0155871 -0.0205041
internal_weight=64.3624 49.951 41.933 14.4114 12.8451
internal_count=560 439 407 121 111
is_linear=0
shrinkage=0.03


Tree=81
num_leaves=4
num_cat=0
split_feature=24 3 21
split_gain=7.65569 7.59872 4.11455
threshold=1.0000000180025095e-35 1.5000000000000002 0.052490000000000002
decision_type=10 10 8
left_child=1 2 -1
right_child=-2 -3 -4
leaf_value=-0.018318487270174322 0.02326711367039026 0.020411343738676577 -0.00045322827171754746
leaf_weight=21.008228689432144 7.4349929094314566 5.9286168217658988 29.873989172279835
leaf_count=173 37 33 320
internal_value=0 -0.00455517 -0.00899543
internal_weight=64.2458 56.8108 50.8822
internal_count=563 526 493
is_linear=0
shrinkage=0.03


Tree=82
num_leaves=5
num_cat=0
split_feature=24 5 9 2
split_gain=5.3895 2.85159 3.04695 2.67594
threshold=1.0000000180025095e-35 1.5000000000000002 8.0568855000000017 0.64583350000000006
decision_type=10 8 10 8
left_child=1 2 -1 -3
right_child=-2 3 -4 -5
leaf_value=-0.015297285967390604 0.020832171031669865 0.016367936252243753 0.0043884367336566926 -0.0015716271020746919
leaf_weight=20.057551659643654 7.0646368712186804 6.6121973544359234 5.6726685836911193 22.899369847029448
leaf_count=165 35 26 32 287
internal_value=0.000178197 -0.00288506 -0.00990798 0.00266452
internal_weight=62.3064 55.2418 25.7302 29.5116
internal_count=545 510 197 313
is_linear=0
shrinkage=0.03


Tree=83
num_leaves=7
num_cat=0
split_feature=23 23 9 21 19 20
split_gain=6.75213 5.31766 3.2521 0.781619 0.764122 0.580406
threshold=0.00089200000000000011 0.50185950000000012 8.1715810000000015 0.090908500000000017 0.13239700000000001 0.42430050000000008
decision_type=10 10 8 10 8 10
left_child=2 5 -1 -3 -4 -2
right_child=1 3 4 -5 -6 -7
leaf_value=-0.017200491666455785 0.020985220217026253 -0.012037488188415726 0.01082219901861052 6.6307487888744474e-05 -0.0013308162157223604 0
leaf_weight=10.965277276933191 20.284978561103351 4.2985868901014319 2.5083900839090374 2.0446397960186005 21.034710433334112 2.2699864804744712
leaf_count=108 94 33 14 10 279 11
internal_value=0.00253877 0.0128902 -0.0056676 -0.00615656 0 0.0195146
internal_weight=63.4066 28.8982 34.5084 6.34323 23.5431 22.555
internal_count=549 148 401 43 293 105
is_linear=0
shrinkage=0.03


Tree=84
num_leaves=4
num_cat=0
split_feature=3 24 18
split_gain=6.74405 5.76963 4.06414
threshold=1.5000000000000002 1.0000000180025095e-35 0.26283050000000008
decision_type=10 10 8
left_child=1 2 -1
right_child=-2 -3 -4
leaf_value=-0.017757397275717703 0.02155478414042156 0.017504114931660777 -8.348640020178231e-05
leaf_weight=21.556879960000515 7.0158323645591727 5.3426523208618155 29.221319314092398
leaf_count=166 42 26 332
internal_value=-0.000708177 -0.00495131 -0.00871647
internal_weight=63.1367 56.1209 50.7782
internal_count=566 524 498
is_linear=0
shrinkage=0.03


Tree=85
num_leaves=4
num_cat=0
split_feature=4 29 2
split_gain=7.07672 5.65817 3.63097
threshold=1.0000000180025095e-35 0.64251300000000011 0.32575750000000009
decision_type=10 2 10
left_child=1 -1 -3
right_child=-2 2 -4
leaf_value=-0.020258846416565845 0.021283682700199844 0.0071066574291291304 -0.011319867035067979
leaf_weight=11.328470781445501 9.2116374969482404 29.078643172979355 10.277755588293074
leaf_count=172 51 242 63
internal_value=0.000275052 -0.00396031 0.00112544
internal_weight=59.8965 50.6849 39.3564
internal_count=528 477 305
is_linear=0
shrinkage=0.03


Tree=86
num_leaves=5
num_cat=0
split_feature=26 3 28 16
split_gain=5.16613 5.268 4.04775 0.910257
threshold=1.0000000180025095e-35 1.0000000180025095e-35 0.97144700000000006 0.27349450000000003
decision_type=10 10 2 8
left_child=1 2 -1 -3
right_child=-2 3 -4 -5
leaf_value=-0.019618963232206865 0.020813854264821553 0.020292049715710164 -9.0063103910341955e-05 0
leaf_weight=11.974336128681896 7.2718467339873305 5.9778958559036246 35.516768228262663 1.6568822041153906
leaf_count=151 38 35 328 8
internal_value=0.000940126 -0.00210431 -0.00648134 0.0164494
internal_weight=62.3977 55.1259 47.4911 7.63478
internal_count=560 522 479 43
is_linear=0
shrinkage=0.03


Tree=87
num_leaves=4
num_cat=0
split_feature=26 3 5
split_gain=5.83338 5.75534 4.66132
threshold=1.0000000180025095e-35 1.5000000000000002 1.5000000000000002
decision_type=10 10 8
left_child=1 2 -1
right_child=-2 -3 -4
leaf_value=-0.016510467788517915 0.021947471022624825 0.019173943963519 0.00041756374520736221
leaf_weight=21.944597784429789 6.7751999944448462 5.4654643237590781 27.28379237651825
leaf_count=184 36 33 308
internal_value=0.00011875 -0.00306593 -0.00706898
internal_weight=61.4691 54.6939 49.2284
internal_count=561 525 492
is_linear=0
shrinkage=0.03


Tree=88
num_leaves=6
num_cat=0
split_feature=29 23 2 21 23
split_gain=6.68628 2.89483 2.78952 0.873581 0.526668
threshold=0.58551750000000002 0.50185950000000012 0.75735300000000005 0.080088500000000021 0.044553000000000002
decision_type=2 10 10 10 10
left_child=4 2 -2 -3 -1
right_child=1 3 -4 -5 -6
leaf_value=-0.021540789177277198 0.011935807582573822 -0.01368781365975834 -0.0042327756474871943 0 0
leaf_weight=6.9091330468654624 41.408091366291046 4.8095804974436751 7.4691579416394225 1.3434987962245939 0.58213040232658375
leaf_count=126 333 37 54 7 4
internal_value=0.0016638 0.00597992 0.00878483 -0.00859993 -0.0198262
internal_weight=62.5216 55.0303 48.8772 6.15308 7.49126
internal_count=561 431 387 44 130
is_linear=0
shrinkage=0.03


Tree=89
num_leaves=5
num_cat=0
split_feature=24 3 5 3
split_gain=5.21094 5.88462 3.02889 2.06817
threshold=1.0000000180025095e-35 1.5000000000000002 1.5000000000000002 1.5000000000000002
decision_type=10 8 10 10
left_child=1 2 -1 -3
right_child=-2 3 -4 -5
leaf_value=-0.018984331626605025 0.019564517353275183 0 0 0.017970464147553475
leaf_weight=20.091528255492452 6.651499204337596 21.579522129148248 7.3615370094776145 4.936787784099578
leaf_count=172 36 288 32 30
internal_value=-0.000315606 -0.00419359 -0.0135561 0.00487591
internal_weight=60.6209 53.9694 27.4531 26.5163
internal_count=558 522 204 318
is_linear=0
shrinkage=0.03


Tree=90
num_leaves=4
num_cat=0
split_feature=24 4 5
split_gain=6.02643 5.13159 4.14842
threshold=1.0000000180025095e-35 1.0000000180025095e-35 1.5000000000000002
decision_type=10 10 8
left_child=1 2 -1
right_child=-2 -3 -4
leaf_value=-0.015639216580450303 0.022856694556171998 0.0176148620880088 0.00071649199527020857
leaf_weight=19.189228948205709 7.5254269689321509 6.8392877578735343 28.517008844763041
leaf_count=168 41 40 308
internal_value=0.00183575 -0.00158349 -0.00580679
internal_weight=62.071 54.5455 47.7062
internal_count=557 516 476
is_linear=0
shrinkage=0.03


Tree=91
num_leaves=7
num_cat=0
split_feature=21 3 24 29 2 20
split_gain=4.36097 4.08444 2.65973 2.24163 1.7152 0.149317
threshold=0.11378600000000001 1.5000000000000002 1.0000000180025095e-35 0.59367350000000008 1.0000000180025095e-35 0.080596500000000015
decision_type=10 8 10 2 10 10
left_child=1 2 -1 -3 5 -2
right_child=4 3 -4 -5 -6 -7
leaf_value=-0.015299100741664261 0.0046854848917791654 -0.010446341569330869 0.0076378633316592582 0.0092479569199282134 0.02427449666412047 -0.00070626932041391256
leaf_weight=21.256551481783394 2.9685581773519498 2.7756779007613686 1.7819249629974354 20.052228134125471 5.5476288124918938 3.7216477543115616
leaf_count=172 15 62 9 217 25 21
internal_value=0.000801569 -0.00310497 -0.0116973 0.00475653 0.0151405 0
internal_weight=58.1042 45.8664 23.0385 22.8279 12.2378 6.69021
internal_count=521 460 181 279 61 36
is_linear=0
shrinkage=0.03


Tree=92
num_leaves=5
num_cat=0
split_feature=3 18 4 20
split_gain=4.38666 3.59739 3.14783 2.41548
threshold=1.5000000000000002 0.12250800000000002 1.0000000180025095e-35 0.45587550000000004
decision_type=10 8 10 8
left_child=1 2 -1 -3
right_child=-2 3 -4 -5
leaf_value=-0.017389387714927096 0.02059830415151195 0.012940209155072361 0.0074084518593742869 -0.0011855331833732286
leaf_weight=14.576745904982092 6.5638986304402342 12.899780355393885 2.4033704847097388 23.627751670777798
leaf_count=126 43 67 12 297
internal_value=0.00167366 -0.00108728 -0.0117926 0.00364754
internal_weight=60.0715 53.5076 16.9801 36.5275
internal_count=545 502 138 364
is_linear=0
shrinkage=0.03


Tree=93
num_leaves=6
num_cat=0
split_feature=29 4 18 16 15
split_gain=4.91317 2.77592 5.22155 1.50073 0.429773
threshold=0.58551750000000002 1.0000000180025095e-35 0.11886500000000001 0.27113500000000007 0.25808450000000011
decision_type=2 10 8 10 10
left_child=4 2 -2 -3 -1
right_child=1 3 -4 -5 -6
leaf_value=-0.019500626373665567 -0.013594509291038288 0.022136278011926455 0.0074894155166908647 0 0
leaf_weight=6.5911256261169902 12.259588636457918 7.2803460508584958 30.580311387777328 1.9346519559621809 0.57122772186994542
leaf_count=126 83 45 285 11 4
internal_value=0.000711016 0.00465472 0.000306508 0.0173733 -0.0179119
internal_weight=59.2173 52.0549 42.8399 9.215 7.16235
internal_count=554 424 368 56 130
is_linear=0
shrinkage=0.03


Tree=94
num_leaves=6
num_cat=0
split_feature=21 29 26 16 19
split_gain=4.76016 4.67686 1.97325 0.953699 0.93819
threshold=0.11378600000000001 0.78265550000000006 1.0000000180025095e-35 0.45918050000000005 0.034029000000000011
decision_type=10 2 10 10 10
left_child=1 2 -1 -2 -3
right_child=3 4 -4 -5 -6
leaf_value=-0.012422066563590619 0.018185943137602051 0.0129845749491816 0.0066565084637730601 0 0
leaf_weight=31.588312201201916 10.244651995599268 9.1660692468285543 1.5936970338225354 1.8766921386122692 4.8720781952142707
leaf_count=366 51 86 8 10 30
internal_value=8.16703e-05 -0.00389656 -0.0102007 0.0152617 0.00841608
internal_weight=59.3415 47.2202 33.182 12.1213 14.0381
internal_count=551 490 374 61 116
is_linear=0
shrinkage=0.03


Tree=95
num_leaves=6
num_cat=0
split_feature=4 23 23 17 15
split_gain=4.70652 4.87811 2.49318 1.79197 0.268311
threshold=1.0000000180025095e-35 0.0067100000000000016 0.27527700000000005 0.42515950000000008 0.21755100000000002
decision_type=10 8 8 8 8
left_child=1 3 -3 -1 -2
right_child=4 2 -4 -5 -6
leaf_value=-0.022091450565082858 0.021576659320126038 0.013082617028163612 -0.0011821837736907355 0 0
leaf_weight=8.6714924611151183 6.9335555806755993 12.198767013847826 28.207548592239618 1.6274636685848243 1.4636306166648871
leaf_count=96 43 57 324 14 9
internal_value=0.00197129 -0.0013236 0.0030398 -0.0175225 0.0196107
internal_weight=59.1025 50.7053 40.4063 10.299 8.39719
internal_count=543 491 381 110 52
is_linear=0
shrinkage=0.03


Tree=96
num_leaves=5
num_cat=0
split_feature=29 28 20 29
split_gain=5.86773 4.32439 2.78722 1.80975
threshold=0.58551750000000002 0.97144700000000006 0.45587550000000004 0.7391445000000002
decision_type=2 2 10 2
left_child=-1 3 -3 -2
right_child=1 2 -4 -5
leaf_value=-0.019443799676800464 -0.016694377403552424 0.01291305478751649 -0.0081646194821661973 0.0010157329682115687
leaf_weight=6.683698631823062 6.1254660412669164 38.1376714669168 2.6556013599038115 5.0096782520413399
leaf_count=130 77 290 17 37
internal_value=0.00150199 0.0056588 0.0103906 -0.00807974
internal_weight=58.6121 51.9284 40.7933 11.1351
internal_count=551 421 307 114
is_linear=0
shrinkage=0.03


Tree=97
num_leaves=4
num_cat=0
split_feature=24 3 5
split_gain=4.38207 5.13311 3.98647
threshold=1.0000000180025095e-35 1.5000000000000002 1.5000000000000002
decision_type=10 10 8
left_child=1 2 -1
right_child=-2 -3 -4
leaf_value=-0.017043444006267467 0.018767463691958433 0.018025097436915331 0
leaf_weight=18.576772309839725 6.326354853808879 4.9992264583706847 27.657332267612219
leaf_count=163 36 32 306
internal_value=0 -0.00348574 -0.00737761
internal_weight=57.5597 51.2333 46.2341
internal_count=537 501 469
is_linear=0
shrinkage=0.03


Tree=98
num_leaves=5
num_cat=0
split_feature=3 17 20 18
split_gain=4.41798 3.32639 2.81393 2.24235
threshold=1.5000000000000002 0.12411850000000001 0.14597250000000003 0.28458150000000004
decision_type=10 8 8 8
left_child=1 3 -3 -1
right_child=-2 2 -4 -5
leaf_value=-0.018901188837735595 0.020176267692920902 0.013477929489527859 -0.0024298330080483621 0.0031179938875750689
leaf_weight=11.033328209072348 6.3494061008095732 10.8515616543591 27.560141108930111 1.8783331960439689
leaf_count=102 43 56 334 10
internal_value=0.000841143 -0.00198076 0.0019906 -0.0138286
internal_weight=57.6728 51.3234 38.4117 12.9117
internal_count=545 502 390 112
is_linear=0
shrinkage=0.03


Tree=99
num_leaves=4
num_cat=0
split_feature=3 24 29
split_gain=4.07806 4.58632 2.3543
threshold=1.5000000000000002 1.0000000180025095e-35 0.85472900000000007
decision_type=10 10 2
left_child=1 2 -1
right_child=-2 -3 -4
leaf_value=-0.010519169638542642 0.018630164645915354 0.016486928961735991 0.0035073388305384562
leaf_weight=38.499416314065456 5.5227642804384223 5.1669393330812445 9.0822895653545839
leaf_count=419 39 28 70
internal_value=-0.000175195 -0.00357883 -0.00719949
internal_weight=58.2714 52.7486 47.5817
internal_count=556 517 489
is_linear=0
shrinkage=0.03


Tree=100
num_leaves=5
num_cat=0
split_feature=29 28 20 28
split_gain=4.89431 3.63699 1.9027 0.604432
threshold=0.58551750000000002 0.95943100000000014 0.47980200000000006 0.95379800000000003
decision_type=2 2 10 2
left_child=3 -2 -3 -1
right_child=1 2 -4 -5
leaf_value=0 -0.014884737231853679 0.0097478954766595863 -0.0067648165104944018 -0.020132013905662008
leaf_weight=1.0033799484372128 3.6963437385857096 44.716252215206623 2.873257875442504 6.1310075744986534
leaf_count=13 43 355 22 124
internal_value=0.000925831 0.00489498 0.00781588 -0.0176492
internal_weight=58.4202 51.2859 47.5895 7.13439
internal_count=557 420 377 137
is_linear=0
shrinkage=0.03


Tree=101
num_leaves=7
num_cat=0
split_feature=28 17 3 4 2 22
split_gain=4.07043 2.67468 2.33733 2.33672 1.47 0.295803
threshold=0.97144700000000006 0.11441050000000001 1.5000000000000002 1.0000000180025095e-35 0.47222200000000009 0.41336450000000008
decision_type=2 10 8 10 8 10
left_child=3 2 -2 5 -3 -1
right_child=1 4 -4 -5 -6 -7
leaf_value=-0.017213167623608198 -0.0098997497808820129 0.018459296855755147 0.0059061936539861653 0.0062750869588392277 0 0
leaf_weight=12.410416021943091 10.97591754794121 11.722341030836102 18.038348410278559 1.6135740131139744 3.7607693336904058 1.1551059782505024
leaf_count=160 90 61 217 8 24 7
internal_value=0.000147518 0.0052041 0 -0.0114382 0.0141363 -0.0161109
internal_weight=59.6765 44.4974 29.0143 15.1791 15.4831 13.5655
internal_count=567 392 307 175 85 167
is_linear=0
shrinkage=0.03


Tree=102
num_leaves=5
num_cat=0
split_feature=3 24 21 29
split_gain=5.48236 4.74049 2.06246 1.72142
threshold=1.0000000180025095e-35 1.0000000180025095e-35 0.13168750000000004 0.58551750000000002
decision_type=10 8 10 2
left_child=1 2 -1 -3
right_child=-2 3 -4 -5
leaf_value=-0.01583661974035841 0.020969927278995441 -0.0068236326095053468 0 0.0095012955604965154
leaf_weight=18.448684658855203 7.8744793161749831 3.0138127505779293 6.7873828187584868 22.15493431314826
leaf_count=163 54 66 31 233
internal_value=0.00131535 -0.00219892 -0.0111702 0.00596294
internal_weight=58.2793 50.4048 25.2361 25.1687
internal_count=547 493 194 299
is_linear=0
shrinkage=0.03


Tree=103
num_leaves=5
num_cat=0
split_feature=4 24 15 3
split_gain=3.63112 4.00308 1.83557 1.49063
threshold=1.5000000000000002 1.0000000180025095e-35 0.022550500000000005 1.5000000000000002
decision_type=10 8 10 10
left_child=1 3 -3 -1
right_child=-2 2 -4 -5
leaf_value=-0.013723664976818232 0.017928308039171777 0 0.016839613376786512 0.0031669871735623893
leaf_weight=24.520660057663921 5.0035884454846373 20.984823767095808 4.3133706972002974 1.2425397485494603
leaf_count=198 34 288 25 8
internal_value=-0.000363963 -0.00360679 0.00386102 -0.0116207
internal_weight=56.065 51.0614 25.2982 25.7632
internal_count=553 519 313 206
is_linear=0
shrinkage=0.03


Tree=104
num_leaves=6
num_cat=0
split_feature=4 28 18 24 16
split_gain=5.1921 2.92074 3.28952 1.82899 0.128614
threshold=1.0000000180025095e-35 0.97144700000000006 0.11886500000000001 1.0000000180025095e-35 0.27113500000000007
decision_type=10 2 8 10 10
left_child=1 3 -3 -1 -2
right_child=4 2 -4 -5 -6
leaf_value=-0.017829551073201555 0.021171997785967199 -0.010282383469032793 0.0073187879967523111 0.0029569053852342687 0
leaf_weight=11.453516539186236 6.8761198744177801 10.715581130236385 25.996205471456051 1.112478211522103 1.5247213393449781
leaf_count=152 48 89 257 5 9
internal_value=0.000780357 -0.00276124 0.00103718 -0.0138468 0.0194461
internal_weight=57.6786 49.2778 36.7118 12.566 8.40084
internal_count=560 503 346 157 57
is_linear=0
shrinkage=0.03


Tree=105
num_leaves=6
num_cat=0
split_feature=4 28 16 24 16
split_gain=3.16362 3.30875 2.74486 1.92701 1.51405
threshold=1.0000000180025095e-35 0.97144700000000006 0.13418850000000002 1.0000000180025095e-35 0.27349450000000003
decision_type=10 2 8 10 10
left_child=1 3 -3 -1 -2
right_child=4 2 -4 -5 -6
leaf_value=-0.019091228312098512 0.020167056389797614 -0.0086530865123290741 0.0071986735959903275 0.0026578468968756603 0
leaf_weight=11.091445632278916 6.1396489217877379 11.655088718980549 24.269436873495579 1.0842400640249259 1.6386213153600691
leaf_count=153 42 98 238 5 9
internal_value=0 -0.00310519 0.00101458 -0.0150351 0.0147801
internal_weight=55.8785 48.1002 35.9245 12.1757 7.77827
internal_count=545 494 336 158 51
is_linear=0
shrinkage=0.03


Tree=106
num_leaves=6
num_cat=0
split_feature=29 21 28 24 3
split_gain=4.8189 3.02568 2.4224 2.0315 1.48006
threshold=0.68316900000000003 1.0000000180025095e-35 0.98782300000000012 1.0000000180025095e-35 2.5000000000000004
decision_type=2 8 2 10 10
left_child=3 -2 -3 4 -1
right_child=1 2 -4 -5 -6
leaf_value=-0.018138011276196592 -0.0109202179646173 0.013294442858280298 -0.0022799937166237349 0.0038189870393043539 0.00039681155016349479
leaf_weight=17.496970854699619 5.1268702894449225 23.458606224507097 8.0070845037698728 1.8775746673345555 0.89260813593864341
leaf_count=262 39 185 70 9 5
internal_value=-0.00139815 0.0044935 0.00860729 -0.0125328 -0.0159063
internal_weight=56.8597 36.5926 31.4657 20.2672 18.3896
internal_count=570 294 255 276 267
is_linear=0
shrinkage=0.03


Tree=107
num_leaves=4
num_cat=0
split_feature=24 4 5
split_gain=3.29923 3.15423 4.19132
threshold=1.0000000180025095e-35 1.5000000000000002 1.5000000000000002
decision_type=10 10 8
left_child=1 2 -1
right_child=-2 -3 -4
leaf_value=-0.014953614720119928 0.017864185727468816 0.016098805633908735 0.0018650199103417706
leaf_weight=18.167188599705696 6.0505917072296134 4.3084703907370558 27.883627962321043
leaf_count=170 37 31 312
internal_value=0.000848541 -0.00152307 -0.00466715
internal_weight=56.4099 50.3593 46.0508
internal_count=550 513 482
is_linear=0
shrinkage=0.03


Tree=108
num_leaves=6
num_cat=0
split_feature=5 29 29 22 24
split_gain=3.63082 3.41036 1.20546 0.922786 0.652697
threshold=1.5000000000000002 0.64888600000000018 0.85001150000000003 0.03981450000000001 1.0000000180025095e-35
decision_type=10 2 2 10 10
left_child=1 4 -3 -2 -1
right_child=3 2 -4 -5 -6
leaf_value=-0.016075171852592548 0 0 0.010676371187982824 0.020729092774999534 0
leaf_weight=10.651146911084648 4.6989287063479406 25.831054650247097 8.7589135542511922 6.7154578864574432 0.88794781267643053
leaf_count=194 27 223 81 33 4
internal_value=0.00182988 -0.00160328 0.00260673 0.0152316 -0.0142206
internal_weight=57.5434 46.1291 34.59 11.4144 11.5391
internal_count=562 502 304 60 198
is_linear=0
shrinkage=0.03


Tree=109
num_leaves=5
num_cat=0
split_feature=26 28 17 3
split_gain=3.66576 3.28385 2.08005 1.28671
threshold=1.0000000180025095e-35 0.97144700000000006 0.12411850000000001 1.5000000000000002
decision_type=10 2 10 10
left_child=1 3 -3 -1
right_child=-2 2 -4 -5
leaf_value=-0.015915768789357757 0.018849326997106088 -0.00096421312849177398 0.012192823934373279 0.00087781965132043547
leaf_weight=11.945542037487026 6.6220170259475699 26.190183587372303 11.913699615746735 0.93700897693634111
leaf_count=159 41 289 65 5
internal_value=0.00166065 -0.000939481 0.00300932 -0.0128703
internal_weight=57.6085 50.9864 38.1039 12.8826
internal_count=559 518 354 164
is_linear=0
shrinkage=0.03


Tree=110
num_leaves=4
num_cat=0
split_feature=3 24 16
split_gain=3.72049 3.74434 2.3821
threshold=1.5000000000000002 1.0000000180025095e-35 0.18306150000000002
decision_type=10 10 8
left_child=1 2 -1
right_child=-2 -3 -4
leaf_value=-0.01551883308948108 0.017803402793263794 0.014918464585333212 -0.00074508514005457182
leaf_weight=15.644833188503979 5.3105882182717314 4.7560930848121634 31.733719445765018
leaf_count=138 43 29 363
internal_value=-0.000356685 -0.00361872 -0.00685263
internal_weight=57.4452 52.1346 47.3786
internal_count=573 530 501
is_linear=0
shrinkage=0.03


Tree=111
num_leaves=6
num_cat=0
split_feature=3 17 28 18 16
split_gain=3.7746 2.98861 2.73979 2.70518 1.0279
threshold=1.0000000180025095e-35 0.10314250000000001 0.98479150000000015 0.29475650000000003 0.27113500000000007
decision_type=10 8 2 8 10
left_child=1 3 -3 -1 -2
right_child=4 2 -4 -5 -6
leaf_value=-0.022306105767926989 0.019996285745695709 -0.0053318170143374626 0.0098270343033537814 0.0041306162668324712 0
leaf_weight=8.4324721395969355 6.2109068706631652 24.485220767557621 14.442761324346064 1.412547945976258 1.1858688741922376
leaf_count=87 46 273 136 7 8
internal_value=0 -0.00351386 0 -0.0160986 0.0162869
internal_weight=56.1698 48.773 38.928 9.84502 7.39678
internal_count=557 503 409 94 54
is_linear=0
shrinkage=0.03


Tree=112
num_leaves=7
num_cat=0
split_feature=23 23 2 6 16 17
split_gain=3.07536 3.19358 2.62049 2.2307 0.711804 0.187342
threshold=0.00089200000000000011 0.50185950000000012 0.47222200000000009 12.851545000000003 0.085155500000000009 0.38101450000000009
decision_type=10 10 10 8 10 8
left_child=3 2 -2 5 -3 -1
right_child=1 4 -4 -5 -6 -7
leaf_value=-0.017259788028393924 0.018261377820892946 0 -0.0025787390198393312 0 -0.013143561191181045 0
leaf_weight=8.2624617852270603 16.020054362714298 2.1428914219140998 3.4375043064355841 20.936077453196049 3.2324681766331196 1.5664441064000136
leaf_count=98 85 14 21 286 28 18
internal_value=0 0.00755576 0.0133911 -0.00590876 -0.00721554 -0.0157602
internal_weight=55.5979 24.8329 19.4576 30.765 5.37536 9.82891
internal_count=550 148 106 402 42 116
is_linear=0
shrinkage=0.03


Tree=113
num_leaves=6
num_cat=0
split_feature=29 5 24 3 9
split_gain=4.07682 1.26952 1.23145 1.83324 0.472845
threshold=0.62888350000000015 1.5000000000000002 1.0000000180025095e-35 1.0000000180025095e-35 7.7873875000000004
decision_type=2 10 10 10 10
left_child=1 4 3 -2 -1
right_child=2 -3 -4 -5 -6
leaf_value=-0.017475982586197755 0 0.0012918869692655397 0.017768542666312316 0.015442276294431911 0
leaf_weight=8.8942326903343147 33.519202161580324 0.72733613103628236 5.066817417740821 5.1749825477600089 0.65943704545497972
leaf_count=176 290 3 35 38 4
internal_value=0.00156467 -0.0124866 0.00609667 0.00268025 -0.0159834
internal_weight=54.042 10.281 43.761 38.6942 9.55367
internal_count=546 183 363 328 180
is_linear=0
shrinkage=0.03


Tree=114
num_leaves=7
num_cat=0
split_feature=21 2 8 17 29 2
split_gain=2.88295 2.23278 1.31116 1.62877 0.659729 0.295106
threshold=0.040835500000000004 1.0000000180025095e-35 8.4887085000000031 0.19976450000000004 0.58551750000000002 0.41428550000000003
decision_type=10 10 8 10 2 8
left_child=2 -2 3 -1 -4 -3
right_child=1 5 4 -5 -6 -7
leaf_value=-0.016284421705332581 0 0.02093947318070196 -0.0085365999407389075 0 0.0029335176885465384 0
leaf_weight=10.077790513634683 7.1626108437776557 6.2315845936536762 2.5299870781600502 7.9692099280655375 19.167903777211905 2.0093087702989587
leaf_count=105 45 31 64 68 226 13
internal_value=0 0.00981419 -0.0043854 -0.00975323 0 0.0183428
internal_weight=55.1484 15.4035 39.7449 18.047 21.6979 8.24089
internal_count=552 89 463 173 290 44
is_linear=0
shrinkage=0.03


Tree=115
num_leaves=5
num_cat=0
split_feature=3 5 2 16
split_gain=2.4033 2.14761 1.96713 1.73325
threshold=1.5000000000000002 1.5000000000000002 0.47222200000000009 0.0074915000000000008
decision_type=10 8 8 10
left_child=1 3 -3 -1
right_child=-2 2 -4 -5
leaf_value=0.0024831252126979748 0.016403394384647579 0.015238112078818939 -0.00029459482697508809 -0.013041673049783528
leaf_weight=4.230801239609721 4.6839741021394721 5.8916890397667911 23.324625238776207 16.141249030828476
leaf_count=54 40 26 294 136
internal_value=0.000385907 -0.00140604 0.00303379 -0.00862906
internal_weight=54.2723 49.5884 29.2163 20.3721
internal_count=550 510 320 190
is_linear=0
shrinkage=0.03


Tree=116
num_leaves=7
num_cat=0
split_feature=2 3 28 24 23 16
split_gain=4.21544 3.66938 3.01154 2.67952 2.13777 0.994007
threshold=0.32575750000000009 1.0000000180025095e-35 0.98802650000000003 1.0000000180025095e-35 0.50185950000000012 0.23394650000000003
decision_type=8 8 2 10 10 8
left_child=2 3 4 -2 -1 -3
right_child=1 5 -4 -5 -6 -7
leaf_value=0.01972527568818196 -0.02235085555370302 0.01216760215811534 -0.0070990002280640592 0.0039117296318371339 0 -0.0011441831307123602
leaf_weight=14.741824205964809 10.723084494471546 2.9047286957502392 3.1336990743875495 1.2703163474798209 3.1038137301802626 19.87159113958478
leaf_count=97 115 21 19 6 22 279
internal_value=7.29257e-05 -0.00567495 0.0103683 -0.0173422 0.015455 0.000608198
internal_weight=55.7491 34.7697 20.9793 11.9934 17.8456 22.7763
internal_count=559 421 138 121 119 300
is_linear=0
shrinkage=0.03


Tree=117
num_leaves=5
num_cat=0
split_feature=29 20 19 17
split_gain=3.63276 2.58268 1.66612 0.265227
threshold=0.58551750000000002 0.47980200000000006 0.38322950000000006 0.42227000000000003
decision_type=2 10 10 10
left_child=3 2 -2 -1
right_child=1 -3 -4 -5
leaf_value=-0.016670811373538357 0.0092113751230243086 -0.012875563100540081 -0.00556313971400037 0
leaf_weight=5.3504295423626891 44.796234577894211 2.6970324963331214 3.326779678463935 0.6280246004462241
leaf_count=124 381 25 27 7
internal_value=0.00175584 0.00504867 0.00733666 -0.0152279
internal_weight=56.7985 50.82 48.123 5.97845
internal_count=564 433 408 131
is_linear=0
shrinkage=0.03


Tree=118
num_leaves=5
num_cat=0
split_feature=24 3 16 16
split_gain=2.60985 2.65071 2.08775 0.466555
threshold=1.0000000180025095e-35 1.0000000180025095e-35 0.17732900000000004 0.27113500000000007
decision_type=10 10 8 10
left_child=1 2 -1 -3
right_child=-2 3 -4 -5
leaf_value=-0.01216832167133405 0.016580276642066974 0.016497452207946975 0 0
leaf_weight=15.391194250434635 5.5695057585835448 4.3987408727407447 29.403054684400558 1.3302903622388838
leaf_count=140 38 33 339 8
internal_value=0.00100131 -0.000988623 -0.00420269 0.0135124
internal_weight=56.0928 50.5233 44.7942 5.72903
internal_count=558 520 479 41
is_linear=0
shrinkage=0.03


Tree=119
num_leaves=7
num_cat=0
split_feature=29 28 28 23 23 28
split_gain=4.07526 3.74252 3.07763 1.64584 1.84672 0.796033
threshold=0.69149300000000014 0.97673100000000013 0.98782300000000012 0.0067100000000000016 0.24989150000000002 0.99260350000000008
decision_type=2 2 2 10 10 2
left_child=3 -2 -3 5 -5 -1
right_child=1 2 -4 4 -6 -7
leaf_value=-0.014959443751310525 -0.0043801385219117868 0.021738391052456542 0 0.01272437359449285 -0.0087990196675261818 0
leaf_weight=11.774762898683548 9.0623611584305745 15.568184252828361 9.0290395356714708 4.3755734264850608 3.1576480604708195 0.64093976095318872
leaf_count=215 79 115 73 22 27 7
internal_value=0.00236885 0.00884469 0.0147507 -0.00697837 0.000917885 -0.0129617
internal_weight=53.6085 33.6596 24.5972 19.9489 7.53322 12.4157
internal_count=538 267 188 271 49 222
is_linear=0
shrinkage=0.03


Tree=120
num_leaves=4
num_cat=0
split_feature=26 20 28
split_gain=2.25348 1.99019 1.51293
threshold=1.0000000180025095e-35 0.45587550000000004 0.95943100000000014
decision_type=10 10 2
left_child=1 2 -1
right_child=-2 -3 -4
leaf_value=-0.01293266391921394 0.015295667009638948 -0.016595143598419348 0.0025161748132893529
leaf_weight=3.4737353362143031 4.9928598180413237 4.0783837139606467 41.049553550779819
leaf_count=50 34 44 422
internal_value=3.36262e-05 -0.00175097 0
internal_weight=53.5945 48.6017 44.5233
internal_count=550 516 472
is_linear=0
shrinkage=0.03


Tree=121
num_leaves=4
num_cat=0
split_feature=24 4 5
split_gain=2.91185 2.6253 2.91531
threshold=1.0000000180025095e-35 1.5000000000000002 1.5000000000000002
decision_type=10 10 8
left_child=1 2 -1
right_child=-2 -3 -4
leaf_value=-0.014094409517971687 0.016344429967630296 0.014071330297247716 0
leaf_weight=17.279064055532217 5.4900356605648986 3.6196051016449919 26.582895766943693
leaf_count=175 38 29 297
internal_value=0 -0.00264298 -0.00547498
internal_weight=52.9716 47.4816 43.862
internal_count=539 501 472
is_linear=0
shrinkage=0.03


Tree=122
num_leaves=7
num_cat=0
split_feature=29 2 19 16 26 21
split_gain=3.64735 2.55607 1.50785 1.46495 1.19775 0.527221
threshold=0.67355150000000008 0.32575750000000009 0.26050750000000006 0.012641000000000001 1.0000000180025095e-35 0.062116500000000012
decision_type=2 8 8 10 10 10
left_child=4 2 -2 -3 5 -1
right_child=1 3 -4 -5 -6 -7
leaf_value=-0.015187902967518608 0.019154336708125278 0.0041297001130153341 0 -0.0097625075229689409 0.0013776241868923753 0
leaf_weight=12.130769670009608 10.625441111624237 16.915201563388113 4.3442857190966615 7.2701052203774443 1.5757644772529609 1.8884669318795211
leaf_count=221 60 183 26 53 8 13
internal_value=0.000303992 0.00564117 0.0142363 0 -0.0102312 -0.0133115
internal_weight=54.75 39.155 14.9697 24.1853 15.595 14.0192
internal_count=564 322 86 236 242 234
is_linear=0
shrinkage=0.03


Tree=123
num_leaves=4
num_cat=0
split_feature=24 4 21
split_gain=3.49945 3.23401 2.5685
threshold=1.0000000180025095e-35 1.5000000000000002 0.20346050000000002
decision_type=10 10 8
left_child=1 2 -1
right_child=-2 -3 -4
leaf_value=-0.013795469492227418 0.016903215440625889 0.014743005867783125 0
leaf_weight=20.008894834667444 5.7697534188628188 3.8426131904125205 24.066860031336546
leaf_count=183 40 30 295
internal_value=-5.01446e-05 -0.00355627 -0.00662677
internal_weight=53.6881 47.9184 44.0758
internal_count=548 508 478
is_linear=0
shrinkage=0.03


Tree=124
num_leaves=4
num_cat=0
split_feature=24 4 16
split_gain=3.00796 2.46028 1.33501
threshold=1.0000000180025095e-35 1.5000000000000002 0.13418850000000002
decision_type=10 10 8
left_child=1 2 -1
right_child=-2 -3 -4
leaf_value=-0.013599305509085063 0.016645309124305892 0.012868934432758633 -0.0013438772436074776
leaf_weight=13.043115410953758 4.4434411376714698 3.3212992101907721 31.368701476603746
leaf_count=121 31 28 362
internal_value=-0.000527684 -0.00360739 -0.00620863
internal_weight=52.1766 47.7331 44.4118
internal_count=542 511 483
is_linear=0
shrinkage=0.03


Tree=125
num_leaves=6
num_cat=0
split_feature=23 23 28 17 19
split_gain=2.44892 2.84602 2.22142 1.32413 0.828514
threshold=0.00089200000000000011 0.82154200000000011 0.98251600000000006 0.24065050000000002 0.10949300000000002
decision_type=10 10 2 8 10
left_child=2 4 -1 -4 -2
right_child=1 -3 3 -5 -6
leaf_value=-0.012117969787084142 0.00059633808200463927 -0.01144178531658846 -0.0067018383368928781 0.0083372878136024949 0.016408125285887715
leaf_weight=14.009867630898954 9.2071394026279503 2.0090339221060267 3.9421504102647278 10.915001347661018 12.979538556188343
leaf_count=214 62 21 48 125 72
internal_value=0.000812031 0.00780129 -0.00428772 0.00221134 0.0118902
internal_weight=53.0627 24.1957 28.867 14.8572 22.1867
internal_count=542 155 387 173 134
is_linear=0
shrinkage=0.03


Tree=126
num_leaves=7
num_cat=0
split_feature=28 29 2 24 5 3
split_gain=3.69692 2.74458 1.66895 1.35707 1.34872 1.34866
threshold=0.97191600000000011 0.62888350000000015 0.32575750000000009 1.0000000180025095e-35 1.5000000000000002 1.5000000000000002
decision_type=2 2 8 10 10 10
left_child=3 4 -3 5 -2 -1
right_child=1 2 -4 -5 -6 -7
leaf_value=-0.018813571028805175 -0.015388055525620139 0.015513889479574348 0.00072222901293839321 0.0012781934004908637 0.0030005988168847093 0
leaf_weight=11.247748907655472 5.4950830154120913 12.950581453740595 21.044636458158493 1.0142798870801932 0.96892733871936787 0.80532770603895265
leaf_count=163 111 75 198 6 4 5
internal_value=0 0.00404995 0.00796917 -0.012756 -0.00938436 -0.0159493
internal_weight=53.5266 40.4592 33.9952 13.0674 6.46401 12.0531
internal_count=562 388 273 174 115 168
is_linear=0
shrinkage=0.03


Tree=127
num_leaves=5
num_cat=0
split_feature=29 28 15 28
split_gain=3.11365 2.50359 1.67636 0.587008
threshold=0.58551750000000002 0.95943100000000014 0.14682850000000003 0.95379800000000003
decision_type=2 2 10 2
left_child=3 -2 -3 -1
right_child=1 2 -4 -5
leaf_value=0 -0.01228865456939965 0.0022680478479459362 0.016757466362745492 -0.017369268520704185
leaf_weight=0.80146938189864059 3.1132993549108496 33.76707598567009 10.16160039231181 4.8809082061052322
leaf_count=12 40 323 62 121
internal_value=0.00129399 0.00457257 0.007116 -0.0145943
internal_weight=52.7244 47.042 43.9287 5.68238
internal_count=558 425 385 133
is_linear=0
shrinkage=0.03


Tree=128
num_leaves=6
num_cat=0
split_feature=3 26 15 5 15
split_gain=3.33144 3.13126 1.03497 1.02612 0.139851
threshold=1.0000000180025095e-35 1.0000000180025095e-35 0.0082440000000000013 1.5000000000000002 0.20270300000000005
decision_type=10 8 10 10 10
left_child=1 3 -3 -1 -2
right_child=4 2 -4 -5 -6
leaf_value=-0.013041521148069505 0.019164595044965402 0 0.01511528890197409 0 0
leaf_weight=15.745687510818245 5.3854957818984976 20.546350058168176 3.9884629994630805 6.7107795104384413 0.99598491936922062
leaf_count=166 41 280 28 31 9
internal_value=0.00109444 -0.00149576 0.0049151 -0.00943223 0.0177447
internal_weight=53.3728 46.9913 24.5348 22.4565 6.38148
internal_count=555 505 308 197 50
is_linear=0
shrinkage=0.03


Tree=129
num_leaves=5
num_cat=0
split_feature=29 20 17 22
split_gain=2.37838 2.14637 1.93506 0.258881
threshold=0.58551750000000002 0.51507150000000002 0.19976450000000004 0.13851550000000004
decision_type=2 10 10 10
left_child=3 2 -2 -1
right_child=1 -3 -4 -5
leaf_value=-0.015163274827963525 0.000865981866806455 -0.012153946760406504 0.015588919374700687 0
leaf_weight=4.8347633071243754 33.051004108041525 3.0979692116379729 10.703570947051047 0.50925179570913304
leaf_count=123 326 28 64 4
internal_value=0.000477042 0.00342468 0.00587843 -0.0137102
internal_weight=52.1966 46.8525 43.7546 5.34402
internal_count=545 418 390 127
is_linear=0
shrinkage=0.03


Tree=130
num_leaves=6
num_cat=0
split_feature=29 4 24 15 15
split_gain=2.5267 2.25995 1.74284 0.40958 0.273469
threshold=0.58551750000000002 1.0000000180025095e-35 1.0000000180025095e-35 0.2283705 0.25808450000000011
decision_type=2 8 8 10 10
left_child=4 2 -2 -3 -1
right_child=1 3 -4 -5 -6
leaf_value=-0.014777090047151799 -0.00587071976123204 0.011019902908417378 0.010997299096307117 0 0
leaf_weight=4.6978814378380767 20.378111585974697 24.428004749119285 3.6608138084411612 0.83617468923330207 0.48124023899435986
leaf_count=121 140 270 26 6 4
internal_value=0.00151395 0.00430864 -0.00125728 0.0102374 -0.0132447
internal_weight=54.4822 49.3031 24.0389 25.2642 5.17912
internal_count=567 442 166 276 125
is_linear=0
shrinkage=0.03


Tree=131
num_leaves=5
num_cat=0
split_feature=29 28 20 28
split_gain=3.00707 3.16978 1.1536 0.524954
threshold=0.58551750000000002 0.95943100000000014 0.47980200000000006 0.95379800000000003
decision_type=2 2 10 2
left_child=3 -2 -3 -1
right_child=1 2 -4 -5
leaf_value=0 -0.013581500630884711 0.0091961572320791683 -0.0035877983906660799 -0.016699892599862737
leaf_weight=0.82283192500471969 3.5652850195765486 42.263808593153954 2.1247853972017756 4.6761069372296333
leaf_count=13 47 369 18 120
internal_value=0.00176475 0.00488088 0.00776276 -0.0140105
internal_weight=53.4528 47.9539 44.3886 5.49894
internal_count=567 434 387 133
is_linear=0
shrinkage=0.03


Tree=132
num_leaves=6
num_cat=0
split_feature=29 23 20 16 15
split_gain=2.80517 2.16519 2.65627 0.611032 0.282175
threshold=0.58551750000000002 0.50185950000000012 0.45587550000000004 0.21437600000000004 0.25808450000000011
decision_type=2 10 8 10 10
left_child=4 2 -2 -3 -1
right_child=1 3 -4 -5 -6
leaf_value=-0.015029310123080475 0.013949947380903891 0 0 -0.014924447292412513 0
leaf_weight=4.8267887048423281 22.705932233482599 3.300502970814704 19.792202237993479 1.9222170710563657 0.47943804040551175
leaf_count=125 145 26 237 18 4
internal_value=0.00188384 0.00488331 0.00757651 -0.008152 -0.0135007
internal_weight=53.0271 47.7209 42.4981 5.22272 5.30623
internal_count=555 426 382 44 129
is_linear=0
shrinkage=0.03


Tree=133
num_leaves=5
num_cat=0
split_feature=4 24 19 15
split_gain=2.57076 3.35282 1.47501 1.29872
threshold=1.5000000000000002 1.0000000180025095e-35 0.11450050000000002 0.010965500000000001
decision_type=10 8 10 10
left_child=1 2 -1 -3
right_child=-2 3 -4 -5
leaf_value=-0.018552281414410808 0.015550539229304253 0 -0.0011231739316184823 0.014800980371172228
leaf_weight=10.282832510769369 4.2510769367218009 20.257832575589422 13.33027898147702 3.8284344747662535
leaf_count=96 37 285 110 28
internal_value=-0.000507559 -0.00336589 -0.0110761 0.00347482
internal_weight=51.9505 47.6994 23.6131 24.0863
internal_count=556 519 206 313
is_linear=0
shrinkage=0.03


Tree=134
num_leaves=7
num_cat=0
split_feature=28 15 28 16 26 7
split_gain=2.07458 2.46716 1.56708 1.08986 0.954398 0.435193
threshold=0.97144700000000006 0.095195500000000016 0.98226700000000011 0.26580100000000001 1.0000000180025095e-35 8.0568855000000017
decision_type=2 10 2 8 10 10
left_child=4 2 -2 -3 5 -1
right_child=1 3 -4 -5 -6 -7
leaf_value=-0.014255106860877451 -0.008611024615976003 0.019126821129523144 0.0038385674695749893 0 0.00074581809120078464 0
leaf_weight=10.139715235680336 11.738826241344215 6.9548678919672939 18.883971586823463 2.3937323167920121 0.91003398597240526 0.79829245805740434
leaf_count=154 135 43 200 14 5 5
internal_value=0 0.00321977 -0.000384064 0.0146795 -0.00978498 -0.0127855
internal_weight=51.8194 39.9714 30.6228 9.3486 11.848 10.938
internal_count=556 392 335 57 164 159
is_linear=0
shrinkage=0.03


Tree=135
num_leaves=6
num_cat=0
split_feature=3 2 2 19 23
split_gain=2.06528 3.70882 1.88463 1.86609 0.865097
threshold=1.0000000180025095e-35 0.32575750000000009 1.0000000180025095e-35 0.19383400000000003 0.47808800000000007
decision_type=10 10 10 8 10
left_child=1 2 -1 -3 -2
right_child=4 3 -4 -5 -6
leaf_value=-0.00096702487409524196 0.016993204055062505 -0.023511954321141466 0.014732545651007506 0 0
leaf_weight=28.089679937809706 4.7846118882298461 6.6020226906985018 5.135454185307025 4.3989870026707658 1.4145883172750471
leaf_count=348 42 71 27 45 9
internal_value=0 -0.00287144 0.00165055 -0.0160987 0.0126383
internal_weight=50.4253 44.2261 33.2251 11.001 6.1992
internal_count=542 491 375 116 51
is_linear=0
shrinkage=0.03


Tree=136
num_leaves=7
num_cat=0
split_feature=28 15 28 16 4 21
split_gain=2.3382 2.24196 1.99166 1.63275 1.13072 0.4465
threshold=0.97144700000000006 0.095195500000000016 0.98969050000000014 0.16651950000000001 1.0000000180025095e-35 0.30858750000000007
decision_type=2 10 2 8 10 10
left_child=4 3 -3 -2 5 -1
right_child=1 2 -4 -5 -6 -7
leaf_value=-0.013330979390096915 -0.0069998412074710956 0.022091743005318479 -0.00034649139984895883 0.0058920305538636098 0.0033809761793006979 0
leaf_weight=9.4126110449433291 10.261765949428083 7.8942737579345685 1.5108037590980528 20.880586385726929 1.2794465720653523 0.8509620279073723
leaf_count=151 103 46 10 234 8 6
internal_value=0.00211954 0.00590128 0.0168569 0.00052354 -0.00757882 -0.0116626
internal_weight=52.0904 40.5474 9.40508 31.1424 11.543 10.2636
internal_count=558 393 56 337 165 157
is_linear=0
shrinkage=0.03


Tree=137
num_leaves=7
num_cat=0
split_feature=29 23 5 16 18 4
split_gain=2.86226 1.72165 1.31707 1.02075 1.0157 0.729103
threshold=0.67280300000000015 0.57592050000000017 1.5000000000000002 0.45918050000000005 0.039025500000000005 1.0000000180025095e-35
decision_type=2 8 10 10 10 10
left_child=2 3 5 -2 -3 -1
right_child=1 4 -4 -5 -6 -7
leaf_value=-0.014280402039972906 0.013214946892294169 0.0024784878782294455 0.0029933322890422576 0 -0.011909844843123343 0
leaf_weight=11.755310086533424 19.387027658522133 13.078975036740301 2.003339856863021 1.7245312966406334 2.7482530474662772 0.58361607789993364
leaf_count=220 126 149 10 12 21 3
internal_value=0.00119627 0.00600751 -0.00836095 0.0111375 0 -0.0123851
internal_weight=51.2811 36.9388 14.3423 21.1116 15.8272 12.3389
internal_count=541 308 233 138 170 223
is_linear=0
shrinkage=0.03


Tree=138
num_leaves=7
num_cat=0
split_feature=29 21 22 19 4 18
split_gain=1.91283 1.1175 1.26215 0.885447 0.707661 0.790077
threshold=0.64251300000000011 0.10762700000000001 0.42430300000000004 0.38322950000000006 1.0000000180025095e-35 0.3261150000000001
decision_type=2 10 8 10 10 10
left_child=4 3 -3 -2 5 -1
right_child=1 2 -4 -5 -6 -7
leaf_value=-0.01529606626645838 0.0022336213892262848 0.015903356021141034 -0.00036330916968765881 -0.01080920673184064 0 0
leaf_weight=7.8860578890889848 31.318972010165453 7.5314992778003189 1.542015232145787 2.3550865873694411 0.7178947180509575 1.2700745537877081
leaf_count=175 287 46 11 21 4 11
internal_value=6.53712e-06 0.00337958 0.0112507 0 -0.00965073 -0.0122894
internal_weight=52.6216 42.7476 9.07351 33.6741 9.87403 9.15613
internal_count=555 365 57 308 190 186
is_linear=0
shrinkage=0.03


Tree=139
num_leaves=7
num_cat=0
split_feature=28 15 20 3 7 5
split_gain=2.20775 1.59452 1.38456 0.595916 0.570054 0.441042
threshold=0.97144700000000006 0.095195500000000016 0.28479750000000009 1.0000000180025095e-35 8.0568855000000017 1.5000000000000002
decision_type=2 10 8 10 10 10
left_child=4 3 -3 -2 5 -1
right_child=1 2 -4 -5 -6 -7
leaf_value=-0.013157711932646522 -0.001106232225406695 0.01837432142708216 0 0.0090012753350577693 0 0
leaf_weight=9.1103209629654831 27.443423062562946 7.350165426731107 1.6737926714122302 3.1596082597970954 0.94319685548544008 1.1617980673909194
leaf_count=138 314 45 12 29 6 7
internal_value=0.000488596 0.00436776 0.0136742 0 -0.00913644 -0.0113165
internal_weight=50.8423 39.627 9.02396 30.603 11.2153 10.2721
internal_count=551 400 57 343 151 145
is_linear=0
shrinkage=0.03


Tree=140
num_leaves=7
num_cat=0
split_feature=28 17 29 29 2 26
split_gain=2.25475 2.70428 1.37491 1.28469 1.1702 0.908072
threshold=0.97144700000000006 0.11441050000000001 0.7391445000000002 0.89971800000000013 0.47222200000000009 1.0000000180025095e-35
decision_type=2 10 2 2 10 10
left_child=2 3 5 -2 -3 -1
right_child=1 4 -4 -5 -6 -7
leaf_value=-0.017265976751526187 -0.003739648773598947 0.018674719660870805 0.00075473652594666674 0.011452529826661827 0 0
leaf_weight=6.8741806447505933 21.685816828161482 10.683306582272051 4.0392016395926476 3.1832283064723006 3.7562093697488299 0.57390609383583058
leaf_count=123 254 64 32 32 26 3
internal_value=0.00166227 0.00551099 -0.00785096 0 0.0146027 -0.0142659
internal_weight=50.7958 39.3086 11.4873 24.869 14.4395 7.44809
internal_count=534 376 158 286 90 126
is_linear=0
shrinkage=0.03


Tree=141
num_leaves=5
num_cat=0
split_feature=24 19 29 20
split_gain=1.60119 1.9914 1.50251 1.23325
threshold=1.0000000180025095e-35 0.27920200000000006 0.58551750000000002 0.13225500000000004
decision_type=10 10 2 10
left_child=1 2 -1 -3
right_child=-2 3 -4 -5
leaf_value=-0.012639449367168133 0.012437098747170104 0 0.0025345144671308759 -0.021784509729532723
leaf_weight=3.9244698304682961 4.0921019464731208 2.1647535525262347 35.301315449178219 3.8453788105398417
leaf_count=110 33 16 336 46
internal_value=-0.00021128 -0.00267977 0 -0.0154065
internal_weight=49.328 45.2359 39.2258 6.01013
internal_count=541 508 446 62
is_linear=0
shrinkage=0.03


Tree=142
num_leaves=6
num_cat=0
split_feature=28 29 24 29 28
split_gain=3.04053 2.48979 1.23412 1.3712 1.08952
threshold=0.97191600000000011 0.58551750000000002 1.0000000180025095e-35 0.94279550000000012 0.98782300000000012
decision_type=2 2 10 2 2
left_child=2 -2 3 -1 -3
right_child=1 4 -4 -5 -6
leaf_value=-0.015770354827670564 -0.01105265384147318 0.011796427013721926 0.0032404438530541004 0.0020663880344723544 0
leaf_weight=11.33439652062952 2.7709291428327552 26.54681484401226 1.2221150100231177 0.76820336282253343 11.257081791758536
leaf_count=167 77 220 7 5 97
internal_value=0.0015652 0.0060505 -0.00885715 -0.0124662 0.00875979
internal_weight=53.8995 40.5748 13.3247 12.1026 37.8039
internal_count=573 394 179 172 317
is_linear=0
shrinkage=0.03


Tree=143
num_leaves=7
num_cat=0
split_feature=29 5 28 28 22 7
split_gain=2.58783 1.98419 1.33955 1.43858 1.10864 0.784101
threshold=0.65593200000000007 1.5000000000000002 0.97673100000000013 0.98782300000000012 0.070410000000000014 8.6832670000000025
decision_type=2 10 2 2 8 10
left_child=1 5 4 -4 -2 -1
right_child=2 -3 3 -5 -6 -7
leaf_value=-0.016702215961983298 -0.01232223787840413 0.0062340491359003389 0.013560487919360823 0 0.0025827968464877268 0
leaf_weight=9.5816831514239276 3.0205685496330235 1.6459910869598378 17.131832309067253 9.760431405156849 10.382460825145245 0.61303387954831201
leaf_count=199 30 8 138 84 88 4
internal_value=0.00118321 -0.00898813 0.00528067 0.00897392 -0.000586642 -0.0145781
internal_weight=52.136 11.8407 40.2953 26.8923 13.403 10.1947
internal_count=551 211 340 222 118 203
is_linear=0
shrinkage=0.03


Tree=144
num_leaves=5
num_cat=0
split_feature=24 28 16 5
split_gain=1.80029 1.85164 1.44556 0.370867
threshold=1.0000000180025095e-35 0.97144700000000006 0.16651950000000001 1.5000000000000002
decision_type=10 2 10 10
left_child=1 3 -3 -1
right_child=-2 2 -4 -5
leaf_value=-0.012387571242855376 0.014289513411656728 -0.00094022192015396396 0.011109490790264036 0
leaf_weight=9.6454591546207631 4.7505154013633719 27.46043492294848 8.24193626642227 0.92407445609569627
leaf_count=153 37 314 44 5
internal_value=0.000543267 -0.00104324 0.00171185 -0.0108814
internal_weight=51.0224 46.2719 35.7024 10.5695
internal_count=553 516 358 158
is_linear=0
shrinkage=0.03


Tree=145
num_leaves=6
num_cat=0
split_feature=4 18 24 22 19
split_gain=2.01039 2.52227 1.37793 1.14751 1.02275
threshold=1.0000000180025095e-35 0.29475650000000003 1.0000000180025095e-35 0.028162000000000003 0.30391200000000007
decision_type=10 8 10 10 10
left_child=1 2 -1 -3 -2
right_child=4 3 -4 -5 -6
leaf_value=-0.014133763834483082 0.016209023241886358 -0.00015369497538602166 0.0016418507717790966 0.01256408242110196 0
leaf_weight=16.204603331163529 5.6205983944237223 19.967963917180899 1.7248343005776394 4.3371776267886153 1.0578708127140997
leaf_count=162 51 288 12 28 7
internal_value=-1.83089e-05 -0.00320598 -0.0111649 0.00214812 0.011786
internal_weight=48.913 42.2346 17.9294 24.3051 6.67847
internal_count=548 490 174 316 58
is_linear=0
shrinkage=0.03


Tree=146
num_leaves=4
num_cat=0
split_feature=24 20 28
split_gain=1.99902 1.43827 1.14005
threshold=1.0000000180025095e-35 0.47980200000000006 0.97144700000000006
decision_type=10 10 2
left_child=1 2 -1
right_child=-2 -3 -4
leaf_value=-0.0062732147040145472 0.015938644206717853 -0.014106846904691394 0.003828876471133274
leaf_weight=9.5217976830899698 4.3559858240187159 3.3893733397126189 35.532772639766335
leaf_count=130 37 41 351
internal_value=0.00118451 -0.0004111 0.000811271
internal_weight=52.7999 48.4439 45.0546
internal_count=559 522 481
is_linear=0
shrinkage=0.03


Tree=147
num_leaves=5
num_cat=0
split_feature=24 18 3 23
split_gain=2.18358 2.4055 2.76009 1.21915
threshold=1.0000000180025095e-35 0.059432500000000006 1.0000000180025095e-35 0.50185950000000012
decision_type=10 8 8 8
left_child=1 2 -1 -3
right_child=-2 3 -4 -5
leaf_value=-0.021111182241556375 0.015479426528001961 0.0077971016855982083 0.0047645295444775646 -0.0025267430604453936
leaf_weight=7.6867567189037773 4.1423113420605651 13.019664688035844 1.8054609373211867 21.152363685891032
leaf_count=96 35 87 19 294
internal_value=0 -0.00233228 -0.0138258 0.000911442
internal_weight=47.8066 43.6642 9.49222 34.172
internal_count=531 496 115 381
is_linear=0
shrinkage=0.03


Tree=148
num_leaves=7
num_cat=0
split_feature=28 4 28 28 16 16
split_gain=2.4545 1.87686 1.22941 1.32286 1.20164 0.779147
threshold=0.98251600000000006 1.0000000180025095e-35 0.98782300000000012 0.98576100000000011 0.34793800000000003 0.30299150000000002
decision_type=2 10 2 2 10 8
left_child=1 4 3 -2 -1 -4
right_child=2 -3 5 -5 -6 -7
leaf_value=-0.011960639032816861 0 0.0090291260203386493 0.0061261522562404414 0.021108044539284002 0.00050976659893818392 -0.0062096168607419363
leaf_weight=20.387985507026322 6.2599668502807635 2.1541763693094245 6.1480449698865387 4.8758365958929062 3.4187544379383317 6.2820264995098123
leaf_count=271 60 14 58 37 31 80
internal_value=0 -0.00586741 0.00675453 0.0128069 -0.00919408 0
internal_weight=49.5268 25.9609 23.5659 11.1358 23.8067 12.4301
internal_count=551 316 235 97 302 138
is_linear=0
shrinkage=0.03


Tree=149
num_leaves=4
num_cat=0
split_feature=3 26 19
split_gain=1.79964 1.48839 1.70809
threshold=1.5000000000000002 1.0000000180025095e-35 0.08068850000000001
decision_type=10 10 8
left_child=1 2 -1
right_child=-2 -3 -4
leaf_value=-0.013485603061881726 0.014719192850550936 0.010909983841427724 0
leaf_weight=9.010511748492716 4.0431345067918292 3.6127301529049864 32.407087679952383
leaf_count=92 40 27 384
internal_value=0.000120891 -0.00140274 -0.00381648
internal_weight=49.0735 45.0303 41.4176
internal_count=543 503 476
is_linear=0
shrinkage=0.03


end of trees

feature_importances:
reranker_score_gte_multilingual_reranker_base=84
embedding_cosine_gte_multilingual_base=80
has_shared_contact_exact=67
shared_description_count_capped=64
shared_title_count_capped=56
price_median_percentile_gap_abs=46
shared_category_count_capped=42
repeated_title_share_percentile_gap_abs=36
profile_category_jaccard=33
max_category_share_percentile_gap_abs=30
shared_contact_count_capped=28
punct_ratio_mean_percentile_gap_abs=22
item_count_percentile_gap_abs=21
description_length_median_percentile_gap_abs=19
repeated_description_share_percentile_gap_abs=18
digit_ratio_mean_percentile_gap_abs=17
title_length_median_percentile_gap_abs=12
shared_description_idf_sum=8
shared_description_idf_mean=7
shared_title_idf_mean=2
same_source_dataset_bool=1
shared_title_idf_sum=1
shared_rare_ngram_count=1

parameters:
[boosting: gbdt]
[objective: binary]
[metric: binary_logloss,auc]
[tree_learner: serial]
[device_type: cpu]
[data_sample_strategy: bagging]
[data: ]
[valid: ]
[num_iterations: 160]
[learning_rate: 0.03]
[num_leaves: 7]
[num_threads: 0]
[seed: 20260322]
[deterministic: 1]
[force_col_wise: 1]
[force_row_wise: 0]
[histogram_pool_size: -1]
[max_depth: 3]
[min_data_in_leaf: 10]
[min_sum_hessian_in_leaf: 0.001]
[bagging_fraction: 0.8]
[pos_bagging_fraction: 1]
[neg_bagging_fraction: 1]
[bagging_freq: 1]
[bagging_seed: 20260322]
[bagging_by_query: 0]
[feature_fraction: 0.6]
[feature_fraction_bynode: 1]
[feature_fraction_seed: 20260322]
[extra_trees: 0]
[extra_seed: 18836]
[early_stopping_round: 0]
[early_stopping_min_delta: 0]
[first_metric_only: 0]
[max_delta_step: 0]
[lambda_l1: 1]
[lambda_l2: 3]
[linear_lambda: 0]
[min_gain_to_split: 0.05]
[drop_rate: 0.1]
[max_drop: 50]
[skip_drop: 0.5]
[xgboost_dart_mode: 0]
[uniform_drop: 0]
[drop_seed: 22382]
[top_rate: 0.2]
[other_rate: 0.1]
[min_data_per_group: 100]
[max_cat_threshold: 32]
[cat_l2: 10]
[cat_smooth: 10]
[max_cat_to_onehot: 4]
[top_k: 20]
[monotone_constraints: ]
[monotone_constraints_method: basic]
[monotone_penalty: 0]
[feature_contri: ]
[forcedsplits_filename: ]
[refit_decay_rate: 0.9]
[cegb_tradeoff: 1]
[cegb_penalty_split: 0]
[cegb_penalty_feature_lazy: ]
[cegb_penalty_feature_coupled: ]
[path_smooth: 0]
[interaction_constraints: ]
[verbosity: -1]
[saved_feature_importance_type: 0]
[use_quantized_grad: 0]
[num_grad_quant_bins: 4]
[quant_train_renew_leaf: 0]
[stochastic_rounding: 1]
[linear_tree: 0]
[max_bin: 255]
[max_bin_by_feature: ]
[min_data_in_bin: 3]
[bin_construct_sample_cnt: 200000]
[data_random_seed: 20260322]
[is_enable_sparse: 1]
[enable_bundle: 1]
[use_missing: 1]
[zero_as_missing: 0]
[feature_pre_filter: 1]
[pre_partition: 0]
[two_round: 0]
[header: 0]
[label_column: ]
[weight_column: ]
[group_column: ]
[ignore_column: ]
[categorical_feature: ]
[forcedbins_filename: ]
[precise_float_parser: 0]
[parser_config_file: ]
[objective_seed: 31326]
[num_class: 1]
[is_unbalance: 0]
[scale_pos_weight: 1]
[sigmoid: 1]
[boost_from_average: 1]
[reg_sqrt: 0]
[alpha: 0.9]
[fair_c: 1]
[poisson_max_delta_step: 0.7]
[tweedie_variance_power: 1.5]
[lambdarank_truncation_level: 30]
[lambdarank_norm: 1]
[label_gain: ]
[lambdarank_position_bias_regularization: 0]
[eval_at: ]
[multi_error_top_k: 1]
[auc_mu_weights: ]
[num_machines: 1]
[local_listen_port: 12400]
[time_out: 120]
[machine_list_filename: ]
[machines: ]
[gpu_platform_id: -1]
[gpu_device_id: -1]
[gpu_use_dp: 0]
[num_gpu: 1]

end of parameters

pandas_categorical:null
