tree
version=v4
num_class=1
num_tree_per_iteration=1
label_index=0
max_feature_idx=25
objective=binary sigmoid:1
feature_names=same_market_raw_bool same_source_dataset_bool profile_category_jaccard shared_title_count_capped shared_description_count_capped shared_category_count_capped shared_title_idf_sum shared_description_idf_sum shared_title_idf_mean shared_description_idf_mean boilerplate_ratio_max boilerplate_ratio_gap_abs shared_boilerplate_count shared_low_df_sentence_count shared_rare_ngram_count item_count_percentile_gap_abs price_median_percentile_gap_abs title_length_median_percentile_gap_abs description_length_median_percentile_gap_abs digit_ratio_mean_percentile_gap_abs punct_ratio_mean_percentile_gap_abs repeated_title_share_percentile_gap_abs repeated_description_share_percentile_gap_abs max_category_share_percentile_gap_abs embedding_cosine_gte_multilingual_base reranker_score_gte_multilingual_reranker_base
feature_infos=[0:1] [0:1] [0:1] [0:5] [0:5] [0:5] [0:70.616864000000007] [0:79.443972000000002] [0:8.8271080000000008] [0:8.8271080000000008] [0:0.20000000000000001] [0:0.20000000000000001] [0:1] [0:9] [0:8] [0:0.70916299999999999] [0:0.96791400000000005] [0:0.92293000000000003] [0:0.86055700000000002] [0:0.89987799999999996] [0:0.91338399999999997] [0:0.78087600000000001] [0:0.625498] [0:0.98619599999999996] [0.88623300000000005:0.99821599999999999] [0.41123199999999999:0.96361600000000003]
tree_sizes=876 780 849 566 850 757 656 866 870 657 651 863 677 658 779 687 684 650 777 883 685 566 577 666 663 651 654 654 659 577 670 883 667 677 661 662 667 843 862 707 751 649 678 664 653 654 841 884 674 684 680 672 669 655 661 652 757 659 863 682 652 661 849 747 765 767 736 679 661 849 646 707 663 663 660 782 854 871 689 859 673 652 858 672 656 660 859 733 869 746 582 757 747 860 637 659 675 857 655 740 663 578 688 739 742 662 771 879 664 722 659 746 873 660 689 769 736 842 678 854 887 640 840 753 738 869 760 633 863 874 754 770 846 743 743 737 652 763 741 877 842

Tree=0
num_leaves=7
num_cat=0
split_feature=25 2 7 25 15 25
split_gain=70.8695 10.1278 11.76 7.74108 3.10903 1.23307
threshold=0.68106350000000015 0.32575750000000009 8.0568855000000017 0.59491450000000012 0.048877000000000011 0.7008795000000001
decision_type=2 10 10 2 8 2
left_child=3 5 -3 -1 -5 -2
right_child=1 2 -4 4 -6 -7
leaf_value=-0.046613354548619618 0.00068680850147582345 -0.019160656069573637 0.025905121997393983 0.002279171113877031 -0.019570572826177673 0.032984196492489154
leaf_weight=14.886339336633684 3.2136978209018698 8.3205001950263959 6.5786775499582282 5.4857009947299984 10.723660513758658 33.686402671039104
leaf_count=117 20 38 21 21 85 191
internal_value=0.00189284 0.0232771 6.86345e-05 -0.031763 -0.0114132 0.0311864
internal_weight=82.895 51.7993 14.8992 31.0957 16.2094 36.9001
internal_count=493 270 59 223 106 211
is_linear=0
shrinkage=1


Tree=1
num_leaves=6
num_cat=0
split_feature=25 3 2 4 25
split_gain=78.9186 14.3442 16.3011 12.7384 3.99605
threshold=0.68106350000000015 1.0000000180025095e-35 0.32575750000000009 1.0000000180025095e-35 0.62994050000000013
decision_type=2 10 10 10 2
left_child=3 2 -2 4 -1
right_child=1 -3 -4 -5 -6
leaf_value=-0.043580009087295514 0.022701916561179251 0.048162054845146629 -0.021383167612733067 0.01610777858193594 -0.011999738687201958
leaf_weight=21.83905240893364 26.821239933371544 15.766564339399336 6.8416364192962638 2.2967779934406272 11.278753235936163
leaf_count=167 185 45 32 7 77
internal_value=0.00195667 0.0261378 0.0119072 -0.0304183 -0.0355456
internal_weight=84.844 49.4294 33.6629 35.4146 33.1178
internal_count=513 262 217 251 244
is_linear=0
shrinkage=0.03


Tree=2
num_leaves=7
num_cat=0
split_feature=25 4 21 23 23 24
split_gain=64.1968 16.6526 20.4743 15.461 5.66829 1.0822
threshold=0.68106350000000015 1.0000000180025095e-35 0.080088500000000021 0.0074560000000000008 0.27391400000000005 0.99260350000000008
decision_type=2 10 8 10 8 2
left_child=3 2 -2 5 -5 -1
right_child=1 -3 -4 4 -6 -7
leaf_value=-0.042343390495999403 -0.021417650253081948 0.045249184772331578 0.022629075522544631 0.017026610012445074 -0.018493757836972723 0
leaf_weight=24.236727528274063 11.153503507375715 14.893316477537153 24.568287745118141 6.1075563430786106 4.1958912312984475 1.5755979642271984
leaf_count=200 51 43 169 21 20 10
internal_value=0 0.021083 0.00750766 -0.0294588 0 -0.0407567
internal_weight=86.7309 50.6151 35.7218 36.1158 10.3034 25.8123
internal_count=514 263 220 251 41 210
is_linear=0
shrinkage=0.03


Tree=3
num_leaves=4
num_cat=0
split_feature=3 22 25
split_gain=71.318 36.5697 13.5425
threshold=1.0000000180025095e-35 0.039685500000000005 0.68106350000000015
decision_type=10 8 2
left_child=1 -1 -3
right_child=-2 2 -4
leaf_value=-0.041485974037012298 0.047758759377762729 -0.017552939705166911 0.015114046671650014
leaf_weight=24.779595464468002 18.517857730388641 15.281864032149313 26.607306055724621
leaf_count=123 53 148 181
internal_value=0 -0.0147251 0.00215165
internal_weight=85.1866 66.6688 41.8892
internal_count=505 452 329
is_linear=0
shrinkage=0.03


Tree=4
num_leaves=7
num_cat=0
split_feature=25 4 23 21 23 24
split_gain=58.9775 15.8674 14.9504 6.80535 4.61406 0.709194
threshold=0.7008795000000001 1.0000000180025095e-35 0.0074560000000000008 0.15176500000000001 0.71855800000000014 0.96110200000000012
decision_type=2 8 10 10 10 2
left_child=2 3 -1 -2 -4 -3
right_child=1 5 4 -5 -6 -7
leaf_value=-0.037362643930576783 -0.013157797366418164 0 0.011847974004751124 0.018913876247050706 -0.019529463200404568 0.037095455556876891
leaf_weight=29.026343509554863 11.419516801834108 1.4832569658756281 9.0559311509132367 7.1426941603422156 3.4507341980934134 23.849865049123764
leaf_count=234 50 12 33 24 17 144
internal_value=-0.00150798 0.0216734 -0.0264911 0 0 0.0357981
internal_weight=85.4283 43.8953 41.533 18.5622 12.5067 25.3331
internal_count=514 230 284 74 50 156
is_linear=0
shrinkage=0.03


Tree=5
num_leaves=6
num_cat=0
split_feature=22 9 23 7 23
split_gain=36.8405 21.6311 15.8457 8.1997 7.52772
threshold=0.008709500000000002 8.0568855000000017 0.0014810000000000001 8.4887085000000031 0.51918300000000006
decision_type=8 8 10 8 10
left_child=1 -1 3 -2 -4
right_child=2 -3 4 -5 -6
leaf_value=-0.041224432119009641 -0.028437830212503866 0.02353293757142878 0.033479925220371763 0.0052820257398273627 0
leaf_weight=19.370866492390636 5.3793435841798809 3.1277454793453208 25.703987672924995 23.688356682658195 6.9677627533674231
leaf_count=98 27 9 83 247 28
internal_value=0.000877136 -0.0293358 0.0131997 -0.00209936 0.026684
internal_weight=84.2381 22.4986 61.7395 29.0677 32.6718
internal_count=492 107 385 274 111
is_linear=0
shrinkage=0.03


Tree=6
num_leaves=5
num_cat=0
split_feature=3 25 16 24
split_gain=59.1438 29.0184 11.9742 2.58341
threshold=1.0000000180025095e-35 0.65111250000000009 0.13987300000000003 0.91756950000000004
decision_type=10 2 8 2
left_child=1 3 -3 -1
right_child=-2 2 -4 -5
leaf_value=0 0.045251473159757312 -0.017352892700764736 0.013667252575295566 -0.038107277542456908
leaf_weight=0.6650946587324168 17.681453853845596 14.068617299199103 28.437642686069012 23.92404467612505
leaf_count=3 51 63 207 178
internal_value=0.0003657 -0.0124654 0.00227389 -0.0365087
internal_weight=84.7769 67.0954 42.5063 24.5891
internal_count=502 451 270 181
is_linear=0
shrinkage=0.03


Tree=7
num_leaves=7
num_cat=0
split_feature=25 24 21 3 5 20
split_gain=52.6938 13.4942 9.05757 8.89364 7.48079 4.84969
threshold=0.68106350000000015 0.97677600000000009 0.14425450000000004 1.0000000180025095e-35 1.5000000000000002 0.25114700000000006
decision_type=2 2 10 10 10 10
left_child=3 2 -2 4 -1 -3
right_child=1 5 -4 -5 -6 -7
leaf_value=-0.034699359374380297 -0.024945319446187074 0.032934444051845591 0.016782569683901231 0.014407404020980114 0.0053683217623842188 0
leaf_weight=29.973712332546711 6.6024802625179273 31.637688621878624 5.6768385618925095 1.7444583177566517 2.5280705094337454 4.7580823600292197
leaf_count=226 53 161 19 5 9 19
internal_value=0.000392255 0.0203161 -0.00418326 -0.0264761 -0.0305475 0.0290324
internal_weight=82.9213 48.6751 12.2793 34.2462 32.5018 36.3958
internal_count=492 252 72 240 235 180
is_linear=0
shrinkage=0.03


Tree=8
num_leaves=7
num_cat=0
split_feature=25 3 2 3 22 24
split_gain=55.4205 19.1416 14.3964 9.17651 1.85025 0.313706
threshold=0.68106350000000015 1.0000000180025095e-35 0.32575750000000009 1.0000000180025095e-35 0.045065500000000001 0.96589250000000015
decision_type=2 8 10 10 10 2
left_child=3 2 -2 4 -1 -3
right_child=1 5 -4 -5 -6 -7
leaf_value=-0.035008542082596121 0.016676259113208306 0 -0.027752818537754291 0.0141409437101643 -0.0030860052686125044 0.036166409054941555
leaf_weight=26.928248904645447 13.087171494960787 1.6031261757016206 8.0167511701583845 1.7414627373218525 4.6397981047630301 27.303110100328922
leaf_count=214 46 13 39 5 20 163
internal_value=0.000565506 0.0204317 -0.000309993 -0.0276587 -0.0318595 0.0351204
internal_weight=83.3197 50.0102 21.1039 33.3095 31.568 28.9062
internal_count=500 261 85 239 234 176
is_linear=0
shrinkage=0.03


Tree=9
num_leaves=5
num_cat=0
split_feature=4 25 21 22
split_gain=54.7305 29.127 16.9657 2.071
threshold=1.0000000180025095e-35 0.64958600000000011 0.090908500000000017 0.039685500000000005
decision_type=10 2 8 10
left_child=1 3 -3 -1
right_child=-2 2 -4 -5
leaf_value=-0.039440834790737414 0.041610891381241119 -0.020421063330123057 0.017209962937489574 0
leaf_weight=21.18811454623938 19.758126243948936 13.735555499792097 26.399682231247425 2.7730373293161383
leaf_count=170 59 63 193 12
internal_value=0.0011428 -0.0121874 0.00311137 -0.0364205
internal_weight=83.8545 64.0964 40.1352 23.9612
internal_count=497 438 256 182
is_linear=0
shrinkage=0.03


Tree=10
num_leaves=5
num_cat=0
split_feature=4 18 25 21
split_gain=49.9419 24.9831 13.9713 5.60474
threshold=1.0000000180025095e-35 0.12250800000000002 0.68106350000000015 0.12386950000000001
decision_type=10 8 2 10
left_child=1 3 -3 -1
right_child=-2 2 -4 -5
leaf_value=-0.039795937367412111 0.041417540496333873 -0.016977206614977876 0.016280484241826449 0
leaf_weight=20.77007153630257 17.20530903339386 16.222181081771851 24.183619573712349 4.2007621526718131
leaf_count=107 51 159 167 17
internal_value=0 -0.0122658 0.00198645 -0.0341398
internal_weight=82.5819 65.3766 40.4058 24.9708
internal_count=501 450 326 124
is_linear=0
shrinkage=0.03


Tree=11
num_leaves=7
num_cat=0
split_feature=25 24 7 2 20 25
split_gain=46.6439 9.17732 4.00206 3.58511 2.45728 1.43076
threshold=0.68106350000000015 0.97677600000000009 8.4887085000000031 0.21363650000000003 0.25114700000000006 0.64227900000000016
decision_type=2 2 10 10 10 2
left_child=2 3 5 -2 -3 -1
right_child=1 4 -4 -5 -6 -7
leaf_value=-0.036774936705477469 0.0047078534343534279 0.02601253816588869 0.0017289357089355292 -0.021501461217822357 0 -0.010385319046892237
leaf_weight=22.152196846902374 9.5718057081103307 30.085622556507587 1.4231643676757801 3.8087747395038596 5.0748581439256659 9.234741158783434
leaf_count=172 62 163 5 19 20 64
internal_value=-0.00265728 0.0153322 -0.0291645 -0.0034927 0.0229937 -0.0314664
internal_weight=81.3512 48.5411 32.8101 13.3806 35.1605 31.3869
internal_count=505 264 241 81 183 236
is_linear=0
shrinkage=0.03


Tree=12
num_leaves=5
num_cat=0
split_feature=3 23 23 17
split_gain=44.7468 22.3408 9.77501 1.27448
threshold=1.0000000180025095e-35 0.0074560000000000008 0.51918300000000006 0.45534900000000006
decision_type=10 8 10 10
left_child=1 3 -3 -1
right_child=-2 2 -4 -5
leaf_value=-0.038903127363863012 0.040306711791053246 0.0060744345508716028 -0.028535358782958802 -0.0025780168008429348
leaf_weight=18.254119053483013 15.135169386863707 38.979573793709278 5.9018957763910285 3.2847656160593024
leaf_count=96 45 313 30 15
internal_value=-0.00131395 -0.0125622 0 -0.0355784
internal_weight=81.5555 66.4204 44.8815 21.5389
internal_count=499 454 343 111
is_linear=0
shrinkage=0.03


Tree=13
num_leaves=5
num_cat=0
split_feature=3 22 25 5
split_gain=48.4652 28.1393 10.4439 4.11002
threshold=1.0000000180025095e-35 0.039685500000000005 0.64227900000000016 3.5000000000000004
decision_type=10 8 2 10
left_child=1 3 -3 -1
right_child=-2 2 -4 -5
leaf_value=-0.038704121058212977 0.040790028522015687 -0.021769329425183725 0.0111754710302325 0
leaf_weight=22.252748548984531 17.672489404678345 8.0883882343769056 33.563134424388409 2.0094637572765341
leaf_count=117 53 96 231 8
internal_value=0.000183103 -0.0115707 0.00307321 -0.0353823
internal_weight=83.5862 65.9137 41.6515 24.2622
internal_count=505 452 327 125
is_linear=0
shrinkage=0.03


Tree=14
num_leaves=6
num_cat=0
split_feature=23 7 23 9 2
split_gain=24.8349 13.9577 13.0441 3.91291 2.42806
threshold=0.0063255000000000013 8.6832670000000025 0.51918300000000006 8.0568855000000017 0.32575750000000009
decision_type=8 10 8 8 10
left_child=1 -1 4 -4 -2
right_child=2 -3 3 -5 -6
leaf_value=-0.0361757491535434 0.027356329987045902 0.012906859266470418 -0.022136713897856118 0.00051334316886628433 0.0012074881869173625
leaf_weight=19.608403652906421 20.655259624123577 4.0615256428718558 5.4548199325799969 24.169165149331093 6.9171844571828833
leaf_count=104 69 14 27 261 27
internal_value=-0.00179873 -0.0261243 0.00856996 -0.00438986 0.0225398
internal_weight=80.8664 23.6699 57.1964 29.624 27.5724
internal_count=502 118 384 288 96
is_linear=0
shrinkage=0.03


Tree=15
num_leaves=5
num_cat=0
split_feature=3 23 23 17
split_gain=36.2526 25.5456 8.39589 0.34785
threshold=1.0000000180025095e-35 0.0074560000000000008 0.51918300000000006 0.45534900000000006
decision_type=10 8 10 10
left_child=1 3 -3 -1
right_child=-2 2 -4 -5
leaf_value=-0.037019335737921419 0.038912235543618966 0.0088027446082458907 -0.022879254103456211 -0.0051992820105340835
leaf_weight=17.546476721763614 14.882479101419447 41.828154675662518 5.8040248006582251 3.7920240163803092
leaf_count=94 45 323 29 18
internal_value=0.000381079 -0.00879176 0.00322288 -0.0339351
internal_weight=83.8532 68.9707 47.6322 21.3385
internal_count=509 464 352 112
is_linear=0
shrinkage=0.03


Tree=16
num_leaves=5
num_cat=0
split_feature=3 22 25 16
split_gain=34.4377 23.2393 10.4481 2.33116
threshold=1.0000000180025095e-35 0.043352000000000009 0.64958600000000011 0.18818950000000004
decision_type=10 8 2 10
left_child=1 3 -3 -1
right_child=-2 2 -4 -5
leaf_value=-0.037568831947235447 0.038211011112017246 -0.018129229912655476 0.013141679962692483 -0.0069787566035486416
leaf_weight=15.672640636563303 15.025187402963637 9.7886209264397603 32.421606719493866 7.4615941643714896
leaf_count=85 46 111 220 34
internal_value=0.00105427 -0.00835279 0.00450455 -0.0307841
internal_weight=80.3696 65.3445 42.2102 23.1342
internal_count=496 450 331 119
is_linear=0
shrinkage=0.03


Tree=17
num_leaves=5
num_cat=0
split_feature=25 4 2 24
split_gain=32.7075 18.8848 14.691 0.12386
threshold=0.59865050000000009 1.0000000180025095e-35 0.32575750000000009 0.95385950000000008
decision_type=2 10 10 2
left_child=3 2 -2 -1
right_child=1 -3 -4 -5
leaf_value=0 0.010530168187281797 0.03590063054441868 -0.023019127670233685 -0.035395456906836896
leaf_weight=1.693456850945952 33.118914663791656 14.686576485633848 14.394253641366957 15.985190972685812
leaf_count=12 237 46 70 129
internal_value=-0.000660938 0.00943097 0 -0.0338356
internal_weight=79.8784 62.1997 47.5132 17.6786
internal_count=494 353 307 141
is_linear=0
shrinkage=0.03


Tree=18
num_leaves=6
num_cat=0
split_feature=25 3 21 4 23
split_gain=37.5494 9.37381 10.9774 5.23966 2.26924
threshold=0.68106350000000015 1.0000000180025095e-35 0.10762700000000001 1.0000000180025095e-35 0.0074560000000000008
decision_type=2 10 8 10 10
left_child=3 2 -2 4 -1
right_child=1 -3 -4 -5 -6
leaf_value=-0.031769279743558955 -0.015989123863623968 0.035933857733716615 0.017227161966070163 0.008183363466020872 -0.0048132751888744019
leaf_weight=22.760035827755932 10.0292661935091 13.379546731710432 23.40094868093729 1.5612047314643849 7.6931662857532492
leaf_count=200 46 42 171 5 34
internal_value=0 0.0167651 0.00594251 -0.0237765 -0.0268987
internal_weight=78.8242 46.8098 33.4302 32.0144 30.4532
internal_count=498 259 217 239 234
is_linear=0
shrinkage=0.03


Tree=19
num_leaves=7
num_cat=0
split_feature=25 5 21 7 24 7
split_gain=30.6729 11.9086 7.64776 4.18936 4.00086 1.77714
threshold=0.68106350000000015 1.5000000000000002 1.0000000180025095e-35 8.0568855000000017 0.97677600000000009 8.0568855000000017
decision_type=2 10 8 10 2 10
left_child=1 3 5 -1 -4 -2
right_child=2 -3 4 -5 -6 -7
leaf_value=-0.031013689685978455 -0.021375823751225449 0.016842685020580443 0.00024389953460788729 0.00052480955576126795 0.024425526109652193 0.00013017577066328341
leaf_weight=28.60716820508242 3.0180839002132407 3.3585860878229132 10.847393259406088 2.1074248105287543 29.360392384231091 2.3210000246763229
leaf_count=234 16 11 68 8 153 9
internal_value=-0.00102434 -0.0218616 0.0143335 -0.0281058 0.0190659 -0.0117458
internal_weight=79.62 34.0732 45.5469 30.7146 40.2078 5.33908
internal_count=499 253 246 242 221 25
is_linear=0
shrinkage=0.03


Tree=20
num_leaves=5
num_cat=0
split_feature=3 21 5 2
split_gain=30.3125 16.4719 5.05567 4.67561
threshold=1.0000000180025095e-35 0.11378600000000001 4.5000000000000009 1.0000000180025095e-35
decision_type=10 8 10 10
left_child=1 2 -1 -3
right_child=-2 3 -4 -5
leaf_value=-0.028378992041145634 0.035700360270036445 -0.00049758315847205363 0.0028982932456874584 0.024376479390663616
leaf_weight=27.910335049033169 13.553948819637297 28.938335783779621 2.8826466500759116 5.117458537220954
leaf_count=144 43 289 11 16
internal_value=-0.000334012 -0.00955318 -0.0245659 0.00410147
internal_weight=78.4027 64.8488 30.793 34.0558
internal_count=503 460 155 305
is_linear=0
shrinkage=0.03


Tree=21
num_leaves=4
num_cat=0
split_feature=4 23 25
split_gain=30.9124 19.6687 7.075
threshold=1.0000000180025095e-35 0.0074560000000000008 0.67342200000000008
decision_type=10 8 2
left_child=1 -1 -3
right_child=-2 2 -4
leaf_value=-0.033835255795315378 0.033999629683541747 -0.014957458312766764 0.0082486175979520713
leaf_weight=19.223483547568321 14.4882685393095 14.840632393956183 31.92218416929245
leaf_count=107 47 145 216
internal_value=-0.00127145 -0.0105924 0
internal_weight=80.4746 65.9863 46.7628
internal_count=515 468 361
is_linear=0
shrinkage=0.03


Tree=22
num_leaves=4
num_cat=0
split_feature=4 21 18
split_gain=29.8631 17.5638 4.25293
threshold=1.0000000180025095e-35 0.0011505000000000003 0.29495000000000005
decision_type=10 8 10
left_child=1 -1 -3
right_child=-2 2 -4
leaf_value=-0.029017735470157832 0.034168884591861313 -0.001361082553281718 0.020123064903681605
leaf_weight=20.476738095283508 16.460399389266968 34.653924711048603 7.101790413260459
leaf_count=112 54 303 24
internal_value=0.0012942 -0.00811272 0.00272655
internal_weight=78.6929 62.2325 41.7557
internal_count=493 439 327
is_linear=0
shrinkage=0.03


Tree=23
num_leaves=5
num_cat=0
split_feature=4 23 2 17
split_gain=29.7765 16.5087 4.64244 2.47524
threshold=1.0000000180025095e-35 0.0097775000000000015 1.0000000180025095e-35 0.45534900000000006
decision_type=10 8 8 10
left_child=1 3 -3 -1
right_child=-2 2 -4 -5
leaf_value=-0.034145782647800604 0.034315925117943569 -0.016483672836153519 0.0065539984441594827 0
leaf_weight=14.878149196505548 16.629279553890228 6.4108595401048651 38.323747731745243 2.9065279215574256
leaf_count=86 55 30 316 14
internal_value=0.00167081 -0.00772814 0.00179556 -0.0299284
internal_weight=79.1486 62.5193 44.7346 17.7847
internal_count=501 446 346 100
is_linear=0
shrinkage=0.03


Tree=24
num_leaves=5
num_cat=0
split_feature=4 23 24 17
split_gain=29.2026 19.2305 10.137 0.898441
threshold=1.0000000180025095e-35 0.0074560000000000008 0.97135850000000012 0.45534900000000006
decision_type=10 8 2 10
left_child=1 3 -3 -1
right_child=-2 2 -4 -5
leaf_value=-0.034660953551621458 0.03309587033144281 -0.018237737715086418 0.010971343515251301 0
leaf_weight=15.941019356250765 16.638037219643593 11.96904084831476 32.846068680286407 2.3994914889335623
leaf_count=93 56 101 240 12
internal_value=0.000674577 -0.00852667 0.00188807 -0.0320688
internal_weight=79.7937 63.1556 44.8151 18.3405
internal_count=502 446 341 105
is_linear=0
shrinkage=0.03


Tree=25
num_leaves=5
num_cat=0
split_feature=25 3 2 24
split_gain=24.9207 14.0931 9.08738 1.12065
threshold=0.59491450000000012 1.0000000180025095e-35 0.32575750000000009 0.95385950000000008
decision_type=2 10 10 2
left_child=3 2 -2 -1
right_child=1 -3 -4 -5
leaf_value=0 0.0081042530735383443 0.033099612682367489 -0.019800319908538044 -0.034225505907188224
leaf_weight=1.3328523859381665 32.706394173204899 12.489877134561537 11.879336953163145 13.358448773622511
leaf_count=9 241 42 59 116
internal_value=-0.0003911 0.00844714 0 -0.0320332
internal_weight=71.7669 57.0756 44.5857 14.6913
internal_count=467 342 300 125
is_linear=0
shrinkage=0.03


Tree=26
num_leaves=5
num_cat=0
split_feature=25 21 8 22
split_gain=28.1766 7.34662 8.97076 0.677798
threshold=0.64958600000000011 0.10762700000000001 8.431887500000002 0.054184000000000003
decision_type=2 10 8 10
left_child=3 2 -2 -1
right_child=1 -3 -4 -5
leaf_value=-0.030048669954303213 -0.012683494362298188 0.024902824161897107 0.0142982123863743 0
leaf_weight=19.09407684952021 17.086198225617409 17.292480081319809 21.114057928323746 1.9479910135269154
leaf_count=164 79 60 182 9
internal_value=-0.000710522 0.0101784 0.0014569 -0.0283618
internal_weight=76.5348 55.4927 38.2003 21.0421
internal_count=494 321 261 173
is_linear=0
shrinkage=0.03


Tree=27
num_leaves=5
num_cat=0
split_feature=3 22 5 15
split_gain=27.7484 17.1453 3.48216 0.496388
threshold=1.0000000180025095e-35 0.039685500000000005 1.5000000000000002 0.25245100000000004
decision_type=10 8 10 10
left_child=1 3 -3 -1
right_child=-2 2 -4 -5
leaf_value=-0.029789665964733526 0.033814418165688358 -0.0013955953553485174 0.017905825238200546 0
leaf_weight=20.419589474797252 14.343620419502257 34.057239085435867 7.2886228412389746 1.9467425346374501
leaf_count=117 49 311 25 9
internal_value=0 -0.00877986 0.00231159 -0.0283144
internal_weight=78.0558 63.7122 41.3459 22.3663
internal_count=511 462 336 126
is_linear=0
shrinkage=0.03


Tree=28
num_leaves=5
num_cat=0
split_feature=4 5 24 18
split_gain=31.0863 16.2558 5.69847 2.52416
threshold=1.0000000180025095e-35 1.5000000000000002 0.98241700000000021 0.56277650000000012
decision_type=10 8 2 10
left_child=1 3 -3 -1
right_child=-2 2 -4 -5
leaf_value=-0.025847841649306428 0.035145792690591711 -0.0063956748200961512 0.016002211602575644 0
leaf_weight=27.02714674174786 16.339114993810654 14.791161663830279 18.503968961536884 2.4332555383443824
leaf_count=146 56 153 144 10
internal_value=0.001463 -0.00805384 0.00551932 -0.0234103
internal_weight=79.0946 62.7555 33.2951 29.4604
internal_count=509 453 297 156
is_linear=0
shrinkage=0.03


Tree=29
num_leaves=4
num_cat=0
split_feature=3 22 25
split_gain=22.8846 20.6934 5.6845
threshold=1.0000000180025095e-35 0.039685500000000005 0.58551750000000002
decision_type=10 8 2
left_child=1 -1 -3
right_child=-2 2 -4
leaf_value=-0.029724287830682986 0.032004945678245023 -0.02020472794100835 0.0085275755762209554
leaf_weight=22.67967201769352 12.507556051015852 4.0003466866910449 37.171155363321304
leaf_count=131 44 58 273
internal_value=-0.000451986 -0.00840954 0.00387405
internal_weight=76.3587 63.8512 41.1715
internal_count=506 462 331
is_linear=0
shrinkage=0.03


Tree=30
num_leaves=5
num_cat=0
split_feature=4 5 2 22
split_gain=27.7984 14.0195 6.09597 3.9425
threshold=1.0000000180025095e-35 1.5000000000000002 0.47222200000000009 0.10624400000000002
decision_type=10 8 8 10
left_child=1 3 -3 -1
right_child=-2 2 -4 -5
leaf_value=-0.031050367649198721 0.032271490225146367 0.022524280436397481 -0.0034756198307644725 -0.0026412622200092007
leaf_weight=18.906803533434871 15.769555792212484 8.0113306045532209 24.289087649434805 9.3388243764638883
leaf_count=114 56 27 267 40
internal_value=0 -0.00927876 0.00348936 -0.0237731
internal_weight=76.3156 60.546 32.3004 28.2456
internal_count=504 448 294 154
is_linear=0
shrinkage=0.03


Tree=31
num_leaves=7
num_cat=0
split_feature=25 5 24 4 21 4
split_gain=27.1566 8.57178 7.05037 4.52869 3.52326 1.24816
threshold=0.7008795000000001 1.5000000000000002 0.97677600000000009 1.0000000180025095e-35 0.29816800000000004 1.0000000180025095e-35
decision_type=2 10 2 10 10 8
left_child=1 3 4 -1 -2 -4
right_child=2 -3 5 -5 -6 -7
leaf_value=-0.028249827052096371 -0.01396711330352125 0.011898237134526455 0.0073226132958113333 0.0038585048402688745 0.014160571770360215 0.027534387826557309
leaf_weight=28.538421783596281 8.012891657650469 3.7153636068105689 11.972487017512323 1.9451790004968632 2.7504200786352149 18.877498358488083
leaf_count=253 60 13 47 7 9 125
internal_value=-0.000410352 -0.0196772 0.0150097 -0.0251429 -0.00307986 0.0219209
internal_weight=75.8123 34.199 41.6133 30.4836 10.7633 30.85
internal_count=514 273 241 260 69 172
is_linear=0
shrinkage=0.03


Tree=32
num_leaves=5
num_cat=0
split_feature=3 22 23 24
split_gain=21.4786 11.9629 5.00834 2.04488
threshold=1.0000000180025095e-35 0.039685500000000005 0.0097775000000000015 0.99041050000000019
decision_type=10 8 10 2
left_child=1 3 -3 -1
right_child=-2 2 -4 -5
leaf_value=-0.030097479977746991 0.031192806883824829 -0.0076368954474242629 0.011611445414676364 0
leaf_weight=15.776811063289644 12.344433903694151 23.738573752343655 18.93377810716629 4.0021132528781882
leaf_count=93 45 268 71 21
internal_value=-0.000368873 -0.00820966 0.000448481 -0.0258053
internal_weight=74.7957 62.4513 42.6724 19.7789
internal_count=498 453 339 114
is_linear=0
shrinkage=0.03


Tree=33
num_leaves=5
num_cat=0
split_feature=4 25 18 5
split_gain=22.7071 13.5875 7.44116 4.24122
threshold=1.0000000180025095e-35 0.68106350000000015 0.090107500000000021 1.5000000000000002
decision_type=10 2 8 10
left_child=1 3 -3 -1
right_child=-2 2 -4 -5
leaf_value=-0.027357443294358491 0.03021801505593881 -0.017257588287963147 0.011855405811166998 0.003165839973109871
leaf_weight=24.247095514088873 14.10828113555908 7.5708342045545569 25.208992227911949 2.1482738554477683
leaf_count=221 52 37 180 8
internal_value=-1.7306e-06 -0.00879949 0.0034098 -0.0237831
internal_weight=73.2835 59.1752 32.7798 26.3954
internal_count=498 446 217 229
is_linear=0
shrinkage=0.03


Tree=34
num_leaves=5
num_cat=0
split_feature=3 22 5 5
split_gain=21.6395 14.6762 4.03004 3.18417
threshold=1.0000000180025095e-35 0.043352000000000009 1.5000000000000002 4.5000000000000009
decision_type=10 8 10 10
left_child=1 3 -3 -1
right_child=-2 2 -4 -5
leaf_value=-0.029197236420597059 0.031593757235674244 -0.00082588247426597188 0.020285689756881463 0
leaf_weight=18.915091246366504 13.469937890768049 33.101831503212452 6.8685077726840964 1.7826211303472508
leaf_count=116 50 301 23 7
internal_value=0.000628765 -0.00693983 0.00326676 -0.0258345
internal_weight=74.138 60.6681 39.9703 20.6977
internal_count=497 447 324 123
is_linear=0
shrinkage=0.03


Tree=35
num_leaves=5
num_cat=0
split_feature=4 18 25 22
split_gain=20.7529 13.3389 6.18196 1.81978
threshold=1.0000000180025095e-35 0.12250800000000002 0.62994050000000013 0.24325000000000002
decision_type=10 8 2 10
left_child=1 3 -3 -1
right_child=-2 2 -4 -5
leaf_value=-0.028257803645102105 0.02939194757429785 -0.015177628941972559 0.0097052043302013179 0
leaf_weight=17.903437048196796 14.753057688474653 8.8561992794275266 30.303220696747303 3.3656214624643317
leaf_count=109 56 99 226 14
internal_value=0.000391784 -0.00727066 0.0026866 -0.0249055
internal_weight=75.1815 60.4285 39.1594 21.2691
internal_count=504 448 325 123
is_linear=0
shrinkage=0.03


Tree=36
num_leaves=5
num_cat=0
split_feature=4 21 0 17
split_gain=16.9989 10.0646 5.63233 2.85805
threshold=1.0000000180025095e-35 1.0000000180025095e-35 1.0000000180025095e-35 0.25107300000000005
decision_type=10 8 10 10
left_child=1 3 -3 -1
right_child=-2 2 -4 -5
leaf_value=-0.02982419840784753 0.028276154010016638 -0.0049663327230608416 0.016552311028559731 0
leaf_weight=12.480569362640383 13.366109311580656 29.664155937731266 12.978872522711752 5.0647191554307929
leaf_count=82 51 289 48 27
internal_value=0.000723621 -0.00597222 0.00158329 -0.0233455
internal_weight=73.5544 60.1883 42.643 17.5453
internal_count=497 446 337 109
is_linear=0
shrinkage=0.03


Tree=37
num_leaves=7
num_cat=0
split_feature=25 24 5 7 7 20
split_gain=17.3775 8.77173 4.28382 2.90447 1.60899 1.32264
threshold=0.7008795000000001 0.97677600000000009 1.5000000000000002 8.0568855000000017 8.0568855000000017 0.25114700000000006
decision_type=2 2 10 10 10 10
left_child=2 4 3 -1 -2 -3
right_child=1 5 -4 -5 -6 -7
leaf_value=-0.023668709428514508 -0.014561403694773324 0.022421463963072232 0.0058817893818419098 0 0.0031977363750746112 0
leaf_weight=26.375364713370804 8.1315139532089216 24.16103415936232 3.1963764131069174 2.6791227459907523 2.4510791301727286 4.5288997292518607
leaf_count=240 60 145 12 11 10 19
internal_value=-0.00115196 0.0114452 -0.0170114 -0.0207807 -0.00844164 0.0198321
internal_weight=71.5234 39.2725 32.2509 29.0545 10.5826 28.6899
internal_count=497 234 263 251 70 164
is_linear=0
shrinkage=0.03


Tree=38
num_leaves=7
num_cat=0
split_feature=25 24 3 21 5 25
split_gain=20.8318 6.56316 5.21672 4.66949 4.05512 1.44998
threshold=0.68106350000000015 0.97677600000000009 1.0000000180025095e-35 0.14425450000000004 1.5000000000000002 0.7008795000000001
decision_type=2 2 10 8 10 2
left_child=2 3 4 -2 -1 -3
right_child=1 5 -4 -5 -6 -7
leaf_value=-0.025462549890865823 -0.021812191389695094 0 0.010770521007344805 0.0086301065613980914 0.0043766076559609611 0.022402348822717459
leaf_weight=24.026596076786525 4.2348522096872303 1.0127750486135507 1.9966979026794422 8.1045293658971786 1.9698603898286808 29.04316284507513
leaf_count=225 23 7 7 56 7 164
internal_value=0.000740131 0.0140304 -0.0178297 -0.00208448 -0.021948 0.0211426
internal_weight=70.3885 42.3953 27.9932 12.3394 25.9965 30.0559
internal_count=489 250 239 79 232 171
is_linear=0
shrinkage=0.03


Tree=39
num_leaves=6
num_cat=0
split_feature=25 24 2 18 24
split_gain=17.4521 7.7622 5.21586 1.52824 1.50723
threshold=0.62994050000000013 0.97276150000000017 0.32575750000000009 0.29495000000000005 0.96110200000000012
decision_type=2 2 10 10 2
left_child=3 4 -3 -1 -2
right_child=1 2 -4 -5 -6
leaf_value=-0.026207688440054482 -0.0187905991362151 0.020719639755613924 0 0 0
leaf_weight=15.981680970638992 4.7109768241643897 30.447189889848232 12.743312522768973 2.41147457063198 8.4029270559549314
leaf_count=158 36 196 60 12 55
internal_value=0 0.00825866 0.014465 -0.023348 -0.00920762
internal_weight=74.6976 56.3044 43.1905 18.3932 13.1139
internal_count=517 347 256 170 91
is_linear=0
shrinkage=0.03


Tree=40
num_leaves=6
num_cat=0
split_feature=25 2 7 2 18
split_gain=15.3329 4.41792 4.5377 4.12951 2.03486
threshold=0.59491450000000012 0.32575750000000009 16.673387000000002 1.0000000180025095e-35 0.32726500000000008
decision_type=2 10 10 10 10
left_child=4 3 -3 -2 -1
right_child=1 2 -4 -5 -6
leaf_value=-0.028660647918666779 0.0048642641412885157 -0.012402259259784734 0.015690599025376367 0.027748597933085175 0
leaf_weight=12.234669614583252 31.31339755281806 14.339975982904436 3.8883067816495887 9.6216190904378873 1.4555375427007664
leaf_count=127 251 74 16 33 7
internal_value=0 0.00708084 -0.00362597 0.0124534 -0.0252996
internal_weight=72.8535 59.1633 18.2283 40.935 13.6902
internal_count=508 374 90 284 134
is_linear=0
shrinkage=0.03


Tree=41
num_leaves=5
num_cat=0
split_feature=3 22 18 5
split_gain=18.1435 12.445 4.20084 1.31491
threshold=1.0000000180025095e-35 0.039685500000000005 0.32197850000000006 4.5000000000000009
decision_type=10 8 10 10
left_child=1 3 -3 -1
right_child=-2 2 -4 -5
leaf_value=-0.026988476919957677 0.029615443587730161 -0.0017985717451742048 0.020457997913660982 0
leaf_weight=17.971739277243618 12.048872530460356 31.57389385253191 6.336567446589469 1.5939136445522297
leaf_count=118 48 297 22 7
internal_value=0 -0.00719434 0.00241561 -0.0249897
internal_weight=69.525 57.4761 37.9105 19.5657
internal_count=492 444 319 125
is_linear=0
shrinkage=0.03


Tree=42
num_leaves=5
num_cat=0
split_feature=4 23 21 17
split_gain=16.7545 11.4656 5.77465 0.377837
threshold=1.0000000180025095e-35 0.0074560000000000008 0.11378600000000001 0.45534900000000006
decision_type=10 8 10 10
left_child=1 3 -3 -1
right_child=-2 2 -4 -5
leaf_value=-0.029189944967587457 0.027334297256434461 -0.0049259058013228652 0.017839215491417093 -7.7483349537744536e-05
leaf_weight=13.042916327714918 13.12406440079212 33.701649747788906 10.600043207406996 2.617250680923461
leaf_count=91 53 323 38 15
internal_value=0 -0.00693915 0.000672814 -0.0267268
internal_weight=73.0859 59.9619 44.3017 15.6602
internal_count=520 467 361 106
is_linear=0
shrinkage=0.03


Tree=43
num_leaves=5
num_cat=0
split_feature=3 23 24 17
split_gain=15.0004 8.22368 4.41488 2.11401
threshold=1.0000000180025095e-35 0.0063255000000000013 0.97928850000000012 0.42449350000000002
decision_type=10 8 2 8
left_child=1 3 -3 -1
right_child=-2 2 -4 -5
leaf_value=-0.026404513042189316 0.028616035371907777 -0.0075281477585193652 0.010004312131944658 0
leaf_weight=12.673293024301525 11.491778492927549 21.327962037175894 23.485364273190498 2.7467665374279031
leaf_count=88 48 176 184 15
internal_value=0.000786866 -0.0051539 0.00108387 -0.0221347
internal_weight=71.7252 60.2334 44.8133 15.4201
internal_count=511 463 360 103
is_linear=0
shrinkage=0.03


Tree=44
num_leaves=5
num_cat=0
split_feature=3 18 25 21
split_gain=19.9185 9.15914 4.15227 2.57477
threshold=1.0000000180025095e-35 0.15043700000000002 0.58551750000000002 0.13168750000000004
decision_type=10 8 2 10
left_child=1 3 -3 -1
right_child=-2 2 -4 -5
leaf_value=-0.028362589814299101 0.02873115855001214 -0.020292254304368099 0.0041335312938606894 0
leaf_weight=17.790576450526718 11.671074017882345 4.6612609364092341 31.081944551318884 3.8053547441959372
leaf_count=116 49 68 255 16
internal_value=-0.00219903 -0.0101074 0 -0.0242026
internal_weight=69.0102 57.3391 35.7432 21.5959
internal_count=504 455 323 132
is_linear=0
shrinkage=0.03


Tree=45
num_leaves=5
num_cat=0
split_feature=3 2 2 5
split_gain=16.3218 8.86867 6.63826 1.82381
threshold=1.0000000180025095e-35 0.32575750000000009 1.0000000180025095e-35 4.5000000000000009
decision_type=10 10 10 10
left_child=1 2 -1 -3
right_child=-2 3 -4 -5
leaf_value=-0.0056049761796246106 0.028394724325894807 -0.027159158330090475 0.020858680133809076 0
leaf_weight=33.847516011446714 11.32778663933277 14.300100758671761 8.0710477232933027 1.9306021183729178
leaf_count=324 48 93 28 8
internal_value=-1.64428e-05 -0.00716321 0 -0.0240461
internal_weight=69.4771 58.1493 41.9186 16.2307
internal_count=501 453 352 101
is_linear=0
shrinkage=0.03


Tree=46
num_leaves=7
num_cat=0
split_feature=21 23 9 24 24 5
split_gain=9.24578 5.57123 4.99851 2.34688 2.20004 0.935594
threshold=0.0011505000000000003 0.0063255000000000013 8.1715810000000015 0.98065400000000014 0.98791800000000018 1.5000000000000002
decision_type=8 10 10 2 2 10
left_child=2 3 5 -2 -3 -1
right_child=1 4 -4 -5 -6 -7
leaf_value=-0.024545252808323419 -0.011448677122036186 0.020680358335932274 0.0084041357451713553 0.0046724497469310148 0 0
leaf_weight=14.609572127461439 10.954671334475281 19.317058026790622 2.8465555608272544 14.062249816954134 4.4061790555715552 1.5917573124170292
leaf_count=105 133 75 13 145 20 7
internal_value=0 0.00714276 -0.0160527 -0.00178606 0.0168246 -0.0225538
internal_weight=67.788 48.7402 19.0479 25.0169 23.7232 16.2013
internal_count=498 373 125 278 95 112
is_linear=0
shrinkage=0.03


Tree=47
num_leaves=7
num_cat=0
split_feature=25 3 2 5 3 3
split_gain=15.4776 4.98978 4.48241 2.53604 2.55134 0.359096
threshold=0.68106350000000015 1.0000000180025095e-35 0.25833350000000005 1.5000000000000002 1.0000000180025095e-35 1.0000000180025095e-35
decision_type=2 8 10 10 10 10
left_child=3 2 -2 4 -1 -3
right_child=1 5 -4 -5 -6 -7
leaf_value=-0.022208678159642104 0.0088864780281516838 0.0078098804859221549 -0.017500515243405575 0.0021677476992926544 0.0030783192012714448 0.026294016844918978
leaf_weight=24.734263274818666 12.547453463077547 12.027090743184091 6.1632107496261588 2.1328999549150458 1.0575857162475575 9.5755878537893278
leaf_count=239 48 128 33 8 4 43
internal_value=-0.000652744 0.0105239 0 -0.0172135 -0.0199171 0.0194297
internal_weight=68.2381 40.3133 18.7107 27.9247 25.7918 21.6027
internal_count=503 252 81 251 243 171
is_linear=0
shrinkage=0.03


Tree=48
num_leaves=5
num_cat=0
split_feature=9 5 2 22
split_gain=7.2359 6.6609 4.97093 2.39546
threshold=8.5431960000000018 1.5000000000000002 0.47222200000000009 0.06342550000000001
decision_type=10 8 8 10
left_child=1 3 -3 -1
right_child=-2 2 -4 -5
leaf_value=-0.021716267136627655 0.02078263958079106 0.020606644176429725 -0.0028958047733787023 -0.0010475208574018066
leaf_weight=17.606232769787315 7.9371394515037528 7.7550267130136481 25.390467572957277 11.41459174454212
leaf_count=120 35 28 282 51
internal_value=-0.00131151 -0.00541964 0.00302698 -0.0153834
internal_weight=70.1035 62.1663 33.1455 29.0208
internal_count=516 481 310 171
is_linear=0
shrinkage=0.03


Tree=49
num_leaves=5
num_cat=0
split_feature=4 18 24 25
split_gain=14.2277 12.4641 7.77209 1.06708
threshold=1.0000000180025095e-35 0.12250800000000002 0.97135850000000012 0.80435650000000003
decision_type=10 8 2 2
left_child=1 3 -3 -1
right_child=-2 2 -4 -5
leaf_value=-0.027554038409243531 0.027032338066241262 -0.014480358111009726 0.012164950507811991 -0.0017018027346910501
leaf_weight=14.537441305816175 12.119846165180205 10.647490281611679 29.150106016546488 4.8686660081148139
leaf_count=103 53 104 236 23
internal_value=0.000613405 -0.00535554 0.00381993 -0.0235033
internal_weight=71.3235 59.2037 39.7976 19.4061
internal_count=519 466 340 126
is_linear=0
shrinkage=0.03


Tree=50
num_leaves=5
num_cat=0
split_feature=3 21 25 5
split_gain=16.2809 9.28556 5.69449 1.38572
threshold=1.0000000180025095e-35 0.12386950000000001 0.62994050000000013 1.5000000000000002
decision_type=10 8 2 10
left_child=1 3 -3 -1
right_child=-2 2 -4 -5
leaf_value=-0.02355660163235614 0.027653530419638282 -0.016868142265426996 0.0099357106650512488 -0.00029139430154957236
leaf_weight=20.687646917998794 11.290350198745726 6.2753897123038795 24.390847347676754 5.619758039712905
leaf_count=137 51 94 200 25
internal_value=-0.00069663 -0.0079172 0.00254525 -0.0201489
internal_weight=68.264 56.9736 30.6662 26.3074
internal_count=507 456 294 162
is_linear=0
shrinkage=0.03


Tree=51
num_leaves=5
num_cat=0
split_feature=3 18 4 24
split_gain=15.0225 8.0271 4.09152 3.82848
threshold=1.0000000180025095e-35 0.12806200000000004 1.0000000180025095e-35 0.96563950000000009
decision_type=10 8 10 2
left_child=1 2 -1 -3
right_child=-2 3 -4 -5
leaf_value=-0.026148753728910307 0.026992427282584223 -0.017447762450186158 0.0051302875009848065 0.0051690821138569943
leaf_weight=18.444041967391971 10.384272605180739 5.3669615834951392 1.6809798032045353 30.628083009272814
leaf_count=125 47 59 6 259
internal_value=-0.00126042 -0.0081001 -0.0219122 0
internal_weight=66.5043 56.1201 20.125 35.995
internal_count=496 449 131 318
is_linear=0
shrinkage=0.03


Tree=52
num_leaves=5
num_cat=0
split_feature=3 25 24 15
split_gain=14.7473 6.66014 6.92128 0.852269
threshold=1.0000000180025095e-35 0.59491450000000012 0.97334950000000009 0.22672900000000004
decision_type=10 2 2 10
left_child=1 3 -3 -1
right_child=-2 2 -4 -5
leaf_value=-0.026606526201559101 0.027144137284356138 -0.016901076465546564 0.0068721549767236318 0
leaf_weight=10.888133272528645 10.832053720951079 13.496317233890293 29.432375513017178 0.89045934379100877
leaf_count=129 50 103 209 5
internal_value=-0.000240324 -0.00731157 -0.000564466 -0.0247659
internal_weight=65.5393 54.7073 42.9287 11.7786
internal_count=496 446 312 134
is_linear=0
shrinkage=0.03


Tree=53
num_leaves=5
num_cat=0
split_feature=3 25 21 18
split_gain=11.1633 6.35602 6.37093 2.34109
threshold=1.0000000180025095e-35 0.64958600000000011 0.10762700000000001 0.32726500000000008
decision_type=10 2 8 10
left_child=1 3 -3 -1
right_child=-2 2 -4 -5
leaf_value=-0.023900231857868534 0.025360747723067154 -0.013046162829547365 0.0097251432485137134 0
leaf_weight=14.73505933955312 9.0675299018621427 15.389104865491388 24.532334223389626 2.0860406085848799
leaf_count=171 43 78 197 10
internal_value=-0.000507269 -0.00620909 0 -0.0201197
internal_weight=65.8101 56.7425 39.9214 16.8211
internal_count=499 456 275 181
is_linear=0
shrinkage=0.03


Tree=54
num_leaves=5
num_cat=0
split_feature=3 22 19 25
split_gain=11.351 11.045 3.63478 0.932313
threshold=1.0000000180025095e-35 0.043352000000000009 0.11450050000000002 0.85472900000000007
decision_type=10 8 10 2
left_child=1 3 -3 -1
right_child=-2 2 -4 -5
leaf_value=-0.024994802085609693 0.025961894954116448 -0.0016478523621584109 0.016317210882191235 0
leaf_weight=15.894391603767874 9.8989043384790403 28.130412016063929 10.837398238480089 1.740871101617812
leaf_count=116 48 280 41 9
internal_value=5.31705e-05 -0.00505317 0.00344286 -0.0230515
internal_weight=66.502 56.6031 38.9678 17.6353
internal_count=494 446 321 125
is_linear=0
shrinkage=0.03


Tree=55
num_leaves=5
num_cat=0
split_feature=3 25 24 24
split_gain=12.1114 7.35564 5.70588 1.25742
threshold=1.0000000180025095e-35 0.62994050000000013 0.97482450000000009 0.99280350000000006
decision_type=10 2 2 2
left_child=1 3 -3 -1
right_child=-2 2 -4 -5
leaf_value=-0.023085483787131676 0.02627146825739219 -0.012047159873775278 0.0088839126987816878 0
leaf_weight=14.746286641806361 10.28550863265991 15.202062625437973 28.908886939287186 0.86825703084468919
leaf_count=163 50 108 198 7
internal_value=0 -0.00525287 0.000725789 -0.0211491
internal_weight=70.011 59.7255 44.1109 15.6145
internal_count=526 476 306 170
is_linear=0
shrinkage=0.03


Tree=56
num_leaves=6
num_cat=0
split_feature=25 2 2 9 22
split_gain=10.4002 2.62171 2.79412 2.12898 0.709225
threshold=0.59491450000000012 0.32575750000000009 1.0000000180025095e-35 8.1715810000000015 0.13270100000000004
decision_type=2 10 10 10 10
left_child=4 2 -2 -3 -1
right_child=1 3 -4 -5 -6
leaf_value=-0.024892266416413216 0.0033142277883440974 -0.0097501607327867262 0.022256753360482991 0.0095388124284396369 0
leaf_weight=9.8735522553324664 30.028293430805206 12.081184484064577 9.903883367776869 3.8520577847957602 0.91505861282348711
leaf_count=125 251 67 37 19 5
internal_value=0 0.00586046 0.00993804 -0.00272977 -0.0230697
internal_weight=66.654 55.8654 39.9322 15.9332 10.7886
internal_count=504 374 288 86 130
is_linear=0
shrinkage=0.03


Tree=57
num_leaves=5
num_cat=0
split_feature=3 5 2 15
split_gain=13.2603 9.1599 2.88875 2.75758
threshold=1.0000000180025095e-35 1.5000000000000002 0.41428550000000003 0.25245100000000004
decision_type=10 8 8 10
left_child=1 3 -3 -1
right_child=-2 2 -4 -5
leaf_value=-0.024678590282507386 0.026204127641277407 0.018873693104767116 -0.00062358441585314874 0
leaf_weight=18.574722640216354 10.345275893807409 5.2830916196107891 24.644173812121153 5.4482842832803717
leaf_count=129 51 18 277 26
internal_value=-0.000265527 -0.006981 0.00331318 -0.0198595
internal_weight=64.2955 53.9503 29.9273 24.023
internal_count=501 450 295 155
is_linear=0
shrinkage=0.03


Tree=58
num_leaves=7
num_cat=0
split_feature=25 3 2 4 3 25
split_gain=12.6903 3.88352 5.08787 2.49897 0.325844 0.298166
threshold=0.64958600000000011 1.0000000180025095e-35 0.32575750000000009 1.0000000180025095e-35 1.0000000180025095e-35 0.64227900000000016
decision_type=2 8 10 10 10 2
left_child=3 2 -2 5 -3 -1
right_child=1 4 -4 -5 -6 -7
leaf_value=-0.022966767947377405 0.010450680098682682 0.0079161597428817811 -0.014266456414274641 0.0029032022778927862 0.0246029667723996 0
leaf_weight=14.88707702606917 15.933575659990312 15.094215176999571 9.3382053673267347 1.2602161616086949 8.9220544397830945 1.3314311206340779
leaf_count=171 62 164 52 5 46 11
internal_value=0.00116166 0.00934058 0 -0.0184267 0.0172694 -0.0218396
internal_weight=66.7668 49.2881 25.2718 17.4787 24.0163 16.2185
internal_count=511 324 114 187 210 182
is_linear=0
shrinkage=0.03


Tree=59
num_leaves=5
num_cat=0
split_feature=4 24 17 15
split_gain=10.6507 7.25838 6.27164 4.49605
threshold=1.0000000180025095e-35 0.98241700000000021 0.11496450000000001 0.21584700000000004
decision_type=10 2 8 8
left_child=1 3 -3 -1
right_child=-2 2 -4 -5
leaf_value=-0.026379228984090026 0.024743853393748225 -0.012952877575509912 0.014948879805233038 -0.0017066478163733035
leaf_weight=12.65722741931677 10.488982081413267 7.1243963912129429 18.947367981076241 17.393314331769943
leaf_count=89 52 48 156 168
internal_value=0.000328799 -0.00475085 0.00574263 -0.0144575
internal_weight=66.6113 56.1223 26.0718 30.0505
internal_count=513 461 204 257
is_linear=0
shrinkage=0.03


Tree=60
num_leaves=5
num_cat=0
split_feature=25 4 18 18
split_gain=12.2108 6.51713 6.42296 0.112092
threshold=0.59491450000000012 1.0000000180025095e-35 0.12250800000000002 0.33605050000000009
decision_type=2 10 8 10
left_child=3 2 -2 -1
right_child=1 -3 -4 -5
leaf_value=-0.025756373624992477 -0.014636392594136606 0.024580556376109421 0.0082736475429202316 0
leaf_weight=10.134981710463761 13.421471469104288 10.641450956463812 30.059156563133001 1.190386340022086
leaf_count=131 75 53 245 7
internal_value=0 0.0064508 6.81726e-05 -0.0245199
internal_weight=65.4474 54.1221 43.4806 11.3254
internal_count=511 373 320 138
is_linear=0
shrinkage=0.03


Tree=61
num_leaves=5
num_cat=0
split_feature=3 22 19 24
split_gain=8.76444 6.68581 2.78461 2.52273
threshold=1.0000000180025095e-35 0.043352000000000009 0.17311000000000001 0.9893875000000002
decision_type=10 8 10 2
left_child=1 3 -3 -1
right_child=-2 2 -4 -5
leaf_value=-0.024492809065796393 0.024166577319773144 -0.0018885106508590161 0.014540404505452558 0
leaf_weight=12.23264107853174 8.7353851497173292 28.805953282862902 9.1956038624048215 3.6393115520477286
leaf_count=88 47 284 36 28
internal_value=0.000165544 -0.00426812 0.00212829 -0.0190762
internal_weight=62.6089 53.8735 38.0016 15.872
internal_count=483 436 320 116
is_linear=0
shrinkage=0.03


Tree=62
num_leaves=7
num_cat=0
split_feature=25 24 3 17 16 16
split_gain=9.52801 4.81434 2.77314 2.07635 1.73848 1.54755
threshold=0.7008795000000001 0.97677600000000009 1.0000000180025095e-35 0.18755600000000003 0.25237100000000007 0.38814200000000004
decision_type=2 2 10 10 8 10
left_child=2 4 3 -1 -2 -3
right_child=1 5 -4 -5 -6 -7
leaf_value=-0.020909279613698373 -0.016426900008089745 0.018163344258880876 0.0073923726365079361 0 0.0022236377229581483 0
leaf_weight=18.338175848126419 4.1246044188737843 23.329237971454862 1.746214672923087 8.1427398398518545 4.968803972005845 1.7712935507297505
leaf_count=207 23 158 8 48 40 8
internal_value=-0.000313216 0.00950147 -0.0129339 -0.0159077 -0.00573167 0.0161105
internal_weight=62.4211 34.1939 28.2271 26.4809 9.09341 25.1005
internal_count=492 229 263 255 63 166
is_linear=0
shrinkage=0.03


Tree=63
num_leaves=6
num_cat=0
split_feature=25 21 25 18 23
split_gain=11.7083 5.30874 4.66923 1.38782 0.900941
threshold=0.62994050000000013 0.11378600000000001 0.78033050000000015 0.29495000000000005 0.030240500000000007
decision_type=2 10 2 10 10
left_child=3 2 -2 -1 -3
right_child=1 4 -4 -5 -6
leaf_value=-0.022598133535128722 -0.0077603887408543692 0 0.012421552424250614 0 0.024866433972780766
leaf_weight=13.018247816711662 19.344011727720499 1.9702796041965474 15.650654815137385 2.1627467051148406 11.896224796772001
leaf_count=164 154 10 115 12 47
internal_value=0.000741193 0.00838153 0.000744101 -0.019525 0.0223167
internal_weight=64.0422 48.8612 34.9947 15.181 13.8665
internal_count=502 326 269 176 57
is_linear=0
shrinkage=0.03


Tree=64
num_leaves=6
num_cat=0
split_feature=4 24 18 21 17
split_gain=10.4719 7.91277 6.67349 4.54069 0.539645
threshold=1.0000000180025095e-35 0.98241700000000021 0.10344850000000001 0.29816800000000004 0.20602400000000001
decision_type=10 2 8 10 10
left_child=1 3 -3 -1 -2
right_child=4 2 -4 -5 -6
leaf_value=-0.021416887030071344 0.025332939192409702 -0.014178845797448405 0.014953272874596385 0.0079301545756744526 0
leaf_weight=24.611167501658205 8.7346400916576368 7.275448419153693 17.244743883609772 2.4648188054561606 1.8603769987821568
leaf_count=239 46 53 143 9 10
internal_value=-0.000329741 -0.00661177 0.00461593 -0.0172233 0.0227643
internal_weight=62.1912 51.5962 24.5202 27.076 10.595
internal_count=500 444 196 248 56
is_linear=0
shrinkage=0.03


Tree=65
num_leaves=6
num_cat=0
split_feature=25 4 18 23 15
split_gain=8.91462 4.63729 4.93802 1.52272 0.741224
threshold=0.59491450000000012 1.0000000180025095e-35 0.15043700000000002 0.71855800000000014 0.19394000000000003
decision_type=2 8 10 8 10
left_child=4 2 -2 -3 -1
right_child=1 3 -4 -5 -6
leaf_value=-0.022785353691365331 -0.013588688712548791 0.025699872079057783 0.0093906557684805686 0.0060503539153513647 0
leaf_weight=8.504920002073046 12.658780090510847 8.7105816304683703 14.709763668477533 17.199674639850855 0.85074446350336153
leaf_count=117 71 45 62 190 5
internal_value=0.0018383 0.00722652 -0.000542535 0.0156753 -0.0207228
internal_weight=62.6345 53.2788 27.3685 25.9103 9.35566
internal_count=490 368 133 235 122
is_linear=0
shrinkage=0.03


Tree=66
num_leaves=6
num_cat=0
split_feature=4 18 24 15 17
split_gain=8.1928 8.37946 3.28167 2.66923 0.336336
threshold=1.0000000180025095e-35 0.15043700000000002 0.97191600000000011 0.39706950000000002 0.20602400000000001
decision_type=10 8 2 10 8
left_child=1 3 -3 -1 -2
right_child=4 2 -4 -5 -6
leaf_value=-0.0247095726806069 0.024187678065036293 -0.0089600249591469793 0.0090266080796528869 0 0
leaf_weight=15.397826291620733 7.407572761178014 9.6061206683516485 24.486379537731409 2.6344465985894194 1.9285794645547873
leaf_count=120 39 102 213 12 10
internal_value=0 -0.00536613 0.00283501 -0.0204906 0.0216574
internal_weight=61.4609 52.1248 34.0925 18.0323 9.33615
internal_count=496 447 315 132 49
is_linear=0
shrinkage=0.03


Tree=67
num_leaves=5
num_cat=0
split_feature=4 24 24 15
split_gain=9.08703 4.95902 3.76337 2.7878
threshold=1.0000000180025095e-35 0.98241700000000021 0.98791800000000018 0.17807550000000003
decision_type=10 2 2 8
left_child=1 3 -3 -1
right_child=-2 2 -4 -5
leaf_value=-0.021663023455957556 0.023595901786236394 0.016058046166246714 -0.0044290907413762678 -0.0016950977998023611
leaf_weight=12.673638403415682 9.8209666460752469 11.278458364307882 12.95053196325898 17.698810607194901
leaf_count=91 53 73 117 178
internal_value=0.000393566 -0.0042705 0.0047243 -0.0121245
internal_weight=64.4224 54.6014 24.229 30.3724
internal_count=512 459 190 269
is_linear=0
shrinkage=0.03


Tree=68
num_leaves=5
num_cat=0
split_feature=3 23 23 24
split_gain=7.85423 6.26978 3.26635 1.91676
threshold=1.0000000180025095e-35 0.0063255000000000013 0.13196500000000003 0.99179450000000002
decision_type=10 8 8 2
left_child=1 3 -3 -1
right_child=-2 2 -4 -5
leaf_value=-0.024765297673225842 0.023452203275985444 0.015478953734771355 -0.002529193070175257 0
leaf_weight=10.325222246348856 8.2696590870618802 8.5629661455750448 33.99522215500474 1.4946890324354161
leaf_count=93 47 33 323 10
internal_value=0.000161439 -0.0038987 0.00121635 -0.0208581
internal_weight=62.6478 54.3781 42.5582 11.8199
internal_count=506 459 356 103
is_linear=0
shrinkage=0.03


Tree=69
num_leaves=7
num_cat=0
split_feature=25 24 21 23 23 20
split_gain=7.84291 4.49731 2.90201 2.89635 2.68598 1.39995
threshold=0.7008795000000001 0.97677600000000009 0.29816800000000004 0.0074560000000000008 0.27944000000000008 0.25114700000000006
decision_type=2 2 10 10 10 10
left_child=3 2 -2 -1 -5 -3
right_child=1 5 -4 4 -6 -7
leaf_value=-0.018005369936001939 -0.014455241107871185 0.018579023751409674 0.010718702319745992 0.011703790537155534 -0.011953720376530969 0
leaf_weight=16.322923965752128 7.4353712722659093 21.511190272867683 2.9100872725248337 6.3017567321658117 5.00076674669981 3.3676242232322684
leaf_count=212 60 147 11 25 30 16
internal_value=0 0.00943261 -0.00430838 -0.0109285 0 0.0160714
internal_weight=62.8497 35.2243 10.3455 27.6254 11.3025 24.8788
internal_count=501 234 71 267 55 163
is_linear=0
shrinkage=0.03


Tree=70
num_leaves=5
num_cat=0
split_feature=25 4 18 21
split_gain=8.98166 5.28124 6.20803 0.629844
threshold=0.59491450000000012 1.0000000180025095e-35 0.12250800000000002 0.062116500000000012
decision_type=2 10 8 10
left_child=3 2 -2 -1
right_child=1 -3 -4 -5
leaf_value=-0.024314310022486352 -0.015406883312169753 0.022238218130444933 0.0074080111411232935 0
leaf_weight=9.1700189784169162 12.765234194695948 9.5545984357595426 30.619590111076832 0.80442766845226366
leaf_count=132 75 55 251 4
internal_value=0 0.00510111 0 -0.0226018
internal_weight=62.9139 52.9394 43.3848 9.97445
internal_count=517 381 326 136
is_linear=0
shrinkage=0.03


Tree=71
num_leaves=6
num_cat=0
split_feature=25 24 17 18 2
split_gain=6.13041 6.12676 1.79934 1.3811 0.809734
threshold=0.59491450000000012 0.97191600000000011 0.11496450000000001 0.32726500000000008 0.21363650000000003
decision_type=2 2 8 10 8
left_child=3 4 -3 -1 -2
right_child=1 2 -4 -5 -6
leaf_value=-0.022067580518431613 0 0 0.014313565440919353 0 -0.016233022138095479
leaf_weight=8.5524611584842187 4.9464644938707325 11.755678616464136 27.961049012839794 1.47358789294958 7.0700503066182145
leaf_count=126 23 68 212 8 73
internal_value=0 0.00455291 0.0105159 -0.018343 -0.0113216
internal_weight=61.7593 51.7332 39.7167 10.026 12.0165
internal_count=510 376 280 134 96
is_linear=0
shrinkage=0.03


Tree=72
num_leaves=5
num_cat=0
split_feature=3 22 18 16
split_gain=7.69213 6.76549 4.45287 3.27042
threshold=1.0000000180025095e-35 0.043352000000000009 0.29495000000000005 0.18818950000000004
decision_type=10 8 10 8
left_child=1 3 -3 -1
right_child=-2 2 -4 -5
leaf_value=-0.027432808137013983 0.023438738951440129 -0.0014208147659012106 0.021320520264174213 0
leaf_weight=9.349938847124573 8.5135375857353193 31.252865385264158 6.4899156540632239 6.1751473024487504
leaf_count=87 51 310 24 38
internal_value=0.000779989 -0.00336487 0.00303521 -0.0185153
internal_weight=61.7814 53.2679 37.7428 15.5251
internal_count=510 459 334 125
is_linear=0
shrinkage=0.03


Tree=73
num_leaves=5
num_cat=0
split_feature=4 21 24 15
split_gain=10.2518 6.80775 3.29462 2.84131
threshold=1.0000000180025095e-35 0.040835500000000004 0.98661750000000015 0.11148450000000001
decision_type=10 8 2 10
left_child=1 2 -1 -3
right_child=-2 3 -4 -5
leaf_value=-0.025790427074300949 0.024575104960179502 -0.0021931734859660162 0 0.014620005418356591
leaf_weight=12.241145975887777 10.211231783032416 24.695927105844021 5.1398992016911498 9.3632446527481061
leaf_count=96 60 280 36 37
internal_value=0.000500208 -0.00481865 -0.0187594 0.00242878
internal_weight=61.6514 51.4402 17.381 34.0592
internal_count=509 449 132 317
is_linear=0
shrinkage=0.03


Tree=74
num_leaves=5
num_cat=0
split_feature=3 21 5 23
split_gain=8.44645 8.19242 3.92604 3.501
threshold=1.0000000180025095e-35 0.11378600000000001 1.5000000000000002 0.016871000000000004
decision_type=10 8 10 10
left_child=1 2 -1 -3
right_child=-2 3 -4 -5
leaf_value=-0.023472371135137209 0.023872643606291221 -0.00059970278036145072 0 0.017898749867229478
leaf_weight=16.072597898542885 9.175520330667494 20.406826313585047 6.850383833050727 10.289023563265799
leaf_count=133 57 252 30 39
internal_value=0.000900857 -0.00355695 -0.0164028 0.00575204
internal_weight=62.7944 53.6188 22.923 30.6958
internal_count=511 454 163 291
is_linear=0
shrinkage=0.03


Tree=75
num_leaves=6
num_cat=0
split_feature=25 2 2 22 8
split_gain=7.5137 3.5784 3.23203 2.26604 1.18593
threshold=0.62994050000000013 0.32575750000000009 1.0000000180025095e-35 0.045065500000000001 8.5413945000000009
decision_type=2 10 10 10 10
left_child=3 2 -2 -1 -3
right_child=1 4 -4 -5 -6
leaf_value=-0.021850489420908722 0.0033751935631786841 -0.010130765193979841 0.02402407901942305 0.00061470481674018404 0.0054050574397089294
leaf_weight=10.791805226355789 26.145933985710144 10.08650933206081 10.21467252075672 2.0341775044798842 1.6093177795410163
leaf_count=158 227 62 41 11 11
internal_value=0.000624861 0.00662367 0.0113272 -0.0169508 -0.00528468
internal_weight=60.8824 48.0564 36.3606 12.826 11.6958
internal_count=510 341 268 169 73
is_linear=0
shrinkage=0.03


Tree=76
num_leaves=7
num_cat=0
split_feature=21 0 24 2 24 17
split_gain=5.27832 3.78483 2.68431 1.54773 1.09721 0.721968
threshold=1.0000000180025095e-35 1.0000000180025095e-35 0.98286250000000008 0.47222200000000009 0.95910000000000017 0.015264000000000002
decision_type=8 10 2 8 2 10
left_child=2 4 -1 -3 -2 -4
right_child=1 3 5 -5 -6 -7
leaf_value=-0.021685755570783768 -0.011947924191151005 0.022696524114103563 -0.0059932796156156182 0 0.0025510340448110973 0.0084772935787445491
leaf_weight=7.8079861700534803 2.4713432714343098 10.608726412057873 1.9903396144509313 3.7183123975992212 28.722175125032663 3.5473344698548317
leaf_count=71 27 44 23 19 278 20
internal_value=0.00143454 0.00675041 -0.0127731 0.0180054 0 0
internal_weight=58.8662 45.5206 13.3457 14.327 31.1935 5.53767
internal_count=482 368 114 63 305 43
is_linear=0
shrinkage=0.03


Tree=77
num_leaves=7
num_cat=0
split_feature=25 2 24 3 4 24
split_gain=7.19653 3.1388 2.90348 1.92062 1.63907 0.988382
threshold=0.7008795000000001 0.17708350000000003 0.98940150000000016 1.0000000180025095e-35 1.0000000180025095e-35 0.98484550000000015
decision_type=2 10 2 8 10 2
left_child=4 2 -2 -3 5 -1
right_child=1 3 -4 -5 -6 -7
leaf_value=-0.015867084001537551 0.020519920488451367 -0.0098618010269007853 -0.0006045693159709367 0.011160879587179586 0.0036463151508409407 0
leaf_weight=16.319963905960329 19.426003836095337 7.6053031533956501 4.1198376901447764 2.6733308434486398 2.554608315229415 6.5818183012306681
leaf_count=180 144 40 37 17 12 72
internal_value=0.00134884 0.0104443 0.016043 -0.000848583 -0.00950931 -0.0123873
internal_weight=59.2809 33.8245 23.5458 10.2786 25.4564 22.9018
internal_count=502 238 181 57 264 252
is_linear=0
shrinkage=0.03


Tree=78
num_leaves=5
num_cat=0
split_feature=3 21 2 10
split_gain=7.07987 5.82855 3.94646 3.18969
threshold=1.0000000180025095e-35 0.12386950000000001 1.0000000180025095e-35 1.0000000180025095e-35
decision_type=10 8 10 10
left_child=1 3 -3 -1
right_child=-2 2 -4 -5
leaf_value=-0.019217084617868901 0.021699375476763004 -0.0016844618820698724 0.022113460492544947 0.0072549369851900919
leaf_weight=21.838616922497753 7.3170047476887694 25.377370238304142 4.6050970256328574 1.4807476401329029
leaf_count=164 47 283 17 5
internal_value=-0.000637724 -0.00522974 0.00274007 -0.015761
internal_weight=60.6188 53.3018 29.9825 23.3194
internal_count=516 469 300 169
is_linear=0
shrinkage=0.03


Tree=79
num_leaves=7
num_cat=0
split_feature=24 21 19 24 16 5
split_gain=6.09306 3.29759 3.27004 1.83921 0.684187 0.536493
threshold=0.97482450000000009 0.12386950000000001 0.0041160000000000007 0.99270800000000003 0.22004700000000002 1.5000000000000002
decision_type=2 10 8 2 8 10
left_child=1 5 -2 -4 -3 -1
right_child=2 4 3 -5 -6 -7
leaf_value=-0.019463761245451724 -0.01220404102282909 -0.0016048193893980476 0.013171723769192841 -0.0024188778840295417 0.010386199229462155 0
leaf_weight=14.294107515364887 2.8458643481135359 2.6157323420047751 31.543882336467505 3.6570929028093806 3.2999885454773903 1.1941071599721897
leaf_count=165 35 14 241 32 13 6
internal_value=0 -0.0114139 0.00749282 0.0107039 0.00296338 -0.0181178
internal_weight=59.4508 21.4039 38.0468 35.201 5.91572 15.4882
internal_count=506 198 308 273 27 171
is_linear=0
shrinkage=0.03


Tree=80
num_leaves=5
num_cat=0
split_feature=3 24 21 20
split_gain=6.24153 4.59293 2.52111 1.71067
threshold=1.0000000180025095e-35 0.97482450000000009 0.30858750000000007 0.0079245000000000027
decision_type=10 2 10 8
left_child=1 2 -1 -3
right_child=-2 3 -4 -5
leaf_value=-0.019624046811420964 0.021137272024851758 -0.01234133856581702 0.003325222494754134 0.0047191316653134446
leaf_weight=16.095125671476129 7.1319047063589087 2.8007850199937812 1.8969718813896168 30.299513306468725
leaf_count=173 49 35 7 244
internal_value=0 -0.00449018 -0.0156459 0.00153892
internal_weight=58.2243 51.0924 17.9921 33.1003
internal_count=508 459 180 279
is_linear=0
shrinkage=0.03


Tree=81
num_leaves=5
num_cat=0
split_feature=3 18 22 16
split_gain=5.73879 5.29027 2.80945 2.25897
threshold=1.0000000180025095e-35 0.12250800000000002 0.045065500000000001 0.18818950000000004
decision_type=10 8 10 10
left_child=1 3 -3 -1
right_child=-2 2 -4 -5
leaf_value=-0.023040935611877207 0.020761325850102787 -0.002952804179939338 0.01321250812683933 0
leaf_weight=11.349324539303781 6.7814410850405684 24.995310500264168 10.80347730964422 4.9581366032361975
leaf_count=98 46 291 43 29
internal_value=0 -0.00414939 0.00179681 -0.0170075
internal_weight=58.8877 52.1062 35.7988 16.3075
internal_count=507 461 334 127
is_linear=0
shrinkage=0.03


Tree=82
num_leaves=7
num_cat=0
split_feature=21 24 25 25 2 22
split_gain=4.9808 3.95217 2.43255 1.20691 1.07047 0.277991
threshold=0.11378600000000001 0.98241700000000021 0.61638450000000011 0.85679500000000008 1.0000000180025095e-35 0.26095600000000008
decision_type=10 2 2 2 10 10
left_child=1 3 -3 -1 5 -2
right_child=4 2 -4 -5 -6 -7
leaf_value=-0.016301331220853435 0.0056665518544028563 -0.01207081473251289 0.0077083468934081439 0 0.020547993398340555 -0.0027108967893952436
leaf_weight=19.8343123421073 3.5315403789281827 3.9521707482636002 18.634300295263529 2.1913640052080146 6.2952063009142876 2.5062628388404846
leaf_count=222 19 57 147 17 29 12
internal_value=-0.000453009 -0.00567582 0.0020654 -0.0141089 0.013897 0
internal_weight=56.9452 44.6121 22.5865 22.0257 12.333 6.0378
internal_count=503 443 204 239 60 31
is_linear=0
shrinkage=0.03


Tree=83
num_leaves=5
num_cat=0
split_feature=3 18 4 23
split_gain=6.77661 6.30536 3.1688 2.73599
threshold=1.0000000180025095e-35 0.15043700000000002 1.0000000180025095e-35 0.57592050000000017
decision_type=10 8 10 10
left_child=1 2 -1 -3
right_child=-2 3 -4 -5
leaf_value=-0.02249416737383959 0.021658070507548099 0.0058105813952504708 0.0047930301375898867 -0.016095864393011954
leaf_weight=15.644302606582643 7.462768353521823 31.929844334721565 1.5582341849803913 2.6449036821722975
leaf_count=128 51 310 6 18
internal_value=0 -0.0046632 -0.0181928 0.00218506
internal_weight=59.2401 51.7773 17.2025 34.5747
internal_count=513 462 134 328
is_linear=0
shrinkage=0.03


Tree=84
num_leaves=5
num_cat=0
split_feature=3 17 18 20
split_gain=5.33304 4.00215 2.39646 1.44499
threshold=1.0000000180025095e-35 0.12411850000000001 0.33605050000000009 0.04075850000000001
decision_type=10 8 8 8
left_child=1 2 -1 -3
right_child=-2 3 -4 -5
leaf_value=-0.020178409984738535 0.021239127827618727 0.013380450974096798 0.0036567477180252141 0
leaf_weight=11.277543682605025 7.135263890027999 5.2059741392731658 1.4561918675899512 35.302502412348986
leaf_count=90 49 23 6 351
internal_value=0.000932972 -0.00224271 -0.0153684 0.001969
internal_weight=60.3775 53.2422 12.7337 40.5085
internal_count=519 470 96 374
is_linear=0
shrinkage=0.03


Tree=85
num_leaves=5
num_cat=0
split_feature=3 17 24 23
split_gain=5.57063 4.25144 4.37365 1.74038
threshold=1.0000000180025095e-35 0.11496450000000001 0.98241700000000021 0.38495150000000006
decision_type=10 8 2 10
left_child=1 3 -3 -1
right_child=-2 2 -4 -5
leaf_value=-0.019956071758897773 0.021579942727584428 -0.0050538965583747947 0.013685940025228882 0
leaf_weight=10.482240743935106 7.5051799714565268 22.057689312845469 15.982741318643091 2.426653489470481
leaf_count=90 53 216 136 12
internal_value=0.0013651 -0.00209103 0.00251356 -0.015461
internal_weight=58.4545 50.9493 38.0404 12.9089
internal_count=507 454 352 102
is_linear=0
shrinkage=0.03


Tree=86
num_leaves=7
num_cat=0
split_feature=5 4 23 17 16 22
split_gain=5.61975 6.4159 2.36017 1.54922 0.862708 1.17176
threshold=1.5000000000000002 1.0000000180025095e-35 0.79193250000000004 0.16248500000000002 0.14787050000000004 0.040699500000000007
decision_type=10 8 8 10 10 10
left_child=1 3 -3 -1 5 -2
right_child=4 2 -4 -5 -6 -7
leaf_value=-0.02569427663181827 -0.0052389341482370483 0.01821629556634731 0 -0.0037502279558559921 0.022743504709262393 0.01248838198741802
leaf_weight=8.5964708067476767 3.4016515687108022 4.8833937868475941 19.372096620500088 10.697689253836868 6.0021588057279587 2.6730565801262856
leaf_count=81 22 32 252 68 23 11
internal_value=0 -0.00501729 0.00424793 -0.0170149 0.0160544 0.000805477
internal_weight=55.6265 43.5497 24.2555 19.2942 12.0769 6.07471
internal_count=489 433 284 149 56 33
is_linear=0
shrinkage=0.03


Tree=87
num_leaves=6
num_cat=0
split_feature=25 22 18 16 6
split_gain=5.87766 4.14929 1.47062 1.207 1.09541
threshold=0.78033050000000015 0.040699500000000007 0.29495000000000005 0.45897800000000005 8.6832670000000025
decision_type=2 10 10 10 10
left_child=1 4 -3 -2 -1
right_child=3 2 -4 -5 -6
leaf_value=-0.015110127587290623 0.014553953356153572 -0.00036216000060057665 0.015421426454318795 0 0
leaf_weight=24.351858686655763 18.017441939562563 7.8703804090619069 4.2400464117527008 1.7987049818038929 1.1837688609957684
leaf_count=298 138 40 17 9 8
internal_value=0 -0.00688067 0.00514314 0.0121453 -0.0135756
internal_weight=57.4622 37.6461 12.1104 19.8161 25.5356
internal_count=510 363 57 147 306
is_linear=0
shrinkage=0.03


Tree=88
num_leaves=7
num_cat=0
split_feature=22 24 2 19 8 19
split_gain=3.68761 3.34375 2.78388 0.925915 0.737189 0.495025
threshold=0.040699500000000007 0.98241700000000021 1.0000000180025095e-35 0.042960000000000005 8.5413945000000009 0.035694500000000011
decision_type=10 2 10 10 8 10
left_child=1 -1 5 -4 -3 -2
right_child=2 4 3 -5 -6 -7
leaf_value=-0.01449971340218169 0.0035962935342339071 -0.0027059822391135059 0 0.02129880559222079 0.0068608004620328133 -0.0064567060763918603
leaf_weight=17.311929523944855 2.4304867833852786 7.2103801667690304 2.6206815466284743 8.7255661562085134 10.973329421132801 6.2040891051292419
leaf_count=215 13 54 15 38 127 34
internal_value=0 -0.00587802 0.00930274 0.0176829 0.00180512 -0.000850781
internal_weight=55.4765 35.4956 19.9808 11.3462 18.1837 8.63458
internal_count=496 396 100 53 181 47
is_linear=0
shrinkage=0.03


Tree=89
num_leaves=6
num_cat=0
split_feature=4 17 18 2 18
split_gain=5.66142 3.11087 2.60342 1.94962 0.0777999
threshold=1.0000000180025095e-35 0.11496450000000001 0.19676050000000003 0.47222200000000009 0.23784650000000002
decision_type=10 8 8 8 8
left_child=1 2 -1 -3 -2
right_child=4 3 -4 -5 -6
leaf_value=-0.022707942490008366 0.021990202889546808 0.0089647788278745741 0 -0.0036955846562788052 0
leaf_weight=7.9085089601576302 6.6873429864644978 14.432764925062655 3.6910422667860994 24.097880993038416 1.3546679392457015
leaf_count=74 46 66 18 292 9
internal_value=0.000539021 -0.00306332 -0.0149931 0.000629375 0.0204427
internal_weight=58.1722 50.1302 11.5996 38.5306 8.04201
internal_count=505 450 92 358 55
is_linear=0
shrinkage=0.03


Tree=90
num_leaves=4
num_cat=0
split_feature=4 2 2
split_gain=4.77285 2.31025 4.22378
threshold=1.0000000180025095e-35 0.70833350000000006 1.0000000180025095e-35
decision_type=10 10 10
left_child=1 2 -1
right_child=-2 -3 -4
leaf_value=-0.0075545707900263066 0.018281795980893942 -0.01686395898281674 0.011337917705295087
leaf_weight=26.815254889428616 7.0288145095109931 7.6234105713665477 13.352130837738512
leaf_count=306 47 76 60
internal_value=-9.77239e-05 -0.00431171 -0.000228004
internal_weight=54.8196 47.7908 40.1674
internal_count=489 442 366
is_linear=0
shrinkage=0.03


Tree=91
num_leaves=6
num_cat=0
split_feature=25 4 5 22 18
split_gain=4.60159 3.55558 3.77655 0.811575 0.724228
threshold=0.59491450000000012 1.0000000180025095e-35 1.5000000000000002 0.13270100000000004 0.48382900000000001
decision_type=2 8 10 10 8
left_child=3 2 -2 -1 -3
right_child=1 4 -4 -5 -6
leaf_value=-0.019947788685253778 -0.011390805623156676 0.02019502334553773 0.0093560370162735339 0 0.0041648620331681315
leaf_weight=7.3205209560692293 16.699545159935955 6.9866931959986713 9.1849585324525815 0.68969256430864323 15.464266974478958
leaf_count=127 100 48 40 4 180
internal_value=0 0.00386072 -0.00278318 -0.0175114 0.0121246
internal_weight=56.3457 48.3355 25.8845 8.01021 22.451
internal_count=499 368 140 131 228
is_linear=0
shrinkage=0.03


Tree=92
num_leaves=6
num_cat=0
split_feature=25 20 22 15 15
split_gain=4.96179 4.44838 2.71636 0.932799 0.431557
threshold=0.58551750000000002 0.28201750000000009 0.039685500000000005 0.25245100000000004 0.052162000000000007
decision_type=2 10 8 10 10
left_child=3 2 -2 -1 -3
right_child=1 4 -4 -5 -6
leaf_value=-0.019980499497335123 -0.0018349423249686611 0 0.013593559386948272 0 -0.01460869745063372
leaf_weight=6.6125505194067946 8.9874580316245538 3.2068744935095292 33.287056934088469 0.57356596738100041 4.8849259689450264
leaf_count=117 66 21 285 3 29
internal_value=0.00143187 0.0054614 0.00974663 -0.0171558 -0.0108025
internal_weight=57.5524 50.3663 42.2745 7.18612 8.0918
internal_count=521 401 351 120 50
is_linear=0
shrinkage=0.03


Tree=93
num_leaves=7
num_cat=0
split_feature=24 21 25 23 20 18
split_gain=4.986 4.60578 3.16359 1.90964 1.59246 1.51387
threshold=0.98241700000000021 0.10762700000000001 0.61638450000000011 0.27391400000000005 0.063654000000000016 0.29495000000000005
decision_type=2 10 2 10 10 8
left_child=1 5 -2 -4 -3 -1
right_child=2 4 3 -5 -6 -7
leaf_value=-0.024247627087429301 -0.0081619069208925064 -0.0026432355930826683 0.017342711955636643 0 0.015682070868669962 -0.0042240886295496537
leaf_weight=8.0259809754788929 3.5492813922464874 2.7713425979018194 19.195885073393587 3.2531060203909865 5.344463936984539 14.200652275234459
leaf_count=78 52 15 143 19 24 166
internal_value=0 -0.00763014 0.00937051 0.0139567 0.00770106 -0.0146675
internal_weight=56.3407 30.3424 25.9983 22.449 8.11581 22.2266
internal_count=497 283 214 162 39 244
is_linear=0
shrinkage=0.03


Tree=94
num_leaves=5
num_cat=0
split_feature=4 5 17 2
split_gain=5.66042 6.43503 3.0716 2.07986
threshold=1.0000000180025095e-35 1.5000000000000002 0.21501150000000002 0.47222200000000009
decision_type=10 8 10 8
left_child=1 2 -1 -3
right_child=-2 3 -4 -5
leaf_value=-0.024925057575440005 0.020357913698344006 0.016857154196911306 0 0
leaf_weight=10.485009457916023 7.9003965333104125 6.2656403630971935 9.3400411829352361 22.271870993077755
leaf_count=101 54 26 60 268
internal_value=0.000318846 -0.00336848 -0.015682 0.00491251
internal_weight=56.263 48.3626 19.8251 28.5375
internal_count=509 455 161 294
is_linear=0
shrinkage=0.03


Tree=95
num_leaves=5
num_cat=0
split_feature=4 5 2 18
split_gain=4.61153 4.3828 3.16893 1.66662
threshold=1.0000000180025095e-35 1.5000000000000002 0.41428550000000003 0.32726500000000008
decision_type=10 8 8 10
left_child=1 3 -3 -1
right_child=-2 2 -4 -5
leaf_value=-0.017069404840692429 0.019032297187078655 0.019837870701252862 -0.00064979484552934585 0
leaf_weight=15.50196196883917 7.2555495575070372 5.4750906974077251 21.70873736590147 4.8028989508748046
leaf_count=136 53 21 268 27
internal_value=0.000279413 -0.00295219 0.00404429 -0.0129211
internal_weight=54.7442 47.4887 27.1838 20.3049
internal_count=505 452 289 163
is_linear=0
shrinkage=0.03


Tree=96
num_leaves=5
num_cat=0
split_feature=4 23 9 17
split_gain=4.06782 2.89778 2.53044 2.22647
threshold=1.0000000180025095e-35 0.0074560000000000008 1.0000000180025095e-35 0.35873700000000003
decision_type=10 8 10 8
left_child=1 3 -3 -1
right_child=-2 2 -4 -5
leaf_value=-0.021216508235718114 0.01887187136134522 0.0037859004710273157 -0.018080347297427385 0.0011234589290367008
leaf_weight=8.0802194178104365 6.1637052968144408 36.728754568845034 2.2706651389598838 2.195393033325673
leaf_count=94 44 331 13 17
internal_value=0 -0.00275721 0.000597952 -0.0150085
internal_weight=55.4387 49.275 38.9994 10.2756
internal_count=499 455 344 111
is_linear=0
shrinkage=0.03


Tree=97
num_leaves=7
num_cat=0
split_feature=24 21 24 19 16 19
split_gain=5.36075 4.6847 2.62399 1.33015 0.837185 0.824811
threshold=0.98241700000000021 0.11378600000000001 0.98791800000000018 0.17311000000000001 0.42911300000000008 0.0064025000000000011
decision_type=2 8 2 10 10 10
left_child=1 4 -2 -3 -1 -4
right_child=2 3 5 -5 -6 -7
leaf_value=-0.024036594924011265 0.017579582467408976 -0.0027293420347309634 -0.0062990870538173344 0.012587524333065616 0 0.005798358937252412
leaf_weight=9.5969236195087451 12.764379072934391 13.395005326718094 6.9284920468926412 3.8234264999628058 2.6261632665991774 7.3620592430233955
leaf_count=88 94 155 97 15 22 43
internal_value=0 -0.00844638 0.00913906 0.000551105 -0.0207025 0
internal_weight=56.4964 29.4415 27.0549 17.2184 12.2231 14.2906
internal_count=514 280 234 170 110 140
is_linear=0
shrinkage=0.03


Tree=98
num_leaves=5
num_cat=0
split_feature=25 24 23 21
split_gain=5.56111 2.84641 1.62912 0.473822
threshold=0.59491450000000012 0.95910000000000017 0.0074560000000000008 0.062116500000000012
decision_type=2 2 8 10
left_child=3 -2 -3 -1
right_child=1 2 -4 -5
leaf_value=-0.021741503162570917 -0.014246552847927437 -0.0030261124141135031 0.0095563907429334505 0
leaf_weight=6.8005884587764731 2.9751150012016288 6.3620658665895453 35.634514532983303 0.7899288237094878
leaf_count=125 27 49 279 4
internal_value=0 0.00408055 0.00690888 -0.0199291
internal_weight=52.5622 44.9717 41.9966 7.59052
internal_count=484 355 328 129
is_linear=0
shrinkage=0.03


Tree=99
num_leaves=6
num_cat=0
split_feature=4 2 2 24 19
split_gain=5.04022 4.53079 4.00538 1.84548 0.232283
threshold=1.0000000180025095e-35 0.32575750000000009 1.0000000180025095e-35 0.98850850000000012 0.18328200000000003
decision_type=10 10 10 2 10
left_child=1 2 -1 -3 -2
right_child=4 3 -4 -5 -6
leaf_value=-0.0049390635159943788 0.019896413012752454 -0.024329265423411559 0.016277630596291372 0 0
leaf_weight=27.712668787688017 5.5106028988957396 9.1220639050006849 7.7775337994098654 3.6800307407975188 1.9584184214472768
leaf_count=312 40 79 32 31 14
internal_value=-0.00101366 -0.0052922 0 -0.0186804 0.0173737
internal_weight=55.7613 48.2923 35.4902 12.8021 7.46902
internal_count=508 454 344 110 54
is_linear=0
shrinkage=0.03


Tree=100
num_leaves=5
num_cat=0
split_feature=3 15 25 24
split_gain=4.31687 2.38594 2.5845 2.53821
threshold=1.0000000180025095e-35 0.20060950000000002 0.68106350000000015 0.98266600000000015
decision_type=10 8 2 2
left_child=1 3 -3 -1
right_child=-2 2 -4 -5
leaf_value=-0.020128567603612701 0.018530605529595852 -0.0088380033506193396 0.0082379419575656487 0
leaf_weight=10.07753097638488 5.7495975568890563 9.5790695287287253 17.09108218178153 10.173654962331055
leaf_count=91 48 133 157 63
internal_value=-0.000327961 -0.0042145 0.000820195 -0.0113856
internal_weight=52.6709 46.9213 26.6702 20.2512
internal_count=492 444 290 154
is_linear=0
shrinkage=0.03


Tree=101
num_leaves=4
num_cat=0
split_feature=25 4 18
split_gain=4.77193 3.28619 4.2288
threshold=0.59491450000000012 1.0000000180025095e-35 0.11511800000000001
decision_type=2 10 8
left_child=-1 2 -2
right_child=1 -3 -4
leaf_value=-0.020024067751136014 -0.015440769657410416 0.018498047143595389 0.0044708935000969934
leaf_weight=7.3893381096422663 10.437658209353684 6.2143485248088828 28.659523341804743
leaf_count=132 68 46 251
internal_value=-0.0013201 0.00216317 -0.000853773
internal_weight=52.7009 45.3115 39.0972
internal_count=497 365 319
is_linear=0
shrinkage=0.03


Tree=102
num_leaves=5
num_cat=0
split_feature=4 24 7 18
split_gain=3.86137 3.17051 2.85714 2.28411
threshold=1.0000000180025095e-35 0.98241700000000021 1.0000000180025095e-35 0.32726500000000008
decision_type=10 2 10 10
left_child=1 3 -3 -1
right_child=-2 2 -4 -5
leaf_value=-0.01340905777120594 0.017865166990290719 0.0097251542824575068 -0.014324769248496634 0.0033915737001210073
leaf_weight=21.886632744222883 7.0519840195775023 20.105034533888105 1.9018285423517216 5.3059642761945716
leaf_count=244 54 179 11 28
internal_value=0.000481454 -0.00231906 0.00497793 -0.00912595
internal_weight=56.2514 49.1995 22.0069 27.1926
internal_count=516 462 190 272
is_linear=0
shrinkage=0.03


Tree=103
num_leaves=6
num_cat=0
split_feature=4 2 2 24 17
split_gain=3.41787 3.31403 3.96523 2.21801 0.788402
threshold=1.0000000180025095e-35 0.32575750000000009 1.0000000180025095e-35 0.98850850000000012 0.27206100000000005
decision_type=10 10 10 2 10
left_child=1 2 -1 -3 -2
right_child=4 3 -4 -5 -6
leaf_value=-0.0036319374743921679 0.019534858482924071 -0.022325560781469897 0.018123643117047384 0 0
leaf_weight=27.664927944540977 5.5270479544997206 7.9898142330348474 6.7331398427486411 3.7704103663563728 1.3401556462049482
leaf_count=316 44 70 27 33 9
internal_value=0 -0.00328857 0.000936595 -0.015358 0.0160583
internal_weight=53.0255 46.1583 34.3981 11.7602 6.8672
internal_count=499 446 343 103 53
is_linear=0
shrinkage=0.03


Tree=104
num_leaves=6
num_cat=0
split_feature=5 25 24 21 19
split_gain=4.62306 3.45623 1.96789 1.23318 0.839046
threshold=1.5000000000000002 0.7008795000000001 0.97677600000000009 0.10762700000000001 0.054580500000000011
decision_type=10 2 2 10 10
left_child=1 3 -3 -1 -2
right_child=4 2 -4 -5 -6
leaf_value=-0.015367891305733485 0 -0.0061187162086765532 0.0093429641023722726 0 0.02066245334753428
leaf_weight=16.960030019283298 4.197781600058077 7.5948139280080822 15.323289994150398 3.0620978325605384 6.834025003015995
leaf_count=237 25 62 132 16 30
internal_value=0.000142596 -0.00395485 0.00294648 -0.012512 0.0156652
internal_weight=53.972 42.9402 22.9181 20.0221 11.0318
internal_count=502 447 194 253 55
is_linear=0
shrinkage=0.03


Tree=105
num_leaves=5
num_cat=0
split_feature=4 2 2 16
split_gain=5.0682 3.25863 4.98936 1.0249
threshold=1.0000000180025095e-35 0.32575750000000009 1.0000000180025095e-35 0.13032400000000002
decision_type=10 10 10 8
left_child=1 2 -1 -3
right_child=-2 3 -4 -5
leaf_value=-0.0034683203276618061 0.020797639958872786 -0.020216493275810057 0.019911430449740627 0
leaf_weight=27.984785184264183 7.2638823986053458 6.6041340194642517 7.7721372693777075 5.5994093343615541
leaf_count=315 56 67 32 39
internal_value=0.00131937 -0.0020927 0.00198735 -0.0140539
internal_weight=55.2243 47.9605 35.7569 12.2035
internal_count=509 453 347 106
is_linear=0
shrinkage=0.03


Tree=106
num_leaves=6
num_cat=0
split_feature=22 3 18 20 24
split_gain=3.78485 3.49881 2.16298 1.50119 0.312105
threshold=0.043352000000000009 1.0000000180025095e-35 0.29495000000000005 0.28201750000000009 0.99041050000000019
decision_type=8 10 10 10 2
left_child=1 4 3 -2 -1
right_child=2 -3 -4 -5 -6
leaf_value=-0.019294930793909607 0.0040088169647501306 0.009299275394775243 0.018941629178766926 -0.013117809080686733 0
leaf_weight=10.422855928540228 28.493092097342018 2.3909199237823477 6.185700260102748 2.0642991364002219 2.2246638126671305
leaf_count=100 299 20 27 13 25
internal_value=0.000224181 -0.0106178 0.00588303 0.000888553 -0.0173612
internal_weight=51.7815 15.0384 36.7431 30.5574 12.6475
internal_count=484 145 339 312 125
is_linear=0
shrinkage=0.03


Tree=107
num_leaves=7
num_cat=0
split_feature=21 24 23 17 9 24
split_gain=3.27846 5.81464 2.34701 1.33918 1.21592 0.630298
threshold=0.090908500000000017 0.98316800000000015 1.0000000180025095e-35 0.11496450000000001 1.0000000180025095e-35 0.9742360000000001
decision_type=8 2 10 10 10 2
left_child=1 -1 5 -3 -4 -2
right_child=2 3 4 -5 -6 -7
leaf_value=-0.024274005662638428 -0.0077522016771422566 -0.0033298436205733265 0.018038516381276973 0.012129778274950036 0 0.0012375935797224577
leaf_weight=9.8062961548566836 6.4321249313652578 6.2260547131299955 8.6738006100058538 5.2060466185212135 2.8061159774661055 13.031388290226458
leaf_count=101 92 60 38 25 19 163
internal_value=-0.00122221 -0.00998597 0.00426004 0.00268957 0.0136658 -0.00103632
internal_weight=52.1818 21.2384 30.9434 11.4321 11.4799 19.4635
internal_count=498 186 312 85 57 255
is_linear=0
shrinkage=0.03


Tree=108
num_leaves=5
num_cat=0
split_feature=25 24 24 15
split_gain=2.88916 2.79099 1.12243 0.859509
threshold=0.58551750000000002 0.96563950000000009 0.99215650000000011 0.25245100000000004
decision_type=2 2 2 10
left_child=3 -2 -3 -1
right_child=1 2 -4 -5
leaf_value=-0.018561374640572934 -0.011530623797057259 0.0085174087729585155 -0.0021856279243615681 0
leaf_weight=5.1748145557939997 5.4775562807917586 37.190310634672642 4.7362318038940421 0.55684105306863774
leaf_count=104 54 288 43 3
internal_value=7.30327e-05 0.00332626 0.00657537 -0.0152958
internal_weight=53.1358 47.4041 41.9265 5.73166
internal_count=492 385 331 107
is_linear=0
shrinkage=0.03


Tree=109
num_leaves=6
num_cat=0
split_feature=4 5 15 2 23
split_gain=3.09836 2.45061 1.64991 1.61556 0.738529
threshold=1.0000000180025095e-35 1.5000000000000002 0.25245100000000004 0.41428550000000003 0.61503100000000011
decision_type=10 8 10 8 10
left_child=1 2 -1 -3 -2
right_child=4 3 -4 -5 -6
leaf_value=-0.014452789158595332 0.01973327881396706 0.013790439266986771 0 0 0
leaf_weight=13.628511093556883 5.7101014554500571 6.4175079017877605 5.6565434485673896 21.848185602575541 1.3846171423792837
leaf_count=130 47 27 30 270 9
internal_value=0.00100711 -0.00154029 -0.00944616 0.003283 0.0164361
internal_weight=54.6455 47.5507 19.2851 28.2657 7.09472
internal_count=513 457 160 297 56
is_linear=0
shrinkage=0.03


Tree=110
num_leaves=5
num_cat=0
split_feature=3 22 20 0
split_gain=3.39709 2.70326 1.97883 1.45244
threshold=1.0000000180025095e-35 0.043352000000000009 0.033783500000000008 1.0000000180025095e-35
decision_type=10 8 10 10
left_child=1 2 -1 -3
right_child=-2 3 -4 -5
leaf_value=0 0.017732504756942963 -0.0020385432599645346 -0.019930757334611426 0.0098930251760197783
leaf_weight=4.206542655825614 5.3983905985951415 25.498199120163918 8.573645666241644 9.4833657741546613
leaf_count=47 49 282 75 44
internal_value=0 -0.00286469 -0.0133598 0.000932122
internal_weight=53.1601 47.7618 12.7802 34.9816
internal_count=497 448 122 326
is_linear=0
shrinkage=0.03


Tree=111
num_leaves=6
num_cat=0
split_feature=25 3 7 15 25
split_gain=3.34398 1.92372 1.4 0.769906 0.115157
threshold=0.59491450000000012 1.0000000180025095e-35 1.0000000180025095e-35 0.25245100000000004 0.69149300000000014
decision_type=2 8 10 10 2
left_child=3 2 -2 -1 -3
right_child=1 4 -4 -5 -6
leaf_value=-0.017881751050420277 0.0016070138475519347 0 -0.013623386888939317 0 0.011819247074011614
leaf_weight=6.2727588750421992 19.732775721699003 4.9447734877467182 3.5822288617491713 0.62538788467645634 15.273045405745505
leaf_count=124 109 62 20 4 167
internal_value=0.0001001 0.00398244 -0.00087936 -0.0151509 0.0102703
internal_weight=50.431 43.5328 23.315 6.89815 20.2178
internal_count=486 358 129 128 229
is_linear=0
shrinkage=0.03


Tree=112
num_leaves=7
num_cat=0
split_feature=25 24 17 21 21 25
split_gain=4.34001 1.72711 1.61727 1.5625 0.937386 0.627023
threshold=0.7008795000000001 0.97677600000000009 0.11496450000000001 0.29816800000000004 0.062116500000000012 0.58551750000000002
decision_type=2 2 8 10 8 2
left_child=4 3 -3 -2 -1 -6
right_child=1 2 -4 -5 5 -7
leaf_value=-0.018371057706144497 -0.012259637444929002 0 0.014029652356813966 0.0066786738771024215 -0.010385249193678151 1.4860668690689821e-05
leaf_weight=9.2082022801041621 5.907533101737501 6.8606216385960606 15.200728993862866 2.3203092515468597 2.7847875431179991 9.2126993611454946
leaf_count=114 52 49 129 10 59 92
internal_value=-0.00177938 0.00472242 0.00921244 -0.00388948 -0.0117399 -0.00199333
internal_weight=51.4949 30.2892 22.0614 8.22784 21.2057 11.9975
internal_count=505 240 178 62 265 151
is_linear=0
shrinkage=0.03


Tree=113
num_leaves=5
num_cat=0
split_feature=25 3 2 17
split_gain=3.40737 1.75791 1.8942 0.600373
threshold=0.58551750000000002 1.0000000180025095e-35 0.32575750000000009 0.41435450000000001
decision_type=2 10 10 10
left_child=3 2 -2 -1
right_child=1 -3 -4 -5
leaf_value=-0.016785793676412541 0.0061032463870500141 0.01843289900044779 -0.0066033518539612536 0
leaf_weight=5.191822748631238 32.209277044981718 5.7781315818428984 10.568064387887715 0.7545795589685439
leaf_count=111 279 53 76 7
internal_value=0.00228414 0.00556881 0.00208173 -0.0140571
internal_weight=54.5019 48.5555 42.7773 5.9464
internal_count=526 408 355 118
is_linear=0
shrinkage=0.03


Tree=114
num_leaves=5
num_cat=0
split_feature=3 18 4 7
split_gain=3.53763 2.80123 2.16719 1.21686
threshold=1.0000000180025095e-35 0.12250800000000002 1.0000000180025095e-35 1.0000000180025095e-35
decision_type=10 8 8 8
left_child=1 2 -1 -3
right_child=-2 3 -4 -5
leaf_value=-0.018533456821792259 0.017267976039728079 0.0072442843799902781 0.0034164890572136869 -0.0034222784120717339
leaf_weight=12.046282030642029 5.1734653115272513 13.084461864084007 1.5799265354871757 18.786896120756865
leaf_count=117 49 66 7 250
internal_value=-0.000374756 -0.00394355 -0.0140268 0.000342963
internal_weight=50.671 45.4976 13.6262 31.8714
internal_count=489 440 124 316
is_linear=0
shrinkage=0.03


Tree=115
num_leaves=6
num_cat=0
split_feature=25 17 4 23 15
split_gain=3.69468 2.25873 2.4214 1.96242 0.876272
threshold=0.59491450000000012 0.14470000000000002 1.0000000180025095e-35 0.51918300000000006 0.25245100000000004
decision_type=2 8 10 10 10
left_child=4 2 -2 -3 -1
right_child=1 3 -4 -5 -6
leaf_value=-0.018405885888035343 -0.011350600358838871 0.011617180518693152 0.010653451011616188 -0.0049593773263166517 0
leaf_weight=6.7238551750779143 11.061611544340847 27.968662220984701 2.7173066213726988 3.4735323190689078 0.55067724734544743
leaf_count=137 70 251 25 20 3
internal_value=0.000153474 0.0041261 -0.00409435 0.00864242 -0.0156161
internal_weight=52.4956 45.2211 13.7789 31.4422 7.27453
internal_count=506 366 95 271 140
is_linear=0
shrinkage=0.03


Tree=116
num_leaves=6
num_cat=0
split_feature=5 22 0 6 24
split_gain=2.30111 2.24875 1.39508 1.07259 0.999542
threshold=1.5000000000000002 0.06342550000000001 1.0000000180025095e-35 8.6832670000000025 0.98241700000000021
decision_type=10 8 10 10 2
left_child=1 3 -3 -1 -2
right_child=4 2 -4 -5 -6
leaf_value=-0.016638839087958209 0 -0.0017780605371149269 0.012811262696483892 0 0.015455125486029104
leaf_weight=9.4653534702956641 3.5711745247244817 24.693028993904594 4.1454849690198889 0.9700956195592888 7.4830635040998459
leaf_count=113 18 291 21 10 42
internal_value=0 -0.00332226 0.000386413 -0.0136019 0.0106845
internal_weight=50.3282 39.274 28.8385 10.4354 11.0542
internal_count=495 435 312 123 60
is_linear=0
shrinkage=0.03


Tree=117
num_leaves=7
num_cat=0
split_feature=17 23 14 23 20 17
split_gain=2.3326 3.11042 2.03645 2.37326 1.41968 0.779301
threshold=0.14470000000000002 0.26113950000000008 1.0000000180025095e-35 0.35664400000000002 0.44136650000000005 0.27206100000000005
decision_type=8 8 8 10 8 10
left_child=2 4 3 -1 -2 -3
right_child=1 5 -4 -5 -6 -7
leaf_value=-0.020880346040138543 0.019044009755418031 0 0.0050741841740786445 0.00085285326520118489 0 -0.011031638265016117
leaf_weight=9.3533410318195767 9.5461835674941504 21.504599142819647 2.3511806018650541 2.9138226136565217 2.141720775514842 3.3137084767222396
leaf_count=95 57 276 25 19 21 22
internal_value=0 0.0036974 -0.00940755 -0.0145999 0.0149265 -0.0015518
internal_weight=51.1246 36.5062 14.6183 12.2672 11.6879 24.8183
internal_count=515 376 139 114 78 298
is_linear=0
shrinkage=0.03


Tree=118
num_leaves=5
num_cat=0
split_feature=3 22 18 16
split_gain=3.79737 3.24221 1.61288 0.232175
threshold=1.0000000180025095e-35 0.039685500000000005 0.29495000000000005 0.18818950000000004
decision_type=10 8 10 10
left_child=1 3 -3 -1
right_child=-2 2 -4 -5
leaf_value=-0.02015029647014124 0.017207439062616282 -0.0027388756443257212 0.012034372401185437 -0.00033918276410045223
leaf_weight=7.3439357765018922 5.1471051499247542 30.139269761741161 5.3064832165837279 4.1904874444007874
leaf_count=96 49 313 23 33
internal_value=-0.00111528 -0.0046353 0 -0.0165725
internal_weight=52.1273 46.9802 35.4458 11.5344
internal_count=514 465 336 129
is_linear=0
shrinkage=0.03


Tree=119
num_leaves=7
num_cat=0
split_feature=21 22 24 3 24 25
split_gain=3.50702 2.41176 1.71877 1.52505 1.14998 0.196501
threshold=1.0000000180025095e-35 0.040699500000000007 0.98286250000000008 1.0000000180025095e-35 0.98814900000000006 0.63531350000000009
decision_type=8 10 2 8 2 2
left_child=2 3 -1 -2 -3 -4
right_child=1 4 5 -5 -6 -7
leaf_value=-0.020430562918456907 -0.01156131891881083 0.016607863965305426 -0.0035864138078089019 0.00319198716510701 0 0.0044145687139997948
leaf_weight=5.6896636858582479 5.4575338624417808 12.556661874055861 1.4027728252112863 20.758725591003895 2.1895197331905356 3.1688387393951416
leaf_count=76 32 67 28 273 12 23
internal_value=0.000411967 0.00496857 -0.0125246 0 0.0135451 0
internal_weight=51.2237 40.9624 10.2613 26.2163 14.7462 4.57161
internal_count=511 384 127 305 79 51
is_linear=0
shrinkage=0.03


Tree=120
num_leaves=7
num_cat=0
split_feature=21 25 18 4 23 23
split_gain=1.81718 2.73542 1.83666 2.43881 1.75891 1.11041
threshold=0.090908500000000017 0.62994050000000013 0.17745700000000003 1.0000000180025095e-35 1.0000000180025095e-35 0.57592050000000017
decision_type=8 2 10 8 8 10
left_child=2 -2 3 -1 -3 -4
right_child=1 4 5 -5 -6 -7
leaf_value=-0.018568918416233947 -0.0097908974812908299 -0.006475758759001941 0.010115843012069236 0.0041058778434066613 0.011853864948603163 -0.0061650942716192847
leaf_weight=10.372000657021999 4.9123322069644955 1.4469476640224481 5.3691625483334056 2.155863583087922 24.288632150739431 2.1085845753550529
leaf_count=109 89 9 30 22 219 17
internal_value=0 0.00467219 -0.00625795 -0.0126955 0.00921083 0.00221099
internal_weight=50.6535 30.6479 20.0056 12.5279 25.7356 7.47775
internal_count=495 317 178 131 228 47
is_linear=0
shrinkage=0.03


Tree=121
num_leaves=5
num_cat=0
split_feature=25 24 2 24
split_gain=2.74939 2.90993 1.12897 0.917476
threshold=0.59491450000000012 0.95910000000000017 0.32575750000000009 0.95385950000000008
decision_type=2 2 10 2
left_child=3 -2 -3 -1
right_child=1 2 -4 -5
leaf_value=0 -0.015305659669364076 0.0090651526120881405 0 -0.017780689713288285
leaf_weight=1.0161367841064919 2.8756881207227698 31.630879543721676 10.83280338719487 5.5817646905779839
leaf_count=14 29 265 80 119
internal_value=7.10061e-05 0.00348565 0.00634408 -0.0140232
internal_weight=51.9373 45.3394 42.4637 6.5979
internal_count=507 374 345 133
is_linear=0
shrinkage=0.03


Tree=122
num_leaves=7
num_cat=0
split_feature=24 21 25 24 25 22
split_gain=2.87941 3.40533 2.10999 1.85126 0.970454 0.762833
threshold=0.98241700000000021 0.11378600000000001 0.61638450000000011 0.99270800000000003 0.89108700000000007 0.36700350000000009
decision_type=2 10 2 2 2 10
left_child=1 4 -2 -4 -1 -3
right_child=2 5 3 -5 -6 -7
leaf_value=-0.014884820100346583 -0.0067522940257727882 0.012411107752325748 0.014895504578440627 -0.0017212874849082292 0 0
leaf_weight=17.422134082764394 3.3299635946750668 4.830301232635974 18.375813096761707 3.460019137710332 1.5839338488876809 2.5096535086631775
leaf_count=224 59 24 146 31 12 11
internal_value=0 -0.00613927 0.00726208 0.0111647 -0.012881 0.00708881
internal_weight=51.5118 26.346 25.1658 21.8358 19.0061 7.33995
internal_count=507 271 236 177 236 35
is_linear=0
shrinkage=0.03


Tree=123
num_leaves=6
num_cat=0
split_feature=25 5 4 19 24
split_gain=2.48514 1.94424 1.60173 2.31746 0.569171
threshold=0.68106350000000015 1.5000000000000002 1.0000000180025095e-35 0.11882000000000002 0.9379630000000001
decision_type=2 10 8 10 2
left_child=1 4 3 -2 -1
right_child=2 -3 -4 -5 -6
leaf_value=0 -0.010782037846462388 0.0078881508690409122 0.012362336199339297 0.0085805394356359525 -0.012613817923233683
leaf_weight=1.0499403774738336 7.3413198776543203 2.27302062511444 15.652577236294745 9.0000189840793592 14.72167871147394
leaf_count=11 44 9 172 42 218
internal_value=0.00104698 -0.00648742 0.00634555 0 -0.0110869
internal_weight=50.0386 18.0446 31.9939 16.3413 15.7716
internal_count=496 238 258 86 229
is_linear=0
shrinkage=0.03


Tree=124
num_leaves=6
num_cat=0
split_feature=4 18 21 23 23
split_gain=2.05078 3.56699 1.69689 1.37799 0.717144
threshold=1.0000000180025095e-35 0.12250800000000002 0.09775600000000001 0.48434650000000007 0.61503100000000011
decision_type=10 8 8 8 10
left_child=1 2 -1 -3 -2
right_child=4 3 -4 -5 -6
leaf_value=-0.020666186830581069 0.016493693200071369 0.0091695205428074019 0 -0.0019573924230146247 0
leaf_weight=8.7937485538423026 4.6450201869010916 12.029156189411877 3.5977292731404313 20.069104067981243 1.1082653030753133
leaf_count=105 45 61 18 272 8
internal_value=0 -0.00294315 -0.0151008 0.00178513 0.0128009
internal_weight=50.243 44.4897 12.3915 32.0983 5.75329
internal_count=509 456 123 333 53
is_linear=0
shrinkage=0.03


Tree=125
num_leaves=7
num_cat=0
split_feature=24 17 4 7 15 4
split_gain=2.77168 1.00097 1.94574 1.33698 0.912799 1.10637
threshold=0.97135850000000012 0.11496450000000001 1.0000000180025095e-35 1.0000000180025095e-35 0.51299900000000009 1.0000000180025095e-35
decision_type=2 10 8 8 10 8
left_child=4 2 -2 -3 5 -1
right_child=1 3 -4 -5 -6 -7
leaf_value=-0.019219324604325152 -0.0091362582584311632 0.015238810829775032 0.0065036896585425408 -0.00010020615658543302 3.2366029798424607e-05 0
leaf_weight=5.9682631604373411 7.9538950175046947 10.413496553897854 16.784081812947989 2.3993136957287797 0.93955474346876222 4.6804207861423501
leaf_count=59 76 56 212 18 4 66
internal_value=0.000474757 0.00499267 0 0.0109952 -0.0101248 -0.0130292
internal_weight=49.139 37.5508 24.738 12.8128 11.5882 10.6487
internal_count=491 362 288 74 129 125
is_linear=0
shrinkage=0.03


Tree=126
num_leaves=6
num_cat=0
split_feature=4 19 21 24 19
split_gain=2.9458 2.49817 0.98022 0.852997 0.260557
threshold=1.0000000180025095e-35 0.17311000000000001 0.28401800000000005 0.98241700000000021 0.18328200000000003
decision_type=10 8 10 2 10
left_child=1 3 -3 -1 -2
right_child=4 2 -4 -5 -6
leaf_value=-0.019531869854669807 0.017652274248804539 -0.0002865311418207449 0.013038625798289818 -0.00056370350032998516 0
leaf_weight=6.1429427713155729 4.6421219483017913 27.583498146384958 2.3453814387321463 7.7735168561339378 1.7445867806673048
leaf_count=59 42 322 9 62 14
internal_value=0 -0.00328141 0.000939397 -0.0126889 0.0151231
internal_weight=50.232 43.8453 29.9289 13.9165 6.38671
internal_count=508 452 331 121 56
is_linear=0
shrinkage=0.03


Tree=127
num_leaves=5
num_cat=0
split_feature=3 18 15 21
split_gain=2.43834 2.5225 1.61291 1.05024
threshold=1.0000000180025095e-35 0.32197850000000006 0.0088740000000000017 0.11378600000000001
decision_type=10 8 10 10
left_child=1 2 -1 -3
right_child=-2 3 -4 -5
leaf_value=0 0.015775520492041846 0 -0.015380008357390337 0.013442661569637597
leaf_weight=5.0732504501938847 4.5076737180352202 21.986220814287666 13.306390181183813 3.2864201515913001
leaf_count=76 45 273 82 15
internal_value=0 -0.00264383 -0.0106074 0.00259762
internal_weight=48.16 43.6523 18.3796 25.2726
internal_count=491 446 158 288
is_linear=0
shrinkage=0.03


Tree=128
num_leaves=7
num_cat=0
split_feature=24 21 22 24 24 20
split_gain=2.17058 2.70127 1.13576 1.0707 0.81323 0.725664
threshold=0.98241700000000021 0.11378600000000001 0.43257100000000004 0.99270800000000003 0.99432200000000015 0.0079245000000000027
decision_type=2 8 8 2 2 8
left_child=1 -1 -3 5 -5 -2
right_child=3 2 -4 4 -6 -7
leaf_value=-0.013834024708037686 0 0.011634651227005176 -0.00073464606291716804 -0.011251965047941393 0.0049731492381179278 0.012991485317401045
leaf_weight=9.5835434347391146 1.4040382280945838 6.1739710569381741 10.499937795102595 1.7928102836012834 2.0583990253508091 18.789032846689224
leaf_count=103 22 32 147 20 20 163
internal_value=0.00241672 -0.00264079 0.00339629 0.00872932 0 0.0114194
internal_weight=50.3017 26.2575 16.6739 24.0443 3.85121 20.1931
internal_count=507 282 179 225 40 185
is_linear=0
shrinkage=0.03


Tree=129
num_leaves=7
num_cat=0
split_feature=24 22 24 15 2 3
split_gain=3.15262 1.65166 1.47131 1.1761 1.07508 0.992268
threshold=0.98241700000000021 0.070410000000000014 0.98791800000000018 0.054625500000000007 0.32575750000000009 1.0000000180025095e-35
decision_type=2 10 2 10 10 8
left_child=1 5 -2 -4 -3 -1
right_child=2 4 3 -5 -6 -7
leaf_value=-0.021057434334028607 0.012776206548675279 0.0064195824813538692 0.0040624411840297671 -0.011908580308153834 -0.010362368391862564 -0.0022019315453692566
leaf_weight=6.7047366928309264 10.705263499170544 7.94367568194866 9.63418425247073 2.993645876646041 1.8107730560004709 10.298936568200586
leaf_count=82 91 43 105 22 14 149
internal_value=-0.00109597 -0.00817381 0.00588807 0 0 -0.0131796
internal_weight=50.0912 26.7581 23.3331 12.6278 9.75445 17.0037
internal_count=506 288 218 127 57 231
is_linear=0
shrinkage=0.03


Tree=130
num_leaves=6
num_cat=0
split_feature=4 18 18 22 15
split_gain=3.50672 4.04088 2.02126 1.22374 0.147601
threshold=1.0000000180025095e-35 0.32197850000000006 0.024923500000000005 0.045065500000000001 0.19394000000000003
decision_type=10 8 10 10 10
left_child=1 2 -1 -3 -2
right_child=4 3 -4 -5 -6
leaf_value=0 0.016545890685105223 -0.00046030360063159417 -0.020440400751406438 0.013042964652488066 0
leaf_weight=4.9805074483156231 4.8572990074753752 19.509654633700851 12.754148393869398 4.0294974818825713 1.3584309965372083
leaf_count=55 44 265 101 18 11
internal_value=-0.00131828 -0.00526133 -0.0151564 0.00193391 0.0147986
internal_weight=47.4895 41.2738 17.7347 23.5392 6.21573
internal_count=494 439 156 283 55
is_linear=0
shrinkage=0.03


Tree=131
num_leaves=6
num_cat=0
split_feature=25 16 4 22 17
split_gain=2.21674 1.17472 1.91858 0.81776 0.812846
threshold=0.59491450000000012 0.16651950000000001 1.0000000180025095e-35 0.13270100000000004 0.051118500000000004
decision_type=2 8 10 10 8
left_child=3 2 -2 -1 -3
right_child=1 4 -4 -5 -6
leaf_value=-0.016032148687047641 -0.0086895649837561047 -0.001572904587274427 0.010845912348348048 0 0.0086583534996208886
leaf_weight=5.5732358861714593 11.630806114524601 2.1256447993218925 2.8422338068485251 0.47572272270917881 26.8925776258111
leaf_count=125 75 14 31 3 245
internal_value=0.000223594 0.00337671 -0.00193275 -0.0127351 0.00689477
internal_weight=49.5402 43.4913 14.473 6.04896 29.0182
internal_count=493 365 106 128 259
is_linear=0
shrinkage=0.03


Tree=132
num_leaves=7
num_cat=0
split_feature=24 21 24 20 4 7
split_gain=3.41848 3.92034 1.43258 1.49658 0.564837 0.412602
threshold=0.98241700000000021 0.11378600000000001 0.98791800000000018 0.033783500000000008 1.0000000180025095e-35 1.0000000180025095e-35
decision_type=2 10 2 8 10 10
left_child=1 4 5 -4 -1 -2
right_child=2 -3 3 -5 -6 -7
leaf_value=-0.013314707054162232 0.018191630231303737 0.0098841563627096313 0.01273689212824018 -0.0053673156084081955 0 0
leaf_weight=18.288690950721509 9.6144799292087573 6.7986696884036055 3.3340511694550488 8.0858197063207626 0.78192228078842063 1.6528095602989186
leaf_count=242 74 34 36 85 6 16
internal_value=0.00160013 -0.00490555 0.00989276 0 -0.0121642 0.016327
internal_weight=48.5564 25.8693 22.6872 11.4199 19.0706 11.2673
internal_count=493 282 211 121 248 90
is_linear=0
shrinkage=0.03


Tree=133
num_leaves=6
num_cat=0
split_feature=4 2 2 23 15
split_gain=2.30155 1.79328 3.96669 0.707387 0.61816
threshold=1.0000000180025095e-35 1.0000000180025095e-35 0.32575750000000009 0.70664500000000008 0.35979600000000006
decision_type=10 8 8 10 8
left_child=1 4 -3 -2 -1
right_child=3 2 -4 -5 -6
leaf_value=-0.015025872847390456 0.017940185220472329 0.018260549039883611 -0.0037046551105584819 0 0
leaf_weight=7.222216630354521 4.934150591492652 6.4963214620947829 27.989562040194869 1.198541611433029 1.7232975289225585
leaf_count=59 48 28 353 8 8
internal_value=0.000309454 -0.00185323 0.000763018 0.014488 -0.0121092
internal_weight=49.5641 43.4314 34.4859 6.13269 8.94551
internal_count=504 448 381 56 67
is_linear=0
shrinkage=0.03


Tree=134
num_leaves=6
num_cat=0
split_feature=25 4 5 15 23
split_gain=1.9567 2.1683 1.58249 0.699286 0.232944
threshold=0.58551750000000002 1.0000000180025095e-35 1.5000000000000002 0.25245100000000004 0.70664500000000008
decision_type=2 8 10 10 10
left_child=3 2 -2 -1 -3
right_child=1 4 -4 -5 -6
leaf_value=-0.014715804060640145 -0.007361672623191969 0.011310480853173035 0.0064214101589950704 0 0
leaf_weight=4.4864645395427933 14.72780820541084 21.026358328759674 8.7997968494892103 0.4689456671476363 1.046136900782584
leaf_count=108 103 247 42 2 7
internal_value=0.00176272 0.0043875 -0.000932424 -0.011166 0.0106877
internal_weight=50.5555 45.6001 23.5276 4.95541 22.0725
internal_count=509 399 145 110 254
is_linear=0
shrinkage=0.03


Tree=135
num_leaves=6
num_cat=0
split_feature=4 19 16 17 15
split_gain=2.41511 4.41959 1.19617 0.763133 0.681273
threshold=1.0000000180025095e-35 0.076193500000000011 0.29371450000000004 0.27206100000000005 0.28671750000000001
decision_type=10 8 10 10 10
left_child=1 4 -3 -2 -1
right_child=3 2 -4 -5 -6
leaf_value=-0.023056879086855612 0.01784799300650668 -0.00051315543051896808 0.011164155400116256 0 0
leaf_weight=6.107837911695241 4.9265900887548915 29.024252761155367 6.2458630874752989 1.1494426205754278 1.3888260424137113
leaf_count=72 49 334 34 9 9
internal_value=0 -0.0027071 0.00148389 0.0142314 -0.0200715
internal_weight=48.8428 42.7668 35.2701 6.07603 7.49666
internal_count=507 449 368 58 81
is_linear=0
shrinkage=0.03


Tree=136
num_leaves=5
num_cat=0
split_feature=25 24 23 24
split_gain=2.37109 1.80081 1.56603 0.774099
threshold=0.59491450000000012 0.95910000000000017 0.51918300000000006 0.94705650000000008
decision_type=2 2 10 2
left_child=3 -2 -3 -1
right_child=1 2 -4 -5
leaf_value=0 -0.012491263475141793 0.0070188324532359505 -0.0072127281877817457 -0.017428996262933347
leaf_weight=0.6244443878531446 2.7351270467042914 37.879532516002655 3.8638671636581412 5.542627627030015
leaf_count=7 30 329 26 129
internal_value=0 0.00222796 0.00463575 -0.0143902
internal_weight=50.6456 44.4785 41.7434 6.16707
internal_count=521 385 355 136
is_linear=0
shrinkage=0.03


Tree=137
num_leaves=6
num_cat=0
split_feature=25 24 18 22 24
split_gain=1.91537 2.24816 1.36014 1.28575 1.20745
threshold=0.58551750000000002 0.97677600000000009 0.069785500000000014 0.16110350000000004 0.95068250000000021
decision_type=2 2 8 8 2
left_child=4 3 -3 -2 -1
right_child=1 2 -4 -5 -6
leaf_value=0.0010966062841259966 -0.012339884024674112 0 0.012488285743774283 0.0011175335292334832 -0.016984893199493523
leaf_weight=0.55885283648967643 6.0829649157822105 6.8958587385714081 20.48452539741993 9.862822350114584 4.6120110675692558
leaf_count=6 53 59 180 94 113
internal_value=0.000953139 0.00376613 0.00895902 -0.00357378 -0.011674
internal_weight=48.497 43.3262 27.3804 15.9458 5.17086
internal_count=505 386 239 147 119
is_linear=0
shrinkage=0.03


Tree=138
num_leaves=6
num_cat=0
split_feature=4 19 22 24 17
split_gain=1.51516 1.32698 1.95789 1.38287 0.797904
threshold=1.0000000180025095e-35 0.19305950000000002 0.045065500000000001 0.98241700000000021 0.22738550000000002
decision_type=10 8 10 2 10
left_child=1 3 -3 -1 -2
right_child=4 2 -4 -5 -6
leaf_value=-0.016176402883697073 0.016382299528358901 -0.0024838826567664214 0.012619054465105551 0 0
leaf_weight=6.7226423900574437 4.1957056187093249 22.175447564572099 7.3745007999241343 8.2931471578776819 0.95406171679496754
leaf_count=64 40 298 33 60 7
internal_value=0 -0.00177923 0.00117922 -0.00849333 0.0122003
internal_weight=49.7155 44.5657 29.5499 15.0158 5.14977
internal_count=502 455 331 124 47
is_linear=0
shrinkage=0.03


Tree=139
num_leaves=7
num_cat=0
split_feature=2 2 24 25 24 15
split_gain=2.45533 3.36229 3.56409 1.76996 0.641553 0.528136
threshold=1.0000000180025095e-35 0.32575750000000009 0.98614350000000006 0.71886950000000016 0.98940150000000016 0.46050550000000007
decision_type=10 10 2 2 2 10
left_child=3 -2 -3 5 -5 -1
right_child=1 2 -4 4 -6 -7
leaf_value=-0.013033694513658713 0.019850733600600658 -0.01319307485957389 0.012684271660975447 0.0057168358679752472 -0.0047071864614466755 0
leaf_weight=13.147243771702051 8.5337173268198985 7.7207463309168798 5.3507178239524364 10.829113699495791 3.5323633328080168 0.70754988491535264
leaf_count=195 43 82 51 110 36 3
internal_value=0.00030747 0.00786159 -0.000343269 -0.00471533 0.00105462 -0.0115993
internal_weight=49.8215 21.6052 13.0715 28.2163 14.3615 13.8548
internal_count=520 176 133 344 146 198
is_linear=0
shrinkage=0.03


Tree=140
num_leaves=7
num_cat=0
split_feature=18 3 2 25 24 22
split_gain=1.94333 2.75762 1.41693 1.29531 1.058 0.818204
threshold=0.12250800000000002 1.0000000180025095e-35 0.47222200000000009 0.78033050000000015 0.99041050000000019 0.054184000000000003
decision_type=10 8 8 2 2 10
left_child=1 4 5 -3 -1 -2
right_child=2 3 -4 -5 -6 -7
leaf_value=-0.016784703506073379 0 -0.002559448830603011 -0.0027739648533432124 0.0099139671398123189 0 0.017494085897863589
leaf_weight=10.882542507722972 4.6245602201670373 12.819012925028803 2.6335121989250192 8.6485734060406667 2.5806001983582965 7.3171877861022949
leaf_count=108 28 197 21 101 27 37
internal_value=0 -0.00384156 0.00822589 0.00183899 -0.0134062 0.0127294
internal_weight=49.506 34.9307 14.5753 21.4676 13.4631 11.9417
internal_count=519 433 86 298 135 65
is_linear=0
shrinkage=0.03


end of trees

feature_importances:
embedding_cosine_gte_multilingual_base=86
reranker_score_gte_multilingual_reranker_base=82
shared_description_count_capped=60
shared_title_count_capped=57
profile_category_jaccard=49
max_category_share_percentile_gap_abs=45
repeated_title_share_percentile_gap_abs=44
description_length_median_percentile_gap_abs=42
repeated_description_share_percentile_gap_abs=40
shared_category_count_capped=31
title_length_median_percentile_gap_abs=30
item_count_percentile_gap_abs=24
shared_description_idf_sum=14
price_median_percentile_gap_abs=14
digit_ratio_mean_percentile_gap_abs=14
punct_ratio_mean_percentile_gap_abs=13
shared_description_idf_mean=7
same_market_raw_bool=4
shared_title_idf_mean=3
shared_title_idf_sum=2
boilerplate_ratio_max=1
shared_rare_ngram_count=1

parameters:
[boosting: gbdt]
[objective: binary]
[metric: binary_logloss,auc]
[tree_learner: serial]
[device_type: cpu]
[data_sample_strategy: bagging]
[data: ]
[valid: ]
[num_iterations: 160]
[learning_rate: 0.03]
[num_leaves: 7]
[num_threads: 0]
[seed: 20260321]
[deterministic: 1]
[force_col_wise: 1]
[force_row_wise: 0]
[histogram_pool_size: -1]
[max_depth: 3]
[min_data_in_leaf: 10]
[min_sum_hessian_in_leaf: 0.001]
[bagging_fraction: 0.8]
[pos_bagging_fraction: 1]
[neg_bagging_fraction: 1]
[bagging_freq: 1]
[bagging_seed: 20260321]
[bagging_by_query: 0]
[feature_fraction: 0.6]
[feature_fraction_bynode: 1]
[feature_fraction_seed: 20260321]
[extra_trees: 0]
[extra_seed: 14909]
[early_stopping_round: 0]
[early_stopping_min_delta: 0]
[first_metric_only: 0]
[max_delta_step: 0]
[lambda_l1: 1]
[lambda_l2: 3]
[linear_lambda: 0]
[min_gain_to_split: 0.05]
[drop_rate: 0.1]
[max_drop: 50]
[skip_drop: 0.5]
[xgboost_dart_mode: 0]
[uniform_drop: 0]
[drop_seed: 4518]
[top_rate: 0.2]
[other_rate: 0.1]
[min_data_per_group: 100]
[max_cat_threshold: 32]
[cat_l2: 10]
[cat_smooth: 10]
[max_cat_to_onehot: 4]
[top_k: 20]
[monotone_constraints: ]
[monotone_constraints_method: basic]
[monotone_penalty: 0]
[feature_contri: ]
[forcedsplits_filename: ]
[refit_decay_rate: 0.9]
[cegb_tradeoff: 1]
[cegb_penalty_split: 0]
[cegb_penalty_feature_lazy: ]
[cegb_penalty_feature_coupled: ]
[path_smooth: 0]
[interaction_constraints: ]
[verbosity: -1]
[saved_feature_importance_type: 0]
[use_quantized_grad: 0]
[num_grad_quant_bins: 4]
[quant_train_renew_leaf: 0]
[stochastic_rounding: 1]
[linear_tree: 0]
[max_bin: 255]
[max_bin_by_feature: ]
[min_data_in_bin: 3]
[bin_construct_sample_cnt: 200000]
[data_random_seed: 20260321]
[is_enable_sparse: 1]
[enable_bundle: 1]
[use_missing: 1]
[zero_as_missing: 0]
[feature_pre_filter: 1]
[pre_partition: 0]
[two_round: 0]
[header: 0]
[label_column: ]
[weight_column: ]
[group_column: ]
[ignore_column: ]
[categorical_feature: ]
[forcedbins_filename: ]
[precise_float_parser: 0]
[parser_config_file: ]
[objective_seed: 21012]
[num_class: 1]
[is_unbalance: 0]
[scale_pos_weight: 1]
[sigmoid: 1]
[boost_from_average: 1]
[reg_sqrt: 0]
[alpha: 0.9]
[fair_c: 1]
[poisson_max_delta_step: 0.7]
[tweedie_variance_power: 1.5]
[lambdarank_truncation_level: 30]
[lambdarank_norm: 1]
[label_gain: ]
[lambdarank_position_bias_regularization: 0]
[eval_at: ]
[multi_error_top_k: 1]
[auc_mu_weights: ]
[num_machines: 1]
[local_listen_port: 12400]
[time_out: 120]
[machine_list_filename: ]
[machines: ]
[gpu_platform_id: -1]
[gpu_device_id: -1]
[gpu_use_dp: 0]
[num_gpu: 1]

end of parameters

pandas_categorical:null
