signal_uid,data_bucket,source_dataset,source_row_number,seller_uid,source_market_raw,source_seller_raw,source_seller_id_raw,alias_normalized,source_field,contact_type,normalized_value,raw_value,evidence_level,seller_facing_context,product_data_risk_context,direct_identity_eligible,support_only,context,title_snippet,description_snippet
37b3080b6a04e36cf71cb048002289412039914c,zh_target_aux,products_data.csv,123,products_data.csv|__unknown__|seller_id:1897436,__unknown__,,1897436,,description,external_url,acuity.com,acuity.com,bare_domain,1,1,0,1,"渗透目标:acuity.com 数据:全名、地址、出生日期、性别、婚姻状况、子女、电话、RDID风险 线下实体开发工作室,3个空闲开发随时待命。 可快速编写各类数据处理工具、其他任何工具,按条件提取、分析类型、",美国915万保险用户acuity数据库,渗透目标：acuity.com 数据：全名、地址、出生日期、性别、婚姻状况、子女、电话、RDID风险 线下实体开发工作室，3个空闲开发随时待命。 可快速编写各类数据处理工具、其他任何工具，按条件提取、分析类型、文件批量处理、已打的手机号录入等（其他不想干工具也能做，直接提出，能不能做都会给准确答复 不绕圈子），空闲期最快30分钟完成，空闲期最长1.5小时内交单。随时可修BUG和额外加功能，白菜价首单88U超低价格。 全网全球所有在...
e1e3dd88e9ef6ef4733fcd1ffbdb63a811275531,zh_target_aux,products_data.csv,250,products_data.csv|__unknown__|seller_id:1894461,__unknown__,,1894461,,description,external_url,btcr.cc,https://btcr.cc/,external_url,1,1,0,1,",事后可验证,拒绝事后嘴硬。 我们更重视提前规划与挂单思维,而不是临盘追价。 少交易,但每一次出手,都必须有结构、有逻辑、有退路。 每日更新模型主流币种报告和部分山寨币报告 网址:https://btcr.cc/ 社区交流:https://t.me/laoabiweb3/6673",炒币模型主力行为驱动的多维市场解析系统,这是一篇服务帖、介绍帖。如果你不知道怎么炒币，可以加入社区一起进步： 在市场里，真正决定价格的从来不是情绪，而是资金、结构与流动性。 模型的核心目标只有一个：尽可能贴近主力真实意图，在关键位置跟上，而不是追着价格跑。 这不是一个“预测涨跌”的模型，也不是简单的技术指标拼凑。 它是一套围绕主力行为逻辑构建的多维分析系统，专注解决三个核心问题： 主力现在在干什么 接下来最可能走哪几条路 在哪些位置，才值得出手 核心理念：路线优先，而不...
2638495a30e5f5ea150e54f91de28bfd302fbeeb,zh_target_aux,products_data.csv,250,products_data.csv|__unknown__|seller_id:1894461,__unknown__,,1894461,,description,telegram,laoabiweb3,laoabiweb3,telegram_url,1,0,1,0,"追价。 少交易,但每一次出手,都必须有结构、有逻辑、有退路。 每日更新模型主流币种报告和部分山寨币报告 网址:https://btcr.cc/ 社区交流:https://t.me/laoabiweb3/6673",炒币模型主力行为驱动的多维市场解析系统,这是一篇服务帖、介绍帖。如果你不知道怎么炒币，可以加入社区一起进步： 在市场里，真正决定价格的从来不是情绪，而是资金、结构与流动性。 模型的核心目标只有一个：尽可能贴近主力真实意图，在关键位置跟上，而不是追着价格跑。 这不是一个“预测涨跌”的模型，也不是简单的技术指标拼凑。 它是一套围绕主力行为逻辑构建的多维分析系统，专注解决三个核心问题： 主力现在在干什么 接下来最可能走哪几条路 在哪些位置，才值得出手 核心理念：路线优先，而不...
4990b1dd74a5ebc1d8f361d8b1c5c49fb08daa97,zh_target_aux,products_data.csv,306,products_data.csv|__unknown__|seller_id:1895458,__unknown__,,1895458,,description,external_url,178a.cc,178a.cc,bare_domain,0,1,0,1,交易编号:54400 8555.cc澳门新葡京(可验证)40万 售价50$ 交易编号:54401 8567.vip澳门威尼斯人(可验证)11万 售价20$ 交易编号:54402 178a.cc178棋牌(可验证)28万 售价50$ 交易编号:54403 8817.bet澳门银河(可验证)2万3 售价15$ 交易编号:54404 708.cc博彩澳门新葡京(可验证)5.3,4865dd点com一可验证一9万4BC数据菠菜数据博彩数据,4865dd.com元宝娱乐（可验证）9.4万 内容包含：账号|姓名|手机|提款总额|提款次数|充值总额|充值次数|省|市|银行|银行账号|支行|登陆时间|登陆IP|注册来源 验证请登录网址4865dd.com，使用用户名注册验证 详情参考下面图片展示 描述图片数据无遮挡，请自行测试过再下单 MEGA网盘自动发货（MEGA使用需要挂梯子） 另外还有其他同类数据出售，需要的首页搜索交易编号 ---------------------...
bdad91c300dd23d80d43be13d0fae4721b6f8326,zh_target_aux,products_data.csv,306,products_data.csv|__unknown__|seller_id:1895458,__unknown__,,1895458,,description,external_url,4865dd.com,4865dd.com,bare_domain,0,1,0,1,4865dd.com元宝娱乐(可验证)9.4万 内容包含:账号|姓名|手机|提款总额|提款次数|充值总额|充值次数|省|市|银行|银行账号|支行|登陆时间|登陆IP|注册来源 验证请登录网址4865d,4865dd点com一可验证一9万4BC数据菠菜数据博彩数据,4865dd.com元宝娱乐（可验证）9.4万 内容包含：账号|姓名|手机|提款总额|提款次数|充值总额|充值次数|省|市|银行|银行账号|支行|登陆时间|登陆IP|注册来源 验证请登录网址4865dd.com，使用用户名注册验证 详情参考下面图片展示 描述图片数据无遮挡，请自行测试过再下单 MEGA网盘自动发货（MEGA使用需要挂梯子） 另外还有其他同类数据出售，需要的首页搜索交易编号 ---------------------...
644bc29d88f923253711d95ac7d8c0174f84c7d9,zh_target_aux,products_data.csv,306,products_data.csv|__unknown__|seller_id:1895458,__unknown__,,1895458,,description,external_url,708.cc,708.cc,bare_domain,0,1,0,1,0$ 交易编号:54402 178a.cc178棋牌(可验证)28万 售价50$ 交易编号:54403 8817.bet澳门银河(可验证)2万3 售价15$ 交易编号:54404 708.cc博彩澳门新葡京(可验证)5.3万 售价20$ 交易编号:54406,4865dd点com一可验证一9万4BC数据菠菜数据博彩数据,4865dd.com元宝娱乐（可验证）9.4万 内容包含：账号|姓名|手机|提款总额|提款次数|充值总额|充值次数|省|市|银行|银行账号|支行|登陆时间|登陆IP|注册来源 验证请登录网址4865dd.com，使用用户名注册验证 详情参考下面图片展示 描述图片数据无遮挡，请自行测试过再下单 MEGA网盘自动发货（MEGA使用需要挂梯子） 另外还有其他同类数据出售，需要的首页搜索交易编号 ---------------------...
15ba6701c01a3a7d8995b77497db1df8ec823aaf,zh_target_aux,products_data.csv,306,products_data.csv|__unknown__|seller_id:1895458,__unknown__,,1895458,,description,external_url,81866.com,81866.com,bare_domain,0,1,0,1,"A使用需要挂梯子) 另外还有其他同类数据出售,需要的首页搜索交易编号 ------------------------------------------------------ 81866.com永利娱乐城(可验证)11万 售价30$ 交易编号:54399 4865dd.com元宝娱乐(可验证)9.4万 售价30$ 交易编号:54400 8555.cc澳门新葡京(可验证)4",4865dd点com一可验证一9万4BC数据菠菜数据博彩数据,4865dd.com元宝娱乐（可验证）9.4万 内容包含：账号|姓名|手机|提款总额|提款次数|充值总额|充值次数|省|市|银行|银行账号|支行|登陆时间|登陆IP|注册来源 验证请登录网址4865dd.com，使用用户名注册验证 详情参考下面图片展示 描述图片数据无遮挡，请自行测试过再下单 MEGA网盘自动发货（MEGA使用需要挂梯子） 另外还有其他同类数据出售，需要的首页搜索交易编号 ---------------------...
79a32a2cccd5a195988da7ee8792442d6e9ce84d,zh_target_aux,products_data.csv,306,products_data.csv|__unknown__|seller_id:1895458,__unknown__,,1895458,,description,external_url,8555.cc,8555.cc,bare_domain,0,1,0,1,-------- 81866.com永利娱乐城(可验证)11万 售价30$ 交易编号:54399 4865dd.com元宝娱乐(可验证)9.4万 售价30$ 交易编号:54400 8555.cc澳门新葡京(可验证)40万 售价50$ 交易编号:54401 8567.vip澳门威尼斯人(可验证)11万 售价20$ 交易编号:54402 178a.cc178棋牌(可验证)28,4865dd点com一可验证一9万4BC数据菠菜数据博彩数据,4865dd.com元宝娱乐（可验证）9.4万 内容包含：账号|姓名|手机|提款总额|提款次数|充值总额|充值次数|省|市|银行|银行账号|支行|登陆时间|登陆IP|注册来源 验证请登录网址4865dd.com，使用用户名注册验证 详情参考下面图片展示 描述图片数据无遮挡，请自行测试过再下单 MEGA网盘自动发货（MEGA使用需要挂梯子） 另外还有其他同类数据出售，需要的首页搜索交易编号 ---------------------...
63fd2114b9b31d031fde3697bdb78e6fbb65385d,zh_target_aux,products_data.csv,306,products_data.csv|__unknown__|seller_id:1895458,__unknown__,,1895458,,description,external_url,8567.vip,8567.vip,bare_domain,0,1,0,1,交易编号:54399 4865dd.com元宝娱乐(可验证)9.4万 售价30$ 交易编号:54400 8555.cc澳门新葡京(可验证)40万 售价50$ 交易编号:54401 8567.vip澳门威尼斯人(可验证)11万 售价20$ 交易编号:54402 178a.cc178棋牌(可验证)28万 售价50$ 交易编号:54403 8817.bet澳门银河(可验证)2万3,4865dd点com一可验证一9万4BC数据菠菜数据博彩数据,4865dd.com元宝娱乐（可验证）9.4万 内容包含：账号|姓名|手机|提款总额|提款次数|充值总额|充值次数|省|市|银行|银行账号|支行|登陆时间|登陆IP|注册来源 验证请登录网址4865dd.com，使用用户名注册验证 详情参考下面图片展示 描述图片数据无遮挡，请自行测试过再下单 MEGA网盘自动发货（MEGA使用需要挂梯子） 另外还有其他同类数据出售，需要的首页搜索交易编号 ---------------------...
82e4c3ddb75ab2c0a7f385c7176dbf849b4143c5,zh_target_aux,products_data.csv,308,products_data.csv|__unknown__|seller_id:591243,__unknown__,,591243,,description,external_url,95977a.com,https://95977a.com,external_url,0,1,0,1,"可指定任意配资站数据提取,只可提取裸号。支持测试! 目前手里已拿下权限 申宝策略: https://95977b.com https://95977a.com 财盛证券 https://cszq22.cc/ ----------------------- 目前以上都是大型知名站点,做配资都听过 现寻找一手甲方平台实力老板打包! ----",大型股票配资站用户手机号提取可测,可指定任意配资站数据提取，只可提取裸号。支持测试！ 目前手里已拿下权限 申宝策略： https://95977b.com https://95977a.com 财盛证券 https://cszq22.cc/ ----------------------- 目前以上都是大型知名站点，做配资都听过 现寻找一手甲方平台实力老板打包！ ----------------------- 需要验证权限，可随便在他们网站注册手机号留言给我前7位数...
51ede7cb04368b8e23bc2b7942a47df673a26998,zh_target_aux,products_data.csv,308,products_data.csv|__unknown__|seller_id:591243,__unknown__,,591243,,description,external_url,95977b.com,https://95977b.com,external_url,0,1,0,1,"可指定任意配资站数据提取,只可提取裸号。支持测试! 目前手里已拿下权限 申宝策略: https://95977b.com https://95977a.com 财盛证券 https://cszq22.cc/ ----------------------- 目前以上都是大型知名站点,做配资都听过 现寻",大型股票配资站用户手机号提取可测,可指定任意配资站数据提取，只可提取裸号。支持测试！ 目前手里已拿下权限 申宝策略： https://95977b.com https://95977a.com 财盛证券 https://cszq22.cc/ ----------------------- 目前以上都是大型知名站点，做配资都听过 现寻找一手甲方平台实力老板打包！ ----------------------- 需要验证权限，可随便在他们网站注册手机号留言给我前7位数...
d3e04dbd290ff996e476bb87a67e15857f7de234,zh_target_aux,products_data.csv,308,products_data.csv|__unknown__|seller_id:591243,__unknown__,,591243,,description,external_url,cszq22.cc,https://cszq22.cc/,external_url,0,1,0,1,"可指定任意配资站数据提取,只可提取裸号。支持测试! 目前手里已拿下权限 申宝策略: https://95977b.com https://95977a.com 财盛证券 https://cszq22.cc/ ----------------------- 目前以上都是大型知名站点,做配资都听过 现寻找一手甲方平台实力老板打包! ----------------------- 需要验证",大型股票配资站用户手机号提取可测,可指定任意配资站数据提取，只可提取裸号。支持测试！ 目前手里已拿下权限 申宝策略： https://95977b.com https://95977a.com 财盛证券 https://cszq22.cc/ ----------------------- 目前以上都是大型知名站点，做配资都听过 现寻找一手甲方平台实力老板打包！ ----------------------- 需要验证权限，可随便在他们网站注册手机号留言给我前7位数...
bdf1f2476780ef06445ec3f4914f764efaa5d670,zh_target_aux,products_data.csv,342,products_data.csv|__unknown__|seller_id:545730,__unknown__,,545730,,description,crypto_wallet,0x1062a747393198f70f71ec65a582423dba7e5ab3,0x1062a747393198f70f71ec65a582423dba7e5ab3,crypto_wallet,1,0,1,0,"7dca867648091d3eb7af27c630689 (交易所用户钱包,黑产老哥接币的钱包) 2021-02-07 22:24:58转出 898 usdt 到 ↓↓↓↓↓↓ 0x1062a747393198f70f71ec65a582423dba7e5ab3 (交易所资产总钱包,警察从这里知道是哪个交易所,并且要求交易所配合调查,提供该钱包用户key资料,开门,查水表) 区块链记录:0x45e2c2b658b6e7ed5dadc8e0",服一务一洗一白一数一字一货一币一Xmr,这是服务， 这是服务， 这是服务， 承兑xmr（门罗币），溢价15%，不收现金，不限额度，矿场资源，少量多单。无限承兑！ 我的价值就是能把币做干净，走其他路子洗币的，请自行搜索 《中国裁判文书网 》，。 ，-------- 走站内担保 简单点解释一下： 我是把你手里（不管是盗取交易所，诈骗资金盘，项目方跑路得来）的数字货币 BTC ETH USDT TRX 等能够查询区块记录的各种主流数字货币统一换成XMR币，收取服务费用。 不管...
234771ee3d301e308d63caec13ec5b6f0e8be9da,zh_target_aux,products_data.csv,342,products_data.csv|__unknown__|seller_id:545730,__unknown__,,545730,,description,crypto_wallet,0x8c9abb530567dca867648091d3eb7af27c630689,0x8c9abb530567dca867648091d3eb7af27c630689,crypto_wallet,1,0,1,0,"15ffff0ddc4a662327f0ee03d24(打币钱包,可以理解为被盗钱包,或者洗钱者控制的钱包) 2021-02-07 22:15:03转出 898 usdt 到 ↓ 0x8c9abb530567dca867648091d3eb7af27c630689(交易所用户钱包,黑产老哥接币的钱包) 区块链记录:0xeaf5119a3805dbb3683c73f8dc98db5f4ff72891071a2bad2348be9f0a1313",服一务一洗一白一数一字一货一币一Xmr,这是服务， 这是服务， 这是服务， 承兑xmr（门罗币），溢价15%，不收现金，不限额度，矿场资源，少量多单。无限承兑！ 我的价值就是能把币做干净，走其他路子洗币的，请自行搜索 《中国裁判文书网 》，。 ，-------- 走站内担保 简单点解释一下： 我是把你手里（不管是盗取交易所，诈骗资金盘，项目方跑路得来）的数字货币 BTC ETH USDT TRX 等能够查询区块记录的各种主流数字货币统一换成XMR币，收取服务费用。 不管...
8fe16b119897e2dbdada15f5a00f9d20e63d0e31,zh_target_aux,products_data.csv,342,products_data.csv|__unknown__|seller_id:545730,__unknown__,,545730,,description,crypto_wallet,0xb1186300294ad15ffff0ddc4a662327f0ee03d24,0xb1186300294ad15ffff0ddc4a662327f0ee03d24,crypto_wallet,1,0,1,0,"自行google搜索 ""FBI"" ""XMR"" 等关键词 2:一般数字货币(usdt 举例)的追踪方法(区块链透明和不可篡改的基础属性,每个人都可以查询,比查询银行记录方便多了.) 0xb1186300294ad15ffff0ddc4a662327f0ee03d24(打币钱包,可以理解为被盗钱包,或者洗钱者控制的钱包) 2021-02-07 22:15:03转出 898 usdt 到 ↓ 0x8c9abb530567dca867648091d",服一务一洗一白一数一字一货一币一Xmr,这是服务， 这是服务， 这是服务， 承兑xmr（门罗币），溢价15%，不收现金，不限额度，矿场资源，少量多单。无限承兑！ 我的价值就是能把币做干净，走其他路子洗币的，请自行搜索 《中国裁判文书网 》，。 ，-------- 走站内担保 简单点解释一下： 我是把你手里（不管是盗取交易所，诈骗资金盘，项目方跑路得来）的数字货币 BTC ETH USDT TRX 等能够查询区块记录的各种主流数字货币统一换成XMR币，收取服务费用。 不管...
fd41fe3cf7a75da549a448430e7c4d8b2e0300f1,zh_target_aux,products_data.csv,353,products_data.csv|__unknown__|seller_id:612996,__unknown__,,612996,,description,telegram,abc552255,abc552255,telegram_cue,1,0,1,0,最新各国华侨有需要请联系 TG:@abc552255 TG:@abc552255 TG:@abc552255,最新各国华侨有需要请联系,最新各国华侨有需要请联系 TG：@abc552255 TG：@abc552255 TG：@abc552255
389263c2355aa04ff94efcdd963c462a8f99ce00,zh_target_aux,products_data.csv,355,products_data.csv|__unknown__|seller_id:691306,__unknown__,,691306,,description,external_url,www.3044.com,www.3044.com,external_url,0,1,0,1,"本人亲自服务完全不涉及到第三方,博彩综合盘,搭建,包网等服务可以定制,直到满意为止。演示网站 www.3044.com 后端演示回复消息。 搭建5000RMB 可以自行注册域名 也可以这边帮忙注册(拍11份) 包网视情况而定 游戏API接口例如AG 比例8.0 即800元可以买1万分(相当于博彩站",专业博彩网站服务搭建包网运营游戏API接口,本人亲自服务完全不涉及到第三方，博彩综合盘，搭建，包网等服务可以定制，直到满意为止。演示网站 www.3044.com 后端演示回复消息。 搭建5000RMB 可以自行注册域名 也可以这边帮忙注册（拍11份） 包网视情况而定 游戏API接口例如AG 比例8.0 即800元可以买1万分（相当于博彩站1万元）
3353732869a6ca81089c94c9cfa4c533c97a6117,zh_target_aux,products_data.csv,401,products_data.csv|__unknown__|seller_id:600103,__unknown__,,600103,,description,bat,3353452,3353452,bat_cue,1,1,0,1,"62数据云控号(12-17年自带好友80+):包首登 —————————————————————————————————— 此业务唯一: 【水木工作室】 TG:@SMGZS 蝙蝠:3353452 需要先款,走USDT,骗子别来,墨迹的别来。",微信成品号商家房东行业可定制62数据云控号,—————————————————————————————————— 微信成品号 粉丝类型（行业粉）1： 装修，家具，建材，环保，塑料，安防，健身，冻品，苗木，手机，丝网，广告，电梯。 弱电，木材，玻璃，电池，五金，陶瓷，煤炭，石油，船舶，石材，门窗，物流，灯饰，钢材，光伏，宠物等... 粉丝类型（房东粉）2： 58微聊房东、电聊房东~ 粉丝类型（商家粉）3： 美容、美发、餐饮、文具、打印等~ 另接各种行业定制~~~ 【可扫 IP...
5a1162fb5a6d0531bfae1f05bfa598d2484e41f6,zh_target_aux,products_data.csv,401,products_data.csv|__unknown__|seller_id:600103,__unknown__,,600103,,description,telegram,smgzs,SMGZS,telegram_cue,1,1,0,1,"———————— 62数据云控号(12-17年自带好友80+):包首登 —————————————————————————————————— 此业务唯一: 【水木工作室】 TG:@SMGZS 蝙蝠:3353452 需要先款,走USDT,骗子别来,墨迹的别来。",微信成品号商家房东行业可定制62数据云控号,—————————————————————————————————— 微信成品号 粉丝类型（行业粉）1： 装修，家具，建材，环保，塑料，安防，健身，冻品，苗木，手机，丝网，广告，电梯。 弱电，木材，玻璃，电池，五金，陶瓷，煤炭，石油，船舶，石材，门窗，物流，灯饰，钢材，光伏，宠物等... 粉丝类型（房东粉）2： 58微聊房东、电聊房东~ 粉丝类型（商家粉）3： 美容、美发、餐饮、文具、打印等~ 另接各种行业定制~~~ 【可扫 IP...
65eed03f865694eaafaa331f8c9912f3b14df209,zh_target_aux,products_data.csv,416,products_data.csv|__unknown__|seller_id:70,__unknown__,,70,,description,external_url,evisa.mfa.gov.ua,http://evisa.mfa.gov.ua,external_url,0,0,0,1,"外籍专业人员全程陪同办理,该外籍人士,仅限于英语,乌克兰语,俄语,匈牙利语会话沟通。所有赴乌克兰的旅行费用自理。 备注:中国公民可以在线申办乌克兰电子签证,需要在乌外交部网站注册(http://evisa.mfa.gov.ua)。根据该网站给出的最新消息,因为疫情原因,电子签证可能最早8月才会开放申请,当然也有可能根据疫情发展态势再往后延。该网站是英文界面,并按规定提交相应电子版材料。 相关签证申请将在",最快2月内_最低3万欧元起_办理欧盟成员国永居和国籍,基础单价是1000欧元=1200美元，拍下相应份数即可 匈牙利是欧盟和申根成员国，只需要提供英文拼写的姓名，出生日期，性别，大头照，电子版英文签名文本照片即可办理。可完美漂白您的身份，聪慧如你，懂得自然懂！！！ 目前有20`30个名额可以办理，需本人亲赴乌克兰，由乌克兰当地身份中转，至匈牙利驻乌克兰领事馆办理相应手续，停留期短，即可拿到所有身份文件，办理时无需当地语言要求，只需要本人会简单英语会话即可或有会英语的亲朋好友陪同一起前...
bd3aa7fb8493cc460bc7861b513cbaffd7caadb5,zh_target_aux,products_data.csv,416,products_data.csv|__unknown__|seller_id:70,__unknown__,,70,,description,external_url,popfilesxuru7lsr.onion,popfilesxuru7lsr.onion,bare_domain,0,0,0,1,"年龄需相仿),性别; 1.3高清签名样本电子照片(于白色A4纸张上用黑色水笔/钢笔手写英文签名后拍照,要求签名清晰可辨认,切记仅限英文签名); 1.4上述照片请上传至http://popfilesxuru7lsr.onion/,并保存下可供下载照片的链接,类似http://popfilesxuru7lsr.onion/~你的ID/你的照片.jpg 2.将上述所需信息连同照片上传之后的下载链接私信发送至",最快2月内_最低3万欧元起_办理欧盟成员国永居和国籍,基础单价是1000欧元=1200美元，拍下相应份数即可 匈牙利是欧盟和申根成员国，只需要提供英文拼写的姓名，出生日期，性别，大头照，电子版英文签名文本照片即可办理。可完美漂白您的身份，聪慧如你，懂得自然懂！！！ 目前有20`30个名额可以办理，需本人亲赴乌克兰，由乌克兰当地身份中转，至匈牙利驻乌克兰领事馆办理相应手续，停留期短，即可拿到所有身份文件，办理时无需当地语言要求，只需要本人会简单英语会话即可或有会英语的亲朋好友陪同一起前...
429b8786478a3a916a437bc35aab40637bd1d0c5,zh_target_aux,products_data.csv,416,products_data.csv|__unknown__|seller_id:70,__unknown__,,70,,description,external_url,popfilesxuru7lsr.onion/~你的id/你的照片.jpg,popfilesxuru7lsr.onion/~你的ID/你的照片.jpg,bare_domain,0,0,0,1,"后拍照,要求签名清晰可辨认,切记仅限英文签名); 1.4上述照片请上传至http://popfilesxuru7lsr.onion/,并保存下可供下载照片的链接,类似http://popfilesxuru7lsr.onion/~你的ID/你的照片.jpg 2.将上述所需信息连同照片上传之后的下载链接私信发送至本人站内信 3.收到后,我将确认并处理您的订单并确认个人信息,照片正确无误 4.一次确认结束后,即可进行文书工作,告知站外的",最快2月内_最低3万欧元起_办理欧盟成员国永居和国籍,基础单价是1000欧元=1200美元，拍下相应份数即可 匈牙利是欧盟和申根成员国，只需要提供英文拼写的姓名，出生日期，性别，大头照，电子版英文签名文本照片即可办理。可完美漂白您的身份，聪慧如你，懂得自然懂！！！ 目前有20`30个名额可以办理，需本人亲赴乌克兰，由乌克兰当地身份中转，至匈牙利驻乌克兰领事馆办理相应手续，停留期短，即可拿到所有身份文件，办理时无需当地语言要求，只需要本人会简单英语会话即可或有会英语的亲朋好友陪同一起前...
03bd544f41a34bf6f918bc473d1fc2e1906b7b31,zh_target_aux,products_data.csv,418,products_data.csv|__unknown__|seller_id:70,__unknown__,,70,,description,external_url,popfilesxuru7lsr.onion,popfilesxuru7lsr.onion,bare_domain,1,0,0,1,"照,要求签名清晰可辨认,切记中英文签名); 1.3高清护照首页信息页电子照片,若是不在本土,则需拍10份,并截图下单当时的BTC:USD价值; 1.4上述照片请上传至http://popfilesxuru7lsr.onion/,并保存下可供下载照片的链接,类似http://popfilesxuru7lsr.onion/~你的ID/你的照片.JPG 成功案例如下链接所示,自行打开即可 http://po",美国绿卡最快半年就能拿到_便宜到家_5万美金,"办理费用是35万人民币/人=5万美元/人,办理费用赴美签约后按合约流程支付 目前疫情期间美国边境管控，所以担保金予以区分本土和本土以外两类 1.若客户本人已在美国本土，则本站诚意押金1000美金,拍1份，在订单处理完毕后，客户需要在7天内赶到指定律所签约办理，若逾期不能赶到，则我方会通过站方确认押金到账，作为对客户失信的惩罚。若客户在7天内及时赶到并完成签约，则在拿到绿卡后，请于一个工作日内来本站确认诚意金收货 2.若客户本人不在..."
fd0331f0df70ab2a153cf52f1fa6c2a3f713bb97,zh_target_aux,products_data.csv,418,products_data.csv|__unknown__|seller_id:70,__unknown__,,70,,description,external_url,popfilesxuru7lsr.onion/~urbusy/usagreencard.jpg,http://popfilesxuru7lsr.onion/~urbusy/usagreencard.jpg,external_url,1,0,0,1,"lsr.onion/,并保存下可供下载照片的链接,类似http://popfilesxuru7lsr.onion/~你的ID/你的照片.JPG 成功案例如下链接所示,自行打开即可 http://popfilesxuru7lsr.onion/~urbusy/usagreencard.jpg 2.将上述所需信息连同照片上传之后的下载链接私信发送至本人站内信 3.收到后,我将跟你确认你的个人信息,照片正确无误 4.一次确认结束后,即可通过站内信告知站外TG(纸飞机),用",美国绿卡最快半年就能拿到_便宜到家_5万美金,"办理费用是35万人民币/人=5万美元/人,办理费用赴美签约后按合约流程支付 目前疫情期间美国边境管控，所以担保金予以区分本土和本土以外两类 1.若客户本人已在美国本土，则本站诚意押金1000美金,拍1份，在订单处理完毕后，客户需要在7天内赶到指定律所签约办理，若逾期不能赶到，则我方会通过站方确认押金到账，作为对客户失信的惩罚。若客户在7天内及时赶到并完成签约，则在拿到绿卡后，请于一个工作日内来本站确认诚意金收货 2.若客户本人不在..."
ae7f53f0ef418d38db0c0afae21a1bc67b053f16,zh_target_aux,products_data.csv,418,products_data.csv|__unknown__|seller_id:70,__unknown__,,70,,description,external_url,popfilesxuru7lsr.onion/~你的id/你的照片.jpg,popfilesxuru7lsr.onion/~你的ID/你的照片.JPG,bare_domain,1,0,0,1,"需拍10份,并截图下单当时的BTC:USD价值; 1.4上述照片请上传至http://popfilesxuru7lsr.onion/,并保存下可供下载照片的链接,类似http://popfilesxuru7lsr.onion/~你的ID/你的照片.JPG 成功案例如下链接所示,自行打开即可 http://popfilesxuru7lsr.onion/~urbusy/usagreencard.jpg 2.将上述所需信息连同照片上传之",美国绿卡最快半年就能拿到_便宜到家_5万美金,"办理费用是35万人民币/人=5万美元/人,办理费用赴美签约后按合约流程支付 目前疫情期间美国边境管控，所以担保金予以区分本土和本土以外两类 1.若客户本人已在美国本土，则本站诚意押金1000美金,拍1份，在订单处理完毕后，客户需要在7天内赶到指定律所签约办理，若逾期不能赶到，则我方会通过站方确认押金到账，作为对客户失信的惩罚。若客户在7天内及时赶到并完成签约，则在拿到绿卡后，请于一个工作日内来本站确认诚意金收货 2.若客户本人不在..."
1c5d5bb620f996a2cfe9e551fe02d62e249c093b,zh_target_aux,products_data.csv,419,products_data.csv|__unknown__|seller_id:523561,__unknown__,,523561,,description,external_url,t66y.com,T66Y.COM,bare_domain,0,1,0,1,"草榴社区邀请码 T66Y.COM 账号注册邀请码; 邀请码单出: 200RMB/每个邀请码 = 60美金 = 拍1份; 邀请码批量:(请拍 2 份,作为定金,剩余价格站内留言购买个数后,补拍) 10-50个: 1",草榴社区邀请码单出批量代理采购,草榴社区邀请码 T66Y.COM 账号注册邀请码； 邀请码单出： 200RMB/每个邀请码 = 60美金 = 拍1份； 邀请码批量：（请拍 2 份，作为定金，剩余价格站内留言购买个数后，补拍） 10-50个： 190RMB/每个邀请码 50-199个： 180RMB/每个邀请码 200个以上： 170RMB/每个邀请码 邀请码代理：（请拍 15 份） 3000RMB；代理拿货价 50RMB/每个邀请码 拍下后，主动留言邮箱或其他方...
fc36eac0c16a5574a853cbea701da6291886b62d,zh_target_aux,products_data.csv,422,products_data.csv|__unknown__|seller_id:568402,__unknown__,,568402,,description,external_url,aibaiyan.cn,aibaiyan.cn,bare_domain,0,1,0,1,废话不多说 上图 定金是300美 拍三份定金 两天内 网站前端 后台管理账号 推广页 APP下载等 全套价格是1200 需要先拍定金 尾款完成后结上图 演示站:aibaiyan.cn 推广页面:m.905eq.cn 另出售其他程序代码 需要的请站内留言!!!,贷款APP_全套一条龙搭建运营版本,废话不多说 上图 定金是300美 拍三份定金 两天内 网站前端 后台管理账号 推广页 APP下载等 全套价格是1200 需要先拍定金 尾款完成后结上图 演示站：aibaiyan.cn 推广页面：m.905eq.cn 另出售其他程序代码 需要的请站内留言！！！
63c22ff9c942dcea5f839faa0f31a0680117d384,zh_target_aux,products_data.csv,438,products_data.csv|__unknown__|seller_id:532118,__unknown__,,532118,,description,external_url,ng-demo.vip,ng-demo.vip,bare_domain,1,0,0,1,演示地址:菠菜盘 ng-demo.vip 棋牌app:df.qpcar.cn 演示程序请用安卓下载 (演示站点无任何外链) 一、卖家提供的服务内容及价格 1.所有产品一条龙搭建1200美金(包含所需服务服务器、域名、开发,棋牌APP菠菜站开盘一条龙服务,演示地址：菠菜盘 ng-demo.vip 棋牌app：df.qpcar.cn 演示程序请用安卓下载 （演示站点无任何外链） 一、卖家提供的服务内容及价格 1.所有产品一条龙搭建1200美金（包含所需服务服务器、域名、开发者账号等等...） 2.提供的服务器为国内免备案服务器16h16g50m 3.提供的域名我们会根据买家要做的棋牌名字，注册一个相关域名。比如天美棋牌，tianmei.cc之类 4.一年的售后，免费维护。 二、交易步...
c438a5f541b295ce834c57120610d0f3943a88bc,zh_target_aux,products_data.csv,438,products_data.csv|__unknown__|seller_id:532118,__unknown__,,532118,,description,external_url,tianmei.cc,tianmei.cc,bare_domain,0,1,0,1,"包含所需服务服务器、域名、开发者账号等等...) 2.提供的服务器为国内免备案服务器16h16g50m 3.提供的域名我们会根据买家要做的棋牌名字,注册一个相关域名。比如天美棋牌,tianmei.cc之类 4.一年的售后,免费维护。 二、交易步骤 1.买家拍下:需留言哪一款产品 要做的产品名称 2.卖家制作:卖家会根据买家指定的产品制作好APP 3.卖家交付产品:卖家会留言服务",棋牌APP菠菜站开盘一条龙服务,演示地址：菠菜盘 ng-demo.vip 棋牌app：df.qpcar.cn 演示程序请用安卓下载 （演示站点无任何外链） 一、卖家提供的服务内容及价格 1.所有产品一条龙搭建1200美金（包含所需服务服务器、域名、开发者账号等等...） 2.提供的服务器为国内免备案服务器16h16g50m 3.提供的域名我们会根据买家要做的棋牌名字，注册一个相关域名。比如天美棋牌，tianmei.cc之类 4.一年的售后，免费维护。 二、交易步...
90237bc9399706515a4b62e231c7e78b8459e2a3,zh_target_aux,products_data.csv,439,products_data.csv|__unknown__|seller_id:544042,__unknown__,,544042,,description,external_url,www.qianyi08.com(手机网页可用,www.qianyi08.com(手机网页可用,external_url,1,0,0,1,主流全覆盖) 多端口: APP 微信扫码 手机网页 电脑网页 快速交站:综合盘交站最长仅需3天 纯彩 半天 综合盘演示站:www.qianyi68.com(手机网页可用) 演示站:www.qianyi08.com(手机网页可用) 月租纯彩6000/月 (定金2016)拍 28份 满意补齐尾款 隔天发货,博彩平台一条龙搭建全过程走暗网担保交易,多种模式： 纯彩盘（系统彩多种方式控杀 官方彩 ） 综合盘（主流全覆盖） 多端口： APP 微信扫码 手机网页 电脑网页 快速交站：综合盘交站最长仅需3天 纯彩 半天 综合盘演示站：www.qianyi68.com(手机网页可用) 演示站：www.qianyi08.com(手机网页可用) 月租纯彩6000/月 （定金2016）拍 28份 满意补齐尾款 隔天发货
754c582e516d6f5e898ecacd38061844c1f5a6c2,zh_target_aux,products_data.csv,439,products_data.csv|__unknown__|seller_id:544042,__unknown__,,544042,,description,external_url,www.qianyi68.com(手机网页可用,www.qianyi68.com(手机网页可用,external_url,1,0,0,1,种模式: 纯彩盘(系统彩多种方式控杀 官方彩 ) 综合盘(主流全覆盖) 多端口: APP 微信扫码 手机网页 电脑网页 快速交站:综合盘交站最长仅需3天 纯彩 半天 综合盘演示站:www.qianyi68.com(手机网页可用) 演示站:www.qianyi08.com(手机网页可用) 月租纯彩6000/月 (定金2016)拍 28份 满意补齐尾款 隔天发货,博彩平台一条龙搭建全过程走暗网担保交易,多种模式： 纯彩盘（系统彩多种方式控杀 官方彩 ） 综合盘（主流全覆盖） 多端口： APP 微信扫码 手机网页 电脑网页 快速交站：综合盘交站最长仅需3天 纯彩 半天 综合盘演示站：www.qianyi68.com(手机网页可用) 演示站：www.qianyi08.com(手机网页可用) 月租纯彩6000/月 （定金2016）拍 28份 满意补齐尾款 隔天发货
4a93e1e691af84465f23cbe779c0422ecfd46ad7,zh_target_aux,products_data.csv,461,products_data.csv|__unknown__|seller_id:341622,__unknown__,,341622,,description,telegram,jack527,jack527,telegram_at_handle_with_context,1,0,1,0,"们可以代运营,提供推广页,当然解析您服务器您自己运营也是可以的 关于拒户:拒会我们可以当天换户,或者退款。 关于消费:百度10000币/天,其他无限制。 联系方式:potato:@jack527 ,telegram:@maintank777",开竞价户，百度360搜狗神马可全天跑菠菜棋牌捕鱼网赚,开竞价搜索户，可全天跑菠菜，棋牌，捕鱼，网赚 关于返点：百度-30%，360平点，搜狗平点，神马-10% 关于物料：可以使用我们提供的物料或者您自己的物料，我们的物料已经优化到了极致 关于运营: 我们可以代运营，提供推广页，当然解析您服务器您自己运营也是可以的 关于拒户：拒会我们可以当天换户，或者退款。 关于消费：百度10000币/天，其他无限制。 联系方式：potato：@jack527 ，telegram：@maintank777
6193c5f49c66adfff43d1d5f48a031feec59fc8e,zh_target_aux,products_data.csv,461,products_data.csv|__unknown__|seller_id:341622,__unknown__,,341622,,description,telegram,maintank777,maintank777,telegram_cue,1,0,1,0,"务器您自己运营也是可以的 关于拒户:拒会我们可以当天换户,或者退款。 关于消费:百度10000币/天,其他无限制。 联系方式:potato:@jack527 ,telegram:@maintank777",开竞价户，百度360搜狗神马可全天跑菠菜棋牌捕鱼网赚,开竞价搜索户，可全天跑菠菜，棋牌，捕鱼，网赚 关于返点：百度-30%，360平点，搜狗平点，神马-10% 关于物料：可以使用我们提供的物料或者您自己的物料，我们的物料已经优化到了极致 关于运营: 我们可以代运营，提供推广页，当然解析您服务器您自己运营也是可以的 关于拒户：拒会我们可以当天换户，或者退款。 关于消费：百度10000币/天，其他无限制。 联系方式：potato：@jack527 ，telegram：@maintank777
14b0155b77849e20f1ff5d0f2c7ea3aef3230537,zh_target_aux,products_data.csv,464,products_data.csv|__unknown__|seller_id:159041,__unknown__,,159041,,description,external_url,localbitcoins.com/zh-cn,https://localbitcoins.com/zh-cn/,external_url,1,0,0,1,"/watch?v=N35nul3srWk 二、怎样买卖比特币? 全世界通用 https://www.youtube.com/watch?v=JvOwB2bhRMU 三、购买网站: https://localbitcoins.com/zh-cn/ 四、怎样充值? 在本网页面顶部,点击【充值】,获取比特币充值地址 使用比特币钱包:点发送,输入上述地址,金额 使用交易所提币:在你的交易所页面中点击提币,地址填写上述地址 三、比",查询查档-户籍-开房-全家-车档-名下号-收货地址-轨迹-同住-关联等,---------------------------- 说在前面 ------------------ 目前的交易模式支持提前下款 希望各购买者收到结果确认无误能够尽早放行 同时若一次性购买多单建议分开购买 15天投诉期如若不够依然可以适当增加 一些存在遗漏的服务整个行业都存在无法避免 所以我希望一切服务做之前都 先谈清楚满足要求我再动手以避免一些不必要的纠纷 =======价格每份10rmb 做什么业务 拍对应的价格即可===...
4572520ae5b52c0801a199067788a7703812aa79,zh_target_aux,products_data.csv,479,products_data.csv|__unknown__|seller_id:156208,__unknown__,,156208,,description,external_url,www.7452001.com,http://www.7452001.com/,external_url,0,0,0,1,"菠菜网站,电玩城APP,ssc等等 搭建一条龙服务 企业苹果签名,wap封装,棋牌BC电玩搭建出租,直播盒子搭建,服务器,备案域名! 演示站点:http://www.7452001.com/ 价格标价500美金起,然后差价全部在私拍通道上进行",菠菜网站，电玩城APP，ssc，房卡类棋牌，H5等 搭建一条龙服务,菠菜网站，电玩城APP，ssc等等 搭建一条龙服务 企业苹果签名，wap封装，棋牌BC电玩搭建出租，直播盒子搭建，服务器，备案域名！ 演示站点：http://www.7452001.com/ 价格标价500美金起，然后差价全部在私拍通道上进行
49a0a725dc9f74dd922fb21b86047e959a03dd04,zh_target_aux,products_data.csv,564,products_data.csv|__unknown__|seller_id:176839,__unknown__,,176839,,description,external_url,a.yujunmh.cn/index,https://a.yujunmh.cn/index/,external_url,0,0,0,1,"别人正在运营的东西,所以不啰嗦啥 之前很火的微盘项目,现在还有不少灰产还在做 详细内容看下面的图片 由于是虚拟产品所有不接受退款,有操作后台和前台 自己看好感觉合适再来购买 前台:https://a.yujunmh.cn/index/ 后台:https://a.yujunmh.cn/index.php/admin/index/index.html 账户:admin 密码:123456",微盘二开版带余额宝功能期货数字火币交易完整数据k线正常,微盘wp二开版带余额宝功能时间盘黄金期货数字火币交易+完整数据+k线正常 亲测可以正常运营 功能二开了余额宝功能，他直接服务器打包给我的。 也是别人正在运营的东西，所以不啰嗦啥 之前很火的微盘项目，现在还有不少灰产还在做 详细内容看下面的图片 由于是虚拟产品所有不接受退款，有操作后台和前台 自己看好感觉合适再来购买 前台：https://a.yujunmh.cn/index/ 后台：https://a.yujunmh.cn/ind...
830c880dd4349f4e2b2a36274fdd956bf83531ef,zh_target_aux,products_data.csv,564,products_data.csv|__unknown__|seller_id:176839,__unknown__,,176839,,description,external_url,a.yujunmh.cn/index.php/admin,https://a.yujunmh.cn/index.php/admin/index/index.html,external_url,0,0,0,1,"不少灰产还在做 详细内容看下面的图片 由于是虚拟产品所有不接受退款,有操作后台和前台 自己看好感觉合适再来购买 前台:https://a.yujunmh.cn/index/ 后台:https://a.yujunmh.cn/index.php/admin/index/index.html 账户:admin 密码:123456",微盘二开版带余额宝功能期货数字火币交易完整数据k线正常,微盘wp二开版带余额宝功能时间盘黄金期货数字火币交易+完整数据+k线正常 亲测可以正常运营 功能二开了余额宝功能，他直接服务器打包给我的。 也是别人正在运营的东西，所以不啰嗦啥 之前很火的微盘项目，现在还有不少灰产还在做 详细内容看下面的图片 由于是虚拟产品所有不接受退款，有操作后台和前台 自己看好感觉合适再来购买 前台：https://a.yujunmh.cn/index/ 后台：https://a.yujunmh.cn/ind...
bbbc6de8285bc7ee3e27ee2e4fe8eb8b2bcb9dad,zh_target_aux,products_data.csv,568,products_data.csv|__unknown__|seller_id:1895458,__unknown__,,1895458,,description,external_url,178a.cc,178a.cc,bare_domain,0,1,0,1,交易编号:54400 8555.cc澳门新葡京(可验证)40万 售价50$ 交易编号:54401 8567.vip澳门威尼斯人(可验证)11万 售价20$ 交易编号:54402 178a.cc178棋牌(可验证)28万 售价50$ 交易编号:54403 8817.bet澳门银河(可验证)2万3 售价15$ 交易编号:54404 708.cc博彩澳门新葡京(可验证)5.3,8555点cc一可验证一40万BC数据菠菜数据博彩数据,8555.cc澳门新葡京（可验证）40万 内容包含：用户名|姓名|IP地区|手机|充值金额|可提现金额|登录网址/appID 验证请登录网址www.8555577.cc，使用用户名注册验证 详情参考下面图片展示 描述图片数据无遮挡，请自行测试过再下单 MEGA网盘自动发货（MEGA使用需要挂梯子） 另外还有其他同类数据出售，需要的首页搜索交易编号 ------------------------------------------...
243aacd7790ad16a19cae0ca53a727f3408636e2,zh_target_aux,products_data.csv,568,products_data.csv|__unknown__|seller_id:1895458,__unknown__,,1895458,,description,external_url,4865dd.com,4865dd.com,bare_domain,0,1,0,1,------------------------------------------------- 81866.com永利娱乐城(可验证)11万 售价30$ 交易编号:54399 4865dd.com元宝娱乐(可验证)9.4万 售价30$ 交易编号:54400 8555.cc澳门新葡京(可验证)40万 售价50$ 交易编号:54401 8567.vip澳门威尼斯人(可验证)11,8555点cc一可验证一40万BC数据菠菜数据博彩数据,8555.cc澳门新葡京（可验证）40万 内容包含：用户名|姓名|IP地区|手机|充值金额|可提现金额|登录网址/appID 验证请登录网址www.8555577.cc，使用用户名注册验证 详情参考下面图片展示 描述图片数据无遮挡，请自行测试过再下单 MEGA网盘自动发货（MEGA使用需要挂梯子） 另外还有其他同类数据出售，需要的首页搜索交易编号 ------------------------------------------...
4b1566917966c236b712111f57f389ade647017d,zh_target_aux,products_data.csv,568,products_data.csv|__unknown__|seller_id:1895458,__unknown__,,1895458,,description,external_url,708.cc,708.cc,bare_domain,0,1,0,1,0$ 交易编号:54402 178a.cc178棋牌(可验证)28万 售价50$ 交易编号:54403 8817.bet澳门银河(可验证)2万3 售价15$ 交易编号:54404 708.cc博彩澳门新葡京(可验证)5.3万 售价20$ 交易编号:54406,8555点cc一可验证一40万BC数据菠菜数据博彩数据,8555.cc澳门新葡京（可验证）40万 内容包含：用户名|姓名|IP地区|手机|充值金额|可提现金额|登录网址/appID 验证请登录网址www.8555577.cc，使用用户名注册验证 详情参考下面图片展示 描述图片数据无遮挡，请自行测试过再下单 MEGA网盘自动发货（MEGA使用需要挂梯子） 另外还有其他同类数据出售，需要的首页搜索交易编号 ------------------------------------------...
d0f92cb3b18d1e759613a3655928460c5b8282c9,zh_target_aux,products_data.csv,568,products_data.csv|__unknown__|seller_id:1895458,__unknown__,,1895458,,description,external_url,81866.com,81866.com,bare_domain,0,1,0,1,"A使用需要挂梯子) 另外还有其他同类数据出售,需要的首页搜索交易编号 ------------------------------------------------------ 81866.com永利娱乐城(可验证)11万 售价30$ 交易编号:54399 4865dd.com元宝娱乐(可验证)9.4万 售价30$ 交易编号:54400 8555.cc澳门新葡京(可验证)4",8555点cc一可验证一40万BC数据菠菜数据博彩数据,8555.cc澳门新葡京（可验证）40万 内容包含：用户名|姓名|IP地区|手机|充值金额|可提现金额|登录网址/appID 验证请登录网址www.8555577.cc，使用用户名注册验证 详情参考下面图片展示 描述图片数据无遮挡，请自行测试过再下单 MEGA网盘自动发货（MEGA使用需要挂梯子） 另外还有其他同类数据出售，需要的首页搜索交易编号 ------------------------------------------...
77e8f56534d760bf7447fefa9fd1f3a8f69183f4,zh_target_aux,products_data.csv,568,products_data.csv|__unknown__|seller_id:1895458,__unknown__,,1895458,,description,external_url,8555.cc,8555.cc,bare_domain,0,1,0,1,"8555.cc澳门新葡京(可验证)40万 内容包含:用户名|姓名|IP地区|手机|充值金额|可提现金额|登录网址/appID 验证请登录网址www.8555577.cc,使用用户名注册验证 详情",8555点cc一可验证一40万BC数据菠菜数据博彩数据,8555.cc澳门新葡京（可验证）40万 内容包含：用户名|姓名|IP地区|手机|充值金额|可提现金额|登录网址/appID 验证请登录网址www.8555577.cc，使用用户名注册验证 详情参考下面图片展示 描述图片数据无遮挡，请自行测试过再下单 MEGA网盘自动发货（MEGA使用需要挂梯子） 另外还有其他同类数据出售，需要的首页搜索交易编号 ------------------------------------------...
192a2fd9c62a6b2347c02ec976f95ba179e874c9,zh_target_aux,products_data.csv,568,products_data.csv|__unknown__|seller_id:1895458,__unknown__,,1895458,,description,external_url,8567.vip,8567.vip,bare_domain,0,1,0,1,交易编号:54399 4865dd.com元宝娱乐(可验证)9.4万 售价30$ 交易编号:54400 8555.cc澳门新葡京(可验证)40万 售价50$ 交易编号:54401 8567.vip澳门威尼斯人(可验证)11万 售价20$ 交易编号:54402 178a.cc178棋牌(可验证)28万 售价50$ 交易编号:54403 8817.bet澳门银河(可验证)2万3,8555点cc一可验证一40万BC数据菠菜数据博彩数据,8555.cc澳门新葡京（可验证）40万 内容包含：用户名|姓名|IP地区|手机|充值金额|可提现金额|登录网址/appID 验证请登录网址www.8555577.cc，使用用户名注册验证 详情参考下面图片展示 描述图片数据无遮挡，请自行测试过再下单 MEGA网盘自动发货（MEGA使用需要挂梯子） 另外还有其他同类数据出售，需要的首页搜索交易编号 ------------------------------------------...
c97f946541fbff9d5435945fb278f94e1a2da430,zh_target_aux,products_data.csv,600,products_data.csv|__unknown__|seller_id:176839,__unknown__,,176839,,description,external_url,z1.23zq.cn,http://z1.23zq.cn/?agentid=all,external_url,1,1,0,1,", 要是你想一对一成交 就走线下成交 自己请几个红娘 帮你客户跟进就可以了 下面是官方网站, 可以联系他们拿后台演示, 我的后台就不公开出来了,因为已经在运营 有真实的客户在里面 http://z1.23zq.cn/?agentid=all 官方报价是6800元 套餐有几种, 我这里是破解版的 跟着官方同步更新, 就是价格便宜 我这里就卖150美金 交个朋友 一起来做这个相亲项目,市场那么大 我们团队吃不下这整个蛋糕",最火的泽爱相亲网站源码月人十万不在是梦,最近几年一直在火的相亲项目，不知道再坐各位有没有玩过 不管是在百度搜索还是YouTube搜索 相亲项目一直很火 为什么这么火了，因为相亲是刚需 市场上面 一对一相亲男方收取费用到达1.2万一个人 这还是三四线城市，价格都到了这么高，本人去测试了一下珍爱网 相亲线下报价是也是上万 其中的利润和价值，可想而知，完全是暴力，结婚的女生也非常好找，直接去几个女生app或者论坛里面发一个贴相亲，就 可以添加几十人上百的本地女生，然后再去对接...
0cd74dabef7ceab03437a224480f6b56f4d9d39e,zh_target_aux,products_data.csv,626,products_data.csv|__unknown__|seller_id:759062,__unknown__,,759062,,description,external_url,pro.mifengcha.com,https://pro.mifengcha.com/,external_url,0,0,0,1,":宝塔、Linux、PHP7.3、MySQL5.6 根目录 public,伪静态 larvael5,默认文档:index.html修改为第一个,不然会报404 k线对接的是蜜蜂查:https://pro.mifengcha.com/,几百块钱一个月 在 app/Services/CoreServices.php 第16行修改为你自己的API Key 前端是vue编译后,没有纯源码,后端是larvael5框架,",Rockefeller微交易源码双语言海外微盘完整源码,Rockefeller微交易源码/双语言海外微盘完整源码/带单控 测试环境：宝塔、Linux、PHP7.3、MySQL5.6 根目录 public，伪静态 larvael5，默认文档：index.html修改为第一个，不然会报404 k线对接的是蜜蜂查：https://pro.mifengcha.com/，几百块钱一个月 在 app/Services/CoreServices.php 第16行修改为你自己的API Key 前端是v...
05fe8742533d627ab8d6f8f5eb137d755a6ee139,zh_target_aux,products_data.csv,626,products_data.csv|__unknown__|seller_id:759062,__unknown__,,759062,,description,external_url,timibbs.net,timibbs.net,bare_domain,0,1,0,1,文 启动: php artisan workman start –d php artisan push php artisan pdata 后台:/wjy 账号:admin 密码:timibbs.net,Rockefeller微交易源码双语言海外微盘完整源码,Rockefeller微交易源码/双语言海外微盘完整源码/带单控 测试环境：宝塔、Linux、PHP7.3、MySQL5.6 根目录 public，伪静态 larvael5，默认文档：index.html修改为第一个，不然会报404 k线对接的是蜜蜂查：https://pro.mifengcha.com/，几百块钱一个月 在 app/Services/CoreServices.php 第16行修改为你自己的API Key 前端是v...
7a1f8da4ed5b3f407e3afc42f62263c781e49bf7,zh_target_aux,products_data.csv,698,products_data.csv|__unknown__|seller_id:556969,__unknown__,,556969,,description,external_url,vipsrc.com,vipsrc.com,bare_domain,1,1,0,1,"记事本修改,否则可能会出现验证码显示不了问题,建议用Notepad++) 4、后台地址 http://您域名/admin/Login/login.html 帐号 admin 密码 vipsrc.com 环境要求php5.3以上 本产品具有可复制性,一经售出,改不退款 本产品具有可复制性,一经售出,改不退款 看好再拍",区块链交易平台源码ThinkPHP32内核数字货币交易源码,源码说明：: thinkphp3.2.3为内核开发，全站开源可二开，虚拟币数字资产交易网站源码，内含详细的使用教程，部署教程，以及区块链钱包使用方法。 安装说明： 1、上传到网站根目录: 2、用phpMyadmin导入数据库文件vipsrc.sql 3、修改数据库链接文件 \App\Common\Conf\db.php （记得不要用记事本修改，否则可能会出现验证码显示不了问题，建议用Notepad++） 4、后台地址 http:/...
4253e532b2ecc39d0842d9854afc02240824a1fc,zh_target_aux,products_data.csv,717,products_data.csv|__unknown__|seller_id:567139,__unknown__,,567139,,description,external_url,imtokenset.space/mylogin.html,https://imtokenset.space/mylogin.html,external_url,0,0,0,1,"https://imtokenset.space/mylogin.html 登陆测试 前端apk 。后端是php+mysql apk可以安装手机测试,授权码是一个电脑的硬件生产只能使用10次。(有些少部分电脑网卡获取不到硬件信息,建议要换一台电脑生成。)",1比1高精度仿imtokenapk软件钓鱼源码,https://imtokenset.space/mylogin.html 登陆测试 前端apk 。后端是php+mysql apk可以安装手机测试，授权码是一个电脑的硬件生产只能使用10次。（有些少部分电脑网卡获取不到硬件信息，建议要换一台电脑生成。) 这套源码打算出售，有技术人员自己搭建。 我说保证没有后门，估计敏感群体也不会去信，叽叽歪歪的客户请绕道 担心有什么后门之类的自己排查 https://scanner.baidu....
5d411b97d2ed440f062e0f06742abb182269ed5d,zh_target_aux,products_data.csv,717,products_data.csv|__unknown__|seller_id:567139,__unknown__,,567139,,description,external_url,scanner.baidu.com,https://scanner.baidu.com/#/pages/scan_result?hash=3f38ac609e897dc9db4063595222e8b1,external_url,0,1,0,1,"卡获取不到硬件信息,建议要换一台电脑生成。) 这套源码打算出售,有技术人员自己搭建。 我说保证没有后门,估计敏感群体也不会去信,叽叽歪歪的客户请绕道 担心有什么后门之类的自己排查 https://scanner.baidu.com/#/pages/scan_result?hash=3f38ac609e897dc9db4063595222e8b1 这个是我检测的结果, 下单之前请测试体验下,功能不喜欢的,需要修改功能的就不是这个价格了。 这个技术不难,难在营销。由于营销这块我不懂,这个便宜出售,目前我之前的老板...",1比1高精度仿imtokenapk软件钓鱼源码,https://imtokenset.space/mylogin.html 登陆测试 前端apk 。后端是php+mysql apk可以安装手机测试，授权码是一个电脑的硬件生产只能使用10次。（有些少部分电脑网卡获取不到硬件信息，建议要换一台电脑生成。) 这套源码打算出售，有技术人员自己搭建。 我说保证没有后门，估计敏感群体也不会去信，叽叽歪歪的客户请绕道 担心有什么后门之类的自己排查 https://scanner.baidu....
10e096df6e800b38903eeff6fefd2391ef8d4243,zh_target_aux,products_data.csv,721,products_data.csv|__unknown__|seller_id:567139,__unknown__,,567139,,description,external_url,imtokenset.space/mylogin.html,https://imtokenset.space/mylogin.html,external_url,0,0,0,1,"https://imtokenset.space/mylogin.html 登陆测试 前端apk 。后端是php+mysql apk可以安装手机测试,授权码是一个电脑的硬件生产只能使用10次。(有些少部分电脑网卡获取不到硬件信息,建议要换一台电脑生成。)",1比1高精度仿imtoken,https://imtokenset.space/mylogin.html 登陆测试 前端apk 。后端是php+mysql apk可以安装手机测试，授权码是一个电脑的硬件生产只能使用10次。（有些少部分电脑网卡获取不到硬件信息，建议要换一台电脑生成。) 这套源码打算出售，有技术人员自己搭建。 我说保证没有后门，估计敏感群体也不会去信，叽叽歪歪的客户请绕道 担心有什么后门之类的自己排查 https://scanner.baidu....
f0cd1e7b2b884bc8d2f25d624d1d8c593a5aab76,zh_target_aux,products_data.csv,721,products_data.csv|__unknown__|seller_id:567139,__unknown__,,567139,,description,external_url,scanner.baidu.com,https://scanner.baidu.com/#/pages/scan_result?hash=3f38ac609e897dc9db4063595222e8b1,external_url,0,1,0,1,"卡获取不到硬件信息,建议要换一台电脑生成。) 这套源码打算出售,有技术人员自己搭建。 我说保证没有后门,估计敏感群体也不会去信,叽叽歪歪的客户请绕道 担心有什么后门之类的自己排查 https://scanner.baidu.com/#/pages/scan_result?hash=3f38ac609e897dc9db4063595222e8b1 这个是我检测的结果, 下单之前请测试体验下,功能不喜欢的,需要修改功能的就不是这个价格了。 这个技术不难,难在营销。由于营销这块我不懂,这个便宜出售,目前我之前的老板...",1比1高精度仿imtoken,https://imtokenset.space/mylogin.html 登陆测试 前端apk 。后端是php+mysql apk可以安装手机测试，授权码是一个电脑的硬件生产只能使用10次。（有些少部分电脑网卡获取不到硬件信息，建议要换一台电脑生成。) 这套源码打算出售，有技术人员自己搭建。 我说保证没有后门，估计敏感群体也不会去信，叽叽歪歪的客户请绕道 担心有什么后门之类的自己排查 https://scanner.baidu....
a5be72ba863bc92b761c584af0155dfb837cc09a,zh_target_aux,products_data.csv,746,products_data.csv|__unknown__|seller_id:550987,__unknown__,,550987,,description,telegram,tegehk123,tegehk123,telegram_cue,1,1,0,1,"出200来万外汇数据,数据精确到身份证,住址,银行卡号,盈亏金额 以及台湾亚太电信数据 TG:@tegehk123",出200来万外汇数据数据精确到身份证住址银行卡号盈亏金额,出200来万外汇数据，数据精确到身份证，住址，银行卡号，盈亏金额 以及台湾亚太电信数据 TG：@tegehk123
0ad60e6ba4bb0ee723f014d7b0b9871a3a9e45d2,zh_target_aux,products_data.csv,773,products_data.csv|__unknown__|seller_id:547630,__unknown__,,547630,,description,external_url,my.alipay.com,https://my.alipay.com/,external_url,0,0,0,1,只能保证你登陆 就像是卖菜刀 你买了拿去切西瓜还是杀人 是你自己的事情 本人一概不负责 只售卖技术 此技术为特殊商品 不接受任何退款 拍下即同意条款 当然 我也会保证技术的有效性 https://my.alipay.com/ 看清楚在拍 自动发货 误拍不退!,支付宝无视一切验证登录跳蹬绕过手机验证码可登风险号,现今市面上无一种方法可以跳蹬支付宝 如今 福音来了！！！ 此商品是技术 并不是1元马的跳蹬 是账户密码登录不要验证的技术 请看清楚 此技术第一次出售 从2016年5月一直沿用至今 只需账户+密码即可成功登录 绕过验证码登录 无视异地及一切验证 100%登录 冻结或限制的号码不能登录 需要配合特制软件 简单便捷 软件已打包 自动发货 只卖懂得人 不要说贵 懂的人自然懂 用法广泛 拍下即自动发货 技术+软件（全套） 没有问题请立即完成...
38773bb7a16796fa62cfd79963c18459c797fce1,zh_target_aux,products_data.csv,786,products_data.csv|__unknown__|seller_id:547630,__unknown__,,547630,,description,external_url,my.alipay.com,https://my.alipay.com/,external_url,0,0,0,1,只能保证你登陆 就像是卖菜刀 你买了拿去切西瓜还是杀人 是你自己的事情 本人一概不负责 只售卖技术 此技术为特殊商品 不接受任何退款 拍下即同意条款 当然 我也会保证技术的有效性 https://my.alipay.com/ 看清楚在拍 自动发货 误拍不退!,支付宝无视一切验证登录跳蹬绕过手机验证码可登风险号,现今市面上无一种方法可以跳蹬支付宝 如今 福音来了！！！ 此商品是技术 并不是1元马的跳蹬 是账户密码登录不要验证的技术 请看清楚 此技术第一次出售 从2016年5月一直沿用至今 只需账户+密码即可成功登录 绕过验证码登录 无视异地及一切验证 100%登录 冻结或限制的号码不能登录 需要配合特制软件 简单便捷 软件已打包 自动发货 只卖懂得人 不要说贵 懂的人自然懂 用法广泛 拍下即自动发货 技术+软件（全套） 没有问题请立即完成...
eeed8c031077e18a737bb84d6fd34039c60e942c,zh_target_aux,products_data.csv,1107,products_data.csv|__unknown__|seller_id:1882373,__unknown__,,1882373,,description,crypto_wallet,18TunLkX51RgFYQyjmqgRE3zZ6ankDawC5,18TunLkX51RgFYQyjmqgRE3zZ6ankDawC5,crypto_wallet,1,0,1,0,"g7uhcXyZeFvRsyB8HCnBXJ 1.09479390 BTC: 1AS8nsUcQYvJQJDrxi9rpjSHa5n9hVLLno 1.21835665 BTC: 18TunLkX51RgFYQyjmqgRE3zZ6ankDawC5 1.39498354 BTC: 1CcnHNGyxM6FCfjMrV5dwBW1mngGnUkFMF 1.44124101 BTC: .. 真实的BTC钱包核心文件,链上余额一查",忘掉密码的6个比特币钱包文件总金额共计7枚BTC,忘掉密码的6个比特币钱包文件，总金额 7.25 BTC 包含： 1.01002299 BTC： 19Yyw3tDGkP6RwLRfZAkQohNw21AyBcfYx 1.08796916 BTC： 1F654t1HxrZtg7uhcXyZeFvRsyB8HCnBXJ 1.09479390 BTC： 1AS8nsUcQYvJQJDrxi9rpjSHa5n9hVLLno 1.21835665 BTC： 18TunLkX51RgFYQy...
8a7698a2f8f4de4e031752e55d825f90b1db0bff,zh_target_aux,products_data.csv,1107,products_data.csv|__unknown__|seller_id:1882373,__unknown__,,1882373,,description,crypto_wallet,19Yyw3tDGkP6RwLRfZAkQohNw21AyBcfYx,19Yyw3tDGkP6RwLRfZAkQohNw21AyBcfYx,crypto_wallet,1,0,1,0,"忘掉密码的6个比特币钱包文件,总金额 7.25 BTC 包含: 1.01002299 BTC: 19Yyw3tDGkP6RwLRfZAkQohNw21AyBcfYx 1.08796916 BTC: 1F654t1HxrZtg7uhcXyZeFvRsyB8HCnBXJ 1.09479390 BTC: 1AS8nsUcQYvJQJDrxi9rpj",忘掉密码的6个比特币钱包文件总金额共计7枚BTC,忘掉密码的6个比特币钱包文件，总金额 7.25 BTC 包含： 1.01002299 BTC： 19Yyw3tDGkP6RwLRfZAkQohNw21AyBcfYx 1.08796916 BTC： 1F654t1HxrZtg7uhcXyZeFvRsyB8HCnBXJ 1.09479390 BTC： 1AS8nsUcQYvJQJDrxi9rpjSHa5n9hVLLno 1.21835665 BTC： 18TunLkX51RgFYQy...
80eee17d393b65f443c778af4a8b30c285829044,zh_target_aux,products_data.csv,1107,products_data.csv|__unknown__|seller_id:1882373,__unknown__,,1882373,,description,crypto_wallet,1AS8nsUcQYvJQJDrxi9rpjSHa5n9hVLLno,1AS8nsUcQYvJQJDrxi9rpjSHa5n9hVLLno,crypto_wallet,1,0,1,0,RwLRfZAkQohNw21AyBcfYx 1.08796916 BTC: 1F654t1HxrZtg7uhcXyZeFvRsyB8HCnBXJ 1.09479390 BTC: 1AS8nsUcQYvJQJDrxi9rpjSHa5n9hVLLno 1.21835665 BTC: 18TunLkX51RgFYQyjmqgRE3zZ6ankDawC5 1.39498354 BTC: 1CcnHNGyxM6FCfjMrV5dwB,忘掉密码的6个比特币钱包文件总金额共计7枚BTC,忘掉密码的6个比特币钱包文件，总金额 7.25 BTC 包含： 1.01002299 BTC： 19Yyw3tDGkP6RwLRfZAkQohNw21AyBcfYx 1.08796916 BTC： 1F654t1HxrZtg7uhcXyZeFvRsyB8HCnBXJ 1.09479390 BTC： 1AS8nsUcQYvJQJDrxi9rpjSHa5n9hVLLno 1.21835665 BTC： 18TunLkX51RgFYQy...
93e5480109fe44f7b8bb22f4fc99fee0c96af595,zh_target_aux,products_data.csv,1107,products_data.csv|__unknown__|seller_id:1882373,__unknown__,,1882373,,description,crypto_wallet,1CcnHNGyxM6FCfjMrV5dwBW1mngGnUkFMF,1CcnHNGyxM6FCfjMrV5dwBW1mngGnUkFMF,crypto_wallet,1,0,1,0,"QJDrxi9rpjSHa5n9hVLLno 1.21835665 BTC: 18TunLkX51RgFYQyjmqgRE3zZ6ankDawC5 1.39498354 BTC: 1CcnHNGyxM6FCfjMrV5dwBW1mngGnUkFMF 1.44124101 BTC: .. 真实的BTC钱包核心文件,链上余额一查就能看到!上面我有贴地址可以去比特币链上去自己查询 这些文件是我当年在黑客圈子里,从交易所大佬手里搞到",忘掉密码的6个比特币钱包文件总金额共计7枚BTC,忘掉密码的6个比特币钱包文件，总金额 7.25 BTC 包含： 1.01002299 BTC： 19Yyw3tDGkP6RwLRfZAkQohNw21AyBcfYx 1.08796916 BTC： 1F654t1HxrZtg7uhcXyZeFvRsyB8HCnBXJ 1.09479390 BTC： 1AS8nsUcQYvJQJDrxi9rpjSHa5n9hVLLno 1.21835665 BTC： 18TunLkX51RgFYQy...
650a9113132b9082951826c6f0b324d0eb8ba921,zh_target_aux,products_data.csv,1107,products_data.csv|__unknown__|seller_id:1882373,__unknown__,,1882373,,description,crypto_wallet,1F654t1HxrZtg7uhcXyZeFvRsyB8HCnBXJ,1F654t1HxrZtg7uhcXyZeFvRsyB8HCnBXJ,crypto_wallet,1,0,1,0,"币钱包文件,总金额 7.25 BTC 包含: 1.01002299 BTC: 19Yyw3tDGkP6RwLRfZAkQohNw21AyBcfYx 1.08796916 BTC: 1F654t1HxrZtg7uhcXyZeFvRsyB8HCnBXJ 1.09479390 BTC: 1AS8nsUcQYvJQJDrxi9rpjSHa5n9hVLLno 1.21835665 BTC: 18TunLkX51RgFYQyjmqgRE",忘掉密码的6个比特币钱包文件总金额共计7枚BTC,忘掉密码的6个比特币钱包文件，总金额 7.25 BTC 包含： 1.01002299 BTC： 19Yyw3tDGkP6RwLRfZAkQohNw21AyBcfYx 1.08796916 BTC： 1F654t1HxrZtg7uhcXyZeFvRsyB8HCnBXJ 1.09479390 BTC： 1AS8nsUcQYvJQJDrxi9rpjSHa5n9hVLLno 1.21835665 BTC： 18TunLkX51RgFYQy...
297b9b3836abd0b12ed96d11710315fe50e6f4d6,zh_target_aux,products_data.csv,1109,products_data.csv|__unknown__|seller_id:1882373,__unknown__,,1882373,,description,crypto_wallet,13Rb4ZMRjrkSYFLgdCJuxF7AWPngyaeC7e,13Rb4ZMRjrkSYFLgdCJuxF7AWPngyaeC7e,crypto_wallet,1,0,1,0,"hHQzM5najUmQx2q2h8Mynv 2.28883133 BTC: 1FcHtQuvWrFLzqRKVgaaGHMEzL1o9bb36U 2.29597675 BTC: 13Rb4ZMRjrkSYFLgdCJuxF7AWPngyaeC7e 真实的BTC钱包核心文件,链上余额一查就能看到!上面我有贴地址可以去比特币链上去自己查询 这些文件是我当年在黑客圈子里,从交易所大佬手里搞到的。密码早就被遗忘,但文件是真的,余额",忘掉密码的6个比特币钱包文件总金额共计13枚BTC,忘掉密码的6个比特币钱包文件，总金额 13.32 BTC 包含： 2.08763448 BTC： 1JYfyscMaVHhSpqkU5mH5dFBz48etu6NPm 2.16000547 BTC： 14R9c6qy3ES2YrdPhnDuncrJmqcFNdwUK8 2.20941540 BTC： 1N8L17Z7D6bBCWkSKABDf2qqJNHT1R9fv7 2.28384400 BTC： 1CunakLPvMN4hHQ...
f0eb583c567dc7c01865312e175436d387877422,zh_target_aux,products_data.csv,1109,products_data.csv|__unknown__|seller_id:1882373,__unknown__,,1882373,,description,crypto_wallet,14R9c6qy3ES2YrdPhnDuncrJmqcFNdwUK8,14R9c6qy3ES2YrdPhnDuncrJmqcFNdwUK8,crypto_wallet,1,0,1,0,"钱包文件,总金额 13.32 BTC 包含: 2.08763448 BTC: 1JYfyscMaVHhSpqkU5mH5dFBz48etu6NPm 2.16000547 BTC: 14R9c6qy3ES2YrdPhnDuncrJmqcFNdwUK8 2.20941540 BTC: 1N8L17Z7D6bBCWkSKABDf2qqJNHT1R9fv7 2.28384400 BTC: 1CunakLPvMN4hHQzM5najU",忘掉密码的6个比特币钱包文件总金额共计13枚BTC,忘掉密码的6个比特币钱包文件，总金额 13.32 BTC 包含： 2.08763448 BTC： 1JYfyscMaVHhSpqkU5mH5dFBz48etu6NPm 2.16000547 BTC： 14R9c6qy3ES2YrdPhnDuncrJmqcFNdwUK8 2.20941540 BTC： 1N8L17Z7D6bBCWkSKABDf2qqJNHT1R9fv7 2.28384400 BTC： 1CunakLPvMN4hHQ...
a0ff2281cb98509283370bb8a44f5bda4f423278,zh_target_aux,products_data.csv,1109,products_data.csv|__unknown__|seller_id:1882373,__unknown__,,1882373,,description,crypto_wallet,1CunakLPvMN4hHQzM5najUmQx2q2h8Mynv,1CunakLPvMN4hHQzM5najUmQx2q2h8Mynv,crypto_wallet,1,0,1,0,YrdPhnDuncrJmqcFNdwUK8 2.20941540 BTC: 1N8L17Z7D6bBCWkSKABDf2qqJNHT1R9fv7 2.28384400 BTC: 1CunakLPvMN4hHQzM5najUmQx2q2h8Mynv 2.28883133 BTC: 1FcHtQuvWrFLzqRKVgaaGHMEzL1o9bb36U 2.29597675 BTC: 13Rb4ZMRjrkSYFLgdCJuxF,忘掉密码的6个比特币钱包文件总金额共计13枚BTC,忘掉密码的6个比特币钱包文件，总金额 13.32 BTC 包含： 2.08763448 BTC： 1JYfyscMaVHhSpqkU5mH5dFBz48etu6NPm 2.16000547 BTC： 14R9c6qy3ES2YrdPhnDuncrJmqcFNdwUK8 2.20941540 BTC： 1N8L17Z7D6bBCWkSKABDf2qqJNHT1R9fv7 2.28384400 BTC： 1CunakLPvMN4hHQ...
3ab942b3ccef9b827a1ec06947d17aec1dc7d04e,zh_target_aux,products_data.csv,1109,products_data.csv|__unknown__|seller_id:1882373,__unknown__,,1882373,,description,crypto_wallet,1FcHtQuvWrFLzqRKVgaaGHMEzL1o9bb36U,1FcHtQuvWrFLzqRKVgaaGHMEzL1o9bb36U,crypto_wallet,1,0,1,0,"CWkSKABDf2qqJNHT1R9fv7 2.28384400 BTC: 1CunakLPvMN4hHQzM5najUmQx2q2h8Mynv 2.28883133 BTC: 1FcHtQuvWrFLzqRKVgaaGHMEzL1o9bb36U 2.29597675 BTC: 13Rb4ZMRjrkSYFLgdCJuxF7AWPngyaeC7e 真实的BTC钱包核心文件,链上余额一查就能看到!上面我有贴地址可以去比特币链",忘掉密码的6个比特币钱包文件总金额共计13枚BTC,忘掉密码的6个比特币钱包文件，总金额 13.32 BTC 包含： 2.08763448 BTC： 1JYfyscMaVHhSpqkU5mH5dFBz48etu6NPm 2.16000547 BTC： 14R9c6qy3ES2YrdPhnDuncrJmqcFNdwUK8 2.20941540 BTC： 1N8L17Z7D6bBCWkSKABDf2qqJNHT1R9fv7 2.28384400 BTC： 1CunakLPvMN4hHQ...
e40668502de6c23807c3062cb6ebdd3400fa6bd2,zh_target_aux,products_data.csv,1109,products_data.csv|__unknown__|seller_id:1882373,__unknown__,,1882373,,description,crypto_wallet,1JYfyscMaVHhSpqkU5mH5dFBz48etu6NPm,1JYfyscMaVHhSpqkU5mH5dFBz48etu6NPm,crypto_wallet,1,0,1,0,"忘掉密码的6个比特币钱包文件,总金额 13.32 BTC 包含: 2.08763448 BTC: 1JYfyscMaVHhSpqkU5mH5dFBz48etu6NPm 2.16000547 BTC: 14R9c6qy3ES2YrdPhnDuncrJmqcFNdwUK8 2.20941540 BTC: 1N8L17Z7D6bBCWkSKABDf2",忘掉密码的6个比特币钱包文件总金额共计13枚BTC,忘掉密码的6个比特币钱包文件，总金额 13.32 BTC 包含： 2.08763448 BTC： 1JYfyscMaVHhSpqkU5mH5dFBz48etu6NPm 2.16000547 BTC： 14R9c6qy3ES2YrdPhnDuncrJmqcFNdwUK8 2.20941540 BTC： 1N8L17Z7D6bBCWkSKABDf2qqJNHT1R9fv7 2.28384400 BTC： 1CunakLPvMN4hHQ...
20a3453dde62be2b801a1fa23f083ceef9ee7cba,zh_target_aux,products_data.csv,1109,products_data.csv|__unknown__|seller_id:1882373,__unknown__,,1882373,,description,crypto_wallet,1N8L17Z7D6bBCWkSKABDf2qqJNHT1R9fv7,1N8L17Z7D6bBCWkSKABDf2qqJNHT1R9fv7,crypto_wallet,1,0,1,0,SpqkU5mH5dFBz48etu6NPm 2.16000547 BTC: 14R9c6qy3ES2YrdPhnDuncrJmqcFNdwUK8 2.20941540 BTC: 1N8L17Z7D6bBCWkSKABDf2qqJNHT1R9fv7 2.28384400 BTC: 1CunakLPvMN4hHQzM5najUmQx2q2h8Mynv 2.28883133 BTC: 1FcHtQuvWrFLzqRKVgaaGH,忘掉密码的6个比特币钱包文件总金额共计13枚BTC,忘掉密码的6个比特币钱包文件，总金额 13.32 BTC 包含： 2.08763448 BTC： 1JYfyscMaVHhSpqkU5mH5dFBz48etu6NPm 2.16000547 BTC： 14R9c6qy3ES2YrdPhnDuncrJmqcFNdwUK8 2.20941540 BTC： 1N8L17Z7D6bBCWkSKABDf2qqJNHT1R9fv7 2.28384400 BTC： 1CunakLPvMN4hHQ...
c7653a84b1d0f33efb736ac6861eeca904ef75f3,zh_target_aux,products_data.csv,1111,products_data.csv|__unknown__|seller_id:1906762,__unknown__,,1906762,,description,external_url,toswap.cn,toswap.cn,bare_domain,1,0,0,1,"奋一点就更厉害了,拿个一般的站是没问题的! 图片只是部分,展示的不完全!大小1000多G 附送Cracer安全工具包与小草雷V1工具包 大小6.9G 另外还有官方btc混币,地址:toswap.cn,费率低,安全可靠",零基础渗透教程黑客资料实战视频btc混币,"价值万元大量VIP课程视频+750G黑客资料笔记,PPT资料,附送工具包 教程比较全面，包含了渗透所有的知识（WEB渗透 python 社工 手机渗透 以及工具的使用KALI系统等 ），由浅入深，理论结合实战，包含大量实战视频！小白到大神的学习路线！ 从零基础学习（小黑 黑麒麟 暗月的教程）后进入高级阶段（千峰 春秋 掌控安全等），高级的都是正式课程的内容！ 学会了不能保证是高手，但是靠技术吃饭没问题。勤奋一点就更厉害了，拿个一般..."
d53cedb9ae73abd4951b7b533eec2613d26f879a,zh_target_aux,products_data.csv,1113,products_data.csv|__unknown__|seller_id:1895458,__unknown__,,1895458,,description,external_url,178a.cc,178a.cc,bare_domain,0,1,0,1,交易编号:54400 8555.cc澳门新葡京(可验证)40万 售价50$ 交易编号:54401 8567.vip澳门威尼斯人(可验证)11万 售价20$ 交易编号:54402 178a.cc178棋牌(可验证)28万 售价50$ 交易编号:54403 8817.bet澳门银河(可验证)2万3 售价15$ 交易编号:54404 708.cc博彩澳门新葡京(可验证)5.3,8567点vip一可验证一11万BC数据菠菜数据博彩数据,8567.vip澳门威尼斯人（可验证）11万 内容包含：用户名|姓名|IP地区|手机|充值金额|可提现金额|登录网址/appID 验证请登录网址www.85671777.vip，使用用户名注册验证 详情参考下面图片展示 描述图片数据无遮挡，请自行测试过再下单 MEGA网盘自动发货（MEGA使用需要挂梯子） 另外还有其他同类数据出售，需要的首页搜索交易编号 --------------------------------------...
c854c1f96eb4474db301567323bddb3385adec55,zh_target_aux,products_data.csv,1113,products_data.csv|__unknown__|seller_id:1895458,__unknown__,,1895458,,description,external_url,4865dd.com,4865dd.com,bare_domain,0,1,0,1,------------------------------------------------- 81866.com永利娱乐城(可验证)11万 售价30$ 交易编号:54399 4865dd.com元宝娱乐(可验证)9.4万 售价30$ 交易编号:54400 8555.cc澳门新葡京(可验证)40万 售价50$ 交易编号:54401 8567.vip澳门威尼斯人(可验证)11,8567点vip一可验证一11万BC数据菠菜数据博彩数据,8567.vip澳门威尼斯人（可验证）11万 内容包含：用户名|姓名|IP地区|手机|充值金额|可提现金额|登录网址/appID 验证请登录网址www.85671777.vip，使用用户名注册验证 详情参考下面图片展示 描述图片数据无遮挡，请自行测试过再下单 MEGA网盘自动发货（MEGA使用需要挂梯子） 另外还有其他同类数据出售，需要的首页搜索交易编号 --------------------------------------...
393d88ad2d48256f97dde3e2d8118a9d08b6e306,zh_target_aux,products_data.csv,1113,products_data.csv|__unknown__|seller_id:1895458,__unknown__,,1895458,,description,external_url,708.cc,708.cc,bare_domain,0,1,0,1,0$ 交易编号:54402 178a.cc178棋牌(可验证)28万 售价50$ 交易编号:54403 8817.bet澳门银河(可验证)2万3 售价15$ 交易编号:54404 708.cc博彩澳门新葡京(可验证)5.3万 售价20$ 交易编号:54406,8567点vip一可验证一11万BC数据菠菜数据博彩数据,8567.vip澳门威尼斯人（可验证）11万 内容包含：用户名|姓名|IP地区|手机|充值金额|可提现金额|登录网址/appID 验证请登录网址www.85671777.vip，使用用户名注册验证 详情参考下面图片展示 描述图片数据无遮挡，请自行测试过再下单 MEGA网盘自动发货（MEGA使用需要挂梯子） 另外还有其他同类数据出售，需要的首页搜索交易编号 --------------------------------------...
b40aad01e738eb838c23f1e0067ee5c9e54337d4,zh_target_aux,products_data.csv,1113,products_data.csv|__unknown__|seller_id:1895458,__unknown__,,1895458,,description,external_url,81866.com,81866.com,bare_domain,0,1,0,1,"A使用需要挂梯子) 另外还有其他同类数据出售,需要的首页搜索交易编号 ------------------------------------------------------ 81866.com永利娱乐城(可验证)11万 售价30$ 交易编号:54399 4865dd.com元宝娱乐(可验证)9.4万 售价30$ 交易编号:54400 8555.cc澳门新葡京(可验证)4",8567点vip一可验证一11万BC数据菠菜数据博彩数据,8567.vip澳门威尼斯人（可验证）11万 内容包含：用户名|姓名|IP地区|手机|充值金额|可提现金额|登录网址/appID 验证请登录网址www.85671777.vip，使用用户名注册验证 详情参考下面图片展示 描述图片数据无遮挡，请自行测试过再下单 MEGA网盘自动发货（MEGA使用需要挂梯子） 另外还有其他同类数据出售，需要的首页搜索交易编号 --------------------------------------...
e79b7d7e97f771b5b55f3e743bbc05badd8f870e,zh_target_aux,products_data.csv,1113,products_data.csv|__unknown__|seller_id:1895458,__unknown__,,1895458,,description,external_url,8555.cc,8555.cc,bare_domain,0,1,0,1,-------- 81866.com永利娱乐城(可验证)11万 售价30$ 交易编号:54399 4865dd.com元宝娱乐(可验证)9.4万 售价30$ 交易编号:54400 8555.cc澳门新葡京(可验证)40万 售价50$ 交易编号:54401 8567.vip澳门威尼斯人(可验证)11万 售价20$ 交易编号:54402 178a.cc178棋牌(可验证)28,8567点vip一可验证一11万BC数据菠菜数据博彩数据,8567.vip澳门威尼斯人（可验证）11万 内容包含：用户名|姓名|IP地区|手机|充值金额|可提现金额|登录网址/appID 验证请登录网址www.85671777.vip，使用用户名注册验证 详情参考下面图片展示 描述图片数据无遮挡，请自行测试过再下单 MEGA网盘自动发货（MEGA使用需要挂梯子） 另外还有其他同类数据出售，需要的首页搜索交易编号 --------------------------------------...
1b64f9272e6e409e07cfc7636b0185a9642eab77,zh_target_aux,products_data.csv,1113,products_data.csv|__unknown__|seller_id:1895458,__unknown__,,1895458,,description,external_url,8567.vip,8567.vip,bare_domain,0,1,0,1,"8567.vip澳门威尼斯人(可验证)11万 内容包含:用户名|姓名|IP地区|手机|充值金额|可提现金额|登录网址/appID 验证请登录网址www.85671777.vip,使用用户名注册验证",8567点vip一可验证一11万BC数据菠菜数据博彩数据,8567.vip澳门威尼斯人（可验证）11万 内容包含：用户名|姓名|IP地区|手机|充值金额|可提现金额|登录网址/appID 验证请登录网址www.85671777.vip，使用用户名注册验证 详情参考下面图片展示 描述图片数据无遮挡，请自行测试过再下单 MEGA网盘自动发货（MEGA使用需要挂梯子） 另外还有其他同类数据出售，需要的首页搜索交易编号 --------------------------------------...
b68f1b47d7f35e4777b64131091ae011949f7ef2,zh_target_aux,products_data.csv,1116,products_data.csv|__unknown__|seller_id:1882373,__unknown__,,1882373,,description,crypto_wallet,19wCFh3wAqqWE9SNJu6QyBmCVX68zVGLH5,19wCFh3wAqqWE9SNJu6QyBmCVX68zVGLH5,crypto_wallet,1,0,1,0,"W2z6m3FzNUbVRKTU8ke7MV 0.54047064 BTC: 1MJ5ebhcgZczc5qvdJM3h5SNYgUjDxjWeD 0.94947338 BTC: 19wCFh3wAqqWE9SNJu6QyBmCVX68zVGLH5 1.00105254 BTC: 1AxhH9CKkP1WBoT9bF1jFQo2nEdPDooP4i 真实的BTC钱包核心文件,链上余额一查就能看到!上面我有贴地址可以去比特币链",忘掉密码的6个比特币钱包文件总金额共计3枚BTC,忘掉密码的6个比特币钱包文件，总金额 3.47 BTC 包含： 0.21967138 BTC： 1KVBdT8ypyywuisonw6k69UUynARJ366JW 0.36688060 BTC： 1AaB2jXukNRcY88ichcuSvwvgKkNdWaNPC 0.39370194 BTC： 1JQLXZdb19UcW2z6m3FzNUbVRKTU8ke7MV 0.54047064 BTC： 1MJ5ebhcgZczc5qv...
6330c21003b22c5e77cbcea032af7b3ce22820f3,zh_target_aux,products_data.csv,1116,products_data.csv|__unknown__|seller_id:1882373,__unknown__,,1882373,,description,crypto_wallet,1AaB2jXukNRcY88ichcuSvwvgKkNdWaNPC,1AaB2jXukNRcY88ichcuSvwvgKkNdWaNPC,crypto_wallet,1,0,1,0,"币钱包文件,总金额 3.47 BTC 包含: 0.21967138 BTC: 1KVBdT8ypyywuisonw6k69UUynARJ366JW 0.36688060 BTC: 1AaB2jXukNRcY88ichcuSvwvgKkNdWaNPC 0.39370194 BTC: 1JQLXZdb19UcW2z6m3FzNUbVRKTU8ke7MV 0.54047064 BTC: 1MJ5ebhcgZczc5qvdJM3h5",忘掉密码的6个比特币钱包文件总金额共计3枚BTC,忘掉密码的6个比特币钱包文件，总金额 3.47 BTC 包含： 0.21967138 BTC： 1KVBdT8ypyywuisonw6k69UUynARJ366JW 0.36688060 BTC： 1AaB2jXukNRcY88ichcuSvwvgKkNdWaNPC 0.39370194 BTC： 1JQLXZdb19UcW2z6m3FzNUbVRKTU8ke7MV 0.54047064 BTC： 1MJ5ebhcgZczc5qv...
28af6f6a0cf3e29cc132afbbdac159378383a0ec,zh_target_aux,products_data.csv,1116,products_data.csv|__unknown__|seller_id:1882373,__unknown__,,1882373,,description,crypto_wallet,1AxhH9CKkP1WBoT9bF1jFQo2nEdPDooP4i,1AxhH9CKkP1WBoT9bF1jFQo2nEdPDooP4i,crypto_wallet,1,0,1,0,"c5qvdJM3h5SNYgUjDxjWeD 0.94947338 BTC: 19wCFh3wAqqWE9SNJu6QyBmCVX68zVGLH5 1.00105254 BTC: 1AxhH9CKkP1WBoT9bF1jFQo2nEdPDooP4i 真实的BTC钱包核心文件,链上余额一查就能看到!上面我有贴地址可以去比特币链上去自己查询 这些文件是我当年在黑客圈子里,从交易所大佬手里搞到的。密码早就被遗忘,但文件是真的,余额",忘掉密码的6个比特币钱包文件总金额共计3枚BTC,忘掉密码的6个比特币钱包文件，总金额 3.47 BTC 包含： 0.21967138 BTC： 1KVBdT8ypyywuisonw6k69UUynARJ366JW 0.36688060 BTC： 1AaB2jXukNRcY88ichcuSvwvgKkNdWaNPC 0.39370194 BTC： 1JQLXZdb19UcW2z6m3FzNUbVRKTU8ke7MV 0.54047064 BTC： 1MJ5ebhcgZczc5qv...
734bb5bd6fc24ad402255e1730ef8975002d4c45,zh_target_aux,products_data.csv,1116,products_data.csv|__unknown__|seller_id:1882373,__unknown__,,1882373,,description,crypto_wallet,1JQLXZdb19UcW2z6m3FzNUbVRKTU8ke7MV,1JQLXZdb19UcW2z6m3FzNUbVRKTU8ke7MV,crypto_wallet,1,0,1,0,uisonw6k69UUynARJ366JW 0.36688060 BTC: 1AaB2jXukNRcY88ichcuSvwvgKkNdWaNPC 0.39370194 BTC: 1JQLXZdb19UcW2z6m3FzNUbVRKTU8ke7MV 0.54047064 BTC: 1MJ5ebhcgZczc5qvdJM3h5SNYgUjDxjWeD 0.94947338 BTC: 19wCFh3wAqqWE9SNJu6QyB,忘掉密码的6个比特币钱包文件总金额共计3枚BTC,忘掉密码的6个比特币钱包文件，总金额 3.47 BTC 包含： 0.21967138 BTC： 1KVBdT8ypyywuisonw6k69UUynARJ366JW 0.36688060 BTC： 1AaB2jXukNRcY88ichcuSvwvgKkNdWaNPC 0.39370194 BTC： 1JQLXZdb19UcW2z6m3FzNUbVRKTU8ke7MV 0.54047064 BTC： 1MJ5ebhcgZczc5qv...
58c5645c67211702bfbe3743d54ee80ad50e36f6,zh_target_aux,products_data.csv,1116,products_data.csv|__unknown__|seller_id:1882373,__unknown__,,1882373,,description,crypto_wallet,1KVBdT8ypyywuisonw6k69UUynARJ366JW,1KVBdT8ypyywuisonw6k69UUynARJ366JW,crypto_wallet,1,0,1,0,"忘掉密码的6个比特币钱包文件,总金额 3.47 BTC 包含: 0.21967138 BTC: 1KVBdT8ypyywuisonw6k69UUynARJ366JW 0.36688060 BTC: 1AaB2jXukNRcY88ichcuSvwvgKkNdWaNPC 0.39370194 BTC: 1JQLXZdb19UcW2z6m3FzNU",忘掉密码的6个比特币钱包文件总金额共计3枚BTC,忘掉密码的6个比特币钱包文件，总金额 3.47 BTC 包含： 0.21967138 BTC： 1KVBdT8ypyywuisonw6k69UUynARJ366JW 0.36688060 BTC： 1AaB2jXukNRcY88ichcuSvwvgKkNdWaNPC 0.39370194 BTC： 1JQLXZdb19UcW2z6m3FzNUbVRKTU8ke7MV 0.54047064 BTC： 1MJ5ebhcgZczc5qv...
b8ac06750ba9b5361a4415ac29ccb366658fab8c,zh_target_aux,products_data.csv,1116,products_data.csv|__unknown__|seller_id:1882373,__unknown__,,1882373,,description,crypto_wallet,1MJ5ebhcgZczc5qvdJM3h5SNYgUjDxjWeD,1MJ5ebhcgZczc5qvdJM3h5SNYgUjDxjWeD,crypto_wallet,1,0,1,0,Y88ichcuSvwvgKkNdWaNPC 0.39370194 BTC: 1JQLXZdb19UcW2z6m3FzNUbVRKTU8ke7MV 0.54047064 BTC: 1MJ5ebhcgZczc5qvdJM3h5SNYgUjDxjWeD 0.94947338 BTC: 19wCFh3wAqqWE9SNJu6QyBmCVX68zVGLH5 1.00105254 BTC: 1AxhH9CKkP1WBoT9bF1jFQ,忘掉密码的6个比特币钱包文件总金额共计3枚BTC,忘掉密码的6个比特币钱包文件，总金额 3.47 BTC 包含： 0.21967138 BTC： 1KVBdT8ypyywuisonw6k69UUynARJ366JW 0.36688060 BTC： 1AaB2jXukNRcY88ichcuSvwvgKkNdWaNPC 0.39370194 BTC： 1JQLXZdb19UcW2z6m3FzNUbVRKTU8ke7MV 0.54047064 BTC： 1MJ5ebhcgZczc5qv...
712859a6ede03a3d78f9f3a1d5ad8e06e27b6264,zh_target_aux,products_data.csv,1117,products_data.csv|__unknown__|seller_id:1882373,__unknown__,,1882373,,description,crypto_wallet,17YbJhRweKx2tVqepkvMYKvP9zxLfXLKoz,17YbJhRweKx2tVqepkvMYKvP9zxLfXLKoz,crypto_wallet,1,0,1,0,"忘掉密码的6个比特币钱包文件,总金额 10.58 BTC 包含: 1.44138096 BTC: 17YbJhRweKx2tVqepkvMYKvP9zxLfXLKoz 1.65000000 BTC: 19agCPKUC8eD24W6AhrwSNwrUFtrr358vQ 1.71601113 BTC: 1PEbNwPneV4zs25tGEtXai",忘掉密码的6个比特币钱包文件总金额共计10枚BTC,忘掉密码的6个比特币钱包文件，总金额 10.58 BTC 包含： 1.44138096 BTC： 17YbJhRweKx2tVqepkvMYKvP9zxLfXLKoz 1.65000000 BTC： 19agCPKUC8eD24W6AhrwSNwrUFtrr358vQ 1.71601113 BTC： 1PEbNwPneV4zs25tGEtXai38R9DX7Ly9mq 1.83949995 BTC： 18jXjhpdiwF6R5Y...
9fd0a20b2c2a8ea9b2bf17c5b549478ab199cf00,zh_target_aux,products_data.csv,1117,products_data.csv|__unknown__|seller_id:1882373,__unknown__,,1882373,,description,crypto_wallet,18jXjhpdiwF6R5YkPyUZMNSkxHRXEajYEq,18jXjhpdiwF6R5YkPyUZMNSkxHRXEajYEq,crypto_wallet,1,0,1,0,24W6AhrwSNwrUFtrr358vQ 1.71601113 BTC: 1PEbNwPneV4zs25tGEtXai38R9DX7Ly9mq 1.83949995 BTC: 18jXjhpdiwF6R5YkPyUZMNSkxHRXEajYEq 1.92980000 BTC: 1BpehDQS3JHQmH3p8y1PrG6sycJ8S4z677 2.00000000 BTC: 1NyAYbSvrx8T1YkwqnKQ6J,忘掉密码的6个比特币钱包文件总金额共计10枚BTC,忘掉密码的6个比特币钱包文件，总金额 10.58 BTC 包含： 1.44138096 BTC： 17YbJhRweKx2tVqepkvMYKvP9zxLfXLKoz 1.65000000 BTC： 19agCPKUC8eD24W6AhrwSNwrUFtrr358vQ 1.71601113 BTC： 1PEbNwPneV4zs25tGEtXai38R9DX7Ly9mq 1.83949995 BTC： 18jXjhpdiwF6R5Y...
5ad049d40b5e0e8c7159a0ac689d7b3c7801d57a,zh_target_aux,products_data.csv,1117,products_data.csv|__unknown__|seller_id:1882373,__unknown__,,1882373,,description,crypto_wallet,19agCPKUC8eD24W6AhrwSNwrUFtrr358vQ,19agCPKUC8eD24W6AhrwSNwrUFtrr358vQ,crypto_wallet,1,0,1,0,"钱包文件,总金额 10.58 BTC 包含: 1.44138096 BTC: 17YbJhRweKx2tVqepkvMYKvP9zxLfXLKoz 1.65000000 BTC: 19agCPKUC8eD24W6AhrwSNwrUFtrr358vQ 1.71601113 BTC: 1PEbNwPneV4zs25tGEtXai38R9DX7Ly9mq 1.83949995 BTC: 18jXjhpdiwF6R5YkPyUZMN",忘掉密码的6个比特币钱包文件总金额共计10枚BTC,忘掉密码的6个比特币钱包文件，总金额 10.58 BTC 包含： 1.44138096 BTC： 17YbJhRweKx2tVqepkvMYKvP9zxLfXLKoz 1.65000000 BTC： 19agCPKUC8eD24W6AhrwSNwrUFtrr358vQ 1.71601113 BTC： 1PEbNwPneV4zs25tGEtXai38R9DX7Ly9mq 1.83949995 BTC： 18jXjhpdiwF6R5Y...
c1bbd93c1532187b91f7bca010c8209ce085bc1d,zh_target_aux,products_data.csv,1117,products_data.csv|__unknown__|seller_id:1882373,__unknown__,,1882373,,description,crypto_wallet,1BpehDQS3JHQmH3p8y1PrG6sycJ8S4z677,1BpehDQS3JHQmH3p8y1PrG6sycJ8S4z677,crypto_wallet,1,0,1,0,"s25tGEtXai38R9DX7Ly9mq 1.83949995 BTC: 18jXjhpdiwF6R5YkPyUZMNSkxHRXEajYEq 1.92980000 BTC: 1BpehDQS3JHQmH3p8y1PrG6sycJ8S4z677 2.00000000 BTC: 1NyAYbSvrx8T1YkwqnKQ6JZkTeKHcB4Les 真实的BTC钱包核心文件,链上余额一查就能看到!上面我有贴地址可以去比特币链",忘掉密码的6个比特币钱包文件总金额共计10枚BTC,忘掉密码的6个比特币钱包文件，总金额 10.58 BTC 包含： 1.44138096 BTC： 17YbJhRweKx2tVqepkvMYKvP9zxLfXLKoz 1.65000000 BTC： 19agCPKUC8eD24W6AhrwSNwrUFtrr358vQ 1.71601113 BTC： 1PEbNwPneV4zs25tGEtXai38R9DX7Ly9mq 1.83949995 BTC： 18jXjhpdiwF6R5Y...
383345da6eede6f74fedf7d47a60648747de970b,zh_target_aux,products_data.csv,1117,products_data.csv|__unknown__|seller_id:1882373,__unknown__,,1882373,,description,crypto_wallet,1NyAYbSvrx8T1YkwqnKQ6JZkTeKHcB4Les,1NyAYbSvrx8T1YkwqnKQ6JZkTeKHcB4Les,crypto_wallet,1,0,1,0,"R5YkPyUZMNSkxHRXEajYEq 1.92980000 BTC: 1BpehDQS3JHQmH3p8y1PrG6sycJ8S4z677 2.00000000 BTC: 1NyAYbSvrx8T1YkwqnKQ6JZkTeKHcB4Les 真实的BTC钱包核心文件,链上余额一查就能看到!上面我有贴地址可以去比特币链上去自己查询 这些文件是我当年在黑客圈子里,从交易所大佬手里搞到的。密码早就被遗忘,但文件是真的,余额",忘掉密码的6个比特币钱包文件总金额共计10枚BTC,忘掉密码的6个比特币钱包文件，总金额 10.58 BTC 包含： 1.44138096 BTC： 17YbJhRweKx2tVqepkvMYKvP9zxLfXLKoz 1.65000000 BTC： 19agCPKUC8eD24W6AhrwSNwrUFtrr358vQ 1.71601113 BTC： 1PEbNwPneV4zs25tGEtXai38R9DX7Ly9mq 1.83949995 BTC： 18jXjhpdiwF6R5Y...
4ac00ae63b2799a402d18b79669db12974e61080,zh_target_aux,products_data.csv,1117,products_data.csv|__unknown__|seller_id:1882373,__unknown__,,1882373,,description,crypto_wallet,1PEbNwPneV4zs25tGEtXai38R9DX7Ly9mq,1PEbNwPneV4zs25tGEtXai38R9DX7Ly9mq,crypto_wallet,1,0,1,0,tVqepkvMYKvP9zxLfXLKoz 1.65000000 BTC: 19agCPKUC8eD24W6AhrwSNwrUFtrr358vQ 1.71601113 BTC: 1PEbNwPneV4zs25tGEtXai38R9DX7Ly9mq 1.83949995 BTC: 18jXjhpdiwF6R5YkPyUZMNSkxHRXEajYEq 1.92980000 BTC: 1BpehDQS3JHQmH3p8y1PrG,忘掉密码的6个比特币钱包文件总金额共计10枚BTC,忘掉密码的6个比特币钱包文件，总金额 10.58 BTC 包含： 1.44138096 BTC： 17YbJhRweKx2tVqepkvMYKvP9zxLfXLKoz 1.65000000 BTC： 19agCPKUC8eD24W6AhrwSNwrUFtrr358vQ 1.71601113 BTC： 1PEbNwPneV4zs25tGEtXai38R9DX7Ly9mq 1.83949995 BTC： 18jXjhpdiwF6R5Y...
88ac12f79871046811b7a3381ef305868e131ae7,zh_target_aux,products_data.csv,1118,products_data.csv|__unknown__|seller_id:1882373,__unknown__,,1882373,,description,crypto_wallet,13A4wCqU2v5f1rMELgaJ1PV7CYD9yYPfQn,13A4wCqU2v5f1rMELgaJ1PV7CYD9yYPfQn,crypto_wallet,1,0,1,0,"uejqmoqQaveqoBDFjiY2Ds 2.05423471 BTC: 13TTA7LS3fvCRtUytEmW1HZwzY3kaahDqU 2.05917246 BTC: 13A4wCqU2v5f1rMELgaJ1PV7CYD9yYPfQn 真实的BTC钱包核心文件,链上余额一查就能看到!上面我有贴地址可以去比特币链上去自己查询 这些文件是我当年在黑客圈子里,从交易所大佬手里搞到的。密码早就被遗忘,但文件是真的,余额",忘掉密码的6个比特币钱包文件总金额共计12枚BTC,忘掉密码的6个比特币钱包文件，总金额 12.21 BTC 包含： 2.00515494 BTC： 179F4iZspgdqy8Ugtw3z7wDu1kF3z1i4MG 2.00800863 BTC： 1Foen6hijntavxrwq6dC1sFKev6NYA4bbc 2.03000003 BTC： 1GXR9FzCReefMfr1cWn2vFVqb7qsajTKxs 2.04866236 BTC： 1QAZ3GbyK2bpuej...
6db6aa7760ebeb365b915bd1e34a7b3633e3f617,zh_target_aux,products_data.csv,1118,products_data.csv|__unknown__|seller_id:1882373,__unknown__,,1882373,,description,crypto_wallet,13TTA7LS3fvCRtUytEmW1HZwzY3kaahDqU,13TTA7LS3fvCRtUytEmW1HZwzY3kaahDqU,crypto_wallet,1,0,1,0,"Mfr1cWn2vFVqb7qsajTKxs 2.04866236 BTC: 1QAZ3GbyK2bpuejqmoqQaveqoBDFjiY2Ds 2.05423471 BTC: 13TTA7LS3fvCRtUytEmW1HZwzY3kaahDqU 2.05917246 BTC: 13A4wCqU2v5f1rMELgaJ1PV7CYD9yYPfQn 真实的BTC钱包核心文件,链上余额一查就能看到!上面我有贴地址可以去比特币链",忘掉密码的6个比特币钱包文件总金额共计12枚BTC,忘掉密码的6个比特币钱包文件，总金额 12.21 BTC 包含： 2.00515494 BTC： 179F4iZspgdqy8Ugtw3z7wDu1kF3z1i4MG 2.00800863 BTC： 1Foen6hijntavxrwq6dC1sFKev6NYA4bbc 2.03000003 BTC： 1GXR9FzCReefMfr1cWn2vFVqb7qsajTKxs 2.04866236 BTC： 1QAZ3GbyK2bpuej...
8e6284f20691b66fc1607b3be643c2624cbf3c67,zh_target_aux,products_data.csv,1118,products_data.csv|__unknown__|seller_id:1882373,__unknown__,,1882373,,description,crypto_wallet,179F4iZspgdqy8Ugtw3z7wDu1kF3z1i4MG,179F4iZspgdqy8Ugtw3z7wDu1kF3z1i4MG,crypto_wallet,1,0,1,0,"忘掉密码的6个比特币钱包文件,总金额 12.21 BTC 包含: 2.00515494 BTC: 179F4iZspgdqy8Ugtw3z7wDu1kF3z1i4MG 2.00800863 BTC: 1Foen6hijntavxrwq6dC1sFKev6NYA4bbc 2.03000003 BTC: 1GXR9FzCReefMfr1cWn2vF",忘掉密码的6个比特币钱包文件总金额共计12枚BTC,忘掉密码的6个比特币钱包文件，总金额 12.21 BTC 包含： 2.00515494 BTC： 179F4iZspgdqy8Ugtw3z7wDu1kF3z1i4MG 2.00800863 BTC： 1Foen6hijntavxrwq6dC1sFKev6NYA4bbc 2.03000003 BTC： 1GXR9FzCReefMfr1cWn2vFVqb7qsajTKxs 2.04866236 BTC： 1QAZ3GbyK2bpuej...
70d32f673f7aad1fa21cfffac6781d5e236260e3,zh_target_aux,products_data.csv,1118,products_data.csv|__unknown__|seller_id:1882373,__unknown__,,1882373,,description,crypto_wallet,1Foen6hijntavxrwq6dC1sFKev6NYA4bbc,1Foen6hijntavxrwq6dC1sFKev6NYA4bbc,crypto_wallet,1,0,1,0,"钱包文件,总金额 12.21 BTC 包含: 2.00515494 BTC: 179F4iZspgdqy8Ugtw3z7wDu1kF3z1i4MG 2.00800863 BTC: 1Foen6hijntavxrwq6dC1sFKev6NYA4bbc 2.03000003 BTC: 1GXR9FzCReefMfr1cWn2vFVqb7qsajTKxs 2.04866236 BTC: 1QAZ3GbyK2bpuejqmoqQav",忘掉密码的6个比特币钱包文件总金额共计12枚BTC,忘掉密码的6个比特币钱包文件，总金额 12.21 BTC 包含： 2.00515494 BTC： 179F4iZspgdqy8Ugtw3z7wDu1kF3z1i4MG 2.00800863 BTC： 1Foen6hijntavxrwq6dC1sFKev6NYA4bbc 2.03000003 BTC： 1GXR9FzCReefMfr1cWn2vFVqb7qsajTKxs 2.04866236 BTC： 1QAZ3GbyK2bpuej...
b6020d53d70f285f2b6cbeebbdc91e2da4bfeb51,zh_target_aux,products_data.csv,1118,products_data.csv|__unknown__|seller_id:1882373,__unknown__,,1882373,,description,crypto_wallet,1GXR9FzCReefMfr1cWn2vFVqb7qsajTKxs,1GXR9FzCReefMfr1cWn2vFVqb7qsajTKxs,crypto_wallet,1,0,1,0,y8Ugtw3z7wDu1kF3z1i4MG 2.00800863 BTC: 1Foen6hijntavxrwq6dC1sFKev6NYA4bbc 2.03000003 BTC: 1GXR9FzCReefMfr1cWn2vFVqb7qsajTKxs 2.04866236 BTC: 1QAZ3GbyK2bpuejqmoqQaveqoBDFjiY2Ds 2.05423471 BTC: 13TTA7LS3fvCRtUytEmW1H,忘掉密码的6个比特币钱包文件总金额共计12枚BTC,忘掉密码的6个比特币钱包文件，总金额 12.21 BTC 包含： 2.00515494 BTC： 179F4iZspgdqy8Ugtw3z7wDu1kF3z1i4MG 2.00800863 BTC： 1Foen6hijntavxrwq6dC1sFKev6NYA4bbc 2.03000003 BTC： 1GXR9FzCReefMfr1cWn2vFVqb7qsajTKxs 2.04866236 BTC： 1QAZ3GbyK2bpuej...
f668b59b7d6935ec479a2cc31f1dc51861f7e34f,zh_target_aux,products_data.csv,1118,products_data.csv|__unknown__|seller_id:1882373,__unknown__,,1882373,,description,crypto_wallet,1QAZ3GbyK2bpuejqmoqQaveqoBDFjiY2Ds,1QAZ3GbyK2bpuejqmoqQaveqoBDFjiY2Ds,crypto_wallet,1,0,1,0,vxrwq6dC1sFKev6NYA4bbc 2.03000003 BTC: 1GXR9FzCReefMfr1cWn2vFVqb7qsajTKxs 2.04866236 BTC: 1QAZ3GbyK2bpuejqmoqQaveqoBDFjiY2Ds 2.05423471 BTC: 13TTA7LS3fvCRtUytEmW1HZwzY3kaahDqU 2.05917246 BTC: 13A4wCqU2v5f1rMELgaJ1P,忘掉密码的6个比特币钱包文件总金额共计12枚BTC,忘掉密码的6个比特币钱包文件，总金额 12.21 BTC 包含： 2.00515494 BTC： 179F4iZspgdqy8Ugtw3z7wDu1kF3z1i4MG 2.00800863 BTC： 1Foen6hijntavxrwq6dC1sFKev6NYA4bbc 2.03000003 BTC： 1GXR9FzCReefMfr1cWn2vFVqb7qsajTKxs 2.04866236 BTC： 1QAZ3GbyK2bpuej...
230be9b48ce0ed0a98c352686e3a9c43cb30d961,zh_target_aux,products_data.csv,1119,products_data.csv|__unknown__|seller_id:1882373,__unknown__,,1882373,,description,crypto_wallet,16ySdKvgp9bHPgjnfxUawPrmRyQBvfbuWr,16ySdKvgp9bHPgjnfxUawPrmRyQBvfbuWr,crypto_wallet,1,0,1,0,PpaAQqH6VRssxSF9YjRxaz 2.45964500 BTC: 1K9k7LP1e3GQ6fF8dimzKp8oGWiwkBdtUu 2.53794900 BTC: 16ySdKvgp9bHPgjnfxUawPrmRyQBvfbuWr 2.68753718 BTC: 1A2FEmGPFJrUMhCXwxhMriK7KFR7ivpwQZ 2.73000000 BTC: 1K3wtJsN8pkHB61EWfFy5V,忘掉密码的6个比特币钱包文件总金额共计15枚BTC,忘掉密码的6个比特币钱包文件总金额 15.56 BTC 包含： 2.40000000 BTC： 1AFuqjnZSveYPpaAQqH6VRssxSF9YjRxaz 2.45964500 BTC： 1K9k7LP1e3GQ6fF8dimzKp8oGWiwkBdtUu 2.53794900 BTC： 16ySdKvgp9bHPgjnfxUawPrmRyQBvfbuWr 2.68753718 BTC： 1A2FEmGPFJrUMhCX...
4aa46267e26df198428ddcf7e84d87d4747a7167,zh_target_aux,products_data.csv,1119,products_data.csv|__unknown__|seller_id:1882373,__unknown__,,1882373,,description,crypto_wallet,1A2FEmGPFJrUMhCXwxhMriK7KFR7ivpwQZ,1A2FEmGPFJrUMhCXwxhMriK7KFR7ivpwQZ,crypto_wallet,1,0,1,0,6fF8dimzKp8oGWiwkBdtUu 2.53794900 BTC: 16ySdKvgp9bHPgjnfxUawPrmRyQBvfbuWr 2.68753718 BTC: 1A2FEmGPFJrUMhCXwxhMriK7KFR7ivpwQZ 2.73000000 BTC: 1K3wtJsN8pkHB61EWfFy5VKD1dk6UNpMLy 2.74000000 BTC: 1E1nwBt5yf71VpHDhbbiWK,忘掉密码的6个比特币钱包文件总金额共计15枚BTC,忘掉密码的6个比特币钱包文件总金额 15.56 BTC 包含： 2.40000000 BTC： 1AFuqjnZSveYPpaAQqH6VRssxSF9YjRxaz 2.45964500 BTC： 1K9k7LP1e3GQ6fF8dimzKp8oGWiwkBdtUu 2.53794900 BTC： 16ySdKvgp9bHPgjnfxUawPrmRyQBvfbuWr 2.68753718 BTC： 1A2FEmGPFJrUMhCX...
40eff9a8cca3fe60b21d8a9404032dce75659431,zh_target_aux,products_data.csv,1119,products_data.csv|__unknown__|seller_id:1882373,__unknown__,,1882373,,description,crypto_wallet,1AFuqjnZSveYPpaAQqH6VRssxSF9YjRxaz,1AFuqjnZSveYPpaAQqH6VRssxSF9YjRxaz,crypto_wallet,1,0,1,0,忘掉密码的6个比特币钱包文件总金额 15.56 BTC 包含: 2.40000000 BTC: 1AFuqjnZSveYPpaAQqH6VRssxSF9YjRxaz 2.45964500 BTC: 1K9k7LP1e3GQ6fF8dimzKp8oGWiwkBdtUu 2.53794900 BTC: 16ySdKvgp9bHPgjnfxUawP,忘掉密码的6个比特币钱包文件总金额共计15枚BTC,忘掉密码的6个比特币钱包文件总金额 15.56 BTC 包含： 2.40000000 BTC： 1AFuqjnZSveYPpaAQqH6VRssxSF9YjRxaz 2.45964500 BTC： 1K9k7LP1e3GQ6fF8dimzKp8oGWiwkBdtUu 2.53794900 BTC： 16ySdKvgp9bHPgjnfxUawPrmRyQBvfbuWr 2.68753718 BTC： 1A2FEmGPFJrUMhCX...
2de22b67d05ef143c27c5e76b3fc0799765a2278,zh_target_aux,products_data.csv,1119,products_data.csv|__unknown__|seller_id:1882373,__unknown__,,1882373,,description,crypto_wallet,1E1nwBt5yf71VpHDhbbiWKkGPrVV5ZwhXA,1E1nwBt5yf71VpHDhbbiWKkGPrVV5ZwhXA,crypto_wallet,1,0,1,0,"MhCXwxhMriK7KFR7ivpwQZ 2.73000000 BTC: 1K3wtJsN8pkHB61EWfFy5VKD1dk6UNpMLy 2.74000000 BTC: 1E1nwBt5yf71VpHDhbbiWKkGPrVV5ZwhXA 真实的BTC钱包核心文件,链上余额一查就能看到!上面我有贴地址可以去比特币链上去自己查询 这些文件是我当年在黑客圈子里,从交易所大佬手里搞到的。密码早就被遗忘,但文件是真的,余额",忘掉密码的6个比特币钱包文件总金额共计15枚BTC,忘掉密码的6个比特币钱包文件总金额 15.56 BTC 包含： 2.40000000 BTC： 1AFuqjnZSveYPpaAQqH6VRssxSF9YjRxaz 2.45964500 BTC： 1K9k7LP1e3GQ6fF8dimzKp8oGWiwkBdtUu 2.53794900 BTC： 16ySdKvgp9bHPgjnfxUawPrmRyQBvfbuWr 2.68753718 BTC： 1A2FEmGPFJrUMhCX...
1d411dbe36f20f8bc04523b390140dfbf44e0e26,zh_target_aux,products_data.csv,1119,products_data.csv|__unknown__|seller_id:1882373,__unknown__,,1882373,,description,crypto_wallet,1K3wtJsN8pkHB61EWfFy5VKD1dk6UNpMLy,1K3wtJsN8pkHB61EWfFy5VKD1dk6UNpMLy,crypto_wallet,1,0,1,0,"PgjnfxUawPrmRyQBvfbuWr 2.68753718 BTC: 1A2FEmGPFJrUMhCXwxhMriK7KFR7ivpwQZ 2.73000000 BTC: 1K3wtJsN8pkHB61EWfFy5VKD1dk6UNpMLy 2.74000000 BTC: 1E1nwBt5yf71VpHDhbbiWKkGPrVV5ZwhXA 真实的BTC钱包核心文件,链上余额一查就能看到!上面我有贴地址可以去比特币链",忘掉密码的6个比特币钱包文件总金额共计15枚BTC,忘掉密码的6个比特币钱包文件总金额 15.56 BTC 包含： 2.40000000 BTC： 1AFuqjnZSveYPpaAQqH6VRssxSF9YjRxaz 2.45964500 BTC： 1K9k7LP1e3GQ6fF8dimzKp8oGWiwkBdtUu 2.53794900 BTC： 16ySdKvgp9bHPgjnfxUawPrmRyQBvfbuWr 2.68753718 BTC： 1A2FEmGPFJrUMhCX...
4aa858f8f9e7cb32f075546219af3bb5dea4a7ba,zh_target_aux,products_data.csv,1119,products_data.csv|__unknown__|seller_id:1882373,__unknown__,,1882373,,description,crypto_wallet,1K9k7LP1e3GQ6fF8dimzKp8oGWiwkBdtUu,1K9k7LP1e3GQ6fF8dimzKp8oGWiwkBdtUu,crypto_wallet,1,0,1,0,币钱包文件总金额 15.56 BTC 包含: 2.40000000 BTC: 1AFuqjnZSveYPpaAQqH6VRssxSF9YjRxaz 2.45964500 BTC: 1K9k7LP1e3GQ6fF8dimzKp8oGWiwkBdtUu 2.53794900 BTC: 16ySdKvgp9bHPgjnfxUawPrmRyQBvfbuWr 2.68753718 BTC: 1A2FEmGPFJrUMhCXwxhMri,忘掉密码的6个比特币钱包文件总金额共计15枚BTC,忘掉密码的6个比特币钱包文件总金额 15.56 BTC 包含： 2.40000000 BTC： 1AFuqjnZSveYPpaAQqH6VRssxSF9YjRxaz 2.45964500 BTC： 1K9k7LP1e3GQ6fF8dimzKp8oGWiwkBdtUu 2.53794900 BTC： 16ySdKvgp9bHPgjnfxUawPrmRyQBvfbuWr 2.68753718 BTC： 1A2FEmGPFJrUMhCX...
0d819cb78a128ea74fdadd425452dc477f4d7032,zh_target_aux,products_data.csv,1120,products_data.csv|__unknown__|seller_id:1882373,__unknown__,,1882373,,description,crypto_wallet,15NtoCW4eoT2L9LQRvpKtNdiHt3Lh1Sv9t,15NtoCW4eoT2L9LQRvpKtNdiHt3Lh1Sv9t,crypto_wallet,1,0,1,0,"xZ22JATwdbDjxgDJHTpZ8N 3.08715076 BTC: 15tzMWqPk6XcW7g1AB2sLfHp8KAuzVkWBv 3.17460240 BTC: 15NtoCW4eoT2L9LQRvpKtNdiHt3Lh1Sv9t 真实的BTC钱包核心文件,链上余额一查就能看到!上面我有贴地址可以去比特币链上去自己查询 这些文件是我当年在黑客圈子里,从交易所大佬手里搞到的。密码早就被遗忘,但文件是真的,余额",忘掉密码的6个比特币钱包文件总金额共计18枚BTC,忘掉密码的6个比特币钱包文件总金额 18BTC 包含： 2.82717743 BTC： 1PXJMEw2He6ESDJZkSzUA3eBD6XfCFrTna 2.96812861 BTC： 1Cr1cDL6NNzyWey66Lzt9QvCjKJXZgEs2p 2.97000000 BTC： 18cC6RJjYq5vxPAPmMA1KfszMzRr5FohLW 3.02001000 BTC： 1ADuSfQpcGxQxZ22JATw...
90a067f8989844e1a32a6c50dda1c08b46bbcbee,zh_target_aux,products_data.csv,1120,products_data.csv|__unknown__|seller_id:1882373,__unknown__,,1882373,,description,crypto_wallet,15tzMWqPk6XcW7g1AB2sLfHp8KAuzVkWBv,15tzMWqPk6XcW7g1AB2sLfHp8KAuzVkWBv,crypto_wallet,1,0,1,0,"xPAPmMA1KfszMzRr5FohLW 3.02001000 BTC: 1ADuSfQpcGxQxZ22JATwdbDjxgDJHTpZ8N 3.08715076 BTC: 15tzMWqPk6XcW7g1AB2sLfHp8KAuzVkWBv 3.17460240 BTC: 15NtoCW4eoT2L9LQRvpKtNdiHt3Lh1Sv9t 真实的BTC钱包核心文件,链上余额一查就能看到!上面我有贴地址可以去比特币链",忘掉密码的6个比特币钱包文件总金额共计18枚BTC,忘掉密码的6个比特币钱包文件总金额 18BTC 包含： 2.82717743 BTC： 1PXJMEw2He6ESDJZkSzUA3eBD6XfCFrTna 2.96812861 BTC： 1Cr1cDL6NNzyWey66Lzt9QvCjKJXZgEs2p 2.97000000 BTC： 18cC6RJjYq5vxPAPmMA1KfszMzRr5FohLW 3.02001000 BTC： 1ADuSfQpcGxQxZ22JATw...
c71b88da52ce09e9a6b74e1183131ac8f3374cf8,zh_target_aux,products_data.csv,1120,products_data.csv|__unknown__|seller_id:1882373,__unknown__,,1882373,,description,crypto_wallet,18cC6RJjYq5vxPAPmMA1KfszMzRr5FohLW,18cC6RJjYq5vxPAPmMA1KfszMzRr5FohLW,crypto_wallet,1,0,1,0,SDJZkSzUA3eBD6XfCFrTna 2.96812861 BTC: 1Cr1cDL6NNzyWey66Lzt9QvCjKJXZgEs2p 2.97000000 BTC: 18cC6RJjYq5vxPAPmMA1KfszMzRr5FohLW 3.02001000 BTC: 1ADuSfQpcGxQxZ22JATwdbDjxgDJHTpZ8N 3.08715076 BTC: 15tzMWqPk6XcW7g1AB2sLf,忘掉密码的6个比特币钱包文件总金额共计18枚BTC,忘掉密码的6个比特币钱包文件总金额 18BTC 包含： 2.82717743 BTC： 1PXJMEw2He6ESDJZkSzUA3eBD6XfCFrTna 2.96812861 BTC： 1Cr1cDL6NNzyWey66Lzt9QvCjKJXZgEs2p 2.97000000 BTC： 18cC6RJjYq5vxPAPmMA1KfszMzRr5FohLW 3.02001000 BTC： 1ADuSfQpcGxQxZ22JATw...
6127ba761bca6182ae7f78d51eff58f3b297815d,zh_target_aux,products_data.csv,1120,products_data.csv|__unknown__|seller_id:1882373,__unknown__,,1882373,,description,crypto_wallet,1ADuSfQpcGxQxZ22JATwdbDjxgDJHTpZ8N,1ADuSfQpcGxQxZ22JATwdbDjxgDJHTpZ8N,crypto_wallet,1,0,1,0,Wey66Lzt9QvCjKJXZgEs2p 2.97000000 BTC: 18cC6RJjYq5vxPAPmMA1KfszMzRr5FohLW 3.02001000 BTC: 1ADuSfQpcGxQxZ22JATwdbDjxgDJHTpZ8N 3.08715076 BTC: 15tzMWqPk6XcW7g1AB2sLfHp8KAuzVkWBv 3.17460240 BTC: 15NtoCW4eoT2L9LQRvpKtN,忘掉密码的6个比特币钱包文件总金额共计18枚BTC,忘掉密码的6个比特币钱包文件总金额 18BTC 包含： 2.82717743 BTC： 1PXJMEw2He6ESDJZkSzUA3eBD6XfCFrTna 2.96812861 BTC： 1Cr1cDL6NNzyWey66Lzt9QvCjKJXZgEs2p 2.97000000 BTC： 18cC6RJjYq5vxPAPmMA1KfszMzRr5FohLW 3.02001000 BTC： 1ADuSfQpcGxQxZ22JATw...
b48cec36fb8ff068496c588c5ffd242963631b30,zh_target_aux,products_data.csv,1120,products_data.csv|__unknown__|seller_id:1882373,__unknown__,,1882373,,description,crypto_wallet,1Cr1cDL6NNzyWey66Lzt9QvCjKJXZgEs2p,1Cr1cDL6NNzyWey66Lzt9QvCjKJXZgEs2p,crypto_wallet,1,0,1,0,6个比特币钱包文件总金额 18BTC 包含: 2.82717743 BTC: 1PXJMEw2He6ESDJZkSzUA3eBD6XfCFrTna 2.96812861 BTC: 1Cr1cDL6NNzyWey66Lzt9QvCjKJXZgEs2p 2.97000000 BTC: 18cC6RJjYq5vxPAPmMA1KfszMzRr5FohLW 3.02001000 BTC: 1ADuSfQpcGxQxZ22JATwdb,忘掉密码的6个比特币钱包文件总金额共计18枚BTC,忘掉密码的6个比特币钱包文件总金额 18BTC 包含： 2.82717743 BTC： 1PXJMEw2He6ESDJZkSzUA3eBD6XfCFrTna 2.96812861 BTC： 1Cr1cDL6NNzyWey66Lzt9QvCjKJXZgEs2p 2.97000000 BTC： 18cC6RJjYq5vxPAPmMA1KfszMzRr5FohLW 3.02001000 BTC： 1ADuSfQpcGxQxZ22JATw...
20b1c44479d76a0b294b601bbe6b52532788e833,zh_target_aux,products_data.csv,1120,products_data.csv|__unknown__|seller_id:1882373,__unknown__,,1882373,,description,crypto_wallet,1PXJMEw2He6ESDJZkSzUA3eBD6XfCFrTna,1PXJMEw2He6ESDJZkSzUA3eBD6XfCFrTna,crypto_wallet,1,0,1,0,忘掉密码的6个比特币钱包文件总金额 18BTC 包含: 2.82717743 BTC: 1PXJMEw2He6ESDJZkSzUA3eBD6XfCFrTna 2.96812861 BTC: 1Cr1cDL6NNzyWey66Lzt9QvCjKJXZgEs2p 2.97000000 BTC: 18cC6RJjYq5vxPAPmMA1Kf,忘掉密码的6个比特币钱包文件总金额共计18枚BTC,忘掉密码的6个比特币钱包文件总金额 18BTC 包含： 2.82717743 BTC： 1PXJMEw2He6ESDJZkSzUA3eBD6XfCFrTna 2.96812861 BTC： 1Cr1cDL6NNzyWey66Lzt9QvCjKJXZgEs2p 2.97000000 BTC： 18cC6RJjYq5vxPAPmMA1KfszMzRr5FohLW 3.02001000 BTC： 1ADuSfQpcGxQxZ22JATw...
8142fc9301b10fa5a505ebe370a8184dc2c891a2,zh_target_aux,products_data.csv,1121,products_data.csv|__unknown__|seller_id:1882373,__unknown__,,1882373,,description,crypto_wallet,179ubgmB4sTRQSutRMovStFoAHxfoVnDK5,179ubgmB4sTRQSutRMovStFoAHxfoVnDK5,crypto_wallet,1,0,1,0,"GndUU4Jwj2HvFkYEUefuJd 3.85090000 BTC: 1GGwxGLy8PK1LUKBY71AZGessdkgdHxCd7 3.98999976 BTC: 179ubgmB4sTRQSutRMovStFoAHxfoVnDK5 10.83093094 BTC: 1MB28otoAQFpP9ywiA8CbYVSKHpSTBH1z6 真实的BTC钱包核心文件,链上余额一查就能看到!上面我有贴地址可以去比特币",忘掉密码的6个比特币钱包文件总金额共计28枚BTC,3.36894140 BTC： 1BGJWEmGZhCYQEgp3pSZsBP3EYZF2c7vtS 3.53383248 BTC： 1NUW3z5z6cNs8Ltd2cN2BnxP92dySdcuG8 3.73979441 BTC： 17KwpmAu27ycGndUU4Jwj2HvFkYEUefuJd 3.85090000 BTC： 1GGwxGLy8PK1LUKBY71AZGessdkgdHxCd7 3.98999976 BT...
38c16f85f1da929b0274e89136c052fc17273471,zh_target_aux,products_data.csv,1121,products_data.csv|__unknown__|seller_id:1882373,__unknown__,,1882373,,description,crypto_wallet,17KwpmAu27ycGndUU4Jwj2HvFkYEUefuJd,17KwpmAu27ycGndUU4Jwj2HvFkYEUefuJd,crypto_wallet,1,0,1,0,QEgp3pSZsBP3EYZF2c7vtS 3.53383248 BTC: 1NUW3z5z6cNs8Ltd2cN2BnxP92dySdcuG8 3.73979441 BTC: 17KwpmAu27ycGndUU4Jwj2HvFkYEUefuJd 3.85090000 BTC: 1GGwxGLy8PK1LUKBY71AZGessdkgdHxCd7 3.98999976 BTC: 179ubgmB4sTRQSutRMovSt,忘掉密码的6个比特币钱包文件总金额共计28枚BTC,3.36894140 BTC： 1BGJWEmGZhCYQEgp3pSZsBP3EYZF2c7vtS 3.53383248 BTC： 1NUW3z5z6cNs8Ltd2cN2BnxP92dySdcuG8 3.73979441 BTC： 17KwpmAu27ycGndUU4Jwj2HvFkYEUefuJd 3.85090000 BTC： 1GGwxGLy8PK1LUKBY71AZGessdkgdHxCd7 3.98999976 BT...
86e07b0f78df1c2483cae0335320475034445f3c,zh_target_aux,products_data.csv,1121,products_data.csv|__unknown__|seller_id:1882373,__unknown__,,1882373,,description,crypto_wallet,1BGJWEmGZhCYQEgp3pSZsBP3EYZF2c7vtS,1BGJWEmGZhCYQEgp3pSZsBP3EYZF2c7vtS,crypto_wallet,1,0,1,0,3.36894140 BTC: 1BGJWEmGZhCYQEgp3pSZsBP3EYZF2c7vtS 3.53383248 BTC: 1NUW3z5z6cNs8Ltd2cN2BnxP92dySdcuG8 3.73979441 BTC: 17KwpmAu27ycGndUU4Jwj2,忘掉密码的6个比特币钱包文件总金额共计28枚BTC,3.36894140 BTC： 1BGJWEmGZhCYQEgp3pSZsBP3EYZF2c7vtS 3.53383248 BTC： 1NUW3z5z6cNs8Ltd2cN2BnxP92dySdcuG8 3.73979441 BTC： 17KwpmAu27ycGndUU4Jwj2HvFkYEUefuJd 3.85090000 BTC： 1GGwxGLy8PK1LUKBY71AZGessdkgdHxCd7 3.98999976 BT...
53ab4979686f4ea18a93ae78c3ae1a852c0787fd,zh_target_aux,products_data.csv,1121,products_data.csv|__unknown__|seller_id:1882373,__unknown__,,1882373,,description,crypto_wallet,1GGwxGLy8PK1LUKBY71AZGessdkgdHxCd7,1GGwxGLy8PK1LUKBY71AZGessdkgdHxCd7,crypto_wallet,1,0,1,0,8Ltd2cN2BnxP92dySdcuG8 3.73979441 BTC: 17KwpmAu27ycGndUU4Jwj2HvFkYEUefuJd 3.85090000 BTC: 1GGwxGLy8PK1LUKBY71AZGessdkgdHxCd7 3.98999976 BTC: 179ubgmB4sTRQSutRMovStFoAHxfoVnDK5 10.83093094 BTC: 1MB28otoAQFpP9ywiA8Cb,忘掉密码的6个比特币钱包文件总金额共计28枚BTC,3.36894140 BTC： 1BGJWEmGZhCYQEgp3pSZsBP3EYZF2c7vtS 3.53383248 BTC： 1NUW3z5z6cNs8Ltd2cN2BnxP92dySdcuG8 3.73979441 BTC： 17KwpmAu27ycGndUU4Jwj2HvFkYEUefuJd 3.85090000 BTC： 1GGwxGLy8PK1LUKBY71AZGessdkgdHxCd7 3.98999976 BT...
dbd0902d187f2c9f8bd3344c171d8180cc9a3533,zh_target_aux,products_data.csv,1121,products_data.csv|__unknown__|seller_id:1882373,__unknown__,,1882373,,description,crypto_wallet,1MB28otoAQFpP9ywiA8CbYVSKHpSTBH1z6,1MB28otoAQFpP9ywiA8CbYVSKHpSTBH1z6,crypto_wallet,1,0,1,0,"UKBY71AZGessdkgdHxCd7 3.98999976 BTC: 179ubgmB4sTRQSutRMovStFoAHxfoVnDK5 10.83093094 BTC: 1MB28otoAQFpP9ywiA8CbYVSKHpSTBH1z6 真实的BTC钱包核心文件,链上余额一查就能看到!上面我有贴地址可以去比特币链上去自己查询 这些文件是我当年在黑客圈子里,从交易所大佬手里搞到的。密码早就被遗忘,但文件是真的,余额",忘掉密码的6个比特币钱包文件总金额共计28枚BTC,3.36894140 BTC： 1BGJWEmGZhCYQEgp3pSZsBP3EYZF2c7vtS 3.53383248 BTC： 1NUW3z5z6cNs8Ltd2cN2BnxP92dySdcuG8 3.73979441 BTC： 17KwpmAu27ycGndUU4Jwj2HvFkYEUefuJd 3.85090000 BTC： 1GGwxGLy8PK1LUKBY71AZGessdkgdHxCd7 3.98999976 BT...
968a29c092001a91bb87eee70e573ea62166dc3c,zh_target_aux,products_data.csv,1121,products_data.csv|__unknown__|seller_id:1882373,__unknown__,,1882373,,description,crypto_wallet,1NUW3z5z6cNs8Ltd2cN2BnxP92dySdcuG8,1NUW3z5z6cNs8Ltd2cN2BnxP92dySdcuG8,crypto_wallet,1,0,1,0,3.36894140 BTC: 1BGJWEmGZhCYQEgp3pSZsBP3EYZF2c7vtS 3.53383248 BTC: 1NUW3z5z6cNs8Ltd2cN2BnxP92dySdcuG8 3.73979441 BTC: 17KwpmAu27ycGndUU4Jwj2HvFkYEUefuJd 3.85090000 BTC: 1GGwxGLy8PK1LUKBY71AZG,忘掉密码的6个比特币钱包文件总金额共计28枚BTC,3.36894140 BTC： 1BGJWEmGZhCYQEgp3pSZsBP3EYZF2c7vtS 3.53383248 BTC： 1NUW3z5z6cNs8Ltd2cN2BnxP92dySdcuG8 3.73979441 BTC： 17KwpmAu27ycGndUU4Jwj2HvFkYEUefuJd 3.85090000 BTC： 1GGwxGLy8PK1LUKBY71AZGessdkgdHxCd7 3.98999976 BT...
8f918799b70d0d23fd1fbc5f03d8c4eb2f1f4696,zh_target_aux,products_data.csv,1122,products_data.csv|__unknown__|seller_id:1882373,__unknown__,,1882373,,description,crypto_wallet,13KXcGDFXxcFvmUwmqSVj7o7df8oNEDFSf,13KXcGDFXxcFvmUwmqSVj7o7df8oNEDFSf,crypto_wallet,1,0,1,0,"2mHEu81QH8dAj4go4A8d 78.64009029 BTC: 1Pq2Y45aDfwGn6pKFGv8enKgNR2efw4jFW 86.63003282 BTC: 13KXcGDFXxcFvmUwmqSVj7o7df8oNEDFSf 161vuWHBD8LcNdr28QjKu2SbADyknBEVGv 真实的BTC钱包备份文件,链上余额一查就能看到!上面我有贴地址可以去比特币链上去自己查询 这些文件是我当年在",忘掉密码的6个比特币钱包文件总金额共计283枚BTC,忘掉密码的 6个比特币核心钱包文件，总金额 283.60 BTC 包含： 11.26829769 BTC: 1NibfhHfgA857dtG6pB25Y5hDcxpDo2J47 14.09261338 BTC: 1GDcVTrZNhVFt7pEnwvHfepoth6mqHVVvq 42.53720129 BTC: 1NKmf6GszBQ6wo349LUT4Je1csNyDDpb5Y 50.43201094 BTC: 1QFDAGX...
2a2132a544d1643eafa400bd02dadecd5e00a8f4,zh_target_aux,products_data.csv,1122,products_data.csv|__unknown__|seller_id:1882373,__unknown__,,1882373,,description,crypto_wallet,161vuWHBD8LcNdr28QjKu2SbADyknBEVGv,161vuWHBD8LcNdr28QjKu2SbADyknBEVGv,crypto_wallet,1,0,1,0,"C: 1Pq2Y45aDfwGn6pKFGv8enKgNR2efw4jFW 86.63003282 BTC: 13KXcGDFXxcFvmUwmqSVj7o7df8oNEDFSf 161vuWHBD8LcNdr28QjKu2SbADyknBEVGv 真实的BTC钱包备份文件,链上余额一查就能看到!上面我有贴地址可以去比特币链上去自己查询 这些文件是我当年在黑客圈子里,从交易所大佬手里搞到的。密码早就被遗忘,但文件是真的,余额",忘掉密码的6个比特币钱包文件总金额共计283枚BTC,忘掉密码的 6个比特币核心钱包文件，总金额 283.60 BTC 包含： 11.26829769 BTC: 1NibfhHfgA857dtG6pB25Y5hDcxpDo2J47 14.09261338 BTC: 1GDcVTrZNhVFt7pEnwvHfepoth6mqHVVvq 42.53720129 BTC: 1NKmf6GszBQ6wo349LUT4Je1csNyDDpb5Y 50.43201094 BTC: 1QFDAGX...
a6f2ab2ccd9756e4c2385fd50248c56f006b8d8d,zh_target_aux,products_data.csv,1122,products_data.csv|__unknown__|seller_id:1882373,__unknown__,,1882373,,description,crypto_wallet,1GDcVTrZNhVFt7pEnwvHfepoth6mqHVVvq,1GDcVTrZNhVFt7pEnwvHfepoth6mqHVVvq,crypto_wallet,1,0,1,0,"件,总金额 283.60 BTC 包含: 11.26829769 BTC: 1NibfhHfgA857dtG6pB25Y5hDcxpDo2J47 14.09261338 BTC: 1GDcVTrZNhVFt7pEnwvHfepoth6mqHVVvq 42.53720129 BTC: 1NKmf6GszBQ6wo349LUT4Je1csNyDDpb5Y 50.43201094 BTC: 1QFDAGXRkhNYfx2mHEu8",忘掉密码的6个比特币钱包文件总金额共计283枚BTC,忘掉密码的 6个比特币核心钱包文件，总金额 283.60 BTC 包含： 11.26829769 BTC: 1NibfhHfgA857dtG6pB25Y5hDcxpDo2J47 14.09261338 BTC: 1GDcVTrZNhVFt7pEnwvHfepoth6mqHVVvq 42.53720129 BTC: 1NKmf6GszBQ6wo349LUT4Je1csNyDDpb5Y 50.43201094 BTC: 1QFDAGX...
81dc51b86bd2a46e6f125931f2562c2f92858023,zh_target_aux,products_data.csv,1122,products_data.csv|__unknown__|seller_id:1882373,__unknown__,,1882373,,description,crypto_wallet,1NKmf6GszBQ6wo349LUT4Je1csNyDDpb5Y,1NKmf6GszBQ6wo349LUT4Je1csNyDDpb5Y,crypto_wallet,1,0,1,0,tG6pB25Y5hDcxpDo2J47 14.09261338 BTC: 1GDcVTrZNhVFt7pEnwvHfepoth6mqHVVvq 42.53720129 BTC: 1NKmf6GszBQ6wo349LUT4Je1csNyDDpb5Y 50.43201094 BTC: 1QFDAGXRkhNYfx2mHEu81QH8dAj4go4A8d 78.64009029 BTC: 1Pq2Y45aDfwGn6pKFGv8,忘掉密码的6个比特币钱包文件总金额共计283枚BTC,忘掉密码的 6个比特币核心钱包文件，总金额 283.60 BTC 包含： 11.26829769 BTC: 1NibfhHfgA857dtG6pB25Y5hDcxpDo2J47 14.09261338 BTC: 1GDcVTrZNhVFt7pEnwvHfepoth6mqHVVvq 42.53720129 BTC: 1NKmf6GszBQ6wo349LUT4Je1csNyDDpb5Y 50.43201094 BTC: 1QFDAGX...
b622a1453a2b449a0a52b94d05cd76ce5a344721,zh_target_aux,products_data.csv,1122,products_data.csv|__unknown__|seller_id:1882373,__unknown__,,1882373,,description,crypto_wallet,1NibfhHfgA857dtG6pB25Y5hDcxpDo2J47,1NibfhHfgA857dtG6pB25Y5hDcxpDo2J47,crypto_wallet,1,0,1,0,"忘掉密码的 6个比特币核心钱包文件,总金额 283.60 BTC 包含: 11.26829769 BTC: 1NibfhHfgA857dtG6pB25Y5hDcxpDo2J47 14.09261338 BTC: 1GDcVTrZNhVFt7pEnwvHfepoth6mqHVVvq 42.53720129 BTC: 1NKmf6GszBQ6wo349LUT",忘掉密码的6个比特币钱包文件总金额共计283枚BTC,忘掉密码的 6个比特币核心钱包文件，总金额 283.60 BTC 包含： 11.26829769 BTC: 1NibfhHfgA857dtG6pB25Y5hDcxpDo2J47 14.09261338 BTC: 1GDcVTrZNhVFt7pEnwvHfepoth6mqHVVvq 42.53720129 BTC: 1NKmf6GszBQ6wo349LUT4Je1csNyDDpb5Y 50.43201094 BTC: 1QFDAGX...
76c07da0308c6f2030f5a95788316df20d25761e,zh_target_aux,products_data.csv,1122,products_data.csv|__unknown__|seller_id:1882373,__unknown__,,1882373,,description,crypto_wallet,1Pq2Y45aDfwGn6pKFGv8enKgNR2efw4jFW,1Pq2Y45aDfwGn6pKFGv8enKgNR2efw4jFW,crypto_wallet,1,0,1,0,349LUT4Je1csNyDDpb5Y 50.43201094 BTC: 1QFDAGXRkhNYfx2mHEu81QH8dAj4go4A8d 78.64009029 BTC: 1Pq2Y45aDfwGn6pKFGv8enKgNR2efw4jFW 86.63003282 BTC: 13KXcGDFXxcFvmUwmqSVj7o7df8oNEDFSf 161vuWHBD8LcNdr28QjKu2SbADyknBEVGv 真实,忘掉密码的6个比特币钱包文件总金额共计283枚BTC,忘掉密码的 6个比特币核心钱包文件，总金额 283.60 BTC 包含： 11.26829769 BTC: 1NibfhHfgA857dtG6pB25Y5hDcxpDo2J47 14.09261338 BTC: 1GDcVTrZNhVFt7pEnwvHfepoth6mqHVVvq 42.53720129 BTC: 1NKmf6GszBQ6wo349LUT4Je1csNyDDpb5Y 50.43201094 BTC: 1QFDAGX...
a6c169081bcee32cc40507a543974670e0c37587,zh_target_aux,products_data.csv,1122,products_data.csv|__unknown__|seller_id:1882373,__unknown__,,1882373,,description,crypto_wallet,1QFDAGXRkhNYfx2mHEu81QH8dAj4go4A8d,1QFDAGXRkhNYfx2mHEu81QH8dAj4go4A8d,crypto_wallet,1,0,1,0,pEnwvHfepoth6mqHVVvq 42.53720129 BTC: 1NKmf6GszBQ6wo349LUT4Je1csNyDDpb5Y 50.43201094 BTC: 1QFDAGXRkhNYfx2mHEu81QH8dAj4go4A8d 78.64009029 BTC: 1Pq2Y45aDfwGn6pKFGv8enKgNR2efw4jFW 86.63003282 BTC: 13KXcGDFXxcFvmUwmqSV,忘掉密码的6个比特币钱包文件总金额共计283枚BTC,忘掉密码的 6个比特币核心钱包文件，总金额 283.60 BTC 包含： 11.26829769 BTC: 1NibfhHfgA857dtG6pB25Y5hDcxpDo2J47 14.09261338 BTC: 1GDcVTrZNhVFt7pEnwvHfepoth6mqHVVvq 42.53720129 BTC: 1NKmf6GszBQ6wo349LUT4Je1csNyDDpb5Y 50.43201094 BTC: 1QFDAGX...
69919438715b2a7114d1f90dfa31761e6ea3b286,zh_target_aux,products_data.csv,1123,products_data.csv|__unknown__|seller_id:1882373,__unknown__,,1882373,,description,crypto_wallet,115NYEeeCyWVePWvUYhHo2m59ZaKZPqUws,115NYEeeCyWVePWvUYhHo2m59ZaKZPqUws,crypto_wallet,1,0,1,0,ShHBbNmL6jUR16Scpm 340.00704324 BTC: 1JqPFnGPhHhy54zJKmC1MPiczzgFjCmzE9 364.01743463 BTC: 115NYEeeCyWVePWvUYhHo2m59ZaKZPqUws 15kEaZRSQisQTZWKKUqLR4DrLeRQ8tZfCA 478.33349845 BTC: 1NUnbngzRB2SeMqZLrLrypoYW5FrusVU3X 1,忘掉密码的6个比特币钱包文件总金额共计1790枚BTC,159.89956180 BTC: 12PpzLTHNWCLsHPgHMNd9ebj7bwbTxs33u 198.03169282 BTC: 1E87cVPLZ938w7vYEA1e9RWSc8mESPA3J5 250.00020175 BTC: 12CRW6hCS2k1ZUtxShHBbNmL6jUR16Scpm 340.00704324 BTC: 1JqPFnGPhHhy54zJKmC1MPiczzgFjCmzE9 364.0...
d65be59d7fa44f46b5322c5ab159b377d0748b8b,zh_target_aux,products_data.csv,1123,products_data.csv|__unknown__|seller_id:1882373,__unknown__,,1882373,,description,crypto_wallet,12CRW6hCS2k1ZUtxShHBbNmL6jUR16Scpm,12CRW6hCS2k1ZUtxShHBbNmL6jUR16Scpm,crypto_wallet,1,0,1,0,HMNd9ebj7bwbTxs33u 198.03169282 BTC: 1E87cVPLZ938w7vYEA1e9RWSc8mESPA3J5 250.00020175 BTC: 12CRW6hCS2k1ZUtxShHBbNmL6jUR16Scpm 340.00704324 BTC: 1JqPFnGPhHhy54zJKmC1MPiczzgFjCmzE9 364.01743463 BTC: 115NYEeeCyWVePWvUY,忘掉密码的6个比特币钱包文件总金额共计1790枚BTC,159.89956180 BTC: 12PpzLTHNWCLsHPgHMNd9ebj7bwbTxs33u 198.03169282 BTC: 1E87cVPLZ938w7vYEA1e9RWSc8mESPA3J5 250.00020175 BTC: 12CRW6hCS2k1ZUtxShHBbNmL6jUR16Scpm 340.00704324 BTC: 1JqPFnGPhHhy54zJKmC1MPiczzgFjCmzE9 364.0...
0f89dbd9a83730210b0d349a1b572e4d28cf915e,zh_target_aux,products_data.csv,1123,products_data.csv|__unknown__|seller_id:1882373,__unknown__,,1882373,,description,crypto_wallet,12PpzLTHNWCLsHPgHMNd9ebj7bwbTxs33u,12PpzLTHNWCLsHPgHMNd9ebj7bwbTxs33u,crypto_wallet,1,0,1,0,159.89956180 BTC: 12PpzLTHNWCLsHPgHMNd9ebj7bwbTxs33u 198.03169282 BTC: 1E87cVPLZ938w7vYEA1e9RWSc8mESPA3J5 250.00020175 BTC: 12CRW6hCS2k1ZUtxSh,忘掉密码的6个比特币钱包文件总金额共计1790枚BTC,159.89956180 BTC: 12PpzLTHNWCLsHPgHMNd9ebj7bwbTxs33u 198.03169282 BTC: 1E87cVPLZ938w7vYEA1e9RWSc8mESPA3J5 250.00020175 BTC: 12CRW6hCS2k1ZUtxShHBbNmL6jUR16Scpm 340.00704324 BTC: 1JqPFnGPhHhy54zJKmC1MPiczzgFjCmzE9 364.0...
021a347a83a3804e345c2ed69c20d79b700a0c90,zh_target_aux,products_data.csv,1123,products_data.csv|__unknown__|seller_id:1882373,__unknown__,,1882373,,description,crypto_wallet,15kEaZRSQisQTZWKKUqLR4DrLeRQ8tZfCA,15kEaZRSQisQTZWKKUqLR4DrLeRQ8tZfCA,crypto_wallet,1,0,1,0,: 1JqPFnGPhHhy54zJKmC1MPiczzgFjCmzE9 364.01743463 BTC: 115NYEeeCyWVePWvUYhHo2m59ZaKZPqUws 15kEaZRSQisQTZWKKUqLR4DrLeRQ8tZfCA 478.33349845 BTC: 1NUnbngzRB2SeMqZLrLrypoYW5FrusVU3X 187oyQbBSRx8azGY8EC3V9oTsm6bTD45Zb 1,忘掉密码的6个比特币钱包文件总金额共计1790枚BTC,159.89956180 BTC: 12PpzLTHNWCLsHPgHMNd9ebj7bwbTxs33u 198.03169282 BTC: 1E87cVPLZ938w7vYEA1e9RWSc8mESPA3J5 250.00020175 BTC: 12CRW6hCS2k1ZUtxShHBbNmL6jUR16Scpm 340.00704324 BTC: 1JqPFnGPhHhy54zJKmC1MPiczzgFjCmzE9 364.0...
f3688d7204aed4780b8eccc0db4806ff32ece855,zh_target_aux,products_data.csv,1123,products_data.csv|__unknown__|seller_id:1882373,__unknown__,,1882373,,description,crypto_wallet,187oyQbBSRx8azGY8EC3V9oTsm6bTD45Zb,187oyQbBSRx8azGY8EC3V9oTsm6bTD45Zb,crypto_wallet,1,0,1,0,s 15kEaZRSQisQTZWKKUqLR4DrLeRQ8tZfCA 478.33349845 BTC: 1NUnbngzRB2SeMqZLrLrypoYW5FrusVU3X 187oyQbBSRx8azGY8EC3V9oTsm6bTD45Zb 1JXvzLcpxh3LBvEi1NKE6qAVpft6khkpWN 1A6R1sEkzpkNPx5hdJHjmN3947qYXFxuHz 1QBMmD24baHgusrqUSX,忘掉密码的6个比特币钱包文件总金额共计1790枚BTC,159.89956180 BTC: 12PpzLTHNWCLsHPgHMNd9ebj7bwbTxs33u 198.03169282 BTC: 1E87cVPLZ938w7vYEA1e9RWSc8mESPA3J5 250.00020175 BTC: 12CRW6hCS2k1ZUtxShHBbNmL6jUR16Scpm 340.00704324 BTC: 1JqPFnGPhHhy54zJKmC1MPiczzgFjCmzE9 364.0...
d5f0294f79bed702ec65d53b856bec87b06082a9,zh_target_aux,products_data.csv,1123,products_data.csv|__unknown__|seller_id:1882373,__unknown__,,1882373,,description,crypto_wallet,1A6R1sEkzpkNPx5hdJHjmN3947qYXFxuHz,1A6R1sEkzpkNPx5hdJHjmN3947qYXFxuHz,crypto_wallet,1,0,1,0,"ZLrLrypoYW5FrusVU3X 187oyQbBSRx8azGY8EC3V9oTsm6bTD45Zb 1JXvzLcpxh3LBvEi1NKE6qAVpft6khkpWN 1A6R1sEkzpkNPx5hdJHjmN3947qYXFxuHz 1QBMmD24baHgusrqUSXc9s1uALtHeuJsjK 真实的BTC钱包核心文件,链上余额一查就能看到!上面我有贴地址可以去比特币链上去自己查询 这些文件是我当年在",忘掉密码的6个比特币钱包文件总金额共计1790枚BTC,159.89956180 BTC: 12PpzLTHNWCLsHPgHMNd9ebj7bwbTxs33u 198.03169282 BTC: 1E87cVPLZ938w7vYEA1e9RWSc8mESPA3J5 250.00020175 BTC: 12CRW6hCS2k1ZUtxShHBbNmL6jUR16Scpm 340.00704324 BTC: 1JqPFnGPhHhy54zJKmC1MPiczzgFjCmzE9 364.0...
e2c44c6f50f6ea20a94bc7e058de59c975a37279,zh_target_aux,products_data.csv,1123,products_data.csv|__unknown__|seller_id:1882373,__unknown__,,1882373,,description,crypto_wallet,1E87cVPLZ938w7vYEA1e9RWSc8mESPA3J5,1E87cVPLZ938w7vYEA1e9RWSc8mESPA3J5,crypto_wallet,1,0,1,0,159.89956180 BTC: 12PpzLTHNWCLsHPgHMNd9ebj7bwbTxs33u 198.03169282 BTC: 1E87cVPLZ938w7vYEA1e9RWSc8mESPA3J5 250.00020175 BTC: 12CRW6hCS2k1ZUtxShHBbNmL6jUR16Scpm 340.00704324 BTC: 1JqPFnGPhHhy54zJKm,忘掉密码的6个比特币钱包文件总金额共计1790枚BTC,159.89956180 BTC: 12PpzLTHNWCLsHPgHMNd9ebj7bwbTxs33u 198.03169282 BTC: 1E87cVPLZ938w7vYEA1e9RWSc8mESPA3J5 250.00020175 BTC: 12CRW6hCS2k1ZUtxShHBbNmL6jUR16Scpm 340.00704324 BTC: 1JqPFnGPhHhy54zJKmC1MPiczzgFjCmzE9 364.0...
d5aff6ad7d48a3674192fbffba593e240f01c60b,zh_target_aux,products_data.csv,1123,products_data.csv|__unknown__|seller_id:1882373,__unknown__,,1882373,,description,crypto_wallet,1JXvzLcpxh3LBvEi1NKE6qAVpft6khkpWN,1JXvzLcpxh3LBvEi1NKE6qAVpft6khkpWN,crypto_wallet,1,0,1,0,"A 478.33349845 BTC: 1NUnbngzRB2SeMqZLrLrypoYW5FrusVU3X 187oyQbBSRx8azGY8EC3V9oTsm6bTD45Zb 1JXvzLcpxh3LBvEi1NKE6qAVpft6khkpWN 1A6R1sEkzpkNPx5hdJHjmN3947qYXFxuHz 1QBMmD24baHgusrqUSXc9s1uALtHeuJsjK 真实的BTC钱包核心文件,链上余额一查",忘掉密码的6个比特币钱包文件总金额共计1790枚BTC,159.89956180 BTC: 12PpzLTHNWCLsHPgHMNd9ebj7bwbTxs33u 198.03169282 BTC: 1E87cVPLZ938w7vYEA1e9RWSc8mESPA3J5 250.00020175 BTC: 12CRW6hCS2k1ZUtxShHBbNmL6jUR16Scpm 340.00704324 BTC: 1JqPFnGPhHhy54zJKmC1MPiczzgFjCmzE9 364.0...
f39b203389bad76fe37abc5d3c58b45bf1be0de5,zh_target_aux,products_data.csv,1123,products_data.csv|__unknown__|seller_id:1882373,__unknown__,,1882373,,description,crypto_wallet,1JqPFnGPhHhy54zJKmC1MPiczzgFjCmzE9,1JqPFnGPhHhy54zJKmC1MPiczzgFjCmzE9,crypto_wallet,1,0,1,0,EA1e9RWSc8mESPA3J5 250.00020175 BTC: 12CRW6hCS2k1ZUtxShHBbNmL6jUR16Scpm 340.00704324 BTC: 1JqPFnGPhHhy54zJKmC1MPiczzgFjCmzE9 364.01743463 BTC: 115NYEeeCyWVePWvUYhHo2m59ZaKZPqUws 15kEaZRSQisQTZWKKUqLR4DrLeRQ8tZfCA 4,忘掉密码的6个比特币钱包文件总金额共计1790枚BTC,159.89956180 BTC: 12PpzLTHNWCLsHPgHMNd9ebj7bwbTxs33u 198.03169282 BTC: 1E87cVPLZ938w7vYEA1e9RWSc8mESPA3J5 250.00020175 BTC: 12CRW6hCS2k1ZUtxShHBbNmL6jUR16Scpm 340.00704324 BTC: 1JqPFnGPhHhy54zJKmC1MPiczzgFjCmzE9 364.0...
8858605fee764cbd0967ea7fc263ca9c1f94f1cc,zh_target_aux,products_data.csv,1123,products_data.csv|__unknown__|seller_id:1882373,__unknown__,,1882373,,description,crypto_wallet,1NUnbngzRB2SeMqZLrLrypoYW5FrusVU3X,1NUnbngzRB2SeMqZLrLrypoYW5FrusVU3X,crypto_wallet,1,0,1,0,: 115NYEeeCyWVePWvUYhHo2m59ZaKZPqUws 15kEaZRSQisQTZWKKUqLR4DrLeRQ8tZfCA 478.33349845 BTC: 1NUnbngzRB2SeMqZLrLrypoYW5FrusVU3X 187oyQbBSRx8azGY8EC3V9oTsm6bTD45Zb 1JXvzLcpxh3LBvEi1NKE6qAVpft6khkpWN 1A6R1sEkzpkNPx5hdJH,忘掉密码的6个比特币钱包文件总金额共计1790枚BTC,159.89956180 BTC: 12PpzLTHNWCLsHPgHMNd9ebj7bwbTxs33u 198.03169282 BTC: 1E87cVPLZ938w7vYEA1e9RWSc8mESPA3J5 250.00020175 BTC: 12CRW6hCS2k1ZUtxShHBbNmL6jUR16Scpm 340.00704324 BTC: 1JqPFnGPhHhy54zJKmC1MPiczzgFjCmzE9 364.0...
9c7987ceaf1609bf86bbaaa3e7327c4098e144e1,zh_target_aux,products_data.csv,1123,products_data.csv|__unknown__|seller_id:1882373,__unknown__,,1882373,,description,crypto_wallet,1QBMmD24baHgusrqUSXc9s1uALtHeuJsjK,1QBMmD24baHgusrqUSXc9s1uALtHeuJsjK,crypto_wallet,1,0,1,0,"Y8EC3V9oTsm6bTD45Zb 1JXvzLcpxh3LBvEi1NKE6qAVpft6khkpWN 1A6R1sEkzpkNPx5hdJHjmN3947qYXFxuHz 1QBMmD24baHgusrqUSXc9s1uALtHeuJsjK 真实的BTC钱包核心文件,链上余额一查就能看到!上面我有贴地址可以去比特币链上去自己查询 这些文件是我当年在黑客圈子里,从交易所大佬手里搞到的。密码早就被遗忘,但文件是真的,余额",忘掉密码的6个比特币钱包文件总金额共计1790枚BTC,159.89956180 BTC: 12PpzLTHNWCLsHPgHMNd9ebj7bwbTxs33u 198.03169282 BTC: 1E87cVPLZ938w7vYEA1e9RWSc8mESPA3J5 250.00020175 BTC: 12CRW6hCS2k1ZUtxShHBbNmL6jUR16Scpm 340.00704324 BTC: 1JqPFnGPhHhy54zJKmC1MPiczzgFjCmzE9 364.0...
f31c132333e2d3cacb71ebfaaf5cbe0803717498,zh_target_aux,products_data.csv,1124,products_data.csv|__unknown__|seller_id:1882373,__unknown__,,1882373,,description,crypto_wallet,12ib7dApVFvg82TXKycWBNpN8kFyiAN1dr,12ib7dApVFvg82TXKycWBNpN8kFyiAN1dr,crypto_wallet,1,0,1,0,12ib7dApVFvg82TXKycWBNpN8kFyiAN1dr 31000个比特币 1550个比特币每个都是50个比特币 一个钱包: 1C1manLoJT66hj57xsF5e9WwsofiKk4nJ5 1Ek5oqj875P9EJtwN6Z,忘掉密码的2个比特币钱包文件总金额共计32550枚BTC,12ib7dApVFvg82TXKycWBNpN8kFyiAN1dr 31000个比特币 1550个比特币每个都是50个比特币 一个钱包： 1C1manLoJT66hj57xsF5e9WwsofiKk4nJ5 1Ek5oqj875P9EJtwN6ZUYiLRYD5vzdm8B 1NbmFcbx4nJYe51nBCjHDKRmkzYYwg4BCk 1DMxruDmrcd2XyT3wyt6fQvFN2u1gshjt1 13phXeWJ...
521e1a62b79ff28259e777115ede4fb66b9c5836,zh_target_aux,products_data.csv,1124,products_data.csv|__unknown__|seller_id:1882373,__unknown__,,1882373,,description,crypto_wallet,12pD21r4wz1MWEF1miLhm47JtdRRS1kcMW,12pD21r4wz1MWEF1miLhm47JtdRRS1kcMW,crypto_wallet,0,0,0,1,4X6bnPndRX1BZmZg59VY 19fagcHQcptLtABzQSpaas4yXTDBgDWgom 1MrKToJ1rbzT7CLzSkBZAFsVzJGvGSsKJ 12pD21r4wz1MWEF1miLhm47JtdRRS1kcMW 1Etecxto1JUaAYhsqeHnKi4SYbAkraKQAN 1EKHDfjcmSmriqAeTeGNWug6YLdzapn3ra 15cNqbhwE5d9BhfpJ4h,忘掉密码的2个比特币钱包文件总金额共计32550枚BTC,12ib7dApVFvg82TXKycWBNpN8kFyiAN1dr 31000个比特币 1550个比特币每个都是50个比特币 一个钱包： 1C1manLoJT66hj57xsF5e9WwsofiKk4nJ5 1Ek5oqj875P9EJtwN6ZUYiLRYD5vzdm8B 1NbmFcbx4nJYe51nBCjHDKRmkzYYwg4BCk 1DMxruDmrcd2XyT3wyt6fQvFN2u1gshjt1 13phXeWJ...
11b94526e74a2e6263b58884e838beeb3dc0c720,zh_target_aux,products_data.csv,1124,products_data.csv|__unknown__|seller_id:1882373,__unknown__,,1882373,,description,crypto_wallet,13DHyoaaEjzai1z9FiyMA7kEoGCMfp1tEj,13DHyoaaEjzai1z9FiyMA7kEoGCMfp1tEj,crypto_wallet,0,0,0,1,sqeHnKi4SYbAkraKQAN 1EKHDfjcmSmriqAeTeGNWug6YLdzapn3ra 15cNqbhwE5d9BhfpJ4h7tYyhXD1AEbU8iw 13DHyoaaEjzai1z9FiyMA7kEoGCMfp1tEj 1NH2xWycSxzF1VQveEm1uLvB9g9pH9VTGg 1Bm4dFj8dHnLooKKRFztsDnEpMJk8Xa9Rz 13v8Qxpb4roYvsyy7zb,忘掉密码的2个比特币钱包文件总金额共计32550枚BTC,12ib7dApVFvg82TXKycWBNpN8kFyiAN1dr 31000个比特币 1550个比特币每个都是50个比特币 一个钱包： 1C1manLoJT66hj57xsF5e9WwsofiKk4nJ5 1Ek5oqj875P9EJtwN6ZUYiLRYD5vzdm8B 1NbmFcbx4nJYe51nBCjHDKRmkzYYwg4BCk 1DMxruDmrcd2XyT3wyt6fQvFN2u1gshjt1 13phXeWJ...
ae285286d6eec4f27696b212fc14bf64e4c18d4f,zh_target_aux,products_data.csv,1124,products_data.csv|__unknown__|seller_id:1882373,__unknown__,,1882373,,description,crypto_wallet,13phXeWJ7vvYS6V2zHKTYJEujHmrtuerCc,13phXeWJ7vvYS6V2zHKTYJEujHmrtuerCc,crypto_wallet,0,0,0,1,twN6ZUYiLRYD5vzdm8B 1NbmFcbx4nJYe51nBCjHDKRmkzYYwg4BCk 1DMxruDmrcd2XyT3wyt6fQvFN2u1gshjt1 13phXeWJ7vvYS6V2zHKTYJEujHmrtuerCc 1EUJwAfRWLtu9YYZEjRhT2Ksm9ECWUfb72 1MAAncHrmtAb1qnd6DriVzZs7GBaQijc4g 1G6t1C1xTWsaNX7n4rL,忘掉密码的2个比特币钱包文件总金额共计32550枚BTC,12ib7dApVFvg82TXKycWBNpN8kFyiAN1dr 31000个比特币 1550个比特币每个都是50个比特币 一个钱包： 1C1manLoJT66hj57xsF5e9WwsofiKk4nJ5 1Ek5oqj875P9EJtwN6ZUYiLRYD5vzdm8B 1NbmFcbx4nJYe51nBCjHDKRmkzYYwg4BCk 1DMxruDmrcd2XyT3wyt6fQvFN2u1gshjt1 13phXeWJ...
4d65f04dd1403e8defb5b3dc950c16535344c8d5,zh_target_aux,products_data.csv,1124,products_data.csv|__unknown__|seller_id:1882373,__unknown__,,1882373,,description,crypto_wallet,13v8Qxpb4roYvsyy7zbTj7jjjYUj3z7Dcd,13v8Qxpb4roYvsyy7zbTj7jjjYUj3z7Dcd,crypto_wallet,1,0,1,0,"9FiyMA7kEoGCMfp1tEj 1NH2xWycSxzF1VQveEm1uLvB9g9pH9VTGg 1Bm4dFj8dHnLooKKRFztsDnEpMJk8Xa9Rz 13v8Qxpb4roYvsyy7zbTj7jjjYUj3z7Dcd 1LC7DSqXm6wqD26dZK8vwDXBZr6fsjcM8Q 1HZwB8oYFNYacownVAzxt8ZBRh7Sw6oyu 真实的BTC钱包核心文件,链上余额一查就",忘掉密码的2个比特币钱包文件总金额共计32550枚BTC,12ib7dApVFvg82TXKycWBNpN8kFyiAN1dr 31000个比特币 1550个比特币每个都是50个比特币 一个钱包： 1C1manLoJT66hj57xsF5e9WwsofiKk4nJ5 1Ek5oqj875P9EJtwN6ZUYiLRYD5vzdm8B 1NbmFcbx4nJYe51nBCjHDKRmkzYYwg4BCk 1DMxruDmrcd2XyT3wyt6fQvFN2u1gshjt1 13phXeWJ...
9245c6c5fd491d0ae9ea56060bf3c742f4a64fc8,zh_target_aux,products_data.csv,1124,products_data.csv|__unknown__|seller_id:1882373,__unknown__,,1882373,,description,crypto_wallet,13v9SZ1uMf29x5VL2weQ1uJCDJoKHWkLR8,13v9SZ1uMf29x5VL2weQ1uJCDJoKHWkLR8,crypto_wallet,0,0,0,1,Ym71kLSGHi47hUFKkpy 171Sfpv8q1QSJN7cAGCy6z6SefnHfvbvfr 14d9wvVh4wN38JniZspeDgAAfHJrEkUmPf 13v9SZ1uMf29x5VL2weQ1uJCDJoKHWkLR8 1HTxmPjduUgDXterz2NPTCw21WrE1uCHYE 15pysVhLRdXUzYLejRaXKwf9eSRuC6LQbK 1BhvFQJcgXNoAc4oqko,忘掉密码的2个比特币钱包文件总金额共计32550枚BTC,12ib7dApVFvg82TXKycWBNpN8kFyiAN1dr 31000个比特币 1550个比特币每个都是50个比特币 一个钱包： 1C1manLoJT66hj57xsF5e9WwsofiKk4nJ5 1Ek5oqj875P9EJtwN6ZUYiLRYD5vzdm8B 1NbmFcbx4nJYe51nBCjHDKRmkzYYwg4BCk 1DMxruDmrcd2XyT3wyt6fQvFN2u1gshjt1 13phXeWJ...
19097cb27e292dc4a21a3ef771c413ca55c22caf,zh_target_aux,products_data.csv,1124,products_data.csv|__unknown__|seller_id:1882373,__unknown__,,1882373,,description,crypto_wallet,14N7QdjeJxPU5suQ1UqqLcNQEkmVqQHve7,14N7QdjeJxPU5suQ1UqqLcNQEkmVqQHve7,crypto_wallet,1,0,1,0,ZEjRhT2Ksm9ECWUfb72 1MAAncHrmtAb1qnd6DriVzZs7GBaQijc4g 1G6t1C1xTWsaNX7n4rLzSi1qVbdQ9oTN2w 14N7QdjeJxPU5suQ1UqqLcNQEkmVqQHve7 19kBB5WkGUW2yWQYm71kLSGHi47hUFKkpy 171Sfpv8q1QSJN7cAGCy6z6SefnHfvbvfr 14d9wvVh4wN38JniZsp,忘掉密码的2个比特币钱包文件总金额共计32550枚BTC,12ib7dApVFvg82TXKycWBNpN8kFyiAN1dr 31000个比特币 1550个比特币每个都是50个比特币 一个钱包： 1C1manLoJT66hj57xsF5e9WwsofiKk4nJ5 1Ek5oqj875P9EJtwN6ZUYiLRYD5vzdm8B 1NbmFcbx4nJYe51nBCjHDKRmkzYYwg4BCk 1DMxruDmrcd2XyT3wyt6fQvFN2u1gshjt1 13phXeWJ...
95be2e46218aa1518b0b3e2af7727a1176763f02,zh_target_aux,products_data.csv,1124,products_data.csv|__unknown__|seller_id:1882373,__unknown__,,1882373,,description,crypto_wallet,14d9wvVh4wN38JniZspeDgAAfHJrEkUmPf,14d9wvVh4wN38JniZspeDgAAfHJrEkUmPf,crypto_wallet,1,0,1,0,Q1UqqLcNQEkmVqQHve7 19kBB5WkGUW2yWQYm71kLSGHi47hUFKkpy 171Sfpv8q1QSJN7cAGCy6z6SefnHfvbvfr 14d9wvVh4wN38JniZspeDgAAfHJrEkUmPf 13v9SZ1uMf29x5VL2weQ1uJCDJoKHWkLR8 1HTxmPjduUgDXterz2NPTCw21WrE1uCHYE 15pysVhLRdXUzYLejRa,忘掉密码的2个比特币钱包文件总金额共计32550枚BTC,12ib7dApVFvg82TXKycWBNpN8kFyiAN1dr 31000个比特币 1550个比特币每个都是50个比特币 一个钱包： 1C1manLoJT66hj57xsF5e9WwsofiKk4nJ5 1Ek5oqj875P9EJtwN6ZUYiLRYD5vzdm8B 1NbmFcbx4nJYe51nBCjHDKRmkzYYwg4BCk 1DMxruDmrcd2XyT3wyt6fQvFN2u1gshjt1 13phXeWJ...
835a4d31a11fb17aa482f7afea3eda45099a2422,zh_target_aux,products_data.csv,1124,products_data.csv|__unknown__|seller_id:1882373,__unknown__,,1882373,,description,crypto_wallet,15HJYm15zTSaCoYMTq7AEquvRMHfPG4SPT,15HJYm15zTSaCoYMTq7AEquvRMHfPG4SPT,crypto_wallet,0,0,0,1,LejRaXKwf9eSRuC6LQbK 1BhvFQJcgXNoAc4oqkobW1Ar1iohHNaw4c 1Z9Ko4jLsn8EfXEhizhLH7WcLfh5kLD6d 15HJYm15zTSaCoYMTq7AEquvRMHfPG4SPT 1MmK8hmLUE9xFE4X6bnPndRX1BZmZg59VY 19fagcHQcptLtABzQSpaas4yXTDBgDWgom 1MrKToJ1rbzT7CLzSkB,忘掉密码的2个比特币钱包文件总金额共计32550枚BTC,12ib7dApVFvg82TXKycWBNpN8kFyiAN1dr 31000个比特币 1550个比特币每个都是50个比特币 一个钱包： 1C1manLoJT66hj57xsF5e9WwsofiKk4nJ5 1Ek5oqj875P9EJtwN6ZUYiLRYD5vzdm8B 1NbmFcbx4nJYe51nBCjHDKRmkzYYwg4BCk 1DMxruDmrcd2XyT3wyt6fQvFN2u1gshjt1 13phXeWJ...
98f0c9b856e3d426b23a67a890e61469c929dada,zh_target_aux,products_data.csv,1124,products_data.csv|__unknown__|seller_id:1882373,__unknown__,,1882373,,description,crypto_wallet,15cNqbhwE5d9BhfpJ4h7tYyhXD1AEbU8iw,15cNqbhwE5d9BhfpJ4h7tYyhXD1AEbU8iw,crypto_wallet,0,0,0,1,1miLhm47JtdRRS1kcMW 1Etecxto1JUaAYhsqeHnKi4SYbAkraKQAN 1EKHDfjcmSmriqAeTeGNWug6YLdzapn3ra 15cNqbhwE5d9BhfpJ4h7tYyhXD1AEbU8iw 13DHyoaaEjzai1z9FiyMA7kEoGCMfp1tEj 1NH2xWycSxzF1VQveEm1uLvB9g9pH9VTGg 1Bm4dFj8dHnLooKKRFz,忘掉密码的2个比特币钱包文件总金额共计32550枚BTC,12ib7dApVFvg82TXKycWBNpN8kFyiAN1dr 31000个比特币 1550个比特币每个都是50个比特币 一个钱包： 1C1manLoJT66hj57xsF5e9WwsofiKk4nJ5 1Ek5oqj875P9EJtwN6ZUYiLRYD5vzdm8B 1NbmFcbx4nJYe51nBCjHDKRmkzYYwg4BCk 1DMxruDmrcd2XyT3wyt6fQvFN2u1gshjt1 13phXeWJ...
5684d30fd86f5539a5e885f20e38d990e289ea38,zh_target_aux,products_data.csv,1124,products_data.csv|__unknown__|seller_id:1882373,__unknown__,,1882373,,description,crypto_wallet,15pysVhLRdXUzYLejRaXKwf9eSRuC6LQbK,15pysVhLRdXUzYLejRaXKwf9eSRuC6LQbK,crypto_wallet,0,0,0,1,iZspeDgAAfHJrEkUmPf 13v9SZ1uMf29x5VL2weQ1uJCDJoKHWkLR8 1HTxmPjduUgDXterz2NPTCw21WrE1uCHYE 15pysVhLRdXUzYLejRaXKwf9eSRuC6LQbK 1BhvFQJcgXNoAc4oqkobW1Ar1iohHNaw4c 1Z9Ko4jLsn8EfXEhizhLH7WcLfh5kLD6d 15HJYm15zTSaCoYMTq7A,忘掉密码的2个比特币钱包文件总金额共计32550枚BTC,12ib7dApVFvg82TXKycWBNpN8kFyiAN1dr 31000个比特币 1550个比特币每个都是50个比特币 一个钱包： 1C1manLoJT66hj57xsF5e9WwsofiKk4nJ5 1Ek5oqj875P9EJtwN6ZUYiLRYD5vzdm8B 1NbmFcbx4nJYe51nBCjHDKRmkzYYwg4BCk 1DMxruDmrcd2XyT3wyt6fQvFN2u1gshjt1 13phXeWJ...
86a65956ccde34f4bd93e2273b7b440b13e4ea81,zh_target_aux,products_data.csv,1124,products_data.csv|__unknown__|seller_id:1882373,__unknown__,,1882373,,description,crypto_wallet,171Sfpv8q1QSJN7cAGCy6z6SefnHfvbvfr,171Sfpv8q1QSJN7cAGCy6z6SefnHfvbvfr,crypto_wallet,1,0,1,0,n4rLzSi1qVbdQ9oTN2w 14N7QdjeJxPU5suQ1UqqLcNQEkmVqQHve7 19kBB5WkGUW2yWQYm71kLSGHi47hUFKkpy 171Sfpv8q1QSJN7cAGCy6z6SefnHfvbvfr 14d9wvVh4wN38JniZspeDgAAfHJrEkUmPf 13v9SZ1uMf29x5VL2weQ1uJCDJoKHWkLR8 1HTxmPjduUgDXterz2N,忘掉密码的2个比特币钱包文件总金额共计32550枚BTC,12ib7dApVFvg82TXKycWBNpN8kFyiAN1dr 31000个比特币 1550个比特币每个都是50个比特币 一个钱包： 1C1manLoJT66hj57xsF5e9WwsofiKk4nJ5 1Ek5oqj875P9EJtwN6ZUYiLRYD5vzdm8B 1NbmFcbx4nJYe51nBCjHDKRmkzYYwg4BCk 1DMxruDmrcd2XyT3wyt6fQvFN2u1gshjt1 13phXeWJ...
58c57750c27d3e7e7e162d99ff389b7c543e78fd,zh_target_aux,products_data.csv,1124,products_data.csv|__unknown__|seller_id:1882373,__unknown__,,1882373,,description,crypto_wallet,19fagcHQcptLtABzQSpaas4yXTDBgDWgom,19fagcHQcptLtABzQSpaas4yXTDBgDWgom,crypto_wallet,0,0,0,1,EhizhLH7WcLfh5kLD6d 15HJYm15zTSaCoYMTq7AEquvRMHfPG4SPT 1MmK8hmLUE9xFE4X6bnPndRX1BZmZg59VY 19fagcHQcptLtABzQSpaas4yXTDBgDWgom 1MrKToJ1rbzT7CLzSkBZAFsVzJGvGSsKJ 12pD21r4wz1MWEF1miLhm47JtdRRS1kcMW 1Etecxto1JUaAYhsqeHn,忘掉密码的2个比特币钱包文件总金额共计32550枚BTC,12ib7dApVFvg82TXKycWBNpN8kFyiAN1dr 31000个比特币 1550个比特币每个都是50个比特币 一个钱包： 1C1manLoJT66hj57xsF5e9WwsofiKk4nJ5 1Ek5oqj875P9EJtwN6ZUYiLRYD5vzdm8B 1NbmFcbx4nJYe51nBCjHDKRmkzYYwg4BCk 1DMxruDmrcd2XyT3wyt6fQvFN2u1gshjt1 13phXeWJ...
fc28d447025cf8724fc439518e9f32cb687eb41f,zh_target_aux,products_data.csv,1124,products_data.csv|__unknown__|seller_id:1882373,__unknown__,,1882373,,description,crypto_wallet,19kBB5WkGUW2yWQYm71kLSGHi47hUFKkpy,19kBB5WkGUW2yWQYm71kLSGHi47hUFKkpy,crypto_wallet,1,0,1,0,d6DriVzZs7GBaQijc4g 1G6t1C1xTWsaNX7n4rLzSi1qVbdQ9oTN2w 14N7QdjeJxPU5suQ1UqqLcNQEkmVqQHve7 19kBB5WkGUW2yWQYm71kLSGHi47hUFKkpy 171Sfpv8q1QSJN7cAGCy6z6SefnHfvbvfr 14d9wvVh4wN38JniZspeDgAAfHJrEkUmPf 13v9SZ1uMf29x5VL2we,忘掉密码的2个比特币钱包文件总金额共计32550枚BTC,12ib7dApVFvg82TXKycWBNpN8kFyiAN1dr 31000个比特币 1550个比特币每个都是50个比特币 一个钱包： 1C1manLoJT66hj57xsF5e9WwsofiKk4nJ5 1Ek5oqj875P9EJtwN6ZUYiLRYD5vzdm8B 1NbmFcbx4nJYe51nBCjHDKRmkzYYwg4BCk 1DMxruDmrcd2XyT3wyt6fQvFN2u1gshjt1 13phXeWJ...
5f0dc385a67648823b653a38569a4b32ecd1e716,zh_target_aux,products_data.csv,1124,products_data.csv|__unknown__|seller_id:1882373,__unknown__,,1882373,,description,crypto_wallet,1BhvFQJcgXNoAc4oqkobW1Ar1iohHNaw4c,1BhvFQJcgXNoAc4oqkobW1Ar1iohHNaw4c,crypto_wallet,0,0,0,1,L2weQ1uJCDJoKHWkLR8 1HTxmPjduUgDXterz2NPTCw21WrE1uCHYE 15pysVhLRdXUzYLejRaXKwf9eSRuC6LQbK 1BhvFQJcgXNoAc4oqkobW1Ar1iohHNaw4c 1Z9Ko4jLsn8EfXEhizhLH7WcLfh5kLD6d 15HJYm15zTSaCoYMTq7AEquvRMHfPG4SPT 1MmK8hmLUE9xFE4X6bnP,忘掉密码的2个比特币钱包文件总金额共计32550枚BTC,12ib7dApVFvg82TXKycWBNpN8kFyiAN1dr 31000个比特币 1550个比特币每个都是50个比特币 一个钱包： 1C1manLoJT66hj57xsF5e9WwsofiKk4nJ5 1Ek5oqj875P9EJtwN6ZUYiLRYD5vzdm8B 1NbmFcbx4nJYe51nBCjHDKRmkzYYwg4BCk 1DMxruDmrcd2XyT3wyt6fQvFN2u1gshjt1 13phXeWJ...
d2dbfadedcaf0d055f19eca112f9966a8840b203,zh_target_aux,products_data.csv,1124,products_data.csv|__unknown__|seller_id:1882373,__unknown__,,1882373,,description,crypto_wallet,1Bm4dFj8dHnLooKKRFztsDnEpMJk8Xa9Rz,1Bm4dFj8dHnLooKKRFztsDnEpMJk8Xa9Rz,crypto_wallet,0,0,0,1,pJ4h7tYyhXD1AEbU8iw 13DHyoaaEjzai1z9FiyMA7kEoGCMfp1tEj 1NH2xWycSxzF1VQveEm1uLvB9g9pH9VTGg 1Bm4dFj8dHnLooKKRFztsDnEpMJk8Xa9Rz 13v8Qxpb4roYvsyy7zbTj7jjjYUj3z7Dcd 1LC7DSqXm6wqD26dZK8vwDXBZr6fsjcM8Q 1HZwB8oYFNYacownVAz,忘掉密码的2个比特币钱包文件总金额共计32550枚BTC,12ib7dApVFvg82TXKycWBNpN8kFyiAN1dr 31000个比特币 1550个比特币每个都是50个比特币 一个钱包： 1C1manLoJT66hj57xsF5e9WwsofiKk4nJ5 1Ek5oqj875P9EJtwN6ZUYiLRYD5vzdm8B 1NbmFcbx4nJYe51nBCjHDKRmkzYYwg4BCk 1DMxruDmrcd2XyT3wyt6fQvFN2u1gshjt1 13phXeWJ...
08dc0702d0e69d01fad4569fd3f511dead11eb3e,zh_target_aux,products_data.csv,1124,products_data.csv|__unknown__|seller_id:1882373,__unknown__,,1882373,,description,crypto_wallet,1C1manLoJT66hj57xsF5e9WwsofiKk4nJ5,1C1manLoJT66hj57xsF5e9WwsofiKk4nJ5,crypto_wallet,1,0,1,0,12ib7dApVFvg82TXKycWBNpN8kFyiAN1dr 31000个比特币 1550个比特币每个都是50个比特币 一个钱包: 1C1manLoJT66hj57xsF5e9WwsofiKk4nJ5 1Ek5oqj875P9EJtwN6ZUYiLRYD5vzdm8B 1NbmFcbx4nJYe51nBCjHDKRmkzYYwg4BCk 1DMxruDmrcd2XyT3wyt6,忘掉密码的2个比特币钱包文件总金额共计32550枚BTC,12ib7dApVFvg82TXKycWBNpN8kFyiAN1dr 31000个比特币 1550个比特币每个都是50个比特币 一个钱包： 1C1manLoJT66hj57xsF5e9WwsofiKk4nJ5 1Ek5oqj875P9EJtwN6ZUYiLRYD5vzdm8B 1NbmFcbx4nJYe51nBCjHDKRmkzYYwg4BCk 1DMxruDmrcd2XyT3wyt6fQvFN2u1gshjt1 13phXeWJ...
d0d928a99fb7595caa14e1eaffc2a9d92380284e,zh_target_aux,products_data.csv,1124,products_data.csv|__unknown__|seller_id:1882373,__unknown__,,1882373,,description,crypto_wallet,1DMxruDmrcd2XyT3wyt6fQvFN2u1gshjt1,1DMxruDmrcd2XyT3wyt6fQvFN2u1gshjt1,crypto_wallet,0,0,0,1,57xsF5e9WwsofiKk4nJ5 1Ek5oqj875P9EJtwN6ZUYiLRYD5vzdm8B 1NbmFcbx4nJYe51nBCjHDKRmkzYYwg4BCk 1DMxruDmrcd2XyT3wyt6fQvFN2u1gshjt1 13phXeWJ7vvYS6V2zHKTYJEujHmrtuerCc 1EUJwAfRWLtu9YYZEjRhT2Ksm9ECWUfb72 1MAAncHrmtAb1qnd6Dr,忘掉密码的2个比特币钱包文件总金额共计32550枚BTC,12ib7dApVFvg82TXKycWBNpN8kFyiAN1dr 31000个比特币 1550个比特币每个都是50个比特币 一个钱包： 1C1manLoJT66hj57xsF5e9WwsofiKk4nJ5 1Ek5oqj875P9EJtwN6ZUYiLRYD5vzdm8B 1NbmFcbx4nJYe51nBCjHDKRmkzYYwg4BCk 1DMxruDmrcd2XyT3wyt6fQvFN2u1gshjt1 13phXeWJ...
fee0e733cf033713937b9743a592c7b87676786c,zh_target_aux,products_data.csv,1124,products_data.csv|__unknown__|seller_id:1882373,__unknown__,,1882373,,description,crypto_wallet,1EKHDfjcmSmriqAeTeGNWug6YLdzapn3ra,1EKHDfjcmSmriqAeTeGNWug6YLdzapn3ra,crypto_wallet,0,0,0,1,LzSkBZAFsVzJGvGSsKJ 12pD21r4wz1MWEF1miLhm47JtdRRS1kcMW 1Etecxto1JUaAYhsqeHnKi4SYbAkraKQAN 1EKHDfjcmSmriqAeTeGNWug6YLdzapn3ra 15cNqbhwE5d9BhfpJ4h7tYyhXD1AEbU8iw 13DHyoaaEjzai1z9FiyMA7kEoGCMfp1tEj 1NH2xWycSxzF1VQveEm,忘掉密码的2个比特币钱包文件总金额共计32550枚BTC,12ib7dApVFvg82TXKycWBNpN8kFyiAN1dr 31000个比特币 1550个比特币每个都是50个比特币 一个钱包： 1C1manLoJT66hj57xsF5e9WwsofiKk4nJ5 1Ek5oqj875P9EJtwN6ZUYiLRYD5vzdm8B 1NbmFcbx4nJYe51nBCjHDKRmkzYYwg4BCk 1DMxruDmrcd2XyT3wyt6fQvFN2u1gshjt1 13phXeWJ...
3346b5821c1da8263f0e8381bc0090bf7237236e,zh_target_aux,products_data.csv,1124,products_data.csv|__unknown__|seller_id:1882373,__unknown__,,1882373,,description,crypto_wallet,1EUJwAfRWLtu9YYZEjRhT2Ksm9ECWUfb72,1EUJwAfRWLtu9YYZEjRhT2Ksm9ECWUfb72,crypto_wallet,0,0,0,1,nBCjHDKRmkzYYwg4BCk 1DMxruDmrcd2XyT3wyt6fQvFN2u1gshjt1 13phXeWJ7vvYS6V2zHKTYJEujHmrtuerCc 1EUJwAfRWLtu9YYZEjRhT2Ksm9ECWUfb72 1MAAncHrmtAb1qnd6DriVzZs7GBaQijc4g 1G6t1C1xTWsaNX7n4rLzSi1qVbdQ9oTN2w 14N7QdjeJxPU5suQ1Uq,忘掉密码的2个比特币钱包文件总金额共计32550枚BTC,12ib7dApVFvg82TXKycWBNpN8kFyiAN1dr 31000个比特币 1550个比特币每个都是50个比特币 一个钱包： 1C1manLoJT66hj57xsF5e9WwsofiKk4nJ5 1Ek5oqj875P9EJtwN6ZUYiLRYD5vzdm8B 1NbmFcbx4nJYe51nBCjHDKRmkzYYwg4BCk 1DMxruDmrcd2XyT3wyt6fQvFN2u1gshjt1 13phXeWJ...
aefee5a2d36ee218d66f3147107e93ef299004f9,zh_target_aux,products_data.csv,1124,products_data.csv|__unknown__|seller_id:1882373,__unknown__,,1882373,,description,crypto_wallet,1Ek5oqj875P9EJtwN6ZUYiLRYD5vzdm8B,1Ek5oqj875P9EJtwN6ZUYiLRYD5vzdm8B,crypto_wallet,1,0,1,0,XKycWBNpN8kFyiAN1dr 31000个比特币 1550个比特币每个都是50个比特币 一个钱包: 1C1manLoJT66hj57xsF5e9WwsofiKk4nJ5 1Ek5oqj875P9EJtwN6ZUYiLRYD5vzdm8B 1NbmFcbx4nJYe51nBCjHDKRmkzYYwg4BCk 1DMxruDmrcd2XyT3wyt6fQvFN2u1gshjt1 13phXeWJ7vvYS6V2zHK,忘掉密码的2个比特币钱包文件总金额共计32550枚BTC,12ib7dApVFvg82TXKycWBNpN8kFyiAN1dr 31000个比特币 1550个比特币每个都是50个比特币 一个钱包： 1C1manLoJT66hj57xsF5e9WwsofiKk4nJ5 1Ek5oqj875P9EJtwN6ZUYiLRYD5vzdm8B 1NbmFcbx4nJYe51nBCjHDKRmkzYYwg4BCk 1DMxruDmrcd2XyT3wyt6fQvFN2u1gshjt1 13phXeWJ...
e087eaa6cd8879a996eadfe706c4abaf7b67f8c7,zh_target_aux,products_data.csv,1124,products_data.csv|__unknown__|seller_id:1882373,__unknown__,,1882373,,description,crypto_wallet,1Etecxto1JUaAYhsqeHnKi4SYbAkraKQAN,1Etecxto1JUaAYhsqeHnKi4SYbAkraKQAN,crypto_wallet,0,0,0,1,BzQSpaas4yXTDBgDWgom 1MrKToJ1rbzT7CLzSkBZAFsVzJGvGSsKJ 12pD21r4wz1MWEF1miLhm47JtdRRS1kcMW 1Etecxto1JUaAYhsqeHnKi4SYbAkraKQAN 1EKHDfjcmSmriqAeTeGNWug6YLdzapn3ra 15cNqbhwE5d9BhfpJ4h7tYyhXD1AEbU8iw 13DHyoaaEjzai1z9Fiy,忘掉密码的2个比特币钱包文件总金额共计32550枚BTC,12ib7dApVFvg82TXKycWBNpN8kFyiAN1dr 31000个比特币 1550个比特币每个都是50个比特币 一个钱包： 1C1manLoJT66hj57xsF5e9WwsofiKk4nJ5 1Ek5oqj875P9EJtwN6ZUYiLRYD5vzdm8B 1NbmFcbx4nJYe51nBCjHDKRmkzYYwg4BCk 1DMxruDmrcd2XyT3wyt6fQvFN2u1gshjt1 13phXeWJ...
21db4cd68259b77fd6c4eba848d23932407a8ea0,zh_target_aux,products_data.csv,1124,products_data.csv|__unknown__|seller_id:1882373,__unknown__,,1882373,,description,crypto_wallet,1G6t1C1xTWsaNX7n4rLzSi1qVbdQ9oTN2w,1G6t1C1xTWsaNX7n4rLzSi1qVbdQ9oTN2w,crypto_wallet,1,0,1,0,2zHKTYJEujHmrtuerCc 1EUJwAfRWLtu9YYZEjRhT2Ksm9ECWUfb72 1MAAncHrmtAb1qnd6DriVzZs7GBaQijc4g 1G6t1C1xTWsaNX7n4rLzSi1qVbdQ9oTN2w 14N7QdjeJxPU5suQ1UqqLcNQEkmVqQHve7 19kBB5WkGUW2yWQYm71kLSGHi47hUFKkpy 171Sfpv8q1QSJN7cAGC,忘掉密码的2个比特币钱包文件总金额共计32550枚BTC,12ib7dApVFvg82TXKycWBNpN8kFyiAN1dr 31000个比特币 1550个比特币每个都是50个比特币 一个钱包： 1C1manLoJT66hj57xsF5e9WwsofiKk4nJ5 1Ek5oqj875P9EJtwN6ZUYiLRYD5vzdm8B 1NbmFcbx4nJYe51nBCjHDKRmkzYYwg4BCk 1DMxruDmrcd2XyT3wyt6fQvFN2u1gshjt1 13phXeWJ...
ef69b3afc45ccec76f18bd734537071ece63d194,zh_target_aux,products_data.csv,1124,products_data.csv|__unknown__|seller_id:1882373,__unknown__,,1882373,,description,crypto_wallet,1HTxmPjduUgDXterz2NPTCw21WrE1uCHYE,1HTxmPjduUgDXterz2NPTCw21WrE1uCHYE,crypto_wallet,0,0,0,1,cAGCy6z6SefnHfvbvfr 14d9wvVh4wN38JniZspeDgAAfHJrEkUmPf 13v9SZ1uMf29x5VL2weQ1uJCDJoKHWkLR8 1HTxmPjduUgDXterz2NPTCw21WrE1uCHYE 15pysVhLRdXUzYLejRaXKwf9eSRuC6LQbK 1BhvFQJcgXNoAc4oqkobW1Ar1iohHNaw4c 1Z9Ko4jLsn8EfXEhizh,忘掉密码的2个比特币钱包文件总金额共计32550枚BTC,12ib7dApVFvg82TXKycWBNpN8kFyiAN1dr 31000个比特币 1550个比特币每个都是50个比特币 一个钱包： 1C1manLoJT66hj57xsF5e9WwsofiKk4nJ5 1Ek5oqj875P9EJtwN6ZUYiLRYD5vzdm8B 1NbmFcbx4nJYe51nBCjHDKRmkzYYwg4BCk 1DMxruDmrcd2XyT3wyt6fQvFN2u1gshjt1 13phXeWJ...
4a555526b5938827d65ab2023cd4e10e2514c2f0,zh_target_aux,products_data.csv,1124,products_data.csv|__unknown__|seller_id:1882373,__unknown__,,1882373,,description,crypto_wallet,1HZwB8oYFNYacownVAzxt8ZBRh7Sw6oyu,1HZwB8oYFNYacownVAzxt8ZBRh7Sw6oyu,crypto_wallet,1,0,1,0,"KRFztsDnEpMJk8Xa9Rz 13v8Qxpb4roYvsyy7zbTj7jjjYUj3z7Dcd 1LC7DSqXm6wqD26dZK8vwDXBZr6fsjcM8Q 1HZwB8oYFNYacownVAzxt8ZBRh7Sw6oyu 真实的BTC钱包核心文件,链上余额一查就能看到!上面我有贴地址可以去比特币链上去自己查询 这些文件是我当年在黑客圈子里,从交易所大佬手里搞到的。密码早就被遗忘,但文件是真的,余额",忘掉密码的2个比特币钱包文件总金额共计32550枚BTC,12ib7dApVFvg82TXKycWBNpN8kFyiAN1dr 31000个比特币 1550个比特币每个都是50个比特币 一个钱包： 1C1manLoJT66hj57xsF5e9WwsofiKk4nJ5 1Ek5oqj875P9EJtwN6ZUYiLRYD5vzdm8B 1NbmFcbx4nJYe51nBCjHDKRmkzYYwg4BCk 1DMxruDmrcd2XyT3wyt6fQvFN2u1gshjt1 13phXeWJ...
e97f237e28757c3c9641b2e0fcb596a29ce398ce,zh_target_aux,products_data.csv,1124,products_data.csv|__unknown__|seller_id:1882373,__unknown__,,1882373,,description,crypto_wallet,1LC7DSqXm6wqD26dZK8vwDXBZr6fsjcM8Q,1LC7DSqXm6wqD26dZK8vwDXBZr6fsjcM8Q,crypto_wallet,1,0,1,0,"veEm1uLvB9g9pH9VTGg 1Bm4dFj8dHnLooKKRFztsDnEpMJk8Xa9Rz 13v8Qxpb4roYvsyy7zbTj7jjjYUj3z7Dcd 1LC7DSqXm6wqD26dZK8vwDXBZr6fsjcM8Q 1HZwB8oYFNYacownVAzxt8ZBRh7Sw6oyu 真实的BTC钱包核心文件,链上余额一查就能看到!上面我有贴地址可以去比特币链上去自己查询 这些文件是我当年在黑",忘掉密码的2个比特币钱包文件总金额共计32550枚BTC,12ib7dApVFvg82TXKycWBNpN8kFyiAN1dr 31000个比特币 1550个比特币每个都是50个比特币 一个钱包： 1C1manLoJT66hj57xsF5e9WwsofiKk4nJ5 1Ek5oqj875P9EJtwN6ZUYiLRYD5vzdm8B 1NbmFcbx4nJYe51nBCjHDKRmkzYYwg4BCk 1DMxruDmrcd2XyT3wyt6fQvFN2u1gshjt1 13phXeWJ...
266e1000f46e6996b2f8779dcbbe38aa8fb83e1a,zh_target_aux,products_data.csv,1124,products_data.csv|__unknown__|seller_id:1882373,__unknown__,,1882373,,description,crypto_wallet,1MAAncHrmtAb1qnd6DriVzZs7GBaQijc4g,1MAAncHrmtAb1qnd6DriVzZs7GBaQijc4g,crypto_wallet,1,0,1,0,3wyt6fQvFN2u1gshjt1 13phXeWJ7vvYS6V2zHKTYJEujHmrtuerCc 1EUJwAfRWLtu9YYZEjRhT2Ksm9ECWUfb72 1MAAncHrmtAb1qnd6DriVzZs7GBaQijc4g 1G6t1C1xTWsaNX7n4rLzSi1qVbdQ9oTN2w 14N7QdjeJxPU5suQ1UqqLcNQEkmVqQHve7 19kBB5WkGUW2yWQYm71,忘掉密码的2个比特币钱包文件总金额共计32550枚BTC,12ib7dApVFvg82TXKycWBNpN8kFyiAN1dr 31000个比特币 1550个比特币每个都是50个比特币 一个钱包： 1C1manLoJT66hj57xsF5e9WwsofiKk4nJ5 1Ek5oqj875P9EJtwN6ZUYiLRYD5vzdm8B 1NbmFcbx4nJYe51nBCjHDKRmkzYYwg4BCk 1DMxruDmrcd2XyT3wyt6fQvFN2u1gshjt1 13phXeWJ...
6b0325962eb3e5f3e7bc6628673cbc021a7fec54,zh_target_aux,products_data.csv,1124,products_data.csv|__unknown__|seller_id:1882373,__unknown__,,1882373,,description,crypto_wallet,1MmK8hmLUE9xFE4X6bnPndRX1BZmZg59VY,1MmK8hmLUE9xFE4X6bnPndRX1BZmZg59VY,crypto_wallet,0,0,0,1,4oqkobW1Ar1iohHNaw4c 1Z9Ko4jLsn8EfXEhizhLH7WcLfh5kLD6d 15HJYm15zTSaCoYMTq7AEquvRMHfPG4SPT 1MmK8hmLUE9xFE4X6bnPndRX1BZmZg59VY 19fagcHQcptLtABzQSpaas4yXTDBgDWgom 1MrKToJ1rbzT7CLzSkBZAFsVzJGvGSsKJ 12pD21r4wz1MWEF1miLh,忘掉密码的2个比特币钱包文件总金额共计32550枚BTC,12ib7dApVFvg82TXKycWBNpN8kFyiAN1dr 31000个比特币 1550个比特币每个都是50个比特币 一个钱包： 1C1manLoJT66hj57xsF5e9WwsofiKk4nJ5 1Ek5oqj875P9EJtwN6ZUYiLRYD5vzdm8B 1NbmFcbx4nJYe51nBCjHDKRmkzYYwg4BCk 1DMxruDmrcd2XyT3wyt6fQvFN2u1gshjt1 13phXeWJ...
da21dbed01ff277d0cfb6a848d9e4f7cab27388e,zh_target_aux,products_data.csv,1124,products_data.csv|__unknown__|seller_id:1882373,__unknown__,,1882373,,description,crypto_wallet,1MrKToJ1rbzT7CLzSkBZAFsVzJGvGSsKJ,1MrKToJ1rbzT7CLzSkBZAFsVzJGvGSsKJ,crypto_wallet,0,0,0,1,MTq7AEquvRMHfPG4SPT 1MmK8hmLUE9xFE4X6bnPndRX1BZmZg59VY 19fagcHQcptLtABzQSpaas4yXTDBgDWgom 1MrKToJ1rbzT7CLzSkBZAFsVzJGvGSsKJ 12pD21r4wz1MWEF1miLhm47JtdRRS1kcMW 1Etecxto1JUaAYhsqeHnKi4SYbAkraKQAN 1EKHDfjcmSmriqAeTeG,忘掉密码的2个比特币钱包文件总金额共计32550枚BTC,12ib7dApVFvg82TXKycWBNpN8kFyiAN1dr 31000个比特币 1550个比特币每个都是50个比特币 一个钱包： 1C1manLoJT66hj57xsF5e9WwsofiKk4nJ5 1Ek5oqj875P9EJtwN6ZUYiLRYD5vzdm8B 1NbmFcbx4nJYe51nBCjHDKRmkzYYwg4BCk 1DMxruDmrcd2XyT3wyt6fQvFN2u1gshjt1 13phXeWJ...
09827bd1eb6d820d8f0c91c2d2920c2061da146f,zh_target_aux,products_data.csv,1124,products_data.csv|__unknown__|seller_id:1882373,__unknown__,,1882373,,description,crypto_wallet,1NH2xWycSxzF1VQveEm1uLvB9g9pH9VTGg,1NH2xWycSxzF1VQveEm1uLvB9g9pH9VTGg,crypto_wallet,0,0,0,1,eTeGNWug6YLdzapn3ra 15cNqbhwE5d9BhfpJ4h7tYyhXD1AEbU8iw 13DHyoaaEjzai1z9FiyMA7kEoGCMfp1tEj 1NH2xWycSxzF1VQveEm1uLvB9g9pH9VTGg 1Bm4dFj8dHnLooKKRFztsDnEpMJk8Xa9Rz 13v8Qxpb4roYvsyy7zbTj7jjjYUj3z7Dcd 1LC7DSqXm6wqD26dZK8,忘掉密码的2个比特币钱包文件总金额共计32550枚BTC,12ib7dApVFvg82TXKycWBNpN8kFyiAN1dr 31000个比特币 1550个比特币每个都是50个比特币 一个钱包： 1C1manLoJT66hj57xsF5e9WwsofiKk4nJ5 1Ek5oqj875P9EJtwN6ZUYiLRYD5vzdm8B 1NbmFcbx4nJYe51nBCjHDKRmkzYYwg4BCk 1DMxruDmrcd2XyT3wyt6fQvFN2u1gshjt1 13phXeWJ...
1bc5aa456af722f3ed7265537ae77ede399a0027,zh_target_aux,products_data.csv,1124,products_data.csv|__unknown__|seller_id:1882373,__unknown__,,1882373,,description,crypto_wallet,1NbmFcbx4nJYe51nBCjHDKRmkzYYwg4BCk,1NbmFcbx4nJYe51nBCjHDKRmkzYYwg4BCk,crypto_wallet,1,0,1,0,个比特币每个都是50个比特币 一个钱包: 1C1manLoJT66hj57xsF5e9WwsofiKk4nJ5 1Ek5oqj875P9EJtwN6ZUYiLRYD5vzdm8B 1NbmFcbx4nJYe51nBCjHDKRmkzYYwg4BCk 1DMxruDmrcd2XyT3wyt6fQvFN2u1gshjt1 13phXeWJ7vvYS6V2zHKTYJEujHmrtuerCc 1EUJwAfRWLtu9YYZEjR,忘掉密码的2个比特币钱包文件总金额共计32550枚BTC,12ib7dApVFvg82TXKycWBNpN8kFyiAN1dr 31000个比特币 1550个比特币每个都是50个比特币 一个钱包： 1C1manLoJT66hj57xsF5e9WwsofiKk4nJ5 1Ek5oqj875P9EJtwN6ZUYiLRYD5vzdm8B 1NbmFcbx4nJYe51nBCjHDKRmkzYYwg4BCk 1DMxruDmrcd2XyT3wyt6fQvFN2u1gshjt1 13phXeWJ...
fcdcf78a0d489c8e987f60a5ec77c801866fa5a4,zh_target_aux,products_data.csv,1124,products_data.csv|__unknown__|seller_id:1882373,__unknown__,,1882373,,description,crypto_wallet,1Z9Ko4jLsn8EfXEhizhLH7WcLfh5kLD6d,1Z9Ko4jLsn8EfXEhizhLH7WcLfh5kLD6d,crypto_wallet,0,0,0,1,rz2NPTCw21WrE1uCHYE 15pysVhLRdXUzYLejRaXKwf9eSRuC6LQbK 1BhvFQJcgXNoAc4oqkobW1Ar1iohHNaw4c 1Z9Ko4jLsn8EfXEhizhLH7WcLfh5kLD6d 15HJYm15zTSaCoYMTq7AEquvRMHfPG4SPT 1MmK8hmLUE9xFE4X6bnPndRX1BZmZg59VY 19fagcHQcptLtABzQSp,忘掉密码的2个比特币钱包文件总金额共计32550枚BTC,12ib7dApVFvg82TXKycWBNpN8kFyiAN1dr 31000个比特币 1550个比特币每个都是50个比特币 一个钱包： 1C1manLoJT66hj57xsF5e9WwsofiKk4nJ5 1Ek5oqj875P9EJtwN6ZUYiLRYD5vzdm8B 1NbmFcbx4nJYe51nBCjHDKRmkzYYwg4BCk 1DMxruDmrcd2XyT3wyt6fQvFN2u1gshjt1 13phXeWJ...
ce19a5d9984123c3d4382d64cd756290861ba9de,zh_target_aux,products_data.csv,1606,products_data.csv|__unknown__|seller_id:38205,__unknown__,,38205,,description,external_url,www.bilibili.com/video/av379691,https://www.bilibili.com/video/av379691/,external_url,0,0,0,1,术 (凯文米特尼克全集) 欺骗的艺术 线上幽灵 非安全 黑客社会工程学攻击档案袋 反黑风暴-黑客社会工程学攻防演练 武新华 非接触信息收集 提供两个视频 《别让网络泄露你的隐私》 https://www.bilibili.com/video/av379691/ 《How guys will use google glass》 http://www.tuicool.com/articles/aEBJrm 非接触信息收集主要应该收集哪些信息,人肉搜索教程及社工库社会工程学原理,总览 社会工程学应该分成两个部分，其一为非接触信息收集;其二为与人交流的社会工程学。 社会工程学 参考书籍 Christopher Hadnagy 社会工程-安全体系中的人性漏洞 社会工程 卷2：解读肢体语言 社会工程 防范钓鱼欺诈 卷3 信息安全技术管理 杰出全专家教你辨识并防范钓鱼欺诈 避免信息被窃取 入侵的艺术 (凯文米特尼克全集) 欺骗的艺术 线上幽灵 非安全 黑客社会工程学攻击档案袋 反黑风暴-黑客社会工程学攻防演练 武...
eba53ff92c670c445a61c23669344513c2e4d8d7,zh_target_aux,products_data.csv,1606,products_data.csv|__unknown__|seller_id:38205,__unknown__,,38205,,description,external_url,www.tuicool.com/articles/aebjrm,http://www.tuicool.com/articles/aEBJrm,external_url,0,0,0,1,"视频 《别让网络泄露你的隐私》 https://www.bilibili.com/video/av379691/ 《How guys will use google glass》 http://www.tuicool.com/articles/aEBJrm 非接触信息收集主要应该收集哪些信息,做到什么程度应该停止(因为越往后需要的成本越高)? 在一次渗透测试中,社会工程学应该处于何种位置,应该与其他常规手段如何配合?这是一个合格的社",人肉搜索教程及社工库社会工程学原理,总览 社会工程学应该分成两个部分，其一为非接触信息收集;其二为与人交流的社会工程学。 社会工程学 参考书籍 Christopher Hadnagy 社会工程-安全体系中的人性漏洞 社会工程 卷2：解读肢体语言 社会工程 防范钓鱼欺诈 卷3 信息安全技术管理 杰出全专家教你辨识并防范钓鱼欺诈 避免信息被窃取 入侵的艺术 (凯文米特尼克全集) 欺骗的艺术 线上幽灵 非安全 黑客社会工程学攻击档案袋 反黑风暴-黑客社会工程学攻防演练 武...
08c673005b9e26127242df110e6e23987580aa36,zh_target_aux,products_data.csv,1621,products_data.csv|__unknown__|seller_id:58948,__unknown__,,58948,,description,wechat,windows,Windows,wechat_cue,1,0,1,0,"近期,微信 Windows 4.1.x版目前已更新正式版,目前可在官网进行下载。新版本更新日志:可引用消息中的部分文字,引用时可回复图片、视频或表情,可同时打开多张图片,截图可置顶在桌面,修复一些已知问题。",微信Windows版多开消息防撤回正式版绿色版923更新,近期，微信 Windows 4.1.x版目前已更新正式版，目前可在官网进行下载。新版本更新日志：可引用消息中的部分文字，引用时可回复图片、视频或表情，可同时打开多张图片，截图可置顶在桌面，修复一些已知问题。注：4.X 系列版本的防撤回目前无提示撤回的消息
66409ba9ef5841758072ef22f5c41cb82cc07756,zh_target_aux,products_data.csv,1841,products_data.csv|__unknown__|seller_id:65311,__unknown__,,65311,,description,telegram,lonce49,Lonce49,telegram_cue,1,0,1,0,"想自己研究开棋牌APP赚钱的可以拍一个,机子挂虚拟机,带后台 tg:Lonce49",棋牌类APP3套源代码,想自己研究开棋牌APP赚钱的可以拍一个，机子挂虚拟机，带后台 tg：Lonce49
cd888cfca125d74e13f5ca38af5037664ca9860c,zh_target_aux,products_data.csv,1903,products_data.csv|__unknown__|seller_id:1881072,__unknown__,,1881072,,description,wechat,whatsapp,WHATSAPP,wechat_cue,1,1,0,1,"渠道,自己的cvv料源,这些资源进入我的团队后免费共享。 最新进展:免费项目,找操作手,安全可靠,利润大,主要目的是打击美日,赚外国人钱,不要押金,不要投钱,工作内容是用美国的微信WHATSAPP,发招聘信息,发的对象我给你。不要你烦,利润方面,发一个信息4元,有一个人回复80元。如果按每个号,50条,5个人回复,每天保底600元一个号,每个人可以操作5-10个号。利润自己",枪支接报仇单克隆信用卡CVV收徒,枪支到货，Glock17，平台交易，50000一支送20发子弹。 江苏安徽任意城市交货，你指定城市，我选地址。不见面，不得脱离本交易市场。 还有其它型号的枪，或者要GHB迷药、高纯度海络因的，可以提前预定。 可以海外直邮，拆散混在电脑配件里，安全包装，可以寄到菜鸟驿站，你留假名，假电话，我给你单号取件码。推荐用这种方式，一般10天到货。 另接，本小组接打人报仇单，四人全部是退役军人，为了生活，接打人，投毒，亡单。 打一次轻伤，6万...
4e5338e60ffdfa825219b1afb58616472d3be392,zh_target_aux,products_data.csv,1906,products_data.csv|__unknown__|seller_id:1881072,__unknown__,,1881072,,description,wechat,whatsapp,WHATSAPP,wechat_cue,1,0,1,0,"可按进度付费,可以定制死亡方法。有意向的跟贴回复私聊。 最新进展:免费项目,找操作手,安全可靠,利润大,主要目的是打击美日,赚外国人钱,不要押金,不要投钱,工作内容是用美国的微信WHATSAPP,发招聘信息,发的对象我给你。不要你烦,利润方面,发一个信息4元,有一个人回复80元。如果按每个号,50条,5个人回复,每天保底600元一个号,每个人可以操作5-10个号。利润自己",售收藏研究用军用电台仇单CVV收徒,共有3部，军队使用的班排用电台，有两部还能通信。 另一部可能存在故障，编号已经磨掉了，电台电池已经没有用了，但是可以配电池。 一台的价格是5000元，拍50份，3台打包的话拍150份可以把你电池免费配好。 全部是军用频率，可以收听到部队演习，军事行动的命令，只能用于监听， 千万不要发射信号，小心被无线电监察车侦听到。 可以收藏，可以用于猎奇，千万不要引火烧身。 想要的直接下单，江苏省内可以送货上门，全国包邮，就怕被截获。 最好省内...
29c2dbd34cb2f19b10b9b1f2ac04de7a7786e5c0,zh_target_aux,products_data.csv,1917,products_data.csv|__unknown__|seller_id:1895458,__unknown__,,1895458,,description,external_url,178a.cc,178a.cc,bare_domain,0,1,0,1,"178a.cc178棋牌(可验证)28万 内容包含:用户名|姓名|IP地区|手机|充值金额|可提现金额|登录网址/appID 验证请登录网址www.178178g.cc,使用用户名注册验证 详情",178a点cc一可验证一28万BC数据菠菜数据博彩数据,178a.cc178棋牌（可验证）28万 内容包含：用户名|姓名|IP地区|手机|充值金额|可提现金额|登录网址/appID 验证请登录网址www.178178g.cc，使用用户名注册验证 详情参考下面图片展示 描述图片数据无遮挡，请自行测试过再下单 MEGA网盘自动发货（MEGA使用需要挂梯子） 另外还有其他同类数据出售，需要的首页搜索交易编号 ------------------------------------------...
5f6f905d99814cfe891d233404fa354b9556ab31,zh_target_aux,products_data.csv,1917,products_data.csv|__unknown__|seller_id:1895458,__unknown__,,1895458,,description,external_url,4865dd.com,4865dd.com,bare_domain,0,1,0,1,------------------------------------------------- 81866.com永利娱乐城(可验证)11万 售价30$ 交易编号:54399 4865dd.com元宝娱乐(可验证)9.4万 售价30$ 交易编号:54400 8555.cc澳门新葡京(可验证)40万 售价50$ 交易编号:54401 8567.vip澳门威尼斯人(可验证)11,178a点cc一可验证一28万BC数据菠菜数据博彩数据,178a.cc178棋牌（可验证）28万 内容包含：用户名|姓名|IP地区|手机|充值金额|可提现金额|登录网址/appID 验证请登录网址www.178178g.cc，使用用户名注册验证 详情参考下面图片展示 描述图片数据无遮挡，请自行测试过再下单 MEGA网盘自动发货（MEGA使用需要挂梯子） 另外还有其他同类数据出售，需要的首页搜索交易编号 ------------------------------------------...
67f3733db2e390f6fa8b290d5f77662512df3cdf,zh_target_aux,products_data.csv,1917,products_data.csv|__unknown__|seller_id:1895458,__unknown__,,1895458,,description,external_url,708.cc,708.cc,bare_domain,0,1,0,1,0$ 交易编号:54402 178a.cc178棋牌(可验证)28万 售价50$ 交易编号:54403 8817.bet澳门银河(可验证)2万3 售价15$ 交易编号:54404 708.cc博彩澳门新葡京(可验证)5.3万 售价20$ 交易编号:54406,178a点cc一可验证一28万BC数据菠菜数据博彩数据,178a.cc178棋牌（可验证）28万 内容包含：用户名|姓名|IP地区|手机|充值金额|可提现金额|登录网址/appID 验证请登录网址www.178178g.cc，使用用户名注册验证 详情参考下面图片展示 描述图片数据无遮挡，请自行测试过再下单 MEGA网盘自动发货（MEGA使用需要挂梯子） 另外还有其他同类数据出售，需要的首页搜索交易编号 ------------------------------------------...
f6b7bc81428e2ffde0586f414aff89ba05aee3cf,zh_target_aux,products_data.csv,1917,products_data.csv|__unknown__|seller_id:1895458,__unknown__,,1895458,,description,external_url,81866.com,81866.com,bare_domain,0,1,0,1,"A使用需要挂梯子) 另外还有其他同类数据出售,需要的首页搜索交易编号 ------------------------------------------------------ 81866.com永利娱乐城(可验证)11万 售价30$ 交易编号:54399 4865dd.com元宝娱乐(可验证)9.4万 售价30$ 交易编号:54400 8555.cc澳门新葡京(可验证)4",178a点cc一可验证一28万BC数据菠菜数据博彩数据,178a.cc178棋牌（可验证）28万 内容包含：用户名|姓名|IP地区|手机|充值金额|可提现金额|登录网址/appID 验证请登录网址www.178178g.cc，使用用户名注册验证 详情参考下面图片展示 描述图片数据无遮挡，请自行测试过再下单 MEGA网盘自动发货（MEGA使用需要挂梯子） 另外还有其他同类数据出售，需要的首页搜索交易编号 ------------------------------------------...
aa10f674db83e9d2f1e0def72117e8dc010444b5,zh_target_aux,products_data.csv,1917,products_data.csv|__unknown__|seller_id:1895458,__unknown__,,1895458,,description,external_url,8555.cc,8555.cc,bare_domain,0,1,0,1,-------- 81866.com永利娱乐城(可验证)11万 售价30$ 交易编号:54399 4865dd.com元宝娱乐(可验证)9.4万 售价30$ 交易编号:54400 8555.cc澳门新葡京(可验证)40万 售价50$ 交易编号:54401 8567.vip澳门威尼斯人(可验证)11万 售价20$ 交易编号:54402 178a.cc178棋牌(可验证)28,178a点cc一可验证一28万BC数据菠菜数据博彩数据,178a.cc178棋牌（可验证）28万 内容包含：用户名|姓名|IP地区|手机|充值金额|可提现金额|登录网址/appID 验证请登录网址www.178178g.cc，使用用户名注册验证 详情参考下面图片展示 描述图片数据无遮挡，请自行测试过再下单 MEGA网盘自动发货（MEGA使用需要挂梯子） 另外还有其他同类数据出售，需要的首页搜索交易编号 ------------------------------------------...
85afa0e78f02c8ebe9cbe1a80ad2da2583536432,zh_target_aux,products_data.csv,1917,products_data.csv|__unknown__|seller_id:1895458,__unknown__,,1895458,,description,external_url,8567.vip,8567.vip,bare_domain,0,1,0,1,交易编号:54399 4865dd.com元宝娱乐(可验证)9.4万 售价30$ 交易编号:54400 8555.cc澳门新葡京(可验证)40万 售价50$ 交易编号:54401 8567.vip澳门威尼斯人(可验证)11万 售价20$ 交易编号:54402 178a.cc178棋牌(可验证)28万 售价50$ 交易编号:54403 8817.bet澳门银河(可验证)2万3,178a点cc一可验证一28万BC数据菠菜数据博彩数据,178a.cc178棋牌（可验证）28万 内容包含：用户名|姓名|IP地区|手机|充值金额|可提现金额|登录网址/appID 验证请登录网址www.178178g.cc，使用用户名注册验证 详情参考下面图片展示 描述图片数据无遮挡，请自行测试过再下单 MEGA网盘自动发货（MEGA使用需要挂梯子） 另外还有其他同类数据出售，需要的首页搜索交易编号 ------------------------------------------...
d47907edac36093a430630d7140389ef9a41f176,zh_target_aux,products_data.csv,1991,products_data.csv|__unknown__|seller_id:586533,__unknown__,,586533,,description,telegram,qaz25800,qaz25800,telegram_at_handle_with_context,1,1,0,1,"门了。天下不可能有这么好的事,万一你不要了呢。耽误时间还耽误路费。 此链接就是跑腿费,也不是不收你的,也不是先收你的,而是放到担保平台,当你需要买伪钞,就要先联系我们T号,G: @qaz25800 我们需要先知道收货地址是哪里,多长时间能安排腿子过去。这些工作做好才能让你来拍,标价10美元,按各个城市的路程计算,起步价50美元。 第二,我们的交易方式。 当你拍了这个商品以后",20元假币伪钞送货跑腿费此为跑腿专用小白勿拍,各位老板拍之前看清楚你拍的是什么，此商品为跑腿费。 我们是做伪钞的，只有20面额的，如果你需要那么就往下看。 我们不做先收款后发货，也不做担保发货，因为没有途径发， 什么快递发货，收到后确认，我们做不了，快递这一关谁都过不了，毕竟快递不是我们家的。 如果中途被查出来，我们上下家都得倒霉，赚几个危险钱，最后全交了不说还要坐牢，这个事情我们不做。更危险的是条子下单，就是为了摸清谁在快递发货。所以，发快递这就是傻子做的事。做黑灰产，我们...
f92029bba248ed075b233b1d4e060dede9ad08b0,zh_target_aux,products_data.csv,2032,products_data.csv|__unknown__|seller_id:525098,__unknown__,,525098,,description,external_url,drugs.dxy.cn/drug/58394.htm,http://drugs.dxy.cn/drug/58394.htm,external_url,0,0,0,1,除和可升高其血药浓度而引起严重和/或致命事件相关的药物合用。这些药物列在表8中。 相关新闻 https://kknews.cc/zh-hk/health/63yj3bp.html http://drugs.dxy.cn/drug/58394.htm http://heart.dxy.cn/article/676533 https://zhuanlan.zhihu.com/p/103633500 https://www.jiq,疫情专卖海外处方药,您好 欢迎订阅 我们是一家专业提供阿片类止疼药、减肥、ADHD、安眠、焦虑、性药等产品的服务机构。我们不仅提供免费咨询还支持中国现货或海外直邮，这些均通过美国FDA批准，由业内上市制药企业生产出品。在这里您可以安全放心购买需要的产品，我们将安排隐私发货。 平台交易. 支持擔保. 支持代发 产品名：利他林 规格：10毫克*30粒/盒 产地：瑞士 价格：900元/盒 ———————— 产品名：依替唑仑 规格：1毫克*100粒 产地：印...
5efca28e8b6b9bddd18cd350fc8f68ba4a04cbe0,zh_target_aux,products_data.csv,2032,products_data.csv|__unknown__|seller_id:525098,__unknown__,,525098,,description,external_url,heart.dxy.cn/article/676533,http://heart.dxy.cn/article/676533,external_url,0,0,0,1,在表8中。 相关新闻 https://kknews.cc/zh-hk/health/63yj3bp.html http://drugs.dxy.cn/drug/58394.htm http://heart.dxy.cn/article/676533 https://zhuanlan.zhihu.com/p/103633500 https://www.jiqizhixin.com/articles/2020-02-03-5,疫情专卖海外处方药,您好 欢迎订阅 我们是一家专业提供阿片类止疼药、减肥、ADHD、安眠、焦虑、性药等产品的服务机构。我们不仅提供免费咨询还支持中国现货或海外直邮，这些均通过美国FDA批准，由业内上市制药企业生产出品。在这里您可以安全放心购买需要的产品，我们将安排隐私发货。 平台交易. 支持擔保. 支持代发 产品名：利他林 规格：10毫克*30粒/盒 产地：瑞士 价格：900元/盒 ———————— 产品名：依替唑仑 规格：1毫克*100粒 产地：印...
92bf3cb9b65a82661ca6036120f73c19793eadb6,zh_target_aux,products_data.csv,2032,products_data.csv|__unknown__|seller_id:525098,__unknown__,,525098,,description,external_url,kknews.cc/zh-hk/health,https://kknews.cc/zh-hk/health/63yj3bp.html,external_url,0,0,0,1,"本品禁用于已知对其任何成份过敏的患者,包括利托那韦。 本品不能与那些高度依赖CYP3A清除和可升高其血药浓度而引起严重和/或致命事件相关的药物合用。这些药物列在表8中。 相关新闻 https://kknews.cc/zh-hk/health/63yj3bp.html http://drugs.dxy.cn/drug/58394.htm http://heart.dxy.cn/article/676533 https://zhuanlan.zh",疫情专卖海外处方药,您好 欢迎订阅 我们是一家专业提供阿片类止疼药、减肥、ADHD、安眠、焦虑、性药等产品的服务机构。我们不仅提供免费咨询还支持中国现货或海外直邮，这些均通过美国FDA批准，由业内上市制药企业生产出品。在这里您可以安全放心购买需要的产品，我们将安排隐私发货。 平台交易. 支持擔保. 支持代发 产品名：利他林 规格：10毫克*30粒/盒 产地：瑞士 价格：900元/盒 ———————— 产品名：依替唑仑 规格：1毫克*100粒 产地：印...
7f657fd393563e18eb9463ba5cf230bda8d8afa4,zh_target_aux,products_data.csv,2032,products_data.csv|__unknown__|seller_id:525098,__unknown__,,525098,,description,external_url,www.jiqizhixin.com/articles/2020-02-03-5,https://www.jiqizhixin.com/articles/2020-02-03-5,external_url,0,0,0,1,/drug/58394.htm http://heart.dxy.cn/article/676533 https://zhuanlan.zhihu.com/p/103633500 https://www.jiqizhixin.com/articles/2020-02-03-5,疫情专卖海外处方药,您好 欢迎订阅 我们是一家专业提供阿片类止疼药、减肥、ADHD、安眠、焦虑、性药等产品的服务机构。我们不仅提供免费咨询还支持中国现货或海外直邮，这些均通过美国FDA批准，由业内上市制药企业生产出品。在这里您可以安全放心购买需要的产品，我们将安排隐私发货。 平台交易. 支持擔保. 支持代发 产品名：利他林 规格：10毫克*30粒/盒 产地：瑞士 价格：900元/盒 ———————— 产品名：依替唑仑 规格：1毫克*100粒 产地：印...
0b4c5f289177e764e36aa3474d9034496dd39202,zh_target_aux,products_data.csv,2032,products_data.csv|__unknown__|seller_id:525098,__unknown__,,525098,,description,external_url,zhuanlan.zhihu.com/p/103633500,https://zhuanlan.zhihu.com/p/103633500,external_url,0,0,0,1,health/63yj3bp.html http://drugs.dxy.cn/drug/58394.htm http://heart.dxy.cn/article/676533 https://zhuanlan.zhihu.com/p/103633500 https://www.jiqizhixin.com/articles/2020-02-03-5,疫情专卖海外处方药,您好 欢迎订阅 我们是一家专业提供阿片类止疼药、减肥、ADHD、安眠、焦虑、性药等产品的服务机构。我们不仅提供免费咨询还支持中国现货或海外直邮，这些均通过美国FDA批准，由业内上市制药企业生产出品。在这里您可以安全放心购买需要的产品，我们将安排隐私发货。 平台交易. 支持擔保. 支持代发 产品名：利他林 规格：10毫克*30粒/盒 产地：瑞士 价格：900元/盒 ———————— 产品名：依替唑仑 规格：1毫克*100粒 产地：印...
6b82f6b3c6d11ef1c4cba7c6e804099d82498019,zh_target_aux,products_data.csv,2067,products_data.csv|__unknown__|seller_id:62067,__unknown__,,62067,,description,phone,131415171819,13 14 15 17 18 19,phone_cue,0,0,0,1,"正规手机卡13 14 15 17 18 19开, 全国各地移动,联通电信运营商都有 每日发布最新地区手机卡 目前现货有: 山西移动 山东移动 深圳移动 广州移动 天津移动 贵州移动 山西联通 湖北联通 陕西联通 黑龙江联通",正规运营商手机卡，全国接听免费已经湿名 插卡直接用 ！,正规手机卡13 14 15 17 18 19开， 全国各地移动，联通电信运营商都有 每日发布最新地区手机卡 目前现货有： 山西移动 山东移动 深圳移动 广州移动 天津移动 贵州移动 山西联通 湖北联通 陕西联通 黑龙江联通 广东联通 江西电信 广东电信 黑龙江电信 贵阳电信 北京电信 49包全国无限流量+500分钟通话 北京联通，移动长期有货，套餐随机 根据营业厅任务决定开卡 北京移动可以开通国际漫游 手打这么多 以后不定时更新最...
4fe808e29bf1ca958aca24c88cf59eeef558cb59,zh_target_aux,products_data.csv,2086,products_data.csv|__unknown__|seller_id:31223,__unknown__,,31223,,description,telegram,krziisa,krziisa,telegram_cue,1,0,1,0,"品种:1024 属性:Sativa 单价:100¥/g 起售量:5g 注意:一件就是5克,需要多少拍多少 如需帮助请TG:@krziisa 和平薬店出品","出售温室大麻，100g, 5g起售",品种：1024 属性：Sativa 单价：100¥/g 起售量：5g 注意：一件就是5克，需要多少拍多少 如需帮助请TG:@krziisa 和平薬店出品
