tree
version=v4
num_class=1
num_tree_per_iteration=1
label_index=0
max_feature_idx=29
objective=binary sigmoid:1
feature_names=same_market_raw_bool same_source_dataset_bool profile_category_jaccard shared_title_count_capped shared_description_count_capped shared_category_count_capped shared_title_idf_sum shared_description_idf_sum shared_title_idf_mean shared_description_idf_mean boilerplate_ratio_max boilerplate_ratio_gap_abs shared_boilerplate_count shared_low_df_sentence_count shared_rare_ngram_count item_count_percentile_gap_abs price_median_percentile_gap_abs title_length_median_percentile_gap_abs description_length_median_percentile_gap_abs digit_ratio_mean_percentile_gap_abs punct_ratio_mean_percentile_gap_abs repeated_title_share_percentile_gap_abs repeated_description_share_percentile_gap_abs max_category_share_percentile_gap_abs has_shared_contact_exact has_shared_pgp_fingerprint shared_contact_count_capped shared_pgp_fingerprint_count_capped embedding_cosine_gte_multilingual_base reranker_score_gte_multilingual_reranker_base
feature_infos=[0:1] [0:1] [0:1] [0:5] [0:5] [0:5] [0:70.616864000000007] [0:79.443972000000002] [0:8.8271080000000008] [0:8.8271080000000008] [0:0.20000000000000001] [0:0.20000000000000001] [0:1] [0:9] [0:8] [0:0.70916299999999999] [0:0.96791400000000005] [0:0.92293000000000003] [0:0.88129299999999999] [0:0.87677300000000002] [0:0.92379500000000003] [0:0.78087600000000001] [0:0.625498] [0:0.98619599999999996] [0:1] [0:0] [0:3] [0:0] [0.88623300000000005:0.99821599999999999] [0.41123199999999999:0.96361600000000003]
tree_sizes=683 662 684 659 686 775 574 666 562 661 744 680 687 581 749 657 581 888 577 661 768 576 581 572 746 782 574 846 842 560 774 885 664 764 662 832 686 767 659 764 569 569 899 684 663 568 662 555 871 686 572 758 578 773 552 662 573 683 733 579 661 548 579 877 662 762 575 767 686 768 580 667 654 747 741 749 547 685 748 569 764 745 743 763 660 662 729 685 654 664 574 766 761 558 643 685 776 837 683 667 648 560 890 645 578 751 572 786 769 681 874 666 686 678 743 672 768 689 880 663 689 660 747 850 866 736 664 768 576 861 656 580 678 824 867 847 658 568 769 849 655 843 747 813 740 548 752 560 561 665 862 639 653 852 655

Tree=0
num_leaves=5
num_cat=0
split_feature=4 24 23 1
split_gain=54.2243 50.9084 10.0111 9.89654
threshold=1.0000000180025095e-35 1.0000000180025095e-35 0.0074560000000000008 1.0000000180025095e-35
decision_type=10 8 10 10
left_child=1 2 -1 -3
right_child=-2 3 -4 -5
leaf_value=-0.049029404562532464 0.044990986346664263 0.0018548261152997259 -0.012561458415547639 0.03860292306594134
leaf_weight=19.975445851683617 15.652117386460302 22.506814323365692 17.383530512452126 7.9041284471750251
leaf_count=102 46 253 75 23
internal_value=-0.000174731 -0.0124951 -0.0349989 0.0149125
internal_weight=83.422 67.7699 37.359 30.4109
internal_count=499 453 177 276
is_linear=0
shrinkage=1


Tree=1
num_leaves=5
num_cat=0
split_feature=4 26 29 5
split_gain=65.0641 39.7421 20.0355 14.5634
threshold=1.0000000180025095e-35 1.0000000180025095e-35 0.65221600000000013 1.5000000000000002
decision_type=10 8 2 10
left_child=1 3 -3 -1
right_child=-2 2 -4 -5
leaf_value=-0.043261643346297153 0.045597609898731302 -0.022679524365510271 0.025863887498629119 0
leaf_weight=29.060706660151482 18.096082851290703 7.9967783391475704 20.837403059005737 8.2850395888090116
leaf_count=144 53 101 169 33
internal_value=-0.000188763 -0.0145766 0.0105901 -0.0340936
internal_weight=84.276 66.1799 28.8342 37.3457
internal_count=500 447 270 177
is_linear=0
shrinkage=0.03


Tree=2
num_leaves=5
num_cat=0
split_feature=3 26 18 23
split_gain=55.0805 42.6771 11.2284 8.93018
threshold=1.0000000180025095e-35 1.0000000180025095e-35 0.047546000000000005 0.0074560000000000008
decision_type=10 8 10 10
left_child=1 3 -3 -1
right_child=-2 2 -4 -5
leaf_value=-0.044658757816473257 0.04547942250577721 0.00050829328898058257 0.03848838523348224 -0.010607114248172737
leaf_weight=19.314415097236633 17.527072757482529 22.203169152140621 8.5951890349388105 17.722396537661552
leaf_count=98 51 251 25 76
internal_value=0.00199532 -0.0102668 0.0144708 -0.0311298
internal_weight=85.3622 67.8352 30.7984 37.0368
internal_count=501 450 276 174
is_linear=0
shrinkage=0.03


Tree=3
num_leaves=5
num_cat=0
split_feature=24 7 18 22
split_gain=38.8572 40.5525 11.6405 10.0816
threshold=1.0000000180025095e-35 8.0568855000000017 0.15452400000000002 0.16110350000000004
decision_type=10 8 8 10
left_child=1 3 -3 -1
right_child=-2 2 -4 -5
leaf_value=-0.040675290595007546 0.041936696171694668 0.031874551279154548 -0.00080863192414312485 0
leaf_weight=27.231877014040947 12.068984657526014 11.47739791870117 24.863569185137749 7.3782810270786277
leaf_count=135 35 36 268 30
internal_value=-0.00162832 -0.0108452 0.0103945 -0.0329948
internal_weight=83.0201 70.9511 36.341 34.6102
internal_count=504 469 304 165
is_linear=0
shrinkage=0.03


Tree=4
num_leaves=5
num_cat=0
split_feature=4 26 29 21
split_gain=70.5728 37.7515 17.561 6.70663
threshold=1.0000000180025095e-35 1.0000000180025095e-35 0.65593200000000007 0.11378600000000001
decision_type=10 8 2 10
left_child=1 3 -3 -1
right_child=-2 2 -4 -5
leaf_value=-0.041050718530912265 0.044981495224018349 -0.022159162933511181 0.023509597402973325 -0.0018576649441046111
leaf_weight=29.499466374516487 19.885513424873352 7.9262464866042164 20.278268858790398 6.6723578870296469
leaf_count=147 58 100 167 28
internal_value=-0.000200816 -0.0159841 0.00881751 -0.0352829
internal_weight=84.2619 64.3763 28.2045 36.1718
internal_count=500 442 267 175
is_linear=0
shrinkage=0.03


Tree=5
num_leaves=6
num_cat=0
split_feature=29 3 24 29 23
split_gain=64.1152 24.1926 26.0922 4.4996 3.48548
threshold=0.63011150000000016 1.0000000180025095e-35 1.0000000180025095e-35 0.7008795000000001 0.0074560000000000008
decision_type=2 8 10 2 10
left_child=4 2 -2 -3 -1
right_child=1 3 -4 -5 -6
leaf_value=-0.04352115636819754 -0.020249086802071169 0.0017919020023171211 0.036279810090446035 0.03734098527279428 -0.0001257391022349608
leaf_weight=20.422978974878792 21.976953238248829 5.9752387702465048 7.3048390150070182 27.084099911153316 3.3280021101236335
leaf_count=157 100 56 21 159 14
internal_value=0 0.015879 -0.00315667 0.0324313 -0.039258
internal_weight=86.0921 62.3411 29.2818 33.0593 23.751
internal_count=507 336 121 215 171
is_linear=0
shrinkage=0.03


Tree=6
num_leaves=4
num_cat=0
split_feature=29 3 24
split_gain=58.9472 22.2252 24.479
threshold=0.63011150000000016 1.0000000180025095e-35 1.0000000180025095e-35
decision_type=2 10 8
left_child=-1 2 -2
right_child=1 -3 -4
leaf_value=-0.039429257822944014 -0.017879425067102592 0.041651143641350044 0.022560978492169374
leaf_weight=22.26176905632019 23.024821385741234 16.29066227376461 24.559766046702862
leaf_count=166 104 48 199
internal_value=-6.85261e-05 0.0143543 0.0025001
internal_weight=86.137 63.8752 47.5846
internal_count=517 351 303
is_linear=0
shrinkage=0.03


Tree=7
num_leaves=5
num_cat=0
split_feature=29 4 26 7
split_gain=53.0728 19.9957 18.2551 5.64939
threshold=0.6488520000000001 1.0000000180025095e-35 1.0000000180025095e-35 8.4887085000000031
decision_type=2 10 8 10
left_child=3 2 -2 -1
right_child=1 -3 -4 -5
leaf_value=-0.03780000536115119 -0.016143712478061088 0.040105405185252567 0.020722470993461403 0.0040450068339592544
leaf_weight=23.710432834923271 19.995496824383736 17.085955277085304 22.013110019266605 1.236619010567664
leaf_count=177 90 51 179 4
internal_value=0 0.015342 0.00260174 -0.0344407
internal_weight=84.0416 59.0946 42.0086 24.9471
internal_count=501 320 269 181
is_linear=0
shrinkage=0.03


Tree=8
num_leaves=4
num_cat=0
split_feature=3 29 2
split_gain=43.3631 23.0249 21.3705
threshold=1.0000000180025095e-35 0.63011150000000016 0.32575750000000009
decision_type=10 2 10
left_child=1 -1 -3
right_child=-2 2 -4
leaf_value=-0.035663629660311343 0.04000854108791109 0.014358526744014525 -0.028360392091784363
leaf_weight=19.88953160494566 16.120220944285393 31.542071655392647 12.096921771764753
leaf_count=149 48 216 59
internal_value=0 -0.0112509 0.00081088
internal_weight=79.6487 63.5285 43.639
internal_count=472 424 275
is_linear=0
shrinkage=0.03


Tree=9
num_leaves=5
num_cat=0
split_feature=29 3 24 22
split_gain=47.0472 18.3009 22.5045 2.52133
threshold=0.63011150000000016 1.0000000180025095e-35 1.0000000180025095e-35 0.044478500000000004
decision_type=2 10 8 10
left_child=3 2 -2 -1
right_child=1 -3 -4 -5
leaf_value=-0.04006800438838154 -0.018658140642194475 0.038788964370317869 0.02118016572112771 0
leaf_weight=19.467414982616905 21.85468102991581 13.770266890525816 23.014186024665833 2.7505856156349173
leaf_count=157 100 41 190 12
internal_value=-0.00185444 0.0119688 0.00119582 -0.0366108
internal_weight=80.8571 58.6391 44.8689 22.218
internal_count=500 331 290 169
is_linear=0
shrinkage=0.03


Tree=10
num_leaves=6
num_cat=0
split_feature=29 3 24 18 28
split_gain=47.1693 16.796 21.3555 2.66541 1.00102
threshold=0.63011150000000016 1.0000000180025095e-35 1.0000000180025095e-35 0.3261150000000001 0.99273800000000012
decision_type=2 10 8 10 2
left_child=3 2 -2 4 -1
right_child=1 -3 -4 -5 -6
leaf_value=-0.038665191151753833 -0.015604332238026633 0.038874256848580695 0.022898257870894695 0 0
leaf_weight=17.220279194414623 21.203166991472244 16.896137699484825 24.262457057833672 2.5502024888992301 1.2979325726628292
leaf_count=142 96 51 196 11 9
internal_value=0.00213998 0.015606 0.00446891 -0.0334495 -0.0369182
internal_weight=83.4302 62.3618 45.4656 21.0684 18.5182
internal_count=505 343 292 162 151
is_linear=0
shrinkage=0.03


Tree=11
num_leaves=5
num_cat=0
split_feature=4 24 29 5
split_gain=42.2003 26.725 12.592 9.88435
threshold=1.0000000180025095e-35 1.0000000180025095e-35 0.65221600000000013 1.5000000000000002
decision_type=10 8 2 10
left_child=1 3 -3 -1
right_child=-2 2 -4 -5
leaf_value=-0.033988888077845836 0.038545563902735003 -0.017255100456419963 0.021180281801901204 0.0015093104601869602
leaf_weight=28.692325979471207 18.052266091108322 7.6150163561105755 22.194745093584061 6.7389191687107077
leaf_count=145 55 97 181 27
internal_value=0.00115249 -0.00999427 0.00976748 -0.0268658
internal_weight=83.2933 65.241 29.8098 35.4312
internal_count=505 450 278 172
is_linear=0
shrinkage=0.03


Tree=12
num_leaves=5
num_cat=0
split_feature=29 3 24 29
split_gain=42.8524 18.6957 19.339 0.933872
threshold=0.63011150000000016 1.0000000180025095e-35 1.0000000180025095e-35 0.60664700000000005
decision_type=2 10 8 2
left_child=3 2 -2 -1
right_child=1 -3 -4 -5
leaf_value=-0.035424939970611566 -0.016834559617668499 0.037406147281696597 0.020139378476881239 -0.00073439269990585392
leaf_weight=20.595225669443611 22.455394074320793 16.007250413298607 22.255851902067661 2.7141876742243758
leaf_count=158 103 49 185 18
internal_value=-0.000562591 0.0124155 0.00105021 -0.0330701
internal_weight=84.0279 60.7185 44.7112 23.3094
internal_count=513 337 288 176
is_linear=0
shrinkage=0.03


Tree=13
num_leaves=4
num_cat=0
split_feature=3 26 21
split_gain=36.0447 26.9796 14.4638
threshold=1.0000000180025095e-35 1.0000000180025095e-35 0.11378600000000001
decision_type=10 10 8
left_child=1 2 -1
right_child=-2 -3 -4
leaf_value=-0.032263504804424213 0.036567733217296644 0.032793108864870441 -0.0014108325915050818
leaf_weight=29.490998804569244 15.235685810446737 7.6899902373552314 27.817300565540791
leaf_count=150 47 23 278
internal_value=-0.000532905 -0.0109002 -0.0186003
internal_weight=80.234 64.9983 57.3083
internal_count=498 451 428
is_linear=0
shrinkage=0.03


Tree=14
num_leaves=6
num_cat=0
split_feature=29 4 26 23 29
split_gain=40.6674 14.2134 19.7813 2.92462 0.876942
threshold=0.63011150000000016 1.0000000180025095e-35 1.0000000180025095e-35 0.0074560000000000008 0.60664700000000005
decision_type=2 10 8 10 2
left_child=3 2 -2 4 -1
right_child=1 -3 -4 -5 -6
leaf_value=-0.037175186121092489 -0.015285060207469135 0.03602194130980528 0.02183481904349454 0 0
leaf_weight=16.123104661703117 20.830609023571014 16.940141171216965 24.514507077634335 3.2750500440597525 1.7852424830198277
leaf_count=134 96 53 196 14 14
internal_value=0.00206892 0.0146251 0.00427183 -0.0308438 -0.0350178
internal_weight=83.4687 62.2853 45.3451 21.1834 17.9083
internal_count=507 345 292 162 148
is_linear=0
shrinkage=0.03


Tree=15
num_leaves=5
num_cat=0
split_feature=3 24 19 5
split_gain=37.963 30.0055 9.60975 8.63365
threshold=1.0000000180025095e-35 1.0000000180025095e-35 0.00032450000000000008 1.5000000000000002
decision_type=10 8 10 10
left_child=1 3 -3 -1
right_child=-2 2 -4 -5
leaf_value=-0.035969979835326245 0.036357839106933097 -0.00032270058490202637 0.032470677000202043 0
leaf_weight=27.466897949576378 16.885078579187393 21.948980741202835 8.270466133952139 6.9263104051351538
leaf_count=144 53 255 25 29
internal_value=0 -0.0107962 0.00987098 -0.0290927
internal_weight=81.4977 64.6127 30.2194 34.3932
internal_count=506 453 280 173
is_linear=0
shrinkage=0.03


Tree=16
num_leaves=4
num_cat=0
split_feature=4 23 24
split_gain=36.2074 28.5919 12.2464
threshold=1.0000000180025095e-35 0.0074560000000000008 1.0000000180025095e-35
decision_type=10 8 10
left_child=1 -1 -3
right_child=-2 2 -4
leaf_value=-0.036840407784878175 0.036118809238125368 -0.0037669937371021542 0.031757382096571467
leaf_weight=20.289843872189522 17.062444046139717 37.647096656262875 7.899397760629653
leaf_count=111 54 324 24
internal_value=0.000345095 -0.00966043 0.003358
internal_weight=82.8988 65.8363 45.5465
internal_count=513 459 348
is_linear=0
shrinkage=0.03


Tree=17
num_leaves=7
num_cat=0
split_feature=29 24 3 24 3 20
split_gain=37.5999 9.6038 8.05271 12.457 4.53343 1.06203
threshold=0.67941450000000014 1.0000000180025095e-35 1.0000000180025095e-35 1.0000000180025095e-35 1.0000000180025095e-35 0.3460950000000001
decision_type=2 10 8 10 10 8
left_child=1 4 3 -2 -1 -4
right_child=2 -3 5 -5 -6 -7
leaf_value=-0.030487495156844777 -0.011790284159119296 0.015266976634736933 0.036056804080497142 0.030266334499614078 0.0039141545059135953 0.012626596727840425
leaf_weight=28.007951900362972 14.995369464159014 2.5786047726869574 13.930926978588106 6.6135690510272971 1.4816081821918476 13.455071248114107
leaf_count=214 69 8 44 20 5 134
internal_value=0.00136087 -0.0223178 0.0178295 0.0019829 -0.0276339 0.0279157
internal_weight=81.0631 32.0682 48.9949 21.6089 29.4896 27.386
internal_count=494 227 267 89 219 178
is_linear=0
shrinkage=0.03


Tree=18
num_leaves=4
num_cat=0
split_feature=4 23 28
split_gain=33.563 24.3393 10.0284
threshold=1.0000000180025095e-35 0.0074560000000000008 0.97677600000000009
decision_type=10 8 2
left_child=1 -1 -3
right_child=-2 2 -4
leaf_value=-0.035304614671566849 0.036114652343477383 -0.013619039070044459 0.013359090790353818
leaf_weight=19.037363842129707 15.671824783086775 16.934276685118675 28.50462182611227
leaf_count=106 50 139 210
internal_value=0.000188738 -0.00931636 0.0024647
internal_weight=80.1481 64.4763 45.4389
internal_count=505 455 349
is_linear=0
shrinkage=0.03


Tree=19
num_leaves=5
num_cat=0
split_feature=4 26 29 21
split_gain=30.972 29.959 10.2601 8.46511
threshold=1.0000000180025095e-35 1.0000000180025095e-35 0.65221600000000013 0.11378600000000001
decision_type=10 8 2 10
left_child=1 3 -3 -1
right_child=-2 2 -4 -5
leaf_value=-0.034291236399153192 0.033491061160502697 -0.014934883453944708 0.020799733525032241 0
leaf_weight=28.672323748469353 15.884927898645399 6.6182017177343395 22.70534636080265 6.4736423194408408
leaf_count=155 52 87 178 27
internal_value=-0.000114537 -0.0099604 0.0111689 -0.0278677
internal_weight=80.3544 64.4695 29.3235 35.146
internal_count=499 447 265 182
is_linear=0
shrinkage=0.03


Tree=20
num_leaves=6
num_cat=0
split_feature=29 4 24 4 18
split_gain=31.8383 9.55754 11.2857 5.99887 2.53671
threshold=0.65221600000000013 1.0000000180025095e-35 1.0000000180025095e-35 1.0000000180025095e-35 0.27931800000000007
decision_type=2 10 8 10 10
left_child=3 2 -2 4 -1
right_child=1 -3 -4 -5 -6
leaf_value=-0.034050181612703678 -0.010826420103307508 0.032089014311168194 0.018457729164337279 0.0094524237245521264 0
leaf_weight=18.787085495889194 19.004276856780052 15.022349581122397 21.545783534646034 1.3551711440086354 3.88069924712181
leaf_count=167 88 50 175 4 18
internal_value=0.000803318 0.0135414 0.00424412 -0.0257855 -0.0299195
internal_weight=79.5954 55.5724 40.5501 24.023 22.6678
internal_count=502 313 263 189 185
is_linear=0
shrinkage=0.03


Tree=21
num_leaves=4
num_cat=0
split_feature=4 29 2
split_gain=34.4348 19.357 9.86243
threshold=1.0000000180025095e-35 0.63011150000000016 0.32575750000000009
decision_type=10 2 10
left_child=1 -1 -3
right_child=-2 2 -4
leaf_value=-0.033340449825965977 0.033509325507768785 0.0094707719769320849 -0.02049149300584701
leaf_weight=20.248006194829941 17.11398783326149 30.830183103680611 10.913728415966032
leaf_count=171 57 224 55
internal_value=-0.000436119 -0.0113832 0.000118114
internal_weight=79.1059 61.9919 41.7439
internal_count=507 450 279
is_linear=0
shrinkage=0.03


Tree=22
num_leaves=4
num_cat=0
split_feature=3 24 23
split_gain=24.4927 21.6355 10.4154
threshold=1.0000000180025095e-35 1.0000000180025095e-35 0.0074560000000000008
decision_type=10 10 8
left_child=1 2 -1
right_child=-2 -3 -4
leaf_value=-0.033146503345498082 0.031806960183480601 0.03026958562900103 -0.0050030526674760484
leaf_weight=17.86964163184166 13.91955530643463 7.7113515287637702 38.102079406380653
leaf_count=103 47 24 330
internal_value=-6.20789e-05 -0.00859533 -0.015726
internal_weight=77.6026 63.6831 55.9717
internal_count=504 457 433
is_linear=0
shrinkage=0.03


Tree=23
num_leaves=4
num_cat=0
split_feature=4 23 24
split_gain=26.1475 20.1333 9.82592
threshold=1.0000000180025095e-35 0.0063255000000000013 1.0000000180025095e-35
decision_type=10 8 10
left_child=1 -1 -3
right_child=-2 2 -4
leaf_value=-0.034225645337771296 0.031684310662442663 -0.0044942995634193808 0.028086731405418827
leaf_weight=16.623770713806152 15.493596240878103 38.879705667495728 7.2645507007837287
leaf_count=98 53 327 23
internal_value=0 -0.00869052 0.00142596
internal_weight=78.2616 62.768 46.1443
internal_count=501 448 350
is_linear=0
shrinkage=0.03


Tree=24
num_leaves=6
num_cat=0
split_feature=29 4 26 22 29
split_gain=25.0166 10.6924 11.4904 1.87317 1.52677
threshold=0.63011150000000016 1.0000000180025095e-35 1.0000000180025095e-35 0.044478500000000004 0.60664700000000005
decision_type=2 10 8 10 2
left_child=3 2 -2 4 -1
right_child=1 -3 -4 -5 -6
leaf_value=-0.032187121695158014 -0.01262905208112813 0.030377002510700624 0.016450658081021124 0 0
leaf_weight=14.927600853145128 20.721913024783134 14.882902398705481 21.714219510555267 2.5842868387699118 2.3970961049199095
leaf_count=135 99 52 186 12 17
internal_value=0.000299904 0.0107795 0.00169424 -0.0260225 -0.0290898
internal_weight=77.228 57.319 42.4361 19.909 17.3247
internal_count=501 337 285 164 152
is_linear=0
shrinkage=0.03


Tree=25
num_leaves=6
num_cat=0
split_feature=29 24 4 21 4
split_gain=29.0591 8.43621 6.40872 8.04914 3.31537
threshold=0.7008795000000001 1.0000000180025095e-35 1.0000000180025095e-35 0.019523500000000003 3.5000000000000004
decision_type=2 10 10 8 10
left_child=1 4 3 -2 -1
right_child=2 -3 -4 -5 -6
leaf_value=-0.026170919980040629 -0.017596248567272637 0.014931652375535473 0.031978706782792042 0.014638823079047882 0.0025658898251627589
leaf_weight=30.38806309551001 6.0626805424690273 2.8131199479103079 13.776150003075598 23.079434841871262 1.4133386462926854
leaf_count=252 31 9 48 164 5
internal_value=0.00016279 -0.0190265 0.0165246 0.0059829 -0.0239207
internal_weight=77.5328 34.6145 42.9183 29.1421 31.8014
internal_count=509 266 243 195 257
is_linear=0
shrinkage=0.03


Tree=26
num_leaves=4
num_cat=0
split_feature=4 23 24
split_gain=25.1091 18.4519 7.01797
threshold=1.0000000180025095e-35 0.0063255000000000013 1.0000000180025095e-35
decision_type=10 8 10
left_child=1 -1 -3
right_child=-2 2 -4
leaf_value=-0.033371600630049514 0.031515329903717998 -0.0036406201745075141 0.025645111648381944
leaf_weight=16.483766511082649 14.552005752921103 35.901909217238426 5.9316906034946433
leaf_count=100 51 311 19
internal_value=0 -0.00917811 0.00128089
internal_weight=72.8694 58.3174 41.8336
internal_count=481 430 330
is_linear=0
shrinkage=0.03


Tree=27
num_leaves=7
num_cat=0
split_feature=29 28 26 26 23 28
split_gain=28.1786 10.2505 5.73 4.19044 4.05402 1.02622
threshold=0.63011150000000016 0.97492200000000018 1.0000000180025095e-35 1.0000000180025095e-35 0.0063255000000000013 0.99273800000000012
decision_type=2 2 10 10 8 2
left_child=3 2 -2 5 -3 -1
right_child=1 4 -4 -5 -6 -7
leaf_value=-0.032665105497072217 -0.017028517345216352 0 0.0168669148460024 0.0036729781939061675 0.022209932655600756 0
leaf_weight=17.967028729617603 12.627410545945166 6.3685479313135138 2.8221999108791342 1.2296182513236988 36.471870832145214 1.2837485894560803
leaf_count=161 96 30 9 4 211 9
internal_value=0.000103199 0.0111557 -0.0074749 -0.0274822 0.0185784 -0.0310474
internal_weight=78.7704 58.29 15.4496 20.4804 42.8404 19.2508
internal_count=520 346 105 174 241 170
is_linear=0
shrinkage=0.03


Tree=28
num_leaves=7
num_cat=0
split_feature=29 28 24 21 29 15
split_gain=24.2102 13.0594 7.03189 1.71252 1.70618 0.143554
threshold=0.63011150000000016 0.97677600000000009 1.0000000180025095e-35 0.060966000000000013 0.78477400000000008 0.2283705
decision_type=2 2 10 10 2 10
left_child=3 2 -2 5 -3 -1
right_child=1 4 -4 -5 -6 -7
leaf_value=-0.029650443801733133 -0.019321619873633886 0.0083041165446390633 0.017567108170201788 0 0.026466313171506901 0
leaf_weight=15.839311249554163 13.459659501910211 18.334712609648705 3.0637688934803 2.3708340972661963 21.327767938375473 1.1651851832866658
leaf_count=150 102 112 10 11 112 6
internal_value=0.000410885 0.0108054 -0.00929675 -0.0257984 0.019948 -0.0286615
internal_weight=75.5612 56.1859 16.5234 19.3753 39.6625 17.0045
internal_count=503 336 112 167 224 156
is_linear=0
shrinkage=0.03


Tree=29
num_leaves=4
num_cat=0
split_feature=4 26 15
split_gain=24.1317 20.8429 12.9946
threshold=1.0000000180025095e-35 1.0000000180025095e-35 0.34860600000000003
decision_type=10 10 8
left_child=1 2 -1
right_child=-2 -3 -4
leaf_value=-0.029305465904399152 0.030556055049388599 0.02868970704841942 0
leaf_weight=28.572426468133926 14.382748126983641 7.741405561566352 24.739939026534557
leaf_count=161 52 25 268
internal_value=-0.000414553 -0.00926822 -0.0165476
internal_weight=75.4365 61.0538 53.3124
internal_count=506 454 429
is_linear=0
shrinkage=0.03


Tree=30
num_leaves=6
num_cat=0
split_feature=29 3 24 24 21
split_gain=24.5255 6.33879 8.73592 3.07015 0.593186
threshold=0.65221600000000013 1.0000000180025095e-35 1.0000000180025095e-35 1.0000000180025095e-35 0.060966000000000013
decision_type=2 10 8 10 10
left_child=3 2 -2 4 -1
right_child=1 -3 -4 -5 -6
leaf_value=-0.027674374991394898 -0.0092627207614607073 0.029951647328313069 0.017549476731755564 0.0026567886760890916 0
leaf_weight=18.211848869919784 16.444562867283821 12.535539090633391 20.378325045108795 1.1904374063014973 1.9925363659858693
leaf_count=174 78 46 172 4 10
internal_value=0.00139399 0.0132831 0.00502645 -0.0230652 -0.0260211
internal_weight=70.7532 49.3584 36.8229 21.3948 20.2044
internal_count=484 296 250 188 184
is_linear=0
shrinkage=0.03


Tree=31
num_leaves=7
num_cat=0
split_feature=29 3 22 24 4 15
split_gain=23.8838 6.41488 5.45221 4.84643 2.91113 1.72253
threshold=0.67941450000000014 1.0000000180025095e-35 0.0047930000000000013 1.0000000180025095e-35 1.0000000180025095e-35 0.054924500000000008
decision_type=2 10 10 8 10 8
left_child=2 3 4 -2 -1 -4
right_child=1 -3 5 -5 -6 -7
leaf_value=-0.029397831711724696 -0.0058135592305006995 0.030322729326165903 0.012760929239463261 0.015192780100624427 0.00028399800727552761 -0.007919065277952695
leaf_weight=19.126782294362791 14.77226458489895 13.192571103572844 3.1292884051799748 16.822199620306492 1.11421638727188 5.8049600422382364
leaf_count=186 69 49 12 144 4 30
internal_value=0.000623871 0.0144147 -0.0189842 0.00485148 -0.0266473 0
internal_weight=73.9623 44.787 29.1752 31.5945 20.241 8.93425
internal_count=494 262 232 213 190 42
is_linear=0
shrinkage=0.03


Tree=32
num_leaves=5
num_cat=0
split_feature=29 4 26 23
split_gain=23.0727 11.0027 10.6604 0.653219
threshold=0.59491450000000012 1.0000000180025095e-35 1.0000000180025095e-35 0.15046750000000003
decision_type=2 10 10 10
left_child=3 2 -2 -1
right_child=1 -3 -4 -5
leaf_value=-0.030523438801838432 -0.0050470934890149014 0.031018690503176089 0.028921161730987629 0
leaf_weight=13.643040884286163 37.571595262736082 13.32454878091812 7.3378848731517783 1.022868126630782
leaf_count=133 289 49 24 5
internal_value=0.000753861 0.00980796 0.00134034 -0.0290595
internal_weight=72.8999 58.234 44.9095 14.6659
internal_count=500 362 313 138
is_linear=0
shrinkage=0.03


Tree=33
num_leaves=6
num_cat=0
split_feature=29 28 21 23 23
split_gain=22.2157 10.3565 5.75054 3.8696 2.68379
threshold=0.63011150000000016 0.97482450000000009 0.12386950000000001 0.044553000000000002 0.0074560000000000008
decision_type=2 2 10 10 8
left_child=3 2 -2 -1 -3
right_child=1 4 -4 -5 -6
leaf_value=-0.029357580356479299 -0.021210506965802588 0 0.010458853883994366 0.00044379715641297297 0.022001349098698633
leaf_weight=15.735794827342035 9.1093447431921941 7.3884626179933539 5.1441877484321585 2.4184424281120291 34.353351481258869
leaf_count=156 78 35 20 10 210
internal_value=0.00152831 0.0112813 -0.00821087 -0.0244695 0.018712
internal_weight=74.1496 55.9953 14.2535 18.1542 41.7418
internal_count=509 343 98 166 245
is_linear=0
shrinkage=0.03


Tree=34
num_leaves=5
num_cat=0
split_feature=26 9 21 18
split_gain=15.5684 10.0868 9.95149 1.71864
threshold=1.0000000180025095e-35 8.0568855000000017 0.0011505000000000003 0.090107500000000021
decision_type=10 10 8 8
left_child=1 2 -1 -3
right_child=-2 3 -4 -5
leaf_value=-0.02835944775166125 0.030187417465062923 0.02194743898251262 -0.00063619290364561748 0
leaf_weight=16.032726407051086 10.785830125212668 8.9712987840175593 36.557022746652365 2.4776357412338266
leaf_count=103 38 35 329 12
internal_value=0.000875764 -0.00474357 -0.010702 0.0170892
internal_weight=74.8245 64.0387 52.5897 11.4489
internal_count=517 479 432 47
is_linear=0
shrinkage=0.03


Tree=35
num_leaves=7
num_cat=0
split_feature=29 24 20 2 21 21
split_gain=15.1967 7.64753 5.06343 2.80296 1.42873 0.389183
threshold=0.7008795000000001 1.0000000180025095e-35 0.27370350000000004 0.32575750000000009 0.060966000000000013 0.13754000000000002
decision_type=2 10 10 10 10 10
left_child=1 4 3 -2 -1 -4
right_child=2 -3 5 -5 -6 -7
leaf_value=-0.023189460690716705 0.020481056829681644 0.015548576685513548 -0.013702319191953024 0 0 0
leaf_weight=23.021742265671499 27.446031041443348 3.0441417694091788 2.6090139150619498 8.5712923854589445 3.0156555026769629 2.0973860919475555
leaf_count=214 184 10 14 40 14 9
internal_value=0.000210058 -0.0150699 0.0120932 0.0162071 -0.0209194 -0.00955003
internal_weight=69.8053 29.0815 40.7237 36.0173 26.0374 4.7064
internal_count=485 238 247 224 228 23
is_linear=0
shrinkage=0.03


Tree=36
num_leaves=5
num_cat=0
split_feature=24 28 22 21
split_gain=17.4368 13.2489 4.25559 3.90933
threshold=1.0000000180025095e-35 0.97891050000000013 0.0047930000000000013 0.29816800000000004
decision_type=10 2 8 10
left_child=1 3 -3 -1
right_child=-2 2 -4 -5
leaf_value=-0.024706438215978552 0.030439919339405628 -0.0092422718504613678 0.010969572039701399 0.0041733745747235792
leaf_weight=23.820018194615844 11.725948333740233 9.1538338959217054 28.988021619617939 2.0713884234428397
leaf_count=210 42 53 212 8
internal_value=0.000575936 -0.00556286 0.00506943 -0.0211642
internal_weight=75.7592 64.0333 38.1419 25.8914
internal_count=525 483 265 218
is_linear=0
shrinkage=0.03


Tree=37
num_leaves=6
num_cat=0
split_feature=29 3 24 23 23
split_gain=20.123 6.03604 7.74528 5.83232 1.77927
threshold=0.67941450000000014 1.0000000180025095e-35 1.0000000180025095e-35 0.0074560000000000008 0.066795500000000022
decision_type=2 10 8 10 10
left_child=3 2 -2 -1 -5
right_child=1 -3 -4 4 -6
leaf_value=-0.02637080982486064 -0.01080302890719425 0.028504412385879866 0.016096418886631797 0.01331710935949728 -0.0074571765733714305
leaf_weight=20.324616733938459 14.022309347987177 11.94471801817417 17.893302783370018 3.331956669688223 5.6028790771961212
leaf_count=211 68 47 153 12 28
internal_value=0 0.0123432 0.00350602 -0.0184417 0
internal_weight=73.1198 43.8603 31.9156 29.2595 8.93484
internal_count=519 268 221 251 40
is_linear=0
shrinkage=0.03


Tree=38
num_leaves=5
num_cat=0
split_feature=29 4 21 28
split_gain=18.39 9.28607 9.4327 0.619413
threshold=0.58551750000000002 1.0000000180025095e-35 1.0000000180025095e-35 0.96017300000000005
decision_type=2 10 8 2
left_child=3 2 -2 -1
right_child=1 -3 -4 -5
leaf_value=0 -0.021352451997681623 0.027923311999336179 0.0087617879902204873 -0.029372542875270677
leaf_weight=1.4251080900430668 9.1103291809558851 14.241140782833098 36.563693434000015 11.062465474009512
leaf_count=11 53 56 267 117
internal_value=0.00153966 0.00905176 0.0011929 -0.027338
internal_weight=72.4027 59.9152 45.674 12.4876
internal_count=504 376 320 128
is_linear=0
shrinkage=0.03


Tree=39
num_leaves=6
num_cat=0
split_feature=29 28 21 22 23
split_gain=17.4657 6.79193 5.17213 2.5795 1.61069
threshold=0.63011150000000016 0.97492200000000018 0.12386950000000001 0.040069000000000007 0.0074560000000000008
decision_type=2 2 10 8 10
left_child=4 2 -2 -3 -1
right_child=1 3 -4 -5 -6
leaf_value=-0.027910302119457702 -0.020265598114917505 0.0005064375517937886 0.010490827827364027 0.020268261549370545 0
leaf_weight=14.022422254085543 8.3629622384905797 11.865690827369688 4.7930810153484336 24.920402377843857 3.2260905206203452
leaf_count=150 71 55 19 165 15
internal_value=-5.8714e-05 0.0085925 -0.00733604 0.0151668 -0.0241512
internal_weight=67.1906 49.9421 13.156 36.7861 17.2485
internal_count=475 310 90 220 165
is_linear=0
shrinkage=0.03


Tree=40
num_leaves=4
num_cat=0
split_feature=4 21 18
split_gain=16.2111 14.5203 4.77494
threshold=1.0000000180025095e-35 0.0011505000000000003 0.12250800000000002
decision_type=10 8 10
left_child=1 -1 -3
right_child=-2 2 -4
leaf_value=-0.02895002806652992 0.026600600780958841 -0.0037979004357474454 0.016467719965866004
leaf_weight=15.948768153786657 13.358223497867582 28.904832433909178 11.89581924676895
leaf_count=108 54 294 47
internal_value=0 -0.00710364 0.00214903
internal_weight=70.1076 56.7494 40.8007
internal_count=503 449 341
is_linear=0
shrinkage=0.03


Tree=41
num_leaves=4
num_cat=0
split_feature=4 24 28
split_gain=13.5329 13.2317 12.5218
threshold=1.0000000180025095e-35 1.0000000180025095e-35 0.98241700000000021
decision_type=10 10 2
left_child=1 2 -1
right_child=-2 -3 -4
leaf_value=-0.024923374569901017 0.025631766319681875 0.02521096000012862 0.0030899078008033275
leaf_weight=27.505928624421358 12.050119668245314 6.8704882711172095 22.860565111041069
leaf_count=244 49 24 179
internal_value=0 -0.00616829 -0.0121875
internal_weight=69.2871 57.237 50.3665
internal_count=496 447 423
is_linear=0
shrinkage=0.03


Tree=42
num_leaves=7
num_cat=0
split_feature=29 23 21 23 18 23
split_gain=14.2364 6.83655 4.06524 1.96444 1.49879 0.766313
threshold=0.67941450000000014 0.0074560000000000008 1.0000000180025095e-35 0.0097775000000000015 0.034242500000000002 0.27527700000000005
decision_type=2 10 8 10 10 8
left_child=1 -1 4 -4 -2 -3
right_child=2 5 3 -5 -6 -7
leaf_value=-0.024938371474770165 0.0020099518119121459 0.0096794014546459535 0.0034095809047141462 0.021284464943754838 -0.017038559968010382 -0.0021474789161131614
leaf_weight=19.426437590271238 2.803779572248458 5.0197613984346363 15.583742089569567 18.454433113336563 3.0024964511394501 3.7677477449178705
leaf_count=201 13 20 147 74 18 19
internal_value=-9.54935e-05 -0.0158963 0.0107225 0.0148498 -0.00688243 0.00280745
internal_weight=68.0584 28.2139 39.8445 34.0382 5.80628 8.78751
internal_count=492 240 252 221 31 39
is_linear=0
shrinkage=0.03


Tree=43
num_leaves=5
num_cat=0
split_feature=29 26 29 26
split_gain=16.247 6.64664 4.51208 2.7391
threshold=0.64408250000000011 1.0000000180025095e-35 0.78477400000000008 1.0000000180025095e-35
decision_type=2 10 2 10
left_child=3 2 -2 -1
right_child=1 -3 -4 -5
leaf_value=-0.025820359592382564 -0.0065611251996588547 0.027985560574296704 0.01175962736615096 0.0015918072755405192
leaf_weight=17.149381257593635 21.815611556172371 9.1456022411584836 19.474183596670628 1.1567624211311329
leaf_count=180 158 35 128 4
internal_value=-0.000171119 0.0082599 0.00161368 -0.0226999
internal_weight=68.7415 50.4354 41.2898 18.3061
internal_count=505 321 286 184
is_linear=0
shrinkage=0.03


Tree=44
num_leaves=5
num_cat=0
split_feature=3 22 5 15
split_gain=12.7778 11.3482 3.53013 1.19298
threshold=1.0000000180025095e-35 0.044478500000000004 1.5000000000000002 0.28445600000000004
decision_type=10 8 10 10
left_child=1 3 -3 -1
right_child=-2 2 -4 -5
leaf_value=-0.024662788164286988 0.026041844785439951 -1.2043238264556671e-05 0.020402560509979059 0
leaf_weight=17.364512078464035 11.529767498373984 32.704693116247654 5.976613074541091 1.7665862292051304
leaf_count=114 48 313 22 9
internal_value=0.000424742 -0.00522353 0.00366389 -0.0226094
internal_weight=69.3422 57.8124 38.6813 19.1311
internal_count=506 458 335 123
is_linear=0
shrinkage=0.03


Tree=45
num_leaves=4
num_cat=0
split_feature=3 22 29
split_gain=14.4817 8.93554 4.44576
threshold=1.0000000180025095e-35 0.0047930000000000013 0.58551750000000002
decision_type=10 8 2
left_child=1 -1 -3
right_child=-2 2 -4
leaf_value=-0.026187398187936015 0.026666613767465357 -0.019746468167868673 0.0038981668096513019
leaf_weight=13.820048160851 10.504205167293547 5.7006412744522086 37.051195602864027
leaf_count=100 44 81 285
internal_value=-0.000942441 -0.0076572 0
internal_weight=67.0761 56.5719 42.7518
internal_count=510 466 366
is_linear=0
shrinkage=0.03


Tree=46
num_leaves=5
num_cat=0
split_feature=26 4 5 20
split_gain=12.634 12.6403 5.79055 4.48997
threshold=1.0000000180025095e-35 1.0000000180025095e-35 1.5000000000000002 0.3460950000000001
decision_type=10 8 10 8
left_child=1 2 -1 -3
right_child=-2 3 -4 -5
leaf_value=-0.025086888125662975 0.027615532934967317 0.023144361841619648 0.0017260026360899751 0
leaf_weight=22.273850508034233 10.048800319433211 8.4400845170021075 6.8594384789466849 20.937337912619114
leaf_count=144 39 35 29 256
internal_value=0.000464964 -0.00482968 -0.0182684 0.00802868
internal_weight=68.5595 58.5107 29.1333 29.3774
internal_count=503 464 173 291
is_linear=0
shrinkage=0.03


Tree=47
num_leaves=4
num_cat=0
split_feature=29 4 2
split_gain=15.306 7.93691 7.45504
threshold=0.59491450000000012 1.0000000180025095e-35 0.32575750000000009
decision_type=2 10 10
left_child=-1 2 -2
right_child=1 -3 -4
leaf_value=-0.027283952007231743 0.0074965327853875399 0.02526042278034922 -0.017738539015904317
leaf_weight=11.964258100837467 33.703283559530973 12.32544921338558 11.768150046467779
leaf_count=136 263 53 67
internal_value=0 0.00658437 0
internal_weight=69.7611 57.7969 45.4714
internal_count=519 383 330
is_linear=0
shrinkage=0.03


Tree=48
num_leaves=7
num_cat=0
split_feature=29 21 28 4 28 18
split_gain=15.6318 5.63864 5.06034 3.1364 2.39909 0.846507
threshold=0.63011150000000016 0.094693500000000014 0.98286250000000008 1.0000000180025095e-35 0.95943100000000014 0.3261150000000001
decision_type=2 8 2 10 2 10
left_child=3 2 -2 5 -3 -1
right_child=1 4 -4 -5 -6 -7
leaf_value=-0.027651150550305172 -0.017829811718564775 -0.0028943303443966207 0.0090271935993102952 0.0046488101029810557 0.020255682610459104 0
leaf_weight=12.160968285053963 7.199044510722163 1.3162724748253847 13.121207326650618 0.96585023403167802 30.219385154545307 2.1724273860454568
leaf_count=142 42 13 60 3 212 13
internal_value=0.0025549 0.0108297 -0.000270914 -0.0210299 0.0182533 -0.0249961
internal_weight=67.1552 51.8559 20.3203 15.2992 31.5357 14.3334
internal_count=485 327 102 158 225 155
is_linear=0
shrinkage=0.03


Tree=49
num_leaves=5
num_cat=0
split_feature=24 28 28 7
split_gain=9.75592 7.63472 5.2509 3.18721
threshold=1.0000000180025095e-35 0.97891050000000013 0.98791800000000018 1.0000000180025095e-35
decision_type=10 2 2 8
left_child=1 3 -3 -1
right_child=-2 2 -4 -5
leaf_value=-0.026837752325012568 0.025061309032319266 0.013620189069547135 -0.008278778611291714 -0.0015884498309429154
leaf_weight=12.802165769040586 7.8568837344646445 17.605146810412407 14.678197007626293 10.686401922255753
leaf_count=89 31 118 122 129
internal_value=-0.00059216 -0.00581132 0.00295585 -0.0179638
internal_weight=63.6288 55.7719 32.2833 23.4886
internal_count=489 458 240 218
is_linear=0
shrinkage=0.03


Tree=50
num_leaves=4
num_cat=0
split_feature=4 23 23
split_gain=15.4211 9.22711 3.13486
threshold=1.0000000180025095e-35 0.0074560000000000008 0.50185950000000012
decision_type=10 8 8
left_child=1 -1 -3
right_child=-2 2 -4
leaf_value=-0.026292349807070677 0.02619573243251604 0.0095672516281744176 -0.0063830770629023023
leaf_weight=14.285890623927115 11.942428171634672 15.315882757306097 25.099625188857317
leaf_count=109 52 64 286
internal_value=-0.000533978 -0.00794809 0
internal_weight=66.6438 54.7014 40.4155
internal_count=511 459 350
is_linear=0
shrinkage=0.03


Tree=51
num_leaves=6
num_cat=0
split_feature=29 21 20 22 15
split_gain=12.216 5.67001 4.89433 3.83578 0.468613
threshold=0.59491450000000012 0.094693500000000014 0.048505000000000006 0.36700350000000009 0.28445600000000004
decision_type=2 10 10 10 10
left_child=4 2 -2 -3 -1
right_child=1 3 -4 -5 -6
leaf_value=-0.02512226161144027 0.008644745907102137 0.026825058477508115 -0.012249480929262421 -0.0014453793463704999 0
leaf_weight=10.353389572352167 22.406532932072878 13.057685539126394 13.702596329152582 2.8995644301176062 0.89649599790573198
leaf_count=127 203 52 75 14 5
internal_value=0.000595528 0.00739573 0 0.0206898 -0.0237029
internal_weight=63.3163 52.0664 36.1091 15.9572 11.2499
internal_count=476 344 278 66 132
is_linear=0
shrinkage=0.03


Tree=52
num_leaves=4
num_cat=0
split_feature=24 3 21
split_gain=11.3882 9.41521 7.49773
threshold=1.0000000180025095e-35 1.5000000000000002 0.0011505000000000003
decision_type=10 10 8
left_child=1 2 -1
right_child=-2 -3 -4
leaf_value=-0.025745405189172309 0.026615577612115266 0.022438798474090138 -0.0007610837216503821
leaf_weight=14.959414541721342 9.5490214675664884 6.259652003645896 34.4387764967978
leaf_count=112 39 28 316
internal_value=0.000306545 -0.00482614 -0.00994054
internal_weight=65.2069 55.6578 49.3982
internal_count=495 456 428
is_linear=0
shrinkage=0.03


Tree=53
num_leaves=6
num_cat=0
split_feature=29 24 4 4 24
split_gain=12.2034 3.78874 5.4322 2.6304 1.77467
threshold=0.63011150000000016 1.0000000180025095e-35 1.0000000180025095e-35 1.0000000180025095e-35 1.0000000180025095e-35
decision_type=2 10 8 10 10
left_child=3 2 -2 4 -1
right_child=1 -3 -4 -5 -6
leaf_value=-0.024570243914404617 -0.0071627419562099543 0.025717146622137997 0.013037402986336559 0.0043102436219317839 0
leaf_weight=14.268682260066269 17.137171521782875 8.0817627757787687 23.786281451582909 0.94938927888870317 0.88209283351898271
leaf_count=164 87 34 209 3 3
internal_value=0.00156684 0.0094217 0.00398389 -0.0184955 -0.0220536
internal_weight=65.1054 49.0052 40.9235 16.1002 15.1508
internal_count=500 330 296 170 167
is_linear=0
shrinkage=0.03


Tree=54
num_leaves=4
num_cat=0
split_feature=26 3 22
split_gain=11.2966 9.83056 7.52271
threshold=1.0000000180025095e-35 1.5000000000000002 0.040069000000000007
decision_type=10 10 8
left_child=1 2 -1
right_child=-2 -3 -4
leaf_value=-0.024045837061796589 0.02767141972284785 0.02302049565576 0
leaf_weight=17.034769028425217 8.919930085539816 6.6353838145732871 32.81453525647521
leaf_count=121 36 30 309
internal_value=0.000691046 -0.00424598 -0.00954378
internal_weight=65.4046 56.4847 49.8493
internal_count=496 460 430
is_linear=0
shrinkage=0.03


Tree=55
num_leaves=5
num_cat=0
split_feature=24 4 5 15
split_gain=9.8894 10.1012 4.5578 4.55168
threshold=1.0000000180025095e-35 1.0000000180025095e-35 1.5000000000000002 0.23709800000000003
decision_type=10 8 10 8
left_child=1 2 -1 -3
right_child=-2 3 -4 -5
leaf_value=-0.023524432481421047 0.025833136327954188 0.023603295954271877 0.00027556877133867524 0
leaf_weight=18.777849420905117 9.3631508201360685 7.7502591460943249 7.1427979618310919 20.317673463374376
leaf_count=133 40 34 31 250
internal_value=0.00124111 -0.00363282 -0.0165804 0.00780506
internal_weight=63.3517 53.9886 25.9206 28.0679
internal_count=488 448 164 284
is_linear=0
shrinkage=0.03


Tree=56
num_leaves=4
num_cat=0
split_feature=4 23 26
split_gain=12.4964 8.48578 4.27766
threshold=1.0000000180025095e-35 0.0074560000000000008 1.0000000180025095e-35
decision_type=10 8 10
left_child=1 -1 -3
right_child=-2 2 -4
leaf_value=-0.025987880651303769 0.023837282263724193 -0.0041103634590224578 0.019680486881982703
leaf_weight=12.47323092073202 11.84741862118244 35.452434983104467 5.2624717056751242
leaf_count=105 56 330 21
internal_value=-0.00020046 -0.00707552 0
internal_weight=65.0356 53.1881 40.7149
internal_count=512 456 351
is_linear=0
shrinkage=0.03


Tree=57
num_leaves=5
num_cat=0
split_feature=4 26 5 17
split_gain=9.70458 8.19328 5.10031 2.77438
threshold=1.0000000180025095e-35 1.0000000180025095e-35 1.5000000000000002 0.046493500000000007
decision_type=10 8 10 10
left_child=1 2 -1 -3
right_child=-2 3 -4 -5
leaf_value=-0.020728642148396235 0.02423957935377518 0.00060319457095507276 0.0046366052569229979 0.023125064493661616
leaf_weight=20.246556855738167 12.381673142313955 19.218205571174625 6.466573402285575 5.5996236801147452
leaf_count=145 59 239 27 22
internal_value=0.00309564 -0.00248864 -0.0137305 0.00870912
internal_weight=63.9126 51.531 26.7131 24.8178
internal_count=492 433 172 261
is_linear=0
shrinkage=0.03


Tree=58
num_leaves=6
num_cat=0
split_feature=23 2 3 20 3
split_gain=8.49344 7.80555 4.75413 2.59475 0.999478
threshold=0.0063255000000000013 0.32575750000000009 1.5000000000000002 0.27370350000000004 1.0000000180025095e-35
decision_type=8 8 8 10 8
left_child=2 3 -1 -2 -3
right_child=1 4 -4 -5 -6
leaf_value=-0.024667055273631396 0.02544734012012289 -0.011166895588084926 0.0084602989244520893 0 0
leaf_weight=12.224347576498982 14.723374873399736 5.697866469621661 1.9940399229526526 3.1818257123231879 21.423880703747272
leaf_count=102 62 31 10 16 260
internal_value=0 0.0069231 -0.0176142 0.0209117 -0.00247886
internal_weight=59.2453 45.0269 14.2184 17.9052 27.1217
internal_count=481 369 112 78 291
is_linear=0
shrinkage=0.03


Tree=59
num_leaves=4
num_cat=0
split_feature=3 23 2
split_gain=10.179 7.68553 2.69831
threshold=1.0000000180025095e-35 0.0074560000000000008 0.32575750000000009
decision_type=10 8 8
left_child=1 -1 -3
right_child=-2 2 -4
leaf_value=-0.02386800033555446 0.023141537946357569 0.010150908525868951 -0.0047970306241919645
leaf_weight=12.840982817113398 10.172584637999533 14.110112711787222 25.941196385771036
leaf_count=109 50 61 289
internal_value=-0.000127259 -0.00614112 0.000112688
internal_weight=63.0649 52.8923 40.0513
internal_count=509 459 350
is_linear=0
shrinkage=0.03


Tree=60
num_leaves=5
num_cat=0
split_feature=3 23 23 15
split_gain=7.85024 7.65645 3.43413 0.208153
threshold=1.0000000180025095e-35 0.0097775000000000015 0.13196500000000003 0.14874200000000001
decision_type=10 8 8 8
left_child=1 -1 -3 -2
right_child=3 2 -4 -5
leaf_value=-0.021714805777124532 0.024623673558356225 0.018070890301440413 -0.0011566725044391487 0
leaf_weight=12.475462488830088 7.9360855221748325 7.1314424425363532 34.632356591522694 1.7517164796590812
leaf_count=105 38 28 321 10
internal_value=0.00088806 -0.0034328 0.00244742 0.0225355
internal_weight=63.9271 54.2393 41.7638 9.6878
internal_count=502 454 349 48
is_linear=0
shrinkage=0.03


Tree=61
num_leaves=4
num_cat=0
split_feature=3 24 5
split_gain=9.83194 9.11413 7.09416
threshold=1.0000000180025095e-35 1.0000000180025095e-35 1.5000000000000002
decision_type=10 10 8
left_child=1 2 -1
right_child=-2 -3 -4
leaf_value=-0.022918873953928134 0.024158228800704843 0.021543399090874348 0
leaf_weight=19.415763773024082 9.619290962815283 6.2582198083400717 27.304095610976219
leaf_count=142 48 26 291
internal_value=0 -0.00514861 -0.0104116
internal_weight=62.5974 52.9781 46.7199
internal_count=507 459 433
is_linear=0
shrinkage=0.03


Tree=62
num_leaves=4
num_cat=0
split_feature=4 24 28
split_gain=11.8753 8.17687 5.2
threshold=1.0000000180025095e-35 1.0000000180025095e-35 0.97677600000000009
decision_type=10 10 2
left_child=1 2 -1
right_child=-2 -3 -4
leaf_value=-0.021791397187619244 0.024791750376994263 0.020375669062636978 -0.00078443318540112746
leaf_weight=17.873869758099318 11.824114143848417 5.9300295263528815 28.584321282804012
leaf_count=182 60 25 240
internal_value=0.000592518 -0.00537463 -0.0103046
internal_weight=64.2123 52.3882 46.4582
internal_count=507 447 422
is_linear=0
shrinkage=0.03


Tree=63
num_leaves=7
num_cat=0
split_feature=29 23 28 23 28 26
split_gain=9.0361 4.66944 4.43605 1.81938 1.45371 1.45066
threshold=0.68185050000000003 0.0074560000000000008 0.97844950000000008 0.22010150000000003 0.98791800000000018 1.0000000180025095e-35
decision_type=2 10 2 10 2 10
left_child=1 -1 5 -3 -4 -2
right_child=2 3 4 -5 -6 -7
leaf_value=-0.02266109472563347 -0.01008109808937886 0.01293522513623626 0.019946942663471801 -0.0077082880154262772 0.00106583413691358 0.0076095420781154711
leaf_weight=14.977924205362799 9.7901351749896968 4.4372333884239179 17.368430010974411 3.8745411932468414 9.2865900397300702 1.7632547616958625
leaf_count=193 80 18 113 22 66 8
internal_value=0 -0.0138529 0.00865578 0.00116793 0.0151537 -0.00430775
internal_weight=61.4981 23.2897 38.2084 8.31177 26.655 11.5534
internal_count=500 233 267 40 179 88
is_linear=0
shrinkage=0.03


Tree=64
num_leaves=5
num_cat=0
split_feature=4 23 28 18
split_gain=7.87534 8.75723 3.95056 0.10598
threshold=1.0000000180025095e-35 0.0097775000000000015 0.97270850000000009 0.11886500000000001
decision_type=10 8 2 8
left_child=1 -1 -3 -2
right_child=3 2 -4 -5
leaf_value=-0.024844811788410682 0.023266200813980405 -0.010717503500872099 0.008304425537146826 0
leaf_weight=10.923234783113001 8.6067535877227748 10.406570993363855 29.228935517370701 1.7389726564288146
leaf_count=100 44 99 239 10
internal_value=0.000553955 -0.00414428 0.00220375 0.0215322
internal_weight=60.9045 50.5587 39.6355 10.3457
internal_count=492 438 338 54
is_linear=0
shrinkage=0.03


Tree=65
num_leaves=6
num_cat=0
split_feature=23 4 23 2 4
split_gain=8.39406 5.17046 4.36453 1.70611 0.903587
threshold=0.0063255000000000013 1.0000000180025095e-35 0.57592050000000017 0.32575750000000009 1.5000000000000002
decision_type=8 10 8 10 8
left_child=1 -1 3 -2 -4
right_child=2 -3 4 -5 -6
leaf_value=-0.025140777098391742 0.02074963388431763 0.0083301542345632223 -0.011567389945348526 0 0.0010406773123354338
leaf_weight=11.33374175429344 16.210929572582248 2.5342258810997 2.9494431838393238 6.4388216435909262 20.308164563030005
leaf_count=105 72 13 18 32 245
internal_value=0.000905321 -0.0168521 0.00758766 0.0162051 -0.00055463
internal_weight=59.7753 13.868 45.9074 22.6498 23.2576
internal_count=485 118 367 104 263
is_linear=0
shrinkage=0.03


Tree=66
num_leaves=4
num_cat=0
split_feature=29 24 3
split_gain=8.9864 5.28154 5.61985
threshold=0.58551750000000002 1.0000000180025095e-35 1.5000000000000002
decision_type=2 10 10
left_child=-1 2 -2
right_child=1 -3 -4
leaf_value=-0.023322123389657407 -0.003798542257037278 0.024601028642438443 0.021605850880734075
leaf_weight=8.7071707360446435 38.807831410318613 7.6868381947278968 6.5564503073692313
leaf_count=125 311 36 35
internal_value=0.000116395 0.0055409 0.000365278
internal_weight=61.7583 53.0511 45.3643
internal_count=507 382 346
is_linear=0
shrinkage=0.03


Tree=67
num_leaves=6
num_cat=0
split_feature=4 18 2 21 15
split_gain=9.17765 8.32481 3.99053 2.35867 0.480357
threshold=1.0000000180025095e-35 0.12250800000000002 0.47222200000000009 0.29816800000000004 0.20270300000000005
decision_type=10 8 8 10 10
left_child=1 3 -3 -1 -2
right_child=4 2 -4 -5 -6
leaf_value=-0.024289498364535131 0.025233407831048583 0.015642769036801021 -0.0035079017046734501 0.0006199851182123958 0
leaf_weight=14.968275442719461 8.6038867533206922 11.676858372986315 22.803212210536003 1.2603190094232548 1.6073049455881108
leaf_count=121 44 54 275 5 10
internal_value=0.000131748 -0.00492895 0.00291012 -0.0209999 0.0229464
internal_weight=60.9199 50.7087 34.4801 16.2286 10.2112
internal_count=509 455 329 126 54
is_linear=0
shrinkage=0.03


Tree=68
num_leaves=5
num_cat=0
split_feature=24 28 23 3
split_gain=6.51843 6.19626 2.99446 2.51878
threshold=1.0000000180025095e-35 0.97677600000000009 0.0074560000000000008 1.0000000180025095e-35
decision_type=10 2 8 10
left_child=1 3 -3 -1
right_child=-2 2 -4 -5
leaf_value=-0.018507697767435886 0.024365312324441245 -0.0060745673443482187 0.011264620042860345 0.0054237215627889728
leaf_weight=15.94366016611457 7.6742918342351905 8.4409317150711995 24.969714481383562 1.3425608277320851
leaf_count=168 37 65 197 6
internal_value=0.00291018 -0.000958737 0.00592051 -0.014643
internal_weight=58.3712 50.6969 33.4106 17.2862
internal_count=473 436 262 174
is_linear=0
shrinkage=0.03


Tree=69
num_leaves=6
num_cat=0
split_feature=4 5 24 7 18
split_gain=6.89079 5.60118 3.98825 3.76397 0.174424
threshold=1.0000000180025095e-35 1.5000000000000002 1.0000000180025095e-35 1.0000000180025095e-35 0.15452400000000002
decision_type=10 8 10 8 8
left_child=1 2 -1 -3 -2
right_child=4 3 -4 -5 -6
leaf_value=-0.019135399877078425 0.022803524355581143 0.018760866685591696 0.008594441187798273 -0.0015625381739922269 0
leaf_weight=18.948443464934829 8.4479347318410838 8.4695809185504931 2.4041579663753501 20.056026551872492 1.6811760142445571
leaf_count=147 45 35 10 247 10
internal_value=0.00129289 -0.0031089 -0.0141072 0.00473118 0.0210109
internal_weight=60.0073 49.8782 21.3526 28.5256 10.1291
internal_count=494 439 157 282 55
is_linear=0
shrinkage=0.03


Tree=70
num_leaves=4
num_cat=0
split_feature=24 3 22
split_gain=6.55908 6.07247 3.28197
threshold=1.0000000180025095e-35 1.5000000000000002 0.040069000000000007
decision_type=10 10 8
left_child=1 2 -1
right_child=-2 -3 -4
leaf_value=-0.018788123967263232 0.022184403260935202 0.019339473437088705 -0.0010030801871356255
leaf_weight=13.964369662106035 7.5787460505962363 5.2779211252927771 30.732184950262308
leaf_count=113 38 29 307
internal_value=0.000201625 -0.00363334 -0.00802081
internal_weight=57.5532 49.9745 44.6966
internal_count=487 449 420
is_linear=0
shrinkage=0.03


Tree=71
num_leaves=5
num_cat=0
split_feature=29 3 24 22
split_gain=7.15944 3.81541 4.41039 0.49913
threshold=0.58551750000000002 1.0000000180025095e-35 1.0000000180025095e-35 0.13851550000000004
decision_type=2 10 8 10
left_child=3 2 -2 -1
right_child=1 -3 -4 -5
leaf_value=-0.022868440620974699 -0.007947765372645306 0.020590728932835783 0.0098977214667152324 0
leaf_weight=7.2066948115825644 21.449879042804241 8.7848624065518361 21.856867179274559 0.69139235466718663
leaf_count=114 121 49 216 4
internal_value=0.000532597 0.00534316 0.00046871 -0.0211794
internal_weight=59.9897 52.0916 43.3067 7.89809
internal_count=504 386 337 118
is_linear=0
shrinkage=0.03


Tree=72
num_leaves=5
num_cat=0
split_feature=4 23 15 18
split_gain=8.06265 7.65218 3.79183 0.237683
threshold=1.0000000180025095e-35 0.0097775000000000015 0.20270300000000005 0.15452400000000002
decision_type=10 8 10 8
left_child=1 -1 -3 -2
right_child=3 2 -4 -5
leaf_value=-0.024231914531188309 0.023960577303899697 -0.0027107349270081714 0.018316750802386133 0
leaf_weight=10.669687896966932 7.9198492318391773 32.055081531405449 6.5870637744665137 1.672668561339379
leaf_count=106 44 318 28 10
internal_value=0 -0.00479172 0.00121461 0.0219286
internal_weight=58.9044 49.3118 38.6421 9.59252
internal_count=506 452 346 54
is_linear=0
shrinkage=0.03


Tree=73
num_leaves=6
num_cat=0
split_feature=29 28 28 4 22
split_gain=8.12582 4.34623 4.01307 3.23138 0.405433
threshold=0.59491450000000012 0.97931000000000012 0.98791800000000018 1.0000000180025095e-35 0.13851550000000004
decision_type=2 2 2 10 10
left_child=4 3 -3 -2 -1
right_child=1 2 -4 -5 -6
leaf_value=-0.023429408921201447 -0.010751961218398028 0.020553875396938724 0 0.013627506929756427 0
leaf_weight=7.5335627757012826 15.169050671160223 18.587246105074886 11.307411961257456 3.0767264962196341 0.78130587935447682
leaf_count=115 134 128 83 16 5
internal_value=0.000597647 0.00612266 0.01294 -0.00388512 -0.0218811
internal_weight=56.4553 48.1404 29.8947 18.2458 8.31487
internal_count=481 361 211 150 120
is_linear=0
shrinkage=0.03


Tree=74
num_leaves=6
num_cat=0
split_feature=29 28 21 23 28
split_gain=7.46405 5.51709 3.46075 0.614966 0.533934
threshold=0.59491450000000012 0.98048900000000005 0.11378600000000001 0.61503100000000011 0.95093850000000013
decision_type=2 2 10 10 2
left_child=4 2 -2 -3 -1
right_child=1 3 -4 -5 -6
leaf_value=0 -0.012434758924403174 0.015885816382711183 0.010156813138013655 0 -0.021788147960381359
leaf_weight=1.1729311123490314 13.761766564100983 26.825396064668897 5.6331462860107413 1.6196464002132405 7.442563135176897
leaf_count=12 131 188 27 9 114
internal_value=0.00150513 0.00683564 -0.00405196 0.0148916 -0.019632
internal_weight=56.4554 47.84 19.3949 28.445 8.61549
internal_count=481 355 158 197 126
is_linear=0
shrinkage=0.03


Tree=75
num_leaves=6
num_cat=0
split_feature=29 2 4 23 23
split_gain=6.8986 3.87682 4.51505 3.10909 1.00839
threshold=0.59491450000000012 0.32575750000000009 1.0000000180025095e-35 1.0000000180025095e-35 0.044553000000000002
decision_type=2 10 10 10 10
left_child=4 3 -3 -2 -1
right_child=1 2 -4 -5 -6
leaf_value=-0.022228261477450155 0 -0.017148906739325766 0.013687026683528131 0.018495028225443227 0
leaf_weight=8.1118408329784852 17.854518134146929 9.2483786642551404 2.9171969294548026 18.258663177490234 1.5406033545732487
leaf_count=131 195 63 16 87 8
internal_value=0.000302834 0.00564071 -0.00653173 0.0106948 -0.0190316
internal_weight=57.9312 48.2788 12.1656 36.1132 9.65244
internal_count=500 361 79 282 139
is_linear=0
shrinkage=0.03


Tree=76
num_leaves=4
num_cat=0
split_feature=24 3 21
split_gain=8.01531 7.35605 5.51828
threshold=1.0000000180025095e-35 1.5000000000000002 0.11378600000000001
decision_type=10 10 8
left_child=1 2 -1
right_child=-2 -3 -4
leaf_value=-0.020080708792252416 0.023818492021631235 0.019984403901332819 0
leaf_weight=19.875279910862446 7.6763043105602256 5.8129262775182715 26.627170097082853
leaf_count=157 40 34 291
internal_value=0 -0.00457323 -0.0092741
internal_weight=59.9917 52.3154 46.5025
internal_count=522 482 448
is_linear=0
shrinkage=0.03


Tree=77
num_leaves=5
num_cat=0
split_feature=3 28 26 17
split_gain=6.35773 4.74783 3.89595 2.59946
threshold=1.0000000180025095e-35 0.97677600000000009 1.0000000180025095e-35 0.11441050000000001
decision_type=10 2 10 8
left_child=1 2 -1 -3
right_child=-2 3 -4 -5
leaf_value=-0.018940815211923069 0.021917187621211663 -0.0069854689014915402 0.0097840009513930227 0.0096623299269143342
leaf_weight=16.598604716360573 8.6417565792798978 8.0388788878917712 1.9125012457370747 22.451810404658318
leaf_count=187 52 61 8 200
internal_value=0.00166245 -0.00239102 -0.0136278 0.0041448
internal_weight=57.6436 49.0018 18.5111 30.4907
internal_count=508 456 195 261
is_linear=0
shrinkage=0.03


Tree=78
num_leaves=6
num_cat=0
split_feature=29 20 23 23 23
split_gain=6.37645 3.88532 1.61519 1.36301 1.11989
threshold=0.67941450000000014 0.27370350000000004 0.0074560000000000008 0.0074560000000000008 0.37343750000000003
decision_type=2 10 10 8 10
left_child=2 3 -1 -2 -4
right_child=1 -3 4 -5 -6
leaf_value=-0.017042045314909719 0 -0.012304203548830111 0.0079352044387800014 0.013853558806563698 -0.010501658328211363
leaf_weight=14.804257724434139 4.9983918517828014 3.890195980668067 4.2122522518038741 26.709736920893192 2.0212455689907074
leaf_count=207 34 24 18 208 14
internal_value=0 0.00723701 -0.0124355 0.0113551 0
internal_weight=56.6361 35.5983 21.0378 31.7081 6.2335
internal_count=505 266 239 242 32
is_linear=0
shrinkage=0.03


Tree=79
num_leaves=4
num_cat=0
split_feature=26 3 15
split_gain=6.72058 6.78644 5.78135
threshold=1.0000000180025095e-35 1.5000000000000002 0.34860600000000003
decision_type=10 10 8
left_child=1 2 -1
right_child=-2 -3 -4
leaf_value=-0.018602689258876176 0.021784136210256693 0.019561858672772655 0.00094374750042657332
leaf_weight=22.663716033101082 7.8068316578865042 5.6944645196199408 22.716909807175398
leaf_count=171 42 35 265
internal_value=0 -0.00412508 -0.00874614
internal_weight=58.8819 51.0751 45.3806
internal_count=513 471 436
is_linear=0
shrinkage=0.03


Tree=80
num_leaves=6
num_cat=0
split_feature=29 4 18 18 29
split_gain=6.85368 4.00909 2.76135 1.12636 1.08244
threshold=0.59491450000000012 1.0000000180025095e-35 0.090107500000000021 0.3261150000000001 0.78033050000000015
decision_type=2 8 10 10 2
left_child=3 2 -2 -1 -3
right_child=1 4 -4 -5 -6
leaf_value=-0.0230292865040016 -0.013378869395270495 0.00292553674300595 0.0043987106062710621 0 0.01929234417831615
leaf_weight=7.7025122568011266 9.8465313687920588 13.205340038985016 14.525226041674612 1.5792097449302671 12.581759490072725
leaf_count=128 63 136 75 11 109
internal_value=0.000223264 0.00532807 -0.00236681 -0.0194837 0.0131315
internal_weight=59.4406 50.1589 24.3718 9.28172 25.7871
internal_count=522 383 138 139 245
is_linear=0
shrinkage=0.03


Tree=81
num_leaves=6
num_cat=0
split_feature=29 4 2 28 19
split_gain=6.23552 2.86755 2.89116 0.730891 0.461923
threshold=0.58551750000000002 1.0000000180025095e-35 0.32575750000000009 0.95093850000000013 0.19933000000000003
decision_type=2 10 10 2 8
left_child=3 2 -2 -1 -3
right_child=1 4 -4 -5 -6
leaf_value=0 0.0061742340856212824 0.021038845987425843 -0.010263288162504519 -0.021703602365317595 0
leaf_weight=0.99777334555983443 30.664406880736351 7.5340940356254551 9.9573654606938344 6.8143516145646572 1.3989179059863097
leaf_count=10 262 46 66 118 9
internal_value=0.00104248 0.0057081 0.00102854 -0.0191504 0.0188654
internal_weight=57.3669 49.5548 40.6218 7.81212 8.93301
internal_count=511 383 328 128 55
is_linear=0
shrinkage=0.03


Tree=82
num_leaves=6
num_cat=0
split_feature=29 28 22 28 28
split_gain=5.22085 3.3433 2.09956 1.39373 0.802541
threshold=0.58551750000000002 0.97677600000000009 0.057707000000000001 0.98791800000000018 0.95391400000000004
decision_type=2 2 10 2 2
left_child=4 2 -2 -3 -1
right_child=1 3 -4 -5 -6
leaf_value=0 -0.012686634838616146 0.015114825084855113 0.0047937612910115305 0 -0.020463432459432853
leaf_weight=0.85039130225777526 8.8919681124389189 22.328878723084927 7.3720574080944052 11.700996238738297 6.102483868598938
leaf_count=10 96 161 40 89 108
internal_value=0.00171242 0.00578903 -0.0036933 0.0110632 -0.0176182
internal_weight=57.2468 50.2939 16.264 34.0299 6.95288
internal_count=504 386 136 250 118
is_linear=0
shrinkage=0.03


Tree=83
num_leaves=6
num_cat=0
split_feature=23 2 4 28 28
split_gain=4.27102 4.591 3.68078 1.77713 1.089
threshold=0.0074560000000000008 0.32575750000000009 1.0000000180025095e-35 0.98241700000000021 0.98802650000000003
decision_type=8 8 10 2 2
left_child=2 4 -1 -3 -2
right_child=1 3 -4 -5 -6
leaf_value=-0.019651205914061665 0.019944232684818368 -0.0081324757207529765 0.0081602153532051875 0.0055389443625883886 0
leaf_weight=9.7341405600309354 15.023355878889562 13.47775921970606 2.6237162500619879 13.747221652418373 2.2370006367564192
leaf_count=105 72 163 16 138 12
internal_value=0.00181333 0.00658869 -0.0113525 -0.000371979 0.0174779
internal_weight=56.8432 44.4853 12.3579 27.225 17.2604
internal_count=506 385 121 301 84
is_linear=0
shrinkage=0.03


Tree=84
num_leaves=5
num_cat=0
split_feature=4 22 5 16
split_gain=5.60997 5.01615 2.61325 1.17557
threshold=1.0000000180025095e-35 0.040069000000000007 1.5000000000000002 0.22396250000000004
decision_type=10 8 10 8
left_child=1 3 -3 -1
right_child=-2 2 -4 -5
leaf_value=-0.022619799431382839 0.020025271235457599 -0.0012346608899986569 0.016585399363164031 0
leaf_weight=8.5218623988330329 8.459553085267542 29.103859029710293 5.9701561480760565 2.9386460483074197
leaf_count=86 53 312 25 21
internal_value=0.000761098 -0.00313602 0.00207848 -0.0182897
internal_weight=54.9941 46.5345 35.074 11.4605
internal_count=497 444 337 107
is_linear=0
shrinkage=0.03


Tree=85
num_leaves=5
num_cat=0
split_feature=3 23 18 28
split_gain=5.15124 4.08752 3.65337 0.383788
threshold=1.0000000180025095e-35 0.0074560000000000008 0.29966750000000003 0.99277000000000015
decision_type=10 8 10 2
left_child=1 3 -3 -1
right_child=-2 2 -4 -5
leaf_value=-0.019968799790361792 0.020260292869338666 -0.0025451214075660603 0.01804291660258843 0
leaf_weight=7.720938526093958 7.6420413777232161 31.635019708424807 6.6428745463490477 0.86863099038600911
leaf_count=89 50 314 32 6
internal_value=0.00100922 -0.00255821 0.00135267 -0.0184137
internal_weight=54.5095 46.8675 38.2779 8.58957
internal_count=491 441 346 95
is_linear=0
shrinkage=0.03


Tree=86
num_leaves=6
num_cat=0
split_feature=29 20 24 22 22
split_gain=5.53752 3.55557 1.10515 1.07969 0.358455
threshold=0.63011150000000016 0.27370350000000004 1.0000000180025095e-35 0.035276000000000009 0.027005000000000005
decision_type=2 10 10 8 10
left_child=2 3 -1 -2 -3
right_child=1 4 -4 -5 -6
leaf_value=-0.017176314632853146 0 0 0 0.013146881947398555 -0.014615435542946368
leaf_weight=10.016569271683689 10.043415233492849 1.5002229213714589 1.0471559613943107 29.115728765726089 2.8301848545670509
leaf_count=155 63 11 4 235 17
internal_value=0.00168687 0.00703671 -0.0142245 0.0104219 -0.0112198
internal_weight=54.5533 43.4896 11.0637 39.1591 4.33041
internal_count=485 326 159 298 28
is_linear=0
shrinkage=0.03


Tree=87
num_leaves=5
num_cat=0
split_feature=24 4 5 18
split_gain=5.92068 5.41808 4.9919 2.52585
threshold=1.0000000180025095e-35 1.0000000180025095e-35 1.5000000000000002 0.090107500000000021
decision_type=10 8 10 8
left_child=1 2 -1 -3
right_child=-2 3 -4 -5
leaf_value=-0.023284383098120677 0.021697170108117083 0.017685025485691001 0.0029220633976384113 -0.00052099644951077466
leaf_weight=15.299590531736614 6.1118510961532584 5.5482460260391262 6.3769317567348471 20.601223632693291
leaf_count=136 34 34 28 266
internal_value=-3.71196e-05 -0.0045216 -0.0149411 0.00373522
internal_weight=53.9378 47.826 21.6765 26.1495
internal_count=498 464 164 300
is_linear=0
shrinkage=0.03


Tree=88
num_leaves=5
num_cat=0
split_feature=24 4 5 16
split_gain=4.66294 4.3487 4.69097 0.277298
threshold=1.0000000180025095e-35 1.0000000180025095e-35 1.5000000000000002 0.12063700000000001
decision_type=10 10 8 10
left_child=1 2 -1 -3
right_child=-2 3 -4 -5
leaf_value=-0.018230773289053117 0.019821826500033769 0.017823068259384772 0.00011391106303036799 0
leaf_weight=16.624298736453056 6.4430082812905303 4.3945961967110625 26.126719310879707 1.4237331002950666
leaf_count=148 36 27 280 10
internal_value=0 -0.00307129 -0.00709161 0.0154296
internal_weight=55.0124 48.5693 42.751 5.81833
internal_count=501 465 428 37
is_linear=0
shrinkage=0.03


Tree=89
num_leaves=5
num_cat=0
split_feature=4 23 7 18
split_gain=4.89063 4.89819 2.65269 0.468275
threshold=1.0000000180025095e-35 0.0063255000000000013 1.0000000180025095e-35 0.15452400000000002
decision_type=10 8 8 8
left_child=1 -1 -3 -2
right_child=3 2 -4 -5
leaf_value=-0.019600226580789248 0.022058933743755938 0.010775163582660353 -0.003638070984412775 0
leaf_weight=8.3768831677734834 6.8470145314931843 16.800144761800766 20.915068604052067 1.4396917074918754
leaf_count=104 44 82 261 10
internal_value=0.00166342 -0.00196863 0.00236632 0.0196771
internal_weight=54.3788 46.0921 37.7152 8.28671
internal_count=501 447 343 54
is_linear=0
shrinkage=0.03


Tree=90
num_leaves=4
num_cat=0
split_feature=4 23 24
split_gain=5.40854 4.88252 2.44225
threshold=1.0000000180025095e-35 0.0063255000000000013 1.0000000180025095e-35
decision_type=10 8 10
left_child=1 -1 -3
right_child=-2 2 -4
leaf_value=-0.020671472550300676 0.019604201499075304 -0.0021957398313257799 0.016113051396866515
leaf_weight=9.2783409766852838 7.433897152543067 33.835098713636398 4.8023311197757712
leaf_count=115 51 329 25
internal_value=0 -0.00410427 0.000356388
internal_weight=55.3497 47.9158 38.6374
internal_count=520 469 354
is_linear=0
shrinkage=0.03


Tree=91
num_leaves=6
num_cat=0
split_feature=28 29 24 22 3
split_gain=5.47491 3.13156 2.83603 2.26893 1.70249
threshold=0.97844950000000008 0.58551750000000002 1.0000000180025095e-35 0.040069000000000007 1.0000000180025095e-35
decision_type=2 2 10 8 10
left_child=2 -2 4 -3 -1
right_child=1 3 -4 -5 -6
leaf_value=-0.017913888747839321 -0.011977392566577691 0 0.008193186659035942 0.015660083554196437 0.0018467177159348478
leaf_weight=18.74831501394511 2.7984350919723537 8.1585587114095706 1.8871291652321804 20.33296836540103 0.97550387680530448
leaf_count=216 53 50 10 165 6
internal_value=-0.000200983 0.00702768 -0.011467 0.0108102 -0.0155016
internal_weight=52.9009 31.29 21.6109 28.4915 19.7238
internal_count=500 268 232 215 222
is_linear=0
shrinkage=0.03


Tree=92
num_leaves=6
num_cat=0
split_feature=29 28 20 21 5
split_gain=5.69181 3.97367 2.39516 2.3318 1.37457
threshold=0.63011150000000016 0.97677600000000009 0.24349000000000001 0.29816800000000004 1.5000000000000002
decision_type=2 2 10 8 10
left_child=4 3 -3 -2 -1
right_child=1 2 -4 -5 -6
leaf_value=-0.019434336816561096 -0.016562835806373723 0.015291921303729528 -0.0033804508071170703 0.0030376414082742718 0
leaf_weight=9.6030675694346392 6.081727318465707 25.997254598885778 3.5667438581585875 7.2606511116027841 0.68481400609016496
leaf_count=161 45 199 21 68 3
internal_value=0.000455763 0.00592454 0.012014 -0.00546132 -0.0162827
internal_weight=53.1943 42.9064 29.564 13.3424 10.2879
internal_count=497 333 220 113 164
is_linear=0
shrinkage=0.03


Tree=93
num_leaves=4
num_cat=0
split_feature=24 3 21
split_gain=6.25492 5.42281 5.26429
threshold=1.0000000180025095e-35 1.5000000000000002 0.11378600000000001
decision_type=10 10 8
left_child=1 2 -1
right_child=-2 -3 -4
leaf_value=-0.020247457396383419 0.02154557458193437 0.017176169382020094 0
leaf_weight=18.248095415532589 6.2010236456990233 4.7643621563911429 25.164163451641798
leaf_count=162 36 34 280
internal_value=-0.000658967 -0.00519869 -0.00925215
internal_weight=54.3776 48.1766 43.4123
internal_count=512 476 442
is_linear=0
shrinkage=0.03


Tree=94
num_leaves=5
num_cat=0
split_feature=4 24 5 15
split_gain=3.61239 2.76674 3.08823 0.586063
threshold=1.0000000180025095e-35 1.0000000180025095e-35 1.5000000000000002 0.20270300000000005
decision_type=10 10 8 10
left_child=1 2 -1 -2
right_child=3 -3 -4 -5
leaf_value=-0.015266849556757823 0.018996221574494043 0.013622503396076756 0 0
leaf_weight=15.710494253784416 6.3615802824497214 4.0550204068422309 25.986793547868729 1.2500039041042326
leaf_count=144 42 22 292 10
internal_value=7.37109e-05 -0.002867 -0.00594846 0.0163903
internal_weight=53.3639 45.7523 41.6973 7.61158
internal_count=510 458 436 52
is_linear=0
shrinkage=0.03


Tree=95
num_leaves=5
num_cat=0
split_feature=26 28 28 4
split_gain=5.19358 4.64118 2.91149 2.15794
threshold=1.0000000180025095e-35 0.98241700000000021 0.98798800000000009 1.0000000180025095e-35
decision_type=10 2 2 10
left_child=1 3 -3 -1
right_child=-2 2 -4 -5
leaf_value=-0.014387918986618472 0.02189679072660955 0.015307937523084904 -0.0020944604779275797 0.0061354471748401159
leaf_weight=21.847404927015308 6.5558002144098273 12.139901582151653 13.128571104258297 1.6392038241028775
leaf_count=243 39 96 126 10
internal_value=0.00134079 -0.00195264 0.00594231 -0.0112902
internal_weight=55.3109 48.7551 25.2685 23.4866
internal_count=514 475 222 253
is_linear=0
shrinkage=0.03


Tree=96
num_leaves=6
num_cat=0
split_feature=23 22 28 22 3
split_gain=5.1866 2.88977 2.47408 2.01189 1.82324
threshold=0.0014810000000000001 0.040069000000000007 0.98241700000000021 0.36700350000000009 1.5000000000000002
decision_type=8 10 2 10 8
left_child=4 2 -2 -3 -1
right_child=1 3 -4 -5 -6
leaf_value=-0.021395085453094299 -0.0094443013827876128 0.017981321531305709 0.0066919980229530138 -0.0011554090415894515 0.00086511664941920675
leaf_weight=7.899511102586982 12.898643914610149 14.722200855612757 15.056002076715229 2.5638536289334288 1.0040781944990165
leaf_count=100 159 76 148 15 8
internal_value=0.000405766 0.00524286 0 0.013913 -0.0167791
internal_weight=54.1443 45.2407 27.9546 17.2861 8.90359
internal_count=506 398 307 91 108
is_linear=0
shrinkage=0.03


Tree=97
num_leaves=7
num_cat=0
split_feature=29 5 20 2 9 18
split_gain=5.63458 2.75284 2.71981 1.79726 1.00582 0.792042
threshold=0.67305450000000011 1.5000000000000002 0.27370350000000004 0.32575750000000009 8.4592630000000018 0.2594260000000001
decision_type=2 10 10 10 10 10
left_child=1 4 3 -2 -1 -4
right_child=2 -3 5 -5 -6 -7
leaf_value=-0.020418574501967508 0.013488545054669183 0.0052635675268653996 -0.015861212417980775 -0.00010681369608540504 0 0
leaf_weight=13.067344848066565 24.856474090367559 2.0689152479171744 2.2650427073240271 6.5794835761189452 0.76466853544116098 1.7549292072653768
leaf_count=200 207 9 15 48 4 10
internal_value=0 -0.0135229 0.00647986 0.0100105 -0.0185525 -0.00933497
internal_weight=51.3569 15.9009 35.4559 31.436 13.832 4.01997
internal_count=493 213 280 255 204 25
is_linear=0
shrinkage=0.03


Tree=98
num_leaves=5
num_cat=0
split_feature=23 4 23 29
split_gain=4.56948 3.22208 3.04438 2.14205
threshold=0.0063255000000000013 1.0000000180025095e-35 0.066795500000000022 0.82579750000000007
decision_type=8 8 8 2
left_child=1 -1 -2 -4
right_child=2 -3 3 -5
leaf_value=-0.022481035906990656 0.0205509423690514 0.0051586650057206217 -0.0027072446291408615 0.011719315094894777
leaf_weight=7.8370734676718685 6.8317604586482039 2.0983962193131456 28.745309837162495 9.5085262879729253
leaf_count=106 33 14 292 78
internal_value=0.000782014 -0.0144817 0.00546319 0.000742938
internal_weight=55.0211 9.93547 45.0856 38.2538
internal_count=523 120 403 370
is_linear=0
shrinkage=0.03


Tree=99
num_leaves=5
num_cat=0
split_feature=29 4 16 15
split_gain=4.07128 2.90469 2.37313 0.511347
threshold=0.58551750000000002 1.0000000180025095e-35 0.14517700000000003 0.23709800000000003
decision_type=2 8 10 8
left_child=-1 2 -2 -3
right_child=1 3 -4 -5
leaf_value=-0.018271279784969653 -0.01165403259310102 0.018536692202592825 0.004666852653863211 0.00412213610392154
leaf_weight=6.0100468248128882 11.843726992607118 6.2627543434500721 11.846010025590656 17.266424186527729
leaf_count=123 79 44 66 199
internal_value=0 0.00361491 -0.00276155 0.010752
internal_weight=53.229 47.2189 23.6897 23.5292
internal_count=511 388 145 243
is_linear=0
shrinkage=0.03


Tree=100
num_leaves=5
num_cat=0
split_feature=26 28 29 2
split_gain=4.3018 5.19899 2.07962 1.57462
threshold=1.0000000180025095e-35 0.98241700000000021 0.78033050000000015 0.088346000000000022
decision_type=10 2 2 8
left_child=1 3 -3 -1
right_child=-2 2 -4 -5
leaf_value=0 0.01881042637637351 -0.001631299571107691 0.01335106216106258 -0.017663272411493812
leaf_weight=6.9622763693332699 6.1358245313167563 11.62190503254533 11.431867361068724 16.21711490303278
leaf_count=58 37 124 89 202
internal_value=0 -0.00360286 0.00532852 -0.0132245
internal_weight=52.369 46.2332 23.0538 23.1794
internal_count=510 473 213 260
is_linear=0
shrinkage=0.03


Tree=101
num_leaves=4
num_cat=0
split_feature=26 3 22
split_gain=4.65919 3.18285 3.14687
threshold=1.0000000180025095e-35 1.5000000000000002 0.040069000000000007
decision_type=10 10 8
left_child=1 2 -1
right_child=-2 -3 -4
leaf_value=-0.018000429528377788 0.020675709355847876 0.015064217184019242 0
leaf_weight=10.838222559541462 5.9396824389696112 4.0129942148923865 30.693318922072649
leaf_count=114 38 31 316
internal_value=0.000353875 -0.00279236 -0.00609004
internal_weight=51.4842 45.5445 41.5315
internal_count=499 461 430
is_linear=0
shrinkage=0.03


Tree=102
num_leaves=7
num_cat=0
split_feature=23 17 29 28 3 2
split_gain=5.36318 2.71192 2.63196 1.32356 1.29087 0.982334
threshold=0.0063255000000000013 0.44578250000000003 0.78477400000000008 0.99371350000000003 1.0000000180025095e-35 0.32575750000000009
decision_type=10 10 2 2 8 10
left_child=2 5 3 -1 -4 -2
right_child=1 -3 4 -5 -6 -7
leaf_value=-0.014998052154762156 0.019531510974019072 -0.0065859630410614401 -0.0071062392152098615 0.0019000820037346246 0.010163939784858496 0.00023208092888966819
leaf_weight=18.078977040946491 14.4557440802455 2.4004459753632537 1.6338150426745386 0.76179036498069663 7.526158995926381 6.657076269388198
leaf_count=268 75 15 13 5 78 41
internal_value=0.00133312 0.0116022 -0.00661073 -0.0127741 0.00362322 0.0154763
internal_weight=51.514 23.5133 28.0007 18.8408 9.15997 21.1128
internal_count=495 131 364 273 91 116
is_linear=0
shrinkage=0.03


Tree=103
num_leaves=5
num_cat=0
split_feature=4 26 15 15
split_gain=4.39339 3.57638 4.09151 0.780967
threshold=1.0000000180025095e-35 1.0000000180025095e-35 0.34860600000000003 0.18576850000000003
decision_type=10 10 8 10
left_child=1 2 -1 -2
right_child=3 -3 -4 -5
leaf_value=-0.017258450311245253 0.020433536709361488 0.0143295295289422 0 0
leaf_weight=18.268195062875748 5.9977280795574179 4.1414836645126334 22.079794365912676 1.1403885856270788
leaf_count=164 43 23 268 10
internal_value=-1.45189e-05 -0.00435362 -0.0078224 0.0173561
internal_weight=51.6276 44.4895 40.348 7.13812
internal_count=508 455 432 53
is_linear=0
shrinkage=0.03


Tree=104
num_leaves=4
num_cat=0
split_feature=24 29 19
split_gain=4.26718 3.14219 3.42327
threshold=1.0000000180025095e-35 0.58551750000000002 0.21970850000000003
decision_type=10 2 10
left_child=1 -1 -3
right_child=-2 2 -4
leaf_value=-0.017746894104394003 0.020882506977308837 0.0062739149458971464 -0.013694484286759852
leaf_weight=5.7894735075533381 6.144651621580123 33.677984327077866 6.3688655383884898
leaf_count=124 40 293 44
internal_value=0.00194231 -0.00110928 0.00166825
internal_weight=51.981 45.8363 40.0468
internal_count=501 461 337
is_linear=0
shrinkage=0.03


Tree=105
num_leaves=6
num_cat=0
split_feature=29 28 28 4 2
split_gain=4.61237 2.32686 1.45643 1.22964 0.619696
threshold=0.63011150000000016 0.97482450000000009 0.98791800000000018 1.0000000180025095e-35 0.11805550000000002
decision_type=2 2 2 10 8
left_child=3 4 -3 -1 -2
right_child=1 2 -4 -5 -6
leaf_value=-0.018834902454450079 0.00035615338837572573 0.013628728070771787 0 0 -0.0087641377569935702
leaf_weight=8.4275934360921347 3.9608680307865116 20.573442310094837 9.7664796486496908 0.55454717576503831 7.2953271605074415
leaf_count=153 23 161 79 2 79
internal_value=0.000263902 0.00520364 0.00959249 -0.0156836 -0.00405091
internal_weight=50.5783 41.5961 30.3399 8.98214 11.2562
internal_count=497 342 240 155 102
is_linear=0
shrinkage=0.03


Tree=106
num_leaves=4
num_cat=0
split_feature=26 3 21
split_gain=3.40897 3.02358 3.3037
threshold=1.0000000180025095e-35 1.5000000000000002 0.0011505000000000003
decision_type=10 10 8
left_child=1 2 -1
right_child=-2 -3 -4
leaf_value=-0.020471405158048999 0.017443662735532248 0.014683748000648946 -0.00054428717554365271
leaf_weight=8.1094524450600129 5.6307965815067282 3.8159631341695777 34.466691259294748
leaf_count=107 37 29 341
internal_value=0 -0.00299106 -0.00609571
internal_weight=52.0229 46.3921 42.5761
internal_count=514 477 448
is_linear=0
shrinkage=0.03


Tree=107
num_leaves=6
num_cat=0
split_feature=23 22 20 29 3
split_gain=3.70501 3.46521 2.32385 1.80831 1.7705
threshold=0.0063255000000000013 0.025934500000000003 0.27370350000000004 0.78477400000000008 1.5000000000000002
decision_type=8 10 10 2 8
left_child=4 3 -3 -2 -1
right_child=1 2 -4 -5 -6
leaf_value=-0.018523389023174758 -0.0073663281653716817 0.019398367606387908 -0.00041923499915323865 0.0078243184012363794 0.0023911436882589425
leaf_weight=7.6404989138245556 16.169216968119148 14.213415190577509 3.4662781134247771 7.203094143420457 1.207085736095906
leaf_count=106 213 75 21 72 10
internal_value=0.000997899 0.00544417 0.0145651 -0.00118968 -0.0132549
internal_weight=49.8996 41.052 17.6797 23.3723 8.84758
internal_count=497 381 96 285 116
is_linear=0
shrinkage=0.03


Tree=108
num_leaves=6
num_cat=0
split_feature=29 21 15 22 22
split_gain=3.37845 2.18422 4.67378 2.06065 0.401311
threshold=0.58551750000000002 0.11378600000000001 0.051011500000000008 0.36700350000000009 0.13851550000000004
decision_type=2 8 10 8 10
left_child=4 2 -2 -3 -1
right_child=1 3 -4 -5 -6
leaf_value=-0.017594704661197627 0.0093673297521923143 0.020360107882661273 -0.016588214734983509 0.0015462794822668189 0
leaf_weight=4.9060930311679831 9.6899771839380282 8.3437774851918238 8.5529579371213895 18.516431353986263 0.49021555483341206
leaf_count=112 63 46 66 206 4
internal_value=0.00110478 0.00460384 -0.00201346 0.00985361 -0.0157633
internal_weight=50.4995 45.1031 18.2429 26.8602 5.39631
internal_count=497 381 129 252 116
is_linear=0
shrinkage=0.03


Tree=109
num_leaves=5
num_cat=0
split_feature=24 28 21 3
split_gain=3.76475 3.48569 1.74666 1.29631
threshold=1.0000000180025095e-35 0.97734600000000016 0.0011505000000000003 1.0000000180025095e-35
decision_type=10 2 8 10
left_child=1 3 -3 -1
right_child=-2 2 -4 -5
leaf_value=-0.015945112543707552 0.019034870252936702 -0.0078124071728593626 0.0068954456426501042 0.00087520195630090515
leaf_weight=14.922541696578261 5.1223890557885161 5.8919816166162517 22.631431739777327 0.85362755507230836
leaf_count=185 34 66 209 5
internal_value=0 -0.00306835 0.00245127 -0.0134428
internal_weight=49.422 44.2996 28.5234 15.7762
internal_count=499 465 275 190
is_linear=0
shrinkage=0.03


Tree=110
num_leaves=7
num_cat=0
split_feature=28 21 29 19 22 3
split_gain=4.68965 3.94345 1.98577 1.55859 1.07859 0.63501
threshold=0.98241700000000021 0.11378600000000001 0.61471700000000007 0.24449600000000002 0.36700350000000009 1.0000000180025095e-35
decision_type=2 10 2 10 10 8
left_child=1 5 -2 -4 -3 -1
right_child=2 4 3 -5 -6 -7
leaf_value=-0.021086188957884378 -0.0043697195899885712 0.013460162196360885 0.015997378582682166 0 -0.0015007177497046778 -0.0033449642813395686
leaf_weight=8.413883272558456 3.0186682231724289 5.0616006702184668 19.330692622810606 2.6288159638643256 2.0001590996980667 9.6935683935880643
leaf_count=93 53 28 156 16 12 137
internal_value=0.000557637 -0.0075305 0.00971347 0.0131439 0.00705708 -0.0148353
internal_weight=50.1474 25.1692 24.9782 21.9595 7.06176 18.1075
internal_count=495 270 225 172 40 230
is_linear=0
shrinkage=0.03


Tree=111
num_leaves=5
num_cat=0
split_feature=24 3 15 15
split_gain=3.14599 2.37845 2.49667 1.60738
threshold=1.0000000180025095e-35 1.0000000180025095e-35 0.34860600000000003 0.28445600000000004
decision_type=10 8 10 8
left_child=1 2 -1 -3
right_child=-2 3 -4 -5
leaf_value=-0.011954051334386684 0.018467170866252061 0.017231592367169864 0.0082187799664721201 0
leaf_weight=18.979664906859401 6.326199769973754 4.6614187359809902 3.1991172842681399 18.875534240156412
leaf_count=163 44 35 15 250
internal_value=0.00251963 -7.27293e-05 -0.00722024 0.00558669
internal_weight=52.0419 45.7157 22.1788 23.537
internal_count=507 463 178 285
is_linear=0
shrinkage=0.03


Tree=112
num_leaves=5
num_cat=0
split_feature=24 28 21 28
split_gain=2.34415 2.31567 3.85724 2.41201
threshold=1.0000000180025095e-35 0.98241700000000021 0.11378600000000001 0.98880250000000014
decision_type=10 2 8 2
left_child=1 2 -1 -3
right_child=-2 3 -4 -5
leaf_value=-0.021258089068068624 0.016184854844471526 0.012856102803213709 0.00048056501566176135 -0.0036548024252240851
leaf_weight=8.0383811593055743 5.1740532591938964 12.710494823753836 14.30897172167897 10.042459573596714
leaf_count=90 36 100 169 110
internal_value=0.00113126 -0.000873772 -0.00774585 0.00482695
internal_weight=50.2744 45.1003 22.3474 22.753
internal_count=505 469 259 210
is_linear=0
shrinkage=0.03


Tree=113
num_leaves=5
num_cat=0
split_feature=26 28 3 28
split_gain=3.21803 2.62795 1.32992 1.31441
threshold=1.0000000180025095e-35 0.97677600000000009 1.0000000180025095e-35 0.98791800000000018
decision_type=10 2 10 2
left_child=1 2 -1 -3
right_child=-2 3 -4 -5
leaf_value=-0.014958633050073663 0.017041450901444682 0.007148546481303566 0.0018116913721320041 -0.0040125803267120237
leaf_weight=14.215346738696095 5.6195452585816374 17.169566493481401 0.97591239213943559 12.042902484536169
leaf_count=178 40 158 6 124
internal_value=0 -0.00287937 -0.012111 0.00167085
internal_weight=50.0233 44.4037 15.1913 29.2125
internal_count=506 466 184 282
is_linear=0
shrinkage=0.03


Tree=114
num_leaves=6
num_cat=0
split_feature=21 28 24 20 19
split_gain=2.52185 2.397 2.48321 1.14026 1.05818
threshold=0.11378600000000001 0.98031600000000008 1.0000000180025095e-35 0.27370350000000004 0.24449600000000002
decision_type=10 2 8 8 8
left_child=1 2 -1 -2 -3
right_child=3 4 -4 -5 -6
leaf_value=-0.021004697649342215 0.016674444142851953 0.00954191874883978 0 0 -0.00081270134093115308
leaf_weight=6.7526030428707573 8.4883818104863131 10.144842758774759 8.7461650483310223 2.0710705816745767 13.310831710696219
leaf_count=85 50 81 121 13 152
internal_value=0.0011052 -0.00198824 -0.010573 0.0126446 0.00310599
internal_weight=49.5139 38.9544 15.4988 10.5595 23.4557
internal_count=502 439 206 63 233
is_linear=0
shrinkage=0.03


Tree=115
num_leaves=5
num_cat=0
split_feature=26 29 4 3
split_gain=4.21674 4.2667 1.53146 1.48825
threshold=1.0000000180025095e-35 0.7978090000000001 1.0000000180025095e-35 1.5000000000000002
decision_type=10 2 8 10
left_child=1 3 -3 -1
right_child=-2 2 -4 -5
leaf_value=-0.012701992314945008 0.019347487327788054 -0.0014893528648799107 0.013613282329825845 0.0038067113614499749
leaf_weight=26.359490618109707 5.5194658935070029 4.7212542146444294 9.6600518822669983 1.3881951496005047
leaf_count=329 40 25 98 11
internal_value=0 -0.00366448 0.00752793 -0.0106096
internal_weight=47.6485 42.129 14.3813 27.7477
internal_count=503 463 123 340
is_linear=0
shrinkage=0.03


Tree=116
num_leaves=6
num_cat=0
split_feature=21 29 28 9 16
split_gain=2.98324 1.98602 1.82271 1.66933 0.53477
threshold=1.0000000180025095e-35 0.58551750000000002 0.95943100000000014 8.2542165000000018 0.44553150000000002
decision_type=8 2 2 10 10
left_child=3 -2 -3 4 -1
right_child=1 2 -4 -5 -6
leaf_value=-0.019212181584587717 -0.010250380062365854 -0.0083155492528370536 0.0093887642726777944 0.0024611919933070678 0
leaf_weight=7.0832710787653888 2.9047703780233851 1.8992694243788708 35.521474350243807 1.5032248906791217 1.2428037747740743
leaf_count=97 68 23 298 12 11
internal_value=0.000374517 0.00462551 0.00719752 -0.0117306 -0.0169148
internal_weight=50.1548 40.3255 37.4207 9.8293 8.32607
internal_count=509 389 321 120 108
is_linear=0
shrinkage=0.03


Tree=117
num_leaves=5
num_cat=0
split_feature=26 28 29 3
split_gain=3.44479 3.63176 1.88074 1.81308
threshold=1.0000000180025095e-35 0.97677600000000009 0.78477400000000008 1.0000000180025095e-35
decision_type=10 2 2 10
left_child=1 3 -3 -1
right_child=-2 2 -4 -5
leaf_value=-0.018197315483032026 0.016870250643145606 -0.0035993350139928381 0.0097595712035872233 0.0024538403882161035
leaf_weight=13.438300658017395 5.6007383763790122 17.125051151961092 12.925619982182978 1.068470075726508
leaf_count=179 41 177 104 7
internal_value=-1.99882e-05 -0.00370413 0.00160331 -0.0148028
internal_weight=50.1582 44.5574 30.0507 14.5068
internal_count=508 467 281 186
is_linear=0
shrinkage=0.03


Tree=118
num_leaves=7
num_cat=0
split_feature=23 9 21 2 29 23
split_gain=4.23213 2.27853 2.13722 2.13366 0.731388 0.521873
threshold=0.0074560000000000008 8.2542165000000018 1.0000000180025095e-35 1.0000000180025095e-35 0.78033050000000015 0.19331250000000003
decision_type=10 8 10 10 2 10
left_child=1 -1 5 -4 -3 -2
right_child=2 4 3 -5 -6 -7
leaf_value=-0.015557413167175557 0.0027558806142288844 -0.0020902142065595325 0 0.024421122213899953 0.0074809431072055061 -0.0091325837246691993
leaf_weight=7.0043018460273769 2.2919268980622318 12.841840047389271 7.4898397028446224 10.225277751684187 7.7525229267776004 2.1599378883838654
leaf_count=106 13 185 45 55 83 18
internal_value=0.0034251 -0.00353986 0.012677 0.0169723 0.000734335 -0.000340807
internal_weight=49.7656 27.5987 22.167 17.7151 20.5944 4.45186
internal_count=505 374 131 100 268 31
is_linear=0
shrinkage=0.03


Tree=119
num_leaves=5
num_cat=0
split_feature=24 3 17 29
split_gain=2.30052 3.72346 2.72381 2.1295
threshold=1.0000000180025095e-35 1.5000000000000002 0.12411850000000001 0.78477400000000008
decision_type=10 8 10 2
left_child=1 2 -1 -3
right_child=-2 3 -4 -5
leaf_value=-0.022651420175235585 0.014218301457724307 -0.0019074888591759742 0 0.013959885407990216
leaf_weight=8.5651163347065467 4.6358631923794738 13.481810148805382 11.943469092249869 8.5864086523652059
leaf_count=94 37 198 79 88
internal_value=-0.000343558 -0.00341884 -0.0121711 0.00400132
internal_weight=47.2127 42.5768 20.5086 22.0682
internal_count=496 459 173 286
is_linear=0
shrinkage=0.03


Tree=120
num_leaves=5
num_cat=0
split_feature=3 24 15 29
split_gain=3.21902 2.57738 2.20407 0.960671
threshold=1.0000000180025095e-35 1.0000000180025095e-35 0.34860600000000003 0.59491450000000012
decision_type=10 8 10 2
left_child=1 2 -1 -3
right_child=-2 3 -4 -5
leaf_value=-0.013860685100463595 0.017026378893328642 -0.0051135807692566206 0.0051202999373782905 0.0067462697345641734
leaf_weight=18.229523498564962 6.0998289287090293 3.0880936458706882 2.9938594214618197 19.75509949028492
leaf_count=167 52 70 16 217
internal_value=0.000258656 -0.0023623 -0.00964215 0.00357464
internal_weight=50.1664 44.0666 21.2234 22.8432
internal_count=522 470 183 287
is_linear=0
shrinkage=0.03


Tree=121
num_leaves=5
num_cat=0
split_feature=3 22 18 16
split_gain=2.53547 2.26413 2.57595 1.07812
threshold=1.5000000000000002 0.040069000000000007 0.29966750000000003 0.16747800000000004
decision_type=10 8 10 8
left_child=1 3 -3 -1
right_child=-2 2 -4 -5
leaf_value=-0.016418497444209919 0.016769083684931022 -0.0012356630711798991 0.017126094025638375 0
leaf_weight=7.9704074040055248 4.8667872771620742 28.208773445338011 5.2326441407203665 3.4389786608517179
leaf_count=98 44 320 29 27
internal_value=0.00066661 -0.00139552 0.00198756 -0.0117428
internal_weight=49.7176 44.8508 33.4414 11.4094
internal_count=518 474 349 125
is_linear=0
shrinkage=0.03


Tree=122
num_leaves=6
num_cat=0
split_feature=4 18 16 17 19
split_gain=2.26456 2.8592 2.56381 1.64437 0.416409
threshold=1.0000000180025095e-35 0.3261150000000001 0.22921200000000003 0.39617200000000008 0.19383400000000003
decision_type=10 10 8 10 10
left_child=1 2 -1 -3 -2
right_child=4 3 -4 -5 -6
leaf_value=-0.014911363099590163 0.016587183580307186 0.019656596522164959 0 -0.00093243197441375211 0
leaf_weight=12.772350557148455 5.4009236469864836 4.6858573555946341 25.400997944176197 1.465615678578615 1.2676941156387327
leaf_count=125 46 27 304 13 10
internal_value=0.000583683 -0.0015916 -0.00539757 0.0127754 0.0141527
internal_weight=50.9934 44.3248 38.1733 6.15147 6.66862
internal_count=525 469 429 40 56
is_linear=0
shrinkage=0.03


Tree=123
num_leaves=7
num_cat=0
split_feature=29 21 28 23 5 28
split_gain=2.75375 3.00107 1.71903 1.32501 0.797607 0.490049
threshold=0.59491450000000012 0.094693500000000014 0.98296950000000016 1.0000000180025095e-35 1.5000000000000002 0.95093850000000013
decision_type=2 8 2 8 10 2
left_child=4 2 -2 -3 5 -1
right_child=1 3 -4 -5 -6 -7
leaf_value=0 -0.014222268532026756 -0.0024077005702509693 0.0018331315827137189 0.012841571720893497 0 -0.018351472301429025
leaf_weight=0.91565166041254897 5.9685676619410506 1.4716067835688615 9.2899611517786962 24.4464261084795 0.45369035005569447 5.1047527343034744
leaf_count=13 52 12 61 232 2 123
internal_value=0.00107957 0.00467815 -0.004109 0.0107784 -0.0128755 -0.0159279
internal_weight=47.6507 41.1766 15.2585 25.918 6.47409 6.0204
internal_count=495 357 113 244 138 136
is_linear=0
shrinkage=0.03


Tree=124
num_leaves=7
num_cat=0
split_feature=22 29 19 9 28 17
split_gain=2.5562 2.19053 1.51115 1.14427 1.12288 0.571378
threshold=0.040069000000000007 0.78477400000000008 0.054580500000000011 1.0000000180025095e-35 0.99371350000000003 0.20062100000000002
decision_type=10 2 10 10 2 10
left_child=1 4 -2 -4 -1 -3
right_child=2 5 3 -5 -6 -7
leaf_value=-0.011930352410112477 -0.00092727478376290707 0.0082711412266901086 0.017566837160632644 0 0.0025634332163212556 -0.0014701345746696733
leaf_weight=21.92353076860309 4.3109016828238955 8.0664483718574029 9.4477147646248323 2.2346639931201926 0.91386356949806113 1.1419477835297573
leaf_count=311 34 81 53 17 7 8
internal_value=0 -0.00490417 0.00876059 0.0138378 -0.00995896 0.00454138
internal_weight=48.0391 32.0458 15.9933 11.6824 22.8374 9.2084
internal_count=511 407 104 70 318 89
is_linear=0
shrinkage=0.03


Tree=125
num_leaves=6
num_cat=0
split_feature=5 29 4 2 23
split_gain=2.56428 3.21396 1.35794 1.06874 0.672425
threshold=1.5000000000000002 0.67941450000000014 1.0000000180025095e-35 0.47222200000000009 0.80214050000000003
decision_type=10 2 8 8 10
left_child=1 4 -3 -2 -1
right_child=3 2 -4 -5 -6
leaf_value=-0.015333090813048095 0.017564453817383915 -0.0044573200961103817 0.0081903719163617487 0 0
leaf_weight=13.110904105007645 6.0986681804060909 7.7669119462370899 14.604373276233671 2.6962672695517549 0.61007533222436983
leaf_count=217 34 55 158 19 4
internal_value=0 -0.00344032 0.00260904 0.0125075 -0.0137961
internal_weight=44.8872 36.0923 22.3713 8.79494 13.721
internal_count=487 434 213 53 221
is_linear=0
shrinkage=0.03


Tree=126
num_leaves=5
num_cat=0
split_feature=29 17 17 23
split_gain=2.6574 1.28325 1.91409 0.331054
threshold=0.58551750000000002 0.41630950000000005 0.12411850000000001 0.044553000000000002
decision_type=2 10 10 10
left_child=3 2 -2 -1
right_child=1 -3 -4 -5
leaf_value=-0.015787251147192156 0.00036014349538315865 -0.0068285548438813673 0.014894060701352223 0
leaf_weight=4.2969103157520285 26.318578131496906 2.9035025648772708 13.104127790778874 0.41953976452350605
leaf_count=114 271 22 78 2
internal_value=0.0014343 0.00463534 0.00661002 -0.0140383
internal_weight=47.0427 42.3262 39.4227 4.71645
internal_count=487 371 349 116
is_linear=0
shrinkage=0.03


Tree=127
num_leaves=6
num_cat=0
split_feature=23 9 22 22 29
split_gain=2.82239 2.54186 1.23448 1.98437 1.15172
threshold=0.0074560000000000008 8.2542165000000018 0.040069000000000007 0.36700350000000009 0.78477400000000008
decision_type=8 10 10 8 2
left_child=1 -1 4 -4 -2
right_child=2 -3 3 -5 -6
leaf_value=-0.021307340327040791 -0.0048224521461127283 0.0042623282380708123 0.015686715081017613 -0.0030769130970665997 0.0067871463926722705
leaf_weight=6.2776420786976805 17.252054501324896 1.6243005506694315 10.698993645608422 3.0999849885702142 9.2775491178035718
leaf_count=108 219 13 66 19 89
internal_value=0 -0.013573 0.00350319 0.00988888 0
internal_weight=48.2305 7.90194 40.3286 13.799 26.5296
internal_count=514 121 393 85 308
is_linear=0
shrinkage=0.03


Tree=128
num_leaves=4
num_cat=0
split_feature=24 29 3
split_gain=2.72619 3.19848 2.11257
threshold=1.0000000180025095e-35 0.92305000000000015 1.5000000000000002
decision_type=10 2 10
left_child=1 2 -1
right_child=-2 -3 -4
leaf_value=-0.008228161923588646 0.017285276792002962 0.014988367769602561 0.010155419197781125
leaf_weight=35.543574769049883 4.7264714017510405 4.7650203853845587 2.6123329252004615
leaf_count=406 39 40 23
internal_value=0.00039078 -0.00182405 -0.00559208
internal_weight=47.6474 42.9209 38.1559
internal_count=508 469 429
is_linear=0
shrinkage=0.03


Tree=129
num_leaves=7
num_cat=0
split_feature=21 28 5 24 28 23
split_gain=2.02463 2.05754 1.9909 1.67401 1.26952 0.0683694
threshold=0.11378600000000001 0.98241700000000021 1.0000000180025095e-35 1.0000000180025095e-35 0.99078500000000014 0.11923600000000002
decision_type=10 2 10 8 2 10
left_child=1 3 5 -1 -3 -2
right_child=2 4 -4 -5 -6 -7
leaf_value=-0.018685064599008074 0.00017019244311064675 0.0077568349778167614 0.020888439600695561 0 -0.0054107931783243602 -0.0032262325261802598
leaf_weight=7.1892061661928919 2.591146416962145 14.334906004369261 4.4840973168611526 10.871269397437571 5.5067919641733161 2.8961481750011444
leaf_count=91 19 138 26 154 69 18
internal_value=0 -0.00291883 0.0106589 -0.00986788 0.00255828 0
internal_weight=47.8736 37.9022 9.97139 18.0605 19.8417 5.48729
internal_count=515 452 63 245 207 37
is_linear=0
shrinkage=0.03


Tree=130
num_leaves=5
num_cat=0
split_feature=29 5 2 4
split_gain=2.47179 2.18061 2.13374 1.41824
threshold=0.89971800000000013 1.5000000000000002 0.47222200000000009 1.5000000000000002
decision_type=2 10 8 8
left_child=1 3 -3 -1
right_child=-2 2 -4 -5
leaf_value=-0.012230195181142406 0.014706490811770213 0.018082800411052195 -0.0032635535276965997 0
leaf_weight=14.225050127133725 6.5518771819770327 5.2139997333288166 3.3073657602071771 18.117525741457939
leaf_count=153 59 28 21 247
internal_value=0.000477388 -0.00196988 0.0085014 -0.00606505
internal_weight=47.4158 40.8639 8.52137 32.3426
internal_count=508 449 49 400
is_linear=0
shrinkage=0.03


Tree=131
num_leaves=4
num_cat=0
split_feature=24 29 4
split_gain=2.96263 2.37989 1.77148
threshold=1.0000000180025095e-35 0.59491450000000012 1.0000000180025095e-35
decision_type=10 2 8
left_child=1 -1 -3
right_child=-2 2 -4
leaf_value=-0.01651419762573449 0.01798522433315896 -0.0049680816228748976 0.0069926280592410035
leaf_weight=5.2240535691380492 4.9461719393730155 17.080632083117962 19.952360965311527
leaf_count=130 40 113 222
internal_value=0.00075364 -0.00165894 0.000767744
internal_weight=47.2032 42.257 37.033
internal_count=505 465 335
is_linear=0
shrinkage=0.03


Tree=132
num_leaves=5
num_cat=0
split_feature=26 21 3 23
split_gain=3.10397 3.56202 2.68928 1.37879
threshold=1.0000000180025095e-35 0.060966000000000013 1.5000000000000002 1.0000000180025095e-35
decision_type=10 8 8 10
left_child=1 2 -1 -3
right_child=-2 3 -4 -5
leaf_value=-0.01925451073607545 0.017686327594778346 -0.00049936587389679205 0.0053278514754650274 0.011707337168411793
leaf_weight=12.146515415981408 4.8339679688215247 20.346075370907787 1.6851648837327964 7.6226436942815772
leaf_count=135 40 276 17 40
internal_value=0 -0.00276721 -0.0140614 0.00267059
internal_weight=46.6344 41.8004 13.8317 27.9687
internal_count=508 468 152 316
is_linear=0
shrinkage=0.03


Tree=133
num_leaves=7
num_cat=0
split_feature=28 28 21 16 28 19
split_gain=2.35902 2.73664 1.91849 1.15663 1.14612 0.651677
threshold=0.98241700000000021 0.98791800000000018 0.1052695 0.44553150000000002 0.99432500000000013 0.1901245
decision_type=2 2 10 10 2 10
left_child=2 -2 3 -1 -3 -4
right_child=1 4 5 -5 -6 -7
leaf_value=-0.014443932563170479 0.015883038034347777 -0.0071611346968164825 0 0 0.0088571419468628874 0.011409675195009178
leaf_weight=14.889717413112527 10.694188740104439 10.485237952321766 3.1231290958821765 1.6384786386042822 1.8115713521838177 2.4983469620347023
leaf_count=210 94 118 25 16 16 12
internal_value=0 0.00629266 -0.00659524 -0.0117395 -0.00156587 0.00387219
internal_weight=45.1407 22.991 22.1497 16.5282 12.2968 5.62148
internal_count=491 228 263 226 134 37
is_linear=0
shrinkage=0.03


Tree=134
num_leaves=7
num_cat=0
split_feature=29 28 28 21 5 28
split_gain=2.67192 1.8391 1.8232 1.5305 1.20723 0.606799
threshold=0.63011150000000016 0.98048900000000005 0.99144900000000014 0.088283500000000015 1.5000000000000002 0.93608600000000008
decision_type=2 2 2 8 10 2
left_child=4 3 -3 -2 5 -1
right_child=1 2 -4 -5 -6 -7
leaf_value=0 -0.013627271588916221 0.01404497676016698 -0.0014159181117857596 0.0028344267834220335 0.0018766432049071486 -0.017341494425681222
leaf_weight=0.70800049975514223 4.138518434017894 18.357423070818189 4.6075840815901747 10.066155847162008 0.59963715076446522 7.2138320468366146
leaf_count=8 41 149 42 95 2 167
internal_value=0.000813788 0.00495272 0.00998239 -0.00175786 -0.0112247 -0.0152063
internal_weight=45.6912 37.1697 22.965 14.2047 8.52147 7.92183
internal_count=504 327 191 136 177 175
is_linear=0
shrinkage=0.03


Tree=135
num_leaves=7
num_cat=0
split_feature=29 26 28 28 28 19
split_gain=2.76764 1.5333 1.34129 1.20453 0.509991 0.11267
threshold=0.78477400000000008 1.0000000180025095e-35 0.97734600000000016 0.99371350000000003 0.98901700000000015 0.13145200000000004
decision_type=2 10 2 2 2 10
left_child=1 3 5 -1 -4 -2
right_child=2 -3 4 -5 -6 -7
leaf_value=-0.011598054223143856 -0.0054385520810866193 0.0057742455342841446 0.014954177131630627 0.0033750165762661071 0 0
leaf_weight=25.272827565670021 2.0384421348571808 2.457653120160102 8.654383007436989 0.99224542453884979 4.3003367930650702 1.2341191843152044
leaf_count=325 20 19 76 8 40 9
internal_value=-0.00114941 -0.0070272 0.0071673 -0.0097193 0.011601 -0.00275541
internal_weight=44.95 28.7227 16.2273 26.2651 12.9547 3.27256
internal_count=497 352 145 333 116 29
is_linear=0
shrinkage=0.03


Tree=136
num_leaves=5
num_cat=0
split_feature=3 22 28 20
split_gain=1.82034 2.26082 1.4297 1.29824
threshold=1.5000000000000002 0.041865000000000006 0.97140950000000015 0.059589500000000011
decision_type=10 8 2 10
left_child=1 3 -3 -1
right_child=-2 2 -4 -5
leaf_value=0 0.01527346422350748 -0.0049854326064911756 0.0071327743678655919 -0.01691623700399247
leaf_weight=4.0116442721337062 4.2884145639836779 7.7231708392500904 23.352289129048586 7.1095119770616293
leaf_count=54 43 87 240 73
internal_value=0.0012079 -0.000476721 0.00306688 -0.0110509
internal_weight=46.485 42.1966 31.0755 11.1212
internal_count=497 454 327 127
is_linear=0
shrinkage=0.03


Tree=137
num_leaves=4
num_cat=0
split_feature=4 16 28
split_gain=1.9788 1.36116 1.62866
threshold=1.0000000180025095e-35 0.021365500000000003 0.97677600000000009
decision_type=10 8 2
left_child=1 -1 -3
right_child=-2 2 -4
leaf_value=-0.013669381271703784 0.015021250178866311 -0.0049691590865216656 0.0067114032002149136
leaf_weight=3.0649045761674634 6.0728111788630477 13.446961227804421 22.564077310264111
leaf_count=54 56 163 215
internal_value=0.00235156 0 0.00153401
internal_weight=45.1488 39.0759 36.011
internal_count=488 432 378
is_linear=0
shrinkage=0.03


Tree=138
num_leaves=6
num_cat=0
split_feature=4 5 15 15 18
split_gain=2.25411 3.01768 4.13142 2.02947 0.527255
threshold=1.0000000180025095e-35 1.5000000000000002 0.32105100000000003 0.022550500000000005 0.15759200000000004
decision_type=10 8 8 10 10
left_child=1 2 -1 -3 -2
right_child=4 3 -4 -5 -6
leaf_value=-0.022086703324639863 0.016586067539129633 -0.0018799855854482567 0.0059450634876330455 0.014759024323269643 0
leaf_weight=10.650422589853402 4.1359529271721831 20.222551159560684 3.4762745946645746 5.4186204224824897 1.0787867978215215
leaf_count=141 36 269 19 30 10
internal_value=-0.000246292 -0.00356339 -0.013604 0.00176643 0.0134613
internal_weight=44.9826 39.7679 14.1267 25.6412 5.21474
internal_count=505 459 160 299 46
is_linear=0
shrinkage=0.03


Tree=139
num_leaves=7
num_cat=0
split_feature=2 22 19 20 19 21
split_gain=2.248 2.36947 1.45665 0.966068 0.882694 0.714945
threshold=1.0000000180025095e-35 0.040069000000000007 0.078375500000000015 0.048505000000000006 0.10177050000000001 0.24561150000000001
decision_type=10 10 10 10 10 10
left_child=4 3 -3 -2 -1 -6
right_child=1 2 -4 -5 5 -7
leaf_value=-0.0007384059982392349 0.005612108607131871 0 0.021619950052214051 -0.008502144851548845 -0.018469068442617368 0
leaf_weight=21.845151543617252 3.9498295076191443 1.615151833742855 6.6983129195868969 6.0697683449834585 3.8974842242896548 1.3662298396229742
leaf_count=294 46 15 41 61 36 9
internal_value=0 0.00716359 0.0168764 -0.000622852 -0.00555305 -0.0143822
internal_weight=45.4419 18.3331 8.31346 10.0196 27.1089 5.26371
internal_count=502 163 56 107 339 45
is_linear=0
shrinkage=0.03


Tree=140
num_leaves=5
num_cat=0
split_feature=3 24 16 23
split_gain=2.01716 1.79977 1.55651 0.672014
threshold=1.5000000000000002 1.0000000180025095e-35 0.22921200000000003 0.31239800000000006
decision_type=10 8 10 8
left_child=1 2 -1 -3
right_child=-2 3 -4 -5
leaf_value=-0.013288081520967904 0.015018582872783119 0.011837848885026644 0.00040762567626255632 0
leaf_weight=14.012151774019005 4.2187641225755206 2.7607087790966061 6.0512565411627284 18.98504438996315
leaf_count=141 44 21 43 266
internal_value=0 -0.00204394 -0.00834089 0.00286037
internal_weight=46.0279 41.8092 20.0634 21.7458
internal_count=515 471 184 287
is_linear=0
shrinkage=0.03


Tree=141
num_leaves=7
num_cat=0
split_feature=22 3 20 29 15 29
split_gain=3.58645 4.00731 2.17181 1.09679 0.904052 0.27084
threshold=0.040069000000000007 1.5000000000000002 0.27370350000000004 0.58551750000000002 0.031848500000000009 0.6954665000000001
decision_type=10 8 10 2 10 2
left_child=1 -1 4 -3 -2 -4
right_child=2 3 5 -5 -6 -7
leaf_value=-0.018837298201221351 0 -0.0096522950224403933 0 0.0049978045641437705 0.018522326001493217 -0.0081753000252833656
leaf_weight=10.521124042570593 1.9935025200247753 2.2726534791290787 1.1120444089174264 17.761451724916697 10.690782908350227 1.9199990704655645
leaf_count=126 15 64 10 211 69 13
internal_value=0 -0.00601495 0.0103728 0.000992809 0.0157351 -0.0037555
internal_weight=46.2716 30.5552 15.7163 20.0341 12.6843 3.03204
internal_count=508 401 107 275 84 23
is_linear=0
shrinkage=0.03


Tree=142
num_leaves=6
num_cat=0
split_feature=2 2 28 6 28
split_gain=2.31621 3.84495 2.28949 0.868544 0.540211
threshold=1.0000000180025095e-35 0.32575750000000009 0.98614350000000006 8.4887085000000031 0.98125900000000021
decision_type=10 10 2 8 2
left_child=3 -2 -3 4 -1
right_child=1 2 -4 -5 -6
leaf_value=0 0.023476604752772211 -0.012563868086674996 0.0090369115052891073 0 -0.017162407535896179
leaf_weight=5.3604252859950083 6.2970890849828747 5.7281560041010362 5.3745548389852047 18.119913578033447 2.8408622778952122
leaf_count=55 37 67 53 256 22
internal_value=0.000836756 0.00903366 -0.000282165 -0.00392858 -0.010497
internal_weight=43.721 17.3998 11.1027 26.3212 8.20129
internal_count=490 157 120 333 77
is_linear=0
shrinkage=0.03


Tree=143
num_leaves=7
num_cat=0
split_feature=22 4 22 16 19 18
split_gain=1.99398 2.43549 1.14623 0.987107 0.725704 0.526089
threshold=0.040069000000000007 1.0000000180025095e-35 0.36700350000000009 0.15584450000000002 0.054580500000000011 0.090107500000000021
decision_type=10 8 8 8 10 8
left_child=1 3 4 -1 -2 -3
right_child=2 5 -4 -5 -6 -7
leaf_value=-0.01782298741045614 0 0.010923262739784357 0 0 0.016669340714085573 0
leaf_weight=6.6689122356474408 3.2281409054994556 2.3525914996862438 2.8305802941322336 3.025076750665904 9.3913812078535539 19.044203393161297
leaf_count=97 26 19 20 30 62 265
internal_value=0.00155697 -0.00214093 0.00976252 -0.0131138 0.013365 0.00260202
internal_weight=46.5409 31.0908 15.4501 9.69399 12.6195 21.3968
internal_count=519 411 108 127 88 284
is_linear=0
shrinkage=0.03


Tree=144
num_leaves=6
num_cat=0
split_feature=3 15 28 28 15
split_gain=1.98206 1.72559 2.73985 0.655635 0.0556369
threshold=1.0000000180025095e-35 0.20270300000000005 0.98576100000000011 0.97334950000000009 0.17874250000000003
decision_type=10 10 2 2 10
left_child=1 2 -1 -3 -2
right_child=4 3 -4 -5 -6
leaf_value=-0.012084108622123143 0.015172167223869925 0 0.0031482861983310978 0.013086159033721963 0
leaf_weight=20.618018703535199 4.0747564733028403 3.2675628066062918 13.084310706704853 4.0428365394473076 0.84087169170379628
leaf_count=278 40 23 135 19 10
internal_value=0 -0.00216007 -0.00557907 0.0077295 0.0141215
internal_weight=45.9284 41.0127 33.7023 7.3104 4.91563
internal_count=505 455 413 42 50
is_linear=0
shrinkage=0.03


Tree=145
num_leaves=4
num_cat=0
split_feature=24 3 22
split_gain=2.16314 1.96719 1.81076
threshold=1.0000000180025095e-35 1.5000000000000002 0.14709950000000002
decision_type=10 10 8
left_child=1 2 -1
right_child=-2 -3 -4
leaf_value=-0.013449461459916628 0.014494253503526563 0.011910128840087728 0
leaf_weight=12.723329270258544 4.7790436297655097 3.1231422089040271 23.30519650131464
leaf_count=138 42 31 280
internal_value=0 -0.00272317 -0.00557832
internal_weight=43.9307 39.1517 36.0285
internal_count=491 449 418
is_linear=0
shrinkage=0.03


Tree=146
num_leaves=6
num_cat=0
split_feature=28 29 20 24 3
split_gain=2.15418 1.59347 1.37641 0.791402 0.322545
threshold=0.97191600000000011 0.58551750000000002 0.065236500000000017 1.0000000180025095e-35 1.0000000180025095e-35
decision_type=2 2 10 10 8
left_child=3 -2 -3 4 -1
right_child=1 2 -4 -5 -6
leaf_value=-0.018445741500094735 -0.010403608862226875 0.010308333123119505 -0.00010295894500357733 0 0
leaf_weight=4.620478935539718 2.604458922520279 19.72330787032843 12.205447006970642 0.73314922302961427 4.8091621100902566
leaf_count=62 76 201 89 6 74
internal_value=-6.57227e-06 0.0030471 0.00580249 -0.0109916 -0.0136105
internal_weight=44.696 34.5332 31.9288 10.1628 9.42964
internal_count=508 366 290 142 136
is_linear=0
shrinkage=0.03


Tree=147
num_leaves=4
num_cat=0
split_feature=24 3 2
split_gain=1.44899 1.47279 1.89729
threshold=1.0000000180025095e-35 1.5000000000000002 1.0000000180025095e-35
decision_type=10 10 8
left_child=1 2 -1
right_child=-2 -3 -4
leaf_value=-0.015321471070587463 0.013130656008606866 0.011669935203958978 0
leaf_weight=6.6273580752313128 4.2495238445699206 3.1032365784049025 32.449141582474113
leaf_count=64 37 33 382
internal_value=0.000282295 -0.00113408 -0.00362344
internal_weight=46.4293 42.1797 39.0765
internal_count=516 479 446
is_linear=0
shrinkage=0.03


Tree=148
num_leaves=4
num_cat=0
split_feature=3 24 16
split_gain=1.78435 1.42293 1.40647
threshold=1.0000000180025095e-35 1.0000000180025095e-35 0.22921200000000003
decision_type=10 10 8
left_child=1 2 -1
right_child=-2 -3 -4
leaf_value=-0.011087819891911823 0.013934039976125431 0.010570204523629693 0
leaf_weight=12.662640688940881 4.808524288237094 3.4040126428008071 23.81767070479691
leaf_count=134 48 26 291
internal_value=0.000316739 -0.00148535 -0.00408786
internal_weight=44.6928 39.8843 36.4803
internal_count=499 451 425
is_linear=0
shrinkage=0.03


Tree=149
num_leaves=5
num_cat=0
split_feature=24 20 19 17
split_gain=1.44353 1.45087 0.729266 0.610631
threshold=1.0000000180025095e-35 0.14203300000000005 0.21970850000000003 0.34091000000000005
decision_type=10 10 10 10
left_child=1 3 -3 -1
right_child=-2 2 -4 -5
leaf_value=0.005636998970928675 0.016108917008867102 0 -0.015239294940647725 -0.0031487915144625773
leaf_weight=30.98345154710114 4.2391849607229224 5.4336705934256297 2.9957288391888142 2.2148007545620194
leaf_count=371 38 46 35 16
internal_value=0.0034796 0.000524828 -0.00802514 0.00400971
internal_weight=45.8668 41.6277 8.4294 33.1983
internal_count=506 468 81 387
is_linear=0
shrinkage=0.03


Tree=150
num_leaves=7
num_cat=0
split_feature=28 29 20 24 3 20
split_gain=2.22332 1.28621 2.24991 1.06543 1.01968 0.261666
threshold=0.98241700000000021 0.61471700000000007 0.24846600000000005 1.0000000180025095e-35 1.0000000180025095e-35 0.23375250000000003
decision_type=2 2 10 10 8 10
left_child=3 5 -3 4 -1 -2
right_child=1 2 -4 -5 -6 -7
leaf_value=-0.014633171480560926 -0.0075631552519906161 0.014514500802751379 -0.0064863496619595928 0.0043271100952298252 0 0
leaf_weight=8.8975026085972839 2.3415941707789929 16.659489043056968 1.8837324529886235 2.1759879663586608 9.6277630310505611 0.48606411367654789
leaf_count=110 53 148 13 18 143 3
internal_value=0.000189829 0.00711775 0.0103824 -0.0056921 -0.00870173 -0.00346695
internal_weight=42.0721 21.3709 18.5432 20.7013 18.5253 2.82766
internal_count=488 217 161 271 253 56
is_linear=0
shrinkage=0.03


Tree=151
num_leaves=5
num_cat=0
split_feature=3 24 15 15
split_gain=1.61515 1.26002 1.71786 0.067643
threshold=1.0000000180025095e-35 1.0000000180025095e-35 0.34860600000000003 0.17874250000000003
decision_type=10 10 8 10
left_child=1 2 -1 -2
right_child=3 -3 -4 -5
leaf_value=-0.011815390941790955 0.013830465524789903 0.0089980888655793977 0 0
leaf_weight=14.464509338140486 3.6321684606373301 3.0259145051240912 20.996740220114589 0.7969713658094405
leaf_count=151 38 24 276 10
internal_value=0 -0.00243459 -0.00481591 0.0127502
internal_weight=42.9163 38.4872 35.4612 4.42914
internal_count=499 451 427 48
is_linear=0
shrinkage=0.03


Tree=152
num_leaves=5
num_cat=0
split_feature=3 22 22 15
split_gain=1.80602 1.63495 1.1884 0.766255
threshold=1.5000000000000002 0.040069000000000007 0.26709350000000004 0.33274450000000005
decision_type=10 8 8 8
left_child=1 3 -3 -1
right_child=-2 2 -4 -5
leaf_value=-0.015711390228680434 0.013350129506965371 0.0085528600281054631 -0.003314526971186442 0
leaf_weight=7.5574022307991955 3.6542173288762561 8.0016753412783164 21.100561244413257 0.97881679981947023
leaf_count=111 42 48 279 6
internal_value=-0.000353123 -0.00330907 0 -0.0128889
internal_weight=41.2927 37.6385 29.1022 8.53622
internal_count=486 444 327 117
is_linear=0
shrinkage=0.03


Tree=153
num_leaves=7
num_cat=0
split_feature=5 20 28 2 26 16
split_gain=1.1621 2.11573 1.36536 1.32398 0.674856 0.2933
threshold=1.5000000000000002 0.081615500000000021 0.97891050000000013 0.64583350000000006 1.0000000180025095e-35 0.13722500000000001
decision_type=10 10 2 8 8 10
left_child=1 2 -1 5 -3 -2
right_child=3 4 -4 -5 -6 -7
leaf_value=-0.0031309550953801204 0 -0.014636599140761557 0.0087688575135907651 -0.0010172200808736172 0 0.019331608345790355
leaf_weight=9.2654565479606408 3.1660158820450279 7.2308876868337366 15.606995133683084 2.0341008901596078 1.1156053505837924 4.0634735226631165
leaf_count=138 21 86 192 17 10 23
internal_value=0.00179084 -0.000257323 0.00339975 0.00984799 -0.0118168 0.0152395
internal_weight=42.4825 33.2189 24.8725 9.26359 8.34649 7.22949
internal_count=487 426 330 61 96 44
is_linear=0
shrinkage=0.03


Tree=154
num_leaves=5
num_cat=0
split_feature=4 18 16 28
split_gain=2.08443 2.95451 2.5152 0.716694
threshold=1.0000000180025095e-35 0.29966750000000003 0.26990450000000005 0.98241700000000021
decision_type=10 8 8 2
left_child=1 2 -1 -3
right_child=-2 3 -4 -5
leaf_value=-0.018356457269401254 0.014002066887892505 0 0.0017887475111491298 0.0087168431122335594
leaf_weight=11.164216119796034 5.4574083611369124 11.991989003494384 4.3909897971898326 10.018540341407059
leaf_count=128 52 164 31 116
internal_value=0 -0.00231737 -0.0116832 0.00370957
internal_weight=43.0231 37.5657 15.5552 22.0105
internal_count=491 439 159 280
is_linear=0
shrinkage=0.03


end of trees

feature_importances:
reranker_score_gte_multilingual_reranker_base=84
embedding_cosine_gte_multilingual_base=73
shared_description_count_capped=64
has_shared_contact_exact=63
shared_title_count_capped=61
max_category_share_percentile_gap_abs=57
repeated_title_share_percentile_gap_abs=37
repeated_description_share_percentile_gap_abs=37
shared_contact_count_capped=33
item_count_percentile_gap_abs=26
profile_category_jaccard=23
description_length_median_percentile_gap_abs=23
shared_category_count_capped=22
punct_ratio_mean_percentile_gap_abs=19
price_median_percentile_gap_abs=13
digit_ratio_mean_percentile_gap_abs=13
title_length_median_percentile_gap_abs=9
shared_description_idf_mean=6
shared_description_idf_sum=5
same_source_dataset_bool=1
shared_title_idf_sum=1

parameters:
[boosting: gbdt]
[objective: binary]
[metric: binary_logloss,auc]
[tree_learner: serial]
[device_type: cpu]
[data_sample_strategy: bagging]
[data: ]
[valid: ]
[num_iterations: 160]
[learning_rate: 0.03]
[num_leaves: 7]
[num_threads: 0]
[seed: 20260320]
[deterministic: 1]
[force_col_wise: 1]
[force_row_wise: 0]
[histogram_pool_size: -1]
[max_depth: 3]
[min_data_in_leaf: 10]
[min_sum_hessian_in_leaf: 0.001]
[bagging_fraction: 0.8]
[pos_bagging_fraction: 1]
[neg_bagging_fraction: 1]
[bagging_freq: 1]
[bagging_seed: 20260320]
[bagging_by_query: 0]
[feature_fraction: 0.6]
[feature_fraction_bynode: 1]
[feature_fraction_seed: 20260320]
[extra_trees: 0]
[extra_seed: 10983]
[early_stopping_round: 0]
[early_stopping_min_delta: 0]
[first_metric_only: 0]
[max_delta_step: 0]
[lambda_l1: 1]
[lambda_l2: 3]
[linear_lambda: 0]
[min_gain_to_split: 0.05]
[drop_rate: 0.1]
[max_drop: 50]
[skip_drop: 0.5]
[xgboost_dart_mode: 0]
[uniform_drop: 0]
[drop_seed: 19421]
[top_rate: 0.2]
[other_rate: 0.1]
[min_data_per_group: 100]
[max_cat_threshold: 32]
[cat_l2: 10]
[cat_smooth: 10]
[max_cat_to_onehot: 4]
[top_k: 20]
[monotone_constraints: ]
[monotone_constraints_method: basic]
[monotone_penalty: 0]
[feature_contri: ]
[forcedsplits_filename: ]
[refit_decay_rate: 0.9]
[cegb_tradeoff: 1]
[cegb_penalty_split: 0]
[cegb_penalty_feature_lazy: ]
[cegb_penalty_feature_coupled: ]
[path_smooth: 0]
[interaction_constraints: ]
[verbosity: -1]
[saved_feature_importance_type: 0]
[use_quantized_grad: 0]
[num_grad_quant_bins: 4]
[quant_train_renew_leaf: 0]
[stochastic_rounding: 1]
[linear_tree: 0]
[max_bin: 255]
[max_bin_by_feature: ]
[min_data_in_bin: 3]
[bin_construct_sample_cnt: 200000]
[data_random_seed: 20260320]
[is_enable_sparse: 1]
[enable_bundle: 1]
[use_missing: 1]
[zero_as_missing: 0]
[feature_pre_filter: 1]
[pre_partition: 0]
[two_round: 0]
[header: 0]
[label_column: ]
[weight_column: ]
[group_column: ]
[ignore_column: ]
[categorical_feature: ]
[forcedbins_filename: ]
[precise_float_parser: 0]
[parser_config_file: ]
[objective_seed: 10697]
[num_class: 1]
[is_unbalance: 0]
[scale_pos_weight: 1]
[sigmoid: 1]
[boost_from_average: 1]
[reg_sqrt: 0]
[alpha: 0.9]
[fair_c: 1]
[poisson_max_delta_step: 0.7]
[tweedie_variance_power: 1.5]
[lambdarank_truncation_level: 30]
[lambdarank_norm: 1]
[label_gain: ]
[lambdarank_position_bias_regularization: 0]
[eval_at: ]
[multi_error_top_k: 1]
[auc_mu_weights: ]
[num_machines: 1]
[local_listen_port: 12400]
[time_out: 120]
[machine_list_filename: ]
[machines: ]
[gpu_platform_id: -1]
[gpu_device_id: -1]
[gpu_use_dp: 0]
[num_gpu: 1]

end of parameters

pandas_categorical:null
