tree
version=v4
num_class=1
num_tree_per_iteration=1
label_index=0
max_feature_idx=25
objective=binary sigmoid:1
feature_names=same_market_raw_bool same_source_dataset_bool profile_category_jaccard shared_title_count_capped shared_description_count_capped shared_category_count_capped shared_title_idf_sum shared_description_idf_sum shared_title_idf_mean shared_description_idf_mean boilerplate_ratio_max boilerplate_ratio_gap_abs shared_boilerplate_count shared_low_df_sentence_count shared_rare_ngram_count item_count_percentile_gap_abs price_median_percentile_gap_abs title_length_median_percentile_gap_abs description_length_median_percentile_gap_abs digit_ratio_mean_percentile_gap_abs punct_ratio_mean_percentile_gap_abs repeated_title_share_percentile_gap_abs repeated_description_share_percentile_gap_abs max_category_share_percentile_gap_abs embedding_cosine_bge_m3 reranker_score_bge_reranker_v2_m3
feature_infos=[0:1] [0:1] [0:1] [0:5] [0:5] [0:5] [0:70.616864000000007] [0:79.443972000000002] [0:8.8271080000000008] [0:8.8271080000000008] [0:0.20000000000000001] [0:0.20000000000000001] [0:1] [0:9] [0:8] [0:0.70916299999999999] [0:0.96791400000000005] [0:0.92293000000000003] [0:0.86055700000000002] [0:0.90109399999999995] [0:0.92987399999999998] [0:0.78087600000000001] [0:0.625498] [0:0.98619599999999996] [0.75061999999999995:0.99048599999999998] [0.0015900000000000001:0.91584900000000002]
tree_sizes=883 662 661 680 661 681 669 679 678 566 580 889 656 662 679 578 650 673 683 845 680 672 687 685 686 683 846 680 660 662 667 545 658 650 660 733 744 744 824 879 847 676 662 659 567 657 848 647 855 653 658 659 746 652 677 660 835 879 656 675 661 886 568 897 848 877 747 748 726 651 661 774 772 754 658 883 858 657 771 747 666 838 743 854 685 765 667 747 649 763 667 738 882 675 763 736 663 737 841 861 849 874 765 865 664 659 876 882 761 724 875 681 662 873 840 768 875 734 742 576 741 877 861 738 728 655 811 743 851 854 831 768 888 866 885 855 839 854 870 749 859 666 838 861 739 833 752 659 773 861 845 872

Tree=0
num_leaves=7
num_cat=0
split_feature=21 6 25 23 7 2
split_gain=45.3445 27.8289 22.224 9.31572 1.42814 1.27817
threshold=1.0000000180025095e-35 12.563863000000003 0.32019750000000008 0.011920000000000002 1.0000000180025095e-35 0.32575750000000009
decision_type=8 10 2 10 10 8
left_child=1 4 3 -2 -1 -4
right_child=2 -3 5 -5 -6 -7
leaf_value=-0.042593802204272849 -0.013397091965078873 0.028690708326524799 0.043568354723763039 0.016009024762033822 4.2497495285768391e-08 0.01760316778956417
leaf_weight=21.843849211931236 20.025435842573643 3.7072649598121634 13.911914706230165 13.605662256479262 1.8729746937751759 16.044881403446198
leaf_count=111 209 10 39 48 8 118
internal_value=0.00181124 -0.0282395 0.0159104 -0.000344886 -0.0404838 0.03344
internal_weight=91.012 27.4241 63.5879 33.6311 23.7168 29.9568
internal_count=543 129 414 257 119 157
is_linear=0
shrinkage=1


Tree=1
num_leaves=5
num_cat=0
split_feature=3 23 25 24
split_gain=63.7877 36.4533 18.5211 5.19975
threshold=1.0000000180025095e-35 0.0049875000000000015 0.46564500000000003 0.95694350000000006
decision_type=10 8 2 2
left_child=1 3 -3 -1
right_child=-2 2 -4 -5
leaf_value=-0.046925997705329965 0.049076140548173885 -0.0086538349318998932 0.026052583328545695 0
leaf_weight=17.714774340391163 17.420448511838913 38.968129582703114 17.403368033468723 3.3675842881202689
leaf_count=93 47 316 102 14
internal_value=0.00150856 -0.0102482 0.00233067 -0.0412286
internal_weight=94.8743 77.4539 56.3715 21.0824
internal_count=572 525 418 107
is_linear=0
shrinkage=0.03


Tree=2
num_leaves=5
num_cat=0
split_feature=4 21 25 25
split_gain=59.0192 38.7586 18.7623 9.9632
threshold=1.0000000180025095e-35 0.090908500000000017 0.21412400000000004 0.54038500000000012
decision_type=10 8 2 2
left_child=1 3 -3 -1
right_child=-2 2 -4 -5
leaf_value=-0.041115450445087652 0.043354202807908089 -0.01251382622857553 0.025081770900394738 0
leaf_weight=29.522842109203339 18.345949828624725 19.879855751991272 21.187585711479187 6.7256642132997504
leaf_count=149 52 188 155 27
internal_value=-0.000689771 -0.0127433 0.00658883 -0.0342394
internal_weight=95.6619 77.3159 41.0674 36.2485
internal_count=571 519 343 176
is_linear=0
shrinkage=0.03


Tree=3
num_leaves=5
num_cat=0
split_feature=3 22 25 25
split_gain=60.4389 37.186 9.61344 8.65163
threshold=1.0000000180025095e-35 0.040069000000000007 0.51830250000000011 0.65401100000000012
decision_type=10 8 2 2
left_child=1 3 -3 -1
right_child=-2 2 -4 -5
leaf_value=-0.042054169196495725 0.045546804100741412 -0.0023547540513878576 0.026039383089786431 0.0017145387274232799
leaf_weight=24.792469784617428 18.850924655795097 35.250087238848209 11.365022629499434 2.9826359748840323
leaf_count=127 52 293 72 11
internal_value=0.00125409 -0.0109128 0.00511914 -0.0366703
internal_weight=93.2411 74.3902 46.6151 27.7751
internal_count=555 503 365 138
is_linear=0
shrinkage=0.03


Tree=4
num_leaves=5
num_cat=0
split_feature=4 21 25 5
split_gain=62.8459 40.7842 15.9679 1.88396
threshold=1.0000000180025095e-35 0.00092500000000000015 0.46564500000000003 1.5000000000000002
decision_type=10 8 2 10
left_child=1 3 -3 -1
right_child=-2 2 -4 -5
leaf_value=-0.043506620944284494 0.043669367379222786 -0.0080254976063477475 0.025673762472249138 0
leaf_weight=23.424383312463764 20.289442390203476 33.368946313858032 16.060550048947334 1.8691327422857273
leaf_count=122 57 277 97 8
internal_value=0.000155583 -0.0125032 0.00319433 -0.0413262
internal_weight=95.0125 74.723 49.4295 25.2935
internal_count=561 504 374 130
is_linear=0
shrinkage=0.03


Tree=5
num_leaves=5
num_cat=0
split_feature=9 23 23 24
split_gain=31.5954 36.8438 10.9946 0.772375
threshold=8.0568855000000017 0.0049875000000000015 0.47286900000000004 0.95694350000000006
decision_type=10 8 8 2
left_child=1 3 -3 -1
right_child=-2 2 -4 -5
leaf_value=-0.041459118530699404 0.035613784813075276 0.021023989085752318 -0.0046584204744492801 -0.0051553579676210364
leaf_weight=17.927362099289898 16.186769619584084 21.893532872200012 32.462188355624676 3.5415466725826255
leaf_count=94 48 75 314 16
internal_value=0.000843299 -0.00727172 0.00572155 -0.0380628
internal_weight=92.0114 75.8246 54.3557 21.4689
internal_count=547 499 389 110
is_linear=0
shrinkage=0.03


Tree=6
num_leaves=5
num_cat=0
split_feature=3 23 25 24
split_gain=50.4155 29.9181 10.1208 2.8196
threshold=1.0000000180025095e-35 0.0049875000000000015 0.46564500000000003 0.95694350000000006
decision_type=10 8 2 2
left_child=1 3 -3 -1
right_child=-2 2 -4 -5
leaf_value=-0.04297156692388579 0.042888347130388832 -0.0066637030413196638 0.020065046342773594 -0.0031221941731419908
leaf_weight=17.874419704079632 16.641175001859665 37.121923327445984 15.434240110218523 4.097388118505477
leaf_count=95 46 288 97 18
internal_value=0 -0.0109205 0.00130541 -0.0380095
internal_weight=91.1691 74.528 52.5562 21.9718
internal_count=544 498 385 113
is_linear=0
shrinkage=0.03


Tree=7
num_leaves=5
num_cat=0
split_feature=3 21 25 24
split_gain=57.2982 25.7006 10.0556 3.40785
threshold=1.0000000180025095e-35 0.00092500000000000015 0.46564500000000003 0.95694350000000006
decision_type=10 8 2 2
left_child=1 3 -3 -1
right_child=-2 2 -4 -5
leaf_value=-0.03752126393214094 0.04342649151935643 -0.0064956831691976328 0.021117555331163003 -0.0010696597157851576
leaf_weight=22.0646036118269 19.465340718626976 33.124235562980175 14.332648940384386 4.652255803346633
leaf_count=114 54 274 90 20
internal_value=0.00101741 -0.0109787 0.00200907 -0.0329322
internal_weight=93.6391 74.1737 47.4569 26.7169
internal_count=552 498 364 134
is_linear=0
shrinkage=0.03


Tree=8
num_leaves=5
num_cat=0
split_feature=3 21 25 25
split_gain=54.6249 29.271 12.2224 8.29469
threshold=1.0000000180025095e-35 0.11378600000000001 0.20818250000000002 0.59112300000000007
decision_type=10 8 2 2
left_child=1 3 -3 -1
right_child=-2 2 -4 -5
leaf_value=-0.034964736173081074 0.04163285363817041 -0.0083745171493499627 0.023446164616548953 0.0021540736806698597
leaf_weight=31.529165208339691 19.527607157826424 19.248887345194817 17.24708403646946 4.2679874300956717
leaf_count=159 55 187 130 16
internal_value=0.000365257 -0.0115981 0.00654226 -0.0299416
internal_weight=91.8207 72.2931 36.496 35.7972
internal_count=547 492 317 175
is_linear=0
shrinkage=0.03


Tree=9
num_leaves=4
num_cat=0
split_feature=4 22 25
split_gain=48.9321 28.3479 14.5094
threshold=1.0000000180025095e-35 0.026265000000000004 0.51830250000000011
decision_type=10 8 2
left_child=1 -1 -3
right_child=-2 2 -4
leaf_value=-0.03614082955190779 0.038758846132182341 -0.0083570249517662017 0.024920083008030114
leaf_weight=24.097440376877785 19.657335221767426 34.610215894877911 13.993622153997419
leaf_count=125 57 291 84
internal_value=0 -0.0114945 0.00153425
internal_weight=92.3586 72.7013 48.6038
internal_count=557 500 375
is_linear=0
shrinkage=0.03


Tree=10
num_leaves=4
num_cat=0
split_feature=3 23 25
split_gain=44.3091 27.6185 12.9141
threshold=1.0000000180025095e-35 0.0049875000000000015 0.46564500000000003
decision_type=10 8 2
left_child=1 -1 -3
right_child=-2 2 -4
leaf_value=-0.035455300036971275 0.040266541331445846 -0.0073711345399702028 0.022262612322426385
leaf_weight=22.114586859941483 17.300941169261932 35.811647303402424 16.750843927264214
leaf_count=116 49 291 101
internal_value=0.000532997 -0.00948575 0.00222487
internal_weight=91.978 74.6771 52.5625
internal_count=557 508 392
is_linear=0
shrinkage=0.03


Tree=11
num_leaves=7
num_cat=0
split_feature=23 7 23 24 2 25
split_gain=30.3747 25.2867 9.07525 7.26381 3.22674 2.39837
threshold=0.0049875000000000015 1.0000000180025095e-35 0.57592050000000017 0.92466550000000014 0.17708350000000003 0.15660800000000002
decision_type=10 8 10 2 10 2
left_child=1 -1 5 -3 -4 -2
right_child=2 3 4 -5 -6 -7
leaf_value=-0.038708698231974079 0.0066739092043656559 -0.0081390269712654489 0.0086247268673785137 0.018838105243014571 -0.018469217728512271 0.031747247639773477
leaf_weight=19.444986581802368 10.117301672697065 18.539539441466335 4.00828769803047 11.874018527567385 4.6248746514320374 22.653444617986679
leaf_count=105 38 211 14 95 23 71
internal_value=0.000611699 -0.0144523 0.0191782 0.00224123 -0.0043308 0.026054
internal_weight=91.2625 49.8585 41.4039 30.4136 8.63316 32.7707
internal_count=557 411 146 306 37 109
is_linear=0
shrinkage=0.03


Tree=12
num_leaves=5
num_cat=0
split_feature=3 21 23 24
split_gain=43.2076 24.241 7.55253 1.76845
threshold=1.0000000180025095e-35 0.00092500000000000015 0.0070730000000000003 0.96374850000000012
decision_type=10 8 10 2
left_child=1 3 -3 -1
right_child=-2 2 -4 -5
leaf_value=-0.036166170406073977 0.037492422885073762 -0.0090719520762141126 0.013673086664345064 0
leaf_weight=24.433900997042659 16.20015586912632 28.644782595336437 19.427552402019501 1.8338817358016957
leaf_count=130 47 305 70 8
internal_value=-0.00248433 -0.0127003 0 -0.0342294
internal_weight=90.5403 74.3401 48.0723 26.2678
internal_count=560 513 375 138
is_linear=0
shrinkage=0.03


Tree=13
num_leaves=5
num_cat=0
split_feature=3 22 25 25
split_gain=38.2498 25.1222 9.54841 4.07028
threshold=1.0000000180025095e-35 0.044478500000000004 0.46564500000000003 0.65401100000000012
decision_type=10 8 2 2
left_child=1 3 -3 -1
right_child=-2 2 -4 -5
leaf_value=-0.035786856130981197 0.037542859597382419 -0.0058108178746029476 0.021531006322929022 0
leaf_weight=24.297982662916187 15.191865533590315 33.589787691831589 13.398744650185106 2.7682386189699164
leaf_count=130 44 284 87 11
internal_value=-0.00126408 -0.0107661 0.0022098 -0.0322637
internal_weight=89.2466 74.0548 46.9885 27.0662
internal_count=556 512 371 141
is_linear=0
shrinkage=0.03


Tree=14
num_leaves=5
num_cat=0
split_feature=7 23 23 20
split_gain=18.811 21.9574 9.80849 4.87706
threshold=8.0568855000000017 0.0049875000000000015 0.48883750000000009 0.18342900000000004
decision_type=10 8 8 10
left_child=1 -1 -3 -2
right_child=3 2 -4 -5
leaf_value=-0.031137511184192154 0.03163792522477734 0.018477324574870255 -0.0061294983799554505 -0.0018168865597140526
leaf_weight=19.389429420232773 15.569686293601992 21.463838323950768 31.209460161626339 2.5146407783031455
leaf_count=104 48 75 305 11
internal_value=0.000672863 -0.00605909 0.00381403 0.0259665
internal_weight=90.1471 72.0627 52.6733 18.0843
internal_count=543 484 380 59
is_linear=0
shrinkage=0.03


Tree=15
num_leaves=4
num_cat=0
split_feature=4 23 2
split_gain=34.767 27.4013 9.69571
threshold=1.0000000180025095e-35 0.0049875000000000015 0.32575750000000009
decision_type=10 8 10
left_child=1 -1 -3
right_child=-2 2 -4
leaf_value=-0.034269747226299385 0.034615117061610724 0.010346716998445108 -0.019311733891728577
leaf_weight=21.920796483755112 18.778912797570229 41.541408613324165 9.4236749708652479
leaf_count=120 57 330 45
internal_value=0.000959014 -0.00834272 0.00353811
internal_weight=91.6648 72.8859 50.9651
internal_count=552 495 375
is_linear=0
shrinkage=0.03


Tree=16
num_leaves=5
num_cat=0
split_feature=4 25 22 22
split_gain=36.6531 19.7002 8.0713 3.50888
threshold=1.0000000180025095e-35 0.53438100000000011 0.044478500000000004 0.040069000000000007
decision_type=10 2 8 8
left_child=1 2 -1 -3
right_child=-2 3 -4 -5
leaf_value=-0.031102966800066967 0.03464007312201528 0 -0.0064012727132547976 0.025636696234994923
leaf_weight=23.658333480358124 18.103114545345306 4.2004672884941074 32.299959868192673 10.057879462838173
leaf_count=127 55 18 286 60
internal_value=0 -0.0102321 -0.0184048 0.0177283
internal_weight=88.3198 70.2166 55.9583 14.2583
internal_count=546 491 413 78
is_linear=0
shrinkage=0.03


Tree=17
num_leaves=5
num_cat=0
split_feature=3 21 25 24
split_gain=35.6117 23.7699 10.748 2.89429
threshold=1.0000000180025095e-35 0.00092500000000000015 0.43150050000000006 0.95694350000000006
decision_type=10 8 2 2
left_child=1 3 -3 -1
right_child=-2 2 -4 -5
leaf_value=-0.035950810278924189 0.0355069502684097 -0.0068705122234978405 0.020822484686061654 -0.00014057832379470297
leaf_weight=20.751096412539486 16.876009225845337 32.635172367095947 16.104768693447113 4.1209319978952399
leaf_count=115 51 265 103 19
internal_value=0 -0.00955328 0.00237683 -0.0317477
internal_weight=90.488 73.612 48.7399 24.872
internal_count=553 502 368 134
is_linear=0
shrinkage=0.03


Tree=18
num_leaves=5
num_cat=0
split_feature=4 21 23 25
split_gain=33.3022 22.7193 7.35327 6.87943
threshold=1.0000000180025095e-35 0.062116500000000012 0.014006000000000003 0.65401100000000012
decision_type=10 8 10 2
left_child=1 3 -3 -1
right_child=-2 2 -4 -5
leaf_value=-0.030816939577241725 0.03394179137295731 -0.0014536322536300157 0.024326823171914314 0.0030594842378554908
leaf_weight=28.697275504469872 18.445526927709579 26.587445847690105 11.108998134732245 4.015548810362815
leaf_count=155 57 295 36 15
internal_value=0.000792211 -0.0085157 0.00663984 -0.0259108
internal_weight=88.8548 70.4093 37.6964 32.7128
internal_count=558 501 331 170
is_linear=0
shrinkage=0.03


Tree=19
num_leaves=7
num_cat=0
split_feature=21 25 7 23 24 25
split_gain=22.6378 16.084 9.22127 4.36311 3.1462 1.91132
threshold=0.11378600000000001 0.46564500000000003 8.0568855000000017 0.0049875000000000015 0.92466550000000014 0.024936000000000003
decision_type=10 2 8 10 2 2
left_child=1 2 -1 -2 -3 -5
right_child=3 4 -4 5 -6 -7
leaf_value=-0.028910943578350921 -0.0015691003280035552 0 -0.0022210201353805919 0 0.02265346503516158 0.032244595749477654
leaf_weight=27.318307906389236 2.6362576782703426 9.2828732579946536 24.089836001396179 2.5684093832969692 9.1469698399305326 16.166573822498322
leaf_count=146 12 62 244 10 48 50
internal_value=-0.000493097 -0.00915305 -0.0177675 0.0242185 0.0125996 0.0289432
internal_weight=91.2092 69.838 51.4081 21.3712 18.4298 18.735
internal_count=572 500 390 72 110 60
is_linear=0
shrinkage=0.03


Tree=20
num_leaves=5
num_cat=0
split_feature=3 21 5 18
split_gain=30.2806 19.4579 4.96644 4.52354
threshold=1.0000000180025095e-35 0.11378600000000001 4.5000000000000009 0.29495000000000005
decision_type=10 8 10 10
left_child=1 2 -1 -3
right_child=-2 3 -4 -5
leaf_value=-0.026118023912902574 0.035362085879413113 0.0012331146816091719 0.0033328202360707136 0.027539380510318852
leaf_weight=30.802248820662498 16.292846038937569 32.175624772906303 3.2880854308605185 5.2391588389873496
leaf_count=162 50 306 12 15
internal_value=0.00165886 -0.00673261 -0.0224288 0.00742988
internal_weight=87.798 71.5051 34.0903 37.4148
internal_count=545 495 174 321
is_linear=0
shrinkage=0.03


Tree=21
num_leaves=5
num_cat=0
split_feature=4 25 23 2
split_gain=24.5773 20.2383 9.24279 4.89982
threshold=1.0000000180025095e-35 0.53438100000000011 0.043396000000000011 0.32575750000000009
decision_type=10 2 8 10
left_child=1 2 -1 -3
right_child=-2 3 -4 -5
leaf_value=-0.032385700933685903 0.030839670686871653 0.027669619263412208 -0.0057667011770416816 -0.002075956053389194
leaf_weight=19.102040097117424 15.361721381545065 11.462650351226328 36.482085190713406 4.3529484570026389
leaf_count=110 49 66 307 19
internal_value=0 -0.00791078 -0.0166166 0.0188626
internal_weight=86.7614 71.3997 55.5841 15.8156
internal_count=551 502 417 85
is_linear=0
shrinkage=0.03


Tree=22
num_leaves=5
num_cat=0
split_feature=4 18 21 21
split_gain=32.3519 21.4099 8.17118 7.03366
threshold=1.0000000180025095e-35 0.092983500000000011 0.00092500000000000015 0.13168750000000004
decision_type=10 8 10 10
left_child=1 3 -3 -1
right_child=-2 2 -4 -5
leaf_value=-0.037479026607643712 0.033804868642494483 -0.0049427231188258558 0.019237520289382536 0.00080260181198045597
leaf_weight=17.917873039841655 18.945707693696022 31.997450426220894 15.943705201148985 3.4032476991415015
leaf_count=104 60 309 56 13
internal_value=0.00169368 -0.0077135 0.00316929 -0.0307898
internal_weight=88.208 69.2623 47.9412 21.3211
internal_count=542 482 365 117
is_linear=0
shrinkage=0.03


Tree=23
num_leaves=5
num_cat=0
split_feature=4 23 21 17
split_gain=24.5494 17.6572 7.68232 0.411626
threshold=1.0000000180025095e-35 0.0078600000000000024 0.11378600000000001 0.20883650000000001
decision_type=10 8 10 10
left_child=1 -1 -3 -2
right_child=3 2 -4 -5
leaf_value=-0.030715179654441791 0.032789560046155755 -0.0040091782743913364 0.022154013766895853 0.0011414578864832525
leaf_weight=17.618058174848557 14.464162766933443 37.977544561028481 10.114900499582289 2.6862806379795066
leaf_count=103 46 343 33 10
internal_value=0.00083981 -0.00737916 0.00188406 0.0302293
internal_weight=82.8609 65.7105 48.0924 17.1504
internal_count=535 479 376 56
is_linear=0
shrinkage=0.03


Tree=24
num_leaves=5
num_cat=0
split_feature=4 25 18 23
split_gain=22.0812 17.8905 9.67078 5.48904
threshold=1.0000000180025095e-35 0.38368250000000004 0.18114000000000002 0.00089200000000000011
decision_type=10 2 8 8
left_child=1 2 -1 -3
right_child=-2 3 -4 -5
leaf_value=-0.030790462124950912 0.031233382818920227 -0.010725579313176012 -0.0028742199835844243 0.020790909044178466
leaf_weight=20.110478967428207 14.770278409123419 3.0195521563291576 28.215998157858849 18.995030529797077
leaf_count=114 48 17 255 117
internal_value=0.000981207 -0.00597988 -0.0161964 0.0145009
internal_weight=85.1113 70.3411 48.3265 22.0146
internal_count=551 503 369 134
is_linear=0
shrinkage=0.03


Tree=25
num_leaves=5
num_cat=0
split_feature=3 22 25 25
split_gain=25.5126 19.5912 7.88114 6.20557
threshold=1.0000000180025095e-35 0.040069000000000007 0.46564500000000003 0.65401100000000012
decision_type=10 8 2 2
left_child=1 3 -3 -1
right_child=-2 2 -4 -5
leaf_value=-0.032320762074568986 0.031982411187282601 -0.0035925346512739528 0.020798088473229705 0.0038428112656807381
leaf_weight=22.342533513903621 15.539654716849325 34.666357427835464 13.79443599283695 2.7162945121526709
leaf_count=131 51 289 90 10
internal_value=0.000106388 -0.00722885 0.00357504 -0.0273398
internal_weight=89.0593 73.5196 48.4608 25.0588
internal_count=571 520 379 141
is_linear=0
shrinkage=0.03


Tree=26
num_leaves=7
num_cat=0
split_feature=21 25 14 7 2 22
split_gain=14.7913 10.5715 7.17953 5.47276 2.44409 1.0116
threshold=1.0000000180025095e-35 0.32019750000000008 1.5000000000000002 8.0568855000000017 0.70833350000000006 0.13270100000000004
decision_type=8 2 10 10 10 10
left_child=2 3 5 -2 -3 -1
right_child=1 4 -4 -5 -6 -7
leaf_value=-0.026568329592152679 -0.0088157852468818548 0.024356118041727784 0.013047396072353765 0.01720812367622198 0 0
leaf_weight=20.031744033098228 28.76105409860611 22.273956134915355 2.404066562652587 6.0814604610204688 2.0047770887613288 1.7859979569911946
leaf_count=117 247 135 8 21 9 8
internal_value=-0.000227227 0.00751799 -0.0189791 -0.00247668 0.0216561 -0.0248675
internal_weight=83.3431 59.1212 24.2218 34.8425 24.2787 21.8177
internal_count=545 412 133 268 144 125
is_linear=0
shrinkage=0.03


Tree=27
num_leaves=5
num_cat=0
split_feature=4 22 5 20
split_gain=27.2114 14.5603 6.97949 2.9115
threshold=1.0000000180025095e-35 0.040069000000000007 1.5000000000000002 0.3543650000000001
decision_type=10 8 10 10
left_child=1 3 -3 -1
right_child=-2 2 -4 -5
leaf_value=-0.029970877169102642 0.031119201463182918 -0.0030087012386225392 0.025015954625584935 -0.000468276063411686
leaf_weight=19.64969186484814 17.337536081671715 37.702795296907425 6.7270674705505362 6.0332248955965033
leaf_count=114 58 342 21 31
internal_value=0.000118253 -0.0080997 0.00191587 -0.0248601
internal_weight=87.4503 70.1128 44.4299 25.6829
internal_count=566 508 363 145
is_linear=0
shrinkage=0.03


Tree=28
num_leaves=5
num_cat=0
split_feature=4 23 2 24
split_gain=20.4859 16.5518 6.39174 3.41918
threshold=1.0000000180025095e-35 0.0049875000000000015 0.32575750000000009 0.95694350000000006
decision_type=10 8 8 2
left_child=1 3 -3 -1
right_child=-2 2 -4 -5
leaf_value=-0.034260105733168948 0.028652290060935268 0.015503809077035153 -0.0050478906780552189 0
leaf_weight=14.751490607857706 15.74795278906822 17.806249752640724 34.265267245471478 2.9540431499481192
leaf_count=94 54 65 334 15
internal_value=0.000398221 -0.00648445 0.0018969 -0.0292861
internal_weight=85.525 69.7771 52.0715 17.7055
internal_count=562 508 399 109
is_linear=0
shrinkage=0.03


Tree=29
num_leaves=5
num_cat=0
split_feature=3 22 25 24
split_gain=22.2132 12.833 6.30005 4.01115
threshold=1.0000000180025095e-35 0.026265000000000004 0.28514000000000006 0.95694350000000006
decision_type=10 8 2 2
left_child=1 3 -3 -1
right_child=-2 2 -4 -5
leaf_value=-0.030074279030056279 0.031072256348391409 -0.0058633711310924468 0.014439285808505509 0
leaf_weight=16.042716979980472 15.538177862763403 29.207940176129341 20.087259061634541 3.3205835670232764
leaf_count=98 53 236 143 16
internal_value=0.00159156 -0.00568313 0.00218981 -0.0246726
internal_weight=84.1967 68.6585 49.2952 19.3633
internal_count=546 493 379 114
is_linear=0
shrinkage=0.03


Tree=30
num_leaves=5
num_cat=0
split_feature=4 23 21 24
split_gain=18.5037 15.2436 6.06174 2.10188
threshold=1.0000000180025095e-35 0.0049875000000000015 0.11378600000000001 0.95694350000000006
decision_type=10 8 10 2
left_child=1 3 -3 -1
right_child=-2 2 -4 -5
leaf_value=-0.031877753600670189 0.027312938874083554 -0.0034887151681935974 0.019793648163295603 0
leaf_weight=15.931176334619524 14.330958828330038 40.261605836451054 9.8383203744888288 3.4405777007341376
leaf_count=103 50 357 33 18
internal_value=-0.000188886 -0.00717184 0.00137834 -0.0278452
internal_weight=83.8026 69.4717 50.0999 19.3718
internal_count=561 511 390 121
is_linear=0
shrinkage=0.03


Tree=31
num_leaves=4
num_cat=0
split_feature=3 25 21
split_gain=21.551 11.4672 10.3576
threshold=1.0000000180025095e-35 0.71528900000000017 0.11378600000000001
decision_type=10 2 8
left_child=1 2 -1
right_child=-2 -3 -4
leaf_value=-0.023326781632710986 0.029893312227834992 0.023265159385154322 0
leaf_weight=30.17803105711937 14.746203795075415 6.4714371114969245 31.748401507735252
leaf_count=171 52 34 295
internal_value=0 -0.00703916 -0.0115967
internal_weight=83.1441 68.3979 61.9264
internal_count=552 500 466
is_linear=0
shrinkage=0.03


Tree=32
num_leaves=5
num_cat=0
split_feature=3 23 25 9
split_gain=20.4689 11.4122 6.48145 1.70913
threshold=1.0000000180025095e-35 0.0049875000000000015 0.43150050000000006 1.0000000180025095e-35
decision_type=10 8 2 10
left_child=1 3 -3 -1
right_child=-2 2 -4 -5
leaf_value=-0.028043255032970095 0.029086698546903673 -0.0068458024663512933 0.01494677040243611 0
leaf_weight=17.430985659360889 13.759964242577551 35.003886833786964 15.138521008193491 1.5499657690525044
leaf_count=112 49 284 102 7
internal_value=-0.000427175 -0.00768377 0 -0.0257097
internal_weight=82.8833 69.1234 50.1424 18.981
internal_count=554 505 386 119
is_linear=0
shrinkage=0.03


Tree=33
num_leaves=5
num_cat=0
split_feature=4 25 18 22
split_gain=18.6019 15.8096 7.94798 1.83455
threshold=1.0000000180025095e-35 0.53438100000000011 0.18114000000000002 0.11690700000000001
decision_type=10 2 8 8
left_child=1 2 -1 -3
right_child=-2 3 -4 -5
leaf_value=-0.028094186866906838 0.027121732138120573 0 -0.0033134554273403561 0.023105255776155395
leaf_weight=21.01063360273838 15.224786669015883 4.1723437756299946 30.767964087426662 10.199910812079906
leaf_count=126 55 18 281 65
internal_value=0 -0.00694547 -0.0149045 0.0176237
internal_weight=81.3756 66.1509 51.7786 14.3723
internal_count=545 490 407 83
is_linear=0
shrinkage=0.03


Tree=34
num_leaves=5
num_cat=0
split_feature=3 2 25 24
split_gain=15.9942 11.7338 9.75142 3.46102
threshold=1.0000000180025095e-35 0.32575750000000009 0.15660800000000002 0.95694350000000006
decision_type=10 10 2 2
left_child=1 2 -1 -3
right_child=-2 3 -4 -5
leaf_value=-0.0087991579162170989 0.029201915478546007 -0.026474310015251062 0.01660564627894277 0
leaf_weight=22.965652212500572 12.677865043282507 17.192368447780613 24.259056337177753 4.41677501797676
leaf_count=191 46 102 183 22
internal_value=0.00154798 -0.00413456 0.00386619 -0.0211783
internal_weight=81.5117 68.8339 47.2247 21.6091
internal_count=544 498 374 124
is_linear=0
shrinkage=0.03


Tree=35
num_leaves=6
num_cat=0
split_feature=4 25 22 17 20
split_gain=15.8888 9.84442 7.58644 0.806309 0.680307
threshold=1.0000000180025095e-35 0.71528900000000017 0.026265000000000004 0.20883650000000001 0.19483500000000004
decision_type=10 2 8 8 10
left_child=1 2 -1 -2 -3
right_child=3 4 -4 -5 -6
leaf_value=-0.024758692907029502 0.028425701852213311 0.02354938856919454 -0.0019625649265103966 0 0
leaf_weight=19.544092684984207 12.371730178594586 5.8648211583495131 40.984986916184425 2.4786884188652047 1.7691465914249418
leaf_count=124 45 34 343 10 7
internal_value=0 -0.00605021 -0.010617 0.0255962 0.020118
internal_weight=83.0135 68.163 60.5291 14.8504 7.63397
internal_count=563 508 467 55 41
is_linear=0
shrinkage=0.03


Tree=36
num_leaves=6
num_cat=0
split_feature=4 18 5 5 18
split_gain=20.3593 17.7167 3.31603 3.19288 0.503716
threshold=1.0000000180025095e-35 0.14532350000000002 1.5000000000000002 4.5000000000000009 0.17406150000000001
decision_type=10 8 10 10 8
left_child=1 3 -3 -1 -2
right_child=4 2 -4 -5 -6
leaf_value=-0.030027089591893933 0.030506962011428815 0 0.020559276190895613 0 0.00031040906075131992
leaf_weight=22.595068901777271 12.137164145708081 37.185237787663937 5.1531211137771598 2.273285135626792 2.7292812317609796
leaf_count=139 44 343 17 9 11
internal_value=-0.000612436 -0.00819963 0.00319136 -0.0269252 0.0276254
internal_weight=82.0732 67.2067 42.3384 24.8684 14.8664
internal_count=563 508 360 148 55
is_linear=0
shrinkage=0.03


Tree=37
num_leaves=6
num_cat=0
split_feature=24 19 25 15 16
split_gain=9.53383 10.0478 4.11636 1.37463 0.871915
threshold=0.85012900000000002 0.0041160000000000007 0.53438100000000011 0.34860600000000003 0.023536500000000005
decision_type=2 8 2 10 8
left_child=3 -2 -3 4 -1
right_child=1 2 -4 -5 -6
leaf_value=0 -0.021860221476414924 0.0042772490735156965 0.022989853596514478 0 -0.025528083397097057
leaf_weight=1.698492005467412 6.7870336025953284 44.552103742957115 15.110692810267208 1.8926229327917088 9.6905289553105831
leaf_count=10 47 308 80 8 90
internal_value=0.000687186 0.00584318 0.0103691 -0.0195899 -0.0228084
internal_weight=79.7315 66.4498 59.6628 13.2816 11.389
internal_count=543 435 388 108 100
is_linear=0
shrinkage=0.03


Tree=38
num_leaves=7
num_cat=0
split_feature=21 25 3 24 16 22
split_gain=17.0305 9.8235 6.32713 2.18628 1.98703 1.36338
threshold=0.045361000000000005 0.59112300000000007 1.0000000180025095e-35 0.92614150000000006 0.44553150000000002 0.36700350000000009
decision_type=10 2 10 2 10 10
left_child=1 2 -1 -3 5 -2
right_child=4 3 -4 -5 -6 -7
leaf_value=-0.017159235155495282 0.026953629184153872 0 0.01252478833554862 0.022678805948733286 0 0
leaf_weight=44.144679851830006 17.887643218040473 5.9729206711053831 4.0869878232479087 6.2528516575694084 2.7297296673059455 2.9022985547780982
leaf_count=394 64 38 16 36 12 12
internal_value=0.000963621 -0.00715514 -0.0134722 0.01354 0.0214128 0.0242134
internal_weight=83.9771 60.4574 48.2317 12.2258 23.5197 20.7899
internal_count=572 484 410 74 88 76
is_linear=0
shrinkage=0.03


Tree=39
num_leaves=7
num_cat=0
split_feature=2 24 25 5 19 22
split_gain=9.26298 9.15009 5.74047 5.50282 4.99803 2.80455
threshold=0.32575750000000009 0.91989850000000006 0.15660800000000002 4.5000000000000009 0.0021375000000000005 0.027415500000000006
decision_type=8 2 2 8 8 10
left_child=2 3 5 -2 -3 -1
right_child=1 4 -4 -5 -6 -7
leaf_value=-0.01736384174132492 -0.030552085138927546 -0.015790573750057088 0.024064730392887979 -0.0027687948514050816 0.014015601070347695 0.0064076848318292976
leaf_weight=3.1918498277664211 12.650440439581873 3.1997667700052288 15.801320239901541 16.608736544847488 17.458434134721756 13.007327720522879
leaf_count=22 80 23 59 192 131 54
internal_value=0.000516941 -0.00706019 0.0127857 -0.0174352 0.00671392 0
internal_weight=81.9179 49.9174 32.0005 29.2592 20.6582 16.1992
internal_count=561 426 135 272 154 76
is_linear=0
shrinkage=0.03


Tree=40
num_leaves=7
num_cat=0
split_feature=21 6 25 25 2 16
split_gain=15.9588 7.92469 4.01297 2.52341 1.78948 1.11913
threshold=1.0000000180025095e-35 12.563863000000003 0.21412400000000004 0.46564500000000003 0.51315800000000011 0.21752250000000004
decision_type=10 8 2 2 10 10
left_child=1 -1 5 -3 -4 -2
right_child=2 3 4 -5 -6 -7
leaf_value=-0.022659061267595561 -0.0045921436612499393 -0.0051001321976457759 0.027628557236985391 0.012661466729615418 0 0.0090854437874344687
leaf_weight=21.957923069596291 7.11829622089863 18.154153063893322 15.202764943242075 7.7341460660099974 2.8412274718284598 6.7176524102687836
leaf_count=140 33 217 54 69 13 27
internal_value=0 -0.0105711 0.015776 0 0.0241608 0.000702337
internal_weight=79.7262 47.8462 31.8799 25.8883 18.044 13.8359
internal_count=553 426 127 286 67 60
is_linear=0
shrinkage=0.03


Tree=41
num_leaves=5
num_cat=0
split_feature=3 22 18 16
split_gain=16.1376 14.7856 6.31356 0.848439
threshold=1.0000000180025095e-35 0.040069000000000007 0.29495000000000005 0.21752250000000004
decision_type=10 8 10 10
left_child=1 3 -3 -1
right_child=-2 2 -4 -5
leaf_value=-0.029866260837135568 0.027944022432794577 -0.0018375089797406752 0.023061021150678797 -0.0061739338610576708
leaf_weight=14.77758599072695 12.153572171926497 37.766753129661083 8.3735349029302579 7.4933352619409552
leaf_count=99 47 340 28 43
internal_value=0 -0.00613852 0.00320259 -0.0247611
internal_weight=80.5648 68.4112 46.1403 22.2709
internal_count=557 510 368 142
is_linear=0
shrinkage=0.03


Tree=42
num_leaves=5
num_cat=0
split_feature=3 2 2 24
split_gain=16.9407 10.364 9.59278 2.58406
threshold=1.0000000180025095e-35 0.32575750000000009 1.0000000180025095e-35 0.94901400000000014
decision_type=10 10 10 2
left_child=1 2 -1 -3
right_child=-2 3 -4 -5
leaf_value=-0.0054559517482108818 0.028247945172650512 -0.027667833446898677 0.023998301945064276 0
leaf_weight=35.581618271768093 12.953765779733656 15.354008704423906 10.204318404197691 5.028243474662303
leaf_count=341 51 97 34 28
internal_value=4.20595e-05 -0.00603178 0.00156565 -0.0223926
internal_weight=79.122 66.1682 45.7859 20.3823
internal_count=551 500 375 125
is_linear=0
shrinkage=0.03


Tree=43
num_leaves=5
num_cat=0
split_feature=3 23 24 24
split_gain=13.3422 12.0037 6.795 2.16852
threshold=1.0000000180025095e-35 0.0078600000000000024 0.84572500000000017 0.95694350000000006
decision_type=10 8 2 2
left_child=1 3 -3 -1
right_child=-2 2 -4 -5
leaf_value=-0.028459959932072839 0.02736189225061943 -0.016319433135556703 0.008481612697017242 0
leaf_weight=13.121621936559679 12.165147870779036 9.1181751191616041 44.941228032112122 2.9438955932855597
leaf_count=94 49 80 328 16
internal_value=0.00156693 -0.00343664 0.00313458 -0.0241358
internal_weight=82.2901 70.1249 54.0594 16.0655
internal_count=567 518 408 110
is_linear=0
shrinkage=0.03


Tree=44
num_leaves=4
num_cat=0
split_feature=3 23 25
split_gain=17.897 12.1651 7.05265
threshold=1.0000000180025095e-35 0.0049875000000000015 0.46564500000000003
decision_type=10 8 2
left_child=1 -1 -3
right_child=-2 2 -4
leaf_value=-0.026716856012661893 0.028046953862714216 -0.0062322909009594517 0.01637938370479981
leaf_weight=16.954777382314205 13.28060808777809 36.567781642079353 14.951448168605564
leaf_count=120 54 310 94
internal_value=0 -0.00679538 0.000319809
internal_weight=81.7546 68.474 51.5192
internal_count=578 524 404
is_linear=0
shrinkage=0.03


Tree=45
num_leaves=5
num_cat=0
split_feature=3 2 24 5
split_gain=12.8717 13.7473 7.66243 2.83331
threshold=1.0000000180025095e-35 0.32575750000000009 0.85012900000000002 4.5000000000000009
decision_type=10 10 2 10
left_child=1 2 -1 -3
right_child=-2 3 -4 -5
leaf_value=-0.01712689912896373 0.025722284199780579 -0.027431706057763548 0.010171820511634285 0
leaf_weight=8.5189006552100164 12.09127254784107 17.993670478463176 38.060420919209719 2.2864460200071326
leaf_count=79 50 120 301 9
internal_value=0.000283253 -0.0047949 0.00383983 -0.0238549
internal_weight=78.9507 66.8594 46.5793 20.2801
internal_count=559 509 380 129
is_linear=0
shrinkage=0.03


Tree=46
num_leaves=7
num_cat=0
split_feature=21 9 24 2 24 24
split_gain=10.6204 5.22721 4.44434 4.9071 2.34752 2.0352
threshold=1.0000000180025095e-35 8.1715810000000015 0.85265450000000009 0.32575750000000009 0.9569835000000001 0.92466550000000014
decision_type=10 8 2 10 2 2
left_child=1 4 -2 -4 -1 -3
right_child=2 5 3 -5 -6 -7
leaf_value=-0.024035228541020876 -0.0068526105905795864 -0.0061002925714988736 0.023388071109197075 -0.00096048099240162615 0 0.00962446284222351
leaf_weight=15.74763333052397 5.2519490569829932 16.051192581653599 21.798375457525257 7.0797631591558448 2.804630681872367 9.1203875020146352
leaf_count=111 26 193 83 34 16 85
internal_value=0 -0.00926767 0.0122207 0.0169491 -0.0201118 0
internal_weight=77.8539 43.7238 34.1301 28.8781 18.5523 25.1716
internal_count=548 405 143 117 127 278
is_linear=0
shrinkage=0.03


Tree=47
num_leaves=5
num_cat=0
split_feature=3 23 25 7
split_gain=13.1203 5.87148 3.18032 0.729966
threshold=1.0000000180025095e-35 0.0049875000000000015 0.46564500000000003 1.0000000180025095e-35
decision_type=10 8 2 10
left_child=1 3 -3 -1
right_child=-2 2 -4 -5
leaf_value=-0.021426795241876143 0.025159946147483764 -0.004891011250939512 0.011022597716831254 0
leaf_weight=14.902812510728838 12.055164143443106 34.625077374279499 13.150302171707152 1.8081434667110432
leaf_count=109 52 293 88 9
internal_value=0 -0.00580993 0 -0.0195873
internal_weight=76.5415 64.4863 47.7754 16.711
internal_count=551 499 381 118
is_linear=0
shrinkage=0.03


Tree=48
num_leaves=7
num_cat=0
split_feature=23 9 23 17 2 20
split_gain=7.26432 6.00415 4.24688 2.66836 2.51128 0.96579
threshold=0.0049875000000000015 1.0000000180025095e-35 0.48883750000000009 0.43166150000000009 0.47222200000000009 0.15922450000000002
decision_type=10 8 10 8 10 8
left_child=1 3 4 -1 -2 -3
right_child=2 5 -4 -5 -6 -7
leaf_value=-0.026145927357800781 0.020610570880978809 0.011768119118040607 -0.0032253288117197122 0 0 -0.0007784236412307009
leaf_weight=11.427599802613255 21.705044820904735 3.2665917724370983 9.3860739767551404 2.8426727429032335 3.8916792273521414 24.910249251872301
leaf_count=86 84 14 46 18 18 291
internal_value=0.000974292 -0.00675399 0.0109342 -0.0207854 0.0169691 0.000706294
internal_weight=77.4299 42.4471 34.9828 14.2703 25.5967 28.1768
internal_count=557 409 148 104 102 305
is_linear=0
shrinkage=0.03


Tree=49
num_leaves=5
num_cat=0
split_feature=4 18 25 22
split_gain=11.5205 10.6271 5.52818 4.6537
threshold=1.0000000180025095e-35 0.32118050000000004 0.73967100000000008 0.027415500000000006
decision_type=10 8 2 10
left_child=1 2 -1 -3
right_child=-2 3 -4 -5
leaf_value=-0.021964237546345636 0.024090250482867791 0 0.0084838508764673703 0.023265729741481101
leaf_weight=27.305641531944278 11.842750132083891 26.150618456304073 3.2814940512180319 6.9951399266719809
leaf_count=173 49 291 12 24
internal_value=0 -0.00512766 -0.0173385 0.00581438
internal_weight=75.5756 63.7329 30.5871 33.1458
internal_count=549 500 185 315
is_linear=0
shrinkage=0.03


Tree=50
num_leaves=5
num_cat=0
split_feature=3 17 25 5
split_gain=11.7292 11.6695 4.17303 1.01872
threshold=1.0000000180025095e-35 0.10894200000000002 0.47762700000000008 1.5000000000000002
decision_type=10 8 2 10
left_child=1 3 -3 -1
right_child=-2 2 -4 -5
leaf_value=-0.02696529988458991 0.02509692109681155 -0.0017329309746873236 0.015915835536918017 0
leaf_weight=13.600289687514307 12.082726404070852 37.375265918672085 13.176116842776535 2.9515812546014777
leaf_count=96 53 315 92 13
internal_value=0.000839967 -0.00398693 0.00294089 -0.0238844
internal_weight=79.186 67.1033 50.5514 16.5519
internal_count=569 516 407 109
is_linear=0
shrinkage=0.03


Tree=51
num_leaves=5
num_cat=0
split_feature=4 18 24 24
split_gain=10.7091 9.15572 5.50954 2.17775
threshold=1.0000000180025095e-35 0.14532350000000002 0.86084600000000011 0.94901400000000014
decision_type=10 8 2 2
left_child=1 3 -3 -1
right_child=-2 2 -4 -5
leaf_value=-0.021700726245820163 0.0233987907579279 -0.011793650191052919 0.010852072193583331 0
leaf_weight=18.829575829207901 13.194985136389731 9.7130427658557874 31.087601758539677 4.2578749954700461
leaf_count=121 57 87 260 26
internal_value=0.00128674 -0.00367624 0.00433756 -0.0178586
internal_weight=77.0831 63.8881 40.8006 23.0875
internal_count=551 494 347 147
is_linear=0
shrinkage=0.03


Tree=52
num_leaves=6
num_cat=0
split_feature=4 22 25 5 23
split_gain=10.9188 10.8312 3.86505 2.42976 0.279923
threshold=1.0000000180025095e-35 0.040069000000000007 0.43150050000000006 4.5000000000000009 0.41467200000000004
decision_type=10 8 2 10 8
left_child=1 3 -3 -1 -2
right_child=4 2 -4 -5 -6
leaf_value=-0.025076646172258934 0.024429327432235776 -0.0031186853409537951 0.013853197477011971 0 0
leaf_weight=18.890503831207756 10.384531483054158 30.453100547194481 14.787321157753466 1.5602421760559071 2.1312716901302347
leaf_count=137 45 270 106 6 10
internal_value=-3.14601e-05 -0.00551753 0.0023234 -0.0222205 0.0223289
internal_weight=78.207 65.6912 45.2404 20.4507 12.5158
internal_count=574 519 376 143 55
is_linear=0
shrinkage=0.03


Tree=53
num_leaves=5
num_cat=0
split_feature=3 17 24 18
split_gain=10.7376 8.79774 6.30789 2.52095
threshold=1.0000000180025095e-35 0.10894200000000002 0.85012900000000002 0.33937650000000003
decision_type=10 8 2 10
left_child=1 3 -3 -1
right_child=-2 2 -4 -5
leaf_value=-0.027029646513910485 0.023889279110782532 -0.01516481570390949 0.0074535053199487195 0
leaf_weight=13.048259593546389 11.154460310935972 11.943196780979632 38.192265499383211 1.5751755237579335
leaf_count=93 51 103 312 6
internal_value=0 -0.00483788 0.000948819 -0.0231638
internal_weight=75.9134 64.7589 50.1355 14.6234
internal_count=565 514 415 99
is_linear=0
shrinkage=0.03


Tree=54
num_leaves=5
num_cat=0
split_feature=3 25 22 2
split_gain=10.4679 6.94493 4.2971 3.42955
threshold=1.0000000180025095e-35 0.46564500000000003 0.056101000000000005 0.32575750000000009
decision_type=10 2 10 10
left_child=1 2 -1 -3
right_child=-2 3 -4 -5
leaf_value=-0.014585952743348242 0.0252807942412187 0.01896372042903844 0.0028206497553217415 -0.0040553192222577451
leaf_weight=34.418800860643387 11.07215294241905 12.528625600039961 14.19748020172119 4.9718141853809348
leaf_count=339 51 88 62 26
internal_value=0.00150428 -0.00296786 -0.00905297 0.0113243
internal_weight=77.1889 66.1167 48.6163 17.5004
internal_count=566 515 401 114
is_linear=0
shrinkage=0.03


Tree=55
num_leaves=5
num_cat=0
split_feature=3 2 25 24
split_gain=9.15359 5.9981 5.9369 2.62979
threshold=1.0000000180025095e-35 0.32575750000000009 0.15660800000000002 0.95694350000000006
decision_type=10 10 2 2
left_child=1 2 -1 -3
right_child=-2 3 -4 -5
leaf_value=-0.009666186834096686 0.022407367692765742 -0.023243472592914351 0.010982784488972981 0
leaf_weight=21.207639962434769 9.8082382604479772 14.724170811474325 22.597734607756138 3.4557815790176383
leaf_count=187 46 102 184 20
internal_value=-0.00035576 -0.00528746 0.000366172 -0.0184489
internal_weight=71.7936 61.9853 43.8054 18.18
internal_count=539 493 371 122
is_linear=0
shrinkage=0.03


Tree=56
num_leaves=7
num_cat=0
split_feature=21 25 16 2 9 18
split_gain=14.7522 4.95911 2.75407 2.42328 1.7605 1.35062
threshold=1.0000000180025095e-35 0.15660800000000002 0.35270600000000008 0.58947350000000009 8.1715810000000015 0.27392750000000005
decision_type=8 2 8 10 10 10
left_child=4 2 -2 -3 5 -1
right_child=1 3 -4 -5 -6 -7
leaf_value=-0.027260875847356439 0.007551639637578168 0.018191836802759449 -0.01078191676645565 -0.0024650935626647345 0 0
leaf_weight=13.864064298570161 9.9819797128438967 27.509462274611 12.45812752842903 2.4243404120206824 1.4437843337655056 3.397825598716735
leaf_count=110 44 200 142 14 7 19
internal_value=0 0.00800049 -0.00151859 0.0155358 -0.0211752 -0.0236334
internal_weight=71.0796 52.3739 22.4401 29.9338 18.7057 17.2619
internal_count=536 400 186 214 136 129
is_linear=0
shrinkage=0.03


Tree=57
num_leaves=7
num_cat=0
split_feature=21 2 3 2 17 3
split_gain=8.47878 3.22341 2.61226 2.22347 1.97208 1.03706
threshold=1.0000000180025095e-35 0.70833350000000006 2.5000000000000004 1.0000000180025095e-35 0.10894200000000002 1.0000000180025095e-35
decision_type=8 8 10 10 10 8
left_child=2 3 4 -2 -1 -3
right_child=1 5 -4 -5 -6 -7
leaf_value=-0.026133471423228114 0.0029351877864414433 -0.012741104806472668 0.0061844841834976525 0.022251133107314698 -0.0023033618907496206 0.0023947775189551291
leaf_weight=8.6800344884395653 15.464087389409544 1.7695116698741937 1.6322541832923878 14.206367328763006 9.447665333747862 24.74092809855938
leaf_count=74 73 11 8 54 59 280
internal_value=0.00174128 0.00798773 -0.0134123 0.014296 -0.0172244 0
internal_weight=75.9408 56.1809 19.76 29.6705 18.1277 26.5104
internal_count=559 418 141 127 133 291
is_linear=0
shrinkage=0.03


Tree=58
num_leaves=5
num_cat=0
split_feature=3 2 18 25
split_gain=8.29621 6.78632 6.0579 1.711
threshold=1.0000000180025095e-35 0.32575750000000009 0.12082150000000001 0.76234450000000009
decision_type=10 10 10 2
left_child=1 2 -1 -3
right_child=-2 3 -4 -5
leaf_value=-0.0021223605768048411 0.024379001298569757 -0.018869485416011387 0.019386644968478195 0
leaf_weight=32.915957033634186 10.280048325657843 16.186508595943454 13.55592669546604 1.7934521138668049
leaf_count=323 49 113 52 7
internal_value=0.00264111 -0.00131139 0.00434059 -0.0158815
internal_weight=74.7319 64.4518 46.4719 17.98
internal_count=544 495 375 120
is_linear=0
shrinkage=0.03


Tree=59
num_leaves=5
num_cat=0
split_feature=3 18 24 4
split_gain=9.23752 4.64179 3.66982 3.57154
threshold=1.0000000180025095e-35 0.092983500000000011 0.85387250000000015 1.0000000180025095e-35
decision_type=10 8 2 10
left_child=1 3 -3 -1
right_child=-2 2 -4 -5
leaf_value=-0.020736683192521907 0.02346488791543002 -0.012257584091563967 0.0059889169034882525 0.006069934217710622
leaf_weight=17.036277204751972 9.5106669589877111 10.516316223889588 32.658181667327881 2.2834285348653784
leaf_count=117 46 95 277 8
internal_value=0 -0.00466514 0.000387151 -0.0158343
internal_weight=72.0049 62.4942 43.1745 19.3197
internal_count=543 497 372 125
is_linear=0
shrinkage=0.03


Tree=60
num_leaves=5
num_cat=0
split_feature=3 2 25 24
split_gain=9.18971 5.55453 5.3902 2.58681
threshold=1.0000000180025095e-35 0.32575750000000009 0.20818250000000002 0.94349800000000006
decision_type=10 10 2 2
left_child=1 2 -1 -3
right_child=-2 3 -4 -5
leaf_value=-0.006441422222515222 0.024718690197073571 -0.022564238754768158 0.012718519857659963 0
leaf_weight=25.226838499307632 9.3901888728141767 12.510341815650465 20.787741452455521 5.6594309434294692
leaf_count=228 47 88 162 36
internal_value=0.000700482 -0.00331372 0.00185096 -0.0162191
internal_weight=73.5745 64.1844 46.0146 18.1698
internal_count=561 514 390 124
is_linear=0
shrinkage=0.03


Tree=61
num_leaves=7
num_cat=0
split_feature=21 24 19 4 25 24
split_gain=10.6158 8.24125 6.09376 2.0245 1.92192 0.557153
threshold=0.11378600000000001 0.91197850000000014 0.0041160000000000007 1.5000000000000002 0.15660800000000002 0.89579050000000005
decision_type=10 2 8 8 2 2
left_child=1 3 -3 -1 5 -2
right_child=4 2 -4 -5 -6 -7
leaf_value=-0.020124238393377882 0.007926926728459717 -0.016224263461241343 0.015320826823679501 -0.0023530431891168177 0.028968862418662658 -0.0021006965431104628
leaf_weight=19.076126106083393 6.2240179926157015 3.8202907666564014 19.324126064777374 14.855074893683193 8.8469542711973173 1.7864166945219038
leaf_count=127 25 35 150 176 34 9
internal_value=0.00118736 -0.00474251 0.00770221 -0.0139795 0.0204587 0.00300291
internal_weight=73.933 57.0756 23.1444 33.9312 16.8574 8.01043
internal_count=556 488 185 303 68 34
is_linear=0
shrinkage=0.03


Tree=62
num_leaves=4
num_cat=0
split_feature=3 25 2
split_gain=8.36471 4.83108 3.90924
threshold=1.0000000180025095e-35 0.71528900000000017 0.32575750000000009
decision_type=10 2 10
left_child=1 2 -1
right_child=-2 -3 -4
leaf_value=-0.00099037525787252253 0.022069255122808659 0.01646617021957094 -0.01805752877620849
leaf_weight=40.906469352543354 10.137144438922403 5.4054681845009318 17.467630460858345
leaf_count=355 52 33 124
internal_value=0 -0.00411313 -0.00721931
internal_weight=73.9167 63.7796 58.3741
internal_count=564 512 479
is_linear=0
shrinkage=0.03


Tree=63
num_leaves=7
num_cat=0
split_feature=22 23 25 23 7 16
split_gain=6.99954 7.25977 4.52872 4.37805 3.81497 1.40669
threshold=0.041865000000000006 1.0000000180025095e-35 0.32019750000000008 0.48883750000000009 1.0000000180025095e-35 0.13032400000000002
decision_type=10 10 2 10 10 8
left_child=2 -2 4 -3 -1 -4
right_child=1 3 5 -5 -6 -7
leaf_value=-0.015388702579420642 -0.013840875819469205 0.026994120904507733 -0.0032047110622818241 -0.00079850771484096068 0.0093119375650230502 0.010780740358811748
leaf_weight=27.363689765334133 3.4889891967177418 17.330128237605098 4.4686403349041965 3.8894635736942282 3.1926036328077307 13.681811418384312
leaf_count=286 22 67 27 19 15 124
internal_value=0.0018294 0.0142006 -0.00432604 0.0211933 -0.0113121 0.00595294
internal_weight=73.4153 24.7086 48.7067 21.2196 30.5563 18.1505
internal_count=560 108 452 86 301 151
is_linear=0
shrinkage=0.03


Tree=64
num_leaves=7
num_cat=0
split_feature=24 21 24 18 21 16
split_gain=9.28051 5.06677 4.46159 2.42603 1.84472 0.98362
threshold=0.85265450000000009 0.00092500000000000015 0.95694350000000006 0.32118050000000004 0.12386950000000001 0.023536500000000005
decision_type=2 8 2 10 10 8
left_child=4 2 -2 -3 5 -1
right_child=1 3 -4 -5 -6 -7
leaf_value=0 -0.015671111072833335 0.0072560450209623933 0.012274587205932485 0.027598258975521112 0 -0.025083067350893929
leaf_weight=1.5457213521003694 11.123445756733416 39.410151492804289 4.3277125209569922 6.8126181811094275 2.1792888045310965 9.2500732280313969
leaf_count=12 87 318 24 23 9 96
internal_value=0.00206053 0.00737787 -0.0054948 0.012363 -0.0179753 -0.0222373
internal_weight=74.649 61.6739 15.4512 46.2228 12.9751 10.7958
internal_count=569 452 111 341 117 108
is_linear=0
shrinkage=0.03


Tree=65
num_leaves=7
num_cat=0
split_feature=21 4 23 18 25 15
split_gain=10.9447 7.32948 3.90287 3.11835 2.46944 2.12823
threshold=0.045361000000000005 1.0000000180025095e-35 0.0070730000000000003 0.12806200000000004 0.28514000000000006 0.047040500000000006
decision_type=10 8 10 10 2 10
left_child=1 3 -2 -1 -3 -4
right_child=2 4 5 -5 -6 -7
leaf_value=-0.02649914388174025 -0.0034987392549984332 -0.0033603120608688801 0 -0.00047241973801754878 0.012178997735997456 0.026537529527326364
leaf_weight=13.393107749521734 3.2870739251375225 17.212101094424728 2.6361350864172008 8.9828268960118276 11.916912753134964 15.309706047177313
leaf_count=110 20 199 13 50 112 59
internal_value=0.000544506 -0.00653721 0.0176434 -0.018524 0.00260681 0.0228946
internal_weight=72.7379 51.5049 21.2329 22.3759 29.129 17.9458
internal_count=563 471 92 160 311 72
is_linear=0
shrinkage=0.03


Tree=66
num_leaves=6
num_cat=0
split_feature=24 19 24 15 16
split_gain=6.54245 4.94402 2.87243 1.07065 0.991376
threshold=0.85265450000000009 1.0000000180025095e-35 0.92466550000000014 0.28213450000000001 0.023536500000000005
decision_type=2 8 2 10 8
left_child=3 -2 -3 4 -1
right_child=1 2 -4 -5 -6
leaf_value=0 -0.016908008592659163 0.0022540043861870858 0.017515509445935194 0 -0.021587605189922445
leaf_weight=1.3619404882192583 4.1886344254016867 35.78321273252368 19.168945495039225 3.2293163985013953 9.4077420681715012
leaf_count=11 41 259 137 16 97
internal_value=0.000864452 0.00569952 0.00872647 -0.0151981 -0.018845
internal_weight=73.1398 59.1408 54.9522 13.999 10.7697
internal_count=561 437 396 124 108
is_linear=0
shrinkage=0.03


Tree=67
num_leaves=6
num_cat=0
split_feature=4 2 2 24 20
split_gain=9.7138 3.89489 5.09988 1.87666 1.31339
threshold=1.0000000180025095e-35 0.32575750000000009 1.0000000180025095e-35 0.93789450000000019 0.25660100000000002
decision_type=10 10 10 2 8
left_child=1 2 -1 -3 -2
right_child=4 3 -4 -5 -6
leaf_value=-0.0060234176249439903 0.023657760602769015 -0.02238883440931768 0.016932378014413246 0 0
leaf_weight=35.992521241307259 10.404662281274792 12.277343384921553 8.0960794836282712 5.7043435275554648 1.8195270001888282
leaf_count=347 52 90 31 39 9
internal_value=-0.000785011 -0.00616065 -0.000360708 -0.0168666 0.0203754
internal_weight=74.2945 62.0703 44.0886 17.9817 12.2242
internal_count=568 507 378 129 61
is_linear=0
shrinkage=0.03


Tree=68
num_leaves=6
num_cat=0
split_feature=24 3 17 5 16
split_gain=7.25129 5.18616 7.28794 1.58481 0.701371
threshold=0.86084600000000011 1.0000000180025095e-35 0.10894200000000002 1.5000000000000002 0.1098235
decision_type=2 10 8 10 8
left_child=3 2 -2 4 -1
right_child=1 -3 -4 -5 -6
leaf_value=0 -0.016514283315463011 0.023489365618442989 0.0077731681989381103 0 -0.022295364159369589
leaf_weight=2.8909096419811222 12.588584825396536 8.3175331056117994 35.225284904241562 1.5954557880759228 11.092139407992363
leaf_count=21 89 44 289 7 109
internal_value=0 0.00516712 0.000190839 -0.0163186 -0.0193727
internal_weight=71.7099 56.1314 47.8139 15.5785 13.983
internal_count=559 422 378 137 130
is_linear=0
shrinkage=0.03


Tree=69
num_leaves=5
num_cat=0
split_feature=3 18 17 20
split_gain=7.64428 6.95436 5.4944 2.15327
threshold=1.0000000180025095e-35 0.29495000000000005 0.10894200000000002 0.24733750000000002
decision_type=10 10 8 8
left_child=1 2 -1 -3
right_child=-2 3 -4 -5
leaf_value=-0.025862780206964715 0.021942520550376789 0.024067934492177291 -0.0024334873932774725 0
leaf_weight=10.754783332347868 8.8490139096975309 5.4011012464761707 39.194734539836645 3.7166252657771119
leaf_count=87 49 18 356 19
internal_value=0 -0.00435072 -0.00922421 0.0155458
internal_weight=67.9163 59.0672 49.9495 9.11773
internal_count=529 480 443 37
is_linear=0
shrinkage=0.03


Tree=70
num_leaves=5
num_cat=0
split_feature=4 23 18 24
split_gain=7.2433 7.56742 2.7719 1.37431
threshold=1.0000000180025095e-35 0.0078600000000000024 0.14532350000000002 0.95762250000000015
decision_type=10 8 10 2
left_child=1 3 -3 -1
right_child=-2 2 -4 -5
leaf_value=-0.024451849824464626 0.021056154460400101 -0.0018106438509056264 0.012428993499033422 0
leaf_weight=11.076402015984057 10.392288520932196 34.439038001000881 13.9643337726593 2.3163264244794837
leaf_count=99 54 337 56 17
internal_value=0.000691511 -0.00308655 0.00219948 -0.0209274
internal_weight=72.1884 61.7961 48.4034 13.3927
internal_count=563 509 393 116
is_linear=0
shrinkage=0.03


Tree=71
num_leaves=6
num_cat=0
split_feature=25 9 17 2 24
split_gain=5.65552 3.82232 3.13026 2.30727 0.394247
threshold=0.51830250000000011 8.5431960000000018 0.26543200000000006 0.32575750000000009 0.94112850000000015
decision_type=2 10 10 10 2
left_child=1 2 -1 -2 -5
right_child=3 -3 -4 4 -6
leaf_value=-0.012332868965935691 0.020153109055835946 0.013685032513650662 0.0028694547680288146 -0.0062738993055140215 0.0044352835524018889
leaf_weight=38.246554628014565 10.778649844229223 4.6506591215729705 11.873085379600523 3.3238940462470046 2.3834583163261414
leaf_count=364 77 24 65 19 13
internal_value=-0.00012695 -0.00521568 -0.00820809 0.0134396 0
internal_weight=71.2563 54.7703 50.1196 16.486 5.70735
internal_count=562 453 429 109 32
is_linear=0
shrinkage=0.03


Tree=72
num_leaves=6
num_cat=0
split_feature=25 3 22 2 24
split_gain=8.39524 4.63144 3.66642 1.77666 0.128336
threshold=0.46564500000000003 1.0000000180025095e-35 0.064152000000000015 0.70833350000000006 0.94112850000000015
decision_type=2 10 8 10 2
left_child=1 2 -1 -2 -5
right_child=3 -3 -4 4 -6
leaf_value=-0.019473980674737514 0.018998305665292613 0.014675476921534931 -0.0014454737728684126 -0.0051379843950734661 0.00069285286196881218
leaf_weight=17.560794025659561 16.682871572673324 4.6782374233007422 29.298431389033794 1.2848693653941148 1.9718078672885893
leaf_count=139 109 26 267 11 11
internal_value=0 -0.00613166 -0.00956868 0.0154916 0
internal_weight=71.477 51.5375 46.8592 19.9395 3.25668
internal_count=563 432 406 131 22
is_linear=0
shrinkage=0.03


Tree=73
num_leaves=6
num_cat=0
split_feature=3 18 2 24 15
split_gain=6.31091 5.43973 4.16908 2.40189 0.122296
threshold=1.0000000180025095e-35 0.2590360000000001 0.41428550000000003 0.94901400000000014 0.16894050000000002
decision_type=10 8 8 2 8
left_child=1 3 -3 -1 -2
right_child=4 2 -4 -5 -6
leaf_value=-0.017387382149586485 0.021921505222767916 0.018319984736577543 -0.0021667198606496983 0.0012903522115635723 0
leaf_weight=21.768549576401714 7.2553189992904636 9.0199828967452031 26.283615250140429 3.969600833952426 1.6738757118582732
leaf_count=149 41 35 295 27 10
internal_value=0 -0.00366808 0.00330926 -0.0136288 0.0200972
internal_weight=69.9709 61.0417 35.3036 25.7382 8.92919
internal_count=557 506 330 176 51
is_linear=0
shrinkage=0.03


Tree=74
num_leaves=5
num_cat=0
split_feature=3 17 5 17
split_gain=8.07324 3.87908 3.15731 1.73808
threshold=1.0000000180025095e-35 0.10894200000000002 1.5000000000000002 0.16819200000000004
decision_type=10 8 8 8
left_child=1 2 -1 -3
right_child=-2 3 -4 -5
leaf_value=-0.023681890921863364 0.022203001317137382 0.013420060699462057 0.00046682202410385415 -0.0021419050106047171
leaf_weight=10.505898572504517 9.216964974999426 4.5398113504052153 3.8492120206356057 41.981117662042379
leaf_count=91 53 19 16 385
internal_value=0 -0.0044118 -0.0165166 0
internal_weight=70.093 60.876 14.3551 46.5209
internal_count=564 511 107 404
is_linear=0
shrinkage=0.03


Tree=75
num_leaves=7
num_cat=0
split_feature=25 2 17 7 25 19
split_gain=5.09157 4.23 2.30237 2.05925 1.93201 1.2921
threshold=0.16362650000000004 0.32575750000000009 0.41435450000000001 8.6832670000000025 0.79272950000000009 0.011131000000000002
decision_type=2 10 10 10 2 10
left_child=2 5 3 -1 -3 -2
right_child=1 4 -4 -5 -6 -7
leaf_value=-0.015500791700246951 0.0029116229117010345 -0.011301132685509819 0.0045909622520468752 0.0027162082117517545 0.0091954319346607936 0.02025593695909365
leaf_weight=24.548230838030584 13.448382545262577 10.980406969785689 4.4852995947003356 2.7198355644941321 1.7669789940118779 11.810851067304609
leaf_count=241 146 79 23 14 7 55
internal_value=-0.00032132 0.00643162 -0.00912483 -0.0126035 -0.00534438 0.0133726
internal_weight=69.76 38.0066 31.7534 27.2681 12.7474 25.2592
internal_count=565 287 278 255 86 201
is_linear=0
shrinkage=0.03


Tree=76
num_leaves=7
num_cat=0
split_feature=24 20 2 20 9 20
split_gain=6.27135 5.24873 1.91184 1.30787 0.716352 0.301862
threshold=0.85265450000000009 0.019577000000000004 0.70833350000000006 0.21677400000000005 8.0568855000000017 0.13034600000000005
decision_type=2 8 8 8 10 10
left_child=3 4 -3 5 -2 -1
right_child=1 2 -4 -5 -6 -7
leaf_value=-0.005271754904747991 -0.017656536776624536 0.015314250029530548 0.0020599979570296062 -0.020400447535182872 0 0.0043570477643041583
leaf_weight=3.3910775408148739 5.1054076552391043 24.679919302463531 26.369097214192152 8.6263471245765686 1.1968324631452558 1.9546566456556318
leaf_count=19 50 115 276 97 7 11
internal_value=0.000979382 0.00583382 0.00951724 -0.0146881 -0.0142245 0
internal_weight=71.3233 57.3513 51.049 13.9721 6.30224 5.34573
internal_count=575 448 391 127 57 30
is_linear=0
shrinkage=0.03


Tree=77
num_leaves=5
num_cat=0
split_feature=4 2 25 24
split_gain=8.20697 6.55944 4.09689 2.327
threshold=1.0000000180025095e-35 0.32575750000000009 0.38018800000000003 0.94349800000000006
decision_type=10 10 2 2
left_child=1 2 -1 -3
right_child=-2 3 -4 -5
leaf_value=-0.0031526194276622166 0.0229363078823943 -0.024530602898275175 0.014542702259386564 0
leaf_weight=28.968483220785856 10.20106855034828 10.657603703439234 14.484037082642315 5.0126181691884986
leaf_count=268 56 87 109 35
internal_value=0.00121845 -0.00297251 0.00265821 -0.0181113
internal_weight=69.3238 59.1227 43.4525 15.6702
internal_count=555 499 377 122
is_linear=0
shrinkage=0.03


Tree=78
num_leaves=6
num_cat=0
split_feature=23 22 20 7 3
split_gain=4.15092 3.59208 3.25755 2.37626 1.51819
threshold=0.00089200000000000011 0.041865000000000006 0.41488350000000007 8.2941500000000019 1.5000000000000002
decision_type=8 10 10 10 8
left_child=3 4 -3 -1 -2
right_child=1 2 -4 -5 -6
leaf_value=-0.017547033816547541 -0.0094403270163026919 0.01923636471211258 -0.0070201998379697149 0.0040184956107883691 0.0031880970752733409
leaf_weight=10.743128225207327 9.0586014315485937 17.523470938205723 1.8243700414896 2.5763226374983779 25.700889572501183
leaf_count=99 50 75 11 15 292
internal_value=0.0012758 0.00540374 0.0148081 -0.0115655 0
internal_weight=67.4268 54.1073 19.3478 13.3195 34.7595
internal_count=542 428 86 114 342
is_linear=0
shrinkage=0.03


Tree=79
num_leaves=6
num_cat=0
split_feature=4 18 24 23 23
split_gain=8.54787 7.58185 3.95884 1.4265 0.815559
threshold=1.0000000180025095e-35 0.062256500000000013 0.91197850000000014 0.82762200000000008 0.57592050000000017
decision_type=10 8 2 8 10
left_child=1 3 -3 -1 -2
right_child=4 2 -4 -5 -6
leaf_value=-0.025051264445148966 0.024710989831757853 -0.0043251993967843684 0.012824020141839606 0 0
leaf_weight=11.547345213592049 8.9931560754775983 30.003838337957859 15.415929663926361 1.4113014116883285 1.6717088967561711
leaf_count=101 50 262 132 8 9
internal_value=0.000133918 -0.00424293 0.00130976 -0.0221725 0.0219594
internal_weight=69.0433 58.3784 45.4198 12.9586 10.6649
internal_count=562 503 394 109 59
is_linear=0
shrinkage=0.03


Tree=80
num_leaves=5
num_cat=0
split_feature=3 2 2 24
split_gain=5.63427 4.21671 4.66999 1.65492
threshold=1.0000000180025095e-35 0.32575750000000009 1.0000000180025095e-35 0.95762250000000015
decision_type=10 10 10 2
left_child=1 2 -1 -3
right_child=-2 3 -4 -5
leaf_value=-0.0039749711954663071 0.01975251528655067 -0.019448015960184938 0.017639159019262652 0
leaf_weight=36.121807217597961 7.3928809016942969 13.654502496123316 8.5437839776277524 2.4873110949993125
leaf_count=358 45 105 33 17
internal_value=-0.00028125 -0.00400127 0.000380035 -0.0158514
internal_weight=68.2003 60.8074 44.6656 16.1418
internal_count=558 513 391 122
is_linear=0
shrinkage=0.03


Tree=81
num_leaves=7
num_cat=0
split_feature=23 23 7 2 16 25
split_gain=5.53617 3.59439 2.56944 1.67238 1.45645 0.3029
threshold=0.0049875000000000015 0.48883750000000009 1.0000000180025095e-35 0.58947350000000009 0.26580100000000001 0.54920700000000011
decision_type=8 8 8 10 10 2
left_child=2 3 5 -2 -3 -1
right_child=1 4 -4 -5 -6 -7
leaf_value=-0.019235000895525382 0.018921157788756589 0.0029582498818871228 0.0039628956002369514 0 -0.013970751595398888 0
leaf_weight=10.311784349381918 18.495504170656208 29.3843352124095 2.9411338567733774 2.0150240361690512 2.2637975290417662 1.1294878199696547
leaf_count=103 82 302 18 11 16 7
internal_value=0.00241723 0.00731998 -0.0118317 0.0162267 0 -0.0179491
internal_weight=66.5411 52.1587 14.3824 20.5105 31.6481 11.4413
internal_count=539 411 128 93 318 110
is_linear=0
shrinkage=0.03


Tree=82
num_leaves=6
num_cat=0
split_feature=25 21 17 25 20
split_gain=5.40977 3.82674 2.09177 1.8455 0.306269
threshold=0.68764550000000013 0.045361000000000005 0.41435450000000001 0.15660800000000002 0.19483500000000004
decision_type=2 10 8 2 10
left_child=1 2 -1 -3 -2
right_child=4 3 -4 -5 -6
leaf_value=-0.015735369964314842 0.021665516453271898 0 -0.0010422701190816877 0.016869655682054393 0
leaf_weight=16.229057252407074 6.7340995557606202 9.2275789976119977 26.00268542394042 6.7363825589418402 1.9614901691675184
leaf_count=132 45 44 290 33 9
internal_value=9.10005e-05 -0.00306765 -0.00802103 0.00765021 0.0191599
internal_weight=66.8913 58.1957 42.2317 15.964 8.69559
internal_count=553 499 422 77 54
is_linear=0
shrinkage=0.03


Tree=83
num_leaves=7
num_cat=0
split_feature=21 24 19 3 23 7
split_gain=5.23911 3.89969 3.6784 1.78286 0.711201 0.611148
threshold=0.11378600000000001 0.91197850000000014 0.0041160000000000007 1.0000000180025095e-35 0.037849000000000008 1.0000000180025095e-35
decision_type=10 2 8 8 10 8
left_child=1 3 -3 -1 -2 -6
right_child=4 2 -4 -5 5 -7
leaf_value=-0.015719689147309451 0 -0.013319768641019665 0.011984524711242985 -0.00015659124446865534 0.020990813439794222 0
leaf_weight=16.561545878648758 2.5327329039573661 3.1875953376293209 17.957162469625473 16.34270304441452 9.4056913554668391 2.9732437580823907
leaf_count=118 14 36 152 192 37 16
internal_value=0.00104173 -0.0030112 0.00574635 -0.0094844 0.0154508 0.0178791
internal_weight=68.9607 54.049 21.1448 32.9042 14.9117 12.3789
internal_count=565 498 188 310 67 53
is_linear=0
shrinkage=0.03


Tree=84
num_leaves=5
num_cat=0
split_feature=3 17 21 7
split_gain=5.88107 3.81192 2.7231 1.58795
threshold=1.0000000180025095e-35 0.14858100000000002 0.13168750000000004 1.0000000180025095e-35
decision_type=10 8 10 10
left_child=1 2 -1 -3
right_child=-2 3 -4 -5
leaf_value=-0.019173857873377512 0.021015239586353526 0.0043828721738374396 0.0022259524063629244 -0.012464867167455221
leaf_weight=13.180784761905672 8.4593626558780652 40.549123775213957 3.7419743090867987 2.1356244534254065
leaf_count=108 53 369 16 11
internal_value=0.00101926 -0.00221036 -0.0133135 0.00212008
internal_weight=68.0669 59.6075 16.9228 42.6847
internal_count=557 504 124 380
is_linear=0
shrinkage=0.03


Tree=85
num_leaves=6
num_cat=0
split_feature=3 21 25 25 15
split_gain=6.48713 6.77933 3.644 3.5174 0.396312
threshold=1.0000000180025095e-35 0.090908500000000017 0.15660800000000002 0.74630450000000004 0.19394000000000003
decision_type=10 8 2 2 8
left_child=1 3 -3 -1 -2
right_child=4 2 -4 -5 -6
leaf_value=-0.020519628135665737 0.021412761019379903 -0.005714174419112125 0.011936648799061573 0.0045657976299688261 0
leaf_weight=21.581296682357792 7.2492938637733433 16.153632931411266 17.937599144876003 2.8501968979835501 1.4441467151045806
leaf_count=172 46 160 167 11 10
internal_value=-0.00073864 -0.00499345 0.00297854 -0.0163202 0.0192712
internal_weight=67.2162 58.5227 34.0912 24.4315 8.69344
internal_count=566 510 327 183 56
is_linear=0
shrinkage=0.03


Tree=86
num_leaves=5
num_cat=0
split_feature=4 23 19 17
split_gain=6.05212 3.34182 5.31813 1.19222
threshold=1.0000000180025095e-35 0.0078600000000000024 0.081252500000000019 0.44580950000000003
decision_type=10 8 10 10
left_child=1 3 -3 -1
right_child=-2 2 -4 -5
leaf_value=-0.018684470056425699 0.020469624206426715 -0.0060284475979684353 0.013855115011220092 0
leaf_weight=9.7267987132072431 9.2133090272545797 29.248657494783401 15.989864088594912 1.9238794073462475
leaf_count=99 54 317 70 16
internal_value=0.000962305 -0.00256314 0.00080221 -0.0151666
internal_weight=66.1025 56.8892 45.2385 11.6507
internal_count=556 502 387 115
is_linear=0
shrinkage=0.03


Tree=87
num_leaves=6
num_cat=0
split_feature=21 25 22 5 9
split_gain=7.41295 4.04427 1.3695 1.22343 1.14538
threshold=0.045361000000000005 0.59112300000000007 0.044478500000000004 4.5000000000000009 8.7551875000000017
decision_type=10 2 10 8 10
left_child=1 4 -2 -3 -1
right_child=2 3 -4 -5 -6
leaf_value=-0.011511397940014363 0 -0.00011688232140201 0.019348812060657913 0.014641636259626608 0.0018775702614397646
leaf_weight=38.205190535634756 2.6045665517449406 3.116327099502084 13.532726705074309 6.3772393316030511 1.5252998918294896
leaf_count=403 16 17 62 50 9
internal_value=0 -0.00573011 0.0160941 0.00853105 -0.0101996
internal_weight=65.3614 49.2241 16.1373 9.49357 39.7305
internal_count=557 479 78 67 412
is_linear=0
shrinkage=0.03


Tree=88
num_leaves=5
num_cat=0
split_feature=24 19 24 15
split_gain=6.05225 3.40314 2.51672 0.464435
threshold=0.85265450000000009 0.0041160000000000007 0.92466550000000014 0.28213450000000001
decision_type=2 8 2 10
left_child=3 -2 -3 -1
right_child=1 2 -4 -5
leaf_value=-0.020272479575706 -0.01392694311763216 0.00084532170224182004 0.015658672010135165 0
leaf_weight=8.7912536747753602 4.3497346974909297 32.264689419418573 16.968872833997011 2.7053434103727332
leaf_count=97 51 252 136 14
internal_value=0 0.00424395 0.00713135 -0.017477
internal_weight=65.0799 53.5833 49.2336 11.4966
internal_count=550 439 388 111
is_linear=0
shrinkage=0.03


Tree=89
num_leaves=6
num_cat=0
split_feature=4 21 17 7 21
split_gain=5.65986 3.35714 3.15809 2.7691 0.0528861
threshold=1.0000000180025095e-35 0.090908500000000017 0.44580950000000003 1.0000000180025095e-35 0.00092500000000000015
decision_type=10 8 10 8 10
left_child=1 2 -1 -3 -2
right_child=4 3 -4 -5 -6
leaf_value=-0.017920162723664052 0 0.013680045002715082 0.0043211390306155907 -0.0030549886360622877 0.021423914884793251
leaf_weight=17.127004556357864 2.549587354063986 9.3407150134444219 3.9614538028836241 24.87155432626605 6.4433584064245224
leaf_count=140 15 39 27 295 38
internal_value=0 -0.00372077 -0.0124789 0.00144238 0.0189061
internal_weight=64.2937 55.3007 21.0885 34.2123 8.99295
internal_count=554 501 167 334 53
is_linear=0
shrinkage=0.03


Tree=90
num_leaves=5
num_cat=0
split_feature=3 19 22 4
split_gain=5.29573 2.71092 3.17715 1.05891
threshold=1.0000000180025095e-35 0.19305950000000002 0.027415500000000006 1.0000000180025095e-35
decision_type=10 8 10 10
left_child=1 3 -3 -1
right_child=-2 2 -4 -5
leaf_value=-0.013626205501624994 0.020002117447739321 -0.0035147857609515512 0.013361290131023742 0
leaf_weight=17.022101577371362 7.9343091621994963 26.710235327482224 11.423973940312861 1.5600315034389485
leaf_count=122 54 308 52 6
internal_value=0.000484001 -0.00261179 0.00141726 -0.0113179
internal_weight=64.6507 56.7163 38.1342 18.5821
internal_count=542 488 360 128
is_linear=0
shrinkage=0.03


Tree=91
num_leaves=6
num_cat=0
split_feature=25 17 4 22 21
split_gain=4.08111 3.27283 4.11502 1.05007 0.794215
threshold=0.53438100000000011 0.22138300000000002 1.0000000180025095e-35 0.056101000000000005 0.00092500000000000015
decision_type=2 10 10 10 8
left_child=1 2 -1 -3 -2
right_child=4 3 -4 -5 -6
leaf_value=-0.013106792073769269 0 0 0.010535133459373316 0.012676525029751487 0.015662570839140071
leaf_weight=32.183714721351862 2.1857055574655506 7.2176764681935293 4.3718984276056281 6.9946479797363281 11.322328232228756
leaf_count=344 14 52 25 30 85
internal_value=0 -0.00403243 -0.00893632 0.00619708 0.0130206
internal_weight=64.276 50.7679 36.5556 14.2123 13.508
internal_count=550 451 369 82 99
is_linear=0
shrinkage=0.03


Tree=92
num_leaves=7
num_cat=0
split_feature=25 2 25 19 9 19
split_gain=5.90817 2.5511 2.14436 1.92422 1.66341 1.54414
threshold=0.20818250000000002 0.32575750000000009 0.59112300000000007 0.19305950000000002 8.4592630000000018 0.24581650000000002
decision_type=2 8 2 10 10 8
left_child=3 -2 -3 4 -1 -5
right_child=1 2 -4 5 -6 -7
leaf_value=-0.013454518389306197 0.020420920684839965 -0.004107831510942404 0.012858162595788964 0.015081724542885082 0.0032935773171168126 -0.0036500694528108363
leaf_weight=23.886018838733438 11.045763649046423 13.166738901287319 7.3744612261652938 2.9190779179334614 2.0833356380462638 5.4999262988567361
leaf_count=247 57 134 58 14 11 40
internal_value=0.000972264 0.0102297 0.00157113 -0.00686715 -0.0108734 0.00247347
internal_weight=65.9753 31.587 20.5412 34.3884 25.9694 8.419
internal_count=561 249 192 312 258 54
is_linear=0
shrinkage=0.03


Tree=93
num_leaves=5
num_cat=0
split_feature=3 18 24 24
split_gain=4.1587 3.6274 4.3864 2.00138
threshold=1.0000000180025095e-35 0.18114000000000002 0.86084600000000011 0.94901400000000014
decision_type=10 8 2 2
left_child=1 3 -3 -1
right_child=-2 2 -4 -5
leaf_value=-0.014357067269065561 0.019392186844445859 -0.010228378160123744 0.010759123627833 0.0028230519997286827
leaf_weight=17.60675555840135 7.5858871266245833 8.7584784924983961 27.319179151207209 3.7533672899007788
leaf_count=135 53 89 251 29
internal_value=0.00197628 -0.000675899 0.00450226 -0.0101308
internal_weight=65.0237 57.4378 36.0777 21.3601
internal_count=557 504 340 164
is_linear=0
shrinkage=0.03


Tree=94
num_leaves=6
num_cat=0
split_feature=3 18 17 15 16
split_gain=3.1944 4.45929 2.30182 1.79059 0.367471
threshold=1.0000000180025095e-35 0.054422500000000006 0.10894200000000002 0.41055900000000006 0.21752250000000004
decision_type=10 8 10 8 8
left_child=1 3 -3 -1 -2
right_child=4 2 -4 -5 -6
leaf_value=-0.019550867622718172 0.018905093754039141 -0.0017094616722925136 0.010768883739683197 0.0011885520034023787 0
leaf_weight=11.08341151475906 5.8146274387836447 29.429467212408781 16.986185923218727 1.2078080177307136 1.3298009559512136
leaf_count=94 41 323 85 5 9
internal_value=0.000850769 -0.00130536 0.00262654 -0.0157176 0.0166718
internal_weight=65.8513 58.7069 46.4157 12.2912 7.14443
internal_count=557 507 408 99 50
is_linear=0
shrinkage=0.03


Tree=95
num_leaves=6
num_cat=0
split_feature=4 2 18 23 18
split_gain=5.09487 7.88852 2.99436 0.962658 0.910208
threshold=1.0000000180025095e-35 0.41428550000000003 0.12082150000000001 0.71218550000000014 0.17406150000000001
decision_type=10 10 10 8 8
left_child=1 2 -1 -3 -2
right_child=4 3 -4 -5 -6
leaf_value=-0.002701801729542931 0.021736875283721337 -0.02669141378712658 0.012547643885127094 0 0
leaf_weight=31.266698438674212 6.6611131653189632 9.1525005549192393 13.468107931315897 2.4474321827292451 2.1137266904115686
leaf_count=335 42 94 60 17 13
internal_value=0 -0.00376206 0.00176086 -0.0231011 0.0178354
internal_weight=65.1096 56.3347 44.7348 11.5999 8.77484
internal_count=561 506 395 111 55
is_linear=0
shrinkage=0.03


Tree=96
num_leaves=5
num_cat=0
split_feature=4 17 20 17
split_gain=5.25227 2.48006 1.11232 0.558925
threshold=1.0000000180025095e-35 0.067415000000000017 0.47752650000000002 0.21063900000000005
decision_type=10 8 10 8
left_child=1 -1 -3 -2
right_child=3 2 -4 -5
leaf_value=-0.017936412900995981 0.020645128541680463 0.00032946402688942191 -0.011639207595610306 0
leaf_weight=7.738142203539609 6.3662873655557606 41.109290841966867 4.654983475804328 1.724698260426522
leaf_count=74 43 370 41 10
internal_value=-0.00062627 -0.00472846 -0.000913897 0.0177366
internal_weight=61.5934 53.5024 45.7643 8.09099
internal_count=538 485 411 53
is_linear=0
shrinkage=0.03


Tree=97
num_leaves=6
num_cat=0
split_feature=21 3 24 16 16
split_gain=5.23879 5.26112 2.22287 1.36009 0.414207
threshold=0.090908500000000017 1.0000000180025095e-35 0.86084600000000011 0.34706400000000004 0.44553150000000002
decision_type=10 8 2 10 10
left_child=1 3 -3 -1 -2
right_child=4 2 -4 -5 -6
leaf_value=-0.018958446840755105 0.01563537524196483 -0.0091816193883017035 0.0080424087121276442 0 0
leaf_weight=16.067165799438957 12.965396925806997 5.2193916514515903 21.710802100598812 5.1906371079385272 1.815755859017371
leaf_count=131 65 71 235 37 9
internal_value=0 -0.00481087 0.00311615 -0.0152333 0.0140903
internal_weight=62.9691 48.188 26.9302 21.2578 14.7812
internal_count=548 474 306 168 74
is_linear=0
shrinkage=0.03


Tree=98
num_leaves=7
num_cat=0
split_feature=24 21 25 25 20 23
split_gain=4.12234 5.01609 4.23636 2.22975 1.53468 0.772349
threshold=0.91197850000000014 0.090908500000000017 0.096331500000000014 0.72520400000000007 0.020705500000000005 0.043396000000000011
decision_type=2 10 2 2 8 10
left_child=1 3 -2 -1 -4 -3
right_child=2 5 4 -5 -6 -7
leaf_value=-0.014839845558337101 -0.0077772747431397379 0 0 0.0045939248595834115 0.018936864498274475 0.013281820515258782
leaf_weight=26.991499122232202 5.5758308656513718 2.1926539465785009 2.0935753546655205 2.36408407986164 16.598114680498838 7.519784577190876
leaf_count=283 60 14 21 15 131 33
internal_value=0 -0.00568028 0.00928893 -0.0120668 0.0161344 0.00955511
internal_weight=63.3355 39.068 24.2675 29.3556 18.6917 9.71244
internal_count=557 345 212 298 152 47
is_linear=0
shrinkage=0.03


Tree=99
num_leaves=7
num_cat=0
split_feature=24 20 25 25 16 25
split_gain=4.98885 3.6837 2.57132 1.63315 1.07873 0.569772
threshold=0.85265450000000009 0.019577000000000004 0.28514000000000006 0.21412400000000004 0.38103000000000004 0.27500600000000003
decision_type=2 10 2 2 10 2
left_child=3 2 -2 -1 -3 -5
right_child=1 4 -4 5 -6 -7
leaf_value=-0.020534453384060788 -0.010098891594134705 0.014972537643065121 0.0071756882762023444 0.0078582740341985452 0 -0.0056450469872247038
leaf_weight=7.1999593898653966 14.157839432358744 23.352659761905674 9.8403639458119851 1.6905764266848562 3.8993781320750704 4.0023214370012283
leaf_count=76 177 134 100 9 23 36
internal_value=0.000941276 0.00562798 -0.00189408 -0.0133468 0.0127745 0
internal_weight=64.1431 51.2502 23.9982 12.8929 27.252 5.6929
internal_count=555 434 277 121 157 45
is_linear=0
shrinkage=0.03


Tree=100
num_leaves=7
num_cat=0
split_feature=24 25 25 25 25 15
split_gain=4.18794 3.0274 2.90679 1.37543 0.902977 0.58887
threshold=0.85265450000000009 0.58110250000000019 0.033283000000000007 0.21412400000000004 0.27500600000000003 0.28671750000000001
decision_type=2 2 2 2 2 10
left_child=3 2 -2 5 -5 -1
right_child=1 -3 -4 4 -6 -7
leaf_value=-0.021993472932847473 0.013731416078478375 0.017094588637405407 -0.0039167687107805362 0.0095430687058705894 -0.0075360028833598002 0
leaf_weight=6.0517059341073018 8.1090268567204458 10.3004251755774 30.992487654089928 1.8130974695086477 3.5916619449853897 1.1373998448252676
leaf_count=71 54 68 291 10 35 6
internal_value=0.000230838 0.00470912 0 -0.0129387 0 -0.0194346
internal_weight=61.9958 49.4019 39.1015 12.5939 5.40476 7.18911
internal_count=535 413 345 122 45 77
is_linear=0
shrinkage=0.03


Tree=101
num_leaves=7
num_cat=0
split_feature=24 18 4 25 22 25
split_gain=4.86178 3.40282 5.8504 2.87098 1.38388 0.117371
threshold=0.86084600000000011 0.11722700000000001 1.0000000180025095e-35 0.21412400000000004 0.027415500000000006 0.27500600000000003
decision_type=2 8 10 2 10 2
left_child=3 2 -2 -1 -3 -5
right_child=1 4 -4 5 -6 -7
leaf_value=-0.023174324317838276 -0.01555315054581892 0.0032932038077963985 0.014943792583930046 0.0045626573180154876 0.018682764141788172 -0.00087925889553841345
leaf_weight=7.8164908885955793 12.712617091834547 21.755093026906252 5.2983910515904418 1.7926392033696172 10.755647644400595 4.5820423737168312
leaf_count=86 111 234 35 13 46 39
internal_value=0 0.00463635 -0.00430114 -0.0136968 0.0103776 0
internal_weight=64.7129 50.5217 18.011 14.1912 32.5107 6.37468
internal_count=564 426 146 138 280 52
is_linear=0
shrinkage=0.03


Tree=102
num_leaves=6
num_cat=0
split_feature=24 2 24 16 15
split_gain=4.65117 2.99993 3.38253 2.4223 0.509948
threshold=0.85012900000000002 0.32575750000000009 0.91989850000000006 0.019420500000000004 0.28671750000000001
decision_type=2 8 2 8 10
left_child=4 3 -3 -2 -1
right_child=1 2 -4 -5 -6
leaf_value=-0.019502364533725169 -0.004507518811271604 -0.01136558103768532 0.0058730213672306087 0.016117648053098708 0
leaf_weight=8.4673859849572164 2.786672011017802 16.828914891928434 16.350471545010805 15.949687108397482 2.215920850634574
leaf_count=101 27 186 155 83 11
internal_value=-0.000967473 0.00250601 -0.00225878 0.0114711 -0.0168881
internal_weight=62.5991 51.9157 33.1794 18.7364 10.6833
internal_count=563 451 341 110 112
is_linear=0
shrinkage=0.03


Tree=103
num_leaves=7
num_cat=0
split_feature=24 19 2 17 5 17
split_gain=3.35579 3.20541 2.93786 1.5777 1.57129 1.31896
threshold=0.92466550000000014 0.0021375000000000005 0.2950310000000001 0.22738550000000002 3.5000000000000004 0.22738550000000002
decision_type=2 8 8 10 10 10
left_child=2 -2 3 -1 -4 -3
right_child=1 5 4 -5 -6 -7
leaf_value=-0.002069134068951681 -0.0092286442727654208 0.017796284369970466 -0.01296947721538972 0.011897562862239787 0.0032519271862534536 0
leaf_weight=10.05757036060095 2.3617932386696365 16.111405707895759 22.426152255386118 8.9810590595006925 2.0814949721097937 1.2770589590072621
leaf_count=65 34 134 259 41 10 8
internal_value=0.000569742 0.0103508 -0.00360312 0.0038808 -0.0102967 0.0154482
internal_weight=63.2965 19.7503 43.5463 19.0386 24.5076 17.3885
internal_count=551 176 375 106 269 142
is_linear=0
shrinkage=0.03


Tree=104
num_leaves=5
num_cat=0
split_feature=3 18 4 24
split_gain=2.69293 3.31355 2.14369 2.12768
threshold=1.0000000180025095e-35 0.054422500000000006 1.0000000180025095e-35 0.95652950000000014
decision_type=10 8 10 2
left_child=1 2 -1 -3
right_child=-2 3 -4 -5
leaf_value=-0.018545720747688663 0.016124721845670785 0 0.0034049119567046279 0.017417566927579241
leaf_weight=11.033985339105126 5.7900884449481955 41.014288648962975 1.5830272138118751 3.8884517252445212
leaf_count=102 45 373 6 34
internal_value=0.000280355 -0.00153912 -0.0137456 0.0019105
internal_weight=63.3098 57.5198 12.617 44.9027
internal_count=560 515 108 407
is_linear=0
shrinkage=0.03


Tree=105
num_leaves=5
num_cat=0
split_feature=25 21 3 19
split_gain=4.25075 4.50232 1.7948 0.792919
threshold=0.71528900000000017 0.11378600000000001 1.5000000000000002 0.12284250000000001
decision_type=2 10 10 10
left_child=1 2 -1 -3
right_child=-2 3 -4 -5
leaf_value=-0.0089000831191741025 0.019198160655184648 0 0.0081188261822126139 0.017464395574374746
leaf_weight=41.704730022698641 6.6723119765520087 4.9180188775062543 2.1668032482266417 6.0940302237868309
leaf_count=426 46 28 17 27
internal_value=0.000459504 -0.00217725 -0.00695363 0.0121253
internal_weight=61.5559 54.8836 43.8715 11.012
internal_count=544 498 443 55
is_linear=0
shrinkage=0.03


Tree=106
num_leaves=7
num_cat=0
split_feature=21 3 17 23 22 20
split_gain=3.37262 2.33601 2.75072 1.98413 1.27407 0.94696
threshold=0.045361000000000005 1.0000000180025095e-35 0.35882150000000007 0.0070730000000000003 0.064152000000000015 0.34010750000000006
decision_type=10 8 10 10 10 8
left_child=1 2 -1 -2 -5 -3
right_child=3 5 -4 4 -6 -7
leaf_value=-0.016431017193617833 -0.0033135175990711332 0.012187780921037703 0.0033725573570793032 0 0.019164299418352022 -0.00015679033789085543
leaf_weight=15.873852498829367 2.5769135728478458 3.0833370015025166 4.8632772937417021 2.7718069925904265 11.288186892867087 24.420879252254963
leaf_count=143 19 23 33 15 51 301
internal_value=3.34539e-05 -0.00358605 -0.0106836 0.011001 0.0155044 0.00130615
internal_weight=64.8783 48.2413 20.7371 16.6369 14.06 27.5042
internal_count=585 500 176 85 66 324
is_linear=0
shrinkage=0.03


Tree=107
num_leaves=7
num_cat=0
split_feature=24 21 5 19 24 17
split_gain=4.04931 4.99489 3.00185 2.54459 2.36798 0.916737
threshold=0.92466550000000014 0.090908500000000017 4.5000000000000009 0.0021375000000000005 0.89819500000000008 0.22738550000000002
decision_type=2 10 8 8 2 8
left_child=1 2 -1 -2 -3 -5
right_child=3 4 -4 5 -6 -7
leaf_value=-0.019356729289456934 -0.0071003022886345921 0.016479465572543348 -3.0917820865517604e-06 0.022495277993077486 -0.0056359755509805603 0.0026615153752340723
leaf_weight=15.685258843004702 1.9443929009139562 8.9253453910350782 17.009616691619158 7.554993428289893 2.4608698934316626 8.888777092099188
leaf_count=131 29 39 204 46 16 91
internal_value=0 -0.00480026 -0.0109749 0.0109394 0.00943584 0.0153818
internal_weight=62.4693 44.0811 32.6949 18.3882 11.3862 16.4438
internal_count=556 390 335 166 55 137
is_linear=0
shrinkage=0.03


Tree=108
num_leaves=6
num_cat=0
split_feature=4 25 2 23 25
split_gain=3.57574 3.65892 1.93309 0.464015 0.408775
threshold=1.0000000180025095e-35 0.16362650000000004 0.32575750000000009 0.61503100000000011 0.033283000000000007
decision_type=10 2 10 10 2
left_child=1 4 -3 -2 -1
right_child=3 2 -4 -5 -6
leaf_value=-0.00084279273280545128 0.018400801059979242 0.0086383340309205206 -0.0052485941471503454 0 -0.014208924929258253
leaf_weight=8.6190923750400561 6.2854665145277968 20.541746467351917 9.3643428832292539 1.4151896238327024 15.757193859666584
leaf_count=72 45 184 72 8 174
internal_value=0 -0.00293015 0.00329623 0.0159619 -0.011189
internal_weight=61.983 54.2824 29.9061 7.70066 24.3763
internal_count=555 502 256 53 246
is_linear=0
shrinkage=0.03


Tree=109
num_leaves=6
num_cat=0
split_feature=4 2 24 24 20
split_gain=3.37381 2.37225 2.23691 1.16662 0.833571
threshold=1.0000000180025095e-35 0.70833350000000006 0.85265450000000009 0.95694350000000006 0.17515350000000002
decision_type=10 10 2 2 10
left_child=1 2 -1 -3 -2
right_child=4 3 -4 -5 -6
leaf_value=-0.010548864483093062 0.018851145256935011 -0.020730547035769566 0.0037763304511754985 0 0
leaf_weight=10.167811796069143 6.417058862745761 5.435316313058137 35.42223883792758 1.890698119997978 1.3660160377621648
leaf_count=102 44 66 310 16 11
internal_value=0 -0.00280561 0 -0.015792 0.0155169
internal_weight=60.6991 52.9161 45.5901 7.32601 7.78307
internal_count=549 494 412 82 55
is_linear=0
shrinkage=0.03


Tree=110
num_leaves=7
num_cat=0
split_feature=21 24 20 24 2 22
split_gain=4.55855 6.39942 1.76228 1.37908 1.47489 0.822908
threshold=0.00092500000000000015 0.95694350000000006 0.014690000000000002 0.85265450000000009 0.58947350000000009 0.088896500000000017
decision_type=8 2 10 2 10 10
left_child=1 5 -3 -2 -5 -1
right_child=3 2 -4 4 -6 -7
leaf_value=-0.024419124924149081 -0.0011111290772743759 -0.00020699522383824445 0.022995926300868583 0.01093456604481606 -0.0043210201698341876 0
leaf_weight=9.1706117615103704 8.274329870939253 1.5684083849191659 2.1664301529526711 38.809956770390272 1.9435522109270085 1.7478219643235196
leaf_count=107 79 18 10 324 15 12
internal_value=0.00224921 -0.0103837 0.0130458 0.00698252 0.00927497 -0.021638
internal_weight=63.6811 14.6533 3.73484 49.0278 40.7535 10.9184
internal_count=565 147 28 418 339 119
is_linear=0
shrinkage=0.03


Tree=111
num_leaves=5
num_cat=0
split_feature=3 18 25 23
split_gain=3.9456 3.085 3.40983 1.23537
threshold=1.0000000180025095e-35 0.18114000000000002 0.59112300000000007 0.57592050000000017
decision_type=10 10 2 8
left_child=1 2 -1 -3
right_child=-2 3 -4 -5
leaf_value=-0.010113972970734575 0.019350717764375001 0.013654956350503695 0.0085518924498489204 -0.00075515071319073217
leaf_weight=34.994143955409527 6.2462406978011122 10.183436453342434 7.2682725340127936 2.5714352130889901
leaf_count=382 50 51 57 14
internal_value=0.00090681 -0.00156241 -0.00588697 0.00925504
internal_weight=61.2635 55.0173 42.2624 12.7549
internal_count=554 504 439 65
is_linear=0
shrinkage=0.03


Tree=112
num_leaves=5
num_cat=0
split_feature=4 25 17 24
split_gain=4.78679 3.50373 2.33697 1.30959
threshold=1.0000000180025095e-35 0.58110250000000019 0.22138300000000002 0.90090300000000012
decision_type=10 2 8 2
left_child=1 2 -1 -3
right_child=-2 3 -4 -5
leaf_value=-0.015493232978504967 0.019542477319055958 0 -0.00028518873205746469 0.017196088532081481
leaf_weight=13.781607400625942 7.5834960266947737 3.5748568363487703 29.69788645580411 6.1474153995513916
leaf_count=123 54 25 306 45
internal_value=0.000734497 -0.0023127 -0.00643997 0.0109531
internal_weight=60.7853 53.2018 43.4795 9.72227
internal_count=553 499 429 70
is_linear=0
shrinkage=0.03


Tree=113
num_leaves=7
num_cat=0
split_feature=25 20 17 17 3 23
split_gain=2.28455 2.44456 1.82771 0.831544 0.946683 0.158707
threshold=0.16362650000000004 0.46494150000000006 0.11739550000000001 0.41435450000000001 1.5000000000000002 0.13196500000000003
decision_type=2 10 10 10 10 10
left_child=3 2 -2 4 -1 -5
right_child=1 -3 -4 5 -6 -7
leaf_value=-0.0091353555956396482 0.0016593843032972763 -0.011403371620173706 0.018338201529939754 0.0064506276040628219 0.0033045547132717597 0
leaf_weight=22.882543962448842 20.253189325332645 2.1753021739423266 10.52805809676647 1.7424383610486978 1.3422976732254017 1.946148447692394
leaf_count=239 203 19 59 11 11 10
internal_value=0.00085558 0.00633126 0.00937402 -0.00462596 -0.00705594 0.00285448
internal_weight=60.87 32.9565 30.7812 27.9134 24.2248 3.68859
internal_count=552 281 262 271 250 21
is_linear=0
shrinkage=0.03


Tree=114
num_leaves=7
num_cat=0
split_feature=24 20 20 4 16 18
split_gain=3.18102 3.70363 2.06658 0.530028 0.480293 0.715666
threshold=0.87456900000000004 0.019577000000000004 0.47752650000000002 1.0000000180025095e-35 0.70152900000000007 0.098500500000000019
decision_type=2 8 8 10 10 10
left_child=4 3 -3 -2 5 -1
right_child=1 2 -4 -5 -6 -7
leaf_value=-0.0006741296330354848 -0.015441952045563395 0.014800927474254443 0 0 0 -0.016243297344404075
leaf_weight=10.459367945790296 4.1015079617500296 21.755691450089216 18.47067416831851 0.86609757691621769 0.93142661079764266 6.6205097697675219
leaf_count=117 52 124 205 7 6 49
internal_value=0.000881887 0.0054782 0.00907921 -0.0123557 -0.00835887 -0.00972825
internal_weight=63.2053 45.194 40.2264 4.96761 18.0113 17.0799
internal_count=560 388 329 59 172 166
is_linear=0
shrinkage=0.03


Tree=115
num_leaves=6
num_cat=0
split_feature=4 18 23 25 17
split_gain=2.71694 3.16275 2.11267 1.80772 0.839832
threshold=1.0000000180025095e-35 0.092983500000000011 0.72916550000000013 0.74456250000000013 0.22738550000000002
decision_type=10 8 8 2 10
left_child=1 3 -3 -1 -2
right_child=4 2 -4 -5 -6
leaf_value=-0.017758128882441153 0.018474355523333492 0.010189861335848874 -0.0025499006305703831 0.0019570206500934655 0
leaf_weight=11.037113800644873 5.9811081886291495 15.374299239367245 24.108997885137796 1.6430848389863957 1.4952995479106901
leaf_count=110 43 84 285 7 10
internal_value=0.000534254 -0.00166922 0.0020739 -0.0134046 0.0148472
internal_weight=59.6399 52.1635 39.4833 12.6802 7.47641
internal_count=539 486 369 117 53
is_linear=0
shrinkage=0.03


Tree=116
num_leaves=7
num_cat=0
split_feature=24 20 22 18 20 5
split_gain=4.16849 2.72654 2.05677 1.66331 1.42312 0.318218
threshold=0.92466550000000014 0.0053180000000000007 0.027415500000000006 0.12082150000000001 0.44136650000000005 1.0000000180025095e-35
decision_type=2 8 8 10 8 10
left_child=2 -2 5 -4 -3 -1
right_child=1 4 3 -5 -6 -7
leaf_value=0 -0.0062009514877276167 0.024687604452616231 -0.0051192100857395187 0.0072603265388552288 0.0017820460754354509 -0.019328724632454417
leaf_weight=3.0818732604384405 2.3791826330125359 7.3465607762336704 24.470905274152756 11.747827313840387 8.0520898774266243 5.2322500720620155
leaf_count=29 34 43 258 57 89 59
internal_value=8.7717e-06 0.011636 -0.0044432 -9.06529e-05 0.0165842 -0.015701
internal_weight=62.3107 17.7778 44.5329 36.2187 15.3987 8.31412
internal_count=569 166 403 315 132 88
is_linear=0
shrinkage=0.03


Tree=117
num_leaves=6
num_cat=0
split_feature=24 17 23 15 23
split_gain=4.63473 2.6309 1.98022 1.67748 1.0085
threshold=0.85265450000000009 0.10894200000000002 0.13940550000000004 0.28213450000000001 0.021143000000000006
decision_type=2 8 8 10 8
left_child=3 4 -3 -1 -2
right_child=1 2 -4 -5 -6
leaf_value=-0.021221882084508783 -0.012746754555587419 0.018665774231263286 0.0020689491183965292 0 0
leaf_weight=7.9295192733407003 5.8242010995745632 9.2063953801989538 27.306697636842728 3.1023939065635204 7.007458209991456
leaf_count=97 74 54 265 16 46
internal_value=0 0.00380708 0.00811237 -0.0155949 -0.00576467
internal_weight=60.3767 49.3448 36.5131 11.0319 12.8317
internal_count=552 439 319 113 120
is_linear=0
shrinkage=0.03


Tree=118
num_leaves=6
num_cat=0
split_feature=4 19 18 5 16
split_gain=2.2166 3.83162 2.25244 1.12805 0.336598
threshold=1.0000000180025095e-35 0.11496250000000001 0.32118050000000004 1.5000000000000002 0.27914100000000003
decision_type=10 8 8 10 10
left_child=1 2 -1 -3 -2
right_child=4 3 -4 -5 -6
leaf_value=-0.019291794697745165 0.016560051203488534 0 0.0027710746618337459 0.013517716923508841 0
leaf_weight=10.631930526345965 5.3695633187890044 36.279532037675381 1.9544497430324561 4.829359956085681 1.3859744891524313
leaf_count=96 42 374 8 20 8
internal_value=0.000874997 -0.00095058 -0.0140671 0.00306881 0.0142906
internal_weight=60.4508 53.6953 12.5864 41.1089 6.75554
internal_count=548 498 104 394 50
is_linear=0
shrinkage=0.03


Tree=119
num_leaves=4
num_cat=0
split_feature=25 24 25
split_gain=3.35814 2.37424 3.74644
threshold=0.71528900000000017 0.85265450000000009 0.033283000000000007
decision_type=2 2 2
left_child=1 -1 -3
right_child=-2 2 -4
leaf_value=-0.013393708117614252 0.017003986962349039 0.015963766113634974 -0.0035377678841192273
leaf_weight=10.496971704065798 6.4316177740693083 8.460121173411606 33.931568369269371
leaf_count=112 48 59 325
internal_value=3.0359e-05 -0.00229891 0.000491089
internal_weight=59.3203 52.8887 42.3917
internal_count=544 496 384
is_linear=0
shrinkage=0.03


Tree=120
num_leaves=6
num_cat=0
split_feature=4 18 2 17 18
split_gain=2.48783 2.97404 1.48161 0.975885 0.69273
threshold=1.0000000180025095e-35 0.092983500000000011 1.0000000180025095e-35 0.21567500000000003 0.17406150000000001
decision_type=10 8 10 8 10
left_child=1 3 -3 -1 -2
right_child=4 2 -4 -5 -6
leaf_value=-0.0187844880765945 0.016126658162904851 -0.00319194896670669 0.0083169936674490352 0 0
leaf_weight=9.2537199407815898 5.2178946509957305 28.143132273107767 11.690018288791178 2.8798887655138978 1.8689806908369062
leaf_count=88 43 311 69 23 12
internal_value=-0.000838157 -0.00374006 0 -0.0150888 0.0122504
internal_weight=59.0536 51.9668 39.8332 12.1336 7.08688
internal_count=546 491 380 111 55
is_linear=0
shrinkage=0.03


Tree=121
num_leaves=7
num_cat=0
split_feature=18 3 24 25 15 9
split_gain=2.48519 3.80267 3.10281 2.94059 1.98822 1.75781
threshold=0.054422500000000006 1.0000000180025095e-35 0.86084600000000011 0.21412400000000004 0.4983515 7.7174010000000006
decision_type=8 8 2 2 10 8
left_child=1 4 3 -2 -1 -4
right_child=2 -3 5 -5 -6 -7
leaf_value=-0.021489495958536182 -0.016757011817463641 0.010783587817080224 0.016638139937999234 0.0060744927183788875 0.0015287794596569586 0.0016694265511755348
leaf_weight=9.0979385301470703 7.0233471952378732 2.8570188060402879 15.643869079649447 5.4884943775832653 1.0562175363302237 21.024322628974915
leaf_count=93 79 27 84 44 4 231
internal_value=0.00158442 -0.00815792 0.00505765 -0.00556981 -0.0170119 0.00958718
internal_weight=62.1912 13.0112 49.18 12.5118 10.1542 36.6682
internal_count=562 124 438 123 97 315
is_linear=0
shrinkage=0.03


Tree=122
num_leaves=7
num_cat=0
split_feature=25 2 24 16 24 16
split_gain=2.2456 2.67605 2.06744 1.6068 1.55956 0.895889
threshold=0.53438100000000011 0.25833350000000005 0.95762250000000015 0.18954900000000002 0.90090300000000012 0.019420500000000004
decision_type=2 10 2 10 2 8
left_child=1 3 -3 -1 -2 -6
right_child=4 2 -4 -5 5 -7
leaf_value=-0.0023124303155696449 -1.66323934715713e-05 -0.019240274379872559 0.0022852378235629824 0.010450563833894569 0 0.018816561780461174
leaf_weight=27.466238170862198 4.0998026095330706 9.5873894803225976 1.7624641731381405 8.8802058622241002 1.4716464951634378 7.7360328957438478
leaf_count=300 31 101 17 45 10 61
internal_value=0 -0.00291141 -0.0140281 0.000602438 0.00987839 0.0156631
internal_weight=61.0038 47.6963 11.3499 36.3464 13.3075 9.20768
internal_count=565 463 118 345 102 71
is_linear=0
shrinkage=0.03


Tree=123
num_leaves=6
num_cat=0
split_feature=21 24 18 16 23
split_gain=3.1584 3.85582 2.67463 1.88989 0.828606
threshold=0.090908500000000017 0.91197850000000014 0.050379000000000007 0.18954900000000002 0.027365000000000004
decision_type=10 2 10 8 10
left_child=1 3 -3 -1 -2
right_child=4 2 -4 -5 -6
leaf_value=-0.020685675419717015 0 0 0.02058599815576612 -0.0026320019498639242 0.01493110588015065
leaf_weight=8.3758029937744158 2.0210416316986075 14.969813939183952 4.3602683953940859 20.995845191180706 10.517461128532885
leaf_count=77 14 171 24 237 51
internal_value=0 -0.00333417 0.00564667 -0.0101469 0.0120809
internal_weight=61.2402 48.7017 19.3301 29.3716 12.5385
internal_count=574 509 195 314 65
is_linear=0
shrinkage=0.03


Tree=124
num_leaves=6
num_cat=0
split_feature=4 18 20 19 21
split_gain=2.52051 2.40821 1.0894 0.760482 0.618293
threshold=1.0000000180025095e-35 0.054422500000000006 0.30294250000000006 0.32369500000000007 0.35259000000000001
decision_type=10 8 10 10 10
left_child=1 4 -2 -3 -1
right_child=2 3 -4 -5 -6
leaf_value=-0.01680514673789504 0.017359762806825295 -0.0014402718742761095 0 0.008268063871813152 0
leaf_weight=8.4270763248205149 6.1107290834188452 35.888584289699793 1.4087580591440199 5.8320139721035948 0.98612928390503007
leaf_count=93 51 357 9 33 4
internal_value=0 -0.00304917 0.0129537 0 -0.014668
internal_weight=58.6533 51.1338 7.51949 41.7206 9.41321
internal_count=547 487 60 390 97
is_linear=0
shrinkage=0.03


Tree=125
num_leaves=5
num_cat=0
split_feature=4 17 19 17
split_gain=2.43491 2.77055 1.672 0.580111
threshold=1.0000000180025095e-35 0.067415000000000017 0.17848950000000002 0.21567500000000003
decision_type=10 8 10 10
left_child=1 -1 -3 -2
right_child=3 2 -4 -5
leaf_value=-0.017223809946856641 0.016965583115338596 -0.0026855045240933312 0.0088777610676843508 0
leaf_weight=6.3503471277654162 5.4524177089333525 35.807468306273222 12.545357029885052 1.5160183534026144
leaf_count=74 44 364 80 10
internal_value=0 -0.00220539 7.38096e-05 0.0138449
internal_weight=61.6716 54.7032 48.3528 6.96844
internal_count=572 518 444 54
is_linear=0
shrinkage=0.03


Tree=126
num_leaves=7
num_cat=0
split_feature=21 24 5 19 20 20
split_gain=3.17342 4.70886 2.48647 2.36296 0.738119 0.471285
threshold=0.11378600000000001 0.91197850000000014 1.5000000000000002 0.0041160000000000007 0.030737000000000004 0.27475150000000004
decision_type=10 2 8 10 10 8
left_child=1 2 -1 -3 -2 -6
right_child=4 3 -4 -5 5 -7
leaf_value=-0.017656925499986282 0 0 0 0.018708726785842653 0.019343211183657442 0
leaf_weight=12.231050297617914 1.9880381524562825 10.962945904582741 16.887416530400515 8.179796386510132 8.0826453417539561 1.8446649014949805
leaf_count=119 12 137 193 51 43 9
internal_value=0.00203385 -0.00107457 -0.00884141 0.00898213 0.0143192 0.0169693
internal_weight=60.1766 48.2612 29.1185 19.1427 11.9153 9.92731
internal_count=564 500 312 188 64 52
is_linear=0
shrinkage=0.03


Tree=127
num_leaves=6
num_cat=0
split_feature=25 21 24 20 24
split_gain=2.51847 2.67935 3.12427 0.572951 0.227094
threshold=0.71528900000000017 0.24561150000000001 0.91197850000000014 0.19483500000000004 0.86497800000000014
decision_type=2 10 2 10 2
left_child=1 2 -1 -2 -3
right_child=3 4 -4 -5 -6
leaf_value=-0.011627686124741786 0.016494256520246168 0 0.0025984762985906645 0 0.01400761025285246
leaf_weight=29.985341943800449 5.3170497827231875 1.7213542535901059 17.495453488081694 1.4843882024288175 3.8838277384638786
leaf_count=307 43 8 179 8 21
internal_value=-0.000160746 -0.00304831 -0.00594852 0.0133509 0.0115417
internal_weight=59.8874 53.086 47.4808 6.80144 5.60518
internal_count=566 515 486 51 29
is_linear=0
shrinkage=0.03


Tree=128
num_leaves=7
num_cat=0
split_feature=21 24 20 5 22 20
split_gain=2.58586 4.32316 1.81619 1.34032 0.707067 0.547061
threshold=0.11378600000000001 0.92466550000000014 0.014690000000000002 1.5000000000000002 0.070410000000000014 0.27475150000000004
decision_type=10 2 8 10 10 8
left_child=1 3 -3 -1 -2 -6
right_child=4 2 -4 -5 5 -7
leaf_value=-0.011740241305810884 0 -0.0048245831927104469 0.013203808424859654 0.00077188325075766063 0.017159160220736634 0
leaf_weight=26.613564990460876 2.3405455425381652 2.5333699323236916 13.229660220444202 4.2119032666087142 7.6948267593979809 1.7800245136022574
leaf_count=307 15 37 119 22 39 9
internal_value=0.000301252 -0.00251079 0.00839934 -0.00922688 0.0116774 0.014593
internal_weight=58.4039 46.5885 15.763 30.8255 11.8154 9.47485
internal_count=548 485 156 329 63 48
is_linear=0
shrinkage=0.03


Tree=129
num_leaves=7
num_cat=0
split_feature=24 17 3 23 23 23
split_gain=2.37155 1.91206 2.40797 1.50193 1.3701 0.696556
threshold=0.85265450000000009 0.10894200000000002 1.0000000180025095e-35 0.72916550000000013 0.22010150000000003 0.044553000000000002
decision_type=2 10 8 8 10 10
left_child=3 2 -2 5 -3 -1
right_child=1 4 -4 -5 -6 -7
leaf_value=-0.0068587467725811152 -0.010538290636439554 0.01748138324113304 0.0053635456664473998 -0.017270379758743574 0 0.0078012216737153419
leaf_weight=1.7971142604947061 10.073353979736568 10.045157793909313 21.864968132227659 5.5153100974857816 7.3216342478990546 3.5928170830011368
leaf_count=24 95 59 254 75 39 15
internal_value=0.00116868 0.00444326 0 -0.00924348 0.0116274 0
internal_weight=60.2104 49.3051 31.9383 10.9052 17.3668 5.38993
internal_count=561 447 349 114 98 39
is_linear=0
shrinkage=0.03


Tree=130
num_leaves=7
num_cat=0
split_feature=4 18 20 15 20 18
split_gain=1.95109 3.22049 1.41405 1.3393 0.58866 0.245566
threshold=1.0000000180025095e-35 0.12082150000000001 0.25660100000000002 0.52194150000000017 0.34010750000000006 0.17051250000000004
decision_type=8 10 8 10 10 10
left_child=1 3 5 -1 -3 -2
right_child=2 4 -4 -5 -6 -7
leaf_value=-0.018291129457318374 0.016549965390676477 -0.00061435134401111404 0 0 0.0082765152289817467 0
leaf_weight=12.850557293742897 4.3742599487304714 9.5674075074493867 23.021520603448153 1.1751299947500218 5.5412603840231887 1.1731908619403837
leaf_count=136 36 56 279 5 30 9
internal_value=-0.000696498 -0.00626 0.00408253 -0.0155137 0.00182073 0.0145069
internal_weight=57.7033 29.1344 28.569 14.0257 15.1087 5.54745
internal_count=551 227 324 141 86 45
is_linear=0
shrinkage=0.03


Tree=131
num_leaves=6
num_cat=0
split_feature=25 18 4 22 16
split_gain=2.61363 2.74616 3.16496 2.33386 0.609265
threshold=0.58110250000000019 0.29495000000000005 1.0000000180025095e-35 0.044478500000000004 0.10107400000000001
decision_type=2 10 8 10 8
left_child=1 2 -1 -3 -2
right_child=4 3 -4 -5 -6
leaf_value=-0.01439234924773415 0 -0.0032171722365417249 0.00080545996676759514 0.019498593149727215 0.015862620863799415
leaf_weight=17.020728562027216 3.0377629175782177 2.7962377406656724 22.810001537203789 5.7765423357486725 8.2435542270541191
leaf_count=158 20 19 269 24 64
internal_value=0.00104659 -0.00165113 -0.00554173 0.0105837 0.0126374
internal_weight=59.6848 48.4035 39.8307 8.57278 11.2813
internal_count=554 470 427 43 84
is_linear=0
shrinkage=0.03


Tree=132
num_leaves=7
num_cat=0
split_feature=5 4 17 19 15 17
split_gain=3.17452 1.84941 3.20579 0.804817 0.819337 0.629654
threshold=1.5000000000000002 1.0000000180025095e-35 0.41435450000000001 0.086848000000000022 0.11817000000000001 0.20883650000000001
decision_type=8 10 10 10 8 10
left_child=1 2 -1 4 -2 -3
right_child=3 5 -4 -5 -6 -7
leaf_value=-0.018081250289547053 -0.0074412034301118918 0.0099068252956008972 0.0029171362138391806 0.013809987677948289 0.0042542089465926096 -0.0018321774402526659
leaf_weight=15.640391055494552 2.6669760942459133 3.6636740937829009 5.5880306251347056 6.4666116237640372 23.552943389862776 1.219636023044586
leaf_count=150 20 30 37 32 281 9
internal_value=0 -0.00768434 -0.0116388 0.00564713 0.00139606 0.00358793
internal_weight=58.7983 26.1117 21.2284 32.6865 26.2199 4.88331
internal_count=559 226 187 333 301 39
is_linear=0
shrinkage=0.03


Tree=133
num_leaves=7
num_cat=0
split_feature=2 5 16 20 19 20
split_gain=1.15253 1.93187 1.23066 1.08708 0.736677 0.645743
threshold=0.47222200000000009 1.5000000000000002 0.012189000000000002 0.039897000000000009 0.28423350000000008 0.027939500000000003
decision_type=10 10 10 10 8 10
left_child=1 4 5 -4 -1 -2
right_child=2 -3 3 -5 -6 -7
leaf_value=-0.0048777726987716949 -0.0032144344371524808 0.014906201030542189 0 -0.018315563769450711 0.0028207470386419067 0.010148149166230537
leaf_weight=14.986404687166212 1.5904844328761085 6.4783280715346327 2.6590157337486744 5.1829253546893597 26.543285008519888 2.2967861071228981
leaf_count=104 23 32 21 57 301 20
internal_value=0.000119304 0.00268363 -0.0067486 -0.0127651 0 0.00130629
internal_weight=59.7372 48.008 11.7292 7.84194 41.5297 3.88727
internal_count=558 437 121 78 405 43
is_linear=0
shrinkage=0.03


Tree=134
num_leaves=7
num_cat=0
split_feature=25 20 2 23 23 4
split_gain=2.27155 1.86036 1.16904 1.02634 1.50512 1.23404
threshold=0.16362650000000004 0.46494150000000006 0.70833350000000006 0.0078600000000000024 0.15473250000000002 1.0000000180025095e-35
decision_type=2 10 8 8 8 10
left_child=3 2 -2 5 -5 -1
right_child=1 -3 -4 4 -6 -7
leaf_value=-0.017477167031858188 0.016417795232205247 -0.0069712443898948566 0.0018689960722453683 0.012726051630953443 -0.0037419968728122002 0.00039203343499366513
leaf_weight=4.6781557574868229 13.544302307069303 2.4355822540819636 16.262290377169847 3.5770995691418674 17.669850047677755 0.85706391185522068
leaf_count=71 79 21 185 15 179 6
internal_value=0.00231204 0.0076536 0.0102913 -0.00323436 0 -0.0120302
internal_weight=59.0243 32.2422 29.8066 26.7822 21.2469 5.53522
internal_count=556 285 264 271 194 77
is_linear=0
shrinkage=0.03


Tree=135
num_leaves=7
num_cat=0
split_feature=24 17 4 16 25 17
split_gain=2.08555 3.18635 3.0991 1.44683 1.0128 0.384351
threshold=0.85012900000000002 0.22138300000000002 1.0000000180025095e-35 0.18486350000000004 0.21412400000000004 0.27301500000000006
decision_type=2 10 8 10 2 10
left_child=4 2 -2 -3 -1 -6
right_child=1 3 -4 -5 5 -7
leaf_value=-0.014275081406397445 -0.0093913452479855962 0 0.0067317362052226066 0.025974564854975263 0.0056615195012758388 -0.0055049770737174543
leaf_weight=5.8808723464608175 14.551288101822136 4.4399491623043996 24.389917407184839 4.8691889345645905 3.7796502932906151 1.2438586577773092
leaf_count=70 126 29 274 20 33 12
internal_value=0.00160703 0.00471488 0 0.0180425 -0.00803735 0
internal_weight=59.1547 48.2503 38.9412 9.30914 10.9044 5.02351
internal_count=564 449 400 49 115 45
is_linear=0
shrinkage=0.03


Tree=136
num_leaves=7
num_cat=0
split_feature=25 4 18 23 2 24
split_gain=2.72778 1.59181 2.05197 1.19639 0.509905 0.32297
threshold=0.53438100000000011 1.0000000180025095e-35 0.26386550000000003 0.82762200000000008 0.70833350000000006 0.90090300000000012
decision_type=2 8 10 8 10 2
left_child=1 2 -1 -3 5 -2
right_child=4 3 -4 -5 -6 -7
leaf_value=-0.014431667128306139 0 0.011951476583423153 0.00074030027143350203 -0.0014224920428699962 0 0.016381644081605046
leaf_weight=15.339689139276745 3.4116137847304309 4.460886828601363 7.6527640707790843 18.34810097143054 1.977789759635926 6.7867397703230381
leaf_count=150 27 34 39 227 15 57
internal_value=0 -0.00344221 -0.00872507 0.00111593 0.0111205 0.0133029
internal_weight=57.9776 45.8014 22.9925 22.809 12.1761 10.1984
internal_count=549 450 189 261 99 84
is_linear=0
shrinkage=0.03


Tree=137
num_leaves=7
num_cat=0
split_feature=2 24 25 19 5 17
split_gain=2.04363 1.86509 1.61598 1.58682 1.33145 0.328913
threshold=0.32575750000000009 0.96457100000000007 0.026113000000000004 0.12284250000000001 1.5000000000000002 0.097764000000000004
decision_type=8 2 2 10 8 10
left_child=2 4 5 -4 -2 -1
right_child=1 -3 3 -5 -6 -7
leaf_value=0 -0.017333939809997437 0.0096358941672437613 0 0.016623653313487887 -0.0022856256150910396 -0.0097488266113588511
leaf_weight=1.4817540682852297 7.6514601074159136 2.569447733461856 7.7993966490030315 9.8453905954956991 25.982193499803543 2.1020025573670864
leaf_count=12 95 24 58 56 291 14
internal_value=-0.000383646 -0.00503041 0.00594436 0.0101375 -0.00766711 -0.00535606
internal_weight=57.4316 36.2031 21.2285 17.6448 33.6337 3.58376
internal_count=550 410 140 114 386 26
is_linear=0
shrinkage=0.03


Tree=138
num_leaves=7
num_cat=0
split_feature=24 16 25 24 24 25
split_gain=2.64605 2.20651 1.99967 3.31431 2.21087 0.534222
threshold=0.86084600000000011 0.076416000000000012 0.033283000000000007 0.92466550000000014 0.90022100000000016 0.21412400000000004
decision_type=2 10 2 2 2 2
left_child=1 5 4 -4 -2 -1
right_child=2 -3 3 -5 -6 -7
leaf_value=-0.0056608475103265945 0.02234263022928833 -0.021793602903812416 -0.0064237050675327884 0.010156473897023253 -0.0019527311252479937 0.006378555428857919
leaf_weight=3.0595369040966016 5.9992265589535227 4.6794256493449211 22.623950462788343 15.6665793210268 1.4622017256915567 4.0447099655866623
leaf_count=50 34 42 213 153 18 37
internal_value=1.00675e-05 -0.0106015 0.00384269 0 0.0155192 0
internal_weight=57.5356 11.7837 45.752 38.2905 7.46143 7.10425
internal_count=547 129 418 366 52 87
is_linear=0
shrinkage=0.03


Tree=139
num_leaves=6
num_cat=0
split_feature=24 20 23 17 3
split_gain=3.22055 1.59692 1.68801 1.17512 0.776797
threshold=0.85012900000000002 0.019577000000000004 0.13940550000000004 0.20883650000000001 1.0000000180025095e-35
decision_type=2 8 8 8 10
left_child=3 4 -3 -1 -2
right_child=1 2 -4 -5 -6
leaf_value=0 -0.013225430439460411 0.014303347616760127 0.00091718146048980057 -0.016617172319000877 0
leaf_weight=2.9205535203218433 3.5245507061481467 13.112273268401621 30.987647838890553 8.3914960287511349 0.89531370997428883
leaf_count=20 53 93 296 99 9
internal_value=2.37502e-05 0.00396659 0.00619178 -0.0120783 -0.00771906
internal_weight=59.8318 48.5198 44.0999 11.312 4.41986
internal_count=570 451 389 119 62
is_linear=0
shrinkage=0.03


Tree=140
num_leaves=7
num_cat=0
split_feature=24 18 3 25 2 25
split_gain=2.25495 2.5878 3.47461 1.93174 0.858011 0.370157
threshold=0.86084600000000011 0.18114000000000002 1.0000000180025095e-35 0.21412400000000004 0.47222200000000009 0.27712850000000006
decision_type=2 10 8 2 8 2
left_child=3 2 -2 -1 -3 -5
right_child=1 4 -4 5 -6 -7
leaf_value=-0.019773141571624176 -0.01216199691435881 0.016742619679692972 0.0050530607870630812 0.0078601225709588468 0 -0.0027248483872366514
leaf_weight=6.415481109172104 14.687310874462126 8.182054497301575 21.077845357358456 1.6401812843978403 1.8134566023945815 3.2579325810074806
leaf_count=82 127 39 249 11 11 30
internal_value=-0.000915326 0.00167688 -0.00163668 -0.01165 0.0134825 0
internal_weight=57.0743 45.7607 35.7652 11.3136 9.99551 4.89811
internal_count=549 426 376 123 50 41
is_linear=0
shrinkage=0.03


Tree=141
num_leaves=5
num_cat=0
split_feature=19 24 19 16
split_gain=2.01671 1.78071 0.690666 0.672503
threshold=0.0041160000000000007 0.82224750000000013 0.57704100000000014 0.44553150000000002
decision_type=8 2 10 10
left_child=-1 3 -3 -2
right_child=1 2 -4 -5
leaf_value=-0.011941963911684951 -0.011929538458125328 0.0082521283085718218 -0.00040940169895971708 0
leaf_weight=2.9645945839583865 3.7593106515705577 50.215072300285101 1.9726924002170552 0.99046707153320301
leaf_count=50 50 440 24 6
internal_value=0.0035499 0.00541439 0.00737667 -0.00678424
internal_weight=59.9021 56.9375 52.1878 4.74978
internal_count=570 520 464 56
is_linear=0
shrinkage=0.03


Tree=142
num_leaves=7
num_cat=0
split_feature=24 20 4 25 25 17
split_gain=3.98549 2.16038 1.64278 2.37379 0.985104 0.304563
threshold=0.92466550000000014 0.020705500000000005 1.0000000180025095e-35 0.17138100000000003 0.28514000000000006 0.17884250000000004
decision_type=2 10 10 2 2 10
left_child=2 4 3 -1 -2 -4
right_child=1 -3 5 -5 -6 -7
leaf_value=-0.015182567486856821 -0.0067310507818455524 0.020680151443763353 0.0098296111002943772 0 0.0083486339075112131 0
leaf_weight=16.539346389472485 5.1206010505557078 7.1552815921604624 2.9322247728705397 19.063215848058462 4.441547304391861 1.3358014374971388
leaf_count=178 74 46 20 176 47 10
internal_value=0 0.0110298 -0.00526457 -0.00783154 0 0.00641475
internal_weight=56.588 16.7174 39.8706 35.6026 9.56215 4.26803
internal_count=551 167 384 354 121 30
is_linear=0
shrinkage=0.03


Tree=143
num_leaves=7
num_cat=0
split_feature=24 20 20 20 4 20
split_gain=2.06725 1.96123 1.18362 1.1446 0.488123 0.200897
threshold=0.85012900000000002 0.019577000000000004 0.46494150000000006 0.21677400000000005 1.0000000180025095e-35 0.10673150000000002
decision_type=2 8 10 8 10 8
left_child=3 4 -3 5 -2 -1
right_child=1 2 -4 -5 -6 -7
leaf_value=-0.0012754715515627157 -0.012843540294722377 0.0085642169174176292 -0.002942047311617377 -0.014390845078156614 0 0.0059323533285524626
leaf_weight=2.683684736490247 3.18653256073594 40.567879173904657 3.9581558853387824 6.6079983748495588 0.98130536079406727 1.874890089035034
leaf_count=17 48 359 30 88 9 13
internal_value=0.00129672 0.0044127 0.00678899 -0.00823043 -0.00900467 0
internal_weight=59.8604 48.6939 44.526 11.1666 4.16784 4.55857
internal_count=564 446 389 118 57 30
is_linear=0
shrinkage=0.03


Tree=144
num_leaves=6
num_cat=0
split_feature=4 18 7 15 15
split_gain=1.41329 3.5838 1.35999 0.97914 0.659469
threshold=1.0000000180025095e-35 0.092983500000000011 1.0000000180025095e-35 0.46050550000000007 0.25994750000000005
decision_type=10 8 8 10 10
left_child=1 3 -3 -1 -2
right_child=4 2 -4 -5 -6
leaf_value=-0.017194270028316097 0.014260695175572291 0.0089312117512781366 -0.0013075936014363264 0 0
leaf_weight=10.696456212550398 5.3742424920201293 14.557069662958382 22.349122956395149 0.91304416209459383 1.1000639945268629
leaf_count=117 45 89 277 5 8
internal_value=0 -0.0017757 0.00234699 -0.0147257 0.0108217
internal_weight=54.99 48.5157 36.9062 11.6095 6.47431
internal_count=541 488 366 122 53
is_linear=0
shrinkage=0.03


Tree=145
num_leaves=7
num_cat=0
split_feature=20 20 23 15 8 17
split_gain=1.47165 2.16457 2.8029 0.968937 0.554905 0.424935
threshold=0.22530800000000004 0.019577000000000004 0.24831400000000003 0.34860600000000003 8.2880465000000019 0.52130150000000008
decision_type=10 10 10 8 8 10
left_child=1 4 -3 5 -1 -2
right_child=3 2 -4 -5 -6 -7
leaf_value=-0.0098404982076472879 -0.015279523383138304 0.016705538011981939 -0.0029756303393690064 0 0 0
leaf_weight=4.5166542492806938 7.3644714616239035 12.484680559486153 6.1238640844821921 1.910868555307389 22.736143682152033 1.069348096847534
leaf_count=54 61 86 40 8 287 14
internal_value=-0.000106488 0.00180908 0.00932643 -0.00934446 -0.00274806 -0.0133484
internal_weight=56.206 45.8613 18.6085 10.3447 27.2528 8.43382
internal_count=550 467 126 83 341 75
is_linear=0
shrinkage=0.03


Tree=146
num_leaves=6
num_cat=0
split_feature=4 19 23 20 17
split_gain=2.41582 3.19283 1.71703 0.850385 0.765508
threshold=1.0000000180025095e-35 0.078375500000000015 0.0070730000000000003 0.30294250000000006 0.42321200000000003
decision_type=10 8 10 10 8
left_child=1 4 -3 -2 -1
right_child=3 2 -4 -5 -6
leaf_value=-0.019138877511404803 0.017346180175341949 -0.0034031924657154625 0.0084314345280871034 0 0
leaf_weight=8.1581872999668086 5.0292227901518336 26.892509426921606 13.905389267951248 1.186683841049671 1.6982506997883327
leaf_count=86 48 340 72 8 10
internal_value=-0.000248514 -0.00313513 0.000246741 0.0133828 -0.016258
internal_weight=56.8702 50.6543 40.7979 6.21591 9.85644
internal_count=564 508 412 56 96
is_linear=0
shrinkage=0.03


Tree=147
num_leaves=5
num_cat=0
split_feature=3 18 5 2
split_gain=1.5672 1.90544 1.69682 1.28389
threshold=1.5000000000000002 0.092983500000000011 1.5000000000000002 0.11805550000000002
decision_type=10 8 10 10
left_child=1 3 -3 -1
right_child=-2 2 -4 -5
leaf_value=0 0.013117488818726765 -0.0015267663747034151 0.012881838535234297 -0.017265550967330137
leaf_weight=5.628142122179268 3.6252374053001395 35.718701101839542 5.7330841124057761 7.4987446628510952
leaf_count=43 40 363 25 89
internal_value=-0.000132988 -0.00217174 0.000526048 -0.0110641
internal_weight=58.2039 54.5787 41.4518 13.1269
internal_count=560 520 388 132
is_linear=0
shrinkage=0.03


Tree=148
num_leaves=6
num_cat=0
split_feature=24 19 23 17 16
split_gain=1.51826 1.26758 0.971057 0.753913 0.431459
threshold=0.85265450000000009 0.0041160000000000007 0.15473250000000002 0.16819200000000004 0.023536500000000005
decision_type=2 8 8 8 8
left_child=3 -2 -3 -1 -5
right_child=1 2 -4 4 -6
leaf_value=0.00032334809353898899 -0.0082902945853136709 0.011593485664690815 0.0012754829426140674 0 -0.012216327983305058
leaf_weight=2.3041884265840027 2.2179974429309359 15.553690638393162 31.200491230934858 1.1452954784035672 8.1948975212872028
leaf_count=16 45 111 306 12 97
internal_value=0.00143646 0.00414578 0.00580301 -0.00642448 -0.0101941
internal_weight=60.6166 48.9722 46.7542 11.6444 9.34019
internal_count=587 462 417 125 109
is_linear=0
shrinkage=0.03


Tree=149
num_leaves=7
num_cat=0
split_feature=24 20 23 23 23 4
split_gain=2.84238 2.28378 1.51223 0.684683 0.762768 0.328566
threshold=0.86084600000000011 0.019577000000000004 0.22010150000000003 0.72916550000000013 0.044553000000000002 1.0000000180025095e-35
decision_type=2 8 10 8 10 10
left_child=3 5 -3 4 -1 -2
right_child=1 2 -4 -5 -6 -7
leaf_value=-0.0096007307828878657 -0.013117719626757583 0.0095532166272678798 -0.0026291303186494258 -0.016094116449485399 0.0051116685163829631 0
leaf_weight=2.5021623931825134 3.2854833900928488 33.855902230367064 6.1453085020184508 6.1810264773666868 3.8633862882852554 0.77178185433149327
leaf_count=31 51 310 40 86 17 7
internal_value=0 0.00411353 0.00693116 -0.0106456 0 -0.0105525
internal_weight=56.6051 44.0585 40.0012 12.5466 6.36555 4.05727
internal_count=542 408 350 134 48 58
is_linear=0
shrinkage=0.03


Tree=150
num_leaves=7
num_cat=0
split_feature=20 17 20 17 15 17
split_gain=2.11797 2.16101 1.79592 0.960754 0.920555 0.860905
threshold=0.26651250000000004 0.43166150000000009 0.019577000000000004 0.44580950000000003 0.17543550000000005 0.025115000000000002
decision_type=10 8 10 10 8 10
left_child=2 5 4 -4 -1 -2
right_child=1 -3 3 -5 -6 -7
leaf_value=-0.011959617547918345 0 0.0037921962942113713 0.011030737957466025 -0.0010371110160608894 0 -0.0216518943311222
leaf_weight=3.469510322436693 1.4501862004399271 2.0700884088873872 19.136327557265762 1.7419793047010887 23.007698256522417 6.0412051528692245
leaf_count=49 10 19 127 12 284 51
internal_value=0 -0.0112568 0.00249885 0.00876369 -0.00181263 -0.0181701
internal_weight=56.917 9.56148 47.3555 20.8783 26.4772 7.49139
internal_count=552 80 472 139 333 61
is_linear=0
shrinkage=0.03


Tree=151
num_leaves=7
num_cat=0
split_feature=2 24 20 2 24 22
split_gain=1.33624 3.83172 1.86533 1.50825 1.26342 0.861592
threshold=0.32575750000000009 0.93767700000000009 0.020705500000000005 1.0000000180025095e-35 0.85012900000000002 0.14302150000000002
decision_type=10 2 10 10 2 8
left_child=3 5 -3 4 -1 -2
right_child=1 2 -4 -5 -6 -7
leaf_value=-0.0077251569233433943 -0.018635295323793957 -0.0032603697003095434 0.018966895778240858 0.01564632095301861 0.0043992557600714246 0
leaf_weight=6.3305993378162375 7.7661621626466486 1.7403578031808127 3.7873279005289078 6.9008561521768561 29.000266756862402 1.3288077786564834
leaf_count=78 89 30 22 38 296 8
internal_value=0.00196424 -0.00431493 0.00976575 0.00494363 0.00100955 -0.0156528
internal_weight=56.8544 14.6227 5.52769 42.2317 35.3309 9.09497
internal_count=561 149 52 412 374 97
is_linear=0
shrinkage=0.03


end of trees

feature_importances:
reranker_score_bge_reranker_v2_m3=99
embedding_cosine_bge_m3=93
max_category_share_percentile_gap_abs=60
shared_title_count_capped=56
shared_description_count_capped=54
profile_category_jaccard=50
title_length_median_percentile_gap_abs=46
punct_ratio_mean_percentile_gap_abs=46
repeated_title_share_percentile_gap_abs=44
description_length_median_percentile_gap_abs=42
repeated_description_share_percentile_gap_abs=30
price_median_percentile_gap_abs=26
digit_ratio_mean_percentile_gap_abs=25
shared_category_count_capped=22
item_count_percentile_gap_abs=17
shared_description_idf_sum=14
shared_description_idf_mean=10
shared_title_idf_sum=2
shared_title_idf_mean=1
shared_rare_ngram_count=1

parameters:
[boosting: gbdt]
[objective: binary]
[metric: binary_logloss,auc]
[tree_learner: serial]
[device_type: cpu]
[data_sample_strategy: bagging]
[data: ]
[valid: ]
[num_iterations: 160]
[learning_rate: 0.03]
[num_leaves: 7]
[num_threads: 0]
[seed: 20260321]
[deterministic: 1]
[force_col_wise: 1]
[force_row_wise: 0]
[histogram_pool_size: -1]
[max_depth: 3]
[min_data_in_leaf: 10]
[min_sum_hessian_in_leaf: 0.001]
[bagging_fraction: 0.8]
[pos_bagging_fraction: 1]
[neg_bagging_fraction: 1]
[bagging_freq: 1]
[bagging_seed: 20260321]
[bagging_by_query: 0]
[feature_fraction: 0.6]
[feature_fraction_bynode: 1]
[feature_fraction_seed: 20260321]
[extra_trees: 0]
[extra_seed: 14909]
[early_stopping_round: 0]
[early_stopping_min_delta: 0]
[first_metric_only: 0]
[max_delta_step: 0]
[lambda_l1: 1]
[lambda_l2: 3]
[linear_lambda: 0]
[min_gain_to_split: 0.05]
[drop_rate: 0.1]
[max_drop: 50]
[skip_drop: 0.5]
[xgboost_dart_mode: 0]
[uniform_drop: 0]
[drop_seed: 4518]
[top_rate: 0.2]
[other_rate: 0.1]
[min_data_per_group: 100]
[max_cat_threshold: 32]
[cat_l2: 10]
[cat_smooth: 10]
[max_cat_to_onehot: 4]
[top_k: 20]
[monotone_constraints: ]
[monotone_constraints_method: basic]
[monotone_penalty: 0]
[feature_contri: ]
[forcedsplits_filename: ]
[refit_decay_rate: 0.9]
[cegb_tradeoff: 1]
[cegb_penalty_split: 0]
[cegb_penalty_feature_lazy: ]
[cegb_penalty_feature_coupled: ]
[path_smooth: 0]
[interaction_constraints: ]
[verbosity: -1]
[saved_feature_importance_type: 0]
[use_quantized_grad: 0]
[num_grad_quant_bins: 4]
[quant_train_renew_leaf: 0]
[stochastic_rounding: 1]
[linear_tree: 0]
[max_bin: 255]
[max_bin_by_feature: ]
[min_data_in_bin: 3]
[bin_construct_sample_cnt: 200000]
[data_random_seed: 20260321]
[is_enable_sparse: 1]
[enable_bundle: 1]
[use_missing: 1]
[zero_as_missing: 0]
[feature_pre_filter: 1]
[pre_partition: 0]
[two_round: 0]
[header: 0]
[label_column: ]
[weight_column: ]
[group_column: ]
[ignore_column: ]
[categorical_feature: ]
[forcedbins_filename: ]
[precise_float_parser: 0]
[parser_config_file: ]
[objective_seed: 21012]
[num_class: 1]
[is_unbalance: 0]
[scale_pos_weight: 1]
[sigmoid: 1]
[boost_from_average: 1]
[reg_sqrt: 0]
[alpha: 0.9]
[fair_c: 1]
[poisson_max_delta_step: 0.7]
[tweedie_variance_power: 1.5]
[lambdarank_truncation_level: 30]
[lambdarank_norm: 1]
[label_gain: ]
[lambdarank_position_bias_regularization: 0]
[eval_at: ]
[multi_error_top_k: 1]
[auc_mu_weights: ]
[num_machines: 1]
[local_listen_port: 12400]
[time_out: 120]
[machine_list_filename: ]
[machines: ]
[gpu_platform_id: -1]
[gpu_device_id: -1]
[gpu_use_dp: 0]
[num_gpu: 1]

end of parameters

pandas_categorical:null
