pair_uid,data_bucket,candidate_language,split_name,split_component_id,review_label,review_stratum,usable_for_supervision,usable_for_core_transfer,candidate_rule_hits,shared_contact_count,shared_pgp_fingerprint_count,shared_title_count,shared_description_count,embedding_cosine_multilingual_e5_large,embedding_cosine_bge_m3,embedding_cosine_labse,structural_support_score_raw,source_seller_raw_left,source_seller_raw_right,identity_label,evidence_type,evidence_type_confident,identity_training_eligible,has_direct_identifier_signal,has_template_clone_signal,has_semantic_topic_signal,has_public_contact_or_url_noise_signal,evidence_type_reasons
market_item.xlsx|茶马古道|seller_raw:/shop/449035||market_item.xlsx|茶马古道|seller_raw:/shop/461222,zh_target_strict,zh,train,comp_00213,positive,identifier_plus_text,1,1,,,,,,0.944062,0.89714,0.954724,0.546737,/shop/449035,/shop/461222,same_controller,same_controller_direct_identifier,1,1,1,1,0,1,feature_has_shared_contact_exact|feature_shared_contact_count|review_stratum:identifier
market_item.xlsx|中文暗网交易市场|seller_raw:167147||market_item.xlsx|中文暗网交易市场|seller_raw:65684,zh_target_strict,zh,train,silver_train_comp_00001,positive,text_clone_primary,1,1,,,,,,0.992375,0.99482,0.995228,0.999537,167147,65684,same_controller,same_controller_style_structural_soft,1,1,0,1,0,0,positive_without_direct_identifier
market_item.xlsx|中文暗网交易市场|seller_raw:210589||market_item.xlsx|中文暗网交易市场|seller_raw:58949,zh_target_strict,zh,train,comp_00001,negative,semantic_structural,1,1,,,,,,0.949397,0.90451,0.938795,0.925504,210589,58949,different_controller,ordinary_negative,1,1,0,0,0,0,negative_without_hard_ambiguity
market_item.xlsx|中文暗网交易市场|seller_raw:605194||market_item.xlsx|茶马古道|seller_raw:/shop/441160,zh_target_strict,zh,valid,comp_00046,positive,identifier_primary,1,1,,,,,,0.941245,0.904142,0.947764,0.305919,605194,/shop/441160,same_controller,same_controller_direct_identifier,1,1,1,0,1,1,feature_has_shared_contact_exact|feature_shared_contact_count|review_stratum:identifier
market_item.xlsx|中文暗网交易市场|seller_raw:610694||market_item.xlsx|中文暗网交易市场|seller_raw:611478,zh_target_strict,zh,train,silver_train_comp_00118,positive,semantic_only,1,1,,,,,,0.969478,0.93136,0.986435,0.470736,610694,611478,same_controller,same_controller_style_structural_soft,1,1,0,1,0,0,positive_without_direct_identifier
market_item.xlsx|茶马古道|seller_raw:/shop/454497||market_item.xlsx|茶马古道|seller_raw:/shop/454507,zh_target_strict,zh,test,comp_00216,positive,identifier_plus_text,1,1,,,,,,0.984977,0.963703,0.967873,0.839189,/shop/454497,/shop/454507,same_controller,same_controller_direct_identifier,1,1,1,1,0,1,feature_has_shared_contact_exact|feature_shared_contact_count|review_stratum:identifier
market_item.xlsx|中文暗网交易市场|seller_raw:597091||market_item.xlsx|茶马古道|seller_raw:/shop/439316,zh_target_strict,zh,train,silver_train_comp_00002,positive,text_clone_primary,1,1,,,,,,0.983095,0.983263,0.996644,0.499756,597091,/shop/439316,same_controller,same_controller_style_structural_soft,1,1,0,1,0,0,positive_without_direct_identifier
market_item.xlsx|中文暗网交易市场|seller_raw:38978||market_item.xlsx|中文暗网交易市场|seller_raw:99610,zh_target_strict,zh,train,comp_00001,negative,semantic_structural,1,1,,,,,,0.948537,0.924466,0.934887,0.819444,38978,99610,different_controller,ordinary_negative,1,1,0,0,0,0,negative_without_hard_ambiguity
market_item.xlsx|中文暗网交易市场|seller_raw:516000||market_item.xlsx|茶马古道|seller_raw:/shop/5524,zh_target_strict,zh,train,silver_train_comp_00013,positive,identifier_primary,1,1,,,,,,0.899717,0.842669,0.871898,0.233778,516000,/shop/5524,same_controller,same_controller_direct_identifier,1,1,1,0,1,1,feature_has_shared_contact_exact|feature_shared_contact_count|review_stratum:identifier
market_item.xlsx|茶马古道|seller_raw:/shop/395618||market_item.xlsx|茶马古道|seller_raw:/shop/9931,zh_target_strict,zh,uncertain_holdout,,uncertain,semantic_only,0,0,,,,,,0.934413,0.876292,0.97174,0.496151,/shop/395618,/shop/9931,uncertain,uncertain_insufficient_evidence,0,0,0,0,0,0,uncertain_or_not_supervision_label
market_item.xlsx|中文暗网交易市场|seller_raw:564088||market_item.xlsx|茶马古道|seller_raw:/shop/9636,zh_target_strict,zh,test,comp_00106,positive,identifier_plus_text,1,1,,,,,,0.929413,0.940289,0.947749,0.275666,564088,/shop/9636,same_controller,same_controller_direct_identifier,1,1,1,1,0,1,feature_has_shared_contact_exact|feature_shared_contact_count|review_stratum:identifier
market_item.xlsx|中文暗网交易市场|seller_raw:595944||market_item.xlsx|茶马古道|seller_raw:/shop/439854,zh_target_strict,zh,valid,comp_00116,positive,text_clone_primary,1,1,,,,,,0.964561,0.965074,0.939949,0.417318,595944,/shop/439854,same_controller,same_controller_style_structural_soft,1,1,0,1,0,0,positive_without_direct_identifier
market_item.xlsx|茶马古道|seller_raw:/shop/446222||market_item.xlsx|茶马古道|seller_raw:/shop/455192,zh_target_strict,zh,train,silver_train_comp_00029,positive,semantic_structural,1,1,,,,,,0.983012,0.988706,0.993749,0.995906,/shop/446222,/shop/455192,same_controller,same_controller_style_structural_soft,1,1,0,1,0,0,positive_without_direct_identifier
market_item.xlsx|茶马古道|seller_raw:/shop/444530||market_item.xlsx|茶马古道|seller_raw:/shop/461246,zh_target_strict,zh,test,comp_00208,positive,identifier_primary,1,1,,,,,,0.94153,0.921187,0.9194,0.701186,/shop/444530,/shop/461246,same_controller,same_controller_direct_identifier,1,1,1,0,0,1,feature_has_shared_contact_exact|feature_shared_contact_count|review_stratum:identifier
market_item.xlsx|中文暗网交易市场|seller_raw:536419||market_item.xlsx|茶马古道|seller_raw:/shop/462274,zh_target_strict,zh,uncertain_holdout,,uncertain,semantic_only,0,0,,,,,,0.941084,0.926215,0.985497,0.497685,536419,/shop/462274,uncertain,uncertain_insufficient_evidence,0,0,0,0,0,0,uncertain_or_not_supervision_label
market_item.xlsx|茶马古道|seller_raw:/shop/402037||market_item.xlsx|茶马古道|seller_raw:/shop/6332,zh_target_strict,zh,test,comp_00152,positive,identifier_plus_text,1,1,,,,,,0.962933,0.939224,0.965159,0.339512,/shop/402037,/shop/6332,same_controller,same_controller_direct_identifier,1,1,1,1,0,1,feature_has_shared_contact_exact|feature_shared_contact_count|review_stratum:identifier
market_item.xlsx|茶马古道|seller_raw:/shop/397616||market_item.xlsx|茶马古道|seller_raw:/shop/398592,zh_target_strict,zh,valid,comp_00146,positive,text_clone_primary,1,1,,,,,,0.962517,0.962387,0.956139,0.688281,/shop/397616,/shop/398592,same_controller,same_controller_style_structural_soft,1,1,0,1,0,0,positive_without_direct_identifier
market_item.xlsx|茶马古道|seller_raw:/shop/429595||market_item.xlsx|茶马古道|seller_raw:/shop/431498,zh_target_strict,zh,train,silver_train_comp_00031,positive,semantic_structural,1,1,,,,,,0.972461,0.97134,0.961257,0.98474,/shop/429595,/shop/431498,same_controller,same_controller_style_structural_soft,1,1,0,0,0,0,positive_without_direct_identifier
market_item.xlsx|茶马古道|seller_raw:/shop/428039||market_item.xlsx|茶马古道|seller_raw:/shop/436689,zh_target_strict,zh,test,comp_00149,positive,identifier_primary,1,1,,,,,,0.958749,0.908388,0.925507,0.428174,/shop/428039,/shop/436689,same_controller,same_controller_direct_identifier,1,1,1,0,0,1,feature_has_shared_contact_exact|feature_shared_contact_count|review_stratum:identifier
market_item.xlsx|中文暗网交易市场|seller_raw:606193||market_item.xlsx|茶马古道|seller_raw:/shop/461572,zh_target_strict,zh,valid,comp_00118,negative,semantic_only,1,1,,,,,,0.938731,0.912036,0.989956,0.494444,606193,/shop/461572,different_controller,ordinary_negative,1,1,0,0,0,0,negative_without_hard_ambiguity
market_item.xlsx|茶马古道|seller_raw:/shop/410559||market_item.xlsx|茶马古道|seller_raw:/shop/413373,zh_target_strict,zh,test,comp_00161,positive,identifier_plus_text,1,1,,,,,,0.967823,0.968513,0.973193,0.627667,/shop/410559,/shop/413373,same_controller,same_controller_direct_identifier,1,1,1,1,0,1,feature_has_shared_contact_exact|feature_shared_contact_count|review_stratum:identifier
market_item.xlsx|中文暗网交易市场|seller_raw:573258||market_item.xlsx|茶马古道|seller_raw:/shop/455140,zh_target_strict,zh,valid,comp_00108,positive,text_clone_primary,1,1,,,,,,0.918496,0.896491,0.934833,0.437685,573258,/shop/455140,same_controller,same_controller_style_structural_soft,1,1,0,1,0,0,positive_without_direct_identifier
market_item.xlsx|中文暗网交易市场|seller_raw:31252||market_item.xlsx|中文暗网交易市场|seller_raw:99610,zh_target_strict,zh,train,comp_00001,negative,semantic_structural,1,1,,,,,,0.975399,0.96569,0.941628,0.778668,31252,99610,different_controller,ordinary_negative,1,1,0,0,0,0,negative_without_hard_ambiguity
market_item.xlsx|茶马古道|seller_raw:/shop/440109||market_item.xlsx|茶马古道|seller_raw:/shop/458500,zh_target_strict,zh,test,comp_00202,positive,identifier_primary,1,1,,,,,,0.942664,0.868422,0.935185,0.921584,/shop/440109,/shop/458500,same_controller,same_controller_direct_identifier,1,1,1,0,0,1,feature_has_shared_contact_exact|feature_shared_contact_count|review_stratum:identifier
market_item.xlsx|中文暗网交易市场|seller_raw:573301||market_item.xlsx|茶马古道|seller_raw:/shop/418341,zh_target_strict,zh,uncertain_holdout,,uncertain,semantic_only,0,0,,,,,,0.95726,0.957203,0.972756,0.311618,573301,/shop/418341,uncertain,uncertain_insufficient_evidence,0,0,0,0,1,0,uncertain_or_not_supervision_label
market_item.xlsx|茶马古道|seller_raw:/shop/444654||market_item.xlsx|茶马古道|seller_raw:/shop/459141,zh_target_strict,zh,valid,comp_00115,positive,identifier_plus_text,1,1,,,,,,0.985185,0.971707,0.963119,0.992089,/shop/444654,/shop/459141,same_controller,same_controller_direct_identifier,1,1,1,1,0,1,feature_has_shared_contact_exact|feature_shared_contact_count|review_stratum:identifier
market_item.xlsx|中文暗网交易市场|seller_raw:538752||market_item.xlsx|茶马古道|seller_raw:/shop/397934,zh_target_strict,zh,valid,comp_00096,positive,text_clone_primary,1,1,,,,,,0.950178,0.939308,0.963706,0.387534,538752,/shop/397934,same_controller,same_controller_style_structural_soft,1,1,0,1,0,0,positive_without_direct_identifier
market_item.xlsx|中文暗网交易市场|seller_raw:31252||market_item.xlsx|中文暗网交易市场|seller_raw:38978,zh_target_strict,zh,train,comp_00001,negative,semantic_structural,1,1,,,,,,0.949134,0.931739,0.921557,0.717513,31252,38978,different_controller,ordinary_negative,1,1,0,0,0,0,negative_without_hard_ambiguity
market_item.xlsx|中文暗网交易市场|seller_raw:636666||market_item.xlsx|中文暗网交易市场|seller_raw:65706,zh_target_strict,zh,train,silver_train_comp_00055,positive,identifier_primary,1,1,,,,,,0.903515,0.833805,0.896639,0.736519,636666,65706,same_controller,same_controller_direct_identifier,1,1,1,0,0,1,feature_has_shared_contact_exact|feature_shared_contact_count|review_stratum:identifier
market_item.xlsx|茶马古道|seller_raw:/shop/445167||market_item.xlsx|茶马古道|seller_raw:/shop/461416,zh_target_strict,zh,uncertain_holdout,,uncertain,semantic_only,0,0,,,,,,0.961091,0.910711,0.975067,0.381643,/shop/445167,/shop/461416,uncertain,uncertain_insufficient_evidence,0,0,0,0,0,0,uncertain_or_not_supervision_label
market_item.xlsx|中文暗网交易市场|seller_raw:610888||market_item.xlsx|茶马古道|seller_raw:/shop/439789,zh_target_strict,zh,valid,comp_00122,positive,identifier_plus_text,1,1,,,,,,0.930132,0.876207,0.933696,0.330082,610888,/shop/439789,same_controller,same_controller_direct_identifier,1,1,1,1,0,1,feature_has_shared_contact_exact|feature_shared_contact_count|review_stratum:identifier
market_item.xlsx|中文暗网交易市场|seller_raw:547630||market_item.xlsx|茶马古道|seller_raw:/shop/402218,zh_target_strict,zh,valid,comp_00098,positive,text_clone_primary,1,1,,,,,,0.963812,0.948421,0.969778,0.30295,547630,/shop/402218,same_controller,same_controller_style_structural_soft,1,1,0,1,0,0,positive_without_direct_identifier
market_item.xlsx|茶马古道|seller_raw:/shop/435341||market_item.xlsx|茶马古道|seller_raw:/shop/456282,zh_target_strict,zh,train,silver_train_comp_00051,positive,semantic_structural,1,1,,,,,,0.977598,0.987202,0.97776,0.761661,/shop/435341,/shop/456282,same_controller,same_controller_style_structural_soft,1,1,0,0,0,0,positive_without_direct_identifier
market_item.xlsx|茶马古道|seller_raw:/shop/442661||market_item.xlsx|茶马古道|seller_raw:/shop/462498,zh_target_strict,zh,valid,comp_00115,positive,identifier_primary,1,1,,,,,,0.906481,0.820851,0.79244,0.709256,/shop/442661,/shop/462498,same_controller,same_controller_direct_identifier,1,1,1,0,0,1,feature_has_shared_contact_exact|feature_shared_contact_count|review_stratum:identifier
market_item.xlsx|中文暗网交易市场|seller_raw:24172||market_item.xlsx|茶马古道|seller_raw:/shop/436862,zh_target_strict,zh,train,comp_00001,negative,semantic_only,1,1,,,,,,0.874271,0.837464,0.896057,0.462502,24172,/shop/436862,different_controller,ordinary_negative,1,1,0,0,0,0,negative_without_hard_ambiguity
market_item.xlsx|茶马古道|seller_raw:/shop/452097||market_item.xlsx|茶马古道|seller_raw:/shop/452596,zh_target_strict,zh,test,comp_00214,positive,identifier_plus_text,1,1,,,,,,0.92957,0.884437,0.965368,0.72346,/shop/452097,/shop/452596,same_controller,same_controller_direct_identifier,1,1,1,1,0,1,feature_has_shared_contact_exact|feature_shared_contact_count|review_stratum:identifier
market_item.xlsx|中文暗网交易市场|seller_raw:342919||market_item.xlsx|茶马古道|seller_raw:/shop/398325,zh_target_strict,zh,test,comp_00042,positive,text_clone_primary,1,1,,,,,,0.961235,0.909714,0.958742,0.405393,342919,/shop/398325,same_controller,same_controller_style_structural_soft,1,1,0,1,0,0,positive_without_direct_identifier
market_item.xlsx|中文暗网交易市场|seller_raw:401772||market_item.xlsx|中文暗网交易市场|seller_raw:485545,zh_target_strict,zh,train,comp_00054,positive,semantic_structural,1,1,,,,,,0.989364,0.993982,0.99133,0.99929,401772,485545,same_controller,same_controller_style_structural_soft,1,1,0,0,0,0,positive_without_direct_identifier
market_item.xlsx|茶马古道|seller_raw:/shop/457836||market_item.xlsx|茶马古道|seller_raw:/shop/458601,zh_target_strict,zh,test,comp_00217,positive,identifier_primary,1,1,,,,,,0.920629,0.851175,0.899155,0.532768,/shop/457836,/shop/458601,same_controller,same_controller_direct_identifier,1,1,1,0,0,1,feature_has_shared_contact_exact|feature_shared_contact_count|review_stratum:identifier
market_item.xlsx|中文暗网交易市场|seller_raw:605004||market_item.xlsx|茶马古道|seller_raw:/shop/461572,zh_target_strict,zh,valid,comp_00118,negative,semantic_only,1,1,,,,,,0.935296,0.902598,0.974655,0.369444,605004,/shop/461572,different_controller,ordinary_negative,1,1,0,0,0,0,negative_without_hard_ambiguity
market_item.xlsx|中文暗网交易市场|seller_raw:564091||market_item.xlsx|茶马古道|seller_raw:/shop/9484,zh_target_strict,zh,test,comp_00107,positive,identifier_plus_text,1,1,,,,,,0.916659,0.930573,0.913787,0.304013,564091,/shop/9484,same_controller,same_controller_direct_identifier,1,1,1,1,0,1,feature_has_shared_contact_exact|feature_shared_contact_count|review_stratum:identifier
market_item.xlsx|中文暗网交易市场|seller_raw:533307||market_item.xlsx|茶马古道|seller_raw:/shop/10063,zh_target_strict,zh,valid,comp_00092,positive,text_clone_primary,1,1,,,,,,0.931114,0.870477,0.959907,0.431612,533307,/shop/10063,same_controller,same_controller_style_structural_soft,1,1,0,1,0,0,positive_without_direct_identifier
market_item.xlsx|茶马古道|seller_raw:/shop/421||market_item.xlsx|茶马古道|seller_raw:/shop/827,zh_target_strict,zh,train,silver_train_comp_00061,positive,semantic_structural,1,1,,,,,,0.990189,0.990967,0.980211,0.766108,/shop/421,/shop/827,same_controller,same_controller_style_structural_soft,1,1,0,0,0,0,positive_without_direct_identifier
market_item.xlsx|茶马古道|seller_raw:/shop/409272||market_item.xlsx|茶马古道|seller_raw:/shop/9838,zh_target_strict,zh,valid,comp_00145,negative,identifier_primary,1,1,,,,,,0.904047,0.796792,0.815827,0.499423,/shop/409272,/shop/9838,different_controller,public_contact_or_url_noise,1,1,1,0,0,1,contact_like:feature_has_shared_contact_exact|contact_like:feature_shared_contact_count|contact_like:review_stratum:identifier|negative_label_with_contact_like_overlap
market_item.xlsx|中文暗网交易市场|seller_raw:639133||market_item.xlsx|茶马古道|seller_raw:/shop/451739,zh_target_strict,zh,uncertain_holdout,,uncertain,semantic_only,0,0,,,,,,0.945646,0.908285,0.948907,0.282614,639133,/shop/451739,uncertain,uncertain_insufficient_evidence,0,0,0,1,1,0,uncertain_or_not_supervision_label
market_item.xlsx|中文暗网交易市场|seller_raw:564091||market_item.xlsx|茶马古道|seller_raw:/shop/3501,zh_target_strict,zh,test,comp_00107,positive,identifier_plus_text,1,1,,,,,,0.891923,0.82681,0.815349,0.227242,564091,/shop/3501,same_controller,same_controller_direct_identifier,1,1,1,1,0,1,feature_has_shared_contact_exact|feature_shared_contact_count|review_stratum:identifier
market_item.xlsx|中文暗网交易市场|seller_raw:635957||market_item.xlsx|茶马古道|seller_raw:/shop/6409,zh_target_strict,zh,valid,comp_00125,positive,text_clone_primary,1,1,,,,,,0.938437,0.948889,0.983536,0.480128,635957,/shop/6409,same_controller,same_controller_style_structural_soft,1,1,0,1,0,0,positive_without_direct_identifier
market_item.xlsx|中文暗网交易市场|seller_raw:210589||market_item.xlsx|中文暗网交易市场|seller_raw:511033,zh_target_strict,zh,train,comp_00001,negative,semantic_structural,1,1,,,,,,0.950282,0.894957,0.93535,0.732955,210589,511033,different_controller,ordinary_negative,1,1,0,0,0,0,negative_without_hard_ambiguity
market_item.xlsx|茶马古道|seller_raw:/shop/445108||market_item.xlsx|茶马古道|seller_raw:/shop/448185,zh_target_strict,zh,test,comp_00210,positive,identifier_primary,1,1,,,,,,0.912449,0.823558,0.893081,0.455225,/shop/445108,/shop/448185,same_controller,same_controller_direct_identifier,1,1,1,0,0,1,feature_has_shared_contact_exact|feature_shared_contact_count|review_stratum:identifier
market_item.xlsx|中文暗网交易市场|seller_raw:553937||market_item.xlsx|茶马古道|seller_raw:/shop/405733,zh_target_strict,zh,uncertain_holdout,,uncertain,semantic_only,0,0,,,,,,0.933471,0.919969,0.948586,0.491768,553937,/shop/405733,uncertain,uncertain_insufficient_evidence,0,0,0,0,0,0,uncertain_or_not_supervision_label
market_item.xlsx|茶马古道|seller_raw:/shop/3501||market_item.xlsx|茶马古道|seller_raw:/shop/9484,zh_target_strict,zh,test,comp_00107,positive,identifier_plus_text,1,1,,,,,,0.91969,0.84677,0.831985,0.57907,/shop/3501,/shop/9484,same_controller,same_controller_direct_identifier,1,1,1,1,0,1,feature_has_shared_contact_exact|feature_shared_contact_count|review_stratum:identifier
market_item.xlsx|中文暗网交易市场|seller_raw:604051||market_item.xlsx|中文暗网交易市场|seller_raw:99981,zh_target_strict,zh,valid,comp_00120,positive,text_clone_primary,1,1,,,,,,0.995249,0.991766,0.996517,0.999829,604051,99981,same_controller,same_controller_style_structural_soft,1,1,0,1,0,0,positive_without_direct_identifier
market_item.xlsx|中文暗网交易市场|seller_raw:511033||market_item.xlsx|中文暗网交易市场|seller_raw:58949,zh_target_strict,zh,train,comp_00001,negative,semantic_structural,1,1,,,,,,0.941436,0.906039,0.910298,0.711268,511033,58949,different_controller,ordinary_negative,1,1,0,0,0,0,negative_without_hard_ambiguity
market_item.xlsx|茶马古道|seller_raw:/shop/396538||market_item.xlsx|茶马古道|seller_raw:/shop/409272,zh_target_strict,zh,valid,comp_00145,negative,identifier_primary,1,1,,,,,,0.916135,0.867396,0.814905,0.37745,/shop/396538,/shop/409272,different_controller,public_contact_or_url_noise,1,1,1,0,0,1,contact_like:feature_has_shared_contact_exact|contact_like:feature_shared_contact_count|contact_like:review_stratum:identifier|negative_label_with_contact_like_overlap|review_notes_public_or_non_seller_keyword
market_item.xlsx|中文暗网交易市场|seller_raw:605180||market_item.xlsx|茶马古道|seller_raw:/shop/461572,zh_target_strict,zh,valid,comp_00118,negative,semantic_only,1,1,,,,,,0.934252,0.89133,0.972311,0.369443,605180,/shop/461572,different_controller,ordinary_negative,1,1,0,0,0,0,negative_without_hard_ambiguity
market_item.xlsx|中文暗网交易市场|seller_raw:347899||market_item.xlsx|茶马古道|seller_raw:/shop/6242,zh_target_strict,zh,train,silver_train_comp_00020,positive,identifier_plus_text,1,1,,,,,,0.90746,0.840394,0.910883,0.236598,347899,/shop/6242,same_controller,same_controller_direct_identifier,1,1,1,1,0,1,feature_has_shared_contact_exact|feature_shared_contact_count|review_stratum:identifier
market_item.xlsx|中文暗网交易市场|seller_raw:542584||market_item.xlsx|茶马古道|seller_raw:/shop/399905,zh_target_strict,zh,train,silver_train_comp_00007,positive,text_clone_primary,1,1,,,,,,0.940763,0.916961,0.957287,0.450342,542584,/shop/399905,same_controller,same_controller_style_structural_soft,1,1,0,1,0,0,positive_without_direct_identifier
market_item.xlsx|茶马古道|seller_raw:/shop/467049||market_item.xlsx|茶马古道|seller_raw:/shop/469683,zh_target_strict,zh,train,silver_train_comp_00047,positive,semantic_structural,1,1,,,,,,0.962123,0.964974,0.965639,0.992499,/shop/467049,/shop/469683,same_controller,same_controller_style_structural_soft,1,1,0,0,0,0,positive_without_direct_identifier
market_item.xlsx|茶马古道|seller_raw:/shop/430880||market_item.xlsx|茶马古道|seller_raw:/shop/439807,zh_target_strict,zh,test,comp_00192,positive,identifier_primary,1,1,,,,,,0.901569,0.810095,0.882127,0.340797,/shop/430880,/shop/439807,same_controller,same_controller_direct_identifier,1,1,1,0,1,1,feature_has_shared_contact_exact|feature_shared_contact_count|review_stratum:identifier
market_item.xlsx|中文暗网交易市场|seller_raw:24304||market_item.xlsx|茶马古道|seller_raw:/shop/442,zh_target_strict,zh,test,comp_00016,negative,semantic_only,1,1,,,,,,0.904575,0.864262,0.897698,0.465333,24304,/shop/442,different_controller,ordinary_negative,1,1,0,0,0,0,negative_without_hard_ambiguity
market_item.xlsx|中文暗网交易市场|seller_raw:595229||market_item.xlsx|茶马古道|seller_raw:/shop/9636,zh_target_strict,zh,test,comp_00106,positive,identifier_plus_text,1,1,,,,,,0.922922,0.868639,0.829056,0.439768,595229,/shop/9636,same_controller,same_controller_direct_identifier,1,1,1,1,0,1,feature_has_shared_contact_exact|feature_shared_contact_count|review_stratum:identifier
market_item.xlsx|中文暗网交易市场|seller_raw:591348||market_item.xlsx|茶马古道|seller_raw:/shop/433218,zh_target_strict,zh,valid,comp_00112,positive,text_clone_primary,1,1,,,,,,0.974916,0.974773,0.993269,0.500005,591348,/shop/433218,same_controller,same_controller_style_structural_soft,1,1,0,1,0,0,positive_without_direct_identifier
market_item.xlsx|茶马古道|seller_raw:/shop/7580||market_item.xlsx|茶马古道|seller_raw:/shop/8223,zh_target_strict,zh,train,silver_train_comp_00053,positive,semantic_structural,1,1,,,,,,0.958259,0.934338,0.953408,0.974868,/shop/7580,/shop/8223,same_controller,same_controller_style_structural_soft,1,1,0,0,0,0,positive_without_direct_identifier
market_item.xlsx|茶马古道|seller_raw:/shop/421728||market_item.xlsx|茶马古道|seller_raw:/shop/434089,zh_target_strict,zh,test,comp_00178,positive,identifier_primary,1,1,,,,,,0.906907,0.830254,0.908607,0.280987,/shop/421728,/shop/434089,same_controller,same_controller_direct_identifier,1,1,1,0,1,1,feature_has_shared_contact_exact|feature_shared_contact_count|review_stratum:identifier
market_item.xlsx|茶马古道|seller_raw:/shop/408914||market_item.xlsx|茶马古道|seller_raw:/shop/425485,zh_target_strict,zh,uncertain_holdout,,uncertain,semantic_only,0,0,,,,,,0.945099,0.914502,0.917617,0.302532,/shop/408914,/shop/425485,uncertain,uncertain_insufficient_evidence,0,0,0,0,1,0,uncertain_or_not_supervision_label
market_item.xlsx|茶马古道|seller_raw:/shop/463317||market_item.xlsx|茶马古道|seller_raw:/shop/463398,zh_target_strict,zh,test,comp_00220,positive,text_clone_primary,1,1,,,,,,0.985307,0.997862,0.995446,0.5,/shop/463317,/shop/463398,same_controller,same_controller_style_structural_soft,1,1,0,1,0,0,positive_without_direct_identifier
market_item.xlsx|茶马古道|seller_raw:/shop/444654||market_item.xlsx|茶马古道|seller_raw:/shop/462498,zh_target_strict,zh,uncertain_holdout,,uncertain,semantic_structural,0,0,,,,,,0.983622,0.987095,0.989048,0.748342,/shop/444654,/shop/462498,uncertain,uncertain_insufficient_evidence,0,0,0,1,0,0,uncertain_or_not_supervision_label
market_item.xlsx|茶马古道|seller_raw:/shop/396538||market_item.xlsx|茶马古道|seller_raw:/shop/9838,zh_target_strict,zh,valid,comp_00145,negative,identifier_primary,1,1,,,,,,0.931018,0.855214,0.810126,0.274487,/shop/396538,/shop/9838,different_controller,public_contact_or_url_noise,1,1,1,0,1,1,contact_like:feature_has_shared_contact_exact|contact_like:feature_shared_contact_count|contact_like:review_stratum:identifier|negative_label_with_contact_like_overlap|review_notes_public_or_non_seller_keyword
market_item.xlsx|中文暗网交易市场|seller_raw:593068||market_item.xlsx|茶马古道|seller_raw:/shop/462494,zh_target_strict,zh,uncertain_holdout,,uncertain,semantic_only,0,0,,,,,,0.938378,0.943126,0.967883,0.492729,593068,/shop/462494,uncertain,uncertain_insufficient_evidence,0,0,0,0,0,0,uncertain_or_not_supervision_label
market_item.xlsx|中文暗网交易市场|seller_raw:598691||market_item.xlsx|茶马古道|seller_raw:/shop/455140,zh_target_strict,zh,valid,comp_00108,positive,text_clone_primary,1,1,,,,,,0.936962,0.921952,0.966378,0.417483,598691,/shop/455140,same_controller,same_controller_style_structural_soft,1,1,0,1,0,0,positive_without_direct_identifier
market_item.xlsx|中文暗网交易市场|seller_raw:24172||market_item.xlsx|中文暗网交易市场|seller_raw:74774,zh_target_strict,zh,train,comp_00001,negative,semantic_structural,1,1,,,,,,0.936079,0.898399,0.909535,0.80625,24172,74774,different_controller,ordinary_negative,1,1,0,0,0,0,negative_without_hard_ambiguity
market_item.xlsx|茶马古道|seller_raw:/shop/403842||market_item.xlsx|茶马古道|seller_raw:/shop/433482,zh_target_strict,zh,train,silver_train_comp_00128,positive,identifier_primary,1,1,,,,,,0.858274,0.745265,0.815853,0.238669,/shop/403842,/shop/433482,same_controller,same_controller_direct_identifier,1,1,1,0,1,1,feature_has_shared_contact_exact|feature_shared_contact_count|review_stratum:identifier
market_item.xlsx|茶马古道|seller_raw:/shop/437447||market_item.xlsx|茶马古道|seller_raw:/shop/467356,zh_target_strict,zh,uncertain_holdout,,uncertain,semantic_only,0,0,,,,,,0.931849,0.925329,0.882208,0.394975,/shop/437447,/shop/467356,uncertain,uncertain_insufficient_evidence,0,0,0,0,0,0,uncertain_or_not_supervision_label
market_item.xlsx|中文暗网交易市场|seller_raw:46626||market_item.xlsx|中文暗网交易市场|seller_raw:68679,zh_target_strict,zh,train,comp_00061,negative,semantic_structural,1,1,,,,,,0.957005,0.923852,0.927826,0.84167,46626,68679,different_controller,ordinary_negative,1,1,0,0,0,0,negative_without_hard_ambiguity
market_item.xlsx|茶马古道|seller_raw:/shop/441220||market_item.xlsx|茶马古道|seller_raw:/shop/7796,zh_target_strict,zh,uncertain_holdout,,uncertain,semantic_only,0,0,,,,,,0.92159,0.890523,0.94925,0.402807,/shop/441220,/shop/7796,uncertain,uncertain_insufficient_evidence,0,0,0,0,0,0,uncertain_or_not_supervision_label
market_item.xlsx|茶马古道|seller_raw:/shop/403756||market_item.xlsx|茶马古道|seller_raw:/shop/753,zh_target_strict,zh,test,comp_00154,negative,semantic_structural,1,1,,,,,,0.966964,0.95561,0.954827,0.985256,/shop/403756,/shop/753,different_controller,ordinary_negative,1,1,0,0,0,0,negative_without_hard_ambiguity
market_item.xlsx|中文暗网交易市场|seller_raw:593068||market_item.xlsx|茶马古道|seller_raw:/shop/459141,zh_target_strict,zh,uncertain_holdout,,uncertain,semantic_only,0,0,,,,,,0.940483,0.924934,0.965691,0.491853,593068,/shop/459141,uncertain,uncertain_insufficient_evidence,0,0,0,0,0,0,uncertain_or_not_supervision_label
market_item.xlsx|茶马古道|seller_raw:/shop/450521||market_item.xlsx|茶马古道|seller_raw:/shop/6200,zh_target_strict,zh,train,silver_train_comp_00060,positive,semantic_structural,1,1,,,,,,0.971562,0.972128,0.966402,0.994808,/shop/450521,/shop/6200,same_controller,same_controller_style_structural_soft,1,1,0,0,0,0,positive_without_direct_identifier
market_item.xlsx|中文暗网交易市场|seller_raw:55515||market_item.xlsx|中文暗网交易市场|seller_raw:61132,zh_target_strict,zh,uncertain_holdout,,uncertain,semantic_only,0,0,,,,,,0.951507,0.919694,0.94879,0.442338,55515,61132,uncertain,uncertain_insufficient_evidence,0,0,0,0,0,0,uncertain_or_not_supervision_label
market_item.xlsx|茶马古道|seller_raw:/shop/440200||market_item.xlsx|茶马古道|seller_raw:/shop/450020,zh_target_strict,zh,train,comp_00186,positive,semantic_structural,1,1,,,,,,0.945114,0.907226,0.966714,0.984214,/shop/440200,/shop/450020,same_controller,same_controller_style_structural_soft,1,1,0,0,0,0,positive_without_direct_identifier
market_item.xlsx|中文暗网交易市场|seller_raw:596149||market_item.xlsx|茶马古道|seller_raw:/shop/461572,zh_target_strict,zh,valid,comp_00118,negative,semantic_only,1,1,,,,,,0.933976,0.88364,0.97553,0.369443,596149,/shop/461572,different_controller,ordinary_negative,1,1,0,0,0,0,negative_without_hard_ambiguity
market_item.xlsx|中文暗网交易市场|seller_raw:465763||market_item.xlsx|中文暗网交易市场|seller_raw:499990,zh_target_strict,zh,train,silver_train_comp_00019,positive,text_clone_primary,1,1,,,,,,0.917717,0.911576,0.933292,0.865098,465763,499990,same_controller,same_controller_style_structural_soft,1,1,0,1,0,0,positive_without_direct_identifier
market_item.xlsx|茶马古道|seller_raw:/shop/459141||market_item.xlsx|茶马古道|seller_raw:/shop/462494,zh_target_strict,zh,valid,comp_00115,positive,semantic_structural,1,1,,,,,,0.976758,0.96797,0.982177,0.996227,/shop/459141,/shop/462494,same_controller,same_controller_style_structural_soft,1,1,0,0,0,0,positive_without_direct_identifier
market_item.xlsx|茶马古道|seller_raw:/shop/430143||market_item.xlsx|茶马古道|seller_raw:/shop/451739,zh_target_strict,zh,uncertain_holdout,,uncertain,semantic_only,0,0,,,,,,0.966006,0.921503,0.939493,0.407568,/shop/430143,/shop/451739,uncertain,uncertain_insufficient_evidence,0,0,0,1,0,0,uncertain_or_not_supervision_label
market_item.xlsx|中文暗网交易市场|seller_raw:363382||market_item.xlsx|茶马古道|seller_raw:/shop/3433,zh_target_strict,zh,train,comp_00045,negative,text_clone_primary,1,1,,,,,,0.968112,0.978817,0.984699,0.29436,363382,/shop/3433,different_controller,template_clone_not_controller,1,1,0,1,0,0,feature_has_shared_description_clone|feature_has_shared_title_clone|feature_shared_description_count|feature_shared_low_df_sentence_count|feature_shared_rare_ngram_count|feature_shared_title_count|review_stratum:text_clone
market_item.xlsx|中文暗网交易市场|seller_raw:31252||market_item.xlsx|中文暗网交易市场|seller_raw:365633,zh_target_strict,zh,train,comp_00001,negative,semantic_structural,1,1,,,,,,0.930388,0.908152,0.896267,0.901556,31252,365633,different_controller,ordinary_negative,1,1,0,0,0,0,negative_without_hard_ambiguity
market_item.xlsx|中文暗网交易市场|seller_raw:24304||market_item.xlsx|茶马古道|seller_raw:/shop/405939,zh_target_strict,zh,test,comp_00016,negative,semantic_only,1,1,,,,,,0.899076,0.889099,0.918249,0.466052,24304,/shop/405939,different_controller,ordinary_negative,1,1,0,0,0,0,negative_without_hard_ambiguity
market_item.xlsx|中文暗网交易市场|seller_raw:591680||market_item.xlsx|茶马古道|seller_raw:/shop/436862,zh_target_strict,zh,train,comp_00001,negative,semantic_structural,1,1,,,,,,0.897628,0.862993,0.915794,0.5,591680,/shop/436862,different_controller,ordinary_negative,1,1,0,0,0,0,negative_without_hard_ambiguity
market_item.xlsx|中文暗网交易市场|seller_raw:575508||market_item.xlsx|茶马古道|seller_raw:/shop/457737,zh_target_strict,zh,uncertain_holdout,,uncertain,semantic_only,0,0,,,,,,0.911858,0.892352,0.965968,0.488496,575508,/shop/457737,uncertain,uncertain_insufficient_evidence,0,0,0,0,0,0,uncertain_or_not_supervision_label
market_item.xlsx|中文暗网交易市场|seller_raw:542584||market_item.xlsx|中文暗网交易市场|seller_raw:634642,zh_target_strict,zh,train,silver_relaxed_train_comp_04028,positive,text_clone_primary,1,1,,,,,,0.940021,0.897512,0.967484,0.826306,542584,634642,same_controller,same_controller_style_structural_soft,1,1,0,1,0,0,positive_without_direct_identifier
market_item.xlsx|中文暗网交易市场|seller_raw:605004||market_item.xlsx|中文暗网交易市场|seller_raw:605180,zh_target_strict,zh,valid,comp_00118,negative,semantic_structural,1,1,,,,,,0.972092,0.949974,0.989961,0.966463,605004,605180,different_controller,ordinary_negative,1,1,0,0,0,0,negative_without_hard_ambiguity
market_item.xlsx|中文暗网交易市场|seller_raw:42402||market_item.xlsx|中文暗网交易市场|seller_raw:70936,zh_target_strict,zh,valid,comp_00021,negative,semantic_only,1,1,,,,,,0.917837,0.869002,0.886085,0.440177,42402,70936,different_controller,ordinary_negative,1,1,0,0,0,0,negative_without_hard_ambiguity
market_item.xlsx|茶马古道|seller_raw:/shop/425704||market_item.xlsx|茶马古道|seller_raw:/shop/464140,zh_target_strict,zh,train,comp_00001,negative,text_clone_primary,1,1,,,,,,0.963843,0.933081,0.97006,0.938334,/shop/425704,/shop/464140,different_controller,public_contact_or_url_noise,1,1,0,1,0,1,review_notes_public_or_non_seller_keyword
market_item.xlsx|中文暗网交易市场|seller_raw:605004||market_item.xlsx|中文暗网交易市场|seller_raw:606193,zh_target_strict,zh,valid,comp_00118,negative,semantic_structural,1,1,,,,,,0.960543,0.933152,0.980907,0.873476,605004,606193,different_controller,ordinary_negative,1,1,0,0,0,0,negative_without_hard_ambiguity
market_item.xlsx|中文暗网交易市场|seller_raw:606036||market_item.xlsx|茶马古道|seller_raw:/shop/461572,zh_target_strict,zh,valid,comp_00118,negative,semantic_only,1,1,,,,,,0.932267,0.899464,0.978236,0.369146,606036,/shop/461572,different_controller,ordinary_negative,1,1,0,0,0,0,negative_without_hard_ambiguity
market_item.xlsx|中文暗网交易市场|seller_raw:601974||market_item.xlsx|茶马古道|seller_raw:/shop/458151,zh_target_strict,zh,train,silver_train_comp_00004,positive,text_clone_primary,1,1,,,,,,0.922573,0.834085,0.953746,0.48036,601974,/shop/458151,same_controller,same_controller_style_structural_soft,1,1,0,1,0,0,positive_without_direct_identifier
market_item.xlsx|中文暗网交易市场|seller_raw:596149||market_item.xlsx|中文暗网交易市场|seller_raw:605180,zh_target_strict,zh,valid,comp_00118,negative,semantic_structural,1,1,,,,,,0.969454,0.947255,0.995537,0.994828,596149,605180,different_controller,ordinary_negative,1,1,0,0,0,0,negative_without_hard_ambiguity
market_item.xlsx|中文暗网交易市场|seller_raw:613722||market_item.xlsx|茶马古道|seller_raw:/shop/643,zh_target_strict,zh,valid,comp_00124,negative,semantic_only,1,1,,,,,,0.901137,0.87196,0.886848,0.468496,613722,/shop/643,different_controller,ordinary_negative,1,1,0,0,0,0,negative_without_hard_ambiguity
market_item.xlsx|中文暗网交易市场|seller_raw:345233||market_item.xlsx|茶马古道|seller_raw:/shop/7810,zh_target_strict,zh,test,comp_00043,positive,text_clone_primary,1,1,,,,,,0.946869,0.919661,0.978009,0.496048,345233,/shop/7810,same_controller,same_controller_style_structural_soft,1,1,0,1,0,0,positive_without_direct_identifier
market_item.xlsx|中文暗网交易市场|seller_raw:531087||market_item.xlsx|中文暗网交易市场|seller_raw:565148,zh_target_strict,zh,train,comp_00001,negative,semantic_structural,1,1,,,,,,0.964281,0.941064,0.971479,1.0,531087,565148,different_controller,ordinary_negative,1,1,0,0,0,0,negative_without_hard_ambiguity
market_item.xlsx|中文暗网交易市场|seller_raw:505186||market_item.xlsx|茶马古道|seller_raw:/shop/661,zh_target_strict,zh,uncertain_holdout,,uncertain,semantic_only,0,0,,,,,,0.924045,0.907774,0.928264,0.347159,505186,/shop/661,uncertain,uncertain_insufficient_evidence,0,0,0,0,1,0,uncertain_or_not_supervision_label
market_item.xlsx|中文暗网交易市场|seller_raw:509079||market_item.xlsx|茶马古道|seller_raw:/shop/464484,zh_target_strict,zh,test,comp_00083,positive,text_clone_primary,1,1,,,,,,0.924916,0.904775,0.928404,0.276598,509079,/shop/464484,same_controller,same_controller_style_structural_soft,1,1,0,1,0,0,positive_without_direct_identifier
market_item.xlsx|中文暗网交易市场|seller_raw:58517||market_item.xlsx|中文暗网交易市场|seller_raw:61132,zh_target_strict,zh,test,comp_00110,negative,semantic_structural,1,1,,,,,,0.958483,0.935578,0.949521,0.634587,58517,61132,different_controller,ordinary_negative,1,1,0,0,0,0,negative_without_hard_ambiguity
market_item.xlsx|茶马古道|seller_raw:/shop/394239||market_item.xlsx|茶马古道|seller_raw:/shop/7883,zh_target_strict,zh,uncertain_holdout,,uncertain,semantic_only,0,0,,,,,,0.944901,0.900147,0.959138,0.425756,/shop/394239,/shop/7883,uncertain,uncertain_insufficient_evidence,0,0,0,0,0,0,uncertain_or_not_supervision_label
market_item.xlsx|中文暗网交易市场|seller_raw:25604||market_item.xlsx|中文暗网交易市场|seller_raw:42350,zh_target_strict,zh,train,silver_train_comp_00015,positive,text_clone_primary,1,1,,,,,,0.97666,0.983841,0.971005,0.773759,25604,42350,same_controller,same_controller_style_structural_soft,1,1,0,1,0,0,positive_without_direct_identifier
market_item.xlsx|中文暗网交易市场|seller_raw:39215||market_item.xlsx|中文暗网交易市场|seller_raw:67272,zh_target_strict,zh,train,comp_00001,negative,semantic_structural,1,1,,,,,,0.916246,0.83138,0.848409,0.726992,39215,67272,different_controller,ordinary_negative,1,1,0,0,0,0,negative_without_hard_ambiguity
market_item.xlsx|茶马古道|seller_raw:/shop/434799||market_item.xlsx|茶马古道|seller_raw:/shop/440659,zh_target_strict,zh,uncertain_holdout,,uncertain,semantic_only,0,0,,,,,,0.94568,0.888757,0.918202,0.418734,/shop/434799,/shop/440659,uncertain,uncertain_insufficient_evidence,0,0,0,0,0,0,uncertain_or_not_supervision_label
market_item.xlsx|茶马古道|seller_raw:/shop/464741||market_item.xlsx|茶马古道|seller_raw:/shop/464776,zh_target_strict,zh,train,silver_train_comp_00102,positive,semantic_structural,1,1,,,,,,0.953349,0.874441,0.927113,0.749384,/shop/464741,/shop/464776,same_controller,same_controller_style_structural_soft,1,1,0,1,0,0,positive_without_direct_identifier
market_item.xlsx|中文暗网交易市场|seller_raw:490054||market_item.xlsx|中文暗网交易市场|seller_raw:507092,zh_target_strict,zh,uncertain_holdout,,uncertain,semantic_only,0,0,,,,,,0.959256,0.899208,0.959013,0.366296,490054,507092,uncertain,uncertain_insufficient_evidence,0,0,0,0,0,0,uncertain_or_not_supervision_label
market_item.xlsx|茶马古道|seller_raw:/shop/7359||market_item.xlsx|茶马古道|seller_raw:/shop/740,zh_target_strict,zh,test,comp_00224,negative,semantic_structural,1,1,,,,,,0.966551,0.966321,0.958833,0.625,/shop/7359,/shop/740,different_controller,ordinary_negative,1,1,0,0,0,0,negative_without_hard_ambiguity
market_item.xlsx|中文暗网交易市场|seller_raw:503330||market_item.xlsx|茶马古道|seller_raw:/shop/451739,zh_target_strict,zh,uncertain_holdout,,uncertain,semantic_only,0,0,,,,,,0.934903,0.905914,0.937565,0.462688,503330,/shop/451739,uncertain,uncertain_insufficient_evidence,0,0,0,1,0,0,uncertain_or_not_supervision_label
market_item.xlsx|中文暗网交易市场|seller_raw:365633||market_item.xlsx|中文暗网交易市场|seller_raw:99610,zh_target_strict,zh,train,comp_00001,negative,semantic_structural,1,1,,,,,,0.934466,0.925965,0.90765,0.726575,365633,99610,different_controller,ordinary_negative,1,1,0,0,0,0,negative_without_hard_ambiguity
market_item.xlsx|中文暗网交易市场|seller_raw:605004||market_item.xlsx|茶马古道|seller_raw:/shop/447283,zh_target_strict,zh,valid,comp_00118,negative,semantic_only,1,1,,,,,,0.939642,0.924427,0.938316,0.296487,605004,/shop/447283,different_controller,semantic_topic_not_controller,1,1,0,0,1,0,embedding_cosine_bge_m3>=0.8|embedding_cosine_gte_multilingual_base>=0.8|embedding_cosine_labse>=0.8|embedding_cosine_multilingual_e5_large>=0.8
market_item.xlsx|茶马古道|seller_raw:/shop/445493||market_item.xlsx|茶马古道|seller_raw:/shop/467254,zh_target_strict,zh,train,silver_train_comp_00101,positive,semantic_structural,1,1,,,,,,0.943928,0.904275,0.963161,0.769036,/shop/445493,/shop/467254,same_controller,same_controller_style_structural_soft,1,1,0,0,0,0,positive_without_direct_identifier
market_item.xlsx|中文暗网交易市场|seller_raw:509681||market_item.xlsx|茶马古道|seller_raw:/shop/446431,zh_target_strict,zh,valid,comp_00084,negative,semantic_only,1,1,,,,,,0.898975,0.881216,0.860198,0.461516,509681,/shop/446431,different_controller,ordinary_negative,1,1,0,0,0,0,negative_without_hard_ambiguity
market_item.xlsx|茶马古道|seller_raw:/shop/427129||market_item.xlsx|茶马古道|seller_raw:/shop/428431,zh_target_strict,zh,test,comp_00188,negative,semantic_structural,1,1,,,,,,0.962783,0.930316,0.963481,0.980055,/shop/427129,/shop/428431,different_controller,ordinary_negative,1,1,0,0,0,0,negative_without_hard_ambiguity
market_item.xlsx|中文暗网交易市场|seller_raw:605525||market_item.xlsx|茶马古道|seller_raw:/shop/463062,zh_target_strict,zh,train,comp_00121,negative,semantic_only,1,1,,,,,,0.877936,0.846976,0.965509,0.484648,605525,/shop/463062,different_controller,ordinary_negative,1,1,0,0,0,0,negative_without_hard_ambiguity
market_item.xlsx|中文暗网交易市场|seller_raw:596149||market_item.xlsx|中文暗网交易市场|seller_raw:605004,zh_target_strict,zh,valid,comp_00118,negative,semantic_structural,1,1,,,,,,0.966569,0.938235,0.992478,0.971037,596149,605004,different_controller,ordinary_negative,1,1,0,0,0,0,negative_without_hard_ambiguity
market_item.xlsx|茶马古道|seller_raw:/shop/427729||market_item.xlsx|茶马古道|seller_raw:/shop/428143,zh_target_strict,zh,uncertain_holdout,,uncertain,semantic_only,0,0,,,,,,0.926767,0.895368,0.859318,0.421268,/shop/427729,/shop/428143,uncertain,uncertain_insufficient_evidence,0,0,0,0,0,0,uncertain_or_not_supervision_label
market_item.xlsx|中文暗网交易市场|seller_raw:365633||market_item.xlsx|中文暗网交易市场|seller_raw:38978,zh_target_strict,zh,train,comp_00001,negative,semantic_structural,1,1,,,,,,0.924122,0.897356,0.907086,0.718461,365633,38978,different_controller,ordinary_negative,1,1,0,0,0,0,negative_without_hard_ambiguity
market_item.xlsx|中文暗网交易市场|seller_raw:567845||market_item.xlsx|中文暗网交易市场|seller_raw:569266,zh_target_strict,zh,train,comp_00001,negative,semantic_only,1,1,,,,,,0.886469,0.727458,0.808639,0.420621,567845,569266,different_controller,ordinary_negative,1,1,0,0,0,0,negative_without_hard_ambiguity
market_item.xlsx|中文暗网交易市场|seller_raw:43871||market_item.xlsx|中文暗网交易市场|seller_raw:46626,zh_target_strict,zh,train,comp_00061,positive,semantic_structural,1,1,,,,,,0.947934,0.915209,0.929507,0.830801,43871,46626,same_controller,same_controller_style_structural_soft,1,1,0,0,0,0,positive_without_direct_identifier
market_item.xlsx|茶马古道|seller_raw:/shop/427639||market_item.xlsx|茶马古道|seller_raw:/shop/449500,zh_target_strict,zh,test,comp_00088,negative,semantic_only,1,1,,,,,,0.919929,0.837702,0.857019,0.473028,/shop/427639,/shop/449500,different_controller,ordinary_negative,1,1,0,0,0,0,negative_without_hard_ambiguity
market_item.xlsx|中文暗网交易市场|seller_raw:562015||market_item.xlsx|茶马古道|seller_raw:/shop/414257,zh_target_strict,zh,train,silver_train_comp_00010,positive,text_clone_primary,1,1,,,,,,0.937497,0.9122,0.944443,0.369695,562015,/shop/414257,same_controller,same_controller_style_structural_soft,1,1,0,1,0,0,positive_without_direct_identifier
market_item.xlsx|中文暗网交易市场|seller_raw:438221||market_item.xlsx|中文暗网交易市场|seller_raw:61106,zh_target_strict,zh,train,comp_00059,negative,semantic_structural,1,1,,,,,,0.935757,0.923039,0.929767,0.864373,438221,61106,different_controller,ordinary_negative,1,1,0,0,0,0,negative_without_hard_ambiguity
market_item.xlsx|茶马古道|seller_raw:/shop/419972||market_item.xlsx|茶马古道|seller_raw:/shop/443850,zh_target_strict,zh,uncertain_holdout,,uncertain,semantic_only,0,0,,,,,,0.906454,0.818494,0.894829,0.419398,/shop/419972,/shop/443850,uncertain,uncertain_insufficient_evidence,0,0,0,0,0,0,uncertain_or_not_supervision_label
market_item.xlsx|中文暗网交易市场|seller_raw:433700||market_item.xlsx|中文暗网交易市场|seller_raw:433705,zh_target_strict,zh,train,comp_00057,negative,semantic_structural,1,1,,,,,,0.95611,0.935088,0.983986,0.915125,433700,433705,different_controller,template_clone_not_controller,1,1,0,1,0,0,feature_shared_low_df_sentence_count
market_item.xlsx|茶马古道|seller_raw:/shop/414687||market_item.xlsx|茶马古道|seller_raw:/shop/415669,zh_target_strict,zh,test,comp_00149,negative,semantic_only,1,1,,,,,,0.911878,0.862436,0.932029,0.448209,/shop/414687,/shop/415669,different_controller,ordinary_negative,1,1,0,0,0,0,negative_without_hard_ambiguity
market_item.xlsx|茶马古道|seller_raw:/shop/442431||market_item.xlsx|茶马古道|seller_raw:/shop/444654,zh_target_strict,zh,valid,comp_00115,negative,text_clone_primary,1,1,,,,,,0.986253,0.989495,0.991821,0.765608,/shop/442431,/shop/444654,different_controller,template_clone_not_controller,1,1,0,1,0,0,feature_has_shared_description_clone|feature_shared_description_count|feature_shared_low_df_sentence_count|review_stratum:text_clone
market_item.xlsx|中文暗网交易市场|seller_raw:605180||market_item.xlsx|中文暗网交易市场|seller_raw:606193,zh_target_strict,zh,valid,comp_00118,negative,semantic_structural,1,1,,,,,,0.964335,0.946035,0.978716,0.842791,605180,606193,different_controller,ordinary_negative,1,1,0,0,0,0,negative_without_hard_ambiguity
market_item.xlsx|中文暗网交易市场|seller_raw:506438||market_item.xlsx|茶马古道|seller_raw:/shop/463712,zh_target_strict,zh,train,comp_00081,negative,semantic_only,1,1,,,,,,0.880943,0.787364,0.89822,0.489298,506438,/shop/463712,different_controller,ordinary_negative,1,1,0,0,0,0,negative_without_hard_ambiguity
market_item.xlsx|中文暗网交易市场|seller_raw:605004||market_item.xlsx|中文暗网交易市场|seller_raw:606036,zh_target_strict,zh,valid,comp_00118,negative,semantic_structural,1,1,,,,,,0.968089,0.948502,0.992282,0.998436,605004,606036,different_controller,ordinary_negative,1,1,0,0,0,0,negative_without_hard_ambiguity
market_item.xlsx|茶马古道|seller_raw:/shop/454245||market_item.xlsx|茶马古道|seller_raw:/shop/455055,zh_target_strict,zh,uncertain_holdout,,uncertain,semantic_only,0,0,,,,,,0.912144,0.828429,0.853283,0.395667,/shop/454245,/shop/455055,uncertain,uncertain_insufficient_evidence,0,0,0,0,0,0,uncertain_or_not_supervision_label
market_item.xlsx|中文暗网交易市场|seller_raw:532802||market_item.xlsx|茶马古道|seller_raw:/shop/402593,zh_target_strict,zh,uncertain_holdout,,uncertain,semantic_only,0,0,,,,,,0.9434,0.917767,0.96461,0.36812,532802,/shop/402593,uncertain,uncertain_insufficient_evidence,0,0,0,0,0,0,uncertain_or_not_supervision_label
market_item.xlsx|茶马古道|seller_raw:/shop/424569||market_item.xlsx|茶马古道|seller_raw:/shop/433338,zh_target_strict,zh,test,comp_00182,positive,semantic_structural,1,1,,,,,,0.958583,0.941341,0.925892,0.855233,/shop/424569,/shop/433338,same_controller,same_controller_style_structural_soft,1,1,0,0,0,0,positive_without_direct_identifier
market_item.xlsx|中文暗网交易市场|seller_raw:606193||market_item.xlsx|茶马古道|seller_raw:/shop/447283,zh_target_strict,zh,valid,comp_00118,negative,semantic_only,1,1,,,,,,0.928317,0.92723,0.917891,0.268709,606193,/shop/447283,different_controller,semantic_topic_not_controller,1,1,0,0,1,0,embedding_cosine_bge_m3>=0.8|embedding_cosine_gte_multilingual_base>=0.8|embedding_cosine_labse>=0.8|embedding_cosine_multilingual_e5_large>=0.8
market_item.xlsx|中文暗网交易市场|seller_raw:473991||market_item.xlsx|中文暗网交易市场|seller_raw:58949,zh_target_strict,zh,train,comp_00001,negative,semantic_structural,1,1,,,,,,0.93993,0.902263,0.923316,0.756636,473991,58949,different_controller,ordinary_negative,1,1,0,0,0,0,negative_without_hard_ambiguity
market_item.xlsx|中文暗网交易市场|seller_raw:540189||market_item.xlsx|茶马古道|seller_raw:/shop/393762,zh_target_strict,zh,uncertain_holdout,,uncertain,semantic_only,0,0,,,,,,0.921577,0.906853,0.904641,0.485801,540189,/shop/393762,uncertain,uncertain_insufficient_evidence,0,0,0,0,0,0,uncertain_or_not_supervision_label
market_item.xlsx|中文暗网交易市场|seller_raw:352600||market_item.xlsx|中文暗网交易市场|seller_raw:605666,zh_target_strict,zh,train,comp_00044,positive,semantic_structural,1,1,,,,,,0.966578,0.938847,0.965658,0.855233,352600,605666,same_controller,same_controller_style_structural_soft,1,1,0,0,0,0,positive_without_direct_identifier
market_item.xlsx|茶马古道|seller_raw:/shop/8221||market_item.xlsx|茶马古道|seller_raw:/shop/8546,zh_target_strict,zh,uncertain_holdout,,uncertain,semantic_only,0,0,,,,,,0.967957,0.946833,0.956456,0.476357,/shop/8221,/shop/8546,uncertain,uncertain_insufficient_evidence,0,0,0,0,0,0,uncertain_or_not_supervision_label
market_item.xlsx|茶马古道|seller_raw:/shop/427291||market_item.xlsx|茶马古道|seller_raw:/shop/430060,zh_target_strict,zh,train,silver_train_comp_00028,positive,text_clone_primary,1,1,,,,,,0.967614,0.936664,0.979102,0.742403,/shop/427291,/shop/430060,same_controller,same_controller_style_structural_soft,1,1,0,1,0,0,positive_without_direct_identifier
market_item.xlsx|中文暗网交易市场|seller_raw:210589||market_item.xlsx|中文暗网交易市场|seller_raw:473991,zh_target_strict,zh,train,comp_00001,negative,semantic_structural,1,1,,,,,,0.943138,0.900935,0.925467,0.736826,210589,473991,different_controller,ordinary_negative,1,1,0,0,0,0,negative_without_hard_ambiguity
market_item.xlsx|茶马古道|seller_raw:/shop/753||market_item.xlsx|茶马古道|seller_raw:/shop/816,zh_target_strict,zh,test,comp_00154,negative,semantic_only,1,1,,,,,,0.934357,0.857154,0.898699,0.49947,/shop/753,/shop/816,different_controller,ordinary_negative,1,1,0,0,0,0,negative_without_hard_ambiguity
market_item.xlsx|茶马古道|seller_raw:/shop/442431||market_item.xlsx|茶马古道|seller_raw:/shop/462498,zh_target_strict,zh,valid,comp_00115,positive,semantic_structural,1,1,,,,,,0.983263,0.986397,0.984943,0.514584,/shop/442431,/shop/462498,same_controller,same_controller_style_structural_soft,1,1,0,1,0,0,positive_without_direct_identifier
market_item.xlsx|中文暗网交易市场|seller_raw:62589||market_item.xlsx|茶马古道|seller_raw:/shop/445129,zh_target_strict,zh,uncertain_holdout,,uncertain,semantic_only,0,0,,,,,,0.893073,0.878564,0.913714,0.301779,62589,/shop/445129,uncertain,uncertain_insufficient_evidence,0,0,0,0,1,0,uncertain_or_not_supervision_label
market_item.xlsx|茶马古道|seller_raw:/shop/432833||market_item.xlsx|茶马古道|seller_raw:/shop/440209,zh_target_strict,zh,uncertain_holdout,,uncertain,semantic_only,0,0,,,,,,0.957419,0.878036,0.932051,0.490399,/shop/432833,/shop/440209,uncertain,uncertain_insufficient_evidence,0,0,0,0,0,0,uncertain_or_not_supervision_label
market_item.xlsx|中文暗网交易市场|seller_raw:596059||market_item.xlsx|茶马古道|seller_raw:/shop/446570,zh_target_strict,zh,train,silver_train_comp_00062,positive,text_clone_primary,1,1,,,,,,0.928809,0.898886,0.951274,0.368928,596059,/shop/446570,same_controller,same_controller_style_structural_soft,1,1,0,1,0,0,positive_without_direct_identifier
market_item.xlsx|中文暗网交易市场|seller_raw:17231||market_item.xlsx|中文暗网交易市场|seller_raw:99610,zh_target_strict,zh,train,comp_00001,negative,semantic_structural,1,1,,,,,,0.944044,0.870906,0.862402,0.707979,17231,99610,different_controller,ordinary_negative,1,1,0,0,0,0,negative_without_hard_ambiguity
market_item.xlsx|中文暗网交易市场|seller_raw:42402||market_item.xlsx|茶马古道|seller_raw:/shop/412259,zh_target_strict,zh,valid,comp_00021,negative,semantic_only,1,1,,,,,,0.877111,0.821972,0.814522,0.266092,42402,/shop/412259,different_controller,semantic_topic_not_controller,1,1,0,0,1,0,embedding_cosine_bge_m3>=0.8|embedding_cosine_gte_multilingual_base>=0.8|embedding_cosine_labse>=0.8|embedding_cosine_multilingual_e5_large>=0.8
market_item.xlsx|中文暗网交易市场|seller_raw:596149||market_item.xlsx|中文暗网交易市场|seller_raw:606193,zh_target_strict,zh,valid,comp_00118,negative,semantic_structural,1,1,,,,,,0.960419,0.932125,0.981599,0.847393,596149,606193,different_controller,ordinary_negative,1,1,0,0,0,0,negative_without_hard_ambiguity
market_item.xlsx|中文暗网交易市场|seller_raw:581623||market_item.xlsx|茶马古道|seller_raw:/shop/438052,zh_target_strict,zh,uncertain_holdout,,uncertain,semantic_only,0,0,,,,,,0.904426,0.876407,0.879489,0.296678,581623,/shop/438052,uncertain,uncertain_insufficient_evidence,0,0,0,0,1,0,uncertain_or_not_supervision_label
market_item.xlsx|茶马古道|seller_raw:/shop/395912||market_item.xlsx|茶马古道|seller_raw:/shop/446131,zh_target_strict,zh,test,comp_00144,negative,semantic_structural,1,1,,,,,,0.963861,0.951369,0.968677,0.745895,/shop/395912,/shop/446131,different_controller,ordinary_negative,1,1,0,0,0,0,negative_without_hard_ambiguity
market_item.xlsx|茶马古道|seller_raw:/shop/437900||market_item.xlsx|茶马古道|seller_raw:/shop/447235,zh_target_strict,zh,test,comp_00200,negative,semantic_only,1,1,,,,,,0.943639,0.90405,0.875134,0.228593,/shop/437900,/shop/447235,different_controller,semantic_topic_not_controller,1,1,0,0,1,0,embedding_cosine_bge_m3>=0.8|embedding_cosine_gte_multilingual_base>=0.8|embedding_cosine_labse>=0.8|embedding_cosine_multilingual_e5_large>=0.8
market_item.xlsx|中文暗网交易市场|seller_raw:65684||market_item.xlsx|中文暗网交易市场|seller_raw:81020,zh_target_strict,zh,train,silver_train_comp_00012,positive,text_clone_primary,1,1,,,,,,0.908981,0.856719,0.882714,0.555008,65684,81020,same_controller,same_controller_style_structural_soft,1,1,0,1,0,0,positive_without_direct_identifier
market_item.xlsx|中文暗网交易市场|seller_raw:512254||market_item.xlsx|茶马古道|seller_raw:/shop/398615,zh_target_strict,zh,valid,comp_00085,negative,semantic_only,1,1,,,,,,0.897546,0.845327,0.902649,0.469868,512254,/shop/398615,different_controller,ordinary_negative,1,1,0,0,0,0,negative_without_hard_ambiguity
market_item.xlsx|中文暗网交易市场|seller_raw:435630||market_item.xlsx|中文暗网交易市场|seller_raw:438364,zh_target_strict,zh,valid,comp_00058,positive,semantic_structural,1,1,,,,,,0.962734,0.914505,0.885573,0.865331,435630,438364,same_controller,same_controller_style_structural_soft,1,1,0,1,0,0,positive_without_direct_identifier
market_item.xlsx|茶马古道|seller_raw:/shop/7784||market_item.xlsx|茶马古道|seller_raw:/shop/8221,zh_target_strict,zh,uncertain_holdout,,uncertain,semantic_only,0,0,,,,,,0.953393,0.926334,0.966741,0.490501,/shop/7784,/shop/8221,uncertain,uncertain_insufficient_evidence,0,0,0,0,0,0,uncertain_or_not_supervision_label
market_item.xlsx|茶马古道|seller_raw:/shop/438208||market_item.xlsx|茶马古道|seller_raw:/shop/441741,zh_target_strict,zh,test,comp_00149,negative,semantic_structural,1,1,,,,,,0.968727,0.958546,0.960003,0.726116,/shop/438208,/shop/441741,different_controller,ordinary_negative,1,1,0,0,0,0,negative_without_hard_ambiguity
market_item.xlsx|中文暗网交易市场|seller_raw:63729||market_item.xlsx|茶马古道|seller_raw:/shop/9638,zh_target_strict,zh,uncertain_holdout,,uncertain,semantic_only,0,0,,,,,,0.910395,0.886807,0.92541,0.490493,63729,/shop/9638,uncertain,uncertain_insufficient_evidence,0,0,0,0,0,0,uncertain_or_not_supervision_label
market_item.xlsx|中文暗网交易市场|seller_raw:605180||market_item.xlsx|中文暗网交易市场|seller_raw:606036,zh_target_strict,zh,valid,comp_00118,negative,semantic_structural,1,1,,,,,,0.967423,0.953474,0.990481,0.966324,605180,606036,different_controller,ordinary_negative,1,1,0,0,0,0,negative_without_hard_ambiguity
market_item.xlsx|中文暗网交易市场|seller_raw:543006||market_item.xlsx|茶马古道|seller_raw:/shop/441870,zh_target_strict,zh,uncertain_holdout,,uncertain,semantic_only,0,0,,,,,,0.90951,0.857921,0.946441,0.328229,543006,/shop/441870,uncertain,uncertain_insufficient_evidence,0,0,0,1,1,0,uncertain_or_not_supervision_label
market_item.xlsx|中文暗网交易市场|seller_raw:43871||market_item.xlsx|中文暗网交易市场|seller_raw:68679,zh_target_strict,zh,train,comp_00061,positive,semantic_structural,1,1,,,,,,0.965761,0.965677,0.951291,0.989131,43871,68679,same_controller,same_controller_style_structural_soft,1,1,0,0,0,0,positive_without_direct_identifier
market_item.xlsx|中文暗网交易市场|seller_raw:503330||market_item.xlsx|中文暗网交易市场|seller_raw:579292,zh_target_strict,zh,uncertain_holdout,,uncertain,semantic_only,0,0,,,,,,0.961305,0.923133,0.888131,0.492556,503330,579292,uncertain,uncertain_insufficient_evidence,0,0,0,0,0,0,uncertain_or_not_supervision_label
market_item.xlsx|中文暗网交易市场|seller_raw:42080||market_item.xlsx|中文暗网交易市场|seller_raw:70573,zh_target_strict,zh,train,silver_train_comp_00032,positive,text_clone_primary,1,1,,,,,,0.919527,0.855116,0.909572,0.528514,42080,70573,same_controller,same_controller_style_structural_soft,1,1,0,1,0,0,positive_without_direct_identifier
market_item.xlsx|中文暗网交易市场|seller_raw:550127||market_item.xlsx|茶马古道|seller_raw:/shop/403528,zh_target_strict,zh,uncertain_holdout,,uncertain,semantic_only,0,0,,,,,,0.918457,0.840731,0.811849,0.241671,550127,/shop/403528,uncertain,uncertain_insufficient_evidence,0,0,0,0,1,0,uncertain_or_not_supervision_label
market_item.xlsx|茶马古道|seller_raw:/shop/432919||market_item.xlsx|茶马古道|seller_raw:/shop/8466,zh_target_strict,zh,test,comp_00194,positive,semantic_structural,1,1,,,,,,0.94465,0.954893,0.957396,0.602016,/shop/432919,/shop/8466,same_controller,same_controller_style_structural_soft,1,1,0,1,0,0,positive_without_direct_identifier
market_item.xlsx|茶马古道|seller_raw:/shop/401266||market_item.xlsx|茶马古道|seller_raw:/shop/408872,zh_target_strict,zh,uncertain_holdout,,uncertain,semantic_only,0,0,,,,,,0.949213,0.856901,0.888814,0.419158,/shop/401266,/shop/408872,uncertain,uncertain_insufficient_evidence,0,0,0,0,0,0,uncertain_or_not_supervision_label
market_item.xlsx|中文暗网交易市场|seller_raw:605912||market_item.xlsx|茶马古道|seller_raw:/shop/446569,zh_target_strict,zh,train,silver_train_comp_00109,positive,text_clone_primary,1,1,,,,,,0.926478,0.923406,0.939419,0.306913,605912,/shop/446569,same_controller,same_controller_style_structural_soft,1,1,0,1,0,0,positive_without_direct_identifier
market_item.xlsx|中文暗网交易市场|seller_raw:596149||market_item.xlsx|中文暗网交易市场|seller_raw:606036,zh_target_strict,zh,valid,comp_00118,negative,semantic_structural,1,1,,,,,,0.959912,0.936173,0.991327,0.970911,596149,606036,different_controller,ordinary_negative,1,1,0,0,0,0,negative_without_hard_ambiguity
market_item.xlsx|茶马古道|seller_raw:/shop/403756||market_item.xlsx|茶马古道|seller_raw:/shop/816,zh_target_strict,zh,test,comp_00154,negative,semantic_only,1,1,,,,,,0.927235,0.855386,0.870651,0.490787,/shop/403756,/shop/816,different_controller,ordinary_negative,1,1,0,0,0,0,negative_without_hard_ambiguity
market_item.xlsx|中文暗网交易市场|seller_raw:45139||market_item.xlsx|中文暗网交易市场|seller_raw:99610,zh_target_strict,zh,train,comp_00001,negative,semantic_structural,1,1,,,,,,0.928682,0.895129,0.883536,0.664562,45139,99610,different_controller,ordinary_negative,1,1,0,0,0,0,negative_without_hard_ambiguity
market_item.xlsx|中文暗网交易市场|seller_raw:22671||market_item.xlsx|中文暗网交易市场|seller_raw:27860,zh_target_strict,zh,uncertain_holdout,,uncertain,semantic_only,0,0,,,,,,0.917579,0.829825,0.810356,0.425051,22671,27860,uncertain,uncertain_insufficient_evidence,0,0,0,0,0,0,uncertain_or_not_supervision_label
market_item.xlsx|中文暗网交易市场|seller_raw:44226||market_item.xlsx|中文暗网交易市场|seller_raw:68440,zh_target_strict,zh,valid,comp_00063,positive,semantic_structural,1,1,,,,,,0.96858,0.95699,0.940783,0.588314,44226,68440,same_controller,same_controller_style_structural_soft,1,1,0,0,0,0,positive_without_direct_identifier
market_item.xlsx|茶马古道|seller_raw:/shop/459998||market_item.xlsx|茶马古道|seller_raw:/shop/465800,zh_target_strict,zh,test,comp_00218,negative,semantic_only,1,1,,,,,,0.944983,0.898065,0.940875,0.42453,/shop/459998,/shop/465800,different_controller,ordinary_negative,1,1,0,0,0,0,negative_without_hard_ambiguity
market_item.xlsx|中文暗网交易市场|seller_raw:542666||market_item.xlsx|中文暗网交易市场|seller_raw:88807,zh_target_strict,zh,train,silver_train_comp_00021,positive,text_clone_primary,1,1,,,,,,0.894912,0.809925,0.885355,0.565155,542666,88807,same_controller,same_controller_style_structural_soft,1,1,0,1,0,0,positive_without_direct_identifier
market_item.xlsx|中文暗网交易市场|seller_raw:565148||market_item.xlsx|中文暗网交易市场|seller_raw:596616,zh_target_strict,zh,train,comp_00001,negative,semantic_structural,1,1,,,,,,0.963979,0.93718,0.963431,0.75017,565148,596616,different_controller,ordinary_negative,1,1,0,0,0,0,negative_without_hard_ambiguity
market_item.xlsx|中文暗网交易市场|seller_raw:29159||market_item.xlsx|中文暗网交易市场|seller_raw:38978,zh_target_strict,zh,train,comp_00001,negative,semantic_only,1,1,,,,,,0.909696,0.882808,0.878916,0.433938,29159,38978,different_controller,ordinary_negative,1,1,0,0,0,0,negative_without_hard_ambiguity
market_item.xlsx|中文暗网交易市场|seller_raw:473991||market_item.xlsx|中文暗网交易市场|seller_raw:511033,zh_target_strict,zh,train,comp_00001,negative,semantic_structural,1,1,,,,,,0.948518,0.912303,0.926868,0.724423,473991,511033,different_controller,ordinary_negative,1,1,0,0,0,0,negative_without_hard_ambiguity
market_item.xlsx|茶马古道|seller_raw:/shop/446862||market_item.xlsx|茶马古道|seller_raw:/shop/458989,zh_target_strict,zh,uncertain_holdout,,uncertain,semantic_only,0,0,,,,,,0.91522,0.846802,0.9148,0.396909,/shop/446862,/shop/458989,uncertain,uncertain_insufficient_evidence,0,0,0,0,0,0,uncertain_or_not_supervision_label
market_item.xlsx|中文暗网交易市场|seller_raw:17231||market_item.xlsx|中文暗网交易市场|seller_raw:31252,zh_target_strict,zh,train,comp_00001,negative,semantic_structural,1,1,,,,,,0.950626,0.87378,0.840977,0.531564,17231,31252,different_controller,ordinary_negative,1,1,0,0,0,0,negative_without_hard_ambiguity
market_item.xlsx|中文暗网交易市场|seller_raw:535999||market_item.xlsx|茶马古道|seller_raw:/shop/441993,zh_target_strict,zh,train,comp_00093,negative,semantic_only,1,1,,,,,,0.890155,0.814446,0.89603,0.354352,535999,/shop/441993,different_controller,ordinary_negative,1,1,0,0,0,0,negative_without_hard_ambiguity
market_item.xlsx|茶马古道|seller_raw:/shop/399461||market_item.xlsx|茶马古道|seller_raw:/shop/407100,zh_target_strict,zh,train,silver_train_comp_00034,positive,text_clone_primary,1,1,,,,,,0.943402,0.928317,0.987265,0.524614,/shop/399461,/shop/407100,same_controller,same_controller_style_structural_soft,1,1,0,1,0,0,positive_without_direct_identifier
market_item.xlsx|中文暗网交易市场|seller_raw:548133||market_item.xlsx|中文暗网交易市场|seller_raw:565148,zh_target_strict,zh,train,comp_00001,negative,semantic_only,1,1,,,,,,0.927915,0.830288,0.88582,0.43305,548133,565148,different_controller,ordinary_negative,1,1,0,0,0,0,negative_without_hard_ambiguity
market_item.xlsx|中文暗网交易市场|seller_raw:605607||market_item.xlsx|茶马古道|seller_raw:/shop/446569,zh_target_strict,zh,train,silver_train_comp_00052,positive,text_clone_primary,1,1,,,,,,0.924375,0.919071,0.933949,0.307089,605607,/shop/446569,same_controller,same_controller_style_structural_soft,1,1,0,1,0,0,positive_without_direct_identifier
market_item.xlsx|中文暗网交易市场|seller_raw:38978||market_item.xlsx|中文暗网交易市场|seller_raw:39215,zh_target_strict,zh,train,comp_00001,negative,semantic_structural,1,1,,,,,,0.910403,0.839174,0.910071,0.654762,38978,39215,different_controller,ordinary_negative,1,1,0,0,0,0,negative_without_hard_ambiguity
market_item.xlsx|中文暗网交易市场|seller_raw:535637||market_item.xlsx|茶马古道|seller_raw:/shop/441993,zh_target_strict,zh,uncertain_holdout,,uncertain,semantic_only,0,0,,,,,,0.953688,0.945152,0.973351,0.351818,535637,/shop/441993,uncertain,uncertain_insufficient_evidence,0,0,0,0,0,0,uncertain_or_not_supervision_label
market_item.xlsx|中文暗网交易市场|seller_raw:592056||market_item.xlsx|茶马古道|seller_raw:/shop/433442,zh_target_strict,zh,valid,comp_00113,negative,text_clone_primary,1,1,,,,,,0.945358,0.887522,0.955365,0.346812,592056,/shop/433442,different_controller,template_clone_not_controller,1,1,0,1,0,0,feature_has_shared_description_clone|feature_has_shared_title_clone|feature_shared_description_count|feature_shared_low_df_sentence_count|feature_shared_rare_ngram_count|feature_shared_title_count|review_stratum:text_clone
market_item.xlsx|中文暗网交易市场|seller_raw:606036||market_item.xlsx|中文暗网交易市场|seller_raw:606193,zh_target_strict,zh,valid,comp_00118,negative,semantic_structural,1,1,,,,,,0.962053,0.943186,0.985255,0.873434,606036,606193,different_controller,ordinary_negative,1,1,0,0,0,0,negative_without_hard_ambiguity
market_item.xlsx|中文暗网交易市场|seller_raw:24304||market_item.xlsx|茶马古道|seller_raw:/shop/436848,zh_target_strict,zh,test,comp_00016,negative,semantic_only,1,1,,,,,,0.885133,0.844538,0.879281,0.472809,24304,/shop/436848,different_controller,ordinary_negative,1,1,0,0,0,0,negative_without_hard_ambiguity
market_item.xlsx|中文暗网交易市场|seller_raw:38978||market_item.xlsx|中文暗网交易市场|seller_raw:45139,zh_target_strict,zh,train,comp_00001,negative,semantic_structural,1,1,,,,,,0.927577,0.90289,0.899201,0.612915,38978,45139,different_controller,ordinary_negative,1,1,0,0,0,0,negative_without_hard_ambiguity
market_item.xlsx|茶马古道|seller_raw:/shop/442341||market_item.xlsx|茶马古道|seller_raw:/shop/465499,zh_target_strict,zh,uncertain_holdout,,uncertain,semantic_only,0,0,,,,,,0.932701,0.895917,0.885499,0.404691,/shop/442341,/shop/465499,uncertain,uncertain_insufficient_evidence,0,0,0,0,0,0,uncertain_or_not_supervision_label
market_item.xlsx|中文暗网交易市场|seller_raw:167147||market_item.xlsx|中文暗网交易市场|seller_raw:81020,zh_target_strict,zh,train,silver_train_comp_00017,positive,text_clone_primary,1,1,,,,,,0.908255,0.850967,0.874237,0.555472,167147,81020,same_controller,same_controller_style_structural_soft,1,1,0,1,0,0,positive_without_direct_identifier
market_item.xlsx|茶马古道|seller_raw:/shop/7275||market_item.xlsx|茶马古道|seller_raw:/shop/7449,zh_target_strict,zh,test,comp_00223,positive,semantic_structural,1,1,,,,,,0.95229,0.907602,0.961588,0.867752,/shop/7275,/shop/7449,same_controller,same_controller_style_structural_soft,1,1,0,0,0,0,positive_without_direct_identifier
market_item.xlsx|中文暗网交易市场|seller_raw:29159||market_item.xlsx|中文暗网交易市场|seller_raw:48851,zh_target_strict,zh,train,comp_00001,negative,semantic_only,1,1,,,,,,0.936951,0.900926,0.884853,0.410376,29159,48851,different_controller,ordinary_negative,1,1,0,0,0,0,negative_without_hard_ambiguity
market_item.xlsx|中文暗网交易市场|seller_raw:480285||market_item.xlsx|茶马古道|seller_raw:/shop/397872,zh_target_strict,zh,train,comp_00075,negative,text_clone_primary,1,1,,,,,,0.949967,0.92514,0.916758,0.241001,480285,/shop/397872,different_controller,template_clone_not_controller,1,1,0,1,0,0,feature_has_shared_description_clone|feature_has_shared_title_clone|feature_shared_description_count|feature_shared_low_df_sentence_count|feature_shared_rare_ngram_count|feature_shared_title_count|review_stratum:text_clone
market_item.xlsx|茶马古道|seller_raw:/shop/415759||market_item.xlsx|茶马古道|seller_raw:/shop/421078,zh_target_strict,zh,test,comp_00169,positive,semantic_structural,1,1,,,,,,0.927999,0.886592,0.909018,0.936491,/shop/415759,/shop/421078,same_controller,same_controller_style_structural_soft,1,1,0,0,0,0,positive_without_direct_identifier
market_item.xlsx|茶马古道|seller_raw:/shop/425667||market_item.xlsx|茶马古道|seller_raw:/shop/440200,zh_target_strict,zh,train,comp_00186,negative,semantic_only,1,1,,,,,,0.916871,0.787678,0.907782,0.224148,/shop/425667,/shop/440200,different_controller,semantic_topic_not_controller,1,1,0,0,1,0,embedding_cosine_gte_multilingual_base>=0.8|embedding_cosine_labse>=0.8|embedding_cosine_multilingual_e5_large>=0.8
market_item.xlsx|中文暗网交易市场|seller_raw:581460||market_item.xlsx|茶马古道|seller_raw:/shop/427282,zh_target_strict,zh,train,comp_00001,negative,text_clone_primary,1,1,,,,,,0.918328,0.88074,0.949618,0.448777,581460,/shop/427282,different_controller,public_contact_or_url_noise,1,1,0,1,0,1,review_notes_public_or_non_seller_keyword
market_item.xlsx|中文暗网交易市场|seller_raw:31252||market_item.xlsx|中文暗网交易市场|seller_raw:45139,zh_target_strict,zh,train,comp_00001,negative,semantic_structural,1,1,,,,,,0.929397,0.901376,0.873931,0.583469,31252,45139,different_controller,ordinary_negative,1,1,0,0,0,0,negative_without_hard_ambiguity
market_item.xlsx|中文暗网交易市场|seller_raw:26383||market_item.xlsx|茶马古道|seller_raw:/shop/404544,zh_target_strict,zh,train,comp_00024,positive,semantic_only,1,1,,,,,,0.925099,0.880155,0.948941,0.490378,26383,/shop/404544,same_controller,same_controller_style_structural_soft,1,1,0,0,0,0,positive_without_direct_identifier
market_item.xlsx|中文暗网交易市场|seller_raw:605607||market_item.xlsx|中文暗网交易市场|seller_raw:605912,zh_target_strict,zh,train,silver_train_comp_00167,positive,semantic_structural,1,1,,,,,,0.962241,0.938657,0.976824,0.875591,605607,605912,same_controller,same_controller_component_anchor,1,1,0,0,0,0,review_notes_component_anchor_keyword
market_item.xlsx|中文暗网交易市场|seller_raw:24304||market_item.xlsx|茶马古道|seller_raw:/shop/434275,zh_target_strict,zh,test,comp_00016,negative,semantic_only,1,1,,,,,,0.904631,0.880378,0.910063,0.450641,24304,/shop/434275,different_controller,ordinary_negative,1,1,0,0,0,0,negative_without_hard_ambiguity
market_item.xlsx|中文暗网交易市场|seller_raw:606038||market_item.xlsx|茶马古道|seller_raw:/shop/453234,zh_target_strict,zh,train,silver_train_comp_00119,positive,text_clone_primary,1,1,,,,,,0.935338,0.910567,0.934534,0.290501,606038,/shop/453234,same_controller,same_controller_style_structural_soft,1,1,0,1,0,0,positive_without_direct_identifier
market_item.xlsx|中文暗网交易市场|seller_raw:39215||market_item.xlsx|中文暗网交易市场|seller_raw:99610,zh_target_strict,zh,train,comp_00001,negative,semantic_structural,1,1,,,,,,0.919022,0.848748,0.875988,0.604935,39215,99610,different_controller,ordinary_negative,1,1,0,0,0,0,negative_without_hard_ambiguity
market_item.xlsx|中文暗网交易市场|seller_raw:331032||market_item.xlsx|茶马古道|seller_raw:/shop/435993,zh_target_strict,zh,train,comp_00037,negative,semantic_only,1,1,,,,,,0.883069,0.837601,0.867622,0.480769,331032,/shop/435993,different_controller,ordinary_negative,1,1,0,0,0,0,negative_without_hard_ambiguity
market_item.xlsx|中文暗网交易市场|seller_raw:605878||market_item.xlsx|茶马古道|seller_raw:/shop/446570,zh_target_strict,zh,train,silver_train_comp_00090,positive,text_clone_primary,1,1,,,,,,0.960697,0.967843,0.974472,0.368932,605878,/shop/446570,same_controller,same_controller_style_structural_soft,1,1,0,1,0,0,positive_without_direct_identifier
market_item.xlsx|中文暗网交易市场|seller_raw:27792||market_item.xlsx|中文暗网交易市场|seller_raw:70467,zh_target_strict,zh,test,comp_00028,negative,semantic_structural,1,1,,,,,,0.955473,0.927991,0.913627,0.823842,27792,70467,different_controller,ordinary_negative,1,1,0,0,0,0,negative_without_hard_ambiguity
market_item.xlsx|茶马古道|seller_raw:/shop/455678||market_item.xlsx|茶马古道|seller_raw:/shop/465364,zh_target_strict,zh,uncertain_holdout,,uncertain,semantic_only,0,0,,,,,,0.955751,0.937144,0.958575,0.372269,/shop/455678,/shop/465364,uncertain,uncertain_insufficient_evidence,0,0,0,0,0,0,uncertain_or_not_supervision_label
market_item.xlsx|茶马古道|seller_raw:/shop/463435||market_item.xlsx|茶马古道|seller_raw:/shop/468839,zh_target_strict,zh,valid,comp_00212,negative,text_clone_primary,1,1,,,,,,0.948596,0.890294,0.970707,0.515497,/shop/463435,/shop/468839,different_controller,template_clone_not_controller,1,1,0,1,0,0,feature_has_shared_description_clone|feature_shared_description_count|feature_shared_low_df_sentence_count|review_stratum:text_clone
market_item.xlsx|中文暗网交易市场|seller_raw:333110||market_item.xlsx|中文暗网交易市场|seller_raw:375149,zh_target_strict,zh,train,comp_00038,positive,semantic_structural,1,1,,,,,,0.968833,0.957626,0.972773,0.995033,333110,375149,same_controller,same_controller_style_structural_soft,1,1,0,1,0,0,positive_without_direct_identifier
market_item.xlsx|中文暗网交易市场|seller_raw:566597||market_item.xlsx|中文暗网交易市场|seller_raw:581981,zh_target_strict,zh,train,comp_00001,negative,semantic_only,1,1,,,,,,0.914765,0.785909,0.885822,0.416775,566597,581981,different_controller,ordinary_negative,1,1,0,0,0,0,negative_without_hard_ambiguity
market_item.xlsx|茶马古道|seller_raw:/shop/422163||market_item.xlsx|茶马古道|seller_raw:/shop/5950,zh_target_strict,zh,test,comp_00179,positive,semantic_structural,1,1,,,,,,0.948294,0.93388,0.971326,0.768748,/shop/422163,/shop/5950,same_controller,same_controller_style_structural_soft,1,1,0,0,0,0,positive_without_direct_identifier
market_item.xlsx|中文暗网交易市场|seller_raw:504138||market_item.xlsx|中文暗网交易市场|seller_raw:67272,zh_target_strict,zh,train,comp_00001,negative,semantic_only,1,1,,,,,,0.906975,0.824557,0.845124,0.427873,504138,67272,different_controller,ordinary_negative,1,1,0,0,0,0,negative_without_hard_ambiguity
market_item.xlsx|茶马古道|seller_raw:/shop/406110||market_item.xlsx|茶马古道|seller_raw:/shop/8712,zh_target_strict,zh,uncertain_holdout,,uncertain,semantic_only,0,0,,,,,,0.90806,0.875004,0.884575,0.467716,/shop/406110,/shop/8712,uncertain,uncertain_insufficient_evidence,0,0,0,0,0,0,uncertain_or_not_supervision_label
market_item.xlsx|中文暗网交易市场|seller_raw:18224||market_item.xlsx|中文暗网交易市场|seller_raw:486915,zh_target_strict,zh,train,comp_00013,negative,semantic_only,1,1,,,,,,0.915777,0.873533,0.886435,0.371089,18224,486915,different_controller,ordinary_negative,1,1,0,0,0,0,negative_without_hard_ambiguity
market_item.xlsx|茶马古道|seller_raw:/shop/416838||market_item.xlsx|茶马古道|seller_raw:/shop/422698,zh_target_strict,zh,valid,comp_00141,positive,semantic_structural,1,1,,,,,,0.903972,0.810853,0.956037,0.794991,/shop/416838,/shop/422698,same_controller,same_controller_style_structural_soft,1,1,0,0,0,0,positive_without_direct_identifier
market_item.xlsx|茶马古道|seller_raw:/shop/400324||market_item.xlsx|茶马古道|seller_raw:/shop/400380,zh_target_strict,zh,test,comp_00150,positive,semantic_only,1,1,,,,,,0.940799,0.902485,0.972053,0.43826,/shop/400324,/shop/400380,same_controller,same_controller_style_structural_soft,1,1,0,0,0,0,positive_without_direct_identifier
market_item.xlsx|茶马古道|seller_raw:/shop/413268||market_item.xlsx|茶马古道|seller_raw:/shop/882,zh_target_strict,zh,uncertain_holdout,,uncertain,semantic_structural,0,0,,,,,,0.966076,0.97311,0.973206,0.990923,/shop/413268,/shop/882,uncertain,uncertain_insufficient_evidence,0,0,0,0,0,0,uncertain_or_not_supervision_label
market_item.xlsx|中文暗网交易市场|seller_raw:38978||market_item.xlsx|中文暗网交易市场|seller_raw:68788,zh_target_strict,zh,train,comp_00001,negative,semantic_only,1,1,,,,,,0.919342,0.847228,0.874898,0.471037,38978,68788,different_controller,ordinary_negative,1,1,0,0,0,0,negative_without_hard_ambiguity
market_item.xlsx|中文暗网交易市场|seller_raw:346677||market_item.xlsx|中文暗网交易市场|seller_raw:459538,zh_target_strict,zh,train,comp_00001,negative,semantic_structural,1,1,,,,,,0.890479,0.810469,0.872806,0.922164,346677,459538,different_controller,ordinary_negative,1,1,0,0,0,0,negative_without_hard_ambiguity
market_item.xlsx|中文暗网交易市场|seller_raw:579292||market_item.xlsx|茶马古道|seller_raw:/shop/430143,zh_target_strict,zh,uncertain_holdout,,uncertain,semantic_only,0,0,,,,,,0.94644,0.882776,0.875474,0.317213,579292,/shop/430143,uncertain,uncertain_insufficient_evidence,0,0,0,0,1,0,uncertain_or_not_supervision_label
market_item.xlsx|中文暗网交易市场|seller_raw:605928||market_item.xlsx|茶马古道|seller_raw:/shop/453234,zh_target_strict,zh,train,silver_train_comp_00100,positive,text_clone_primary,1,1,,,,,,0.939822,0.909673,0.962379,0.294093,605928,/shop/453234,same_controller,same_controller_style_structural_soft,1,1,0,1,0,0,positive_without_direct_identifier
market_item.xlsx|中文暗网交易市场|seller_raw:210589||market_item.xlsx|中文暗网交易市场|seller_raw:346677,zh_target_strict,zh,train,comp_00001,negative,semantic_structural,1,1,,,,,,0.951823,0.900876,0.926616,0.871349,210589,346677,different_controller,ordinary_negative,1,1,0,0,0,0,negative_without_hard_ambiguity
market_item.xlsx|中文暗网交易市场|seller_raw:29159||market_item.xlsx|中文暗网交易市场|seller_raw:99610,zh_target_strict,zh,train,comp_00001,negative,semantic_only,1,1,,,,,,0.919355,0.887248,0.876166,0.36377,29159,99610,different_controller,ordinary_negative,1,1,0,0,0,0,negative_without_hard_ambiguity
market_item.xlsx|茶马古道|seller_raw:/shop/427282||market_item.xlsx|茶马古道|seller_raw:/shop/464140,zh_target_strict,zh,train,comp_00001,negative,text_clone_primary,1,1,,,,,,0.952282,0.891048,0.901401,0.720791,/shop/427282,/shop/464140,different_controller,public_contact_or_url_noise,1,1,0,1,0,1,review_notes_public_or_non_seller_keyword
market_item.xlsx|中文暗网交易市场|seller_raw:31478||market_item.xlsx|茶马古道|seller_raw:/shop/429133,zh_target_strict,zh,valid,comp_00035,negative,semantic_only,1,1,,,,,,0.901044,0.826909,0.874532,0.375916,31478,/shop/429133,different_controller,ordinary_negative,1,1,0,0,0,0,negative_without_hard_ambiguity
market_item.xlsx|中文暗网交易市场|seller_raw:605669||market_item.xlsx|茶马古道|seller_raw:/shop/446583,zh_target_strict,zh,uncertain_holdout,,uncertain,text_clone_primary,0,0,,,,,,0.930379,0.933797,0.943953,0.26187,605669,/shop/446583,uncertain,uncertain_insufficient_evidence,0,0,0,1,0,0,uncertain_or_not_supervision_label
market_item.xlsx|中文暗网交易市场|seller_raw:346677||market_item.xlsx|中文暗网交易市场|seller_raw:58949,zh_target_strict,zh,train,comp_00001,negative,semantic_structural,1,1,,,,,,0.942497,0.916731,0.929863,0.858568,346677,58949,different_controller,ordinary_negative,1,1,0,0,0,0,negative_without_hard_ambiguity
market_item.xlsx|中文暗网交易市场|seller_raw:42402||market_item.xlsx|中文暗网交易市场|seller_raw:44207,zh_target_strict,zh,valid,comp_00021,negative,semantic_only,1,1,,,,,,0.916054,0.873103,0.916936,0.468107,42402,44207,different_controller,ordinary_negative,1,1,0,0,0,0,negative_without_hard_ambiguity
market_item.xlsx|茶马古道|seller_raw:/shop/414476||market_item.xlsx|茶马古道|seller_raw:/shop/437655,zh_target_strict,zh,test,comp_00164,positive,semantic_structural,1,1,,,,,,0.95871,0.928679,0.964796,0.804751,/shop/414476,/shop/437655,same_controller,same_controller_style_structural_soft,1,1,0,0,0,0,positive_without_direct_identifier
market_item.xlsx|茶马古道|seller_raw:/shop/422381||market_item.xlsx|茶马古道|seller_raw:/shop/445,zh_target_strict,zh,uncertain_holdout,,uncertain,semantic_only,0,0,,,,,,0.939215,0.900481,0.864523,0.494178,/shop/422381,/shop/445,uncertain,uncertain_insufficient_evidence,0,0,0,0,0,0,uncertain_or_not_supervision_label
market_item.xlsx|中文暗网交易市场|seller_raw:41552||market_item.xlsx|茶马古道|seller_raw:/shop/411514,zh_target_strict,zh,train,comp_00001,negative,semantic_only,1,1,,,,,,0.909574,0.839947,0.870188,0.453131,41552,/shop/411514,different_controller,ordinary_negative,1,1,0,0,0,0,negative_without_hard_ambiguity
market_item.xlsx|茶马古道|seller_raw:/shop/448519||market_item.xlsx|茶马古道|seller_raw:/shop/9644,zh_target_strict,zh,test,comp_00069,negative,semantic_structural,1,1,,,,,,0.945092,0.897614,0.901933,0.685406,/shop/448519,/shop/9644,different_controller,ordinary_negative,1,1,0,0,0,0,negative_without_hard_ambiguity
market_item.xlsx|中文暗网交易市场|seller_raw:363589||market_item.xlsx|茶马古道|seller_raw:/shop/463911,zh_target_strict,zh,valid,comp_00046,negative,semantic_only,1,1,,,,,,0.901979,0.879884,0.907256,0.480064,363589,/shop/463911,different_controller,ordinary_negative,1,1,0,0,0,0,negative_without_hard_ambiguity
market_item.xlsx|中文暗网交易市场|seller_raw:596096||market_item.xlsx|茶马古道|seller_raw:/shop/446569,zh_target_strict,zh,train,silver_train_comp_00073,positive,text_clone_primary,1,1,,,,,,0.927635,0.925857,0.935617,0.30236,596096,/shop/446569,same_controller,same_controller_style_structural_soft,1,1,0,1,0,0,positive_without_direct_identifier
market_item.xlsx|中文暗网交易市场|seller_raw:462296||market_item.xlsx|中文暗网交易市场|seller_raw:605663,zh_target_strict,zh,train,silver_train_comp_00158,positive,semantic_structural,1,1,,,,,,0.970799,0.948418,0.979573,0.984648,462296,605663,same_controller,same_controller_component_anchor,1,1,0,0,0,0,review_notes_component_anchor_keyword
market_item.xlsx|茶马古道|seller_raw:/shop/393365||market_item.xlsx|茶马古道|seller_raw:/shop/441359,zh_target_strict,zh,train,comp_00136,negative,semantic_only,1,1,,,,,,0.924899,0.876467,0.943084,0.496903,/shop/393365,/shop/441359,different_controller,ordinary_negative,1,1,0,0,0,0,negative_without_hard_ambiguity
market_item.xlsx|中文暗网交易市场|seller_raw:562811||market_item.xlsx|茶马古道|seller_raw:/shop/398502,zh_target_strict,zh,test,comp_00105,negative,text_clone_primary,1,1,,,,,,0.922037,0.879667,0.923465,0.259235,562811,/shop/398502,different_controller,template_clone_not_controller,1,1,0,1,0,0,feature_has_shared_description_clone|feature_has_shared_title_clone|feature_shared_description_count|feature_shared_low_df_sentence_count|feature_shared_rare_ngram_count|feature_shared_title_count|review_stratum:text_clone
market_item.xlsx|茶马古道|seller_raw:/shop/406698||market_item.xlsx|茶马古道|seller_raw:/shop/590,zh_target_strict,zh,test,comp_00159,negative,semantic_only,1,1,,,,,,0.941957,0.873605,0.809184,0.478439,/shop/406698,/shop/590,different_controller,ordinary_negative,1,1,0,0,0,0,negative_without_hard_ambiguity
market_item.xlsx|中文暗网交易市场|seller_raw:44184||market_item.xlsx|茶马古道|seller_raw:/shop/424764,zh_target_strict,zh,train,comp_00062,negative,text_clone_primary,1,1,,,,,,0.951448,0.91217,0.977059,0.282067,44184,/shop/424764,different_controller,template_clone_not_controller,1,1,0,1,0,0,feature_has_shared_description_clone|feature_shared_description_count|feature_shared_low_df_sentence_count|review_stratum:text_clone
market_item.xlsx|中文暗网交易市场|seller_raw:29159||market_item.xlsx|中文暗网交易市场|seller_raw:31252,zh_target_strict,zh,train,comp_00001,negative,semantic_only,1,1,,,,,,0.921657,0.893904,0.869757,0.326088,29159,31252,different_controller,semantic_topic_not_controller,1,1,0,0,1,0,embedding_cosine_bge_m3>=0.8|embedding_cosine_gte_multilingual_base>=0.8|embedding_cosine_labse>=0.8|embedding_cosine_multilingual_e5_large>=0.8
market_item.xlsx|茶马古道|seller_raw:/shop/395024||market_item.xlsx|茶马古道|seller_raw:/shop/407096,zh_target_strict,zh,test,comp_00143,negative,semantic_only,1,1,,,,,,0.922186,0.842797,0.935164,0.371927,/shop/395024,/shop/407096,different_controller,ordinary_negative,1,1,0,0,0,0,negative_without_hard_ambiguity
market_item.xlsx|中文暗网交易市场|seller_raw:346677||market_item.xlsx|中文暗网交易市场|seller_raw:470183,zh_target_strict,zh,train,comp_00001,negative,semantic_structural,1,1,,,,,,0.948561,0.907296,0.925742,0.672935,346677,470183,different_controller,ordinary_negative,1,1,0,0,0,0,negative_without_hard_ambiguity
market_item.xlsx|中文暗网交易市场|seller_raw:560066||market_item.xlsx|中文暗网交易市场|seller_raw:566597,zh_target_strict,zh,train,comp_00001,negative,semantic_only,1,1,,,,,,0.92069,0.773668,0.833691,0.420334,560066,566597,different_controller,ordinary_negative,1,1,0,0,0,0,negative_without_hard_ambiguity
market_item.xlsx|中文暗网交易市场|seller_raw:47690||market_item.xlsx|中文暗网交易市场|seller_raw:70936,zh_target_strict,zh,valid,comp_00021,negative,semantic_only,1,1,,,,,,0.920891,0.887153,0.895147,0.462311,47690,70936,different_controller,ordinary_negative,1,1,0,0,0,0,negative_without_hard_ambiguity
market_item.xlsx|中文暗网交易市场|seller_raw:579292||market_item.xlsx|中文暗网交易市场|seller_raw:582222,zh_target_strict,zh,train,silver_train_comp_00043,positive,text_clone_primary,1,1,,,,,,0.964301,0.958971,0.977193,0.977575,579292,582222,same_controller,same_controller_style_structural_soft,1,1,0,1,0,0,positive_without_direct_identifier
market_item.xlsx|茶马古道|seller_raw:/shop/2242||market_item.xlsx|茶马古道|seller_raw:/shop/414445,zh_target_strict,zh,uncertain_holdout,,uncertain,semantic_structural,0,0,,,,,,0.950086,0.906481,0.965112,0.74285,/shop/2242,/shop/414445,uncertain,uncertain_insufficient_evidence,0,0,0,0,0,0,uncertain_or_not_supervision_label
market_item.xlsx|中文暗网交易市场|seller_raw:31252||market_item.xlsx|中文暗网交易市场|seller_raw:68788,zh_target_strict,zh,train,comp_00001,negative,semantic_only,1,1,,,,,,0.924153,0.837144,0.834047,0.398305,31252,68788,different_controller,ordinary_negative,1,1,0,0,0,0,negative_without_hard_ambiguity
market_item.xlsx|中文暗网交易市场|seller_raw:264776||market_item.xlsx|茶马古道|seller_raw:/shop/385,zh_target_strict,zh,train,comp_00025,positive,semantic_only,1,1,,,,,,0.903607,0.799629,0.92741,0.248206,264776,/shop/385,same_controller,same_controller_style_structural_soft,1,1,0,0,1,0,positive_without_direct_identifier
market_item.xlsx|茶马古道|seller_raw:/shop/415759||market_item.xlsx|茶马古道|seller_raw:/shop/510,zh_target_strict,zh,uncertain_holdout,,uncertain,semantic_structural,0,0,,,,,,0.936985,0.871468,0.915857,0.745485,/shop/415759,/shop/510,uncertain,uncertain_insufficient_evidence,0,0,0,0,0,0,uncertain_or_not_supervision_label
market_item.xlsx|茶马古道|seller_raw:/shop/438232||market_item.xlsx|茶马古道|seller_raw:/shop/469170,zh_target_strict,zh,test,comp_00181,negative,semantic_only,1,1,,,,,,0.933826,0.8868,0.871839,0.443432,/shop/438232,/shop/469170,different_controller,ordinary_negative,1,1,0,0,0,0,negative_without_hard_ambiguity
market_item.xlsx|中文暗网交易市场|seller_raw:605668||market_item.xlsx|茶马古道|seller_raw:/shop/453265,zh_target_strict,zh,train,silver_train_comp_00108,positive,text_clone_primary,1,1,,,,,,0.951143,0.911858,0.955107,0.301256,605668,/shop/453265,same_controller,same_controller_style_structural_soft,1,1,0,1,0,0,positive_without_direct_identifier
market_item.xlsx|茶马古道|seller_raw:/shop/417184||market_item.xlsx|茶马古道|seller_raw:/shop/643,zh_target_strict,zh,valid,comp_00124,negative,semantic_only,1,1,,,,,,0.902483,0.800336,0.805274,0.369082,/shop/417184,/shop/643,different_controller,ordinary_negative,1,1,0,0,0,0,negative_without_hard_ambiguity
market_item.xlsx|中文暗网交易市场|seller_raw:605663||market_item.xlsx|茶马古道|seller_raw:/shop/453265,zh_target_strict,zh,train,silver_train_comp_00131,positive,text_clone_primary,1,1,,,,,,0.942724,0.934671,0.96197,0.310473,605663,/shop/453265,same_controller,same_controller_style_structural_soft,1,1,0,1,0,0,positive_without_direct_identifier
market_item.xlsx|茶马古道|seller_raw:/shop/394332||market_item.xlsx|茶马古道|seller_raw:/shop/418024,zh_target_strict,zh,test,comp_00140,negative,semantic_only,1,1,,,,,,0.919606,0.878016,0.871971,0.494547,/shop/394332,/shop/418024,different_controller,ordinary_negative,1,1,0,0,0,0,negative_without_hard_ambiguity
market_item.xlsx|茶马古道|seller_raw:/shop/421560||market_item.xlsx|茶马古道|seller_raw:/shop/458931,zh_target_strict,zh,test,comp_00177,positive,semantic_only,1,1,,,,,,0.946428,0.900068,0.915946,0.29226,/shop/421560,/shop/458931,same_controller,same_controller_style_structural_soft,1,1,0,0,1,0,positive_without_direct_identifier
market_item.xlsx|中文暗网交易市场|seller_raw:30720||market_item.xlsx|中文暗网交易市场|seller_raw:59280,zh_target_strict,zh,train,comp_00032,negative,semantic_only,1,1,,,,,,0.925476,0.858632,0.879156,0.487042,30720,59280,different_controller,ordinary_negative,1,1,0,0,0,0,negative_without_hard_ambiguity
market_item.xlsx|中文暗网交易市场|seller_raw:238529||market_item.xlsx|茶马古道|seller_raw:/shop/463180,zh_target_strict,zh,uncertain_holdout,,uncertain,semantic_only,0,0,,,,,,0.878635,0.827034,0.875874,0.328712,238529,/shop/463180,uncertain,uncertain_insufficient_evidence,0,0,0,0,1,0,uncertain_or_not_supervision_label
market_item.xlsx|中文暗网交易市场|seller_raw:19453||market_item.xlsx|中文暗网交易市场|seller_raw:55721,zh_target_strict,zh,train,comp_00001,negative,semantic_only,1,1,,,,,,0.925824,0.837574,0.899398,0.353828,19453,55721,different_controller,ordinary_negative,1,1,0,0,0,0,negative_without_hard_ambiguity
market_item.xlsx|茶马古道|seller_raw:/shop/425485||market_item.xlsx|茶马古道|seller_raw:/shop/451071,zh_target_strict,zh,test,comp_00185,negative,semantic_only,1,1,,,,,,0.921389,0.878458,0.92251,0.489044,/shop/425485,/shop/451071,different_controller,ordinary_negative,1,1,0,0,0,0,negative_without_hard_ambiguity
market_item.xlsx|中文暗网交易市场|seller_raw:482639||market_item.xlsx|茶马古道|seller_raw:/shop/425743,zh_target_strict,zh,train,comp_00076,negative,text_clone_primary,1,1,,,,,,0.929628,0.870263,0.930847,0.287817,482639,/shop/425743,different_controller,template_clone_not_controller,1,1,0,1,0,0,feature_has_shared_description_clone|feature_has_shared_title_clone|feature_shared_description_count|feature_shared_low_df_sentence_count|feature_shared_rare_ngram_count|feature_shared_title_count|review_stratum:text_clone
market_item.xlsx|中文暗网交易市场|seller_raw:596096||market_item.xlsx|中文暗网交易市场|seller_raw:605607,zh_target_strict,zh,train,silver_train_comp_00165,positive,semantic_structural,1,1,,,,,,0.945235,0.907012,0.979913,0.963772,596096,605607,same_controller,same_controller_component_anchor,1,1,0,1,0,0,review_notes_component_anchor_keyword
market_item.xlsx|茶马古道|seller_raw:/shop/429571||market_item.xlsx|茶马古道|seller_raw:/shop/429593,zh_target_strict,zh,uncertain_holdout,,uncertain,semantic_only,0,0,,,,,,0.958866,0.856845,0.905113,0.391,/shop/429571,/shop/429593,uncertain,uncertain_insufficient_evidence,0,0,0,0,0,0,uncertain_or_not_supervision_label
market_item.xlsx|中文暗网交易市场|seller_raw:443482||market_item.xlsx|中文暗网交易市场|seller_raw:557105,zh_target_strict,zh,uncertain_holdout,,uncertain,semantic_only,0,0,,,,,,0.914094,0.865474,0.896972,0.483174,443482,557105,uncertain,uncertain_insufficient_evidence,0,0,0,0,0,0,uncertain_or_not_supervision_label
market_item.xlsx|中文暗网交易市场|seller_raw:575508||market_item.xlsx|茶马古道|seller_raw:/shop/461463,zh_target_strict,zh,uncertain_holdout,,uncertain,semantic_only,0,0,,,,,,0.925878,0.902574,0.940764,0.301752,575508,/shop/461463,uncertain,uncertain_insufficient_evidence,0,0,0,0,1,0,uncertain_or_not_supervision_label
market_item.xlsx|中文暗网交易市场|seller_raw:582675||market_item.xlsx|茶马古道|seller_raw:/shop/426103,zh_target_strict,zh,valid,comp_00109,negative,text_clone_primary,1,1,,,,,,0.918107,0.856212,0.907252,0.298585,582675,/shop/426103,different_controller,template_clone_not_controller,1,1,0,1,0,0,feature_has_shared_description_clone|feature_has_shared_title_clone|feature_shared_description_count|feature_shared_low_df_sentence_count|feature_shared_rare_ngram_count|feature_shared_title_count|review_stratum:text_clone
market_item.xlsx|茶马古道|seller_raw:/shop/444654||market_item.xlsx|茶马古道|seller_raw:/shop/462494,zh_target_strict,zh,uncertain_holdout,,uncertain,semantic_structural,0,0,,,,,,0.977951,0.970772,0.970555,0.995862,/shop/444654,/shop/462494,uncertain,uncertain_insufficient_evidence,0,0,0,0,0,0,uncertain_or_not_supervision_label
market_item.xlsx|中文暗网交易市场|seller_raw:29159||market_item.xlsx|中文暗网交易市场|seller_raw:45139,zh_target_strict,zh,train,comp_00001,negative,semantic_only,1,1,,,,,,0.910456,0.859821,0.86127,0.469112,29159,45139,different_controller,ordinary_negative,1,1,0,0,0,0,negative_without_hard_ambiguity
market_item.xlsx|中文暗网交易市场|seller_raw:565149||market_item.xlsx|中文暗网交易市场|seller_raw:567845,zh_target_strict,zh,train,comp_00001,negative,semantic_structural,1,1,,,,,,0.969987,0.950676,0.972757,1.0,565149,567845,different_controller,ordinary_negative,1,1,0,0,0,0,negative_without_hard_ambiguity
market_item.xlsx|中文暗网交易市场|seller_raw:365633||market_item.xlsx|中文暗网交易市场|seller_raw:68788,zh_target_strict,zh,train,comp_00001,negative,semantic_only,1,1,,,,,,0.905104,0.839598,0.878068,0.451404,365633,68788,different_controller,ordinary_negative,1,1,0,0,0,0,negative_without_hard_ambiguity
market_item.xlsx|中文暗网交易市场|seller_raw:443482||market_item.xlsx|中文暗网交易市场|seller_raw:517166,zh_target_strict,zh,uncertain_holdout,,uncertain,semantic_only,0,0,,,,,,0.908188,0.8734,0.901842,0.322787,443482,517166,uncertain,uncertain_insufficient_evidence,0,0,0,0,1,0,uncertain_or_not_supervision_label
market_item.xlsx|中文暗网交易市场|seller_raw:29159||market_item.xlsx|中文暗网交易市场|seller_raw:365633,zh_target_strict,zh,train,comp_00001,negative,semantic_only,1,1,,,,,,0.909664,0.877114,0.883167,0.357518,29159,365633,different_controller,ordinary_negative,1,1,0,0,0,0,negative_without_hard_ambiguity
market_item.xlsx|中文暗网交易市场|seller_raw:566277||market_item.xlsx|中文暗网交易市场|seller_raw:604051,zh_target_strict,zh,uncertain_holdout,,uncertain,text_clone_primary,0,0,,,,,,0.957789,0.926276,0.977385,0.879311,566277,604051,uncertain,uncertain_insufficient_evidence,0,0,0,1,0,0,uncertain_or_not_supervision_label
market_item.xlsx|茶马古道|seller_raw:/shop/435860||market_item.xlsx|茶马古道|seller_raw:/shop/449500,zh_target_strict,zh,test,comp_00088,negative,semantic_only,1,1,,,,,,0.910562,0.834181,0.811602,0.345979,/shop/435860,/shop/449500,different_controller,semantic_topic_not_controller,1,1,0,0,1,0,embedding_cosine_bge_m3>=0.8|embedding_cosine_gte_multilingual_base>=0.8|embedding_cosine_labse>=0.8|embedding_cosine_multilingual_e5_large>=0.8
market_item.xlsx|茶马古道|seller_raw:/shop/460561||market_item.xlsx|茶马古道|seller_raw:/shop/468677,zh_target_strict,zh,test,comp_00219,positive,semantic_structural,1,1,,,,,,0.973733,0.92044,0.923409,0.524661,/shop/460561,/shop/468677,same_controller,same_controller_style_structural_soft,1,1,0,0,0,0,positive_without_direct_identifier
market_item.xlsx|中文暗网交易市场|seller_raw:117821||market_item.xlsx|茶马古道|seller_raw:/shop/410158,zh_target_strict,zh,uncertain_holdout,,uncertain,semantic_only,0,0,,,,,,0.886018,0.841229,0.892241,0.353622,117821,/shop/410158,uncertain,uncertain_insufficient_evidence,0,0,0,0,0,0,uncertain_or_not_supervision_label
market_item.xlsx|中文暗网交易市场|seller_raw:45288||market_item.xlsx|中文暗网交易市场|seller_raw:536887,zh_target_strict,zh,test,comp_00060,negative,semantic_only,1,1,,,,,,0.938096,0.854452,0.842255,0.454768,45288,536887,different_controller,ordinary_negative,1,1,0,0,0,0,negative_without_hard_ambiguity
market_item.xlsx|茶马古道|seller_raw:/shop/5741||market_item.xlsx|茶马古道|seller_raw:/shop/7993,zh_target_strict,zh,train,silver_relaxed_train_comp_04034,positive,text_clone_primary,1,1,,,,,,0.949471,0.900038,0.965368,0.618208,/shop/5741,/shop/7993,same_controller,same_controller_style_structural_soft,1,1,0,1,0,0,positive_without_direct_identifier
market_item.xlsx|茶马古道|seller_raw:/shop/436008||market_item.xlsx|茶马古道|seller_raw:/shop/454245,zh_target_strict,zh,test,comp_00199,positive,semantic_only,1,1,,,,,,0.890773,0.816649,0.884009,0.451447,/shop/436008,/shop/454245,same_controller,same_controller_style_structural_soft,1,1,0,0,0,0,positive_without_direct_identifier
market_item.xlsx|中文暗网交易市场|seller_raw:342077||market_item.xlsx|茶马古道|seller_raw:/shop/449476,zh_target_strict,zh,train,comp_00041,positive,semantic_only,1,1,,,,,,0.915427,0.900197,0.950146,0.491711,342077,/shop/449476,same_controller,same_controller_style_structural_soft,1,1,0,0,0,0,positive_without_direct_identifier
market_item.xlsx|茶马古道|seller_raw:/shop/271||market_item.xlsx|茶马古道|seller_raw:/shop/406589,zh_target_strict,zh,test,comp_00133,negative,semantic_only,1,1,,,,,,0.933205,0.906788,0.898142,0.488017,/shop/271,/shop/406589,different_controller,ordinary_negative,1,1,0,0,0,0,negative_without_hard_ambiguity
market_item.xlsx|茶马古道|seller_raw:/shop/442431||market_item.xlsx|茶马古道|seller_raw:/shop/462494,zh_target_strict,zh,uncertain_holdout,,uncertain,text_clone_primary,0,0,,,,,,0.97789,0.978121,0.968163,0.763174,/shop/442431,/shop/462494,uncertain,uncertain_insufficient_evidence,0,0,0,1,0,0,uncertain_or_not_supervision_label
market_item.xlsx|茶马古道|seller_raw:/shop/418396||market_item.xlsx|茶马古道|seller_raw:/shop/437662,zh_target_strict,zh,test,comp_00172,negative,semantic_only,1,1,,,,,,0.919632,0.889167,0.888299,0.40485,/shop/418396,/shop/437662,different_controller,ordinary_negative,1,1,0,0,0,0,negative_without_hard_ambiguity
market_item.xlsx|中文暗网交易市场|seller_raw:428374||market_item.xlsx|中文暗网交易市场|seller_raw:517245,zh_target_strict,zh,train,comp_00001,negative,semantic_only,1,1,,,,,,0.9282,0.873961,0.914706,0.432075,428374,517245,different_controller,ordinary_negative,1,1,0,0,0,0,negative_without_hard_ambiguity
market_item.xlsx|中文暗网交易市场|seller_raw:586118||market_item.xlsx|茶马古道|seller_raw:/shop/403136,zh_target_strict,zh,test,comp_00101,negative,text_clone_primary,1,1,,,,,,0.921525,0.894889,0.948778,0.266765,586118,/shop/403136,different_controller,template_clone_not_controller,1,1,0,1,0,0,feature_has_shared_description_clone|feature_has_shared_title_clone|feature_shared_description_count|feature_shared_low_df_sentence_count|feature_shared_rare_ngram_count|feature_shared_title_count|review_stratum:text_clone
market_item.xlsx|中文暗网交易市场|seller_raw:509681||market_item.xlsx|茶马古道|seller_raw:/shop/411384,zh_target_strict,zh,valid,comp_00084,negative,semantic_only,1,1,,,,,,0.913881,0.882987,0.89707,0.488244,509681,/shop/411384,different_controller,ordinary_negative,1,1,0,0,0,0,negative_without_hard_ambiguity
market_item.xlsx|中文暗网交易市场|seller_raw:605883||market_item.xlsx|茶马古道|seller_raw:/shop/446583,zh_target_strict,zh,uncertain_holdout,,uncertain,text_clone_primary,0,0,,,,,,0.915576,0.93771,0.954203,0.267569,605883,/shop/446583,uncertain,uncertain_insufficient_evidence,0,0,0,1,0,0,uncertain_or_not_supervision_label
market_item.xlsx|中文暗网交易市场|seller_raw:23080||market_item.xlsx|中文暗网交易市场|seller_raw:42402,zh_target_strict,zh,valid,comp_00021,negative,semantic_only,1,1,,,,,,0.897528,0.826743,0.849267,0.484565,23080,42402,different_controller,ordinary_negative,1,1,0,0,0,0,negative_without_hard_ambiguity
market_item.xlsx|中文暗网交易市场|seller_raw:605876||market_item.xlsx|茶马古道|seller_raw:/shop/446583,zh_target_strict,zh,uncertain_holdout,,uncertain,text_clone_primary,0,0,,,,,,0.928532,0.947898,0.948474,0.272441,605876,/shop/446583,uncertain,uncertain_insufficient_evidence,0,0,0,1,0,0,uncertain_or_not_supervision_label
market_item.xlsx|中文暗网交易市场|seller_raw:70936||market_item.xlsx|茶马古道|seller_raw:/shop/412259,zh_target_strict,zh,valid,comp_00021,negative,semantic_only,1,1,,,,,,0.882402,0.823447,0.810444,0.278442,70936,/shop/412259,different_controller,semantic_topic_not_controller,1,1,0,0,1,0,embedding_cosine_bge_m3>=0.8|embedding_cosine_gte_multilingual_base>=0.8|embedding_cosine_labse>=0.8|embedding_cosine_multilingual_e5_large>=0.8
market_item.xlsx|中文暗网交易市场|seller_raw:582052||market_item.xlsx|茶马古道|seller_raw:/shop/426103,zh_target_strict,zh,valid,comp_00109,negative,text_clone_primary,1,1,,,,,,0.931083,0.860501,0.934508,0.299359,582052,/shop/426103,different_controller,template_clone_not_controller,1,1,0,1,0,0,feature_has_shared_description_clone|feature_has_shared_title_clone|feature_shared_description_count|feature_shared_low_df_sentence_count|feature_shared_rare_ngram_count|feature_shared_title_count|review_stratum:text_clone
market_item.xlsx|中文暗网交易市场|seller_raw:514938||market_item.xlsx|茶马古道|seller_raw:/shop/449500,zh_target_strict,zh,test,comp_00088,negative,semantic_only,1,1,,,,,,0.889335,0.819777,0.849232,0.478261,514938,/shop/449500,different_controller,ordinary_negative,1,1,0,0,0,0,negative_without_hard_ambiguity
market_item.xlsx|茶马古道|seller_raw:/shop/418181||market_item.xlsx|茶马古道|seller_raw:/shop/438380,zh_target_strict,zh,test,comp_00139,negative,semantic_only,1,1,,,,,,0.912619,0.84947,0.830501,0.479733,/shop/418181,/shop/438380,different_controller,ordinary_negative,1,1,0,0,0,0,negative_without_hard_ambiguity
market_item.xlsx|茶马古道|seller_raw:/shop/442431||market_item.xlsx|茶马古道|seller_raw:/shop/459141,zh_target_strict,zh,uncertain_holdout,,uncertain,semantic_structural,0,0,,,,,,0.977807,0.975476,0.965995,0.759815,/shop/442431,/shop/459141,uncertain,uncertain_insufficient_evidence,0,0,0,0,0,0,uncertain_or_not_supervision_label
market_item.xlsx|中文暗网交易市场|seller_raw:605890||market_item.xlsx|茶马古道|seller_raw:/shop/453234,zh_target_strict,zh,train,silver_train_comp_00140,positive,text_clone_primary,1,1,,,,,,0.906093,0.896945,0.92092,0.293289,605890,/shop/453234,same_controller,same_controller_style_structural_soft,1,1,0,1,0,0,positive_without_direct_identifier
market_item.xlsx|茶马古道|seller_raw:/shop/394471||market_item.xlsx|茶马古道|seller_raw:/shop/432627,zh_target_strict,zh,train,silver_relaxed_train_comp_04032,positive,text_clone_primary,1,1,,,,,,0.944326,0.912938,0.965825,0.994056,/shop/394471,/shop/432627,same_controller,same_controller_style_structural_soft,1,1,0,1,0,0,positive_without_direct_identifier
market_item.xlsx|中文暗网交易市场|seller_raw:457175||market_item.xlsx|茶马古道|seller_raw:/shop/442431,zh_target_strict,zh,uncertain_holdout,,uncertain,semantic_only,0,0,,,,,,0.953956,0.935097,0.968241,0.495767,457175,/shop/442431,uncertain,uncertain_insufficient_evidence,0,0,0,1,0,0,uncertain_or_not_supervision_label
market_item.xlsx|中文暗网交易市场|seller_raw:19730||market_item.xlsx|茶马古道|seller_raw:/shop/462,zh_target_strict,zh,train,comp_00018,negative,semantic_only,1,1,,,,,,0.898569,0.863725,0.895378,0.452471,19730,/shop/462,different_controller,ordinary_negative,1,1,0,0,0,0,negative_without_hard_ambiguity
market_item.xlsx|中文暗网交易市场|seller_raw:566277||market_item.xlsx|中文暗网交易市场|seller_raw:99981,zh_target_strict,zh,uncertain_holdout,,uncertain,text_clone_primary,0,0,,,,,,0.957078,0.923567,0.976927,0.87914,566277,99981,uncertain,uncertain_insufficient_evidence,0,0,0,1,0,0,uncertain_or_not_supervision_label
market_item.xlsx|中文暗网交易市场|seller_raw:596096||market_item.xlsx|中文暗网交易市场|seller_raw:605912,zh_target_strict,zh,train,silver_train_comp_00166,positive,semantic_structural,1,1,,,,,,0.932377,0.885979,0.973696,0.885099,596096,605912,same_controller,same_controller_component_anchor,1,1,0,0,0,0,review_notes_component_anchor_keyword
market_item.xlsx|中文暗网交易市场|seller_raw:457175||market_item.xlsx|茶马古道|seller_raw:/shop/444654,zh_target_strict,zh,uncertain_holdout,,uncertain,semantic_only,0,0,,,,,,0.948937,0.93258,0.968114,0.496127,457175,/shop/444654,uncertain,uncertain_insufficient_evidence,0,0,0,1,0,0,uncertain_or_not_supervision_label
market_item.xlsx|中文暗网交易市场|seller_raw:548133||market_item.xlsx|中文暗网交易市场|seller_raw:596616,zh_target_strict,zh,train,comp_00001,negative,semantic_only,1,1,,,,,,0.921444,0.816198,0.863198,0.430245,548133,596616,different_controller,ordinary_negative,1,1,0,0,0,0,negative_without_hard_ambiguity
market_item.xlsx|茶马古道|seller_raw:/shop/448586||market_item.xlsx|茶马古道|seller_raw:/shop/449500,zh_target_strict,zh,test,comp_00088,negative,semantic_only,1,1,,,,,,0.928993,0.847238,0.793849,0.468714,/shop/448586,/shop/449500,different_controller,ordinary_negative,1,1,0,0,0,0,negative_without_hard_ambiguity
market_item.xlsx|中文暗网交易市场|seller_raw:238529||market_item.xlsx|中文暗网交易市场|seller_raw:518336,zh_target_strict,zh,train,comp_00001,negative,semantic_only,1,1,,,,,,0.908867,0.838304,0.903744,0.397655,238529,518336,different_controller,ordinary_negative,1,1,0,0,0,0,negative_without_hard_ambiguity
market_item.xlsx|中文暗网交易市场|seller_raw:590580||market_item.xlsx|茶马古道|seller_raw:/shop/432473,zh_target_strict,zh,train,comp_00111,negative,text_clone_primary,1,1,,,,,,0.926199,0.896932,0.95461,0.282998,590580,/shop/432473,different_controller,template_clone_not_controller,1,1,0,1,0,0,feature_has_shared_description_clone|feature_has_shared_title_clone|feature_shared_description_count|feature_shared_low_df_sentence_count|feature_shared_rare_ngram_count|feature_shared_title_count|review_stratum:text_clone
market_item.xlsx|茶马古道|seller_raw:/shop/405939||market_item.xlsx|茶马古道|seller_raw:/shop/434275,zh_target_strict,zh,uncertain_holdout,,uncertain,semantic_structural,0,0,,,,,,0.946998,0.946872,0.958949,0.975768,/shop/405939,/shop/434275,uncertain,uncertain_insufficient_evidence,0,0,0,0,0,0,uncertain_or_not_supervision_label
market_item.xlsx|中文暗网交易市场|seller_raw:60395||market_item.xlsx|茶马古道|seller_raw:/shop/438114,zh_target_strict,zh,test,comp_00119,negative,semantic_only,1,1,,,,,,0.89705,0.792233,0.870426,0.264151,60395,/shop/438114,different_controller,semantic_topic_not_controller,1,1,0,0,1,0,embedding_cosine_gte_multilingual_base>=0.8|embedding_cosine_labse>=0.8|embedding_cosine_multilingual_e5_large>=0.8
market_item.xlsx|中文暗网交易市场|seller_raw:560748||market_item.xlsx|茶马古道|seller_raw:/shop/406520,zh_target_strict,zh,valid,comp_00102,negative,text_clone_primary,1,1,,,,,,0.919115,0.886194,0.910389,0.234254,560748,/shop/406520,different_controller,template_clone_not_controller,1,1,0,1,0,0,feature_has_shared_description_clone|feature_has_shared_title_clone|feature_shared_description_count|feature_shared_low_df_sentence_count|feature_shared_rare_ngram_count|feature_shared_title_count|review_stratum:text_clone
market_item.xlsx|中文暗网交易市场|seller_raw:596066||market_item.xlsx|茶马古道|seller_raw:/shop/446567,zh_target_strict,zh,train,silver_relaxed_train_comp_04060,positive,text_clone_primary,1,1,,,,,,0.922752,0.871609,0.94404,0.288492,596066,/shop/446567,same_controller,same_controller_style_structural_soft,1,1,0,1,0,0,positive_without_direct_identifier
market_item.xlsx|中文暗网交易市场|seller_raw:17352||market_item.xlsx|中文暗网交易市场|seller_raw:34364,zh_target_strict,zh,train,comp_00010,positive,semantic_only,1,1,,,,,,0.929808,0.912171,0.946686,0.498958,17352,34364,same_controller,same_controller_style_structural_soft,1,1,0,0,0,0,positive_without_direct_identifier
market_item.xlsx|中文暗网交易市场|seller_raw:470183||market_item.xlsx|中文暗网交易市场|seller_raw:596616,zh_target_strict,zh,uncertain_holdout,,uncertain,semantic_structural,0,0,,,,,,0.957255,0.915012,0.932477,0.725976,470183,596616,uncertain,uncertain_insufficient_evidence,0,0,0,0,0,0,uncertain_or_not_supervision_label
market_item.xlsx|中文暗网交易市场|seller_raw:70179||market_item.xlsx|茶马古道|seller_raw:/shop/434444,zh_target_strict,zh,test,comp_00130,negative,semantic_only,1,1,,,,,,0.886226,0.783713,0.895301,0.471138,70179,/shop/434444,different_controller,ordinary_negative,1,1,0,0,0,0,negative_without_hard_ambiguity
market_item.xlsx|中文暗网交易市场|seller_raw:596053||market_item.xlsx|茶马古道|seller_raw:/shop/446567,zh_target_strict,zh,train,silver_relaxed_train_comp_04047,positive,text_clone_primary,1,1,,,,,,0.928717,0.914256,0.950154,0.287883,596053,/shop/446567,same_controller,same_controller_style_structural_soft,1,1,0,1,0,0,positive_without_direct_identifier
market_item.xlsx|茶马古道|seller_raw:/shop/412286||market_item.xlsx|茶马古道|seller_raw:/shop/415109,zh_target_strict,zh,test,comp_00165,negative,semantic_only,1,1,,,,,,0.906671,0.800633,0.807757,0.460601,/shop/412286,/shop/415109,different_controller,ordinary_negative,1,1,0,0,0,0,negative_without_hard_ambiguity
market_item.xlsx|中文暗网交易市场|seller_raw:67829||market_item.xlsx|茶马古道|seller_raw:/shop/267,zh_target_strict,zh,test,comp_00128,negative,semantic_only,1,1,,,,,,0.887639,0.779637,0.878861,0.379408,67829,/shop/267,different_controller,ordinary_negative,1,1,0,0,0,0,negative_without_hard_ambiguity
market_item.xlsx|中文暗网交易市场|seller_raw:603737||market_item.xlsx|茶马古道|seller_raw:/shop/453234,zh_target_strict,zh,uncertain_holdout,,uncertain,text_clone_primary,0,0,,,,,,0.915272,0.8797,0.936863,0.293184,603737,/shop/453234,uncertain,uncertain_insufficient_evidence,0,0,0,1,0,0,uncertain_or_not_supervision_label
market_item.xlsx|中文暗网交易市场|seller_raw:38978||market_item.xlsx|中文暗网交易市场|seller_raw:504138,zh_target_strict,zh,train,comp_00001,negative,semantic_only,1,1,,,,,,0.884386,0.825772,0.853194,0.424861,38978,504138,different_controller,ordinary_negative,1,1,0,0,0,0,negative_without_hard_ambiguity
market_item.xlsx|中文暗网交易市场|seller_raw:596313||market_item.xlsx|茶马古道|seller_raw:/shop/453234,zh_target_strict,zh,uncertain_holdout,,uncertain,text_clone_primary,0,0,,,,,,0.923193,0.87607,0.919143,0.291468,596313,/shop/453234,uncertain,uncertain_insufficient_evidence,0,0,0,1,0,0,uncertain_or_not_supervision_label
market_item.xlsx|茶马古道|seller_raw:/shop/406486||market_item.xlsx|茶马古道|seller_raw:/shop/407157,zh_target_strict,zh,test,comp_00158,positive,semantic_only,1,1,,,,,,0.942358,0.860647,0.943424,0.447163,/shop/406486,/shop/407157,same_controller,same_controller_style_structural_soft,1,1,0,0,0,0,positive_without_direct_identifier
market_item.xlsx|中文暗网交易市场|seller_raw:604725||market_item.xlsx|茶马古道|seller_raw:/shop/446567,zh_target_strict,zh,train,silver_relaxed_train_comp_04061,positive,text_clone_primary,1,1,,,,,,0.91513,0.909292,0.936423,0.279816,604725,/shop/446567,same_controller,same_controller_style_structural_soft,1,1,0,1,0,0,positive_without_direct_identifier
market_item.xlsx|中文暗网交易市场|seller_raw:39061||market_item.xlsx|茶马古道|seller_raw:/shop/1880,zh_target_strict,zh,train,comp_00051,negative,text_clone_primary,1,1,,,,,,0.928716,0.877556,0.942558,0.242257,39061,/shop/1880,different_controller,template_clone_not_controller,1,1,0,1,0,0,feature_has_shared_description_clone|feature_shared_description_count|feature_shared_low_df_sentence_count|review_stratum:text_clone
market_item.xlsx|茶马古道|seller_raw:/shop/452097||market_item.xlsx|茶马古道|seller_raw:/shop/463004,zh_target_strict,zh,uncertain_holdout,,uncertain,text_clone_primary,0,0,,,,,,0.903204,0.861312,0.905638,0.698211,/shop/452097,/shop/463004,uncertain,uncertain_insufficient_evidence,0,0,0,1,0,1,uncertain_or_not_supervision_label
market_item.xlsx|茶马古道|seller_raw:/shop/450368||market_item.xlsx|茶马古道|seller_raw:/shop/455309,zh_target_strict,zh,train,silver_relaxed_train_comp_04046,positive,text_clone_primary,1,1,,,,,,0.940456,0.880548,0.877512,0.600354,/shop/450368,/shop/455309,same_controller,same_controller_style_structural_soft,1,1,0,1,0,0,positive_without_direct_identifier
market_item.xlsx|茶马古道|seller_raw:/shop/405939||market_item.xlsx|茶马古道|seller_raw:/shop/463712,zh_target_strict,zh,uncertain_holdout,,uncertain,semantic_structural,0,0,,,,,,0.92761,0.918356,0.937462,0.976577,/shop/405939,/shop/463712,uncertain,uncertain_insufficient_evidence,0,0,0,0,0,0,uncertain_or_not_supervision_label
market_item.xlsx|中文暗网交易市场|seller_raw:605664||market_item.xlsx|茶马古道|seller_raw:/shop/446567,zh_target_strict,zh,uncertain_holdout,,uncertain,text_clone_primary,0,0,,,,,,0.914116,0.887319,0.947754,0.285106,605664,/shop/446567,uncertain,uncertain_insufficient_evidence,0,0,0,1,0,0,uncertain_or_not_supervision_label
market_item.xlsx|中文暗网交易市场|seller_raw:579776||market_item.xlsx|中文暗网交易市场|seller_raw:582222,zh_target_strict,zh,train,silver_relaxed_train_comp_04040,positive,text_clone_primary,1,1,,,,,,0.966757,0.930907,0.963786,0.787923,579776,582222,same_controller,same_controller_style_structural_soft,1,1,0,1,0,0,positive_without_direct_identifier
market_item.xlsx|中文暗网交易市场|seller_raw:579292||market_item.xlsx|中文暗网交易市场|seller_raw:579776,zh_target_strict,zh,train,silver_relaxed_train_comp_04041,positive,text_clone_primary,1,1,,,,,,0.957785,0.923515,0.9598,0.78489,579292,579776,same_controller,same_controller_style_structural_soft,1,1,0,1,0,0,positive_without_direct_identifier
market_item.xlsx|中文暗网交易市场|seller_raw:443620||market_item.xlsx|茶马古道|seller_raw:/shop/824,zh_target_strict,zh,train,comp_00064,positive,semantic_only,1,1,,,,,,0.922793,0.885657,0.934425,0.263367,443620,/shop/824,same_controller,same_controller_style_structural_soft,1,1,0,0,1,0,positive_without_direct_identifier
market_item.xlsx|中文暗网交易市场|seller_raw:94761||market_item.xlsx|茶马古道|seller_raw:/shop/430369,zh_target_strict,zh,uncertain_holdout,,uncertain,semantic_only,0,0,,,,,,0.926393,0.877627,0.909512,0.201668,94761,/shop/430369,uncertain,uncertain_insufficient_evidence,0,0,0,0,1,0,uncertain_or_not_supervision_label
market_item.xlsx|茶马古道|seller_raw:/shop/405653||market_item.xlsx|茶马古道|seller_raw:/shop/442299,zh_target_strict,zh,train,silver_relaxed_train_comp_04036,positive,text_clone_primary,1,1,,,,,,0.943162,0.909978,0.962033,0.785593,/shop/405653,/shop/442299,same_controller,same_controller_style_structural_soft,1,1,0,1,0,0,positive_without_direct_identifier
market_item.xlsx|中文暗网交易市场|seller_raw:591680||market_item.xlsx|茶马古道|seller_raw:/shop/427282,zh_target_strict,zh,train,comp_00001,negative,semantic_only,1,1,,,,,,0.881997,0.717498,0.808059,0.272088,591680,/shop/427282,different_controller,semantic_topic_not_controller,1,1,0,0,1,0,embedding_cosine_gte_multilingual_base>=0.8|embedding_cosine_labse>=0.8|embedding_cosine_multilingual_e5_large>=0.8
market_item.xlsx|中文暗网交易市场|seller_raw:491210||market_item.xlsx|中文暗网交易市场|seller_raw:519199,zh_target_strict,zh,train,comp_00078,negative,text_clone_primary,1,1,,,,,,0.918346,0.899864,0.914094,0.320497,491210,519199,different_controller,template_clone_not_controller,1,1,0,1,0,0,feature_has_shared_description_clone|feature_shared_description_count|feature_shared_low_df_sentence_count|review_stratum:text_clone
market_item.xlsx|中文暗网交易市场|seller_raw:514214||market_item.xlsx|茶马古道|seller_raw:/shop/397707,zh_target_strict,zh,train,comp_00086,negative,text_clone_primary,1,1,,,,,,0.906664,0.857202,0.889958,0.2546,514214,/shop/397707,different_controller,template_clone_not_controller,1,1,0,1,0,0,feature_has_shared_description_clone|feature_has_shared_title_clone|feature_shared_description_count|feature_shared_low_df_sentence_count|feature_shared_rare_ngram_count|feature_shared_title_count|review_stratum:text_clone
market_item.xlsx|中文暗网交易市场|seller_raw:46164||market_item.xlsx|茶马古道|seller_raw:/shop/442,zh_target_strict,zh,test,comp_00016,negative,semantic_only,1,1,,,,,,0.866286,0.777286,0.779626,0.468993,46164,/shop/442,different_controller,ordinary_negative,1,1,0,0,0,0,negative_without_hard_ambiguity
market_item.xlsx|中文暗网交易市场|seller_raw:604844||market_item.xlsx|茶马古道|seller_raw:/shop/446583,zh_target_strict,zh,uncertain_holdout,,uncertain,text_clone_primary,0,0,,,,,,0.917648,0.892237,0.913663,0.270306,604844,/shop/446583,uncertain,uncertain_insufficient_evidence,0,0,0,1,0,0,uncertain_or_not_supervision_label
market_item.xlsx|中文暗网交易市场|seller_raw:579292||market_item.xlsx|茶马古道|seller_raw:/shop/451739,zh_target_strict,zh,uncertain_holdout,,uncertain,semantic_only,0,0,,,,,,0.94169,0.898091,0.89822,0.335049,579292,/shop/451739,uncertain,uncertain_insufficient_evidence,0,0,0,0,1,0,uncertain_or_not_supervision_label
market_item.xlsx|中文暗网交易市场|seller_raw:548133||market_item.xlsx|中文暗网交易市场|seller_raw:596705,zh_target_strict,zh,train,comp_00001,negative,semantic_only,1,1,,,,,,0.919108,0.819947,0.906495,0.456748,548133,596705,different_controller,ordinary_negative,1,1,0,0,0,0,negative_without_hard_ambiguity
market_item.xlsx|茶马古道|seller_raw:/shop/416187||market_item.xlsx|茶马古道|seller_raw:/shop/419918,zh_target_strict,zh,test,comp_00167,positive,semantic_only,1,1,,,,,,0.938568,0.871899,0.910809,0.420535,/shop/416187,/shop/419918,same_controller,same_controller_style_structural_soft,1,1,0,0,0,0,positive_without_direct_identifier
market_item.xlsx|茶马古道|seller_raw:/shop/408157||market_item.xlsx|茶马古道|seller_raw:/shop/418373,zh_target_strict,zh,train,silver_relaxed_train_comp_04048,positive,text_clone_primary,1,1,,,,,,0.929024,0.908073,0.955833,0.62056,/shop/408157,/shop/418373,same_controller,same_controller_style_structural_soft,1,1,0,1,0,0,positive_without_direct_identifier
market_item.xlsx|茶马古道|seller_raw:/shop/443886||market_item.xlsx|茶马古道|seller_raw:/shop/447700,zh_target_strict,zh,uncertain_holdout,,uncertain,semantic_structural,0,0,,,,,,0.940349,0.881049,0.933837,0.565056,/shop/443886,/shop/447700,uncertain,uncertain_insufficient_evidence,0,0,0,0,0,0,uncertain_or_not_supervision_label
market_item.xlsx|中文暗网交易市场|seller_raw:596304||market_item.xlsx|茶马古道|seller_raw:/shop/453265,zh_target_strict,zh,uncertain_holdout,,uncertain,text_clone_primary,0,0,,,,,,0.924155,0.886382,0.924393,0.301456,596304,/shop/453265,uncertain,uncertain_insufficient_evidence,0,0,0,1,0,0,uncertain_or_not_supervision_label
market_item.xlsx|茶马古道|seller_raw:/shop/397155||market_item.xlsx|茶马古道|seller_raw:/shop/399798,zh_target_strict,zh,train,silver_relaxed_train_comp_04042,positive,text_clone_primary,1,1,,,,,,0.931103,0.881139,0.910481,0.634611,/shop/397155,/shop/399798,same_controller,same_controller_style_structural_soft,1,1,0,1,0,0,positive_without_direct_identifier
market_item.xlsx|茶马古道|seller_raw:/shop/403489||market_item.xlsx|茶马古道|seller_raw:/shop/462494,zh_target_strict,zh,uncertain_holdout,,uncertain,semantic_structural,0,0,,,,,,0.972103,0.966137,0.963088,0.743166,/shop/403489,/shop/462494,uncertain,uncertain_insufficient_evidence,0,0,0,0,0,0,uncertain_or_not_supervision_label
market_item.xlsx|中文暗网交易市场|seller_raw:584654||market_item.xlsx|茶马古道|seller_raw:/shop/427108,zh_target_strict,zh,uncertain_holdout,,uncertain,text_clone_primary,0,0,,,,,,0.898513,0.882192,0.902213,0.281298,584654,/shop/427108,uncertain,uncertain_insufficient_evidence,0,0,0,1,0,0,uncertain_or_not_supervision_label
market_item.xlsx|中文暗网交易市场|seller_raw:509674||market_item.xlsx|茶马古道|seller_raw:/shop/412778,zh_target_strict,zh,uncertain_holdout,,uncertain,semantic_only,0,0,,,,,,0.91115,0.879745,0.893455,0.326382,509674,/shop/412778,uncertain,uncertain_insufficient_evidence,0,0,0,0,1,0,uncertain_or_not_supervision_label
market_item.xlsx|中文暗网交易市场|seller_raw:172590||market_item.xlsx|中文暗网交易市场|seller_raw:210589,zh_target_strict,zh,uncertain_holdout,,uncertain,semantic_structural,0,0,,,,,,0.93324,0.856022,0.878446,0.8226,172590,210589,uncertain,uncertain_insufficient_evidence,0,0,0,0,0,0,uncertain_or_not_supervision_label
market_item.xlsx|茶马古道|seller_raw:/shop/396011||market_item.xlsx|茶马古道|seller_raw:/shop/455899,zh_target_strict,zh,valid,comp_00141,negative,text_clone_primary,1,1,,,,,,0.93047,0.898104,0.94818,0.367937,/shop/396011,/shop/455899,different_controller,template_clone_not_controller,1,1,0,1,0,0,feature_has_shared_description_clone|feature_shared_description_count|feature_shared_low_df_sentence_count|review_stratum:text_clone
market_item.xlsx|中文暗网交易市场|seller_raw:238529||market_item.xlsx|中文暗网交易市场|seller_raw:596705,zh_target_strict,zh,train,comp_00001,negative,semantic_structural,1,1,,,,,,0.903095,0.786246,0.907128,0.789358,238529,596705,different_controller,ordinary_negative,1,1,0,0,0,0,negative_without_hard_ambiguity
market_item.xlsx|茶马古道|seller_raw:/shop/2569||market_item.xlsx|茶马古道|seller_raw:/shop/609,zh_target_strict,zh,test,comp_00132,negative,semantic_only,1,1,,,,,,0.870012,0.795485,0.841142,0.475943,/shop/2569,/shop/609,different_controller,ordinary_negative,1,1,0,0,0,0,negative_without_hard_ambiguity
market_item.xlsx|茶马古道|seller_raw:/shop/445000||market_item.xlsx|茶马古道|seller_raw:/shop/445752,zh_target_strict,zh,uncertain_holdout,,uncertain,semantic_structural,0,0,,,,,,0.947,0.930743,0.969067,0.627886,/shop/445000,/shop/445752,uncertain,uncertain_insufficient_evidence,0,0,0,0,0,0,uncertain_or_not_supervision_label
market_item.xlsx|中文暗网交易市场|seller_raw:459538||market_item.xlsx|中文暗网交易市场|seller_raw:470183,zh_target_strict,zh,train,comp_00001,negative,semantic_structural,1,1,,,,,,0.883753,0.792582,0.891165,0.71165,459538,470183,different_controller,ordinary_negative,1,1,0,0,0,0,negative_without_hard_ambiguity
market_item.xlsx|中文暗网交易市场|seller_raw:593068||market_item.xlsx|茶马古道|seller_raw:/shop/442431,zh_target_strict,zh,valid,comp_00115,positive,semantic_only,1,1,,,,,,0.941499,0.926927,0.945352,0.498401,593068,/shop/442431,same_controller,same_controller_style_structural_soft,1,1,0,0,0,0,positive_without_direct_identifier
market_item.xlsx|茶马古道|seller_raw:/shop/442518||market_item.xlsx|茶马古道|seller_raw:/shop/451126,zh_target_strict,zh,train,comp_00170,negative,text_clone_primary,1,1,,,,,,0.969384,0.920194,0.970283,0.506017,/shop/442518,/shop/451126,different_controller,public_contact_or_url_noise,1,1,0,1,0,1,review_notes_public_or_non_seller_keyword
market_item.xlsx|茶马古道|seller_raw:/shop/434631||market_item.xlsx|茶马古道|seller_raw:/shop/458931,zh_target_strict,zh,uncertain_holdout,,uncertain,semantic_structural,0,0,,,,,,0.945716,0.861092,0.912993,0.551924,/shop/434631,/shop/458931,uncertain,uncertain_insufficient_evidence,0,0,0,0,0,0,uncertain_or_not_supervision_label
market_item.xlsx|中文暗网交易市场|seller_raw:56808||market_item.xlsx|中文暗网交易市场|seller_raw:99610,zh_target_strict,zh,train,comp_00001,negative,semantic_structural,1,1,,,,,,0.928196,0.880969,0.877985,0.544003,56808,99610,different_controller,ordinary_negative,1,1,0,0,0,0,negative_without_hard_ambiguity
market_item.xlsx|茶马古道|seller_raw:/shop/448451||market_item.xlsx|茶马古道|seller_raw:/shop/463435,zh_target_strict,zh,valid,comp_00212,negative,text_clone_primary,1,1,,,,,,0.954755,0.909985,0.975282,0.597279,/shop/448451,/shop/463435,different_controller,template_clone_not_controller,1,1,0,1,0,0,feature_has_shared_description_clone|feature_shared_description_count|feature_shared_low_df_sentence_count|review_stratum:text_clone
market_item.xlsx|中文暗网交易市场|seller_raw:640668||market_item.xlsx|茶马古道|seller_raw:/shop/228,zh_target_strict,zh,test,comp_00127,negative,semantic_only,1,1,,,,,,0.880403,0.785226,0.787891,0.431038,640668,/shop/228,different_controller,ordinary_negative,1,1,0,0,0,0,negative_without_hard_ambiguity
market_item.xlsx|茶马古道|seller_raw:/shop/448451||market_item.xlsx|茶马古道|seller_raw:/shop/468839,zh_target_strict,zh,valid,comp_00212,negative,text_clone_primary,1,1,,,,,,0.968078,0.909299,0.969177,0.418117,/shop/448451,/shop/468839,different_controller,template_clone_not_controller,1,1,0,1,0,0,feature_has_shared_description_clone|feature_shared_description_count|feature_shared_low_df_sentence_count|review_stratum:text_clone
market_item.xlsx|中文暗网交易市场|seller_raw:595227||market_item.xlsx|茶马古道|seller_raw:/shop/9636,zh_target_strict,zh,test,comp_00106,positive,semantic_only,1,1,,,,,,0.912065,0.892233,0.886528,0.432826,595227,/shop/9636,same_controller,same_controller_style_structural_soft,1,1,0,0,0,0,positive_without_direct_identifier
market_item.xlsx|中文暗网交易市场|seller_raw:526920||market_item.xlsx|中文暗网交易市场|seller_raw:548133,zh_target_strict,zh,train,comp_00001,negative,semantic_only,1,1,,,,,,0.909036,0.819263,0.896319,0.467485,526920,548133,different_controller,ordinary_negative,1,1,0,0,0,0,negative_without_hard_ambiguity
market_item.xlsx|茶马古道|seller_raw:/shop/415595||market_item.xlsx|茶马古道|seller_raw:/shop/422565,zh_target_strict,zh,uncertain_holdout,,uncertain,text_clone_primary,0,0,,,,,,0.922961,0.841183,0.898138,0.392754,/shop/415595,/shop/422565,uncertain,uncertain_insufficient_evidence,0,0,0,1,0,0,uncertain_or_not_supervision_label
market_item.xlsx|茶马古道|seller_raw:/shop/409483||market_item.xlsx|茶马古道|seller_raw:/shop/452221,zh_target_strict,zh,uncertain_holdout,,uncertain,semantic_structural,0,0,,,,,,0.94764,0.919525,0.914284,0.990225,/shop/409483,/shop/452221,uncertain,uncertain_insufficient_evidence,0,0,0,0,0,0,uncertain_or_not_supervision_label
market_item.xlsx|中文暗网交易市场|seller_raw:581623||market_item.xlsx|茶马古道|seller_raw:/shop/425704,zh_target_strict,zh,train,comp_00001,negative,text_clone_primary,1,1,,,,,,0.905761,0.839714,0.855565,0.259811,581623,/shop/425704,different_controller,template_clone_not_controller,1,1,0,1,0,0,feature_has_shared_description_clone|feature_has_shared_title_clone|feature_shared_description_count|feature_shared_low_df_sentence_count|feature_shared_rare_ngram_count|feature_shared_title_count|review_stratum:text_clone
market_item.xlsx|茶马古道|seller_raw:/shop/462494||market_item.xlsx|茶马古道|seller_raw:/shop/462498,zh_target_strict,zh,uncertain_holdout,,uncertain,semantic_structural,0,0,,,,,,0.969623,0.97541,0.967857,0.744424,/shop/462494,/shop/462498,uncertain,uncertain_insufficient_evidence,0,0,0,0,0,0,uncertain_or_not_supervision_label
market_item.xlsx|中文暗网交易市场|seller_raw:31252||market_item.xlsx|中文暗网交易市场|seller_raw:56808,zh_target_strict,zh,train,comp_00001,negative,semantic_structural,1,1,,,,,,0.929448,0.868032,0.87551,0.504615,31252,56808,different_controller,ordinary_negative,1,1,0,0,0,0,negative_without_hard_ambiguity
market_item.xlsx|中文暗网交易市场|seller_raw:606446||market_item.xlsx|茶马古道|seller_raw:/shop/446567,zh_target_strict,zh,uncertain_holdout,,uncertain,text_clone_primary,0,0,,,,,,0.902755,0.891508,0.934613,0.286338,606446,/shop/446567,uncertain,uncertain_insufficient_evidence,0,0,0,1,0,0,uncertain_or_not_supervision_label
market_item.xlsx|茶马古道|seller_raw:/shop/397085||market_item.xlsx|茶马古道|seller_raw:/shop/434275,zh_target_strict,zh,uncertain_holdout,,uncertain,semantic_structural,0,0,,,,,,0.919431,0.860661,0.891325,0.748666,/shop/397085,/shop/434275,uncertain,uncertain_insufficient_evidence,0,0,0,0,0,0,uncertain_or_not_supervision_label
market_item.xlsx|茶马古道|seller_raw:/shop/418985||market_item.xlsx|茶马古道|seller_raw:/shop/439702,zh_target_strict,zh,valid,comp_00173,negative,semantic_only,1,1,,,,,,0.862033,0.758496,0.742522,0.393195,/shop/418985,/shop/439702,different_controller,ordinary_negative,1,1,0,0,0,0,negative_without_hard_ambiguity
market_item.xlsx|中文暗网交易市场|seller_raw:395687||market_item.xlsx|中文暗网交易市场|seller_raw:430378,zh_target_strict,zh,uncertain_holdout,,uncertain,semantic_structural,0,0,,,,,,0.959755,0.913087,0.961822,0.599186,395687,430378,uncertain,uncertain_insufficient_evidence,0,0,0,0,0,0,uncertain_or_not_supervision_label
market_item.xlsx|中文暗网交易市场|seller_raw:596705||market_item.xlsx|中文暗网交易市场|seller_raw:68788,zh_target_strict,zh,train,comp_00001,negative,semantic_only,1,1,,,,,,0.930538,0.821763,0.889249,0.487339,596705,68788,different_controller,ordinary_negative,1,1,0,0,0,0,negative_without_hard_ambiguity
market_item.xlsx|中文暗网交易市场|seller_raw:581460||market_item.xlsx|茶马古道|seller_raw:/shop/425704,zh_target_strict,zh,train,comp_00001,negative,text_clone_primary,1,1,,,,,,0.871649,0.77493,0.852365,0.282362,581460,/shop/425704,different_controller,public_contact_or_url_noise,1,1,0,1,0,1,review_notes_public_or_non_seller_keyword
market_item.xlsx|中文暗网交易市场|seller_raw:536419||market_item.xlsx|茶马古道|seller_raw:/shop/397527,zh_target_strict,zh,train,comp_00095,negative,text_clone_primary,1,1,,,,,,0.908029,0.852271,0.96409,0.215844,536419,/shop/397527,different_controller,template_clone_not_controller,1,1,0,1,0,0,feature_has_shared_description_clone|feature_has_shared_title_clone|feature_shared_description_count|feature_shared_low_df_sentence_count|feature_shared_rare_ngram_count|feature_shared_title_count|review_stratum:text_clone
market_item.xlsx|茶马古道|seller_raw:/shop/7993||market_item.xlsx|茶马古道|seller_raw:/shop/8643,zh_target_strict,zh,uncertain_holdout,,uncertain,semantic_structural,0,0,,,,,,0.961551,0.947668,0.905303,0.620022,/shop/7993,/shop/8643,uncertain,uncertain_insufficient_evidence,0,0,0,0,0,0,uncertain_or_not_supervision_label
market_item.xlsx|茶马古道|seller_raw:/shop/460568||market_item.xlsx|茶马古道|seller_raw:/shop/468677,zh_target_strict,zh,uncertain_holdout,,uncertain,semantic_structural,0,0,,,,,,0.963193,0.900474,0.881886,0.506604,/shop/460568,/shop/468677,uncertain,uncertain_insufficient_evidence,0,0,0,0,0,0,uncertain_or_not_supervision_label
market_item.xlsx|茶马古道|seller_raw:/shop/407049||market_item.xlsx|茶马古道|seller_raw:/shop/462498,zh_target_strict,zh,valid,comp_00115,positive,semantic_only,1,1,,,,,,0.96151,0.965207,0.960152,0.493042,/shop/407049,/shop/462498,same_controller,same_controller_style_structural_soft,1,1,0,1,0,0,positive_without_direct_identifier
market_item.xlsx|茶马古道|seller_raw:/shop/456155||market_item.xlsx|茶马古道|seller_raw:/shop/457737,zh_target_strict,zh,test,comp_00164,negative,semantic_only,1,1,,,,,,0.934379,0.839258,0.919616,0.470331,/shop/456155,/shop/457737,different_controller,ordinary_negative,1,1,0,0,0,0,negative_without_hard_ambiguity
market_item.xlsx|中文暗网交易市场|seller_raw:448685||market_item.xlsx|茶马古道|seller_raw:/shop/393415,zh_target_strict,zh,train,comp_00066,negative,semantic_only,1,1,,,,,,0.901132,0.81046,0.87395,0.286994,448685,/shop/393415,different_controller,semantic_topic_not_controller,1,1,0,0,1,0,embedding_cosine_bge_m3>=0.8|embedding_cosine_gte_multilingual_base>=0.8|embedding_cosine_labse>=0.8|embedding_cosine_multilingual_e5_large>=0.8
market_item.xlsx|中文暗网交易市场|seller_raw:361068||market_item.xlsx|中文暗网交易市场|seller_raw:465763,zh_target_strict,zh,train,silver_train_comp_00153,positive,text_clone_primary,1,1,,,,,,0.956629,0.922405,0.96161,0.752859,361068,465763,same_controller,same_controller_component_anchor,1,1,0,1,0,0,review_notes_component_anchor_keyword
market_item.xlsx|中文暗网交易市场|seller_raw:507092||market_item.xlsx|中文暗网交易市场|seller_raw:588888,zh_target_strict,zh,valid,comp_00082,positive,semantic_only,1,1,,,,,,0.954037,0.898493,0.94555,0.439539,507092,588888,same_controller,same_controller_style_structural_soft,1,1,0,0,0,0,positive_without_direct_identifier
market_item.xlsx|茶马古道|seller_raw:/shop/394520||market_item.xlsx|茶马古道|seller_raw:/shop/396011,zh_target_strict,zh,valid,comp_00141,negative,text_clone_primary,1,1,,,,,,0.93555,0.911241,0.951227,0.719278,/shop/394520,/shop/396011,different_controller,template_clone_not_controller,1,1,0,1,0,0,feature_has_shared_description_clone|feature_shared_description_count|feature_shared_low_df_sentence_count|review_stratum:text_clone
market_item.xlsx|中文暗网交易市场|seller_raw:455638||market_item.xlsx|茶马古道|seller_raw:/shop/405334,zh_target_strict,zh,uncertain_holdout,,uncertain,semantic_only,0,0,,,,,,0.915687,0.888542,0.917586,0.262698,455638,/shop/405334,uncertain,uncertain_insufficient_evidence,0,0,0,0,1,0,uncertain_or_not_supervision_label
market_item.xlsx|中文暗网交易市场|seller_raw:549434||market_item.xlsx|茶马古道|seller_raw:/shop/403136,zh_target_strict,zh,test,comp_00101,negative,text_clone_primary,1,1,,,,,,0.919445,0.8419,0.866597,0.237671,549434,/shop/403136,different_controller,template_clone_not_controller,1,1,0,1,0,0,feature_has_shared_description_clone|feature_has_shared_title_clone|feature_shared_description_count|feature_shared_low_df_sentence_count|feature_shared_rare_ngram_count|feature_shared_title_count|review_stratum:text_clone
market_item.xlsx|中文暗网交易市场|seller_raw:560066||market_item.xlsx|中文暗网交易市场|seller_raw:596705,zh_target_strict,zh,train,comp_00001,negative,semantic_only,1,1,,,,,,0.924563,0.825461,0.898737,0.460885,560066,596705,different_controller,ordinary_negative,1,1,0,0,0,0,negative_without_hard_ambiguity
market_item.xlsx|中文暗网交易市场|seller_raw:529346||market_item.xlsx|茶马古道|seller_raw:/shop/397675,zh_target_strict,zh,train,silver_negative_train_comp_04079,negative,text_clone_primary,1,1,,,,,,0.920273,0.820216,0.916022,0.256682,529346,/shop/397675,different_controller,template_clone_not_controller,1,1,0,1,0,0,feature_has_shared_description_clone|feature_has_shared_title_clone|feature_shared_description_count|feature_shared_low_df_sentence_count|feature_shared_rare_ngram_count|feature_shared_title_count|review_stratum:text_clone
market_item.xlsx|中文暗网交易市场|seller_raw:536401||market_item.xlsx|茶马古道|seller_raw:/shop/402593,zh_target_strict,zh,uncertain_holdout,,uncertain,semantic_only,0,0,,,,,,0.937694,0.90579,0.957356,0.412948,536401,/shop/402593,uncertain,uncertain_insufficient_evidence,0,0,0,0,0,0,uncertain_or_not_supervision_label
market_item.xlsx|中文暗网交易市场|seller_raw:605665||market_item.xlsx|茶马古道|seller_raw:/shop/446583,zh_target_strict,zh,uncertain_holdout,,uncertain,text_clone_primary,0,0,,,,,,0.9148,0.837865,0.902432,0.265219,605665,/shop/446583,uncertain,uncertain_insufficient_evidence,0,0,0,1,0,0,uncertain_or_not_supervision_label
market_item.xlsx|中文暗网交易市场|seller_raw:436034||market_item.xlsx|中文暗网交易市场|seller_raw:52938,zh_target_strict,zh,test,comp_00031,negative,semantic_only,1,1,,,,,,0.923695,0.819571,0.885141,0.407906,436034,52938,different_controller,ordinary_negative,1,1,0,0,0,0,negative_without_hard_ambiguity
market_item.xlsx|中文暗网交易市场|seller_raw:541533||market_item.xlsx|茶马古道|seller_raw:/shop/399807,zh_target_strict,zh,train,silver_negative_train_comp_04095,negative,text_clone_primary,1,1,,,,,,0.911715,0.863617,0.924131,0.264268,541533,/shop/399807,different_controller,template_clone_not_controller,1,1,0,1,0,0,feature_has_shared_description_clone|feature_has_shared_title_clone|feature_shared_description_count|feature_shared_low_df_sentence_count|feature_shared_rare_ngram_count|feature_shared_title_count|review_stratum:text_clone
market_item.xlsx|中文暗网交易市场|seller_raw:561483||market_item.xlsx|茶马古道|seller_raw:/shop/406520,zh_target_strict,zh,valid,comp_00102,negative,text_clone_primary,1,1,,,,,,0.910054,0.892153,0.918434,0.254776,561483,/shop/406520,different_controller,template_clone_not_controller,1,1,0,1,0,0,feature_has_shared_description_clone|feature_has_shared_title_clone|feature_shared_description_count|feature_shared_low_df_sentence_count|feature_shared_rare_ngram_count|feature_shared_title_count|review_stratum:text_clone
market_item.xlsx|中文暗网交易市场|seller_raw:415649||market_item.xlsx|茶马古道|seller_raw:/shop/441122,zh_target_strict,zh,test,comp_00055,negative,text_clone_primary,1,1,,,,,,0.940433,0.922211,0.971558,0.27415,415649,/shop/441122,different_controller,public_contact_or_url_noise,1,1,0,1,0,1,review_notes_public_or_non_seller_keyword
market_item.xlsx|中文暗网交易市场|seller_raw:554409||market_item.xlsx|中文暗网交易市场|seller_raw:565148,zh_target_strict,zh,train,comp_00001,negative,semantic_only,1,1,,,,,,0.92079,0.793957,0.877011,0.417001,554409,565148,different_controller,ordinary_negative,1,1,0,0,0,0,negative_without_hard_ambiguity
market_item.xlsx|中文暗网交易市场|seller_raw:596097||market_item.xlsx|中文暗网交易市场|seller_raw:605879,zh_target_strict,zh,train,silver_train_comp_00146,positive,semantic_structural,1,1,,,,,,0.937047,0.899231,0.973546,0.916394,596097,605879,same_controller,same_controller_component_anchor,1,1,0,0,0,0,review_notes_component_anchor_keyword
market_item.xlsx|茶马古道|seller_raw:/shop/444945||market_item.xlsx|茶马古道|seller_raw:/shop/8633,zh_target_strict,zh,test,comp_00209,negative,semantic_only,1,1,,,,,,0.929577,0.854641,0.856921,0.348999,/shop/444945,/shop/8633,different_controller,semantic_topic_not_controller,1,1,0,0,1,0,embedding_cosine_bge_m3>=0.8|embedding_cosine_gte_multilingual_base>=0.8|embedding_cosine_labse>=0.8|embedding_cosine_multilingual_e5_large>=0.8
market_item.xlsx|茶马古道|seller_raw:/shop/447283||market_item.xlsx|茶马古道|seller_raw:/shop/453229,zh_target_strict,zh,uncertain_holdout,,uncertain,text_clone_primary,0,0,,,,,,0.962646,0.940034,0.949033,0.706945,/shop/447283,/shop/453229,uncertain,uncertain_insufficient_evidence,0,0,0,1,0,0,uncertain_or_not_supervision_label
market_item.xlsx|中文暗网交易市场|seller_raw:517171||market_item.xlsx|中文暗网交易市场|seller_raw:546735,zh_target_strict,zh,uncertain_holdout,,uncertain,text_clone_primary,0,0,,,,,,0.936033,0.877134,0.919758,0.61324,517171,546735,uncertain,uncertain_insufficient_evidence,0,0,0,1,0,0,uncertain_or_not_supervision_label
market_item.xlsx|茶马古道|seller_raw:/shop/411660||market_item.xlsx|茶马古道|seller_raw:/shop/427466,zh_target_strict,zh,test,comp_00163,negative,semantic_only,1,1,,,,,,0.919513,0.870181,0.837839,0.418984,/shop/411660,/shop/427466,different_controller,ordinary_negative,1,1,0,0,0,0,negative_without_hard_ambiguity
market_item.xlsx|中文暗网交易市场|seller_raw:506844||market_item.xlsx|中文暗网交易市场|seller_raw:563186,zh_target_strict,zh,train,silver_relaxed_train_comp_04066,positive,text_clone_primary,1,1,,,,,,0.967001,0.932364,0.969442,0.585674,506844,563186,same_controller,same_controller_style_structural_soft,1,1,0,1,0,0,positive_without_direct_identifier
market_item.xlsx|茶马古道|seller_raw:/shop/405657||market_item.xlsx|茶马古道|seller_raw:/shop/412039,zh_target_strict,zh,train,silver_relaxed_train_comp_04068,positive,text_clone_primary,1,1,,,,,,0.944997,0.881786,0.924147,0.564368,/shop/405657,/shop/412039,same_controller,same_controller_style_structural_soft,1,1,0,1,0,0,positive_without_direct_identifier
market_item.xlsx|茶马古道|seller_raw:/shop/443886||market_item.xlsx|茶马古道|seller_raw:/shop/827,zh_target_strict,zh,uncertain_holdout,,uncertain,semantic_structural,0,0,,,,,,0.96016,0.927889,0.928567,0.991148,/shop/443886,/shop/827,uncertain,uncertain_insufficient_evidence,0,0,0,0,0,0,uncertain_or_not_supervision_label
market_item.xlsx|中文暗网交易市场|seller_raw:537107||market_item.xlsx|茶马古道|seller_raw:/shop/397078,zh_target_strict,zh,uncertain_holdout,,uncertain,semantic_only,0,0,,,,,,0.879016,0.831028,0.917341,0.278491,537107,/shop/397078,uncertain,uncertain_insufficient_evidence,0,0,0,1,1,0,uncertain_or_not_supervision_label
market_item.xlsx|茶马古道|seller_raw:/shop/461297||market_item.xlsx|茶马古道|seller_raw:/shop/464737,zh_target_strict,zh,uncertain_holdout,,uncertain,text_clone_primary,0,0,,,,,,0.931853,0.871731,0.927668,0.554175,/shop/461297,/shop/464737,uncertain,uncertain_insufficient_evidence,0,0,0,1,0,0,uncertain_or_not_supervision_label
market_item.xlsx|茶马古道|seller_raw:/shop/454877||market_item.xlsx|茶马古道|seller_raw:/shop/455056,zh_target_strict,zh,uncertain_holdout,,uncertain,semantic_structural,0,0,,,,,,0.963569,0.97308,0.939258,0.805,/shop/454877,/shop/455056,uncertain,uncertain_insufficient_evidence,0,0,0,0,0,0,uncertain_or_not_supervision_label
market_item.xlsx|中文暗网交易市场|seller_raw:443620||market_item.xlsx|中文暗网交易市场|seller_raw:565911,zh_target_strict,zh,train,silver_train_comp_00151,positive,semantic_only,1,1,,,,,,0.935439,0.871356,0.915592,0.459042,443620,565911,same_controller,same_controller_component_anchor,1,1,0,0,0,0,review_notes_component_anchor_keyword
market_item.xlsx|中文暗网交易市场|seller_raw:564088||market_item.xlsx|中文暗网交易市场|seller_raw:595227,zh_target_strict,zh,audit_only,,positive,semantic_structural,0,0,,,,,,0.931126,0.909905,0.901122,0.750092,564088,595227,same_controller,same_controller_component_anchor,1,0,0,1,0,0,review_notes_component_anchor_keyword
market_item.xlsx|茶马古道|seller_raw:/shop/414641||market_item.xlsx|茶马古道|seller_raw:/shop/420427,zh_target_strict,zh,test,comp_00168,negative,semantic_only,1,1,,,,,,0.959429,0.900715,0.911339,0.323091,/shop/414641,/shop/420427,different_controller,semantic_topic_not_controller,1,1,0,0,1,0,embedding_cosine_bge_m3>=0.8|embedding_cosine_gte_multilingual_base>=0.8|embedding_cosine_labse>=0.8|embedding_cosine_multilingual_e5_large>=0.8
market_item.xlsx|茶马古道|seller_raw:/shop/418985||market_item.xlsx|茶马古道|seller_raw:/shop/423102,zh_target_strict,zh,valid,comp_00173,negative,semantic_only,1,1,,,,,,0.898502,0.836271,0.805887,0.291667,/shop/418985,/shop/423102,different_controller,semantic_topic_not_controller,1,1,0,0,1,0,embedding_cosine_bge_m3>=0.8|embedding_cosine_gte_multilingual_base>=0.8|embedding_cosine_labse>=0.8|embedding_cosine_multilingual_e5_large>=0.8
market_item.xlsx|中文暗网交易市场|seller_raw:11929||market_item.xlsx|茶马古道|seller_raw:/shop/465096,zh_target_strict,zh,train,comp_00003,negative,semantic_only,1,1,,,,,,0.872204,0.779126,0.843971,0.325215,11929,/shop/465096,different_controller,semantic_topic_not_controller,1,1,0,0,1,0,embedding_cosine_gte_multilingual_base>=0.8|embedding_cosine_labse>=0.8|embedding_cosine_multilingual_e5_large>=0.8
market_item.xlsx|茶马古道|seller_raw:/shop/427472||market_item.xlsx|茶马古道|seller_raw:/shop/707,zh_target_strict,zh,uncertain_holdout,,uncertain,semantic_structural,0,0,,,,,,0.933649,0.896659,0.842695,0.738083,/shop/427472,/shop/707,uncertain,uncertain_insufficient_evidence,0,0,0,0,0,0,uncertain_or_not_supervision_label
market_item.xlsx|中文暗网交易市场|seller_raw:375149||market_item.xlsx|中文暗网交易市场|seller_raw:506844,zh_target_strict,zh,train,silver_relaxed_train_comp_04058,positive,text_clone_primary,1,1,,,,,,0.950862,0.890275,0.950944,0.584886,375149,506844,same_controller,same_controller_style_structural_soft,1,1,0,1,0,0,positive_without_direct_identifier
market_item.xlsx|茶马古道|seller_raw:/shop/419972||market_item.xlsx|茶马古道|seller_raw:/shop/454105,zh_target_strict,zh,uncertain_holdout,,uncertain,text_clone_primary,0,0,,,,,,0.922968,0.863238,0.941494,0.537731,/shop/419972,/shop/454105,uncertain,uncertain_insufficient_evidence,0,0,0,1,0,0,uncertain_or_not_supervision_label
market_item.xlsx|茶马古道|seller_raw:/shop/452596||market_item.xlsx|茶马古道|seller_raw:/shop/463004,zh_target_strict,zh,uncertain_holdout,,uncertain,text_clone_primary,0,0,,,,,,0.918366,0.873588,0.887484,0.536345,/shop/452596,/shop/463004,uncertain,uncertain_insufficient_evidence,0,0,0,1,0,1,uncertain_or_not_supervision_label
market_item.xlsx|茶马古道|seller_raw:/shop/5741||market_item.xlsx|茶马古道|seller_raw:/shop/8643,zh_target_strict,zh,uncertain_holdout,,uncertain,semantic_structural,0,0,,,,,,0.931256,0.86999,0.866602,0.990208,/shop/5741,/shop/8643,uncertain,uncertain_insufficient_evidence,0,0,0,0,0,0,uncertain_or_not_supervision_label
market_item.xlsx|中文暗网交易市场|seller_raw:199643||market_item.xlsx|中文暗网交易市场|seller_raw:46893,zh_target_strict,zh,train,silver_relaxed_train_comp_04070,positive,text_clone_primary,1,1,,,,,,0.924964,0.900752,0.931422,0.628323,199643,46893,same_controller,same_controller_style_structural_soft,1,1,0,1,0,0,positive_without_direct_identifier
market_item.xlsx|中文暗网交易市场|seller_raw:470183||market_item.xlsx|中文暗网交易市场|seller_raw:554409,zh_target_strict,zh,train,comp_00001,negative,semantic_only,1,1,,,,,,0.921856,0.761958,0.882299,0.427019,470183,554409,different_controller,ordinary_negative,1,1,0,0,0,0,negative_without_hard_ambiguity
market_item.xlsx|中文暗网交易市场|seller_raw:331162||market_item.xlsx|中文暗网交易市场|seller_raw:375149,zh_target_strict,zh,uncertain_holdout,,uncertain,text_clone_primary,0,0,,,,,,0.962793,0.925932,0.952142,0.992178,331162,375149,uncertain,uncertain_insufficient_evidence,0,0,0,1,0,1,uncertain_or_not_supervision_label
market_item.xlsx|茶马古道|seller_raw:/shop/394520||market_item.xlsx|茶马古道|seller_raw:/shop/455899,zh_target_strict,zh,valid,comp_00141,negative,text_clone_primary,1,1,,,,,,0.935438,0.865086,0.955422,0.4628,/shop/394520,/shop/455899,different_controller,template_clone_not_controller,1,1,0,1,0,0,feature_has_shared_description_clone|feature_shared_description_count|feature_shared_low_df_sentence_count|review_stratum:text_clone
market_item.xlsx|中文暗网交易市场|seller_raw:528850||market_item.xlsx|中文暗网交易市场|seller_raw:563186,zh_target_strict,zh,uncertain_holdout,,uncertain,text_clone_primary,0,0,,,,,,0.952257,0.919767,0.959501,0.550012,528850,563186,uncertain,uncertain_insufficient_evidence,0,0,0,1,0,1,uncertain_or_not_supervision_label
market_item.xlsx|中文暗网交易市场|seller_raw:18936||market_item.xlsx|中文暗网交易市场|seller_raw:24304,zh_target_strict,zh,test,comp_00016,negative,semantic_only,1,1,,,,,,0.901189,0.789678,0.793209,0.341199,18936,24304,different_controller,semantic_topic_not_controller,1,1,0,0,1,0,embedding_cosine_gte_multilingual_base>=0.8|embedding_cosine_multilingual_e5_large>=0.8
market_item.xlsx|中文暗网交易市场|seller_raw:457175||market_item.xlsx|茶马古道|seller_raw:/shop/462498,zh_target_strict,zh,uncertain_holdout,,uncertain,text_clone_primary,0,0,,,,,,0.952605,0.929883,0.969024,0.497785,457175,/shop/462498,uncertain,uncertain_insufficient_evidence,0,0,0,1,0,0,uncertain_or_not_supervision_label
market_item.xlsx|茶马古道|seller_raw:/shop/394520||market_item.xlsx|茶马古道|seller_raw:/shop/422413,zh_target_strict,zh,valid,comp_00141,negative,text_clone_primary,1,1,,,,,,0.937293,0.902677,0.94498,0.891231,/shop/394520,/shop/422413,different_controller,template_clone_not_controller,1,1,0,1,0,0,feature_has_shared_description_clone|feature_shared_description_count|feature_shared_low_df_sentence_count|review_stratum:text_clone
market_item.xlsx|中文暗网交易市场|seller_raw:505805||market_item.xlsx|中文暗网交易市场|seller_raw:533980,zh_target_strict,zh,train,comp_00080,negative,semantic_only,1,1,,,,,,0.909653,0.768932,0.784523,0.4375,505805,533980,different_controller,ordinary_negative,1,1,0,0,0,0,negative_without_hard_ambiguity
market_item.xlsx|茶马古道|seller_raw:/shop/407049||market_item.xlsx|茶马古道|seller_raw:/shop/444654,zh_target_strict,zh,valid,comp_00115,positive,semantic_only,1,1,,,,,,0.966153,0.957913,0.959388,0.494234,/shop/407049,/shop/444654,same_controller,same_controller_style_structural_soft,1,1,0,1,0,0,positive_without_direct_identifier
market_item.xlsx|中文暗网交易市场|seller_raw:569984||market_item.xlsx|茶马古道|seller_raw:/shop/415595,zh_target_strict,zh,uncertain_holdout,,uncertain,text_clone_primary,0,0,,,,,,0.886254,0.791889,0.88733,0.41723,569984,/shop/415595,uncertain,uncertain_insufficient_evidence,0,0,0,1,0,0,uncertain_or_not_supervision_label
market_item.xlsx|茶马古道|seller_raw:/shop/427472||market_item.xlsx|茶马古道|seller_raw:/shop/427474,zh_target_strict,zh,uncertain_holdout,,uncertain,semantic_structural,0,0,,,,,,0.96487,0.949562,0.953765,0.846789,/shop/427472,/shop/427474,uncertain,uncertain_insufficient_evidence,0,0,0,0,0,0,uncertain_or_not_supervision_label
market_item.xlsx|茶马古道|seller_raw:/shop/396011||market_item.xlsx|茶马古道|seller_raw:/shop/416838,zh_target_strict,zh,valid,comp_00141,negative,text_clone_primary,1,1,,,,,,0.949024,0.939954,0.948174,0.676117,/shop/396011,/shop/416838,different_controller,template_clone_not_controller,1,1,0,1,0,0,feature_has_shared_description_clone|feature_shared_description_count|feature_shared_low_df_sentence_count|review_stratum:text_clone
market_item.xlsx|中文暗网交易市场|seller_raw:39516||market_item.xlsx|中文暗网交易市场|seller_raw:64954,zh_target_strict,zh,train,comp_00052,positive,semantic_only,1,1,,,,,,0.92885,0.85764,0.90213,0.312858,39516,64954,same_controller,same_controller_style_structural_soft,1,1,0,0,1,0,positive_without_direct_identifier
market_item.xlsx|中文暗网交易市场|seller_raw:554409||market_item.xlsx|中文暗网交易市场|seller_raw:591680,zh_target_strict,zh,train,comp_00001,negative,semantic_only,1,1,,,,,,0.929559,0.787068,0.870793,0.417001,554409,591680,different_controller,ordinary_negative,1,1,0,0,0,0,negative_without_hard_ambiguity
market_item.xlsx|茶马古道|seller_raw:/shop/406567||market_item.xlsx|茶马古道|seller_raw:/shop/470307,zh_target_strict,zh,uncertain_holdout,,uncertain,semantic_structural,0,0,,,,,,0.917437,0.835194,0.942695,1.0,/shop/406567,/shop/470307,uncertain,uncertain_insufficient_evidence,0,0,0,0,0,0,uncertain_or_not_supervision_label
market_item.xlsx|茶马古道|seller_raw:/shop/394618||market_item.xlsx|茶马古道|seller_raw:/shop/429331,zh_target_strict,zh,test,comp_00142,negative,semantic_only,1,1,,,,,,0.921322,0.871914,0.868604,0.459969,/shop/394618,/shop/429331,different_controller,ordinary_negative,1,1,0,0,0,0,negative_without_hard_ambiguity
market_item.xlsx|茶马古道|seller_raw:/shop/412771||market_item.xlsx|茶马古道|seller_raw:/shop/441616,zh_target_strict,zh,uncertain_holdout,,uncertain,text_clone_primary,0,0,,,,,,0.902935,0.830313,0.912201,0.599275,/shop/412771,/shop/441616,uncertain,uncertain_insufficient_evidence,0,0,0,1,0,0,uncertain_or_not_supervision_label
market_item.xlsx|中文暗网交易市场|seller_raw:187565||market_item.xlsx|中文暗网交易市场|seller_raw:434839,zh_target_strict,zh,valid,comp_00014,positive,semantic_only,1,1,,,,,,0.944532,0.908848,0.944746,0.484866,187565,434839,same_controller,same_controller_style_structural_soft,1,1,0,0,0,0,positive_without_direct_identifier
market_item.xlsx|中文暗网交易市场|seller_raw:56216||market_item.xlsx|茶马古道|seller_raw:/shop/530,zh_target_strict,zh,test,comp_00104,negative,semantic_only,1,1,,,,,,0.884236,0.81321,0.851745,0.446939,56216,/shop/530,different_controller,ordinary_negative,1,1,0,0,0,0,negative_without_hard_ambiguity
market_item.xlsx|中文暗网交易市场|seller_raw:354172||market_item.xlsx|中文暗网交易市场|seller_raw:375149,zh_target_strict,zh,uncertain_holdout,,uncertain,text_clone_primary,0,0,,,,,,0.955211,0.91376,0.945363,0.68284,354172,375149,uncertain,uncertain_insufficient_evidence,0,0,0,1,0,1,uncertain_or_not_supervision_label
market_item.xlsx|中文暗网交易市场|seller_raw:634642||market_item.xlsx|茶马古道|seller_raw:/shop/399905,zh_target_strict,zh,uncertain_holdout,,uncertain,text_clone_primary,0,0,,,,,,0.926945,0.875847,0.937971,0.374319,634642,/shop/399905,uncertain,uncertain_insufficient_evidence,0,0,0,1,0,1,uncertain_or_not_supervision_label
market_item.xlsx|中文暗网交易市场|seller_raw:429083||market_item.xlsx|中文暗网交易市场|seller_raw:499990,zh_target_strict,zh,uncertain_holdout,,uncertain,text_clone_primary,0,0,,,,,,0.887778,0.839863,0.854367,0.724128,429083,499990,uncertain,uncertain_insufficient_evidence,0,0,0,1,0,0,uncertain_or_not_supervision_label
market_item.xlsx|中文暗网交易市场|seller_raw:238529||market_item.xlsx|茶马古道|seller_raw:/shop/441156,zh_target_strict,zh,train,comp_00001,negative,semantic_only,1,1,,,,,,0.895714,0.823619,0.884531,0.432416,238529,/shop/441156,different_controller,ordinary_negative,1,1,0,0,0,0,negative_without_hard_ambiguity
market_item.xlsx|中文暗网交易市场|seller_raw:245475||market_item.xlsx|中文暗网交易市场|seller_raw:457115,zh_target_strict,zh,uncertain_holdout,,uncertain,text_clone_primary,0,0,,,,,,0.916791,0.907159,0.914106,0.766154,245475,457115,uncertain,uncertain_insufficient_evidence,0,0,0,1,0,0,uncertain_or_not_supervision_label
market_item.xlsx|中文暗网交易市场|seller_raw:54503||market_item.xlsx|中文暗网交易市场|seller_raw:576252,zh_target_strict,zh,train,comp_00001,negative,semantic_only,1,1,,,,,,0.939175,0.866542,0.873421,0.483825,54503,576252,different_controller,ordinary_negative,1,1,0,0,0,0,negative_without_hard_ambiguity
market_item.xlsx|中文暗网交易市场|seller_raw:605194||market_item.xlsx|茶马古道|seller_raw:/shop/463911,zh_target_strict,zh,valid,comp_00046,negative,semantic_only,1,1,,,,,,0.889539,0.856858,0.868983,0.468786,605194,/shop/463911,different_controller,ordinary_negative,1,1,0,0,0,0,negative_without_hard_ambiguity
market_item.xlsx|中文暗网交易市场|seller_raw:415649||market_item.xlsx|茶马古道|seller_raw:/shop/427108,zh_target_strict,zh,test,comp_00055,negative,text_clone_primary,1,1,,,,,,0.928422,0.889194,0.923338,0.329641,415649,/shop/427108,different_controller,public_contact_or_url_noise,1,1,0,1,0,1,review_notes_public_or_non_seller_keyword
market_item.xlsx|茶马古道|seller_raw:/shop/445120||market_item.xlsx|茶马古道|seller_raw:/shop/447167,zh_target_strict,zh,valid,comp_00157,negative,semantic_structural,1,1,,,,,,0.953502,0.861466,0.79728,0.526232,/shop/445120,/shop/447167,different_controller,ordinary_negative,1,1,0,0,0,0,negative_without_hard_ambiguity
market_item.xlsx|茶马古道|seller_raw:/shop/403489||market_item.xlsx|茶马古道|seller_raw:/shop/459141,zh_target_strict,zh,uncertain_holdout,,uncertain,semantic_structural,0,0,,,,,,0.96925,0.955464,0.964433,0.741817,/shop/403489,/shop/459141,uncertain,uncertain_insufficient_evidence,0,0,0,0,0,0,uncertain_or_not_supervision_label
market_item.xlsx|茶马古道|seller_raw:/shop/441020||market_item.xlsx|茶马古道|seller_raw:/shop/451007,zh_target_strict,zh,test,comp_00205,negative,semantic_only,1,1,,,,,,0.912645,0.851943,0.832671,0.446289,/shop/441020,/shop/451007,different_controller,ordinary_negative,1,1,0,0,0,0,negative_without_hard_ambiguity
market_item.xlsx|茶马古道|seller_raw:/shop/427282||market_item.xlsx|茶马古道|seller_raw:/shop/436862,zh_target_strict,zh,train,comp_00001,negative,semantic_structural,1,1,,,,,,0.894643,0.756472,0.788224,0.547823,/shop/427282,/shop/436862,different_controller,ordinary_negative,1,1,0,0,0,0,negative_without_hard_ambiguity
market_item.xlsx|中文暗网交易市场|seller_raw:161115||market_item.xlsx|茶马古道|seller_raw:/shop/405740,zh_target_strict,zh,train,comp_00008,negative,text_clone_primary,1,1,,,,,,0.885786,0.771536,0.911385,0.302319,161115,/shop/405740,different_controller,template_clone_not_controller,1,1,0,1,0,0,feature_has_shared_description_clone|feature_has_shared_title_clone|feature_shared_description_count|feature_shared_low_df_sentence_count|feature_shared_rare_ngram_count|feature_shared_title_count|review_stratum:text_clone
market_item.xlsx|中文暗网交易市场|seller_raw:59293||market_item.xlsx|茶马古道|seller_raw:/shop/467746,zh_target_strict,zh,test,comp_00114,negative,semantic_only,1,1,,,,,,0.898771,0.790472,0.89507,0.221322,59293,/shop/467746,different_controller,semantic_topic_not_controller,1,1,0,0,1,0,embedding_cosine_gte_multilingual_base>=0.8|embedding_cosine_labse>=0.8|embedding_cosine_multilingual_e5_large>=0.8
market_item.xlsx|茶马古道|seller_raw:/shop/396011||market_item.xlsx|茶马古道|seller_raw:/shop/422413,zh_target_strict,zh,uncertain_holdout,,uncertain,text_clone_primary,0,0,,,,,,0.931758,0.906187,0.947904,0.65252,/shop/396011,/shop/422413,uncertain,uncertain_insufficient_evidence,0,0,0,1,0,0,uncertain_or_not_supervision_label
market_item.xlsx|茶马古道|seller_raw:/shop/394520||market_item.xlsx|茶马古道|seller_raw:/shop/416838,zh_target_strict,zh,valid,comp_00141,negative,text_clone_primary,1,1,,,,,,0.939214,0.898009,0.917232,0.676932,/shop/394520,/shop/416838,different_controller,template_clone_not_controller,1,1,0,1,0,0,feature_has_shared_description_clone|feature_shared_description_count|feature_shared_low_df_sentence_count|review_stratum:text_clone
market_item.xlsx|中文暗网交易市场|seller_raw:39215||market_item.xlsx|中文暗网交易市场|seller_raw:526920,zh_target_strict,zh,train,comp_00001,negative,semantic_structural,1,1,,,,,,0.89943,0.808017,0.871669,0.631974,39215,526920,different_controller,ordinary_negative,1,1,0,0,0,0,negative_without_hard_ambiguity
market_item.xlsx|茶马古道|seller_raw:/shop/441741||market_item.xlsx|茶马古道|seller_raw:/shop/458166,zh_target_strict,zh,test,comp_00149,negative,semantic_structural,1,1,,,,,,0.926463,0.86927,0.832677,0.661918,/shop/441741,/shop/458166,different_controller,ordinary_negative,1,1,0,0,0,0,negative_without_hard_ambiguity
market_item.xlsx|中文暗网交易市场|seller_raw:238529||market_item.xlsx|中文暗网交易市场|seller_raw:596616,zh_target_strict,zh,train,comp_00001,negative,semantic_structural,1,1,,,,,,0.907151,0.840993,0.891395,0.761065,238529,596616,different_controller,ordinary_negative,1,1,0,0,0,0,negative_without_hard_ambiguity
market_item.xlsx|中文暗网交易市场|seller_raw:605880||market_item.xlsx|茶马古道|seller_raw:/shop/453275,zh_target_strict,zh,uncertain_holdout,,uncertain,text_clone_primary,0,0,,,,,,0.900256,0.861641,0.885248,0.286811,605880,/shop/453275,uncertain,uncertain_insufficient_evidence,0,0,0,1,0,0,uncertain_or_not_supervision_label
market_item.xlsx|中文暗网交易市场|seller_raw:182512||market_item.xlsx|中文暗网交易市场|seller_raw:455328,zh_target_strict,zh,uncertain_holdout,,uncertain,text_clone_primary,0,0,,,,,,0.909282,0.842888,0.852653,0.555377,182512,455328,uncertain,uncertain_insufficient_evidence,0,0,0,1,0,0,uncertain_or_not_supervision_label
market_item.xlsx|中文暗网交易市场|seller_raw:32875||market_item.xlsx|中文暗网交易市场|seller_raw:35465,zh_target_strict,zh,test,comp_00036,negative,semantic_only,1,1,,,,,,0.886725,0.762577,0.829099,0.244256,32875,35465,different_controller,semantic_topic_not_controller,1,1,0,0,1,0,embedding_cosine_gte_multilingual_base>=0.8|embedding_cosine_labse>=0.8|embedding_cosine_multilingual_e5_large>=0.8
market_item.xlsx|茶马古道|seller_raw:/shop/438208||market_item.xlsx|茶马古道|seller_raw:/shop/458166,zh_target_strict,zh,test,comp_00149,negative,semantic_only,1,1,,,,,,0.926372,0.849119,0.857123,0.435892,/shop/438208,/shop/458166,different_controller,ordinary_negative,1,1,0,0,0,0,negative_without_hard_ambiguity
market_item.xlsx|中文暗网交易市场|seller_raw:605879||market_item.xlsx|中文暗网交易市场|seller_raw:606388,zh_target_strict,zh,train,silver_train_comp_00150,positive,semantic_structural,1,1,,,,,,0.953017,0.932452,0.979666,0.85357,605879,606388,same_controller,same_controller_component_anchor,1,1,0,0,0,0,review_notes_component_anchor_keyword
market_item.xlsx|中文暗网交易市场|seller_raw:31478||market_item.xlsx|茶马古道|seller_raw:/shop/9033,zh_target_strict,zh,valid,comp_00035,negative,semantic_only,1,1,,,,,,0.875282,0.807038,0.803006,0.35502,31478,/shop/9033,different_controller,ordinary_negative,1,1,0,0,0,0,negative_without_hard_ambiguity
market_item.xlsx|茶马古道|seller_raw:/shop/459141||market_item.xlsx|茶马古道|seller_raw:/shop/462498,zh_target_strict,zh,uncertain_holdout,,uncertain,semantic_structural,0,0,,,,,,0.971853,0.97244,0.952753,0.741225,/shop/459141,/shop/462498,uncertain,uncertain_insufficient_evidence,0,0,0,0,0,0,uncertain_or_not_supervision_label
market_item.xlsx|茶马古道|seller_raw:/shop/423213||market_item.xlsx|茶马古道|seller_raw:/shop/457998,zh_target_strict,zh,uncertain_holdout,,uncertain,text_clone_primary,0,0,,,,,,0.944487,0.894891,0.935494,0.602078,/shop/423213,/shop/457998,uncertain,uncertain_insufficient_evidence,0,0,0,1,0,0,uncertain_or_not_supervision_label
market_item.xlsx|中文暗网交易市场|seller_raw:540313||market_item.xlsx|茶马古道|seller_raw:/shop/434041,zh_target_strict,zh,valid,comp_00097,positive,semantic_only,1,1,,,,,,0.925091,0.875048,0.960254,0.258245,540313,/shop/434041,same_controller,same_controller_style_structural_soft,1,1,0,0,1,0,positive_without_direct_identifier
market_item.xlsx|中文暗网交易市场|seller_raw:238529||market_item.xlsx|中文暗网交易市场|seller_raw:550208,zh_target_strict,zh,train,comp_00001,negative,semantic_only,1,1,,,,,,0.923581,0.803857,0.913101,0.398598,238529,550208,different_controller,ordinary_negative,1,1,0,0,0,0,negative_without_hard_ambiguity
market_item.xlsx|中文暗网交易市场|seller_raw:31478||market_item.xlsx|茶马古道|seller_raw:/shop/426270,zh_target_strict,zh,valid,comp_00035,negative,semantic_only,1,1,,,,,,0.899717,0.817711,0.749009,0.308961,31478,/shop/426270,different_controller,semantic_topic_not_controller,1,1,0,0,1,0,embedding_cosine_bge_m3>=0.8|embedding_cosine_gte_multilingual_base>=0.8|embedding_cosine_multilingual_e5_large>=0.8
market_item.xlsx|中文暗网交易市场|seller_raw:39215||market_item.xlsx|中文暗网交易市场|seller_raw:51690,zh_target_strict,zh,train,comp_00001,negative,semantic_only,1,1,,,,,,0.887994,0.772037,0.82917,0.296895,39215,51690,different_controller,semantic_topic_not_controller,1,1,0,0,1,0,embedding_cosine_gte_multilingual_base>=0.8|embedding_cosine_labse>=0.8|embedding_cosine_multilingual_e5_large>=0.8
market_item.xlsx|中文暗网交易市场|seller_raw:149940||market_item.xlsx|中文暗网交易市场|seller_raw:596096,zh_target_strict,zh,train,silver_train_comp_00159,positive,semantic_structural,1,1,,,,,,0.920877,0.84697,0.9532,0.751636,149940,596096,same_controller,same_controller_component_anchor,1,1,0,0,0,0,review_notes_component_anchor_keyword
market_item.xlsx|中文暗网交易市场|seller_raw:555223||market_item.xlsx|茶马古道|seller_raw:/shop/406520,zh_target_strict,zh,valid,comp_00102,negative,text_clone_primary,1,1,,,,,,0.894265,0.837291,0.92236,0.245773,555223,/shop/406520,different_controller,template_clone_not_controller,1,1,0,1,0,0,feature_has_shared_description_clone|feature_has_shared_title_clone|feature_shared_description_count|feature_shared_low_df_sentence_count|feature_shared_rare_ngram_count|feature_shared_title_count|review_stratum:text_clone
market_item.xlsx|中文暗网交易市场|seller_raw:506844||market_item.xlsx|中文暗网交易市场|seller_raw:528850,zh_target_strict,zh,uncertain_holdout,,uncertain,text_clone_primary,0,0,,,,,,0.958477,0.915106,0.944417,0.78378,506844,528850,uncertain,uncertain_insufficient_evidence,0,0,0,1,0,1,uncertain_or_not_supervision_label
market_item.xlsx|茶马古道|seller_raw:/shop/440178||market_item.xlsx|茶马古道|seller_raw:/shop/441616,zh_target_strict,zh,test,comp_00203,negative,text_clone_primary,1,1,,,,,,0.873149,0.779525,0.892046,0.524127,/shop/440178,/shop/441616,different_controller,template_clone_not_controller,1,1,0,1,0,0,feature_has_shared_description_clone|feature_shared_description_count|feature_shared_low_df_sentence_count|review_stratum:text_clone
market_item.xlsx|茶马古道|seller_raw:/shop/416838||market_item.xlsx|茶马古道|seller_raw:/shop/422413,zh_target_strict,zh,valid,comp_00141,negative,text_clone_primary,1,1,,,,,,0.932051,0.898774,0.91339,0.783729,/shop/416838,/shop/422413,different_controller,template_clone_not_controller,1,1,0,1,0,0,feature_has_shared_description_clone|feature_shared_description_count|feature_shared_low_df_sentence_count|review_stratum:text_clone
market_item.xlsx|茶马古道|seller_raw:/shop/444654||market_item.xlsx|茶马古道|seller_raw:/shop/454420,zh_target_strict,zh,valid,comp_00115,negative,text_clone_primary,1,1,,,,,,0.943734,0.935719,0.959278,0.495571,/shop/444654,/shop/454420,different_controller,template_clone_not_controller,1,1,0,1,0,0,feature_has_shared_description_clone|feature_shared_description_count|feature_shared_low_df_sentence_count|review_stratum:text_clone
market_item.xlsx|中文暗网交易市场|seller_raw:569984||market_item.xlsx|茶马古道|seller_raw:/shop/422565,zh_target_strict,zh,train,silver_negative_train_comp_04081,negative,text_clone_primary,1,1,,,,,,0.894573,0.790369,0.894763,0.226481,569984,/shop/422565,different_controller,template_clone_not_controller,1,1,0,1,0,0,feature_has_shared_description_clone|feature_has_shared_title_clone|feature_shared_description_count|feature_shared_low_df_sentence_count|feature_shared_rare_ngram_count|feature_shared_title_count|review_stratum:text_clone
market_item.xlsx|中文暗网交易市场|seller_raw:501102||market_item.xlsx|中文暗网交易市场|seller_raw:541874,zh_target_strict,zh,uncertain_holdout,,uncertain,text_clone_primary,0,0,,,,,,0.922959,0.822808,0.875447,0.677921,501102,541874,uncertain,uncertain_insufficient_evidence,0,0,0,1,0,0,uncertain_or_not_supervision_label
market_item.xlsx|茶马古道|seller_raw:/shop/442431||market_item.xlsx|茶马古道|seller_raw:/shop/454420,zh_target_strict,zh,valid,comp_00115,negative,text_clone_primary,1,1,,,,,,0.942796,0.933334,0.955231,0.35399,/shop/442431,/shop/454420,different_controller,template_clone_not_controller,1,1,0,1,0,0,feature_has_shared_description_clone|feature_shared_description_count|feature_shared_low_df_sentence_count|review_stratum:text_clone
market_item.xlsx|茶马古道|seller_raw:/shop/436008||market_item.xlsx|茶马古道|seller_raw:/shop/455055,zh_target_strict,zh,uncertain_holdout,,uncertain,semantic_structural,0,0,,,,,,0.909612,0.870779,0.921155,0.613048,/shop/436008,/shop/455055,uncertain,uncertain_insufficient_evidence,0,0,0,0,0,0,uncertain_or_not_supervision_label
market_item.xlsx|中文暗网交易市场|seller_raw:312123||market_item.xlsx|中文暗网交易市场|seller_raw:346677,zh_target_strict,zh,train,comp_00001,negative,semantic_structural,1,1,,,,,,0.891546,0.827833,0.817567,0.89278,312123,346677,different_controller,ordinary_negative,1,1,0,0,0,0,negative_without_hard_ambiguity
market_item.xlsx|中文暗网交易市场|seller_raw:14194||market_item.xlsx|中文暗网交易市场|seller_raw:30324,zh_target_strict,zh,train,comp_00004,negative,semantic_only,1,1,,,,,,0.883272,0.765934,0.757116,0.40256,14194,30324,different_controller,ordinary_negative,1,1,0,0,0,0,negative_without_hard_ambiguity
market_item.xlsx|茶马古道|seller_raw:/shop/427028||market_item.xlsx|茶马古道|seller_raw:/shop/450009,zh_target_strict,zh,uncertain_holdout,,uncertain,text_clone_primary,0,0,,,,,,0.912936,0.859264,0.949197,0.752845,/shop/427028,/shop/450009,uncertain,uncertain_insufficient_evidence,0,0,0,1,0,0,uncertain_or_not_supervision_label
market_item.xlsx|中文暗网交易市场|seller_raw:307790||market_item.xlsx|茶马古道|seller_raw:/shop/417610,zh_target_strict,zh,train,comp_00033,negative,text_clone_primary,1,1,,,,,,0.879755,0.784935,0.785187,0.181551,307790,/shop/417610,different_controller,template_clone_not_controller,1,1,0,1,0,0,feature_has_shared_description_clone|feature_has_shared_title_clone|feature_shared_description_count|feature_shared_title_count|review_stratum:text_clone
market_item.xlsx|中文暗网交易市场|seller_raw:347765||market_item.xlsx|茶马古道|seller_raw:/shop/2417,zh_target_strict,zh,uncertain_holdout,,uncertain,text_clone_primary,0,0,,,,,,0.95069,0.950413,0.957611,0.367285,347765,/shop/2417,uncertain,uncertain_insufficient_evidence,0,0,0,1,0,1,uncertain_or_not_supervision_label
market_item.xlsx|茶马古道|seller_raw:/shop/434690||market_item.xlsx|茶马古道|seller_raw:/shop/436401,zh_target_strict,zh,valid,comp_00157,negative,semantic_only,1,1,,,,,,0.920029,0.833159,0.842993,0.340829,/shop/434690,/shop/436401,different_controller,semantic_topic_not_controller,1,1,0,0,1,0,embedding_cosine_bge_m3>=0.8|embedding_cosine_gte_multilingual_base>=0.8|embedding_cosine_labse>=0.8|embedding_cosine_multilingual_e5_large>=0.8
market_item.xlsx|中文暗网交易市场|seller_raw:517245||market_item.xlsx|中文暗网交易市场|seller_raw:566597,zh_target_strict,zh,uncertain_holdout,,uncertain,semantic_structural,0,0,,,,,,0.946779,0.894762,0.94665,0.992647,517245,566597,uncertain,uncertain_insufficient_evidence,0,0,0,0,0,0,uncertain_or_not_supervision_label
market_item.xlsx|中文暗网交易市场|seller_raw:24304||market_item.xlsx|中文暗网交易市场|seller_raw:46164,zh_target_strict,zh,test,comp_00016,negative,semantic_only,1,1,,,,,,0.899495,0.779539,0.794893,0.464965,24304,46164,different_controller,ordinary_negative,1,1,0,0,0,0,negative_without_hard_ambiguity
market_item.xlsx|茶马古道|seller_raw:/shop/431289||market_item.xlsx|茶马古道|seller_raw:/shop/444329,zh_target_strict,zh,uncertain_holdout,,uncertain,text_clone_primary,0,0,,,,,,0.918472,0.864243,0.935228,0.602476,/shop/431289,/shop/444329,uncertain,uncertain_insufficient_evidence,0,0,0,1,0,0,uncertain_or_not_supervision_label
market_item.xlsx|中文暗网交易市场|seller_raw:48851||market_item.xlsx|茶马古道|seller_raw:/shop/395223,zh_target_strict,zh,train,comp_00001,negative,semantic_only,1,1,,,,,,0.883817,0.84339,0.892678,0.45268,48851,/shop/395223,different_controller,ordinary_negative,1,1,0,0,0,0,negative_without_hard_ambiguity
market_item.xlsx|中文暗网交易市场|seller_raw:24341||market_item.xlsx|茶马古道|seller_raw:/shop/394794,zh_target_strict,zh,train,comp_00023,negative,semantic_only,1,1,,,,,,0.878787,0.823759,0.864612,0.467979,24341,/shop/394794,different_controller,ordinary_negative,1,1,0,0,0,0,negative_without_hard_ambiguity
market_item.xlsx|茶马古道|seller_raw:/shop/442025||market_item.xlsx|茶马古道|seller_raw:/shop/461471,zh_target_strict,zh,uncertain_holdout,,uncertain,semantic_structural,0,0,,,,,,0.946303,0.905426,0.894197,0.659583,/shop/442025,/shop/461471,uncertain,uncertain_insufficient_evidence,0,0,0,0,0,0,uncertain_or_not_supervision_label
market_item.xlsx|茶马古道|seller_raw:/shop/422413||market_item.xlsx|茶马古道|seller_raw:/shop/455899,zh_target_strict,zh,valid,comp_00141,negative,text_clone_primary,1,1,,,,,,0.938383,0.886645,0.942591,0.396569,/shop/422413,/shop/455899,different_controller,template_clone_not_controller,1,1,0,1,0,0,feature_has_shared_description_clone|feature_shared_description_count|feature_shared_low_df_sentence_count|review_stratum:text_clone
market_item.xlsx|茶马古道|seller_raw:/shop/414476||market_item.xlsx|茶马古道|seller_raw:/shop/466869,zh_target_strict,zh,test,comp_00164,positive,semantic_structural,1,1,,,,,,0.951269,0.93086,0.926492,0.605298,/shop/414476,/shop/466869,same_controller,same_controller_style_structural_soft,1,1,0,0,0,0,positive_without_direct_identifier
market_item.xlsx|茶马古道|seller_raw:/shop/433600||market_item.xlsx|茶马古道|seller_raw:/shop/439425,zh_target_strict,zh,test,comp_00015,negative,text_clone_primary,1,1,,,,,,0.915988,0.867396,0.928892,0.482279,/shop/433600,/shop/439425,different_controller,template_clone_not_controller,1,1,0,1,0,0,feature_has_shared_description_clone|feature_shared_description_count|feature_shared_low_df_sentence_count|review_stratum:text_clone
market_item.xlsx|茶马古道|seller_raw:/shop/435228||market_item.xlsx|茶马古道|seller_raw:/shop/446589,zh_target_strict,zh,uncertain_holdout,,uncertain,text_clone_primary,0,0,,,,,,0.911292,0.883426,0.939314,0.608027,/shop/435228,/shop/446589,uncertain,uncertain_insufficient_evidence,0,0,0,1,0,0,uncertain_or_not_supervision_label
market_item.xlsx|中文暗网交易市场|seller_raw:312538||market_item.xlsx|中文暗网交易市场|seller_raw:435064,zh_target_strict,zh,train,silver_train_comp_00164,positive,semantic_structural,1,1,,,,,,0.94076,0.91613,0.913207,0.799405,312538,435064,same_controller,same_controller_component_anchor,1,1,0,0,0,0,review_notes_component_anchor_keyword
market_item.xlsx|茶马古道|seller_raw:/shop/416838||market_item.xlsx|茶马古道|seller_raw:/shop/455899,zh_target_strict,zh,valid,comp_00141,negative,text_clone_primary,1,1,,,,,,0.931396,0.880958,0.922694,0.393549,/shop/416838,/shop/455899,different_controller,template_clone_not_controller,1,1,0,1,0,0,feature_has_shared_description_clone|feature_shared_description_count|feature_shared_low_df_sentence_count|review_stratum:text_clone
market_item.xlsx|中文暗网交易市场|seller_raw:492600||market_item.xlsx|中文暗网交易市场|seller_raw:496475,zh_target_strict,zh,train,comp_00079,negative,text_clone_primary,1,1,,,,,,0.917217,0.890633,0.880931,0.241563,492600,496475,different_controller,template_clone_not_controller,1,1,0,1,0,0,feature_has_shared_description_clone|feature_shared_description_count|feature_shared_low_df_sentence_count|review_stratum:text_clone
market_item.xlsx|茶马古道|seller_raw:/shop/4165||market_item.xlsx|茶马古道|seller_raw:/shop/451126,zh_target_strict,zh,train,comp_00170,negative,text_clone_primary,1,1,,,,,,0.942033,0.919106,0.970855,0.657936,/shop/4165,/shop/451126,different_controller,public_contact_or_url_noise,1,1,0,1,0,1,review_notes_public_or_non_seller_keyword
market_item.xlsx|中文暗网交易市场|seller_raw:489129||market_item.xlsx|中文暗网交易市场|seller_raw:55721,zh_target_strict,zh,train,comp_00001,negative,semantic_only,1,1,,,,,,0.883865,0.812834,0.858649,0.429995,489129,55721,different_controller,ordinary_negative,1,1,0,0,0,0,negative_without_hard_ambiguity
market_item.xlsx|中文暗网交易市场|seller_raw:42402||market_item.xlsx|中文暗网交易市场|seller_raw:55515,zh_target_strict,zh,valid,comp_00021,negative,semantic_only,1,1,,,,,,0.91168,0.864152,0.851499,0.403912,42402,55515,different_controller,ordinary_negative,1,1,0,0,0,0,negative_without_hard_ambiguity
market_item.xlsx|中文暗网交易市场|seller_raw:117631||market_item.xlsx|中文暗网交易市场|seller_raw:331162,zh_target_strict,zh,uncertain_holdout,,uncertain,text_clone_primary,0,0,,,,,,0.936587,0.899682,0.915212,0.48492,117631,331162,uncertain,uncertain_insufficient_evidence,0,0,0,1,0,1,uncertain_or_not_supervision_label
market_item.xlsx|中文暗网交易市场|seller_raw:537697||market_item.xlsx|中文暗网交易市场|seller_raw:596304,zh_target_strict,zh,train,silver_train_comp_00154,positive,text_clone_primary,1,1,,,,,,0.935272,0.89797,0.915473,0.632154,537697,596304,same_controller,same_controller_component_anchor,1,1,0,1,0,0,review_notes_component_anchor_keyword
market_item.xlsx|中文暗网交易市场|seller_raw:29205||market_item.xlsx|中文暗网交易市场|seller_raw:99610,zh_target_strict,zh,train,comp_00001,negative,semantic_structural,1,1,,,,,,0.922773,0.831699,0.853373,0.81712,29205,99610,different_controller,ordinary_negative,1,1,0,0,0,0,negative_without_hard_ambiguity
market_item.xlsx|中文暗网交易市场|seller_raw:389356||market_item.xlsx|茶马古道|seller_raw:/shop/404336,zh_target_strict,zh,train,comp_00050,negative,semantic_only,1,1,,,,,,0.883711,0.836843,0.814893,0.459089,389356,/shop/404336,different_controller,ordinary_negative,1,1,0,0,0,0,negative_without_hard_ambiguity
market_item.xlsx|中文暗网交易市场|seller_raw:514819||market_item.xlsx|中文暗网交易市场|seller_raw:640120,zh_target_strict,zh,train,comp_00087,negative,text_clone_primary,1,1,,,,,,0.922361,0.852928,0.88286,0.33579,514819,640120,different_controller,template_clone_not_controller,1,1,0,1,0,0,feature_has_shared_description_clone|feature_shared_description_count|review_stratum:text_clone
market_item.xlsx|茶马古道|seller_raw:/shop/461297||market_item.xlsx|茶马古道|seller_raw:/shop/8466,zh_target_strict,zh,test,comp_00194,positive,semantic_only,1,1,,,,,,0.931695,0.861735,0.9301,0.381491,/shop/461297,/shop/8466,same_controller,same_controller_style_structural_soft,1,1,0,1,0,0,positive_without_direct_identifier
market_item.xlsx|茶马古道|seller_raw:/shop/443213||market_item.xlsx|茶马古道|seller_raw:/shop/444225,zh_target_strict,zh,uncertain_holdout,,uncertain,semantic_structural,0,0,,,,,,0.940751,0.866607,0.915794,0.793305,/shop/443213,/shop/444225,uncertain,uncertain_insufficient_evidence,0,0,0,0,0,0,uncertain_or_not_supervision_label
market_item.xlsx|中文暗网交易市场|seller_raw:501102||market_item.xlsx|中文暗网交易市场|seller_raw:566277,zh_target_strict,zh,uncertain_holdout,,uncertain,text_clone_primary,0,0,,,,,,0.912295,0.828848,0.801313,0.56861,501102,566277,uncertain,uncertain_insufficient_evidence,0,0,0,1,0,0,uncertain_or_not_supervision_label
market_item.xlsx|中文暗网交易市场|seller_raw:35465||market_item.xlsx|茶马古道|seller_raw:/shop/444280,zh_target_strict,zh,test,comp_00036,negative,semantic_only,1,1,,,,,,0.870935,0.773414,0.891039,0.462054,35465,/shop/444280,different_controller,ordinary_negative,1,1,0,0,0,0,negative_without_hard_ambiguity
market_item.xlsx|茶马古道|seller_raw:/shop/434690||market_item.xlsx|茶马古道|seller_raw:/shop/445120,zh_target_strict,zh,valid,comp_00157,negative,semantic_only,1,1,,,,,,0.930189,0.826611,0.775234,0.327778,/shop/434690,/shop/445120,different_controller,semantic_topic_not_controller,1,1,0,0,1,0,embedding_cosine_bge_m3>=0.8|embedding_cosine_gte_multilingual_base>=0.8|embedding_cosine_multilingual_e5_large>=0.8
market_item.xlsx|中文暗网交易市场|seller_raw:34151||market_item.xlsx|中文暗网交易市场|seller_raw:42789,zh_target_strict,zh,train,comp_00040,negative,semantic_only,1,1,,,,,,0.915491,0.819816,0.870153,0.390675,34151,42789,different_controller,ordinary_negative,1,1,0,0,0,0,negative_without_hard_ambiguity
market_item.xlsx|中文暗网交易市场|seller_raw:546735||market_item.xlsx|中文暗网交易市场|seller_raw:597091,zh_target_strict,zh,uncertain_holdout,,uncertain,text_clone_primary,0,0,,,,,,0.94987,0.915837,0.952348,0.9914,546735,597091,uncertain,uncertain_insufficient_evidence,0,0,0,1,0,1,uncertain_or_not_supervision_label
market_item.xlsx|中文暗网交易市场|seller_raw:488193||market_item.xlsx|中文暗网交易市场|seller_raw:493430,zh_target_strict,zh,uncertain_holdout,,uncertain,text_clone_primary,0,0,,,,,,0.942955,0.921178,0.933271,0.972179,488193,493430,uncertain,uncertain_insufficient_evidence,0,0,0,1,0,0,uncertain_or_not_supervision_label
market_item.xlsx|中文暗网交易市场|seller_raw:459538||market_item.xlsx|中文暗网交易市场|seller_raw:596616,zh_target_strict,zh,train,comp_00001,negative,semantic_structural,1,1,,,,,,0.887741,0.789886,0.885757,0.75988,459538,596616,different_controller,ordinary_negative,1,1,0,0,0,0,negative_without_hard_ambiguity
market_item.xlsx|中文暗网交易市场|seller_raw:596152||market_item.xlsx|中文暗网交易市场|seller_raw:605480,zh_target_strict,zh,uncertain_holdout,,uncertain,semantic_structural,0,0,,,,,,0.938414,0.893025,0.965952,0.963635,596152,605480,uncertain,uncertain_insufficient_evidence,0,0,0,0,0,0,uncertain_or_not_supervision_label
market_item.xlsx|中文暗网交易市场|seller_raw:493430||market_item.xlsx|茶马古道|seller_raw:/shop/2417,zh_target_strict,zh,uncertain_holdout,,uncertain,text_clone_primary,0,0,,,,,,0.947335,0.905081,0.961201,0.365367,493430,/shop/2417,uncertain,uncertain_insufficient_evidence,0,0,0,1,0,1,uncertain_or_not_supervision_label
market_item.xlsx|茶马古道|seller_raw:/shop/707||market_item.xlsx|茶马古道|seller_raw:/shop/816,zh_target_strict,zh,uncertain_holdout,,uncertain,semantic_structural,0,0,,,,,,0.96693,0.966799,0.950114,0.863636,/shop/707,/shop/816,uncertain,uncertain_insufficient_evidence,0,0,0,0,0,0,uncertain_or_not_supervision_label
market_item.xlsx|中文暗网交易市场|seller_raw:554409||market_item.xlsx|中文暗网交易市场|seller_raw:596705,zh_target_strict,zh,train,comp_00001,negative,semantic_only,1,1,,,,,,0.92539,0.820255,0.900363,0.454081,554409,596705,different_controller,ordinary_negative,1,1,0,0,0,0,negative_without_hard_ambiguity
market_item.xlsx|中文暗网交易市场|seller_raw:331162||market_item.xlsx|茶马古道|seller_raw:/shop/2417,zh_target_strict,zh,uncertain_holdout,,uncertain,text_clone_primary,0,0,,,,,,0.93559,0.91241,0.923713,0.367557,331162,/shop/2417,uncertain,uncertain_insufficient_evidence,0,0,0,1,0,1,uncertain_or_not_supervision_label
market_item.xlsx|茶马古道|seller_raw:/shop/460561||market_item.xlsx|茶马古道|seller_raw:/shop/460568,zh_target_strict,zh,uncertain_holdout,,uncertain,semantic_structural,0,0,,,,,,0.971491,0.916666,0.947402,0.614724,/shop/460561,/shop/460568,uncertain,uncertain_insufficient_evidence,0,0,0,0,0,0,uncertain_or_not_supervision_label
market_item.xlsx|中文暗网交易市场|seller_raw:31252||market_item.xlsx|中文暗网交易市场|seller_raw:586003,zh_target_strict,zh,train,comp_00001,negative,semantic_structural,1,1,,,,,,0.92828,0.800593,0.821111,0.651076,31252,586003,different_controller,ordinary_negative,1,1,0,0,0,0,negative_without_hard_ambiguity
market_item.xlsx|中文暗网交易市场|seller_raw:238938||market_item.xlsx|中文暗网交易市场|seller_raw:331162,zh_target_strict,zh,uncertain_holdout,,uncertain,text_clone_primary,0,0,,,,,,0.956709,0.932014,0.928788,0.867849,238938,331162,uncertain,uncertain_insufficient_evidence,0,0,0,1,0,1,uncertain_or_not_supervision_label
market_item.xlsx|中文暗网交易市场|seller_raw:489129||market_item.xlsx|中文暗网交易市场|seller_raw:67272,zh_target_strict,zh,train,comp_00001,negative,semantic_only,1,1,,,,,,0.893633,0.863153,0.831674,0.317436,489129,67272,different_controller,semantic_topic_not_controller,1,1,0,0,1,0,embedding_cosine_bge_m3>=0.8|embedding_cosine_gte_multilingual_base>=0.8|embedding_cosine_labse>=0.8|embedding_cosine_multilingual_e5_large>=0.8
market_item.xlsx|中文暗网交易市场|seller_raw:592056||market_item.xlsx|茶马古道|seller_raw:/shop/406792,zh_target_strict,zh,valid,comp_00113,negative,text_clone_primary,1,1,,,,,,0.942524,0.894645,0.937891,0.367796,592056,/shop/406792,different_controller,template_clone_not_controller,1,1,0,1,0,0,feature_has_shared_description_clone|feature_shared_description_count|feature_shared_low_df_sentence_count|review_stratum:text_clone
market_item.xlsx|茶马古道|seller_raw:/shop/452346||market_item.xlsx|茶马古道|seller_raw:/shop/454904,zh_target_strict,zh,uncertain_holdout,,uncertain,text_clone_primary,0,0,,,,,,0.926337,0.840908,0.888176,0.8288,/shop/452346,/shop/454904,uncertain,uncertain_insufficient_evidence,0,0,0,1,0,0,uncertain_or_not_supervision_label
market_item.xlsx|茶马古道|seller_raw:/shop/452993||market_item.xlsx|茶马古道|seller_raw:/shop/458726,zh_target_strict,zh,test,comp_00215,negative,semantic_only,1,1,,,,,,0.918423,0.853582,0.872538,0.238402,/shop/452993,/shop/458726,different_controller,semantic_topic_not_controller,1,1,0,0,1,0,embedding_cosine_bge_m3>=0.8|embedding_cosine_gte_multilingual_base>=0.8|embedding_cosine_labse>=0.8|embedding_cosine_multilingual_e5_large>=0.8
market_item.xlsx|中文暗网交易市场|seller_raw:171918||market_item.xlsx|茶马古道|seller_raw:/shop/395891,zh_target_strict,zh,test,comp_00009,positive,semantic_only,1,1,,,,,,0.920513,0.890606,0.906006,0.235036,171918,/shop/395891,same_controller,same_controller_style_structural_soft,1,1,0,0,1,0,positive_without_direct_identifier
market_item.xlsx|茶马古道|seller_raw:/shop/440237||market_item.xlsx|茶马古道|seller_raw:/shop/460006,zh_target_strict,zh,uncertain_holdout,,uncertain,semantic_structural,0,0,,,,,,0.90327,0.837426,0.818735,0.637297,/shop/440237,/shop/460006,uncertain,uncertain_insufficient_evidence,0,0,0,0,0,0,uncertain_or_not_supervision_label
market_item.xlsx|茶马古道|seller_raw:/shop/414445||market_item.xlsx|茶马古道|seller_raw:/shop/419918,zh_target_strict,zh,test,comp_00167,negative,semantic_only,1,1,,,,,,0.922391,0.868563,0.923431,0.442993,/shop/414445,/shop/419918,different_controller,ordinary_negative,1,1,0,0,0,0,negative_without_hard_ambiguity
market_item.xlsx|茶马古道|seller_raw:/shop/442743||market_item.xlsx|茶马古道|seller_raw:/shop/7343,zh_target_strict,zh,uncertain_holdout,,uncertain,semantic_structural,0,0,,,,,,0.932051,0.868612,0.890325,0.979421,/shop/442743,/shop/7343,uncertain,uncertain_insufficient_evidence,0,0,0,0,0,0,uncertain_or_not_supervision_label
market_item.xlsx|茶马古道|seller_raw:/shop/394740||market_item.xlsx|茶马古道|seller_raw:/shop/431789,zh_target_strict,zh,uncertain_holdout,,uncertain,text_clone_primary,0,0,,,,,,0.94828,0.882556,0.951674,0.746323,/shop/394740,/shop/431789,uncertain,uncertain_insufficient_evidence,0,0,0,1,0,0,uncertain_or_not_supervision_label
market_item.xlsx|中文暗网交易市场|seller_raw:159041||market_item.xlsx|中文暗网交易市场|seller_raw:52710,zh_target_strict,zh,uncertain_holdout,,uncertain,text_clone_primary,0,0,,,,,,0.918049,0.841722,0.903704,0.737048,159041,52710,uncertain,uncertain_insufficient_evidence,0,0,0,1,0,0,uncertain_or_not_supervision_label
market_item.xlsx|中文暗网交易市场|seller_raw:569522||market_item.xlsx|茶马古道|seller_raw:/shop/431673,zh_target_strict,zh,train,comp_00001,negative,semantic_only,1,1,,,,,,0.913441,0.875096,0.945309,0.301254,569522,/shop/431673,different_controller,semantic_topic_not_controller,1,1,0,0,1,0,embedding_cosine_bge_m3>=0.8|embedding_cosine_gte_multilingual_base>=0.8|embedding_cosine_labse>=0.8|embedding_cosine_multilingual_e5_large>=0.8
market_item.xlsx|茶马古道|seller_raw:/shop/397312||market_item.xlsx|茶马古道|seller_raw:/shop/458140,zh_target_strict,zh,uncertain_holdout,,uncertain,text_clone_primary,0,0,,,,,,0.934629,0.877655,0.906231,0.72711,/shop/397312,/shop/458140,uncertain,uncertain_insufficient_evidence,0,0,0,1,0,1,uncertain_or_not_supervision_label
market_item.xlsx|茶马古道|seller_raw:/shop/449035||market_item.xlsx|茶马古道|seller_raw:/shop/5592,zh_target_strict,zh,uncertain_holdout,,uncertain,text_clone_primary,0,0,,,,,,0.92032,0.862098,0.921097,0.725868,/shop/449035,/shop/5592,uncertain,uncertain_insufficient_evidence,0,0,0,1,0,1,uncertain_or_not_supervision_label
market_item.xlsx|茶马古道|seller_raw:/shop/407049||market_item.xlsx|茶马古道|seller_raw:/shop/442431,zh_target_strict,zh,valid,comp_00115,positive,semantic_only,1,1,,,,,,0.966033,0.954608,0.9539,0.378458,/shop/407049,/shop/442431,same_controller,same_controller_style_structural_soft,1,1,0,1,0,0,positive_without_direct_identifier
market_item.xlsx|茶马古道|seller_raw:/shop/454105||market_item.xlsx|茶马古道|seller_raw:/shop/455866,zh_target_strict,zh,uncertain_holdout,,uncertain,text_clone_primary,0,0,,,,,,0.90729,0.876176,0.946515,0.72388,/shop/454105,/shop/455866,uncertain,uncertain_insufficient_evidence,0,0,0,1,0,0,uncertain_or_not_supervision_label
market_item.xlsx|中文暗网交易市场|seller_raw:58725||market_item.xlsx|中文暗网交易市场|seller_raw:70335,zh_target_strict,zh,test,comp_00099,negative,text_clone_primary,1,1,,,,,,0.915616,0.88241,0.943241,0.717323,58725,70335,different_controller,public_contact_or_url_noise,1,1,0,1,0,1,review_notes_public_or_non_seller_keyword
market_item.xlsx|茶马古道|seller_raw:/shop/438230||market_item.xlsx|茶马古道|seller_raw:/shop/444329,zh_target_strict,zh,uncertain_holdout,,uncertain,text_clone_primary,0,0,,,,,,0.935767,0.918073,0.930561,0.716375,/shop/438230,/shop/444329,uncertain,uncertain_insufficient_evidence,0,0,0,1,0,0,uncertain_or_not_supervision_label
market_item.xlsx|茶马古道|seller_raw:/shop/402697||market_item.xlsx|茶马古道|seller_raw:/shop/426194,zh_target_strict,zh,uncertain_holdout,,uncertain,text_clone_primary,0,0,,,,,,0.912871,0.877005,0.903847,0.695421,/shop/402697,/shop/426194,uncertain,uncertain_insufficient_evidence,0,0,0,1,0,0,uncertain_or_not_supervision_label
market_item.xlsx|茶马古道|seller_raw:/shop/444923||market_item.xlsx|茶马古道|seller_raw:/shop/455352,zh_target_strict,zh,uncertain_holdout,,uncertain,semantic_structural,0,0,,,,,,0.913859,0.866295,0.917884,0.818748,/shop/444923,/shop/455352,uncertain,uncertain_insufficient_evidence,0,0,0,0,0,0,uncertain_or_not_supervision_label
market_item.xlsx|中文暗网交易市场|seller_raw:566597||market_item.xlsx|中文暗网交易市场|seller_raw:68788,zh_target_strict,zh,train,comp_00001,negative,semantic_only,1,1,,,,,,0.931752,0.840558,0.890209,0.377429,566597,68788,different_controller,ordinary_negative,1,1,0,0,0,0,negative_without_hard_ambiguity
market_item.xlsx|中文暗网交易市场|seller_raw:54824||market_item.xlsx|中文暗网交易市场|seller_raw:58725,zh_target_strict,zh,test,comp_00099,negative,text_clone_primary,1,1,,,,,,0.92317,0.882479,0.940496,0.694473,54824,58725,different_controller,public_contact_or_url_noise,1,1,0,1,0,1,review_notes_public_or_non_seller_keyword
market_item.xlsx|茶马古道|seller_raw:/shop/414692||market_item.xlsx|茶马古道|seller_raw:/shop/466869,zh_target_strict,zh,test,comp_00164,positive,semantic_structural,1,1,,,,,,0.951026,0.94584,0.916423,0.982903,/shop/414692,/shop/466869,same_controller,same_controller_component_anchor,1,1,0,0,0,0,review_notes_component_anchor_keyword
market_item.xlsx|中文暗网交易市场|seller_raw:177827||market_item.xlsx|中文暗网交易市场|seller_raw:499799,zh_target_strict,zh,test,comp_00011,negative,semantic_only,1,1,,,,,,0.919462,0.862332,0.869062,0.325169,177827,499799,different_controller,semantic_topic_not_controller,1,1,0,0,1,0,embedding_cosine_bge_m3>=0.8|embedding_cosine_gte_multilingual_base>=0.8|embedding_cosine_labse>=0.8|embedding_cosine_multilingual_e5_large>=0.8
market_item.xlsx|茶马古道|seller_raw:/shop/434275||market_item.xlsx|茶马古道|seller_raw:/shop/463712,zh_target_strict,zh,uncertain_holdout,,uncertain,semantic_structural,0,0,,,,,,0.921398,0.896538,0.932389,0.969787,/shop/434275,/shop/463712,uncertain,uncertain_insufficient_evidence,0,0,0,0,0,0,uncertain_or_not_supervision_label
market_item.xlsx|茶马古道|seller_raw:/shop/413373||market_item.xlsx|茶马古道|seller_raw:/shop/427106,zh_target_strict,zh,uncertain_holdout,,uncertain,text_clone_primary,0,0,,,,,,0.942631,0.895661,0.932009,0.685592,/shop/413373,/shop/427106,uncertain,uncertain_insufficient_evidence,0,0,0,1,0,0,uncertain_or_not_supervision_label
market_item.xlsx|茶马古道|seller_raw:/shop/421||market_item.xlsx|茶马古道|seller_raw:/shop/443886,zh_target_strict,zh,uncertain_holdout,,uncertain,semantic_structural,0,0,,,,,,0.95746,0.91783,0.928587,0.761714,/shop/421,/shop/443886,uncertain,uncertain_insufficient_evidence,0,0,0,0,0,0,uncertain_or_not_supervision_label
market_item.xlsx|茶马古道|seller_raw:/shop/408157||market_item.xlsx|茶马古道|seller_raw:/shop/422538,zh_target_strict,zh,uncertain_holdout,,uncertain,text_clone_primary,0,0,,,,,,0.916081,0.864653,0.923718,0.678694,/shop/408157,/shop/422538,uncertain,uncertain_insufficient_evidence,0,0,0,1,0,0,uncertain_or_not_supervision_label
market_item.xlsx|中文暗网交易市场|seller_raw:117631||market_item.xlsx|中文暗网交易市场|seller_raw:354172,zh_target_strict,zh,uncertain_holdout,,uncertain,text_clone_primary,0,0,,,,,,0.925687,0.896349,0.939971,0.676983,117631,354172,uncertain,uncertain_insufficient_evidence,0,0,0,1,0,1,uncertain_or_not_supervision_label
market_item.xlsx|中文暗网交易市场|seller_raw:516687||market_item.xlsx|茶马古道|seller_raw:/shop/393476,zh_target_strict,zh,valid,comp_00089,positive,semantic_only,1,1,,,,,,0.940841,0.863216,0.8703,0.391052,516687,/shop/393476,same_controller,same_controller_style_structural_soft,1,1,0,0,0,0,positive_without_direct_identifier
market_item.xlsx|中文暗网交易市场|seller_raw:37633||market_item.xlsx|中文暗网交易市场|seller_raw:39400,zh_target_strict,zh,test,comp_00048,negative,semantic_only,1,1,,,,,,0.917979,0.840948,0.830192,0.431976,37633,39400,different_controller,ordinary_negative,1,1,0,0,0,0,negative_without_hard_ambiguity
market_item.xlsx|茶马古道|seller_raw:/shop/425704||market_item.xlsx|茶马古道|seller_raw:/shop/427282,zh_target_strict,zh,train,comp_00001,negative,text_clone_primary,1,1,,,,,,0.91388,0.829269,0.884458,0.67668,/shop/425704,/shop/427282,different_controller,public_contact_or_url_noise,1,1,0,1,0,1,review_notes_public_or_non_seller_keyword
market_item.xlsx|茶马古道|seller_raw:/shop/442464||market_item.xlsx|茶马古道|seller_raw:/shop/445,zh_target_strict,zh,test,comp_00207,negative,semantic_only,1,1,,,,,,0.929483,0.866227,0.859019,0.372624,/shop/442464,/shop/445,different_controller,ordinary_negative,1,1,0,0,0,0,negative_without_hard_ambiguity
market_item.xlsx|中文暗网交易市场|seller_raw:198754||market_item.xlsx|中文暗网交易市场|seller_raw:88807,zh_target_strict,zh,uncertain_holdout,,uncertain,text_clone_primary,0,0,,,,,,0.894463,0.783135,0.91791,0.675927,198754,88807,uncertain,uncertain_insufficient_evidence,0,0,0,1,0,0,uncertain_or_not_supervision_label
market_item.xlsx|茶马古道|seller_raw:/shop/397527||market_item.xlsx|茶马古道|seller_raw:/shop/411341,zh_target_strict,zh,uncertain_holdout,,uncertain,text_clone_primary,0,0,,,,,,0.909088,0.822744,0.921713,0.674062,/shop/397527,/shop/411341,uncertain,uncertain_insufficient_evidence,0,0,0,1,0,0,uncertain_or_not_supervision_label
market_item.xlsx|茶马古道|seller_raw:/shop/422791||market_item.xlsx|茶马古道|seller_raw:/shop/445671,zh_target_strict,zh,test,comp_00180,negative,semantic_only,1,1,,,,,,0.91744,0.799535,0.855605,0.42623,/shop/422791,/shop/445671,different_controller,ordinary_negative,1,1,0,0,0,0,negative_without_hard_ambiguity
market_item.xlsx|中文暗网交易市场|seller_raw:435049||market_item.xlsx|中文暗网交易市场|seller_raw:560483,zh_target_strict,zh,uncertain_holdout,,uncertain,text_clone_primary,0,0,,,,,,0.923809,0.82253,0.908527,0.671849,435049,560483,uncertain,uncertain_insufficient_evidence,0,0,0,1,0,0,uncertain_or_not_supervision_label
market_item.xlsx|中文暗网交易市场|seller_raw:596097||market_item.xlsx|中文暗网交易市场|seller_raw:605002,zh_target_strict,zh,train,silver_train_comp_00144,positive,semantic_structural,1,1,,,,,,0.938389,0.913445,0.968298,0.853289,596097,605002,same_controller,same_controller_component_anchor,1,1,0,0,0,0,review_notes_component_anchor_keyword
market_item.xlsx|中文暗网交易市场|seller_raw:435049||market_item.xlsx|中文暗网交易市场|seller_raw:542540,zh_target_strict,zh,uncertain_holdout,,uncertain,text_clone_primary,0,0,,,,,,0.931538,0.884774,0.924955,0.667432,435049,542540,uncertain,uncertain_insufficient_evidence,0,0,0,1,0,0,uncertain_or_not_supervision_label
market_item.xlsx|中文暗网交易市场|seller_raw:470888||market_item.xlsx|茶马古道|seller_raw:/shop/393295,zh_target_strict,zh,uncertain_holdout,,uncertain,semantic_only,0,0,,,,,,0.925812,0.894344,0.893402,0.309859,470888,/shop/393295,uncertain,uncertain_insufficient_evidence,0,0,0,0,1,0,uncertain_or_not_supervision_label
market_item.xlsx|茶马古道|seller_raw:/shop/427108||market_item.xlsx|茶马古道|seller_raw:/shop/441122,zh_target_strict,zh,test,comp_00055,negative,text_clone_primary,1,1,,,,,,0.936198,0.891668,0.908615,0.663681,/shop/427108,/shop/441122,different_controller,public_contact_or_url_noise,1,1,0,1,0,1,review_notes_public_or_non_seller_keyword
market_item.xlsx|茶马古道|seller_raw:/shop/436008||market_item.xlsx|茶马古道|seller_raw:/shop/438230,zh_target_strict,zh,uncertain_holdout,,uncertain,text_clone_primary,0,0,,,,,,0.91099,0.853379,0.926524,0.662299,/shop/436008,/shop/438230,uncertain,uncertain_insufficient_evidence,0,0,0,1,0,0,uncertain_or_not_supervision_label
market_item.xlsx|茶马古道|seller_raw:/shop/410559||market_item.xlsx|茶马古道|seller_raw:/shop/427106,zh_target_strict,zh,uncertain_holdout,,uncertain,text_clone_primary,0,0,,,,,,0.936835,0.887816,0.897626,0.66021,/shop/410559,/shop/427106,uncertain,uncertain_insufficient_evidence,0,0,0,1,0,0,uncertain_or_not_supervision_label
market_item.xlsx|茶马古道|seller_raw:/shop/438208||market_item.xlsx|茶马古道|seller_raw:/shop/438537,zh_target_strict,zh,test,comp_00149,positive,semantic_structural,1,1,,,,,,0.968815,0.932706,0.972771,0.636586,/shop/438208,/shop/438537,same_controller,same_controller_style_structural_soft,1,1,0,0,0,0,positive_without_direct_identifier
market_item.xlsx|茶马古道|seller_raw:/shop/428039||market_item.xlsx|茶马古道|seller_raw:/shop/438208,zh_target_strict,zh,test,comp_00149,positive,semantic_only,1,1,,,,,,0.946288,0.854603,0.889963,0.347108,/shop/428039,/shop/438208,same_controller,same_controller_style_structural_soft,1,1,0,0,1,0,positive_without_direct_identifier
market_item.xlsx|中文暗网交易市场|seller_raw:31478||market_item.xlsx|茶马古道|seller_raw:/shop/462026,zh_target_strict,zh,valid,comp_00035,negative,semantic_only,1,1,,,,,,0.883359,0.829953,0.833583,0.343903,31478,/shop/462026,different_controller,semantic_topic_not_controller,1,1,0,0,1,0,embedding_cosine_bge_m3>=0.8|embedding_cosine_gte_multilingual_base>=0.8|embedding_cosine_labse>=0.8|embedding_cosine_multilingual_e5_large>=0.8
market_item.xlsx|茶马古道|seller_raw:/shop/435963||market_item.xlsx|茶马古道|seller_raw:/shop/441220,zh_target_strict,zh,uncertain_holdout,,uncertain,text_clone_primary,0,0,,,,,,0.955795,0.929278,0.95066,0.641846,/shop/435963,/shop/441220,uncertain,uncertain_insufficient_evidence,0,0,0,1,0,0,uncertain_or_not_supervision_label
market_item.xlsx|茶马古道|seller_raw:/shop/423213||market_item.xlsx|茶马古道|seller_raw:/shop/465364,zh_target_strict,zh,uncertain_holdout,,uncertain,text_clone_primary,0,0,,,,,,0.928864,0.87133,0.93258,0.630877,/shop/423213,/shop/465364,uncertain,uncertain_insufficient_evidence,0,0,0,1,0,0,uncertain_or_not_supervision_label
market_item.xlsx|中文暗网交易市场|seller_raw:517171||market_item.xlsx|中文暗网交易市场|seller_raw:597091,zh_target_strict,zh,uncertain_holdout,,uncertain,text_clone_primary,0,0,,,,,,0.955359,0.879567,0.898287,0.615087,517171,597091,uncertain,uncertain_insufficient_evidence,0,0,0,1,0,1,uncertain_or_not_supervision_label
market_item.xlsx|茶马古道|seller_raw:/shop/423945||market_item.xlsx|茶马古道|seller_raw:/shop/455868,zh_target_strict,zh,uncertain_holdout,,uncertain,text_clone_primary,0,0,,,,,,0.890902,0.804759,0.910978,0.609693,/shop/423945,/shop/455868,uncertain,uncertain_insufficient_evidence,0,0,0,1,0,0,uncertain_or_not_supervision_label
market_item.xlsx|茶马古道|seller_raw:/shop/433481||market_item.xlsx|茶马古道|seller_raw:/shop/455868,zh_target_strict,zh,uncertain_holdout,,uncertain,text_clone_primary,0,0,,,,,,0.934287,0.883259,0.933066,0.609205,/shop/433481,/shop/455868,uncertain,uncertain_insufficient_evidence,0,0,0,1,0,0,uncertain_or_not_supervision_label
market_item.xlsx|中文暗网交易市场|seller_raw:605002||market_item.xlsx|中文暗网交易市场|seller_raw:606388,zh_target_strict,zh,train,silver_train_comp_00149,positive,semantic_structural,1,1,,,,,,0.93594,0.9281,0.979078,0.941972,605002,606388,same_controller,same_controller_component_anchor,1,1,0,0,0,0,review_notes_component_anchor_keyword
market_item.xlsx|茶马古道|seller_raw:/shop/405657||market_item.xlsx|茶马古道|seller_raw:/shop/413435,zh_target_strict,zh,uncertain_holdout,,uncertain,text_clone_primary,0,0,,,,,,0.940107,0.876693,0.922418,0.608968,/shop/405657,/shop/413435,uncertain,uncertain_insufficient_evidence,0,0,0,1,0,0,uncertain_or_not_supervision_label
market_item.xlsx|茶马古道|seller_raw:/shop/430812||market_item.xlsx|茶马古道|seller_raw:/shop/460006,zh_target_strict,zh,uncertain_holdout,,uncertain,semantic_structural,0,0,,,,,,0.910537,0.857588,0.879418,0.818221,/shop/430812,/shop/460006,uncertain,uncertain_insufficient_evidence,0,0,0,0,0,0,uncertain_or_not_supervision_label
market_item.xlsx|茶马古道|seller_raw:/shop/399905||market_item.xlsx|茶马古道|seller_raw:/shop/422982,zh_target_strict,zh,uncertain_holdout,,uncertain,text_clone_primary,0,0,,,,,,0.921449,0.865752,0.912839,0.604174,/shop/399905,/shop/422982,uncertain,uncertain_insufficient_evidence,0,0,0,1,0,0,uncertain_or_not_supervision_label
market_item.xlsx|中文暗网交易市场|seller_raw:612390||market_item.xlsx|中文暗网交易市场|seller_raw:64195,zh_target_strict,zh,test,comp_00123,negative,semantic_structural,1,1,,,,,,0.910356,0.812884,0.844406,0.715959,612390,64195,different_controller,ordinary_negative,1,1,0,0,0,0,negative_without_hard_ambiguity
market_item.xlsx|茶马古道|seller_raw:/shop/461222||market_item.xlsx|茶马古道|seller_raw:/shop/5592,zh_target_strict,zh,uncertain_holdout,,uncertain,text_clone_primary,0,0,,,,,,0.899841,0.840713,0.90843,0.593565,/shop/461222,/shop/5592,uncertain,uncertain_insufficient_evidence,0,0,0,1,0,1,uncertain_or_not_supervision_label
market_item.xlsx|茶马古道|seller_raw:/shop/421078||market_item.xlsx|茶马古道|seller_raw:/shop/510,zh_target_strict,zh,uncertain_holdout,,uncertain,semantic_structural,0,0,,,,,,0.941198,0.899121,0.932772,0.763918,/shop/421078,/shop/510,uncertain,uncertain_insufficient_evidence,0,0,0,0,0,0,uncertain_or_not_supervision_label
market_item.xlsx|中文暗网交易市场|seller_raw:460062||market_item.xlsx|茶马古道|seller_raw:/shop/10158,zh_target_strict,zh,test,comp_00069,negative,semantic_only,1,1,,,,,,0.897053,0.838793,0.872481,0.311821,460062,/shop/10158,different_controller,semantic_topic_not_controller,1,1,0,0,1,0,embedding_cosine_bge_m3>=0.8|embedding_cosine_gte_multilingual_base>=0.8|embedding_cosine_labse>=0.8|embedding_cosine_multilingual_e5_large>=0.8
market_item.xlsx|茶马古道|seller_raw:/shop/435228||market_item.xlsx|茶马古道|seller_raw:/shop/441558,zh_target_strict,zh,uncertain_holdout,,uncertain,text_clone_primary,0,0,,,,,,0.926785,0.805464,0.897828,0.590667,/shop/435228,/shop/441558,uncertain,uncertain_insufficient_evidence,0,0,0,1,0,0,uncertain_or_not_supervision_label
market_item.xlsx|中文暗网交易市场|seller_raw:499799||market_item.xlsx|茶马古道|seller_raw:/shop/393574,zh_target_strict,zh,test,comp_00011,negative,semantic_only,1,1,,,,,,0.884682,0.865505,0.846175,0.366948,499799,/shop/393574,different_controller,ordinary_negative,1,1,0,0,0,0,negative_without_hard_ambiguity
market_item.xlsx|中文暗网交易市场|seller_raw:331162||market_item.xlsx|中文暗网交易市场|seller_raw:506844,zh_target_strict,zh,uncertain_holdout,,uncertain,text_clone_primary,0,0,,,,,,0.950808,0.906082,0.944649,0.583638,331162,506844,uncertain,uncertain_insufficient_evidence,0,0,0,1,0,1,uncertain_or_not_supervision_label
market_item.xlsx|中文暗网交易市场|seller_raw:455328||market_item.xlsx|中文暗网交易市场|seller_raw:68944,zh_target_strict,zh,uncertain_holdout,,uncertain,text_clone_primary,0,0,,,,,,0.936582,0.864927,0.880959,0.577629,455328,68944,uncertain,uncertain_insufficient_evidence,0,0,0,1,0,0,uncertain_or_not_supervision_label
market_item.xlsx|中文暗网交易市场|seller_raw:29205||market_item.xlsx|中文暗网交易市场|seller_raw:31252,zh_target_strict,zh,train,comp_00001,negative,semantic_structural,1,1,,,,,,0.923991,0.830788,0.856,0.736615,29205,31252,different_controller,ordinary_negative,1,1,0,0,0,0,negative_without_hard_ambiguity
market_item.xlsx|茶马古道|seller_raw:/shop/418373||market_item.xlsx|茶马古道|seller_raw:/shop/422538,zh_target_strict,zh,uncertain_holdout,,uncertain,text_clone_primary,0,0,,,,,,0.908227,0.868084,0.915897,0.57755,/shop/418373,/shop/422538,uncertain,uncertain_insufficient_evidence,0,0,0,1,0,0,uncertain_or_not_supervision_label
market_item.xlsx|茶马古道|seller_raw:/shop/4165||market_item.xlsx|茶马古道|seller_raw:/shop/442518,zh_target_strict,zh,train,comp_00170,negative,text_clone_primary,1,1,,,,,,0.932495,0.876042,0.955144,0.567801,/shop/4165,/shop/442518,different_controller,public_contact_or_url_noise,1,1,0,1,0,1,review_notes_public_or_non_seller_keyword
market_item.xlsx|中文暗网交易市场|seller_raw:29778||market_item.xlsx|中文暗网交易市场|seller_raw:52938,zh_target_strict,zh,test,comp_00031,negative,semantic_only,1,1,,,,,,0.934596,0.852802,0.899168,0.362237,29778,52938,different_controller,ordinary_negative,1,1,0,0,0,0,negative_without_hard_ambiguity
market_item.xlsx|茶马古道|seller_raw:/shop/411022||market_item.xlsx|茶马古道|seller_raw:/shop/451613,zh_target_strict,zh,uncertain_holdout,,uncertain,text_clone_primary,0,0,,,,,,0.915586,0.783743,0.900501,0.547801,/shop/411022,/shop/451613,uncertain,uncertain_insufficient_evidence,0,0,0,1,0,0,uncertain_or_not_supervision_label
market_item.xlsx|中文暗网交易市场|seller_raw:375149||market_item.xlsx|中文暗网交易市场|seller_raw:528850,zh_target_strict,zh,uncertain_holdout,,uncertain,text_clone_primary,0,0,,,,,,0.951965,0.884771,0.914582,0.547414,375149,528850,uncertain,uncertain_insufficient_evidence,0,0,0,1,0,0,uncertain_or_not_supervision_label
market_item.xlsx|茶马古道|seller_raw:/shop/406792||market_item.xlsx|茶马古道|seller_raw:/shop/433442,zh_target_strict,zh,valid,comp_00113,negative,text_clone_primary,1,1,,,,,,0.924926,0.878572,0.909446,0.547021,/shop/406792,/shop/433442,different_controller,template_clone_not_controller,1,1,0,1,0,0,feature_has_shared_description_clone|feature_shared_description_count|feature_shared_low_df_sentence_count|review_stratum:text_clone
market_item.xlsx|中文暗网交易市场|seller_raw:542540||market_item.xlsx|中文暗网交易市场|seller_raw:560483,zh_target_strict,zh,uncertain_holdout,,uncertain,text_clone_primary,0,0,,,,,,0.901019,0.846538,0.901196,0.538237,542540,560483,uncertain,uncertain_insufficient_evidence,0,0,0,1,0,0,uncertain_or_not_supervision_label
market_item.xlsx|中文暗网交易市场|seller_raw:10745||market_item.xlsx|中文暗网交易市场|seller_raw:522959,zh_target_strict,zh,uncertain_holdout,,uncertain,text_clone_primary,0,0,,,,,,0.877252,0.784988,0.902941,0.535857,10745,522959,uncertain,uncertain_insufficient_evidence,0,0,0,1,0,0,uncertain_or_not_supervision_label
market_item.xlsx|茶马古道|seller_raw:/shop/404047||market_item.xlsx|茶马古道|seller_raw:/shop/436008,zh_target_strict,zh,uncertain_holdout,,uncertain,text_clone_primary,0,0,,,,,,0.912737,0.88305,0.908306,0.533139,/shop/404047,/shop/436008,uncertain,uncertain_insufficient_evidence,0,0,0,1,0,0,uncertain_or_not_supervision_label
market_item.xlsx|中文暗网交易市场|seller_raw:54503||market_item.xlsx|茶马古道|seller_raw:/shop/437369,zh_target_strict,zh,train,comp_00001,negative,semantic_only,1,1,,,,,,0.886271,0.81735,0.844483,0.288138,54503,/shop/437369,different_controller,semantic_topic_not_controller,1,1,0,0,1,0,embedding_cosine_bge_m3>=0.8|embedding_cosine_gte_multilingual_base>=0.8|embedding_cosine_labse>=0.8|embedding_cosine_multilingual_e5_large>=0.8
market_item.xlsx|中文暗网交易市场|seller_raw:575281||market_item.xlsx|中文暗网交易市场|seller_raw:583340,zh_target_strict,zh,uncertain_holdout,,uncertain,text_clone_primary,0,0,,,,,,0.90304,0.860402,0.876837,0.533077,575281,583340,uncertain,uncertain_insufficient_evidence,0,0,0,1,0,0,uncertain_or_not_supervision_label
market_item.xlsx|茶马古道|seller_raw:/shop/395676||market_item.xlsx|茶马古道|seller_raw:/shop/417580,zh_target_strict,zh,uncertain_holdout,,uncertain,semantic_structural,0,0,,,,,,0.923736,0.887717,0.867546,0.577909,/shop/395676,/shop/417580,uncertain,uncertain_insufficient_evidence,0,0,0,0,0,0,uncertain_or_not_supervision_label
market_item.xlsx|茶马古道|seller_raw:/shop/404047||market_item.xlsx|茶马古道|seller_raw:/shop/438230,zh_target_strict,zh,uncertain_holdout,,uncertain,text_clone_primary,0,0,,,,,,0.926131,0.871785,0.914492,0.531414,/shop/404047,/shop/438230,uncertain,uncertain_insufficient_evidence,0,0,0,1,0,0,uncertain_or_not_supervision_label
market_item.xlsx|中文暗网交易市场|seller_raw:20382||market_item.xlsx|中文暗网交易市场|seller_raw:45235,zh_target_strict,zh,train,comp_00019,negative,semantic_only,1,1,,,,,,0.908666,0.81297,0.805866,0.356265,20382,45235,different_controller,ordinary_negative,1,1,0,0,0,0,negative_without_hard_ambiguity
market_item.xlsx|中文暗网交易市场|seller_raw:354172||market_item.xlsx|中文暗网交易市场|seller_raw:506844,zh_target_strict,zh,uncertain_holdout,,uncertain,text_clone_primary,0,0,,,,,,0.933854,0.880867,0.947441,0.517726,354172,506844,uncertain,uncertain_insufficient_evidence,0,0,0,1,0,1,uncertain_or_not_supervision_label
market_item.xlsx|茶马古道|seller_raw:/shop/415595||market_item.xlsx|茶马古道|seller_raw:/shop/458140,zh_target_strict,zh,uncertain_holdout,,uncertain,text_clone_primary,0,0,,,,,,0.897901,0.835318,0.903852,0.516474,/shop/415595,/shop/458140,uncertain,uncertain_insufficient_evidence,0,0,0,1,0,1,uncertain_or_not_supervision_label
market_item.xlsx|中文暗网交易市场|seller_raw:238938||market_item.xlsx|中文暗网交易市场|seller_raw:50649,zh_target_strict,zh,uncertain_holdout,,uncertain,text_clone_primary,0,0,,,,,,0.967653,0.914634,0.940564,0.516403,238938,50649,uncertain,uncertain_insufficient_evidence,0,0,0,1,0,0,uncertain_or_not_supervision_label
market_item.xlsx|中文暗网交易市场|seller_raw:54824||market_item.xlsx|中文暗网交易市场|seller_raw:70335,zh_target_strict,zh,test,comp_00099,negative,text_clone_primary,1,1,,,,,,0.910153,0.87679,0.92204,0.503774,54824,70335,different_controller,public_contact_or_url_noise,1,1,0,1,0,1,review_notes_public_or_non_seller_keyword
market_item.xlsx|茶马古道|seller_raw:/shop/412039||market_item.xlsx|茶马古道|seller_raw:/shop/413435,zh_target_strict,zh,uncertain_holdout,,uncertain,text_clone_primary,0,0,,,,,,0.939899,0.864041,0.931113,0.502377,/shop/412039,/shop/413435,uncertain,uncertain_insufficient_evidence,0,0,0,1,0,0,uncertain_or_not_supervision_label
market_item.xlsx|茶马古道|seller_raw:/shop/443705||market_item.xlsx|茶马古道|seller_raw:/shop/445000,zh_target_strict,zh,uncertain_holdout,,uncertain,semantic_structural,0,0,,,,,,0.953532,0.935145,0.964435,0.864504,/shop/443705,/shop/445000,uncertain,uncertain_insufficient_evidence,0,0,0,0,0,0,uncertain_or_not_supervision_label
market_item.xlsx|中文暗网交易市场|seller_raw:167147||market_item.xlsx|中文暗网交易市场|seller_raw:319180,zh_target_strict,zh,uncertain_holdout,,uncertain,text_clone_primary,0,0,,,,,,0.893161,0.791763,0.811504,0.49684,167147,319180,uncertain,uncertain_insufficient_evidence,0,0,0,1,0,0,uncertain_or_not_supervision_label
market_item.xlsx|中文暗网交易市场|seller_raw:319180||market_item.xlsx|中文暗网交易市场|seller_raw:65684,zh_target_strict,zh,uncertain_holdout,,uncertain,text_clone_primary,0,0,,,,,,0.897479,0.794138,0.820415,0.496377,319180,65684,uncertain,uncertain_insufficient_evidence,0,0,0,1,0,0,uncertain_or_not_supervision_label
market_item.xlsx|中文暗网交易市场|seller_raw:46424||market_item.xlsx|中文暗网交易市场|seller_raw:48067,zh_target_strict,zh,train,comp_00071,negative,semantic_only,1,1,,,,,,0.925466,0.852617,0.910095,0.090417,46424,48067,different_controller,semantic_topic_not_controller,1,1,0,0,1,0,embedding_cosine_bge_m3>=0.8|embedding_cosine_gte_multilingual_base>=0.8|embedding_cosine_labse>=0.8|embedding_cosine_multilingual_e5_large>=0.8
market_item.xlsx|中文暗网交易市场|seller_raw:117631||market_item.xlsx|中文暗网交易市场|seller_raw:375149,zh_target_strict,zh,uncertain_holdout,,uncertain,text_clone_primary,0,0,,,,,,0.925777,0.851425,0.894898,0.492275,117631,375149,uncertain,uncertain_insufficient_evidence,0,0,0,1,0,1,uncertain_or_not_supervision_label
market_item.xlsx|中文暗网交易市场|seller_raw:546735||market_item.xlsx|茶马古道|seller_raw:/shop/439316,zh_target_strict,zh,uncertain_holdout,,uncertain,text_clone_primary,0,0,,,,,,0.939472,0.912542,0.950419,0.491654,546735,/shop/439316,uncertain,uncertain_insufficient_evidence,0,0,0,1,0,1,uncertain_or_not_supervision_label
market_item.xlsx|中文暗网交易市场|seller_raw:24172||market_item.xlsx|茶马古道|seller_raw:/shop/406711,zh_target_strict,zh,train,comp_00001,negative,semantic_only,1,1,,,,,,0.870326,0.784979,0.823438,0.24917,24172,/shop/406711,different_controller,semantic_topic_not_controller,1,1,0,0,1,0,embedding_cosine_gte_multilingual_base>=0.8|embedding_cosine_labse>=0.8|embedding_cosine_multilingual_e5_large>=0.8
market_item.xlsx|中文暗网交易市场|seller_raw:238938||market_item.xlsx|茶马古道|seller_raw:/shop/2417,zh_target_strict,zh,uncertain_holdout,,uncertain,text_clone_primary,0,0,,,,,,0.937088,0.923304,0.900374,0.491503,238938,/shop/2417,uncertain,uncertain_insufficient_evidence,0,0,0,1,0,1,uncertain_or_not_supervision_label
market_item.xlsx|茶马古道|seller_raw:/shop/440237||market_item.xlsx|茶马古道|seller_raw:/shop/443520,zh_target_strict,zh,uncertain_holdout,,uncertain,semantic_structural,0,0,,,,,,0.929972,0.842958,0.89934,0.673162,/shop/440237,/shop/443520,uncertain,uncertain_insufficient_evidence,0,0,0,0,0,0,uncertain_or_not_supervision_label
market_item.xlsx|中文暗网交易市场|seller_raw:311141||market_item.xlsx|茶马古道|seller_raw:/shop/427472,zh_target_strict,zh,test,comp_00002,positive,semantic_only,1,1,,,,,,0.895521,0.836672,0.873645,0.294567,311141,/shop/427472,same_controller,same_controller_style_structural_soft,1,1,0,0,1,0,positive_without_direct_identifier
market_item.xlsx|茶马古道|seller_raw:/shop/397312||market_item.xlsx|茶马古道|seller_raw:/shop/415595,zh_target_strict,zh,uncertain_holdout,,uncertain,text_clone_primary,0,0,,,,,,0.920367,0.863588,0.915851,0.488556,/shop/397312,/shop/415595,uncertain,uncertain_insufficient_evidence,0,0,0,1,0,1,uncertain_or_not_supervision_label
market_item.xlsx|中文暗网交易市场|seller_raw:35465||market_item.xlsx|中文暗网交易市场|seller_raw:36740,zh_target_strict,zh,test,comp_00036,negative,semantic_only,1,1,,,,,,0.885032,0.766845,0.864214,0.288545,35465,36740,different_controller,semantic_topic_not_controller,1,1,0,0,1,0,embedding_cosine_gte_multilingual_base>=0.8|embedding_cosine_labse>=0.8|embedding_cosine_multilingual_e5_large>=0.8
market_item.xlsx|中文暗网交易市场|seller_raw:363589||market_item.xlsx|茶马古道|seller_raw:/shop/432946,zh_target_strict,zh,valid,comp_00046,negative,semantic_only,1,1,,,,,,0.879599,0.841623,0.861373,0.326128,363589,/shop/432946,different_controller,semantic_topic_not_controller,1,1,0,0,1,0,embedding_cosine_bge_m3>=0.8|embedding_cosine_gte_multilingual_base>=0.8|embedding_cosine_labse>=0.8|embedding_cosine_multilingual_e5_large>=0.8
market_item.xlsx|中文暗网交易市场|seller_raw:413239||market_item.xlsx|茶马古道|seller_raw:/shop/393295,zh_target_strict,zh,uncertain_holdout,,uncertain,semantic_only,0,0,,,,,,0.934717,0.894823,0.912492,0.330021,413239,/shop/393295,uncertain,uncertain_insufficient_evidence,0,0,0,0,1,0,uncertain_or_not_supervision_label
market_item.xlsx|中文暗网交易市场|seller_raw:172590||market_item.xlsx|中文暗网交易市场|seller_raw:473991,zh_target_strict,zh,uncertain_holdout,,uncertain,semantic_structural,0,0,,,,,,0.907439,0.828388,0.890738,0.713182,172590,473991,uncertain,uncertain_insufficient_evidence,0,0,0,0,0,0,uncertain_or_not_supervision_label
market_item.xlsx|中文暗网交易市场|seller_raw:548133||market_item.xlsx|茶马古道|seller_raw:/shop/441156,zh_target_strict,zh,uncertain_holdout,,uncertain,semantic_only,0,0,,,,,,0.923236,0.854214,0.900606,0.300932,548133,/shop/441156,uncertain,uncertain_insufficient_evidence,0,0,0,0,1,0,uncertain_or_not_supervision_label
market_item.xlsx|茶马古道|seller_raw:/shop/430060||market_item.xlsx|茶马古道|seller_raw:/shop/458490,zh_target_strict,zh,uncertain_holdout,,uncertain,text_clone_primary,0,0,,,,,,0.951645,0.925603,0.933029,0.870321,/shop/430060,/shop/458490,uncertain,uncertain_insufficient_evidence,0,0,0,1,0,0,uncertain_or_not_supervision_label
market_item.xlsx|中文暗网交易市场|seller_raw:536401||market_item.xlsx|茶马古道|seller_raw:/shop/442847,zh_target_strict,zh,valid,comp_00094,positive,semantic_only,1,1,,,,,,0.940201,0.912602,0.927595,0.329781,536401,/shop/442847,same_controller,same_controller_style_structural_soft,1,1,0,0,1,0,positive_without_direct_identifier
market_item.xlsx|中文暗网交易市场|seller_raw:512254||market_item.xlsx|茶马古道|seller_raw:/shop/423073,zh_target_strict,zh,valid,comp_00085,negative,semantic_only,1,1,,,,,,0.88454,0.780913,0.901481,0.332369,512254,/shop/423073,different_controller,semantic_topic_not_controller,1,1,0,0,1,0,embedding_cosine_gte_multilingual_base>=0.8|embedding_cosine_labse>=0.8|embedding_cosine_multilingual_e5_large>=0.8
market_item.xlsx|中文暗网交易市场|seller_raw:17231||market_item.xlsx|中文暗网交易市场|seller_raw:56808,zh_target_strict,zh,train,comp_00001,negative,semantic_structural,1,1,,,,,,0.934615,0.817399,0.917869,0.543911,17231,56808,different_controller,ordinary_negative,1,1,0,0,0,0,negative_without_hard_ambiguity
market_item.xlsx|中文暗网交易市场|seller_raw:31478||market_item.xlsx|茶马古道|seller_raw:/shop/451570,zh_target_strict,zh,valid,comp_00035,negative,semantic_only,1,1,,,,,,0.892061,0.762063,0.777856,0.323531,31478,/shop/451570,different_controller,semantic_topic_not_controller,1,1,0,0,1,0,embedding_cosine_gte_multilingual_base>=0.8|embedding_cosine_multilingual_e5_large>=0.8
market_item.xlsx|中文暗网交易市场|seller_raw:471824||market_item.xlsx|茶马古道|seller_raw:/shop/7611,zh_target_strict,zh,train,comp_00072,negative,semantic_only,1,1,,,,,,0.924303,0.800595,0.896406,0.241088,471824,/shop/7611,different_controller,semantic_topic_not_controller,1,1,0,0,1,0,embedding_cosine_bge_m3>=0.8|embedding_cosine_gte_multilingual_base>=0.8|embedding_cosine_labse>=0.8|embedding_cosine_multilingual_e5_large>=0.8
market_item.xlsx|中文暗网交易市场|seller_raw:581978||market_item.xlsx|茶马古道|seller_raw:/shop/464140,zh_target_strict,zh,train,comp_00001,positive,semantic_only,1,1,,,,,,0.917893,0.794848,0.819908,0.281867,581978,/shop/464140,same_controller,same_controller_style_structural_soft,1,1,0,0,1,0,positive_without_direct_identifier
market_item.xlsx|茶马古道|seller_raw:/shop/427847||market_item.xlsx|茶马古道|seller_raw:/shop/466436,zh_target_strict,zh,test,comp_00189,negative,semantic_structural,1,1,,,,,,0.945712,0.911549,0.921033,0.705008,/shop/427847,/shop/466436,different_controller,ordinary_negative,1,1,0,0,0,0,negative_without_hard_ambiguity
market_item.xlsx|中文暗网交易市场|seller_raw:548133||market_item.xlsx|茶马古道|seller_raw:/shop/454152,zh_target_strict,zh,train,comp_00001,positive,semantic_only,1,1,,,,,,0.916406,0.853413,0.865768,0.287188,548133,/shop/454152,same_controller,same_controller_style_structural_soft,1,1,0,0,1,0,positive_without_direct_identifier
market_item.xlsx|中文暗网交易市场|seller_raw:74774||market_item.xlsx|茶马古道|seller_raw:/shop/406711,zh_target_strict,zh,train,comp_00001,negative,semantic_only,1,1,,,,,,0.885915,0.778738,0.751019,0.242909,74774,/shop/406711,different_controller,semantic_topic_not_controller,1,1,0,0,1,0,embedding_cosine_gte_multilingual_base>=0.8|embedding_cosine_multilingual_e5_large>=0.8
market_item.xlsx|中文暗网交易市场|seller_raw:188608||market_item.xlsx|茶马古道|seller_raw:/shop/433600,zh_target_strict,zh,test,comp_00015,negative,text_clone_primary,1,1,,,,,,0.90411,0.855059,0.921705,0.378825,188608,/shop/433600,different_controller,template_clone_not_controller,1,1,0,1,0,0,feature_has_shared_description_clone|feature_shared_description_count|feature_shared_low_df_sentence_count|review_stratum:text_clone
market_item.xlsx|中文暗网交易市场|seller_raw:526222||market_item.xlsx|中文暗网交易市场|seller_raw:565793,zh_target_strict,zh,test,comp_00077,negative,text_clone_primary,1,1,,,,,,0.906714,0.806098,0.827898,0.377715,526222,565793,different_controller,template_clone_not_controller,1,1,0,1,0,0,feature_has_shared_description_clone|feature_shared_description_count|review_stratum:text_clone
market_item.xlsx|中文暗网交易市场|seller_raw:37633||market_item.xlsx|茶马古道|seller_raw:/shop/453513,zh_target_strict,zh,test,comp_00048,negative,semantic_only,1,1,,,,,,0.878677,0.786035,0.886195,0.301765,37633,/shop/453513,different_controller,semantic_topic_not_controller,1,1,0,0,1,0,embedding_cosine_gte_multilingual_base>=0.8|embedding_cosine_labse>=0.8|embedding_cosine_multilingual_e5_large>=0.8
market_item.xlsx|茶马古道|seller_raw:/shop/449035||market_item.xlsx|茶马古道|seller_raw:/shop/453234,zh_target_strict,zh,uncertain_holdout,,uncertain,text_clone_primary,0,0,,,,,,0.933683,0.875306,0.918059,0.370375,/shop/449035,/shop/453234,uncertain,uncertain_insufficient_evidence,0,0,0,1,0,0,uncertain_or_not_supervision_label
market_item.xlsx|中文暗网交易市场|seller_raw:206750||market_item.xlsx|茶马古道|seller_raw:/shop/7343,zh_target_strict,zh,test,comp_00020,negative,semantic_only,1,1,,,,,,0.908563,0.828962,0.856376,0.178321,206750,/shop/7343,different_controller,semantic_topic_not_controller,1,1,0,0,1,0,embedding_cosine_bge_m3>=0.8|embedding_cosine_gte_multilingual_base>=0.8|embedding_cosine_labse>=0.8|embedding_cosine_multilingual_e5_large>=0.8
market_item.xlsx|中文暗网交易市场|seller_raw:50649||market_item.xlsx|茶马古道|seller_raw:/shop/2417,zh_target_strict,zh,uncertain_holdout,,uncertain,text_clone_primary,0,0,,,,,,0.917849,0.860831,0.897392,0.367719,50649,/shop/2417,uncertain,uncertain_insufficient_evidence,0,0,0,1,0,1,uncertain_or_not_supervision_label
market_item.xlsx|中文暗网交易市场|seller_raw:517171||market_item.xlsx|茶马古道|seller_raw:/shop/439316,zh_target_strict,zh,uncertain_holdout,,uncertain,text_clone_primary,0,0,,,,,,0.944093,0.890037,0.889898,0.364566,517171,/shop/439316,uncertain,uncertain_insufficient_evidence,0,0,0,1,0,1,uncertain_or_not_supervision_label
market_item.xlsx|中文暗网交易市场|seller_raw:24172||market_item.xlsx|茶马古道|seller_raw:/shop/413191,zh_target_strict,zh,train,comp_00001,negative,semantic_only,1,1,,,,,,0.867677,0.768181,0.811631,0.259629,24172,/shop/413191,different_controller,semantic_topic_not_controller,1,1,0,0,1,0,embedding_cosine_gte_multilingual_base>=0.8|embedding_cosine_labse>=0.8|embedding_cosine_multilingual_e5_large>=0.8
market_item.xlsx|中文暗网交易市场|seller_raw:24304||market_item.xlsx|茶马古道|seller_raw:/shop/405626,zh_target_strict,zh,test,comp_00016,negative,semantic_only,1,1,,,,,,0.86525,0.827095,0.804473,0.280581,24304,/shop/405626,different_controller,semantic_topic_not_controller,1,1,0,0,1,0,embedding_cosine_bge_m3>=0.8|embedding_cosine_gte_multilingual_base>=0.8|embedding_cosine_labse>=0.8|embedding_cosine_multilingual_e5_large>=0.8
market_item.xlsx|中文暗网交易市场|seller_raw:238529||market_item.xlsx|中文暗网交易市场|seller_raw:531087,zh_target_strict,zh,train,comp_00001,negative,semantic_structural,1,1,,,,,,0.904292,0.805975,0.886448,0.672979,238529,531087,different_controller,ordinary_negative,1,1,0,0,0,0,negative_without_hard_ambiguity
market_item.xlsx|中文暗网交易市场|seller_raw:488510||market_item.xlsx|茶马古道|seller_raw:/shop/397872,zh_target_strict,zh,uncertain_holdout,,uncertain,semantic_only,0,0,,,,,,0.878712,0.808547,0.911613,0.264093,488510,/shop/397872,uncertain,uncertain_insufficient_evidence,0,0,0,1,1,0,uncertain_or_not_supervision_label
market_item.xlsx|中文暗网交易市场|seller_raw:29159||market_item.xlsx|茶马古道|seller_raw:/shop/397874,zh_target_strict,zh,train,comp_00001,negative,semantic_only,1,1,,,,,,0.913911,0.876747,0.865019,0.237801,29159,/shop/397874,different_controller,semantic_topic_not_controller,1,1,0,0,1,0,embedding_cosine_bge_m3>=0.8|embedding_cosine_gte_multilingual_base>=0.8|embedding_cosine_labse>=0.8|embedding_cosine_multilingual_e5_large>=0.8
market_item.xlsx|中文暗网交易市场|seller_raw:188608||market_item.xlsx|茶马古道|seller_raw:/shop/439425,zh_target_strict,zh,test,comp_00015,negative,text_clone_primary,1,1,,,,,,0.889346,0.845519,0.906958,0.315634,188608,/shop/439425,different_controller,template_clone_not_controller,1,1,0,1,0,0,feature_has_shared_description_clone|feature_shared_description_count|feature_shared_low_df_sentence_count|review_stratum:text_clone
market_item.xlsx|茶马古道|seller_raw:/shop/405043||market_item.xlsx|茶马古道|seller_raw:/shop/417919,zh_target_strict,zh,test,comp_00156,negative,semantic_only,1,1,,,,,,0.898415,0.773825,0.838048,0.258262,/shop/405043,/shop/417919,different_controller,semantic_topic_not_controller,1,1,0,0,1,0,embedding_cosine_gte_multilingual_base>=0.8|embedding_cosine_labse>=0.8|embedding_cosine_multilingual_e5_large>=0.8
market_item.xlsx|中文暗网交易市场|seller_raw:74774||market_item.xlsx|茶马古道|seller_raw:/shop/413191,zh_target_strict,zh,train,comp_00001,negative,semantic_only,1,1,,,,,,0.87344,0.753703,0.739402,0.265373,74774,/shop/413191,different_controller,semantic_topic_not_controller,1,1,0,0,1,0,embedding_cosine_gte_multilingual_base>=0.8|embedding_cosine_multilingual_e5_large>=0.8
market_item.xlsx|中文暗网交易市场|seller_raw:14549||market_item.xlsx|茶马古道|seller_raw:/shop/397434,zh_target_strict,zh,train,comp_00005,negative,semantic_only,1,1,,,,,,0.878865,0.767259,0.874297,0.208136,14549,/shop/397434,different_controller,semantic_topic_not_controller,1,1,0,0,1,0,embedding_cosine_gte_multilingual_base>=0.8|embedding_cosine_labse>=0.8|embedding_cosine_multilingual_e5_large>=0.8
market_item.xlsx|中文暗网交易市场|seller_raw:117631||market_item.xlsx|中文暗网交易市场|seller_raw:506844,zh_target_strict,zh,uncertain_holdout,,uncertain,text_clone_primary,0,0,,,,,,0.923104,0.863106,0.929808,0.31057,117631,506844,uncertain,uncertain_insufficient_evidence,0,0,0,1,0,1,uncertain_or_not_supervision_label
market_item.xlsx|茶马古道|seller_raw:/shop/409526||market_item.xlsx|茶马古道|seller_raw:/shop/415371,zh_target_strict,zh,uncertain_holdout,,uncertain,semantic_structural,0,0,,,,,,0.933619,0.911039,0.920876,0.613802,/shop/409526,/shop/415371,uncertain,uncertain_insufficient_evidence,0,0,0,0,0,0,uncertain_or_not_supervision_label
market_item.xlsx|中文暗网交易市场|seller_raw:586003||market_item.xlsx|中文暗网交易市场|seller_raw:99610,zh_target_strict,zh,train,comp_00001,negative,semantic_structural,1,1,,,,,,0.925525,0.820634,0.828705,0.520898,586003,99610,different_controller,ordinary_negative,1,1,0,0,0,0,negative_without_hard_ambiguity
market_item.xlsx|中文暗网交易市场|seller_raw:238529||market_item.xlsx|茶马古道|seller_raw:/shop/451633,zh_target_strict,zh,train,comp_00001,negative,semantic_only,1,1,,,,,,0.886737,0.791033,0.868891,0.18606,238529,/shop/451633,different_controller,semantic_topic_not_controller,1,1,0,0,1,0,embedding_cosine_gte_multilingual_base>=0.8|embedding_cosine_labse>=0.8|embedding_cosine_multilingual_e5_large>=0.8
market_item.xlsx|中文暗网交易市场|seller_raw:36627||market_item.xlsx|茶马古道|seller_raw:/shop/461599,zh_target_strict,zh,train,comp_00047,negative,semantic_only,1,1,,,,,,0.887298,0.76056,0.820283,0.166015,36627,/shop/461599,different_controller,semantic_topic_not_controller,1,1,0,0,1,0,embedding_cosine_gte_multilingual_base>=0.8|embedding_cosine_labse>=0.8|embedding_cosine_multilingual_e5_large>=0.8
market_item.xlsx|中文暗网交易市场|seller_raw:591680||market_item.xlsx|茶马古道|seller_raw:/shop/449048,zh_target_strict,zh,train,comp_00001,negative,semantic_only,1,1,,,,,,0.902382,0.773309,0.864666,0.19862,591680,/shop/449048,different_controller,semantic_topic_not_controller,1,1,0,0,1,0,embedding_cosine_gte_multilingual_base>=0.8|embedding_cosine_labse>=0.8|embedding_cosine_multilingual_e5_large>=0.8
market_item.xlsx|茶马古道|seller_raw:/shop/436689||market_item.xlsx|茶马古道|seller_raw:/shop/438208,zh_target_strict,zh,uncertain_holdout,,uncertain,text_clone_primary,0,0,,,,,,0.974647,0.95202,0.959039,0.575549,/shop/436689,/shop/438208,uncertain,uncertain_insufficient_evidence,0,0,0,1,0,0,uncertain_or_not_supervision_label
market_item.xlsx|茶马古道|seller_raw:/shop/440032||market_item.xlsx|茶马古道|seller_raw:/shop/441741,zh_target_strict,zh,test,comp_00149,negative,semantic_only,1,1,,,,,,0.924089,0.869959,0.862543,0.17187,/shop/440032,/shop/441741,different_controller,semantic_topic_not_controller,1,1,0,0,1,0,embedding_cosine_bge_m3>=0.8|embedding_cosine_gte_multilingual_base>=0.8|embedding_cosine_labse>=0.8|embedding_cosine_multilingual_e5_large>=0.8
market_item.xlsx|中文暗网交易市场|seller_raw:457175||market_item.xlsx|茶马古道|seller_raw:/shop/441220,zh_target_strict,zh,uncertain_holdout,,uncertain,text_clone_primary,0,0,,,,,,0.932397,0.897832,0.915049,0.241596,457175,/shop/441220,uncertain,uncertain_insufficient_evidence,0,0,0,1,0,0,uncertain_or_not_supervision_label
market_item.xlsx|中文暗网交易市场|seller_raw:26975||market_item.xlsx|中文暗网交易市场|seller_raw:57228,zh_target_strict,zh,train,comp_00027,negative,semantic_only,1,1,,,,,,0.864886,0.767356,0.790769,0.067382,26975,57228,different_controller,semantic_topic_not_controller,1,1,0,0,1,0,embedding_cosine_gte_multilingual_base>=0.8|embedding_cosine_multilingual_e5_large>=0.8
market_item.xlsx|中文暗网交易市场|seller_raw:23080||market_item.xlsx|茶马古道|seller_raw:/shop/412259,zh_target_strict,zh,valid,comp_00021,negative,semantic_only,1,1,,,,,,0.881141,0.801288,0.806766,0.125021,23080,/shop/412259,different_controller,semantic_topic_not_controller,1,1,0,0,1,0,embedding_cosine_bge_m3>=0.8|embedding_cosine_gte_multilingual_base>=0.8|embedding_cosine_labse>=0.8|embedding_cosine_multilingual_e5_large>=0.8
market_item.xlsx|中文暗网交易市场|seller_raw:313620||market_item.xlsx|茶马古道|seller_raw:/shop/279,zh_target_strict,zh,train,comp_00034,negative,semantic_only,1,1,,,,,,0.871463,0.77422,0.779006,0.131184,313620,/shop/279,different_controller,semantic_topic_not_controller,1,1,0,0,1,0,embedding_cosine_gte_multilingual_base>=0.8|embedding_cosine_multilingual_e5_large>=0.8
market_item.xlsx|中文暗网交易市场|seller_raw:528850||market_item.xlsx|茶马古道|seller_raw:/shop/8264,zh_target_strict,zh,uncertain_holdout,,uncertain,text_clone_primary,0,0,,,,,,0.928318,0.884415,0.918359,0.230117,528850,/shop/8264,uncertain,uncertain_insufficient_evidence,0,0,0,1,0,1,uncertain_or_not_supervision_label
market_item.xlsx|茶马古道|seller_raw:/shop/415543||market_item.xlsx|茶马古道|seller_raw:/shop/666,zh_target_strict,zh,uncertain_holdout,,uncertain,semantic_structural,0,0,,,,,,0.935496,0.919813,0.896479,0.619104,/shop/415543,/shop/666,uncertain,uncertain_insufficient_evidence,0,0,0,0,0,0,uncertain_or_not_supervision_label
market_item.xlsx|中文暗网交易市场|seller_raw:48851||market_item.xlsx|茶马古道|seller_raw:/shop/437369,zh_target_strict,zh,train,comp_00001,negative,semantic_only,1,1,,,,,,0.881498,0.813007,0.863966,0.486941,48851,/shop/437369,different_controller,ordinary_negative,1,1,0,0,0,0,negative_without_hard_ambiguity
market_item.xlsx|中文暗网交易市场|seller_raw:238529||market_item.xlsx|中文暗网交易市场|seller_raw:565149,zh_target_strict,zh,train,comp_00001,negative,semantic_structural,1,1,,,,,,0.912998,0.838626,0.877515,0.672979,238529,565149,different_controller,ordinary_negative,1,1,0,0,0,0,negative_without_hard_ambiguity
market_item.xlsx|中文暗网交易市场|seller_raw:605890||market_item.xlsx|茶马古道|seller_raw:/shop/449035,zh_target_strict,zh,uncertain_holdout,,uncertain,text_clone_primary,0,0,,,,,,0.917598,0.889608,0.924863,0.195848,605890,/shop/449035,uncertain,uncertain_insufficient_evidence,0,0,0,1,0,0,uncertain_or_not_supervision_label
market_item.xlsx|中文暗网交易市场|seller_raw:506844||market_item.xlsx|茶马古道|seller_raw:/shop/8264,zh_target_strict,zh,uncertain_holdout,,uncertain,text_clone_primary,0,0,,,,,,0.931428,0.903476,0.926162,0.176003,506844,/shop/8264,uncertain,uncertain_insufficient_evidence,0,0,0,1,0,1,uncertain_or_not_supervision_label
market_item.xlsx|中文暗网交易市场|seller_raw:346677||market_item.xlsx|中文暗网交易市场|seller_raw:490499,zh_target_strict,zh,train,comp_00001,negative,semantic_structural,1,1,,,,,,0.897256,0.789715,0.842393,0.539117,346677,490499,different_controller,ordinary_negative,1,1,0,0,0,0,negative_without_hard_ambiguity
market_item.xlsx|中文暗网交易市场|seller_raw:11870||market_item.xlsx|中文暗网交易市场|seller_raw:311141,zh_target_strict,zh,test,comp_00002,positive,semantic_only,1,1,,,,,,0.916035,0.861857,0.883464,0.498681,11870,311141,same_controller,same_controller_style_structural_soft,1,1,0,0,0,0,positive_without_direct_identifier
market_item.xlsx|茶马古道|seller_raw:/shop/396807||market_item.xlsx|茶马古道|seller_raw:/shop/421134,zh_target_strict,zh,uncertain_holdout,,uncertain,semantic_structural,0,0,,,,,,0.952679,0.932404,0.892946,0.837038,/shop/396807,/shop/421134,uncertain,uncertain_insufficient_evidence,0,0,0,0,0,0,uncertain_or_not_supervision_label
market_item.xlsx|中文暗网交易市场|seller_raw:551033||market_item.xlsx|中文暗网交易市场|seller_raw:565149,zh_target_strict,zh,train,comp_00001,negative,text_clone_primary,1,1,,,,,,0.89262,0.78824,0.869268,0.417112,551033,565149,different_controller,template_clone_not_controller,1,1,0,1,0,0,feature_has_shared_title_clone|feature_shared_rare_ngram_count|feature_shared_title_count|review_stratum:text_clone
market_item.xlsx|中文暗网交易市场|seller_raw:365633||market_item.xlsx|中文暗网交易市场|seller_raw:517245,zh_target_strict,zh,uncertain_holdout,,uncertain,semantic_structural,0,0,,,,,,0.91836,0.891191,0.913108,0.712969,365633,517245,uncertain,uncertain_insufficient_evidence,0,0,0,0,0,0,uncertain_or_not_supervision_label
market_item.xlsx|中文暗网交易市场|seller_raw:68595||market_item.xlsx|茶马古道|seller_raw:/shop/441893,zh_target_strict,zh,test,comp_00129,negative,semantic_only,1,1,,,,,,0.887861,0.818809,0.840057,0.486378,68595,/shop/441893,different_controller,ordinary_negative,1,1,0,0,0,0,negative_without_hard_ambiguity
market_item.xlsx|茶马古道|seller_raw:/shop/395006||market_item.xlsx|茶马古道|seller_raw:/shop/8506,zh_target_strict,zh,uncertain_holdout,,uncertain,semantic_only,0,0,,,,,,0.922414,0.849275,0.809141,0.489298,/shop/395006,/shop/8506,uncertain,uncertain_insufficient_evidence,0,0,0,0,0,0,uncertain_or_not_supervision_label
market_item.xlsx|中文暗网交易市场|seller_raw:523947||market_item.xlsx|中文暗网交易市场|seller_raw:83240,zh_target_strict,zh,uncertain_holdout,,uncertain,text_clone_primary,0,0,,,,,,0.943553,0.847227,0.927381,0.79905,523947,83240,uncertain,uncertain_insufficient_evidence,0,0,0,1,0,0,uncertain_or_not_supervision_label
market_item.xlsx|中文暗网交易市场|seller_raw:312538||market_item.xlsx|中文暗网交易市场|seller_raw:395687,zh_target_strict,zh,uncertain_holdout,,uncertain,semantic_structural,0,0,,,,,,0.944626,0.889803,0.941889,0.784495,312538,395687,uncertain,uncertain_insufficient_evidence,0,0,0,0,0,0,uncertain_or_not_supervision_label
market_item.xlsx|茶马古道|seller_raw:/shop/421090||market_item.xlsx|茶马古道|seller_raw:/shop/464047,zh_target_strict,zh,test,comp_00176,negative,text_clone_primary,1,1,,,,,,0.912295,0.790264,0.846452,0.144206,/shop/421090,/shop/464047,different_controller,template_clone_not_controller,1,1,0,1,0,0,feature_has_shared_title_clone|feature_shared_rare_ngram_count|feature_shared_title_count|review_stratum:text_clone
market_item.xlsx|茶马古道|seller_raw:/shop/411999||market_item.xlsx|茶马古道|seller_raw:/shop/414476,zh_target_strict,zh,test,comp_00164,negative,semantic_only,1,1,,,,,,0.934308,0.886455,0.922144,0.473888,/shop/411999,/shop/414476,different_controller,ordinary_negative,1,1,0,0,0,0,negative_without_hard_ambiguity
market_item.xlsx|中文暗网交易市场|seller_raw:605589||market_item.xlsx|茶马古道|seller_raw:/shop/446567,zh_target_strict,zh,uncertain_holdout,,uncertain,text_clone_primary,0,0,,,,,,0.930545,0.899164,0.969912,0.285415,605589,/shop/446567,uncertain,uncertain_insufficient_evidence,0,0,0,1,0,0,uncertain_or_not_supervision_label
market_item.xlsx|茶马古道|seller_raw:/shop/415633||market_item.xlsx|茶马古道|seller_raw:/shop/455056,zh_target_strict,zh,uncertain_holdout,,uncertain,semantic_structural,0,0,,,,,,0.966662,0.965411,0.908196,0.748937,/shop/415633,/shop/455056,uncertain,uncertain_insufficient_evidence,0,0,0,0,0,0,uncertain_or_not_supervision_label
market_item.xlsx|茶马古道|seller_raw:/shop/414692||market_item.xlsx|茶马古道|seller_raw:/shop/457737,zh_target_strict,zh,test,comp_00164,negative,semantic_only,1,1,,,,,,0.916922,0.871065,0.874405,0.433272,/shop/414692,/shop/457737,different_controller,ordinary_negative,1,1,0,0,0,0,negative_without_hard_ambiguity
market_item.xlsx|中文暗网交易市场|seller_raw:19692||market_item.xlsx|中文暗网交易市场|seller_raw:357141,zh_target_strict,zh,train,comp_00017,positive,semantic_only,1,1,,,,,,0.935036,0.854357,0.915976,0.455392,19692,357141,same_controller,same_controller_style_structural_soft,1,1,0,0,0,0,positive_without_direct_identifier
market_item.xlsx|茶马古道|seller_raw:/shop/445120||market_item.xlsx|茶马古道|seller_raw:/shop/446950,zh_target_strict,zh,valid,comp_00157,negative,semantic_structural,1,1,,,,,,0.951093,0.883462,0.805091,0.516667,/shop/445120,/shop/446950,different_controller,ordinary_negative,1,1,0,0,0,0,negative_without_hard_ambiguity
market_item.xlsx|中文暗网交易市场|seller_raw:46164||market_item.xlsx|茶马古道|seller_raw:/shop/436848,zh_target_strict,zh,test,comp_00016,negative,semantic_only,1,1,,,,,,0.862785,0.769853,0.825088,0.448314,46164,/shop/436848,different_controller,ordinary_negative,1,1,0,0,0,0,negative_without_hard_ambiguity
market_item.xlsx|中文暗网交易市场|seller_raw:444810||market_item.xlsx|中文暗网交易市场|seller_raw:79018,zh_target_strict,zh,train,comp_00065,negative,semantic_structural,1,1,,,,,,0.918867,0.88261,0.899588,0.716053,444810,79018,different_controller,ordinary_negative,1,1,0,0,0,0,negative_without_hard_ambiguity
market_item.xlsx|茶马古道|seller_raw:/shop/415543||market_item.xlsx|茶马古道|seller_raw:/shop/467049,zh_target_strict,zh,uncertain_holdout,,uncertain,semantic_structural,0,0,,,,,,0.950346,0.925313,0.904973,0.617057,/shop/415543,/shop/467049,uncertain,uncertain_insufficient_evidence,0,0,0,0,0,0,uncertain_or_not_supervision_label
market_item.xlsx|茶马古道|seller_raw:/shop/425001||market_item.xlsx|茶马古道|seller_raw:/shop/460340,zh_target_strict,zh,test,comp_00184,negative,semantic_structural,1,1,,,,,,0.937742,0.892744,0.93255,0.726724,/shop/425001,/shop/460340,different_controller,ordinary_negative,1,1,0,0,0,0,negative_without_hard_ambiguity
market_item.xlsx|茶马古道|seller_raw:/shop/435860||market_item.xlsx|茶马古道|seller_raw:/shop/469170,zh_target_strict,zh,uncertain_holdout,,uncertain,semantic_structural,0,0,,,,,,0.891512,0.829199,0.792408,0.803476,/shop/435860,/shop/469170,uncertain,uncertain_insufficient_evidence,0,0,0,0,0,0,uncertain_or_not_supervision_label
market_item.xlsx|中文暗网交易市场|seller_raw:319180||market_item.xlsx|中文暗网交易市场|seller_raw:569984,zh_target_strict,zh,uncertain_holdout,,uncertain,text_clone_primary,0,0,,,,,,0.905161,0.844966,0.852995,0.673875,319180,569984,uncertain,uncertain_insufficient_evidence,0,0,0,1,0,0,uncertain_or_not_supervision_label
market_item.xlsx|中文暗网交易市场|seller_raw:365633||market_item.xlsx|中文暗网交易市场|seller_raw:566597,zh_target_strict,zh,uncertain_holdout,,uncertain,semantic_structural,0,0,,,,,,0.921856,0.897668,0.916753,0.705616,365633,566597,uncertain,uncertain_insufficient_evidence,0,0,0,0,0,0,uncertain_or_not_supervision_label
market_item.xlsx|茶马古道|seller_raw:/shop/434799||market_item.xlsx|茶马古道|seller_raw:/shop/475,zh_target_strict,zh,test,comp_00196,negative,semantic_only,1,1,,,,,,0.923648,0.852633,0.794994,0.4227,/shop/434799,/shop/475,different_controller,ordinary_negative,1,1,0,0,0,0,negative_without_hard_ambiguity
market_item.xlsx|中文暗网交易市场|seller_raw:361068||market_item.xlsx|中文暗网交易市场|seller_raw:446965,zh_target_strict,zh,train,silver_train_comp_00152,positive,text_clone_primary,1,1,,,,,,0.935121,0.880144,0.880522,0.650964,361068,446965,same_controller,same_controller_component_anchor,1,1,0,1,0,0,review_notes_component_anchor_keyword
market_item.xlsx|茶马古道|seller_raw:/shop/432473||market_item.xlsx|茶马古道|seller_raw:/shop/461222,zh_target_strict,zh,uncertain_holdout,,uncertain,text_clone_primary,0,0,,,,,,0.891759,0.813045,0.907146,0.555603,/shop/432473,/shop/461222,uncertain,uncertain_insufficient_evidence,0,0,0,1,0,0,uncertain_or_not_supervision_label
market_item.xlsx|茶马古道|seller_raw:/shop/418181||market_item.xlsx|茶马古道|seller_raw:/shop/7275,zh_target_strict,zh,uncertain_holdout,,uncertain,semantic_structural,0,0,,,,,,0.927829,0.873785,0.859938,0.692959,/shop/418181,/shop/7275,uncertain,uncertain_insufficient_evidence,0,0,0,0,0,0,uncertain_or_not_supervision_label
market_item.xlsx|中文暗网交易市场|seller_raw:346677||market_item.xlsx|中文暗网交易市场|seller_raw:560066,zh_target_strict,zh,train,comp_00001,negative,semantic_only,1,1,,,,,,0.921816,0.761515,0.834595,0.412138,346677,560066,different_controller,ordinary_negative,1,1,0,0,0,0,negative_without_hard_ambiguity
market_item.xlsx|中文暗网交易市场|seller_raw:206750||market_item.xlsx|中文暗网交易市场|seller_raw:604165,zh_target_strict,zh,test,comp_00020,negative,semantic_only,1,1,,,,,,0.933707,0.847963,0.824169,0.416812,206750,604165,different_controller,ordinary_negative,1,1,0,0,0,0,negative_without_hard_ambiguity
market_item.xlsx|中文暗网交易市场|seller_raw:489129||market_item.xlsx|中文暗网交易市场|seller_raw:99610,zh_target_strict,zh,train,comp_00001,negative,semantic_only,1,1,,,,,,0.893917,0.85309,0.819975,0.387303,489129,99610,different_controller,ordinary_negative,1,1,0,0,0,0,negative_without_hard_ambiguity
market_item.xlsx|中文暗网交易市场|seller_raw:490054||market_item.xlsx|中文暗网交易市场|seller_raw:565793,zh_target_strict,zh,test,comp_00077,positive,semantic_only,1,1,,,,,,0.950302,0.902339,0.931794,0.390385,490054,565793,same_controller,same_controller_style_structural_soft,1,1,0,0,0,0,positive_without_direct_identifier
market_item.xlsx|中文暗网交易市场|seller_raw:459538||market_item.xlsx|中文暗网交易市场|seller_raw:511033,zh_target_strict,zh,train,comp_00001,negative,semantic_structural,1,1,,,,,,0.877773,0.781496,0.82272,0.702608,459538,511033,different_controller,ordinary_negative,1,1,0,0,0,0,negative_without_hard_ambiguity
market_item.xlsx|茶马古道|seller_raw:/shop/399387||market_item.xlsx|茶马古道|seller_raw:/shop/419463,zh_target_strict,zh,test,comp_00147,negative,semantic_structural,1,1,,,,,,0.916133,0.857443,0.886076,0.627829,/shop/399387,/shop/419463,different_controller,ordinary_negative,1,1,0,0,0,0,negative_without_hard_ambiguity
market_item.xlsx|茶马古道|seller_raw:/shop/410615||market_item.xlsx|茶马古道|seller_raw:/shop/452221,zh_target_strict,zh,uncertain_holdout,,uncertain,semantic_structural,0,0,,,,,,0.944292,0.9069,0.936946,0.729759,/shop/410615,/shop/452221,uncertain,uncertain_insufficient_evidence,0,0,0,0,0,0,uncertain_or_not_supervision_label
market_item.xlsx|茶马古道|seller_raw:/shop/427282||market_item.xlsx|茶马古道|seller_raw:/shop/457737,zh_target_strict,zh,uncertain_holdout,,uncertain,semantic_structural,0,0,,,,,,0.94526,0.864416,0.946816,0.566368,/shop/427282,/shop/457737,uncertain,uncertain_insufficient_evidence,0,0,0,0,0,0,uncertain_or_not_supervision_label
market_item.xlsx|茶马古道|seller_raw:/shop/437369||market_item.xlsx|茶马古道|seller_raw:/shop/448464,zh_target_strict,zh,train,comp_00001,negative,semantic_only,1,1,,,,,,0.93746,0.894835,0.802924,0.381859,/shop/437369,/shop/448464,different_controller,ordinary_negative,1,1,0,0,0,0,negative_without_hard_ambiguity
market_item.xlsx|中文暗网交易市场|seller_raw:319180||market_item.xlsx|茶马古道|seller_raw:/shop/415595,zh_target_strict,zh,uncertain_holdout,,uncertain,text_clone_primary,0,0,,,,,,0.91495,0.865329,0.880819,0.344814,319180,/shop/415595,uncertain,uncertain_insufficient_evidence,0,0,0,1,0,0,uncertain_or_not_supervision_label
market_item.xlsx|中文暗网交易市场|seller_raw:459538||market_item.xlsx|中文暗网交易市场|seller_raw:565149,zh_target_strict,zh,train,comp_00001,negative,semantic_structural,1,1,,,,,,0.886368,0.797685,0.872482,0.697608,459538,565149,different_controller,ordinary_negative,1,1,0,0,0,0,negative_without_hard_ambiguity
market_item.xlsx|茶马古道|seller_raw:/shop/411658||market_item.xlsx|茶马古道|seller_raw:/shop/463206,zh_target_strict,zh,test,comp_00162,negative,semantic_only,1,1,,,,,,0.930633,0.86879,0.862608,0.396181,/shop/411658,/shop/463206,different_controller,ordinary_negative,1,1,0,0,0,0,negative_without_hard_ambiguity
market_item.xlsx|中文暗网交易市场|seller_raw:31478||market_item.xlsx|茶马古道|seller_raw:/shop/464480,zh_target_strict,zh,valid,comp_00035,negative,semantic_only,1,1,,,,,,0.899631,0.813749,0.844181,0.35431,31478,/shop/464480,different_controller,ordinary_negative,1,1,0,0,0,0,negative_without_hard_ambiguity
market_item.xlsx|中文暗网交易市场|seller_raw:483075||market_item.xlsx|茶马古道|seller_raw:/shop/397407,zh_target_strict,zh,uncertain_holdout,,uncertain,text_clone_primary,0,0,,,,,,0.918232,0.858014,0.934874,0.282737,483075,/shop/397407,uncertain,uncertain_insufficient_evidence,0,0,0,1,0,0,uncertain_or_not_supervision_label
market_item.xlsx|中文暗网交易市场|seller_raw:51690||market_item.xlsx|中文暗网交易市场|seller_raw:99610,zh_target_strict,zh,train,comp_00001,negative,semantic_only,1,1,,,,,,0.909087,0.782128,0.750063,0.361895,51690,99610,different_controller,ordinary_negative,1,1,0,0,0,0,negative_without_hard_ambiguity
market_item.xlsx|中文暗网交易市场|seller_raw:31478||market_item.xlsx|中文暗网交易市场|seller_raw:546208,zh_target_strict,zh,valid,comp_00035,negative,semantic_only,1,1,,,,,,0.895967,0.81601,0.804721,0.352966,31478,546208,different_controller,ordinary_negative,1,1,0,0,0,0,negative_without_hard_ambiguity
market_item.xlsx|中文暗网交易市场|seller_raw:44207||market_item.xlsx|中文暗网交易市场|seller_raw:8288,zh_target_strict,zh,valid,comp_00021,negative,semantic_structural,1,1,,,,,,0.878619,0.75695,0.641066,0.700305,44207,8288,different_controller,ordinary_negative,1,1,0,0,0,0,negative_without_hard_ambiguity
market_item.xlsx|茶马古道|seller_raw:/shop/426271||market_item.xlsx|茶马古道|seller_raw:/shop/452669,zh_target_strict,zh,test,comp_00187,negative,semantic_only,1,1,,,,,,0.900805,0.812449,0.911094,0.362676,/shop/426271,/shop/452669,different_controller,ordinary_negative,1,1,0,0,0,0,negative_without_hard_ambiguity
market_item.xlsx|中文暗网交易市场|seller_raw:319180||market_item.xlsx|茶马古道|seller_raw:/shop/422565,zh_target_strict,zh,uncertain_holdout,,uncertain,text_clone_primary,0,0,,,,,,0.916841,0.89199,0.887615,0.2523,319180,/shop/422565,uncertain,uncertain_insufficient_evidence,0,0,0,1,0,0,uncertain_or_not_supervision_label
market_item.xlsx|中文暗网交易市场|seller_raw:47411||market_item.xlsx|中文暗网交易市场|seller_raw:60931,zh_target_strict,zh,train,comp_00074,negative,semantic_structural,1,1,,,,,,0.885442,0.780673,0.768982,0.574594,47411,60931,different_controller,ordinary_negative,1,1,0,0,0,0,negative_without_hard_ambiguity
market_item.xlsx|中文暗网交易市场|seller_raw:459528||market_item.xlsx|茶马古道|seller_raw:/shop/447291,zh_target_strict,zh,test,comp_00068,positive,semantic_only,1,1,,,,,,0.915197,0.877059,0.953178,0.352287,459528,/shop/447291,same_controller,same_controller_style_structural_soft,1,1,0,0,0,0,positive_without_direct_identifier
market_item.xlsx|中文暗网交易市场|seller_raw:63870||market_item.xlsx|中文暗网交易市场|seller_raw:65870,zh_target_strict,zh,test,comp_00126,negative,semantic_only,1,1,,,,,,0.91276,0.840726,0.853859,0.325313,63870,65870,different_controller,semantic_topic_not_controller,1,1,0,0,1,0,embedding_cosine_bge_m3>=0.8|embedding_cosine_gte_multilingual_base>=0.8|embedding_cosine_labse>=0.8|embedding_cosine_multilingual_e5_large>=0.8
market_item.xlsx|中文暗网交易市场|seller_raw:517171||market_item.xlsx|茶马古道|seller_raw:/shop/423578,zh_target_strict,zh,valid,comp_00090,positive,semantic_only,1,1,,,,,,0.91734,0.880313,0.939322,0.355148,517171,/shop/423578,same_controller,same_controller_style_structural_soft,1,1,0,0,0,0,positive_without_direct_identifier
market_item.xlsx|中文暗网交易市场|seller_raw:459528||market_item.xlsx|茶马古道|seller_raw:/shop/6982,zh_target_strict,zh,test,comp_00068,negative,text_clone_primary,1,1,,,,,,0.875439,0.808159,0.795071,0.218009,459528,/shop/6982,different_controller,template_clone_not_controller,1,1,0,1,0,0,feature_has_shared_title_clone|feature_shared_rare_ngram_count|feature_shared_title_count|review_stratum:text_clone
market_item.xlsx|中文暗网交易市场|seller_raw:459538||market_item.xlsx|中文暗网交易市场|seller_raw:531087,zh_target_strict,zh,train,comp_00001,negative,semantic_structural,1,1,,,,,,0.889147,0.776196,0.88428,0.697608,459538,531087,different_controller,ordinary_negative,1,1,0,0,0,0,negative_without_hard_ambiguity
market_item.xlsx|中文暗网交易市场|seller_raw:28521||market_item.xlsx|中文暗网交易市场|seller_raw:35777,zh_target_strict,zh,train,comp_00029,negative,semantic_only,1,1,,,,,,0.935001,0.893384,0.896254,0.333438,28521,35777,different_controller,semantic_topic_not_controller,1,1,0,0,1,0,embedding_cosine_bge_m3>=0.8|embedding_cosine_gte_multilingual_base>=0.8|embedding_cosine_labse>=0.8|embedding_cosine_multilingual_e5_large>=0.8
market_item.xlsx|中文暗网交易市场|seller_raw:526920||market_item.xlsx|中文暗网交易市场|seller_raw:67272,zh_target_strict,zh,train,comp_00001,negative,semantic_structural,1,1,,,,,,0.909571,0.834261,0.853783,0.540449,526920,67272,different_controller,ordinary_negative,1,1,0,0,0,0,negative_without_hard_ambiguity
market_item.xlsx|中文暗网交易市场|seller_raw:205403||market_item.xlsx|中文暗网交易市场|seller_raw:517245,zh_target_strict,zh,train,comp_00001,negative,semantic_only,1,1,,,,,,0.913154,0.844501,0.867288,0.354152,205403,517245,different_controller,ordinary_negative,1,1,0,0,0,0,negative_without_hard_ambiguity
market_item.xlsx|茶马古道|seller_raw:/shop/405939||market_item.xlsx|茶马古道|seller_raw:/shop/430878,zh_target_strict,zh,uncertain_holdout,,uncertain,semantic_structural,0,0,,,,,,0.919401,0.895379,0.895971,0.729373,/shop/405939,/shop/430878,uncertain,uncertain_insufficient_evidence,0,0,0,0,0,0,uncertain_or_not_supervision_label
market_item.xlsx|中文暗网交易市场|seller_raw:562478||market_item.xlsx|茶马古道|seller_raw:/shop/6982,zh_target_strict,zh,uncertain_holdout,,uncertain,text_clone_primary,0,0,,,,,,0.890616,0.820003,0.825547,0.195998,562478,/shop/6982,uncertain,uncertain_insufficient_evidence,0,0,0,1,0,0,uncertain_or_not_supervision_label
market_item.xlsx|中文暗网交易市场|seller_raw:577008||market_item.xlsx|中文暗网交易市场|seller_raw:605316,zh_target_strict,zh,uncertain_holdout,,uncertain,semantic_structural,0,0,,,,,,0.938062,0.909494,0.90812,0.588827,577008,605316,uncertain,uncertain_insufficient_evidence,0,0,0,1,0,0,uncertain_or_not_supervision_label
market_item.xlsx|中文暗网交易市场|seller_raw:80160||market_item.xlsx|茶马古道|seller_raw:/shop/6242,zh_target_strict,zh,train,comp_00131,negative,text_clone_primary,1,1,,,,,,0.907412,0.832287,0.861136,0.193035,80160,/shop/6242,different_controller,template_clone_not_controller,1,1,0,1,0,0,feature_has_shared_title_clone|feature_shared_rare_ngram_count|feature_shared_title_count|review_stratum:text_clone
market_item.xlsx|中文暗网交易市场|seller_raw:23080||market_item.xlsx|中文暗网交易市场|seller_raw:47690,zh_target_strict,zh,valid,comp_00021,negative,semantic_only,1,1,,,,,,0.898909,0.821035,0.831896,0.304526,23080,47690,different_controller,semantic_topic_not_controller,1,1,0,0,1,0,embedding_cosine_bge_m3>=0.8|embedding_cosine_gte_multilingual_base>=0.8|embedding_cosine_labse>=0.8|embedding_cosine_multilingual_e5_large>=0.8
market_item.xlsx|中文暗网交易市场|seller_raw:576252||market_item.xlsx|茶马古道|seller_raw:/shop/433651,zh_target_strict,zh,train,comp_00001,negative,text_clone_primary,1,1,,,,,,0.898931,0.847132,0.876566,0.151634,576252,/shop/433651,different_controller,template_clone_not_controller,1,1,0,1,0,0,feature_has_shared_title_clone|feature_shared_rare_ngram_count|feature_shared_title_count|review_stratum:text_clone
market_item.xlsx|茶马古道|seller_raw:/shop/422845||market_item.xlsx|茶马古道|seller_raw:/shop/438232,zh_target_strict,zh,test,comp_00181,negative,semantic_only,1,1,,,,,,0.919178,0.859904,0.868398,0.334597,/shop/422845,/shop/438232,different_controller,semantic_topic_not_controller,1,1,0,0,1,0,embedding_cosine_bge_m3>=0.8|embedding_cosine_gte_multilingual_base>=0.8|embedding_cosine_labse>=0.8|embedding_cosine_multilingual_e5_large>=0.8
market_item.xlsx|茶马古道|seller_raw:/shop/426822||market_item.xlsx|茶马古道|seller_raw:/shop/428039,zh_target_strict,zh,test,comp_00149,negative,semantic_only,1,1,,,,,,0.925843,0.86032,0.869946,0.305268,/shop/426822,/shop/428039,different_controller,semantic_topic_not_controller,1,1,0,0,1,0,embedding_cosine_bge_m3>=0.8|embedding_cosine_gte_multilingual_base>=0.8|embedding_cosine_labse>=0.8|embedding_cosine_multilingual_e5_large>=0.8
market_item.xlsx|中文暗网交易市场|seller_raw:448801||market_item.xlsx|茶马古道|seller_raw:/shop/393726,zh_target_strict,zh,valid,comp_00067,positive,semantic_only,1,1,,,,,,0.931593,0.933509,0.928525,0.29817,448801,/shop/393726,same_controller,same_controller_style_structural_soft,1,1,0,0,1,0,positive_without_direct_identifier
market_item.xlsx|茶马古道|seller_raw:/shop/443540||market_item.xlsx|茶马古道|seller_raw:/shop/447041,zh_target_strict,zh,uncertain_holdout,,uncertain,semantic_structural,0,0,,,,,,0.930975,0.864337,0.885098,0.737484,/shop/443540,/shop/447041,uncertain,uncertain_insufficient_evidence,0,0,0,0,0,0,uncertain_or_not_supervision_label
market_item.xlsx|中文暗网交易市场|seller_raw:337011||market_item.xlsx|茶马古道|seller_raw:/shop/407480,zh_target_strict,zh,train,comp_00039,negative,semantic_only,1,1,,,,,,0.884169,0.787531,0.874858,0.303246,337011,/shop/407480,different_controller,semantic_topic_not_controller,1,1,0,0,1,0,embedding_cosine_gte_multilingual_base>=0.8|embedding_cosine_labse>=0.8|embedding_cosine_multilingual_e5_large>=0.8
market_item.xlsx|茶马古道|seller_raw:/shop/408872||market_item.xlsx|茶马古道|seller_raw:/shop/439508,zh_target_strict,zh,test,comp_00160,negative,semantic_structural,1,1,,,,,,0.921876,0.797316,0.897118,0.664014,/shop/408872,/shop/439508,different_controller,ordinary_negative,1,1,0,0,0,0,negative_without_hard_ambiguity
market_item.xlsx|茶马古道|seller_raw:/shop/415371||market_item.xlsx|茶马古道|seller_raw:/shop/424676,zh_target_strict,zh,uncertain_holdout,,uncertain,semantic_structural,0,0,,,,,,0.934575,0.926153,0.963353,0.747896,/shop/415371,/shop/424676,uncertain,uncertain_insufficient_evidence,0,0,0,0,0,0,uncertain_or_not_supervision_label
market_item.xlsx|中文暗网交易市场|seller_raw:47248||market_item.xlsx|茶马古道|seller_raw:/shop/413530,zh_target_strict,zh,train,comp_00073,negative,semantic_only,1,1,,,,,,0.859301,0.774693,0.821797,0.290832,47248,/shop/413530,different_controller,semantic_topic_not_controller,1,1,0,0,1,0,embedding_cosine_gte_multilingual_base>=0.8|embedding_cosine_labse>=0.8|embedding_cosine_multilingual_e5_large>=0.8
market_item.xlsx|中文暗网交易市场|seller_raw:504138||market_item.xlsx|茶马古道|seller_raw:/shop/265,zh_target_strict,zh,train,comp_00001,negative,semantic_only,1,1,,,,,,0.896494,0.859925,0.86967,0.296132,504138,/shop/265,different_controller,semantic_topic_not_controller,1,1,0,0,1,0,embedding_cosine_bge_m3>=0.8|embedding_cosine_gte_multilingual_base>=0.8|embedding_cosine_labse>=0.8|embedding_cosine_multilingual_e5_large>=0.8
market_item.xlsx|中文暗网交易市场|seller_raw:54884||market_item.xlsx|茶马古道|seller_raw:/shop/434742,zh_target_strict,zh,test,comp_00100,negative,semantic_only,1,1,,,,,,0.913784,0.82009,0.914992,0.267672,54884,/shop/434742,different_controller,semantic_topic_not_controller,1,1,0,0,1,0,embedding_cosine_bge_m3>=0.8|embedding_cosine_gte_multilingual_base>=0.8|embedding_cosine_labse>=0.8|embedding_cosine_multilingual_e5_large>=0.8
market_item.xlsx|中文暗网交易市场|seller_raw:54503||market_item.xlsx|茶马古道|seller_raw:/shop/397874,zh_target_strict,zh,train,comp_00001,negative,semantic_only,1,1,,,,,,0.895725,0.816674,0.858722,0.291125,54503,/shop/397874,different_controller,semantic_topic_not_controller,1,1,0,0,1,0,embedding_cosine_bge_m3>=0.8|embedding_cosine_gte_multilingual_base>=0.8|embedding_cosine_labse>=0.8|embedding_cosine_multilingual_e5_large>=0.8
market_item.xlsx|茶马古道|seller_raw:/shop/429697||market_item.xlsx|茶马古道|seller_raw:/shop/448451,zh_target_strict,zh,uncertain_holdout,,uncertain,semantic_structural,0,0,,,,,,0.96541,0.923343,0.959627,0.740852,/shop/429697,/shop/448451,uncertain,uncertain_insufficient_evidence,0,0,0,0,0,0,uncertain_or_not_supervision_label
market_item.xlsx|茶马古道|seller_raw:/shop/440693||market_item.xlsx|茶马古道|seller_raw:/shop/441616,zh_target_strict,zh,uncertain_holdout,,uncertain,semantic_structural,0,0,,,,,,0.938244,0.902687,0.942626,0.512615,/shop/440693,/shop/441616,uncertain,uncertain_insufficient_evidence,0,0,0,0,0,0,uncertain_or_not_supervision_label
market_item.xlsx|中文暗网交易市场|seller_raw:531087||market_item.xlsx|茶马古道|seller_raw:/shop/406711,zh_target_strict,zh,train,comp_00001,negative,semantic_only,1,1,,,,,,0.904176,0.800499,0.832593,0.242909,531087,/shop/406711,different_controller,semantic_topic_not_controller,1,1,0,0,1,0,embedding_cosine_bge_m3>=0.8|embedding_cosine_gte_multilingual_base>=0.8|embedding_cosine_labse>=0.8|embedding_cosine_multilingual_e5_large>=0.8
market_item.xlsx|中文暗网交易市场|seller_raw:84963||market_item.xlsx|茶马古道|seller_raw:/shop/397981,zh_target_strict,zh,test,comp_00103,negative,semantic_only,1,1,,,,,,0.92485,0.830545,0.81424,0.192032,84963,/shop/397981,different_controller,semantic_topic_not_controller,1,1,0,0,1,0,embedding_cosine_bge_m3>=0.8|embedding_cosine_gte_multilingual_base>=0.8|embedding_cosine_labse>=0.8|embedding_cosine_multilingual_e5_large>=0.8
market_item.xlsx|茶马古道|seller_raw:/shop/417184||market_item.xlsx|茶马古道|seller_raw:/shop/436577,zh_target_strict,zh,valid,comp_00124,negative,semantic_only,1,1,,,,,,0.916404,0.826608,0.883994,0.224303,/shop/417184,/shop/436577,different_controller,semantic_topic_not_controller,1,1,0,0,1,0,embedding_cosine_bge_m3>=0.8|embedding_cosine_gte_multilingual_base>=0.8|embedding_cosine_labse>=0.8|embedding_cosine_multilingual_e5_large>=0.8
market_item.xlsx|茶马古道|seller_raw:/shop/442743||market_item.xlsx|茶马古道|seller_raw:/shop/668,zh_target_strict,zh,uncertain_holdout,,uncertain,semantic_structural,0,0,,,,,,0.933747,0.865629,0.921625,0.697614,/shop/442743,/shop/668,uncertain,uncertain_insufficient_evidence,0,0,0,0,0,0,uncertain_or_not_supervision_label
market_item.xlsx|中文暗网交易市场|seller_raw:37850||market_item.xlsx|茶马古道|seller_raw:/shop/783,zh_target_strict,zh,train,comp_00049,negative,semantic_only,1,1,,,,,,0.848897,0.75375,0.779169,0.206389,37850,/shop/783,different_controller,semantic_topic_not_controller,1,1,0,0,1,0,embedding_cosine_gte_multilingual_base>=0.8|embedding_cosine_multilingual_e5_large>=0.8
market_item.xlsx|茶马古道|seller_raw:/shop/434666||market_item.xlsx|茶马古道|seller_raw:/shop/451316,zh_target_strict,zh,uncertain_holdout,,uncertain,semantic_structural,0,0,,,,,,0.908884,0.859837,0.92583,0.722215,/shop/434666,/shop/451316,uncertain,uncertain_insufficient_evidence,0,0,0,0,0,0,uncertain_or_not_supervision_label
market_item.xlsx|中文暗网交易市场|seller_raw:31478||market_item.xlsx|中文暗网交易市场|seller_raw:77985,zh_target_strict,zh,valid,comp_00035,negative,semantic_only,1,1,,,,,,0.920059,0.778425,0.751213,0.16702,31478,77985,different_controller,semantic_topic_not_controller,1,1,0,0,1,0,embedding_cosine_gte_multilingual_base>=0.8|embedding_cosine_multilingual_e5_large>=0.8
market_item.xlsx|中文暗网交易市场|seller_raw:40037||market_item.xlsx|中文暗网交易市场|seller_raw:5995,zh_target_strict,zh,train,comp_00053,negative,semantic_only,1,1,,,,,,0.873713,0.750372,0.772402,0.190976,40037,5995,different_controller,semantic_topic_not_controller,1,1,0,0,1,0,embedding_cosine_gte_multilingual_base>=0.8|embedding_cosine_multilingual_e5_large>=0.8
market_item.xlsx|茶马古道|seller_raw:/shop/447487||market_item.xlsx|茶马古道|seller_raw:/shop/7343,zh_target_strict,zh,uncertain_holdout,,uncertain,semantic_structural,0,0,,,,,,0.922435,0.793775,0.854378,0.592848,/shop/447487,/shop/7343,uncertain,uncertain_insufficient_evidence,0,0,0,0,0,0,uncertain_or_not_supervision_label
market_item.xlsx|中文暗网交易市场|seller_raw:48851||market_item.xlsx|茶马古道|seller_raw:/shop/448464,zh_target_strict,zh,train,comp_00001,negative,semantic_only,1,1,,,,,,0.906277,0.845423,0.78424,0.119998,48851,/shop/448464,different_controller,semantic_topic_not_controller,1,1,0,0,1,0,embedding_cosine_bge_m3>=0.8|embedding_cosine_gte_multilingual_base>=0.8|embedding_cosine_multilingual_e5_large>=0.8
market_item.xlsx|茶马古道|seller_raw:/shop/434275||market_item.xlsx|茶马古道|seller_raw:/shop/446131,zh_target_strict,zh,uncertain_holdout,,uncertain,semantic_structural,0,0,,,,,,0.928559,0.893244,0.899644,0.731865,/shop/434275,/shop/446131,uncertain,uncertain_insufficient_evidence,0,0,0,0,0,0,uncertain_or_not_supervision_label
market_item.xlsx|中文暗网交易市场|seller_raw:44207||market_item.xlsx|中文暗网交易市场|seller_raw:70936,zh_target_strict,zh,uncertain_holdout,,uncertain,semantic_structural,0,0,,,,,,0.906225,0.902054,0.912712,0.51762,44207,70936,uncertain,uncertain_insufficient_evidence,0,0,0,0,0,0,uncertain_or_not_supervision_label
market_item.xlsx|中文暗网交易市场|seller_raw:238529||market_item.xlsx|中文暗网交易市场|seller_raw:565148,zh_target_strict,zh,train,comp_00001,negative,semantic_structural,1,1,,,,,,0.912598,0.80951,0.899991,0.672979,238529,565148,different_controller,ordinary_negative,1,1,0,0,0,0,negative_without_hard_ambiguity
market_item.xlsx|茶马古道|seller_raw:/shop/405392||market_item.xlsx|茶马古道|seller_raw:/shop/445120,zh_target_strict,zh,valid,comp_00157,negative,semantic_structural,1,1,,,,,,0.936366,0.86579,0.794464,0.526667,/shop/405392,/shop/445120,different_controller,ordinary_negative,1,1,0,0,0,0,negative_without_hard_ambiguity
market_item.xlsx|茶马古道|seller_raw:/shop/463712||market_item.xlsx|茶马古道|seller_raw:/shop/469170,zh_target_strict,zh,uncertain_holdout,,uncertain,semantic_structural,0,0,,,,,,0.907373,0.862552,0.84664,0.676515,/shop/463712,/shop/469170,uncertain,uncertain_insufficient_evidence,0,0,0,0,0,0,uncertain_or_not_supervision_label
market_item.xlsx|茶马古道|seller_raw:/shop/443705||market_item.xlsx|茶马古道|seller_raw:/shop/445752,zh_target_strict,zh,uncertain_holdout,,uncertain,semantic_structural,0,0,,,,,,0.956173,0.93225,0.961156,0.626126,/shop/443705,/shop/445752,uncertain,uncertain_insufficient_evidence,0,0,0,0,0,0,uncertain_or_not_supervision_label
market_item.xlsx|茶马古道|seller_raw:/shop/3462||market_item.xlsx|茶马古道|seller_raw:/shop/417338,zh_target_strict,zh,uncertain_holdout,,uncertain,semantic_structural,0,0,,,,,,0.938906,0.848436,0.858045,0.577061,/shop/3462,/shop/417338,uncertain,uncertain_insufficient_evidence,0,0,0,0,0,0,uncertain_or_not_supervision_label
market_item.xlsx|茶马古道|seller_raw:/shop/412925||market_item.xlsx|茶马古道|seller_raw:/shop/448219,zh_target_strict,zh,test,comp_00166,negative,semantic_structural,1,1,,,,,,0.902675,0.815654,0.847923,0.641648,/shop/412925,/shop/448219,different_controller,ordinary_negative,1,1,0,0,0,0,negative_without_hard_ambiguity
market_item.xlsx|茶马古道|seller_raw:/shop/440693||market_item.xlsx|茶马古道|seller_raw:/shop/444329,zh_target_strict,zh,uncertain_holdout,,uncertain,semantic_structural,0,0,,,,,,0.941564,0.905689,0.959055,0.527444,/shop/440693,/shop/444329,uncertain,uncertain_insufficient_evidence,0,0,0,0,0,0,uncertain_or_not_supervision_label
market_item.xlsx|茶马古道|seller_raw:/shop/441741||market_item.xlsx|茶马古道|seller_raw:/shop/8843,zh_target_strict,zh,uncertain_holdout,,uncertain,semantic_structural,0,0,,,,,,0.926457,0.876391,0.82548,0.65934,/shop/441741,/shop/8843,uncertain,uncertain_insufficient_evidence,0,0,0,0,0,0,uncertain_or_not_supervision_label
market_item.xlsx|茶马古道|seller_raw:/shop/427252||market_item.xlsx|茶马古道|seller_raw:/shop/427472,zh_target_strict,zh,uncertain_holdout,,uncertain,semantic_structural,0,0,,,,,,0.958202,0.934725,0.913322,0.589703,/shop/427252,/shop/427472,uncertain,uncertain_insufficient_evidence,0,0,0,0,0,0,uncertain_or_not_supervision_label
market_item.xlsx|茶马古道|seller_raw:/shop/404061||market_item.xlsx|茶马古道|seller_raw:/shop/440237,zh_target_strict,zh,uncertain_holdout,,uncertain,semantic_structural,0,0,,,,,,0.91669,0.838533,0.841108,0.664657,/shop/404061,/shop/440237,uncertain,uncertain_insufficient_evidence,0,0,0,0,0,0,uncertain_or_not_supervision_label
market_item.xlsx|茶马古道|seller_raw:/shop/393365||market_item.xlsx|茶马古道|seller_raw:/shop/443084,zh_target_strict,zh,uncertain_holdout,,uncertain,semantic_structural,0,0,,,,,,0.902769,0.827017,0.880965,0.600954,/shop/393365,/shop/443084,uncertain,uncertain_insufficient_evidence,0,0,0,0,0,0,uncertain_or_not_supervision_label
market_item.xlsx|茶马古道|seller_raw:/shop/400128||market_item.xlsx|茶马古道|seller_raw:/shop/441741,zh_target_strict,zh,test,comp_00149,negative,semantic_structural,1,1,,,,,,0.933027,0.894364,0.837317,0.662233,/shop/400128,/shop/441741,different_controller,ordinary_negative,1,1,0,0,0,0,negative_without_hard_ambiguity
market_item.xlsx|茶马古道|seller_raw:/shop/414687||market_item.xlsx|茶马古道|seller_raw:/shop/441741,zh_target_strict,zh,test,comp_00149,negative,semantic_structural,1,1,,,,,,0.919042,0.883873,0.820647,0.658164,/shop/414687,/shop/441741,different_controller,ordinary_negative,1,1,0,0,0,0,negative_without_hard_ambiguity
market_item.xlsx|茶马古道|seller_raw:/shop/425306||market_item.xlsx|茶马古道|seller_raw:/shop/431483,zh_target_strict,zh,test,comp_00153,negative,semantic_structural,1,1,,,,,,0.928008,0.881836,0.812811,0.662563,/shop/425306,/shop/431483,different_controller,ordinary_negative,1,1,0,0,0,0,negative_without_hard_ambiguity
market_item.xlsx|中文暗网交易市场|seller_raw:18826||market_item.xlsx|中文暗网交易市场|seller_raw:591780,zh_target_strict,zh,train,comp_00001,negative,semantic_structural,1,1,,,,,,0.921188,0.778049,0.824952,0.545496,18826,591780,different_controller,ordinary_negative,1,1,0,0,0,0,negative_without_hard_ambiguity
market_item.xlsx|茶马古道|seller_raw:/shop/433471||market_item.xlsx|茶马古道|seller_raw:/shop/442025,zh_target_strict,zh,uncertain_holdout,,uncertain,semantic_structural,0,0,,,,,,0.940995,0.891132,0.878709,0.654583,/shop/433471,/shop/442025,uncertain,uncertain_insufficient_evidence,0,0,0,0,0,0,uncertain_or_not_supervision_label
market_item.xlsx|茶马古道|seller_raw:/shop/423213||market_item.xlsx|茶马古道|seller_raw:/shop/449473,zh_target_strict,zh,uncertain_holdout,,uncertain,semantic_structural,0,0,,,,,,0.922703,0.846289,0.868726,0.625057,/shop/423213,/shop/449473,uncertain,uncertain_insufficient_evidence,0,0,0,0,0,0,uncertain_or_not_supervision_label
market_item.xlsx|茶马古道|seller_raw:/shop/440602||market_item.xlsx|茶马古道|seller_raw:/shop/447066,zh_target_strict,zh,uncertain_holdout,,uncertain,semantic_structural,0,0,,,,,,0.954252,0.93744,0.890785,0.559375,/shop/440602,/shop/447066,uncertain,uncertain_insufficient_evidence,0,0,0,0,0,0,uncertain_or_not_supervision_label
market_item.xlsx|茶马古道|seller_raw:/shop/433482||market_item.xlsx|茶马古道|seller_raw:/shop/441917,zh_target_strict,zh,uncertain_holdout,,uncertain,semantic_structural,0,0,,,,,,0.933796,0.853041,0.927771,0.618091,/shop/433482,/shop/441917,uncertain,uncertain_insufficient_evidence,0,0,0,0,0,0,uncertain_or_not_supervision_label
market_item.xlsx|中文暗网交易市场|seller_raw:45139||market_item.xlsx|中文暗网交易市场|seller_raw:517245,zh_target_strict,zh,train,comp_00001,negative,semantic_structural,1,1,,,,,,0.920397,0.871484,0.876813,0.560326,45139,517245,different_controller,ordinary_negative,1,1,0,0,0,0,negative_without_hard_ambiguity
market_item.xlsx|茶马古道|seller_raw:/shop/435940||market_item.xlsx|茶马古道|seller_raw:/shop/445120,zh_target_strict,zh,valid,comp_00157,negative,semantic_structural,1,1,,,,,,0.940717,0.863372,0.787338,0.536722,/shop/435940,/shop/445120,different_controller,ordinary_negative,1,1,0,0,0,0,negative_without_hard_ambiguity
market_item.xlsx|中文暗网交易市场|seller_raw:45139||market_item.xlsx|中文暗网交易市场|seller_raw:566597,zh_target_strict,zh,train,comp_00001,negative,semantic_structural,1,1,,,,,,0.926419,0.873088,0.892601,0.552973,45139,566597,different_controller,ordinary_negative,1,1,0,0,0,0,negative_without_hard_ambiguity
market_item.xlsx|茶马古道|seller_raw:/shop/435963||market_item.xlsx|茶马古道|seller_raw:/shop/462498,zh_target_strict,zh,valid,comp_00115,negative,semantic_structural,1,1,,,,,,0.961041,0.943335,0.965666,0.517019,/shop/435963,/shop/462498,different_controller,template_clone_not_controller,1,1,0,1,0,0,feature_shared_low_df_sentence_count
market_item.xlsx|茶马古道|seller_raw:/shop/447700||market_item.xlsx|茶马古道|seller_raw:/shop/827,zh_target_strict,zh,uncertain_holdout,,uncertain,semantic_structural,0,0,,,,,,0.917889,0.851395,0.881316,0.566044,/shop/447700,/shop/827,uncertain,uncertain_insufficient_evidence,0,0,0,0,0,0,uncertain_or_not_supervision_label
market_item.xlsx|中文暗网交易市场|seller_raw:73521||market_item.xlsx|中文暗网交易市场|seller_raw:81012,zh_target_strict,zh,uncertain_holdout,,uncertain,semantic_structural,0,0,,,,,,0.905069,0.826283,0.809829,0.552933,73521,81012,uncertain,uncertain_insufficient_evidence,0,0,0,0,0,0,uncertain_or_not_supervision_label
market_item.xlsx|茶马古道|seller_raw:/shop/414692||market_item.xlsx|茶马古道|seller_raw:/shop/416063,zh_target_strict,zh,uncertain_holdout,,uncertain,semantic_structural,0,0,,,,,,0.917972,0.819968,0.844618,0.534832,/shop/414692,/shop/416063,uncertain,uncertain_insufficient_evidence,0,0,0,0,0,0,uncertain_or_not_supervision_label
market_item.xlsx|茶马古道|seller_raw:/shop/397085||market_item.xlsx|茶马古道|seller_raw:/shop/430878,zh_target_strict,zh,uncertain_holdout,,uncertain,semantic_structural,0,0,,,,,,0.910635,0.867325,0.89594,0.517262,/shop/397085,/shop/430878,uncertain,uncertain_insufficient_evidence,0,0,0,0,0,0,uncertain_or_not_supervision_label
market_item.xlsx|中文暗网交易市场|seller_raw:28990||market_item.xlsx|中文暗网交易市场|seller_raw:32559,zh_target_strict,zh,train,comp_00030,negative,semantic_structural,1,1,,,,,,0.901938,0.803627,0.814646,0.503601,28990,32559,different_controller,ordinary_negative,1,1,0,0,0,0,negative_without_hard_ambiguity
market_item.xlsx|茶马古道|seller_raw:/shop/413268||market_item.xlsx|茶马古道|seller_raw:/shop/6780,zh_target_strict,zh,uncertain_holdout,,uncertain,semantic_structural,0,0,,,,,,0.94824,0.943366,0.943827,0.990923,/shop/413268,/shop/6780,uncertain,uncertain_insufficient_evidence,0,0,0,0,0,0,uncertain_or_not_supervision_label
market_item.xlsx|茶马古道|seller_raw:/shop/6780||market_item.xlsx|茶马古道|seller_raw:/shop/882,zh_target_strict,zh,uncertain_holdout,,uncertain,semantic_structural,0,0,,,,,,0.96383,0.93916,0.937046,0.992958,/shop/6780,/shop/882,uncertain,uncertain_insufficient_evidence,0,0,0,0,0,0,uncertain_or_not_supervision_label
market_item.xlsx|茶马古道|seller_raw:/shop/433471||market_item.xlsx|茶马古道|seller_raw:/shop/461471,zh_target_strict,zh,uncertain_holdout,,uncertain,semantic_structural,0,0,,,,,,0.946,0.855528,0.932839,0.995,/shop/433471,/shop/461471,uncertain,uncertain_insufficient_evidence,0,0,0,0,0,0,uncertain_or_not_supervision_label
market_item.xlsx|茶马古道|seller_raw:/shop/470307||market_item.xlsx|茶马古道|seller_raw:/shop/6200,zh_target_strict,zh,uncertain_holdout,,uncertain,semantic_structural,0,0,,,,,,0.904854,0.870336,0.913238,0.99,/shop/470307,/shop/6200,uncertain,uncertain_insufficient_evidence,0,0,0,0,0,0,uncertain_or_not_supervision_label
market_item.xlsx|中文暗网交易市场|seller_raw:605928||market_item.xlsx|中文暗网交易市场|seller_raw:606038,zh_target_strict,zh,train,silver_train_comp_00170,positive,semantic_structural,1,1,,,,,,0.941752,0.90982,0.965629,0.979092,605928,606038,same_controller,same_controller_component_anchor,1,1,0,0,0,0,review_notes_component_anchor_keyword
market_item.xlsx|茶马古道|seller_raw:/shop/404061||market_item.xlsx|茶马古道|seller_raw:/shop/443520,zh_target_strict,zh,uncertain_holdout,,uncertain,semantic_structural,0,0,,,,,,0.922904,0.867757,0.871368,0.937819,/shop/404061,/shop/443520,uncertain,uncertain_insufficient_evidence,0,0,0,0,0,0,uncertain_or_not_supervision_label
market_item.xlsx|中文暗网交易市场|seller_raw:605877||market_item.xlsx|中文暗网交易市场|seller_raw:605886,zh_target_strict,zh,uncertain_holdout,,uncertain,semantic_structural,0,0,,,,,,0.944938,0.883548,0.974859,0.934861,605877,605886,uncertain,uncertain_insufficient_evidence,0,0,0,0,0,0,uncertain_or_not_supervision_label
market_item.xlsx|中文暗网交易市场|seller_raw:603737||market_item.xlsx|中文暗网交易市场|seller_raw:606038,zh_target_strict,zh,uncertain_holdout,,uncertain,semantic_structural,0,0,,,,,,0.930788,0.881013,0.968146,0.911713,603737,606038,uncertain,uncertain_insufficient_evidence,0,0,0,0,0,0,uncertain_or_not_supervision_label
market_item.xlsx|茶马古道|seller_raw:/shop/451428||market_item.xlsx|茶马古道|seller_raw:/shop/7343,zh_target_strict,zh,uncertain_holdout,,uncertain,semantic_structural,0,0,,,,,,0.939574,0.877329,0.88219,0.981378,/shop/451428,/shop/7343,uncertain,uncertain_insufficient_evidence,0,0,0,0,0,0,uncertain_or_not_supervision_label
market_item.xlsx|中文暗网交易市场|seller_raw:603737||market_item.xlsx|中文暗网交易市场|seller_raw:605912,zh_target_strict,zh,uncertain_holdout,,uncertain,semantic_structural,0,0,,,,,,0.927917,0.858633,0.96678,0.966087,603737,605912,uncertain,uncertain_insufficient_evidence,0,0,0,0,0,0,uncertain_or_not_supervision_label
market_item.xlsx|中文暗网交易市场|seller_raw:462296||market_item.xlsx|中文暗网交易市场|seller_raw:534628,zh_target_strict,zh,train,silver_train_comp_00157,positive,semantic_structural,1,1,,,,,,0.930213,0.871326,0.907082,0.983734,462296,534628,same_controller,same_controller_component_anchor,1,1,0,0,0,0,review_notes_component_anchor_keyword
market_item.xlsx|茶马古道|seller_raw:/shop/442743||market_item.xlsx|茶马古道|seller_raw:/shop/451428,zh_target_strict,zh,uncertain_holdout,,uncertain,semantic_structural,0,0,,,,,,0.915192,0.864559,0.877015,0.960799,/shop/442743,/shop/451428,uncertain,uncertain_insufficient_evidence,0,0,0,0,0,0,uncertain_or_not_supervision_label
market_item.xlsx|中文暗网交易市场|seller_raw:605880||market_item.xlsx|中文暗网交易市场|seller_raw:605886,zh_target_strict,zh,uncertain_holdout,,uncertain,semantic_structural,0,0,,,,,,0.922363,0.899853,0.978332,0.920098,605880,605886,uncertain,uncertain_insufficient_evidence,0,0,0,0,0,0,uncertain_or_not_supervision_label
market_item.xlsx|茶马古道|seller_raw:/shop/423063||market_item.xlsx|茶马古道|seller_raw:/shop/9073,zh_target_strict,zh,uncertain_holdout,,uncertain,semantic_structural,0,0,,,,,,0.920138,0.889789,0.91498,0.982316,/shop/423063,/shop/9073,uncertain,uncertain_insufficient_evidence,0,0,0,0,0,0,uncertain_or_not_supervision_label
market_item.xlsx|茶马古道|seller_raw:/shop/406567||market_item.xlsx|茶马古道|seller_raw:/shop/6200,zh_target_strict,zh,uncertain_holdout,,uncertain,semantic_structural,0,0,,,,,,0.915249,0.842282,0.923837,0.99,/shop/406567,/shop/6200,uncertain,uncertain_insufficient_evidence,0,0,0,0,0,0,uncertain_or_not_supervision_label
market_item.xlsx|茶马古道|seller_raw:/shop/423938||market_item.xlsx|茶马古道|seller_raw:/shop/454877,zh_target_strict,zh,uncertain_holdout,,uncertain,semantic_structural,0,0,,,,,,0.906276,0.86519,0.903882,0.892857,/shop/423938,/shop/454877,uncertain,uncertain_insufficient_evidence,0,0,0,0,0,0,uncertain_or_not_supervision_label
market_item.xlsx|茶马古道|seller_raw:/shop/415470||market_item.xlsx|茶马古道|seller_raw:/shop/427929,zh_target_strict,zh,uncertain_holdout,,uncertain,semantic_structural,0,0,,,,,,0.917427,0.871691,0.935818,0.980831,/shop/415470,/shop/427929,uncertain,uncertain_insufficient_evidence,0,0,0,0,0,0,uncertain_or_not_supervision_label
market_item.xlsx|中文暗网交易市场|seller_raw:61132||market_item.xlsx|中文暗网交易市场|seller_raw:70936,zh_target_strict,zh,uncertain_holdout,,uncertain,semantic_structural,0,0,,,,,,0.937937,0.832734,0.916565,0.982292,61132,70936,uncertain,uncertain_insufficient_evidence,0,0,0,0,0,0,uncertain_or_not_supervision_label
market_item.xlsx|中文暗网交易市场|seller_raw:8288||market_item.xlsx|中文暗网交易市场|seller_raw:8873,zh_target_strict,zh,valid,comp_00021,negative,semantic_structural,1,1,,,,,,0.888895,0.809814,0.711276,0.878634,8288,8873,different_controller,ordinary_negative,1,1,0,0,0,0,negative_without_hard_ambiguity
market_item.xlsx|中文暗网交易市场|seller_raw:605877||market_item.xlsx|中文暗网交易市场|seller_raw:605880,zh_target_strict,zh,uncertain_holdout,,uncertain,semantic_structural,0,0,,,,,,0.931092,0.882907,0.966999,0.944468,605877,605880,uncertain,uncertain_insufficient_evidence,0,0,0,0,0,0,uncertain_or_not_supervision_label
market_item.xlsx|茶马古道|seller_raw:/shop/423938||market_item.xlsx|茶马古道|seller_raw:/shop/455056,zh_target_strict,zh,uncertain_holdout,,uncertain,semantic_structural,0,0,,,,,,0.910653,0.855192,0.891493,0.887857,/shop/423938,/shop/455056,uncertain,uncertain_insufficient_evidence,0,0,0,0,0,0,uncertain_or_not_supervision_label
market_item.xlsx|茶马古道|seller_raw:/shop/436689||market_item.xlsx|茶马古道|seller_raw:/shop/438537,zh_target_strict,zh,test,comp_00149,positive,semantic_structural,1,1,,,,,,0.959734,0.876861,0.957933,0.890489,/shop/436689,/shop/438537,same_controller,same_controller_style_structural_soft,1,1,0,0,0,0,positive_without_direct_identifier
market_item.xlsx|茶马古道|seller_raw:/shop/429201||market_item.xlsx|茶马古道|seller_raw:/shop/816,zh_target_strict,zh,uncertain_holdout,,uncertain,semantic_structural,0,0,,,,,,0.951284,0.930137,0.882317,0.80649,/shop/429201,/shop/816,uncertain,uncertain_insufficient_evidence,0,0,0,0,0,0,uncertain_or_not_supervision_label
market_item.xlsx|茶马古道|seller_raw:/shop/435883||market_item.xlsx|茶马古道|seller_raw:/shop/462656,zh_target_strict,zh,test,comp_00198,negative,semantic_structural,1,1,,,,,,0.932497,0.838422,0.858445,0.85594,/shop/435883,/shop/462656,different_controller,ordinary_negative,1,1,0,0,0,0,negative_without_hard_ambiguity
market_item.xlsx|茶马古道|seller_raw:/shop/427474||market_item.xlsx|茶马古道|seller_raw:/shop/707,zh_target_strict,zh,uncertain_holdout,,uncertain,semantic_structural,0,0,,,,,,0.940588,0.922073,0.902125,0.846996,/shop/427474,/shop/707,uncertain,uncertain_insufficient_evidence,0,0,0,0,0,0,uncertain_or_not_supervision_label
market_item.xlsx|茶马古道|seller_raw:/shop/455056||market_item.xlsx|茶马古道|seller_raw:/shop/843,zh_target_strict,zh,uncertain_holdout,,uncertain,semantic_structural,0,0,,,,,,0.963523,0.953549,0.895241,0.780294,/shop/455056,/shop/843,uncertain,uncertain_insufficient_evidence,0,0,0,0,0,0,uncertain_or_not_supervision_label
market_item.xlsx|中文暗网交易市场|seller_raw:70124||market_item.xlsx|中文暗网交易市场|seller_raw:86183,zh_target_strict,zh,uncertain_holdout,,uncertain,semantic_structural,0,0,,,,,,0.928129,0.89095,0.90203,0.836723,70124,86183,uncertain,uncertain_insufficient_evidence,0,0,0,0,0,0,uncertain_or_not_supervision_label
market_item.xlsx|茶马古道|seller_raw:/shop/394226||market_item.xlsx|茶马古道|seller_raw:/shop/456282,zh_target_strict,zh,uncertain_holdout,,uncertain,semantic_structural,0,0,,,,,,0.929873,0.868947,0.914582,0.95646,/shop/394226,/shop/456282,uncertain,uncertain_insufficient_evidence,0,0,0,0,0,0,uncertain_or_not_supervision_label
market_item.xlsx|中文暗网交易市场|seller_raw:603737||market_item.xlsx|中文暗网交易市场|seller_raw:605928,zh_target_strict,zh,uncertain_holdout,,uncertain,semantic_structural,0,0,,,,,,0.926653,0.86539,0.96536,0.925437,603737,605928,uncertain,uncertain_insufficient_evidence,0,0,0,0,0,0,uncertain_or_not_supervision_label
market_item.xlsx|中文暗网交易市场|seller_raw:284407||market_item.xlsx|中文暗网交易市场|seller_raw:8288,zh_target_strict,zh,valid,comp_00021,negative,semantic_structural,1,1,,,,,,0.870189,0.75662,0.705571,0.944822,284407,8288,different_controller,ordinary_negative,1,1,0,0,0,0,negative_without_hard_ambiguity
market_item.xlsx|中文暗网交易市场|seller_raw:596097||market_item.xlsx|中文暗网交易市场|seller_raw:606388,zh_target_strict,zh,train,silver_train_comp_00147,positive,semantic_structural,1,1,,,,,,0.925741,0.889943,0.967405,0.881354,596097,606388,same_controller,same_controller_component_anchor,1,1,0,0,0,0,review_notes_component_anchor_keyword
market_item.xlsx|茶马古道|seller_raw:/shop/429201||market_item.xlsx|茶马古道|seller_raw:/shop/707,zh_target_strict,zh,uncertain_holdout,,uncertain,semantic_structural,0,0,,,,,,0.947264,0.918318,0.867116,0.895126,/shop/429201,/shop/707,uncertain,uncertain_insufficient_evidence,0,0,0,0,0,0,uncertain_or_not_supervision_label
market_item.xlsx|茶马古道|seller_raw:/shop/453850||market_item.xlsx|茶马古道|seller_raw:/shop/455352,zh_target_strict,zh,uncertain_holdout,,uncertain,semantic_structural,0,0,,,,,,0.917136,0.81595,0.896176,0.803031,/shop/453850,/shop/455352,uncertain,uncertain_insufficient_evidence,0,0,0,0,0,0,uncertain_or_not_supervision_label
market_item.xlsx|中文暗网交易市场|seller_raw:603737||market_item.xlsx|中文暗网交易市场|seller_raw:605607,zh_target_strict,zh,uncertain_holdout,,uncertain,semantic_structural,0,0,,,,,,0.933679,0.861402,0.964906,0.855965,603737,605607,uncertain,uncertain_insufficient_evidence,0,0,0,0,0,0,uncertain_or_not_supervision_label
market_item.xlsx|茶马古道|seller_raw:/shop/427929||market_item.xlsx|茶马古道|seller_raw:/shop/635,zh_target_strict,zh,uncertain_holdout,,uncertain,semantic_structural,0,0,,,,,,0.917536,0.883208,0.922503,0.746962,/shop/427929,/shop/635,uncertain,uncertain_insufficient_evidence,0,0,0,0,0,0,uncertain_or_not_supervision_label
market_item.xlsx|茶马古道|seller_raw:/shop/395088||market_item.xlsx|茶马古道|seller_raw:/shop/465074,zh_target_strict,zh,uncertain_holdout,,uncertain,semantic_structural,0,0,,,,,,0.935606,0.870708,0.896619,0.719302,/shop/395088,/shop/465074,uncertain,uncertain_insufficient_evidence,0,0,0,0,0,0,uncertain_or_not_supervision_label
market_item.xlsx|中文暗网交易市场|seller_raw:61132||market_item.xlsx|中文暗网交易市场|seller_raw:72597,zh_target_strict,zh,uncertain_holdout,,uncertain,semantic_structural,0,0,,,,,,0.947474,0.889167,0.949167,0.74858,61132,72597,uncertain,uncertain_insufficient_evidence,0,0,0,0,0,0,uncertain_or_not_supervision_label
market_item.xlsx|中文暗网交易市场|seller_raw:70936||market_item.xlsx|中文暗网交易市场|seller_raw:72597,zh_target_strict,zh,uncertain_holdout,,uncertain,semantic_structural,0,0,,,,,,0.935743,0.856326,0.917094,0.735985,70936,72597,uncertain,uncertain_insufficient_evidence,0,0,0,0,0,0,uncertain_or_not_supervision_label
market_item.xlsx|茶马古道|seller_raw:/shop/394226||market_item.xlsx|茶马古道|seller_raw:/shop/395088,zh_target_strict,zh,uncertain_holdout,,uncertain,semantic_structural,0,0,,,,,,0.924847,0.841748,0.929594,0.758045,/shop/394226,/shop/395088,uncertain,uncertain_insufficient_evidence,0,0,0,0,0,0,uncertain_or_not_supervision_label
market_item.xlsx|茶马古道|seller_raw:/shop/434666||market_item.xlsx|茶马古道|seller_raw:/shop/460697,zh_target_strict,zh,uncertain_holdout,,uncertain,semantic_structural,0,0,,,,,,0.916578,0.82473,0.892201,0.912096,/shop/434666,/shop/460697,uncertain,uncertain_insufficient_evidence,0,0,0,0,0,0,uncertain_or_not_supervision_label
market_item.xlsx|中文暗网交易市场|seller_raw:137444||market_item.xlsx|中文暗网交易市场|seller_raw:473991,zh_target_strict,zh,train,comp_00001,negative,semantic_structural,1,1,,,,,,0.893425,0.87474,0.891692,0.702106,137444,473991,different_controller,ordinary_negative,1,1,0,0,0,0,negative_without_hard_ambiguity
market_item.xlsx|茶马古道|seller_raw:/shop/395676||market_item.xlsx|茶马古道|seller_raw:/shop/451256,zh_target_strict,zh,uncertain_holdout,,uncertain,semantic_structural,0,0,,,,,,0.917837,0.860901,0.879555,0.686941,/shop/395676,/shop/451256,uncertain,uncertain_insufficient_evidence,0,0,0,0,0,0,uncertain_or_not_supervision_label
market_item.xlsx|中文暗网交易市场|seller_raw:459538||market_item.xlsx|中文暗网交易市场|seller_raw:565148,zh_target_strict,zh,train,comp_00001,negative,semantic_structural,1,1,,,,,,0.895447,0.791041,0.893905,0.697608,459538,565148,different_controller,ordinary_negative,1,1,0,0,0,0,negative_without_hard_ambiguity
market_item.xlsx|茶马古道|seller_raw:/shop/434211||market_item.xlsx|茶马古道|seller_raw:/shop/452236,zh_target_strict,zh,test,comp_00195,negative,semantic_structural,1,1,,,,,,0.90318,0.81141,0.769773,0.733317,/shop/434211,/shop/452236,different_controller,ordinary_negative,1,1,0,0,0,0,negative_without_hard_ambiguity
market_item.xlsx|茶马古道|seller_raw:/shop/417948||market_item.xlsx|茶马古道|seller_raw:/shop/443512,zh_target_strict,zh,test,comp_00171,negative,semantic_structural,1,1,,,,,,0.914751,0.877858,0.831952,0.740122,/shop/417948,/shop/443512,different_controller,ordinary_negative,1,1,0,0,0,0,negative_without_hard_ambiguity
market_item.xlsx|中文暗网交易市场|seller_raw:511033||market_item.xlsx|中文暗网交易市场|seller_raw:543832,zh_target_strict,zh,train,comp_00001,negative,semantic_structural,1,1,,,,,,0.948011,0.921338,0.826097,0.702166,511033,543832,different_controller,ordinary_negative,1,1,0,0,0,0,negative_without_hard_ambiguity
market_item.xlsx|茶马古道|seller_raw:/shop/393736||market_item.xlsx|茶马古道|seller_raw:/shop/8843,zh_target_strict,zh,test,comp_00138,negative,semantic_structural,1,1,,,,,,0.935393,0.913887,0.930002,0.695201,/shop/393736,/shop/8843,different_controller,ordinary_negative,1,1,0,0,0,0,negative_without_hard_ambiguity
market_item.xlsx|茶马古道|seller_raw:/shop/397085||market_item.xlsx|茶马古道|seller_raw:/shop/405939,zh_target_strict,zh,uncertain_holdout,,uncertain,semantic_structural,0,0,,,,,,0.913413,0.866188,0.89919,0.746635,/shop/397085,/shop/405939,uncertain,uncertain_insufficient_evidence,0,0,0,0,0,0,uncertain_or_not_supervision_label
market_item.xlsx|茶马古道|seller_raw:/shop/467049||market_item.xlsx|茶马古道|seller_raw:/shop/666,zh_target_strict,zh,uncertain_holdout,,uncertain,semantic_structural,0,0,,,,,,0.922502,0.884476,0.908409,0.738655,/shop/467049,/shop/666,uncertain,uncertain_insufficient_evidence,0,0,0,0,0,0,uncertain_or_not_supervision_label
market_item.xlsx|茶马古道|seller_raw:/shop/451428||market_item.xlsx|茶马古道|seller_raw:/shop/668,zh_target_strict,zh,uncertain_holdout,,uncertain,semantic_structural,0,0,,,,,,0.932172,0.857738,0.892094,0.736815,/shop/451428,/shop/668,uncertain,uncertain_insufficient_evidence,0,0,0,0,0,0,uncertain_or_not_supervision_label
market_item.xlsx|茶马古道|seller_raw:/shop/440846||market_item.xlsx|茶马古道|seller_raw:/shop/466869,zh_target_strict,zh,uncertain_holdout,,uncertain,semantic_structural,0,0,,,,,,0.93574,0.837111,0.794525,0.741689,/shop/440846,/shop/466869,uncertain,uncertain_insufficient_evidence,0,0,0,0,0,0,uncertain_or_not_supervision_label
market_item.xlsx|中文暗网交易市场|seller_raw:149940||market_item.xlsx|中文暗网交易市场|seller_raw:605912,zh_target_strict,zh,train,silver_train_comp_00161,positive,semantic_structural,1,1,,,,,,0.933758,0.874345,0.944151,0.687552,149940,605912,same_controller,same_controller_component_anchor,1,1,0,0,0,0,review_notes_component_anchor_keyword
market_item.xlsx|茶马古道|seller_raw:/shop/409483||market_item.xlsx|茶马古道|seller_raw:/shop/410615,zh_target_strict,zh,uncertain_holdout,,uncertain,semantic_structural,0,0,,,,,,0.925434,0.881297,0.877513,0.729823,/shop/409483,/shop/410615,uncertain,uncertain_insufficient_evidence,0,0,0,0,0,0,uncertain_or_not_supervision_label
market_item.xlsx|茶马古道|seller_raw:/shop/447066||market_item.xlsx|茶马古道|seller_raw:/shop/448451,zh_target_strict,zh,uncertain_holdout,,uncertain,semantic_structural,0,0,,,,,,0.955381,0.91765,0.903716,0.750583,/shop/447066,/shop/448451,uncertain,uncertain_insufficient_evidence,0,0,0,0,0,0,uncertain_or_not_supervision_label
market_item.xlsx|茶马古道|seller_raw:/shop/444225||market_item.xlsx|茶马古道|seller_raw:/shop/6822,zh_target_strict,zh,uncertain_holdout,,uncertain,semantic_structural,0,0,,,,,,0.947267,0.87934,0.908396,0.729923,/shop/444225,/shop/6822,uncertain,uncertain_insufficient_evidence,0,0,0,0,0,0,uncertain_or_not_supervision_label
market_item.xlsx|茶马古道|seller_raw:/shop/430878||market_item.xlsx|茶马古道|seller_raw:/shop/434275,zh_target_strict,zh,uncertain_holdout,,uncertain,semantic_structural,0,0,,,,,,0.918002,0.887701,0.900088,0.731404,/shop/430878,/shop/434275,uncertain,uncertain_insufficient_evidence,0,0,0,0,0,0,uncertain_or_not_supervision_label
market_item.xlsx|中文暗网交易市场|seller_raw:527714||market_item.xlsx|中文暗网交易市场|seller_raw:530989,zh_target_strict,zh,train,comp_00091,negative,semantic_structural,1,1,,,,,,0.889082,0.795657,0.820789,0.692648,527714,530989,different_controller,ordinary_negative,1,1,0,0,0,0,negative_without_hard_ambiguity
market_item.xlsx|茶马古道|seller_raw:/shop/444923||market_item.xlsx|茶马古道|seller_raw:/shop/453850,zh_target_strict,zh,uncertain_holdout,,uncertain,semantic_structural,0,0,,,,,,0.923389,0.85342,0.879006,0.65095,/shop/444923,/shop/453850,uncertain,uncertain_insufficient_evidence,0,0,0,0,0,0,uncertain_or_not_supervision_label
market_item.xlsx|中文暗网交易市场|seller_raw:44545||market_item.xlsx|中文暗网交易市场|seller_raw:91033,zh_target_strict,zh,uncertain_holdout,,uncertain,semantic_structural,0,0,,,,,,0.919312,0.872917,0.916656,0.697478,44545,91033,uncertain,uncertain_insufficient_evidence,0,0,0,0,0,0,uncertain_or_not_supervision_label
market_item.xlsx|茶马古道|seller_raw:/shop/419443||market_item.xlsx|茶马古道|seller_raw:/shop/452666,zh_target_strict,zh,test,comp_00174,negative,semantic_structural,1,1,,,,,,0.92436,0.830382,0.836879,0.753042,/shop/419443,/shop/452666,different_controller,ordinary_negative,1,1,0,0,0,0,negative_without_hard_ambiguity
market_item.xlsx|中文暗网交易市场|seller_raw:312123||market_item.xlsx|中文暗网交易市场|seller_raw:58949,zh_target_strict,zh,train,comp_00001,negative,semantic_structural,1,1,,,,,,0.888366,0.793249,0.757674,0.829383,312123,58949,different_controller,ordinary_negative,1,1,0,0,0,0,negative_without_hard_ambiguity
market_item.xlsx|茶马古道|seller_raw:/shop/429697||market_item.xlsx|茶马古道|seller_raw:/shop/447066,zh_target_strict,zh,uncertain_holdout,,uncertain,semantic_structural,0,0,,,,,,0.959249,0.937005,0.943485,0.750402,/shop/429697,/shop/447066,uncertain,uncertain_insufficient_evidence,0,0,0,0,0,0,uncertain_or_not_supervision_label
market_item.xlsx|茶马古道|seller_raw:/shop/427291||market_item.xlsx|茶马古道|seller_raw:/shop/458490,zh_target_strict,zh,uncertain_holdout,,uncertain,semantic_structural,0,0,,,,,,0.931071,0.899515,0.907051,0.744102,/shop/427291,/shop/458490,uncertain,uncertain_insufficient_evidence,0,0,0,0,0,0,uncertain_or_not_supervision_label
market_item.xlsx|茶马古道|seller_raw:/shop/427472||market_item.xlsx|茶马古道|seller_raw:/shop/816,zh_target_strict,zh,uncertain_holdout,,uncertain,semantic_structural,0,0,,,,,,0.926417,0.884259,0.832988,0.717749,/shop/427472,/shop/816,uncertain,uncertain_insufficient_evidence,0,0,0,0,0,0,uncertain_or_not_supervision_label
market_item.xlsx|茶马古道|seller_raw:/shop/441640||market_item.xlsx|茶马古道|seller_raw:/shop/443464,zh_target_strict,zh,test,comp_00206,negative,semantic_structural,1,1,,,,,,0.919459,0.819647,0.812122,0.683341,/shop/441640,/shop/443464,different_controller,ordinary_negative,1,1,0,0,0,0,negative_without_hard_ambiguity
market_item.xlsx|茶马古道|seller_raw:/shop/440516||market_item.xlsx|茶马古道|seller_raw:/shop/453552,zh_target_strict,zh,test,comp_00204,negative,semantic_structural,1,1,,,,,,0.935955,0.857961,0.879042,0.642185,/shop/440516,/shop/453552,different_controller,ordinary_negative,1,1,0,0,0,0,negative_without_hard_ambiguity
market_item.xlsx|茶马古道|seller_raw:/shop/403489||market_item.xlsx|茶马古道|seller_raw:/shop/431483,zh_target_strict,zh,test,comp_00153,negative,semantic_structural,1,1,,,,,,0.932388,0.859591,0.802175,0.74066,/shop/403489,/shop/431483,different_controller,ordinary_negative,1,1,0,0,0,0,negative_without_hard_ambiguity
market_item.xlsx|茶马古道|seller_raw:/shop/412925||market_item.xlsx|茶马古道|seller_raw:/shop/454877,zh_target_strict,zh,uncertain_holdout,,uncertain,semantic_structural,0,0,,,,,,0.912038,0.851678,0.86751,0.69839,/shop/412925,/shop/454877,uncertain,uncertain_insufficient_evidence,0,0,0,0,0,0,uncertain_or_not_supervision_label
market_item.xlsx|茶马古道|seller_raw:/shop/424813||market_item.xlsx|茶马古道|seller_raw:/shop/463820,zh_target_strict,zh,test,comp_00183,negative,semantic_structural,1,1,,,,,,0.900226,0.835839,0.892467,0.704483,/shop/424813,/shop/463820,different_controller,ordinary_negative,1,1,0,0,0,0,negative_without_hard_ambiguity
market_item.xlsx|茶马古道|seller_raw:/shop/441616||market_item.xlsx|茶马古道|seller_raw:/shop/444329,zh_target_strict,zh,uncertain_holdout,,uncertain,semantic_structural,0,0,,,,,,0.936951,0.890934,0.926342,0.676368,/shop/441616,/shop/444329,uncertain,uncertain_insufficient_evidence,0,0,0,0,0,0,uncertain_or_not_supervision_label
market_item.xlsx|茶马古道|seller_raw:/shop/437655||market_item.xlsx|茶马古道|seller_raw:/shop/466869,zh_target_strict,zh,test,comp_00164,positive,semantic_structural,1,1,,,,,,0.945354,0.893045,0.913781,0.618293,/shop/437655,/shop/466869,same_controller,same_controller_style_structural_soft,1,1,0,0,0,0,positive_without_direct_identifier
market_item.xlsx|中文暗网交易市场|seller_raw:573258||market_item.xlsx|中文暗网交易市场|seller_raw:598691,zh_target_strict,zh,uncertain_holdout,,uncertain,semantic_structural,0,0,,,,,,0.941074,0.922527,0.953928,0.794817,573258,598691,uncertain,uncertain_insufficient_evidence,0,0,0,0,0,0,uncertain_or_not_supervision_label
market_item.xlsx|茶马古道|seller_raw:/shop/418181||market_item.xlsx|茶马古道|seller_raw:/shop/7449,zh_target_strict,zh,uncertain_holdout,,uncertain,semantic_structural,0,0,,,,,,0.951061,0.901186,0.868175,0.685461,/shop/418181,/shop/7449,uncertain,uncertain_insufficient_evidence,0,0,0,0,0,0,uncertain_or_not_supervision_label
market_item.xlsx|茶马古道|seller_raw:/shop/415633||market_item.xlsx|茶马古道|seller_raw:/shop/843,zh_target_strict,zh,uncertain_holdout,,uncertain,semantic_structural,0,0,,,,,,0.964377,0.958397,0.935655,0.765826,/shop/415633,/shop/843,uncertain,uncertain_insufficient_evidence,0,0,0,0,0,0,uncertain_or_not_supervision_label
market_item.xlsx|茶马古道|seller_raw:/shop/403748||market_item.xlsx|茶马古道|seller_raw:/shop/9644,zh_target_strict,zh,test,comp_00069,negative,semantic_structural,1,1,,,,,,0.938084,0.875619,0.857299,0.64557,/shop/403748,/shop/9644,different_controller,ordinary_negative,1,1,0,0,0,0,negative_without_hard_ambiguity
market_item.xlsx|茶马古道|seller_raw:/shop/411999||market_item.xlsx|茶马古道|seller_raw:/shop/414692,zh_target_strict,zh,test,comp_00164,negative,semantic_structural,1,1,,,,,,0.920655,0.857798,0.847102,0.64316,/shop/411999,/shop/414692,different_controller,ordinary_negative,1,1,0,0,0,0,negative_without_hard_ambiguity
market_item.xlsx|中文暗网交易市场|seller_raw:26765||market_item.xlsx|中文暗网交易市场|seller_raw:36628,zh_target_strict,zh,test,comp_00026,negative,semantic_structural,1,1,,,,,,0.898336,0.788276,0.829982,0.776035,26765,36628,different_controller,ordinary_negative,1,1,0,0,0,0,negative_without_hard_ambiguity
market_item.xlsx|茶马古道|seller_raw:/shop/398356||market_item.xlsx|茶马古道|seller_raw:/shop/441741,zh_target_strict,zh,uncertain_holdout,,uncertain,semantic_structural,0,0,,,,,,0.933106,0.865707,0.846464,0.661728,/shop/398356,/shop/441741,uncertain,uncertain_insufficient_evidence,0,0,0,0,0,0,uncertain_or_not_supervision_label
market_item.xlsx|中文暗网交易市场|seller_raw:312272||market_item.xlsx|中文暗网交易市场|seller_raw:511033,zh_target_strict,zh,train,comp_00001,negative,semantic_structural,1,1,,,,,,0.897692,0.784839,0.838068,0.719736,312272,511033,different_controller,ordinary_negative,1,1,0,0,0,0,negative_without_hard_ambiguity
market_item.xlsx|茶马古道|seller_raw:/shop/394226||market_item.xlsx|茶马古道|seller_raw:/shop/435341,zh_target_strict,zh,uncertain_holdout,,uncertain,semantic_structural,0,0,,,,,,0.927423,0.85871,0.89935,0.762591,/shop/394226,/shop/435341,uncertain,uncertain_insufficient_evidence,0,0,0,0,0,0,uncertain_or_not_supervision_label
market_item.xlsx|茶马古道|seller_raw:/shop/430812||market_item.xlsx|茶马古道|seller_raw:/shop/440237,zh_target_strict,zh,uncertain_holdout,,uncertain,semantic_structural,0,0,,,,,,0.911932,0.844925,0.863264,0.722422,/shop/430812,/shop/440237,uncertain,uncertain_insufficient_evidence,0,0,0,0,0,0,uncertain_or_not_supervision_label
market_item.xlsx|茶马古道|seller_raw:/shop/10158||market_item.xlsx|茶马古道|seller_raw:/shop/466803,zh_target_strict,zh,uncertain_holdout,,uncertain,semantic_structural,0,0,,,,,,0.938376,0.844655,0.867964,0.674101,/shop/10158,/shop/466803,uncertain,uncertain_insufficient_evidence,0,0,0,0,0,0,uncertain_or_not_supervision_label
market_item.xlsx|茶马古道|seller_raw:/shop/417338||market_item.xlsx|茶马古道|seller_raw:/shop/8434,zh_target_strict,zh,uncertain_holdout,,uncertain,semantic_structural,0,0,,,,,,0.941256,0.863721,0.885711,0.5555,/shop/417338,/shop/8434,uncertain,uncertain_insufficient_evidence,0,0,0,0,0,0,uncertain_or_not_supervision_label
market_item.xlsx|茶马古道|seller_raw:/shop/423063||market_item.xlsx|茶马古道|seller_raw:/shop/441917,zh_target_strict,zh,uncertain_holdout,,uncertain,semantic_structural,0,0,,,,,,0.91256,0.869564,0.920113,0.583643,/shop/423063,/shop/441917,uncertain,uncertain_insufficient_evidence,0,0,0,0,0,0,uncertain_or_not_supervision_label
market_item.xlsx|茶马古道|seller_raw:/shop/444323||market_item.xlsx|茶马古道|seller_raw:/shop/6822,zh_target_strict,zh,uncertain_holdout,,uncertain,semantic_structural,0,0,,,,,,0.935744,0.881714,0.915567,0.736245,/shop/444323,/shop/6822,uncertain,uncertain_insufficient_evidence,0,0,0,0,0,0,uncertain_or_not_supervision_label
market_item.xlsx|茶马古道|seller_raw:/shop/394237||market_item.xlsx|茶马古道|seller_raw:/shop/438114,zh_target_strict,zh,uncertain_holdout,,uncertain,semantic_structural,0,0,,,,,,0.905325,0.808435,0.885776,0.781364,/shop/394237,/shop/438114,uncertain,uncertain_insufficient_evidence,0,0,0,0,0,0,uncertain_or_not_supervision_label
market_item.xlsx|茶马古道|seller_raw:/shop/402000||market_item.xlsx|茶马古道|seller_raw:/shop/432726,zh_target_strict,zh,test,comp_00151,negative,semantic_structural,1,1,,,,,,0.906887,0.84241,0.867759,0.72249,/shop/402000,/shop/432726,different_controller,ordinary_negative,1,1,0,0,0,0,negative_without_hard_ambiguity
market_item.xlsx|茶马古道|seller_raw:/shop/421||market_item.xlsx|茶马古道|seller_raw:/shop/447700,zh_target_strict,zh,uncertain_holdout,,uncertain,semantic_structural,0,0,,,,,,0.912664,0.839488,0.88373,0.567522,/shop/421,/shop/447700,uncertain,uncertain_insufficient_evidence,0,0,0,0,0,0,uncertain_or_not_supervision_label
market_item.xlsx|茶马古道|seller_raw:/shop/423063||market_item.xlsx|茶马古道|seller_raw:/shop/433482,zh_target_strict,zh,uncertain_holdout,,uncertain,semantic_structural,0,0,,,,,,0.936997,0.855919,0.874326,0.621575,/shop/423063,/shop/433482,uncertain,uncertain_insufficient_evidence,0,0,0,0,0,0,uncertain_or_not_supervision_label
market_item.xlsx|茶马古道|seller_raw:/shop/448219||market_item.xlsx|茶马古道|seller_raw:/shop/458691,zh_target_strict,zh,test,comp_00166,negative,semantic_structural,1,1,,,,,,0.892584,0.773583,0.843002,0.702259,/shop/448219,/shop/458691,different_controller,ordinary_negative,1,1,0,0,0,0,negative_without_hard_ambiguity
market_item.xlsx|茶马古道|seller_raw:/shop/441741||market_item.xlsx|茶马古道|seller_raw:/shop/466803,zh_target_strict,zh,uncertain_holdout,,uncertain,semantic_structural,0,0,,,,,,0.935619,0.820005,0.88279,0.715556,/shop/441741,/shop/466803,uncertain,uncertain_insufficient_evidence,0,0,0,0,0,0,uncertain_or_not_supervision_label
market_item.xlsx|茶马古道|seller_raw:/shop/460087||market_item.xlsx|茶马古道|seller_raw:/shop/666,zh_target_strict,zh,uncertain_holdout,,uncertain,semantic_structural,0,0,,,,,,0.93256,0.901532,0.916891,0.736162,/shop/460087,/shop/666,uncertain,uncertain_insufficient_evidence,0,0,0,0,0,0,uncertain_or_not_supervision_label
market_item.xlsx|茶马古道|seller_raw:/shop/414692||market_item.xlsx|茶马古道|seller_raw:/shop/437655,zh_target_strict,zh,uncertain_holdout,,uncertain,semantic_structural,0,0,,,,,,0.919126,0.872216,0.848689,0.60539,/shop/414692,/shop/437655,uncertain,uncertain_insufficient_evidence,0,0,0,0,0,0,uncertain_or_not_supervision_label
market_item.xlsx|中文暗网交易市场|seller_raw:581981||market_item.xlsx|中文暗网交易市场|seller_raw:99610,zh_target_strict,zh,train,comp_00001,negative,semantic_structural,1,1,,,,,,0.89785,0.758965,0.798559,0.571063,581981,99610,different_controller,ordinary_negative,1,1,0,0,0,0,negative_without_hard_ambiguity
market_item.xlsx|茶马古道|seller_raw:/shop/443213||market_item.xlsx|茶马古道|seller_raw:/shop/6822,zh_target_strict,zh,uncertain_holdout,,uncertain,semantic_structural,0,0,,,,,,0.937609,0.845248,0.913741,0.758552,/shop/443213,/shop/6822,uncertain,uncertain_insufficient_evidence,0,0,0,0,0,0,uncertain_or_not_supervision_label
market_item.xlsx|茶马古道|seller_raw:/shop/409526||market_item.xlsx|茶马古道|seller_raw:/shop/424676,zh_target_strict,zh,uncertain_holdout,,uncertain,semantic_structural,0,0,,,,,,0.912166,0.897862,0.924131,0.633672,/shop/409526,/shop/424676,uncertain,uncertain_insufficient_evidence,0,0,0,0,0,0,uncertain_or_not_supervision_label
market_item.xlsx|茶马古道|seller_raw:/shop/451316||market_item.xlsx|茶马古道|seller_raw:/shop/460697,zh_target_strict,zh,uncertain_holdout,,uncertain,semantic_structural,0,0,,,,,,0.906662,0.792181,0.881088,0.717366,/shop/451316,/shop/460697,uncertain,uncertain_insufficient_evidence,0,0,0,0,0,0,uncertain_or_not_supervision_label
market_item.xlsx|茶马古道|seller_raw:/shop/459998||market_item.xlsx|茶马古道|seller_raw:/shop/461358,zh_target_strict,zh,test,comp_00218,negative,semantic_structural,1,1,,,,,,0.921713,0.86164,0.878988,0.624274,/shop/459998,/shop/461358,different_controller,ordinary_negative,1,1,0,0,0,0,negative_without_hard_ambiguity
market_item.xlsx|茶马古道|seller_raw:/shop/10158||market_item.xlsx|茶马古道|seller_raw:/shop/448519,zh_target_strict,zh,test,comp_00069,negative,semantic_structural,1,1,,,,,,0.938836,0.877449,0.90302,0.686761,/shop/10158,/shop/448519,different_controller,ordinary_negative,1,1,0,0,0,0,negative_without_hard_ambiguity
market_item.xlsx|茶马古道|seller_raw:/shop/412925||market_item.xlsx|茶马古道|seller_raw:/shop/455056,zh_target_strict,zh,uncertain_holdout,,uncertain,semantic_structural,0,0,,,,,,0.916264,0.842453,0.860088,0.635398,/shop/412925,/shop/455056,uncertain,uncertain_insufficient_evidence,0,0,0,0,0,0,uncertain_or_not_supervision_label
market_item.xlsx|茶马古道|seller_raw:/shop/331||market_item.xlsx|茶马古道|seller_raw:/shop/446583,zh_target_strict,zh,test,comp_00134,negative,semantic_structural,1,1,,,,,,0.912727,0.791396,0.794613,0.728812,/shop/331,/shop/446583,different_controller,ordinary_negative,1,1,0,0,0,0,negative_without_hard_ambiguity
market_item.xlsx|中文暗网交易市场|seller_raw:522255||market_item.xlsx|中文暗网交易市场|seller_raw:552138,zh_target_strict,zh,uncertain_holdout,,uncertain,semantic_structural,0,0,,,,,,0.926515,0.88867,0.912179,0.726553,522255,552138,uncertain,uncertain_insufficient_evidence,0,0,0,1,0,0,uncertain_or_not_supervision_label
market_item.xlsx|中文暗网交易市场|seller_raw:58949||market_item.xlsx|中文暗网交易市场|seller_raw:81012,zh_target_strict,zh,uncertain_holdout,,uncertain,semantic_structural,0,0,,,,,,0.907951,0.858281,0.799624,0.547001,58949,81012,uncertain,uncertain_insufficient_evidence,0,0,0,0,0,0,uncertain_or_not_supervision_label
market_item.xlsx|中文暗网交易市场|seller_raw:44207||market_item.xlsx|中文暗网交易市场|seller_raw:72597,zh_target_strict,zh,uncertain_holdout,,uncertain,semantic_structural,0,0,,,,,,0.913003,0.874515,0.916572,0.540384,44207,72597,uncertain,uncertain_insufficient_evidence,0,0,0,0,0,0,uncertain_or_not_supervision_label
market_item.xlsx|茶马古道|seller_raw:/shop/465089||market_item.xlsx|茶马古道|seller_raw:/shop/6167,zh_target_strict,zh,test,comp_00222,negative,semantic_structural,1,1,,,,,,0.921082,0.845295,0.762674,0.731222,/shop/465089,/shop/6167,different_controller,ordinary_negative,1,1,0,0,0,0,negative_without_hard_ambiguity
market_item.xlsx|茶马古道|seller_raw:/shop/412259||market_item.xlsx|茶马古道|seller_raw:/shop/443902,zh_target_strict,zh,valid,comp_00021,negative,semantic_structural,1,1,,,,,,0.884022,0.797226,0.860088,0.727915,/shop/412259,/shop/443902,different_controller,ordinary_negative,1,1,0,0,0,0,negative_without_hard_ambiguity
market_item.xlsx|茶马古道|seller_raw:/shop/394226||market_item.xlsx|茶马古道|seller_raw:/shop/465074,zh_target_strict,zh,uncertain_holdout,,uncertain,semantic_structural,0,0,,,,,,0.912059,0.841624,0.903079,0.515759,/shop/394226,/shop/465074,uncertain,uncertain_insufficient_evidence,0,0,0,0,0,0,uncertain_or_not_supervision_label
market_item.xlsx|茶马古道|seller_raw:/shop/415470||market_item.xlsx|茶马古道|seller_raw:/shop/635,zh_target_strict,zh,uncertain_holdout,,uncertain,semantic_structural,0,0,,,,,,0.927737,0.878788,0.906322,0.727793,/shop/415470,/shop/635,uncertain,uncertain_insufficient_evidence,0,0,0,0,0,0,uncertain_or_not_supervision_label
market_item.xlsx|茶马古道|seller_raw:/shop/417580||market_item.xlsx|茶马古道|seller_raw:/shop/451256,zh_target_strict,zh,uncertain_holdout,,uncertain,semantic_structural,0,0,,,,,,0.910506,0.818696,0.851927,0.650699,/shop/417580,/shop/451256,uncertain,uncertain_insufficient_evidence,0,0,0,0,0,0,uncertain_or_not_supervision_label
market_item.xlsx|茶马古道|seller_raw:/shop/446950||market_item.xlsx|茶马古道|seller_raw:/shop/457514,zh_target_strict,zh,valid,comp_00157,negative,semantic_structural,1,1,,,,,,0.927437,0.868703,0.813612,0.61496,/shop/446950,/shop/457514,different_controller,ordinary_negative,1,1,0,0,0,0,negative_without_hard_ambiguity
market_item.xlsx|茶马古道|seller_raw:/shop/461475||market_item.xlsx|茶马古道|seller_raw:/shop/530,zh_target_strict,zh,test,comp_00104,negative,semantic_structural,1,1,,,,,,0.900517,0.771136,0.81879,0.688419,/shop/461475,/shop/530,different_controller,ordinary_negative,1,1,0,0,0,0,negative_without_hard_ambiguity
market_item.xlsx|茶马古道|seller_raw:/shop/463845||market_item.xlsx|茶马古道|seller_raw:/shop/8814,zh_target_strict,zh,uncertain_holdout,,uncertain,semantic_structural,0,0,,,,,,0.924932,0.814257,0.843468,0.670321,/shop/463845,/shop/8814,uncertain,uncertain_insufficient_evidence,0,0,0,0,0,0,uncertain_or_not_supervision_label
market_item.xlsx|茶马古道|seller_raw:/shop/414476||market_item.xlsx|茶马古道|seller_raw:/shop/414692,zh_target_strict,zh,uncertain_holdout,,uncertain,semantic_structural,0,0,,,,,,0.926576,0.898705,0.870602,0.622394,/shop/414476,/shop/414692,uncertain,uncertain_insufficient_evidence,0,0,0,0,0,0,uncertain_or_not_supervision_label
market_item.xlsx|茶马古道|seller_raw:/shop/435963||market_item.xlsx|茶马古道|seller_raw:/shop/444654,zh_target_strict,zh,valid,comp_00115,negative,semantic_structural,1,1,,,,,,0.963756,0.939209,0.962065,0.518677,/shop/435963,/shop/444654,different_controller,template_clone_not_controller,1,1,0,1,0,0,feature_shared_low_df_sentence_count
market_item.xlsx|中文暗网交易市场|seller_raw:41552||market_item.xlsx|中文暗网交易市场|seller_raw:581981,zh_target_strict,zh,train,comp_00001,negative,semantic_structural,1,1,,,,,,0.897445,0.782583,0.866496,0.593362,41552,581981,different_controller,ordinary_negative,1,1,0,0,0,0,negative_without_hard_ambiguity
market_item.xlsx|中文暗网交易市场|seller_raw:42982||market_item.xlsx|茶马古道|seller_raw:/shop/456121,zh_target_strict,zh,test,comp_00056,negative,semantic_structural,1,1,,,,,,0.889753,0.825225,0.833734,0.59531,42982,/shop/456121,different_controller,ordinary_negative,1,1,0,0,0,0,negative_without_hard_ambiguity
market_item.xlsx|茶马古道|seller_raw:/shop/434666||market_item.xlsx|茶马古道|seller_raw:/shop/440466,zh_target_strict,zh,uncertain_holdout,,uncertain,semantic_structural,0,0,,,,,,0.929596,0.814909,0.914159,0.643765,/shop/434666,/shop/440466,uncertain,uncertain_insufficient_evidence,0,0,0,0,0,0,uncertain_or_not_supervision_label
market_item.xlsx|中文暗网交易市场|seller_raw:459538||market_item.xlsx|中文暗网交易市场|seller_raw:526920,zh_target_strict,zh,train,comp_00001,negative,semantic_structural,1,1,,,,,,0.89131,0.796136,0.891003,0.567665,459538,526920,different_controller,ordinary_negative,1,1,0,0,0,0,negative_without_hard_ambiguity
market_item.xlsx|中文暗网交易市场|seller_raw:15581||market_item.xlsx|中文暗网交易市场|seller_raw:582366,zh_target_strict,zh,test,comp_00006,negative,semantic_structural,1,1,,,,,,0.887868,0.767996,0.807944,0.629328,15581,582366,different_controller,ordinary_negative,1,1,0,0,0,0,negative_without_hard_ambiguity
market_item.xlsx|中文暗网交易市场|seller_raw:312538||market_item.xlsx|中文暗网交易市场|seller_raw:430378,zh_target_strict,zh,train,silver_train_comp_00163,positive,semantic_structural,1,1,,,,,,0.939581,0.912706,0.93939,0.674243,312538,430378,same_controller,same_controller_component_anchor,1,1,0,0,0,0,review_notes_component_anchor_keyword
market_item.xlsx|茶马古道|seller_raw:/shop/453789||market_item.xlsx|茶马古道|seller_raw:/shop/463206,zh_target_strict,zh,test,comp_00162,negative,semantic_structural,1,1,,,,,,0.920744,0.822748,0.824906,0.517152,/shop/453789,/shop/463206,different_controller,ordinary_negative,1,1,0,0,0,0,negative_without_hard_ambiguity
market_item.xlsx|中文暗网交易市场|seller_raw:511033||market_item.xlsx|中文暗网交易市场|seller_raw:81012,zh_target_strict,zh,uncertain_holdout,,uncertain,semantic_structural,0,0,,,,,,0.918447,0.842896,0.833386,0.55024,511033,81012,uncertain,uncertain_insufficient_evidence,0,0,0,0,0,0,uncertain_or_not_supervision_label
market_item.xlsx|茶马古道|seller_raw:/shop/416063||market_item.xlsx|茶马古道|seller_raw:/shop/440846,zh_target_strict,zh,uncertain_holdout,,uncertain,semantic_structural,0,0,,,,,,0.94537,0.887606,0.896785,0.647711,/shop/416063,/shop/440846,uncertain,uncertain_insufficient_evidence,0,0,0,0,0,0,uncertain_or_not_supervision_label
market_item.xlsx|中文暗网交易市场|seller_raw:41552||market_item.xlsx|中文暗网交易市场|seller_raw:569522,zh_target_strict,zh,train,comp_00001,negative,semantic_structural,1,1,,,,,,0.905838,0.76026,0.809672,0.635161,41552,569522,different_controller,ordinary_negative,1,1,0,0,0,0,negative_without_hard_ambiguity
market_item.xlsx|茶马古道|seller_raw:/shop/435231||market_item.xlsx|茶马古道|seller_raw:/shop/668,zh_target_strict,zh,uncertain_holdout,,uncertain,semantic_structural,0,0,,,,,,0.938496,0.847924,0.925303,0.562393,/shop/435231,/shop/668,uncertain,uncertain_insufficient_evidence,0,0,0,0,0,0,uncertain_or_not_supervision_label
market_item.xlsx|茶马古道|seller_raw:/shop/431241||market_item.xlsx|茶马古道|seller_raw:/shop/456224,zh_target_strict,zh,test,comp_00193,negative,semantic_structural,1,1,,,,,,0.919295,0.821507,0.894836,0.663239,/shop/431241,/shop/456224,different_controller,ordinary_negative,1,1,0,0,0,0,negative_without_hard_ambiguity
market_item.xlsx|茶马古道|seller_raw:/shop/414476||market_item.xlsx|茶马古道|seller_raw:/shop/440846,zh_target_strict,zh,uncertain_holdout,,uncertain,semantic_structural,0,0,,,,,,0.935431,0.832227,0.852312,0.53654,/shop/414476,/shop/440846,uncertain,uncertain_insufficient_evidence,0,0,0,0,0,0,uncertain_or_not_supervision_label
market_item.xlsx|茶马古道|seller_raw:/shop/404383||market_item.xlsx|茶马古道|seller_raw:/shop/408919,zh_target_strict,zh,test,comp_00155,negative,semantic_structural,1,1,,,,,,0.89941,0.84056,0.867311,0.67545,/shop/404383,/shop/408919,different_controller,ordinary_negative,1,1,0,0,0,0,negative_without_hard_ambiguity
market_item.xlsx|茶马古道|seller_raw:/shop/397652||market_item.xlsx|茶马古道|seller_raw:/shop/447041,zh_target_strict,zh,uncertain_holdout,,uncertain,semantic_structural,0,0,,,,,,0.923929,0.839613,0.893184,0.612796,/shop/397652,/shop/447041,uncertain,uncertain_insufficient_evidence,0,0,0,0,0,0,uncertain_or_not_supervision_label
market_item.xlsx|中文暗网交易市场|seller_raw:20020||market_item.xlsx|中文暗网交易市场|seller_raw:586249,zh_target_strict,zh,uncertain_holdout,,uncertain,semantic_structural,0,0,,,,,,0.944056,0.904325,0.918351,0.631035,20020,586249,uncertain,uncertain_insufficient_evidence,0,0,0,0,0,0,uncertain_or_not_supervision_label
market_item.xlsx|茶马古道|seller_raw:/shop/446950||market_item.xlsx|茶马古道|seller_raw:/shop/447736,zh_target_strict,zh,valid,comp_00157,negative,semantic_structural,1,1,,,,,,0.931399,0.865003,0.798765,0.663877,/shop/446950,/shop/447736,different_controller,ordinary_negative,1,1,0,0,0,0,negative_without_hard_ambiguity
market_item.xlsx|中文暗网交易市场|seller_raw:26455||market_item.xlsx|中文暗网交易市场|seller_raw:576252,zh_target_strict,zh,uncertain_holdout,,uncertain,semantic_structural,0,0,,,,,,0.937593,0.902368,0.899739,0.66816,26455,576252,uncertain,uncertain_insufficient_evidence,0,0,0,0,0,0,uncertain_or_not_supervision_label
market_item.xlsx|茶马古道|seller_raw:/shop/411999||market_item.xlsx|茶马古道|seller_raw:/shop/440846,zh_target_strict,zh,test,comp_00164,negative,semantic_structural,1,1,,,,,,0.92305,0.847613,0.856272,0.627114,/shop/411999,/shop/440846,different_controller,ordinary_negative,1,1,0,0,0,0,negative_without_hard_ambiguity
market_item.xlsx|茶马古道|seller_raw:/shop/445037||market_item.xlsx|茶马古道|seller_raw:/shop/6822,zh_target_strict,zh,uncertain_holdout,,uncertain,semantic_structural,0,0,,,,,,0.904868,0.814015,0.860057,0.571375,/shop/445037,/shop/6822,uncertain,uncertain_insufficient_evidence,0,0,0,0,0,0,uncertain_or_not_supervision_label
market_item.xlsx|茶马古道|seller_raw:/shop/435860||market_item.xlsx|茶马古道|seller_raw:/shop/463712,zh_target_strict,zh,uncertain_holdout,,uncertain,semantic_structural,0,0,,,,,,0.882997,0.792624,0.858073,0.599218,/shop/435860,/shop/463712,uncertain,uncertain_insufficient_evidence,0,0,0,0,0,0,uncertain_or_not_supervision_label
market_item.xlsx|中文暗网交易市场|seller_raw:436939||market_item.xlsx|茶马古道|seller_raw:/shop/456121,zh_target_strict,zh,test,comp_00056,negative,semantic_structural,1,1,,,,,,0.902219,0.81999,0.84918,0.561246,436939,/shop/456121,different_controller,ordinary_negative,1,1,0,0,0,0,negative_without_hard_ambiguity
market_item.xlsx|茶马古道|seller_raw:/shop/415543||market_item.xlsx|茶马古道|seller_raw:/shop/460087,zh_target_strict,zh,uncertain_holdout,,uncertain,semantic_structural,0,0,,,,,,0.951333,0.9337,0.917727,0.614564,/shop/415543,/shop/460087,uncertain,uncertain_insufficient_evidence,0,0,0,0,0,0,uncertain_or_not_supervision_label
market_item.xlsx|茶马古道|seller_raw:/shop/429049||market_item.xlsx|茶马古道|seller_raw:/shop/446950,zh_target_strict,zh,valid,comp_00157,negative,semantic_structural,1,1,,,,,,0.911719,0.806966,0.781738,0.559724,/shop/429049,/shop/446950,different_controller,ordinary_negative,1,1,0,0,0,0,negative_without_hard_ambiguity
market_item.xlsx|中文暗网交易市场|seller_raw:58517||market_item.xlsx|中文暗网交易市场|seller_raw:70936,zh_target_strict,zh,uncertain_holdout,,uncertain,semantic_structural,0,0,,,,,,0.939277,0.833667,0.862432,0.628008,58517,70936,uncertain,uncertain_insufficient_evidence,0,0,0,0,0,0,uncertain_or_not_supervision_label
market_item.xlsx|中文暗网交易市场|seller_raw:156043||market_item.xlsx|中文暗网交易市场|seller_raw:33465,zh_target_strict,zh,test,comp_00007,negative,semantic_structural,1,1,,,,,,0.910771,0.830111,0.768733,0.522394,156043,33465,different_controller,ordinary_negative,1,1,0,0,0,0,negative_without_hard_ambiguity
market_item.xlsx|茶马古道|seller_raw:/shop/421134||market_item.xlsx|茶马古道|seller_raw:/shop/465701,zh_target_strict,zh,uncertain_holdout,,uncertain,semantic_structural,0,0,,,,,,0.930133,0.877551,0.805217,0.622957,/shop/421134,/shop/465701,uncertain,uncertain_insufficient_evidence,0,0,0,0,0,0,uncertain_or_not_supervision_label
market_item.xlsx|中文暗网交易市场|seller_raw:11457||market_item.xlsx|中文暗网交易市场|seller_raw:517245,zh_target_strict,zh,train,comp_00001,negative,semantic_structural,1,1,,,,,,0.906457,0.829876,0.892054,0.566521,11457,517245,different_controller,ordinary_negative,1,1,0,0,0,0,negative_without_hard_ambiguity
market_item.xlsx|中文暗网交易市场|seller_raw:11457||market_item.xlsx|中文暗网交易市场|seller_raw:566597,zh_target_strict,zh,train,comp_00001,negative,semantic_structural,1,1,,,,,,0.920458,0.825183,0.898262,0.559168,11457,566597,different_controller,ordinary_negative,1,1,0,0,0,0,negative_without_hard_ambiguity
market_item.xlsx|茶马古道|seller_raw:/shop/416063||market_item.xlsx|茶马古道|seller_raw:/shop/466869,zh_target_strict,zh,uncertain_holdout,,uncertain,semantic_structural,0,0,,,,,,0.930717,0.846937,0.891873,0.518557,/shop/416063,/shop/466869,uncertain,uncertain_insufficient_evidence,0,0,0,0,0,0,uncertain_or_not_supervision_label
market_item.xlsx|茶马古道|seller_raw:/shop/396807||market_item.xlsx|茶马古道|seller_raw:/shop/465701,zh_target_strict,zh,uncertain_holdout,,uncertain,semantic_structural,0,0,,,,,,0.945136,0.890156,0.814863,0.631634,/shop/396807,/shop/465701,uncertain,uncertain_insufficient_evidence,0,0,0,0,0,0,uncertain_or_not_supervision_label
market_item.xlsx|茶马古道|seller_raw:/shop/394040||market_item.xlsx|茶马古道|seller_raw:/shop/418181,zh_target_strict,zh,test,comp_00139,negative,semantic_structural,1,1,,,,,,0.910428,0.781014,0.835854,0.624759,/shop/394040,/shop/418181,different_controller,ordinary_negative,1,1,0,0,0,0,negative_without_hard_ambiguity
market_item.xlsx|茶马古道|seller_raw:/shop/442743||market_item.xlsx|茶马古道|seller_raw:/shop/447487,zh_target_strict,zh,uncertain_holdout,,uncertain,semantic_structural,0,0,,,,,,0.907754,0.808916,0.882857,0.610005,/shop/442743,/shop/447487,uncertain,uncertain_insufficient_evidence,0,0,0,0,0,0,uncertain_or_not_supervision_label
market_item.xlsx|中文暗网交易市场|seller_raw:29778||market_item.xlsx|中文暗网交易市场|seller_raw:436034,zh_target_strict,zh,test,comp_00031,negative,semantic_structural,1,1,,,,,,0.905679,0.791357,0.828984,0.520977,29778,436034,different_controller,ordinary_negative,1,1,0,0,0,0,negative_without_hard_ambiguity
market_item.xlsx|中文暗网交易市场|seller_raw:32644||market_item.xlsx|中文暗网交易市场|seller_raw:45139,zh_target_strict,zh,train,comp_00001,negative,semantic_structural,1,1,,,,,,0.892246,0.801132,0.860815,0.509272,32644,45139,different_controller,ordinary_negative,1,1,0,0,0,0,negative_without_hard_ambiguity
market_item.xlsx|茶马古道|seller_raw:/shop/3462||market_item.xlsx|茶马古道|seller_raw:/shop/8434,zh_target_strict,zh,uncertain_holdout,,uncertain,semantic_structural,0,0,,,,,,0.936998,0.879618,0.886717,0.536772,/shop/3462,/shop/8434,uncertain,uncertain_insufficient_evidence,0,0,0,0,0,0,uncertain_or_not_supervision_label
market_item.xlsx|中文暗网交易市场|seller_raw:56071||market_item.xlsx|中文暗网交易市场|seller_raw:84963,zh_target_strict,zh,test,comp_00103,negative,semantic_structural,1,1,,,,,,0.904758,0.827158,0.83312,0.561905,56071,84963,different_controller,ordinary_negative,1,1,0,0,0,0,negative_without_hard_ambiguity
market_item.xlsx|茶马古道|seller_raw:/shop/413373||market_item.xlsx|茶马古道|seller_raw:/shop/427922,zh_target_strict,zh,uncertain_holdout,,uncertain,semantic_structural,0,0,,,,,,0.94048,0.901394,0.866123,0.577118,/shop/413373,/shop/427922,uncertain,uncertain_insufficient_evidence,0,0,0,0,0,0,uncertain_or_not_supervision_label
market_item.xlsx|中文暗网交易市场|seller_raw:269806||market_item.xlsx|中文暗网交易市场|seller_raw:605928,zh_target_strict,zh,uncertain_holdout,,uncertain,semantic_structural,0,0,,,,,,0.916861,0.868565,0.939827,0.600202,269806,605928,uncertain,uncertain_insufficient_evidence,0,0,0,0,0,0,uncertain_or_not_supervision_label
market_item.xlsx|茶马古道|seller_raw:/shop/419606||market_item.xlsx|茶马古道|seller_raw:/shop/456412,zh_target_strict,zh,test,comp_00175,negative,semantic_structural,1,1,,,,,,0.862996,0.790338,0.771303,0.524122,/shop/419606,/shop/456412,different_controller,ordinary_negative,1,1,0,0,0,0,negative_without_hard_ambiguity
market_item.xlsx|茶马古道|seller_raw:/shop/399554||market_item.xlsx|茶马古道|seller_raw:/shop/446568,zh_target_strict,zh,test,comp_00148,negative,semantic_structural,1,1,,,,,,0.876039,0.771203,0.770078,0.505485,/shop/399554,/shop/446568,different_controller,ordinary_negative,1,1,0,0,0,0,negative_without_hard_ambiguity
market_item.xlsx|茶马古道|seller_raw:/shop/434814||market_item.xlsx|茶马古道|seller_raw:/shop/457427,zh_target_strict,zh,test,comp_00197,negative,semantic_structural,1,1,,,,,,0.906077,0.787938,0.794796,0.55154,/shop/434814,/shop/457427,different_controller,ordinary_negative,1,1,0,0,0,0,negative_without_hard_ambiguity
market_item.xlsx|茶马古道|seller_raw:/shop/338||market_item.xlsx|茶马古道|seller_raw:/shop/445058,zh_target_strict,zh,test,comp_00135,negative,semantic_structural,1,1,,,,,,0.900894,0.766457,0.8249,0.542104,/shop/338,/shop/445058,different_controller,ordinary_negative,1,1,0,0,0,0,negative_without_hard_ambiguity
market_item.xlsx|茶马古道|seller_raw:/shop/402000||market_item.xlsx|茶马古道|seller_raw:/shop/424080,zh_target_strict,zh,test,comp_00151,negative,semantic_structural,1,1,,,,,,0.894882,0.780161,0.835316,0.570017,/shop/402000,/shop/424080,different_controller,ordinary_negative,1,1,0,0,0,0,negative_without_hard_ambiguity
market_item.xlsx|茶马古道|seller_raw:/shop/428787||market_item.xlsx|茶马古道|seller_raw:/shop/7157,zh_target_strict,zh,test,comp_00191,negative,semantic_structural,1,1,,,,,,0.900019,0.827013,0.790546,0.572459,/shop/428787,/shop/7157,different_controller,ordinary_negative,1,1,0,0,0,0,negative_without_hard_ambiguity
market_item.xlsx|中文暗网交易市场|seller_raw:462418||market_item.xlsx|中文暗网交易市场|seller_raw:6639,zh_target_strict,zh,train,comp_00070,negative,semantic_structural,1,1,,,,,,0.915741,0.852133,0.834308,0.563509,462418,6639,different_controller,ordinary_negative,1,1,0,0,0,0,negative_without_hard_ambiguity
market_item.xlsx|茶马古道|seller_raw:/shop/422845||market_item.xlsx|茶马古道|seller_raw:/shop/882,zh_target_strict,zh,test,comp_00181,negative,semantic_structural,1,1,,,,,,0.923341,0.889535,0.890629,0.586847,/shop/422845,/shop/882,different_controller,ordinary_negative,1,1,0,0,0,0,negative_without_hard_ambiguity
market_item.xlsx|中文暗网交易市场|seller_raw:41552||market_item.xlsx|中文暗网交易市场|seller_raw:546723,zh_target_strict,zh,train,comp_00001,negative,semantic_structural,1,1,,,,,,0.87681,0.75215,0.808437,0.568364,41552,546723,different_controller,ordinary_negative,1,1,0,0,0,0,negative_without_hard_ambiguity
market_item.xlsx|茶马古道|seller_raw:/shop/423063||market_item.xlsx|茶马古道|seller_raw:/shop/452236,zh_target_strict,zh,uncertain_holdout,,uncertain,semantic_structural,0,0,,,,,,0.911771,0.803312,0.761447,0.53099,/shop/423063,/shop/452236,uncertain,uncertain_insufficient_evidence,0,0,0,0,0,0,uncertain_or_not_supervision_label
market_item.xlsx|茶马古道|seller_raw:/shop/444323||market_item.xlsx|茶马古道|seller_raw:/shop/445037,zh_target_strict,zh,uncertain_holdout,,uncertain,semantic_structural,0,0,,,,,,0.903677,0.852991,0.864437,0.568094,/shop/444323,/shop/445037,uncertain,uncertain_insufficient_evidence,0,0,0,0,0,0,uncertain_or_not_supervision_label
market_item.xlsx|中文暗网交易市场|seller_raw:352597||market_item.xlsx|中文暗网交易市场|seller_raw:582366,zh_target_strict,zh,test,comp_00006,negative,semantic_structural,1,1,,,,,,0.95089,0.898801,0.928512,0.576711,352597,582366,different_controller,ordinary_negative,1,1,0,0,0,0,negative_without_hard_ambiguity
market_item.xlsx|中文暗网交易市场|seller_raw:438470||market_item.xlsx|中文暗网交易市场|seller_raw:45288,zh_target_strict,zh,test,comp_00060,negative,semantic_structural,1,1,,,,,,0.900328,0.805607,0.815222,0.56707,438470,45288,different_controller,ordinary_negative,1,1,0,0,0,0,negative_without_hard_ambiguity
market_item.xlsx|茶马古道|seller_raw:/shop/440429||market_item.xlsx|茶马古道|seller_raw:/shop/445120,zh_target_strict,zh,valid,comp_00157,negative,semantic_structural,1,1,,,,,,0.922498,0.79998,0.775224,0.532302,/shop/440429,/shop/445120,different_controller,ordinary_negative,1,1,0,0,0,0,negative_without_hard_ambiguity
market_item.xlsx|中文暗网交易市场|seller_raw:596055||market_item.xlsx|中文暗网交易市场|seller_raw:7689,zh_target_strict,zh,test,comp_00117,negative,semantic_structural,1,1,,,,,,0.917785,0.842968,0.846001,0.555702,596055,7689,different_controller,ordinary_negative,1,1,0,0,0,0,negative_without_hard_ambiguity
market_item.xlsx|茶马古道|seller_raw:/shop/447033||market_item.xlsx|茶马古道|seller_raw:/shop/451926,zh_target_strict,zh,test,comp_00211,negative,semantic_structural,1,1,,,,,,0.906436,0.838991,0.672698,0.551106,/shop/447033,/shop/451926,different_controller,ordinary_negative,1,1,0,0,0,0,negative_without_hard_ambiguity
market_item.xlsx|中文暗网交易市场|seller_raw:178257||market_item.xlsx|中文暗网交易市场|seller_raw:8641,zh_target_strict,zh,test,comp_00012,negative,semantic_structural,1,1,,,,,,0.866059,0.753662,0.847003,0.515509,178257,8641,different_controller,ordinary_negative,1,1,0,0,0,0,negative_without_hard_ambiguity
market_item.xlsx|茶马古道|seller_raw:/shop/463920||market_item.xlsx|茶马古道|seller_raw:/shop/593,zh_target_strict,zh,test,comp_00221,negative,semantic_structural,1,1,,,,,,0.91914,0.857932,0.908083,0.543825,/shop/463920,/shop/593,different_controller,ordinary_negative,1,1,0,0,0,0,negative_without_hard_ambiguity
market_item.xlsx|中文暗网交易市场|seller_raw:18826||market_item.xlsx|中文暗网交易市场|seller_raw:31252,zh_target_strict,zh,train,comp_00001,negative,semantic_structural,1,1,,,,,,0.930955,0.807365,0.786234,0.532075,18826,31252,different_controller,ordinary_negative,1,1,0,0,0,0,negative_without_hard_ambiguity
market_item.xlsx|茶马古道|seller_raw:/shop/397085||market_item.xlsx|茶马古道|seller_raw:/shop/446131,zh_target_strict,zh,uncertain_holdout,,uncertain,semantic_structural,0,0,,,,,,0.920119,0.882867,0.902638,0.516801,/shop/397085,/shop/446131,uncertain,uncertain_insufficient_evidence,0,0,0,0,0,0,uncertain_or_not_supervision_label
market_item.xlsx|茶马古道|seller_raw:/shop/435963||market_item.xlsx|茶马古道|seller_raw:/shop/462494,zh_target_strict,zh,valid,comp_00115,negative,semantic_structural,1,1,,,,,,0.956624,0.937361,0.959094,0.516905,/shop/435963,/shop/462494,different_controller,ordinary_negative,1,1,0,0,0,0,negative_without_hard_ambiguity
market_item.xlsx|茶马古道|seller_raw:/shop/393682||market_item.xlsx|茶马古道|seller_raw:/shop/7106,zh_target_strict,zh,test,comp_00137,negative,semantic_structural,1,1,,,,,,0.914355,0.820032,0.855659,0.528111,/shop/393682,/shop/7106,different_controller,ordinary_negative,1,1,0,0,0,0,negative_without_hard_ambiguity
market_item.xlsx|茶马古道|seller_raw:/shop/435963||market_item.xlsx|茶马古道|seller_raw:/shop/459141,zh_target_strict,zh,valid,comp_00115,negative,semantic_structural,1,1,,,,,,0.957583,0.934926,0.958321,0.515192,/shop/435963,/shop/459141,different_controller,ordinary_negative,1,1,0,0,0,0,negative_without_hard_ambiguity
market_item.xlsx|茶马古道|seller_raw:/shop/427252||market_item.xlsx|茶马古道|seller_raw:/shop/427474,zh_target_strict,zh,uncertain_holdout,,uncertain,semantic_structural,0,0,,,,,,0.942732,0.898038,0.884046,0.508108,/shop/427252,/shop/427474,uncertain,uncertain_insufficient_evidence,0,0,0,0,0,0,uncertain_or_not_supervision_label
market_item.xlsx|中文暗网交易市场|seller_raw:24225||market_item.xlsx|茶马古道|seller_raw:/shop/425839,zh_target_strict,zh,test,comp_00022,negative,semantic_structural,1,1,,,,,,0.871721,0.773732,0.91601,0.511344,24225,/shop/425839,different_controller,ordinary_negative,1,1,0,0,0,0,negative_without_hard_ambiguity
market_item.xlsx|茶马古道|seller_raw:/shop/447066||market_item.xlsx|茶马古道|seller_raw:/shop/6893,zh_target_strict,zh,uncertain_holdout,,uncertain,semantic_structural,0,0,,,,,,0.959615,0.936572,0.899359,0.501426,/shop/447066,/shop/6893,uncertain,uncertain_insufficient_evidence,0,0,0,0,0,0,uncertain_or_not_supervision_label
market_item.xlsx|茶马古道|seller_raw:/shop/428039||market_item.xlsx|茶马古道|seller_raw:/shop/441741,zh_target_strict,zh,test,comp_00149,positive,identifier_primary,1,1,,,,,,0.935892,0.836008,0.887202,0.362421,/shop/428039,/shop/441741,same_controller,same_controller_direct_identifier,1,1,1,0,0,1,feature_has_shared_contact_exact|feature_shared_contact_count|review_stratum:identifier
market_item.xlsx|茶马古道|seller_raw:/shop/428039||market_item.xlsx|茶马古道|seller_raw:/shop/438537,zh_target_strict,zh,test,comp_00149,positive,identifier_primary,1,1,,,,,,0.933511,0.799926,0.884392,0.378979,/shop/428039,/shop/438537,same_controller,same_controller_direct_identifier,1,1,1,0,0,1,feature_has_shared_contact_exact|feature_shared_contact_count|review_stratum:identifier
market_item.xlsx|茶马古道|seller_raw:/shop/421728||market_item.xlsx|茶马古道|seller_raw:/shop/437791,zh_target_strict,zh,test,comp_00178,positive,identifier_primary,1,1,,,,,,0.910116,0.856561,0.905975,0.340846,/shop/421728,/shop/437791,same_controller,same_controller_direct_identifier,1,1,1,0,1,1,feature_has_shared_contact_exact|feature_shared_contact_count|review_stratum:identifier
market_item.xlsx|茶马古道|seller_raw:/shop/439380||market_item.xlsx|茶马古道|seller_raw:/shop/461801,zh_target_strict,zh,test,comp_00201,positive,identifier_primary,1,1,,,,,,0.916818,0.826787,0.897561,0.488174,/shop/439380,/shop/461801,same_controller,same_controller_direct_identifier,1,1,1,0,0,1,feature_has_shared_contact_exact|feature_shared_contact_count|review_stratum:identifier
market_item.xlsx|茶马古道|seller_raw:/shop/428560||market_item.xlsx|茶马古道|seller_raw:/shop/428784,zh_target_strict,zh,test,comp_00190,positive,identifier_primary,1,1,,,,,,0.917645,0.828062,0.94299,0.452321,/shop/428560,/shop/428784,same_controller,same_controller_direct_identifier,1,1,1,0,0,1,feature_has_shared_contact_exact|feature_shared_contact_count|review_stratum:identifier
market_item.xlsx|茶马古道|seller_raw:/shop/404171||market_item.xlsx|茶马古道|seller_raw:/shop/427106,zh_target_strict,zh,uncertain_holdout,,uncertain,identifier_primary,0,0,,,,,,0.897763,0.775207,0.784253,0.130352,/shop/404171,/shop/427106,uncertain,uncertain_insufficient_evidence,0,0,1,0,1,1,uncertain_or_not_supervision_label
market_item.xlsx|中文暗网交易市场|seller_raw:595227||market_item.xlsx|中文暗网交易市场|seller_raw:595229,zh_target_strict,zh,audit_only,,positive,semantic_structural,0,0,,,,,,0.897591,0.857407,0.8952,0.949309,595227,595229,same_controller,same_controller_component_anchor,1,0,0,1,0,0,review_notes_component_anchor_keyword
market_item.xlsx|中文暗网交易市场|seller_raw:564088||market_item.xlsx|中文暗网交易市场|seller_raw:595229,zh_target_strict,zh,audit_only,,positive,semantic_structural,0,0,,,,,,0.886987,0.832896,0.811554,0.799201,564088,595229,same_controller,same_controller_component_anchor,1,0,0,1,0,0,review_notes_component_anchor_keyword
market_item.xlsx|茶马古道|seller_raw:/shop/432919||market_item.xlsx|茶马古道|seller_raw:/shop/461297,zh_target_strict,zh,audit_only,,positive,semantic_structural,0,0,,,,,,0.916822,0.856217,0.938158,0.508428,/shop/432919,/shop/461297,same_controller,same_controller_component_anchor,1,0,0,1,0,0,review_notes_component_anchor_keyword
market_item.xlsx|中文暗网交易市场|seller_raw:11870||market_item.xlsx|茶马古道|seller_raw:/shop/427472,zh_target_strict,zh,audit_only,,positive,semantic_only,0,0,,,,,,0.889536,0.80533,0.89207,0.325012,11870,/shop/427472,same_controller,same_controller_component_anchor,1,0,0,0,1,0,review_notes_component_anchor_keyword
market_item.xlsx|中文暗网交易市场|seller_raw:636288||market_item.xlsx|中文暗网交易市场|seller_raw:636666,zh_target_strict,zh,train,silver_train_comp_00024,positive,identifier_primary,1,1,,,,,,0.945909,0.917316,0.945163,0.954467,636288,636666,same_controller,same_controller_direct_identifier,1,1,1,0,0,1,feature_has_shared_contact_exact|feature_shared_contact_count|review_stratum:identifier
market_item.xlsx|中文暗网交易市场|seller_raw:556868||market_item.xlsx|茶马古道|seller_raw:/shop/6982,zh_target_strict,zh,uncertain_holdout,,uncertain,identifier_primary,0,0,,,,,,0.91579,0.841212,0.868029,0.245827,556868,/shop/6982,uncertain,uncertain_insufficient_evidence,0,0,1,0,1,1,uncertain_or_not_supervision_label
market_item.xlsx|中文暗网交易市场|seller_raw:446965||market_item.xlsx|中文暗网交易市场|seller_raw:70840,zh_target_strict,zh,train,silver_train_comp_00025,positive,identifier_primary,1,1,,,,,,0.935796,0.877523,0.906924,0.941693,446965,70840,same_controller,same_controller_direct_identifier,1,1,1,0,0,1,feature_has_shared_contact_exact|feature_shared_contact_count|review_stratum:identifier
market_item.xlsx|中文暗网交易市场|seller_raw:534628||market_item.xlsx|中文暗网交易市场|seller_raw:605663,zh_target_strict,zh,train,silver_train_comp_00026,positive,identifier_primary,1,1,,,,,,0.921922,0.835695,0.919758,0.968382,534628,605663,same_controller,same_controller_direct_identifier,1,1,1,0,0,1,feature_has_shared_contact_exact|feature_shared_contact_count|review_stratum:identifier
market_item.xlsx|中文暗网交易市场|seller_raw:462585||market_item.xlsx|中文暗网交易市场|seller_raw:466000,zh_target_strict,zh,train,silver_train_comp_00033,positive,identifier_primary,1,1,,,,,,0.924415,0.837044,0.90861,0.784147,462585,466000,same_controller,same_controller_direct_identifier,1,1,1,0,0,1,feature_has_shared_contact_exact|feature_shared_contact_count|review_stratum:identifier
market_item.xlsx|中文暗网交易市场|seller_raw:435064||market_item.xlsx|中文暗网交易市场|seller_raw:95895,zh_target_strict,zh,train,silver_train_comp_00039,positive,identifier_primary,1,1,,,,,,0.935519,0.922835,0.889563,0.720226,435064,95895,same_controller,same_controller_direct_identifier,1,1,1,0,0,1,feature_has_shared_contact_exact|feature_shared_contact_count|review_stratum:identifier
market_item.xlsx|中文暗网交易市场|seller_raw:51470||market_item.xlsx|中文暗网交易市场|seller_raw:54210,zh_target_strict,zh,train,silver_train_comp_00064,positive,identifier_primary,1,1,,,,,,0.902302,0.860858,0.87875,0.478324,51470,54210,same_controller,same_controller_direct_identifier,1,1,1,0,0,1,feature_has_shared_contact_exact|feature_shared_contact_count|review_stratum:identifier
market_item.xlsx|中文暗网交易市场|seller_raw:361285||market_item.xlsx|中文暗网交易市场|seller_raw:502030,zh_target_strict,zh,train,silver_train_comp_00038,positive,identifier_primary,1,1,,,,,,0.934046,0.905495,0.94559,0.785476,361285,502030,same_controller,same_controller_direct_identifier,1,1,1,0,0,1,feature_has_shared_contact_exact|feature_shared_contact_count|review_stratum:identifier
market_item.xlsx|中文暗网交易市场|seller_raw:121394||market_item.xlsx|中文暗网交易市场|seller_raw:95895,zh_target_strict,zh,train,silver_train_comp_00042,positive,identifier_primary,1,1,,,,,,0.951613,0.933665,0.86058,0.729204,121394,95895,same_controller,same_controller_direct_identifier,1,1,1,0,0,1,feature_has_shared_contact_exact|feature_shared_contact_count|review_stratum:identifier
market_item.xlsx|中文暗网交易市场|seller_raw:465763||market_item.xlsx|中文暗网交易市场|seller_raw:501102,zh_target_strict,zh,train,silver_train_comp_00036,positive,identifier_primary,1,1,,,,,,0.936343,0.912575,0.930331,0.801214,465763,501102,same_controller,same_controller_direct_identifier,1,1,1,0,0,1,feature_has_shared_contact_exact|feature_shared_contact_count|review_stratum:identifier
market_item.xlsx|中文暗网交易市场|seller_raw:361068||market_item.xlsx|中文暗网交易市场|seller_raw:70840,zh_target_strict,zh,train,silver_train_comp_00048,positive,identifier_primary,1,1,,,,,,0.928308,0.87015,0.83724,0.675585,361068,70840,same_controller,same_controller_direct_identifier,1,1,1,0,0,1,feature_has_shared_contact_exact|feature_shared_contact_count|review_stratum:identifier
market_item.xlsx|茶马古道|seller_raw:/shop/449035||market_item.xlsx|茶马古道|seller_raw:/shop/458155,zh_target_strict,zh,train,silver_train_comp_00041,positive,identifier_primary,1,1,,,,,,0.91247,0.86712,0.934646,0.78664,/shop/449035,/shop/458155,same_controller,same_controller_direct_identifier,1,1,1,0,0,1,feature_has_shared_contact_exact|feature_shared_contact_count|review_stratum:identifier
market_item.xlsx|中文暗网交易市场|seller_raw:361068||market_item.xlsx|中文暗网交易市场|seller_raw:501102,zh_target_strict,zh,train,silver_train_comp_00114,positive,identifier_primary,1,1,,,,,,0.931403,0.91069,0.925055,0.64355,361068,501102,same_controller,same_controller_direct_identifier,1,1,1,0,0,1,feature_has_shared_contact_exact|feature_shared_contact_count|review_stratum:identifier
market_item.xlsx|中文暗网交易市场|seller_raw:430378||market_item.xlsx|中文暗网交易市场|seller_raw:435064,zh_target_strict,zh,train,silver_train_comp_00065,positive,identifier_primary,1,1,,,,,,0.931247,0.870654,0.876311,0.552719,430378,435064,same_controller,same_controller_direct_identifier,1,1,1,0,0,1,feature_has_shared_contact_exact|feature_shared_contact_count|review_stratum:identifier
market_item.xlsx|中文暗网交易市场|seller_raw:501102||market_item.xlsx|中文暗网交易市场|seller_raw:537697,zh_target_strict,zh,train,silver_train_comp_00105,positive,identifier_primary,1,1,,,,,,0.918811,0.865301,0.905675,0.796483,501102,537697,same_controller,same_controller_direct_identifier,1,1,1,0,0,1,feature_has_shared_contact_exact|feature_shared_contact_count|review_stratum:identifier
market_item.xlsx|中文暗网交易市场|seller_raw:51470||market_item.xlsx|茶马古道|seller_raw:/shop/400997,zh_target_strict,zh,train,silver_train_comp_00106,positive,identifier_primary,1,1,,,,,,0.887749,0.826868,0.888673,0.201609,51470,/shop/400997,same_controller,same_controller_direct_identifier,1,1,1,0,1,1,feature_has_shared_contact_exact|feature_shared_contact_count|review_stratum:identifier
market_item.xlsx|中文暗网交易市场|seller_raw:446965||market_item.xlsx|中文暗网交易市场|seller_raw:45068,zh_target_strict,zh,train,silver_train_comp_00044,positive,identifier_primary,1,1,,,,,,0.918399,0.818841,0.891961,0.778508,446965,45068,same_controller,same_controller_direct_identifier,1,1,1,0,0,1,feature_has_shared_contact_exact|feature_shared_contact_count|review_stratum:identifier
market_item.xlsx|中文暗网交易市场|seller_raw:365949||market_item.xlsx|中文暗网交易市场|seller_raw:370168,zh_target_strict,zh,train,silver_train_comp_00058,positive,identifier_primary,1,1,,,,,,0.931626,0.87037,0.935404,0.692413,365949,370168,same_controller,same_controller_direct_identifier,1,1,1,0,0,1,feature_has_shared_contact_exact|feature_shared_contact_count|review_stratum:identifier
market_item.xlsx|中文暗网交易市场|seller_raw:121394||market_item.xlsx|中文暗网交易市场|seller_raw:312538,zh_target_strict,zh,train,silver_train_comp_00117,positive,identifier_primary,1,1,,,,,,0.936167,0.923251,0.941206,0.651682,121394,312538,same_controller,same_controller_direct_identifier,1,1,1,0,0,1,feature_has_shared_contact_exact|feature_shared_contact_count|review_stratum:identifier
market_item.xlsx|中文暗网交易市场|seller_raw:361068||market_item.xlsx|中文暗网交易市场|seller_raw:45068,zh_target_strict,zh,train,silver_train_comp_00054,positive,identifier_primary,1,1,,,,,,0.913167,0.860007,0.87163,0.737753,361068,45068,same_controller,same_controller_direct_identifier,1,1,1,0,0,1,feature_has_shared_contact_exact|feature_shared_contact_count|review_stratum:identifier
market_item.xlsx|茶马古道|seller_raw:/shop/395006||market_item.xlsx|茶马古道|seller_raw:/shop/446570,zh_target_strict,zh,train,silver_train_comp_00059,positive,identifier_primary,1,1,,,,,,0.92474,0.85681,0.843846,0.696958,/shop/395006,/shop/446570,same_controller,same_controller_direct_identifier,1,1,1,0,0,1,feature_has_shared_contact_exact|feature_shared_contact_count|review_stratum:identifier
market_item.xlsx|中文暗网交易市场|seller_raw:149940||market_item.xlsx|中文暗网交易市场|seller_raw:312538,zh_target_strict,zh,train,silver_train_comp_00112,positive,identifier_primary,1,1,,,,,,0.932527,0.906445,0.947092,0.735936,149940,312538,same_controller,same_controller_direct_identifier,1,1,1,0,0,1,feature_has_shared_contact_exact|feature_shared_contact_count|review_stratum:identifier
market_item.xlsx|中文暗网交易市场|seller_raw:433599||market_item.xlsx|中文暗网交易市场|seller_raw:435064,zh_target_strict,zh,train,silver_train_comp_00056,positive,identifier_primary,1,1,,,,,,0.923469,0.891276,0.883728,0.735468,433599,435064,same_controller,same_controller_direct_identifier,1,1,1,0,0,1,feature_has_shared_contact_exact|feature_shared_contact_count|review_stratum:identifier
market_item.xlsx|中文暗网交易市场|seller_raw:45068||market_item.xlsx|中文暗网交易市场|seller_raw:70840,zh_target_strict,zh,train,silver_train_comp_00057,positive,identifier_primary,1,1,,,,,,0.93619,0.852039,0.933519,0.728967,45068,70840,same_controller,same_controller_direct_identifier,1,1,1,0,0,1,feature_has_shared_contact_exact|feature_shared_contact_count|review_stratum:identifier
market_item.xlsx|中文暗网交易市场|seller_raw:121394||market_item.xlsx|中文暗网交易市场|seller_raw:436422,zh_target_strict,zh,train,silver_train_comp_00113,positive,identifier_primary,1,1,,,,,,0.919887,0.890227,0.895581,0.718945,121394,436422,same_controller,same_controller_direct_identifier,1,1,1,0,0,1,feature_has_shared_contact_exact|feature_shared_contact_count|review_stratum:identifier
market_item.xlsx|中文暗网交易市场|seller_raw:121394||market_item.xlsx|中文暗网交易市场|seller_raw:435064,zh_target_strict,zh,train,silver_train_comp_00067,positive,identifier_primary,1,1,,,,,,0.945912,0.914538,0.908143,0.624189,121394,435064,same_controller,same_controller_direct_identifier,1,1,1,0,0,1,feature_has_shared_contact_exact|feature_shared_contact_count|review_stratum:identifier
market_item.xlsx|中文暗网交易市场|seller_raw:54210||market_item.xlsx|茶马古道|seller_raw:/shop/400997,zh_target_strict,zh,train,silver_train_comp_00110,positive,identifier_primary,1,1,,,,,,0.926088,0.90749,0.884072,0.208193,54210,/shop/400997,same_controller,same_controller_direct_identifier,1,1,1,0,1,1,feature_has_shared_contact_exact|feature_shared_contact_count|review_stratum:identifier
market_item.xlsx|中文暗网交易市场|seller_raw:465763||market_item.xlsx|中文暗网交易市场|seller_raw:537697,zh_target_strict,zh,train,silver_train_comp_00120,positive,identifier_primary,1,1,,,,,,0.910006,0.852781,0.844219,0.68075,465763,537697,same_controller,same_controller_direct_identifier,1,1,1,0,0,1,feature_has_shared_contact_exact|feature_shared_contact_count|review_stratum:identifier
market_item.xlsx|中文暗网交易市场|seller_raw:534628||market_item.xlsx|中文暗网交易市场|seller_raw:562478,zh_target_strict,zh,train,silver_train_comp_00069,positive,identifier_primary,1,1,,,,,,0.923329,0.864515,0.929606,0.624145,534628,562478,same_controller,same_controller_direct_identifier,1,1,1,0,0,1,feature_has_shared_contact_exact|feature_shared_contact_count|review_stratum:identifier
market_item.xlsx|中文暗网交易市场|seller_raw:157835||market_item.xlsx|中文暗网交易市场|seller_raw:312538,zh_target_strict,zh,train,silver_train_comp_00122,positive,identifier_primary,1,1,,,,,,0.913874,0.886355,0.907415,0.654673,157835,312538,same_controller,same_controller_direct_identifier,1,1,1,0,0,1,feature_has_shared_contact_exact|feature_shared_contact_count|review_stratum:identifier
market_item.xlsx|中文暗网交易市场|seller_raw:149940||market_item.xlsx|中文暗网交易市场|seller_raw:157835,zh_target_strict,zh,train,silver_train_comp_00123,positive,identifier_primary,1,1,,,,,,0.918915,0.869289,0.931398,0.653443,149940,157835,same_controller,same_controller_direct_identifier,1,1,1,0,0,1,feature_has_shared_contact_exact|feature_shared_contact_count|review_stratum:identifier
market_item.xlsx|中文暗网交易市场|seller_raw:157835||market_item.xlsx|中文暗网交易市场|seller_raw:435064,zh_target_strict,zh,train,silver_train_comp_00066,positive,identifier_primary,1,1,,,,,,0.911239,0.875656,0.853199,0.652177,157835,435064,same_controller,same_controller_direct_identifier,1,1,1,0,0,1,feature_has_shared_contact_exact|feature_shared_contact_count|review_stratum:identifier
market_item.xlsx|中文暗网交易市场|seller_raw:465763||market_item.xlsx|中文暗网交易市场|seller_raw:596304,zh_target_strict,zh,train,silver_train_comp_00124,positive,identifier_primary,1,1,,,,,,0.894043,0.84331,0.76778,0.649167,465763,596304,same_controller,same_controller_direct_identifier,1,1,1,0,0,1,feature_has_shared_contact_exact|feature_shared_contact_count|review_stratum:identifier
market_item.xlsx|中文暗网交易市场|seller_raw:32635||market_item.xlsx|中文暗网交易市场|seller_raw:81020,zh_target_strict,zh,train,silver_train_comp_00068,positive,identifier_primary,1,1,,,,,,0.924621,0.835778,0.898752,0.646763,32635,81020,same_controller,same_controller_direct_identifier,1,1,1,0,0,1,feature_has_shared_contact_exact|feature_shared_contact_count|review_stratum:identifier
market_item.xlsx|中文暗网交易市场|seller_raw:502030||market_item.xlsx|中文暗网交易市场|seller_raw:53014,zh_target_strict,zh,train,silver_train_comp_00071,positive,identifier_primary,1,1,,,,,,0.927288,0.891624,0.940131,0.622338,502030,53014,same_controller,same_controller_direct_identifier,1,1,1,0,0,1,feature_has_shared_contact_exact|feature_shared_contact_count|review_stratum:identifier
market_item.xlsx|中文暗网交易市场|seller_raw:157835||market_item.xlsx|中文暗网交易市场|seller_raw:596096,zh_target_strict,zh,train,silver_train_comp_00070,positive,identifier_primary,1,1,,,,,,0.903852,0.850894,0.93855,0.63729,157835,596096,same_controller,same_controller_direct_identifier,1,1,1,0,0,1,feature_has_shared_contact_exact|feature_shared_contact_count|review_stratum:identifier
market_item.xlsx|中文暗网交易市场|seller_raw:462296||market_item.xlsx|中文暗网交易市场|seller_raw:562478,zh_target_strict,zh,train,silver_train_comp_00072,positive,identifier_primary,1,1,,,,,,0.912288,0.827465,0.913613,0.614449,462296,562478,same_controller,same_controller_direct_identifier,1,1,1,0,0,1,feature_has_shared_contact_exact|feature_shared_contact_count|review_stratum:identifier
market_item.xlsx|中文暗网交易市场|seller_raw:121394||market_item.xlsx|中文暗网交易市场|seller_raw:149940,zh_target_strict,zh,train,silver_train_comp_00130,positive,identifier_primary,1,1,,,,,,0.940921,0.906063,0.926118,0.594917,121394,149940,same_controller,same_controller_direct_identifier,1,1,1,0,0,1,feature_has_shared_contact_exact|feature_shared_contact_count|review_stratum:identifier
market_item.xlsx|中文暗网交易市场|seller_raw:435064||market_item.xlsx|中文暗网交易市场|seller_raw:606446,zh_target_strict,zh,train,silver_train_comp_00074,positive,identifier_primary,1,1,,,,,,0.918782,0.797738,0.804424,0.59818,435064,606446,same_controller,same_controller_direct_identifier,1,1,1,0,0,1,feature_has_shared_contact_exact|feature_shared_contact_count|review_stratum:identifier
market_item.xlsx|中文暗网交易市场|seller_raw:501102||market_item.xlsx|中文暗网交易市场|seller_raw:596304,zh_target_strict,zh,train,silver_train_comp_00127,positive,identifier_primary,1,1,,,,,,0.894359,0.840438,0.858709,0.61302,501102,596304,same_controller,same_controller_direct_identifier,1,1,1,0,0,1,feature_has_shared_contact_exact|feature_shared_contact_count|review_stratum:identifier
market_item.xlsx|中文暗网交易市场|seller_raw:312538||market_item.xlsx|中文暗网交易市场|seller_raw:606446,zh_target_strict,zh,train,silver_train_comp_00080,positive,identifier_primary,1,1,,,,,,0.924266,0.856085,0.897164,0.567325,312538,606446,same_controller,same_controller_direct_identifier,1,1,1,0,0,1,feature_has_shared_contact_exact|feature_shared_contact_count|review_stratum:identifier
market_item.xlsx|中文暗网交易市场|seller_raw:562478||market_item.xlsx|中文暗网交易市场|seller_raw:605663,zh_target_strict,zh,train,silver_train_comp_00075,positive,identifier_primary,1,1,,,,,,0.906734,0.795827,0.914334,0.599098,562478,605663,same_controller,same_controller_direct_identifier,1,1,1,0,0,1,feature_has_shared_contact_exact|feature_shared_contact_count|review_stratum:identifier
market_item.xlsx|中文暗网交易市场|seller_raw:157835||market_item.xlsx|中文暗网交易市场|seller_raw:95895,zh_target_strict,zh,train,silver_train_comp_00076,positive,identifier_primary,1,1,,,,,,0.923172,0.897857,0.779798,0.593724,157835,95895,same_controller,same_controller_direct_identifier,1,1,1,0,0,1,feature_has_shared_contact_exact|feature_shared_contact_count|review_stratum:identifier
market_item.xlsx|中文暗网交易市场|seller_raw:121394||market_item.xlsx|中文暗网交易市场|seller_raw:157835,zh_target_strict,zh,train,silver_train_comp_00077,positive,identifier_primary,1,1,,,,,,0.934511,0.920917,0.9284,0.586982,121394,157835,same_controller,same_controller_direct_identifier,1,1,1,0,0,1,feature_has_shared_contact_exact|feature_shared_contact_count|review_stratum:identifier
market_item.xlsx|中文暗网交易市场|seller_raw:250715||market_item.xlsx|中文暗网交易市场|seller_raw:465763,zh_target_strict,zh,train,silver_train_comp_00081,positive,identifier_primary,1,1,,,,,,0.942573,0.90375,0.895815,0.578644,250715,465763,same_controller,same_controller_direct_identifier,1,1,1,0,0,1,feature_has_shared_contact_exact|feature_shared_contact_count|review_stratum:identifier
market_item.xlsx|中文暗网交易市场|seller_raw:361068||market_item.xlsx|中文暗网交易市场|seller_raw:596304,zh_target_strict,zh,train,silver_train_comp_00134,positive,identifier_primary,1,1,,,,,,0.890851,0.80509,0.728672,0.568478,361068,596304,same_controller,same_controller_direct_identifier,1,1,1,0,0,1,feature_has_shared_contact_exact|feature_shared_contact_count|review_stratum:identifier
market_item.xlsx|中文暗网交易市场|seller_raw:312538||market_item.xlsx|中文暗网交易市场|seller_raw:436422,zh_target_strict,zh,train,silver_train_comp_00135,positive,identifier_primary,1,1,,,,,,0.905033,0.857348,0.896114,0.568158,312538,436422,same_controller,same_controller_direct_identifier,1,1,1,0,0,1,feature_has_shared_contact_exact|feature_shared_contact_count|review_stratum:identifier
market_item.xlsx|中文暗网交易市场|seller_raw:361068||market_item.xlsx|中文暗网交易市场|seller_raw:537697,zh_target_strict,zh,train,silver_train_comp_00136,positive,identifier_primary,1,1,,,,,,0.912827,0.830329,0.814737,0.567062,361068,537697,same_controller,same_controller_direct_identifier,1,1,1,0,0,1,feature_has_shared_contact_exact|feature_shared_contact_count|review_stratum:identifier
market_item.xlsx|中文暗网交易市场|seller_raw:501102||market_item.xlsx|中文暗网交易市场|seller_raw:566697,zh_target_strict,zh,train,silver_train_comp_00087,positive,identifier_primary,1,1,,,,,,0.912556,0.86007,0.910526,0.554349,501102,566697,same_controller,same_controller_direct_identifier,1,1,1,0,0,1,feature_has_shared_contact_exact|feature_shared_contact_count|review_stratum:identifier
market_item.xlsx|中文暗网交易市场|seller_raw:149940||market_item.xlsx|中文暗网交易市场|seller_raw:436422,zh_target_strict,zh,train,silver_train_comp_00138,positive,identifier_primary,1,1,,,,,,0.917694,0.886738,0.89803,0.551683,149940,436422,same_controller,same_controller_direct_identifier,1,1,1,0,0,1,feature_has_shared_contact_exact|feature_shared_contact_count|review_stratum:identifier
market_item.xlsx|中文暗网交易市场|seller_raw:465763||market_item.xlsx|中文暗网交易市场|seller_raw:555666,zh_target_strict,zh,train,silver_train_comp_00092,positive,identifier_primary,1,1,,,,,,0.885542,0.833077,0.825273,0.536203,465763,555666,same_controller,same_controller_direct_identifier,1,1,1,0,0,1,feature_has_shared_contact_exact|feature_shared_contact_count|review_stratum:identifier
market_item.xlsx|中文暗网交易市场|seller_raw:443482||market_item.xlsx|中文暗网交易市场|seller_raw:455638,zh_target_strict,zh,train,silver_train_comp_00094,positive,identifier_primary,1,1,,,,,,0.892491,0.854792,0.910659,0.519869,443482,455638,same_controller,same_controller_direct_identifier,1,1,1,0,0,1,feature_has_shared_contact_exact|feature_shared_contact_count|review_stratum:identifier
market_item.xlsx|中文暗网交易市场|seller_raw:432194||market_item.xlsx|中文暗网交易市场|seller_raw:605878,zh_target_strict,zh,train,silver_train_comp_00095,positive,identifier_primary,1,1,,,,,,0.91094,0.838429,0.869263,0.519157,432194,605878,same_controller,same_controller_direct_identifier,1,1,1,0,0,1,feature_has_shared_contact_exact|feature_shared_contact_count|review_stratum:identifier
market_item.xlsx|茶马古道|seller_raw:/shop/434089||market_item.xlsx|茶马古道|seller_raw:/shop/437791,zh_target_strict,zh,audit_only,,positive,semantic_structural,0,0,,,,,,0.901719,0.819358,0.934049,0.784822,/shop/434089,/shop/437791,same_controller,same_controller_component_anchor,1,0,0,0,0,0,review_notes_component_anchor_keyword
market_item.xlsx|中文暗网交易市场|seller_raw:470314||market_item.xlsx|中文暗网交易市场|seller_raw:472166,zh_target_strict,zh,train,silver_train_comp_00003,positive,text_clone_primary,1,1,,,,,,0.990523,0.982358,0.995265,0.836991,470314,472166,same_controller,same_controller_style_structural_soft,1,1,0,1,0,0,positive_without_direct_identifier
market_item.xlsx|中文暗网交易市场|seller_raw:326247||market_item.xlsx|茶马古道|seller_raw:/shop/504,zh_target_strict,zh,train,silver_train_comp_00005,positive,text_clone_primary,1,1,,,,,,0.971306,0.981662,0.992551,0.496037,326247,/shop/504,same_controller,same_controller_style_structural_soft,1,1,0,1,0,0,positive_without_direct_identifier
market_item.xlsx|中文暗网交易市场|seller_raw:580908||market_item.xlsx|茶马古道|seller_raw:/shop/428010,zh_target_strict,zh,train,silver_train_comp_00006,positive,text_clone_primary,1,1,,,,,,0.943767,0.949752,0.95885,0.306635,580908,/shop/428010,same_controller,same_controller_style_structural_soft,1,1,0,1,0,0,positive_without_direct_identifier
market_item.xlsx|中文暗网交易市场|seller_raw:344175||market_item.xlsx|茶马古道|seller_raw:/shop/1239,zh_target_strict,zh,train,silver_train_comp_00008,positive,text_clone_primary,1,1,,,,,,0.937348,0.878201,0.932717,0.351792,344175,/shop/1239,same_controller,same_controller_style_structural_soft,1,1,0,1,0,0,positive_without_direct_identifier
market_item.xlsx|中文暗网交易市场|seller_raw:446883||market_item.xlsx|茶马古道|seller_raw:/shop/4165,zh_target_strict,zh,train,silver_train_comp_00009,positive,text_clone_primary,1,1,,,,,,0.942617,0.93946,0.979161,0.362924,446883,/shop/4165,same_controller,same_controller_style_structural_soft,1,1,0,1,0,0,positive_without_direct_identifier
market_item.xlsx|中文暗网交易市场|seller_raw:196754||market_item.xlsx|茶马古道|seller_raw:/shop/1770,zh_target_strict,zh,train,silver_train_comp_00011,positive,text_clone_primary,1,1,,,,,,0.910024,0.840315,0.859496,0.374745,196754,/shop/1770,same_controller,same_controller_style_structural_soft,1,1,0,1,0,0,positive_without_direct_identifier
market_item.xlsx|中文暗网交易市场|seller_raw:506172||market_item.xlsx|茶马古道|seller_raw:/shop/395950,zh_target_strict,zh,train,silver_train_comp_00014,positive,text_clone_primary,1,1,,,,,,0.953202,0.93523,0.974677,0.443651,506172,/shop/395950,same_controller,same_controller_style_structural_soft,1,1,0,1,0,0,positive_without_direct_identifier
market_item.xlsx|中文暗网交易市场|seller_raw:550719||market_item.xlsx|茶马古道|seller_raw:/shop/417610,zh_target_strict,zh,train,silver_train_comp_00016,positive,text_clone_primary,1,1,,,,,,0.940099,0.919802,0.906808,0.452545,550719,/shop/417610,same_controller,same_controller_style_structural_soft,1,1,0,1,0,0,positive_without_direct_identifier
market_item.xlsx|茶马古道|seller_raw:/shop/431707||market_item.xlsx|茶马古道|seller_raw:/shop/436287,zh_target_strict,zh,train,silver_train_comp_00018,positive,text_clone_primary,1,1,,,,,,0.994944,0.998404,0.997215,1.0,/shop/431707,/shop/436287,same_controller,same_controller_style_structural_soft,1,1,0,1,0,0,positive_without_direct_identifier
market_item.xlsx|中文暗网交易市场|seller_raw:503330||market_item.xlsx|茶马古道|seller_raw:/shop/430143,zh_target_strict,zh,train,silver_train_comp_00022,positive,text_clone_primary,1,1,,,,,,0.950993,0.936885,0.966647,0.305623,503330,/shop/430143,same_controller,same_controller_style_structural_soft,1,1,0,1,0,0,positive_without_direct_identifier
market_item.xlsx|中文暗网交易市场|seller_raw:347765||market_item.xlsx|中文暗网交易市场|seller_raw:493430,zh_target_strict,zh,train,silver_train_comp_00023,positive,text_clone_primary,1,1,,,,,,0.971608,0.932222,0.978578,0.98019,347765,493430,same_controller,same_controller_style_structural_soft,1,1,0,1,0,0,positive_without_direct_identifier
market_item.xlsx|中文暗网交易市场|seller_raw:605181||market_item.xlsx|茶马古道|seller_raw:/shop/446569,zh_target_strict,zh,train,silver_train_comp_00027,positive,text_clone_primary,1,1,,,,,,0.955894,0.946819,0.963647,0.300439,605181,/shop/446569,same_controller,same_controller_style_structural_soft,1,1,0,1,0,0,positive_without_direct_identifier
market_item.xlsx|中文暗网交易市场|seller_raw:581293||market_item.xlsx|茶马古道|seller_raw:/shop/428434,zh_target_strict,zh,train,silver_train_comp_00030,positive,text_clone_primary,1,1,,,,,,0.955428,0.942714,0.980664,0.435336,581293,/shop/428434,same_controller,same_controller_style_structural_soft,1,1,0,1,0,0,positive_without_direct_identifier
market_item.xlsx|中文暗网交易市场|seller_raw:565061||market_item.xlsx|茶马古道|seller_raw:/shop/444689,zh_target_strict,zh,train,silver_train_comp_00035,positive,text_clone_primary,1,1,,,,,,0.926695,0.910255,0.954826,0.306701,565061,/shop/444689,same_controller,same_controller_style_structural_soft,1,1,0,1,0,0,positive_without_direct_identifier
market_item.xlsx|中文暗网交易市场|seller_raw:570123||market_item.xlsx|茶马古道|seller_raw:/shop/463062,zh_target_strict,zh,train,silver_train_comp_00037,positive,text_clone_primary,1,1,,,,,,0.954957,0.960022,0.966959,0.366147,570123,/shop/463062,same_controller,same_controller_style_structural_soft,1,1,0,1,0,0,positive_without_direct_identifier
market_item.xlsx|中文暗网交易市场|seller_raw:433208||market_item.xlsx|中文暗网交易市场|seller_raw:433693,zh_target_strict,zh,train,silver_train_comp_00040,positive,text_clone_primary,1,1,,,,,,0.9573,0.909287,0.977124,0.915074,433208,433693,same_controller,same_controller_style_structural_soft,1,1,0,1,0,0,positive_without_direct_identifier
market_item.xlsx|中文暗网交易市场|seller_raw:472165||market_item.xlsx|茶马古道|seller_raw:/shop/402703,zh_target_strict,zh,train,silver_train_comp_00045,positive,text_clone_primary,1,1,,,,,,0.906196,0.868742,0.91208,0.365879,472165,/shop/402703,same_controller,same_controller_style_structural_soft,1,1,0,1,0,0,positive_without_direct_identifier
market_item.xlsx|中文暗网交易市场|seller_raw:639133||market_item.xlsx|茶马古道|seller_raw:/shop/430143,zh_target_strict,zh,train,silver_train_comp_00046,positive,text_clone_primary,1,1,,,,,,0.967003,0.962605,0.991909,0.499302,639133,/shop/430143,same_controller,same_controller_style_structural_soft,1,1,0,1,0,0,positive_without_direct_identifier
market_item.xlsx|中文暗网交易市场|seller_raw:554825||market_item.xlsx|茶马古道|seller_raw:/shop/436887,zh_target_strict,zh,train,silver_train_comp_00049,positive,text_clone_primary,1,1,,,,,,0.941175,0.92071,0.964538,0.496436,554825,/shop/436887,same_controller,same_controller_style_structural_soft,1,1,0,1,0,0,positive_without_direct_identifier
market_item.xlsx|中文暗网交易市场|seller_raw:569674||market_item.xlsx|茶马古道|seller_raw:/shop/402703,zh_target_strict,zh,train,silver_train_comp_00050,positive,text_clone_primary,1,1,,,,,,0.917619,0.855127,0.897089,0.309836,569674,/shop/402703,same_controller,same_controller_style_structural_soft,1,1,0,1,0,0,positive_without_direct_identifier
market_item.xlsx|中文暗网交易市场|seller_raw:556307||market_item.xlsx|茶马古道|seller_raw:/shop/402697,zh_target_strict,zh,train,silver_train_comp_00063,positive,text_clone_primary,1,1,,,,,,0.904584,0.85692,0.932595,0.342744,556307,/shop/402697,same_controller,same_controller_style_structural_soft,1,1,0,1,0,0,positive_without_direct_identifier
market_item.xlsx|中文暗网交易市场|seller_raw:585350||market_item.xlsx|茶马古道|seller_raw:/shop/447739,zh_target_strict,zh,train,silver_train_comp_00078,positive,text_clone_primary,1,1,,,,,,0.948268,0.903708,0.930483,0.334792,585350,/shop/447739,same_controller,same_controller_style_structural_soft,1,1,0,1,0,0,positive_without_direct_identifier
market_item.xlsx|中文暗网交易市场|seller_raw:536793||market_item.xlsx|茶马古道|seller_raw:/shop/397527,zh_target_strict,zh,train,silver_train_comp_00079,positive,text_clone_primary,1,1,,,,,,0.930623,0.916054,0.937525,0.292167,536793,/shop/397527,same_controller,same_controller_style_structural_soft,1,1,0,1,0,0,positive_without_direct_identifier
market_item.xlsx|中文暗网交易市场|seller_raw:66960||market_item.xlsx|茶马古道|seller_raw:/shop/396961,zh_target_strict,zh,train,silver_train_comp_00082,positive,text_clone_primary,1,1,,,,,,0.907818,0.86716,0.94303,0.290844,66960,/shop/396961,same_controller,same_controller_style_structural_soft,1,1,0,1,0,0,positive_without_direct_identifier
market_item.xlsx|中文暗网交易市场|seller_raw:596097||market_item.xlsx|茶马古道|seller_raw:/shop/453229,zh_target_strict,zh,train,silver_train_comp_00083,positive,text_clone_primary,1,1,,,,,,0.939784,0.920949,0.928793,0.28958,596097,/shop/453229,same_controller,same_controller_style_structural_soft,1,1,0,1,0,0,positive_without_direct_identifier
market_item.xlsx|中文暗网交易市场|seller_raw:328068||market_item.xlsx|茶马古道|seller_raw:/shop/417224,zh_target_strict,zh,train,silver_train_comp_00084,positive,text_clone_primary,1,1,,,,,,0.904781,0.860157,0.95725,0.304061,328068,/shop/417224,same_controller,same_controller_style_structural_soft,1,1,0,1,0,0,positive_without_direct_identifier
market_item.xlsx|中文暗网交易市场|seller_raw:605666||market_item.xlsx|茶马古道|seller_raw:/shop/453229,zh_target_strict,zh,train,silver_train_comp_00085,positive,text_clone_primary,1,1,,,,,,0.944542,0.936639,0.94841,0.296639,605666,/shop/453229,same_controller,same_controller_style_structural_soft,1,1,0,1,0,0,positive_without_direct_identifier
market_item.xlsx|中文暗网交易市场|seller_raw:581690||market_item.xlsx|茶马古道|seller_raw:/shop/464140,zh_target_strict,zh,train,silver_train_comp_00086,positive,text_clone_primary,1,1,,,,,,0.897277,0.883523,0.922755,0.281295,581690,/shop/464140,same_controller,same_controller_style_structural_soft,1,1,0,1,0,0,positive_without_direct_identifier
market_item.xlsx|茶马古道|seller_raw:/shop/7784||market_item.xlsx|茶马古道|seller_raw:/shop/8546,zh_target_strict,zh,train,silver_train_comp_00088,positive,text_clone_primary,1,1,,,,,,0.968802,0.94337,0.977439,0.445849,/shop/7784,/shop/8546,same_controller,same_controller_style_structural_soft,1,1,0,1,0,0,positive_without_direct_identifier
market_item.xlsx|中文暗网交易市场|seller_raw:565911||market_item.xlsx|茶马古道|seller_raw:/shop/824,zh_target_strict,zh,train,silver_train_comp_00089,positive,text_clone_primary,1,1,,,,,,0.910989,0.884152,0.897448,0.29158,565911,/shop/824,same_controller,same_controller_style_structural_soft,1,1,0,1,0,0,positive_without_direct_identifier
market_item.xlsx|中文暗网交易市场|seller_raw:569682||market_item.xlsx|茶马古道|seller_raw:/shop/402602,zh_target_strict,zh,train,silver_train_comp_00091,positive,text_clone_primary,1,1,,,,,,0.898432,0.833964,0.928588,0.34298,569682,/shop/402602,same_controller,same_controller_style_structural_soft,1,1,0,1,0,0,positive_without_direct_identifier
market_item.xlsx|中文暗网交易市场|seller_raw:490465||market_item.xlsx|茶马古道|seller_raw:/shop/394471,zh_target_strict,zh,train,silver_train_comp_00093,positive,text_clone_primary,1,1,,,,,,0.942582,0.915872,0.970827,0.495862,490465,/shop/394471,same_controller,same_controller_style_structural_soft,1,1,0,1,0,0,positive_without_direct_identifier
market_item.xlsx|中文暗网交易市场|seller_raw:531689||market_item.xlsx|茶马古道|seller_raw:/shop/404935,zh_target_strict,zh,train,silver_train_comp_00096,positive,text_clone_primary,1,1,,,,,,0.939282,0.942176,0.9468,0.496195,531689,/shop/404935,same_controller,same_controller_style_structural_soft,1,1,0,1,0,0,positive_without_direct_identifier
market_item.xlsx|中文暗网交易市场|seller_raw:541551||market_item.xlsx|中文暗网交易市场|seller_raw:565149,zh_target_strict,zh,train,silver_train_comp_00097,positive,text_clone_primary,1,1,,,,,,0.885914,0.728272,0.852361,0.426667,541551,565149,same_controller,same_controller_style_structural_soft,1,1,0,1,0,0,positive_without_direct_identifier
market_item.xlsx|中文暗网交易市场|seller_raw:595084||market_item.xlsx|茶马古道|seller_raw:/shop/436819,zh_target_strict,zh,train,silver_train_comp_00098,positive,text_clone_primary,1,1,,,,,,0.892034,0.833675,0.907565,0.391154,595084,/shop/436819,same_controller,same_controller_style_structural_soft,1,1,0,1,0,0,positive_without_direct_identifier
market_item.xlsx|中文暗网交易市场|seller_raw:533787||market_item.xlsx|茶马古道|seller_raw:/shop/398344,zh_target_strict,zh,train,silver_train_comp_00099,positive,text_clone_primary,1,1,,,,,,0.895978,0.886967,0.90923,0.327734,533787,/shop/398344,same_controller,same_controller_style_structural_soft,1,1,0,1,0,0,positive_without_direct_identifier
market_item.xlsx|中文暗网交易市场|seller_raw:575508||market_item.xlsx|茶马古道|seller_raw:/shop/427282,zh_target_strict,zh,train,silver_train_comp_00103,positive,text_clone_primary,1,1,,,,,,0.942578,0.907932,0.958915,0.387871,575508,/shop/427282,same_controller,same_controller_style_structural_soft,1,1,0,1,0,0,positive_without_direct_identifier
market_item.xlsx|中文暗网交易市场|seller_raw:455327||market_item.xlsx|茶马古道|seller_raw:/shop/441359,zh_target_strict,zh,train,silver_train_comp_00104,positive,text_clone_primary,1,1,,,,,,0.886092,0.718857,0.869629,0.372019,455327,/shop/441359,same_controller,same_controller_style_structural_soft,1,1,0,1,0,0,positive_without_direct_identifier
market_item.xlsx|中文暗网交易市场|seller_raw:527354||market_item.xlsx|茶马古道|seller_raw:/shop/396089,zh_target_strict,zh,train,silver_train_comp_00107,positive,text_clone_primary,1,1,,,,,,0.935519,0.938739,0.97255,0.303996,527354,/shop/396089,same_controller,same_controller_style_structural_soft,1,1,0,1,0,0,positive_without_direct_identifier
market_item.xlsx|茶马古道|seller_raw:/shop/461592||market_item.xlsx|茶马古道|seller_raw:/shop/464927,zh_target_strict,zh,train,silver_train_comp_00111,positive,semantic_structural,1,1,,,,,,0.939963,0.883024,0.963387,0.698628,/shop/461592,/shop/464927,same_controller,same_controller_style_structural_soft,1,1,0,0,0,0,positive_without_direct_identifier
market_item.xlsx|中文暗网交易市场|seller_raw:64249||market_item.xlsx|茶马古道|seller_raw:/shop/396961,zh_target_strict,zh,train,silver_train_comp_00115,positive,text_clone_primary,1,1,,,,,,0.931984,0.896464,0.926755,0.272521,64249,/shop/396961,same_controller,same_controller_style_structural_soft,1,1,0,1,0,0,positive_without_direct_identifier
market_item.xlsx|中文暗网交易市场|seller_raw:590578||market_item.xlsx|茶马古道|seller_raw:/shop/432473,zh_target_strict,zh,train,silver_train_comp_00116,positive,text_clone_primary,1,1,,,,,,0.922817,0.891425,0.951359,0.280198,590578,/shop/432473,same_controller,same_controller_style_structural_soft,1,1,0,1,0,0,positive_without_direct_identifier
market_item.xlsx|中文暗网交易市场|seller_raw:17231||market_item.xlsx|中文暗网交易市场|seller_raw:38978,zh_target_strict,zh,train,silver_train_comp_00121,positive,semantic_structural,1,1,,,,,,0.929578,0.855149,0.879208,0.626074,17231,38978,same_controller,same_controller_style_structural_soft,1,1,0,0,0,0,positive_without_direct_identifier
market_item.xlsx|中文暗网交易市场|seller_raw:605879||market_item.xlsx|茶马古道|seller_raw:/shop/453229,zh_target_strict,zh,train,silver_train_comp_00125,positive,text_clone_primary,1,1,,,,,,0.940015,0.929933,0.9248,0.294912,605879,/shop/453229,same_controller,same_controller_style_structural_soft,1,1,0,1,0,0,positive_without_direct_identifier
market_item.xlsx|中文暗网交易市场|seller_raw:44614||market_item.xlsx|茶马古道|seller_raw:/shop/8492,zh_target_strict,zh,train,silver_train_comp_00126,positive,text_clone_primary,1,1,,,,,,0.925237,0.872556,0.922426,0.304334,44614,/shop/8492,same_controller,same_controller_style_structural_soft,1,1,0,1,0,0,positive_without_direct_identifier
market_item.xlsx|中文暗网交易市场|seller_raw:606388||market_item.xlsx|茶马古道|seller_raw:/shop/453229,zh_target_strict,zh,train,silver_train_comp_00129,positive,text_clone_primary,1,1,,,,,,0.948173,0.940213,0.915482,0.294756,606388,/shop/453229,same_controller,same_controller_style_structural_soft,1,1,0,1,0,0,positive_without_direct_identifier
market_item.xlsx|中文暗网交易市场|seller_raw:605886||market_item.xlsx|茶马古道|seller_raw:/shop/446566,zh_target_strict,zh,train,silver_train_comp_00132,positive,text_clone_primary,1,1,,,,,,0.918434,0.838941,0.916987,0.293461,605886,/shop/446566,same_controller,same_controller_style_structural_soft,1,1,0,1,0,0,positive_without_direct_identifier
market_item.xlsx|中文暗网交易市场|seller_raw:577139||market_item.xlsx|茶马古道|seller_raw:/shop/415251,zh_target_strict,zh,train,silver_train_comp_00133,positive,text_clone_primary,1,1,,,,,,0.916541,0.883051,0.959004,0.285214,577139,/shop/415251,same_controller,same_controller_style_structural_soft,1,1,0,1,0,0,positive_without_direct_identifier
market_item.xlsx|中文暗网交易市场|seller_raw:605002||market_item.xlsx|茶马古道|seller_raw:/shop/453229,zh_target_strict,zh,train,silver_train_comp_00137,positive,text_clone_primary,1,1,,,,,,0.938283,0.919643,0.930479,0.294509,605002,/shop/453229,same_controller,same_controller_style_structural_soft,1,1,0,1,0,0,positive_without_direct_identifier
market_item.xlsx|中文暗网交易市场|seller_raw:596311||market_item.xlsx|茶马古道|seller_raw:/shop/446588,zh_target_strict,zh,train,silver_train_comp_00139,positive,text_clone_primary,1,1,,,,,,0.91861,0.865804,0.958954,0.307584,596311,/shop/446588,same_controller,same_controller_style_structural_soft,1,1,0,1,0,0,positive_without_direct_identifier
market_item.xlsx|中文暗网交易市场|seller_raw:596152||market_item.xlsx|茶马古道|seller_raw:/shop/446566,zh_target_strict,zh,train,silver_train_comp_00141,positive,text_clone_primary,1,1,,,,,,0.935383,0.902258,0.958081,0.283566,596152,/shop/446566,same_controller,same_controller_style_structural_soft,1,1,0,1,0,0,positive_without_direct_identifier
market_item.xlsx|中文暗网交易市场|seller_raw:352600||market_item.xlsx|中文暗网交易市场|seller_raw:596097,zh_target_strict,zh,train,silver_train_comp_00142,positive,semantic_structural,1,1,,,,,,0.924905,0.887284,0.939275,0.974043,352600,596097,same_controller,same_controller_component_anchor,1,1,0,1,0,0,review_notes_component_anchor_keyword
market_item.xlsx|中文暗网交易市场|seller_raw:352600||market_item.xlsx|茶马古道|seller_raw:/shop/453229,zh_target_strict,zh,train,silver_train_comp_00143,positive,semantic_only,1,1,,,,,,0.9269,0.910315,0.929594,0.281164,352600,/shop/453229,same_controller,same_controller_component_anchor,1,1,0,1,1,0,review_notes_component_anchor_keyword
market_item.xlsx|中文暗网交易市场|seller_raw:596097||market_item.xlsx|中文暗网交易市场|seller_raw:605666,zh_target_strict,zh,train,silver_train_comp_00145,positive,semantic_structural,1,1,,,,,,0.932909,0.92416,0.964354,0.85711,596097,605666,same_controller,same_controller_component_anchor,1,1,0,0,0,0,review_notes_component_anchor_keyword
market_item.xlsx|中文暗网交易市场|seller_raw:605002||market_item.xlsx|中文暗网交易市场|seller_raw:605879,zh_target_strict,zh,train,silver_train_comp_00148,positive,semantic_structural,1,1,,,,,,0.957941,0.934766,0.973189,0.826637,605002,605879,same_controller,same_controller_component_anchor,1,1,0,0,0,0,review_notes_component_anchor_keyword
market_item.xlsx|中文暗网交易市场|seller_raw:555666||market_item.xlsx|中文暗网交易市场|seller_raw:566697,zh_target_strict,zh,train,silver_train_comp_00155,positive,semantic_structural,1,1,,,,,,0.914663,0.861837,0.933497,0.610951,555666,566697,same_controller,same_controller_component_anchor,1,1,0,0,0,0,review_notes_component_anchor_keyword
market_item.xlsx|中文暗网交易市场|seller_raw:503330||market_item.xlsx|中文暗网交易市场|seller_raw:639133,zh_target_strict,zh,train,silver_train_comp_00156,positive,text_clone_primary,1,1,,,,,,0.958611,0.93974,0.967172,0.596741,503330,639133,same_controller,same_controller_component_anchor,1,1,0,1,0,0,review_notes_component_anchor_keyword
market_item.xlsx|中文暗网交易市场|seller_raw:149940||market_item.xlsx|中文暗网交易市场|seller_raw:605607,zh_target_strict,zh,train,silver_train_comp_00160,positive,semantic_structural,1,1,,,,,,0.938502,0.891677,0.944414,0.762828,149940,605607,same_controller,same_controller_component_anchor,1,1,0,0,0,0,review_notes_component_anchor_keyword
market_item.xlsx|中文暗网交易市场|seller_raw:149940||market_item.xlsx|茶马古道|seller_raw:/shop/446569,zh_target_strict,zh,train,silver_train_comp_00162,positive,semantic_only,1,1,,,,,,0.905657,0.849736,0.904478,0.353334,149940,/shop/446569,same_controller,same_controller_component_anchor,1,1,0,0,0,0,review_notes_component_anchor_keyword
market_item.xlsx|中文暗网交易市场|seller_raw:605890||market_item.xlsx|中文暗网交易市场|seller_raw:605928,zh_target_strict,zh,train,silver_train_comp_00168,positive,semantic_structural,1,1,,,,,,0.905694,0.865174,0.958685,0.942291,605890,605928,same_controller,same_controller_component_anchor,1,1,0,0,0,0,review_notes_component_anchor_keyword
market_item.xlsx|中文暗网交易市场|seller_raw:605890||market_item.xlsx|中文暗网交易市场|seller_raw:606038,zh_target_strict,zh,train,silver_train_comp_00169,positive,semantic_structural,1,1,,,,,,0.913635,0.836343,0.948083,0.928943,605890,606038,same_controller,same_controller_component_anchor,1,1,0,0,0,0,review_notes_component_anchor_keyword
market_item.xlsx|中文暗网交易市场|seller_raw:510154||market_item.xlsx|茶马古道|seller_raw:/shop/436749,zh_target_strict,zh,train,silver_relaxed_train_comp_04029,positive,text_clone_primary,1,1,,,,,,0.937868,0.885166,0.954116,0.32626,510154,/shop/436749,same_controller,same_controller_style_structural_soft,1,1,0,1,0,0,positive_without_direct_identifier
market_item.xlsx|中文暗网交易市场|seller_raw:28645||market_item.xlsx|中文暗网交易市场|seller_raw:40113,zh_target_strict,zh,train,silver_relaxed_train_comp_04030,positive,text_clone_primary,1,1,,,,,,0.962497,0.944038,0.959932,0.275459,28645,40113,same_controller,same_controller_style_structural_soft,1,1,0,1,0,0,positive_without_direct_identifier
market_item.xlsx|中文暗网交易市场|seller_raw:510509||market_item.xlsx|茶马古道|seller_raw:/shop/443084,zh_target_strict,zh,train,silver_relaxed_train_comp_04031,positive,text_clone_primary,1,1,,,,,,0.916806,0.831345,0.869819,0.364007,510509,/shop/443084,same_controller,same_controller_style_structural_soft,1,1,0,1,0,0,positive_without_direct_identifier
market_item.xlsx|中文暗网交易市场|seller_raw:331162||market_item.xlsx|中文暗网交易市场|seller_raw:488193,zh_target_strict,zh,train,silver_relaxed_train_comp_04033,positive,text_clone_primary,1,1,,,,,,0.960521,0.940622,0.955618,0.993297,331162,488193,same_controller,same_controller_style_structural_soft,1,1,0,1,0,0,positive_without_direct_identifier
market_item.xlsx|中文暗网交易市场|seller_raw:567500||market_item.xlsx|茶马古道|seller_raw:/shop/402602,zh_target_strict,zh,train,silver_relaxed_train_comp_04035,positive,text_clone_primary,1,1,,,,,,0.906161,0.881652,0.922421,0.309896,567500,/shop/402602,same_controller,same_controller_style_structural_soft,1,1,0,1,0,0,positive_without_direct_identifier
market_item.xlsx|中文暗网交易市场|seller_raw:551987||market_item.xlsx|茶马古道|seller_raw:/shop/406894,zh_target_strict,zh,train,silver_relaxed_train_comp_04037,positive,text_clone_primary,1,1,,,,,,0.97481,0.981456,0.987937,0.309591,551987,/shop/406894,same_controller,same_controller_style_structural_soft,1,1,0,1,0,0,positive_without_direct_identifier
market_item.xlsx|茶马古道|seller_raw:/shop/463004||market_item.xlsx|茶马古道|seller_raw:/shop/463446,zh_target_strict,zh,train,silver_relaxed_train_comp_04038,positive,text_clone_primary,1,1,,,,,,0.942656,0.890693,0.954542,0.442114,/shop/463004,/shop/463446,same_controller,same_controller_style_structural_soft,1,1,0,1,0,0,positive_without_direct_identifier
market_item.xlsx|中文暗网交易市场|seller_raw:17318||market_item.xlsx|中文暗网交易市场|seller_raw:602704,zh_target_strict,zh,train,silver_relaxed_train_comp_04039,positive,text_clone_primary,1,1,,,,,,0.951813,0.879324,0.958306,0.855601,17318,602704,same_controller,same_controller_style_structural_soft,1,1,0,1,0,0,positive_without_direct_identifier
market_item.xlsx|中文暗网交易市场|seller_raw:504187||market_item.xlsx|茶马古道|seller_raw:/shop/409287,zh_target_strict,zh,train,silver_relaxed_train_comp_04043,positive,text_clone_primary,1,1,,,,,,0.919449,0.86837,0.921694,0.496887,504187,/shop/409287,same_controller,same_controller_style_structural_soft,1,1,0,1,0,0,positive_without_direct_identifier
market_item.xlsx|茶马古道|seller_raw:/shop/604||market_item.xlsx|茶马古道|seller_raw:/shop/605,zh_target_strict,zh,train,silver_relaxed_train_comp_04044,positive,text_clone_primary,1,1,,,,,,0.954544,0.926693,0.961719,0.493175,/shop/604,/shop/605,same_controller,same_controller_style_structural_soft,1,1,0,1,0,0,positive_without_direct_identifier
market_item.xlsx|中文暗网交易市场|seller_raw:572772||market_item.xlsx|茶马古道|seller_raw:/shop/418022,zh_target_strict,zh,train,silver_relaxed_train_comp_04045,positive,text_clone_primary,1,1,,,,,,0.943747,0.890051,0.953848,0.371654,572772,/shop/418022,same_controller,same_controller_style_structural_soft,1,1,0,1,0,0,positive_without_direct_identifier
market_item.xlsx|茶马古道|seller_raw:/shop/452928||market_item.xlsx|茶马古道|seller_raw:/shop/462496,zh_target_strict,zh,train,silver_relaxed_train_comp_04049,positive,text_clone_primary,1,1,,,,,,0.936304,0.851513,0.918934,0.696079,/shop/452928,/shop/462496,same_controller,same_controller_style_structural_soft,1,1,0,1,0,0,positive_without_direct_identifier
market_item.xlsx|茶马古道|seller_raw:/shop/410971||market_item.xlsx|茶马古道|seller_raw:/shop/415228,zh_target_strict,zh,train,silver_relaxed_train_comp_04050,positive,text_clone_primary,1,1,,,,,,0.942122,0.866539,0.915408,0.83006,/shop/410971,/shop/415228,same_controller,same_controller_style_structural_soft,1,1,0,1,0,0,positive_without_direct_identifier
market_item.xlsx|中文暗网交易市场|seller_raw:596099||market_item.xlsx|茶马古道|seller_raw:/shop/446585,zh_target_strict,zh,train,silver_relaxed_train_comp_04051,positive,text_clone_primary,1,1,,,,,,0.940613,0.962673,0.951219,0.23089,596099,/shop/446585,same_controller,same_controller_style_structural_soft,1,1,0,1,0,0,positive_without_direct_identifier
market_item.xlsx|中文暗网交易市场|seller_raw:540849||market_item.xlsx|茶马古道|seller_raw:/shop/403983,zh_target_strict,zh,train,silver_relaxed_train_comp_04052,positive,text_clone_primary,1,1,,,,,,0.929853,0.898425,0.971075,0.363983,540849,/shop/403983,same_controller,same_controller_style_structural_soft,1,1,0,1,0,0,positive_without_direct_identifier
market_item.xlsx|茶马古道|seller_raw:/shop/1681||market_item.xlsx|茶马古道|seller_raw:/shop/394537,zh_target_strict,zh,train,silver_relaxed_train_comp_04053,positive,text_clone_primary,1,1,,,,,,0.92504,0.851789,0.925343,0.488214,/shop/1681,/shop/394537,same_controller,same_controller_style_structural_soft,1,1,0,1,0,0,positive_without_direct_identifier
market_item.xlsx|中文暗网交易市场|seller_raw:486448||market_item.xlsx|茶马古道|seller_raw:/shop/433371,zh_target_strict,zh,train,silver_relaxed_train_comp_04054,positive,text_clone_primary,1,1,,,,,,0.92673,0.869235,0.930011,0.357751,486448,/shop/433371,same_controller,same_controller_style_structural_soft,1,1,0,1,0,0,positive_without_direct_identifier
market_item.xlsx|中文暗网交易市场|seller_raw:531087||market_item.xlsx|中文暗网交易市场|seller_raw:548133,zh_target_strict,zh,train,silver_relaxed_train_comp_04055,positive,text_clone_primary,1,1,,,,,,0.92617,0.851461,0.879198,0.43305,531087,548133,same_controller,same_controller_style_structural_soft,1,1,0,1,0,0,positive_without_direct_identifier
market_item.xlsx|中文暗网交易市场|seller_raw:552826||market_item.xlsx|茶马古道|seller_raw:/shop/7184,zh_target_strict,zh,train,silver_relaxed_train_comp_04056,positive,text_clone_primary,1,1,,,,,,0.89274,0.821539,0.922468,0.37514,552826,/shop/7184,same_controller,same_controller_style_structural_soft,1,1,0,1,0,0,positive_without_direct_identifier
market_item.xlsx|中文暗网交易市场|seller_raw:596065||market_item.xlsx|茶马古道|seller_raw:/shop/446588,zh_target_strict,zh,train,silver_relaxed_train_comp_04057,positive,text_clone_primary,1,1,,,,,,0.927017,0.870797,0.915962,0.301404,596065,/shop/446588,same_controller,same_controller_style_structural_soft,1,1,0,1,0,0,positive_without_direct_identifier
market_item.xlsx|中文暗网交易市场|seller_raw:581690||market_item.xlsx|茶马古道|seller_raw:/shop/425704,zh_target_strict,zh,train,silver_relaxed_train_comp_04059,positive,text_clone_primary,1,1,,,,,,0.871159,0.839279,0.903015,0.271209,581690,/shop/425704,same_controller,same_controller_style_structural_soft,1,1,0,1,0,0,positive_without_direct_identifier
market_item.xlsx|茶马古道|seller_raw:/shop/438230||market_item.xlsx|茶马古道|seller_raw:/shop/462496,zh_target_strict,zh,train,silver_relaxed_train_comp_04062,positive,text_clone_primary,1,1,,,,,,0.943479,0.877543,0.931219,0.657315,/shop/438230,/shop/462496,same_controller,same_controller_style_structural_soft,1,1,0,1,0,0,positive_without_direct_identifier
market_item.xlsx|中文暗网交易市场|seller_raw:586540||market_item.xlsx|茶马古道|seller_raw:/shop/430522,zh_target_strict,zh,train,silver_relaxed_train_comp_04063,positive,text_clone_primary,1,1,,,,,,0.91186,0.913109,0.93977,0.260606,586540,/shop/430522,same_controller,same_controller_style_structural_soft,1,1,0,1,0,0,positive_without_direct_identifier
market_item.xlsx|中文暗网交易市场|seller_raw:605009||market_item.xlsx|茶马古道|seller_raw:/shop/453275,zh_target_strict,zh,train,silver_relaxed_train_comp_04064,positive,text_clone_primary,1,1,,,,,,0.932708,0.950781,0.943816,0.241163,605009,/shop/453275,same_controller,same_controller_style_structural_soft,1,1,0,1,0,0,positive_without_direct_identifier
market_item.xlsx|中文暗网交易市场|seller_raw:541874||market_item.xlsx|中文暗网交易市场|seller_raw:566277,zh_target_strict,zh,train,silver_relaxed_train_comp_04065,positive,text_clone_primary,1,1,,,,,,0.934533,0.892488,0.786006,0.430746,541874,566277,same_controller,same_controller_style_structural_soft,1,1,0,1,0,0,positive_without_direct_identifier
market_item.xlsx|中文暗网交易市场|seller_raw:517002||market_item.xlsx|茶马古道|seller_raw:/shop/397778,zh_target_strict,zh,train,silver_relaxed_train_comp_04067,positive,text_clone_primary,1,1,,,,,,0.915427,0.888107,0.928765,0.264751,517002,/shop/397778,same_controller,same_controller_style_structural_soft,1,1,0,1,0,0,positive_without_direct_identifier
market_item.xlsx|茶马古道|seller_raw:/shop/408298||market_item.xlsx|茶马古道|seller_raw:/shop/441385,zh_target_strict,zh,train,silver_relaxed_train_comp_04069,positive,text_clone_primary,1,1,,,,,,0.924831,0.846957,0.959666,0.449512,/shop/408298,/shop/441385,same_controller,same_controller_style_structural_soft,1,1,0,1,0,0,positive_without_direct_identifier
market_item.xlsx|中文暗网交易市场|seller_raw:71807||market_item.xlsx|茶马古道|seller_raw:/shop/722,zh_target_strict,zh,train,silver_negative_train_comp_04071,negative,text_clone_primary,1,1,,,,,,0.895033,0.867283,0.909335,0.248791,71807,/shop/722,different_controller,template_clone_not_controller,1,1,0,1,0,0,feature_has_shared_description_clone|feature_has_shared_title_clone|feature_shared_description_count|feature_shared_low_df_sentence_count|feature_shared_title_count|review_stratum:text_clone
market_item.xlsx|中文暗网交易市场|seller_raw:544322||market_item.xlsx|茶马古道|seller_raw:/shop/405334,zh_target_strict,zh,train,silver_negative_train_comp_04072,negative,text_clone_primary,1,1,,,,,,0.913462,0.856192,0.891011,0.197195,544322,/shop/405334,different_controller,template_clone_not_controller,1,1,0,1,0,0,feature_has_shared_description_clone|feature_has_shared_title_clone|feature_shared_description_count|feature_shared_low_df_sentence_count|feature_shared_title_count|review_stratum:text_clone
market_item.xlsx|中文暗网交易市场|seller_raw:459702||market_item.xlsx|茶马古道|seller_raw:/shop/2937,zh_target_strict,zh,train,silver_negative_train_comp_04073,negative,text_clone_primary,1,1,,,,,,0.927824,0.918421,0.89434,0.266322,459702,/shop/2937,different_controller,template_clone_not_controller,1,1,0,1,0,0,feature_has_shared_description_clone|feature_has_shared_title_clone|feature_shared_description_count|feature_shared_low_df_sentence_count|feature_shared_rare_ngram_count|feature_shared_title_count|review_stratum:text_clone
market_item.xlsx|中文暗网交易市场|seller_raw:541551||market_item.xlsx|茶马古道|seller_raw:/shop/399807,zh_target_strict,zh,train,silver_negative_train_comp_04074,negative,text_clone_primary,1,1,,,,,,0.919555,0.834446,0.916809,0.270823,541551,/shop/399807,different_controller,template_clone_not_controller,1,1,0,1,0,0,feature_has_shared_description_clone|feature_has_shared_title_clone|feature_shared_description_count|feature_shared_low_df_sentence_count|feature_shared_rare_ngram_count|feature_shared_title_count|review_stratum:text_clone
market_item.xlsx|中文暗网交易市场|seller_raw:546317||market_item.xlsx|茶马古道|seller_raw:/shop/404772,zh_target_strict,zh,train,silver_negative_train_comp_04075,negative,text_clone_primary,1,1,,,,,,0.925833,0.902956,0.931598,0.251433,546317,/shop/404772,different_controller,template_clone_not_controller,1,1,0,1,0,0,feature_has_shared_description_clone|feature_has_shared_title_clone|feature_shared_description_count|feature_shared_low_df_sentence_count|feature_shared_rare_ngram_count|feature_shared_title_count|review_stratum:text_clone
market_item.xlsx|中文暗网交易市场|seller_raw:526589||market_item.xlsx|茶马古道|seller_raw:/shop/397707,zh_target_strict,zh,train,silver_negative_train_comp_04076,negative,text_clone_primary,1,1,,,,,,0.909029,0.85535,0.919091,0.25949,526589,/shop/397707,different_controller,template_clone_not_controller,1,1,0,1,0,0,feature_has_shared_description_clone|feature_has_shared_title_clone|feature_shared_description_count|feature_shared_low_df_sentence_count|feature_shared_rare_ngram_count|feature_shared_title_count|review_stratum:text_clone
market_item.xlsx|中文暗网交易市场|seller_raw:512768||market_item.xlsx|茶马古道|seller_raw:/shop/397527,zh_target_strict,zh,train,silver_negative_train_comp_04077,negative,text_clone_primary,1,1,,,,,,0.892357,0.818543,0.883261,0.214535,512768,/shop/397527,different_controller,template_clone_not_controller,1,1,0,1,0,0,feature_has_shared_description_clone|feature_has_shared_title_clone|feature_shared_description_count|feature_shared_low_df_sentence_count|feature_shared_rare_ngram_count|feature_shared_title_count|review_stratum:text_clone
market_item.xlsx|中文暗网交易市场|seller_raw:543006||market_item.xlsx|茶马古道|seller_raw:/shop/399807,zh_target_strict,zh,train,silver_negative_train_comp_04078,negative,text_clone_primary,1,1,,,,,,0.915877,0.844672,0.933156,0.261412,543006,/shop/399807,different_controller,template_clone_not_controller,1,1,0,1,0,0,feature_has_shared_description_clone|feature_has_shared_title_clone|feature_shared_description_count|feature_shared_low_df_sentence_count|feature_shared_rare_ngram_count|feature_shared_title_count|review_stratum:text_clone
market_item.xlsx|中文暗网交易市场|seller_raw:512373||market_item.xlsx|茶马古道|seller_raw:/shop/397778,zh_target_strict,zh,train,silver_negative_train_comp_04080,negative,text_clone_primary,1,1,,,,,,0.905043,0.834043,0.885271,0.267075,512373,/shop/397778,different_controller,template_clone_not_controller,1,1,0,1,0,0,feature_has_shared_description_clone|feature_has_shared_title_clone|feature_shared_description_count|feature_shared_low_df_sentence_count|feature_shared_rare_ngram_count|feature_shared_title_count|review_stratum:text_clone
market_item.xlsx|中文暗网交易市场|seller_raw:475252||market_item.xlsx|茶马古道|seller_raw:/shop/405740,zh_target_strict,zh,train,silver_negative_train_comp_04082,negative,text_clone_primary,1,1,,,,,,0.902365,0.797789,0.793197,0.239841,475252,/shop/405740,different_controller,template_clone_not_controller,1,1,0,1,0,0,feature_has_shared_description_clone|feature_has_shared_title_clone|feature_shared_description_count|feature_shared_low_df_sentence_count|feature_shared_title_count|review_stratum:text_clone
market_item.xlsx|中文暗网交易市场|seller_raw:563971||market_item.xlsx|茶马古道|seller_raw:/shop/396961,zh_target_strict,zh,train,silver_negative_train_comp_04083,negative,text_clone_primary,1,1,,,,,,0.90367,0.864517,0.870176,0.248253,563971,/shop/396961,different_controller,template_clone_not_controller,1,1,0,1,0,0,feature_has_shared_description_clone|feature_has_shared_title_clone|feature_shared_description_count|feature_shared_low_df_sentence_count|feature_shared_title_count|review_stratum:text_clone
market_item.xlsx|中文暗网交易市场|seller_raw:526002||market_item.xlsx|茶马古道|seller_raw:/shop/397407,zh_target_strict,zh,train,silver_negative_train_comp_04084,negative,text_clone_primary,1,1,,,,,,0.892145,0.847107,0.914624,0.254888,526002,/shop/397407,different_controller,template_clone_not_controller,1,1,0,1,0,0,feature_has_shared_description_clone|feature_has_shared_title_clone|feature_shared_description_count|feature_shared_low_df_sentence_count|feature_shared_rare_ngram_count|feature_shared_title_count|review_stratum:text_clone
market_item.xlsx|中文暗网交易市场|seller_raw:518336||market_item.xlsx|茶马古道|seller_raw:/shop/397707,zh_target_strict,zh,train,silver_negative_train_comp_04085,negative,text_clone_primary,1,1,,,,,,0.918047,0.862079,0.926622,0.261113,518336,/shop/397707,different_controller,template_clone_not_controller,1,1,0,1,0,0,feature_has_shared_description_clone|feature_has_shared_title_clone|feature_shared_description_count|feature_shared_low_df_sentence_count|feature_shared_rare_ngram_count|feature_shared_title_count|review_stratum:text_clone
market_item.xlsx|中文暗网交易市场|seller_raw:566237||market_item.xlsx|茶马古道|seller_raw:/shop/411784,zh_target_strict,zh,train,silver_negative_train_comp_04086,negative,text_clone_primary,1,1,,,,,,0.921325,0.854379,0.915068,0.266339,566237,/shop/411784,different_controller,template_clone_not_controller,1,1,0,1,0,0,feature_has_shared_description_clone|feature_has_shared_title_clone|feature_shared_description_count|feature_shared_low_df_sentence_count|feature_shared_rare_ngram_count|feature_shared_title_count|review_stratum:text_clone
market_item.xlsx|中文暗网交易市场|seller_raw:546272||market_item.xlsx|茶马古道|seller_raw:/shop/402697,zh_target_strict,zh,train,silver_negative_train_comp_04087,negative,text_clone_primary,1,1,,,,,,0.897374,0.833539,0.902994,0.27727,546272,/shop/402697,different_controller,template_clone_not_controller,1,1,0,1,0,0,feature_has_shared_description_clone|feature_has_shared_title_clone|feature_shared_description_count|feature_shared_low_df_sentence_count|feature_shared_title_count|review_stratum:text_clone
market_item.xlsx|中文暗网交易市场|seller_raw:536790||market_item.xlsx|茶马古道|seller_raw:/shop/397527,zh_target_strict,zh,train,silver_negative_train_comp_04088,negative,text_clone_primary,1,1,,,,,,0.897781,0.847567,0.922269,0.220439,536790,/shop/397527,different_controller,template_clone_not_controller,1,1,0,1,0,0,feature_has_shared_description_clone|feature_has_shared_title_clone|feature_shared_description_count|feature_shared_low_df_sentence_count|feature_shared_rare_ngram_count|feature_shared_title_count|review_stratum:text_clone
market_item.xlsx|中文暗网交易市场|seller_raw:526321||market_item.xlsx|茶马古道|seller_raw:/shop/397707,zh_target_strict,zh,train,silver_negative_train_comp_04089,negative,text_clone_primary,1,1,,,,,,0.888574,0.837478,0.878944,0.260731,526321,/shop/397707,different_controller,template_clone_not_controller,1,1,0,1,0,0,feature_has_shared_description_clone|feature_has_shared_title_clone|feature_shared_description_count|feature_shared_low_df_sentence_count|feature_shared_rare_ngram_count|feature_shared_title_count|review_stratum:text_clone
market_item.xlsx|中文暗网交易市场|seller_raw:596100||market_item.xlsx|茶马古道|seller_raw:/shop/453275,zh_target_strict,zh,train,silver_negative_train_comp_04090,negative,text_clone_primary,1,1,,,,,,0.907714,0.832473,0.901697,0.279062,596100,/shop/453275,different_controller,template_clone_not_controller,1,1,0,1,0,0,feature_has_shared_description_clone|feature_has_shared_title_clone|feature_shared_description_count|feature_shared_low_df_sentence_count|feature_shared_rare_ngram_count|feature_shared_title_count|review_stratum:text_clone
market_item.xlsx|中文暗网交易市场|seller_raw:526567||market_item.xlsx|茶马古道|seller_raw:/shop/397707,zh_target_strict,zh,train,silver_negative_train_comp_04091,negative,text_clone_primary,1,1,,,,,,0.904518,0.850324,0.860722,0.260527,526567,/shop/397707,different_controller,template_clone_not_controller,1,1,0,1,0,0,feature_has_shared_description_clone|feature_has_shared_title_clone|feature_shared_description_count|feature_shared_low_df_sentence_count|feature_shared_rare_ngram_count|feature_shared_title_count|review_stratum:text_clone
market_item.xlsx|中文暗网交易市场|seller_raw:544004||market_item.xlsx|茶马古道|seller_raw:/shop/399807,zh_target_strict,zh,train,silver_negative_train_comp_04092,negative,text_clone_primary,1,1,,,,,,0.891214,0.845129,0.916301,0.266128,544004,/shop/399807,different_controller,template_clone_not_controller,1,1,0,1,0,0,feature_has_shared_description_clone|feature_has_shared_title_clone|feature_shared_description_count|feature_shared_low_df_sentence_count|feature_shared_rare_ngram_count|feature_shared_title_count|review_stratum:text_clone
market_item.xlsx|中文暗网交易市场|seller_raw:532519||market_item.xlsx|茶马古道|seller_raw:/shop/397407,zh_target_strict,zh,train,silver_negative_train_comp_04093,negative,text_clone_primary,1,1,,,,,,0.888495,0.797781,0.90103,0.278295,532519,/shop/397407,different_controller,template_clone_not_controller,1,1,0,1,0,0,feature_has_shared_description_clone|feature_has_shared_title_clone|feature_shared_description_count|feature_shared_low_df_sentence_count|feature_shared_rare_ngram_count|feature_shared_title_count|review_stratum:text_clone
market_item.xlsx|中文暗网交易市场|seller_raw:527285||market_item.xlsx|茶马古道|seller_raw:/shop/397675,zh_target_strict,zh,train,silver_negative_train_comp_04094,negative,text_clone_primary,1,1,,,,,,0.941157,0.923443,0.936542,0.278959,527285,/shop/397675,different_controller,template_clone_not_controller,1,1,0,1,0,0,feature_has_shared_description_clone|feature_has_shared_title_clone|feature_shared_description_count|feature_shared_low_df_sentence_count|feature_shared_rare_ngram_count|feature_shared_title_count|review_stratum:text_clone
market_item.xlsx|中文暗网交易市场|seller_raw:581978||market_item.xlsx|茶马古道|seller_raw:/shop/425704,zh_target_strict,zh,train,silver_negative_train_comp_04096,negative,text_clone_primary,1,1,,,,,,0.921962,0.849262,0.838732,0.275286,581978,/shop/425704,different_controller,template_clone_not_controller,1,1,0,1,0,0,feature_has_shared_description_clone|feature_has_shared_title_clone|feature_shared_description_count|feature_shared_low_df_sentence_count|feature_shared_rare_ngram_count|feature_shared_title_count|review_stratum:text_clone
market_item.xlsx|中文暗网交易市场|seller_raw:71807||market_item.xlsx|茶马古道|seller_raw:/shop/736,zh_target_strict,zh,train,silver_negative_train_comp_04097,negative,text_clone_primary,1,1,,,,,,0.901779,0.802291,0.886316,0.168324,71807,/shop/736,different_controller,template_clone_not_controller,1,1,0,1,0,0,feature_has_shared_description_clone|feature_has_shared_title_clone|feature_shared_description_count|feature_shared_title_count|review_stratum:text_clone
market_item.xlsx|中文暗网交易市场|seller_raw:256707||market_item.xlsx|茶马古道|seller_raw:/shop/6242,zh_target_strict,zh,train,silver_negative_train_comp_04098,negative,text_clone_primary,1,1,,,,,,0.90604,0.854765,0.917287,0.206499,256707,/shop/6242,different_controller,template_clone_not_controller,1,1,0,1,0,0,feature_has_shared_description_clone|feature_has_shared_title_clone|feature_shared_description_count|feature_shared_title_count|review_stratum:text_clone
market_item.xlsx|中文暗网交易市场|seller_raw:565482||market_item.xlsx|茶马古道|seller_raw:/shop/414257,zh_target_strict,zh,train,silver_negative_train_comp_04099,negative,text_clone_primary,1,1,,,,,,0.898965,0.823233,0.841374,0.247944,565482,/shop/414257,different_controller,template_clone_not_controller,1,1,0,1,0,0,feature_has_shared_description_clone|feature_has_shared_title_clone|feature_shared_description_count|feature_shared_low_df_sentence_count|feature_shared_title_count|review_stratum:text_clone
market_item.xlsx|中文暗网交易市场|seller_raw:529453||market_item.xlsx|茶马古道|seller_raw:/shop/397675,zh_target_strict,zh,train,silver_negative_train_comp_04100,negative,text_clone_primary,1,1,,,,,,0.908463,0.851309,0.909841,0.257247,529453,/shop/397675,different_controller,template_clone_not_controller,1,1,0,1,0,0,feature_has_shared_description_clone|feature_has_shared_title_clone|feature_shared_description_count|feature_shared_low_df_sentence_count|feature_shared_rare_ngram_count|feature_shared_title_count|review_stratum:text_clone
market_item.xlsx|中文暗网交易市场|seller_raw:633752||market_item.xlsx|茶马古道|seller_raw:/shop/451995,zh_target_strict,zh,train,silver_negative_train_comp_04101,negative,text_clone_primary,1,1,,,,,,0.918702,0.86477,0.902689,0.262316,633752,/shop/451995,different_controller,template_clone_not_controller,1,1,0,1,0,0,feature_has_shared_description_clone|feature_has_shared_title_clone|feature_shared_description_count|feature_shared_low_df_sentence_count|feature_shared_title_count|review_stratum:text_clone
market_item.xlsx|中文暗网交易市场|seller_raw:525739||market_item.xlsx|茶马古道|seller_raw:/shop/397707,zh_target_strict,zh,train,silver_negative_train_comp_04102,negative,text_clone_primary,1,1,,,,,,0.912375,0.891253,0.910372,0.263236,525739,/shop/397707,different_controller,template_clone_not_controller,1,1,0,1,0,0,feature_has_shared_description_clone|feature_has_shared_title_clone|feature_shared_description_count|feature_shared_low_df_sentence_count|feature_shared_rare_ngram_count|feature_shared_title_count|review_stratum:text_clone
market_item.xlsx|中文暗网交易市场|seller_raw:399483||market_item.xlsx|茶马古道|seller_raw:/shop/394805,zh_target_strict,zh,train,silver_negative_train_comp_04103,negative,text_clone_primary,1,1,,,,,,0.892254,0.818069,0.890145,0.263251,399483,/shop/394805,different_controller,template_clone_not_controller,1,1,0,1,0,0,feature_has_shared_description_clone|feature_has_shared_title_clone|feature_shared_description_count|feature_shared_title_count|review_stratum:text_clone
market_item.xlsx|中文暗网交易市场|seller_raw:553564||market_item.xlsx|茶马古道|seller_raw:/shop/429404,zh_target_strict,zh,train,silver_negative_train_comp_04104,negative,text_clone_primary,1,1,,,,,,0.877001,0.806862,0.912203,0.265019,553564,/shop/429404,different_controller,template_clone_not_controller,1,1,0,1,0,0,feature_has_shared_description_clone|feature_has_shared_title_clone|feature_shared_description_count|feature_shared_low_df_sentence_count|feature_shared_rare_ngram_count|feature_shared_title_count|review_stratum:text_clone
market_item.xlsx|中文暗网交易市场|seller_raw:548310||market_item.xlsx|茶马古道|seller_raw:/shop/8506,zh_target_strict,zh,train,silver_negative_train_comp_04105,negative,text_clone_primary,1,1,,,,,,0.890311,0.854524,0.878067,0.265754,548310,/shop/8506,different_controller,template_clone_not_controller,1,1,0,1,0,0,feature_has_shared_description_clone|feature_has_shared_title_clone|feature_shared_description_count|feature_shared_low_df_sentence_count|feature_shared_title_count|review_stratum:text_clone
market_item.xlsx|中文暗网交易市场|seller_raw:548133||market_item.xlsx|茶马古道|seller_raw:/shop/399807,zh_target_strict,zh,train,silver_negative_train_comp_04106,negative,text_clone_primary,1,1,,,,,,0.8963,0.835756,0.907305,0.267098,548133,/shop/399807,different_controller,template_clone_not_controller,1,1,0,1,0,0,feature_has_shared_description_clone|feature_has_shared_title_clone|feature_shared_description_count|feature_shared_low_df_sentence_count|feature_shared_rare_ngram_count|feature_shared_title_count|review_stratum:text_clone
market_item.xlsx|中文暗网交易市场|seller_raw:556969||market_item.xlsx|茶马古道|seller_raw:/shop/403730,zh_target_strict,zh,train,silver_negative_train_comp_04107,negative,text_clone_primary,1,1,,,,,,0.928593,0.875779,0.911885,0.27957,556969,/shop/403730,different_controller,template_clone_not_controller,1,1,0,1,0,0,feature_has_shared_description_clone|feature_has_shared_title_clone|feature_shared_description_count|feature_shared_title_count|review_stratum:text_clone
market_item.xlsx|中文暗网交易市场|seller_raw:526048||market_item.xlsx|茶马古道|seller_raw:/shop/397407,zh_target_strict,zh,train,silver_negative_train_comp_04108,negative,text_clone_primary,1,1,,,,,,0.89412,0.800672,0.895179,0.279733,526048,/shop/397407,different_controller,template_clone_not_controller,1,1,0,1,0,0,feature_has_shared_description_clone|feature_has_shared_title_clone|feature_shared_description_count|feature_shared_low_df_sentence_count|feature_shared_rare_ngram_count|feature_shared_title_count|review_stratum:text_clone
market_item.xlsx|中文暗网交易市场|seller_raw:62435||market_item.xlsx|茶马古道|seller_raw:/shop/408660,zh_target_strict,zh,train,silver_negative_train_comp_04109,negative,text_clone_primary,1,1,,,,,,0.934431,0.862626,0.902912,0.206646,62435,/shop/408660,different_controller,template_clone_not_controller,1,1,0,1,0,0,feature_has_shared_description_clone|feature_shared_description_count|feature_shared_low_df_sentence_count|review_stratum:text_clone
market_item.xlsx|茶马古道|seller_raw:/shop/425667||market_item.xlsx|茶马古道|seller_raw:/shop/450020,zh_target_strict,zh,train,silver_negative_train_comp_04110,negative,text_clone_primary,1,1,,,,,,0.920173,0.834725,0.909401,0.239934,/shop/425667,/shop/450020,different_controller,template_clone_not_controller,1,1,0,1,0,0,feature_has_shared_description_clone|feature_shared_description_count|feature_shared_low_df_sentence_count|review_stratum:text_clone
market_item.xlsx|茶马古道|seller_raw:/shop/429138||market_item.xlsx|茶马古道|seller_raw:/shop/435113,zh_target_strict,zh,train,silver_negative_train_comp_04111,negative,text_clone_primary,1,1,,,,,,0.905746,0.847456,0.888513,0.161942,/shop/429138,/shop/435113,different_controller,template_clone_not_controller,1,1,0,1,0,0,feature_has_shared_description_clone|feature_shared_description_count|feature_shared_low_df_sentence_count|review_stratum:text_clone
market_item.xlsx|中文暗网交易市场|seller_raw:499135||market_item.xlsx|茶马古道|seller_raw:/shop/419283,zh_target_strict,zh,train,silver_negative_train_comp_04112,negative,text_clone_primary,1,1,,,,,,0.90374,0.865389,0.937128,0.227449,499135,/shop/419283,different_controller,template_clone_not_controller,1,1,0,1,0,0,feature_has_shared_description_clone|feature_shared_description_count|feature_shared_low_df_sentence_count|review_stratum:text_clone
market_item.xlsx|中文暗网交易市场|seller_raw:529562||market_item.xlsx|茶马古道|seller_raw:/shop/397675,zh_target_strict,zh,train,silver_negative_train_comp_04113,negative,text_clone_primary,1,1,,,,,,0.885824,0.812346,0.82608,0.240749,529562,/shop/397675,different_controller,template_clone_not_controller,1,1,0,1,0,0,feature_has_shared_description_clone|feature_shared_description_count|feature_shared_low_df_sentence_count|review_stratum:text_clone
market_item.xlsx|中文暗网交易市场|seller_raw:61706||market_item.xlsx|茶马古道|seller_raw:/shop/10155,zh_target_strict,zh,train,step16g_negative_train_comp_04114,negative,text_clone_primary,1,1,,,,,,0.922152,0.888776,0.902725,0.245415,61706,/shop/10155,different_controller,template_clone_not_controller,1,1,0,1,0,0,feature_has_shared_title_clone|feature_shared_rare_ngram_count|feature_shared_title_count|review_stratum:text_clone
market_item.xlsx|茶马古道|seller_raw:/shop/414182||market_item.xlsx|茶马古道|seller_raw:/shop/415493,zh_target_strict,zh,train,step16g_negative_train_comp_04115,negative,text_clone_primary,1,1,,,,,,0.959459,0.944193,0.949835,0.275296,/shop/414182,/shop/415493,different_controller,template_clone_not_controller,1,1,0,1,0,0,feature_has_shared_description_clone|feature_shared_description_count|feature_shared_low_df_sentence_count|review_stratum:text_clone
market_item.xlsx|中文暗网交易市场|seller_raw:69573||market_item.xlsx|茶马古道|seller_raw:/shop/402851,zh_target_strict,zh,train,step16g_negative_train_comp_04116,negative,text_clone_primary,1,1,,,,,,0.933286,0.85939,0.905307,0.275575,69573,/shop/402851,different_controller,template_clone_not_controller,1,1,0,1,0,0,feature_has_shared_title_clone|feature_shared_rare_ngram_count|feature_shared_title_count|review_stratum:text_clone
market_item.xlsx|中文暗网交易市场|seller_raw:533176||market_item.xlsx|茶马古道|seller_raw:/shop/397407,zh_target_strict,zh,train,step16g_negative_train_comp_04117,negative,text_clone_primary,1,1,,,,,,0.927598,0.928576,0.973959,0.246538,533176,/shop/397407,different_controller,template_clone_not_controller,1,1,0,1,0,0,feature_has_shared_title_clone|feature_shared_rare_ngram_count|feature_shared_title_count|review_stratum:text_clone
market_item.xlsx|中文暗网交易市场|seller_raw:44614||market_item.xlsx|茶马古道|seller_raw:/shop/9341,zh_target_strict,zh,train,step16g_negative_train_comp_04118,negative,text_clone_primary,1,1,,,,,,0.878907,0.827611,0.901794,0.258688,44614,/shop/9341,different_controller,template_clone_not_controller,1,1,0,1,0,0,feature_has_shared_description_clone|feature_shared_description_count|feature_shared_low_df_sentence_count|feature_shared_rare_ngram_count|review_stratum:text_clone
market_item.xlsx|中文暗网交易市场|seller_raw:530985||market_item.xlsx|茶马古道|seller_raw:/shop/404772,zh_target_strict,zh,train,step16g_negative_train_comp_04119,negative,text_clone_primary,1,1,,,,,,0.929338,0.934565,0.922927,0.299234,530985,/shop/404772,different_controller,template_clone_not_controller,1,1,0,1,0,0,feature_has_shared_description_clone|feature_shared_description_count|feature_shared_low_df_sentence_count|review_stratum:text_clone
market_item.xlsx|中文暗网交易市场|seller_raw:530986||market_item.xlsx|茶马古道|seller_raw:/shop/404772,zh_target_strict,zh,train,step16g_negative_train_comp_04120,negative,text_clone_primary,1,1,,,,,,0.938094,0.924615,0.946259,0.308162,530986,/shop/404772,different_controller,template_clone_not_controller,1,1,0,1,0,0,feature_has_shared_title_clone|feature_shared_rare_ngram_count|feature_shared_title_count|review_stratum:text_clone
market_item.xlsx|中文暗网交易市场|seller_raw:481496||market_item.xlsx|茶马古道|seller_raw:/shop/425743,zh_target_strict,zh,train,step16g_negative_train_comp_04121,negative,text_clone_primary,1,1,,,,,,0.89536,0.76039,0.7903,0.177019,481496,/shop/425743,different_controller,template_clone_not_controller,1,1,0,1,0,0,feature_has_shared_title_clone|feature_shared_rare_ngram_count|feature_shared_title_count|review_stratum:text_clone
market_item.xlsx|茶马古道|seller_raw:/shop/396767||market_item.xlsx|茶马古道|seller_raw:/shop/411022,zh_target_strict,zh,train,step16g_negative_train_comp_04122,negative,text_clone_primary,1,1,,,,,,0.907648,0.796582,0.825787,0.302927,/shop/396767,/shop/411022,different_controller,template_clone_not_controller,1,1,0,1,0,0,feature_has_shared_description_clone|feature_shared_description_count|feature_shared_low_df_sentence_count|review_stratum:text_clone
market_item.xlsx|中文暗网交易市场|seller_raw:36073||market_item.xlsx|茶马古道|seller_raw:/shop/6101,zh_target_strict,zh,train,step16g_negative_train_comp_04123,negative,text_clone_primary,1,1,,,,,,0.917909,0.836531,0.89932,0.290046,36073,/shop/6101,different_controller,template_clone_not_controller,1,1,0,1,0,0,feature_has_shared_title_clone|feature_shared_rare_ngram_count|feature_shared_title_count|review_stratum:text_clone
market_item.xlsx|中文暗网交易市场|seller_raw:630712||market_item.xlsx|茶马古道|seller_raw:/shop/451995,zh_target_strict,zh,train,step16g_negative_train_comp_04124,negative,text_clone_primary,1,1,,,,,,0.912554,0.798696,0.846437,0.237344,630712,/shop/451995,different_controller,template_clone_not_controller,1,1,0,1,0,0,feature_has_shared_title_clone|feature_shared_title_count|review_stratum:text_clone
market_item.xlsx|中文暗网交易市场|seller_raw:502245||market_item.xlsx|茶马古道|seller_raw:/shop/7924,zh_target_strict,zh,train,step16g_negative_train_comp_04125,negative,text_clone_primary,1,1,,,,,,0.897751,0.772556,0.855928,0.20074,502245,/shop/7924,different_controller,template_clone_not_controller,1,1,0,1,0,0,feature_has_shared_title_clone|feature_shared_rare_ngram_count|feature_shared_title_count|review_stratum:text_clone
market_item.xlsx|中文暗网交易市场|seller_raw:541874||market_item.xlsx|茶马古道|seller_raw:/shop/408791,zh_target_strict,zh,train,step16g_negative_train_comp_04126,negative,text_clone_primary,1,1,,,,,,0.922201,0.862337,0.757398,0.25548,541874,/shop/408791,different_controller,template_clone_not_controller,1,1,0,1,0,0,feature_has_shared_description_clone|feature_shared_description_count|feature_shared_low_df_sentence_count|review_stratum:text_clone
market_item.xlsx|中文暗网交易市场|seller_raw:591087||market_item.xlsx|茶马古道|seller_raw:/shop/402602,zh_target_strict,zh,train,step16g_negative_train_comp_04127,negative,text_clone_primary,1,1,,,,,,0.912318,0.858951,0.917567,0.30227,591087,/shop/402602,different_controller,template_clone_not_controller,1,1,0,1,0,0,feature_has_shared_title_clone|feature_shared_rare_ngram_count|feature_shared_title_count|review_stratum:text_clone
market_item.xlsx|中文暗网交易市场|seller_raw:484447||market_item.xlsx|茶马古道|seller_raw:/shop/425743,zh_target_strict,zh,train,step16g_negative_train_comp_04128,negative,text_clone_primary,1,1,,,,,,0.935409,0.89933,0.911527,0.299311,484447,/shop/425743,different_controller,template_clone_not_controller,1,1,0,1,0,0,feature_has_shared_title_clone|feature_shared_low_df_sentence_count|feature_shared_rare_ngram_count|feature_shared_title_count|review_stratum:text_clone
market_item.xlsx|中文暗网交易市场|seller_raw:186203||market_item.xlsx|茶马古道|seller_raw:/shop/194,zh_target_strict,zh,train,step16g_negative_train_comp_04129,negative,text_clone_primary,1,1,,,,,,0.926277,0.866186,0.903134,0.296885,186203,/shop/194,different_controller,template_clone_not_controller,1,1,0,1,0,0,feature_has_shared_title_clone|feature_shared_rare_ngram_count|feature_shared_title_count|review_stratum:text_clone
market_item.xlsx|中文暗网交易市场|seller_raw:512567||market_item.xlsx|茶马古道|seller_raw:/shop/397778,zh_target_strict,zh,train,step16g_negative_train_comp_04130,negative,text_clone_primary,1,1,,,,,,0.898864,0.847957,0.877194,0.26007,512567,/shop/397778,different_controller,template_clone_not_controller,1,1,0,1,0,0,feature_has_shared_description_clone|feature_shared_description_count|feature_shared_low_df_sentence_count|review_stratum:text_clone
market_item.xlsx|中文暗网交易市场|seller_raw:514820||market_item.xlsx|茶马古道|seller_raw:/shop/397707,zh_target_strict,zh,train,step16g_negative_train_comp_04131,negative,text_clone_primary,1,1,,,,,,0.921199,0.890723,0.946323,0.258395,514820,/shop/397707,different_controller,template_clone_not_controller,1,1,0,1,0,0,feature_has_shared_title_clone|feature_shared_rare_ngram_count|feature_shared_title_count|review_stratum:text_clone
market_item.xlsx|中文暗网交易市场|seller_raw:314792||market_item.xlsx|茶马古道|seller_raw:/shop/234,zh_target_strict,zh,train,step16g_negative_train_comp_04132,negative,text_clone_primary,1,1,,,,,,0.892747,0.832182,0.922505,0.273352,314792,/shop/234,different_controller,template_clone_not_controller,1,1,0,1,0,0,feature_has_shared_title_clone|feature_shared_rare_ngram_count|feature_shared_title_count|review_stratum:text_clone
market_item.xlsx|茶马古道|seller_raw:/shop/431366||market_item.xlsx|茶马古道|seller_raw:/shop/463196,zh_target_strict,zh,train,step16g_negative_train_comp_04133,negative,text_clone_primary,1,1,,,,,,0.896502,0.831421,0.864112,0.206314,/shop/431366,/shop/463196,different_controller,template_clone_not_controller,1,1,0,1,0,0,feature_has_shared_title_clone|feature_shared_rare_ngram_count|feature_shared_title_count|review_stratum:text_clone
market_item.xlsx|中文暗网交易市场|seller_raw:519199||market_item.xlsx|茶马古道|seller_raw:/shop/8506,zh_target_strict,zh,train,step16g_negative_train_comp_04134,negative,text_clone_primary,1,1,,,,,,0.898603,0.836175,0.911755,0.311657,519199,/shop/8506,different_controller,template_clone_not_controller,1,1,0,1,0,0,feature_has_shared_description_clone|feature_shared_description_count|review_stratum:text_clone
market_item.xlsx|中文暗网交易市场|seller_raw:494256||market_item.xlsx|茶马古道|seller_raw:/shop/433651,zh_target_strict,zh,train,step16g_negative_train_comp_04135,negative,text_clone_primary,1,1,,,,,,0.887882,0.800701,0.898097,0.311306,494256,/shop/433651,different_controller,template_clone_not_controller,1,1,0,1,0,0,feature_has_shared_description_clone|feature_shared_description_count|feature_shared_low_df_sentence_count|review_stratum:text_clone
market_item.xlsx|中文暗网交易市场|seller_raw:542584||market_item.xlsx|茶马古道|seller_raw:/shop/422982,zh_target_strict,zh,train,step16g_negative_train_comp_04136,negative,text_clone_primary,1,1,,,,,,0.924242,0.845485,0.912306,0.309514,542584,/shop/422982,different_controller,template_clone_not_controller,1,1,0,1,0,0,feature_has_shared_description_clone|feature_shared_description_count|feature_shared_low_df_sentence_count|review_stratum:text_clone
market_item.xlsx|中文暗网交易市场|seller_raw:99482||market_item.xlsx|茶马古道|seller_raw:/shop/406714,zh_target_strict,zh,train,step16g_negative_train_comp_04137,negative,text_clone_primary,1,1,,,,,,0.914937,0.840136,0.900297,0.308149,99482,/shop/406714,different_controller,template_clone_not_controller,1,1,0,1,0,0,feature_has_shared_description_clone|feature_shared_description_count|feature_shared_low_df_sentence_count|review_stratum:text_clone
market_item.xlsx|中文暗网交易市场|seller_raw:562028||market_item.xlsx|茶马古道|seller_raw:/shop/402602,zh_target_strict,zh,train,step16g_negative_train_comp_04138,negative,text_clone_primary,1,1,,,,,,0.897272,0.855091,0.852454,0.287886,562028,/shop/402602,different_controller,template_clone_not_controller,1,1,0,1,0,0,feature_has_shared_description_clone|feature_shared_description_count|review_stratum:text_clone
market_item.xlsx|中文暗网交易市场|seller_raw:532353||market_item.xlsx|茶马古道|seller_raw:/shop/404798,zh_target_strict,zh,train,step16g_negative_train_comp_04139,negative,text_clone_primary,1,1,,,,,,0.907953,0.808935,0.868321,0.278001,532353,/shop/404798,different_controller,template_clone_not_controller,1,1,0,1,0,0,feature_has_shared_description_clone|feature_shared_description_count|review_stratum:text_clone
market_item.xlsx|茶马古道|seller_raw:/shop/437493||market_item.xlsx|茶马古道|seller_raw:/shop/455868,zh_target_strict,zh,train,step16g_negative_train_comp_04140,negative,text_clone_primary,1,1,,,,,,0.898947,0.838387,0.891932,0.276251,/shop/437493,/shop/455868,different_controller,template_clone_not_controller,1,1,0,1,0,0,feature_has_shared_description_clone|feature_shared_description_count|feature_shared_low_df_sentence_count|review_stratum:text_clone
market_item.xlsx|中文暗网交易市场|seller_raw:569682||market_item.xlsx|茶马古道|seller_raw:/shop/407896,zh_target_strict,zh,train,step16g_negative_train_comp_04141,negative,text_clone_primary,1,1,,,,,,0.909332,0.851508,0.898449,0.266229,569682,/shop/407896,different_controller,template_clone_not_controller,1,1,0,1,0,0,feature_has_shared_description_clone|feature_shared_description_count|feature_shared_low_df_sentence_count|review_stratum:text_clone
market_item.xlsx|中文暗网交易市场|seller_raw:469144||market_item.xlsx|茶马古道|seller_raw:/shop/417610,zh_target_strict,zh,train,step16g_negative_train_comp_04142,negative,text_clone_primary,1,1,,,,,,0.909707,0.834037,0.834432,0.260904,469144,/shop/417610,different_controller,template_clone_not_controller,1,1,0,1,0,0,feature_has_shared_description_clone|feature_shared_description_count|review_stratum:text_clone
market_item.xlsx|茶马古道|seller_raw:/shop/406204||market_item.xlsx|茶马古道|seller_raw:/shop/444891,zh_target_strict,zh,train,step16g_negative_train_comp_04143,negative,text_clone_primary,1,1,,,,,,0.888154,0.831346,0.889818,0.259441,/shop/406204,/shop/444891,different_controller,template_clone_not_controller,1,1,0,1,0,0,feature_has_shared_description_clone|feature_shared_description_count|review_stratum:text_clone
market_item.xlsx|中文暗网交易市场|seller_raw:86288||market_item.xlsx|茶马古道|seller_raw:/shop/399905,zh_target_strict,zh,train,step16g_negative_train_comp_04144,negative,text_clone_primary,1,1,,,,,,0.89914,0.822743,0.880255,0.240563,86288,/shop/399905,different_controller,template_clone_not_controller,1,1,0,1,0,0,feature_has_shared_description_clone|feature_shared_description_count|feature_shared_low_df_sentence_count|review_stratum:text_clone
market_item.xlsx|茶马古道|seller_raw:/shop/407100||market_item.xlsx|茶马古道|seller_raw:/shop/8264,zh_target_strict,zh,train,step16g_negative_train_comp_04145,negative,text_clone_primary,1,1,,,,,,0.905743,0.837811,0.884891,0.239799,/shop/407100,/shop/8264,different_controller,template_clone_not_controller,1,1,0,1,0,0,feature_has_shared_description_clone|feature_shared_description_count|review_stratum:text_clone
market_item.xlsx|中文暗网交易市场|seller_raw:593428||market_item.xlsx|茶马古道|seller_raw:/shop/433481,zh_target_strict,zh,train,step16g_negative_train_comp_04146,negative,text_clone_primary,1,1,,,,,,0.902194,0.80037,0.932118,0.233928,593428,/shop/433481,different_controller,template_clone_not_controller,1,1,0,1,0,0,feature_has_shared_description_clone|feature_shared_description_count|review_stratum:text_clone
market_item.xlsx|中文暗网交易市场|seller_raw:528850||market_item.xlsx|茶马古道|seller_raw:/shop/395629,zh_target_strict,zh,train,step16g_negative_train_comp_04147,negative,text_clone_primary,1,1,,,,,,0.910471,0.856696,0.915818,0.211793,528850,/shop/395629,different_controller,template_clone_not_controller,1,1,0,1,0,0,feature_has_shared_description_clone|feature_shared_description_count|feature_shared_low_df_sentence_count|review_stratum:text_clone
market_item.xlsx|中文暗网交易市场|seller_raw:583340||market_item.xlsx|茶马古道|seller_raw:/shop/394471,zh_target_strict,zh,train,step16g_negative_train_comp_04148,negative,text_clone_primary,1,1,,,,,,0.923698,0.921166,0.931411,0.205061,583340,/shop/394471,different_controller,template_clone_not_controller,1,1,0,1,0,0,feature_has_shared_description_clone|feature_shared_description_count|feature_shared_low_df_sentence_count|review_stratum:text_clone
market_item.xlsx|中文暗网交易市场|seller_raw:443620||market_item.xlsx|茶马古道|seller_raw:/shop/6356,zh_target_strict,zh,train,step16g_negative_train_comp_04149,negative,text_clone_primary,1,1,,,,,,0.864637,0.790398,0.857601,0.315457,443620,/shop/6356,different_controller,template_clone_not_controller,1,1,0,1,0,0,feature_has_shared_title_clone|feature_shared_title_count|review_stratum:text_clone
market_item.xlsx|中文暗网交易市场|seller_raw:575281||market_item.xlsx|茶马古道|seller_raw:/shop/394471,zh_target_strict,zh,train,step16g_negative_train_comp_04150,negative,text_clone_primary,1,1,,,,,,0.875829,0.829008,0.813505,0.197959,575281,/shop/394471,different_controller,template_clone_not_controller,1,1,0,1,0,0,feature_has_shared_description_clone|feature_shared_description_count|feature_shared_low_df_sentence_count|review_stratum:text_clone
market_item.xlsx|中文暗网交易市场|seller_raw:526457||market_item.xlsx|茶马古道|seller_raw:/shop/397527,zh_target_strict,zh,train,step16g_negative_train_comp_04151,negative,text_clone_primary,1,1,,,,,,0.890706,0.848652,0.892842,0.308735,526457,/shop/397527,different_controller,template_clone_not_controller,1,1,0,1,0,0,feature_has_shared_title_clone|feature_shared_rare_ngram_count|feature_shared_title_count|review_stratum:text_clone
market_item.xlsx|中文暗网交易市场|seller_raw:508275||market_item.xlsx|茶马古道|seller_raw:/shop/439438,zh_target_strict,zh,train,step16g_negative_train_comp_04152,negative,text_clone_primary,1,1,,,,,,0.911487,0.864826,0.870203,0.19054,508275,/shop/439438,different_controller,template_clone_not_controller,1,1,0,1,0,0,feature_has_shared_description_clone|feature_shared_description_count|review_stratum:text_clone
market_item.xlsx|中文暗网交易市场|seller_raw:331749||market_item.xlsx|茶马古道|seller_raw:/shop/4694,zh_target_strict,zh,train,step16g_negative_train_comp_04153,negative,text_clone_primary,1,1,,,,,,0.919567,0.8828,0.902992,0.304157,331749,/shop/4694,different_controller,template_clone_not_controller,1,1,0,1,0,0,feature_has_shared_title_clone|feature_shared_rare_ngram_count|feature_shared_title_count|review_stratum:text_clone
market_item.xlsx|中文暗网交易市场|seller_raw:556969||market_item.xlsx|茶马古道|seller_raw:/shop/422733,zh_target_strict,zh,train,step16g_negative_train_comp_04154,negative,text_clone_primary,1,1,,,,,,0.91125,0.81289,0.870179,0.297964,556969,/shop/422733,different_controller,template_clone_not_controller,1,1,0,1,0,0,feature_has_shared_title_clone|feature_shared_title_count|review_stratum:text_clone
market_item.xlsx|中文暗网交易市场|seller_raw:603220||market_item.xlsx|茶马古道|seller_raw:/shop/396767,zh_target_strict,zh,train,step16g_negative_train_comp_04155,negative,text_clone_primary,1,1,,,,,,0.888051,0.821603,0.899103,0.289131,603220,/shop/396767,different_controller,template_clone_not_controller,1,1,0,1,0,0,feature_has_shared_title_clone|feature_shared_title_count|review_stratum:text_clone
market_item.xlsx|中文暗网交易市场|seller_raw:593428||market_item.xlsx|茶马古道|seller_raw:/shop/402697,zh_target_strict,zh,train,step16g_negative_train_comp_04156,negative,text_clone_primary,1,1,,,,,,0.907969,0.856235,0.933591,0.276727,593428,/shop/402697,different_controller,template_clone_not_controller,1,1,0,1,0,0,feature_has_shared_title_clone|feature_shared_rare_ngram_count|feature_shared_title_count|review_stratum:text_clone
market_item.xlsx|中文暗网交易市场|seller_raw:535961||market_item.xlsx|茶马古道|seller_raw:/shop/397407,zh_target_strict,zh,train,step16g_negative_train_comp_04157,negative,text_clone_primary,1,1,,,,,,0.894069,0.834752,0.91649,0.255899,535961,/shop/397407,different_controller,template_clone_not_controller,1,1,0,1,0,0,feature_has_shared_title_clone|feature_shared_rare_ngram_count|feature_shared_title_count|review_stratum:text_clone
market_item.xlsx|中文暗网交易市场|seller_raw:99721||market_item.xlsx|茶马古道|seller_raw:/shop/418566,zh_target_strict,zh,train,step16g_negative_train_comp_04158,negative,text_clone_primary,1,1,,,,,,0.892956,0.857823,0.914984,0.233316,99721,/shop/418566,different_controller,template_clone_not_controller,1,1,0,1,0,0,feature_has_shared_title_clone|feature_shared_rare_ngram_count|feature_shared_title_count|review_stratum:text_clone
market_item.xlsx|中文暗网交易市场|seller_raw:81135||market_item.xlsx|茶马古道|seller_raw:/shop/5524,zh_target_strict,zh,train,step16g_negative_train_comp_04159,negative,text_clone_primary,1,1,,,,,,0.900157,0.855794,0.878716,0.230499,81135,/shop/5524,different_controller,template_clone_not_controller,1,1,0,1,0,0,feature_has_shared_title_clone|feature_shared_title_count|review_stratum:text_clone
market_item.xlsx|中文暗网交易市场|seller_raw:464241||market_item.xlsx|茶马古道|seller_raw:/shop/6242,zh_target_strict,zh,train,step16g_negative_train_comp_04160,negative,text_clone_primary,1,1,,,,,,0.895508,0.865172,0.912592,0.219567,464241,/shop/6242,different_controller,template_clone_not_controller,1,1,0,1,0,0,feature_has_shared_title_clone|feature_shared_title_count|review_stratum:text_clone
market_item.xlsx|中文暗网交易市场|seller_raw:69214||market_item.xlsx|茶马古道|seller_raw:/shop/5524,zh_target_strict,zh,train,step16g_negative_train_comp_04161,negative,text_clone_primary,1,1,,,,,,0.906101,0.851834,0.872508,0.205786,69214,/shop/5524,different_controller,template_clone_not_controller,1,1,0,1,0,0,feature_has_shared_title_clone|feature_shared_rare_ngram_count|feature_shared_title_count|review_stratum:text_clone
market_item.xlsx|中文暗网交易市场|seller_raw:557403||market_item.xlsx|茶马古道|seller_raw:/shop/8506,zh_target_strict,zh,train,step16g_negative_train_comp_04162,negative,text_clone_primary,1,1,,,,,,0.907062,0.836354,0.903447,0.204644,557403,/shop/8506,different_controller,template_clone_not_controller,1,1,0,1,0,0,feature_has_shared_title_clone|feature_shared_title_count|review_stratum:text_clone
market_item.xlsx|茶马古道|seller_raw:/shop/2901||market_item.xlsx|茶马古道|seller_raw:/shop/841,zh_target_strict,zh,train,step16g_negative_train_comp_04163,negative,semantic_only,1,1,,,,,,0.936434,0.874975,0.879628,0.275,/shop/2901,/shop/841,different_controller,semantic_topic_not_controller,1,1,0,0,1,0,embedding_cosine_bge_m3>=0.8|embedding_cosine_gte_multilingual_base>=0.8|embedding_cosine_labse>=0.8|embedding_cosine_multilingual_e5_large>=0.8
market_item.xlsx|中文暗网交易市场|seller_raw:504679||market_item.xlsx|茶马古道|seller_raw:/shop/422538,zh_target_strict,zh,train,step16g_negative_train_comp_04164,negative,semantic_only,1,1,,,,,,0.885851,0.843051,0.899186,0.319468,504679,/shop/422538,different_controller,semantic_topic_not_controller,1,1,0,0,1,0,embedding_cosine_bge_m3>=0.8|embedding_cosine_gte_multilingual_base>=0.8|embedding_cosine_labse>=0.8|embedding_cosine_multilingual_e5_large>=0.8
market_item.xlsx|中文暗网交易市场|seller_raw:66000||market_item.xlsx|茶马古道|seller_raw:/shop/435231,zh_target_strict,zh,train,step16g_negative_train_comp_04165,negative,semantic_only,1,1,,,,,,0.877695,0.763957,0.877566,0.26398,66000,/shop/435231,different_controller,semantic_topic_not_controller,1,1,0,0,1,0,embedding_cosine_gte_multilingual_base>=0.8|embedding_cosine_labse>=0.8|embedding_cosine_multilingual_e5_large>=0.8
market_item.xlsx|中文暗网交易市场|seller_raw:566277||market_item.xlsx|茶马古道|seller_raw:/shop/408791,zh_target_strict,zh,train,step16g_negative_train_comp_04166,negative,semantic_only,1,1,,,,,,0.927698,0.898909,0.973985,0.281743,566277,/shop/408791,different_controller,semantic_topic_not_controller,1,1,0,0,1,0,embedding_cosine_bge_m3>=0.8|embedding_cosine_gte_multilingual_base>=0.8|embedding_cosine_labse>=0.8|embedding_cosine_multilingual_e5_large>=0.8
market_item.xlsx|中文暗网交易市场|seller_raw:51690||market_item.xlsx|中文暗网交易市场|seller_raw:67272,zh_target_strict,zh,train,step16g_negative_train_comp_04167,negative,semantic_only,1,1,,,,,,0.895402,0.768806,0.819358,0.270288,51690,67272,different_controller,semantic_topic_not_controller,1,1,0,0,1,0,embedding_cosine_gte_multilingual_base>=0.8|embedding_cosine_labse>=0.8|embedding_cosine_multilingual_e5_large>=0.8
market_item.xlsx|中文暗网交易市场|seller_raw:86962||market_item.xlsx|茶马古道|seller_raw:/shop/451633,zh_target_strict,zh,train,step16g_negative_train_comp_04168,negative,semantic_only,1,1,,,,,,0.897421,0.803306,0.858123,0.308573,86962,/shop/451633,different_controller,semantic_topic_not_controller,1,1,0,0,1,0,embedding_cosine_bge_m3>=0.8|embedding_cosine_gte_multilingual_base>=0.8|embedding_cosine_labse>=0.8|embedding_cosine_multilingual_e5_large>=0.8
market_item.xlsx|中文暗网交易市场|seller_raw:69210||market_item.xlsx|茶马古道|seller_raw:/shop/8494,zh_target_strict,zh,train,step16g_negative_train_comp_04169,negative,semantic_only,1,1,,,,,,0.906299,0.873662,0.878379,0.270955,69210,/shop/8494,different_controller,semantic_topic_not_controller,1,1,0,0,1,0,embedding_cosine_bge_m3>=0.8|embedding_cosine_gte_multilingual_base>=0.8|embedding_cosine_labse>=0.8|embedding_cosine_multilingual_e5_large>=0.8
market_item.xlsx|中文暗网交易市场|seller_raw:575090||market_item.xlsx|茶马古道|seller_raw:/shop/8618,zh_target_strict,zh,train,step16g_negative_train_comp_04170,negative,semantic_only,1,1,,,,,,0.916633,0.872464,0.893305,0.300893,575090,/shop/8618,different_controller,semantic_topic_not_controller,1,1,0,0,1,0,embedding_cosine_bge_m3>=0.8|embedding_cosine_gte_multilingual_base>=0.8|embedding_cosine_labse>=0.8|embedding_cosine_multilingual_e5_large>=0.8
market_item.xlsx|中文暗网交易市场|seller_raw:54503||market_item.xlsx|茶马古道|seller_raw:/shop/395223,zh_target_strict,zh,train,step16g_negative_train_comp_04171,negative,semantic_only,1,1,,,,,,0.886761,0.800982,0.841036,0.311686,54503,/shop/395223,different_controller,semantic_topic_not_controller,1,1,0,0,1,0,embedding_cosine_bge_m3>=0.8|embedding_cosine_gte_multilingual_base>=0.8|embedding_cosine_labse>=0.8|embedding_cosine_multilingual_e5_large>=0.8
market_item.xlsx|茶马古道|seller_raw:/shop/455099||market_item.xlsx|茶马古道|seller_raw:/shop/458412,zh_target_strict,zh,train,step16g_negative_train_comp_04172,negative,semantic_only,1,1,,,,,,0.893162,0.832951,0.834139,0.306914,/shop/455099,/shop/458412,different_controller,semantic_topic_not_controller,1,1,0,0,1,0,embedding_cosine_bge_m3>=0.8|embedding_cosine_gte_multilingual_base>=0.8|embedding_cosine_labse>=0.8|embedding_cosine_multilingual_e5_large>=0.8
market_item.xlsx|中文暗网交易市场|seller_raw:554409||market_item.xlsx|茶马古道|seller_raw:/shop/436862,zh_target_strict,zh,train,step16g_negative_train_comp_04173,negative,semantic_only,1,1,,,,,,0.879991,0.764171,0.811992,0.286053,554409,/shop/436862,different_controller,semantic_topic_not_controller,1,1,0,0,1,0,embedding_cosine_gte_multilingual_base>=0.8|embedding_cosine_labse>=0.8|embedding_cosine_multilingual_e5_large>=0.8
market_item.xlsx|中文暗网交易市场|seller_raw:44296||market_item.xlsx|茶马古道|seller_raw:/shop/393568,zh_target_strict,zh,train,step16g_negative_train_comp_04174,negative,semantic_only,1,1,,,,,,0.897944,0.8655,0.845229,0.291124,44296,/shop/393568,different_controller,semantic_topic_not_controller,1,1,0,0,1,0,embedding_cosine_bge_m3>=0.8|embedding_cosine_gte_multilingual_base>=0.8|embedding_cosine_labse>=0.8|embedding_cosine_multilingual_e5_large>=0.8
market_item.xlsx|中文暗网交易市场|seller_raw:24172||market_item.xlsx|茶马古道|seller_raw:/shop/427282,zh_target_strict,zh,train,step16g_negative_train_comp_04175,negative,semantic_only,1,1,,,,,,0.864924,0.687831,0.793537,0.273747,24172,/shop/427282,different_controller,semantic_topic_not_controller,1,1,0,0,1,0,embedding_cosine_gte_multilingual_base>=0.8|embedding_cosine_multilingual_e5_large>=0.8
market_item.xlsx|茶马古道|seller_raw:/shop/410709||market_item.xlsx|茶马古道|seller_raw:/shop/465512,zh_target_strict,zh,train,step16g_negative_train_comp_04176,negative,semantic_only,1,1,,,,,,0.906313,0.793594,0.890252,0.282157,/shop/410709,/shop/465512,different_controller,semantic_topic_not_controller,1,1,0,0,1,0,embedding_cosine_gte_multilingual_base>=0.8|embedding_cosine_labse>=0.8|embedding_cosine_multilingual_e5_large>=0.8
market_item.xlsx|茶马古道|seller_raw:/shop/418858||market_item.xlsx|茶马古道|seller_raw:/shop/430878,zh_target_strict,zh,train,step16g_negative_train_comp_04177,negative,semantic_only,1,1,,,,,,0.902766,0.821441,0.868253,0.211054,/shop/418858,/shop/430878,different_controller,semantic_topic_not_controller,1,1,0,0,1,0,embedding_cosine_bge_m3>=0.8|embedding_cosine_gte_multilingual_base>=0.8|embedding_cosine_labse>=0.8|embedding_cosine_multilingual_e5_large>=0.8
market_item.xlsx|中文暗网交易市场|seller_raw:579292||market_item.xlsx|茶马古道|seller_raw:/shop/437217,zh_target_strict,zh,train,step16g_negative_train_comp_04178,negative,semantic_only,1,1,,,,,,0.941353,0.890162,0.932078,0.306156,579292,/shop/437217,different_controller,semantic_topic_not_controller,1,1,0,0,1,0,embedding_cosine_bge_m3>=0.8|embedding_cosine_gte_multilingual_base>=0.8|embedding_cosine_labse>=0.8|embedding_cosine_multilingual_e5_large>=0.8
market_item.xlsx|中文暗网交易市场|seller_raw:74774||market_item.xlsx|茶马古道|seller_raw:/shop/427282,zh_target_strict,zh,train,step16g_negative_train_comp_04179,negative,semantic_only,1,1,,,,,,0.874428,0.673613,0.720687,0.27209,74774,/shop/427282,different_controller,semantic_topic_not_controller,1,1,0,0,1,0,embedding_cosine_gte_multilingual_base>=0.8|embedding_cosine_multilingual_e5_large>=0.8
market_item.xlsx|茶马古道|seller_raw:/shop/413150||market_item.xlsx|茶马古道|seller_raw:/shop/415493,zh_target_strict,zh,train,step16g_negative_train_comp_04180,negative,semantic_only,1,1,,,,,,0.908253,0.84137,0.892437,0.289181,/shop/413150,/shop/415493,different_controller,semantic_topic_not_controller,1,1,0,0,1,0,embedding_cosine_bge_m3>=0.8|embedding_cosine_gte_multilingual_base>=0.8|embedding_cosine_labse>=0.8|embedding_cosine_multilingual_e5_large>=0.8
market_item.xlsx|中文暗网交易市场|seller_raw:45194||market_item.xlsx|茶马古道|seller_raw:/shop/409483,zh_target_strict,zh,train,step16g_negative_train_comp_04181,negative,semantic_only,1,1,,,,,,0.917435,0.876593,0.927628,0.305903,45194,/shop/409483,different_controller,semantic_topic_not_controller,1,1,0,0,1,0,embedding_cosine_bge_m3>=0.8|embedding_cosine_gte_multilingual_base>=0.8|embedding_cosine_labse>=0.8|embedding_cosine_multilingual_e5_large>=0.8
market_item.xlsx|茶马古道|seller_raw:/shop/429835||market_item.xlsx|茶马古道|seller_raw:/shop/439078,zh_target_strict,zh,train,step16g_negative_train_comp_04182,negative,semantic_only,1,1,,,,,,0.8934,0.780164,0.854441,0.283775,/shop/429835,/shop/439078,different_controller,semantic_topic_not_controller,1,1,0,0,1,0,embedding_cosine_gte_multilingual_base>=0.8|embedding_cosine_labse>=0.8|embedding_cosine_multilingual_e5_large>=0.8
market_item.xlsx|中文暗网交易市场|seller_raw:351115||market_item.xlsx|茶马古道|seller_raw:/shop/393568,zh_target_strict,zh,train,step16g_negative_train_comp_04183,negative,semantic_only,1,1,,,,,,0.89747,0.831061,0.852581,0.242543,351115,/shop/393568,different_controller,semantic_topic_not_controller,1,1,0,0,1,0,embedding_cosine_bge_m3>=0.8|embedding_cosine_gte_multilingual_base>=0.8|embedding_cosine_labse>=0.8|embedding_cosine_multilingual_e5_large>=0.8
market_item.xlsx|中文暗网交易市场|seller_raw:54503||market_item.xlsx|茶马古道|seller_raw:/shop/9760,zh_target_strict,zh,train,step16g_negative_train_comp_04184,negative,semantic_only,1,1,,,,,,0.889091,0.779583,0.808296,0.290159,54503,/shop/9760,different_controller,semantic_topic_not_controller,1,1,0,0,1,0,embedding_cosine_gte_multilingual_base>=0.8|embedding_cosine_labse>=0.8|embedding_cosine_multilingual_e5_large>=0.8
market_item.xlsx|中文暗网交易市场|seller_raw:489594||market_item.xlsx|茶马古道|seller_raw:/shop/397778,zh_target_strict,zh,train,step16g_negative_train_comp_04185,negative,semantic_only,1,1,,,,,,0.905285,0.850593,0.895172,0.26391,489594,/shop/397778,different_controller,semantic_topic_not_controller,1,1,0,0,1,0,embedding_cosine_bge_m3>=0.8|embedding_cosine_gte_multilingual_base>=0.8|embedding_cosine_labse>=0.8|embedding_cosine_multilingual_e5_large>=0.8
market_item.xlsx|茶马古道|seller_raw:/shop/427729||market_item.xlsx|茶马古道|seller_raw:/shop/464292,zh_target_strict,zh,train,step16g_negative_train_comp_04186,negative,semantic_only,1,1,,,,,,0.911865,0.840829,0.851591,0.297046,/shop/427729,/shop/464292,different_controller,semantic_topic_not_controller,1,1,0,0,1,0,embedding_cosine_bge_m3>=0.8|embedding_cosine_gte_multilingual_base>=0.8|embedding_cosine_labse>=0.8|embedding_cosine_multilingual_e5_large>=0.8
market_item.xlsx|中文暗网交易市场|seller_raw:55712||market_item.xlsx|中文暗网交易市场|seller_raw:55966,zh_target_strict,zh,train,step16g_negative_train_comp_04187,negative,semantic_only,1,1,,,,,,0.936514,0.911856,0.912209,0.286894,55712,55966,different_controller,semantic_topic_not_controller,1,1,0,0,1,0,embedding_cosine_bge_m3>=0.8|embedding_cosine_gte_multilingual_base>=0.8|embedding_cosine_labse>=0.8|embedding_cosine_multilingual_e5_large>=0.8
market_item.xlsx|中文暗网交易市场|seller_raw:375032||market_item.xlsx|中文暗网交易市场|seller_raw:481091,zh_target_strict,zh,train,step16g_negative_train_comp_04188,negative,semantic_only,1,1,,,,,,0.889018,0.793826,0.849472,0.271265,375032,481091,different_controller,semantic_topic_not_controller,1,1,0,0,1,0,embedding_cosine_gte_multilingual_base>=0.8|embedding_cosine_labse>=0.8|embedding_cosine_multilingual_e5_large>=0.8
market_item.xlsx|茶马古道|seller_raw:/shop/399003||market_item.xlsx|茶马古道|seller_raw:/shop/458800,zh_target_strict,zh,train,step16g_negative_train_comp_04189,negative,semantic_only,1,1,,,,,,0.919897,0.826242,0.835208,0.302252,/shop/399003,/shop/458800,different_controller,semantic_topic_not_controller,1,1,0,0,1,0,embedding_cosine_bge_m3>=0.8|embedding_cosine_gte_multilingual_base>=0.8|embedding_cosine_labse>=0.8|embedding_cosine_multilingual_e5_large>=0.8
market_item.xlsx|茶马古道|seller_raw:/shop/436862||market_item.xlsx|茶马古道|seller_raw:/shop/449048,zh_target_strict,zh,train,step16g_negative_train_comp_04190,negative,semantic_only,1,1,,,,,,0.915856,0.822875,0.827328,0.304007,/shop/436862,/shop/449048,different_controller,semantic_topic_not_controller,1,1,0,0,1,0,embedding_cosine_bge_m3>=0.8|embedding_cosine_gte_multilingual_base>=0.8|embedding_cosine_labse>=0.8|embedding_cosine_multilingual_e5_large>=0.8
market_item.xlsx|中文暗网交易市场|seller_raw:499031||market_item.xlsx|茶马古道|seller_raw:/shop/393847,zh_target_strict,zh,train,step16g_negative_train_comp_04191,negative,semantic_only,1,1,,,,,,0.923386,0.925454,0.888751,0.298773,499031,/shop/393847,different_controller,semantic_topic_not_controller,1,1,0,0,1,0,embedding_cosine_bge_m3>=0.8|embedding_cosine_gte_multilingual_base>=0.8|embedding_cosine_labse>=0.8|embedding_cosine_multilingual_e5_large>=0.8
market_item.xlsx|中文暗网交易市场|seller_raw:55265||market_item.xlsx|中文暗网交易市场|seller_raw:65358,zh_target_strict,zh,train,step16g_negative_train_comp_04192,negative,semantic_only,1,1,,,,,,0.944135,0.916336,0.90195,0.309645,55265,65358,different_controller,semantic_topic_not_controller,1,1,0,0,1,0,embedding_cosine_bge_m3>=0.8|embedding_cosine_gte_multilingual_base>=0.8|embedding_cosine_labse>=0.8|embedding_cosine_multilingual_e5_large>=0.8
market_item.xlsx|中文暗网交易市场|seller_raw:55135||market_item.xlsx|茶马古道|seller_raw:/shop/424775,zh_target_strict,zh,train,step16g_negative_train_comp_04193,negative,semantic_only,1,1,,,,,,0.852752,0.776184,0.86682,0.308517,55135,/shop/424775,different_controller,semantic_topic_not_controller,1,1,0,0,1,0,embedding_cosine_gte_multilingual_base>=0.8|embedding_cosine_labse>=0.8|embedding_cosine_multilingual_e5_large>=0.8
market_item.xlsx|茶马古道|seller_raw:/shop/2343||market_item.xlsx|茶马古道|seller_raw:/shop/436019,zh_target_strict,zh,train,step16g_negative_train_comp_04194,negative,semantic_only,1,1,,,,,,0.910529,0.830878,0.901754,0.284267,/shop/2343,/shop/436019,different_controller,semantic_topic_not_controller,1,1,0,0,1,0,embedding_cosine_bge_m3>=0.8|embedding_cosine_gte_multilingual_base>=0.8|embedding_cosine_labse>=0.8|embedding_cosine_multilingual_e5_large>=0.8
market_item.xlsx|茶马古道|seller_raw:/shop/412426||market_item.xlsx|茶马古道|seller_raw:/shop/466722,zh_target_strict,zh,train,step16g_negative_train_comp_04195,negative,semantic_only,1,1,,,,,,0.893677,0.798746,0.8501,0.306991,/shop/412426,/shop/466722,different_controller,semantic_topic_not_controller,1,1,0,0,1,0,embedding_cosine_gte_multilingual_base>=0.8|embedding_cosine_labse>=0.8|embedding_cosine_multilingual_e5_large>=0.8
market_item.xlsx|中文暗网交易市场|seller_raw:595231||market_item.xlsx|茶马古道|seller_raw:/shop/8494,zh_target_strict,zh,train,step16g_negative_train_comp_04196,negative,semantic_only,1,1,,,,,,0.892368,0.860778,0.856301,0.289212,595231,/shop/8494,different_controller,semantic_topic_not_controller,1,1,0,0,1,0,embedding_cosine_bge_m3>=0.8|embedding_cosine_gte_multilingual_base>=0.8|embedding_cosine_labse>=0.8|embedding_cosine_multilingual_e5_large>=0.8
market_item.xlsx|中文暗网交易市场|seller_raw:24172||market_item.xlsx|茶马古道|seller_raw:/shop/432473,zh_target_strict,zh,train,step16g_negative_train_comp_04197,negative,semantic_only,1,1,,,,,,0.863746,0.694903,0.809318,0.280661,24172,/shop/432473,different_controller,semantic_topic_not_controller,1,1,0,0,1,0,embedding_cosine_gte_multilingual_base>=0.8|embedding_cosine_labse>=0.8|embedding_cosine_multilingual_e5_large>=0.8
market_item.xlsx|中文暗网交易市场|seller_raw:582222||market_item.xlsx|茶马古道|seller_raw:/shop/437217,zh_target_strict,zh,train,step16g_negative_train_comp_04198,negative,semantic_only,1,1,,,,,,0.940922,0.889356,0.914982,0.312025,582222,/shop/437217,different_controller,semantic_topic_not_controller,1,1,0,0,1,0,embedding_cosine_bge_m3>=0.8|embedding_cosine_gte_multilingual_base>=0.8|embedding_cosine_labse>=0.8|embedding_cosine_multilingual_e5_large>=0.8
market_item.xlsx|中文暗网交易市场|seller_raw:463658||market_item.xlsx|茶马古道|seller_raw:/shop/451053,zh_target_strict,zh,train,step16g_negative_train_comp_04199,negative,semantic_only,1,1,,,,,,0.871379,0.818489,0.845038,0.318028,463658,/shop/451053,different_controller,semantic_topic_not_controller,1,1,0,0,1,0,embedding_cosine_bge_m3>=0.8|embedding_cosine_gte_multilingual_base>=0.8|embedding_cosine_labse>=0.8|embedding_cosine_multilingual_e5_large>=0.8
market_item.xlsx|中文暗网交易市场|seller_raw:591680||market_item.xlsx|茶马古道|seller_raw:/shop/432473,zh_target_strict,zh,train,step16g_negative_train_comp_04200,negative,semantic_only,1,1,,,,,,0.864922,0.706959,0.821331,0.277495,591680,/shop/432473,different_controller,semantic_topic_not_controller,1,1,0,0,1,0,embedding_cosine_gte_multilingual_base>=0.8|embedding_cosine_labse>=0.8|embedding_cosine_multilingual_e5_large>=0.8
market_item.xlsx|中文暗网交易市场|seller_raw:63685||market_item.xlsx|茶马古道|seller_raw:/shop/455682,zh_target_strict,zh,train,step16g_negative_train_comp_04201,negative,semantic_only,1,1,,,,,,0.866649,0.837555,0.877581,0.293633,63685,/shop/455682,different_controller,semantic_topic_not_controller,1,1,0,0,1,0,embedding_cosine_bge_m3>=0.8|embedding_cosine_gte_multilingual_base>=0.8|embedding_cosine_labse>=0.8|embedding_cosine_multilingual_e5_large>=0.8
market_item.xlsx|中文暗网交易市场|seller_raw:442988||market_item.xlsx|茶马古道|seller_raw:/shop/393295,zh_target_strict,zh,train,step16g_negative_train_comp_04202,negative,semantic_only,1,1,,,,,,0.937759,0.916469,0.905313,0.308824,442988,/shop/393295,different_controller,semantic_topic_not_controller,1,1,0,0,1,0,embedding_cosine_bge_m3>=0.8|embedding_cosine_gte_multilingual_base>=0.8|embedding_cosine_labse>=0.8|embedding_cosine_multilingual_e5_large>=0.8
market_item.xlsx|中文暗网交易市场|seller_raw:39793||market_item.xlsx|茶马古道|seller_raw:/shop/406032,zh_target_strict,zh,train,step16g_negative_train_comp_04203,negative,semantic_only,1,1,,,,,,0.887797,0.835744,0.842779,0.234589,39793,/shop/406032,different_controller,semantic_topic_not_controller,1,1,0,0,1,0,embedding_cosine_bge_m3>=0.8|embedding_cosine_gte_multilingual_base>=0.8|embedding_cosine_labse>=0.8|embedding_cosine_multilingual_e5_large>=0.8
market_item.xlsx|茶马古道|seller_raw:/shop/464292||market_item.xlsx|茶马古道|seller_raw:/shop/474,zh_target_strict,zh,train,step16g_negative_train_comp_04204,negative,semantic_only,1,1,,,,,,0.897,0.795069,0.878446,0.310559,/shop/464292,/shop/474,different_controller,semantic_topic_not_controller,1,1,0,0,1,0,embedding_cosine_gte_multilingual_base>=0.8|embedding_cosine_labse>=0.8|embedding_cosine_multilingual_e5_large>=0.8
market_item.xlsx|中文暗网交易市场|seller_raw:477393||market_item.xlsx|茶马古道|seller_raw:/shop/395183,zh_target_strict,zh,train,step16g_negative_train_comp_04205,negative,semantic_only,1,1,,,,,,0.885568,0.845035,0.865594,0.316899,477393,/shop/395183,different_controller,semantic_topic_not_controller,1,1,0,0,1,0,embedding_cosine_bge_m3>=0.8|embedding_cosine_gte_multilingual_base>=0.8|embedding_cosine_labse>=0.8|embedding_cosine_multilingual_e5_large>=0.8
market_item.xlsx|中文暗网交易市场|seller_raw:528494||market_item.xlsx|茶马古道|seller_raw:/shop/399158,zh_target_strict,zh,train,step16g_negative_train_comp_04206,negative,semantic_only,1,1,,,,,,0.884159,0.745274,0.774113,0.247365,528494,/shop/399158,different_controller,semantic_topic_not_controller,1,1,0,0,1,0,embedding_cosine_gte_multilingual_base>=0.8|embedding_cosine_multilingual_e5_large>=0.8
market_item.xlsx|中文暗网交易市场|seller_raw:591680||market_item.xlsx|茶马古道|seller_raw:/shop/461222,zh_target_strict,zh,train,step16g_negative_train_comp_04207,negative,semantic_only,1,1,,,,,,0.879238,0.71093,0.800316,0.234295,591680,/shop/461222,different_controller,semantic_topic_not_controller,1,1,0,0,1,0,embedding_cosine_gte_multilingual_base>=0.8|embedding_cosine_labse>=0.8|embedding_cosine_multilingual_e5_large>=0.8
market_item.xlsx|中文暗网交易市场|seller_raw:586249||market_item.xlsx|茶马古道|seller_raw:/shop/9039,zh_target_strict,zh,train,step16g_negative_train_comp_04208,negative,semantic_only,1,1,,,,,,0.898238,0.852855,0.855393,0.291821,586249,/shop/9039,different_controller,semantic_topic_not_controller,1,1,0,0,1,0,embedding_cosine_bge_m3>=0.8|embedding_cosine_gte_multilingual_base>=0.8|embedding_cosine_labse>=0.8|embedding_cosine_multilingual_e5_large>=0.8
market_item.xlsx|中文暗网交易市场|seller_raw:492558||market_item.xlsx|茶马古道|seller_raw:/shop/406794,zh_target_strict,zh,train,step16g_negative_train_comp_04209,negative,semantic_only,1,1,,,,,,0.893464,0.775929,0.799815,0.227856,492558,/shop/406794,different_controller,semantic_topic_not_controller,1,1,0,0,1,0,embedding_cosine_gte_multilingual_base>=0.8|embedding_cosine_multilingual_e5_large>=0.8
market_item.xlsx|茶马古道|seller_raw:/shop/413261||market_item.xlsx|茶马古道|seller_raw:/shop/436715,zh_target_strict,zh,train,step16g_negative_train_comp_04210,negative,semantic_only,1,1,,,,,,0.910509,0.860418,0.853367,0.262923,/shop/413261,/shop/436715,different_controller,semantic_topic_not_controller,1,1,0,0,1,0,embedding_cosine_bge_m3>=0.8|embedding_cosine_gte_multilingual_base>=0.8|embedding_cosine_labse>=0.8|embedding_cosine_multilingual_e5_large>=0.8
market_item.xlsx|中文暗网交易市场|seller_raw:394858||market_item.xlsx|茶马古道|seller_raw:/shop/445990,zh_target_strict,zh,train,step16g_negative_train_comp_04211,negative,semantic_only,1,1,,,,,,0.893717,0.818359,0.872136,0.297499,394858,/shop/445990,different_controller,semantic_topic_not_controller,1,1,0,0,1,0,embedding_cosine_bge_m3>=0.8|embedding_cosine_gte_multilingual_base>=0.8|embedding_cosine_labse>=0.8|embedding_cosine_multilingual_e5_large>=0.8
market_item.xlsx|中文暗网交易市场|seller_raw:370168||market_item.xlsx|茶马古道|seller_raw:/shop/393295,zh_target_strict,zh,train,step16g_negative_train_comp_04212,negative,semantic_only,1,1,,,,,,0.937764,0.894023,0.861165,0.287857,370168,/shop/393295,different_controller,semantic_topic_not_controller,1,1,0,0,1,0,embedding_cosine_bge_m3>=0.8|embedding_cosine_gte_multilingual_base>=0.8|embedding_cosine_labse>=0.8|embedding_cosine_multilingual_e5_large>=0.8
market_item.xlsx|中文暗网交易市场|seller_raw:581623||market_item.xlsx|茶马古道|seller_raw:/shop/464140,zh_target_strict,zh,train,step16g_negative_train_comp_04213,negative,semantic_only,1,1,,,,,,0.918257,0.818795,0.865309,0.275466,581623,/shop/464140,different_controller,semantic_topic_not_controller,1,1,0,0,1,0,embedding_cosine_bge_m3>=0.8|embedding_cosine_gte_multilingual_base>=0.8|embedding_cosine_labse>=0.8|embedding_cosine_multilingual_e5_large>=0.8
market_item.xlsx|中文暗网交易市场|seller_raw:434444||market_item.xlsx|茶马古道|seller_raw:/shop/427766,zh_target_strict,zh,train,step16g_negative_train_comp_04214,negative,semantic_only,1,1,,,,,,0.867118,0.792514,0.816833,0.270932,434444,/shop/427766,different_controller,semantic_topic_not_controller,1,1,0,0,1,0,embedding_cosine_gte_multilingual_base>=0.8|embedding_cosine_labse>=0.8|embedding_cosine_multilingual_e5_large>=0.8
market_item.xlsx|中文暗网交易市场|seller_raw:68894||market_item.xlsx|茶马古道|seller_raw:/shop/431552,zh_target_strict,zh,train,step16g_negative_train_comp_04215,negative,semantic_only,1,1,,,,,,0.864867,0.813608,0.887589,0.269995,68894,/shop/431552,different_controller,semantic_topic_not_controller,1,1,0,0,1,0,embedding_cosine_bge_m3>=0.8|embedding_cosine_gte_multilingual_base>=0.8|embedding_cosine_labse>=0.8|embedding_cosine_multilingual_e5_large>=0.8
market_item.xlsx|中文暗网交易市场|seller_raw:83617||market_item.xlsx|茶马古道|seller_raw:/shop/426537,zh_target_strict,zh,train,step16g_negative_train_comp_04216,negative,semantic_only,1,1,,,,,,0.878316,0.749285,0.742543,0.263782,83617,/shop/426537,different_controller,semantic_topic_not_controller,1,1,0,0,1,0,embedding_cosine_gte_multilingual_base>=0.8|embedding_cosine_multilingual_e5_large>=0.8
market_item.xlsx|中文暗网交易市场|seller_raw:32782||market_item.xlsx|茶马古道|seller_raw:/shop/397874,zh_target_strict,zh,train,step16g_negative_train_comp_04217,negative,semantic_only,1,1,,,,,,0.903868,0.842523,0.870904,0.243252,32782,/shop/397874,different_controller,semantic_topic_not_controller,1,1,0,0,1,0,embedding_cosine_bge_m3>=0.8|embedding_cosine_gte_multilingual_base>=0.8|embedding_cosine_labse>=0.8|embedding_cosine_multilingual_e5_large>=0.8
market_item.xlsx|中文暗网交易市场|seller_raw:29159||market_item.xlsx|茶马古道|seller_raw:/shop/436715,zh_target_strict,zh,train,step16g_negative_train_comp_04218,negative,semantic_only,1,1,,,,,,0.912677,0.884935,0.887727,0.230241,29159,/shop/436715,different_controller,semantic_topic_not_controller,1,1,0,0,1,0,embedding_cosine_bge_m3>=0.8|embedding_cosine_gte_multilingual_base>=0.8|embedding_cosine_labse>=0.8|embedding_cosine_multilingual_e5_large>=0.8
market_item.xlsx|中文暗网交易市场|seller_raw:603362||market_item.xlsx|茶马古道|seller_raw:/shop/445928,zh_target_strict,zh,train,step16g_negative_train_comp_04219,negative,semantic_only,1,1,,,,,,0.897941,0.684611,0.856707,0.264265,603362,/shop/445928,different_controller,semantic_topic_not_controller,1,1,0,0,1,0,embedding_cosine_gte_multilingual_base>=0.8|embedding_cosine_labse>=0.8|embedding_cosine_multilingual_e5_large>=0.8
market_item.xlsx|中文暗网交易市场|seller_raw:391418||market_item.xlsx|茶马古道|seller_raw:/shop/403921,zh_target_strict,zh,train,step16g_negative_train_comp_04220,negative,semantic_only,1,1,,,,,,0.888083,0.744769,0.85755,0.230924,391418,/shop/403921,different_controller,semantic_topic_not_controller,1,1,0,0,1,0,embedding_cosine_gte_multilingual_base>=0.8|embedding_cosine_labse>=0.8|embedding_cosine_multilingual_e5_large>=0.8
market_item.xlsx|中文暗网交易市场|seller_raw:74774||market_item.xlsx|茶马古道|seller_raw:/shop/461222,zh_target_strict,zh,train,step16g_negative_train_comp_04221,negative,semantic_only,1,1,,,,,,0.868728,0.684505,0.693291,0.234307,74774,/shop/461222,different_controller,semantic_topic_not_controller,1,1,0,0,1,0,embedding_cosine_gte_multilingual_base>=0.8|embedding_cosine_multilingual_e5_large>=0.8
market_item.xlsx|中文暗网交易市场|seller_raw:546566||market_item.xlsx|茶马古道|seller_raw:/shop/8057,zh_target_strict,zh,train,step16g_negative_train_comp_04222,negative,semantic_only,1,1,,,,,,0.928589,0.91219,0.936785,0.246479,546566,/shop/8057,different_controller,semantic_topic_not_controller,1,1,0,0,1,0,embedding_cosine_bge_m3>=0.8|embedding_cosine_gte_multilingual_base>=0.8|embedding_cosine_labse>=0.8|embedding_cosine_multilingual_e5_large>=0.8
market_item.xlsx|中文暗网交易市场|seller_raw:205354||market_item.xlsx|茶马古道|seller_raw:/shop/6242,zh_target_strict,zh,train,step16g_negative_train_comp_04223,negative,semantic_only,1,1,,,,,,0.912172,0.884536,0.918994,0.243021,205354,/shop/6242,different_controller,semantic_topic_not_controller,1,1,0,0,1,0,embedding_cosine_bge_m3>=0.8|embedding_cosine_gte_multilingual_base>=0.8|embedding_cosine_labse>=0.8|embedding_cosine_multilingual_e5_large>=0.8
market_item.xlsx|中文暗网交易市场|seller_raw:57048||market_item.xlsx|茶马古道|seller_raw:/shop/426166,zh_target_strict,zh,train,step16g_negative_train_comp_04224,negative,semantic_only,1,1,,,,,,0.866304,0.725248,0.696154,0.170218,57048,/shop/426166,different_controller,semantic_topic_not_controller,1,1,0,0,1,0,embedding_cosine_gte_multilingual_base>=0.8|embedding_cosine_multilingual_e5_large>=0.8
market_item.xlsx|中文暗网交易市场|seller_raw:44940||market_item.xlsx|茶马古道|seller_raw:/shop/666,zh_target_strict,zh,train,step16g_negative_train_comp_04225,negative,semantic_only,1,1,,,,,,0.881152,0.810048,0.818588,0.220544,44940,/shop/666,different_controller,semantic_topic_not_controller,1,1,0,0,1,0,embedding_cosine_bge_m3>=0.8|embedding_cosine_gte_multilingual_base>=0.8|embedding_cosine_labse>=0.8|embedding_cosine_multilingual_e5_large>=0.8
market_item.xlsx|中文暗网交易市场|seller_raw:79018||market_item.xlsx|茶马古道|seller_raw:/shop/463845,zh_target_strict,zh,train,step16g_negative_train_comp_04226,negative,semantic_only,1,1,,,,,,0.842907,0.816897,0.85118,0.209904,79018,/shop/463845,different_controller,semantic_topic_not_controller,1,1,0,0,1,0,embedding_cosine_bge_m3>=0.8|embedding_cosine_gte_multilingual_base>=0.8|embedding_cosine_labse>=0.8|embedding_cosine_multilingual_e5_large>=0.8
market_item.xlsx|中文暗网交易市场|seller_raw:32559||market_item.xlsx|茶马古道|seller_raw:/shop/429138,zh_target_strict,zh,train,step16g_negative_train_comp_04227,negative,semantic_only,1,1,,,,,,0.881795,0.808132,0.814694,0.183415,32559,/shop/429138,different_controller,semantic_topic_not_controller,1,1,0,0,1,0,embedding_cosine_bge_m3>=0.8|embedding_cosine_gte_multilingual_base>=0.8|embedding_cosine_labse>=0.8|embedding_cosine_multilingual_e5_large>=0.8
market_item.xlsx|中文暗网交易市场|seller_raw:65453||market_item.xlsx|茶马古道|seller_raw:/shop/464262,zh_target_strict,zh,train,step16g_negative_train_comp_04228,negative,semantic_only,1,1,,,,,,0.852572,0.747774,0.827799,0.125002,65453,/shop/464262,different_controller,semantic_topic_not_controller,1,1,0,0,1,0,embedding_cosine_gte_multilingual_base>=0.8|embedding_cosine_labse>=0.8|embedding_cosine_multilingual_e5_large>=0.8
