tree
version=v4
num_class=1
num_tree_per_iteration=1
label_index=0
max_feature_idx=25
objective=binary sigmoid:1
feature_names=same_market_raw_bool same_source_dataset_bool profile_category_jaccard shared_title_count_capped shared_description_count_capped shared_category_count_capped shared_title_idf_sum shared_description_idf_sum shared_title_idf_mean shared_description_idf_mean boilerplate_ratio_max boilerplate_ratio_gap_abs shared_boilerplate_count shared_low_df_sentence_count shared_rare_ngram_count item_count_percentile_gap_abs price_median_percentile_gap_abs title_length_median_percentile_gap_abs description_length_median_percentile_gap_abs digit_ratio_mean_percentile_gap_abs punct_ratio_mean_percentile_gap_abs repeated_title_share_percentile_gap_abs repeated_description_share_percentile_gap_abs max_category_share_percentile_gap_abs embedding_cosine_bge_m3 reranker_score_bge_reranker_v2_m3
feature_infos=[0:1] [0:1] [0:1] [0:5] [0:5] [0:5] [0:70.616864000000007] [0:79.443972000000002] [0:8.8271080000000008] [0:8.8271080000000008] [0:0.20000000000000001] [0:0.20000000000000001] [0:1] [0:9] [0:8] [0:0.70916299999999999] [0:0.96791400000000005] [0:0.92293000000000003] [0:0.86055700000000002] [0:0.89987799999999996] [0:0.92379500000000003] [0:0.78087600000000001] [0:0.625498] [0:0.99467300000000003] [0.71749799999999997:0.99176600000000004] [0.0015900000000000001:0.92668499999999998]
tree_sizes=677 680 681 669 578 765 673 682 882 884 783 683 779 767 643 765 746 777 786 876 654 771 762 892 790 687 828 576 786 755 843 745 757 734 576 763 643 681 765 756 728 658 658 767 749 680 658 670 740 767 658 659 650 789 744 755 756 639 820 893 759 879 753 884 746 746 752 760 875 755 849 727 839 855 743 851 663 855 869 759 836 887 659 851 848 719 855 743 676 641 867 730 849 863 738 843 844 861 867 660 761 852 843 743 662 662 672 869 737 649 858 869 768 679 680 733 842 846 649 759 780 878 737 648 853 862 845 860 870 684 839 731 656 653 725 871 743 856 662 755 662 766

Tree=0
num_leaves=5
num_cat=0
split_feature=3 22 24 24
split_gain=57.7154 38.3142 9.58361 5.05975
threshold=1.0000000180025095e-35 0.040069000000000007 0.85387250000000015 0.96387750000000005
decision_type=10 8 2 2
left_child=1 3 -3 -1
right_child=-2 2 -4 -5
leaf_value=-0.040688382527358596 0.044448999627832303 -0.01945477652486817 0.011295726660853597 4.2497495285768391e-08
leaf_weight=28.607189804315571 16.324860632419586 8.5433112233877164 36.137209378182888 1.8665272891521443
leaf_count=143 46 80 276 7
internal_value=-0.00167333 -0.0133974 0.00393264 -0.0377782
internal_weight=91.4791 75.1542 44.6805 30.4737
internal_count=552 506 356 150
is_linear=0
shrinkage=1


Tree=1
num_leaves=5
num_cat=0
split_feature=3 18 2 16
split_gain=65.497 27.7784 10.2041 4.98272
threshold=1.0000000180025095e-35 0.29475650000000003 0.25833350000000005 0.18622950000000002
decision_type=10 8 8 10
left_child=1 3 -3 -1
right_child=-2 2 -4 -5
leaf_value=-0.039271177826443092 0.044925622371801296 0.027257179814136088 -0.0050138241439995294 -0.0086195932685091143
leaf_weight=25.211825430393219 18.540060937404633 8.9223826676607114 28.480110555887222 11.612192973494528
leaf_count=126 52 28 300 50
internal_value=-0.00103405 -0.0142014 0.00339422 -0.0317362
internal_weight=92.7666 74.2265 37.4025 36.824
internal_count=556 504 328 176
is_linear=0
shrinkage=0.03


Tree=2
num_leaves=5
num_cat=0
split_feature=4 25 18 2
split_gain=60.3106 40.0956 17.1926 7.23352
threshold=1.0000000180025095e-35 0.46761350000000007 0.29475650000000003 0.32575750000000009
decision_type=10 2 8 10
left_child=1 2 -1 -3
right_child=-2 3 -4 -5
leaf_value=-0.040678460707182264 0.043817210369730054 0.029787740300224384 -0.0047228373731843338 -0.0034938492596586833
leaf_weight=28.585695296525955 19.446200832724571 15.354814879596235 24.072869956493378 5.6129319369792929
leaf_count=144 55 95 233 24
internal_value=0.000285907 -0.0120854 -0.0259209 0.0203046
internal_weight=93.0725 73.6263 52.6586 20.9677
internal_count=551 496 377 119
is_linear=0
shrinkage=0.03


Tree=3
num_leaves=5
num_cat=0
split_feature=4 21 25 23
split_gain=53.8134 45.7105 23.5911 1.89122
threshold=1.0000000180025095e-35 0.0011505000000000003 0.46761350000000007 0.57592050000000017
decision_type=10 8 2 10
left_child=1 -1 -3 -2
right_child=3 2 -4 -5
leaf_value=-0.042418652771937029 0.045873953915702245 -0.0093673234108943276 0.031598861416249666 0.0038223120303766786
leaf_weight=25.365502253174782 15.511430889368059 32.528582349419594 16.329534485936165 3.34349101781845
leaf_count=130 42 279 96 12
internal_value=0 -0.0119813 0.00478196 0.041338
internal_weight=93.0785 74.2236 48.8581 18.8549
internal_count=559 505 375 54
is_linear=0
shrinkage=0.03


Tree=4
num_leaves=4
num_cat=0
split_feature=3 23 24
split_gain=56.3896 26.6216 9.83519
threshold=1.0000000180025095e-35 0.0097775000000000015 0.85387250000000015
decision_type=10 8 2
left_child=1 -1 -3
right_child=-2 2 -4
leaf_value=-0.040526779504982964 0.040746380341643997 -0.024823746163404273 0.0041220442624427343
leaf_weight=23.616768345236778 16.577342569828033 10.746213681995867 39.645711034536362
leaf_count=121 47 95 298
internal_value=-0.00444971 -0.0161558 -0.00253681
internal_weight=90.586 74.0087 50.3919
internal_count=561 514 393
is_linear=0
shrinkage=0.03


Tree=5
num_leaves=6
num_cat=0
split_feature=4 23 25 25 16
split_gain=48.6145 32.328 13.2093 5.06886 1.3683
threshold=1.0000000180025095e-35 0.0074560000000000008 0.46761350000000007 0.50275700000000012 0.27739300000000006
decision_type=10 8 2 2 10
left_child=1 3 -3 -1 -2
right_child=4 2 -4 -5 -6
leaf_value=-0.043599789676682016 0.042515164120383704 -0.0096598434123158824 0.020953731790130346 0 0.0019836868581429544
leaf_weight=21.503521606326107 14.859964624047281 32.385344654321671 16.624524816870689 2.2318334281444541 2.7761853635311118
leaf_count=113 41 279 100 9 10
internal_value=-0.0017104 -0.0130767 0.000757359 -0.0396437 0.0388046
internal_weight=90.3814 72.7452 49.0099 23.7354 17.6361
internal_count=552 501 379 122 51
is_linear=0
shrinkage=0.03


Tree=6
num_leaves=5
num_cat=0
split_feature=4 25 21 21
split_gain=55.4819 40.9537 16.8083 7.54021
threshold=1.0000000180025095e-35 0.46761350000000007 0.11378600000000001 0.0011505000000000003
decision_type=10 2 8 8
left_child=1 2 -1 -3
right_child=-2 3 -4 -5
leaf_value=-0.040483006177629531 0.041425876064364361 -0.0061656943774334606 -0.0055382319618446979 0.029222886314086375
leaf_weight=28.909158736467361 19.397640347480774 4.4816340953111675 25.727340161800385 16.682472638785839
leaf_count=149 55 20 243 99
internal_value=0 -0.0120789 -0.0256934 0.0206525
internal_weight=95.1982 75.8006 54.6365 21.1641
internal_count=566 511 392 119
is_linear=0
shrinkage=0.03


Tree=7
num_leaves=5
num_cat=0
split_feature=4 23 21 16
split_gain=37.4238 34.406 11.3442 0.440173
threshold=1.0000000180025095e-35 0.0074560000000000008 0.090908500000000017 0.22921200000000003
decision_type=10 8 10 10
left_child=1 -1 -3 -2
right_child=3 2 -4 -5
leaf_value=-0.039103566159680393 0.040657408396735678 -0.0049521317631224084 0.024745019927458343 0.0043896925962374567
leaf_weight=22.621432811021805 12.364530235528944 37.965516895055771 12.790519282221792 3.1292287260293952
leaf_count=118 34 325 42 11
internal_value=-0.00111495 -0.0106578 0.00293679 0.036855
internal_weight=88.8712 73.3775 50.756 15.4938
internal_count=530 485 367 45
is_linear=0
shrinkage=0.03


Tree=8
num_leaves=7
num_cat=0
split_feature=25 21 7 23 21 24
split_gain=33.3503 22.3665 17.0673 4.8078 4.39522 1.67333
threshold=0.46761350000000007 0.046415500000000005 8.4887085000000031 0.0014810000000000001 0.0011505000000000003 0.94181950000000014
decision_type=2 10 8 10 8 2
left_child=1 2 -1 -3 5 -2
right_child=4 3 -4 -5 -6 -7
leaf_value=-0.038650933937970304 -0.0093614631584360581 -0.0089631133628796239 -0.0009957611698894833 0.021375776888230356 0.031421533572526819 0.012586344103765964
leaf_weight=24.787282094359398 3.1695541739463833 2.9530920535326031 20.799078449606895 14.208318337798117 21.219851806759834 3.0935272127389908
leaf_count=129 15 14 221 48 113 10
internal_value=-3.49199e-05 -0.0123688 -0.0232103 0.0141103 0.0255869 0
internal_weight=90.2307 62.7478 45.5864 17.1614 27.4829 6.26308
internal_count=550 412 350 62 138 25
is_linear=0
shrinkage=0.03


Tree=9
num_leaves=7
num_cat=0
split_feature=25 21 21 16 8 24
split_gain=33.0559 13.6641 9.94797 5.65171 5.38359 4.07012
threshold=0.32201900000000006 1.0000000180025095e-35 1.0000000180025095e-35 0.43249750000000003 8.431887500000002 0.94181950000000014
decision_type=2 10 8 10 10 2
left_child=1 4 5 -3 -1 -2
right_child=2 3 -4 -5 -6 -7
leaf_value=-0.028019986119658138 -0.017210989416641616 0.012079468023738483 0.029412912166775641 -0.021253035360624055 0.0075276991506622298 0.014190782231495044
leaf_weight=32.718363106250763 5.754350468516348 17.137397870421413 28.252208858728409 2.6144009679555884 1.62606881558895 2.8963406682014465
leaf_count=279 28 63 157 14 5 9
internal_value=0.000107902 -0.014223 0.0213574 0.00412829 -0.0250641 -0.00317555
internal_weight=90.9991 54.0962 36.9029 19.7518 34.3444 8.65069
internal_count=555 361 194 77 284 37
is_linear=0
shrinkage=0.03


Tree=10
num_leaves=6
num_cat=0
split_feature=4 25 5 2 15
split_gain=39.6321 30.1793 6.89187 5.71126 0.91748
threshold=1.0000000180025095e-35 0.46761350000000007 1.5000000000000002 0.32575750000000009 0.21584700000000004
decision_type=10 2 8 10 10
left_child=1 2 -1 -3 -2
right_child=4 3 -4 -5 -6
leaf_value=-0.030507457216704188 0.04092438224063738 0.026600005312478667 -0.0057153757887738041 -0.0012865939920128988 0.0034079145988581117
leaf_weight=30.716363400220871 14.737426996231081 15.408793136477472 21.664657734334469 6.8750296533107749 3.0980012714862815
leaf_count=154 41 96 226 29 11
internal_value=0.000252096 -0.00930407 -0.0216603 0.0176781 0.0372766
internal_weight=92.5003 74.6648 52.381 22.2838 17.8354
internal_count=557 505 380 125 52
is_linear=0
shrinkage=0.03


Tree=11
num_leaves=5
num_cat=0
split_feature=3 21 25 24
split_gain=38.372 26.7592 11.4472 4.25966
threshold=1.0000000180025095e-35 0.0011505000000000003 0.46761350000000007 0.96374850000000012
decision_type=10 8 2 2
left_child=1 3 -3 -1
right_child=-2 2 -4 -5
leaf_value=-0.033845291307776124 0.037609669414926848 -0.004733914270833175 0.023179849534997514 2.3661682356559808e-05
leaf_weight=24.499389335513118 18.212415456771851 34.375606268644333 16.796240597963333 1.8171663582324971
leaf_count=127 53 279 100 7
internal_value=0.00151085 -0.00768645 0.00465077 -0.0307202
internal_weight=95.7008 77.4884 51.1718 26.3166
internal_count=566 513 379 134
is_linear=0
shrinkage=0.03


Tree=12
num_leaves=6
num_cat=0
split_feature=4 25 21 21 20
split_gain=35.0575 28.385 12.3009 6.733 1.9386
threshold=1.0000000180025095e-35 0.46761350000000007 0.046415500000000005 0.0011505000000000003 0.21677400000000005
decision_type=10 2 8 8 10
left_child=1 2 -1 -3 -2
right_child=4 3 -4 -5 -6
leaf_value=-0.035358791368225874 0.038907850740984164 -0.0050431444594327664 -0.004633737467667879 0.026757393902531464 0.0010343403307400863
leaf_weight=23.240878850221634 15.761151671409609 5.3793410062789944 27.862440072000027 16.593125849962234 3.2706398367881766
leaf_count=123 45 24 254 97 12
internal_value=0.0012364 -0.00813467 -0.0203473 0.0181 0.034788
internal_weight=92.1076 73.0758 51.1033 21.9725 19.0318
internal_count=555 498 377 121 57
is_linear=0
shrinkage=0.03


Tree=13
num_leaves=6
num_cat=0
split_feature=3 23 23 24 15
split_gain=32.9143 24.4613 11.1278 1.8097 0.0859068
threshold=1.0000000180025095e-35 0.0074560000000000008 0.51918300000000006 0.96162150000000013 0.20060950000000002
decision_type=10 8 8 2 10
left_child=1 3 -3 -1 -2
right_child=4 2 -4 -5 -6
leaf_value=-0.034880696711966239 0.038248455929160728 0.019113162379265764 -0.007349838769025608 0 0.0038546309698673023
leaf_weight=20.374440744519237 13.680959165096285 20.295550659298897 32.637649610638618 1.8013068586587895 2.8541233688592902
leaf_count=109 39 71 319 8 10
internal_value=0.000236097 -0.00817117 0.00274114 -0.0326331 0.0353511
internal_weight=91.644 75.1089 52.9332 22.1757 16.5351
internal_count=556 507 390 117 49
is_linear=0
shrinkage=0.03


Tree=14
num_leaves=5
num_cat=0
split_feature=4 2 2 15
split_gain=37.4943 17.2102 15.2893 1.92272
threshold=1.0000000180025095e-35 0.32575750000000009 1.0000000180025095e-35 0.22672900000000004
decision_type=10 10 10 10
left_child=1 2 -1 -2
right_child=3 -3 -4 -5
leaf_value=-0.0084549579165353692 0.038310533852261783 -0.029088041146119417 0.028143361010450632 0
leaf_weight=39.010377481579781 15.918764024972917 24.416538879275322 10.58153313398361 2.6971440911293021
leaf_count=352 46 125 33 10
internal_value=0 -0.0100049 0 0.034706
internal_weight=92.6244 74.0084 49.5919 18.6159
internal_count=566 510 385 56
is_linear=0
shrinkage=0.03


Tree=15
num_leaves=6
num_cat=0
split_feature=25 7 21 19 22
split_gain=30.2925 18.7341 15.865 1.53107 1.42505
threshold=0.47717150000000003 8.4887085000000031 0.046415500000000005 0.20711700000000002 0.0013980000000000002
decision_type=2 10 8 10 8
left_child=1 2 -1 -3 -2
right_child=4 3 -4 -5 -6
leaf_value=-0.033002675069009266 0.0020584007448025314 0.026873091957810215 -0.0004380272738659796 0 0.029974025792191258
leaf_weight=25.571891337633133 4.8376480191946056 7.8565601110458356 29.259996213018894 2.5093715637922287 21.657050870358944
leaf_count=136 19 24 255 10 110
internal_value=0.000971766 -0.00972443 -0.0170681 0.0219883 0.0266219
internal_weight=91.6925 65.1978 54.8319 10.3659 26.4947
internal_count=554 425 391 34 129
is_linear=0
shrinkage=0.03


Tree=16
num_leaves=6
num_cat=0
split_feature=4 5 18 18 15
split_gain=30.4228 19.4633 5.74196 5.47813 0.923403
threshold=1.0000000180025095e-35 1.5000000000000002 0.29475650000000003 0.10277600000000002 0.21584700000000004
decision_type=10 8 10 10 10
left_child=1 2 -1 -3 -2
right_child=4 3 -4 -5 -6
leaf_value=-0.029043814194800382 0.037656888683744484 0 0 0.024812829386512431 0.0022193841524929436
leaf_weight=26.300889149308205 14.145790427923204 29.149798452854156 8.5720584243535978 8.2054907977581006 3.0495291203260413
leaf_count=137 41 299 36 26 11
internal_value=0.00119553 -0.00729231 -0.0227193 0.00698446 0.0341209
internal_weight=89.4236 72.2282 34.8729 37.3553 17.1953
internal_count=550 498 173 325 52
is_linear=0
shrinkage=0.03


Tree=17
num_leaves=6
num_cat=0
split_feature=4 25 23 2 20
split_gain=33.0443 28.0899 8.17314 4.91165 2.69584
threshold=1.0000000180025095e-35 0.46761350000000007 0.0074560000000000008 0.32575750000000009 0.17628800000000003
decision_type=10 2 8 10 10
left_child=1 2 -1 -3 -2
right_child=4 3 -4 -5 -6
leaf_value=-0.035909340158102231 0.037621528093722205 0.02484621397955615 -0.0092041068504220107 -0.0015385389784171371 7.245849609237065e-05
leaf_weight=19.573385387659073 15.030353128910066 15.752186328172685 32.385906144976616 6.0580497384071341 3.7255399376153937
leaf_count=110 44 97 276 26 14
internal_value=0 -0.00930456 -0.021221 0.0170085 0.0325804
internal_weight=92.5254 73.7695 51.9593 21.8102 18.7559
internal_count=567 509 386 123 58
is_linear=0
shrinkage=0.03


Tree=18
num_leaves=6
num_cat=0
split_feature=3 22 18 24 23
split_gain=28.3365 17.4069 10.8898 3.7101 0.986928
threshold=1.0000000180025095e-35 0.040069000000000007 0.32362000000000007 0.9603075000000002 0.40836700000000004
decision_type=10 8 10 2 8
left_child=1 3 -3 -1 -2
right_child=4 2 -4 -5 -6
leaf_value=-0.030620692527899382 0.035403468586662261 -0.0054215623210251513 0.028405315410415584 0.00036293683263730254 0.0011568335929824391
leaf_weight=24.776456788182262 12.471480727195736 36.331285573542118 7.822237402200698 1.7516224533319462 2.9950909316539773
leaf_count=132 37 332 24 7 11
internal_value=-0.00123343 -0.00983472 0.00136092 -0.0277299 0.0316615
internal_weight=86.1482 70.6816 44.1535 26.5281 15.4666
internal_count=543 495 356 139 48
is_linear=0
shrinkage=0.03


Tree=19
num_leaves=7
num_cat=0
split_feature=21 7 23 23 7 22
split_gain=19.61 15.0128 9.00673 3.97808 3.1215 0.125279
threshold=1.0000000180025095e-35 17.222693000000003 0.0063255000000000013 0.51918300000000006 1.0000000180025095e-35 0.13270100000000004
decision_type=8 10 10 10 8 10
left_child=1 5 4 -4 -2 -1
right_child=2 -3 3 -5 -6 -7
leaf_value=-0.030247532819066433 -0.018901189719038147 0.020053707936537563 0.025137280756080731 0 0.0027372394127764478 -0.00053650249686901859
leaf_weight=20.999860882759101 4.2946598678827312 4.1656835675239554 25.661475107073787 5.5596396923065177 26.826226122677326 2.3563473075628272
leaf_count=115 23 13 86 23 283 11
internal_value=0.000364077 -0.0191702 0.00993115 0.0206059 -0.00076892 -0.0287906
internal_weight=89.8639 27.5219 62.342 31.2211 31.1209 23.3562
internal_count=554 139 415 109 306 126
is_linear=0
shrinkage=0.03


Tree=20
num_leaves=5
num_cat=0
split_feature=3 23 24 25
split_gain=32.3144 18.5339 8.63367 1.72591
threshold=1.0000000180025095e-35 0.0097775000000000015 0.83112450000000015 0.5647215000000001
decision_type=10 8 2 2
left_child=1 3 -3 -1
right_child=-2 2 -4 -5
leaf_value=-0.033302279217995785 0.03395134246576275 -0.024997249320965576 0.0056829488104724792 0
leaf_weight=19.668362855911258 16.258932247757912 6.9118640422821036 45.821909688413143 1.8171336352825154
leaf_count=112 50 61 339 8
internal_value=-0.000496457 -0.00945715 0 -0.0310371
internal_weight=90.4782 74.2193 52.7338 21.4855
internal_count=570 520 400 120
is_linear=0
shrinkage=0.03


Tree=21
num_leaves=6
num_cat=0
split_feature=3 21 24 24 3
split_gain=29.7952 15.668 5.42704 2.72887 0.2014
threshold=1.0000000180025095e-35 0.12386950000000001 0.84316000000000013 0.96387750000000005 1.5000000000000002
decision_type=10 8 2 2 10
left_child=1 3 -3 -1 -2
right_child=4 2 -4 -5 -6
leaf_value=-0.023989853981074487 0.0026336572981142488 -0.018472968896556231 0.010130709519714301 0.00070057314499400879 0.035477571260587294
leaf_weight=33.468951046466827 2.773299083113673 3.8392342999577513 30.852547846734524 1.7419567108154286 14.160764336585997
leaf_count=173 10 51 262 7 43
internal_value=0 -0.00857243 0.00495093 -0.0220241 0.0328095
internal_weight=86.8368 69.9027 34.6918 35.2109 16.9341
internal_count=546 493 313 180 53
is_linear=0
shrinkage=0.03


Tree=22
num_leaves=6
num_cat=0
split_feature=4 25 23 24 23
split_gain=26.7024 18.0278 7.8695 3.06404 2.5797
threshold=1.0000000180025095e-35 0.46761350000000007 0.0063255000000000013 0.84716150000000001 0.48434650000000007
decision_type=10 2 8 2 10
left_child=1 2 -1 -3 -2
right_child=4 3 -4 -5 -6
leaf_value=-0.032279568571354347 0.035834863881035697 -0.0064711807405461678 -0.0061745721951225368 0.019072956102806019 0
leaf_weight=16.59014904499054 14.748363852500917 1.7324913963675523 34.625849016010761 18.153538197278976 3.1170653253793708
leaf_count=97 45 11 287 106 12
internal_value=0.00110566 -0.00704231 -0.0165022 0.0149801 0.0313214
internal_weight=88.9675 71.102 51.216 19.886 17.8654
internal_count=558 501 384 117 57
is_linear=0
shrinkage=0.03


Tree=23
num_leaves=7
num_cat=0
split_feature=21 25 7 24 21 25
split_gain=24.6322 15.4939 10.4493 5.28851 3.45621 1.93621
threshold=1.0000000180025095e-35 0.21742650000000005 8.6832670000000025 0.86056250000000012 0.12386950000000001 0.47717150000000003
decision_type=8 2 10 2 10 2
left_child=2 3 5 -2 -3 -1
right_child=1 4 -4 -5 -6 -7
leaf_value=-0.033982587729972057 -0.023204027100994996 0.011170390515717553 0.013058075935965448 0.0018491591360044384 0.036757517433521222 -0.0005525386461592448
leaf_weight=19.539551496505744 7.4242024049162891 21.095152646303177 3.2927391380071631 20.201798379421234 11.313290029764174 3.7908814549446097
leaf_count=115 64 156 11 150 33 17
internal_value=-0.000348435 0.00993574 -0.0232093 -0.00551752 0.0233072 -0.0303719
internal_weight=86.6576 60.0344 26.6232 27.626 32.4084 23.3304
internal_count=546 403 143 214 189 132
is_linear=0
shrinkage=0.03


Tree=24
num_leaves=6
num_cat=0
split_feature=4 21 23 17 15
split_gain=26.0157 14.7236 5.00198 1.12881 0.23542
threshold=1.0000000180025095e-35 0.0011505000000000003 0.0074560000000000008 0.35547150000000005 0.21584700000000004
decision_type=10 8 10 10 10
left_child=1 3 -3 -1 -2
right_child=4 2 -4 -5 -6
leaf_value=-0.032195270865415827 0.033099102153908606 -0.0069407940631047854 0.011514613705115879 -0.0035241950774407538 0.00181904048981391
leaf_weight=16.173388168215755 13.351452186703684 29.297348313033581 19.218901515007019 4.8633175939321509 2.7405844628810874
leaf_count=95 42 314 71 24 10
internal_value=-0.000357276 -0.00886706 3.24718e-05 -0.0280822 0.0304661
internal_weight=85.645 69.553 48.5162 21.0367 16.092
internal_count=556 504 385 119 52
is_linear=0
shrinkage=0.03


Tree=25
num_leaves=5
num_cat=0
split_feature=3 22 25 15
split_gain=22.0579 20.4869 8.50804 0.652309
threshold=1.0000000180025095e-35 0.0047930000000000013 0.46761350000000007 0.18423950000000003
decision_type=10 8 2 10
left_child=1 -1 -3 -2
right_child=3 2 -4 -5
leaf_value=-0.030460285733062132 0.033440413433784358 -0.0045981062297899122 0.018908963717561664 0.00057159343413775733
leaf_weight=19.488647997379303 12.638196438550947 36.677217744290829 17.601375296711922 2.6634896397590628
leaf_count=114 40 289 107 10
internal_value=0.000524443 -0.00622531 0.00309209 0.0303898
internal_weight=89.0689 73.7672 54.2786 15.3017
internal_count=560 510 396 50
is_linear=0
shrinkage=0.03


Tree=26
num_leaves=7
num_cat=0
split_feature=25 4 21 23 20 25
split_gain=23.9856 20.3325 11.3364 2.87567 1.90084 0.719527
threshold=0.46761350000000007 1.0000000180025095e-35 0.15176500000000001 0.57592050000000017 0.17628800000000003 0.50275700000000012
decision_type=2 10 10 10 8 2
left_child=1 2 -1 5 -3 -2
right_child=3 4 -4 -5 -6 -7
leaf_value=-0.02371131568917834 0 0.028866493733470344 0.011048699584757174 0 0 0.027303176793428582
leaf_weight=43.309304676949978 2.7541601210832658 7.637645244598386 7.1739888787269583 2.3111123889684668 2.7973010838031778 22.374079331755638
leaf_count=359 18 24 26 10 11 114
internal_value=0.000494957 -0.00963165 -0.0178681 0.0226962 0.0230747 0.0254843
internal_weight=88.3576 60.9182 50.4833 27.4394 10.4349 25.1282
internal_count=562 420 385 142 35 132
is_linear=0
shrinkage=0.03


Tree=27
num_leaves=4
num_cat=0
split_feature=4 22 5
split_gain=22.522 12.9489 4.71154
threshold=1.0000000180025095e-35 0.0025770000000000003 1.5000000000000002
decision_type=10 8 10
left_child=1 -1 -3
right_child=-2 2 -4
leaf_value=-0.025497999740815836 0.03112932630491267 -0.0024015060932015236 0.017082578641991239
leaf_weight=17.434465795755386 16.450951799750328 37.578503727912903 11.742568224668501
leaf_count=103 54 338 41
internal_value=0.00242265 -0.00525616 0.00237747
internal_weight=83.2065 66.7555 49.3211
internal_count=536 482 379
is_linear=0
shrinkage=0.03


Tree=28
num_leaves=6
num_cat=0
split_feature=25 22 7 24 24
split_gain=17.7742 12.4904 8.28542 7.37572 4.12404
threshold=0.47717150000000003 0.025934500000000003 8.6832670000000025 0.86056250000000012 0.85071050000000004
decision_type=2 8 10 2 2
left_child=1 2 -1 -3 -2
right_child=4 3 -4 -5 -6
leaf_value=-0.032408589794784788 -0.0042006113632705533 -0.016626132969232585 0.0083012429554981931 0.0096944727610529281 0.024904669054974012
leaf_weight=18.000031277537349 2.3341611176729229 10.202617190778254 3.0229089409112921 30.029082201421261 22.399092435836792
leaf_count=111 16 87 11 211 112
internal_value=0.000564757 -0.00777987 -0.0250004 0.00163517 0.0209189
internal_weight=85.9879 61.2546 21.0229 40.2317 24.7333
internal_count=548 420 122 298 128
is_linear=0
shrinkage=0.03


Tree=29
num_leaves=6
num_cat=0
split_feature=4 21 25 25 15
split_gain=21.0439 14.4084 9.52678 3.45835 1.73967
threshold=1.0000000180025095e-35 0.046415500000000005 0.17138100000000003 0.47717150000000003 0.20060950000000002
decision_type=10 8 2 2 8
left_child=1 3 -3 -1 -2
right_child=4 2 -4 -5 -6
leaf_value=-0.027269195277672371 0.032649511978811371 -0.01020148249281398 0.01750035936837897 -0.00092714964985170212 0
leaf_weight=22.291492640972141 12.840095460414883 16.829092927277088 21.140325888991356 8.6894656121730787 2.5760509222745904
leaf_count=133 42 160 171 37 10
internal_value=0 -0.00709292 0.00464196 -0.0214978 0.028842
internal_weight=84.3665 68.9504 37.9694 30.981 15.4161
internal_count=553 501 331 170 52
is_linear=0
shrinkage=0.03


Tree=30
num_leaves=7
num_cat=0
split_feature=25 21 8 24 22 22
split_gain=17.2585 15.6853 6.76505 3.74202 2.88305 1.7172
threshold=0.46761350000000007 0.11378600000000001 8.5413945000000009 0.85071050000000004 0.0047930000000000013 0.070410000000000014
decision_type=2 10 10 2 8 10
left_child=1 2 -1 -2 -5 -3
right_child=3 5 -4 4 -6 -7
leaf_value=-0.019450806321570577 -0.0038398975413063106 0 0.014568064160608093 0 0.02734410991839167 0.022040896743473488
leaf_weight=44.867798805236816 2.4601599052548435 2.757862225174903 2.7021149694919577 4.4168394058942821 20.284235790371895 10.311107844114302
leaf_count=374 17 12 9 19 107 35
internal_value=0.000582115 -0.00796357 -0.0161756 0.0195499 0.023126 0.0174999
internal_weight=87.8001 60.6389 47.5699 27.1612 24.7011 13.069
internal_count=573 430 383 143 126 47
is_linear=0
shrinkage=0.03


Tree=31
num_leaves=6
num_cat=0
split_feature=3 23 23 25 20
split_gain=19.0473 12.871 8.4689 1.87791 0.729999
threshold=1.0000000180025095e-35 0.0074560000000000008 0.27391400000000005 0.50275700000000012 0.19483500000000004
decision_type=10 8 8 2 10
left_child=1 3 -3 -1 -2
right_child=4 2 -4 -5 -6
leaf_value=-0.026482373332624928 0.032404937369356977 0.020631724279950459 -0.0040833802238320529 0 0
leaf_weight=16.93272922933102 13.156247437000273 14.904129132628439 35.152318865060806 2.5291258543729773 2.609260916709899
leaf_count=105 44 52 333 11 10
internal_value=0.00239474 -0.00429943 0.00346051 -0.0233903 0.0294798
internal_weight=85.2838 69.5183 50.0564 19.4619 15.7655
internal_count=555 501 385 116 54
is_linear=0
shrinkage=0.03


Tree=32
num_leaves=6
num_cat=0
split_feature=4 25 21 24 23
split_gain=19.0644 16.896 4.15843 2.79661 2.48346
threshold=1.0000000180025095e-35 0.46761350000000007 0.29816800000000004 0.85071050000000004 0.52579900000000002
decision_type=10 2 8 2 10
left_child=1 2 -1 -3 -2
right_child=4 3 -4 -5 -6
leaf_value=-0.024978215754367882 0.031003561627782276 -0.0053511293175930626 -0.0042315162487941141 0.018084496453865919 0
leaf_weight=26.348249599337578 13.019179776310919 2.1545118167996433 20.121153935790062 17.146003186702728 2.9360888302326194
leaf_count=153 44 14 227 101 12
internal_value=0 -0.00762189 -0.0174028 0.0137552 0.0263518
internal_weight=81.7252 65.7699 46.4694 19.3005 15.9553
internal_count=551 495 380 115 56
is_linear=0
shrinkage=0.03


Tree=33
num_leaves=6
num_cat=0
split_feature=3 22 24 15 24
split_gain=18.4473 14.3176 7.11554 2.20957 0.832677
threshold=1.0000000180025095e-35 0.020809000000000005 0.85071050000000004 0.19394000000000003 0.9621320000000001
decision_type=10 8 2 8 2
left_child=1 4 -3 -2 -1
right_child=3 2 -4 -5 -6
leaf_value=-0.026652395796958491 0.031633362875157257 -0.015966639777392322 0.0086202889606684895 0 0
leaf_weight=20.077999934554104 12.568045049905773 10.747934430837629 39.438769362866879 2.4872098118066797 1.5892591774463642
leaf_count=122 43 92 297 10 8
internal_value=0 -0.00634407 0.00218713 0.027435 -0.0251834
internal_weight=86.9092 71.854 50.1867 15.0553 21.6673
internal_count=572 519 389 53 130
is_linear=0
shrinkage=0.03


Tree=34
num_leaves=4
num_cat=0
split_feature=4 23 21
split_gain=23.4842 13.282 5.53735
threshold=1.0000000180025095e-35 0.0063255000000000013 0.11378600000000001
decision_type=10 8 10
left_child=1 -1 -3
right_child=-2 2 -4
leaf_value=-0.025715513244729642 0.030620966234437445 -0.00323043801485842 0.018450661691355171
leaf_weight=19.198650509119034 16.650697752833366 39.86192224919796 10.718193396925924
leaf_count=121 58 351 37
internal_value=0.00129175 -0.00626835 0.00157982
internal_weight=86.4295 69.7788 50.5801
internal_count=567 509 388
is_linear=0
shrinkage=0.03


Tree=35
num_leaves=6
num_cat=0
split_feature=25 22 24 18 24
split_gain=16.2621 13.1642 6.08821 3.43247 2.73844
threshold=0.46761350000000007 0.025934500000000003 0.96542850000000013 0.29475650000000003 0.84716150000000001
decision_type=2 10 2 10 2
left_child=1 2 -1 -3 -2
right_child=4 3 -4 -5 -6
leaf_value=-0.023518558012772053 -0.0020505840684387237 0 0.010475646893759341 0.020665608906639748 0.02294289016080895
leaf_weight=30.782172419130802 1.6122313141822839 16.273513570427898 2.4584270119667044 8.0527743101119977 22.697748437523842
leaf_count=293 12 72 14 28 120
internal_value=0.000635195 -0.00769743 -0.0195175 0.00772582 0.0201437
internal_weight=81.8769 57.5669 33.2406 24.3263 24.31
internal_count=539 407 307 100 132
is_linear=0
shrinkage=0.03


Tree=36
num_leaves=5
num_cat=0
split_feature=4 23 18 15
split_gain=16.7646 10.4145 4.93456 2.73326
threshold=1.0000000180025095e-35 0.0097775000000000015 0.29475650000000003 0.21584700000000004
decision_type=10 8 10 8
left_child=1 -1 -3 -2
right_child=3 2 -4 -5
leaf_value=-0.025631633732309641 0.030712586783008797 -0.0048439625148844565 0.015916183345471558 0
leaf_weight=16.431619480252266 12.006338179111477 38.912151642143726 10.649182125926016 2.686761513352395
leaf_count=105 42 349 39 11
internal_value=0 -0.00701292 0 0.0257098
internal_weight=80.6861 65.993 49.5613 14.6931
internal_count=546 493 388 53
is_linear=0
shrinkage=0.03


Tree=37
num_leaves=5
num_cat=0
split_feature=3 25 22 22
split_gain=14.3622 12.1309 6.72241 2.7613
threshold=1.5000000000000002 0.46761350000000007 0.040069000000000007 0.0047930000000000013
decision_type=10 2 8 8
left_child=1 2 -1 -3
right_child=-2 3 -4 -5
leaf_value=-0.025014933281766679 0.029300042632893878 -0.0026912963157705058 -0.0018896704782968505 0.018193568835612482
leaf_weight=19.319807976484299 10.615304529666899 3.8059398680925396 30.528604052960873 16.939645178616047
leaf_count=122 38 18 269 103
internal_value=0.000732686 -0.00417466 -0.0123312 0.0132427
internal_weight=81.2093 70.594 49.8484 20.7456
internal_count=550 512 391 121
is_linear=0
shrinkage=0.03


Tree=38
num_leaves=6
num_cat=0
split_feature=4 21 25 25 16
split_gain=14.3707 11.2504 7.11627 5.0863 1.90828
threshold=1.0000000180025095e-35 0.090908500000000017 0.21742650000000005 0.77559850000000008 0.28833500000000006
decision_type=10 8 2 2 8
left_child=1 3 -3 -1 -2
right_child=4 2 -4 -5 -6
leaf_value=-0.022204407230848308 0.029100310797498564 -0.006541428601942444 0.017583120434925041 0.0095925664232414474 0
leaf_weight=27.855756998062137 11.934722706675526 18.315715678036213 18.099612612277269 2.1594485789537421 2.3931693583726892
leaf_count=163 43 175 143 7 10
internal_value=0.000371404 -0.00538783 0.00511379 -0.0183443 0.0251149
internal_weight=80.7584 66.4305 36.4153 30.0152 14.3279
internal_count=541 488 318 170 53
is_linear=0
shrinkage=0.03


Tree=39
num_leaves=6
num_cat=0
split_feature=3 25 21 19 15
split_gain=15.1855 11.5342 6.22766 3.95292 0.744627
threshold=1.0000000180025095e-35 0.46761350000000007 0.11378600000000001 0.052909000000000005 0.19394000000000003
decision_type=10 2 8 8 8
left_child=1 2 -1 -3 -2
right_child=4 3 -4 -5 -6
leaf_value=-0.023513691181151888 0.02938516507049484 -0.0067844995788997105 -0.001324953000736514 0.018595208142055085 0
leaf_weight=24.242409139871597 10.915361672639843 3.9740465730428722 25.538184136152267 15.599725376814602 2.5279275029897699
leaf_count=151 40 18 247 98 10
internal_value=0 -0.00566422 -0.0134212 0.0118966 0.0262675
internal_weight=82.7977 69.3544 49.7806 19.5738 13.4433
internal_count=564 514 398 116 50
is_linear=0
shrinkage=0.03


Tree=40
num_leaves=6
num_cat=0
split_feature=4 21 18 15 24
split_gain=15.0631 6.80007 6.18754 1.85045 0.449992
threshold=1.0000000180025095e-35 1.0000000180025095e-35 0.32362000000000007 0.21584700000000004 0.95694350000000006
decision_type=10 8 10 8 2
left_child=1 4 -3 -2 -1
right_child=3 2 -4 -5 -6
leaf_value=-0.02194731262293861 0.028481908642501726 -0.0050765577617426999 0.021305628823763769 0 0
leaf_weight=16.850333184003834 12.021446302533146 38.9148835465312 6.8882682770490637 2.9891703277826318 2.5627004206180564
leaf_count=107 45 344 23 12 16
internal_value=0 -0.00667184 0 0.0241685 -0.0202124
internal_weight=80.2268 65.2162 45.8032 15.0106 19.413
internal_count=547 490 367 57 123
is_linear=0
shrinkage=0.03


Tree=41
num_leaves=5
num_cat=0
split_feature=3 23 25 24
split_gain=15.229 12.6171 6.2834 4.28126
threshold=1.5000000000000002 0.0074560000000000008 0.43276050000000005 0.95694350000000006
decision_type=10 8 2 2
left_child=1 3 -3 -1
right_child=-2 2 -4 -5
leaf_value=-0.029585727993242862 0.028536622793716254 -0.005314654799928274 0.014863436969528625 0
leaf_weight=16.997696325182918 10.78705348074436 33.33657168596983 18.784035865217447 3.2099791765213004
leaf_count=116 41 278 116 17
internal_value=-0.000101666 -0.00573743 0.00182635 -0.0242532
internal_weight=83.1153 72.3283 52.1206 20.2077
internal_count=568 527 394 133
is_linear=0
shrinkage=0.03


Tree=42
num_leaves=5
num_cat=0
split_feature=21 6 5 23
split_gain=13.8635 7.19247 9.22152 4.45325
threshold=0.090908500000000017 8.6832670000000025 1.5000000000000002 1.0000000180025095e-35
decision_type=10 10 8 10
left_child=1 2 -1 -2
right_child=3 -3 -4 -5
leaf_value=-0.023381794842900698 -0.0054747264817948315 0.018349315865772181 0 0.025925065062029011
leaf_weight=26.25373962521553 2.1782678514719036 5.008033573627471 31.94245420768857 15.526763573288916
leaf_count=163 12 20 315 54
internal_value=-0.000682592 -0.00769186 -0.0112127 0.0203795
internal_weight=80.9093 63.2042 58.1962 17.705
internal_count=564 498 478 66
is_linear=0
shrinkage=0.03


Tree=43
num_leaves=6
num_cat=0
split_feature=4 22 25 16 25
split_gain=13.4507 12.748 6.76159 1.8195 1.70946
threshold=1.0000000180025095e-35 0.044478500000000004 0.17138100000000003 0.30596100000000004 0.47717150000000003
decision_type=10 8 2 10 2
left_child=1 4 -3 -2 -1
right_child=3 2 -4 -5 -6
leaf_value=-0.024946372131419297 0.028901174633709566 -0.0060225342265867515 0.015768317640028253 0 -0.00097989867927391261
leaf_weight=17.302675567567352 12.620162695646284 19.907247923314571 23.605181030929089 2.3975664228200904 6.5227708965539923
leaf_count=119 48 181 177 10 29
internal_value=0.0018646 -0.00375687 0.00540843 0.0251643 -0.0203467
internal_weight=82.3556 67.3379 43.5124 15.0177 23.8254
internal_count=564 506 358 58 148
is_linear=0
shrinkage=0.03


Tree=44
num_leaves=6
num_cat=0
split_feature=4 25 21 24 20
split_gain=14.6608 11.16 5.22554 2.68659 1.5699
threshold=1.0000000180025095e-35 0.50275700000000012 0.20346050000000002 0.85387250000000015 0.17628800000000003
decision_type=10 2 8 2 8
left_child=1 2 -1 -3 -2
right_child=4 3 -4 -5 -6
leaf_value=-0.023940788256747659 0.02884231535826625 -0.0056097185430076758 -0.001860562380908908 0.017444835642242702 0
leaf_weight=22.908535219728947 10.958150357007977 2.280848801136016 21.390922226011753 13.629202038049696 2.6149421781301507
leaf_count=148 42 16 230 81 11
internal_value=0 -0.00688475 -0.0147074 0.0121877 0.0248067
internal_weight=73.7826 60.2095 44.2995 15.9101 13.5731
internal_count=528 475 378 97 53
is_linear=0
shrinkage=0.03


Tree=45
num_leaves=5
num_cat=0
split_feature=3 25 18 19
split_gain=14.6757 13.1029 5.46365 2.96603
threshold=1.5000000000000002 0.46761350000000007 0.18145850000000002 0.052909000000000005
decision_type=10 2 10 8
left_child=1 2 -1 -3
right_child=-2 3 -4 -5
leaf_value=-0.020056033156031695 0.02790070762271548 -0.0029648060811669086 0.00068059136308875397 0.017908907109725414
leaf_weight=35.944887302815914 10.782824188470839 4.6625102758407619 12.082826890051363 16.078921414911747
leaf_count=340 43 21 57 104
internal_value=-8.84217e-05 -0.00587787 -0.0145179 0.0121713
internal_weight=79.552 68.7691 48.0277 20.7414
internal_count=565 522 397 125
is_linear=0
shrinkage=0.03


Tree=46
num_leaves=5
num_cat=0
split_feature=4 22 2 23
split_gain=12.6625 8.47421 2.9321 0.474843
threshold=1.0000000180025095e-35 0.008709500000000002 0.32575750000000009 0.52579900000000002
decision_type=10 8 8 10
left_child=1 -1 -3 -2
right_child=3 2 -4 -5
leaf_value=-0.019713229329628899 0.028753906760345765 0.01236966297659515 -0.0017996190299633303 0
leaf_weight=16.847720935940742 11.201144710183142 17.023204103112221 28.780457571148872 2.6284825205802909
leaf_count=114 44 68 295 11
internal_value=0.00258659 -0.0030582 0.00328843 0.0259281
internal_weight=76.481 62.6514 45.8037 13.8296
internal_count=532 477 363 55
is_linear=0
shrinkage=0.03


Tree=47
num_leaves=5
num_cat=0
split_feature=3 25 21 17
split_gain=12.1595 9.3693 5.82363 3.13514
threshold=1.0000000180025095e-35 0.46761350000000007 0.0136115 0.14470000000000002
decision_type=10 2 8 8
left_child=1 2 -1 -3
right_child=-2 3 -4 -5
leaf_value=-0.024441388453816749 0.026308732767319338 -0.0023078503405024979 -0.0016480616279779476 0.019472038086051434
leaf_weight=15.19957798719406 12.046216815710066 4.9331121295690563 31.056342869997025 13.500083666294811
leaf_count=111 49 22 266 94
internal_value=0.00172921 -0.00336787 -0.0107794 0.0127364
internal_weight=76.7353 64.6891 46.2559 18.4332
internal_count=542 493 377 116
is_linear=0
shrinkage=0.03


Tree=48
num_leaves=6
num_cat=0
split_feature=4 23 23 23 25
split_gain=12.1668 9.86982 6.46634 1.64907 1.12423
threshold=1.0000000180025095e-35 0.0074560000000000008 0.51918300000000006 0.57592050000000017 0.5647215000000001
decision_type=10 8 8 8 2
left_child=1 4 -3 -2 -1
right_child=3 2 -4 -5 -6
leaf_value=-0.025497892133927301 0.02750714206960455 0.015568265059332403 -0.0057917525218113743 0 0
leaf_weight=14.106844089925287 11.620808228850361 17.392391085624695 29.243572346866131 2.5462033748626718 1.783118113875388
leaf_count=106 47 65 305 11 8
internal_value=0.000868612 -0.00467424 0.00202932 0.0236213 -0.0231346
internal_weight=76.6929 62.5259 46.636 14.167 15.89
internal_count=542 484 370 58 114
is_linear=0
shrinkage=0.03


Tree=49
num_leaves=6
num_cat=0
split_feature=4 21 25 25 20
split_gain=11.5536 9.82612 4.18924 2.51696 1.92147
threshold=1.0000000180025095e-35 0.11378600000000001 0.21742650000000005 0.74630450000000004 0.24846600000000005
decision_type=10 8 2 2 10
left_child=1 3 -3 -1 -2
right_child=4 2 -4 -5 -6
leaf_value=-0.020248967482079307 0.027198325093878237 -0.0041893519398005915 0.014507549991355556 0.001124962576297004 0
leaf_weight=28.314852878451351 10.137866929173468 18.534797385334969 16.347978495061398 2.4734548777341834 2.2586457580327979
leaf_count=177 42 178 139 9 10
internal_value=-0.000329786 -0.00593352 0.00423609 -0.0176965 0.0227796
internal_weight=78.0676 65.6711 34.8828 30.7883 12.3965
internal_count=555 503 317 186 52
is_linear=0
shrinkage=0.03


Tree=50
num_leaves=5
num_cat=0
split_feature=3 25 21 21
split_gain=11.0679 8.97967 6.05634 1.92486
threshold=1.5000000000000002 0.46761350000000007 0.21124200000000004 0.046415500000000005
decision_type=10 2 10 8
left_child=1 2 -1 -3
right_child=-2 3 -4 -5
leaf_value=-0.017744755072190206 0.025055756039498334 0 0.0083174253380247799 0.016383780088778378
leaf_weight=42.507120929658413 8.2648794203996641 8.1608922481536883 6.1759241372346869 10.151722844690083
leaf_count=378 35 36 23 80
internal_value=-0.00208524 -0.00679245 -0.0135672 0.00918473
internal_weight=75.2605 66.9957 48.683 18.3126
internal_count=552 517 401 116
is_linear=0
shrinkage=0.03


Tree=51
num_leaves=5
num_cat=0
split_feature=25 4 18 2
split_gain=9.90183 6.72997 3.5906 0.935427
threshold=0.46761350000000007 1.5000000000000002 0.18145850000000002 0.85416650000000016
decision_type=2 10 8 10
left_child=1 2 -1 -2
right_child=3 -3 -4 -5
leaf_value=-0.019035875113293535 0.018346791261243365 0.018299944060225778 -0.0017422236228704549 0
leaf_weight=20.802872329950333 19.459255073219541 5.2621864825487128 29.115013763308525 2.8722770959138861
leaf_count=137 117 22 273 14
internal_value=0.000306331 -0.00615095 -0.0101867 0.0162851
internal_weight=77.5116 55.1801 49.9179 22.3315
internal_count=563 432 410 131
is_linear=0
shrinkage=0.03


Tree=52
num_leaves=5
num_cat=0
split_feature=3 22 25 25
split_gain=9.18059 7.4959 5.03695 1.00401
threshold=1.5000000000000002 0.0047930000000000013 0.21742650000000005 0.54038500000000012
decision_type=10 8 2 2
left_child=1 3 -3 -1
right_child=-2 2 -4 -5
leaf_value=-0.023837517284172959 0.025061351682363651 -0.0065292335791394002 0.011588744673072613 0
leaf_weight=12.097938172519205 8.5001616030931455 25.939069427549839 22.391361307352781 2.4507826119661322
leaf_count=96 37 221 151 11
internal_value=0 -0.00397247 0.00146705 -0.0209136
internal_weight=71.3793 62.8792 48.3304 14.5487
internal_count=516 479 372 107
is_linear=0
shrinkage=0.03


Tree=53
num_leaves=6
num_cat=0
split_feature=22 24 3 23 5
split_gain=11.9654 8.23081 5.63003 3.84232 2.30726
threshold=0.0047930000000000013 0.8523265000000001 1.0000000180025095e-35 0.0063255000000000013 1.0000000180025095e-35
decision_type=8 2 10 10 10
left_child=2 4 -1 -3 -2
right_child=1 3 -4 -5 -6
leaf_value=-0.026312002286647356 -0.02036924029052067 0.0024417845976129043 0.0094568997414025673 0.020663397545123023 0.00073840612762767171
leaf_weight=13.967343896627428 7.1810887008905393 24.402803495526314 2.0695394426584235 25.78265218436718 3.6464968025684357
leaf_count=107 76 250 9 102 16
internal_value=0.00113283 0.00764197 -0.0193573 0.0130047 -0.0124731
internal_weight=77.0499 61.013 16.0369 50.1855 10.8276
internal_count=560 444 116 352 92
is_linear=0
shrinkage=0.03


Tree=54
num_leaves=6
num_cat=0
split_feature=4 22 24 20 24
split_gain=11.3672 8.36678 4.08755 1.18802 0.917191
threshold=1.0000000180025095e-35 0.041865000000000006 0.85071050000000004 0.17628800000000003 0.95694350000000006
decision_type=10 8 2 8 2
left_child=1 4 -3 -2 -1
right_child=3 2 -4 -5 -6
leaf_value=-0.02129396680422414 0.027062505679758906 -0.012657418882195771 0.0075821641058905903 0 0
leaf_weight=18.54247355461121 10.181397378444668 8.3506966456770879 33.458452939987183 2.9495274275541314 2.2941473498940459
leaf_count=127 44 77 279 13 16
internal_value=0.00016749 -0.00501069 0.00229336 0.023069 -0.0193691
internal_weight=75.7767 62.6458 41.8091 13.1309 20.8366
internal_count=556 499 356 57 143
is_linear=0
shrinkage=0.03


Tree=55
num_leaves=6
num_cat=0
split_feature=21 24 25 15 25
split_gain=12.0941 6.03058 3.57245 0.387759 0.108285
threshold=0.11378600000000001 0.8523265000000001 0.46761350000000007 0.095590000000000022 0.63904350000000021
decision_type=10 2 2 10 2
left_child=1 4 -3 -2 -1
right_child=3 2 -4 -5 -6
leaf_value=-0.022372377121140045 0.00055009755393927709 -0.0053811674844577596 0.011248595101893338 0.02491573891763408 0
leaf_weight=11.502024609595535 3.4995155930519095 31.941518776118755 14.413945868611334 12.370303466916083 1.265924535691737
leaf_count=112 16 280 98 46 8
internal_value=0.000748315 -0.00528262 0 0.0220743 -0.021311
internal_weight=74.9932 59.1234 46.3555 15.8698 12.7679
internal_count=560 498 378 62 120
is_linear=0
shrinkage=0.03


Tree=56
num_leaves=6
num_cat=0
split_feature=3 22 18 25 19
split_gain=11.2402 8.11853 5.9317 2.63669 0.242146
threshold=1.0000000180025095e-35 0.025934500000000003 0.12250800000000002 0.73809150000000012 0.19933000000000003
decision_type=10 8 10 2 8
left_child=1 3 -3 -1 -2
right_child=4 2 -4 -5 -6
leaf_value=-0.023317067498580306 0.025889390988463174 -0.0051499094617099743 0.016395285243100917 0.0020818343032582873 0
leaf_weight=18.121610499918464 9.5784815102815593 32.144903901964426 13.691876605153082 1.3909207731485356 2.0123411566019067
leaf_count=134 43 320 53 5 9
internal_value=0 -0.00527698 0.00128336 -0.0201378 0.0237252
internal_weight=76.9401 65.3493 45.8368 19.5125 11.5908
internal_count=564 512 373 139 52
is_linear=0
shrinkage=0.03


Tree=57
num_leaves=5
num_cat=0
split_feature=3 25 2 16
split_gain=9.41961 5.91935 4.85516 1.29713
threshold=1.0000000180025095e-35 0.71528900000000017 0.25833350000000005 0.25498650000000006
decision_type=10 2 10 10
left_child=1 2 -1 -2
right_child=3 -3 -4 -5
leaf_value=0 0.026450682015994417 0.019208594655846605 -0.018468137391522168 0
leaf_weight=39.461511328816414 10.327773243188856 5.9588952250778666 17.349701561033726 2.0119473934173575
leaf_count=346 47 35 118 9
internal_value=0.00171141 -0.00288974 -0.0065564 0.0230601
internal_weight=75.1098 62.7701 56.8112 12.3397
internal_count=555 499 464 56
is_linear=0
shrinkage=0.03


Tree=58
num_leaves=7
num_cat=0
split_feature=21 15 23 17 15 17
split_gain=7.9991 4.32895 4.51675 1.0798 1.06079 1.47038
threshold=0.090908500000000017 0.093522500000000022 0.0063255000000000013 0.47319600000000006 0.095590000000000022 0.32880250000000005
decision_type=10 10 10 8 10 8
left_child=1 2 -1 -3 -2 -6
right_child=4 3 -4 -5 5 -7
leaf_value=-0.0065071693211965166 0 -0.026195197553372428 0.013818136739907238 0 0.023555109233273808 0
leaf_weight=35.170574083924294 4.5722575336694744 6.9044038355350468 9.9894608706235868 2.2736051306128511 10.548721998929974 2.2824876010417947
leaf_count=369 21 43 43 14 40 10
internal_value=0 -0.00584638 -0.000807563 -0.0218696 0.0160246 0.0197802
internal_weight=71.7415 54.338 45.16 9.17801 17.4035 12.8312
internal_count=540 469 412 57 71 50
is_linear=0
shrinkage=0.03


Tree=59
num_leaves=7
num_cat=0
split_feature=21 25 7 22 23 15
split_gain=8.34738 4.37139 2.78837 2.55298 3.25006 1.91973
threshold=0.046415500000000005 0.47717150000000003 8.4887085000000031 0.43257100000000004 1.0000000180025095e-35 0.093522500000000022
decision_type=10 2 8 10 10 10
left_child=1 2 -1 4 -2 -3
right_child=3 5 -4 -5 -6 -7
leaf_value=-0.017715432304386301 -0.0011410352081022506 0.01242566946660139 -0.00017166567347129093 -0.0018254990044075554 0.025776616915347057 -0.0064218294204498854
leaf_weight=17.503233171999454 2.2586344778537812 13.07129120826721 19.666970428079367 2.089729592204093 14.989494562149046 2.4565814882516852
leaf_count=132 13 96 223 10 57 13
internal_value=0.00167863 -0.00417356 -0.0098858 0.0173883 0.0211233 0.00726772
internal_weight=72.0359 52.6981 37.1702 19.3379 17.2481 15.5279
internal_count=544 464 355 80 70 109
is_linear=0
shrinkage=0.03


Tree=60
num_leaves=6
num_cat=0
split_feature=4 23 24 23 24
split_gain=8.03388 7.4758 3.7531 2.75698 1.30345
threshold=1.0000000180025095e-35 0.0074560000000000008 0.84316000000000013 0.61503100000000011 0.95694350000000006
decision_type=10 8 2 10 2
left_child=1 4 -3 -2 -1
right_child=3 2 -4 -5 -6
leaf_value=-0.024081408034783869 0.025092685259740944 -0.014488824554617323 0.0055743876035375091 -0.00041779361289661992 0
leaf_weight=12.587386064231394 10.489307299256323 7.1084812059998503 39.967418015003204 2.1179016679525366 2.2009663432836524
leaf_count=102 49 68 313 10 16
internal_value=0 -0.00433231 0.00125923 0.0196284 -0.0210289
internal_weight=74.4715 61.8643 47.0759 12.6072 14.7884
internal_count=558 499 381 59 118
is_linear=0
shrinkage=0.03


Tree=61
num_leaves=7
num_cat=0
split_feature=25 25 24 21 24 24
split_gain=10.1615 4.74371 4.43158 4.95699 3.86527 2.56912
threshold=0.16362650000000004 0.033283000000000007 0.91436250000000008 0.12386950000000001 0.86056250000000012 0.88577900000000009
decision_type=2 2 2 10 2 2
left_child=1 4 3 -2 -1 -3
right_child=2 5 -4 -5 -6 -7
leaf_value=-0.017044971235498859 -0.0068655902672035652 -0.0028614244515803157 0.020213371644755146 0.021074798212257918 0.01242719590058655 -0.028152765651967834
leaf_weight=2.6302836984395972 17.630920607596639 10.006069399416448 18.323440596461296 4.8551151305437079 9.2280169129371625 10.703680843114851
leaf_count=24 144 84 116 18 57 107
internal_value=0.000365287 -0.0111623 0.0103841 0 0.00174932 -0.0191066
internal_weight=73.3775 32.5681 40.8095 22.486 11.8583 20.7098
internal_count=550 272 278 162 81 191
is_linear=0
shrinkage=0.03


Tree=62
num_leaves=6
num_cat=0
split_feature=4 17 25 23 15
split_gain=7.7618 6.11864 2.95914 2.736 0.871635
threshold=1.0000000180025095e-35 0.11739550000000001 0.17138100000000003 0.61503100000000011 0.18423950000000003
decision_type=10 8 2 8 8
left_child=1 4 -3 -2 -1
right_child=3 2 -4 -5 -6
leaf_value=-0.0249379991820225 0.024229359851425408 -0.0086595466156397845 0.0060027184478341463 -0.0013411503824207111 0
leaf_weight=10.909632869064804 9.2420955002307856 18.941110573709011 25.24968221411109 2.0256724208593377 2.2980123534798631
leaf_count=81 43 185 202 10 12
internal_value=-0.00122238 -0.00624985 0 0.0182143 -0.0220301
internal_weight=68.6662 57.3984 44.1908 11.2678 13.2076
internal_count=533 480 387 53 93
is_linear=0
shrinkage=0.03


Tree=63
num_leaves=7
num_cat=0
split_feature=24 22 3 23 22 17
split_gain=7.44591 5.61944 5.22686 3.24584 1.75333 0.0777031
threshold=0.85071050000000004 0.025934500000000003 1.0000000180025095e-35 0.0063255000000000013 0.031829000000000003 0.24723850000000003
decision_type=2 8 8 10 10 10
left_child=4 2 -2 -3 -1 -6
right_child=1 3 -4 -5 5 -7
leaf_value=-0.023468953118034177 -0.016750891247711511 0.001152191759497189 0.014415102741722644 0.019462808169017132 0.00184390995061236 -0.0032571240784675616
leaf_weight=8.8062515892088395 12.914788238704206 20.924147449433804 3.3733724355697623 19.810408934950829 2.5878645628690711 1.801083371043205
leaf_count=98 97 222 17 79 11 10
internal_value=0.000196553 0.0054447 -0.00750274 0.0114674 -0.0174382 0
internal_weight=70.2179 57.0227 16.2882 40.7346 13.1952 4.38895
internal_count=534 415 114 301 119 21
is_linear=0
shrinkage=0.03


Tree=64
num_leaves=6
num_cat=0
split_feature=24 4 18 16 19
split_gain=8.83768 5.37737 7.49186 0.429131 0.191864
threshold=0.84316000000000013 1.0000000180025095e-35 0.11929350000000001 0.22921200000000003 0.23566200000000001
decision_type=2 10 8 10 8
left_child=4 2 -2 -3 -1
right_child=1 3 -4 -5 -6
leaf_value=0 -0.014492825626905296 0.024667680173495816 0.0085224152649556462 0 -0.024080007283147329
leaf_weight=2.9073522388935062 16.339961975812912 8.5128031373023969 33.90976732596755 2.4252288192510596 7.9508122578263292
leaf_count=16 109 41 288 11 87
internal_value=0.000205625 0.00526599 8.0182e-05 0.0217923 -0.0211125
internal_weight=72.0459 61.1878 50.2497 10.938 10.8582
internal_count=552 449 397 52 103
is_linear=0
shrinkage=0.03


Tree=65
num_leaves=6
num_cat=0
split_feature=3 22 25 24 17
split_gain=7.34691 5.41761 3.1687 2.04983 0.364342
threshold=1.0000000180025095e-35 0.0047930000000000013 0.15660800000000002 0.95694350000000006 0.18276750000000005
decision_type=10 8 2 2 8
left_child=1 3 -3 -1 -2
right_child=4 2 -4 -5 -6
leaf_value=-0.021639338225591876 0.024650991495443437 -0.0047618918038131557 0.0091787272565506083 0 0
leaf_weight=10.773215673863886 8.9154530763626063 21.52378511428833 29.076594345271587 2.3806396126747122 1.8956616222858436
leaf_count=92 44 186 216 16 9
internal_value=0.00237089 -0.00142446 0.00275451 -0.0168833 0.0223724
internal_weight=74.5653 63.7542 50.6004 13.1539 10.8111
internal_count=563 510 402 108 53
is_linear=0
shrinkage=0.03


Tree=66
num_leaves=6
num_cat=0
split_feature=4 25 24 2 23
split_gain=8.89514 7.40253 2.47673 2.20423 2.19332
threshold=1.0000000180025095e-35 0.46761350000000007 0.96542850000000013 0.34848450000000003 0.52579900000000002
decision_type=10 2 2 10 10
left_child=1 2 -1 -3 -2
right_child=4 3 -4 -5 -6
leaf_value=-0.014248476441845815 0.025862492307579098 0.014818944108466571 0.0083962545027496602 -0.0034557913160050504 0
leaf_weight=37.899296563118696 9.7330932617187482 13.637306619435551 1.178147830069064 4.2452291697263709 2.0064359605312339
leaf_count=355 47 97 9 20 10
internal_value=0 -0.00493934 -0.0123028 0.00917079 0.0210688
internal_weight=68.6995 56.96 39.0774 17.8825 11.7395
internal_count=538 481 364 117 57
is_linear=0
shrinkage=0.03


Tree=67
num_leaves=6
num_cat=0
split_feature=4 19 20 22 19
split_gain=6.92113 2.97972 3.02052 2.35011 0.61166
threshold=1.0000000180025095e-35 0.057669500000000005 0.12814350000000002 0.040069000000000007 0.13362550000000004
decision_type=10 8 8 10 8
left_child=1 2 -1 -3 -2
right_child=4 3 -4 -5 -6
leaf_value=-0.024118730341308452 0.023700588355711726 -0.0042541308987383902 0.00032257210938094465 0.0093383643112997239 0
leaf_weight=7.6690741106867764 7.6343414932489368 33.184696804732084 3.8570554479956636 13.744873367249964 1.8673024773597724
leaf_count=60 37 341 20 58 10
internal_value=0.000108519 -0.00362338 -0.0154971 0 0.0208275
internal_weight=67.9573 58.4557 11.5261 46.9296 9.50164
internal_count=526 479 80 399 47
is_linear=0
shrinkage=0.03


Tree=68
num_leaves=7
num_cat=0
split_feature=25 24 2 19 18 3
split_gain=8.81763 5.19362 2.78679 2.63161 2.45005 2.41724
threshold=0.16362650000000004 0.92562600000000017 0.32575750000000009 0.0030960000000000002 0.32362000000000007 1.5000000000000002
decision_type=2 2 8 8 10 10
left_child=4 2 -2 -3 5 -1
right_child=1 3 -4 -5 -6 -7
leaf_value=-0.018095600554607218 0.011276289192750831 -0.0026219153603758397 -0.007225937666582586 0.02401396275398757 0.0028903164632042883 0.0045976128900322233
leaf_weight=25.099027104675777 8.5332545712590235 1.0883249640464754 16.948690477758646 14.310698907822371 3.9893460571765891 1.3994378894567479
leaf_count=243 37 10 154 96 17 7
internal_value=-0.0002307 0.00822415 0 0.0203804 -0.0121847 -0.0155344
internal_weight=71.3688 40.881 25.4819 15.399 30.4878 26.4985
internal_count=564 297 191 106 267 250
is_linear=0
shrinkage=0.03


Tree=69
num_leaves=6
num_cat=0
split_feature=24 20 17 3 17
split_gain=6.54916 5.39771 3.33965 2.01753 0.306326
threshold=0.8523265000000001 0.019577000000000004 0.11739550000000001 1.0000000180025095e-35 0.16763750000000002
decision_type=2 8 10 10 8
left_child=4 3 -3 -2 -1
right_child=1 2 -4 -5 -6
leaf_value=0 -0.02091697507127693 0.0010646066681614279 0.017187081689289389 0.0024945069240838607 -0.019253151117176123
leaf_weight=1.9317312240600557 6.2854271009564391 33.305090576410294 19.917780049145222 1.1373141109943388 10.353902731090784
leaf_count=13 57 301 91 6 104
internal_value=0 0.00437796 0.00822691 -0.014766 -0.0174872
internal_weight=72.9312 60.6456 53.2229 7.42274 12.2856
internal_count=572 455 392 63 117
is_linear=0
shrinkage=0.03


Tree=70
num_leaves=7
num_cat=0
split_feature=21 15 19 15 25 25
split_gain=7.5993 7.27015 2.83187 1.07062 0.475803 0.206249
threshold=0.11378600000000001 0.091057000000000013 1.0000000180025095e-35 0.047040500000000006 0.66648400000000019 0.045890500000000008
decision_type=10 10 8 10 2 2
left_child=1 2 -1 -2 -3 -5
right_child=3 4 -4 5 -6 -7
leaf_value=-0.015555545335341823 0 -0.024285762988270041 0.00480340723194297 0.00083728510759225239 0 0.024909610380111153
leaf_weight=3.8283410444855681 2.6187862604856482 10.022424422204493 40.925473622977734 3.3875158429145804 1.6679283380508412 8.6627538502216321
leaf_count=40 13 67 376 14 8 35
internal_value=0.00103155 -0.0037284 0.00156581 0.0185682 -0.022219 0.0216516
internal_weight=71.1132 56.4442 44.7538 14.6691 11.6904 12.0503
internal_count=553 491 416 62 75 49
is_linear=0
shrinkage=0.03


Tree=71
num_leaves=6
num_cat=0
split_feature=24 19 20 22 17
split_gain=6.96353 5.23946 3.86955 1.76186 0.273185
threshold=0.8523265000000001 0.00032450000000000008 0.23524500000000001 0.13270100000000004 0.15029700000000004
decision_type=2 8 8 10 8
left_child=3 -2 -3 4 -1
right_child=1 2 -4 -5 -6
leaf_value=0 -0.017661426603602898 0.015996537562610609 0 0 -0.022379547274430638
leaf_weight=1.1788057684898348 4.4720755517482749 26.333460852503777 27.953003127127886 3.464876949787139 9.8984404280781746
leaf_count=7 46 126 273 16 111
internal_value=4.17087e-05 0.00515118 0.00838064 -0.0162436 -0.0210104
internal_weight=73.3007 58.7585 54.2865 14.5421 11.0772
internal_count=579 445 399 134 118
is_linear=0
shrinkage=0.03


Tree=72
num_leaves=7
num_cat=0
split_feature=22 20 4 25 23 25
split_gain=5.83846 5.25484 3.71843 2.37368 2.2846 1.52345
threshold=0.040069000000000007 0.26826050000000007 1.5000000000000002 0.21742650000000005 0.012111500000000002 0.74630450000000004
decision_type=8 8 10 2 10 2
left_child=2 4 5 -3 -2 -1
right_child=1 3 -4 -5 -6 -7
leaf_value=-0.018815838114937658 0 -0.0097456965951980192 0.0098899703929215717 0.0055782461389725134 0.021266659685869001 0
leaf_weight=19.057736612856395 2.7286886572837856 14.794685523957016 2.4029463231563559 13.832032468169926 15.445871159434317 1.7327142804861058
leaf_count=147 16 175 14 141 64 7
internal_value=0 0.00572909 -0.011756 -0.00156603 0.0172303 -0.0164505
internal_weight=69.9947 46.8013 23.1934 28.6267 18.1746 20.7905
internal_count=564 396 168 316 80 154
is_linear=0
shrinkage=0.03


Tree=73
num_leaves=7
num_cat=0
split_feature=25 22 24 21 25 3
split_gain=7.38407 4.01036 3.98216 3.82513 1.57735 0.510942
threshold=0.16362650000000004 0.031829000000000003 0.91989850000000006 0.12386950000000001 0.054490000000000004 1.0000000180025095e-35
decision_type=2 10 2 10 2 10
left_child=1 4 3 -2 -1 -3
right_child=2 5 -4 -5 -6 -7
leaf_value=-0.0031837137117448379 -0.0058713159917028433 0 0.018662197781936962 0.018030845648253271 -0.025572634120251351 0.0098777406833609124
leaf_weight=9.4601145312190109 19.932042136788372 9.0720980167388898 16.20701964572072 5.157512128353118 9.8491101711988431 2.1236733496189109
leaf_count=99 162 42 114 21 117 10
internal_value=0 -0.0102792 0.0083729 0 -0.0178516 0.00168003
internal_weight=71.8016 30.505 41.2966 25.0896 19.3092 11.1958
internal_count=565 268 297 183 216 52
is_linear=0
shrinkage=0.03


Tree=74
num_leaves=6
num_cat=0
split_feature=4 18 25 23 25
split_gain=5.27219 4.53114 2.72597 1.8634 1.3711
threshold=1.0000000180025095e-35 0.092983500000000011 0.59112300000000007 0.51918300000000006 0.50275700000000012
decision_type=10 8 2 8 2
left_child=1 4 -3 -2 -1
right_child=3 2 -4 -5 -6
leaf_value=-0.019660757681695326 0.022973184074988433 -0.00096261484203275774 0.015402619355184204 0 0
leaf_weight=10.942040421068667 8.7467311322689021 35.84934514015913 8.1717903390526754 1.9135330915451056 4.0436416715383521
leaf_count=93 45 329 59 10 18
internal_value=0.00109889 -0.00223683 0.00222619 0.0181953 -0.0151997
internal_weight=69.6671 59.0068 44.0211 10.6603 14.9857
internal_count=554 499 388 55 111
is_linear=0
shrinkage=0.03


Tree=75
num_leaves=7
num_cat=0
split_feature=25 22 3 23 22 23
split_gain=5.88461 5.30157 3.73462 2.90664 1.51898 0.354377
threshold=0.46761350000000007 0.044478500000000004 1.5000000000000002 0.0014810000000000001 0.0047930000000000013 0.46689250000000004
decision_type=2 8 10 10 8 10
left_child=1 2 -1 -3 -2 -6
right_child=4 3 -4 -5 5 -7
leaf_value=-0.021384507656247973 0 -0.0032051012897294515 0.0074507088231946126 0.013214648042529148 0.018361999337152091 0
leaf_weight=15.155711449682714 4.1370160877704647 19.61181174591184 1.8064416199922551 12.269121423363684 16.167245447635654 1.540235936641692
leaf_count=131 23 231 9 52 115 7
internal_value=0.00164678 -0.00372541 -0.0161525 0.00284691 0.0138656 0.0172245
internal_weight=70.6876 48.8431 16.9622 31.8809 21.8445 17.7075
internal_count=568 423 140 283 145 122
is_linear=0
shrinkage=0.03


Tree=76
num_leaves=5
num_cat=0
split_feature=3 23 23 15
split_gain=6.54181 4.53272 2.53151 0.40127
threshold=1.0000000180025095e-35 0.0074560000000000008 0.24103550000000004 0.18423950000000003
decision_type=10 8 8 8
left_child=1 -1 -3 -2
right_child=3 2 -4 -5
leaf_value=-0.017666970189107734 0.023122853077908175 0.012573556016135709 -0.0023941843604043563 0
leaf_weight=11.840172849595545 7.6246115565299961 10.216965571045874 36.237728986889124 1.8857955783605582
leaf_count=104 41 41 351 10
internal_value=0.00053713 -0.00309877 0.000854153 0.0206205
internal_weight=67.8053 58.2949 46.4547 9.51041
internal_count=547 496 392 51
is_linear=0
shrinkage=0.03


Tree=77
num_leaves=7
num_cat=0
split_feature=21 25 7 25 15 16
split_gain=4.41033 3.98159 3.58639 2.25959 0.965159 0.249491
threshold=0.11378600000000001 0.46761350000000007 8.4887085000000031 0.21742650000000005 0.069844000000000003 0.22921200000000003
decision_type=10 2 8 2 10 10
left_child=1 2 -1 5 -3 -2
right_child=3 4 -4 -5 -6 -7
leaf_value=-0.019213552229498606 -0.003638907073798112 0.0098098824299612739 0 0.022640189441952546 -0.0013377369595491413 0.0043298552884155133
leaf_weight=16.041763007640839 3.5106922984123212 13.562352892011406 20.161576073616743 6.8461679965257645 3.9877804964780799 4.3785230070352554
leaf_count=132 18 103 232 30 20 17
internal_value=0 -0.00410424 -0.00984755 0.0130347 0.00599154 0
internal_weight=68.4889 53.7535 36.2033 14.7354 17.5501 7.88922
internal_count=552 487 364 65 123 35
is_linear=0
shrinkage=0.03


Tree=78
num_leaves=7
num_cat=0
split_feature=25 4 18 3 17 20
split_gain=6.01404 2.05176 3.12524 1.62409 1.46952 0.343982
threshold=0.16362650000000004 1.0000000180025095e-35 0.070755500000000013 1.5000000000000002 0.28953000000000001 0.3460950000000001
decision_type=2 8 10 10 10 8
left_child=3 2 -2 4 -1 -3
right_child=1 5 -4 -5 -6 -7
leaf_value=-0.017556197259494383 -0.016615929882947838 0.019375072084456737 0.0061618601393037438 0.003728549621491785 0 0.0040139341447992709
leaf_weight=19.69513703882695 4.946731477975848 5.5449506342411068 13.298559024929999 1.3015037775039662 6.4755834415554991 12.642003640532492
leaf_count=205 34 31 67 7 38 140
internal_value=-0.00155463 0.00574992 -7.59176e-05 -0.0118384 -0.0139449 0.0121936
internal_weight=63.9045 36.4322 18.2453 27.4722 26.1707 18.187
internal_count=522 272 101 250 243 171
is_linear=0
shrinkage=0.03


Tree=79
num_leaves=6
num_cat=0
split_feature=4 23 18 23 15
split_gain=6.79222 6.96721 3.98974 2.79624 0.494283
threshold=1.0000000180025095e-35 0.0063255000000000013 0.14532350000000002 0.72916550000000013 0.25245100000000004
decision_type=10 8 10 8 8
left_child=1 4 -3 -2 -1
right_child=3 2 -4 -5 -6
leaf_value=-0.024572732820959706 0.023564265813504404 -0.0052527061433897708 0.012470674470124517 -0.0026176033261149567 0
leaf_weight=10.960243918001648 9.4425052404403651 32.279748875647783 13.830006770789621 1.7640636265277869 1.281782932579518
leaf_count=105 50 332 58 9 9
internal_value=-0.000600374 -0.00528575 0 0.0176487 -0.0228879
internal_weight=69.5584 58.3518 46.1098 11.2066 12.242
internal_count=563 504 390 59 114
is_linear=0
shrinkage=0.03


Tree=80
num_leaves=7
num_cat=0
split_feature=21 23 4 18 16 22
split_gain=7.06092 3.72075 2.72413 2.61831 2.38794 0.492957
threshold=0.090908500000000017 0.016871000000000004 1.0000000180025095e-35 0.14532350000000002 0.17732900000000004 0.36700350000000009
decision_type=10 10 8 10 8 8
left_child=2 -2 3 -1 -4 -3
right_child=1 5 4 -5 -6 -7
leaf_value=-0.020147686739100678 -0.0060120043071883031 0.023757588493703609 0.016109529596941532 0 -0.0035912868521060116 0
leaf_weight=13.612008549273016 2.6178000718355205 11.189727693796154 3.9387585222721126 9.4328715950250608 24.014913495630026 2.6818481534719476
leaf_count=113 17 47 22 55 286 11
internal_value=0 0.0150591 -0.00598633 -0.0129782 0 0.0211756
internal_weight=67.4879 16.4894 50.9986 23.0449 27.9537 13.8716
internal_count=551 75 476 168 308 58
is_linear=0
shrinkage=0.03


Tree=81
num_leaves=7
num_cat=0
split_feature=25 24 18 4 18 22
split_gain=4.99942 3.12067 2.85769 3.39369 2.81334 1.80258
threshold=0.21742650000000005 0.92562600000000017 0.32362000000000007 1.0000000180025095e-35 0.38018200000000008 0.070410000000000014
decision_type=2 2 10 10 10 10
left_child=2 5 3 -1 -4 -2
right_child=1 -3 4 -5 -6 -7
leaf_value=-0.016624112403916327 -0.0054638262507492649 0.017768226644677747 0.019706007021171326 0.0063398827019657891 -0.0086213056112140925 0.010718442355082822
leaf_weight=25.352079931646589 15.798805419355633 11.462640080600975 3.292421542108058 3.4548694491386405 2.1362038776278496 6.2363213524222365
leaf_count=271 138 82 11 18 14 28
internal_value=-0.000529118 0.00693908 -0.00861239 -0.0125886 0.00589867 0
internal_weight=67.7333 33.4978 34.2356 28.8069 5.42863 22.0351
internal_count=562 248 314 289 25 166
is_linear=0
shrinkage=0.03


Tree=82
num_leaves=5
num_cat=0
split_feature=24 19 21 21
split_gain=5.52618 4.11588 1.61124 0.752957
threshold=0.84316000000000013 0.0046685000000000008 0.21124200000000004 0.080088500000000021
decision_type=2 8 10 10
left_child=3 -2 -3 -1
right_child=1 2 -4 -5
leaf_value=-0.020402755694182477 -0.015508781702521936 0.0039077405241031366 0.01909019194140836 0
leaf_weight=7.5647417306900007 4.4948024004697791 46.927864462137222 7.6068596839904776 1.417938709259033
leaf_count=91 50 375 33 7
internal_value=0.000566429 0.00453585 0.0074319 -0.0176199
internal_weight=68.0122 59.0295 54.5347 8.98268
internal_count=556 458 408 98
is_linear=0
shrinkage=0.03


Tree=83
num_leaves=7
num_cat=0
split_feature=24 20 25 25 3 16
split_gain=6.80394 4.07381 2.88594 1.55736 1.49661 0.570249
threshold=0.8523265000000001 0.019577000000000004 0.15660800000000002 0.73537500000000011 1.0000000180025095e-35 0.43249750000000003
decision_type=2 8 2 2 10 10
left_child=3 4 -3 5 -2 -1
right_child=1 2 -4 -5 -6 -7
leaf_value=-0.022196841071947922 -0.018006519052435489 0 0.015009078200232421 4.4820945296945541e-06 0.0018081305696797554 0
leaf_weight=9.1732070595025998 4.9072825014591208 19.358354855328798 28.688927389681339 1.0043781995773304 1.0616476684808729 2.0893232300877562
leaf_count=101 50 161 210 5 6 14
internal_value=0.000963774 0.00607615 0.009432 -0.0163534 -0.0117114 -0.0196097
internal_weight=66.2831 54.0162 48.0473 12.2669 5.96893 11.2625
internal_count=547 427 371 120 56 115
is_linear=0
shrinkage=0.03


Tree=84
num_leaves=7
num_cat=0
split_feature=24 17 3 5 2 21
split_gain=7.18597 2.97489 5.38878 2.15145 0.98982 0.899881
threshold=0.8523265000000001 0.14470000000000002 1.0000000180025095e-35 1.5000000000000002 0.47222200000000009 0.30858750000000007
decision_type=2 8 10 10 10 10
left_child=3 2 -2 5 -3 -1
right_child=1 4 -4 -5 -6 -7
leaf_value=-0.021371992748368106 -0.01225927483153254 0.012737064170306997 0.016685793910366741 0.0035533377775566993 0 0
leaf_weight=12.173176884651181 14.243221998214723 32.682328980416059 5.3848314434289923 1.0543158948421467 3.8723674789071074 0.94926050305366594
leaf_count=126 102 282 32 4 25 4
internal_value=0.000939885 0.00622945 -0.0018332 -0.015703 0.0111278 -0.0194842
internal_weight=70.3595 56.1827 19.6281 14.1768 36.5547 13.1224
internal_count=575 441 134 134 307 130
is_linear=0
shrinkage=0.03


Tree=85
num_leaves=6
num_cat=0
split_feature=24 19 25 21 22
split_gain=6.54095 3.60346 2.50782 0.784412 0.103789
threshold=0.8523265000000001 0.0046685000000000008 0.15660800000000002 0.080088500000000021 0.13270100000000004
decision_type=2 8 2 10 10
left_child=3 -2 -3 4 -1
right_child=1 2 -4 -5 -6
leaf_value=-0.021702181303635999 -0.014452071133227504 0 0.012592277533045704 0 0
leaf_weight=8.5034829154610616 4.1152860075235358 20.783214718103409 30.313084449619055 2.0143396705389014 1.0961401686072338
leaf_count=101 46 172 224 10 6
internal_value=0 0.00466768 0.00747822 -0.0177775 -0.0205571
internal_weight=66.8255 55.2116 51.0963 11.614 9.59962
internal_count=559 442 396 117 107
is_linear=0
shrinkage=0.03


Tree=86
num_leaves=7
num_cat=0
split_feature=21 22 4 24 24 25
split_gain=5.56129 3.95362 3.69429 1.8752 1.26826 0.787794
threshold=0.046415500000000005 0.43257100000000004 1.5000000000000002 0.96331000000000011 0.86056250000000012 0.59112300000000007
decision_type=8 8 10 2 2 2
left_child=2 4 3 -1 -2 -3
right_child=1 5 -4 -5 -6 -7
leaf_value=-0.016195567749625921 0 -0.0033796498160734182 0.010492077785733323 0.0038422041970570344 0.020583968124631792 0.0082544424362183556
leaf_weight=22.53125290572644 4.0064773336052921 19.65074506402016 3.3589648529887191 1.126907318830489 14.181018501520155 3.6088200397789469
leaf_count=171 20 239 20 7 65 37
internal_value=0.000527679 0.00761868 -0.00902545 -0.0137908 0.0170208 0
internal_weight=68.4642 41.4471 27.0171 23.6582 18.1875 23.2596
internal_count=559 361 198 178 85 276
is_linear=0
shrinkage=0.03


Tree=87
num_leaves=6
num_cat=0
split_feature=4 23 2 19 20
split_gain=5.07384 3.73706 3.25487 2.28635 2.08647
threshold=1.0000000180025095e-35 0.0097775000000000015 0.32575750000000009 0.32199800000000006 0.21677400000000005
decision_type=10 8 8 8 8
left_child=1 3 -3 -1 -2
right_child=4 2 -4 -5 -6
leaf_value=-0.020458371022229301 0.023792867782646679 0.012645787534920414 -0.002697664535302134 0 0
leaf_weight=9.5240732878446543 8.6884545609354937 15.626158155500887 29.610836260020733 3.9398532435297975 1.8862085789442069
leaf_count=89 51 66 319 33 10
internal_value=0.00196804 -0.00131916 0.00243733 -0.0139069 0.0186844
internal_weight=69.2756 58.7009 45.237 13.4639 10.5747
internal_count=568 507 385 122 61
is_linear=0
shrinkage=0.03


Tree=88
num_leaves=5
num_cat=0
split_feature=3 18 24 25
split_gain=4.97632 6.97933 6.73527 3.62769
threshold=1.5000000000000002 0.29475650000000003 0.84316000000000013 0.74456250000000013
decision_type=10 8 2 2
left_child=1 3 -3 -1
right_child=-2 2 -4 -5
leaf_value=-0.020048552186550508 0.019799790130597149 -0.019272484454530933 0.010695455614780608 0.0050184311796754718
leaf_weight=20.859717480838302 6.2366516664624205 5.1692054830491534 29.276785776019096 3.0855018198490134
leaf_count=163 41 66 273 12
internal_value=-0.000253672 -0.0037471 0.00421338 -0.015506
internal_weight=64.6279 58.3912 34.446 23.9452
internal_count=555 514 339 175
is_linear=0
shrinkage=0.03


Tree=89
num_leaves=5
num_cat=0
split_feature=3 23 18 18
split_gain=5.21239 4.46199 5.16606 0.848524
threshold=1.5000000000000002 0.57592050000000017 0.29475650000000003 0.076550000000000021
decision_type=10 10 10 10
left_child=1 2 -1 -3
right_child=-2 3 -4 -5
leaf_value=-0.0037327963937546942 0.020662969976667365 0 0.019165079080314677 -0.026328878028143737
leaf_weight=47.320963524281979 6.6996501237153998 1.6376114785671223 7.7494962513446799 4.687819167971611
leaf_count=447 43 9 34 31
internal_value=0 -0.00292197 0 -0.0221266
internal_weight=68.0955 61.3959 55.0705 6.32543
internal_count=564 521 481 40
is_linear=0
shrinkage=0.03


Tree=90
num_leaves=7
num_cat=0
split_feature=24 25 24 24 19 15
split_gain=5.4635 3.28178 6.3338 2.46071 0.956003 0.141952
threshold=0.8523265000000001 0.15660800000000002 0.89713450000000006 0.92562600000000017 0.25100350000000005 0.20060950000000002
decision_type=2 2 2 2 8 10
left_child=4 2 -2 -3 5 -1
right_child=1 3 -4 -5 -6 -7
leaf_value=-0.0043707749030802356 0.0090915180167215406 0.000347746153822708 -0.018728630404710019 0.018321859629311484 -0.020289758050812141 0.0024046380896986502
leaf_weight=2.252153083682058 12.288899011909963 17.166708156466484 10.391798444092272 14.931840922683476 8.3273523226380348 1.7422442808747289
leaf_count=15 89 128 112 114 101 8
internal_value=0 0.00439166 -0.00318569 0.0104152 -0.0157542 0
internal_weight=67.101 54.7792 22.6807 32.0985 12.3217 3.9944
internal_count=567 443 201 242 124 23
is_linear=0
shrinkage=0.03


Tree=91
num_leaves=6
num_cat=0
split_feature=4 18 2 19 23
split_gain=5.21168 7.35099 4.09371 2.23847 1.06803
threshold=1.0000000180025095e-35 0.12250800000000002 0.47222200000000009 0.1901245 0.61503100000000011
decision_type=10 8 8 10 8
left_child=1 3 -3 -1 -2
right_child=4 2 -4 -5 -6
leaf_value=-0.023773665034133886 0.022732234832717035 0.016390101427268499 -0.0016374398775249332 0 0
leaf_weight=11.130704261362554 7.6802189573645565 13.717868737876413 26.51143467053771 5.9688958898186675 1.7481538057327277
leaf_count=94 46 60 307 39 9
internal_value=0.00125052 -0.0020019 0.00452666 -0.017237 0.0191501
internal_weight=66.7573 57.3289 40.2293 17.0996 9.42837
internal_count=555 500 367 133 55
is_linear=0
shrinkage=0.03


Tree=92
num_leaves=7
num_cat=0
split_feature=24 20 4 16 16 15
split_gain=7.03283 3.31374 1.77695 1.66678 1.20334 0.205636
threshold=0.85071050000000004 0.019577000000000004 1.0000000180025095e-35 0.43249750000000003 0.71333450000000009 0.37850700000000004
decision_type=2 8 10 8 10 10
left_child=4 2 -2 -3 5 -1
right_child=1 3 -4 -5 -6 -7
leaf_value=-0.020737110612079033 -0.018046288985737534 0.014356873369052938 0.0037962849468379098 0.0014616009579772164 0 0
leaf_weight=9.3616927377879602 4.2421510294079772 26.291608162224293 1.3649794086813924 22.539950218051672 1.0205883979797352 1.0900862663984288
leaf_count=105 49 137 9 242 6 6
internal_value=0.00147591 0.0065068 -0.00977367 0.00941251 -0.016724 -0.01953
internal_weight=65.9111 54.4387 5.60713 48.8316 11.4724 10.4518
internal_count=554 437 58 379 117 111
is_linear=0
shrinkage=0.03


Tree=93
num_leaves=7
num_cat=0
split_feature=21 4 25 17 25 16
split_gain=3.81811 3.06562 1.65719 1.49309 1.13814 0.133026
threshold=0.090908500000000017 1.5000000000000002 0.21742650000000005 0.28953000000000001 0.17342150000000003 0.22921200000000003
decision_type=10 8 2 10 2 10
left_child=1 3 5 -1 -3 -2
right_child=2 4 -4 -5 -6 -7
leaf_value=-0.014658753312441031 -0.0020503019227344288 -0.0022689193847896527 0.019979834138488178 0 0.0082043111212097147 0.003569195980082469
leaf_weight=17.887222617864612 3.4483509957790357 11.202466007322075 7.7979221120476723 6.7243075519800177 14.634180400520561 4.2702129259705544
leaf_count=137 19 145 39 45 156 18
internal_value=0.000235821 -0.00340901 0.0123387 -0.0106715 0.00285928 0
internal_weight=65.9647 50.4482 15.5165 24.6115 25.8366 7.71856
internal_count=559 483 76 182 301 37
is_linear=0
shrinkage=0.03


Tree=94
num_leaves=6
num_cat=0
split_feature=4 18 25 22 16
split_gain=4.85806 5.08098 1.91217 1.57323 1.35822
threshold=1.0000000180025095e-35 0.092983500000000011 0.74456250000000013 0.0025770000000000003 0.22921200000000003
decision_type=10 8 2 8 10
left_child=1 2 -1 -3 -2
right_child=4 3 -4 -5 -6
leaf_value=-0.023142247428657069 0.020673588725996481 -0.011646838062677868 0 0.0025192742219868891 0
leaf_weight=12.223308421671389 6.2766654416918737 5.5934269502758971 1.7499993443489064 36.425276562571526 2.1265943050384521
leaf_count=107 39 49 7 340 11
internal_value=-0.0018449 -0.00561395 -0.0194667 0 0.0155079
internal_weight=64.3953 55.992 13.9733 42.0187 8.40326
internal_count=553 503 114 389 50
is_linear=0
shrinkage=0.03


Tree=95
num_leaves=7
num_cat=0
split_feature=25 24 21 25 24 24
split_gain=4.76435 2.80443 2.80635 2.77353 3.20849 1.29588
threshold=0.15660800000000002 0.92614150000000006 0.12386950000000001 0.056248000000000013 0.86056250000000012 0.80966100000000008
decision_type=2 2 10 2 2 2
left_child=3 2 -2 4 -1 -5
right_child=1 -3 -4 5 -6 -7
leaf_value=-0.017533307453908072 -0.0047241474456929588 0.01654944637378869 0.016740943656628232 0 0.0081604587814222123 -0.020555420433622372
leaf_weight=3.3015999570488956 20.248422600328926 13.117585200816391 4.160755179822444 0.95154865831136604 11.272030577063559 11.342383012175558
leaf_count=34 173 103 19 10 86 125
internal_value=0 0.00682971 0 -0.0089595 0 -0.0178879
internal_weight=64.3943 37.5268 24.4092 26.8676 14.5736 12.2939
internal_count=550 295 192 255 120 135
is_linear=0
shrinkage=0.03


Tree=96
num_leaves=7
num_cat=0
split_feature=22 2 23 19 8 23
split_gain=3.24965 2.46059 2.95998 1.7452 0.861171 0.287418
threshold=0.0025770000000000003 0.32575750000000009 0.51918300000000006 0.17025750000000003 8.431887500000002 0.86679700000000015
decision_type=8 8 10 8 8 10
left_child=4 2 -2 -3 5 -1
right_child=1 3 -4 -5 -6 -7
leaf_value=-0.015602873252423622 0.016793094254391072 -0.0127468906443654 -0.0046393153220416128 0.0022071269895948963 0 0
leaf_weight=9.5579661466181225 16.976617611944679 5.7974739223718634 3.9534316658973685 27.313536897301674 1.0314035341143615 1.0006901398301131
leaf_count=104 82 35 22 304 8 6
internal_value=0.000381064 0.00399669 0.011417 -0.000421883 -0.0117767 -0.0143668
internal_weight=65.6311 54.0411 20.93 33.111 11.5901 10.5587
internal_count=561 443 104 339 118 110
is_linear=0
shrinkage=0.03


Tree=97
num_leaves=7
num_cat=0
split_feature=22 24 2 3 18 22
split_gain=4.23589 4.85291 2.46648 1.555 0.700503 0.213974
threshold=0.040069000000000007 0.96457100000000007 0.32575750000000009 2.5000000000000004 0.086576000000000014 0.11419550000000002
decision_type=10 2 10 10 10 10
left_child=1 3 4 -1 -2 -4
right_child=2 -3 5 -5 -6 -7
leaf_value=-0.010649216777022439 0.00045880233389801982 0.018524173994356165 0 0.0056416896867115089 0.020873745229588275 -0.0056522107028078982
leaf_weight=37.518697042018175 5.5334979146719006 3.3240736424922934 3.1521370485424987 1.6304146200418461 9.6304339691996557 3.4081901609897614
leaf_count=403 31 26 16 11 41 20
internal_value=0 -0.0050188 0.0103859 -0.00890574 0.0163819 -0.00112726
internal_weight=64.1974 42.4732 21.7243 39.1491 15.1639 6.56033
internal_count=548 440 108 414 72 36
is_linear=0
shrinkage=0.03


Tree=98
num_leaves=7
num_cat=0
split_feature=21 20 2 2 20 7
split_gain=2.55062 2.47613 2.39865 2.90365 1.55037 1.29814
threshold=1.0000000180025095e-35 0.22530800000000004 0.58947350000000009 1.0000000180025095e-35 0.086848000000000022 1.0000000180025095e-35
decision_type=8 10 8 10 10 8
left_child=1 4 3 -2 -1 -4
right_child=2 -3 5 -5 -6 -7
leaf_value=-0.0062641705613768689 0 -0.020618982831458934 -0.014920594923184972 0.019361043745678257 0.012602930654544851 0.0010159460683462711
leaf_weight=6.6523419730365259 12.06557819247246 4.9252224490046492 2.213876165449622 13.038626991212366 3.4002494364976883 22.064454488456249
leaf_count=67 67 50 15 56 21 271
internal_value=0.00123992 -0.00796604 0.00490113 0.0109971 0 -0.000818598
internal_weight=64.3603 14.9778 49.3825 25.1042 10.0526 24.2783
internal_count=547 138 409 123 88 286
is_linear=0
shrinkage=0.03


Tree=99
num_leaves=5
num_cat=0
split_feature=3 17 24 4
split_gain=4.0869 4.11526 4.37912 1.46452
threshold=1.5000000000000002 0.11739550000000001 0.8523265000000001 1.0000000180025095e-35
decision_type=10 8 2 10
left_child=1 3 -3 -1
right_child=-2 2 -4 -5
leaf_value=-0.019584321323685438 0.018524709419709177 -0.014083216499789117 0.0062899232779834923 0
leaf_weight=12.008149050176142 5.554430626332759 9.512956500053404 34.329157989472151 1.6436695605516423
leaf_count=104 39 104 300 9
internal_value=-0.000375653 -0.00352564 0.000610025 -0.0163258
internal_weight=63.0484 57.4939 43.8421 13.6518
internal_count=556 517 404 113
is_linear=0
shrinkage=0.03


Tree=100
num_leaves=6
num_cat=0
split_feature=4 19 18 23 25
split_gain=4.3776 4.47571 2.93117 2.01736 1.98134
threshold=1.0000000180025095e-35 0.12293150000000001 0.29475650000000003 0.57592050000000017 0.51373150000000012
decision_type=10 8 8 8 2
left_child=1 2 -1 -2 -3
right_child=3 4 -4 -5 -6
leaf_value=-0.021041382910506192 0.02262206990683498 -0.0006244113305360141 0.0041032567921758618 0 0.012797624660400273
leaf_weight=11.837615791708227 7.853536739945409 30.707023475319147 2.1352364793419847 1.6956971734762198 9.4755613431334478
leaf_count=98 50 313 9 9 76
internal_value=0.000960722 -0.00214367 -0.0153853 0.0172606 0.00251515
internal_weight=63.7047 54.1554 13.9729 9.54923 40.1826
internal_count=555 496 107 59 389
is_linear=0
shrinkage=0.03


Tree=101
num_leaves=7
num_cat=0
split_feature=21 15 23 16 24 20
split_gain=3.61154 2.80599 2.3212 1.67129 1.28768 0.794135
threshold=0.12386950000000001 0.072277500000000008 1.0000000180025095e-35 0.13730800000000001 0.86056250000000012 0.047757000000000008
decision_type=8 10 10 10 2 10
left_child=1 3 4 -1 -2 -3
right_child=2 5 -4 -5 -6 -7
leaf_value=-0.0063774372467568499 -0.010124381741286541 0 0.015925330490137817 0.0096845256463943697 0.0039951149723326876 -0.020452089569939921
leaf_weight=11.686126135289674 4.8741306327283409 1.6148001328110684 10.482651166617869 6.6689380109310141 19.040748536586761 9.3363773450255376
leaf_count=102 72 11 50 35 216 66
internal_value=0 -0.00770926 0.00596431 0 0 -0.0178506
internal_weight=63.7038 29.3062 34.3975 18.3551 23.9149 10.9512
internal_count=552 214 338 137 288 77
is_linear=0
shrinkage=0.03


Tree=102
num_leaves=7
num_cat=0
split_feature=25 24 21 25 24 20
split_gain=4.75354 2.94979 3.03835 2.84402 2.80679 1.00474
threshold=0.15660800000000002 0.92562600000000017 0.12386950000000001 0.06937900000000001 0.8523265000000001 0.014690000000000002
decision_type=2 2 10 2 2 8
left_child=3 2 -2 4 -1 -3
right_child=1 5 -4 -5 -6 -7
leaf_value=-0.018040789904299304 -0.0055013293944388012 0 0.016917197794373378 -0.020371797194953429 0.0050750702208731575 0.019367554522845082
leaf_weight=3.3912662342190805 19.902811508625749 1.947868011891839 4.1328679025173178 9.5518341325223428 14.313959985971449 10.830188922584057
leaf_count=39 172 18 19 107 121 85
internal_value=0 0.00639586 0 -0.00935773 0 0.0164767
internal_weight=64.0708 36.8137 24.0357 27.2571 17.7052 12.7781
internal_count=561 294 191 267 160 103
is_linear=0
shrinkage=0.03


Tree=103
num_leaves=6
num_cat=0
split_feature=3 22 19 19 19
split_gain=3.74756 3.52552 1.77045 0.93991 0.329617
threshold=1.0000000180025095e-35 0.020809000000000005 0.11450050000000002 0.28057450000000006 0.019205000000000003
decision_type=10 8 10 10 10
left_child=1 4 -3 -2 -1
right_child=3 2 -4 -5 -6
leaf_value=0 0.019197408905483992 -0.0033996861877184457 0.0090227238904986261 0 -0.019673101587923462
leaf_weight=4.1357323713600627 5.9393112659454337 30.989058919250965 11.747205175459383 1.6103906184434889 8.4331932254135591
leaf_count=50 42 329 55 8 76
internal_value=-0.000687761 -0.00404793 0 0.0152348 -0.0162839
internal_weight=62.8549 55.3052 42.7363 7.5497 12.5689
internal_count=560 510 384 50 126
is_linear=0
shrinkage=0.03


Tree=104
num_leaves=5
num_cat=0
split_feature=3 25 25 24
split_gain=4.82971 3.06161 2.3624 1.46143
threshold=1.5000000000000002 0.15660800000000002 0.033283000000000007 0.85486150000000005
decision_type=10 2 2 2
left_child=1 2 -1 -3
right_child=-2 3 -4 -5
leaf_value=0 0.019579847720965403 -0.0084279158387487191 -0.017324184496901481 0.0051871689788256705
leaf_weight=8.4258748665452021 6.2398872002959243 5.3216388486325732 15.643771547824143 27.320138860493898
leaf_count=68 45 55 175 215
internal_value=-0.000127314 -0.00367287 -0.0113209 0.00160322
internal_weight=62.9513 56.7114 24.0696 32.6418
internal_count=558 513 243 270
is_linear=0
shrinkage=0.03


Tree=105
num_leaves=5
num_cat=0
split_feature=24 25 24 2
split_gain=4.6919 3.77397 3.04547 0.702023
threshold=0.84316000000000013 0.47717150000000003 0.88035700000000017 1.0000000180025095e-35
decision_type=2 2 2 8
left_child=-1 2 -2 -3
right_child=1 3 -4 -5
leaf_value=-0.017987052138719612 0.0085656801311983256 0 -0.0079446492868623254 0.015082865001630856
leaf_weight=8.4284274987876397 11.443159770220516 1.4547283500432993 25.896110516041517 16.389568500220776
leaf_count=99 84 10 251 117
internal_value=-1.12666e-05 0.00300451 -0.0018804 0.0134649
internal_weight=63.612 55.1836 37.3393 17.8443
internal_count=561 462 335 127
is_linear=0
shrinkage=0.03


Tree=106
num_leaves=5
num_cat=0
split_feature=24 20 20 4
split_gain=8.60556 3.50266 2.55535 1.40463
threshold=0.86056250000000012 0.019577000000000004 0.26826050000000007 1.0000000180025095e-35
decision_type=2 8 8 10
left_child=-1 3 -3 -2
right_child=1 2 -4 -5
leaf_value=-0.02047693025803041 -0.017721101457732071 0.015629224504792927 0.00045850138186434499 0.0014386904898621572
leaf_weight=11.838830612599848 4.5813680812716475 20.925293758511543 24.998767200857401 1.0473343357443807
leaf_count=132 55 115 252 7
internal_value=0 0.00528376 0.00851874 -0.0114186
internal_weight=63.3916 51.5528 45.9241 5.6287
internal_count=561 429 367 62
is_linear=0
shrinkage=0.03


Tree=107
num_leaves=7
num_cat=0
split_feature=25 25 20 19 22 21
split_gain=4.01488 2.51705 1.27383 1.12541 0.561856 0.47913
threshold=0.16362650000000004 0.080706500000000014 0.26826050000000007 0.011131000000000002 0.025934500000000003 0.0011505000000000003
decision_type=2 2 10 8 8 10
left_child=1 4 3 -2 -1 -4
right_child=2 -3 5 -5 -6 -7
leaf_value=-0.0066855085570959767 0 -0.016365197446434221 -0.0081029806973887484 0.012976410756819656 0.00356440048273331 0.0028580777653655922
leaf_weight=3.0996075049042764 3.0002232939004925 9.1823287867009622 2.8954216018319121 26.771007239818573 15.342647083103655 2.4697070121765137
leaf_count=36 22 107 25 223 124 11
internal_value=0.0019033 -0.00570668 0.00865126 0.0110483 0 -0.000255542
internal_weight=62.7609 27.6246 35.1364 29.7712 18.4423 5.36513
internal_count=548 267 281 245 160 36
is_linear=0
shrinkage=0.03


Tree=108
num_leaves=6
num_cat=0
split_feature=24 21 24 20 22
split_gain=2.59953 2.31603 2.49595 0.888884 0.513149
threshold=0.84316000000000013 0.21124200000000004 0.96457100000000007 0.019577000000000004 0.13270100000000004
decision_type=2 10 2 8 10
left_child=3 2 -2 -1 -5
right_child=1 -3 -4 4 -6
leaf_value=0 -0.0019608679364040088 0.016636266160499475 0.017767069691473663 -0.017205541576321034 0
leaf_weight=1.1119852289557428 43.679127596318722 6.7485229074954978 3.5476145893335334 7.101246055215598 0.80722881853580464
leaf_count=5 400 32 29 93 4
internal_value=0.000194526 0.00328176 0 -0.0119913 -0.0152246
internal_weight=62.9957 53.9753 47.2267 9.02046 7.90847
internal_count=563 461 429 102 97
is_linear=0
shrinkage=0.03


Tree=109
num_leaves=5
num_cat=0
split_feature=3 24 24 22
split_gain=3.71473 2.24145 2.32561 1.35201
threshold=1.5000000000000002 0.8523265000000001 0.88035700000000017 0.13270100000000004
decision_type=10 2 2 10
left_child=1 3 -3 -1
right_child=-2 2 -4 -5
leaf_value=-0.017349862076064086 0.018603956111549802 0.01156784184108519 -0.0028299529248306302 0
leaf_weight=8.8290176317095739 5.7080857157707205 10.289957486093043 36.625538866966963 2.567238211631774
leaf_count=110 43 73 334 12
internal_value=0 -0.00231762 0.000232347 -0.0127599
internal_weight=64.0198 58.3118 46.9155 11.3963
internal_count=572 529 407 122
is_linear=0
shrinkage=0.03


Tree=110
num_leaves=7
num_cat=0
split_feature=23 23 3 24 20 20
split_gain=4.11507 2.70062 2.58689 1.99686 0.481444 0.323999
threshold=0.0063255000000000013 0.51918300000000006 1.0000000180025095e-35 0.8523265000000001 0.026863000000000001 0.67209550000000007
decision_type=8 8 8 2 10 10
left_child=2 4 5 -3 -2 -1
right_child=1 3 -4 -5 -6 -7
leaf_value=-0.020491693125219076 0 -0.013255220027568976 0.0052086789284719404 0.0018719001632860866 0.013004248728373127 0
leaf_weight=10.473781213164324 3.2494105026125935 7.2046432755887535 1.6255934312939651 23.765304312109947 16.659867085516453 1.4155422002077109
leaf_count=117 18 87 13 252 81 15
internal_value=-0.000391167 0.00319618 -0.0138402 -0.00162387 0.0112343 -0.0189843
internal_weight=64.3941 50.8792 13.5149 30.9699 19.9093 11.8893
internal_count=583 438 145 339 99 132
is_linear=0
shrinkage=0.03


Tree=111
num_leaves=7
num_cat=0
split_feature=21 15 25 17 25 15
split_gain=5.55072 2.91122 2.73575 1.11025 0.945467 0.536874
threshold=0.046415500000000005 0.091057000000000013 0.17138100000000003 0.14470000000000002 0.06937900000000001 0.095590000000000022
decision_type=8 10 2 10 2 8
left_child=1 3 4 -1 -2 -4
right_child=2 -3 5 -5 -6 -7
leaf_value=-0.0075448817841481152 0.0027496508032169185 -0.023671400201511698 0 0.0058000945177555446 -0.008935756932670888 0.015173447581348224
leaf_weight=9.2995337359607237 12.92941925302148 7.2225274220108977 3.1574248224496868 6.0600801557302466 6.1874385848641387 17.953646123409271
leaf_count=91 108 56 19 38 75 171
internal_value=0 -0.0110323 0.00659821 -0.000558247 -0.000375116 0.013418
internal_weight=62.8101 22.5821 40.2279 15.3596 19.1169 21.1111
internal_count=558 185 373 129 183 190
is_linear=0
shrinkage=0.03


Tree=112
num_leaves=6
num_cat=0
split_feature=24 20 4 20 20
split_gain=4.5507 2.40314 1.74249 1.34856 0.198593
threshold=0.84316000000000013 0.019577000000000004 1.0000000180025095e-35 0.23524500000000001 0.024917500000000006
decision_type=2 8 10 10 8
left_child=4 2 -2 -3 -1
right_child=1 3 -4 -5 -6
leaf_value=0 -0.018260433205395568 0.009048919364431366 0.0034926762142401518 -0.00063655940708468256 -0.018694400264194708
leaf_weight=0.74580777436494727 4.052197139710187 38.854046169668436 1.3231513872742651 10.323175840079783 6.6865127794444561
leaf_count=4 51 336 9 63 94
internal_value=0.000210493 0.00393685 -0.00999084 0.0065211 -0.0175318
internal_weight=61.9849 54.5526 5.37535 49.1772 7.43232
internal_count=557 459 60 399 98
is_linear=0
shrinkage=0.03


Tree=113
num_leaves=5
num_cat=0
split_feature=24 19 24 20
split_gain=3.88218 2.28729 1.64189 1.61018
threshold=0.84316000000000013 0.0046685000000000008 0.92562600000000017 0.013324000000000001
decision_type=2 8 2 8
left_child=3 -2 -3 -1
right_child=1 2 -4 -5
leaf_value=0.0014647478352299518 -0.010324039140404292 0.0020322829369006051 0.014703534164190688 -0.019515325324389529
leaf_weight=0.801647849380969 3.6355205699801436 33.981894191354513 16.145191296935081 6.5829970575869083
leaf_count=3 50 269 136 86
internal_value=0.00166348 0.00507648 0.00727801 -0.0145837
internal_weight=61.1473 53.7626 50.1271 7.38464
internal_count=544 455 405 89
is_linear=0
shrinkage=0.03


Tree=114
num_leaves=5
num_cat=0
split_feature=3 17 18 24
split_gain=3.30191 3.76009 3.87497 2.73332
threshold=1.0000000180025095e-35 0.11739550000000001 0.17473850000000005 0.86056250000000012
decision_type=10 8 8 2
left_child=1 2 -1 -3
right_child=-2 3 -4 -5
leaf_value=-0.023857365395361835 0.017420413409142865 -0.0077848830342136469 0.0044632144641297755 0.0076164583860222103
leaf_weight=8.2850142791867221 7.0930775925517073 10.482200909405945 3.2850016131997117 31.70733854919672
leaf_count=83 50 114 16 276
internal_value=0.0014727 -0.000912441 -0.0144941 0.00286327
internal_weight=60.8526 53.7596 11.57 42.1895
internal_count=539 489 99 390
is_linear=0
shrinkage=0.03


Tree=115
num_leaves=6
num_cat=0
split_feature=3 17 23 22 23
split_gain=3.30633 3.62538 2.23502 1.32963 1.0865
threshold=1.0000000180025095e-35 0.11739550000000001 0.27391400000000005 0.041865000000000006 0.57592050000000017
decision_type=10 8 8 8 10
left_child=1 3 -3 -1 -2
right_child=4 2 -4 -5 -6
leaf_value=-0.021922994676458338 0.019877201566014028 0.010290507473612839 -0.0027271564922580357 0 0
leaf_weight=6.7947195693850491 6.1786771938204756 14.45714785531163 29.528053037822247 5.257411740720273 1.5332280844449995
leaf_count=71 45 87 327 28 9
internal_value=0 -0.00235356 0.00129687 -0.0152724 0.0157246
internal_weight=63.7492 56.0373 43.9852 12.0521 7.71191
internal_count=567 513 414 99 54
is_linear=0
shrinkage=0.03


Tree=116
num_leaves=7
num_cat=0
split_feature=24 17 24 22 20 16
split_gain=2.65148 2.37469 2.10346 1.49284 1.05497 0.494429
threshold=0.84316000000000013 0.20062100000000002 0.92562600000000017 0.020809000000000005 0.013324000000000001 0.43249750000000003
decision_type=2 10 2 10 8 10
left_child=4 2 -2 -3 -1 -6
right_child=1 3 -4 -5 5 -7
leaf_value=0.00010191611590698921 -0.0046215474183424893 0 0.0083688445691494865 0.018728072218590196 -0.017227466693399071 0
leaf_weight=0.93471223115920743 25.451547607779503 3.5578842833638182 15.353337831795214 10.181861653923987 6.4056715518236169 1.0059876963496206
leaf_count=4 233 27 157 45 82 8
internal_value=0.00152554 0.00445605 0 0.0139976 -0.0110963 -0.0150123
internal_weight=62.891 54.5446 40.8049 13.7397 8.34637 7.41166
internal_count=556 462 390 72 94 90
is_linear=0
shrinkage=0.03


Tree=117
num_leaves=7
num_cat=0
split_feature=24 24 25 22 21 25
split_gain=3.15538 2.57245 4.67327 3.0796 0.942314 0.452584
threshold=0.8523265000000001 0.88035700000000017 0.16362650000000004 0.020809000000000005 0.3197020000000001 0.73537500000000011
decision_type=2 2 2 8 10 2
left_child=4 3 -3 -2 5 -1
right_child=1 2 -4 -5 -6 -7
leaf_value=-0.015417243439545342 -0.0053158344101013142 -0.01180668174493949 0.0077611260250807518 0.022416760620206089 0 0
leaf_weight=9.5221007876098138 1.5695843026041956 13.983129262924193 27.538369871675968 9.227072861045599 1.0434009134769429 1.0386815667152394
leaf_count=118 13 151 225 60 4 7
internal_value=0.00101255 0.00463316 0.000145946 0.0159314 -0.0108555 -0.013764
internal_weight=63.9223 52.3182 41.5215 10.7967 11.6042 10.5608
internal_count=578 449 376 73 129 125
is_linear=0
shrinkage=0.03


Tree=118
num_leaves=5
num_cat=0
split_feature=21 25 3 19
split_gain=3.82366 3.61552 2.59179 0.0816238
threshold=0.21124200000000004 0.71528900000000017 1.5000000000000002 0.050422000000000008
decision_type=10 2 10 8
left_child=1 2 -1 -3
right_child=-2 3 -4 -5
leaf_value=-0.0090283168203744817 0.017304414274804048 0 0.010933254600954987 0.014404825800143623
leaf_weight=45.24715244397521 6.4223547577857962 1.6255438923835743 2.8010381609201422 4.9701126888394356
leaf_count=461 34 9 22 37
internal_value=0 -0.00327915 -0.00670281 0.0128332
internal_weight=61.0662 54.6438 48.0482 6.59566
internal_count=563 529 483 46
is_linear=0
shrinkage=0.03


Tree=119
num_leaves=6
num_cat=0
split_feature=4 2 2 15 19
split_gain=2.14956 2.46962 3.73945 1.80406 1.3913
threshold=1.0000000180025095e-35 0.32575750000000009 1.0000000180025095e-35 0.22672900000000004 0.35948100000000005
decision_type=10 10 10 10 8
left_child=1 2 -1 -2 -3
right_child=3 4 -4 -5 -6
leaf_value=-0.0032659284523980942 0.018456579646581386 -0.017110044013896156 0.017525127588661343 -0.0022938050075172753 0
leaf_weight=31.377492237836123 6.219339281320571 10.137626864016053 6.8355863764882079 1.6566799804568288 3.3408412858843812
leaf_count=345 42 89 31 10 31
internal_value=0 -0.0026814 0.000730241 0.0119047 -0.0125464
internal_weight=59.5676 51.6915 38.2131 7.87602 13.4785
internal_count=548 496 376 52 120
is_linear=0
shrinkage=0.03


Tree=120
num_leaves=6
num_cat=0
split_feature=23 23 3 2 20
split_gain=3.10939 3.56085 2.10901 2.0249 1.34104
threshold=0.0063255000000000013 0.51918300000000006 1.0000000180025095e-35 0.58947350000000009 0.051839000000000003
decision_type=8 8 8 10 10
left_child=2 3 -1 -2 -3
right_child=1 4 -4 -5 -6
leaf_value=-0.016550670451965059 0.015789418166709975 0.00031411878038158488 0.0049379601078037485 -0.0037867573292542393 -0.012127564739210664
leaf_weight=11.202121309936043 18.946538679301742 22.787696417421106 1.5987143367528922 1.91481253504753 6.4087030589580527
leaf_count=122 92 282 14 13 43
internal_value=0 0.00361696 -0.0115403 0.0124851 -0.00236064
internal_weight=62.8586 50.0578 12.8008 20.8614 29.1964
internal_count=566 430 136 105 325
is_linear=0
shrinkage=0.03


Tree=121
num_leaves=7
num_cat=0
split_feature=24 22 20 20 15 20
split_gain=3.47911 2.302 2.09294 1.61139 1.38947 0.212445
threshold=0.92562600000000017 0.040069000000000007 0.26826050000000007 0.014690000000000002 0.021537500000000005 1.0000000180025095e-35
decision_type=2 8 8 10 10 8
left_child=1 4 -3 5 -1 -2
right_child=3 2 -4 -5 -6 -7
leaf_value=0 -0.0024081199396232367 0.0095130219209805956 -0.0048124588108111321 0.020478465424581909 -0.019283897403159347 0.0037317585337645507
leaf_weight=4.1897331625223142 1.6678502447903163 12.759055405855181 17.376134980469942 7.1549810618162146 7.008354164659977 8.8309814631938934
leaf_count=44 28 63 208 42 57 99
internal_value=0.00121652 -0.00305548 0.000659629 0.0116622 -0.0131931 0.000215546
internal_weight=58.9871 41.3333 30.1352 17.6538 11.1981 10.4988
internal_count=541 372 271 169 101 127
is_linear=0
shrinkage=0.03


Tree=122
num_leaves=6
num_cat=0
split_feature=20 22 17 15 9
split_gain=2.13391 3.67842 1.57422 0.921133 0.816979
threshold=0.26826050000000007 0.040069000000000007 0.4950440000000001 0.053437500000000006 8.0180540000000011
decision_type=10 10 8 10 8
left_child=1 4 3 -2 -1
right_child=2 -3 -4 -5 -6
leaf_value=-0.0087031231842532118 0 0.012893964536619602 0.0025026537700887836 -0.022000803138947186 0
leaf_weight=10.478106707334517 3.2285624742507899 16.809659197926521 1.3211215436458594 4.9969397783279419 24.498587638139725
leaf_count=100 23 87 13 36 297
internal_value=0 0.00221366 -0.0114749 -0.0164612 -0.00274238
internal_weight=61.333 51.7864 9.54662 8.2255 34.9767
internal_count=556 484 72 59 397
is_linear=0
shrinkage=0.03


Tree=123
num_leaves=5
num_cat=0
split_feature=19 20 17 17
split_gain=2.3163 1.98956 1.15892 1.08997
threshold=0.0046685000000000008 0.26826050000000007 0.46442950000000005 0.46442950000000005
decision_type=8 8 8 10
left_child=-1 3 -3 -2
right_child=1 2 -4 -5
leaf_value=-0.012581132317189318 0.012859491510224402 -0.0084202129421819417 0.0031847856994252867 0
leaf_weight=4.0438071191310874 22.558171801269058 7.8892943933606174 23.7162283398211 2.3162622898817053
leaf_count=54 129 56 293 16
internal_value=0.00276357 0.00494572 0 0.0107904
internal_weight=60.5238 56.48 31.6055 24.8744
internal_count=548 494 349 145
is_linear=0
shrinkage=0.03


Tree=124
num_leaves=7
num_cat=0
split_feature=24 25 25 24 16 22
split_gain=2.77972 1.64434 3.73837 1.16907 1.04058 0.385979
threshold=0.8523265000000001 0.32855050000000002 0.06937900000000001 0.91989850000000006 0.35081600000000007 0.040069000000000007
decision_type=2 2 2 2 10 10
left_child=4 2 -2 -3 -1 -6
right_child=1 3 -4 -5 5 -7
leaf_value=-0.015966114880698351 0.0095603631591897331 0 -0.010002563139487259 0.016397034597531602 -0.0043920023522419065 0.0076429884038012111
leaf_weight=7.3332256302237493 13.728714577853681 10.502283137291672 15.345816452056168 9.449788209050892 1.3636907562613489 1.5057840943336485
leaf_count=96 112 81 157 73 17 6
internal_value=0.000421581 0.00395843 0 0.00999981 -0.0113393 0
internal_weight=59.2293 49.0266 29.0745 19.9521 10.2027 2.86947
internal_count=542 423 269 154 119 23
is_linear=0
shrinkage=0.03


Tree=125
num_leaves=7
num_cat=0
split_feature=23 23 16 2 4 19
split_gain=2.67327 3.63793 3.42885 2.56966 1.53409 0.688481
threshold=0.0063255000000000013 0.51918300000000006 0.071250000000000022 0.47222200000000009 1.0000000180025095e-35 0.40984150000000003
decision_type=8 8 10 10 8 10
left_child=4 3 -3 -2 5 -1
right_child=1 2 -4 -5 -6 -7
leaf_value=-0.019158883088604504 0.01802877167393609 0.0020799857173652791 -0.019650872118692271 -0.0028765684746743614 0.0022543471537234245 0
leaf_weight=7.1059979610145056 15.619163751602175 24.597723096609119 5.0876324437558642 3.2265444472432128 1.6443870738148696 2.6085059978067875
leaf_count=82 79 295 38 18 13 29
internal_value=0 0.0036142 -0.00218832 0.0131728 -0.0109854 -0.0155892
internal_weight=59.89 48.5311 29.6854 18.8457 11.3589 9.7145
internal_count=554 430 333 97 124 111
is_linear=0
shrinkage=0.03


Tree=126
num_leaves=7
num_cat=0
split_feature=25 25 17 20 23 9
split_gain=2.67288 2.20129 1.11784 1.05104 1.60858 0.840614
threshold=0.16362650000000004 0.06937900000000001 0.18755600000000003 0.45587550000000004 0.76460150000000004 8.4592630000000018
decision_type=2 2 8 10 8 10
left_child=1 2 -1 4 -2 -3
right_child=3 5 -4 -5 -6 -7
leaf_value=-0.0077143738316324826 0.013359020840129724 -0.017920798628422677 0.0060460075003208689 -0.004097080946324428 0 0
leaf_weight=5.2749303467571798 17.391887817531828 8.8618724122643435 11.050315722823141 2.4727410823106757 13.929303411394356 0.96214053034782487
leaf_count=46 106 117 101 20 161 6
internal_value=0.00023952 -0.00606375 0 0.00602898 0.00799076 -0.0154294
internal_weight=59.9432 26.1493 16.3252 33.7939 31.3212 9.82401
internal_count=557 270 147 287 267 123
is_linear=0
shrinkage=0.03


Tree=127
num_leaves=7
num_cat=0
split_feature=24 22 24 24 24 24
split_gain=3.34624 2.85655 2.0072 0.446966 2.23191 0.100261
threshold=0.92562600000000017 0.0025770000000000003 0.89286350000000014 0.9443005000000001 0.96457100000000007 0.90697650000000007
decision_type=2 8 2 2 2 2
left_child=1 5 -3 -2 -5 -1
right_child=3 2 -4 4 -6 -7
leaf_value=-0.019387741448429512 0.016782244422876597 0.0053350153532612373 -0.0082305799115881036 -0.0060265908158587955 0.016552623653019984 0
leaf_weight=5.2007096447050563 7.7063611485064056 25.313308961689472 11.770880185067652 5.9388975836336595 3.2638408541679382 1.4332892522215841
leaf_count=66 73 212 104 67 29 14
internal_value=0.000930113 -0.00300329 0 0.0115268 0.00162356 -0.0176237
internal_weight=60.6273 43.7182 37.0842 16.9091 9.20274 6.634
internal_count=565 396 316 169 96 80
is_linear=0
shrinkage=0.03


Tree=128
num_leaves=7
num_cat=0
split_feature=25 25 24 24 21 4
split_gain=2.92408 2.824 3.16476 1.79029 1.4369 0.906192
threshold=0.16362650000000004 0.06937900000000001 0.8523265000000001 0.91989850000000006 0.12386950000000001 1.0000000180025095e-35
decision_type=2 2 2 2 10 10
left_child=1 2 -1 4 -2 -3
right_child=3 5 -4 -5 -6 -7
leaf_value=-0.01588764979586613 -0.0024746156217345656 -0.01898830973949275 0.0089709734931163309 0.015324476597386224 0.012817145297946557 0
leaf_weight=3.1052008904516759 18.09181480482221 8.372362826019522 13.530091520398853 12.417753636837004 4.1048157215118399 0.78428380191326219
leaf_count=40 163 109 112 107 22 5
internal_value=0.00152353 -0.00515896 0.00108446 0.00731471 0.000352004 -0.0164379
internal_weight=60.4063 25.7919 16.6353 34.6144 22.1966 9.15665
internal_count=558 266 152 292 185 114
is_linear=0
shrinkage=0.03


Tree=129
num_leaves=5
num_cat=0
split_feature=3 19 22 17
split_gain=1.66791 1.56468 2.33403 2.14152
threshold=1.5000000000000002 0.18328200000000003 0.044478500000000004 0.28037750000000006
decision_type=10 8 10 10
left_child=1 3 -3 -1
right_child=-2 2 -4 -5
leaf_value=-0.013768418973887784 0.014613749329293973 -0.0010245860682276465 0.014389380834173609 0.0038391495215416263
leaf_weight=12.927090778946878 4.0510080382227889 30.093737415969372 8.0344281643629056 4.9373689368367186
leaf_count=106 37 354 38 26
internal_value=0.000620122 -0.000575443 0.00230672 -0.0076119
internal_weight=60.0436 55.9926 38.1282 17.8645
internal_count=561 524 392 132
is_linear=0
shrinkage=0.03


Tree=130
num_leaves=7
num_cat=0
split_feature=22 20 24 6 20 24
split_gain=3.43265 2.85506 1.73142 1.47029 0.974376 0.896168
threshold=0.040069000000000007 0.26826050000000007 0.85387250000000015 8.6832670000000025 0.53953550000000006 0.92562600000000017
decision_type=8 8 2 10 8 2
left_child=3 2 -2 4 -1 -3
right_child=1 5 -4 -5 -6 -7
leaf_value=-0.017070462906441795 0 -0.0053500415240142754 0.01794460278799687 0.0027225437940388733 0 0.0046622409395595281
leaf_weight=12.236840691417456 2.8517038226127616 17.548372685909275 12.26943691074848 1.6270077899098385 3.1378496922552594 8.2528767697513086
leaf_count=123 16 207 67 14 31 90
internal_value=0 0.0043083 0.013614 -0.0106628 -0.0139253 -0.000953814
internal_weight=57.9241 40.9224 15.1211 17.0017 15.3747 25.8012
internal_count=548 380 83 168 154 297
is_linear=0
shrinkage=0.03


Tree=131
num_leaves=6
num_cat=0
split_feature=4 16 15 18 25
split_gain=3.8179 4.0523 1.73671 1.66762 1.48486
threshold=1.0000000180025095e-35 0.18622950000000002 0.23709800000000003 0.32362000000000007 0.53674600000000006
decision_type=10 8 8 10 2
left_child=1 3 -2 -1 -3
right_child=2 4 -4 -5 -6
leaf_value=-0.017934756092610454 0.02120817806371007 -0.00026777950621348644 0 0 0.012140975271513673
leaf_weight=13.796929907053711 7.0572725385427448 26.339831575751305 1.4167263880372054 3.3736843504011622 7.5485650189220896
leaf_count=128 54 287 9 20 60
internal_value=0 -0.00296585 0.0160632 -0.0139086 0.00244557
internal_weight=59.533 51.059 8.474 17.1706 33.8884
internal_count=558 495 63 148 347
is_linear=0
shrinkage=0.03


Tree=132
num_leaves=5
num_cat=0
split_feature=3 5 20 19
split_gain=1.40324 1.16261 1.405 1.13977
threshold=1.5000000000000002 1.0000000180025095e-35 0.5614745000000001 0.17848950000000002
decision_type=10 8 10 10
left_child=1 2 -1 -3
right_child=-2 3 -4 -5
leaf_value=-0.011180762619663265 0.014959659271280798 0 0.0055425852047909655 0.010728115772320928
leaf_weight=10.962872333824633 4.1677649319171897 34.178518332540989 1.7983664646744717 9.5604717656970006
leaf_count=73 38 370 11 68
internal_value=0.00232121 0.000177466 -0.00631424 0.00299706
internal_weight=60.668 56.5002 12.7612 43.739
internal_count=560 522 84 438
is_linear=0
shrinkage=0.03


Tree=133
num_leaves=5
num_cat=0
split_feature=24 23 23 17
split_gain=2.49777 3.26829 2.27598 1.41423
threshold=0.96457100000000007 0.0014810000000000001 0.11923600000000002 0.43933750000000005
decision_type=2 8 8 10
left_child=1 3 -3 -1
right_child=-2 2 -4 -5
leaf_value=-0.018978149138883165 0.018406067167653591 0.013633517026737129 -0.0010686812097834893 0
leaf_weight=8.6775197982788068 3.2612556144595137 8.4920497238635999 38.567649956792593 1.9566239900887001
leaf_count=104 29 45 373 19
internal_value=0 -0.0014453 0.00164313 -0.0146672
internal_weight=60.9551 57.6938 47.0597 10.6341
internal_count=570 541 418 123
is_linear=0
shrinkage=0.03


Tree=134
num_leaves=6
num_cat=0
split_feature=24 24 25 25 21
split_gain=4.02135 2.44378 3.82795 1.55465 0.52066
threshold=0.85071050000000004 0.88035700000000017 0.16362650000000004 0.068373500000000018 0.12386950000000001
decision_type=2 2 2 2 10
left_child=4 3 -3 -2 -1
right_child=1 2 -4 -5 -6
leaf_value=-0.018121106944918926 0.022277349816668408 -0.012130640493406232 0.0060804762272501289 0 0
leaf_weight=7.7516452372074109 5.3739707693457586 13.307647742331026 25.276602752506733 5.740388423204422 1.3331021666526792
leaf_count=109 31 148 209 49 6
internal_value=0 0.00325179 0 0.0139753 -0.0159178
internal_weight=58.7834 49.6986 38.5843 11.1144 9.08475
internal_count=552 437 357 80 115
is_linear=0
shrinkage=0.03


Tree=135
num_leaves=7
num_cat=0
split_feature=25 25 21 15 23 4
split_gain=2.47071 1.92726 1.61997 2.27481 0.922626 0.383351
threshold=0.16362650000000004 0.080706500000000014 0.11378600000000001 0.053437500000000006 0.51918300000000006 1.0000000180025095e-35
decision_type=2 2 10 10 10 10
left_child=1 4 3 -2 -1 -3
right_child=2 5 -4 -5 -6 -7
leaf_value=0.0041253081821105491 0.0073466845957238965 -0.016724837952701539 0.018727304011324424 -0.0089806663077111153 -0.0099492204752712858 0
leaf_weight=15.555751450359827 21.854861941188577 6.7230508066713801 5.6954040825366965 7.1936079524457446 2.1984425708651534 1.0541332364082334
leaf_count=150 210 94 35 52 14 6
internal_value=0.00140256 -0.00473688 0.00672684 0.0019051 0 -0.0148441
internal_weight=60.2753 25.5314 34.7439 29.0485 17.7542 7.77718
internal_count=561 264 297 262 164 100
is_linear=0
shrinkage=0.03


Tree=136
num_leaves=6
num_cat=0
split_feature=25 7 17 24 25
split_gain=2.74491 2.39849 2.62697 1.42115 0.397054
threshold=0.53674600000000006 8.6832670000000025 0.28037750000000006 0.90075650000000007 0.73537500000000011
decision_type=2 10 8 2 2
left_child=1 2 -1 4 -2
right_child=3 -3 -4 -5 -6
leaf_value=-0.015954155187475592 -0.0073496682780646349 0.012126675142171547 0 0.016774561112240138 0.0040360927821805476
leaf_weight=12.81420500949025 2.1995745934545989 3.7693070843815795 25.461689133197069 8.5557670593261701 1.6948713362216947
leaf_count=123 17 28 283 69 10
internal_value=0 -0.00332441 -0.0063436 0.0112993 0
internal_weight=54.4954 42.0452 38.2759 12.4502 3.89445
internal_count=530 434 406 96 27
is_linear=0
shrinkage=0.03


Tree=137
num_leaves=7
num_cat=0
split_feature=22 23 15 25 20 18
split_gain=2.23378 2.73292 2.47086 1.53198 1.26773 1.23039
threshold=0.057707000000000001 1.0000000180025095e-35 0.021537500000000005 0.16362650000000004 0.26826050000000007 0.0093940000000000013
decision_type=10 10 10 2 8 10
left_child=2 -2 3 -1 -3 -4
right_child=1 4 5 -5 -6 -7
leaf_value=-0.0041897630367342927 -0.0075944684936962064 0.018459384409044884 0 0.007671197029094589 0 -0.016475642117714774
leaf_weight=13.052358243614437 2.3833746090531376 12.333558164536949 1.2052316516637791 17.440540980547667 2.0506290793418893 9.5248610600829107
leaf_count=188 19 65 9 175 13 72
internal_value=0.00127396 0.00989331 -0.00198691 0.00177792 0.0153272 -0.0129216
internal_weight=57.9906 16.7676 41.223 30.4929 14.3842 10.7301
internal_count=541 97 444 363 78 81
is_linear=0
shrinkage=0.03


Tree=138
num_leaves=5
num_cat=0
split_feature=24 19 19 19
split_gain=1.62307 1.62533 1.40272 0.745174
threshold=0.83112450000000015 0.0046685000000000008 0.018188500000000003 0.25100350000000005
decision_type=2 8 8 8
left_child=3 -2 -3 -1
right_child=1 2 -4 -5
leaf_value=0 -0.0096425687279095822 0.01981103371996552 0.0029266195740341953 -0.014277034055735193
leaf_weight=1.6031722277402867 2.8826662376523009 3.6832593828439704 45.382679414004087 4.1271143071353436
leaf_count=13 45 20 405 62
internal_value=0.00172457 0.00395417 0.00583875 -0.00946485
internal_weight=57.6789 51.9486 49.0659 5.73029
internal_count=545 470 425 75
is_linear=0
shrinkage=0.03


Tree=139
num_leaves=6
num_cat=0
split_feature=24 24 24 17 16
split_gain=2.8136 3.5044 2.60236 2.26964 1.49282
threshold=0.85071050000000004 0.88035700000000017 0.92562600000000017 0.21744200000000002 0.43249750000000003
decision_type=2 2 2 8 10
left_child=4 3 -3 -2 -1
right_child=1 2 -4 -5 -6
leaf_value=-0.017182866251139527 0 -0.0074166018686739714 0.0073915395134092187 0.023311533843135807 0.00091417127507494088
leaf_weight=7.3490376211702806 2.2778914421796772 20.124234203249216 16.587401013821363 8.0940081886947155 1.6623742394149301
leaf_count=99 17 185 172 54 11
internal_value=0.000517573 0.00407619 0 0.0172655 -0.0119523
internal_weight=56.0949 47.0835 36.7116 10.3719 9.01141
internal_count=538 428 357 71 110
is_linear=0
shrinkage=0.03


Tree=140
num_leaves=5
num_cat=0
split_feature=4 17 22 21
split_gain=1.88895 3.29922 1.78417 1.32862
threshold=1.5000000000000002 0.11739550000000001 0.020809000000000005 0.15176500000000001
decision_type=10 8 10 8
left_child=1 3 -3 -1
right_child=-2 2 -4 -5
leaf_value=-0.018915010896489583 0.013244143873189817 -0.0028610282255390877 0.0088971203710612803 0
leaf_weight=9.6725615076720679 4.4283768460154525 27.14136765524745 14.634946525096892 2.1142807826399812
leaf_count=99 38 335 76 12
internal_value=-0.000379183 -0.00267859 0.00090818 -0.0150251
internal_weight=57.9915 53.5632 41.7763 11.7868
internal_count=560 522 411 111
is_linear=0
shrinkage=0.03


Tree=141
num_leaves=6
num_cat=0
split_feature=3 17 23 21 15
split_gain=2.0923 2.2063 1.93081 1.92993 0.615831
threshold=1.0000000180025095e-35 0.17935250000000003 0.24103550000000004 0.046415500000000005 0.22672900000000004
decision_type=10 8 8 8 10
left_child=1 3 -3 -1 -2
right_child=4 2 -4 -5 -6
leaf_value=-0.016389090748464962 0.01775661181131526 0.012894263849858241 -0.00024855870041643011 9.9274914483539958e-05 0
leaf_weight=9.2708519920706713 5.2248694449663153 10.016424082219599 26.72074380889535 6.3052582070231447 1.1652269586920736
leaf_count=98 45 63 311 32 8
internal_value=0.00159857 -0.000175988 0.00328282 -0.00916146 0.0147359
internal_weight=58.7034 52.3133 36.7372 15.5761 6.3901
internal_count=557 504 374 130 53
is_linear=0
shrinkage=0.03


end of trees

feature_importances:
reranker_score_bge_reranker_v2_m3=105
embedding_cosine_bge_m3=98
max_category_share_percentile_gap_abs=65
repeated_title_share_percentile_gap_abs=59
shared_description_count_capped=54
repeated_description_share_percentile_gap_abs=52
shared_title_count_capped=47
punct_ratio_mean_percentile_gap_abs=41
item_count_percentile_gap_abs=33
digit_ratio_mean_percentile_gap_abs=31
description_length_median_percentile_gap_abs=29
title_length_median_percentile_gap_abs=28
profile_category_jaccard=23
price_median_percentile_gap_abs=21
shared_description_idf_sum=10
shared_category_count_capped=7
shared_title_idf_mean=3
shared_title_idf_sum=2
shared_description_idf_mean=2

parameters:
[boosting: gbdt]
[objective: binary]
[metric: binary_logloss,auc]
[tree_learner: serial]
[device_type: cpu]
[data_sample_strategy: bagging]
[data: ]
[valid: ]
[num_iterations: 160]
[learning_rate: 0.03]
[num_leaves: 7]
[num_threads: 0]
[seed: 20260320]
[deterministic: 1]
[force_col_wise: 1]
[force_row_wise: 0]
[histogram_pool_size: -1]
[max_depth: 3]
[min_data_in_leaf: 10]
[min_sum_hessian_in_leaf: 0.001]
[bagging_fraction: 0.8]
[pos_bagging_fraction: 1]
[neg_bagging_fraction: 1]
[bagging_freq: 1]
[bagging_seed: 20260320]
[bagging_by_query: 0]
[feature_fraction: 0.6]
[feature_fraction_bynode: 1]
[feature_fraction_seed: 20260320]
[extra_trees: 0]
[extra_seed: 10983]
[early_stopping_round: 0]
[early_stopping_min_delta: 0]
[first_metric_only: 0]
[max_delta_step: 0]
[lambda_l1: 1]
[lambda_l2: 3]
[linear_lambda: 0]
[min_gain_to_split: 0.05]
[drop_rate: 0.1]
[max_drop: 50]
[skip_drop: 0.5]
[xgboost_dart_mode: 0]
[uniform_drop: 0]
[drop_seed: 19421]
[top_rate: 0.2]
[other_rate: 0.1]
[min_data_per_group: 100]
[max_cat_threshold: 32]
[cat_l2: 10]
[cat_smooth: 10]
[max_cat_to_onehot: 4]
[top_k: 20]
[monotone_constraints: ]
[monotone_constraints_method: basic]
[monotone_penalty: 0]
[feature_contri: ]
[forcedsplits_filename: ]
[refit_decay_rate: 0.9]
[cegb_tradeoff: 1]
[cegb_penalty_split: 0]
[cegb_penalty_feature_lazy: ]
[cegb_penalty_feature_coupled: ]
[path_smooth: 0]
[interaction_constraints: ]
[verbosity: -1]
[saved_feature_importance_type: 0]
[use_quantized_grad: 0]
[num_grad_quant_bins: 4]
[quant_train_renew_leaf: 0]
[stochastic_rounding: 1]
[linear_tree: 0]
[max_bin: 255]
[max_bin_by_feature: ]
[min_data_in_bin: 3]
[bin_construct_sample_cnt: 200000]
[data_random_seed: 20260320]
[is_enable_sparse: 1]
[enable_bundle: 1]
[use_missing: 1]
[zero_as_missing: 0]
[feature_pre_filter: 1]
[pre_partition: 0]
[two_round: 0]
[header: 0]
[label_column: ]
[weight_column: ]
[group_column: ]
[ignore_column: ]
[categorical_feature: ]
[forcedbins_filename: ]
[precise_float_parser: 0]
[parser_config_file: ]
[objective_seed: 10697]
[num_class: 1]
[is_unbalance: 0]
[scale_pos_weight: 1]
[sigmoid: 1]
[boost_from_average: 1]
[reg_sqrt: 0]
[alpha: 0.9]
[fair_c: 1]
[poisson_max_delta_step: 0.7]
[tweedie_variance_power: 1.5]
[lambdarank_truncation_level: 30]
[lambdarank_norm: 1]
[label_gain: ]
[lambdarank_position_bias_regularization: 0]
[eval_at: ]
[multi_error_top_k: 1]
[auc_mu_weights: ]
[num_machines: 1]
[local_listen_port: 12400]
[time_out: 120]
[machine_list_filename: ]
[machines: ]
[gpu_platform_id: -1]
[gpu_device_id: -1]
[gpu_use_dp: 0]
[num_gpu: 1]

end of parameters

pandas_categorical:null
