point,role,actual_domain,average_precision,trapezoidal_pr_auc,roc_auc,recall_at_fpr_1pct,brier,log_loss,precision,recall,f1,specificity,balanced_accuracy,mcc,map,mrr,recall_at_1,recall_at_3,recall_at_5,recall_at_10,ndcg_at_1,ndcg_at_3,ndcg_at_5,ndcg_at_10
ABC_LOGIT0.1_stage1,first-cal,A,0.3094181631190651,0.2957845689808811,0.7472486033519552,0.175,0.04401048413173071,0.1773503755206304,0.5,0.034999999999999996,0.06455862977602109,0.9997206703910614,0.5173603351955308,0.12518029451851675,0.47715296576840044,0.5228928436505403,0.2883928571428571,0.5089285714285714,0.6026785714285714,0.7178571428571429,0.3857142857142857,0.45085947789204645,0.4931439278205497,0.5341514972337275
ABC_LOGIT0.1_stage1,first-cal,B,0.23281405062514787,0.21945579837725404,0.7118994413407822,0.1325,0.04683136666402305,0.1891178673893247,0.3,0.015,0.02857142857142857,0.9997206703910614,0.5073603351955307,0.06415247625873062,0.3960056330228399,0.44327058784546863,0.22232142857142856,0.3991071428571429,0.5026785714285713,0.6901785714285715,0.29285714285714287,0.35189949106496343,0.39809182508271246,0.4650796415485988
ABC_LOGIT0.1_stage1,first-cal,C,0.181003301769114,0.16762114143273768,0.6821438547486034,0.09000000000000001,0.048714660049772526,0.1968760788418635,0.05,0.0025,0.0047619047619047615,1.0,0.50125,0.010894965133124079,0.32631018534835166,0.3663276253420927,0.14732142857142855,0.31339285714285714,0.43839285714285703,0.649107142857143,0.21249999999999997,0.26705204455307413,0.32277287481095474,0.39813816076303743
ABC_LOGIT0.1_stage1,raw,A,0.3094181631190651,0.2957845689808811,0.7472486033519552,0.175,0.04956234855280708,0.24549185455670336,0.0,0.0,0.0,1.0,0.5,0.0,0.47715296576840044,0.5228928436505403,0.2883928571428571,0.5089285714285714,0.6026785714285714,0.7178571428571429,0.3857142857142857,0.45085947789204645,0.4931439278205497,0.5341514972337275
ABC_LOGIT0.1_stage1,raw,B,0.23281405062514787,0.21945579837725404,0.7118994413407822,0.1325,0.05053619815334962,0.2534666543965812,0.0,0.0,0.0,1.0,0.5,0.0,0.3960056330228399,0.44327058784546863,0.22232142857142856,0.3991071428571429,0.5026785714285713,0.6901785714285715,0.29285714285714287,0.35189949106496343,0.39809182508271246,0.4650796415485988
ABC_LOGIT0.1_stage1,raw,C,0.181003301769114,0.16762114143273768,0.6821438547486034,0.09000000000000001,0.050989167016704195,0.255799362946023,0.0,0.0,0.0,1.0,0.5,0.0,0.32631018534835166,0.3663276253420927,0.14732142857142855,0.31339285714285714,0.43839285714285703,0.649107142857143,0.21249999999999997,0.26705204455307413,0.32277287481095474,0.39813816076303743
ABC_LOGIT0.1_stage1,stage-cal,A,0.3094181631190651,0.2957845689808811,0.7472486033519552,0.175,0.04401048413173071,0.1773503755206304,0.5,0.034999999999999996,0.06455862977602109,0.9997206703910614,0.5173603351955308,0.12518029451851675,0.47715296576840044,0.5228928436505403,0.2883928571428571,0.5089285714285714,0.6026785714285714,0.7178571428571429,0.3857142857142857,0.45085947789204645,0.4931439278205497,0.5341514972337275
ABC_LOGIT0.1_stage1,stage-cal,B,0.23281405062514787,0.21945579837725404,0.7118994413407822,0.1325,0.04683136666402305,0.1891178673893247,0.3,0.015,0.02857142857142857,0.9997206703910614,0.5073603351955307,0.06415247625873062,0.3960056330228399,0.44327058784546863,0.22232142857142856,0.3991071428571429,0.5026785714285713,0.6901785714285715,0.29285714285714287,0.35189949106496343,0.39809182508271246,0.4650796415485988
ABC_LOGIT0.1_stage1,stage-cal,C,0.181003301769114,0.16762114143273768,0.6821438547486034,0.09000000000000001,0.048714660049772526,0.1968760788418635,0.05,0.0025,0.0047619047619047615,1.0,0.50125,0.010894965133124079,0.32631018534835166,0.3663276253420927,0.14732142857142855,0.31339285714285714,0.43839285714285703,0.649107142857143,0.21249999999999997,0.26705204455307413,0.32277287481095474,0.39813816076303743
ABC_LOGIT0.1_stage2,first-cal,A,0.3071382191603079,0.2918960849935906,0.7511103351955307,0.1975,0.044316106731853336,0.1789343215904852,0.4375,0.0325,0.059253246753246766,0.9991620111731845,0.5158310055865922,0.10964078424134982,0.4579214435169203,0.5006839387394573,0.2571428571428571,0.49017857142857146,0.6008928571428573,0.7339285714285714,0.35357142857142854,0.42798481198103894,0.4766054366723297,0.5236235541442854
ABC_LOGIT0.1_stage2,first-cal,B,0.32360573104550483,0.3105250216613996,0.7734427374301677,0.205,0.04380201620791554,0.17515667983361824,0.6583333333333334,0.06000000000000001,0.10859213250517599,0.9988826815642458,0.529441340782123,0.1864751757823089,0.48022454940955595,0.5375708038569311,0.28839285714285723,0.5026785714285714,0.6187499999999999,0.7544642857142857,0.3910714285714286,0.4492392891275725,0.5013802114746182,0.5498783042686715
ABC_LOGIT0.1_stage2,first-cal,C,0.23518039600211763,0.2203785703575598,0.7151466480446927,0.12750000000000003,0.04645514251598488,0.18756919570723307,0.35,0.025,0.04632034632034632,0.9994413407821229,0.5122206703910615,0.08778547960421776,0.4019222145555765,0.4442649159845031,0.2196428571428571,0.41517857142857145,0.5142857142857142,0.6875,0.3017857142857142,0.3613023735567028,0.40559355731222857,0.4670910604457833
ABC_LOGIT0.1_stage2,raw,A,0.3071382191603079,0.2918960849935906,0.7511103351955307,0.1975,0.0498989663221556,0.2548050902057868,0.0,0.0,0.0,1.0,0.5,0.0,0.4579214435169203,0.5006839387394573,0.2571428571428571,0.49017857142857146,0.6008928571428573,0.7339285714285714,0.35357142857142854,0.42798481198103894,0.4766054366723297,0.5236235541442854
ABC_LOGIT0.1_stage2,raw,B,0.32360573104550483,0.3105250216613996,0.7734427374301677,0.205,0.049431727160662964,0.2536053011142762,0.0,0.0,0.0,1.0,0.5,0.0,0.48022454940955595,0.5375708038569311,0.28839285714285723,0.5026785714285714,0.6187499999999999,0.7544642857142857,0.3910714285714286,0.4492392891275725,0.5013802114746182,0.5498783042686715
ABC_LOGIT0.1_stage2,raw,C,0.23518039600211763,0.2203785703575598,0.7151466480446927,0.12750000000000003,0.0506306866361652,0.2589855306562256,0.0,0.0,0.0,1.0,0.5,0.0,0.4019222145555765,0.4442649159845031,0.2196428571428571,0.41517857142857145,0.5142857142857142,0.6875,0.3017857142857142,0.3613023735567028,0.40559355731222857,0.4670910604457833
ABC_LOGIT0.1_stage2,stage-cal,A,0.3071382191603079,0.2918960849935906,0.7511103351955307,0.1975,0.04416686014856366,0.17861855957509296,0.4523809523809524,0.06,0.10258119497249932,0.9977653631284913,0.5288826815642457,0.14820468823007224,0.4579214435169203,0.5006839387394573,0.2571428571428571,0.49017857142857146,0.6008928571428573,0.7339285714285714,0.35357142857142854,0.42798481198103894,0.4766054366723297,0.5236235541442854
ABC_LOGIT0.1_stage2,stage-cal,B,0.32360573104550483,0.3105250216613996,0.7734427374301677,0.205,0.04352441144724827,0.17390946542329458,0.7133333333333333,0.08500000000000005,0.14798792511835987,0.9979050279329609,0.5414525139664805,0.227420162917783,0.48022454940955595,0.5375708038569311,0.28839285714285723,0.5026785714285714,0.6187499999999999,0.7544642857142857,0.3910714285714286,0.4492392891275725,0.5013802114746182,0.5498783042686715
ABC_LOGIT0.1_stage2,stage-cal,C,0.23518039600211763,0.2203785703575598,0.7151466480446927,0.12750000000000003,0.046781320443959745,0.18892151761640805,0.475,0.0375,0.06867118388857518,0.9984636871508379,0.5179818435754189,0.12277045082779561,0.4019222145555765,0.4442649159845031,0.2196428571428571,0.41517857142857145,0.5142857142857142,0.6875,0.3017857142857142,0.3613023735567028,0.40559355731222857,0.4670910604457833
ABC_LOGIT0.1_stage3,first-cal,A,0.30875465789814105,0.29550271148596546,0.7574092178770949,0.195,0.04414696547904567,0.17869929634777287,0.7008333333333333,0.06250000000000003,0.11198353096179184,0.9991620111731845,0.5308310055865924,0.19505613680383396,0.4657548977146636,0.5161711052013295,0.2723214285714285,0.4937500000000001,0.5866071428571428,0.7366071428571429,0.37142857142857144,0.43722124864002065,0.47831287818388946,0.5314056992843548
ABC_LOGIT0.1_stage3,first-cal,B,0.29865852519819625,0.28484951264083425,0.7632751396648044,0.18,0.04451242771316571,0.17889475188261522,0.6541666666666667,0.06000000000000001,0.10841097308488615,0.9981843575418994,0.5290921787709498,0.18384796216654814,0.45363298151322795,0.5120016922976458,0.26517857142857143,0.47857142857142865,0.588392857142857,0.7508928571428571,0.3660714285714286,0.4204715486300413,0.4702773863881764,0.5287346107283937
ABC_LOGIT0.1_stage3,first-cal,C,0.31399023410807875,0.3020700993389861,0.7585195530726259,0.20750000000000002,0.0443723879364864,0.17749317751800525,0.6333333333333334,0.05,0.09073028420854508,0.9994413407821229,0.5247206703910615,0.16611272689181572,0.4518276465746752,0.5020736559672703,0.25714285714285706,0.47857142857142854,0.5705357142857144,0.7330357142857142,0.35892857142857143,0.42007328385840575,0.4616187550361742,0.5199503861036294
ABC_LOGIT0.1_stage3,raw,A,0.30875465789814105,0.29550271148596546,0.7574092178770949,0.195,0.04942062796776404,0.25084744400914305,0.0,0.0,0.0,1.0,0.5,0.0,0.4657548977146636,0.5161711052013295,0.2723214285714285,0.4937500000000001,0.5866071428571428,0.7366071428571429,0.37142857142857144,0.43722124864002065,0.47831287818388946,0.5314056992843548
ABC_LOGIT0.1_stage3,raw,B,0.29865852519819625,0.28484951264083425,0.7632751396648044,0.18,0.04936975439498238,0.2554490828483606,0.0,0.0,0.0,1.0,0.5,0.0,0.45363298151322795,0.5120016922976458,0.26517857142857143,0.47857142857142865,0.588392857142857,0.7508928571428571,0.3660714285714286,0.4204715486300413,0.4702773863881764,0.5287346107283937
ABC_LOGIT0.1_stage3,raw,C,0.31399023410807875,0.3020700993389861,0.7585195530726259,0.20750000000000002,0.049799403802951996,0.25328015353480565,0.0,0.0,0.0,1.0,0.5,0.0,0.4518276465746752,0.5020736559672703,0.25714285714285706,0.47857142857142854,0.5705357142857144,0.7330357142857142,0.35892857142857143,0.42007328385840575,0.4616187550361742,0.5199503861036294
ABC_LOGIT0.1_stage3,stage-cal,A,0.30875465789814105,0.29550271148596546,0.7574092178770949,0.195,0.04418709436644776,0.17832306532984726,0.6933333333333332,0.06500000000000002,0.11581253529079613,0.9990223463687151,0.5320111731843576,0.19763512578472825,0.4657548977146636,0.5161711052013295,0.2723214285714285,0.4937500000000001,0.5866071428571428,0.7366071428571429,0.37142857142857144,0.43722124864002065,0.47831287818388946,0.5314056992843548
ABC_LOGIT0.1_stage3,stage-cal,B,0.29865852519819625,0.28484951264083425,0.7632751396648044,0.18,0.0444879282674057,0.17785286426187738,0.6375,0.06500000000000002,0.11629728966685489,0.9979050279329608,0.5314525139664805,0.18809852574222524,0.45363298151322795,0.5120016922976458,0.26517857142857143,0.47857142857142865,0.588392857142857,0.7508928571428571,0.3660714285714286,0.4204715486300413,0.4702773863881764,0.5287346107283937
ABC_LOGIT0.1_stage3,stage-cal,C,0.31399023410807875,0.3020700993389861,0.7585195530726259,0.20750000000000002,0.04432075112921788,0.17686468545509573,0.6483333333333333,0.055000000000000014,0.0989380764163373,0.9993016759776536,0.5271508379888269,0.17598081074401645,0.4518276465746752,0.5020736559672703,0.25714285714285706,0.47857142857142854,0.5705357142857144,0.7330357142857142,0.35892857142857143,0.42007328385840575,0.4616187550361742,0.5199503861036294
ABC_R0_stage1,first-cal,A,0.3274657298703567,0.312745477037884,0.7736312849162013,0.185,0.04339782230372507,0.17120293242677892,0.6516666666666666,0.0625,0.11132636928289104,0.99804469273743,0.5302723463687151,0.18467337925520147,0.4914552611448396,0.535188170066055,0.29375,0.5383928571428572,0.6276785714285713,0.7535714285714283,0.3946428571428572,0.4712422516588052,0.5111868468360201,0.5553494088371824
ABC_R0_stage1,first-cal,B,0.2366488556611004,0.22087545489266763,0.727304469273743,0.14749999999999994,0.046444837855958765,0.18515699938047087,0.43,0.03250000000000001,0.05875324675324676,0.9987430167597763,0.5156215083798883,0.10646914086184274,0.4041807497682183,0.4515952700441276,0.2348214285714286,0.4008928571428571,0.5169642857142858,0.7,0.3071428571428572,0.3561308939593888,0.40958107115640374,0.47367113852208576
ABC_R0_stage1,first-cal,C,0.17250311157816625,0.1568309630541908,0.6776256983240223,0.08750000000000001,0.04842587280943938,0.19534238202489249,0.15,0.0075000000000000015,0.014285714285714285,0.9994413407821228,0.5034706703910614,0.03025026631934452,0.31354802258451986,0.34928535952020895,0.13392857142857145,0.3008928571428572,0.40982142857142856,0.6276785714285715,0.19464285714285712,0.2558364616671542,0.30471433566597333,0.3810494185372789
ABC_R0_stage1,raw,A,0.3274657298703567,0.312745477037884,0.7736312849162013,0.185,0.051085453258129986,0.27023675894877375,0.0,0.0,0.0,1.0,0.5,0.0,0.4914552611448396,0.535188170066055,0.29375,0.5383928571428572,0.6276785714285713,0.7535714285714283,0.3946428571428572,0.4712422516588052,0.5111868468360201,0.5553494088371824
ABC_R0_stage1,raw,B,0.2366488556611004,0.22087545489266763,0.727304469273743,0.14749999999999994,0.05169337700849476,0.2850269625182432,0.0,0.0,0.0,1.0,0.5,0.0,0.4041807497682183,0.4515952700441276,0.2348214285714286,0.4008928571428571,0.5169642857142858,0.7,0.3071428571428572,0.3561308939593888,0.40958107115640374,0.47367113852208576
ABC_R0_stage1,raw,C,0.17250311157816625,0.1568309630541908,0.6776256983240223,0.08750000000000001,0.05205970035809748,0.29194077303168353,0.0,0.0,0.0,1.0,0.5,0.0,0.31354802258451986,0.34928535952020895,0.13392857142857145,0.3008928571428572,0.40982142857142856,0.6276785714285715,0.19464285714285712,0.2558364616671542,0.30471433566597333,0.3810494185372789
ABC_R0_stage1,stage-cal,A,0.3274657298703567,0.312745477037884,0.7736312849162013,0.185,0.04339782230372507,0.17120293242677892,0.6516666666666666,0.0625,0.11132636928289104,0.99804469273743,0.5302723463687151,0.18467337925520147,0.4914552611448396,0.535188170066055,0.29375,0.5383928571428572,0.6276785714285713,0.7535714285714283,0.3946428571428572,0.4712422516588052,0.5111868468360201,0.5553494088371824
ABC_R0_stage1,stage-cal,B,0.2366488556611004,0.22087545489266763,0.727304469273743,0.14749999999999994,0.046444837855958765,0.18515699938047087,0.43,0.03250000000000001,0.05875324675324676,0.9987430167597763,0.5156215083798883,0.10646914086184274,0.4041807497682183,0.4515952700441276,0.2348214285714286,0.4008928571428571,0.5169642857142858,0.7,0.3071428571428572,0.3561308939593888,0.40958107115640374,0.47367113852208576
ABC_R0_stage1,stage-cal,C,0.17250311157816625,0.1568309630541908,0.6776256983240223,0.08750000000000001,0.04842587280943938,0.19534238202489249,0.15,0.0075000000000000015,0.014285714285714285,0.9994413407821228,0.5034706703910614,0.03025026631934452,0.31354802258451986,0.34928535952020895,0.13392857142857145,0.3008928571428572,0.40982142857142856,0.6276785714285715,0.19464285714285712,0.2558364616671542,0.30471433566597333,0.3810494185372789
ABC_R0_stage2,first-cal,A,0.3137353598570456,0.2964041637179903,0.7780307262569833,0.18499999999999997,0.04350267107379078,0.17144559759766942,0.5666666666666667,0.07000000000000003,0.11999341238471672,0.997067039106145,0.5335335195530726,0.1785767948619567,0.4733296976209596,0.5190544885192827,0.26696428571428565,0.5232142857142857,0.6232142857142857,0.7348214285714285,0.3696428571428572,0.45090183327469974,0.49645171663261856,0.5366051378692275
ABC_R0_stage2,first-cal,B,0.3305238944715798,0.3166784596771963,0.7857611731843576,0.17749999999999996,0.04306678193754269,0.16966228009116796,0.6589285714285714,0.10499999999999998,0.17717566250174943,0.997067039106145,0.5510335195530727,0.24398450736978047,0.48324743127236003,0.5403814542388453,0.2857142857142857,0.525,0.6294642857142857,0.7410714285714286,0.3910714285714286,0.46138333188210173,0.5084556467845178,0.5484745362451776
ABC_R0_stage2,first-cal,C,0.2545079548768218,0.2401682840361806,0.7169832402234637,0.1275,0.046009514024623124,0.1853754988172428,0.5083333333333333,0.037500000000000006,0.06870882740447959,0.9993016759776536,0.5184008379888267,0.1286881191512495,0.40681505535071905,0.45040133812851374,0.22321428571428575,0.4080357142857142,0.5330357142857143,0.675,0.3125,0.36245597208291547,0.4181943241004283,0.46854732424696505
ABC_R0_stage2,raw,A,0.3137353598570456,0.2964041637179903,0.7780307262569833,0.18499999999999997,0.05079692651369181,0.26532923089996985,0.0,0.0,0.0,1.0,0.5,0.0,0.4733296976209596,0.5190544885192827,0.26696428571428565,0.5232142857142857,0.6232142857142857,0.7348214285714285,0.3696428571428572,0.45090183327469974,0.49645171663261856,0.5366051378692275
ABC_R0_stage2,raw,B,0.3305238944715798,0.3166784596771963,0.7857611731843576,0.17749999999999996,0.05002095754184606,0.2649077949128505,0.0,0.0,0.0,1.0,0.5,0.0,0.48324743127236003,0.5403814542388453,0.2857142857142857,0.525,0.6294642857142857,0.7410714285714286,0.3910714285714286,0.46138333188210173,0.5084556467845178,0.5484745362451776
ABC_R0_stage2,raw,C,0.2545079548768218,0.2401682840361806,0.7169832402234637,0.1275,0.051548767814313334,0.2799875728048629,0.0,0.0,0.0,1.0,0.5,0.0,0.40681505535071905,0.45040133812851374,0.22321428571428575,0.4080357142857142,0.5330357142857143,0.675,0.3125,0.36245597208291547,0.4181943241004283,0.46854732424696505
ABC_R0_stage2,stage-cal,A,0.3137353598570456,0.2964041637179903,0.7780307262569833,0.18499999999999997,0.04347084588462698,0.17134762287459598,0.5666666666666667,0.07000000000000003,0.11999341238471672,0.9969273743016757,0.533463687150838,0.1783235368831641,0.4733296976209596,0.5190544885192827,0.26696428571428565,0.5232142857142857,0.6232142857142857,0.7348214285714285,0.3696428571428572,0.45090183327469974,0.49645171663261856,0.5366051378692275
ABC_R0_stage2,stage-cal,B,0.3305238944715798,0.3166784596771963,0.7857611731843576,0.17749999999999996,0.04308637008411455,0.17002845720781048,0.6589285714285714,0.10499999999999998,0.17717566250174943,0.997067039106145,0.5510335195530727,0.24398450736978047,0.48324743127236003,0.5403814542388453,0.2857142857142857,0.525,0.6294642857142857,0.7410714285714286,0.3910714285714286,0.46138333188210173,0.5084556467845178,0.5484745362451776
ABC_R0_stage2,stage-cal,C,0.2545079548768218,0.2401682840361806,0.7169832402234637,0.1275,0.0459224392099087,0.18501830241216133,0.5083333333333333,0.037500000000000006,0.06870882740447959,0.9991620111731843,0.5183310055865922,0.12807946188124256,0.40681505535071905,0.45040133812851374,0.22321428571428575,0.4080357142857142,0.5330357142857143,0.675,0.3125,0.36245597208291547,0.4181943241004283,0.46854732424696505
ABC_R0_stage3,first-cal,A,0.298316603443086,0.2832189664281357,0.7771298882681565,0.1625,0.044051528441961516,0.17379631351819202,0.525,0.0825,0.1383295689817429,0.9972067039106145,0.5398533519553073,0.19046366505188145,0.4689245846517721,0.5155441794592589,0.26785714285714285,0.4946428571428571,0.6214285714285714,0.7544642857142856,0.3660714285714285,0.4352075635683126,0.49199773383652773,0.5391240241489406
ABC_R0_stage3,first-cal,B,0.3148058837491946,0.2994390145525711,0.7848812849162012,0.185,0.044380464185310456,0.1734974204027076,0.6166666666666667,0.1275,0.20502010308532043,0.9945530726256984,0.561026536312849,0.2576692460996502,0.47929398466853723,0.5350546909978415,0.28482142857142856,0.5008928571428573,0.6410714285714285,0.7589285714285714,0.38392857142857145,0.4445835556645624,0.5084294574563396,0.5503207202949463
ABC_R0_stage3,first-cal,C,0.30320008862020575,0.29035722914196516,0.7680796089385474,0.19,0.044199580053978,0.17541147259770545,0.6674999999999999,0.06750000000000003,0.11876877470355732,0.9981843575418994,0.5328421787709497,0.1929853548050789,0.4364757412542396,0.4747946115547384,0.22946428571428568,0.46071428571428574,0.5946428571428571,0.7303571428571429,0.3178571428571429,0.39668093547708305,0.45741791723529773,0.5055935580760033
ABC_R0_stage3,raw,A,0.298316603443086,0.2832189664281357,0.7771298882681565,0.1625,0.05071020503099797,0.2680877065462302,0.0,0.0,0.0,1.0,0.5,0.0,0.4689245846517721,0.5155441794592589,0.26785714285714285,0.4946428571428571,0.6214285714285714,0.7544642857142856,0.3660714285714285,0.4352075635683126,0.49199773383652773,0.5391240241489406
ABC_R0_stage3,raw,B,0.3148058837491946,0.2994390145525711,0.7848812849162012,0.185,0.04984908659885019,0.26315090508009725,0.0,0.0,0.0,0.9998603351955306,0.4999301675977653,-0.0006086572700069318,0.47929398466853723,0.5350546909978415,0.28482142857142856,0.5008928571428573,0.6410714285714285,0.7589285714285714,0.38392857142857145,0.4445835556645624,0.5084294574563396,0.5503207202949463
ABC_R0_stage3,raw,C,0.30320008862020575,0.29035722914196516,0.7680796089385474,0.19,0.0511812198939071,0.27373146572692547,0.0,0.0,0.0,1.0,0.5,0.0,0.4364757412542396,0.4747946115547384,0.22946428571428568,0.46071428571428574,0.5946428571428571,0.7303571428571429,0.3178571428571429,0.39668093547708305,0.45741791723529773,0.5055935580760033
ABC_R0_stage3,stage-cal,A,0.298316603443086,0.2832189664281357,0.7771298882681565,0.1625,0.043991099474407894,0.17356899127877184,0.5166666666666667,0.057500000000000016,0.10093059114798245,0.9979050279329608,0.5277025139664804,0.15737190222541333,0.4689245846517721,0.5155441794592589,0.26785714285714285,0.4946428571428571,0.6214285714285714,0.7544642857142856,0.3660714285714285,0.4352075635683126,0.49199773383652773,0.5391240241489406
ABC_R0_stage3,stage-cal,B,0.3148058837491946,0.2994390145525711,0.7848812849162012,0.185,0.04411494246813842,0.1729239621108532,0.6352777777777778,0.10500000000000001,0.17356951322318637,0.9955307262569832,0.5502653631284916,0.23418783339410107,0.47929398466853723,0.5350546909978415,0.28482142857142856,0.5008928571428573,0.6410714285714285,0.7589285714285714,0.38392857142857145,0.4445835556645624,0.5084294574563396,0.5503207202949463
ABC_R0_stage3,stage-cal,C,0.30320008862020575,0.29035722914196516,0.7680796089385474,0.19,0.044315099283537204,0.17555758849201697,0.4916666666666667,0.0425,0.07680688876341049,0.9984636871508379,0.520481843575419,0.13206051493393114,0.4364757412542396,0.4747946115547384,0.22946428571428568,0.46071428571428574,0.5946428571428571,0.7303571428571429,0.3178571428571429,0.39668093547708305,0.45741791723529773,0.5055935580760033
ABC_S_stage1,first-cal,A,0.32373680032361707,0.3098895579451584,0.7756494413407822,0.15750000000000003,0.04297797396567683,0.16940416503248465,0.6250000000000001,0.05750000000000001,0.1031432335780162,0.9986033519553071,0.5280516759776537,0.17465856996690757,0.4897387672537219,0.535027264182945,0.2874999999999999,0.5383928571428572,0.6276785714285713,0.7499999999999999,0.38392857142857145,0.47052835297536433,0.5105866229532475,0.5536843879740235
ABC_S_stage1,first-cal,B,0.2940327215022286,0.2796547708722969,0.7786173184357544,0.155,0.04425386391963347,0.17403054385366062,0.6483333333333333,0.08250000000000002,0.1433610447523491,0.9977653631284916,0.5401326815642459,0.21478536571424164,0.45958018806635587,0.509678923320825,0.26785714285714285,0.47053571428571433,0.6133928571428571,0.7455357142857142,0.3553571428571428,0.4185299893213548,0.48358033934458894,0.5313617769588642
ABC_S_stage1,first-cal,C,0.1864259555712318,0.17257660693078025,0.6887779329608941,0.0925,0.04887868655402826,0.19678028309371728,0.31666666666666665,0.035,0.06118084813736988,0.997486033519553,0.5162430167597766,0.09175468026456818,0.34448233337636325,0.38081406932182066,0.16785714285714284,0.34464285714285714,0.43928571428571433,0.6258928571428571,0.2375,0.29574567509508415,0.33748013034865154,0.4035807233947322
ABC_S_stage1,raw,A,0.32373680032361707,0.3098895579451584,0.7756494413407822,0.15750000000000003,0.05084779218299519,0.29966310287184683,0.0,0.0,0.0,1.0,0.5,0.0,0.4897387672537219,0.535027264182945,0.2874999999999999,0.5383928571428572,0.6276785714285713,0.7499999999999999,0.38392857142857145,0.47052835297536433,0.5105866229532475,0.5536843879740235
ABC_S_stage1,raw,B,0.2940327215022286,0.2796547708722969,0.7786173184357544,0.155,0.050561726668240145,0.3004371791903281,0.0,0.0,0.0,1.0,0.5,0.0,0.45958018806635587,0.509678923320825,0.26785714285714285,0.47053571428571433,0.6133928571428571,0.7455357142857142,0.3553571428571428,0.4185299893213548,0.48358033934458894,0.5313617769588642
ABC_S_stage1,raw,C,0.1864259555712318,0.17257660693078025,0.6887779329608941,0.0925,0.05174047985435713,0.32555158312484667,0.0,0.0,0.0,1.0,0.5,0.0,0.34448233337636325,0.38081406932182066,0.16785714285714284,0.34464285714285714,0.43928571428571433,0.6258928571428571,0.2375,0.29574567509508415,0.33748013034865154,0.4035807233947322
ABC_S_stage1,stage-cal,A,0.32373680032361707,0.3098895579451584,0.7756494413407822,0.15750000000000003,0.04297797396567683,0.16940416503248465,0.6250000000000001,0.05750000000000001,0.1031432335780162,0.9986033519553071,0.5280516759776537,0.17465856996690757,0.4897387672537219,0.535027264182945,0.2874999999999999,0.5383928571428572,0.6276785714285713,0.7499999999999999,0.38392857142857145,0.47052835297536433,0.5105866229532475,0.5536843879740235
ABC_S_stage1,stage-cal,B,0.2940327215022286,0.2796547708722969,0.7786173184357544,0.155,0.04425386391963347,0.17403054385366062,0.6483333333333333,0.08250000000000002,0.1433610447523491,0.9977653631284916,0.5401326815642459,0.21478536571424164,0.45958018806635587,0.509678923320825,0.26785714285714285,0.47053571428571433,0.6133928571428571,0.7455357142857142,0.3553571428571428,0.4185299893213548,0.48358033934458894,0.5313617769588642
ABC_S_stage1,stage-cal,C,0.1864259555712318,0.17257660693078025,0.6887779329608941,0.0925,0.04887868655402826,0.19678028309371728,0.31666666666666665,0.035,0.06118084813736988,0.997486033519553,0.5162430167597766,0.09175468026456818,0.34448233337636325,0.38081406932182066,0.16785714285714284,0.34464285714285714,0.43928571428571433,0.6258928571428571,0.2375,0.29574567509508415,0.33748013034865154,0.4035807233947322
ABC_S_stage2,first-cal,A,0.3326371121516337,0.319480106244031,0.7848812849162011,0.17,0.04276460047358896,0.1684889123724504,0.5925,0.08750000000000004,0.14959128552606812,0.997486033519553,0.5424930167597767,0.21090243620731458,0.49413171588434307,0.5409456299195856,0.2839285714285714,0.5455357142857145,0.6392857142857143,0.7625,0.38750000000000007,0.47485511530137003,0.5170493056352559,0.5606110792786123
ABC_S_stage2,first-cal,B,0.35450897723465963,0.3421153739273343,0.7923114525139665,0.225,0.04242734754126708,0.16728735755695284,0.6366666666666666,0.12,0.19811510228901533,0.9956703910614525,0.5578351955307262,0.2558667433239474,0.5058704368257183,0.5636572220063598,0.3160714285714286,0.53125,0.6339285714285714,0.7508928571428573,0.4267857142857143,0.4790817018749053,0.5269769593134452,0.5686379152912435
ABC_S_stage2,first-cal,C,0.2526306231758261,0.23692882623817893,0.7282332402234637,0.1325,0.04628178405418819,0.18527712341510202,0.365,0.05750000000000001,0.09744174665913798,0.9966480446927374,0.5270740223463687,0.12876193930173324,0.41980701522383096,0.4589456678569993,0.24464285714285716,0.41785714285714287,0.51875,0.6848214285714286,0.3303571428571429,0.3739996057943226,0.4201946999431291,0.4788695868941649
ABC_S_stage2,raw,A,0.3326371121516337,0.319480106244031,0.7848812849162011,0.17,0.04969353856819758,0.2865793562633502,0.05,0.0075,0.013043478260869565,1.0,0.5037499999999999,0.0189208879284245,0.49413171588434307,0.5409456299195856,0.2839285714285714,0.5455357142857145,0.6392857142857143,0.7625,0.38750000000000007,0.47485511530137003,0.5170493056352559,0.5606110792786123
ABC_S_stage2,raw,B,0.35450897723465963,0.3421153739273343,0.7923114525139665,0.225,0.04860111329948452,0.2785566650642457,0.15,0.01,0.018614718614718615,1.0,0.505,0.03721821321975977,0.5058704368257183,0.5636572220063598,0.3160714285714286,0.53125,0.6339285714285714,0.7508928571428573,0.4267857142857143,0.4790817018749053,0.5269769593134452,0.5686379152912435
ABC_S_stage2,raw,C,0.2526306231758261,0.23692882623817893,0.7282332402234637,0.1325,0.05078728538483033,0.3018535205153171,0.0,0.0,0.0,1.0,0.5,0.0,0.41980701522383096,0.4589456678569993,0.24464285714285716,0.41785714285714287,0.51875,0.6848214285714286,0.3303571428571429,0.3739996057943226,0.4201946999431291,0.4788695868941649
ABC_S_stage2,stage-cal,A,0.3326371121516337,0.319480106244031,0.7848812849162011,0.17,0.042816596954871625,0.1686080992511551,0.5833333333333334,0.06500000000000002,0.11443628834933181,0.9988826815642458,0.531941340782123,0.18058610058219754,0.49413171588434307,0.5409456299195856,0.2839285714285714,0.5455357142857145,0.6392857142857143,0.7625,0.38750000000000007,0.47485511530137003,0.5170493056352559,0.5606110792786123
ABC_S_stage2,stage-cal,B,0.35450897723465963,0.3421153739273343,0.7923114525139665,0.225,0.04231594277825605,0.16680152173190593,0.7433333333333334,0.11000000000000003,0.18762695275738756,0.997346368715084,0.5536731843575419,0.2658261114570831,0.5058704368257183,0.5636572220063598,0.3160714285714286,0.53125,0.6339285714285714,0.7508928571428573,0.4267857142857143,0.4790817018749053,0.5269769593134452,0.5686379152912435
ABC_S_stage2,stage-cal,C,0.2526306231758261,0.23692882623817893,0.7282332402234637,0.1325,0.04588433347410378,0.18386613032244892,0.3833333333333333,0.0375,0.06708545078110296,0.9976256983240223,0.5175628491620111,0.1062571871270869,0.41980701522383096,0.4589456678569993,0.24464285714285716,0.41785714285714287,0.51875,0.6848214285714286,0.3303571428571429,0.3739996057943226,0.4201946999431291,0.4788695868941649
ABC_S_stage3,first-cal,A,0.33544520495847807,0.31942435558340637,0.7995879888268156,0.20250000000000004,0.042551712795314216,0.16671733526437682,0.6156349206349206,0.10999999999999999,0.17796614246989056,0.9960893854748601,0.5530446927374302,0.234304491402829,0.4966077905175106,0.5417521395487024,0.28125,0.5339285714285714,0.66875,0.8053571428571427,0.3821428571428571,0.466361379538192,0.5262602820818396,0.5754862028071974
ABC_S_stage3,first-cal,B,0.3459616320940413,0.33258268819545334,0.7971159217877097,0.205,0.04290277501447798,0.16798423773674415,0.5907142857142859,0.15750000000000003,0.24296748159248155,0.9927374301675979,0.5751187150837989,0.2807306146964621,0.49699014211938064,0.5520738041854923,0.30446428571428574,0.5375,0.6455357142857142,0.7580357142857141,0.40535714285714286,0.4742027182338148,0.522735094294591,0.5634478899414647
ABC_S_stage3,first-cal,C,0.3557686408379182,0.34519479747203075,0.7829329608938547,0.2350000000000001,0.04221361981782869,0.16813261140729174,0.7327380952380952,0.1375,0.22692259833564185,0.9972067039106143,0.5673533519553071,0.2984049944979183,0.488977580814243,0.5394755351356119,0.2901785714285714,0.5205357142857143,0.6098214285714285,0.7625,0.3982142857142857,0.46218574162724535,0.5018782322427869,0.5566632745083417
ABC_S_stage3,raw,A,0.33544520495847807,0.31942435558340637,0.7995879888268156,0.20250000000000004,0.04946980161471179,0.28881716710752625,0.05,0.0075,0.013043478260869565,1.0,0.5037499999999999,0.0189208879284245,0.4966077905175106,0.5417521395487024,0.28125,0.5339285714285714,0.66875,0.8053571428571427,0.3821428571428571,0.466361379538192,0.5262602820818396,0.5754862028071974
ABC_S_stage3,raw,B,0.3459616320940413,0.33258268819545334,0.7971159217877097,0.205,0.04833725908835381,0.2794282127354105,0.45,0.0225,0.04285714285714286,0.9997206703910614,0.5111103351955307,0.09683737165810286,0.49699014211938064,0.5520738041854923,0.30446428571428574,0.5375,0.6455357142857142,0.7580357142857141,0.40535714285714286,0.4742027182338148,0.522735094294591,0.5634478899414647
ABC_S_stage3,raw,C,0.3557686408379182,0.34519479747203075,0.7829329608938547,0.2350000000000001,0.04925741388248535,0.2870378305901745,0.05,0.0025,0.0047619047619047615,1.0,0.50125,0.010894965133124079,0.488977580814243,0.5394755351356119,0.2901785714285714,0.5205357142857143,0.6098214285714285,0.7625,0.3982142857142857,0.46218574162724535,0.5018782322427869,0.5566632745083417
ABC_S_stage3,stage-cal,A,0.33544520495847807,0.31942435558340637,0.7995879888268156,0.20250000000000004,0.04261360824518039,0.16720602539658025,0.6985714285714285,0.09000000000000001,0.1535909227648358,0.9977653631284916,0.5438826815642459,0.22946258351264265,0.4966077905175106,0.5417521395487024,0.28125,0.5339285714285714,0.66875,0.8053571428571427,0.3821428571428571,0.466361379538192,0.5262602820818396,0.5754862028071974
ABC_S_stage3,stage-cal,B,0.3459616320940413,0.33258268819545334,0.7971159217877097,0.205,0.042714369245496965,0.1676184221542055,0.5711363636363637,0.1375,0.21641904005298113,0.9935754189944135,0.5655377094972066,0.2570303580766505,0.49699014211938064,0.5520738041854923,0.30446428571428574,0.5375,0.6455357142857142,0.7580357142857141,0.40535714285714286,0.4742027182338148,0.522735094294591,0.5634478899414647
ABC_S_stage3,stage-cal,C,0.3557686408379182,0.34519479747203075,0.7829329608938547,0.2350000000000001,0.042247366486132885,0.1681150175107669,0.705,0.10750000000000001,0.1817056566621784,0.9977653631284916,0.5526326815642457,0.2561854353807772,0.488977580814243,0.5394755351356119,0.2901785714285714,0.5205357142857143,0.6098214285714285,0.7625,0.3982142857142857,0.46218574162724535,0.5018782322427869,0.5566632745083417
BCA_LOGIT0.1_stage1,first-cal,A,0.2133720538178892,0.2000315676483247,0.7263826815642458,0.10250000000000001,0.048015626028852544,0.1893224001401979,0.3942857142857143,0.052500000000000005,0.09057247422464813,0.9962290502793296,0.5243645251396648,0.1271437627506335,0.3999399716081681,0.44640158978351074,0.2089285714285715,0.43482142857142847,0.5276785714285714,0.7080357142857142,0.2875000000000001,0.36706274107583636,0.40865343546358723,0.4728396730921127
BCA_LOGIT0.1_stage1,first-cal,B,0.33498188924269023,0.32100802280839075,0.7909357541899442,0.18,0.04324621369960511,0.16988023762148946,0.5841666666666667,0.07500000000000001,0.13036768304159607,0.9976256983240223,0.5363128491620113,0.1931005871978488,0.4933079483490084,0.5470758058455691,0.2955357142857143,0.5267857142857143,0.6482142857142856,0.7669642857142857,0.39821428571428574,0.46634211425463235,0.522368926328036,0.563581575742466
BCA_LOGIT0.1_stage1,first-cal,C,0.21400371401587165,0.1981023424222124,0.7071159217877098,0.11500000000000002,0.04805239292743872,0.19203796593070377,0.4250000000000001,0.037500000000000006,0.06718136935528238,0.9965083798882681,0.517004189944134,0.10893310651659997,0.3854030201470127,0.42143897165994265,0.20267857142857143,0.3883928571428571,0.5089285714285714,0.6580357142857143,0.28214285714285714,0.33891165135064305,0.3922673100216828,0.4445419708941243
BCA_LOGIT0.1_stage1,raw,A,0.2133720538178892,0.2000315676483247,0.7263826815642458,0.10250000000000001,0.04976022391413497,0.23383766622746344,0.0,0.0,0.0,1.0,0.5,0.0,0.3999399716081681,0.44640158978351074,0.2089285714285715,0.43482142857142847,0.5276785714285714,0.7080357142857142,0.2875000000000001,0.36706274107583636,0.40865343546358723,0.4728396730921127
BCA_LOGIT0.1_stage1,raw,B,0.33498188924269023,0.32100802280839075,0.7909357541899442,0.18,0.04838514368880851,0.22398884377098116,0.0,0.0,0.0,1.0,0.5,0.0,0.4933079483490084,0.5470758058455691,0.2955357142857143,0.5267857142857143,0.6482142857142856,0.7669642857142857,0.39821428571428574,0.46634211425463235,0.522368926328036,0.563581575742466
BCA_LOGIT0.1_stage1,raw,C,0.21400371401587165,0.1981023424222124,0.7071159217877098,0.11500000000000002,0.04970644097435108,0.23633966481809252,0.0,0.0,0.0,1.0,0.5,0.0,0.3854030201470127,0.42143897165994265,0.20267857142857143,0.3883928571428571,0.5089285714285714,0.6580357142857143,0.28214285714285714,0.33891165135064305,0.3922673100216828,0.4445419708941243
BCA_LOGIT0.1_stage1,stage-cal,A,0.2133720538178892,0.2000315676483247,0.7263826815642458,0.10250000000000001,0.048015626028852544,0.1893224001401979,0.3942857142857143,0.052500000000000005,0.09057247422464813,0.9962290502793296,0.5243645251396648,0.1271437627506335,0.3999399716081681,0.44640158978351074,0.2089285714285715,0.43482142857142847,0.5276785714285714,0.7080357142857142,0.2875000000000001,0.36706274107583636,0.40865343546358723,0.4728396730921127
BCA_LOGIT0.1_stage1,stage-cal,B,0.33498188924269023,0.32100802280839075,0.7909357541899442,0.18,0.04324621369960511,0.16988023762148946,0.5841666666666667,0.07500000000000001,0.13036768304159607,0.9976256983240223,0.5363128491620113,0.1931005871978488,0.4933079483490084,0.5470758058455691,0.2955357142857143,0.5267857142857143,0.6482142857142856,0.7669642857142857,0.39821428571428574,0.46634211425463235,0.522368926328036,0.563581575742466
BCA_LOGIT0.1_stage1,stage-cal,C,0.21400371401587165,0.1981023424222124,0.7071159217877098,0.11500000000000002,0.04805239292743872,0.19203796593070377,0.4250000000000001,0.037500000000000006,0.06718136935528238,0.9965083798882681,0.517004189944134,0.10893310651659997,0.3854030201470127,0.42143897165994265,0.20267857142857143,0.3883928571428571,0.5089285714285714,0.6580357142857143,0.28214285714285714,0.33891165135064305,0.3922673100216828,0.4445419708941243
BCA_LOGIT0.1_stage2,first-cal,A,0.2575474438185789,0.24357818400043668,0.7333100558659218,0.13749999999999998,0.04581360562410625,0.1835922134944564,0.43499999999999994,0.0325,0.0590865800865801,0.9986033519553071,0.5155516759776537,0.10827841810798788,0.41778692101391607,0.4590566348902513,0.22321428571428575,0.4401785714285714,0.5544642857142856,0.7071428571428573,0.29999999999999993,0.379498263762095,0.431951651492022,0.48531749174370536
BCA_LOGIT0.1_stage2,first-cal,B,0.3370133297965125,0.3231385646592298,0.7887779329608939,0.19000000000000003,0.04315788572106937,0.17094422706816448,0.695,0.08750000000000002,0.15149425936382457,0.9979050279329608,0.5427025139664805,0.22747115701113424,0.49139319519808405,0.5465709682684059,0.2973214285714286,0.5223214285714286,0.6330357142857144,0.7633928571428572,0.4035714285714286,0.4628986242861923,0.5139938100534756,0.5611150194437602
BCA_LOGIT0.1_stage2,first-cal,C,0.27221055233047753,0.2593161307768314,0.7322835195530727,0.14250000000000002,0.045318062165365866,0.18196469534229773,0.4583333333333333,0.03,0.05566534914361001,0.9993016759776536,0.5146508379888268,0.10976723122282497,0.4203108971082413,0.4607169775737021,0.23035714285714284,0.4258928571428572,0.5410714285714285,0.7008928571428573,0.3214285714285714,0.3775393276493717,0.4282650369981712,0.4852171856439515
BCA_LOGIT0.1_stage2,raw,A,0.2575474438185789,0.24357818400043668,0.7333100558659218,0.13749999999999998,0.04981008552988213,0.2381640894264295,0.0,0.0,0.0,1.0,0.5,0.0,0.41778692101391607,0.4590566348902513,0.22321428571428575,0.4401785714285714,0.5544642857142856,0.7071428571428573,0.29999999999999993,0.379498263762095,0.431951651492022,0.48531749174370536
BCA_LOGIT0.1_stage2,raw,B,0.3370133297965125,0.3231385646592298,0.7887779329608939,0.19000000000000003,0.048332305261003274,0.23133328216826685,0.05,0.0025,0.0047619047619047615,1.0,0.50125,0.010894965133124079,0.49139319519808405,0.5465709682684059,0.2973214285714286,0.5223214285714286,0.6330357142857144,0.7633928571428572,0.4035714285714286,0.4628986242861923,0.5139938100534756,0.5611150194437602
BCA_LOGIT0.1_stage2,raw,C,0.27221055233047753,0.2593161307768314,0.7322835195530727,0.14250000000000002,0.04980031184777428,0.23829924887735224,0.0,0.0,0.0,1.0,0.5,0.0,0.4203108971082413,0.4607169775737021,0.23035714285714284,0.4258928571428572,0.5410714285714285,0.7008928571428573,0.3214285714285714,0.3775393276493717,0.4282650369981712,0.4852171856439515
BCA_LOGIT0.1_stage2,stage-cal,A,0.2575474438185789,0.24357818400043668,0.7333100558659218,0.13749999999999998,0.04605468893423479,0.183529133795812,0.125,0.0075000000000000015,0.01406926406926407,0.9998603351955306,0.5036801675977653,0.0290731141186042,0.41778692101391607,0.4590566348902513,0.22321428571428575,0.4401785714285714,0.5544642857142856,0.7071428571428573,0.29999999999999993,0.379498263762095,0.431951651492022,0.48531749174370536
BCA_LOGIT0.1_stage2,stage-cal,B,0.3370133297965125,0.3231385646592298,0.7887779329608939,0.19000000000000003,0.04370696401859243,0.17151161019599653,0.4916666666666666,0.04000000000000001,0.07264257481648788,0.999581005586592,0.5197905027932961,0.13152530754082706,0.49139319519808405,0.5465709682684059,0.2973214285714286,0.5223214285714286,0.6330357142857144,0.7633928571428572,0.4035714285714286,0.4628986242861923,0.5139938100534756,0.5611150194437602
BCA_LOGIT0.1_stage2,stage-cal,C,0.27221055233047753,0.2593161307768314,0.7322835195530727,0.14250000000000002,0.04578506752658066,0.1825088779355919,0.1,0.005,0.009523809523809523,1.0,0.5025000000000001,0.021789930266248158,0.4203108971082413,0.4607169775737021,0.23035714285714284,0.4258928571428572,0.5410714285714285,0.7008928571428573,0.3214285714285714,0.3775393276493717,0.4282650369981712,0.4852171856439515
BCA_LOGIT0.1_stage3,first-cal,A,0.32901580526809,0.3152615433078144,0.7730027932960895,0.18999999999999997,0.04295574085602059,0.17256843067461952,0.6102777777777777,0.10500000000000001,0.17381986604100547,0.9969273743016759,0.5509636871508381,0.23204687091447088,0.4796348599304009,0.5216161583177675,0.27589285714285716,0.5178571428571429,0.64375,0.7571428571428571,0.37142857142857144,0.45124723756687335,0.5071696171388507,0.5472632101137609
BCA_LOGIT0.1_stage3,first-cal,B,0.3241495954855379,0.31292346406420435,0.7763477653631286,0.19,0.04354053215105881,0.17483389607756158,0.7197023809523809,0.11249999999999998,0.19031047535395357,0.9965083798882682,0.5545041899441342,0.2647052601811593,0.46349199659424156,0.5257030083256581,0.2785714285714286,0.4848214285714286,0.6071428571428571,0.7625000000000001,0.3821428571428571,0.43069804248649496,0.4863608979371389,0.5407265139347534
BCA_LOGIT0.1_stage3,first-cal,C,0.27855354483675365,0.2659417390868469,0.7401815642458099,0.15000000000000002,0.04517381481962666,0.18281115260628192,0.6449999999999999,0.07250000000000002,0.1282475061170713,0.9984636871508379,0.5354818435754191,0.2022856353434325,0.41864556901910593,0.4606731477928926,0.22678571428571428,0.4312500000000001,0.5491071428571428,0.7223214285714286,0.3160714285714285,0.3762750961303686,0.42989818426604576,0.4905691528731966
BCA_LOGIT0.1_stage3,raw,A,0.32901580526809,0.3152615433078144,0.7730027932960895,0.18999999999999997,0.047845087368729416,0.2244781174048575,0.0,0.0,0.0,1.0,0.5,0.0,0.4796348599304009,0.5216161583177675,0.27589285714285716,0.5178571428571429,0.64375,0.7571428571428571,0.37142857142857144,0.45124723756687335,0.5071696171388507,0.5472632101137609
BCA_LOGIT0.1_stage3,raw,B,0.3241495954855379,0.31292346406420435,0.7763477653631286,0.19,0.04782901270364542,0.2320220801834254,0.05,0.0025,0.0047619047619047615,1.0,0.50125,0.010894965133124079,0.46349199659424156,0.5257030083256581,0.2785714285714286,0.4848214285714286,0.6071428571428571,0.7625000000000001,0.3821428571428571,0.43069804248649496,0.4863608979371389,0.5407265139347534
BCA_LOGIT0.1_stage3,raw,C,0.27855354483675365,0.2659417390868469,0.7401815642458099,0.15000000000000002,0.04897346623372657,0.23218053522892235,0.0,0.0,0.0,1.0,0.5,0.0,0.41864556901910593,0.4606731477928926,0.22678571428571428,0.4312500000000001,0.5491071428571428,0.7223214285714286,0.3160714285714285,0.3762750961303686,0.42989818426604576,0.4905691528731966
BCA_LOGIT0.1_stage3,stage-cal,A,0.32901580526809,0.3152615433078144,0.7730027932960895,0.18999999999999997,0.042960586494364975,0.1726368703978561,0.6119444444444444,0.11000000000000001,0.18137963960077902,0.9969273743016759,0.553463687150838,0.2393981806581492,0.4796348599304009,0.5216161583177675,0.27589285714285716,0.5178571428571429,0.64375,0.7571428571428571,0.37142857142857144,0.45124723756687335,0.5071696171388507,0.5472632101137609
BCA_LOGIT0.1_stage3,stage-cal,B,0.3241495954855379,0.31292346406420435,0.7763477653631286,0.19,0.04355409338571743,0.17488583151705428,0.7144444444444444,0.11749999999999998,0.19771173504157008,0.9960893854748603,0.5567946927374303,0.27069809567150915,0.46349199659424156,0.5257030083256581,0.2785714285714286,0.4848214285714286,0.6071428571428571,0.7625000000000001,0.3821428571428571,0.43069804248649496,0.4863608979371389,0.5407265139347534
BCA_LOGIT0.1_stage3,stage-cal,C,0.27855354483675365,0.2659417390868469,0.7401815642458099,0.15000000000000002,0.0452002643058594,0.1829574965855668,0.6533333333333332,0.07750000000000003,0.1363502729154903,0.9983240223463685,0.5379120111731844,0.21014798019987763,0.41864556901910593,0.4606731477928926,0.22678571428571428,0.4312500000000001,0.5491071428571428,0.7223214285714286,0.3160714285714285,0.3762750961303686,0.42989818426604576,0.4905691528731966
BCA_R0_stage1,first-cal,A,0.20809489372160858,0.19457113493345768,0.7335963687150838,0.08750000000000001,0.04815898051002117,0.18835560457147793,0.3458333333333333,0.045000000000000005,0.0789361001317523,0.9967877094972065,0.5208938547486033,0.11166552949360616,0.40371742545268924,0.4491032218553882,0.21696428571428572,0.42767857142857146,0.5339285714285715,0.7098214285714286,0.29464285714285715,0.36570801430263117,0.41356747812216954,0.47648257222533263
BCA_R0_stage1,first-cal,B,0.34022023708274124,0.32751222449745476,0.7859986033519553,0.19,0.04291459746533528,0.1687209584183041,0.7516666666666666,0.08750000000000001,0.15248673066064372,0.9988826815642458,0.543191340782123,0.23835680247044824,0.48469288946698175,0.539362303592619,0.28482142857142856,0.5214285714285714,0.6321428571428571,0.7419642857142859,0.3892857142857143,0.45935326151171274,0.5111440260257215,0.5498780227114562
BCA_R0_stage1,first-cal,C,0.20416397630137828,0.18833218781159994,0.7078002793296091,0.095,0.047477678878192375,0.18950572680423794,0.31666666666666665,0.019999999999999997,0.03724825898738943,0.9987430167597762,0.5093715083798882,0.07160018109966375,0.37973420607998387,0.4153736493220201,0.19821428571428573,0.3803571428571428,0.5098214285714285,0.6517857142857142,0.2732142857142857,0.331300219777025,0.38913146626361744,0.43898904227595814
BCA_R0_stage1,raw,A,0.20809489372160858,0.19457113493345768,0.7335963687150838,0.08750000000000001,0.050104962508843054,0.24256503334329033,0.0,0.0,0.0,1.0,0.5,0.0,0.40371742545268924,0.4491032218553882,0.21696428571428572,0.42767857142857146,0.5339285714285715,0.7098214285714286,0.29464285714285715,0.36570801430263117,0.41356747812216954,0.47648257222533263
BCA_R0_stage1,raw,B,0.34022023708274124,0.32751222449745476,0.7859986033519553,0.19,0.04879608972275689,0.2344357231573715,0.0,0.0,0.0,1.0,0.5,0.0,0.48469288946698175,0.539362303592619,0.28482142857142856,0.5214285714285714,0.6321428571428571,0.7419642857142859,0.3892857142857143,0.45935326151171274,0.5111440260257215,0.5498780227114562
BCA_R0_stage1,raw,C,0.20416397630137828,0.18833218781159994,0.7078002793296091,0.095,0.050499641827733054,0.25218874818214887,0.0,0.0,0.0,1.0,0.5,0.0,0.37973420607998387,0.4153736493220201,0.19821428571428573,0.3803571428571428,0.5098214285714285,0.6517857142857142,0.2732142857142857,0.331300219777025,0.38913146626361744,0.43898904227595814
BCA_R0_stage1,stage-cal,A,0.20809489372160858,0.19457113493345768,0.7335963687150838,0.08750000000000001,0.04815898051002117,0.18835560457147793,0.3458333333333333,0.045000000000000005,0.0789361001317523,0.9967877094972065,0.5208938547486033,0.11166552949360616,0.40371742545268924,0.4491032218553882,0.21696428571428572,0.42767857142857146,0.5339285714285715,0.7098214285714286,0.29464285714285715,0.36570801430263117,0.41356747812216954,0.47648257222533263
BCA_R0_stage1,stage-cal,B,0.34022023708274124,0.32751222449745476,0.7859986033519553,0.19,0.04291459746533528,0.1687209584183041,0.7516666666666666,0.08750000000000001,0.15248673066064372,0.9988826815642458,0.543191340782123,0.23835680247044824,0.48469288946698175,0.539362303592619,0.28482142857142856,0.5214285714285714,0.6321428571428571,0.7419642857142859,0.3892857142857143,0.45935326151171274,0.5111440260257215,0.5498780227114562
BCA_R0_stage1,stage-cal,C,0.20416397630137828,0.18833218781159994,0.7078002793296091,0.095,0.047477678878192375,0.18950572680423794,0.31666666666666665,0.019999999999999997,0.03724825898738943,0.9987430167597762,0.5093715083798882,0.07160018109966375,0.37973420607998387,0.4153736493220201,0.19821428571428573,0.3803571428571428,0.5098214285714285,0.6517857142857142,0.2732142857142857,0.331300219777025,0.38913146626361744,0.43898904227595814
BCA_R0_stage2,first-cal,A,0.25052817324109833,0.23410047247898377,0.7493016759776536,0.11500000000000002,0.04571789689760818,0.18102215848000153,0.35416666666666663,0.0425,0.07459297948428383,0.9983240223463687,0.5204120111731844,0.11133188850481099,0.4381775813721266,0.4823806293876182,0.24642857142857144,0.45446428571428565,0.5741071428571428,0.7214285714285714,0.3321428571428572,0.39981169603773437,0.45281708707474433,0.5057657293659111
BCA_R0_stage2,first-cal,B,0.32943423959514123,0.31543737637831604,0.7886801675977655,0.18749999999999997,0.04331720614330692,0.16984845046174016,0.6270833333333334,0.1025,0.17231978166760778,0.996927374301676,0.5497136871508379,0.23447949320084796,0.4827663829649114,0.533001060665074,0.2830357142857143,0.5151785714285715,0.6339285714285714,0.7598214285714286,0.3803571428571429,0.4532725394728609,0.5084903946252108,0.5529123947488203
BCA_R0_stage2,first-cal,C,0.28303695384255306,0.27025092444742904,0.7535335195530727,0.15000000000000002,0.0452059303543164,0.17945925467838514,0.35,0.019999999999999997,0.03766233766233766,0.9997206703910614,0.5098603351955309,0.07958075921224222,0.4308182960237697,0.47570727437763355,0.23125,0.4526785714285714,0.5633928571428573,0.7276785714285714,0.33214285714285713,0.3942332871950104,0.444283512862427,0.5014830383305062
BCA_R0_stage2,raw,A,0.25052817324109833,0.23410047247898377,0.7493016759776536,0.11500000000000002,0.0500005716992292,0.2460061704665358,0.05,0.0025,0.0047619047619047615,1.0,0.50125,0.010894965133124079,0.4381775813721266,0.4823806293876182,0.24642857142857144,0.45446428571428565,0.5741071428571428,0.7214285714285714,0.3321428571428572,0.39981169603773437,0.45281708707474433,0.5057657293659111
BCA_R0_stage2,raw,B,0.32943423959514123,0.31543737637831604,0.7886801675977655,0.18749999999999997,0.048251091733842746,0.23363854211081078,0.25,0.015,0.02813852813852814,1.0,0.5075000000000001,0.059008143486007934,0.4827663829649114,0.533001060665074,0.2830357142857143,0.5151785714285715,0.6339285714285714,0.7598214285714286,0.3803571428571429,0.4532725394728609,0.5084903946252108,0.5529123947488203
BCA_R0_stage2,raw,C,0.28303695384255306,0.27025092444742904,0.7535335195530727,0.15000000000000002,0.05063202488940484,0.2538910541379741,0.0,0.0,0.0,1.0,0.5,0.0,0.4308182960237697,0.47570727437763355,0.23125,0.4526785714285714,0.5633928571428573,0.7276785714285714,0.33214285714285713,0.3942332871950104,0.444283512862427,0.5014830383305062
BCA_R0_stage2,stage-cal,A,0.25052817324109833,0.23410047247898377,0.7493016759776536,0.11500000000000002,0.04568870961095363,0.18089153307911968,0.27499999999999997,0.024999999999999998,0.044918125352907956,0.9988826815642458,0.5119413407821229,0.07431819318338617,0.4381775813721266,0.4823806293876182,0.24642857142857144,0.45446428571428565,0.5741071428571428,0.7214285714285714,0.3321428571428572,0.39981169603773437,0.45281708707474433,0.5057657293659111
BCA_R0_stage2,stage-cal,B,0.32943423959514123,0.31543737637831604,0.7886801675977655,0.18749999999999997,0.04323320786121265,0.16937387616654936,0.6166666666666667,0.08,0.13907585168454734,0.9983240223463687,0.5391620111731844,0.20745743246102996,0.4827663829649114,0.533001060665074,0.2830357142857143,0.5151785714285715,0.6339285714285714,0.7598214285714286,0.3803571428571429,0.4532725394728609,0.5084903946252108,0.5529123947488203
BCA_R0_stage2,stage-cal,C,0.28303695384255306,0.27025092444742904,0.7535335195530727,0.15000000000000002,0.04531357675712087,0.1794971284378835,0.3,0.015,0.02857142857142857,0.9998603351955306,0.5074301675977655,0.06476113352873755,0.4308182960237697,0.47570727437763355,0.23125,0.4526785714285714,0.5633928571428573,0.7276785714285714,0.33214285714285713,0.3942332871950104,0.444283512862427,0.5014830383305062
BCA_R0_stage3,first-cal,A,0.31645947425717547,0.3007236426989317,0.7907611731843576,0.14999999999999997,0.043379550815664074,0.1703729960984452,0.5026190476190476,0.0675,0.11536731706296924,0.997486033519553,0.5324930167597766,0.16705086986382195,0.48516210088065304,0.5264282196759492,0.28660714285714284,0.517857142857143,0.6250000000000001,0.7705357142857143,0.37857142857142856,0.4538988228869785,0.5037081699431256,0.5549188768060608
BCA_R0_stage3,first-cal,B,0.31721718333095156,0.3026279482586586,0.7897346368715085,0.17749999999999996,0.04384284312295127,0.17232193453544886,0.6430952380952382,0.10499999999999998,0.1769157123070166,0.9966480446927373,0.5508240223463688,0.24143919678687334,0.47018597201726536,0.5248654269489894,0.2785714285714286,0.49107142857142866,0.6125,0.7589285714285713,0.3767857142857143,0.43589447614328736,0.4919997322063562,0.5433247954675823
BCA_R0_stage3,first-cal,C,0.30088955140066187,0.28833057025183995,0.7647206703910614,0.1575,0.044570088864663626,0.17616259749524815,0.5,0.03500000000000001,0.06455862977602109,0.9997206703910614,0.5173603351955308,0.12482489522730242,0.4469540443637253,0.4936523439259208,0.23839285714285713,0.4705357142857142,0.6017857142857144,0.7401785714285714,0.3375,0.41019122612612025,0.4699341780819132,0.5187113449744112
BCA_R0_stage3,raw,A,0.31645947425717547,0.3007236426989317,0.7907611731843576,0.14999999999999997,0.04929165904809015,0.2398224142328323,0.0,0.0,0.0,1.0,0.5,0.0,0.48516210088065304,0.5264282196759492,0.28660714285714284,0.517857142857143,0.6250000000000001,0.7705357142857143,0.37857142857142856,0.4538988228869785,0.5037081699431256,0.5549188768060608
BCA_R0_stage3,raw,B,0.31721718333095156,0.3026279482586586,0.7897346368715085,0.17749999999999996,0.04868806850136912,0.23936846488810284,0.05,0.0025,0.0047619047619047615,1.0,0.50125,0.010894965133124079,0.47018597201726536,0.5248654269489894,0.2785714285714286,0.49107142857142866,0.6125,0.7589285714285713,0.3767857142857143,0.43589447614328736,0.4919997322063562,0.5433247954675823
BCA_R0_stage3,raw,C,0.30088955140066187,0.28833057025183995,0.7647206703910614,0.1575,0.05037394583394404,0.24922593912575852,0.0,0.0,0.0,1.0,0.5,0.0,0.4469540443637253,0.4936523439259208,0.23839285714285713,0.4705357142857142,0.6017857142857144,0.7401785714285714,0.3375,0.41019122612612025,0.4699341780819132,0.5187113449744112
BCA_R0_stage3,stage-cal,A,0.31645947425717547,0.3007236426989317,0.7907611731843576,0.14999999999999997,0.04325403019859878,0.16973973600471262,0.5708333333333333,0.08750000000000002,0.14599537269327373,0.9962290502793294,0.5418645251396648,0.20079162411692755,0.48516210088065304,0.5264282196759492,0.28660714285714284,0.517857142857143,0.6250000000000001,0.7705357142857143,0.37857142857142856,0.4538988228869785,0.5037081699431256,0.5549188768060608
BCA_R0_stage3,stage-cal,B,0.31721718333095156,0.3026279482586586,0.7897346368715085,0.17749999999999996,0.04398520325049841,0.17206422078697609,0.7010119047619047,0.13249999999999995,0.21853732981993845,0.995949720670391,0.5642248603351956,0.28530789325503497,0.47018597201726536,0.5248654269489894,0.2785714285714286,0.49107142857142866,0.6125,0.7589285714285713,0.3767857142857143,0.43589447614328736,0.4919997322063562,0.5433247954675823
BCA_R0_stage3,stage-cal,C,0.30088955140066187,0.28833057025183995,0.7647206703910614,0.1575,0.0442821385429261,0.17526691768793187,0.5416666666666666,0.052500000000000005,0.09363824581215885,0.9990223463687149,0.5257611731843574,0.15585654405360067,0.4469540443637253,0.4936523439259208,0.23839285714285713,0.4705357142857142,0.6017857142857144,0.7401785714285714,0.3375,0.41019122612612025,0.4699341780819132,0.5187113449744112
BCA_S_stage1,first-cal,A,0.22319238831556237,0.20945812983322173,0.7328701117318437,0.10750000000000001,0.04741979064410777,0.18642394610334395,0.3733333333333333,0.06500000000000002,0.10852070393374742,0.9952513966480445,0.5301256983240223,0.13778026849526745,0.41715057451753107,0.4618859468490554,0.2348214285714286,0.4321428571428571,0.5357142857142858,0.7142857142857142,0.31607142857142867,0.3779107020255178,0.4237372566809251,0.48751470159858357
BCA_S_stage1,first-cal,B,0.33996555614498297,0.32695095266498786,0.78659217877095,0.18749999999999997,0.04275129612605144,0.1682301495108795,0.76,0.09500000000000001,0.16281010294053772,0.9983240223463687,0.5466620111731845,0.2462235773923299,0.4973575779795244,0.5516260783343073,0.30446428571428574,0.5330357142857144,0.6339285714285714,0.75,0.4089285714285714,0.4740218234383874,0.521069758896727,0.5616642926299612
BCA_S_stage1,first-cal,C,0.1801063098444553,0.162370320697709,0.6823114525139664,0.07250000000000001,0.04838104239032939,0.1937974408709956,0.21666666666666665,0.0175,0.03167701863354037,0.9984636871508379,0.5079818435754189,0.05249908094195769,0.3612911039376411,0.3965064472312334,0.18660714285714283,0.36517857142857135,0.46339285714285705,0.6080357142857142,0.2589285714285714,0.3164458988775449,0.3602481979462974,0.41179537882361467
BCA_S_stage1,raw,A,0.22319238831556237,0.20945812983322173,0.7328701117318437,0.10750000000000001,0.04958423629433329,0.26037627640504285,0.3,0.0225,0.04155844155844156,0.999581005586592,0.5110405027932962,0.07714377244988628,0.41715057451753107,0.4618859468490554,0.2348214285714286,0.4321428571428571,0.5357142857142858,0.7142857142857142,0.31607142857142867,0.3779107020255178,0.4237372566809251,0.48751470159858357
BCA_S_stage1,raw,B,0.33996555614498297,0.32695095266498786,0.78659217877095,0.18749999999999997,0.04743186487102247,0.24733788638024312,0.21666666666666665,0.015,0.0277244494635799,0.9995810055865922,0.507290502793296,0.053106795162242836,0.4973575779795244,0.5516260783343073,0.30446428571428574,0.5330357142857144,0.6339285714285714,0.75,0.4089285714285714,0.4740218234383874,0.521069758896727,0.5616642926299612
BCA_S_stage1,raw,C,0.1801063098444553,0.162370320697709,0.6823114525139664,0.07250000000000001,0.05060527826129089,0.2778479301652179,0.05,0.0025,0.0047619047619047615,1.0,0.50125,0.010894965133124079,0.3612911039376411,0.3965064472312334,0.18660714285714283,0.36517857142857135,0.46339285714285705,0.6080357142857142,0.2589285714285714,0.3164458988775449,0.3602481979462974,0.41179537882361467
BCA_S_stage1,stage-cal,A,0.22319238831556237,0.20945812983322173,0.7328701117318437,0.10750000000000001,0.04741979064410777,0.18642394610334395,0.3733333333333333,0.06500000000000002,0.10852070393374742,0.9952513966480445,0.5301256983240223,0.13778026849526745,0.41715057451753107,0.4618859468490554,0.2348214285714286,0.4321428571428571,0.5357142857142858,0.7142857142857142,0.31607142857142867,0.3779107020255178,0.4237372566809251,0.48751470159858357
BCA_S_stage1,stage-cal,B,0.33996555614498297,0.32695095266498786,0.78659217877095,0.18749999999999997,0.04275129612605144,0.1682301495108795,0.76,0.09500000000000001,0.16281010294053772,0.9983240223463687,0.5466620111731845,0.2462235773923299,0.4973575779795244,0.5516260783343073,0.30446428571428574,0.5330357142857144,0.6339285714285714,0.75,0.4089285714285714,0.4740218234383874,0.521069758896727,0.5616642926299612
BCA_S_stage1,stage-cal,C,0.1801063098444553,0.162370320697709,0.6823114525139664,0.07250000000000001,0.04838104239032939,0.1937974408709956,0.21666666666666665,0.0175,0.03167701863354037,0.9984636871508379,0.5079818435754189,0.05249908094195769,0.3612911039376411,0.3965064472312334,0.18660714285714283,0.36517857142857135,0.46339285714285705,0.6080357142857142,0.2589285714285714,0.3164458988775449,0.3602481979462974,0.41179537882361467
BCA_S_stage2,first-cal,A,0.2604246016823533,0.24507785286868922,0.7558938547486034,0.125,0.04532086409844123,0.1787384105961065,0.5416666666666667,0.06250000000000001,0.10987201204592509,0.9973463687150836,0.5299231843575419,0.16761738026613002,0.4407257736388216,0.48600876623421535,0.24196428571428572,0.4714285714285714,0.5955357142857143,0.7464285714285714,0.3285714285714286,0.40700269305214015,0.46171711556103956,0.5154574518936602
BCA_S_stage2,first-cal,B,0.34012477199574404,0.3270970672119848,0.7857541899441343,0.19750000000000004,0.04276226516049221,0.16832701656693183,0.7029761904761905,0.12250000000000001,0.20414804599587205,0.9969273743016759,0.5597136871508381,0.27380418238368665,0.4887052390354135,0.5432040381556039,0.29732142857142857,0.5151785714285715,0.6348214285714285,0.7553571428571428,0.4,0.45864217161931187,0.5143871676493715,0.5575010117344134
BCA_S_stage2,first-cal,C,0.2724637555851589,0.2596453266765023,0.7355726256983243,0.1375,0.04532378893379481,0.18077859106581823,0.4,0.024999999999999998,0.0463768115942029,0.9998603351955306,0.5124301675977654,0.09457698659028613,0.4184080294803015,0.4573253808864825,0.23839285714285716,0.4151785714285715,0.5294642857142858,0.6794642857142857,0.3232142857142857,0.3709429073327041,0.42334145357075564,0.4769645224679193
BCA_S_stage2,raw,A,0.2604246016823533,0.24507785286868922,0.7558938547486034,0.125,0.04895229564413287,0.2584774527500599,0.325,0.025,0.04572746094485225,0.9998603351955306,0.5124301675977654,0.08521221526678847,0.4407257736388216,0.48600876623421535,0.24196428571428572,0.4714285714285714,0.5955357142857143,0.7464285714285714,0.3285714285714286,0.40700269305214015,0.46171711556103956,0.5154574518936602
BCA_S_stage2,raw,B,0.34012477199574404,0.3270970672119848,0.7857541899441343,0.19750000000000004,0.04642604337338336,0.24401774061232517,0.575,0.06000000000000001,0.10579239600978732,0.9993016759776537,0.5296508379888268,0.17229176760577763,0.4887052390354135,0.5432040381556039,0.29732142857142857,0.5151785714285715,0.6348214285714285,0.7553571428571428,0.4,0.45864217161931187,0.5143871676493715,0.5575010117344134
BCA_S_stage2,raw,C,0.2724637555851589,0.2596453266765023,0.7355726256983243,0.1375,0.049891139508559404,0.27259417320574214,0.0,0.0,0.0,1.0,0.5,0.0,0.4184080294803015,0.4573253808864825,0.23839285714285716,0.4151785714285715,0.5294642857142858,0.6794642857142857,0.3232142857142857,0.3709429073327041,0.42334145357075564,0.4769645224679193
BCA_S_stage2,stage-cal,A,0.2604246016823533,0.24507785286868922,0.7558938547486034,0.125,0.045278315021661394,0.17853280764019575,0.45,0.045000000000000005,0.08052418595896857,0.9981843575418994,0.5215921787709498,0.12981534952393425,0.4407257736388216,0.48600876623421535,0.24196428571428572,0.4714285714285714,0.5955357142857143,0.7464285714285714,0.3285714285714286,0.40700269305214015,0.46171711556103956,0.5154574518936602
BCA_S_stage2,stage-cal,B,0.34012477199574404,0.3270970672119848,0.7857541899441343,0.19750000000000004,0.04281089473615313,0.16825045768836427,0.7583333333333334,0.09000000000000001,0.1579474872953134,0.9986033519553074,0.5443016759776537,0.24418364010016352,0.4887052390354135,0.5432040381556039,0.29732142857142857,0.5151785714285715,0.6348214285714285,0.7553571428571428,0.4,0.45864217161931187,0.5143871676493715,0.5575010117344134
BCA_S_stage2,stage-cal,C,0.2724637555851589,0.2596453266765023,0.7355726256983243,0.1375,0.04550835748053288,0.18093303254064394,0.05,0.0025,0.0047619047619047615,0.9998603351955306,0.5011801675977654,0.010286307863117147,0.4184080294803015,0.4573253808864825,0.23839285714285716,0.4151785714285715,0.5294642857142858,0.6794642857142857,0.3232142857142857,0.3709429073327041,0.42334145357075564,0.4769645224679193
BCA_S_stage3,first-cal,A,0.3391763930073396,0.32460599646700733,0.7972835195530726,0.16250000000000003,0.042807632414083516,0.16754130774246503,0.6566666666666667,0.06250000000000001,0.11082872200263505,0.9987430167597765,0.5306215083798882,0.18567013791569703,0.501063962408955,0.5472437701666849,0.2928571428571428,0.5392857142857143,0.6375000000000001,0.7839285714285713,0.39285714285714285,0.475481446571976,0.5195110952420654,0.5719988498623064
BCA_S_stage3,first-cal,B,0.33676102699997135,0.3244923438797082,0.79276187150838,0.19749999999999998,0.04310680545332331,0.168589663472759,0.6641666666666668,0.12,0.1980788704049573,0.9959497206703908,0.5579748603351955,0.26106771466360795,0.4920412725702564,0.5475952156656599,0.30178571428571427,0.5214285714285714,0.6285714285714287,0.7535714285714286,0.4053571428571428,0.46454676732713807,0.5135866740511429,0.55867777038655
BCA_S_stage3,first-cal,C,0.3214496661739051,0.30881735315845843,0.7607541899441339,0.17749999999999996,0.04381711321598216,0.17415336076653085,0.5833333333333334,0.04750000000000001,0.08667419536984755,0.999581005586592,0.5235405027932962,0.15704807700509676,0.4657256777768227,0.50646017317668,0.2705357142857143,0.49017857142857135,0.592857142857143,0.7169642857142857,0.3660714285714285,0.43352863412250464,0.4803010493467285,0.5247115896590578
BCA_S_stage3,raw,A,0.3391763930073396,0.32460599646700733,0.7972835195530726,0.16250000000000003,0.0482157577692859,0.24947250590909195,0.15,0.01,0.018614718614718615,0.9998603351955306,0.5049301675977654,0.036609555949752834,0.501063962408955,0.5472437701666849,0.2928571428571428,0.5392857142857143,0.6375000000000001,0.7839285714285713,0.39285714285714285,0.475481446571976,0.5195110952420654,0.5719988498623064
BCA_S_stage3,raw,B,0.33676102699997135,0.3244923438797082,0.79276187150838,0.19749999999999998,0.04679879976634695,0.24475738427651456,0.5,0.0475,0.08495670995670997,0.9991620111731845,0.5233310055865922,0.14295483357768285,0.4920412725702564,0.5475952156656599,0.30178571428571427,0.5214285714285714,0.6285714285714287,0.7535714285714286,0.4053571428571428,0.46454676732713807,0.5135866740511429,0.55867777038655
BCA_S_stage3,raw,C,0.3214496661739051,0.30881735315845843,0.7607541899441339,0.17749999999999996,0.04896188256292135,0.25900692511609413,0.0,0.0,0.0,1.0,0.5,0.0,0.4657256777768227,0.50646017317668,0.2705357142857143,0.49017857142857135,0.592857142857143,0.7169642857142857,0.3660714285714285,0.43352863412250464,0.4803010493467285,0.5247115896590578
BCA_S_stage3,stage-cal,A,0.3391763930073396,0.32460599646700733,0.7972835195530726,0.16250000000000003,0.04258924250590308,0.16704215247518037,0.641904761904762,0.09250000000000004,0.15662341201471636,0.9970670391061451,0.5447835195530726,0.22313197105505886,0.501063962408955,0.5472437701666849,0.2928571428571428,0.5392857142857143,0.6375000000000001,0.7839285714285713,0.39285714285714285,0.475481446571976,0.5195110952420654,0.5719988498623064
BCA_S_stage3,stage-cal,B,0.33676102699997135,0.3244923438797082,0.79276187150838,0.19749999999999998,0.0434281811796806,0.16927358432402198,0.626969696969697,0.1525,0.24082843500585435,0.9935754189944135,0.5730377094972068,0.2872799058353422,0.4920412725702564,0.5475952156656599,0.30178571428571427,0.5214285714285714,0.6285714285714287,0.7535714285714286,0.4053571428571428,0.46454676732713807,0.5135866740511429,0.55867777038655
BCA_S_stage3,stage-cal,C,0.3214496661739051,0.30881735315845843,0.7607541899441339,0.17749999999999996,0.043567930211971785,0.17368395205710277,0.7541666666666667,0.07500000000000001,0.13358036890645586,0.9987430167597765,0.5368715083798884,0.2209027447908128,0.4657256777768227,0.50646017317668,0.2705357142857143,0.49017857142857135,0.592857142857143,0.7169642857142857,0.3660714285714285,0.43352863412250464,0.4803010493467285,0.5247115896590578
CAB_LOGIT0.1_stage1,first-cal,A,0.24192483816222038,0.22814370963530495,0.7324650837988826,0.11500000000000002,0.04634553935954291,0.18557456349406737,0.475,0.045,0.08074063617541878,0.9977653631284914,0.5213826815642457,0.1321168399807463,0.40046929067378423,0.4425384470555837,0.2089285714285714,0.40446428571428567,0.5410714285714286,0.7250000000000001,0.2857142857142857,0.3516175480620371,0.4118289150557838,0.4775818956217022
CAB_LOGIT0.1_stage1,first-cal,B,0.27319144620866426,0.2580973619423643,0.7521927374301678,0.13999999999999999,0.04560033157889608,0.18122812207885608,0.5408333333333333,0.0825,0.13915326702283223,0.9953910614525139,0.538945530726257,0.19020098131153879,0.43961703638074984,0.4898683475627018,0.2589285714285714,0.45357142857142846,0.5767857142857143,0.7169642857142857,0.34464285714285714,0.40127986459477,0.4573312438703801,0.5069706893124188
CAB_LOGIT0.1_stage1,first-cal,C,0.3465271539025004,0.3340192935928109,0.780949720670391,0.23000000000000007,0.04270625398113155,0.16975408817013765,0.6341666666666667,0.1,0.17034227366836058,0.9979050279329605,0.5489525139664804,0.23670521066977787,0.4946557637653274,0.5378226209032105,0.2973214285714286,0.5107142857142858,0.6214285714285714,0.7696428571428571,0.4053571428571428,0.45979383380951333,0.5088230764583302,0.5611049944469922
CAB_LOGIT0.1_stage1,raw,A,0.24192483816222038,0.22814370963530495,0.7324650837988826,0.11500000000000002,0.052107696494091825,0.31467573448237374,0.0,0.0,0.0,1.0,0.5,0.0,0.40046929067378423,0.4425384470555837,0.2089285714285714,0.40446428571428567,0.5410714285714286,0.7250000000000001,0.2857142857142857,0.3516175480620371,0.4118289150557838,0.4775818956217022
CAB_LOGIT0.1_stage1,raw,B,0.27319144620866426,0.2580973619423643,0.7521927374301678,0.13999999999999999,0.05175484379417139,0.30114213036840587,0.0,0.0,0.0,1.0,0.5,0.0,0.43961703638074984,0.4898683475627018,0.2589285714285714,0.45357142857142846,0.5767857142857143,0.7169642857142857,0.34464285714285714,0.40127986459477,0.4573312438703801,0.5069706893124188
CAB_LOGIT0.1_stage1,raw,C,0.3465271539025004,0.3340192935928109,0.780949720670391,0.23000000000000007,0.0516460175975972,0.29961279704439836,0.0,0.0,0.0,1.0,0.5,0.0,0.4946557637653274,0.5378226209032105,0.2973214285714286,0.5107142857142858,0.6214285714285714,0.7696428571428571,0.4053571428571428,0.45979383380951333,0.5088230764583302,0.5611049944469922
CAB_LOGIT0.1_stage1,stage-cal,A,0.24192483816222038,0.22814370963530495,0.7324650837988826,0.11500000000000002,0.04634553935954291,0.18557456349406737,0.475,0.045,0.08074063617541878,0.9977653631284914,0.5213826815642457,0.1321168399807463,0.40046929067378423,0.4425384470555837,0.2089285714285714,0.40446428571428567,0.5410714285714286,0.7250000000000001,0.2857142857142857,0.3516175480620371,0.4118289150557838,0.4775818956217022
CAB_LOGIT0.1_stage1,stage-cal,B,0.27319144620866426,0.2580973619423643,0.7521927374301678,0.13999999999999999,0.04560033157889608,0.18122812207885608,0.5408333333333333,0.0825,0.13915326702283223,0.9953910614525139,0.538945530726257,0.19020098131153879,0.43961703638074984,0.4898683475627018,0.2589285714285714,0.45357142857142846,0.5767857142857143,0.7169642857142857,0.34464285714285714,0.40127986459477,0.4573312438703801,0.5069706893124188
CAB_LOGIT0.1_stage1,stage-cal,C,0.3465271539025004,0.3340192935928109,0.780949720670391,0.23000000000000007,0.04270625398113155,0.16975408817013765,0.6341666666666667,0.1,0.17034227366836058,0.9979050279329605,0.5489525139664804,0.23670521066977787,0.4946557637653274,0.5378226209032105,0.2973214285714286,0.5107142857142858,0.6214285714285714,0.7696428571428571,0.4053571428571428,0.45979383380951333,0.5088230764583302,0.5611049944469922
CAB_LOGIT0.1_stage2,first-cal,A,0.3308282657444945,0.31709590145573585,0.7741759776536312,0.195,0.04291298584519265,0.17309486294681178,0.6367857142857142,0.12000000000000002,0.19477976371454628,0.9960893854748601,0.5580446927374302,0.25168427033605056,0.49468319655799775,0.5398591872678956,0.30089285714285713,0.5321428571428573,0.624107142857143,0.7616071428571428,0.4,0.46973741649503503,0.5110789532775177,0.5606930995646522
CAB_LOGIT0.1_stage2,first-cal,B,0.2952667603697574,0.2820637485652098,0.7675069832402234,0.165,0.04467498037068461,0.17806868608889254,0.6358333333333334,0.09750000000000003,0.16393865554735115,0.9963687150837988,0.5469343575418996,0.22641010121523406,0.44821606544301124,0.5084259110284225,0.2625,0.46517857142857133,0.5901785714285713,0.7544642857142856,0.3571428571428571,0.41093779969394617,0.4681242109059104,0.5266183793003673
CAB_LOGIT0.1_stage2,first-cal,C,0.3389976855741771,0.3276737280930025,0.7815502793296089,0.205,0.042907893325282,0.17132893151818687,0.7191666666666666,0.11000000000000001,0.18673169584039145,0.9976256983240223,0.5538128491620112,0.2613275692822714,0.47912322354603354,0.5267403712773963,0.28125000000000006,0.5008928571428573,0.6241071428571427,0.7696428571428571,0.3821428571428572,0.4445930925933655,0.4990282709654575,0.5503019888736035
CAB_LOGIT0.1_stage2,raw,A,0.3308282657444945,0.31709590145573585,0.7741759776536312,0.195,0.05120798911400518,0.30284607779679507,0.0,0.0,0.0,1.0,0.5,0.0,0.49468319655799775,0.5398591872678956,0.30089285714285713,0.5321428571428573,0.624107142857143,0.7616071428571428,0.4,0.46973741649503503,0.5110789532775177,0.5606930995646522
CAB_LOGIT0.1_stage2,raw,B,0.2952667603697574,0.2820637485652098,0.7675069832402234,0.165,0.05140545221484248,0.3042629031537281,0.0,0.0,0.0,1.0,0.5,0.0,0.44821606544301124,0.5084259110284225,0.2625,0.46517857142857133,0.5901785714285713,0.7544642857142856,0.3571428571428571,0.41093779969394617,0.4681242109059104,0.5266183793003673
CAB_LOGIT0.1_stage2,raw,C,0.3389976855741771,0.3276737280930025,0.7815502793296089,0.205,0.05145128565480382,0.3044743007524023,0.0,0.0,0.0,1.0,0.5,0.0,0.47912322354603354,0.5267403712773963,0.28125000000000006,0.5008928571428573,0.6241071428571427,0.7696428571428571,0.3821428571428572,0.4445930925933655,0.4990282709654575,0.5503019888736035
CAB_LOGIT0.1_stage2,stage-cal,A,0.3308282657444945,0.31709590145573585,0.7741759776536312,0.195,0.04296279046549985,0.17193794151643838,0.6366666666666666,0.1,0.16741029984508243,0.9973463687150836,0.548673184357542,0.23185361628392392,0.49468319655799775,0.5398591872678956,0.30089285714285713,0.5321428571428573,0.624107142857143,0.7616071428571428,0.4,0.46973741649503503,0.5110789532775177,0.5606930995646522
CAB_LOGIT0.1_stage2,stage-cal,B,0.2952667603697574,0.2820637485652098,0.7675069832402234,0.165,0.04460231872390472,0.17731765912313893,0.6083333333333333,0.07500000000000002,0.130911841781407,0.9976256983240223,0.5363128491620112,0.19616574697001263,0.44821606544301124,0.5084259110284225,0.2625,0.46517857142857133,0.5901785714285713,0.7544642857142856,0.3571428571428571,0.41093779969394617,0.4681242109059104,0.5266183793003673
CAB_LOGIT0.1_stage2,stage-cal,C,0.3389976855741771,0.3276737280930025,0.7815502793296089,0.205,0.04304502583894451,0.17077779698280024,0.7416666666666666,0.09250000000000001,0.16072087332956891,0.9990223463687149,0.5457611731843576,0.24501448691207,0.47912322354603354,0.5267403712773963,0.28125000000000006,0.5008928571428573,0.6241071428571427,0.7696428571428571,0.3821428571428572,0.4445930925933655,0.4990282709654575,0.5503019888736035
CAB_LOGIT0.1_stage3,first-cal,A,0.32232226061442215,0.30838817172883276,0.7653840782122905,0.19749999999999998,0.043337221639479485,0.177389851112991,0.5594444444444444,0.10750000000000001,0.1766157585542893,0.9952513966480445,0.5513756983240223,0.22547474193134892,0.4869058952652782,0.5341960554702829,0.2946428571428571,0.5053571428571428,0.6125,0.7607142857142856,0.3946428571428572,0.4538729006594946,0.5015073994924939,0.5545193210401824
CAB_LOGIT0.1_stage3,first-cal,B,0.3191792601960127,0.3047276348693374,0.7815991620111732,0.16999999999999998,0.04388161460518088,0.17525325977829662,0.5541666666666666,0.13749999999999996,0.2165681590051905,0.9928770949720672,0.5651885474860335,0.2539683303041334,0.4755041690219522,0.5333949794366627,0.275,0.5151785714285714,0.6258928571428573,0.7750000000000001,0.38214285714285706,0.4487890363315038,0.49960661340982276,0.5526986150674216
CAB_LOGIT0.1_stage3,first-cal,C,0.33682743028995776,0.32421417187288765,0.7729120111731844,0.20999999999999996,0.04271476997978122,0.17278378574763786,0.7024603174603175,0.14750000000000002,0.24066811893198703,0.9963687150837988,0.5719343575418994,0.30453277011930036,0.4763692116882806,0.5260414625055259,0.2857142857142857,0.4937500000000001,0.5848214285714286,0.749107142857143,0.39821428571428574,0.4426236035273451,0.4841720216615187,0.5426354288696004
CAB_LOGIT0.1_stage3,raw,A,0.32232226061442215,0.30838817172883276,0.7653840782122905,0.19749999999999998,0.051207390698216074,0.30944626627292343,0.0,0.0,0.0,1.0,0.5,0.0,0.4869058952652782,0.5341960554702829,0.2946428571428571,0.5053571428571428,0.6125,0.7607142857142856,0.3946428571428572,0.4538729006594946,0.5015073994924939,0.5545193210401824
CAB_LOGIT0.1_stage3,raw,B,0.3191792601960127,0.3047276348693374,0.7815991620111732,0.16999999999999998,0.050802323910470085,0.3011984667632855,0.0,0.0,0.0,1.0,0.5,0.0,0.4755041690219522,0.5333949794366627,0.275,0.5151785714285714,0.6258928571428573,0.7750000000000001,0.38214285714285706,0.4487890363315038,0.49960661340982276,0.5526986150674216
CAB_LOGIT0.1_stage3,raw,C,0.33682743028995776,0.32421417187288765,0.7729120111731844,0.20999999999999996,0.0510345649304854,0.3015614541900068,0.0,0.0,0.0,1.0,0.5,0.0,0.4763692116882806,0.5260414625055259,0.2857142857142857,0.4937500000000001,0.5848214285714286,0.749107142857143,0.39821428571428574,0.4426236035273451,0.4841720216615187,0.5426354288696004
CAB_LOGIT0.1_stage3,stage-cal,A,0.32232226061442215,0.30838817172883276,0.7653840782122905,0.19749999999999998,0.04348094703826841,0.17466673369394795,0.6666666666666667,0.07250000000000004,0.1268676975198714,0.9984636871508379,0.5354818435754191,0.20202664667371684,0.4869058952652782,0.5341960554702829,0.2946428571428571,0.5053571428571428,0.6125,0.7607142857142856,0.3946428571428572,0.4538729006594946,0.5015073994924939,0.5545193210401824
CAB_LOGIT0.1_stage3,stage-cal,B,0.3191792601960127,0.3047276348693374,0.7815991620111732,0.16999999999999998,0.04349941594699896,0.1725094241864616,0.6791666666666666,0.09500000000000001,0.16372240078761816,0.9976256983240223,0.5463128491620114,0.2373521030641089,0.4755041690219522,0.5333949794366627,0.275,0.5151785714285714,0.6258928571428573,0.7750000000000001,0.38214285714285706,0.4487890363315038,0.49960661340982276,0.5526986150674216
CAB_LOGIT0.1_stage3,stage-cal,C,0.33682743028995776,0.32421417187288765,0.7729120111731844,0.20999999999999996,0.042940369450095425,0.17157579370321477,0.6966666666666665,0.09,0.15645699228307922,0.9987430167597765,0.5443715083798883,0.23480439331352637,0.4763692116882806,0.5260414625055259,0.2857142857142857,0.4937500000000001,0.5848214285714286,0.749107142857143,0.39821428571428574,0.4426236035273451,0.4841720216615187,0.5426354288696004
CAB_R0_stage1,first-cal,A,0.24262612062072292,0.22757117937867494,0.7313268156424582,0.12499999999999997,0.04627215749098922,0.18516324899181885,0.525,0.05,0.08999623564840956,0.9977653631284916,0.523882681564246,0.14779831345755767,0.3976079005062604,0.44329438028018275,0.21875,0.40535714285714286,0.50625,0.7026785714285714,0.3,0.35404786739656113,0.3992996733494785,0.46932763174900716
CAB_R0_stage1,first-cal,B,0.2875008124203101,0.27136017190313166,0.7455307262569832,0.1575,0.04534435779004091,0.18013838227751455,0.5408333333333333,0.1075,0.17238379193270495,0.9937150837988827,0.5506075418994414,0.2167641663801659,0.4406960874780156,0.48825618937944365,0.24553571428571427,0.47321428571428575,0.58125,0.7071428571428571,0.3392857142857143,0.4109252625481495,0.46008883647180204,0.5049715317089664
CAB_R0_stage1,first-cal,C,0.3513180803572119,0.3385510899800398,0.7756215083798884,0.22500000000000003,0.042428505523654195,0.16931780231613497,0.6758333333333333,0.09500000000000001,0.16249142886099405,0.9981843575418994,0.5465921787709498,0.23584167077364127,0.49085636101076335,0.5382066169522319,0.30625,0.49910714285714286,0.600892857142857,0.7366071428571428,0.4071428571428572,0.45508412812957066,0.5013552811868534,0.550234182353129
CAB_R0_stage1,raw,A,0.24262612062072292,0.22757117937867494,0.7313268156424582,0.12499999999999997,0.05264336477819263,0.37697961264892044,0.0,0.0,0.0,1.0,0.5,0.0,0.3976079005062604,0.44329438028018275,0.21875,0.40535714285714286,0.50625,0.7026785714285714,0.3,0.35404786739656113,0.3992996733494785,0.46932763174900716
CAB_R0_stage1,raw,B,0.2875008124203101,0.27136017190313166,0.7455307262569832,0.1575,0.05248282168513642,0.3588577376792338,0.0,0.0,0.0,1.0,0.5,0.0,0.4406960874780156,0.48825618937944365,0.24553571428571427,0.47321428571428575,0.58125,0.7071428571428571,0.3392857142857143,0.4109252625481495,0.46008883647180204,0.5049715317089664
CAB_R0_stage1,raw,C,0.3513180803572119,0.3385510899800398,0.7756215083798884,0.22500000000000003,0.05252320218381251,0.36487128963500776,0.0,0.0,0.0,1.0,0.5,0.0,0.49085636101076335,0.5382066169522319,0.30625,0.49910714285714286,0.600892857142857,0.7366071428571428,0.4071428571428572,0.45508412812957066,0.5013552811868534,0.550234182353129
CAB_R0_stage1,stage-cal,A,0.24262612062072292,0.22757117937867494,0.7313268156424582,0.12499999999999997,0.04627215749098922,0.18516324899181885,0.525,0.05,0.08999623564840956,0.9977653631284916,0.523882681564246,0.14779831345755767,0.3976079005062604,0.44329438028018275,0.21875,0.40535714285714286,0.50625,0.7026785714285714,0.3,0.35404786739656113,0.3992996733494785,0.46932763174900716
CAB_R0_stage1,stage-cal,B,0.2875008124203101,0.27136017190313166,0.7455307262569832,0.1575,0.04534435779004091,0.18013838227751455,0.5408333333333333,0.1075,0.17238379193270495,0.9937150837988827,0.5506075418994414,0.2167641663801659,0.4406960874780156,0.48825618937944365,0.24553571428571427,0.47321428571428575,0.58125,0.7071428571428571,0.3392857142857143,0.4109252625481495,0.46008883647180204,0.5049715317089664
CAB_R0_stage1,stage-cal,C,0.3513180803572119,0.3385510899800398,0.7756215083798884,0.22500000000000003,0.042428505523654195,0.16931780231613497,0.6758333333333333,0.09500000000000001,0.16249142886099405,0.9981843575418994,0.5465921787709498,0.23584167077364127,0.49085636101076335,0.5382066169522319,0.30625,0.49910714285714286,0.600892857142857,0.7366071428571428,0.4071428571428572,0.45508412812957066,0.5013552811868534,0.550234182353129
CAB_R0_stage2,first-cal,A,0.34664240455575684,0.3323316924395516,0.7805446927374302,0.20500000000000002,0.04243321710962811,0.168968542832703,0.6172420634920635,0.1325,0.210111249375867,0.9949720670391061,0.5637360335195531,0.2605760491285062,0.5013554827610461,0.5534061151067144,0.30625,0.5428571428571428,0.630357142857143,0.75625,0.41071428571428575,0.4810145721906795,0.5206038643226109,0.564979964589342
CAB_R0_stage2,first-cal,B,0.3273919740426622,0.31417367475584324,0.7864804469273743,0.19249999999999998,0.04367945606723028,0.17156922346834644,0.6325847763347763,0.14750000000000002,0.23113385785775398,0.9938547486033519,0.570677374301676,0.2802036456062203,0.46696432400111154,0.5220409411528513,0.2767857142857143,0.4999999999999999,0.607142857142857,0.7625,0.3749999999999999,0.4383085058921073,0.4872166541805954,0.5419751998908438
CAB_R0_stage2,first-cal,C,0.3474557253031538,0.33422017634517986,0.7891061452513967,0.22000000000000003,0.04230531345937584,0.16744716877363197,0.6461111111111111,0.12499999999999997,0.2014898667327453,0.996927374301676,0.5609636871508381,0.2607014394887867,0.4864873625431736,0.5335442462556811,0.29017857142857145,0.5116071428571428,0.6107142857142858,0.7607142857142857,0.39464285714285713,0.4554093946831559,0.49991003169690895,0.5538508144433807
CAB_R0_stage2,raw,A,0.34664240455575684,0.3323316924395516,0.7805446927374302,0.20500000000000002,0.052177310298056334,0.3514428493021672,0.0,0.0,0.0,1.0,0.5,0.0,0.5013554827610461,0.5534061151067144,0.30625,0.5428571428571428,0.630357142857143,0.75625,0.41071428571428575,0.4810145721906795,0.5206038643226109,0.564979964589342
CAB_R0_stage2,raw,B,0.3273919740426622,0.31417367475584324,0.7864804469273743,0.19249999999999998,0.052120338979385526,0.346833047761013,0.0,0.0,0.0,1.0,0.5,0.0,0.46696432400111154,0.5220409411528513,0.2767857142857143,0.4999999999999999,0.607142857142857,0.7625,0.3749999999999999,0.4383085058921073,0.4872166541805954,0.5419751998908438
CAB_R0_stage2,raw,C,0.3474557253031538,0.33422017634517986,0.7891061452513967,0.22000000000000003,0.05235918585775169,0.3552320088754575,0.0,0.0,0.0,1.0,0.5,0.0,0.4864873625431736,0.5335442462556811,0.29017857142857145,0.5116071428571428,0.6107142857142858,0.7607142857142857,0.39464285714285713,0.4554093946831559,0.49991003169690895,0.5538508144433807
CAB_R0_stage2,stage-cal,A,0.34664240455575684,0.3323316924395516,0.7805446927374302,0.20500000000000002,0.04234482784501103,0.1683344173591352,0.6733333333333333,0.10250000000000001,0.1743800257713301,0.9979050279329608,0.5502025139664805,0.24559601038239603,0.5013554827610461,0.5534061151067144,0.30625,0.5428571428571428,0.630357142857143,0.75625,0.41071428571428575,0.4810145721906795,0.5206038643226109,0.564979964589342
CAB_R0_stage2,stage-cal,B,0.3273919740426622,0.31417367475584324,0.7864804469273743,0.19249999999999998,0.043289621603730025,0.17074054971576116,0.7019696969696969,0.11750000000000001,0.19398120252818707,0.9965083798882682,0.5570041899441341,0.26331151914632,0.46696432400111154,0.5220409411528513,0.2767857142857143,0.4999999999999999,0.607142857142857,0.7625,0.3749999999999999,0.4383085058921073,0.4872166541805954,0.5419751998908438
CAB_R0_stage2,stage-cal,C,0.3474557253031538,0.33422017634517986,0.7891061452513967,0.22000000000000003,0.04247012483336584,0.16784431136541852,0.6583333333333333,0.0925,0.15729676120980468,0.9987430167597765,0.5456215083798882,0.22877583891052913,0.4864873625431736,0.5335442462556811,0.29017857142857145,0.5116071428571428,0.6107142857142858,0.7607142857142857,0.39464285714285713,0.4554093946831559,0.49991003169690895,0.5538508144433807
CAB_R0_stage3,first-cal,A,0.3313319612893645,0.3149020925036898,0.7819343575418995,0.19749999999999998,0.04312841546378507,0.17113161612405697,0.5750685425685426,0.15250000000000002,0.23439973481887205,0.9928770949720672,0.5726885474860335,0.2719242131727634,0.48758386373274004,0.5357541434895307,0.2857142857142857,0.5169642857142858,0.6267857142857143,0.755357142857143,0.3910714285714285,0.45839009470973063,0.5076435531781319,0.5536955042583425
CAB_R0_stage3,first-cal,B,0.3278934422944385,0.3145849126269699,0.7849092178770951,0.1775,0.044303563020443,0.1734856971898789,0.5096681096681096,0.1725,0.2515261633283953,0.9899441340782122,0.5812220670391063,0.27038158297469905,0.47103188250161115,0.5320676784798837,0.26875,0.5133928571428571,0.6348214285714285,0.7625000000000001,0.3732142857142857,0.4465934882963628,0.5013466509142777,0.5464527434953221
CAB_R0_stage3,first-cal,C,0.3411877492595927,0.32961298081230145,0.7863268156424581,0.195,0.04341502489331729,0.17116404642797434,0.591231684981685,0.16249999999999995,0.24750101347927433,0.9931564245810055,0.5778282122905027,0.28507859603476915,0.47469746819367875,0.5246912000689354,0.2696428571428572,0.4866071428571429,0.6151785714285715,0.7741071428571429,0.38214285714285723,0.43562318180663473,0.493608744366021,0.5498591757656482
CAB_R0_stage3,raw,A,0.3313319612893645,0.3149020925036898,0.7819343575418995,0.19749999999999998,0.05208228819537206,0.3484732487565077,0.0,0.0,0.0,1.0,0.5,0.0,0.48758386373274004,0.5357541434895307,0.2857142857142857,0.5169642857142858,0.6267857142857143,0.755357142857143,0.3910714285714285,0.45839009470973063,0.5076435531781319,0.5536955042583425
CAB_R0_stage3,raw,B,0.3278934422944385,0.3145849126269699,0.7849092178770951,0.1775,0.051750745350643425,0.3464444246907832,0.0,0.0,0.0,1.0,0.5,0.0,0.47103188250161115,0.5320676784798837,0.26875,0.5133928571428571,0.6348214285714285,0.7625000000000001,0.3732142857142857,0.4465934882963628,0.5013466509142777,0.5464527434953221
CAB_R0_stage3,raw,C,0.3411877492595927,0.32961298081230145,0.7863268156424581,0.195,0.0521502220311623,0.34735380251853665,0.0,0.0,0.0,1.0,0.5,0.0,0.47469746819367875,0.5246912000689354,0.2696428571428572,0.4866071428571429,0.6151785714285715,0.7741071428571429,0.38214285714285723,0.43562318180663473,0.493608744366021,0.5498591757656482
CAB_R0_stage3,stage-cal,A,0.3313319612893645,0.3149020925036898,0.7819343575418995,0.19749999999999998,0.04298980569236571,0.16962696294680424,0.5958333333333334,0.06500000000000002,0.11552089215132692,0.9984636871508379,0.531731843575419,0.18306285054536214,0.48758386373274004,0.5357541434895307,0.2857142857142857,0.5169642857142858,0.6267857142857143,0.755357142857143,0.3910714285714285,0.45839009470973063,0.5076435531781319,0.5536955042583425
CAB_R0_stage3,stage-cal,B,0.3278934422944385,0.3145849126269699,0.7849092178770951,0.1775,0.04320447915507348,0.1702988304823409,0.6283333333333333,0.08000000000000002,0.13812791556269816,0.997067039106145,0.5385335195530727,0.20467278726262017,0.47103188250161115,0.5320676784798837,0.26875,0.5133928571428571,0.6348214285714285,0.7625000000000001,0.3732142857142857,0.4465934882963628,0.5013466509142777,0.5464527434953221
CAB_R0_stage3,stage-cal,C,0.3411877492595927,0.32961298081230145,0.7863268156424581,0.195,0.04312784319705439,0.17025540253241425,0.7,0.07250000000000001,0.12901373988330508,0.9991620111731843,0.5358310055865922,0.21122105231059454,0.47469746819367875,0.5246912000689354,0.2696428571428572,0.4866071428571429,0.6151785714285715,0.7741071428571429,0.38214285714285723,0.43562318180663473,0.493608744366021,0.5498591757656482
CAB_S_stage1,first-cal,A,0.24606302992127507,0.23153758608196426,0.7460893854748603,0.11000000000000001,0.04573206087917505,0.18117987129186827,0.4416666666666666,0.03500000000000001,0.06392810088462264,0.9994413407821228,0.5172206703910616,0.11652908016278314,0.42810636977070604,0.47815493147475363,0.2366071428571428,0.4491071428571428,0.5714285714285714,0.7232142857142858,0.32678571428571423,0.39070319798174125,0.4449665389877982,0.4988655701471905
CAB_S_stage1,first-cal,B,0.31377551583304186,0.29899972123169577,0.7829399441340782,0.16499999999999998,0.04402816591379783,0.17275382357625899,0.6976190476190476,0.09500000000000001,0.16344231452927102,0.9967877094972067,0.5458938547486034,0.23778489889827728,0.46988627362281254,0.5225449971774727,0.2633928571428571,0.5053571428571428,0.6276785714285713,0.75625,0.36428571428571427,0.44184537109962807,0.4966987857111394,0.5425308872226948
CAB_S_stage1,first-cal,C,0.28719561001473337,0.2726008060565178,0.74768156424581,0.15499999999999997,0.04466521138162593,0.17781660692488346,0.3,0.017499999999999998,0.0329004329004329,0.9998603351955306,0.5086801675977655,0.06929445134912507,0.43606752742665267,0.475625414672847,0.2410714285714286,0.45000000000000007,0.5491071428571429,0.6973214285714285,0.33035714285714285,0.3976267009558906,0.4426875123352974,0.49579259312176216
CAB_S_stage1,raw,A,0.24606302992127507,0.23153758608196426,0.7460893854748603,0.11000000000000001,0.05198160561690503,0.34802237604275643,0.0,0.0,0.0,1.0,0.5,0.0,0.42810636977070604,0.47815493147475363,0.2366071428571428,0.4491071428571428,0.5714285714285714,0.7232142857142858,0.32678571428571423,0.39070319798174125,0.4449665389877982,0.4988655701471905
CAB_S_stage1,raw,B,0.31377551583304186,0.29899972123169577,0.7829399441340782,0.16499999999999998,0.051119472227474524,0.31943968557264646,0.0,0.0,0.0,1.0,0.5,0.0,0.46988627362281254,0.5225449971774727,0.2633928571428571,0.5053571428571428,0.6276785714285713,0.75625,0.36428571428571427,0.44184537109962807,0.4966987857111394,0.5425308872226948
CAB_S_stage1,raw,C,0.28719561001473337,0.2726008060565178,0.74768156424581,0.15499999999999997,0.05210819413528791,0.35101139301203554,0.0,0.0,0.0,1.0,0.5,0.0,0.43606752742665267,0.475625414672847,0.2410714285714286,0.45000000000000007,0.5491071428571429,0.6973214285714285,0.33035714285714285,0.3976267009558906,0.4426875123352974,0.49579259312176216
CAB_S_stage1,stage-cal,A,0.24606302992127507,0.23153758608196426,0.7460893854748603,0.11000000000000001,0.04573206087917505,0.18117987129186827,0.4416666666666666,0.03500000000000001,0.06392810088462264,0.9994413407821228,0.5172206703910616,0.11652908016278314,0.42810636977070604,0.47815493147475363,0.2366071428571428,0.4491071428571428,0.5714285714285714,0.7232142857142858,0.32678571428571423,0.39070319798174125,0.4449665389877982,0.4988655701471905
CAB_S_stage1,stage-cal,B,0.31377551583304186,0.29899972123169577,0.7829399441340782,0.16499999999999998,0.04402816591379783,0.17275382357625899,0.6976190476190476,0.09500000000000001,0.16344231452927102,0.9967877094972067,0.5458938547486034,0.23778489889827728,0.46988627362281254,0.5225449971774727,0.2633928571428571,0.5053571428571428,0.6276785714285713,0.75625,0.36428571428571427,0.44184537109962807,0.4966987857111394,0.5425308872226948
CAB_S_stage1,stage-cal,C,0.28719561001473337,0.2726008060565178,0.74768156424581,0.15499999999999997,0.04466521138162593,0.17781660692488346,0.3,0.017499999999999998,0.0329004329004329,0.9998603351955306,0.5086801675977655,0.06929445134912507,0.43606752742665267,0.475625414672847,0.2410714285714286,0.45000000000000007,0.5491071428571429,0.6973214285714285,0.33035714285714285,0.3976267009558906,0.4426875123352974,0.49579259312176216
CAB_S_stage2,first-cal,A,0.33084753123535343,0.3163415892385711,0.7878910614525141,0.17750000000000005,0.04277162415080039,0.16807426896879543,0.7049999999999998,0.08000000000000002,0.14009147374364767,0.9983240223463685,0.5391620111731844,0.21956666972114122,0.49436077059049854,0.5422131613833143,0.29017857142857145,0.5339285714285713,0.6535714285714287,0.7741071428571428,0.39285714285714285,0.4688022996825015,0.5215854853976385,0.5646465846656545
CAB_S_stage2,first-cal,B,0.3266403084850379,0.3130219590047257,0.7932681564245809,0.18250000000000002,0.04338525565473938,0.16985551154167458,0.7445833333333334,0.11749999999999998,0.19849962356484094,0.9970670391061454,0.5572835195530726,0.27571619537242054,0.48172464609856025,0.5354389746850325,0.29107142857142854,0.5017857142857143,0.6223214285714287,0.7642857142857142,0.3910714285714285,0.44709853790790477,0.5029540744904891,0.5544203972512203
CAB_S_stage2,first-cal,C,0.31967810923683826,0.30857997851284463,0.757800279329609,0.1625,0.04369937558692375,0.1744109405601248,0.5483333333333335,0.0625,0.10905947675512892,0.9988826815642456,0.5306913407821228,0.17013725182477765,0.4465227951933611,0.48723963780925394,0.2526785714285714,0.45892857142857146,0.5741071428571429,0.7160714285714286,0.3482142857142857,0.40745483432773166,0.46013833085727074,0.5087658333427683
CAB_S_stage2,raw,A,0.33084753123535343,0.3163415892385711,0.7878910614525141,0.17750000000000005,0.0509176930914946,0.3268084109111216,0.05,0.0025,0.0047619047619047615,1.0,0.50125,0.010894965133124079,0.49436077059049854,0.5422131613833143,0.29017857142857145,0.5339285714285713,0.6535714285714287,0.7741071428571428,0.39285714285714285,0.4688022996825015,0.5215854853976385,0.5646465846656545
CAB_S_stage2,raw,B,0.3266403084850379,0.3130219590047257,0.7932681564245809,0.18250000000000002,0.05008346120786374,0.3165796944297419,0.1,0.005,0.009523809523809523,1.0,0.5025000000000001,0.021789930266248158,0.48172464609856025,0.5354389746850325,0.29107142857142854,0.5017857142857143,0.6223214285714287,0.7642857142857142,0.3910714285714285,0.44709853790790477,0.5029540744904891,0.5544203972512203
CAB_S_stage2,raw,C,0.31967810923683826,0.30857997851284463,0.757800279329609,0.1625,0.051589759641403374,0.342637933640382,0.0,0.0,0.0,1.0,0.5,0.0,0.4465227951933611,0.48723963780925394,0.2526785714285714,0.45892857142857146,0.5741071428571429,0.7160714285714286,0.3482142857142857,0.40745483432773166,0.46013833085727074,0.5087658333427683
CAB_S_stage2,stage-cal,A,0.33084753123535343,0.3163415892385711,0.7878910614525141,0.17750000000000005,0.04271886116330422,0.16793555204588823,0.7049999999999998,0.08000000000000002,0.14009147374364767,0.9983240223463685,0.5391620111731844,0.21956666972114122,0.49436077059049854,0.5422131613833143,0.29017857142857145,0.5339285714285713,0.6535714285714287,0.7741071428571428,0.39285714285714285,0.4688022996825015,0.5215854853976385,0.5646465846656545
CAB_S_stage2,stage-cal,B,0.3266403084850379,0.3130219590047257,0.7932681564245809,0.18250000000000002,0.04348439291461263,0.17003464593869586,0.73625,0.12499999999999997,0.20814845299627907,0.9966480446927376,0.5608240223463687,0.2813836048768268,0.48172464609856025,0.5354389746850325,0.29107142857142854,0.5017857142857143,0.6223214285714287,0.7642857142857142,0.3910714285714285,0.44709853790790477,0.5029540744904891,0.5544203972512203
CAB_S_stage2,stage-cal,C,0.31967810923683826,0.30857997851284463,0.757800279329609,0.1625,0.04360450243030317,0.1742312870697777,0.6025,0.07250000000000001,0.12488115507680726,0.9988826815642456,0.535691340782123,0.19160128549782737,0.4465227951933611,0.48723963780925394,0.2526785714285714,0.45892857142857146,0.5741071428571429,0.7160714285714286,0.3482142857142857,0.40745483432773166,0.46013833085727074,0.5087658333427683
CAB_S_stage3,first-cal,A,0.34095030470091786,0.3268875990361773,0.7935754189944135,0.18250000000000002,0.042531949449555344,0.1668691538974426,0.6928571428571428,0.10000000000000002,0.16809707201011545,0.9972067039106145,0.5486033519553074,0.23965766852611034,0.5018387523400275,0.5580865169424556,0.2901785714285714,0.5580357142857142,0.6517857142857143,0.780357142857143,0.40178571428571425,0.48542026079309614,0.5281133286791257,0.5734623579507425
CAB_S_stage3,first-cal,B,0.3424501648560992,0.32927153827305694,0.7963058659217878,0.2,0.04253287910694477,0.16708173951197042,0.6816666666666665,0.12,0.19972916938134327,0.9962290502793296,0.5581145251396648,0.2652528212765199,0.49540153611616305,0.5514599238324064,0.3053571428571428,0.525,0.6571428571428573,0.7625,0.40357142857142864,0.4664960229415932,0.5263974983245598,0.5645270613778604
CAB_S_stage3,first-cal,C,0.33096251962050127,0.3178524703341063,0.7724790502793296,0.21250000000000005,0.04305404023643884,0.1714673876377175,0.6708333333333334,0.08500000000000002,0.14834792019574627,0.9983240223463687,0.5416620111731844,0.22321951751062316,0.4730515420049374,0.5169189281275044,0.2767857142857143,0.49017857142857146,0.6116071428571428,0.7464285714285714,0.37499999999999994,0.43744541912961843,0.4911842700544217,0.5390944815226548
CAB_S_stage3,raw,A,0.34095030470091786,0.3268875990361773,0.7935754189944135,0.18250000000000002,0.05052120508371556,0.31893731118729096,0.1,0.005,0.009523809523809523,0.9998603351955306,0.5024301675977654,0.021181272996241226,0.5018387523400275,0.5580865169424556,0.2901785714285714,0.5580357142857142,0.6517857142857143,0.780357142857143,0.40178571428571425,0.48542026079309614,0.5281133286791257,0.5734623579507425
CAB_S_stage3,raw,B,0.3424501648560992,0.32927153827305694,0.7963058659217878,0.2,0.04989625084755524,0.31643760250625075,0.2,0.01,0.019047619047619046,1.0,0.505,0.043579860532496316,0.49540153611616305,0.5514599238324064,0.3053571428571428,0.525,0.6571428571428573,0.7625,0.40357142857142864,0.4664960229415932,0.5263974983245598,0.5645270613778604
CAB_S_stage3,raw,C,0.33096251962050127,0.3178524703341063,0.7724790502793296,0.21250000000000005,0.05098168452757527,0.3265541805678172,0.05,0.0025,0.0047619047619047615,1.0,0.50125,0.010894965133124079,0.4730515420049374,0.5169189281275044,0.2767857142857143,0.49017857142857146,0.6116071428571428,0.7464285714285714,0.37499999999999994,0.43744541912961843,0.4911842700544217,0.5390944815226548
CAB_S_stage3,stage-cal,A,0.34095030470091786,0.3268875990361773,0.7935754189944135,0.18250000000000002,0.04264104859556253,0.167044321349941,0.7341666666666666,0.08250000000000002,0.14325081440298829,0.9980446927374302,0.5402723463687152,0.22494771780020928,0.5018387523400275,0.5580865169424556,0.2901785714285714,0.5580357142857142,0.6517857142857143,0.780357142857143,0.40178571428571425,0.48542026079309614,0.5281133286791257,0.5734623579507425
CAB_S_stage3,stage-cal,B,0.3424501648560992,0.32927153827305694,0.7963058659217878,0.2,0.04256325224777105,0.1671035128307438,0.7416666666666667,0.10250000000000001,0.1767899491812535,0.9977653631284916,0.5501326815642459,0.257579165446463,0.49540153611616305,0.5514599238324064,0.3053571428571428,0.525,0.6571428571428573,0.7625,0.40357142857142864,0.4664960229415932,0.5263974983245598,0.5645270613778604
CAB_S_stage3,stage-cal,C,0.33096251962050127,0.3178524703341063,0.7724790502793296,0.21250000000000005,0.043222498675473044,0.17163628188534946,0.6333333333333333,0.065,0.11595143986448335,0.9991620111731843,0.5320810055865921,0.19001389358317777,0.4730515420049374,0.5169189281275044,0.2767857142857143,0.49017857142857146,0.6116071428571428,0.7464285714285714,0.37499999999999994,0.43744541912961843,0.4911842700544217,0.5390944815226548
