Saved results, original conditional 95% intervals; no new resampling.
Primary: raw ranking/curve metrics plus stage-cal probability/classification metrics.
O old; N newly learned; Z final new; A2 stage2 new; F_first/F lower is better; G higher is better.
The three orders are not three seeds; shared first-stage curves are aliases.

ABSOLUTE primary O
metric	LOGIT0.1	C	S	C_plus	S_strong
average_precision	0.310282438 [0.288390943, 0.332022582]	0.339348937 [0.318286957, 0.361419379]	0.337884574 [0.316517876, 0.360034328]	0.337173495 [0.315857055, 0.359212189]	0.337209569 [0.315338784, 0.359622071]
trapezoidal_pr_auc	0.297039712 [0.274517135, 0.319553127]	0.325895888 [0.304294816, 0.348543340]	0.324518545 [0.302722130, 0.347239186]	0.323641845 [0.301917456, 0.346235286]	0.323900130 [0.302164680, 0.346622793]
roc_auc	0.760257216 [0.744593721, 0.776488187]	0.788846601 [0.773203911, 0.804875786]	0.788485219 [0.772645193, 0.804733298]	0.787150256 [0.771417336, 0.803335210]	0.786784800 [0.770947378, 0.803041245]
recall_at_fpr_1pct	0.189166667 [0.168333333, 0.211666667]	0.190416667 [0.170000000, 0.212083333]	0.191250000 [0.170000000, 0.213333333]	0.190416667 [0.169583333, 0.212083333]	0.192916667 [0.171666667, 0.215416667]
brier	0.044043265 [0.043329290, 0.044746053]	0.042914425 [0.042160932, 0.043678733]	0.042909525 [0.042135383, 0.043679774]	0.042924059 [0.042167420, 0.043688578]	0.042952530 [0.042176546, 0.043726784]
log_loss	0.177156334 [0.173523772, 0.180790320]	0.168827983 [0.165374241, 0.172289503]	0.168819752 [0.165296651, 0.172344663]	0.168914461 [0.165424077, 0.172428715]	0.169040678 [0.165542635, 0.172568467]
precision	0.655605159 [0.563689732, 0.744237351]	0.653621032 [0.577298859, 0.726230159]	0.656048882 [0.576524396, 0.732254960]	0.648724146 [0.570342277, 0.721447015]	0.652844517 [0.575427760, 0.725294012]
recall	0.079583333 [0.067083333, 0.092500000]	0.097916667 [0.084166667, 0.111677083]	0.102083333 [0.088750000, 0.115416667]	0.095833333 [0.082083333, 0.110000000]	0.095833333 [0.082083333, 0.110000000]
f1	0.137921185 [0.117607634, 0.158809214]	0.164130587 [0.141842441, 0.186149476]	0.171262469 [0.149098464, 0.193084509]	0.160983887 [0.138555540, 0.183313751]	0.160857949 [0.138531014, 0.183699430]
specificity	0.998067970 [0.997346369, 0.998673184]	0.996973929 [0.995996276, 0.997835196]	0.997043762 [0.996089385, 0.997858473]	0.997090317 [0.996089385, 0.997951583]	0.997136872 [0.996135940, 0.997974860]
balanced_accuracy	0.538825652 [0.532692010, 0.545226082]	0.547445298 [0.540524907, 0.554412506]	0.549563547 [0.542759456, 0.556348056]	0.546461825 [0.539549377, 0.553533549]	0.546485102 [0.539470409, 0.553639956]
mcc	0.210425700 [0.180526143, 0.239711719]	0.231155912 [0.201270070, 0.259517442]	0.238332518 [0.207653040, 0.267462322]	0.227487810 [0.197922018, 0.256077250]	0.227927867 [0.198217560, 0.256660068]
map	0.457601957 [0.439706954, 0.475210965]	0.491202678 [0.471313436, 0.510538857]	0.491341319 [0.472143291, 0.510228872]	0.490944064 [0.471611701, 0.510351824]	0.490666752 [0.471175997, 0.510375700]
mrr	0.508523340 [0.489720347, 0.526650331]	0.540196950 [0.520199600, 0.559323418]	0.540746299 [0.521489157, 0.559097825]	0.539843902 [0.520283592, 0.558722413]	0.539583358 [0.520291361, 0.558331892]
recall_at_1	0.265922619 [0.248660714, 0.283634673]	0.290773810 [0.271428571, 0.309672619]	0.291666667 [0.273214286, 0.310122768]	0.290773810 [0.272764137, 0.309081101]	0.291815476 [0.273805804, 0.310420387]
recall_at_3	0.477976190 [0.456250000, 0.499553571]	0.522470238 [0.498065476, 0.546878720]	0.519940476 [0.495085565, 0.543604911]	0.523214286 [0.498363095, 0.547473958]	0.519642857 [0.494787946, 0.543753720]
recall_at_5	0.590773810 [0.567261905, 0.614583333]	0.634077381 [0.607886905, 0.660271577]	0.634226190 [0.608035714, 0.660565476]	0.633928571 [0.608035714, 0.660122768]	0.634077381 [0.608333333, 0.660271577]
recall_at_10	0.741517857 [0.719791667, 0.763690476]	0.762202381 [0.739732143, 0.785119048]	0.762797619 [0.740773810, 0.785416667]	0.762946429 [0.740476190, 0.785863095]	0.763988095 [0.741517857, 0.787354911]
ndcg_at_1	0.365178571 [0.344345238, 0.385714286]	0.391964286 [0.368452381, 0.414880952]	0.393452381 [0.371130952, 0.415178571]	0.391964286 [0.369940476, 0.413690476]	0.393154762 [0.371130952, 0.415476190]
ndcg_at_3	0.423014929 [0.403004559, 0.442684021]	0.462516991 [0.440186908, 0.484356320]	0.461696776 [0.439861701, 0.482801427]	0.463104545 [0.440694263, 0.484738308]	0.461197593 [0.439078660, 0.482902580]
ndcg_at_5	0.473790524 [0.453116108, 0.493900469]	0.513204390 [0.490726176, 0.534700156]	0.513471545 [0.491426828, 0.534808116]	0.513151216 [0.491453015, 0.534611616]	0.512988847 [0.491446867, 0.534504887]
ndcg_at_10	0.527357291 [0.508409149, 0.545984380]	0.559016077 [0.538854893, 0.578708790]	0.559348432 [0.539576862, 0.578730646]	0.559066981 [0.539159204, 0.578507070]	0.559166376 [0.539377578, 0.579034906]

ABSOLUTE primary N
metric	LOGIT0.1	C	S	C_plus	S_strong
average_precision	0.313836986 [0.292212741, 0.335951376]	0.335192774 [0.314669188, 0.355941586]	0.334798702 [0.313821346, 0.355971905]	0.332037236 [0.311383074, 0.352671286]	0.330569161 [0.310002707, 0.351187491]
trapezoidal_pr_auc	0.300566373 [0.278411211, 0.323026263]	0.322374261 [0.301056128, 0.343621801]	0.322158972 [0.300684004, 0.343643201]	0.319326531 [0.298033928, 0.340601270]	0.317707183 [0.296550509, 0.338747683]
roc_auc	0.766425745 [0.751709352, 0.780822975]	0.783702281 [0.768918063, 0.798873982]	0.782984171 [0.767924726, 0.798298534]	0.782396415 [0.767373749, 0.797752066]	0.781872672 [0.766759486, 0.797330918]
recall_at_fpr_1pct	0.183750000 [0.162489583, 0.206250000]	0.183750000 [0.162500000, 0.205000000]	0.183333333 [0.162083333, 0.204583333]	0.181250000 [0.160822917, 0.201250000]	0.182083333 [0.161250000, 0.203333333]
brier	0.043874656 [0.043170930, 0.044568106]	0.042908832 [0.042177453, 0.043647854]	0.042928231 [0.042195695, 0.043659414]	0.043001145 [0.042287906, 0.043717839]	0.043040598 [0.042333146, 0.043759051]
log_loss	0.174984108 [0.171597710, 0.178364575]	0.169277468 [0.165977780, 0.172601833]	0.169430027 [0.166093471, 0.172757977]	0.169622531 [0.166314309, 0.172876838]	0.169785236 [0.166509533, 0.173033448]
precision	0.548402778 [0.469156250, 0.627361111]	0.605456349 [0.535067956, 0.672623016]	0.596428571 [0.528510913, 0.661388889]	0.598055556 [0.529302083, 0.664027778]	0.606388889 [0.536944444, 0.674451389]
recall	0.075000000 [0.062906250, 0.087916667]	0.086666667 [0.074166667, 0.099583333]	0.085416667 [0.073750000, 0.097500000]	0.084166667 [0.072500000, 0.095833333]	0.082916667 [0.071666667, 0.094166667]
f1	0.128463772 [0.108428436, 0.149069552]	0.147820674 [0.127459993, 0.168319436]	0.145867127 [0.127109121, 0.164960142]	0.143982800 [0.124943892, 0.162952630]	0.142071680 [0.123413880, 0.160366632]
specificity	0.998137803 [0.997532588, 0.998696462]	0.998044693 [0.997486034, 0.998580074]	0.997974860 [0.997416201, 0.998486965]	0.998137803 [0.997602421, 0.998649907]	0.998091248 [0.997579143, 0.998580074]
balanced_accuracy	0.536568901 [0.530423388, 0.542991184]	0.542355680 [0.536048592, 0.548791318]	0.541695764 [0.535756285, 0.547737459]	0.541152235 [0.535283432, 0.547089502]	0.540503957 [0.534774179, 0.546233968]
mcc	0.187337042 [0.158874684, 0.215393401]	0.212233082 [0.185002975, 0.238371843]	0.209220490 [0.183308594, 0.234066844]	0.207802829 [0.182098164, 0.232162423]	0.206775227 [0.182371687, 0.231159355]
map	0.469911853 [0.452392802, 0.487490498]	0.488113330 [0.470525160, 0.505043320]	0.486676417 [0.468699474, 0.503789196]	0.480553865 [0.462493613, 0.497968916]	0.480574124 [0.462575748, 0.498306619]
mrr	0.521079419 [0.503165958, 0.538894205]	0.539026026 [0.520817609, 0.556666735]	0.537447409 [0.519145924, 0.555256789]	0.529503999 [0.510258161, 0.547614873]	0.529365793 [0.510438846, 0.547545293]
recall_at_1	0.276190476 [0.258928571, 0.293452381]	0.292261905 [0.274401042, 0.309821429]	0.290476190 [0.272916667, 0.308035714]	0.282440476 [0.263690476, 0.300744048]	0.283184524 [0.264430804, 0.301938244]
recall_at_3	0.492708333 [0.471424851, 0.514285714]	0.515773810 [0.491815476, 0.538988095]	0.513988095 [0.489732143, 0.537946429]	0.512351190 [0.488839286, 0.535119048]	0.511458333 [0.488541667, 0.534077381]
recall_at_5	0.601339286 [0.579014137, 0.624553571]	0.632589286 [0.608184524, 0.656696429]	0.630654762 [0.606547619, 0.654613095]	0.630357143 [0.606246280, 0.654613095]	0.627678571 [0.603571429, 0.651636905]
recall_at_10	0.752976190 [0.733329613, 0.773515625]	0.758333333 [0.739434524, 0.777682292]	0.756250000 [0.737198661, 0.775744048]	0.752529762 [0.733779762, 0.771577381]	0.752232143 [0.732738095, 0.771875000]
ndcg_at_1	0.378273810 [0.356837798, 0.399412202]	0.394345238 [0.372023810, 0.415773810]	0.393154762 [0.371428571, 0.414285714]	0.381845238 [0.358630952, 0.403869048]	0.383333333 [0.360409226, 0.406250000]
ndcg_at_3	0.437253213 [0.417488878, 0.457353006]	0.458125198 [0.437102101, 0.478391663]	0.456638870 [0.435760095, 0.477042914]	0.451186790 [0.430213581, 0.471787288]	0.450793754 [0.429893872, 0.471229948]
ndcg_at_5	0.486261608 [0.467099996, 0.505790069]	0.511010298 [0.490938892, 0.530299922]	0.509229169 [0.489086503, 0.528552827]	0.504564734 [0.484444596, 0.523813531]	0.503239671 [0.483057901, 0.522655545]
ndcg_at_10	0.540282854 [0.522166673, 0.558391965]	0.555964186 [0.538246949, 0.572784464]	0.554104286 [0.536444139, 0.570980892]	0.548130761 [0.530686934, 0.564890402]	0.547983375 [0.530105363, 0.565155914]

ABSOLUTE primary Z
metric	LOGIT0.1	C	S	C_plus	S_strong
average_precision	0.319385476 [0.296376996, 0.344217161]	0.349612166 [0.326649285, 0.372966940]	0.349859400 [0.326352040, 0.373248200]	0.344826536 [0.322455578, 0.367369264]	0.343734074 [0.321142424, 0.366231655]
trapezoidal_pr_auc	0.306398202 [0.283019433, 0.331718338]	0.337159002 [0.313709965, 0.360837987]	0.337440173 [0.313182957, 0.361563003]	0.332396832 [0.309004160, 0.355815550]	0.331157033 [0.307870170, 0.354730530]
roc_auc	0.772174115 [0.756717586, 0.787207169]	0.793233240 [0.778043471, 0.808757798]	0.792567505 [0.777075477, 0.808568669]	0.792253259 [0.776959788, 0.808154737]	0.791652700 [0.776067214, 0.807829725]
recall_at_fpr_1pct	0.187500000 [0.162500000, 0.214166667]	0.195000000 [0.169166667, 0.221666667]	0.195833333 [0.170833333, 0.222500000]	0.190000000 [0.165000000, 0.215833333]	0.193333333 [0.167500000, 0.220833333]
brier	0.043657303 [0.042858382, 0.044416802]	0.042337825 [0.041506809, 0.043160033]	0.042336458 [0.041508609, 0.043162490]	0.042447006 [0.041633680, 0.043229968]	0.042481286 [0.041672972, 0.043258862]
log_loss	0.173928433 [0.170299916, 0.177557283]	0.167012691 [0.163479241, 0.170627590]	0.167100479 [0.163523828, 0.170686219]	0.167357572 [0.163848156, 0.170851106]	0.167505210 [0.164007155, 0.170976546]
precision	0.616805556 [0.515552083, 0.712090278]	0.738690476 [0.651267857, 0.818890873]	0.728690476 [0.644434524, 0.808333333]	0.726666667 [0.643333333, 0.809166667]	0.734166667 [0.655555556, 0.812784722]
recall	0.088333333 [0.072500000, 0.105000000]	0.105833333 [0.089166667, 0.123333333]	0.102500000 [0.086666667, 0.119166667]	0.105000000 [0.089166667, 0.121666667]	0.102500000 [0.087500000, 0.118333333]
f1	0.150884268 [0.124687310, 0.177664588]	0.180357768 [0.153364489, 0.207777797]	0.175222333 [0.149914907, 0.201539319]	0.179076711 [0.153468766, 0.205600772]	0.175458655 [0.151281738, 0.200893714]
specificity	0.997858473 [0.997160149, 0.998510242]	0.997905028 [0.997206704, 0.998557961]	0.997811918 [0.997160149, 0.998463687]	0.997998138 [0.997392924, 0.998603352]	0.997905028 [0.997299814, 0.998510242]
balanced_accuracy	0.543095903 [0.535016294, 0.551382740]	0.551869181 [0.543279271, 0.560735568]	0.550155959 [0.542053073, 0.558652235]	0.551499069 [0.543489292, 0.560019204]	0.550202514 [0.542632682, 0.558212291]
mcc	0.216425229 [0.180158868, 0.252884584]	0.259826047 [0.224851429, 0.293439458]	0.253614177 [0.220782278, 0.286106603]	0.256904227 [0.224233597, 0.288970098]	0.254286502 [0.223626142, 0.285419656]
map	0.473443180 [0.453999370, 0.493588263]	0.501059783 [0.481921481, 0.519473139]	0.499083852 [0.480530219, 0.517182686]	0.489740035 [0.470959902, 0.507974071]	0.490151836 [0.471762211, 0.508377289]
mrr	0.525180484 [0.505060560, 0.545392631]	0.554184878 [0.534026384, 0.573671358]	0.552297988 [0.532450094, 0.571071670]	0.540808809 [0.520202936, 0.560315551]	0.541118082 [0.520535218, 0.560621580]
recall_at_1	0.275297619 [0.254464286, 0.297023810]	0.304761905 [0.284821429, 0.324404762]	0.300892857 [0.281547619, 0.319345238]	0.287202381 [0.267261905, 0.306845238]	0.288988095 [0.268444940, 0.309523810]
recall_at_3	0.503273810 [0.478273810, 0.528571429]	0.527976190 [0.501488095, 0.552983631]	0.529464286 [0.503266369, 0.553571429]	0.527976190 [0.502373512, 0.551488095]	0.525297619 [0.500892857, 0.547619048]
recall_at_5	0.612797619 [0.588392857, 0.637202381]	0.650595238 [0.624702381, 0.675297619]	0.650000000 [0.623809524, 0.675602679]	0.649702381 [0.624404762, 0.674709821]	0.647619048 [0.621726190, 0.672916667]
recall_at_10	0.762500000 [0.740773810, 0.783928571]	0.776785714 [0.755654762, 0.797916667]	0.772916667 [0.751488095, 0.794642857]	0.769642857 [0.749404762, 0.790476190]	0.769047619 [0.747916667, 0.790476190]
ndcg_at_1	0.377380952 [0.352380952, 0.402395833]	0.408333333 [0.383333333, 0.433333333]	0.405357143 [0.381547619, 0.429166667]	0.387500000 [0.362500000, 0.412500000]	0.389880952 [0.364285714, 0.415476190]
ndcg_at_3	0.443207384 [0.420646822, 0.466641410]	0.471128400 [0.448641339, 0.492769498]	0.470765036 [0.448273922, 0.491696520]	0.462897381 [0.440865749, 0.484108053]	0.461802782 [0.440157657, 0.482766930]
ndcg_at_5	0.492596379 [0.471109562, 0.515077662]	0.526504393 [0.504374788, 0.546993968]	0.524773987 [0.503700070, 0.544802830]	0.517827785 [0.496535298, 0.538065944]	0.516979637 [0.495766539, 0.537650359]
ndcg_at_10	0.545792638 [0.526342064, 0.564729132]	0.571747157 [0.552767040, 0.589895935]	0.568966293 [0.550152862, 0.587119140]	0.560748374 [0.542182542, 0.578420783]	0.560793178 [0.542022785, 0.578914844]

ABSOLUTE primary final_all
metric	LOGIT0.1	C	S	C_plus	S_strong
average_precision	0.313316784 [0.291956408, 0.335012406]	0.342770014 [0.321637355, 0.364226171]	0.341876183 [0.320775741, 0.363050897]	0.339724508 [0.318991384, 0.360715814]	0.339384404 [0.318454985, 0.360688382]
trapezoidal_pr_auc	0.300159208 [0.278305308, 0.322350742]	0.329650259 [0.308050826, 0.351474005]	0.328825754 [0.307160343, 0.350424432]	0.326560174 [0.305233234, 0.348201423]	0.326319097 [0.304948046, 0.347987706]
roc_auc	0.764229516 [0.749452980, 0.778876882]	0.790308814 [0.775247924, 0.805703290]	0.789845981 [0.774682282, 0.805417714]	0.788851257 [0.773711612, 0.804483201]	0.788407433 [0.773185715, 0.804033296]
recall_at_fpr_1pct	0.188611111 [0.167777778, 0.210562500]	0.191944444 [0.171388889, 0.213611111]	0.192777778 [0.171944444, 0.215000000]	0.190277778 [0.169993056, 0.211388889]	0.193055556 [0.171666667, 0.215277778]
brier	0.043914611 [0.043203868, 0.044620164]	0.042722225 [0.041959779, 0.043487599]	0.042718503 [0.041950920, 0.043482290]	0.042765042 [0.042013864, 0.043518107]	0.042795449 [0.042037874, 0.043554720]
log_loss	0.176080367 [0.172601125, 0.179563825]	0.168222886 [0.164795925, 0.171595124]	0.168246661 [0.164781237, 0.171666909]	0.168395498 [0.164958500, 0.171772537]	0.168528855 [0.165107364, 0.171937321]
precision	0.642671958 [0.556842593, 0.724338624]	0.681977513 [0.609422288, 0.750615575]	0.680262747 [0.605463083, 0.750085002]	0.674704986 [0.599977593, 0.746050485]	0.679951900 [0.607208965, 0.748175385]
recall	0.082500000 [0.070277778, 0.095555556]	0.100555556 [0.086666667, 0.115000000]	0.102222222 [0.089166667, 0.115555556]	0.098888889 [0.085277778, 0.112777778]	0.098055556 [0.084722222, 0.111666667]
f1	0.142242213 [0.122102012, 0.163483351]	0.169539647 [0.146922902, 0.192320346]	0.172582424 [0.151136212, 0.194315795]	0.167014828 [0.145134218, 0.188843702]	0.165724851 [0.144031449, 0.187615682]
specificity	0.997998138 [0.997346369, 0.998556797]	0.997284295 [0.996477343, 0.997982619]	0.997299814 [0.996523898, 0.997967101]	0.997392924 [0.996601490, 0.998106766]	0.997392924 [0.996601490, 0.998091248]
balanced_accuracy	0.540249069 [0.534169770, 0.546777041]	0.548919926 [0.541843207, 0.556189479]	0.549761018 [0.543132352, 0.556505296]	0.548140906 [0.541394185, 0.555094856]	0.547724240 [0.541019126, 0.554537923]
mcc	0.212425543 [0.183582171, 0.241864192]	0.240712624 [0.211393826, 0.269028475]	0.243426404 [0.214145777, 0.271715432]	0.237293282 [0.208629187, 0.265465450]	0.236714079 [0.208411612, 0.264155992]
map	0.462882365 [0.445274833, 0.480307381]	0.494488380 [0.475732108, 0.512444402]	0.493922164 [0.475353881, 0.511740123]	0.490542721 [0.472074716, 0.508505696]	0.490495113 [0.472228638, 0.508812477]
mrr	0.514075722 [0.495433167, 0.532006312]	0.544859593 [0.525794738, 0.563343733]	0.544596862 [0.525843559, 0.562517388]	0.540165538 [0.521262113, 0.558231803]	0.540094933 [0.521501227, 0.558025649]
recall_at_1	0.269047619 [0.251686508, 0.286609623]	0.295436508 [0.277083333, 0.313591270]	0.294742063 [0.277083333, 0.311805556]	0.289583333 [0.271525298, 0.307242063]	0.290873016 [0.273311012, 0.308531746]
recall_at_3	0.486408730 [0.465176091, 0.507442956]	0.524305556 [0.500493552, 0.547123016]	0.523115079 [0.498908730, 0.545736607]	0.524801587 [0.500694444, 0.547619048]	0.521527778 [0.497916667, 0.543653274]
recall_at_5	0.598115079 [0.576091270, 0.620042163]	0.639583333 [0.614184028, 0.664593254]	0.639484127 [0.613886409, 0.664880952]	0.639186508 [0.614580853, 0.663789683]	0.638591270 [0.613291171, 0.663990575]
recall_at_10	0.748511905 [0.728172123, 0.768750000]	0.767063492 [0.746031746, 0.788591270]	0.766170635 [0.745436508, 0.787502480]	0.765178571 [0.744441964, 0.786708829]	0.765674603 [0.744543651, 0.787698413]
ndcg_at_1	0.369246032 [0.348606151, 0.389880952]	0.397420635 [0.375198413, 0.419246032]	0.397420635 [0.376185516, 0.418055556]	0.390476190 [0.369042659, 0.411706349]	0.392063492 [0.371026786, 0.413095238]
ndcg_at_3	0.429745747 [0.409722473, 0.449451808]	0.465387461 [0.444187618, 0.486006641]	0.464719530 [0.443470018, 0.484870055]	0.463035490 [0.441729856, 0.483489587]	0.461399323 [0.440362724, 0.481796439]
ndcg_at_5	0.480059142 [0.460098915, 0.499771546]	0.517637724 [0.496581532, 0.537990104]	0.517239026 [0.496179593, 0.537424088]	0.514710073 [0.494074510, 0.535012364]	0.514319111 [0.493528778, 0.534570093]
ndcg_at_10	0.533502407 [0.515302787, 0.551520424]	0.563259770 [0.544260236, 0.581569996]	0.562554385 [0.543684526, 0.580528217]	0.559627446 [0.540921851, 0.577888831]	0.559708643 [0.540930105, 0.578227528]

ABSOLUTE primary A2
metric	LOGIT0.1	C	S	C_plus	S_strong
average_precision	0.308288495 [0.285031216, 0.331936676]	0.320773382 [0.300093579, 0.342122336]	0.319738004 [0.299146675, 0.340812282]	0.319247937 [0.298665759, 0.340603734]	0.317404247 [0.297050041, 0.338587499]
trapezoidal_pr_auc	0.294734545 [0.270638975, 0.318880325]	0.307589521 [0.286703286, 0.329420778]	0.306877771 [0.286107852, 0.328181318]	0.306256230 [0.285229450, 0.327919771]	0.304257334 [0.283325832, 0.325580486]
roc_auc	0.760677374 [0.744802083, 0.776401653]	0.774171322 [0.757794984, 0.790589036]	0.773400838 [0.757089851, 0.789855971]	0.772539572 [0.756235568, 0.788916143]	0.772092644 [0.755895019, 0.788466073]
recall_at_fpr_1pct	0.180000000 [0.155000000, 0.206666667]	0.172500000 [0.150833333, 0.194166667]	0.170833333 [0.149166667, 0.193333333]	0.172500000 [0.150833333, 0.194166667]	0.170833333 [0.149979167, 0.192500000]
brier	0.044092009 [0.043371996, 0.044808669]	0.043479840 [0.042771524, 0.044181345]	0.043520004 [0.042816816, 0.044216646]	0.043555284 [0.042852768, 0.044249253]	0.043599910 [0.042901091, 0.044290035]
log_loss	0.176039782 [0.172622642, 0.179491654]	0.171542246 [0.168280002, 0.174886785]	0.171759576 [0.168438278, 0.175111869]	0.171887490 [0.168582113, 0.175192289]	0.172065262 [0.168765585, 0.175350969]
precision	0.480000000 [0.397777778, 0.565000000]	0.472222222 [0.403048611, 0.545277778]	0.464166667 [0.397222222, 0.536111111]	0.469444444 [0.397777778, 0.543333333]	0.478611111 [0.399166667, 0.561118056]
recall	0.061666667 [0.049166667, 0.075000000]	0.067500000 [0.055833333, 0.079166667]	0.068333333 [0.056666667, 0.080000000]	0.063333333 [0.051666667, 0.074166667]	0.063333333 [0.051666667, 0.075000000]
f1	0.106043276 [0.086189332, 0.126671917]	0.115283581 [0.096010958, 0.133829401]	0.116511920 [0.097796956, 0.135118386]	0.108888889 [0.090009093, 0.127041234]	0.108684704 [0.088843211, 0.128357313]
specificity	0.998417132 [0.997718808, 0.999022346]	0.998184358 [0.997579143, 0.998743017]	0.998137803 [0.997579143, 0.998649907]	0.998277467 [0.997765363, 0.998789572]	0.998277467 [0.997765363, 0.998789572]
balanced_accuracy	0.530041899 [0.523908229, 0.536592179]	0.532842179 [0.526915736, 0.538605680]	0.533235568 [0.527425512, 0.538999651]	0.530805400 [0.524995345, 0.536338978]	0.530805400 [0.524692214, 0.536801676]
mcc	0.158248855 [0.131349340, 0.185925233]	0.164640117 [0.139210858, 0.189551395]	0.164826804 [0.139485236, 0.189577543]	0.158701430 [0.133813689, 0.183357746]	0.159263951 [0.132321013, 0.185874773]
map	0.466380526 [0.446840856, 0.485602576]	0.475166877 [0.455551572, 0.495248135]	0.474268982 [0.453885013, 0.495134734]	0.471367695 [0.450646900, 0.492128892]	0.470996412 [0.450659560, 0.491621838]
mrr	0.516978353 [0.497336451, 0.537168776]	0.523867175 [0.503720030, 0.543512763]	0.522596830 [0.501927305, 0.543038754]	0.518199189 [0.497244974, 0.538955874]	0.517613504 [0.496653956, 0.537819679]
recall_at_1	0.277083333 [0.258333333, 0.295535714]	0.279761905 [0.258928571, 0.300297619]	0.280059524 [0.259516369, 0.300595238]	0.277678571 [0.255647321, 0.299107143]	0.277380952 [0.255952381, 0.297916667]
recall_at_3	0.482142857 [0.458035714, 0.506845238]	0.503571429 [0.476488095, 0.531250000]	0.498511905 [0.471130952, 0.526190476]	0.496726190 [0.470238095, 0.523809524]	0.497619048 [0.471421131, 0.525000000]
recall_at_5	0.589880952 [0.563095238, 0.617566964]	0.614583333 [0.588095238, 0.641964286]	0.611309524 [0.585119048, 0.638095238]	0.611011905 [0.584523810, 0.637805060]	0.607738095 [0.581547619, 0.634523810]
recall_at_10	0.743452381 [0.720535714, 0.767261905]	0.739880952 [0.719345238, 0.760416667]	0.739583333 [0.719047619, 0.760119048]	0.735416667 [0.714880952, 0.755952381]	0.735416667 [0.714285714, 0.756547619]
ndcg_at_1	0.379166667 [0.355357143, 0.404166667]	0.380357143 [0.355952381, 0.404761905]	0.380952381 [0.356532738, 0.405372024]	0.376190476 [0.349404762, 0.401785714]	0.376785714 [0.351190476, 0.401785714]
ndcg_at_3	0.431299041 [0.409388147, 0.453225656]	0.445121997 [0.421249518, 0.469404513]	0.442512703 [0.418137695, 0.467525801]	0.439476199 [0.414614650, 0.464281848]	0.439784725 [0.415382708, 0.464310573]
ndcg_at_5	0.479926838 [0.457822148, 0.501864363]	0.495516203 [0.473265173, 0.517306358]	0.493684352 [0.471117917, 0.516242058]	0.491301684 [0.468481666, 0.513697384]	0.489499705 [0.467030657, 0.511998674]
ndcg_at_10	0.534773070 [0.515156982, 0.554323523]	0.540181215 [0.521219430, 0.558696762]	0.539242280 [0.519820285, 0.558154570]	0.535513148 [0.516136656, 0.554681517]	0.535173572 [0.516117750, 0.554541151]

ABSOLUTE primary F_first
metric	LOGIT0.1	C	S	C_plus	S_strong
average_precision	0.009823005 [-0.008564663, 0.028355099]	-0.020336666 [-0.034945538, -0.006300038]	-0.018213726 [-0.032340444, -0.004668981]	-0.018606257 [-0.033425948, -0.004164821]	-0.019357035 [-0.033312482, -0.005910255]
trapezoidal_pr_auc	0.009497706 [-0.009806142, 0.028940491]	-0.020331667 [-0.035686031, -0.005633736]	-0.018453453 [-0.033221869, -0.004342016]	-0.018996672 [-0.034690129, -0.003655665]	-0.019866614 [-0.034597148, -0.005769538]
roc_auc	0.005847300 [-0.007027584, 0.018515829]	-0.020493482 [-0.032009253, -0.008672893]	-0.020741387 [-0.031801647, -0.009311831]	-0.018672020 [-0.029222969, -0.007762395]	-0.018157588 [-0.028538873, -0.007517807]
recall_at_fpr_1pct	-0.011666667 [-0.035833333, 0.011666667]	-0.028333333 [-0.050000000, -0.007500000]	-0.026666667 [-0.048333333, -0.005833333]	-0.025833333 [-0.048333333, -0.004166667]	-0.030000000 [-0.052500000, -0.008333333]
brier	0.000350942 [-0.000164070, 0.000875059]	-0.000556504 [-0.001004102, -0.000117241]	-0.000537814 [-0.000977935, -0.000090974]	-0.000539312 [-0.000962264, -0.000124809]	-0.000513893 [-0.000935404, -0.000096887]
log_loss	0.003123945 [0.000482354, 0.005782977]	-0.003168299 [-0.005089820, -0.001234038]	-0.003173848 [-0.004989365, -0.001313921]	-0.003048418 [-0.004786712, -0.001268587]	-0.002922887 [-0.004679054, -0.001176561]
precision	-0.070138889 [-0.176260417, 0.032784722]	-0.124067460 [-0.214251984, -0.031653770]	-0.098327922 [-0.183184885, -0.012078373]	-0.120622896 [-0.211960708, -0.026112825]	-0.134419192 [-0.228114268, -0.038553932]
recall	-0.019166667 [-0.035000000, -0.003333333]	-0.045833333 [-0.061666667, -0.030833333]	-0.045833333 [-0.061666667, -0.030833333]	-0.043333333 [-0.059166667, -0.028333333]	-0.043333333 [-0.058333333, -0.028333333]
f1	-0.030658529 [-0.056397005, -0.005427176]	-0.071698872 [-0.095994143, -0.048373418]	-0.071688065 [-0.095969320, -0.048705241]	-0.068234095 [-0.093282753, -0.044802655]	-0.068616995 [-0.092933824, -0.045566744]
specificity	0.000418994 [-0.000186220, 0.001024209]	0.002001862 [0.001117318, 0.002979516]	0.001908752 [0.001024209, 0.002839851]	0.001908752 [0.000977654, 0.002932961]	0.001722533 [0.000791434, 0.002746741]
balanced_accuracy	-0.009373836 [-0.017290503, -0.001480447]	-0.021915736 [-0.029553131, -0.014554818]	-0.021962291 [-0.029670042, -0.014695007]	-0.020712291 [-0.028628957, -0.013325768]	-0.020805400 [-0.028445065, -0.013559125]
mcc	-0.037063664 [-0.071902746, -0.002353764]	-0.078035461 [-0.106914339, -0.049190944]	-0.075162222 [-0.104306843, -0.046472350]	-0.074651847 [-0.105025981, -0.044320172]	-0.077647968 [-0.106896990, -0.047742486]
map	0.029540193 [0.012919656, 0.046439437]	-0.018927070 [-0.034577448, -0.004292215]	-0.020870690 [-0.034917789, -0.007560159]	-0.022359141 [-0.036786057, -0.008378932]	-0.022492991 [-0.035803059, -0.009593026]
mrr	0.026250395 [0.007944989, 0.043937032]	-0.018893936 [-0.037054702, -0.002311712]	-0.020714466 [-0.037548237, -0.005123447]	-0.023548604 [-0.040163982, -0.008121560]	-0.023683950 [-0.038520205, -0.009396560]
recall_at_1	0.027380952 [0.006845238, 0.047023810]	-0.017261905 [-0.036316964, 0.001190476]	-0.019047619 [-0.037202381, -0.001488095]	-0.024107143 [-0.042857143, -0.005654762]	-0.024404762 [-0.041964286, -0.007440476]
recall_at_3	0.046726190 [0.025892857, 0.068154762]	-0.007440476 [-0.027388393, 0.011904762]	-0.008928571 [-0.028869048, 0.009821429]	-0.009523810 [-0.029761905, 0.010119048]	-0.008928571 [-0.029166667, 0.011309524]
recall_at_5	0.038392857 [0.018154762, 0.058928571]	-0.026785714 [-0.050305060, -0.003273810]	-0.030654762 [-0.051488095, -0.009523810]	-0.025595238 [-0.045833333, -0.004166667]	-0.025892857 [-0.045238095, -0.005952381]
recall_at_10	0.001488095 [-0.018750000, 0.022619048]	-0.039880952 [-0.062500000, -0.016964286]	-0.036607143 [-0.057142857, -0.016071429]	-0.035416667 [-0.056845238, -0.013690476]	-0.039285714 [-0.059523810, -0.018750000]
ndcg_at_1	0.029166667 [0.004166667, 0.052976190]	-0.019047619 [-0.042857143, 0.003571429]	-0.021428571 [-0.044047619, -0.000595238]	-0.027380952 [-0.050014881, -0.005357143]	-0.028571429 [-0.050000000, -0.008333333]
ndcg_at_3	0.039241801 [0.020357768, 0.058611633]	-0.012565405 [-0.031094301, 0.004921403]	-0.014682421 [-0.031874521, 0.001842725]	-0.016920664 [-0.034223907, -0.000520593]	-0.016784359 [-0.033357812, -0.000848074]
ndcg_at_5	0.035675164 [0.017991415, 0.053084082]	-0.020721206 [-0.039039101, -0.003322712]	-0.023647153 [-0.040019715, -0.007949467]	-0.023397591 [-0.039202576, -0.008077770]	-0.023562293 [-0.038399920, -0.009133590]
ndcg_at_10	0.022630027 [0.006325153, 0.038989489]	-0.025867090 [-0.041661347, -0.010645679]	-0.026331148 [-0.040622593, -0.012399741]	-0.027447522 [-0.042337018, -0.012878783]	-0.028673964 [-0.042282295, -0.015060469]

ABSOLUTE primary F
metric	LOGIT0.1	C	S	C_plus	S_strong
average_precision	0.008484518 [-0.002993760, 0.020116826]	-0.020478410 [-0.031115144, -0.009899380]	-0.019531736 [-0.029533767, -0.009485959]	-0.019065690 [-0.029160911, -0.008913923]	-0.020023610 [-0.030156121, -0.009967612]
trapezoidal_pr_auc	0.008213819 [-0.003999256, 0.020128754]	-0.020541935 [-0.031755399, -0.009529706]	-0.019520467 [-0.030159979, -0.008858896]	-0.018954537 [-0.029614842, -0.008197837]	-0.020212270 [-0.031062175, -0.009551496]
roc_auc	0.006379190 [-0.001534043, 0.014203183]	-0.016733007 [-0.023674697, -0.009501280]	-0.016756867 [-0.023402773, -0.009882303]	-0.015852537 [-0.022159814, -0.009460836]	-0.015710545 [-0.021839647, -0.009406992]
recall_at_fpr_1pct	-0.002083333 [-0.019583333, 0.014583333]	-0.019166667 [-0.033333333, -0.005416667]	-0.020833333 [-0.033333333, -0.009166667]	-0.019166667 [-0.031250000, -0.007500000]	-0.022500000 [-0.035833333, -0.009583333]
brier	0.000338865 [-0.000014888, 0.000694987]	-0.000580331 [-0.000918008, -0.000236376]	-0.000605313 [-0.000948364, -0.000256291]	-0.000608418 [-0.000929301, -0.000285011]	-0.000602260 [-0.000931726, -0.000274827]
log_loss	0.002956633 [0.001265029, 0.004656492]	-0.002897020 [-0.004247696, -0.001459289]	-0.003013915 [-0.004335863, -0.001591160]	-0.002983164 [-0.004246715, -0.001648850]	-0.002945833 [-0.004215586, -0.001620678]
precision	-0.113382937 [-0.187853671, -0.037458581]	-0.153343254 [-0.218713046, -0.085604663]	-0.159798882 [-0.220662157, -0.098372159]	-0.149835257 [-0.209885462, -0.088776290]	-0.149372294 [-0.208031611, -0.089956530]
recall	-0.012916667 [-0.023750000, -0.002083333]	-0.037083333 [-0.047916667, -0.026666667]	-0.040833333 [-0.051666667, -0.030416667]	-0.037083333 [-0.048333333, -0.026666667]	-0.037083333 [-0.048333333, -0.026666667]
f1	-0.022483623 [-0.040017428, -0.004811483]	-0.058875224 [-0.076240605, -0.041673559]	-0.065392936 [-0.082686885, -0.048635764]	-0.058925870 [-0.076708387, -0.042106659]	-0.058902025 [-0.075996993, -0.042575408]
specificity	0.000302607 [-0.000209497, 0.000814711]	0.001606145 [0.000954376, 0.002327747]	0.001513035 [0.000884544, 0.002211359]	0.001536313 [0.000861266, 0.002304469]	0.001489758 [0.000814711, 0.002257914]
balanced_accuracy	-0.006307030 [-0.011643651, -0.000924988]	-0.017738594 [-0.023202107, -0.012484841]	-0.019660149 [-0.024995665, -0.014497760]	-0.017773510 [-0.023317359, -0.012575419]	-0.017796788 [-0.023294955, -0.012612867]
mcc	-0.035470436 [-0.059832947, -0.011129745]	-0.071177780 [-0.093026375, -0.048894782]	-0.078261042 [-0.099815178, -0.056199428]	-0.070479021 [-0.091879212, -0.049280237]	-0.070637817 [-0.090301438, -0.049994613]
map	0.020158248 [0.010673137, 0.029840794]	-0.017755897 [-0.028907063, -0.006149629]	-0.018343485 [-0.028612396, -0.007606644]	-0.019396874 [-0.029038736, -0.009554939]	-0.019305203 [-0.028670082, -0.009819879]
mrr	0.018403166 [0.008225405, 0.028801959]	-0.018538549 [-0.030671635, -0.006102555]	-0.019723070 [-0.030991595, -0.008106082]	-0.021019493 [-0.031441262, -0.010255720]	-0.021051792 [-0.030767614, -0.011130005]
recall_at_1	0.019345238 [0.006845238, 0.031848958]	-0.013690476 [-0.027529762, -0.000595238]	-0.014434524 [-0.027529762, -0.001934524]	-0.014732143 [-0.027529762, -0.003270089]	-0.015922619 [-0.027678571, -0.005208333]
recall_at_3	0.025446429 [0.013095238, 0.038095238]	-0.016815476 [-0.032738095, 0.000595238]	-0.016815476 [-0.031696429, -0.001190476]	-0.020982143 [-0.034523810, -0.006101190]	-0.016964286 [-0.030952381, -0.001636905]
recall_at_5	0.017559524 [0.003125000, 0.031845238]	-0.023214286 [-0.040033482, -0.004910714]	-0.025000000 [-0.039732143, -0.008928571]	-0.024851190 [-0.039434524, -0.009375000]	-0.026636905 [-0.040479911, -0.011755952]
recall_at_10	0.004017857 [-0.008634673, 0.016517857]	-0.027083333 [-0.040628720, -0.013541667]	-0.027827381 [-0.040476190, -0.015178571]	-0.030059524 [-0.042708333, -0.017109375]	-0.031101190 [-0.044047619, -0.018303571]
ndcg_at_1	0.022619048 [0.008035714, 0.037202381]	-0.015476190 [-0.032440476, 0.000297619]	-0.016666667 [-0.032440476, -0.001488095]	-0.017559524 [-0.033035714, -0.003571429]	-0.018452381 [-0.032150298, -0.005654762]
ndcg_at_3	0.024485597 [0.013829463, 0.035618803]	-0.017197766 [-0.030846741, -0.002706449]	-0.017682198 [-0.030380983, -0.004661684]	-0.020608219 [-0.032046798, -0.008548751]	-0.018547003 [-0.029668410, -0.006733357]
ndcg_at_5	0.021036586 [0.010197371, 0.031965193]	-0.019795194 [-0.032786551, -0.006132594]	-0.020978276 [-0.032891660, -0.008442632]	-0.021849281 [-0.032838568, -0.010218063]	-0.022587901 [-0.033187898, -0.011428481]
ndcg_at_10	0.016227542 [0.007294728, 0.025366417]	-0.021561635 [-0.032031780, -0.010294836]	-0.022363457 [-0.032040524, -0.011883642]	-0.023946573 [-0.033452321, -0.013855111]	-0.024215755 [-0.033044698, -0.014611342]

ABSOLUTE primary G
metric	LOGIT0.1	C	S	C_plus	S_strong
average_precision	0.068206683 [0.055000538, 0.082089515]	0.077551595 [0.065237349, 0.090243276]	0.076069330 [0.063924525, 0.088573348]	0.074692748 [0.063338007, 0.086739999]	0.073435227 [0.062103497, 0.085478619]
trapezoidal_pr_auc	0.068775508 [0.055271540, 0.082773581]	0.080202042 [0.067240643, 0.093539304]	0.078916401 [0.066114212, 0.091830236]	0.077064189 [0.064959194, 0.089683734]	0.075676849 [0.063743444, 0.088338298]
roc_auc	0.039788175 [0.030117435, 0.050137919]	0.036560754 [0.028327107, 0.045288582]	0.035828678 [0.027760009, 0.044363449]	0.036148743 [0.028588076, 0.044184736]	0.035694832 [0.028244850, 0.043466131]
recall_at_fpr_1pct	0.052500000 [0.034166667, 0.072500000]	0.055000000 [0.039583333, 0.070416667]	0.052916667 [0.037500000, 0.068333333]	0.052500000 [0.037500000, 0.067916667]	0.053750000 [0.038750000, 0.069166667]
brier	0.002636191 [0.002176830, 0.003095374]	0.002670568 [0.002229387, 0.003136781]	0.002642088 [0.002208174, 0.003097502]	0.002646774 [0.002232336, 0.003078646]	0.002611902 [0.002205268, 0.003029512]
log_loss	0.011489164 [0.009330301, 0.013728483]	0.011249065 [0.009450953, 0.013162350]	0.011061055 [0.009295461, 0.012925678]	0.011175867 [0.009442355, 0.013012507]	0.011021336 [0.009330646, 0.012810020]
precision	0.131458333 [0.054442708, 0.205902778]	0.139831349 [0.067704861, 0.212755704]	0.130664683 [0.059513145, 0.204447173]	0.128263889 [0.058468750, 0.199166667]	0.144097222 [0.069024306, 0.219168403]
recall	0.037500000 [0.027500000, 0.047500000]	0.029166667 [0.020000000, 0.038750000]	0.027500000 [0.017916667, 0.037083333]	0.025416667 [0.016666667, 0.035000000]	0.024166667 [0.015416667, 0.033333333]
f1	0.061137979 [0.044995351, 0.076647060]	0.048430029 [0.033943013, 0.063789449]	0.046055428 [0.030814125, 0.061871241]	0.042709448 [0.028142090, 0.058366015]	0.040980867 [0.026171632, 0.056025587]
specificity	-0.000209497 [-0.000861266, 0.000418994]	0.000232775 [-0.000256052, 0.000721601]	0.000162942 [-0.000302607, 0.000628492]	0.000442272 [0.000000000, 0.000884544]	0.000395717 [-0.000046555, 0.000861266]
balanced_accuracy	0.018645251 [0.013633584, 0.023588222]	0.014699721 [0.010173155, 0.019433223]	0.013831471 [0.009097969, 0.018681913]	0.012929469 [0.008575739, 0.017709497]	0.012281192 [0.007801443, 0.016911400]
mcc	0.074129408 [0.051515853, 0.095593604]	0.064554369 [0.044110205, 0.085074066]	0.061393493 [0.039082677, 0.083196929]	0.058087796 [0.037088793, 0.079635136]	0.058257132 [0.035496952, 0.080626071]
map	0.061303956 [0.047661637, 0.074725106]	0.057499200 [0.045183133, 0.069837914]	0.055204588 [0.043361469, 0.067092016]	0.050808559 [0.039143093, 0.062518480]	0.050536691 [0.039027230, 0.062266431]
mrr	0.067277619 [0.052426054, 0.082089643]	0.063600546 [0.050458642, 0.076603045]	0.061018466 [0.048973111, 0.073555988]	0.055009070 [0.042498304, 0.067779639]	0.054752882 [0.042484025, 0.067317882]
recall_at_1	0.051041667 [0.034821429, 0.067261905]	0.049553571 [0.035115327, 0.064583333]	0.045982143 [0.031845238, 0.060569196]	0.041220238 [0.027377232, 0.055505952]	0.040773810 [0.026930804, 0.054761905]
recall_at_3	0.077827381 [0.062797619, 0.093452381]	0.071726190 [0.054017857, 0.089732143]	0.071279762 [0.054761905, 0.088247768]	0.068750000 [0.051339286, 0.086462054]	0.069047619 [0.052232143, 0.086160714]
recall_at_5	0.063095238 [0.046130952, 0.080505952]	0.072023810 [0.056696429, 0.087797619]	0.068898810 [0.054315476, 0.084226190]	0.072023810 [0.057440476, 0.087500000]	0.069791667 [0.054761905, 0.085718006]
recall_at_10	0.051785714 [0.036309524, 0.068452381]	0.045535714 [0.033333333, 0.058630952]	0.045238095 [0.032886905, 0.058035714]	0.042113095 [0.031101190, 0.054166667]	0.043154762 [0.031994048, 0.055208333]
ndcg_at_1	0.074107143 [0.054464286, 0.093750000]	0.065476190 [0.047909226, 0.083928571]	0.061904762 [0.045230655, 0.079464286]	0.054166667 [0.037500000, 0.071130952]	0.054761905 [0.038385417, 0.071428571]
ndcg_at_3	0.072781253 [0.057628423, 0.088023377]	0.067811979 [0.052602402, 0.082902296]	0.066180205 [0.051660039, 0.080407242]	0.061384610 [0.046710759, 0.076026809]	0.061313093 [0.046985050, 0.075783592]
ndcg_at_5	0.066771508 [0.052384541, 0.081337861]	0.068085950 [0.054983082, 0.081084123]	0.065124922 [0.052616254, 0.077401742]	0.062941593 [0.050646747, 0.075195640]	0.061558960 [0.049077896, 0.074054871]
ndcg_at_10	0.062987192 [0.050747800, 0.075540908]	0.058472115 [0.047790604, 0.069301452]	0.056486112 [0.046209164, 0.067132402]	0.051991431 [0.041759880, 0.062465782]	0.052134379 [0.041984461, 0.062802134]

ABSOLUTE raw O
metric	LOGIT0.1	C	S	C_plus	S_strong
average_precision	0.310282438 [0.288390943, 0.332022582]	0.339348937 [0.318286957, 0.361419379]	0.337884574 [0.316517876, 0.360034328]	0.337173495 [0.315857055, 0.359212189]	0.337209569 [0.315338784, 0.359622071]
trapezoidal_pr_auc	0.297039712 [0.274517135, 0.319553127]	0.325895888 [0.304294816, 0.348543340]	0.324518545 [0.302722130, 0.347239186]	0.323641845 [0.301917456, 0.346235286]	0.323900130 [0.302164680, 0.346622793]
roc_auc	0.760257216 [0.744593721, 0.776488187]	0.788846601 [0.773203911, 0.804875786]	0.788485219 [0.772645193, 0.804733298]	0.787150256 [0.771417336, 0.803335210]	0.786784800 [0.770947378, 0.803041245]
recall_at_fpr_1pct	0.189166667 [0.168333333, 0.211666667]	0.190416667 [0.170000000, 0.212083333]	0.191250000 [0.170000000, 0.213333333]	0.190416667 [0.169583333, 0.212083333]	0.192916667 [0.171666667, 0.215416667]
brier	0.049655087 [0.049379542, 0.049917015]	0.049200764 [0.048807656, 0.049588079]	0.049147849 [0.048757475, 0.049534266]	0.049401854 [0.049022674, 0.049776661]	0.049385874 [0.049003294, 0.049764070]
log_loss	0.263649409 [0.258018308, 0.269415837]	0.286072353 [0.279618641, 0.292628984]	0.284729369 [0.278290986, 0.291342679]	0.289114984 [0.282626129, 0.295669002]	0.288998396 [0.282516430, 0.295630111]
precision	0.016666667 [0.000000000, 0.041666667]	0.187500000 [0.108333333, 0.275000000]	0.204166667 [0.125000000, 0.287500000]	0.176388889 [0.112500000, 0.245833333]	0.176388889 [0.109722222, 0.247222222]
recall	0.000833333 [0.000000000, 0.002083333]	0.014166667 [0.007500000, 0.021666667]	0.015416667 [0.008750000, 0.023333333]	0.012916667 [0.007916667, 0.018750000]	0.012500000 [0.007500000, 0.017916667]
f1	0.001587302 [0.000000000, 0.003968254]	0.025966184 [0.014032522, 0.039768139]	0.028157350 [0.016036138, 0.041976089]	0.023726394 [0.014557061, 0.034075381]	0.023067633 [0.013960294, 0.032994620]
specificity	1.000000000 [1.000000000, 1.000000000]	0.999883613 [0.999790503, 0.999976723]	0.999860335 [0.999767225, 0.999953445]	0.999860335 [0.999743948, 0.999976723]	0.999860335 [0.999743948, 0.999976723]
balanced_accuracy	0.500416667 [0.500000000, 0.501041667]	0.507025140 [0.503715084, 0.510810056]	0.507638501 [0.504281890, 0.511596834]	0.506388501 [0.503853585, 0.509281890]	0.506180168 [0.503680168, 0.508912069]
mcc	0.003631655 [0.000000000, 0.009079138]	0.048547024 [0.026935175, 0.072063196]	0.052569946 [0.031061023, 0.075896872]	0.044865759 [0.027713276, 0.063182875]	0.044283658 [0.027159367, 0.062567816]
map	0.457601957 [0.439706954, 0.475210965]	0.491202678 [0.471313436, 0.510538857]	0.491341319 [0.472143291, 0.510228872]	0.490944064 [0.471611701, 0.510351824]	0.490666752 [0.471175997, 0.510375700]
mrr	0.508523340 [0.489720347, 0.526650331]	0.540196950 [0.520199600, 0.559323418]	0.540746299 [0.521489157, 0.559097825]	0.539843902 [0.520283592, 0.558722413]	0.539583358 [0.520291361, 0.558331892]
recall_at_1	0.265922619 [0.248660714, 0.283634673]	0.290773810 [0.271428571, 0.309672619]	0.291666667 [0.273214286, 0.310122768]	0.290773810 [0.272764137, 0.309081101]	0.291815476 [0.273805804, 0.310420387]
recall_at_3	0.477976190 [0.456250000, 0.499553571]	0.522470238 [0.498065476, 0.546878720]	0.519940476 [0.495085565, 0.543604911]	0.523214286 [0.498363095, 0.547473958]	0.519642857 [0.494787946, 0.543753720]
recall_at_5	0.590773810 [0.567261905, 0.614583333]	0.634077381 [0.607886905, 0.660271577]	0.634226190 [0.608035714, 0.660565476]	0.633928571 [0.608035714, 0.660122768]	0.634077381 [0.608333333, 0.660271577]
recall_at_10	0.741517857 [0.719791667, 0.763690476]	0.762202381 [0.739732143, 0.785119048]	0.762797619 [0.740773810, 0.785416667]	0.762946429 [0.740476190, 0.785863095]	0.763988095 [0.741517857, 0.787354911]
ndcg_at_1	0.365178571 [0.344345238, 0.385714286]	0.391964286 [0.368452381, 0.414880952]	0.393452381 [0.371130952, 0.415178571]	0.391964286 [0.369940476, 0.413690476]	0.393154762 [0.371130952, 0.415476190]
ndcg_at_3	0.423014929 [0.403004559, 0.442684021]	0.462516991 [0.440186908, 0.484356320]	0.461696776 [0.439861701, 0.482801427]	0.463104545 [0.440694263, 0.484738308]	0.461197593 [0.439078660, 0.482902580]
ndcg_at_5	0.473790524 [0.453116108, 0.493900469]	0.513204390 [0.490726176, 0.534700156]	0.513471545 [0.491426828, 0.534808116]	0.513151216 [0.491453015, 0.534611616]	0.512988847 [0.491446867, 0.534504887]
ndcg_at_10	0.527357291 [0.508409149, 0.545984380]	0.559016077 [0.538854893, 0.578708790]	0.559348432 [0.539576862, 0.578730646]	0.559066981 [0.539159204, 0.578507070]	0.559166376 [0.539377578, 0.579034906]

ABSOLUTE raw N
metric	LOGIT0.1	C	S	C_plus	S_strong
average_precision	0.313836986 [0.292212741, 0.335951376]	0.335192774 [0.314669188, 0.355941586]	0.334798702 [0.313821346, 0.355971905]	0.332037236 [0.311383074, 0.352671286]	0.330569161 [0.310002707, 0.351187491]
trapezoidal_pr_auc	0.300566373 [0.278411211, 0.323026263]	0.322374261 [0.301056128, 0.343621801]	0.322158972 [0.300684004, 0.343643201]	0.319326531 [0.298033928, 0.340601270]	0.317707183 [0.296550509, 0.338747683]
roc_auc	0.766425745 [0.751709352, 0.780822975]	0.783702281 [0.768918063, 0.798873982]	0.782984171 [0.767924726, 0.798298534]	0.782396415 [0.767373749, 0.797752066]	0.781872672 [0.766759486, 0.797330918]
recall_at_fpr_1pct	0.183750000 [0.162489583, 0.206250000]	0.183750000 [0.162500000, 0.205000000]	0.183333333 [0.162083333, 0.204583333]	0.181250000 [0.160822917, 0.201250000]	0.182083333 [0.161250000, 0.203333333]
brier	0.049842593 [0.049578370, 0.050094646]	0.049419362 [0.049051859, 0.049780038]	0.049427898 [0.049059551, 0.049786840]	0.049599006 [0.049244216, 0.049943979]	0.049615046 [0.049265997, 0.049957967]
log_loss	0.261783804 [0.256813131, 0.266930106]	0.287796704 [0.281908859, 0.293961715]	0.287571685 [0.281543330, 0.293779824]	0.290184938 [0.284228886, 0.296378313]	0.290183837 [0.284190784, 0.296386842]
precision	0.000000000 [0.000000000, 0.000000000]	0.108333333 [0.058333333, 0.166666667]	0.097222222 [0.047222222, 0.150000000]	0.083333333 [0.041666667, 0.125000000]	0.072222222 [0.033333333, 0.116666667]
recall	0.000000000 [0.000000000, 0.000000000]	0.007083333 [0.003750000, 0.010833333]	0.006666667 [0.003333333, 0.010416667]	0.005833333 [0.002500000, 0.009166667]	0.005000000 [0.002083333, 0.008333333]
f1	0.000000000 [0.000000000, 0.000000000]	0.013203463 [0.006926407, 0.020129870]	0.012343936 [0.006132756, 0.019198193]	0.010822511 [0.004689755, 0.017027417]	0.009241483 [0.003896104, 0.015176611]
specificity	1.000000000 [1.000000000, 1.000000000]	0.999953445 [0.999883613, 1.000000000]	0.999953445 [0.999883613, 1.000000000]	0.999976723 [0.999930168, 1.000000000]	0.999953445 [0.999883613, 1.000000000]
balanced_accuracy	0.500000000 [0.500000000, 0.500000000]	0.503518389 [0.501816806, 0.505393389]	0.503310056 [0.501643389, 0.505173417]	0.502905028 [0.501250000, 0.504583333]	0.502476723 [0.501030028, 0.504120112]
mcc	0.000000000 [0.000000000, 0.000000000]	0.026425084 [0.013364903, 0.039893966]	0.024182916 [0.011776845, 0.037121972]	0.021079044 [0.009733248, 0.032977115]	0.017979880 [0.007917420, 0.028874845]
map	0.469911853 [0.452392802, 0.487490498]	0.488113330 [0.470525160, 0.505043320]	0.486676417 [0.468699474, 0.503789196]	0.480553865 [0.462493613, 0.497968916]	0.480574124 [0.462575748, 0.498306619]
mrr	0.521079419 [0.503165958, 0.538894205]	0.539026026 [0.520817609, 0.556666735]	0.537447409 [0.519145924, 0.555256789]	0.529503999 [0.510258161, 0.547614873]	0.529365793 [0.510438846, 0.547545293]
recall_at_1	0.276190476 [0.258928571, 0.293452381]	0.292261905 [0.274401042, 0.309821429]	0.290476190 [0.272916667, 0.308035714]	0.282440476 [0.263690476, 0.300744048]	0.283184524 [0.264430804, 0.301938244]
recall_at_3	0.492708333 [0.471424851, 0.514285714]	0.515773810 [0.491815476, 0.538988095]	0.513988095 [0.489732143, 0.537946429]	0.512351190 [0.488839286, 0.535119048]	0.511458333 [0.488541667, 0.534077381]
recall_at_5	0.601339286 [0.579014137, 0.624553571]	0.632589286 [0.608184524, 0.656696429]	0.630654762 [0.606547619, 0.654613095]	0.630357143 [0.606246280, 0.654613095]	0.627678571 [0.603571429, 0.651636905]
recall_at_10	0.752976190 [0.733329613, 0.773515625]	0.758333333 [0.739434524, 0.777682292]	0.756250000 [0.737198661, 0.775744048]	0.752529762 [0.733779762, 0.771577381]	0.752232143 [0.732738095, 0.771875000]
ndcg_at_1	0.378273810 [0.356837798, 0.399412202]	0.394345238 [0.372023810, 0.415773810]	0.393154762 [0.371428571, 0.414285714]	0.381845238 [0.358630952, 0.403869048]	0.383333333 [0.360409226, 0.406250000]
ndcg_at_3	0.437253213 [0.417488878, 0.457353006]	0.458125198 [0.437102101, 0.478391663]	0.456638870 [0.435760095, 0.477042914]	0.451186790 [0.430213581, 0.471787288]	0.450793754 [0.429893872, 0.471229948]
ndcg_at_5	0.486261608 [0.467099996, 0.505790069]	0.511010298 [0.490938892, 0.530299922]	0.509229169 [0.489086503, 0.528552827]	0.504564734 [0.484444596, 0.523813531]	0.503239671 [0.483057901, 0.522655545]
ndcg_at_10	0.540282854 [0.522166673, 0.558391965]	0.555964186 [0.538246949, 0.572784464]	0.554104286 [0.536444139, 0.570980892]	0.548130761 [0.530686934, 0.564890402]	0.547983375 [0.530105363, 0.565155914]

ABSOLUTE raw Z
metric	LOGIT0.1	C	S	C_plus	S_strong
average_precision	0.319385476 [0.296376996, 0.344217161]	0.349612166 [0.326649285, 0.372966940]	0.349859400 [0.326352040, 0.373248200]	0.344826536 [0.322455578, 0.367369264]	0.343734074 [0.321142424, 0.366231655]
trapezoidal_pr_auc	0.306398202 [0.283019433, 0.331718338]	0.337159002 [0.313709965, 0.360837987]	0.337440173 [0.313182957, 0.361563003]	0.332396832 [0.309004160, 0.355815550]	0.331157033 [0.307870170, 0.354730530]
roc_auc	0.772174115 [0.756717586, 0.787207169]	0.793233240 [0.778043471, 0.808757798]	0.792567505 [0.777075477, 0.808568669]	0.792253259 [0.776959788, 0.808154737]	0.791652700 [0.776067214, 0.807829725]
recall_at_fpr_1pct	0.187500000 [0.162500000, 0.214166667]	0.195000000 [0.169166667, 0.221666667]	0.195833333 [0.170833333, 0.222500000]	0.190000000 [0.165000000, 0.215833333]	0.193333333 [0.167500000, 0.220833333]
brier	0.049525177 [0.049177144, 0.049848813]	0.049096421 [0.048641976, 0.049528183]	0.049093203 [0.048636829, 0.049530032]	0.049365196 [0.048938274, 0.049772971]	0.049385211 [0.048970892, 0.049785217]
log_loss	0.259013069 [0.253753186, 0.264339297]	0.284732302 [0.278382001, 0.291130153]	0.283665529 [0.277168696, 0.290085086]	0.287363459 [0.281003981, 0.293825609]	0.287184139 [0.280804152, 0.293558337]
precision	0.000000000 [0.000000000, 0.000000000]	0.116666667 [0.033333333, 0.200000000]	0.100000000 [0.033333333, 0.183333333]	0.100000000 [0.033333333, 0.183333333]	0.083333333 [0.016666667, 0.150000000]
recall	0.000000000 [0.000000000, 0.000000000]	0.006666667 [0.002500000, 0.011666667]	0.005833333 [0.001666667, 0.010833333]	0.005833333 [0.001666667, 0.010833333]	0.004166667 [0.000833333, 0.007500000]
f1	0.000000000 [0.000000000, 0.000000000]	0.012554113 [0.004617605, 0.021933622]	0.010966811 [0.003174603, 0.020346320]	0.010966811 [0.003174603, 0.020346320]	0.007936508 [0.001587302, 0.014285714]
specificity	1.000000000 [1.000000000, 1.000000000]	0.999906890 [0.999767225, 1.000000000]	0.999953445 [0.999860335, 1.000000000]	0.999953445 [0.999860335, 1.000000000]	0.999953445 [0.999860335, 1.000000000]
balanced_accuracy	0.500000000 [0.500000000, 0.500000000]	0.503286778 [0.501156890, 0.505810056]	0.502893389 [0.500810056, 0.505416667]	0.502893389 [0.500810056, 0.505416667]	0.502060056 [0.500393389, 0.503750000]
mcc	0.000000000 [0.000000000, 0.000000000]	0.026526920 [0.008571530, 0.045999254]	0.023098150 [0.007060424, 0.042564646]	0.023098150 [0.007060424, 0.042564646]	0.017955389 [0.003428769, 0.032684895]
map	0.473443180 [0.453999370, 0.493588263]	0.501059783 [0.481921481, 0.519473139]	0.499083852 [0.480530219, 0.517182686]	0.489740035 [0.470959902, 0.507974071]	0.490151836 [0.471762211, 0.508377289]
mrr	0.525180484 [0.505060560, 0.545392631]	0.554184878 [0.534026384, 0.573671358]	0.552297988 [0.532450094, 0.571071670]	0.540808809 [0.520202936, 0.560315551]	0.541118082 [0.520535218, 0.560621580]
recall_at_1	0.275297619 [0.254464286, 0.297023810]	0.304761905 [0.284821429, 0.324404762]	0.300892857 [0.281547619, 0.319345238]	0.287202381 [0.267261905, 0.306845238]	0.288988095 [0.268444940, 0.309523810]
recall_at_3	0.503273810 [0.478273810, 0.528571429]	0.527976190 [0.501488095, 0.552983631]	0.529464286 [0.503266369, 0.553571429]	0.527976190 [0.502373512, 0.551488095]	0.525297619 [0.500892857, 0.547619048]
recall_at_5	0.612797619 [0.588392857, 0.637202381]	0.650595238 [0.624702381, 0.675297619]	0.650000000 [0.623809524, 0.675602679]	0.649702381 [0.624404762, 0.674709821]	0.647619048 [0.621726190, 0.672916667]
recall_at_10	0.762500000 [0.740773810, 0.783928571]	0.776785714 [0.755654762, 0.797916667]	0.772916667 [0.751488095, 0.794642857]	0.769642857 [0.749404762, 0.790476190]	0.769047619 [0.747916667, 0.790476190]
ndcg_at_1	0.377380952 [0.352380952, 0.402395833]	0.408333333 [0.383333333, 0.433333333]	0.405357143 [0.381547619, 0.429166667]	0.387500000 [0.362500000, 0.412500000]	0.389880952 [0.364285714, 0.415476190]
ndcg_at_3	0.443207384 [0.420646822, 0.466641410]	0.471128400 [0.448641339, 0.492769498]	0.470765036 [0.448273922, 0.491696520]	0.462897381 [0.440865749, 0.484108053]	0.461802782 [0.440157657, 0.482766930]
ndcg_at_5	0.492596379 [0.471109562, 0.515077662]	0.526504393 [0.504374788, 0.546993968]	0.524773987 [0.503700070, 0.544802830]	0.517827785 [0.496535298, 0.538065944]	0.516979637 [0.495766539, 0.537650359]
ndcg_at_10	0.545792638 [0.526342064, 0.564729132]	0.571747157 [0.552767040, 0.589895935]	0.568966293 [0.550152862, 0.587119140]	0.560748374 [0.542182542, 0.578420783]	0.560793178 [0.542022785, 0.578914844]

ABSOLUTE raw final_all
metric	LOGIT0.1	C	S	C_plus	S_strong
average_precision	0.313316784 [0.291956408, 0.335012406]	0.342770014 [0.321637355, 0.364226171]	0.341876183 [0.320775741, 0.363050897]	0.339724508 [0.318991384, 0.360715814]	0.339384404 [0.318454985, 0.360688382]
trapezoidal_pr_auc	0.300159208 [0.278305308, 0.322350742]	0.329650259 [0.308050826, 0.351474005]	0.328825754 [0.307160343, 0.350424432]	0.326560174 [0.305233234, 0.348201423]	0.326319097 [0.304948046, 0.347987706]
roc_auc	0.764229516 [0.749452980, 0.778876882]	0.790308814 [0.775247924, 0.805703290]	0.789845981 [0.774682282, 0.805417714]	0.788851257 [0.773711612, 0.804483201]	0.788407433 [0.773185715, 0.804033296]
recall_at_fpr_1pct	0.188611111 [0.167777778, 0.210562500]	0.191944444 [0.171388889, 0.213611111]	0.192777778 [0.171944444, 0.215000000]	0.190277778 [0.169993056, 0.211388889]	0.193055556 [0.171666667, 0.215277778]
brier	0.049611784 [0.049338446, 0.049876206]	0.049165983 [0.048767012, 0.049559147]	0.049129634 [0.048729093, 0.049524373]	0.049389634 [0.049007539, 0.049767059]	0.049385653 [0.049004617, 0.049759846]
log_loss	0.262103962 [0.256854449, 0.267574027]	0.285625669 [0.279294386, 0.292012914]	0.284374756 [0.278021580, 0.290817150]	0.288531143 [0.282208123, 0.294864382]	0.288393644 [0.282124956, 0.294802114]
precision	0.011111111 [0.000000000, 0.027777778]	0.163888889 [0.097222222, 0.236111111]	0.169444444 [0.102777778, 0.238888889]	0.150925926 [0.092592593, 0.213888889]	0.145370370 [0.087037037, 0.208333333]
recall	0.000555556 [0.000000000, 0.001388889]	0.011666667 [0.006388889, 0.017777778]	0.012222222 [0.006944444, 0.018611111]	0.010555556 [0.006388889, 0.015555556]	0.009722222 [0.005833333, 0.014166667]
f1	0.001058201 [0.000000000, 0.002645503]	0.021495493 [0.011952862, 0.032643830]	0.022427170 [0.012783111, 0.033600550]	0.019473200 [0.011788302, 0.028465112]	0.018023925 [0.010730389, 0.026264064]
specificity	1.000000000 [1.000000000, 1.000000000]	0.999891372 [0.999798262, 0.999968963]	0.999891372 [0.999813780, 0.999953445]	0.999891372 [0.999798262, 0.999968963]	0.999891372 [0.999798262, 0.999968963]
balanced_accuracy	0.500277778 [0.500000000, 0.500694444]	0.505779019 [0.503140130, 0.508865611]	0.506056797 [0.503394631, 0.509243676]	0.505223464 [0.503108900, 0.507731223]	0.504806797 [0.502831122, 0.507052297]
mcc	0.002421103 [0.000000000, 0.006052758]	0.041206989 [0.023768558, 0.060877627]	0.042746014 [0.025267879, 0.061823532]	0.037609890 [0.022627224, 0.054319809]	0.035507569 [0.020949487, 0.051362267]
map	0.462882365 [0.445274833, 0.480307381]	0.494488380 [0.475732108, 0.512444402]	0.493922164 [0.475353881, 0.511740123]	0.490542721 [0.472074716, 0.508505696]	0.490495113 [0.472228638, 0.508812477]
mrr	0.514075722 [0.495433167, 0.532006312]	0.544859593 [0.525794738, 0.563343733]	0.544596862 [0.525843559, 0.562517388]	0.540165538 [0.521262113, 0.558231803]	0.540094933 [0.521501227, 0.558025649]
recall_at_1	0.269047619 [0.251686508, 0.286609623]	0.295436508 [0.277083333, 0.313591270]	0.294742063 [0.277083333, 0.311805556]	0.289583333 [0.271525298, 0.307242063]	0.290873016 [0.273311012, 0.308531746]
recall_at_3	0.486408730 [0.465176091, 0.507442956]	0.524305556 [0.500493552, 0.547123016]	0.523115079 [0.498908730, 0.545736607]	0.524801587 [0.500694444, 0.547619048]	0.521527778 [0.497916667, 0.543653274]
recall_at_5	0.598115079 [0.576091270, 0.620042163]	0.639583333 [0.614184028, 0.664593254]	0.639484127 [0.613886409, 0.664880952]	0.639186508 [0.614580853, 0.663789683]	0.638591270 [0.613291171, 0.663990575]
recall_at_10	0.748511905 [0.728172123, 0.768750000]	0.767063492 [0.746031746, 0.788591270]	0.766170635 [0.745436508, 0.787502480]	0.765178571 [0.744441964, 0.786708829]	0.765674603 [0.744543651, 0.787698413]
ndcg_at_1	0.369246032 [0.348606151, 0.389880952]	0.397420635 [0.375198413, 0.419246032]	0.397420635 [0.376185516, 0.418055556]	0.390476190 [0.369042659, 0.411706349]	0.392063492 [0.371026786, 0.413095238]
ndcg_at_3	0.429745747 [0.409722473, 0.449451808]	0.465387461 [0.444187618, 0.486006641]	0.464719530 [0.443470018, 0.484870055]	0.463035490 [0.441729856, 0.483489587]	0.461399323 [0.440362724, 0.481796439]
ndcg_at_5	0.480059142 [0.460098915, 0.499771546]	0.517637724 [0.496581532, 0.537990104]	0.517239026 [0.496179593, 0.537424088]	0.514710073 [0.494074510, 0.535012364]	0.514319111 [0.493528778, 0.534570093]
ndcg_at_10	0.533502407 [0.515302787, 0.551520424]	0.563259770 [0.544260236, 0.581569996]	0.562554385 [0.543684526, 0.580528217]	0.559627446 [0.540921851, 0.577888831]	0.559708643 [0.540930105, 0.578227528]

ABSOLUTE raw A2
metric	LOGIT0.1	C	S	C_plus	S_strong
average_precision	0.308288495 [0.285031216, 0.331936676]	0.320773382 [0.300093579, 0.342122336]	0.319738004 [0.299146675, 0.340812282]	0.319247937 [0.298665759, 0.340603734]	0.317404247 [0.297050041, 0.338587499]
trapezoidal_pr_auc	0.294734545 [0.270638975, 0.318880325]	0.307589521 [0.286703286, 0.329420778]	0.306877771 [0.286107852, 0.328181318]	0.306256230 [0.285229450, 0.327919771]	0.304257334 [0.283325832, 0.325580486]
roc_auc	0.760677374 [0.744802083, 0.776401653]	0.774171322 [0.757794984, 0.790589036]	0.773400838 [0.757089851, 0.789855971]	0.772539572 [0.756235568, 0.788916143]	0.772092644 [0.755895019, 0.788466073]
recall_at_fpr_1pct	0.180000000 [0.155000000, 0.206666667]	0.172500000 [0.150833333, 0.194166667]	0.170833333 [0.149166667, 0.193333333]	0.172500000 [0.150833333, 0.194166667]	0.170833333 [0.149979167, 0.192500000]
brier	0.050160009 [0.049907170, 0.050409465]	0.049742302 [0.049393651, 0.050086341]	0.049762592 [0.049412253, 0.050106072]	0.049832816 [0.049479514, 0.050182800]	0.049844882 [0.049492935, 0.050190882]
log_loss	0.264554539 [0.259300617, 0.270032039]	0.290861105 [0.284862776, 0.297143749]	0.291477841 [0.285433759, 0.297816312]	0.293006417 [0.286941000, 0.299333418]	0.293183535 [0.287162705, 0.299497609]
precision	0.000000000 [0.000000000, 0.000000000]	0.100000000 [0.033333333, 0.183333333]	0.094444444 [0.033333333, 0.166666667]	0.066666667 [0.016666667, 0.133333333]	0.061111111 [0.011111111, 0.122222222]
recall	0.000000000 [0.000000000, 0.000000000]	0.007500000 [0.002500000, 0.013333333]	0.007500000 [0.002500000, 0.013333333]	0.005833333 [0.001666667, 0.011666667]	0.005833333 [0.001666667, 0.011666667]
f1	0.000000000 [0.000000000, 0.000000000]	0.013852814 [0.004617605, 0.024531025]	0.013721062 [0.004617605, 0.024267520]	0.010678211 [0.003030303, 0.021356421]	0.010546458 [0.002898551, 0.021092917]
specificity	1.000000000 [1.000000000, 1.000000000]	1.000000000 [1.000000000, 1.000000000]	0.999953445 [0.999860335, 1.000000000]	1.000000000 [1.000000000, 1.000000000]	0.999953445 [0.999860335, 1.000000000]
balanced_accuracy	0.500000000 [0.500000000, 0.500000000]	0.503750000 [0.501250000, 0.506666667]	0.503726723 [0.501250000, 0.506620112]	0.502916667 [0.500833333, 0.505833333]	0.502893389 [0.500810056, 0.505810056]
mcc	0.000000000 [0.000000000, 0.000000000]	0.026323248 [0.008774416, 0.045992629]	0.025267681 [0.008774416, 0.044340645]	0.019059938 [0.005142761, 0.038119876]	0.018004371 [0.004087194, 0.036008741]
map	0.466380526 [0.446840856, 0.485602576]	0.475166877 [0.455551572, 0.495248135]	0.474268982 [0.453885013, 0.495134734]	0.471367695 [0.450646900, 0.492128892]	0.470996412 [0.450659560, 0.491621838]
mrr	0.516978353 [0.497336451, 0.537168776]	0.523867175 [0.503720030, 0.543512763]	0.522596830 [0.501927305, 0.543038754]	0.518199189 [0.497244974, 0.538955874]	0.517613504 [0.496653956, 0.537819679]
recall_at_1	0.277083333 [0.258333333, 0.295535714]	0.279761905 [0.258928571, 0.300297619]	0.280059524 [0.259516369, 0.300595238]	0.277678571 [0.255647321, 0.299107143]	0.277380952 [0.255952381, 0.297916667]
recall_at_3	0.482142857 [0.458035714, 0.506845238]	0.503571429 [0.476488095, 0.531250000]	0.498511905 [0.471130952, 0.526190476]	0.496726190 [0.470238095, 0.523809524]	0.497619048 [0.471421131, 0.525000000]
recall_at_5	0.589880952 [0.563095238, 0.617566964]	0.614583333 [0.588095238, 0.641964286]	0.611309524 [0.585119048, 0.638095238]	0.611011905 [0.584523810, 0.637805060]	0.607738095 [0.581547619, 0.634523810]
recall_at_10	0.743452381 [0.720535714, 0.767261905]	0.739880952 [0.719345238, 0.760416667]	0.739583333 [0.719047619, 0.760119048]	0.735416667 [0.714880952, 0.755952381]	0.735416667 [0.714285714, 0.756547619]
ndcg_at_1	0.379166667 [0.355357143, 0.404166667]	0.380357143 [0.355952381, 0.404761905]	0.380952381 [0.356532738, 0.405372024]	0.376190476 [0.349404762, 0.401785714]	0.376785714 [0.351190476, 0.401785714]
ndcg_at_3	0.431299041 [0.409388147, 0.453225656]	0.445121997 [0.421249518, 0.469404513]	0.442512703 [0.418137695, 0.467525801]	0.439476199 [0.414614650, 0.464281848]	0.439784725 [0.415382708, 0.464310573]
ndcg_at_5	0.479926838 [0.457822148, 0.501864363]	0.495516203 [0.473265173, 0.517306358]	0.493684352 [0.471117917, 0.516242058]	0.491301684 [0.468481666, 0.513697384]	0.489499705 [0.467030657, 0.511998674]
ndcg_at_10	0.534773070 [0.515156982, 0.554323523]	0.540181215 [0.521219430, 0.558696762]	0.539242280 [0.519820285, 0.558154570]	0.535513148 [0.516136656, 0.554681517]	0.535173572 [0.516117750, 0.554541151]

ABSOLUTE raw F_first
metric	LOGIT0.1	C	S	C_plus	S_strong
average_precision	0.009823005 [-0.008564663, 0.028355099]	-0.020336666 [-0.034945538, -0.006300038]	-0.018213726 [-0.032340444, -0.004668981]	-0.018606257 [-0.033425948, -0.004164821]	-0.019357035 [-0.033312482, -0.005910255]
trapezoidal_pr_auc	0.009497706 [-0.009806142, 0.028940491]	-0.020331667 [-0.035686031, -0.005633736]	-0.018453453 [-0.033221869, -0.004342016]	-0.018996672 [-0.034690129, -0.003655665]	-0.019866614 [-0.034597148, -0.005769538]
roc_auc	0.005847300 [-0.007027584, 0.018515829]	-0.020493482 [-0.032009253, -0.008672893]	-0.020741387 [-0.031801647, -0.009311831]	-0.018672020 [-0.029222969, -0.007762395]	-0.018157588 [-0.028538873, -0.007517807]
recall_at_fpr_1pct	-0.011666667 [-0.035833333, 0.011666667]	-0.028333333 [-0.050000000, -0.007500000]	-0.026666667 [-0.048333333, -0.005833333]	-0.025833333 [-0.048333333, -0.004166667]	-0.030000000 [-0.052500000, -0.008333333]
brier	-0.000416768 [-0.000615962, -0.000217444]	-0.001003148 [-0.001344349, -0.000680640]	-0.001054623 [-0.001403578, -0.000724271]	-0.000817618 [-0.001149160, -0.000509965]	-0.000861820 [-0.001196142, -0.000549273]
log_loss	0.006067615 [0.002405320, 0.009754384]	-0.011556462 [-0.014930980, -0.008075772]	-0.013119850 [-0.016353100, -0.009803131]	-0.008382598 [-0.011606725, -0.005146896]	-0.008918227 [-0.012125035, -0.005707530]
precision	-0.033333333 [-0.083333333, 0.000000000]	-0.136111111 [-0.238888889, -0.033333333]	-0.152777778 [-0.258333333, -0.044444444]	-0.163888889 [-0.272222222, -0.052777778]	-0.147222222 [-0.252777778, -0.044444444]
recall	-0.001666667 [-0.004166667, 0.000000000]	-0.013333333 [-0.023333333, -0.004166667]	-0.015000000 [-0.025833333, -0.005812500]	-0.015000000 [-0.024187500, -0.005833333]	-0.013333333 [-0.022500000, -0.005000000]
f1	-0.003174603 [-0.007936508, 0.000000000]	-0.024057344 [-0.041652550, -0.007785777]	-0.026852375 [-0.045530695, -0.009826997]	-0.027100194 [-0.044150511, -0.010809963]	-0.024195370 [-0.040341772, -0.009090909]
specificity	0.000000000 [0.000000000, 0.000000000]	0.000000000 [-0.000186220, 0.000186220]	0.000046555 [-0.000139665, 0.000232775]	0.000046555 [-0.000093110, 0.000186220]	0.000046555 [-0.000093110, 0.000186220]
balanced_accuracy	-0.000833333 [-0.002083333, 0.000000000]	-0.006666667 [-0.011643389, -0.002129888]	-0.007476723 [-0.012893971, -0.002771823]	-0.007476723 [-0.012136231, -0.002916667]	-0.006643389 [-0.011180168, -0.002476723]
mcc	-0.007263310 [-0.018158275, 0.000000000]	-0.040805697 [-0.069901987, -0.012559374]	-0.045219886 [-0.075103155, -0.015849400]	-0.047013440 [-0.075749862, -0.018302787]	-0.042217583 [-0.070203074, -0.015135523]
map	0.029540193 [0.012919656, 0.046439437]	-0.018927070 [-0.034577448, -0.004292215]	-0.020870690 [-0.034917789, -0.007560159]	-0.022359141 [-0.036786057, -0.008378932]	-0.022492991 [-0.035803059, -0.009593026]
mrr	0.026250395 [0.007944989, 0.043937032]	-0.018893936 [-0.037054702, -0.002311712]	-0.020714466 [-0.037548237, -0.005123447]	-0.023548604 [-0.040163982, -0.008121560]	-0.023683950 [-0.038520205, -0.009396560]
recall_at_1	0.027380952 [0.006845238, 0.047023810]	-0.017261905 [-0.036316964, 0.001190476]	-0.019047619 [-0.037202381, -0.001488095]	-0.024107143 [-0.042857143, -0.005654762]	-0.024404762 [-0.041964286, -0.007440476]
recall_at_3	0.046726190 [0.025892857, 0.068154762]	-0.007440476 [-0.027388393, 0.011904762]	-0.008928571 [-0.028869048, 0.009821429]	-0.009523810 [-0.029761905, 0.010119048]	-0.008928571 [-0.029166667, 0.011309524]
recall_at_5	0.038392857 [0.018154762, 0.058928571]	-0.026785714 [-0.050305060, -0.003273810]	-0.030654762 [-0.051488095, -0.009523810]	-0.025595238 [-0.045833333, -0.004166667]	-0.025892857 [-0.045238095, -0.005952381]
recall_at_10	0.001488095 [-0.018750000, 0.022619048]	-0.039880952 [-0.062500000, -0.016964286]	-0.036607143 [-0.057142857, -0.016071429]	-0.035416667 [-0.056845238, -0.013690476]	-0.039285714 [-0.059523810, -0.018750000]
ndcg_at_1	0.029166667 [0.004166667, 0.052976190]	-0.019047619 [-0.042857143, 0.003571429]	-0.021428571 [-0.044047619, -0.000595238]	-0.027380952 [-0.050014881, -0.005357143]	-0.028571429 [-0.050000000, -0.008333333]
ndcg_at_3	0.039241801 [0.020357768, 0.058611633]	-0.012565405 [-0.031094301, 0.004921403]	-0.014682421 [-0.031874521, 0.001842725]	-0.016920664 [-0.034223907, -0.000520593]	-0.016784359 [-0.033357812, -0.000848074]
ndcg_at_5	0.035675164 [0.017991415, 0.053084082]	-0.020721206 [-0.039039101, -0.003322712]	-0.023647153 [-0.040019715, -0.007949467]	-0.023397591 [-0.039202576, -0.008077770]	-0.023562293 [-0.038399920, -0.009133590]
ndcg_at_10	0.022630027 [0.006325153, 0.038989489]	-0.025867090 [-0.041661347, -0.010645679]	-0.026331148 [-0.040622593, -0.012399741]	-0.027447522 [-0.042337018, -0.012878783]	-0.028673964 [-0.042282295, -0.015060469]

ABSOLUTE raw F
metric	LOGIT0.1	C	S	C_plus	S_strong
average_precision	0.008484518 [-0.002993760, 0.020116826]	-0.020478410 [-0.031115144, -0.009899380]	-0.019531736 [-0.029533767, -0.009485959]	-0.019065690 [-0.029160911, -0.008913923]	-0.020023610 [-0.030156121, -0.009967612]
trapezoidal_pr_auc	0.008213819 [-0.003999256, 0.020128754]	-0.020541935 [-0.031755399, -0.009529706]	-0.019520467 [-0.030159979, -0.008858896]	-0.018954537 [-0.029614842, -0.008197837]	-0.020212270 [-0.031062175, -0.009551496]
roc_auc	0.006379190 [-0.001534043, 0.014203183]	-0.016733007 [-0.023674697, -0.009501280]	-0.016756867 [-0.023402773, -0.009882303]	-0.015852537 [-0.022159814, -0.009460836]	-0.015710545 [-0.021839647, -0.009406992]
recall_at_fpr_1pct	-0.002083333 [-0.019583333, 0.014583333]	-0.019166667 [-0.033333333, -0.005416667]	-0.020833333 [-0.033333333, -0.009166667]	-0.019166667 [-0.031250000, -0.007500000]	-0.022500000 [-0.035833333, -0.009583333]
brier	-0.000347926 [-0.000491039, -0.000200678]	-0.000724736 [-0.000997938, -0.000459794]	-0.000787797 [-0.001056703, -0.000523736]	-0.000568904 [-0.000824983, -0.000324457]	-0.000590916 [-0.000845688, -0.000348548]
log_loss	0.003451076 [0.000997003, 0.006004689]	-0.008461029 [-0.010892457, -0.005864257]	-0.010112381 [-0.012444017, -0.007656282]	-0.006491054 [-0.008822896, -0.004029559]	-0.006696201 [-0.009015590, -0.004285946]
precision	-0.016666667 [-0.041666667, 0.000000000]	-0.101388889 [-0.184756944, -0.020833333]	-0.120833333 [-0.204166667, -0.041666667]	-0.106944444 [-0.180555556, -0.036111111]	-0.109722222 [-0.180555556, -0.041666667]
recall	-0.000833333 [-0.002083333, 0.000000000]	-0.007916667 [-0.015833333, -0.000833333]	-0.009166667 [-0.017500000, -0.001666667]	-0.007500000 [-0.014166667, -0.001250000]	-0.007083333 [-0.013333333, -0.000833333]
f1	-0.001587302 [-0.003968254, 0.000000000]	-0.014419035 [-0.028763214, -0.001626435]	-0.016676078 [-0.031188359, -0.003299415]	-0.013766547 [-0.025634411, -0.002420164]	-0.013173662 [-0.024546945, -0.002136034]
specificity	0.000000000 [0.000000000, 0.000000000]	0.000046555 [-0.000069832, 0.000162942]	0.000046555 [-0.000093110, 0.000186220]	0.000069832 [-0.000046555, 0.000186220]	0.000046555 [-0.000093110, 0.000186220]
balanced_accuracy	-0.000416667 [-0.001041667, 0.000000000]	-0.003935056 [-0.007916667, -0.000381750]	-0.004560056 [-0.008738361, -0.000821404]	-0.003715084 [-0.007025431, -0.000590084]	-0.003518389 [-0.006666667, -0.000474860]
mcc	-0.003631655 [-0.009079138, 0.000000000]	-0.026534268 [-0.050493539, -0.004261413]	-0.031084974 [-0.055028052, -0.008770485]	-0.026484658 [-0.046926478, -0.006260824]	-0.026430341 [-0.046254013, -0.007510475]
map	0.020158248 [0.010673137, 0.029840794]	-0.017755897 [-0.028907063, -0.006149629]	-0.018343485 [-0.028612396, -0.007606644]	-0.019396874 [-0.029038736, -0.009554939]	-0.019305203 [-0.028670082, -0.009819879]
mrr	0.018403166 [0.008225405, 0.028801959]	-0.018538549 [-0.030671635, -0.006102555]	-0.019723070 [-0.030991595, -0.008106082]	-0.021019493 [-0.031441262, -0.010255720]	-0.021051792 [-0.030767614, -0.011130005]
recall_at_1	0.019345238 [0.006845238, 0.031848958]	-0.013690476 [-0.027529762, -0.000595238]	-0.014434524 [-0.027529762, -0.001934524]	-0.014732143 [-0.027529762, -0.003270089]	-0.015922619 [-0.027678571, -0.005208333]
recall_at_3	0.025446429 [0.013095238, 0.038095238]	-0.016815476 [-0.032738095, 0.000595238]	-0.016815476 [-0.031696429, -0.001190476]	-0.020982143 [-0.034523810, -0.006101190]	-0.016964286 [-0.030952381, -0.001636905]
recall_at_5	0.017559524 [0.003125000, 0.031845238]	-0.023214286 [-0.040033482, -0.004910714]	-0.025000000 [-0.039732143, -0.008928571]	-0.024851190 [-0.039434524, -0.009375000]	-0.026636905 [-0.040479911, -0.011755952]
recall_at_10	0.004017857 [-0.008634673, 0.016517857]	-0.027083333 [-0.040628720, -0.013541667]	-0.027827381 [-0.040476190, -0.015178571]	-0.030059524 [-0.042708333, -0.017109375]	-0.031101190 [-0.044047619, -0.018303571]
ndcg_at_1	0.022619048 [0.008035714, 0.037202381]	-0.015476190 [-0.032440476, 0.000297619]	-0.016666667 [-0.032440476, -0.001488095]	-0.017559524 [-0.033035714, -0.003571429]	-0.018452381 [-0.032150298, -0.005654762]
ndcg_at_3	0.024485597 [0.013829463, 0.035618803]	-0.017197766 [-0.030846741, -0.002706449]	-0.017682198 [-0.030380983, -0.004661684]	-0.020608219 [-0.032046798, -0.008548751]	-0.018547003 [-0.029668410, -0.006733357]
ndcg_at_5	0.021036586 [0.010197371, 0.031965193]	-0.019795194 [-0.032786551, -0.006132594]	-0.020978276 [-0.032891660, -0.008442632]	-0.021849281 [-0.032838568, -0.010218063]	-0.022587901 [-0.033187898, -0.011428481]
ndcg_at_10	0.016227542 [0.007294728, 0.025366417]	-0.021561635 [-0.032031780, -0.010294836]	-0.022363457 [-0.032040524, -0.011883642]	-0.023946573 [-0.033452321, -0.013855111]	-0.024215755 [-0.033044698, -0.014611342]

ABSOLUTE raw G
metric	LOGIT0.1	C	S	C_plus	S_strong
average_precision	0.068206683 [0.055000538, 0.082089515]	0.077551595 [0.065237349, 0.090243276]	0.076069330 [0.063924525, 0.088573348]	0.074692748 [0.063338007, 0.086739999]	0.073435227 [0.062103497, 0.085478619]
trapezoidal_pr_auc	0.068775508 [0.055271540, 0.082773581]	0.080202042 [0.067240643, 0.093539304]	0.078916401 [0.066114212, 0.091830236]	0.077064189 [0.064959194, 0.089683734]	0.075676849 [0.063743444, 0.088338298]
roc_auc	0.039788175 [0.030117435, 0.050137919]	0.036560754 [0.028327107, 0.045288582]	0.035828678 [0.027760009, 0.044363449]	0.036148743 [0.028588076, 0.044184736]	0.035694832 [0.028244850, 0.043466131]
recall_at_fpr_1pct	0.052500000 [0.034166667, 0.072500000]	0.055000000 [0.039583333, 0.070416667]	0.052916667 [0.037500000, 0.068333333]	0.052500000 [0.037500000, 0.067916667]	0.053750000 [0.038750000, 0.069166667]
brier	0.000855881 [0.000712489, 0.000997210]	0.001064233 [0.000863686, 0.001272214]	0.001041611 [0.000847212, 0.001242528]	0.000895161 [0.000715355, 0.001078035]	0.000871820 [0.000697802, 0.001051137]
log_loss	0.005589838 [0.002681870, 0.008715202]	0.011916849 [0.009356874, 0.014565263]	0.012025965 [0.009512901, 0.014631238]	0.010333838 [0.007950723, 0.012804169]	0.010176753 [0.007831025, 0.012619461]
precision	0.000000000 [0.000000000, 0.000000000]	0.029166667 [-0.029166667, 0.087500000]	0.018055556 [-0.027777778, 0.069444444]	0.000000000 [-0.041666667, 0.041666667]	-0.016666667 [-0.058333333, 0.027777778]
recall	0.000000000 [0.000000000, 0.000000000]	0.000833333 [-0.003333333, 0.005000000]	0.000416667 [-0.003333333, 0.004166667]	-0.000416667 [-0.003750000, 0.002916667]	-0.002083333 [-0.006250000, 0.001666667]
f1	0.000000000 [0.000000000, 0.000000000]	0.001821005 [-0.005764242, 0.009334180]	0.000961478 [-0.005688876, 0.007690845]	-0.000596022 [-0.006662902, 0.005474073]	-0.003626325 [-0.010935520, 0.003162055]
specificity	0.000000000 [0.000000000, 0.000000000]	0.000116387 [0.000000000, 0.000232775]	0.000116387 [-0.000023277, 0.000256052]	0.000186220 [0.000069832, 0.000325885]	0.000186220 [0.000046555, 0.000349162]
balanced_accuracy	0.000000000 [0.000000000, 0.000000000]	0.000474860 [-0.001585196, 0.002523277]	0.000266527 [-0.001561918, 0.002106611]	-0.000115223 [-0.001793529, 0.001563082]	-0.000948557 [-0.003008613, 0.000949721]
mcc	0.000000000 [0.000000000, 0.000000000]	0.005918412 [-0.008254196, 0.020246781]	0.003676244 [-0.007875064, 0.016163077]	0.000215505 [-0.010404937, 0.011266818]	-0.004927256 [-0.017136282, 0.006937795]
map	0.061303956 [0.047661637, 0.074725106]	0.057499200 [0.045183133, 0.069837914]	0.055204588 [0.043361469, 0.067092016]	0.050808559 [0.039143093, 0.062518480]	0.050536691 [0.039027230, 0.062266431]
mrr	0.067277619 [0.052426054, 0.082089643]	0.063600546 [0.050458642, 0.076603045]	0.061018466 [0.048973111, 0.073555988]	0.055009070 [0.042498304, 0.067779639]	0.054752882 [0.042484025, 0.067317882]
recall_at_1	0.051041667 [0.034821429, 0.067261905]	0.049553571 [0.035115327, 0.064583333]	0.045982143 [0.031845238, 0.060569196]	0.041220238 [0.027377232, 0.055505952]	0.040773810 [0.026930804, 0.054761905]
recall_at_3	0.077827381 [0.062797619, 0.093452381]	0.071726190 [0.054017857, 0.089732143]	0.071279762 [0.054761905, 0.088247768]	0.068750000 [0.051339286, 0.086462054]	0.069047619 [0.052232143, 0.086160714]
recall_at_5	0.063095238 [0.046130952, 0.080505952]	0.072023810 [0.056696429, 0.087797619]	0.068898810 [0.054315476, 0.084226190]	0.072023810 [0.057440476, 0.087500000]	0.069791667 [0.054761905, 0.085718006]
recall_at_10	0.051785714 [0.036309524, 0.068452381]	0.045535714 [0.033333333, 0.058630952]	0.045238095 [0.032886905, 0.058035714]	0.042113095 [0.031101190, 0.054166667]	0.043154762 [0.031994048, 0.055208333]
ndcg_at_1	0.074107143 [0.054464286, 0.093750000]	0.065476190 [0.047909226, 0.083928571]	0.061904762 [0.045230655, 0.079464286]	0.054166667 [0.037500000, 0.071130952]	0.054761905 [0.038385417, 0.071428571]
ndcg_at_3	0.072781253 [0.057628423, 0.088023377]	0.067811979 [0.052602402, 0.082902296]	0.066180205 [0.051660039, 0.080407242]	0.061384610 [0.046710759, 0.076026809]	0.061313093 [0.046985050, 0.075783592]
ndcg_at_5	0.066771508 [0.052384541, 0.081337861]	0.068085950 [0.054983082, 0.081084123]	0.065124922 [0.052616254, 0.077401742]	0.062941593 [0.050646747, 0.075195640]	0.061558960 [0.049077896, 0.074054871]
ndcg_at_10	0.062987192 [0.050747800, 0.075540908]	0.058472115 [0.047790604, 0.069301452]	0.056486112 [0.046209164, 0.067132402]	0.051991431 [0.041759880, 0.062465782]	0.052134379 [0.041984461, 0.062802134]

ABSOLUTE stage-cal O
metric	LOGIT0.1	C	S	C_plus	S_strong
average_precision	0.310282438 [0.288390943, 0.332022582]	0.339348937 [0.318286957, 0.361419379]	0.337884574 [0.316517876, 0.360034328]	0.337173495 [0.315857055, 0.359212189]	0.337209569 [0.315338784, 0.359622071]
trapezoidal_pr_auc	0.297039712 [0.274517135, 0.319553127]	0.325895888 [0.304294816, 0.348543340]	0.324518545 [0.302722130, 0.347239186]	0.323641845 [0.301917456, 0.346235286]	0.323900130 [0.302164680, 0.346622793]
roc_auc	0.760257216 [0.744593721, 0.776488187]	0.788846601 [0.773203911, 0.804875786]	0.788485219 [0.772645193, 0.804733298]	0.787150256 [0.771417336, 0.803335210]	0.786784800 [0.770947378, 0.803041245]
recall_at_fpr_1pct	0.189166667 [0.168333333, 0.211666667]	0.190416667 [0.170000000, 0.212083333]	0.191250000 [0.170000000, 0.213333333]	0.190416667 [0.169583333, 0.212083333]	0.192916667 [0.171666667, 0.215416667]
brier	0.044043265 [0.043329290, 0.044746053]	0.042914425 [0.042160932, 0.043678733]	0.042909525 [0.042135383, 0.043679774]	0.042924059 [0.042167420, 0.043688578]	0.042952530 [0.042176546, 0.043726784]
log_loss	0.177156334 [0.173523772, 0.180790320]	0.168827983 [0.165374241, 0.172289503]	0.168819752 [0.165296651, 0.172344663]	0.168914461 [0.165424077, 0.172428715]	0.169040678 [0.165542635, 0.172568467]
precision	0.655605159 [0.563689732, 0.744237351]	0.653621032 [0.577298859, 0.726230159]	0.656048882 [0.576524396, 0.732254960]	0.648724146 [0.570342277, 0.721447015]	0.652844517 [0.575427760, 0.725294012]
recall	0.079583333 [0.067083333, 0.092500000]	0.097916667 [0.084166667, 0.111677083]	0.102083333 [0.088750000, 0.115416667]	0.095833333 [0.082083333, 0.110000000]	0.095833333 [0.082083333, 0.110000000]
f1	0.137921185 [0.117607634, 0.158809214]	0.164130587 [0.141842441, 0.186149476]	0.171262469 [0.149098464, 0.193084509]	0.160983887 [0.138555540, 0.183313751]	0.160857949 [0.138531014, 0.183699430]
specificity	0.998067970 [0.997346369, 0.998673184]	0.996973929 [0.995996276, 0.997835196]	0.997043762 [0.996089385, 0.997858473]	0.997090317 [0.996089385, 0.997951583]	0.997136872 [0.996135940, 0.997974860]
balanced_accuracy	0.538825652 [0.532692010, 0.545226082]	0.547445298 [0.540524907, 0.554412506]	0.549563547 [0.542759456, 0.556348056]	0.546461825 [0.539549377, 0.553533549]	0.546485102 [0.539470409, 0.553639956]
mcc	0.210425700 [0.180526143, 0.239711719]	0.231155912 [0.201270070, 0.259517442]	0.238332518 [0.207653040, 0.267462322]	0.227487810 [0.197922018, 0.256077250]	0.227927867 [0.198217560, 0.256660068]
map	0.457601957 [0.439706954, 0.475210965]	0.491202678 [0.471313436, 0.510538857]	0.491341319 [0.472143291, 0.510228872]	0.490944064 [0.471611701, 0.510351824]	0.490666752 [0.471175997, 0.510375700]
mrr	0.508523340 [0.489720347, 0.526650331]	0.540196950 [0.520199600, 0.559323418]	0.540746299 [0.521489157, 0.559097825]	0.539843902 [0.520283592, 0.558722413]	0.539583358 [0.520291361, 0.558331892]
recall_at_1	0.265922619 [0.248660714, 0.283634673]	0.290773810 [0.271428571, 0.309672619]	0.291666667 [0.273214286, 0.310122768]	0.290773810 [0.272764137, 0.309081101]	0.291815476 [0.273805804, 0.310420387]
recall_at_3	0.477976190 [0.456250000, 0.499553571]	0.522470238 [0.498065476, 0.546878720]	0.519940476 [0.495085565, 0.543604911]	0.523214286 [0.498363095, 0.547473958]	0.519642857 [0.494787946, 0.543753720]
recall_at_5	0.590773810 [0.567261905, 0.614583333]	0.634077381 [0.607886905, 0.660271577]	0.634226190 [0.608035714, 0.660565476]	0.633928571 [0.608035714, 0.660122768]	0.634077381 [0.608333333, 0.660271577]
recall_at_10	0.741517857 [0.719791667, 0.763690476]	0.762202381 [0.739732143, 0.785119048]	0.762797619 [0.740773810, 0.785416667]	0.762946429 [0.740476190, 0.785863095]	0.763988095 [0.741517857, 0.787354911]
ndcg_at_1	0.365178571 [0.344345238, 0.385714286]	0.391964286 [0.368452381, 0.414880952]	0.393452381 [0.371130952, 0.415178571]	0.391964286 [0.369940476, 0.413690476]	0.393154762 [0.371130952, 0.415476190]
ndcg_at_3	0.423014929 [0.403004559, 0.442684021]	0.462516991 [0.440186908, 0.484356320]	0.461696776 [0.439861701, 0.482801427]	0.463104545 [0.440694263, 0.484738308]	0.461197593 [0.439078660, 0.482902580]
ndcg_at_5	0.473790524 [0.453116108, 0.493900469]	0.513204390 [0.490726176, 0.534700156]	0.513471545 [0.491426828, 0.534808116]	0.513151216 [0.491453015, 0.534611616]	0.512988847 [0.491446867, 0.534504887]
ndcg_at_10	0.527357291 [0.508409149, 0.545984380]	0.559016077 [0.538854893, 0.578708790]	0.559348432 [0.539576862, 0.578730646]	0.559066981 [0.539159204, 0.578507070]	0.559166376 [0.539377578, 0.579034906]

ABSOLUTE stage-cal N
metric	LOGIT0.1	C	S	C_plus	S_strong
average_precision	0.313836986 [0.292212741, 0.335951376]	0.335192774 [0.314669188, 0.355941586]	0.334798702 [0.313821346, 0.355971905]	0.332037236 [0.311383074, 0.352671286]	0.330569161 [0.310002707, 0.351187491]
trapezoidal_pr_auc	0.300566373 [0.278411211, 0.323026263]	0.322374261 [0.301056128, 0.343621801]	0.322158972 [0.300684004, 0.343643201]	0.319326531 [0.298033928, 0.340601270]	0.317707183 [0.296550509, 0.338747683]
roc_auc	0.766425745 [0.751709352, 0.780822975]	0.783702281 [0.768918063, 0.798873982]	0.782984171 [0.767924726, 0.798298534]	0.782396415 [0.767373749, 0.797752066]	0.781872672 [0.766759486, 0.797330918]
recall_at_fpr_1pct	0.183750000 [0.162489583, 0.206250000]	0.183750000 [0.162500000, 0.205000000]	0.183333333 [0.162083333, 0.204583333]	0.181250000 [0.160822917, 0.201250000]	0.182083333 [0.161250000, 0.203333333]
brier	0.043874656 [0.043170930, 0.044568106]	0.042908832 [0.042177453, 0.043647854]	0.042928231 [0.042195695, 0.043659414]	0.043001145 [0.042287906, 0.043717839]	0.043040598 [0.042333146, 0.043759051]
log_loss	0.174984108 [0.171597710, 0.178364575]	0.169277468 [0.165977780, 0.172601833]	0.169430027 [0.166093471, 0.172757977]	0.169622531 [0.166314309, 0.172876838]	0.169785236 [0.166509533, 0.173033448]
precision	0.548402778 [0.469156250, 0.627361111]	0.605456349 [0.535067956, 0.672623016]	0.596428571 [0.528510913, 0.661388889]	0.598055556 [0.529302083, 0.664027778]	0.606388889 [0.536944444, 0.674451389]
recall	0.075000000 [0.062906250, 0.087916667]	0.086666667 [0.074166667, 0.099583333]	0.085416667 [0.073750000, 0.097500000]	0.084166667 [0.072500000, 0.095833333]	0.082916667 [0.071666667, 0.094166667]
f1	0.128463772 [0.108428436, 0.149069552]	0.147820674 [0.127459993, 0.168319436]	0.145867127 [0.127109121, 0.164960142]	0.143982800 [0.124943892, 0.162952630]	0.142071680 [0.123413880, 0.160366632]
specificity	0.998137803 [0.997532588, 0.998696462]	0.998044693 [0.997486034, 0.998580074]	0.997974860 [0.997416201, 0.998486965]	0.998137803 [0.997602421, 0.998649907]	0.998091248 [0.997579143, 0.998580074]
balanced_accuracy	0.536568901 [0.530423388, 0.542991184]	0.542355680 [0.536048592, 0.548791318]	0.541695764 [0.535756285, 0.547737459]	0.541152235 [0.535283432, 0.547089502]	0.540503957 [0.534774179, 0.546233968]
mcc	0.187337042 [0.158874684, 0.215393401]	0.212233082 [0.185002975, 0.238371843]	0.209220490 [0.183308594, 0.234066844]	0.207802829 [0.182098164, 0.232162423]	0.206775227 [0.182371687, 0.231159355]
map	0.469911853 [0.452392802, 0.487490498]	0.488113330 [0.470525160, 0.505043320]	0.486676417 [0.468699474, 0.503789196]	0.480553865 [0.462493613, 0.497968916]	0.480574124 [0.462575748, 0.498306619]
mrr	0.521079419 [0.503165958, 0.538894205]	0.539026026 [0.520817609, 0.556666735]	0.537447409 [0.519145924, 0.555256789]	0.529503999 [0.510258161, 0.547614873]	0.529365793 [0.510438846, 0.547545293]
recall_at_1	0.276190476 [0.258928571, 0.293452381]	0.292261905 [0.274401042, 0.309821429]	0.290476190 [0.272916667, 0.308035714]	0.282440476 [0.263690476, 0.300744048]	0.283184524 [0.264430804, 0.301938244]
recall_at_3	0.492708333 [0.471424851, 0.514285714]	0.515773810 [0.491815476, 0.538988095]	0.513988095 [0.489732143, 0.537946429]	0.512351190 [0.488839286, 0.535119048]	0.511458333 [0.488541667, 0.534077381]
recall_at_5	0.601339286 [0.579014137, 0.624553571]	0.632589286 [0.608184524, 0.656696429]	0.630654762 [0.606547619, 0.654613095]	0.630357143 [0.606246280, 0.654613095]	0.627678571 [0.603571429, 0.651636905]
recall_at_10	0.752976190 [0.733329613, 0.773515625]	0.758333333 [0.739434524, 0.777682292]	0.756250000 [0.737198661, 0.775744048]	0.752529762 [0.733779762, 0.771577381]	0.752232143 [0.732738095, 0.771875000]
ndcg_at_1	0.378273810 [0.356837798, 0.399412202]	0.394345238 [0.372023810, 0.415773810]	0.393154762 [0.371428571, 0.414285714]	0.381845238 [0.358630952, 0.403869048]	0.383333333 [0.360409226, 0.406250000]
ndcg_at_3	0.437253213 [0.417488878, 0.457353006]	0.458125198 [0.437102101, 0.478391663]	0.456638870 [0.435760095, 0.477042914]	0.451186790 [0.430213581, 0.471787288]	0.450793754 [0.429893872, 0.471229948]
ndcg_at_5	0.486261608 [0.467099996, 0.505790069]	0.511010298 [0.490938892, 0.530299922]	0.509229169 [0.489086503, 0.528552827]	0.504564734 [0.484444596, 0.523813531]	0.503239671 [0.483057901, 0.522655545]
ndcg_at_10	0.540282854 [0.522166673, 0.558391965]	0.555964186 [0.538246949, 0.572784464]	0.554104286 [0.536444139, 0.570980892]	0.548130761 [0.530686934, 0.564890402]	0.547983375 [0.530105363, 0.565155914]

ABSOLUTE stage-cal Z
metric	LOGIT0.1	C	S	C_plus	S_strong
average_precision	0.319385476 [0.296376996, 0.344217161]	0.349612166 [0.326649285, 0.372966940]	0.349859400 [0.326352040, 0.373248200]	0.344826536 [0.322455578, 0.367369264]	0.343734074 [0.321142424, 0.366231655]
trapezoidal_pr_auc	0.306398202 [0.283019433, 0.331718338]	0.337159002 [0.313709965, 0.360837987]	0.337440173 [0.313182957, 0.361563003]	0.332396832 [0.309004160, 0.355815550]	0.331157033 [0.307870170, 0.354730530]
roc_auc	0.772174115 [0.756717586, 0.787207169]	0.793233240 [0.778043471, 0.808757798]	0.792567505 [0.777075477, 0.808568669]	0.792253259 [0.776959788, 0.808154737]	0.791652700 [0.776067214, 0.807829725]
recall_at_fpr_1pct	0.187500000 [0.162500000, 0.214166667]	0.195000000 [0.169166667, 0.221666667]	0.195833333 [0.170833333, 0.222500000]	0.190000000 [0.165000000, 0.215833333]	0.193333333 [0.167500000, 0.220833333]
brier	0.043657303 [0.042858382, 0.044416802]	0.042337825 [0.041506809, 0.043160033]	0.042336458 [0.041508609, 0.043162490]	0.042447006 [0.041633680, 0.043229968]	0.042481286 [0.041672972, 0.043258862]
log_loss	0.173928433 [0.170299916, 0.177557283]	0.167012691 [0.163479241, 0.170627590]	0.167100479 [0.163523828, 0.170686219]	0.167357572 [0.163848156, 0.170851106]	0.167505210 [0.164007155, 0.170976546]
precision	0.616805556 [0.515552083, 0.712090278]	0.738690476 [0.651267857, 0.818890873]	0.728690476 [0.644434524, 0.808333333]	0.726666667 [0.643333333, 0.809166667]	0.734166667 [0.655555556, 0.812784722]
recall	0.088333333 [0.072500000, 0.105000000]	0.105833333 [0.089166667, 0.123333333]	0.102500000 [0.086666667, 0.119166667]	0.105000000 [0.089166667, 0.121666667]	0.102500000 [0.087500000, 0.118333333]
f1	0.150884268 [0.124687310, 0.177664588]	0.180357768 [0.153364489, 0.207777797]	0.175222333 [0.149914907, 0.201539319]	0.179076711 [0.153468766, 0.205600772]	0.175458655 [0.151281738, 0.200893714]
specificity	0.997858473 [0.997160149, 0.998510242]	0.997905028 [0.997206704, 0.998557961]	0.997811918 [0.997160149, 0.998463687]	0.997998138 [0.997392924, 0.998603352]	0.997905028 [0.997299814, 0.998510242]
balanced_accuracy	0.543095903 [0.535016294, 0.551382740]	0.551869181 [0.543279271, 0.560735568]	0.550155959 [0.542053073, 0.558652235]	0.551499069 [0.543489292, 0.560019204]	0.550202514 [0.542632682, 0.558212291]
mcc	0.216425229 [0.180158868, 0.252884584]	0.259826047 [0.224851429, 0.293439458]	0.253614177 [0.220782278, 0.286106603]	0.256904227 [0.224233597, 0.288970098]	0.254286502 [0.223626142, 0.285419656]
map	0.473443180 [0.453999370, 0.493588263]	0.501059783 [0.481921481, 0.519473139]	0.499083852 [0.480530219, 0.517182686]	0.489740035 [0.470959902, 0.507974071]	0.490151836 [0.471762211, 0.508377289]
mrr	0.525180484 [0.505060560, 0.545392631]	0.554184878 [0.534026384, 0.573671358]	0.552297988 [0.532450094, 0.571071670]	0.540808809 [0.520202936, 0.560315551]	0.541118082 [0.520535218, 0.560621580]
recall_at_1	0.275297619 [0.254464286, 0.297023810]	0.304761905 [0.284821429, 0.324404762]	0.300892857 [0.281547619, 0.319345238]	0.287202381 [0.267261905, 0.306845238]	0.288988095 [0.268444940, 0.309523810]
recall_at_3	0.503273810 [0.478273810, 0.528571429]	0.527976190 [0.501488095, 0.552983631]	0.529464286 [0.503266369, 0.553571429]	0.527976190 [0.502373512, 0.551488095]	0.525297619 [0.500892857, 0.547619048]
recall_at_5	0.612797619 [0.588392857, 0.637202381]	0.650595238 [0.624702381, 0.675297619]	0.650000000 [0.623809524, 0.675602679]	0.649702381 [0.624404762, 0.674709821]	0.647619048 [0.621726190, 0.672916667]
recall_at_10	0.762500000 [0.740773810, 0.783928571]	0.776785714 [0.755654762, 0.797916667]	0.772916667 [0.751488095, 0.794642857]	0.769642857 [0.749404762, 0.790476190]	0.769047619 [0.747916667, 0.790476190]
ndcg_at_1	0.377380952 [0.352380952, 0.402395833]	0.408333333 [0.383333333, 0.433333333]	0.405357143 [0.381547619, 0.429166667]	0.387500000 [0.362500000, 0.412500000]	0.389880952 [0.364285714, 0.415476190]
ndcg_at_3	0.443207384 [0.420646822, 0.466641410]	0.471128400 [0.448641339, 0.492769498]	0.470765036 [0.448273922, 0.491696520]	0.462897381 [0.440865749, 0.484108053]	0.461802782 [0.440157657, 0.482766930]
ndcg_at_5	0.492596379 [0.471109562, 0.515077662]	0.526504393 [0.504374788, 0.546993968]	0.524773987 [0.503700070, 0.544802830]	0.517827785 [0.496535298, 0.538065944]	0.516979637 [0.495766539, 0.537650359]
ndcg_at_10	0.545792638 [0.526342064, 0.564729132]	0.571747157 [0.552767040, 0.589895935]	0.568966293 [0.550152862, 0.587119140]	0.560748374 [0.542182542, 0.578420783]	0.560793178 [0.542022785, 0.578914844]

ABSOLUTE stage-cal final_all
metric	LOGIT0.1	C	S	C_plus	S_strong
average_precision	0.313316784 [0.291956408, 0.335012406]	0.342770014 [0.321637355, 0.364226171]	0.341876183 [0.320775741, 0.363050897]	0.339724508 [0.318991384, 0.360715814]	0.339384404 [0.318454985, 0.360688382]
trapezoidal_pr_auc	0.300159208 [0.278305308, 0.322350742]	0.329650259 [0.308050826, 0.351474005]	0.328825754 [0.307160343, 0.350424432]	0.326560174 [0.305233234, 0.348201423]	0.326319097 [0.304948046, 0.347987706]
roc_auc	0.764229516 [0.749452980, 0.778876882]	0.790308814 [0.775247924, 0.805703290]	0.789845981 [0.774682282, 0.805417714]	0.788851257 [0.773711612, 0.804483201]	0.788407433 [0.773185715, 0.804033296]
recall_at_fpr_1pct	0.188611111 [0.167777778, 0.210562500]	0.191944444 [0.171388889, 0.213611111]	0.192777778 [0.171944444, 0.215000000]	0.190277778 [0.169993056, 0.211388889]	0.193055556 [0.171666667, 0.215277778]
brier	0.043914611 [0.043203868, 0.044620164]	0.042722225 [0.041959779, 0.043487599]	0.042718503 [0.041950920, 0.043482290]	0.042765042 [0.042013864, 0.043518107]	0.042795449 [0.042037874, 0.043554720]
log_loss	0.176080367 [0.172601125, 0.179563825]	0.168222886 [0.164795925, 0.171595124]	0.168246661 [0.164781237, 0.171666909]	0.168395498 [0.164958500, 0.171772537]	0.168528855 [0.165107364, 0.171937321]
precision	0.642671958 [0.556842593, 0.724338624]	0.681977513 [0.609422288, 0.750615575]	0.680262747 [0.605463083, 0.750085002]	0.674704986 [0.599977593, 0.746050485]	0.679951900 [0.607208965, 0.748175385]
recall	0.082500000 [0.070277778, 0.095555556]	0.100555556 [0.086666667, 0.115000000]	0.102222222 [0.089166667, 0.115555556]	0.098888889 [0.085277778, 0.112777778]	0.098055556 [0.084722222, 0.111666667]
f1	0.142242213 [0.122102012, 0.163483351]	0.169539647 [0.146922902, 0.192320346]	0.172582424 [0.151136212, 0.194315795]	0.167014828 [0.145134218, 0.188843702]	0.165724851 [0.144031449, 0.187615682]
specificity	0.997998138 [0.997346369, 0.998556797]	0.997284295 [0.996477343, 0.997982619]	0.997299814 [0.996523898, 0.997967101]	0.997392924 [0.996601490, 0.998106766]	0.997392924 [0.996601490, 0.998091248]
balanced_accuracy	0.540249069 [0.534169770, 0.546777041]	0.548919926 [0.541843207, 0.556189479]	0.549761018 [0.543132352, 0.556505296]	0.548140906 [0.541394185, 0.555094856]	0.547724240 [0.541019126, 0.554537923]
mcc	0.212425543 [0.183582171, 0.241864192]	0.240712624 [0.211393826, 0.269028475]	0.243426404 [0.214145777, 0.271715432]	0.237293282 [0.208629187, 0.265465450]	0.236714079 [0.208411612, 0.264155992]
map	0.462882365 [0.445274833, 0.480307381]	0.494488380 [0.475732108, 0.512444402]	0.493922164 [0.475353881, 0.511740123]	0.490542721 [0.472074716, 0.508505696]	0.490495113 [0.472228638, 0.508812477]
mrr	0.514075722 [0.495433167, 0.532006312]	0.544859593 [0.525794738, 0.563343733]	0.544596862 [0.525843559, 0.562517388]	0.540165538 [0.521262113, 0.558231803]	0.540094933 [0.521501227, 0.558025649]
recall_at_1	0.269047619 [0.251686508, 0.286609623]	0.295436508 [0.277083333, 0.313591270]	0.294742063 [0.277083333, 0.311805556]	0.289583333 [0.271525298, 0.307242063]	0.290873016 [0.273311012, 0.308531746]
recall_at_3	0.486408730 [0.465176091, 0.507442956]	0.524305556 [0.500493552, 0.547123016]	0.523115079 [0.498908730, 0.545736607]	0.524801587 [0.500694444, 0.547619048]	0.521527778 [0.497916667, 0.543653274]
recall_at_5	0.598115079 [0.576091270, 0.620042163]	0.639583333 [0.614184028, 0.664593254]	0.639484127 [0.613886409, 0.664880952]	0.639186508 [0.614580853, 0.663789683]	0.638591270 [0.613291171, 0.663990575]
recall_at_10	0.748511905 [0.728172123, 0.768750000]	0.767063492 [0.746031746, 0.788591270]	0.766170635 [0.745436508, 0.787502480]	0.765178571 [0.744441964, 0.786708829]	0.765674603 [0.744543651, 0.787698413]
ndcg_at_1	0.369246032 [0.348606151, 0.389880952]	0.397420635 [0.375198413, 0.419246032]	0.397420635 [0.376185516, 0.418055556]	0.390476190 [0.369042659, 0.411706349]	0.392063492 [0.371026786, 0.413095238]
ndcg_at_3	0.429745747 [0.409722473, 0.449451808]	0.465387461 [0.444187618, 0.486006641]	0.464719530 [0.443470018, 0.484870055]	0.463035490 [0.441729856, 0.483489587]	0.461399323 [0.440362724, 0.481796439]
ndcg_at_5	0.480059142 [0.460098915, 0.499771546]	0.517637724 [0.496581532, 0.537990104]	0.517239026 [0.496179593, 0.537424088]	0.514710073 [0.494074510, 0.535012364]	0.514319111 [0.493528778, 0.534570093]
ndcg_at_10	0.533502407 [0.515302787, 0.551520424]	0.563259770 [0.544260236, 0.581569996]	0.562554385 [0.543684526, 0.580528217]	0.559627446 [0.540921851, 0.577888831]	0.559708643 [0.540930105, 0.578227528]

ABSOLUTE stage-cal A2
metric	LOGIT0.1	C	S	C_plus	S_strong
average_precision	0.308288495 [0.285031216, 0.331936676]	0.320773382 [0.300093579, 0.342122336]	0.319738004 [0.299146675, 0.340812282]	0.319247937 [0.298665759, 0.340603734]	0.317404247 [0.297050041, 0.338587499]
trapezoidal_pr_auc	0.294734545 [0.270638975, 0.318880325]	0.307589521 [0.286703286, 0.329420778]	0.306877771 [0.286107852, 0.328181318]	0.306256230 [0.285229450, 0.327919771]	0.304257334 [0.283325832, 0.325580486]
roc_auc	0.760677374 [0.744802083, 0.776401653]	0.774171322 [0.757794984, 0.790589036]	0.773400838 [0.757089851, 0.789855971]	0.772539572 [0.756235568, 0.788916143]	0.772092644 [0.755895019, 0.788466073]
recall_at_fpr_1pct	0.180000000 [0.155000000, 0.206666667]	0.172500000 [0.150833333, 0.194166667]	0.170833333 [0.149166667, 0.193333333]	0.172500000 [0.150833333, 0.194166667]	0.170833333 [0.149979167, 0.192500000]
brier	0.044092009 [0.043371996, 0.044808669]	0.043479840 [0.042771524, 0.044181345]	0.043520004 [0.042816816, 0.044216646]	0.043555284 [0.042852768, 0.044249253]	0.043599910 [0.042901091, 0.044290035]
log_loss	0.176039782 [0.172622642, 0.179491654]	0.171542246 [0.168280002, 0.174886785]	0.171759576 [0.168438278, 0.175111869]	0.171887490 [0.168582113, 0.175192289]	0.172065262 [0.168765585, 0.175350969]
precision	0.480000000 [0.397777778, 0.565000000]	0.472222222 [0.403048611, 0.545277778]	0.464166667 [0.397222222, 0.536111111]	0.469444444 [0.397777778, 0.543333333]	0.478611111 [0.399166667, 0.561118056]
recall	0.061666667 [0.049166667, 0.075000000]	0.067500000 [0.055833333, 0.079166667]	0.068333333 [0.056666667, 0.080000000]	0.063333333 [0.051666667, 0.074166667]	0.063333333 [0.051666667, 0.075000000]
f1	0.106043276 [0.086189332, 0.126671917]	0.115283581 [0.096010958, 0.133829401]	0.116511920 [0.097796956, 0.135118386]	0.108888889 [0.090009093, 0.127041234]	0.108684704 [0.088843211, 0.128357313]
specificity	0.998417132 [0.997718808, 0.999022346]	0.998184358 [0.997579143, 0.998743017]	0.998137803 [0.997579143, 0.998649907]	0.998277467 [0.997765363, 0.998789572]	0.998277467 [0.997765363, 0.998789572]
balanced_accuracy	0.530041899 [0.523908229, 0.536592179]	0.532842179 [0.526915736, 0.538605680]	0.533235568 [0.527425512, 0.538999651]	0.530805400 [0.524995345, 0.536338978]	0.530805400 [0.524692214, 0.536801676]
mcc	0.158248855 [0.131349340, 0.185925233]	0.164640117 [0.139210858, 0.189551395]	0.164826804 [0.139485236, 0.189577543]	0.158701430 [0.133813689, 0.183357746]	0.159263951 [0.132321013, 0.185874773]
map	0.466380526 [0.446840856, 0.485602576]	0.475166877 [0.455551572, 0.495248135]	0.474268982 [0.453885013, 0.495134734]	0.471367695 [0.450646900, 0.492128892]	0.470996412 [0.450659560, 0.491621838]
mrr	0.516978353 [0.497336451, 0.537168776]	0.523867175 [0.503720030, 0.543512763]	0.522596830 [0.501927305, 0.543038754]	0.518199189 [0.497244974, 0.538955874]	0.517613504 [0.496653956, 0.537819679]
recall_at_1	0.277083333 [0.258333333, 0.295535714]	0.279761905 [0.258928571, 0.300297619]	0.280059524 [0.259516369, 0.300595238]	0.277678571 [0.255647321, 0.299107143]	0.277380952 [0.255952381, 0.297916667]
recall_at_3	0.482142857 [0.458035714, 0.506845238]	0.503571429 [0.476488095, 0.531250000]	0.498511905 [0.471130952, 0.526190476]	0.496726190 [0.470238095, 0.523809524]	0.497619048 [0.471421131, 0.525000000]
recall_at_5	0.589880952 [0.563095238, 0.617566964]	0.614583333 [0.588095238, 0.641964286]	0.611309524 [0.585119048, 0.638095238]	0.611011905 [0.584523810, 0.637805060]	0.607738095 [0.581547619, 0.634523810]
recall_at_10	0.743452381 [0.720535714, 0.767261905]	0.739880952 [0.719345238, 0.760416667]	0.739583333 [0.719047619, 0.760119048]	0.735416667 [0.714880952, 0.755952381]	0.735416667 [0.714285714, 0.756547619]
ndcg_at_1	0.379166667 [0.355357143, 0.404166667]	0.380357143 [0.355952381, 0.404761905]	0.380952381 [0.356532738, 0.405372024]	0.376190476 [0.349404762, 0.401785714]	0.376785714 [0.351190476, 0.401785714]
ndcg_at_3	0.431299041 [0.409388147, 0.453225656]	0.445121997 [0.421249518, 0.469404513]	0.442512703 [0.418137695, 0.467525801]	0.439476199 [0.414614650, 0.464281848]	0.439784725 [0.415382708, 0.464310573]
ndcg_at_5	0.479926838 [0.457822148, 0.501864363]	0.495516203 [0.473265173, 0.517306358]	0.493684352 [0.471117917, 0.516242058]	0.491301684 [0.468481666, 0.513697384]	0.489499705 [0.467030657, 0.511998674]
ndcg_at_10	0.534773070 [0.515156982, 0.554323523]	0.540181215 [0.521219430, 0.558696762]	0.539242280 [0.519820285, 0.558154570]	0.535513148 [0.516136656, 0.554681517]	0.535173572 [0.516117750, 0.554541151]

ABSOLUTE stage-cal F_first
metric	LOGIT0.1	C	S	C_plus	S_strong
average_precision	0.009823005 [-0.008564663, 0.028355099]	-0.020336666 [-0.034945538, -0.006300038]	-0.018213726 [-0.032340444, -0.004668981]	-0.018606257 [-0.033425948, -0.004164821]	-0.019357035 [-0.033312482, -0.005910255]
trapezoidal_pr_auc	0.009497706 [-0.009806142, 0.028940491]	-0.020331667 [-0.035686031, -0.005633736]	-0.018453453 [-0.033221869, -0.004342016]	-0.018996672 [-0.034690129, -0.003655665]	-0.019866614 [-0.034597148, -0.005769538]
roc_auc	0.005847300 [-0.007027584, 0.018515829]	-0.020493482 [-0.032009253, -0.008672893]	-0.020741387 [-0.031801647, -0.009311831]	-0.018672020 [-0.029222969, -0.007762395]	-0.018157588 [-0.028538873, -0.007517807]
recall_at_fpr_1pct	-0.011666667 [-0.035833333, 0.011666667]	-0.028333333 [-0.050000000, -0.007500000]	-0.026666667 [-0.048333333, -0.005833333]	-0.025833333 [-0.048333333, -0.004166667]	-0.030000000 [-0.052500000, -0.008333333]
brier	0.000350942 [-0.000164070, 0.000875059]	-0.000556504 [-0.001004102, -0.000117241]	-0.000537814 [-0.000977935, -0.000090974]	-0.000539312 [-0.000962264, -0.000124809]	-0.000513893 [-0.000935404, -0.000096887]
log_loss	0.003123945 [0.000482354, 0.005782977]	-0.003168299 [-0.005089820, -0.001234038]	-0.003173848 [-0.004989365, -0.001313921]	-0.003048418 [-0.004786712, -0.001268587]	-0.002922887 [-0.004679054, -0.001176561]
precision	-0.070138889 [-0.176260417, 0.032784722]	-0.124067460 [-0.214251984, -0.031653770]	-0.098327922 [-0.183184885, -0.012078373]	-0.120622896 [-0.211960708, -0.026112825]	-0.134419192 [-0.228114268, -0.038553932]
recall	-0.019166667 [-0.035000000, -0.003333333]	-0.045833333 [-0.061666667, -0.030833333]	-0.045833333 [-0.061666667, -0.030833333]	-0.043333333 [-0.059166667, -0.028333333]	-0.043333333 [-0.058333333, -0.028333333]
f1	-0.030658529 [-0.056397005, -0.005427176]	-0.071698872 [-0.095994143, -0.048373418]	-0.071688065 [-0.095969320, -0.048705241]	-0.068234095 [-0.093282753, -0.044802655]	-0.068616995 [-0.092933824, -0.045566744]
specificity	0.000418994 [-0.000186220, 0.001024209]	0.002001862 [0.001117318, 0.002979516]	0.001908752 [0.001024209, 0.002839851]	0.001908752 [0.000977654, 0.002932961]	0.001722533 [0.000791434, 0.002746741]
balanced_accuracy	-0.009373836 [-0.017290503, -0.001480447]	-0.021915736 [-0.029553131, -0.014554818]	-0.021962291 [-0.029670042, -0.014695007]	-0.020712291 [-0.028628957, -0.013325768]	-0.020805400 [-0.028445065, -0.013559125]
mcc	-0.037063664 [-0.071902746, -0.002353764]	-0.078035461 [-0.106914339, -0.049190944]	-0.075162222 [-0.104306843, -0.046472350]	-0.074651847 [-0.105025981, -0.044320172]	-0.077647968 [-0.106896990, -0.047742486]
map	0.029540193 [0.012919656, 0.046439437]	-0.018927070 [-0.034577448, -0.004292215]	-0.020870690 [-0.034917789, -0.007560159]	-0.022359141 [-0.036786057, -0.008378932]	-0.022492991 [-0.035803059, -0.009593026]
mrr	0.026250395 [0.007944989, 0.043937032]	-0.018893936 [-0.037054702, -0.002311712]	-0.020714466 [-0.037548237, -0.005123447]	-0.023548604 [-0.040163982, -0.008121560]	-0.023683950 [-0.038520205, -0.009396560]
recall_at_1	0.027380952 [0.006845238, 0.047023810]	-0.017261905 [-0.036316964, 0.001190476]	-0.019047619 [-0.037202381, -0.001488095]	-0.024107143 [-0.042857143, -0.005654762]	-0.024404762 [-0.041964286, -0.007440476]
recall_at_3	0.046726190 [0.025892857, 0.068154762]	-0.007440476 [-0.027388393, 0.011904762]	-0.008928571 [-0.028869048, 0.009821429]	-0.009523810 [-0.029761905, 0.010119048]	-0.008928571 [-0.029166667, 0.011309524]
recall_at_5	0.038392857 [0.018154762, 0.058928571]	-0.026785714 [-0.050305060, -0.003273810]	-0.030654762 [-0.051488095, -0.009523810]	-0.025595238 [-0.045833333, -0.004166667]	-0.025892857 [-0.045238095, -0.005952381]
recall_at_10	0.001488095 [-0.018750000, 0.022619048]	-0.039880952 [-0.062500000, -0.016964286]	-0.036607143 [-0.057142857, -0.016071429]	-0.035416667 [-0.056845238, -0.013690476]	-0.039285714 [-0.059523810, -0.018750000]
ndcg_at_1	0.029166667 [0.004166667, 0.052976190]	-0.019047619 [-0.042857143, 0.003571429]	-0.021428571 [-0.044047619, -0.000595238]	-0.027380952 [-0.050014881, -0.005357143]	-0.028571429 [-0.050000000, -0.008333333]
ndcg_at_3	0.039241801 [0.020357768, 0.058611633]	-0.012565405 [-0.031094301, 0.004921403]	-0.014682421 [-0.031874521, 0.001842725]	-0.016920664 [-0.034223907, -0.000520593]	-0.016784359 [-0.033357812, -0.000848074]
ndcg_at_5	0.035675164 [0.017991415, 0.053084082]	-0.020721206 [-0.039039101, -0.003322712]	-0.023647153 [-0.040019715, -0.007949467]	-0.023397591 [-0.039202576, -0.008077770]	-0.023562293 [-0.038399920, -0.009133590]
ndcg_at_10	0.022630027 [0.006325153, 0.038989489]	-0.025867090 [-0.041661347, -0.010645679]	-0.026331148 [-0.040622593, -0.012399741]	-0.027447522 [-0.042337018, -0.012878783]	-0.028673964 [-0.042282295, -0.015060469]

ABSOLUTE stage-cal F
metric	LOGIT0.1	C	S	C_plus	S_strong
average_precision	0.008484518 [-0.002993760, 0.020116826]	-0.020478410 [-0.031115144, -0.009899380]	-0.019531736 [-0.029533767, -0.009485959]	-0.019065690 [-0.029160911, -0.008913923]	-0.020023610 [-0.030156121, -0.009967612]
trapezoidal_pr_auc	0.008213819 [-0.003999256, 0.020128754]	-0.020541935 [-0.031755399, -0.009529706]	-0.019520467 [-0.030159979, -0.008858896]	-0.018954537 [-0.029614842, -0.008197837]	-0.020212270 [-0.031062175, -0.009551496]
roc_auc	0.006379190 [-0.001534043, 0.014203183]	-0.016733007 [-0.023674697, -0.009501280]	-0.016756867 [-0.023402773, -0.009882303]	-0.015852537 [-0.022159814, -0.009460836]	-0.015710545 [-0.021839647, -0.009406992]
recall_at_fpr_1pct	-0.002083333 [-0.019583333, 0.014583333]	-0.019166667 [-0.033333333, -0.005416667]	-0.020833333 [-0.033333333, -0.009166667]	-0.019166667 [-0.031250000, -0.007500000]	-0.022500000 [-0.035833333, -0.009583333]
brier	0.000338865 [-0.000014888, 0.000694987]	-0.000580331 [-0.000918008, -0.000236376]	-0.000605313 [-0.000948364, -0.000256291]	-0.000608418 [-0.000929301, -0.000285011]	-0.000602260 [-0.000931726, -0.000274827]
log_loss	0.002956633 [0.001265029, 0.004656492]	-0.002897020 [-0.004247696, -0.001459289]	-0.003013915 [-0.004335863, -0.001591160]	-0.002983164 [-0.004246715, -0.001648850]	-0.002945833 [-0.004215586, -0.001620678]
precision	-0.113382937 [-0.187853671, -0.037458581]	-0.153343254 [-0.218713046, -0.085604663]	-0.159798882 [-0.220662157, -0.098372159]	-0.149835257 [-0.209885462, -0.088776290]	-0.149372294 [-0.208031611, -0.089956530]
recall	-0.012916667 [-0.023750000, -0.002083333]	-0.037083333 [-0.047916667, -0.026666667]	-0.040833333 [-0.051666667, -0.030416667]	-0.037083333 [-0.048333333, -0.026666667]	-0.037083333 [-0.048333333, -0.026666667]
f1	-0.022483623 [-0.040017428, -0.004811483]	-0.058875224 [-0.076240605, -0.041673559]	-0.065392936 [-0.082686885, -0.048635764]	-0.058925870 [-0.076708387, -0.042106659]	-0.058902025 [-0.075996993, -0.042575408]
specificity	0.000302607 [-0.000209497, 0.000814711]	0.001606145 [0.000954376, 0.002327747]	0.001513035 [0.000884544, 0.002211359]	0.001536313 [0.000861266, 0.002304469]	0.001489758 [0.000814711, 0.002257914]
balanced_accuracy	-0.006307030 [-0.011643651, -0.000924988]	-0.017738594 [-0.023202107, -0.012484841]	-0.019660149 [-0.024995665, -0.014497760]	-0.017773510 [-0.023317359, -0.012575419]	-0.017796788 [-0.023294955, -0.012612867]
mcc	-0.035470436 [-0.059832947, -0.011129745]	-0.071177780 [-0.093026375, -0.048894782]	-0.078261042 [-0.099815178, -0.056199428]	-0.070479021 [-0.091879212, -0.049280237]	-0.070637817 [-0.090301438, -0.049994613]
map	0.020158248 [0.010673137, 0.029840794]	-0.017755897 [-0.028907063, -0.006149629]	-0.018343485 [-0.028612396, -0.007606644]	-0.019396874 [-0.029038736, -0.009554939]	-0.019305203 [-0.028670082, -0.009819879]
mrr	0.018403166 [0.008225405, 0.028801959]	-0.018538549 [-0.030671635, -0.006102555]	-0.019723070 [-0.030991595, -0.008106082]	-0.021019493 [-0.031441262, -0.010255720]	-0.021051792 [-0.030767614, -0.011130005]
recall_at_1	0.019345238 [0.006845238, 0.031848958]	-0.013690476 [-0.027529762, -0.000595238]	-0.014434524 [-0.027529762, -0.001934524]	-0.014732143 [-0.027529762, -0.003270089]	-0.015922619 [-0.027678571, -0.005208333]
recall_at_3	0.025446429 [0.013095238, 0.038095238]	-0.016815476 [-0.032738095, 0.000595238]	-0.016815476 [-0.031696429, -0.001190476]	-0.020982143 [-0.034523810, -0.006101190]	-0.016964286 [-0.030952381, -0.001636905]
recall_at_5	0.017559524 [0.003125000, 0.031845238]	-0.023214286 [-0.040033482, -0.004910714]	-0.025000000 [-0.039732143, -0.008928571]	-0.024851190 [-0.039434524, -0.009375000]	-0.026636905 [-0.040479911, -0.011755952]
recall_at_10	0.004017857 [-0.008634673, 0.016517857]	-0.027083333 [-0.040628720, -0.013541667]	-0.027827381 [-0.040476190, -0.015178571]	-0.030059524 [-0.042708333, -0.017109375]	-0.031101190 [-0.044047619, -0.018303571]
ndcg_at_1	0.022619048 [0.008035714, 0.037202381]	-0.015476190 [-0.032440476, 0.000297619]	-0.016666667 [-0.032440476, -0.001488095]	-0.017559524 [-0.033035714, -0.003571429]	-0.018452381 [-0.032150298, -0.005654762]
ndcg_at_3	0.024485597 [0.013829463, 0.035618803]	-0.017197766 [-0.030846741, -0.002706449]	-0.017682198 [-0.030380983, -0.004661684]	-0.020608219 [-0.032046798, -0.008548751]	-0.018547003 [-0.029668410, -0.006733357]
ndcg_at_5	0.021036586 [0.010197371, 0.031965193]	-0.019795194 [-0.032786551, -0.006132594]	-0.020978276 [-0.032891660, -0.008442632]	-0.021849281 [-0.032838568, -0.010218063]	-0.022587901 [-0.033187898, -0.011428481]
ndcg_at_10	0.016227542 [0.007294728, 0.025366417]	-0.021561635 [-0.032031780, -0.010294836]	-0.022363457 [-0.032040524, -0.011883642]	-0.023946573 [-0.033452321, -0.013855111]	-0.024215755 [-0.033044698, -0.014611342]

ABSOLUTE stage-cal G
metric	LOGIT0.1	C	S	C_plus	S_strong
average_precision	0.068206683 [0.055000538, 0.082089515]	0.077551595 [0.065237349, 0.090243276]	0.076069330 [0.063924525, 0.088573348]	0.074692748 [0.063338007, 0.086739999]	0.073435227 [0.062103497, 0.085478619]
trapezoidal_pr_auc	0.068775508 [0.055271540, 0.082773581]	0.080202042 [0.067240643, 0.093539304]	0.078916401 [0.066114212, 0.091830236]	0.077064189 [0.064959194, 0.089683734]	0.075676849 [0.063743444, 0.088338298]
roc_auc	0.039788175 [0.030117435, 0.050137919]	0.036560754 [0.028327107, 0.045288582]	0.035828678 [0.027760009, 0.044363449]	0.036148743 [0.028588076, 0.044184736]	0.035694832 [0.028244850, 0.043466131]
recall_at_fpr_1pct	0.052500000 [0.034166667, 0.072500000]	0.055000000 [0.039583333, 0.070416667]	0.052916667 [0.037500000, 0.068333333]	0.052500000 [0.037500000, 0.067916667]	0.053750000 [0.038750000, 0.069166667]
brier	0.002636191 [0.002176830, 0.003095374]	0.002670568 [0.002229387, 0.003136781]	0.002642088 [0.002208174, 0.003097502]	0.002646774 [0.002232336, 0.003078646]	0.002611902 [0.002205268, 0.003029512]
log_loss	0.011489164 [0.009330301, 0.013728483]	0.011249065 [0.009450953, 0.013162350]	0.011061055 [0.009295461, 0.012925678]	0.011175867 [0.009442355, 0.013012507]	0.011021336 [0.009330646, 0.012810020]
precision	0.131458333 [0.054442708, 0.205902778]	0.139831349 [0.067704861, 0.212755704]	0.130664683 [0.059513145, 0.204447173]	0.128263889 [0.058468750, 0.199166667]	0.144097222 [0.069024306, 0.219168403]
recall	0.037500000 [0.027500000, 0.047500000]	0.029166667 [0.020000000, 0.038750000]	0.027500000 [0.017916667, 0.037083333]	0.025416667 [0.016666667, 0.035000000]	0.024166667 [0.015416667, 0.033333333]
f1	0.061137979 [0.044995351, 0.076647060]	0.048430029 [0.033943013, 0.063789449]	0.046055428 [0.030814125, 0.061871241]	0.042709448 [0.028142090, 0.058366015]	0.040980867 [0.026171632, 0.056025587]
specificity	-0.000209497 [-0.000861266, 0.000418994]	0.000232775 [-0.000256052, 0.000721601]	0.000162942 [-0.000302607, 0.000628492]	0.000442272 [0.000000000, 0.000884544]	0.000395717 [-0.000046555, 0.000861266]
balanced_accuracy	0.018645251 [0.013633584, 0.023588222]	0.014699721 [0.010173155, 0.019433223]	0.013831471 [0.009097969, 0.018681913]	0.012929469 [0.008575739, 0.017709497]	0.012281192 [0.007801443, 0.016911400]
mcc	0.074129408 [0.051515853, 0.095593604]	0.064554369 [0.044110205, 0.085074066]	0.061393493 [0.039082677, 0.083196929]	0.058087796 [0.037088793, 0.079635136]	0.058257132 [0.035496952, 0.080626071]
map	0.061303956 [0.047661637, 0.074725106]	0.057499200 [0.045183133, 0.069837914]	0.055204588 [0.043361469, 0.067092016]	0.050808559 [0.039143093, 0.062518480]	0.050536691 [0.039027230, 0.062266431]
mrr	0.067277619 [0.052426054, 0.082089643]	0.063600546 [0.050458642, 0.076603045]	0.061018466 [0.048973111, 0.073555988]	0.055009070 [0.042498304, 0.067779639]	0.054752882 [0.042484025, 0.067317882]
recall_at_1	0.051041667 [0.034821429, 0.067261905]	0.049553571 [0.035115327, 0.064583333]	0.045982143 [0.031845238, 0.060569196]	0.041220238 [0.027377232, 0.055505952]	0.040773810 [0.026930804, 0.054761905]
recall_at_3	0.077827381 [0.062797619, 0.093452381]	0.071726190 [0.054017857, 0.089732143]	0.071279762 [0.054761905, 0.088247768]	0.068750000 [0.051339286, 0.086462054]	0.069047619 [0.052232143, 0.086160714]
recall_at_5	0.063095238 [0.046130952, 0.080505952]	0.072023810 [0.056696429, 0.087797619]	0.068898810 [0.054315476, 0.084226190]	0.072023810 [0.057440476, 0.087500000]	0.069791667 [0.054761905, 0.085718006]
recall_at_10	0.051785714 [0.036309524, 0.068452381]	0.045535714 [0.033333333, 0.058630952]	0.045238095 [0.032886905, 0.058035714]	0.042113095 [0.031101190, 0.054166667]	0.043154762 [0.031994048, 0.055208333]
ndcg_at_1	0.074107143 [0.054464286, 0.093750000]	0.065476190 [0.047909226, 0.083928571]	0.061904762 [0.045230655, 0.079464286]	0.054166667 [0.037500000, 0.071130952]	0.054761905 [0.038385417, 0.071428571]
ndcg_at_3	0.072781253 [0.057628423, 0.088023377]	0.067811979 [0.052602402, 0.082902296]	0.066180205 [0.051660039, 0.080407242]	0.061384610 [0.046710759, 0.076026809]	0.061313093 [0.046985050, 0.075783592]
ndcg_at_5	0.066771508 [0.052384541, 0.081337861]	0.068085950 [0.054983082, 0.081084123]	0.065124922 [0.052616254, 0.077401742]	0.062941593 [0.050646747, 0.075195640]	0.061558960 [0.049077896, 0.074054871]
ndcg_at_10	0.062987192 [0.050747800, 0.075540908]	0.058472115 [0.047790604, 0.069301452]	0.056486112 [0.046209164, 0.067132402]	0.051991431 [0.041759880, 0.062465782]	0.052134379 [0.041984461, 0.062802134]

ABSOLUTE first-cal O
metric	LOGIT0.1	C	S	C_plus	S_strong
average_precision	0.310282438 [0.288390943, 0.332022582]	0.339348937 [0.318286957, 0.361419379]	0.337884574 [0.316517876, 0.360034328]	0.337173495 [0.315857055, 0.359212189]	0.337209569 [0.315338784, 0.359622071]
trapezoidal_pr_auc	0.297039712 [0.274517135, 0.319553127]	0.325895888 [0.304294816, 0.348543340]	0.324518545 [0.302722130, 0.347239186]	0.323641845 [0.301917456, 0.346235286]	0.323900130 [0.302164680, 0.346622793]
roc_auc	0.760257216 [0.744593721, 0.776488187]	0.788846601 [0.773203911, 0.804875786]	0.788485219 [0.772645193, 0.804733298]	0.787150256 [0.771417336, 0.803335210]	0.786784800 [0.770947378, 0.803041245]
recall_at_fpr_1pct	0.189166667 [0.168333333, 0.211666667]	0.190416667 [0.170000000, 0.212083333]	0.191250000 [0.170000000, 0.213333333]	0.190416667 [0.169583333, 0.212083333]	0.192916667 [0.171666667, 0.215416667]
brier	0.043995860 [0.043207637, 0.044781230]	0.042885299 [0.042136439, 0.043632584]	0.042869145 [0.042103809, 0.043628041]	0.042911805 [0.042177251, 0.043647913]	0.042925216 [0.042186289, 0.043673319]
log_loss	0.178084866 [0.174030728, 0.182134011]	0.168708184 [0.165272242, 0.172114200]	0.168684263 [0.165218893, 0.172147798]	0.168871694 [0.165443106, 0.172307158]	0.168974658 [0.165534407, 0.172441568]
precision	0.636011905 [0.555728175, 0.715282242]	0.630863095 [0.550659226, 0.708762649]	0.645808150 [0.573246261, 0.716243056]	0.636349206 [0.556289187, 0.712857143]	0.632996032 [0.553409722, 0.707858135]
recall	0.095000000 [0.082916667, 0.107916667]	0.097916667 [0.084166667, 0.112916667]	0.101666667 [0.087916667, 0.116250000]	0.091666667 [0.078333333, 0.105833333]	0.094166667 [0.080416667, 0.108750000]
f1	0.159961319 [0.140667460, 0.180793322]	0.163826114 [0.141404380, 0.187088549]	0.169815616 [0.148286418, 0.192133747]	0.154345863 [0.132606013, 0.176614373]	0.158056915 [0.136508831, 0.180786862]
specificity	0.997346369 [0.996624767, 0.997998138]	0.997043762 [0.996159218, 0.997835196]	0.997043762 [0.996229050, 0.997788641]	0.997392924 [0.996531657, 0.998137803]	0.997346369 [0.996438547, 0.998091248]
balanced_accuracy	0.546173184 [0.540164426, 0.552736499]	0.547480214 [0.540429266, 0.554953532]	0.549355214 [0.542525605, 0.556508962]	0.544529795 [0.537723435, 0.551728614]	0.545756518 [0.538926589, 0.553118017]
mcc	0.225541086 [0.197212855, 0.253408087]	0.227760097 [0.197775741, 0.258000330]	0.235255327 [0.207179181, 0.263257243]	0.220254139 [0.191167242, 0.249091987]	0.223213672 [0.194763978, 0.251675797]
map	0.457601957 [0.439706954, 0.475210965]	0.491202678 [0.471313436, 0.510538857]	0.491341319 [0.472143291, 0.510228872]	0.490944064 [0.471611701, 0.510351824]	0.490666752 [0.471175997, 0.510375700]
mrr	0.508523340 [0.489720347, 0.526650331]	0.540196950 [0.520199600, 0.559323418]	0.540746299 [0.521489157, 0.559097825]	0.539843902 [0.520283592, 0.558722413]	0.539583358 [0.520291361, 0.558331892]
recall_at_1	0.265922619 [0.248660714, 0.283634673]	0.290773810 [0.271428571, 0.309672619]	0.291666667 [0.273214286, 0.310122768]	0.290773810 [0.272764137, 0.309081101]	0.291815476 [0.273805804, 0.310420387]
recall_at_3	0.477976190 [0.456250000, 0.499553571]	0.522470238 [0.498065476, 0.546878720]	0.519940476 [0.495085565, 0.543604911]	0.523214286 [0.498363095, 0.547473958]	0.519642857 [0.494787946, 0.543753720]
recall_at_5	0.590773810 [0.567261905, 0.614583333]	0.634077381 [0.607886905, 0.660271577]	0.634226190 [0.608035714, 0.660565476]	0.633928571 [0.608035714, 0.660122768]	0.634077381 [0.608333333, 0.660271577]
recall_at_10	0.741517857 [0.719791667, 0.763690476]	0.762202381 [0.739732143, 0.785119048]	0.762797619 [0.740773810, 0.785416667]	0.762946429 [0.740476190, 0.785863095]	0.763988095 [0.741517857, 0.787354911]
ndcg_at_1	0.365178571 [0.344345238, 0.385714286]	0.391964286 [0.368452381, 0.414880952]	0.393452381 [0.371130952, 0.415178571]	0.391964286 [0.369940476, 0.413690476]	0.393154762 [0.371130952, 0.415476190]
ndcg_at_3	0.423014929 [0.403004559, 0.442684021]	0.462516991 [0.440186908, 0.484356320]	0.461696776 [0.439861701, 0.482801427]	0.463104545 [0.440694263, 0.484738308]	0.461197593 [0.439078660, 0.482902580]
ndcg_at_5	0.473790524 [0.453116108, 0.493900469]	0.513204390 [0.490726176, 0.534700156]	0.513471545 [0.491426828, 0.534808116]	0.513151216 [0.491453015, 0.534611616]	0.512988847 [0.491446867, 0.534504887]
ndcg_at_10	0.527357291 [0.508409149, 0.545984380]	0.559016077 [0.538854893, 0.578708790]	0.559348432 [0.539576862, 0.578730646]	0.559066981 [0.539159204, 0.578507070]	0.559166376 [0.539377578, 0.579034906]

ABSOLUTE first-cal N
metric	LOGIT0.1	C	S	C_plus	S_strong
average_precision	0.313836986 [0.292212741, 0.335951376]	0.335192774 [0.314669188, 0.355941586]	0.334798702 [0.313821346, 0.355971905]	0.332037236 [0.311383074, 0.352671286]	0.330569161 [0.310002707, 0.351187491]
trapezoidal_pr_auc	0.300566373 [0.278411211, 0.323026263]	0.322374261 [0.301056128, 0.343621801]	0.322158972 [0.300684004, 0.343643201]	0.319326531 [0.298033928, 0.340601270]	0.317707183 [0.296550509, 0.338747683]
roc_auc	0.766425745 [0.751709352, 0.780822975]	0.783702281 [0.768918063, 0.798873982]	0.782984171 [0.767924726, 0.798298534]	0.782396415 [0.767373749, 0.797752066]	0.781872672 [0.766759486, 0.797330918]
recall_at_fpr_1pct	0.183750000 [0.162489583, 0.206250000]	0.183750000 [0.162500000, 0.205000000]	0.183333333 [0.162083333, 0.204583333]	0.181250000 [0.160822917, 0.201250000]	0.182083333 [0.161250000, 0.203333333]
brier	0.043948881 [0.043192455, 0.044687079]	0.042944541 [0.042194751, 0.043701694]	0.042963115 [0.042204142, 0.043716165]	0.043049764 [0.042328263, 0.043780824]	0.043093011 [0.042373691, 0.043819738]
log_loss	0.175926840 [0.172281127, 0.179611788]	0.169468371 [0.166174708, 0.172787886]	0.169622014 [0.166297543, 0.172939889]	0.169835770 [0.166540248, 0.173108460]	0.170009944 [0.166741448, 0.173263872]
precision	0.561696429 [0.487069114, 0.640272239]	0.639365079 [0.563508929, 0.712250000]	0.640198413 [0.561724702, 0.714764385]	0.651111111 [0.572361111, 0.728333333]	0.637380952 [0.559483631, 0.714031250]
recall	0.081250000 [0.068750000, 0.094583333]	0.091250000 [0.079166667, 0.102927083]	0.090000000 [0.077906250, 0.102083333]	0.086250000 [0.074583333, 0.098333333]	0.085000000 [0.073333333, 0.096666667]
f1	0.136361864 [0.116345624, 0.157404316]	0.154618226 [0.134803248, 0.173654409]	0.152486054 [0.132593228, 0.172041565]	0.147276694 [0.128195442, 0.166551322]	0.144926917 [0.126258745, 0.163695578]
specificity	0.997090317 [0.996415270, 0.997742086]	0.997881750 [0.997276536, 0.998440410]	0.997928305 [0.997369646, 0.998463687]	0.998044693 [0.997486034, 0.998580074]	0.997998138 [0.997439479, 0.998533520]
balanced_accuracy	0.539170158 [0.532918994, 0.545965433]	0.544565875 [0.538419460, 0.550574051]	0.543964153 [0.537793092, 0.550041288]	0.542147346 [0.536268593, 0.548155261]	0.541499069 [0.535699459, 0.547275663]
mcc	0.193196050 [0.165480623, 0.221859993]	0.222022073 [0.195589592, 0.247638304]	0.219998970 [0.192781626, 0.245973132]	0.217134601 [0.190423237, 0.243129736]	0.213143287 [0.186709365, 0.239055595]
map	0.469911853 [0.452392802, 0.487490498]	0.488113330 [0.470525160, 0.505043320]	0.486676417 [0.468699474, 0.503789196]	0.480553865 [0.462493613, 0.497968916]	0.480574124 [0.462575748, 0.498306619]
mrr	0.521079419 [0.503165958, 0.538894205]	0.539026026 [0.520817609, 0.556666735]	0.537447409 [0.519145924, 0.555256789]	0.529503999 [0.510258161, 0.547614873]	0.529365793 [0.510438846, 0.547545293]
recall_at_1	0.276190476 [0.258928571, 0.293452381]	0.292261905 [0.274401042, 0.309821429]	0.290476190 [0.272916667, 0.308035714]	0.282440476 [0.263690476, 0.300744048]	0.283184524 [0.264430804, 0.301938244]
recall_at_3	0.492708333 [0.471424851, 0.514285714]	0.515773810 [0.491815476, 0.538988095]	0.513988095 [0.489732143, 0.537946429]	0.512351190 [0.488839286, 0.535119048]	0.511458333 [0.488541667, 0.534077381]
recall_at_5	0.601339286 [0.579014137, 0.624553571]	0.632589286 [0.608184524, 0.656696429]	0.630654762 [0.606547619, 0.654613095]	0.630357143 [0.606246280, 0.654613095]	0.627678571 [0.603571429, 0.651636905]
recall_at_10	0.752976190 [0.733329613, 0.773515625]	0.758333333 [0.739434524, 0.777682292]	0.756250000 [0.737198661, 0.775744048]	0.752529762 [0.733779762, 0.771577381]	0.752232143 [0.732738095, 0.771875000]
ndcg_at_1	0.378273810 [0.356837798, 0.399412202]	0.394345238 [0.372023810, 0.415773810]	0.393154762 [0.371428571, 0.414285714]	0.381845238 [0.358630952, 0.403869048]	0.383333333 [0.360409226, 0.406250000]
ndcg_at_3	0.437253213 [0.417488878, 0.457353006]	0.458125198 [0.437102101, 0.478391663]	0.456638870 [0.435760095, 0.477042914]	0.451186790 [0.430213581, 0.471787288]	0.450793754 [0.429893872, 0.471229948]
ndcg_at_5	0.486261608 [0.467099996, 0.505790069]	0.511010298 [0.490938892, 0.530299922]	0.509229169 [0.489086503, 0.528552827]	0.504564734 [0.484444596, 0.523813531]	0.503239671 [0.483057901, 0.522655545]
ndcg_at_10	0.540282854 [0.522166673, 0.558391965]	0.555964186 [0.538246949, 0.572784464]	0.554104286 [0.536444139, 0.570980892]	0.548130761 [0.530686934, 0.564890402]	0.547983375 [0.530105363, 0.565155914]

ABSOLUTE first-cal Z
metric	LOGIT0.1	C	S	C_plus	S_strong
average_precision	0.319385476 [0.296376996, 0.344217161]	0.349612166 [0.326649285, 0.372966940]	0.349859400 [0.326352040, 0.373248200]	0.344826536 [0.322455578, 0.367369264]	0.343734074 [0.321142424, 0.366231655]
trapezoidal_pr_auc	0.306398202 [0.283019433, 0.331718338]	0.337159002 [0.313709965, 0.360837987]	0.337440173 [0.313182957, 0.361563003]	0.332396832 [0.309004160, 0.355815550]	0.331157033 [0.307870170, 0.354730530]
roc_auc	0.772174115 [0.756717586, 0.787207169]	0.793233240 [0.778043471, 0.808757798]	0.792567505 [0.777075477, 0.808568669]	0.792253259 [0.776959788, 0.808154737]	0.791652700 [0.776067214, 0.807829725]
recall_at_fpr_1pct	0.187500000 [0.162500000, 0.214166667]	0.195000000 [0.169166667, 0.221666667]	0.195833333 [0.170833333, 0.222500000]	0.190000000 [0.165000000, 0.215833333]	0.193333333 [0.167500000, 0.220833333]
brier	0.043865124 [0.043018143, 0.044688145]	0.042389004 [0.041550334, 0.043209942]	0.042393703 [0.041562065, 0.043219687]	0.042542365 [0.041733572, 0.043319498]	0.042585056 [0.041784194, 0.043357593]
log_loss	0.175134503 [0.171266329, 0.178973915]	0.167166815 [0.163681774, 0.170683312]	0.167266579 [0.163790277, 0.170772440]	0.167622091 [0.164223587, 0.171026724]	0.167790558 [0.164384892, 0.171184783]
precision	0.550138889 [0.455573247, 0.644740079]	0.734801587 [0.650511905, 0.812508929]	0.705079365 [0.618488095, 0.787660714]	0.727500000 [0.643333333, 0.808333333]	0.700039683 [0.618048611, 0.779168651]
recall	0.094166667 [0.078333333, 0.110000000]	0.109166667 [0.094166667, 0.125000000]	0.105833333 [0.090833333, 0.121666667]	0.099166667 [0.085000000, 0.114166667]	0.098333333 [0.084166667, 0.113333333]
f1	0.155165562 [0.129612800, 0.180772469]	0.184347319 [0.160235692, 0.209385307]	0.178223040 [0.153896256, 0.203111247]	0.169212741 [0.146897656, 0.193344398]	0.167093335 [0.145078041, 0.190599463]
specificity	0.996089385 [0.995158287, 0.997020484]	0.997765363 [0.997067039, 0.998463687]	0.997718808 [0.997067039, 0.998370577]	0.997998138 [0.997346369, 0.998603352]	0.997811918 [0.997160149, 0.998463687]
balanced_accuracy	0.545128026 [0.537231785, 0.553298475]	0.553466015 [0.545848464, 0.561568901]	0.551776071 [0.544043296, 0.559762570]	0.548582402 [0.541522288, 0.556176094]	0.548072626 [0.541012570, 0.555665736]
mcc	0.206625826 [0.171080485, 0.241542283]	0.261963009 [0.230537180, 0.292612095]	0.251704654 [0.219751318, 0.283090304]	0.247769096 [0.218160617, 0.277354558]	0.241762550 [0.212273175, 0.270774714]
map	0.473443180 [0.453999370, 0.493588263]	0.501059783 [0.481921481, 0.519473139]	0.499083852 [0.480530219, 0.517182686]	0.489740035 [0.470959902, 0.507974071]	0.490151836 [0.471762211, 0.508377289]
mrr	0.525180484 [0.505060560, 0.545392631]	0.554184878 [0.534026384, 0.573671358]	0.552297988 [0.532450094, 0.571071670]	0.540808809 [0.520202936, 0.560315551]	0.541118082 [0.520535218, 0.560621580]
recall_at_1	0.275297619 [0.254464286, 0.297023810]	0.304761905 [0.284821429, 0.324404762]	0.300892857 [0.281547619, 0.319345238]	0.287202381 [0.267261905, 0.306845238]	0.288988095 [0.268444940, 0.309523810]
recall_at_3	0.503273810 [0.478273810, 0.528571429]	0.527976190 [0.501488095, 0.552983631]	0.529464286 [0.503266369, 0.553571429]	0.527976190 [0.502373512, 0.551488095]	0.525297619 [0.500892857, 0.547619048]
recall_at_5	0.612797619 [0.588392857, 0.637202381]	0.650595238 [0.624702381, 0.675297619]	0.650000000 [0.623809524, 0.675602679]	0.649702381 [0.624404762, 0.674709821]	0.647619048 [0.621726190, 0.672916667]
recall_at_10	0.762500000 [0.740773810, 0.783928571]	0.776785714 [0.755654762, 0.797916667]	0.772916667 [0.751488095, 0.794642857]	0.769642857 [0.749404762, 0.790476190]	0.769047619 [0.747916667, 0.790476190]
ndcg_at_1	0.377380952 [0.352380952, 0.402395833]	0.408333333 [0.383333333, 0.433333333]	0.405357143 [0.381547619, 0.429166667]	0.387500000 [0.362500000, 0.412500000]	0.389880952 [0.364285714, 0.415476190]
ndcg_at_3	0.443207384 [0.420646822, 0.466641410]	0.471128400 [0.448641339, 0.492769498]	0.470765036 [0.448273922, 0.491696520]	0.462897381 [0.440865749, 0.484108053]	0.461802782 [0.440157657, 0.482766930]
ndcg_at_5	0.492596379 [0.471109562, 0.515077662]	0.526504393 [0.504374788, 0.546993968]	0.524773987 [0.503700070, 0.544802830]	0.517827785 [0.496535298, 0.538065944]	0.516979637 [0.495766539, 0.537650359]
ndcg_at_10	0.545792638 [0.526342064, 0.564729132]	0.571747157 [0.552767040, 0.589895935]	0.568966293 [0.550152862, 0.587119140]	0.560748374 [0.542182542, 0.578420783]	0.560793178 [0.542022785, 0.578914844]

ABSOLUTE first-cal final_all
metric	LOGIT0.1	C	S	C_plus	S_strong
average_precision	0.313316784 [0.291956408, 0.335012406]	0.342770014 [0.321637355, 0.364226171]	0.341876183 [0.320775741, 0.363050897]	0.339724508 [0.318991384, 0.360715814]	0.339384404 [0.318454985, 0.360688382]
trapezoidal_pr_auc	0.300159208 [0.278305308, 0.322350742]	0.329650259 [0.308050826, 0.351474005]	0.328825754 [0.307160343, 0.350424432]	0.326560174 [0.305233234, 0.348201423]	0.326319097 [0.304948046, 0.347987706]
roc_auc	0.764229516 [0.749452980, 0.778876882]	0.790308814 [0.775247924, 0.805703290]	0.789845981 [0.774682282, 0.805417714]	0.788851257 [0.773711612, 0.804483201]	0.788407433 [0.773185715, 0.804033296]
recall_at_fpr_1pct	0.188611111 [0.167777778, 0.210562500]	0.191944444 [0.171388889, 0.213611111]	0.192777778 [0.171944444, 0.215000000]	0.190277778 [0.169993056, 0.211388889]	0.193055556 [0.171666667, 0.215277778]
brier	0.043952281 [0.043193222, 0.044718701]	0.042719867 [0.041962452, 0.043481841]	0.042710664 [0.041946863, 0.043468010]	0.042788658 [0.042052697, 0.043516546]	0.042811830 [0.042070868, 0.043545802]
log_loss	0.177101412 [0.173285562, 0.180903101]	0.168194394 [0.164828091, 0.171471822]	0.168211702 [0.164818382, 0.171522702]	0.168455159 [0.165101571, 0.171737797]	0.168579958 [0.165243029, 0.171890321]
precision	0.607387566 [0.537326830, 0.677941358]	0.665509259 [0.587351852, 0.738665840]	0.665565222 [0.593372838, 0.734197828]	0.666732804 [0.591969577, 0.738321098]	0.655343915 [0.582710317, 0.725530093]
recall	0.094722222 [0.083055556, 0.106944444]	0.101666667 [0.088055556, 0.116111111]	0.103055556 [0.089444444, 0.116944444]	0.094166667 [0.081388889, 0.107777778]	0.095555556 [0.082777778, 0.108888889]
f1	0.158362733 [0.139748473, 0.177914861]	0.170666516 [0.148704110, 0.193467718]	0.172618091 [0.151221632, 0.194914437]	0.159301489 [0.138522823, 0.180922266]	0.161069055 [0.140896909, 0.182336440]
specificity	0.996927374 [0.996198014, 0.997594662]	0.997284295 [0.996523898, 0.997967101]	0.997268777 [0.996570453, 0.997920546]	0.997594662 [0.996865301, 0.998246431]	0.997501552 [0.996725636, 0.998168839]
balanced_accuracy	0.545824798 [0.540021958, 0.552052626]	0.549475481 [0.542621664, 0.556759214]	0.550162166 [0.543378142, 0.557254054]	0.545880664 [0.539397696, 0.552671477]	0.546528554 [0.540200768, 0.553280009]
mcc	0.219236000 [0.193114875, 0.245735205]	0.239161068 [0.209624650, 0.268534578]	0.240738436 [0.212644553, 0.268804004]	0.229425791 [0.201252610, 0.257542911]	0.229396631 [0.202014304, 0.256509597]
map	0.462882365 [0.445274833, 0.480307381]	0.494488380 [0.475732108, 0.512444402]	0.493922164 [0.475353881, 0.511740123]	0.490542721 [0.472074716, 0.508505696]	0.490495113 [0.472228638, 0.508812477]
mrr	0.514075722 [0.495433167, 0.532006312]	0.544859593 [0.525794738, 0.563343733]	0.544596862 [0.525843559, 0.562517388]	0.540165538 [0.521262113, 0.558231803]	0.540094933 [0.521501227, 0.558025649]
recall_at_1	0.269047619 [0.251686508, 0.286609623]	0.295436508 [0.277083333, 0.313591270]	0.294742063 [0.277083333, 0.311805556]	0.289583333 [0.271525298, 0.307242063]	0.290873016 [0.273311012, 0.308531746]
recall_at_3	0.486408730 [0.465176091, 0.507442956]	0.524305556 [0.500493552, 0.547123016]	0.523115079 [0.498908730, 0.545736607]	0.524801587 [0.500694444, 0.547619048]	0.521527778 [0.497916667, 0.543653274]
recall_at_5	0.598115079 [0.576091270, 0.620042163]	0.639583333 [0.614184028, 0.664593254]	0.639484127 [0.613886409, 0.664880952]	0.639186508 [0.614580853, 0.663789683]	0.638591270 [0.613291171, 0.663990575]
recall_at_10	0.748511905 [0.728172123, 0.768750000]	0.767063492 [0.746031746, 0.788591270]	0.766170635 [0.745436508, 0.787502480]	0.765178571 [0.744441964, 0.786708829]	0.765674603 [0.744543651, 0.787698413]
ndcg_at_1	0.369246032 [0.348606151, 0.389880952]	0.397420635 [0.375198413, 0.419246032]	0.397420635 [0.376185516, 0.418055556]	0.390476190 [0.369042659, 0.411706349]	0.392063492 [0.371026786, 0.413095238]
ndcg_at_3	0.429745747 [0.409722473, 0.449451808]	0.465387461 [0.444187618, 0.486006641]	0.464719530 [0.443470018, 0.484870055]	0.463035490 [0.441729856, 0.483489587]	0.461399323 [0.440362724, 0.481796439]
ndcg_at_5	0.480059142 [0.460098915, 0.499771546]	0.517637724 [0.496581532, 0.537990104]	0.517239026 [0.496179593, 0.537424088]	0.514710073 [0.494074510, 0.535012364]	0.514319111 [0.493528778, 0.534570093]
ndcg_at_10	0.533502407 [0.515302787, 0.551520424]	0.563259770 [0.544260236, 0.581569996]	0.562554385 [0.543684526, 0.580528217]	0.559627446 [0.540921851, 0.577888831]	0.559708643 [0.540930105, 0.578227528]

ABSOLUTE first-cal A2
metric	LOGIT0.1	C	S	C_plus	S_strong
average_precision	0.308288495 [0.285031216, 0.331936676]	0.320773382 [0.300093579, 0.342122336]	0.319738004 [0.299146675, 0.340812282]	0.319247937 [0.298665759, 0.340603734]	0.317404247 [0.297050041, 0.338587499]
trapezoidal_pr_auc	0.294734545 [0.270638975, 0.318880325]	0.307589521 [0.286703286, 0.329420778]	0.306877771 [0.286107852, 0.328181318]	0.306256230 [0.285229450, 0.327919771]	0.304257334 [0.283325832, 0.325580486]
roc_auc	0.760677374 [0.744802083, 0.776401653]	0.774171322 [0.757794984, 0.790589036]	0.773400838 [0.757089851, 0.789855971]	0.772539572 [0.756235568, 0.788916143]	0.772092644 [0.755895019, 0.788466073]
recall_at_fpr_1pct	0.180000000 [0.155000000, 0.206666667]	0.172500000 [0.150833333, 0.194166667]	0.170833333 [0.149166667, 0.193333333]	0.172500000 [0.150833333, 0.194166667]	0.170833333 [0.149979167, 0.192500000]
brier	0.044032639 [0.043268330, 0.044785704]	0.043500079 [0.042751772, 0.044242069]	0.043532528 [0.042783019, 0.044272751]	0.043557163 [0.042819689, 0.044296211]	0.043600965 [0.042856639, 0.044341118]
log_loss	0.176719177 [0.172896879, 0.180578207]	0.171769928 [0.168319840, 0.175211833]	0.171977448 [0.168507830, 0.175441103]	0.172049449 [0.168566024, 0.175498142]	0.172229330 [0.168752407, 0.175658330]
precision	0.573253968 [0.472458333, 0.679047619]	0.543928571 [0.453690476, 0.634446429]	0.575317460 [0.483488095, 0.667268849]	0.574722222 [0.479430556, 0.673055556]	0.574722222 [0.479437500, 0.672777778]
recall	0.068333333 [0.055000000, 0.082500000]	0.073333333 [0.060833333, 0.085833333]	0.074166667 [0.061666667, 0.086666667]	0.073333333 [0.060833333, 0.086666667]	0.071666667 [0.059166667, 0.084166667]
f1	0.117558167 [0.095763620, 0.140847664]	0.124889134 [0.104759408, 0.145423026]	0.126749068 [0.106220734, 0.148044043]	0.125340647 [0.104776518, 0.146854033]	0.122760498 [0.102492155, 0.143726019]
specificity	0.998091248 [0.997486034, 0.998649907]	0.997998138 [0.997392924, 0.998556797]	0.998137803 [0.997532588, 0.998696462]	0.998091248 [0.997486034, 0.998649907]	0.998184358 [0.997579143, 0.998743017]
balanced_accuracy	0.533212291 [0.526475209, 0.540505645]	0.535665736 [0.529646182, 0.541985568]	0.536152235 [0.530041318, 0.542632682]	0.535712291 [0.529485568, 0.542332402]	0.534925512 [0.528766294, 0.541315177]
mcc	0.179766273 [0.147916773, 0.212741253]	0.182081137 [0.154162260, 0.210087874]	0.188293286 [0.159807384, 0.216915232]	0.186500106 [0.157058984, 0.216326579]	0.184524025 [0.155633439, 0.213903089]
map	0.466380526 [0.446840856, 0.485602576]	0.475166877 [0.455551572, 0.495248135]	0.474268982 [0.453885013, 0.495134734]	0.471367695 [0.450646900, 0.492128892]	0.470996412 [0.450659560, 0.491621838]
mrr	0.516978353 [0.497336451, 0.537168776]	0.523867175 [0.503720030, 0.543512763]	0.522596830 [0.501927305, 0.543038754]	0.518199189 [0.497244974, 0.538955874]	0.517613504 [0.496653956, 0.537819679]
recall_at_1	0.277083333 [0.258333333, 0.295535714]	0.279761905 [0.258928571, 0.300297619]	0.280059524 [0.259516369, 0.300595238]	0.277678571 [0.255647321, 0.299107143]	0.277380952 [0.255952381, 0.297916667]
recall_at_3	0.482142857 [0.458035714, 0.506845238]	0.503571429 [0.476488095, 0.531250000]	0.498511905 [0.471130952, 0.526190476]	0.496726190 [0.470238095, 0.523809524]	0.497619048 [0.471421131, 0.525000000]
recall_at_5	0.589880952 [0.563095238, 0.617566964]	0.614583333 [0.588095238, 0.641964286]	0.611309524 [0.585119048, 0.638095238]	0.611011905 [0.584523810, 0.637805060]	0.607738095 [0.581547619, 0.634523810]
recall_at_10	0.743452381 [0.720535714, 0.767261905]	0.739880952 [0.719345238, 0.760416667]	0.739583333 [0.719047619, 0.760119048]	0.735416667 [0.714880952, 0.755952381]	0.735416667 [0.714285714, 0.756547619]
ndcg_at_1	0.379166667 [0.355357143, 0.404166667]	0.380357143 [0.355952381, 0.404761905]	0.380952381 [0.356532738, 0.405372024]	0.376190476 [0.349404762, 0.401785714]	0.376785714 [0.351190476, 0.401785714]
ndcg_at_3	0.431299041 [0.409388147, 0.453225656]	0.445121997 [0.421249518, 0.469404513]	0.442512703 [0.418137695, 0.467525801]	0.439476199 [0.414614650, 0.464281848]	0.439784725 [0.415382708, 0.464310573]
ndcg_at_5	0.479926838 [0.457822148, 0.501864363]	0.495516203 [0.473265173, 0.517306358]	0.493684352 [0.471117917, 0.516242058]	0.491301684 [0.468481666, 0.513697384]	0.489499705 [0.467030657, 0.511998674]
ndcg_at_10	0.534773070 [0.515156982, 0.554323523]	0.540181215 [0.521219430, 0.558696762]	0.539242280 [0.519820285, 0.558154570]	0.535513148 [0.516136656, 0.554681517]	0.535173572 [0.516117750, 0.554541151]

ABSOLUTE first-cal F_first
metric	LOGIT0.1	C	S	C_plus	S_strong
average_precision	0.009823005 [-0.008564663, 0.028355099]	-0.020336666 [-0.034945538, -0.006300038]	-0.018213726 [-0.032340444, -0.004668981]	-0.018606257 [-0.033425948, -0.004164821]	-0.019357035 [-0.033312482, -0.005910255]
trapezoidal_pr_auc	0.009497706 [-0.009806142, 0.028940491]	-0.020331667 [-0.035686031, -0.005633736]	-0.018453453 [-0.033221869, -0.004342016]	-0.018996672 [-0.034690129, -0.003655665]	-0.019866614 [-0.034597148, -0.005769538]
roc_auc	0.005847300 [-0.007027584, 0.018515829]	-0.020493482 [-0.032009253, -0.008672893]	-0.020741387 [-0.031801647, -0.009311831]	-0.018672020 [-0.029222969, -0.007762395]	-0.018157588 [-0.028538873, -0.007517807]
recall_at_fpr_1pct	-0.011666667 [-0.035833333, 0.011666667]	-0.028333333 [-0.050000000, -0.007500000]	-0.026666667 [-0.048333333, -0.005833333]	-0.025833333 [-0.048333333, -0.004166667]	-0.030000000 [-0.052500000, -0.008333333]
brier	0.000298858 [-0.000274633, 0.000880198]	-0.000718108 [-0.001169465, -0.000277953]	-0.000727089 [-0.001164324, -0.000300911]	-0.000688641 [-0.001089154, -0.000291278]	-0.000693551 [-0.001095992, -0.000299639]
log_loss	0.003822916 [0.000981566, 0.006744885]	-0.003577912 [-0.005531084, -0.001596823]	-0.003640673 [-0.005502622, -0.001761289]	-0.003388056 [-0.005161374, -0.001606983]	-0.003330379 [-0.005079311, -0.001572597]
precision	-0.051884921 [-0.166353671, 0.066251488]	-0.143313492 [-0.228198909, -0.055196429]	-0.151924603 [-0.239906746, -0.064437996]	-0.159166667 [-0.251112103, -0.062817460]	-0.145079365 [-0.237619048, -0.050670635]
recall	-0.038333333 [-0.055000000, -0.021666667]	-0.047500000 [-0.063333333, -0.032500000]	-0.049166667 [-0.065000000, -0.033333333]	-0.040833333 [-0.057500000, -0.025000000]	-0.043333333 [-0.060000000, -0.027500000]
f1	-0.057027549 [-0.083045314, -0.030664607]	-0.076976334 [-0.101814384, -0.052862285]	-0.079649605 [-0.104114859, -0.055307733]	-0.066866343 [-0.093167141, -0.041249608]	-0.070331932 [-0.096162123, -0.045068181]
specificity	0.001070764 [0.000372439, 0.001815642]	0.001489758 [0.000791434, 0.002234637]	0.001489758 [0.000791434, 0.002188082]	0.001117318 [0.000465549, 0.001769088]	0.001256983 [0.000558659, 0.001955307]
balanced_accuracy	-0.018631285 [-0.027057728, -0.010204842]	-0.023005121 [-0.030851955, -0.015436976]	-0.023838454 [-0.031592179, -0.016131285]	-0.019858007 [-0.028215200, -0.011943610]	-0.021038175 [-0.029231844, -0.013144204]
mcc	-0.055532012 [-0.092565107, -0.018691691]	-0.087261671 [-0.116287059, -0.058730341]	-0.090716898 [-0.119435945, -0.061558690]	-0.080786370 [-0.111281748, -0.050409407]	-0.081824507 [-0.113179444, -0.050917450]
map	0.029540193 [0.012919656, 0.046439437]	-0.018927070 [-0.034577448, -0.004292215]	-0.020870690 [-0.034917789, -0.007560159]	-0.022359141 [-0.036786057, -0.008378932]	-0.022492991 [-0.035803059, -0.009593026]
mrr	0.026250395 [0.007944989, 0.043937032]	-0.018893936 [-0.037054702, -0.002311712]	-0.020714466 [-0.037548237, -0.005123447]	-0.023548604 [-0.040163982, -0.008121560]	-0.023683950 [-0.038520205, -0.009396560]
recall_at_1	0.027380952 [0.006845238, 0.047023810]	-0.017261905 [-0.036316964, 0.001190476]	-0.019047619 [-0.037202381, -0.001488095]	-0.024107143 [-0.042857143, -0.005654762]	-0.024404762 [-0.041964286, -0.007440476]
recall_at_3	0.046726190 [0.025892857, 0.068154762]	-0.007440476 [-0.027388393, 0.011904762]	-0.008928571 [-0.028869048, 0.009821429]	-0.009523810 [-0.029761905, 0.010119048]	-0.008928571 [-0.029166667, 0.011309524]
recall_at_5	0.038392857 [0.018154762, 0.058928571]	-0.026785714 [-0.050305060, -0.003273810]	-0.030654762 [-0.051488095, -0.009523810]	-0.025595238 [-0.045833333, -0.004166667]	-0.025892857 [-0.045238095, -0.005952381]
recall_at_10	0.001488095 [-0.018750000, 0.022619048]	-0.039880952 [-0.062500000, -0.016964286]	-0.036607143 [-0.057142857, -0.016071429]	-0.035416667 [-0.056845238, -0.013690476]	-0.039285714 [-0.059523810, -0.018750000]
ndcg_at_1	0.029166667 [0.004166667, 0.052976190]	-0.019047619 [-0.042857143, 0.003571429]	-0.021428571 [-0.044047619, -0.000595238]	-0.027380952 [-0.050014881, -0.005357143]	-0.028571429 [-0.050000000, -0.008333333]
ndcg_at_3	0.039241801 [0.020357768, 0.058611633]	-0.012565405 [-0.031094301, 0.004921403]	-0.014682421 [-0.031874521, 0.001842725]	-0.016920664 [-0.034223907, -0.000520593]	-0.016784359 [-0.033357812, -0.000848074]
ndcg_at_5	0.035675164 [0.017991415, 0.053084082]	-0.020721206 [-0.039039101, -0.003322712]	-0.023647153 [-0.040019715, -0.007949467]	-0.023397591 [-0.039202576, -0.008077770]	-0.023562293 [-0.038399920, -0.009133590]
ndcg_at_10	0.022630027 [0.006325153, 0.038989489]	-0.025867090 [-0.041661347, -0.010645679]	-0.026331148 [-0.040622593, -0.012399741]	-0.027447522 [-0.042337018, -0.012878783]	-0.028673964 [-0.042282295, -0.015060469]

ABSOLUTE first-cal F
metric	LOGIT0.1	C	S	C_plus	S_strong
average_precision	0.008484518 [-0.002993760, 0.020116826]	-0.020478410 [-0.031115144, -0.009899380]	-0.019531736 [-0.029533767, -0.009485959]	-0.019065690 [-0.029160911, -0.008913923]	-0.020023610 [-0.030156121, -0.009967612]
trapezoidal_pr_auc	0.008213819 [-0.003999256, 0.020128754]	-0.020541935 [-0.031755399, -0.009529706]	-0.019520467 [-0.030159979, -0.008858896]	-0.018954537 [-0.029614842, -0.008197837]	-0.020212270 [-0.031062175, -0.009551496]
roc_auc	0.006379190 [-0.001534043, 0.014203183]	-0.016733007 [-0.023674697, -0.009501280]	-0.016756867 [-0.023402773, -0.009882303]	-0.015852537 [-0.022159814, -0.009460836]	-0.015710545 [-0.021839647, -0.009406992]
recall_at_fpr_1pct	-0.002083333 [-0.019583333, 0.014583333]	-0.019166667 [-0.033333333, -0.005416667]	-0.020833333 [-0.033333333, -0.009166667]	-0.019166667 [-0.031250000, -0.007500000]	-0.022500000 [-0.035833333, -0.009583333]
brier	0.000321145 [-0.000062803, 0.000702717]	-0.000619576 [-0.000943510, -0.000289968]	-0.000651955 [-0.000975750, -0.000329400]	-0.000621612 [-0.000923868, -0.000321525]	-0.000630102 [-0.000937778, -0.000329684]
log_loss	0.003545468 [0.001735836, 0.005353431]	-0.003130659 [-0.004479856, -0.001672740]	-0.003258341 [-0.004551648, -0.001839478]	-0.003106910 [-0.004352715, -0.001799088]	-0.003093886 [-0.004330740, -0.001805128]
precision	-0.047162698 [-0.117927083, 0.019915179]	-0.094732143 [-0.161758433, -0.028231895]	-0.093982753 [-0.159285466, -0.029611722]	-0.084821429 [-0.148751984, -0.023908730]	-0.081468254 [-0.140242560, -0.024246032]
recall	-0.025000000 [-0.035416667, -0.014583333]	-0.034166667 [-0.045416667, -0.023333333]	-0.037500000 [-0.048333333, -0.026666667]	-0.027916667 [-0.038333333, -0.018333333]	-0.031250000 [-0.042083333, -0.021250000]
f1	-0.038766311 [-0.055179293, -0.022270537]	-0.053767975 [-0.071377984, -0.036797118]	-0.058827510 [-0.075405809, -0.042464077]	-0.044061966 [-0.060244183, -0.029075879]	-0.049063093 [-0.065496038, -0.033875517]
specificity	0.000861266 [0.000372439, 0.001373371]	0.001443203 [0.000861266, 0.002048417]	0.001513035 [0.000954376, 0.002071695]	0.001140596 [0.000581937, 0.001745810]	0.001233706 [0.000675047, 0.001862197]
balanced_accuracy	-0.012069367 [-0.017346689, -0.006803975]	-0.016361732 [-0.022056855, -0.010969507]	-0.017993482 [-0.023406716, -0.012717615]	-0.013388035 [-0.018574808, -0.008539048]	-0.015008147 [-0.020446927, -0.009972969]
mcc	-0.039827113 [-0.061938597, -0.017849172]	-0.059061454 [-0.080361014, -0.037662265]	-0.063450610 [-0.082904657, -0.043644728]	-0.049346011 [-0.068079735, -0.031128254]	-0.053293586 [-0.071981522, -0.035342153]
map	0.020158248 [0.010673137, 0.029840794]	-0.017755897 [-0.028907063, -0.006149629]	-0.018343485 [-0.028612396, -0.007606644]	-0.019396874 [-0.029038736, -0.009554939]	-0.019305203 [-0.028670082, -0.009819879]
mrr	0.018403166 [0.008225405, 0.028801959]	-0.018538549 [-0.030671635, -0.006102555]	-0.019723070 [-0.030991595, -0.008106082]	-0.021019493 [-0.031441262, -0.010255720]	-0.021051792 [-0.030767614, -0.011130005]
recall_at_1	0.019345238 [0.006845238, 0.031848958]	-0.013690476 [-0.027529762, -0.000595238]	-0.014434524 [-0.027529762, -0.001934524]	-0.014732143 [-0.027529762, -0.003270089]	-0.015922619 [-0.027678571, -0.005208333]
recall_at_3	0.025446429 [0.013095238, 0.038095238]	-0.016815476 [-0.032738095, 0.000595238]	-0.016815476 [-0.031696429, -0.001190476]	-0.020982143 [-0.034523810, -0.006101190]	-0.016964286 [-0.030952381, -0.001636905]
recall_at_5	0.017559524 [0.003125000, 0.031845238]	-0.023214286 [-0.040033482, -0.004910714]	-0.025000000 [-0.039732143, -0.008928571]	-0.024851190 [-0.039434524, -0.009375000]	-0.026636905 [-0.040479911, -0.011755952]
recall_at_10	0.004017857 [-0.008634673, 0.016517857]	-0.027083333 [-0.040628720, -0.013541667]	-0.027827381 [-0.040476190, -0.015178571]	-0.030059524 [-0.042708333, -0.017109375]	-0.031101190 [-0.044047619, -0.018303571]
ndcg_at_1	0.022619048 [0.008035714, 0.037202381]	-0.015476190 [-0.032440476, 0.000297619]	-0.016666667 [-0.032440476, -0.001488095]	-0.017559524 [-0.033035714, -0.003571429]	-0.018452381 [-0.032150298, -0.005654762]
ndcg_at_3	0.024485597 [0.013829463, 0.035618803]	-0.017197766 [-0.030846741, -0.002706449]	-0.017682198 [-0.030380983, -0.004661684]	-0.020608219 [-0.032046798, -0.008548751]	-0.018547003 [-0.029668410, -0.006733357]
ndcg_at_5	0.021036586 [0.010197371, 0.031965193]	-0.019795194 [-0.032786551, -0.006132594]	-0.020978276 [-0.032891660, -0.008442632]	-0.021849281 [-0.032838568, -0.010218063]	-0.022587901 [-0.033187898, -0.011428481]
ndcg_at_10	0.016227542 [0.007294728, 0.025366417]	-0.021561635 [-0.032031780, -0.010294836]	-0.022363457 [-0.032040524, -0.011883642]	-0.023946573 [-0.033452321, -0.013855111]	-0.024215755 [-0.033044698, -0.014611342]

ABSOLUTE first-cal G
metric	LOGIT0.1	C	S	C_plus	S_strong
average_precision	0.068206683 [0.055000538, 0.082089515]	0.077551595 [0.065237349, 0.090243276]	0.076069330 [0.063924525, 0.088573348]	0.074692748 [0.063338007, 0.086739999]	0.073435227 [0.062103497, 0.085478619]
trapezoidal_pr_auc	0.068775508 [0.055271540, 0.082773581]	0.080202042 [0.067240643, 0.093539304]	0.078916401 [0.066114212, 0.091830236]	0.077064189 [0.064959194, 0.089683734]	0.075676849 [0.063743444, 0.088338298]
roc_auc	0.039788175 [0.030117435, 0.050137919]	0.036560754 [0.028327107, 0.045288582]	0.035828678 [0.027760009, 0.044363449]	0.036148743 [0.028588076, 0.044184736]	0.035694832 [0.028244850, 0.043466131]
recall_at_fpr_1pct	0.052500000 [0.034166667, 0.072500000]	0.055000000 [0.039583333, 0.070416667]	0.052916667 [0.037500000, 0.068333333]	0.052500000 [0.037500000, 0.067916667]	0.053750000 [0.038750000, 0.069166667]
brier	0.002479673 [0.002019359, 0.002957160]	0.002691153 [0.002247991, 0.003154114]	0.002666935 [0.002232591, 0.003122846]	0.002649021 [0.002227857, 0.003087126]	0.002615874 [0.002207504, 0.003044936]
log_loss	0.010451930 [0.008167767, 0.012828917]	0.011267768 [0.009516870, 0.013122625]	0.011092432 [0.009359471, 0.012899606]	0.011127954 [0.009449973, 0.012897292]	0.010979573 [0.009343882, 0.012708165]
precision	0.105955688 [0.029185103, 0.176922950]	0.149434524 [0.081426339, 0.218099702]	0.143323413 [0.081060268, 0.205278770]	0.164930556 [0.093123264, 0.234652778]	0.148005952 [0.082773065, 0.211668899]
recall	0.037500000 [0.026666667, 0.048750000]	0.031666667 [0.022916667, 0.040833333]	0.027500000 [0.019166667, 0.036250000]	0.025416667 [0.017083333, 0.034166667]	0.023750000 [0.015416667, 0.032500000]
f1	0.059092837 [0.042104925, 0.076379166]	0.051358063 [0.037337985, 0.065685661]	0.044662869 [0.031497497, 0.058193492]	0.042241937 [0.028734004, 0.056411832]	0.039242950 [0.026333763, 0.052977417]
specificity	-0.000931099 [-0.001582868, -0.000279330]	0.000209497 [-0.000209497, 0.000651769]	0.000256052 [-0.000186220, 0.000721601]	0.000395717 [0.000000000, 0.000791434]	0.000325885 [-0.000069832, 0.000721601]
balanced_accuracy	0.018284451 [0.012832577, 0.023943552]	0.015938082 [0.011481611, 0.020533054]	0.013878026 [0.009629597, 0.018310085]	0.012906192 [0.008659189, 0.017351024]	0.012037942 [0.007859637, 0.016424581]
mcc	0.066602204 [0.043286410, 0.089566287]	0.067648969 [0.048354220, 0.087143068]	0.060624882 [0.042689443, 0.078511551]	0.061860755 [0.042142221, 0.081906825]	0.056805365 [0.039003220, 0.075289776]
map	0.061303956 [0.047661637, 0.074725106]	0.057499200 [0.045183133, 0.069837914]	0.055204588 [0.043361469, 0.067092016]	0.050808559 [0.039143093, 0.062518480]	0.050536691 [0.039027230, 0.062266431]
mrr	0.067277619 [0.052426054, 0.082089643]	0.063600546 [0.050458642, 0.076603045]	0.061018466 [0.048973111, 0.073555988]	0.055009070 [0.042498304, 0.067779639]	0.054752882 [0.042484025, 0.067317882]
recall_at_1	0.051041667 [0.034821429, 0.067261905]	0.049553571 [0.035115327, 0.064583333]	0.045982143 [0.031845238, 0.060569196]	0.041220238 [0.027377232, 0.055505952]	0.040773810 [0.026930804, 0.054761905]
recall_at_3	0.077827381 [0.062797619, 0.093452381]	0.071726190 [0.054017857, 0.089732143]	0.071279762 [0.054761905, 0.088247768]	0.068750000 [0.051339286, 0.086462054]	0.069047619 [0.052232143, 0.086160714]
recall_at_5	0.063095238 [0.046130952, 0.080505952]	0.072023810 [0.056696429, 0.087797619]	0.068898810 [0.054315476, 0.084226190]	0.072023810 [0.057440476, 0.087500000]	0.069791667 [0.054761905, 0.085718006]
recall_at_10	0.051785714 [0.036309524, 0.068452381]	0.045535714 [0.033333333, 0.058630952]	0.045238095 [0.032886905, 0.058035714]	0.042113095 [0.031101190, 0.054166667]	0.043154762 [0.031994048, 0.055208333]
ndcg_at_1	0.074107143 [0.054464286, 0.093750000]	0.065476190 [0.047909226, 0.083928571]	0.061904762 [0.045230655, 0.079464286]	0.054166667 [0.037500000, 0.071130952]	0.054761905 [0.038385417, 0.071428571]
ndcg_at_3	0.072781253 [0.057628423, 0.088023377]	0.067811979 [0.052602402, 0.082902296]	0.066180205 [0.051660039, 0.080407242]	0.061384610 [0.046710759, 0.076026809]	0.061313093 [0.046985050, 0.075783592]
ndcg_at_5	0.066771508 [0.052384541, 0.081337861]	0.068085950 [0.054983082, 0.081084123]	0.065124922 [0.052616254, 0.077401742]	0.062941593 [0.050646747, 0.075195640]	0.061558960 [0.049077896, 0.074054871]
ndcg_at_10	0.062987192 [0.050747800, 0.075540908]	0.058472115 [0.047790604, 0.069301452]	0.056486112 [0.046209164, 0.067132402]	0.051991431 [0.041759880, 0.062465782]	0.052134379 [0.041984461, 0.062802134]

COMPARISON C-LOGIT0.1: 23/23
FAILED: 
primary O
average_precision	0.029066500 [0.015678448, 0.042554657]
trapezoidal_pr_auc	0.028856176 [0.014606476, 0.043192158]
roc_auc	0.028589385 [0.019885649, 0.037549028]
recall_at_fpr_1pct	0.001250000 [-0.015416667, 0.017500000]
brier	-0.001128840 [-0.001531808, -0.000708162]
log_loss	-0.008328351 [-0.010077981, -0.006633924]
precision	-0.001984127 [-0.095619544, 0.091875992]
recall	0.018333333 [0.006666667, 0.030833333]
f1	0.026209402 [0.007117153, 0.046400116]
specificity	-0.001094041 [-0.001769088, -0.000465549]
balanced_accuracy	0.008619646 [0.002786022, 0.014903457]
mcc	0.020730213 [-0.006829401, 0.048109728]
map	0.033600721 [0.021667968, 0.045945754]
mrr	0.031673610 [0.019240702, 0.044372464]
recall_at_1	0.024851190 [0.009523810, 0.040029762]
recall_at_3	0.044494048 [0.029017857, 0.060119048]
recall_at_5	0.043303571 [0.027823661, 0.058779762]
recall_at_10	0.020684524 [0.005803571, 0.035565476]
ndcg_at_1	0.026785714 [0.007738095, 0.044947917]
ndcg_at_3	0.039502063 [0.025749148, 0.053531739]
ndcg_at_5	0.039413866 [0.027030509, 0.052410781]
ndcg_at_10	0.031658786 [0.020871918, 0.042730770]
primary N
average_precision	0.021355788 [0.009592721, 0.032235505]
trapezoidal_pr_auc	0.021807888 [0.009387267, 0.033340694]
roc_auc	0.017276536 [0.008904562, 0.025356436]
recall_at_fpr_1pct	0.000000000 [-0.018333333, 0.016677083]
brier	-0.000965823 [-0.001320394, -0.000599810]
log_loss	-0.005706639 [-0.007194539, -0.004119120]
precision	0.057053571 [-0.005072669, 0.125327133]
recall	0.011666667 [0.000833333, 0.022500000]
f1	0.019356903 [0.002446814, 0.036734230]
specificity	-0.000093110 [-0.000628492, 0.000465549]
balanced_accuracy	0.005786778 [0.000428014, 0.011273277]
mcc	0.024896040 [0.003780155, 0.047697007]
map	0.018201477 [0.006607568, 0.030012055]
mrr	0.017946607 [0.004599997, 0.031593919]
recall_at_1	0.016071429 [0.000595238, 0.031696429]
recall_at_3	0.023065476 [0.007738095, 0.038396577]
recall_at_5	0.031250000 [0.017113095, 0.044791667]
recall_at_10	0.005357143 [-0.008039435, 0.019047619]
ndcg_at_1	0.016071429 [-0.002380952, 0.034821429]
ndcg_at_3	0.020871986 [0.007352025, 0.034720450]
ndcg_at_5	0.024748690 [0.012731495, 0.036763853]
ndcg_at_10	0.015681332 [0.004615197, 0.026848474]
primary Z
average_precision	0.030226690 [0.015922841, 0.044250529]
trapezoidal_pr_auc	0.030760801 [0.015605121, 0.045455538]
roc_auc	0.021059125 [0.011335777, 0.030554236]
recall_at_fpr_1pct	0.007500000 [-0.015854167, 0.029166667]
brier	-0.001319478 [-0.001752010, -0.000887994]
log_loss	-0.006915743 [-0.008785412, -0.005039276]
precision	0.121884921 [0.031055060, 0.216132440]
recall	0.017500000 [0.000833333, 0.035000000]
f1	0.029473500 [0.003416203, 0.056660874]
specificity	0.000046555 [-0.000698324, 0.000791434]
balanced_accuracy	0.008773277 [0.000646590, 0.017407472]
mcc	0.043400818 [0.009308687, 0.078841158]
map	0.027616603 [0.012421212, 0.043378569]
mrr	0.029004393 [0.012151638, 0.047493546]
recall_at_1	0.029464286 [0.008928571, 0.050892857]
recall_at_3	0.024702381 [0.002976190, 0.046130952]
recall_at_5	0.037797619 [0.018452381, 0.056250000]
recall_at_10	0.014285714 [-0.001488095, 0.030952381]
ndcg_at_1	0.030952381 [0.005952381, 0.055952381]
ndcg_at_3	0.027921015 [0.009798188, 0.046535295]
ndcg_at_5	0.033908014 [0.017757760, 0.050945364]
ndcg_at_10	0.025954518 [0.012703528, 0.039899927]
primary final_all
average_precision	0.029453230 [0.017731862, 0.041006254]
trapezoidal_pr_auc	0.029491051 [0.017312474, 0.041535123]
roc_auc	0.026079299 [0.018915755, 0.033425725]
recall_at_fpr_1pct	0.003333333 [-0.011666667, 0.017784722]
brier	-0.001192386 [-0.001555278, -0.000833102]
log_loss	-0.007857481 [-0.009453958, -0.006329949]
precision	0.039305556 [-0.034232970, 0.116743552]
recall	0.018055556 [0.006666667, 0.030277778]
f1	0.027297435 [0.008870750, 0.046959545]
specificity	-0.000713842 [-0.001194910, -0.000248293]
balanced_accuracy	0.008670857 [0.002960545, 0.014776110]
mcc	0.028287081 [0.003926671, 0.054332622]
map	0.031606015 [0.020356635, 0.043648903]
mrr	0.030783871 [0.018572775, 0.043603250]
recall_at_1	0.026388889 [0.012197421, 0.041269841]
recall_at_3	0.037896825 [0.023412698, 0.052581845]
recall_at_5	0.041468254 [0.027777778, 0.055062004]
recall_at_10	0.018551587 [0.007338790, 0.029761905]
ndcg_at_1	0.028174603 [0.010912698, 0.045436508]
ndcg_at_3	0.035641713 [0.022888967, 0.049194968]
ndcg_at_5	0.037578582 [0.025518319, 0.050146432]
ndcg_at_10	0.029757363 [0.019520751, 0.040702596]
primary A2
average_precision	0.012484887 [-0.002560972, 0.026351256]
trapezoidal_pr_auc	0.012854975 [-0.003009860, 0.027610470]
roc_auc	0.013493948 [0.003276653, 0.023801909]
recall_at_fpr_1pct	-0.007500000 [-0.031666667, 0.014166667]
brier	-0.000612169 [-0.001031797, -0.000163801]
log_loss	-0.004497536 [-0.006147303, -0.002754364]
precision	-0.007777778 [-0.085284722, 0.075562500]
recall	0.005833333 [-0.005000000, 0.016666667]
f1	0.009240306 [-0.007621452, 0.026609311]
specificity	-0.000232775 [-0.000931099, 0.000465549]
balanced_accuracy	0.002800279 [-0.002500582, 0.008170391]
mcc	0.006391262 [-0.016355840, 0.030189983]
map	0.008786351 [-0.004040971, 0.021789915]
mrr	0.006888822 [-0.007773174, 0.021876520]
recall_at_1	0.002678571 [-0.015178571, 0.020535714]
recall_at_3	0.021428571 [0.002678571, 0.041071429]
recall_at_5	0.024702381 [0.007142857, 0.042559524]
recall_at_10	-0.003571429 [-0.023809524, 0.017559524]
ndcg_at_1	0.001190476 [-0.020833333, 0.022619048]
ndcg_at_3	0.013822956 [-0.001625944, 0.029587083]
ndcg_at_5	0.015589366 [0.001339441, 0.029970025]
ndcg_at_10	0.005408145 [-0.007278934, 0.018044993]
primary F_first
average_precision	-0.030159671 [-0.049299292, -0.011942113]
trapezoidal_pr_auc	-0.029829373 [-0.050318617, -0.010446871]
roc_auc	-0.026340782 [-0.038474395, -0.014486965]
recall_at_fpr_1pct	-0.016666667 [-0.046666667, 0.011666667]
brier	-0.000907446 [-0.001404612, -0.000412619]
log_loss	-0.006292244 [-0.008476216, -0.004109466]
precision	-0.053928571 [-0.201528770, 0.096947917]
recall	-0.026666667 [-0.045020833, -0.008333333]
f1	-0.041040343 [-0.071066260, -0.011835319]
specificity	0.001582868 [0.000743715, 0.002468575]
balanced_accuracy	-0.012541899 [-0.021892458, -0.003398510]
mcc	-0.040971797 [-0.081739881, -0.000048327]
map	-0.048467263 [-0.067091715, -0.030690850]
mrr	-0.045144332 [-0.063215247, -0.028104610]
recall_at_1	-0.044642857 [-0.068154762, -0.022023810]
recall_at_3	-0.054166667 [-0.077678571, -0.031540179]
recall_at_5	-0.065178571 [-0.091071429, -0.039880952]
recall_at_10	-0.041369048 [-0.068154762, -0.015773810]
ndcg_at_1	-0.048214286 [-0.075000000, -0.022023810]
ndcg_at_3	-0.051807207 [-0.073594620, -0.031265437]
ndcg_at_5	-0.056396370 [-0.076361845, -0.037357234]
ndcg_at_10	-0.048497116 [-0.064730776, -0.032699371]
primary F
average_precision	-0.028962928 [-0.042139054, -0.016715022]
trapezoidal_pr_auc	-0.028755755 [-0.042740185, -0.015789937]
roc_auc	-0.023112197 [-0.030809037, -0.015316399]
recall_at_fpr_1pct	-0.017083333 [-0.037916667, 0.003750000]
brier	-0.000919196 [-0.001293161, -0.000559643]
log_loss	-0.005853652 [-0.007363623, -0.004271827]
precision	-0.039960317 [-0.134100198, 0.058502232]
recall	-0.024166667 [-0.036666667, -0.012072917]
f1	-0.036391602 [-0.056762590, -0.016323714]
specificity	0.001303538 [0.000628492, 0.002001862]
balanced_accuracy	-0.011431564 [-0.017703678, -0.005272637]
mcc	-0.035707344 [-0.063515560, -0.007519229]
map	-0.037914144 [-0.050760823, -0.025745771]
mrr	-0.036941715 [-0.049393089, -0.024590341]
recall_at_1	-0.033035714 [-0.049851190, -0.017113095]
recall_at_3	-0.042261905 [-0.059672619, -0.024107143]
recall_at_5	-0.040773810 [-0.060119048, -0.021875000]
recall_at_10	-0.031101190 [-0.046428571, -0.016071429]
ndcg_at_1	-0.038095238 [-0.057440476, -0.019642857]
ndcg_at_3	-0.041683363 [-0.056173896, -0.027513928]
ndcg_at_5	-0.040831780 [-0.055017748, -0.027088422]
ndcg_at_10	-0.037789177 [-0.048512348, -0.027299863]
primary G
average_precision	0.009344912 [-0.002823240, 0.020830350]
trapezoidal_pr_auc	0.011426534 [-0.001621860, 0.024013944]
roc_auc	-0.003227421 [-0.011879772, 0.005466888]
recall_at_fpr_1pct	0.002500000 [-0.017500000, 0.022083333]
brier	0.000034377 [-0.000370847, 0.000431744]
log_loss	-0.000240099 [-0.001800449, 0.001278542]
precision	0.008373016 [-0.090697669, 0.111528770]
recall	-0.008333333 [-0.020833333, 0.003750000]
f1	-0.012707950 [-0.032976900, 0.006875904]
specificity	0.000442272 [-0.000372439, 0.001233706]
balanced_accuracy	-0.003945531 [-0.010220234, 0.002058950]
mcc	-0.009575039 [-0.039198048, 0.019932860]
map	-0.003804755 [-0.017734523, 0.009816014]
mrr	-0.003677073 [-0.020339349, 0.012873231]
recall_at_1	-0.001488095 [-0.019940476, 0.016223958]
recall_at_3	-0.006101190 [-0.023214286, 0.010863095]
recall_at_5	0.008928571 [-0.007738095, 0.025297619]
recall_at_10	-0.006250000 [-0.025148810, 0.012351190]
ndcg_at_1	-0.008630952 [-0.032440476, 0.014583333]
ndcg_at_3	-0.004969274 [-0.021684710, 0.011524898]
ndcg_at_5	0.001314441 [-0.013169591, 0.015527170]
ndcg_at_10	-0.004515077 [-0.017448840, 0.008173612]
raw O
average_precision	0.029066500 [0.015678448, 0.042554657]
trapezoidal_pr_auc	0.028856176 [0.014606476, 0.043192158]
roc_auc	0.028589385 [0.019885649, 0.037549028]
recall_at_fpr_1pct	0.001250000 [-0.015416667, 0.017500000]
brier	-0.000454323 [-0.000739381, -0.000179759]
log_loss	0.022422943 [0.018909754, 0.026066089]
precision	0.170833333 [0.091666667, 0.254166667]
recall	0.013333333 [0.006666667, 0.020833333]
f1	0.024378882 [0.012516234, 0.038133117]
specificity	-0.000116387 [-0.000209497, -0.000023277]
balanced_accuracy	0.006608473 [0.003286778, 0.010393680]
mcc	0.044915369 [0.023299099, 0.068126996]
map	0.033600721 [0.021667968, 0.045945754]
mrr	0.031673610 [0.019240702, 0.044372464]
recall_at_1	0.024851190 [0.009523810, 0.040029762]
recall_at_3	0.044494048 [0.029017857, 0.060119048]
recall_at_5	0.043303571 [0.027823661, 0.058779762]
recall_at_10	0.020684524 [0.005803571, 0.035565476]
ndcg_at_1	0.026785714 [0.007738095, 0.044947917]
ndcg_at_3	0.039502063 [0.025749148, 0.053531739]
ndcg_at_5	0.039413866 [0.027030509, 0.052410781]
ndcg_at_10	0.031658786 [0.020871918, 0.042730770]
raw N
average_precision	0.021355788 [0.009592721, 0.032235505]
trapezoidal_pr_auc	0.021807888 [0.009387267, 0.033340694]
roc_auc	0.017276536 [0.008904562, 0.025356436]
recall_at_fpr_1pct	0.000000000 [-0.018333333, 0.016677083]
brier	-0.000423232 [-0.000670904, -0.000185173]
log_loss	0.026012899 [0.022961560, 0.029130391]
precision	0.108333333 [0.058333333, 0.166666667]
recall	0.007083333 [0.003750000, 0.010833333]
f1	0.013203463 [0.006926407, 0.020129870]
specificity	-0.000046555 [-0.000116387, 0.000000000]
balanced_accuracy	0.003518389 [0.001816806, 0.005393389]
mcc	0.026425084 [0.013364903, 0.039893966]
map	0.018201477 [0.006607568, 0.030012055]
mrr	0.017946607 [0.004599997, 0.031593919]
recall_at_1	0.016071429 [0.000595238, 0.031696429]
recall_at_3	0.023065476 [0.007738095, 0.038396577]
recall_at_5	0.031250000 [0.017113095, 0.044791667]
recall_at_10	0.005357143 [-0.008039435, 0.019047619]
ndcg_at_1	0.016071429 [-0.002380952, 0.034821429]
ndcg_at_3	0.020871986 [0.007352025, 0.034720450]
ndcg_at_5	0.024748690 [0.012731495, 0.036763853]
ndcg_at_10	0.015681332 [0.004615197, 0.026848474]
raw Z
average_precision	0.030226690 [0.015922841, 0.044250529]
trapezoidal_pr_auc	0.030760801 [0.015605121, 0.045455538]
roc_auc	0.021059125 [0.011335777, 0.030554236]
recall_at_fpr_1pct	0.007500000 [-0.015854167, 0.029166667]
brier	-0.000428756 [-0.000776518, -0.000105524]
log_loss	0.025719233 [0.021959203, 0.029622291]
precision	0.116666667 [0.033333333, 0.200000000]
recall	0.006666667 [0.002500000, 0.011666667]
f1	0.012554113 [0.004617605, 0.021933622]
specificity	-0.000093110 [-0.000232775, 0.000000000]
balanced_accuracy	0.003286778 [0.001156890, 0.005810056]
mcc	0.026526920 [0.008571530, 0.045999254]
map	0.027616603 [0.012421212, 0.043378569]
mrr	0.029004393 [0.012151638, 0.047493546]
recall_at_1	0.029464286 [0.008928571, 0.050892857]
recall_at_3	0.024702381 [0.002976190, 0.046130952]
recall_at_5	0.037797619 [0.018452381, 0.056250000]
recall_at_10	0.014285714 [-0.001488095, 0.030952381]
ndcg_at_1	0.030952381 [0.005952381, 0.055952381]
ndcg_at_3	0.027921015 [0.009798188, 0.046535295]
ndcg_at_5	0.033908014 [0.017757760, 0.050945364]
ndcg_at_10	0.025954518 [0.012703528, 0.039899927]
raw final_all
average_precision	0.029453230 [0.017731862, 0.041006254]
trapezoidal_pr_auc	0.029491051 [0.017312474, 0.041535123]
roc_auc	0.026079299 [0.018915755, 0.033425725]
recall_at_fpr_1pct	0.003333333 [-0.011666667, 0.017784722]
brier	-0.000445801 [-0.000724758, -0.000177197]
log_loss	0.023521707 [0.020176040, 0.026824513]
precision	0.152777778 [0.086111111, 0.225000000]
recall	0.011111111 [0.005833333, 0.017500000]
f1	0.020437292 [0.010966210, 0.031657622]
specificity	-0.000108628 [-0.000201738, -0.000031037]
balanced_accuracy	0.005501241 [0.002877871, 0.008657084]
mcc	0.038785886 [0.021321084, 0.058490278]
map	0.031606015 [0.020356635, 0.043648903]
mrr	0.030783871 [0.018572775, 0.043603250]
recall_at_1	0.026388889 [0.012197421, 0.041269841]
recall_at_3	0.037896825 [0.023412698, 0.052581845]
recall_at_5	0.041468254 [0.027777778, 0.055062004]
recall_at_10	0.018551587 [0.007338790, 0.029761905]
ndcg_at_1	0.028174603 [0.010912698, 0.045436508]
ndcg_at_3	0.035641713 [0.022888967, 0.049194968]
ndcg_at_5	0.037578582 [0.025518319, 0.050146432]
ndcg_at_10	0.029757363 [0.019520751, 0.040702596]
raw A2
average_precision	0.012484887 [-0.002560972, 0.026351256]
trapezoidal_pr_auc	0.012854975 [-0.003009860, 0.027610470]
roc_auc	0.013493948 [0.003276653, 0.023801909]
recall_at_fpr_1pct	-0.007500000 [-0.031666667, 0.014166667]
brier	-0.000417707 [-0.000647296, -0.000185456]
log_loss	0.026306566 [0.023430292, 0.029297318]
precision	0.100000000 [0.033333333, 0.183333333]
recall	0.007500000 [0.002500000, 0.013333333]
f1	0.013852814 [0.004617605, 0.024531025]
specificity	0.000000000 [0.000000000, 0.000000000]
balanced_accuracy	0.003750000 [0.001250000, 0.006666667]
mcc	0.026323248 [0.008774416, 0.045992629]
map	0.008786351 [-0.004040971, 0.021789915]
mrr	0.006888822 [-0.007773174, 0.021876520]
recall_at_1	0.002678571 [-0.015178571, 0.020535714]
recall_at_3	0.021428571 [0.002678571, 0.041071429]
recall_at_5	0.024702381 [0.007142857, 0.042559524]
recall_at_10	-0.003571429 [-0.023809524, 0.017559524]
ndcg_at_1	0.001190476 [-0.020833333, 0.022619048]
ndcg_at_3	0.013822956 [-0.001625944, 0.029587083]
ndcg_at_5	0.015589366 [0.001339441, 0.029970025]
ndcg_at_10	0.005408145 [-0.007278934, 0.018044993]
raw F_first
average_precision	-0.030159671 [-0.049299292, -0.011942113]
trapezoidal_pr_auc	-0.029829373 [-0.050318617, -0.010446871]
roc_auc	-0.026340782 [-0.038474395, -0.014486965]
recall_at_fpr_1pct	-0.016666667 [-0.046666667, 0.011666667]
brier	-0.000586380 [-0.000901818, -0.000283625]
log_loss	-0.017624077 [-0.021424708, -0.013678378]
precision	-0.102777778 [-0.227777778, 0.033333333]
recall	-0.011666667 [-0.021666667, -0.001666667]
f1	-0.020882740 [-0.039505066, -0.003023715]
specificity	0.000000000 [-0.000186220, 0.000186220]
balanced_accuracy	-0.005833333 [-0.010950303, -0.000833333]
mcc	-0.033542387 [-0.066385229, 0.000256499]
map	-0.048467263 [-0.067091715, -0.030690850]
mrr	-0.045144332 [-0.063215247, -0.028104610]
recall_at_1	-0.044642857 [-0.068154762, -0.022023810]
recall_at_3	-0.054166667 [-0.077678571, -0.031540179]
recall_at_5	-0.065178571 [-0.091071429, -0.039880952]
recall_at_10	-0.041369048 [-0.068154762, -0.015773810]
ndcg_at_1	-0.048214286 [-0.075000000, -0.022023810]
ndcg_at_3	-0.051807207 [-0.073594620, -0.031265437]
ndcg_at_5	-0.056396370 [-0.076361845, -0.037357234]
ndcg_at_10	-0.048497116 [-0.064730776, -0.032699371]
raw F
average_precision	-0.028962928 [-0.042139054, -0.016715022]
trapezoidal_pr_auc	-0.028755755 [-0.042740185, -0.015789937]
roc_auc	-0.023112197 [-0.030809037, -0.015316399]
recall_at_fpr_1pct	-0.017083333 [-0.037916667, 0.003750000]
brier	-0.000376811 [-0.000624550, -0.000135909]
log_loss	-0.011912106 [-0.014475863, -0.009121956]
precision	-0.084722222 [-0.172222222, 0.002777778]
recall	-0.007083333 [-0.015416667, 0.000000000]
f1	-0.012831733 [-0.027465023, 0.000105833]
specificity	0.000046555 [-0.000069832, 0.000162942]
balanced_accuracy	-0.003518389 [-0.007673708, 0.000058194]
mcc	-0.022902613 [-0.047668857, 0.000705407]
map	-0.037914144 [-0.050760823, -0.025745771]
mrr	-0.036941715 [-0.049393089, -0.024590341]
recall_at_1	-0.033035714 [-0.049851190, -0.017113095]
recall_at_3	-0.042261905 [-0.059672619, -0.024107143]
recall_at_5	-0.040773810 [-0.060119048, -0.021875000]
recall_at_10	-0.031101190 [-0.046428571, -0.016071429]
ndcg_at_1	-0.038095238 [-0.057440476, -0.019642857]
ndcg_at_3	-0.041683363 [-0.056173896, -0.027513928]
ndcg_at_5	-0.040831780 [-0.055017748, -0.027088422]
ndcg_at_10	-0.037789177 [-0.048512348, -0.027299863]
raw G
average_precision	0.009344912 [-0.002823240, 0.020830350]
trapezoidal_pr_auc	0.011426534 [-0.001621860, 0.024013944]
roc_auc	-0.003227421 [-0.011879772, 0.005466888]
recall_at_fpr_1pct	0.002500000 [-0.017500000, 0.022083333]
brier	0.000208352 [0.000011713, 0.000414847]
log_loss	0.006327012 [0.003509338, 0.008910419]
precision	0.029166667 [-0.029166667, 0.087500000]
recall	0.000833333 [-0.003333333, 0.005000000]
f1	0.001821005 [-0.005764242, 0.009334180]
specificity	0.000116387 [0.000000000, 0.000232775]
balanced_accuracy	0.000474860 [-0.001585196, 0.002523277]
mcc	0.005918412 [-0.008254196, 0.020246781]
map	-0.003804755 [-0.017734523, 0.009816014]
mrr	-0.003677073 [-0.020339349, 0.012873231]
recall_at_1	-0.001488095 [-0.019940476, 0.016223958]
recall_at_3	-0.006101190 [-0.023214286, 0.010863095]
recall_at_5	0.008928571 [-0.007738095, 0.025297619]
recall_at_10	-0.006250000 [-0.025148810, 0.012351190]
ndcg_at_1	-0.008630952 [-0.032440476, 0.014583333]
ndcg_at_3	-0.004969274 [-0.021684710, 0.011524898]
ndcg_at_5	0.001314441 [-0.013169591, 0.015527170]
ndcg_at_10	-0.004515077 [-0.017448840, 0.008173612]
stage-cal O
average_precision	0.029066500 [0.015678448, 0.042554657]
trapezoidal_pr_auc	0.028856176 [0.014606476, 0.043192158]
roc_auc	0.028589385 [0.019885649, 0.037549028]
recall_at_fpr_1pct	0.001250000 [-0.015416667, 0.017500000]
brier	-0.001128840 [-0.001531808, -0.000708162]
log_loss	-0.008328351 [-0.010077981, -0.006633924]
precision	-0.001984127 [-0.095619544, 0.091875992]
recall	0.018333333 [0.006666667, 0.030833333]
f1	0.026209402 [0.007117153, 0.046400116]
specificity	-0.001094041 [-0.001769088, -0.000465549]
balanced_accuracy	0.008619646 [0.002786022, 0.014903457]
mcc	0.020730213 [-0.006829401, 0.048109728]
map	0.033600721 [0.021667968, 0.045945754]
mrr	0.031673610 [0.019240702, 0.044372464]
recall_at_1	0.024851190 [0.009523810, 0.040029762]
recall_at_3	0.044494048 [0.029017857, 0.060119048]
recall_at_5	0.043303571 [0.027823661, 0.058779762]
recall_at_10	0.020684524 [0.005803571, 0.035565476]
ndcg_at_1	0.026785714 [0.007738095, 0.044947917]
ndcg_at_3	0.039502063 [0.025749148, 0.053531739]
ndcg_at_5	0.039413866 [0.027030509, 0.052410781]
ndcg_at_10	0.031658786 [0.020871918, 0.042730770]
stage-cal N
average_precision	0.021355788 [0.009592721, 0.032235505]
trapezoidal_pr_auc	0.021807888 [0.009387267, 0.033340694]
roc_auc	0.017276536 [0.008904562, 0.025356436]
recall_at_fpr_1pct	0.000000000 [-0.018333333, 0.016677083]
brier	-0.000965823 [-0.001320394, -0.000599810]
log_loss	-0.005706639 [-0.007194539, -0.004119120]
precision	0.057053571 [-0.005072669, 0.125327133]
recall	0.011666667 [0.000833333, 0.022500000]
f1	0.019356903 [0.002446814, 0.036734230]
specificity	-0.000093110 [-0.000628492, 0.000465549]
balanced_accuracy	0.005786778 [0.000428014, 0.011273277]
mcc	0.024896040 [0.003780155, 0.047697007]
map	0.018201477 [0.006607568, 0.030012055]
mrr	0.017946607 [0.004599997, 0.031593919]
recall_at_1	0.016071429 [0.000595238, 0.031696429]
recall_at_3	0.023065476 [0.007738095, 0.038396577]
recall_at_5	0.031250000 [0.017113095, 0.044791667]
recall_at_10	0.005357143 [-0.008039435, 0.019047619]
ndcg_at_1	0.016071429 [-0.002380952, 0.034821429]
ndcg_at_3	0.020871986 [0.007352025, 0.034720450]
ndcg_at_5	0.024748690 [0.012731495, 0.036763853]
ndcg_at_10	0.015681332 [0.004615197, 0.026848474]
stage-cal Z
average_precision	0.030226690 [0.015922841, 0.044250529]
trapezoidal_pr_auc	0.030760801 [0.015605121, 0.045455538]
roc_auc	0.021059125 [0.011335777, 0.030554236]
recall_at_fpr_1pct	0.007500000 [-0.015854167, 0.029166667]
brier	-0.001319478 [-0.001752010, -0.000887994]
log_loss	-0.006915743 [-0.008785412, -0.005039276]
precision	0.121884921 [0.031055060, 0.216132440]
recall	0.017500000 [0.000833333, 0.035000000]
f1	0.029473500 [0.003416203, 0.056660874]
specificity	0.000046555 [-0.000698324, 0.000791434]
balanced_accuracy	0.008773277 [0.000646590, 0.017407472]
mcc	0.043400818 [0.009308687, 0.078841158]
map	0.027616603 [0.012421212, 0.043378569]
mrr	0.029004393 [0.012151638, 0.047493546]
recall_at_1	0.029464286 [0.008928571, 0.050892857]
recall_at_3	0.024702381 [0.002976190, 0.046130952]
recall_at_5	0.037797619 [0.018452381, 0.056250000]
recall_at_10	0.014285714 [-0.001488095, 0.030952381]
ndcg_at_1	0.030952381 [0.005952381, 0.055952381]
ndcg_at_3	0.027921015 [0.009798188, 0.046535295]
ndcg_at_5	0.033908014 [0.017757760, 0.050945364]
ndcg_at_10	0.025954518 [0.012703528, 0.039899927]
stage-cal final_all
average_precision	0.029453230 [0.017731862, 0.041006254]
trapezoidal_pr_auc	0.029491051 [0.017312474, 0.041535123]
roc_auc	0.026079299 [0.018915755, 0.033425725]
recall_at_fpr_1pct	0.003333333 [-0.011666667, 0.017784722]
brier	-0.001192386 [-0.001555278, -0.000833102]
log_loss	-0.007857481 [-0.009453958, -0.006329949]
precision	0.039305556 [-0.034232970, 0.116743552]
recall	0.018055556 [0.006666667, 0.030277778]
f1	0.027297435 [0.008870750, 0.046959545]
specificity	-0.000713842 [-0.001194910, -0.000248293]
balanced_accuracy	0.008670857 [0.002960545, 0.014776110]
mcc	0.028287081 [0.003926671, 0.054332622]
map	0.031606015 [0.020356635, 0.043648903]
mrr	0.030783871 [0.018572775, 0.043603250]
recall_at_1	0.026388889 [0.012197421, 0.041269841]
recall_at_3	0.037896825 [0.023412698, 0.052581845]
recall_at_5	0.041468254 [0.027777778, 0.055062004]
recall_at_10	0.018551587 [0.007338790, 0.029761905]
ndcg_at_1	0.028174603 [0.010912698, 0.045436508]
ndcg_at_3	0.035641713 [0.022888967, 0.049194968]
ndcg_at_5	0.037578582 [0.025518319, 0.050146432]
ndcg_at_10	0.029757363 [0.019520751, 0.040702596]
stage-cal A2
average_precision	0.012484887 [-0.002560972, 0.026351256]
trapezoidal_pr_auc	0.012854975 [-0.003009860, 0.027610470]
roc_auc	0.013493948 [0.003276653, 0.023801909]
recall_at_fpr_1pct	-0.007500000 [-0.031666667, 0.014166667]
brier	-0.000612169 [-0.001031797, -0.000163801]
log_loss	-0.004497536 [-0.006147303, -0.002754364]
precision	-0.007777778 [-0.085284722, 0.075562500]
recall	0.005833333 [-0.005000000, 0.016666667]
f1	0.009240306 [-0.007621452, 0.026609311]
specificity	-0.000232775 [-0.000931099, 0.000465549]
balanced_accuracy	0.002800279 [-0.002500582, 0.008170391]
mcc	0.006391262 [-0.016355840, 0.030189983]
map	0.008786351 [-0.004040971, 0.021789915]
mrr	0.006888822 [-0.007773174, 0.021876520]
recall_at_1	0.002678571 [-0.015178571, 0.020535714]
recall_at_3	0.021428571 [0.002678571, 0.041071429]
recall_at_5	0.024702381 [0.007142857, 0.042559524]
recall_at_10	-0.003571429 [-0.023809524, 0.017559524]
ndcg_at_1	0.001190476 [-0.020833333, 0.022619048]
ndcg_at_3	0.013822956 [-0.001625944, 0.029587083]
ndcg_at_5	0.015589366 [0.001339441, 0.029970025]
ndcg_at_10	0.005408145 [-0.007278934, 0.018044993]
stage-cal F_first
average_precision	-0.030159671 [-0.049299292, -0.011942113]
trapezoidal_pr_auc	-0.029829373 [-0.050318617, -0.010446871]
roc_auc	-0.026340782 [-0.038474395, -0.014486965]
recall_at_fpr_1pct	-0.016666667 [-0.046666667, 0.011666667]
brier	-0.000907446 [-0.001404612, -0.000412619]
log_loss	-0.006292244 [-0.008476216, -0.004109466]
precision	-0.053928571 [-0.201528770, 0.096947917]
recall	-0.026666667 [-0.045020833, -0.008333333]
f1	-0.041040343 [-0.071066260, -0.011835319]
specificity	0.001582868 [0.000743715, 0.002468575]
balanced_accuracy	-0.012541899 [-0.021892458, -0.003398510]
mcc	-0.040971797 [-0.081739881, -0.000048327]
map	-0.048467263 [-0.067091715, -0.030690850]
mrr	-0.045144332 [-0.063215247, -0.028104610]
recall_at_1	-0.044642857 [-0.068154762, -0.022023810]
recall_at_3	-0.054166667 [-0.077678571, -0.031540179]
recall_at_5	-0.065178571 [-0.091071429, -0.039880952]
recall_at_10	-0.041369048 [-0.068154762, -0.015773810]
ndcg_at_1	-0.048214286 [-0.075000000, -0.022023810]
ndcg_at_3	-0.051807207 [-0.073594620, -0.031265437]
ndcg_at_5	-0.056396370 [-0.076361845, -0.037357234]
ndcg_at_10	-0.048497116 [-0.064730776, -0.032699371]
stage-cal F
average_precision	-0.028962928 [-0.042139054, -0.016715022]
trapezoidal_pr_auc	-0.028755755 [-0.042740185, -0.015789937]
roc_auc	-0.023112197 [-0.030809037, -0.015316399]
recall_at_fpr_1pct	-0.017083333 [-0.037916667, 0.003750000]
brier	-0.000919196 [-0.001293161, -0.000559643]
log_loss	-0.005853652 [-0.007363623, -0.004271827]
precision	-0.039960317 [-0.134100198, 0.058502232]
recall	-0.024166667 [-0.036666667, -0.012072917]
f1	-0.036391602 [-0.056762590, -0.016323714]
specificity	0.001303538 [0.000628492, 0.002001862]
balanced_accuracy	-0.011431564 [-0.017703678, -0.005272637]
mcc	-0.035707344 [-0.063515560, -0.007519229]
map	-0.037914144 [-0.050760823, -0.025745771]
mrr	-0.036941715 [-0.049393089, -0.024590341]
recall_at_1	-0.033035714 [-0.049851190, -0.017113095]
recall_at_3	-0.042261905 [-0.059672619, -0.024107143]
recall_at_5	-0.040773810 [-0.060119048, -0.021875000]
recall_at_10	-0.031101190 [-0.046428571, -0.016071429]
ndcg_at_1	-0.038095238 [-0.057440476, -0.019642857]
ndcg_at_3	-0.041683363 [-0.056173896, -0.027513928]
ndcg_at_5	-0.040831780 [-0.055017748, -0.027088422]
ndcg_at_10	-0.037789177 [-0.048512348, -0.027299863]
stage-cal G
average_precision	0.009344912 [-0.002823240, 0.020830350]
trapezoidal_pr_auc	0.011426534 [-0.001621860, 0.024013944]
roc_auc	-0.003227421 [-0.011879772, 0.005466888]
recall_at_fpr_1pct	0.002500000 [-0.017500000, 0.022083333]
brier	0.000034377 [-0.000370847, 0.000431744]
log_loss	-0.000240099 [-0.001800449, 0.001278542]
precision	0.008373016 [-0.090697669, 0.111528770]
recall	-0.008333333 [-0.020833333, 0.003750000]
f1	-0.012707950 [-0.032976900, 0.006875904]
specificity	0.000442272 [-0.000372439, 0.001233706]
balanced_accuracy	-0.003945531 [-0.010220234, 0.002058950]
mcc	-0.009575039 [-0.039198048, 0.019932860]
map	-0.003804755 [-0.017734523, 0.009816014]
mrr	-0.003677073 [-0.020339349, 0.012873231]
recall_at_1	-0.001488095 [-0.019940476, 0.016223958]
recall_at_3	-0.006101190 [-0.023214286, 0.010863095]
recall_at_5	0.008928571 [-0.007738095, 0.025297619]
recall_at_10	-0.006250000 [-0.025148810, 0.012351190]
ndcg_at_1	-0.008630952 [-0.032440476, 0.014583333]
ndcg_at_3	-0.004969274 [-0.021684710, 0.011524898]
ndcg_at_5	0.001314441 [-0.013169591, 0.015527170]
ndcg_at_10	-0.004515077 [-0.017448840, 0.008173612]
first-cal O
average_precision	0.029066500 [0.015678448, 0.042554657]
trapezoidal_pr_auc	0.028856176 [0.014606476, 0.043192158]
roc_auc	0.028589385 [0.019885649, 0.037549028]
recall_at_fpr_1pct	0.001250000 [-0.015416667, 0.017500000]
brier	-0.001110561 [-0.001537781, -0.000675438]
log_loss	-0.009376682 [-0.011291047, -0.007513670]
precision	-0.005148810 [-0.095099950, 0.083687252]
recall	0.002916667 [-0.008333333, 0.014166667]
f1	0.003864795 [-0.014489445, 0.022403732]
specificity	-0.000302607 [-0.000977654, 0.000349162]
balanced_accuracy	0.001307030 [-0.004294722, 0.007038233]
mcc	0.002219011 [-0.024507243, 0.028997039]
map	0.033600721 [0.021667968, 0.045945754]
mrr	0.031673610 [0.019240702, 0.044372464]
recall_at_1	0.024851190 [0.009523810, 0.040029762]
recall_at_3	0.044494048 [0.029017857, 0.060119048]
recall_at_5	0.043303571 [0.027823661, 0.058779762]
recall_at_10	0.020684524 [0.005803571, 0.035565476]
ndcg_at_1	0.026785714 [0.007738095, 0.044947917]
ndcg_at_3	0.039502063 [0.025749148, 0.053531739]
ndcg_at_5	0.039413866 [0.027030509, 0.052410781]
ndcg_at_10	0.031658786 [0.020871918, 0.042730770]
first-cal N
average_precision	0.021355788 [0.009592721, 0.032235505]
trapezoidal_pr_auc	0.021807888 [0.009387267, 0.033340694]
roc_auc	0.017276536 [0.008904562, 0.025356436]
recall_at_fpr_1pct	0.000000000 [-0.018333333, 0.016677083]
brier	-0.001004340 [-0.001378545, -0.000613996]
log_loss	-0.006458469 [-0.008086262, -0.004724384]
precision	0.077668651 [0.005605241, 0.152681465]
recall	0.010000000 [-0.001666667, 0.022083333]
f1	0.018256362 [0.000133105, 0.037075687]
specificity	0.000791434 [0.000256052, 0.001326816]
balanced_accuracy	0.005395717 [-0.000425978, 0.011287506]
mcc	0.028826023 [0.005430247, 0.052523073]
map	0.018201477 [0.006607568, 0.030012055]
mrr	0.017946607 [0.004599997, 0.031593919]
recall_at_1	0.016071429 [0.000595238, 0.031696429]
recall_at_3	0.023065476 [0.007738095, 0.038396577]
recall_at_5	0.031250000 [0.017113095, 0.044791667]
recall_at_10	0.005357143 [-0.008039435, 0.019047619]
ndcg_at_1	0.016071429 [-0.002380952, 0.034821429]
ndcg_at_3	0.020871986 [0.007352025, 0.034720450]
ndcg_at_5	0.024748690 [0.012731495, 0.036763853]
ndcg_at_10	0.015681332 [0.004615197, 0.026848474]
first-cal Z
average_precision	0.030226690 [0.015922841, 0.044250529]
trapezoidal_pr_auc	0.030760801 [0.015605121, 0.045455538]
roc_auc	0.021059125 [0.011335777, 0.030554236]
recall_at_fpr_1pct	0.007500000 [-0.015854167, 0.029166667]
brier	-0.001476120 [-0.001957955, -0.000976067]
log_loss	-0.007967688 [-0.009944072, -0.005942187]
precision	0.184662698 [0.083396660, 0.286177910]
recall	0.015000000 [-0.001666667, 0.031666667]
f1	0.029181757 [0.003512460, 0.055816940]
specificity	0.001675978 [0.000884544, 0.002420857]
balanced_accuracy	0.008337989 [0.000073964, 0.016788291]
mcc	0.055337183 [0.021745217, 0.089967138]
map	0.027616603 [0.012421212, 0.043378569]
mrr	0.029004393 [0.012151638, 0.047493546]
recall_at_1	0.029464286 [0.008928571, 0.050892857]
recall_at_3	0.024702381 [0.002976190, 0.046130952]
recall_at_5	0.037797619 [0.018452381, 0.056250000]
recall_at_10	0.014285714 [-0.001488095, 0.030952381]
ndcg_at_1	0.030952381 [0.005952381, 0.055952381]
ndcg_at_3	0.027921015 [0.009798188, 0.046535295]
ndcg_at_5	0.033908014 [0.017757760, 0.050945364]
ndcg_at_10	0.025954518 [0.012703528, 0.039899927]
first-cal final_all
average_precision	0.029453230 [0.017731862, 0.041006254]
trapezoidal_pr_auc	0.029491051 [0.017312474, 0.041535123]
roc_auc	0.026079299 [0.018915755, 0.033425725]
recall_at_fpr_1pct	0.003333333 [-0.011666667, 0.017784722]
brier	-0.001232414 [-0.001614672, -0.000851575]
log_loss	-0.008907017 [-0.010581565, -0.007249678]
precision	0.058121693 [-0.022293926, 0.138414297]
recall	0.006944444 [-0.003888889, 0.018333333]
f1	0.012303783 [-0.004892146, 0.030678667]
specificity	0.000356921 [-0.000170701, 0.000884544]
balanced_accuracy	0.003650683 [-0.001667443, 0.009314479]
mcc	0.019925068 [-0.004829622, 0.044932963]
map	0.031606015 [0.020356635, 0.043648903]
mrr	0.030783871 [0.018572775, 0.043603250]
recall_at_1	0.026388889 [0.012197421, 0.041269841]
recall_at_3	0.037896825 [0.023412698, 0.052581845]
recall_at_5	0.041468254 [0.027777778, 0.055062004]
recall_at_10	0.018551587 [0.007338790, 0.029761905]
ndcg_at_1	0.028174603 [0.010912698, 0.045436508]
ndcg_at_3	0.035641713 [0.022888967, 0.049194968]
ndcg_at_5	0.037578582 [0.025518319, 0.050146432]
ndcg_at_10	0.029757363 [0.019520751, 0.040702596]
first-cal A2
average_precision	0.012484887 [-0.002560972, 0.026351256]
trapezoidal_pr_auc	0.012854975 [-0.003009860, 0.027610470]
roc_auc	0.013493948 [0.003276653, 0.023801909]
recall_at_fpr_1pct	-0.007500000 [-0.031666667, 0.014166667]
brier	-0.000532560 [-0.000998190, -0.000058923]
log_loss	-0.004949250 [-0.006822658, -0.002982751]
precision	-0.029325397 [-0.135913690, 0.076985119]
recall	0.005000000 [-0.008333333, 0.017500000]
f1	0.007330967 [-0.013215854, 0.027341979]
specificity	-0.000093110 [-0.000744879, 0.000605214]
balanced_accuracy	0.002453445 [-0.004029330, 0.008726723]
mcc	0.002314864 [-0.027393064, 0.031592006]
map	0.008786351 [-0.004040971, 0.021789915]
mrr	0.006888822 [-0.007773174, 0.021876520]
recall_at_1	0.002678571 [-0.015178571, 0.020535714]
recall_at_3	0.021428571 [0.002678571, 0.041071429]
recall_at_5	0.024702381 [0.007142857, 0.042559524]
recall_at_10	-0.003571429 [-0.023809524, 0.017559524]
ndcg_at_1	0.001190476 [-0.020833333, 0.022619048]
ndcg_at_3	0.013822956 [-0.001625944, 0.029587083]
ndcg_at_5	0.015589366 [0.001339441, 0.029970025]
ndcg_at_10	0.005408145 [-0.007278934, 0.018044993]
first-cal F_first
average_precision	-0.030159671 [-0.049299292, -0.011942113]
trapezoidal_pr_auc	-0.029829373 [-0.050318617, -0.010446871]
roc_auc	-0.026340782 [-0.038474395, -0.014486965]
recall_at_fpr_1pct	-0.016666667 [-0.046666667, 0.011666667]
brier	-0.001016966 [-0.001527773, -0.000519418]
log_loss	-0.007400828 [-0.009731585, -0.005098227]
precision	-0.091428571 [-0.242699405, 0.060814484]
recall	-0.009166667 [-0.027520833, 0.009166667]
f1	-0.019948784 [-0.049168948, 0.009164043]
specificity	0.000418994 [-0.000372439, 0.001210428]
balanced_accuracy	-0.004373836 [-0.013703969, 0.004979050]
mcc	-0.031729658 [-0.072827292, 0.009343284]
map	-0.048467263 [-0.067091715, -0.030690850]
mrr	-0.045144332 [-0.063215247, -0.028104610]
recall_at_1	-0.044642857 [-0.068154762, -0.022023810]
recall_at_3	-0.054166667 [-0.077678571, -0.031540179]
recall_at_5	-0.065178571 [-0.091071429, -0.039880952]
recall_at_10	-0.041369048 [-0.068154762, -0.015773810]
ndcg_at_1	-0.048214286 [-0.075000000, -0.022023810]
ndcg_at_3	-0.051807207 [-0.073594620, -0.031265437]
ndcg_at_5	-0.056396370 [-0.076361845, -0.037357234]
ndcg_at_10	-0.048497116 [-0.064730776, -0.032699371]
first-cal F
average_precision	-0.028962928 [-0.042139054, -0.016715022]
trapezoidal_pr_auc	-0.028755755 [-0.042740185, -0.015789937]
roc_auc	-0.023112197 [-0.030809037, -0.015316399]
recall_at_fpr_1pct	-0.017083333 [-0.037916667, 0.003750000]
brier	-0.000940721 [-0.001315200, -0.000596338]
log_loss	-0.006676127 [-0.008254342, -0.005004738]
precision	-0.047569444 [-0.137884921, 0.043241319]
recall	-0.009166667 [-0.020833333, 0.002083333]
f1	-0.015001664 [-0.033919152, 0.003252304]
specificity	0.000581937 [0.000023277, 0.001163873]
balanced_accuracy	-0.004292365 [-0.010171118, 0.001390858]
mcc	-0.019234341 [-0.045485150, 0.006619560]
map	-0.037914144 [-0.050760823, -0.025745771]
mrr	-0.036941715 [-0.049393089, -0.024590341]
recall_at_1	-0.033035714 [-0.049851190, -0.017113095]
recall_at_3	-0.042261905 [-0.059672619, -0.024107143]
recall_at_5	-0.040773810 [-0.060119048, -0.021875000]
recall_at_10	-0.031101190 [-0.046428571, -0.016071429]
ndcg_at_1	-0.038095238 [-0.057440476, -0.019642857]
ndcg_at_3	-0.041683363 [-0.056173896, -0.027513928]
ndcg_at_5	-0.040831780 [-0.055017748, -0.027088422]
ndcg_at_10	-0.037789177 [-0.048512348, -0.027299863]
first-cal G
average_precision	0.009344912 [-0.002823240, 0.020830350]
trapezoidal_pr_auc	0.011426534 [-0.001621860, 0.024013944]
roc_auc	-0.003227421 [-0.011879772, 0.005466888]
recall_at_fpr_1pct	0.002500000 [-0.017500000, 0.022083333]
brier	0.000211479 [-0.000166532, 0.000591624]
log_loss	0.000815839 [-0.000881091, 0.002431844]
precision	0.043478836 [-0.049432953, 0.138678489]
recall	-0.005833333 [-0.020000000, 0.007916667]
f1	-0.007734774 [-0.029841527, 0.014148756]
specificity	0.001140596 [0.000442272, 0.001838920]
balanced_accuracy	-0.002346369 [-0.009349686, 0.004504801]
mcc	0.001046765 [-0.028692378, 0.031549832]
map	-0.003804755 [-0.017734523, 0.009816014]
mrr	-0.003677073 [-0.020339349, 0.012873231]
recall_at_1	-0.001488095 [-0.019940476, 0.016223958]
recall_at_3	-0.006101190 [-0.023214286, 0.010863095]
recall_at_5	0.008928571 [-0.007738095, 0.025297619]
recall_at_10	-0.006250000 [-0.025148810, 0.012351190]
ndcg_at_1	-0.008630952 [-0.032440476, 0.014583333]
ndcg_at_3	-0.004969274 [-0.021684710, 0.011524898]
ndcg_at_5	0.001314441 [-0.013169591, 0.015527170]
ndcg_at_10	-0.004515077 [-0.017448840, 0.008173612]

COMPARISON C-S: 16/23
FAILED: old_map_improves, old_map_interval_above_zero, old_recall5_improves, O_brier_non_degradation, O_log_loss_non_degradation, Z_average_precision_non_degradation, Z_brier_non_degradation
primary O
average_precision	0.001464363 [-0.000602660, 0.003582833]
trapezoidal_pr_auc	0.001377343 [-0.000843656, 0.003628368]
roc_auc	0.000361383 [-0.000767618, 0.001545813]
recall_at_fpr_1pct	-0.000833333 [-0.007500000, 0.005416667]
brier	0.000004899 [-0.000047561, 0.000058623]
log_loss	0.000008231 [-0.000195641, 0.000224542]
precision	-0.002427850 [-0.038447285, 0.033008838]
recall	-0.004166667 [-0.008750000, 0.000416667]
f1	-0.007131882 [-0.014200792, -0.000189110]
specificity	-0.000069832 [-0.000302607, 0.000139665]
balanced_accuracy	-0.002118250 [-0.004328445, 0.000161778]
mcc	-0.007176605 [-0.017481620, 0.002445201]
map	-0.000138641 [-0.002386895, 0.002137304]
mrr	-0.000549348 [-0.003499305, 0.002340993]
recall_at_1	-0.000892857 [-0.004613095, 0.002976190]
recall_at_3	0.002529762 [-0.001934524, 0.006845238]
recall_at_5	-0.000148810 [-0.004910714, 0.004319196]
recall_at_10	-0.000595238 [-0.005357143, 0.004315476]
ndcg_at_1	-0.001488095 [-0.006845238, 0.003869048]
ndcg_at_3	0.000820215 [-0.001977560, 0.003635843]
ndcg_at_5	-0.000267155 [-0.002861414, 0.002268685]
ndcg_at_10	-0.000332355 [-0.002971430, 0.002333711]
primary N
average_precision	0.000394072 [-0.001618759, 0.002458344]
trapezoidal_pr_auc	0.000215289 [-0.002133141, 0.002586673]
roc_auc	0.000718110 [-0.000247905, 0.001721456]
recall_at_fpr_1pct	0.000416667 [-0.005833333, 0.006250000]
brier	-0.000019399 [-0.000065456, 0.000025402]
log_loss	-0.000152559 [-0.000330788, 0.000020260]
precision	0.009027778 [-0.003433036, 0.023472222]
recall	0.001250000 [-0.002083333, 0.004583333]
f1	0.001953548 [-0.003422838, 0.007341002]
specificity	0.000069832 [-0.000093110, 0.000232775]
balanced_accuracy	0.000659916 [-0.001006750, 0.002338222]
mcc	0.003012592 [-0.003029325, 0.008957708]
map	0.001436913 [-0.001073075, 0.004035807]
mrr	0.001578617 [-0.001585912, 0.004660112]
recall_at_1	0.001785714 [-0.002529762, 0.006101190]
recall_at_3	0.001785714 [-0.002529762, 0.006250000]
recall_at_5	0.001934524 [-0.002232143, 0.006398810]
recall_at_10	0.002083333 [-0.001934524, 0.005952381]
ndcg_at_1	0.001190476 [-0.004166667, 0.006250000]
ndcg_at_3	0.001486328 [-0.001653206, 0.004773590]
ndcg_at_5	0.001781129 [-0.001057081, 0.004678794]
ndcg_at_10	0.001859900 [-0.000650469, 0.004395917]
primary Z
average_precision	-0.000247234 [-0.003664327, 0.003048912]
trapezoidal_pr_auc	-0.000281171 [-0.004329929, 0.003665570]
roc_auc	0.000665736 [-0.000831064, 0.002192737]
recall_at_fpr_1pct	-0.000833333 [-0.009166667, 0.006666667]
brier	0.000001367 [-0.000067773, 0.000071388]
log_loss	-0.000087788 [-0.000354115, 0.000195372]
precision	0.010000000 [-0.009726190, 0.031309524]
recall	0.003333333 [-0.001666667, 0.009166667]
f1	0.005135435 [-0.003520406, 0.014363090]
specificity	0.000093110 [-0.000186220, 0.000372439]
balanced_accuracy	0.001713222 [-0.000903166, 0.004629888]
mcc	0.006211870 [-0.003880400, 0.016516124]
map	0.001975931 [-0.001948182, 0.005965597]
mrr	0.001886890 [-0.003271433, 0.006919897]
recall_at_1	0.003869048 [-0.003273810, 0.011316964]
recall_at_3	-0.001488095 [-0.008035714, 0.005059524]
recall_at_5	0.000595238 [-0.006845238, 0.007738095]
recall_at_10	0.003869048 [-0.002083333, 0.010119048]
ndcg_at_1	0.002976190 [-0.006547619, 0.012500000]
ndcg_at_3	0.000363363 [-0.004252199, 0.005139709]
ndcg_at_5	0.001730406 [-0.002722121, 0.006165270]
ndcg_at_10	0.002780864 [-0.001232987, 0.006905830]
primary final_all
average_precision	0.000893831 [-0.000877975, 0.002755167]
trapezoidal_pr_auc	0.000824505 [-0.001194510, 0.002955516]
roc_auc	0.000462834 [-0.000499331, 0.001430817]
recall_at_fpr_1pct	-0.000833333 [-0.006388889, 0.004166667]
brier	0.000003722 [-0.000042705, 0.000049596]
log_loss	-0.000023775 [-0.000207866, 0.000162175]
precision	0.001714767 [-0.022329786, 0.025448894]
recall	-0.001666667 [-0.005277778, 0.002222222]
f1	-0.003042776 [-0.008817243, 0.002874978]
specificity	-0.000015518 [-0.000186220, 0.000139665]
balanced_accuracy	-0.000841092 [-0.002638889, 0.001025760]
mcc	-0.002713780 [-0.010034609, 0.004608246]
map	0.000566216 [-0.001368031, 0.002629215]
mrr	0.000262731 [-0.002445586, 0.002925107]
recall_at_1	0.000694444 [-0.002777778, 0.004464286]
recall_at_3	0.001190476 [-0.002777778, 0.005257937]
recall_at_5	0.000099206 [-0.003869048, 0.003769841]
recall_at_10	0.000892857 [-0.002777778, 0.004464286]
ndcg_at_1	0.000000000 [-0.004761905, 0.004960317]
ndcg_at_3	0.000667931 [-0.001843414, 0.003347839]
ndcg_at_5	0.000398698 [-0.001824503, 0.002579123]
ndcg_at_10	0.000705385 [-0.001453437, 0.002978051]
primary A2
average_precision	0.001035378 [-0.001158266, 0.003242840]
trapezoidal_pr_auc	0.000711749 [-0.001766485, 0.003150192]
roc_auc	0.000770484 [-0.000349162, 0.001897172]
recall_at_fpr_1pct	0.001666667 [-0.005833333, 0.008333333]
brier	-0.000040164 [-0.000081649, 0.000004102]
log_loss	-0.000217330 [-0.000381948, -0.000058083]
precision	0.008055556 [-0.006388889, 0.028618056]
recall	-0.000833333 [-0.003333333, 0.001666667]
f1	-0.001228339 [-0.005779723, 0.002641885]
specificity	0.000046555 [-0.000093110, 0.000186220]
balanced_accuracy	-0.000393389 [-0.001713222, 0.000879888]
mcc	-0.000186687 [-0.005483719, 0.004794310]
map	0.000897895 [-0.001931235, 0.003785404]
mrr	0.001270345 [-0.001910525, 0.004505563]
recall_at_1	-0.000297619 [-0.004464286, 0.003571429]
recall_at_3	0.005059524 [-0.000297619, 0.011309524]
recall_at_5	0.003273810 [-0.000595238, 0.007440476]
recall_at_10	0.000297619 [-0.005059524, 0.005654762]
ndcg_at_1	-0.000595238 [-0.005357143, 0.003571429]
ndcg_at_3	0.002609294 [-0.001040197, 0.006709487]
ndcg_at_5	0.001831852 [-0.001067170, 0.004959472]
ndcg_at_10	0.000938935 [-0.001784463, 0.003657747]
primary F_first
average_precision	-0.002122940 [-0.004865263, 0.000685784]
trapezoidal_pr_auc	-0.001878214 [-0.004624777, 0.000983642]
roc_auc	0.000247905 [-0.001282850, 0.001733066]
recall_at_fpr_1pct	-0.001666667 [-0.008333333, 0.005000000]
brier	-0.000018690 [-0.000109351, 0.000074014]
log_loss	0.000005549 [-0.000298373, 0.000316525]
precision	-0.025739538 [-0.072142857, 0.010121122]
recall	0.000000000 [-0.005000000, 0.005000000]
f1	-0.000010807 [-0.007613819, 0.007543949]
specificity	0.000093110 [-0.000186220, 0.000418994]
balanced_accuracy	0.000046555 [-0.002430168, 0.002500582]
mcc	-0.002873239 [-0.014034918, 0.006767722]
map	0.001943621 [-0.001532796, 0.005348880]
mrr	0.001820530 [-0.001997484, 0.005482085]
recall_at_1	0.001785714 [-0.003869048, 0.007142857]
recall_at_3	0.001488095 [-0.004464286, 0.007440476]
recall_at_5	0.003869048 [-0.003571429, 0.011607143]
recall_at_10	-0.003273810 [-0.010119048, 0.002976190]
ndcg_at_1	0.002380952 [-0.004761905, 0.008928571]
ndcg_at_3	0.002117016 [-0.002060397, 0.006453612]
ndcg_at_5	0.002925947 [-0.001229234, 0.007352645]
ndcg_at_10	0.000464059 [-0.003098082, 0.004052959]
primary F
average_precision	-0.000946674 [-0.003079355, 0.001192855]
trapezoidal_pr_auc	-0.001021468 [-0.003356872, 0.001332790]
roc_auc	0.000023859 [-0.001104574, 0.001113318]
recall_at_fpr_1pct	0.001666667 [-0.005833333, 0.009166667]
brier	0.000024981 [-0.000028074, 0.000082734]
log_loss	0.000116896 [-0.000084985, 0.000326549]
precision	0.006455628 [-0.028911030, 0.043075893]
recall	0.003750000 [-0.001250000, 0.008333333]
f1	0.006517712 [-0.001037559, 0.013911180]
specificity	0.000093110 [-0.000116387, 0.000325885]
balanced_accuracy	0.001921555 [-0.000555168, 0.004201583]
mcc	0.007083262 [-0.003066160, 0.017834948]
map	0.000587589 [-0.002067150, 0.003164223]
mrr	0.001184521 [-0.002230818, 0.004486235]
recall_at_1	0.000744048 [-0.003571429, 0.004761905]
recall_at_3	-0.000000000 [-0.005059524, 0.005059524]
recall_at_5	0.001785714 [-0.003422619, 0.007291667]
recall_at_10	0.000744048 [-0.004613095, 0.005952381]
ndcg_at_1	0.001190476 [-0.004761905, 0.006845238]
ndcg_at_3	0.000484432 [-0.002690660, 0.003661566]
ndcg_at_5	0.001183081 [-0.001881081, 0.004230748]
ndcg_at_10	0.000801822 [-0.001898308, 0.003524210]
primary G
average_precision	0.001482265 [-0.000649354, 0.003619110]
trapezoidal_pr_auc	0.001285642 [-0.001177307, 0.003738932]
roc_auc	0.000732076 [-0.000256227, 0.001772666]
recall_at_fpr_1pct	0.002083333 [-0.004166667, 0.007916667]
brier	0.000028480 [-0.000016102, 0.000074579]
log_loss	0.000188011 [0.000017391, 0.000361003]
precision	0.009166667 [-0.009821429, 0.029682540]
recall	0.001666667 [-0.002083333, 0.005416667]
f1	0.002374601 [-0.003470657, 0.008191354]
specificity	0.000069832 [-0.000139665, 0.000302607]
balanced_accuracy	0.000868250 [-0.000971834, 0.002708333]
mcc	0.003160876 [-0.004019620, 0.010230440]
map	0.002294613 [-0.000268049, 0.004974114]
mrr	0.002582079 [-0.000724470, 0.005920237]
recall_at_1	0.003571429 [-0.000892857, 0.008184524]
recall_at_3	0.000446429 [-0.005208333, 0.006101190]
recall_at_5	0.003125000 [-0.002083333, 0.008482143]
recall_at_10	0.000297619 [-0.004166667, 0.004616815]
ndcg_at_1	0.003571429 [-0.002083333, 0.009226190]
ndcg_at_3	0.001631774 [-0.001810498, 0.005434448]
ndcg_at_5	0.002961028 [0.000003203, 0.005932989]
ndcg_at_10	0.001986002 [-0.000445383, 0.004539417]
raw O
average_precision	0.001464363 [-0.000602660, 0.003582833]
trapezoidal_pr_auc	0.001377343 [-0.000843656, 0.003628368]
roc_auc	0.000361383 [-0.000767618, 0.001545813]
recall_at_fpr_1pct	-0.000833333 [-0.007500000, 0.005416667]
brier	0.000052915 [0.000026472, 0.000079686]
log_loss	0.001342983 [0.001022701, 0.001657980]
precision	-0.016666667 [-0.041666667, 0.000000000]
recall	-0.001250000 [-0.002500000, 0.000000000]
f1	-0.002191166 [-0.004606625, 0.000000000]
specificity	0.000023277 [0.000000000, 0.000069832]
balanced_accuracy	-0.000613361 [-0.001250000, 0.000011639]
mcc	-0.004022922 [-0.009470405, 0.000101443]
map	-0.000138641 [-0.002386895, 0.002137304]
mrr	-0.000549348 [-0.003499305, 0.002340993]
recall_at_1	-0.000892857 [-0.004613095, 0.002976190]
recall_at_3	0.002529762 [-0.001934524, 0.006845238]
recall_at_5	-0.000148810 [-0.004910714, 0.004319196]
recall_at_10	-0.000595238 [-0.005357143, 0.004315476]
ndcg_at_1	-0.001488095 [-0.006845238, 0.003869048]
ndcg_at_3	0.000820215 [-0.001977560, 0.003635843]
ndcg_at_5	-0.000267155 [-0.002861414, 0.002268685]
ndcg_at_10	-0.000332355 [-0.002971430, 0.002333711]
raw N
average_precision	0.000394072 [-0.001618759, 0.002458344]
trapezoidal_pr_auc	0.000215289 [-0.002133141, 0.002586673]
roc_auc	0.000718110 [-0.000247905, 0.001721456]
recall_at_fpr_1pct	0.000416667 [-0.005833333, 0.006250000]
brier	-0.000008536 [-0.000031998, 0.000015710]
log_loss	0.000225018 [-0.000048602, 0.000508961]
precision	0.011111111 [0.000000000, 0.030555556]
recall	0.000416667 [0.000000000, 0.001250000]
f1	0.000859527 [0.000000000, 0.002512705]
specificity	0.000000000 [-0.000069832, 0.000069832]
balanced_accuracy	0.000208333 [-0.000023277, 0.000648277]
mcc	0.002242168 [-0.000202886, 0.006503050]
map	0.001436913 [-0.001073075, 0.004035807]
mrr	0.001578617 [-0.001585912, 0.004660112]
recall_at_1	0.001785714 [-0.002529762, 0.006101190]
recall_at_3	0.001785714 [-0.002529762, 0.006250000]
recall_at_5	0.001934524 [-0.002232143, 0.006398810]
recall_at_10	0.002083333 [-0.001934524, 0.005952381]
ndcg_at_1	0.001190476 [-0.004166667, 0.006250000]
ndcg_at_3	0.001486328 [-0.001653206, 0.004773590]
ndcg_at_5	0.001781129 [-0.001057081, 0.004678794]
ndcg_at_10	0.001859900 [-0.000650469, 0.004395917]
raw Z
average_precision	-0.000247234 [-0.003664327, 0.003048912]
trapezoidal_pr_auc	-0.000281171 [-0.004329929, 0.003665570]
roc_auc	0.000665736 [-0.000831064, 0.002192737]
recall_at_fpr_1pct	-0.000833333 [-0.009166667, 0.006666667]
brier	0.000003218 [-0.000035804, 0.000045268]
log_loss	0.001066773 [0.000628700, 0.001511105]
precision	0.016666667 [0.000000000, 0.050000000]
recall	0.000833333 [0.000000000, 0.002500000]
f1	0.001587302 [0.000000000, 0.004761905]
specificity	-0.000046555 [-0.000139665, 0.000000000]
balanced_accuracy	0.000393389 [-0.000069832, 0.001250000]
mcc	0.003428769 [-0.000608657, 0.010894965]
map	0.001975931 [-0.001948182, 0.005965597]
mrr	0.001886890 [-0.003271433, 0.006919897]
recall_at_1	0.003869048 [-0.003273810, 0.011316964]
recall_at_3	-0.001488095 [-0.008035714, 0.005059524]
recall_at_5	0.000595238 [-0.006845238, 0.007738095]
recall_at_10	0.003869048 [-0.002083333, 0.010119048]
ndcg_at_1	0.002976190 [-0.006547619, 0.012500000]
ndcg_at_3	0.000363363 [-0.004252199, 0.005139709]
ndcg_at_5	0.001730406 [-0.002722121, 0.006165270]
ndcg_at_10	0.002780864 [-0.001232987, 0.006905830]
raw final_all
average_precision	0.000893831 [-0.000877975, 0.002755167]
trapezoidal_pr_auc	0.000824505 [-0.001194510, 0.002955516]
roc_auc	0.000462834 [-0.000499331, 0.001430817]
recall_at_fpr_1pct	-0.000833333 [-0.006388889, 0.004166667]
brier	0.000036349 [0.000012138, 0.000061108]
log_loss	0.001250913 [0.000957008, 0.001534827]
precision	-0.005555556 [-0.022222222, 0.011111111]
recall	-0.000555556 [-0.001666667, 0.000277778]
f1	-0.000931677 [-0.002795031, 0.000782149]
specificity	0.000000000 [-0.000046555, 0.000046555]
balanced_accuracy	-0.000277778 [-0.000833333, 0.000162166]
mcc	-0.001539025 [-0.005431767, 0.002296965]
map	0.000566216 [-0.001368031, 0.002629215]
mrr	0.000262731 [-0.002445586, 0.002925107]
recall_at_1	0.000694444 [-0.002777778, 0.004464286]
recall_at_3	0.001190476 [-0.002777778, 0.005257937]
recall_at_5	0.000099206 [-0.003869048, 0.003769841]
recall_at_10	0.000892857 [-0.002777778, 0.004464286]
ndcg_at_1	0.000000000 [-0.004761905, 0.004960317]
ndcg_at_3	0.000667931 [-0.001843414, 0.003347839]
ndcg_at_5	0.000398698 [-0.001824503, 0.002579123]
ndcg_at_10	0.000705385 [-0.001453437, 0.002978051]
raw A2
average_precision	0.001035378 [-0.001158266, 0.003242840]
trapezoidal_pr_auc	0.000711749 [-0.001766485, 0.003150192]
roc_auc	0.000770484 [-0.000349162, 0.001897172]
recall_at_fpr_1pct	0.001666667 [-0.005833333, 0.008333333]
brier	-0.000020290 [-0.000038586, -0.000000842]
log_loss	-0.000616736 [-0.000930552, -0.000306914]
precision	0.005555556 [0.000000000, 0.016666667]
recall	0.000000000 [0.000000000, 0.000000000]
f1	0.000131752 [0.000000000, 0.000395257]
specificity	0.000046555 [0.000000000, 0.000139665]
balanced_accuracy	0.000023277 [0.000000000, 0.000069832]
mcc	0.001055567 [0.000000000, 0.003166702]
map	0.000897895 [-0.001931235, 0.003785404]
mrr	0.001270345 [-0.001910525, 0.004505563]
recall_at_1	-0.000297619 [-0.004464286, 0.003571429]
recall_at_3	0.005059524 [-0.000297619, 0.011309524]
recall_at_5	0.003273810 [-0.000595238, 0.007440476]
recall_at_10	0.000297619 [-0.005059524, 0.005654762]
ndcg_at_1	-0.000595238 [-0.005357143, 0.003571429]
ndcg_at_3	0.002609294 [-0.001040197, 0.006709487]
ndcg_at_5	0.001831852 [-0.001067170, 0.004959472]
ndcg_at_10	0.000938935 [-0.001784463, 0.003657747]
raw F_first
average_precision	-0.002122940 [-0.004865263, 0.000685784]
trapezoidal_pr_auc	-0.001878214 [-0.004624777, 0.000983642]
roc_auc	0.000247905 [-0.001282850, 0.001733066]
recall_at_fpr_1pct	-0.001666667 [-0.008333333, 0.005000000]
brier	0.000051475 [0.000012884, 0.000092177]
log_loss	0.001563388 [0.001126209, 0.002016739]
precision	0.016666667 [0.000000000, 0.050000000]
recall	0.001666667 [0.000000000, 0.004166667]
f1	0.002795031 [0.000000000, 0.007177364]
specificity	-0.000046555 [-0.000139665, 0.000000000]
balanced_accuracy	0.000810056 [-0.000046555, 0.002083333]
mcc	0.004414189 [-0.000405772, 0.012662920]
map	0.001943621 [-0.001532796, 0.005348880]
mrr	0.001820530 [-0.001997484, 0.005482085]
recall_at_1	0.001785714 [-0.003869048, 0.007142857]
recall_at_3	0.001488095 [-0.004464286, 0.007440476]
recall_at_5	0.003869048 [-0.003571429, 0.011607143]
recall_at_10	-0.003273810 [-0.010119048, 0.002976190]
ndcg_at_1	0.002380952 [-0.004761905, 0.008928571]
ndcg_at_3	0.002117016 [-0.002060397, 0.006453612]
ndcg_at_5	0.002925947 [-0.001229234, 0.007352645]
ndcg_at_10	0.000464059 [-0.003098082, 0.004052959]
raw F
average_precision	-0.000946674 [-0.003079355, 0.001192855]
trapezoidal_pr_auc	-0.001021468 [-0.003356872, 0.001332790]
roc_auc	0.000023859 [-0.001104574, 0.001113318]
recall_at_fpr_1pct	0.001666667 [-0.005833333, 0.009166667]
brier	0.000063060 [0.000036625, 0.000091304]
log_loss	0.001651351 [0.001328528, 0.001972406]
precision	0.019444444 [0.000000000, 0.044444444]
recall	0.001250000 [0.000000000, 0.002500000]
f1	0.002257042 [0.000065876, 0.004761905]
specificity	0.000000000 [-0.000069832, 0.000069832]
balanced_accuracy	0.000625000 [0.000011639, 0.001273277]
mcc	0.004550706 [0.000426341, 0.009963992]
map	0.000587589 [-0.002067150, 0.003164223]
mrr	0.001184521 [-0.002230818, 0.004486235]
recall_at_1	0.000744048 [-0.003571429, 0.004761905]
recall_at_3	-0.000000000 [-0.005059524, 0.005059524]
recall_at_5	0.001785714 [-0.003422619, 0.007291667]
recall_at_10	0.000744048 [-0.004613095, 0.005952381]
ndcg_at_1	0.001190476 [-0.004761905, 0.006845238]
ndcg_at_3	0.000484432 [-0.002690660, 0.003661566]
ndcg_at_5	0.001183081 [-0.001881081, 0.004230748]
ndcg_at_10	0.000801822 [-0.001898308, 0.003524210]
raw G
average_precision	0.001482265 [-0.000649354, 0.003619110]
trapezoidal_pr_auc	0.001285642 [-0.001177307, 0.003738932]
roc_auc	0.000732076 [-0.000256227, 0.001772666]
recall_at_fpr_1pct	0.002083333 [-0.004166667, 0.007916667]
brier	0.000022622 [-0.000004183, 0.000047999]
log_loss	-0.000109116 [-0.000397399, 0.000173495]
precision	0.011111111 [-0.016666667, 0.041666667]
recall	0.000416667 [-0.000833333, 0.001666667]
f1	0.000859527 [-0.001587302, 0.003372232]
specificity	0.000000000 [-0.000069832, 0.000069832]
balanced_accuracy	0.000208333 [-0.000428305, 0.000856611]
mcc	0.002242168 [-0.003733098, 0.008745218]
map	0.002294613 [-0.000268049, 0.004974114]
mrr	0.002582079 [-0.000724470, 0.005920237]
recall_at_1	0.003571429 [-0.000892857, 0.008184524]
recall_at_3	0.000446429 [-0.005208333, 0.006101190]
recall_at_5	0.003125000 [-0.002083333, 0.008482143]
recall_at_10	0.000297619 [-0.004166667, 0.004616815]
ndcg_at_1	0.003571429 [-0.002083333, 0.009226190]
ndcg_at_3	0.001631774 [-0.001810498, 0.005434448]
ndcg_at_5	0.002961028 [0.000003203, 0.005932989]
ndcg_at_10	0.001986002 [-0.000445383, 0.004539417]
stage-cal O
average_precision	0.001464363 [-0.000602660, 0.003582833]
trapezoidal_pr_auc	0.001377343 [-0.000843656, 0.003628368]
roc_auc	0.000361383 [-0.000767618, 0.001545813]
recall_at_fpr_1pct	-0.000833333 [-0.007500000, 0.005416667]
brier	0.000004899 [-0.000047561, 0.000058623]
log_loss	0.000008231 [-0.000195641, 0.000224542]
precision	-0.002427850 [-0.038447285, 0.033008838]
recall	-0.004166667 [-0.008750000, 0.000416667]
f1	-0.007131882 [-0.014200792, -0.000189110]
specificity	-0.000069832 [-0.000302607, 0.000139665]
balanced_accuracy	-0.002118250 [-0.004328445, 0.000161778]
mcc	-0.007176605 [-0.017481620, 0.002445201]
map	-0.000138641 [-0.002386895, 0.002137304]
mrr	-0.000549348 [-0.003499305, 0.002340993]
recall_at_1	-0.000892857 [-0.004613095, 0.002976190]
recall_at_3	0.002529762 [-0.001934524, 0.006845238]
recall_at_5	-0.000148810 [-0.004910714, 0.004319196]
recall_at_10	-0.000595238 [-0.005357143, 0.004315476]
ndcg_at_1	-0.001488095 [-0.006845238, 0.003869048]
ndcg_at_3	0.000820215 [-0.001977560, 0.003635843]
ndcg_at_5	-0.000267155 [-0.002861414, 0.002268685]
ndcg_at_10	-0.000332355 [-0.002971430, 0.002333711]
stage-cal N
average_precision	0.000394072 [-0.001618759, 0.002458344]
trapezoidal_pr_auc	0.000215289 [-0.002133141, 0.002586673]
roc_auc	0.000718110 [-0.000247905, 0.001721456]
recall_at_fpr_1pct	0.000416667 [-0.005833333, 0.006250000]
brier	-0.000019399 [-0.000065456, 0.000025402]
log_loss	-0.000152559 [-0.000330788, 0.000020260]
precision	0.009027778 [-0.003433036, 0.023472222]
recall	0.001250000 [-0.002083333, 0.004583333]
f1	0.001953548 [-0.003422838, 0.007341002]
specificity	0.000069832 [-0.000093110, 0.000232775]
balanced_accuracy	0.000659916 [-0.001006750, 0.002338222]
mcc	0.003012592 [-0.003029325, 0.008957708]
map	0.001436913 [-0.001073075, 0.004035807]
mrr	0.001578617 [-0.001585912, 0.004660112]
recall_at_1	0.001785714 [-0.002529762, 0.006101190]
recall_at_3	0.001785714 [-0.002529762, 0.006250000]
recall_at_5	0.001934524 [-0.002232143, 0.006398810]
recall_at_10	0.002083333 [-0.001934524, 0.005952381]
ndcg_at_1	0.001190476 [-0.004166667, 0.006250000]
ndcg_at_3	0.001486328 [-0.001653206, 0.004773590]
ndcg_at_5	0.001781129 [-0.001057081, 0.004678794]
ndcg_at_10	0.001859900 [-0.000650469, 0.004395917]
stage-cal Z
average_precision	-0.000247234 [-0.003664327, 0.003048912]
trapezoidal_pr_auc	-0.000281171 [-0.004329929, 0.003665570]
roc_auc	0.000665736 [-0.000831064, 0.002192737]
recall_at_fpr_1pct	-0.000833333 [-0.009166667, 0.006666667]
brier	0.000001367 [-0.000067773, 0.000071388]
log_loss	-0.000087788 [-0.000354115, 0.000195372]
precision	0.010000000 [-0.009726190, 0.031309524]
recall	0.003333333 [-0.001666667, 0.009166667]
f1	0.005135435 [-0.003520406, 0.014363090]
specificity	0.000093110 [-0.000186220, 0.000372439]
balanced_accuracy	0.001713222 [-0.000903166, 0.004629888]
mcc	0.006211870 [-0.003880400, 0.016516124]
map	0.001975931 [-0.001948182, 0.005965597]
mrr	0.001886890 [-0.003271433, 0.006919897]
recall_at_1	0.003869048 [-0.003273810, 0.011316964]
recall_at_3	-0.001488095 [-0.008035714, 0.005059524]
recall_at_5	0.000595238 [-0.006845238, 0.007738095]
recall_at_10	0.003869048 [-0.002083333, 0.010119048]
ndcg_at_1	0.002976190 [-0.006547619, 0.012500000]
ndcg_at_3	0.000363363 [-0.004252199, 0.005139709]
ndcg_at_5	0.001730406 [-0.002722121, 0.006165270]
ndcg_at_10	0.002780864 [-0.001232987, 0.006905830]
stage-cal final_all
average_precision	0.000893831 [-0.000877975, 0.002755167]
trapezoidal_pr_auc	0.000824505 [-0.001194510, 0.002955516]
roc_auc	0.000462834 [-0.000499331, 0.001430817]
recall_at_fpr_1pct	-0.000833333 [-0.006388889, 0.004166667]
brier	0.000003722 [-0.000042705, 0.000049596]
log_loss	-0.000023775 [-0.000207866, 0.000162175]
precision	0.001714767 [-0.022329786, 0.025448894]
recall	-0.001666667 [-0.005277778, 0.002222222]
f1	-0.003042776 [-0.008817243, 0.002874978]
specificity	-0.000015518 [-0.000186220, 0.000139665]
balanced_accuracy	-0.000841092 [-0.002638889, 0.001025760]
mcc	-0.002713780 [-0.010034609, 0.004608246]
map	0.000566216 [-0.001368031, 0.002629215]
mrr	0.000262731 [-0.002445586, 0.002925107]
recall_at_1	0.000694444 [-0.002777778, 0.004464286]
recall_at_3	0.001190476 [-0.002777778, 0.005257937]
recall_at_5	0.000099206 [-0.003869048, 0.003769841]
recall_at_10	0.000892857 [-0.002777778, 0.004464286]
ndcg_at_1	0.000000000 [-0.004761905, 0.004960317]
ndcg_at_3	0.000667931 [-0.001843414, 0.003347839]
ndcg_at_5	0.000398698 [-0.001824503, 0.002579123]
ndcg_at_10	0.000705385 [-0.001453437, 0.002978051]
stage-cal A2
average_precision	0.001035378 [-0.001158266, 0.003242840]
trapezoidal_pr_auc	0.000711749 [-0.001766485, 0.003150192]
roc_auc	0.000770484 [-0.000349162, 0.001897172]
recall_at_fpr_1pct	0.001666667 [-0.005833333, 0.008333333]
brier	-0.000040164 [-0.000081649, 0.000004102]
log_loss	-0.000217330 [-0.000381948, -0.000058083]
precision	0.008055556 [-0.006388889, 0.028618056]
recall	-0.000833333 [-0.003333333, 0.001666667]
f1	-0.001228339 [-0.005779723, 0.002641885]
specificity	0.000046555 [-0.000093110, 0.000186220]
balanced_accuracy	-0.000393389 [-0.001713222, 0.000879888]
mcc	-0.000186687 [-0.005483719, 0.004794310]
map	0.000897895 [-0.001931235, 0.003785404]
mrr	0.001270345 [-0.001910525, 0.004505563]
recall_at_1	-0.000297619 [-0.004464286, 0.003571429]
recall_at_3	0.005059524 [-0.000297619, 0.011309524]
recall_at_5	0.003273810 [-0.000595238, 0.007440476]
recall_at_10	0.000297619 [-0.005059524, 0.005654762]
ndcg_at_1	-0.000595238 [-0.005357143, 0.003571429]
ndcg_at_3	0.002609294 [-0.001040197, 0.006709487]
ndcg_at_5	0.001831852 [-0.001067170, 0.004959472]
ndcg_at_10	0.000938935 [-0.001784463, 0.003657747]
stage-cal F_first
average_precision	-0.002122940 [-0.004865263, 0.000685784]
trapezoidal_pr_auc	-0.001878214 [-0.004624777, 0.000983642]
roc_auc	0.000247905 [-0.001282850, 0.001733066]
recall_at_fpr_1pct	-0.001666667 [-0.008333333, 0.005000000]
brier	-0.000018690 [-0.000109351, 0.000074014]
log_loss	0.000005549 [-0.000298373, 0.000316525]
precision	-0.025739538 [-0.072142857, 0.010121122]
recall	0.000000000 [-0.005000000, 0.005000000]
f1	-0.000010807 [-0.007613819, 0.007543949]
specificity	0.000093110 [-0.000186220, 0.000418994]
balanced_accuracy	0.000046555 [-0.002430168, 0.002500582]
mcc	-0.002873239 [-0.014034918, 0.006767722]
map	0.001943621 [-0.001532796, 0.005348880]
mrr	0.001820530 [-0.001997484, 0.005482085]
recall_at_1	0.001785714 [-0.003869048, 0.007142857]
recall_at_3	0.001488095 [-0.004464286, 0.007440476]
recall_at_5	0.003869048 [-0.003571429, 0.011607143]
recall_at_10	-0.003273810 [-0.010119048, 0.002976190]
ndcg_at_1	0.002380952 [-0.004761905, 0.008928571]
ndcg_at_3	0.002117016 [-0.002060397, 0.006453612]
ndcg_at_5	0.002925947 [-0.001229234, 0.007352645]
ndcg_at_10	0.000464059 [-0.003098082, 0.004052959]
stage-cal F
average_precision	-0.000946674 [-0.003079355, 0.001192855]
trapezoidal_pr_auc	-0.001021468 [-0.003356872, 0.001332790]
roc_auc	0.000023859 [-0.001104574, 0.001113318]
recall_at_fpr_1pct	0.001666667 [-0.005833333, 0.009166667]
brier	0.000024981 [-0.000028074, 0.000082734]
log_loss	0.000116896 [-0.000084985, 0.000326549]
precision	0.006455628 [-0.028911030, 0.043075893]
recall	0.003750000 [-0.001250000, 0.008333333]
f1	0.006517712 [-0.001037559, 0.013911180]
specificity	0.000093110 [-0.000116387, 0.000325885]
balanced_accuracy	0.001921555 [-0.000555168, 0.004201583]
mcc	0.007083262 [-0.003066160, 0.017834948]
map	0.000587589 [-0.002067150, 0.003164223]
mrr	0.001184521 [-0.002230818, 0.004486235]
recall_at_1	0.000744048 [-0.003571429, 0.004761905]
recall_at_3	-0.000000000 [-0.005059524, 0.005059524]
recall_at_5	0.001785714 [-0.003422619, 0.007291667]
recall_at_10	0.000744048 [-0.004613095, 0.005952381]
ndcg_at_1	0.001190476 [-0.004761905, 0.006845238]
ndcg_at_3	0.000484432 [-0.002690660, 0.003661566]
ndcg_at_5	0.001183081 [-0.001881081, 0.004230748]
ndcg_at_10	0.000801822 [-0.001898308, 0.003524210]
stage-cal G
average_precision	0.001482265 [-0.000649354, 0.003619110]
trapezoidal_pr_auc	0.001285642 [-0.001177307, 0.003738932]
roc_auc	0.000732076 [-0.000256227, 0.001772666]
recall_at_fpr_1pct	0.002083333 [-0.004166667, 0.007916667]
brier	0.000028480 [-0.000016102, 0.000074579]
log_loss	0.000188011 [0.000017391, 0.000361003]
precision	0.009166667 [-0.009821429, 0.029682540]
recall	0.001666667 [-0.002083333, 0.005416667]
f1	0.002374601 [-0.003470657, 0.008191354]
specificity	0.000069832 [-0.000139665, 0.000302607]
balanced_accuracy	0.000868250 [-0.000971834, 0.002708333]
mcc	0.003160876 [-0.004019620, 0.010230440]
map	0.002294613 [-0.000268049, 0.004974114]
mrr	0.002582079 [-0.000724470, 0.005920237]
recall_at_1	0.003571429 [-0.000892857, 0.008184524]
recall_at_3	0.000446429 [-0.005208333, 0.006101190]
recall_at_5	0.003125000 [-0.002083333, 0.008482143]
recall_at_10	0.000297619 [-0.004166667, 0.004616815]
ndcg_at_1	0.003571429 [-0.002083333, 0.009226190]
ndcg_at_3	0.001631774 [-0.001810498, 0.005434448]
ndcg_at_5	0.002961028 [0.000003203, 0.005932989]
ndcg_at_10	0.001986002 [-0.000445383, 0.004539417]
first-cal O
average_precision	0.001464363 [-0.000602660, 0.003582833]
trapezoidal_pr_auc	0.001377343 [-0.000843656, 0.003628368]
roc_auc	0.000361383 [-0.000767618, 0.001545813]
recall_at_fpr_1pct	-0.000833333 [-0.007500000, 0.005416667]
brier	0.000016154 [-0.000032184, 0.000065636]
log_loss	0.000023921 [-0.000165464, 0.000222513]
precision	-0.014945055 [-0.049116567, 0.015787202]
recall	-0.003750000 [-0.007083333, -0.000416667]
f1	-0.005989502 [-0.011582565, -0.000707742]
specificity	0.000000000 [-0.000186220, 0.000162942]
balanced_accuracy	-0.001875000 [-0.003576583, -0.000219972]
mcc	-0.007495230 [-0.015984871, 0.000577027]
map	-0.000138641 [-0.002386895, 0.002137304]
mrr	-0.000549348 [-0.003499305, 0.002340993]
recall_at_1	-0.000892857 [-0.004613095, 0.002976190]
recall_at_3	0.002529762 [-0.001934524, 0.006845238]
recall_at_5	-0.000148810 [-0.004910714, 0.004319196]
recall_at_10	-0.000595238 [-0.005357143, 0.004315476]
ndcg_at_1	-0.001488095 [-0.006845238, 0.003869048]
ndcg_at_3	0.000820215 [-0.001977560, 0.003635843]
ndcg_at_5	-0.000267155 [-0.002861414, 0.002268685]
ndcg_at_10	-0.000332355 [-0.002971430, 0.002333711]
first-cal N
average_precision	0.000394072 [-0.001618759, 0.002458344]
trapezoidal_pr_auc	0.000215289 [-0.002133141, 0.002586673]
roc_auc	0.000718110 [-0.000247905, 0.001721456]
recall_at_fpr_1pct	0.000416667 [-0.005833333, 0.006250000]
brier	-0.000018574 [-0.000063100, 0.000026090]
log_loss	-0.000153642 [-0.000333920, 0.000021368]
precision	-0.000833333 [-0.026250000, 0.023472222]
recall	0.001250000 [-0.001250000, 0.003750000]
f1	0.002132172 [-0.001816768, 0.006399718]
specificity	-0.000046555 [-0.000232775, 0.000139665]
balanced_accuracy	0.000601723 [-0.000625000, 0.001875000]
mcc	0.002023103 [-0.004574102, 0.009028423]
map	0.001436913 [-0.001073075, 0.004035807]
mrr	0.001578617 [-0.001585912, 0.004660112]
recall_at_1	0.001785714 [-0.002529762, 0.006101190]
recall_at_3	0.001785714 [-0.002529762, 0.006250000]
recall_at_5	0.001934524 [-0.002232143, 0.006398810]
recall_at_10	0.002083333 [-0.001934524, 0.005952381]
ndcg_at_1	0.001190476 [-0.004166667, 0.006250000]
ndcg_at_3	0.001486328 [-0.001653206, 0.004773590]
ndcg_at_5	0.001781129 [-0.001057081, 0.004678794]
ndcg_at_10	0.001859900 [-0.000650469, 0.004395917]
first-cal Z
average_precision	-0.000247234 [-0.003664327, 0.003048912]
trapezoidal_pr_auc	-0.000281171 [-0.004329929, 0.003665570]
roc_auc	0.000665736 [-0.000831064, 0.002192737]
recall_at_fpr_1pct	-0.000833333 [-0.009166667, 0.006666667]
brier	-0.000004699 [-0.000070484, 0.000060192]
log_loss	-0.000099764 [-0.000355650, 0.000171699]
precision	0.029722222 [0.003333333, 0.063055556]
recall	0.003333333 [-0.000833333, 0.008333333]
f1	0.006124279 [-0.000363293, 0.013954890]
specificity	0.000046555 [-0.000186220, 0.000279330]
balanced_accuracy	0.001689944 [-0.000346834, 0.004120112]
mcc	0.010258355 [0.001100536, 0.021935266]
map	0.001975931 [-0.001948182, 0.005965597]
mrr	0.001886890 [-0.003271433, 0.006919897]
recall_at_1	0.003869048 [-0.003273810, 0.011316964]
recall_at_3	-0.001488095 [-0.008035714, 0.005059524]
recall_at_5	0.000595238 [-0.006845238, 0.007738095]
recall_at_10	0.003869048 [-0.002083333, 0.010119048]
ndcg_at_1	0.002976190 [-0.006547619, 0.012500000]
ndcg_at_3	0.000363363 [-0.004252199, 0.005139709]
ndcg_at_5	0.001730406 [-0.002722121, 0.006165270]
ndcg_at_10	0.002780864 [-0.001232987, 0.006905830]
first-cal final_all
average_precision	0.000893831 [-0.000877975, 0.002755167]
trapezoidal_pr_auc	0.000824505 [-0.001194510, 0.002955516]
roc_auc	0.000462834 [-0.000499331, 0.001430817]
recall_at_fpr_1pct	-0.000833333 [-0.006388889, 0.004166667]
brier	0.000009203 [-0.000034195, 0.000052556]
log_loss	-0.000017307 [-0.000189940, 0.000156211]
precision	-0.000055963 [-0.024605896, 0.023532077]
recall	-0.001388889 [-0.003888889, 0.001111111]
f1	-0.001951575 [-0.006002701, 0.002210222]
specificity	0.000015518 [-0.000155183, 0.000170701]
balanced_accuracy	-0.000686685 [-0.001921167, 0.000594351]
mcc	-0.001577368 [-0.007953602, 0.004756902]
map	0.000566216 [-0.001368031, 0.002629215]
mrr	0.000262731 [-0.002445586, 0.002925107]
recall_at_1	0.000694444 [-0.002777778, 0.004464286]
recall_at_3	0.001190476 [-0.002777778, 0.005257937]
recall_at_5	0.000099206 [-0.003869048, 0.003769841]
recall_at_10	0.000892857 [-0.002777778, 0.004464286]
ndcg_at_1	0.000000000 [-0.004761905, 0.004960317]
ndcg_at_3	0.000667931 [-0.001843414, 0.003347839]
ndcg_at_5	0.000398698 [-0.001824503, 0.002579123]
ndcg_at_10	0.000705385 [-0.001453437, 0.002978051]
first-cal A2
average_precision	0.001035378 [-0.001158266, 0.003242840]
trapezoidal_pr_auc	0.000711749 [-0.001766485, 0.003150192]
roc_auc	0.000770484 [-0.000349162, 0.001897172]
recall_at_fpr_1pct	0.001666667 [-0.005833333, 0.008333333]
brier	-0.000032449 [-0.000077096, 0.000015456]
log_loss	-0.000207521 [-0.000385759, -0.000034000]
precision	-0.031388889 [-0.071666667, -0.001659722]
recall	-0.000833333 [-0.003333333, 0.001666667]
f1	-0.001859935 [-0.006333678, 0.002130748]
specificity	-0.000139665 [-0.000325885, 0.000046555]
balanced_accuracy	-0.000486499 [-0.001783054, 0.000786778]
mcc	-0.006212148 [-0.015039999, 0.000434629]
map	0.000897895 [-0.001931235, 0.003785404]
mrr	0.001270345 [-0.001910525, 0.004505563]
recall_at_1	-0.000297619 [-0.004464286, 0.003571429]
recall_at_3	0.005059524 [-0.000297619, 0.011309524]
recall_at_5	0.003273810 [-0.000595238, 0.007440476]
recall_at_10	0.000297619 [-0.005059524, 0.005654762]
ndcg_at_1	-0.000595238 [-0.005357143, 0.003571429]
ndcg_at_3	0.002609294 [-0.001040197, 0.006709487]
ndcg_at_5	0.001831852 [-0.001067170, 0.004959472]
ndcg_at_10	0.000938935 [-0.001784463, 0.003657747]
first-cal F_first
average_precision	-0.002122940 [-0.004865263, 0.000685784]
trapezoidal_pr_auc	-0.001878214 [-0.004624777, 0.000983642]
roc_auc	0.000247905 [-0.001282850, 0.001733066]
recall_at_fpr_1pct	-0.001666667 [-0.008333333, 0.005000000]
brier	0.000008981 [-0.000071811, 0.000091409]
log_loss	0.000062761 [-0.000228482, 0.000352555]
precision	0.008611111 [-0.042144841, 0.058850198]
recall	0.001666667 [-0.003333333, 0.006666667]
f1	0.002673271 [-0.005191521, 0.011309906]
specificity	-0.000000000 [-0.000279330, 0.000325885]
balanced_accuracy	0.000833333 [-0.001573557, 0.003356611]
mcc	0.003455227 [-0.008774354, 0.015802678]
map	0.001943621 [-0.001532796, 0.005348880]
mrr	0.001820530 [-0.001997484, 0.005482085]
recall_at_1	0.001785714 [-0.003869048, 0.007142857]
recall_at_3	0.001488095 [-0.004464286, 0.007440476]
recall_at_5	0.003869048 [-0.003571429, 0.011607143]
recall_at_10	-0.003273810 [-0.010119048, 0.002976190]
ndcg_at_1	0.002380952 [-0.004761905, 0.008928571]
ndcg_at_3	0.002117016 [-0.002060397, 0.006453612]
ndcg_at_5	0.002925947 [-0.001229234, 0.007352645]
ndcg_at_10	0.000464059 [-0.003098082, 0.004052959]
first-cal F
average_precision	-0.000946674 [-0.003079355, 0.001192855]
trapezoidal_pr_auc	-0.001021468 [-0.003356872, 0.001332790]
roc_auc	0.000023859 [-0.001104574, 0.001113318]
recall_at_fpr_1pct	0.001666667 [-0.005833333, 0.009166667]
brier	0.000032379 [-0.000017311, 0.000085483]
log_loss	0.000127681 [-0.000058702, 0.000316254]
precision	-0.000749389 [-0.036662698, 0.038398542]
recall	0.003333333 [-0.000416667, 0.007083333]
f1	0.005059535 [-0.000875370, 0.010988810]
specificity	-0.000069832 [-0.000256052, 0.000139665]
balanced_accuracy	0.001631750 [-0.000243250, 0.003506750]
mcc	0.004389155 [-0.004682699, 0.014007660]
map	0.000587589 [-0.002067150, 0.003164223]
mrr	0.001184521 [-0.002230818, 0.004486235]
recall_at_1	0.000744048 [-0.003571429, 0.004761905]
recall_at_3	-0.000000000 [-0.005059524, 0.005059524]
recall_at_5	0.001785714 [-0.003422619, 0.007291667]
recall_at_10	0.000744048 [-0.004613095, 0.005952381]
ndcg_at_1	0.001190476 [-0.004761905, 0.006845238]
ndcg_at_3	0.000484432 [-0.002690660, 0.003661566]
ndcg_at_5	0.001183081 [-0.001881081, 0.004230748]
ndcg_at_10	0.000801822 [-0.001898308, 0.003524210]
first-cal G
average_precision	0.001482265 [-0.000649354, 0.003619110]
trapezoidal_pr_auc	0.001285642 [-0.001177307, 0.003738932]
roc_auc	0.000732076 [-0.000256227, 0.001772666]
recall_at_fpr_1pct	0.002083333 [-0.004166667, 0.007916667]
brier	0.000024218 [-0.000020118, 0.000067222]
log_loss	0.000175336 [0.000005050, 0.000350457]
precision	0.006111111 [-0.025562500, 0.039166667]
recall	0.004166667 [0.000416667, 0.007916667]
f1	0.006695194 [0.000655412, 0.012812747]
specificity	-0.000046555 [-0.000232775, 0.000139665]
balanced_accuracy	0.002060056 [0.000185056, 0.003935056]
mcc	0.007024087 [-0.002236790, 0.016373305]
map	0.002294613 [-0.000268049, 0.004974114]
mrr	0.002582079 [-0.000724470, 0.005920237]
recall_at_1	0.003571429 [-0.000892857, 0.008184524]
recall_at_3	0.000446429 [-0.005208333, 0.006101190]
recall_at_5	0.003125000 [-0.002083333, 0.008482143]
recall_at_10	0.000297619 [-0.004166667, 0.004616815]
ndcg_at_1	0.003571429 [-0.002083333, 0.009226190]
ndcg_at_3	0.001631774 [-0.001810498, 0.005434448]
ndcg_at_5	0.002961028 [0.000003203, 0.005932989]
ndcg_at_10	0.001986002 [-0.000445383, 0.004539417]

COMPARISON C_plus-C: 4/23
FAILED: old_map_improves, old_map_interval_above_zero, old_recall5_improves, new_map_non_decrease, new_recall5_non_decrease, O_average_precision_non_degradation, O_roc_auc_non_degradation, O_brier_non_degradation, O_log_loss_non_degradation, N_average_precision_non_degradation, N_roc_auc_non_degradation, N_brier_non_degradation, N_log_loss_non_degradation, Z_map_non_degradation, Z_recall_at_5_non_degradation, Z_average_precision_non_degradation, Z_roc_auc_non_degradation, Z_brier_non_degradation, Z_log_loss_non_degradation
primary O
average_precision	-0.002175443 [-0.005107437, 0.000838714]
trapezoidal_pr_auc	-0.002254043 [-0.005357209, 0.000832087]
roc_auc	-0.001696345 [-0.003207664, -0.000031992]
recall_at_fpr_1pct	0.000000000 [-0.007500000, 0.007500000]
brier	0.000009635 [-0.000062770, 0.000082019]
log_loss	0.000086478 [-0.000255803, 0.000406493]
precision	-0.004896886 [-0.044018586, 0.032058148]
recall	-0.002083333 [-0.006250000, 0.001666667]
f1	-0.003146700 [-0.009866961, 0.003325057]
specificity	0.000116387 [-0.000093110, 0.000325885]
balanced_accuracy	-0.000983473 [-0.003078445, 0.000996276]
mcc	-0.003668103 [-0.013137268, 0.005776699]
map	-0.000258614 [-0.003331472, 0.002756565]
mrr	-0.000353049 [-0.003879165, 0.003136871]
recall_at_1	-0.000000000 [-0.004464286, 0.004613095]
recall_at_3	0.000744048 [-0.004613095, 0.005952381]
recall_at_5	-0.000148810 [-0.005803571, 0.005803571]
recall_at_10	0.000744048 [-0.005803571, 0.007291667]
ndcg_at_1	0.000000000 [-0.005952381, 0.005952381]
ndcg_at_3	0.000587553 [-0.002706863, 0.003833379]
ndcg_at_5	-0.000053174 [-0.003747024, 0.003836777]
ndcg_at_10	0.000050905 [-0.003465638, 0.003559024]
primary N
average_precision	-0.003155538 [-0.005714998, -0.000660325]
trapezoidal_pr_auc	-0.003047730 [-0.005743246, -0.000369060]
roc_auc	-0.001305866 [-0.002845699, 0.000168762]
recall_at_fpr_1pct	-0.002500000 [-0.010000000, 0.005000000]
brier	0.000092313 [0.000022252, 0.000160705]
log_loss	0.000345063 [0.000104493, 0.000584632]
precision	-0.007400794 [-0.026667659, 0.011210317]
recall	-0.002500000 [-0.005833333, 0.001250000]
f1	-0.003837875 [-0.009608289, 0.002313165]
specificity	0.000093110 [-0.000139665, 0.000325885]
balanced_accuracy	-0.001203445 [-0.002928596, 0.000671846]
mcc	-0.004430253 [-0.011370039, 0.003090353]
map	-0.007559465 [-0.010633355, -0.004597882]
mrr	-0.009522027 [-0.012938075, -0.006083423]
recall_at_1	-0.009821429 [-0.015178571, -0.004906994]
recall_at_3	-0.003422619 [-0.009077381, 0.001934524]
recall_at_5	-0.002232143 [-0.007886905, 0.002979911]
recall_at_10	-0.005803571 [-0.010863095, -0.000892857]
ndcg_at_1	-0.012500000 [-0.018750000, -0.006547619]
ndcg_at_3	-0.006938408 [-0.011125442, -0.003140711]
ndcg_at_5	-0.006445564 [-0.009829292, -0.003207882]
ndcg_at_10	-0.007833425 [-0.010671277, -0.005000345]
primary Z
average_precision	-0.004785630 [-0.008874636, -0.000737190]
trapezoidal_pr_auc	-0.004762170 [-0.009232807, -0.000315887]
roc_auc	-0.000979981 [-0.003028457, 0.001045158]
recall_at_fpr_1pct	-0.005000000 [-0.016666667, 0.006666667]
brier	0.000109181 [0.000003274, 0.000216699]
log_loss	0.000344881 [-0.000027763, 0.000714934]
precision	-0.012023810 [-0.060084325, 0.029367063]
recall	-0.000833333 [-0.007500000, 0.005833333]
f1	-0.001281057 [-0.012762334, 0.009930289]
specificity	0.000093110 [-0.000279330, 0.000512104]
balanced_accuracy	-0.000370112 [-0.003957228, 0.003056331]
mcc	-0.002921820 [-0.017911024, 0.011538703]
map	-0.011319748 [-0.015456184, -0.007324660]
mrr	-0.013376068 [-0.017925924, -0.008708108]
recall_at_1	-0.017559524 [-0.024709821, -0.010714286]
recall_at_3	-0.000000000 [-0.008928571, 0.008630952]
recall_at_5	-0.000892857 [-0.010416667, 0.008630952]
recall_at_10	-0.007142857 [-0.013690476, -0.000297619]
ndcg_at_1	-0.020833333 [-0.029166667, -0.012500000]
ndcg_at_3	-0.008231018 [-0.014461511, -0.002452458]
ndcg_at_5	-0.008676608 [-0.013683878, -0.003442647]
ndcg_at_10	-0.010998783 [-0.014821854, -0.007192511]
primary final_all
average_precision	-0.003045505 [-0.005450722, -0.000620165]
trapezoidal_pr_auc	-0.003090086 [-0.005587363, -0.000611413]
roc_auc	-0.001457557 [-0.002682078, -0.000152846]
recall_at_fpr_1pct	-0.001666667 [-0.008055556, 0.005000000]
brier	0.000042817 [-0.000024795, 0.000110256]
log_loss	0.000172612 [-0.000109735, 0.000440123]
precision	-0.007272527 [-0.031710468, 0.016442971]
recall	-0.001666667 [-0.005555556, 0.002222222]
f1	-0.002524819 [-0.008606489, 0.003472220]
specificity	0.000108628 [-0.000062073, 0.000294848]
balanced_accuracy	-0.000779019 [-0.002692427, 0.001111305]
mcc	-0.003419342 [-0.010749567, 0.003849099]
map	-0.003945658 [-0.006347428, -0.001493477]
mrr	-0.004694055 [-0.007453324, -0.001891136]
recall_at_1	-0.005853175 [-0.009623016, -0.002180060]
recall_at_3	0.000496032 [-0.004265873, 0.004960317]
recall_at_5	-0.000396825 [-0.005059524, 0.004563492]
recall_at_10	-0.001884921 [-0.006845238, 0.002876984]
ndcg_at_1	-0.006944444 [-0.011507937, -0.002182540]
ndcg_at_3	-0.002351970 [-0.005391766, 0.000614195]
ndcg_at_5	-0.002927652 [-0.005972998, 0.000324954]
ndcg_at_10	-0.003632325 [-0.006272487, -0.000949547]
primary A2
average_precision	-0.001525445 [-0.003807411, 0.000827902]
trapezoidal_pr_auc	-0.001333291 [-0.003628820, 0.001121891]
roc_auc	-0.001631750 [-0.003379946, 0.000153748]
recall_at_fpr_1pct	0.000000000 [-0.006666667, 0.006666667]
brier	0.000075444 [0.000014702, 0.000135056]
log_loss	0.000345244 [0.000105627, 0.000586161]
precision	-0.002777778 [-0.024458333, 0.021111111]
recall	-0.004166667 [-0.008333333, -0.000000000]
f1	-0.006394692 [-0.013066127, 0.000108384]
specificity	0.000093110 [-0.000139665, 0.000325885]
balanced_accuracy	-0.002036778 [-0.004120112, 0.000000000]
mcc	-0.005938687 [-0.013569769, 0.001711195]
map	-0.003799182 [-0.007431836, -0.000252908]
mrr	-0.005667986 [-0.009971527, -0.001453838]
recall_at_1	-0.002083333 [-0.007738095, 0.003571429]
recall_at_3	-0.006845238 [-0.013095238, -0.000892857]
recall_at_5	-0.003571429 [-0.008035714, 0.000892857]
recall_at_10	-0.004464286 [-0.010119048, 0.001190476]
ndcg_at_1	-0.004166667 [-0.011309524, 0.002976190]
ndcg_at_3	-0.005645798 [-0.010231324, -0.001332186]
ndcg_at_5	-0.004214520 [-0.007954334, -0.000758964]
ndcg_at_10	-0.004668067 [-0.007756586, -0.001744765]
primary F_first
average_precision	0.001730409 [-0.002328133, 0.005902335]
trapezoidal_pr_auc	0.001334995 [-0.002884281, 0.005782642]
roc_auc	0.001821462 [-0.000428393, 0.004063140]
recall_at_fpr_1pct	0.002500000 [-0.008333333, 0.012500000]
brier	0.000017192 [-0.000074945, 0.000107678]
log_loss	0.000119881 [-0.000309008, 0.000542936]
precision	0.003444565 [-0.053283460, 0.060734428]
recall	0.002500000 [-0.002500000, 0.007500000]
f1	0.003464777 [-0.004651080, 0.012013405]
specificity	-0.000093110 [-0.000465549, 0.000279330]
balanced_accuracy	0.001203445 [-0.001296555, 0.003797137]
mcc	0.003383614 [-0.010106103, 0.017264162]
map	-0.003432072 [-0.008471394, 0.001572150]
mrr	-0.004654667 [-0.010622129, 0.001257922]
recall_at_1	-0.006845238 [-0.014285714, 0.000595238]
recall_at_3	-0.002083333 [-0.010416667, 0.006250000]
recall_at_5	0.001190476 [-0.008333333, 0.010714286]
recall_at_10	0.004464286 [-0.004464286, 0.013392857]
ndcg_at_1	-0.008333333 [-0.017857143, 0.001190476]
ndcg_at_3	-0.004355258 [-0.009792715, 0.001091206]
ndcg_at_5	-0.002676385 [-0.008915822, 0.003559643]
ndcg_at_10	-0.001580432 [-0.006886557, 0.003814061]
primary F
average_precision	0.001412720 [-0.001702189, 0.004405225]
trapezoidal_pr_auc	0.001587398 [-0.001773796, 0.004817313]
roc_auc	0.000880470 [-0.000824037, 0.002562951]
recall_at_fpr_1pct	0.000000000 [-0.008343750, 0.008333333]
brier	-0.000028087 [-0.000098221, 0.000038220]
log_loss	-0.000086144 [-0.000424905, 0.000221835]
precision	0.003507997 [-0.033586437, 0.042717074]
recall	0.000000000 [-0.004583333, 0.004583333]
f1	-0.000050646 [-0.007478728, 0.007466076]
specificity	-0.000069832 [-0.000325885, 0.000186220]
balanced_accuracy	-0.000034916 [-0.002338222, 0.002326583]
mcc	0.000698759 [-0.010244317, 0.010748874]
map	-0.001640977 [-0.005056801, 0.001693475]
mrr	-0.002480945 [-0.006634651, 0.001628064]
recall_at_1	-0.001041667 [-0.006547619, 0.004319196]
recall_at_3	-0.004166667 [-0.010119048, 0.001636905]
recall_at_5	-0.001636905 [-0.008333333, 0.004613095]
recall_at_10	-0.002976190 [-0.009821429, 0.003720238]
ndcg_at_1	-0.002083333 [-0.009226190, 0.005059524]
ndcg_at_3	-0.003410453 [-0.007350558, 0.000394066]
ndcg_at_5	-0.002054086 [-0.006276626, 0.001969866]
ndcg_at_10	-0.002384938 [-0.005935440, 0.001078236]
primary G
average_precision	-0.002858847 [-0.005592279, -0.000233393]
trapezoidal_pr_auc	-0.003137853 [-0.006070708, -0.000369812]
roc_auc	-0.000412011 [-0.002062558, 0.001232775]
recall_at_fpr_1pct	-0.002500000 [-0.011250000, 0.006250000]
brier	-0.000023794 [-0.000090883, 0.000043541]
log_loss	-0.000073199 [-0.000311995, 0.000156049]
precision	-0.011567460 [-0.037638889, 0.011389385]
recall	-0.003750000 [-0.007500000, 0.000000000]
f1	-0.005720581 [-0.011749856, 0.000647917]
specificity	0.000209497 [-0.000069832, 0.000488827]
balanced_accuracy	-0.001770251 [-0.003633613, 0.000139956]
mcc	-0.006466573 [-0.014801195, 0.001884756]
map	-0.006690642 [-0.009757278, -0.003766129]
mrr	-0.008591476 [-0.012145423, -0.005128494]
recall_at_1	-0.008333333 [-0.013541667, -0.003273810]
recall_at_3	-0.002976190 [-0.010267857, 0.003720238]
recall_at_5	-0.000000000 [-0.006696429, 0.006547619]
recall_at_10	-0.003422619 [-0.008928571, 0.002083333]
ndcg_at_1	-0.011309524 [-0.017261905, -0.005357143]
ndcg_at_3	-0.006427369 [-0.011356861, -0.001912923]
ndcg_at_5	-0.005144357 [-0.008735959, -0.001609688]
ndcg_at_10	-0.006480683 [-0.009222237, -0.003882009]
raw O
average_precision	-0.002175443 [-0.005107437, 0.000838714]
trapezoidal_pr_auc	-0.002254043 [-0.005357209, 0.000832087]
roc_auc	-0.001696345 [-0.003207664, -0.000031992]
recall_at_fpr_1pct	0.000000000 [-0.007500000, 0.007500000]
brier	0.000201090 [0.000164421, 0.000236707]
log_loss	0.003042632 [0.002511802, 0.003549969]
precision	-0.011111111 [-0.055555556, 0.033333333]
recall	-0.001250000 [-0.004166667, 0.001250000]
f1	-0.002239789 [-0.007315390, 0.002380952]
specificity	-0.000023277 [-0.000093110, 0.000046555]
balanced_accuracy	-0.000636639 [-0.002083333, 0.000625000]
mcc	-0.003681265 [-0.013766360, 0.006027099]
map	-0.000258614 [-0.003331472, 0.002756565]
mrr	-0.000353049 [-0.003879165, 0.003136871]
recall_at_1	-0.000000000 [-0.004464286, 0.004613095]
recall_at_3	0.000744048 [-0.004613095, 0.005952381]
recall_at_5	-0.000148810 [-0.005803571, 0.005803571]
recall_at_10	0.000744048 [-0.005803571, 0.007291667]
ndcg_at_1	0.000000000 [-0.005952381, 0.005952381]
ndcg_at_3	0.000587553 [-0.002706863, 0.003833379]
ndcg_at_5	-0.000053174 [-0.003747024, 0.003836777]
ndcg_at_10	0.000050905 [-0.003465638, 0.003559024]
raw N
average_precision	-0.003155538 [-0.005714998, -0.000660325]
trapezoidal_pr_auc	-0.003047730 [-0.005743246, -0.000369060]
roc_auc	-0.001305866 [-0.002845699, 0.000168762]
recall_at_fpr_1pct	-0.002500000 [-0.010000000, 0.005000000]
brier	0.000179644 [0.000141476, 0.000219978]
log_loss	0.002388235 [0.002025004, 0.002769093]
precision	-0.025000000 [-0.050208333, 0.000000000]
recall	-0.001250000 [-0.002510417, 0.000000000]
f1	-0.002380952 [-0.004781746, 0.000000000]
specificity	0.000023277 [0.000000000, 0.000069832]
balanced_accuracy	-0.000613361 [-0.001254044, 0.000011639]
mcc	-0.005346040 [-0.010930217, 0.000101443]
map	-0.007559465 [-0.010633355, -0.004597882]
mrr	-0.009522027 [-0.012938075, -0.006083423]
recall_at_1	-0.009821429 [-0.015178571, -0.004906994]
recall_at_3	-0.003422619 [-0.009077381, 0.001934524]
recall_at_5	-0.002232143 [-0.007886905, 0.002979911]
recall_at_10	-0.005803571 [-0.010863095, -0.000892857]
ndcg_at_1	-0.012500000 [-0.018750000, -0.006547619]
ndcg_at_3	-0.006938408 [-0.011125442, -0.003140711]
ndcg_at_5	-0.006445564 [-0.009829292, -0.003207882]
ndcg_at_10	-0.007833425 [-0.010671277, -0.005000345]
raw Z
average_precision	-0.004785630 [-0.008874636, -0.000737190]
trapezoidal_pr_auc	-0.004762170 [-0.009232807, -0.000315887]
roc_auc	-0.000979981 [-0.003028457, 0.001045158]
recall_at_fpr_1pct	-0.005000000 [-0.016666667, 0.006666667]
brier	0.000268775 [0.000203293, 0.000338142]
log_loss	0.002631157 [0.002090609, 0.003171005]
precision	-0.016666667 [-0.050000000, 0.000000000]
recall	-0.000833333 [-0.002500000, 0.000000000]
f1	-0.001587302 [-0.004761905, 0.000000000]
specificity	0.000046555 [0.000000000, 0.000139665]
balanced_accuracy	-0.000393389 [-0.001250000, 0.000069832]
mcc	-0.003428769 [-0.010894965, 0.000608657]
map	-0.011319748 [-0.015456184, -0.007324660]
mrr	-0.013376068 [-0.017925924, -0.008708108]
recall_at_1	-0.017559524 [-0.024709821, -0.010714286]
recall_at_3	-0.000000000 [-0.008928571, 0.008630952]
recall_at_5	-0.000892857 [-0.010416667, 0.008630952]
recall_at_10	-0.007142857 [-0.013690476, -0.000297619]
ndcg_at_1	-0.020833333 [-0.029166667, -0.012500000]
ndcg_at_3	-0.008231018 [-0.014461511, -0.002452458]
ndcg_at_5	-0.008676608 [-0.013683878, -0.003442647]
ndcg_at_10	-0.010998783 [-0.014821854, -0.007192511]
raw final_all
average_precision	-0.003045505 [-0.005450722, -0.000620165]
trapezoidal_pr_auc	-0.003090086 [-0.005587363, -0.000611413]
roc_auc	-0.001457557 [-0.002682078, -0.000152846]
recall_at_fpr_1pct	-0.001666667 [-0.008055556, 0.005000000]
brier	0.000223651 [0.000186695, 0.000259692]
log_loss	0.002905473 [0.002486233, 0.003320309]
precision	-0.012962963 [-0.044444444, 0.016666667]
recall	-0.001111111 [-0.003055556, 0.000555556]
f1	-0.002022293 [-0.005544053, 0.001058201]
specificity	0.000000000 [-0.000062073, 0.000077592]
balanced_accuracy	-0.000555556 [-0.001535537, 0.000293296]
mcc	-0.003597100 [-0.010542491, 0.003145890]
map	-0.003945658 [-0.006347428, -0.001493477]
mrr	-0.004694055 [-0.007453324, -0.001891136]
recall_at_1	-0.005853175 [-0.009623016, -0.002180060]
recall_at_3	0.000496032 [-0.004265873, 0.004960317]
recall_at_5	-0.000396825 [-0.005059524, 0.004563492]
recall_at_10	-0.001884921 [-0.006845238, 0.002876984]
ndcg_at_1	-0.006944444 [-0.011507937, -0.002182540]
ndcg_at_3	-0.002351970 [-0.005391766, 0.000614195]
ndcg_at_5	-0.002927652 [-0.005972998, 0.000324954]
ndcg_at_10	-0.003632325 [-0.006272487, -0.000949547]
raw A2
average_precision	-0.001525445 [-0.003807411, 0.000827902]
trapezoidal_pr_auc	-0.001333291 [-0.003628820, 0.001121891]
roc_auc	-0.001631750 [-0.003379946, 0.000153748]
recall_at_fpr_1pct	0.000000000 [-0.006666667, 0.006666667]
brier	0.000090514 [0.000062439, 0.000117707]
log_loss	0.002145312 [0.001701944, 0.002601872]
precision	-0.033333333 [-0.083333333, 0.000000000]
recall	-0.001666667 [-0.004166667, 0.000000000]
f1	-0.003174603 [-0.007936508, 0.000000000]
specificity	0.000000000 [0.000000000, 0.000000000]
balanced_accuracy	-0.000833333 [-0.002083333, 0.000000000]
mcc	-0.007263310 [-0.018158275, 0.000000000]
map	-0.003799182 [-0.007431836, -0.000252908]
mrr	-0.005667986 [-0.009971527, -0.001453838]
recall_at_1	-0.002083333 [-0.007738095, 0.003571429]
recall_at_3	-0.006845238 [-0.013095238, -0.000892857]
recall_at_5	-0.003571429 [-0.008035714, 0.000892857]
recall_at_10	-0.004464286 [-0.010119048, 0.001190476]
ndcg_at_1	-0.004166667 [-0.011309524, 0.002976190]
ndcg_at_3	-0.005645798 [-0.010231324, -0.001332186]
ndcg_at_5	-0.004214520 [-0.007954334, -0.000758964]
ndcg_at_10	-0.004668067 [-0.007756586, -0.001744765]
raw F_first
average_precision	0.001730409 [-0.002328133, 0.005902335]
trapezoidal_pr_auc	0.001334995 [-0.002884281, 0.005782642]
roc_auc	0.001821462 [-0.000428393, 0.004063140]
recall_at_fpr_1pct	0.002500000 [-0.008333333, 0.012500000]
brier	0.000185530 [0.000131513, 0.000240318]
log_loss	0.003173864 [0.002508661, 0.003834059]
precision	-0.027777778 [-0.077777778, 0.011111111]
recall	-0.001666667 [-0.004166667, 0.000000000]
f1	-0.003042851 [-0.007804756, 0.000263505]
specificity	0.000046555 [0.000000000, 0.000139665]
balanced_accuracy	-0.000810056 [-0.002060056, 0.000046555]
mcc	-0.006207743 [-0.017102708, 0.002111135]
map	-0.003432072 [-0.008471394, 0.001572150]
mrr	-0.004654667 [-0.010622129, 0.001257922]
recall_at_1	-0.006845238 [-0.014285714, 0.000595238]
recall_at_3	-0.002083333 [-0.010416667, 0.006250000]
recall_at_5	0.001190476 [-0.008333333, 0.010714286]
recall_at_10	0.004464286 [-0.004464286, 0.013392857]
ndcg_at_1	-0.008333333 [-0.017857143, 0.001190476]
ndcg_at_3	-0.004355258 [-0.009792715, 0.001091206]
ndcg_at_5	-0.002676385 [-0.008915822, 0.003559643]
ndcg_at_10	-0.001580432 [-0.006886557, 0.003814061]
raw F
average_precision	0.001412720 [-0.001702189, 0.004405225]
trapezoidal_pr_auc	0.001587398 [-0.001773796, 0.004817313]
roc_auc	0.000880470 [-0.000824037, 0.002562951]
recall_at_fpr_1pct	0.000000000 [-0.008343750, 0.008333333]
brier	0.000155833 [0.000115215, 0.000196240]
log_loss	0.001969976 [0.001453613, 0.002474532]
precision	-0.005555556 [-0.050000000, 0.036111111]
recall	0.000416667 [-0.002083333, 0.003333333]
f1	0.000652488 [-0.003968254, 0.005728088]
specificity	0.000023277 [-0.000046555, 0.000093110]
balanced_accuracy	0.000219972 [-0.001041667, 0.001655028]
mcc	0.000049610 [-0.009610385, 0.009837175]
map	-0.001640977 [-0.005056801, 0.001693475]
mrr	-0.002480945 [-0.006634651, 0.001628064]
recall_at_1	-0.001041667 [-0.006547619, 0.004319196]
recall_at_3	-0.004166667 [-0.010119048, 0.001636905]
recall_at_5	-0.001636905 [-0.008333333, 0.004613095]
recall_at_10	-0.002976190 [-0.009821429, 0.003720238]
ndcg_at_1	-0.002083333 [-0.009226190, 0.005059524]
ndcg_at_3	-0.003410453 [-0.007350558, 0.000394066]
ndcg_at_5	-0.002054086 [-0.006276626, 0.001969866]
ndcg_at_10	-0.002384938 [-0.005935440, 0.001078236]
raw G
average_precision	-0.002858847 [-0.005592279, -0.000233393]
trapezoidal_pr_auc	-0.003137853 [-0.006070708, -0.000369812]
roc_auc	-0.000412011 [-0.002062558, 0.001232775]
recall_at_fpr_1pct	-0.002500000 [-0.011250000, 0.006250000]
brier	-0.000169072 [-0.000208275, -0.000129113]
log_loss	-0.001583011 [-0.001986745, -0.001189273]
precision	-0.029166667 [-0.066666667, 0.004166667]
recall	-0.001250000 [-0.002916667, 0.000416667]
f1	-0.002417027 [-0.005627706, 0.000758478]
specificity	0.000069832 [-0.000046555, 0.000186220]
balanced_accuracy	-0.000590084 [-0.001458333, 0.000254888]
mcc	-0.005702908 [-0.013711834, 0.001816076]
map	-0.006690642 [-0.009757278, -0.003766129]
mrr	-0.008591476 [-0.012145423, -0.005128494]
recall_at_1	-0.008333333 [-0.013541667, -0.003273810]
recall_at_3	-0.002976190 [-0.010267857, 0.003720238]
recall_at_5	-0.000000000 [-0.006696429, 0.006547619]
recall_at_10	-0.003422619 [-0.008928571, 0.002083333]
ndcg_at_1	-0.011309524 [-0.017261905, -0.005357143]
ndcg_at_3	-0.006427369 [-0.011356861, -0.001912923]
ndcg_at_5	-0.005144357 [-0.008735959, -0.001609688]
ndcg_at_10	-0.006480683 [-0.009222237, -0.003882009]
stage-cal O
average_precision	-0.002175443 [-0.005107437, 0.000838714]
trapezoidal_pr_auc	-0.002254043 [-0.005357209, 0.000832087]
roc_auc	-0.001696345 [-0.003207664, -0.000031992]
recall_at_fpr_1pct	0.000000000 [-0.007500000, 0.007500000]
brier	0.000009635 [-0.000062770, 0.000082019]
log_loss	0.000086478 [-0.000255803, 0.000406493]
precision	-0.004896886 [-0.044018586, 0.032058148]
recall	-0.002083333 [-0.006250000, 0.001666667]
f1	-0.003146700 [-0.009866961, 0.003325057]
specificity	0.000116387 [-0.000093110, 0.000325885]
balanced_accuracy	-0.000983473 [-0.003078445, 0.000996276]
mcc	-0.003668103 [-0.013137268, 0.005776699]
map	-0.000258614 [-0.003331472, 0.002756565]
mrr	-0.000353049 [-0.003879165, 0.003136871]
recall_at_1	-0.000000000 [-0.004464286, 0.004613095]
recall_at_3	0.000744048 [-0.004613095, 0.005952381]
recall_at_5	-0.000148810 [-0.005803571, 0.005803571]
recall_at_10	0.000744048 [-0.005803571, 0.007291667]
ndcg_at_1	0.000000000 [-0.005952381, 0.005952381]
ndcg_at_3	0.000587553 [-0.002706863, 0.003833379]
ndcg_at_5	-0.000053174 [-0.003747024, 0.003836777]
ndcg_at_10	0.000050905 [-0.003465638, 0.003559024]
stage-cal N
average_precision	-0.003155538 [-0.005714998, -0.000660325]
trapezoidal_pr_auc	-0.003047730 [-0.005743246, -0.000369060]
roc_auc	-0.001305866 [-0.002845699, 0.000168762]
recall_at_fpr_1pct	-0.002500000 [-0.010000000, 0.005000000]
brier	0.000092313 [0.000022252, 0.000160705]
log_loss	0.000345063 [0.000104493, 0.000584632]
precision	-0.007400794 [-0.026667659, 0.011210317]
recall	-0.002500000 [-0.005833333, 0.001250000]
f1	-0.003837875 [-0.009608289, 0.002313165]
specificity	0.000093110 [-0.000139665, 0.000325885]
balanced_accuracy	-0.001203445 [-0.002928596, 0.000671846]
mcc	-0.004430253 [-0.011370039, 0.003090353]
map	-0.007559465 [-0.010633355, -0.004597882]
mrr	-0.009522027 [-0.012938075, -0.006083423]
recall_at_1	-0.009821429 [-0.015178571, -0.004906994]
recall_at_3	-0.003422619 [-0.009077381, 0.001934524]
recall_at_5	-0.002232143 [-0.007886905, 0.002979911]
recall_at_10	-0.005803571 [-0.010863095, -0.000892857]
ndcg_at_1	-0.012500000 [-0.018750000, -0.006547619]
ndcg_at_3	-0.006938408 [-0.011125442, -0.003140711]
ndcg_at_5	-0.006445564 [-0.009829292, -0.003207882]
ndcg_at_10	-0.007833425 [-0.010671277, -0.005000345]
stage-cal Z
average_precision	-0.004785630 [-0.008874636, -0.000737190]
trapezoidal_pr_auc	-0.004762170 [-0.009232807, -0.000315887]
roc_auc	-0.000979981 [-0.003028457, 0.001045158]
recall_at_fpr_1pct	-0.005000000 [-0.016666667, 0.006666667]
brier	0.000109181 [0.000003274, 0.000216699]
log_loss	0.000344881 [-0.000027763, 0.000714934]
precision	-0.012023810 [-0.060084325, 0.029367063]
recall	-0.000833333 [-0.007500000, 0.005833333]
f1	-0.001281057 [-0.012762334, 0.009930289]
specificity	0.000093110 [-0.000279330, 0.000512104]
balanced_accuracy	-0.000370112 [-0.003957228, 0.003056331]
mcc	-0.002921820 [-0.017911024, 0.011538703]
map	-0.011319748 [-0.015456184, -0.007324660]
mrr	-0.013376068 [-0.017925924, -0.008708108]
recall_at_1	-0.017559524 [-0.024709821, -0.010714286]
recall_at_3	-0.000000000 [-0.008928571, 0.008630952]
recall_at_5	-0.000892857 [-0.010416667, 0.008630952]
recall_at_10	-0.007142857 [-0.013690476, -0.000297619]
ndcg_at_1	-0.020833333 [-0.029166667, -0.012500000]
ndcg_at_3	-0.008231018 [-0.014461511, -0.002452458]
ndcg_at_5	-0.008676608 [-0.013683878, -0.003442647]
ndcg_at_10	-0.010998783 [-0.014821854, -0.007192511]
stage-cal final_all
average_precision	-0.003045505 [-0.005450722, -0.000620165]
trapezoidal_pr_auc	-0.003090086 [-0.005587363, -0.000611413]
roc_auc	-0.001457557 [-0.002682078, -0.000152846]
recall_at_fpr_1pct	-0.001666667 [-0.008055556, 0.005000000]
brier	0.000042817 [-0.000024795, 0.000110256]
log_loss	0.000172612 [-0.000109735, 0.000440123]
precision	-0.007272527 [-0.031710468, 0.016442971]
recall	-0.001666667 [-0.005555556, 0.002222222]
f1	-0.002524819 [-0.008606489, 0.003472220]
specificity	0.000108628 [-0.000062073, 0.000294848]
balanced_accuracy	-0.000779019 [-0.002692427, 0.001111305]
mcc	-0.003419342 [-0.010749567, 0.003849099]
map	-0.003945658 [-0.006347428, -0.001493477]
mrr	-0.004694055 [-0.007453324, -0.001891136]
recall_at_1	-0.005853175 [-0.009623016, -0.002180060]
recall_at_3	0.000496032 [-0.004265873, 0.004960317]
recall_at_5	-0.000396825 [-0.005059524, 0.004563492]
recall_at_10	-0.001884921 [-0.006845238, 0.002876984]
ndcg_at_1	-0.006944444 [-0.011507937, -0.002182540]
ndcg_at_3	-0.002351970 [-0.005391766, 0.000614195]
ndcg_at_5	-0.002927652 [-0.005972998, 0.000324954]
ndcg_at_10	-0.003632325 [-0.006272487, -0.000949547]
stage-cal A2
average_precision	-0.001525445 [-0.003807411, 0.000827902]
trapezoidal_pr_auc	-0.001333291 [-0.003628820, 0.001121891]
roc_auc	-0.001631750 [-0.003379946, 0.000153748]
recall_at_fpr_1pct	0.000000000 [-0.006666667, 0.006666667]
brier	0.000075444 [0.000014702, 0.000135056]
log_loss	0.000345244 [0.000105627, 0.000586161]
precision	-0.002777778 [-0.024458333, 0.021111111]
recall	-0.004166667 [-0.008333333, -0.000000000]
f1	-0.006394692 [-0.013066127, 0.000108384]
specificity	0.000093110 [-0.000139665, 0.000325885]
balanced_accuracy	-0.002036778 [-0.004120112, 0.000000000]
mcc	-0.005938687 [-0.013569769, 0.001711195]
map	-0.003799182 [-0.007431836, -0.000252908]
mrr	-0.005667986 [-0.009971527, -0.001453838]
recall_at_1	-0.002083333 [-0.007738095, 0.003571429]
recall_at_3	-0.006845238 [-0.013095238, -0.000892857]
recall_at_5	-0.003571429 [-0.008035714, 0.000892857]
recall_at_10	-0.004464286 [-0.010119048, 0.001190476]
ndcg_at_1	-0.004166667 [-0.011309524, 0.002976190]
ndcg_at_3	-0.005645798 [-0.010231324, -0.001332186]
ndcg_at_5	-0.004214520 [-0.007954334, -0.000758964]
ndcg_at_10	-0.004668067 [-0.007756586, -0.001744765]
stage-cal F_first
average_precision	0.001730409 [-0.002328133, 0.005902335]
trapezoidal_pr_auc	0.001334995 [-0.002884281, 0.005782642]
roc_auc	0.001821462 [-0.000428393, 0.004063140]
recall_at_fpr_1pct	0.002500000 [-0.008333333, 0.012500000]
brier	0.000017192 [-0.000074945, 0.000107678]
log_loss	0.000119881 [-0.000309008, 0.000542936]
precision	0.003444565 [-0.053283460, 0.060734428]
recall	0.002500000 [-0.002500000, 0.007500000]
f1	0.003464777 [-0.004651080, 0.012013405]
specificity	-0.000093110 [-0.000465549, 0.000279330]
balanced_accuracy	0.001203445 [-0.001296555, 0.003797137]
mcc	0.003383614 [-0.010106103, 0.017264162]
map	-0.003432072 [-0.008471394, 0.001572150]
mrr	-0.004654667 [-0.010622129, 0.001257922]
recall_at_1	-0.006845238 [-0.014285714, 0.000595238]
recall_at_3	-0.002083333 [-0.010416667, 0.006250000]
recall_at_5	0.001190476 [-0.008333333, 0.010714286]
recall_at_10	0.004464286 [-0.004464286, 0.013392857]
ndcg_at_1	-0.008333333 [-0.017857143, 0.001190476]
ndcg_at_3	-0.004355258 [-0.009792715, 0.001091206]
ndcg_at_5	-0.002676385 [-0.008915822, 0.003559643]
ndcg_at_10	-0.001580432 [-0.006886557, 0.003814061]
stage-cal F
average_precision	0.001412720 [-0.001702189, 0.004405225]
trapezoidal_pr_auc	0.001587398 [-0.001773796, 0.004817313]
roc_auc	0.000880470 [-0.000824037, 0.002562951]
recall_at_fpr_1pct	0.000000000 [-0.008343750, 0.008333333]
brier	-0.000028087 [-0.000098221, 0.000038220]
log_loss	-0.000086144 [-0.000424905, 0.000221835]
precision	0.003507997 [-0.033586437, 0.042717074]
recall	0.000000000 [-0.004583333, 0.004583333]
f1	-0.000050646 [-0.007478728, 0.007466076]
specificity	-0.000069832 [-0.000325885, 0.000186220]
balanced_accuracy	-0.000034916 [-0.002338222, 0.002326583]
mcc	0.000698759 [-0.010244317, 0.010748874]
map	-0.001640977 [-0.005056801, 0.001693475]
mrr	-0.002480945 [-0.006634651, 0.001628064]
recall_at_1	-0.001041667 [-0.006547619, 0.004319196]
recall_at_3	-0.004166667 [-0.010119048, 0.001636905]
recall_at_5	-0.001636905 [-0.008333333, 0.004613095]
recall_at_10	-0.002976190 [-0.009821429, 0.003720238]
ndcg_at_1	-0.002083333 [-0.009226190, 0.005059524]
ndcg_at_3	-0.003410453 [-0.007350558, 0.000394066]
ndcg_at_5	-0.002054086 [-0.006276626, 0.001969866]
ndcg_at_10	-0.002384938 [-0.005935440, 0.001078236]
stage-cal G
average_precision	-0.002858847 [-0.005592279, -0.000233393]
trapezoidal_pr_auc	-0.003137853 [-0.006070708, -0.000369812]
roc_auc	-0.000412011 [-0.002062558, 0.001232775]
recall_at_fpr_1pct	-0.002500000 [-0.011250000, 0.006250000]
brier	-0.000023794 [-0.000090883, 0.000043541]
log_loss	-0.000073199 [-0.000311995, 0.000156049]
precision	-0.011567460 [-0.037638889, 0.011389385]
recall	-0.003750000 [-0.007500000, 0.000000000]
f1	-0.005720581 [-0.011749856, 0.000647917]
specificity	0.000209497 [-0.000069832, 0.000488827]
balanced_accuracy	-0.001770251 [-0.003633613, 0.000139956]
mcc	-0.006466573 [-0.014801195, 0.001884756]
map	-0.006690642 [-0.009757278, -0.003766129]
mrr	-0.008591476 [-0.012145423, -0.005128494]
recall_at_1	-0.008333333 [-0.013541667, -0.003273810]
recall_at_3	-0.002976190 [-0.010267857, 0.003720238]
recall_at_5	-0.000000000 [-0.006696429, 0.006547619]
recall_at_10	-0.003422619 [-0.008928571, 0.002083333]
ndcg_at_1	-0.011309524 [-0.017261905, -0.005357143]
ndcg_at_3	-0.006427369 [-0.011356861, -0.001912923]
ndcg_at_5	-0.005144357 [-0.008735959, -0.001609688]
ndcg_at_10	-0.006480683 [-0.009222237, -0.003882009]
first-cal O
average_precision	-0.002175443 [-0.005107437, 0.000838714]
trapezoidal_pr_auc	-0.002254043 [-0.005357209, 0.000832087]
roc_auc	-0.001696345 [-0.003207664, -0.000031992]
recall_at_fpr_1pct	0.000000000 [-0.007500000, 0.007500000]
brier	0.000026506 [-0.000044193, 0.000097185]
log_loss	0.000163510 [-0.000164518, 0.000474507]
precision	0.005486111 [-0.029524802, 0.040665179]
recall	-0.006250000 [-0.010416667, -0.002083333]
f1	-0.009480252 [-0.016157456, -0.002553531]
specificity	0.000349162 [0.000139665, 0.000558659]
balanced_accuracy	-0.002950419 [-0.004987488, -0.000866795]
mcc	-0.007505959 [-0.017614372, 0.002669555]
map	-0.000258614 [-0.003331472, 0.002756565]
mrr	-0.000353049 [-0.003879165, 0.003136871]
recall_at_1	-0.000000000 [-0.004464286, 0.004613095]
recall_at_3	0.000744048 [-0.004613095, 0.005952381]
recall_at_5	-0.000148810 [-0.005803571, 0.005803571]
recall_at_10	0.000744048 [-0.005803571, 0.007291667]
ndcg_at_1	0.000000000 [-0.005952381, 0.005952381]
ndcg_at_3	0.000587553 [-0.002706863, 0.003833379]
ndcg_at_5	-0.000053174 [-0.003747024, 0.003836777]
ndcg_at_10	0.000050905 [-0.003465638, 0.003559024]
first-cal N
average_precision	-0.003155538 [-0.005714998, -0.000660325]
trapezoidal_pr_auc	-0.003047730 [-0.005743246, -0.000369060]
roc_auc	-0.001305866 [-0.002845699, 0.000168762]
recall_at_fpr_1pct	-0.002500000 [-0.010000000, 0.005000000]
brier	0.000105222 [0.000036153, 0.000173758]
log_loss	0.000367398 [0.000123600, 0.000604538]
precision	0.011746032 [-0.014525298, 0.042165179]
recall	-0.005000000 [-0.007916667, -0.002083333]
f1	-0.007341532 [-0.012126378, -0.002850931]
specificity	0.000162942 [-0.000023277, 0.000372439]
balanced_accuracy	-0.002418529 [-0.003877153, -0.000995112]
mcc	-0.004887472 [-0.012066755, 0.002592290]
map	-0.007559465 [-0.010633355, -0.004597882]
mrr	-0.009522027 [-0.012938075, -0.006083423]
recall_at_1	-0.009821429 [-0.015178571, -0.004906994]
recall_at_3	-0.003422619 [-0.009077381, 0.001934524]
recall_at_5	-0.002232143 [-0.007886905, 0.002979911]
recall_at_10	-0.005803571 [-0.010863095, -0.000892857]
ndcg_at_1	-0.012500000 [-0.018750000, -0.006547619]
ndcg_at_3	-0.006938408 [-0.011125442, -0.003140711]
ndcg_at_5	-0.006445564 [-0.009829292, -0.003207882]
ndcg_at_10	-0.007833425 [-0.010671277, -0.005000345]
first-cal Z
average_precision	-0.004785630 [-0.008874636, -0.000737190]
trapezoidal_pr_auc	-0.004762170 [-0.009232807, -0.000315887]
roc_auc	-0.000979981 [-0.003028457, 0.001045158]
recall_at_fpr_1pct	-0.005000000 [-0.016666667, 0.006666667]
brier	0.000153360 [0.000053765, 0.000254986]
log_loss	0.000455276 [0.000095026, 0.000816321]
precision	-0.007301587 [-0.036194444, 0.023456349]
recall	-0.010000000 [-0.015000000, -0.005000000]
f1	-0.015134578 [-0.023341911, -0.007645792]
specificity	0.000232775 [-0.000093110, 0.000605214]
balanced_accuracy	-0.004883613 [-0.007477304, -0.002430168]
mcc	-0.014193913 [-0.024444876, -0.004293809]
map	-0.011319748 [-0.015456184, -0.007324660]
mrr	-0.013376068 [-0.017925924, -0.008708108]
recall_at_1	-0.017559524 [-0.024709821, -0.010714286]
recall_at_3	-0.000000000 [-0.008928571, 0.008630952]
recall_at_5	-0.000892857 [-0.010416667, 0.008630952]
recall_at_10	-0.007142857 [-0.013690476, -0.000297619]
ndcg_at_1	-0.020833333 [-0.029166667, -0.012500000]
ndcg_at_3	-0.008231018 [-0.014461511, -0.002452458]
ndcg_at_5	-0.008676608 [-0.013683878, -0.003442647]
ndcg_at_10	-0.010998783 [-0.014821854, -0.007192511]
first-cal final_all
average_precision	-0.003045505 [-0.005450722, -0.000620165]
trapezoidal_pr_auc	-0.003090086 [-0.005587363, -0.000611413]
roc_auc	-0.001457557 [-0.002682078, -0.000152846]
recall_at_fpr_1pct	-0.001666667 [-0.008055556, 0.005000000]
brier	0.000068791 [-0.000000293, 0.000136200]
log_loss	0.000260765 [-0.000014825, 0.000524774]
precision	0.001223545 [-0.023055886, 0.025562665]
recall	-0.007500000 [-0.010833333, -0.004166667]
f1	-0.011365027 [-0.016523103, -0.006109855]
specificity	0.000310366 [0.000139665, 0.000496586]
balanced_accuracy	-0.003594817 [-0.005193009, -0.001943669]
mcc	-0.009735277 [-0.016851110, -0.002370213]
map	-0.003945658 [-0.006347428, -0.001493477]
mrr	-0.004694055 [-0.007453324, -0.001891136]
recall_at_1	-0.005853175 [-0.009623016, -0.002180060]
recall_at_3	0.000496032 [-0.004265873, 0.004960317]
recall_at_5	-0.000396825 [-0.005059524, 0.004563492]
recall_at_10	-0.001884921 [-0.006845238, 0.002876984]
ndcg_at_1	-0.006944444 [-0.011507937, -0.002182540]
ndcg_at_3	-0.002351970 [-0.005391766, 0.000614195]
ndcg_at_5	-0.002927652 [-0.005972998, 0.000324954]
ndcg_at_10	-0.003632325 [-0.006272487, -0.000949547]
first-cal A2
average_precision	-0.001525445 [-0.003807411, 0.000827902]
trapezoidal_pr_auc	-0.001333291 [-0.003628820, 0.001121891]
roc_auc	-0.001631750 [-0.003379946, 0.000153748]
recall_at_fpr_1pct	0.000000000 [-0.006666667, 0.006666667]
brier	0.000057084 [-0.000009370, 0.000122963]
log_loss	0.000279521 [0.000025989, 0.000539311]
precision	0.030793651 [-0.011666667, 0.082461310]
recall	0.000000000 [-0.003333333, 0.004166667]
f1	0.000451514 [-0.005792482, 0.007029734]
specificity	0.000093110 [-0.000093110, 0.000279330]
balanced_accuracy	0.000046555 [-0.001713222, 0.002037360]
mcc	0.004418969 [-0.006494170, 0.016829768]
map	-0.003799182 [-0.007431836, -0.000252908]
mrr	-0.005667986 [-0.009971527, -0.001453838]
recall_at_1	-0.002083333 [-0.007738095, 0.003571429]
recall_at_3	-0.006845238 [-0.013095238, -0.000892857]
recall_at_5	-0.003571429 [-0.008035714, 0.000892857]
recall_at_10	-0.004464286 [-0.010119048, 0.001190476]
ndcg_at_1	-0.004166667 [-0.011309524, 0.002976190]
ndcg_at_3	-0.005645798 [-0.010231324, -0.001332186]
ndcg_at_5	-0.004214520 [-0.007954334, -0.000758964]
ndcg_at_10	-0.004668067 [-0.007756586, -0.001744765]
first-cal F_first
average_precision	0.001730409 [-0.002328133, 0.005902335]
trapezoidal_pr_auc	0.001334995 [-0.002884281, 0.005782642]
roc_auc	0.001821462 [-0.000428393, 0.004063140]
recall_at_fpr_1pct	0.002500000 [-0.008333333, 0.012500000]
brier	0.000029467 [-0.000066331, 0.000125204]
log_loss	0.000189856 [-0.000229058, 0.000611022]
precision	-0.015853175 [-0.066331349, 0.028968254]
recall	0.006666667 [-0.000000000, 0.013333333]
f1	0.010109991 [-0.000248597, 0.020647411]
specificity	-0.000372439 [-0.000698324, -0.000046555]
balanced_accuracy	0.003147114 [-0.000116969, 0.006457169]
mcc	0.006475300 [-0.007788891, 0.020748352]
map	-0.003432072 [-0.008471394, 0.001572150]
mrr	-0.004654667 [-0.010622129, 0.001257922]
recall_at_1	-0.006845238 [-0.014285714, 0.000595238]
recall_at_3	-0.002083333 [-0.010416667, 0.006250000]
recall_at_5	0.001190476 [-0.008333333, 0.010714286]
recall_at_10	0.004464286 [-0.004464286, 0.013392857]
ndcg_at_1	-0.008333333 [-0.017857143, 0.001190476]
ndcg_at_3	-0.004355258 [-0.009792715, 0.001091206]
ndcg_at_5	-0.002676385 [-0.008915822, 0.003559643]
ndcg_at_10	-0.001580432 [-0.006886557, 0.003814061]
first-cal F
average_precision	0.001412720 [-0.001702189, 0.004405225]
trapezoidal_pr_auc	0.001587398 [-0.001773796, 0.004817313]
roc_auc	0.000880470 [-0.000824037, 0.002562951]
recall_at_fpr_1pct	0.000000000 [-0.008343750, 0.008333333]
brier	-0.000002036 [-0.000070290, 0.000060510]
log_loss	0.000023749 [-0.000300766, 0.000322348]
precision	0.009910714 [-0.032262897, 0.052749008]
recall	0.006250000 [0.002083333, 0.010416667]
f1	0.009706008 [0.002558593, 0.016914315]
specificity	-0.000302607 [-0.000535382, -0.000069832]
balanced_accuracy	0.002973696 [0.000867086, 0.005091946]
mcc	0.009715443 [-0.001773929, 0.021569706]
map	-0.001640977 [-0.005056801, 0.001693475]
mrr	-0.002480945 [-0.006634651, 0.001628064]
recall_at_1	-0.001041667 [-0.006547619, 0.004319196]
recall_at_3	-0.004166667 [-0.010119048, 0.001636905]
recall_at_5	-0.001636905 [-0.008333333, 0.004613095]
recall_at_10	-0.002976190 [-0.009821429, 0.003720238]
ndcg_at_1	-0.002083333 [-0.009226190, 0.005059524]
ndcg_at_3	-0.003410453 [-0.007350558, 0.000394066]
ndcg_at_5	-0.002054086 [-0.006276626, 0.001969866]
ndcg_at_10	-0.002384938 [-0.005935440, 0.001078236]
first-cal G
average_precision	-0.002858847 [-0.005592279, -0.000233393]
trapezoidal_pr_auc	-0.003137853 [-0.006070708, -0.000369812]
roc_auc	-0.000412011 [-0.002062558, 0.001232775]
recall_at_fpr_1pct	-0.002500000 [-0.011250000, 0.006250000]
brier	-0.000042131 [-0.000108051, 0.000024542]
log_loss	-0.000139815 [-0.000382072, 0.000093624]
precision	0.015496032 [-0.019921627, 0.050696429]
recall	-0.006250000 [-0.010416667, -0.002083333]
f1	-0.009116126 [-0.015772258, -0.002351455]
specificity	0.000186220 [-0.000023277, 0.000418994]
balanced_accuracy	-0.003031890 [-0.005080307, -0.000971543]
mcc	-0.005788214 [-0.015583452, 0.004349251]
map	-0.006690642 [-0.009757278, -0.003766129]
mrr	-0.008591476 [-0.012145423, -0.005128494]
recall_at_1	-0.008333333 [-0.013541667, -0.003273810]
recall_at_3	-0.002976190 [-0.010267857, 0.003720238]
recall_at_5	-0.000000000 [-0.006696429, 0.006547619]
recall_at_10	-0.003422619 [-0.008928571, 0.002083333]
ndcg_at_1	-0.011309524 [-0.017261905, -0.005357143]
ndcg_at_3	-0.006427369 [-0.011356861, -0.001912923]
ndcg_at_5	-0.005144357 [-0.008735959, -0.001609688]
ndcg_at_10	-0.006480683 [-0.009222237, -0.003882009]

COMPARISON C_plus-LOGIT0.1: 23/23
FAILED: 
primary O
average_precision	0.026891057 [0.013078695, 0.040525516]
trapezoidal_pr_auc	0.026602133 [0.011967800, 0.041154640]
roc_auc	0.026893040 [0.017794198, 0.036034800]
recall_at_fpr_1pct	0.001250000 [-0.016250000, 0.018750000]
brier	-0.001119205 [-0.001532520, -0.000692946]
log_loss	-0.008241873 [-0.010088020, -0.006437903]
precision	-0.006881013 [-0.091972027, 0.081874962]
recall	0.016250000 [0.004166667, 0.028750000]
f1	0.023062702 [0.003468482, 0.043549748]
specificity	-0.000977654 [-0.001559590, -0.000395717]
balanced_accuracy	0.007636173 [0.001662331, 0.013922515]
mcc	0.017062110 [-0.010108211, 0.044844441]
map	0.033342107 [0.021264758, 0.045574273]
mrr	0.031320561 [0.018892325, 0.043750201]
recall_at_1	0.024851190 [0.009821429, 0.039880952]
recall_at_3	0.045238095 [0.029315476, 0.061160714]
recall_at_5	0.043154762 [0.027827381, 0.058184524]
recall_at_10	0.021428571 [0.005952381, 0.037500000]
ndcg_at_1	0.026785714 [0.008630952, 0.044345238]
ndcg_at_3	0.040089616 [0.026013536, 0.054191296]
ndcg_at_5	0.039360693 [0.027322689, 0.051619435]
ndcg_at_10	0.031709691 [0.020657245, 0.042996221]
primary N
average_precision	0.018200251 [0.005971949, 0.029485081]
trapezoidal_pr_auc	0.018760157 [0.005785471, 0.030681386]
roc_auc	0.015970670 [0.007349628, 0.024453329]
recall_at_fpr_1pct	-0.002500000 [-0.020416667, 0.014166667]
brier	-0.000873511 [-0.001229055, -0.000503163]
log_loss	-0.005361577 [-0.006903714, -0.003747784]
precision	0.049652778 [-0.013543403, 0.120001736]
recall	0.009166667 [-0.001250000, 0.020000000]
f1	0.015519028 [-0.001005953, 0.032729912]
specificity	-0.000000000 [-0.000465549, 0.000488827]
balanced_accuracy	0.004583333 [-0.000555459, 0.009907181]
mcc	0.020465786 [-0.000386134, 0.043560464]
map	0.010642012 [-0.001133177, 0.022469681]
mrr	0.008424580 [-0.005065295, 0.022045595]
recall_at_1	0.006250000 [-0.009378720, 0.021577381]
recall_at_3	0.019642857 [0.004613095, 0.034523810]
recall_at_5	0.029017857 [0.013984375, 0.043452381]
recall_at_10	-0.000446429 [-0.014583333, 0.013541667]
ndcg_at_1	0.003571429 [-0.014880952, 0.021428571]
ndcg_at_3	0.013933577 [0.000546921, 0.027700923]
ndcg_at_5	0.018303126 [0.005819832, 0.030501024]
ndcg_at_10	0.007847907 [-0.003422811, 0.018730929]
primary Z
average_precision	0.025441060 [0.011541189, 0.038487862]
trapezoidal_pr_auc	0.025998631 [0.011261818, 0.039804589]
roc_auc	0.020079143 [0.009929993, 0.030144728]
recall_at_fpr_1pct	0.002500000 [-0.020000000, 0.022500000]
brier	-0.001210297 [-0.001618909, -0.000788152]
log_loss	-0.006570861 [-0.008459464, -0.004681180]
precision	0.109861111 [0.015277778, 0.203479167]
recall	0.016666667 [0.000833333, 0.033333333]
f1	0.028192443 [0.003134532, 0.054067273]
specificity	0.000139665 [-0.000465549, 0.000744879]
balanced_accuracy	0.008403166 [0.000718110, 0.016620112]
mcc	0.040478998 [0.007687344, 0.073983242]
map	0.016296855 [0.001534811, 0.031311674]
mrr	0.015628325 [-0.000944453, 0.033599389]
recall_at_1	0.011904762 [-0.007738095, 0.031555060]
recall_at_3	0.024702381 [0.002083333, 0.045535714]
recall_at_5	0.036904762 [0.017857143, 0.055654762]
recall_at_10	0.007142857 [-0.008928571, 0.023519345]
ndcg_at_1	0.010119048 [-0.013095238, 0.033333333]
ndcg_at_3	0.019689997 [0.001980685, 0.037460782]
ndcg_at_5	0.025231406 [0.009511811, 0.041225489]
ndcg_at_10	0.014955735 [0.001617747, 0.028730664]
primary final_all
average_precision	0.026407725 [0.014636306, 0.037974706]
trapezoidal_pr_auc	0.026400965 [0.014017376, 0.038615774]
roc_auc	0.024621741 [0.016856126, 0.032449759]
recall_at_fpr_1pct	0.001666667 [-0.013888889, 0.016111111]
brier	-0.001149569 [-0.001518182, -0.000784257]
log_loss	-0.007684869 [-0.009329734, -0.006117665]
precision	0.032033029 [-0.041687876, 0.110601266]
recall	0.016388889 [0.005277778, 0.028055556]
f1	0.024772616 [0.006548306, 0.043686395]
specificity	-0.000605214 [-0.001055245, -0.000185832]
balanced_accuracy	0.007891837 [0.002390577, 0.013702301]
mcc	0.024867740 [-0.000010163, 0.050728147]
map	0.027660356 [0.016514843, 0.039254574]
mrr	0.026089816 [0.014268384, 0.038474427]
recall_at_1	0.020535714 [0.006746032, 0.034823909]
recall_at_3	0.038392857 [0.023710317, 0.053273810]
recall_at_5	0.041071429 [0.027281746, 0.054662698]
recall_at_10	0.016666667 [0.004662698, 0.029067460]
ndcg_at_1	0.021230159 [0.004960317, 0.037301587]
ndcg_at_3	0.033289743 [0.020264015, 0.047052998]
ndcg_at_5	0.034650930 [0.022810942, 0.046851689]
ndcg_at_10	0.026125039 [0.015576554, 0.037046822]
primary A2
average_precision	0.010959441 [-0.004651938, 0.025619385]
trapezoidal_pr_auc	0.011521684 [-0.004929086, 0.026824141]
roc_auc	0.011862197 [0.001374534, 0.022479050]
recall_at_fpr_1pct	-0.007500000 [-0.030833333, 0.014166667]
brier	-0.000536725 [-0.000961498, -0.000078399]
log_loss	-0.004152292 [-0.005864648, -0.002341399]
precision	-0.010555556 [-0.087500000, 0.070840278]
recall	0.001666667 [-0.009166667, 0.012500000]
f1	0.002845613 [-0.014223869, 0.020145707]
specificity	-0.000139665 [-0.000837989, 0.000558659]
balanced_accuracy	0.000763501 [-0.004606611, 0.006156890]
mcc	0.000452574 [-0.022174471, 0.024243863]
map	0.004987169 [-0.008715410, 0.018605027]
mrr	0.001220835 [-0.014416049, 0.016506423]
recall_at_1	0.000595238 [-0.018154762, 0.019345238]
recall_at_3	0.014583333 [-0.003273810, 0.032150298]
recall_at_5	0.021130952 [0.002976190, 0.039880952]
recall_at_10	-0.008035714 [-0.029464286, 0.014285714]
ndcg_at_1	-0.002976190 [-0.026190476, 0.019047619]
ndcg_at_3	0.008177158 [-0.007566598, 0.024235413]
ndcg_at_5	0.011374846 [-0.003562671, 0.026289155]
ndcg_at_10	0.000740078 [-0.012474637, 0.013956542]
primary F_first
average_precision	-0.028429262 [-0.047534975, -0.010432907]
trapezoidal_pr_auc	-0.028494378 [-0.048661036, -0.009212150]
roc_auc	-0.024519320 [-0.036166434, -0.013037360]
recall_at_fpr_1pct	-0.014166667 [-0.045000000, 0.014166667]
brier	-0.000890253 [-0.001382731, -0.000404045]
log_loss	-0.006172364 [-0.008354755, -0.004010522]
precision	-0.050484007 [-0.192262491, 0.098072000]
recall	-0.024166667 [-0.043333333, -0.005833333]
f1	-0.037575566 [-0.067980517, -0.008074049]
specificity	0.001489758 [0.000651769, 0.002374302]
balanced_accuracy	-0.011338454 [-0.020968866, -0.002032123]
mcc	-0.037588183 [-0.078772294, 0.004259857]
map	-0.051899334 [-0.071140509, -0.033660008]
mrr	-0.049798999 [-0.068851456, -0.032032154]
recall_at_1	-0.051488095 [-0.076785714, -0.027976190]
recall_at_3	-0.056250000 [-0.080654762, -0.033333333]
recall_at_5	-0.063988095 [-0.087202381, -0.040178571]
recall_at_10	-0.036904762 [-0.061904762, -0.013980655]
ndcg_at_1	-0.056547619 [-0.084523810, -0.029761905]
ndcg_at_3	-0.056162465 [-0.078977316, -0.035279418]
ndcg_at_5	-0.059072755 [-0.077972579, -0.040953862]
ndcg_at_10	-0.050077548 [-0.066343609, -0.034161373]
primary F
average_precision	-0.027550208 [-0.040329567, -0.015467936]
trapezoidal_pr_auc	-0.027168357 [-0.041011380, -0.014499774]
roc_auc	-0.022231727 [-0.029687529, -0.014751891]
recall_at_fpr_1pct	-0.017083333 [-0.037093750, 0.002083333]
brier	-0.000947283 [-0.001320979, -0.000586163]
log_loss	-0.005939797 [-0.007478527, -0.004343816]
precision	-0.036452321 [-0.122309952, 0.050126638]
recall	-0.024166667 [-0.036666667, -0.012083333]
f1	-0.036442248 [-0.056841210, -0.016823924]
specificity	0.001233706 [0.000558659, 0.001908752]
balanced_accuracy	-0.011466480 [-0.017798243, -0.005482746]
mcc	-0.035008585 [-0.061793864, -0.008824314]
map	-0.039555121 [-0.051903394, -0.028071499]
mrr	-0.039422659 [-0.051472132, -0.027926222]
recall_at_1	-0.034077381 [-0.050892857, -0.018601190]
recall_at_3	-0.046428571 [-0.062500000, -0.030208333]
recall_at_5	-0.042410714 [-0.059973958, -0.024851190]
recall_at_10	-0.034077381 [-0.048660714, -0.019494048]
ndcg_at_1	-0.040178571 [-0.059226190, -0.022321429]
ndcg_at_3	-0.045093815 [-0.058889206, -0.031996049]
ndcg_at_5	-0.042885866 [-0.055666684, -0.030569784]
ndcg_at_10	-0.040174115 [-0.050692850, -0.029983733]
primary G
average_precision	0.006486065 [-0.005478786, 0.017837673]
trapezoidal_pr_auc	0.008288681 [-0.004628495, 0.020725372]
roc_auc	-0.003639432 [-0.012114932, 0.004842906]
recall_at_fpr_1pct	0.000000000 [-0.020416667, 0.019166667]
brier	0.000010584 [-0.000388726, 0.000392549]
log_loss	-0.000313297 [-0.001866146, 0.001192070]
precision	-0.003194444 [-0.102848958, 0.099027778]
recall	-0.012083333 [-0.024583333, 0.000416667]
f1	-0.018428532 [-0.038817388, 0.001947366]
specificity	0.000651769 [-0.000093110, 0.001396648]
balanced_accuracy	-0.005715782 [-0.011977712, 0.000546118]
mcc	-0.016041612 [-0.046619365, 0.014647144]
map	-0.010495397 [-0.023915021, 0.002526827]
mrr	-0.012268549 [-0.028653782, 0.003472638]
recall_at_1	-0.009821429 [-0.027083333, 0.007291667]
recall_at_3	-0.009077381 [-0.026640625, 0.008035714]
recall_at_5	0.008928571 [-0.007589286, 0.025446429]
recall_at_10	-0.009672619 [-0.027529762, 0.008184524]
ndcg_at_1	-0.019940476 [-0.042269345, 0.001785714]
ndcg_at_3	-0.011396643 [-0.027873955, 0.004816076]
ndcg_at_5	-0.003829916 [-0.018202594, 0.010300481]
ndcg_at_10	-0.010995761 [-0.023509490, 0.001454094]
raw O
average_precision	0.026891057 [0.013078695, 0.040525516]
trapezoidal_pr_auc	0.026602133 [0.011967800, 0.041154640]
roc_auc	0.026893040 [0.017794198, 0.036034800]
recall_at_fpr_1pct	0.001250000 [-0.016250000, 0.018750000]
brier	-0.000253234 [-0.000536266, 0.000016470]
log_loss	0.025465575 [0.021841837, 0.029205983]
precision	0.159722222 [0.091666667, 0.230555556]
recall	0.012083333 [0.006666667, 0.017916667]
f1	0.022139093 [0.012445887, 0.032691904]
specificity	-0.000139665 [-0.000256052, -0.000023277]
balanced_accuracy	0.005971834 [0.003286778, 0.008911778]
mcc	0.041234104 [0.023481651, 0.060326338]
map	0.033342107 [0.021264758, 0.045574273]
mrr	0.031320561 [0.018892325, 0.043750201]
recall_at_1	0.024851190 [0.009821429, 0.039880952]
recall_at_3	0.045238095 [0.029315476, 0.061160714]
recall_at_5	0.043154762 [0.027827381, 0.058184524]
recall_at_10	0.021428571 [0.005952381, 0.037500000]
ndcg_at_1	0.026785714 [0.008630952, 0.044345238]
ndcg_at_3	0.040089616 [0.026013536, 0.054191296]
ndcg_at_5	0.039360693 [0.027322689, 0.051619435]
ndcg_at_10	0.031709691 [0.020657245, 0.042996221]
raw N
average_precision	0.018200251 [0.005971949, 0.029485081]
trapezoidal_pr_auc	0.018760157 [0.005785471, 0.030681386]
roc_auc	0.015970670 [0.007349628, 0.024453329]
recall_at_fpr_1pct	-0.002500000 [-0.020416667, 0.014166667]
brier	-0.000243587 [-0.000475090, -0.000014594]
log_loss	0.028401134 [0.025312352, 0.031556115]
precision	0.083333333 [0.041666667, 0.125000000]
recall	0.005833333 [0.002500000, 0.009166667]
f1	0.010822511 [0.004689755, 0.017027417]
specificity	-0.000023277 [-0.000069832, 0.000000000]
balanced_accuracy	0.002905028 [0.001250000, 0.004583333]
mcc	0.021079044 [0.009733248, 0.032977115]
map	0.010642012 [-0.001133177, 0.022469681]
mrr	0.008424580 [-0.005065295, 0.022045595]
recall_at_1	0.006250000 [-0.009378720, 0.021577381]
recall_at_3	0.019642857 [0.004613095, 0.034523810]
recall_at_5	0.029017857 [0.013984375, 0.043452381]
recall_at_10	-0.000446429 [-0.014583333, 0.013541667]
ndcg_at_1	0.003571429 [-0.014880952, 0.021428571]
ndcg_at_3	0.013933577 [0.000546921, 0.027700923]
ndcg_at_5	0.018303126 [0.005819832, 0.030501024]
ndcg_at_10	0.007847907 [-0.003422811, 0.018730929]
raw Z
average_precision	0.025441060 [0.011541189, 0.038487862]
trapezoidal_pr_auc	0.025998631 [0.011261818, 0.039804589]
roc_auc	0.020079143 [0.009929993, 0.030144728]
recall_at_fpr_1pct	0.002500000 [-0.020000000, 0.022500000]
brier	-0.000159981 [-0.000473736, 0.000136730]
log_loss	0.028350390 [0.024520106, 0.032214395]
precision	0.100000000 [0.033333333, 0.183333333]
recall	0.005833333 [0.001666667, 0.010833333]
f1	0.010966811 [0.003174603, 0.020346320]
specificity	-0.000046555 [-0.000139665, 0.000000000]
balanced_accuracy	0.002893389 [0.000810056, 0.005416667]
mcc	0.023098150 [0.007060424, 0.042564646]
map	0.016296855 [0.001534811, 0.031311674]
mrr	0.015628325 [-0.000944453, 0.033599389]
recall_at_1	0.011904762 [-0.007738095, 0.031555060]
recall_at_3	0.024702381 [0.002083333, 0.045535714]
recall_at_5	0.036904762 [0.017857143, 0.055654762]
recall_at_10	0.007142857 [-0.008928571, 0.023519345]
ndcg_at_1	0.010119048 [-0.013095238, 0.033333333]
ndcg_at_3	0.019689997 [0.001980685, 0.037460782]
ndcg_at_5	0.025231406 [0.009511811, 0.041225489]
ndcg_at_10	0.014955735 [0.001617747, 0.028730664]
raw final_all
average_precision	0.026407725 [0.014636306, 0.037974706]
trapezoidal_pr_auc	0.026400965 [0.014017376, 0.038615774]
roc_auc	0.024621741 [0.016856126, 0.032449759]
recall_at_fpr_1pct	0.001666667 [-0.013888889, 0.016111111]
brier	-0.000222149 [-0.000490613, 0.000033399]
log_loss	0.026427180 [0.023034711, 0.029789423]
precision	0.139814815 [0.079629630, 0.205578704]
recall	0.010000000 [0.005555556, 0.015000000]
f1	0.018414999 [0.010341014, 0.027676454]
specificity	-0.000108628 [-0.000201738, -0.000031037]
balanced_accuracy	0.004945686 [0.002723464, 0.007468963]
mcc	0.035188786 [0.019788264, 0.052306029]
map	0.027660356 [0.016514843, 0.039254574]
mrr	0.026089816 [0.014268384, 0.038474427]
recall_at_1	0.020535714 [0.006746032, 0.034823909]
recall_at_3	0.038392857 [0.023710317, 0.053273810]
recall_at_5	0.041071429 [0.027281746, 0.054662698]
recall_at_10	0.016666667 [0.004662698, 0.029067460]
ndcg_at_1	0.021230159 [0.004960317, 0.037301587]
ndcg_at_3	0.033289743 [0.020264015, 0.047052998]
ndcg_at_5	0.034650930 [0.022810942, 0.046851689]
ndcg_at_10	0.026125039 [0.015576554, 0.037046822]
raw A2
average_precision	0.010959441 [-0.004651938, 0.025619385]
trapezoidal_pr_auc	0.011521684 [-0.004929086, 0.026824141]
roc_auc	0.011862197 [0.001374534, 0.022479050]
recall_at_fpr_1pct	-0.007500000 [-0.030833333, 0.014166667]
brier	-0.000327193 [-0.000555651, -0.000096851]
log_loss	0.028451878 [0.025431778, 0.031567010]
precision	0.066666667 [0.016666667, 0.133333333]
recall	0.005833333 [0.001666667, 0.011666667]
f1	0.010678211 [0.003030303, 0.021356421]
specificity	0.000000000 [0.000000000, 0.000000000]
balanced_accuracy	0.002916667 [0.000833333, 0.005833333]
mcc	0.019059938 [0.005142761, 0.038119876]
map	0.004987169 [-0.008715410, 0.018605027]
mrr	0.001220835 [-0.014416049, 0.016506423]
recall_at_1	0.000595238 [-0.018154762, 0.019345238]
recall_at_3	0.014583333 [-0.003273810, 0.032150298]
recall_at_5	0.021130952 [0.002976190, 0.039880952]
recall_at_10	-0.008035714 [-0.029464286, 0.014285714]
ndcg_at_1	-0.002976190 [-0.026190476, 0.019047619]
ndcg_at_3	0.008177158 [-0.007566598, 0.024235413]
ndcg_at_5	0.011374846 [-0.003562671, 0.026289155]
ndcg_at_10	0.000740078 [-0.012474637, 0.013956542]
raw F_first
average_precision	-0.028429262 [-0.047534975, -0.010432907]
trapezoidal_pr_auc	-0.028494378 [-0.048661036, -0.009212150]
roc_auc	-0.024519320 [-0.036166434, -0.013037360]
recall_at_fpr_1pct	-0.014166667 [-0.045000000, 0.014166667]
brier	-0.000400851 [-0.000711146, -0.000106184]
log_loss	-0.014450213 [-0.018258416, -0.010553821]
precision	-0.130555556 [-0.261111111, 0.013888889]
recall	-0.013333333 [-0.023333333, -0.003333333]
f1	-0.023925591 [-0.042120114, -0.005776946]
specificity	0.000046555 [-0.000093110, 0.000186220]
balanced_accuracy	-0.006643389 [-0.011666667, -0.001643389]
mcc	-0.039750129 [-0.072725013, -0.004793972]
map	-0.051899334 [-0.071140509, -0.033660008]
mrr	-0.049798999 [-0.068851456, -0.032032154]
recall_at_1	-0.051488095 [-0.076785714, -0.027976190]
recall_at_3	-0.056250000 [-0.080654762, -0.033333333]
recall_at_5	-0.063988095 [-0.087202381, -0.040178571]
recall_at_10	-0.036904762 [-0.061904762, -0.013980655]
ndcg_at_1	-0.056547619 [-0.084523810, -0.029761905]
ndcg_at_3	-0.056162465 [-0.078977316, -0.035279418]
ndcg_at_5	-0.059072755 [-0.077972579, -0.040953862]
ndcg_at_10	-0.050077548 [-0.066343609, -0.034161373]
raw F
average_precision	-0.027550208 [-0.040329567, -0.015467936]
trapezoidal_pr_auc	-0.027168357 [-0.041011380, -0.014499774]
roc_auc	-0.022231727 [-0.029687529, -0.014751891]
recall_at_fpr_1pct	-0.017083333 [-0.037093750, 0.002083333]
brier	-0.000220978 [-0.000456628, 0.000006941]
log_loss	-0.009942130 [-0.012589368, -0.007098713]
precision	-0.090277778 [-0.172222222, -0.009722222]
recall	-0.006666667 [-0.013333333, 0.000000000]
f1	-0.012179246 [-0.024491930, -0.000222646]
specificity	0.000069832 [-0.000046555, 0.000186220]
balanced_accuracy	-0.003298417 [-0.006655319, 0.000000000]
mcc	-0.022853003 [-0.044943502, -0.001415191]
map	-0.039555121 [-0.051903394, -0.028071499]
mrr	-0.039422659 [-0.051472132, -0.027926222]
recall_at_1	-0.034077381 [-0.050892857, -0.018601190]
recall_at_3	-0.046428571 [-0.062500000, -0.030208333]
recall_at_5	-0.042410714 [-0.059973958, -0.024851190]
recall_at_10	-0.034077381 [-0.048660714, -0.019494048]
ndcg_at_1	-0.040178571 [-0.059226190, -0.022321429]
ndcg_at_3	-0.045093815 [-0.058889206, -0.031996049]
ndcg_at_5	-0.042885866 [-0.055666684, -0.030569784]
ndcg_at_10	-0.040174115 [-0.050692850, -0.029983733]
raw G
average_precision	0.006486065 [-0.005478786, 0.017837673]
trapezoidal_pr_auc	0.008288681 [-0.004628495, 0.020725372]
roc_auc	-0.003639432 [-0.012114932, 0.004842906]
recall_at_fpr_1pct	0.000000000 [-0.020416667, 0.019166667]
brier	0.000039281 [-0.000143391, 0.000224169]
log_loss	0.004744001 [0.002011957, 0.007260149]
precision	0.000000000 [-0.041666667, 0.041666667]
recall	-0.000416667 [-0.003750000, 0.002916667]
f1	-0.000596022 [-0.006662902, 0.005474073]
specificity	0.000186220 [0.000069832, 0.000325885]
balanced_accuracy	-0.000115223 [-0.001793529, 0.001563082]
mcc	0.000215505 [-0.010404937, 0.011266818]
map	-0.010495397 [-0.023915021, 0.002526827]
mrr	-0.012268549 [-0.028653782, 0.003472638]
recall_at_1	-0.009821429 [-0.027083333, 0.007291667]
recall_at_3	-0.009077381 [-0.026640625, 0.008035714]
recall_at_5	0.008928571 [-0.007589286, 0.025446429]
recall_at_10	-0.009672619 [-0.027529762, 0.008184524]
ndcg_at_1	-0.019940476 [-0.042269345, 0.001785714]
ndcg_at_3	-0.011396643 [-0.027873955, 0.004816076]
ndcg_at_5	-0.003829916 [-0.018202594, 0.010300481]
ndcg_at_10	-0.010995761 [-0.023509490, 0.001454094]
stage-cal O
average_precision	0.026891057 [0.013078695, 0.040525516]
trapezoidal_pr_auc	0.026602133 [0.011967800, 0.041154640]
roc_auc	0.026893040 [0.017794198, 0.036034800]
recall_at_fpr_1pct	0.001250000 [-0.016250000, 0.018750000]
brier	-0.001119205 [-0.001532520, -0.000692946]
log_loss	-0.008241873 [-0.010088020, -0.006437903]
precision	-0.006881013 [-0.091972027, 0.081874962]
recall	0.016250000 [0.004166667, 0.028750000]
f1	0.023062702 [0.003468482, 0.043549748]
specificity	-0.000977654 [-0.001559590, -0.000395717]
balanced_accuracy	0.007636173 [0.001662331, 0.013922515]
mcc	0.017062110 [-0.010108211, 0.044844441]
map	0.033342107 [0.021264758, 0.045574273]
mrr	0.031320561 [0.018892325, 0.043750201]
recall_at_1	0.024851190 [0.009821429, 0.039880952]
recall_at_3	0.045238095 [0.029315476, 0.061160714]
recall_at_5	0.043154762 [0.027827381, 0.058184524]
recall_at_10	0.021428571 [0.005952381, 0.037500000]
ndcg_at_1	0.026785714 [0.008630952, 0.044345238]
ndcg_at_3	0.040089616 [0.026013536, 0.054191296]
ndcg_at_5	0.039360693 [0.027322689, 0.051619435]
ndcg_at_10	0.031709691 [0.020657245, 0.042996221]
stage-cal N
average_precision	0.018200251 [0.005971949, 0.029485081]
trapezoidal_pr_auc	0.018760157 [0.005785471, 0.030681386]
roc_auc	0.015970670 [0.007349628, 0.024453329]
recall_at_fpr_1pct	-0.002500000 [-0.020416667, 0.014166667]
brier	-0.000873511 [-0.001229055, -0.000503163]
log_loss	-0.005361577 [-0.006903714, -0.003747784]
precision	0.049652778 [-0.013543403, 0.120001736]
recall	0.009166667 [-0.001250000, 0.020000000]
f1	0.015519028 [-0.001005953, 0.032729912]
specificity	-0.000000000 [-0.000465549, 0.000488827]
balanced_accuracy	0.004583333 [-0.000555459, 0.009907181]
mcc	0.020465786 [-0.000386134, 0.043560464]
map	0.010642012 [-0.001133177, 0.022469681]
mrr	0.008424580 [-0.005065295, 0.022045595]
recall_at_1	0.006250000 [-0.009378720, 0.021577381]
recall_at_3	0.019642857 [0.004613095, 0.034523810]
recall_at_5	0.029017857 [0.013984375, 0.043452381]
recall_at_10	-0.000446429 [-0.014583333, 0.013541667]
ndcg_at_1	0.003571429 [-0.014880952, 0.021428571]
ndcg_at_3	0.013933577 [0.000546921, 0.027700923]
ndcg_at_5	0.018303126 [0.005819832, 0.030501024]
ndcg_at_10	0.007847907 [-0.003422811, 0.018730929]
stage-cal Z
average_precision	0.025441060 [0.011541189, 0.038487862]
trapezoidal_pr_auc	0.025998631 [0.011261818, 0.039804589]
roc_auc	0.020079143 [0.009929993, 0.030144728]
recall_at_fpr_1pct	0.002500000 [-0.020000000, 0.022500000]
brier	-0.001210297 [-0.001618909, -0.000788152]
log_loss	-0.006570861 [-0.008459464, -0.004681180]
precision	0.109861111 [0.015277778, 0.203479167]
recall	0.016666667 [0.000833333, 0.033333333]
f1	0.028192443 [0.003134532, 0.054067273]
specificity	0.000139665 [-0.000465549, 0.000744879]
balanced_accuracy	0.008403166 [0.000718110, 0.016620112]
mcc	0.040478998 [0.007687344, 0.073983242]
map	0.016296855 [0.001534811, 0.031311674]
mrr	0.015628325 [-0.000944453, 0.033599389]
recall_at_1	0.011904762 [-0.007738095, 0.031555060]
recall_at_3	0.024702381 [0.002083333, 0.045535714]
recall_at_5	0.036904762 [0.017857143, 0.055654762]
recall_at_10	0.007142857 [-0.008928571, 0.023519345]
ndcg_at_1	0.010119048 [-0.013095238, 0.033333333]
ndcg_at_3	0.019689997 [0.001980685, 0.037460782]
ndcg_at_5	0.025231406 [0.009511811, 0.041225489]
ndcg_at_10	0.014955735 [0.001617747, 0.028730664]
stage-cal final_all
average_precision	0.026407725 [0.014636306, 0.037974706]
trapezoidal_pr_auc	0.026400965 [0.014017376, 0.038615774]
roc_auc	0.024621741 [0.016856126, 0.032449759]
recall_at_fpr_1pct	0.001666667 [-0.013888889, 0.016111111]
brier	-0.001149569 [-0.001518182, -0.000784257]
log_loss	-0.007684869 [-0.009329734, -0.006117665]
precision	0.032033029 [-0.041687876, 0.110601266]
recall	0.016388889 [0.005277778, 0.028055556]
f1	0.024772616 [0.006548306, 0.043686395]
specificity	-0.000605214 [-0.001055245, -0.000185832]
balanced_accuracy	0.007891837 [0.002390577, 0.013702301]
mcc	0.024867740 [-0.000010163, 0.050728147]
map	0.027660356 [0.016514843, 0.039254574]
mrr	0.026089816 [0.014268384, 0.038474427]
recall_at_1	0.020535714 [0.006746032, 0.034823909]
recall_at_3	0.038392857 [0.023710317, 0.053273810]
recall_at_5	0.041071429 [0.027281746, 0.054662698]
recall_at_10	0.016666667 [0.004662698, 0.029067460]
ndcg_at_1	0.021230159 [0.004960317, 0.037301587]
ndcg_at_3	0.033289743 [0.020264015, 0.047052998]
ndcg_at_5	0.034650930 [0.022810942, 0.046851689]
ndcg_at_10	0.026125039 [0.015576554, 0.037046822]
stage-cal A2
average_precision	0.010959441 [-0.004651938, 0.025619385]
trapezoidal_pr_auc	0.011521684 [-0.004929086, 0.026824141]
roc_auc	0.011862197 [0.001374534, 0.022479050]
recall_at_fpr_1pct	-0.007500000 [-0.030833333, 0.014166667]
brier	-0.000536725 [-0.000961498, -0.000078399]
log_loss	-0.004152292 [-0.005864648, -0.002341399]
precision	-0.010555556 [-0.087500000, 0.070840278]
recall	0.001666667 [-0.009166667, 0.012500000]
f1	0.002845613 [-0.014223869, 0.020145707]
specificity	-0.000139665 [-0.000837989, 0.000558659]
balanced_accuracy	0.000763501 [-0.004606611, 0.006156890]
mcc	0.000452574 [-0.022174471, 0.024243863]
map	0.004987169 [-0.008715410, 0.018605027]
mrr	0.001220835 [-0.014416049, 0.016506423]
recall_at_1	0.000595238 [-0.018154762, 0.019345238]
recall_at_3	0.014583333 [-0.003273810, 0.032150298]
recall_at_5	0.021130952 [0.002976190, 0.039880952]
recall_at_10	-0.008035714 [-0.029464286, 0.014285714]
ndcg_at_1	-0.002976190 [-0.026190476, 0.019047619]
ndcg_at_3	0.008177158 [-0.007566598, 0.024235413]
ndcg_at_5	0.011374846 [-0.003562671, 0.026289155]
ndcg_at_10	0.000740078 [-0.012474637, 0.013956542]
stage-cal F_first
average_precision	-0.028429262 [-0.047534975, -0.010432907]
trapezoidal_pr_auc	-0.028494378 [-0.048661036, -0.009212150]
roc_auc	-0.024519320 [-0.036166434, -0.013037360]
recall_at_fpr_1pct	-0.014166667 [-0.045000000, 0.014166667]
brier	-0.000890253 [-0.001382731, -0.000404045]
log_loss	-0.006172364 [-0.008354755, -0.004010522]
precision	-0.050484007 [-0.192262491, 0.098072000]
recall	-0.024166667 [-0.043333333, -0.005833333]
f1	-0.037575566 [-0.067980517, -0.008074049]
specificity	0.001489758 [0.000651769, 0.002374302]
balanced_accuracy	-0.011338454 [-0.020968866, -0.002032123]
mcc	-0.037588183 [-0.078772294, 0.004259857]
map	-0.051899334 [-0.071140509, -0.033660008]
mrr	-0.049798999 [-0.068851456, -0.032032154]
recall_at_1	-0.051488095 [-0.076785714, -0.027976190]
recall_at_3	-0.056250000 [-0.080654762, -0.033333333]
recall_at_5	-0.063988095 [-0.087202381, -0.040178571]
recall_at_10	-0.036904762 [-0.061904762, -0.013980655]
ndcg_at_1	-0.056547619 [-0.084523810, -0.029761905]
ndcg_at_3	-0.056162465 [-0.078977316, -0.035279418]
ndcg_at_5	-0.059072755 [-0.077972579, -0.040953862]
ndcg_at_10	-0.050077548 [-0.066343609, -0.034161373]
stage-cal F
average_precision	-0.027550208 [-0.040329567, -0.015467936]
trapezoidal_pr_auc	-0.027168357 [-0.041011380, -0.014499774]
roc_auc	-0.022231727 [-0.029687529, -0.014751891]
recall_at_fpr_1pct	-0.017083333 [-0.037093750, 0.002083333]
brier	-0.000947283 [-0.001320979, -0.000586163]
log_loss	-0.005939797 [-0.007478527, -0.004343816]
precision	-0.036452321 [-0.122309952, 0.050126638]
recall	-0.024166667 [-0.036666667, -0.012083333]
f1	-0.036442248 [-0.056841210, -0.016823924]
specificity	0.001233706 [0.000558659, 0.001908752]
balanced_accuracy	-0.011466480 [-0.017798243, -0.005482746]
mcc	-0.035008585 [-0.061793864, -0.008824314]
map	-0.039555121 [-0.051903394, -0.028071499]
mrr	-0.039422659 [-0.051472132, -0.027926222]
recall_at_1	-0.034077381 [-0.050892857, -0.018601190]
recall_at_3	-0.046428571 [-0.062500000, -0.030208333]
recall_at_5	-0.042410714 [-0.059973958, -0.024851190]
recall_at_10	-0.034077381 [-0.048660714, -0.019494048]
ndcg_at_1	-0.040178571 [-0.059226190, -0.022321429]
ndcg_at_3	-0.045093815 [-0.058889206, -0.031996049]
ndcg_at_5	-0.042885866 [-0.055666684, -0.030569784]
ndcg_at_10	-0.040174115 [-0.050692850, -0.029983733]
stage-cal G
average_precision	0.006486065 [-0.005478786, 0.017837673]
trapezoidal_pr_auc	0.008288681 [-0.004628495, 0.020725372]
roc_auc	-0.003639432 [-0.012114932, 0.004842906]
recall_at_fpr_1pct	0.000000000 [-0.020416667, 0.019166667]
brier	0.000010584 [-0.000388726, 0.000392549]
log_loss	-0.000313297 [-0.001866146, 0.001192070]
precision	-0.003194444 [-0.102848958, 0.099027778]
recall	-0.012083333 [-0.024583333, 0.000416667]
f1	-0.018428532 [-0.038817388, 0.001947366]
specificity	0.000651769 [-0.000093110, 0.001396648]
balanced_accuracy	-0.005715782 [-0.011977712, 0.000546118]
mcc	-0.016041612 [-0.046619365, 0.014647144]
map	-0.010495397 [-0.023915021, 0.002526827]
mrr	-0.012268549 [-0.028653782, 0.003472638]
recall_at_1	-0.009821429 [-0.027083333, 0.007291667]
recall_at_3	-0.009077381 [-0.026640625, 0.008035714]
recall_at_5	0.008928571 [-0.007589286, 0.025446429]
recall_at_10	-0.009672619 [-0.027529762, 0.008184524]
ndcg_at_1	-0.019940476 [-0.042269345, 0.001785714]
ndcg_at_3	-0.011396643 [-0.027873955, 0.004816076]
ndcg_at_5	-0.003829916 [-0.018202594, 0.010300481]
ndcg_at_10	-0.010995761 [-0.023509490, 0.001454094]
first-cal O
average_precision	0.026891057 [0.013078695, 0.040525516]
trapezoidal_pr_auc	0.026602133 [0.011967800, 0.041154640]
roc_auc	0.026893040 [0.017794198, 0.036034800]
recall_at_fpr_1pct	0.001250000 [-0.016250000, 0.018750000]
brier	-0.001084054 [-0.001517352, -0.000640766]
log_loss	-0.009213173 [-0.011196882, -0.007261099]
precision	0.000337302 [-0.082412450, 0.083683532]
recall	-0.003333333 [-0.014166667, 0.008333333]
f1	-0.005615456 [-0.023705637, 0.013264604]
specificity	0.000046555 [-0.000581937, 0.000651769]
balanced_accuracy	-0.001643389 [-0.007152031, 0.004134631]
mcc	-0.005286948 [-0.030620146, 0.020293155]
map	0.033342107 [0.021264758, 0.045574273]
mrr	0.031320561 [0.018892325, 0.043750201]
recall_at_1	0.024851190 [0.009821429, 0.039880952]
recall_at_3	0.045238095 [0.029315476, 0.061160714]
recall_at_5	0.043154762 [0.027827381, 0.058184524]
recall_at_10	0.021428571 [0.005952381, 0.037500000]
ndcg_at_1	0.026785714 [0.008630952, 0.044345238]
ndcg_at_3	0.040089616 [0.026013536, 0.054191296]
ndcg_at_5	0.039360693 [0.027322689, 0.051619435]
ndcg_at_10	0.031709691 [0.020657245, 0.042996221]
first-cal N
average_precision	0.018200251 [0.005971949, 0.029485081]
trapezoidal_pr_auc	0.018760157 [0.005785471, 0.030681386]
roc_auc	0.015970670 [0.007349628, 0.024453329]
recall_at_fpr_1pct	-0.002500000 [-0.020416667, 0.014166667]
brier	-0.000899118 [-0.001278953, -0.000498807]
log_loss	-0.006091070 [-0.007761983, -0.004329996]
precision	0.089414683 [0.019431300, 0.163565228]
recall	0.005000000 [-0.005833333, 0.015833333]
f1	0.010914830 [-0.005818776, 0.027702091]
specificity	0.000954376 [0.000395717, 0.001513035]
balanced_accuracy	0.002977188 [-0.002474686, 0.008372294]
mcc	0.023938551 [0.002541112, 0.046057431]
map	0.010642012 [-0.001133177, 0.022469681]
mrr	0.008424580 [-0.005065295, 0.022045595]
recall_at_1	0.006250000 [-0.009378720, 0.021577381]
recall_at_3	0.019642857 [0.004613095, 0.034523810]
recall_at_5	0.029017857 [0.013984375, 0.043452381]
recall_at_10	-0.000446429 [-0.014583333, 0.013541667]
ndcg_at_1	0.003571429 [-0.014880952, 0.021428571]
ndcg_at_3	0.013933577 [0.000546921, 0.027700923]
ndcg_at_5	0.018303126 [0.005819832, 0.030501024]
ndcg_at_10	0.007847907 [-0.003422811, 0.018730929]
first-cal Z
average_precision	0.025441060 [0.011541189, 0.038487862]
trapezoidal_pr_auc	0.025998631 [0.011261818, 0.039804589]
roc_auc	0.020079143 [0.009929993, 0.030144728]
recall_at_fpr_1pct	0.002500000 [-0.020000000, 0.022500000]
brier	-0.001322760 [-0.001797213, -0.000835551]
log_loss	-0.007512412 [-0.009544762, -0.005463829]
precision	0.177361111 [0.073559028, 0.281515377]
recall	0.005000000 [-0.010000000, 0.020000000]
f1	0.014047180 [-0.010008489, 0.037979422]
specificity	0.001908752 [0.001163873, 0.002653631]
balanced_accuracy	0.003454376 [-0.004092703, 0.011070764]
mcc	0.041143269 [0.008175592, 0.073931659]
map	0.016296855 [0.001534811, 0.031311674]
mrr	0.015628325 [-0.000944453, 0.033599389]
recall_at_1	0.011904762 [-0.007738095, 0.031555060]
recall_at_3	0.024702381 [0.002083333, 0.045535714]
recall_at_5	0.036904762 [0.017857143, 0.055654762]
recall_at_10	0.007142857 [-0.008928571, 0.023519345]
ndcg_at_1	0.010119048 [-0.013095238, 0.033333333]
ndcg_at_3	0.019689997 [0.001980685, 0.037460782]
ndcg_at_5	0.025231406 [0.009511811, 0.041225489]
ndcg_at_10	0.014955735 [0.001617747, 0.028730664]
first-cal final_all
average_precision	0.026407725 [0.014636306, 0.037974706]
trapezoidal_pr_auc	0.026400965 [0.014017376, 0.038615774]
roc_auc	0.024621741 [0.016856126, 0.032449759]
recall_at_fpr_1pct	0.001666667 [-0.013888889, 0.016111111]
brier	-0.001163623 [-0.001541817, -0.000788762]
log_loss	-0.008646252 [-0.010387014, -0.006937197]
precision	0.059345238 [-0.016694334, 0.136467097]
recall	-0.000555556 [-0.010277778, 0.009722222]
f1	0.000938756 [-0.015051760, 0.017766880]
specificity	0.000667287 [0.000139665, 0.001179392]
balanced_accuracy	0.000055866 [-0.004811472, 0.005157491]
mcc	0.010189791 [-0.012348824, 0.033647075]
map	0.027660356 [0.016514843, 0.039254574]
mrr	0.026089816 [0.014268384, 0.038474427]
recall_at_1	0.020535714 [0.006746032, 0.034823909]
recall_at_3	0.038392857 [0.023710317, 0.053273810]
recall_at_5	0.041071429 [0.027281746, 0.054662698]
recall_at_10	0.016666667 [0.004662698, 0.029067460]
ndcg_at_1	0.021230159 [0.004960317, 0.037301587]
ndcg_at_3	0.033289743 [0.020264015, 0.047052998]
ndcg_at_5	0.034650930 [0.022810942, 0.046851689]
ndcg_at_10	0.026125039 [0.015576554, 0.037046822]
first-cal A2
average_precision	0.010959441 [-0.004651938, 0.025619385]
trapezoidal_pr_auc	0.011521684 [-0.004929086, 0.026824141]
roc_auc	0.011862197 [0.001374534, 0.022479050]
recall_at_fpr_1pct	-0.007500000 [-0.030833333, 0.014166667]
brier	-0.000475476 [-0.000949997, 0.000014276]
log_loss	-0.004669729 [-0.006616465, -0.002648858]
precision	0.001468254 [-0.101356151, 0.100359127]
recall	0.005000000 [-0.008333333, 0.017500000]
f1	0.007782480 [-0.012503158, 0.027510865]
specificity	0.000000000 [-0.000698324, 0.000698324]
balanced_accuracy	0.002500000 [-0.004050861, 0.008843110]
mcc	0.006733833 [-0.020704262, 0.033873906]
map	0.004987169 [-0.008715410, 0.018605027]
mrr	0.001220835 [-0.014416049, 0.016506423]
recall_at_1	0.000595238 [-0.018154762, 0.019345238]
recall_at_3	0.014583333 [-0.003273810, 0.032150298]
recall_at_5	0.021130952 [0.002976190, 0.039880952]
recall_at_10	-0.008035714 [-0.029464286, 0.014285714]
ndcg_at_1	-0.002976190 [-0.026190476, 0.019047619]
ndcg_at_3	0.008177158 [-0.007566598, 0.024235413]
ndcg_at_5	0.011374846 [-0.003562671, 0.026289155]
ndcg_at_10	0.000740078 [-0.012474637, 0.013956542]
first-cal F_first
average_precision	-0.028429262 [-0.047534975, -0.010432907]
trapezoidal_pr_auc	-0.028494378 [-0.048661036, -0.009212150]
roc_auc	-0.024519320 [-0.036166434, -0.013037360]
recall_at_fpr_1pct	-0.014166667 [-0.045000000, 0.014166667]
brier	-0.000987499 [-0.001481141, -0.000507559]
log_loss	-0.007210972 [-0.009532921, -0.004900253]
precision	-0.107281746 [-0.260021825, 0.047662202]
recall	-0.002500000 [-0.021687500, 0.016666667]
f1	-0.009838793 [-0.040156628, 0.020194257]
specificity	0.000046555 [-0.000698324, 0.000837989]
balanced_accuracy	-0.001226723 [-0.010902002, 0.008219797]
mcc	-0.025254358 [-0.066870043, 0.016928459]
map	-0.051899334 [-0.071140509, -0.033660008]
mrr	-0.049798999 [-0.068851456, -0.032032154]
recall_at_1	-0.051488095 [-0.076785714, -0.027976190]
recall_at_3	-0.056250000 [-0.080654762, -0.033333333]
recall_at_5	-0.063988095 [-0.087202381, -0.040178571]
recall_at_10	-0.036904762 [-0.061904762, -0.013980655]
ndcg_at_1	-0.056547619 [-0.084523810, -0.029761905]
ndcg_at_3	-0.056162465 [-0.078977316, -0.035279418]
ndcg_at_5	-0.059072755 [-0.077972579, -0.040953862]
ndcg_at_10	-0.050077548 [-0.066343609, -0.034161373]
first-cal F
average_precision	-0.027550208 [-0.040329567, -0.015467936]
trapezoidal_pr_auc	-0.027168357 [-0.041011380, -0.014499774]
roc_auc	-0.022231727 [-0.029687529, -0.014751891]
recall_at_fpr_1pct	-0.017083333 [-0.037093750, 0.002083333]
brier	-0.000942757 [-0.001312783, -0.000589062]
log_loss	-0.006652378 [-0.008273603, -0.004975773]
precision	-0.037658730 [-0.116974454, 0.043228175]
recall	-0.002916667 [-0.014166667, 0.007916667]
f1	-0.005295656 [-0.022929506, 0.012137519]
specificity	0.000279330 [-0.000279330, 0.000884544]
balanced_accuracy	-0.001318669 [-0.006850879, 0.004178334]
mcc	-0.009518898 [-0.033070433, 0.012874533]
map	-0.039555121 [-0.051903394, -0.028071499]
mrr	-0.039422659 [-0.051472132, -0.027926222]
recall_at_1	-0.034077381 [-0.050892857, -0.018601190]
recall_at_3	-0.046428571 [-0.062500000, -0.030208333]
recall_at_5	-0.042410714 [-0.059973958, -0.024851190]
recall_at_10	-0.034077381 [-0.048660714, -0.019494048]
ndcg_at_1	-0.040178571 [-0.059226190, -0.022321429]
ndcg_at_3	-0.045093815 [-0.058889206, -0.031996049]
ndcg_at_5	-0.042885866 [-0.055666684, -0.030569784]
ndcg_at_10	-0.040174115 [-0.050692850, -0.029983733]
first-cal G
average_precision	0.006486065 [-0.005478786, 0.017837673]
trapezoidal_pr_auc	0.008288681 [-0.004628495, 0.020725372]
roc_auc	-0.003639432 [-0.012114932, 0.004842906]
recall_at_fpr_1pct	0.000000000 [-0.020416667, 0.019166667]
brier	0.000169348 [-0.000212758, 0.000544320]
log_loss	0.000676024 [-0.000983932, 0.002301516]
precision	0.058974868 [-0.033663773, 0.152412450]
recall	-0.012083333 [-0.025833333, 0.001250000]
f1	-0.016850900 [-0.038416462, 0.004228913]
specificity	0.001326816 [0.000651769, 0.002001862]
balanced_accuracy	-0.005378259 [-0.012230301, 0.001253492]
mcc	-0.004741449 [-0.034676428, 0.025511437]
map	-0.010495397 [-0.023915021, 0.002526827]
mrr	-0.012268549 [-0.028653782, 0.003472638]
recall_at_1	-0.009821429 [-0.027083333, 0.007291667]
recall_at_3	-0.009077381 [-0.026640625, 0.008035714]
recall_at_5	0.008928571 [-0.007589286, 0.025446429]
recall_at_10	-0.009672619 [-0.027529762, 0.008184524]
ndcg_at_1	-0.019940476 [-0.042269345, 0.001785714]
ndcg_at_3	-0.011396643 [-0.027873955, 0.004816076]
ndcg_at_5	-0.003829916 [-0.018202594, 0.010300481]
ndcg_at_10	-0.010995761 [-0.023509490, 0.001454094]

COMPARISON C_plus-S: 4/23
FAILED: old_map_improves, old_map_interval_above_zero, old_recall5_improves, new_map_non_decrease, new_recall5_non_decrease, O_average_precision_non_degradation, O_roc_auc_non_degradation, O_brier_non_degradation, O_log_loss_non_degradation, N_average_precision_non_degradation, N_roc_auc_non_degradation, N_brier_non_degradation, N_log_loss_non_degradation, Z_map_non_degradation, Z_recall_at_5_non_degradation, Z_average_precision_non_degradation, Z_roc_auc_non_degradation, Z_brier_non_degradation, Z_log_loss_non_degradation
primary O
average_precision	-0.000711080 [-0.003201830, 0.001823297]
trapezoidal_pr_auc	-0.000876700 [-0.003609769, 0.001958266]
roc_auc	-0.001334963 [-0.002809678, 0.000208741]
recall_at_fpr_1pct	-0.000833333 [-0.006666667, 0.004583333]
brier	0.000014534 [-0.000052132, 0.000083555]
log_loss	0.000094709 [-0.000176700, 0.000352785]
precision	-0.007324735 [-0.040251736, 0.022867560]
recall	-0.006250000 [-0.010833333, -0.002083333]
f1	-0.010278582 [-0.017464536, -0.003690159]
specificity	0.000046555 [-0.000209497, 0.000302607]
balanced_accuracy	-0.003101723 [-0.005300308, -0.001006750]
mcc	-0.010844708 [-0.020709703, -0.001878196]
map	-0.000397255 [-0.002944382, 0.002236051]
mrr	-0.000902397 [-0.004296603, 0.002439965]
recall_at_1	-0.000892857 [-0.004914435, 0.003422619]
recall_at_3	0.003273810 [-0.002232143, 0.008783482]
recall_at_5	-0.000297619 [-0.005654762, 0.004910714]
recall_at_10	0.000148810 [-0.004464286, 0.005059524]
ndcg_at_1	-0.001488095 [-0.007440476, 0.004464286]
ndcg_at_3	0.001407769 [-0.001822240, 0.004765599]
ndcg_at_5	-0.000320329 [-0.003367146, 0.002792301]
ndcg_at_10	-0.000281450 [-0.003158711, 0.002632497]
primary N
average_precision	-0.002761466 [-0.005051508, -0.000654904]
trapezoidal_pr_auc	-0.002832441 [-0.005373625, -0.000507677]
roc_auc	-0.000587756 [-0.001627095, 0.000451583]
recall_at_fpr_1pct	-0.002083333 [-0.007510417, 0.003333333]
brier	0.000072914 [0.000008862, 0.000135832]
log_loss	0.000192504 [0.000003772, 0.000385729]
precision	0.001626984 [-0.017638889, 0.021687500]
recall	-0.001250000 [-0.004166667, 0.001666667]
f1	-0.001884327 [-0.006380460, 0.002541956]
specificity	0.000162942 [-0.000046555, 0.000395717]
balanced_accuracy	-0.000543529 [-0.001920391, 0.000821695]
mcc	-0.001417662 [-0.007234385, 0.004579228]
map	-0.006122552 [-0.008931608, -0.003453657]
mrr	-0.007943410 [-0.011163640, -0.004827866]
recall_at_1	-0.008035714 [-0.012500000, -0.003720238]
recall_at_3	-0.001636905 [-0.006250000, 0.002827381]
recall_at_5	-0.000297619 [-0.004464286, 0.004017857]
recall_at_10	-0.003720238 [-0.008035714, 0.000595238]
ndcg_at_1	-0.011309524 [-0.016964286, -0.005952381]
ndcg_at_3	-0.005452080 [-0.009035908, -0.001972539]
ndcg_at_5	-0.004664435 [-0.007663152, -0.001680839]
ndcg_at_10	-0.005973526 [-0.008537289, -0.003466944]
primary Z
average_precision	-0.005032864 [-0.009045519, -0.001402449]
trapezoidal_pr_auc	-0.005043341 [-0.009585164, -0.000940763]
roc_auc	-0.000314246 [-0.001769204, 0.001154562]
recall_at_fpr_1pct	-0.005833333 [-0.015000000, 0.003333333]
brier	0.000110548 [0.000003000, 0.000218531]
log_loss	0.000257093 [-0.000071145, 0.000603028]
precision	-0.002023810 [-0.048217262, 0.037976190]
recall	0.002500000 [-0.003333333, 0.008333333]
f1	0.003854378 [-0.005132290, 0.013570338]
specificity	0.000186220 [-0.000186220, 0.000605214]
balanced_accuracy	0.001343110 [-0.001387919, 0.004306331]
mcc	0.003290051 [-0.009535339, 0.015917824]
map	-0.009343817 [-0.013147084, -0.005687149]
mrr	-0.011489178 [-0.015853418, -0.007041504]
recall_at_1	-0.013690476 [-0.019642857, -0.008035714]
recall_at_3	-0.001488095 [-0.008928571, 0.005952381]
recall_at_5	-0.000297619 [-0.007440476, 0.007440476]
recall_at_10	-0.003273810 [-0.008630952, 0.002083333]
ndcg_at_1	-0.017857143 [-0.025595238, -0.010119048]
ndcg_at_3	-0.007867655 [-0.012937295, -0.002878622]
ndcg_at_5	-0.006946202 [-0.011178218, -0.002455225]
ndcg_at_10	-0.008217919 [-0.011457088, -0.005052380]
primary final_all
average_precision	-0.002151675 [-0.004153709, -0.000164927]
trapezoidal_pr_auc	-0.002265581 [-0.004542546, -0.000055746]
roc_auc	-0.000994724 [-0.002038466, 0.000146667]
recall_at_fpr_1pct	-0.002500000 [-0.007500000, 0.002222222]
brier	0.000046539 [-0.000011151, 0.000105464]
log_loss	0.000148837 [-0.000066379, 0.000353420]
precision	-0.005557760 [-0.028430831, 0.015822531]
recall	-0.003333333 [-0.006666667, 0.000000000]
f1	-0.005567595 [-0.011078168, -0.000199387]
specificity	0.000093110 [-0.000108628, 0.000294848]
balanced_accuracy	-0.001620112 [-0.003325574, 0.000084594]
mcc	-0.006133122 [-0.013633525, 0.000690658]
map	-0.003379442 [-0.005349829, -0.001322198]
mrr	-0.004431324 [-0.007067289, -0.001707080]
recall_at_1	-0.005158730 [-0.008236607, -0.001984127]
recall_at_3	0.001686508 [-0.002876984, 0.006349206]
recall_at_5	-0.000297619 [-0.004563492, 0.004067460]
recall_at_10	-0.000992063 [-0.004464286, 0.002480159]
ndcg_at_1	-0.006944444 [-0.011507937, -0.002380952]
ndcg_at_3	-0.001684039 [-0.004395538, 0.001072063]
ndcg_at_5	-0.002528953 [-0.005079494, 0.000013552]
ndcg_at_10	-0.002926940 [-0.004878508, -0.000815109]
primary A2
average_precision	-0.000490067 [-0.002986877, 0.002239062]
trapezoidal_pr_auc	-0.000621542 [-0.003374888, 0.002309903]
roc_auc	-0.000861266 [-0.002320880, 0.000630878]
recall_at_fpr_1pct	0.001666667 [-0.005000000, 0.007500000]
brier	0.000035280 [-0.000013325, 0.000082343]
log_loss	0.000127914 [-0.000067707, 0.000323528]
precision	0.005277778 [-0.019444444, 0.032777778]
recall	-0.005000000 [-0.009166667, -0.001666667]
f1	-0.007623032 [-0.013937604, -0.002392914]
specificity	0.000139665 [-0.000046555, 0.000325885]
balanced_accuracy	-0.002430168 [-0.004490223, -0.000763501]
mcc	-0.006125374 [-0.013915221, 0.001045792]
map	-0.002901287 [-0.006485982, 0.000498486]
mrr	-0.004397641 [-0.008571326, -0.000331270]
recall_at_1	-0.002380952 [-0.008333333, 0.003273810]
recall_at_3	-0.001785714 [-0.007440476, 0.003571429]
recall_at_5	-0.000297619 [-0.004166667, 0.003869048]
recall_at_10	-0.004166667 [-0.010416667, 0.001785714]
ndcg_at_1	-0.004761905 [-0.011904762, 0.002380952]
ndcg_at_3	-0.003036505 [-0.007399806, 0.001139504]
ndcg_at_5	-0.002382668 [-0.005830593, 0.000971146]
ndcg_at_10	-0.003729132 [-0.007066967, -0.000392045]
primary F_first
average_precision	-0.000392531 [-0.004278636, 0.003248961]
trapezoidal_pr_auc	-0.000543219 [-0.004759563, 0.003479120]
roc_auc	0.002069367 [0.000237430, 0.003824546]
recall_at_fpr_1pct	0.000833333 [-0.008333333, 0.010000000]
brier	-0.000001497 [-0.000104717, 0.000109890]
log_loss	0.000125430 [-0.000209946, 0.000469795]
precision	-0.022294974 [-0.069375992, 0.017753638]
recall	0.002500000 [-0.003333333, 0.008333333]
f1	0.003453970 [-0.005019745, 0.011970784]
specificity	0.000000000 [-0.000418994, 0.000420158]
balanced_accuracy	0.001250000 [-0.001713222, 0.004143389]
mcc	0.000510375 [-0.010177650, 0.011096183]
map	-0.001488451 [-0.005838494, 0.002779226]
mrr	-0.002834137 [-0.008010665, 0.002153236]
recall_at_1	-0.005059524 [-0.011904762, 0.001488095]
recall_at_3	-0.000595238 [-0.008928571, 0.008035714]
recall_at_5	0.005059524 [-0.003571429, 0.013690476]
recall_at_10	0.001190476 [-0.005059524, 0.007440476]
ndcg_at_1	-0.005952381 [-0.014880952, 0.002380952]
ndcg_at_3	-0.002238242 [-0.007514352, 0.003194696]
ndcg_at_5	0.000249562 [-0.004967298, 0.005392395]
ndcg_at_10	-0.001116373 [-0.005177212, 0.002840679]
primary F
average_precision	0.000466046 [-0.002400592, 0.003223143]
trapezoidal_pr_auc	0.000565930 [-0.002657855, 0.003742738]
roc_auc	0.000904330 [-0.000708828, 0.002493046]
recall_at_fpr_1pct	0.001666667 [-0.005000000, 0.008333333]
brier	-0.000003106 [-0.000066609, 0.000064653]
log_loss	0.000030752 [-0.000245821, 0.000296646]
precision	0.009963624 [-0.021233879, 0.043664435]
recall	0.003750000 [-0.001250000, 0.008750000]
f1	0.006467066 [-0.001001642, 0.014174597]
specificity	0.000023277 [-0.000256052, 0.000302607]
balanced_accuracy	0.001886639 [-0.000521415, 0.004294693]
mcc	0.007782021 [-0.001798728, 0.018356119]
map	-0.001053388 [-0.004099515, 0.001845010]
mrr	-0.001296424 [-0.005363499, 0.002608900]
recall_at_1	-0.000297619 [-0.005505952, 0.004613095]
recall_at_3	-0.004166667 [-0.010267857, 0.001785714]
recall_at_5	0.000148810 [-0.005658482, 0.006101190]
recall_at_10	-0.002232143 [-0.007738095, 0.002976190]
ndcg_at_1	-0.000892857 [-0.008333333, 0.006250000]
ndcg_at_3	-0.002926021 [-0.006623274, 0.000842279]
ndcg_at_5	-0.000871005 [-0.004315399, 0.002482594]
ndcg_at_10	-0.001583116 [-0.004690462, 0.001404901]
primary G
average_precision	-0.001376582 [-0.004094988, 0.001130820]
trapezoidal_pr_auc	-0.001852212 [-0.004913370, 0.000914260]
roc_auc	0.000320065 [-0.000877590, 0.001545653]
recall_at_fpr_1pct	-0.000416667 [-0.007500000, 0.006666667]
brier	0.000004686 [-0.000061978, 0.000069262]
log_loss	0.000114812 [-0.000100232, 0.000320972]
precision	-0.002400794 [-0.026392361, 0.020338294]
recall	-0.002083333 [-0.005416667, 0.001250000]
f1	-0.003345980 [-0.008958553, 0.002048686]
specificity	0.000279330 [0.000023277, 0.000535382]
balanced_accuracy	-0.000902002 [-0.002591946, 0.000729749]
mcc	-0.003305697 [-0.011474027, 0.004159284]
map	-0.004396029 [-0.007354446, -0.001548716]
mrr	-0.006009396 [-0.009364243, -0.002736245]
recall_at_1	-0.004761905 [-0.009672619, -0.000000000]
recall_at_3	-0.002529762 [-0.007738095, 0.002380952]
recall_at_5	0.003125000 [-0.002380952, 0.008333333]
recall_at_10	-0.003125000 [-0.007886905, 0.001636905]
ndcg_at_1	-0.007738095 [-0.013690476, -0.002083333]
ndcg_at_3	-0.004795595 [-0.008797587, -0.000874617]
ndcg_at_5	-0.002183329 [-0.005386396, 0.000890931]
ndcg_at_10	-0.004494681 [-0.007129838, -0.001921423]
raw O
average_precision	-0.000711080 [-0.003201830, 0.001823297]
trapezoidal_pr_auc	-0.000876700 [-0.003609769, 0.001958266]
roc_auc	-0.001334963 [-0.002809678, 0.000208741]
recall_at_fpr_1pct	-0.000833333 [-0.006666667, 0.004583333]
brier	0.000254005 [0.000214602, 0.000291348]
log_loss	0.004385615 [0.003966912, 0.004786128]
precision	-0.027777778 [-0.066666667, 0.008333333]
recall	-0.002500000 [-0.005416667, 0.000000000]
f1	-0.004430956 [-0.009589686, 0.000000000]
specificity	0.000000000 [-0.000093110, 0.000093110]
balanced_accuracy	-0.001250000 [-0.002719972, 0.000000000]
mcc	-0.007704187 [-0.016649348, 0.000429611]
map	-0.000397255 [-0.002944382, 0.002236051]
mrr	-0.000902397 [-0.004296603, 0.002439965]
recall_at_1	-0.000892857 [-0.004914435, 0.003422619]
recall_at_3	0.003273810 [-0.002232143, 0.008783482]
recall_at_5	-0.000297619 [-0.005654762, 0.004910714]
recall_at_10	0.000148810 [-0.004464286, 0.005059524]
ndcg_at_1	-0.001488095 [-0.007440476, 0.004464286]
ndcg_at_3	0.001407769 [-0.001822240, 0.004765599]
ndcg_at_5	-0.000320329 [-0.003367146, 0.002792301]
ndcg_at_10	-0.000281450 [-0.003158711, 0.002632497]
raw N
average_precision	-0.002761466 [-0.005051508, -0.000654904]
trapezoidal_pr_auc	-0.002832441 [-0.005373625, -0.000507677]
roc_auc	-0.000587756 [-0.001627095, 0.000451583]
recall_at_fpr_1pct	-0.002083333 [-0.007510417, 0.003333333]
brier	0.000171108 [0.000134739, 0.000209258]
log_loss	0.002613253 [0.002305309, 0.002931616]
precision	-0.013888889 [-0.038888889, 0.005555556]
recall	-0.000833333 [-0.002083333, 0.000000000]
f1	-0.001521425 [-0.003902378, 0.000131752]
specificity	0.000023277 [0.000000000, 0.000069832]
balanced_accuracy	-0.000405028 [-0.001030028, 0.000023277]
mcc	-0.003103871 [-0.008551354, 0.001055567]
map	-0.006122552 [-0.008931608, -0.003453657]
mrr	-0.007943410 [-0.011163640, -0.004827866]
recall_at_1	-0.008035714 [-0.012500000, -0.003720238]
recall_at_3	-0.001636905 [-0.006250000, 0.002827381]
recall_at_5	-0.000297619 [-0.004464286, 0.004017857]
recall_at_10	-0.003720238 [-0.008035714, 0.000595238]
ndcg_at_1	-0.011309524 [-0.016964286, -0.005952381]
ndcg_at_3	-0.005452080 [-0.009035908, -0.001972539]
ndcg_at_5	-0.004664435 [-0.007663152, -0.001680839]
ndcg_at_10	-0.005973526 [-0.008537289, -0.003466944]
raw Z
average_precision	-0.005032864 [-0.009045519, -0.001402449]
trapezoidal_pr_auc	-0.005043341 [-0.009585164, -0.000940763]
roc_auc	-0.000314246 [-0.001769204, 0.001154562]
recall_at_fpr_1pct	-0.005833333 [-0.015000000, 0.003333333]
brier	0.000271993 [0.000212735, 0.000336354]
log_loss	0.003697930 [0.003224166, 0.004185945]
precision	0.000000000 [0.000000000, 0.000000000]
recall	0.000000000 [0.000000000, 0.000000000]
f1	0.000000000 [0.000000000, 0.000000000]
specificity	0.000000000 [0.000000000, 0.000000000]
balanced_accuracy	0.000000000 [0.000000000, 0.000000000]
mcc	0.000000000 [0.000000000, 0.000000000]
map	-0.009343817 [-0.013147084, -0.005687149]
mrr	-0.011489178 [-0.015853418, -0.007041504]
recall_at_1	-0.013690476 [-0.019642857, -0.008035714]
recall_at_3	-0.001488095 [-0.008928571, 0.005952381]
recall_at_5	-0.000297619 [-0.007440476, 0.007440476]
recall_at_10	-0.003273810 [-0.008630952, 0.002083333]
ndcg_at_1	-0.017857143 [-0.025595238, -0.010119048]
ndcg_at_3	-0.007867655 [-0.012937295, -0.002878622]
ndcg_at_5	-0.006946202 [-0.011178218, -0.002455225]
ndcg_at_10	-0.008217919 [-0.011457088, -0.005052380]
raw final_all
average_precision	-0.002151675 [-0.004153709, -0.000164927]
trapezoidal_pr_auc	-0.002265581 [-0.004542546, -0.000055746]
roc_auc	-0.000994724 [-0.002038466, 0.000146667]
recall_at_fpr_1pct	-0.002500000 [-0.007500000, 0.002222222]
brier	0.000260001 [0.000224574, 0.000295231]
log_loss	0.004156387 [0.003824013, 0.004478528]
precision	-0.018518519 [-0.044444444, 0.005555556]
recall	-0.001666667 [-0.003611111, 0.000000000]
f1	-0.002953970 [-0.006393124, 0.000000000]
specificity	0.000000000 [-0.000062073, 0.000062073]
balanced_accuracy	-0.000833333 [-0.001813315, 0.000000000]
mcc	-0.005136125 [-0.011099565, 0.000286407]
map	-0.003379442 [-0.005349829, -0.001322198]
mrr	-0.004431324 [-0.007067289, -0.001707080]
recall_at_1	-0.005158730 [-0.008236607, -0.001984127]
recall_at_3	0.001686508 [-0.002876984, 0.006349206]
recall_at_5	-0.000297619 [-0.004563492, 0.004067460]
recall_at_10	-0.000992063 [-0.004464286, 0.002480159]
ndcg_at_1	-0.006944444 [-0.011507937, -0.002380952]
ndcg_at_3	-0.001684039 [-0.004395538, 0.001072063]
ndcg_at_5	-0.002528953 [-0.005079494, 0.000013552]
ndcg_at_10	-0.002926940 [-0.004878508, -0.000815109]
raw A2
average_precision	-0.000490067 [-0.002986877, 0.002239062]
trapezoidal_pr_auc	-0.000621542 [-0.003374888, 0.002309903]
roc_auc	-0.000861266 [-0.002320880, 0.000630878]
recall_at_fpr_1pct	0.001666667 [-0.005000000, 0.007500000]
brier	0.000070224 [0.000040573, 0.000100797]
log_loss	0.001528576 [0.001133324, 0.001933128]
precision	-0.027777778 [-0.077777778, 0.011111111]
recall	-0.001666667 [-0.004166667, 0.000000000]
f1	-0.003042851 [-0.007804756, 0.000263505]
specificity	0.000046555 [0.000000000, 0.000139665]
balanced_accuracy	-0.000810056 [-0.002060056, 0.000046555]
mcc	-0.006207743 [-0.017102708, 0.002111135]
map	-0.002901287 [-0.006485982, 0.000498486]
mrr	-0.004397641 [-0.008571326, -0.000331270]
recall_at_1	-0.002380952 [-0.008333333, 0.003273810]
recall_at_3	-0.001785714 [-0.007440476, 0.003571429]
recall_at_5	-0.000297619 [-0.004166667, 0.003869048]
recall_at_10	-0.004166667 [-0.010416667, 0.001785714]
ndcg_at_1	-0.004761905 [-0.011904762, 0.002380952]
ndcg_at_3	-0.003036505 [-0.007399806, 0.001139504]
ndcg_at_5	-0.002382668 [-0.005830593, 0.000971146]
ndcg_at_10	-0.003729132 [-0.007066967, -0.000392045]
raw F_first
average_precision	-0.000392531 [-0.004278636, 0.003248961]
trapezoidal_pr_auc	-0.000543219 [-0.004759563, 0.003479120]
roc_auc	0.002069367 [0.000237430, 0.003824546]
recall_at_fpr_1pct	0.000833333 [-0.008333333, 0.010000000]
brier	0.000237005 [0.000180884, 0.000291742]
log_loss	0.004737251 [0.004207776, 0.005290091]
precision	-0.011111111 [-0.050000000, 0.016666667]
recall	0.000000000 [-0.002500000, 0.002500000]
f1	-0.000247820 [-0.004630152, 0.003623188]
specificity	0.000000000 [-0.000139665, 0.000139665]
balanced_accuracy	0.000000000 [-0.001250000, 0.001250000]
mcc	-0.001793553 [-0.010894965, 0.004081975]
map	-0.001488451 [-0.005838494, 0.002779226]
mrr	-0.002834137 [-0.008010665, 0.002153236]
recall_at_1	-0.005059524 [-0.011904762, 0.001488095]
recall_at_3	-0.000595238 [-0.008928571, 0.008035714]
recall_at_5	0.005059524 [-0.003571429, 0.013690476]
recall_at_10	0.001190476 [-0.005059524, 0.007440476]
ndcg_at_1	-0.005952381 [-0.014880952, 0.002380952]
ndcg_at_3	-0.002238242 [-0.007514352, 0.003194696]
ndcg_at_5	0.000249562 [-0.004967298, 0.005392395]
ndcg_at_10	-0.001116373 [-0.005177212, 0.002840679]
raw F
average_precision	0.000466046 [-0.002400592, 0.003223143]
trapezoidal_pr_auc	0.000565930 [-0.002657855, 0.003742738]
roc_auc	0.000904330 [-0.000708828, 0.002493046]
recall_at_fpr_1pct	0.001666667 [-0.005000000, 0.008333333]
brier	0.000218893 [0.000178939, 0.000258443]
log_loss	0.003621327 [0.003157867, 0.004064354]
precision	0.013888889 [-0.025000000, 0.052777778]
recall	0.001666667 [-0.000833333, 0.004583333]
f1	0.002909530 [-0.001645335, 0.008068692]
specificity	0.000023277 [-0.000069832, 0.000116387]
balanced_accuracy	0.000844972 [-0.000416667, 0.002314944]
mcc	0.004600316 [-0.004227246, 0.013745824]
map	-0.001053388 [-0.004099515, 0.001845010]
mrr	-0.001296424 [-0.005363499, 0.002608900]
recall_at_1	-0.000297619 [-0.005505952, 0.004613095]
recall_at_3	-0.004166667 [-0.010267857, 0.001785714]
recall_at_5	0.000148810 [-0.005658482, 0.006101190]
recall_at_10	-0.002232143 [-0.007738095, 0.002976190]
ndcg_at_1	-0.000892857 [-0.008333333, 0.006250000]
ndcg_at_3	-0.002926021 [-0.006623274, 0.000842279]
ndcg_at_5	-0.000871005 [-0.004315399, 0.002482594]
ndcg_at_10	-0.001583116 [-0.004690462, 0.001404901]
raw G
average_precision	-0.001376582 [-0.004094988, 0.001130820]
trapezoidal_pr_auc	-0.001852212 [-0.004913370, 0.000914260]
roc_auc	0.000320065 [-0.000877590, 0.001545653]
recall_at_fpr_1pct	-0.000416667 [-0.007500000, 0.006666667]
brier	-0.000146450 [-0.000183970, -0.000111933]
log_loss	-0.001692127 [-0.002035840, -0.001347109]
precision	-0.018055556 [-0.045833333, 0.002777778]
recall	-0.000833333 [-0.002083333, 0.000000000]
f1	-0.001557500 [-0.003968254, 0.000095677]
specificity	0.000069832 [-0.000046555, 0.000186220]
balanced_accuracy	-0.000381750 [-0.001018389, 0.000058194]
mcc	-0.003460740 [-0.009052308, 0.000874322]
map	-0.004396029 [-0.007354446, -0.001548716]
mrr	-0.006009396 [-0.009364243, -0.002736245]
recall_at_1	-0.004761905 [-0.009672619, -0.000000000]
recall_at_3	-0.002529762 [-0.007738095, 0.002380952]
recall_at_5	0.003125000 [-0.002380952, 0.008333333]
recall_at_10	-0.003125000 [-0.007886905, 0.001636905]
ndcg_at_1	-0.007738095 [-0.013690476, -0.002083333]
ndcg_at_3	-0.004795595 [-0.008797587, -0.000874617]
ndcg_at_5	-0.002183329 [-0.005386396, 0.000890931]
ndcg_at_10	-0.004494681 [-0.007129838, -0.001921423]
stage-cal O
average_precision	-0.000711080 [-0.003201830, 0.001823297]
trapezoidal_pr_auc	-0.000876700 [-0.003609769, 0.001958266]
roc_auc	-0.001334963 [-0.002809678, 0.000208741]
recall_at_fpr_1pct	-0.000833333 [-0.006666667, 0.004583333]
brier	0.000014534 [-0.000052132, 0.000083555]
log_loss	0.000094709 [-0.000176700, 0.000352785]
precision	-0.007324735 [-0.040251736, 0.022867560]
recall	-0.006250000 [-0.010833333, -0.002083333]
f1	-0.010278582 [-0.017464536, -0.003690159]
specificity	0.000046555 [-0.000209497, 0.000302607]
balanced_accuracy	-0.003101723 [-0.005300308, -0.001006750]
mcc	-0.010844708 [-0.020709703, -0.001878196]
map	-0.000397255 [-0.002944382, 0.002236051]
mrr	-0.000902397 [-0.004296603, 0.002439965]
recall_at_1	-0.000892857 [-0.004914435, 0.003422619]
recall_at_3	0.003273810 [-0.002232143, 0.008783482]
recall_at_5	-0.000297619 [-0.005654762, 0.004910714]
recall_at_10	0.000148810 [-0.004464286, 0.005059524]
ndcg_at_1	-0.001488095 [-0.007440476, 0.004464286]
ndcg_at_3	0.001407769 [-0.001822240, 0.004765599]
ndcg_at_5	-0.000320329 [-0.003367146, 0.002792301]
ndcg_at_10	-0.000281450 [-0.003158711, 0.002632497]
stage-cal N
average_precision	-0.002761466 [-0.005051508, -0.000654904]
trapezoidal_pr_auc	-0.002832441 [-0.005373625, -0.000507677]
roc_auc	-0.000587756 [-0.001627095, 0.000451583]
recall_at_fpr_1pct	-0.002083333 [-0.007510417, 0.003333333]
brier	0.000072914 [0.000008862, 0.000135832]
log_loss	0.000192504 [0.000003772, 0.000385729]
precision	0.001626984 [-0.017638889, 0.021687500]
recall	-0.001250000 [-0.004166667, 0.001666667]
f1	-0.001884327 [-0.006380460, 0.002541956]
specificity	0.000162942 [-0.000046555, 0.000395717]
balanced_accuracy	-0.000543529 [-0.001920391, 0.000821695]
mcc	-0.001417662 [-0.007234385, 0.004579228]
map	-0.006122552 [-0.008931608, -0.003453657]
mrr	-0.007943410 [-0.011163640, -0.004827866]
recall_at_1	-0.008035714 [-0.012500000, -0.003720238]
recall_at_3	-0.001636905 [-0.006250000, 0.002827381]
recall_at_5	-0.000297619 [-0.004464286, 0.004017857]
recall_at_10	-0.003720238 [-0.008035714, 0.000595238]
ndcg_at_1	-0.011309524 [-0.016964286, -0.005952381]
ndcg_at_3	-0.005452080 [-0.009035908, -0.001972539]
ndcg_at_5	-0.004664435 [-0.007663152, -0.001680839]
ndcg_at_10	-0.005973526 [-0.008537289, -0.003466944]
stage-cal Z
average_precision	-0.005032864 [-0.009045519, -0.001402449]
trapezoidal_pr_auc	-0.005043341 [-0.009585164, -0.000940763]
roc_auc	-0.000314246 [-0.001769204, 0.001154562]
recall_at_fpr_1pct	-0.005833333 [-0.015000000, 0.003333333]
brier	0.000110548 [0.000003000, 0.000218531]
log_loss	0.000257093 [-0.000071145, 0.000603028]
precision	-0.002023810 [-0.048217262, 0.037976190]
recall	0.002500000 [-0.003333333, 0.008333333]
f1	0.003854378 [-0.005132290, 0.013570338]
specificity	0.000186220 [-0.000186220, 0.000605214]
balanced_accuracy	0.001343110 [-0.001387919, 0.004306331]
mcc	0.003290051 [-0.009535339, 0.015917824]
map	-0.009343817 [-0.013147084, -0.005687149]
mrr	-0.011489178 [-0.015853418, -0.007041504]
recall_at_1	-0.013690476 [-0.019642857, -0.008035714]
recall_at_3	-0.001488095 [-0.008928571, 0.005952381]
recall_at_5	-0.000297619 [-0.007440476, 0.007440476]
recall_at_10	-0.003273810 [-0.008630952, 0.002083333]
ndcg_at_1	-0.017857143 [-0.025595238, -0.010119048]
ndcg_at_3	-0.007867655 [-0.012937295, -0.002878622]
ndcg_at_5	-0.006946202 [-0.011178218, -0.002455225]
ndcg_at_10	-0.008217919 [-0.011457088, -0.005052380]
stage-cal final_all
average_precision	-0.002151675 [-0.004153709, -0.000164927]
trapezoidal_pr_auc	-0.002265581 [-0.004542546, -0.000055746]
roc_auc	-0.000994724 [-0.002038466, 0.000146667]
recall_at_fpr_1pct	-0.002500000 [-0.007500000, 0.002222222]
brier	0.000046539 [-0.000011151, 0.000105464]
log_loss	0.000148837 [-0.000066379, 0.000353420]
precision	-0.005557760 [-0.028430831, 0.015822531]
recall	-0.003333333 [-0.006666667, 0.000000000]
f1	-0.005567595 [-0.011078168, -0.000199387]
specificity	0.000093110 [-0.000108628, 0.000294848]
balanced_accuracy	-0.001620112 [-0.003325574, 0.000084594]
mcc	-0.006133122 [-0.013633525, 0.000690658]
map	-0.003379442 [-0.005349829, -0.001322198]
mrr	-0.004431324 [-0.007067289, -0.001707080]
recall_at_1	-0.005158730 [-0.008236607, -0.001984127]
recall_at_3	0.001686508 [-0.002876984, 0.006349206]
recall_at_5	-0.000297619 [-0.004563492, 0.004067460]
recall_at_10	-0.000992063 [-0.004464286, 0.002480159]
ndcg_at_1	-0.006944444 [-0.011507937, -0.002380952]
ndcg_at_3	-0.001684039 [-0.004395538, 0.001072063]
ndcg_at_5	-0.002528953 [-0.005079494, 0.000013552]
ndcg_at_10	-0.002926940 [-0.004878508, -0.000815109]
stage-cal A2
average_precision	-0.000490067 [-0.002986877, 0.002239062]
trapezoidal_pr_auc	-0.000621542 [-0.003374888, 0.002309903]
roc_auc	-0.000861266 [-0.002320880, 0.000630878]
recall_at_fpr_1pct	0.001666667 [-0.005000000, 0.007500000]
brier	0.000035280 [-0.000013325, 0.000082343]
log_loss	0.000127914 [-0.000067707, 0.000323528]
precision	0.005277778 [-0.019444444, 0.032777778]
recall	-0.005000000 [-0.009166667, -0.001666667]
f1	-0.007623032 [-0.013937604, -0.002392914]
specificity	0.000139665 [-0.000046555, 0.000325885]
balanced_accuracy	-0.002430168 [-0.004490223, -0.000763501]
mcc	-0.006125374 [-0.013915221, 0.001045792]
map	-0.002901287 [-0.006485982, 0.000498486]
mrr	-0.004397641 [-0.008571326, -0.000331270]
recall_at_1	-0.002380952 [-0.008333333, 0.003273810]
recall_at_3	-0.001785714 [-0.007440476, 0.003571429]
recall_at_5	-0.000297619 [-0.004166667, 0.003869048]
recall_at_10	-0.004166667 [-0.010416667, 0.001785714]
ndcg_at_1	-0.004761905 [-0.011904762, 0.002380952]
ndcg_at_3	-0.003036505 [-0.007399806, 0.001139504]
ndcg_at_5	-0.002382668 [-0.005830593, 0.000971146]
ndcg_at_10	-0.003729132 [-0.007066967, -0.000392045]
stage-cal F_first
average_precision	-0.000392531 [-0.004278636, 0.003248961]
trapezoidal_pr_auc	-0.000543219 [-0.004759563, 0.003479120]
roc_auc	0.002069367 [0.000237430, 0.003824546]
recall_at_fpr_1pct	0.000833333 [-0.008333333, 0.010000000]
brier	-0.000001497 [-0.000104717, 0.000109890]
log_loss	0.000125430 [-0.000209946, 0.000469795]
precision	-0.022294974 [-0.069375992, 0.017753638]
recall	0.002500000 [-0.003333333, 0.008333333]
f1	0.003453970 [-0.005019745, 0.011970784]
specificity	0.000000000 [-0.000418994, 0.000420158]
balanced_accuracy	0.001250000 [-0.001713222, 0.004143389]
mcc	0.000510375 [-0.010177650, 0.011096183]
map	-0.001488451 [-0.005838494, 0.002779226]
mrr	-0.002834137 [-0.008010665, 0.002153236]
recall_at_1	-0.005059524 [-0.011904762, 0.001488095]
recall_at_3	-0.000595238 [-0.008928571, 0.008035714]
recall_at_5	0.005059524 [-0.003571429, 0.013690476]
recall_at_10	0.001190476 [-0.005059524, 0.007440476]
ndcg_at_1	-0.005952381 [-0.014880952, 0.002380952]
ndcg_at_3	-0.002238242 [-0.007514352, 0.003194696]
ndcg_at_5	0.000249562 [-0.004967298, 0.005392395]
ndcg_at_10	-0.001116373 [-0.005177212, 0.002840679]
stage-cal F
average_precision	0.000466046 [-0.002400592, 0.003223143]
trapezoidal_pr_auc	0.000565930 [-0.002657855, 0.003742738]
roc_auc	0.000904330 [-0.000708828, 0.002493046]
recall_at_fpr_1pct	0.001666667 [-0.005000000, 0.008333333]
brier	-0.000003106 [-0.000066609, 0.000064653]
log_loss	0.000030752 [-0.000245821, 0.000296646]
precision	0.009963624 [-0.021233879, 0.043664435]
recall	0.003750000 [-0.001250000, 0.008750000]
f1	0.006467066 [-0.001001642, 0.014174597]
specificity	0.000023277 [-0.000256052, 0.000302607]
balanced_accuracy	0.001886639 [-0.000521415, 0.004294693]
mcc	0.007782021 [-0.001798728, 0.018356119]
map	-0.001053388 [-0.004099515, 0.001845010]
mrr	-0.001296424 [-0.005363499, 0.002608900]
recall_at_1	-0.000297619 [-0.005505952, 0.004613095]
recall_at_3	-0.004166667 [-0.010267857, 0.001785714]
recall_at_5	0.000148810 [-0.005658482, 0.006101190]
recall_at_10	-0.002232143 [-0.007738095, 0.002976190]
ndcg_at_1	-0.000892857 [-0.008333333, 0.006250000]
ndcg_at_3	-0.002926021 [-0.006623274, 0.000842279]
ndcg_at_5	-0.000871005 [-0.004315399, 0.002482594]
ndcg_at_10	-0.001583116 [-0.004690462, 0.001404901]
stage-cal G
average_precision	-0.001376582 [-0.004094988, 0.001130820]
trapezoidal_pr_auc	-0.001852212 [-0.004913370, 0.000914260]
roc_auc	0.000320065 [-0.000877590, 0.001545653]
recall_at_fpr_1pct	-0.000416667 [-0.007500000, 0.006666667]
brier	0.000004686 [-0.000061978, 0.000069262]
log_loss	0.000114812 [-0.000100232, 0.000320972]
precision	-0.002400794 [-0.026392361, 0.020338294]
recall	-0.002083333 [-0.005416667, 0.001250000]
f1	-0.003345980 [-0.008958553, 0.002048686]
specificity	0.000279330 [0.000023277, 0.000535382]
balanced_accuracy	-0.000902002 [-0.002591946, 0.000729749]
mcc	-0.003305697 [-0.011474027, 0.004159284]
map	-0.004396029 [-0.007354446, -0.001548716]
mrr	-0.006009396 [-0.009364243, -0.002736245]
recall_at_1	-0.004761905 [-0.009672619, -0.000000000]
recall_at_3	-0.002529762 [-0.007738095, 0.002380952]
recall_at_5	0.003125000 [-0.002380952, 0.008333333]
recall_at_10	-0.003125000 [-0.007886905, 0.001636905]
ndcg_at_1	-0.007738095 [-0.013690476, -0.002083333]
ndcg_at_3	-0.004795595 [-0.008797587, -0.000874617]
ndcg_at_5	-0.002183329 [-0.005386396, 0.000890931]
ndcg_at_10	-0.004494681 [-0.007129838, -0.001921423]
first-cal O
average_precision	-0.000711080 [-0.003201830, 0.001823297]
trapezoidal_pr_auc	-0.000876700 [-0.003609769, 0.001958266]
roc_auc	-0.001334963 [-0.002809678, 0.000208741]
recall_at_fpr_1pct	-0.000833333 [-0.006666667, 0.004583333]
brier	0.000042660 [-0.000022952, 0.000108944]
log_loss	0.000187431 [-0.000080448, 0.000436757]
precision	-0.009458944 [-0.048755571, 0.027257688]
recall	-0.010000000 [-0.014583333, -0.005416667]
f1	-0.015469754 [-0.023348719, -0.007717603]
specificity	0.000349162 [0.000093110, 0.000581937]
balanced_accuracy	-0.004825419 [-0.007197422, -0.002463658]
mcc	-0.015001188 [-0.026131921, -0.004299127]
map	-0.000397255 [-0.002944382, 0.002236051]
mrr	-0.000902397 [-0.004296603, 0.002439965]
recall_at_1	-0.000892857 [-0.004914435, 0.003422619]
recall_at_3	0.003273810 [-0.002232143, 0.008783482]
recall_at_5	-0.000297619 [-0.005654762, 0.004910714]
recall_at_10	0.000148810 [-0.004464286, 0.005059524]
ndcg_at_1	-0.001488095 [-0.007440476, 0.004464286]
ndcg_at_3	0.001407769 [-0.001822240, 0.004765599]
ndcg_at_5	-0.000320329 [-0.003367146, 0.002792301]
ndcg_at_10	-0.000281450 [-0.003158711, 0.002632497]
first-cal N
average_precision	-0.002761466 [-0.005051508, -0.000654904]
trapezoidal_pr_auc	-0.002832441 [-0.005373625, -0.000507677]
roc_auc	-0.000587756 [-0.001627095, 0.000451583]
recall_at_fpr_1pct	-0.002083333 [-0.007510417, 0.003333333]
brier	0.000086648 [0.000024260, 0.000148783]
log_loss	0.000213756 [0.000025423, 0.000398828]
precision	0.010912698 [-0.017103671, 0.041052579]
recall	-0.003750000 [-0.006666667, -0.001250000]
f1	-0.005209360 [-0.009709592, -0.000833242]
specificity	0.000116387 [-0.000093110, 0.000349162]
balanced_accuracy	-0.001816806 [-0.003251862, -0.000496974]
mcc	-0.002864369 [-0.009865131, 0.004637489]
map	-0.006122552 [-0.008931608, -0.003453657]
mrr	-0.007943410 [-0.011163640, -0.004827866]
recall_at_1	-0.008035714 [-0.012500000, -0.003720238]
recall_at_3	-0.001636905 [-0.006250000, 0.002827381]
recall_at_5	-0.000297619 [-0.004464286, 0.004017857]
recall_at_10	-0.003720238 [-0.008035714, 0.000595238]
ndcg_at_1	-0.011309524 [-0.016964286, -0.005952381]
ndcg_at_3	-0.005452080 [-0.009035908, -0.001972539]
ndcg_at_5	-0.004664435 [-0.007663152, -0.001680839]
ndcg_at_10	-0.005973526 [-0.008537289, -0.003466944]
first-cal Z
average_precision	-0.005032864 [-0.009045519, -0.001402449]
trapezoidal_pr_auc	-0.005043341 [-0.009585164, -0.000940763]
roc_auc	-0.000314246 [-0.001769204, 0.001154562]
recall_at_fpr_1pct	-0.005833333 [-0.015000000, 0.003333333]
brier	0.000148662 [0.000047038, 0.000247867]
log_loss	0.000355512 [0.000043088, 0.000676783]
precision	0.022420635 [-0.008968254, 0.058260913]
recall	-0.006666667 [-0.011666667, -0.002500000]
f1	-0.009010299 [-0.016799212, -0.001881540]
specificity	0.000279330 [-0.000093110, 0.000651769]
balanced_accuracy	-0.003193669 [-0.005716946, -0.000947393]
mcc	-0.003935558 [-0.013972434, 0.006257684]
map	-0.009343817 [-0.013147084, -0.005687149]
mrr	-0.011489178 [-0.015853418, -0.007041504]
recall_at_1	-0.013690476 [-0.019642857, -0.008035714]
recall_at_3	-0.001488095 [-0.008928571, 0.005952381]
recall_at_5	-0.000297619 [-0.007440476, 0.007440476]
recall_at_10	-0.003273810 [-0.008630952, 0.002083333]
ndcg_at_1	-0.017857143 [-0.025595238, -0.010119048]
ndcg_at_3	-0.007867655 [-0.012937295, -0.002878622]
ndcg_at_5	-0.006946202 [-0.011178218, -0.002455225]
ndcg_at_10	-0.008217919 [-0.011457088, -0.005052380]
first-cal final_all
average_precision	-0.002151675 [-0.004153709, -0.000164927]
trapezoidal_pr_auc	-0.002265581 [-0.004542546, -0.000055746]
roc_auc	-0.000994724 [-0.002038466, 0.000146667]
recall_at_fpr_1pct	-0.002500000 [-0.007500000, 0.002222222]
brier	0.000077994 [0.000017792, 0.000137418]
log_loss	0.000243458 [0.000028116, 0.000443297]
precision	0.001167582 [-0.026669974, 0.027501984]
recall	-0.008888889 [-0.012500000, -0.005277778]
f1	-0.013316602 [-0.018836934, -0.007658428]
specificity	0.000325885 [0.000093110, 0.000558659]
balanced_accuracy	-0.004281502 [-0.006024984, -0.002499224]
mcc	-0.011312645 [-0.018882113, -0.003644852]
map	-0.003379442 [-0.005349829, -0.001322198]
mrr	-0.004431324 [-0.007067289, -0.001707080]
recall_at_1	-0.005158730 [-0.008236607, -0.001984127]
recall_at_3	0.001686508 [-0.002876984, 0.006349206]
recall_at_5	-0.000297619 [-0.004563492, 0.004067460]
recall_at_10	-0.000992063 [-0.004464286, 0.002480159]
ndcg_at_1	-0.006944444 [-0.011507937, -0.002380952]
ndcg_at_3	-0.001684039 [-0.004395538, 0.001072063]
ndcg_at_5	-0.002528953 [-0.005079494, 0.000013552]
ndcg_at_10	-0.002926940 [-0.004878508, -0.000815109]
first-cal A2
average_precision	-0.000490067 [-0.002986877, 0.002239062]
trapezoidal_pr_auc	-0.000621542 [-0.003374888, 0.002309903]
roc_auc	-0.000861266 [-0.002320880, 0.000630878]
recall_at_fpr_1pct	0.001666667 [-0.005000000, 0.007500000]
brier	0.000024635 [-0.000031813, 0.000078270]
log_loss	0.000072001 [-0.000142494, 0.000284594]
precision	-0.000595238 [-0.046230159, 0.046631944]
recall	-0.000833333 [-0.003333333, 0.001666667]
f1	-0.001408421 [-0.006265293, 0.003390655]
specificity	-0.000046555 [-0.000232775, 0.000139665]
balanced_accuracy	-0.000439944 [-0.001759777, 0.000856611]
mcc	-0.001793180 [-0.012203977, 0.008643191]
map	-0.002901287 [-0.006485982, 0.000498486]
mrr	-0.004397641 [-0.008571326, -0.000331270]
recall_at_1	-0.002380952 [-0.008333333, 0.003273810]
recall_at_3	-0.001785714 [-0.007440476, 0.003571429]
recall_at_5	-0.000297619 [-0.004166667, 0.003869048]
recall_at_10	-0.004166667 [-0.010416667, 0.001785714]
ndcg_at_1	-0.004761905 [-0.011904762, 0.002380952]
ndcg_at_3	-0.003036505 [-0.007399806, 0.001139504]
ndcg_at_5	-0.002382668 [-0.005830593, 0.000971146]
ndcg_at_10	-0.003729132 [-0.007066967, -0.000392045]
first-cal F_first
average_precision	-0.000392531 [-0.004278636, 0.003248961]
trapezoidal_pr_auc	-0.000543219 [-0.004759563, 0.003479120]
roc_auc	0.002069367 [0.000237430, 0.003824546]
recall_at_fpr_1pct	0.000833333 [-0.008333333, 0.010000000]
brier	0.000038448 [-0.000055405, 0.000135810]
log_loss	0.000252617 [-0.000071552, 0.000570048]
precision	-0.007242063 [-0.074148313, 0.058377976]
recall	0.008333333 [0.001645833, 0.015833333]
f1	0.012783262 [0.000950755, 0.024533741]
specificity	-0.000372439 [-0.000791434, 0.000046555]
balanced_accuracy	0.003980447 [0.000390538, 0.007661196]
mcc	0.009930527 [-0.007721486, 0.027915881]
map	-0.001488451 [-0.005838494, 0.002779226]
mrr	-0.002834137 [-0.008010665, 0.002153236]
recall_at_1	-0.005059524 [-0.011904762, 0.001488095]
recall_at_3	-0.000595238 [-0.008928571, 0.008035714]
recall_at_5	0.005059524 [-0.003571429, 0.013690476]
recall_at_10	0.001190476 [-0.005059524, 0.007440476]
ndcg_at_1	-0.005952381 [-0.014880952, 0.002380952]
ndcg_at_3	-0.002238242 [-0.007514352, 0.003194696]
ndcg_at_5	0.000249562 [-0.004967298, 0.005392395]
ndcg_at_10	-0.001116373 [-0.005177212, 0.002840679]
first-cal F
average_precision	0.000466046 [-0.002400592, 0.003223143]
trapezoidal_pr_auc	0.000565930 [-0.002657855, 0.003742738]
roc_auc	0.000904330 [-0.000708828, 0.002493046]
recall_at_fpr_1pct	0.001666667 [-0.005000000, 0.008333333]
brier	0.000030343 [-0.000032353, 0.000092469]
log_loss	0.000151431 [-0.000126583, 0.000409802]
precision	0.009161325 [-0.033587550, 0.054265968]
recall	0.009583333 [0.004583333, 0.014166667]
f1	0.014765543 [0.006777446, 0.022621200]
specificity	-0.000372439 [-0.000628492, -0.000093110]
balanced_accuracy	0.004605447 [0.002163641, 0.006990485]
mcc	0.014104598 [0.002512303, 0.026061924]
map	-0.001053388 [-0.004099515, 0.001845010]
mrr	-0.001296424 [-0.005363499, 0.002608900]
recall_at_1	-0.000297619 [-0.005505952, 0.004613095]
recall_at_3	-0.004166667 [-0.010267857, 0.001785714]
recall_at_5	0.000148810 [-0.005658482, 0.006101190]
recall_at_10	-0.002232143 [-0.007738095, 0.002976190]
ndcg_at_1	-0.000892857 [-0.008333333, 0.006250000]
ndcg_at_3	-0.002926021 [-0.006623274, 0.000842279]
ndcg_at_5	-0.000871005 [-0.004315399, 0.002482594]
ndcg_at_10	-0.001583116 [-0.004690462, 0.001404901]
first-cal G
average_precision	-0.001376582 [-0.004094988, 0.001130820]
trapezoidal_pr_auc	-0.001852212 [-0.004913370, 0.000914260]
roc_auc	0.000320065 [-0.000877590, 0.001545653]
recall_at_fpr_1pct	-0.000416667 [-0.007500000, 0.006666667]
brier	-0.000017914 [-0.000085075, 0.000046170]
log_loss	0.000035522 [-0.000176195, 0.000238032]
precision	0.021607143 [-0.007777778, 0.053531746]
recall	-0.002083333 [-0.005416667, 0.001250000]
f1	-0.002420932 [-0.007727280, 0.003216318]
specificity	0.000139665 [-0.000093110, 0.000372439]
balanced_accuracy	-0.000971834 [-0.002626862, 0.000718110]
mcc	0.001235873 [-0.006863816, 0.009916379]
map	-0.004396029 [-0.007354446, -0.001548716]
mrr	-0.006009396 [-0.009364243, -0.002736245]
recall_at_1	-0.004761905 [-0.009672619, -0.000000000]
recall_at_3	-0.002529762 [-0.007738095, 0.002380952]
recall_at_5	0.003125000 [-0.002380952, 0.008333333]
recall_at_10	-0.003125000 [-0.007886905, 0.001636905]
ndcg_at_1	-0.007738095 [-0.013690476, -0.002083333]
ndcg_at_3	-0.004795595 [-0.008797587, -0.000874617]
ndcg_at_5	-0.002183329 [-0.005386396, 0.000890931]
ndcg_at_10	-0.004494681 [-0.007129838, -0.001921423]

COMPARISON C_plus-S_strong: 18/23
FAILED: old_map_interval_above_zero, old_recall5_improves, new_map_non_decrease, O_average_precision_non_degradation, Z_map_non_degradation
primary O
average_precision	-0.000036075 [-0.001397054, 0.001326237]
trapezoidal_pr_auc	-0.000258285 [-0.001771638, 0.001242106]
roc_auc	0.000365456 [-0.000366620, 0.001110364]
recall_at_fpr_1pct	-0.002500000 [-0.006666667, 0.001666667]
brier	-0.000028471 [-0.000070136, 0.000011138]
log_loss	-0.000126217 [-0.000294896, 0.000037123]
precision	-0.004120370 [-0.029075231, 0.017269676]
recall	-0.000000000 [-0.002916667, 0.003333333]
f1	0.000125938 [-0.004573667, 0.005221915]
specificity	-0.000046555 [-0.000186220, 0.000093110]
balanced_accuracy	-0.000023277 [-0.001493250, 0.001573848]
mcc	-0.000440057 [-0.007039013, 0.005924825]
map	0.000277312 [-0.002093710, 0.002621145]
mrr	0.000260544 [-0.002392603, 0.002749514]
recall_at_1	-0.001041667 [-0.004315476, 0.002232143]
recall_at_3	0.003571429 [-0.000595238, 0.007593006]
recall_at_5	-0.000148810 [-0.004166667, 0.003869048]
recall_at_10	-0.001041667 [-0.004761905, 0.002678571]
ndcg_at_1	-0.001190476 [-0.005059524, 0.002678571]
ndcg_at_3	0.001906952 [-0.001124095, 0.004862045]
ndcg_at_5	0.000162369 [-0.002536812, 0.002783488]
ndcg_at_10	-0.000099395 [-0.002513340, 0.002266621]
primary N
average_precision	0.001468075 [0.000331792, 0.002708020]
trapezoidal_pr_auc	0.001619348 [0.000420013, 0.002932517]
roc_auc	0.000523743 [-0.000200186, 0.001266323]
recall_at_fpr_1pct	-0.000833333 [-0.005000000, 0.003333333]
brier	-0.000039453 [-0.000072823, -0.000007303]
log_loss	-0.000162705 [-0.000293718, -0.000033719]
precision	-0.008333333 [-0.030555556, 0.009722222]
recall	0.001250000 [-0.001250000, 0.003750000]
f1	0.001911120 [-0.002452665, 0.006317835]
specificity	0.000046555 [-0.000069832, 0.000162942]
balanced_accuracy	0.000648277 [-0.000625000, 0.001921555]
mcc	0.001027602 [-0.005288259, 0.007027959]
map	-0.000020259 [-0.001711704, 0.001590482]
mrr	0.000138206 [-0.001871506, 0.002084245]
recall_at_1	-0.000744048 [-0.003571429, 0.002083333]
recall_at_3	0.000892857 [-0.002232143, 0.003869048]
recall_at_5	0.002678571 [-0.001041667, 0.006398810]
recall_at_10	0.000297619 [-0.003125000, 0.003720238]
ndcg_at_1	-0.001488095 [-0.005357143, 0.002083333]
ndcg_at_3	0.000393036 [-0.001764123, 0.002536922]
ndcg_at_5	0.001325063 [-0.000770390, 0.003348428]
ndcg_at_10	0.000147386 [-0.001565291, 0.001778983]
primary Z
average_precision	0.001092461 [-0.000511331, 0.002764922]
trapezoidal_pr_auc	0.001239799 [-0.000408917, 0.002967379]
roc_auc	0.000600559 [-0.000488827, 0.001710952]
recall_at_fpr_1pct	-0.003333333 [-0.009166667, 0.002500000]
brier	-0.000034280 [-0.000086176, 0.000016943]
log_loss	-0.000147638 [-0.000349934, 0.000056218]
precision	-0.007500000 [-0.031944444, 0.013333333]
recall	0.002500000 [-0.002500000, 0.007500000]
f1	0.003618056 [-0.003991157, 0.011433610]
specificity	0.000093110 [-0.000139665, 0.000325885]
balanced_accuracy	0.001296555 [-0.001087058, 0.003750582]
mcc	0.002617726 [-0.006253643, 0.011167740]
map	-0.000411800 [-0.003386185, 0.002502340]
mrr	-0.000309273 [-0.003792354, 0.002996581]
recall_at_1	-0.001785714 [-0.006845238, 0.003273810]
recall_at_3	0.002678571 [-0.002678571, 0.007738095]
recall_at_5	0.002083333 [-0.003571429, 0.007738095]
recall_at_10	0.000595238 [-0.004166667, 0.005059524]
ndcg_at_1	-0.002380952 [-0.008928571, 0.004166667]
ndcg_at_3	0.001094599 [-0.002647501, 0.004668311]
ndcg_at_5	0.000848148 [-0.002399981, 0.003837351]
ndcg_at_10	-0.000044804 [-0.002906375, 0.002708441]
primary final_all
average_precision	0.000340104 [-0.000745099, 0.001416377]
trapezoidal_pr_auc	0.000241076 [-0.000947232, 0.001406314]
roc_auc	0.000443824 [-0.000168374, 0.001070764]
recall_at_fpr_1pct	-0.002777778 [-0.005833333, 0.000277778]
brier	-0.000030407 [-0.000066320, 0.000004460]
log_loss	-0.000133357 [-0.000278749, 0.000004526]
precision	-0.005246914 [-0.028304012, 0.012902006]
recall	0.000833333 [-0.001388889, 0.003333333]
f1	0.001289977 [-0.002272353, 0.005227864]
specificity	0.000000000 [-0.000124146, 0.000139665]
balanced_accuracy	0.000416667 [-0.000694444, 0.001635630]
mcc	0.000579204 [-0.004913780, 0.005687122]
map	0.000047608 [-0.001790482, 0.001836111]
mrr	0.000070605 [-0.002079473, 0.002184123]
recall_at_1	-0.001289683 [-0.003968254, 0.001289683]
recall_at_3	0.003273810 [0.000297619, 0.006051587]
recall_at_5	0.000595238 [-0.002678571, 0.003968254]
recall_at_10	-0.000496032 [-0.003472222, 0.002380952]
ndcg_at_1	-0.001587302 [-0.004960317, 0.001785714]
ndcg_at_3	0.001636168 [-0.000637196, 0.003749285]
ndcg_at_5	0.000390962 [-0.001655537, 0.002376946]
ndcg_at_10	-0.000081198 [-0.001943504, 0.001733079]
primary A2
average_precision	0.001843689 [0.000509100, 0.003190114]
trapezoidal_pr_auc	0.001998896 [0.000597126, 0.003408226]
roc_auc	0.000446927 [-0.000358473, 0.001210428]
recall_at_fpr_1pct	0.001666667 [-0.003333333, 0.006666667]
brier	-0.000044626 [-0.000073768, -0.000015646]
log_loss	-0.000177772 [-0.000291533, -0.000065809]
precision	-0.009166667 [-0.050833333, 0.016666667]
recall	-0.000000000 [-0.003333333, 0.003333333]
f1	0.000204185 [-0.005507937, 0.005916306]
specificity	0.000000000 [0.000000000, 0.000000000]
balanced_accuracy	0.000000000 [-0.001666667, 0.001666667]
mcc	-0.000562522 [-0.010456445, 0.008283439]
map	0.000371283 [-0.002063643, 0.002728033]
mrr	0.000585684 [-0.002255043, 0.003414311]
recall_at_1	0.000297619 [-0.003571429, 0.003869048]
recall_at_3	-0.000892857 [-0.004464286, 0.002678571]
recall_at_5	0.003273810 [-0.000595238, 0.007142857]
recall_at_10	0.000000000 [-0.004166667, 0.004166667]
ndcg_at_1	-0.000595238 [-0.005357143, 0.004166667]
ndcg_at_3	-0.000308527 [-0.002900393, 0.002343453]
ndcg_at_5	0.001801978 [-0.000692279, 0.004285941]
ndcg_at_10	0.000339575 [-0.002022306, 0.002604926]
primary F_first
average_precision	0.000750778 [-0.001929202, 0.003362402]
trapezoidal_pr_auc	0.000869942 [-0.002174813, 0.003871313]
roc_auc	-0.000514432 [-0.001415328, 0.000381750]
recall_at_fpr_1pct	0.004166667 [-0.000833333, 0.010000000]
brier	-0.000025419 [-0.000078483, 0.000026676]
log_loss	-0.000125531 [-0.000321130, 0.000069987]
precision	0.013796296 [-0.002407407, 0.034631944]
recall	0.000000000 [-0.004166667, 0.004166667]
f1	0.000382900 [-0.005651110, 0.006156346]
specificity	0.000186220 [0.000000000, 0.000418994]
balanced_accuracy	0.000093110 [-0.001967528, 0.002129888]
mcc	0.002996121 [-0.003096308, 0.009355736]
map	0.000133850 [-0.003176757, 0.003600869]
mrr	0.000135346 [-0.003788942, 0.004076649]
recall_at_1	0.000297619 [-0.005059524, 0.005654762]
recall_at_3	-0.000595238 [-0.006250000, 0.005059524]
recall_at_5	0.000297619 [-0.005357143, 0.005952381]
recall_at_10	0.003869048 [-0.001190476, 0.008928571]
ndcg_at_1	0.001190476 [-0.004761905, 0.007738095]
ndcg_at_3	-0.000136304 [-0.004365625, 0.004246239]
ndcg_at_5	0.000164703 [-0.003487778, 0.003975809]
ndcg_at_10	0.001226442 [-0.001869494, 0.004369066]
primary F
average_precision	0.000957919 [-0.000463629, 0.002371659]
trapezoidal_pr_auc	0.001257733 [-0.000297710, 0.002825757]
roc_auc	-0.000141993 [-0.000932263, 0.000608706]
recall_at_fpr_1pct	0.003333333 [-0.002083333, 0.008333333]
brier	-0.000006158 [-0.000044440, 0.000029909]
log_loss	-0.000037331 [-0.000194847, 0.000113370]
precision	-0.000462963 [-0.030048611, 0.028335648]
recall	0.000000000 [-0.003750000, 0.003333333]
f1	-0.000023846 [-0.006036392, 0.005564518]
specificity	0.000046555 [-0.000093110, 0.000186220]
balanced_accuracy	0.000023277 [-0.001840084, 0.001713222]
mcc	0.000158797 [-0.007853135, 0.008137791]
map	-0.000091671 [-0.002795162, 0.002716309]
mrr	0.000032298 [-0.002954884, 0.003166625]
recall_at_1	0.001190476 [-0.002678571, 0.005208333]
recall_at_3	-0.004017857 [-0.008630952, 0.000446429]
recall_at_5	0.001785714 [-0.002529762, 0.006101190]
recall_at_10	0.001041667 [-0.003273810, 0.005208333]
ndcg_at_1	0.000892857 [-0.003869048, 0.005654762]
ndcg_at_3	-0.002061215 [-0.005504561, 0.001461044]
ndcg_at_5	0.000738620 [-0.002212146, 0.003739903]
ndcg_at_10	0.000269182 [-0.002445423, 0.003013704]
primary G
average_precision	0.001257522 [0.000107029, 0.002448243]
trapezoidal_pr_auc	0.001387340 [0.000207605, 0.002599841]
roc_auc	0.000453911 [-0.000232862, 0.001130179]
recall_at_fpr_1pct	-0.001250000 [-0.005416667, 0.002916667]
brier	0.000034872 [0.000003803, 0.000068197]
log_loss	0.000154530 [0.000037296, 0.000277200]
precision	-0.015833333 [-0.045142361, 0.007361111]
recall	0.001250000 [-0.001666667, 0.004166667]
f1	0.001728581 [-0.003024091, 0.006523871]
specificity	0.000046555 [-0.000069832, 0.000186220]
balanced_accuracy	0.000648277 [-0.000775140, 0.002083333]
mcc	-0.000169336 [-0.007717044, 0.006691824]
map	0.000271867 [-0.001801574, 0.002301639]
mrr	0.000256188 [-0.001973529, 0.002497277]
recall_at_1	0.000446429 [-0.002976190, 0.003869048]
recall_at_3	-0.000297619 [-0.003571429, 0.002827381]
recall_at_5	0.002232143 [-0.002380952, 0.006845238]
recall_at_10	-0.001041667 [-0.004464286, 0.002380952]
ndcg_at_1	-0.000595238 [-0.004761905, 0.003571429]
ndcg_at_3	0.000071517 [-0.002151865, 0.002314473]
ndcg_at_5	0.001382633 [-0.001155241, 0.003830018]
ndcg_at_10	-0.000142947 [-0.002038129, 0.001728554]
raw O
average_precision	-0.000036075 [-0.001397054, 0.001326237]
trapezoidal_pr_auc	-0.000258285 [-0.001771638, 0.001242106]
roc_auc	0.000365456 [-0.000366620, 0.001110364]
recall_at_fpr_1pct	-0.002500000 [-0.006666667, 0.001666667]
brier	0.000015980 [-0.000007359, 0.000040576]
log_loss	0.000116588 [-0.000160622, 0.000380426]
precision	0.000000000 [-0.025000000, 0.025000000]
recall	0.000416667 [-0.000833333, 0.001666667]
f1	0.000658762 [-0.001722191, 0.003174603]
specificity	0.000000000 [0.000000000, 0.000000000]
balanced_accuracy	0.000208333 [-0.000416667, 0.000833333]
mcc	0.000582101 [-0.004865382, 0.005960058]
map	0.000277312 [-0.002093710, 0.002621145]
mrr	0.000260544 [-0.002392603, 0.002749514]
recall_at_1	-0.001041667 [-0.004315476, 0.002232143]
recall_at_3	0.003571429 [-0.000595238, 0.007593006]
recall_at_5	-0.000148810 [-0.004166667, 0.003869048]
recall_at_10	-0.001041667 [-0.004761905, 0.002678571]
ndcg_at_1	-0.001190476 [-0.005059524, 0.002678571]
ndcg_at_3	0.001906952 [-0.001124095, 0.004862045]
ndcg_at_5	0.000162369 [-0.002536812, 0.002783488]
ndcg_at_10	-0.000099395 [-0.002513340, 0.002266621]
raw N
average_precision	0.001468075 [0.000331792, 0.002708020]
trapezoidal_pr_auc	0.001619348 [0.000420013, 0.002932517]
roc_auc	0.000523743 [-0.000200186, 0.001266323]
recall_at_fpr_1pct	-0.000833333 [-0.005000000, 0.003333333]
brier	-0.000016040 [-0.000033428, -0.000000516]
log_loss	0.000001101 [-0.000191867, 0.000187840]
precision	0.011111111 [0.000000000, 0.030555556]
recall	0.000833333 [0.000000000, 0.002083333]
f1	0.001581028 [0.000000000, 0.003889830]
specificity	0.000023277 [0.000000000, 0.000069832]
balanced_accuracy	0.000428305 [0.000000000, 0.001053305]
mcc	0.003099164 [0.000000000, 0.007486372]
map	-0.000020259 [-0.001711704, 0.001590482]
mrr	0.000138206 [-0.001871506, 0.002084245]
recall_at_1	-0.000744048 [-0.003571429, 0.002083333]
recall_at_3	0.000892857 [-0.002232143, 0.003869048]
recall_at_5	0.002678571 [-0.001041667, 0.006398810]
recall_at_10	0.000297619 [-0.003125000, 0.003720238]
ndcg_at_1	-0.001488095 [-0.005357143, 0.002083333]
ndcg_at_3	0.000393036 [-0.001764123, 0.002536922]
ndcg_at_5	0.001325063 [-0.000770390, 0.003348428]
ndcg_at_10	0.000147386 [-0.001565291, 0.001778983]
raw Z
average_precision	0.001092461 [-0.000511331, 0.002764922]
trapezoidal_pr_auc	0.001239799 [-0.000408917, 0.002967379]
roc_auc	0.000600559 [-0.000488827, 0.001710952]
recall_at_fpr_1pct	-0.003333333 [-0.009166667, 0.002500000]
brier	-0.000020015 [-0.000054944, 0.000010997]
log_loss	0.000179320 [-0.000145020, 0.000496484]
precision	0.016666667 [0.000000000, 0.050000000]
recall	0.001666667 [0.000000000, 0.004166667]
f1	0.003030303 [0.000000000, 0.007647908]
specificity	0.000000000 [0.000000000, 0.000000000]
balanced_accuracy	0.000833333 [0.000000000, 0.002083333]
mcc	0.005142761 [0.000000000, 0.013917177]
map	-0.000411800 [-0.003386185, 0.002502340]
mrr	-0.000309273 [-0.003792354, 0.002996581]
recall_at_1	-0.001785714 [-0.006845238, 0.003273810]
recall_at_3	0.002678571 [-0.002678571, 0.007738095]
recall_at_5	0.002083333 [-0.003571429, 0.007738095]
recall_at_10	0.000595238 [-0.004166667, 0.005059524]
ndcg_at_1	-0.002380952 [-0.008928571, 0.004166667]
ndcg_at_3	0.001094599 [-0.002647501, 0.004668311]
ndcg_at_5	0.000848148 [-0.002399981, 0.003837351]
ndcg_at_10	-0.000044804 [-0.002906375, 0.002708441]
raw final_all
average_precision	0.000340104 [-0.000745099, 0.001416377]
trapezoidal_pr_auc	0.000241076 [-0.000947232, 0.001406314]
roc_auc	0.000443824 [-0.000168374, 0.001070764]
recall_at_fpr_1pct	-0.002777778 [-0.005833333, 0.000277778]
brier	0.000003982 [-0.000016523, 0.000024581]
log_loss	0.000137499 [-0.000098359, 0.000364402]
precision	0.005555556 [-0.011111111, 0.022222222]
recall	0.000833333 [-0.000277778, 0.002222222]
f1	0.001449275 [-0.000619027, 0.003681902]
specificity	0.000000000 [0.000000000, 0.000000000]
balanced_accuracy	0.000416667 [-0.000138889, 0.001111111]
mcc	0.002102321 [-0.002033036, 0.006440826]
map	0.000047608 [-0.001790482, 0.001836111]
mrr	0.000070605 [-0.002079473, 0.002184123]
recall_at_1	-0.001289683 [-0.003968254, 0.001289683]
recall_at_3	0.003273810 [0.000297619, 0.006051587]
recall_at_5	0.000595238 [-0.002678571, 0.003968254]
recall_at_10	-0.000496032 [-0.003472222, 0.002380952]
ndcg_at_1	-0.001587302 [-0.004960317, 0.001785714]
ndcg_at_3	0.001636168 [-0.000637196, 0.003749285]
ndcg_at_5	0.000390962 [-0.001655537, 0.002376946]
ndcg_at_10	-0.000081198 [-0.001943504, 0.001733079]
raw A2
average_precision	0.001843689 [0.000509100, 0.003190114]
trapezoidal_pr_auc	0.001998896 [0.000597126, 0.003408226]
roc_auc	0.000446927 [-0.000358473, 0.001210428]
recall_at_fpr_1pct	0.001666667 [-0.003333333, 0.006666667]
brier	-0.000012066 [-0.000023648, -0.000000144]
log_loss	-0.000177118 [-0.000369942, 0.000014467]
precision	0.005555556 [0.000000000, 0.016666667]
recall	0.000000000 [0.000000000, 0.000000000]
f1	0.000131752 [0.000000000, 0.000395257]
specificity	0.000046555 [0.000000000, 0.000139665]
balanced_accuracy	0.000023277 [0.000000000, 0.000069832]
mcc	0.001055567 [0.000000000, 0.003166702]
map	0.000371283 [-0.002063643, 0.002728033]
mrr	0.000585684 [-0.002255043, 0.003414311]
recall_at_1	0.000297619 [-0.003571429, 0.003869048]
recall_at_3	-0.000892857 [-0.004464286, 0.002678571]
recall_at_5	0.003273810 [-0.000595238, 0.007142857]
recall_at_10	0.000000000 [-0.004166667, 0.004166667]
ndcg_at_1	-0.000595238 [-0.005357143, 0.004166667]
ndcg_at_3	-0.000308527 [-0.002900393, 0.002343453]
ndcg_at_5	0.001801978 [-0.000692279, 0.004285941]
ndcg_at_10	0.000339575 [-0.002022306, 0.002604926]
raw F_first
average_precision	0.000750778 [-0.001929202, 0.003362402]
trapezoidal_pr_auc	0.000869942 [-0.002174813, 0.003871313]
roc_auc	-0.000514432 [-0.001415328, 0.000381750]
recall_at_fpr_1pct	0.004166667 [-0.000833333, 0.010000000]
brier	0.000044202 [0.000009742, 0.000081877]
log_loss	0.000535629 [0.000221631, 0.000846451]
precision	-0.016666667 [-0.050000000, 0.000000000]
recall	-0.001666667 [-0.004166667, 0.000000000]
f1	-0.002904825 [-0.007396951, 0.000000000]
specificity	0.000000000 [0.000000000, 0.000000000]
balanced_accuracy	-0.000833333 [-0.002083333, 0.000000000]
mcc	-0.004795857 [-0.013223368, 0.000000000]
map	0.000133850 [-0.003176757, 0.003600869]
mrr	0.000135346 [-0.003788942, 0.004076649]
recall_at_1	0.000297619 [-0.005059524, 0.005654762]
recall_at_3	-0.000595238 [-0.006250000, 0.005059524]
recall_at_5	0.000297619 [-0.005357143, 0.005952381]
recall_at_10	0.003869048 [-0.001190476, 0.008928571]
ndcg_at_1	0.001190476 [-0.004761905, 0.007738095]
ndcg_at_3	-0.000136304 [-0.004365625, 0.004246239]
ndcg_at_5	0.000164703 [-0.003487778, 0.003975809]
ndcg_at_10	0.001226442 [-0.001869494, 0.004369066]
raw F
average_precision	0.000957919 [-0.000463629, 0.002371659]
trapezoidal_pr_auc	0.001257733 [-0.000297710, 0.002825757]
roc_auc	-0.000141993 [-0.000932263, 0.000608706]
recall_at_fpr_1pct	0.003333333 [-0.002083333, 0.008333333]
brier	0.000022013 [-0.000001877, 0.000046979]
log_loss	0.000205147 [-0.000050318, 0.000453709]
precision	0.002777778 [-0.022222222, 0.027777778]
recall	-0.000416667 [-0.001666667, 0.000833333]
f1	-0.000592885 [-0.003162369, 0.001788067]
specificity	0.000023277 [0.000000000, 0.000069832]
balanced_accuracy	-0.000196695 [-0.000833333, 0.000439944]
mcc	-0.000054317 [-0.005447483, 0.005393165]
map	-0.000091671 [-0.002795162, 0.002716309]
mrr	0.000032298 [-0.002954884, 0.003166625]
recall_at_1	0.001190476 [-0.002678571, 0.005208333]
recall_at_3	-0.004017857 [-0.008630952, 0.000446429]
recall_at_5	0.001785714 [-0.002529762, 0.006101190]
recall_at_10	0.001041667 [-0.003273810, 0.005208333]
ndcg_at_1	0.000892857 [-0.003869048, 0.005654762]
ndcg_at_3	-0.002061215 [-0.005504561, 0.001461044]
ndcg_at_5	0.000738620 [-0.002212146, 0.003739903]
ndcg_at_10	0.000269182 [-0.002445423, 0.003013704]
raw G
average_precision	0.001257522 [0.000107029, 0.002448243]
trapezoidal_pr_auc	0.001387340 [0.000207605, 0.002599841]
roc_auc	0.000453911 [-0.000232862, 0.001130179]
recall_at_fpr_1pct	-0.001250000 [-0.005416667, 0.002916667]
brier	0.000023341 [0.000007975, 0.000040116]
log_loss	0.000157086 [-0.000021928, 0.000340712]
precision	0.016666667 [-0.002777778, 0.041666667]
recall	0.001666667 [0.000416667, 0.003333333]
f1	0.003030303 [0.000721501, 0.005928854]
specificity	0.000000000 [-0.000069832, 0.000069832]
balanced_accuracy	0.000833333 [0.000208333, 0.001655028]
mcc	0.005142761 [0.000755553, 0.010590244]
map	0.000271867 [-0.001801574, 0.002301639]
mrr	0.000256188 [-0.001973529, 0.002497277]
recall_at_1	0.000446429 [-0.002976190, 0.003869048]
recall_at_3	-0.000297619 [-0.003571429, 0.002827381]
recall_at_5	0.002232143 [-0.002380952, 0.006845238]
recall_at_10	-0.001041667 [-0.004464286, 0.002380952]
ndcg_at_1	-0.000595238 [-0.004761905, 0.003571429]
ndcg_at_3	0.000071517 [-0.002151865, 0.002314473]
ndcg_at_5	0.001382633 [-0.001155241, 0.003830018]
ndcg_at_10	-0.000142947 [-0.002038129, 0.001728554]
stage-cal O
average_precision	-0.000036075 [-0.001397054, 0.001326237]
trapezoidal_pr_auc	-0.000258285 [-0.001771638, 0.001242106]
roc_auc	0.000365456 [-0.000366620, 0.001110364]
recall_at_fpr_1pct	-0.002500000 [-0.006666667, 0.001666667]
brier	-0.000028471 [-0.000070136, 0.000011138]
log_loss	-0.000126217 [-0.000294896, 0.000037123]
precision	-0.004120370 [-0.029075231, 0.017269676]
recall	-0.000000000 [-0.002916667, 0.003333333]
f1	0.000125938 [-0.004573667, 0.005221915]
specificity	-0.000046555 [-0.000186220, 0.000093110]
balanced_accuracy	-0.000023277 [-0.001493250, 0.001573848]
mcc	-0.000440057 [-0.007039013, 0.005924825]
map	0.000277312 [-0.002093710, 0.002621145]
mrr	0.000260544 [-0.002392603, 0.002749514]
recall_at_1	-0.001041667 [-0.004315476, 0.002232143]
recall_at_3	0.003571429 [-0.000595238, 0.007593006]
recall_at_5	-0.000148810 [-0.004166667, 0.003869048]
recall_at_10	-0.001041667 [-0.004761905, 0.002678571]
ndcg_at_1	-0.001190476 [-0.005059524, 0.002678571]
ndcg_at_3	0.001906952 [-0.001124095, 0.004862045]
ndcg_at_5	0.000162369 [-0.002536812, 0.002783488]
ndcg_at_10	-0.000099395 [-0.002513340, 0.002266621]
stage-cal N
average_precision	0.001468075 [0.000331792, 0.002708020]
trapezoidal_pr_auc	0.001619348 [0.000420013, 0.002932517]
roc_auc	0.000523743 [-0.000200186, 0.001266323]
recall_at_fpr_1pct	-0.000833333 [-0.005000000, 0.003333333]
brier	-0.000039453 [-0.000072823, -0.000007303]
log_loss	-0.000162705 [-0.000293718, -0.000033719]
precision	-0.008333333 [-0.030555556, 0.009722222]
recall	0.001250000 [-0.001250000, 0.003750000]
f1	0.001911120 [-0.002452665, 0.006317835]
specificity	0.000046555 [-0.000069832, 0.000162942]
balanced_accuracy	0.000648277 [-0.000625000, 0.001921555]
mcc	0.001027602 [-0.005288259, 0.007027959]
map	-0.000020259 [-0.001711704, 0.001590482]
mrr	0.000138206 [-0.001871506, 0.002084245]
recall_at_1	-0.000744048 [-0.003571429, 0.002083333]
recall_at_3	0.000892857 [-0.002232143, 0.003869048]
recall_at_5	0.002678571 [-0.001041667, 0.006398810]
recall_at_10	0.000297619 [-0.003125000, 0.003720238]
ndcg_at_1	-0.001488095 [-0.005357143, 0.002083333]
ndcg_at_3	0.000393036 [-0.001764123, 0.002536922]
ndcg_at_5	0.001325063 [-0.000770390, 0.003348428]
ndcg_at_10	0.000147386 [-0.001565291, 0.001778983]
stage-cal Z
average_precision	0.001092461 [-0.000511331, 0.002764922]
trapezoidal_pr_auc	0.001239799 [-0.000408917, 0.002967379]
roc_auc	0.000600559 [-0.000488827, 0.001710952]
recall_at_fpr_1pct	-0.003333333 [-0.009166667, 0.002500000]
brier	-0.000034280 [-0.000086176, 0.000016943]
log_loss	-0.000147638 [-0.000349934, 0.000056218]
precision	-0.007500000 [-0.031944444, 0.013333333]
recall	0.002500000 [-0.002500000, 0.007500000]
f1	0.003618056 [-0.003991157, 0.011433610]
specificity	0.000093110 [-0.000139665, 0.000325885]
balanced_accuracy	0.001296555 [-0.001087058, 0.003750582]
mcc	0.002617726 [-0.006253643, 0.011167740]
map	-0.000411800 [-0.003386185, 0.002502340]
mrr	-0.000309273 [-0.003792354, 0.002996581]
recall_at_1	-0.001785714 [-0.006845238, 0.003273810]
recall_at_3	0.002678571 [-0.002678571, 0.007738095]
recall_at_5	0.002083333 [-0.003571429, 0.007738095]
recall_at_10	0.000595238 [-0.004166667, 0.005059524]
ndcg_at_1	-0.002380952 [-0.008928571, 0.004166667]
ndcg_at_3	0.001094599 [-0.002647501, 0.004668311]
ndcg_at_5	0.000848148 [-0.002399981, 0.003837351]
ndcg_at_10	-0.000044804 [-0.002906375, 0.002708441]
stage-cal final_all
average_precision	0.000340104 [-0.000745099, 0.001416377]
trapezoidal_pr_auc	0.000241076 [-0.000947232, 0.001406314]
roc_auc	0.000443824 [-0.000168374, 0.001070764]
recall_at_fpr_1pct	-0.002777778 [-0.005833333, 0.000277778]
brier	-0.000030407 [-0.000066320, 0.000004460]
log_loss	-0.000133357 [-0.000278749, 0.000004526]
precision	-0.005246914 [-0.028304012, 0.012902006]
recall	0.000833333 [-0.001388889, 0.003333333]
f1	0.001289977 [-0.002272353, 0.005227864]
specificity	0.000000000 [-0.000124146, 0.000139665]
balanced_accuracy	0.000416667 [-0.000694444, 0.001635630]
mcc	0.000579204 [-0.004913780, 0.005687122]
map	0.000047608 [-0.001790482, 0.001836111]
mrr	0.000070605 [-0.002079473, 0.002184123]
recall_at_1	-0.001289683 [-0.003968254, 0.001289683]
recall_at_3	0.003273810 [0.000297619, 0.006051587]
recall_at_5	0.000595238 [-0.002678571, 0.003968254]
recall_at_10	-0.000496032 [-0.003472222, 0.002380952]
ndcg_at_1	-0.001587302 [-0.004960317, 0.001785714]
ndcg_at_3	0.001636168 [-0.000637196, 0.003749285]
ndcg_at_5	0.000390962 [-0.001655537, 0.002376946]
ndcg_at_10	-0.000081198 [-0.001943504, 0.001733079]
stage-cal A2
average_precision	0.001843689 [0.000509100, 0.003190114]
trapezoidal_pr_auc	0.001998896 [0.000597126, 0.003408226]
roc_auc	0.000446927 [-0.000358473, 0.001210428]
recall_at_fpr_1pct	0.001666667 [-0.003333333, 0.006666667]
brier	-0.000044626 [-0.000073768, -0.000015646]
log_loss	-0.000177772 [-0.000291533, -0.000065809]
precision	-0.009166667 [-0.050833333, 0.016666667]
recall	-0.000000000 [-0.003333333, 0.003333333]
f1	0.000204185 [-0.005507937, 0.005916306]
specificity	0.000000000 [0.000000000, 0.000000000]
balanced_accuracy	0.000000000 [-0.001666667, 0.001666667]
mcc	-0.000562522 [-0.010456445, 0.008283439]
map	0.000371283 [-0.002063643, 0.002728033]
mrr	0.000585684 [-0.002255043, 0.003414311]
recall_at_1	0.000297619 [-0.003571429, 0.003869048]
recall_at_3	-0.000892857 [-0.004464286, 0.002678571]
recall_at_5	0.003273810 [-0.000595238, 0.007142857]
recall_at_10	0.000000000 [-0.004166667, 0.004166667]
ndcg_at_1	-0.000595238 [-0.005357143, 0.004166667]
ndcg_at_3	-0.000308527 [-0.002900393, 0.002343453]
ndcg_at_5	0.001801978 [-0.000692279, 0.004285941]
ndcg_at_10	0.000339575 [-0.002022306, 0.002604926]
stage-cal F_first
average_precision	0.000750778 [-0.001929202, 0.003362402]
trapezoidal_pr_auc	0.000869942 [-0.002174813, 0.003871313]
roc_auc	-0.000514432 [-0.001415328, 0.000381750]
recall_at_fpr_1pct	0.004166667 [-0.000833333, 0.010000000]
brier	-0.000025419 [-0.000078483, 0.000026676]
log_loss	-0.000125531 [-0.000321130, 0.000069987]
precision	0.013796296 [-0.002407407, 0.034631944]
recall	0.000000000 [-0.004166667, 0.004166667]
f1	0.000382900 [-0.005651110, 0.006156346]
specificity	0.000186220 [0.000000000, 0.000418994]
balanced_accuracy	0.000093110 [-0.001967528, 0.002129888]
mcc	0.002996121 [-0.003096308, 0.009355736]
map	0.000133850 [-0.003176757, 0.003600869]
mrr	0.000135346 [-0.003788942, 0.004076649]
recall_at_1	0.000297619 [-0.005059524, 0.005654762]
recall_at_3	-0.000595238 [-0.006250000, 0.005059524]
recall_at_5	0.000297619 [-0.005357143, 0.005952381]
recall_at_10	0.003869048 [-0.001190476, 0.008928571]
ndcg_at_1	0.001190476 [-0.004761905, 0.007738095]
ndcg_at_3	-0.000136304 [-0.004365625, 0.004246239]
ndcg_at_5	0.000164703 [-0.003487778, 0.003975809]
ndcg_at_10	0.001226442 [-0.001869494, 0.004369066]
stage-cal F
average_precision	0.000957919 [-0.000463629, 0.002371659]
trapezoidal_pr_auc	0.001257733 [-0.000297710, 0.002825757]
roc_auc	-0.000141993 [-0.000932263, 0.000608706]
recall_at_fpr_1pct	0.003333333 [-0.002083333, 0.008333333]
brier	-0.000006158 [-0.000044440, 0.000029909]
log_loss	-0.000037331 [-0.000194847, 0.000113370]
precision	-0.000462963 [-0.030048611, 0.028335648]
recall	0.000000000 [-0.003750000, 0.003333333]
f1	-0.000023846 [-0.006036392, 0.005564518]
specificity	0.000046555 [-0.000093110, 0.000186220]
balanced_accuracy	0.000023277 [-0.001840084, 0.001713222]
mcc	0.000158797 [-0.007853135, 0.008137791]
map	-0.000091671 [-0.002795162, 0.002716309]
mrr	0.000032298 [-0.002954884, 0.003166625]
recall_at_1	0.001190476 [-0.002678571, 0.005208333]
recall_at_3	-0.004017857 [-0.008630952, 0.000446429]
recall_at_5	0.001785714 [-0.002529762, 0.006101190]
recall_at_10	0.001041667 [-0.003273810, 0.005208333]
ndcg_at_1	0.000892857 [-0.003869048, 0.005654762]
ndcg_at_3	-0.002061215 [-0.005504561, 0.001461044]
ndcg_at_5	0.000738620 [-0.002212146, 0.003739903]
ndcg_at_10	0.000269182 [-0.002445423, 0.003013704]
stage-cal G
average_precision	0.001257522 [0.000107029, 0.002448243]
trapezoidal_pr_auc	0.001387340 [0.000207605, 0.002599841]
roc_auc	0.000453911 [-0.000232862, 0.001130179]
recall_at_fpr_1pct	-0.001250000 [-0.005416667, 0.002916667]
brier	0.000034872 [0.000003803, 0.000068197]
log_loss	0.000154530 [0.000037296, 0.000277200]
precision	-0.015833333 [-0.045142361, 0.007361111]
recall	0.001250000 [-0.001666667, 0.004166667]
f1	0.001728581 [-0.003024091, 0.006523871]
specificity	0.000046555 [-0.000069832, 0.000186220]
balanced_accuracy	0.000648277 [-0.000775140, 0.002083333]
mcc	-0.000169336 [-0.007717044, 0.006691824]
map	0.000271867 [-0.001801574, 0.002301639]
mrr	0.000256188 [-0.001973529, 0.002497277]
recall_at_1	0.000446429 [-0.002976190, 0.003869048]
recall_at_3	-0.000297619 [-0.003571429, 0.002827381]
recall_at_5	0.002232143 [-0.002380952, 0.006845238]
recall_at_10	-0.001041667 [-0.004464286, 0.002380952]
ndcg_at_1	-0.000595238 [-0.004761905, 0.003571429]
ndcg_at_3	0.000071517 [-0.002151865, 0.002314473]
ndcg_at_5	0.001382633 [-0.001155241, 0.003830018]
ndcg_at_10	-0.000142947 [-0.002038129, 0.001728554]
first-cal O
average_precision	-0.000036075 [-0.001397054, 0.001326237]
trapezoidal_pr_auc	-0.000258285 [-0.001771638, 0.001242106]
roc_auc	0.000365456 [-0.000366620, 0.001110364]
recall_at_fpr_1pct	-0.002500000 [-0.006666667, 0.001666667]
brier	-0.000013411 [-0.000052027, 0.000024282]
log_loss	-0.000102965 [-0.000261143, 0.000052458]
precision	0.003353175 [-0.024881448, 0.031349702]
recall	-0.002500000 [-0.005416667, 0.000416667]
f1	-0.003711052 [-0.008414881, 0.000887911]
specificity	0.000046555 [-0.000046555, 0.000162942]
balanced_accuracy	-0.001226723 [-0.002708333, 0.000243250]
mcc	-0.002959534 [-0.010308048, 0.004181265]
map	0.000277312 [-0.002093710, 0.002621145]
mrr	0.000260544 [-0.002392603, 0.002749514]
recall_at_1	-0.001041667 [-0.004315476, 0.002232143]
recall_at_3	0.003571429 [-0.000595238, 0.007593006]
recall_at_5	-0.000148810 [-0.004166667, 0.003869048]
recall_at_10	-0.001041667 [-0.004761905, 0.002678571]
ndcg_at_1	-0.001190476 [-0.005059524, 0.002678571]
ndcg_at_3	0.001906952 [-0.001124095, 0.004862045]
ndcg_at_5	0.000162369 [-0.002536812, 0.002783488]
ndcg_at_10	-0.000099395 [-0.002513340, 0.002266621]
first-cal N
average_precision	0.001468075 [0.000331792, 0.002708020]
trapezoidal_pr_auc	0.001619348 [0.000420013, 0.002932517]
roc_auc	0.000523743 [-0.000200186, 0.001266323]
recall_at_fpr_1pct	-0.000833333 [-0.005000000, 0.003333333]
brier	-0.000043247 [-0.000075309, -0.000012352]
log_loss	-0.000174174 [-0.000301292, -0.000048062]
precision	0.013730159 [-0.007937004, 0.037225198]
recall	0.001250000 [-0.000833333, 0.003333333]
f1	0.002349778 [-0.000914861, 0.005801484]
specificity	0.000046555 [-0.000139665, 0.000209497]
balanced_accuracy	0.000648277 [-0.000381750, 0.001713222]
mcc	0.003991314 [-0.001330493, 0.009829384]
map	-0.000020259 [-0.001711704, 0.001590482]
mrr	0.000138206 [-0.001871506, 0.002084245]
recall_at_1	-0.000744048 [-0.003571429, 0.002083333]
recall_at_3	0.000892857 [-0.002232143, 0.003869048]
recall_at_5	0.002678571 [-0.001041667, 0.006398810]
recall_at_10	0.000297619 [-0.003125000, 0.003720238]
ndcg_at_1	-0.001488095 [-0.005357143, 0.002083333]
ndcg_at_3	0.000393036 [-0.001764123, 0.002536922]
ndcg_at_5	0.001325063 [-0.000770390, 0.003348428]
ndcg_at_10	0.000147386 [-0.001565291, 0.001778983]
first-cal Z
average_precision	0.001092461 [-0.000511331, 0.002764922]
trapezoidal_pr_auc	0.001239799 [-0.000408917, 0.002967379]
roc_auc	0.000600559 [-0.000488827, 0.001710952]
recall_at_fpr_1pct	-0.003333333 [-0.009166667, 0.002500000]
brier	-0.000042692 [-0.000090571, 0.000004214]
log_loss	-0.000168467 [-0.000359132, 0.000028137]
precision	0.027460317 [-0.011750992, 0.073893849]
recall	0.000833333 [-0.002500000, 0.004166667]
f1	0.002119406 [-0.003401438, 0.007919805]
specificity	0.000186220 [-0.000093110, 0.000465549]
balanced_accuracy	0.000509777 [-0.001203445, 0.002246276]
mcc	0.006006546 [-0.003372030, 0.016233791]
map	-0.000411800 [-0.003386185, 0.002502340]
mrr	-0.000309273 [-0.003792354, 0.002996581]
recall_at_1	-0.001785714 [-0.006845238, 0.003273810]
recall_at_3	0.002678571 [-0.002678571, 0.007738095]
recall_at_5	0.002083333 [-0.003571429, 0.007738095]
recall_at_10	0.000595238 [-0.004166667, 0.005059524]
ndcg_at_1	-0.002380952 [-0.008928571, 0.004166667]
ndcg_at_3	0.001094599 [-0.002647501, 0.004668311]
ndcg_at_5	0.000848148 [-0.002399981, 0.003837351]
ndcg_at_10	-0.000044804 [-0.002906375, 0.002708441]
first-cal final_all
average_precision	0.000340104 [-0.000745099, 0.001416377]
trapezoidal_pr_auc	0.000241076 [-0.000947232, 0.001406314]
roc_auc	0.000443824 [-0.000168374, 0.001070764]
recall_at_fpr_1pct	-0.002777778 [-0.005833333, 0.000277778]
brier	-0.000023171 [-0.000057892, 0.000010052]
log_loss	-0.000124799 [-0.000261589, 0.000006425]
precision	0.011388889 [-0.010463624, 0.033505952]
recall	-0.001388889 [-0.003611111, 0.000833333]
f1	-0.001767566 [-0.005087772, 0.001485677]
specificity	0.000093110 [-0.000031037, 0.000217256]
balanced_accuracy	-0.000647890 [-0.001759001, 0.000432379]
mcc	0.000029160 [-0.005009514, 0.005076011]
map	0.000047608 [-0.001790482, 0.001836111]
mrr	0.000070605 [-0.002079473, 0.002184123]
recall_at_1	-0.001289683 [-0.003968254, 0.001289683]
recall_at_3	0.003273810 [0.000297619, 0.006051587]
recall_at_5	0.000595238 [-0.002678571, 0.003968254]
recall_at_10	-0.000496032 [-0.003472222, 0.002380952]
ndcg_at_1	-0.001587302 [-0.004960317, 0.001785714]
ndcg_at_3	0.001636168 [-0.000637196, 0.003749285]
ndcg_at_5	0.000390962 [-0.001655537, 0.002376946]
ndcg_at_10	-0.000081198 [-0.001943504, 0.001733079]
first-cal A2
average_precision	0.001843689 [0.000509100, 0.003190114]
trapezoidal_pr_auc	0.001998896 [0.000597126, 0.003408226]
roc_auc	0.000446927 [-0.000358473, 0.001210428]
recall_at_fpr_1pct	0.001666667 [-0.003333333, 0.006666667]
brier	-0.000043802 [-0.000074599, -0.000013673]
log_loss	-0.000179881 [-0.000297471, -0.000063235]
precision	0.000000000 [-0.008333333, 0.008333333]
recall	0.001666667 [0.000000000, 0.004166667]
f1	0.002580149 [-0.000241546, 0.006719368]
specificity	-0.000093110 [-0.000232775, 0.000000000]
balanced_accuracy	0.000786778 [-0.000069832, 0.002060056]
mcc	0.001976082 [-0.001492286, 0.006662100]
map	0.000371283 [-0.002063643, 0.002728033]
mrr	0.000585684 [-0.002255043, 0.003414311]
recall_at_1	0.000297619 [-0.003571429, 0.003869048]
recall_at_3	-0.000892857 [-0.004464286, 0.002678571]
recall_at_5	0.003273810 [-0.000595238, 0.007142857]
recall_at_10	0.000000000 [-0.004166667, 0.004166667]
ndcg_at_1	-0.000595238 [-0.005357143, 0.004166667]
ndcg_at_3	-0.000308527 [-0.002900393, 0.002343453]
ndcg_at_5	0.001801978 [-0.000692279, 0.004285941]
ndcg_at_10	0.000339575 [-0.002022306, 0.002604926]
first-cal F_first
average_precision	0.000750778 [-0.001929202, 0.003362402]
trapezoidal_pr_auc	0.000869942 [-0.002174813, 0.003871313]
roc_auc	-0.000514432 [-0.001415328, 0.000381750]
recall_at_fpr_1pct	0.004166667 [-0.000833333, 0.010000000]
brier	0.000004910 [-0.000043313, 0.000052185]
log_loss	-0.000057677 [-0.000245457, 0.000126847]
precision	-0.014087302 [-0.039484127, 0.005158730]
recall	0.002500000 [0.000000000, 0.005833333]
f1	0.003465590 [-0.000160333, 0.008097012]
specificity	-0.000139665 [-0.000279330, 0.000000000]
balanced_accuracy	0.001180168 [-0.000046555, 0.002823557]
mcc	0.001038137 [-0.004058120, 0.006589932]
map	0.000133850 [-0.003176757, 0.003600869]
mrr	0.000135346 [-0.003788942, 0.004076649]
recall_at_1	0.000297619 [-0.005059524, 0.005654762]
recall_at_3	-0.000595238 [-0.006250000, 0.005059524]
recall_at_5	0.000297619 [-0.005357143, 0.005952381]
recall_at_10	0.003869048 [-0.001190476, 0.008928571]
ndcg_at_1	0.001190476 [-0.004761905, 0.007738095]
ndcg_at_3	-0.000136304 [-0.004365625, 0.004246239]
ndcg_at_5	0.000164703 [-0.003487778, 0.003975809]
ndcg_at_10	0.001226442 [-0.001869494, 0.004369066]
first-cal F
average_precision	0.000957919 [-0.000463629, 0.002371659]
trapezoidal_pr_auc	0.001257733 [-0.000297710, 0.002825757]
roc_auc	-0.000141993 [-0.000932263, 0.000608706]
recall_at_fpr_1pct	0.003333333 [-0.002083333, 0.008333333]
brier	0.000008490 [-0.000026651, 0.000042463]
log_loss	-0.000013024 [-0.000158310, 0.000127795]
precision	-0.003353175 [-0.031549603, 0.025337798]
recall	0.003333333 [-0.000000000, 0.007083333]
f1	0.005001127 [-0.000406513, 0.010828067]
specificity	-0.000093110 [-0.000209497, 0.000023277]
balanced_accuracy	0.001620112 [-0.000104749, 0.003506750]
mcc	0.003947574 [-0.003817753, 0.011889501]
map	-0.000091671 [-0.002795162, 0.002716309]
mrr	0.000032298 [-0.002954884, 0.003166625]
recall_at_1	0.001190476 [-0.002678571, 0.005208333]
recall_at_3	-0.004017857 [-0.008630952, 0.000446429]
recall_at_5	0.001785714 [-0.002529762, 0.006101190]
recall_at_10	0.001041667 [-0.003273810, 0.005208333]
ndcg_at_1	0.000892857 [-0.003869048, 0.005654762]
ndcg_at_3	-0.002061215 [-0.005504561, 0.001461044]
ndcg_at_5	0.000738620 [-0.002212146, 0.003739903]
ndcg_at_10	0.000269182 [-0.002445423, 0.003013704]
first-cal G
average_precision	0.001257522 [0.000107029, 0.002448243]
trapezoidal_pr_auc	0.001387340 [0.000207605, 0.002599841]
roc_auc	0.000453911 [-0.000232862, 0.001130179]
recall_at_fpr_1pct	-0.001250000 [-0.005416667, 0.002916667]
brier	0.000033147 [0.000002751, 0.000064789]
log_loss	0.000148381 [0.000035377, 0.000266106]
precision	0.016924603 [-0.005158730, 0.040833333]
recall	0.001666667 [-0.000416667, 0.003750000]
f1	0.002998987 [-0.000528017, 0.006731885]
specificity	0.000069832 [-0.000116387, 0.000232775]
balanced_accuracy	0.000868250 [-0.000219972, 0.001991387]
mcc	0.005055390 [-0.000655255, 0.011084634]
map	0.000271867 [-0.001801574, 0.002301639]
mrr	0.000256188 [-0.001973529, 0.002497277]
recall_at_1	0.000446429 [-0.002976190, 0.003869048]
recall_at_3	-0.000297619 [-0.003571429, 0.002827381]
recall_at_5	0.002232143 [-0.002380952, 0.006845238]
recall_at_10	-0.001041667 [-0.004464286, 0.002380952]
ndcg_at_1	-0.000595238 [-0.004761905, 0.003571429]
ndcg_at_3	0.000071517 [-0.002151865, 0.002314473]
ndcg_at_5	0.001382633 [-0.001155241, 0.003830018]
ndcg_at_10	-0.000142947 [-0.002038129, 0.001728554]

COMPARISON S-LOGIT0.1: 23/23
FAILED: 
primary O
average_precision	0.027602137 [0.013452975, 0.041300362]
trapezoidal_pr_auc	0.027478833 [0.012485060, 0.042107559]
roc_auc	0.028228003 [0.019326947, 0.037533141]
recall_at_fpr_1pct	0.002083333 [-0.013750000, 0.018333333]
brier	-0.001133740 [-0.001548506, -0.000704707]
log_loss	-0.008336582 [-0.010143431, -0.006590546]
precision	0.000443723 [-0.094123422, 0.092616658]
recall	0.022500000 [0.010416667, 0.035000000]
f1	0.033341284 [0.013831950, 0.053191032]
specificity	-0.001024209 [-0.001629423, -0.000442272]
balanced_accuracy	0.010737896 [0.004660731, 0.016943087]
mcc	0.027906818 [-0.000024845, 0.054782748]
map	0.033739362 [0.022208123, 0.045438056]
mrr	0.032222958 [0.020421437, 0.044331753]
recall_at_1	0.025744048 [0.011454613, 0.039732143]
recall_at_3	0.041964286 [0.027377232, 0.056696429]
recall_at_5	0.043452381 [0.028418899, 0.058035714]
recall_at_10	0.021279762 [0.006101190, 0.036607143]
ndcg_at_1	0.028273810 [0.010416667, 0.045245536]
ndcg_at_3	0.038681847 [0.025596442, 0.051941327]
ndcg_at_5	0.039681021 [0.027877304, 0.051866014]
ndcg_at_10	0.031991141 [0.021299912, 0.042738955]
primary N
average_precision	0.020961716 [0.009473309, 0.031845763]
trapezoidal_pr_auc	0.021592599 [0.009445927, 0.033104935]
roc_auc	0.016558426 [0.008197102, 0.024815119]
recall_at_fpr_1pct	-0.000416667 [-0.016666667, 0.015416667]
brier	-0.000946425 [-0.001296489, -0.000584257]
log_loss	-0.005554081 [-0.007067191, -0.003961092]
precision	0.048025794 [-0.014057540, 0.114881944]
recall	0.010416667 [0.000000000, 0.021250000]
f1	0.017403355 [0.000804781, 0.034620251]
specificity	-0.000162942 [-0.000628492, 0.000349162]
balanced_accuracy	0.005126862 [-0.000070414, 0.010475413]
mcc	0.021883448 [0.000652761, 0.044631216]
map	0.016764564 [0.005180629, 0.028445850]
mrr	0.016367990 [0.003116893, 0.029736860]
recall_at_1	0.014285714 [-0.001488095, 0.030059524]
recall_at_3	0.021279762 [0.005654762, 0.036313244]
recall_at_5	0.029315476 [0.015029762, 0.042857143]
recall_at_10	0.003273810 [-0.010866815, 0.017261905]
ndcg_at_1	0.014880952 [-0.003571429, 0.033043155]
ndcg_at_3	0.019385657 [0.006255521, 0.033143614]
ndcg_at_5	0.022967561 [0.010967566, 0.034666759]
ndcg_at_10	0.013821432 [0.002806271, 0.024669886]
primary Z
average_precision	0.030473924 [0.016491908, 0.044289694]
trapezoidal_pr_auc	0.031041971 [0.015968783, 0.045547706]
roc_auc	0.020393389 [0.010483764, 0.030118890]
recall_at_fpr_1pct	0.008333333 [-0.014166667, 0.028333333]
brier	-0.001320845 [-0.001734469, -0.000901219]
log_loss	-0.006827954 [-0.008691331, -0.004968415]
precision	0.111884921 [0.024652778, 0.199940476]
recall	0.014166667 [-0.001666667, 0.030833333]
f1	0.024338065 [-0.001244655, 0.050900000]
specificity	-0.000046555 [-0.000698324, 0.000651769]
balanced_accuracy	0.007060056 [-0.000881634, 0.015463222]
mcc	0.037188948 [0.004015154, 0.070701459]
map	0.025640672 [0.010789001, 0.041150405]
mrr	0.027117503 [0.009388627, 0.045663252]
recall_at_1	0.025595238 [0.005052083, 0.047023810]
recall_at_3	0.026190476 [0.004166667, 0.047916667]
recall_at_5	0.037202381 [0.018154762, 0.055357143]
recall_at_10	0.010416667 [-0.006250000, 0.027083333]
ndcg_at_1	0.027976190 [0.002380952, 0.053571429]
ndcg_at_3	0.027557652 [0.009249722, 0.046085884]
ndcg_at_5	0.032177608 [0.015986800, 0.048615089]
ndcg_at_10	0.023173654 [0.009467035, 0.037240721]
primary final_all
average_precision	0.028559399 [0.016963743, 0.039896138]
trapezoidal_pr_auc	0.028666546 [0.016561500, 0.040455898]
roc_auc	0.025616465 [0.018094933, 0.033359520]
recall_at_fpr_1pct	0.004166667 [-0.010277778, 0.018055556]
brier	-0.001196108 [-0.001558511, -0.000836707]
log_loss	-0.007833706 [-0.009436860, -0.006281608]
precision	0.037590789 [-0.034478370, 0.115429413]
recall	0.019722222 [0.008611111, 0.031111111]
f1	0.030340211 [0.013080767, 0.048740985]
specificity	-0.000698324 [-0.001132837, -0.000279330]
balanced_accuracy	0.009511949 [0.004087174, 0.015253298]
mcc	0.031000861 [0.007460749, 0.056136731]
map	0.031039799 [0.020032740, 0.042482711]
mrr	0.030521140 [0.018487307, 0.042795756]
recall_at_1	0.025694444 [0.011706349, 0.039781746]
recall_at_3	0.036706349 [0.022420635, 0.051289683]
recall_at_5	0.041369048 [0.027777778, 0.054563492]
recall_at_10	0.017658730 [0.005850694, 0.029665179]
ndcg_at_1	0.028174603 [0.011111111, 0.044846230]
ndcg_at_3	0.034973782 [0.022224741, 0.048247261]
ndcg_at_5	0.037179884 [0.025565429, 0.049151752]
ndcg_at_10	0.029051979 [0.018758810, 0.039774123]
primary A2
average_precision	0.011449508 [-0.003736556, 0.025718883]
trapezoidal_pr_auc	0.012143226 [-0.003960739, 0.027162336]
roc_auc	0.012723464 [0.002469332, 0.023182088]
recall_at_fpr_1pct	-0.009166667 [-0.031666667, 0.011666667]
brier	-0.000572005 [-0.000988157, -0.000127885]
log_loss	-0.004280207 [-0.005935770, -0.002529217]
precision	-0.015833333 [-0.091388889, 0.066944444]
recall	0.006666667 [-0.003333333, 0.017500000]
f1	0.010468645 [-0.006148295, 0.027247319]
specificity	-0.000279330 [-0.000931099, 0.000372439]
balanced_accuracy	0.003193669 [-0.001944250, 0.008450244]
mcc	0.006577948 [-0.015924755, 0.030275752]
map	0.007888456 [-0.004765873, 0.020712127]
mrr	0.005618477 [-0.009037222, 0.020242713]
recall_at_1	0.002976190 [-0.013988095, 0.020833333]
recall_at_3	0.016369048 [-0.002083333, 0.035119048]
recall_at_5	0.021428571 [0.004166667, 0.038988095]
recall_at_10	-0.003869048 [-0.024702381, 0.018154762]
ndcg_at_1	0.001785714 [-0.019642857, 0.022619048]
ndcg_at_3	0.011213663 [-0.003829837, 0.026731926]
ndcg_at_5	0.013757514 [-0.000244828, 0.027883674]
ndcg_at_10	0.004469210 [-0.007876176, 0.016786645]
primary F_first
average_precision	-0.028036731 [-0.046886603, -0.009956171]
trapezoidal_pr_auc	-0.027951159 [-0.047760071, -0.008867561]
roc_auc	-0.026588687 [-0.038110044, -0.015051036]
recall_at_fpr_1pct	-0.015000000 [-0.045833333, 0.014166667]
brier	-0.000888756 [-0.001385195, -0.000391808]
log_loss	-0.006297794 [-0.008440462, -0.004165191]
precision	-0.028189033 [-0.166980339, 0.117843254]
recall	-0.026666667 [-0.045000000, -0.007500000]
f1	-0.041029535 [-0.070044906, -0.011421818]
specificity	0.001489758 [0.000651769, 0.002420857]
balanced_accuracy	-0.012588454 [-0.021778980, -0.003100559]
mcc	-0.038098558 [-0.077958207, 0.003358680]
map	-0.050410883 [-0.068751228, -0.033330246]
mrr	-0.046964862 [-0.064905127, -0.030187067]
recall_at_1	-0.046428571 [-0.069642857, -0.024404762]
recall_at_3	-0.055654762 [-0.080059524, -0.032440476]
recall_at_5	-0.069047619 [-0.092559524, -0.045833333]
recall_at_10	-0.038095238 [-0.062202381, -0.014880952]
ndcg_at_1	-0.050595238 [-0.076190476, -0.025595238]
ndcg_at_3	-0.053924223 [-0.075800044, -0.033404239]
ndcg_at_5	-0.059322317 [-0.078325869, -0.041370705]
ndcg_at_10	-0.048961175 [-0.064648488, -0.033985456]
primary F
average_precision	-0.028016254 [-0.040646150, -0.015675381]
trapezoidal_pr_auc	-0.027734286 [-0.041214740, -0.014719469]
roc_auc	-0.023136057 [-0.030638312, -0.015631925]
recall_at_fpr_1pct	-0.018750000 [-0.037916667, -0.000416667]
brier	-0.000944177 [-0.001325341, -0.000573479]
log_loss	-0.005970548 [-0.007509390, -0.004394773]
precision	-0.046415945 [-0.136788713, 0.048676475]
recall	-0.027916667 [-0.040416667, -0.015416667]
f1	-0.042909314 [-0.063286228, -0.022668438]
specificity	0.001210428 [0.000558659, 0.001885475]
balanced_accuracy	-0.013353119 [-0.019616795, -0.007031628]
mcc	-0.042790606 [-0.070416521, -0.014535390]
map	-0.038501733 [-0.050502772, -0.027080717]
mrr	-0.038126236 [-0.050169784, -0.026601153]
recall_at_1	-0.033779762 [-0.049404762, -0.018898810]
recall_at_3	-0.042261905 [-0.058184524, -0.026037946]
recall_at_5	-0.042559524 [-0.059672619, -0.025595238]
recall_at_10	-0.031845238 [-0.045982143, -0.017261905]
ndcg_at_1	-0.039285714 [-0.057142857, -0.022023810]
ndcg_at_3	-0.042167794 [-0.055437087, -0.029194899]
ndcg_at_5	-0.042014861 [-0.054999629, -0.029260027]
ndcg_at_10	-0.038590999 [-0.048831532, -0.028532218]
primary G
average_precision	0.007862647 [-0.004069035, 0.019420580]
trapezoidal_pr_auc	0.010140892 [-0.002670620, 0.022637144]
roc_auc	-0.003959497 [-0.012367668, 0.004498545]
recall_at_fpr_1pct	0.000416667 [-0.018333333, 0.018750000]
brier	0.000005898 [-0.000389920, 0.000392008]
log_loss	-0.000428109 [-0.001951256, 0.001054099]
precision	-0.000793651 [-0.100830605, 0.102920635]
recall	-0.010000000 [-0.022500000, 0.002500000]
f1	-0.015082552 [-0.035692341, 0.005429666]
specificity	0.000372439 [-0.000395717, 0.001140596]
balanced_accuracy	-0.004813780 [-0.011134456, 0.001436249]
mcc	-0.012735914 [-0.043721500, 0.018306700]
map	-0.006099368 [-0.019578351, 0.007426412]
mrr	-0.006259153 [-0.022565446, 0.009681443]
recall_at_1	-0.005059524 [-0.023214286, 0.012648810]
recall_at_3	-0.006547619 [-0.022767857, 0.009226190]
recall_at_5	0.005803571 [-0.010565476, 0.022321429]
recall_at_10	-0.006547619 [-0.024702381, 0.011462054]
ndcg_at_1	-0.012202381 [-0.035119048, 0.010416667]
ndcg_at_3	-0.006601047 [-0.022541882, 0.009234162]
ndcg_at_5	-0.001646587 [-0.015847449, 0.012696448]
ndcg_at_10	-0.006501080 [-0.019141004, 0.006069687]
raw O
average_precision	0.027602137 [0.013452975, 0.041300362]
trapezoidal_pr_auc	0.027478833 [0.012485060, 0.042107559]
roc_auc	0.028228003 [0.019326947, 0.037533141]
recall_at_fpr_1pct	0.002083333 [-0.013750000, 0.018333333]
brier	-0.000507239 [-0.000794846, -0.000229137]
log_loss	0.021079960 [0.017473693, 0.024734422]
precision	0.187500000 [0.108333333, 0.270833333]
recall	0.014583333 [0.007916667, 0.022500000]
f1	0.026570048 [0.014466089, 0.040425764]
specificity	-0.000139665 [-0.000232775, -0.000046555]
balanced_accuracy	0.007221834 [0.003853585, 0.011191806]
mcc	0.048938291 [0.027250518, 0.072071827]
map	0.033739362 [0.022208123, 0.045438056]
mrr	0.032222958 [0.020421437, 0.044331753]
recall_at_1	0.025744048 [0.011454613, 0.039732143]
recall_at_3	0.041964286 [0.027377232, 0.056696429]
recall_at_5	0.043452381 [0.028418899, 0.058035714]
recall_at_10	0.021279762 [0.006101190, 0.036607143]
ndcg_at_1	0.028273810 [0.010416667, 0.045245536]
ndcg_at_3	0.038681847 [0.025596442, 0.051941327]
ndcg_at_5	0.039681021 [0.027877304, 0.051866014]
ndcg_at_10	0.031991141 [0.021299912, 0.042738955]
raw N
average_precision	0.020961716 [0.009473309, 0.031845763]
trapezoidal_pr_auc	0.021592599 [0.009445927, 0.033104935]
roc_auc	0.016558426 [0.008197102, 0.024815119]
recall_at_fpr_1pct	-0.000416667 [-0.016666667, 0.015416667]
brier	-0.000414696 [-0.000657755, -0.000177409]
log_loss	0.025787881 [0.022641843, 0.028950192]
precision	0.097222222 [0.047222222, 0.150000000]
recall	0.006666667 [0.003333333, 0.010416667]
f1	0.012343936 [0.006132756, 0.019198193]
specificity	-0.000046555 [-0.000116387, 0.000000000]
balanced_accuracy	0.003310056 [0.001643389, 0.005173417]
mcc	0.024182916 [0.011776845, 0.037121972]
map	0.016764564 [0.005180629, 0.028445850]
mrr	0.016367990 [0.003116893, 0.029736860]
recall_at_1	0.014285714 [-0.001488095, 0.030059524]
recall_at_3	0.021279762 [0.005654762, 0.036313244]
recall_at_5	0.029315476 [0.015029762, 0.042857143]
recall_at_10	0.003273810 [-0.010866815, 0.017261905]
ndcg_at_1	0.014880952 [-0.003571429, 0.033043155]
ndcg_at_3	0.019385657 [0.006255521, 0.033143614]
ndcg_at_5	0.022967561 [0.010967566, 0.034666759]
ndcg_at_10	0.013821432 [0.002806271, 0.024669886]
raw Z
average_precision	0.030473924 [0.016491908, 0.044289694]
trapezoidal_pr_auc	0.031041971 [0.015968783, 0.045547706]
roc_auc	0.020393389 [0.010483764, 0.030118890]
recall_at_fpr_1pct	0.008333333 [-0.014166667, 0.028333333]
brier	-0.000431974 [-0.000779133, -0.000108463]
log_loss	0.024652460 [0.020834642, 0.028604897]
precision	0.100000000 [0.033333333, 0.183333333]
recall	0.005833333 [0.001666667, 0.010833333]
f1	0.010966811 [0.003174603, 0.020346320]
specificity	-0.000046555 [-0.000139665, 0.000000000]
balanced_accuracy	0.002893389 [0.000810056, 0.005416667]
mcc	0.023098150 [0.007060424, 0.042564646]
map	0.025640672 [0.010789001, 0.041150405]
mrr	0.027117503 [0.009388627, 0.045663252]
recall_at_1	0.025595238 [0.005052083, 0.047023810]
recall_at_3	0.026190476 [0.004166667, 0.047916667]
recall_at_5	0.037202381 [0.018154762, 0.055357143]
recall_at_10	0.010416667 [-0.006250000, 0.027083333]
ndcg_at_1	0.027976190 [0.002380952, 0.053571429]
ndcg_at_3	0.027557652 [0.009249722, 0.046085884]
ndcg_at_5	0.032177608 [0.015986800, 0.048615089]
ndcg_at_10	0.023173654 [0.009467035, 0.037240721]
raw final_all
average_precision	0.028559399 [0.016963743, 0.039896138]
trapezoidal_pr_auc	0.028666546 [0.016561500, 0.040455898]
roc_auc	0.025616465 [0.018094933, 0.033359520]
recall_at_fpr_1pct	0.004166667 [-0.010277778, 0.018055556]
brier	-0.000482150 [-0.000761674, -0.000217599]
log_loss	0.022270793 [0.018914712, 0.025576168]
precision	0.158333333 [0.091666667, 0.227777778]
recall	0.011666667 [0.006388889, 0.018055556]
f1	0.021368969 [0.011676496, 0.032626001]
specificity	-0.000108628 [-0.000186220, -0.000046555]
balanced_accuracy	0.005779019 [0.003109094, 0.008965705]
mcc	0.040324911 [0.022858823, 0.059464582]
map	0.031039799 [0.020032740, 0.042482711]
mrr	0.030521140 [0.018487307, 0.042795756]
recall_at_1	0.025694444 [0.011706349, 0.039781746]
recall_at_3	0.036706349 [0.022420635, 0.051289683]
recall_at_5	0.041369048 [0.027777778, 0.054563492]
recall_at_10	0.017658730 [0.005850694, 0.029665179]
ndcg_at_1	0.028174603 [0.011111111, 0.044846230]
ndcg_at_3	0.034973782 [0.022224741, 0.048247261]
ndcg_at_5	0.037179884 [0.025565429, 0.049151752]
ndcg_at_10	0.029051979 [0.018758810, 0.039774123]
raw A2
average_precision	0.011449508 [-0.003736556, 0.025718883]
trapezoidal_pr_auc	0.012143226 [-0.003960739, 0.027162336]
roc_auc	0.012723464 [0.002469332, 0.023182088]
recall_at_fpr_1pct	-0.009166667 [-0.031666667, 0.011666667]
brier	-0.000397417 [-0.000627839, -0.000166449]
log_loss	0.026923302 [0.023941773, 0.029975364]
precision	0.094444444 [0.033333333, 0.166666667]
recall	0.007500000 [0.002500000, 0.013333333]
f1	0.013721062 [0.004617605, 0.024267520]
specificity	-0.000046555 [-0.000139665, 0.000000000]
balanced_accuracy	0.003726723 [0.001250000, 0.006620112]
mcc	0.025267681 [0.008774416, 0.044340645]
map	0.007888456 [-0.004765873, 0.020712127]
mrr	0.005618477 [-0.009037222, 0.020242713]
recall_at_1	0.002976190 [-0.013988095, 0.020833333]
recall_at_3	0.016369048 [-0.002083333, 0.035119048]
recall_at_5	0.021428571 [0.004166667, 0.038988095]
recall_at_10	-0.003869048 [-0.024702381, 0.018154762]
ndcg_at_1	0.001785714 [-0.019642857, 0.022619048]
ndcg_at_3	0.011213663 [-0.003829837, 0.026731926]
ndcg_at_5	0.013757514 [-0.000244828, 0.027883674]
ndcg_at_10	0.004469210 [-0.007876176, 0.016786645]
raw F_first
average_precision	-0.028036731 [-0.046886603, -0.009956171]
trapezoidal_pr_auc	-0.027951159 [-0.047760071, -0.008867561]
roc_auc	-0.026588687 [-0.038110044, -0.015051036]
recall_at_fpr_1pct	-0.015000000 [-0.045833333, 0.014166667]
brier	-0.000637855 [-0.000957752, -0.000329557]
log_loss	-0.019187464 [-0.022927656, -0.015297614]
precision	-0.119444444 [-0.244444444, 0.022222222]
recall	-0.013333333 [-0.025000000, -0.002500000]
f1	-0.023677772 [-0.043755803, -0.004459110]
specificity	0.000046555 [-0.000139665, 0.000232775]
balanced_accuracy	-0.006643389 [-0.012453445, -0.001250000]
mcc	-0.037956576 [-0.072004873, -0.003027078]
map	-0.050410883 [-0.068751228, -0.033330246]
mrr	-0.046964862 [-0.064905127, -0.030187067]
recall_at_1	-0.046428571 [-0.069642857, -0.024404762]
recall_at_3	-0.055654762 [-0.080059524, -0.032440476]
recall_at_5	-0.069047619 [-0.092559524, -0.045833333]
recall_at_10	-0.038095238 [-0.062202381, -0.014880952]
ndcg_at_1	-0.050595238 [-0.076190476, -0.025595238]
ndcg_at_3	-0.053924223 [-0.075800044, -0.033404239]
ndcg_at_5	-0.059322317 [-0.078325869, -0.041370705]
ndcg_at_10	-0.048961175 [-0.064648488, -0.033985456]
raw F
average_precision	-0.028016254 [-0.040646150, -0.015675381]
trapezoidal_pr_auc	-0.027734286 [-0.041214740, -0.014719469]
roc_auc	-0.023136057 [-0.030638312, -0.015631925]
recall_at_fpr_1pct	-0.018750000 [-0.037916667, -0.000416667]
brier	-0.000439871 [-0.000687787, -0.000202335]
log_loss	-0.013563457 [-0.016162353, -0.010770730]
precision	-0.104166667 [-0.191666667, -0.016666667]
recall	-0.008333333 [-0.017083333, -0.000833333]
f1	-0.015088776 [-0.030170376, -0.001550756]
specificity	0.000046555 [-0.000093110, 0.000186220]
balanced_accuracy	-0.004143389 [-0.008472125, -0.000358473]
mcc	-0.027453318 [-0.052456241, -0.003323003]
map	-0.038501733 [-0.050502772, -0.027080717]
mrr	-0.038126236 [-0.050169784, -0.026601153]
recall_at_1	-0.033779762 [-0.049404762, -0.018898810]
recall_at_3	-0.042261905 [-0.058184524, -0.026037946]
recall_at_5	-0.042559524 [-0.059672619, -0.025595238]
recall_at_10	-0.031845238 [-0.045982143, -0.017261905]
ndcg_at_1	-0.039285714 [-0.057142857, -0.022023810]
ndcg_at_3	-0.042167794 [-0.055437087, -0.029194899]
ndcg_at_5	-0.042014861 [-0.054999629, -0.029260027]
ndcg_at_10	-0.038590999 [-0.048831532, -0.028532218]
raw G
average_precision	0.007862647 [-0.004069035, 0.019420580]
trapezoidal_pr_auc	0.010140892 [-0.002670620, 0.022637144]
roc_auc	-0.003959497 [-0.012367668, 0.004498545]
recall_at_fpr_1pct	0.000416667 [-0.018333333, 0.018750000]
brier	0.000185731 [-0.000005436, 0.000382696]
log_loss	0.006436128 [0.003664887, 0.008965546]
precision	0.018055556 [-0.027777778, 0.069444444]
recall	0.000416667 [-0.003333333, 0.004166667]
f1	0.000961478 [-0.005688876, 0.007690845]
specificity	0.000116387 [-0.000023277, 0.000256052]
balanced_accuracy	0.000266527 [-0.001561918, 0.002106611]
mcc	0.003676244 [-0.007875064, 0.016163077]
map	-0.006099368 [-0.019578351, 0.007426412]
mrr	-0.006259153 [-0.022565446, 0.009681443]
recall_at_1	-0.005059524 [-0.023214286, 0.012648810]
recall_at_3	-0.006547619 [-0.022767857, 0.009226190]
recall_at_5	0.005803571 [-0.010565476, 0.022321429]
recall_at_10	-0.006547619 [-0.024702381, 0.011462054]
ndcg_at_1	-0.012202381 [-0.035119048, 0.010416667]
ndcg_at_3	-0.006601047 [-0.022541882, 0.009234162]
ndcg_at_5	-0.001646587 [-0.015847449, 0.012696448]
ndcg_at_10	-0.006501080 [-0.019141004, 0.006069687]
stage-cal O
average_precision	0.027602137 [0.013452975, 0.041300362]
trapezoidal_pr_auc	0.027478833 [0.012485060, 0.042107559]
roc_auc	0.028228003 [0.019326947, 0.037533141]
recall_at_fpr_1pct	0.002083333 [-0.013750000, 0.018333333]
brier	-0.001133740 [-0.001548506, -0.000704707]
log_loss	-0.008336582 [-0.010143431, -0.006590546]
precision	0.000443723 [-0.094123422, 0.092616658]
recall	0.022500000 [0.010416667, 0.035000000]
f1	0.033341284 [0.013831950, 0.053191032]
specificity	-0.001024209 [-0.001629423, -0.000442272]
balanced_accuracy	0.010737896 [0.004660731, 0.016943087]
mcc	0.027906818 [-0.000024845, 0.054782748]
map	0.033739362 [0.022208123, 0.045438056]
mrr	0.032222958 [0.020421437, 0.044331753]
recall_at_1	0.025744048 [0.011454613, 0.039732143]
recall_at_3	0.041964286 [0.027377232, 0.056696429]
recall_at_5	0.043452381 [0.028418899, 0.058035714]
recall_at_10	0.021279762 [0.006101190, 0.036607143]
ndcg_at_1	0.028273810 [0.010416667, 0.045245536]
ndcg_at_3	0.038681847 [0.025596442, 0.051941327]
ndcg_at_5	0.039681021 [0.027877304, 0.051866014]
ndcg_at_10	0.031991141 [0.021299912, 0.042738955]
stage-cal N
average_precision	0.020961716 [0.009473309, 0.031845763]
trapezoidal_pr_auc	0.021592599 [0.009445927, 0.033104935]
roc_auc	0.016558426 [0.008197102, 0.024815119]
recall_at_fpr_1pct	-0.000416667 [-0.016666667, 0.015416667]
brier	-0.000946425 [-0.001296489, -0.000584257]
log_loss	-0.005554081 [-0.007067191, -0.003961092]
precision	0.048025794 [-0.014057540, 0.114881944]
recall	0.010416667 [0.000000000, 0.021250000]
f1	0.017403355 [0.000804781, 0.034620251]
specificity	-0.000162942 [-0.000628492, 0.000349162]
balanced_accuracy	0.005126862 [-0.000070414, 0.010475413]
mcc	0.021883448 [0.000652761, 0.044631216]
map	0.016764564 [0.005180629, 0.028445850]
mrr	0.016367990 [0.003116893, 0.029736860]
recall_at_1	0.014285714 [-0.001488095, 0.030059524]
recall_at_3	0.021279762 [0.005654762, 0.036313244]
recall_at_5	0.029315476 [0.015029762, 0.042857143]
recall_at_10	0.003273810 [-0.010866815, 0.017261905]
ndcg_at_1	0.014880952 [-0.003571429, 0.033043155]
ndcg_at_3	0.019385657 [0.006255521, 0.033143614]
ndcg_at_5	0.022967561 [0.010967566, 0.034666759]
ndcg_at_10	0.013821432 [0.002806271, 0.024669886]
stage-cal Z
average_precision	0.030473924 [0.016491908, 0.044289694]
trapezoidal_pr_auc	0.031041971 [0.015968783, 0.045547706]
roc_auc	0.020393389 [0.010483764, 0.030118890]
recall_at_fpr_1pct	0.008333333 [-0.014166667, 0.028333333]
brier	-0.001320845 [-0.001734469, -0.000901219]
log_loss	-0.006827954 [-0.008691331, -0.004968415]
precision	0.111884921 [0.024652778, 0.199940476]
recall	0.014166667 [-0.001666667, 0.030833333]
f1	0.024338065 [-0.001244655, 0.050900000]
specificity	-0.000046555 [-0.000698324, 0.000651769]
balanced_accuracy	0.007060056 [-0.000881634, 0.015463222]
mcc	0.037188948 [0.004015154, 0.070701459]
map	0.025640672 [0.010789001, 0.041150405]
mrr	0.027117503 [0.009388627, 0.045663252]
recall_at_1	0.025595238 [0.005052083, 0.047023810]
recall_at_3	0.026190476 [0.004166667, 0.047916667]
recall_at_5	0.037202381 [0.018154762, 0.055357143]
recall_at_10	0.010416667 [-0.006250000, 0.027083333]
ndcg_at_1	0.027976190 [0.002380952, 0.053571429]
ndcg_at_3	0.027557652 [0.009249722, 0.046085884]
ndcg_at_5	0.032177608 [0.015986800, 0.048615089]
ndcg_at_10	0.023173654 [0.009467035, 0.037240721]
stage-cal final_all
average_precision	0.028559399 [0.016963743, 0.039896138]
trapezoidal_pr_auc	0.028666546 [0.016561500, 0.040455898]
roc_auc	0.025616465 [0.018094933, 0.033359520]
recall_at_fpr_1pct	0.004166667 [-0.010277778, 0.018055556]
brier	-0.001196108 [-0.001558511, -0.000836707]
log_loss	-0.007833706 [-0.009436860, -0.006281608]
precision	0.037590789 [-0.034478370, 0.115429413]
recall	0.019722222 [0.008611111, 0.031111111]
f1	0.030340211 [0.013080767, 0.048740985]
specificity	-0.000698324 [-0.001132837, -0.000279330]
balanced_accuracy	0.009511949 [0.004087174, 0.015253298]
mcc	0.031000861 [0.007460749, 0.056136731]
map	0.031039799 [0.020032740, 0.042482711]
mrr	0.030521140 [0.018487307, 0.042795756]
recall_at_1	0.025694444 [0.011706349, 0.039781746]
recall_at_3	0.036706349 [0.022420635, 0.051289683]
recall_at_5	0.041369048 [0.027777778, 0.054563492]
recall_at_10	0.017658730 [0.005850694, 0.029665179]
ndcg_at_1	0.028174603 [0.011111111, 0.044846230]
ndcg_at_3	0.034973782 [0.022224741, 0.048247261]
ndcg_at_5	0.037179884 [0.025565429, 0.049151752]
ndcg_at_10	0.029051979 [0.018758810, 0.039774123]
stage-cal A2
average_precision	0.011449508 [-0.003736556, 0.025718883]
trapezoidal_pr_auc	0.012143226 [-0.003960739, 0.027162336]
roc_auc	0.012723464 [0.002469332, 0.023182088]
recall_at_fpr_1pct	-0.009166667 [-0.031666667, 0.011666667]
brier	-0.000572005 [-0.000988157, -0.000127885]
log_loss	-0.004280207 [-0.005935770, -0.002529217]
precision	-0.015833333 [-0.091388889, 0.066944444]
recall	0.006666667 [-0.003333333, 0.017500000]
f1	0.010468645 [-0.006148295, 0.027247319]
specificity	-0.000279330 [-0.000931099, 0.000372439]
balanced_accuracy	0.003193669 [-0.001944250, 0.008450244]
mcc	0.006577948 [-0.015924755, 0.030275752]
map	0.007888456 [-0.004765873, 0.020712127]
mrr	0.005618477 [-0.009037222, 0.020242713]
recall_at_1	0.002976190 [-0.013988095, 0.020833333]
recall_at_3	0.016369048 [-0.002083333, 0.035119048]
recall_at_5	0.021428571 [0.004166667, 0.038988095]
recall_at_10	-0.003869048 [-0.024702381, 0.018154762]
ndcg_at_1	0.001785714 [-0.019642857, 0.022619048]
ndcg_at_3	0.011213663 [-0.003829837, 0.026731926]
ndcg_at_5	0.013757514 [-0.000244828, 0.027883674]
ndcg_at_10	0.004469210 [-0.007876176, 0.016786645]
stage-cal F_first
average_precision	-0.028036731 [-0.046886603, -0.009956171]
trapezoidal_pr_auc	-0.027951159 [-0.047760071, -0.008867561]
roc_auc	-0.026588687 [-0.038110044, -0.015051036]
recall_at_fpr_1pct	-0.015000000 [-0.045833333, 0.014166667]
brier	-0.000888756 [-0.001385195, -0.000391808]
log_loss	-0.006297794 [-0.008440462, -0.004165191]
precision	-0.028189033 [-0.166980339, 0.117843254]
recall	-0.026666667 [-0.045000000, -0.007500000]
f1	-0.041029535 [-0.070044906, -0.011421818]
specificity	0.001489758 [0.000651769, 0.002420857]
balanced_accuracy	-0.012588454 [-0.021778980, -0.003100559]
mcc	-0.038098558 [-0.077958207, 0.003358680]
map	-0.050410883 [-0.068751228, -0.033330246]
mrr	-0.046964862 [-0.064905127, -0.030187067]
recall_at_1	-0.046428571 [-0.069642857, -0.024404762]
recall_at_3	-0.055654762 [-0.080059524, -0.032440476]
recall_at_5	-0.069047619 [-0.092559524, -0.045833333]
recall_at_10	-0.038095238 [-0.062202381, -0.014880952]
ndcg_at_1	-0.050595238 [-0.076190476, -0.025595238]
ndcg_at_3	-0.053924223 [-0.075800044, -0.033404239]
ndcg_at_5	-0.059322317 [-0.078325869, -0.041370705]
ndcg_at_10	-0.048961175 [-0.064648488, -0.033985456]
stage-cal F
average_precision	-0.028016254 [-0.040646150, -0.015675381]
trapezoidal_pr_auc	-0.027734286 [-0.041214740, -0.014719469]
roc_auc	-0.023136057 [-0.030638312, -0.015631925]
recall_at_fpr_1pct	-0.018750000 [-0.037916667, -0.000416667]
brier	-0.000944177 [-0.001325341, -0.000573479]
log_loss	-0.005970548 [-0.007509390, -0.004394773]
precision	-0.046415945 [-0.136788713, 0.048676475]
recall	-0.027916667 [-0.040416667, -0.015416667]
f1	-0.042909314 [-0.063286228, -0.022668438]
specificity	0.001210428 [0.000558659, 0.001885475]
balanced_accuracy	-0.013353119 [-0.019616795, -0.007031628]
mcc	-0.042790606 [-0.070416521, -0.014535390]
map	-0.038501733 [-0.050502772, -0.027080717]
mrr	-0.038126236 [-0.050169784, -0.026601153]
recall_at_1	-0.033779762 [-0.049404762, -0.018898810]
recall_at_3	-0.042261905 [-0.058184524, -0.026037946]
recall_at_5	-0.042559524 [-0.059672619, -0.025595238]
recall_at_10	-0.031845238 [-0.045982143, -0.017261905]
ndcg_at_1	-0.039285714 [-0.057142857, -0.022023810]
ndcg_at_3	-0.042167794 [-0.055437087, -0.029194899]
ndcg_at_5	-0.042014861 [-0.054999629, -0.029260027]
ndcg_at_10	-0.038590999 [-0.048831532, -0.028532218]
stage-cal G
average_precision	0.007862647 [-0.004069035, 0.019420580]
trapezoidal_pr_auc	0.010140892 [-0.002670620, 0.022637144]
roc_auc	-0.003959497 [-0.012367668, 0.004498545]
recall_at_fpr_1pct	0.000416667 [-0.018333333, 0.018750000]
brier	0.000005898 [-0.000389920, 0.000392008]
log_loss	-0.000428109 [-0.001951256, 0.001054099]
precision	-0.000793651 [-0.100830605, 0.102920635]
recall	-0.010000000 [-0.022500000, 0.002500000]
f1	-0.015082552 [-0.035692341, 0.005429666]
specificity	0.000372439 [-0.000395717, 0.001140596]
balanced_accuracy	-0.004813780 [-0.011134456, 0.001436249]
mcc	-0.012735914 [-0.043721500, 0.018306700]
map	-0.006099368 [-0.019578351, 0.007426412]
mrr	-0.006259153 [-0.022565446, 0.009681443]
recall_at_1	-0.005059524 [-0.023214286, 0.012648810]
recall_at_3	-0.006547619 [-0.022767857, 0.009226190]
recall_at_5	0.005803571 [-0.010565476, 0.022321429]
recall_at_10	-0.006547619 [-0.024702381, 0.011462054]
ndcg_at_1	-0.012202381 [-0.035119048, 0.010416667]
ndcg_at_3	-0.006601047 [-0.022541882, 0.009234162]
ndcg_at_5	-0.001646587 [-0.015847449, 0.012696448]
ndcg_at_10	-0.006501080 [-0.019141004, 0.006069687]
first-cal O
average_precision	0.027602137 [0.013452975, 0.041300362]
trapezoidal_pr_auc	0.027478833 [0.012485060, 0.042107559]
roc_auc	0.028228003 [0.019326947, 0.037533141]
recall_at_fpr_1pct	0.002083333 [-0.013750000, 0.018333333]
brier	-0.001126715 [-0.001559010, -0.000684664]
log_loss	-0.009400603 [-0.011343593, -0.007510455]
precision	0.009796245 [-0.074752366, 0.095751603]
recall	0.006666667 [-0.004583333, 0.017916667]
f1	0.009854298 [-0.008577971, 0.027609445]
specificity	-0.000302607 [-0.000931099, 0.000325885]
balanced_accuracy	0.003182030 [-0.002410644, 0.008704842]
mcc	0.009714240 [-0.016469805, 0.035302870]
map	0.033739362 [0.022208123, 0.045438056]
mrr	0.032222958 [0.020421437, 0.044331753]
recall_at_1	0.025744048 [0.011454613, 0.039732143]
recall_at_3	0.041964286 [0.027377232, 0.056696429]
recall_at_5	0.043452381 [0.028418899, 0.058035714]
recall_at_10	0.021279762 [0.006101190, 0.036607143]
ndcg_at_1	0.028273810 [0.010416667, 0.045245536]
ndcg_at_3	0.038681847 [0.025596442, 0.051941327]
ndcg_at_5	0.039681021 [0.027877304, 0.051866014]
ndcg_at_10	0.031991141 [0.021299912, 0.042738955]
first-cal N
average_precision	0.020961716 [0.009473309, 0.031845763]
trapezoidal_pr_auc	0.021592599 [0.009445927, 0.033104935]
roc_auc	0.016558426 [0.008197102, 0.024815119]
recall_at_fpr_1pct	-0.000416667 [-0.016666667, 0.015416667]
brier	-0.000985766 [-0.001365661, -0.000592603]
log_loss	-0.006304826 [-0.007953736, -0.004557347]
precision	0.078501984 [0.011822421, 0.148899884]
recall	0.008750000 [-0.002916667, 0.020416667]
f1	0.016124190 [-0.001341342, 0.034071728]
specificity	0.000837989 [0.000302607, 0.001396648]
balanced_accuracy	0.004793994 [-0.000856000, 0.010534509]
mcc	0.026802920 [0.004564977, 0.049050733]
map	0.016764564 [0.005180629, 0.028445850]
mrr	0.016367990 [0.003116893, 0.029736860]
recall_at_1	0.014285714 [-0.001488095, 0.030059524]
recall_at_3	0.021279762 [0.005654762, 0.036313244]
recall_at_5	0.029315476 [0.015029762, 0.042857143]
recall_at_10	0.003273810 [-0.010866815, 0.017261905]
ndcg_at_1	0.014880952 [-0.003571429, 0.033043155]
ndcg_at_3	0.019385657 [0.006255521, 0.033143614]
ndcg_at_5	0.022967561 [0.010967566, 0.034666759]
ndcg_at_10	0.013821432 [0.002806271, 0.024669886]
first-cal Z
average_precision	0.030473924 [0.016491908, 0.044289694]
trapezoidal_pr_auc	0.031041971 [0.015968783, 0.045547706]
roc_auc	0.020393389 [0.010483764, 0.030118890]
recall_at_fpr_1pct	0.008333333 [-0.014166667, 0.028333333]
brier	-0.001471421 [-0.001943846, -0.000978970]
log_loss	-0.007867923 [-0.009888993, -0.005837270]
precision	0.154940476 [0.053305556, 0.253228340]
recall	0.011666667 [-0.004166667, 0.027500000]
f1	0.023057478 [-0.001536022, 0.048498850]
specificity	0.001629423 [0.000837989, 0.002420857]
balanced_accuracy	0.006648045 [-0.001315701, 0.014795216]
mcc	0.045078828 [0.013090114, 0.078460141]
map	0.025640672 [0.010789001, 0.041150405]
mrr	0.027117503 [0.009388627, 0.045663252]
recall_at_1	0.025595238 [0.005052083, 0.047023810]
recall_at_3	0.026190476 [0.004166667, 0.047916667]
recall_at_5	0.037202381 [0.018154762, 0.055357143]
recall_at_10	0.010416667 [-0.006250000, 0.027083333]
ndcg_at_1	0.027976190 [0.002380952, 0.053571429]
ndcg_at_3	0.027557652 [0.009249722, 0.046085884]
ndcg_at_5	0.032177608 [0.015986800, 0.048615089]
ndcg_at_10	0.023173654 [0.009467035, 0.037240721]
first-cal final_all
average_precision	0.028559399 [0.016963743, 0.039896138]
trapezoidal_pr_auc	0.028666546 [0.016561500, 0.040455898]
roc_auc	0.025616465 [0.018094933, 0.033359520]
recall_at_fpr_1pct	0.004166667 [-0.010277778, 0.018055556]
brier	-0.001241617 [-0.001620231, -0.000862779]
log_loss	-0.008889710 [-0.010570670, -0.007221830]
precision	0.058177656 [-0.017511994, 0.133383013]
recall	0.008333333 [-0.002222222, 0.019444444]
f1	0.014255358 [-0.002757376, 0.031723216]
specificity	0.000341403 [-0.000170701, 0.000853507]
balanced_accuracy	0.004337368 [-0.000941748, 0.009861150]
mcc	0.021502436 [-0.002070820, 0.045349488]
map	0.031039799 [0.020032740, 0.042482711]
mrr	0.030521140 [0.018487307, 0.042795756]
recall_at_1	0.025694444 [0.011706349, 0.039781746]
recall_at_3	0.036706349 [0.022420635, 0.051289683]
recall_at_5	0.041369048 [0.027777778, 0.054563492]
recall_at_10	0.017658730 [0.005850694, 0.029665179]
ndcg_at_1	0.028174603 [0.011111111, 0.044846230]
ndcg_at_3	0.034973782 [0.022224741, 0.048247261]
ndcg_at_5	0.037179884 [0.025565429, 0.049151752]
ndcg_at_10	0.029051979 [0.018758810, 0.039774123]
first-cal A2
average_precision	0.011449508 [-0.003736556, 0.025718883]
trapezoidal_pr_auc	0.012143226 [-0.003960739, 0.027162336]
roc_auc	0.012723464 [0.002469332, 0.023182088]
recall_at_fpr_1pct	-0.009166667 [-0.031666667, 0.011666667]
brier	-0.000500111 [-0.000962534, -0.000026364]
log_loss	-0.004741729 [-0.006640159, -0.002756298]
precision	0.002063492 [-0.101908730, 0.104331349]
recall	0.005833333 [-0.007520833, 0.019166667]
f1	0.009190901 [-0.012451135, 0.029957891]
specificity	0.000046555 [-0.000651769, 0.000744879]
balanced_accuracy	0.002939944 [-0.003910615, 0.009467528]
mcc	0.008527012 [-0.020563688, 0.037033367]
map	0.007888456 [-0.004765873, 0.020712127]
mrr	0.005618477 [-0.009037222, 0.020242713]
recall_at_1	0.002976190 [-0.013988095, 0.020833333]
recall_at_3	0.016369048 [-0.002083333, 0.035119048]
recall_at_5	0.021428571 [0.004166667, 0.038988095]
recall_at_10	-0.003869048 [-0.024702381, 0.018154762]
ndcg_at_1	0.001785714 [-0.019642857, 0.022619048]
ndcg_at_3	0.011213663 [-0.003829837, 0.026731926]
ndcg_at_5	0.013757514 [-0.000244828, 0.027883674]
ndcg_at_10	0.004469210 [-0.007876176, 0.016786645]
first-cal F_first
average_precision	-0.028036731 [-0.046886603, -0.009956171]
trapezoidal_pr_auc	-0.027951159 [-0.047760071, -0.008867561]
roc_auc	-0.026588687 [-0.038110044, -0.015051036]
recall_at_fpr_1pct	-0.015000000 [-0.045833333, 0.014166667]
brier	-0.001025947 [-0.001530321, -0.000537820]
log_loss	-0.007463589 [-0.009739982, -0.005245060]
precision	-0.100039683 [-0.259782242, 0.061394841]
recall	-0.010833333 [-0.029166667, 0.008333333]
f1	-0.022622055 [-0.051763700, 0.006934575]
specificity	0.000418994 [-0.000372439, 0.001210428]
balanced_accuracy	-0.005207169 [-0.014444250, 0.004166667]
mcc	-0.035184885 [-0.078727999, 0.007870731]
map	-0.050410883 [-0.068751228, -0.033330246]
mrr	-0.046964862 [-0.064905127, -0.030187067]
recall_at_1	-0.046428571 [-0.069642857, -0.024404762]
recall_at_3	-0.055654762 [-0.080059524, -0.032440476]
recall_at_5	-0.069047619 [-0.092559524, -0.045833333]
recall_at_10	-0.038095238 [-0.062202381, -0.014880952]
ndcg_at_1	-0.050595238 [-0.076190476, -0.025595238]
ndcg_at_3	-0.053924223 [-0.075800044, -0.033404239]
ndcg_at_5	-0.059322317 [-0.078325869, -0.041370705]
ndcg_at_10	-0.048961175 [-0.064648488, -0.033985456]
first-cal F
average_precision	-0.028016254 [-0.040646150, -0.015675381]
trapezoidal_pr_auc	-0.027734286 [-0.041214740, -0.014719469]
roc_auc	-0.023136057 [-0.030638312, -0.015631925]
recall_at_fpr_1pct	-0.018750000 [-0.037916667, -0.000416667]
brier	-0.000973099 [-0.001348822, -0.000621107]
log_loss	-0.006803808 [-0.008394054, -0.005156373]
precision	-0.046820055 [-0.143834688, 0.044658616]
recall	-0.012500000 [-0.023333333, -0.002083333]
f1	-0.020061199 [-0.038010846, -0.002754421]
specificity	0.000651769 [0.000093110, 0.001210428]
balanced_accuracy	-0.005924115 [-0.011364642, -0.000624651]
mcc	-0.023623496 [-0.048944940, 0.000906774]
map	-0.038501733 [-0.050502772, -0.027080717]
mrr	-0.038126236 [-0.050169784, -0.026601153]
recall_at_1	-0.033779762 [-0.049404762, -0.018898810]
recall_at_3	-0.042261905 [-0.058184524, -0.026037946]
recall_at_5	-0.042559524 [-0.059672619, -0.025595238]
recall_at_10	-0.031845238 [-0.045982143, -0.017261905]
ndcg_at_1	-0.039285714 [-0.057142857, -0.022023810]
ndcg_at_3	-0.042167794 [-0.055437087, -0.029194899]
ndcg_at_5	-0.042014861 [-0.054999629, -0.029260027]
ndcg_at_10	-0.038590999 [-0.048831532, -0.028532218]
first-cal G
average_precision	0.007862647 [-0.004069035, 0.019420580]
trapezoidal_pr_auc	0.010140892 [-0.002670620, 0.022637144]
roc_auc	-0.003959497 [-0.012367668, 0.004498545]
recall_at_fpr_1pct	0.000416667 [-0.018333333, 0.018750000]
brier	0.000187262 [-0.000188971, 0.000556934]
log_loss	0.000640502 [-0.001013648, 0.002226518]
precision	0.037367725 [-0.049425265, 0.124474206]
recall	-0.010000000 [-0.023333333, 0.002916667]
f1	-0.014429968 [-0.035258624, 0.005759338]
specificity	0.001187151 [0.000442272, 0.001886057]
balanced_accuracy	-0.004406425 [-0.011017720, 0.002005645]
mcc	-0.005977323 [-0.033933977, 0.021718615]
map	-0.006099368 [-0.019578351, 0.007426412]
mrr	-0.006259153 [-0.022565446, 0.009681443]
recall_at_1	-0.005059524 [-0.023214286, 0.012648810]
recall_at_3	-0.006547619 [-0.022767857, 0.009226190]
recall_at_5	0.005803571 [-0.010565476, 0.022321429]
recall_at_10	-0.006547619 [-0.024702381, 0.011462054]
ndcg_at_1	-0.012202381 [-0.035119048, 0.010416667]
ndcg_at_3	-0.006601047 [-0.022541882, 0.009234162]
ndcg_at_5	-0.001646587 [-0.015847449, 0.012696448]
ndcg_at_10	-0.006501080 [-0.019141004, 0.006069687]
