method,role,endpoint,metric,mean,ci_lower,ci_upper,ABC,BCA,CAB
frozen,raw,O,average_precision,0.279944968177916,0.25989279223870665,0.300407069641075,0.2711161068721064,0.274492801629281,0.2942259960323604
frozen,raw,O,trapezoidal_pr_auc,0.2660856226361423,0.24568419351264334,0.2866796721925859,0.2576201836790675,0.2595551826153016,0.2810815016140579
frozen,raw,O,roc_auc,0.7451024208566107,0.7312883496275606,0.7588726140595907,0.7295740223463687,0.7490258379888268,0.756707402234637
frozen,raw,O,recall_at_fpr_1pct,0.15791666666666665,0.13708333333333336,0.17958333333333334,0.15375,0.14749999999999994,0.17250000000000004
frozen,raw,O,brier,0.0503239742435009,0.05011222583009023,0.05052812055838235,0.05004927335307836,0.04904579233157978,0.051876857045844535
frozen,raw,O,log_loss,0.26226259151152176,0.2579624210548326,0.2666731474231999,0.24947925447664226,0.23016425429453685,0.3071442657633861
frozen,raw,O,precision,0.0,0.0,0.0,0.0,0.0,0.0
frozen,raw,O,recall,0.0,0.0,0.0,0.0,0.0,0.0
frozen,raw,O,f1,0.0,0.0,0.0,0.0,0.0,0.0
frozen,raw,O,specificity,1.0,1.0000000000000002,1.0000000000000009,1.0,1.0,1.0
frozen,raw,O,balanced_accuracy,0.5,0.5000000000000001,0.5000000000000004,0.5,0.5,0.5
frozen,raw,O,mcc,0.0,0.0,0.0,0.0,0.0,0.0
frozen,raw,O,map,0.44116577028772896,0.4240099357281945,0.45731105088001045,0.43657929939562035,0.4393554842480105,0.4475625272195559
frozen,raw,O,mrr,0.48583987949338586,0.4685712372672193,0.5025178318844121,0.48308171574800457,0.484257388752756,0.4901805339793972
frozen,raw,O,recall_at_1,0.2525297619047619,0.23586309523809523,0.2690476190476191,0.2553571428571428,0.24910714285714283,0.253125
frozen,raw,O,recall_at_3,0.45639880952380946,0.4351190476190476,0.47708333333333347,0.45401785714285714,0.45758928571428575,0.4575892857142856
frozen,raw,O,recall_at_5,0.5708333333333333,0.5502938988095237,0.5916703869047621,0.5526785714285714,0.5785714285714285,0.58125
frozen,raw,O,recall_at_10,0.7212797619047618,0.7017857142857143,0.7409226190476191,0.704017857142857,0.7125,0.7473214285714286
frozen,raw,O,ndcg_at_1,0.34166666666666673,0.3211309523809523,0.36190476190476195,0.3392857142857143,0.3401785714285715,0.34553571428571433
frozen,raw,O,ndcg_at_3,0.4032373527389726,0.3837500979376595,0.42210464666961295,0.40137948447850497,0.4026268828026377,0.4057056909357752
frozen,raw,O,ndcg_at_5,0.45442066346118254,0.43598447022433695,0.47224394300322375,0.4456178764516311,0.4573181181748594,0.46032599575705707
frozen,raw,O,ndcg_at_10,0.5076735959146018,0.4909381397795427,0.5243526829443959,0.4996155693911632,0.504061773318295,0.519343445034347
frozen,raw,N,average_precision,0.22605156743315122,0.20936887693598322,0.2425545242368271,0.2069086761971309,0.21368788391688046,0.25755814218544226
frozen,raw,N,trapezoidal_pr_auc,0.21190865357636626,0.19496214516060564,0.22866900314520508,0.19353846990499582,0.19906695503526847,0.24312053578883458
frozen,raw,N,roc_auc,0.7186999534450652,0.7036951524674118,0.7334836475791433,0.6970216480446929,0.7167493016759776,0.7423289106145252
frozen,raw,N,recall_at_fpr_1pct,0.11583333333333334,0.1004166666666667,0.13125000000000003,0.11124999999999999,0.10875000000000001,0.1275
frozen,raw,N,brier,0.05080909505780052,0.050650091467612075,0.05097490217776551,0.05076268258502692,0.049733332444243016,0.051931270144131625
frozen,raw,N,log_loss,0.2658768688731566,0.2618594649053218,0.2701041078933572,0.25463300867130206,0.23508866552277796,0.30790893242538975
frozen,raw,N,precision,0.0,0.0,0.0,0.0,0.0,0.0
frozen,raw,N,recall,0.0,0.0,0.0,0.0,0.0,0.0
frozen,raw,N,f1,0.0,0.0,0.0,0.0,0.0,0.0
frozen,raw,N,specificity,1.0,1.0000000000000002,1.0000000000000009,1.0,1.0,1.0
frozen,raw,N,balanced_accuracy,0.5,0.5000000000000001,0.5000000000000004,0.5,0.5,0.5
frozen,raw,N,mcc,0.0,0.0,0.0,0.0,0.0,0.0
frozen,raw,N,map,0.39129085619681764,0.37652396333583643,0.4058418417270802,0.3611579091855958,0.3926714958775902,0.420043163527267
frozen,raw,N,mrr,0.43497426154155,0.4200794436430307,0.44986365835029435,0.4047991065937807,0.4339202807217267,0.4662033973091426
frozen,raw,N,recall_at_1,0.2081845238095238,0.1944903273809523,0.2220275297619047,0.18482142857142853,0.20580357142857147,0.2339285714285714
frozen,raw,N,recall_at_3,0.39895833333333347,0.3800595238095238,0.4175595238095237,0.35625000000000007,0.4116071428571429,0.42901785714285723
frozen,raw,N,recall_at_5,0.5159226190476192,0.4952380952380952,0.5367559523809525,0.47053571428571433,0.5183035714285715,0.5589285714285716
frozen,raw,N,recall_at_10,0.6912202380952381,0.6726153273809524,0.7098214285714287,0.669642857142857,0.6830357142857143,0.720982142857143
frozen,raw,N,ndcg_at_1,0.2842261904761905,0.2675595238095238,0.30148809523809517,0.2526785714285714,0.28482142857142867,0.3151785714285715
frozen,raw,N,ndcg_at_3,0.3463038901168874,0.3297341234136422,0.3628455793156806,0.3094757678090188,0.3529871962132397,0.37644870632840355
frozen,raw,N,ndcg_at_5,0.39849093405085023,0.3817459372915997,0.41517223053661384,0.3604323499468337,0.4004603727426349,0.43458007946308197
frozen,raw,N,ndcg_at_10,0.46085867187199897,0.4451420483608944,0.47656307556577354,0.43160890115581807,0.4586908219931184,0.49227629246706056
frozen,raw,Z,average_precision,0.2225222672652225,0.20353011910948005,0.24153270693057002,0.181003301769114,0.2133720538178892,0.27319144620866426
frozen,raw,Z,trapezoidal_pr_auc,0.20858335700780892,0.189591328923412,0.227911693282409,0.16762114143273768,0.2000315676483247,0.2580973619423643
frozen,raw,Z,roc_auc,0.720239757914339,0.701426850558659,0.7380556913407819,0.6821438547486034,0.7263826815642458,0.7521927374301678
frozen,raw,Z,recall_at_fpr_1pct,0.11083333333333334,0.09333333333333331,0.12833333333333333,0.09000000000000001,0.10250000000000001,0.13999999999999999
frozen,raw,Z,brier,0.05083474490833686,0.05061550682673199,0.051053910366976624,0.050989167016704195,0.04976022391413497,0.05175484379417139
frozen,raw,Z,log_loss,0.26359305318063075,0.25903698001389963,0.2683637376595022,0.255799362946023,0.23383766622746344,0.30114213036840587
frozen,raw,Z,precision,0.0,0.0,0.0,0.0,0.0,0.0
frozen,raw,Z,recall,0.0,0.0,0.0,0.0,0.0,0.0
frozen,raw,Z,f1,0.0,0.0,0.0,0.0,0.0,0.0
frozen,raw,Z,specificity,1.0,1.0000000000000002,1.0000000000000009,1.0,1.0,1.0
frozen,raw,Z,balanced_accuracy,0.5,0.5000000000000001,0.5000000000000004,0.5,0.5,0.5
frozen,raw,Z,mcc,0.0,0.0,0.0,0.0,0.0,0.0
frozen,raw,Z,map,0.38862239777908986,0.3697069900314177,0.40739859912625986,0.32631018534835166,0.3999399716081681,0.43961703638074984
frozen,raw,Z,mrr,0.43419918756276843,0.4140373556836221,0.4541632157594659,0.3663276253420927,0.44640158978351074,0.4898683475627018
frozen,raw,Z,recall_at_1,0.20505952380952383,0.18659970238095236,0.22351190476190472,0.14732142857142855,0.2089285714285715,0.2589285714285714
frozen,raw,Z,recall_at_3,0.400595238095238,0.3767857142857142,0.4247023809523809,0.31339285714285714,0.43482142857142847,0.45357142857142846
frozen,raw,Z,recall_at_5,0.5142857142857142,0.48779761904761904,0.5404761904761906,0.43839285714285703,0.5276785714285714,0.5767857142857143
frozen,raw,Z,recall_at_10,0.6913690476190476,0.6660714285714285,0.7163690476190475,0.649107142857143,0.7080357142857142,0.7169642857142857
frozen,raw,Z,ndcg_at_1,0.28154761904761905,0.25892857142857145,0.3035714285714286,0.21249999999999997,0.2875000000000001,0.34464285714285714
frozen,raw,Z,ndcg_at_3,0.34513155007456015,0.32389711190543286,0.36617498118292924,0.26705204455307413,0.36706274107583636,0.40127986459477
frozen,raw,Z,ndcg_at_5,0.39625251804830736,0.3749348625641813,0.41783439742554046,0.32277287481095474,0.40865343546358723,0.4573312438703801
frozen,raw,Z,ndcg_at_10,0.45931617438918965,0.43895469241807694,0.4794483097006389,0.39813816076303743,0.4728396730921127,0.5069706893124188
frozen,raw,F_first,average_precision,0.0,0.0,0.0,0.0,0.0,0.0
frozen,raw,F_first,trapezoidal_pr_auc,0.0,0.0,0.0,0.0,0.0,0.0
frozen,raw,F_first,roc_auc,0.0,0.0,0.0,0.0,0.0,0.0
frozen,raw,F_first,recall_at_fpr_1pct,0.0,0.0,0.0,0.0,0.0,0.0
frozen,raw,F_first,brier,0.0,0.0,0.0,0.0,0.0,0.0
frozen,raw,F_first,log_loss,0.0,0.0,0.0,0.0,0.0,0.0
frozen,raw,F_first,precision,0.0,0.0,0.0,0.0,0.0,0.0
frozen,raw,F_first,recall,0.0,0.0,0.0,0.0,0.0,0.0
frozen,raw,F_first,f1,0.0,0.0,0.0,0.0,0.0,0.0
frozen,raw,F_first,specificity,0.0,0.0,0.0,0.0,0.0,0.0
frozen,raw,F_first,balanced_accuracy,0.0,0.0,0.0,0.0,0.0,0.0
frozen,raw,F_first,mcc,0.0,0.0,0.0,0.0,0.0,0.0
frozen,raw,F_first,map,0.0,0.0,0.0,0.0,0.0,0.0
frozen,raw,F_first,mrr,0.0,0.0,0.0,0.0,0.0,0.0
frozen,raw,F_first,recall_at_1,0.0,0.0,0.0,0.0,0.0,0.0
frozen,raw,F_first,recall_at_3,0.0,0.0,0.0,0.0,0.0,0.0
frozen,raw,F_first,recall_at_5,0.0,0.0,0.0,0.0,0.0,0.0
frozen,raw,F_first,recall_at_10,0.0,0.0,0.0,0.0,0.0,0.0
frozen,raw,F_first,ndcg_at_1,0.0,0.0,0.0,0.0,0.0,0.0
frozen,raw,F_first,ndcg_at_3,0.0,0.0,0.0,0.0,0.0,0.0
frozen,raw,F_first,ndcg_at_5,0.0,0.0,0.0,0.0,0.0,0.0
frozen,raw,F_first,ndcg_at_10,0.0,0.0,0.0,0.0,0.0,0.0
frozen,raw,F,average_precision,0.0,0.0,0.0,0.0,0.0,0.0
frozen,raw,F,trapezoidal_pr_auc,0.0,0.0,0.0,0.0,0.0,0.0
frozen,raw,F,roc_auc,0.0,0.0,0.0,0.0,0.0,0.0
frozen,raw,F,recall_at_fpr_1pct,0.0,0.0,0.0,0.0,0.0,0.0
frozen,raw,F,brier,0.0,0.0,0.0,0.0,0.0,0.0
frozen,raw,F,log_loss,0.0,0.0,0.0,0.0,0.0,0.0
frozen,raw,F,precision,0.0,0.0,0.0,0.0,0.0,0.0
frozen,raw,F,recall,0.0,0.0,0.0,0.0,0.0,0.0
frozen,raw,F,f1,0.0,0.0,0.0,0.0,0.0,0.0
frozen,raw,F,specificity,0.0,0.0,0.0,0.0,0.0,0.0
frozen,raw,F,balanced_accuracy,0.0,0.0,0.0,0.0,0.0,0.0
frozen,raw,F,mcc,0.0,0.0,0.0,0.0,0.0,0.0
frozen,raw,F,map,0.0,0.0,0.0,0.0,0.0,0.0
frozen,raw,F,mrr,0.0,0.0,0.0,0.0,0.0,0.0
frozen,raw,F,recall_at_1,0.0,0.0,0.0,0.0,0.0,0.0
frozen,raw,F,recall_at_3,0.0,0.0,0.0,0.0,0.0,0.0
frozen,raw,F,recall_at_5,0.0,0.0,0.0,0.0,0.0,0.0
frozen,raw,F,recall_at_10,0.0,0.0,0.0,0.0,0.0,0.0
frozen,raw,F,ndcg_at_1,0.0,0.0,0.0,0.0,0.0,0.0
frozen,raw,F,ndcg_at_3,0.0,0.0,0.0,0.0,0.0,0.0
frozen,raw,F,ndcg_at_5,0.0,0.0,0.0,0.0,0.0,0.0
frozen,raw,F,ndcg_at_10,0.0,0.0,0.0,0.0,0.0,0.0
frozen,raw,G,average_precision,0.0,0.0,0.0,0.0,0.0,0.0
frozen,raw,G,trapezoidal_pr_auc,0.0,0.0,0.0,0.0,0.0,0.0
frozen,raw,G,roc_auc,0.0,0.0,0.0,0.0,0.0,0.0
frozen,raw,G,recall_at_fpr_1pct,0.0,0.0,0.0,0.0,0.0,0.0
frozen,raw,G,brier,0.0,0.0,0.0,0.0,0.0,0.0
frozen,raw,G,log_loss,0.0,0.0,0.0,0.0,0.0,0.0
frozen,raw,G,precision,0.0,0.0,0.0,0.0,0.0,0.0
frozen,raw,G,recall,0.0,0.0,0.0,0.0,0.0,0.0
frozen,raw,G,f1,0.0,0.0,0.0,0.0,0.0,0.0
frozen,raw,G,specificity,0.0,0.0,0.0,0.0,0.0,0.0
frozen,raw,G,balanced_accuracy,0.0,0.0,0.0,0.0,0.0,0.0
frozen,raw,G,mcc,0.0,0.0,0.0,0.0,0.0,0.0
frozen,raw,G,map,0.0,0.0,0.0,0.0,0.0,0.0
frozen,raw,G,mrr,0.0,0.0,0.0,0.0,0.0,0.0
frozen,raw,G,recall_at_1,0.0,0.0,0.0,0.0,0.0,0.0
frozen,raw,G,recall_at_3,0.0,0.0,0.0,0.0,0.0,0.0
frozen,raw,G,recall_at_5,0.0,0.0,0.0,0.0,0.0,0.0
frozen,raw,G,recall_at_10,0.0,0.0,0.0,0.0,0.0,0.0
frozen,raw,G,ndcg_at_1,0.0,0.0,0.0,0.0,0.0,0.0
frozen,raw,G,ndcg_at_3,0.0,0.0,0.0,0.0,0.0,0.0
frozen,raw,G,ndcg_at_5,0.0,0.0,0.0,0.0,0.0,0.0
frozen,raw,G,ndcg_at_10,0.0,0.0,0.0,0.0,0.0,0.0
frozen,raw,final_all,average_precision,0.26080406787368476,0.24280635605961354,0.27882699104685527,0.241078505171109,0.2541192190254836,0.28721447942446166
frozen,raw,final_all,trapezoidal_pr_auc,0.2469182007600312,0.22897848530235204,0.26516823413289614,0.22762050293029099,0.23971397762630922,0.2734201217234934
frozen,raw,final_all,roc_auc,0.7368148665425202,0.7228970554003725,0.7506239525139667,0.713763966480447,0.741478119180633,0.7552025139664803
frozen,raw,final_all,recall_at_fpr_1pct,0.14222222222222222,0.12527777777777774,0.15916666666666668,0.13249999999999992,0.13249999999999995,0.16166666666666674
frozen,raw,final_all,brier,0.05049423113177953,0.050321529536097205,0.0506738255106507,0.05036257124095363,0.0492839361924315,0.05183618596195346
frozen,raw,final_all,log_loss,0.2627060787345581,0.25857274110286665,0.2669293873886104,0.2515859572997691,0.23138872493884577,0.3051435539650594
frozen,raw,final_all,precision,0.0,0.0,0.0,0.0,0.0,0.0
frozen,raw,final_all,recall,0.0,0.0,0.0,0.0,0.0,0.0
frozen,raw,final_all,f1,0.0,0.0,0.0,0.0,0.0,0.0
frozen,raw,final_all,specificity,0.9999999999999997,1.0000000000000002,1.0000000000000009,0.9999999999999998,0.9999999999999998,0.9999999999999998
frozen,raw,final_all,balanced_accuracy,0.49999999999999983,0.5000000000000001,0.5000000000000004,0.4999999999999999,0.4999999999999999,0.4999999999999999
frozen,raw,final_all,mcc,0.0,0.0,0.0,0.0,0.0,0.0
frozen,raw,final_all,map,0.42365131278484913,0.4082178474016054,0.43848145293221075,0.39982292804653075,0.42621698003472963,0.44491403027328696
frozen,raw,final_all,mrr,0.4686263155165133,0.45288033191621013,0.4836197129484084,0.4441636856127005,0.4716387890963406,0.4900764718404987
frozen,raw,final_all,recall_at_1,0.23670634920634923,0.22212301587301586,0.25099206349206343,0.2193452380952381,0.2357142857142857,0.25505952380952385
frozen,raw,final_all,recall_at_3,0.4377976190476189,0.41904761904761895,0.45585317460317465,0.4071428571428569,0.44999999999999984,0.45624999999999993
frozen,raw,final_all,recall_at_5,0.5519841269841269,0.5325347222222221,0.5714310515873018,0.5145833333333333,0.5616071428571429,0.5797619047619047
frozen,raw,final_all,recall_at_10,0.7113095238095237,0.6933531746031747,0.7294642857142855,0.6857142857142853,0.7110119047619047,0.7372023809523809
frozen,raw,final_all,ndcg_at_1,0.3216269841269839,0.3037648809523809,0.3392857142857142,0.29702380952380925,0.3226190476190473,0.3452380952380952
frozen,raw,final_all,ndcg_at_3,0.3838687518508351,0.3664330500813698,0.4005913152664407,0.3566036711700281,0.39077216889370375,0.40423041548877353
frozen,raw,final_all,ndcg_at_5,0.43503128165689064,0.41773990207407286,0.4515344236336324,0.40466954257140564,0.4410965572711018,0.45932774512816454
frozen,raw,final_all,ndcg_at_10,0.4915544554061311,0.47528491984764226,0.5072012106147554,0.46578976651512116,0.4936544065762344,0.5152191931270377
frozen,stage-cal,O,average_precision,0.279944968177916,0.25989279223870665,0.300407069641075,0.2711161068721064,0.274492801629281,0.2942259960323604
frozen,stage-cal,O,trapezoidal_pr_auc,0.2660856226361423,0.24568419351264334,0.2866796721925859,0.2576201836790675,0.2595551826153016,0.2810815016140579
frozen,stage-cal,O,roc_auc,0.7451024208566107,0.7312883496275606,0.7588726140595907,0.7295740223463687,0.7490258379888268,0.756707402234637
frozen,stage-cal,O,recall_at_fpr_1pct,0.15791666666666665,0.13708333333333336,0.17958333333333334,0.15375,0.14749999999999994,0.17250000000000004
frozen,stage-cal,O,brier,0.04519870846057866,0.0444838324212949,0.045886424724448475,0.04542092539787688,0.045649303313521905,0.044525896670337226
frozen,stage-cal,O,log_loss,0.18061918302105892,0.17748890968882364,0.18370183065183207,0.18323412145497756,0.1809591017760966,0.1776643258321025
frozen,stage-cal,O,precision,0.4863888888888888,0.4061076388888889,0.5669479166666666,0.4,0.5045833333333333,0.5545833333333333
frozen,stage-cal,O,recall,0.05125,0.042083333333333334,0.06083333333333333,0.025000000000000005,0.05625,0.0725
frozen,stage-cal,O,f1,0.09029367009801792,0.07501856470823862,0.1068027325633304,0.046565029173724834,0.09877452619843924,0.1255414549218897
frozen,stage-cal,O,specificity,0.9982076350093108,0.9977420856610802,0.9986266294227188,0.9997206703910614,0.9970670391061448,0.9978351955307259
frozen,stage-cal,O,balanced_accuracy,0.5247288175046556,0.5202033868715085,0.5295786778398511,0.5123603351955308,0.5266585195530726,0.5351675977653633
frozen,stage-cal,O,mcc,0.14336475252370337,0.11955151117767712,0.1683706555061112,0.09466638538862371,0.15101684685722438,0.18441102532526205
frozen,stage-cal,O,map,0.44116577028772896,0.4240099357281945,0.45731105088001045,0.43657929939562035,0.4393554842480105,0.4475625272195559
frozen,stage-cal,O,mrr,0.48583987949338586,0.4685712372672193,0.5025178318844121,0.48308171574800457,0.484257388752756,0.4901805339793972
frozen,stage-cal,O,recall_at_1,0.2525297619047619,0.23586309523809523,0.2690476190476191,0.2553571428571428,0.24910714285714283,0.253125
frozen,stage-cal,O,recall_at_3,0.45639880952380946,0.4351190476190476,0.47708333333333347,0.45401785714285714,0.45758928571428575,0.4575892857142856
frozen,stage-cal,O,recall_at_5,0.5708333333333333,0.5502938988095237,0.5916703869047621,0.5526785714285714,0.5785714285714285,0.58125
frozen,stage-cal,O,recall_at_10,0.7212797619047618,0.7017857142857143,0.7409226190476191,0.704017857142857,0.7125,0.7473214285714286
frozen,stage-cal,O,ndcg_at_1,0.34166666666666673,0.3211309523809523,0.36190476190476195,0.3392857142857143,0.3401785714285715,0.34553571428571433
frozen,stage-cal,O,ndcg_at_3,0.4032373527389726,0.3837500979376595,0.42210464666961295,0.40137948447850497,0.4026268828026377,0.4057056909357752
frozen,stage-cal,O,ndcg_at_5,0.45442066346118254,0.43598447022433695,0.47224394300322375,0.4456178764516311,0.4573181181748594,0.46032599575705707
frozen,stage-cal,O,ndcg_at_10,0.5076735959146018,0.4909381397795427,0.5243526829443959,0.4996155693911632,0.504061773318295,0.519343445034347
frozen,stage-cal,N,average_precision,0.22605156743315122,0.20936887693598322,0.2425545242368271,0.2069086761971309,0.21368788391688046,0.25755814218544226
frozen,stage-cal,N,trapezoidal_pr_auc,0.21190865357636626,0.19496214516060564,0.22866900314520508,0.19353846990499582,0.19906695503526847,0.24312053578883458
frozen,stage-cal,N,roc_auc,0.7186999534450652,0.7036951524674118,0.7334836475791433,0.6970216480446929,0.7167493016759776,0.7423289106145252
frozen,stage-cal,N,recall_at_fpr_1pct,0.11583333333333334,0.1004166666666667,0.13125000000000003,0.11124999999999999,0.10875000000000001,0.1275
frozen,stage-cal,N,brier,0.04725998610142096,0.046609881114196665,0.04791043387736513,0.04777301335689778,0.04803400947814562,0.04597293546921949
frozen,stage-cal,N,log_loss,0.18902616631250221,0.18602399114419277,0.19210768818851362,0.1929969731155941,0.1906801830354508,0.18340134278646175
frozen,stage-cal,N,precision,0.36418650793650786,0.3001354166666666,0.43560119047619045,0.175,0.4096428571428571,0.5079166666666666
frozen,stage-cal,N,recall,0.039166666666666676,0.032916666666666664,0.04583333333333333,0.008749999999999999,0.04500000000000002,0.06375
frozen,stage-cal,N,f1,0.06849684668525247,0.058091142124113135,0.07982584182457372,0.016666666666666666,0.07887692178996526,0.10994695159912549
frozen,stage-cal,N,specificity,0.9976024208566106,0.9970437616387338,0.9981145251396648,0.9998603351955306,0.9963687150837984,0.9965782122905024
frozen,stage-cal,N,balanced_accuracy,0.5183845437616388,0.5153058077281191,0.5217181971601491,0.5043051675977653,0.5206843575418995,0.5301641061452516
frozen,stage-cal,N,mcc,0.10557368865856219,0.08782237431219063,0.12486732847619382,0.03752372069592735,0.11803843463361671,0.1611589106461425
frozen,stage-cal,N,map,0.39129085619681764,0.37652396333583643,0.4058418417270802,0.3611579091855958,0.3926714958775902,0.420043163527267
frozen,stage-cal,N,mrr,0.43497426154155,0.4200794436430307,0.44986365835029435,0.4047991065937807,0.4339202807217267,0.4662033973091426
frozen,stage-cal,N,recall_at_1,0.2081845238095238,0.1944903273809523,0.2220275297619047,0.18482142857142853,0.20580357142857147,0.2339285714285714
frozen,stage-cal,N,recall_at_3,0.39895833333333347,0.3800595238095238,0.4175595238095237,0.35625000000000007,0.4116071428571429,0.42901785714285723
frozen,stage-cal,N,recall_at_5,0.5159226190476192,0.4952380952380952,0.5367559523809525,0.47053571428571433,0.5183035714285715,0.5589285714285716
frozen,stage-cal,N,recall_at_10,0.6912202380952381,0.6726153273809524,0.7098214285714287,0.669642857142857,0.6830357142857143,0.720982142857143
frozen,stage-cal,N,ndcg_at_1,0.2842261904761905,0.2675595238095238,0.30148809523809517,0.2526785714285714,0.28482142857142867,0.3151785714285715
frozen,stage-cal,N,ndcg_at_3,0.3463038901168874,0.3297341234136422,0.3628455793156806,0.3094757678090188,0.3529871962132397,0.37644870632840355
frozen,stage-cal,N,ndcg_at_5,0.39849093405085023,0.3817459372915997,0.41517223053661384,0.3604323499468337,0.4004603727426349,0.43458007946308197
frozen,stage-cal,N,ndcg_at_10,0.46085867187199897,0.4451420483608944,0.47656307556577354,0.43160890115581807,0.4586908219931184,0.49227629246706056
frozen,stage-cal,Z,average_precision,0.2225222672652225,0.20353011910948005,0.24153270693057002,0.181003301769114,0.2133720538178892,0.27319144620866426
frozen,stage-cal,Z,trapezoidal_pr_auc,0.20858335700780892,0.189591328923412,0.227911693282409,0.16762114143273768,0.2000315676483247,0.2580973619423643
frozen,stage-cal,Z,roc_auc,0.720239757914339,0.701426850558659,0.7380556913407819,0.6821438547486034,0.7263826815642458,0.7521927374301678
frozen,stage-cal,Z,recall_at_fpr_1pct,0.11083333333333334,0.09333333333333331,0.12833333333333333,0.09000000000000001,0.10250000000000001,0.13999999999999999
frozen,stage-cal,Z,brier,0.047443539219173714,0.04668991258121323,0.04822272510657437,0.048714660049772526,0.048015626028852544,0.04560033157889608
frozen,stage-cal,Z,log_loss,0.18914220035363916,0.18562645515934736,0.1928178366557228,0.1968760788418635,0.1893224001401979,0.18122812207885608
frozen,stage-cal,Z,precision,0.32837301587301587,0.2564285714285714,0.40611111111111114,0.05,0.3942857142857143,0.5408333333333333
frozen,stage-cal,Z,recall,0.04583333333333334,0.03583333333333333,0.05666666666666664,0.0025,0.052500000000000005,0.0825
frozen,stage-cal,Z,f1,0.07816254866979504,0.061452406852406855,0.09551547458177895,0.0047619047619047615,0.09057247422464813,0.13915326702283223
frozen,stage-cal,Z,specificity,0.9972067039106145,0.9963687150837993,0.9979515828677844,1.0,0.9962290502793296,0.9953910614525139
frozen,stage-cal,Z,balanced_accuracy,0.5215200186219738,0.516429236499069,0.5267765945065178,0.50125,0.5243645251396648,0.538945530726257
frozen,stage-cal,Z,mcc,0.1094132363984321,0.0850839721325189,0.13437790364220592,0.010894965133124079,0.1271437627506335,0.19020098131153879
frozen,stage-cal,Z,map,0.38862239777908986,0.3697069900314177,0.40739859912625986,0.32631018534835166,0.3999399716081681,0.43961703638074984
frozen,stage-cal,Z,mrr,0.43419918756276843,0.4140373556836221,0.4541632157594659,0.3663276253420927,0.44640158978351074,0.4898683475627018
frozen,stage-cal,Z,recall_at_1,0.20505952380952383,0.18659970238095236,0.22351190476190472,0.14732142857142855,0.2089285714285715,0.2589285714285714
frozen,stage-cal,Z,recall_at_3,0.400595238095238,0.3767857142857142,0.4247023809523809,0.31339285714285714,0.43482142857142847,0.45357142857142846
frozen,stage-cal,Z,recall_at_5,0.5142857142857142,0.48779761904761904,0.5404761904761906,0.43839285714285703,0.5276785714285714,0.5767857142857143
frozen,stage-cal,Z,recall_at_10,0.6913690476190476,0.6660714285714285,0.7163690476190475,0.649107142857143,0.7080357142857142,0.7169642857142857
frozen,stage-cal,Z,ndcg_at_1,0.28154761904761905,0.25892857142857145,0.3035714285714286,0.21249999999999997,0.2875000000000001,0.34464285714285714
frozen,stage-cal,Z,ndcg_at_3,0.34513155007456015,0.32389711190543286,0.36617498118292924,0.26705204455307413,0.36706274107583636,0.40127986459477
frozen,stage-cal,Z,ndcg_at_5,0.39625251804830736,0.3749348625641813,0.41783439742554046,0.32277287481095474,0.40865343546358723,0.4573312438703801
frozen,stage-cal,Z,ndcg_at_10,0.45931617438918965,0.43895469241807694,0.4794483097006389,0.39813816076303743,0.4728396730921127,0.5069706893124188
frozen,stage-cal,F_first,average_precision,0.0,0.0,0.0,0.0,0.0,0.0
frozen,stage-cal,F_first,trapezoidal_pr_auc,0.0,0.0,0.0,0.0,0.0,0.0
frozen,stage-cal,F_first,roc_auc,0.0,0.0,0.0,0.0,0.0,0.0
frozen,stage-cal,F_first,recall_at_fpr_1pct,0.0,0.0,0.0,0.0,0.0,0.0
frozen,stage-cal,F_first,brier,0.0,0.0,0.0,0.0,0.0,0.0
frozen,stage-cal,F_first,log_loss,0.0,0.0,0.0,0.0,0.0,0.0
frozen,stage-cal,F_first,precision,0.0,0.0,0.0,0.0,0.0,0.0
frozen,stage-cal,F_first,recall,0.0,0.0,0.0,0.0,0.0,0.0
frozen,stage-cal,F_first,f1,0.0,0.0,0.0,0.0,0.0,0.0
frozen,stage-cal,F_first,specificity,0.0,0.0,0.0,0.0,0.0,0.0
frozen,stage-cal,F_first,balanced_accuracy,0.0,0.0,0.0,0.0,0.0,0.0
frozen,stage-cal,F_first,mcc,0.0,0.0,0.0,0.0,0.0,0.0
frozen,stage-cal,F_first,map,0.0,0.0,0.0,0.0,0.0,0.0
frozen,stage-cal,F_first,mrr,0.0,0.0,0.0,0.0,0.0,0.0
frozen,stage-cal,F_first,recall_at_1,0.0,0.0,0.0,0.0,0.0,0.0
frozen,stage-cal,F_first,recall_at_3,0.0,0.0,0.0,0.0,0.0,0.0
frozen,stage-cal,F_first,recall_at_5,0.0,0.0,0.0,0.0,0.0,0.0
frozen,stage-cal,F_first,recall_at_10,0.0,0.0,0.0,0.0,0.0,0.0
frozen,stage-cal,F_first,ndcg_at_1,0.0,0.0,0.0,0.0,0.0,0.0
frozen,stage-cal,F_first,ndcg_at_3,0.0,0.0,0.0,0.0,0.0,0.0
frozen,stage-cal,F_first,ndcg_at_5,0.0,0.0,0.0,0.0,0.0,0.0
frozen,stage-cal,F_first,ndcg_at_10,0.0,0.0,0.0,0.0,0.0,0.0
frozen,stage-cal,F,average_precision,0.0,0.0,0.0,0.0,0.0,0.0
frozen,stage-cal,F,trapezoidal_pr_auc,0.0,0.0,0.0,0.0,0.0,0.0
frozen,stage-cal,F,roc_auc,0.0,0.0,0.0,0.0,0.0,0.0
frozen,stage-cal,F,recall_at_fpr_1pct,0.0,0.0,0.0,0.0,0.0,0.0
frozen,stage-cal,F,brier,0.0,0.0,0.0,0.0,0.0,0.0
frozen,stage-cal,F,log_loss,0.0,0.0,0.0,0.0,0.0,0.0
frozen,stage-cal,F,precision,0.0,0.0,0.0,0.0,0.0,0.0
frozen,stage-cal,F,recall,0.0,0.0,0.0,0.0,0.0,0.0
frozen,stage-cal,F,f1,0.0,0.0,0.0,0.0,0.0,0.0
frozen,stage-cal,F,specificity,0.0,0.0,0.0,0.0,0.0,0.0
frozen,stage-cal,F,balanced_accuracy,0.0,0.0,0.0,0.0,0.0,0.0
frozen,stage-cal,F,mcc,0.0,0.0,0.0,0.0,0.0,0.0
frozen,stage-cal,F,map,0.0,0.0,0.0,0.0,0.0,0.0
frozen,stage-cal,F,mrr,0.0,0.0,0.0,0.0,0.0,0.0
frozen,stage-cal,F,recall_at_1,0.0,0.0,0.0,0.0,0.0,0.0
frozen,stage-cal,F,recall_at_3,0.0,0.0,0.0,0.0,0.0,0.0
frozen,stage-cal,F,recall_at_5,0.0,0.0,0.0,0.0,0.0,0.0
frozen,stage-cal,F,recall_at_10,0.0,0.0,0.0,0.0,0.0,0.0
frozen,stage-cal,F,ndcg_at_1,0.0,0.0,0.0,0.0,0.0,0.0
frozen,stage-cal,F,ndcg_at_3,0.0,0.0,0.0,0.0,0.0,0.0
frozen,stage-cal,F,ndcg_at_5,0.0,0.0,0.0,0.0,0.0,0.0
frozen,stage-cal,F,ndcg_at_10,0.0,0.0,0.0,0.0,0.0,0.0
frozen,stage-cal,G,average_precision,0.0,0.0,0.0,0.0,0.0,0.0
frozen,stage-cal,G,trapezoidal_pr_auc,0.0,0.0,0.0,0.0,0.0,0.0
frozen,stage-cal,G,roc_auc,0.0,0.0,0.0,0.0,0.0,0.0
frozen,stage-cal,G,recall_at_fpr_1pct,0.0,0.0,0.0,0.0,0.0,0.0
frozen,stage-cal,G,brier,0.0,0.0,0.0,0.0,0.0,0.0
frozen,stage-cal,G,log_loss,0.0,0.0,0.0,0.0,0.0,0.0
frozen,stage-cal,G,precision,0.0,0.0,0.0,0.0,0.0,0.0
frozen,stage-cal,G,recall,0.0,0.0,0.0,0.0,0.0,0.0
frozen,stage-cal,G,f1,0.0,0.0,0.0,0.0,0.0,0.0
frozen,stage-cal,G,specificity,0.0,0.0,0.0,0.0,0.0,0.0
frozen,stage-cal,G,balanced_accuracy,0.0,0.0,0.0,0.0,0.0,0.0
frozen,stage-cal,G,mcc,0.0,0.0,0.0,0.0,0.0,0.0
frozen,stage-cal,G,map,0.0,0.0,0.0,0.0,0.0,0.0
frozen,stage-cal,G,mrr,0.0,0.0,0.0,0.0,0.0,0.0
frozen,stage-cal,G,recall_at_1,0.0,0.0,0.0,0.0,0.0,0.0
frozen,stage-cal,G,recall_at_3,0.0,0.0,0.0,0.0,0.0,0.0
frozen,stage-cal,G,recall_at_5,0.0,0.0,0.0,0.0,0.0,0.0
frozen,stage-cal,G,recall_at_10,0.0,0.0,0.0,0.0,0.0,0.0
frozen,stage-cal,G,ndcg_at_1,0.0,0.0,0.0,0.0,0.0,0.0
frozen,stage-cal,G,ndcg_at_3,0.0,0.0,0.0,0.0,0.0,0.0
frozen,stage-cal,G,ndcg_at_5,0.0,0.0,0.0,0.0,0.0,0.0
frozen,stage-cal,G,ndcg_at_10,0.0,0.0,0.0,0.0,0.0,0.0
frozen,stage-cal,final_all,average_precision,0.26080406787368476,0.24280635605961354,0.27882699104685527,0.241078505171109,0.2541192190254836,0.28721447942446166
frozen,stage-cal,final_all,trapezoidal_pr_auc,0.2469182007600312,0.22897848530235204,0.26516823413289614,0.22762050293029099,0.23971397762630922,0.2734201217234934
frozen,stage-cal,final_all,roc_auc,0.7368148665425202,0.7228970554003725,0.7506239525139667,0.713763966480447,0.741478119180633,0.7552025139664803
frozen,stage-cal,final_all,recall_at_fpr_1pct,0.14222222222222222,0.12527777777777774,0.15916666666666668,0.13249999999999992,0.13249999999999995,0.16166666666666674
frozen,stage-cal,final_all,brier,0.04594698538011035,0.04530442022000574,0.046576359719257575,0.04651883694850875,0.046438077551965454,0.04488404163985685
frozen,stage-cal,final_all,log_loss,0.1834601887985856,0.1804627377480848,0.1864193008022513,0.18778144058393953,0.18374686789746367,0.17885225791435372
frozen,stage-cal,final_all,precision,0.4337169312169311,0.372863425925926,0.4970376984126983,0.28333333333333327,0.46781746031746013,0.5499999999999999
frozen,stage-cal,final_all,recall,0.04944444444444446,0.042777777777777776,0.05638888888888888,0.017499999999999998,0.055000000000000014,0.07583333333333336
frozen,stage-cal,final_all,f1,0.08624996295527694,0.07507806693664179,0.09820378737383567,0.03263065436978481,0.09604050887384216,0.13007872562220382
frozen,stage-cal,final_all,specificity,0.9978739913097456,0.9974239602731221,0.9982929857231532,0.9998137802607076,0.9967877094972071,0.9970204841713219
frozen,stage-cal,final_all,balanced_accuracy,0.5236592178770949,0.5203421593730602,0.5271851916511483,0.5086568901303536,0.5258938547486036,0.5364269087523276
frozen,stage-cal,final_all,mcc,0.1320475804819463,0.11400281242922813,0.15101849378516632,0.06674257863679048,0.14305915215502743,0.18634101065402098
frozen,stage-cal,final_all,map,0.42365131278484913,0.4082178474016054,0.43848145293221075,0.39982292804653075,0.42621698003472963,0.44491403027328696
frozen,stage-cal,final_all,mrr,0.4686263155165133,0.45288033191621013,0.4836197129484084,0.4441636856127005,0.4716387890963406,0.4900764718404987
frozen,stage-cal,final_all,recall_at_1,0.23670634920634923,0.22212301587301586,0.25099206349206343,0.2193452380952381,0.2357142857142857,0.25505952380952385
frozen,stage-cal,final_all,recall_at_3,0.4377976190476189,0.41904761904761895,0.45585317460317465,0.4071428571428569,0.44999999999999984,0.45624999999999993
frozen,stage-cal,final_all,recall_at_5,0.5519841269841269,0.5325347222222221,0.5714310515873018,0.5145833333333333,0.5616071428571429,0.5797619047619047
frozen,stage-cal,final_all,recall_at_10,0.7113095238095237,0.6933531746031747,0.7294642857142855,0.6857142857142853,0.7110119047619047,0.7372023809523809
frozen,stage-cal,final_all,ndcg_at_1,0.3216269841269839,0.3037648809523809,0.3392857142857142,0.29702380952380925,0.3226190476190473,0.3452380952380952
frozen,stage-cal,final_all,ndcg_at_3,0.3838687518508351,0.3664330500813698,0.4005913152664407,0.3566036711700281,0.39077216889370375,0.40423041548877353
frozen,stage-cal,final_all,ndcg_at_5,0.43503128165689064,0.41773990207407286,0.4515344236336324,0.40466954257140564,0.4410965572711018,0.45932774512816454
frozen,stage-cal,final_all,ndcg_at_10,0.4915544554061311,0.47528491984764226,0.5072012106147554,0.46578976651512116,0.4936544065762344,0.5152191931270377
frozen,first-cal,O,average_precision,0.279944968177916,0.25989279223870665,0.300407069641075,0.2711161068721064,0.274492801629281,0.2942259960323604
frozen,first-cal,O,trapezoidal_pr_auc,0.2660856226361423,0.24568419351264334,0.2866796721925859,0.2576201836790675,0.2595551826153016,0.2810815016140579
frozen,first-cal,O,roc_auc,0.7451024208566107,0.7312883496275606,0.7588726140595907,0.7295740223463687,0.7490258379888268,0.756707402234637
frozen,first-cal,O,recall_at_fpr_1pct,0.15791666666666665,0.13708333333333336,0.17958333333333334,0.15375,0.14749999999999994,0.17250000000000004
frozen,first-cal,O,brier,0.04519870846057866,0.0444838324212949,0.045886424724448475,0.04542092539787688,0.045649303313521905,0.044525896670337226
frozen,first-cal,O,log_loss,0.18061918302105892,0.17748890968882364,0.18370183065183207,0.18323412145497756,0.1809591017760966,0.1776643258321025
frozen,first-cal,O,precision,0.4863888888888888,0.4061076388888889,0.5669479166666666,0.4,0.5045833333333333,0.5545833333333333
frozen,first-cal,O,recall,0.05125,0.042083333333333334,0.06083333333333333,0.025000000000000005,0.05625,0.0725
frozen,first-cal,O,f1,0.09029367009801792,0.07501856470823862,0.1068027325633304,0.046565029173724834,0.09877452619843924,0.1255414549218897
frozen,first-cal,O,specificity,0.9982076350093108,0.9977420856610802,0.9986266294227188,0.9997206703910614,0.9970670391061448,0.9978351955307259
frozen,first-cal,O,balanced_accuracy,0.5247288175046556,0.5202033868715085,0.5295786778398511,0.5123603351955308,0.5266585195530726,0.5351675977653633
frozen,first-cal,O,mcc,0.14336475252370337,0.11955151117767712,0.1683706555061112,0.09466638538862371,0.15101684685722438,0.18441102532526205
frozen,first-cal,O,map,0.44116577028772896,0.4240099357281945,0.45731105088001045,0.43657929939562035,0.4393554842480105,0.4475625272195559
frozen,first-cal,O,mrr,0.48583987949338586,0.4685712372672193,0.5025178318844121,0.48308171574800457,0.484257388752756,0.4901805339793972
frozen,first-cal,O,recall_at_1,0.2525297619047619,0.23586309523809523,0.2690476190476191,0.2553571428571428,0.24910714285714283,0.253125
frozen,first-cal,O,recall_at_3,0.45639880952380946,0.4351190476190476,0.47708333333333347,0.45401785714285714,0.45758928571428575,0.4575892857142856
frozen,first-cal,O,recall_at_5,0.5708333333333333,0.5502938988095237,0.5916703869047621,0.5526785714285714,0.5785714285714285,0.58125
frozen,first-cal,O,recall_at_10,0.7212797619047618,0.7017857142857143,0.7409226190476191,0.704017857142857,0.7125,0.7473214285714286
frozen,first-cal,O,ndcg_at_1,0.34166666666666673,0.3211309523809523,0.36190476190476195,0.3392857142857143,0.3401785714285715,0.34553571428571433
frozen,first-cal,O,ndcg_at_3,0.4032373527389726,0.3837500979376595,0.42210464666961295,0.40137948447850497,0.4026268828026377,0.4057056909357752
frozen,first-cal,O,ndcg_at_5,0.45442066346118254,0.43598447022433695,0.47224394300322375,0.4456178764516311,0.4573181181748594,0.46032599575705707
frozen,first-cal,O,ndcg_at_10,0.5076735959146018,0.4909381397795427,0.5243526829443959,0.4996155693911632,0.504061773318295,0.519343445034347
frozen,first-cal,N,average_precision,0.22605156743315122,0.20936887693598322,0.2425545242368271,0.2069086761971309,0.21368788391688046,0.25755814218544226
frozen,first-cal,N,trapezoidal_pr_auc,0.21190865357636626,0.19496214516060564,0.22866900314520508,0.19353846990499582,0.19906695503526847,0.24312053578883458
frozen,first-cal,N,roc_auc,0.7186999534450652,0.7036951524674118,0.7334836475791433,0.6970216480446929,0.7167493016759776,0.7423289106145252
frozen,first-cal,N,recall_at_fpr_1pct,0.11583333333333334,0.1004166666666667,0.13125000000000003,0.11124999999999999,0.10875000000000001,0.1275
frozen,first-cal,N,brier,0.04725998610142096,0.046609881114196665,0.04791043387736513,0.04777301335689778,0.04803400947814562,0.04597293546921949
frozen,first-cal,N,log_loss,0.18902616631250221,0.18602399114419277,0.19210768818851362,0.1929969731155941,0.1906801830354508,0.18340134278646175
frozen,first-cal,N,precision,0.36418650793650786,0.3001354166666666,0.43560119047619045,0.175,0.4096428571428571,0.5079166666666666
frozen,first-cal,N,recall,0.039166666666666676,0.032916666666666664,0.04583333333333333,0.008749999999999999,0.04500000000000002,0.06375
frozen,first-cal,N,f1,0.06849684668525247,0.058091142124113135,0.07982584182457372,0.016666666666666666,0.07887692178996526,0.10994695159912549
frozen,first-cal,N,specificity,0.9976024208566106,0.9970437616387338,0.9981145251396648,0.9998603351955306,0.9963687150837984,0.9965782122905024
frozen,first-cal,N,balanced_accuracy,0.5183845437616388,0.5153058077281191,0.5217181971601491,0.5043051675977653,0.5206843575418995,0.5301641061452516
frozen,first-cal,N,mcc,0.10557368865856219,0.08782237431219063,0.12486732847619382,0.03752372069592735,0.11803843463361671,0.1611589106461425
frozen,first-cal,N,map,0.39129085619681764,0.37652396333583643,0.4058418417270802,0.3611579091855958,0.3926714958775902,0.420043163527267
frozen,first-cal,N,mrr,0.43497426154155,0.4200794436430307,0.44986365835029435,0.4047991065937807,0.4339202807217267,0.4662033973091426
frozen,first-cal,N,recall_at_1,0.2081845238095238,0.1944903273809523,0.2220275297619047,0.18482142857142853,0.20580357142857147,0.2339285714285714
frozen,first-cal,N,recall_at_3,0.39895833333333347,0.3800595238095238,0.4175595238095237,0.35625000000000007,0.4116071428571429,0.42901785714285723
frozen,first-cal,N,recall_at_5,0.5159226190476192,0.4952380952380952,0.5367559523809525,0.47053571428571433,0.5183035714285715,0.5589285714285716
frozen,first-cal,N,recall_at_10,0.6912202380952381,0.6726153273809524,0.7098214285714287,0.669642857142857,0.6830357142857143,0.720982142857143
frozen,first-cal,N,ndcg_at_1,0.2842261904761905,0.2675595238095238,0.30148809523809517,0.2526785714285714,0.28482142857142867,0.3151785714285715
frozen,first-cal,N,ndcg_at_3,0.3463038901168874,0.3297341234136422,0.3628455793156806,0.3094757678090188,0.3529871962132397,0.37644870632840355
frozen,first-cal,N,ndcg_at_5,0.39849093405085023,0.3817459372915997,0.41517223053661384,0.3604323499468337,0.4004603727426349,0.43458007946308197
frozen,first-cal,N,ndcg_at_10,0.46085867187199897,0.4451420483608944,0.47656307556577354,0.43160890115581807,0.4586908219931184,0.49227629246706056
frozen,first-cal,Z,average_precision,0.2225222672652225,0.20353011910948005,0.24153270693057002,0.181003301769114,0.2133720538178892,0.27319144620866426
frozen,first-cal,Z,trapezoidal_pr_auc,0.20858335700780892,0.189591328923412,0.227911693282409,0.16762114143273768,0.2000315676483247,0.2580973619423643
frozen,first-cal,Z,roc_auc,0.720239757914339,0.701426850558659,0.7380556913407819,0.6821438547486034,0.7263826815642458,0.7521927374301678
frozen,first-cal,Z,recall_at_fpr_1pct,0.11083333333333334,0.09333333333333331,0.12833333333333333,0.09000000000000001,0.10250000000000001,0.13999999999999999
frozen,first-cal,Z,brier,0.047443539219173714,0.04668991258121323,0.04822272510657437,0.048714660049772526,0.048015626028852544,0.04560033157889608
frozen,first-cal,Z,log_loss,0.18914220035363916,0.18562645515934736,0.1928178366557228,0.1968760788418635,0.1893224001401979,0.18122812207885608
frozen,first-cal,Z,precision,0.32837301587301587,0.2564285714285714,0.40611111111111114,0.05,0.3942857142857143,0.5408333333333333
frozen,first-cal,Z,recall,0.04583333333333334,0.03583333333333333,0.05666666666666664,0.0025,0.052500000000000005,0.0825
frozen,first-cal,Z,f1,0.07816254866979504,0.061452406852406855,0.09551547458177895,0.0047619047619047615,0.09057247422464813,0.13915326702283223
frozen,first-cal,Z,specificity,0.9972067039106145,0.9963687150837993,0.9979515828677844,1.0,0.9962290502793296,0.9953910614525139
frozen,first-cal,Z,balanced_accuracy,0.5215200186219738,0.516429236499069,0.5267765945065178,0.50125,0.5243645251396648,0.538945530726257
frozen,first-cal,Z,mcc,0.1094132363984321,0.0850839721325189,0.13437790364220592,0.010894965133124079,0.1271437627506335,0.19020098131153879
frozen,first-cal,Z,map,0.38862239777908986,0.3697069900314177,0.40739859912625986,0.32631018534835166,0.3999399716081681,0.43961703638074984
frozen,first-cal,Z,mrr,0.43419918756276843,0.4140373556836221,0.4541632157594659,0.3663276253420927,0.44640158978351074,0.4898683475627018
frozen,first-cal,Z,recall_at_1,0.20505952380952383,0.18659970238095236,0.22351190476190472,0.14732142857142855,0.2089285714285715,0.2589285714285714
frozen,first-cal,Z,recall_at_3,0.400595238095238,0.3767857142857142,0.4247023809523809,0.31339285714285714,0.43482142857142847,0.45357142857142846
frozen,first-cal,Z,recall_at_5,0.5142857142857142,0.48779761904761904,0.5404761904761906,0.43839285714285703,0.5276785714285714,0.5767857142857143
frozen,first-cal,Z,recall_at_10,0.6913690476190476,0.6660714285714285,0.7163690476190475,0.649107142857143,0.7080357142857142,0.7169642857142857
frozen,first-cal,Z,ndcg_at_1,0.28154761904761905,0.25892857142857145,0.3035714285714286,0.21249999999999997,0.2875000000000001,0.34464285714285714
frozen,first-cal,Z,ndcg_at_3,0.34513155007456015,0.32389711190543286,0.36617498118292924,0.26705204455307413,0.36706274107583636,0.40127986459477
frozen,first-cal,Z,ndcg_at_5,0.39625251804830736,0.3749348625641813,0.41783439742554046,0.32277287481095474,0.40865343546358723,0.4573312438703801
frozen,first-cal,Z,ndcg_at_10,0.45931617438918965,0.43895469241807694,0.4794483097006389,0.39813816076303743,0.4728396730921127,0.5069706893124188
frozen,first-cal,F_first,average_precision,0.0,0.0,0.0,0.0,0.0,0.0
frozen,first-cal,F_first,trapezoidal_pr_auc,0.0,0.0,0.0,0.0,0.0,0.0
frozen,first-cal,F_first,roc_auc,0.0,0.0,0.0,0.0,0.0,0.0
frozen,first-cal,F_first,recall_at_fpr_1pct,0.0,0.0,0.0,0.0,0.0,0.0
frozen,first-cal,F_first,brier,0.0,0.0,0.0,0.0,0.0,0.0
frozen,first-cal,F_first,log_loss,0.0,0.0,0.0,0.0,0.0,0.0
frozen,first-cal,F_first,precision,0.0,0.0,0.0,0.0,0.0,0.0
frozen,first-cal,F_first,recall,0.0,0.0,0.0,0.0,0.0,0.0
frozen,first-cal,F_first,f1,0.0,0.0,0.0,0.0,0.0,0.0
frozen,first-cal,F_first,specificity,0.0,0.0,0.0,0.0,0.0,0.0
frozen,first-cal,F_first,balanced_accuracy,0.0,0.0,0.0,0.0,0.0,0.0
frozen,first-cal,F_first,mcc,0.0,0.0,0.0,0.0,0.0,0.0
frozen,first-cal,F_first,map,0.0,0.0,0.0,0.0,0.0,0.0
frozen,first-cal,F_first,mrr,0.0,0.0,0.0,0.0,0.0,0.0
frozen,first-cal,F_first,recall_at_1,0.0,0.0,0.0,0.0,0.0,0.0
frozen,first-cal,F_first,recall_at_3,0.0,0.0,0.0,0.0,0.0,0.0
frozen,first-cal,F_first,recall_at_5,0.0,0.0,0.0,0.0,0.0,0.0
frozen,first-cal,F_first,recall_at_10,0.0,0.0,0.0,0.0,0.0,0.0
frozen,first-cal,F_first,ndcg_at_1,0.0,0.0,0.0,0.0,0.0,0.0
frozen,first-cal,F_first,ndcg_at_3,0.0,0.0,0.0,0.0,0.0,0.0
frozen,first-cal,F_first,ndcg_at_5,0.0,0.0,0.0,0.0,0.0,0.0
frozen,first-cal,F_first,ndcg_at_10,0.0,0.0,0.0,0.0,0.0,0.0
frozen,first-cal,F,average_precision,0.0,0.0,0.0,0.0,0.0,0.0
frozen,first-cal,F,trapezoidal_pr_auc,0.0,0.0,0.0,0.0,0.0,0.0
frozen,first-cal,F,roc_auc,0.0,0.0,0.0,0.0,0.0,0.0
frozen,first-cal,F,recall_at_fpr_1pct,0.0,0.0,0.0,0.0,0.0,0.0
frozen,first-cal,F,brier,0.0,0.0,0.0,0.0,0.0,0.0
frozen,first-cal,F,log_loss,0.0,0.0,0.0,0.0,0.0,0.0
frozen,first-cal,F,precision,0.0,0.0,0.0,0.0,0.0,0.0
frozen,first-cal,F,recall,0.0,0.0,0.0,0.0,0.0,0.0
frozen,first-cal,F,f1,0.0,0.0,0.0,0.0,0.0,0.0
frozen,first-cal,F,specificity,0.0,0.0,0.0,0.0,0.0,0.0
frozen,first-cal,F,balanced_accuracy,0.0,0.0,0.0,0.0,0.0,0.0
frozen,first-cal,F,mcc,0.0,0.0,0.0,0.0,0.0,0.0
frozen,first-cal,F,map,0.0,0.0,0.0,0.0,0.0,0.0
frozen,first-cal,F,mrr,0.0,0.0,0.0,0.0,0.0,0.0
frozen,first-cal,F,recall_at_1,0.0,0.0,0.0,0.0,0.0,0.0
frozen,first-cal,F,recall_at_3,0.0,0.0,0.0,0.0,0.0,0.0
frozen,first-cal,F,recall_at_5,0.0,0.0,0.0,0.0,0.0,0.0
frozen,first-cal,F,recall_at_10,0.0,0.0,0.0,0.0,0.0,0.0
frozen,first-cal,F,ndcg_at_1,0.0,0.0,0.0,0.0,0.0,0.0
frozen,first-cal,F,ndcg_at_3,0.0,0.0,0.0,0.0,0.0,0.0
frozen,first-cal,F,ndcg_at_5,0.0,0.0,0.0,0.0,0.0,0.0
frozen,first-cal,F,ndcg_at_10,0.0,0.0,0.0,0.0,0.0,0.0
frozen,first-cal,G,average_precision,0.0,0.0,0.0,0.0,0.0,0.0
frozen,first-cal,G,trapezoidal_pr_auc,0.0,0.0,0.0,0.0,0.0,0.0
frozen,first-cal,G,roc_auc,0.0,0.0,0.0,0.0,0.0,0.0
frozen,first-cal,G,recall_at_fpr_1pct,0.0,0.0,0.0,0.0,0.0,0.0
frozen,first-cal,G,brier,0.0,0.0,0.0,0.0,0.0,0.0
frozen,first-cal,G,log_loss,0.0,0.0,0.0,0.0,0.0,0.0
frozen,first-cal,G,precision,0.0,0.0,0.0,0.0,0.0,0.0
frozen,first-cal,G,recall,0.0,0.0,0.0,0.0,0.0,0.0
frozen,first-cal,G,f1,0.0,0.0,0.0,0.0,0.0,0.0
frozen,first-cal,G,specificity,0.0,0.0,0.0,0.0,0.0,0.0
frozen,first-cal,G,balanced_accuracy,0.0,0.0,0.0,0.0,0.0,0.0
frozen,first-cal,G,mcc,0.0,0.0,0.0,0.0,0.0,0.0
frozen,first-cal,G,map,0.0,0.0,0.0,0.0,0.0,0.0
frozen,first-cal,G,mrr,0.0,0.0,0.0,0.0,0.0,0.0
frozen,first-cal,G,recall_at_1,0.0,0.0,0.0,0.0,0.0,0.0
frozen,first-cal,G,recall_at_3,0.0,0.0,0.0,0.0,0.0,0.0
frozen,first-cal,G,recall_at_5,0.0,0.0,0.0,0.0,0.0,0.0
frozen,first-cal,G,recall_at_10,0.0,0.0,0.0,0.0,0.0,0.0
frozen,first-cal,G,ndcg_at_1,0.0,0.0,0.0,0.0,0.0,0.0
frozen,first-cal,G,ndcg_at_3,0.0,0.0,0.0,0.0,0.0,0.0
frozen,first-cal,G,ndcg_at_5,0.0,0.0,0.0,0.0,0.0,0.0
frozen,first-cal,G,ndcg_at_10,0.0,0.0,0.0,0.0,0.0,0.0
frozen,first-cal,final_all,average_precision,0.26080406787368476,0.24280635605961354,0.27882699104685527,0.241078505171109,0.2541192190254836,0.28721447942446166
frozen,first-cal,final_all,trapezoidal_pr_auc,0.2469182007600312,0.22897848530235204,0.26516823413289614,0.22762050293029099,0.23971397762630922,0.2734201217234934
frozen,first-cal,final_all,roc_auc,0.7368148665425202,0.7228970554003725,0.7506239525139667,0.713763966480447,0.741478119180633,0.7552025139664803
frozen,first-cal,final_all,recall_at_fpr_1pct,0.14222222222222222,0.12527777777777774,0.15916666666666668,0.13249999999999992,0.13249999999999995,0.16166666666666674
frozen,first-cal,final_all,brier,0.04594698538011035,0.04530442022000574,0.046576359719257575,0.04651883694850875,0.046438077551965454,0.04488404163985685
frozen,first-cal,final_all,log_loss,0.1834601887985856,0.1804627377480848,0.1864193008022513,0.18778144058393953,0.18374686789746367,0.17885225791435372
frozen,first-cal,final_all,precision,0.4337169312169311,0.372863425925926,0.4970376984126983,0.28333333333333327,0.46781746031746013,0.5499999999999999
frozen,first-cal,final_all,recall,0.04944444444444446,0.042777777777777776,0.05638888888888888,0.017499999999999998,0.055000000000000014,0.07583333333333336
frozen,first-cal,final_all,f1,0.08624996295527694,0.07507806693664179,0.09820378737383567,0.03263065436978481,0.09604050887384216,0.13007872562220382
frozen,first-cal,final_all,specificity,0.9978739913097456,0.9974239602731221,0.9982929857231532,0.9998137802607076,0.9967877094972071,0.9970204841713219
frozen,first-cal,final_all,balanced_accuracy,0.5236592178770949,0.5203421593730602,0.5271851916511483,0.5086568901303536,0.5258938547486036,0.5364269087523276
frozen,first-cal,final_all,mcc,0.1320475804819463,0.11400281242922813,0.15101849378516632,0.06674257863679048,0.14305915215502743,0.18634101065402098
frozen,first-cal,final_all,map,0.42365131278484913,0.4082178474016054,0.43848145293221075,0.39982292804653075,0.42621698003472963,0.44491403027328696
frozen,first-cal,final_all,mrr,0.4686263155165133,0.45288033191621013,0.4836197129484084,0.4441636856127005,0.4716387890963406,0.4900764718404987
frozen,first-cal,final_all,recall_at_1,0.23670634920634923,0.22212301587301586,0.25099206349206343,0.2193452380952381,0.2357142857142857,0.25505952380952385
frozen,first-cal,final_all,recall_at_3,0.4377976190476189,0.41904761904761895,0.45585317460317465,0.4071428571428569,0.44999999999999984,0.45624999999999993
frozen,first-cal,final_all,recall_at_5,0.5519841269841269,0.5325347222222221,0.5714310515873018,0.5145833333333333,0.5616071428571429,0.5797619047619047
frozen,first-cal,final_all,recall_at_10,0.7113095238095237,0.6933531746031747,0.7294642857142855,0.6857142857142853,0.7110119047619047,0.7372023809523809
frozen,first-cal,final_all,ndcg_at_1,0.3216269841269839,0.3037648809523809,0.3392857142857142,0.29702380952380925,0.3226190476190473,0.3452380952380952
frozen,first-cal,final_all,ndcg_at_3,0.3838687518508351,0.3664330500813698,0.4005913152664407,0.3566036711700281,0.39077216889370375,0.40423041548877353
frozen,first-cal,final_all,ndcg_at_5,0.43503128165689064,0.41773990207407286,0.4515344236336324,0.40466954257140564,0.4410965572711018,0.45932774512816454
frozen,first-cal,final_all,ndcg_at_10,0.4915544554061311,0.47528491984764226,0.5072012106147554,0.46578976651512116,0.4936544065762344,0.5152191931270377
frozen,primary,O,average_precision,0.279944968177916,0.25989279223870665,0.300407069641075,0.2711161068721064,0.274492801629281,0.2942259960323604
frozen,primary,O,trapezoidal_pr_auc,0.2660856226361423,0.24568419351264334,0.2866796721925859,0.2576201836790675,0.2595551826153016,0.2810815016140579
frozen,primary,O,roc_auc,0.7451024208566107,0.7312883496275606,0.7588726140595907,0.7295740223463687,0.7490258379888268,0.756707402234637
frozen,primary,O,recall_at_fpr_1pct,0.15791666666666665,0.13708333333333336,0.17958333333333334,0.15375,0.14749999999999994,0.17250000000000004
frozen,primary,O,brier,0.04519870846057866,0.0444838324212949,0.045886424724448475,0.04542092539787688,0.045649303313521905,0.044525896670337226
frozen,primary,O,log_loss,0.18061918302105892,0.17748890968882364,0.18370183065183207,0.18323412145497756,0.1809591017760966,0.1776643258321025
frozen,primary,O,precision,0.4863888888888888,0.4061076388888889,0.5669479166666666,0.4,0.5045833333333333,0.5545833333333333
frozen,primary,O,recall,0.05125,0.042083333333333334,0.06083333333333333,0.025000000000000005,0.05625,0.0725
frozen,primary,O,f1,0.09029367009801792,0.07501856470823862,0.1068027325633304,0.046565029173724834,0.09877452619843924,0.1255414549218897
frozen,primary,O,specificity,0.9982076350093108,0.9977420856610802,0.9986266294227188,0.9997206703910614,0.9970670391061448,0.9978351955307259
frozen,primary,O,balanced_accuracy,0.5247288175046556,0.5202033868715085,0.5295786778398511,0.5123603351955308,0.5266585195530726,0.5351675977653633
frozen,primary,O,mcc,0.14336475252370337,0.11955151117767712,0.1683706555061112,0.09466638538862371,0.15101684685722438,0.18441102532526205
frozen,primary,O,map,0.44116577028772896,0.4240099357281945,0.45731105088001045,0.43657929939562035,0.4393554842480105,0.4475625272195559
frozen,primary,O,mrr,0.48583987949338586,0.4685712372672193,0.5025178318844121,0.48308171574800457,0.484257388752756,0.4901805339793972
frozen,primary,O,recall_at_1,0.2525297619047619,0.23586309523809523,0.2690476190476191,0.2553571428571428,0.24910714285714283,0.253125
frozen,primary,O,recall_at_3,0.45639880952380946,0.4351190476190476,0.47708333333333347,0.45401785714285714,0.45758928571428575,0.4575892857142856
frozen,primary,O,recall_at_5,0.5708333333333333,0.5502938988095237,0.5916703869047621,0.5526785714285714,0.5785714285714285,0.58125
frozen,primary,O,recall_at_10,0.7212797619047618,0.7017857142857143,0.7409226190476191,0.704017857142857,0.7125,0.7473214285714286
frozen,primary,O,ndcg_at_1,0.34166666666666673,0.3211309523809523,0.36190476190476195,0.3392857142857143,0.3401785714285715,0.34553571428571433
frozen,primary,O,ndcg_at_3,0.4032373527389726,0.3837500979376595,0.42210464666961295,0.40137948447850497,0.4026268828026377,0.4057056909357752
frozen,primary,O,ndcg_at_5,0.45442066346118254,0.43598447022433695,0.47224394300322375,0.4456178764516311,0.4573181181748594,0.46032599575705707
frozen,primary,O,ndcg_at_10,0.5076735959146018,0.4909381397795427,0.5243526829443959,0.4996155693911632,0.504061773318295,0.519343445034347
frozen,primary,N,average_precision,0.22605156743315122,0.20936887693598322,0.2425545242368271,0.2069086761971309,0.21368788391688046,0.25755814218544226
frozen,primary,N,trapezoidal_pr_auc,0.21190865357636626,0.19496214516060564,0.22866900314520508,0.19353846990499582,0.19906695503526847,0.24312053578883458
frozen,primary,N,roc_auc,0.7186999534450652,0.7036951524674118,0.7334836475791433,0.6970216480446929,0.7167493016759776,0.7423289106145252
frozen,primary,N,recall_at_fpr_1pct,0.11583333333333334,0.1004166666666667,0.13125000000000003,0.11124999999999999,0.10875000000000001,0.1275
frozen,primary,N,brier,0.04725998610142096,0.046609881114196665,0.04791043387736513,0.04777301335689778,0.04803400947814562,0.04597293546921949
frozen,primary,N,log_loss,0.18902616631250221,0.18602399114419277,0.19210768818851362,0.1929969731155941,0.1906801830354508,0.18340134278646175
frozen,primary,N,precision,0.36418650793650786,0.3001354166666666,0.43560119047619045,0.175,0.4096428571428571,0.5079166666666666
frozen,primary,N,recall,0.039166666666666676,0.032916666666666664,0.04583333333333333,0.008749999999999999,0.04500000000000002,0.06375
frozen,primary,N,f1,0.06849684668525247,0.058091142124113135,0.07982584182457372,0.016666666666666666,0.07887692178996526,0.10994695159912549
frozen,primary,N,specificity,0.9976024208566106,0.9970437616387338,0.9981145251396648,0.9998603351955306,0.9963687150837984,0.9965782122905024
frozen,primary,N,balanced_accuracy,0.5183845437616388,0.5153058077281191,0.5217181971601491,0.5043051675977653,0.5206843575418995,0.5301641061452516
frozen,primary,N,mcc,0.10557368865856219,0.08782237431219063,0.12486732847619382,0.03752372069592735,0.11803843463361671,0.1611589106461425
frozen,primary,N,map,0.39129085619681764,0.37652396333583643,0.4058418417270802,0.3611579091855958,0.3926714958775902,0.420043163527267
frozen,primary,N,mrr,0.43497426154155,0.4200794436430307,0.44986365835029435,0.4047991065937807,0.4339202807217267,0.4662033973091426
frozen,primary,N,recall_at_1,0.2081845238095238,0.1944903273809523,0.2220275297619047,0.18482142857142853,0.20580357142857147,0.2339285714285714
frozen,primary,N,recall_at_3,0.39895833333333347,0.3800595238095238,0.4175595238095237,0.35625000000000007,0.4116071428571429,0.42901785714285723
frozen,primary,N,recall_at_5,0.5159226190476192,0.4952380952380952,0.5367559523809525,0.47053571428571433,0.5183035714285715,0.5589285714285716
frozen,primary,N,recall_at_10,0.6912202380952381,0.6726153273809524,0.7098214285714287,0.669642857142857,0.6830357142857143,0.720982142857143
frozen,primary,N,ndcg_at_1,0.2842261904761905,0.2675595238095238,0.30148809523809517,0.2526785714285714,0.28482142857142867,0.3151785714285715
frozen,primary,N,ndcg_at_3,0.3463038901168874,0.3297341234136422,0.3628455793156806,0.3094757678090188,0.3529871962132397,0.37644870632840355
frozen,primary,N,ndcg_at_5,0.39849093405085023,0.3817459372915997,0.41517223053661384,0.3604323499468337,0.4004603727426349,0.43458007946308197
frozen,primary,N,ndcg_at_10,0.46085867187199897,0.4451420483608944,0.47656307556577354,0.43160890115581807,0.4586908219931184,0.49227629246706056
frozen,primary,Z,average_precision,0.2225222672652225,0.20353011910948005,0.24153270693057002,0.181003301769114,0.2133720538178892,0.27319144620866426
frozen,primary,Z,trapezoidal_pr_auc,0.20858335700780892,0.189591328923412,0.227911693282409,0.16762114143273768,0.2000315676483247,0.2580973619423643
frozen,primary,Z,roc_auc,0.720239757914339,0.701426850558659,0.7380556913407819,0.6821438547486034,0.7263826815642458,0.7521927374301678
frozen,primary,Z,recall_at_fpr_1pct,0.11083333333333334,0.09333333333333331,0.12833333333333333,0.09000000000000001,0.10250000000000001,0.13999999999999999
frozen,primary,Z,brier,0.047443539219173714,0.04668991258121323,0.04822272510657437,0.048714660049772526,0.048015626028852544,0.04560033157889608
frozen,primary,Z,log_loss,0.18914220035363916,0.18562645515934736,0.1928178366557228,0.1968760788418635,0.1893224001401979,0.18122812207885608
frozen,primary,Z,precision,0.32837301587301587,0.2564285714285714,0.40611111111111114,0.05,0.3942857142857143,0.5408333333333333
frozen,primary,Z,recall,0.04583333333333334,0.03583333333333333,0.05666666666666664,0.0025,0.052500000000000005,0.0825
frozen,primary,Z,f1,0.07816254866979504,0.061452406852406855,0.09551547458177895,0.0047619047619047615,0.09057247422464813,0.13915326702283223
frozen,primary,Z,specificity,0.9972067039106145,0.9963687150837993,0.9979515828677844,1.0,0.9962290502793296,0.9953910614525139
frozen,primary,Z,balanced_accuracy,0.5215200186219738,0.516429236499069,0.5267765945065178,0.50125,0.5243645251396648,0.538945530726257
frozen,primary,Z,mcc,0.1094132363984321,0.0850839721325189,0.13437790364220592,0.010894965133124079,0.1271437627506335,0.19020098131153879
frozen,primary,Z,map,0.38862239777908986,0.3697069900314177,0.40739859912625986,0.32631018534835166,0.3999399716081681,0.43961703638074984
frozen,primary,Z,mrr,0.43419918756276843,0.4140373556836221,0.4541632157594659,0.3663276253420927,0.44640158978351074,0.4898683475627018
frozen,primary,Z,recall_at_1,0.20505952380952383,0.18659970238095236,0.22351190476190472,0.14732142857142855,0.2089285714285715,0.2589285714285714
frozen,primary,Z,recall_at_3,0.400595238095238,0.3767857142857142,0.4247023809523809,0.31339285714285714,0.43482142857142847,0.45357142857142846
frozen,primary,Z,recall_at_5,0.5142857142857142,0.48779761904761904,0.5404761904761906,0.43839285714285703,0.5276785714285714,0.5767857142857143
frozen,primary,Z,recall_at_10,0.6913690476190476,0.6660714285714285,0.7163690476190475,0.649107142857143,0.7080357142857142,0.7169642857142857
frozen,primary,Z,ndcg_at_1,0.28154761904761905,0.25892857142857145,0.3035714285714286,0.21249999999999997,0.2875000000000001,0.34464285714285714
frozen,primary,Z,ndcg_at_3,0.34513155007456015,0.32389711190543286,0.36617498118292924,0.26705204455307413,0.36706274107583636,0.40127986459477
frozen,primary,Z,ndcg_at_5,0.39625251804830736,0.3749348625641813,0.41783439742554046,0.32277287481095474,0.40865343546358723,0.4573312438703801
frozen,primary,Z,ndcg_at_10,0.45931617438918965,0.43895469241807694,0.4794483097006389,0.39813816076303743,0.4728396730921127,0.5069706893124188
frozen,primary,F_first,average_precision,0.0,0.0,0.0,0.0,0.0,0.0
frozen,primary,F_first,trapezoidal_pr_auc,0.0,0.0,0.0,0.0,0.0,0.0
frozen,primary,F_first,roc_auc,0.0,0.0,0.0,0.0,0.0,0.0
frozen,primary,F_first,recall_at_fpr_1pct,0.0,0.0,0.0,0.0,0.0,0.0
frozen,primary,F_first,brier,0.0,0.0,0.0,0.0,0.0,0.0
frozen,primary,F_first,log_loss,0.0,0.0,0.0,0.0,0.0,0.0
frozen,primary,F_first,precision,0.0,0.0,0.0,0.0,0.0,0.0
frozen,primary,F_first,recall,0.0,0.0,0.0,0.0,0.0,0.0
frozen,primary,F_first,f1,0.0,0.0,0.0,0.0,0.0,0.0
frozen,primary,F_first,specificity,0.0,0.0,0.0,0.0,0.0,0.0
frozen,primary,F_first,balanced_accuracy,0.0,0.0,0.0,0.0,0.0,0.0
frozen,primary,F_first,mcc,0.0,0.0,0.0,0.0,0.0,0.0
frozen,primary,F_first,map,0.0,0.0,0.0,0.0,0.0,0.0
frozen,primary,F_first,mrr,0.0,0.0,0.0,0.0,0.0,0.0
frozen,primary,F_first,recall_at_1,0.0,0.0,0.0,0.0,0.0,0.0
frozen,primary,F_first,recall_at_3,0.0,0.0,0.0,0.0,0.0,0.0
frozen,primary,F_first,recall_at_5,0.0,0.0,0.0,0.0,0.0,0.0
frozen,primary,F_first,recall_at_10,0.0,0.0,0.0,0.0,0.0,0.0
frozen,primary,F_first,ndcg_at_1,0.0,0.0,0.0,0.0,0.0,0.0
frozen,primary,F_first,ndcg_at_3,0.0,0.0,0.0,0.0,0.0,0.0
frozen,primary,F_first,ndcg_at_5,0.0,0.0,0.0,0.0,0.0,0.0
frozen,primary,F_first,ndcg_at_10,0.0,0.0,0.0,0.0,0.0,0.0
frozen,primary,F,average_precision,0.0,0.0,0.0,0.0,0.0,0.0
frozen,primary,F,trapezoidal_pr_auc,0.0,0.0,0.0,0.0,0.0,0.0
frozen,primary,F,roc_auc,0.0,0.0,0.0,0.0,0.0,0.0
frozen,primary,F,recall_at_fpr_1pct,0.0,0.0,0.0,0.0,0.0,0.0
frozen,primary,F,brier,0.0,0.0,0.0,0.0,0.0,0.0
frozen,primary,F,log_loss,0.0,0.0,0.0,0.0,0.0,0.0
frozen,primary,F,precision,0.0,0.0,0.0,0.0,0.0,0.0
frozen,primary,F,recall,0.0,0.0,0.0,0.0,0.0,0.0
frozen,primary,F,f1,0.0,0.0,0.0,0.0,0.0,0.0
frozen,primary,F,specificity,0.0,0.0,0.0,0.0,0.0,0.0
frozen,primary,F,balanced_accuracy,0.0,0.0,0.0,0.0,0.0,0.0
frozen,primary,F,mcc,0.0,0.0,0.0,0.0,0.0,0.0
frozen,primary,F,map,0.0,0.0,0.0,0.0,0.0,0.0
frozen,primary,F,mrr,0.0,0.0,0.0,0.0,0.0,0.0
frozen,primary,F,recall_at_1,0.0,0.0,0.0,0.0,0.0,0.0
frozen,primary,F,recall_at_3,0.0,0.0,0.0,0.0,0.0,0.0
frozen,primary,F,recall_at_5,0.0,0.0,0.0,0.0,0.0,0.0
frozen,primary,F,recall_at_10,0.0,0.0,0.0,0.0,0.0,0.0
frozen,primary,F,ndcg_at_1,0.0,0.0,0.0,0.0,0.0,0.0
frozen,primary,F,ndcg_at_3,0.0,0.0,0.0,0.0,0.0,0.0
frozen,primary,F,ndcg_at_5,0.0,0.0,0.0,0.0,0.0,0.0
frozen,primary,F,ndcg_at_10,0.0,0.0,0.0,0.0,0.0,0.0
frozen,primary,G,average_precision,0.0,0.0,0.0,0.0,0.0,0.0
frozen,primary,G,trapezoidal_pr_auc,0.0,0.0,0.0,0.0,0.0,0.0
frozen,primary,G,roc_auc,0.0,0.0,0.0,0.0,0.0,0.0
frozen,primary,G,recall_at_fpr_1pct,0.0,0.0,0.0,0.0,0.0,0.0
frozen,primary,G,brier,0.0,0.0,0.0,0.0,0.0,0.0
frozen,primary,G,log_loss,0.0,0.0,0.0,0.0,0.0,0.0
frozen,primary,G,precision,0.0,0.0,0.0,0.0,0.0,0.0
frozen,primary,G,recall,0.0,0.0,0.0,0.0,0.0,0.0
frozen,primary,G,f1,0.0,0.0,0.0,0.0,0.0,0.0
frozen,primary,G,specificity,0.0,0.0,0.0,0.0,0.0,0.0
frozen,primary,G,balanced_accuracy,0.0,0.0,0.0,0.0,0.0,0.0
frozen,primary,G,mcc,0.0,0.0,0.0,0.0,0.0,0.0
frozen,primary,G,map,0.0,0.0,0.0,0.0,0.0,0.0
frozen,primary,G,mrr,0.0,0.0,0.0,0.0,0.0,0.0
frozen,primary,G,recall_at_1,0.0,0.0,0.0,0.0,0.0,0.0
frozen,primary,G,recall_at_3,0.0,0.0,0.0,0.0,0.0,0.0
frozen,primary,G,recall_at_5,0.0,0.0,0.0,0.0,0.0,0.0
frozen,primary,G,recall_at_10,0.0,0.0,0.0,0.0,0.0,0.0
frozen,primary,G,ndcg_at_1,0.0,0.0,0.0,0.0,0.0,0.0
frozen,primary,G,ndcg_at_3,0.0,0.0,0.0,0.0,0.0,0.0
frozen,primary,G,ndcg_at_5,0.0,0.0,0.0,0.0,0.0,0.0
frozen,primary,G,ndcg_at_10,0.0,0.0,0.0,0.0,0.0,0.0
frozen,primary,final_all,average_precision,0.26080406787368476,0.24280635605961354,0.27882699104685527,0.241078505171109,0.2541192190254836,0.28721447942446166
frozen,primary,final_all,trapezoidal_pr_auc,0.2469182007600312,0.22897848530235204,0.26516823413289614,0.22762050293029099,0.23971397762630922,0.2734201217234934
frozen,primary,final_all,roc_auc,0.7368148665425202,0.7228970554003725,0.7506239525139667,0.713763966480447,0.741478119180633,0.7552025139664803
frozen,primary,final_all,recall_at_fpr_1pct,0.14222222222222222,0.12527777777777774,0.15916666666666668,0.13249999999999992,0.13249999999999995,0.16166666666666674
frozen,primary,final_all,brier,0.04594698538011035,0.04530442022000574,0.046576359719257575,0.04651883694850875,0.046438077551965454,0.04488404163985685
frozen,primary,final_all,log_loss,0.1834601887985856,0.1804627377480848,0.1864193008022513,0.18778144058393953,0.18374686789746367,0.17885225791435372
frozen,primary,final_all,precision,0.4337169312169311,0.372863425925926,0.4970376984126983,0.28333333333333327,0.46781746031746013,0.5499999999999999
frozen,primary,final_all,recall,0.04944444444444446,0.042777777777777776,0.05638888888888888,0.017499999999999998,0.055000000000000014,0.07583333333333336
frozen,primary,final_all,f1,0.08624996295527694,0.07507806693664179,0.09820378737383567,0.03263065436978481,0.09604050887384216,0.13007872562220382
frozen,primary,final_all,specificity,0.9978739913097456,0.9974239602731221,0.9982929857231532,0.9998137802607076,0.9967877094972071,0.9970204841713219
frozen,primary,final_all,balanced_accuracy,0.5236592178770949,0.5203421593730602,0.5271851916511483,0.5086568901303536,0.5258938547486036,0.5364269087523276
frozen,primary,final_all,mcc,0.1320475804819463,0.11400281242922813,0.15101849378516632,0.06674257863679048,0.14305915215502743,0.18634101065402098
frozen,primary,final_all,map,0.42365131278484913,0.4082178474016054,0.43848145293221075,0.39982292804653075,0.42621698003472963,0.44491403027328696
frozen,primary,final_all,mrr,0.4686263155165133,0.45288033191621013,0.4836197129484084,0.4441636856127005,0.4716387890963406,0.4900764718404987
frozen,primary,final_all,recall_at_1,0.23670634920634923,0.22212301587301586,0.25099206349206343,0.2193452380952381,0.2357142857142857,0.25505952380952385
frozen,primary,final_all,recall_at_3,0.4377976190476189,0.41904761904761895,0.45585317460317465,0.4071428571428569,0.44999999999999984,0.45624999999999993
frozen,primary,final_all,recall_at_5,0.5519841269841269,0.5325347222222221,0.5714310515873018,0.5145833333333333,0.5616071428571429,0.5797619047619047
frozen,primary,final_all,recall_at_10,0.7113095238095237,0.6933531746031747,0.7294642857142855,0.6857142857142853,0.7110119047619047,0.7372023809523809
frozen,primary,final_all,ndcg_at_1,0.3216269841269839,0.3037648809523809,0.3392857142857142,0.29702380952380925,0.3226190476190473,0.3452380952380952
frozen,primary,final_all,ndcg_at_3,0.3838687518508351,0.3664330500813698,0.4005913152664407,0.3566036711700281,0.39077216889370375,0.40423041548877353
frozen,primary,final_all,ndcg_at_5,0.43503128165689064,0.41773990207407286,0.4515344236336324,0.40466954257140564,0.4410965572711018,0.45932774512816454
frozen,primary,final_all,ndcg_at_10,0.4915544554061311,0.47528491984764226,0.5072012106147554,0.46578976651512116,0.4936544065762344,0.5152191931270377
seq,raw,O,average_precision,0.2700292419300721,0.2511614527777319,0.2888462458078546,0.2549036625414478,0.2685886901854539,0.2865953730633145
seq,raw,O,trapezoidal_pr_auc,0.25685200454007534,0.23731799944266618,0.27626473708397387,0.24164082029058168,0.2550014077755431,0.2739137855541013
seq,raw,O,roc_auc,0.7387930633147112,0.7239308950186218,0.7541540677374301,0.7321648044692737,0.7408275139664803,0.7433868715083797
seq,raw,O,recall_at_fpr_1pct,0.15250000000000002,0.13625,0.1695833333333334,0.13875000000000007,0.14499999999999996,0.17375000000000002
seq,raw,O,brier,0.047291269265369106,0.04682712505814907,0.04778060571562807,0.04837595631323144,0.04584344895987693,0.047654402522998934
seq,raw,O,log_loss,0.22577507477643602,0.22036004463803013,0.23119268589469277,0.24618372785423479,0.1953223448014421,0.2358191516736312
seq,raw,O,precision,0.20902777777777778,0.16527777777777775,0.2520833333333333,0.0,0.6270833333333333,0.0
seq,raw,O,recall,0.018333333333333337,0.014166666666666664,0.0225,0.0,0.055000000000000014,0.0
seq,raw,O,f1,0.03323883242361503,0.02583066691762344,0.040898180171278005,0.0,0.09971649727084508,0.0
seq,raw,O,specificity,0.9996042830540036,0.9993947858473003,0.9997905027932963,1.0,0.998812849162011,1.0
seq,raw,O,balanced_accuracy,0.5089688081936686,0.5068505586592179,0.5111571810986965,0.5,0.5269064245810057,0.5
seq,raw,O,mcc,0.05770832129969885,0.04499439059593001,0.07015220829108358,0.0,0.17312496389909654,0.0
seq,raw,O,map,0.4165969439595041,0.4008984787679673,0.43151578734427853,0.4043011192372539,0.4162782583859788,0.4292114542552796
seq,raw,O,mrr,0.464312817922839,0.4476551966261046,0.4800322481306455,0.4542998179494505,0.4656745580241437,0.4729640777949228
seq,raw,O,recall_at_1,0.22946428571428576,0.2139880952380953,0.24464285714285708,0.2183035714285714,0.2267857142857143,0.24330357142857148
seq,raw,O,recall_at_3,0.422172619047619,0.4026748511904762,0.4409226190476191,0.40982142857142856,0.42544642857142845,0.4312499999999999
seq,raw,O,recall_at_5,0.5438988095238094,0.5224702380952382,0.5648809523809524,0.5419642857142857,0.5535714285714285,0.5361607142857143
seq,raw,O,recall_at_10,0.7183035714285714,0.6973177083333334,0.7395870535714287,0.7080357142857142,0.7160714285714284,0.7308035714285714
seq,raw,O,ndcg_at_1,0.31696428571428575,0.29851190476190476,0.3351190476190476,0.3026785714285714,0.31428571428571433,0.3339285714285714
seq,raw,O,ndcg_at_3,0.37258194149931523,0.3549738935653454,0.3892573013412887,0.35974807817016524,0.3736513810424337,0.3843463652853466
seq,raw,O,ndcg_at_5,0.4269501291547269,0.40922891789987204,0.44388977055853185,0.41868007636366367,0.43087249970236263,0.4312978113981544
seq,raw,O,ndcg_at_10,0.48864563963736735,0.47192536211892483,0.5050765884033703,0.4772047404659041,0.488479779572948,0.50025239887325
seq,raw,N,average_precision,0.31511600873015055,0.29288785160095315,0.33819376263232775,0.3293951107884795,0.2967601187812428,0.31919279662072925
seq,raw,N,trapezoidal_pr_auc,0.3021610733236103,0.27946813671833204,0.325626656538564,0.3173051190629758,0.2829905912889916,0.30618750961886343
seq,raw,N,roc_auc,0.7586871508379888,0.743328212290503,0.7736877618715086,0.7623847765363129,0.7484706703910613,0.765206005586592
seq,raw,N,recall_at_fpr_1pct,0.18666666666666668,0.16541666666666668,0.20876041666666656,0.20500000000000007,0.16875,0.18625
seq,raw,N,brier,0.04735659787416017,0.046888400521693345,0.04780244830776188,0.047366625188318454,0.046763002456561606,0.04794016597760046
seq,raw,N,log_loss,0.22822335389885276,0.22309218363268363,0.23363064415364923,0.23133542419381228,0.20916380450047506,0.24417083300227094
seq,raw,N,precision,0.12152777777777775,0.07847222222222222,0.16527777777777775,0.0,0.2645833333333333,0.1
seq,raw,N,recall,0.011666666666666665,0.007083333333333334,0.016666666666666666,0.0,0.03,0.005
seq,raw,N,f1,0.020674524750611708,0.012674728652989525,0.029361187574502776,0.0,0.0524997647280256,0.009523809523809523
seq,raw,N,specificity,0.9998603351955307,0.999767225325885,0.9999534450651775,1.0,0.999581005586592,1.0
seq,raw,N,balanced_accuracy,0.5057635009310987,0.5034601955307264,0.5082867783985104,0.5,0.5147905027932961,0.5025000000000001
seq,raw,N,mcc,0.034743654974824977,0.022242786366753864,0.047218389736854285,0.0,0.08244103465822676,0.021789930266248158
seq,raw,N,map,0.46693788871969666,0.4489236680543416,0.4846098123307455,0.47288426575004544,0.4500850165364432,0.4778443838726013
seq,raw,N,mrr,0.5140358749274534,0.4953269637029965,0.5322029295539621,0.5250829196323149,0.4883083454573571,0.5287163596926884
seq,raw,N,recall_at_1,0.2752976190476191,0.2572879464285714,0.2931547619047618,0.2892857142857143,0.2549107142857143,0.2816964285714286
seq,raw,N,recall_at_3,0.4916666666666667,0.47008928571428577,0.5138392857142857,0.4933035714285716,0.47455357142857135,0.5071428571428571
seq,raw,N,recall_at_5,0.5980654761904761,0.5748511904761908,0.6214285714285714,0.5950892857142857,0.5776785714285714,0.6214285714285713
seq,raw,N,recall_at_10,0.7380952380952381,0.7171093749999999,0.7587834821428571,0.732142857142857,0.725,0.7571428571428573
seq,raw,N,ndcg_at_1,0.3726190476190476,0.3505877976190476,0.394345238095238,0.39017857142857154,0.3464285714285715,0.38125
seq,raw,N,ndcg_at_3,0.43541357398151725,0.41501878015491184,0.455568706739821,0.44183369474018513,0.41613328911097724,0.44827373809338944
seq,raw,N,ndcg_at_5,0.483300507829253,0.4638390108978842,0.5025359161194288,0.487785538619808,0.46224865261726367,0.4998673322506873
seq,raw,N,ndcg_at_10,0.5328319354872579,0.5145680714322862,0.5511342806513728,0.5364066176017952,0.5141771114018344,0.5479120774581443
seq,raw,Z,average_precision,0.32311167614368197,0.29749970479083065,0.35103924414671933,0.3402575611388246,0.31640823085702796,0.3126692364351934
seq,raw,Z,trapezoidal_pr_auc,0.31031569474672654,0.28385348214480993,0.3391085139325638,0.32882855786129966,0.3020843733138454,0.30003415306503456
seq,raw,Z,roc_auc,0.760784450651769,0.7442154329608938,0.7771254073556798,0.7580656424581006,0.7584986033519553,0.7657891061452515
seq,raw,Z,recall_at_fpr_1pct,0.19833333333333333,0.1716666666666667,0.22666666666666663,0.2325,0.1875,0.175
seq,raw,Z,brier,0.04621532647240522,0.04555297406986046,0.046851880473902055,0.04725251366796385,0.04434014439411247,0.04705332135513934
seq,raw,Z,log_loss,0.22143829529962708,0.2155092522006982,0.22756261684423962,0.23928746219205635,0.19267107270434514,0.2323563510024798
seq,raw,Z,precision,0.2430555555555555,0.15694444444444444,0.3305555555555555,0.0,0.5291666666666666,0.2
seq,raw,Z,recall,0.02333333333333333,0.014166666666666668,0.03333333333333333,0.0,0.06,0.01
seq,raw,Z,f1,0.041349049501223416,0.02534945730597905,0.05872237514900555,0.0,0.1049995294560512,0.019047619047619046
seq,raw,Z,specificity,0.9997206703910614,0.9995344506517696,0.9999068901303543,1.0,0.9991620111731843,1.0
seq,raw,Z,balanced_accuracy,0.5115270018621975,0.5069203910614527,0.5165735567970208,0.5,0.5295810055865922,0.505
seq,raw,Z,mcc,0.06948730994964995,0.04448557273350773,0.09443677947370857,0.0,0.16488206931645352,0.043579860532496316
seq,raw,Z,map,0.4718062788299937,0.4498014681430503,0.4938709109024051,0.4727026337856522,0.4738681960215832,0.4688480066827457
seq,raw,Z,mrr,0.521074106888931,0.4982749311209974,0.5442965792103882,0.5230360439094105,0.5162974997068157,0.5238887770505664
seq,raw,Z,recall_at_1,0.28125,0.2580357142857143,0.30446428571428563,0.2928571428571428,0.28125,0.26964285714285713
seq,raw,Z,recall_at_3,0.4994047619047619,0.47351190476190486,0.525595238095238,0.49196428571428574,0.50625,0.5
seq,raw,Z,recall_at_5,0.5982142857142856,0.5714211309523808,0.6244047619047617,0.5723214285714285,0.5999999999999999,0.6223214285714286
seq,raw,Z,recall_at_10,0.7488095238095238,0.7247023809523808,0.7720238095238094,0.7383928571428573,0.7419642857142856,0.7660714285714285
seq,raw,Z,ndcg_at_1,0.38095238095238093,0.3523809523809523,0.41011904761904755,0.39642857142857146,0.3767857142857142,0.36964285714285716
seq,raw,Z,ndcg_at_3,0.44211721516864083,0.4175760781561476,0.46688966795290104,0.4418683176292565,0.4458371385172918,0.43864618935937427
seq,raw,Z,ndcg_at_5,0.48682155358129653,0.4630732769194155,0.5105796541595415,0.47831584399781113,0.4881391102054276,0.49400970654065085
seq,raw,Z,ndcg_at_10,0.5400192389478402,0.5178415387641148,0.5617570628428057,0.5370383938745115,0.5382485556959586,0.5447707672730505
seq,raw,F_first,average_precision,0.047139395186227666,0.02542431809464734,0.06953702589993217,0.06064832885587933,0.03990850222741549,0.04086135447538818
seq,raw,F_first,trapezoidal_pr_auc,0.04584222772685239,0.023223179571712996,0.06922448989702844,0.059450236520804244,0.03869190585699184,0.03938454080276106
seq,raw,F_first,roc_auc,0.03196229050279329,0.015167481378026067,0.04844326117318433,0.027611731843575425,0.026557262569832395,0.041717877094972045
seq,raw,F_first,recall_at_fpr_1pct,0.0325,0.007500000000000006,0.05749999999999999,0.047499999999999994,0.020000000000000004,0.030000000000000006
seq,raw,F_first,brier,-0.002917451228397852,-0.003413331246372554,-0.0024012406067586063,-0.0010280383758382381,-0.003281162097055797,-0.004443153212299521
seq,raw,F_first,log_loss,-0.03215823234980567,-0.03699790915902829,-0.027404469210409857,0.0028706693462453416,-0.03356888009056551,-0.06577648630509686
seq,raw,F_first,precision,-0.24027777777777778,-0.2972222222222222,-0.17777777777777776,0.0,-0.7208333333333333,0.0
seq,raw,F_first,recall,-0.021666666666666678,-0.028333333333333332,-0.015000000000000001,0.0,-0.06500000000000003,0.0
seq,raw,F_first,f1,-0.0391735679779158,-0.05077404479578393,-0.02773668360624883,0.0,-0.1175207039337474,0.0
seq,raw,F_first,specificity,0.00032588454376163975,9.310986964618332e-05,0.0006517690875232778,0.0,0.0009776536312849193,0.0
seq,raw,F_first,balanced_accuracy,-0.010670391061452518,-0.014050279329608943,-0.007383612662942277,0.0,-0.032011173184357554,0.0
seq,raw,F_first,mcc,-0.06774435952006574,-0.085390806544265,-0.049396968678110324,0.0,-0.20323307856019723,0.0
seq,raw,F_first,map,0.06339324911674983,0.04180865957698348,0.08542323437599209,0.09250861475334068,0.044537088497250646,0.05313404409965815
seq,raw,F_first,mrr,0.06209770635917964,0.038970258744691136,0.08499697079774826,0.09139127027936148,0.042794677875368545,0.05210717092280892
seq,raw,F_first,recall_at_1,0.05565476190476191,0.03154761904761906,0.07916666666666666,0.0910714285714286,0.03660714285714286,0.03928571428571428
seq,raw,F_first,recall_at_3,0.08392857142857145,0.055349702380952374,0.11339285714285716,0.12946428571428575,0.05892857142857144,0.06339285714285714
seq,raw,F_first,recall_at_5,0.075,0.049702380952380956,0.10119047619047618,0.08124999999999999,0.05267857142857142,0.09107142857142857
seq,raw,F_first,recall_at_10,0.03124999999999999,0.0047619047619047545,0.05773809523809523,0.019642857142857136,0.024999999999999984,0.04910714285714285
seq,raw,F_first,ndcg_at_1,0.06785714285714284,0.0380952380952381,0.09821428571428568,0.10357142857142854,0.05,0.05
seq,raw,F_first,ndcg_at_3,0.0763415764803264,0.05024328463010783,0.10299189068228316,0.11779849788878545,0.0531471458593322,0.058079085692861535
seq,raw,F_first,ndcg_at_5,0.07302951770039605,0.05066471479052679,0.09650923373841165,0.09701163110350927,0.05209902466477192,0.06997789733290694
seq,raw,F_first,ndcg_at_10,0.05703636218257605,0.0356959724838052,0.07797029635634514,0.07591857722515273,0.04071432238436301,0.05447618693821241
seq,raw,F,average_precision,0.04868546310561347,0.03291725246247039,0.06478222094154132,0.0590717492371519,0.03745825778862012,0.04952638229106836
seq,raw,F,trapezoidal_pr_auc,0.04861986897385212,0.032332112647287116,0.06529262397880153,0.05914230433218489,0.037451008260721085,0.04926629432865037
seq,raw,F,roc_auc,0.02602420856610799,0.014715898510242055,0.03707899790502793,0.02481145251396649,0.023861731843575394,0.029399441340782095
seq,raw,F,recall_at_fpr_1pct,0.0325,0.01583333333333333,0.049999999999999996,0.03749999999999999,0.020000000000000004,0.040000000000000015
seq,raw,F,brier,-0.0018899170124572623,-0.002266754219067302,-0.0015167176121349778,-0.00014558631750863065,-0.0029420531440327016,-0.002582111575830455
seq,raw,F,log_loss,-0.01991138070128368,-0.023183208474324413,-0.016651158184249216,0.011746107478098983,-0.02950034523235099,-0.04197990434959903
seq,raw,F,precision,-0.20902777777777778,-0.2520833333333333,-0.16527777777777775,0.0,-0.6270833333333333,0.0
seq,raw,F,recall,-0.018333333333333337,-0.0225,-0.014166666666666664,0.0,-0.055000000000000014,0.0
seq,raw,F,f1,-0.03323883242361503,-0.040898180171278005,-0.025830666917623445,0.0,-0.09971649727084508,0.0
seq,raw,F,specificity,0.0003957169459962782,0.0002094972067039125,0.0006052141527001879,0.0,0.0011871508379888347,0.0
seq,raw,F,balanced_accuracy,-0.008968808193668536,-0.011157181098696466,-0.006850558659217881,0.0,-0.026906424581005606,0.0
seq,raw,F,mcc,-0.05770832129969885,-0.07015220829108358,-0.04499439059593002,0.0,-0.17312496389909654,0.0
seq,raw,F,map,0.058623918325651815,0.04524776195930431,0.07238756533817292,0.07080831250416565,0.043526634314177214,0.06153680815861258
seq,raw,F,mrr,0.05715121529336886,0.04266056257817478,0.07171755395232292,0.07071150155342926,0.038022940502589815,0.06271920382408751
seq,raw,F,recall_at_1,0.052083333333333336,0.036160714285714296,0.067563244047619,0.06875,0.03526785714285714,0.05223214285714286
seq,raw,F,recall_at_3,0.07752976190476192,0.05922619047619048,0.09613467261904755,0.09196428571428573,0.059375,0.08125000000000003
seq,raw,F,recall_at_5,0.06711309523809524,0.04791666666666667,0.08601190476190478,0.06830357142857142,0.048214285714285716,0.08482142857142859
seq,raw,F,recall_at_10,0.021130952380952375,0.0028236607142857065,0.03839285714285714,0.01383928571428571,0.021428571428571415,0.028124999999999994
seq,raw,F,ndcg_at_1,0.06339285714285714,0.04374255952380951,0.08303571428571428,0.08214285714285716,0.04285714285714286,0.06517857142857142
seq,raw,F,ndcg_at_3,0.07127226255724689,0.05481418600029345,0.08805257522490441,0.08658119670141469,0.05273439593721365,0.07450119503311232
seq,raw,F,ndcg_at_5,0.06699559031836379,0.052674005821086195,0.0813895908479418,0.07651950416751391,0.048491060976204974,0.0759762058113725
seq,raw,F,ndcg_at_10,0.050649687613168105,0.03754472693016813,0.06364258043137751,0.05775842881549888,0.038363841852140305,0.05582679217186515
seq,raw,G,average_precision,0.07579624806630315,0.05773657621391913,0.09444198133206817,0.09764628582946697,0.06655761533003626,0.06318484303940622
seq,raw,G,trapezoidal_pr_auc,0.07707447701476833,0.0587058559166285,0.09606969699225923,0.09986540478417741,0.06773534669387993,0.06362267956624763
seq,raw,G,roc_auc,0.03582635009310986,0.02331645716945995,0.048705918296089355,0.05210544692737429,0.03237779329608938,0.02299581005586592
seq,raw,G,recall_at_fpr_1pct,0.057083333333333326,0.03708333333333333,0.07874999999999999,0.07125,0.04125,0.058750000000000004
seq,raw,G,brier,0.0026421154360359573,0.0022907547336467604,0.00300928288809497,0.0022417459566953747,0.002789722529682389,0.002894877821730108
seq,raw,G,log_loss,0.023535216579374085,0.019436533662328462,0.027726691274257868,0.008965192239369538,0.02300669365900726,0.03863376383974546
seq,raw,G,precision,0.12152777777777775,0.07847222222222222,0.16527777777777775,0.0,0.2645833333333333,0.1
seq,raw,G,recall,0.011666666666666665,0.007083333333333334,0.016666666666666666,0.0,0.03,0.005
seq,raw,G,f1,0.020674524750611708,0.012674728652989525,0.029361187574502776,0.0,0.0524997647280256,0.009523809523809523
seq,raw,G,specificity,-0.00013966480446927498,-0.0002327746741154583,-4.655493482309166e-05,0.0,-0.00041899441340782496,0.0
seq,raw,G,balanced_accuracy,0.0057635009310986985,0.0034601955307262578,0.008286778398510244,0.0,0.014790502793296093,0.0025000000000000022
seq,raw,G,mcc,0.034743654974824977,0.022242786366753864,0.047218389736854285,0.0,0.08244103465822676,0.021789930266248158
seq,raw,G,map,0.06610519736347671,0.05106281714990433,0.08172766877779199,0.07852005839127611,0.054647364118853584,0.06514816958030044
seq,raw,G,mrr,0.06954664117477921,0.05255755861088708,0.08643169089648924,0.08813113907948343,0.05480436841526404,0.06570441602959015
seq,raw,G,recall_at_1,0.058630952380952374,0.04166666666666666,0.07648809523809523,0.07499999999999998,0.04330357142857143,0.05758928571428572
seq,raw,G,recall_at_3,0.08467261904761907,0.06338913690476189,0.10624999999999998,0.09866071428571428,0.07008928571428572,0.08526785714285716
seq,raw,G,recall_at_5,0.06696428571428571,0.04479166666666667,0.08898809523809524,0.08392857142857144,0.05669642857142858,0.06026785714285715
seq,raw,G,recall_at_10,0.039732142857142855,0.022321428571428572,0.05744047619047618,0.046428571428571416,0.047767857142857154,0.024999999999999988
seq,raw,G,ndcg_at_1,0.07708333333333334,0.05476190476190477,0.10029761904761902,0.09821428571428573,0.05892857142857142,0.07410714285714287
seq,raw,G,ndcg_at_3,0.07988413474725346,0.06096621377993163,0.09910454883799778,0.09453078415762725,0.06475385248896065,0.08036776759517247
seq,raw,G,ndcg_at_5,0.07255031640415488,0.05562778292681016,0.08975148949597345,0.08916431262141969,0.058881417180400686,0.06960521941064428
seq,raw,G,ndcg_at_10,0.06259856319058492,0.047828899161630925,0.07754264263422524,0.07520158393199072,0.055581423231960615,0.0570126824078034
seq,raw,final_all,average_precision,0.287723386667942,0.2680795169071112,0.3078064453231468,0.2833549620739067,0.2845285370759786,0.29528666085394056
seq,raw,final_all,trapezoidal_pr_auc,0.27467323460895904,0.25428885027971204,0.2953094185689783,0.27070339948082095,0.2706957296216439,0.28262057472441227
seq,raw,final_all,roc_auc,0.7461235257603973,0.7319963337988826,0.7600738477653634,0.740798417132216,0.7467178770949718,0.7508542830540041
seq,raw,final_all,recall_at_fpr_1pct,0.1677777777777778,0.15055555555555553,0.18583333333333335,0.17000000000000007,0.15916666666666662,0.17416666666666666
seq,raw,final_all,brier,0.04693262166771447,0.04645309570372277,0.04741474514028951,0.048001475431475565,0.04534234743795545,0.04745404213371239
seq,raw,final_all,log_loss,0.22432948161749966,0.21906870116525853,0.22958498425964413,0.24388497263350867,0.19443858743574302,0.23466488478324737
seq,raw,final_all,precision,0.22037037037037033,0.17962962962962964,0.2606597222222221,0.0,0.5944444444444443,0.06666666666666667
seq,raw,final_all,recall,0.020000000000000007,0.015555555555555557,0.02445138888888879,0.0,0.056666666666666685,0.003333333333333333
seq,raw,final_all,f1,0.03594223811615114,0.02834139793378923,0.043890058713428284,0.0,0.10147750799924707,0.006349206349206349
seq,raw,final_all,specificity,0.999643078833023,0.9994878957169466,0.9997827436374925,0.9999999999999998,0.998929236499069,0.9999999999999998
seq,raw,final_all,balanced_accuracy,0.5098215394165114,0.5076148355058969,0.5121128375232774,0.4999999999999999,0.5277979515828679,0.5016666666666665
seq,raw,final_all,mcc,0.06163465084968253,0.049693459493632505,0.07368677981101392,0.0,0.1703773323715488,0.014526620177498773
seq,raw,final_all,map,0.43500005558300053,0.4188455144706874,0.4502054500901296,0.42710162408671987,0.43547490426451363,0.4424236383977682
seq,raw,final_all,mrr,0.4832332475782031,0.466563717558095,0.49888435894568667,0.4772118932694373,0.48254887191836787,0.4899389775468041
seq,raw,final_all,recall_at_1,0.2467261904761905,0.2311483134920635,0.2624007936507937,0.2431547619047619,0.24494047619047626,0.2520833333333333
seq,raw,final_all,recall_at_3,0.4479166666666666,0.4287648809523808,0.4668675595238095,0.43720238095238095,0.4523809523809523,0.4541666666666666
seq,raw,final_all,recall_at_5,0.5620039682539683,0.5417658730158731,0.5817460317460316,0.5520833333333331,0.5690476190476191,0.5648809523809526
seq,raw,final_all,recall_at_10,0.7284722222222221,0.7087276785714285,0.7483134920634918,0.7181547619047617,0.7247023809523809,0.7425595238095236
seq,raw,final_all,ndcg_at_1,0.3382936507936507,0.31924603174603167,0.3563541666666666,0.33392857142857146,0.33511904761904726,0.3458333333333333
seq,raw,final_all,ndcg_at_3,0.395760366055757,0.3774193039600139,0.41316390967878835,0.3871214913231957,0.39771330020071965,0.40244630664335573
seq,raw,final_all,ndcg_at_5,0.4469072706302501,0.4288231442271844,0.4637082894911902,0.4385586655750463,0.44996136987005075,0.4522017764456532
seq,raw,final_all,ndcg_at_10,0.5057701727408582,0.48893791602133363,0.5220656298539633,0.4971492916021066,0.5050693716139515,0.5150918550065167
seq,stage-cal,O,average_precision,0.2700292419300721,0.2511614527777319,0.2888462458078546,0.2549036625414478,0.2685886901854539,0.2865953730633145
seq,stage-cal,O,trapezoidal_pr_auc,0.25685200454007534,0.23731799944266618,0.27626473708397387,0.24164082029058168,0.2550014077755431,0.2739137855541013
seq,stage-cal,O,roc_auc,0.7387930633147112,0.7239308950186218,0.7541540677374301,0.7321648044692737,0.7408275139664803,0.7433868715083797
seq,stage-cal,O,recall_at_fpr_1pct,0.15250000000000002,0.13625,0.1695833333333334,0.13875000000000007,0.14499999999999996,0.17375000000000002
seq,stage-cal,O,brier,0.04574572249141095,0.04510330934490168,0.0463805383603892,0.04629294311459757,0.0458089626128138,0.045135261746821476
seq,stage-cal,O,log_loss,0.18418684095933316,0.1809353865694475,0.1874079801721818,0.18649576965165335,0.18422796072010506,0.18183679250624107
seq,stage-cal,O,precision,0.5904166666666666,0.4969409722222222,0.6813888888888889,0.5995833333333331,0.6174999999999999,0.5541666666666666
seq,stage-cal,O,recall,0.05958333333333333,0.04958333333333334,0.06999999999999999,0.06749999999999998,0.065,0.04625000000000001
seq,stage-cal,O,f1,0.1060385640929119,0.08884318142606189,0.12370761080706733,0.11808455674760024,0.11564848919196744,0.08438264633916806
seq,stage-cal,O,specificity,0.9985102420856609,0.998021415270019,0.9989525139664807,0.9980446927374299,0.9981843575418992,0.9993016759776534
seq,stage-cal,O,balanced_accuracy,0.5290467877094972,0.5239885649441341,0.5342539571694599,0.532772346368715,0.5315921787709499,0.5227758379888268
seq,stage-cal,O,mcc,0.17324239064732794,0.14508371243330992,0.20100253150218794,0.18320202996683457,0.18600900245098995,0.15051613952415932
seq,stage-cal,O,map,0.4165969439595041,0.4008984787679673,0.43151578734427853,0.4043011192372539,0.4162782583859788,0.4292114542552796
seq,stage-cal,O,mrr,0.464312817922839,0.4476551966261046,0.4800322481306455,0.4542998179494505,0.4656745580241437,0.4729640777949228
seq,stage-cal,O,recall_at_1,0.22946428571428576,0.2139880952380953,0.24464285714285708,0.2183035714285714,0.2267857142857143,0.24330357142857148
seq,stage-cal,O,recall_at_3,0.422172619047619,0.4026748511904762,0.4409226190476191,0.40982142857142856,0.42544642857142845,0.4312499999999999
seq,stage-cal,O,recall_at_5,0.5438988095238094,0.5224702380952382,0.5648809523809524,0.5419642857142857,0.5535714285714285,0.5361607142857143
seq,stage-cal,O,recall_at_10,0.7183035714285714,0.6973177083333334,0.7395870535714287,0.7080357142857142,0.7160714285714284,0.7308035714285714
seq,stage-cal,O,ndcg_at_1,0.31696428571428575,0.29851190476190476,0.3351190476190476,0.3026785714285714,0.31428571428571433,0.3339285714285714
seq,stage-cal,O,ndcg_at_3,0.37258194149931523,0.3549738935653454,0.3892573013412887,0.35974807817016524,0.3736513810424337,0.3843463652853466
seq,stage-cal,O,ndcg_at_5,0.4269501291547269,0.40922891789987204,0.44388977055853185,0.41868007636366367,0.43087249970236263,0.4312978113981544
seq,stage-cal,O,ndcg_at_10,0.48864563963736735,0.47192536211892483,0.5050765884033703,0.4772047404659041,0.488479779572948,0.50025239887325
seq,stage-cal,N,average_precision,0.31511600873015055,0.29288785160095315,0.33819376263232775,0.3293951107884795,0.2967601187812428,0.31919279662072925
seq,stage-cal,N,trapezoidal_pr_auc,0.3021610733236103,0.27946813671833204,0.325626656538564,0.3173051190629758,0.2829905912889916,0.30618750961886343
seq,stage-cal,N,roc_auc,0.7586871508379888,0.743328212290503,0.7736877618715086,0.7623847765363129,0.7484706703910613,0.765206005586592
seq,stage-cal,N,recall_at_fpr_1pct,0.18666666666666668,0.16541666666666668,0.20876041666666656,0.20500000000000007,0.16875,0.18625
seq,stage-cal,N,brier,0.043996613519311,0.043320482778427295,0.0446587880362332,0.04363562642774504,0.04465582984561064,0.04369838428457734
seq,stage-cal,N,log_loss,0.176481018229367,0.17316150281683526,0.17982138387155755,0.17493784810171598,0.17885173530795168,0.17565347127843325
seq,stage-cal,N,precision,0.6019444444444444,0.5272222222222224,0.6754201388888891,0.7208333333333333,0.3504166666666667,0.7345833333333333
seq,stage-cal,N,recall,0.06958333333333332,0.05833333333333333,0.08208333333333333,0.0825,0.04,0.08624999999999995
seq,stage-cal,N,f1,0.12117199708504052,0.10267916078486733,0.1413451786136568,0.14505552418595893,0.06918675889328066,0.149273708175882
seq,stage-cal,N,specificity,0.9986964618249533,0.9982541899441344,0.9991154562383616,0.9986033519553071,0.9992318435754189,0.9982541899441338
seq,stage-cal,N,balanced_accuracy,0.5341398975791434,0.5284566748137804,0.5403447683891993,0.540551675977654,0.5196159217877094,0.5422520949720668
seq,stage-cal,N,mcc,0.18870166130904517,0.16365065133628065,0.2147453477458878,0.22770072947912084,0.1074621718389173,0.23094208260909732
seq,stage-cal,N,map,0.46693788871969666,0.4489236680543416,0.4846098123307455,0.47288426575004544,0.4500850165364432,0.4778443838726013
seq,stage-cal,N,mrr,0.5140358749274534,0.4953269637029965,0.5322029295539621,0.5250829196323149,0.4883083454573571,0.5287163596926884
seq,stage-cal,N,recall_at_1,0.2752976190476191,0.2572879464285714,0.2931547619047618,0.2892857142857143,0.2549107142857143,0.2816964285714286
seq,stage-cal,N,recall_at_3,0.4916666666666667,0.47008928571428577,0.5138392857142857,0.4933035714285716,0.47455357142857135,0.5071428571428571
seq,stage-cal,N,recall_at_5,0.5980654761904761,0.5748511904761908,0.6214285714285714,0.5950892857142857,0.5776785714285714,0.6214285714285713
seq,stage-cal,N,recall_at_10,0.7380952380952381,0.7171093749999999,0.7587834821428571,0.732142857142857,0.725,0.7571428571428573
seq,stage-cal,N,ndcg_at_1,0.3726190476190476,0.3505877976190476,0.394345238095238,0.39017857142857154,0.3464285714285715,0.38125
seq,stage-cal,N,ndcg_at_3,0.43541357398151725,0.41501878015491184,0.455568706739821,0.44183369474018513,0.41613328911097724,0.44827373809338944
seq,stage-cal,N,ndcg_at_5,0.483300507829253,0.4638390108978842,0.5025359161194288,0.487785538619808,0.46224865261726367,0.4998673322506873
seq,stage-cal,N,ndcg_at_10,0.5328319354872579,0.5145680714322862,0.5511342806513728,0.5364066176017952,0.5141771114018344,0.5479120774581443
seq,stage-cal,Z,average_precision,0.32311167614368197,0.29749970479083065,0.35103924414671933,0.3402575611388246,0.31640823085702796,0.3126692364351934
seq,stage-cal,Z,trapezoidal_pr_auc,0.31031569474672654,0.28385348214480993,0.3391085139325638,0.32882855786129966,0.3020843733138454,0.30003415306503456
seq,stage-cal,Z,roc_auc,0.760784450651769,0.7442154329608938,0.7771254073556798,0.7580656424581006,0.7584986033519553,0.7657891061452515
seq,stage-cal,Z,recall_at_fpr_1pct,0.19833333333333333,0.1716666666666667,0.22666666666666663,0.2325,0.1875,0.175
seq,stage-cal,Z,brier,0.04374279414224739,0.04292183056165504,0.04452407046294541,0.043370019719768935,0.04368991011562527,0.044168452591347974
seq,stage-cal,Z,log_loss,0.1755666542536117,0.17173070447992794,0.17931198061247333,0.17449626994852593,0.17594292884823884,0.17626076396407037
seq,stage-cal,Z,precision,0.6891666666666666,0.5880555555555557,0.7877986111111112,0.7,0.6008333333333333,0.7666666666666667
seq,stage-cal,Z,recall,0.07416666666666667,0.059166666666666645,0.08999999999999997,0.08000000000000002,0.075,0.06750000000000002
seq,stage-cal,Z,f1,0.1303722630026978,0.10520766123972648,0.15621855903758075,0.140918501788067,0.12884970826275177,0.12134857895727462
seq,stage-cal,Z,specificity,0.9987430167597765,0.9982309124767228,0.9992085661080079,0.9988826815642458,0.9984636871508379,0.9988826815642458
seq,stage-cal,Z,balanced_accuracy,0.5364548417132217,0.5289077048417131,0.5442824138733705,0.539441340782123,0.5367318435754189,0.5331913407821232
seq,stage-cal,Z,mcc,0.20859938682698234,0.17399756629558238,0.2425253785690898,0.2217548600835134,0.19313441341158644,0.21090888698584723
seq,stage-cal,Z,map,0.4718062788299937,0.4498014681430503,0.4938709109024051,0.4727026337856522,0.4738681960215832,0.4688480066827457
seq,stage-cal,Z,mrr,0.521074106888931,0.4982749311209974,0.5442965792103882,0.5230360439094105,0.5162974997068157,0.5238887770505664
seq,stage-cal,Z,recall_at_1,0.28125,0.2580357142857143,0.30446428571428563,0.2928571428571428,0.28125,0.26964285714285713
seq,stage-cal,Z,recall_at_3,0.4994047619047619,0.47351190476190486,0.525595238095238,0.49196428571428574,0.50625,0.5
seq,stage-cal,Z,recall_at_5,0.5982142857142856,0.5714211309523808,0.6244047619047617,0.5723214285714285,0.5999999999999999,0.6223214285714286
seq,stage-cal,Z,recall_at_10,0.7488095238095238,0.7247023809523808,0.7720238095238094,0.7383928571428573,0.7419642857142856,0.7660714285714285
seq,stage-cal,Z,ndcg_at_1,0.38095238095238093,0.3523809523809523,0.41011904761904755,0.39642857142857146,0.3767857142857142,0.36964285714285716
seq,stage-cal,Z,ndcg_at_3,0.44211721516864083,0.4175760781561476,0.46688966795290104,0.4418683176292565,0.4458371385172918,0.43864618935937427
seq,stage-cal,Z,ndcg_at_5,0.48682155358129653,0.4630732769194155,0.5105796541595415,0.47831584399781113,0.4881391102054276,0.49400970654065085
seq,stage-cal,Z,ndcg_at_10,0.5400192389478402,0.5178415387641148,0.5617570628428057,0.5370383938745115,0.5382485556959586,0.5447707672730505
seq,stage-cal,F_first,average_precision,0.047139395186227666,0.02542431809464734,0.06953702589993217,0.06064832885587933,0.03990850222741549,0.04086135447538818
seq,stage-cal,F_first,trapezoidal_pr_auc,0.04584222772685239,0.023223179571712996,0.06922448989702844,0.059450236520804244,0.03869190585699184,0.03938454080276106
seq,stage-cal,F_first,roc_auc,0.03196229050279329,0.015167481378026067,0.04844326117318433,0.027611731843575425,0.026557262569832395,0.041717877094972045
seq,stage-cal,F_first,recall_at_fpr_1pct,0.0325,0.007500000000000006,0.05749999999999999,0.047499999999999994,0.020000000000000004,0.030000000000000006
seq,stage-cal,F_first,brier,0.0020299491418553257,0.0013228897146999865,0.0027788176526381846,0.0026749183422418504,0.0014872928795527731,0.0019276362037713539
seq,stage-cal,F_first,log_loss,0.010412573005752138,0.006988186233407018,0.0138673460611061,0.011701505530629954,0.008619646880214032,0.010916566606412426
seq,stage-cal,F_first,precision,-0.06472222222222222,-0.1836111111111111,0.057506944444444354,-0.05416666666666666,-0.14916666666666667,0.009166666666666646
seq,stage-cal,F_first,recall,0.005000000000000001,-0.011666666666666665,0.021666666666666664,-0.025,-0.005000000000000001,0.045000000000000005
seq,stage-cal,F_first,f1,0.0058727431988301534,-0.022270747609878055,0.033758160800552085,-0.04136316581968756,-0.011464397920919666,0.07044579333709769
seq,stage-cal,F_first,specificity,-0.0003724394785847314,-0.0009776536312849232,0.00023277467411545846,0.0013966480446927498,-0.0009776536312849193,-0.0015363128491620247
seq,stage-cal,F_first,balanced_accuracy,0.002313780260707627,-0.006089385474860343,0.010601140595903152,-0.011801675977653626,-0.0029888268156424676,0.021731843575418974
seq,stage-cal,F_first,mcc,-0.004853160763643049,-0.04433310288130914,0.03576060456952275,-0.04175435071234059,-0.034239714624789405,0.06143458304620084
seq,stage-cal,F_first,map,0.06339324911674983,0.04180865957698348,0.08542323437599209,0.09250861475334068,0.044537088497250646,0.05313404409965815
seq,stage-cal,F_first,mrr,0.06209770635917964,0.038970258744691136,0.08499697079774826,0.09139127027936148,0.042794677875368545,0.05210717092280892
seq,stage-cal,F_first,recall_at_1,0.05565476190476191,0.03154761904761906,0.07916666666666666,0.0910714285714286,0.03660714285714286,0.03928571428571428
seq,stage-cal,F_first,recall_at_3,0.08392857142857145,0.055349702380952374,0.11339285714285716,0.12946428571428575,0.05892857142857144,0.06339285714285714
seq,stage-cal,F_first,recall_at_5,0.075,0.049702380952380956,0.10119047619047618,0.08124999999999999,0.05267857142857142,0.09107142857142857
seq,stage-cal,F_first,recall_at_10,0.03124999999999999,0.0047619047619047545,0.05773809523809523,0.019642857142857136,0.024999999999999984,0.04910714285714285
seq,stage-cal,F_first,ndcg_at_1,0.06785714285714284,0.0380952380952381,0.09821428571428568,0.10357142857142854,0.05,0.05
seq,stage-cal,F_first,ndcg_at_3,0.0763415764803264,0.05024328463010783,0.10299189068228316,0.11779849788878545,0.0531471458593322,0.058079085692861535
seq,stage-cal,F_first,ndcg_at_5,0.07302951770039605,0.05066471479052679,0.09650923373841165,0.09701163110350927,0.05209902466477192,0.06997789733290694
seq,stage-cal,F_first,ndcg_at_10,0.05703636218257605,0.0356959724838052,0.07797029635634514,0.07591857722515273,0.04071432238436301,0.05447618693821241
seq,stage-cal,F,average_precision,0.04868546310561347,0.03291725246247039,0.06478222094154132,0.0590717492371519,0.03745825778862012,0.04952638229106836
seq,stage-cal,F,trapezoidal_pr_auc,0.04861986897385212,0.032332112647287116,0.06529262397880153,0.05914230433218489,0.037451008260721085,0.04926629432865037
seq,stage-cal,F,roc_auc,0.02602420856610799,0.014715898510242055,0.03707899790502793,0.02481145251396649,0.023861731843575394,0.029399441340782095
seq,stage-cal,F,recall_at_fpr_1pct,0.0325,0.01583333333333333,0.049999999999999996,0.03749999999999999,0.020000000000000004,0.040000000000000015
seq,stage-cal,F,brier,0.0019600140744790856,0.0014374362829050024,0.002493325014352507,0.0023370844808716464,0.001374980975213259,0.0021679767673523516
seq,stage-cal,F,log_loss,0.009325032971395805,0.00700968922369961,0.011666865274551878,0.010130868763885064,0.008407571025528134,0.009436659124774215
seq,stage-cal,F,precision,-0.04666666666666667,-0.13305555555555554,0.041673611111111016,0.021250000000000005,-0.27541666666666664,0.11416666666666664
seq,stage-cal,F,recall,0.007916666666666669,-0.002083333333333335,0.018343749999999857,-0.007499999999999998,-0.025000000000000005,0.05625000000000001
seq,stage-cal,F,f1,0.01082539923844271,-0.0061914215615302545,0.02882428254113034,-0.011208968567664217,-0.045702742909264654,0.089387909192257
seq,stage-cal,F,specificity,2.3277467411547697e-05,-0.0005353817504655497,0.0005586592178771009,0.000977653631284925,0.0006284916201117375,-0.0015363128491620193
seq,stage-cal,F,balanced_accuracy,0.0039699720670390995,-0.001136231378026077,0.009376425744878951,-0.0032611731843575327,-0.012185754189944144,0.027356843575418975
seq,stage-cal,F,mcc,0.003657259312583256,-0.022747764782878408,0.03053354453388667,-0.003788583270212095,-0.07856374371894152,0.09332410492690339
seq,stage-cal,F,map,0.058623918325651815,0.04524776195930431,0.07238756533817292,0.07080831250416565,0.043526634314177214,0.06153680815861258
seq,stage-cal,F,mrr,0.05715121529336886,0.04266056257817478,0.07171755395232292,0.07071150155342926,0.038022940502589815,0.06271920382408751
seq,stage-cal,F,recall_at_1,0.052083333333333336,0.036160714285714296,0.067563244047619,0.06875,0.03526785714285714,0.05223214285714286
seq,stage-cal,F,recall_at_3,0.07752976190476192,0.05922619047619048,0.09613467261904755,0.09196428571428573,0.059375,0.08125000000000003
seq,stage-cal,F,recall_at_5,0.06711309523809524,0.04791666666666667,0.08601190476190478,0.06830357142857142,0.048214285714285716,0.08482142857142859
seq,stage-cal,F,recall_at_10,0.021130952380952375,0.0028236607142857065,0.03839285714285714,0.01383928571428571,0.021428571428571415,0.028124999999999994
seq,stage-cal,F,ndcg_at_1,0.06339285714285714,0.04374255952380951,0.08303571428571428,0.08214285714285716,0.04285714285714286,0.06517857142857142
seq,stage-cal,F,ndcg_at_3,0.07127226255724689,0.05481418600029345,0.08805257522490441,0.08658119670141469,0.05273439593721365,0.07450119503311232
seq,stage-cal,F,ndcg_at_5,0.06699559031836379,0.052674005821086195,0.0813895908479418,0.07651950416751391,0.048491060976204974,0.0759762058113725
seq,stage-cal,F,ndcg_at_10,0.050649687613168105,0.03754472693016813,0.06364258043137751,0.05775842881549888,0.038363841852140305,0.05582679217186515
seq,stage-cal,G,average_precision,0.07579624806630315,0.05773657621391913,0.09444198133206817,0.09764628582946697,0.06655761533003626,0.06318484303940622
seq,stage-cal,G,trapezoidal_pr_auc,0.07707447701476833,0.0587058559166285,0.09606969699225923,0.09986540478417741,0.06773534669387993,0.06362267956624763
seq,stage-cal,G,roc_auc,0.03582635009310986,0.02331645716945995,0.048705918296089355,0.05210544692737429,0.03237779329608938,0.02299581005586592
seq,stage-cal,G,recall_at_fpr_1pct,0.057083333333333326,0.03708333333333333,0.07874999999999999,0.07125,0.04125,0.058750000000000004
seq,stage-cal,G,brier,0.002817151117607722,0.002211203027754759,0.003444264353647222,0.0035055686440207965,0.002549352213261683,0.002396532495540687
seq,stage-cal,G,log_loss,0.011445813435205695,0.00863031453676003,0.014301327525823271,0.015475283845751928,0.010067186011447116,0.008794970448418041
seq,stage-cal,G,precision,0.2051388888888889,0.11596874999999998,0.28958333333333336,0.3145833333333333,0.08791666666666667,0.2129166666666667
seq,stage-cal,G,recall,0.03208333333333334,0.021666666666666657,0.042916666666666665,0.047500000000000014,0.018749999999999992,0.03000000000000001
seq,stage-cal,G,f1,0.05417676164415294,0.03680472772999948,0.07197162538548409,0.08190264445699227,0.030834169453734673,0.049793471021731886
seq,stage-cal,G,specificity,0.0003724394785847305,-0.00018621973929236843,0.0009543761638733716,-0.0005586592178770999,0.0009776536312849221,0.0006983240223463694
seq,stage-cal,G,balanced_accuracy,0.016227886405959038,0.010892370810055873,0.021690264199255124,0.023470670391061457,0.009863826815642457,0.01534916201117319
seq,stage-cal,G,mcc,0.07846586691378449,0.053534868861022114,0.1031216308954127,0.11773122821895635,0.042100653447493204,0.07556571907490392
seq,stage-cal,G,map,0.06610519736347671,0.05106281714990433,0.08172766877779199,0.07852005839127611,0.054647364118853584,0.06514816958030044
seq,stage-cal,G,mrr,0.06954664117477921,0.05255755861088708,0.08643169089648924,0.08813113907948343,0.05480436841526404,0.06570441602959015
seq,stage-cal,G,recall_at_1,0.058630952380952374,0.04166666666666666,0.07648809523809523,0.07499999999999998,0.04330357142857143,0.05758928571428572
seq,stage-cal,G,recall_at_3,0.08467261904761907,0.06338913690476189,0.10624999999999998,0.09866071428571428,0.07008928571428572,0.08526785714285716
seq,stage-cal,G,recall_at_5,0.06696428571428571,0.04479166666666667,0.08898809523809524,0.08392857142857144,0.05669642857142858,0.06026785714285715
seq,stage-cal,G,recall_at_10,0.039732142857142855,0.022321428571428572,0.05744047619047618,0.046428571428571416,0.047767857142857154,0.024999999999999988
seq,stage-cal,G,ndcg_at_1,0.07708333333333334,0.05476190476190477,0.10029761904761902,0.09821428571428573,0.05892857142857142,0.07410714285714287
seq,stage-cal,G,ndcg_at_3,0.07988413474725346,0.06096621377993163,0.09910454883799778,0.09453078415762725,0.06475385248896065,0.08036776759517247
seq,stage-cal,G,ndcg_at_5,0.07255031640415488,0.05562778292681016,0.08975148949597345,0.08916431262141969,0.058881417180400686,0.06960521941064428
seq,stage-cal,G,ndcg_at_10,0.06259856319058492,0.047828899161630925,0.07754264263422524,0.07520158393199072,0.055581423231960615,0.0570126824078034
seq,stage-cal,final_all,average_precision,0.287723386667942,0.2680795169071112,0.3078064453231468,0.2833549620739067,0.2845285370759786,0.29528666085394056
seq,stage-cal,final_all,trapezoidal_pr_auc,0.27467323460895904,0.25428885027971204,0.2953094185689783,0.27070339948082095,0.2706957296216439,0.28262057472441227
seq,stage-cal,final_all,roc_auc,0.7461235257603973,0.7319963337988826,0.7600738477653634,0.740798417132216,0.7467178770949718,0.7508542830540041
seq,stage-cal,final_all,recall_at_fpr_1pct,0.1677777777777778,0.15055555555555553,0.18583333333333335,0.17000000000000007,0.15916666666666662,0.17416666666666666
seq,stage-cal,final_all,brier,0.04507807970835643,0.04442133036286724,0.04571198807106266,0.045318635316321354,0.04510261178041762,0.04481299202833031
seq,stage-cal,final_all,log_loss,0.1813134453907593,0.17811593045625912,0.18450754996993288,0.18249593641727743,0.18146628342948296,0.17997811632551747
seq,stage-cal,final_all,precision,0.6233333333333334,0.5446203703703704,0.7015763888888888,0.6330555555555556,0.6119444444444444,0.6250000000000002
seq,stage-cal,final_all,recall,0.06444444444444447,0.054722222222222214,0.0747222222222222,0.0716666666666667,0.06833333333333334,0.05333333333333336
seq,stage-cal,final_all,f1,0.1141497970628405,0.09763361696676916,0.1313955222716092,0.12569587176108912,0.12004889554889549,0.09670462387853684
seq,stage-cal,final_all,specificity,0.9985878336436996,0.998215394165115,0.9989292364990691,0.9983240223463687,0.9982774674115458,0.9991620111731845
seq,stage-cal,final_all,balanced_accuracy,0.531516139044072,0.5266623991309745,0.5366561724084419,0.5349953445065176,0.5333054003724396,0.5262476722532586
seq,stage-cal,final_all,mcc,0.1850280560405461,0.15985794856945046,0.21061385633575785,0.19605297333906088,0.18838413943785548,0.17064705534472197
seq,stage-cal,final_all,map,0.43500005558300053,0.4188455144706874,0.4502054500901296,0.42710162408671987,0.43547490426451363,0.4424236383977682
seq,stage-cal,final_all,mrr,0.4832332475782031,0.466563717558095,0.49888435894568667,0.4772118932694373,0.48254887191836787,0.4899389775468041
seq,stage-cal,final_all,recall_at_1,0.2467261904761905,0.2311483134920635,0.2624007936507937,0.2431547619047619,0.24494047619047626,0.2520833333333333
seq,stage-cal,final_all,recall_at_3,0.4479166666666666,0.4287648809523808,0.4668675595238095,0.43720238095238095,0.4523809523809523,0.4541666666666666
seq,stage-cal,final_all,recall_at_5,0.5620039682539683,0.5417658730158731,0.5817460317460316,0.5520833333333331,0.5690476190476191,0.5648809523809526
seq,stage-cal,final_all,recall_at_10,0.7284722222222221,0.7087276785714285,0.7483134920634918,0.7181547619047617,0.7247023809523809,0.7425595238095236
seq,stage-cal,final_all,ndcg_at_1,0.3382936507936507,0.31924603174603167,0.3563541666666666,0.33392857142857146,0.33511904761904726,0.3458333333333333
seq,stage-cal,final_all,ndcg_at_3,0.395760366055757,0.3774193039600139,0.41316390967878835,0.3871214913231957,0.39771330020071965,0.40244630664335573
seq,stage-cal,final_all,ndcg_at_5,0.4469072706302501,0.4288231442271844,0.4637082894911902,0.4385586655750463,0.44996136987005075,0.4522017764456532
seq,stage-cal,final_all,ndcg_at_10,0.5057701727408582,0.48893791602133363,0.5220656298539633,0.4971492916021066,0.5050693716139515,0.5150918550065167
seq,first-cal,O,average_precision,0.2700292419300721,0.2511614527777319,0.2888462458078546,0.2549036625414478,0.2685886901854539,0.2865953730633145
seq,first-cal,O,trapezoidal_pr_auc,0.25685200454007534,0.23731799944266618,0.27626473708397387,0.24164082029058168,0.2550014077755431,0.2739137855541013
seq,first-cal,O,roc_auc,0.7387930633147112,0.7239308950186218,0.7541540677374301,0.7321648044692737,0.7408275139664803,0.7433868715083797
seq,first-cal,O,recall_at_fpr_1pct,0.15250000000000002,0.13625,0.1695833333333334,0.13875000000000007,0.14499999999999996,0.17375000000000002
seq,first-cal,O,brier,0.05793586800405742,0.0563293037370728,0.05955541347196508,0.04739073473799076,0.05723780385907092,0.06917906541511057
seq,first-cal,O,log_loss,0.22079948471833288,0.2157586550523736,0.2257791664922675,0.19061495951733745,0.2210440808456223,0.2507394137920389
seq,first-cal,O,precision,0.367506826426508,0.3344439355174502,0.4003179831753975,0.4694246031746031,0.3605926307309822,0.2725032453739387
seq,first-cal,O,recall,0.2166666666666667,0.19791666666666674,0.23375000000000007,0.11750000000000002,0.2100000000000001,0.3225
seq,first-cal,O,f1,0.24383540168877307,0.2244108862481213,0.2623458217722201,0.18325441734053055,0.2577648921811898,0.29048689554459894
seq,first-cal,O,specificity,0.9733938547486035,0.9708798882681563,0.9757681564245811,0.9923184357541899,0.9777932960893857,0.9500698324022345
seq,first-cal,O,balanced_accuracy,0.595030260707635,0.5861391992551211,0.6036027991154562,0.554909217877095,0.5938966480446926,0.6362849162011174
seq,first-cal,O,mcc,0.23401181046816666,0.21280153915934688,0.25459052220629014,0.21054122317853413,0.24058850058582876,0.2509057076401371
seq,first-cal,O,map,0.4165969439595041,0.4008984787679673,0.43151578734427853,0.4043011192372539,0.4162782583859788,0.4292114542552796
seq,first-cal,O,mrr,0.464312817922839,0.4476551966261046,0.4800322481306455,0.4542998179494505,0.4656745580241437,0.4729640777949228
seq,first-cal,O,recall_at_1,0.22946428571428576,0.2139880952380953,0.24464285714285708,0.2183035714285714,0.2267857142857143,0.24330357142857148
seq,first-cal,O,recall_at_3,0.422172619047619,0.4026748511904762,0.4409226190476191,0.40982142857142856,0.42544642857142845,0.4312499999999999
seq,first-cal,O,recall_at_5,0.5438988095238094,0.5224702380952382,0.5648809523809524,0.5419642857142857,0.5535714285714285,0.5361607142857143
seq,first-cal,O,recall_at_10,0.7183035714285714,0.6973177083333334,0.7395870535714287,0.7080357142857142,0.7160714285714284,0.7308035714285714
seq,first-cal,O,ndcg_at_1,0.31696428571428575,0.29851190476190476,0.3351190476190476,0.3026785714285714,0.31428571428571433,0.3339285714285714
seq,first-cal,O,ndcg_at_3,0.37258194149931523,0.3549738935653454,0.3892573013412887,0.35974807817016524,0.3736513810424337,0.3843463652853466
seq,first-cal,O,ndcg_at_5,0.4269501291547269,0.40922891789987204,0.44388977055853185,0.41868007636366367,0.43087249970236263,0.4312978113981544
seq,first-cal,O,ndcg_at_10,0.48864563963736735,0.47192536211892483,0.5050765884033703,0.4772047404659041,0.488479779572948,0.50025239887325
seq,first-cal,N,average_precision,0.31511600873015055,0.29288785160095315,0.33819376263232775,0.3293951107884795,0.2967601187812428,0.31919279662072925
seq,first-cal,N,trapezoidal_pr_auc,0.3021610733236103,0.27946813671833204,0.325626656538564,0.3173051190629758,0.2829905912889916,0.30618750961886343
seq,first-cal,N,roc_auc,0.7586871508379888,0.743328212290503,0.7736877618715086,0.7623847765363129,0.7484706703910613,0.765206005586592
seq,first-cal,N,recall_at_fpr_1pct,0.18666666666666668,0.16541666666666668,0.20876041666666656,0.20500000000000007,0.16875,0.18625
seq,first-cal,N,brier,0.049740266809725854,0.04860183491029748,0.05088868360291994,0.04392040223751008,0.04812537285115475,0.05717502534051273
seq,first-cal,N,log_loss,0.19457656167666593,0.19060549304367683,0.19860556611473512,0.17678112166979515,0.19118025065780003,0.21576831270240254
seq,first-cal,N,precision,0.5158183243243842,0.4641552894420689,0.563141977437693,0.6695238095238096,0.49708537785743667,0.3808457855919064
seq,first-cal,N,recall,0.20541666666666666,0.18790625000000002,0.2237500000000001,0.14000000000000004,0.1549999999999999,0.32125
seq,first-cal,N,f1,0.25378688781918496,0.23255824947968393,0.27499734576791796,0.22662212827430223,0.2035367897884762,0.33120174539477654
seq,first-cal,N,specificity,0.9834264432029795,0.9816806331471138,0.9850558659217875,0.9962290502793294,0.9885474860335194,0.9655027932960893
seq,first-cal,N,balanced_accuracy,0.5944215549348232,0.5854526303538176,0.6036571520018622,0.5681145251396648,0.57177374301676,0.6433763966480448
seq,first-cal,N,mcc,0.2734608810534657,0.24853017810402273,0.298223615773747,0.28597691415624177,0.22818664085893392,0.3062190881452215
seq,first-cal,N,map,0.46693788871969666,0.4489236680543416,0.4846098123307455,0.47288426575004544,0.4500850165364432,0.4778443838726013
seq,first-cal,N,mrr,0.5140358749274534,0.4953269637029965,0.5322029295539621,0.5250829196323149,0.4883083454573571,0.5287163596926884
seq,first-cal,N,recall_at_1,0.2752976190476191,0.2572879464285714,0.2931547619047618,0.2892857142857143,0.2549107142857143,0.2816964285714286
seq,first-cal,N,recall_at_3,0.4916666666666667,0.47008928571428577,0.5138392857142857,0.4933035714285716,0.47455357142857135,0.5071428571428571
seq,first-cal,N,recall_at_5,0.5980654761904761,0.5748511904761908,0.6214285714285714,0.5950892857142857,0.5776785714285714,0.6214285714285713
seq,first-cal,N,recall_at_10,0.7380952380952381,0.7171093749999999,0.7587834821428571,0.732142857142857,0.725,0.7571428571428573
seq,first-cal,N,ndcg_at_1,0.3726190476190476,0.3505877976190476,0.394345238095238,0.39017857142857154,0.3464285714285715,0.38125
seq,first-cal,N,ndcg_at_3,0.43541357398151725,0.41501878015491184,0.455568706739821,0.44183369474018513,0.41613328911097724,0.44827373809338944
seq,first-cal,N,ndcg_at_5,0.483300507829253,0.4638390108978842,0.5025359161194288,0.487785538619808,0.46224865261726367,0.4998673322506873
seq,first-cal,N,ndcg_at_10,0.5328319354872579,0.5145680714322862,0.5511342806513728,0.5364066176017952,0.5141771114018344,0.5479120774581443
seq,first-cal,Z,average_precision,0.32311167614368197,0.29749970479083065,0.35103924414671933,0.3402575611388246,0.31640823085702796,0.3126692364351934
seq,first-cal,Z,trapezoidal_pr_auc,0.31031569474672654,0.28385348214480993,0.3391085139325638,0.32882855786129966,0.3020843733138454,0.30003415306503456
seq,first-cal,Z,roc_auc,0.760784450651769,0.7442154329608938,0.7771254073556798,0.7580656424581006,0.7584986033519553,0.7657891061452515
seq,first-cal,Z,recall_at_fpr_1pct,0.19833333333333333,0.1716666666666667,0.22666666666666663,0.2325,0.1875,0.175
seq,first-cal,Z,brier,0.05278526484937973,0.05124207812957095,0.05428300836470298,0.04328911468416586,0.05084331002922656,0.06422336983474676
seq,first-cal,Z,log_loss,0.20368595658861977,0.1985827180054905,0.2086927488831093,0.17573969532156425,0.199911378454061,0.235406795990234
seq,first-cal,Z,precision,0.46797624587071845,0.41284536632801455,0.5181262804399847,0.704047619047619,0.39417075571487337,0.30571036284966324
seq,first-cal,Z,recall,0.26333333333333336,0.23750000000000007,0.28916666666666674,0.1625,0.2525,0.375
seq,first-cal,Z,f1,0.2985851244545122,0.27064847230322747,0.32536900970148025,0.2602203818725558,0.3034409802921793,0.33209401119880155
seq,first-cal,Z,specificity,0.9753724394785847,0.9725325884543763,0.9779329608938547,0.9965083798882681,0.9787709497206704,0.9508379888268157
seq,first-cal,Z,balanced_accuracy,0.6193528864059591,0.606787069366853,0.6322217178770951,0.579504189944134,0.6156354748603353,0.6629189944134077
seq,first-cal,Z,mcc,0.2999316560591948,0.26843795077394506,0.32968315428592754,0.32085560231813043,0.2839445533604795,0.2949948124989744
seq,first-cal,Z,map,0.4718062788299937,0.4498014681430503,0.4938709109024051,0.4727026337856522,0.4738681960215832,0.4688480066827457
seq,first-cal,Z,mrr,0.521074106888931,0.4982749311209974,0.5442965792103882,0.5230360439094105,0.5162974997068157,0.5238887770505664
seq,first-cal,Z,recall_at_1,0.28125,0.2580357142857143,0.30446428571428563,0.2928571428571428,0.28125,0.26964285714285713
seq,first-cal,Z,recall_at_3,0.4994047619047619,0.47351190476190486,0.525595238095238,0.49196428571428574,0.50625,0.5
seq,first-cal,Z,recall_at_5,0.5982142857142856,0.5714211309523808,0.6244047619047617,0.5723214285714285,0.5999999999999999,0.6223214285714286
seq,first-cal,Z,recall_at_10,0.7488095238095238,0.7247023809523808,0.7720238095238094,0.7383928571428573,0.7419642857142856,0.7660714285714285
seq,first-cal,Z,ndcg_at_1,0.38095238095238093,0.3523809523809523,0.41011904761904755,0.39642857142857146,0.3767857142857142,0.36964285714285716
seq,first-cal,Z,ndcg_at_3,0.44211721516864083,0.4175760781561476,0.46688966795290104,0.4418683176292565,0.4458371385172918,0.43864618935937427
seq,first-cal,Z,ndcg_at_5,0.48682155358129653,0.4630732769194155,0.5105796541595415,0.47831584399781113,0.4881391102054276,0.49400970654065085
seq,first-cal,Z,ndcg_at_10,0.5400192389478402,0.5178415387641148,0.5617570628428057,0.5370383938745115,0.5382485556959586,0.5447707672730505
seq,first-cal,F_first,average_precision,0.047139395186227666,0.02542431809464734,0.06953702589993217,0.06064832885587933,0.03990850222741549,0.04086135447538818
seq,first-cal,F_first,trapezoidal_pr_auc,0.04584222772685239,0.023223179571712996,0.06922448989702844,0.059450236520804244,0.03869190585699184,0.03938454080276106
seq,first-cal,F_first,roc_auc,0.03196229050279329,0.015167481378026067,0.04844326117318433,0.027611731843575425,0.026557262569832395,0.041717877094972045
seq,first-cal,F_first,recall_at_fpr_1pct,0.0325,0.007500000000000006,0.05749999999999999,0.047499999999999994,0.020000000000000004,0.030000000000000006
seq,first-cal,F_first,brier,0.013290348838746718,0.011606281966622887,0.015111308280806597,0.0038786711650207993,0.010904070498138713,0.025088304853080647
seq,first-cal,F_first,log_loss,0.04506088168168045,0.03958748719148302,0.05074315836366429,0.016304277477971602,0.04022997109995119,0.07864839646711855
seq,first-cal,F_first,precision,0.1942519542311787,0.08785262469863168,0.29224465808311595,0.046507936507936484,0.19341305280546767,0.34283487338013197
seq,first-cal,F_first,recall,-0.15166666666666664,-0.17666666666666667,-0.12666666666666668,-0.07,-0.15249999999999997,-0.2325
seq,first-cal,F_first,f1,-0.12910166219343874,-0.1614954015318246,-0.0988980116818827,-0.10045240066585644,-0.1509466285769752,-0.13590595733748456
seq,first-cal,F_first,specificity,0.022858472998137796,0.02043761638733705,0.025418994413407812,0.007402234636871519,0.01815642458100557,0.043016759776536295
seq,first-cal,F_first,balanced_accuracy,-0.06440409683426444,-0.0769536196461825,-0.05204486731843577,-0.03129888268156422,-0.06717178770949724,-0.09474162011173184
seq,first-cal,F_first,mcc,-0.05727397965856761,-0.0971172822087285,-0.019257531099495722,-0.06745062392654225,-0.07250013139426306,-0.03187118365489753
seq,first-cal,F_first,map,0.06339324911674983,0.04180865957698348,0.08542323437599209,0.09250861475334068,0.044537088497250646,0.05313404409965815
seq,first-cal,F_first,mrr,0.06209770635917964,0.038970258744691136,0.08499697079774826,0.09139127027936148,0.042794677875368545,0.05210717092280892
seq,first-cal,F_first,recall_at_1,0.05565476190476191,0.03154761904761906,0.07916666666666666,0.0910714285714286,0.03660714285714286,0.03928571428571428
seq,first-cal,F_first,recall_at_3,0.08392857142857145,0.055349702380952374,0.11339285714285716,0.12946428571428575,0.05892857142857144,0.06339285714285714
seq,first-cal,F_first,recall_at_5,0.075,0.049702380952380956,0.10119047619047618,0.08124999999999999,0.05267857142857142,0.09107142857142857
seq,first-cal,F_first,recall_at_10,0.03124999999999999,0.0047619047619047545,0.05773809523809523,0.019642857142857136,0.024999999999999984,0.04910714285714285
seq,first-cal,F_first,ndcg_at_1,0.06785714285714284,0.0380952380952381,0.09821428571428568,0.10357142857142854,0.05,0.05
seq,first-cal,F_first,ndcg_at_3,0.0763415764803264,0.05024328463010783,0.10299189068228316,0.11779849788878545,0.0531471458593322,0.058079085692861535
seq,first-cal,F_first,ndcg_at_5,0.07302951770039605,0.05066471479052679,0.09650923373841165,0.09701163110350927,0.05209902466477192,0.06997789733290694
seq,first-cal,F_first,ndcg_at_10,0.05703636218257605,0.0356959724838052,0.07797029635634514,0.07591857722515273,0.04071432238436301,0.05447618693821241
seq,first-cal,F,average_precision,0.04868546310561347,0.03291725246247039,0.06478222094154132,0.0590717492371519,0.03745825778862012,0.04952638229106836
seq,first-cal,F,trapezoidal_pr_auc,0.04861986897385212,0.032332112647287116,0.06529262397880153,0.05914230433218489,0.037451008260721085,0.04926629432865037
seq,first-cal,F,roc_auc,0.02602420856610799,0.014715898510242055,0.03707899790502793,0.02481145251396649,0.023861731843575394,0.029399441340782095
seq,first-cal,F,recall_at_fpr_1pct,0.0325,0.01583333333333333,0.049999999999999996,0.03749999999999999,0.020000000000000004,0.040000000000000015
seq,first-cal,F,brier,0.012927741650276867,0.01154343945118039,0.014332421181669986,0.0031096477766982588,0.012910979172726905,0.022762598001405437
seq,first-cal,F,log_loss,0.041901784450600575,0.03785883873172956,0.0459720640808847,0.013028497748009196,0.044879400604107986,0.06779745499968454
seq,first-cal,F,precision,0.20071226385140575,0.1370905248316841,0.2630867097343556,0.09807539682539682,0.23149070260235116,0.27257069212646934
seq,first-cal,F,recall,-0.10791666666666666,-0.12458333333333334,-0.09125,-0.04125,-0.14374999999999993,-0.13875
seq,first-cal,F,f1,-0.07846297834918124,-0.09731476603689516,-0.059997680319161695,-0.054463165114495705,-0.14076475101800517,-0.040161018915042854
seq,first-cal,F,specificity,0.021554934823091246,0.019483240223463684,0.023743598696461813,0.00551675977653632,0.020181564245810045,0.03896648044692737
seq,first-cal,F,balanced_accuracy,-0.043180865921787714,-0.05132396415270018,-0.034932117085661074,-0.01786662011173183,-0.061784217877094996,-0.049891759776536315
seq,first-cal,F,mcc,-0.018019075379941126,-0.040341508430360856,0.00413518635962176,-0.022401962922099235,-0.05782384280821027,0.026168579590486123
seq,first-cal,F,map,0.058623918325651815,0.04524776195930431,0.07238756533817292,0.07080831250416565,0.043526634314177214,0.06153680815861258
seq,first-cal,F,mrr,0.05715121529336886,0.04266056257817478,0.07171755395232292,0.07071150155342926,0.038022940502589815,0.06271920382408751
seq,first-cal,F,recall_at_1,0.052083333333333336,0.036160714285714296,0.067563244047619,0.06875,0.03526785714285714,0.05223214285714286
seq,first-cal,F,recall_at_3,0.07752976190476192,0.05922619047619048,0.09613467261904755,0.09196428571428573,0.059375,0.08125000000000003
seq,first-cal,F,recall_at_5,0.06711309523809524,0.04791666666666667,0.08601190476190478,0.06830357142857142,0.048214285714285716,0.08482142857142859
seq,first-cal,F,recall_at_10,0.021130952380952375,0.0028236607142857065,0.03839285714285714,0.01383928571428571,0.021428571428571415,0.028124999999999994
seq,first-cal,F,ndcg_at_1,0.06339285714285714,0.04374255952380951,0.08303571428571428,0.08214285714285716,0.04285714285714286,0.06517857142857142
seq,first-cal,F,ndcg_at_3,0.07127226255724689,0.05481418600029345,0.08805257522490441,0.08658119670141469,0.05273439593721365,0.07450119503311232
seq,first-cal,F,ndcg_at_5,0.06699559031836379,0.052674005821086195,0.0813895908479418,0.07651950416751391,0.048491060976204974,0.0759762058113725
seq,first-cal,F,ndcg_at_10,0.050649687613168105,0.03754472693016813,0.06364258043137751,0.05775842881549888,0.038363841852140305,0.05582679217186515
seq,first-cal,G,average_precision,0.07579624806630315,0.05773657621391913,0.09444198133206817,0.09764628582946697,0.06655761533003626,0.06318484303940622
seq,first-cal,G,trapezoidal_pr_auc,0.07707447701476833,0.0587058559166285,0.09606969699225923,0.09986540478417741,0.06773534669387993,0.06362267956624763
seq,first-cal,G,roc_auc,0.03582635009310986,0.02331645716945995,0.048705918296089355,0.05210544692737429,0.03237779329608938,0.02299581005586592
seq,first-cal,G,recall_at_fpr_1pct,0.057083333333333326,0.03708333333333333,0.07874999999999999,0.07125,0.04125,0.058750000000000004
seq,first-cal,G,brier,-0.00038753893013288775,-0.001509393198122095,0.0007235703644610956,0.004364996369869448,-0.0007750013330332631,-0.004752611827234848
seq,first-cal,G,log_loss,0.0014246974933694704,-0.0022273387870757762,0.005015525153401079,0.017689496238248937,-0.0011704166439890854,-0.01224498711415144
seq,first-cal,G,precision,0.127169413322532,0.05965006302018787,0.19351981063873488,0.29452380952380947,0.11000204452410334,-0.023017614080316797
seq,first-cal,G,recall,0.12708333333333333,0.11125000000000002,0.14333333333333337,0.08499999999999999,0.11624999999999996,0.18
seq,first-cal,G,f1,0.1422768758254699,0.124664400843094,0.160871621831441,0.13610494417016156,0.13460434904081817,0.1561213342654301
seq,first-cal,G,specificity,-0.009473929236499068,-0.011103351955307263,-0.007821229050279334,-0.0006284916201117402,-0.008659217877094958,-0.019134078212290503
seq,first-cal,G,balanced_accuracy,0.05880470204841712,0.050830976489757915,0.06712907355679701,0.04218575418994412,0.0537953910614525,0.08043296089385474
seq,first-cal,G,mcc,0.13356554696757914,0.11167343062475625,0.15648268228537351,0.16201580544334634,0.12016508680697487,0.11851574865241621
seq,first-cal,G,map,0.06610519736347671,0.05106281714990433,0.08172766877779199,0.07852005839127611,0.054647364118853584,0.06514816958030044
seq,first-cal,G,mrr,0.06954664117477921,0.05255755861088708,0.08643169089648924,0.08813113907948343,0.05480436841526404,0.06570441602959015
seq,first-cal,G,recall_at_1,0.058630952380952374,0.04166666666666666,0.07648809523809523,0.07499999999999998,0.04330357142857143,0.05758928571428572
seq,first-cal,G,recall_at_3,0.08467261904761907,0.06338913690476189,0.10624999999999998,0.09866071428571428,0.07008928571428572,0.08526785714285716
seq,first-cal,G,recall_at_5,0.06696428571428571,0.04479166666666667,0.08898809523809524,0.08392857142857144,0.05669642857142858,0.06026785714285715
seq,first-cal,G,recall_at_10,0.039732142857142855,0.022321428571428572,0.05744047619047618,0.046428571428571416,0.047767857142857154,0.024999999999999988
seq,first-cal,G,ndcg_at_1,0.07708333333333334,0.05476190476190477,0.10029761904761902,0.09821428571428573,0.05892857142857142,0.07410714285714287
seq,first-cal,G,ndcg_at_3,0.07988413474725346,0.06096621377993163,0.09910454883799778,0.09453078415762725,0.06475385248896065,0.08036776759517247
seq,first-cal,G,ndcg_at_5,0.07255031640415488,0.05562778292681016,0.08975148949597345,0.08916431262141969,0.058881417180400686,0.06960521941064428
seq,first-cal,G,ndcg_at_10,0.06259856319058492,0.047828899161630925,0.07754264263422524,0.07520158393199072,0.055581423231960615,0.0570126824078034
seq,first-cal,final_all,average_precision,0.287723386667942,0.2680795169071112,0.3078064453231468,0.2833549620739067,0.2845285370759786,0.29528666085394056
seq,first-cal,final_all,trapezoidal_pr_auc,0.27467323460895904,0.25428885027971204,0.2953094185689783,0.27070339948082095,0.2706957296216439,0.28262057472441227
seq,first-cal,final_all,roc_auc,0.7461235257603973,0.7319963337988826,0.7600738477653634,0.740798417132216,0.7467178770949718,0.7508542830540041
seq,first-cal,final_all,recall_at_fpr_1pct,0.1677777777777778,0.15055555555555553,0.18583333333333335,0.17000000000000007,0.15916666666666662,0.17416666666666666
seq,first-cal,final_all,brier,0.05621900028583151,0.05484348632323081,0.05757244185720247,0.04602352805338245,0.055106305915789466,0.06752716688832261
seq,first-cal,final_all,log_loss,0.2150949753417618,0.21054008824700324,0.21960836787247967,0.18565653811874638,0.21399984671510186,0.24562854119143718
seq,first-cal,final_all,precision,0.40099663290791154,0.3691209250878461,0.4330535130486828,0.5476322751322752,0.3717853390589457,0.2835722845325136
seq,first-cal,final_all,recall,0.23222222222222225,0.21583333333333327,0.24861111111111103,0.13250000000000003,0.22416666666666668,0.3400000000000001
seq,first-cal,final_all,f1,0.2620853092773528,0.24377688866321653,0.2800249878225234,0.20890973885120565,0.27299025488485296,0.3043559340959997
seq,first-cal,final_all,specificity,0.9740533829919306,0.9720511328367473,0.9759931719428926,0.9937150837988822,0.9781191806331476,0.9503258845437615
seq,first-cal,final_all,balanced_accuracy,0.6031378026070762,0.5949442698634388,0.6112495732464308,0.5631075418994412,0.6011429236499068,0.6451629422718806
seq,first-cal,final_all,mcc,0.2559850923318427,0.23562750850940622,0.2760748594440211,0.24731268289173278,0.255040518177379,0.2656020759264163
seq,first-cal,final_all,map,0.43500005558300053,0.4188455144706874,0.4502054500901296,0.42710162408671987,0.43547490426451363,0.4424236383977682
seq,first-cal,final_all,mrr,0.4832332475782031,0.466563717558095,0.49888435894568667,0.4772118932694373,0.48254887191836787,0.4899389775468041
seq,first-cal,final_all,recall_at_1,0.2467261904761905,0.2311483134920635,0.2624007936507937,0.2431547619047619,0.24494047619047626,0.2520833333333333
seq,first-cal,final_all,recall_at_3,0.4479166666666666,0.4287648809523808,0.4668675595238095,0.43720238095238095,0.4523809523809523,0.4541666666666666
seq,first-cal,final_all,recall_at_5,0.5620039682539683,0.5417658730158731,0.5817460317460316,0.5520833333333331,0.5690476190476191,0.5648809523809526
seq,first-cal,final_all,recall_at_10,0.7284722222222221,0.7087276785714285,0.7483134920634918,0.7181547619047617,0.7247023809523809,0.7425595238095236
seq,first-cal,final_all,ndcg_at_1,0.3382936507936507,0.31924603174603167,0.3563541666666666,0.33392857142857146,0.33511904761904726,0.3458333333333333
seq,first-cal,final_all,ndcg_at_3,0.395760366055757,0.3774193039600139,0.41316390967878835,0.3871214913231957,0.39771330020071965,0.40244630664335573
seq,first-cal,final_all,ndcg_at_5,0.4469072706302501,0.4288231442271844,0.4637082894911902,0.4385586655750463,0.44996136987005075,0.4522017764456532
seq,first-cal,final_all,ndcg_at_10,0.5057701727408582,0.48893791602133363,0.5220656298539633,0.4971492916021066,0.5050693716139515,0.5150918550065167
seq,primary,O,average_precision,0.2700292419300721,0.2511614527777319,0.2888462458078546,0.2549036625414478,0.2685886901854539,0.2865953730633145
seq,primary,O,trapezoidal_pr_auc,0.25685200454007534,0.23731799944266618,0.27626473708397387,0.24164082029058168,0.2550014077755431,0.2739137855541013
seq,primary,O,roc_auc,0.7387930633147112,0.7239308950186218,0.7541540677374301,0.7321648044692737,0.7408275139664803,0.7433868715083797
seq,primary,O,recall_at_fpr_1pct,0.15250000000000002,0.13625,0.1695833333333334,0.13875000000000007,0.14499999999999996,0.17375000000000002
seq,primary,O,brier,0.04574572249141095,0.04510330934490168,0.0463805383603892,0.04629294311459757,0.0458089626128138,0.045135261746821476
seq,primary,O,log_loss,0.18418684095933316,0.1809353865694475,0.1874079801721818,0.18649576965165335,0.18422796072010506,0.18183679250624107
seq,primary,O,precision,0.5904166666666666,0.4969409722222222,0.6813888888888889,0.5995833333333331,0.6174999999999999,0.5541666666666666
seq,primary,O,recall,0.05958333333333333,0.04958333333333334,0.06999999999999999,0.06749999999999998,0.065,0.04625000000000001
seq,primary,O,f1,0.1060385640929119,0.08884318142606189,0.12370761080706733,0.11808455674760024,0.11564848919196744,0.08438264633916806
seq,primary,O,specificity,0.9985102420856609,0.998021415270019,0.9989525139664807,0.9980446927374299,0.9981843575418992,0.9993016759776534
seq,primary,O,balanced_accuracy,0.5290467877094972,0.5239885649441341,0.5342539571694599,0.532772346368715,0.5315921787709499,0.5227758379888268
seq,primary,O,mcc,0.17324239064732794,0.14508371243330992,0.20100253150218794,0.18320202996683457,0.18600900245098995,0.15051613952415932
seq,primary,O,map,0.4165969439595041,0.4008984787679673,0.43151578734427853,0.4043011192372539,0.4162782583859788,0.4292114542552796
seq,primary,O,mrr,0.464312817922839,0.4476551966261046,0.4800322481306455,0.4542998179494505,0.4656745580241437,0.4729640777949228
seq,primary,O,recall_at_1,0.22946428571428576,0.2139880952380953,0.24464285714285708,0.2183035714285714,0.2267857142857143,0.24330357142857148
seq,primary,O,recall_at_3,0.422172619047619,0.4026748511904762,0.4409226190476191,0.40982142857142856,0.42544642857142845,0.4312499999999999
seq,primary,O,recall_at_5,0.5438988095238094,0.5224702380952382,0.5648809523809524,0.5419642857142857,0.5535714285714285,0.5361607142857143
seq,primary,O,recall_at_10,0.7183035714285714,0.6973177083333334,0.7395870535714287,0.7080357142857142,0.7160714285714284,0.7308035714285714
seq,primary,O,ndcg_at_1,0.31696428571428575,0.29851190476190476,0.3351190476190476,0.3026785714285714,0.31428571428571433,0.3339285714285714
seq,primary,O,ndcg_at_3,0.37258194149931523,0.3549738935653454,0.3892573013412887,0.35974807817016524,0.3736513810424337,0.3843463652853466
seq,primary,O,ndcg_at_5,0.4269501291547269,0.40922891789987204,0.44388977055853185,0.41868007636366367,0.43087249970236263,0.4312978113981544
seq,primary,O,ndcg_at_10,0.48864563963736735,0.47192536211892483,0.5050765884033703,0.4772047404659041,0.488479779572948,0.50025239887325
seq,primary,N,average_precision,0.31511600873015055,0.29288785160095315,0.33819376263232775,0.3293951107884795,0.2967601187812428,0.31919279662072925
seq,primary,N,trapezoidal_pr_auc,0.3021610733236103,0.27946813671833204,0.325626656538564,0.3173051190629758,0.2829905912889916,0.30618750961886343
seq,primary,N,roc_auc,0.7586871508379888,0.743328212290503,0.7736877618715086,0.7623847765363129,0.7484706703910613,0.765206005586592
seq,primary,N,recall_at_fpr_1pct,0.18666666666666668,0.16541666666666668,0.20876041666666656,0.20500000000000007,0.16875,0.18625
seq,primary,N,brier,0.043996613519311,0.043320482778427295,0.0446587880362332,0.04363562642774504,0.04465582984561064,0.04369838428457734
seq,primary,N,log_loss,0.176481018229367,0.17316150281683526,0.17982138387155755,0.17493784810171598,0.17885173530795168,0.17565347127843325
seq,primary,N,precision,0.6019444444444444,0.5272222222222224,0.6754201388888891,0.7208333333333333,0.3504166666666667,0.7345833333333333
seq,primary,N,recall,0.06958333333333332,0.05833333333333333,0.08208333333333333,0.0825,0.04,0.08624999999999995
seq,primary,N,f1,0.12117199708504052,0.10267916078486733,0.1413451786136568,0.14505552418595893,0.06918675889328066,0.149273708175882
seq,primary,N,specificity,0.9986964618249533,0.9982541899441344,0.9991154562383616,0.9986033519553071,0.9992318435754189,0.9982541899441338
seq,primary,N,balanced_accuracy,0.5341398975791434,0.5284566748137804,0.5403447683891993,0.540551675977654,0.5196159217877094,0.5422520949720668
seq,primary,N,mcc,0.18870166130904517,0.16365065133628065,0.2147453477458878,0.22770072947912084,0.1074621718389173,0.23094208260909732
seq,primary,N,map,0.46693788871969666,0.4489236680543416,0.4846098123307455,0.47288426575004544,0.4500850165364432,0.4778443838726013
seq,primary,N,mrr,0.5140358749274534,0.4953269637029965,0.5322029295539621,0.5250829196323149,0.4883083454573571,0.5287163596926884
seq,primary,N,recall_at_1,0.2752976190476191,0.2572879464285714,0.2931547619047618,0.2892857142857143,0.2549107142857143,0.2816964285714286
seq,primary,N,recall_at_3,0.4916666666666667,0.47008928571428577,0.5138392857142857,0.4933035714285716,0.47455357142857135,0.5071428571428571
seq,primary,N,recall_at_5,0.5980654761904761,0.5748511904761908,0.6214285714285714,0.5950892857142857,0.5776785714285714,0.6214285714285713
seq,primary,N,recall_at_10,0.7380952380952381,0.7171093749999999,0.7587834821428571,0.732142857142857,0.725,0.7571428571428573
seq,primary,N,ndcg_at_1,0.3726190476190476,0.3505877976190476,0.394345238095238,0.39017857142857154,0.3464285714285715,0.38125
seq,primary,N,ndcg_at_3,0.43541357398151725,0.41501878015491184,0.455568706739821,0.44183369474018513,0.41613328911097724,0.44827373809338944
seq,primary,N,ndcg_at_5,0.483300507829253,0.4638390108978842,0.5025359161194288,0.487785538619808,0.46224865261726367,0.4998673322506873
seq,primary,N,ndcg_at_10,0.5328319354872579,0.5145680714322862,0.5511342806513728,0.5364066176017952,0.5141771114018344,0.5479120774581443
seq,primary,Z,average_precision,0.32311167614368197,0.29749970479083065,0.35103924414671933,0.3402575611388246,0.31640823085702796,0.3126692364351934
seq,primary,Z,trapezoidal_pr_auc,0.31031569474672654,0.28385348214480993,0.3391085139325638,0.32882855786129966,0.3020843733138454,0.30003415306503456
seq,primary,Z,roc_auc,0.760784450651769,0.7442154329608938,0.7771254073556798,0.7580656424581006,0.7584986033519553,0.7657891061452515
seq,primary,Z,recall_at_fpr_1pct,0.19833333333333333,0.1716666666666667,0.22666666666666663,0.2325,0.1875,0.175
seq,primary,Z,brier,0.04374279414224739,0.04292183056165504,0.04452407046294541,0.043370019719768935,0.04368991011562527,0.044168452591347974
seq,primary,Z,log_loss,0.1755666542536117,0.17173070447992794,0.17931198061247333,0.17449626994852593,0.17594292884823884,0.17626076396407037
seq,primary,Z,precision,0.6891666666666666,0.5880555555555557,0.7877986111111112,0.7,0.6008333333333333,0.7666666666666667
seq,primary,Z,recall,0.07416666666666667,0.059166666666666645,0.08999999999999997,0.08000000000000002,0.075,0.06750000000000002
seq,primary,Z,f1,0.1303722630026978,0.10520766123972648,0.15621855903758075,0.140918501788067,0.12884970826275177,0.12134857895727462
seq,primary,Z,specificity,0.9987430167597765,0.9982309124767228,0.9992085661080079,0.9988826815642458,0.9984636871508379,0.9988826815642458
seq,primary,Z,balanced_accuracy,0.5364548417132217,0.5289077048417131,0.5442824138733705,0.539441340782123,0.5367318435754189,0.5331913407821232
seq,primary,Z,mcc,0.20859938682698234,0.17399756629558238,0.2425253785690898,0.2217548600835134,0.19313441341158644,0.21090888698584723
seq,primary,Z,map,0.4718062788299937,0.4498014681430503,0.4938709109024051,0.4727026337856522,0.4738681960215832,0.4688480066827457
seq,primary,Z,mrr,0.521074106888931,0.4982749311209974,0.5442965792103882,0.5230360439094105,0.5162974997068157,0.5238887770505664
seq,primary,Z,recall_at_1,0.28125,0.2580357142857143,0.30446428571428563,0.2928571428571428,0.28125,0.26964285714285713
seq,primary,Z,recall_at_3,0.4994047619047619,0.47351190476190486,0.525595238095238,0.49196428571428574,0.50625,0.5
seq,primary,Z,recall_at_5,0.5982142857142856,0.5714211309523808,0.6244047619047617,0.5723214285714285,0.5999999999999999,0.6223214285714286
seq,primary,Z,recall_at_10,0.7488095238095238,0.7247023809523808,0.7720238095238094,0.7383928571428573,0.7419642857142856,0.7660714285714285
seq,primary,Z,ndcg_at_1,0.38095238095238093,0.3523809523809523,0.41011904761904755,0.39642857142857146,0.3767857142857142,0.36964285714285716
seq,primary,Z,ndcg_at_3,0.44211721516864083,0.4175760781561476,0.46688966795290104,0.4418683176292565,0.4458371385172918,0.43864618935937427
seq,primary,Z,ndcg_at_5,0.48682155358129653,0.4630732769194155,0.5105796541595415,0.47831584399781113,0.4881391102054276,0.49400970654065085
seq,primary,Z,ndcg_at_10,0.5400192389478402,0.5178415387641148,0.5617570628428057,0.5370383938745115,0.5382485556959586,0.5447707672730505
seq,primary,F_first,average_precision,0.047139395186227666,0.02542431809464734,0.06953702589993217,0.06064832885587933,0.03990850222741549,0.04086135447538818
seq,primary,F_first,trapezoidal_pr_auc,0.04584222772685239,0.023223179571712996,0.06922448989702844,0.059450236520804244,0.03869190585699184,0.03938454080276106
seq,primary,F_first,roc_auc,0.03196229050279329,0.015167481378026067,0.04844326117318433,0.027611731843575425,0.026557262569832395,0.041717877094972045
seq,primary,F_first,recall_at_fpr_1pct,0.0325,0.007500000000000006,0.05749999999999999,0.047499999999999994,0.020000000000000004,0.030000000000000006
seq,primary,F_first,brier,0.0020299491418553257,0.0013228897146999865,0.0027788176526381846,0.0026749183422418504,0.0014872928795527731,0.0019276362037713539
seq,primary,F_first,log_loss,0.010412573005752138,0.006988186233407018,0.0138673460611061,0.011701505530629954,0.008619646880214032,0.010916566606412426
seq,primary,F_first,precision,-0.06472222222222222,-0.1836111111111111,0.057506944444444354,-0.05416666666666666,-0.14916666666666667,0.009166666666666646
seq,primary,F_first,recall,0.005000000000000001,-0.011666666666666665,0.021666666666666664,-0.025,-0.005000000000000001,0.045000000000000005
seq,primary,F_first,f1,0.0058727431988301534,-0.022270747609878055,0.033758160800552085,-0.04136316581968756,-0.011464397920919666,0.07044579333709769
seq,primary,F_first,specificity,-0.0003724394785847314,-0.0009776536312849232,0.00023277467411545846,0.0013966480446927498,-0.0009776536312849193,-0.0015363128491620247
seq,primary,F_first,balanced_accuracy,0.002313780260707627,-0.006089385474860343,0.010601140595903152,-0.011801675977653626,-0.0029888268156424676,0.021731843575418974
seq,primary,F_first,mcc,-0.004853160763643049,-0.04433310288130914,0.03576060456952275,-0.04175435071234059,-0.034239714624789405,0.06143458304620084
seq,primary,F_first,map,0.06339324911674983,0.04180865957698348,0.08542323437599209,0.09250861475334068,0.044537088497250646,0.05313404409965815
seq,primary,F_first,mrr,0.06209770635917964,0.038970258744691136,0.08499697079774826,0.09139127027936148,0.042794677875368545,0.05210717092280892
seq,primary,F_first,recall_at_1,0.05565476190476191,0.03154761904761906,0.07916666666666666,0.0910714285714286,0.03660714285714286,0.03928571428571428
seq,primary,F_first,recall_at_3,0.08392857142857145,0.055349702380952374,0.11339285714285716,0.12946428571428575,0.05892857142857144,0.06339285714285714
seq,primary,F_first,recall_at_5,0.075,0.049702380952380956,0.10119047619047618,0.08124999999999999,0.05267857142857142,0.09107142857142857
seq,primary,F_first,recall_at_10,0.03124999999999999,0.0047619047619047545,0.05773809523809523,0.019642857142857136,0.024999999999999984,0.04910714285714285
seq,primary,F_first,ndcg_at_1,0.06785714285714284,0.0380952380952381,0.09821428571428568,0.10357142857142854,0.05,0.05
seq,primary,F_first,ndcg_at_3,0.0763415764803264,0.05024328463010783,0.10299189068228316,0.11779849788878545,0.0531471458593322,0.058079085692861535
seq,primary,F_first,ndcg_at_5,0.07302951770039605,0.05066471479052679,0.09650923373841165,0.09701163110350927,0.05209902466477192,0.06997789733290694
seq,primary,F_first,ndcg_at_10,0.05703636218257605,0.0356959724838052,0.07797029635634514,0.07591857722515273,0.04071432238436301,0.05447618693821241
seq,primary,F,average_precision,0.04868546310561347,0.03291725246247039,0.06478222094154132,0.0590717492371519,0.03745825778862012,0.04952638229106836
seq,primary,F,trapezoidal_pr_auc,0.04861986897385212,0.032332112647287116,0.06529262397880153,0.05914230433218489,0.037451008260721085,0.04926629432865037
seq,primary,F,roc_auc,0.02602420856610799,0.014715898510242055,0.03707899790502793,0.02481145251396649,0.023861731843575394,0.029399441340782095
seq,primary,F,recall_at_fpr_1pct,0.0325,0.01583333333333333,0.049999999999999996,0.03749999999999999,0.020000000000000004,0.040000000000000015
seq,primary,F,brier,0.0019600140744790856,0.0014374362829050024,0.002493325014352507,0.0023370844808716464,0.001374980975213259,0.0021679767673523516
seq,primary,F,log_loss,0.009325032971395805,0.00700968922369961,0.011666865274551878,0.010130868763885064,0.008407571025528134,0.009436659124774215
seq,primary,F,precision,-0.04666666666666667,-0.13305555555555554,0.041673611111111016,0.021250000000000005,-0.27541666666666664,0.11416666666666664
seq,primary,F,recall,0.007916666666666669,-0.002083333333333335,0.018343749999999857,-0.007499999999999998,-0.025000000000000005,0.05625000000000001
seq,primary,F,f1,0.01082539923844271,-0.0061914215615302545,0.02882428254113034,-0.011208968567664217,-0.045702742909264654,0.089387909192257
seq,primary,F,specificity,2.3277467411547697e-05,-0.0005353817504655497,0.0005586592178771009,0.000977653631284925,0.0006284916201117375,-0.0015363128491620193
seq,primary,F,balanced_accuracy,0.0039699720670390995,-0.001136231378026077,0.009376425744878951,-0.0032611731843575327,-0.012185754189944144,0.027356843575418975
seq,primary,F,mcc,0.003657259312583256,-0.022747764782878408,0.03053354453388667,-0.003788583270212095,-0.07856374371894152,0.09332410492690339
seq,primary,F,map,0.058623918325651815,0.04524776195930431,0.07238756533817292,0.07080831250416565,0.043526634314177214,0.06153680815861258
seq,primary,F,mrr,0.05715121529336886,0.04266056257817478,0.07171755395232292,0.07071150155342926,0.038022940502589815,0.06271920382408751
seq,primary,F,recall_at_1,0.052083333333333336,0.036160714285714296,0.067563244047619,0.06875,0.03526785714285714,0.05223214285714286
seq,primary,F,recall_at_3,0.07752976190476192,0.05922619047619048,0.09613467261904755,0.09196428571428573,0.059375,0.08125000000000003
seq,primary,F,recall_at_5,0.06711309523809524,0.04791666666666667,0.08601190476190478,0.06830357142857142,0.048214285714285716,0.08482142857142859
seq,primary,F,recall_at_10,0.021130952380952375,0.0028236607142857065,0.03839285714285714,0.01383928571428571,0.021428571428571415,0.028124999999999994
seq,primary,F,ndcg_at_1,0.06339285714285714,0.04374255952380951,0.08303571428571428,0.08214285714285716,0.04285714285714286,0.06517857142857142
seq,primary,F,ndcg_at_3,0.07127226255724689,0.05481418600029345,0.08805257522490441,0.08658119670141469,0.05273439593721365,0.07450119503311232
seq,primary,F,ndcg_at_5,0.06699559031836379,0.052674005821086195,0.0813895908479418,0.07651950416751391,0.048491060976204974,0.0759762058113725
seq,primary,F,ndcg_at_10,0.050649687613168105,0.03754472693016813,0.06364258043137751,0.05775842881549888,0.038363841852140305,0.05582679217186515
seq,primary,G,average_precision,0.07579624806630315,0.05773657621391913,0.09444198133206817,0.09764628582946697,0.06655761533003626,0.06318484303940622
seq,primary,G,trapezoidal_pr_auc,0.07707447701476833,0.0587058559166285,0.09606969699225923,0.09986540478417741,0.06773534669387993,0.06362267956624763
seq,primary,G,roc_auc,0.03582635009310986,0.02331645716945995,0.048705918296089355,0.05210544692737429,0.03237779329608938,0.02299581005586592
seq,primary,G,recall_at_fpr_1pct,0.057083333333333326,0.03708333333333333,0.07874999999999999,0.07125,0.04125,0.058750000000000004
seq,primary,G,brier,0.002817151117607722,0.002211203027754759,0.003444264353647222,0.0035055686440207965,0.002549352213261683,0.002396532495540687
seq,primary,G,log_loss,0.011445813435205695,0.00863031453676003,0.014301327525823271,0.015475283845751928,0.010067186011447116,0.008794970448418041
seq,primary,G,precision,0.2051388888888889,0.11596874999999998,0.28958333333333336,0.3145833333333333,0.08791666666666667,0.2129166666666667
seq,primary,G,recall,0.03208333333333334,0.021666666666666657,0.042916666666666665,0.047500000000000014,0.018749999999999992,0.03000000000000001
seq,primary,G,f1,0.05417676164415294,0.03680472772999948,0.07197162538548409,0.08190264445699227,0.030834169453734673,0.049793471021731886
seq,primary,G,specificity,0.0003724394785847305,-0.00018621973929236843,0.0009543761638733716,-0.0005586592178770999,0.0009776536312849221,0.0006983240223463694
seq,primary,G,balanced_accuracy,0.016227886405959038,0.010892370810055873,0.021690264199255124,0.023470670391061457,0.009863826815642457,0.01534916201117319
seq,primary,G,mcc,0.07846586691378449,0.053534868861022114,0.1031216308954127,0.11773122821895635,0.042100653447493204,0.07556571907490392
seq,primary,G,map,0.06610519736347671,0.05106281714990433,0.08172766877779199,0.07852005839127611,0.054647364118853584,0.06514816958030044
seq,primary,G,mrr,0.06954664117477921,0.05255755861088708,0.08643169089648924,0.08813113907948343,0.05480436841526404,0.06570441602959015
seq,primary,G,recall_at_1,0.058630952380952374,0.04166666666666666,0.07648809523809523,0.07499999999999998,0.04330357142857143,0.05758928571428572
seq,primary,G,recall_at_3,0.08467261904761907,0.06338913690476189,0.10624999999999998,0.09866071428571428,0.07008928571428572,0.08526785714285716
seq,primary,G,recall_at_5,0.06696428571428571,0.04479166666666667,0.08898809523809524,0.08392857142857144,0.05669642857142858,0.06026785714285715
seq,primary,G,recall_at_10,0.039732142857142855,0.022321428571428572,0.05744047619047618,0.046428571428571416,0.047767857142857154,0.024999999999999988
seq,primary,G,ndcg_at_1,0.07708333333333334,0.05476190476190477,0.10029761904761902,0.09821428571428573,0.05892857142857142,0.07410714285714287
seq,primary,G,ndcg_at_3,0.07988413474725346,0.06096621377993163,0.09910454883799778,0.09453078415762725,0.06475385248896065,0.08036776759517247
seq,primary,G,ndcg_at_5,0.07255031640415488,0.05562778292681016,0.08975148949597345,0.08916431262141969,0.058881417180400686,0.06960521941064428
seq,primary,G,ndcg_at_10,0.06259856319058492,0.047828899161630925,0.07754264263422524,0.07520158393199072,0.055581423231960615,0.0570126824078034
seq,primary,final_all,average_precision,0.287723386667942,0.2680795169071112,0.3078064453231468,0.2833549620739067,0.2845285370759786,0.29528666085394056
seq,primary,final_all,trapezoidal_pr_auc,0.27467323460895904,0.25428885027971204,0.2953094185689783,0.27070339948082095,0.2706957296216439,0.28262057472441227
seq,primary,final_all,roc_auc,0.7461235257603973,0.7319963337988826,0.7600738477653634,0.740798417132216,0.7467178770949718,0.7508542830540041
seq,primary,final_all,recall_at_fpr_1pct,0.1677777777777778,0.15055555555555553,0.18583333333333335,0.17000000000000007,0.15916666666666662,0.17416666666666666
seq,primary,final_all,brier,0.04507807970835643,0.04442133036286724,0.04571198807106266,0.045318635316321354,0.04510261178041762,0.04481299202833031
seq,primary,final_all,log_loss,0.1813134453907593,0.17811593045625912,0.18450754996993288,0.18249593641727743,0.18146628342948296,0.17997811632551747
seq,primary,final_all,precision,0.6233333333333334,0.5446203703703704,0.7015763888888888,0.6330555555555556,0.6119444444444444,0.6250000000000002
seq,primary,final_all,recall,0.06444444444444447,0.054722222222222214,0.0747222222222222,0.0716666666666667,0.06833333333333334,0.05333333333333336
seq,primary,final_all,f1,0.1141497970628405,0.09763361696676916,0.1313955222716092,0.12569587176108912,0.12004889554889549,0.09670462387853684
seq,primary,final_all,specificity,0.9985878336436996,0.998215394165115,0.9989292364990691,0.9983240223463687,0.9982774674115458,0.9991620111731845
seq,primary,final_all,balanced_accuracy,0.531516139044072,0.5266623991309745,0.5366561724084419,0.5349953445065176,0.5333054003724396,0.5262476722532586
seq,primary,final_all,mcc,0.1850280560405461,0.15985794856945046,0.21061385633575785,0.19605297333906088,0.18838413943785548,0.17064705534472197
seq,primary,final_all,map,0.43500005558300053,0.4188455144706874,0.4502054500901296,0.42710162408671987,0.43547490426451363,0.4424236383977682
seq,primary,final_all,mrr,0.4832332475782031,0.466563717558095,0.49888435894568667,0.4772118932694373,0.48254887191836787,0.4899389775468041
seq,primary,final_all,recall_at_1,0.2467261904761905,0.2311483134920635,0.2624007936507937,0.2431547619047619,0.24494047619047626,0.2520833333333333
seq,primary,final_all,recall_at_3,0.4479166666666666,0.4287648809523808,0.4668675595238095,0.43720238095238095,0.4523809523809523,0.4541666666666666
seq,primary,final_all,recall_at_5,0.5620039682539683,0.5417658730158731,0.5817460317460316,0.5520833333333331,0.5690476190476191,0.5648809523809526
seq,primary,final_all,recall_at_10,0.7284722222222221,0.7087276785714285,0.7483134920634918,0.7181547619047617,0.7247023809523809,0.7425595238095236
seq,primary,final_all,ndcg_at_1,0.3382936507936507,0.31924603174603167,0.3563541666666666,0.33392857142857146,0.33511904761904726,0.3458333333333333
seq,primary,final_all,ndcg_at_3,0.395760366055757,0.3774193039600139,0.41316390967878835,0.3871214913231957,0.39771330020071965,0.40244630664335573
seq,primary,final_all,ndcg_at_5,0.4469072706302501,0.4288231442271844,0.4637082894911902,0.4385586655750463,0.44996136987005075,0.4522017764456532
seq,primary,final_all,ndcg_at_10,0.5057701727408582,0.48893791602133363,0.5220656298539633,0.4971492916021066,0.5050693716139515,0.5150918550065167
er,raw,O,average_precision,0.23071474023398056,0.21248187405617514,0.25044460694389714,0.20504975281118482,0.2523786709112372,0.23471579697951972
er,raw,O,trapezoidal_pr_auc,0.21873292093508145,0.20003607251987632,0.2389688147567643,0.1918487527404235,0.2416113601311129,0.22273864993370793
er,raw,O,roc_auc,0.6988134310986965,0.683645789688082,0.7141423999068901,0.687852653631285,0.7144011871508379,0.6941864525139666
er,raw,O,recall_at_fpr_1pct,0.12416666666666669,0.10666666666666666,0.14291666666666666,0.09125000000000001,0.14750000000000002,0.13375000000000004
er,raw,O,brier,0.048574716641947825,0.048077499531004556,0.04905268996420727,0.04929691576086769,0.04788627622717372,0.048540957937802054
er,raw,O,log_loss,0.27519707093977847,0.2676693486154768,0.2828303602323721,0.28682675079149933,0.2552333902691818,0.2835310717586542
er,raw,O,precision,0.33749999999999997,0.24999999999999997,0.4291666666666667,0.225,0.425,0.3625
er,raw,O,recall,0.022500000000000006,0.016666666666666666,0.028749999999999994,0.01125,0.031250000000000014,0.025000000000000005
er,raw,O,f1,0.04182037768994292,0.030997788443440616,0.0531941699604743,0.02142857142857143,0.057603990212685884,0.04642857142857144
er,raw,O,specificity,0.9995810055865922,0.9993482309124774,0.9997672253258851,0.9997905027932962,0.9996508379888269,0.9993016759776536
er,raw,O,balanced_accuracy,0.5110405027932962,0.5081238361266296,0.5141422253258846,0.5055202513966479,0.5154504189944135,0.5121508379888269
er,raw,O,mcc,0.08220518503502043,0.06084258177761456,0.10462300672465293,0.04849882667647667,0.10926064444338605,0.08885608398519856
er,raw,O,map,0.37672347165231246,0.3586917437591795,0.3948070225850518,0.3622648745952953,0.3926704802773344,0.37523506008430757
er,raw,O,mrr,0.4262409403947151,0.4069547509729674,0.44512310178435316,0.41484937951676615,0.44015862948199,0.423714812185389
er,raw,O,recall_at_1,0.20401785714285717,0.18719866071428565,0.22098214285714282,0.1941964285714286,0.21830357142857149,0.19955357142857147
er,raw,O,recall_at_3,0.37901785714285713,0.35729166666666656,0.4013392857142855,0.36517857142857146,0.38973214285714286,0.3821428571428571
er,raw,O,recall_at_5,0.48616071428571433,0.46175595238095246,0.5108630952380953,0.46919642857142857,0.5156250000000001,0.4736607142857142
er,raw,O,recall_at_10,0.662202380952381,0.640174851190476,0.6840773809523809,0.6459821428571428,0.68125,0.659375
er,raw,O,ndcg_at_1,0.2806547619047619,0.2601190476190477,0.3008928571428571,0.26785714285714285,0.2946428571428572,0.2794642857142857
er,raw,O,ndcg_at_3,0.33197903541563617,0.31178824103226255,0.3519403220627831,0.3179112230466213,0.34450597366761404,0.333519909532673
er,raw,O,ndcg_at_5,0.38045561898092295,0.35953500928654,0.40119703470567153,0.364754045225551,0.40127852876352305,0.3753342829536948
er,raw,O,ndcg_at_10,0.4425166119380593,0.4232994354103161,0.46173069209038403,0.42735329121316123,0.460337645785364,0.43985889881565265
er,raw,N,average_precision,0.25740421058136836,0.2387384636323608,0.2769096822562697,0.2436060970001166,0.2661798017039924,0.262426733039996
er,raw,N,trapezoidal_pr_auc,0.2442514281955038,0.22523018664378294,0.2640029121458196,0.23006364073165625,0.25312644540658763,0.24956419844826744
er,raw,N,roc_auc,0.7263378724394786,0.7120672718808194,0.7410079870810057,0.7171019553072626,0.7241847067039108,0.7377269553072625
er,raw,N,recall_at_fpr_1pct,0.14333333333333334,0.12748958333333332,0.16083333333333333,0.12999999999999995,0.15625000000000006,0.14375
er,raw,N,brier,0.04847624955273516,0.048044751032347656,0.04888381543577827,0.04889104293619047,0.0479969973668989,0.04854070835511613
er,raw,N,log_loss,0.26190948016054333,0.2556355252526778,0.2684175876449948,0.2704685823268399,0.24678299434353418,0.2684768638112561
er,raw,N,precision,0.13749999999999998,0.09583333333333333,0.18333333333333332,0.025,0.0875,0.3
er,raw,N,recall,0.010000000000000002,0.006666666666666667,0.01333333333333333,0.00125,0.0075000000000000015,0.021250000000000005
er,raw,N,f1,0.01850649350649351,0.012517135642135642,0.024603174603174606,0.0023809523809523807,0.013744588744588743,0.039393939393939405
er,raw,N,specificity,0.9997206703910614,0.9995810055865927,0.9998370577281199,1.0,0.9996508379888269,0.9995111731843573
er,raw,N,balanced_accuracy,0.5048603351955306,0.5032402234636874,0.5065270018621978,0.500625,0.5035754189944134,0.5103805865921787
er,raw,N,mcc,0.034617803104770146,0.02369046129328182,0.04587973869712456,0.0054474825665620395,0.023300042906237814,0.07510588384151058
er,raw,N,map,0.4109011942278418,0.3945830961577667,0.4275700845331138,0.39176136763835717,0.412896380841752,0.4280458342034164
er,raw,N,mrr,0.45977485630786274,0.4411038655583141,0.4776565812365815,0.4439240854057001,0.45829332444633664,0.4771071590715514
er,raw,N,recall_at_1,0.22842261904761907,0.21235119047619042,0.24434523809523803,0.21026785714285717,0.2316964285714286,0.24330357142857145
er,raw,N,recall_at_3,0.42083333333333334,0.3998511904761904,0.4415178571428572,0.3924107142857143,0.42232142857142857,0.4477678571428572
er,raw,N,recall_at_5,0.5267857142857143,0.5075892857142859,0.5468750000000001,0.5080357142857144,0.5209821428571428,0.5513392857142857
er,raw,N,recall_at_10,0.6974702380952381,0.6785714285714286,0.7175595238095238,0.684375,0.6901785714285713,0.7178571428571427
er,raw,N,ndcg_at_1,0.31607142857142856,0.29404761904761906,0.33780505952380946,0.2991071428571428,0.3196428571428572,0.3294642857142857
er,raw,N,ndcg_at_3,0.3704442557510692,0.3509163912619643,0.38970499659279706,0.3460132169918292,0.37278541429506606,0.39253413596631226
er,raw,N,ndcg_at_5,0.417873329243299,0.40010642841877164,0.4362223717350235,0.39812144145583955,0.41709995905573327,0.4383985872183243
er,raw,N,ndcg_at_10,0.47827476828725796,0.4611206195101327,0.4958045717982422,0.46072875445024575,0.4769312938556718,0.4971642565558563
er,raw,Z,average_precision,0.2553133709147081,0.23524532281690538,0.2773801595019211,0.22383712557320184,0.2868743274901457,0.25522865968077674
er,raw,Z,trapezoidal_pr_auc,0.24188108189922164,0.22139381673018244,0.2645776577080218,0.20924567318742393,0.2728117318029665,0.24358584070727457
er,raw,Z,roc_auc,0.7230249068901303,0.7073540502793297,0.7394918237895717,0.6962430167597766,0.7388722067039106,0.7339594972067041
er,raw,Z,recall_at_fpr_1pct,0.15083333333333335,0.12999999999999998,0.1733333333333334,0.12499999999999997,0.19000000000000003,0.1375
er,raw,Z,brier,0.0478089958472216,0.04717976737776013,0.04837174744102426,0.04864129027000897,0.04677093472880235,0.04801476254285347
er,raw,Z,log_loss,0.25954371103432866,0.2518655021056116,0.2668229274804285,0.27133421307930583,0.24051417737161201,0.26678274265206803
er,raw,Z,precision,0.27499999999999997,0.19166666666666665,0.36666666666666664,0.05,0.175,0.6
er,raw,Z,recall,0.020000000000000004,0.013333333333333334,0.02666666666666666,0.0025,0.015000000000000003,0.04250000000000001
er,raw,Z,f1,0.03701298701298702,0.025034271284271284,0.04920634920634921,0.0047619047619047615,0.027489177489177487,0.07878787878787881
er,raw,Z,specificity,0.9994413407821229,0.9991620111731849,0.9996741154562391,1.0,0.9993016759776536,0.9990223463687149
er,raw,Z,balanced_accuracy,0.5097206703910614,0.5064804469273745,0.5130540037243951,0.50125,0.5071508379888268,0.5207611731843576
er,raw,Z,mcc,0.06923560620954029,0.04738092258656364,0.09175947739424913,0.010894965133124079,0.04660008581247563,0.15021176768302116
er,raw,Z,map,0.41007973062490083,0.39170734957166803,0.42929284761033054,0.3711705140959799,0.4400482789995282,0.4190203987791943
er,raw,Z,mrr,0.45864928168374847,0.4388806649888426,0.47912696531776844,0.41658834551153634,0.4859131303087361,0.47344636923097305
er,raw,Z,recall_at_1,0.22857142857142856,0.21160714285714277,0.24613095238095228,0.19017857142857142,0.2607142857142857,0.2348214285714286
er,raw,Z,recall_at_3,0.4226190476190476,0.3994047619047619,0.4467261904761905,0.3732142857142857,0.45000000000000007,0.444642857142857
er,raw,Z,recall_at_5,0.5205357142857142,0.49612351190476195,0.5458333333333333,0.475,0.5357142857142855,0.5508928571428571
er,raw,Z,recall_at_10,0.6916666666666668,0.6681473214285713,0.7154836309523809,0.6580357142857144,0.6982142857142857,0.71875
er,raw,Z,ndcg_at_1,0.31488095238095243,0.29107142857142865,0.33869047619047615,0.2696428571428572,0.35535714285714287,0.31964285714285723
er,raw,Z,ndcg_at_3,0.37123929151918333,0.3499534298165197,0.39308146957248974,0.3250243454060294,0.40301267054453405,0.38568085860698653
er,raw,Z,ndcg_at_5,0.4153400619844195,0.39442884787489446,0.436754492360411,0.37107862471264214,0.4420147276255967,0.43292683361501966
er,raw,Z,ndcg_at_10,0.47561259662840655,0.45677432110094385,0.4957550645551542,0.43542958355344485,0.49954308769831657,0.4918651186334581
er,raw,F_first,average_precision,0.09165068507308416,0.06801334390027287,0.11513350456234536,0.11322309403580458,0.06727145725345833,0.09445750392998961
er,raw,F_first,trapezoidal_pr_auc,0.08960768061654574,0.06489018328746364,0.1138067273041703,0.11173768934122497,0.06348070721591433,0.09360464529249797
er,raw,F_first,roc_auc,0.07411429236499069,0.05660739641527001,0.09156389664804471,0.07460893854748606,0.06617667597765367,0.08155726256983235
er,raw,F_first,recall_at_fpr_1pct,0.065,0.037500000000000006,0.09333333333333334,0.0975,0.017499999999999998,0.08
er,raw,F_first,brier,-0.0015415565113476555,-0.0020971577601818,-0.0010133145176019936,2.3739963802543035e-05,-0.000932029447279319,-0.003716380050566191
er,raw,F_first,log_loss,0.017391100552903282,0.010974153882316746,0.02365851431808163,0.0502628071562297,0.030375119233048697,-0.028464624730568554
er,raw,F_first,precision,-0.39999999999999997,-0.5138888888888888,-0.29166666666666663,-0.2,-0.55,-0.45
er,raw,F_first,recall,-0.027500000000000007,-0.03583333333333333,-0.019999999999999997,-0.01,-0.04250000000000001,-0.03
er,raw,F_first,f1,-0.050956772695903145,-0.0661680469289165,-0.03695189472363388,-0.019047619047619046,-0.07797854319593453,-0.05584415584415584
er,raw,F_first,specificity,0.00032588454376164164,9.310986964618332e-05,0.0006052141527001915,0.0,0.0006983240223463749,0.00027932960893854996
er,raw,F_first,balanced_accuracy,-0.013587057728119191,-0.01775372439478586,-0.009789920856610814,-0.0050000000000000044,-0.02090083798882683,-0.014860335195530738
er,raw,F_first,mcc,-0.0993673493663381,-0.12730205034230285,-0.07212674908742531,-0.043579860532496316,-0.14408486244725255,-0.11043732511926545
er,raw,F_first,map,0.11121843986215472,0.08884520276000889,0.13302097314510716,0.1337665246151277,0.09112031751977825,0.10876847745155822
er,raw,F_first,mrr,0.110871977705935,0.08629003215883248,0.13487145642498152,0.1337812759872022,0.09167567128866237,0.10715898584194043
er,raw,F_first,recall_at_1,0.09404761904761905,0.06815476190476191,0.11815476190476192,0.11785714285714285,0.07232142857142856,0.09196428571428569
er,raw,F_first,recall_at_3,0.13095238095238096,0.10238095238095238,0.15892857142857145,0.16071428571428573,0.11874999999999998,0.11339285714285711
er,raw,F_first,recall_at_5,0.13154761904761902,0.09940476190476191,0.1636904761904762,0.15089285714285713,0.11160714285714284,0.13214285714285715
er,raw,F_first,recall_at_10,0.09077380952380952,0.0619047619047619,0.11845238095238092,0.08660714285714283,0.07499999999999998,0.11071428571428572
er,raw,F_first,ndcg_at_1,0.12023809523809521,0.0880952380952381,0.15178571428571425,0.1517857142857143,0.09285714285714282,0.11607142857142856
er,raw,F_first,ndcg_at_3,0.12523322966773773,0.09924389203924937,0.15059349357601987,0.15328674915308857,0.1081425948385972,0.11427034501152736
er,raw,F_first,ndcg_at_5,0.12526540538711184,0.09954062476691321,0.15037376974512925,0.1493007956576551,0.10609321017451992,0.12040221032916046
er,raw,F_first,ndcg_at_10,0.11080555063648229,0.08814597145736759,0.13290774752323178,0.1272530555703298,0.09154665477032237,0.11361694156879469
er,raw,F,average_precision,0.06418731926740968,0.04872898299018819,0.07918557324412877,0.08134686296186358,0.037854911669027436,0.07336018317133804
er,raw,F,trapezoidal_pr_auc,0.06304661387449198,0.04678341684535236,0.07895258223829522,0.08148433588796135,0.03561323077818683,0.07204227495732776
er,raw,F,roc_auc,0.05253433426443204,0.03991807786312848,0.0651474045623836,0.05475209497206709,0.035815293296089415,0.06703561452513962
er,raw,F,recall_at_fpr_1pct,0.04125000000000001,0.02375,0.05875000000000002,0.06375000000000001,0.00375,0.05625
er,raw,F,brier,-0.0009292866270453554,-0.0013221559850498654,-0.0005534679378386213,-5.4656316721828946e-05,-0.000917825619728267,-0.0018153779446859705
er,raw,F,log_loss,0.014877197067718931,0.010203492015051429,0.01965374074511285,0.029279347725960737,0.01671306272596303,-0.0013608192487669709
er,raw,F,precision,-0.33749999999999997,-0.4291666666666667,-0.24999999999999997,-0.225,-0.425,-0.3625
er,raw,F,recall,-0.022500000000000006,-0.028749999999999994,-0.016666666666666666,-0.01125,-0.031250000000000014,-0.025000000000000005
er,raw,F,f1,-0.04182037768994292,-0.05319416996047431,-0.030997788443440616,-0.02142857142857143,-0.057603990212685884,-0.04642857142857144
er,raw,F,specificity,0.00041899441340782404,0.0002327746741154574,0.0006517690875232805,0.0002094972067039097,0.00034916201117318746,0.0006983240223463749
er,raw,F,balanced_accuracy,-0.011040502793296098,-0.014142225325884553,-0.00812383612662943,-0.00552025139664805,-0.01545041899441342,-0.012150837988826824
er,raw,F,mcc,-0.08220518503502043,-0.10462300672465294,-0.06084258177761458,-0.04849882667647667,-0.10926064444338605,-0.08885608398519856
er,raw,F,map,0.07332397024353514,0.058757096875950855,0.08812934110431812,0.08248771887927217,0.046855735239157544,0.0906284566121757
er,raw,F,mrr,0.07217448680449344,0.05706917552438817,0.08785206053153953,0.0822269549584359,0.04871603273276315,0.08558047272228127
er,raw,F,recall_at_1,0.05699404761904762,0.040624999999999994,0.07321428571428569,0.06517857142857145,0.03080357142857142,0.07499999999999998
er,raw,F,recall_at_3,0.0882440476190476,0.0693452380952381,0.10773809523809522,0.09508928571428568,0.07098214285714285,0.09866071428571427
er,raw,F,recall_at_5,0.09241071428571429,0.07202380952380952,0.11398809523809524,0.10267857142857144,0.061607142857142846,0.11294642857142859
er,raw,F,recall_at_10,0.0651785714285714,0.04806175595238092,0.08244047619047616,0.06830357142857141,0.0433035714285714,0.08392857142857142
er,raw,F,ndcg_at_1,0.07619047619047618,0.05713541666666666,0.09583333333333333,0.08928571428571427,0.046428571428571416,0.09285714285714285
er,raw,F,ndcg_at_3,0.0823448122352068,0.06501856779103632,0.09965682010638563,0.09101956018821641,0.05994416248250124,0.09607071403490272
er,raw,F,ndcg_at_5,0.0838036677046524,0.0675194980956694,0.10048714543663563,0.09440004778424235,0.055998529643429905,0.10101242568628495
er,raw,F,ndcg_at_10,0.07442486927219302,0.06028458090626377,0.08907421505464679,0.082736420077226,0.04861289209238241,0.09192529564697066
er,raw,G,average_precision,0.040743680031316336,0.027041175872701356,0.05510074400370555,0.03523636381698887,0.05835115754917859,0.028643518727781543
er,raw,G,trapezoidal_pr_auc,0.04183805293159187,0.02795294220820053,0.05620712829437743,0.0365432513833216,0.05995465179316395,0.029016255618290056
er,raw,G,roc_auc,0.023445647113594054,0.013572349278398517,0.03362158112197391,0.025199022346368737,0.028646997206703922,0.016490921787709507
er,raw,G,recall_at_fpr_1pct,0.026249999999999996,0.01208333333333333,0.04208333333333333,0.009999999999999998,0.04625,0.0225
er,raw,G,brier,0.0018913316466731746,0.0015890126481698872,0.00221158521505025,0.001515441058395995,0.0018437656285284216,0.0023147882530951073
er,raw,G,log_loss,0.010691825676805891,0.006880941375790334,0.01461409836957006,-0.0005617744334670778,0.004630563328448699,0.028006688135436053
er,raw,G,precision,0.13749999999999998,0.09583333333333333,0.18333333333333332,0.025,0.0875,0.3
er,raw,G,recall,0.010000000000000002,0.006666666666666667,0.01333333333333333,0.00125,0.0075000000000000015,0.021250000000000005
er,raw,G,f1,0.01850649350649351,0.012517135642135642,0.024603174603174606,0.0023809523809523807,0.013744588744588743,0.039393939393939405
er,raw,G,specificity,-0.00027932960893854996,-0.00041899441340782496,-0.00016294227188082082,0.0,-0.00034916201117318746,-0.0004888268156424625
er,raw,G,balanced_accuracy,0.00486033519553073,0.0032402234636871525,0.006527001862197399,0.0006250000000000006,0.0035754189944134096,0.010380586592178779
er,raw,G,mcc,0.034617803104770146,0.02369046129328182,0.04587973869712456,0.0054474825665620395,0.023300042906237814,0.07510588384151058
er,raw,G,map,0.03529269289067157,0.021133951373262207,0.049654786942565754,0.02499351460124997,0.04094273636547009,0.03994182770529465
er,raw,G,mrr,0.03985460299107239,0.023820961147299827,0.0559751602490723,0.03135514948057193,0.04498221939117299,0.04322644010147224
er,raw,G,recall_at_1,0.02946428571428571,0.013839285714285719,0.04583333333333334,0.012946428571428572,0.03660714285714286,0.03883928571428571
er,raw,G,recall_at_3,0.04553571428571429,0.026488095238095234,0.06473214285714286,0.02991071428571428,0.05133928571428572,0.05535714285714286
er,raw,G,recall_at_5,0.029315476190476187,0.010416666666666668,0.04866071428571428,0.028571428571428564,0.02901785714285714,0.030357142857142853
er,raw,G,recall_at_10,0.0255952380952381,0.010119047619047618,0.04226562499999995,0.02098214285714287,0.03794642857142858,0.01785714285714285
er,raw,G,ndcg_at_1,0.04494047619047619,0.02529761904761905,0.06517857142857143,0.03214285714285713,0.05178571428571427,0.05089285714285716
er,raw,G,ndcg_at_3,0.043482896774550674,0.02612918468700785,0.06089697941956335,0.029005912053609105,0.04937945321828941,0.05206332505175352
er,raw,G,ndcg_at_5,0.03643757795189588,0.020241779120425213,0.052555914487984655,0.02887799782142656,0.03978344231255625,0.040651293721704826
er,raw,G,ndcg_at_10,0.03517777348222339,0.021232938430005194,0.04936344312454533,0.026469148497496986,0.0430346775058383,0.036029494443334864
er,raw,final_all,average_precision,0.2389142837942231,0.22223438996605469,0.25656561045580184,0.21131221039852383,0.2638772231042068,0.24155341787993873
er,raw,final_all,trapezoidal_pr_auc,0.22644897458979482,0.20935311231053502,0.24449168829285572,0.1976477262227569,0.2520114840217308,0.22968771352489675
er,raw,final_all,roc_auc,0.7068839230291745,0.6936133903631287,0.7204267632681566,0.6906494413407821,0.722558193668529,0.7074441340782122
er,raw,final_all,recall_at_fpr_1pct,0.13305555555555557,0.11777777777777775,0.14916666666666664,0.10250000000000004,0.16166666666666665,0.13499999999999998
er,raw,final_all,brier,0.048319476377039074,0.04785081520666188,0.04875703092476241,0.049078373930581454,0.047514495727716585,0.04836555947281919
er,raw,final_all,log_loss,0.26997928430462853,0.2633378732732877,0.2766897496580322,0.28166257155410157,0.2503269859699918,0.27794829538979215
er,raw,final_all,precision,0.3166666666666666,0.24537037037037035,0.3916666666666666,0.16666666666666669,0.34166666666666656,0.44166666666666654
er,raw,final_all,recall,0.021666666666666667,0.016666666666666666,0.02694444444444444,0.008333333333333333,0.02583333333333333,0.03083333333333334
er,raw,final_all,f1,0.0402179141309576,0.03103064809586548,0.04996086642825773,0.015873015873015872,0.04756571930484973,0.057215007215007184
er,raw,final_all,specificity,0.9995344506517689,0.9993482309124772,0.9997051520794542,0.9998603351955305,0.9995344506517689,0.9992085661080073
er,raw,final_all,balanced_accuracy,0.5106005586592177,0.508092799503414,0.5132627250155183,0.5040968342644319,0.5126838919925512,0.5150209497206703
er,raw,final_all,mcc,0.0778819920931937,0.05994168257297508,0.09670919763517512,0.0359642061620258,0.08837379156641588,0.10930797855113941
er,raw,final_all,map,0.38784222464317514,0.37244886635915075,0.40277330618701374,0.3652334210955234,0.40846307985139896,0.3898301729826031
er,raw,final_all,mrr,0.43704372082439286,0.42033993112348755,0.45274452875590027,0.41542903484835636,0.4554101297575719,0.4402919978672502
er,raw,final_all,recall_at_1,0.2122023809523809,0.1981150793650793,0.22649057539682535,0.19285714285714278,0.2324404761904762,0.21130952380952372
er,raw,final_all,recall_at_3,0.3935515873015872,0.3740079365079365,0.413095238095238,0.36785714285714277,0.40982142857142845,0.40297619047619043
er,raw,final_all,recall_at_5,0.4976190476190477,0.47767857142857145,0.5174603174603174,0.4711309523809525,0.5223214285714286,0.49940476190476196
er,raw,final_all,recall_at_10,0.6720238095238095,0.6529761904761903,0.6912698412698411,0.6499999999999999,0.6869047619047617,0.6791666666666667
er,raw,final_all,ndcg_at_1,0.2920634920634919,0.2742063492063492,0.3093253968253967,0.26845238095238083,0.31488095238095226,0.29285714285714276
er,raw,final_all,ndcg_at_3,0.34506578745015176,0.3274622338035533,0.3623029566512668,0.3202822638330907,0.36400820595992056,0.35090689255744417
er,raw,final_all,ndcg_at_5,0.3920837666487551,0.3744880210184839,0.4090026801301453,0.36686223838791476,0.41485726171754755,0.3945317998408029
er,raw,final_all,ndcg_at_10,0.4535486068348417,0.43681496393632174,0.4695880309159323,0.43004538865992237,0.47340612642301494,0.4571943054215879
er,stage-cal,O,average_precision,0.23071474023398056,0.21248187405617514,0.25044460694389714,0.20504975281118482,0.2523786709112372,0.23471579697951972
er,stage-cal,O,trapezoidal_pr_auc,0.21873292093508145,0.20003607251987632,0.2389688147567643,0.1918487527404235,0.2416113601311129,0.22273864993370793
er,stage-cal,O,roc_auc,0.6988134310986965,0.683645789688082,0.7141423999068901,0.687852653631285,0.7144011871508379,0.6941864525139666
er,stage-cal,O,recall_at_fpr_1pct,0.12416666666666669,0.10666666666666666,0.14291666666666666,0.09125000000000001,0.14750000000000002,0.13375000000000004
er,stage-cal,O,brier,0.047143745892756383,0.046664567686680286,0.04761218233138385,0.047685892277827525,0.04659684863626043,0.04714849676418121
er,stage-cal,O,log_loss,0.1926774721878768,0.18962560762766767,0.19569652989201108,0.19657401311259265,0.1895130957404064,0.19194530771063148
er,stage-cal,O,precision,0.0,0.0,0.0,0.0,0.0,0.0
er,stage-cal,O,recall,0.0,0.0,0.0,0.0,0.0,0.0
er,stage-cal,O,f1,0.0,0.0,0.0,0.0,0.0,0.0
er,stage-cal,O,specificity,1.0,1.0000000000000002,1.0000000000000009,1.0,1.0,1.0
er,stage-cal,O,balanced_accuracy,0.5,0.5000000000000001,0.5000000000000004,0.5,0.5,0.5
er,stage-cal,O,mcc,0.0,0.0,0.0,0.0,0.0,0.0
er,stage-cal,O,map,0.37672347165231246,0.3586917437591795,0.3948070225850518,0.3622648745952953,0.3926704802773344,0.37523506008430757
er,stage-cal,O,mrr,0.4262409403947151,0.4069547509729674,0.44512310178435316,0.41484937951676615,0.44015862948199,0.423714812185389
er,stage-cal,O,recall_at_1,0.20401785714285717,0.18719866071428565,0.22098214285714282,0.1941964285714286,0.21830357142857149,0.19955357142857147
er,stage-cal,O,recall_at_3,0.37901785714285713,0.35729166666666656,0.4013392857142855,0.36517857142857146,0.38973214285714286,0.3821428571428571
er,stage-cal,O,recall_at_5,0.48616071428571433,0.46175595238095246,0.5108630952380953,0.46919642857142857,0.5156250000000001,0.4736607142857142
er,stage-cal,O,recall_at_10,0.662202380952381,0.640174851190476,0.6840773809523809,0.6459821428571428,0.68125,0.659375
er,stage-cal,O,ndcg_at_1,0.2806547619047619,0.2601190476190477,0.3008928571428571,0.26785714285714285,0.2946428571428572,0.2794642857142857
er,stage-cal,O,ndcg_at_3,0.33197903541563617,0.31178824103226255,0.3519403220627831,0.3179112230466213,0.34450597366761404,0.333519909532673
er,stage-cal,O,ndcg_at_5,0.38045561898092295,0.35953500928654,0.40119703470567153,0.364754045225551,0.40127852876352305,0.3753342829536948
er,stage-cal,O,ndcg_at_10,0.4425166119380593,0.4232994354103161,0.46173069209038403,0.42735329121316123,0.460337645785364,0.43985889881565265
er,stage-cal,N,average_precision,0.25740421058136836,0.2387384636323608,0.2769096822562697,0.2436060970001166,0.2661798017039924,0.262426733039996
er,stage-cal,N,trapezoidal_pr_auc,0.2442514281955038,0.22523018664378294,0.2640029121458196,0.23006364073165625,0.25312644540658763,0.24956419844826744
er,stage-cal,N,roc_auc,0.7263378724394786,0.7120672718808194,0.7410079870810057,0.7171019553072626,0.7241847067039108,0.7377269553072625
er,stage-cal,N,recall_at_fpr_1pct,0.14333333333333334,0.12748958333333332,0.16083333333333333,0.12999999999999995,0.15625000000000006,0.14375
er,stage-cal,N,brier,0.04630233047602128,0.04583837305208723,0.04674200616988821,0.046505725214337115,0.04629920001395079,0.04610206619977594
er,stage-cal,N,log_loss,0.1862780692521909,0.18345741725448086,0.1889473365409806,0.18834640349387047,0.18619041028729863,0.1842973939754035
er,stage-cal,N,precision,0.0,0.0,0.0,0.0,0.0,0.0
er,stage-cal,N,recall,0.0,0.0,0.0,0.0,0.0,0.0
er,stage-cal,N,f1,0.0,0.0,0.0,0.0,0.0,0.0
er,stage-cal,N,specificity,1.0,1.0000000000000002,1.0000000000000009,1.0,1.0,1.0
er,stage-cal,N,balanced_accuracy,0.5,0.5000000000000001,0.5000000000000004,0.5,0.5,0.5
er,stage-cal,N,mcc,0.0,0.0,0.0,0.0,0.0,0.0
er,stage-cal,N,map,0.4109011942278418,0.3945830961577667,0.4275700845331138,0.39176136763835717,0.412896380841752,0.4280458342034164
er,stage-cal,N,mrr,0.45977485630786274,0.4411038655583141,0.4776565812365815,0.4439240854057001,0.45829332444633664,0.4771071590715514
er,stage-cal,N,recall_at_1,0.22842261904761907,0.21235119047619042,0.24434523809523803,0.21026785714285717,0.2316964285714286,0.24330357142857145
er,stage-cal,N,recall_at_3,0.42083333333333334,0.3998511904761904,0.4415178571428572,0.3924107142857143,0.42232142857142857,0.4477678571428572
er,stage-cal,N,recall_at_5,0.5267857142857143,0.5075892857142859,0.5468750000000001,0.5080357142857144,0.5209821428571428,0.5513392857142857
er,stage-cal,N,recall_at_10,0.6974702380952381,0.6785714285714286,0.7175595238095238,0.684375,0.6901785714285713,0.7178571428571427
er,stage-cal,N,ndcg_at_1,0.31607142857142856,0.29404761904761906,0.33780505952380946,0.2991071428571428,0.3196428571428572,0.3294642857142857
er,stage-cal,N,ndcg_at_3,0.3704442557510692,0.3509163912619643,0.38970499659279706,0.3460132169918292,0.37278541429506606,0.39253413596631226
er,stage-cal,N,ndcg_at_5,0.417873329243299,0.40010642841877164,0.4362223717350235,0.39812144145583955,0.41709995905573327,0.4383985872183243
er,stage-cal,N,ndcg_at_10,0.47827476828725796,0.4611206195101327,0.4958045717982422,0.46072875445024575,0.4769312938556718,0.4971642565558563
er,stage-cal,Z,average_precision,0.2553133709147081,0.23524532281690538,0.2773801595019211,0.22383712557320184,0.2868743274901457,0.25522865968077674
er,stage-cal,Z,trapezoidal_pr_auc,0.24188108189922164,0.22139381673018244,0.2645776577080218,0.20924567318742393,0.2728117318029665,0.24358584070727457
er,stage-cal,Z,roc_auc,0.7230249068901303,0.7073540502793297,0.7394918237895717,0.6962430167597766,0.7388722067039106,0.7339594972067041
er,stage-cal,Z,recall_at_fpr_1pct,0.15083333333333335,0.12999999999999998,0.1733333333333334,0.12499999999999997,0.19000000000000003,0.1375
er,stage-cal,Z,brier,0.04627933055942288,0.04569227572102643,0.04681087626914797,0.047088105489066806,0.045447531445085086,0.046302354744116724
er,stage-cal,Z,log_loss,0.18709266476620948,0.18365921773755595,0.19023033441089962,0.1927230461209059,0.18298961291361318,0.18556533526410934
er,stage-cal,Z,precision,0.0,0.0,0.0,0.0,0.0,0.0
er,stage-cal,Z,recall,0.0,0.0,0.0,0.0,0.0,0.0
er,stage-cal,Z,f1,0.0,0.0,0.0,0.0,0.0,0.0
er,stage-cal,Z,specificity,1.0,1.0000000000000002,1.0000000000000009,1.0,1.0,1.0
er,stage-cal,Z,balanced_accuracy,0.5,0.5000000000000001,0.5000000000000004,0.5,0.5,0.5
er,stage-cal,Z,mcc,0.0,0.0,0.0,0.0,0.0,0.0
er,stage-cal,Z,map,0.41007973062490083,0.39170734957166803,0.42929284761033054,0.3711705140959799,0.4400482789995282,0.4190203987791943
er,stage-cal,Z,mrr,0.45864928168374847,0.4388806649888426,0.47912696531776844,0.41658834551153634,0.4859131303087361,0.47344636923097305
er,stage-cal,Z,recall_at_1,0.22857142857142856,0.21160714285714277,0.24613095238095228,0.19017857142857142,0.2607142857142857,0.2348214285714286
er,stage-cal,Z,recall_at_3,0.4226190476190476,0.3994047619047619,0.4467261904761905,0.3732142857142857,0.45000000000000007,0.444642857142857
er,stage-cal,Z,recall_at_5,0.5205357142857142,0.49612351190476195,0.5458333333333333,0.475,0.5357142857142855,0.5508928571428571
er,stage-cal,Z,recall_at_10,0.6916666666666668,0.6681473214285713,0.7154836309523809,0.6580357142857144,0.6982142857142857,0.71875
er,stage-cal,Z,ndcg_at_1,0.31488095238095243,0.29107142857142865,0.33869047619047615,0.2696428571428572,0.35535714285714287,0.31964285714285723
er,stage-cal,Z,ndcg_at_3,0.37123929151918333,0.3499534298165197,0.39308146957248974,0.3250243454060294,0.40301267054453405,0.38568085860698653
er,stage-cal,Z,ndcg_at_5,0.4153400619844195,0.39442884787489446,0.436754492360411,0.37107862471264214,0.4420147276255967,0.43292683361501966
er,stage-cal,Z,ndcg_at_10,0.47561259662840655,0.45677432110094385,0.4957550645551542,0.43542958355344485,0.49954308769831657,0.4918651186334581
er,stage-cal,F_first,average_precision,0.09165068507308416,0.06801334390027287,0.11513350456234536,0.11322309403580458,0.06727145725345833,0.09445750392998961
er,stage-cal,F_first,trapezoidal_pr_auc,0.08960768061654574,0.06489018328746364,0.1138067273041703,0.11173768934122497,0.06348070721591433,0.09360464529249797
er,stage-cal,F_first,roc_auc,0.07411429236499069,0.05660739641527001,0.09156389664804471,0.07460893854748606,0.06617667597765367,0.08155726256983235
er,stage-cal,F_first,recall_at_fpr_1pct,0.065,0.037500000000000006,0.09333333333333334,0.0975,0.017499999999999998,0.08
er,stage-cal,F_first,brier,0.0036403698029529065,0.002995831573608714,0.004316202517929238,0.004009647184721557,0.0028441381179602028,0.0040673241061769585
er,stage-cal,F_first,log_loss,0.01989517255841444,0.016702300747373347,0.023134285829216544,0.02264789830900497,0.01744058669124941,0.019597032674988933
er,stage-cal,F_first,precision,0.5727777777777777,0.46915972222222224,0.6763888888888887,0.5,0.5841666666666667,0.6341666666666667
er,stage-cal,F_first,recall,0.07,0.05583333333333333,0.08416666666666665,0.034999999999999996,0.07500000000000001,0.1
er,stage-cal,F_first,f1,0.1217561954953259,0.09860426077545643,0.14536047979797975,0.06455862977602109,0.13036768304159607,0.17034227366836058
er,stage-cal,F_first,specificity,-0.001582867783985113,-0.0020949720670391204,-0.0011173184357541979,-0.00027932960893854996,-0.0023743016759776637,-0.0020949720670391248
er,stage-cal,F_first,balanced_accuracy,0.03420856610800745,0.027308601024208574,0.04133961824953443,0.017360335195530735,0.036312849162011177,0.04895251396648044
er,stage-cal,F_first,mcc,0.1849953641287145,0.15080634735209042,0.21858133762760182,0.12518029451851675,0.1931005871978488,0.23670521066977787
er,stage-cal,F_first,map,0.11121843986215472,0.08884520276000889,0.13302097314510716,0.1337665246151277,0.09112031751977825,0.10876847745155822
er,stage-cal,F_first,mrr,0.110871977705935,0.08629003215883248,0.13487145642498152,0.1337812759872022,0.09167567128866237,0.10715898584194043
er,stage-cal,F_first,recall_at_1,0.09404761904761905,0.06815476190476191,0.11815476190476192,0.11785714285714285,0.07232142857142856,0.09196428571428569
er,stage-cal,F_first,recall_at_3,0.13095238095238096,0.10238095238095238,0.15892857142857145,0.16071428571428573,0.11874999999999998,0.11339285714285711
er,stage-cal,F_first,recall_at_5,0.13154761904761902,0.09940476190476191,0.1636904761904762,0.15089285714285713,0.11160714285714284,0.13214285714285715
er,stage-cal,F_first,recall_at_10,0.09077380952380952,0.0619047619047619,0.11845238095238092,0.08660714285714283,0.07499999999999998,0.11071428571428572
er,stage-cal,F_first,ndcg_at_1,0.12023809523809521,0.0880952380952381,0.15178571428571425,0.1517857142857143,0.09285714285714282,0.11607142857142856
er,stage-cal,F_first,ndcg_at_3,0.12523322966773773,0.09924389203924937,0.15059349357601987,0.15328674915308857,0.1081425948385972,0.11427034501152736
er,stage-cal,F_first,ndcg_at_5,0.12526540538711184,0.09954062476691321,0.15037376974512925,0.1493007956576551,0.10609321017451992,0.12040221032916046
er,stage-cal,F_first,ndcg_at_10,0.11080555063648229,0.08814597145736759,0.13290774752323178,0.1272530555703298,0.09154665477032237,0.11361694156879469
er,stage-cal,F,average_precision,0.06418731926740968,0.04872898299018819,0.07918557324412877,0.08134686296186358,0.037854911669027436,0.07336018317133804
er,stage-cal,F,trapezoidal_pr_auc,0.06304661387449198,0.04678341684535236,0.07895258223829522,0.08148433588796135,0.03561323077818683,0.07204227495732776
er,stage-cal,F,roc_auc,0.05253433426443204,0.03991807786312848,0.0651474045623836,0.05475209497206709,0.035815293296089415,0.06703561452513962
er,stage-cal,F,recall_at_fpr_1pct,0.04125000000000001,0.02375,0.05875000000000002,0.06375000000000001,0.00375,0.05625
er,stage-cal,F,brier,0.0023205887277019895,0.001921124787542866,0.0027298362351946244,0.0027189777421584792,0.0013983074950496327,0.0028444809458978574
er,stage-cal,F,log_loss,0.013781618433414472,0.011471387076831638,0.016165942633492227,0.015913944918859994,0.00987737309916959,0.015553537282213828
er,stage-cal,F,precision,0.28638888888888886,0.23457986111111112,0.33819444444444435,0.25,0.29208333333333336,0.31708333333333333
er,stage-cal,F,recall,0.035,0.027916666666666666,0.04208333333333333,0.017499999999999998,0.037500000000000006,0.05
er,stage-cal,F,f1,0.06087809774766295,0.04930213038772822,0.07268023989898988,0.032279314888010543,0.06518384152079804,0.08517113683418029
er,stage-cal,F,specificity,-0.0007914338919925564,-0.0010474860335195602,-0.0005586592178770989,-0.00013966480446927498,-0.0011871508379888319,-0.0010474860335195624
er,stage-cal,F,balanced_accuracy,0.017104283054003726,0.013654300512104287,0.020669809124767215,0.008680167597765368,0.018156424581005588,0.02447625698324022
er,stage-cal,F,mcc,0.09249768206435725,0.07540317367604521,0.10929066881380091,0.06259014725925838,0.0965502935989244,0.11835260533488894
er,stage-cal,F,map,0.07332397024353514,0.058757096875950855,0.08812934110431812,0.08248771887927217,0.046855735239157544,0.0906284566121757
er,stage-cal,F,mrr,0.07217448680449344,0.05706917552438817,0.08785206053153953,0.0822269549584359,0.04871603273276315,0.08558047272228127
er,stage-cal,F,recall_at_1,0.05699404761904762,0.040624999999999994,0.07321428571428569,0.06517857142857145,0.03080357142857142,0.07499999999999998
er,stage-cal,F,recall_at_3,0.0882440476190476,0.0693452380952381,0.10773809523809522,0.09508928571428568,0.07098214285714285,0.09866071428571427
er,stage-cal,F,recall_at_5,0.09241071428571429,0.07202380952380952,0.11398809523809524,0.10267857142857144,0.061607142857142846,0.11294642857142859
er,stage-cal,F,recall_at_10,0.0651785714285714,0.04806175595238092,0.08244047619047616,0.06830357142857141,0.0433035714285714,0.08392857142857142
er,stage-cal,F,ndcg_at_1,0.07619047619047618,0.05713541666666666,0.09583333333333333,0.08928571428571427,0.046428571428571416,0.09285714285714285
er,stage-cal,F,ndcg_at_3,0.0823448122352068,0.06501856779103632,0.09965682010638563,0.09101956018821641,0.05994416248250124,0.09607071403490272
er,stage-cal,F,ndcg_at_5,0.0838036677046524,0.0675194980956694,0.10048714543663563,0.09440004778424235,0.055998529643429905,0.10101242568628495
er,stage-cal,F,ndcg_at_10,0.07442486927219302,0.06028458090626377,0.08907421505464679,0.082736420077226,0.04861289209238241,0.09192529564697066
er,stage-cal,G,average_precision,0.040743680031316336,0.027041175872701356,0.05510074400370555,0.03523636381698887,0.05835115754917859,0.028643518727781543
er,stage-cal,G,trapezoidal_pr_auc,0.04183805293159187,0.02795294220820053,0.05620712829437743,0.0365432513833216,0.05995465179316395,0.029016255618290056
er,stage-cal,G,roc_auc,0.023445647113594054,0.013572349278398517,0.03362158112197391,0.025199022346368737,0.028646997206703922,0.016490921787709507
er,stage-cal,G,recall_at_fpr_1pct,0.026249999999999996,0.01208333333333333,0.04208333333333333,0.009999999999999998,0.04625,0.0225
er,stage-cal,G,brier,0.001109769284244412,0.0007222394452761338,0.0014967579686455484,0.0010285449287761443,0.0016865374276723508,0.0006142254962847408
er,stage-cal,G,log_loss,0.0052728194317728195,0.0032104811372630155,0.007272024785658591,0.005480160417297658,0.006682383113583231,0.0036559147644375676
er,stage-cal,G,precision,-0.20000000000000004,-0.25555555555555554,-0.14861111111111108,-0.15,-0.21250000000000005,-0.2375
er,stage-cal,G,recall,-0.01625,-0.02083333333333333,-0.01208333333333333,-0.0075,-0.018750000000000003,-0.0225
er,stage-cal,G,f1,-0.029415572350354954,-0.0376088479756958,-0.021871752945122516,-0.014285714285714285,-0.03359068467764119,-0.04037031808770939
er,stage-cal,G,specificity,0.001000931098696468,0.0006983240223463739,0.0013268156424581094,0.00013966480446927498,0.0017458100558659345,0.0011173184357541944
er,stage-cal,G,balanced_accuracy,-0.007624534450651771,-0.009997963221601493,-0.0054480912476722555,-0.0036801675977653657,-0.00850209497206704,-0.010691340782122907
er,stage-cal,G,mcc,-0.05086707045934615,-0.06521814697514824,-0.03711524349818244,-0.03207623812936531,-0.054466553258299986,-0.06605841999037315
er,stage-cal,G,map,0.03529269289067157,0.021133951373262207,0.049654786942565754,0.02499351460124997,0.04094273636547009,0.03994182770529465
er,stage-cal,G,mrr,0.03985460299107239,0.023820961147299827,0.0559751602490723,0.03135514948057193,0.04498221939117299,0.04322644010147224
er,stage-cal,G,recall_at_1,0.02946428571428571,0.013839285714285719,0.04583333333333334,0.012946428571428572,0.03660714285714286,0.03883928571428571
er,stage-cal,G,recall_at_3,0.04553571428571429,0.026488095238095234,0.06473214285714286,0.02991071428571428,0.05133928571428572,0.05535714285714286
er,stage-cal,G,recall_at_5,0.029315476190476187,0.010416666666666668,0.04866071428571428,0.028571428571428564,0.02901785714285714,0.030357142857142853
er,stage-cal,G,recall_at_10,0.0255952380952381,0.010119047619047618,0.04226562499999995,0.02098214285714287,0.03794642857142858,0.01785714285714285
er,stage-cal,G,ndcg_at_1,0.04494047619047619,0.02529761904761905,0.06517857142857143,0.03214285714285713,0.05178571428571427,0.05089285714285716
er,stage-cal,G,ndcg_at_3,0.043482896774550674,0.02612918468700785,0.06089697941956335,0.029005912053609105,0.04937945321828941,0.05206332505175352
er,stage-cal,G,ndcg_at_5,0.03643757795189588,0.020241779120425213,0.052555914487984655,0.02887799782142656,0.03978344231255625,0.040651293721704826
er,stage-cal,G,ndcg_at_10,0.03517777348222339,0.021232938430005194,0.04936344312454533,0.026469148497496986,0.0430346775058383,0.036029494443334864
er,stage-cal,final_all,average_precision,0.2389142837942231,0.22223438996605469,0.25656561045580184,0.21131221039852383,0.2638772231042068,0.24155341787993873
er,stage-cal,final_all,trapezoidal_pr_auc,0.22644897458979482,0.20935311231053502,0.24449168829285572,0.1976477262227569,0.2520114840217308,0.22968771352489675
er,stage-cal,final_all,roc_auc,0.7068839230291745,0.6936133903631287,0.7204267632681566,0.6906494413407821,0.722558193668529,0.7074441340782122
er,stage-cal,final_all,recall_at_fpr_1pct,0.13305555555555557,0.11777777777777775,0.14916666666666664,0.10250000000000004,0.16166666666666665,0.13499999999999998
er,stage-cal,final_all,brier,0.04685560744831189,0.04640826993505746,0.047288659857114425,0.04748663001490729,0.04621374290586865,0.04686644942415971
er,stage-cal,final_all,log_loss,0.1908158697139877,0.18806864893920267,0.19353904699814084,0.19529035744869702,0.18733860146480863,0.18981865022845745
er,stage-cal,final_all,precision,0.0,0.0,0.0,0.0,0.0,0.0
er,stage-cal,final_all,recall,0.0,0.0,0.0,0.0,0.0,0.0
er,stage-cal,final_all,f1,0.0,0.0,0.0,0.0,0.0,0.0
er,stage-cal,final_all,specificity,0.9999999999999997,1.0000000000000002,1.0000000000000009,0.9999999999999998,0.9999999999999998,0.9999999999999998
er,stage-cal,final_all,balanced_accuracy,0.49999999999999983,0.5000000000000001,0.5000000000000004,0.4999999999999999,0.4999999999999999,0.4999999999999999
er,stage-cal,final_all,mcc,0.0,0.0,0.0,0.0,0.0,0.0
er,stage-cal,final_all,map,0.38784222464317514,0.37244886635915075,0.40277330618701374,0.3652334210955234,0.40846307985139896,0.3898301729826031
er,stage-cal,final_all,mrr,0.43704372082439286,0.42033993112348755,0.45274452875590027,0.41542903484835636,0.4554101297575719,0.4402919978672502
er,stage-cal,final_all,recall_at_1,0.2122023809523809,0.1981150793650793,0.22649057539682535,0.19285714285714278,0.2324404761904762,0.21130952380952372
er,stage-cal,final_all,recall_at_3,0.3935515873015872,0.3740079365079365,0.413095238095238,0.36785714285714277,0.40982142857142845,0.40297619047619043
er,stage-cal,final_all,recall_at_5,0.4976190476190477,0.47767857142857145,0.5174603174603174,0.4711309523809525,0.5223214285714286,0.49940476190476196
er,stage-cal,final_all,recall_at_10,0.6720238095238095,0.6529761904761903,0.6912698412698411,0.6499999999999999,0.6869047619047617,0.6791666666666667
er,stage-cal,final_all,ndcg_at_1,0.2920634920634919,0.2742063492063492,0.3093253968253967,0.26845238095238083,0.31488095238095226,0.29285714285714276
er,stage-cal,final_all,ndcg_at_3,0.34506578745015176,0.3274622338035533,0.3623029566512668,0.3202822638330907,0.36400820595992056,0.35090689255744417
er,stage-cal,final_all,ndcg_at_5,0.3920837666487551,0.3744880210184839,0.4090026801301453,0.36686223838791476,0.41485726171754755,0.3945317998408029
er,stage-cal,final_all,ndcg_at_10,0.4535486068348417,0.43681496393632174,0.4695880309159323,0.43004538865992237,0.47340612642301494,0.4571943054215879
er,first-cal,O,average_precision,0.23071474023398056,0.21248187405617514,0.25044460694389714,0.20504975281118482,0.2523786709112372,0.23471579697951972
er,first-cal,O,trapezoidal_pr_auc,0.21873292093508145,0.20003607251987632,0.2389688147567643,0.1918487527404235,0.2416113601311129,0.22273864993370793
er,first-cal,O,roc_auc,0.6988134310986965,0.683645789688082,0.7141423999068901,0.687852653631285,0.7144011871508379,0.6941864525139666
er,first-cal,O,recall_at_fpr_1pct,0.12416666666666669,0.10666666666666666,0.14291666666666666,0.09125000000000001,0.14750000000000002,0.13375000000000004
er,first-cal,O,brier,0.05680094626254234,0.05497164274067138,0.05852813972901935,0.05063544549249147,0.04923100879815282,0.07053638449698271
er,first-cal,O,log_loss,0.2287062080654291,0.22222622591084285,0.23511315219341675,0.2160136178738198,0.2081295783119582,0.2619754280105094
er,first-cal,O,precision,0.3682967495832042,0.3268635127660796,0.4128603826541852,0.37424512987012987,0.47960768398268405,0.2510374348967988
er,first-cal,O,recall,0.1729166666666667,0.15750000000000003,0.1883333333333333,0.0975,0.13999999999999999,0.28125000000000006
er,first-cal,O,f1,0.2044902622859964,0.18633100301037803,0.22267742519691353,0.14839656320288183,0.21019871683725846,0.2548755068178489
er,first-cal,O,specificity,0.9753258845437616,0.9724394785847302,0.9781890130353817,0.9895251396648048,0.9904329608938548,0.9460195530726254
er,first-cal,O,balanced_accuracy,0.5741212756052142,0.5663638850093111,0.5818756983240225,0.5435125698324023,0.5652164804469274,0.613634776536313
er,first-cal,O,mcc,0.20328592864137143,0.18183416004143682,0.2255695306255786,0.16303906931408912,0.23220711811659708,0.2146115984934281
er,first-cal,O,map,0.37672347165231246,0.3586917437591795,0.3948070225850518,0.3622648745952953,0.3926704802773344,0.37523506008430757
er,first-cal,O,mrr,0.4262409403947151,0.4069547509729674,0.44512310178435316,0.41484937951676615,0.44015862948199,0.423714812185389
er,first-cal,O,recall_at_1,0.20401785714285717,0.18719866071428565,0.22098214285714282,0.1941964285714286,0.21830357142857149,0.19955357142857147
er,first-cal,O,recall_at_3,0.37901785714285713,0.35729166666666656,0.4013392857142855,0.36517857142857146,0.38973214285714286,0.3821428571428571
er,first-cal,O,recall_at_5,0.48616071428571433,0.46175595238095246,0.5108630952380953,0.46919642857142857,0.5156250000000001,0.4736607142857142
er,first-cal,O,recall_at_10,0.662202380952381,0.640174851190476,0.6840773809523809,0.6459821428571428,0.68125,0.659375
er,first-cal,O,ndcg_at_1,0.2806547619047619,0.2601190476190477,0.3008928571428571,0.26785714285714285,0.2946428571428572,0.2794642857142857
er,first-cal,O,ndcg_at_3,0.33197903541563617,0.31178824103226255,0.3519403220627831,0.3179112230466213,0.34450597366761404,0.333519909532673
er,first-cal,O,ndcg_at_5,0.38045561898092295,0.35953500928654,0.40119703470567153,0.364754045225551,0.40127852876352305,0.3753342829536948
er,first-cal,O,ndcg_at_10,0.4425166119380593,0.4232994354103161,0.46173069209038403,0.42735329121316123,0.460337645785364,0.43985889881565265
er,first-cal,N,average_precision,0.25740421058136836,0.2387384636323608,0.2769096822562697,0.2436060970001166,0.2661798017039924,0.262426733039996
er,first-cal,N,trapezoidal_pr_auc,0.2442514281955038,0.22523018664378294,0.2640029121458196,0.23006364073165625,0.25312644540658763,0.24956419844826744
er,first-cal,N,roc_auc,0.7263378724394786,0.7120672718808194,0.7410079870810057,0.7171019553072626,0.7241847067039108,0.7377269553072625
er,first-cal,N,recall_at_fpr_1pct,0.14333333333333334,0.12748958333333332,0.16083333333333333,0.12999999999999995,0.15625000000000006,0.14375
er,first-cal,N,brier,0.05243022315332236,0.05102402209758904,0.05385970267561132,0.04779784198660561,0.046678248221316936,0.06281457925204453
er,first-cal,N,log_loss,0.20946372975483507,0.20394941001679626,0.2147179563941943,0.1998240646280039,0.19553084651557912,0.23303627812092223
er,first-cal,N,precision,0.4520943055638531,0.3994017019857287,0.5051570410223463,0.47604707792207784,0.5953318903318903,0.2849039484375912
er,first-cal,N,recall,0.16416666666666666,0.15040625,0.1783333333333334,0.0925,0.12749999999999992,0.2725
er,first-cal,N,f1,0.20393204324158054,0.1870829050597798,0.22146216895621085,0.14665663303082901,0.1981902213139578,0.2669492753799548
er,first-cal,N,specificity,0.9817970204841712,0.979771880819367,0.9837290502793297,0.9938547486033519,0.9939245810055863,0.9576117318435754
er,first-cal,N,balanced_accuracy,0.572981843575419,0.5661662011173184,0.5798557960893854,0.5431773743016759,0.5607122905027935,0.6150558659217877
er,first-cal,N,mcc,0.2199196000307365,0.19847500612340843,0.2415805531132775,0.182790043159514,0.24455999809522327,0.23240875883747214
er,first-cal,N,map,0.4109011942278418,0.3945830961577667,0.4275700845331138,0.39176136763835717,0.412896380841752,0.4280458342034164
er,first-cal,N,mrr,0.45977485630786274,0.4411038655583141,0.4776565812365815,0.4439240854057001,0.45829332444633664,0.4771071590715514
er,first-cal,N,recall_at_1,0.22842261904761907,0.21235119047619042,0.24434523809523803,0.21026785714285717,0.2316964285714286,0.24330357142857145
er,first-cal,N,recall_at_3,0.42083333333333334,0.3998511904761904,0.4415178571428572,0.3924107142857143,0.42232142857142857,0.4477678571428572
er,first-cal,N,recall_at_5,0.5267857142857143,0.5075892857142859,0.5468750000000001,0.5080357142857144,0.5209821428571428,0.5513392857142857
er,first-cal,N,recall_at_10,0.6974702380952381,0.6785714285714286,0.7175595238095238,0.684375,0.6901785714285713,0.7178571428571427
er,first-cal,N,ndcg_at_1,0.31607142857142856,0.29404761904761906,0.33780505952380946,0.2991071428571428,0.3196428571428572,0.3294642857142857
er,first-cal,N,ndcg_at_3,0.3704442557510692,0.3509163912619643,0.38970499659279706,0.3460132169918292,0.37278541429506606,0.39253413596631226
er,first-cal,N,ndcg_at_5,0.417873329243299,0.40010642841877164,0.4362223717350235,0.39812144145583955,0.41709995905573327,0.4383985872183243
er,first-cal,N,ndcg_at_10,0.47827476828725796,0.4611206195101327,0.4958045717982422,0.46072875445024575,0.4769312938556718,0.4971642565558563
er,first-cal,Z,average_precision,0.2553133709147081,0.23524532281690538,0.2773801595019211,0.22383712557320184,0.2868743274901457,0.25522865968077674
er,first-cal,Z,trapezoidal_pr_auc,0.24188108189922164,0.22139381673018244,0.2645776577080218,0.20924567318742393,0.2728117318029665,0.24358584070727457
er,first-cal,Z,roc_auc,0.7230249068901303,0.7073540502793297,0.7394918237895717,0.6962430167597766,0.7388722067039106,0.7339594972067041
er,first-cal,Z,recall_at_fpr_1pct,0.15083333333333335,0.12999999999999998,0.1733333333333334,0.12499999999999997,0.19000000000000003,0.1375
er,first-cal,Z,brier,0.054688108007578694,0.05279339455338319,0.05650914980708293,0.049621376435909595,0.04647407985252969,0.06796886773429679
er,first-cal,Z,log_loss,0.21734680127331538,0.21009421970568548,0.22397069768902814,0.20814606955059817,0.19488552694406197,0.2490088073252859
er,first-cal,Z,precision,0.3942487479525491,0.34485821590551347,0.44478342351000916,0.3779274891774892,0.5567352092352091,0.24808354544494898
er,first-cal,Z,recall,0.2008333333333333,0.18083333333333337,0.22249999999999998,0.11999999999999997,0.17750000000000002,0.30499999999999994
er,first-cal,Z,f1,0.23712025105915124,0.21240631492508363,0.2636151859883565,0.17885034492482382,0.2627260414735145,0.2697843667791153
er,first-cal,Z,specificity,0.9763500931098695,0.9738361266294228,0.9787709497206701,0.9902234636871509,0.9917597765363126,0.9470670391061452
er,first-cal,Z,balanced_accuracy,0.5885917132216014,0.5788403747672254,0.5993110451582869,0.5551117318435753,0.5846298882681564,0.6260335195530727
er,first-cal,Z,mcc,0.23547140262769525,0.20775735923513608,0.26536527561377554,0.1889891693962094,0.28943160412410274,0.22799343436277358
er,first-cal,Z,map,0.41007973062490083,0.39170734957166803,0.42929284761033054,0.3711705140959799,0.4400482789995282,0.4190203987791943
er,first-cal,Z,mrr,0.45864928168374847,0.4388806649888426,0.47912696531776844,0.41658834551153634,0.4859131303087361,0.47344636923097305
er,first-cal,Z,recall_at_1,0.22857142857142856,0.21160714285714277,0.24613095238095228,0.19017857142857142,0.2607142857142857,0.2348214285714286
er,first-cal,Z,recall_at_3,0.4226190476190476,0.3994047619047619,0.4467261904761905,0.3732142857142857,0.45000000000000007,0.444642857142857
er,first-cal,Z,recall_at_5,0.5205357142857142,0.49612351190476195,0.5458333333333333,0.475,0.5357142857142855,0.5508928571428571
er,first-cal,Z,recall_at_10,0.6916666666666668,0.6681473214285713,0.7154836309523809,0.6580357142857144,0.6982142857142857,0.71875
er,first-cal,Z,ndcg_at_1,0.31488095238095243,0.29107142857142865,0.33869047619047615,0.2696428571428572,0.35535714285714287,0.31964285714285723
er,first-cal,Z,ndcg_at_3,0.37123929151918333,0.3499534298165197,0.39308146957248974,0.3250243454060294,0.40301267054453405,0.38568085860698653
er,first-cal,Z,ndcg_at_5,0.4153400619844195,0.39442884787489446,0.436754492360411,0.37107862471264214,0.4420147276255967,0.43292683361501966
er,first-cal,Z,ndcg_at_10,0.47561259662840655,0.45677432110094385,0.4957550645551542,0.43542958355344485,0.49954308769831657,0.4918651186334581
er,first-cal,F_first,average_precision,0.09165068507308416,0.06801334390027287,0.11513350456234536,0.11322309403580458,0.06727145725345833,0.09445750392998961
er,first-cal,F_first,trapezoidal_pr_auc,0.08960768061654574,0.06489018328746364,0.1138067273041703,0.11173768934122497,0.06348070721591433,0.09360464529249797
er,first-cal,F_first,roc_auc,0.07411429236499069,0.05660739641527001,0.09156389664804471,0.07460893854748606,0.06617667597765367,0.08155726256983235
er,first-cal,F_first,recall_at_fpr_1pct,0.065,0.037500000000000006,0.09333333333333334,0.0975,0.017499999999999998,0.08
er,first-cal,F_first,brier,0.01336268057335394,0.011254964662782937,0.015515118430408125,0.0066047137980114355,0.005065846136411038,0.028417481785639347
er,first-cal,F_first,log_loss,0.056255754690829995,0.04994618817219451,0.0625373350510434,0.043230526741840344,0.03592880495063887,0.08960793238001079
er,first-cal,F_first,precision,0.18150498256409753,0.06886530173445549,0.2866882705241847,0.09938492063492063,0.06411796536796537,0.38101206168940654
er,first-cal,F_first,recall,-0.11,-0.13166666666666665,-0.08916666666666667,-0.05000000000000001,-0.08500000000000002,-0.19499999999999998
er,first-cal,F_first,f1,-0.09125890814664084,-0.12177266047855911,-0.06175932727204516,-0.0710221441338383,-0.10808842029353952,-0.09466616001254469
er,first-cal,F_first,specificity,0.023091247672253252,0.019273743016759774,0.027049581005586576,0.007681564245810069,0.007122905027932952,0.054469273743016744
er,first-cal,F_first,balanced_accuracy,-0.04345437616387337,-0.05459031657355678,-0.032822509310986986,-0.02115921787709496,-0.03893854748603351,-0.07026536312849163
er,first-cal,F_first,mcc,-0.03003614083388703,-0.06887595028763728,0.0075810696202063335,-0.03485969154880811,-0.06917479224277748,0.013926061289924487
er,first-cal,F_first,map,0.11121843986215472,0.08884520276000889,0.13302097314510716,0.1337665246151277,0.09112031751977825,0.10876847745155822
er,first-cal,F_first,mrr,0.110871977705935,0.08629003215883248,0.13487145642498152,0.1337812759872022,0.09167567128866237,0.10715898584194043
er,first-cal,F_first,recall_at_1,0.09404761904761905,0.06815476190476191,0.11815476190476192,0.11785714285714285,0.07232142857142856,0.09196428571428569
er,first-cal,F_first,recall_at_3,0.13095238095238096,0.10238095238095238,0.15892857142857145,0.16071428571428573,0.11874999999999998,0.11339285714285711
er,first-cal,F_first,recall_at_5,0.13154761904761902,0.09940476190476191,0.1636904761904762,0.15089285714285713,0.11160714285714284,0.13214285714285715
er,first-cal,F_first,recall_at_10,0.09077380952380952,0.0619047619047619,0.11845238095238092,0.08660714285714283,0.07499999999999998,0.11071428571428572
er,first-cal,F_first,ndcg_at_1,0.12023809523809521,0.0880952380952381,0.15178571428571425,0.1517857142857143,0.09285714285714282,0.11607142857142856
er,first-cal,F_first,ndcg_at_3,0.12523322966773773,0.09924389203924937,0.15059349357601987,0.15328674915308857,0.1081425948385972,0.11427034501152736
er,first-cal,F_first,ndcg_at_5,0.12526540538711184,0.09954062476691321,0.15037376974512925,0.1493007956576551,0.10609321017451992,0.12040221032916046
er,first-cal,F_first,ndcg_at_10,0.11080555063648229,0.08814597145736759,0.13290774752323178,0.1272530555703298,0.09154665477032237,0.11361694156879469
er,first-cal,F,average_precision,0.06418731926740968,0.04872898299018819,0.07918557324412877,0.08134686296186358,0.037854911669027436,0.07336018317133804
er,first-cal,F,trapezoidal_pr_auc,0.06304661387449198,0.04678341684535236,0.07895258223829522,0.08148433588796135,0.03561323077818683,0.07204227495732776
er,first-cal,F,roc_auc,0.05253433426443204,0.03991807786312848,0.0651474045623836,0.05475209497206709,0.035815293296089415,0.06703561452513962
er,first-cal,F,recall_at_fpr_1pct,0.04125000000000001,0.02375,0.05875000000000002,0.06375000000000001,0.00375,0.05625
er,first-cal,F,brier,0.010054285144264756,0.008688133667240087,0.01139149838999767,0.005643049657975305,0.0041666936532981855,0.02035311212152078
er,first-cal,F,log_loss,0.04175176206187548,0.036985741732885394,0.046573965046406686,0.03158740026079977,0.025101376457665393,0.06856650946716128
er,first-cal,F,precision,0.1730620708932633,0.10358033737311131,0.24281690299021755,0.16283820346320346,0.12943993506493506,0.22690807415165143
er,first-cal,F,recall,-0.07416666666666667,-0.08916666666666667,-0.05958333333333332,-0.04750000000000002,-0.06375,-0.11125
er,first-cal,F,f1,-0.05824024682632844,-0.07802546390036091,-0.0381569057895797,-0.05888578774645418,-0.07818767473925983,-0.0376472779932713
er,first-cal,F,specificity,0.017504655493482305,0.01515304934823091,0.019762569832402235,0.009078212290502796,0.006424581005586583,0.03701117318435753
er,first-cal,F,balanced_accuracy,-0.028331005586592174,-0.03589507681564247,-0.020798009776536317,-0.0192108938547486,-0.028662709497206694,-0.037119413407821225
er,first-cal,F,mcc,-0.00860434786012535,-0.03392853495863435,0.016334540796230326,-0.012153463593421478,-0.03581262848450084,0.022153048497546273
er,first-cal,F,map,0.07332397024353514,0.058757096875950855,0.08812934110431812,0.08248771887927217,0.046855735239157544,0.0906284566121757
er,first-cal,F,mrr,0.07217448680449344,0.05706917552438817,0.08785206053153953,0.0822269549584359,0.04871603273276315,0.08558047272228127
er,first-cal,F,recall_at_1,0.05699404761904762,0.040624999999999994,0.07321428571428569,0.06517857142857145,0.03080357142857142,0.07499999999999998
er,first-cal,F,recall_at_3,0.0882440476190476,0.0693452380952381,0.10773809523809522,0.09508928571428568,0.07098214285714285,0.09866071428571427
er,first-cal,F,recall_at_5,0.09241071428571429,0.07202380952380952,0.11398809523809524,0.10267857142857144,0.061607142857142846,0.11294642857142859
er,first-cal,F,recall_at_10,0.0651785714285714,0.04806175595238092,0.08244047619047616,0.06830357142857141,0.0433035714285714,0.08392857142857142
er,first-cal,F,ndcg_at_1,0.07619047619047618,0.05713541666666666,0.09583333333333333,0.08928571428571427,0.046428571428571416,0.09285714285714285
er,first-cal,F,ndcg_at_3,0.0823448122352068,0.06501856779103632,0.09965682010638563,0.09101956018821641,0.05994416248250124,0.09607071403490272
er,first-cal,F,ndcg_at_5,0.0838036677046524,0.0675194980956694,0.10048714543663563,0.09440004778424235,0.055998529643429905,0.10101242568628495
er,first-cal,F,ndcg_at_10,0.07442486927219302,0.06028458090626377,0.08907421505464679,0.082736420077226,0.04861289209238241,0.09192529564697066
er,first-cal,G,average_precision,0.040743680031316336,0.027041175872701356,0.05510074400370555,0.03523636381698887,0.05835115754917859,0.028643518727781543
er,first-cal,G,trapezoidal_pr_auc,0.04183805293159187,0.02795294220820053,0.05620712829437743,0.0365432513833216,0.05995465179316395,0.029016255618290056
er,first-cal,G,roc_auc,0.023445647113594054,0.013572349278398517,0.03362158112197391,0.025199022346368737,0.028646997206703922,0.016490921787709507
er,first-cal,G,recall_at_fpr_1pct,0.026249999999999996,0.01208333333333333,0.04208333333333333,0.009999999999999998,0.04625,0.0225
er,first-cal,G,brier,-0.002214863390857087,-0.0035307299839649944,-0.0008803487056185224,0.00016455773364348094,0.0016730619482904856,-0.008482209854505226
er,first-cal,G,log_loss,-0.006654624369494163,-0.01116759864150174,-0.0022594347300994716,1.05444063091098e-05,0.0032262594250247723,-0.023200676939816374
er,first-cal,G,precision,0.061009479895694226,-0.006187930582162081,0.12658098489403424,0.08854707792207792,0.19533189033189036,-0.10085052856688562
er,first-cal,G,recall,0.09208333333333334,0.07875000000000001,0.10542708333333323,0.05625000000000002,0.08249999999999999,0.13749999999999998
er,first-cal,G,f1,0.10228127203152028,0.08569172216278396,0.11916719475455073,0.08253090368770835,0.11966635387704691,0.1046465585298056
er,first-cal,G,specificity,-0.010265363128491618,-0.012267225325884543,-0.008216945996275605,-0.0047486033519553075,-0.00244413407821229,-0.023603351955307255
er,first-cal,G,balanced_accuracy,0.04090898510242085,0.034519145716946,0.047414135242085646,0.025750698324022346,0.04002793296089385,0.056948324022346355
er,first-cal,G,mcc,0.08818295125324695,0.06794989698837547,0.10853713090412308,0.07673787800366137,0.12874414246007693,0.059066833296002555
er,first-cal,G,map,0.03529269289067157,0.021133951373262207,0.049654786942565754,0.02499351460124997,0.04094273636547009,0.03994182770529465
er,first-cal,G,mrr,0.03985460299107239,0.023820961147299827,0.0559751602490723,0.03135514948057193,0.04498221939117299,0.04322644010147224
er,first-cal,G,recall_at_1,0.02946428571428571,0.013839285714285719,0.04583333333333334,0.012946428571428572,0.03660714285714286,0.03883928571428571
er,first-cal,G,recall_at_3,0.04553571428571429,0.026488095238095234,0.06473214285714286,0.02991071428571428,0.05133928571428572,0.05535714285714286
er,first-cal,G,recall_at_5,0.029315476190476187,0.010416666666666668,0.04866071428571428,0.028571428571428564,0.02901785714285714,0.030357142857142853
er,first-cal,G,recall_at_10,0.0255952380952381,0.010119047619047618,0.04226562499999995,0.02098214285714287,0.03794642857142858,0.01785714285714285
er,first-cal,G,ndcg_at_1,0.04494047619047619,0.02529761904761905,0.06517857142857143,0.03214285714285713,0.05178571428571427,0.05089285714285716
er,first-cal,G,ndcg_at_3,0.043482896774550674,0.02612918468700785,0.06089697941956335,0.029005912053609105,0.04937945321828941,0.05206332505175352
er,first-cal,G,ndcg_at_5,0.03643757795189588,0.020241779120425213,0.052555914487984655,0.02887799782142656,0.03978344231255625,0.040651293721704826
er,first-cal,G,ndcg_at_10,0.03517777348222339,0.021232938430005194,0.04936344312454533,0.026469148497496986,0.0430346775058383,0.036029494443334864
er,first-cal,final_all,average_precision,0.2389142837942231,0.22223438996605469,0.25656561045580184,0.21131221039852383,0.2638772231042068,0.24155341787993873
er,first-cal,final_all,trapezoidal_pr_auc,0.22644897458979482,0.20935311231053502,0.24449168829285572,0.1976477262227569,0.2520114840217308,0.22968771352489675
er,first-cal,final_all,roc_auc,0.7068839230291745,0.6936133903631287,0.7204267632681566,0.6906494413407821,0.722558193668529,0.7074441340782122
er,first-cal,final_all,recall_at_fpr_1pct,0.13305555555555557,0.11777777777777775,0.14916666666666664,0.10250000000000004,0.16166666666666665,0.13499999999999998
er,first-cal,final_all,brier,0.056096666844221106,0.054548035221414055,0.05757090733220403,0.05029742247363082,0.048312032482945105,0.0696805455760874
er,first-cal,final_all,log_loss,0.22491973913472452,0.2194027225717644,0.23043072378738408,0.21339110176607923,0.2037148945226595,0.2576532211154348
er,first-cal,final_all,precision,0.3769474157063191,0.3412089567234829,0.4150032984659849,0.3754725829725829,0.505316859066859,0.25005280507951555
er,first-cal,final_all,recall,0.1822222222222222,0.16888888888888884,0.1958333333333333,0.10500000000000002,0.15249999999999997,0.28916666666666657
er,first-cal,final_all,f1,0.21536692521038128,0.1991795831643438,0.23211474378243308,0.15854782377686244,0.22770782504934375,0.2598451268049376
er,first-cal,final_all,specificity,0.9756672873991311,0.9733546710117937,0.9779329608938546,0.9897579143389204,0.9908752327746739,0.9463687150837989
er,first-cal,final_all,balanced_accuracy,0.5789447548106766,0.5723472610180012,0.5856671322160147,0.5473789571694597,0.5716876163873371,0.6177676908752331
er,first-cal,final_all,mcc,0.214014419970146,0.19500115494848408,0.23368732454120764,0.1716891026747959,0.2512819467857656,0.21907221044987651
er,first-cal,final_all,map,0.38784222464317514,0.37244886635915075,0.40277330618701374,0.3652334210955234,0.40846307985139896,0.3898301729826031
er,first-cal,final_all,mrr,0.43704372082439286,0.42033993112348755,0.45274452875590027,0.41542903484835636,0.4554101297575719,0.4402919978672502
er,first-cal,final_all,recall_at_1,0.2122023809523809,0.1981150793650793,0.22649057539682535,0.19285714285714278,0.2324404761904762,0.21130952380952372
er,first-cal,final_all,recall_at_3,0.3935515873015872,0.3740079365079365,0.413095238095238,0.36785714285714277,0.40982142857142845,0.40297619047619043
er,first-cal,final_all,recall_at_5,0.4976190476190477,0.47767857142857145,0.5174603174603174,0.4711309523809525,0.5223214285714286,0.49940476190476196
er,first-cal,final_all,recall_at_10,0.6720238095238095,0.6529761904761903,0.6912698412698411,0.6499999999999999,0.6869047619047617,0.6791666666666667
er,first-cal,final_all,ndcg_at_1,0.2920634920634919,0.2742063492063492,0.3093253968253967,0.26845238095238083,0.31488095238095226,0.29285714285714276
er,first-cal,final_all,ndcg_at_3,0.34506578745015176,0.3274622338035533,0.3623029566512668,0.3202822638330907,0.36400820595992056,0.35090689255744417
er,first-cal,final_all,ndcg_at_5,0.3920837666487551,0.3744880210184839,0.4090026801301453,0.36686223838791476,0.41485726171754755,0.3945317998408029
er,first-cal,final_all,ndcg_at_10,0.4535486068348417,0.43681496393632174,0.4695880309159323,0.43004538865992237,0.47340612642301494,0.4571943054215879
er,primary,O,average_precision,0.23071474023398056,0.21248187405617514,0.25044460694389714,0.20504975281118482,0.2523786709112372,0.23471579697951972
er,primary,O,trapezoidal_pr_auc,0.21873292093508145,0.20003607251987632,0.2389688147567643,0.1918487527404235,0.2416113601311129,0.22273864993370793
er,primary,O,roc_auc,0.6988134310986965,0.683645789688082,0.7141423999068901,0.687852653631285,0.7144011871508379,0.6941864525139666
er,primary,O,recall_at_fpr_1pct,0.12416666666666669,0.10666666666666666,0.14291666666666666,0.09125000000000001,0.14750000000000002,0.13375000000000004
er,primary,O,brier,0.047143745892756383,0.046664567686680286,0.04761218233138385,0.047685892277827525,0.04659684863626043,0.04714849676418121
er,primary,O,log_loss,0.1926774721878768,0.18962560762766767,0.19569652989201108,0.19657401311259265,0.1895130957404064,0.19194530771063148
er,primary,O,precision,0.0,0.0,0.0,0.0,0.0,0.0
er,primary,O,recall,0.0,0.0,0.0,0.0,0.0,0.0
er,primary,O,f1,0.0,0.0,0.0,0.0,0.0,0.0
er,primary,O,specificity,1.0,1.0000000000000002,1.0000000000000009,1.0,1.0,1.0
er,primary,O,balanced_accuracy,0.5,0.5000000000000001,0.5000000000000004,0.5,0.5,0.5
er,primary,O,mcc,0.0,0.0,0.0,0.0,0.0,0.0
er,primary,O,map,0.37672347165231246,0.3586917437591795,0.3948070225850518,0.3622648745952953,0.3926704802773344,0.37523506008430757
er,primary,O,mrr,0.4262409403947151,0.4069547509729674,0.44512310178435316,0.41484937951676615,0.44015862948199,0.423714812185389
er,primary,O,recall_at_1,0.20401785714285717,0.18719866071428565,0.22098214285714282,0.1941964285714286,0.21830357142857149,0.19955357142857147
er,primary,O,recall_at_3,0.37901785714285713,0.35729166666666656,0.4013392857142855,0.36517857142857146,0.38973214285714286,0.3821428571428571
er,primary,O,recall_at_5,0.48616071428571433,0.46175595238095246,0.5108630952380953,0.46919642857142857,0.5156250000000001,0.4736607142857142
er,primary,O,recall_at_10,0.662202380952381,0.640174851190476,0.6840773809523809,0.6459821428571428,0.68125,0.659375
er,primary,O,ndcg_at_1,0.2806547619047619,0.2601190476190477,0.3008928571428571,0.26785714285714285,0.2946428571428572,0.2794642857142857
er,primary,O,ndcg_at_3,0.33197903541563617,0.31178824103226255,0.3519403220627831,0.3179112230466213,0.34450597366761404,0.333519909532673
er,primary,O,ndcg_at_5,0.38045561898092295,0.35953500928654,0.40119703470567153,0.364754045225551,0.40127852876352305,0.3753342829536948
er,primary,O,ndcg_at_10,0.4425166119380593,0.4232994354103161,0.46173069209038403,0.42735329121316123,0.460337645785364,0.43985889881565265
er,primary,N,average_precision,0.25740421058136836,0.2387384636323608,0.2769096822562697,0.2436060970001166,0.2661798017039924,0.262426733039996
er,primary,N,trapezoidal_pr_auc,0.2442514281955038,0.22523018664378294,0.2640029121458196,0.23006364073165625,0.25312644540658763,0.24956419844826744
er,primary,N,roc_auc,0.7263378724394786,0.7120672718808194,0.7410079870810057,0.7171019553072626,0.7241847067039108,0.7377269553072625
er,primary,N,recall_at_fpr_1pct,0.14333333333333334,0.12748958333333332,0.16083333333333333,0.12999999999999995,0.15625000000000006,0.14375
er,primary,N,brier,0.04630233047602128,0.04583837305208723,0.04674200616988821,0.046505725214337115,0.04629920001395079,0.04610206619977594
er,primary,N,log_loss,0.1862780692521909,0.18345741725448086,0.1889473365409806,0.18834640349387047,0.18619041028729863,0.1842973939754035
er,primary,N,precision,0.0,0.0,0.0,0.0,0.0,0.0
er,primary,N,recall,0.0,0.0,0.0,0.0,0.0,0.0
er,primary,N,f1,0.0,0.0,0.0,0.0,0.0,0.0
er,primary,N,specificity,1.0,1.0000000000000002,1.0000000000000009,1.0,1.0,1.0
er,primary,N,balanced_accuracy,0.5,0.5000000000000001,0.5000000000000004,0.5,0.5,0.5
er,primary,N,mcc,0.0,0.0,0.0,0.0,0.0,0.0
er,primary,N,map,0.4109011942278418,0.3945830961577667,0.4275700845331138,0.39176136763835717,0.412896380841752,0.4280458342034164
er,primary,N,mrr,0.45977485630786274,0.4411038655583141,0.4776565812365815,0.4439240854057001,0.45829332444633664,0.4771071590715514
er,primary,N,recall_at_1,0.22842261904761907,0.21235119047619042,0.24434523809523803,0.21026785714285717,0.2316964285714286,0.24330357142857145
er,primary,N,recall_at_3,0.42083333333333334,0.3998511904761904,0.4415178571428572,0.3924107142857143,0.42232142857142857,0.4477678571428572
er,primary,N,recall_at_5,0.5267857142857143,0.5075892857142859,0.5468750000000001,0.5080357142857144,0.5209821428571428,0.5513392857142857
er,primary,N,recall_at_10,0.6974702380952381,0.6785714285714286,0.7175595238095238,0.684375,0.6901785714285713,0.7178571428571427
er,primary,N,ndcg_at_1,0.31607142857142856,0.29404761904761906,0.33780505952380946,0.2991071428571428,0.3196428571428572,0.3294642857142857
er,primary,N,ndcg_at_3,0.3704442557510692,0.3509163912619643,0.38970499659279706,0.3460132169918292,0.37278541429506606,0.39253413596631226
er,primary,N,ndcg_at_5,0.417873329243299,0.40010642841877164,0.4362223717350235,0.39812144145583955,0.41709995905573327,0.4383985872183243
er,primary,N,ndcg_at_10,0.47827476828725796,0.4611206195101327,0.4958045717982422,0.46072875445024575,0.4769312938556718,0.4971642565558563
er,primary,Z,average_precision,0.2553133709147081,0.23524532281690538,0.2773801595019211,0.22383712557320184,0.2868743274901457,0.25522865968077674
er,primary,Z,trapezoidal_pr_auc,0.24188108189922164,0.22139381673018244,0.2645776577080218,0.20924567318742393,0.2728117318029665,0.24358584070727457
er,primary,Z,roc_auc,0.7230249068901303,0.7073540502793297,0.7394918237895717,0.6962430167597766,0.7388722067039106,0.7339594972067041
er,primary,Z,recall_at_fpr_1pct,0.15083333333333335,0.12999999999999998,0.1733333333333334,0.12499999999999997,0.19000000000000003,0.1375
er,primary,Z,brier,0.04627933055942288,0.04569227572102643,0.04681087626914797,0.047088105489066806,0.045447531445085086,0.046302354744116724
er,primary,Z,log_loss,0.18709266476620948,0.18365921773755595,0.19023033441089962,0.1927230461209059,0.18298961291361318,0.18556533526410934
er,primary,Z,precision,0.0,0.0,0.0,0.0,0.0,0.0
er,primary,Z,recall,0.0,0.0,0.0,0.0,0.0,0.0
er,primary,Z,f1,0.0,0.0,0.0,0.0,0.0,0.0
er,primary,Z,specificity,1.0,1.0000000000000002,1.0000000000000009,1.0,1.0,1.0
er,primary,Z,balanced_accuracy,0.5,0.5000000000000001,0.5000000000000004,0.5,0.5,0.5
er,primary,Z,mcc,0.0,0.0,0.0,0.0,0.0,0.0
er,primary,Z,map,0.41007973062490083,0.39170734957166803,0.42929284761033054,0.3711705140959799,0.4400482789995282,0.4190203987791943
er,primary,Z,mrr,0.45864928168374847,0.4388806649888426,0.47912696531776844,0.41658834551153634,0.4859131303087361,0.47344636923097305
er,primary,Z,recall_at_1,0.22857142857142856,0.21160714285714277,0.24613095238095228,0.19017857142857142,0.2607142857142857,0.2348214285714286
er,primary,Z,recall_at_3,0.4226190476190476,0.3994047619047619,0.4467261904761905,0.3732142857142857,0.45000000000000007,0.444642857142857
er,primary,Z,recall_at_5,0.5205357142857142,0.49612351190476195,0.5458333333333333,0.475,0.5357142857142855,0.5508928571428571
er,primary,Z,recall_at_10,0.6916666666666668,0.6681473214285713,0.7154836309523809,0.6580357142857144,0.6982142857142857,0.71875
er,primary,Z,ndcg_at_1,0.31488095238095243,0.29107142857142865,0.33869047619047615,0.2696428571428572,0.35535714285714287,0.31964285714285723
er,primary,Z,ndcg_at_3,0.37123929151918333,0.3499534298165197,0.39308146957248974,0.3250243454060294,0.40301267054453405,0.38568085860698653
er,primary,Z,ndcg_at_5,0.4153400619844195,0.39442884787489446,0.436754492360411,0.37107862471264214,0.4420147276255967,0.43292683361501966
er,primary,Z,ndcg_at_10,0.47561259662840655,0.45677432110094385,0.4957550645551542,0.43542958355344485,0.49954308769831657,0.4918651186334581
er,primary,F_first,average_precision,0.09165068507308416,0.06801334390027287,0.11513350456234536,0.11322309403580458,0.06727145725345833,0.09445750392998961
er,primary,F_first,trapezoidal_pr_auc,0.08960768061654574,0.06489018328746364,0.1138067273041703,0.11173768934122497,0.06348070721591433,0.09360464529249797
er,primary,F_first,roc_auc,0.07411429236499069,0.05660739641527001,0.09156389664804471,0.07460893854748606,0.06617667597765367,0.08155726256983235
er,primary,F_first,recall_at_fpr_1pct,0.065,0.037500000000000006,0.09333333333333334,0.0975,0.017499999999999998,0.08
er,primary,F_first,brier,0.0036403698029529065,0.002995831573608714,0.004316202517929238,0.004009647184721557,0.0028441381179602028,0.0040673241061769585
er,primary,F_first,log_loss,0.01989517255841444,0.016702300747373347,0.023134285829216544,0.02264789830900497,0.01744058669124941,0.019597032674988933
er,primary,F_first,precision,0.5727777777777777,0.46915972222222224,0.6763888888888887,0.5,0.5841666666666667,0.6341666666666667
er,primary,F_first,recall,0.07,0.05583333333333333,0.08416666666666665,0.034999999999999996,0.07500000000000001,0.1
er,primary,F_first,f1,0.1217561954953259,0.09860426077545643,0.14536047979797975,0.06455862977602109,0.13036768304159607,0.17034227366836058
er,primary,F_first,specificity,-0.001582867783985113,-0.0020949720670391204,-0.0011173184357541979,-0.00027932960893854996,-0.0023743016759776637,-0.0020949720670391248
er,primary,F_first,balanced_accuracy,0.03420856610800745,0.027308601024208574,0.04133961824953443,0.017360335195530735,0.036312849162011177,0.04895251396648044
er,primary,F_first,mcc,0.1849953641287145,0.15080634735209042,0.21858133762760182,0.12518029451851675,0.1931005871978488,0.23670521066977787
er,primary,F_first,map,0.11121843986215472,0.08884520276000889,0.13302097314510716,0.1337665246151277,0.09112031751977825,0.10876847745155822
er,primary,F_first,mrr,0.110871977705935,0.08629003215883248,0.13487145642498152,0.1337812759872022,0.09167567128866237,0.10715898584194043
er,primary,F_first,recall_at_1,0.09404761904761905,0.06815476190476191,0.11815476190476192,0.11785714285714285,0.07232142857142856,0.09196428571428569
er,primary,F_first,recall_at_3,0.13095238095238096,0.10238095238095238,0.15892857142857145,0.16071428571428573,0.11874999999999998,0.11339285714285711
er,primary,F_first,recall_at_5,0.13154761904761902,0.09940476190476191,0.1636904761904762,0.15089285714285713,0.11160714285714284,0.13214285714285715
er,primary,F_first,recall_at_10,0.09077380952380952,0.0619047619047619,0.11845238095238092,0.08660714285714283,0.07499999999999998,0.11071428571428572
er,primary,F_first,ndcg_at_1,0.12023809523809521,0.0880952380952381,0.15178571428571425,0.1517857142857143,0.09285714285714282,0.11607142857142856
er,primary,F_first,ndcg_at_3,0.12523322966773773,0.09924389203924937,0.15059349357601987,0.15328674915308857,0.1081425948385972,0.11427034501152736
er,primary,F_first,ndcg_at_5,0.12526540538711184,0.09954062476691321,0.15037376974512925,0.1493007956576551,0.10609321017451992,0.12040221032916046
er,primary,F_first,ndcg_at_10,0.11080555063648229,0.08814597145736759,0.13290774752323178,0.1272530555703298,0.09154665477032237,0.11361694156879469
er,primary,F,average_precision,0.06418731926740968,0.04872898299018819,0.07918557324412877,0.08134686296186358,0.037854911669027436,0.07336018317133804
er,primary,F,trapezoidal_pr_auc,0.06304661387449198,0.04678341684535236,0.07895258223829522,0.08148433588796135,0.03561323077818683,0.07204227495732776
er,primary,F,roc_auc,0.05253433426443204,0.03991807786312848,0.0651474045623836,0.05475209497206709,0.035815293296089415,0.06703561452513962
er,primary,F,recall_at_fpr_1pct,0.04125000000000001,0.02375,0.05875000000000002,0.06375000000000001,0.00375,0.05625
er,primary,F,brier,0.0023205887277019895,0.001921124787542866,0.0027298362351946244,0.0027189777421584792,0.0013983074950496327,0.0028444809458978574
er,primary,F,log_loss,0.013781618433414472,0.011471387076831638,0.016165942633492227,0.015913944918859994,0.00987737309916959,0.015553537282213828
er,primary,F,precision,0.28638888888888886,0.23457986111111112,0.33819444444444435,0.25,0.29208333333333336,0.31708333333333333
er,primary,F,recall,0.035,0.027916666666666666,0.04208333333333333,0.017499999999999998,0.037500000000000006,0.05
er,primary,F,f1,0.06087809774766295,0.04930213038772822,0.07268023989898988,0.032279314888010543,0.06518384152079804,0.08517113683418029
er,primary,F,specificity,-0.0007914338919925564,-0.0010474860335195602,-0.0005586592178770989,-0.00013966480446927498,-0.0011871508379888319,-0.0010474860335195624
er,primary,F,balanced_accuracy,0.017104283054003726,0.013654300512104287,0.020669809124767215,0.008680167597765368,0.018156424581005588,0.02447625698324022
er,primary,F,mcc,0.09249768206435725,0.07540317367604521,0.10929066881380091,0.06259014725925838,0.0965502935989244,0.11835260533488894
er,primary,F,map,0.07332397024353514,0.058757096875950855,0.08812934110431812,0.08248771887927217,0.046855735239157544,0.0906284566121757
er,primary,F,mrr,0.07217448680449344,0.05706917552438817,0.08785206053153953,0.0822269549584359,0.04871603273276315,0.08558047272228127
er,primary,F,recall_at_1,0.05699404761904762,0.040624999999999994,0.07321428571428569,0.06517857142857145,0.03080357142857142,0.07499999999999998
er,primary,F,recall_at_3,0.0882440476190476,0.0693452380952381,0.10773809523809522,0.09508928571428568,0.07098214285714285,0.09866071428571427
er,primary,F,recall_at_5,0.09241071428571429,0.07202380952380952,0.11398809523809524,0.10267857142857144,0.061607142857142846,0.11294642857142859
er,primary,F,recall_at_10,0.0651785714285714,0.04806175595238092,0.08244047619047616,0.06830357142857141,0.0433035714285714,0.08392857142857142
er,primary,F,ndcg_at_1,0.07619047619047618,0.05713541666666666,0.09583333333333333,0.08928571428571427,0.046428571428571416,0.09285714285714285
er,primary,F,ndcg_at_3,0.0823448122352068,0.06501856779103632,0.09965682010638563,0.09101956018821641,0.05994416248250124,0.09607071403490272
er,primary,F,ndcg_at_5,0.0838036677046524,0.0675194980956694,0.10048714543663563,0.09440004778424235,0.055998529643429905,0.10101242568628495
er,primary,F,ndcg_at_10,0.07442486927219302,0.06028458090626377,0.08907421505464679,0.082736420077226,0.04861289209238241,0.09192529564697066
er,primary,G,average_precision,0.040743680031316336,0.027041175872701356,0.05510074400370555,0.03523636381698887,0.05835115754917859,0.028643518727781543
er,primary,G,trapezoidal_pr_auc,0.04183805293159187,0.02795294220820053,0.05620712829437743,0.0365432513833216,0.05995465179316395,0.029016255618290056
er,primary,G,roc_auc,0.023445647113594054,0.013572349278398517,0.03362158112197391,0.025199022346368737,0.028646997206703922,0.016490921787709507
er,primary,G,recall_at_fpr_1pct,0.026249999999999996,0.01208333333333333,0.04208333333333333,0.009999999999999998,0.04625,0.0225
er,primary,G,brier,0.001109769284244412,0.0007222394452761338,0.0014967579686455484,0.0010285449287761443,0.0016865374276723508,0.0006142254962847408
er,primary,G,log_loss,0.0052728194317728195,0.0032104811372630155,0.007272024785658591,0.005480160417297658,0.006682383113583231,0.0036559147644375676
er,primary,G,precision,-0.20000000000000004,-0.25555555555555554,-0.14861111111111108,-0.15,-0.21250000000000005,-0.2375
er,primary,G,recall,-0.01625,-0.02083333333333333,-0.01208333333333333,-0.0075,-0.018750000000000003,-0.0225
er,primary,G,f1,-0.029415572350354954,-0.0376088479756958,-0.021871752945122516,-0.014285714285714285,-0.03359068467764119,-0.04037031808770939
er,primary,G,specificity,0.001000931098696468,0.0006983240223463739,0.0013268156424581094,0.00013966480446927498,0.0017458100558659345,0.0011173184357541944
er,primary,G,balanced_accuracy,-0.007624534450651771,-0.009997963221601493,-0.0054480912476722555,-0.0036801675977653657,-0.00850209497206704,-0.010691340782122907
er,primary,G,mcc,-0.05086707045934615,-0.06521814697514824,-0.03711524349818244,-0.03207623812936531,-0.054466553258299986,-0.06605841999037315
er,primary,G,map,0.03529269289067157,0.021133951373262207,0.049654786942565754,0.02499351460124997,0.04094273636547009,0.03994182770529465
er,primary,G,mrr,0.03985460299107239,0.023820961147299827,0.0559751602490723,0.03135514948057193,0.04498221939117299,0.04322644010147224
er,primary,G,recall_at_1,0.02946428571428571,0.013839285714285719,0.04583333333333334,0.012946428571428572,0.03660714285714286,0.03883928571428571
er,primary,G,recall_at_3,0.04553571428571429,0.026488095238095234,0.06473214285714286,0.02991071428571428,0.05133928571428572,0.05535714285714286
er,primary,G,recall_at_5,0.029315476190476187,0.010416666666666668,0.04866071428571428,0.028571428571428564,0.02901785714285714,0.030357142857142853
er,primary,G,recall_at_10,0.0255952380952381,0.010119047619047618,0.04226562499999995,0.02098214285714287,0.03794642857142858,0.01785714285714285
er,primary,G,ndcg_at_1,0.04494047619047619,0.02529761904761905,0.06517857142857143,0.03214285714285713,0.05178571428571427,0.05089285714285716
er,primary,G,ndcg_at_3,0.043482896774550674,0.02612918468700785,0.06089697941956335,0.029005912053609105,0.04937945321828941,0.05206332505175352
er,primary,G,ndcg_at_5,0.03643757795189588,0.020241779120425213,0.052555914487984655,0.02887799782142656,0.03978344231255625,0.040651293721704826
er,primary,G,ndcg_at_10,0.03517777348222339,0.021232938430005194,0.04936344312454533,0.026469148497496986,0.0430346775058383,0.036029494443334864
er,primary,final_all,average_precision,0.2389142837942231,0.22223438996605469,0.25656561045580184,0.21131221039852383,0.2638772231042068,0.24155341787993873
er,primary,final_all,trapezoidal_pr_auc,0.22644897458979482,0.20935311231053502,0.24449168829285572,0.1976477262227569,0.2520114840217308,0.22968771352489675
er,primary,final_all,roc_auc,0.7068839230291745,0.6936133903631287,0.7204267632681566,0.6906494413407821,0.722558193668529,0.7074441340782122
er,primary,final_all,recall_at_fpr_1pct,0.13305555555555557,0.11777777777777775,0.14916666666666664,0.10250000000000004,0.16166666666666665,0.13499999999999998
er,primary,final_all,brier,0.04685560744831189,0.04640826993505746,0.047288659857114425,0.04748663001490729,0.04621374290586865,0.04686644942415971
er,primary,final_all,log_loss,0.1908158697139877,0.18806864893920267,0.19353904699814084,0.19529035744869702,0.18733860146480863,0.18981865022845745
er,primary,final_all,precision,0.0,0.0,0.0,0.0,0.0,0.0
er,primary,final_all,recall,0.0,0.0,0.0,0.0,0.0,0.0
er,primary,final_all,f1,0.0,0.0,0.0,0.0,0.0,0.0
er,primary,final_all,specificity,0.9999999999999997,1.0000000000000002,1.0000000000000009,0.9999999999999998,0.9999999999999998,0.9999999999999998
er,primary,final_all,balanced_accuracy,0.49999999999999983,0.5000000000000001,0.5000000000000004,0.4999999999999999,0.4999999999999999,0.4999999999999999
er,primary,final_all,mcc,0.0,0.0,0.0,0.0,0.0,0.0
er,primary,final_all,map,0.38784222464317514,0.37244886635915075,0.40277330618701374,0.3652334210955234,0.40846307985139896,0.3898301729826031
er,primary,final_all,mrr,0.43704372082439286,0.42033993112348755,0.45274452875590027,0.41542903484835636,0.4554101297575719,0.4402919978672502
er,primary,final_all,recall_at_1,0.2122023809523809,0.1981150793650793,0.22649057539682535,0.19285714285714278,0.2324404761904762,0.21130952380952372
er,primary,final_all,recall_at_3,0.3935515873015872,0.3740079365079365,0.413095238095238,0.36785714285714277,0.40982142857142845,0.40297619047619043
er,primary,final_all,recall_at_5,0.4976190476190477,0.47767857142857145,0.5174603174603174,0.4711309523809525,0.5223214285714286,0.49940476190476196
er,primary,final_all,recall_at_10,0.6720238095238095,0.6529761904761903,0.6912698412698411,0.6499999999999999,0.6869047619047617,0.6791666666666667
er,primary,final_all,ndcg_at_1,0.2920634920634919,0.2742063492063492,0.3093253968253967,0.26845238095238083,0.31488095238095226,0.29285714285714276
er,primary,final_all,ndcg_at_3,0.34506578745015176,0.3274622338035533,0.3623029566512668,0.3202822638330907,0.36400820595992056,0.35090689255744417
er,primary,final_all,ndcg_at_5,0.3920837666487551,0.3744880210184839,0.4090026801301453,0.36686223838791476,0.41485726171754755,0.3945317998408029
er,primary,final_all,ndcg_at_10,0.4535486068348417,0.43681496393632174,0.4695880309159323,0.43004538865992237,0.47340612642301494,0.4571943054215879
logit,raw,O,average_precision,0.27576675717337246,0.2570945763986348,0.2949943315105565,0.26482554551867865,0.28467814358754306,0.27779658241389577
logit,raw,O,trapezoidal_pr_auc,0.26191782088775173,0.24263356101656502,0.2814004638596525,0.24917457180897765,0.27500364844215486,0.26157524241212265
logit,raw,O,roc_auc,0.740153049348231,0.7260622963221606,0.7544080103584733,0.7368296089385477,0.7409340083798883,0.7426955307262569
logit,raw,O,recall_at_fpr_1pct,0.16291666666666668,0.14458333333333337,0.1816666666666667,0.15250000000000002,0.1675,0.16874999999999998
logit,raw,O,brier,0.04772857538286677,0.04729742611069062,0.048157250447435164,0.04761355349263895,0.04645124713288001,0.04912092552308136
logit,raw,O,log_loss,0.2358524197489589,0.23052291379067047,0.2413929454023826,0.22948421997254384,0.21349249165618148,0.2645805476181514
logit,raw,O,precision,0.2861111111111111,0.22222222222222218,0.3500000000000001,0.225,0.6333333333333333,0.0
logit,raw,O,recall,0.02083333333333334,0.016249999999999997,0.025416666666666657,0.01125,0.05125000000000002,0.0
logit,raw,O,f1,0.03825287031808772,0.030029820722755507,0.046327051571616776,0.02142857142857143,0.09333003952569172,0.0
logit,raw,O,specificity,0.9997905027932962,0.9996508379888274,0.9999068901303544,1.0,0.9993715083798882,1.0
logit,raw,O,balanced_accuracy,0.5103119180633148,0.5080318901303539,0.5125919459962756,0.505625,0.5253107541899442,0.5
logit,raw,O,mcc,0.07274642522870377,0.05687617441759221,0.08801389683575857,0.04902734309905836,0.16921193258705294,0.0
logit,raw,O,map,0.42361000709307967,0.40748602752632906,0.4394421111388485,0.4243500660367435,0.41833970453819613,0.4281402507042992
logit,raw,O,mrr,0.4740448091639857,0.4572341272495988,0.49021813169505263,0.4797232844390737,0.4677078299841516,0.47470331306873187
logit,raw,O,recall_at_1,0.23883928571428573,0.2236607142857143,0.2543154761904762,0.23973214285714278,0.23705357142857153,0.23973214285714284
logit,raw,O,recall_at_3,0.4355654761904762,0.41324404761904754,0.45803943452380946,0.43973214285714296,0.4294642857142857,0.4375
logit,raw,O,recall_at_5,0.5395833333333334,0.5171130952380955,0.5620535714285714,0.5495535714285713,0.5379464285714286,0.5312500000000002
logit,raw,O,recall_at_10,0.7113095238095237,0.6892857142857143,0.733779761904762,0.7183035714285714,0.7022321428571427,0.713392857142857
logit,raw,O,ndcg_at_1,0.3294642857142857,0.3104166666666667,0.34821428571428553,0.33035714285714285,0.32410714285714287,0.33392857142857146
logit,raw,O,ndcg_at_3,0.3844791801283179,0.36508492628146505,0.40345802198730085,0.38676810359950425,0.3782782282487795,0.38839120853667
logit,raw,O,ndcg_at_5,0.4313352011666843,0.41262911533508445,0.44946621133721243,0.4357003362715993,0.4273349465440305,0.4309703206844232
logit,raw,O,ndcg_at_10,0.49241716552034687,0.4751050362962346,0.5094285805098289,0.49610216754210434,0.48601876598075233,0.4951305630381838
logit,raw,N,average_precision,0.29157789550190727,0.2709038066517069,0.31211089944267983,0.29206895023687857,0.2860109202478815,0.29665381602096175
logit,raw,N,trapezoidal_pr_auc,0.27847527439496694,0.2574375215340804,0.29948601698797994,0.28002048596777396,0.27287475176999776,0.28253058544712906
logit,raw,N,roc_auc,0.7497974860335196,0.7358332169459966,0.7640165560986967,0.7436138268156426,0.7418505586592179,0.7639280726256983
logit,raw,N,recall_at_fpr_1pct,0.16708333333333333,0.14833333333333334,0.18666666666666668,0.16749999999999993,0.17,0.16375000000000003
logit,raw,N,brier,0.04805301935184999,0.04763501411901009,0.04846690252759336,0.047803990407314985,0.046886146331168756,0.049468921317066226
logit,raw,N,log_loss,0.2370046169369194,0.23197745303041978,0.24208700204101086,0.22848207068025758,0.21345937739847928,0.26907240273202127
logit,raw,N,precision,0.08333333333333333,0.04583333333333333,0.12083333333333332,0.0,0.225,0.025
logit,raw,N,recall,0.0062499999999999995,0.0033333333333333335,0.009583333333333333,0.0,0.017499999999999998,0.00125
logit,raw,N,f1,0.011481272350837568,0.006096014492753625,0.017452475061170713,0.0,0.032062864671560325,0.0023809523809523807
logit,raw,N,specificity,0.9999068901303537,0.9998137802607082,0.9999767225325892,1.0,0.9997206703910614,1.0
logit,raw,N,balanced_accuracy,0.503078445065177,0.5015851955307266,0.5047454027001866,0.5,0.5086103351955308,0.500625
logit,raw,N,mcc,0.021416049633148405,0.0115511804464044,0.03165214855752061,0.0,0.05880066633288318,0.0054474825665620395
logit,raw,N,map,0.4416172639533826,0.4247587268813828,0.4584932932396521,0.4312034278806663,0.4357432786600449,0.45790508531943636
logit,raw,N,mrr,0.49101886486763097,0.4732966829985446,0.5078332080244231,0.4811171059902578,0.48107616129062175,0.5108633273220133
logit,raw,N,recall_at_1,0.2529761904761905,0.2358630952380953,0.2697953869047619,0.2441964285714285,0.24910714285714297,0.265625
logit,raw,N,recall_at_3,0.45863095238095236,0.43869047619047624,0.47916666666666674,0.4433035714285715,0.4464285714285713,0.4861607142857142
logit,raw,N,recall_at_5,0.5610119047619048,0.5403273809523811,0.5816964285714288,0.5526785714285715,0.553125,0.5772321428571429
logit,raw,N,recall_at_10,0.7361607142857142,0.717559523809524,0.7562500000000002,0.7241071428571426,0.7165178571428571,0.7678571428571429
logit,raw,N,ndcg_at_1,0.34732142857142856,0.32529761904761906,0.3681547619047618,0.3392857142857143,0.3410714285714286,0.3616071428571429
logit,raw,N,ndcg_at_3,0.40485488260203023,0.3859590369835923,0.4236044523673668,0.39164227091970494,0.3960949637279555,0.4268274131584303
logit,raw,N,ndcg_at_5,0.45128300048084585,0.43270094769369494,0.46981128570529235,0.4413625645782999,0.44430492191822213,0.4681815149460154
logit,raw,N,ndcg_at_10,0.5131385215576235,0.49628300752339555,0.5303609286725359,0.5020825850226147,0.5020916199119647,0.5352413597382911
logit,raw,Z,average_precision,0.2949215679247065,0.2724533759556757,0.31871964338880554,0.27938026956126316,0.31617567239202893,0.28920876182082733
logit,raw,Z,trapezoidal_pr_auc,0.28132906954110465,0.2585922035876685,0.30596867033068337,0.2667417390544126,0.302269939282532,0.27497553028636934
logit,raw,Z,roc_auc,0.7490712290502795,0.734429120111732,0.7642461010242084,0.7245810055865922,0.7626117318435756,0.7600209497206704
logit,raw,Z,recall_at_fpr_1pct,0.17833333333333334,0.15583333333333332,0.20166666666666663,0.17250000000000001,0.20750000000000002,0.155
logit,raw,Z,brier,0.047339228129686085,0.04679713621537702,0.04785917733542172,0.04781409882227999,0.04549708110616723,0.04870650446061102
logit,raw,Z,log_loss,0.23076610135005912,0.22537969305230462,0.23613271601970692,0.2269070759625083,0.20300933988496314,0.2623818882027059
logit,raw,Z,precision,0.16666666666666666,0.09166666666666666,0.24166666666666664,0.0,0.45,0.05
logit,raw,Z,recall,0.012499999999999999,0.006666666666666667,0.019166666666666665,0.0,0.034999999999999996,0.0025
logit,raw,Z,f1,0.022962544701675136,0.01219202898550725,0.034904950122341426,0.0,0.06412572934312065,0.0047619047619047615
logit,raw,Z,specificity,0.9998137802607077,0.9996275605214159,0.9999534450651776,1.0,0.9994413407821229,1.0
logit,raw,Z,balanced_accuracy,0.5061568901303538,0.5031703910614528,0.509490805400373,0.5,0.5172206703910616,0.50125
logit,raw,Z,mcc,0.04283209926629681,0.0231023608928088,0.06330429711504122,0.0,0.11760133266576636,0.010894965133124079
logit,raw,Z,map,0.4437932800156059,0.42561427645307787,0.463049918853305,0.41087147889924625,0.4718422314047716,0.44866612974279985
logit,raw,Z,mrr,0.494650158637546,0.4763832294690085,0.5135526281232282,0.4535833476998591,0.5196952751142365,0.5106718530985425
logit,raw,Z,recall_at_1,0.25952380952380955,0.24047619047619045,0.2791666666666667,0.23124999999999996,0.2901785714285715,0.2571428571428571
logit,raw,Z,recall_at_3,0.45803571428571427,0.43601190476190466,0.48066220238095225,0.4125,0.47232142857142856,0.4892857142857142
logit,raw,Z,recall_at_5,0.5559523809523809,0.5330357142857145,0.5791666666666666,0.5151785714285715,0.5830357142857142,0.5696428571428571
logit,raw,Z,recall_at_10,0.7380952380952381,0.7169642857142856,0.7601190476190474,0.6982142857142857,0.7428571428571428,0.7732142857142856
logit,raw,Z,ndcg_at_1,0.3535714285714285,0.3303571428571429,0.3779761904761905,0.3142857142857142,0.38928571428571435,0.35714285714285704
logit,raw,Z,ndcg_at_3,0.4067861955309608,0.38677020237843424,0.42777814230339867,0.3657936453794548,0.43039874601688205,0.4241661951965453
logit,raw,Z,ndcg_at_5,0.45108365719801496,0.43042167376904134,0.47188947934493997,0.41225359568718883,0.4802199077451991,0.4607774681616569
logit,raw,Z,ndcg_at_10,0.5152110222625192,0.49707221000035845,0.5341681597784943,0.4770612934887521,0.5368459264672646,0.5317258468315411
logit,raw,F_first,average_precision,0.046519519682692835,0.02576101901392102,0.0671521263105322,0.04852966580369729,0.04213640259177033,0.04889249065261091
logit,raw,F_first,trapezoidal_pr_auc,0.04648426989482,0.024789085523194473,0.06785595736699067,0.051170681836672983,0.03778967558799341,0.05049245225979358
logit,raw,F_first,roc_auc,0.032247439478584716,0.018835952048417128,0.04565968342644319,0.02168296089385476,0.03996159217877093,0.03509776536312846
logit,raw,F_first,recall_at_fpr_1pct,0.01916666666666667,-0.006666666666666664,0.044166666666666674,0.017499999999999995,4.163336342344337e-18,0.04000000000000001
logit,raw,F_first,brier,-0.0022607259173902353,-0.0026709443914749993,-0.0018658025287072056,-0.0016633120154633525,-0.002193442390293774,-0.00292542334641358
logit,raw,F_first,log_loss,-0.020652930549305767,-0.024962430030235523,-0.016204240257057755,-0.011621818649462705,-0.007520129682377394,-0.0428168433160772
logit,raw,F_first,precision,-0.3222222222222222,-0.4055555555555555,-0.23888888888888885,-0.25,-0.7166666666666666,0.0
logit,raw,F_first,recall,-0.027500000000000007,-0.034166666666666665,-0.020833333333333332,-0.0125,-0.07000000000000002,0.0
logit,raw,F_first,f1,-0.04981021394064872,-0.06228762783110609,-0.03747255160298639,-0.023809523809523808,-0.12562111801242234,0.0
logit,raw,F_first,specificity,0.0003724394785847333,0.00013966480446927498,0.0006063780260707521,0.0,0.0011173184357541998,0.0
logit,raw,F_first,balanced_accuracy,-0.013563780260707642,-0.017013500931098702,-0.010159450651769106,-0.0062500000000000056,-0.03444134078212292,0.0
logit,raw,F_first,mcc,-0.08819869866819774,-0.10955830134476273,-0.06646958870842312,-0.0544748256656204,-0.21012127033897282,0.0
logit,raw,F_first,map,0.0605467779780627,0.03971555778176633,0.08082680760364207,0.06475251372970195,0.059286271933008984,0.05760154827147716
logit,raw,F_first,mrr,0.05865981809115459,0.03734985406087308,0.07962678007253342,0.06327815573354172,0.056466408057006846,0.05623489048291521
logit,raw,F_first,recall_at_1,0.05446428571428571,0.031250000000000014,0.0761904761904762,0.06517857142857142,0.04464285714285714,0.05357142857142857
logit,raw,F_first,recall_at_3,0.07291666666666667,0.045230654761904736,0.09970982142857134,0.08303571428571428,0.06964285714285715,0.06607142857142857
logit,raw,F_first,recall_at_5,0.07470238095238095,0.047321428571428584,0.10297619047619047,0.05446428571428572,0.08392857142857142,0.08571428571428572
logit,raw,F_first,recall_at_10,0.04047619047619047,0.01964285714285714,0.06279761904761905,0.009821428571428564,0.05892857142857142,0.05267857142857143
logit,raw,F_first,ndcg_at_1,0.06607142857142857,0.03928571428571429,0.09345238095238093,0.0785714285714286,0.05714285714285714,0.06249999999999998
logit,raw,F_first,ndcg_at_3,0.0689033352233211,0.0440093365257263,0.09311978331690395,0.07931134519533031,0.06482839867199618,0.0625702618026368
logit,raw,F_first,ndcg_at_5,0.06989879408477002,0.04707538829186469,0.09262276187493484,0.06753638851306233,0.07222944084186265,0.0699305528993851
logit,raw,F_first,ndcg_at_10,0.05761144816323102,0.038135000217619223,0.07653049860747152,0.052271123346188254,0.0619015914130865,0.05866162973041831
logit,raw,F,average_precision,0.03350488874355748,0.02156366030197018,0.04493466273146987,0.04226235149710089,0.01073588508566893,0.04751642964790262
logit,raw,F,trapezoidal_pr_auc,0.03436156630034334,0.021916993900057812,0.046339724970890145,0.045367329122030634,0.007240145090772346,0.05047722468822704
logit,raw,F,roc_auc,0.021631168528864046,0.012439755004655474,0.03090729748603349,0.018118016759776544,0.015078561452513947,0.031696927374301645
logit,raw,F,recall_at_fpr_1pct,0.012499999999999997,-0.002916666666666666,0.027916666666666663,0.016249999999999994,-0.01125,0.0325
logit,raw,F,brier,-0.0015870815440089782,-0.00184423146838617,-0.0013375313103813039,-0.001064561779939599,-0.0018789304896093782,-0.0018177523624779575
logit,raw,F,log_loss,-0.013951395741611375,-0.01665124639468195,-0.011140657997451283,-0.00829024000481125,-0.010456637685306882,-0.023107309534715997
logit,raw,F,precision,-0.2861111111111111,-0.3500000000000001,-0.22222222222222218,-0.225,-0.6333333333333333,0.0
logit,raw,F,recall,-0.02083333333333334,-0.025416666666666657,-0.016249999999999997,-0.01125,-0.05125000000000002,0.0
logit,raw,F,f1,-0.03825287031808772,-0.04632705157161678,-0.03002982072275551,-0.02142857142857143,-0.09333003952569172,0.0
logit,raw,F,specificity,0.00020949720670391248,9.310986964618332e-05,0.00034916201117318746,0.0,0.0006284916201117375,0.0
logit,raw,F,balanced_accuracy,-0.01031191806331472,-0.012591945996275609,-0.008031890130353821,-0.005625000000000005,-0.025310754189944152,0.0
logit,raw,F,mcc,-0.07274642522870377,-0.08801389683575857,-0.056876174417592226,-0.04902734309905836,-0.16921193258705294,0.0
logit,raw,F,map,0.040296729832956006,0.028589666201450665,0.051776702051124605,0.03999410527849991,0.028136432593967066,0.05275965162640104
logit,raw,F,mrr,0.037614188118092355,0.02586707330451878,0.049161516600881694,0.03604856952652483,0.027058596672136732,0.049735398155615486
logit,raw,F,recall_at_1,0.03125,0.017857142857142853,0.04434895833333329,0.03303571428571429,0.014732142857142855,0.04598214285714285
logit,raw,F,recall_at_3,0.05178571428571429,0.03526785714285714,0.0681547619047619,0.05178571428571428,0.04419642857142857,0.059375
logit,raw,F,recall_at_5,0.05550595238095238,0.03690476190476192,0.07425967261904759,0.04687500000000001,0.047767857142857126,0.071875
logit,raw,F,recall_at_10,0.03154761904761905,0.015922619047619047,0.04776785714285714,0.015624999999999991,0.026339285714285697,0.05267857142857144
logit,raw,F,ndcg_at_1,0.039285714285714285,0.022916666666666672,0.05535714285714287,0.044642857142857144,0.02142857142857143,0.05178571428571428
logit,raw,F,ndcg_at_3,0.046481842367597226,0.03269365499723855,0.05984300152672388,0.04740708357649649,0.03578841959805101,0.056250023928244186
logit,raw,F,ndcg_at_5,0.04846195914963989,0.035163680440319256,0.06177928028562196,0.046107394373381023,0.038044484665609835,0.06123399840992884
logit,raw,F,ndcg_at_10,0.03958885614321467,0.028139583254377935,0.050804376877635636,0.03452551935299799,0.029440678568813217,0.054800370507832784
logit,raw,G,average_precision,0.06160893251990678,0.0483092179298331,0.07513096390094239,0.06916780997225226,0.06906077287267594,0.04659821471479215
logit,raw,G,trapezoidal_pr_auc,0.062488293445240456,0.048821059214632874,0.07635836963631454,0.07125441650982345,0.07066436966766657,0.04554609415823136
logit,raw,G,roc_auc,0.035040735567970195,0.02602377211359403,0.04459584497206703,0.04304120111731843,0.0328421787709497,0.02923882681564246
logit,raw,G,recall_at_fpr_1pct,0.03916666666666666,0.023749999999999993,0.05583333333333334,0.032499999999999994,0.05125,0.03375
logit,raw,G,brier,0.0021476274120291344,0.001892102891597857,0.0024128551203369654,0.0021788233008076347,0.00238417066256963,0.0018798882727101393
logit,raw,G,log_loss,0.02232865800058066,0.019475942112779875,0.025463228746735633,0.018048509920964646,0.01888710654602886,0.030050357534748474
logit,raw,G,precision,0.08333333333333333,0.04583333333333333,0.12083333333333332,0.0,0.225,0.025
logit,raw,G,recall,0.0062499999999999995,0.0033333333333333335,0.009583333333333333,0.0,0.017499999999999998,0.00125
logit,raw,G,f1,0.011481272350837568,0.006096014492753625,0.017452475061170713,0.0,0.032062864671560325,0.0023809523809523807
logit,raw,G,specificity,-9.310986964618332e-05,-0.00018621973929236664,-2.327746741154583e-05,0.0,-0.00027932960893854996,0.0
logit,raw,G,balanced_accuracy,0.0030784450651769103,0.0015851955307262578,0.004745402700186218,0.0,0.00861033519553073,0.0006250000000000006
logit,raw,G,mcc,0.021416049633148405,0.0115511804464044,0.03165214855752061,0.0,0.05880066633288318,0.0054474825665620395
logit,raw,G,map,0.04899821460685452,0.034705412011384926,0.06349215888604387,0.04750837520242771,0.05010171441431042,0.04938455420382545
logit,raw,G,mrr,0.053122661694907834,0.037576233946034265,0.06870371322052882,0.05133550138249389,0.05523344360404089,0.05279904009818871
logit,raw,G,recall_at_1,0.040625,0.022767857142857142,0.058630952380952374,0.03526785714285715,0.04732142857142857,0.03928571428571428
logit,raw,G,recall_at_3,0.0599702380952381,0.04226190476190476,0.07782738095238093,0.05848214285714286,0.04821428571428572,0.0732142857142857
logit,raw,G,recall_at_5,0.048065476190476186,0.031547619047619054,0.06502976190476191,0.05892857142857142,0.04910714285714285,0.03616071428571429
logit,raw,G,recall_at_10,0.046130952380952384,0.0318452380952381,0.06101190476190477,0.046874999999999986,0.04241071428571429,0.04910714285714286
logit,raw,G,ndcg_at_1,0.05803571428571428,0.037492559523809525,0.07946428571428572,0.05714285714285713,0.062499999999999986,0.05446428571428573
logit,raw,G,ndcg_at_3,0.05695915006076066,0.04049763174392171,0.07373575710218287,0.05426711359272325,0.05285754214755657,0.06375279444200216
logit,raw,G,ndcg_at_5,0.05236972257470449,0.03695829788512983,0.06780771161030119,0.05531641437099418,0.053732659690367626,0.04806009366275167
logit,raw,G,ndcg_at_10,0.051497956132957205,0.03836708772613715,0.0647382925958287,0.05063149846241326,0.051927480620311384,0.05193488931614696
logit,raw,final_all,average_precision,0.28215169409048374,0.2632471621911977,0.30156167425370184,0.2696771201995401,0.295177319855705,0.2816006422162061
logit,raw,final_all,trapezoidal_pr_auc,0.2683882371055361,0.24884566028526015,0.2883261569600488,0.25503029422412266,0.284092412055614,0.26604200503687164
logit,raw,final_all,roc_auc,0.7431257759155804,0.7296187053848541,0.7567793102110492,0.7327467411545622,0.7481599162011174,0.7484706703910613
logit,raw,final_all,recall_at_fpr_1pct,0.16805555555555554,0.15083333333333335,0.18611111111111117,0.15916666666666662,0.1808333333333334,0.16416666666666668
logit,raw,final_all,brier,0.047598792965139865,0.04716988147020513,0.048022916695642716,0.04768040193585261,0.046133191790642424,0.04898278516892456
logit,raw,final_all,log_loss,0.234156980282659,0.22917812478343894,0.23935942789492148,0.22862517196919874,0.20999810773244199,0.26384766114633623
logit,raw,final_all,precision,0.24629629629629637,0.19351851851851853,0.3009259259259258,0.15,0.5722222222222224,0.016666666666666666
logit,raw,final_all,recall,0.018055555555555564,0.014166666666666668,0.02194444444444444,0.0075,0.04583333333333336,0.0008333333333333333
logit,raw,final_all,f1,0.03315609511261683,0.02595174048978396,0.0403587113369722,0.014285714285714285,0.08359526946483462,0.0015873015873015873
logit,raw,final_all,specificity,0.9997982619490996,0.9996896337678467,0.9998913718187467,0.9999999999999998,0.9993947858472996,0.9999999999999998
logit,raw,final_all,balanced_accuracy,0.5089269087523277,0.5069669459962756,0.5109025837988828,0.5037499999999999,0.5226140595903166,0.5004166666666665
logit,raw,final_all,mcc,0.06277498324123475,0.04951019072360753,0.07589047360273213,0.032684895399372235,0.15200839927995732,0.0036316550443746933
logit,raw,final_all,map,0.4303377647339217,0.4147440398023602,0.4458824710351781,0.4198572036575777,0.4361738801603881,0.43498221038379936
logit,raw,final_all,mrr,0.48091325898850584,0.464895722598004,0.49686375372189934,0.47100997219266894,0.4850369783608464,0.48669282641200207
logit,raw,final_all,recall_at_1,0.24573412698412703,0.23095238095238105,0.2605183531746032,0.2369047619047619,0.2547619047619048,0.24553571428571436
logit,raw,final_all,recall_at_3,0.44305555555555554,0.42281746031746037,0.4631969246031745,0.4306547619047619,0.44375,0.4547619047619048
logit,raw,final_all,recall_at_5,0.5450396825396825,0.5249007936507939,0.5647817460317462,0.5380952380952382,0.5529761904761903,0.544047619047619
logit,raw,final_all,recall_at_10,0.7202380952380952,0.700595238095238,0.7407738095238091,0.7116071428571429,0.7157738095238093,0.7333333333333332
logit,raw,final_all,ndcg_at_1,0.33749999999999974,0.3194444444444444,0.3553571428571428,0.3249999999999998,0.3458333333333331,0.34166666666666645
logit,raw,final_all,ndcg_at_3,0.3919148519291989,0.37376930113000406,0.4099249532610217,0.37977661752615444,0.39565173417148036,0.40031620408996194
logit,raw,final_all,ndcg_at_5,0.4379180198437946,0.4204010339671669,0.4552016767798322,0.4278847560767958,0.44496326694442,0.4409060365101677
logit,raw,final_all,ndcg_at_10,0.5000151177677375,0.4833465188889078,0.5166718360928165,0.4897552095243204,0.5029611528095898,0.5073289909693026
logit,stage-cal,O,average_precision,0.27576675717337246,0.2570945763986348,0.2949943315105565,0.26482554551867865,0.28467814358754306,0.27779658241389577
logit,stage-cal,O,trapezoidal_pr_auc,0.26191782088775173,0.24263356101656502,0.2814004638596525,0.24917457180897765,0.27500364844215486,0.26157524241212265
logit,stage-cal,O,roc_auc,0.740153049348231,0.7260622963221606,0.7544080103584733,0.7368296089385477,0.7409340083798883,0.7426955307262569
logit,stage-cal,O,recall_at_fpr_1pct,0.16291666666666668,0.14458333333333337,0.1816666666666667,0.15250000000000002,0.1675,0.16874999999999998
logit,stage-cal,O,brier,0.045417456942685445,0.044893460848624125,0.045940212278813335,0.045673607982938014,0.045396170570813126,0.04518259227430519
logit,stage-cal,O,log_loss,0.18269949209836409,0.17978061043958052,0.18563570329472287,0.18367310690843244,0.1832285655755022,0.18119680381115752
logit,stage-cal,O,precision,0.425,0.33888888888888885,0.5125000000000001,0.2,0.6541666666666667,0.4208333333333333
logit,stage-cal,O,recall,0.03083333333333334,0.024583333333333325,0.03749999999999999,0.009999999999999998,0.04875000000000002,0.03375
logit,stage-cal,O,f1,0.05660408432147563,0.04519090360122968,0.0687083372545329,0.019047619047619046,0.08930688876341052,0.061457745153397324
logit,stage-cal,O,specificity,0.9995577281191806,0.9993482309124772,0.9997439478584734,1.0,0.9995111731843576,0.9991620111731843
logit,stage-cal,O,balanced_accuracy,0.5151955307262569,0.5120239757914341,0.5185405027932962,0.5050000000000001,0.5241305865921787,0.5164560055865921
logit,stage-cal,O,mcc,0.10729438969684325,0.08611147092265843,0.12978807838442158,0.043579860532496316,0.16806785638185762,0.11023545217617584
logit,stage-cal,O,map,0.42361000709307967,0.40748602752632906,0.4394421111388485,0.4243500660367435,0.41833970453819613,0.4281402507042992
logit,stage-cal,O,mrr,0.4740448091639857,0.4572341272495988,0.49021813169505263,0.4797232844390737,0.4677078299841516,0.47470331306873187
logit,stage-cal,O,recall_at_1,0.23883928571428573,0.2236607142857143,0.2543154761904762,0.23973214285714278,0.23705357142857153,0.23973214285714284
logit,stage-cal,O,recall_at_3,0.4355654761904762,0.41324404761904754,0.45803943452380946,0.43973214285714296,0.4294642857142857,0.4375
logit,stage-cal,O,recall_at_5,0.5395833333333334,0.5171130952380955,0.5620535714285714,0.5495535714285713,0.5379464285714286,0.5312500000000002
logit,stage-cal,O,recall_at_10,0.7113095238095237,0.6892857142857143,0.733779761904762,0.7183035714285714,0.7022321428571427,0.713392857142857
logit,stage-cal,O,ndcg_at_1,0.3294642857142857,0.3104166666666667,0.34821428571428553,0.33035714285714285,0.32410714285714287,0.33392857142857146
logit,stage-cal,O,ndcg_at_3,0.3844791801283179,0.36508492628146505,0.40345802198730085,0.38676810359950425,0.3782782282487795,0.38839120853667
logit,stage-cal,O,ndcg_at_5,0.4313352011666843,0.41262911533508445,0.44946621133721243,0.4357003362715993,0.4273349465440305,0.4309703206844232
logit,stage-cal,O,ndcg_at_10,0.49241716552034687,0.4751050362962346,0.5094285805098289,0.49610216754210434,0.48601876598075233,0.4951305630381838
logit,stage-cal,N,average_precision,0.29157789550190727,0.2709038066517069,0.31211089944267983,0.29206895023687857,0.2860109202478815,0.29665381602096175
logit,stage-cal,N,trapezoidal_pr_auc,0.27847527439496694,0.2574375215340804,0.29948601698797994,0.28002048596777396,0.27287475176999776,0.28253058544712906
logit,stage-cal,N,roc_auc,0.7497974860335196,0.7358332169459966,0.7640165560986967,0.7436138268156426,0.7418505586592179,0.7639280726256983
logit,stage-cal,N,recall_at_fpr_1pct,0.16708333333333333,0.14833333333333334,0.18666666666666668,0.16749999999999993,0.17,0.16375000000000003
logit,stage-cal,N,brier,0.045068140937625345,0.044517732598474184,0.04560641233801651,0.04516657468314812,0.04541947926415084,0.04461836886557709
logit,stage-cal,N,log_loss,0.1800328356992111,0.1771102893636448,0.18294109637148057,0.18098522710490642,0.18160768236382016,0.17750559762890672
logit,stage-cal,N,precision,0.38611111111111107,0.30972222222222223,0.45975694444444404,0.3125,0.225,0.6208333333333333
logit,stage-cal,N,recall,0.03208333333333333,0.02375,0.04083333333333333,0.026250000000000002,0.017499999999999998,0.052500000000000005
logit,stage-cal,N,f1,0.058037204341552164,0.043918917435221784,0.07322561798105275,0.047430830039525695,0.032062864671560325,0.09461791831357048
logit,stage-cal,N,specificity,0.999534450651769,0.9992783985102427,0.999767225325885,0.9995810055865922,0.9997905027932962,0.9992318435754189
logit,stage-cal,N,balanced_accuracy,0.5158088919925512,0.5117236964618251,0.5202307378957173,0.5129155027932961,0.5086452513966482,0.5258659217877094
logit,stage-cal,N,mcc,0.10366714994112658,0.08147617509189702,0.12637434987300117,0.08435593848021025,0.05910499496788665,0.16754051637528283
logit,stage-cal,N,map,0.4416172639533826,0.4247587268813828,0.4584932932396521,0.4312034278806663,0.4357432786600449,0.45790508531943636
logit,stage-cal,N,mrr,0.49101886486763097,0.4732966829985446,0.5078332080244231,0.4811171059902578,0.48107616129062175,0.5108633273220133
logit,stage-cal,N,recall_at_1,0.2529761904761905,0.2358630952380953,0.2697953869047619,0.2441964285714285,0.24910714285714297,0.265625
logit,stage-cal,N,recall_at_3,0.45863095238095236,0.43869047619047624,0.47916666666666674,0.4433035714285715,0.4464285714285713,0.4861607142857142
logit,stage-cal,N,recall_at_5,0.5610119047619048,0.5403273809523811,0.5816964285714288,0.5526785714285715,0.553125,0.5772321428571429
logit,stage-cal,N,recall_at_10,0.7361607142857142,0.717559523809524,0.7562500000000002,0.7241071428571426,0.7165178571428571,0.7678571428571429
logit,stage-cal,N,ndcg_at_1,0.34732142857142856,0.32529761904761906,0.3681547619047618,0.3392857142857143,0.3410714285714286,0.3616071428571429
logit,stage-cal,N,ndcg_at_3,0.40485488260203023,0.3859590369835923,0.4236044523673668,0.39164227091970494,0.3960949637279555,0.4268274131584303
logit,stage-cal,N,ndcg_at_5,0.45128300048084585,0.43270094769369494,0.46981128570529235,0.4413625645782999,0.44430492191822213,0.4681815149460154
logit,stage-cal,N,ndcg_at_10,0.5131385215576235,0.49628300752339555,0.5303609286725359,0.5020825850226147,0.5020916199119647,0.5352413597382911
logit,stage-cal,Z,average_precision,0.2949215679247065,0.2724533759556757,0.31871964338880554,0.27938026956126316,0.31617567239202893,0.28920876182082733
logit,stage-cal,Z,trapezoidal_pr_auc,0.28132906954110465,0.2585922035876685,0.30596867033068337,0.2667417390544126,0.302269939282532,0.27497553028636934
logit,stage-cal,Z,roc_auc,0.7490712290502795,0.734429120111732,0.7642461010242084,0.7245810055865922,0.7626117318435756,0.7600209497206704
logit,stage-cal,Z,recall_at_fpr_1pct,0.17833333333333334,0.15583333333333332,0.20166666666666663,0.17250000000000001,0.20750000000000002,0.155
logit,stage-cal,Z,brier,0.044983790118898255,0.04435194803303312,0.04557226173453865,0.04586562205834514,0.04422310425510867,0.04486264404324096
logit,stage-cal,Z,log_loss,0.18003596940145314,0.1767759984560837,0.18315476380280643,0.18449513311053786,0.17664128804020987,0.17897148705361166
logit,stage-cal,Z,precision,0.36111111111111116,0.2611111111111111,0.4527777777777778,0.0,0.45,0.6333333333333334
logit,stage-cal,Z,recall,0.029166666666666664,0.019999999999999997,0.03833333333333332,0.0,0.034999999999999996,0.052500000000000005
logit,stage-cal,Z,f1,0.05317146621494448,0.036887508626639066,0.06945573749921576,0.0,0.06412572934312065,0.09538866930171279
logit,stage-cal,Z,specificity,0.9996275605214153,0.9993947858473002,0.9998603351955311,1.0,0.9995810055865922,0.9993016759776536
logit,stage-cal,Z,balanced_accuracy,0.5143971135940409,0.5098137802607079,0.519003724394786,0.5,0.5172905027932961,0.5259008379888268
logit,stage-cal,Z,mcc,0.09626124060003584,0.06901716829380654,0.12243304634372602,0.0,0.1182099899357733,0.17057373186433425
logit,stage-cal,Z,map,0.4437932800156059,0.42561427645307787,0.463049918853305,0.41087147889924625,0.4718422314047716,0.44866612974279985
logit,stage-cal,Z,mrr,0.494650158637546,0.4763832294690085,0.5135526281232282,0.4535833476998591,0.5196952751142365,0.5106718530985425
logit,stage-cal,Z,recall_at_1,0.25952380952380955,0.24047619047619045,0.2791666666666667,0.23124999999999996,0.2901785714285715,0.2571428571428571
logit,stage-cal,Z,recall_at_3,0.45803571428571427,0.43601190476190466,0.48066220238095225,0.4125,0.47232142857142856,0.4892857142857142
logit,stage-cal,Z,recall_at_5,0.5559523809523809,0.5330357142857145,0.5791666666666666,0.5151785714285715,0.5830357142857142,0.5696428571428571
logit,stage-cal,Z,recall_at_10,0.7380952380952381,0.7169642857142856,0.7601190476190474,0.6982142857142857,0.7428571428571428,0.7732142857142856
logit,stage-cal,Z,ndcg_at_1,0.3535714285714285,0.3303571428571429,0.3779761904761905,0.3142857142857142,0.38928571428571435,0.35714285714285704
logit,stage-cal,Z,ndcg_at_3,0.4067861955309608,0.38677020237843424,0.42777814230339867,0.3657936453794548,0.43039874601688205,0.4241661951965453
logit,stage-cal,Z,ndcg_at_5,0.45108365719801496,0.43042167376904134,0.47188947934493997,0.41225359568718883,0.4802199077451991,0.4607774681616569
logit,stage-cal,Z,ndcg_at_10,0.5152110222625192,0.49707221000035845,0.5341681597784943,0.4770612934887521,0.5368459264672646,0.5317258468315411
logit,stage-cal,F_first,average_precision,0.046519519682692835,0.02576101901392102,0.0671521263105322,0.04852966580369729,0.04213640259177033,0.04889249065261091
logit,stage-cal,F_first,trapezoidal_pr_auc,0.04648426989482,0.024789085523194473,0.06785595736699067,0.051170681836672983,0.03778967558799341,0.05049245225979358
logit,stage-cal,F_first,roc_auc,0.032247439478584716,0.018835952048417128,0.04565968342644319,0.02168296089385476,0.03996159217877093,0.03509776536312846
logit,stage-cal,F_first,recall_at_fpr_1pct,0.01916666666666667,-0.006666666666666664,0.044166666666666674,0.017499999999999995,4.163336342344337e-18,0.04000000000000001
logit,stage-cal,F_first,brier,0.0018505593750090534,0.0012853195834187172,0.0024361773429136774,0.0018587321596264452,0.0016616136729717356,0.0020313322924289797
logit,stage-cal,F_first,log_loss,0.009849207044594072,0.007085934611431369,0.012659504526600184,0.008499196994721746,0.011405129744675254,0.009643294394385212
logit,stage-cal,F_first,precision,0.10055555555555555,-0.017506944444444436,0.21667361111111103,0.3,-0.17416666666666666,0.17583333333333334
logit,stage-cal,F_first,recall,0.03166666666666667,0.018333333333333337,0.045,0.024999999999999998,0.010000000000000004,0.06000000000000001
logit,stage-cal,F_first,f1,0.05213921826965306,0.02995148064495891,0.07458629383901122,0.04551101072840204,0.012792866553736121,0.098113777526821
logit,stage-cal,F_first,specificity,-0.0010707635009311045,-0.0015363128491620189,-0.0006052141527001918,-0.00027932960893854996,-0.0015363128491620137,-0.0013966480446927498
logit,stage-cal,F_first,balanced_accuracy,0.015297951582867777,0.008677839851024206,0.021941922718808182,0.01236033519553073,0.004231843575418984,0.029301675977653617
logit,stage-cal,F_first,mcc,0.059369812134284494,0.02577931584535873,0.09251278223823158,0.08160043398602043,-0.014732530730733388,0.11124153314756642
logit,stage-cal,F_first,map,0.0605467779780627,0.03971555778176633,0.08082680760364207,0.06475251372970195,0.059286271933008984,0.05760154827147716
logit,stage-cal,F_first,mrr,0.05865981809115459,0.03734985406087308,0.07962678007253342,0.06327815573354172,0.056466408057006846,0.05623489048291521
logit,stage-cal,F_first,recall_at_1,0.05446428571428571,0.031250000000000014,0.0761904761904762,0.06517857142857142,0.04464285714285714,0.05357142857142857
logit,stage-cal,F_first,recall_at_3,0.07291666666666667,0.045230654761904736,0.09970982142857134,0.08303571428571428,0.06964285714285715,0.06607142857142857
logit,stage-cal,F_first,recall_at_5,0.07470238095238095,0.047321428571428584,0.10297619047619047,0.05446428571428572,0.08392857142857142,0.08571428571428572
logit,stage-cal,F_first,recall_at_10,0.04047619047619047,0.01964285714285714,0.06279761904761905,0.009821428571428564,0.05892857142857142,0.05267857142857143
logit,stage-cal,F_first,ndcg_at_1,0.06607142857142857,0.03928571428571429,0.09345238095238093,0.0785714285714286,0.05714285714285714,0.06249999999999998
logit,stage-cal,F_first,ndcg_at_3,0.0689033352233211,0.0440093365257263,0.09311978331690395,0.07931134519533031,0.06482839867199618,0.0625702618026368
logit,stage-cal,F_first,ndcg_at_5,0.06989879408477002,0.04707538829186469,0.09262276187493484,0.06753638851306233,0.07222944084186265,0.0699305528993851
logit,stage-cal,F_first,ndcg_at_10,0.05761144816323102,0.038135000217619223,0.07653049860747152,0.052271123346188254,0.0619015914130865,0.05866162973041831
logit,stage-cal,F,average_precision,0.03350488874355748,0.02156366030197018,0.04493466273146987,0.04226235149710089,0.01073588508566893,0.04751642964790262
logit,stage-cal,F,trapezoidal_pr_auc,0.03436156630034334,0.021916993900057812,0.046339724970890145,0.045367329122030634,0.007240145090772346,0.05047722468822704
logit,stage-cal,F,roc_auc,0.021631168528864046,0.012439755004655474,0.03090729748603349,0.018118016759776544,0.015078561452513947,0.031696927374301645
logit,stage-cal,F,recall_at_fpr_1pct,0.012499999999999997,-0.002916666666666666,0.027916666666666663,0.016249999999999994,-0.01125,0.0325
logit,stage-cal,F,brier,0.0011807190957646594,0.0008307662055811125,0.0015266851925368793,0.0014346022630970985,0.00046513658441406803,0.0016424184397828118
logit,stage-cal,F,log_loss,0.006520524214503303,0.004759304604704443,0.008356443615622086,0.006260258598479784,0.005001408421042239,0.008299905623987885
logit,stage-cal,F,precision,0.06694444444444443,-0.03333680555555557,0.16680555555555554,0.36250000000000004,-0.36208333333333337,0.20041666666666663
logit,stage-cal,F,recall,0.02166666666666667,0.012083333333333335,0.03125,0.03375000000000001,-0.011249999999999998,0.0425
logit,stage-cal,F,f1,0.035725484660267266,0.019221592085450784,0.05229061147186145,0.060662525879917176,-0.02412304724261246,0.07063697534349708
logit,stage-cal,F,specificity,-0.0006284916201117356,-0.0010009310986964668,-0.00027932960893855,-0.0005586592178770999,-0.0006983240223463694,-0.0006284916201117375
logit,stage-cal,F,balanced_accuracy,0.010519087523277465,0.005750407355679698,0.015369791666666651,0.01659567039106146,-0.005974162011173197,0.02093575418994413
logit,stage-cal,F,mcc,0.04073982200862266,0.013137503369865917,0.06760515500277217,0.10336622520697233,-0.0715175627829332,0.09037080360182884
logit,stage-cal,F,map,0.040296729832956006,0.028589666201450665,0.051776702051124605,0.03999410527849991,0.028136432593967066,0.05275965162640104
logit,stage-cal,F,mrr,0.037614188118092355,0.02586707330451878,0.049161516600881694,0.03604856952652483,0.027058596672136732,0.049735398155615486
logit,stage-cal,F,recall_at_1,0.03125,0.017857142857142853,0.04434895833333329,0.03303571428571429,0.014732142857142855,0.04598214285714285
logit,stage-cal,F,recall_at_3,0.05178571428571429,0.03526785714285714,0.0681547619047619,0.05178571428571428,0.04419642857142857,0.059375
logit,stage-cal,F,recall_at_5,0.05550595238095238,0.03690476190476192,0.07425967261904759,0.04687500000000001,0.047767857142857126,0.071875
logit,stage-cal,F,recall_at_10,0.03154761904761905,0.015922619047619047,0.04776785714285714,0.015624999999999991,0.026339285714285697,0.05267857142857144
logit,stage-cal,F,ndcg_at_1,0.039285714285714285,0.022916666666666672,0.05535714285714287,0.044642857142857144,0.02142857142857143,0.05178571428571428
logit,stage-cal,F,ndcg_at_3,0.046481842367597226,0.03269365499723855,0.05984300152672388,0.04740708357649649,0.03578841959805101,0.056250023928244186
logit,stage-cal,F,ndcg_at_5,0.04846195914963989,0.035163680440319256,0.06177928028562196,0.046107394373381023,0.038044484665609835,0.06123399840992884
logit,stage-cal,F,ndcg_at_10,0.03958885614321467,0.028139583254377935,0.050804376877635636,0.03452551935299799,0.029440678568813217,0.054800370507832784
logit,stage-cal,G,average_precision,0.06160893251990678,0.0483092179298331,0.07513096390094239,0.06916780997225226,0.06906077287267594,0.04659821471479215
logit,stage-cal,G,trapezoidal_pr_auc,0.062488293445240456,0.048821059214632874,0.07635836963631454,0.07125441650982345,0.07066436966766657,0.04554609415823136
logit,stage-cal,G,roc_auc,0.035040735567970195,0.02602377211359403,0.04459584497206703,0.04304120111731843,0.0328421787709497,0.02923882681564246
logit,stage-cal,G,recall_at_fpr_1pct,0.03916666666666666,0.023749999999999993,0.05583333333333334,0.032499999999999994,0.05125,0.03375
logit,stage-cal,G,brier,0.0019640626721293057,0.001580519638653447,0.0023633992305512348,0.002179026977688593,0.0022367672546382855,0.0014763937840610382
logit,stage-cal,G,log_loss,0.009159285931589404,0.007319958366895788,0.011115182705768153,0.011117482605215962,0.008995628759229138,0.007364746430323113
logit,stage-cal,G,precision,0.06944444444444443,-0.015277777777777779,0.1513888888888889,0.075,0.012500000000000011,0.12083333333333332
logit,stage-cal,G,recall,0.0062499999999999995,-0.0016666666666666674,0.014166666666666668,0.0125,-0.0012500000000000015,0.0075
logit,stage-cal,G,f1,0.011197389566954784,-0.002501803751803748,0.024799297321036428,0.021565029173724826,-0.001527820006080874,0.0135549595332204
logit,stage-cal,G,specificity,0.0008147113594041013,0.00041899441340782404,0.0012104283054003794,0.00020949720670391248,0.0015363128491620221,0.0006983240223463694
logit,stage-cal,G,balanced_accuracy,0.0035323556797020525,-0.0004379073556797011,0.007513966480446929,0.006354748603351959,0.00014315642458100907,0.004099162011173188
logit,stage-cal,G,mcc,0.02205442735383084,-0.0008594076445319025,0.043911576429932195,0.03167727397920067,0.004638441709586652,0.029847566372705192
logit,stage-cal,G,map,0.04899821460685452,0.034705412011384926,0.06349215888604387,0.04750837520242771,0.05010171441431042,0.04938455420382545
logit,stage-cal,G,mrr,0.053122661694907834,0.037576233946034265,0.06870371322052882,0.05133550138249389,0.05523344360404089,0.05279904009818871
logit,stage-cal,G,recall_at_1,0.040625,0.022767857142857142,0.058630952380952374,0.03526785714285715,0.04732142857142857,0.03928571428571428
logit,stage-cal,G,recall_at_3,0.0599702380952381,0.04226190476190476,0.07782738095238093,0.05848214285714286,0.04821428571428572,0.0732142857142857
logit,stage-cal,G,recall_at_5,0.048065476190476186,0.031547619047619054,0.06502976190476191,0.05892857142857142,0.04910714285714285,0.03616071428571429
logit,stage-cal,G,recall_at_10,0.046130952380952384,0.0318452380952381,0.06101190476190477,0.046874999999999986,0.04241071428571429,0.04910714285714286
logit,stage-cal,G,ndcg_at_1,0.05803571428571428,0.037492559523809525,0.07946428571428572,0.05714285714285713,0.062499999999999986,0.05446428571428573
logit,stage-cal,G,ndcg_at_3,0.05695915006076066,0.04049763174392171,0.07373575710218287,0.05426711359272325,0.05285754214755657,0.06375279444200216
logit,stage-cal,G,ndcg_at_5,0.05236972257470449,0.03695829788512983,0.06780771161030119,0.05531641437099418,0.053732659690367626,0.04806009366275167
logit,stage-cal,G,ndcg_at_10,0.051497956132957205,0.03836708772613715,0.0647382925958287,0.05063149846241326,0.051927480620311384,0.05193488931614696
logit,stage-cal,final_all,average_precision,0.28215169409048374,0.2632471621911977,0.30156167425370184,0.2696771201995401,0.295177319855705,0.2816006422162061
logit,stage-cal,final_all,trapezoidal_pr_auc,0.2683882371055361,0.24884566028526015,0.2883261569600488,0.25503029422412266,0.284092412055614,0.26604200503687164
logit,stage-cal,final_all,roc_auc,0.7431257759155804,0.7296187053848541,0.7567793102110492,0.7327467411545622,0.7481599162011174,0.7484706703910613
logit,stage-cal,final_all,recall_at_fpr_1pct,0.16805555555555554,0.15083333333333335,0.18611111111111117,0.15916666666666662,0.1808333333333334,0.16416666666666668
logit,stage-cal,final_all,brier,0.045272901334756366,0.04475623702851076,0.045788566906636415,0.04573761267474037,0.04500514846557831,0.04507594286395043
logit,stage-cal,final_all,log_loss,0.1818116511993938,0.17901988581045683,0.18464294784253332,0.1839471156424676,0.18103280639707148,0.18045503155864226
logit,stage-cal,final_all,precision,0.40370370370370373,0.3314814814814814,0.4768518518518518,0.13333333333333333,0.5861111111111114,0.4916666666666666
logit,stage-cal,final_all,recall,0.030277777777777796,0.024166666666666663,0.036388888888888894,0.006666666666666666,0.0441666666666667,0.04000000000000002
logit,stage-cal,final_all,f1,0.055459878285965214,0.04472728056967188,0.06663584603801996,0.012698412698412698,0.08091316895664716,0.07276805320283579
logit,stage-cal,final_all,specificity,0.999581005586592,0.9994258224705154,0.9997361887026694,0.9999999999999998,0.9995344506517689,0.9992085661080072
logit,stage-cal,final_all,balanced_accuracy,0.5149293916821849,0.5119200031036621,0.5180549542209807,0.5033333333333332,0.5218505586592179,0.5196042830540035
logit,stage-cal,final_all,mcc,0.10361667333124075,0.08459386510790848,0.12312478632290702,0.029053240354997546,0.1514485675664961,0.1303482120722286
logit,stage-cal,final_all,map,0.4303377647339217,0.4147440398023602,0.4458824710351781,0.4198572036575777,0.4361738801603881,0.43498221038379936
logit,stage-cal,final_all,mrr,0.48091325898850584,0.464895722598004,0.49686375372189934,0.47100997219266894,0.4850369783608464,0.48669282641200207
logit,stage-cal,final_all,recall_at_1,0.24573412698412703,0.23095238095238105,0.2605183531746032,0.2369047619047619,0.2547619047619048,0.24553571428571436
logit,stage-cal,final_all,recall_at_3,0.44305555555555554,0.42281746031746037,0.4631969246031745,0.4306547619047619,0.44375,0.4547619047619048
logit,stage-cal,final_all,recall_at_5,0.5450396825396825,0.5249007936507939,0.5647817460317462,0.5380952380952382,0.5529761904761903,0.544047619047619
logit,stage-cal,final_all,recall_at_10,0.7202380952380952,0.700595238095238,0.7407738095238091,0.7116071428571429,0.7157738095238093,0.7333333333333332
logit,stage-cal,final_all,ndcg_at_1,0.33749999999999974,0.3194444444444444,0.3553571428571428,0.3249999999999998,0.3458333333333331,0.34166666666666645
logit,stage-cal,final_all,ndcg_at_3,0.3919148519291989,0.37376930113000406,0.4099249532610217,0.37977661752615444,0.39565173417148036,0.40031620408996194
logit,stage-cal,final_all,ndcg_at_5,0.4379180198437946,0.4204010339671669,0.4552016767798322,0.4278847560767958,0.44496326694442,0.4409060365101677
logit,stage-cal,final_all,ndcg_at_10,0.5000151177677375,0.4833465188889078,0.5166718360928165,0.4897552095243204,0.5029611528095898,0.5073289909693026
logit,first-cal,O,average_precision,0.27576675717337246,0.2570945763986348,0.2949943315105565,0.26482554551867865,0.28467814358754306,0.27779658241389577
logit,first-cal,O,trapezoidal_pr_auc,0.26191782088775173,0.24263356101656502,0.2814004638596525,0.24917457180897765,0.27500364844215486,0.26157524241212265
logit,first-cal,O,roc_auc,0.740153049348231,0.7260622963221606,0.7544080103584733,0.7368296089385477,0.7409340083798883,0.7426955307262569
logit,first-cal,O,recall_at_fpr_1pct,0.16291666666666668,0.14458333333333337,0.1816666666666667,0.15250000000000002,0.1675,0.16874999999999998
logit,first-cal,O,brier,0.050663616292608016,0.0493584885085123,0.05193389752575128,0.04781263348209748,0.04989800896046231,0.05428020643526428
logit,first-cal,O,log_loss,0.19928475820485989,0.19478637447315358,0.20366312703412834,0.1915486080817263,0.19751074550397416,0.20879492102887917
logit,first-cal,O,precision,0.44905056022122586,0.40601939468662573,0.49449236591080625,0.4793082611832612,0.4652009102009102,0.4026425092795062
logit,first-cal,O,recall,0.18583333333333332,0.17,0.2020833333333333,0.13375000000000004,0.18,0.24374999999999997
logit,first-cal,O,f1,0.24847508156062884,0.228740797557764,0.2686074887804736,0.20216615312630207,0.2522181335677427,0.2910409579878418
logit,first-cal,O,specificity,0.9854283054003726,0.9834962756052144,0.9872905027932962,0.9923184357541898,0.9870111731843577,0.9769553072625701
logit,first-cal,O,balanced_accuracy,0.5856308193668528,0.5779826291899443,0.5935454201582867,0.5630342178770948,0.5835055865921788,0.6103526536312847
logit,first-cal,O,mcc,0.2549961783337118,0.23259843589791976,0.278174834981233,0.228573278466104,0.2603789251617742,0.2760363313732572
logit,first-cal,O,map,0.42361000709307967,0.40748602752632906,0.4394421111388485,0.4243500660367435,0.41833970453819613,0.4281402507042992
logit,first-cal,O,mrr,0.4740448091639857,0.4572341272495988,0.49021813169505263,0.4797232844390737,0.4677078299841516,0.47470331306873187
logit,first-cal,O,recall_at_1,0.23883928571428573,0.2236607142857143,0.2543154761904762,0.23973214285714278,0.23705357142857153,0.23973214285714284
logit,first-cal,O,recall_at_3,0.4355654761904762,0.41324404761904754,0.45803943452380946,0.43973214285714296,0.4294642857142857,0.4375
logit,first-cal,O,recall_at_5,0.5395833333333334,0.5171130952380955,0.5620535714285714,0.5495535714285713,0.5379464285714286,0.5312500000000002
logit,first-cal,O,recall_at_10,0.7113095238095237,0.6892857142857143,0.733779761904762,0.7183035714285714,0.7022321428571427,0.713392857142857
logit,first-cal,O,ndcg_at_1,0.3294642857142857,0.3104166666666667,0.34821428571428553,0.33035714285714285,0.32410714285714287,0.33392857142857146
logit,first-cal,O,ndcg_at_3,0.3844791801283179,0.36508492628146505,0.40345802198730085,0.38676810359950425,0.3782782282487795,0.38839120853667
logit,first-cal,O,ndcg_at_5,0.4313352011666843,0.41262911533508445,0.44946621133721243,0.4357003362715993,0.4273349465440305,0.4309703206844232
logit,first-cal,O,ndcg_at_10,0.49241716552034687,0.4751050362962346,0.5094285805098289,0.49610216754210434,0.48601876598075233,0.4951305630381838
logit,first-cal,N,average_precision,0.29157789550190727,0.2709038066517069,0.31211089944267983,0.29206895023687857,0.2860109202478815,0.29665381602096175
logit,first-cal,N,trapezoidal_pr_auc,0.27847527439496694,0.2574375215340804,0.29948601698797994,0.28002048596777396,0.27287475176999776,0.28253058544712906
logit,first-cal,N,roc_auc,0.7497974860335196,0.7358332169459966,0.7640165560986967,0.7436138268156426,0.7418505586592179,0.7639280726256983
logit,first-cal,N,recall_at_fpr_1pct,0.16708333333333333,0.14833333333333334,0.18666666666666668,0.16749999999999993,0.17,0.16375000000000003
logit,first-cal,N,brier,0.04829641714124507,0.047192785636780636,0.04942541265852443,0.046367042603881366,0.04767937467264291,0.05084283414721093
logit,first-cal,N,log_loss,0.19097989627963896,0.18680264256208395,0.19508883450426054,0.18608439694149576,0.1908161168531295,0.19603917504429164
logit,first-cal,N,precision,0.515294107051073,0.464326042574664,0.5672183035411799,0.5513095238095238,0.5850935175935177,0.40947927975017767
logit,first-cal,N,recall,0.15999999999999995,0.14457291666666666,0.17541666666666672,0.11124999999999999,0.1524999999999999,0.21624999999999997
logit,first-cal,N,f1,0.22556719561083305,0.20453906835354835,0.24619283768691616,0.1800297956527342,0.22555278169499582,0.27111900948476914
logit,first-cal,N,specificity,0.9891061452513967,0.9878258845437616,0.9903631284916202,0.9952513966480445,0.9917597765363129,0.9803072625698327
logit,first-cal,N,balanced_accuracy,0.5745530726256983,0.5668314420391063,0.5822492143854751,0.5532506983240224,0.5721298882681564,0.5982786312849162
logit,first-cal,N,mcc,0.2506312156592558,0.22629096901054332,0.27417253957256627,0.2265346882183264,0.2632040450611567,0.2621549136982843
logit,first-cal,N,map,0.4416172639533826,0.4247587268813828,0.4584932932396521,0.4312034278806663,0.4357432786600449,0.45790508531943636
logit,first-cal,N,mrr,0.49101886486763097,0.4732966829985446,0.5078332080244231,0.4811171059902578,0.48107616129062175,0.5108633273220133
logit,first-cal,N,recall_at_1,0.2529761904761905,0.2358630952380953,0.2697953869047619,0.2441964285714285,0.24910714285714297,0.265625
logit,first-cal,N,recall_at_3,0.45863095238095236,0.43869047619047624,0.47916666666666674,0.4433035714285715,0.4464285714285713,0.4861607142857142
logit,first-cal,N,recall_at_5,0.5610119047619048,0.5403273809523811,0.5816964285714288,0.5526785714285715,0.553125,0.5772321428571429
logit,first-cal,N,recall_at_10,0.7361607142857142,0.717559523809524,0.7562500000000002,0.7241071428571426,0.7165178571428571,0.7678571428571429
logit,first-cal,N,ndcg_at_1,0.34732142857142856,0.32529761904761906,0.3681547619047618,0.3392857142857143,0.3410714285714286,0.3616071428571429
logit,first-cal,N,ndcg_at_3,0.40485488260203023,0.3859590369835923,0.4236044523673668,0.39164227091970494,0.3960949637279555,0.4268274131584303
logit,first-cal,N,ndcg_at_5,0.45128300048084585,0.43270094769369494,0.46981128570529235,0.4413625645782999,0.44430492191822213,0.4681815149460154
logit,first-cal,N,ndcg_at_10,0.5131385215576235,0.49628300752339555,0.5303609286725359,0.5020825850226147,0.5020916199119647,0.5352413597382911
logit,first-cal,Z,average_precision,0.2949215679247065,0.2724533759556757,0.31871964338880554,0.27938026956126316,0.31617567239202893,0.28920876182082733
logit,first-cal,Z,trapezoidal_pr_auc,0.28132906954110465,0.2585922035876685,0.30596867033068337,0.2667417390544126,0.302269939282532,0.27497553028636934
logit,first-cal,Z,roc_auc,0.7490712290502795,0.734429120111732,0.7642461010242084,0.7245810055865922,0.7626117318435756,0.7600209497206704
logit,first-cal,Z,recall_at_fpr_1pct,0.17833333333333334,0.15583333333333332,0.20166666666666663,0.17250000000000001,0.20750000000000002,0.155
logit,first-cal,Z,brier,0.04993278006812061,0.048537398169019856,0.051242868491640496,0.047741267675924196,0.047597794169031135,0.05445927835940649
logit,first-cal,Z,log_loss,0.1960641406574852,0.1912682304984498,0.2006934706470388,0.1924604636030497,0.1888819012823842,0.20685005708702167
logit,first-cal,Z,precision,0.478933896197828,0.4249469825070155,0.5353736936062303,0.535952380952381,0.5524489399489398,0.3484003676921633
logit,first-cal,Z,recall,0.19166666666666665,0.17250000000000007,0.21083333333333337,0.11000000000000001,0.20749999999999993,0.25749999999999995
logit,first-cal,Z,f1,0.25338143312340483,0.22889590170188429,0.2781818296379004,0.17657771086706614,0.2904267430155192,0.29313984548762917
logit,first-cal,Z,specificity,0.9854283054003723,0.9837057728119182,0.9871508379888267,0.9948324022346368,0.9889664804469274,0.9724860335195531
logit,first-cal,Z,balanced_accuracy,0.5885474860335195,0.579259369180633,0.5983221019553072,0.5524162011173184,0.5982332402234636,0.6149930167597765
logit,first-cal,Z,mcc,0.2646937501681049,0.237021383274955,0.29300003074858344,0.2213074584347444,0.308115558694533,0.26465823337503736
logit,first-cal,Z,map,0.4437932800156059,0.42561427645307787,0.463049918853305,0.41087147889924625,0.4718422314047716,0.44866612974279985
logit,first-cal,Z,mrr,0.494650158637546,0.4763832294690085,0.5135526281232282,0.4535833476998591,0.5196952751142365,0.5106718530985425
logit,first-cal,Z,recall_at_1,0.25952380952380955,0.24047619047619045,0.2791666666666667,0.23124999999999996,0.2901785714285715,0.2571428571428571
logit,first-cal,Z,recall_at_3,0.45803571428571427,0.43601190476190466,0.48066220238095225,0.4125,0.47232142857142856,0.4892857142857142
logit,first-cal,Z,recall_at_5,0.5559523809523809,0.5330357142857145,0.5791666666666666,0.5151785714285715,0.5830357142857142,0.5696428571428571
logit,first-cal,Z,recall_at_10,0.7380952380952381,0.7169642857142856,0.7601190476190474,0.6982142857142857,0.7428571428571428,0.7732142857142856
logit,first-cal,Z,ndcg_at_1,0.3535714285714285,0.3303571428571429,0.3779761904761905,0.3142857142857142,0.38928571428571435,0.35714285714285704
logit,first-cal,Z,ndcg_at_3,0.4067861955309608,0.38677020237843424,0.42777814230339867,0.3657936453794548,0.43039874601688205,0.4241661951965453
logit,first-cal,Z,ndcg_at_5,0.45108365719801496,0.43042167376904134,0.47188947934493997,0.41225359568718883,0.4802199077451991,0.4607774681616569
logit,first-cal,Z,ndcg_at_10,0.5152110222625192,0.49707221000035845,0.5341681597784943,0.4770612934887521,0.5368459264672646,0.5317258468315411
logit,first-cal,F_first,average_precision,0.046519519682692835,0.02576101901392102,0.0671521263105322,0.04852966580369729,0.04213640259177033,0.04889249065261091
logit,first-cal,F_first,trapezoidal_pr_auc,0.04648426989482,0.024789085523194473,0.06785595736699067,0.051170681836672983,0.03778967558799341,0.05049245225979358
logit,first-cal,F_first,roc_auc,0.032247439478584716,0.018835952048417128,0.04565968342644319,0.02168296089385476,0.03996159217877093,0.03509776536312846
logit,first-cal,F_first,recall_at_fpr_1pct,0.01916666666666667,-0.006666666666666664,0.044166666666666674,0.017499999999999995,4.163336342344337e-18,0.04000000000000001
logit,first-cal,F_first,brier,0.00673507977782373,0.0053453701031740295,0.008135137650195018,0.0034748486510818256,0.005220756029650458,0.011509634652738906
logit,first-cal,F_first,log_loss,0.02547920560912863,0.020998137653047224,0.02998497847772435,0.015558941980933405,0.022048429442596017,0.03883024540385647
logit,first-cal,F_first,precision,0.1027331650977162,-0.004993369407939833,0.20096832336122192,-0.017083333333333332,0.11215270840270841,0.21313012022377356
logit,first-cal,F_first,recall,-0.11833333333333333,-0.14,-0.09833333333333333,-0.07499999999999998,-0.12249999999999998,-0.1575
logit,first-cal,F_first,f1,-0.1297899919825962,-0.16130777721144865,-0.10089436711802724,-0.11310224558050645,-0.1414562206540122,-0.13481150971326988
logit,first-cal,F_first,specificity,0.012104283054003717,0.009962756052141511,0.014338919925512098,0.004050279329608946,0.011173184357541877,0.021089385474860323
logit,first-cal,F_first,balanced_accuracy,-0.0531145251396648,-0.0638792481378026,-0.043186627094972056,-0.035474860335195514,-0.05566340782122904,-0.06820530726256985
logit,first-cal,F_first,mcc,-0.07743738968708751,-0.11600575148921079,-0.04101167625442377,-0.09433650608786959,-0.08354817924772036,-0.05442748372567259
logit,first-cal,F_first,map,0.0605467779780627,0.03971555778176633,0.08082680760364207,0.06475251372970195,0.059286271933008984,0.05760154827147716
logit,first-cal,F_first,mrr,0.05865981809115459,0.03734985406087308,0.07962678007253342,0.06327815573354172,0.056466408057006846,0.05623489048291521
logit,first-cal,F_first,recall_at_1,0.05446428571428571,0.031250000000000014,0.0761904761904762,0.06517857142857142,0.04464285714285714,0.05357142857142857
logit,first-cal,F_first,recall_at_3,0.07291666666666667,0.045230654761904736,0.09970982142857134,0.08303571428571428,0.06964285714285715,0.06607142857142857
logit,first-cal,F_first,recall_at_5,0.07470238095238095,0.047321428571428584,0.10297619047619047,0.05446428571428572,0.08392857142857142,0.08571428571428572
logit,first-cal,F_first,recall_at_10,0.04047619047619047,0.01964285714285714,0.06279761904761905,0.009821428571428564,0.05892857142857142,0.05267857142857143
logit,first-cal,F_first,ndcg_at_1,0.06607142857142857,0.03928571428571429,0.09345238095238093,0.0785714285714286,0.05714285714285714,0.06249999999999998
logit,first-cal,F_first,ndcg_at_3,0.0689033352233211,0.0440093365257263,0.09311978331690395,0.07931134519533031,0.06482839867199618,0.0625702618026368
logit,first-cal,F_first,ndcg_at_5,0.06989879408477002,0.04707538829186469,0.09262276187493484,0.06753638851306233,0.07222944084186265,0.0699305528993851
logit,first-cal,F_first,ndcg_at_10,0.05761144816323102,0.038135000217619223,0.07653049860747152,0.052271123346188254,0.0619015914130865,0.05866162973041831
logit,first-cal,F,average_precision,0.03350488874355748,0.02156366030197018,0.04493466273146987,0.04226235149710089,0.01073588508566893,0.04751642964790262
logit,first-cal,F,trapezoidal_pr_auc,0.03436156630034334,0.021916993900057812,0.046339724970890145,0.045367329122030634,0.007240145090772346,0.05047722468822704
logit,first-cal,F,roc_auc,0.021631168528864046,0.012439755004655474,0.03090729748603349,0.018118016759776544,0.015078561452513947,0.031696927374301645
logit,first-cal,F,recall_at_fpr_1pct,0.012499999999999997,-0.002916666666666666,0.027916666666666663,0.016249999999999994,-0.01125,0.0325
logit,first-cal,F,brier,0.005673097216678704,0.004871335078654412,0.006447025027111341,0.0033109826503128605,0.004394424522532416,0.009313884477190833
logit,first-cal,F,log_loss,0.020172815368587282,0.017358983805017873,0.022924746378581013,0.013019255181440158,0.01619546048129209,0.0313037304430296
logit,first-cal,F,precision,0.113165487619822,0.056440262190939436,0.1691710597838694,0.05402507215007215,0.13575147075147076,0.14971991995792305
logit,first-cal,F,recall,-0.08666666666666666,-0.09958333333333334,-0.07416666666666666,-0.05999999999999998,-0.09374999999999999,-0.10625
logit,first-cal,F,f1,-0.08872050476383529,-0.10550404677145099,-0.07308027492473583,-0.07814589801909047,-0.1066948818597084,-0.081320734412707
logit,first-cal,F,specificity,0.010172253258845429,0.0087290502793296,0.011662011173184349,0.005377094972067034,0.00907821229050278,0.016061452513966474
logit,first-cal,F,balanced_accuracy,-0.0382472067039106,-0.04460111149906891,-0.03230656424581005,-0.027311452513966473,-0.042335893854748584,-0.04509427374301675
logit,first-cal,F,mcc,-0.04421415569415124,-0.06416763353373746,-0.025577849155893582,-0.050102172205891485,-0.05468236584895968,-0.027857929027602563
logit,first-cal,F,map,0.040296729832956006,0.028589666201450665,0.051776702051124605,0.03999410527849991,0.028136432593967066,0.05275965162640104
logit,first-cal,F,mrr,0.037614188118092355,0.02586707330451878,0.049161516600881694,0.03604856952652483,0.027058596672136732,0.049735398155615486
logit,first-cal,F,recall_at_1,0.03125,0.017857142857142853,0.04434895833333329,0.03303571428571429,0.014732142857142855,0.04598214285714285
logit,first-cal,F,recall_at_3,0.05178571428571429,0.03526785714285714,0.0681547619047619,0.05178571428571428,0.04419642857142857,0.059375
logit,first-cal,F,recall_at_5,0.05550595238095238,0.03690476190476192,0.07425967261904759,0.04687500000000001,0.047767857142857126,0.071875
logit,first-cal,F,recall_at_10,0.03154761904761905,0.015922619047619047,0.04776785714285714,0.015624999999999991,0.026339285714285697,0.05267857142857144
logit,first-cal,F,ndcg_at_1,0.039285714285714285,0.022916666666666672,0.05535714285714287,0.044642857142857144,0.02142857142857143,0.05178571428571428
logit,first-cal,F,ndcg_at_3,0.046481842367597226,0.03269365499723855,0.05984300152672388,0.04740708357649649,0.03578841959805101,0.056250023928244186
logit,first-cal,F,ndcg_at_5,0.04846195914963989,0.035163680440319256,0.06177928028562196,0.046107394373381023,0.038044484665609835,0.06123399840992884
logit,first-cal,F,ndcg_at_10,0.03958885614321467,0.028139583254377935,0.050804376877635636,0.03452551935299799,0.029440678568813217,0.054800370507832784
logit,first-cal,G,average_precision,0.06160893251990678,0.0483092179298331,0.07513096390094239,0.06916780997225226,0.06906077287267594,0.04659821471479215
logit,first-cal,G,trapezoidal_pr_auc,0.062488293445240456,0.048821059214632874,0.07635836963631454,0.07125441650982345,0.07066436966766657,0.04554609415823136
logit,first-cal,G,roc_auc,0.035040735567970195,0.02602377211359403,0.04459584497206703,0.04304120111731843,0.0328421787709497,0.02923882681564246
logit,first-cal,G,recall_at_fpr_1pct,0.03916666666666666,0.023749999999999993,0.05583333333333334,0.032499999999999994,0.05125,0.03375
logit,first-cal,G,brier,0.00019424251857657533,-0.0005317171874104458,0.0009276261597171302,0.002088689756719,0.0012041409083987393,-0.002710103109388013
logit,first-cal,G,log_loss,0.0031006180366700414,0.0005965733767176092,0.005698791041930834,0.009945574199259987,0.004133060866998318,-0.00477678095624818
logit,first-cal,G,precision,0.07896474197170793,0.010275688057857172,0.14570737036763534,0.1800595238095238,0.11354589854589854,-0.05671119644029861
logit,first-cal,G,recall,0.09125,0.07916666666666668,0.10374999999999998,0.07125000000000001,0.08374999999999996,0.11875000000000002
logit,first-cal,G,f1,0.11350997907188864,0.09795112941560942,0.12955834449576917,0.11034896561320848,0.1104091909861878,0.11977178061626961
logit,first-cal,G,specificity,-0.006517690875232775,-0.007588454376163868,-0.005469622905027937,-0.0030027932960893953,-0.0032122905027932884,-0.013337988826815639
logit,first-cal,G,balanced_accuracy,0.0423661545623836,0.03633612662942272,0.04857105446927373,0.034123603351955294,0.04026885474860333,0.052706005586592185
logit,first-cal,G,mcc,0.10093917745188502,0.08099604864008889,0.12107905826573549,0.11823305160444005,0.10684350931627573,0.07774097143493931
logit,first-cal,G,map,0.04899821460685452,0.034705412011384926,0.06349215888604387,0.04750837520242771,0.05010171441431042,0.04938455420382545
logit,first-cal,G,mrr,0.053122661694907834,0.037576233946034265,0.06870371322052882,0.05133550138249389,0.05523344360404089,0.05279904009818871
logit,first-cal,G,recall_at_1,0.040625,0.022767857142857142,0.058630952380952374,0.03526785714285715,0.04732142857142857,0.03928571428571428
logit,first-cal,G,recall_at_3,0.0599702380952381,0.04226190476190476,0.07782738095238093,0.05848214285714286,0.04821428571428572,0.0732142857142857
logit,first-cal,G,recall_at_5,0.048065476190476186,0.031547619047619054,0.06502976190476191,0.05892857142857142,0.04910714285714285,0.03616071428571429
logit,first-cal,G,recall_at_10,0.046130952380952384,0.0318452380952381,0.06101190476190477,0.046874999999999986,0.04241071428571429,0.04910714285714286
logit,first-cal,G,ndcg_at_1,0.05803571428571428,0.037492559523809525,0.07946428571428572,0.05714285714285713,0.062499999999999986,0.05446428571428573
logit,first-cal,G,ndcg_at_3,0.05695915006076066,0.04049763174392171,0.07373575710218287,0.05426711359272325,0.05285754214755657,0.06375279444200216
logit,first-cal,G,ndcg_at_5,0.05236972257470449,0.03695829788512983,0.06780771161030119,0.05531641437099418,0.053732659690367626,0.04806009366275167
logit,first-cal,G,ndcg_at_10,0.051497956132957205,0.03836708772613715,0.0647382925958287,0.05063149846241326,0.051927480620311384,0.05193488931614696
logit,first-cal,final_all,average_precision,0.28215169409048374,0.2632471621911977,0.30156167425370184,0.2696771201995401,0.295177319855705,0.2816006422162061
logit,first-cal,final_all,trapezoidal_pr_auc,0.2683882371055361,0.24884566028526015,0.2883261569600488,0.25503029422412266,0.284092412055614,0.26604200503687164
logit,first-cal,final_all,roc_auc,0.7431257759155804,0.7296187053848541,0.7567793102110492,0.7327467411545622,0.7481599162011174,0.7484706703910613
logit,first-cal,final_all,recall_at_fpr_1pct,0.16805555555555554,0.15083333333333335,0.18611111111111117,0.15916666666666662,0.1808333333333334,0.16416666666666668
logit,first-cal,final_all,brier,0.05042000421777889,0.049201831984832425,0.05160974977657893,0.04778884488003971,0.049131270696651935,0.05433989707664501
logit,first-cal,final_all,log_loss,0.1982112190224016,0.19395515293453405,0.20243109282302216,0.19185255992216738,0.1946344640967775,0.20814663304825998
logit,first-cal,final_all,precision,0.4590116722134265,0.41945636841157347,0.5013319692791441,0.49818963443963427,0.49428358678358675,0.3845617954170584
logit,first-cal,final_all,recall,0.18777777777777782,0.17277777777777778,0.20277777777777775,0.1258333333333333,0.18916666666666673,0.24833333333333335
logit,first-cal,final_all,f1,0.25011053208155415,0.23118895783604848,0.2689772427792365,0.1936366723732234,0.2649543367170014,0.29174058715443757
logit,first-cal,final_all,specificity,0.9854283054003723,0.9837833643699565,0.9870111731843575,0.9931564245810052,0.9876629422718809,0.9754655493482307
logit,first-cal,final_all,balanced_accuracy,0.5866030415890752,0.5793667171011793,0.5939591480446926,0.5594948789571694,0.5884148044692739,0.6118994413407822
logit,first-cal,final_all,mcc,0.25822870227850947,0.2371919960953092,0.28029199983774006,0.22615133845565075,0.2762911363393604,0.2722436320405173
logit,first-cal,final_all,map,0.4303377647339217,0.4147440398023602,0.4458824710351781,0.4198572036575777,0.4361738801603881,0.43498221038379936
logit,first-cal,final_all,mrr,0.48091325898850584,0.464895722598004,0.49686375372189934,0.47100997219266894,0.4850369783608464,0.48669282641200207
logit,first-cal,final_all,recall_at_1,0.24573412698412703,0.23095238095238105,0.2605183531746032,0.2369047619047619,0.2547619047619048,0.24553571428571436
logit,first-cal,final_all,recall_at_3,0.44305555555555554,0.42281746031746037,0.4631969246031745,0.4306547619047619,0.44375,0.4547619047619048
logit,first-cal,final_all,recall_at_5,0.5450396825396825,0.5249007936507939,0.5647817460317462,0.5380952380952382,0.5529761904761903,0.544047619047619
logit,first-cal,final_all,recall_at_10,0.7202380952380952,0.700595238095238,0.7407738095238091,0.7116071428571429,0.7157738095238093,0.7333333333333332
logit,first-cal,final_all,ndcg_at_1,0.33749999999999974,0.3194444444444444,0.3553571428571428,0.3249999999999998,0.3458333333333331,0.34166666666666645
logit,first-cal,final_all,ndcg_at_3,0.3919148519291989,0.37376930113000406,0.4099249532610217,0.37977661752615444,0.39565173417148036,0.40031620408996194
logit,first-cal,final_all,ndcg_at_5,0.4379180198437946,0.4204010339671669,0.4552016767798322,0.4278847560767958,0.44496326694442,0.4409060365101677
logit,first-cal,final_all,ndcg_at_10,0.5000151177677375,0.4833465188889078,0.5166718360928165,0.4897552095243204,0.5029611528095898,0.5073289909693026
logit,primary,O,average_precision,0.27576675717337246,0.2570945763986348,0.2949943315105565,0.26482554551867865,0.28467814358754306,0.27779658241389577
logit,primary,O,trapezoidal_pr_auc,0.26191782088775173,0.24263356101656502,0.2814004638596525,0.24917457180897765,0.27500364844215486,0.26157524241212265
logit,primary,O,roc_auc,0.740153049348231,0.7260622963221606,0.7544080103584733,0.7368296089385477,0.7409340083798883,0.7426955307262569
logit,primary,O,recall_at_fpr_1pct,0.16291666666666668,0.14458333333333337,0.1816666666666667,0.15250000000000002,0.1675,0.16874999999999998
logit,primary,O,brier,0.045417456942685445,0.044893460848624125,0.045940212278813335,0.045673607982938014,0.045396170570813126,0.04518259227430519
logit,primary,O,log_loss,0.18269949209836409,0.17978061043958052,0.18563570329472287,0.18367310690843244,0.1832285655755022,0.18119680381115752
logit,primary,O,precision,0.425,0.33888888888888885,0.5125000000000001,0.2,0.6541666666666667,0.4208333333333333
logit,primary,O,recall,0.03083333333333334,0.024583333333333325,0.03749999999999999,0.009999999999999998,0.04875000000000002,0.03375
logit,primary,O,f1,0.05660408432147563,0.04519090360122968,0.0687083372545329,0.019047619047619046,0.08930688876341052,0.061457745153397324
logit,primary,O,specificity,0.9995577281191806,0.9993482309124772,0.9997439478584734,1.0,0.9995111731843576,0.9991620111731843
logit,primary,O,balanced_accuracy,0.5151955307262569,0.5120239757914341,0.5185405027932962,0.5050000000000001,0.5241305865921787,0.5164560055865921
logit,primary,O,mcc,0.10729438969684325,0.08611147092265843,0.12978807838442158,0.043579860532496316,0.16806785638185762,0.11023545217617584
logit,primary,O,map,0.42361000709307967,0.40748602752632906,0.4394421111388485,0.4243500660367435,0.41833970453819613,0.4281402507042992
logit,primary,O,mrr,0.4740448091639857,0.4572341272495988,0.49021813169505263,0.4797232844390737,0.4677078299841516,0.47470331306873187
logit,primary,O,recall_at_1,0.23883928571428573,0.2236607142857143,0.2543154761904762,0.23973214285714278,0.23705357142857153,0.23973214285714284
logit,primary,O,recall_at_3,0.4355654761904762,0.41324404761904754,0.45803943452380946,0.43973214285714296,0.4294642857142857,0.4375
logit,primary,O,recall_at_5,0.5395833333333334,0.5171130952380955,0.5620535714285714,0.5495535714285713,0.5379464285714286,0.5312500000000002
logit,primary,O,recall_at_10,0.7113095238095237,0.6892857142857143,0.733779761904762,0.7183035714285714,0.7022321428571427,0.713392857142857
logit,primary,O,ndcg_at_1,0.3294642857142857,0.3104166666666667,0.34821428571428553,0.33035714285714285,0.32410714285714287,0.33392857142857146
logit,primary,O,ndcg_at_3,0.3844791801283179,0.36508492628146505,0.40345802198730085,0.38676810359950425,0.3782782282487795,0.38839120853667
logit,primary,O,ndcg_at_5,0.4313352011666843,0.41262911533508445,0.44946621133721243,0.4357003362715993,0.4273349465440305,0.4309703206844232
logit,primary,O,ndcg_at_10,0.49241716552034687,0.4751050362962346,0.5094285805098289,0.49610216754210434,0.48601876598075233,0.4951305630381838
logit,primary,N,average_precision,0.29157789550190727,0.2709038066517069,0.31211089944267983,0.29206895023687857,0.2860109202478815,0.29665381602096175
logit,primary,N,trapezoidal_pr_auc,0.27847527439496694,0.2574375215340804,0.29948601698797994,0.28002048596777396,0.27287475176999776,0.28253058544712906
logit,primary,N,roc_auc,0.7497974860335196,0.7358332169459966,0.7640165560986967,0.7436138268156426,0.7418505586592179,0.7639280726256983
logit,primary,N,recall_at_fpr_1pct,0.16708333333333333,0.14833333333333334,0.18666666666666668,0.16749999999999993,0.17,0.16375000000000003
logit,primary,N,brier,0.045068140937625345,0.044517732598474184,0.04560641233801651,0.04516657468314812,0.04541947926415084,0.04461836886557709
logit,primary,N,log_loss,0.1800328356992111,0.1771102893636448,0.18294109637148057,0.18098522710490642,0.18160768236382016,0.17750559762890672
logit,primary,N,precision,0.38611111111111107,0.30972222222222223,0.45975694444444404,0.3125,0.225,0.6208333333333333
logit,primary,N,recall,0.03208333333333333,0.02375,0.04083333333333333,0.026250000000000002,0.017499999999999998,0.052500000000000005
logit,primary,N,f1,0.058037204341552164,0.043918917435221784,0.07322561798105275,0.047430830039525695,0.032062864671560325,0.09461791831357048
logit,primary,N,specificity,0.999534450651769,0.9992783985102427,0.999767225325885,0.9995810055865922,0.9997905027932962,0.9992318435754189
logit,primary,N,balanced_accuracy,0.5158088919925512,0.5117236964618251,0.5202307378957173,0.5129155027932961,0.5086452513966482,0.5258659217877094
logit,primary,N,mcc,0.10366714994112658,0.08147617509189702,0.12637434987300117,0.08435593848021025,0.05910499496788665,0.16754051637528283
logit,primary,N,map,0.4416172639533826,0.4247587268813828,0.4584932932396521,0.4312034278806663,0.4357432786600449,0.45790508531943636
logit,primary,N,mrr,0.49101886486763097,0.4732966829985446,0.5078332080244231,0.4811171059902578,0.48107616129062175,0.5108633273220133
logit,primary,N,recall_at_1,0.2529761904761905,0.2358630952380953,0.2697953869047619,0.2441964285714285,0.24910714285714297,0.265625
logit,primary,N,recall_at_3,0.45863095238095236,0.43869047619047624,0.47916666666666674,0.4433035714285715,0.4464285714285713,0.4861607142857142
logit,primary,N,recall_at_5,0.5610119047619048,0.5403273809523811,0.5816964285714288,0.5526785714285715,0.553125,0.5772321428571429
logit,primary,N,recall_at_10,0.7361607142857142,0.717559523809524,0.7562500000000002,0.7241071428571426,0.7165178571428571,0.7678571428571429
logit,primary,N,ndcg_at_1,0.34732142857142856,0.32529761904761906,0.3681547619047618,0.3392857142857143,0.3410714285714286,0.3616071428571429
logit,primary,N,ndcg_at_3,0.40485488260203023,0.3859590369835923,0.4236044523673668,0.39164227091970494,0.3960949637279555,0.4268274131584303
logit,primary,N,ndcg_at_5,0.45128300048084585,0.43270094769369494,0.46981128570529235,0.4413625645782999,0.44430492191822213,0.4681815149460154
logit,primary,N,ndcg_at_10,0.5131385215576235,0.49628300752339555,0.5303609286725359,0.5020825850226147,0.5020916199119647,0.5352413597382911
logit,primary,Z,average_precision,0.2949215679247065,0.2724533759556757,0.31871964338880554,0.27938026956126316,0.31617567239202893,0.28920876182082733
logit,primary,Z,trapezoidal_pr_auc,0.28132906954110465,0.2585922035876685,0.30596867033068337,0.2667417390544126,0.302269939282532,0.27497553028636934
logit,primary,Z,roc_auc,0.7490712290502795,0.734429120111732,0.7642461010242084,0.7245810055865922,0.7626117318435756,0.7600209497206704
logit,primary,Z,recall_at_fpr_1pct,0.17833333333333334,0.15583333333333332,0.20166666666666663,0.17250000000000001,0.20750000000000002,0.155
logit,primary,Z,brier,0.044983790118898255,0.04435194803303312,0.04557226173453865,0.04586562205834514,0.04422310425510867,0.04486264404324096
logit,primary,Z,log_loss,0.18003596940145314,0.1767759984560837,0.18315476380280643,0.18449513311053786,0.17664128804020987,0.17897148705361166
logit,primary,Z,precision,0.36111111111111116,0.2611111111111111,0.4527777777777778,0.0,0.45,0.6333333333333334
logit,primary,Z,recall,0.029166666666666664,0.019999999999999997,0.03833333333333332,0.0,0.034999999999999996,0.052500000000000005
logit,primary,Z,f1,0.05317146621494448,0.036887508626639066,0.06945573749921576,0.0,0.06412572934312065,0.09538866930171279
logit,primary,Z,specificity,0.9996275605214153,0.9993947858473002,0.9998603351955311,1.0,0.9995810055865922,0.9993016759776536
logit,primary,Z,balanced_accuracy,0.5143971135940409,0.5098137802607079,0.519003724394786,0.5,0.5172905027932961,0.5259008379888268
logit,primary,Z,mcc,0.09626124060003584,0.06901716829380654,0.12243304634372602,0.0,0.1182099899357733,0.17057373186433425
logit,primary,Z,map,0.4437932800156059,0.42561427645307787,0.463049918853305,0.41087147889924625,0.4718422314047716,0.44866612974279985
logit,primary,Z,mrr,0.494650158637546,0.4763832294690085,0.5135526281232282,0.4535833476998591,0.5196952751142365,0.5106718530985425
logit,primary,Z,recall_at_1,0.25952380952380955,0.24047619047619045,0.2791666666666667,0.23124999999999996,0.2901785714285715,0.2571428571428571
logit,primary,Z,recall_at_3,0.45803571428571427,0.43601190476190466,0.48066220238095225,0.4125,0.47232142857142856,0.4892857142857142
logit,primary,Z,recall_at_5,0.5559523809523809,0.5330357142857145,0.5791666666666666,0.5151785714285715,0.5830357142857142,0.5696428571428571
logit,primary,Z,recall_at_10,0.7380952380952381,0.7169642857142856,0.7601190476190474,0.6982142857142857,0.7428571428571428,0.7732142857142856
logit,primary,Z,ndcg_at_1,0.3535714285714285,0.3303571428571429,0.3779761904761905,0.3142857142857142,0.38928571428571435,0.35714285714285704
logit,primary,Z,ndcg_at_3,0.4067861955309608,0.38677020237843424,0.42777814230339867,0.3657936453794548,0.43039874601688205,0.4241661951965453
logit,primary,Z,ndcg_at_5,0.45108365719801496,0.43042167376904134,0.47188947934493997,0.41225359568718883,0.4802199077451991,0.4607774681616569
logit,primary,Z,ndcg_at_10,0.5152110222625192,0.49707221000035845,0.5341681597784943,0.4770612934887521,0.5368459264672646,0.5317258468315411
logit,primary,F_first,average_precision,0.046519519682692835,0.02576101901392102,0.0671521263105322,0.04852966580369729,0.04213640259177033,0.04889249065261091
logit,primary,F_first,trapezoidal_pr_auc,0.04648426989482,0.024789085523194473,0.06785595736699067,0.051170681836672983,0.03778967558799341,0.05049245225979358
logit,primary,F_first,roc_auc,0.032247439478584716,0.018835952048417128,0.04565968342644319,0.02168296089385476,0.03996159217877093,0.03509776536312846
logit,primary,F_first,recall_at_fpr_1pct,0.01916666666666667,-0.006666666666666664,0.044166666666666674,0.017499999999999995,4.163336342344337e-18,0.04000000000000001
logit,primary,F_first,brier,0.0018505593750090534,0.0012853195834187172,0.0024361773429136774,0.0018587321596264452,0.0016616136729717356,0.0020313322924289797
logit,primary,F_first,log_loss,0.009849207044594072,0.007085934611431369,0.012659504526600184,0.008499196994721746,0.011405129744675254,0.009643294394385212
logit,primary,F_first,precision,0.10055555555555555,-0.017506944444444436,0.21667361111111103,0.3,-0.17416666666666666,0.17583333333333334
logit,primary,F_first,recall,0.03166666666666667,0.018333333333333337,0.045,0.024999999999999998,0.010000000000000004,0.06000000000000001
logit,primary,F_first,f1,0.05213921826965306,0.02995148064495891,0.07458629383901122,0.04551101072840204,0.012792866553736121,0.098113777526821
logit,primary,F_first,specificity,-0.0010707635009311045,-0.0015363128491620189,-0.0006052141527001918,-0.00027932960893854996,-0.0015363128491620137,-0.0013966480446927498
logit,primary,F_first,balanced_accuracy,0.015297951582867777,0.008677839851024206,0.021941922718808182,0.01236033519553073,0.004231843575418984,0.029301675977653617
logit,primary,F_first,mcc,0.059369812134284494,0.02577931584535873,0.09251278223823158,0.08160043398602043,-0.014732530730733388,0.11124153314756642
logit,primary,F_first,map,0.0605467779780627,0.03971555778176633,0.08082680760364207,0.06475251372970195,0.059286271933008984,0.05760154827147716
logit,primary,F_first,mrr,0.05865981809115459,0.03734985406087308,0.07962678007253342,0.06327815573354172,0.056466408057006846,0.05623489048291521
logit,primary,F_first,recall_at_1,0.05446428571428571,0.031250000000000014,0.0761904761904762,0.06517857142857142,0.04464285714285714,0.05357142857142857
logit,primary,F_first,recall_at_3,0.07291666666666667,0.045230654761904736,0.09970982142857134,0.08303571428571428,0.06964285714285715,0.06607142857142857
logit,primary,F_first,recall_at_5,0.07470238095238095,0.047321428571428584,0.10297619047619047,0.05446428571428572,0.08392857142857142,0.08571428571428572
logit,primary,F_first,recall_at_10,0.04047619047619047,0.01964285714285714,0.06279761904761905,0.009821428571428564,0.05892857142857142,0.05267857142857143
logit,primary,F_first,ndcg_at_1,0.06607142857142857,0.03928571428571429,0.09345238095238093,0.0785714285714286,0.05714285714285714,0.06249999999999998
logit,primary,F_first,ndcg_at_3,0.0689033352233211,0.0440093365257263,0.09311978331690395,0.07931134519533031,0.06482839867199618,0.0625702618026368
logit,primary,F_first,ndcg_at_5,0.06989879408477002,0.04707538829186469,0.09262276187493484,0.06753638851306233,0.07222944084186265,0.0699305528993851
logit,primary,F_first,ndcg_at_10,0.05761144816323102,0.038135000217619223,0.07653049860747152,0.052271123346188254,0.0619015914130865,0.05866162973041831
logit,primary,F,average_precision,0.03350488874355748,0.02156366030197018,0.04493466273146987,0.04226235149710089,0.01073588508566893,0.04751642964790262
logit,primary,F,trapezoidal_pr_auc,0.03436156630034334,0.021916993900057812,0.046339724970890145,0.045367329122030634,0.007240145090772346,0.05047722468822704
logit,primary,F,roc_auc,0.021631168528864046,0.012439755004655474,0.03090729748603349,0.018118016759776544,0.015078561452513947,0.031696927374301645
logit,primary,F,recall_at_fpr_1pct,0.012499999999999997,-0.002916666666666666,0.027916666666666663,0.016249999999999994,-0.01125,0.0325
logit,primary,F,brier,0.0011807190957646594,0.0008307662055811125,0.0015266851925368793,0.0014346022630970985,0.00046513658441406803,0.0016424184397828118
logit,primary,F,log_loss,0.006520524214503303,0.004759304604704443,0.008356443615622086,0.006260258598479784,0.005001408421042239,0.008299905623987885
logit,primary,F,precision,0.06694444444444443,-0.03333680555555557,0.16680555555555554,0.36250000000000004,-0.36208333333333337,0.20041666666666663
logit,primary,F,recall,0.02166666666666667,0.012083333333333335,0.03125,0.03375000000000001,-0.011249999999999998,0.0425
logit,primary,F,f1,0.035725484660267266,0.019221592085450784,0.05229061147186145,0.060662525879917176,-0.02412304724261246,0.07063697534349708
logit,primary,F,specificity,-0.0006284916201117356,-0.0010009310986964668,-0.00027932960893855,-0.0005586592178770999,-0.0006983240223463694,-0.0006284916201117375
logit,primary,F,balanced_accuracy,0.010519087523277465,0.005750407355679698,0.015369791666666651,0.01659567039106146,-0.005974162011173197,0.02093575418994413
logit,primary,F,mcc,0.04073982200862266,0.013137503369865917,0.06760515500277217,0.10336622520697233,-0.0715175627829332,0.09037080360182884
logit,primary,F,map,0.040296729832956006,0.028589666201450665,0.051776702051124605,0.03999410527849991,0.028136432593967066,0.05275965162640104
logit,primary,F,mrr,0.037614188118092355,0.02586707330451878,0.049161516600881694,0.03604856952652483,0.027058596672136732,0.049735398155615486
logit,primary,F,recall_at_1,0.03125,0.017857142857142853,0.04434895833333329,0.03303571428571429,0.014732142857142855,0.04598214285714285
logit,primary,F,recall_at_3,0.05178571428571429,0.03526785714285714,0.0681547619047619,0.05178571428571428,0.04419642857142857,0.059375
logit,primary,F,recall_at_5,0.05550595238095238,0.03690476190476192,0.07425967261904759,0.04687500000000001,0.047767857142857126,0.071875
logit,primary,F,recall_at_10,0.03154761904761905,0.015922619047619047,0.04776785714285714,0.015624999999999991,0.026339285714285697,0.05267857142857144
logit,primary,F,ndcg_at_1,0.039285714285714285,0.022916666666666672,0.05535714285714287,0.044642857142857144,0.02142857142857143,0.05178571428571428
logit,primary,F,ndcg_at_3,0.046481842367597226,0.03269365499723855,0.05984300152672388,0.04740708357649649,0.03578841959805101,0.056250023928244186
logit,primary,F,ndcg_at_5,0.04846195914963989,0.035163680440319256,0.06177928028562196,0.046107394373381023,0.038044484665609835,0.06123399840992884
logit,primary,F,ndcg_at_10,0.03958885614321467,0.028139583254377935,0.050804376877635636,0.03452551935299799,0.029440678568813217,0.054800370507832784
logit,primary,G,average_precision,0.06160893251990678,0.0483092179298331,0.07513096390094239,0.06916780997225226,0.06906077287267594,0.04659821471479215
logit,primary,G,trapezoidal_pr_auc,0.062488293445240456,0.048821059214632874,0.07635836963631454,0.07125441650982345,0.07066436966766657,0.04554609415823136
logit,primary,G,roc_auc,0.035040735567970195,0.02602377211359403,0.04459584497206703,0.04304120111731843,0.0328421787709497,0.02923882681564246
logit,primary,G,recall_at_fpr_1pct,0.03916666666666666,0.023749999999999993,0.05583333333333334,0.032499999999999994,0.05125,0.03375
logit,primary,G,brier,0.0019640626721293057,0.001580519638653447,0.0023633992305512348,0.002179026977688593,0.0022367672546382855,0.0014763937840610382
logit,primary,G,log_loss,0.009159285931589404,0.007319958366895788,0.011115182705768153,0.011117482605215962,0.008995628759229138,0.007364746430323113
logit,primary,G,precision,0.06944444444444443,-0.015277777777777779,0.1513888888888889,0.075,0.012500000000000011,0.12083333333333332
logit,primary,G,recall,0.0062499999999999995,-0.0016666666666666674,0.014166666666666668,0.0125,-0.0012500000000000015,0.0075
logit,primary,G,f1,0.011197389566954784,-0.002501803751803748,0.024799297321036428,0.021565029173724826,-0.001527820006080874,0.0135549595332204
logit,primary,G,specificity,0.0008147113594041013,0.00041899441340782404,0.0012104283054003794,0.00020949720670391248,0.0015363128491620221,0.0006983240223463694
logit,primary,G,balanced_accuracy,0.0035323556797020525,-0.0004379073556797011,0.007513966480446929,0.006354748603351959,0.00014315642458100907,0.004099162011173188
logit,primary,G,mcc,0.02205442735383084,-0.0008594076445319025,0.043911576429932195,0.03167727397920067,0.004638441709586652,0.029847566372705192
logit,primary,G,map,0.04899821460685452,0.034705412011384926,0.06349215888604387,0.04750837520242771,0.05010171441431042,0.04938455420382545
logit,primary,G,mrr,0.053122661694907834,0.037576233946034265,0.06870371322052882,0.05133550138249389,0.05523344360404089,0.05279904009818871
logit,primary,G,recall_at_1,0.040625,0.022767857142857142,0.058630952380952374,0.03526785714285715,0.04732142857142857,0.03928571428571428
logit,primary,G,recall_at_3,0.0599702380952381,0.04226190476190476,0.07782738095238093,0.05848214285714286,0.04821428571428572,0.0732142857142857
logit,primary,G,recall_at_5,0.048065476190476186,0.031547619047619054,0.06502976190476191,0.05892857142857142,0.04910714285714285,0.03616071428571429
logit,primary,G,recall_at_10,0.046130952380952384,0.0318452380952381,0.06101190476190477,0.046874999999999986,0.04241071428571429,0.04910714285714286
logit,primary,G,ndcg_at_1,0.05803571428571428,0.037492559523809525,0.07946428571428572,0.05714285714285713,0.062499999999999986,0.05446428571428573
logit,primary,G,ndcg_at_3,0.05695915006076066,0.04049763174392171,0.07373575710218287,0.05426711359272325,0.05285754214755657,0.06375279444200216
logit,primary,G,ndcg_at_5,0.05236972257470449,0.03695829788512983,0.06780771161030119,0.05531641437099418,0.053732659690367626,0.04806009366275167
logit,primary,G,ndcg_at_10,0.051497956132957205,0.03836708772613715,0.0647382925958287,0.05063149846241326,0.051927480620311384,0.05193488931614696
logit,primary,final_all,average_precision,0.28215169409048374,0.2632471621911977,0.30156167425370184,0.2696771201995401,0.295177319855705,0.2816006422162061
logit,primary,final_all,trapezoidal_pr_auc,0.2683882371055361,0.24884566028526015,0.2883261569600488,0.25503029422412266,0.284092412055614,0.26604200503687164
logit,primary,final_all,roc_auc,0.7431257759155804,0.7296187053848541,0.7567793102110492,0.7327467411545622,0.7481599162011174,0.7484706703910613
logit,primary,final_all,recall_at_fpr_1pct,0.16805555555555554,0.15083333333333335,0.18611111111111117,0.15916666666666662,0.1808333333333334,0.16416666666666668
logit,primary,final_all,brier,0.045272901334756366,0.04475623702851076,0.045788566906636415,0.04573761267474037,0.04500514846557831,0.04507594286395043
logit,primary,final_all,log_loss,0.1818116511993938,0.17901988581045683,0.18464294784253332,0.1839471156424676,0.18103280639707148,0.18045503155864226
logit,primary,final_all,precision,0.40370370370370373,0.3314814814814814,0.4768518518518518,0.13333333333333333,0.5861111111111114,0.4916666666666666
logit,primary,final_all,recall,0.030277777777777796,0.024166666666666663,0.036388888888888894,0.006666666666666666,0.0441666666666667,0.04000000000000002
logit,primary,final_all,f1,0.055459878285965214,0.04472728056967188,0.06663584603801996,0.012698412698412698,0.08091316895664716,0.07276805320283579
logit,primary,final_all,specificity,0.999581005586592,0.9994258224705154,0.9997361887026694,0.9999999999999998,0.9995344506517689,0.9992085661080072
logit,primary,final_all,balanced_accuracy,0.5149293916821849,0.5119200031036621,0.5180549542209807,0.5033333333333332,0.5218505586592179,0.5196042830540035
logit,primary,final_all,mcc,0.10361667333124075,0.08459386510790848,0.12312478632290702,0.029053240354997546,0.1514485675664961,0.1303482120722286
logit,primary,final_all,map,0.4303377647339217,0.4147440398023602,0.4458824710351781,0.4198572036575777,0.4361738801603881,0.43498221038379936
logit,primary,final_all,mrr,0.48091325898850584,0.464895722598004,0.49686375372189934,0.47100997219266894,0.4850369783608464,0.48669282641200207
logit,primary,final_all,recall_at_1,0.24573412698412703,0.23095238095238105,0.2605183531746032,0.2369047619047619,0.2547619047619048,0.24553571428571436
logit,primary,final_all,recall_at_3,0.44305555555555554,0.42281746031746037,0.4631969246031745,0.4306547619047619,0.44375,0.4547619047619048
logit,primary,final_all,recall_at_5,0.5450396825396825,0.5249007936507939,0.5647817460317462,0.5380952380952382,0.5529761904761903,0.544047619047619
logit,primary,final_all,recall_at_10,0.7202380952380952,0.700595238095238,0.7407738095238091,0.7116071428571429,0.7157738095238093,0.7333333333333332
logit,primary,final_all,ndcg_at_1,0.33749999999999974,0.3194444444444444,0.3553571428571428,0.3249999999999998,0.3458333333333331,0.34166666666666645
logit,primary,final_all,ndcg_at_3,0.3919148519291989,0.37376930113000406,0.4099249532610217,0.37977661752615444,0.39565173417148036,0.40031620408996194
logit,primary,final_all,ndcg_at_5,0.4379180198437946,0.4204010339671669,0.4552016767798322,0.4278847560767958,0.44496326694442,0.4409060365101677
logit,primary,final_all,ndcg_at_10,0.5000151177677375,0.4833465188889078,0.5166718360928165,0.4897552095243204,0.5029611528095898,0.5073289909693026
