Token indices sequence length is longer than the specified maximum sequence length for this model (333 > 256). Running this sequence through the model will result in indexing errors
风格流分块：5000/14000
风格流分块：10000/14000
风格流分块：5000/14000
风格流分块：10000/14000
开始中文同预算模型：generic_source_20260911_target_20260921_worlds_001
generic source=20260911 target=20260921 worlds_001 第1轮：1/1批
generic source=20260911 target=20260921 worlds_001 第2轮：1/1批
generic source=20260911 target=20260921 worlds_001 第3轮：1/1批
generic source=20260911 target=20260921 worlds_001 第4轮：1/1批
generic source=20260911 target=20260921 worlds_001 第5轮：1/1批
generic source=20260911 target=20260921 worlds_001 第6轮：1/1批
generic source=20260911 target=20260921 worlds_001 第7轮：1/1批
generic source=20260911 target=20260921 worlds_001 第8轮：1/1批
generic source=20260911 target=20260921 worlds_001 第9轮：1/1批
generic source=20260911 target=20260921 worlds_001 第10轮：1/1批
generic source=20260911 target=20260921 worlds_001 第11轮：1/1批
generic source=20260911 target=20260921 worlds_001 第12轮：1/1批
generic source=20260911 target=20260921 worlds_001 第13轮：1/1批
generic source=20260911 target=20260921 worlds_001 第14轮：1/1批
generic source=20260911 target=20260921 worlds_001 第15轮：1/1批
generic source=20260911 target=20260921 worlds_001 第16轮：1/1批
generic source=20260911 target=20260921 worlds_001 第17轮：1/1批
generic source=20260911 target=20260921 worlds_001 第18轮：1/1批
generic source=20260911 target=20260921 worlds_001 第19轮：1/1批
generic source=20260911 target=20260921 worlds_001 第20轮：1/1批
generic source=20260911 target=20260921 worlds_001 第21轮：1/1批
generic source=20260911 target=20260921 worlds_001 第22轮：1/1批
generic source=20260911 target=20260921 worlds_001 第23轮：1/1批
generic source=20260911 target=20260921 worlds_001 第24轮：1/1批
generic source=20260911 target=20260921 worlds_001 第25轮：1/1批
generic source=20260911 target=20260921 worlds_001 第26轮：1/1批
generic source=20260911 target=20260921 worlds_001 第27轮：1/1批
generic source=20260911 target=20260921 worlds_001 第28轮：1/1批
generic source=20260911 target=20260921 worlds_001 第29轮：1/1批
generic source=20260911 target=20260921 worlds_001 第30轮：1/1批
generic source=20260911 target=20260921 worlds_001 第31轮：1/1批
generic source=20260911 target=20260921 worlds_001 第32轮：1/1批
generic source=20260911 target=20260921 worlds_001 第33轮：1/1批
generic source=20260911 target=20260921 worlds_001 第34轮：1/1批
generic source=20260911 target=20260921 worlds_001 第35轮：1/1批
generic source=20260911 target=20260921 worlds_001 第36轮：1/1批
generic source=20260911 target=20260921 worlds_001 第37轮：1/1批
generic source=20260911 target=20260921 worlds_001 第38轮：1/1批
generic source=20260911 target=20260921 worlds_001 第39轮：1/1批
generic source=20260911 target=20260921 worlds_001 第40轮：1/1批
generic source=20260911 target=20260921 worlds_001 第41轮：1/1批
generic source=20260911 target=20260921 worlds_001 第42轮：1/1批
generic source=20260911 target=20260921 worlds_001 第43轮：1/1批
generic source=20260911 target=20260921 worlds_001 第44轮：1/1批
generic source=20260911 target=20260921 worlds_001 第45轮：1/1批
generic source=20260911 target=20260921 worlds_001 第46轮：1/1批
generic source=20260911 target=20260921 worlds_001 第47轮：1/1批
generic source=20260911 target=20260921 worlds_001 第48轮：1/1批
generic source=20260911 target=20260921 worlds_001 第49轮：1/1批
generic source=20260911 target=20260921 worlds_001 第50轮：1/1批
generic source=20260911 target=20260921 worlds_001 第51轮：1/1批
generic source=20260911 target=20260921 worlds_001 第52轮：1/1批
generic source=20260911 target=20260921 worlds_001 第53轮：1/1批
generic source=20260911 target=20260921 worlds_001 第54轮：1/1批
generic source=20260911 target=20260921 worlds_001 第55轮：1/1批
generic source=20260911 target=20260921 worlds_001 第56轮：1/1批
generic source=20260911 target=20260921 worlds_001 第57轮：1/1批
generic source=20260911 target=20260921 worlds_001 第58轮：1/1批
generic source=20260911 target=20260921 worlds_001 第59轮：1/1批
generic source=20260911 target=20260921 worlds_001 第60轮：1/1批
generic source=20260911 target=20260921 worlds_001 第61轮：1/1批
generic source=20260911 target=20260921 worlds_001 第62轮：1/1批
generic source=20260911 target=20260921 worlds_001 第63轮：1/1批
generic source=20260911 target=20260921 worlds_001 第64轮：1/1批
generic source=20260911 target=20260921 worlds_001 第65轮：1/1批
generic source=20260911 target=20260921 worlds_001 第66轮：1/1批
generic source=20260911 target=20260921 worlds_001 第67轮：1/1批
generic source=20260911 target=20260921 worlds_001 第68轮：1/1批
generic source=20260911 target=20260921 worlds_001 第69轮：1/1批
generic source=20260911 target=20260921 worlds_001 第70轮：1/1批
generic source=20260911 target=20260921 worlds_001 第71轮：1/1批
generic source=20260911 target=20260921 worlds_001 第72轮：1/1批
generic source=20260911 target=20260921 worlds_001 第73轮：1/1批
generic source=20260911 target=20260921 worlds_001 第74轮：1/1批
generic source=20260911 target=20260921 worlds_001 第75轮：1/1批
generic source=20260911 target=20260921 worlds_001 第76轮：1/1批
generic source=20260911 target=20260921 worlds_001 第77轮：1/1批
generic source=20260911 target=20260921 worlds_001 第78轮：1/1批
generic source=20260911 target=20260921 worlds_001 第79轮：1/1批
generic source=20260911 target=20260921 worlds_001 第80轮：1/1批
generic source=20260911 target=20260921 worlds_001 第81轮：1/1批
generic source=20260911 target=20260921 worlds_001 第82轮：1/1批
generic source=20260911 target=20260921 worlds_001 第83轮：1/1批
generic source=20260911 target=20260921 worlds_001 第84轮：1/1批
generic source=20260911 target=20260921 worlds_001 第85轮：1/1批
generic source=20260911 target=20260921 worlds_001 第86轮：1/1批
generic source=20260911 target=20260921 worlds_001 第87轮：1/1批
generic source=20260911 target=20260921 worlds_001 第88轮：1/1批
generic source=20260911 target=20260921 worlds_001 第89轮：1/1批
generic source=20260911 target=20260921 worlds_001 第90轮：1/1批
generic source=20260911 target=20260921 worlds_001 第91轮：1/1批
generic source=20260911 target=20260921 worlds_001 第92轮：1/1批
generic source=20260911 target=20260921 worlds_001 第93轮：1/1批
generic source=20260911 target=20260921 worlds_001 第94轮：1/1批
generic source=20260911 target=20260921 worlds_001 第95轮：1/1批
generic source=20260911 target=20260921 worlds_001 第96轮：1/1批
generic source=20260911 target=20260921 worlds_001 第97轮：1/1批
generic source=20260911 target=20260921 worlds_001 第98轮：1/1批
generic source=20260911 target=20260921 worlds_001 第99轮：1/1批
generic source=20260911 target=20260921 worlds_001 第100轮：1/1批
generic source=20260911 target=20260921 worlds_001 第101轮：1/1批
generic source=20260911 target=20260921 worlds_001 第102轮：1/1批
generic source=20260911 target=20260921 worlds_001 第103轮：1/1批
generic source=20260911 target=20260921 worlds_001 第104轮：1/1批
generic source=20260911 target=20260921 worlds_001 第105轮：1/1批
generic source=20260911 target=20260921 worlds_001 第106轮：1/1批
generic source=20260911 target=20260921 worlds_001 第107轮：1/1批
generic source=20260911 target=20260921 worlds_001 第108轮：1/1批
generic source=20260911 target=20260921 worlds_001 第109轮：1/1批
generic source=20260911 target=20260921 worlds_001 第110轮：1/1批
generic source=20260911 target=20260921 worlds_001 第111轮：1/1批
generic source=20260911 target=20260921 worlds_001 第112轮：1/1批
generic source=20260911 target=20260921 worlds_001 第113轮：1/1批
generic source=20260911 target=20260921 worlds_001 第114轮：1/1批
generic source=20260911 target=20260921 worlds_001 第115轮：1/1批
generic source=20260911 target=20260921 worlds_001 第116轮：1/1批
generic source=20260911 target=20260921 worlds_001 第117轮：1/1批
generic source=20260911 target=20260921 worlds_001 第118轮：1/1批
generic source=20260911 target=20260921 worlds_001 第119轮：1/1批
generic source=20260911 target=20260921 worlds_001 第120轮：1/1批
generic source=20260911 target=20260921 worlds_001 第121轮：1/1批
generic source=20260911 target=20260921 worlds_001 第122轮：1/1批
generic source=20260911 target=20260921 worlds_001 第123轮：1/1批
generic source=20260911 target=20260921 worlds_001 第124轮：1/1批
generic source=20260911 target=20260921 worlds_001 第125轮：1/1批
generic source=20260911 target=20260921 worlds_001 第126轮：1/1批
generic source=20260911 target=20260921 worlds_001 第127轮：1/1批
generic source=20260911 target=20260921 worlds_001 第128轮：1/1批
generic source=20260911 target=20260921 worlds_001 第129轮：1/1批
generic source=20260911 target=20260921 worlds_001 第130轮：1/1批
generic source=20260911 target=20260921 worlds_001 第131轮：1/1批
generic source=20260911 target=20260921 worlds_001 第132轮：1/1批
generic source=20260911 target=20260921 worlds_001 第133轮：1/1批
generic source=20260911 target=20260921 worlds_001 第134轮：1/1批
generic source=20260911 target=20260921 worlds_001 第135轮：1/1批
generic source=20260911 target=20260921 worlds_001 第136轮：1/1批
generic source=20260911 target=20260921 worlds_001 第137轮：1/1批
generic source=20260911 target=20260921 worlds_001 第138轮：1/1批
generic source=20260911 target=20260921 worlds_001 第139轮：1/1批
generic source=20260911 target=20260921 worlds_001 第140轮：1/1批
generic source=20260911 target=20260921 worlds_001 第141轮：1/1批
generic source=20260911 target=20260921 worlds_001 第142轮：1/1批
generic source=20260911 target=20260921 worlds_001 第143轮：1/1批
generic source=20260911 target=20260921 worlds_001 第144轮：1/1批
generic source=20260911 target=20260921 worlds_001 第145轮：1/1批
generic source=20260911 target=20260921 worlds_001 第146轮：1/1批
generic source=20260911 target=20260921 worlds_001 第147轮：1/1批
generic source=20260911 target=20260921 worlds_001 第148轮：1/1批
generic source=20260911 target=20260921 worlds_001 第149轮：1/1批
generic source=20260911 target=20260921 worlds_001 第150轮：1/1批
generic source=20260911 target=20260921 worlds_001 第151轮：1/1批
generic source=20260911 target=20260921 worlds_001 第152轮：1/1批
generic source=20260911 target=20260921 worlds_001 第153轮：1/1批
generic source=20260911 target=20260921 worlds_001 第154轮：1/1批
generic source=20260911 target=20260921 worlds_001 第155轮：1/1批
generic source=20260911 target=20260921 worlds_001 第156轮：1/1批
generic source=20260911 target=20260921 worlds_001 第157轮：1/1批
generic source=20260911 target=20260921 worlds_001 第158轮：1/1批
generic source=20260911 target=20260921 worlds_001 第159轮：1/1批
generic source=20260911 target=20260921 worlds_001 第160轮：1/1批
generic source=20260911 target=20260921 worlds_001 第161轮：1/1批
generic source=20260911 target=20260921 worlds_001 第162轮：1/1批
generic source=20260911 target=20260921 worlds_001 第163轮：1/1批
generic source=20260911 target=20260921 worlds_001 第164轮：1/1批
generic source=20260911 target=20260921 worlds_001 第165轮：1/1批
generic source=20260911 target=20260921 worlds_001 第166轮：1/1批
generic source=20260911 target=20260921 worlds_001 第167轮：1/1批
generic source=20260911 target=20260921 worlds_001 第168轮：1/1批
generic source=20260911 target=20260921 worlds_001 第169轮：1/1批
generic source=20260911 target=20260921 worlds_001 第170轮：1/1批
generic source=20260911 target=20260921 worlds_001 第171轮：1/1批
generic source=20260911 target=20260921 worlds_001 第172轮：1/1批
generic source=20260911 target=20260921 worlds_001 第173轮：1/1批
generic source=20260911 target=20260921 worlds_001 第174轮：1/1批
generic source=20260911 target=20260921 worlds_001 第175轮：1/1批
generic source=20260911 target=20260921 worlds_001 第176轮：1/1批
generic source=20260911 target=20260921 worlds_001 第177轮：1/1批
generic source=20260911 target=20260921 worlds_001 第178轮：1/1批
generic source=20260911 target=20260921 worlds_001 第179轮：1/1批
generic source=20260911 target=20260921 worlds_001 第180轮：1/1批
generic source=20260911 target=20260921 worlds_001 第181轮：1/1批
generic source=20260911 target=20260921 worlds_001 第182轮：1/1批
generic source=20260911 target=20260921 worlds_001 第183轮：1/1批
generic source=20260911 target=20260921 worlds_001 第184轮：1/1批
generic source=20260911 target=20260921 worlds_001 第185轮：1/1批
generic source=20260911 target=20260921 worlds_001 第186轮：1/1批
generic source=20260911 target=20260921 worlds_001 第187轮：1/1批
generic source=20260911 target=20260921 worlds_001 第188轮：1/1批
generic source=20260911 target=20260921 worlds_001 第189轮：1/1批
generic source=20260911 target=20260921 worlds_001 第190轮：1/1批
generic source=20260911 target=20260921 worlds_001 第191轮：1/1批
generic source=20260911 target=20260921 worlds_001 第192轮：1/1批
generic source=20260911 target=20260921 worlds_001 第193轮：1/1批
generic source=20260911 target=20260921 worlds_001 第194轮：1/1批
generic source=20260911 target=20260921 worlds_001 第195轮：1/1批
generic source=20260911 target=20260921 worlds_001 第196轮：1/1批
generic source=20260911 target=20260921 worlds_001 第197轮：1/1批
generic source=20260911 target=20260921 worlds_001 第198轮：1/1批
generic source=20260911 target=20260921 worlds_001 第199轮：1/1批
generic source=20260911 target=20260921 worlds_001 第200轮：1/1批
中文微调开发推理：50/500世界
中文微调开发推理：100/500世界
中文微调开发推理：150/500世界
中文微调开发推理：200/500世界
中文微调开发推理：250/500世界
中文微调开发推理：300/500世界
中文微调开发推理：350/500世界
中文微调开发推理：400/500世界
中文微调开发推理：450/500世界
中文微调开发推理：500/500世界
开始中文同预算模型：generic_source_20260911_target_20260921_worlds_005
generic source=20260911 target=20260921 worlds_005 第1轮：5/5批
generic source=20260911 target=20260921 worlds_005 第2轮：5/5批
generic source=20260911 target=20260921 worlds_005 第3轮：5/5批
generic source=20260911 target=20260921 worlds_005 第4轮：5/5批
generic source=20260911 target=20260921 worlds_005 第5轮：5/5批
generic source=20260911 target=20260921 worlds_005 第6轮：5/5批
generic source=20260911 target=20260921 worlds_005 第7轮：5/5批
generic source=20260911 target=20260921 worlds_005 第8轮：5/5批
generic source=20260911 target=20260921 worlds_005 第9轮：5/5批
generic source=20260911 target=20260921 worlds_005 第10轮：5/5批
generic source=20260911 target=20260921 worlds_005 第11轮：5/5批
generic source=20260911 target=20260921 worlds_005 第12轮：5/5批
generic source=20260911 target=20260921 worlds_005 第13轮：5/5批
generic source=20260911 target=20260921 worlds_005 第14轮：5/5批
generic source=20260911 target=20260921 worlds_005 第15轮：5/5批
generic source=20260911 target=20260921 worlds_005 第16轮：5/5批
generic source=20260911 target=20260921 worlds_005 第17轮：5/5批
generic source=20260911 target=20260921 worlds_005 第18轮：5/5批
generic source=20260911 target=20260921 worlds_005 第19轮：5/5批
generic source=20260911 target=20260921 worlds_005 第20轮：5/5批
generic source=20260911 target=20260921 worlds_005 第21轮：5/5批
generic source=20260911 target=20260921 worlds_005 第22轮：5/5批
generic source=20260911 target=20260921 worlds_005 第23轮：5/5批
generic source=20260911 target=20260921 worlds_005 第24轮：5/5批
generic source=20260911 target=20260921 worlds_005 第25轮：5/5批
generic source=20260911 target=20260921 worlds_005 第26轮：5/5批
generic source=20260911 target=20260921 worlds_005 第27轮：5/5批
generic source=20260911 target=20260921 worlds_005 第28轮：5/5批
generic source=20260911 target=20260921 worlds_005 第29轮：5/5批
generic source=20260911 target=20260921 worlds_005 第30轮：5/5批
generic source=20260911 target=20260921 worlds_005 第31轮：5/5批
generic source=20260911 target=20260921 worlds_005 第32轮：5/5批
generic source=20260911 target=20260921 worlds_005 第33轮：5/5批
generic source=20260911 target=20260921 worlds_005 第34轮：5/5批
generic source=20260911 target=20260921 worlds_005 第35轮：5/5批
generic source=20260911 target=20260921 worlds_005 第36轮：5/5批
generic source=20260911 target=20260921 worlds_005 第37轮：5/5批
generic source=20260911 target=20260921 worlds_005 第38轮：5/5批
generic source=20260911 target=20260921 worlds_005 第39轮：5/5批
generic source=20260911 target=20260921 worlds_005 第40轮：5/5批
中文微调开发推理：50/500世界
中文微调开发推理：100/500世界
中文微调开发推理：150/500世界
中文微调开发推理：200/500世界
中文微调开发推理：250/500世界
中文微调开发推理：300/500世界
中文微调开发推理：350/500世界
中文微调开发推理：400/500世界
中文微调开发推理：450/500世界
中文微调开发推理：500/500世界
开始中文同预算模型：generic_source_20260911_target_20260921_worlds_010
generic source=20260911 target=20260921 worlds_010 第1轮：10/10批
generic source=20260911 target=20260921 worlds_010 第2轮：10/10批
generic source=20260911 target=20260921 worlds_010 第3轮：10/10批
generic source=20260911 target=20260921 worlds_010 第4轮：10/10批
generic source=20260911 target=20260921 worlds_010 第5轮：10/10批
generic source=20260911 target=20260921 worlds_010 第6轮：10/10批
generic source=20260911 target=20260921 worlds_010 第7轮：10/10批
generic source=20260911 target=20260921 worlds_010 第8轮：10/10批
generic source=20260911 target=20260921 worlds_010 第9轮：10/10批
generic source=20260911 target=20260921 worlds_010 第10轮：10/10批
generic source=20260911 target=20260921 worlds_010 第11轮：10/10批
generic source=20260911 target=20260921 worlds_010 第12轮：10/10批
generic source=20260911 target=20260921 worlds_010 第13轮：10/10批
generic source=20260911 target=20260921 worlds_010 第14轮：10/10批
generic source=20260911 target=20260921 worlds_010 第15轮：10/10批
generic source=20260911 target=20260921 worlds_010 第16轮：10/10批
generic source=20260911 target=20260921 worlds_010 第17轮：10/10批
generic source=20260911 target=20260921 worlds_010 第18轮：10/10批
generic source=20260911 target=20260921 worlds_010 第19轮：10/10批
generic source=20260911 target=20260921 worlds_010 第20轮：10/10批
中文微调开发推理：50/500世界
中文微调开发推理：100/500世界
中文微调开发推理：150/500世界
中文微调开发推理：200/500世界
中文微调开发推理：250/500世界
中文微调开发推理：300/500世界
中文微调开发推理：350/500世界
中文微调开发推理：400/500世界
中文微调开发推理：450/500世界
中文微调开发推理：500/500世界
开始中文同预算模型：generic_source_20260911_target_20260921_worlds_025
generic source=20260911 target=20260921 worlds_025 第1轮：10/25批
generic source=20260911 target=20260921 worlds_025 第1轮：20/25批
generic source=20260911 target=20260921 worlds_025 第1轮：25/25批
generic source=20260911 target=20260921 worlds_025 第2轮：10/25批
generic source=20260911 target=20260921 worlds_025 第2轮：20/25批
generic source=20260911 target=20260921 worlds_025 第2轮：25/25批
generic source=20260911 target=20260921 worlds_025 第3轮：10/25批
generic source=20260911 target=20260921 worlds_025 第3轮：20/25批
generic source=20260911 target=20260921 worlds_025 第3轮：25/25批
generic source=20260911 target=20260921 worlds_025 第4轮：10/25批
generic source=20260911 target=20260921 worlds_025 第4轮：20/25批
generic source=20260911 target=20260921 worlds_025 第4轮：25/25批
generic source=20260911 target=20260921 worlds_025 第5轮：10/25批
generic source=20260911 target=20260921 worlds_025 第5轮：20/25批
generic source=20260911 target=20260921 worlds_025 第5轮：25/25批
generic source=20260911 target=20260921 worlds_025 第6轮：10/25批
generic source=20260911 target=20260921 worlds_025 第6轮：20/25批
generic source=20260911 target=20260921 worlds_025 第6轮：25/25批
generic source=20260911 target=20260921 worlds_025 第7轮：10/25批
generic source=20260911 target=20260921 worlds_025 第7轮：20/25批
generic source=20260911 target=20260921 worlds_025 第7轮：25/25批
generic source=20260911 target=20260921 worlds_025 第8轮：10/25批
generic source=20260911 target=20260921 worlds_025 第8轮：20/25批
generic source=20260911 target=20260921 worlds_025 第8轮：25/25批
中文微调开发推理：50/500世界
中文微调开发推理：100/500世界
中文微调开发推理：150/500世界
中文微调开发推理：200/500世界
中文微调开发推理：250/500世界
中文微调开发推理：300/500世界
中文微调开发推理：350/500世界
中文微调开发推理：400/500世界
中文微调开发推理：450/500世界
中文微调开发推理：500/500世界
开始中文同预算模型：generic_source_20260911_target_20260921_worlds_100
generic source=20260911 target=20260921 worlds_100 第1轮：10/100批
generic source=20260911 target=20260921 worlds_100 第1轮：20/100批
generic source=20260911 target=20260921 worlds_100 第1轮：30/100批
generic source=20260911 target=20260921 worlds_100 第1轮：40/100批
generic source=20260911 target=20260921 worlds_100 第1轮：50/100批
generic source=20260911 target=20260921 worlds_100 第1轮：60/100批
generic source=20260911 target=20260921 worlds_100 第1轮：70/100批
generic source=20260911 target=20260921 worlds_100 第1轮：80/100批
generic source=20260911 target=20260921 worlds_100 第1轮：90/100批
generic source=20260911 target=20260921 worlds_100 第1轮：100/100批
generic source=20260911 target=20260921 worlds_100 第2轮：10/100批
generic source=20260911 target=20260921 worlds_100 第2轮：20/100批
generic source=20260911 target=20260921 worlds_100 第2轮：30/100批
generic source=20260911 target=20260921 worlds_100 第2轮：40/100批
generic source=20260911 target=20260921 worlds_100 第2轮：50/100批
generic source=20260911 target=20260921 worlds_100 第2轮：60/100批
generic source=20260911 target=20260921 worlds_100 第2轮：70/100批
generic source=20260911 target=20260921 worlds_100 第2轮：80/100批
generic source=20260911 target=20260921 worlds_100 第2轮：90/100批
generic source=20260911 target=20260921 worlds_100 第2轮：100/100批
中文微调开发推理：50/500世界
中文微调开发推理：100/500世界
中文微调开发推理：150/500世界
中文微调开发推理：200/500世界
中文微调开发推理：250/500世界
中文微调开发推理：300/500世界
中文微调开发推理：350/500世界
中文微调开发推理：400/500世界
中文微调开发推理：450/500世界
中文微调开发推理：500/500世界
开始中文同预算模型：generic_source_20260911_target_20260921_worlds_500
generic source=20260911 target=20260921 worlds_500 第1轮：10/500批
generic source=20260911 target=20260921 worlds_500 第1轮：20/500批
generic source=20260911 target=20260921 worlds_500 第1轮：30/500批
generic source=20260911 target=20260921 worlds_500 第1轮：40/500批
generic source=20260911 target=20260921 worlds_500 第1轮：50/500批
generic source=20260911 target=20260921 worlds_500 第1轮：60/500批
generic source=20260911 target=20260921 worlds_500 第1轮：70/500批
generic source=20260911 target=20260921 worlds_500 第1轮：80/500批
generic source=20260911 target=20260921 worlds_500 第1轮：90/500批
generic source=20260911 target=20260921 worlds_500 第1轮：100/500批
generic source=20260911 target=20260921 worlds_500 第1轮：110/500批
generic source=20260911 target=20260921 worlds_500 第1轮：120/500批
generic source=20260911 target=20260921 worlds_500 第1轮：130/500批
generic source=20260911 target=20260921 worlds_500 第1轮：140/500批
generic source=20260911 target=20260921 worlds_500 第1轮：150/500批
generic source=20260911 target=20260921 worlds_500 第1轮：160/500批
generic source=20260911 target=20260921 worlds_500 第1轮：170/500批
generic source=20260911 target=20260921 worlds_500 第1轮：180/500批
generic source=20260911 target=20260921 worlds_500 第1轮：190/500批
generic source=20260911 target=20260921 worlds_500 第1轮：200/500批
generic source=20260911 target=20260921 worlds_500 第1轮：210/500批
generic source=20260911 target=20260921 worlds_500 第1轮：220/500批
generic source=20260911 target=20260921 worlds_500 第1轮：230/500批
generic source=20260911 target=20260921 worlds_500 第1轮：240/500批
generic source=20260911 target=20260921 worlds_500 第1轮：250/500批
generic source=20260911 target=20260921 worlds_500 第1轮：260/500批
generic source=20260911 target=20260921 worlds_500 第1轮：270/500批
generic source=20260911 target=20260921 worlds_500 第1轮：280/500批
generic source=20260911 target=20260921 worlds_500 第1轮：290/500批
generic source=20260911 target=20260921 worlds_500 第1轮：300/500批
generic source=20260911 target=20260921 worlds_500 第1轮：310/500批
generic source=20260911 target=20260921 worlds_500 第1轮：320/500批
generic source=20260911 target=20260921 worlds_500 第1轮：330/500批
generic source=20260911 target=20260921 worlds_500 第1轮：340/500批
generic source=20260911 target=20260921 worlds_500 第1轮：350/500批
generic source=20260911 target=20260921 worlds_500 第1轮：360/500批
generic source=20260911 target=20260921 worlds_500 第1轮：370/500批
generic source=20260911 target=20260921 worlds_500 第1轮：380/500批
generic source=20260911 target=20260921 worlds_500 第1轮：390/500批
generic source=20260911 target=20260921 worlds_500 第1轮：400/500批
generic source=20260911 target=20260921 worlds_500 第1轮：410/500批
generic source=20260911 target=20260921 worlds_500 第1轮：420/500批
generic source=20260911 target=20260921 worlds_500 第1轮：430/500批
generic source=20260911 target=20260921 worlds_500 第1轮：440/500批
generic source=20260911 target=20260921 worlds_500 第1轮：450/500批
generic source=20260911 target=20260921 worlds_500 第1轮：460/500批
generic source=20260911 target=20260921 worlds_500 第1轮：470/500批
generic source=20260911 target=20260921 worlds_500 第1轮：480/500批
generic source=20260911 target=20260921 worlds_500 第1轮：490/500批
generic source=20260911 target=20260921 worlds_500 第1轮：500/500批
generic source=20260911 target=20260921 worlds_500 第2轮：10/500批
generic source=20260911 target=20260921 worlds_500 第2轮：20/500批
generic source=20260911 target=20260921 worlds_500 第2轮：30/500批
generic source=20260911 target=20260921 worlds_500 第2轮：40/500批
generic source=20260911 target=20260921 worlds_500 第2轮：50/500批
generic source=20260911 target=20260921 worlds_500 第2轮：60/500批
generic source=20260911 target=20260921 worlds_500 第2轮：70/500批
generic source=20260911 target=20260921 worlds_500 第2轮：80/500批
generic source=20260911 target=20260921 worlds_500 第2轮：90/500批
generic source=20260911 target=20260921 worlds_500 第2轮：100/500批
generic source=20260911 target=20260921 worlds_500 第2轮：110/500批
generic source=20260911 target=20260921 worlds_500 第2轮：120/500批
generic source=20260911 target=20260921 worlds_500 第2轮：130/500批
generic source=20260911 target=20260921 worlds_500 第2轮：140/500批
generic source=20260911 target=20260921 worlds_500 第2轮：150/500批
generic source=20260911 target=20260921 worlds_500 第2轮：160/500批
generic source=20260911 target=20260921 worlds_500 第2轮：170/500批
generic source=20260911 target=20260921 worlds_500 第2轮：180/500批
generic source=20260911 target=20260921 worlds_500 第2轮：190/500批
generic source=20260911 target=20260921 worlds_500 第2轮：200/500批
generic source=20260911 target=20260921 worlds_500 第2轮：210/500批
generic source=20260911 target=20260921 worlds_500 第2轮：220/500批
generic source=20260911 target=20260921 worlds_500 第2轮：230/500批
generic source=20260911 target=20260921 worlds_500 第2轮：240/500批
generic source=20260911 target=20260921 worlds_500 第2轮：250/500批
generic source=20260911 target=20260921 worlds_500 第2轮：260/500批
generic source=20260911 target=20260921 worlds_500 第2轮：270/500批
generic source=20260911 target=20260921 worlds_500 第2轮：280/500批
generic source=20260911 target=20260921 worlds_500 第2轮：290/500批
generic source=20260911 target=20260921 worlds_500 第2轮：300/500批
generic source=20260911 target=20260921 worlds_500 第2轮：310/500批
generic source=20260911 target=20260921 worlds_500 第2轮：320/500批
generic source=20260911 target=20260921 worlds_500 第2轮：330/500批
generic source=20260911 target=20260921 worlds_500 第2轮：340/500批
generic source=20260911 target=20260921 worlds_500 第2轮：350/500批
generic source=20260911 target=20260921 worlds_500 第2轮：360/500批
generic source=20260911 target=20260921 worlds_500 第2轮：370/500批
generic source=20260911 target=20260921 worlds_500 第2轮：380/500批
generic source=20260911 target=20260921 worlds_500 第2轮：390/500批
generic source=20260911 target=20260921 worlds_500 第2轮：400/500批
generic source=20260911 target=20260921 worlds_500 第2轮：410/500批
generic source=20260911 target=20260921 worlds_500 第2轮：420/500批
generic source=20260911 target=20260921 worlds_500 第2轮：430/500批
generic source=20260911 target=20260921 worlds_500 第2轮：440/500批
generic source=20260911 target=20260921 worlds_500 第2轮：450/500批
generic source=20260911 target=20260921 worlds_500 第2轮：460/500批
generic source=20260911 target=20260921 worlds_500 第2轮：470/500批
generic source=20260911 target=20260921 worlds_500 第2轮：480/500批
generic source=20260911 target=20260921 worlds_500 第2轮：490/500批
generic source=20260911 target=20260921 worlds_500 第2轮：500/500批
中文微调开发推理：50/500世界
中文微调开发推理：100/500世界
中文微调开发推理：150/500世界
中文微调开发推理：200/500世界
中文微调开发推理：250/500世界
中文微调开发推理：300/500世界
中文微调开发推理：350/500世界
中文微调开发推理：400/500世界
中文微调开发推理：450/500世界
中文微调开发推理：500/500世界
开始中文同预算模型：generic_source_20260912_target_20260922_worlds_001
generic source=20260912 target=20260922 worlds_001 第1轮：1/1批
generic source=20260912 target=20260922 worlds_001 第2轮：1/1批
generic source=20260912 target=20260922 worlds_001 第3轮：1/1批
generic source=20260912 target=20260922 worlds_001 第4轮：1/1批
generic source=20260912 target=20260922 worlds_001 第5轮：1/1批
generic source=20260912 target=20260922 worlds_001 第6轮：1/1批
generic source=20260912 target=20260922 worlds_001 第7轮：1/1批
generic source=20260912 target=20260922 worlds_001 第8轮：1/1批
generic source=20260912 target=20260922 worlds_001 第9轮：1/1批
generic source=20260912 target=20260922 worlds_001 第10轮：1/1批
generic source=20260912 target=20260922 worlds_001 第11轮：1/1批
generic source=20260912 target=20260922 worlds_001 第12轮：1/1批
generic source=20260912 target=20260922 worlds_001 第13轮：1/1批
generic source=20260912 target=20260922 worlds_001 第14轮：1/1批
generic source=20260912 target=20260922 worlds_001 第15轮：1/1批
generic source=20260912 target=20260922 worlds_001 第16轮：1/1批
generic source=20260912 target=20260922 worlds_001 第17轮：1/1批
generic source=20260912 target=20260922 worlds_001 第18轮：1/1批
generic source=20260912 target=20260922 worlds_001 第19轮：1/1批
generic source=20260912 target=20260922 worlds_001 第20轮：1/1批
generic source=20260912 target=20260922 worlds_001 第21轮：1/1批
generic source=20260912 target=20260922 worlds_001 第22轮：1/1批
generic source=20260912 target=20260922 worlds_001 第23轮：1/1批
generic source=20260912 target=20260922 worlds_001 第24轮：1/1批
generic source=20260912 target=20260922 worlds_001 第25轮：1/1批
generic source=20260912 target=20260922 worlds_001 第26轮：1/1批
generic source=20260912 target=20260922 worlds_001 第27轮：1/1批
generic source=20260912 target=20260922 worlds_001 第28轮：1/1批
generic source=20260912 target=20260922 worlds_001 第29轮：1/1批
generic source=20260912 target=20260922 worlds_001 第30轮：1/1批
generic source=20260912 target=20260922 worlds_001 第31轮：1/1批
generic source=20260912 target=20260922 worlds_001 第32轮：1/1批
generic source=20260912 target=20260922 worlds_001 第33轮：1/1批
generic source=20260912 target=20260922 worlds_001 第34轮：1/1批
generic source=20260912 target=20260922 worlds_001 第35轮：1/1批
generic source=20260912 target=20260922 worlds_001 第36轮：1/1批
generic source=20260912 target=20260922 worlds_001 第37轮：1/1批
generic source=20260912 target=20260922 worlds_001 第38轮：1/1批
generic source=20260912 target=20260922 worlds_001 第39轮：1/1批
generic source=20260912 target=20260922 worlds_001 第40轮：1/1批
generic source=20260912 target=20260922 worlds_001 第41轮：1/1批
generic source=20260912 target=20260922 worlds_001 第42轮：1/1批
generic source=20260912 target=20260922 worlds_001 第43轮：1/1批
generic source=20260912 target=20260922 worlds_001 第44轮：1/1批
generic source=20260912 target=20260922 worlds_001 第45轮：1/1批
generic source=20260912 target=20260922 worlds_001 第46轮：1/1批
generic source=20260912 target=20260922 worlds_001 第47轮：1/1批
generic source=20260912 target=20260922 worlds_001 第48轮：1/1批
generic source=20260912 target=20260922 worlds_001 第49轮：1/1批
generic source=20260912 target=20260922 worlds_001 第50轮：1/1批
generic source=20260912 target=20260922 worlds_001 第51轮：1/1批
generic source=20260912 target=20260922 worlds_001 第52轮：1/1批
generic source=20260912 target=20260922 worlds_001 第53轮：1/1批
generic source=20260912 target=20260922 worlds_001 第54轮：1/1批
generic source=20260912 target=20260922 worlds_001 第55轮：1/1批
generic source=20260912 target=20260922 worlds_001 第56轮：1/1批
generic source=20260912 target=20260922 worlds_001 第57轮：1/1批
generic source=20260912 target=20260922 worlds_001 第58轮：1/1批
generic source=20260912 target=20260922 worlds_001 第59轮：1/1批
generic source=20260912 target=20260922 worlds_001 第60轮：1/1批
generic source=20260912 target=20260922 worlds_001 第61轮：1/1批
generic source=20260912 target=20260922 worlds_001 第62轮：1/1批
generic source=20260912 target=20260922 worlds_001 第63轮：1/1批
generic source=20260912 target=20260922 worlds_001 第64轮：1/1批
generic source=20260912 target=20260922 worlds_001 第65轮：1/1批
generic source=20260912 target=20260922 worlds_001 第66轮：1/1批
generic source=20260912 target=20260922 worlds_001 第67轮：1/1批
generic source=20260912 target=20260922 worlds_001 第68轮：1/1批
generic source=20260912 target=20260922 worlds_001 第69轮：1/1批
generic source=20260912 target=20260922 worlds_001 第70轮：1/1批
generic source=20260912 target=20260922 worlds_001 第71轮：1/1批
generic source=20260912 target=20260922 worlds_001 第72轮：1/1批
generic source=20260912 target=20260922 worlds_001 第73轮：1/1批
generic source=20260912 target=20260922 worlds_001 第74轮：1/1批
generic source=20260912 target=20260922 worlds_001 第75轮：1/1批
generic source=20260912 target=20260922 worlds_001 第76轮：1/1批
generic source=20260912 target=20260922 worlds_001 第77轮：1/1批
generic source=20260912 target=20260922 worlds_001 第78轮：1/1批
generic source=20260912 target=20260922 worlds_001 第79轮：1/1批
generic source=20260912 target=20260922 worlds_001 第80轮：1/1批
generic source=20260912 target=20260922 worlds_001 第81轮：1/1批
generic source=20260912 target=20260922 worlds_001 第82轮：1/1批
generic source=20260912 target=20260922 worlds_001 第83轮：1/1批
generic source=20260912 target=20260922 worlds_001 第84轮：1/1批
generic source=20260912 target=20260922 worlds_001 第85轮：1/1批
generic source=20260912 target=20260922 worlds_001 第86轮：1/1批
generic source=20260912 target=20260922 worlds_001 第87轮：1/1批
generic source=20260912 target=20260922 worlds_001 第88轮：1/1批
generic source=20260912 target=20260922 worlds_001 第89轮：1/1批
generic source=20260912 target=20260922 worlds_001 第90轮：1/1批
generic source=20260912 target=20260922 worlds_001 第91轮：1/1批
generic source=20260912 target=20260922 worlds_001 第92轮：1/1批
generic source=20260912 target=20260922 worlds_001 第93轮：1/1批
generic source=20260912 target=20260922 worlds_001 第94轮：1/1批
generic source=20260912 target=20260922 worlds_001 第95轮：1/1批
generic source=20260912 target=20260922 worlds_001 第96轮：1/1批
generic source=20260912 target=20260922 worlds_001 第97轮：1/1批
generic source=20260912 target=20260922 worlds_001 第98轮：1/1批
generic source=20260912 target=20260922 worlds_001 第99轮：1/1批
generic source=20260912 target=20260922 worlds_001 第100轮：1/1批
generic source=20260912 target=20260922 worlds_001 第101轮：1/1批
generic source=20260912 target=20260922 worlds_001 第102轮：1/1批
generic source=20260912 target=20260922 worlds_001 第103轮：1/1批
generic source=20260912 target=20260922 worlds_001 第104轮：1/1批
generic source=20260912 target=20260922 worlds_001 第105轮：1/1批
generic source=20260912 target=20260922 worlds_001 第106轮：1/1批
generic source=20260912 target=20260922 worlds_001 第107轮：1/1批
generic source=20260912 target=20260922 worlds_001 第108轮：1/1批
generic source=20260912 target=20260922 worlds_001 第109轮：1/1批
generic source=20260912 target=20260922 worlds_001 第110轮：1/1批
generic source=20260912 target=20260922 worlds_001 第111轮：1/1批
generic source=20260912 target=20260922 worlds_001 第112轮：1/1批
generic source=20260912 target=20260922 worlds_001 第113轮：1/1批
generic source=20260912 target=20260922 worlds_001 第114轮：1/1批
generic source=20260912 target=20260922 worlds_001 第115轮：1/1批
generic source=20260912 target=20260922 worlds_001 第116轮：1/1批
generic source=20260912 target=20260922 worlds_001 第117轮：1/1批
generic source=20260912 target=20260922 worlds_001 第118轮：1/1批
generic source=20260912 target=20260922 worlds_001 第119轮：1/1批
generic source=20260912 target=20260922 worlds_001 第120轮：1/1批
generic source=20260912 target=20260922 worlds_001 第121轮：1/1批
generic source=20260912 target=20260922 worlds_001 第122轮：1/1批
generic source=20260912 target=20260922 worlds_001 第123轮：1/1批
generic source=20260912 target=20260922 worlds_001 第124轮：1/1批
generic source=20260912 target=20260922 worlds_001 第125轮：1/1批
generic source=20260912 target=20260922 worlds_001 第126轮：1/1批
generic source=20260912 target=20260922 worlds_001 第127轮：1/1批
generic source=20260912 target=20260922 worlds_001 第128轮：1/1批
generic source=20260912 target=20260922 worlds_001 第129轮：1/1批
generic source=20260912 target=20260922 worlds_001 第130轮：1/1批
generic source=20260912 target=20260922 worlds_001 第131轮：1/1批
generic source=20260912 target=20260922 worlds_001 第132轮：1/1批
generic source=20260912 target=20260922 worlds_001 第133轮：1/1批
generic source=20260912 target=20260922 worlds_001 第134轮：1/1批
generic source=20260912 target=20260922 worlds_001 第135轮：1/1批
generic source=20260912 target=20260922 worlds_001 第136轮：1/1批
generic source=20260912 target=20260922 worlds_001 第137轮：1/1批
generic source=20260912 target=20260922 worlds_001 第138轮：1/1批
generic source=20260912 target=20260922 worlds_001 第139轮：1/1批
generic source=20260912 target=20260922 worlds_001 第140轮：1/1批
generic source=20260912 target=20260922 worlds_001 第141轮：1/1批
generic source=20260912 target=20260922 worlds_001 第142轮：1/1批
generic source=20260912 target=20260922 worlds_001 第143轮：1/1批
generic source=20260912 target=20260922 worlds_001 第144轮：1/1批
generic source=20260912 target=20260922 worlds_001 第145轮：1/1批
generic source=20260912 target=20260922 worlds_001 第146轮：1/1批
generic source=20260912 target=20260922 worlds_001 第147轮：1/1批
generic source=20260912 target=20260922 worlds_001 第148轮：1/1批
generic source=20260912 target=20260922 worlds_001 第149轮：1/1批
generic source=20260912 target=20260922 worlds_001 第150轮：1/1批
generic source=20260912 target=20260922 worlds_001 第151轮：1/1批
generic source=20260912 target=20260922 worlds_001 第152轮：1/1批
generic source=20260912 target=20260922 worlds_001 第153轮：1/1批
generic source=20260912 target=20260922 worlds_001 第154轮：1/1批
generic source=20260912 target=20260922 worlds_001 第155轮：1/1批
generic source=20260912 target=20260922 worlds_001 第156轮：1/1批
generic source=20260912 target=20260922 worlds_001 第157轮：1/1批
generic source=20260912 target=20260922 worlds_001 第158轮：1/1批
generic source=20260912 target=20260922 worlds_001 第159轮：1/1批
generic source=20260912 target=20260922 worlds_001 第160轮：1/1批
generic source=20260912 target=20260922 worlds_001 第161轮：1/1批
generic source=20260912 target=20260922 worlds_001 第162轮：1/1批
generic source=20260912 target=20260922 worlds_001 第163轮：1/1批
generic source=20260912 target=20260922 worlds_001 第164轮：1/1批
generic source=20260912 target=20260922 worlds_001 第165轮：1/1批
generic source=20260912 target=20260922 worlds_001 第166轮：1/1批
generic source=20260912 target=20260922 worlds_001 第167轮：1/1批
generic source=20260912 target=20260922 worlds_001 第168轮：1/1批
generic source=20260912 target=20260922 worlds_001 第169轮：1/1批
generic source=20260912 target=20260922 worlds_001 第170轮：1/1批
generic source=20260912 target=20260922 worlds_001 第171轮：1/1批
generic source=20260912 target=20260922 worlds_001 第172轮：1/1批
generic source=20260912 target=20260922 worlds_001 第173轮：1/1批
generic source=20260912 target=20260922 worlds_001 第174轮：1/1批
generic source=20260912 target=20260922 worlds_001 第175轮：1/1批
generic source=20260912 target=20260922 worlds_001 第176轮：1/1批
generic source=20260912 target=20260922 worlds_001 第177轮：1/1批
generic source=20260912 target=20260922 worlds_001 第178轮：1/1批
generic source=20260912 target=20260922 worlds_001 第179轮：1/1批
generic source=20260912 target=20260922 worlds_001 第180轮：1/1批
generic source=20260912 target=20260922 worlds_001 第181轮：1/1批
generic source=20260912 target=20260922 worlds_001 第182轮：1/1批
generic source=20260912 target=20260922 worlds_001 第183轮：1/1批
generic source=20260912 target=20260922 worlds_001 第184轮：1/1批
generic source=20260912 target=20260922 worlds_001 第185轮：1/1批
generic source=20260912 target=20260922 worlds_001 第186轮：1/1批
generic source=20260912 target=20260922 worlds_001 第187轮：1/1批
generic source=20260912 target=20260922 worlds_001 第188轮：1/1批
generic source=20260912 target=20260922 worlds_001 第189轮：1/1批
generic source=20260912 target=20260922 worlds_001 第190轮：1/1批
generic source=20260912 target=20260922 worlds_001 第191轮：1/1批
generic source=20260912 target=20260922 worlds_001 第192轮：1/1批
generic source=20260912 target=20260922 worlds_001 第193轮：1/1批
generic source=20260912 target=20260922 worlds_001 第194轮：1/1批
generic source=20260912 target=20260922 worlds_001 第195轮：1/1批
generic source=20260912 target=20260922 worlds_001 第196轮：1/1批
generic source=20260912 target=20260922 worlds_001 第197轮：1/1批
generic source=20260912 target=20260922 worlds_001 第198轮：1/1批
generic source=20260912 target=20260922 worlds_001 第199轮：1/1批
generic source=20260912 target=20260922 worlds_001 第200轮：1/1批
中文微调开发推理：50/500世界
中文微调开发推理：100/500世界
中文微调开发推理：150/500世界
中文微调开发推理：200/500世界
中文微调开发推理：250/500世界
中文微调开发推理：300/500世界
中文微调开发推理：350/500世界
中文微调开发推理：400/500世界
中文微调开发推理：450/500世界
中文微调开发推理：500/500世界
开始中文同预算模型：generic_source_20260912_target_20260922_worlds_005
generic source=20260912 target=20260922 worlds_005 第1轮：5/5批
generic source=20260912 target=20260922 worlds_005 第2轮：5/5批
generic source=20260912 target=20260922 worlds_005 第3轮：5/5批
generic source=20260912 target=20260922 worlds_005 第4轮：5/5批
generic source=20260912 target=20260922 worlds_005 第5轮：5/5批
generic source=20260912 target=20260922 worlds_005 第6轮：5/5批
generic source=20260912 target=20260922 worlds_005 第7轮：5/5批
generic source=20260912 target=20260922 worlds_005 第8轮：5/5批
generic source=20260912 target=20260922 worlds_005 第9轮：5/5批
generic source=20260912 target=20260922 worlds_005 第10轮：5/5批
generic source=20260912 target=20260922 worlds_005 第11轮：5/5批
generic source=20260912 target=20260922 worlds_005 第12轮：5/5批
generic source=20260912 target=20260922 worlds_005 第13轮：5/5批
generic source=20260912 target=20260922 worlds_005 第14轮：5/5批
generic source=20260912 target=20260922 worlds_005 第15轮：5/5批
generic source=20260912 target=20260922 worlds_005 第16轮：5/5批
generic source=20260912 target=20260922 worlds_005 第17轮：5/5批
generic source=20260912 target=20260922 worlds_005 第18轮：5/5批
generic source=20260912 target=20260922 worlds_005 第19轮：5/5批
generic source=20260912 target=20260922 worlds_005 第20轮：5/5批
generic source=20260912 target=20260922 worlds_005 第21轮：5/5批
generic source=20260912 target=20260922 worlds_005 第22轮：5/5批
generic source=20260912 target=20260922 worlds_005 第23轮：5/5批
generic source=20260912 target=20260922 worlds_005 第24轮：5/5批
generic source=20260912 target=20260922 worlds_005 第25轮：5/5批
generic source=20260912 target=20260922 worlds_005 第26轮：5/5批
generic source=20260912 target=20260922 worlds_005 第27轮：5/5批
generic source=20260912 target=20260922 worlds_005 第28轮：5/5批
generic source=20260912 target=20260922 worlds_005 第29轮：5/5批
generic source=20260912 target=20260922 worlds_005 第30轮：5/5批
generic source=20260912 target=20260922 worlds_005 第31轮：5/5批
generic source=20260912 target=20260922 worlds_005 第32轮：5/5批
generic source=20260912 target=20260922 worlds_005 第33轮：5/5批
generic source=20260912 target=20260922 worlds_005 第34轮：5/5批
generic source=20260912 target=20260922 worlds_005 第35轮：5/5批
generic source=20260912 target=20260922 worlds_005 第36轮：5/5批
generic source=20260912 target=20260922 worlds_005 第37轮：5/5批
generic source=20260912 target=20260922 worlds_005 第38轮：5/5批
generic source=20260912 target=20260922 worlds_005 第39轮：5/5批
generic source=20260912 target=20260922 worlds_005 第40轮：5/5批
中文微调开发推理：50/500世界
中文微调开发推理：100/500世界
中文微调开发推理：150/500世界
中文微调开发推理：200/500世界
中文微调开发推理：250/500世界
中文微调开发推理：300/500世界
中文微调开发推理：350/500世界
中文微调开发推理：400/500世界
中文微调开发推理：450/500世界
中文微调开发推理：500/500世界
开始中文同预算模型：generic_source_20260912_target_20260922_worlds_010
generic source=20260912 target=20260922 worlds_010 第1轮：10/10批
generic source=20260912 target=20260922 worlds_010 第2轮：10/10批
generic source=20260912 target=20260922 worlds_010 第3轮：10/10批
generic source=20260912 target=20260922 worlds_010 第4轮：10/10批
generic source=20260912 target=20260922 worlds_010 第5轮：10/10批
generic source=20260912 target=20260922 worlds_010 第6轮：10/10批
generic source=20260912 target=20260922 worlds_010 第7轮：10/10批
generic source=20260912 target=20260922 worlds_010 第8轮：10/10批
generic source=20260912 target=20260922 worlds_010 第9轮：10/10批
generic source=20260912 target=20260922 worlds_010 第10轮：10/10批
generic source=20260912 target=20260922 worlds_010 第11轮：10/10批
generic source=20260912 target=20260922 worlds_010 第12轮：10/10批
generic source=20260912 target=20260922 worlds_010 第13轮：10/10批
generic source=20260912 target=20260922 worlds_010 第14轮：10/10批
generic source=20260912 target=20260922 worlds_010 第15轮：10/10批
generic source=20260912 target=20260922 worlds_010 第16轮：10/10批
generic source=20260912 target=20260922 worlds_010 第17轮：10/10批
generic source=20260912 target=20260922 worlds_010 第18轮：10/10批
generic source=20260912 target=20260922 worlds_010 第19轮：10/10批
generic source=20260912 target=20260922 worlds_010 第20轮：10/10批
中文微调开发推理：50/500世界
中文微调开发推理：100/500世界
中文微调开发推理：150/500世界
中文微调开发推理：200/500世界
中文微调开发推理：250/500世界
中文微调开发推理：300/500世界
中文微调开发推理：350/500世界
中文微调开发推理：400/500世界
中文微调开发推理：450/500世界
中文微调开发推理：500/500世界
开始中文同预算模型：generic_source_20260912_target_20260922_worlds_025
generic source=20260912 target=20260922 worlds_025 第1轮：10/25批
generic source=20260912 target=20260922 worlds_025 第1轮：20/25批
generic source=20260912 target=20260922 worlds_025 第1轮：25/25批
generic source=20260912 target=20260922 worlds_025 第2轮：10/25批
generic source=20260912 target=20260922 worlds_025 第2轮：20/25批
generic source=20260912 target=20260922 worlds_025 第2轮：25/25批
generic source=20260912 target=20260922 worlds_025 第3轮：10/25批
generic source=20260912 target=20260922 worlds_025 第3轮：20/25批
generic source=20260912 target=20260922 worlds_025 第3轮：25/25批
generic source=20260912 target=20260922 worlds_025 第4轮：10/25批
generic source=20260912 target=20260922 worlds_025 第4轮：20/25批
generic source=20260912 target=20260922 worlds_025 第4轮：25/25批
generic source=20260912 target=20260922 worlds_025 第5轮：10/25批
generic source=20260912 target=20260922 worlds_025 第5轮：20/25批
generic source=20260912 target=20260922 worlds_025 第5轮：25/25批
generic source=20260912 target=20260922 worlds_025 第6轮：10/25批
generic source=20260912 target=20260922 worlds_025 第6轮：20/25批
generic source=20260912 target=20260922 worlds_025 第6轮：25/25批
generic source=20260912 target=20260922 worlds_025 第7轮：10/25批
generic source=20260912 target=20260922 worlds_025 第7轮：20/25批
generic source=20260912 target=20260922 worlds_025 第7轮：25/25批
generic source=20260912 target=20260922 worlds_025 第8轮：10/25批
generic source=20260912 target=20260922 worlds_025 第8轮：20/25批
generic source=20260912 target=20260922 worlds_025 第8轮：25/25批
中文微调开发推理：50/500世界
中文微调开发推理：100/500世界
中文微调开发推理：150/500世界
中文微调开发推理：200/500世界
中文微调开发推理：250/500世界
中文微调开发推理：300/500世界
中文微调开发推理：350/500世界
中文微调开发推理：400/500世界
中文微调开发推理：450/500世界
中文微调开发推理：500/500世界
开始中文同预算模型：generic_source_20260912_target_20260922_worlds_100
generic source=20260912 target=20260922 worlds_100 第1轮：10/100批
generic source=20260912 target=20260922 worlds_100 第1轮：20/100批
generic source=20260912 target=20260922 worlds_100 第1轮：30/100批
generic source=20260912 target=20260922 worlds_100 第1轮：40/100批
generic source=20260912 target=20260922 worlds_100 第1轮：50/100批
generic source=20260912 target=20260922 worlds_100 第1轮：60/100批
generic source=20260912 target=20260922 worlds_100 第1轮：70/100批
generic source=20260912 target=20260922 worlds_100 第1轮：80/100批
generic source=20260912 target=20260922 worlds_100 第1轮：90/100批
generic source=20260912 target=20260922 worlds_100 第1轮：100/100批
generic source=20260912 target=20260922 worlds_100 第2轮：10/100批
generic source=20260912 target=20260922 worlds_100 第2轮：20/100批
generic source=20260912 target=20260922 worlds_100 第2轮：30/100批
generic source=20260912 target=20260922 worlds_100 第2轮：40/100批
generic source=20260912 target=20260922 worlds_100 第2轮：50/100批
generic source=20260912 target=20260922 worlds_100 第2轮：60/100批
generic source=20260912 target=20260922 worlds_100 第2轮：70/100批
generic source=20260912 target=20260922 worlds_100 第2轮：80/100批
generic source=20260912 target=20260922 worlds_100 第2轮：90/100批
generic source=20260912 target=20260922 worlds_100 第2轮：100/100批
中文微调开发推理：50/500世界
中文微调开发推理：100/500世界
中文微调开发推理：150/500世界
中文微调开发推理：200/500世界
中文微调开发推理：250/500世界
中文微调开发推理：300/500世界
中文微调开发推理：350/500世界
中文微调开发推理：400/500世界
中文微调开发推理：450/500世界
中文微调开发推理：500/500世界
开始中文同预算模型：generic_source_20260912_target_20260922_worlds_500
generic source=20260912 target=20260922 worlds_500 第1轮：10/500批
generic source=20260912 target=20260922 worlds_500 第1轮：20/500批
generic source=20260912 target=20260922 worlds_500 第1轮：30/500批
generic source=20260912 target=20260922 worlds_500 第1轮：40/500批
generic source=20260912 target=20260922 worlds_500 第1轮：50/500批
generic source=20260912 target=20260922 worlds_500 第1轮：60/500批
generic source=20260912 target=20260922 worlds_500 第1轮：70/500批
generic source=20260912 target=20260922 worlds_500 第1轮：80/500批
generic source=20260912 target=20260922 worlds_500 第1轮：90/500批
generic source=20260912 target=20260922 worlds_500 第1轮：100/500批
generic source=20260912 target=20260922 worlds_500 第1轮：110/500批
generic source=20260912 target=20260922 worlds_500 第1轮：120/500批
generic source=20260912 target=20260922 worlds_500 第1轮：130/500批
generic source=20260912 target=20260922 worlds_500 第1轮：140/500批
generic source=20260912 target=20260922 worlds_500 第1轮：150/500批
generic source=20260912 target=20260922 worlds_500 第1轮：160/500批
generic source=20260912 target=20260922 worlds_500 第1轮：170/500批
generic source=20260912 target=20260922 worlds_500 第1轮：180/500批
generic source=20260912 target=20260922 worlds_500 第1轮：190/500批
generic source=20260912 target=20260922 worlds_500 第1轮：200/500批
generic source=20260912 target=20260922 worlds_500 第1轮：210/500批
generic source=20260912 target=20260922 worlds_500 第1轮：220/500批
generic source=20260912 target=20260922 worlds_500 第1轮：230/500批
generic source=20260912 target=20260922 worlds_500 第1轮：240/500批
generic source=20260912 target=20260922 worlds_500 第1轮：250/500批
generic source=20260912 target=20260922 worlds_500 第1轮：260/500批
generic source=20260912 target=20260922 worlds_500 第1轮：270/500批
generic source=20260912 target=20260922 worlds_500 第1轮：280/500批
generic source=20260912 target=20260922 worlds_500 第1轮：290/500批
generic source=20260912 target=20260922 worlds_500 第1轮：300/500批
generic source=20260912 target=20260922 worlds_500 第1轮：310/500批
generic source=20260912 target=20260922 worlds_500 第1轮：320/500批
generic source=20260912 target=20260922 worlds_500 第1轮：330/500批
generic source=20260912 target=20260922 worlds_500 第1轮：340/500批
generic source=20260912 target=20260922 worlds_500 第1轮：350/500批
generic source=20260912 target=20260922 worlds_500 第1轮：360/500批
generic source=20260912 target=20260922 worlds_500 第1轮：370/500批
generic source=20260912 target=20260922 worlds_500 第1轮：380/500批
generic source=20260912 target=20260922 worlds_500 第1轮：390/500批
generic source=20260912 target=20260922 worlds_500 第1轮：400/500批
generic source=20260912 target=20260922 worlds_500 第1轮：410/500批
generic source=20260912 target=20260922 worlds_500 第1轮：420/500批
generic source=20260912 target=20260922 worlds_500 第1轮：430/500批
generic source=20260912 target=20260922 worlds_500 第1轮：440/500批
generic source=20260912 target=20260922 worlds_500 第1轮：450/500批
generic source=20260912 target=20260922 worlds_500 第1轮：460/500批
generic source=20260912 target=20260922 worlds_500 第1轮：470/500批
generic source=20260912 target=20260922 worlds_500 第1轮：480/500批
generic source=20260912 target=20260922 worlds_500 第1轮：490/500批
generic source=20260912 target=20260922 worlds_500 第1轮：500/500批
generic source=20260912 target=20260922 worlds_500 第2轮：10/500批
generic source=20260912 target=20260922 worlds_500 第2轮：20/500批
generic source=20260912 target=20260922 worlds_500 第2轮：30/500批
generic source=20260912 target=20260922 worlds_500 第2轮：40/500批
generic source=20260912 target=20260922 worlds_500 第2轮：50/500批
generic source=20260912 target=20260922 worlds_500 第2轮：60/500批
generic source=20260912 target=20260922 worlds_500 第2轮：70/500批
generic source=20260912 target=20260922 worlds_500 第2轮：80/500批
generic source=20260912 target=20260922 worlds_500 第2轮：90/500批
generic source=20260912 target=20260922 worlds_500 第2轮：100/500批
generic source=20260912 target=20260922 worlds_500 第2轮：110/500批
generic source=20260912 target=20260922 worlds_500 第2轮：120/500批
generic source=20260912 target=20260922 worlds_500 第2轮：130/500批
generic source=20260912 target=20260922 worlds_500 第2轮：140/500批
generic source=20260912 target=20260922 worlds_500 第2轮：150/500批
generic source=20260912 target=20260922 worlds_500 第2轮：160/500批
generic source=20260912 target=20260922 worlds_500 第2轮：170/500批
generic source=20260912 target=20260922 worlds_500 第2轮：180/500批
generic source=20260912 target=20260922 worlds_500 第2轮：190/500批
generic source=20260912 target=20260922 worlds_500 第2轮：200/500批
generic source=20260912 target=20260922 worlds_500 第2轮：210/500批
generic source=20260912 target=20260922 worlds_500 第2轮：220/500批
generic source=20260912 target=20260922 worlds_500 第2轮：230/500批
generic source=20260912 target=20260922 worlds_500 第2轮：240/500批
generic source=20260912 target=20260922 worlds_500 第2轮：250/500批
generic source=20260912 target=20260922 worlds_500 第2轮：260/500批
generic source=20260912 target=20260922 worlds_500 第2轮：270/500批
generic source=20260912 target=20260922 worlds_500 第2轮：280/500批
generic source=20260912 target=20260922 worlds_500 第2轮：290/500批
generic source=20260912 target=20260922 worlds_500 第2轮：300/500批
generic source=20260912 target=20260922 worlds_500 第2轮：310/500批
generic source=20260912 target=20260922 worlds_500 第2轮：320/500批
generic source=20260912 target=20260922 worlds_500 第2轮：330/500批
generic source=20260912 target=20260922 worlds_500 第2轮：340/500批
generic source=20260912 target=20260922 worlds_500 第2轮：350/500批
generic source=20260912 target=20260922 worlds_500 第2轮：360/500批
generic source=20260912 target=20260922 worlds_500 第2轮：370/500批
generic source=20260912 target=20260922 worlds_500 第2轮：380/500批
generic source=20260912 target=20260922 worlds_500 第2轮：390/500批
generic source=20260912 target=20260922 worlds_500 第2轮：400/500批
generic source=20260912 target=20260922 worlds_500 第2轮：410/500批
generic source=20260912 target=20260922 worlds_500 第2轮：420/500批
generic source=20260912 target=20260922 worlds_500 第2轮：430/500批
generic source=20260912 target=20260922 worlds_500 第2轮：440/500批
generic source=20260912 target=20260922 worlds_500 第2轮：450/500批
generic source=20260912 target=20260922 worlds_500 第2轮：460/500批
generic source=20260912 target=20260922 worlds_500 第2轮：470/500批
generic source=20260912 target=20260922 worlds_500 第2轮：480/500批
generic source=20260912 target=20260922 worlds_500 第2轮：490/500批
generic source=20260912 target=20260922 worlds_500 第2轮：500/500批
中文微调开发推理：50/500世界
中文微调开发推理：100/500世界
中文微调开发推理：150/500世界
中文微调开发推理：200/500世界
中文微调开发推理：250/500世界
中文微调开发推理：300/500世界
中文微调开发推理：350/500世界
中文微调开发推理：400/500世界
中文微调开发推理：450/500世界
中文微调开发推理：500/500世界
开始中文同预算模型：generic_source_20260913_target_20260923_worlds_001
generic source=20260913 target=20260923 worlds_001 第1轮：1/1批
generic source=20260913 target=20260923 worlds_001 第2轮：1/1批
generic source=20260913 target=20260923 worlds_001 第3轮：1/1批
generic source=20260913 target=20260923 worlds_001 第4轮：1/1批
generic source=20260913 target=20260923 worlds_001 第5轮：1/1批
generic source=20260913 target=20260923 worlds_001 第6轮：1/1批
generic source=20260913 target=20260923 worlds_001 第7轮：1/1批
generic source=20260913 target=20260923 worlds_001 第8轮：1/1批
generic source=20260913 target=20260923 worlds_001 第9轮：1/1批
generic source=20260913 target=20260923 worlds_001 第10轮：1/1批
generic source=20260913 target=20260923 worlds_001 第11轮：1/1批
generic source=20260913 target=20260923 worlds_001 第12轮：1/1批
generic source=20260913 target=20260923 worlds_001 第13轮：1/1批
generic source=20260913 target=20260923 worlds_001 第14轮：1/1批
generic source=20260913 target=20260923 worlds_001 第15轮：1/1批
generic source=20260913 target=20260923 worlds_001 第16轮：1/1批
generic source=20260913 target=20260923 worlds_001 第17轮：1/1批
generic source=20260913 target=20260923 worlds_001 第18轮：1/1批
generic source=20260913 target=20260923 worlds_001 第19轮：1/1批
generic source=20260913 target=20260923 worlds_001 第20轮：1/1批
generic source=20260913 target=20260923 worlds_001 第21轮：1/1批
generic source=20260913 target=20260923 worlds_001 第22轮：1/1批
generic source=20260913 target=20260923 worlds_001 第23轮：1/1批
generic source=20260913 target=20260923 worlds_001 第24轮：1/1批
generic source=20260913 target=20260923 worlds_001 第25轮：1/1批
generic source=20260913 target=20260923 worlds_001 第26轮：1/1批
generic source=20260913 target=20260923 worlds_001 第27轮：1/1批
generic source=20260913 target=20260923 worlds_001 第28轮：1/1批
generic source=20260913 target=20260923 worlds_001 第29轮：1/1批
generic source=20260913 target=20260923 worlds_001 第30轮：1/1批
generic source=20260913 target=20260923 worlds_001 第31轮：1/1批
generic source=20260913 target=20260923 worlds_001 第32轮：1/1批
generic source=20260913 target=20260923 worlds_001 第33轮：1/1批
generic source=20260913 target=20260923 worlds_001 第34轮：1/1批
generic source=20260913 target=20260923 worlds_001 第35轮：1/1批
generic source=20260913 target=20260923 worlds_001 第36轮：1/1批
generic source=20260913 target=20260923 worlds_001 第37轮：1/1批
generic source=20260913 target=20260923 worlds_001 第38轮：1/1批
generic source=20260913 target=20260923 worlds_001 第39轮：1/1批
generic source=20260913 target=20260923 worlds_001 第40轮：1/1批
generic source=20260913 target=20260923 worlds_001 第41轮：1/1批
generic source=20260913 target=20260923 worlds_001 第42轮：1/1批
generic source=20260913 target=20260923 worlds_001 第43轮：1/1批
generic source=20260913 target=20260923 worlds_001 第44轮：1/1批
generic source=20260913 target=20260923 worlds_001 第45轮：1/1批
generic source=20260913 target=20260923 worlds_001 第46轮：1/1批
generic source=20260913 target=20260923 worlds_001 第47轮：1/1批
generic source=20260913 target=20260923 worlds_001 第48轮：1/1批
generic source=20260913 target=20260923 worlds_001 第49轮：1/1批
generic source=20260913 target=20260923 worlds_001 第50轮：1/1批
generic source=20260913 target=20260923 worlds_001 第51轮：1/1批
generic source=20260913 target=20260923 worlds_001 第52轮：1/1批
generic source=20260913 target=20260923 worlds_001 第53轮：1/1批
generic source=20260913 target=20260923 worlds_001 第54轮：1/1批
generic source=20260913 target=20260923 worlds_001 第55轮：1/1批
generic source=20260913 target=20260923 worlds_001 第56轮：1/1批
generic source=20260913 target=20260923 worlds_001 第57轮：1/1批
generic source=20260913 target=20260923 worlds_001 第58轮：1/1批
generic source=20260913 target=20260923 worlds_001 第59轮：1/1批
generic source=20260913 target=20260923 worlds_001 第60轮：1/1批
generic source=20260913 target=20260923 worlds_001 第61轮：1/1批
generic source=20260913 target=20260923 worlds_001 第62轮：1/1批
generic source=20260913 target=20260923 worlds_001 第63轮：1/1批
generic source=20260913 target=20260923 worlds_001 第64轮：1/1批
generic source=20260913 target=20260923 worlds_001 第65轮：1/1批
generic source=20260913 target=20260923 worlds_001 第66轮：1/1批
generic source=20260913 target=20260923 worlds_001 第67轮：1/1批
generic source=20260913 target=20260923 worlds_001 第68轮：1/1批
generic source=20260913 target=20260923 worlds_001 第69轮：1/1批
generic source=20260913 target=20260923 worlds_001 第70轮：1/1批
generic source=20260913 target=20260923 worlds_001 第71轮：1/1批
generic source=20260913 target=20260923 worlds_001 第72轮：1/1批
generic source=20260913 target=20260923 worlds_001 第73轮：1/1批
generic source=20260913 target=20260923 worlds_001 第74轮：1/1批
generic source=20260913 target=20260923 worlds_001 第75轮：1/1批
generic source=20260913 target=20260923 worlds_001 第76轮：1/1批
generic source=20260913 target=20260923 worlds_001 第77轮：1/1批
generic source=20260913 target=20260923 worlds_001 第78轮：1/1批
generic source=20260913 target=20260923 worlds_001 第79轮：1/1批
generic source=20260913 target=20260923 worlds_001 第80轮：1/1批
generic source=20260913 target=20260923 worlds_001 第81轮：1/1批
generic source=20260913 target=20260923 worlds_001 第82轮：1/1批
generic source=20260913 target=20260923 worlds_001 第83轮：1/1批
generic source=20260913 target=20260923 worlds_001 第84轮：1/1批
generic source=20260913 target=20260923 worlds_001 第85轮：1/1批
generic source=20260913 target=20260923 worlds_001 第86轮：1/1批
generic source=20260913 target=20260923 worlds_001 第87轮：1/1批
generic source=20260913 target=20260923 worlds_001 第88轮：1/1批
generic source=20260913 target=20260923 worlds_001 第89轮：1/1批
generic source=20260913 target=20260923 worlds_001 第90轮：1/1批
generic source=20260913 target=20260923 worlds_001 第91轮：1/1批
generic source=20260913 target=20260923 worlds_001 第92轮：1/1批
generic source=20260913 target=20260923 worlds_001 第93轮：1/1批
generic source=20260913 target=20260923 worlds_001 第94轮：1/1批
generic source=20260913 target=20260923 worlds_001 第95轮：1/1批
generic source=20260913 target=20260923 worlds_001 第96轮：1/1批
generic source=20260913 target=20260923 worlds_001 第97轮：1/1批
generic source=20260913 target=20260923 worlds_001 第98轮：1/1批
generic source=20260913 target=20260923 worlds_001 第99轮：1/1批
generic source=20260913 target=20260923 worlds_001 第100轮：1/1批
generic source=20260913 target=20260923 worlds_001 第101轮：1/1批
generic source=20260913 target=20260923 worlds_001 第102轮：1/1批
generic source=20260913 target=20260923 worlds_001 第103轮：1/1批
generic source=20260913 target=20260923 worlds_001 第104轮：1/1批
generic source=20260913 target=20260923 worlds_001 第105轮：1/1批
generic source=20260913 target=20260923 worlds_001 第106轮：1/1批
generic source=20260913 target=20260923 worlds_001 第107轮：1/1批
generic source=20260913 target=20260923 worlds_001 第108轮：1/1批
generic source=20260913 target=20260923 worlds_001 第109轮：1/1批
generic source=20260913 target=20260923 worlds_001 第110轮：1/1批
generic source=20260913 target=20260923 worlds_001 第111轮：1/1批
generic source=20260913 target=20260923 worlds_001 第112轮：1/1批
generic source=20260913 target=20260923 worlds_001 第113轮：1/1批
generic source=20260913 target=20260923 worlds_001 第114轮：1/1批
generic source=20260913 target=20260923 worlds_001 第115轮：1/1批
generic source=20260913 target=20260923 worlds_001 第116轮：1/1批
generic source=20260913 target=20260923 worlds_001 第117轮：1/1批
generic source=20260913 target=20260923 worlds_001 第118轮：1/1批
generic source=20260913 target=20260923 worlds_001 第119轮：1/1批
generic source=20260913 target=20260923 worlds_001 第120轮：1/1批
generic source=20260913 target=20260923 worlds_001 第121轮：1/1批
generic source=20260913 target=20260923 worlds_001 第122轮：1/1批
generic source=20260913 target=20260923 worlds_001 第123轮：1/1批
generic source=20260913 target=20260923 worlds_001 第124轮：1/1批
generic source=20260913 target=20260923 worlds_001 第125轮：1/1批
generic source=20260913 target=20260923 worlds_001 第126轮：1/1批
generic source=20260913 target=20260923 worlds_001 第127轮：1/1批
generic source=20260913 target=20260923 worlds_001 第128轮：1/1批
generic source=20260913 target=20260923 worlds_001 第129轮：1/1批
generic source=20260913 target=20260923 worlds_001 第130轮：1/1批
generic source=20260913 target=20260923 worlds_001 第131轮：1/1批
generic source=20260913 target=20260923 worlds_001 第132轮：1/1批
generic source=20260913 target=20260923 worlds_001 第133轮：1/1批
generic source=20260913 target=20260923 worlds_001 第134轮：1/1批
generic source=20260913 target=20260923 worlds_001 第135轮：1/1批
generic source=20260913 target=20260923 worlds_001 第136轮：1/1批
generic source=20260913 target=20260923 worlds_001 第137轮：1/1批
generic source=20260913 target=20260923 worlds_001 第138轮：1/1批
generic source=20260913 target=20260923 worlds_001 第139轮：1/1批
generic source=20260913 target=20260923 worlds_001 第140轮：1/1批
generic source=20260913 target=20260923 worlds_001 第141轮：1/1批
generic source=20260913 target=20260923 worlds_001 第142轮：1/1批
generic source=20260913 target=20260923 worlds_001 第143轮：1/1批
generic source=20260913 target=20260923 worlds_001 第144轮：1/1批
generic source=20260913 target=20260923 worlds_001 第145轮：1/1批
generic source=20260913 target=20260923 worlds_001 第146轮：1/1批
generic source=20260913 target=20260923 worlds_001 第147轮：1/1批
generic source=20260913 target=20260923 worlds_001 第148轮：1/1批
generic source=20260913 target=20260923 worlds_001 第149轮：1/1批
generic source=20260913 target=20260923 worlds_001 第150轮：1/1批
generic source=20260913 target=20260923 worlds_001 第151轮：1/1批
generic source=20260913 target=20260923 worlds_001 第152轮：1/1批
generic source=20260913 target=20260923 worlds_001 第153轮：1/1批
generic source=20260913 target=20260923 worlds_001 第154轮：1/1批
generic source=20260913 target=20260923 worlds_001 第155轮：1/1批
generic source=20260913 target=20260923 worlds_001 第156轮：1/1批
generic source=20260913 target=20260923 worlds_001 第157轮：1/1批
generic source=20260913 target=20260923 worlds_001 第158轮：1/1批
generic source=20260913 target=20260923 worlds_001 第159轮：1/1批
generic source=20260913 target=20260923 worlds_001 第160轮：1/1批
generic source=20260913 target=20260923 worlds_001 第161轮：1/1批
generic source=20260913 target=20260923 worlds_001 第162轮：1/1批
generic source=20260913 target=20260923 worlds_001 第163轮：1/1批
generic source=20260913 target=20260923 worlds_001 第164轮：1/1批
generic source=20260913 target=20260923 worlds_001 第165轮：1/1批
generic source=20260913 target=20260923 worlds_001 第166轮：1/1批
generic source=20260913 target=20260923 worlds_001 第167轮：1/1批
generic source=20260913 target=20260923 worlds_001 第168轮：1/1批
generic source=20260913 target=20260923 worlds_001 第169轮：1/1批
generic source=20260913 target=20260923 worlds_001 第170轮：1/1批
generic source=20260913 target=20260923 worlds_001 第171轮：1/1批
generic source=20260913 target=20260923 worlds_001 第172轮：1/1批
generic source=20260913 target=20260923 worlds_001 第173轮：1/1批
generic source=20260913 target=20260923 worlds_001 第174轮：1/1批
generic source=20260913 target=20260923 worlds_001 第175轮：1/1批
generic source=20260913 target=20260923 worlds_001 第176轮：1/1批
generic source=20260913 target=20260923 worlds_001 第177轮：1/1批
generic source=20260913 target=20260923 worlds_001 第178轮：1/1批
generic source=20260913 target=20260923 worlds_001 第179轮：1/1批
generic source=20260913 target=20260923 worlds_001 第180轮：1/1批
generic source=20260913 target=20260923 worlds_001 第181轮：1/1批
generic source=20260913 target=20260923 worlds_001 第182轮：1/1批
generic source=20260913 target=20260923 worlds_001 第183轮：1/1批
generic source=20260913 target=20260923 worlds_001 第184轮：1/1批
generic source=20260913 target=20260923 worlds_001 第185轮：1/1批
generic source=20260913 target=20260923 worlds_001 第186轮：1/1批
generic source=20260913 target=20260923 worlds_001 第187轮：1/1批
generic source=20260913 target=20260923 worlds_001 第188轮：1/1批
generic source=20260913 target=20260923 worlds_001 第189轮：1/1批
generic source=20260913 target=20260923 worlds_001 第190轮：1/1批
generic source=20260913 target=20260923 worlds_001 第191轮：1/1批
generic source=20260913 target=20260923 worlds_001 第192轮：1/1批
generic source=20260913 target=20260923 worlds_001 第193轮：1/1批
generic source=20260913 target=20260923 worlds_001 第194轮：1/1批
generic source=20260913 target=20260923 worlds_001 第195轮：1/1批
generic source=20260913 target=20260923 worlds_001 第196轮：1/1批
generic source=20260913 target=20260923 worlds_001 第197轮：1/1批
generic source=20260913 target=20260923 worlds_001 第198轮：1/1批
generic source=20260913 target=20260923 worlds_001 第199轮：1/1批
generic source=20260913 target=20260923 worlds_001 第200轮：1/1批
中文微调开发推理：50/500世界
中文微调开发推理：100/500世界
中文微调开发推理：150/500世界
中文微调开发推理：200/500世界
中文微调开发推理：250/500世界
中文微调开发推理：300/500世界
中文微调开发推理：350/500世界
中文微调开发推理：400/500世界
中文微调开发推理：450/500世界
中文微调开发推理：500/500世界
开始中文同预算模型：generic_source_20260913_target_20260923_worlds_005
generic source=20260913 target=20260923 worlds_005 第1轮：5/5批
generic source=20260913 target=20260923 worlds_005 第2轮：5/5批
generic source=20260913 target=20260923 worlds_005 第3轮：5/5批
generic source=20260913 target=20260923 worlds_005 第4轮：5/5批
generic source=20260913 target=20260923 worlds_005 第5轮：5/5批
generic source=20260913 target=20260923 worlds_005 第6轮：5/5批
generic source=20260913 target=20260923 worlds_005 第7轮：5/5批
generic source=20260913 target=20260923 worlds_005 第8轮：5/5批
generic source=20260913 target=20260923 worlds_005 第9轮：5/5批
generic source=20260913 target=20260923 worlds_005 第10轮：5/5批
generic source=20260913 target=20260923 worlds_005 第11轮：5/5批
generic source=20260913 target=20260923 worlds_005 第12轮：5/5批
generic source=20260913 target=20260923 worlds_005 第13轮：5/5批
generic source=20260913 target=20260923 worlds_005 第14轮：5/5批
generic source=20260913 target=20260923 worlds_005 第15轮：5/5批
generic source=20260913 target=20260923 worlds_005 第16轮：5/5批
generic source=20260913 target=20260923 worlds_005 第17轮：5/5批
generic source=20260913 target=20260923 worlds_005 第18轮：5/5批
generic source=20260913 target=20260923 worlds_005 第19轮：5/5批
generic source=20260913 target=20260923 worlds_005 第20轮：5/5批
generic source=20260913 target=20260923 worlds_005 第21轮：5/5批
generic source=20260913 target=20260923 worlds_005 第22轮：5/5批
generic source=20260913 target=20260923 worlds_005 第23轮：5/5批
generic source=20260913 target=20260923 worlds_005 第24轮：5/5批
generic source=20260913 target=20260923 worlds_005 第25轮：5/5批
generic source=20260913 target=20260923 worlds_005 第26轮：5/5批
generic source=20260913 target=20260923 worlds_005 第27轮：5/5批
generic source=20260913 target=20260923 worlds_005 第28轮：5/5批
generic source=20260913 target=20260923 worlds_005 第29轮：5/5批
generic source=20260913 target=20260923 worlds_005 第30轮：5/5批
generic source=20260913 target=20260923 worlds_005 第31轮：5/5批
generic source=20260913 target=20260923 worlds_005 第32轮：5/5批
generic source=20260913 target=20260923 worlds_005 第33轮：5/5批
generic source=20260913 target=20260923 worlds_005 第34轮：5/5批
generic source=20260913 target=20260923 worlds_005 第35轮：5/5批
generic source=20260913 target=20260923 worlds_005 第36轮：5/5批
generic source=20260913 target=20260923 worlds_005 第37轮：5/5批
generic source=20260913 target=20260923 worlds_005 第38轮：5/5批
generic source=20260913 target=20260923 worlds_005 第39轮：5/5批
generic source=20260913 target=20260923 worlds_005 第40轮：5/5批
中文微调开发推理：50/500世界
中文微调开发推理：100/500世界
中文微调开发推理：150/500世界
中文微调开发推理：200/500世界
中文微调开发推理：250/500世界
中文微调开发推理：300/500世界
中文微调开发推理：350/500世界
中文微调开发推理：400/500世界
中文微调开发推理：450/500世界
中文微调开发推理：500/500世界
开始中文同预算模型：generic_source_20260913_target_20260923_worlds_010
generic source=20260913 target=20260923 worlds_010 第1轮：10/10批
generic source=20260913 target=20260923 worlds_010 第2轮：10/10批
generic source=20260913 target=20260923 worlds_010 第3轮：10/10批
generic source=20260913 target=20260923 worlds_010 第4轮：10/10批
generic source=20260913 target=20260923 worlds_010 第5轮：10/10批
generic source=20260913 target=20260923 worlds_010 第6轮：10/10批
generic source=20260913 target=20260923 worlds_010 第7轮：10/10批
generic source=20260913 target=20260923 worlds_010 第8轮：10/10批
generic source=20260913 target=20260923 worlds_010 第9轮：10/10批
generic source=20260913 target=20260923 worlds_010 第10轮：10/10批
generic source=20260913 target=20260923 worlds_010 第11轮：10/10批
generic source=20260913 target=20260923 worlds_010 第12轮：10/10批
generic source=20260913 target=20260923 worlds_010 第13轮：10/10批
generic source=20260913 target=20260923 worlds_010 第14轮：10/10批
generic source=20260913 target=20260923 worlds_010 第15轮：10/10批
generic source=20260913 target=20260923 worlds_010 第16轮：10/10批
generic source=20260913 target=20260923 worlds_010 第17轮：10/10批
generic source=20260913 target=20260923 worlds_010 第18轮：10/10批
generic source=20260913 target=20260923 worlds_010 第19轮：10/10批
generic source=20260913 target=20260923 worlds_010 第20轮：10/10批
中文微调开发推理：50/500世界
中文微调开发推理：100/500世界
中文微调开发推理：150/500世界
中文微调开发推理：200/500世界
中文微调开发推理：250/500世界
中文微调开发推理：300/500世界
中文微调开发推理：350/500世界
中文微调开发推理：400/500世界
中文微调开发推理：450/500世界
中文微调开发推理：500/500世界
开始中文同预算模型：generic_source_20260913_target_20260923_worlds_025
generic source=20260913 target=20260923 worlds_025 第1轮：10/25批
generic source=20260913 target=20260923 worlds_025 第1轮：20/25批
generic source=20260913 target=20260923 worlds_025 第1轮：25/25批
generic source=20260913 target=20260923 worlds_025 第2轮：10/25批
generic source=20260913 target=20260923 worlds_025 第2轮：20/25批
generic source=20260913 target=20260923 worlds_025 第2轮：25/25批
generic source=20260913 target=20260923 worlds_025 第3轮：10/25批
generic source=20260913 target=20260923 worlds_025 第3轮：20/25批
generic source=20260913 target=20260923 worlds_025 第3轮：25/25批
generic source=20260913 target=20260923 worlds_025 第4轮：10/25批
generic source=20260913 target=20260923 worlds_025 第4轮：20/25批
generic source=20260913 target=20260923 worlds_025 第4轮：25/25批
generic source=20260913 target=20260923 worlds_025 第5轮：10/25批
generic source=20260913 target=20260923 worlds_025 第5轮：20/25批
generic source=20260913 target=20260923 worlds_025 第5轮：25/25批
generic source=20260913 target=20260923 worlds_025 第6轮：10/25批
generic source=20260913 target=20260923 worlds_025 第6轮：20/25批
generic source=20260913 target=20260923 worlds_025 第6轮：25/25批
generic source=20260913 target=20260923 worlds_025 第7轮：10/25批
generic source=20260913 target=20260923 worlds_025 第7轮：20/25批
generic source=20260913 target=20260923 worlds_025 第7轮：25/25批
generic source=20260913 target=20260923 worlds_025 第8轮：10/25批
generic source=20260913 target=20260923 worlds_025 第8轮：20/25批
generic source=20260913 target=20260923 worlds_025 第8轮：25/25批
中文微调开发推理：50/500世界
中文微调开发推理：100/500世界
中文微调开发推理：150/500世界
中文微调开发推理：200/500世界
中文微调开发推理：250/500世界
中文微调开发推理：300/500世界
中文微调开发推理：350/500世界
中文微调开发推理：400/500世界
中文微调开发推理：450/500世界
中文微调开发推理：500/500世界
开始中文同预算模型：generic_source_20260913_target_20260923_worlds_100
generic source=20260913 target=20260923 worlds_100 第1轮：10/100批
generic source=20260913 target=20260923 worlds_100 第1轮：20/100批
generic source=20260913 target=20260923 worlds_100 第1轮：30/100批
generic source=20260913 target=20260923 worlds_100 第1轮：40/100批
generic source=20260913 target=20260923 worlds_100 第1轮：50/100批
generic source=20260913 target=20260923 worlds_100 第1轮：60/100批
generic source=20260913 target=20260923 worlds_100 第1轮：70/100批
generic source=20260913 target=20260923 worlds_100 第1轮：80/100批
generic source=20260913 target=20260923 worlds_100 第1轮：90/100批
generic source=20260913 target=20260923 worlds_100 第1轮：100/100批
generic source=20260913 target=20260923 worlds_100 第2轮：10/100批
generic source=20260913 target=20260923 worlds_100 第2轮：20/100批
generic source=20260913 target=20260923 worlds_100 第2轮：30/100批
generic source=20260913 target=20260923 worlds_100 第2轮：40/100批
generic source=20260913 target=20260923 worlds_100 第2轮：50/100批
generic source=20260913 target=20260923 worlds_100 第2轮：60/100批
generic source=20260913 target=20260923 worlds_100 第2轮：70/100批
generic source=20260913 target=20260923 worlds_100 第2轮：80/100批
generic source=20260913 target=20260923 worlds_100 第2轮：90/100批
generic source=20260913 target=20260923 worlds_100 第2轮：100/100批
中文微调开发推理：50/500世界
中文微调开发推理：100/500世界
中文微调开发推理：150/500世界
中文微调开发推理：200/500世界
中文微调开发推理：250/500世界
中文微调开发推理：300/500世界
中文微调开发推理：350/500世界
中文微调开发推理：400/500世界
中文微调开发推理：450/500世界
中文微调开发推理：500/500世界
开始中文同预算模型：generic_source_20260913_target_20260923_worlds_500
generic source=20260913 target=20260923 worlds_500 第1轮：10/500批
generic source=20260913 target=20260923 worlds_500 第1轮：20/500批
generic source=20260913 target=20260923 worlds_500 第1轮：30/500批
generic source=20260913 target=20260923 worlds_500 第1轮：40/500批
generic source=20260913 target=20260923 worlds_500 第1轮：50/500批
generic source=20260913 target=20260923 worlds_500 第1轮：60/500批
generic source=20260913 target=20260923 worlds_500 第1轮：70/500批
generic source=20260913 target=20260923 worlds_500 第1轮：80/500批
generic source=20260913 target=20260923 worlds_500 第1轮：90/500批
generic source=20260913 target=20260923 worlds_500 第1轮：100/500批
generic source=20260913 target=20260923 worlds_500 第1轮：110/500批
generic source=20260913 target=20260923 worlds_500 第1轮：120/500批
generic source=20260913 target=20260923 worlds_500 第1轮：130/500批
generic source=20260913 target=20260923 worlds_500 第1轮：140/500批
generic source=20260913 target=20260923 worlds_500 第1轮：150/500批
generic source=20260913 target=20260923 worlds_500 第1轮：160/500批
generic source=20260913 target=20260923 worlds_500 第1轮：170/500批
generic source=20260913 target=20260923 worlds_500 第1轮：180/500批
generic source=20260913 target=20260923 worlds_500 第1轮：190/500批
generic source=20260913 target=20260923 worlds_500 第1轮：200/500批
generic source=20260913 target=20260923 worlds_500 第1轮：210/500批
generic source=20260913 target=20260923 worlds_500 第1轮：220/500批
generic source=20260913 target=20260923 worlds_500 第1轮：230/500批
generic source=20260913 target=20260923 worlds_500 第1轮：240/500批
generic source=20260913 target=20260923 worlds_500 第1轮：250/500批
generic source=20260913 target=20260923 worlds_500 第1轮：260/500批
generic source=20260913 target=20260923 worlds_500 第1轮：270/500批
generic source=20260913 target=20260923 worlds_500 第1轮：280/500批
generic source=20260913 target=20260923 worlds_500 第1轮：290/500批
generic source=20260913 target=20260923 worlds_500 第1轮：300/500批
generic source=20260913 target=20260923 worlds_500 第1轮：310/500批
generic source=20260913 target=20260923 worlds_500 第1轮：320/500批
generic source=20260913 target=20260923 worlds_500 第1轮：330/500批
generic source=20260913 target=20260923 worlds_500 第1轮：340/500批
generic source=20260913 target=20260923 worlds_500 第1轮：350/500批
generic source=20260913 target=20260923 worlds_500 第1轮：360/500批
generic source=20260913 target=20260923 worlds_500 第1轮：370/500批
generic source=20260913 target=20260923 worlds_500 第1轮：380/500批
generic source=20260913 target=20260923 worlds_500 第1轮：390/500批
generic source=20260913 target=20260923 worlds_500 第1轮：400/500批
generic source=20260913 target=20260923 worlds_500 第1轮：410/500批
generic source=20260913 target=20260923 worlds_500 第1轮：420/500批
generic source=20260913 target=20260923 worlds_500 第1轮：430/500批
generic source=20260913 target=20260923 worlds_500 第1轮：440/500批
generic source=20260913 target=20260923 worlds_500 第1轮：450/500批
generic source=20260913 target=20260923 worlds_500 第1轮：460/500批
generic source=20260913 target=20260923 worlds_500 第1轮：470/500批
generic source=20260913 target=20260923 worlds_500 第1轮：480/500批
generic source=20260913 target=20260923 worlds_500 第1轮：490/500批
generic source=20260913 target=20260923 worlds_500 第1轮：500/500批
generic source=20260913 target=20260923 worlds_500 第2轮：10/500批
generic source=20260913 target=20260923 worlds_500 第2轮：20/500批
generic source=20260913 target=20260923 worlds_500 第2轮：30/500批
generic source=20260913 target=20260923 worlds_500 第2轮：40/500批
generic source=20260913 target=20260923 worlds_500 第2轮：50/500批
generic source=20260913 target=20260923 worlds_500 第2轮：60/500批
generic source=20260913 target=20260923 worlds_500 第2轮：70/500批
generic source=20260913 target=20260923 worlds_500 第2轮：80/500批
generic source=20260913 target=20260923 worlds_500 第2轮：90/500批
generic source=20260913 target=20260923 worlds_500 第2轮：100/500批
generic source=20260913 target=20260923 worlds_500 第2轮：110/500批
generic source=20260913 target=20260923 worlds_500 第2轮：120/500批
generic source=20260913 target=20260923 worlds_500 第2轮：130/500批
generic source=20260913 target=20260923 worlds_500 第2轮：140/500批
generic source=20260913 target=20260923 worlds_500 第2轮：150/500批
generic source=20260913 target=20260923 worlds_500 第2轮：160/500批
generic source=20260913 target=20260923 worlds_500 第2轮：170/500批
generic source=20260913 target=20260923 worlds_500 第2轮：180/500批
generic source=20260913 target=20260923 worlds_500 第2轮：190/500批
generic source=20260913 target=20260923 worlds_500 第2轮：200/500批
generic source=20260913 target=20260923 worlds_500 第2轮：210/500批
generic source=20260913 target=20260923 worlds_500 第2轮：220/500批
generic source=20260913 target=20260923 worlds_500 第2轮：230/500批
generic source=20260913 target=20260923 worlds_500 第2轮：240/500批
generic source=20260913 target=20260923 worlds_500 第2轮：250/500批
generic source=20260913 target=20260923 worlds_500 第2轮：260/500批
generic source=20260913 target=20260923 worlds_500 第2轮：270/500批
generic source=20260913 target=20260923 worlds_500 第2轮：280/500批
generic source=20260913 target=20260923 worlds_500 第2轮：290/500批
generic source=20260913 target=20260923 worlds_500 第2轮：300/500批
generic source=20260913 target=20260923 worlds_500 第2轮：310/500批
generic source=20260913 target=20260923 worlds_500 第2轮：320/500批
generic source=20260913 target=20260923 worlds_500 第2轮：330/500批
generic source=20260913 target=20260923 worlds_500 第2轮：340/500批
generic source=20260913 target=20260923 worlds_500 第2轮：350/500批
generic source=20260913 target=20260923 worlds_500 第2轮：360/500批
generic source=20260913 target=20260923 worlds_500 第2轮：370/500批
generic source=20260913 target=20260923 worlds_500 第2轮：380/500批
generic source=20260913 target=20260923 worlds_500 第2轮：390/500批
generic source=20260913 target=20260923 worlds_500 第2轮：400/500批
generic source=20260913 target=20260923 worlds_500 第2轮：410/500批
generic source=20260913 target=20260923 worlds_500 第2轮：420/500批
generic source=20260913 target=20260923 worlds_500 第2轮：430/500批
generic source=20260913 target=20260923 worlds_500 第2轮：440/500批
generic source=20260913 target=20260923 worlds_500 第2轮：450/500批
generic source=20260913 target=20260923 worlds_500 第2轮：460/500批
generic source=20260913 target=20260923 worlds_500 第2轮：470/500批
generic source=20260913 target=20260923 worlds_500 第2轮：480/500批
generic source=20260913 target=20260923 worlds_500 第2轮：490/500批
generic source=20260913 target=20260923 worlds_500 第2轮：500/500批
中文微调开发推理：50/500世界
中文微调开发推理：100/500世界
中文微调开发推理：150/500世界
中文微调开发推理：200/500世界
中文微调开发推理：250/500世界
中文微调开发推理：300/500世界
中文微调开发推理：350/500世界
中文微调开发推理：400/500世界
中文微调开发推理：450/500世界
中文微调开发推理：500/500世界
重放来源初始化：v6_correct seed=20260911 epochs=1
Token indices sequence length is longer than the specified maximum sequence length for this model (333 > 256). Running this sequence through the model will result in indexing errors
v6_correct seed=20260911 来源轮次 1/1：开发AP=0.782326，累计更新=39
开始中文同预算模型：v6_correct_source_20260911_target_20260921_worlds_001
v6_correct source=20260911 target=20260921 worlds_001 第1轮：1/1批
v6_correct source=20260911 target=20260921 worlds_001 第2轮：1/1批
v6_correct source=20260911 target=20260921 worlds_001 第3轮：1/1批
v6_correct source=20260911 target=20260921 worlds_001 第4轮：1/1批
v6_correct source=20260911 target=20260921 worlds_001 第5轮：1/1批
v6_correct source=20260911 target=20260921 worlds_001 第6轮：1/1批
v6_correct source=20260911 target=20260921 worlds_001 第7轮：1/1批
v6_correct source=20260911 target=20260921 worlds_001 第8轮：1/1批
v6_correct source=20260911 target=20260921 worlds_001 第9轮：1/1批
v6_correct source=20260911 target=20260921 worlds_001 第10轮：1/1批
v6_correct source=20260911 target=20260921 worlds_001 第11轮：1/1批
v6_correct source=20260911 target=20260921 worlds_001 第12轮：1/1批
v6_correct source=20260911 target=20260921 worlds_001 第13轮：1/1批
v6_correct source=20260911 target=20260921 worlds_001 第14轮：1/1批
v6_correct source=20260911 target=20260921 worlds_001 第15轮：1/1批
v6_correct source=20260911 target=20260921 worlds_001 第16轮：1/1批
v6_correct source=20260911 target=20260921 worlds_001 第17轮：1/1批
v6_correct source=20260911 target=20260921 worlds_001 第18轮：1/1批
v6_correct source=20260911 target=20260921 worlds_001 第19轮：1/1批
v6_correct source=20260911 target=20260921 worlds_001 第20轮：1/1批
v6_correct source=20260911 target=20260921 worlds_001 第21轮：1/1批
v6_correct source=20260911 target=20260921 worlds_001 第22轮：1/1批
v6_correct source=20260911 target=20260921 worlds_001 第23轮：1/1批
v6_correct source=20260911 target=20260921 worlds_001 第24轮：1/1批
v6_correct source=20260911 target=20260921 worlds_001 第25轮：1/1批
v6_correct source=20260911 target=20260921 worlds_001 第26轮：1/1批
v6_correct source=20260911 target=20260921 worlds_001 第27轮：1/1批
v6_correct source=20260911 target=20260921 worlds_001 第28轮：1/1批
v6_correct source=20260911 target=20260921 worlds_001 第29轮：1/1批
v6_correct source=20260911 target=20260921 worlds_001 第30轮：1/1批
v6_correct source=20260911 target=20260921 worlds_001 第31轮：1/1批
v6_correct source=20260911 target=20260921 worlds_001 第32轮：1/1批
v6_correct source=20260911 target=20260921 worlds_001 第33轮：1/1批
v6_correct source=20260911 target=20260921 worlds_001 第34轮：1/1批
v6_correct source=20260911 target=20260921 worlds_001 第35轮：1/1批
v6_correct source=20260911 target=20260921 worlds_001 第36轮：1/1批
v6_correct source=20260911 target=20260921 worlds_001 第37轮：1/1批
v6_correct source=20260911 target=20260921 worlds_001 第38轮：1/1批
v6_correct source=20260911 target=20260921 worlds_001 第39轮：1/1批
v6_correct source=20260911 target=20260921 worlds_001 第40轮：1/1批
v6_correct source=20260911 target=20260921 worlds_001 第41轮：1/1批
v6_correct source=20260911 target=20260921 worlds_001 第42轮：1/1批
v6_correct source=20260911 target=20260921 worlds_001 第43轮：1/1批
v6_correct source=20260911 target=20260921 worlds_001 第44轮：1/1批
v6_correct source=20260911 target=20260921 worlds_001 第45轮：1/1批
v6_correct source=20260911 target=20260921 worlds_001 第46轮：1/1批
v6_correct source=20260911 target=20260921 worlds_001 第47轮：1/1批
v6_correct source=20260911 target=20260921 worlds_001 第48轮：1/1批
v6_correct source=20260911 target=20260921 worlds_001 第49轮：1/1批
v6_correct source=20260911 target=20260921 worlds_001 第50轮：1/1批
v6_correct source=20260911 target=20260921 worlds_001 第51轮：1/1批
v6_correct source=20260911 target=20260921 worlds_001 第52轮：1/1批
v6_correct source=20260911 target=20260921 worlds_001 第53轮：1/1批
v6_correct source=20260911 target=20260921 worlds_001 第54轮：1/1批
v6_correct source=20260911 target=20260921 worlds_001 第55轮：1/1批
v6_correct source=20260911 target=20260921 worlds_001 第56轮：1/1批
v6_correct source=20260911 target=20260921 worlds_001 第57轮：1/1批
v6_correct source=20260911 target=20260921 worlds_001 第58轮：1/1批
v6_correct source=20260911 target=20260921 worlds_001 第59轮：1/1批
v6_correct source=20260911 target=20260921 worlds_001 第60轮：1/1批
v6_correct source=20260911 target=20260921 worlds_001 第61轮：1/1批
v6_correct source=20260911 target=20260921 worlds_001 第62轮：1/1批
v6_correct source=20260911 target=20260921 worlds_001 第63轮：1/1批
v6_correct source=20260911 target=20260921 worlds_001 第64轮：1/1批
v6_correct source=20260911 target=20260921 worlds_001 第65轮：1/1批
v6_correct source=20260911 target=20260921 worlds_001 第66轮：1/1批
v6_correct source=20260911 target=20260921 worlds_001 第67轮：1/1批
v6_correct source=20260911 target=20260921 worlds_001 第68轮：1/1批
v6_correct source=20260911 target=20260921 worlds_001 第69轮：1/1批
v6_correct source=20260911 target=20260921 worlds_001 第70轮：1/1批
v6_correct source=20260911 target=20260921 worlds_001 第71轮：1/1批
v6_correct source=20260911 target=20260921 worlds_001 第72轮：1/1批
v6_correct source=20260911 target=20260921 worlds_001 第73轮：1/1批
v6_correct source=20260911 target=20260921 worlds_001 第74轮：1/1批
v6_correct source=20260911 target=20260921 worlds_001 第75轮：1/1批
v6_correct source=20260911 target=20260921 worlds_001 第76轮：1/1批
v6_correct source=20260911 target=20260921 worlds_001 第77轮：1/1批
v6_correct source=20260911 target=20260921 worlds_001 第78轮：1/1批
v6_correct source=20260911 target=20260921 worlds_001 第79轮：1/1批
v6_correct source=20260911 target=20260921 worlds_001 第80轮：1/1批
v6_correct source=20260911 target=20260921 worlds_001 第81轮：1/1批
v6_correct source=20260911 target=20260921 worlds_001 第82轮：1/1批
v6_correct source=20260911 target=20260921 worlds_001 第83轮：1/1批
v6_correct source=20260911 target=20260921 worlds_001 第84轮：1/1批
v6_correct source=20260911 target=20260921 worlds_001 第85轮：1/1批
v6_correct source=20260911 target=20260921 worlds_001 第86轮：1/1批
v6_correct source=20260911 target=20260921 worlds_001 第87轮：1/1批
v6_correct source=20260911 target=20260921 worlds_001 第88轮：1/1批
v6_correct source=20260911 target=20260921 worlds_001 第89轮：1/1批
v6_correct source=20260911 target=20260921 worlds_001 第90轮：1/1批
v6_correct source=20260911 target=20260921 worlds_001 第91轮：1/1批
v6_correct source=20260911 target=20260921 worlds_001 第92轮：1/1批
v6_correct source=20260911 target=20260921 worlds_001 第93轮：1/1批
v6_correct source=20260911 target=20260921 worlds_001 第94轮：1/1批
v6_correct source=20260911 target=20260921 worlds_001 第95轮：1/1批
v6_correct source=20260911 target=20260921 worlds_001 第96轮：1/1批
v6_correct source=20260911 target=20260921 worlds_001 第97轮：1/1批
v6_correct source=20260911 target=20260921 worlds_001 第98轮：1/1批
v6_correct source=20260911 target=20260921 worlds_001 第99轮：1/1批
v6_correct source=20260911 target=20260921 worlds_001 第100轮：1/1批
v6_correct source=20260911 target=20260921 worlds_001 第101轮：1/1批
v6_correct source=20260911 target=20260921 worlds_001 第102轮：1/1批
v6_correct source=20260911 target=20260921 worlds_001 第103轮：1/1批
v6_correct source=20260911 target=20260921 worlds_001 第104轮：1/1批
v6_correct source=20260911 target=20260921 worlds_001 第105轮：1/1批
v6_correct source=20260911 target=20260921 worlds_001 第106轮：1/1批
v6_correct source=20260911 target=20260921 worlds_001 第107轮：1/1批
v6_correct source=20260911 target=20260921 worlds_001 第108轮：1/1批
v6_correct source=20260911 target=20260921 worlds_001 第109轮：1/1批
v6_correct source=20260911 target=20260921 worlds_001 第110轮：1/1批
v6_correct source=20260911 target=20260921 worlds_001 第111轮：1/1批
v6_correct source=20260911 target=20260921 worlds_001 第112轮：1/1批
v6_correct source=20260911 target=20260921 worlds_001 第113轮：1/1批
v6_correct source=20260911 target=20260921 worlds_001 第114轮：1/1批
v6_correct source=20260911 target=20260921 worlds_001 第115轮：1/1批
v6_correct source=20260911 target=20260921 worlds_001 第116轮：1/1批
v6_correct source=20260911 target=20260921 worlds_001 第117轮：1/1批
v6_correct source=20260911 target=20260921 worlds_001 第118轮：1/1批
v6_correct source=20260911 target=20260921 worlds_001 第119轮：1/1批
v6_correct source=20260911 target=20260921 worlds_001 第120轮：1/1批
v6_correct source=20260911 target=20260921 worlds_001 第121轮：1/1批
v6_correct source=20260911 target=20260921 worlds_001 第122轮：1/1批
v6_correct source=20260911 target=20260921 worlds_001 第123轮：1/1批
v6_correct source=20260911 target=20260921 worlds_001 第124轮：1/1批
v6_correct source=20260911 target=20260921 worlds_001 第125轮：1/1批
v6_correct source=20260911 target=20260921 worlds_001 第126轮：1/1批
v6_correct source=20260911 target=20260921 worlds_001 第127轮：1/1批
v6_correct source=20260911 target=20260921 worlds_001 第128轮：1/1批
v6_correct source=20260911 target=20260921 worlds_001 第129轮：1/1批
v6_correct source=20260911 target=20260921 worlds_001 第130轮：1/1批
v6_correct source=20260911 target=20260921 worlds_001 第131轮：1/1批
v6_correct source=20260911 target=20260921 worlds_001 第132轮：1/1批
v6_correct source=20260911 target=20260921 worlds_001 第133轮：1/1批
v6_correct source=20260911 target=20260921 worlds_001 第134轮：1/1批
v6_correct source=20260911 target=20260921 worlds_001 第135轮：1/1批
v6_correct source=20260911 target=20260921 worlds_001 第136轮：1/1批
v6_correct source=20260911 target=20260921 worlds_001 第137轮：1/1批
v6_correct source=20260911 target=20260921 worlds_001 第138轮：1/1批
v6_correct source=20260911 target=20260921 worlds_001 第139轮：1/1批
v6_correct source=20260911 target=20260921 worlds_001 第140轮：1/1批
v6_correct source=20260911 target=20260921 worlds_001 第141轮：1/1批
v6_correct source=20260911 target=20260921 worlds_001 第142轮：1/1批
v6_correct source=20260911 target=20260921 worlds_001 第143轮：1/1批
v6_correct source=20260911 target=20260921 worlds_001 第144轮：1/1批
v6_correct source=20260911 target=20260921 worlds_001 第145轮：1/1批
v6_correct source=20260911 target=20260921 worlds_001 第146轮：1/1批
v6_correct source=20260911 target=20260921 worlds_001 第147轮：1/1批
v6_correct source=20260911 target=20260921 worlds_001 第148轮：1/1批
v6_correct source=20260911 target=20260921 worlds_001 第149轮：1/1批
v6_correct source=20260911 target=20260921 worlds_001 第150轮：1/1批
v6_correct source=20260911 target=20260921 worlds_001 第151轮：1/1批
v6_correct source=20260911 target=20260921 worlds_001 第152轮：1/1批
v6_correct source=20260911 target=20260921 worlds_001 第153轮：1/1批
v6_correct source=20260911 target=20260921 worlds_001 第154轮：1/1批
v6_correct source=20260911 target=20260921 worlds_001 第155轮：1/1批
v6_correct source=20260911 target=20260921 worlds_001 第156轮：1/1批
v6_correct source=20260911 target=20260921 worlds_001 第157轮：1/1批
v6_correct source=20260911 target=20260921 worlds_001 第158轮：1/1批
v6_correct source=20260911 target=20260921 worlds_001 第159轮：1/1批
v6_correct source=20260911 target=20260921 worlds_001 第160轮：1/1批
v6_correct source=20260911 target=20260921 worlds_001 第161轮：1/1批
v6_correct source=20260911 target=20260921 worlds_001 第162轮：1/1批
v6_correct source=20260911 target=20260921 worlds_001 第163轮：1/1批
v6_correct source=20260911 target=20260921 worlds_001 第164轮：1/1批
v6_correct source=20260911 target=20260921 worlds_001 第165轮：1/1批
v6_correct source=20260911 target=20260921 worlds_001 第166轮：1/1批
v6_correct source=20260911 target=20260921 worlds_001 第167轮：1/1批
v6_correct source=20260911 target=20260921 worlds_001 第168轮：1/1批
v6_correct source=20260911 target=20260921 worlds_001 第169轮：1/1批
v6_correct source=20260911 target=20260921 worlds_001 第170轮：1/1批
v6_correct source=20260911 target=20260921 worlds_001 第171轮：1/1批
v6_correct source=20260911 target=20260921 worlds_001 第172轮：1/1批
v6_correct source=20260911 target=20260921 worlds_001 第173轮：1/1批
v6_correct source=20260911 target=20260921 worlds_001 第174轮：1/1批
v6_correct source=20260911 target=20260921 worlds_001 第175轮：1/1批
v6_correct source=20260911 target=20260921 worlds_001 第176轮：1/1批
v6_correct source=20260911 target=20260921 worlds_001 第177轮：1/1批
v6_correct source=20260911 target=20260921 worlds_001 第178轮：1/1批
v6_correct source=20260911 target=20260921 worlds_001 第179轮：1/1批
v6_correct source=20260911 target=20260921 worlds_001 第180轮：1/1批
v6_correct source=20260911 target=20260921 worlds_001 第181轮：1/1批
v6_correct source=20260911 target=20260921 worlds_001 第182轮：1/1批
v6_correct source=20260911 target=20260921 worlds_001 第183轮：1/1批
v6_correct source=20260911 target=20260921 worlds_001 第184轮：1/1批
v6_correct source=20260911 target=20260921 worlds_001 第185轮：1/1批
v6_correct source=20260911 target=20260921 worlds_001 第186轮：1/1批
v6_correct source=20260911 target=20260921 worlds_001 第187轮：1/1批
v6_correct source=20260911 target=20260921 worlds_001 第188轮：1/1批
v6_correct source=20260911 target=20260921 worlds_001 第189轮：1/1批
v6_correct source=20260911 target=20260921 worlds_001 第190轮：1/1批
v6_correct source=20260911 target=20260921 worlds_001 第191轮：1/1批
v6_correct source=20260911 target=20260921 worlds_001 第192轮：1/1批
v6_correct source=20260911 target=20260921 worlds_001 第193轮：1/1批
v6_correct source=20260911 target=20260921 worlds_001 第194轮：1/1批
v6_correct source=20260911 target=20260921 worlds_001 第195轮：1/1批
v6_correct source=20260911 target=20260921 worlds_001 第196轮：1/1批
v6_correct source=20260911 target=20260921 worlds_001 第197轮：1/1批
v6_correct source=20260911 target=20260921 worlds_001 第198轮：1/1批
v6_correct source=20260911 target=20260921 worlds_001 第199轮：1/1批
v6_correct source=20260911 target=20260921 worlds_001 第200轮：1/1批
中文微调开发推理：50/500世界
中文微调开发推理：100/500世界
中文微调开发推理：150/500世界
中文微调开发推理：200/500世界
中文微调开发推理：250/500世界
中文微调开发推理：300/500世界
中文微调开发推理：350/500世界
中文微调开发推理：400/500世界
中文微调开发推理：450/500世界
中文微调开发推理：500/500世界
开始中文同预算模型：v6_correct_source_20260911_target_20260921_worlds_005
v6_correct source=20260911 target=20260921 worlds_005 第1轮：5/5批
v6_correct source=20260911 target=20260921 worlds_005 第2轮：5/5批
v6_correct source=20260911 target=20260921 worlds_005 第3轮：5/5批
v6_correct source=20260911 target=20260921 worlds_005 第4轮：5/5批
v6_correct source=20260911 target=20260921 worlds_005 第5轮：5/5批
v6_correct source=20260911 target=20260921 worlds_005 第6轮：5/5批
v6_correct source=20260911 target=20260921 worlds_005 第7轮：5/5批
v6_correct source=20260911 target=20260921 worlds_005 第8轮：5/5批
v6_correct source=20260911 target=20260921 worlds_005 第9轮：5/5批
v6_correct source=20260911 target=20260921 worlds_005 第10轮：5/5批
v6_correct source=20260911 target=20260921 worlds_005 第11轮：5/5批
v6_correct source=20260911 target=20260921 worlds_005 第12轮：5/5批
v6_correct source=20260911 target=20260921 worlds_005 第13轮：5/5批
v6_correct source=20260911 target=20260921 worlds_005 第14轮：5/5批
v6_correct source=20260911 target=20260921 worlds_005 第15轮：5/5批
v6_correct source=20260911 target=20260921 worlds_005 第16轮：5/5批
v6_correct source=20260911 target=20260921 worlds_005 第17轮：5/5批
v6_correct source=20260911 target=20260921 worlds_005 第18轮：5/5批
v6_correct source=20260911 target=20260921 worlds_005 第19轮：5/5批
v6_correct source=20260911 target=20260921 worlds_005 第20轮：5/5批
v6_correct source=20260911 target=20260921 worlds_005 第21轮：5/5批
v6_correct source=20260911 target=20260921 worlds_005 第22轮：5/5批
v6_correct source=20260911 target=20260921 worlds_005 第23轮：5/5批
v6_correct source=20260911 target=20260921 worlds_005 第24轮：5/5批
v6_correct source=20260911 target=20260921 worlds_005 第25轮：5/5批
v6_correct source=20260911 target=20260921 worlds_005 第26轮：5/5批
v6_correct source=20260911 target=20260921 worlds_005 第27轮：5/5批
v6_correct source=20260911 target=20260921 worlds_005 第28轮：5/5批
v6_correct source=20260911 target=20260921 worlds_005 第29轮：5/5批
v6_correct source=20260911 target=20260921 worlds_005 第30轮：5/5批
v6_correct source=20260911 target=20260921 worlds_005 第31轮：5/5批
v6_correct source=20260911 target=20260921 worlds_005 第32轮：5/5批
v6_correct source=20260911 target=20260921 worlds_005 第33轮：5/5批
v6_correct source=20260911 target=20260921 worlds_005 第34轮：5/5批
v6_correct source=20260911 target=20260921 worlds_005 第35轮：5/5批
v6_correct source=20260911 target=20260921 worlds_005 第36轮：5/5批
v6_correct source=20260911 target=20260921 worlds_005 第37轮：5/5批
v6_correct source=20260911 target=20260921 worlds_005 第38轮：5/5批
v6_correct source=20260911 target=20260921 worlds_005 第39轮：5/5批
v6_correct source=20260911 target=20260921 worlds_005 第40轮：5/5批
中文微调开发推理：50/500世界
中文微调开发推理：100/500世界
中文微调开发推理：150/500世界
中文微调开发推理：200/500世界
中文微调开发推理：250/500世界
中文微调开发推理：300/500世界
中文微调开发推理：350/500世界
中文微调开发推理：400/500世界
中文微调开发推理：450/500世界
中文微调开发推理：500/500世界
开始中文同预算模型：v6_correct_source_20260911_target_20260921_worlds_010
v6_correct source=20260911 target=20260921 worlds_010 第1轮：10/10批
v6_correct source=20260911 target=20260921 worlds_010 第2轮：10/10批
v6_correct source=20260911 target=20260921 worlds_010 第3轮：10/10批
v6_correct source=20260911 target=20260921 worlds_010 第4轮：10/10批
v6_correct source=20260911 target=20260921 worlds_010 第5轮：10/10批
v6_correct source=20260911 target=20260921 worlds_010 第6轮：10/10批
v6_correct source=20260911 target=20260921 worlds_010 第7轮：10/10批
v6_correct source=20260911 target=20260921 worlds_010 第8轮：10/10批
v6_correct source=20260911 target=20260921 worlds_010 第9轮：10/10批
v6_correct source=20260911 target=20260921 worlds_010 第10轮：10/10批
v6_correct source=20260911 target=20260921 worlds_010 第11轮：10/10批
v6_correct source=20260911 target=20260921 worlds_010 第12轮：10/10批
v6_correct source=20260911 target=20260921 worlds_010 第13轮：10/10批
v6_correct source=20260911 target=20260921 worlds_010 第14轮：10/10批
v6_correct source=20260911 target=20260921 worlds_010 第15轮：10/10批
v6_correct source=20260911 target=20260921 worlds_010 第16轮：10/10批
v6_correct source=20260911 target=20260921 worlds_010 第17轮：10/10批
v6_correct source=20260911 target=20260921 worlds_010 第18轮：10/10批
v6_correct source=20260911 target=20260921 worlds_010 第19轮：10/10批
v6_correct source=20260911 target=20260921 worlds_010 第20轮：10/10批
中文微调开发推理：50/500世界
中文微调开发推理：100/500世界
中文微调开发推理：150/500世界
中文微调开发推理：200/500世界
中文微调开发推理：250/500世界
中文微调开发推理：300/500世界
中文微调开发推理：350/500世界
中文微调开发推理：400/500世界
中文微调开发推理：450/500世界
中文微调开发推理：500/500世界
开始中文同预算模型：v6_correct_source_20260911_target_20260921_worlds_025
v6_correct source=20260911 target=20260921 worlds_025 第1轮：10/25批
v6_correct source=20260911 target=20260921 worlds_025 第1轮：20/25批
v6_correct source=20260911 target=20260921 worlds_025 第1轮：25/25批
v6_correct source=20260911 target=20260921 worlds_025 第2轮：10/25批
v6_correct source=20260911 target=20260921 worlds_025 第2轮：20/25批
v6_correct source=20260911 target=20260921 worlds_025 第2轮：25/25批
v6_correct source=20260911 target=20260921 worlds_025 第3轮：10/25批
v6_correct source=20260911 target=20260921 worlds_025 第3轮：20/25批
v6_correct source=20260911 target=20260921 worlds_025 第3轮：25/25批
v6_correct source=20260911 target=20260921 worlds_025 第4轮：10/25批
v6_correct source=20260911 target=20260921 worlds_025 第4轮：20/25批
v6_correct source=20260911 target=20260921 worlds_025 第4轮：25/25批
v6_correct source=20260911 target=20260921 worlds_025 第5轮：10/25批
v6_correct source=20260911 target=20260921 worlds_025 第5轮：20/25批
v6_correct source=20260911 target=20260921 worlds_025 第5轮：25/25批
v6_correct source=20260911 target=20260921 worlds_025 第6轮：10/25批
v6_correct source=20260911 target=20260921 worlds_025 第6轮：20/25批
v6_correct source=20260911 target=20260921 worlds_025 第6轮：25/25批
v6_correct source=20260911 target=20260921 worlds_025 第7轮：10/25批
v6_correct source=20260911 target=20260921 worlds_025 第7轮：20/25批
v6_correct source=20260911 target=20260921 worlds_025 第7轮：25/25批
v6_correct source=20260911 target=20260921 worlds_025 第8轮：10/25批
v6_correct source=20260911 target=20260921 worlds_025 第8轮：20/25批
v6_correct source=20260911 target=20260921 worlds_025 第8轮：25/25批
中文微调开发推理：50/500世界
中文微调开发推理：100/500世界
中文微调开发推理：150/500世界
中文微调开发推理：200/500世界
中文微调开发推理：250/500世界
中文微调开发推理：300/500世界
中文微调开发推理：350/500世界
中文微调开发推理：400/500世界
中文微调开发推理：450/500世界
中文微调开发推理：500/500世界
开始中文同预算模型：v6_correct_source_20260911_target_20260921_worlds_100
v6_correct source=20260911 target=20260921 worlds_100 第1轮：10/100批
v6_correct source=20260911 target=20260921 worlds_100 第1轮：20/100批
v6_correct source=20260911 target=20260921 worlds_100 第1轮：30/100批
v6_correct source=20260911 target=20260921 worlds_100 第1轮：40/100批
v6_correct source=20260911 target=20260921 worlds_100 第1轮：50/100批
v6_correct source=20260911 target=20260921 worlds_100 第1轮：60/100批
v6_correct source=20260911 target=20260921 worlds_100 第1轮：70/100批
v6_correct source=20260911 target=20260921 worlds_100 第1轮：80/100批
v6_correct source=20260911 target=20260921 worlds_100 第1轮：90/100批
v6_correct source=20260911 target=20260921 worlds_100 第1轮：100/100批
v6_correct source=20260911 target=20260921 worlds_100 第2轮：10/100批
v6_correct source=20260911 target=20260921 worlds_100 第2轮：20/100批
v6_correct source=20260911 target=20260921 worlds_100 第2轮：30/100批
v6_correct source=20260911 target=20260921 worlds_100 第2轮：40/100批
v6_correct source=20260911 target=20260921 worlds_100 第2轮：50/100批
v6_correct source=20260911 target=20260921 worlds_100 第2轮：60/100批
v6_correct source=20260911 target=20260921 worlds_100 第2轮：70/100批
v6_correct source=20260911 target=20260921 worlds_100 第2轮：80/100批
v6_correct source=20260911 target=20260921 worlds_100 第2轮：90/100批
v6_correct source=20260911 target=20260921 worlds_100 第2轮：100/100批
中文微调开发推理：50/500世界
中文微调开发推理：100/500世界
中文微调开发推理：150/500世界
中文微调开发推理：200/500世界
中文微调开发推理：250/500世界
中文微调开发推理：300/500世界
中文微调开发推理：350/500世界
中文微调开发推理：400/500世界
中文微调开发推理：450/500世界
中文微调开发推理：500/500世界
开始中文同预算模型：v6_correct_source_20260911_target_20260921_worlds_500
v6_correct source=20260911 target=20260921 worlds_500 第1轮：10/500批
v6_correct source=20260911 target=20260921 worlds_500 第1轮：20/500批
v6_correct source=20260911 target=20260921 worlds_500 第1轮：30/500批
v6_correct source=20260911 target=20260921 worlds_500 第1轮：40/500批
v6_correct source=20260911 target=20260921 worlds_500 第1轮：50/500批
v6_correct source=20260911 target=20260921 worlds_500 第1轮：60/500批
v6_correct source=20260911 target=20260921 worlds_500 第1轮：70/500批
v6_correct source=20260911 target=20260921 worlds_500 第1轮：80/500批
v6_correct source=20260911 target=20260921 worlds_500 第1轮：90/500批
v6_correct source=20260911 target=20260921 worlds_500 第1轮：100/500批
v6_correct source=20260911 target=20260921 worlds_500 第1轮：110/500批
v6_correct source=20260911 target=20260921 worlds_500 第1轮：120/500批
v6_correct source=20260911 target=20260921 worlds_500 第1轮：130/500批
v6_correct source=20260911 target=20260921 worlds_500 第1轮：140/500批
v6_correct source=20260911 target=20260921 worlds_500 第1轮：150/500批
v6_correct source=20260911 target=20260921 worlds_500 第1轮：160/500批
v6_correct source=20260911 target=20260921 worlds_500 第1轮：170/500批
v6_correct source=20260911 target=20260921 worlds_500 第1轮：180/500批
v6_correct source=20260911 target=20260921 worlds_500 第1轮：190/500批
v6_correct source=20260911 target=20260921 worlds_500 第1轮：200/500批
v6_correct source=20260911 target=20260921 worlds_500 第1轮：210/500批
v6_correct source=20260911 target=20260921 worlds_500 第1轮：220/500批
v6_correct source=20260911 target=20260921 worlds_500 第1轮：230/500批
v6_correct source=20260911 target=20260921 worlds_500 第1轮：240/500批
v6_correct source=20260911 target=20260921 worlds_500 第1轮：250/500批
v6_correct source=20260911 target=20260921 worlds_500 第1轮：260/500批
v6_correct source=20260911 target=20260921 worlds_500 第1轮：270/500批
v6_correct source=20260911 target=20260921 worlds_500 第1轮：280/500批
v6_correct source=20260911 target=20260921 worlds_500 第1轮：290/500批
v6_correct source=20260911 target=20260921 worlds_500 第1轮：300/500批
v6_correct source=20260911 target=20260921 worlds_500 第1轮：310/500批
v6_correct source=20260911 target=20260921 worlds_500 第1轮：320/500批
v6_correct source=20260911 target=20260921 worlds_500 第1轮：330/500批
v6_correct source=20260911 target=20260921 worlds_500 第1轮：340/500批
v6_correct source=20260911 target=20260921 worlds_500 第1轮：350/500批
v6_correct source=20260911 target=20260921 worlds_500 第1轮：360/500批
v6_correct source=20260911 target=20260921 worlds_500 第1轮：370/500批
v6_correct source=20260911 target=20260921 worlds_500 第1轮：380/500批
v6_correct source=20260911 target=20260921 worlds_500 第1轮：390/500批
v6_correct source=20260911 target=20260921 worlds_500 第1轮：400/500批
v6_correct source=20260911 target=20260921 worlds_500 第1轮：410/500批
v6_correct source=20260911 target=20260921 worlds_500 第1轮：420/500批
v6_correct source=20260911 target=20260921 worlds_500 第1轮：430/500批
v6_correct source=20260911 target=20260921 worlds_500 第1轮：440/500批
v6_correct source=20260911 target=20260921 worlds_500 第1轮：450/500批
v6_correct source=20260911 target=20260921 worlds_500 第1轮：460/500批
v6_correct source=20260911 target=20260921 worlds_500 第1轮：470/500批
v6_correct source=20260911 target=20260921 worlds_500 第1轮：480/500批
v6_correct source=20260911 target=20260921 worlds_500 第1轮：490/500批
v6_correct source=20260911 target=20260921 worlds_500 第1轮：500/500批
v6_correct source=20260911 target=20260921 worlds_500 第2轮：10/500批
v6_correct source=20260911 target=20260921 worlds_500 第2轮：20/500批
v6_correct source=20260911 target=20260921 worlds_500 第2轮：30/500批
v6_correct source=20260911 target=20260921 worlds_500 第2轮：40/500批
v6_correct source=20260911 target=20260921 worlds_500 第2轮：50/500批
v6_correct source=20260911 target=20260921 worlds_500 第2轮：60/500批
v6_correct source=20260911 target=20260921 worlds_500 第2轮：70/500批
v6_correct source=20260911 target=20260921 worlds_500 第2轮：80/500批
v6_correct source=20260911 target=20260921 worlds_500 第2轮：90/500批
v6_correct source=20260911 target=20260921 worlds_500 第2轮：100/500批
v6_correct source=20260911 target=20260921 worlds_500 第2轮：110/500批
v6_correct source=20260911 target=20260921 worlds_500 第2轮：120/500批
v6_correct source=20260911 target=20260921 worlds_500 第2轮：130/500批
v6_correct source=20260911 target=20260921 worlds_500 第2轮：140/500批
v6_correct source=20260911 target=20260921 worlds_500 第2轮：150/500批
v6_correct source=20260911 target=20260921 worlds_500 第2轮：160/500批
v6_correct source=20260911 target=20260921 worlds_500 第2轮：170/500批
v6_correct source=20260911 target=20260921 worlds_500 第2轮：180/500批
v6_correct source=20260911 target=20260921 worlds_500 第2轮：190/500批
v6_correct source=20260911 target=20260921 worlds_500 第2轮：200/500批
v6_correct source=20260911 target=20260921 worlds_500 第2轮：210/500批
v6_correct source=20260911 target=20260921 worlds_500 第2轮：220/500批
v6_correct source=20260911 target=20260921 worlds_500 第2轮：230/500批
v6_correct source=20260911 target=20260921 worlds_500 第2轮：240/500批
v6_correct source=20260911 target=20260921 worlds_500 第2轮：250/500批
v6_correct source=20260911 target=20260921 worlds_500 第2轮：260/500批
v6_correct source=20260911 target=20260921 worlds_500 第2轮：270/500批
v6_correct source=20260911 target=20260921 worlds_500 第2轮：280/500批
v6_correct source=20260911 target=20260921 worlds_500 第2轮：290/500批
v6_correct source=20260911 target=20260921 worlds_500 第2轮：300/500批
v6_correct source=20260911 target=20260921 worlds_500 第2轮：310/500批
v6_correct source=20260911 target=20260921 worlds_500 第2轮：320/500批
v6_correct source=20260911 target=20260921 worlds_500 第2轮：330/500批
v6_correct source=20260911 target=20260921 worlds_500 第2轮：340/500批
v6_correct source=20260911 target=20260921 worlds_500 第2轮：350/500批
v6_correct source=20260911 target=20260921 worlds_500 第2轮：360/500批
v6_correct source=20260911 target=20260921 worlds_500 第2轮：370/500批
v6_correct source=20260911 target=20260921 worlds_500 第2轮：380/500批
v6_correct source=20260911 target=20260921 worlds_500 第2轮：390/500批
v6_correct source=20260911 target=20260921 worlds_500 第2轮：400/500批
v6_correct source=20260911 target=20260921 worlds_500 第2轮：410/500批
v6_correct source=20260911 target=20260921 worlds_500 第2轮：420/500批
v6_correct source=20260911 target=20260921 worlds_500 第2轮：430/500批
v6_correct source=20260911 target=20260921 worlds_500 第2轮：440/500批
v6_correct source=20260911 target=20260921 worlds_500 第2轮：450/500批
v6_correct source=20260911 target=20260921 worlds_500 第2轮：460/500批
v6_correct source=20260911 target=20260921 worlds_500 第2轮：470/500批
v6_correct source=20260911 target=20260921 worlds_500 第2轮：480/500批
v6_correct source=20260911 target=20260921 worlds_500 第2轮：490/500批
v6_correct source=20260911 target=20260921 worlds_500 第2轮：500/500批
中文微调开发推理：50/500世界
中文微调开发推理：100/500世界
中文微调开发推理：150/500世界
中文微调开发推理：200/500世界
中文微调开发推理：250/500世界
中文微调开发推理：300/500世界
中文微调开发推理：350/500世界
中文微调开发推理：400/500世界
中文微调开发推理：450/500世界
中文微调开发推理：500/500世界
重放来源初始化：v6_correct seed=20260912 epochs=1
Token indices sequence length is longer than the specified maximum sequence length for this model (333 > 256). Running this sequence through the model will result in indexing errors
v6_correct seed=20260912 来源轮次 1/1：开发AP=0.792842，累计更新=39
开始中文同预算模型：v6_correct_source_20260912_target_20260922_worlds_001
v6_correct source=20260912 target=20260922 worlds_001 第1轮：1/1批
v6_correct source=20260912 target=20260922 worlds_001 第2轮：1/1批
v6_correct source=20260912 target=20260922 worlds_001 第3轮：1/1批
v6_correct source=20260912 target=20260922 worlds_001 第4轮：1/1批
v6_correct source=20260912 target=20260922 worlds_001 第5轮：1/1批
v6_correct source=20260912 target=20260922 worlds_001 第6轮：1/1批
v6_correct source=20260912 target=20260922 worlds_001 第7轮：1/1批
v6_correct source=20260912 target=20260922 worlds_001 第8轮：1/1批
v6_correct source=20260912 target=20260922 worlds_001 第9轮：1/1批
v6_correct source=20260912 target=20260922 worlds_001 第10轮：1/1批
v6_correct source=20260912 target=20260922 worlds_001 第11轮：1/1批
v6_correct source=20260912 target=20260922 worlds_001 第12轮：1/1批
v6_correct source=20260912 target=20260922 worlds_001 第13轮：1/1批
v6_correct source=20260912 target=20260922 worlds_001 第14轮：1/1批
v6_correct source=20260912 target=20260922 worlds_001 第15轮：1/1批
v6_correct source=20260912 target=20260922 worlds_001 第16轮：1/1批
v6_correct source=20260912 target=20260922 worlds_001 第17轮：1/1批
v6_correct source=20260912 target=20260922 worlds_001 第18轮：1/1批
v6_correct source=20260912 target=20260922 worlds_001 第19轮：1/1批
v6_correct source=20260912 target=20260922 worlds_001 第20轮：1/1批
v6_correct source=20260912 target=20260922 worlds_001 第21轮：1/1批
v6_correct source=20260912 target=20260922 worlds_001 第22轮：1/1批
v6_correct source=20260912 target=20260922 worlds_001 第23轮：1/1批
v6_correct source=20260912 target=20260922 worlds_001 第24轮：1/1批
v6_correct source=20260912 target=20260922 worlds_001 第25轮：1/1批
v6_correct source=20260912 target=20260922 worlds_001 第26轮：1/1批
v6_correct source=20260912 target=20260922 worlds_001 第27轮：1/1批
v6_correct source=20260912 target=20260922 worlds_001 第28轮：1/1批
v6_correct source=20260912 target=20260922 worlds_001 第29轮：1/1批
v6_correct source=20260912 target=20260922 worlds_001 第30轮：1/1批
v6_correct source=20260912 target=20260922 worlds_001 第31轮：1/1批
v6_correct source=20260912 target=20260922 worlds_001 第32轮：1/1批
v6_correct source=20260912 target=20260922 worlds_001 第33轮：1/1批
v6_correct source=20260912 target=20260922 worlds_001 第34轮：1/1批
v6_correct source=20260912 target=20260922 worlds_001 第35轮：1/1批
v6_correct source=20260912 target=20260922 worlds_001 第36轮：1/1批
v6_correct source=20260912 target=20260922 worlds_001 第37轮：1/1批
v6_correct source=20260912 target=20260922 worlds_001 第38轮：1/1批
v6_correct source=20260912 target=20260922 worlds_001 第39轮：1/1批
v6_correct source=20260912 target=20260922 worlds_001 第40轮：1/1批
v6_correct source=20260912 target=20260922 worlds_001 第41轮：1/1批
v6_correct source=20260912 target=20260922 worlds_001 第42轮：1/1批
v6_correct source=20260912 target=20260922 worlds_001 第43轮：1/1批
v6_correct source=20260912 target=20260922 worlds_001 第44轮：1/1批
v6_correct source=20260912 target=20260922 worlds_001 第45轮：1/1批
v6_correct source=20260912 target=20260922 worlds_001 第46轮：1/1批
v6_correct source=20260912 target=20260922 worlds_001 第47轮：1/1批
v6_correct source=20260912 target=20260922 worlds_001 第48轮：1/1批
v6_correct source=20260912 target=20260922 worlds_001 第49轮：1/1批
v6_correct source=20260912 target=20260922 worlds_001 第50轮：1/1批
v6_correct source=20260912 target=20260922 worlds_001 第51轮：1/1批
v6_correct source=20260912 target=20260922 worlds_001 第52轮：1/1批
v6_correct source=20260912 target=20260922 worlds_001 第53轮：1/1批
v6_correct source=20260912 target=20260922 worlds_001 第54轮：1/1批
v6_correct source=20260912 target=20260922 worlds_001 第55轮：1/1批
v6_correct source=20260912 target=20260922 worlds_001 第56轮：1/1批
v6_correct source=20260912 target=20260922 worlds_001 第57轮：1/1批
v6_correct source=20260912 target=20260922 worlds_001 第58轮：1/1批
v6_correct source=20260912 target=20260922 worlds_001 第59轮：1/1批
v6_correct source=20260912 target=20260922 worlds_001 第60轮：1/1批
v6_correct source=20260912 target=20260922 worlds_001 第61轮：1/1批
v6_correct source=20260912 target=20260922 worlds_001 第62轮：1/1批
v6_correct source=20260912 target=20260922 worlds_001 第63轮：1/1批
v6_correct source=20260912 target=20260922 worlds_001 第64轮：1/1批
v6_correct source=20260912 target=20260922 worlds_001 第65轮：1/1批
v6_correct source=20260912 target=20260922 worlds_001 第66轮：1/1批
v6_correct source=20260912 target=20260922 worlds_001 第67轮：1/1批
v6_correct source=20260912 target=20260922 worlds_001 第68轮：1/1批
v6_correct source=20260912 target=20260922 worlds_001 第69轮：1/1批
v6_correct source=20260912 target=20260922 worlds_001 第70轮：1/1批
v6_correct source=20260912 target=20260922 worlds_001 第71轮：1/1批
v6_correct source=20260912 target=20260922 worlds_001 第72轮：1/1批
v6_correct source=20260912 target=20260922 worlds_001 第73轮：1/1批
v6_correct source=20260912 target=20260922 worlds_001 第74轮：1/1批
v6_correct source=20260912 target=20260922 worlds_001 第75轮：1/1批
v6_correct source=20260912 target=20260922 worlds_001 第76轮：1/1批
v6_correct source=20260912 target=20260922 worlds_001 第77轮：1/1批
v6_correct source=20260912 target=20260922 worlds_001 第78轮：1/1批
v6_correct source=20260912 target=20260922 worlds_001 第79轮：1/1批
v6_correct source=20260912 target=20260922 worlds_001 第80轮：1/1批
v6_correct source=20260912 target=20260922 worlds_001 第81轮：1/1批
v6_correct source=20260912 target=20260922 worlds_001 第82轮：1/1批
v6_correct source=20260912 target=20260922 worlds_001 第83轮：1/1批
v6_correct source=20260912 target=20260922 worlds_001 第84轮：1/1批
v6_correct source=20260912 target=20260922 worlds_001 第85轮：1/1批
v6_correct source=20260912 target=20260922 worlds_001 第86轮：1/1批
v6_correct source=20260912 target=20260922 worlds_001 第87轮：1/1批
v6_correct source=20260912 target=20260922 worlds_001 第88轮：1/1批
v6_correct source=20260912 target=20260922 worlds_001 第89轮：1/1批
v6_correct source=20260912 target=20260922 worlds_001 第90轮：1/1批
v6_correct source=20260912 target=20260922 worlds_001 第91轮：1/1批
v6_correct source=20260912 target=20260922 worlds_001 第92轮：1/1批
v6_correct source=20260912 target=20260922 worlds_001 第93轮：1/1批
v6_correct source=20260912 target=20260922 worlds_001 第94轮：1/1批
v6_correct source=20260912 target=20260922 worlds_001 第95轮：1/1批
v6_correct source=20260912 target=20260922 worlds_001 第96轮：1/1批
v6_correct source=20260912 target=20260922 worlds_001 第97轮：1/1批
v6_correct source=20260912 target=20260922 worlds_001 第98轮：1/1批
v6_correct source=20260912 target=20260922 worlds_001 第99轮：1/1批
v6_correct source=20260912 target=20260922 worlds_001 第100轮：1/1批
v6_correct source=20260912 target=20260922 worlds_001 第101轮：1/1批
v6_correct source=20260912 target=20260922 worlds_001 第102轮：1/1批
v6_correct source=20260912 target=20260922 worlds_001 第103轮：1/1批
v6_correct source=20260912 target=20260922 worlds_001 第104轮：1/1批
v6_correct source=20260912 target=20260922 worlds_001 第105轮：1/1批
v6_correct source=20260912 target=20260922 worlds_001 第106轮：1/1批
v6_correct source=20260912 target=20260922 worlds_001 第107轮：1/1批
v6_correct source=20260912 target=20260922 worlds_001 第108轮：1/1批
v6_correct source=20260912 target=20260922 worlds_001 第109轮：1/1批
v6_correct source=20260912 target=20260922 worlds_001 第110轮：1/1批
v6_correct source=20260912 target=20260922 worlds_001 第111轮：1/1批
v6_correct source=20260912 target=20260922 worlds_001 第112轮：1/1批
v6_correct source=20260912 target=20260922 worlds_001 第113轮：1/1批
v6_correct source=20260912 target=20260922 worlds_001 第114轮：1/1批
v6_correct source=20260912 target=20260922 worlds_001 第115轮：1/1批
v6_correct source=20260912 target=20260922 worlds_001 第116轮：1/1批
v6_correct source=20260912 target=20260922 worlds_001 第117轮：1/1批
v6_correct source=20260912 target=20260922 worlds_001 第118轮：1/1批
v6_correct source=20260912 target=20260922 worlds_001 第119轮：1/1批
v6_correct source=20260912 target=20260922 worlds_001 第120轮：1/1批
v6_correct source=20260912 target=20260922 worlds_001 第121轮：1/1批
v6_correct source=20260912 target=20260922 worlds_001 第122轮：1/1批
v6_correct source=20260912 target=20260922 worlds_001 第123轮：1/1批
v6_correct source=20260912 target=20260922 worlds_001 第124轮：1/1批
v6_correct source=20260912 target=20260922 worlds_001 第125轮：1/1批
v6_correct source=20260912 target=20260922 worlds_001 第126轮：1/1批
v6_correct source=20260912 target=20260922 worlds_001 第127轮：1/1批
v6_correct source=20260912 target=20260922 worlds_001 第128轮：1/1批
v6_correct source=20260912 target=20260922 worlds_001 第129轮：1/1批
v6_correct source=20260912 target=20260922 worlds_001 第130轮：1/1批
v6_correct source=20260912 target=20260922 worlds_001 第131轮：1/1批
v6_correct source=20260912 target=20260922 worlds_001 第132轮：1/1批
v6_correct source=20260912 target=20260922 worlds_001 第133轮：1/1批
v6_correct source=20260912 target=20260922 worlds_001 第134轮：1/1批
v6_correct source=20260912 target=20260922 worlds_001 第135轮：1/1批
v6_correct source=20260912 target=20260922 worlds_001 第136轮：1/1批
v6_correct source=20260912 target=20260922 worlds_001 第137轮：1/1批
v6_correct source=20260912 target=20260922 worlds_001 第138轮：1/1批
v6_correct source=20260912 target=20260922 worlds_001 第139轮：1/1批
v6_correct source=20260912 target=20260922 worlds_001 第140轮：1/1批
v6_correct source=20260912 target=20260922 worlds_001 第141轮：1/1批
v6_correct source=20260912 target=20260922 worlds_001 第142轮：1/1批
v6_correct source=20260912 target=20260922 worlds_001 第143轮：1/1批
v6_correct source=20260912 target=20260922 worlds_001 第144轮：1/1批
v6_correct source=20260912 target=20260922 worlds_001 第145轮：1/1批
v6_correct source=20260912 target=20260922 worlds_001 第146轮：1/1批
v6_correct source=20260912 target=20260922 worlds_001 第147轮：1/1批
v6_correct source=20260912 target=20260922 worlds_001 第148轮：1/1批
v6_correct source=20260912 target=20260922 worlds_001 第149轮：1/1批
v6_correct source=20260912 target=20260922 worlds_001 第150轮：1/1批
v6_correct source=20260912 target=20260922 worlds_001 第151轮：1/1批
v6_correct source=20260912 target=20260922 worlds_001 第152轮：1/1批
v6_correct source=20260912 target=20260922 worlds_001 第153轮：1/1批
v6_correct source=20260912 target=20260922 worlds_001 第154轮：1/1批
v6_correct source=20260912 target=20260922 worlds_001 第155轮：1/1批
v6_correct source=20260912 target=20260922 worlds_001 第156轮：1/1批
v6_correct source=20260912 target=20260922 worlds_001 第157轮：1/1批
v6_correct source=20260912 target=20260922 worlds_001 第158轮：1/1批
v6_correct source=20260912 target=20260922 worlds_001 第159轮：1/1批
v6_correct source=20260912 target=20260922 worlds_001 第160轮：1/1批
v6_correct source=20260912 target=20260922 worlds_001 第161轮：1/1批
v6_correct source=20260912 target=20260922 worlds_001 第162轮：1/1批
v6_correct source=20260912 target=20260922 worlds_001 第163轮：1/1批
v6_correct source=20260912 target=20260922 worlds_001 第164轮：1/1批
v6_correct source=20260912 target=20260922 worlds_001 第165轮：1/1批
v6_correct source=20260912 target=20260922 worlds_001 第166轮：1/1批
v6_correct source=20260912 target=20260922 worlds_001 第167轮：1/1批
v6_correct source=20260912 target=20260922 worlds_001 第168轮：1/1批
v6_correct source=20260912 target=20260922 worlds_001 第169轮：1/1批
v6_correct source=20260912 target=20260922 worlds_001 第170轮：1/1批
v6_correct source=20260912 target=20260922 worlds_001 第171轮：1/1批
v6_correct source=20260912 target=20260922 worlds_001 第172轮：1/1批
v6_correct source=20260912 target=20260922 worlds_001 第173轮：1/1批
v6_correct source=20260912 target=20260922 worlds_001 第174轮：1/1批
v6_correct source=20260912 target=20260922 worlds_001 第175轮：1/1批
v6_correct source=20260912 target=20260922 worlds_001 第176轮：1/1批
v6_correct source=20260912 target=20260922 worlds_001 第177轮：1/1批
v6_correct source=20260912 target=20260922 worlds_001 第178轮：1/1批
v6_correct source=20260912 target=20260922 worlds_001 第179轮：1/1批
v6_correct source=20260912 target=20260922 worlds_001 第180轮：1/1批
v6_correct source=20260912 target=20260922 worlds_001 第181轮：1/1批
v6_correct source=20260912 target=20260922 worlds_001 第182轮：1/1批
v6_correct source=20260912 target=20260922 worlds_001 第183轮：1/1批
v6_correct source=20260912 target=20260922 worlds_001 第184轮：1/1批
v6_correct source=20260912 target=20260922 worlds_001 第185轮：1/1批
v6_correct source=20260912 target=20260922 worlds_001 第186轮：1/1批
v6_correct source=20260912 target=20260922 worlds_001 第187轮：1/1批
v6_correct source=20260912 target=20260922 worlds_001 第188轮：1/1批
v6_correct source=20260912 target=20260922 worlds_001 第189轮：1/1批
v6_correct source=20260912 target=20260922 worlds_001 第190轮：1/1批
v6_correct source=20260912 target=20260922 worlds_001 第191轮：1/1批
v6_correct source=20260912 target=20260922 worlds_001 第192轮：1/1批
v6_correct source=20260912 target=20260922 worlds_001 第193轮：1/1批
v6_correct source=20260912 target=20260922 worlds_001 第194轮：1/1批
v6_correct source=20260912 target=20260922 worlds_001 第195轮：1/1批
v6_correct source=20260912 target=20260922 worlds_001 第196轮：1/1批
v6_correct source=20260912 target=20260922 worlds_001 第197轮：1/1批
v6_correct source=20260912 target=20260922 worlds_001 第198轮：1/1批
v6_correct source=20260912 target=20260922 worlds_001 第199轮：1/1批
v6_correct source=20260912 target=20260922 worlds_001 第200轮：1/1批
中文微调开发推理：50/500世界
中文微调开发推理：100/500世界
中文微调开发推理：150/500世界
中文微调开发推理：200/500世界
中文微调开发推理：250/500世界
中文微调开发推理：300/500世界
中文微调开发推理：350/500世界
中文微调开发推理：400/500世界
中文微调开发推理：450/500世界
中文微调开发推理：500/500世界
开始中文同预算模型：v6_correct_source_20260912_target_20260922_worlds_005
v6_correct source=20260912 target=20260922 worlds_005 第1轮：5/5批
v6_correct source=20260912 target=20260922 worlds_005 第2轮：5/5批
v6_correct source=20260912 target=20260922 worlds_005 第3轮：5/5批
v6_correct source=20260912 target=20260922 worlds_005 第4轮：5/5批
v6_correct source=20260912 target=20260922 worlds_005 第5轮：5/5批
v6_correct source=20260912 target=20260922 worlds_005 第6轮：5/5批
v6_correct source=20260912 target=20260922 worlds_005 第7轮：5/5批
v6_correct source=20260912 target=20260922 worlds_005 第8轮：5/5批
v6_correct source=20260912 target=20260922 worlds_005 第9轮：5/5批
v6_correct source=20260912 target=20260922 worlds_005 第10轮：5/5批
v6_correct source=20260912 target=20260922 worlds_005 第11轮：5/5批
v6_correct source=20260912 target=20260922 worlds_005 第12轮：5/5批
v6_correct source=20260912 target=20260922 worlds_005 第13轮：5/5批
v6_correct source=20260912 target=20260922 worlds_005 第14轮：5/5批
v6_correct source=20260912 target=20260922 worlds_005 第15轮：5/5批
v6_correct source=20260912 target=20260922 worlds_005 第16轮：5/5批
v6_correct source=20260912 target=20260922 worlds_005 第17轮：5/5批
v6_correct source=20260912 target=20260922 worlds_005 第18轮：5/5批
v6_correct source=20260912 target=20260922 worlds_005 第19轮：5/5批
v6_correct source=20260912 target=20260922 worlds_005 第20轮：5/5批
v6_correct source=20260912 target=20260922 worlds_005 第21轮：5/5批
v6_correct source=20260912 target=20260922 worlds_005 第22轮：5/5批
v6_correct source=20260912 target=20260922 worlds_005 第23轮：5/5批
v6_correct source=20260912 target=20260922 worlds_005 第24轮：5/5批
v6_correct source=20260912 target=20260922 worlds_005 第25轮：5/5批
v6_correct source=20260912 target=20260922 worlds_005 第26轮：5/5批
v6_correct source=20260912 target=20260922 worlds_005 第27轮：5/5批
v6_correct source=20260912 target=20260922 worlds_005 第28轮：5/5批
v6_correct source=20260912 target=20260922 worlds_005 第29轮：5/5批
v6_correct source=20260912 target=20260922 worlds_005 第30轮：5/5批
v6_correct source=20260912 target=20260922 worlds_005 第31轮：5/5批
v6_correct source=20260912 target=20260922 worlds_005 第32轮：5/5批
v6_correct source=20260912 target=20260922 worlds_005 第33轮：5/5批
v6_correct source=20260912 target=20260922 worlds_005 第34轮：5/5批
v6_correct source=20260912 target=20260922 worlds_005 第35轮：5/5批
v6_correct source=20260912 target=20260922 worlds_005 第36轮：5/5批
v6_correct source=20260912 target=20260922 worlds_005 第37轮：5/5批
v6_correct source=20260912 target=20260922 worlds_005 第38轮：5/5批
v6_correct source=20260912 target=20260922 worlds_005 第39轮：5/5批
v6_correct source=20260912 target=20260922 worlds_005 第40轮：5/5批
中文微调开发推理：50/500世界
中文微调开发推理：100/500世界
中文微调开发推理：150/500世界
中文微调开发推理：200/500世界
中文微调开发推理：250/500世界
中文微调开发推理：300/500世界
中文微调开发推理：350/500世界
中文微调开发推理：400/500世界
中文微调开发推理：450/500世界
中文微调开发推理：500/500世界
开始中文同预算模型：v6_correct_source_20260912_target_20260922_worlds_010
v6_correct source=20260912 target=20260922 worlds_010 第1轮：10/10批
v6_correct source=20260912 target=20260922 worlds_010 第2轮：10/10批
v6_correct source=20260912 target=20260922 worlds_010 第3轮：10/10批
v6_correct source=20260912 target=20260922 worlds_010 第4轮：10/10批
v6_correct source=20260912 target=20260922 worlds_010 第5轮：10/10批
v6_correct source=20260912 target=20260922 worlds_010 第6轮：10/10批
v6_correct source=20260912 target=20260922 worlds_010 第7轮：10/10批
v6_correct source=20260912 target=20260922 worlds_010 第8轮：10/10批
v6_correct source=20260912 target=20260922 worlds_010 第9轮：10/10批
v6_correct source=20260912 target=20260922 worlds_010 第10轮：10/10批
v6_correct source=20260912 target=20260922 worlds_010 第11轮：10/10批
v6_correct source=20260912 target=20260922 worlds_010 第12轮：10/10批
v6_correct source=20260912 target=20260922 worlds_010 第13轮：10/10批
v6_correct source=20260912 target=20260922 worlds_010 第14轮：10/10批
v6_correct source=20260912 target=20260922 worlds_010 第15轮：10/10批
v6_correct source=20260912 target=20260922 worlds_010 第16轮：10/10批
v6_correct source=20260912 target=20260922 worlds_010 第17轮：10/10批
v6_correct source=20260912 target=20260922 worlds_010 第18轮：10/10批
v6_correct source=20260912 target=20260922 worlds_010 第19轮：10/10批
v6_correct source=20260912 target=20260922 worlds_010 第20轮：10/10批
中文微调开发推理：50/500世界
中文微调开发推理：100/500世界
中文微调开发推理：150/500世界
中文微调开发推理：200/500世界
中文微调开发推理：250/500世界
中文微调开发推理：300/500世界
中文微调开发推理：350/500世界
中文微调开发推理：400/500世界
中文微调开发推理：450/500世界
中文微调开发推理：500/500世界
开始中文同预算模型：v6_correct_source_20260912_target_20260922_worlds_025
v6_correct source=20260912 target=20260922 worlds_025 第1轮：10/25批
v6_correct source=20260912 target=20260922 worlds_025 第1轮：20/25批
v6_correct source=20260912 target=20260922 worlds_025 第1轮：25/25批
v6_correct source=20260912 target=20260922 worlds_025 第2轮：10/25批
v6_correct source=20260912 target=20260922 worlds_025 第2轮：20/25批
v6_correct source=20260912 target=20260922 worlds_025 第2轮：25/25批
v6_correct source=20260912 target=20260922 worlds_025 第3轮：10/25批
v6_correct source=20260912 target=20260922 worlds_025 第3轮：20/25批
v6_correct source=20260912 target=20260922 worlds_025 第3轮：25/25批
v6_correct source=20260912 target=20260922 worlds_025 第4轮：10/25批
v6_correct source=20260912 target=20260922 worlds_025 第4轮：20/25批
v6_correct source=20260912 target=20260922 worlds_025 第4轮：25/25批
v6_correct source=20260912 target=20260922 worlds_025 第5轮：10/25批
v6_correct source=20260912 target=20260922 worlds_025 第5轮：20/25批
v6_correct source=20260912 target=20260922 worlds_025 第5轮：25/25批
v6_correct source=20260912 target=20260922 worlds_025 第6轮：10/25批
v6_correct source=20260912 target=20260922 worlds_025 第6轮：20/25批
v6_correct source=20260912 target=20260922 worlds_025 第6轮：25/25批
v6_correct source=20260912 target=20260922 worlds_025 第7轮：10/25批
v6_correct source=20260912 target=20260922 worlds_025 第7轮：20/25批
v6_correct source=20260912 target=20260922 worlds_025 第7轮：25/25批
v6_correct source=20260912 target=20260922 worlds_025 第8轮：10/25批
v6_correct source=20260912 target=20260922 worlds_025 第8轮：20/25批
v6_correct source=20260912 target=20260922 worlds_025 第8轮：25/25批
中文微调开发推理：50/500世界
中文微调开发推理：100/500世界
中文微调开发推理：150/500世界
中文微调开发推理：200/500世界
中文微调开发推理：250/500世界
中文微调开发推理：300/500世界
中文微调开发推理：350/500世界
中文微调开发推理：400/500世界
中文微调开发推理：450/500世界
中文微调开发推理：500/500世界
开始中文同预算模型：v6_correct_source_20260912_target_20260922_worlds_100
v6_correct source=20260912 target=20260922 worlds_100 第1轮：10/100批
v6_correct source=20260912 target=20260922 worlds_100 第1轮：20/100批
v6_correct source=20260912 target=20260922 worlds_100 第1轮：30/100批
v6_correct source=20260912 target=20260922 worlds_100 第1轮：40/100批
v6_correct source=20260912 target=20260922 worlds_100 第1轮：50/100批
v6_correct source=20260912 target=20260922 worlds_100 第1轮：60/100批
v6_correct source=20260912 target=20260922 worlds_100 第1轮：70/100批
v6_correct source=20260912 target=20260922 worlds_100 第1轮：80/100批
v6_correct source=20260912 target=20260922 worlds_100 第1轮：90/100批
v6_correct source=20260912 target=20260922 worlds_100 第1轮：100/100批
v6_correct source=20260912 target=20260922 worlds_100 第2轮：10/100批
v6_correct source=20260912 target=20260922 worlds_100 第2轮：20/100批
v6_correct source=20260912 target=20260922 worlds_100 第2轮：30/100批
v6_correct source=20260912 target=20260922 worlds_100 第2轮：40/100批
v6_correct source=20260912 target=20260922 worlds_100 第2轮：50/100批
v6_correct source=20260912 target=20260922 worlds_100 第2轮：60/100批
v6_correct source=20260912 target=20260922 worlds_100 第2轮：70/100批
v6_correct source=20260912 target=20260922 worlds_100 第2轮：80/100批
v6_correct source=20260912 target=20260922 worlds_100 第2轮：90/100批
v6_correct source=20260912 target=20260922 worlds_100 第2轮：100/100批
中文微调开发推理：50/500世界
中文微调开发推理：100/500世界
中文微调开发推理：150/500世界
中文微调开发推理：200/500世界
中文微调开发推理：250/500世界
中文微调开发推理：300/500世界
中文微调开发推理：350/500世界
中文微调开发推理：400/500世界
中文微调开发推理：450/500世界
中文微调开发推理：500/500世界
开始中文同预算模型：v6_correct_source_20260912_target_20260922_worlds_500
v6_correct source=20260912 target=20260922 worlds_500 第1轮：10/500批
v6_correct source=20260912 target=20260922 worlds_500 第1轮：20/500批
v6_correct source=20260912 target=20260922 worlds_500 第1轮：30/500批
v6_correct source=20260912 target=20260922 worlds_500 第1轮：40/500批
v6_correct source=20260912 target=20260922 worlds_500 第1轮：50/500批
v6_correct source=20260912 target=20260922 worlds_500 第1轮：60/500批
v6_correct source=20260912 target=20260922 worlds_500 第1轮：70/500批
v6_correct source=20260912 target=20260922 worlds_500 第1轮：80/500批
v6_correct source=20260912 target=20260922 worlds_500 第1轮：90/500批
v6_correct source=20260912 target=20260922 worlds_500 第1轮：100/500批
v6_correct source=20260912 target=20260922 worlds_500 第1轮：110/500批
v6_correct source=20260912 target=20260922 worlds_500 第1轮：120/500批
v6_correct source=20260912 target=20260922 worlds_500 第1轮：130/500批
v6_correct source=20260912 target=20260922 worlds_500 第1轮：140/500批
v6_correct source=20260912 target=20260922 worlds_500 第1轮：150/500批
v6_correct source=20260912 target=20260922 worlds_500 第1轮：160/500批
v6_correct source=20260912 target=20260922 worlds_500 第1轮：170/500批
v6_correct source=20260912 target=20260922 worlds_500 第1轮：180/500批
v6_correct source=20260912 target=20260922 worlds_500 第1轮：190/500批
v6_correct source=20260912 target=20260922 worlds_500 第1轮：200/500批
v6_correct source=20260912 target=20260922 worlds_500 第1轮：210/500批
v6_correct source=20260912 target=20260922 worlds_500 第1轮：220/500批
v6_correct source=20260912 target=20260922 worlds_500 第1轮：230/500批
v6_correct source=20260912 target=20260922 worlds_500 第1轮：240/500批
v6_correct source=20260912 target=20260922 worlds_500 第1轮：250/500批
v6_correct source=20260912 target=20260922 worlds_500 第1轮：260/500批
v6_correct source=20260912 target=20260922 worlds_500 第1轮：270/500批
v6_correct source=20260912 target=20260922 worlds_500 第1轮：280/500批
v6_correct source=20260912 target=20260922 worlds_500 第1轮：290/500批
v6_correct source=20260912 target=20260922 worlds_500 第1轮：300/500批
v6_correct source=20260912 target=20260922 worlds_500 第1轮：310/500批
v6_correct source=20260912 target=20260922 worlds_500 第1轮：320/500批
v6_correct source=20260912 target=20260922 worlds_500 第1轮：330/500批
v6_correct source=20260912 target=20260922 worlds_500 第1轮：340/500批
v6_correct source=20260912 target=20260922 worlds_500 第1轮：350/500批
v6_correct source=20260912 target=20260922 worlds_500 第1轮：360/500批
v6_correct source=20260912 target=20260922 worlds_500 第1轮：370/500批
v6_correct source=20260912 target=20260922 worlds_500 第1轮：380/500批
v6_correct source=20260912 target=20260922 worlds_500 第1轮：390/500批
v6_correct source=20260912 target=20260922 worlds_500 第1轮：400/500批
v6_correct source=20260912 target=20260922 worlds_500 第1轮：410/500批
v6_correct source=20260912 target=20260922 worlds_500 第1轮：420/500批
v6_correct source=20260912 target=20260922 worlds_500 第1轮：430/500批
v6_correct source=20260912 target=20260922 worlds_500 第1轮：440/500批
v6_correct source=20260912 target=20260922 worlds_500 第1轮：450/500批
v6_correct source=20260912 target=20260922 worlds_500 第1轮：460/500批
v6_correct source=20260912 target=20260922 worlds_500 第1轮：470/500批
v6_correct source=20260912 target=20260922 worlds_500 第1轮：480/500批
v6_correct source=20260912 target=20260922 worlds_500 第1轮：490/500批
v6_correct source=20260912 target=20260922 worlds_500 第1轮：500/500批
v6_correct source=20260912 target=20260922 worlds_500 第2轮：10/500批
v6_correct source=20260912 target=20260922 worlds_500 第2轮：20/500批
v6_correct source=20260912 target=20260922 worlds_500 第2轮：30/500批
v6_correct source=20260912 target=20260922 worlds_500 第2轮：40/500批
v6_correct source=20260912 target=20260922 worlds_500 第2轮：50/500批
v6_correct source=20260912 target=20260922 worlds_500 第2轮：60/500批
v6_correct source=20260912 target=20260922 worlds_500 第2轮：70/500批
v6_correct source=20260912 target=20260922 worlds_500 第2轮：80/500批
v6_correct source=20260912 target=20260922 worlds_500 第2轮：90/500批
v6_correct source=20260912 target=20260922 worlds_500 第2轮：100/500批
v6_correct source=20260912 target=20260922 worlds_500 第2轮：110/500批
v6_correct source=20260912 target=20260922 worlds_500 第2轮：120/500批
v6_correct source=20260912 target=20260922 worlds_500 第2轮：130/500批
v6_correct source=20260912 target=20260922 worlds_500 第2轮：140/500批
v6_correct source=20260912 target=20260922 worlds_500 第2轮：150/500批
v6_correct source=20260912 target=20260922 worlds_500 第2轮：160/500批
v6_correct source=20260912 target=20260922 worlds_500 第2轮：170/500批
v6_correct source=20260912 target=20260922 worlds_500 第2轮：180/500批
v6_correct source=20260912 target=20260922 worlds_500 第2轮：190/500批
v6_correct source=20260912 target=20260922 worlds_500 第2轮：200/500批
v6_correct source=20260912 target=20260922 worlds_500 第2轮：210/500批
v6_correct source=20260912 target=20260922 worlds_500 第2轮：220/500批
v6_correct source=20260912 target=20260922 worlds_500 第2轮：230/500批
v6_correct source=20260912 target=20260922 worlds_500 第2轮：240/500批
v6_correct source=20260912 target=20260922 worlds_500 第2轮：250/500批
v6_correct source=20260912 target=20260922 worlds_500 第2轮：260/500批
v6_correct source=20260912 target=20260922 worlds_500 第2轮：270/500批
v6_correct source=20260912 target=20260922 worlds_500 第2轮：280/500批
v6_correct source=20260912 target=20260922 worlds_500 第2轮：290/500批
v6_correct source=20260912 target=20260922 worlds_500 第2轮：300/500批
v6_correct source=20260912 target=20260922 worlds_500 第2轮：310/500批
v6_correct source=20260912 target=20260922 worlds_500 第2轮：320/500批
v6_correct source=20260912 target=20260922 worlds_500 第2轮：330/500批
v6_correct source=20260912 target=20260922 worlds_500 第2轮：340/500批
v6_correct source=20260912 target=20260922 worlds_500 第2轮：350/500批
v6_correct source=20260912 target=20260922 worlds_500 第2轮：360/500批
v6_correct source=20260912 target=20260922 worlds_500 第2轮：370/500批
v6_correct source=20260912 target=20260922 worlds_500 第2轮：380/500批
v6_correct source=20260912 target=20260922 worlds_500 第2轮：390/500批
v6_correct source=20260912 target=20260922 worlds_500 第2轮：400/500批
v6_correct source=20260912 target=20260922 worlds_500 第2轮：410/500批
v6_correct source=20260912 target=20260922 worlds_500 第2轮：420/500批
v6_correct source=20260912 target=20260922 worlds_500 第2轮：430/500批
v6_correct source=20260912 target=20260922 worlds_500 第2轮：440/500批
v6_correct source=20260912 target=20260922 worlds_500 第2轮：450/500批
v6_correct source=20260912 target=20260922 worlds_500 第2轮：460/500批
v6_correct source=20260912 target=20260922 worlds_500 第2轮：470/500批
v6_correct source=20260912 target=20260922 worlds_500 第2轮：480/500批
v6_correct source=20260912 target=20260922 worlds_500 第2轮：490/500批
v6_correct source=20260912 target=20260922 worlds_500 第2轮：500/500批
中文微调开发推理：50/500世界
中文微调开发推理：100/500世界
中文微调开发推理：150/500世界
中文微调开发推理：200/500世界
中文微调开发推理：250/500世界
中文微调开发推理：300/500世界
中文微调开发推理：350/500世界
中文微调开发推理：400/500世界
中文微调开发推理：450/500世界
中文微调开发推理：500/500世界
重放来源初始化：v6_correct seed=20260913 epochs=1
Token indices sequence length is longer than the specified maximum sequence length for this model (333 > 256). Running this sequence through the model will result in indexing errors
v6_correct seed=20260913 来源轮次 1/1：开发AP=0.783011，累计更新=39
开始中文同预算模型：v6_correct_source_20260913_target_20260923_worlds_001
v6_correct source=20260913 target=20260923 worlds_001 第1轮：1/1批
v6_correct source=20260913 target=20260923 worlds_001 第2轮：1/1批
v6_correct source=20260913 target=20260923 worlds_001 第3轮：1/1批
v6_correct source=20260913 target=20260923 worlds_001 第4轮：1/1批
v6_correct source=20260913 target=20260923 worlds_001 第5轮：1/1批
v6_correct source=20260913 target=20260923 worlds_001 第6轮：1/1批
v6_correct source=20260913 target=20260923 worlds_001 第7轮：1/1批
v6_correct source=20260913 target=20260923 worlds_001 第8轮：1/1批
v6_correct source=20260913 target=20260923 worlds_001 第9轮：1/1批
v6_correct source=20260913 target=20260923 worlds_001 第10轮：1/1批
v6_correct source=20260913 target=20260923 worlds_001 第11轮：1/1批
v6_correct source=20260913 target=20260923 worlds_001 第12轮：1/1批
v6_correct source=20260913 target=20260923 worlds_001 第13轮：1/1批
v6_correct source=20260913 target=20260923 worlds_001 第14轮：1/1批
v6_correct source=20260913 target=20260923 worlds_001 第15轮：1/1批
v6_correct source=20260913 target=20260923 worlds_001 第16轮：1/1批
v6_correct source=20260913 target=20260923 worlds_001 第17轮：1/1批
v6_correct source=20260913 target=20260923 worlds_001 第18轮：1/1批
v6_correct source=20260913 target=20260923 worlds_001 第19轮：1/1批
v6_correct source=20260913 target=20260923 worlds_001 第20轮：1/1批
v6_correct source=20260913 target=20260923 worlds_001 第21轮：1/1批
v6_correct source=20260913 target=20260923 worlds_001 第22轮：1/1批
v6_correct source=20260913 target=20260923 worlds_001 第23轮：1/1批
v6_correct source=20260913 target=20260923 worlds_001 第24轮：1/1批
v6_correct source=20260913 target=20260923 worlds_001 第25轮：1/1批
v6_correct source=20260913 target=20260923 worlds_001 第26轮：1/1批
v6_correct source=20260913 target=20260923 worlds_001 第27轮：1/1批
v6_correct source=20260913 target=20260923 worlds_001 第28轮：1/1批
v6_correct source=20260913 target=20260923 worlds_001 第29轮：1/1批
v6_correct source=20260913 target=20260923 worlds_001 第30轮：1/1批
v6_correct source=20260913 target=20260923 worlds_001 第31轮：1/1批
v6_correct source=20260913 target=20260923 worlds_001 第32轮：1/1批
v6_correct source=20260913 target=20260923 worlds_001 第33轮：1/1批
v6_correct source=20260913 target=20260923 worlds_001 第34轮：1/1批
v6_correct source=20260913 target=20260923 worlds_001 第35轮：1/1批
v6_correct source=20260913 target=20260923 worlds_001 第36轮：1/1批
v6_correct source=20260913 target=20260923 worlds_001 第37轮：1/1批
v6_correct source=20260913 target=20260923 worlds_001 第38轮：1/1批
v6_correct source=20260913 target=20260923 worlds_001 第39轮：1/1批
v6_correct source=20260913 target=20260923 worlds_001 第40轮：1/1批
v6_correct source=20260913 target=20260923 worlds_001 第41轮：1/1批
v6_correct source=20260913 target=20260923 worlds_001 第42轮：1/1批
v6_correct source=20260913 target=20260923 worlds_001 第43轮：1/1批
v6_correct source=20260913 target=20260923 worlds_001 第44轮：1/1批
v6_correct source=20260913 target=20260923 worlds_001 第45轮：1/1批
v6_correct source=20260913 target=20260923 worlds_001 第46轮：1/1批
v6_correct source=20260913 target=20260923 worlds_001 第47轮：1/1批
v6_correct source=20260913 target=20260923 worlds_001 第48轮：1/1批
v6_correct source=20260913 target=20260923 worlds_001 第49轮：1/1批
v6_correct source=20260913 target=20260923 worlds_001 第50轮：1/1批
v6_correct source=20260913 target=20260923 worlds_001 第51轮：1/1批
v6_correct source=20260913 target=20260923 worlds_001 第52轮：1/1批
v6_correct source=20260913 target=20260923 worlds_001 第53轮：1/1批
v6_correct source=20260913 target=20260923 worlds_001 第54轮：1/1批
v6_correct source=20260913 target=20260923 worlds_001 第55轮：1/1批
v6_correct source=20260913 target=20260923 worlds_001 第56轮：1/1批
v6_correct source=20260913 target=20260923 worlds_001 第57轮：1/1批
v6_correct source=20260913 target=20260923 worlds_001 第58轮：1/1批
v6_correct source=20260913 target=20260923 worlds_001 第59轮：1/1批
v6_correct source=20260913 target=20260923 worlds_001 第60轮：1/1批
v6_correct source=20260913 target=20260923 worlds_001 第61轮：1/1批
v6_correct source=20260913 target=20260923 worlds_001 第62轮：1/1批
v6_correct source=20260913 target=20260923 worlds_001 第63轮：1/1批
v6_correct source=20260913 target=20260923 worlds_001 第64轮：1/1批
v6_correct source=20260913 target=20260923 worlds_001 第65轮：1/1批
v6_correct source=20260913 target=20260923 worlds_001 第66轮：1/1批
v6_correct source=20260913 target=20260923 worlds_001 第67轮：1/1批
v6_correct source=20260913 target=20260923 worlds_001 第68轮：1/1批
v6_correct source=20260913 target=20260923 worlds_001 第69轮：1/1批
v6_correct source=20260913 target=20260923 worlds_001 第70轮：1/1批
v6_correct source=20260913 target=20260923 worlds_001 第71轮：1/1批
v6_correct source=20260913 target=20260923 worlds_001 第72轮：1/1批
v6_correct source=20260913 target=20260923 worlds_001 第73轮：1/1批
v6_correct source=20260913 target=20260923 worlds_001 第74轮：1/1批
v6_correct source=20260913 target=20260923 worlds_001 第75轮：1/1批
v6_correct source=20260913 target=20260923 worlds_001 第76轮：1/1批
v6_correct source=20260913 target=20260923 worlds_001 第77轮：1/1批
v6_correct source=20260913 target=20260923 worlds_001 第78轮：1/1批
v6_correct source=20260913 target=20260923 worlds_001 第79轮：1/1批
v6_correct source=20260913 target=20260923 worlds_001 第80轮：1/1批
v6_correct source=20260913 target=20260923 worlds_001 第81轮：1/1批
v6_correct source=20260913 target=20260923 worlds_001 第82轮：1/1批
v6_correct source=20260913 target=20260923 worlds_001 第83轮：1/1批
v6_correct source=20260913 target=20260923 worlds_001 第84轮：1/1批
v6_correct source=20260913 target=20260923 worlds_001 第85轮：1/1批
v6_correct source=20260913 target=20260923 worlds_001 第86轮：1/1批
v6_correct source=20260913 target=20260923 worlds_001 第87轮：1/1批
v6_correct source=20260913 target=20260923 worlds_001 第88轮：1/1批
v6_correct source=20260913 target=20260923 worlds_001 第89轮：1/1批
v6_correct source=20260913 target=20260923 worlds_001 第90轮：1/1批
v6_correct source=20260913 target=20260923 worlds_001 第91轮：1/1批
v6_correct source=20260913 target=20260923 worlds_001 第92轮：1/1批
v6_correct source=20260913 target=20260923 worlds_001 第93轮：1/1批
v6_correct source=20260913 target=20260923 worlds_001 第94轮：1/1批
v6_correct source=20260913 target=20260923 worlds_001 第95轮：1/1批
v6_correct source=20260913 target=20260923 worlds_001 第96轮：1/1批
v6_correct source=20260913 target=20260923 worlds_001 第97轮：1/1批
v6_correct source=20260913 target=20260923 worlds_001 第98轮：1/1批
v6_correct source=20260913 target=20260923 worlds_001 第99轮：1/1批
v6_correct source=20260913 target=20260923 worlds_001 第100轮：1/1批
v6_correct source=20260913 target=20260923 worlds_001 第101轮：1/1批
v6_correct source=20260913 target=20260923 worlds_001 第102轮：1/1批
v6_correct source=20260913 target=20260923 worlds_001 第103轮：1/1批
v6_correct source=20260913 target=20260923 worlds_001 第104轮：1/1批
v6_correct source=20260913 target=20260923 worlds_001 第105轮：1/1批
v6_correct source=20260913 target=20260923 worlds_001 第106轮：1/1批
v6_correct source=20260913 target=20260923 worlds_001 第107轮：1/1批
v6_correct source=20260913 target=20260923 worlds_001 第108轮：1/1批
v6_correct source=20260913 target=20260923 worlds_001 第109轮：1/1批
v6_correct source=20260913 target=20260923 worlds_001 第110轮：1/1批
v6_correct source=20260913 target=20260923 worlds_001 第111轮：1/1批
v6_correct source=20260913 target=20260923 worlds_001 第112轮：1/1批
v6_correct source=20260913 target=20260923 worlds_001 第113轮：1/1批
v6_correct source=20260913 target=20260923 worlds_001 第114轮：1/1批
v6_correct source=20260913 target=20260923 worlds_001 第115轮：1/1批
v6_correct source=20260913 target=20260923 worlds_001 第116轮：1/1批
v6_correct source=20260913 target=20260923 worlds_001 第117轮：1/1批
v6_correct source=20260913 target=20260923 worlds_001 第118轮：1/1批
v6_correct source=20260913 target=20260923 worlds_001 第119轮：1/1批
v6_correct source=20260913 target=20260923 worlds_001 第120轮：1/1批
v6_correct source=20260913 target=20260923 worlds_001 第121轮：1/1批
v6_correct source=20260913 target=20260923 worlds_001 第122轮：1/1批
v6_correct source=20260913 target=20260923 worlds_001 第123轮：1/1批
v6_correct source=20260913 target=20260923 worlds_001 第124轮：1/1批
v6_correct source=20260913 target=20260923 worlds_001 第125轮：1/1批
v6_correct source=20260913 target=20260923 worlds_001 第126轮：1/1批
v6_correct source=20260913 target=20260923 worlds_001 第127轮：1/1批
v6_correct source=20260913 target=20260923 worlds_001 第128轮：1/1批
v6_correct source=20260913 target=20260923 worlds_001 第129轮：1/1批
v6_correct source=20260913 target=20260923 worlds_001 第130轮：1/1批
v6_correct source=20260913 target=20260923 worlds_001 第131轮：1/1批
v6_correct source=20260913 target=20260923 worlds_001 第132轮：1/1批
v6_correct source=20260913 target=20260923 worlds_001 第133轮：1/1批
v6_correct source=20260913 target=20260923 worlds_001 第134轮：1/1批
v6_correct source=20260913 target=20260923 worlds_001 第135轮：1/1批
v6_correct source=20260913 target=20260923 worlds_001 第136轮：1/1批
v6_correct source=20260913 target=20260923 worlds_001 第137轮：1/1批
v6_correct source=20260913 target=20260923 worlds_001 第138轮：1/1批
v6_correct source=20260913 target=20260923 worlds_001 第139轮：1/1批
v6_correct source=20260913 target=20260923 worlds_001 第140轮：1/1批
v6_correct source=20260913 target=20260923 worlds_001 第141轮：1/1批
v6_correct source=20260913 target=20260923 worlds_001 第142轮：1/1批
v6_correct source=20260913 target=20260923 worlds_001 第143轮：1/1批
v6_correct source=20260913 target=20260923 worlds_001 第144轮：1/1批
v6_correct source=20260913 target=20260923 worlds_001 第145轮：1/1批
v6_correct source=20260913 target=20260923 worlds_001 第146轮：1/1批
v6_correct source=20260913 target=20260923 worlds_001 第147轮：1/1批
v6_correct source=20260913 target=20260923 worlds_001 第148轮：1/1批
v6_correct source=20260913 target=20260923 worlds_001 第149轮：1/1批
v6_correct source=20260913 target=20260923 worlds_001 第150轮：1/1批
v6_correct source=20260913 target=20260923 worlds_001 第151轮：1/1批
v6_correct source=20260913 target=20260923 worlds_001 第152轮：1/1批
v6_correct source=20260913 target=20260923 worlds_001 第153轮：1/1批
v6_correct source=20260913 target=20260923 worlds_001 第154轮：1/1批
v6_correct source=20260913 target=20260923 worlds_001 第155轮：1/1批
v6_correct source=20260913 target=20260923 worlds_001 第156轮：1/1批
v6_correct source=20260913 target=20260923 worlds_001 第157轮：1/1批
v6_correct source=20260913 target=20260923 worlds_001 第158轮：1/1批
v6_correct source=20260913 target=20260923 worlds_001 第159轮：1/1批
v6_correct source=20260913 target=20260923 worlds_001 第160轮：1/1批
v6_correct source=20260913 target=20260923 worlds_001 第161轮：1/1批
v6_correct source=20260913 target=20260923 worlds_001 第162轮：1/1批
v6_correct source=20260913 target=20260923 worlds_001 第163轮：1/1批
v6_correct source=20260913 target=20260923 worlds_001 第164轮：1/1批
v6_correct source=20260913 target=20260923 worlds_001 第165轮：1/1批
v6_correct source=20260913 target=20260923 worlds_001 第166轮：1/1批
v6_correct source=20260913 target=20260923 worlds_001 第167轮：1/1批
v6_correct source=20260913 target=20260923 worlds_001 第168轮：1/1批
v6_correct source=20260913 target=20260923 worlds_001 第169轮：1/1批
v6_correct source=20260913 target=20260923 worlds_001 第170轮：1/1批
v6_correct source=20260913 target=20260923 worlds_001 第171轮：1/1批
v6_correct source=20260913 target=20260923 worlds_001 第172轮：1/1批
v6_correct source=20260913 target=20260923 worlds_001 第173轮：1/1批
v6_correct source=20260913 target=20260923 worlds_001 第174轮：1/1批
v6_correct source=20260913 target=20260923 worlds_001 第175轮：1/1批
v6_correct source=20260913 target=20260923 worlds_001 第176轮：1/1批
v6_correct source=20260913 target=20260923 worlds_001 第177轮：1/1批
v6_correct source=20260913 target=20260923 worlds_001 第178轮：1/1批
v6_correct source=20260913 target=20260923 worlds_001 第179轮：1/1批
v6_correct source=20260913 target=20260923 worlds_001 第180轮：1/1批
v6_correct source=20260913 target=20260923 worlds_001 第181轮：1/1批
v6_correct source=20260913 target=20260923 worlds_001 第182轮：1/1批
v6_correct source=20260913 target=20260923 worlds_001 第183轮：1/1批
v6_correct source=20260913 target=20260923 worlds_001 第184轮：1/1批
v6_correct source=20260913 target=20260923 worlds_001 第185轮：1/1批
v6_correct source=20260913 target=20260923 worlds_001 第186轮：1/1批
v6_correct source=20260913 target=20260923 worlds_001 第187轮：1/1批
v6_correct source=20260913 target=20260923 worlds_001 第188轮：1/1批
v6_correct source=20260913 target=20260923 worlds_001 第189轮：1/1批
v6_correct source=20260913 target=20260923 worlds_001 第190轮：1/1批
v6_correct source=20260913 target=20260923 worlds_001 第191轮：1/1批
v6_correct source=20260913 target=20260923 worlds_001 第192轮：1/1批
v6_correct source=20260913 target=20260923 worlds_001 第193轮：1/1批
v6_correct source=20260913 target=20260923 worlds_001 第194轮：1/1批
v6_correct source=20260913 target=20260923 worlds_001 第195轮：1/1批
v6_correct source=20260913 target=20260923 worlds_001 第196轮：1/1批
v6_correct source=20260913 target=20260923 worlds_001 第197轮：1/1批
v6_correct source=20260913 target=20260923 worlds_001 第198轮：1/1批
v6_correct source=20260913 target=20260923 worlds_001 第199轮：1/1批
v6_correct source=20260913 target=20260923 worlds_001 第200轮：1/1批
中文微调开发推理：50/500世界
中文微调开发推理：100/500世界
中文微调开发推理：150/500世界
中文微调开发推理：200/500世界
中文微调开发推理：250/500世界
中文微调开发推理：300/500世界
中文微调开发推理：350/500世界
中文微调开发推理：400/500世界
中文微调开发推理：450/500世界
中文微调开发推理：500/500世界
开始中文同预算模型：v6_correct_source_20260913_target_20260923_worlds_005
v6_correct source=20260913 target=20260923 worlds_005 第1轮：5/5批
v6_correct source=20260913 target=20260923 worlds_005 第2轮：5/5批
v6_correct source=20260913 target=20260923 worlds_005 第3轮：5/5批
v6_correct source=20260913 target=20260923 worlds_005 第4轮：5/5批
v6_correct source=20260913 target=20260923 worlds_005 第5轮：5/5批
v6_correct source=20260913 target=20260923 worlds_005 第6轮：5/5批
v6_correct source=20260913 target=20260923 worlds_005 第7轮：5/5批
v6_correct source=20260913 target=20260923 worlds_005 第8轮：5/5批
v6_correct source=20260913 target=20260923 worlds_005 第9轮：5/5批
v6_correct source=20260913 target=20260923 worlds_005 第10轮：5/5批
v6_correct source=20260913 target=20260923 worlds_005 第11轮：5/5批
v6_correct source=20260913 target=20260923 worlds_005 第12轮：5/5批
v6_correct source=20260913 target=20260923 worlds_005 第13轮：5/5批
v6_correct source=20260913 target=20260923 worlds_005 第14轮：5/5批
v6_correct source=20260913 target=20260923 worlds_005 第15轮：5/5批
v6_correct source=20260913 target=20260923 worlds_005 第16轮：5/5批
v6_correct source=20260913 target=20260923 worlds_005 第17轮：5/5批
v6_correct source=20260913 target=20260923 worlds_005 第18轮：5/5批
v6_correct source=20260913 target=20260923 worlds_005 第19轮：5/5批
v6_correct source=20260913 target=20260923 worlds_005 第20轮：5/5批
v6_correct source=20260913 target=20260923 worlds_005 第21轮：5/5批
v6_correct source=20260913 target=20260923 worlds_005 第22轮：5/5批
v6_correct source=20260913 target=20260923 worlds_005 第23轮：5/5批
v6_correct source=20260913 target=20260923 worlds_005 第24轮：5/5批
v6_correct source=20260913 target=20260923 worlds_005 第25轮：5/5批
v6_correct source=20260913 target=20260923 worlds_005 第26轮：5/5批
v6_correct source=20260913 target=20260923 worlds_005 第27轮：5/5批
v6_correct source=20260913 target=20260923 worlds_005 第28轮：5/5批
v6_correct source=20260913 target=20260923 worlds_005 第29轮：5/5批
v6_correct source=20260913 target=20260923 worlds_005 第30轮：5/5批
v6_correct source=20260913 target=20260923 worlds_005 第31轮：5/5批
v6_correct source=20260913 target=20260923 worlds_005 第32轮：5/5批
v6_correct source=20260913 target=20260923 worlds_005 第33轮：5/5批
v6_correct source=20260913 target=20260923 worlds_005 第34轮：5/5批
v6_correct source=20260913 target=20260923 worlds_005 第35轮：5/5批
v6_correct source=20260913 target=20260923 worlds_005 第36轮：5/5批
v6_correct source=20260913 target=20260923 worlds_005 第37轮：5/5批
v6_correct source=20260913 target=20260923 worlds_005 第38轮：5/5批
v6_correct source=20260913 target=20260923 worlds_005 第39轮：5/5批
v6_correct source=20260913 target=20260923 worlds_005 第40轮：5/5批
中文微调开发推理：50/500世界
中文微调开发推理：100/500世界
中文微调开发推理：150/500世界
中文微调开发推理：200/500世界
中文微调开发推理：250/500世界
中文微调开发推理：300/500世界
中文微调开发推理：350/500世界
中文微调开发推理：400/500世界
中文微调开发推理：450/500世界
中文微调开发推理：500/500世界
开始中文同预算模型：v6_correct_source_20260913_target_20260923_worlds_010
v6_correct source=20260913 target=20260923 worlds_010 第1轮：10/10批
v6_correct source=20260913 target=20260923 worlds_010 第2轮：10/10批
v6_correct source=20260913 target=20260923 worlds_010 第3轮：10/10批
v6_correct source=20260913 target=20260923 worlds_010 第4轮：10/10批
v6_correct source=20260913 target=20260923 worlds_010 第5轮：10/10批
v6_correct source=20260913 target=20260923 worlds_010 第6轮：10/10批
v6_correct source=20260913 target=20260923 worlds_010 第7轮：10/10批
v6_correct source=20260913 target=20260923 worlds_010 第8轮：10/10批
v6_correct source=20260913 target=20260923 worlds_010 第9轮：10/10批
v6_correct source=20260913 target=20260923 worlds_010 第10轮：10/10批
v6_correct source=20260913 target=20260923 worlds_010 第11轮：10/10批
v6_correct source=20260913 target=20260923 worlds_010 第12轮：10/10批
v6_correct source=20260913 target=20260923 worlds_010 第13轮：10/10批
v6_correct source=20260913 target=20260923 worlds_010 第14轮：10/10批
v6_correct source=20260913 target=20260923 worlds_010 第15轮：10/10批
v6_correct source=20260913 target=20260923 worlds_010 第16轮：10/10批
v6_correct source=20260913 target=20260923 worlds_010 第17轮：10/10批
v6_correct source=20260913 target=20260923 worlds_010 第18轮：10/10批
v6_correct source=20260913 target=20260923 worlds_010 第19轮：10/10批
v6_correct source=20260913 target=20260923 worlds_010 第20轮：10/10批
中文微调开发推理：50/500世界
中文微调开发推理：100/500世界
中文微调开发推理：150/500世界
中文微调开发推理：200/500世界
中文微调开发推理：250/500世界
中文微调开发推理：300/500世界
中文微调开发推理：350/500世界
中文微调开发推理：400/500世界
中文微调开发推理：450/500世界
中文微调开发推理：500/500世界
开始中文同预算模型：v6_correct_source_20260913_target_20260923_worlds_025
v6_correct source=20260913 target=20260923 worlds_025 第1轮：10/25批
v6_correct source=20260913 target=20260923 worlds_025 第1轮：20/25批
v6_correct source=20260913 target=20260923 worlds_025 第1轮：25/25批
v6_correct source=20260913 target=20260923 worlds_025 第2轮：10/25批
v6_correct source=20260913 target=20260923 worlds_025 第2轮：20/25批
v6_correct source=20260913 target=20260923 worlds_025 第2轮：25/25批
v6_correct source=20260913 target=20260923 worlds_025 第3轮：10/25批
v6_correct source=20260913 target=20260923 worlds_025 第3轮：20/25批
v6_correct source=20260913 target=20260923 worlds_025 第3轮：25/25批
v6_correct source=20260913 target=20260923 worlds_025 第4轮：10/25批
v6_correct source=20260913 target=20260923 worlds_025 第4轮：20/25批
v6_correct source=20260913 target=20260923 worlds_025 第4轮：25/25批
v6_correct source=20260913 target=20260923 worlds_025 第5轮：10/25批
v6_correct source=20260913 target=20260923 worlds_025 第5轮：20/25批
v6_correct source=20260913 target=20260923 worlds_025 第5轮：25/25批
v6_correct source=20260913 target=20260923 worlds_025 第6轮：10/25批
v6_correct source=20260913 target=20260923 worlds_025 第6轮：20/25批
v6_correct source=20260913 target=20260923 worlds_025 第6轮：25/25批
v6_correct source=20260913 target=20260923 worlds_025 第7轮：10/25批
v6_correct source=20260913 target=20260923 worlds_025 第7轮：20/25批
v6_correct source=20260913 target=20260923 worlds_025 第7轮：25/25批
v6_correct source=20260913 target=20260923 worlds_025 第8轮：10/25批
v6_correct source=20260913 target=20260923 worlds_025 第8轮：20/25批
v6_correct source=20260913 target=20260923 worlds_025 第8轮：25/25批
中文微调开发推理：50/500世界
中文微调开发推理：100/500世界
中文微调开发推理：150/500世界
中文微调开发推理：200/500世界
中文微调开发推理：250/500世界
中文微调开发推理：300/500世界
中文微调开发推理：350/500世界
中文微调开发推理：400/500世界
中文微调开发推理：450/500世界
中文微调开发推理：500/500世界
开始中文同预算模型：v6_correct_source_20260913_target_20260923_worlds_100
v6_correct source=20260913 target=20260923 worlds_100 第1轮：10/100批
v6_correct source=20260913 target=20260923 worlds_100 第1轮：20/100批
v6_correct source=20260913 target=20260923 worlds_100 第1轮：30/100批
v6_correct source=20260913 target=20260923 worlds_100 第1轮：40/100批
v6_correct source=20260913 target=20260923 worlds_100 第1轮：50/100批
v6_correct source=20260913 target=20260923 worlds_100 第1轮：60/100批
v6_correct source=20260913 target=20260923 worlds_100 第1轮：70/100批
v6_correct source=20260913 target=20260923 worlds_100 第1轮：80/100批
v6_correct source=20260913 target=20260923 worlds_100 第1轮：90/100批
v6_correct source=20260913 target=20260923 worlds_100 第1轮：100/100批
v6_correct source=20260913 target=20260923 worlds_100 第2轮：10/100批
v6_correct source=20260913 target=20260923 worlds_100 第2轮：20/100批
v6_correct source=20260913 target=20260923 worlds_100 第2轮：30/100批
v6_correct source=20260913 target=20260923 worlds_100 第2轮：40/100批
v6_correct source=20260913 target=20260923 worlds_100 第2轮：50/100批
v6_correct source=20260913 target=20260923 worlds_100 第2轮：60/100批
v6_correct source=20260913 target=20260923 worlds_100 第2轮：70/100批
v6_correct source=20260913 target=20260923 worlds_100 第2轮：80/100批
v6_correct source=20260913 target=20260923 worlds_100 第2轮：90/100批
v6_correct source=20260913 target=20260923 worlds_100 第2轮：100/100批
中文微调开发推理：50/500世界
中文微调开发推理：100/500世界
中文微调开发推理：150/500世界
中文微调开发推理：200/500世界
中文微调开发推理：250/500世界
中文微调开发推理：300/500世界
中文微调开发推理：350/500世界
中文微调开发推理：400/500世界
中文微调开发推理：450/500世界
中文微调开发推理：500/500世界
开始中文同预算模型：v6_correct_source_20260913_target_20260923_worlds_500
v6_correct source=20260913 target=20260923 worlds_500 第1轮：10/500批
v6_correct source=20260913 target=20260923 worlds_500 第1轮：20/500批
v6_correct source=20260913 target=20260923 worlds_500 第1轮：30/500批
v6_correct source=20260913 target=20260923 worlds_500 第1轮：40/500批
v6_correct source=20260913 target=20260923 worlds_500 第1轮：50/500批
v6_correct source=20260913 target=20260923 worlds_500 第1轮：60/500批
v6_correct source=20260913 target=20260923 worlds_500 第1轮：70/500批
v6_correct source=20260913 target=20260923 worlds_500 第1轮：80/500批
v6_correct source=20260913 target=20260923 worlds_500 第1轮：90/500批
v6_correct source=20260913 target=20260923 worlds_500 第1轮：100/500批
v6_correct source=20260913 target=20260923 worlds_500 第1轮：110/500批
v6_correct source=20260913 target=20260923 worlds_500 第1轮：120/500批
v6_correct source=20260913 target=20260923 worlds_500 第1轮：130/500批
v6_correct source=20260913 target=20260923 worlds_500 第1轮：140/500批
v6_correct source=20260913 target=20260923 worlds_500 第1轮：150/500批
v6_correct source=20260913 target=20260923 worlds_500 第1轮：160/500批
v6_correct source=20260913 target=20260923 worlds_500 第1轮：170/500批
v6_correct source=20260913 target=20260923 worlds_500 第1轮：180/500批
v6_correct source=20260913 target=20260923 worlds_500 第1轮：190/500批
v6_correct source=20260913 target=20260923 worlds_500 第1轮：200/500批
v6_correct source=20260913 target=20260923 worlds_500 第1轮：210/500批
v6_correct source=20260913 target=20260923 worlds_500 第1轮：220/500批
v6_correct source=20260913 target=20260923 worlds_500 第1轮：230/500批
v6_correct source=20260913 target=20260923 worlds_500 第1轮：240/500批
v6_correct source=20260913 target=20260923 worlds_500 第1轮：250/500批
v6_correct source=20260913 target=20260923 worlds_500 第1轮：260/500批
v6_correct source=20260913 target=20260923 worlds_500 第1轮：270/500批
v6_correct source=20260913 target=20260923 worlds_500 第1轮：280/500批
v6_correct source=20260913 target=20260923 worlds_500 第1轮：290/500批
v6_correct source=20260913 target=20260923 worlds_500 第1轮：300/500批
v6_correct source=20260913 target=20260923 worlds_500 第1轮：310/500批
v6_correct source=20260913 target=20260923 worlds_500 第1轮：320/500批
v6_correct source=20260913 target=20260923 worlds_500 第1轮：330/500批
v6_correct source=20260913 target=20260923 worlds_500 第1轮：340/500批
v6_correct source=20260913 target=20260923 worlds_500 第1轮：350/500批
v6_correct source=20260913 target=20260923 worlds_500 第1轮：360/500批
v6_correct source=20260913 target=20260923 worlds_500 第1轮：370/500批
v6_correct source=20260913 target=20260923 worlds_500 第1轮：380/500批
v6_correct source=20260913 target=20260923 worlds_500 第1轮：390/500批
v6_correct source=20260913 target=20260923 worlds_500 第1轮：400/500批
v6_correct source=20260913 target=20260923 worlds_500 第1轮：410/500批
v6_correct source=20260913 target=20260923 worlds_500 第1轮：420/500批
v6_correct source=20260913 target=20260923 worlds_500 第1轮：430/500批
v6_correct source=20260913 target=20260923 worlds_500 第1轮：440/500批
v6_correct source=20260913 target=20260923 worlds_500 第1轮：450/500批
v6_correct source=20260913 target=20260923 worlds_500 第1轮：460/500批
v6_correct source=20260913 target=20260923 worlds_500 第1轮：470/500批
v6_correct source=20260913 target=20260923 worlds_500 第1轮：480/500批
v6_correct source=20260913 target=20260923 worlds_500 第1轮：490/500批
v6_correct source=20260913 target=20260923 worlds_500 第1轮：500/500批
v6_correct source=20260913 target=20260923 worlds_500 第2轮：10/500批
v6_correct source=20260913 target=20260923 worlds_500 第2轮：20/500批
v6_correct source=20260913 target=20260923 worlds_500 第2轮：30/500批
v6_correct source=20260913 target=20260923 worlds_500 第2轮：40/500批
v6_correct source=20260913 target=20260923 worlds_500 第2轮：50/500批
v6_correct source=20260913 target=20260923 worlds_500 第2轮：60/500批
v6_correct source=20260913 target=20260923 worlds_500 第2轮：70/500批
v6_correct source=20260913 target=20260923 worlds_500 第2轮：80/500批
v6_correct source=20260913 target=20260923 worlds_500 第2轮：90/500批
v6_correct source=20260913 target=20260923 worlds_500 第2轮：100/500批
v6_correct source=20260913 target=20260923 worlds_500 第2轮：110/500批
v6_correct source=20260913 target=20260923 worlds_500 第2轮：120/500批
v6_correct source=20260913 target=20260923 worlds_500 第2轮：130/500批
v6_correct source=20260913 target=20260923 worlds_500 第2轮：140/500批
v6_correct source=20260913 target=20260923 worlds_500 第2轮：150/500批
v6_correct source=20260913 target=20260923 worlds_500 第2轮：160/500批
v6_correct source=20260913 target=20260923 worlds_500 第2轮：170/500批
v6_correct source=20260913 target=20260923 worlds_500 第2轮：180/500批
v6_correct source=20260913 target=20260923 worlds_500 第2轮：190/500批
v6_correct source=20260913 target=20260923 worlds_500 第2轮：200/500批
v6_correct source=20260913 target=20260923 worlds_500 第2轮：210/500批
v6_correct source=20260913 target=20260923 worlds_500 第2轮：220/500批
v6_correct source=20260913 target=20260923 worlds_500 第2轮：230/500批
v6_correct source=20260913 target=20260923 worlds_500 第2轮：240/500批
v6_correct source=20260913 target=20260923 worlds_500 第2轮：250/500批
v6_correct source=20260913 target=20260923 worlds_500 第2轮：260/500批
v6_correct source=20260913 target=20260923 worlds_500 第2轮：270/500批
v6_correct source=20260913 target=20260923 worlds_500 第2轮：280/500批
v6_correct source=20260913 target=20260923 worlds_500 第2轮：290/500批
v6_correct source=20260913 target=20260923 worlds_500 第2轮：300/500批
v6_correct source=20260913 target=20260923 worlds_500 第2轮：310/500批
v6_correct source=20260913 target=20260923 worlds_500 第2轮：320/500批
v6_correct source=20260913 target=20260923 worlds_500 第2轮：330/500批
v6_correct source=20260913 target=20260923 worlds_500 第2轮：340/500批
v6_correct source=20260913 target=20260923 worlds_500 第2轮：350/500批
v6_correct source=20260913 target=20260923 worlds_500 第2轮：360/500批
v6_correct source=20260913 target=20260923 worlds_500 第2轮：370/500批
v6_correct source=20260913 target=20260923 worlds_500 第2轮：380/500批
v6_correct source=20260913 target=20260923 worlds_500 第2轮：390/500批
v6_correct source=20260913 target=20260923 worlds_500 第2轮：400/500批
v6_correct source=20260913 target=20260923 worlds_500 第2轮：410/500批
v6_correct source=20260913 target=20260923 worlds_500 第2轮：420/500批
v6_correct source=20260913 target=20260923 worlds_500 第2轮：430/500批
v6_correct source=20260913 target=20260923 worlds_500 第2轮：440/500批
v6_correct source=20260913 target=20260923 worlds_500 第2轮：450/500批
v6_correct source=20260913 target=20260923 worlds_500 第2轮：460/500批
v6_correct source=20260913 target=20260923 worlds_500 第2轮：470/500批
v6_correct source=20260913 target=20260923 worlds_500 第2轮：480/500批
v6_correct source=20260913 target=20260923 worlds_500 第2轮：490/500批
v6_correct source=20260913 target=20260923 worlds_500 第2轮：500/500批
中文微调开发推理：50/500世界
中文微调开发推理：100/500世界
中文微调开发推理：150/500世界
中文微调开发推理：200/500世界
中文微调开发推理：250/500世界
中文微调开发推理：300/500世界
中文微调开发推理：350/500世界
中文微调开发推理：400/500世界
中文微调开发推理：450/500世界
中文微调开发推理：500/500世界
重放来源初始化：v6_permuted seed=20260911 epochs=1
Token indices sequence length is longer than the specified maximum sequence length for this model (461 > 256). Running this sequence through the model will result in indexing errors
v6_permuted seed=20260911 来源轮次 1/1：开发AP=0.687414，累计更新=39
开始中文同预算模型：v6_permuted_source_20260911_target_20260921_worlds_001
v6_permuted source=20260911 target=20260921 worlds_001 第1轮：1/1批
v6_permuted source=20260911 target=20260921 worlds_001 第2轮：1/1批
v6_permuted source=20260911 target=20260921 worlds_001 第3轮：1/1批
v6_permuted source=20260911 target=20260921 worlds_001 第4轮：1/1批
v6_permuted source=20260911 target=20260921 worlds_001 第5轮：1/1批
v6_permuted source=20260911 target=20260921 worlds_001 第6轮：1/1批
v6_permuted source=20260911 target=20260921 worlds_001 第7轮：1/1批
v6_permuted source=20260911 target=20260921 worlds_001 第8轮：1/1批
v6_permuted source=20260911 target=20260921 worlds_001 第9轮：1/1批
v6_permuted source=20260911 target=20260921 worlds_001 第10轮：1/1批
v6_permuted source=20260911 target=20260921 worlds_001 第11轮：1/1批
v6_permuted source=20260911 target=20260921 worlds_001 第12轮：1/1批
v6_permuted source=20260911 target=20260921 worlds_001 第13轮：1/1批
v6_permuted source=20260911 target=20260921 worlds_001 第14轮：1/1批
v6_permuted source=20260911 target=20260921 worlds_001 第15轮：1/1批
v6_permuted source=20260911 target=20260921 worlds_001 第16轮：1/1批
v6_permuted source=20260911 target=20260921 worlds_001 第17轮：1/1批
v6_permuted source=20260911 target=20260921 worlds_001 第18轮：1/1批
v6_permuted source=20260911 target=20260921 worlds_001 第19轮：1/1批
v6_permuted source=20260911 target=20260921 worlds_001 第20轮：1/1批
v6_permuted source=20260911 target=20260921 worlds_001 第21轮：1/1批
v6_permuted source=20260911 target=20260921 worlds_001 第22轮：1/1批
v6_permuted source=20260911 target=20260921 worlds_001 第23轮：1/1批
v6_permuted source=20260911 target=20260921 worlds_001 第24轮：1/1批
v6_permuted source=20260911 target=20260921 worlds_001 第25轮：1/1批
v6_permuted source=20260911 target=20260921 worlds_001 第26轮：1/1批
v6_permuted source=20260911 target=20260921 worlds_001 第27轮：1/1批
v6_permuted source=20260911 target=20260921 worlds_001 第28轮：1/1批
v6_permuted source=20260911 target=20260921 worlds_001 第29轮：1/1批
v6_permuted source=20260911 target=20260921 worlds_001 第30轮：1/1批
v6_permuted source=20260911 target=20260921 worlds_001 第31轮：1/1批
v6_permuted source=20260911 target=20260921 worlds_001 第32轮：1/1批
v6_permuted source=20260911 target=20260921 worlds_001 第33轮：1/1批
v6_permuted source=20260911 target=20260921 worlds_001 第34轮：1/1批
v6_permuted source=20260911 target=20260921 worlds_001 第35轮：1/1批
v6_permuted source=20260911 target=20260921 worlds_001 第36轮：1/1批
v6_permuted source=20260911 target=20260921 worlds_001 第37轮：1/1批
v6_permuted source=20260911 target=20260921 worlds_001 第38轮：1/1批
v6_permuted source=20260911 target=20260921 worlds_001 第39轮：1/1批
v6_permuted source=20260911 target=20260921 worlds_001 第40轮：1/1批
v6_permuted source=20260911 target=20260921 worlds_001 第41轮：1/1批
v6_permuted source=20260911 target=20260921 worlds_001 第42轮：1/1批
v6_permuted source=20260911 target=20260921 worlds_001 第43轮：1/1批
v6_permuted source=20260911 target=20260921 worlds_001 第44轮：1/1批
v6_permuted source=20260911 target=20260921 worlds_001 第45轮：1/1批
v6_permuted source=20260911 target=20260921 worlds_001 第46轮：1/1批
v6_permuted source=20260911 target=20260921 worlds_001 第47轮：1/1批
v6_permuted source=20260911 target=20260921 worlds_001 第48轮：1/1批
v6_permuted source=20260911 target=20260921 worlds_001 第49轮：1/1批
v6_permuted source=20260911 target=20260921 worlds_001 第50轮：1/1批
v6_permuted source=20260911 target=20260921 worlds_001 第51轮：1/1批
v6_permuted source=20260911 target=20260921 worlds_001 第52轮：1/1批
v6_permuted source=20260911 target=20260921 worlds_001 第53轮：1/1批
v6_permuted source=20260911 target=20260921 worlds_001 第54轮：1/1批
v6_permuted source=20260911 target=20260921 worlds_001 第55轮：1/1批
v6_permuted source=20260911 target=20260921 worlds_001 第56轮：1/1批
v6_permuted source=20260911 target=20260921 worlds_001 第57轮：1/1批
v6_permuted source=20260911 target=20260921 worlds_001 第58轮：1/1批
v6_permuted source=20260911 target=20260921 worlds_001 第59轮：1/1批
v6_permuted source=20260911 target=20260921 worlds_001 第60轮：1/1批
v6_permuted source=20260911 target=20260921 worlds_001 第61轮：1/1批
v6_permuted source=20260911 target=20260921 worlds_001 第62轮：1/1批
v6_permuted source=20260911 target=20260921 worlds_001 第63轮：1/1批
v6_permuted source=20260911 target=20260921 worlds_001 第64轮：1/1批
v6_permuted source=20260911 target=20260921 worlds_001 第65轮：1/1批
v6_permuted source=20260911 target=20260921 worlds_001 第66轮：1/1批
v6_permuted source=20260911 target=20260921 worlds_001 第67轮：1/1批
v6_permuted source=20260911 target=20260921 worlds_001 第68轮：1/1批
v6_permuted source=20260911 target=20260921 worlds_001 第69轮：1/1批
v6_permuted source=20260911 target=20260921 worlds_001 第70轮：1/1批
v6_permuted source=20260911 target=20260921 worlds_001 第71轮：1/1批
v6_permuted source=20260911 target=20260921 worlds_001 第72轮：1/1批
v6_permuted source=20260911 target=20260921 worlds_001 第73轮：1/1批
v6_permuted source=20260911 target=20260921 worlds_001 第74轮：1/1批
v6_permuted source=20260911 target=20260921 worlds_001 第75轮：1/1批
v6_permuted source=20260911 target=20260921 worlds_001 第76轮：1/1批
v6_permuted source=20260911 target=20260921 worlds_001 第77轮：1/1批
v6_permuted source=20260911 target=20260921 worlds_001 第78轮：1/1批
v6_permuted source=20260911 target=20260921 worlds_001 第79轮：1/1批
v6_permuted source=20260911 target=20260921 worlds_001 第80轮：1/1批
v6_permuted source=20260911 target=20260921 worlds_001 第81轮：1/1批
v6_permuted source=20260911 target=20260921 worlds_001 第82轮：1/1批
v6_permuted source=20260911 target=20260921 worlds_001 第83轮：1/1批
v6_permuted source=20260911 target=20260921 worlds_001 第84轮：1/1批
v6_permuted source=20260911 target=20260921 worlds_001 第85轮：1/1批
v6_permuted source=20260911 target=20260921 worlds_001 第86轮：1/1批
v6_permuted source=20260911 target=20260921 worlds_001 第87轮：1/1批
v6_permuted source=20260911 target=20260921 worlds_001 第88轮：1/1批
v6_permuted source=20260911 target=20260921 worlds_001 第89轮：1/1批
v6_permuted source=20260911 target=20260921 worlds_001 第90轮：1/1批
v6_permuted source=20260911 target=20260921 worlds_001 第91轮：1/1批
v6_permuted source=20260911 target=20260921 worlds_001 第92轮：1/1批
v6_permuted source=20260911 target=20260921 worlds_001 第93轮：1/1批
v6_permuted source=20260911 target=20260921 worlds_001 第94轮：1/1批
v6_permuted source=20260911 target=20260921 worlds_001 第95轮：1/1批
v6_permuted source=20260911 target=20260921 worlds_001 第96轮：1/1批
v6_permuted source=20260911 target=20260921 worlds_001 第97轮：1/1批
v6_permuted source=20260911 target=20260921 worlds_001 第98轮：1/1批
v6_permuted source=20260911 target=20260921 worlds_001 第99轮：1/1批
v6_permuted source=20260911 target=20260921 worlds_001 第100轮：1/1批
v6_permuted source=20260911 target=20260921 worlds_001 第101轮：1/1批
v6_permuted source=20260911 target=20260921 worlds_001 第102轮：1/1批
v6_permuted source=20260911 target=20260921 worlds_001 第103轮：1/1批
v6_permuted source=20260911 target=20260921 worlds_001 第104轮：1/1批
v6_permuted source=20260911 target=20260921 worlds_001 第105轮：1/1批
v6_permuted source=20260911 target=20260921 worlds_001 第106轮：1/1批
v6_permuted source=20260911 target=20260921 worlds_001 第107轮：1/1批
v6_permuted source=20260911 target=20260921 worlds_001 第108轮：1/1批
v6_permuted source=20260911 target=20260921 worlds_001 第109轮：1/1批
v6_permuted source=20260911 target=20260921 worlds_001 第110轮：1/1批
v6_permuted source=20260911 target=20260921 worlds_001 第111轮：1/1批
v6_permuted source=20260911 target=20260921 worlds_001 第112轮：1/1批
v6_permuted source=20260911 target=20260921 worlds_001 第113轮：1/1批
v6_permuted source=20260911 target=20260921 worlds_001 第114轮：1/1批
v6_permuted source=20260911 target=20260921 worlds_001 第115轮：1/1批
v6_permuted source=20260911 target=20260921 worlds_001 第116轮：1/1批
v6_permuted source=20260911 target=20260921 worlds_001 第117轮：1/1批
v6_permuted source=20260911 target=20260921 worlds_001 第118轮：1/1批
v6_permuted source=20260911 target=20260921 worlds_001 第119轮：1/1批
v6_permuted source=20260911 target=20260921 worlds_001 第120轮：1/1批
v6_permuted source=20260911 target=20260921 worlds_001 第121轮：1/1批
v6_permuted source=20260911 target=20260921 worlds_001 第122轮：1/1批
v6_permuted source=20260911 target=20260921 worlds_001 第123轮：1/1批
v6_permuted source=20260911 target=20260921 worlds_001 第124轮：1/1批
v6_permuted source=20260911 target=20260921 worlds_001 第125轮：1/1批
v6_permuted source=20260911 target=20260921 worlds_001 第126轮：1/1批
v6_permuted source=20260911 target=20260921 worlds_001 第127轮：1/1批
v6_permuted source=20260911 target=20260921 worlds_001 第128轮：1/1批
v6_permuted source=20260911 target=20260921 worlds_001 第129轮：1/1批
v6_permuted source=20260911 target=20260921 worlds_001 第130轮：1/1批
v6_permuted source=20260911 target=20260921 worlds_001 第131轮：1/1批
v6_permuted source=20260911 target=20260921 worlds_001 第132轮：1/1批
v6_permuted source=20260911 target=20260921 worlds_001 第133轮：1/1批
v6_permuted source=20260911 target=20260921 worlds_001 第134轮：1/1批
v6_permuted source=20260911 target=20260921 worlds_001 第135轮：1/1批
v6_permuted source=20260911 target=20260921 worlds_001 第136轮：1/1批
v6_permuted source=20260911 target=20260921 worlds_001 第137轮：1/1批
v6_permuted source=20260911 target=20260921 worlds_001 第138轮：1/1批
v6_permuted source=20260911 target=20260921 worlds_001 第139轮：1/1批
v6_permuted source=20260911 target=20260921 worlds_001 第140轮：1/1批
v6_permuted source=20260911 target=20260921 worlds_001 第141轮：1/1批
v6_permuted source=20260911 target=20260921 worlds_001 第142轮：1/1批
v6_permuted source=20260911 target=20260921 worlds_001 第143轮：1/1批
v6_permuted source=20260911 target=20260921 worlds_001 第144轮：1/1批
v6_permuted source=20260911 target=20260921 worlds_001 第145轮：1/1批
v6_permuted source=20260911 target=20260921 worlds_001 第146轮：1/1批
v6_permuted source=20260911 target=20260921 worlds_001 第147轮：1/1批
v6_permuted source=20260911 target=20260921 worlds_001 第148轮：1/1批
v6_permuted source=20260911 target=20260921 worlds_001 第149轮：1/1批
v6_permuted source=20260911 target=20260921 worlds_001 第150轮：1/1批
v6_permuted source=20260911 target=20260921 worlds_001 第151轮：1/1批
v6_permuted source=20260911 target=20260921 worlds_001 第152轮：1/1批
v6_permuted source=20260911 target=20260921 worlds_001 第153轮：1/1批
v6_permuted source=20260911 target=20260921 worlds_001 第154轮：1/1批
v6_permuted source=20260911 target=20260921 worlds_001 第155轮：1/1批
v6_permuted source=20260911 target=20260921 worlds_001 第156轮：1/1批
v6_permuted source=20260911 target=20260921 worlds_001 第157轮：1/1批
v6_permuted source=20260911 target=20260921 worlds_001 第158轮：1/1批
v6_permuted source=20260911 target=20260921 worlds_001 第159轮：1/1批
v6_permuted source=20260911 target=20260921 worlds_001 第160轮：1/1批
v6_permuted source=20260911 target=20260921 worlds_001 第161轮：1/1批
v6_permuted source=20260911 target=20260921 worlds_001 第162轮：1/1批
v6_permuted source=20260911 target=20260921 worlds_001 第163轮：1/1批
v6_permuted source=20260911 target=20260921 worlds_001 第164轮：1/1批
v6_permuted source=20260911 target=20260921 worlds_001 第165轮：1/1批
v6_permuted source=20260911 target=20260921 worlds_001 第166轮：1/1批
v6_permuted source=20260911 target=20260921 worlds_001 第167轮：1/1批
v6_permuted source=20260911 target=20260921 worlds_001 第168轮：1/1批
v6_permuted source=20260911 target=20260921 worlds_001 第169轮：1/1批
v6_permuted source=20260911 target=20260921 worlds_001 第170轮：1/1批
v6_permuted source=20260911 target=20260921 worlds_001 第171轮：1/1批
v6_permuted source=20260911 target=20260921 worlds_001 第172轮：1/1批
v6_permuted source=20260911 target=20260921 worlds_001 第173轮：1/1批
v6_permuted source=20260911 target=20260921 worlds_001 第174轮：1/1批
v6_permuted source=20260911 target=20260921 worlds_001 第175轮：1/1批
v6_permuted source=20260911 target=20260921 worlds_001 第176轮：1/1批
v6_permuted source=20260911 target=20260921 worlds_001 第177轮：1/1批
v6_permuted source=20260911 target=20260921 worlds_001 第178轮：1/1批
v6_permuted source=20260911 target=20260921 worlds_001 第179轮：1/1批
v6_permuted source=20260911 target=20260921 worlds_001 第180轮：1/1批
v6_permuted source=20260911 target=20260921 worlds_001 第181轮：1/1批
v6_permuted source=20260911 target=20260921 worlds_001 第182轮：1/1批
v6_permuted source=20260911 target=20260921 worlds_001 第183轮：1/1批
v6_permuted source=20260911 target=20260921 worlds_001 第184轮：1/1批
v6_permuted source=20260911 target=20260921 worlds_001 第185轮：1/1批
v6_permuted source=20260911 target=20260921 worlds_001 第186轮：1/1批
v6_permuted source=20260911 target=20260921 worlds_001 第187轮：1/1批
v6_permuted source=20260911 target=20260921 worlds_001 第188轮：1/1批
v6_permuted source=20260911 target=20260921 worlds_001 第189轮：1/1批
v6_permuted source=20260911 target=20260921 worlds_001 第190轮：1/1批
v6_permuted source=20260911 target=20260921 worlds_001 第191轮：1/1批
v6_permuted source=20260911 target=20260921 worlds_001 第192轮：1/1批
v6_permuted source=20260911 target=20260921 worlds_001 第193轮：1/1批
v6_permuted source=20260911 target=20260921 worlds_001 第194轮：1/1批
v6_permuted source=20260911 target=20260921 worlds_001 第195轮：1/1批
v6_permuted source=20260911 target=20260921 worlds_001 第196轮：1/1批
v6_permuted source=20260911 target=20260921 worlds_001 第197轮：1/1批
v6_permuted source=20260911 target=20260921 worlds_001 第198轮：1/1批
v6_permuted source=20260911 target=20260921 worlds_001 第199轮：1/1批
v6_permuted source=20260911 target=20260921 worlds_001 第200轮：1/1批
中文微调开发推理：50/500世界
中文微调开发推理：100/500世界
中文微调开发推理：150/500世界
中文微调开发推理：200/500世界
中文微调开发推理：250/500世界
中文微调开发推理：300/500世界
中文微调开发推理：350/500世界
中文微调开发推理：400/500世界
中文微调开发推理：450/500世界
中文微调开发推理：500/500世界
开始中文同预算模型：v6_permuted_source_20260911_target_20260921_worlds_005
v6_permuted source=20260911 target=20260921 worlds_005 第1轮：5/5批
v6_permuted source=20260911 target=20260921 worlds_005 第2轮：5/5批
v6_permuted source=20260911 target=20260921 worlds_005 第3轮：5/5批
v6_permuted source=20260911 target=20260921 worlds_005 第4轮：5/5批
v6_permuted source=20260911 target=20260921 worlds_005 第5轮：5/5批
v6_permuted source=20260911 target=20260921 worlds_005 第6轮：5/5批
v6_permuted source=20260911 target=20260921 worlds_005 第7轮：5/5批
v6_permuted source=20260911 target=20260921 worlds_005 第8轮：5/5批
v6_permuted source=20260911 target=20260921 worlds_005 第9轮：5/5批
v6_permuted source=20260911 target=20260921 worlds_005 第10轮：5/5批
v6_permuted source=20260911 target=20260921 worlds_005 第11轮：5/5批
v6_permuted source=20260911 target=20260921 worlds_005 第12轮：5/5批
v6_permuted source=20260911 target=20260921 worlds_005 第13轮：5/5批
v6_permuted source=20260911 target=20260921 worlds_005 第14轮：5/5批
v6_permuted source=20260911 target=20260921 worlds_005 第15轮：5/5批
v6_permuted source=20260911 target=20260921 worlds_005 第16轮：5/5批
v6_permuted source=20260911 target=20260921 worlds_005 第17轮：5/5批
v6_permuted source=20260911 target=20260921 worlds_005 第18轮：5/5批
v6_permuted source=20260911 target=20260921 worlds_005 第19轮：5/5批
v6_permuted source=20260911 target=20260921 worlds_005 第20轮：5/5批
v6_permuted source=20260911 target=20260921 worlds_005 第21轮：5/5批
v6_permuted source=20260911 target=20260921 worlds_005 第22轮：5/5批
v6_permuted source=20260911 target=20260921 worlds_005 第23轮：5/5批
v6_permuted source=20260911 target=20260921 worlds_005 第24轮：5/5批
v6_permuted source=20260911 target=20260921 worlds_005 第25轮：5/5批
v6_permuted source=20260911 target=20260921 worlds_005 第26轮：5/5批
v6_permuted source=20260911 target=20260921 worlds_005 第27轮：5/5批
v6_permuted source=20260911 target=20260921 worlds_005 第28轮：5/5批
v6_permuted source=20260911 target=20260921 worlds_005 第29轮：5/5批
v6_permuted source=20260911 target=20260921 worlds_005 第30轮：5/5批
v6_permuted source=20260911 target=20260921 worlds_005 第31轮：5/5批
v6_permuted source=20260911 target=20260921 worlds_005 第32轮：5/5批
v6_permuted source=20260911 target=20260921 worlds_005 第33轮：5/5批
v6_permuted source=20260911 target=20260921 worlds_005 第34轮：5/5批
v6_permuted source=20260911 target=20260921 worlds_005 第35轮：5/5批
v6_permuted source=20260911 target=20260921 worlds_005 第36轮：5/5批
v6_permuted source=20260911 target=20260921 worlds_005 第37轮：5/5批
v6_permuted source=20260911 target=20260921 worlds_005 第38轮：5/5批
v6_permuted source=20260911 target=20260921 worlds_005 第39轮：5/5批
v6_permuted source=20260911 target=20260921 worlds_005 第40轮：5/5批
中文微调开发推理：50/500世界
中文微调开发推理：100/500世界
中文微调开发推理：150/500世界
中文微调开发推理：200/500世界
中文微调开发推理：250/500世界
中文微调开发推理：300/500世界
中文微调开发推理：350/500世界
中文微调开发推理：400/500世界
中文微调开发推理：450/500世界
中文微调开发推理：500/500世界
开始中文同预算模型：v6_permuted_source_20260911_target_20260921_worlds_010
v6_permuted source=20260911 target=20260921 worlds_010 第1轮：10/10批
v6_permuted source=20260911 target=20260921 worlds_010 第2轮：10/10批
v6_permuted source=20260911 target=20260921 worlds_010 第3轮：10/10批
v6_permuted source=20260911 target=20260921 worlds_010 第4轮：10/10批
v6_permuted source=20260911 target=20260921 worlds_010 第5轮：10/10批
v6_permuted source=20260911 target=20260921 worlds_010 第6轮：10/10批
v6_permuted source=20260911 target=20260921 worlds_010 第7轮：10/10批
v6_permuted source=20260911 target=20260921 worlds_010 第8轮：10/10批
v6_permuted source=20260911 target=20260921 worlds_010 第9轮：10/10批
v6_permuted source=20260911 target=20260921 worlds_010 第10轮：10/10批
v6_permuted source=20260911 target=20260921 worlds_010 第11轮：10/10批
v6_permuted source=20260911 target=20260921 worlds_010 第12轮：10/10批
v6_permuted source=20260911 target=20260921 worlds_010 第13轮：10/10批
v6_permuted source=20260911 target=20260921 worlds_010 第14轮：10/10批
v6_permuted source=20260911 target=20260921 worlds_010 第15轮：10/10批
v6_permuted source=20260911 target=20260921 worlds_010 第16轮：10/10批
v6_permuted source=20260911 target=20260921 worlds_010 第17轮：10/10批
v6_permuted source=20260911 target=20260921 worlds_010 第18轮：10/10批
v6_permuted source=20260911 target=20260921 worlds_010 第19轮：10/10批
v6_permuted source=20260911 target=20260921 worlds_010 第20轮：10/10批
中文微调开发推理：50/500世界
中文微调开发推理：100/500世界
中文微调开发推理：150/500世界
中文微调开发推理：200/500世界
中文微调开发推理：250/500世界
中文微调开发推理：300/500世界
中文微调开发推理：350/500世界
中文微调开发推理：400/500世界
中文微调开发推理：450/500世界
中文微调开发推理：500/500世界
开始中文同预算模型：v6_permuted_source_20260911_target_20260921_worlds_025
v6_permuted source=20260911 target=20260921 worlds_025 第1轮：10/25批
v6_permuted source=20260911 target=20260921 worlds_025 第1轮：20/25批
v6_permuted source=20260911 target=20260921 worlds_025 第1轮：25/25批
v6_permuted source=20260911 target=20260921 worlds_025 第2轮：10/25批
v6_permuted source=20260911 target=20260921 worlds_025 第2轮：20/25批
v6_permuted source=20260911 target=20260921 worlds_025 第2轮：25/25批
v6_permuted source=20260911 target=20260921 worlds_025 第3轮：10/25批
v6_permuted source=20260911 target=20260921 worlds_025 第3轮：20/25批
v6_permuted source=20260911 target=20260921 worlds_025 第3轮：25/25批
v6_permuted source=20260911 target=20260921 worlds_025 第4轮：10/25批
v6_permuted source=20260911 target=20260921 worlds_025 第4轮：20/25批
v6_permuted source=20260911 target=20260921 worlds_025 第4轮：25/25批
v6_permuted source=20260911 target=20260921 worlds_025 第5轮：10/25批
v6_permuted source=20260911 target=20260921 worlds_025 第5轮：20/25批
v6_permuted source=20260911 target=20260921 worlds_025 第5轮：25/25批
v6_permuted source=20260911 target=20260921 worlds_025 第6轮：10/25批
v6_permuted source=20260911 target=20260921 worlds_025 第6轮：20/25批
v6_permuted source=20260911 target=20260921 worlds_025 第6轮：25/25批
v6_permuted source=20260911 target=20260921 worlds_025 第7轮：10/25批
v6_permuted source=20260911 target=20260921 worlds_025 第7轮：20/25批
v6_permuted source=20260911 target=20260921 worlds_025 第7轮：25/25批
v6_permuted source=20260911 target=20260921 worlds_025 第8轮：10/25批
v6_permuted source=20260911 target=20260921 worlds_025 第8轮：20/25批
v6_permuted source=20260911 target=20260921 worlds_025 第8轮：25/25批
中文微调开发推理：50/500世界
中文微调开发推理：100/500世界
中文微调开发推理：150/500世界
中文微调开发推理：200/500世界
中文微调开发推理：250/500世界
中文微调开发推理：300/500世界
中文微调开发推理：350/500世界
中文微调开发推理：400/500世界
中文微调开发推理：450/500世界
中文微调开发推理：500/500世界
开始中文同预算模型：v6_permuted_source_20260911_target_20260921_worlds_100
v6_permuted source=20260911 target=20260921 worlds_100 第1轮：10/100批
v6_permuted source=20260911 target=20260921 worlds_100 第1轮：20/100批
v6_permuted source=20260911 target=20260921 worlds_100 第1轮：30/100批
v6_permuted source=20260911 target=20260921 worlds_100 第1轮：40/100批
v6_permuted source=20260911 target=20260921 worlds_100 第1轮：50/100批
v6_permuted source=20260911 target=20260921 worlds_100 第1轮：60/100批
v6_permuted source=20260911 target=20260921 worlds_100 第1轮：70/100批
v6_permuted source=20260911 target=20260921 worlds_100 第1轮：80/100批
v6_permuted source=20260911 target=20260921 worlds_100 第1轮：90/100批
v6_permuted source=20260911 target=20260921 worlds_100 第1轮：100/100批
v6_permuted source=20260911 target=20260921 worlds_100 第2轮：10/100批
v6_permuted source=20260911 target=20260921 worlds_100 第2轮：20/100批
v6_permuted source=20260911 target=20260921 worlds_100 第2轮：30/100批
v6_permuted source=20260911 target=20260921 worlds_100 第2轮：40/100批
v6_permuted source=20260911 target=20260921 worlds_100 第2轮：50/100批
v6_permuted source=20260911 target=20260921 worlds_100 第2轮：60/100批
v6_permuted source=20260911 target=20260921 worlds_100 第2轮：70/100批
v6_permuted source=20260911 target=20260921 worlds_100 第2轮：80/100批
v6_permuted source=20260911 target=20260921 worlds_100 第2轮：90/100批
v6_permuted source=20260911 target=20260921 worlds_100 第2轮：100/100批
中文微调开发推理：50/500世界
中文微调开发推理：100/500世界
中文微调开发推理：150/500世界
中文微调开发推理：200/500世界
中文微调开发推理：250/500世界
中文微调开发推理：300/500世界
中文微调开发推理：350/500世界
中文微调开发推理：400/500世界
中文微调开发推理：450/500世界
中文微调开发推理：500/500世界
开始中文同预算模型：v6_permuted_source_20260911_target_20260921_worlds_500
v6_permuted source=20260911 target=20260921 worlds_500 第1轮：10/500批
v6_permuted source=20260911 target=20260921 worlds_500 第1轮：20/500批
v6_permuted source=20260911 target=20260921 worlds_500 第1轮：30/500批
v6_permuted source=20260911 target=20260921 worlds_500 第1轮：40/500批
v6_permuted source=20260911 target=20260921 worlds_500 第1轮：50/500批
v6_permuted source=20260911 target=20260921 worlds_500 第1轮：60/500批
v6_permuted source=20260911 target=20260921 worlds_500 第1轮：70/500批
v6_permuted source=20260911 target=20260921 worlds_500 第1轮：80/500批
v6_permuted source=20260911 target=20260921 worlds_500 第1轮：90/500批
v6_permuted source=20260911 target=20260921 worlds_500 第1轮：100/500批
v6_permuted source=20260911 target=20260921 worlds_500 第1轮：110/500批
v6_permuted source=20260911 target=20260921 worlds_500 第1轮：120/500批
v6_permuted source=20260911 target=20260921 worlds_500 第1轮：130/500批
v6_permuted source=20260911 target=20260921 worlds_500 第1轮：140/500批
v6_permuted source=20260911 target=20260921 worlds_500 第1轮：150/500批
v6_permuted source=20260911 target=20260921 worlds_500 第1轮：160/500批
v6_permuted source=20260911 target=20260921 worlds_500 第1轮：170/500批
v6_permuted source=20260911 target=20260921 worlds_500 第1轮：180/500批
v6_permuted source=20260911 target=20260921 worlds_500 第1轮：190/500批
v6_permuted source=20260911 target=20260921 worlds_500 第1轮：200/500批
v6_permuted source=20260911 target=20260921 worlds_500 第1轮：210/500批
v6_permuted source=20260911 target=20260921 worlds_500 第1轮：220/500批
v6_permuted source=20260911 target=20260921 worlds_500 第1轮：230/500批
v6_permuted source=20260911 target=20260921 worlds_500 第1轮：240/500批
v6_permuted source=20260911 target=20260921 worlds_500 第1轮：250/500批
v6_permuted source=20260911 target=20260921 worlds_500 第1轮：260/500批
v6_permuted source=20260911 target=20260921 worlds_500 第1轮：270/500批
v6_permuted source=20260911 target=20260921 worlds_500 第1轮：280/500批
v6_permuted source=20260911 target=20260921 worlds_500 第1轮：290/500批
v6_permuted source=20260911 target=20260921 worlds_500 第1轮：300/500批
v6_permuted source=20260911 target=20260921 worlds_500 第1轮：310/500批
v6_permuted source=20260911 target=20260921 worlds_500 第1轮：320/500批
v6_permuted source=20260911 target=20260921 worlds_500 第1轮：330/500批
v6_permuted source=20260911 target=20260921 worlds_500 第1轮：340/500批
v6_permuted source=20260911 target=20260921 worlds_500 第1轮：350/500批
v6_permuted source=20260911 target=20260921 worlds_500 第1轮：360/500批
v6_permuted source=20260911 target=20260921 worlds_500 第1轮：370/500批
v6_permuted source=20260911 target=20260921 worlds_500 第1轮：380/500批
v6_permuted source=20260911 target=20260921 worlds_500 第1轮：390/500批
v6_permuted source=20260911 target=20260921 worlds_500 第1轮：400/500批
v6_permuted source=20260911 target=20260921 worlds_500 第1轮：410/500批
v6_permuted source=20260911 target=20260921 worlds_500 第1轮：420/500批
v6_permuted source=20260911 target=20260921 worlds_500 第1轮：430/500批
v6_permuted source=20260911 target=20260921 worlds_500 第1轮：440/500批
v6_permuted source=20260911 target=20260921 worlds_500 第1轮：450/500批
v6_permuted source=20260911 target=20260921 worlds_500 第1轮：460/500批
v6_permuted source=20260911 target=20260921 worlds_500 第1轮：470/500批
v6_permuted source=20260911 target=20260921 worlds_500 第1轮：480/500批
v6_permuted source=20260911 target=20260921 worlds_500 第1轮：490/500批
v6_permuted source=20260911 target=20260921 worlds_500 第1轮：500/500批
v6_permuted source=20260911 target=20260921 worlds_500 第2轮：10/500批
v6_permuted source=20260911 target=20260921 worlds_500 第2轮：20/500批
v6_permuted source=20260911 target=20260921 worlds_500 第2轮：30/500批
v6_permuted source=20260911 target=20260921 worlds_500 第2轮：40/500批
v6_permuted source=20260911 target=20260921 worlds_500 第2轮：50/500批
v6_permuted source=20260911 target=20260921 worlds_500 第2轮：60/500批
v6_permuted source=20260911 target=20260921 worlds_500 第2轮：70/500批
v6_permuted source=20260911 target=20260921 worlds_500 第2轮：80/500批
v6_permuted source=20260911 target=20260921 worlds_500 第2轮：90/500批
v6_permuted source=20260911 target=20260921 worlds_500 第2轮：100/500批
v6_permuted source=20260911 target=20260921 worlds_500 第2轮：110/500批
v6_permuted source=20260911 target=20260921 worlds_500 第2轮：120/500批
v6_permuted source=20260911 target=20260921 worlds_500 第2轮：130/500批
v6_permuted source=20260911 target=20260921 worlds_500 第2轮：140/500批
v6_permuted source=20260911 target=20260921 worlds_500 第2轮：150/500批
v6_permuted source=20260911 target=20260921 worlds_500 第2轮：160/500批
v6_permuted source=20260911 target=20260921 worlds_500 第2轮：170/500批
v6_permuted source=20260911 target=20260921 worlds_500 第2轮：180/500批
v6_permuted source=20260911 target=20260921 worlds_500 第2轮：190/500批
v6_permuted source=20260911 target=20260921 worlds_500 第2轮：200/500批
v6_permuted source=20260911 target=20260921 worlds_500 第2轮：210/500批
v6_permuted source=20260911 target=20260921 worlds_500 第2轮：220/500批
v6_permuted source=20260911 target=20260921 worlds_500 第2轮：230/500批
v6_permuted source=20260911 target=20260921 worlds_500 第2轮：240/500批
v6_permuted source=20260911 target=20260921 worlds_500 第2轮：250/500批
v6_permuted source=20260911 target=20260921 worlds_500 第2轮：260/500批
v6_permuted source=20260911 target=20260921 worlds_500 第2轮：270/500批
v6_permuted source=20260911 target=20260921 worlds_500 第2轮：280/500批
v6_permuted source=20260911 target=20260921 worlds_500 第2轮：290/500批
v6_permuted source=20260911 target=20260921 worlds_500 第2轮：300/500批
v6_permuted source=20260911 target=20260921 worlds_500 第2轮：310/500批
v6_permuted source=20260911 target=20260921 worlds_500 第2轮：320/500批
v6_permuted source=20260911 target=20260921 worlds_500 第2轮：330/500批
v6_permuted source=20260911 target=20260921 worlds_500 第2轮：340/500批
v6_permuted source=20260911 target=20260921 worlds_500 第2轮：350/500批
v6_permuted source=20260911 target=20260921 worlds_500 第2轮：360/500批
v6_permuted source=20260911 target=20260921 worlds_500 第2轮：370/500批
v6_permuted source=20260911 target=20260921 worlds_500 第2轮：380/500批
v6_permuted source=20260911 target=20260921 worlds_500 第2轮：390/500批
v6_permuted source=20260911 target=20260921 worlds_500 第2轮：400/500批
v6_permuted source=20260911 target=20260921 worlds_500 第2轮：410/500批
v6_permuted source=20260911 target=20260921 worlds_500 第2轮：420/500批
v6_permuted source=20260911 target=20260921 worlds_500 第2轮：430/500批
v6_permuted source=20260911 target=20260921 worlds_500 第2轮：440/500批
v6_permuted source=20260911 target=20260921 worlds_500 第2轮：450/500批
v6_permuted source=20260911 target=20260921 worlds_500 第2轮：460/500批
v6_permuted source=20260911 target=20260921 worlds_500 第2轮：470/500批
v6_permuted source=20260911 target=20260921 worlds_500 第2轮：480/500批
v6_permuted source=20260911 target=20260921 worlds_500 第2轮：490/500批
v6_permuted source=20260911 target=20260921 worlds_500 第2轮：500/500批
中文微调开发推理：50/500世界
中文微调开发推理：100/500世界
中文微调开发推理：150/500世界
中文微调开发推理：200/500世界
中文微调开发推理：250/500世界
中文微调开发推理：300/500世界
中文微调开发推理：350/500世界
中文微调开发推理：400/500世界
中文微调开发推理：450/500世界
中文微调开发推理：500/500世界
重放来源初始化：v6_permuted seed=20260912 epochs=1
Token indices sequence length is longer than the specified maximum sequence length for this model (326 > 256). Running this sequence through the model will result in indexing errors
v6_permuted seed=20260912 来源轮次 1/1：开发AP=0.741166，累计更新=39
开始中文同预算模型：v6_permuted_source_20260912_target_20260922_worlds_001
v6_permuted source=20260912 target=20260922 worlds_001 第1轮：1/1批
v6_permuted source=20260912 target=20260922 worlds_001 第2轮：1/1批
v6_permuted source=20260912 target=20260922 worlds_001 第3轮：1/1批
v6_permuted source=20260912 target=20260922 worlds_001 第4轮：1/1批
v6_permuted source=20260912 target=20260922 worlds_001 第5轮：1/1批
v6_permuted source=20260912 target=20260922 worlds_001 第6轮：1/1批
v6_permuted source=20260912 target=20260922 worlds_001 第7轮：1/1批
v6_permuted source=20260912 target=20260922 worlds_001 第8轮：1/1批
v6_permuted source=20260912 target=20260922 worlds_001 第9轮：1/1批
v6_permuted source=20260912 target=20260922 worlds_001 第10轮：1/1批
v6_permuted source=20260912 target=20260922 worlds_001 第11轮：1/1批
v6_permuted source=20260912 target=20260922 worlds_001 第12轮：1/1批
v6_permuted source=20260912 target=20260922 worlds_001 第13轮：1/1批
v6_permuted source=20260912 target=20260922 worlds_001 第14轮：1/1批
v6_permuted source=20260912 target=20260922 worlds_001 第15轮：1/1批
v6_permuted source=20260912 target=20260922 worlds_001 第16轮：1/1批
v6_permuted source=20260912 target=20260922 worlds_001 第17轮：1/1批
v6_permuted source=20260912 target=20260922 worlds_001 第18轮：1/1批
v6_permuted source=20260912 target=20260922 worlds_001 第19轮：1/1批
v6_permuted source=20260912 target=20260922 worlds_001 第20轮：1/1批
v6_permuted source=20260912 target=20260922 worlds_001 第21轮：1/1批
v6_permuted source=20260912 target=20260922 worlds_001 第22轮：1/1批
v6_permuted source=20260912 target=20260922 worlds_001 第23轮：1/1批
v6_permuted source=20260912 target=20260922 worlds_001 第24轮：1/1批
v6_permuted source=20260912 target=20260922 worlds_001 第25轮：1/1批
v6_permuted source=20260912 target=20260922 worlds_001 第26轮：1/1批
v6_permuted source=20260912 target=20260922 worlds_001 第27轮：1/1批
v6_permuted source=20260912 target=20260922 worlds_001 第28轮：1/1批
v6_permuted source=20260912 target=20260922 worlds_001 第29轮：1/1批
v6_permuted source=20260912 target=20260922 worlds_001 第30轮：1/1批
v6_permuted source=20260912 target=20260922 worlds_001 第31轮：1/1批
v6_permuted source=20260912 target=20260922 worlds_001 第32轮：1/1批
v6_permuted source=20260912 target=20260922 worlds_001 第33轮：1/1批
v6_permuted source=20260912 target=20260922 worlds_001 第34轮：1/1批
v6_permuted source=20260912 target=20260922 worlds_001 第35轮：1/1批
v6_permuted source=20260912 target=20260922 worlds_001 第36轮：1/1批
v6_permuted source=20260912 target=20260922 worlds_001 第37轮：1/1批
v6_permuted source=20260912 target=20260922 worlds_001 第38轮：1/1批
v6_permuted source=20260912 target=20260922 worlds_001 第39轮：1/1批
v6_permuted source=20260912 target=20260922 worlds_001 第40轮：1/1批
v6_permuted source=20260912 target=20260922 worlds_001 第41轮：1/1批
v6_permuted source=20260912 target=20260922 worlds_001 第42轮：1/1批
v6_permuted source=20260912 target=20260922 worlds_001 第43轮：1/1批
v6_permuted source=20260912 target=20260922 worlds_001 第44轮：1/1批
v6_permuted source=20260912 target=20260922 worlds_001 第45轮：1/1批
v6_permuted source=20260912 target=20260922 worlds_001 第46轮：1/1批
v6_permuted source=20260912 target=20260922 worlds_001 第47轮：1/1批
v6_permuted source=20260912 target=20260922 worlds_001 第48轮：1/1批
v6_permuted source=20260912 target=20260922 worlds_001 第49轮：1/1批
v6_permuted source=20260912 target=20260922 worlds_001 第50轮：1/1批
v6_permuted source=20260912 target=20260922 worlds_001 第51轮：1/1批
v6_permuted source=20260912 target=20260922 worlds_001 第52轮：1/1批
v6_permuted source=20260912 target=20260922 worlds_001 第53轮：1/1批
v6_permuted source=20260912 target=20260922 worlds_001 第54轮：1/1批
v6_permuted source=20260912 target=20260922 worlds_001 第55轮：1/1批
v6_permuted source=20260912 target=20260922 worlds_001 第56轮：1/1批
v6_permuted source=20260912 target=20260922 worlds_001 第57轮：1/1批
v6_permuted source=20260912 target=20260922 worlds_001 第58轮：1/1批
v6_permuted source=20260912 target=20260922 worlds_001 第59轮：1/1批
v6_permuted source=20260912 target=20260922 worlds_001 第60轮：1/1批
v6_permuted source=20260912 target=20260922 worlds_001 第61轮：1/1批
v6_permuted source=20260912 target=20260922 worlds_001 第62轮：1/1批
v6_permuted source=20260912 target=20260922 worlds_001 第63轮：1/1批
v6_permuted source=20260912 target=20260922 worlds_001 第64轮：1/1批
v6_permuted source=20260912 target=20260922 worlds_001 第65轮：1/1批
v6_permuted source=20260912 target=20260922 worlds_001 第66轮：1/1批
v6_permuted source=20260912 target=20260922 worlds_001 第67轮：1/1批
v6_permuted source=20260912 target=20260922 worlds_001 第68轮：1/1批
v6_permuted source=20260912 target=20260922 worlds_001 第69轮：1/1批
v6_permuted source=20260912 target=20260922 worlds_001 第70轮：1/1批
v6_permuted source=20260912 target=20260922 worlds_001 第71轮：1/1批
v6_permuted source=20260912 target=20260922 worlds_001 第72轮：1/1批
v6_permuted source=20260912 target=20260922 worlds_001 第73轮：1/1批
v6_permuted source=20260912 target=20260922 worlds_001 第74轮：1/1批
v6_permuted source=20260912 target=20260922 worlds_001 第75轮：1/1批
v6_permuted source=20260912 target=20260922 worlds_001 第76轮：1/1批
v6_permuted source=20260912 target=20260922 worlds_001 第77轮：1/1批
v6_permuted source=20260912 target=20260922 worlds_001 第78轮：1/1批
v6_permuted source=20260912 target=20260922 worlds_001 第79轮：1/1批
v6_permuted source=20260912 target=20260922 worlds_001 第80轮：1/1批
v6_permuted source=20260912 target=20260922 worlds_001 第81轮：1/1批
v6_permuted source=20260912 target=20260922 worlds_001 第82轮：1/1批
v6_permuted source=20260912 target=20260922 worlds_001 第83轮：1/1批
v6_permuted source=20260912 target=20260922 worlds_001 第84轮：1/1批
v6_permuted source=20260912 target=20260922 worlds_001 第85轮：1/1批
v6_permuted source=20260912 target=20260922 worlds_001 第86轮：1/1批
v6_permuted source=20260912 target=20260922 worlds_001 第87轮：1/1批
v6_permuted source=20260912 target=20260922 worlds_001 第88轮：1/1批
v6_permuted source=20260912 target=20260922 worlds_001 第89轮：1/1批
v6_permuted source=20260912 target=20260922 worlds_001 第90轮：1/1批
v6_permuted source=20260912 target=20260922 worlds_001 第91轮：1/1批
v6_permuted source=20260912 target=20260922 worlds_001 第92轮：1/1批
v6_permuted source=20260912 target=20260922 worlds_001 第93轮：1/1批
v6_permuted source=20260912 target=20260922 worlds_001 第94轮：1/1批
v6_permuted source=20260912 target=20260922 worlds_001 第95轮：1/1批
v6_permuted source=20260912 target=20260922 worlds_001 第96轮：1/1批
v6_permuted source=20260912 target=20260922 worlds_001 第97轮：1/1批
v6_permuted source=20260912 target=20260922 worlds_001 第98轮：1/1批
v6_permuted source=20260912 target=20260922 worlds_001 第99轮：1/1批
v6_permuted source=20260912 target=20260922 worlds_001 第100轮：1/1批
v6_permuted source=20260912 target=20260922 worlds_001 第101轮：1/1批
v6_permuted source=20260912 target=20260922 worlds_001 第102轮：1/1批
v6_permuted source=20260912 target=20260922 worlds_001 第103轮：1/1批
v6_permuted source=20260912 target=20260922 worlds_001 第104轮：1/1批
v6_permuted source=20260912 target=20260922 worlds_001 第105轮：1/1批
v6_permuted source=20260912 target=20260922 worlds_001 第106轮：1/1批
v6_permuted source=20260912 target=20260922 worlds_001 第107轮：1/1批
v6_permuted source=20260912 target=20260922 worlds_001 第108轮：1/1批
v6_permuted source=20260912 target=20260922 worlds_001 第109轮：1/1批
v6_permuted source=20260912 target=20260922 worlds_001 第110轮：1/1批
v6_permuted source=20260912 target=20260922 worlds_001 第111轮：1/1批
v6_permuted source=20260912 target=20260922 worlds_001 第112轮：1/1批
v6_permuted source=20260912 target=20260922 worlds_001 第113轮：1/1批
v6_permuted source=20260912 target=20260922 worlds_001 第114轮：1/1批
v6_permuted source=20260912 target=20260922 worlds_001 第115轮：1/1批
v6_permuted source=20260912 target=20260922 worlds_001 第116轮：1/1批
v6_permuted source=20260912 target=20260922 worlds_001 第117轮：1/1批
v6_permuted source=20260912 target=20260922 worlds_001 第118轮：1/1批
v6_permuted source=20260912 target=20260922 worlds_001 第119轮：1/1批
v6_permuted source=20260912 target=20260922 worlds_001 第120轮：1/1批
v6_permuted source=20260912 target=20260922 worlds_001 第121轮：1/1批
v6_permuted source=20260912 target=20260922 worlds_001 第122轮：1/1批
v6_permuted source=20260912 target=20260922 worlds_001 第123轮：1/1批
v6_permuted source=20260912 target=20260922 worlds_001 第124轮：1/1批
v6_permuted source=20260912 target=20260922 worlds_001 第125轮：1/1批
v6_permuted source=20260912 target=20260922 worlds_001 第126轮：1/1批
v6_permuted source=20260912 target=20260922 worlds_001 第127轮：1/1批
v6_permuted source=20260912 target=20260922 worlds_001 第128轮：1/1批
v6_permuted source=20260912 target=20260922 worlds_001 第129轮：1/1批
v6_permuted source=20260912 target=20260922 worlds_001 第130轮：1/1批
v6_permuted source=20260912 target=20260922 worlds_001 第131轮：1/1批
v6_permuted source=20260912 target=20260922 worlds_001 第132轮：1/1批
v6_permuted source=20260912 target=20260922 worlds_001 第133轮：1/1批
v6_permuted source=20260912 target=20260922 worlds_001 第134轮：1/1批
v6_permuted source=20260912 target=20260922 worlds_001 第135轮：1/1批
v6_permuted source=20260912 target=20260922 worlds_001 第136轮：1/1批
v6_permuted source=20260912 target=20260922 worlds_001 第137轮：1/1批
v6_permuted source=20260912 target=20260922 worlds_001 第138轮：1/1批
v6_permuted source=20260912 target=20260922 worlds_001 第139轮：1/1批
v6_permuted source=20260912 target=20260922 worlds_001 第140轮：1/1批
v6_permuted source=20260912 target=20260922 worlds_001 第141轮：1/1批
v6_permuted source=20260912 target=20260922 worlds_001 第142轮：1/1批
v6_permuted source=20260912 target=20260922 worlds_001 第143轮：1/1批
v6_permuted source=20260912 target=20260922 worlds_001 第144轮：1/1批
v6_permuted source=20260912 target=20260922 worlds_001 第145轮：1/1批
v6_permuted source=20260912 target=20260922 worlds_001 第146轮：1/1批
v6_permuted source=20260912 target=20260922 worlds_001 第147轮：1/1批
v6_permuted source=20260912 target=20260922 worlds_001 第148轮：1/1批
v6_permuted source=20260912 target=20260922 worlds_001 第149轮：1/1批
v6_permuted source=20260912 target=20260922 worlds_001 第150轮：1/1批
v6_permuted source=20260912 target=20260922 worlds_001 第151轮：1/1批
v6_permuted source=20260912 target=20260922 worlds_001 第152轮：1/1批
v6_permuted source=20260912 target=20260922 worlds_001 第153轮：1/1批
v6_permuted source=20260912 target=20260922 worlds_001 第154轮：1/1批
v6_permuted source=20260912 target=20260922 worlds_001 第155轮：1/1批
v6_permuted source=20260912 target=20260922 worlds_001 第156轮：1/1批
v6_permuted source=20260912 target=20260922 worlds_001 第157轮：1/1批
v6_permuted source=20260912 target=20260922 worlds_001 第158轮：1/1批
v6_permuted source=20260912 target=20260922 worlds_001 第159轮：1/1批
v6_permuted source=20260912 target=20260922 worlds_001 第160轮：1/1批
v6_permuted source=20260912 target=20260922 worlds_001 第161轮：1/1批
v6_permuted source=20260912 target=20260922 worlds_001 第162轮：1/1批
v6_permuted source=20260912 target=20260922 worlds_001 第163轮：1/1批
v6_permuted source=20260912 target=20260922 worlds_001 第164轮：1/1批
v6_permuted source=20260912 target=20260922 worlds_001 第165轮：1/1批
v6_permuted source=20260912 target=20260922 worlds_001 第166轮：1/1批
v6_permuted source=20260912 target=20260922 worlds_001 第167轮：1/1批
v6_permuted source=20260912 target=20260922 worlds_001 第168轮：1/1批
v6_permuted source=20260912 target=20260922 worlds_001 第169轮：1/1批
v6_permuted source=20260912 target=20260922 worlds_001 第170轮：1/1批
v6_permuted source=20260912 target=20260922 worlds_001 第171轮：1/1批
v6_permuted source=20260912 target=20260922 worlds_001 第172轮：1/1批
v6_permuted source=20260912 target=20260922 worlds_001 第173轮：1/1批
v6_permuted source=20260912 target=20260922 worlds_001 第174轮：1/1批
v6_permuted source=20260912 target=20260922 worlds_001 第175轮：1/1批
v6_permuted source=20260912 target=20260922 worlds_001 第176轮：1/1批
v6_permuted source=20260912 target=20260922 worlds_001 第177轮：1/1批
v6_permuted source=20260912 target=20260922 worlds_001 第178轮：1/1批
v6_permuted source=20260912 target=20260922 worlds_001 第179轮：1/1批
v6_permuted source=20260912 target=20260922 worlds_001 第180轮：1/1批
v6_permuted source=20260912 target=20260922 worlds_001 第181轮：1/1批
v6_permuted source=20260912 target=20260922 worlds_001 第182轮：1/1批
v6_permuted source=20260912 target=20260922 worlds_001 第183轮：1/1批
v6_permuted source=20260912 target=20260922 worlds_001 第184轮：1/1批
v6_permuted source=20260912 target=20260922 worlds_001 第185轮：1/1批
v6_permuted source=20260912 target=20260922 worlds_001 第186轮：1/1批
v6_permuted source=20260912 target=20260922 worlds_001 第187轮：1/1批
v6_permuted source=20260912 target=20260922 worlds_001 第188轮：1/1批
v6_permuted source=20260912 target=20260922 worlds_001 第189轮：1/1批
v6_permuted source=20260912 target=20260922 worlds_001 第190轮：1/1批
v6_permuted source=20260912 target=20260922 worlds_001 第191轮：1/1批
v6_permuted source=20260912 target=20260922 worlds_001 第192轮：1/1批
v6_permuted source=20260912 target=20260922 worlds_001 第193轮：1/1批
v6_permuted source=20260912 target=20260922 worlds_001 第194轮：1/1批
v6_permuted source=20260912 target=20260922 worlds_001 第195轮：1/1批
v6_permuted source=20260912 target=20260922 worlds_001 第196轮：1/1批
v6_permuted source=20260912 target=20260922 worlds_001 第197轮：1/1批
v6_permuted source=20260912 target=20260922 worlds_001 第198轮：1/1批
v6_permuted source=20260912 target=20260922 worlds_001 第199轮：1/1批
v6_permuted source=20260912 target=20260922 worlds_001 第200轮：1/1批
中文微调开发推理：50/500世界
中文微调开发推理：100/500世界
中文微调开发推理：150/500世界
中文微调开发推理：200/500世界
中文微调开发推理：250/500世界
中文微调开发推理：300/500世界
中文微调开发推理：350/500世界
中文微调开发推理：400/500世界
中文微调开发推理：450/500世界
中文微调开发推理：500/500世界
开始中文同预算模型：v6_permuted_source_20260912_target_20260922_worlds_005
v6_permuted source=20260912 target=20260922 worlds_005 第1轮：5/5批
v6_permuted source=20260912 target=20260922 worlds_005 第2轮：5/5批
v6_permuted source=20260912 target=20260922 worlds_005 第3轮：5/5批
v6_permuted source=20260912 target=20260922 worlds_005 第4轮：5/5批
v6_permuted source=20260912 target=20260922 worlds_005 第5轮：5/5批
v6_permuted source=20260912 target=20260922 worlds_005 第6轮：5/5批
v6_permuted source=20260912 target=20260922 worlds_005 第7轮：5/5批
v6_permuted source=20260912 target=20260922 worlds_005 第8轮：5/5批
v6_permuted source=20260912 target=20260922 worlds_005 第9轮：5/5批
v6_permuted source=20260912 target=20260922 worlds_005 第10轮：5/5批
v6_permuted source=20260912 target=20260922 worlds_005 第11轮：5/5批
v6_permuted source=20260912 target=20260922 worlds_005 第12轮：5/5批
v6_permuted source=20260912 target=20260922 worlds_005 第13轮：5/5批
v6_permuted source=20260912 target=20260922 worlds_005 第14轮：5/5批
v6_permuted source=20260912 target=20260922 worlds_005 第15轮：5/5批
v6_permuted source=20260912 target=20260922 worlds_005 第16轮：5/5批
v6_permuted source=20260912 target=20260922 worlds_005 第17轮：5/5批
v6_permuted source=20260912 target=20260922 worlds_005 第18轮：5/5批
v6_permuted source=20260912 target=20260922 worlds_005 第19轮：5/5批
v6_permuted source=20260912 target=20260922 worlds_005 第20轮：5/5批
v6_permuted source=20260912 target=20260922 worlds_005 第21轮：5/5批
v6_permuted source=20260912 target=20260922 worlds_005 第22轮：5/5批
v6_permuted source=20260912 target=20260922 worlds_005 第23轮：5/5批
v6_permuted source=20260912 target=20260922 worlds_005 第24轮：5/5批
v6_permuted source=20260912 target=20260922 worlds_005 第25轮：5/5批
v6_permuted source=20260912 target=20260922 worlds_005 第26轮：5/5批
v6_permuted source=20260912 target=20260922 worlds_005 第27轮：5/5批
v6_permuted source=20260912 target=20260922 worlds_005 第28轮：5/5批
v6_permuted source=20260912 target=20260922 worlds_005 第29轮：5/5批
v6_permuted source=20260912 target=20260922 worlds_005 第30轮：5/5批
v6_permuted source=20260912 target=20260922 worlds_005 第31轮：5/5批
v6_permuted source=20260912 target=20260922 worlds_005 第32轮：5/5批
v6_permuted source=20260912 target=20260922 worlds_005 第33轮：5/5批
v6_permuted source=20260912 target=20260922 worlds_005 第34轮：5/5批
v6_permuted source=20260912 target=20260922 worlds_005 第35轮：5/5批
v6_permuted source=20260912 target=20260922 worlds_005 第36轮：5/5批
v6_permuted source=20260912 target=20260922 worlds_005 第37轮：5/5批
v6_permuted source=20260912 target=20260922 worlds_005 第38轮：5/5批
v6_permuted source=20260912 target=20260922 worlds_005 第39轮：5/5批
v6_permuted source=20260912 target=20260922 worlds_005 第40轮：5/5批
中文微调开发推理：50/500世界
中文微调开发推理：100/500世界
中文微调开发推理：150/500世界
中文微调开发推理：200/500世界
中文微调开发推理：250/500世界
中文微调开发推理：300/500世界
中文微调开发推理：350/500世界
中文微调开发推理：400/500世界
中文微调开发推理：450/500世界
中文微调开发推理：500/500世界
开始中文同预算模型：v6_permuted_source_20260912_target_20260922_worlds_010
v6_permuted source=20260912 target=20260922 worlds_010 第1轮：10/10批
v6_permuted source=20260912 target=20260922 worlds_010 第2轮：10/10批
v6_permuted source=20260912 target=20260922 worlds_010 第3轮：10/10批
v6_permuted source=20260912 target=20260922 worlds_010 第4轮：10/10批
v6_permuted source=20260912 target=20260922 worlds_010 第5轮：10/10批
v6_permuted source=20260912 target=20260922 worlds_010 第6轮：10/10批
v6_permuted source=20260912 target=20260922 worlds_010 第7轮：10/10批
v6_permuted source=20260912 target=20260922 worlds_010 第8轮：10/10批
v6_permuted source=20260912 target=20260922 worlds_010 第9轮：10/10批
v6_permuted source=20260912 target=20260922 worlds_010 第10轮：10/10批
v6_permuted source=20260912 target=20260922 worlds_010 第11轮：10/10批
v6_permuted source=20260912 target=20260922 worlds_010 第12轮：10/10批
v6_permuted source=20260912 target=20260922 worlds_010 第13轮：10/10批
v6_permuted source=20260912 target=20260922 worlds_010 第14轮：10/10批
v6_permuted source=20260912 target=20260922 worlds_010 第15轮：10/10批
v6_permuted source=20260912 target=20260922 worlds_010 第16轮：10/10批
v6_permuted source=20260912 target=20260922 worlds_010 第17轮：10/10批
v6_permuted source=20260912 target=20260922 worlds_010 第18轮：10/10批
v6_permuted source=20260912 target=20260922 worlds_010 第19轮：10/10批
v6_permuted source=20260912 target=20260922 worlds_010 第20轮：10/10批
中文微调开发推理：50/500世界
中文微调开发推理：100/500世界
中文微调开发推理：150/500世界
中文微调开发推理：200/500世界
中文微调开发推理：250/500世界
中文微调开发推理：300/500世界
中文微调开发推理：350/500世界
中文微调开发推理：400/500世界
中文微调开发推理：450/500世界
中文微调开发推理：500/500世界
开始中文同预算模型：v6_permuted_source_20260912_target_20260922_worlds_025
v6_permuted source=20260912 target=20260922 worlds_025 第1轮：10/25批
v6_permuted source=20260912 target=20260922 worlds_025 第1轮：20/25批
v6_permuted source=20260912 target=20260922 worlds_025 第1轮：25/25批
v6_permuted source=20260912 target=20260922 worlds_025 第2轮：10/25批
v6_permuted source=20260912 target=20260922 worlds_025 第2轮：20/25批
v6_permuted source=20260912 target=20260922 worlds_025 第2轮：25/25批
v6_permuted source=20260912 target=20260922 worlds_025 第3轮：10/25批
v6_permuted source=20260912 target=20260922 worlds_025 第3轮：20/25批
v6_permuted source=20260912 target=20260922 worlds_025 第3轮：25/25批
v6_permuted source=20260912 target=20260922 worlds_025 第4轮：10/25批
v6_permuted source=20260912 target=20260922 worlds_025 第4轮：20/25批
v6_permuted source=20260912 target=20260922 worlds_025 第4轮：25/25批
v6_permuted source=20260912 target=20260922 worlds_025 第5轮：10/25批
v6_permuted source=20260912 target=20260922 worlds_025 第5轮：20/25批
v6_permuted source=20260912 target=20260922 worlds_025 第5轮：25/25批
v6_permuted source=20260912 target=20260922 worlds_025 第6轮：10/25批
v6_permuted source=20260912 target=20260922 worlds_025 第6轮：20/25批
v6_permuted source=20260912 target=20260922 worlds_025 第6轮：25/25批
v6_permuted source=20260912 target=20260922 worlds_025 第7轮：10/25批
v6_permuted source=20260912 target=20260922 worlds_025 第7轮：20/25批
v6_permuted source=20260912 target=20260922 worlds_025 第7轮：25/25批
v6_permuted source=20260912 target=20260922 worlds_025 第8轮：10/25批
v6_permuted source=20260912 target=20260922 worlds_025 第8轮：20/25批
v6_permuted source=20260912 target=20260922 worlds_025 第8轮：25/25批
中文微调开发推理：50/500世界
中文微调开发推理：100/500世界
中文微调开发推理：150/500世界
中文微调开发推理：200/500世界
中文微调开发推理：250/500世界
中文微调开发推理：300/500世界
中文微调开发推理：350/500世界
中文微调开发推理：400/500世界
中文微调开发推理：450/500世界
中文微调开发推理：500/500世界
开始中文同预算模型：v6_permuted_source_20260912_target_20260922_worlds_100
v6_permuted source=20260912 target=20260922 worlds_100 第1轮：10/100批
v6_permuted source=20260912 target=20260922 worlds_100 第1轮：20/100批
v6_permuted source=20260912 target=20260922 worlds_100 第1轮：30/100批
v6_permuted source=20260912 target=20260922 worlds_100 第1轮：40/100批
v6_permuted source=20260912 target=20260922 worlds_100 第1轮：50/100批
v6_permuted source=20260912 target=20260922 worlds_100 第1轮：60/100批
v6_permuted source=20260912 target=20260922 worlds_100 第1轮：70/100批
v6_permuted source=20260912 target=20260922 worlds_100 第1轮：80/100批
v6_permuted source=20260912 target=20260922 worlds_100 第1轮：90/100批
v6_permuted source=20260912 target=20260922 worlds_100 第1轮：100/100批
v6_permuted source=20260912 target=20260922 worlds_100 第2轮：10/100批
v6_permuted source=20260912 target=20260922 worlds_100 第2轮：20/100批
v6_permuted source=20260912 target=20260922 worlds_100 第2轮：30/100批
v6_permuted source=20260912 target=20260922 worlds_100 第2轮：40/100批
v6_permuted source=20260912 target=20260922 worlds_100 第2轮：50/100批
v6_permuted source=20260912 target=20260922 worlds_100 第2轮：60/100批
v6_permuted source=20260912 target=20260922 worlds_100 第2轮：70/100批
v6_permuted source=20260912 target=20260922 worlds_100 第2轮：80/100批
v6_permuted source=20260912 target=20260922 worlds_100 第2轮：90/100批
v6_permuted source=20260912 target=20260922 worlds_100 第2轮：100/100批
中文微调开发推理：50/500世界
中文微调开发推理：100/500世界
中文微调开发推理：150/500世界
中文微调开发推理：200/500世界
中文微调开发推理：250/500世界
中文微调开发推理：300/500世界
中文微调开发推理：350/500世界
中文微调开发推理：400/500世界
中文微调开发推理：450/500世界
中文微调开发推理：500/500世界
开始中文同预算模型：v6_permuted_source_20260912_target_20260922_worlds_500
v6_permuted source=20260912 target=20260922 worlds_500 第1轮：10/500批
v6_permuted source=20260912 target=20260922 worlds_500 第1轮：20/500批
v6_permuted source=20260912 target=20260922 worlds_500 第1轮：30/500批
v6_permuted source=20260912 target=20260922 worlds_500 第1轮：40/500批
v6_permuted source=20260912 target=20260922 worlds_500 第1轮：50/500批
v6_permuted source=20260912 target=20260922 worlds_500 第1轮：60/500批
v6_permuted source=20260912 target=20260922 worlds_500 第1轮：70/500批
v6_permuted source=20260912 target=20260922 worlds_500 第1轮：80/500批
v6_permuted source=20260912 target=20260922 worlds_500 第1轮：90/500批
v6_permuted source=20260912 target=20260922 worlds_500 第1轮：100/500批
v6_permuted source=20260912 target=20260922 worlds_500 第1轮：110/500批
v6_permuted source=20260912 target=20260922 worlds_500 第1轮：120/500批
v6_permuted source=20260912 target=20260922 worlds_500 第1轮：130/500批
v6_permuted source=20260912 target=20260922 worlds_500 第1轮：140/500批
v6_permuted source=20260912 target=20260922 worlds_500 第1轮：150/500批
v6_permuted source=20260912 target=20260922 worlds_500 第1轮：160/500批
v6_permuted source=20260912 target=20260922 worlds_500 第1轮：170/500批
v6_permuted source=20260912 target=20260922 worlds_500 第1轮：180/500批
v6_permuted source=20260912 target=20260922 worlds_500 第1轮：190/500批
v6_permuted source=20260912 target=20260922 worlds_500 第1轮：200/500批
v6_permuted source=20260912 target=20260922 worlds_500 第1轮：210/500批
v6_permuted source=20260912 target=20260922 worlds_500 第1轮：220/500批
v6_permuted source=20260912 target=20260922 worlds_500 第1轮：230/500批
v6_permuted source=20260912 target=20260922 worlds_500 第1轮：240/500批
v6_permuted source=20260912 target=20260922 worlds_500 第1轮：250/500批
v6_permuted source=20260912 target=20260922 worlds_500 第1轮：260/500批
v6_permuted source=20260912 target=20260922 worlds_500 第1轮：270/500批
v6_permuted source=20260912 target=20260922 worlds_500 第1轮：280/500批
v6_permuted source=20260912 target=20260922 worlds_500 第1轮：290/500批
v6_permuted source=20260912 target=20260922 worlds_500 第1轮：300/500批
v6_permuted source=20260912 target=20260922 worlds_500 第1轮：310/500批
v6_permuted source=20260912 target=20260922 worlds_500 第1轮：320/500批
v6_permuted source=20260912 target=20260922 worlds_500 第1轮：330/500批
v6_permuted source=20260912 target=20260922 worlds_500 第1轮：340/500批
v6_permuted source=20260912 target=20260922 worlds_500 第1轮：350/500批
v6_permuted source=20260912 target=20260922 worlds_500 第1轮：360/500批
v6_permuted source=20260912 target=20260922 worlds_500 第1轮：370/500批
v6_permuted source=20260912 target=20260922 worlds_500 第1轮：380/500批
v6_permuted source=20260912 target=20260922 worlds_500 第1轮：390/500批
v6_permuted source=20260912 target=20260922 worlds_500 第1轮：400/500批
v6_permuted source=20260912 target=20260922 worlds_500 第1轮：410/500批
v6_permuted source=20260912 target=20260922 worlds_500 第1轮：420/500批
v6_permuted source=20260912 target=20260922 worlds_500 第1轮：430/500批
v6_permuted source=20260912 target=20260922 worlds_500 第1轮：440/500批
v6_permuted source=20260912 target=20260922 worlds_500 第1轮：450/500批
v6_permuted source=20260912 target=20260922 worlds_500 第1轮：460/500批
v6_permuted source=20260912 target=20260922 worlds_500 第1轮：470/500批
v6_permuted source=20260912 target=20260922 worlds_500 第1轮：480/500批
v6_permuted source=20260912 target=20260922 worlds_500 第1轮：490/500批
v6_permuted source=20260912 target=20260922 worlds_500 第1轮：500/500批
v6_permuted source=20260912 target=20260922 worlds_500 第2轮：10/500批
v6_permuted source=20260912 target=20260922 worlds_500 第2轮：20/500批
v6_permuted source=20260912 target=20260922 worlds_500 第2轮：30/500批
v6_permuted source=20260912 target=20260922 worlds_500 第2轮：40/500批
v6_permuted source=20260912 target=20260922 worlds_500 第2轮：50/500批
v6_permuted source=20260912 target=20260922 worlds_500 第2轮：60/500批
v6_permuted source=20260912 target=20260922 worlds_500 第2轮：70/500批
v6_permuted source=20260912 target=20260922 worlds_500 第2轮：80/500批
v6_permuted source=20260912 target=20260922 worlds_500 第2轮：90/500批
v6_permuted source=20260912 target=20260922 worlds_500 第2轮：100/500批
v6_permuted source=20260912 target=20260922 worlds_500 第2轮：110/500批
v6_permuted source=20260912 target=20260922 worlds_500 第2轮：120/500批
v6_permuted source=20260912 target=20260922 worlds_500 第2轮：130/500批
v6_permuted source=20260912 target=20260922 worlds_500 第2轮：140/500批
v6_permuted source=20260912 target=20260922 worlds_500 第2轮：150/500批
v6_permuted source=20260912 target=20260922 worlds_500 第2轮：160/500批
v6_permuted source=20260912 target=20260922 worlds_500 第2轮：170/500批
v6_permuted source=20260912 target=20260922 worlds_500 第2轮：180/500批
v6_permuted source=20260912 target=20260922 worlds_500 第2轮：190/500批
v6_permuted source=20260912 target=20260922 worlds_500 第2轮：200/500批
v6_permuted source=20260912 target=20260922 worlds_500 第2轮：210/500批
v6_permuted source=20260912 target=20260922 worlds_500 第2轮：220/500批
v6_permuted source=20260912 target=20260922 worlds_500 第2轮：230/500批
v6_permuted source=20260912 target=20260922 worlds_500 第2轮：240/500批
v6_permuted source=20260912 target=20260922 worlds_500 第2轮：250/500批
v6_permuted source=20260912 target=20260922 worlds_500 第2轮：260/500批
v6_permuted source=20260912 target=20260922 worlds_500 第2轮：270/500批
v6_permuted source=20260912 target=20260922 worlds_500 第2轮：280/500批
v6_permuted source=20260912 target=20260922 worlds_500 第2轮：290/500批
v6_permuted source=20260912 target=20260922 worlds_500 第2轮：300/500批
v6_permuted source=20260912 target=20260922 worlds_500 第2轮：310/500批
v6_permuted source=20260912 target=20260922 worlds_500 第2轮：320/500批
v6_permuted source=20260912 target=20260922 worlds_500 第2轮：330/500批
v6_permuted source=20260912 target=20260922 worlds_500 第2轮：340/500批
v6_permuted source=20260912 target=20260922 worlds_500 第2轮：350/500批
v6_permuted source=20260912 target=20260922 worlds_500 第2轮：360/500批
v6_permuted source=20260912 target=20260922 worlds_500 第2轮：370/500批
v6_permuted source=20260912 target=20260922 worlds_500 第2轮：380/500批
v6_permuted source=20260912 target=20260922 worlds_500 第2轮：390/500批
v6_permuted source=20260912 target=20260922 worlds_500 第2轮：400/500批
v6_permuted source=20260912 target=20260922 worlds_500 第2轮：410/500批
v6_permuted source=20260912 target=20260922 worlds_500 第2轮：420/500批
v6_permuted source=20260912 target=20260922 worlds_500 第2轮：430/500批
v6_permuted source=20260912 target=20260922 worlds_500 第2轮：440/500批
v6_permuted source=20260912 target=20260922 worlds_500 第2轮：450/500批
v6_permuted source=20260912 target=20260922 worlds_500 第2轮：460/500批
v6_permuted source=20260912 target=20260922 worlds_500 第2轮：470/500批
v6_permuted source=20260912 target=20260922 worlds_500 第2轮：480/500批
v6_permuted source=20260912 target=20260922 worlds_500 第2轮：490/500批
v6_permuted source=20260912 target=20260922 worlds_500 第2轮：500/500批
中文微调开发推理：50/500世界
中文微调开发推理：100/500世界
中文微调开发推理：150/500世界
中文微调开发推理：200/500世界
中文微调开发推理：250/500世界
中文微调开发推理：300/500世界
中文微调开发推理：350/500世界
中文微调开发推理：400/500世界
中文微调开发推理：450/500世界
中文微调开发推理：500/500世界
重放来源初始化：v6_permuted seed=20260913 epochs=1
Token indices sequence length is longer than the specified maximum sequence length for this model (993 > 256). Running this sequence through the model will result in indexing errors
v6_permuted seed=20260913 来源轮次 1/1：开发AP=0.742641，累计更新=39
开始中文同预算模型：v6_permuted_source_20260913_target_20260923_worlds_001
v6_permuted source=20260913 target=20260923 worlds_001 第1轮：1/1批
v6_permuted source=20260913 target=20260923 worlds_001 第2轮：1/1批
v6_permuted source=20260913 target=20260923 worlds_001 第3轮：1/1批
v6_permuted source=20260913 target=20260923 worlds_001 第4轮：1/1批
v6_permuted source=20260913 target=20260923 worlds_001 第5轮：1/1批
v6_permuted source=20260913 target=20260923 worlds_001 第6轮：1/1批
v6_permuted source=20260913 target=20260923 worlds_001 第7轮：1/1批
v6_permuted source=20260913 target=20260923 worlds_001 第8轮：1/1批
v6_permuted source=20260913 target=20260923 worlds_001 第9轮：1/1批
v6_permuted source=20260913 target=20260923 worlds_001 第10轮：1/1批
v6_permuted source=20260913 target=20260923 worlds_001 第11轮：1/1批
v6_permuted source=20260913 target=20260923 worlds_001 第12轮：1/1批
v6_permuted source=20260913 target=20260923 worlds_001 第13轮：1/1批
v6_permuted source=20260913 target=20260923 worlds_001 第14轮：1/1批
v6_permuted source=20260913 target=20260923 worlds_001 第15轮：1/1批
v6_permuted source=20260913 target=20260923 worlds_001 第16轮：1/1批
v6_permuted source=20260913 target=20260923 worlds_001 第17轮：1/1批
v6_permuted source=20260913 target=20260923 worlds_001 第18轮：1/1批
v6_permuted source=20260913 target=20260923 worlds_001 第19轮：1/1批
v6_permuted source=20260913 target=20260923 worlds_001 第20轮：1/1批
v6_permuted source=20260913 target=20260923 worlds_001 第21轮：1/1批
v6_permuted source=20260913 target=20260923 worlds_001 第22轮：1/1批
v6_permuted source=20260913 target=20260923 worlds_001 第23轮：1/1批
v6_permuted source=20260913 target=20260923 worlds_001 第24轮：1/1批
v6_permuted source=20260913 target=20260923 worlds_001 第25轮：1/1批
v6_permuted source=20260913 target=20260923 worlds_001 第26轮：1/1批
v6_permuted source=20260913 target=20260923 worlds_001 第27轮：1/1批
v6_permuted source=20260913 target=20260923 worlds_001 第28轮：1/1批
v6_permuted source=20260913 target=20260923 worlds_001 第29轮：1/1批
v6_permuted source=20260913 target=20260923 worlds_001 第30轮：1/1批
v6_permuted source=20260913 target=20260923 worlds_001 第31轮：1/1批
v6_permuted source=20260913 target=20260923 worlds_001 第32轮：1/1批
v6_permuted source=20260913 target=20260923 worlds_001 第33轮：1/1批
v6_permuted source=20260913 target=20260923 worlds_001 第34轮：1/1批
v6_permuted source=20260913 target=20260923 worlds_001 第35轮：1/1批
v6_permuted source=20260913 target=20260923 worlds_001 第36轮：1/1批
v6_permuted source=20260913 target=20260923 worlds_001 第37轮：1/1批
v6_permuted source=20260913 target=20260923 worlds_001 第38轮：1/1批
v6_permuted source=20260913 target=20260923 worlds_001 第39轮：1/1批
v6_permuted source=20260913 target=20260923 worlds_001 第40轮：1/1批
v6_permuted source=20260913 target=20260923 worlds_001 第41轮：1/1批
v6_permuted source=20260913 target=20260923 worlds_001 第42轮：1/1批
v6_permuted source=20260913 target=20260923 worlds_001 第43轮：1/1批
v6_permuted source=20260913 target=20260923 worlds_001 第44轮：1/1批
v6_permuted source=20260913 target=20260923 worlds_001 第45轮：1/1批
v6_permuted source=20260913 target=20260923 worlds_001 第46轮：1/1批
v6_permuted source=20260913 target=20260923 worlds_001 第47轮：1/1批
v6_permuted source=20260913 target=20260923 worlds_001 第48轮：1/1批
v6_permuted source=20260913 target=20260923 worlds_001 第49轮：1/1批
v6_permuted source=20260913 target=20260923 worlds_001 第50轮：1/1批
v6_permuted source=20260913 target=20260923 worlds_001 第51轮：1/1批
v6_permuted source=20260913 target=20260923 worlds_001 第52轮：1/1批
v6_permuted source=20260913 target=20260923 worlds_001 第53轮：1/1批
v6_permuted source=20260913 target=20260923 worlds_001 第54轮：1/1批
v6_permuted source=20260913 target=20260923 worlds_001 第55轮：1/1批
v6_permuted source=20260913 target=20260923 worlds_001 第56轮：1/1批
v6_permuted source=20260913 target=20260923 worlds_001 第57轮：1/1批
v6_permuted source=20260913 target=20260923 worlds_001 第58轮：1/1批
v6_permuted source=20260913 target=20260923 worlds_001 第59轮：1/1批
v6_permuted source=20260913 target=20260923 worlds_001 第60轮：1/1批
v6_permuted source=20260913 target=20260923 worlds_001 第61轮：1/1批
v6_permuted source=20260913 target=20260923 worlds_001 第62轮：1/1批
v6_permuted source=20260913 target=20260923 worlds_001 第63轮：1/1批
v6_permuted source=20260913 target=20260923 worlds_001 第64轮：1/1批
v6_permuted source=20260913 target=20260923 worlds_001 第65轮：1/1批
v6_permuted source=20260913 target=20260923 worlds_001 第66轮：1/1批
v6_permuted source=20260913 target=20260923 worlds_001 第67轮：1/1批
v6_permuted source=20260913 target=20260923 worlds_001 第68轮：1/1批
v6_permuted source=20260913 target=20260923 worlds_001 第69轮：1/1批
v6_permuted source=20260913 target=20260923 worlds_001 第70轮：1/1批
v6_permuted source=20260913 target=20260923 worlds_001 第71轮：1/1批
v6_permuted source=20260913 target=20260923 worlds_001 第72轮：1/1批
v6_permuted source=20260913 target=20260923 worlds_001 第73轮：1/1批
v6_permuted source=20260913 target=20260923 worlds_001 第74轮：1/1批
v6_permuted source=20260913 target=20260923 worlds_001 第75轮：1/1批
v6_permuted source=20260913 target=20260923 worlds_001 第76轮：1/1批
v6_permuted source=20260913 target=20260923 worlds_001 第77轮：1/1批
v6_permuted source=20260913 target=20260923 worlds_001 第78轮：1/1批
v6_permuted source=20260913 target=20260923 worlds_001 第79轮：1/1批
v6_permuted source=20260913 target=20260923 worlds_001 第80轮：1/1批
v6_permuted source=20260913 target=20260923 worlds_001 第81轮：1/1批
v6_permuted source=20260913 target=20260923 worlds_001 第82轮：1/1批
v6_permuted source=20260913 target=20260923 worlds_001 第83轮：1/1批
v6_permuted source=20260913 target=20260923 worlds_001 第84轮：1/1批
v6_permuted source=20260913 target=20260923 worlds_001 第85轮：1/1批
v6_permuted source=20260913 target=20260923 worlds_001 第86轮：1/1批
v6_permuted source=20260913 target=20260923 worlds_001 第87轮：1/1批
v6_permuted source=20260913 target=20260923 worlds_001 第88轮：1/1批
v6_permuted source=20260913 target=20260923 worlds_001 第89轮：1/1批
v6_permuted source=20260913 target=20260923 worlds_001 第90轮：1/1批
v6_permuted source=20260913 target=20260923 worlds_001 第91轮：1/1批
v6_permuted source=20260913 target=20260923 worlds_001 第92轮：1/1批
v6_permuted source=20260913 target=20260923 worlds_001 第93轮：1/1批
v6_permuted source=20260913 target=20260923 worlds_001 第94轮：1/1批
v6_permuted source=20260913 target=20260923 worlds_001 第95轮：1/1批
v6_permuted source=20260913 target=20260923 worlds_001 第96轮：1/1批
v6_permuted source=20260913 target=20260923 worlds_001 第97轮：1/1批
v6_permuted source=20260913 target=20260923 worlds_001 第98轮：1/1批
v6_permuted source=20260913 target=20260923 worlds_001 第99轮：1/1批
v6_permuted source=20260913 target=20260923 worlds_001 第100轮：1/1批
v6_permuted source=20260913 target=20260923 worlds_001 第101轮：1/1批
v6_permuted source=20260913 target=20260923 worlds_001 第102轮：1/1批
v6_permuted source=20260913 target=20260923 worlds_001 第103轮：1/1批
v6_permuted source=20260913 target=20260923 worlds_001 第104轮：1/1批
v6_permuted source=20260913 target=20260923 worlds_001 第105轮：1/1批
v6_permuted source=20260913 target=20260923 worlds_001 第106轮：1/1批
v6_permuted source=20260913 target=20260923 worlds_001 第107轮：1/1批
v6_permuted source=20260913 target=20260923 worlds_001 第108轮：1/1批
v6_permuted source=20260913 target=20260923 worlds_001 第109轮：1/1批
v6_permuted source=20260913 target=20260923 worlds_001 第110轮：1/1批
v6_permuted source=20260913 target=20260923 worlds_001 第111轮：1/1批
v6_permuted source=20260913 target=20260923 worlds_001 第112轮：1/1批
v6_permuted source=20260913 target=20260923 worlds_001 第113轮：1/1批
v6_permuted source=20260913 target=20260923 worlds_001 第114轮：1/1批
v6_permuted source=20260913 target=20260923 worlds_001 第115轮：1/1批
v6_permuted source=20260913 target=20260923 worlds_001 第116轮：1/1批
v6_permuted source=20260913 target=20260923 worlds_001 第117轮：1/1批
v6_permuted source=20260913 target=20260923 worlds_001 第118轮：1/1批
v6_permuted source=20260913 target=20260923 worlds_001 第119轮：1/1批
v6_permuted source=20260913 target=20260923 worlds_001 第120轮：1/1批
v6_permuted source=20260913 target=20260923 worlds_001 第121轮：1/1批
v6_permuted source=20260913 target=20260923 worlds_001 第122轮：1/1批
v6_permuted source=20260913 target=20260923 worlds_001 第123轮：1/1批
v6_permuted source=20260913 target=20260923 worlds_001 第124轮：1/1批
v6_permuted source=20260913 target=20260923 worlds_001 第125轮：1/1批
v6_permuted source=20260913 target=20260923 worlds_001 第126轮：1/1批
v6_permuted source=20260913 target=20260923 worlds_001 第127轮：1/1批
v6_permuted source=20260913 target=20260923 worlds_001 第128轮：1/1批
v6_permuted source=20260913 target=20260923 worlds_001 第129轮：1/1批
v6_permuted source=20260913 target=20260923 worlds_001 第130轮：1/1批
v6_permuted source=20260913 target=20260923 worlds_001 第131轮：1/1批
v6_permuted source=20260913 target=20260923 worlds_001 第132轮：1/1批
v6_permuted source=20260913 target=20260923 worlds_001 第133轮：1/1批
v6_permuted source=20260913 target=20260923 worlds_001 第134轮：1/1批
v6_permuted source=20260913 target=20260923 worlds_001 第135轮：1/1批
v6_permuted source=20260913 target=20260923 worlds_001 第136轮：1/1批
v6_permuted source=20260913 target=20260923 worlds_001 第137轮：1/1批
v6_permuted source=20260913 target=20260923 worlds_001 第138轮：1/1批
v6_permuted source=20260913 target=20260923 worlds_001 第139轮：1/1批
v6_permuted source=20260913 target=20260923 worlds_001 第140轮：1/1批
v6_permuted source=20260913 target=20260923 worlds_001 第141轮：1/1批
v6_permuted source=20260913 target=20260923 worlds_001 第142轮：1/1批
v6_permuted source=20260913 target=20260923 worlds_001 第143轮：1/1批
v6_permuted source=20260913 target=20260923 worlds_001 第144轮：1/1批
v6_permuted source=20260913 target=20260923 worlds_001 第145轮：1/1批
v6_permuted source=20260913 target=20260923 worlds_001 第146轮：1/1批
v6_permuted source=20260913 target=20260923 worlds_001 第147轮：1/1批
v6_permuted source=20260913 target=20260923 worlds_001 第148轮：1/1批
v6_permuted source=20260913 target=20260923 worlds_001 第149轮：1/1批
v6_permuted source=20260913 target=20260923 worlds_001 第150轮：1/1批
v6_permuted source=20260913 target=20260923 worlds_001 第151轮：1/1批
v6_permuted source=20260913 target=20260923 worlds_001 第152轮：1/1批
v6_permuted source=20260913 target=20260923 worlds_001 第153轮：1/1批
v6_permuted source=20260913 target=20260923 worlds_001 第154轮：1/1批
v6_permuted source=20260913 target=20260923 worlds_001 第155轮：1/1批
v6_permuted source=20260913 target=20260923 worlds_001 第156轮：1/1批
v6_permuted source=20260913 target=20260923 worlds_001 第157轮：1/1批
v6_permuted source=20260913 target=20260923 worlds_001 第158轮：1/1批
v6_permuted source=20260913 target=20260923 worlds_001 第159轮：1/1批
v6_permuted source=20260913 target=20260923 worlds_001 第160轮：1/1批
v6_permuted source=20260913 target=20260923 worlds_001 第161轮：1/1批
v6_permuted source=20260913 target=20260923 worlds_001 第162轮：1/1批
v6_permuted source=20260913 target=20260923 worlds_001 第163轮：1/1批
v6_permuted source=20260913 target=20260923 worlds_001 第164轮：1/1批
v6_permuted source=20260913 target=20260923 worlds_001 第165轮：1/1批
v6_permuted source=20260913 target=20260923 worlds_001 第166轮：1/1批
v6_permuted source=20260913 target=20260923 worlds_001 第167轮：1/1批
v6_permuted source=20260913 target=20260923 worlds_001 第168轮：1/1批
v6_permuted source=20260913 target=20260923 worlds_001 第169轮：1/1批
v6_permuted source=20260913 target=20260923 worlds_001 第170轮：1/1批
v6_permuted source=20260913 target=20260923 worlds_001 第171轮：1/1批
v6_permuted source=20260913 target=20260923 worlds_001 第172轮：1/1批
v6_permuted source=20260913 target=20260923 worlds_001 第173轮：1/1批
v6_permuted source=20260913 target=20260923 worlds_001 第174轮：1/1批
v6_permuted source=20260913 target=20260923 worlds_001 第175轮：1/1批
v6_permuted source=20260913 target=20260923 worlds_001 第176轮：1/1批
v6_permuted source=20260913 target=20260923 worlds_001 第177轮：1/1批
v6_permuted source=20260913 target=20260923 worlds_001 第178轮：1/1批
v6_permuted source=20260913 target=20260923 worlds_001 第179轮：1/1批
v6_permuted source=20260913 target=20260923 worlds_001 第180轮：1/1批
v6_permuted source=20260913 target=20260923 worlds_001 第181轮：1/1批
v6_permuted source=20260913 target=20260923 worlds_001 第182轮：1/1批
v6_permuted source=20260913 target=20260923 worlds_001 第183轮：1/1批
v6_permuted source=20260913 target=20260923 worlds_001 第184轮：1/1批
v6_permuted source=20260913 target=20260923 worlds_001 第185轮：1/1批
v6_permuted source=20260913 target=20260923 worlds_001 第186轮：1/1批
v6_permuted source=20260913 target=20260923 worlds_001 第187轮：1/1批
v6_permuted source=20260913 target=20260923 worlds_001 第188轮：1/1批
v6_permuted source=20260913 target=20260923 worlds_001 第189轮：1/1批
v6_permuted source=20260913 target=20260923 worlds_001 第190轮：1/1批
v6_permuted source=20260913 target=20260923 worlds_001 第191轮：1/1批
v6_permuted source=20260913 target=20260923 worlds_001 第192轮：1/1批
v6_permuted source=20260913 target=20260923 worlds_001 第193轮：1/1批
v6_permuted source=20260913 target=20260923 worlds_001 第194轮：1/1批
v6_permuted source=20260913 target=20260923 worlds_001 第195轮：1/1批
v6_permuted source=20260913 target=20260923 worlds_001 第196轮：1/1批
v6_permuted source=20260913 target=20260923 worlds_001 第197轮：1/1批
v6_permuted source=20260913 target=20260923 worlds_001 第198轮：1/1批
v6_permuted source=20260913 target=20260923 worlds_001 第199轮：1/1批
v6_permuted source=20260913 target=20260923 worlds_001 第200轮：1/1批
中文微调开发推理：50/500世界
中文微调开发推理：100/500世界
中文微调开发推理：150/500世界
中文微调开发推理：200/500世界
中文微调开发推理：250/500世界
中文微调开发推理：300/500世界
中文微调开发推理：350/500世界
中文微调开发推理：400/500世界
中文微调开发推理：450/500世界
中文微调开发推理：500/500世界
开始中文同预算模型：v6_permuted_source_20260913_target_20260923_worlds_005
v6_permuted source=20260913 target=20260923 worlds_005 第1轮：5/5批
v6_permuted source=20260913 target=20260923 worlds_005 第2轮：5/5批
v6_permuted source=20260913 target=20260923 worlds_005 第3轮：5/5批
v6_permuted source=20260913 target=20260923 worlds_005 第4轮：5/5批
v6_permuted source=20260913 target=20260923 worlds_005 第5轮：5/5批
v6_permuted source=20260913 target=20260923 worlds_005 第6轮：5/5批
v6_permuted source=20260913 target=20260923 worlds_005 第7轮：5/5批
v6_permuted source=20260913 target=20260923 worlds_005 第8轮：5/5批
v6_permuted source=20260913 target=20260923 worlds_005 第9轮：5/5批
v6_permuted source=20260913 target=20260923 worlds_005 第10轮：5/5批
v6_permuted source=20260913 target=20260923 worlds_005 第11轮：5/5批
v6_permuted source=20260913 target=20260923 worlds_005 第12轮：5/5批
v6_permuted source=20260913 target=20260923 worlds_005 第13轮：5/5批
v6_permuted source=20260913 target=20260923 worlds_005 第14轮：5/5批
v6_permuted source=20260913 target=20260923 worlds_005 第15轮：5/5批
v6_permuted source=20260913 target=20260923 worlds_005 第16轮：5/5批
v6_permuted source=20260913 target=20260923 worlds_005 第17轮：5/5批
v6_permuted source=20260913 target=20260923 worlds_005 第18轮：5/5批
v6_permuted source=20260913 target=20260923 worlds_005 第19轮：5/5批
v6_permuted source=20260913 target=20260923 worlds_005 第20轮：5/5批
v6_permuted source=20260913 target=20260923 worlds_005 第21轮：5/5批
v6_permuted source=20260913 target=20260923 worlds_005 第22轮：5/5批
v6_permuted source=20260913 target=20260923 worlds_005 第23轮：5/5批
v6_permuted source=20260913 target=20260923 worlds_005 第24轮：5/5批
v6_permuted source=20260913 target=20260923 worlds_005 第25轮：5/5批
v6_permuted source=20260913 target=20260923 worlds_005 第26轮：5/5批
v6_permuted source=20260913 target=20260923 worlds_005 第27轮：5/5批
v6_permuted source=20260913 target=20260923 worlds_005 第28轮：5/5批
v6_permuted source=20260913 target=20260923 worlds_005 第29轮：5/5批
v6_permuted source=20260913 target=20260923 worlds_005 第30轮：5/5批
v6_permuted source=20260913 target=20260923 worlds_005 第31轮：5/5批
v6_permuted source=20260913 target=20260923 worlds_005 第32轮：5/5批
v6_permuted source=20260913 target=20260923 worlds_005 第33轮：5/5批
v6_permuted source=20260913 target=20260923 worlds_005 第34轮：5/5批
v6_permuted source=20260913 target=20260923 worlds_005 第35轮：5/5批
v6_permuted source=20260913 target=20260923 worlds_005 第36轮：5/5批
v6_permuted source=20260913 target=20260923 worlds_005 第37轮：5/5批
v6_permuted source=20260913 target=20260923 worlds_005 第38轮：5/5批
v6_permuted source=20260913 target=20260923 worlds_005 第39轮：5/5批
v6_permuted source=20260913 target=20260923 worlds_005 第40轮：5/5批
中文微调开发推理：50/500世界
中文微调开发推理：100/500世界
中文微调开发推理：150/500世界
中文微调开发推理：200/500世界
中文微调开发推理：250/500世界
中文微调开发推理：300/500世界
中文微调开发推理：350/500世界
中文微调开发推理：400/500世界
中文微调开发推理：450/500世界
中文微调开发推理：500/500世界
开始中文同预算模型：v6_permuted_source_20260913_target_20260923_worlds_010
v6_permuted source=20260913 target=20260923 worlds_010 第1轮：10/10批
v6_permuted source=20260913 target=20260923 worlds_010 第2轮：10/10批
v6_permuted source=20260913 target=20260923 worlds_010 第3轮：10/10批
v6_permuted source=20260913 target=20260923 worlds_010 第4轮：10/10批
v6_permuted source=20260913 target=20260923 worlds_010 第5轮：10/10批
v6_permuted source=20260913 target=20260923 worlds_010 第6轮：10/10批
v6_permuted source=20260913 target=20260923 worlds_010 第7轮：10/10批
v6_permuted source=20260913 target=20260923 worlds_010 第8轮：10/10批
v6_permuted source=20260913 target=20260923 worlds_010 第9轮：10/10批
v6_permuted source=20260913 target=20260923 worlds_010 第10轮：10/10批
v6_permuted source=20260913 target=20260923 worlds_010 第11轮：10/10批
v6_permuted source=20260913 target=20260923 worlds_010 第12轮：10/10批
v6_permuted source=20260913 target=20260923 worlds_010 第13轮：10/10批
v6_permuted source=20260913 target=20260923 worlds_010 第14轮：10/10批
v6_permuted source=20260913 target=20260923 worlds_010 第15轮：10/10批
v6_permuted source=20260913 target=20260923 worlds_010 第16轮：10/10批
v6_permuted source=20260913 target=20260923 worlds_010 第17轮：10/10批
v6_permuted source=20260913 target=20260923 worlds_010 第18轮：10/10批
v6_permuted source=20260913 target=20260923 worlds_010 第19轮：10/10批
v6_permuted source=20260913 target=20260923 worlds_010 第20轮：10/10批
中文微调开发推理：50/500世界
中文微调开发推理：100/500世界
中文微调开发推理：150/500世界
中文微调开发推理：200/500世界
中文微调开发推理：250/500世界
中文微调开发推理：300/500世界
中文微调开发推理：350/500世界
中文微调开发推理：400/500世界
中文微调开发推理：450/500世界
中文微调开发推理：500/500世界
开始中文同预算模型：v6_permuted_source_20260913_target_20260923_worlds_025
v6_permuted source=20260913 target=20260923 worlds_025 第1轮：10/25批
v6_permuted source=20260913 target=20260923 worlds_025 第1轮：20/25批
v6_permuted source=20260913 target=20260923 worlds_025 第1轮：25/25批
v6_permuted source=20260913 target=20260923 worlds_025 第2轮：10/25批
v6_permuted source=20260913 target=20260923 worlds_025 第2轮：20/25批
v6_permuted source=20260913 target=20260923 worlds_025 第2轮：25/25批
v6_permuted source=20260913 target=20260923 worlds_025 第3轮：10/25批
v6_permuted source=20260913 target=20260923 worlds_025 第3轮：20/25批
v6_permuted source=20260913 target=20260923 worlds_025 第3轮：25/25批
v6_permuted source=20260913 target=20260923 worlds_025 第4轮：10/25批
v6_permuted source=20260913 target=20260923 worlds_025 第4轮：20/25批
v6_permuted source=20260913 target=20260923 worlds_025 第4轮：25/25批
v6_permuted source=20260913 target=20260923 worlds_025 第5轮：10/25批
v6_permuted source=20260913 target=20260923 worlds_025 第5轮：20/25批
v6_permuted source=20260913 target=20260923 worlds_025 第5轮：25/25批
v6_permuted source=20260913 target=20260923 worlds_025 第6轮：10/25批
v6_permuted source=20260913 target=20260923 worlds_025 第6轮：20/25批
v6_permuted source=20260913 target=20260923 worlds_025 第6轮：25/25批
v6_permuted source=20260913 target=20260923 worlds_025 第7轮：10/25批
v6_permuted source=20260913 target=20260923 worlds_025 第7轮：20/25批
v6_permuted source=20260913 target=20260923 worlds_025 第7轮：25/25批
v6_permuted source=20260913 target=20260923 worlds_025 第8轮：10/25批
v6_permuted source=20260913 target=20260923 worlds_025 第8轮：20/25批
v6_permuted source=20260913 target=20260923 worlds_025 第8轮：25/25批
中文微调开发推理：50/500世界
中文微调开发推理：100/500世界
中文微调开发推理：150/500世界
中文微调开发推理：200/500世界
中文微调开发推理：250/500世界
中文微调开发推理：300/500世界
中文微调开发推理：350/500世界
中文微调开发推理：400/500世界
中文微调开发推理：450/500世界
中文微调开发推理：500/500世界
开始中文同预算模型：v6_permuted_source_20260913_target_20260923_worlds_100
v6_permuted source=20260913 target=20260923 worlds_100 第1轮：10/100批
v6_permuted source=20260913 target=20260923 worlds_100 第1轮：20/100批
v6_permuted source=20260913 target=20260923 worlds_100 第1轮：30/100批
v6_permuted source=20260913 target=20260923 worlds_100 第1轮：40/100批
v6_permuted source=20260913 target=20260923 worlds_100 第1轮：50/100批
v6_permuted source=20260913 target=20260923 worlds_100 第1轮：60/100批
v6_permuted source=20260913 target=20260923 worlds_100 第1轮：70/100批
v6_permuted source=20260913 target=20260923 worlds_100 第1轮：80/100批
v6_permuted source=20260913 target=20260923 worlds_100 第1轮：90/100批
v6_permuted source=20260913 target=20260923 worlds_100 第1轮：100/100批
v6_permuted source=20260913 target=20260923 worlds_100 第2轮：10/100批
v6_permuted source=20260913 target=20260923 worlds_100 第2轮：20/100批
v6_permuted source=20260913 target=20260923 worlds_100 第2轮：30/100批
v6_permuted source=20260913 target=20260923 worlds_100 第2轮：40/100批
v6_permuted source=20260913 target=20260923 worlds_100 第2轮：50/100批
v6_permuted source=20260913 target=20260923 worlds_100 第2轮：60/100批
v6_permuted source=20260913 target=20260923 worlds_100 第2轮：70/100批
v6_permuted source=20260913 target=20260923 worlds_100 第2轮：80/100批
v6_permuted source=20260913 target=20260923 worlds_100 第2轮：90/100批
v6_permuted source=20260913 target=20260923 worlds_100 第2轮：100/100批
中文微调开发推理：50/500世界
中文微调开发推理：100/500世界
中文微调开发推理：150/500世界
中文微调开发推理：200/500世界
中文微调开发推理：250/500世界
中文微调开发推理：300/500世界
中文微调开发推理：350/500世界
中文微调开发推理：400/500世界
中文微调开发推理：450/500世界
中文微调开发推理：500/500世界
开始中文同预算模型：v6_permuted_source_20260913_target_20260923_worlds_500
v6_permuted source=20260913 target=20260923 worlds_500 第1轮：10/500批
v6_permuted source=20260913 target=20260923 worlds_500 第1轮：20/500批
v6_permuted source=20260913 target=20260923 worlds_500 第1轮：30/500批
v6_permuted source=20260913 target=20260923 worlds_500 第1轮：40/500批
v6_permuted source=20260913 target=20260923 worlds_500 第1轮：50/500批
v6_permuted source=20260913 target=20260923 worlds_500 第1轮：60/500批
v6_permuted source=20260913 target=20260923 worlds_500 第1轮：70/500批
v6_permuted source=20260913 target=20260923 worlds_500 第1轮：80/500批
v6_permuted source=20260913 target=20260923 worlds_500 第1轮：90/500批
v6_permuted source=20260913 target=20260923 worlds_500 第1轮：100/500批
v6_permuted source=20260913 target=20260923 worlds_500 第1轮：110/500批
v6_permuted source=20260913 target=20260923 worlds_500 第1轮：120/500批
v6_permuted source=20260913 target=20260923 worlds_500 第1轮：130/500批
v6_permuted source=20260913 target=20260923 worlds_500 第1轮：140/500批
v6_permuted source=20260913 target=20260923 worlds_500 第1轮：150/500批
v6_permuted source=20260913 target=20260923 worlds_500 第1轮：160/500批
v6_permuted source=20260913 target=20260923 worlds_500 第1轮：170/500批
v6_permuted source=20260913 target=20260923 worlds_500 第1轮：180/500批
v6_permuted source=20260913 target=20260923 worlds_500 第1轮：190/500批
v6_permuted source=20260913 target=20260923 worlds_500 第1轮：200/500批
v6_permuted source=20260913 target=20260923 worlds_500 第1轮：210/500批
v6_permuted source=20260913 target=20260923 worlds_500 第1轮：220/500批
v6_permuted source=20260913 target=20260923 worlds_500 第1轮：230/500批
v6_permuted source=20260913 target=20260923 worlds_500 第1轮：240/500批
v6_permuted source=20260913 target=20260923 worlds_500 第1轮：250/500批
v6_permuted source=20260913 target=20260923 worlds_500 第1轮：260/500批
v6_permuted source=20260913 target=20260923 worlds_500 第1轮：270/500批
v6_permuted source=20260913 target=20260923 worlds_500 第1轮：280/500批
v6_permuted source=20260913 target=20260923 worlds_500 第1轮：290/500批
v6_permuted source=20260913 target=20260923 worlds_500 第1轮：300/500批
v6_permuted source=20260913 target=20260923 worlds_500 第1轮：310/500批
v6_permuted source=20260913 target=20260923 worlds_500 第1轮：320/500批
v6_permuted source=20260913 target=20260923 worlds_500 第1轮：330/500批
v6_permuted source=20260913 target=20260923 worlds_500 第1轮：340/500批
v6_permuted source=20260913 target=20260923 worlds_500 第1轮：350/500批
v6_permuted source=20260913 target=20260923 worlds_500 第1轮：360/500批
v6_permuted source=20260913 target=20260923 worlds_500 第1轮：370/500批
v6_permuted source=20260913 target=20260923 worlds_500 第1轮：380/500批
v6_permuted source=20260913 target=20260923 worlds_500 第1轮：390/500批
v6_permuted source=20260913 target=20260923 worlds_500 第1轮：400/500批
v6_permuted source=20260913 target=20260923 worlds_500 第1轮：410/500批
v6_permuted source=20260913 target=20260923 worlds_500 第1轮：420/500批
v6_permuted source=20260913 target=20260923 worlds_500 第1轮：430/500批
v6_permuted source=20260913 target=20260923 worlds_500 第1轮：440/500批
v6_permuted source=20260913 target=20260923 worlds_500 第1轮：450/500批
v6_permuted source=20260913 target=20260923 worlds_500 第1轮：460/500批
v6_permuted source=20260913 target=20260923 worlds_500 第1轮：470/500批
v6_permuted source=20260913 target=20260923 worlds_500 第1轮：480/500批
v6_permuted source=20260913 target=20260923 worlds_500 第1轮：490/500批
v6_permuted source=20260913 target=20260923 worlds_500 第1轮：500/500批
v6_permuted source=20260913 target=20260923 worlds_500 第2轮：10/500批
v6_permuted source=20260913 target=20260923 worlds_500 第2轮：20/500批
v6_permuted source=20260913 target=20260923 worlds_500 第2轮：30/500批
v6_permuted source=20260913 target=20260923 worlds_500 第2轮：40/500批
v6_permuted source=20260913 target=20260923 worlds_500 第2轮：50/500批
v6_permuted source=20260913 target=20260923 worlds_500 第2轮：60/500批
v6_permuted source=20260913 target=20260923 worlds_500 第2轮：70/500批
v6_permuted source=20260913 target=20260923 worlds_500 第2轮：80/500批
v6_permuted source=20260913 target=20260923 worlds_500 第2轮：90/500批
v6_permuted source=20260913 target=20260923 worlds_500 第2轮：100/500批
v6_permuted source=20260913 target=20260923 worlds_500 第2轮：110/500批
v6_permuted source=20260913 target=20260923 worlds_500 第2轮：120/500批
v6_permuted source=20260913 target=20260923 worlds_500 第2轮：130/500批
v6_permuted source=20260913 target=20260923 worlds_500 第2轮：140/500批
v6_permuted source=20260913 target=20260923 worlds_500 第2轮：150/500批
v6_permuted source=20260913 target=20260923 worlds_500 第2轮：160/500批
v6_permuted source=20260913 target=20260923 worlds_500 第2轮：170/500批
v6_permuted source=20260913 target=20260923 worlds_500 第2轮：180/500批
v6_permuted source=20260913 target=20260923 worlds_500 第2轮：190/500批
v6_permuted source=20260913 target=20260923 worlds_500 第2轮：200/500批
v6_permuted source=20260913 target=20260923 worlds_500 第2轮：210/500批
v6_permuted source=20260913 target=20260923 worlds_500 第2轮：220/500批
v6_permuted source=20260913 target=20260923 worlds_500 第2轮：230/500批
v6_permuted source=20260913 target=20260923 worlds_500 第2轮：240/500批
v6_permuted source=20260913 target=20260923 worlds_500 第2轮：250/500批
v6_permuted source=20260913 target=20260923 worlds_500 第2轮：260/500批
v6_permuted source=20260913 target=20260923 worlds_500 第2轮：270/500批
v6_permuted source=20260913 target=20260923 worlds_500 第2轮：280/500批
v6_permuted source=20260913 target=20260923 worlds_500 第2轮：290/500批
v6_permuted source=20260913 target=20260923 worlds_500 第2轮：300/500批
v6_permuted source=20260913 target=20260923 worlds_500 第2轮：310/500批
v6_permuted source=20260913 target=20260923 worlds_500 第2轮：320/500批
v6_permuted source=20260913 target=20260923 worlds_500 第2轮：330/500批
v6_permuted source=20260913 target=20260923 worlds_500 第2轮：340/500批
v6_permuted source=20260913 target=20260923 worlds_500 第2轮：350/500批
v6_permuted source=20260913 target=20260923 worlds_500 第2轮：360/500批
v6_permuted source=20260913 target=20260923 worlds_500 第2轮：370/500批
v6_permuted source=20260913 target=20260923 worlds_500 第2轮：380/500批
v6_permuted source=20260913 target=20260923 worlds_500 第2轮：390/500批
v6_permuted source=20260913 target=20260923 worlds_500 第2轮：400/500批
v6_permuted source=20260913 target=20260923 worlds_500 第2轮：410/500批
v6_permuted source=20260913 target=20260923 worlds_500 第2轮：420/500批
v6_permuted source=20260913 target=20260923 worlds_500 第2轮：430/500批
v6_permuted source=20260913 target=20260923 worlds_500 第2轮：440/500批
v6_permuted source=20260913 target=20260923 worlds_500 第2轮：450/500批
v6_permuted source=20260913 target=20260923 worlds_500 第2轮：460/500批
v6_permuted source=20260913 target=20260923 worlds_500 第2轮：470/500批
v6_permuted source=20260913 target=20260923 worlds_500 第2轮：480/500批
v6_permuted source=20260913 target=20260923 worlds_500 第2轮：490/500批
v6_permuted source=20260913 target=20260923 worlds_500 第2轮：500/500批
中文微调开发推理：50/500世界
中文微调开发推理：100/500世界
中文微调开发推理：150/500世界
中文微调开发推理：200/500世界
中文微调开发推理：250/500世界
中文微调开发推理：300/500世界
中文微调开发推理：350/500世界
中文微调开发推理：400/500世界
中文微调开发推理：450/500世界
中文微调开发推理：500/500世界
重放来源初始化：v6_order_format_mass_ablated seed=20260911 epochs=1
v6_order_format_mass_ablated seed=20260911 来源轮次 1/1：开发AP=0.714816，累计更新=39
开始中文同预算模型：v6_order_format_mass_ablated_source_20260911_target_20260921_worlds_001
v6_order_format_mass_ablated source=20260911 target=20260921 worlds_001 第1轮：1/1批
v6_order_format_mass_ablated source=20260911 target=20260921 worlds_001 第2轮：1/1批
v6_order_format_mass_ablated source=20260911 target=20260921 worlds_001 第3轮：1/1批
v6_order_format_mass_ablated source=20260911 target=20260921 worlds_001 第4轮：1/1批
v6_order_format_mass_ablated source=20260911 target=20260921 worlds_001 第5轮：1/1批
v6_order_format_mass_ablated source=20260911 target=20260921 worlds_001 第6轮：1/1批
v6_order_format_mass_ablated source=20260911 target=20260921 worlds_001 第7轮：1/1批
v6_order_format_mass_ablated source=20260911 target=20260921 worlds_001 第8轮：1/1批
v6_order_format_mass_ablated source=20260911 target=20260921 worlds_001 第9轮：1/1批
v6_order_format_mass_ablated source=20260911 target=20260921 worlds_001 第10轮：1/1批
v6_order_format_mass_ablated source=20260911 target=20260921 worlds_001 第11轮：1/1批
v6_order_format_mass_ablated source=20260911 target=20260921 worlds_001 第12轮：1/1批
v6_order_format_mass_ablated source=20260911 target=20260921 worlds_001 第13轮：1/1批
v6_order_format_mass_ablated source=20260911 target=20260921 worlds_001 第14轮：1/1批
v6_order_format_mass_ablated source=20260911 target=20260921 worlds_001 第15轮：1/1批
v6_order_format_mass_ablated source=20260911 target=20260921 worlds_001 第16轮：1/1批
v6_order_format_mass_ablated source=20260911 target=20260921 worlds_001 第17轮：1/1批
v6_order_format_mass_ablated source=20260911 target=20260921 worlds_001 第18轮：1/1批
v6_order_format_mass_ablated source=20260911 target=20260921 worlds_001 第19轮：1/1批
v6_order_format_mass_ablated source=20260911 target=20260921 worlds_001 第20轮：1/1批
v6_order_format_mass_ablated source=20260911 target=20260921 worlds_001 第21轮：1/1批
v6_order_format_mass_ablated source=20260911 target=20260921 worlds_001 第22轮：1/1批
v6_order_format_mass_ablated source=20260911 target=20260921 worlds_001 第23轮：1/1批
v6_order_format_mass_ablated source=20260911 target=20260921 worlds_001 第24轮：1/1批
v6_order_format_mass_ablated source=20260911 target=20260921 worlds_001 第25轮：1/1批
v6_order_format_mass_ablated source=20260911 target=20260921 worlds_001 第26轮：1/1批
v6_order_format_mass_ablated source=20260911 target=20260921 worlds_001 第27轮：1/1批
v6_order_format_mass_ablated source=20260911 target=20260921 worlds_001 第28轮：1/1批
v6_order_format_mass_ablated source=20260911 target=20260921 worlds_001 第29轮：1/1批
v6_order_format_mass_ablated source=20260911 target=20260921 worlds_001 第30轮：1/1批
v6_order_format_mass_ablated source=20260911 target=20260921 worlds_001 第31轮：1/1批
v6_order_format_mass_ablated source=20260911 target=20260921 worlds_001 第32轮：1/1批
v6_order_format_mass_ablated source=20260911 target=20260921 worlds_001 第33轮：1/1批
v6_order_format_mass_ablated source=20260911 target=20260921 worlds_001 第34轮：1/1批
v6_order_format_mass_ablated source=20260911 target=20260921 worlds_001 第35轮：1/1批
v6_order_format_mass_ablated source=20260911 target=20260921 worlds_001 第36轮：1/1批
v6_order_format_mass_ablated source=20260911 target=20260921 worlds_001 第37轮：1/1批
v6_order_format_mass_ablated source=20260911 target=20260921 worlds_001 第38轮：1/1批
v6_order_format_mass_ablated source=20260911 target=20260921 worlds_001 第39轮：1/1批
v6_order_format_mass_ablated source=20260911 target=20260921 worlds_001 第40轮：1/1批
v6_order_format_mass_ablated source=20260911 target=20260921 worlds_001 第41轮：1/1批
v6_order_format_mass_ablated source=20260911 target=20260921 worlds_001 第42轮：1/1批
v6_order_format_mass_ablated source=20260911 target=20260921 worlds_001 第43轮：1/1批
v6_order_format_mass_ablated source=20260911 target=20260921 worlds_001 第44轮：1/1批
v6_order_format_mass_ablated source=20260911 target=20260921 worlds_001 第45轮：1/1批
v6_order_format_mass_ablated source=20260911 target=20260921 worlds_001 第46轮：1/1批
v6_order_format_mass_ablated source=20260911 target=20260921 worlds_001 第47轮：1/1批
v6_order_format_mass_ablated source=20260911 target=20260921 worlds_001 第48轮：1/1批
v6_order_format_mass_ablated source=20260911 target=20260921 worlds_001 第49轮：1/1批
v6_order_format_mass_ablated source=20260911 target=20260921 worlds_001 第50轮：1/1批
v6_order_format_mass_ablated source=20260911 target=20260921 worlds_001 第51轮：1/1批
v6_order_format_mass_ablated source=20260911 target=20260921 worlds_001 第52轮：1/1批
v6_order_format_mass_ablated source=20260911 target=20260921 worlds_001 第53轮：1/1批
v6_order_format_mass_ablated source=20260911 target=20260921 worlds_001 第54轮：1/1批
v6_order_format_mass_ablated source=20260911 target=20260921 worlds_001 第55轮：1/1批
v6_order_format_mass_ablated source=20260911 target=20260921 worlds_001 第56轮：1/1批
v6_order_format_mass_ablated source=20260911 target=20260921 worlds_001 第57轮：1/1批
v6_order_format_mass_ablated source=20260911 target=20260921 worlds_001 第58轮：1/1批
v6_order_format_mass_ablated source=20260911 target=20260921 worlds_001 第59轮：1/1批
v6_order_format_mass_ablated source=20260911 target=20260921 worlds_001 第60轮：1/1批
v6_order_format_mass_ablated source=20260911 target=20260921 worlds_001 第61轮：1/1批
v6_order_format_mass_ablated source=20260911 target=20260921 worlds_001 第62轮：1/1批
v6_order_format_mass_ablated source=20260911 target=20260921 worlds_001 第63轮：1/1批
v6_order_format_mass_ablated source=20260911 target=20260921 worlds_001 第64轮：1/1批
v6_order_format_mass_ablated source=20260911 target=20260921 worlds_001 第65轮：1/1批
v6_order_format_mass_ablated source=20260911 target=20260921 worlds_001 第66轮：1/1批
v6_order_format_mass_ablated source=20260911 target=20260921 worlds_001 第67轮：1/1批
v6_order_format_mass_ablated source=20260911 target=20260921 worlds_001 第68轮：1/1批
v6_order_format_mass_ablated source=20260911 target=20260921 worlds_001 第69轮：1/1批
v6_order_format_mass_ablated source=20260911 target=20260921 worlds_001 第70轮：1/1批
v6_order_format_mass_ablated source=20260911 target=20260921 worlds_001 第71轮：1/1批
v6_order_format_mass_ablated source=20260911 target=20260921 worlds_001 第72轮：1/1批
v6_order_format_mass_ablated source=20260911 target=20260921 worlds_001 第73轮：1/1批
v6_order_format_mass_ablated source=20260911 target=20260921 worlds_001 第74轮：1/1批
v6_order_format_mass_ablated source=20260911 target=20260921 worlds_001 第75轮：1/1批
v6_order_format_mass_ablated source=20260911 target=20260921 worlds_001 第76轮：1/1批
v6_order_format_mass_ablated source=20260911 target=20260921 worlds_001 第77轮：1/1批
v6_order_format_mass_ablated source=20260911 target=20260921 worlds_001 第78轮：1/1批
v6_order_format_mass_ablated source=20260911 target=20260921 worlds_001 第79轮：1/1批
v6_order_format_mass_ablated source=20260911 target=20260921 worlds_001 第80轮：1/1批
v6_order_format_mass_ablated source=20260911 target=20260921 worlds_001 第81轮：1/1批
v6_order_format_mass_ablated source=20260911 target=20260921 worlds_001 第82轮：1/1批
v6_order_format_mass_ablated source=20260911 target=20260921 worlds_001 第83轮：1/1批
v6_order_format_mass_ablated source=20260911 target=20260921 worlds_001 第84轮：1/1批
v6_order_format_mass_ablated source=20260911 target=20260921 worlds_001 第85轮：1/1批
v6_order_format_mass_ablated source=20260911 target=20260921 worlds_001 第86轮：1/1批
v6_order_format_mass_ablated source=20260911 target=20260921 worlds_001 第87轮：1/1批
v6_order_format_mass_ablated source=20260911 target=20260921 worlds_001 第88轮：1/1批
v6_order_format_mass_ablated source=20260911 target=20260921 worlds_001 第89轮：1/1批
v6_order_format_mass_ablated source=20260911 target=20260921 worlds_001 第90轮：1/1批
v6_order_format_mass_ablated source=20260911 target=20260921 worlds_001 第91轮：1/1批
v6_order_format_mass_ablated source=20260911 target=20260921 worlds_001 第92轮：1/1批
v6_order_format_mass_ablated source=20260911 target=20260921 worlds_001 第93轮：1/1批
v6_order_format_mass_ablated source=20260911 target=20260921 worlds_001 第94轮：1/1批
v6_order_format_mass_ablated source=20260911 target=20260921 worlds_001 第95轮：1/1批
v6_order_format_mass_ablated source=20260911 target=20260921 worlds_001 第96轮：1/1批
v6_order_format_mass_ablated source=20260911 target=20260921 worlds_001 第97轮：1/1批
v6_order_format_mass_ablated source=20260911 target=20260921 worlds_001 第98轮：1/1批
v6_order_format_mass_ablated source=20260911 target=20260921 worlds_001 第99轮：1/1批
v6_order_format_mass_ablated source=20260911 target=20260921 worlds_001 第100轮：1/1批
v6_order_format_mass_ablated source=20260911 target=20260921 worlds_001 第101轮：1/1批
v6_order_format_mass_ablated source=20260911 target=20260921 worlds_001 第102轮：1/1批
v6_order_format_mass_ablated source=20260911 target=20260921 worlds_001 第103轮：1/1批
v6_order_format_mass_ablated source=20260911 target=20260921 worlds_001 第104轮：1/1批
v6_order_format_mass_ablated source=20260911 target=20260921 worlds_001 第105轮：1/1批
v6_order_format_mass_ablated source=20260911 target=20260921 worlds_001 第106轮：1/1批
v6_order_format_mass_ablated source=20260911 target=20260921 worlds_001 第107轮：1/1批
v6_order_format_mass_ablated source=20260911 target=20260921 worlds_001 第108轮：1/1批
v6_order_format_mass_ablated source=20260911 target=20260921 worlds_001 第109轮：1/1批
v6_order_format_mass_ablated source=20260911 target=20260921 worlds_001 第110轮：1/1批
v6_order_format_mass_ablated source=20260911 target=20260921 worlds_001 第111轮：1/1批
v6_order_format_mass_ablated source=20260911 target=20260921 worlds_001 第112轮：1/1批
v6_order_format_mass_ablated source=20260911 target=20260921 worlds_001 第113轮：1/1批
v6_order_format_mass_ablated source=20260911 target=20260921 worlds_001 第114轮：1/1批
v6_order_format_mass_ablated source=20260911 target=20260921 worlds_001 第115轮：1/1批
v6_order_format_mass_ablated source=20260911 target=20260921 worlds_001 第116轮：1/1批
v6_order_format_mass_ablated source=20260911 target=20260921 worlds_001 第117轮：1/1批
v6_order_format_mass_ablated source=20260911 target=20260921 worlds_001 第118轮：1/1批
v6_order_format_mass_ablated source=20260911 target=20260921 worlds_001 第119轮：1/1批
v6_order_format_mass_ablated source=20260911 target=20260921 worlds_001 第120轮：1/1批
v6_order_format_mass_ablated source=20260911 target=20260921 worlds_001 第121轮：1/1批
v6_order_format_mass_ablated source=20260911 target=20260921 worlds_001 第122轮：1/1批
v6_order_format_mass_ablated source=20260911 target=20260921 worlds_001 第123轮：1/1批
v6_order_format_mass_ablated source=20260911 target=20260921 worlds_001 第124轮：1/1批
v6_order_format_mass_ablated source=20260911 target=20260921 worlds_001 第125轮：1/1批
v6_order_format_mass_ablated source=20260911 target=20260921 worlds_001 第126轮：1/1批
v6_order_format_mass_ablated source=20260911 target=20260921 worlds_001 第127轮：1/1批
v6_order_format_mass_ablated source=20260911 target=20260921 worlds_001 第128轮：1/1批
v6_order_format_mass_ablated source=20260911 target=20260921 worlds_001 第129轮：1/1批
v6_order_format_mass_ablated source=20260911 target=20260921 worlds_001 第130轮：1/1批
v6_order_format_mass_ablated source=20260911 target=20260921 worlds_001 第131轮：1/1批
v6_order_format_mass_ablated source=20260911 target=20260921 worlds_001 第132轮：1/1批
v6_order_format_mass_ablated source=20260911 target=20260921 worlds_001 第133轮：1/1批
v6_order_format_mass_ablated source=20260911 target=20260921 worlds_001 第134轮：1/1批
v6_order_format_mass_ablated source=20260911 target=20260921 worlds_001 第135轮：1/1批
v6_order_format_mass_ablated source=20260911 target=20260921 worlds_001 第136轮：1/1批
v6_order_format_mass_ablated source=20260911 target=20260921 worlds_001 第137轮：1/1批
v6_order_format_mass_ablated source=20260911 target=20260921 worlds_001 第138轮：1/1批
v6_order_format_mass_ablated source=20260911 target=20260921 worlds_001 第139轮：1/1批
v6_order_format_mass_ablated source=20260911 target=20260921 worlds_001 第140轮：1/1批
v6_order_format_mass_ablated source=20260911 target=20260921 worlds_001 第141轮：1/1批
v6_order_format_mass_ablated source=20260911 target=20260921 worlds_001 第142轮：1/1批
v6_order_format_mass_ablated source=20260911 target=20260921 worlds_001 第143轮：1/1批
v6_order_format_mass_ablated source=20260911 target=20260921 worlds_001 第144轮：1/1批
v6_order_format_mass_ablated source=20260911 target=20260921 worlds_001 第145轮：1/1批
v6_order_format_mass_ablated source=20260911 target=20260921 worlds_001 第146轮：1/1批
v6_order_format_mass_ablated source=20260911 target=20260921 worlds_001 第147轮：1/1批
v6_order_format_mass_ablated source=20260911 target=20260921 worlds_001 第148轮：1/1批
v6_order_format_mass_ablated source=20260911 target=20260921 worlds_001 第149轮：1/1批
v6_order_format_mass_ablated source=20260911 target=20260921 worlds_001 第150轮：1/1批
v6_order_format_mass_ablated source=20260911 target=20260921 worlds_001 第151轮：1/1批
v6_order_format_mass_ablated source=20260911 target=20260921 worlds_001 第152轮：1/1批
v6_order_format_mass_ablated source=20260911 target=20260921 worlds_001 第153轮：1/1批
v6_order_format_mass_ablated source=20260911 target=20260921 worlds_001 第154轮：1/1批
v6_order_format_mass_ablated source=20260911 target=20260921 worlds_001 第155轮：1/1批
v6_order_format_mass_ablated source=20260911 target=20260921 worlds_001 第156轮：1/1批
v6_order_format_mass_ablated source=20260911 target=20260921 worlds_001 第157轮：1/1批
v6_order_format_mass_ablated source=20260911 target=20260921 worlds_001 第158轮：1/1批
v6_order_format_mass_ablated source=20260911 target=20260921 worlds_001 第159轮：1/1批
v6_order_format_mass_ablated source=20260911 target=20260921 worlds_001 第160轮：1/1批
v6_order_format_mass_ablated source=20260911 target=20260921 worlds_001 第161轮：1/1批
v6_order_format_mass_ablated source=20260911 target=20260921 worlds_001 第162轮：1/1批
v6_order_format_mass_ablated source=20260911 target=20260921 worlds_001 第163轮：1/1批
v6_order_format_mass_ablated source=20260911 target=20260921 worlds_001 第164轮：1/1批
v6_order_format_mass_ablated source=20260911 target=20260921 worlds_001 第165轮：1/1批
v6_order_format_mass_ablated source=20260911 target=20260921 worlds_001 第166轮：1/1批
v6_order_format_mass_ablated source=20260911 target=20260921 worlds_001 第167轮：1/1批
v6_order_format_mass_ablated source=20260911 target=20260921 worlds_001 第168轮：1/1批
v6_order_format_mass_ablated source=20260911 target=20260921 worlds_001 第169轮：1/1批
v6_order_format_mass_ablated source=20260911 target=20260921 worlds_001 第170轮：1/1批
v6_order_format_mass_ablated source=20260911 target=20260921 worlds_001 第171轮：1/1批
v6_order_format_mass_ablated source=20260911 target=20260921 worlds_001 第172轮：1/1批
v6_order_format_mass_ablated source=20260911 target=20260921 worlds_001 第173轮：1/1批
v6_order_format_mass_ablated source=20260911 target=20260921 worlds_001 第174轮：1/1批
v6_order_format_mass_ablated source=20260911 target=20260921 worlds_001 第175轮：1/1批
v6_order_format_mass_ablated source=20260911 target=20260921 worlds_001 第176轮：1/1批
v6_order_format_mass_ablated source=20260911 target=20260921 worlds_001 第177轮：1/1批
v6_order_format_mass_ablated source=20260911 target=20260921 worlds_001 第178轮：1/1批
v6_order_format_mass_ablated source=20260911 target=20260921 worlds_001 第179轮：1/1批
v6_order_format_mass_ablated source=20260911 target=20260921 worlds_001 第180轮：1/1批
v6_order_format_mass_ablated source=20260911 target=20260921 worlds_001 第181轮：1/1批
v6_order_format_mass_ablated source=20260911 target=20260921 worlds_001 第182轮：1/1批
v6_order_format_mass_ablated source=20260911 target=20260921 worlds_001 第183轮：1/1批
v6_order_format_mass_ablated source=20260911 target=20260921 worlds_001 第184轮：1/1批
v6_order_format_mass_ablated source=20260911 target=20260921 worlds_001 第185轮：1/1批
v6_order_format_mass_ablated source=20260911 target=20260921 worlds_001 第186轮：1/1批
v6_order_format_mass_ablated source=20260911 target=20260921 worlds_001 第187轮：1/1批
v6_order_format_mass_ablated source=20260911 target=20260921 worlds_001 第188轮：1/1批
v6_order_format_mass_ablated source=20260911 target=20260921 worlds_001 第189轮：1/1批
v6_order_format_mass_ablated source=20260911 target=20260921 worlds_001 第190轮：1/1批
v6_order_format_mass_ablated source=20260911 target=20260921 worlds_001 第191轮：1/1批
v6_order_format_mass_ablated source=20260911 target=20260921 worlds_001 第192轮：1/1批
v6_order_format_mass_ablated source=20260911 target=20260921 worlds_001 第193轮：1/1批
v6_order_format_mass_ablated source=20260911 target=20260921 worlds_001 第194轮：1/1批
v6_order_format_mass_ablated source=20260911 target=20260921 worlds_001 第195轮：1/1批
v6_order_format_mass_ablated source=20260911 target=20260921 worlds_001 第196轮：1/1批
v6_order_format_mass_ablated source=20260911 target=20260921 worlds_001 第197轮：1/1批
v6_order_format_mass_ablated source=20260911 target=20260921 worlds_001 第198轮：1/1批
v6_order_format_mass_ablated source=20260911 target=20260921 worlds_001 第199轮：1/1批
v6_order_format_mass_ablated source=20260911 target=20260921 worlds_001 第200轮：1/1批
中文微调开发推理：50/500世界
中文微调开发推理：100/500世界
中文微调开发推理：150/500世界
中文微调开发推理：200/500世界
中文微调开发推理：250/500世界
中文微调开发推理：300/500世界
中文微调开发推理：350/500世界
中文微调开发推理：400/500世界
中文微调开发推理：450/500世界
中文微调开发推理：500/500世界
开始中文同预算模型：v6_order_format_mass_ablated_source_20260911_target_20260921_worlds_005
v6_order_format_mass_ablated source=20260911 target=20260921 worlds_005 第1轮：5/5批
v6_order_format_mass_ablated source=20260911 target=20260921 worlds_005 第2轮：5/5批
v6_order_format_mass_ablated source=20260911 target=20260921 worlds_005 第3轮：5/5批
v6_order_format_mass_ablated source=20260911 target=20260921 worlds_005 第4轮：5/5批
v6_order_format_mass_ablated source=20260911 target=20260921 worlds_005 第5轮：5/5批
v6_order_format_mass_ablated source=20260911 target=20260921 worlds_005 第6轮：5/5批
v6_order_format_mass_ablated source=20260911 target=20260921 worlds_005 第7轮：5/5批
v6_order_format_mass_ablated source=20260911 target=20260921 worlds_005 第8轮：5/5批
v6_order_format_mass_ablated source=20260911 target=20260921 worlds_005 第9轮：5/5批
v6_order_format_mass_ablated source=20260911 target=20260921 worlds_005 第10轮：5/5批
v6_order_format_mass_ablated source=20260911 target=20260921 worlds_005 第11轮：5/5批
v6_order_format_mass_ablated source=20260911 target=20260921 worlds_005 第12轮：5/5批
v6_order_format_mass_ablated source=20260911 target=20260921 worlds_005 第13轮：5/5批
v6_order_format_mass_ablated source=20260911 target=20260921 worlds_005 第14轮：5/5批
v6_order_format_mass_ablated source=20260911 target=20260921 worlds_005 第15轮：5/5批
v6_order_format_mass_ablated source=20260911 target=20260921 worlds_005 第16轮：5/5批
v6_order_format_mass_ablated source=20260911 target=20260921 worlds_005 第17轮：5/5批
v6_order_format_mass_ablated source=20260911 target=20260921 worlds_005 第18轮：5/5批
v6_order_format_mass_ablated source=20260911 target=20260921 worlds_005 第19轮：5/5批
v6_order_format_mass_ablated source=20260911 target=20260921 worlds_005 第20轮：5/5批
v6_order_format_mass_ablated source=20260911 target=20260921 worlds_005 第21轮：5/5批
v6_order_format_mass_ablated source=20260911 target=20260921 worlds_005 第22轮：5/5批
v6_order_format_mass_ablated source=20260911 target=20260921 worlds_005 第23轮：5/5批
v6_order_format_mass_ablated source=20260911 target=20260921 worlds_005 第24轮：5/5批
v6_order_format_mass_ablated source=20260911 target=20260921 worlds_005 第25轮：5/5批
v6_order_format_mass_ablated source=20260911 target=20260921 worlds_005 第26轮：5/5批
v6_order_format_mass_ablated source=20260911 target=20260921 worlds_005 第27轮：5/5批
v6_order_format_mass_ablated source=20260911 target=20260921 worlds_005 第28轮：5/5批
v6_order_format_mass_ablated source=20260911 target=20260921 worlds_005 第29轮：5/5批
v6_order_format_mass_ablated source=20260911 target=20260921 worlds_005 第30轮：5/5批
v6_order_format_mass_ablated source=20260911 target=20260921 worlds_005 第31轮：5/5批
v6_order_format_mass_ablated source=20260911 target=20260921 worlds_005 第32轮：5/5批
v6_order_format_mass_ablated source=20260911 target=20260921 worlds_005 第33轮：5/5批
v6_order_format_mass_ablated source=20260911 target=20260921 worlds_005 第34轮：5/5批
v6_order_format_mass_ablated source=20260911 target=20260921 worlds_005 第35轮：5/5批
v6_order_format_mass_ablated source=20260911 target=20260921 worlds_005 第36轮：5/5批
v6_order_format_mass_ablated source=20260911 target=20260921 worlds_005 第37轮：5/5批
v6_order_format_mass_ablated source=20260911 target=20260921 worlds_005 第38轮：5/5批
v6_order_format_mass_ablated source=20260911 target=20260921 worlds_005 第39轮：5/5批
v6_order_format_mass_ablated source=20260911 target=20260921 worlds_005 第40轮：5/5批
中文微调开发推理：50/500世界
中文微调开发推理：100/500世界
中文微调开发推理：150/500世界
中文微调开发推理：200/500世界
中文微调开发推理：250/500世界
中文微调开发推理：300/500世界
中文微调开发推理：350/500世界
中文微调开发推理：400/500世界
中文微调开发推理：450/500世界
中文微调开发推理：500/500世界
开始中文同预算模型：v6_order_format_mass_ablated_source_20260911_target_20260921_worlds_010
v6_order_format_mass_ablated source=20260911 target=20260921 worlds_010 第1轮：10/10批
v6_order_format_mass_ablated source=20260911 target=20260921 worlds_010 第2轮：10/10批
v6_order_format_mass_ablated source=20260911 target=20260921 worlds_010 第3轮：10/10批
v6_order_format_mass_ablated source=20260911 target=20260921 worlds_010 第4轮：10/10批
v6_order_format_mass_ablated source=20260911 target=20260921 worlds_010 第5轮：10/10批
v6_order_format_mass_ablated source=20260911 target=20260921 worlds_010 第6轮：10/10批
v6_order_format_mass_ablated source=20260911 target=20260921 worlds_010 第7轮：10/10批
v6_order_format_mass_ablated source=20260911 target=20260921 worlds_010 第8轮：10/10批
v6_order_format_mass_ablated source=20260911 target=20260921 worlds_010 第9轮：10/10批
v6_order_format_mass_ablated source=20260911 target=20260921 worlds_010 第10轮：10/10批
v6_order_format_mass_ablated source=20260911 target=20260921 worlds_010 第11轮：10/10批
v6_order_format_mass_ablated source=20260911 target=20260921 worlds_010 第12轮：10/10批
v6_order_format_mass_ablated source=20260911 target=20260921 worlds_010 第13轮：10/10批
v6_order_format_mass_ablated source=20260911 target=20260921 worlds_010 第14轮：10/10批
v6_order_format_mass_ablated source=20260911 target=20260921 worlds_010 第15轮：10/10批
v6_order_format_mass_ablated source=20260911 target=20260921 worlds_010 第16轮：10/10批
v6_order_format_mass_ablated source=20260911 target=20260921 worlds_010 第17轮：10/10批
v6_order_format_mass_ablated source=20260911 target=20260921 worlds_010 第18轮：10/10批
v6_order_format_mass_ablated source=20260911 target=20260921 worlds_010 第19轮：10/10批
v6_order_format_mass_ablated source=20260911 target=20260921 worlds_010 第20轮：10/10批
中文微调开发推理：50/500世界
中文微调开发推理：100/500世界
中文微调开发推理：150/500世界
中文微调开发推理：200/500世界
中文微调开发推理：250/500世界
中文微调开发推理：300/500世界
中文微调开发推理：350/500世界
中文微调开发推理：400/500世界
中文微调开发推理：450/500世界
中文微调开发推理：500/500世界
开始中文同预算模型：v6_order_format_mass_ablated_source_20260911_target_20260921_worlds_025
v6_order_format_mass_ablated source=20260911 target=20260921 worlds_025 第1轮：10/25批
v6_order_format_mass_ablated source=20260911 target=20260921 worlds_025 第1轮：20/25批
v6_order_format_mass_ablated source=20260911 target=20260921 worlds_025 第1轮：25/25批
v6_order_format_mass_ablated source=20260911 target=20260921 worlds_025 第2轮：10/25批
v6_order_format_mass_ablated source=20260911 target=20260921 worlds_025 第2轮：20/25批
v6_order_format_mass_ablated source=20260911 target=20260921 worlds_025 第2轮：25/25批
v6_order_format_mass_ablated source=20260911 target=20260921 worlds_025 第3轮：10/25批
v6_order_format_mass_ablated source=20260911 target=20260921 worlds_025 第3轮：20/25批
v6_order_format_mass_ablated source=20260911 target=20260921 worlds_025 第3轮：25/25批
v6_order_format_mass_ablated source=20260911 target=20260921 worlds_025 第4轮：10/25批
v6_order_format_mass_ablated source=20260911 target=20260921 worlds_025 第4轮：20/25批
v6_order_format_mass_ablated source=20260911 target=20260921 worlds_025 第4轮：25/25批
v6_order_format_mass_ablated source=20260911 target=20260921 worlds_025 第5轮：10/25批
v6_order_format_mass_ablated source=20260911 target=20260921 worlds_025 第5轮：20/25批
v6_order_format_mass_ablated source=20260911 target=20260921 worlds_025 第5轮：25/25批
v6_order_format_mass_ablated source=20260911 target=20260921 worlds_025 第6轮：10/25批
v6_order_format_mass_ablated source=20260911 target=20260921 worlds_025 第6轮：20/25批
v6_order_format_mass_ablated source=20260911 target=20260921 worlds_025 第6轮：25/25批
v6_order_format_mass_ablated source=20260911 target=20260921 worlds_025 第7轮：10/25批
v6_order_format_mass_ablated source=20260911 target=20260921 worlds_025 第7轮：20/25批
v6_order_format_mass_ablated source=20260911 target=20260921 worlds_025 第7轮：25/25批
v6_order_format_mass_ablated source=20260911 target=20260921 worlds_025 第8轮：10/25批
v6_order_format_mass_ablated source=20260911 target=20260921 worlds_025 第8轮：20/25批
v6_order_format_mass_ablated source=20260911 target=20260921 worlds_025 第8轮：25/25批
中文微调开发推理：50/500世界
中文微调开发推理：100/500世界
中文微调开发推理：150/500世界
中文微调开发推理：200/500世界
中文微调开发推理：250/500世界
中文微调开发推理：300/500世界
中文微调开发推理：350/500世界
中文微调开发推理：400/500世界
中文微调开发推理：450/500世界
中文微调开发推理：500/500世界
开始中文同预算模型：v6_order_format_mass_ablated_source_20260911_target_20260921_worlds_100
v6_order_format_mass_ablated source=20260911 target=20260921 worlds_100 第1轮：10/100批
v6_order_format_mass_ablated source=20260911 target=20260921 worlds_100 第1轮：20/100批
v6_order_format_mass_ablated source=20260911 target=20260921 worlds_100 第1轮：30/100批
v6_order_format_mass_ablated source=20260911 target=20260921 worlds_100 第1轮：40/100批
v6_order_format_mass_ablated source=20260911 target=20260921 worlds_100 第1轮：50/100批
v6_order_format_mass_ablated source=20260911 target=20260921 worlds_100 第1轮：60/100批
v6_order_format_mass_ablated source=20260911 target=20260921 worlds_100 第1轮：70/100批
v6_order_format_mass_ablated source=20260911 target=20260921 worlds_100 第1轮：80/100批
v6_order_format_mass_ablated source=20260911 target=20260921 worlds_100 第1轮：90/100批
v6_order_format_mass_ablated source=20260911 target=20260921 worlds_100 第1轮：100/100批
v6_order_format_mass_ablated source=20260911 target=20260921 worlds_100 第2轮：10/100批
v6_order_format_mass_ablated source=20260911 target=20260921 worlds_100 第2轮：20/100批
v6_order_format_mass_ablated source=20260911 target=20260921 worlds_100 第2轮：30/100批
v6_order_format_mass_ablated source=20260911 target=20260921 worlds_100 第2轮：40/100批
v6_order_format_mass_ablated source=20260911 target=20260921 worlds_100 第2轮：50/100批
v6_order_format_mass_ablated source=20260911 target=20260921 worlds_100 第2轮：60/100批
v6_order_format_mass_ablated source=20260911 target=20260921 worlds_100 第2轮：70/100批
v6_order_format_mass_ablated source=20260911 target=20260921 worlds_100 第2轮：80/100批
v6_order_format_mass_ablated source=20260911 target=20260921 worlds_100 第2轮：90/100批
v6_order_format_mass_ablated source=20260911 target=20260921 worlds_100 第2轮：100/100批
中文微调开发推理：50/500世界
中文微调开发推理：100/500世界
中文微调开发推理：150/500世界
中文微调开发推理：200/500世界
中文微调开发推理：250/500世界
中文微调开发推理：300/500世界
中文微调开发推理：350/500世界
中文微调开发推理：400/500世界
中文微调开发推理：450/500世界
中文微调开发推理：500/500世界
开始中文同预算模型：v6_order_format_mass_ablated_source_20260911_target_20260921_worlds_500
v6_order_format_mass_ablated source=20260911 target=20260921 worlds_500 第1轮：10/500批
v6_order_format_mass_ablated source=20260911 target=20260921 worlds_500 第1轮：20/500批
v6_order_format_mass_ablated source=20260911 target=20260921 worlds_500 第1轮：30/500批
v6_order_format_mass_ablated source=20260911 target=20260921 worlds_500 第1轮：40/500批
v6_order_format_mass_ablated source=20260911 target=20260921 worlds_500 第1轮：50/500批
v6_order_format_mass_ablated source=20260911 target=20260921 worlds_500 第1轮：60/500批
v6_order_format_mass_ablated source=20260911 target=20260921 worlds_500 第1轮：70/500批
v6_order_format_mass_ablated source=20260911 target=20260921 worlds_500 第1轮：80/500批
v6_order_format_mass_ablated source=20260911 target=20260921 worlds_500 第1轮：90/500批
v6_order_format_mass_ablated source=20260911 target=20260921 worlds_500 第1轮：100/500批
v6_order_format_mass_ablated source=20260911 target=20260921 worlds_500 第1轮：110/500批
v6_order_format_mass_ablated source=20260911 target=20260921 worlds_500 第1轮：120/500批
v6_order_format_mass_ablated source=20260911 target=20260921 worlds_500 第1轮：130/500批
v6_order_format_mass_ablated source=20260911 target=20260921 worlds_500 第1轮：140/500批
v6_order_format_mass_ablated source=20260911 target=20260921 worlds_500 第1轮：150/500批
v6_order_format_mass_ablated source=20260911 target=20260921 worlds_500 第1轮：160/500批
v6_order_format_mass_ablated source=20260911 target=20260921 worlds_500 第1轮：170/500批
v6_order_format_mass_ablated source=20260911 target=20260921 worlds_500 第1轮：180/500批
v6_order_format_mass_ablated source=20260911 target=20260921 worlds_500 第1轮：190/500批
v6_order_format_mass_ablated source=20260911 target=20260921 worlds_500 第1轮：200/500批
v6_order_format_mass_ablated source=20260911 target=20260921 worlds_500 第1轮：210/500批
v6_order_format_mass_ablated source=20260911 target=20260921 worlds_500 第1轮：220/500批
v6_order_format_mass_ablated source=20260911 target=20260921 worlds_500 第1轮：230/500批
v6_order_format_mass_ablated source=20260911 target=20260921 worlds_500 第1轮：240/500批
v6_order_format_mass_ablated source=20260911 target=20260921 worlds_500 第1轮：250/500批
v6_order_format_mass_ablated source=20260911 target=20260921 worlds_500 第1轮：260/500批
v6_order_format_mass_ablated source=20260911 target=20260921 worlds_500 第1轮：270/500批
v6_order_format_mass_ablated source=20260911 target=20260921 worlds_500 第1轮：280/500批
v6_order_format_mass_ablated source=20260911 target=20260921 worlds_500 第1轮：290/500批
v6_order_format_mass_ablated source=20260911 target=20260921 worlds_500 第1轮：300/500批
v6_order_format_mass_ablated source=20260911 target=20260921 worlds_500 第1轮：310/500批
v6_order_format_mass_ablated source=20260911 target=20260921 worlds_500 第1轮：320/500批
v6_order_format_mass_ablated source=20260911 target=20260921 worlds_500 第1轮：330/500批
v6_order_format_mass_ablated source=20260911 target=20260921 worlds_500 第1轮：340/500批
v6_order_format_mass_ablated source=20260911 target=20260921 worlds_500 第1轮：350/500批
v6_order_format_mass_ablated source=20260911 target=20260921 worlds_500 第1轮：360/500批
v6_order_format_mass_ablated source=20260911 target=20260921 worlds_500 第1轮：370/500批
v6_order_format_mass_ablated source=20260911 target=20260921 worlds_500 第1轮：380/500批
v6_order_format_mass_ablated source=20260911 target=20260921 worlds_500 第1轮：390/500批
v6_order_format_mass_ablated source=20260911 target=20260921 worlds_500 第1轮：400/500批
v6_order_format_mass_ablated source=20260911 target=20260921 worlds_500 第1轮：410/500批
v6_order_format_mass_ablated source=20260911 target=20260921 worlds_500 第1轮：420/500批
v6_order_format_mass_ablated source=20260911 target=20260921 worlds_500 第1轮：430/500批
v6_order_format_mass_ablated source=20260911 target=20260921 worlds_500 第1轮：440/500批
v6_order_format_mass_ablated source=20260911 target=20260921 worlds_500 第1轮：450/500批
v6_order_format_mass_ablated source=20260911 target=20260921 worlds_500 第1轮：460/500批
v6_order_format_mass_ablated source=20260911 target=20260921 worlds_500 第1轮：470/500批
v6_order_format_mass_ablated source=20260911 target=20260921 worlds_500 第1轮：480/500批
v6_order_format_mass_ablated source=20260911 target=20260921 worlds_500 第1轮：490/500批
v6_order_format_mass_ablated source=20260911 target=20260921 worlds_500 第1轮：500/500批
v6_order_format_mass_ablated source=20260911 target=20260921 worlds_500 第2轮：10/500批
v6_order_format_mass_ablated source=20260911 target=20260921 worlds_500 第2轮：20/500批
v6_order_format_mass_ablated source=20260911 target=20260921 worlds_500 第2轮：30/500批
v6_order_format_mass_ablated source=20260911 target=20260921 worlds_500 第2轮：40/500批
v6_order_format_mass_ablated source=20260911 target=20260921 worlds_500 第2轮：50/500批
v6_order_format_mass_ablated source=20260911 target=20260921 worlds_500 第2轮：60/500批
v6_order_format_mass_ablated source=20260911 target=20260921 worlds_500 第2轮：70/500批
v6_order_format_mass_ablated source=20260911 target=20260921 worlds_500 第2轮：80/500批
v6_order_format_mass_ablated source=20260911 target=20260921 worlds_500 第2轮：90/500批
v6_order_format_mass_ablated source=20260911 target=20260921 worlds_500 第2轮：100/500批
v6_order_format_mass_ablated source=20260911 target=20260921 worlds_500 第2轮：110/500批
v6_order_format_mass_ablated source=20260911 target=20260921 worlds_500 第2轮：120/500批
v6_order_format_mass_ablated source=20260911 target=20260921 worlds_500 第2轮：130/500批
v6_order_format_mass_ablated source=20260911 target=20260921 worlds_500 第2轮：140/500批
v6_order_format_mass_ablated source=20260911 target=20260921 worlds_500 第2轮：150/500批
v6_order_format_mass_ablated source=20260911 target=20260921 worlds_500 第2轮：160/500批
v6_order_format_mass_ablated source=20260911 target=20260921 worlds_500 第2轮：170/500批
v6_order_format_mass_ablated source=20260911 target=20260921 worlds_500 第2轮：180/500批
v6_order_format_mass_ablated source=20260911 target=20260921 worlds_500 第2轮：190/500批
v6_order_format_mass_ablated source=20260911 target=20260921 worlds_500 第2轮：200/500批
v6_order_format_mass_ablated source=20260911 target=20260921 worlds_500 第2轮：210/500批
v6_order_format_mass_ablated source=20260911 target=20260921 worlds_500 第2轮：220/500批
v6_order_format_mass_ablated source=20260911 target=20260921 worlds_500 第2轮：230/500批
v6_order_format_mass_ablated source=20260911 target=20260921 worlds_500 第2轮：240/500批
v6_order_format_mass_ablated source=20260911 target=20260921 worlds_500 第2轮：250/500批
v6_order_format_mass_ablated source=20260911 target=20260921 worlds_500 第2轮：260/500批
v6_order_format_mass_ablated source=20260911 target=20260921 worlds_500 第2轮：270/500批
v6_order_format_mass_ablated source=20260911 target=20260921 worlds_500 第2轮：280/500批
v6_order_format_mass_ablated source=20260911 target=20260921 worlds_500 第2轮：290/500批
v6_order_format_mass_ablated source=20260911 target=20260921 worlds_500 第2轮：300/500批
v6_order_format_mass_ablated source=20260911 target=20260921 worlds_500 第2轮：310/500批
v6_order_format_mass_ablated source=20260911 target=20260921 worlds_500 第2轮：320/500批
v6_order_format_mass_ablated source=20260911 target=20260921 worlds_500 第2轮：330/500批
v6_order_format_mass_ablated source=20260911 target=20260921 worlds_500 第2轮：340/500批
v6_order_format_mass_ablated source=20260911 target=20260921 worlds_500 第2轮：350/500批
v6_order_format_mass_ablated source=20260911 target=20260921 worlds_500 第2轮：360/500批
v6_order_format_mass_ablated source=20260911 target=20260921 worlds_500 第2轮：370/500批
v6_order_format_mass_ablated source=20260911 target=20260921 worlds_500 第2轮：380/500批
v6_order_format_mass_ablated source=20260911 target=20260921 worlds_500 第2轮：390/500批
v6_order_format_mass_ablated source=20260911 target=20260921 worlds_500 第2轮：400/500批
v6_order_format_mass_ablated source=20260911 target=20260921 worlds_500 第2轮：410/500批
v6_order_format_mass_ablated source=20260911 target=20260921 worlds_500 第2轮：420/500批
v6_order_format_mass_ablated source=20260911 target=20260921 worlds_500 第2轮：430/500批
v6_order_format_mass_ablated source=20260911 target=20260921 worlds_500 第2轮：440/500批
v6_order_format_mass_ablated source=20260911 target=20260921 worlds_500 第2轮：450/500批
v6_order_format_mass_ablated source=20260911 target=20260921 worlds_500 第2轮：460/500批
v6_order_format_mass_ablated source=20260911 target=20260921 worlds_500 第2轮：470/500批
v6_order_format_mass_ablated source=20260911 target=20260921 worlds_500 第2轮：480/500批
v6_order_format_mass_ablated source=20260911 target=20260921 worlds_500 第2轮：490/500批
v6_order_format_mass_ablated source=20260911 target=20260921 worlds_500 第2轮：500/500批
中文微调开发推理：50/500世界
中文微调开发推理：100/500世界
中文微调开发推理：150/500世界
中文微调开发推理：200/500世界
中文微调开发推理：250/500世界
中文微调开发推理：300/500世界
中文微调开发推理：350/500世界
中文微调开发推理：400/500世界
中文微调开发推理：450/500世界
中文微调开发推理：500/500世界
重放来源初始化：v6_order_format_mass_ablated seed=20260912 epochs=1
v6_order_format_mass_ablated seed=20260912 来源轮次 1/1：开发AP=0.678081，累计更新=39
开始中文同预算模型：v6_order_format_mass_ablated_source_20260912_target_20260922_worlds_001
v6_order_format_mass_ablated source=20260912 target=20260922 worlds_001 第1轮：1/1批
v6_order_format_mass_ablated source=20260912 target=20260922 worlds_001 第2轮：1/1批
v6_order_format_mass_ablated source=20260912 target=20260922 worlds_001 第3轮：1/1批
v6_order_format_mass_ablated source=20260912 target=20260922 worlds_001 第4轮：1/1批
v6_order_format_mass_ablated source=20260912 target=20260922 worlds_001 第5轮：1/1批
v6_order_format_mass_ablated source=20260912 target=20260922 worlds_001 第6轮：1/1批
v6_order_format_mass_ablated source=20260912 target=20260922 worlds_001 第7轮：1/1批
v6_order_format_mass_ablated source=20260912 target=20260922 worlds_001 第8轮：1/1批
v6_order_format_mass_ablated source=20260912 target=20260922 worlds_001 第9轮：1/1批
v6_order_format_mass_ablated source=20260912 target=20260922 worlds_001 第10轮：1/1批
v6_order_format_mass_ablated source=20260912 target=20260922 worlds_001 第11轮：1/1批
v6_order_format_mass_ablated source=20260912 target=20260922 worlds_001 第12轮：1/1批
v6_order_format_mass_ablated source=20260912 target=20260922 worlds_001 第13轮：1/1批
v6_order_format_mass_ablated source=20260912 target=20260922 worlds_001 第14轮：1/1批
v6_order_format_mass_ablated source=20260912 target=20260922 worlds_001 第15轮：1/1批
v6_order_format_mass_ablated source=20260912 target=20260922 worlds_001 第16轮：1/1批
v6_order_format_mass_ablated source=20260912 target=20260922 worlds_001 第17轮：1/1批
v6_order_format_mass_ablated source=20260912 target=20260922 worlds_001 第18轮：1/1批
v6_order_format_mass_ablated source=20260912 target=20260922 worlds_001 第19轮：1/1批
v6_order_format_mass_ablated source=20260912 target=20260922 worlds_001 第20轮：1/1批
v6_order_format_mass_ablated source=20260912 target=20260922 worlds_001 第21轮：1/1批
v6_order_format_mass_ablated source=20260912 target=20260922 worlds_001 第22轮：1/1批
v6_order_format_mass_ablated source=20260912 target=20260922 worlds_001 第23轮：1/1批
v6_order_format_mass_ablated source=20260912 target=20260922 worlds_001 第24轮：1/1批
v6_order_format_mass_ablated source=20260912 target=20260922 worlds_001 第25轮：1/1批
v6_order_format_mass_ablated source=20260912 target=20260922 worlds_001 第26轮：1/1批
v6_order_format_mass_ablated source=20260912 target=20260922 worlds_001 第27轮：1/1批
v6_order_format_mass_ablated source=20260912 target=20260922 worlds_001 第28轮：1/1批
v6_order_format_mass_ablated source=20260912 target=20260922 worlds_001 第29轮：1/1批
v6_order_format_mass_ablated source=20260912 target=20260922 worlds_001 第30轮：1/1批
v6_order_format_mass_ablated source=20260912 target=20260922 worlds_001 第31轮：1/1批
v6_order_format_mass_ablated source=20260912 target=20260922 worlds_001 第32轮：1/1批
v6_order_format_mass_ablated source=20260912 target=20260922 worlds_001 第33轮：1/1批
v6_order_format_mass_ablated source=20260912 target=20260922 worlds_001 第34轮：1/1批
v6_order_format_mass_ablated source=20260912 target=20260922 worlds_001 第35轮：1/1批
v6_order_format_mass_ablated source=20260912 target=20260922 worlds_001 第36轮：1/1批
v6_order_format_mass_ablated source=20260912 target=20260922 worlds_001 第37轮：1/1批
v6_order_format_mass_ablated source=20260912 target=20260922 worlds_001 第38轮：1/1批
v6_order_format_mass_ablated source=20260912 target=20260922 worlds_001 第39轮：1/1批
v6_order_format_mass_ablated source=20260912 target=20260922 worlds_001 第40轮：1/1批
v6_order_format_mass_ablated source=20260912 target=20260922 worlds_001 第41轮：1/1批
v6_order_format_mass_ablated source=20260912 target=20260922 worlds_001 第42轮：1/1批
v6_order_format_mass_ablated source=20260912 target=20260922 worlds_001 第43轮：1/1批
v6_order_format_mass_ablated source=20260912 target=20260922 worlds_001 第44轮：1/1批
v6_order_format_mass_ablated source=20260912 target=20260922 worlds_001 第45轮：1/1批
v6_order_format_mass_ablated source=20260912 target=20260922 worlds_001 第46轮：1/1批
v6_order_format_mass_ablated source=20260912 target=20260922 worlds_001 第47轮：1/1批
v6_order_format_mass_ablated source=20260912 target=20260922 worlds_001 第48轮：1/1批
v6_order_format_mass_ablated source=20260912 target=20260922 worlds_001 第49轮：1/1批
v6_order_format_mass_ablated source=20260912 target=20260922 worlds_001 第50轮：1/1批
v6_order_format_mass_ablated source=20260912 target=20260922 worlds_001 第51轮：1/1批
v6_order_format_mass_ablated source=20260912 target=20260922 worlds_001 第52轮：1/1批
v6_order_format_mass_ablated source=20260912 target=20260922 worlds_001 第53轮：1/1批
v6_order_format_mass_ablated source=20260912 target=20260922 worlds_001 第54轮：1/1批
v6_order_format_mass_ablated source=20260912 target=20260922 worlds_001 第55轮：1/1批
v6_order_format_mass_ablated source=20260912 target=20260922 worlds_001 第56轮：1/1批
v6_order_format_mass_ablated source=20260912 target=20260922 worlds_001 第57轮：1/1批
v6_order_format_mass_ablated source=20260912 target=20260922 worlds_001 第58轮：1/1批
v6_order_format_mass_ablated source=20260912 target=20260922 worlds_001 第59轮：1/1批
v6_order_format_mass_ablated source=20260912 target=20260922 worlds_001 第60轮：1/1批
v6_order_format_mass_ablated source=20260912 target=20260922 worlds_001 第61轮：1/1批
v6_order_format_mass_ablated source=20260912 target=20260922 worlds_001 第62轮：1/1批
v6_order_format_mass_ablated source=20260912 target=20260922 worlds_001 第63轮：1/1批
v6_order_format_mass_ablated source=20260912 target=20260922 worlds_001 第64轮：1/1批
v6_order_format_mass_ablated source=20260912 target=20260922 worlds_001 第65轮：1/1批
v6_order_format_mass_ablated source=20260912 target=20260922 worlds_001 第66轮：1/1批
v6_order_format_mass_ablated source=20260912 target=20260922 worlds_001 第67轮：1/1批
v6_order_format_mass_ablated source=20260912 target=20260922 worlds_001 第68轮：1/1批
v6_order_format_mass_ablated source=20260912 target=20260922 worlds_001 第69轮：1/1批
v6_order_format_mass_ablated source=20260912 target=20260922 worlds_001 第70轮：1/1批
v6_order_format_mass_ablated source=20260912 target=20260922 worlds_001 第71轮：1/1批
v6_order_format_mass_ablated source=20260912 target=20260922 worlds_001 第72轮：1/1批
v6_order_format_mass_ablated source=20260912 target=20260922 worlds_001 第73轮：1/1批
v6_order_format_mass_ablated source=20260912 target=20260922 worlds_001 第74轮：1/1批
v6_order_format_mass_ablated source=20260912 target=20260922 worlds_001 第75轮：1/1批
v6_order_format_mass_ablated source=20260912 target=20260922 worlds_001 第76轮：1/1批
v6_order_format_mass_ablated source=20260912 target=20260922 worlds_001 第77轮：1/1批
v6_order_format_mass_ablated source=20260912 target=20260922 worlds_001 第78轮：1/1批
v6_order_format_mass_ablated source=20260912 target=20260922 worlds_001 第79轮：1/1批
v6_order_format_mass_ablated source=20260912 target=20260922 worlds_001 第80轮：1/1批
v6_order_format_mass_ablated source=20260912 target=20260922 worlds_001 第81轮：1/1批
v6_order_format_mass_ablated source=20260912 target=20260922 worlds_001 第82轮：1/1批
v6_order_format_mass_ablated source=20260912 target=20260922 worlds_001 第83轮：1/1批
v6_order_format_mass_ablated source=20260912 target=20260922 worlds_001 第84轮：1/1批
v6_order_format_mass_ablated source=20260912 target=20260922 worlds_001 第85轮：1/1批
v6_order_format_mass_ablated source=20260912 target=20260922 worlds_001 第86轮：1/1批
v6_order_format_mass_ablated source=20260912 target=20260922 worlds_001 第87轮：1/1批
v6_order_format_mass_ablated source=20260912 target=20260922 worlds_001 第88轮：1/1批
v6_order_format_mass_ablated source=20260912 target=20260922 worlds_001 第89轮：1/1批
v6_order_format_mass_ablated source=20260912 target=20260922 worlds_001 第90轮：1/1批
v6_order_format_mass_ablated source=20260912 target=20260922 worlds_001 第91轮：1/1批
v6_order_format_mass_ablated source=20260912 target=20260922 worlds_001 第92轮：1/1批
v6_order_format_mass_ablated source=20260912 target=20260922 worlds_001 第93轮：1/1批
v6_order_format_mass_ablated source=20260912 target=20260922 worlds_001 第94轮：1/1批
v6_order_format_mass_ablated source=20260912 target=20260922 worlds_001 第95轮：1/1批
v6_order_format_mass_ablated source=20260912 target=20260922 worlds_001 第96轮：1/1批
v6_order_format_mass_ablated source=20260912 target=20260922 worlds_001 第97轮：1/1批
v6_order_format_mass_ablated source=20260912 target=20260922 worlds_001 第98轮：1/1批
v6_order_format_mass_ablated source=20260912 target=20260922 worlds_001 第99轮：1/1批
v6_order_format_mass_ablated source=20260912 target=20260922 worlds_001 第100轮：1/1批
v6_order_format_mass_ablated source=20260912 target=20260922 worlds_001 第101轮：1/1批
v6_order_format_mass_ablated source=20260912 target=20260922 worlds_001 第102轮：1/1批
v6_order_format_mass_ablated source=20260912 target=20260922 worlds_001 第103轮：1/1批
v6_order_format_mass_ablated source=20260912 target=20260922 worlds_001 第104轮：1/1批
v6_order_format_mass_ablated source=20260912 target=20260922 worlds_001 第105轮：1/1批
v6_order_format_mass_ablated source=20260912 target=20260922 worlds_001 第106轮：1/1批
v6_order_format_mass_ablated source=20260912 target=20260922 worlds_001 第107轮：1/1批
v6_order_format_mass_ablated source=20260912 target=20260922 worlds_001 第108轮：1/1批
v6_order_format_mass_ablated source=20260912 target=20260922 worlds_001 第109轮：1/1批
v6_order_format_mass_ablated source=20260912 target=20260922 worlds_001 第110轮：1/1批
v6_order_format_mass_ablated source=20260912 target=20260922 worlds_001 第111轮：1/1批
v6_order_format_mass_ablated source=20260912 target=20260922 worlds_001 第112轮：1/1批
v6_order_format_mass_ablated source=20260912 target=20260922 worlds_001 第113轮：1/1批
v6_order_format_mass_ablated source=20260912 target=20260922 worlds_001 第114轮：1/1批
v6_order_format_mass_ablated source=20260912 target=20260922 worlds_001 第115轮：1/1批
v6_order_format_mass_ablated source=20260912 target=20260922 worlds_001 第116轮：1/1批
v6_order_format_mass_ablated source=20260912 target=20260922 worlds_001 第117轮：1/1批
v6_order_format_mass_ablated source=20260912 target=20260922 worlds_001 第118轮：1/1批
v6_order_format_mass_ablated source=20260912 target=20260922 worlds_001 第119轮：1/1批
v6_order_format_mass_ablated source=20260912 target=20260922 worlds_001 第120轮：1/1批
v6_order_format_mass_ablated source=20260912 target=20260922 worlds_001 第121轮：1/1批
v6_order_format_mass_ablated source=20260912 target=20260922 worlds_001 第122轮：1/1批
v6_order_format_mass_ablated source=20260912 target=20260922 worlds_001 第123轮：1/1批
v6_order_format_mass_ablated source=20260912 target=20260922 worlds_001 第124轮：1/1批
v6_order_format_mass_ablated source=20260912 target=20260922 worlds_001 第125轮：1/1批
v6_order_format_mass_ablated source=20260912 target=20260922 worlds_001 第126轮：1/1批
v6_order_format_mass_ablated source=20260912 target=20260922 worlds_001 第127轮：1/1批
v6_order_format_mass_ablated source=20260912 target=20260922 worlds_001 第128轮：1/1批
v6_order_format_mass_ablated source=20260912 target=20260922 worlds_001 第129轮：1/1批
v6_order_format_mass_ablated source=20260912 target=20260922 worlds_001 第130轮：1/1批
v6_order_format_mass_ablated source=20260912 target=20260922 worlds_001 第131轮：1/1批
v6_order_format_mass_ablated source=20260912 target=20260922 worlds_001 第132轮：1/1批
v6_order_format_mass_ablated source=20260912 target=20260922 worlds_001 第133轮：1/1批
v6_order_format_mass_ablated source=20260912 target=20260922 worlds_001 第134轮：1/1批
v6_order_format_mass_ablated source=20260912 target=20260922 worlds_001 第135轮：1/1批
v6_order_format_mass_ablated source=20260912 target=20260922 worlds_001 第136轮：1/1批
v6_order_format_mass_ablated source=20260912 target=20260922 worlds_001 第137轮：1/1批
v6_order_format_mass_ablated source=20260912 target=20260922 worlds_001 第138轮：1/1批
v6_order_format_mass_ablated source=20260912 target=20260922 worlds_001 第139轮：1/1批
v6_order_format_mass_ablated source=20260912 target=20260922 worlds_001 第140轮：1/1批
v6_order_format_mass_ablated source=20260912 target=20260922 worlds_001 第141轮：1/1批
v6_order_format_mass_ablated source=20260912 target=20260922 worlds_001 第142轮：1/1批
v6_order_format_mass_ablated source=20260912 target=20260922 worlds_001 第143轮：1/1批
v6_order_format_mass_ablated source=20260912 target=20260922 worlds_001 第144轮：1/1批
v6_order_format_mass_ablated source=20260912 target=20260922 worlds_001 第145轮：1/1批
v6_order_format_mass_ablated source=20260912 target=20260922 worlds_001 第146轮：1/1批
v6_order_format_mass_ablated source=20260912 target=20260922 worlds_001 第147轮：1/1批
v6_order_format_mass_ablated source=20260912 target=20260922 worlds_001 第148轮：1/1批
v6_order_format_mass_ablated source=20260912 target=20260922 worlds_001 第149轮：1/1批
v6_order_format_mass_ablated source=20260912 target=20260922 worlds_001 第150轮：1/1批
v6_order_format_mass_ablated source=20260912 target=20260922 worlds_001 第151轮：1/1批
v6_order_format_mass_ablated source=20260912 target=20260922 worlds_001 第152轮：1/1批
v6_order_format_mass_ablated source=20260912 target=20260922 worlds_001 第153轮：1/1批
v6_order_format_mass_ablated source=20260912 target=20260922 worlds_001 第154轮：1/1批
v6_order_format_mass_ablated source=20260912 target=20260922 worlds_001 第155轮：1/1批
v6_order_format_mass_ablated source=20260912 target=20260922 worlds_001 第156轮：1/1批
v6_order_format_mass_ablated source=20260912 target=20260922 worlds_001 第157轮：1/1批
v6_order_format_mass_ablated source=20260912 target=20260922 worlds_001 第158轮：1/1批
v6_order_format_mass_ablated source=20260912 target=20260922 worlds_001 第159轮：1/1批
v6_order_format_mass_ablated source=20260912 target=20260922 worlds_001 第160轮：1/1批
v6_order_format_mass_ablated source=20260912 target=20260922 worlds_001 第161轮：1/1批
v6_order_format_mass_ablated source=20260912 target=20260922 worlds_001 第162轮：1/1批
v6_order_format_mass_ablated source=20260912 target=20260922 worlds_001 第163轮：1/1批
v6_order_format_mass_ablated source=20260912 target=20260922 worlds_001 第164轮：1/1批
v6_order_format_mass_ablated source=20260912 target=20260922 worlds_001 第165轮：1/1批
v6_order_format_mass_ablated source=20260912 target=20260922 worlds_001 第166轮：1/1批
v6_order_format_mass_ablated source=20260912 target=20260922 worlds_001 第167轮：1/1批
v6_order_format_mass_ablated source=20260912 target=20260922 worlds_001 第168轮：1/1批
v6_order_format_mass_ablated source=20260912 target=20260922 worlds_001 第169轮：1/1批
v6_order_format_mass_ablated source=20260912 target=20260922 worlds_001 第170轮：1/1批
v6_order_format_mass_ablated source=20260912 target=20260922 worlds_001 第171轮：1/1批
v6_order_format_mass_ablated source=20260912 target=20260922 worlds_001 第172轮：1/1批
v6_order_format_mass_ablated source=20260912 target=20260922 worlds_001 第173轮：1/1批
v6_order_format_mass_ablated source=20260912 target=20260922 worlds_001 第174轮：1/1批
v6_order_format_mass_ablated source=20260912 target=20260922 worlds_001 第175轮：1/1批
v6_order_format_mass_ablated source=20260912 target=20260922 worlds_001 第176轮：1/1批
v6_order_format_mass_ablated source=20260912 target=20260922 worlds_001 第177轮：1/1批
v6_order_format_mass_ablated source=20260912 target=20260922 worlds_001 第178轮：1/1批
v6_order_format_mass_ablated source=20260912 target=20260922 worlds_001 第179轮：1/1批
v6_order_format_mass_ablated source=20260912 target=20260922 worlds_001 第180轮：1/1批
v6_order_format_mass_ablated source=20260912 target=20260922 worlds_001 第181轮：1/1批
v6_order_format_mass_ablated source=20260912 target=20260922 worlds_001 第182轮：1/1批
v6_order_format_mass_ablated source=20260912 target=20260922 worlds_001 第183轮：1/1批
v6_order_format_mass_ablated source=20260912 target=20260922 worlds_001 第184轮：1/1批
v6_order_format_mass_ablated source=20260912 target=20260922 worlds_001 第185轮：1/1批
v6_order_format_mass_ablated source=20260912 target=20260922 worlds_001 第186轮：1/1批
v6_order_format_mass_ablated source=20260912 target=20260922 worlds_001 第187轮：1/1批
v6_order_format_mass_ablated source=20260912 target=20260922 worlds_001 第188轮：1/1批
v6_order_format_mass_ablated source=20260912 target=20260922 worlds_001 第189轮：1/1批
v6_order_format_mass_ablated source=20260912 target=20260922 worlds_001 第190轮：1/1批
v6_order_format_mass_ablated source=20260912 target=20260922 worlds_001 第191轮：1/1批
v6_order_format_mass_ablated source=20260912 target=20260922 worlds_001 第192轮：1/1批
v6_order_format_mass_ablated source=20260912 target=20260922 worlds_001 第193轮：1/1批
v6_order_format_mass_ablated source=20260912 target=20260922 worlds_001 第194轮：1/1批
v6_order_format_mass_ablated source=20260912 target=20260922 worlds_001 第195轮：1/1批
v6_order_format_mass_ablated source=20260912 target=20260922 worlds_001 第196轮：1/1批
v6_order_format_mass_ablated source=20260912 target=20260922 worlds_001 第197轮：1/1批
v6_order_format_mass_ablated source=20260912 target=20260922 worlds_001 第198轮：1/1批
v6_order_format_mass_ablated source=20260912 target=20260922 worlds_001 第199轮：1/1批
v6_order_format_mass_ablated source=20260912 target=20260922 worlds_001 第200轮：1/1批
中文微调开发推理：50/500世界
中文微调开发推理：100/500世界
中文微调开发推理：150/500世界
中文微调开发推理：200/500世界
中文微调开发推理：250/500世界
中文微调开发推理：300/500世界
中文微调开发推理：350/500世界
中文微调开发推理：400/500世界
中文微调开发推理：450/500世界
中文微调开发推理：500/500世界
开始中文同预算模型：v6_order_format_mass_ablated_source_20260912_target_20260922_worlds_005
v6_order_format_mass_ablated source=20260912 target=20260922 worlds_005 第1轮：5/5批
v6_order_format_mass_ablated source=20260912 target=20260922 worlds_005 第2轮：5/5批
v6_order_format_mass_ablated source=20260912 target=20260922 worlds_005 第3轮：5/5批
v6_order_format_mass_ablated source=20260912 target=20260922 worlds_005 第4轮：5/5批
v6_order_format_mass_ablated source=20260912 target=20260922 worlds_005 第5轮：5/5批
v6_order_format_mass_ablated source=20260912 target=20260922 worlds_005 第6轮：5/5批
v6_order_format_mass_ablated source=20260912 target=20260922 worlds_005 第7轮：5/5批
v6_order_format_mass_ablated source=20260912 target=20260922 worlds_005 第8轮：5/5批
v6_order_format_mass_ablated source=20260912 target=20260922 worlds_005 第9轮：5/5批
v6_order_format_mass_ablated source=20260912 target=20260922 worlds_005 第10轮：5/5批
v6_order_format_mass_ablated source=20260912 target=20260922 worlds_005 第11轮：5/5批
v6_order_format_mass_ablated source=20260912 target=20260922 worlds_005 第12轮：5/5批
v6_order_format_mass_ablated source=20260912 target=20260922 worlds_005 第13轮：5/5批
v6_order_format_mass_ablated source=20260912 target=20260922 worlds_005 第14轮：5/5批
v6_order_format_mass_ablated source=20260912 target=20260922 worlds_005 第15轮：5/5批
v6_order_format_mass_ablated source=20260912 target=20260922 worlds_005 第16轮：5/5批
v6_order_format_mass_ablated source=20260912 target=20260922 worlds_005 第17轮：5/5批
v6_order_format_mass_ablated source=20260912 target=20260922 worlds_005 第18轮：5/5批
v6_order_format_mass_ablated source=20260912 target=20260922 worlds_005 第19轮：5/5批
v6_order_format_mass_ablated source=20260912 target=20260922 worlds_005 第20轮：5/5批
v6_order_format_mass_ablated source=20260912 target=20260922 worlds_005 第21轮：5/5批
v6_order_format_mass_ablated source=20260912 target=20260922 worlds_005 第22轮：5/5批
v6_order_format_mass_ablated source=20260912 target=20260922 worlds_005 第23轮：5/5批
v6_order_format_mass_ablated source=20260912 target=20260922 worlds_005 第24轮：5/5批
v6_order_format_mass_ablated source=20260912 target=20260922 worlds_005 第25轮：5/5批
v6_order_format_mass_ablated source=20260912 target=20260922 worlds_005 第26轮：5/5批
v6_order_format_mass_ablated source=20260912 target=20260922 worlds_005 第27轮：5/5批
v6_order_format_mass_ablated source=20260912 target=20260922 worlds_005 第28轮：5/5批
v6_order_format_mass_ablated source=20260912 target=20260922 worlds_005 第29轮：5/5批
v6_order_format_mass_ablated source=20260912 target=20260922 worlds_005 第30轮：5/5批
v6_order_format_mass_ablated source=20260912 target=20260922 worlds_005 第31轮：5/5批
v6_order_format_mass_ablated source=20260912 target=20260922 worlds_005 第32轮：5/5批
v6_order_format_mass_ablated source=20260912 target=20260922 worlds_005 第33轮：5/5批
v6_order_format_mass_ablated source=20260912 target=20260922 worlds_005 第34轮：5/5批
v6_order_format_mass_ablated source=20260912 target=20260922 worlds_005 第35轮：5/5批
v6_order_format_mass_ablated source=20260912 target=20260922 worlds_005 第36轮：5/5批
v6_order_format_mass_ablated source=20260912 target=20260922 worlds_005 第37轮：5/5批
v6_order_format_mass_ablated source=20260912 target=20260922 worlds_005 第38轮：5/5批
v6_order_format_mass_ablated source=20260912 target=20260922 worlds_005 第39轮：5/5批
v6_order_format_mass_ablated source=20260912 target=20260922 worlds_005 第40轮：5/5批
中文微调开发推理：50/500世界
中文微调开发推理：100/500世界
中文微调开发推理：150/500世界
中文微调开发推理：200/500世界
中文微调开发推理：250/500世界
中文微调开发推理：300/500世界
中文微调开发推理：350/500世界
中文微调开发推理：400/500世界
中文微调开发推理：450/500世界
中文微调开发推理：500/500世界
开始中文同预算模型：v6_order_format_mass_ablated_source_20260912_target_20260922_worlds_010
v6_order_format_mass_ablated source=20260912 target=20260922 worlds_010 第1轮：10/10批
v6_order_format_mass_ablated source=20260912 target=20260922 worlds_010 第2轮：10/10批
v6_order_format_mass_ablated source=20260912 target=20260922 worlds_010 第3轮：10/10批
v6_order_format_mass_ablated source=20260912 target=20260922 worlds_010 第4轮：10/10批
v6_order_format_mass_ablated source=20260912 target=20260922 worlds_010 第5轮：10/10批
v6_order_format_mass_ablated source=20260912 target=20260922 worlds_010 第6轮：10/10批
v6_order_format_mass_ablated source=20260912 target=20260922 worlds_010 第7轮：10/10批
v6_order_format_mass_ablated source=20260912 target=20260922 worlds_010 第8轮：10/10批
v6_order_format_mass_ablated source=20260912 target=20260922 worlds_010 第9轮：10/10批
v6_order_format_mass_ablated source=20260912 target=20260922 worlds_010 第10轮：10/10批
v6_order_format_mass_ablated source=20260912 target=20260922 worlds_010 第11轮：10/10批
v6_order_format_mass_ablated source=20260912 target=20260922 worlds_010 第12轮：10/10批
v6_order_format_mass_ablated source=20260912 target=20260922 worlds_010 第13轮：10/10批
v6_order_format_mass_ablated source=20260912 target=20260922 worlds_010 第14轮：10/10批
v6_order_format_mass_ablated source=20260912 target=20260922 worlds_010 第15轮：10/10批
v6_order_format_mass_ablated source=20260912 target=20260922 worlds_010 第16轮：10/10批
v6_order_format_mass_ablated source=20260912 target=20260922 worlds_010 第17轮：10/10批
v6_order_format_mass_ablated source=20260912 target=20260922 worlds_010 第18轮：10/10批
v6_order_format_mass_ablated source=20260912 target=20260922 worlds_010 第19轮：10/10批
v6_order_format_mass_ablated source=20260912 target=20260922 worlds_010 第20轮：10/10批
中文微调开发推理：50/500世界
中文微调开发推理：100/500世界
中文微调开发推理：150/500世界
中文微调开发推理：200/500世界
中文微调开发推理：250/500世界
中文微调开发推理：300/500世界
中文微调开发推理：350/500世界
中文微调开发推理：400/500世界
中文微调开发推理：450/500世界
中文微调开发推理：500/500世界
开始中文同预算模型：v6_order_format_mass_ablated_source_20260912_target_20260922_worlds_025
v6_order_format_mass_ablated source=20260912 target=20260922 worlds_025 第1轮：10/25批
v6_order_format_mass_ablated source=20260912 target=20260922 worlds_025 第1轮：20/25批
v6_order_format_mass_ablated source=20260912 target=20260922 worlds_025 第1轮：25/25批
v6_order_format_mass_ablated source=20260912 target=20260922 worlds_025 第2轮：10/25批
v6_order_format_mass_ablated source=20260912 target=20260922 worlds_025 第2轮：20/25批
v6_order_format_mass_ablated source=20260912 target=20260922 worlds_025 第2轮：25/25批
v6_order_format_mass_ablated source=20260912 target=20260922 worlds_025 第3轮：10/25批
v6_order_format_mass_ablated source=20260912 target=20260922 worlds_025 第3轮：20/25批
v6_order_format_mass_ablated source=20260912 target=20260922 worlds_025 第3轮：25/25批
v6_order_format_mass_ablated source=20260912 target=20260922 worlds_025 第4轮：10/25批
v6_order_format_mass_ablated source=20260912 target=20260922 worlds_025 第4轮：20/25批
v6_order_format_mass_ablated source=20260912 target=20260922 worlds_025 第4轮：25/25批
v6_order_format_mass_ablated source=20260912 target=20260922 worlds_025 第5轮：10/25批
v6_order_format_mass_ablated source=20260912 target=20260922 worlds_025 第5轮：20/25批
v6_order_format_mass_ablated source=20260912 target=20260922 worlds_025 第5轮：25/25批
v6_order_format_mass_ablated source=20260912 target=20260922 worlds_025 第6轮：10/25批
v6_order_format_mass_ablated source=20260912 target=20260922 worlds_025 第6轮：20/25批
v6_order_format_mass_ablated source=20260912 target=20260922 worlds_025 第6轮：25/25批
v6_order_format_mass_ablated source=20260912 target=20260922 worlds_025 第7轮：10/25批
v6_order_format_mass_ablated source=20260912 target=20260922 worlds_025 第7轮：20/25批
v6_order_format_mass_ablated source=20260912 target=20260922 worlds_025 第7轮：25/25批
v6_order_format_mass_ablated source=20260912 target=20260922 worlds_025 第8轮：10/25批
v6_order_format_mass_ablated source=20260912 target=20260922 worlds_025 第8轮：20/25批
v6_order_format_mass_ablated source=20260912 target=20260922 worlds_025 第8轮：25/25批
中文微调开发推理：50/500世界
中文微调开发推理：100/500世界
中文微调开发推理：150/500世界
中文微调开发推理：200/500世界
中文微调开发推理：250/500世界
中文微调开发推理：300/500世界
中文微调开发推理：350/500世界
中文微调开发推理：400/500世界
中文微调开发推理：450/500世界
中文微调开发推理：500/500世界
开始中文同预算模型：v6_order_format_mass_ablated_source_20260912_target_20260922_worlds_100
v6_order_format_mass_ablated source=20260912 target=20260922 worlds_100 第1轮：10/100批
v6_order_format_mass_ablated source=20260912 target=20260922 worlds_100 第1轮：20/100批
v6_order_format_mass_ablated source=20260912 target=20260922 worlds_100 第1轮：30/100批
v6_order_format_mass_ablated source=20260912 target=20260922 worlds_100 第1轮：40/100批
v6_order_format_mass_ablated source=20260912 target=20260922 worlds_100 第1轮：50/100批
v6_order_format_mass_ablated source=20260912 target=20260922 worlds_100 第1轮：60/100批
v6_order_format_mass_ablated source=20260912 target=20260922 worlds_100 第1轮：70/100批
v6_order_format_mass_ablated source=20260912 target=20260922 worlds_100 第1轮：80/100批
v6_order_format_mass_ablated source=20260912 target=20260922 worlds_100 第1轮：90/100批
v6_order_format_mass_ablated source=20260912 target=20260922 worlds_100 第1轮：100/100批
v6_order_format_mass_ablated source=20260912 target=20260922 worlds_100 第2轮：10/100批
v6_order_format_mass_ablated source=20260912 target=20260922 worlds_100 第2轮：20/100批
v6_order_format_mass_ablated source=20260912 target=20260922 worlds_100 第2轮：30/100批
v6_order_format_mass_ablated source=20260912 target=20260922 worlds_100 第2轮：40/100批
v6_order_format_mass_ablated source=20260912 target=20260922 worlds_100 第2轮：50/100批
v6_order_format_mass_ablated source=20260912 target=20260922 worlds_100 第2轮：60/100批
v6_order_format_mass_ablated source=20260912 target=20260922 worlds_100 第2轮：70/100批
v6_order_format_mass_ablated source=20260912 target=20260922 worlds_100 第2轮：80/100批
v6_order_format_mass_ablated source=20260912 target=20260922 worlds_100 第2轮：90/100批
v6_order_format_mass_ablated source=20260912 target=20260922 worlds_100 第2轮：100/100批
中文微调开发推理：50/500世界
中文微调开发推理：100/500世界
中文微调开发推理：150/500世界
中文微调开发推理：200/500世界
中文微调开发推理：250/500世界
中文微调开发推理：300/500世界
中文微调开发推理：350/500世界
中文微调开发推理：400/500世界
中文微调开发推理：450/500世界
中文微调开发推理：500/500世界
开始中文同预算模型：v6_order_format_mass_ablated_source_20260912_target_20260922_worlds_500
v6_order_format_mass_ablated source=20260912 target=20260922 worlds_500 第1轮：10/500批
v6_order_format_mass_ablated source=20260912 target=20260922 worlds_500 第1轮：20/500批
v6_order_format_mass_ablated source=20260912 target=20260922 worlds_500 第1轮：30/500批
v6_order_format_mass_ablated source=20260912 target=20260922 worlds_500 第1轮：40/500批
v6_order_format_mass_ablated source=20260912 target=20260922 worlds_500 第1轮：50/500批
v6_order_format_mass_ablated source=20260912 target=20260922 worlds_500 第1轮：60/500批
v6_order_format_mass_ablated source=20260912 target=20260922 worlds_500 第1轮：70/500批
v6_order_format_mass_ablated source=20260912 target=20260922 worlds_500 第1轮：80/500批
v6_order_format_mass_ablated source=20260912 target=20260922 worlds_500 第1轮：90/500批
v6_order_format_mass_ablated source=20260912 target=20260922 worlds_500 第1轮：100/500批
v6_order_format_mass_ablated source=20260912 target=20260922 worlds_500 第1轮：110/500批
v6_order_format_mass_ablated source=20260912 target=20260922 worlds_500 第1轮：120/500批
v6_order_format_mass_ablated source=20260912 target=20260922 worlds_500 第1轮：130/500批
v6_order_format_mass_ablated source=20260912 target=20260922 worlds_500 第1轮：140/500批
v6_order_format_mass_ablated source=20260912 target=20260922 worlds_500 第1轮：150/500批
v6_order_format_mass_ablated source=20260912 target=20260922 worlds_500 第1轮：160/500批
v6_order_format_mass_ablated source=20260912 target=20260922 worlds_500 第1轮：170/500批
v6_order_format_mass_ablated source=20260912 target=20260922 worlds_500 第1轮：180/500批
v6_order_format_mass_ablated source=20260912 target=20260922 worlds_500 第1轮：190/500批
v6_order_format_mass_ablated source=20260912 target=20260922 worlds_500 第1轮：200/500批
v6_order_format_mass_ablated source=20260912 target=20260922 worlds_500 第1轮：210/500批
v6_order_format_mass_ablated source=20260912 target=20260922 worlds_500 第1轮：220/500批
v6_order_format_mass_ablated source=20260912 target=20260922 worlds_500 第1轮：230/500批
v6_order_format_mass_ablated source=20260912 target=20260922 worlds_500 第1轮：240/500批
v6_order_format_mass_ablated source=20260912 target=20260922 worlds_500 第1轮：250/500批
v6_order_format_mass_ablated source=20260912 target=20260922 worlds_500 第1轮：260/500批
v6_order_format_mass_ablated source=20260912 target=20260922 worlds_500 第1轮：270/500批
v6_order_format_mass_ablated source=20260912 target=20260922 worlds_500 第1轮：280/500批
v6_order_format_mass_ablated source=20260912 target=20260922 worlds_500 第1轮：290/500批
v6_order_format_mass_ablated source=20260912 target=20260922 worlds_500 第1轮：300/500批
v6_order_format_mass_ablated source=20260912 target=20260922 worlds_500 第1轮：310/500批
v6_order_format_mass_ablated source=20260912 target=20260922 worlds_500 第1轮：320/500批
v6_order_format_mass_ablated source=20260912 target=20260922 worlds_500 第1轮：330/500批
v6_order_format_mass_ablated source=20260912 target=20260922 worlds_500 第1轮：340/500批
v6_order_format_mass_ablated source=20260912 target=20260922 worlds_500 第1轮：350/500批
v6_order_format_mass_ablated source=20260912 target=20260922 worlds_500 第1轮：360/500批
v6_order_format_mass_ablated source=20260912 target=20260922 worlds_500 第1轮：370/500批
v6_order_format_mass_ablated source=20260912 target=20260922 worlds_500 第1轮：380/500批
v6_order_format_mass_ablated source=20260912 target=20260922 worlds_500 第1轮：390/500批
v6_order_format_mass_ablated source=20260912 target=20260922 worlds_500 第1轮：400/500批
v6_order_format_mass_ablated source=20260912 target=20260922 worlds_500 第1轮：410/500批
v6_order_format_mass_ablated source=20260912 target=20260922 worlds_500 第1轮：420/500批
v6_order_format_mass_ablated source=20260912 target=20260922 worlds_500 第1轮：430/500批
v6_order_format_mass_ablated source=20260912 target=20260922 worlds_500 第1轮：440/500批
v6_order_format_mass_ablated source=20260912 target=20260922 worlds_500 第1轮：450/500批
v6_order_format_mass_ablated source=20260912 target=20260922 worlds_500 第1轮：460/500批
v6_order_format_mass_ablated source=20260912 target=20260922 worlds_500 第1轮：470/500批
v6_order_format_mass_ablated source=20260912 target=20260922 worlds_500 第1轮：480/500批
v6_order_format_mass_ablated source=20260912 target=20260922 worlds_500 第1轮：490/500批
v6_order_format_mass_ablated source=20260912 target=20260922 worlds_500 第1轮：500/500批
v6_order_format_mass_ablated source=20260912 target=20260922 worlds_500 第2轮：10/500批
v6_order_format_mass_ablated source=20260912 target=20260922 worlds_500 第2轮：20/500批
v6_order_format_mass_ablated source=20260912 target=20260922 worlds_500 第2轮：30/500批
v6_order_format_mass_ablated source=20260912 target=20260922 worlds_500 第2轮：40/500批
v6_order_format_mass_ablated source=20260912 target=20260922 worlds_500 第2轮：50/500批
v6_order_format_mass_ablated source=20260912 target=20260922 worlds_500 第2轮：60/500批
v6_order_format_mass_ablated source=20260912 target=20260922 worlds_500 第2轮：70/500批
v6_order_format_mass_ablated source=20260912 target=20260922 worlds_500 第2轮：80/500批
v6_order_format_mass_ablated source=20260912 target=20260922 worlds_500 第2轮：90/500批
v6_order_format_mass_ablated source=20260912 target=20260922 worlds_500 第2轮：100/500批
v6_order_format_mass_ablated source=20260912 target=20260922 worlds_500 第2轮：110/500批
v6_order_format_mass_ablated source=20260912 target=20260922 worlds_500 第2轮：120/500批
v6_order_format_mass_ablated source=20260912 target=20260922 worlds_500 第2轮：130/500批
v6_order_format_mass_ablated source=20260912 target=20260922 worlds_500 第2轮：140/500批
v6_order_format_mass_ablated source=20260912 target=20260922 worlds_500 第2轮：150/500批
v6_order_format_mass_ablated source=20260912 target=20260922 worlds_500 第2轮：160/500批
v6_order_format_mass_ablated source=20260912 target=20260922 worlds_500 第2轮：170/500批
v6_order_format_mass_ablated source=20260912 target=20260922 worlds_500 第2轮：180/500批
v6_order_format_mass_ablated source=20260912 target=20260922 worlds_500 第2轮：190/500批
v6_order_format_mass_ablated source=20260912 target=20260922 worlds_500 第2轮：200/500批
v6_order_format_mass_ablated source=20260912 target=20260922 worlds_500 第2轮：210/500批
v6_order_format_mass_ablated source=20260912 target=20260922 worlds_500 第2轮：220/500批
v6_order_format_mass_ablated source=20260912 target=20260922 worlds_500 第2轮：230/500批
v6_order_format_mass_ablated source=20260912 target=20260922 worlds_500 第2轮：240/500批
v6_order_format_mass_ablated source=20260912 target=20260922 worlds_500 第2轮：250/500批
v6_order_format_mass_ablated source=20260912 target=20260922 worlds_500 第2轮：260/500批
v6_order_format_mass_ablated source=20260912 target=20260922 worlds_500 第2轮：270/500批
v6_order_format_mass_ablated source=20260912 target=20260922 worlds_500 第2轮：280/500批
v6_order_format_mass_ablated source=20260912 target=20260922 worlds_500 第2轮：290/500批
v6_order_format_mass_ablated source=20260912 target=20260922 worlds_500 第2轮：300/500批
v6_order_format_mass_ablated source=20260912 target=20260922 worlds_500 第2轮：310/500批
v6_order_format_mass_ablated source=20260912 target=20260922 worlds_500 第2轮：320/500批
v6_order_format_mass_ablated source=20260912 target=20260922 worlds_500 第2轮：330/500批
v6_order_format_mass_ablated source=20260912 target=20260922 worlds_500 第2轮：340/500批
v6_order_format_mass_ablated source=20260912 target=20260922 worlds_500 第2轮：350/500批
v6_order_format_mass_ablated source=20260912 target=20260922 worlds_500 第2轮：360/500批
v6_order_format_mass_ablated source=20260912 target=20260922 worlds_500 第2轮：370/500批
v6_order_format_mass_ablated source=20260912 target=20260922 worlds_500 第2轮：380/500批
v6_order_format_mass_ablated source=20260912 target=20260922 worlds_500 第2轮：390/500批
v6_order_format_mass_ablated source=20260912 target=20260922 worlds_500 第2轮：400/500批
v6_order_format_mass_ablated source=20260912 target=20260922 worlds_500 第2轮：410/500批
v6_order_format_mass_ablated source=20260912 target=20260922 worlds_500 第2轮：420/500批
v6_order_format_mass_ablated source=20260912 target=20260922 worlds_500 第2轮：430/500批
v6_order_format_mass_ablated source=20260912 target=20260922 worlds_500 第2轮：440/500批
v6_order_format_mass_ablated source=20260912 target=20260922 worlds_500 第2轮：450/500批
v6_order_format_mass_ablated source=20260912 target=20260922 worlds_500 第2轮：460/500批
v6_order_format_mass_ablated source=20260912 target=20260922 worlds_500 第2轮：470/500批
v6_order_format_mass_ablated source=20260912 target=20260922 worlds_500 第2轮：480/500批
v6_order_format_mass_ablated source=20260912 target=20260922 worlds_500 第2轮：490/500批
v6_order_format_mass_ablated source=20260912 target=20260922 worlds_500 第2轮：500/500批
中文微调开发推理：50/500世界
中文微调开发推理：100/500世界
中文微调开发推理：150/500世界
中文微调开发推理：200/500世界
中文微调开发推理：250/500世界
中文微调开发推理：300/500世界
中文微调开发推理：350/500世界
中文微调开发推理：400/500世界
中文微调开发推理：450/500世界
中文微调开发推理：500/500世界
重放来源初始化：v6_order_format_mass_ablated seed=20260913 epochs=1
v6_order_format_mass_ablated seed=20260913 来源轮次 1/1：开发AP=0.717217，累计更新=39
开始中文同预算模型：v6_order_format_mass_ablated_source_20260913_target_20260923_worlds_001
v6_order_format_mass_ablated source=20260913 target=20260923 worlds_001 第1轮：1/1批
v6_order_format_mass_ablated source=20260913 target=20260923 worlds_001 第2轮：1/1批
v6_order_format_mass_ablated source=20260913 target=20260923 worlds_001 第3轮：1/1批
v6_order_format_mass_ablated source=20260913 target=20260923 worlds_001 第4轮：1/1批
v6_order_format_mass_ablated source=20260913 target=20260923 worlds_001 第5轮：1/1批
v6_order_format_mass_ablated source=20260913 target=20260923 worlds_001 第6轮：1/1批
v6_order_format_mass_ablated source=20260913 target=20260923 worlds_001 第7轮：1/1批
v6_order_format_mass_ablated source=20260913 target=20260923 worlds_001 第8轮：1/1批
v6_order_format_mass_ablated source=20260913 target=20260923 worlds_001 第9轮：1/1批
v6_order_format_mass_ablated source=20260913 target=20260923 worlds_001 第10轮：1/1批
v6_order_format_mass_ablated source=20260913 target=20260923 worlds_001 第11轮：1/1批
v6_order_format_mass_ablated source=20260913 target=20260923 worlds_001 第12轮：1/1批
v6_order_format_mass_ablated source=20260913 target=20260923 worlds_001 第13轮：1/1批
v6_order_format_mass_ablated source=20260913 target=20260923 worlds_001 第14轮：1/1批
v6_order_format_mass_ablated source=20260913 target=20260923 worlds_001 第15轮：1/1批
v6_order_format_mass_ablated source=20260913 target=20260923 worlds_001 第16轮：1/1批
v6_order_format_mass_ablated source=20260913 target=20260923 worlds_001 第17轮：1/1批
v6_order_format_mass_ablated source=20260913 target=20260923 worlds_001 第18轮：1/1批
v6_order_format_mass_ablated source=20260913 target=20260923 worlds_001 第19轮：1/1批
v6_order_format_mass_ablated source=20260913 target=20260923 worlds_001 第20轮：1/1批
v6_order_format_mass_ablated source=20260913 target=20260923 worlds_001 第21轮：1/1批
v6_order_format_mass_ablated source=20260913 target=20260923 worlds_001 第22轮：1/1批
v6_order_format_mass_ablated source=20260913 target=20260923 worlds_001 第23轮：1/1批
v6_order_format_mass_ablated source=20260913 target=20260923 worlds_001 第24轮：1/1批
v6_order_format_mass_ablated source=20260913 target=20260923 worlds_001 第25轮：1/1批
v6_order_format_mass_ablated source=20260913 target=20260923 worlds_001 第26轮：1/1批
v6_order_format_mass_ablated source=20260913 target=20260923 worlds_001 第27轮：1/1批
v6_order_format_mass_ablated source=20260913 target=20260923 worlds_001 第28轮：1/1批
v6_order_format_mass_ablated source=20260913 target=20260923 worlds_001 第29轮：1/1批
v6_order_format_mass_ablated source=20260913 target=20260923 worlds_001 第30轮：1/1批
v6_order_format_mass_ablated source=20260913 target=20260923 worlds_001 第31轮：1/1批
v6_order_format_mass_ablated source=20260913 target=20260923 worlds_001 第32轮：1/1批
v6_order_format_mass_ablated source=20260913 target=20260923 worlds_001 第33轮：1/1批
v6_order_format_mass_ablated source=20260913 target=20260923 worlds_001 第34轮：1/1批
v6_order_format_mass_ablated source=20260913 target=20260923 worlds_001 第35轮：1/1批
v6_order_format_mass_ablated source=20260913 target=20260923 worlds_001 第36轮：1/1批
v6_order_format_mass_ablated source=20260913 target=20260923 worlds_001 第37轮：1/1批
v6_order_format_mass_ablated source=20260913 target=20260923 worlds_001 第38轮：1/1批
v6_order_format_mass_ablated source=20260913 target=20260923 worlds_001 第39轮：1/1批
v6_order_format_mass_ablated source=20260913 target=20260923 worlds_001 第40轮：1/1批
v6_order_format_mass_ablated source=20260913 target=20260923 worlds_001 第41轮：1/1批
v6_order_format_mass_ablated source=20260913 target=20260923 worlds_001 第42轮：1/1批
v6_order_format_mass_ablated source=20260913 target=20260923 worlds_001 第43轮：1/1批
v6_order_format_mass_ablated source=20260913 target=20260923 worlds_001 第44轮：1/1批
v6_order_format_mass_ablated source=20260913 target=20260923 worlds_001 第45轮：1/1批
v6_order_format_mass_ablated source=20260913 target=20260923 worlds_001 第46轮：1/1批
v6_order_format_mass_ablated source=20260913 target=20260923 worlds_001 第47轮：1/1批
v6_order_format_mass_ablated source=20260913 target=20260923 worlds_001 第48轮：1/1批
v6_order_format_mass_ablated source=20260913 target=20260923 worlds_001 第49轮：1/1批
v6_order_format_mass_ablated source=20260913 target=20260923 worlds_001 第50轮：1/1批
v6_order_format_mass_ablated source=20260913 target=20260923 worlds_001 第51轮：1/1批
v6_order_format_mass_ablated source=20260913 target=20260923 worlds_001 第52轮：1/1批
v6_order_format_mass_ablated source=20260913 target=20260923 worlds_001 第53轮：1/1批
v6_order_format_mass_ablated source=20260913 target=20260923 worlds_001 第54轮：1/1批
v6_order_format_mass_ablated source=20260913 target=20260923 worlds_001 第55轮：1/1批
v6_order_format_mass_ablated source=20260913 target=20260923 worlds_001 第56轮：1/1批
v6_order_format_mass_ablated source=20260913 target=20260923 worlds_001 第57轮：1/1批
v6_order_format_mass_ablated source=20260913 target=20260923 worlds_001 第58轮：1/1批
v6_order_format_mass_ablated source=20260913 target=20260923 worlds_001 第59轮：1/1批
v6_order_format_mass_ablated source=20260913 target=20260923 worlds_001 第60轮：1/1批
v6_order_format_mass_ablated source=20260913 target=20260923 worlds_001 第61轮：1/1批
v6_order_format_mass_ablated source=20260913 target=20260923 worlds_001 第62轮：1/1批
v6_order_format_mass_ablated source=20260913 target=20260923 worlds_001 第63轮：1/1批
v6_order_format_mass_ablated source=20260913 target=20260923 worlds_001 第64轮：1/1批
v6_order_format_mass_ablated source=20260913 target=20260923 worlds_001 第65轮：1/1批
v6_order_format_mass_ablated source=20260913 target=20260923 worlds_001 第66轮：1/1批
v6_order_format_mass_ablated source=20260913 target=20260923 worlds_001 第67轮：1/1批
v6_order_format_mass_ablated source=20260913 target=20260923 worlds_001 第68轮：1/1批
v6_order_format_mass_ablated source=20260913 target=20260923 worlds_001 第69轮：1/1批
v6_order_format_mass_ablated source=20260913 target=20260923 worlds_001 第70轮：1/1批
v6_order_format_mass_ablated source=20260913 target=20260923 worlds_001 第71轮：1/1批
v6_order_format_mass_ablated source=20260913 target=20260923 worlds_001 第72轮：1/1批
v6_order_format_mass_ablated source=20260913 target=20260923 worlds_001 第73轮：1/1批
v6_order_format_mass_ablated source=20260913 target=20260923 worlds_001 第74轮：1/1批
v6_order_format_mass_ablated source=20260913 target=20260923 worlds_001 第75轮：1/1批
v6_order_format_mass_ablated source=20260913 target=20260923 worlds_001 第76轮：1/1批
v6_order_format_mass_ablated source=20260913 target=20260923 worlds_001 第77轮：1/1批
v6_order_format_mass_ablated source=20260913 target=20260923 worlds_001 第78轮：1/1批
v6_order_format_mass_ablated source=20260913 target=20260923 worlds_001 第79轮：1/1批
v6_order_format_mass_ablated source=20260913 target=20260923 worlds_001 第80轮：1/1批
v6_order_format_mass_ablated source=20260913 target=20260923 worlds_001 第81轮：1/1批
v6_order_format_mass_ablated source=20260913 target=20260923 worlds_001 第82轮：1/1批
v6_order_format_mass_ablated source=20260913 target=20260923 worlds_001 第83轮：1/1批
v6_order_format_mass_ablated source=20260913 target=20260923 worlds_001 第84轮：1/1批
v6_order_format_mass_ablated source=20260913 target=20260923 worlds_001 第85轮：1/1批
v6_order_format_mass_ablated source=20260913 target=20260923 worlds_001 第86轮：1/1批
v6_order_format_mass_ablated source=20260913 target=20260923 worlds_001 第87轮：1/1批
v6_order_format_mass_ablated source=20260913 target=20260923 worlds_001 第88轮：1/1批
v6_order_format_mass_ablated source=20260913 target=20260923 worlds_001 第89轮：1/1批
v6_order_format_mass_ablated source=20260913 target=20260923 worlds_001 第90轮：1/1批
v6_order_format_mass_ablated source=20260913 target=20260923 worlds_001 第91轮：1/1批
v6_order_format_mass_ablated source=20260913 target=20260923 worlds_001 第92轮：1/1批
v6_order_format_mass_ablated source=20260913 target=20260923 worlds_001 第93轮：1/1批
v6_order_format_mass_ablated source=20260913 target=20260923 worlds_001 第94轮：1/1批
v6_order_format_mass_ablated source=20260913 target=20260923 worlds_001 第95轮：1/1批
v6_order_format_mass_ablated source=20260913 target=20260923 worlds_001 第96轮：1/1批
v6_order_format_mass_ablated source=20260913 target=20260923 worlds_001 第97轮：1/1批
v6_order_format_mass_ablated source=20260913 target=20260923 worlds_001 第98轮：1/1批
v6_order_format_mass_ablated source=20260913 target=20260923 worlds_001 第99轮：1/1批
v6_order_format_mass_ablated source=20260913 target=20260923 worlds_001 第100轮：1/1批
v6_order_format_mass_ablated source=20260913 target=20260923 worlds_001 第101轮：1/1批
v6_order_format_mass_ablated source=20260913 target=20260923 worlds_001 第102轮：1/1批
v6_order_format_mass_ablated source=20260913 target=20260923 worlds_001 第103轮：1/1批
v6_order_format_mass_ablated source=20260913 target=20260923 worlds_001 第104轮：1/1批
v6_order_format_mass_ablated source=20260913 target=20260923 worlds_001 第105轮：1/1批
v6_order_format_mass_ablated source=20260913 target=20260923 worlds_001 第106轮：1/1批
v6_order_format_mass_ablated source=20260913 target=20260923 worlds_001 第107轮：1/1批
v6_order_format_mass_ablated source=20260913 target=20260923 worlds_001 第108轮：1/1批
v6_order_format_mass_ablated source=20260913 target=20260923 worlds_001 第109轮：1/1批
v6_order_format_mass_ablated source=20260913 target=20260923 worlds_001 第110轮：1/1批
v6_order_format_mass_ablated source=20260913 target=20260923 worlds_001 第111轮：1/1批
v6_order_format_mass_ablated source=20260913 target=20260923 worlds_001 第112轮：1/1批
v6_order_format_mass_ablated source=20260913 target=20260923 worlds_001 第113轮：1/1批
v6_order_format_mass_ablated source=20260913 target=20260923 worlds_001 第114轮：1/1批
v6_order_format_mass_ablated source=20260913 target=20260923 worlds_001 第115轮：1/1批
v6_order_format_mass_ablated source=20260913 target=20260923 worlds_001 第116轮：1/1批
v6_order_format_mass_ablated source=20260913 target=20260923 worlds_001 第117轮：1/1批
v6_order_format_mass_ablated source=20260913 target=20260923 worlds_001 第118轮：1/1批
v6_order_format_mass_ablated source=20260913 target=20260923 worlds_001 第119轮：1/1批
v6_order_format_mass_ablated source=20260913 target=20260923 worlds_001 第120轮：1/1批
v6_order_format_mass_ablated source=20260913 target=20260923 worlds_001 第121轮：1/1批
v6_order_format_mass_ablated source=20260913 target=20260923 worlds_001 第122轮：1/1批
v6_order_format_mass_ablated source=20260913 target=20260923 worlds_001 第123轮：1/1批
v6_order_format_mass_ablated source=20260913 target=20260923 worlds_001 第124轮：1/1批
v6_order_format_mass_ablated source=20260913 target=20260923 worlds_001 第125轮：1/1批
v6_order_format_mass_ablated source=20260913 target=20260923 worlds_001 第126轮：1/1批
v6_order_format_mass_ablated source=20260913 target=20260923 worlds_001 第127轮：1/1批
v6_order_format_mass_ablated source=20260913 target=20260923 worlds_001 第128轮：1/1批
v6_order_format_mass_ablated source=20260913 target=20260923 worlds_001 第129轮：1/1批
v6_order_format_mass_ablated source=20260913 target=20260923 worlds_001 第130轮：1/1批
v6_order_format_mass_ablated source=20260913 target=20260923 worlds_001 第131轮：1/1批
v6_order_format_mass_ablated source=20260913 target=20260923 worlds_001 第132轮：1/1批
v6_order_format_mass_ablated source=20260913 target=20260923 worlds_001 第133轮：1/1批
v6_order_format_mass_ablated source=20260913 target=20260923 worlds_001 第134轮：1/1批
v6_order_format_mass_ablated source=20260913 target=20260923 worlds_001 第135轮：1/1批
v6_order_format_mass_ablated source=20260913 target=20260923 worlds_001 第136轮：1/1批
v6_order_format_mass_ablated source=20260913 target=20260923 worlds_001 第137轮：1/1批
v6_order_format_mass_ablated source=20260913 target=20260923 worlds_001 第138轮：1/1批
v6_order_format_mass_ablated source=20260913 target=20260923 worlds_001 第139轮：1/1批
v6_order_format_mass_ablated source=20260913 target=20260923 worlds_001 第140轮：1/1批
v6_order_format_mass_ablated source=20260913 target=20260923 worlds_001 第141轮：1/1批
v6_order_format_mass_ablated source=20260913 target=20260923 worlds_001 第142轮：1/1批
v6_order_format_mass_ablated source=20260913 target=20260923 worlds_001 第143轮：1/1批
v6_order_format_mass_ablated source=20260913 target=20260923 worlds_001 第144轮：1/1批
v6_order_format_mass_ablated source=20260913 target=20260923 worlds_001 第145轮：1/1批
v6_order_format_mass_ablated source=20260913 target=20260923 worlds_001 第146轮：1/1批
v6_order_format_mass_ablated source=20260913 target=20260923 worlds_001 第147轮：1/1批
v6_order_format_mass_ablated source=20260913 target=20260923 worlds_001 第148轮：1/1批
v6_order_format_mass_ablated source=20260913 target=20260923 worlds_001 第149轮：1/1批
v6_order_format_mass_ablated source=20260913 target=20260923 worlds_001 第150轮：1/1批
v6_order_format_mass_ablated source=20260913 target=20260923 worlds_001 第151轮：1/1批
v6_order_format_mass_ablated source=20260913 target=20260923 worlds_001 第152轮：1/1批
v6_order_format_mass_ablated source=20260913 target=20260923 worlds_001 第153轮：1/1批
v6_order_format_mass_ablated source=20260913 target=20260923 worlds_001 第154轮：1/1批
v6_order_format_mass_ablated source=20260913 target=20260923 worlds_001 第155轮：1/1批
v6_order_format_mass_ablated source=20260913 target=20260923 worlds_001 第156轮：1/1批
v6_order_format_mass_ablated source=20260913 target=20260923 worlds_001 第157轮：1/1批
v6_order_format_mass_ablated source=20260913 target=20260923 worlds_001 第158轮：1/1批
v6_order_format_mass_ablated source=20260913 target=20260923 worlds_001 第159轮：1/1批
v6_order_format_mass_ablated source=20260913 target=20260923 worlds_001 第160轮：1/1批
v6_order_format_mass_ablated source=20260913 target=20260923 worlds_001 第161轮：1/1批
v6_order_format_mass_ablated source=20260913 target=20260923 worlds_001 第162轮：1/1批
v6_order_format_mass_ablated source=20260913 target=20260923 worlds_001 第163轮：1/1批
v6_order_format_mass_ablated source=20260913 target=20260923 worlds_001 第164轮：1/1批
v6_order_format_mass_ablated source=20260913 target=20260923 worlds_001 第165轮：1/1批
v6_order_format_mass_ablated source=20260913 target=20260923 worlds_001 第166轮：1/1批
v6_order_format_mass_ablated source=20260913 target=20260923 worlds_001 第167轮：1/1批
v6_order_format_mass_ablated source=20260913 target=20260923 worlds_001 第168轮：1/1批
v6_order_format_mass_ablated source=20260913 target=20260923 worlds_001 第169轮：1/1批
v6_order_format_mass_ablated source=20260913 target=20260923 worlds_001 第170轮：1/1批
v6_order_format_mass_ablated source=20260913 target=20260923 worlds_001 第171轮：1/1批
v6_order_format_mass_ablated source=20260913 target=20260923 worlds_001 第172轮：1/1批
v6_order_format_mass_ablated source=20260913 target=20260923 worlds_001 第173轮：1/1批
v6_order_format_mass_ablated source=20260913 target=20260923 worlds_001 第174轮：1/1批
v6_order_format_mass_ablated source=20260913 target=20260923 worlds_001 第175轮：1/1批
v6_order_format_mass_ablated source=20260913 target=20260923 worlds_001 第176轮：1/1批
v6_order_format_mass_ablated source=20260913 target=20260923 worlds_001 第177轮：1/1批
v6_order_format_mass_ablated source=20260913 target=20260923 worlds_001 第178轮：1/1批
v6_order_format_mass_ablated source=20260913 target=20260923 worlds_001 第179轮：1/1批
v6_order_format_mass_ablated source=20260913 target=20260923 worlds_001 第180轮：1/1批
v6_order_format_mass_ablated source=20260913 target=20260923 worlds_001 第181轮：1/1批
v6_order_format_mass_ablated source=20260913 target=20260923 worlds_001 第182轮：1/1批
v6_order_format_mass_ablated source=20260913 target=20260923 worlds_001 第183轮：1/1批
v6_order_format_mass_ablated source=20260913 target=20260923 worlds_001 第184轮：1/1批
v6_order_format_mass_ablated source=20260913 target=20260923 worlds_001 第185轮：1/1批
v6_order_format_mass_ablated source=20260913 target=20260923 worlds_001 第186轮：1/1批
v6_order_format_mass_ablated source=20260913 target=20260923 worlds_001 第187轮：1/1批
v6_order_format_mass_ablated source=20260913 target=20260923 worlds_001 第188轮：1/1批
v6_order_format_mass_ablated source=20260913 target=20260923 worlds_001 第189轮：1/1批
v6_order_format_mass_ablated source=20260913 target=20260923 worlds_001 第190轮：1/1批
v6_order_format_mass_ablated source=20260913 target=20260923 worlds_001 第191轮：1/1批
v6_order_format_mass_ablated source=20260913 target=20260923 worlds_001 第192轮：1/1批
v6_order_format_mass_ablated source=20260913 target=20260923 worlds_001 第193轮：1/1批
v6_order_format_mass_ablated source=20260913 target=20260923 worlds_001 第194轮：1/1批
v6_order_format_mass_ablated source=20260913 target=20260923 worlds_001 第195轮：1/1批
v6_order_format_mass_ablated source=20260913 target=20260923 worlds_001 第196轮：1/1批
v6_order_format_mass_ablated source=20260913 target=20260923 worlds_001 第197轮：1/1批
v6_order_format_mass_ablated source=20260913 target=20260923 worlds_001 第198轮：1/1批
v6_order_format_mass_ablated source=20260913 target=20260923 worlds_001 第199轮：1/1批
v6_order_format_mass_ablated source=20260913 target=20260923 worlds_001 第200轮：1/1批
中文微调开发推理：50/500世界
中文微调开发推理：100/500世界
中文微调开发推理：150/500世界
中文微调开发推理：200/500世界
中文微调开发推理：250/500世界
中文微调开发推理：300/500世界
中文微调开发推理：350/500世界
中文微调开发推理：400/500世界
中文微调开发推理：450/500世界
中文微调开发推理：500/500世界
开始中文同预算模型：v6_order_format_mass_ablated_source_20260913_target_20260923_worlds_005
v6_order_format_mass_ablated source=20260913 target=20260923 worlds_005 第1轮：5/5批
v6_order_format_mass_ablated source=20260913 target=20260923 worlds_005 第2轮：5/5批
v6_order_format_mass_ablated source=20260913 target=20260923 worlds_005 第3轮：5/5批
v6_order_format_mass_ablated source=20260913 target=20260923 worlds_005 第4轮：5/5批
v6_order_format_mass_ablated source=20260913 target=20260923 worlds_005 第5轮：5/5批
v6_order_format_mass_ablated source=20260913 target=20260923 worlds_005 第6轮：5/5批
v6_order_format_mass_ablated source=20260913 target=20260923 worlds_005 第7轮：5/5批
v6_order_format_mass_ablated source=20260913 target=20260923 worlds_005 第8轮：5/5批
v6_order_format_mass_ablated source=20260913 target=20260923 worlds_005 第9轮：5/5批
v6_order_format_mass_ablated source=20260913 target=20260923 worlds_005 第10轮：5/5批
v6_order_format_mass_ablated source=20260913 target=20260923 worlds_005 第11轮：5/5批
v6_order_format_mass_ablated source=20260913 target=20260923 worlds_005 第12轮：5/5批
v6_order_format_mass_ablated source=20260913 target=20260923 worlds_005 第13轮：5/5批
v6_order_format_mass_ablated source=20260913 target=20260923 worlds_005 第14轮：5/5批
v6_order_format_mass_ablated source=20260913 target=20260923 worlds_005 第15轮：5/5批
v6_order_format_mass_ablated source=20260913 target=20260923 worlds_005 第16轮：5/5批
v6_order_format_mass_ablated source=20260913 target=20260923 worlds_005 第17轮：5/5批
v6_order_format_mass_ablated source=20260913 target=20260923 worlds_005 第18轮：5/5批
v6_order_format_mass_ablated source=20260913 target=20260923 worlds_005 第19轮：5/5批
v6_order_format_mass_ablated source=20260913 target=20260923 worlds_005 第20轮：5/5批
v6_order_format_mass_ablated source=20260913 target=20260923 worlds_005 第21轮：5/5批
v6_order_format_mass_ablated source=20260913 target=20260923 worlds_005 第22轮：5/5批
v6_order_format_mass_ablated source=20260913 target=20260923 worlds_005 第23轮：5/5批
v6_order_format_mass_ablated source=20260913 target=20260923 worlds_005 第24轮：5/5批
v6_order_format_mass_ablated source=20260913 target=20260923 worlds_005 第25轮：5/5批
v6_order_format_mass_ablated source=20260913 target=20260923 worlds_005 第26轮：5/5批
v6_order_format_mass_ablated source=20260913 target=20260923 worlds_005 第27轮：5/5批
v6_order_format_mass_ablated source=20260913 target=20260923 worlds_005 第28轮：5/5批
v6_order_format_mass_ablated source=20260913 target=20260923 worlds_005 第29轮：5/5批
v6_order_format_mass_ablated source=20260913 target=20260923 worlds_005 第30轮：5/5批
v6_order_format_mass_ablated source=20260913 target=20260923 worlds_005 第31轮：5/5批
v6_order_format_mass_ablated source=20260913 target=20260923 worlds_005 第32轮：5/5批
v6_order_format_mass_ablated source=20260913 target=20260923 worlds_005 第33轮：5/5批
v6_order_format_mass_ablated source=20260913 target=20260923 worlds_005 第34轮：5/5批
v6_order_format_mass_ablated source=20260913 target=20260923 worlds_005 第35轮：5/5批
v6_order_format_mass_ablated source=20260913 target=20260923 worlds_005 第36轮：5/5批
v6_order_format_mass_ablated source=20260913 target=20260923 worlds_005 第37轮：5/5批
v6_order_format_mass_ablated source=20260913 target=20260923 worlds_005 第38轮：5/5批
v6_order_format_mass_ablated source=20260913 target=20260923 worlds_005 第39轮：5/5批
v6_order_format_mass_ablated source=20260913 target=20260923 worlds_005 第40轮：5/5批
中文微调开发推理：50/500世界
中文微调开发推理：100/500世界
中文微调开发推理：150/500世界
中文微调开发推理：200/500世界
中文微调开发推理：250/500世界
中文微调开发推理：300/500世界
中文微调开发推理：350/500世界
中文微调开发推理：400/500世界
中文微调开发推理：450/500世界
中文微调开发推理：500/500世界
开始中文同预算模型：v6_order_format_mass_ablated_source_20260913_target_20260923_worlds_010
v6_order_format_mass_ablated source=20260913 target=20260923 worlds_010 第1轮：10/10批
v6_order_format_mass_ablated source=20260913 target=20260923 worlds_010 第2轮：10/10批
v6_order_format_mass_ablated source=20260913 target=20260923 worlds_010 第3轮：10/10批
v6_order_format_mass_ablated source=20260913 target=20260923 worlds_010 第4轮：10/10批
v6_order_format_mass_ablated source=20260913 target=20260923 worlds_010 第5轮：10/10批
v6_order_format_mass_ablated source=20260913 target=20260923 worlds_010 第6轮：10/10批
v6_order_format_mass_ablated source=20260913 target=20260923 worlds_010 第7轮：10/10批
v6_order_format_mass_ablated source=20260913 target=20260923 worlds_010 第8轮：10/10批
v6_order_format_mass_ablated source=20260913 target=20260923 worlds_010 第9轮：10/10批
v6_order_format_mass_ablated source=20260913 target=20260923 worlds_010 第10轮：10/10批
v6_order_format_mass_ablated source=20260913 target=20260923 worlds_010 第11轮：10/10批
v6_order_format_mass_ablated source=20260913 target=20260923 worlds_010 第12轮：10/10批
v6_order_format_mass_ablated source=20260913 target=20260923 worlds_010 第13轮：10/10批
v6_order_format_mass_ablated source=20260913 target=20260923 worlds_010 第14轮：10/10批
v6_order_format_mass_ablated source=20260913 target=20260923 worlds_010 第15轮：10/10批
v6_order_format_mass_ablated source=20260913 target=20260923 worlds_010 第16轮：10/10批
v6_order_format_mass_ablated source=20260913 target=20260923 worlds_010 第17轮：10/10批
v6_order_format_mass_ablated source=20260913 target=20260923 worlds_010 第18轮：10/10批
v6_order_format_mass_ablated source=20260913 target=20260923 worlds_010 第19轮：10/10批
v6_order_format_mass_ablated source=20260913 target=20260923 worlds_010 第20轮：10/10批
中文微调开发推理：50/500世界
中文微调开发推理：100/500世界
中文微调开发推理：150/500世界
中文微调开发推理：200/500世界
中文微调开发推理：250/500世界
中文微调开发推理：300/500世界
中文微调开发推理：350/500世界
中文微调开发推理：400/500世界
中文微调开发推理：450/500世界
中文微调开发推理：500/500世界
开始中文同预算模型：v6_order_format_mass_ablated_source_20260913_target_20260923_worlds_025
v6_order_format_mass_ablated source=20260913 target=20260923 worlds_025 第1轮：10/25批
v6_order_format_mass_ablated source=20260913 target=20260923 worlds_025 第1轮：20/25批
v6_order_format_mass_ablated source=20260913 target=20260923 worlds_025 第1轮：25/25批
v6_order_format_mass_ablated source=20260913 target=20260923 worlds_025 第2轮：10/25批
v6_order_format_mass_ablated source=20260913 target=20260923 worlds_025 第2轮：20/25批
v6_order_format_mass_ablated source=20260913 target=20260923 worlds_025 第2轮：25/25批
v6_order_format_mass_ablated source=20260913 target=20260923 worlds_025 第3轮：10/25批
v6_order_format_mass_ablated source=20260913 target=20260923 worlds_025 第3轮：20/25批
v6_order_format_mass_ablated source=20260913 target=20260923 worlds_025 第3轮：25/25批
v6_order_format_mass_ablated source=20260913 target=20260923 worlds_025 第4轮：10/25批
v6_order_format_mass_ablated source=20260913 target=20260923 worlds_025 第4轮：20/25批
v6_order_format_mass_ablated source=20260913 target=20260923 worlds_025 第4轮：25/25批
v6_order_format_mass_ablated source=20260913 target=20260923 worlds_025 第5轮：10/25批
v6_order_format_mass_ablated source=20260913 target=20260923 worlds_025 第5轮：20/25批
v6_order_format_mass_ablated source=20260913 target=20260923 worlds_025 第5轮：25/25批
v6_order_format_mass_ablated source=20260913 target=20260923 worlds_025 第6轮：10/25批
v6_order_format_mass_ablated source=20260913 target=20260923 worlds_025 第6轮：20/25批
v6_order_format_mass_ablated source=20260913 target=20260923 worlds_025 第6轮：25/25批
v6_order_format_mass_ablated source=20260913 target=20260923 worlds_025 第7轮：10/25批
v6_order_format_mass_ablated source=20260913 target=20260923 worlds_025 第7轮：20/25批
v6_order_format_mass_ablated source=20260913 target=20260923 worlds_025 第7轮：25/25批
v6_order_format_mass_ablated source=20260913 target=20260923 worlds_025 第8轮：10/25批
v6_order_format_mass_ablated source=20260913 target=20260923 worlds_025 第8轮：20/25批
v6_order_format_mass_ablated source=20260913 target=20260923 worlds_025 第8轮：25/25批
中文微调开发推理：50/500世界
中文微调开发推理：100/500世界
中文微调开发推理：150/500世界
中文微调开发推理：200/500世界
中文微调开发推理：250/500世界
中文微调开发推理：300/500世界
中文微调开发推理：350/500世界
中文微调开发推理：400/500世界
中文微调开发推理：450/500世界
中文微调开发推理：500/500世界
开始中文同预算模型：v6_order_format_mass_ablated_source_20260913_target_20260923_worlds_100
v6_order_format_mass_ablated source=20260913 target=20260923 worlds_100 第1轮：10/100批
v6_order_format_mass_ablated source=20260913 target=20260923 worlds_100 第1轮：20/100批
v6_order_format_mass_ablated source=20260913 target=20260923 worlds_100 第1轮：30/100批
v6_order_format_mass_ablated source=20260913 target=20260923 worlds_100 第1轮：40/100批
v6_order_format_mass_ablated source=20260913 target=20260923 worlds_100 第1轮：50/100批
v6_order_format_mass_ablated source=20260913 target=20260923 worlds_100 第1轮：60/100批
v6_order_format_mass_ablated source=20260913 target=20260923 worlds_100 第1轮：70/100批
v6_order_format_mass_ablated source=20260913 target=20260923 worlds_100 第1轮：80/100批
v6_order_format_mass_ablated source=20260913 target=20260923 worlds_100 第1轮：90/100批
v6_order_format_mass_ablated source=20260913 target=20260923 worlds_100 第1轮：100/100批
v6_order_format_mass_ablated source=20260913 target=20260923 worlds_100 第2轮：10/100批
v6_order_format_mass_ablated source=20260913 target=20260923 worlds_100 第2轮：20/100批
v6_order_format_mass_ablated source=20260913 target=20260923 worlds_100 第2轮：30/100批
v6_order_format_mass_ablated source=20260913 target=20260923 worlds_100 第2轮：40/100批
v6_order_format_mass_ablated source=20260913 target=20260923 worlds_100 第2轮：50/100批
v6_order_format_mass_ablated source=20260913 target=20260923 worlds_100 第2轮：60/100批
v6_order_format_mass_ablated source=20260913 target=20260923 worlds_100 第2轮：70/100批
v6_order_format_mass_ablated source=20260913 target=20260923 worlds_100 第2轮：80/100批
v6_order_format_mass_ablated source=20260913 target=20260923 worlds_100 第2轮：90/100批
v6_order_format_mass_ablated source=20260913 target=20260923 worlds_100 第2轮：100/100批
中文微调开发推理：50/500世界
中文微调开发推理：100/500世界
中文微调开发推理：150/500世界
中文微调开发推理：200/500世界
中文微调开发推理：250/500世界
中文微调开发推理：300/500世界
中文微调开发推理：350/500世界
中文微调开发推理：400/500世界
中文微调开发推理：450/500世界
中文微调开发推理：500/500世界
开始中文同预算模型：v6_order_format_mass_ablated_source_20260913_target_20260923_worlds_500
v6_order_format_mass_ablated source=20260913 target=20260923 worlds_500 第1轮：10/500批
v6_order_format_mass_ablated source=20260913 target=20260923 worlds_500 第1轮：20/500批
v6_order_format_mass_ablated source=20260913 target=20260923 worlds_500 第1轮：30/500批
v6_order_format_mass_ablated source=20260913 target=20260923 worlds_500 第1轮：40/500批
v6_order_format_mass_ablated source=20260913 target=20260923 worlds_500 第1轮：50/500批
v6_order_format_mass_ablated source=20260913 target=20260923 worlds_500 第1轮：60/500批
v6_order_format_mass_ablated source=20260913 target=20260923 worlds_500 第1轮：70/500批
v6_order_format_mass_ablated source=20260913 target=20260923 worlds_500 第1轮：80/500批
v6_order_format_mass_ablated source=20260913 target=20260923 worlds_500 第1轮：90/500批
v6_order_format_mass_ablated source=20260913 target=20260923 worlds_500 第1轮：100/500批
v6_order_format_mass_ablated source=20260913 target=20260923 worlds_500 第1轮：110/500批
v6_order_format_mass_ablated source=20260913 target=20260923 worlds_500 第1轮：120/500批
v6_order_format_mass_ablated source=20260913 target=20260923 worlds_500 第1轮：130/500批
v6_order_format_mass_ablated source=20260913 target=20260923 worlds_500 第1轮：140/500批
v6_order_format_mass_ablated source=20260913 target=20260923 worlds_500 第1轮：150/500批
v6_order_format_mass_ablated source=20260913 target=20260923 worlds_500 第1轮：160/500批
v6_order_format_mass_ablated source=20260913 target=20260923 worlds_500 第1轮：170/500批
v6_order_format_mass_ablated source=20260913 target=20260923 worlds_500 第1轮：180/500批
v6_order_format_mass_ablated source=20260913 target=20260923 worlds_500 第1轮：190/500批
v6_order_format_mass_ablated source=20260913 target=20260923 worlds_500 第1轮：200/500批
v6_order_format_mass_ablated source=20260913 target=20260923 worlds_500 第1轮：210/500批
v6_order_format_mass_ablated source=20260913 target=20260923 worlds_500 第1轮：220/500批
v6_order_format_mass_ablated source=20260913 target=20260923 worlds_500 第1轮：230/500批
v6_order_format_mass_ablated source=20260913 target=20260923 worlds_500 第1轮：240/500批
v6_order_format_mass_ablated source=20260913 target=20260923 worlds_500 第1轮：250/500批
v6_order_format_mass_ablated source=20260913 target=20260923 worlds_500 第1轮：260/500批
v6_order_format_mass_ablated source=20260913 target=20260923 worlds_500 第1轮：270/500批
v6_order_format_mass_ablated source=20260913 target=20260923 worlds_500 第1轮：280/500批
v6_order_format_mass_ablated source=20260913 target=20260923 worlds_500 第1轮：290/500批
v6_order_format_mass_ablated source=20260913 target=20260923 worlds_500 第1轮：300/500批
v6_order_format_mass_ablated source=20260913 target=20260923 worlds_500 第1轮：310/500批
v6_order_format_mass_ablated source=20260913 target=20260923 worlds_500 第1轮：320/500批
v6_order_format_mass_ablated source=20260913 target=20260923 worlds_500 第1轮：330/500批
v6_order_format_mass_ablated source=20260913 target=20260923 worlds_500 第1轮：340/500批
v6_order_format_mass_ablated source=20260913 target=20260923 worlds_500 第1轮：350/500批
v6_order_format_mass_ablated source=20260913 target=20260923 worlds_500 第1轮：360/500批
v6_order_format_mass_ablated source=20260913 target=20260923 worlds_500 第1轮：370/500批
v6_order_format_mass_ablated source=20260913 target=20260923 worlds_500 第1轮：380/500批
v6_order_format_mass_ablated source=20260913 target=20260923 worlds_500 第1轮：390/500批
v6_order_format_mass_ablated source=20260913 target=20260923 worlds_500 第1轮：400/500批
v6_order_format_mass_ablated source=20260913 target=20260923 worlds_500 第1轮：410/500批
v6_order_format_mass_ablated source=20260913 target=20260923 worlds_500 第1轮：420/500批
v6_order_format_mass_ablated source=20260913 target=20260923 worlds_500 第1轮：430/500批
v6_order_format_mass_ablated source=20260913 target=20260923 worlds_500 第1轮：440/500批
v6_order_format_mass_ablated source=20260913 target=20260923 worlds_500 第1轮：450/500批
v6_order_format_mass_ablated source=20260913 target=20260923 worlds_500 第1轮：460/500批
v6_order_format_mass_ablated source=20260913 target=20260923 worlds_500 第1轮：470/500批
v6_order_format_mass_ablated source=20260913 target=20260923 worlds_500 第1轮：480/500批
v6_order_format_mass_ablated source=20260913 target=20260923 worlds_500 第1轮：490/500批
v6_order_format_mass_ablated source=20260913 target=20260923 worlds_500 第1轮：500/500批
v6_order_format_mass_ablated source=20260913 target=20260923 worlds_500 第2轮：10/500批
v6_order_format_mass_ablated source=20260913 target=20260923 worlds_500 第2轮：20/500批
v6_order_format_mass_ablated source=20260913 target=20260923 worlds_500 第2轮：30/500批
v6_order_format_mass_ablated source=20260913 target=20260923 worlds_500 第2轮：40/500批
v6_order_format_mass_ablated source=20260913 target=20260923 worlds_500 第2轮：50/500批
v6_order_format_mass_ablated source=20260913 target=20260923 worlds_500 第2轮：60/500批
v6_order_format_mass_ablated source=20260913 target=20260923 worlds_500 第2轮：70/500批
v6_order_format_mass_ablated source=20260913 target=20260923 worlds_500 第2轮：80/500批
v6_order_format_mass_ablated source=20260913 target=20260923 worlds_500 第2轮：90/500批
v6_order_format_mass_ablated source=20260913 target=20260923 worlds_500 第2轮：100/500批
v6_order_format_mass_ablated source=20260913 target=20260923 worlds_500 第2轮：110/500批
v6_order_format_mass_ablated source=20260913 target=20260923 worlds_500 第2轮：120/500批
v6_order_format_mass_ablated source=20260913 target=20260923 worlds_500 第2轮：130/500批
v6_order_format_mass_ablated source=20260913 target=20260923 worlds_500 第2轮：140/500批
v6_order_format_mass_ablated source=20260913 target=20260923 worlds_500 第2轮：150/500批
v6_order_format_mass_ablated source=20260913 target=20260923 worlds_500 第2轮：160/500批
v6_order_format_mass_ablated source=20260913 target=20260923 worlds_500 第2轮：170/500批
v6_order_format_mass_ablated source=20260913 target=20260923 worlds_500 第2轮：180/500批
v6_order_format_mass_ablated source=20260913 target=20260923 worlds_500 第2轮：190/500批
v6_order_format_mass_ablated source=20260913 target=20260923 worlds_500 第2轮：200/500批
v6_order_format_mass_ablated source=20260913 target=20260923 worlds_500 第2轮：210/500批
v6_order_format_mass_ablated source=20260913 target=20260923 worlds_500 第2轮：220/500批
v6_order_format_mass_ablated source=20260913 target=20260923 worlds_500 第2轮：230/500批
v6_order_format_mass_ablated source=20260913 target=20260923 worlds_500 第2轮：240/500批
v6_order_format_mass_ablated source=20260913 target=20260923 worlds_500 第2轮：250/500批
v6_order_format_mass_ablated source=20260913 target=20260923 worlds_500 第2轮：260/500批
v6_order_format_mass_ablated source=20260913 target=20260923 worlds_500 第2轮：270/500批
v6_order_format_mass_ablated source=20260913 target=20260923 worlds_500 第2轮：280/500批
v6_order_format_mass_ablated source=20260913 target=20260923 worlds_500 第2轮：290/500批
v6_order_format_mass_ablated source=20260913 target=20260923 worlds_500 第2轮：300/500批
v6_order_format_mass_ablated source=20260913 target=20260923 worlds_500 第2轮：310/500批
v6_order_format_mass_ablated source=20260913 target=20260923 worlds_500 第2轮：320/500批
v6_order_format_mass_ablated source=20260913 target=20260923 worlds_500 第2轮：330/500批
v6_order_format_mass_ablated source=20260913 target=20260923 worlds_500 第2轮：340/500批
v6_order_format_mass_ablated source=20260913 target=20260923 worlds_500 第2轮：350/500批
v6_order_format_mass_ablated source=20260913 target=20260923 worlds_500 第2轮：360/500批
v6_order_format_mass_ablated source=20260913 target=20260923 worlds_500 第2轮：370/500批
v6_order_format_mass_ablated source=20260913 target=20260923 worlds_500 第2轮：380/500批
v6_order_format_mass_ablated source=20260913 target=20260923 worlds_500 第2轮：390/500批
v6_order_format_mass_ablated source=20260913 target=20260923 worlds_500 第2轮：400/500批
v6_order_format_mass_ablated source=20260913 target=20260923 worlds_500 第2轮：410/500批
v6_order_format_mass_ablated source=20260913 target=20260923 worlds_500 第2轮：420/500批
v6_order_format_mass_ablated source=20260913 target=20260923 worlds_500 第2轮：430/500批
v6_order_format_mass_ablated source=20260913 target=20260923 worlds_500 第2轮：440/500批
v6_order_format_mass_ablated source=20260913 target=20260923 worlds_500 第2轮：450/500批
v6_order_format_mass_ablated source=20260913 target=20260923 worlds_500 第2轮：460/500批
v6_order_format_mass_ablated source=20260913 target=20260923 worlds_500 第2轮：470/500批
v6_order_format_mass_ablated source=20260913 target=20260923 worlds_500 第2轮：480/500批
v6_order_format_mass_ablated source=20260913 target=20260923 worlds_500 第2轮：490/500批
v6_order_format_mass_ablated source=20260913 target=20260923 worlds_500 第2轮：500/500批
中文微调开发推理：50/500世界
中文微调开发推理：100/500世界
中文微调开发推理：150/500世界
中文微调开发推理：200/500世界
中文微调开发推理：250/500世界
中文微调开发推理：300/500世界
中文微调开发推理：350/500世界
中文微调开发推理：400/500世界
中文微调开发推理：450/500世界
中文微调开发推理：500/500世界
{
  "audit_a_truth_reads": 0,
  "audit_b_truth_reads": 0,
  "comparisons": {
    "claim_boundary": "CHINESE_DEVELOPMENT_CANDIDATE_ONLY_NOT_BLIND_TRANSFER_CONFIRMATION",
    "learning_curve_budgets": [
      "worlds_001",
      "worlds_005",
      "worlds_010",
      "worlds_025",
      "worlds_100",
      "worlds_500"
    ],
    "low_resource_development_candidate": false,
    "primary_aggregation": "world_equal",
    "primary_budget": "worlds_025",
    "saturation_budget": "worlds_500"
  },
  "elapsed_seconds": 4580.2726418972015,
  "model_count": 72,
  "policy_canonical_self_hash": "a4fb3f18267b821437e6c687ef3ba6dc3094b4d99ce7a94a818e3e91d9a30279",
  "selected_source_epochs": 1,
  "static_input_validation": {
    "audit_a_truth_reads": 0,
    "audit_b_truth_reads": 0,
    "chinese": {
      "development": {
        "sellers": 14000,
        "worlds": 500
      },
      "train": {
        "sellers": 14000,
        "worlds": 500
      }
    },
    "policy_canonical_self_hash": "a4fb3f18267b821437e6c687ef3ba6dc3094b4d99ce7a94a818e3e91d9a30279",
    "status": "PASSED_V6_STYLE_TRANSFER_STATIC_INPUTS",
    "v5_accounts": 82,
    "v6_accounts": 1015,
    "v6_pairs": 1950,
    "v6_train_components": 310,
    "v6_updates_per_epoch": 39
  },
  "status": "COMPLETED_EQUAL_BUDGET_CHINESE_DEVELOPMENT_COMPARISON",
  "temporary_source_checkpoints_retained": 0
}
