pair_uid,chunk_bge_m3__all_chunk_mean_cosine,chunk_bge_m3__field_equal_mean_cosine,chunk_bge_m3__symmetric_top3_block_cosine,chunk_bge_m3__category_mean_cosine,chunk_bge_m3__title_mean_cosine,chunk_bge_m3__description_mean_cosine
2017-12-05-philipjames11-darknetmarketplacedataagora20142015.xlsx|agora|seller_raw:Actorian||market_item.xlsx|apollon market|seller_raw:Made_man (100%),0.748124802325,0.652376003010,0.616866459587,0.676302357778,0.707838231589,0.584950597047
2017-12-05-philipjames11-darknetmarketplacedataagora20142015.xlsx|agora|seller_raw:DomCobb||market_item.xlsx|silk road 3.1|seller_raw:robthesilkroad,0.570108567776,0.423134948574,0.400168220753,0.476247434521,0.447817416234,0.320657527308
2017-12-05-philipjames11-darknetmarketplacedataagora20142015.xlsx|agora|seller_raw:JeanClochard||2017-12-05-philipjames11-darknetmarketplacedataagora20142015.xlsx|agora|seller_raw:MoneySell,0.939632605554,0.869297305124,0.701236232957,1.000000000000,0.920496593827,0.858020665277
2017-12-05-philipjames11-darknetmarketplacedataagora20142015.xlsx|agora|seller_raw:bestcocaine||market_item.xlsx|silk road 3.1|seller_raw:however,0.615236960943,0.492662153755,0.492271615847,0.663062394242,0.411178717586,0.540653163376
market_item.xlsx|Cartel|seller_raw:Dr_Heizen||market_item.xlsx|Cartel|seller_raw:MAGICMOVERS1,0.622220706712,0.558586523359,0.515314859603,0.777959966966,0.432821630979,0.590712848393
market_item.xlsx|Cartel|seller_raw:Drugsking||market_item.xlsx|darkfox market|seller_raw:rinyus,0.908360640556,0.759692552631,0.757239704194,0.881966511344,0.625936291528,0.916595069398
market_item.xlsx|Cartel|seller_raw:Godaddy1||market_item.xlsx|darkfox market|seller_raw:thecolonel,0.925247039260,0.818778767509,0.742560418952,0.945943156037,0.915658873783,0.723251908708
market_item.xlsx|Cartel|seller_raw:Hilfiger||market_item.xlsx|vice city|seller_raw:PILLSDr,0.785152059631,0.622118844095,0.614987633786,0.346909023412,0.722753920975,0.740483379544
market_item.xlsx|Cartel|seller_raw:fullplez||market_item.xlsx|apollon market|seller_raw:g3cko (96%),0.885739420340,0.724652551439,0.603309692856,0.824093981117,0.712950037108,0.851213130779
market_item.xlsx|Cartel|seller_raw:irishoncoke||market_item.xlsx|apollon market|seller_raw:backagain1 (100%),0.899678729383,0.804004759914,0.728032915200,0.580688946597,0.876405226017,0.879808074231
market_item.xlsx|Cartel|seller_raw:theword1||market_item.xlsx|dark0de|seller_raw:mensguru,0.925442410875,0.856346198848,0.749176536349,0.891611511872,0.899157533213,0.846440965723
market_item.xlsx|Lime|seller_raw:BossAmerica||market_item.xlsx|agartha market|seller_raw:Bestplug,0.901715614175,0.762272062006,0.658077470733,0.770772620756,0.796368770011,0.865373555957
market_item.xlsx|Lime|seller_raw:Cityshop||market_item.xlsx|agartha market|seller_raw:CITYSHOP92,0.932077571468,0.791982844934,0.696982971597,0.808717648453,0.769441634127,0.925248274972
market_item.xlsx|Lime|seller_raw:Cityshop||market_item.xlsx|agartha market|seller_raw:chrisstore24,0.942642486226,0.813376289535,0.705328775343,0.777339747312,0.847719707329,0.918105823634
market_item.xlsx|Lime|seller_raw:Darkhackman||market_item.xlsx|Lime|seller_raw:Gerybell,0.927517630643,0.835912606527,0.740306472926,0.964539807231,0.869717428881,0.824975709054
market_item.xlsx|Lime|seller_raw:Legithustle420||market_item.xlsx|agartha market|seller_raw:Ortegameds,0.869954204516,0.712302888147,0.629531255150,0.762645985777,0.700403720776,0.822364287643
market_item.xlsx|Lime|seller_raw:Legithustle420||market_item.xlsx|agartha market|seller_raw:ProGlobalSam,0.855554123857,0.723016508301,0.647955088674,0.747070885581,0.764966689494,0.770949301426
market_item.xlsx|Lime|seller_raw:Lordpharma||market_item.xlsx|agartha market|seller_raw:carlosjuan,0.913228470989,0.787141632341,0.684515413447,0.756928343099,0.778017102716,0.879470528033
market_item.xlsx|Lime|seller_raw:Lordpharma||market_item.xlsx|agartha market|seller_raw:chrisstore24,0.887633027312,0.751610565868,0.662198187430,0.762527966833,0.768527252280,0.839506422962
market_item.xlsx|Lime|seller_raw:Namara||market_item.xlsx|apollon market|seller_raw:mydeals (100%),0.842415023215,0.724519914798,0.617406384526,0.647213579227,0.632274765877,0.875918927007
market_item.xlsx|Lime|seller_raw:USADRUGLORD||market_item.xlsx|agartha market|seller_raw:willson99,0.945495109828,0.833577558455,0.744708264347,0.844773120736,0.813649817473,0.934438073729
market_item.xlsx|Lime|seller_raw:darklord||market_item.xlsx|Lime|seller_raw:tomandjerry1,0.885101870521,0.771735011983,0.721308933725,0.830389548820,0.731454064914,0.864378827259
market_item.xlsx|Lime|seller_raw:grandmaster||market_item.xlsx|Lime|seller_raw:ketplug,0.924045940679,0.795611922826,0.664390989627,0.906086208023,0.795854793091,0.897262268656
market_item.xlsx|Lime|seller_raw:grandmaster||market_item.xlsx|agartha market|seller_raw:CITYSHOP92,0.915721809138,0.762221250042,0.678586221341,0.769837696571,0.750082127022,0.894724352663
market_item.xlsx|Lime|seller_raw:grandmaster||market_item.xlsx|agartha market|seller_raw:truu00,0.932254108830,0.795938651583,0.704099788054,0.769928886530,0.848291749331,0.889145373005
market_item.xlsx|Lime|seller_raw:jennifer||market_item.xlsx|agartha market|seller_raw:labdoctor,0.871720214149,0.732366391586,0.640996265762,0.777791336803,0.755062798652,0.818303153686
market_item.xlsx|Lime|seller_raw:ketplug||market_item.xlsx|agartha market|seller_raw:CITYSHOP92,0.935764620270,0.793096917723,0.690878682104,0.811563286294,0.810201716511,0.901203110742
market_item.xlsx|Lime|seller_raw:ketplug||market_item.xlsx|agartha market|seller_raw:Lordpharma,0.932063924618,0.750981580101,0.673119958726,0.765217528184,0.721624838808,0.929367401171
market_item.xlsx|Lime|seller_raw:maxmann||market_item.xlsx|darkfox market|seller_raw:opportunity,0.887806402800,0.737805631552,0.689639654694,0.883901403805,0.716537557818,0.775401116096
market_item.xlsx|Lime|seller_raw:methking||market_item.xlsx|agartha market|seller_raw:dreamboss,0.876451112927,0.725992246751,0.646047313492,0.749553491731,0.741984358844,0.842928534966
market_item.xlsx|Lime|seller_raw:michaeldean||market_item.xlsx|agartha market|seller_raw:CannaCare,0.881473798906,0.738666433208,0.641041970703,0.835022743259,0.704297870652,0.831953152395
market_item.xlsx|Lime|seller_raw:michaeldean||market_item.xlsx|agartha market|seller_raw:Legitsales,0.866107911120,0.709630175111,0.638516494875,0.764647023630,0.686737581689,0.841600802691
market_item.xlsx|Lime|seller_raw:michaeldean||market_item.xlsx|agartha market|seller_raw:dozy1992,0.875127444025,0.691206860376,0.620272328051,0.770784264227,0.679993561851,0.797815547260
market_item.xlsx|Lime|seller_raw:michaeldean||market_item.xlsx|agartha market|seller_raw:kaiserplug,0.854585152665,0.686205469831,0.600511686579,0.770316869660,0.711254624211,0.785157580088
market_item.xlsx|Lime|seller_raw:michaeldean||market_item.xlsx|agartha market|seller_raw:makershop,0.890336655792,0.704174566204,0.624502313653,0.782712158210,0.697276589543,0.838918617242
market_item.xlsx|Lime|seller_raw:michaeldean||market_item.xlsx|agartha market|seller_raw:private,0.881771675579,0.708722781031,0.616688584824,0.794862558987,0.667291862891,0.830247688438
market_item.xlsx|Lime|seller_raw:michaeldean||market_item.xlsx|agartha market|seller_raw:tonyplug,0.832686303072,0.692864630394,0.646158838646,0.767144484088,0.699791722022,0.756297031643
market_item.xlsx|Lime|seller_raw:quick45||market_item.xlsx|darkfox market|seller_raw:usdrill,0.780670803039,0.680459886979,0.611043387045,0.890529016212,0.743142197118,0.658541924569
market_item.xlsx|Lime|seller_raw:sweetNtreat||market_item.xlsx|cannazon market|seller_raw:Weed365,0.841425358520,0.702639959724,0.640450107025,0.559621986183,0.607510892268,0.897995433008
market_item.xlsx|Lime|seller_raw:zulvinapills||market_item.xlsx|agartha market|seller_raw:legitsupply,0.883103022738,0.746990994487,0.651093837228,0.769966649584,0.817926223462,0.806048903011
market_item.xlsx|agartha market|seller_raw:AlexMuyer||market_item.xlsx|agartha market|seller_raw:drugload90,0.869224228509,0.731954228610,0.656118699098,0.787997649709,0.760072431571,0.823659808305
market_item.xlsx|agartha market|seller_raw:Bestplug||market_item.xlsx|agartha market|seller_raw:CannaCare,0.863909953945,0.747319371991,0.640827516939,0.928128907225,0.710662204389,0.833276065046
market_item.xlsx|agartha market|seller_raw:Bestplug||market_item.xlsx|agartha market|seller_raw:ExpressScripts,0.868626420688,0.732520437768,0.630303925351,0.861267794990,0.712502026593,0.823306465441
market_item.xlsx|agartha market|seller_raw:Bestplug||market_item.xlsx|agartha market|seller_raw:Global_trade,0.840303755869,0.651269772819,0.585110807148,0.767940735000,0.594853063719,0.819026530311
market_item.xlsx|agartha market|seller_raw:Bestplug||market_item.xlsx|agartha market|seller_raw:Legitwhite,0.879075530591,0.748861678160,0.647838571146,0.864066364414,0.710138502708,0.853241153509
market_item.xlsx|agartha market|seller_raw:Bestplug||market_item.xlsx|agartha market|seller_raw:bluesstore,0.878414165959,0.762680494602,0.635163999611,0.920314218157,0.747975963343,0.838745329485
market_item.xlsx|agartha market|seller_raw:Bestplug||market_item.xlsx|agartha market|seller_raw:pestein,0.870484831952,0.738443765935,0.624418013161,0.874416253601,0.701706075031,0.839584636641
market_item.xlsx|agartha market|seller_raw:Billsbarons420||market_item.xlsx|agartha market|seller_raw:PHARMAHOUSE,0.932753863753,0.802155139792,0.728775109116,0.923037011431,0.790192959141,0.906634226542
market_item.xlsx|agartha market|seller_raw:Billsbarons420||market_item.xlsx|agartha market|seller_raw:ProGlobalSam,0.933375178057,0.837753144178,0.749619607052,0.939440026257,0.812789446629,0.913388575593
market_item.xlsx|agartha market|seller_raw:Billsbarons420||market_item.xlsx|agartha market|seller_raw:drugload90,0.937146190291,0.822656260276,0.738351732111,0.920923237462,0.806207453328,0.918771402712
market_item.xlsx|agartha market|seller_raw:CannaCare||market_item.xlsx|agartha market|seller_raw:ExpressScripts,0.910493484967,0.792710064743,0.705019441915,0.888145278749,0.764571242164,0.860854364454
market_item.xlsx|agartha market|seller_raw:CannaCare||market_item.xlsx|agartha market|seller_raw:Global_trade,0.875545297371,0.720616477773,0.654461409816,0.793302102956,0.715199234531,0.832320528844
market_item.xlsx|agartha market|seller_raw:CannaCare||market_item.xlsx|agartha market|seller_raw:Legitwhite,0.926506065099,0.832541063439,0.728462009234,0.931492665821,0.818647426330,0.890436866381
market_item.xlsx|agartha market|seller_raw:CannaCare||market_item.xlsx|agartha market|seller_raw:kaiserplug,0.925381374349,0.806429426594,0.705955897157,0.908180325111,0.814818883235,0.881799787671
market_item.xlsx|agartha market|seller_raw:CannaCare||market_item.xlsx|agartha market|seller_raw:private,0.895576595569,0.775903007468,0.664261628768,0.906833549785,0.740544361342,0.860336491615
market_item.xlsx|agartha market|seller_raw:CannaCare||market_item.xlsx|agartha market|seller_raw:tonyplug,0.929337504462,0.829918204644,0.768579600678,0.891538856895,0.827077262038,0.902999619631
market_item.xlsx|agartha market|seller_raw:Daha2020||market_item.xlsx|agartha market|seller_raw:wolfhon66,0.963494842933,0.866594489910,0.751822513211,0.947998551817,0.893639110050,0.934807254896
market_item.xlsx|agartha market|seller_raw:Damason||market_item.xlsx|agartha market|seller_raw:Jamesrox,0.767656894843,0.696391699528,0.603900152801,0.891542313134,0.671173566167,0.694981160431
market_item.xlsx|agartha market|seller_raw:Damason||market_item.xlsx|agartha market|seller_raw:caliscoties,0.731838501966,0.634420868063,0.560290650176,0.793205677289,0.602465761962,0.674124686421
market_item.xlsx|agartha market|seller_raw:Damason||market_item.xlsx|agartha market|seller_raw:legitsupply,0.740261356652,0.655796505550,0.574968439763,0.880421363446,0.683054029480,0.644762793581
market_item.xlsx|agartha market|seller_raw:EU_STORE||market_item.xlsx|agartha market|seller_raw:legit1,0.941472105972,0.847484496023,0.751783300580,0.969801300898,0.850631959715,0.896614122575
market_item.xlsx|agartha market|seller_raw:ElCokeCo||market_item.xlsx|agartha market|seller_raw:Perfectsales,0.784949360199,0.703476246222,0.593496201311,0.872600022630,0.634867279733,0.692853729000
market_item.xlsx|agartha market|seller_raw:ExpressScripts||market_item.xlsx|agartha market|seller_raw:Global_trade,0.880849433219,0.727265882667,0.649054278537,0.926838931852,0.697768860979,0.804036353452
market_item.xlsx|agartha market|seller_raw:ExpressScripts||market_item.xlsx|agartha market|seller_raw:pestein,0.893183050133,0.771650566138,0.663560985624,0.868556594307,0.701164625582,0.855919626125
market_item.xlsx|agartha market|seller_raw:GehLegit||market_item.xlsx|agartha market|seller_raw:dozy1992,0.853333134198,0.712272730276,0.611878105038,0.909708939399,0.713440685169,0.759395055563
market_item.xlsx|agartha market|seller_raw:GehLegit||market_item.xlsx|agartha market|seller_raw:legitsupply,0.872474629184,0.764952405789,0.632931441446,0.945493213991,0.773229328734,0.801384044148
market_item.xlsx|agartha market|seller_raw:Global_trade||market_item.xlsx|agartha market|seller_raw:Legitwhite,0.878450925128,0.711402120881,0.647430315050,0.735255204907,0.717570039477,0.856652333036
market_item.xlsx|agartha market|seller_raw:Global_trade||market_item.xlsx|agartha market|seller_raw:Rozaydaplug,0.806585928935,0.676929821715,0.580885699821,0.823865512409,0.665433077494,0.752758535121
market_item.xlsx|agartha market|seller_raw:Global_trade||market_item.xlsx|agartha market|seller_raw:pestein,0.886305793826,0.714836361397,0.626183405720,0.787846547652,0.666393661208,0.865080516760
market_item.xlsx|agartha market|seller_raw:Jamesrox||market_item.xlsx|agartha market|seller_raw:Walgreens,0.908344400558,0.785897366156,0.693754869489,0.824538919574,0.815265724322,0.822191160509
market_item.xlsx|agartha market|seller_raw:Legitsales||market_item.xlsx|agartha market|seller_raw:kaiserplug,0.877686390068,0.744232149657,0.673041882259,0.853142115362,0.808338147123,0.809677145054
market_item.xlsx|agartha market|seller_raw:Legitsales||market_item.xlsx|agartha market|seller_raw:tonyplug,0.948115788082,0.843119594426,0.786482507345,0.930687591302,0.876246481284,0.898803710038
market_item.xlsx|agartha market|seller_raw:Legitwhite||market_item.xlsx|agartha market|seller_raw:Major_Distributor,0.947336356824,0.820409026266,0.728675544529,0.880347093127,0.866737154230,0.898578012768
market_item.xlsx|agartha market|seller_raw:Legitwhite||market_item.xlsx|agartha market|seller_raw:pestein,0.908442229634,0.777440221131,0.691635000290,0.875936540530,0.679912439099,0.904886725952
market_item.xlsx|agartha market|seller_raw:Ortegameds||market_item.xlsx|agartha market|seller_raw:sanj,0.793621628692,0.697712288449,0.615664834755,0.932742075054,0.686294426178,0.704323931914
market_item.xlsx|agartha market|seller_raw:PHARMAHOUSE||market_item.xlsx|agartha market|seller_raw:dozy1992,0.860328847077,0.718396420701,0.639322439220,0.849338903815,0.747368439935,0.775824182917
market_item.xlsx|agartha market|seller_raw:PHARMAHOUSE||market_item.xlsx|agartha market|seller_raw:drugload90,0.949130847475,0.803968881225,0.745456955919,0.950668634785,0.764308569627,0.931839965873
market_item.xlsx|agartha market|seller_raw:PHARMAHOUSE||market_item.xlsx|agartha market|seller_raw:fortunemaker,0.939042890301,0.793868613582,0.745135517155,0.903042337277,0.693607500761,0.934506828017
market_item.xlsx|agartha market|seller_raw:PHARMAHOUSE||market_item.xlsx|agartha market|seller_raw:medicalfarmer,0.924282789237,0.780867300953,0.711847056888,0.934911797292,0.799885596940,0.857338589633
market_item.xlsx|agartha market|seller_raw:Piposhop||market_item.xlsx|agartha market|seller_raw:medicalfarmer,0.879590060983,0.775427461434,0.672569400004,0.899743507884,0.768463605036,0.831488665011
market_item.xlsx|agartha market|seller_raw:PrestigeVendor||market_item.xlsx|agartha market|seller_raw:joejoeus,0.902313196040,0.835288920862,0.714225463192,0.911417394751,0.892852588189,0.839182802388
market_item.xlsx|agartha market|seller_raw:ProGlobalSam||market_item.xlsx|agartha market|seller_raw:dozy1992,0.868851788578,0.729761923466,0.660675679820,0.804826184971,0.679565984396,0.831212030255
market_item.xlsx|agartha market|seller_raw:ProGlobalSam||market_item.xlsx|agartha market|seller_raw:drugload90,0.950941612187,0.829004838030,0.765547966581,0.874004622999,0.846212369585,0.930823248997
market_item.xlsx|agartha market|seller_raw:ProGlobalSam||market_item.xlsx|agartha market|seller_raw:legitsupply,0.868540435229,0.751342931109,0.659275577815,0.894537352402,0.767192000834,0.802129754484
market_item.xlsx|agartha market|seller_raw:ProGlobalSam||market_item.xlsx|agartha market|seller_raw:tonyplug,0.970783917006,0.863024296376,0.819021781534,0.956432449304,0.841342833291,0.949627484089
market_item.xlsx|agartha market|seller_raw:ProGlobalSam||market_item.xlsx|agartha market|seller_raw:vendor_men,0.944785168262,0.844102826528,0.757167081639,0.919288706238,0.856497161498,0.917516713664
market_item.xlsx|agartha market|seller_raw:Rodrigomendez||market_item.xlsx|agartha market|seller_raw:truu00,0.957141578561,0.862498104630,0.739053148785,0.972138095762,0.826027235316,0.941735522838
market_item.xlsx|agartha market|seller_raw:Rozaydaplug||market_item.xlsx|agartha market|seller_raw:USA_PITCHER,0.903899769786,0.774966047708,0.702541937808,0.823559324635,0.792440330069,0.877967476038
market_item.xlsx|agartha market|seller_raw:Rozaydaplug||market_item.xlsx|agartha market|seller_raw:carlosjuan,0.907639096630,0.774150546063,0.719865367379,0.895361242897,0.763921809501,0.877393053073
market_item.xlsx|agartha market|seller_raw:Rozaydaplug||market_item.xlsx|agartha market|seller_raw:pestein,0.848373613921,0.747387379652,0.636814247303,0.877248016432,0.746409636804,0.786689290529
market_item.xlsx|agartha market|seller_raw:Rozaydaplug||market_item.xlsx|agartha market|seller_raw:westernunionstore,0.913055683700,0.799606382573,0.712574674174,0.851191716140,0.821535687336,0.889316934570
market_item.xlsx|agartha market|seller_raw:USADruglord||market_item.xlsx|agartha market|seller_raw:medicalfarmer,0.929682389925,0.869915324886,0.733479998761,0.907918780855,0.888247809893,0.896236179149
market_item.xlsx|agartha market|seller_raw:USA_PITCHER||market_item.xlsx|agartha market|seller_raw:carlosjuan,0.923612738682,0.753427772383,0.688904154277,0.753311711439,0.772905929737,0.907396008154
market_item.xlsx|agartha market|seller_raw:USA_PITCHER||market_item.xlsx|agartha market|seller_raw:westernunionstore,0.952593619076,0.839850483613,0.731387050711,0.866716226268,0.860075154792,0.933874593589
market_item.xlsx|agartha market|seller_raw:WEEDKING01||market_item.xlsx|agartha market|seller_raw:truu00,0.932993622128,0.821992295232,0.716260560560,0.928103442230,0.830819475316,0.900026039309
market_item.xlsx|agartha market|seller_raw:Walgreens||market_item.xlsx|agartha market|seller_raw:caliscoties,0.898618035550,0.784761840027,0.673868533324,0.954253612234,0.784841586359,0.822617033712
market_item.xlsx|agartha market|seller_raw:Walgreens||market_item.xlsx|agartha market|seller_raw:kaiserplug,0.893096254631,0.768889831268,0.664290967052,0.874300924948,0.829618766741,0.810136569087
market_item.xlsx|agartha market|seller_raw:beckynaf||market_item.xlsx|agartha market|seller_raw:wolfhon66,0.914406915931,0.764604269559,0.684073370043,0.893338249282,0.799925914488,0.825697568684
market_item.xlsx|agartha market|seller_raw:bluesstore||market_item.xlsx|agartha market|seller_raw:dozy1992,0.891470806378,0.746245701042,0.647224600863,0.832071274993,0.755827746454,0.833213877831
market_item.xlsx|agartha market|seller_raw:carlosjuan||market_item.xlsx|agartha market|seller_raw:westernunionstore,0.940658930578,0.793718949043,0.705029046403,0.819226909711,0.815390761148,0.924890347948
market_item.xlsx|agartha market|seller_raw:deathrow2||market_item.xlsx|agartha market|seller_raw:kaiserplug,0.783242867573,0.658007818497,0.563052120406,0.829785758005,0.681419034074,0.699755358142
market_item.xlsx|agartha market|seller_raw:dozy1992||market_item.xlsx|agartha market|seller_raw:kaiserplug,0.878675426729,0.726240573807,0.633941326417,0.848165542635,0.792938978965,0.793207750093
market_item.xlsx|agartha market|seller_raw:dozy1992||market_item.xlsx|agartha market|seller_raw:makershop,0.922510669513,0.820440338358,0.681812511489,0.962413126873,0.809058789341,0.870263830353
market_item.xlsx|agartha market|seller_raw:dozy1992||market_item.xlsx|agartha market|seller_raw:tonyplug,0.840157337574,0.710898723798,0.654426230483,0.792545084260,0.740983937849,0.755183111228
market_item.xlsx|agartha market|seller_raw:drugload90||market_item.xlsx|agartha market|seller_raw:medicalfarmer,0.914911805722,0.806262360351,0.712414314387,0.876158018526,0.837510796402,0.875530094263
market_item.xlsx|agartha market|seller_raw:drugload90||market_item.xlsx|agartha market|seller_raw:medscentre919,0.842466720223,0.709399385884,0.642577607674,0.735050953768,0.702446405849,0.813358309166
market_item.xlsx|agartha market|seller_raw:kaiserplug||market_item.xlsx|agartha market|seller_raw:makershop,0.882822553638,0.737215627638,0.630690538291,0.875967976474,0.805380447876,0.814758404307
market_item.xlsx|agartha market|seller_raw:kaiserplug||market_item.xlsx|agartha market|seller_raw:medicalfarmer,0.889506257559,0.755800925604,0.661596107664,0.892788139262,0.816544570362,0.800120511308
market_item.xlsx|agartha market|seller_raw:kaiserplug||market_item.xlsx|agartha market|seller_raw:private,0.887972645644,0.752178698031,0.635934432934,0.873720095476,0.763298643245,0.837852352515
market_item.xlsx|agartha market|seller_raw:kaiserplug||market_item.xlsx|agartha market|seller_raw:tonyplug,0.877621132413,0.763771020689,0.709627092979,0.899548305661,0.819728072353,0.815539970715
market_item.xlsx|agartha market|seller_raw:kaiserplug||market_item.xlsx|agartha market|seller_raw:wolfhon66,0.907441761833,0.777505630041,0.673895876598,0.860318024670,0.842545296989,0.846378314338
market_item.xlsx|agartha market|seller_raw:ketamshop||market_item.xlsx|agartha market|seller_raw:master,0.908731759240,0.763504500607,0.662718452764,0.963814790697,0.720289803225,0.884221769541
market_item.xlsx|agartha market|seller_raw:legitsupply||market_item.xlsx|agartha market|seller_raw:master,0.871470335170,0.705565651482,0.634421481820,0.909406328085,0.732873137006,0.773133597330
market_item.xlsx|agartha market|seller_raw:makershop||market_item.xlsx|agartha market|seller_raw:tonyplug,0.830946568823,0.723522036837,0.651625893352,0.829469350073,0.796883645719,0.740133190280
market_item.xlsx|agartha market|seller_raw:medicalfarmer||market_item.xlsx|agartha market|seller_raw:vendor_men,0.921576447978,0.809852990676,0.721929751560,0.841613194899,0.850611798467,0.897056844308
market_item.xlsx|agartha market|seller_raw:private||market_item.xlsx|agartha market|seller_raw:tonyplug,0.861916209900,0.762892669573,0.677414231418,0.932457122153,0.763312646557,0.806240379447
market_item.xlsx|apollon market|seller_raw:2GD4DN (100%)||market_item.xlsx|dark0de|seller_raw:yourgirlmolly,0.869308774324,0.733879171929,0.702262958389,0.630245798805,0.676629677180,0.878325138317
market_item.xlsx|apollon market|seller_raw:3Monkeys (96%)||market_item.xlsx|apollon market|seller_raw:DutchHarbour (50%),0.865925521461,0.732081637307,0.660607724915,0.963660602819,0.779085847840,0.615858617953
market_item.xlsx|apollon market|seller_raw:AMSTERDAM-TRANSPORT (100%)||market_item.xlsx|apollon market|seller_raw:HollandOnline (95%),0.899824670750,0.798203709324,0.720814075062,0.872203599437,0.776922322868,0.885595965676
market_item.xlsx|apollon market|seller_raw:AddyUSA (100%)||market_item.xlsx|dark0de|seller_raw:lastpink,0.810958442840,0.659084714701,0.602499568284,0.642291503254,0.663158338572,0.669123159143
market_item.xlsx|apollon market|seller_raw:AlphaGenetics (100%)||market_item.xlsx|apollon market|seller_raw:AmericanAnabolics (100%),0.913546018708,0.858090128822,0.795743803628,1.000000000000,0.885370098887,0.813380968269
market_item.xlsx|apollon market|seller_raw:AmericanAnabolics (100%)||market_item.xlsx|apollon market|seller_raw:Badbear707 (100%),0.894939424927,0.823961149006,0.739694118996,1.000000000000,0.853398514456,0.793028141332
market_item.xlsx|apollon market|seller_raw:AmsterdamNL (100%)||market_item.xlsx|apollon market|seller_raw:Thisisholland (99%),0.932294351500,0.819643544639,0.756071087740,0.984778889791,0.741042358901,0.915278378205
market_item.xlsx|apollon market|seller_raw:AndyMacht (100%)||market_item.xlsx|apollon market|seller_raw:StopANDShop (100%),0.904412572070,0.791335791690,0.711814180008,0.816623660610,0.851419567381,0.863821459014
market_item.xlsx|apollon market|seller_raw:Bestbars (100%)||market_item.xlsx|apollon market|seller_raw:keranvends (100%),0.974593987804,0.903023274212,0.793733373798,0.916090533242,0.919169029381,0.973785281657
market_item.xlsx|apollon market|seller_raw:CaliforniaGirl (100%)||market_item.xlsx|apollon market|seller_raw:habbyshabby (99%),0.848291879680,0.748334683510,0.653669893957,1.000000000000,0.715424276205,0.756821324892
market_item.xlsx|apollon market|seller_raw:Charlie-s (100%)||market_item.xlsx|apollon market|seller_raw:Naturalminds (100%),0.911101973218,0.849833356528,0.791370836420,1.000000000000,0.818425033634,0.844121918515
market_item.xlsx|apollon market|seller_raw:Crownstar (100%)||market_item.xlsx|apollon market|seller_raw:Shan (100%),0.929284210811,0.875934527586,0.719233903925,0.996402835793,0.883721926984,0.900350037288
market_item.xlsx|apollon market|seller_raw:DHLExpress (100%)||market_item.xlsx|apollon market|seller_raw:NHSDirect (100%),0.870550772693,0.766000001840,0.713395664974,0.621621044790,0.811134385948,0.837156836775
market_item.xlsx|apollon market|seller_raw:Darjeeling (100%)||market_item.xlsx|apollon market|seller_raw:DrParagon (100%),0.850988249608,0.752508799889,0.711876516412,0.708509190258,0.888622734950,0.671522961056
market_item.xlsx|apollon market|seller_raw:DerFeinschmecker (100%)||market_item.xlsx|darkfox market|seller_raw:Feinschmecker,0.856180805667,0.691014296988,0.590603876481,0.620017512647,0.755787957341,0.737272037028
market_item.xlsx|apollon market|seller_raw:DrogenTeamDE (100%)||market_item.xlsx|apollon market|seller_raw:SuperDrugs (100%),0.966061575090,0.898628143298,0.738279111434,1.000000000000,0.873576038464,0.942004419412
market_item.xlsx|apollon market|seller_raw:Drugsterminator (91%)||market_item.xlsx|apollon market|seller_raw:Partydrug-NL (100%),0.981455983233,0.943471267441,0.783336122652,0.998593155855,0.942525713655,0.960316305519
market_item.xlsx|apollon market|seller_raw:DrulesLi (100%)||market_item.xlsx|apollon market|seller_raw:Guzmann77 (100%),0.918237705369,0.837817289135,0.739884543352,0.787882637578,0.961225906388,0.835544834274
market_item.xlsx|apollon market|seller_raw:DrulesLi (100%)||market_item.xlsx|apollon market|seller_raw:firechemicalshop (100%),0.914519389594,0.838197826411,0.714092479250,0.963963117967,0.880878074987,0.841842175569
market_item.xlsx|apollon market|seller_raw:DutchHellboy (100%)||market_item.xlsx|apollon market|seller_raw:FCBayernMunich (100%),0.848156331406,0.695131965899,0.652748187872,0.742904896390,0.759136362576,0.669721848179
market_item.xlsx|apollon market|seller_raw:Empyrean (100%)||market_item.xlsx|silk road 3.1|seller_raw:Goodchems,0.774023256062,0.571720421413,0.565028719415,0.468923725721,0.684340440086,0.570154135130
market_item.xlsx|apollon market|seller_raw:F1rstman (99%)||market_item.xlsx|dark0de|seller_raw:heroinfactory,0.924418670155,0.798403011571,0.726568394846,0.758496159382,0.748143035796,0.930938523589
market_item.xlsx|apollon market|seller_raw:GRUENEWALDSCAVE (100%)||market_item.xlsx|darkfox market|seller_raw:POSTMANPILL,0.850297405981,0.773272919334,0.691921124900,0.729599794549,0.791095114157,0.811328887139
market_item.xlsx|apollon market|seller_raw:HotShop (100%)||market_item.xlsx|dark0de|seller_raw:hotshop100,0.954236566862,0.754754242616,0.718195726942,0.637126109400,0.775886738269,0.955925839425
market_item.xlsx|apollon market|seller_raw:JOYinc (99%)||market_item.xlsx|cypher market|seller_raw:cmoney345,0.714601541368,0.626046981107,0.574473993872,0.623535216944,0.631025851090,0.665164307656
market_item.xlsx|apollon market|seller_raw:JiffyBagBoys (100%)||market_item.xlsx|dark0de|seller_raw:jiffybagboystor,0.893280612684,0.748177402763,0.675121927124,0.824047232752,0.727742195552,0.822573032874
market_item.xlsx|apollon market|seller_raw:JustRelax (100%)||market_item.xlsx|cannazon market|seller_raw:PappaHasch,0.900455947693,0.786977229413,0.736539743724,0.604264687759,0.854757558907,0.867018913958
market_item.xlsx|apollon market|seller_raw:Kojak (97%)||market_item.xlsx|silk road 3.1|seller_raw:prohack,0.903748880145,0.701501034666,0.643582413469,0.695395363839,0.728423021071,0.867730729850
market_item.xlsx|apollon market|seller_raw:LILpump305 (100%)||market_item.xlsx|apollon market|seller_raw:Xanos (100%),0.766068184081,0.588160423131,0.626205850472,0.322485624028,0.539164214562,0.808811621925
market_item.xlsx|apollon market|seller_raw:LaCoca (100%)||market_item.xlsx|apollon market|seller_raw:ScarlettsK (100%),0.856020021871,0.797909298668,0.642024569029,1.000000000000,0.808826698013,0.623778274781
market_item.xlsx|apollon market|seller_raw:Mellow (100%)||market_item.xlsx|silk road 3.1|seller_raw:tlc010190,0.748430260324,0.593530936603,0.571102542120,0.600747261287,0.586896271849,0.628173019625
market_item.xlsx|apollon market|seller_raw:NHS_UK (100%)||market_item.xlsx|apollon market|seller_raw:UKMASTERS (95%),0.916197722489,0.791986572832,0.715161909825,1.000000000000,0.833851557715,0.735501043897
market_item.xlsx|apollon market|seller_raw:NarcoExpress (100%)||market_item.xlsx|apollon market|seller_raw:flexcompany (100%),0.934946019804,0.844513201084,0.646724950644,0.988685510917,0.777209273028,0.910982340283
market_item.xlsx|apollon market|seller_raw:NarcoExpress (100%)||market_item.xlsx|apollon market|seller_raw:your_service (98%),0.938906387440,0.851502786590,0.642500639545,0.988685510917,0.806290964427,0.909353310578
market_item.xlsx|apollon market|seller_raw:NoPayNoPLay (100%)||market_item.xlsx|apollon market|seller_raw:UKMASTERS (95%),0.754061491805,0.629721101602,0.611673305516,0.608577808510,0.789881251375,0.533250972314
market_item.xlsx|apollon market|seller_raw:Omegakappa1 (100%)||market_item.xlsx|darkfox market|seller_raw:Odessy007,0.811462043226,0.662768105435,0.607982005749,0.613488780136,0.529640431186,0.836182314121
market_item.xlsx|apollon market|seller_raw:ProVendor (100%)||market_item.xlsx|silk road 3.1|seller_raw:SouthernSpecial,0.786610597268,0.613923311548,0.633749977564,0.457428690966,0.717065179194,0.564512219280
market_item.xlsx|apollon market|seller_raw:ProfessorsEmporium (100%)||market_item.xlsx|apollon market|seller_raw:PsylocybeFanaticus (100%),0.964590080070,0.934623788728,0.791155457601,1.000000000000,0.941406890636,0.942454870071
market_item.xlsx|apollon market|seller_raw:Shr00mery (100%)||market_item.xlsx|silk road 3.1|seller_raw:sam220,0.804209824101,0.648815137918,0.659702232564,0.510330632447,0.665504283486,0.729521476187
market_item.xlsx|apollon market|seller_raw:StealthPharmacy (100%)||market_item.xlsx|versus market|seller_raw:Diazeman,0.942721700136,0.850552595357,0.790923173740,0.816683649738,0.878335212245,0.934964820737
market_item.xlsx|apollon market|seller_raw:Telstra1 (100%)||market_item.xlsx|dark0de|seller_raw:telstra,0.906958041746,0.725712941688,0.693241633658,0.601748192146,0.721669669080,0.897568475829
market_item.xlsx|apollon market|seller_raw:TheStudent (100%)||market_item.xlsx|silk road 3.1|seller_raw:bringbeerforwifi,0.808345308686,0.713941384782,0.672202377982,0.700243915165,0.696780151323,0.753352975680
market_item.xlsx|apollon market|seller_raw:UKPHARMA (89%)||market_item.xlsx|apollon market|seller_raw:terrysukstock (98%),0.951799405976,0.891420656561,0.749956650823,0.990149322152,0.877866588159,0.929546356130
market_item.xlsx|apollon market|seller_raw:VitalikButerin (95%)||market_item.xlsx|silk road 3.1|seller_raw:Drugmarket,0.853787296151,0.680430871050,0.661919319227,0.489603927631,0.701456432164,0.836545410082
market_item.xlsx|apollon market|seller_raw:astronomicat (100%)||market_item.xlsx|silk road 3.1|seller_raw:jenkin,0.841722078889,0.730594155692,0.700109211492,0.700243950946,0.857153000469,0.619210413288
market_item.xlsx|apollon market|seller_raw:aussiemedic (100%)||market_item.xlsx|apollon market|seller_raw:budreaper (100%),0.833592056562,0.785730468471,0.669766734193,1.000000000000,0.759132619957,0.735411281779
market_item.xlsx|apollon market|seller_raw:biggertreesinc (98%)||market_item.xlsx|darkfox market|seller_raw:lutonlu,0.815571909621,0.706547594404,0.647765617960,0.584465779117,0.776321283052,0.764853351877
market_item.xlsx|apollon market|seller_raw:bluemagic (98%)||market_item.xlsx|apollon market|seller_raw:expresspharma (100%),0.922629785133,0.796645504618,0.743546977153,0.855449828771,0.802328747346,0.904890371264
market_item.xlsx|apollon market|seller_raw:bluemagic (98%)||market_item.xlsx|dark0de|seller_raw:expresspharma,0.936759841450,0.749449653759,0.708568189135,0.783270946134,0.762248075139,0.924697776421
market_item.xlsx|apollon market|seller_raw:brutalflapjacks (100%)||market_item.xlsx|apollon market|seller_raw:hogwartsexpress (100%),0.796884742072,0.651458187477,0.590684455592,0.737855935765,0.582150517283,0.777936582648
market_item.xlsx|apollon market|seller_raw:cleancards (94%)||market_item.xlsx|dark0de|seller_raw:gocash,0.931542629618,0.789075827460,0.751854132474,0.751702093269,0.744629673368,0.924160951979
market_item.xlsx|apollon market|seller_raw:cocaineuk1 (98%)||market_item.xlsx|apollon market|seller_raw:ukcocaine (100%),0.972753736808,0.961594551645,0.786433797192,1.000000000000,0.990579639818,0.949127638801
market_item.xlsx|apollon market|seller_raw:friskmint (100%)||market_item.xlsx|apollon market|seller_raw:shopmoreman (100%),0.927200254053,0.850342084001,0.729144139773,1.000000000000,0.876164687699,0.836808658923
market_item.xlsx|apollon market|seller_raw:hogwartsexpress (100%)||market_item.xlsx|apollon market|seller_raw:luck0923 (99%),0.859812309728,0.734611794688,0.651284762813,0.898633316665,0.636957417499,0.838523260266
market_item.xlsx|apollon market|seller_raw:jermaine (100%)||market_item.xlsx|apollon market|seller_raw:slanggang (100%),0.831603335893,0.682685221646,0.665294189595,0.609392716293,0.684691784081,0.784415833747
market_item.xlsx|apollon market|seller_raw:marleya (100%)||market_item.xlsx|apollon market|seller_raw:mentalistsales (100%),0.929313554090,0.869342799516,0.743311368113,1.000000000000,0.717452568386,0.959129262924
market_item.xlsx|apollon market|seller_raw:monoko (99%)||market_item.xlsx|apollon market|seller_raw:trooper941 (100%),0.885921519558,0.762714935127,0.706400443277,0.848517735552,0.784927227544,0.833009153527
market_item.xlsx|apollon market|seller_raw:opiateconnect (100%)||market_item.xlsx|dark0de|seller_raw:thegingerbreadmann,0.670288002346,0.536374171135,0.524456710881,0.658865874481,0.473702799663,0.610148327334
market_item.xlsx|apollon market|seller_raw:psychedeli (100%)||market_item.xlsx|silk road 3.1|seller_raw:leary,0.851211636295,0.595293078571,0.628825096379,0.510330632447,0.735999919347,0.398841843143
market_item.xlsx|apollon market|seller_raw:ransom12c (100%)||market_item.xlsx|tor2door market|seller_raw:Caliconect,0.803229671561,0.613525450297,0.574261005173,0.560814706441,0.770269330297,0.543718528060
market_item.xlsx|apollon market|seller_raw:shroomking (100%)||market_item.xlsx|dark0de|seller_raw:bitbuds,0.818425432388,0.720282601071,0.681509490027,0.680157526864,0.684350532677,0.815583180154
market_item.xlsx|apollon market|seller_raw:the-plutus (97%)||market_item.xlsx|darkfox market|seller_raw:plutus,0.871886737914,0.772761226796,0.669199274861,0.892846610381,0.753485287510,0.819909996199
market_item.xlsx|cannazon market|seller_raw:EiffelCartel||market_item.xlsx|dark0de|seller_raw:frenchycaneloni,0.905722689335,0.775006131430,0.685940207506,0.609531979024,0.833952639247,0.852058149554
market_item.xlsx|cannazon market|seller_raw:Weed365||market_item.xlsx|vice city|seller_raw:Brexitmooch,0.735423903691,0.567499882204,0.543049001937,0.448812699697,0.472930387705,0.749643653752
market_item.xlsx|cannazon market|seller_raw:WeedPhantom||market_item.xlsx|vice city|seller_raw:WeedHunter1312,0.879992633463,0.747111593238,0.678680219822,0.541923010872,0.793843181952,0.859230479879
market_item.xlsx|cypher market|seller_raw:cmoney345||market_item.xlsx|darkfox market|seller_raw:JOYinc,0.807140434771,0.720828400327,0.630937645378,1.000000000000,0.656329163751,0.685254980226
market_item.xlsx|dark0de|seller_raw:alphapharmaltd||market_item.xlsx|darkfox market|seller_raw:streetpushers,0.925531783796,0.845518918144,0.751660512608,0.829485383547,0.840526931845,0.922863313852
market_item.xlsx|dark0de|seller_raw:barguys||market_item.xlsx|dark0de|seller_raw:bulkbars,0.883940580567,0.763631242936,0.693804260214,0.652144280993,0.838846965053,0.820453283635
market_item.xlsx|dark0de|seller_raw:biggertreesinc||market_item.xlsx|dark0de|seller_raw:wec4020,0.856798171579,0.746656408403,0.700009315363,0.702660747806,0.783521006052,0.800211409283
market_item.xlsx|dark0de|seller_raw:c2c22||market_item.xlsx|tor2door market|seller_raw:Candy_flakes,0.821628429434,0.679706168463,0.672636593301,0.429202134546,0.578836518975,0.922091067848
market_item.xlsx|dark0de|seller_raw:c2c22||market_item.xlsx|tor2door market|seller_raw:CocoParis,0.821628423375,0.679706151078,0.672636585918,0.429202047617,0.578836518975,0.922091067848
market_item.xlsx|dark0de|seller_raw:c2c22||market_item.xlsx|tor2door market|seller_raw:VEVO,0.814602528129,0.676141574770,0.670098103125,0.429202047617,0.578836518975,0.905829077905
market_item.xlsx|dark0de|seller_raw:cosmiccannabispnw||market_item.xlsx|darkfox market|seller_raw:CosmicCannabis,0.848345213144,0.766855250216,0.664002194161,0.769890088955,0.849666544954,0.752035348676
market_item.xlsx|dark0de|seller_raw:dazn||market_item.xlsx|vice city|seller_raw:CastorSmiley,0.948446786969,0.854203535984,0.783821329690,0.880350286929,0.836116179201,0.952497997381
market_item.xlsx|dark0de|seller_raw:discountweedco||market_item.xlsx|silk road 3.1|seller_raw:Drugmarket,0.810625654195,0.656609194582,0.601761597059,0.705899315961,0.594300140534,0.735486899171
market_item.xlsx|dark0de|seller_raw:exoticimports||market_item.xlsx|dark0de|seller_raw:psycheshop,0.882905422331,0.694950435961,0.694368919679,0.608959902979,0.612488648858,0.904379520672
market_item.xlsx|dark0de|seller_raw:findyourmuse||market_item.xlsx|tor2door market|seller_raw:Muse,0.928000435144,0.817854388551,0.751074820383,0.583094956300,0.876736917591,0.922240270535
market_item.xlsx|dark0de|seller_raw:ghostbusterz||market_item.xlsx|darkfox market|seller_raw:drugsfarm,0.764208444956,0.751366014232,0.681486722432,0.828416154068,0.714610210051,0.639110061897
market_item.xlsx|dark0de|seller_raw:gimmesomeroy||market_item.xlsx|darkfox market|seller_raw:ilovelucy,0.837667262832,0.730373557760,0.675529862709,0.815197312317,0.647767998741,0.774979185362
market_item.xlsx|dark0de|seller_raw:gmailz||market_item.xlsx|vice city|seller_raw:Gmail,0.935494456736,0.850548895093,0.774344403817,0.684289454739,0.839196407396,0.975957122932
market_item.xlsx|dark0de|seller_raw:gocash||market_item.xlsx|vice city|seller_raw:Guthguth,0.949719302444,0.854818829445,0.780324839941,0.880350286929,0.851574571764,0.920837360831
market_item.xlsx|dark0de|seller_raw:gofast36||market_item.xlsx|dark0de|seller_raw:theolddoctorfe,0.839724425887,0.710809831363,0.638862819931,0.647012124423,0.824752233993,0.600047830623
market_item.xlsx|dark0de|seller_raw:kaliflora||market_item.xlsx|silk road 3.1|seller_raw:ovo,0.841147767570,0.713251955128,0.653306468118,0.705899315961,0.547462117692,0.907904671704
market_item.xlsx|dark0de|seller_raw:kidcannabis7||market_item.xlsx|dark0de|seller_raw:louderpacks,0.900300682153,0.829639278796,0.667452023753,1.000000000000,0.853868225848,0.631358754184
market_item.xlsx|dark0de|seller_raw:kingacc||market_item.xlsx|darkfox market|seller_raw:KingATM,0.862603472400,0.763600298608,0.688526850414,0.775605174313,0.776576389738,0.761528315479
market_item.xlsx|dark0de|seller_raw:ldnexpert||market_item.xlsx|versus market|seller_raw:PharmaWorldUK,0.928949776671,0.830129053138,0.758337815392,0.814838231063,0.836885154170,0.901629215005
market_item.xlsx|dark0de|seller_raw:mrcapri||market_item.xlsx|white house market|seller_raw:narcosxpress,0.650938495057,0.495528008586,0.487745961549,0.457157822439,0.414543167412,0.626094854393
market_item.xlsx|dark0de|seller_raw:onlyxans||market_item.xlsx|dark0de|seller_raw:thegingerbreadmann,0.758798261024,0.710399269406,0.610125154526,1.000000000000,0.608691042421,0.627924726062
market_item.xlsx|dark0de|seller_raw:perfectmeds||market_item.xlsx|darkfox market|seller_raw:bigdickvibes,0.901696201081,0.788642403421,0.752015006020,0.831825181181,0.856472273087,0.632221557034
market_item.xlsx|dark0de|seller_raw:pickwickfactorynl||market_item.xlsx|darkfox market|seller_raw:PickwckFctryNL,0.870100621389,0.764120112148,0.688152134931,0.838812555309,0.717000028420,0.841991289186
market_item.xlsx|dark0de|seller_raw:powerpuffuk||market_item.xlsx|monopoly market|seller_raw:sponge,0.835326686640,0.705434566877,0.638559222065,0.749966286474,0.682431467667,0.741612193881
market_item.xlsx|dark0de|seller_raw:sluts||market_item.xlsx|versus market|seller_raw:sluts1,0.944941848830,0.907915822802,0.757851013349,0.823417147524,0.892490161950,0.975568431571
market_item.xlsx|dark0de|seller_raw:sm0ke||market_item.xlsx|silk road 3.1|seller_raw:SonOfAGun,0.871052785225,0.707832173349,0.686832920762,0.507283627793,0.859358767614,0.656579851863
market_item.xlsx|dark0de|seller_raw:sm0ke||market_item.xlsx|silk road 3.1|seller_raw:dunderchief,0.796886291343,0.635182984307,0.616571511561,0.507283627793,0.637835473142,0.696480173729
market_item.xlsx|dark0de|seller_raw:supperfast001||market_item.xlsx|incognito|seller_raw:/vendor/vinicius12,0.829548709418,0.623745571774,0.591416647570,0.410945238979,0.501709044861,0.909802197908
market_item.xlsx|dark0de|seller_raw:thegingerbreadmann||market_item.xlsx|dark0de|seller_raw:xanman007,0.688716158105,0.627480301806,0.531546464803,1.000000000000,0.535370176901,0.503399751384
market_item.xlsx|dark0de|seller_raw:tiktokcc||market_item.xlsx|darkfox market|seller_raw:ramashkaCC,0.897492794545,0.778993001538,0.730023060417,0.760884703155,0.819484378870,0.833646238600
market_item.xlsx|darkfox market|seller_raw:Deus||market_item.xlsx|silk road 3.1|seller_raw:leary,0.808005408953,0.622974105684,0.619821978364,0.554208468877,0.704830812399,0.530556066565
market_item.xlsx|darkfox market|seller_raw:DrugAmazon||market_item.xlsx|darkfox market|seller_raw:Pinoccio,0.871625216248,0.778679824366,0.703957275249,0.931434051444,0.740085014758,0.825612970480
market_item.xlsx|darkfox market|seller_raw:FASTPLUG||market_item.xlsx|darkfox market|seller_raw:Newheavens,0.941270392808,0.846477622626,0.745448958994,0.905146339022,0.825645764315,0.924444282551
market_item.xlsx|darkfox market|seller_raw:HappyShopOrigi||market_item.xlsx|vice city|seller_raw:HappyShop,0.952976226762,0.832433064584,0.705314640041,0.832943199240,0.853323552768,0.938837408908
market_item.xlsx|darkfox market|seller_raw:JohnyBlack||market_item.xlsx|silk road 3.1|seller_raw:surfgxd,0.778058989379,0.585230554487,0.538344880275,0.471662451736,0.786774829595,0.308928056480
market_item.xlsx|darkfox market|seller_raw:Kaliflora||market_item.xlsx|silk road 3.1|seller_raw:ovo,0.877872215500,0.738178658630,0.661838033728,0.760105045923,0.604630781341,0.887838830230
market_item.xlsx|darkfox market|seller_raw:MOLADVI||market_item.xlsx|darkfox market|seller_raw:tornadoengine,0.814823492734,0.628183527172,0.630791352296,1.000000000000,0.494346269483,0.606494154224
market_item.xlsx|darkfox market|seller_raw:ROCKO||market_item.xlsx|vice city|seller_raw:Rugrats,0.776837835402,0.657533779901,0.586284440650,0.670942534042,0.729425361984,0.672711960435
market_item.xlsx|darkfox market|seller_raw:Tornad0cc||market_item.xlsx|darkfox market|seller_raw:cloudflare,0.835184074191,0.784824687851,0.696728645856,1.000000000000,0.694629598365,0.794451363587
market_item.xlsx|darkfox market|seller_raw:Tornad0cc||market_item.xlsx|silk road 3.1|seller_raw:dumbakarahi1,0.917697885838,0.821503700312,0.771162732596,0.660801420300,0.853288330935,0.914446991714
market_item.xlsx|darkfox market|seller_raw:USvendor||market_item.xlsx|darkfox market|seller_raw:jaymike,0.904959988668,0.816310550918,0.719026288824,0.841768203604,0.720167873491,0.936569007220
market_item.xlsx|darkfox market|seller_raw:USvendor||market_item.xlsx|darkfox market|seller_raw:stonesthrowJ,0.888202920548,0.785177271510,0.690512517962,0.845188992947,0.688268588836,0.937320649137
market_item.xlsx|darkfox market|seller_raw:alphapharmaltd||market_item.xlsx|darkfox market|seller_raw:streetpushers,0.898101568828,0.811481777169,0.727574964314,0.837034229523,0.763804571927,0.902494557569
market_item.xlsx|darkfox market|seller_raw:chemzy007||market_item.xlsx|incognito|seller_raw:/vendor/tomandjerry,0.811161322102,0.576640828465,0.593048151841,0.398405144487,0.478476646419,0.843224817801
market_item.xlsx|darkfox market|seller_raw:darkchick||market_item.xlsx|silk road 3.1|seller_raw:hellothere345,0.625841927162,0.458279392921,0.442328101817,0.390345047837,0.581311097709,0.280150328428
market_item.xlsx|darkfox market|seller_raw:live4drugs||market_item.xlsx|tor2door market|seller_raw:Darkdrugs,0.961317372870,0.862232373391,0.810671521696,0.415946983299,0.995971528099,0.971988409663
market_item.xlsx|darkfox market|seller_raw:maverick111||market_item.xlsx|incognito|seller_raw:/vendor/greenpharmastore,0.840591816176,0.638673807429,0.597341726589,0.413263242669,0.574057743824,0.823931358392
market_item.xlsx|darkfox market|seller_raw:originalgermed||market_item.xlsx|versus market|seller_raw:OriginalGerMeds,0.974777579549,0.939063064231,0.834910640853,0.915435932481,0.895202015435,0.998151627622
market_item.xlsx|darkfox market|seller_raw:peterpaperguy||market_item.xlsx|versus market|seller_raw:peterpaperdude,0.945352075634,0.843349389252,0.752577337848,0.683845969370,0.909515974248,0.914513161931
market_item.xlsx|darkfox market|seller_raw:procarder2||market_item.xlsx|silk road 3.1|seller_raw:procarder7,0.957026045990,0.846235899668,0.773578045020,0.679066124372,0.871225924132,0.963128166450
market_item.xlsx|darkfox market|seller_raw:wwcs2020||market_item.xlsx|silk road 3.1|seller_raw:mico2811,0.887255050399,0.826474866266,0.799683313940,0.760592770564,0.862156051080,0.849446288055
market_item.xlsx|incognito|seller_raw:/vendor/jamesocean||market_item.xlsx|vice city|seller_raw:Jamesocean,0.957907865587,0.799617484209,0.774360314469,0.397722554588,0.894783531623,0.966441235185
market_item.xlsx|silk road 3.1|seller_raw:1SRRR1||market_item.xlsx|silk road 3.1|seller_raw:SRRR,0.986207707949,0.966662196099,0.849725229826,0.997370853872,0.991564009179,0.964194718682
market_item.xlsx|silk road 3.1|seller_raw:430m||market_item.xlsx|silk road 3.1|seller_raw:stbdva,0.734222862732,0.538413121130,0.504998256195,0.573323017795,0.573300195501,0.486071098426
market_item.xlsx|silk road 3.1|seller_raw:Adisaarland1||market_item.xlsx|silk road 3.1|seller_raw:argus2027,0.943540362762,0.933759741747,0.632127525411,1.000000000000,0.867519483494,1.000000000000
market_item.xlsx|silk road 3.1|seller_raw:Adisaarland1||market_item.xlsx|silk road 3.1|seller_raw:blopman,0.848414471853,0.746362615508,0.639326817359,1.000000000000,0.827318192963,0.330814076107
market_item.xlsx|silk road 3.1|seller_raw:Amm0zz||market_item.xlsx|silk road 3.1|seller_raw:MisterLoudpack,0.841177921529,0.691353925856,0.655394319075,0.785025852515,0.720918415226,0.648108273404
market_item.xlsx|silk road 3.1|seller_raw:Amm4rt14n1||market_item.xlsx|silk road 3.1|seller_raw:DutchCompany,0.783024390538,0.664595201891,0.608785544660,0.999999999999,0.646923771584,0.364533264397
market_item.xlsx|silk road 3.1|seller_raw:Amm4rt14n1||market_item.xlsx|silk road 3.1|seller_raw:henkjan,0.838461365425,0.709582659628,0.672827087456,1.000000000000,0.742953928592,0.352422781330
market_item.xlsx|silk road 3.1|seller_raw:Anastasia||market_item.xlsx|silk road 3.1|seller_raw:KingSkunk,0.846030921107,0.770000101424,0.706196380623,0.727596167945,0.763296467679,0.829462140981
market_item.xlsx|silk road 3.1|seller_raw:AnonAmazonAffiliate||market_item.xlsx|silk road 3.1|seller_raw:IgotVPN,0.771832396772,0.673681278929,0.628573421597,0.716503678764,0.704090270897,0.622433980560
market_item.xlsx|silk road 3.1|seller_raw:Ateldrug||market_item.xlsx|silk road 3.1|seller_raw:nonymous,0.811492319359,0.699819118220,0.573954164345,1.000000000000,0.648733104202,0.545193179587
market_item.xlsx|silk road 3.1|seller_raw:Beckamsgonzouncle||market_item.xlsx|silk road 3.1|seller_raw:CaptainFantasy,0.889953196146,0.717965663942,0.691140057184,1.000000000000,0.731633767183,0.408595121401
market_item.xlsx|silk road 3.1|seller_raw:BlackBook||market_item.xlsx|silk road 3.1|seller_raw:Drugs4Everyone,0.792986423044,0.678594791145,0.597834535485,0.706912920703,0.664733025503,0.761410119582
market_item.xlsx|silk road 3.1|seller_raw:Bohrmann||market_item.xlsx|silk road 3.1|seller_raw:samsung68161,0.754044499053,0.671283111861,0.624933729059,1.000000000000,0.640464328662,0.537924629091
market_item.xlsx|silk road 3.1|seller_raw:Brisk88||market_item.xlsx|silk road 3.1|seller_raw:peterclark,0.665066256084,0.572277479196,0.523825828231,0.672690112294,0.536991914019,0.567012206661
market_item.xlsx|silk road 3.1|seller_raw:CCSELL123||market_item.xlsx|silk road 3.1|seller_raw:r00ter,0.753261454934,0.657773585226,0.561424888359,1.000000000000,0.594189737358,0.442203256353
market_item.xlsx|silk road 3.1|seller_raw:CCSELL||market_item.xlsx|silk road 3.1|seller_raw:r00ter,0.734318940053,0.660866003580,0.553434848865,1.000000000000,0.594189726547,0.455084561226
market_item.xlsx|silk road 3.1|seller_raw:CaptainFantasy||market_item.xlsx|silk road 3.1|seller_raw:mauri4,0.783994832493,0.685555773994,0.636413328284,1.000000000000,0.565018192167,0.650845648578
market_item.xlsx|silk road 3.1|seller_raw:CaptainFantasy||market_item.xlsx|vice city|seller_raw:DutchDrugTrapper,0.602790399942,0.526928061804,0.467555286681,0.676186778395,0.489179597314,0.453166274192
market_item.xlsx|silk road 3.1|seller_raw:CardMaster||market_item.xlsx|silk road 3.1|seller_raw:gdy7jds,0.837374472881,0.663434854662,0.641850870914,0.648086780824,0.583939194068,0.854125554176
market_item.xlsx|silk road 3.1|seller_raw:Clayton||market_item.xlsx|silk road 3.1|seller_raw:luckyweed,0.716180393420,0.603109322803,0.509333066838,1.000000000000,0.548024094703,0.316389101806
market_item.xlsx|silk road 3.1|seller_raw:ColinMaclaurin||market_item.xlsx|silk road 3.1|seller_raw:kaboula,0.871028743273,0.719477041624,0.654857571715,0.635095340377,0.627717097763,0.861176514534
market_item.xlsx|silk road 3.1|seller_raw:DEATHOFME||market_item.xlsx|silk road 3.1|seller_raw:hamma1,0.788853040543,0.608931461209,0.588878159300,0.535006160543,0.755848778291,0.389022127709
market_item.xlsx|silk road 3.1|seller_raw:DWMWES||market_item.xlsx|silk road 3.1|seller_raw:triestekut,0.728684563245,0.581237306027,0.586621518664,0.716060190556,0.691928690078,0.427895259043
market_item.xlsx|silk road 3.1|seller_raw:Danielrinehart||market_item.xlsx|silk road 3.1|seller_raw:dubypride,0.892980074691,0.781963686394,0.714243427965,0.921197520711,0.765350385545,0.853094942730
market_item.xlsx|silk road 3.1|seller_raw:DavidSmith1337||market_item.xlsx|silk road 3.1|seller_raw:sneakmasterflex,0.701970443714,0.603491410311,0.506979532428,1.000000000000,0.503514724047,0.523287567501
market_item.xlsx|silk road 3.1|seller_raw:Dickscloud||market_item.xlsx|silk road 3.1|seller_raw:DicksonCloud,0.966008862117,0.891983027600,0.773324283201,0.724444441998,0.975513005873,0.945703374352
market_item.xlsx|silk road 3.1|seller_raw:DocTX||market_item.xlsx|silk road 3.1|seller_raw:MarkiHock,0.827082311609,0.701549620660,0.607692612581,1.000000000000,0.637721902386,0.619998601508
market_item.xlsx|silk road 3.1|seller_raw:DocTX||market_item.xlsx|silk road 3.1|seller_raw:MatiasVasquez,0.859676197628,0.758758840888,0.650292415409,1.000000000000,0.759770998698,0.642478259584
market_item.xlsx|silk road 3.1|seller_raw:Drkseidcontinues||market_item.xlsx|silk road 3.1|seller_raw:Drkseidforever,0.887409704865,0.828027431981,0.642465367358,1.000000000000,0.703037276626,0.867031303327
market_item.xlsx|silk road 3.1|seller_raw:Drkseidcontinues||market_item.xlsx|silk road 3.1|seller_raw:YLLLAMOARMAS,0.866946141868,0.810755878907,0.619087382601,1.000000000000,0.654252255431,0.876078532163
market_item.xlsx|silk road 3.1|seller_raw:Drugsdrugs123||market_item.xlsx|silk road 3.1|seller_raw:domination,0.895658008560,0.820841415669,0.728783078498,0.934780218658,0.762569893998,0.863883797733
market_item.xlsx|silk road 3.1|seller_raw:ElchapoJnr||market_item.xlsx|silk road 3.1|seller_raw:MisterLoudpack,0.789871548070,0.672301335547,0.621467745138,0.766447234548,0.645609549795,0.684521856802
market_item.xlsx|silk road 3.1|seller_raw:FakeBillEU||market_item.xlsx|silk road 3.1|seller_raw:medex33,0.905352153033,0.828578644597,0.747579981705,0.899110195557,0.761967533553,0.901864241988
market_item.xlsx|silk road 3.1|seller_raw:FeltonJohn||market_item.xlsx|silk road 3.1|seller_raw:smarttiger,0.789788956117,0.674071438214,0.627927818312,0.680440390149,0.632831111725,0.768099670294
market_item.xlsx|silk road 3.1|seller_raw:ForYou||market_item.xlsx|silk road 3.1|seller_raw:magic999,0.931511974161,0.888719139663,0.720699685367,1.000000000000,0.749678024010,0.986137789635
market_item.xlsx|silk road 3.1|seller_raw:Frank1234||market_item.xlsx|silk road 3.1|seller_raw:jack1111,0.945161303775,0.813646089324,0.743595707707,0.755400416033,0.841311079328,0.901816074818
market_item.xlsx|silk road 3.1|seller_raw:Frank1234||market_item.xlsx|silk road 3.1|seller_raw:peoplesdrughouse,0.939625224783,0.832909212493,0.756355458029,0.892202875014,0.848041696703,0.916374365159
market_item.xlsx|silk road 3.1|seller_raw:Gandalfini||market_item.xlsx|silk road 3.1|seller_raw:Skywalker08,0.791351897520,0.639893066127,0.631362853236,0.635095340377,0.580241355586,0.710803239208
market_item.xlsx|silk road 3.1|seller_raw:GhostSlayer||market_item.xlsx|silk road 3.1|seller_raw:TopCrop,0.858854635890,0.791936583983,0.675269459386,1.000000000000,0.806438624193,0.555668059628
market_item.xlsx|silk road 3.1|seller_raw:Gunnerman||market_item.xlsx|silk road 3.1|seller_raw:TheGunnerMan,0.959119266541,0.919972268354,0.801961112947,1.000000000000,0.865824017512,0.972437093346
market_item.xlsx|silk road 3.1|seller_raw:Hateparker||market_item.xlsx|silk road 3.1|seller_raw:Lorddeals,0.876445304530,0.767963235799,0.685051136835,0.731507061543,0.830423520601,0.743316364620
market_item.xlsx|silk road 3.1|seller_raw:IAim2Please||market_item.xlsx|silk road 3.1|seller_raw:reloadedudjtjvxr,0.893250582444,0.756154280661,0.682123185452,0.800972026731,0.732500825887,0.884293479197
market_item.xlsx|silk road 3.1|seller_raw:Ineedfeedbacks||market_item.xlsx|silk road 3.1|seller_raw:lola147,0.784977795768,0.648647209668,0.570754502253,1.000000000000,0.640190706854,0.331421131603
market_item.xlsx|silk road 3.1|seller_raw:IntoMatrix||market_item.xlsx|silk road 3.1|seller_raw:Speed2you,0.907811053416,0.883284602352,0.764968950402,1.000000000000,0.834465462934,0.873746042946
market_item.xlsx|silk road 3.1|seller_raw:Jacobaboo||market_item.xlsx|silk road 3.1|seller_raw:commander0,0.768896746616,0.632107299039,0.583596183321,0.688173189247,0.703373895150,0.608294591063
market_item.xlsx|silk road 3.1|seller_raw:King24783||market_item.xlsx|silk road 3.1|seller_raw:mutantmass,0.908550078878,0.829165091133,0.721916055020,1.000000000000,0.763417992366,0.855182135673
market_item.xlsx|silk road 3.1|seller_raw:KushPlug||market_item.xlsx|silk road 3.1|seller_raw:stingo1934,0.812022534812,0.737196263014,0.643962383585,1.000000000000,0.772628476560,0.574670827418
market_item.xlsx|silk road 3.1|seller_raw:L0RDXANAX||market_item.xlsx|silk road 3.1|seller_raw:RealLordXanax,0.994844407131,0.992870894901,0.868544829616,1.000000000000,0.994279714744,0.991135461402
market_item.xlsx|silk road 3.1|seller_raw:Lancelotdeals||market_item.xlsx|silk road 3.1|seller_raw:mayor6767,0.901571015086,0.772707763021,0.709540789101,0.915068487369,0.721602805800,0.871685619991
market_item.xlsx|silk road 3.1|seller_raw:LoudSmokeIncentive||market_item.xlsx|silk road 3.1|seller_raw:MrPissa,0.713902667598,0.633555909964,0.492219179777,1.000000000000,0.595963078052,0.342297483751
market_item.xlsx|silk road 3.1|seller_raw:M0neder0||market_item.xlsx|silk road 3.1|seller_raw:WeedStore,0.741761821460,0.714799182483,0.607337172182,1.000000000000,0.654977297379,0.549242135175
market_item.xlsx|silk road 3.1|seller_raw:MarkiHock||market_item.xlsx|silk road 3.1|seller_raw:TXDoCKapo,0.820512224767,0.723613598830,0.602700878720,1.000000000000,0.438952974554,0.876763022211
market_item.xlsx|silk road 3.1|seller_raw:MarkiHock||market_item.xlsx|silk road 3.1|seller_raw:TXDockim,0.854144058043,0.763847959400,0.631371093295,1.000000000000,0.543051399213,0.872103710023
market_item.xlsx|silk road 3.1|seller_raw:MatiasVasquez||market_item.xlsx|silk road 3.1|seller_raw:TXDoCKapo,0.801641845978,0.703906723512,0.594657791010,1.000000000000,0.433656901704,0.834477138382
market_item.xlsx|silk road 3.1|seller_raw:MatiasVasquez||market_item.xlsx|silk road 3.1|seller_raw:TXDockim,0.860522540473,0.776583046951,0.644318759855,1.000000000000,0.620403511025,0.827875353088
market_item.xlsx|silk road 3.1|seller_raw:MindTools||market_item.xlsx|silk road 3.1|seller_raw:ashley123,0.681416827266,0.539083629263,0.509442261884,0.609369291088,0.559447023487,0.492305298953
market_item.xlsx|silk road 3.1|seller_raw:MisterGreen||market_item.xlsx|silk road 3.1|seller_raw:marcopolo1969,0.927071738913,0.787139014255,0.717284265240,0.838408028358,0.775571254911,0.918590403926
market_item.xlsx|silk road 3.1|seller_raw:MisterMush||market_item.xlsx|silk road 3.1|seller_raw:mhippy,0.792711045299,0.726604277925,0.667578730107,1.000000000000,0.673028579830,0.643482114984
market_item.xlsx|silk road 3.1|seller_raw:Money666||market_item.xlsx|silk road 3.1|seller_raw:Morianus,0.907248131741,0.802913512332,0.690708105199,1.000000000000,0.742495832537,0.840675013816
market_item.xlsx|silk road 3.1|seller_raw:Mouncer96||market_item.xlsx|silk road 3.1|seller_raw:hamma1,0.728139625518,0.705060857605,0.600399288863,0.999999999999,0.603950914875,0.612341600673
market_item.xlsx|silk road 3.1|seller_raw:MriPad||market_item.xlsx|silk road 3.1|seller_raw:islands3,0.642828818594,0.543067458014,0.473835227910,0.754634289790,0.565859879190,0.435231797985
market_item.xlsx|silk road 3.1|seller_raw:Newworldorder||market_item.xlsx|silk road 3.1|seller_raw:hamma1,0.719376652612,0.695213450263,0.583127253693,0.999999999999,0.617960922074,0.544931956904
market_item.xlsx|silk road 3.1|seller_raw:Novaltis||market_item.xlsx|silk road 3.1|seller_raw:Prescriptpills,0.936504017311,0.859363105813,0.788899728255,0.913065370636,0.842098727929,0.890402865385
market_item.xlsx|silk road 3.1|seller_raw:OREIA||market_item.xlsx|silk road 3.1|seller_raw:oreiaa,0.908711221220,0.855518127104,0.743196354335,0.716503678764,0.849711139817,0.937725730193
market_item.xlsx|silk road 3.1|seller_raw:PanZen||market_item.xlsx|silk road 3.1|seller_raw:tmntmfkr,0.733878522480,0.679963224725,0.584666224553,1.000000000000,0.663287999105,0.536620062709
market_item.xlsx|silk road 3.1|seller_raw:Psilocybin195834||market_item.xlsx|silk road 3.1|seller_raw:sam220,0.777165413279,0.733039547800,0.655665311704,1.000000000000,0.657813007347,0.686106112876
market_item.xlsx|silk road 3.1|seller_raw:PulkaPula||market_item.xlsx|silk road 3.1|seller_raw:derwentstudents10,0.922094315115,0.872871480315,0.771664884953,1.000000000000,0.813471179940,0.869624137744
market_item.xlsx|silk road 3.1|seller_raw:PulkaPula||market_item.xlsx|silk road 3.1|seller_raw:mrshah,0.784082964215,0.671558013762,0.661319486053,0.489490822791,0.778087032685,0.677624053776
market_item.xlsx|silk road 3.1|seller_raw:PulkaPula||market_item.xlsx|silk road 3.1|seller_raw:msritalina,0.912236721895,0.813833156640,0.784657899245,0.538015074569,0.910074026235,0.866651361454
market_item.xlsx|silk road 3.1|seller_raw:Randyk||market_item.xlsx|silk road 3.1|seller_raw:maxcell5555,0.890622032658,0.761696319307,0.704623089071,0.935473694069,0.783515354800,0.744259624236
market_item.xlsx|silk road 3.1|seller_raw:Rayvan33||market_item.xlsx|silk road 3.1|seller_raw:felay4242,0.936663271132,0.874373916657,0.756128976087,0.906342888040,0.916749500535,0.894029642461
market_item.xlsx|silk road 3.1|seller_raw:Rickwoodopoids||market_item.xlsx|silk road 3.1|seller_raw:amadioha,0.919609137173,0.797840524925,0.706112714384,0.777848887087,0.796899388704,0.907137044599
market_item.xlsx|silk road 3.1|seller_raw:Rickwoodopoids||market_item.xlsx|silk road 3.1|seller_raw:mcwilliams,0.920002176802,0.771297534020,0.691112914572,0.654257668326,0.789668987862,0.903405446412
market_item.xlsx|silk road 3.1|seller_raw:SKuszHk||market_item.xlsx|silk road 3.1|seller_raw:fabian0150,0.821851877771,0.757493728300,0.674843591240,1.000000000000,0.575250378302,0.846552009234
market_item.xlsx|silk road 3.1|seller_raw:SKuszHk||market_item.xlsx|silk road 3.1|seller_raw:imnicetoyou,0.835830329077,0.718700940797,0.673971051292,0.681224916861,0.640458040245,0.843629740073
market_item.xlsx|silk road 3.1|seller_raw:SNRS||market_item.xlsx|silk road 3.1|seller_raw:chihiro1,0.735196993107,0.659809085613,0.543713675402,1.000000000000,0.526587876025,0.627346171144
market_item.xlsx|silk road 3.1|seller_raw:SUPPERFLY||market_item.xlsx|vice city|seller_raw:Jackwilldogs,0.921642904196,0.815654472720,0.714690898175,0.867684199665,0.863364263367,0.876927588132
market_item.xlsx|silk road 3.1|seller_raw:Sfattinopuzzino94||market_item.xlsx|silk road 3.1|seller_raw:madrunn89,0.928935591522,0.871731624514,0.761497611646,1.000000000000,0.832136851209,0.822652795639
market_item.xlsx|silk road 3.1|seller_raw:Sk8rkid779||market_item.xlsx|silk road 3.1|seller_raw:anonionmys6,0.807244347106,0.694775444694,0.601243050508,1.000000000000,0.720547596008,0.338006586760
market_item.xlsx|silk road 3.1|seller_raw:Sk8rkid779||market_item.xlsx|silk road 3.1|seller_raw:karmic01110,0.755803871873,0.664401119389,0.564418787705,1.000000000000,0.659798945398,0.338006586760
market_item.xlsx|silk road 3.1|seller_raw:Smokieevil1||market_item.xlsx|silk road 3.1|seller_raw:mid,0.714468498270,0.609095574639,0.518773292869,1.000000000000,0.563424976528,0.309532345501
market_item.xlsx|silk road 3.1|seller_raw:Spartan666||market_item.xlsx|silk road 3.1|seller_raw:lefou34,0.587267103439,0.495777799723,0.437138061280,0.669954123443,0.450722130871,0.417184812985
market_item.xlsx|silk road 3.1|seller_raw:Stokiebuyer||market_item.xlsx|silk road 3.1|seller_raw:stokeontrent,0.912372529239,0.844081261464,0.747060412666,0.951332722495,0.762075351405,0.909521711624
market_item.xlsx|silk road 3.1|seller_raw:Stoney14||market_item.xlsx|silk road 3.1|seller_raw:TheBitcoinExchange,0.700468825944,0.624333517111,0.531055637327,1.000000000000,0.586927857577,0.323478353290
market_item.xlsx|silk road 3.1|seller_raw:Stoney14||market_item.xlsx|silk road 3.1|seller_raw:crystalclear59,0.798484151125,0.693291499318,0.551515591539,1.000000000000,0.675275366767,0.422615263738
market_item.xlsx|silk road 3.1|seller_raw:Stoney14||market_item.xlsx|silk road 3.1|seller_raw:guybrush,0.728851490810,0.643541816686,0.546021313743,1.000000000000,0.634493009652,0.305181238903
market_item.xlsx|silk road 3.1|seller_raw:SubsOnly||market_item.xlsx|silk road 3.1|seller_raw:thedevilsadvocate,0.882617454763,0.749299977909,0.679222394659,1.000000000000,0.771494063487,0.639514519055
market_item.xlsx|silk road 3.1|seller_raw:SubsOnly||market_item.xlsx|silk road 3.1|seller_raw:williethepimp,0.872104971399,0.774309785317,0.694683939757,1.000000000000,0.754370523611,0.681403939681
market_item.xlsx|silk road 3.1|seller_raw:SubsOnly||market_item.xlsx|silk road 3.1|seller_raw:wood923,0.790771917168,0.683113031933,0.596457668609,1.000000000000,0.651483928573,0.556298651261
market_item.xlsx|silk road 3.1|seller_raw:TeamAdyy||market_item.xlsx|silk road 3.1|seller_raw:TeamOfFreedom,0.801547016124,0.671050051871,0.657977098263,0.591080983441,0.723353534624,0.704605611459
market_item.xlsx|silk road 3.1|seller_raw:TeamOfFreedom||market_item.xlsx|silk road 3.1|seller_raw:addyforlife,0.857061962057,0.724125804456,0.676938623195,0.740787819599,0.782407093726,0.710624556454
market_item.xlsx|silk road 3.1|seller_raw:TeslaTradings||market_item.xlsx|silk road 3.1|seller_raw:TransferMafia,0.928556840768,0.813847715371,0.706954455294,0.989583628273,0.753332410401,0.902018150553
market_item.xlsx|silk road 3.1|seller_raw:TeslaTradings||market_item.xlsx|silk road 3.1|seller_raw:drafter127,0.875869062887,0.699853964217,0.628877215858,0.989583628273,0.549010676807,0.797192384367
market_item.xlsx|silk road 3.1|seller_raw:TheBitcoinExchange||market_item.xlsx|silk road 3.1|seller_raw:crystalclear59,0.743985263300,0.674868474230,0.560209905047,1.000000000000,0.646472575176,0.406528746570
market_item.xlsx|silk road 3.1|seller_raw:TopCrop||market_item.xlsx|silk road 3.1|seller_raw:northsidedom,0.765073825219,0.707950780272,0.624072213408,1.000000000000,0.615713032508,0.600377056071
market_item.xlsx|silk road 3.1|seller_raw:Toshiba12||market_item.xlsx|silk road 3.1|seller_raw:dipset4life,0.766164666156,0.581492250944,0.544312772899,0.726509399718,0.507584876197,0.615445488677
market_item.xlsx|silk road 3.1|seller_raw:Toshiba99||market_item.xlsx|silk road 3.1|seller_raw:dipset4life,0.873756604092,0.757559598381,0.646142492789,0.733660059285,0.912458811116,0.669739970335
market_item.xlsx|silk road 3.1|seller_raw:Vend1ngMach1ne||market_item.xlsx|silk road 3.1|seller_raw:VendingMach1n3,0.985273062607,0.961683616587,0.814424725011,0.939634121374,0.975014760112,0.984054038978
market_item.xlsx|silk road 3.1|seller_raw:ViceStoreNL||market_item.xlsx|silk road 3.1|seller_raw:however,0.876765941511,0.791807748960,0.791807791624,1.000000000000,0.595469673315,0.976291649210
market_item.xlsx|silk road 3.1|seller_raw:VladimirzSK||market_item.xlsx|silk road 3.1|seller_raw:savemoney,0.878112914797,0.759471231392,0.687195524189,1.000000000000,0.571417391844,0.835358538941
market_item.xlsx|silk road 3.1|seller_raw:WeedStore||market_item.xlsx|silk road 3.1|seller_raw:ronster6669,0.687524266227,0.648910079692,0.536659227364,1.000000000000,0.578822745048,0.437994854928
market_item.xlsx|silk road 3.1|seller_raw:Weedaddy||market_item.xlsx|silk road 3.1|seller_raw:billaros2,0.908219870288,0.832135033976,0.741641585029,1.000000000000,0.762491324278,0.906072258382
market_item.xlsx|silk road 3.1|seller_raw:Weedaddy||market_item.xlsx|silk road 3.1|seller_raw:clest,0.757778504194,0.664394742592,0.597310603338,0.722065976194,0.588371328212,0.764088086700
market_item.xlsx|silk road 3.1|seller_raw:Weedaddy||market_item.xlsx|silk road 3.1|seller_raw:vanish,0.869497323717,0.815324836027,0.702016611509,1.000000000000,0.824771433944,0.823927641333
market_item.xlsx|silk road 3.1|seller_raw:Weedangel1||market_item.xlsx|silk road 3.1|seller_raw:luckyweed,0.670284932154,0.593238135048,0.490441931045,1.000000000000,0.525811044823,0.321330450548
market_item.xlsx|silk road 3.1|seller_raw:Weedangel1||market_item.xlsx|silk road 3.1|seller_raw:proxima,0.923520867738,0.877377490156,0.751497332602,1.000000000000,0.803266631050,0.893249505351
market_item.xlsx|silk road 3.1|seller_raw:WillyWonka1||market_item.xlsx|silk road 3.1|seller_raw:prettyshemale,0.881900967885,0.822703944013,0.741716471649,1.000000000000,0.771377340492,0.748061095069
market_item.xlsx|silk road 3.1|seller_raw:apimpim||market_item.xlsx|silk road 3.1|seller_raw:mayor6767,0.900111032983,0.780777587595,0.715353608936,0.927043132222,0.745766788087,0.850695430389
market_item.xlsx|silk road 3.1|seller_raw:aresares||market_item.xlsx|silk road 3.1|seller_raw:someguy9000,0.802047607316,0.656193845863,0.630618584180,0.710153928602,0.598127493088,0.710924189893
market_item.xlsx|silk road 3.1|seller_raw:argus2027||market_item.xlsx|silk road 3.1|seller_raw:blopman,0.820640424725,0.711002330422,0.615795212001,1.000000000000,0.756597622791,0.330814076107
market_item.xlsx|silk road 3.1|seller_raw:awalp||market_item.xlsx|silk road 3.1|seller_raw:etizolam80,0.827834869824,0.730660615248,0.687635095715,0.752746141146,0.767777685059,0.713429496418
market_item.xlsx|silk road 3.1|seller_raw:bagtape||market_item.xlsx|silk road 3.1|seller_raw:crystalclear59,0.726056681949,0.648167350072,0.535488859139,1.000000000000,0.639219675077,0.303114282061
market_item.xlsx|silk road 3.1|seller_raw:benfica||market_item.xlsx|silk road 3.1|seller_raw:luckyweed,0.883174834301,0.835410074277,0.645861783352,1.000000000000,1.000000000000,0.332563087665
market_item.xlsx|silk road 3.1|seller_raw:bityz||market_item.xlsx|silk road 3.1|seller_raw:kelux,0.747018679722,0.631602800999,0.575012679883,1.000000000000,0.622496192583,0.456510809914
market_item.xlsx|silk road 3.1|seller_raw:blackgoods||market_item.xlsx|silk road 3.1|seller_raw:kingofcounterfeits,0.828443674736,0.750130367732,0.642269800714,0.777795014850,0.682582125798,0.837517200298
market_item.xlsx|silk road 3.1|seller_raw:blackgoods||market_item.xlsx|silk road 3.1|seller_raw:premium,0.864267393685,0.777392296040,0.679621485212,0.814783995824,0.742766733935,0.825663020041
market_item.xlsx|silk road 3.1|seller_raw:blackhawk27||market_item.xlsx|silk road 3.1|seller_raw:thehouseonthetree,0.835730532490,0.742711832744,0.696404716154,0.759612839751,0.716730332561,0.800674096426
market_item.xlsx|silk road 3.1|seller_raw:brownsugar||market_item.xlsx|silk road 3.1|seller_raw:uomochupito,0.785769931313,0.678026750553,0.642575903104,0.700071773769,0.728234839774,0.638823081229
market_item.xlsx|silk road 3.1|seller_raw:buyeurfr||market_item.xlsx|silk road 3.1|seller_raw:metallica999,0.818886967084,0.620484437526,0.603017380820,0.556771745839,0.795786772271,0.333592459724
market_item.xlsx|silk road 3.1|seller_raw:candirose||market_item.xlsx|silk road 3.1|seller_raw:libertasgoods2,0.800520940764,0.674364123726,0.639538921538,0.554041028695,0.840339566186,0.569142274763
market_item.xlsx|silk road 3.1|seller_raw:castorpol||market_item.xlsx|silk road 3.1|seller_raw:holandskunk,0.717854651912,0.590161123086,0.569824361645,0.679875380636,0.447085408575,0.702997937131
market_item.xlsx|silk road 3.1|seller_raw:cheapconnect||market_item.xlsx|silk road 3.1|seller_raw:darkwebpartners,0.829211171062,0.675517514854,0.627552896634,0.906434004199,0.753293860310,0.562061319381
market_item.xlsx|silk road 3.1|seller_raw:chems2you||market_item.xlsx|silk road 3.1|seller_raw:yellowcasecoka,0.694500747274,0.612113971680,0.562326330601,0.746451791297,0.587530178136,0.534410964733
market_item.xlsx|silk road 3.1|seller_raw:clest||market_item.xlsx|silk road 3.1|seller_raw:vanish,0.786141499325,0.674615681150,0.618520337708,0.722065976194,0.588755950141,0.803349182539
market_item.xlsx|silk road 3.1|seller_raw:danielmonrow||market_item.xlsx|silk road 3.1|seller_raw:lawallebron33,0.858872897008,0.770307514909,0.742256088564,0.973200952418,0.802869079399,0.688142171466
market_item.xlsx|silk road 3.1|seller_raw:darksecrets||market_item.xlsx|silk road 3.1|seller_raw:ebook4u,0.873530723521,0.736010826213,0.669488104222,1.000000000000,0.775051010142,0.658720773992
market_item.xlsx|silk road 3.1|seller_raw:davidwolf||market_item.xlsx|silk road 3.1|seller_raw:joanguy,0.780152556785,0.656741456458,0.620759112992,0.535006118739,0.708146095821,0.683718843389
market_item.xlsx|silk road 3.1|seller_raw:dbag418||market_item.xlsx|silk road 3.1|seller_raw:mescalito,0.766785264505,0.546763278005,0.584312434942,0.324071991057,0.613472852071,0.591399347412
market_item.xlsx|silk road 3.1|seller_raw:deathangel001||market_item.xlsx|silk road 3.1|seller_raw:elmaestro07,0.835976185216,0.736879266431,0.648734649185,1.000000000000,0.578378596390,0.781105085808
market_item.xlsx|silk road 3.1|seller_raw:derwentstudents10||market_item.xlsx|silk road 3.1|seller_raw:johntrainor554,0.900121292165,0.820732124084,0.699867634811,1.000000000000,0.885467107332,0.666363202877
market_item.xlsx|silk road 3.1|seller_raw:derwentstudents10||market_item.xlsx|silk road 3.1|seller_raw:mrshah,0.753069426477,0.646130615971,0.621565481594,0.489490822791,0.700800528003,0.689317167489
market_item.xlsx|silk road 3.1|seller_raw:dunderchief||market_item.xlsx|silk road 3.1|seller_raw:wood923,0.847135512266,0.777419413467,0.639997488658,1.000000000000,0.809334610836,0.634213922831
market_item.xlsx|silk road 3.1|seller_raw:ecstasy201593||market_item.xlsx|silk road 3.1|seller_raw:matt1493,0.786571778655,0.605055794315,0.579058641222,0.451590789721,0.448668405138,0.871654378728
market_item.xlsx|silk road 3.1|seller_raw:fireball||market_item.xlsx|silk road 3.1|seller_raw:firefighter,0.956390317906,0.912149373001,0.795548455421,0.990378175274,0.923545072908,0.904900331366
market_item.xlsx|silk road 3.1|seller_raw:goblinking0000||market_item.xlsx|silk road 3.1|seller_raw:hidemyass7000,0.822378037285,0.670017884639,0.649632947718,0.782281808120,0.767881572467,0.565949117055
market_item.xlsx|silk road 3.1|seller_raw:hamma1||market_item.xlsx|silk road 3.1|seller_raw:hi5,0.713776565065,0.595999756896,0.560250738137,0.535006160543,0.639011495367,0.570969876308
market_item.xlsx|silk road 3.1|seller_raw:honor||market_item.xlsx|silk road 3.1|seller_raw:joanguy,0.817994009824,0.739277262873,0.642883878824,1.000000000000,0.704772673383,0.673005168985
market_item.xlsx|silk road 3.1|seller_raw:islands3||market_item.xlsx|silk road 3.1|seller_raw:krikrikri,0.726836413557,0.634842849181,0.530453453958,1.000000000000,0.544738407332,0.451321047749
market_item.xlsx|silk road 3.1|seller_raw:jack1111||market_item.xlsx|silk road 3.1|seller_raw:peoplesdrughouse,0.916877569775,0.776479592725,0.736079446186,0.653216560385,0.796243136760,0.882684666378
market_item.xlsx|silk road 3.1|seller_raw:jackie2017||market_item.xlsx|silk road 3.1|seller_raw:junky02,0.771484096120,0.698172715774,0.678409052279,0.463323175582,0.771274358028,0.789305233183
market_item.xlsx|silk road 3.1|seller_raw:jacob077342||market_item.xlsx|silk road 3.1|seller_raw:mandiz,0.757343803462,0.690502046165,0.586501441297,1.000000000000,0.698432304558,0.372138437007
market_item.xlsx|silk road 3.1|seller_raw:kanekyle2016||market_item.xlsx|silk road 3.1|seller_raw:lykalabs,0.872251707663,0.726253855295,0.655135358629,0.830297761205,0.632514338379,0.858590017278
market_item.xlsx|silk road 3.1|seller_raw:karmic01110||market_item.xlsx|silk road 3.1|seller_raw:underdog1955,0.665880121294,0.503622450335,0.455331064841,0.545691632671,0.542827796415,0.404019446343
market_item.xlsx|silk road 3.1|seller_raw:khisknni||market_item.xlsx|silk road 3.1|seller_raw:lookandfind,0.817791633023,0.622632297122,0.577743545757,0.648264472817,0.565445286204,0.810591817859
market_item.xlsx|silk road 3.1|seller_raw:libertasgoods2||market_item.xlsx|silk road 3.1|seller_raw:liberty2goods,0.868191007529,0.714729499412,0.688857490361,0.500351698837,0.800879398648,0.735768500463
market_item.xlsx|silk road 3.1|seller_raw:luckyweed||market_item.xlsx|silk road 3.1|seller_raw:netopeer,0.677893331871,0.581294747199,0.474469068061,1.000000000000,0.500229615738,0.324719757321
market_item.xlsx|silk road 3.1|seller_raw:markjonson||market_item.xlsx|silk road 3.1|seller_raw:wondas500,0.876288947666,0.760093398264,0.638210708846,0.857602205355,0.896248779449,0.634228952912
market_item.xlsx|silk road 3.1|seller_raw:maryjohanna||market_item.xlsx|silk road 3.1|seller_raw:welcuredrugs,0.892167005415,0.763373808099,0.694150407230,0.953257163529,0.839493136382,0.767787206997
market_item.xlsx|silk road 3.1|seller_raw:metou||market_item.xlsx|silk road 3.1|seller_raw:stimple,0.847993011502,0.782696273632,0.695659754232,1.000000000000,0.671563739746,0.804545242055
market_item.xlsx|silk road 3.1|seller_raw:minatuarmike||market_item.xlsx|silk road 3.1|seller_raw:soulpolegiver,0.893967878112,0.785382816282,0.677639560017,0.538015074569,1.000000000000,0.603516190559
market_item.xlsx|silk road 3.1|seller_raw:mutantmass||market_item.xlsx|silk road 3.1|seller_raw:paypaltransfers,0.862054827828,0.748653737205,0.653700111567,1.000000000000,0.567105284388,0.858326387398
market_item.xlsx|silk road 3.1|seller_raw:polinomi2||market_item.xlsx|silk road 3.1|seller_raw:sevomllik,0.720313863124,0.575213370838,0.562226686564,0.664986026793,0.602425504969,0.524753408664
market_item.xlsx|silk road 3.1|seller_raw:salsid||market_item.xlsx|silk road 3.1|seller_raw:sulcud,0.945645371259,0.863865450015,0.724112604287,1.000000000000,0.780045137066,0.966647428485
market_item.xlsx|silk road 3.1|seller_raw:silver12||market_item.xlsx|silk road 3.1|seller_raw:silver13,0.978976260559,0.962348753513,0.818164570708,1.000000000000,0.905871883783,1.000000000000
market_item.xlsx|silk road 3.1|seller_raw:srcrax||market_item.xlsx|silk road 3.1|seller_raw:williethepimp,0.853978343648,0.739009164443,0.688131553332,0.740787866547,0.808054495881,0.669869747462
market_item.xlsx|silk road 3.1|seller_raw:srcrax||market_item.xlsx|silk road 3.1|seller_raw:wood923,0.774134196670,0.629966513329,0.588508720613,0.740787819599,0.675766233618,0.529421210947
market_item.xlsx|silk road 3.1|seller_raw:thedevilsadvocate||market_item.xlsx|silk road 3.1|seller_raw:williethepimp,0.891975499959,0.809445419645,0.695260755914,1.000000000000,0.873998719502,0.690376493504
market_item.xlsx|silk road 3.1|seller_raw:thedevilsadvocate||market_item.xlsx|silk road 3.1|seller_raw:wood923,0.778517808537,0.666750993815,0.571112684058,1.000000000000,0.732666865508,0.461456221280
market_item.xlsx|silk road 3.1|seller_raw:uzy121||market_item.xlsx|silk road 3.1|seller_raw:xuladom,0.785340534733,0.595432261999,0.553489619415,0.635095308671,0.454219444166,0.775583672618
market_item.xlsx|silk road 3.1|seller_raw:williethepimp||market_item.xlsx|silk road 3.1|seller_raw:wood923,0.817857415556,0.721975015759,0.623381579838,1.000000000000,0.768572648893,0.536364890505
market_item.xlsx|tor2door market|seller_raw:mysteryland||market_item.xlsx|versus market|seller_raw:DutchDragonz,0.903893394643,0.763603839421,0.791250973955,0.451101467416,0.920645366519,0.865199892828
market_item.xlsx|versus market|seller_raw:FirebunnyUSA||market_item.xlsx|versus market|seller_raw:Suriv01,0.881229711542,0.791411049180,0.750924673235,0.828496986091,0.814854426941,0.791843894472
market_item.xlsx|versus market|seller_raw:Premierpharma||market_item.xlsx|versus market|seller_raw:stealthmedsuk,0.935251352926,0.874484104590,0.821579087977,0.947630560995,0.923088507506,0.856872685996
market_item.xlsx|versus market|seller_raw:TheBodyShops||market_item.xlsx|vice city|seller_raw:TheBodyShop,0.957742844729,0.861778150245,0.747850654783,0.839237039018,0.907845596863,0.933314992242
market_item.xlsx|versus market|seller_raw:sluts1||market_item.xlsx|vice city|seller_raw:Sluts,0.951589787433,0.884201559044,0.759949913415,0.657986456543,0.901405009493,0.989305328530
market_item.xlsx|vice city|seller_raw:Crazysupplies||market_item.xlsx|vice city|seller_raw:Rudeman,0.803542130052,0.686384362515,0.622491821745,0.802097463366,0.653442361335,0.734713041175
2017-12-05-philipjames11-darknetmarketplacedataagora20142015.xlsx|agora|seller_raw:Kript0x||market_item.xlsx|silk road 3.1|seller_raw:Electronicmen,0.772213531987,0.615643484387,0.582659702295,0.574276132027,0.630043205784,0.621927439171
2017-12-05-philipjames11-darknetmarketplacedataagora20142015.xlsx|agora|seller_raw:Kript0x||market_item.xlsx|silk road 3.1|seller_raw:junior533,0.846134914354,0.683367708631,0.623187989795,0.574276132027,0.701357200198,0.728198117718
2017-12-05-philipjames11-darknetmarketplacedataagora20142015.xlsx|agora|seller_raw:Ray Ban RB4175 Flash Lenses Sunglasses Replica鈼? 鈽?For whom(M/F): Unisex  鈽?Color: 鈽咶rame: Brown | Lens: Brown   鈽?Description: This Ray Ban RB4175 Flash Lenses Sunglasses Replica are 1:1  ...||2017-12-05-philipjames11-darknetmarketplacedataagora20142015.xlsx|agora|seller_raw:ce DefQon Partyflock Mortal Kombat  Green Android Yellow Bullet   Yel ...,0.561384707877,0.825150093418,0.475241959304,0.825150093418,0.825150093418,0.825150093418
2017-12-05-philipjames11-darknetmarketplacedataagora20142015.xlsx|agora|seller_raw:XanaxKing||market_item.xlsx|apollon market|seller_raw:rxbp (100%),0.807897681422,0.647766858818,0.568190229871,0.542217183081,0.806565231295,0.439749506618
2017-12-05-philipjames11-darknetmarketplacedataagora20142015.xlsx|agora|seller_raw:steveohjo||market_item.xlsx|silk road 3.1|seller_raw:DagobertHansa,0.667236069494,0.504843534560,0.487203816037,0.462335673226,0.533587081999,0.497961738122
2017-12-05-philipjames11-darknetmarketplacedataagora20142015.xlsx|agora|seller_raw:steveohjo||market_item.xlsx|silk road 3.1|seller_raw:DirtyPop,0.650949637059,0.486107556327,0.460979851573,0.489074589708,0.483883244368,0.486848351597
market_item.xlsx|Cartel|seller_raw:AUSXXX||market_item.xlsx|darkfox market|seller_raw:ausx,0.985706659673,0.963520800762,0.794486902304,0.907926178554,0.968038529328,0.992847949721
market_item.xlsx|Cartel|seller_raw:Thuggakingshop||market_item.xlsx|Cartel|seller_raw:flame76,0.853827917448,0.765438673696,0.683238389704,0.952543198482,0.760470552740,0.799517152417
market_item.xlsx|Cartel|seller_raw:Thuggakingshop||market_item.xlsx|darkfox market|seller_raw:High00,0.839512431588,0.788589489302,0.707212645539,0.912177541965,0.809951953494,0.756165705438
market_item.xlsx|Cartel|seller_raw:Thuggakingshop||market_item.xlsx|darkfox market|seller_raw:Thuggaking54,0.896647981376,0.825981482347,0.738861468955,0.912594718859,0.875615671796,0.808825933655
market_item.xlsx|Cartel|seller_raw:carder||market_item.xlsx|apollon market|seller_raw:voldemort999 (100%),0.939966562105,0.884065183071,0.789900295009,0.920747035643,0.908891832903,0.866131341724
market_item.xlsx|Cartel|seller_raw:flame76||market_item.xlsx|darkfox market|seller_raw:Thuggaking54,0.881522828825,0.782635236318,0.672536650415,0.928283111802,0.782540758739,0.825541440745
market_item.xlsx|Cartel|seller_raw:winamax||market_item.xlsx|tor2door market|seller_raw:trusteelucky,0.929534503669,0.793334267905,0.762284512468,0.358404993212,0.925236228849,0.928866128868
market_item.xlsx|Lime|seller_raw:Budboos||market_item.xlsx|Lime|seller_raw:DOSEPLUGS,0.935228792114,0.777334377467,0.706930306852,0.785742263937,0.837739950223,0.893937610937
market_item.xlsx|Lime|seller_raw:darkangel||market_item.xlsx|darkfox market|seller_raw:pure,0.915432898453,0.785244408458,0.673474466263,0.876805788419,0.781482735003,0.892410820760
market_item.xlsx|Lime|seller_raw:globex||market_item.xlsx|Lime|seller_raw:programmers,0.824784178126,0.713515527670,0.596189914428,0.793393778392,0.731720588945,0.760634739132
market_item.xlsx|Lime|seller_raw:globex||market_item.xlsx|agartha market|seller_raw:Thegoatman,0.871895243822,0.662959806841,0.625993266546,0.740903454444,0.581070493735,0.841847546273
market_item.xlsx|Lime|seller_raw:globex||market_item.xlsx|agartha market|seller_raw:lizardpro,0.830625726994,0.681231988501,0.592206211330,0.698673200403,0.681502670691,0.761646296516
market_item.xlsx|Lime|seller_raw:goodfellass||market_item.xlsx|darkfox market|seller_raw:Aliancepro,0.866765918246,0.735923945947,0.676847124403,0.873487182958,0.684207113942,0.833057051634
market_item.xlsx|Lime|seller_raw:programmers||market_item.xlsx|agartha market|seller_raw:lizardpro,0.960238189084,0.791544806963,0.729778972171,0.746157446973,0.772811341762,0.954923453490
market_item.xlsx|agartha market|seller_raw:Hawanegroup2010||market_item.xlsx|agartha market|seller_raw:spidergroup,0.874702715681,0.729596559045,0.650769693863,0.919335092541,0.684690545032,0.810638707022
market_item.xlsx|agartha market|seller_raw:Thegoatman||market_item.xlsx|apollon market|seller_raw:kingslord (100%),0.772860079149,0.613548316773,0.600749149723,0.578158608278,0.582385968479,0.771275366446
market_item.xlsx|agartha market|seller_raw:baileythom||market_item.xlsx|agartha market|seller_raw:everready,0.920222478576,0.769396785813,0.660906924128,0.906633431069,0.756065213341,0.884209028417
market_item.xlsx|agartha market|seller_raw:blueheavens||market_item.xlsx|agartha market|seller_raw:lizardpro,0.810496889488,0.645927839014,0.597931924644,0.651831148532,0.627526938609,0.791407835835
market_item.xlsx|agartha market|seller_raw:blueheavens||market_item.xlsx|vice city|seller_raw:Caracolcartel,0.862967960493,0.700899586015,0.625139003727,0.690108760158,0.680441296592,0.829834372517
market_item.xlsx|agartha market|seller_raw:lizardpro||market_item.xlsx|apollon market|seller_raw:kingslord (100%),0.932105732646,0.787323163403,0.722783563566,0.688717425191,0.804391093252,0.908147450700
market_item.xlsx|apollon market|seller_raw:The_Scurvy_Crew (88%)||market_item.xlsx|apollon market|seller_raw:danhash (96%),0.915708352077,0.806582982398,0.691194823822,0.998532622717,0.772428108023,0.899014810442
market_item.xlsx|apollon market|seller_raw:bluebeer (75%)||market_item.xlsx|cypher market|seller_raw:globalstims,0.924148877936,0.754031591405,0.721499624490,0.674410090477,0.832221540792,0.878633034815
market_item.xlsx|apollon market|seller_raw:bluebeer (75%)||market_item.xlsx|vice city|seller_raw:Globalstims,0.906837747046,0.780495824181,0.725731284331,0.664785015275,0.848838238099,0.900459982151
market_item.xlsx|apollon market|seller_raw:shorestore (100%)||market_item.xlsx|dark0de|seller_raw:sstore,0.893363656762,0.766235877786,0.636691825646,0.862642003214,0.876375482621,0.749445127066
market_item.xlsx|apollon market|seller_raw:twinkle (96%)||market_item.xlsx|darkfox market|seller_raw:trusteelucky,0.933571336908,0.746889301246,0.718390022230,0.843881441277,0.742726515221,0.928659315343
market_item.xlsx|dark0de|seller_raw:hunterbiden||market_item.xlsx|versus market|seller_raw:Hunterbiden666,0.974316005609,0.929736396764,0.721205823706,0.732894363439,0.987390839813,0.985882612770
market_item.xlsx|dark0de|seller_raw:justpornstore||market_item.xlsx|darkfox market|seller_raw:Justporn,0.873303637752,0.740149812241,0.707289509321,0.504410073364,0.847326617547,0.833611052250
market_item.xlsx|dark0de|seller_raw:sstore||market_item.xlsx|darkfox market|seller_raw:Shorestore,0.946122312301,0.861477339082,0.736849162146,0.749192864193,0.900310007803,0.945776722468
market_item.xlsx|dark0de|seller_raw:sstore||market_item.xlsx|vice city|seller_raw:Shorestore,0.954336835869,0.864892033964,0.772720955398,0.624847734034,0.912292783214,0.965180649935
market_item.xlsx|darkfox market|seller_raw:CARDVENDOR||market_item.xlsx|darkfox market|seller_raw:soluctionman,0.869647782271,0.747211822213,0.660835154202,0.885874011298,0.709294589691,0.860755121515
market_item.xlsx|darkfox market|seller_raw:High00||market_item.xlsx|darkfox market|seller_raw:Thuggaking54,0.846199395131,0.778678566954,0.687163052031,0.940271340952,0.794059066747,0.760682009990
market_item.xlsx|darkfox market|seller_raw:Queen||market_item.xlsx|vice city|seller_raw:JustPorn,0.868795364787,0.753459276607,0.730699692172,0.551583187463,0.844747982432,0.790620321522
market_item.xlsx|darkfox market|seller_raw:everready||market_item.xlsx|darkfox market|seller_raw:lifebotoxshop,0.902176878316,0.757025546152,0.653043205055,0.890445869348,0.747830437220,0.858628601493
market_item.xlsx|darkfox market|seller_raw:lifebotoxshop||market_item.xlsx|darkfox market|seller_raw:soluctionman,0.895465105155,0.780348072884,0.659109804906,0.944979247447,0.749827158731,0.857017920863
market_item.xlsx|darkfox market|seller_raw:pure||market_item.xlsx|darkfox market|seller_raw:trusteelucky,0.951259934258,0.783105279097,0.708506788873,0.818847988160,0.771106848519,0.950390332238
market_item.xlsx|silk road 3.1|seller_raw:Ahero||market_item.xlsx|silk road 3.1|seller_raw:Bnnemannen,1.000000000000,1.000000000000,0.807257643536,1.000000000000,1.000000000000,1.000000000000
market_item.xlsx|silk road 3.1|seller_raw:Ahero||market_item.xlsx|silk road 3.1|seller_raw:FABIUS007,1.000000000000,1.000000000000,0.807257641124,1.000000000000,1.000000000000,1.000000000000
market_item.xlsx|silk road 3.1|seller_raw:Ahero||market_item.xlsx|silk road 3.1|seller_raw:HighQaulityTrip,1.000000000000,1.000000000000,0.807257673306,1.000000000000,1.000000000000,1.000000000000
market_item.xlsx|silk road 3.1|seller_raw:Ahero||market_item.xlsx|silk road 3.1|seller_raw:TheExpansionsLevande,1.000000000000,1.000000000000,0.807257675718,1.000000000000,1.000000000000,1.000000000000
market_item.xlsx|silk road 3.1|seller_raw:Ahero||market_item.xlsx|silk road 3.1|seller_raw:asimpleuser,0.950412951126,0.858913783860,0.762273830013,0.435655135439,1.000000000000,1.000000000000
market_item.xlsx|silk road 3.1|seller_raw:Ahero||market_item.xlsx|silk road 3.1|seller_raw:camelstate,0.819006686225,0.715607171020,0.632190954496,0.504167455676,1.000000000000,0.358261228403
market_item.xlsx|silk road 3.1|seller_raw:Ahero||market_item.xlsx|silk road 3.1|seller_raw:caug,0.903488743670,0.734242808659,0.673250098187,0.533322294701,1.000000000000,0.403648939936
market_item.xlsx|silk road 3.1|seller_raw:Ahero||market_item.xlsx|silk road 3.1|seller_raw:fluxay,1.000000000000,1.000000000000,0.807257675718,1.000000000000,1.000000000000,1.000000000000
market_item.xlsx|silk road 3.1|seller_raw:Ahero||market_item.xlsx|silk road 3.1|seller_raw:janmolen,1.000000000000,1.000000000000,0.807257673548,1.000000000000,1.000000000000,1.000000000000
market_item.xlsx|silk road 3.1|seller_raw:Ahero||market_item.xlsx|silk road 3.1|seller_raw:johnsenasss666,1.000000000000,1.000000000000,0.807257676203,1.000000000000,1.000000000000,1.000000000000
market_item.xlsx|silk road 3.1|seller_raw:Ahero||market_item.xlsx|silk road 3.1|seller_raw:oabelkwow,0.765660521879,0.674501526322,0.572992978835,0.560647051998,0.571996579746,1.000000000000
market_item.xlsx|silk road 3.1|seller_raw:Ahero||market_item.xlsx|silk road 3.1|seller_raw:t2delrosario2,0.755623125828,0.679523053456,0.533391592989,1.000000000000,0.359046106913,1.000000000000
market_item.xlsx|silk road 3.1|seller_raw:Bnnemannen||market_item.xlsx|silk road 3.1|seller_raw:FABIUS007,1.000000000000,1.000000000000,0.807257627446,1.000000000000,1.000000000000,1.000000000000
market_item.xlsx|silk road 3.1|seller_raw:Bnnemannen||market_item.xlsx|silk road 3.1|seller_raw:HighQaulityTrip,1.000000000000,1.000000000000,0.807257659627,1.000000000000,0.999999999999,1.000000000000
market_item.xlsx|silk road 3.1|seller_raw:Bnnemannen||market_item.xlsx|silk road 3.1|seller_raw:TheExpansionsLevande,1.000000000000,1.000000000000,0.807257662039,1.000000000000,0.999999999999,1.000000000000
market_item.xlsx|silk road 3.1|seller_raw:Bnnemannen||market_item.xlsx|silk road 3.1|seller_raw:asimpleuser,0.950412956744,0.858913783860,0.762273819635,0.435655135439,1.000000000000,1.000000000000
market_item.xlsx|silk road 3.1|seller_raw:Bnnemannen||market_item.xlsx|silk road 3.1|seller_raw:camelstate,0.819006685265,0.715607170104,0.632190940773,0.504167455676,1.000000000000,0.358261224741
market_item.xlsx|silk road 3.1|seller_raw:Bnnemannen||market_item.xlsx|silk road 3.1|seller_raw:caug,0.903488740472,0.734242802963,0.673250084531,0.533322294701,1.000000000000,0.403648917152
market_item.xlsx|silk road 3.1|seller_raw:Bnnemannen||market_item.xlsx|silk road 3.1|seller_raw:fluxay,1.000000000000,1.000000000000,0.807257662039,1.000000000000,0.999999999999,1.000000000000
market_item.xlsx|silk road 3.1|seller_raw:Bnnemannen||market_item.xlsx|silk road 3.1|seller_raw:janmolen,1.000000000000,1.000000000000,0.807257659870,1.000000000000,1.000000000000,1.000000000000
market_item.xlsx|silk road 3.1|seller_raw:Bnnemannen||market_item.xlsx|silk road 3.1|seller_raw:johnsenasss666,1.000000000000,1.000000000000,0.807257662524,1.000000000000,0.999999999999,1.000000000000
market_item.xlsx|silk road 3.1|seller_raw:Bnnemannen||market_item.xlsx|silk road 3.1|seller_raw:oabelkwow,0.765660514991,0.674501518259,0.572992966673,0.560647051998,0.571996563857,1.000000000000
market_item.xlsx|silk road 3.1|seller_raw:Bnnemannen||market_item.xlsx|silk road 3.1|seller_raw:t2delrosario2,0.755623127517,0.679523046959,0.533391580127,1.000000000000,0.359046093918,1.000000000000
market_item.xlsx|silk road 3.1|seller_raw:DUTCHXMDMA0||market_item.xlsx|silk road 3.1|seller_raw:MollyMadness,0.928009845745,0.840060161653,0.756900648930,0.768933852376,0.900623189514,0.831798379924
market_item.xlsx|silk road 3.1|seller_raw:DUTCHXMDMA0||market_item.xlsx|silk road 3.1|seller_raw:PartySupplies,0.920368913840,0.831693570270,0.753826076560,0.903578796540,0.864283112147,0.778761325014
market_item.xlsx|silk road 3.1|seller_raw:DagobertHansa||market_item.xlsx|silk road 3.1|seller_raw:DirtyPop,0.649545162565,0.466224071394,0.456279556395,0.421303859387,0.469495827411,0.485947234050
market_item.xlsx|silk road 3.1|seller_raw:DutchXMDMAX||market_item.xlsx|silk road 3.1|seller_raw:MollyMadness,0.906423126701,0.788640740358,0.727570313188,0.757077561700,0.796102046370,0.808557098376
market_item.xlsx|silk road 3.1|seller_raw:DutchXMDMAX||market_item.xlsx|silk road 3.1|seller_raw:PartySupplies,0.914411775742,0.801894350569,0.744285841330,0.734972211940,0.828430813032,0.818439043015
market_item.xlsx|silk road 3.1|seller_raw:Electronicmen||market_item.xlsx|silk road 3.1|seller_raw:junior533,0.827859552207,0.727704520092,0.643166134540,1.000000000000,0.602645537154,0.724851839020
market_item.xlsx|silk road 3.1|seller_raw:FABIUS007||market_item.xlsx|silk road 3.1|seller_raw:HighQaulityTrip,1.000000000000,1.000000000000,0.807257657215,1.000000000000,0.999999999999,1.000000000000
market_item.xlsx|silk road 3.1|seller_raw:FABIUS007||market_item.xlsx|silk road 3.1|seller_raw:TheExpansionsLevande,1.000000000000,1.000000000000,0.807257659627,1.000000000000,0.999999999999,1.000000000000
market_item.xlsx|silk road 3.1|seller_raw:FABIUS007||market_item.xlsx|silk road 3.1|seller_raw:asimpleuser,0.950412957541,0.858913783860,0.762273817376,0.435655135439,1.000000000000,1.000000000000
market_item.xlsx|silk road 3.1|seller_raw:FABIUS007||market_item.xlsx|silk road 3.1|seller_raw:camelstate,0.819006688473,0.715607171020,0.632190941140,0.504167455676,1.000000000000,0.358261228403
market_item.xlsx|silk road 3.1|seller_raw:FABIUS007||market_item.xlsx|silk road 3.1|seller_raw:caug,0.903488745835,0.734242808659,0.673250085774,0.533322294701,1.000000000000,0.403648939936
market_item.xlsx|silk road 3.1|seller_raw:FABIUS007||market_item.xlsx|silk road 3.1|seller_raw:fluxay,1.000000000000,1.000000000000,0.807257659627,1.000000000000,0.999999999999,1.000000000000
market_item.xlsx|silk road 3.1|seller_raw:FABIUS007||market_item.xlsx|silk road 3.1|seller_raw:janmolen,1.000000000000,1.000000000000,0.807257657457,1.000000000000,1.000000000000,1.000000000000
market_item.xlsx|silk road 3.1|seller_raw:FABIUS007||market_item.xlsx|silk road 3.1|seller_raw:johnsenasss666,1.000000000000,1.000000000000,0.807257660112,1.000000000000,0.999999999999,1.000000000000
market_item.xlsx|silk road 3.1|seller_raw:FABIUS007||market_item.xlsx|silk road 3.1|seller_raw:t2delrosario2,0.755623120823,0.679523046959,0.533391576345,1.000000000000,0.359046093918,1.000000000000
market_item.xlsx|silk road 3.1|seller_raw:HighQaulityTrip||market_item.xlsx|silk road 3.1|seller_raw:TheExpansionsLevande,1.000000000000,1.000000000000,0.807257691809,1.000000000000,1.000000000000,1.000000000000
market_item.xlsx|silk road 3.1|seller_raw:HighQaulityTrip||market_item.xlsx|silk road 3.1|seller_raw:asimpleuser,0.950412944710,0.858913783860,0.762273842649,0.435655135439,0.999999999999,1.000000000000
market_item.xlsx|silk road 3.1|seller_raw:HighQaulityTrip||market_item.xlsx|silk road 3.1|seller_raw:camelstate,0.819006683976,0.715607171020,0.632190966017,0.504167455676,0.999999999999,0.358261228403
market_item.xlsx|silk road 3.1|seller_raw:HighQaulityTrip||market_item.xlsx|silk road 3.1|seller_raw:caug,0.903488741506,0.734242808659,0.673250107140,0.533322294701,0.999999999999,0.403648939936
market_item.xlsx|silk road 3.1|seller_raw:HighQaulityTrip||market_item.xlsx|silk road 3.1|seller_raw:fluxay,1.000000000000,1.000000000000,0.807257691809,1.000000000000,1.000000000000,1.000000000000
market_item.xlsx|silk road 3.1|seller_raw:HighQaulityTrip||market_item.xlsx|silk road 3.1|seller_raw:janmolen,1.000000000000,1.000000000000,0.807257689639,1.000000000000,1.000000000000,1.000000000000
market_item.xlsx|silk road 3.1|seller_raw:HighQaulityTrip||market_item.xlsx|silk road 3.1|seller_raw:johnsenasss666,1.000000000000,1.000000000000,0.807257692294,1.000000000000,1.000000000000,1.000000000000
market_item.xlsx|silk road 3.1|seller_raw:HighQaulityTrip||market_item.xlsx|silk road 3.1|seller_raw:t2delrosario2,0.755623130834,0.679523059954,0.533391609634,1.000000000000,0.359046119907,1.000000000000
market_item.xlsx|silk road 3.1|seller_raw:Kiros666||market_item.xlsx|silk road 3.1|seller_raw:hitler123,0.882586847948,1.000000000000,0.650247680699,1.000000000000,1.000000000000,1.000000000000
market_item.xlsx|silk road 3.1|seller_raw:Kiros666||market_item.xlsx|silk road 3.1|seller_raw:mcpickles,0.816285048605,0.709921413838,0.580794645605,0.500351698837,1.000000000000,0.336763396053
market_item.xlsx|silk road 3.1|seller_raw:Micheal555||market_item.xlsx|silk road 3.1|seller_raw:Mrroxy,0.877239651592,0.738064247794,0.685573498921,0.947959458366,0.893226001952,0.612387014046
market_item.xlsx|silk road 3.1|seller_raw:Micheal555||market_item.xlsx|silk road 3.1|seller_raw:ssdsolution,0.780353460188,0.635016395837,0.591435498938,0.845368920624,0.657854652803,0.602955315975
market_item.xlsx|silk road 3.1|seller_raw:Mrroxy||market_item.xlsx|silk road 3.1|seller_raw:bodypartsguy,0.676327530917,0.557947250920,0.508588794589,0.461620000876,0.418416289256,0.767361499193
market_item.xlsx|silk road 3.1|seller_raw:Mrroxy||market_item.xlsx|silk road 3.1|seller_raw:fastsupplies,0.880901561033,0.785333562339,0.714805019192,0.865693555461,0.833515009145,0.745135180823
market_item.xlsx|silk road 3.1|seller_raw:Mrroxy||market_item.xlsx|silk road 3.1|seller_raw:gennexlabs,0.902999785727,0.809948664768,0.736983982160,0.899976659985,0.867065404871,0.767361499193
market_item.xlsx|silk road 3.1|seller_raw:Mrroxy||market_item.xlsx|silk road 3.1|seller_raw:tatachemicals,0.837737282665,0.698331428689,0.646516349055,0.633107891091,0.755518013340,0.753800680936
market_item.xlsx|silk road 3.1|seller_raw:Qwerty8520||market_item.xlsx|silk road 3.1|seller_raw:lomskipystinqk,0.863168903923,0.773646970683,0.622303082428,1.000000000000,1.000000000000,0.454630000800
market_item.xlsx|silk road 3.1|seller_raw:Qwerty8520||market_item.xlsx|silk road 3.1|seller_raw:mcpickles,0.886894299451,0.844952445358,0.648362722090,1.000000000000,1.000000000000,0.379809781431
market_item.xlsx|silk road 3.1|seller_raw:TheExpansionsLevande||market_item.xlsx|silk road 3.1|seller_raw:asimpleuser,0.950412943912,0.858913783859,0.762273844907,0.435655135439,0.999999999999,1.000000000000
market_item.xlsx|silk road 3.1|seller_raw:TheExpansionsLevande||market_item.xlsx|silk road 3.1|seller_raw:camelstate,0.819006680767,0.715607170104,0.632190965649,0.504167455676,0.999999999999,0.358261224741
market_item.xlsx|silk road 3.1|seller_raw:TheExpansionsLevande||market_item.xlsx|silk road 3.1|seller_raw:caug,0.903488736143,0.734242802963,0.673250105896,0.533322294701,0.999999999999,0.403648917152
market_item.xlsx|silk road 3.1|seller_raw:TheExpansionsLevande||market_item.xlsx|silk road 3.1|seller_raw:fluxay,1.000000000000,1.000000000000,0.807257694221,1.000000000000,1.000000000000,1.000000000000
market_item.xlsx|silk road 3.1|seller_raw:TheExpansionsLevande||market_item.xlsx|silk road 3.1|seller_raw:janmolen,1.000000000000,1.000000000000,0.807257692051,1.000000000000,1.000000000000,1.000000000000
market_item.xlsx|silk road 3.1|seller_raw:TheExpansionsLevande||market_item.xlsx|silk road 3.1|seller_raw:johnsenasss666,1.000000000000,1.000000000000,0.807257694706,1.000000000000,1.000000000000,1.000000000000
market_item.xlsx|silk road 3.1|seller_raw:TheExpansionsLevande||market_item.xlsx|silk road 3.1|seller_raw:t2delrosario2,0.755623137528,0.679523059954,0.533391613416,1.000000000000,0.359046119907,1.000000000000
market_item.xlsx|silk road 3.1|seller_raw:allsupplies||market_item.xlsx|silk road 3.1|seller_raw:bodypartsguy,0.798650348129,0.630821575135,0.571591915588,0.484359801020,0.440113707235,0.927182820935
market_item.xlsx|silk road 3.1|seller_raw:allsupplies||market_item.xlsx|silk road 3.1|seller_raw:goldguy,0.796906039837,0.643862730936,0.594268051417,0.549238149222,0.442020624888,0.927182820935
market_item.xlsx|silk road 3.1|seller_raw:amazon8888||market_item.xlsx|silk road 3.1|seller_raw:jason9988,0.933685845802,0.835447979082,0.730347247356,0.916832740461,0.830260742121,0.877359703714
market_item.xlsx|silk road 3.1|seller_raw:asimpleuser||market_item.xlsx|silk road 3.1|seller_raw:camelstate,0.800919997098,0.704979750692,0.627949550246,0.461657774365,1.000000000000,0.358261228403
market_item.xlsx|silk road 3.1|seller_raw:asimpleuser||market_item.xlsx|silk road 3.1|seller_raw:caug,0.885476191432,0.715558206086,0.668899191229,0.458583884407,1.000000000000,0.403648939936
market_item.xlsx|silk road 3.1|seller_raw:asimpleuser||market_item.xlsx|silk road 3.1|seller_raw:fluxay,0.950412943912,0.858913783859,0.762273844907,0.435655135439,0.999999999999,1.000000000000
market_item.xlsx|silk road 3.1|seller_raw:asimpleuser||market_item.xlsx|silk road 3.1|seller_raw:janmolen,0.950412946419,0.858913783860,0.762273843727,0.435655135439,1.000000000000,1.000000000000
market_item.xlsx|silk road 3.1|seller_raw:asimpleuser||market_item.xlsx|silk road 3.1|seller_raw:johnsenasss666,0.950412947331,0.858913783860,0.762273847064,0.435655135439,0.999999999999,1.000000000000
market_item.xlsx|silk road 3.1|seller_raw:asimpleuser||market_item.xlsx|silk road 3.1|seller_raw:t2delrosario2,0.695005035962,0.538436830819,0.486432990505,0.435655135439,0.359046093918,1.000000000000
market_item.xlsx|silk road 3.1|seller_raw:bodypartsguy||market_item.xlsx|silk road 3.1|seller_raw:goldguy,0.840126027717,0.705803904286,0.626179306623,0.615476901724,0.457292199519,1.000000000000
market_item.xlsx|silk road 3.1|seller_raw:bodypartsguy||market_item.xlsx|silk road 3.1|seller_raw:ssdsolution,0.637997694546,0.458966365694,0.451225544034,0.451178225170,0.481576723608,0.460976985617
market_item.xlsx|silk road 3.1|seller_raw:c3c3c3||market_item.xlsx|silk road 3.1|seller_raw:hitler123,0.749840941120,0.673972153365,0.532043904234,0.749683472342,0.637898611482,0.673972153365
market_item.xlsx|silk road 3.1|seller_raw:c3c3c3||market_item.xlsx|silk road 3.1|seller_raw:lomskipystinqk,0.698432863191,0.488953767733,0.471793770720,0.376731687851,0.637898611482,0.318183943615
market_item.xlsx|silk road 3.1|seller_raw:c3c3c3||market_item.xlsx|silk road 3.1|seller_raw:mcpickles,0.747768523123,0.662241168728,0.524987735940,0.376731687851,0.637898611482,1.000000000000
market_item.xlsx|silk road 3.1|seller_raw:c3c3c3||market_item.xlsx|silk road 3.1|seller_raw:vartanxd,0.704409839459,0.549466022696,0.513554088269,0.547973529686,0.662598899356,0.333258249490
market_item.xlsx|silk road 3.1|seller_raw:caug||market_item.xlsx|silk road 3.1|seller_raw:fluxay,0.903488736143,0.734242802963,0.673250105896,0.533322294701,0.999999999999,0.403648917152
market_item.xlsx|silk road 3.1|seller_raw:caug||market_item.xlsx|silk road 3.1|seller_raw:janmolen,0.903488743476,0.734242808659,0.673250108058,0.533322294701,1.000000000000,0.403648939936
market_item.xlsx|silk road 3.1|seller_raw:caug||market_item.xlsx|silk road 3.1|seller_raw:johnsenasss666,0.903488740084,0.734242802963,0.673250107598,0.533322294701,0.999999999999,0.403648917152
market_item.xlsx|silk road 3.1|seller_raw:caug||market_item.xlsx|silk road 3.1|seller_raw:t2delrosario2,0.684721274224,0.413765849922,0.449401225080,0.533322294701,0.359046093918,0.403648917152
market_item.xlsx|silk road 3.1|seller_raw:dorado||market_item.xlsx|silk road 3.1|seller_raw:jason9988,0.822432840623,0.678910040063,0.650052110041,0.562980579610,0.718759949614,0.789486550974
market_item.xlsx|silk road 3.1|seller_raw:fastsupplies||market_item.xlsx|silk road 3.1|seller_raw:gennexlabs,0.944442996336,0.877819309127,0.769081955621,0.839432236877,0.883687120803,0.927182820935
market_item.xlsx|silk road 3.1|seller_raw:fastsupplies||market_item.xlsx|silk road 3.1|seller_raw:tatachemicals,0.913049501585,0.805876830615,0.702146484986,0.769850960572,0.737414077095,0.951741108417
market_item.xlsx|silk road 3.1|seller_raw:fluxay||market_item.xlsx|silk road 3.1|seller_raw:janmolen,1.000000000000,1.000000000000,0.807257692051,1.000000000000,1.000000000000,1.000000000000
market_item.xlsx|silk road 3.1|seller_raw:fluxay||market_item.xlsx|silk road 3.1|seller_raw:johnsenasss666,1.000000000000,1.000000000000,0.807257694706,1.000000000000,1.000000000000,1.000000000000
market_item.xlsx|silk road 3.1|seller_raw:fluxay||market_item.xlsx|silk road 3.1|seller_raw:oabelkwow,0.765660534110,0.674501534056,0.572993002837,0.560647051998,0.571996595634,1.000000000000
market_item.xlsx|silk road 3.1|seller_raw:fluxay||market_item.xlsx|silk road 3.1|seller_raw:t2delrosario2,0.755623137528,0.679523059954,0.533391613416,1.000000000000,0.359046119907,1.000000000000
market_item.xlsx|silk road 3.1|seller_raw:gennexlabs||market_item.xlsx|silk road 3.1|seller_raw:tatachemicals,0.890975875108,0.778811453372,0.683812902500,0.690776543759,0.753493886820,0.921450746559
market_item.xlsx|silk road 3.1|seller_raw:gunguy||market_item.xlsx|silk road 3.1|seller_raw:shilpameds,0.644516852042,0.553343444787,0.453722765850,0.754634268479,0.508536373886,0.567940571997
market_item.xlsx|silk road 3.1|seller_raw:gunguy||market_item.xlsx|silk road 3.1|seller_raw:tatachemicals,0.668184760691,0.525521961436,0.464092870367,0.716786620997,0.520720404693,0.501350482386
market_item.xlsx|silk road 3.1|seller_raw:hitler123||market_item.xlsx|silk road 3.1|seller_raw:lomskipystinqk,0.836288450958,0.833450566279,0.608552370408,0.500351698837,1.000000000000,0.833450566279
market_item.xlsx|silk road 3.1|seller_raw:hitler123||market_item.xlsx|silk road 3.1|seller_raw:mcpickles,0.899218529682,0.833450566279,0.648379930690,0.500351698837,1.000000000000,0.833450566279
market_item.xlsx|silk road 3.1|seller_raw:hitler123||market_item.xlsx|silk road 3.1|seller_raw:mekla,0.810940892796,0.838427430913,0.606497728709,0.515282292741,1.000000000000,0.838427430913
market_item.xlsx|silk road 3.1|seller_raw:hitler123||market_item.xlsx|silk road 3.1|seller_raw:silenkiller001,0.818983565135,0.831283032488,0.621198117218,0.493849097464,1.000000000000,0.831283032488
market_item.xlsx|silk road 3.1|seller_raw:hitler123||market_item.xlsx|silk road 3.1|seller_raw:vartanxd,0.723942324523,0.690189638743,0.550439328249,0.476902960489,0.801682468399,0.690189638743
market_item.xlsx|silk road 3.1|seller_raw:janmolen||market_item.xlsx|silk road 3.1|seller_raw:johnsenasss666,1.000000000000,1.000000000000,0.807257692537,1.000000000000,1.000000000000,1.000000000000
market_item.xlsx|silk road 3.1|seller_raw:janmolen||market_item.xlsx|silk road 3.1|seller_raw:t2delrosario2,0.755623124823,0.679523053669,0.533391604523,1.000000000000,0.359046107337,1.000000000000
market_item.xlsx|silk road 3.1|seller_raw:johnsenasss666||market_item.xlsx|silk road 3.1|seller_raw:t2delrosario2,0.755623125507,0.679523047384,0.533391603194,1.000000000000,0.359046094767,1.000000000000
market_item.xlsx|silk road 3.1|seller_raw:lomskipystinqk||market_item.xlsx|silk road 3.1|seller_raw:mcpickles,0.873895971427,0.826712597483,0.627288632870,1.000000000000,1.000000000000,0.318183933263
market_item.xlsx|silk road 3.1|seller_raw:lomskipystinqk||market_item.xlsx|silk road 3.1|seller_raw:onionsxxx,0.851800795764,0.721029161214,0.613053538293,0.535006160543,1.000000000000,0.566369206401
market_item.xlsx|silk road 3.1|seller_raw:mcpickles||market_item.xlsx|silk road 3.1|seller_raw:mekla,0.801706011148,0.712878693390,0.591617376491,0.590824972540,1.000000000000,0.260689801018
market_item.xlsx|silk road 3.1|seller_raw:mcpickles||market_item.xlsx|silk road 3.1|seller_raw:onionsxxx,0.819289512715,0.714230047036,0.597425534302,0.535006160543,1.000000000000,0.323861665563
market_item.xlsx|silk road 3.1|seller_raw:mcpickles||market_item.xlsx|silk road 3.1|seller_raw:silenkiller001,0.835377456597,0.736786725784,0.612174988515,0.573323017795,1.000000000000,0.373823885342
market_item.xlsx|silk road 3.1|seller_raw:mcpickles||market_item.xlsx|silk road 3.1|seller_raw:vartanxd,0.702287892692,0.577119490366,0.523246388250,0.381553767388,0.801682468399,0.333258239019
market_item.xlsx|silk road 3.1|seller_raw:shilpameds||market_item.xlsx|silk road 3.1|seller_raw:tatachemicals,0.771231814287,0.609708885572,0.548970798917,0.710153881627,0.716646513616,0.517362768862
market_item.xlsx|tor2door market|seller_raw:JustPorn||market_item.xlsx|vice city|seller_raw:Queen,0.870990606214,0.758077046527,0.721907613482,0.505200565575,0.895684682097,0.792959118051
market_item.xlsx|tor2door market|seller_raw:doctorupper||market_item.xlsx|vice city|seller_raw:Globalstims,0.897273006951,0.710224896629,0.711777189322,0.374820396180,0.947899339270,0.796561103207
market_item.xlsx|tor2door market|seller_raw:hudson||market_item.xlsx|vice city|seller_raw:Thuggaking54,0.873205479228,0.740788778748,0.739749489256,0.396913008674,0.897365356430,0.795811311840
market_item.xlsx|versus market|seller_raw:Hunterbiden666||market_item.xlsx|vice city|seller_raw:Hunterbiden,0.979348381155,0.938900825342,0.726420709564,0.774413586479,0.991752466568,0.984687225214
market_item.xlsx|Cartel|seller_raw:FedEx||market_item.xlsx|vice city|seller_raw:KitKat,0.867300260498,0.788853910136,0.752386142950,0.738209362147,0.771478327815,0.857861901384
market_item.xlsx|Cartel|seller_raw:Lucky7||market_item.xlsx|silk road 3.1|seller_raw:KingKongNL,0.898634028524,0.832222634005,0.799616995395,0.802509581140,0.874983576820,0.808992210751
market_item.xlsx|Cartel|seller_raw:Muankum12||market_item.xlsx|darkfox market|seller_raw:ThaKingDadpop,0.955240425331,0.897524809642,0.820103261161,0.937849362673,0.919128155560,0.944013487817
market_item.xlsx|Cartel|seller_raw:PsychedelicaShop||market_item.xlsx|darkfox market|seller_raw:Psychedelica,0.979264422830,0.930112690263,0.816736652220,0.950615757395,0.902750221067,0.981166591884
market_item.xlsx|Cartel|seller_raw:bestgroup||market_item.xlsx|dark0de|seller_raw:monsterlabstore,0.964717326660,0.903079470804,0.768586238859,0.982525057874,0.896898377387,0.951635702732
market_item.xlsx|Cartel|seller_raw:bestgroup||market_item.xlsx|silk road 3.1|seller_raw:bralle,0.923119501843,0.729200114839,0.702014307353,0.433939917196,0.804979871331,0.905618154042
market_item.xlsx|Cartel|seller_raw:dddprovider||market_item.xlsx|dark0de|seller_raw:lordsheng,0.882539209339,0.710450283506,0.672310530137,0.528981318926,0.700810393309,0.846791692101
market_item.xlsx|Cartel|seller_raw:dddprovider||market_item.xlsx|tor2door market|seller_raw:ddprovider,0.935321372870,0.832241632658,0.752903093532,0.475567376332,0.908207638501,0.965136938698
market_item.xlsx|Cartel|seller_raw:dddprovider||market_item.xlsx|versus market|seller_raw:ddprovider,0.960943817851,0.914454383404,0.808792431213,0.875086965466,0.938255027450,0.930140338458
market_item.xlsx|Cartel|seller_raw:fraudbuddy||market_item.xlsx|Cartel|seller_raw:melvinbankz,0.928313229451,0.800743212616,0.733847314518,0.930985374350,0.767998136745,0.916464115216
market_item.xlsx|Cartel|seller_raw:fraudbuddy||market_item.xlsx|dark0de|seller_raw:melvinbankz,0.926087928592,0.748854764937,0.737006822444,0.562696972877,0.804077944459,0.924555832259
market_item.xlsx|Cartel|seller_raw:fraudbuddy||market_item.xlsx|darkfox market|seller_raw:melvinbankz,0.920257016391,0.786898029763,0.730435335983,0.915353629386,0.801126842842,0.896477210422
market_item.xlsx|Cartel|seller_raw:fraudbuddy||market_item.xlsx|tor2door market|seller_raw:Melvinbankz,0.921662122907,0.703891231496,0.715537689784,0.391761912357,0.808062218403,0.916888639716
market_item.xlsx|Cartel|seller_raw:fraudbuddy||market_item.xlsx|versus market|seller_raw:melvinbankz,0.935166028264,0.812207404152,0.760557853099,0.893431653429,0.805471848464,0.920820955222
market_item.xlsx|Cartel|seller_raw:lloydspharma||market_item.xlsx|dark0de|seller_raw:lloydspharma1,0.883534219516,0.783876030310,0.687522006005,0.868727824530,0.825370495094,0.814695061996
market_item.xlsx|Cartel|seller_raw:melvinbankz||market_item.xlsx|darkfox market|seller_raw:fraudbuddy,0.935148746257,0.777038147048,0.756800878110,0.824351707454,0.748908026974,0.934477160206
market_item.xlsx|Cartel|seller_raw:melvinbankz||market_item.xlsx|versus market|seller_raw:fraudbuddy,0.944355322540,0.823837652388,0.760541289397,0.961979738594,0.788869787067,0.935261017310
market_item.xlsx|Cartel|seller_raw:melvinbankz||market_item.xlsx|vice city|seller_raw:Fraudbuddy,0.937348552354,0.781324549796,0.744145549873,0.775834186095,0.796326255379,0.930764872563
market_item.xlsx|Cartel|seller_raw:ttrebol35||market_item.xlsx|dark0de|seller_raw:firefly75,0.890959864630,0.745158580722,0.687932273860,0.814258463638,0.766158497852,0.808384158253
market_item.xlsx|Cartel|seller_raw:ttrebol35||market_item.xlsx|darkfox market|seller_raw:Firefly,0.939800723572,0.825971703598,0.748135096460,0.939934836358,0.788942221279,0.902127550065
market_item.xlsx|Lime|seller_raw:Benzopharma||market_item.xlsx|agartha market|seller_raw:vinicius12,0.832991048656,0.727341647922,0.702991789390,0.700480516568,0.693507717504,0.827700415738
market_item.xlsx|Lime|seller_raw:Hackman4all||market_item.xlsx|agartha market|seller_raw:blackhathacker,0.943167421835,0.816059800299,0.744655774333,0.705753128303,0.821466236937,0.938102746510
market_item.xlsx|Lime|seller_raw:Mrking||market_item.xlsx|darkfox market|seller_raw:Namara44,0.923878891532,0.852501927680,0.766251855760,0.926863530608,0.861569795273,0.882655086286
market_item.xlsx|Lime|seller_raw:Santiago||market_item.xlsx|agartha market|seller_raw:Hathacker,0.933670059500,0.796006220630,0.709084162163,0.712339767951,0.848551622179,0.900002007080
market_item.xlsx|Lime|seller_raw:dongreenplug||market_item.xlsx|Lime|seller_raw:thimoty99,0.919283634394,0.835914679082,0.702328110756,0.924171287506,0.876594125613,0.854884034019
market_item.xlsx|Lime|seller_raw:johnstone||market_item.xlsx|agartha market|seller_raw:johnstone14,0.906456008839,0.764900201869,0.698150235569,0.838804919186,0.740197508792,0.877955604062
market_item.xlsx|Lime|seller_raw:thimasnow||market_item.xlsx|agartha market|seller_raw:davidesales,0.856125439171,0.711774230808,0.651458634980,0.763758078253,0.719566750780,0.794591351888
market_item.xlsx|Lime|seller_raw:thimasnow||market_item.xlsx|agartha market|seller_raw:firsttrust420,0.887578872328,0.733108597563,0.660910893188,0.740346123165,0.814324312000,0.815531021210
market_item.xlsx|agartha market|seller_raw:Expediteshop||market_item.xlsx|agartha market|seller_raw:massiveshop,0.955664800946,0.874458032892,0.754097877052,0.931331556498,0.891331965527,0.932535670009
market_item.xlsx|agartha market|seller_raw:Lucky7||market_item.xlsx|apollon market|seller_raw:DonkeyKong54 (100%),0.829055121480,0.704481619843,0.645484745201,0.489308409286,0.838665383826,0.657857860605
market_item.xlsx|agartha market|seller_raw:biomed||market_item.xlsx|agartha market|seller_raw:massiveshop,0.948906586649,0.848221465836,0.728984350343,0.932948528588,0.883230434798,0.898968838082
market_item.xlsx|agartha market|seller_raw:firsttrust420||market_item.xlsx|agartha market|seller_raw:stonerpharma247,0.903005021221,0.756316942715,0.681448009786,0.821703241358,0.749866694548,0.838270302442
market_item.xlsx|agartha market|seller_raw:fivestarlegit||market_item.xlsx|agartha market|seller_raw:johnstone14,0.914347332050,0.824476234455,0.715779024489,0.936101744249,0.851527918259,0.839341090382
market_item.xlsx|agartha market|seller_raw:inlandpro||market_item.xlsx|agartha market|seller_raw:mert,0.916133698751,0.799044197792,0.733892128979,0.915077447408,0.811329952234,0.878170190397
market_item.xlsx|agartha market|seller_raw:vinicius12||market_item.xlsx|dark0de|seller_raw:coady2011,0.700413939695,0.570162916368,0.545572643872,0.587264066342,0.554332972492,0.605468115893
market_item.xlsx|apollon market|seller_raw:DonkeyKong54 (100%)||market_item.xlsx|dark0de|seller_raw:toto1909,0.770099412115,0.591688467195,0.531498497129,0.700916972286,0.613333864647,0.443231938083
market_item.xlsx|apollon market|seller_raw:MickeyMouseNL (96%)||market_item.xlsx|apollon market|seller_raw:PostNL (100%),0.936607204301,0.859347801200,0.779352082058,0.996732000017,0.842453065288,0.905584928153
market_item.xlsx|apollon market|seller_raw:NightlifeKings (99%)||market_item.xlsx|tor2door market|seller_raw:NightlifeKing,0.972324427440,0.870019413185,0.856060932738,0.560814598912,0.946252922559,0.987698019519
market_item.xlsx|apollon market|seller_raw:bestgroup1 (100%)||market_item.xlsx|silk road 3.1|seller_raw:bralle,0.910934819615,0.717864853609,0.665048358725,0.378251860116,0.834908441162,0.879518665533
market_item.xlsx|apollon market|seller_raw:bestgroup1 (100%)||market_item.xlsx|versus market|seller_raw:bestgroup,0.961561884367,0.848521758163,0.723393990430,0.646570959376,0.958260552232,0.943638263882
market_item.xlsx|cannazon market|seller_raw:GreenLeafDE||market_item.xlsx|tor2door market|seller_raw:PingPongUK,0.830773053177,0.579013107519,0.633854540291,0.417951160605,0.407867207196,0.896670025750
market_item.xlsx|cypher market|seller_raw:AudiRS7||market_item.xlsx|dark0de|seller_raw:fedex,0.775920460570,0.691115075312,0.667407513198,0.687457279883,0.668777296353,0.748962425250
market_item.xlsx|cypher market|seller_raw:AudiRS7||market_item.xlsx|darkfox market|seller_raw:FedEx,0.753978210873,0.707491711302,0.661228577635,0.689497004324,0.713562397720,0.730042428387
market_item.xlsx|cypher market|seller_raw:AudiRS7||market_item.xlsx|vice city|seller_raw:FedEx,0.754896913179,0.693076660956,0.678720875970,0.520333267531,0.753679423863,0.739742915345
market_item.xlsx|cypher market|seller_raw:NightlifeKings||market_item.xlsx|versus market|seller_raw:AmphetamineCowboys,0.975118514783,0.954853572598,0.878604923800,0.943146558341,0.968241719766,0.965003653038
market_item.xlsx|cypher market|seller_raw:monsterlabstore||market_item.xlsx|darkfox market|seller_raw:bestgroup,0.954432688402,0.872773478173,0.751148998406,0.782495141659,0.965030217636,0.923015486926
market_item.xlsx|dark0de|seller_raw:50bucks||market_item.xlsx|dark0de|seller_raw:toto1909,0.767730515943,0.694553445303,0.573488064566,1.000000000000,0.698830893753,0.378344305589
market_item.xlsx|dark0de|seller_raw:dddprovider||market_item.xlsx|dark0de|seller_raw:lordsheng,0.907638361573,0.820010140212,0.695108250891,1.000000000000,0.719172808311,0.854547046737
market_item.xlsx|dark0de|seller_raw:dddprovider||market_item.xlsx|darkfox market|seller_raw:ddprovider,0.928833635834,0.774084741022,0.755992401939,0.419903577739,0.858540583309,0.917856919197
market_item.xlsx|dark0de|seller_raw:dddprovider||market_item.xlsx|versus market|seller_raw:ddprovider,0.920815396923,0.768969663080,0.740340849918,0.430463503803,0.851995520365,0.898731574180
market_item.xlsx|dark0de|seller_raw:fedex||market_item.xlsx|silk road 3.1|seller_raw:RS7,0.911494562100,0.758294779820,0.765337549182,0.574048632199,0.723313231361,0.929374682810
market_item.xlsx|dark0de|seller_raw:fedex||market_item.xlsx|vice city|seller_raw:AudiRS7,0.899860850192,0.719125421512,0.729990979353,0.620656517753,0.704177745065,0.869244192354
market_item.xlsx|dark0de|seller_raw:fedex||market_item.xlsx|vice city|seller_raw:KitKat,0.908522908263,0.774307307740,0.769013676624,0.595915333402,0.787943968042,0.896473453837
market_item.xlsx|dark0de|seller_raw:lordsheng||market_item.xlsx|tor2door market|seller_raw:ddprovider,0.877342134193,0.740965275116,0.651192919754,0.750756383729,0.675115972160,0.855998647796
market_item.xlsx|dark0de|seller_raw:lordsheng||market_item.xlsx|versus market|seller_raw:ddprovider,0.863570135356,0.687219372758,0.659602641206,0.430463512012,0.671150964798,0.867462951187
market_item.xlsx|dark0de|seller_raw:luckyy7||market_item.xlsx|silk road 3.1|seller_raw:KingKongNL,0.899234183787,0.798927007221,0.778578668594,0.715441024225,0.846451187756,0.846004250341
market_item.xlsx|dark0de|seller_raw:melvinbankz||market_item.xlsx|darkfox market|seller_raw:fraudbuddy,0.943466252164,0.757716366154,0.767977947467,0.594194985631,0.798756910555,0.948555793611
market_item.xlsx|dark0de|seller_raw:melvinbankz||market_item.xlsx|versus market|seller_raw:fraudbuddy,0.942989122385,0.761882470014,0.765028344257,0.563651289126,0.826920638200,0.943156721074
market_item.xlsx|dark0de|seller_raw:melvinbankz||market_item.xlsx|vice city|seller_raw:Fraudbuddy,0.937256844885,0.777589813184,0.754845784871,0.655323039431,0.839852758804,0.935800855994
market_item.xlsx|dark0de|seller_raw:monsterlabstore||market_item.xlsx|silk road 3.1|seller_raw:bralle,0.936027358084,0.742594415323,0.706263363070,0.437656407692,0.809517274414,0.923853364487
market_item.xlsx|dark0de|seller_raw:nightlifekings||market_item.xlsx|tor2door market|seller_raw:NightlifeKing,0.977767107010,0.880743817444,0.863731306867,0.557309790563,0.952980739816,0.987182333765
market_item.xlsx|darkfox market|seller_raw:GreenLeafDE||market_item.xlsx|tor2door market|seller_raw:PingPongUK,0.829208969432,0.604889733874,0.624208913482,0.428434817746,0.473098733484,0.880293671240
market_item.xlsx|darkfox market|seller_raw:Psychedelica||market_item.xlsx|tor2door market|seller_raw:PsychedelicaShop,0.966126406436,0.835375283904,0.796254595346,0.400748625573,0.947768359694,0.981227543170
market_item.xlsx|darkfox market|seller_raw:Psychedelica||market_item.xlsx|vice city|seller_raw:PsychedelicaShop,0.919616289886,0.803578135345,0.741676782754,0.844703536532,0.901112910043,0.859176137269
market_item.xlsx|darkfox market|seller_raw:ThaKingDadpop||market_item.xlsx|tor2door market|seller_raw:Muankum12,0.945896998298,0.795981223446,0.793086106187,0.402126818800,0.911589862642,0.948996920848
market_item.xlsx|darkfox market|seller_raw:ThaKingDadpop||market_item.xlsx|vice city|seller_raw:Muankum12,0.949530806324,0.877631813946,0.816120367454,0.853899465952,0.925947307219,0.929178898696
market_item.xlsx|darkfox market|seller_raw:bestgroup||market_item.xlsx|silk road 3.1|seller_raw:bralle,0.924067518342,0.732566476528,0.698278767715,0.444857027701,0.813869452953,0.892035447326
market_item.xlsx|darkfox market|seller_raw:ddprovider||market_item.xlsx|vice city|seller_raw:Lordsheng,0.865958531033,0.686361292574,0.665906339084,0.420544010697,0.697406929209,0.834337698668
market_item.xlsx|darkfox market|seller_raw:frankDuke||market_item.xlsx|silk road 3.1|seller_raw:kome,0.638777818637,0.478057347522,0.458078987909,0.514952104792,0.455176417118,0.547824658074
market_item.xlsx|darkfox market|seller_raw:fraudbuddy||market_item.xlsx|darkfox market|seller_raw:melvinbankz,0.938195111116,0.796263632462,0.757558210679,0.927882883012,0.794705327027,0.923252343646
market_item.xlsx|darkfox market|seller_raw:fraudbuddy||market_item.xlsx|tor2door market|seller_raw:Melvinbankz,0.927090809367,0.713847294667,0.733302674417,0.466670860508,0.790468386447,0.929649888418
market_item.xlsx|darkfox market|seller_raw:fraudbuddy||market_item.xlsx|versus market|seller_raw:melvinbankz,0.965991308739,0.796906191783,0.803115323634,0.783154609865,0.800171533762,0.967531049256
market_item.xlsx|darkfox market|seller_raw:fraudbuddy||market_item.xlsx|vice city|seller_raw:Melvinbankz,0.912734017206,0.727895912206,0.708105063642,0.518595707882,0.813391064257,0.899344925126
market_item.xlsx|darkfox market|seller_raw:melvinbankz||market_item.xlsx|versus market|seller_raw:fraudbuddy,0.941778865143,0.810150766406,0.758890723538,0.892125399153,0.847045405372,0.920650245221
market_item.xlsx|darkfox market|seller_raw:melvinbankz||market_item.xlsx|vice city|seller_raw:Fraudbuddy,0.932941020224,0.782048855682,0.741040924011,0.772948151463,0.828894060853,0.915607359233
market_item.xlsx|silk road 3.1|seller_raw:ADMlN||market_item.xlsx|silk road 3.1|seller_raw:goodman209,0.911488848109,0.828619238195,0.720141837740,1.000000000000,0.641779569709,0.952848171064
market_item.xlsx|silk road 3.1|seller_raw:AccountCartel||market_item.xlsx|silk road 3.1|seller_raw:misaca,0.788022637124,0.657391469230,0.617342631423,1.000000000000,0.629291819194,0.525432988952
market_item.xlsx|silk road 3.1|seller_raw:AccountNinja||market_item.xlsx|silk road 3.1|seller_raw:Underground1231,0.659644126420,0.521477006731,0.510845421543,0.702512028646,0.500147978964,0.469082327094
market_item.xlsx|silk road 3.1|seller_raw:AccountNinja||market_item.xlsx|silk road 3.1|seller_raw:der3313,0.833393700502,0.786033607092,0.676872224735,1.000000000000,0.769595273839,0.604943880689
market_item.xlsx|silk road 3.1|seller_raw:AccountNinja||market_item.xlsx|silk road 3.1|seller_raw:dn21,0.770112694443,0.669349109125,0.631651354052,1.000000000000,0.546634503618,0.626738269194
market_item.xlsx|silk road 3.1|seller_raw:AccountNinja||market_item.xlsx|silk road 3.1|seller_raw:misaca,0.881088074601,0.818474618420,0.721806987789,1.000000000000,0.771590647165,0.780311193980
market_item.xlsx|silk road 3.1|seller_raw:AccountNinja||market_item.xlsx|silk road 3.1|seller_raw:thebuffalo,0.827512544238,0.730352490776,0.662046104038,1.000000000000,0.652093162744,0.673788064197
market_item.xlsx|silk road 3.1|seller_raw:AccountNinja||market_item.xlsx|silk road 3.1|seller_raw:thugdos,0.874952535105,0.802825759608,0.712966786886,1.000000000000,0.789801245388,0.717263153632
market_item.xlsx|silk road 3.1|seller_raw:BECKYAMANPOUR||market_item.xlsx|silk road 3.1|seller_raw:Nickybeverly110,0.835397199450,0.693973545041,0.667961504908,0.967488727663,0.845328576176,0.481276534012
market_item.xlsx|silk road 3.1|seller_raw:Benjo||market_item.xlsx|silk road 3.1|seller_raw:bennyman,0.951292472876,0.864498894250,0.779747373426,0.974094778611,0.845026855411,0.931271280222
market_item.xlsx|silk road 3.1|seller_raw:Benjo||market_item.xlsx|silk road 3.1|seller_raw:chani,0.968207264960,0.888393293481,0.801968121942,0.967367613577,0.882512074603,0.950134230794
market_item.xlsx|silk road 3.1|seller_raw:Benjo||market_item.xlsx|silk road 3.1|seller_raw:kennedybrown,0.945333770248,0.873217782903,0.767414275638,0.959966051236,0.919759033324,0.899632490866
market_item.xlsx|silk road 3.1|seller_raw:Biochemistz||market_item.xlsx|silk road 3.1|seller_raw:Biohazard,0.882701292833,0.772217229747,0.668709189709,0.918848636134,0.800903195364,0.765355205304
market_item.xlsx|silk road 3.1|seller_raw:Buytheworld||market_item.xlsx|silk road 3.1|seller_raw:Kingdope,0.772531392055,0.656520239573,0.583370477595,0.710153928602,0.624863236595,0.661944882880
market_item.xlsx|silk road 3.1|seller_raw:CardMoneyPro||market_item.xlsx|silk road 3.1|seller_raw:QuantichR,0.859120426856,0.709173536064,0.653048489343,0.554210650266,0.747688592335,0.823037562051
market_item.xlsx|silk road 3.1|seller_raw:CardMoneyPro||market_item.xlsx|silk road 3.1|seller_raw:jebak123,0.878966089009,0.795850714474,0.679878261211,1.000000000000,0.698321028791,0.840888506340
market_item.xlsx|silk road 3.1|seller_raw:CardMoneyPro||market_item.xlsx|silk road 3.1|seller_raw:jupiter022,0.892024080862,0.809163954009,0.685714795012,1.000000000000,0.743071122920,0.846854524183
market_item.xlsx|silk road 3.1|seller_raw:Counterfeitking2013||market_item.xlsx|silk road 3.1|seller_raw:counterfeitbuyers,0.900610490952,0.807131032778,0.744774110613,0.897517814841,0.755559759220,0.851526820205
market_item.xlsx|silk road 3.1|seller_raw:Counterfeitking2013||market_item.xlsx|silk road 3.1|seller_raw:iselluk,0.865297904210,0.786593977614,0.716911876281,0.901733495396,0.789527750934,0.757267823603
market_item.xlsx|silk road 3.1|seller_raw:Counterfeitnotes||market_item.xlsx|silk road 3.1|seller_raw:Kingdope,0.742037022480,0.588915795130,0.551900418071,0.676554745884,0.495432909084,0.640354696310
market_item.xlsx|silk road 3.1|seller_raw:DrawkwarDAccounts||market_item.xlsx|silk road 3.1|seller_raw:geazy,0.805665590151,0.686767401596,0.626923304311,1.000000000000,0.755586994163,0.464720344361
market_item.xlsx|silk road 3.1|seller_raw:DrawkwarDAccounts||market_item.xlsx|silk road 3.1|seller_raw:misaca,0.907036899990,0.876644636920,0.744973967578,1.000000000000,0.789845882012,0.901327974267
market_item.xlsx|silk road 3.1|seller_raw:DrawkwarDAccounts||market_item.xlsx|silk road 3.1|seller_raw:premiumaccounts,0.841090194284,0.727217624342,0.665563564193,1.000000000000,0.749270965545,0.572951170883
market_item.xlsx|silk road 3.1|seller_raw:DrawkwarDAccounts||market_item.xlsx|silk road 3.1|seller_raw:thebuffalo,0.915536574054,0.827985810795,0.730937162449,1.000000000000,0.822199065735,0.753258373593
market_item.xlsx|silk road 3.1|seller_raw:DrawkwarDAccounts||market_item.xlsx|silk road 3.1|seller_raw:thugdos,0.843456315141,0.729639586967,0.669345031700,1.000000000000,0.778209232716,0.549899714419
market_item.xlsx|silk road 3.1|seller_raw:DrawkwarDAccounts||market_item.xlsx|silk road 3.1|seller_raw:zymo,0.868074253124,0.759767493215,0.685026382178,1.000000000000,0.727740070555,0.595052813094
market_item.xlsx|silk road 3.1|seller_raw:Eddiemiles22||market_item.xlsx|silk road 3.1|seller_raw:subway44,0.934020290828,0.796575211137,0.769213097855,0.960528552564,0.931371585897,0.700285426555
market_item.xlsx|silk road 3.1|seller_raw:Excursive||market_item.xlsx|silk road 3.1|seller_raw:premiumaccounts,0.870448063595,0.808676089201,0.722708248552,1.000000000000,0.745305732966,0.777973094489
market_item.xlsx|silk road 3.1|seller_raw:Garda||market_item.xlsx|silk road 3.1|seller_raw:megaup,0.736434430645,0.581726419541,0.520927092667,0.599736225651,0.727425539548,0.272318373415
market_item.xlsx|silk road 3.1|seller_raw:KingKongNL||market_item.xlsx|silk road 3.1|seller_raw:Lucky7,0.889163578078,0.811300150889,0.769276986444,0.893346853584,0.869192177342,0.783572475286
market_item.xlsx|silk road 3.1|seller_raw:KingKongNL||market_item.xlsx|silk road 3.1|seller_raw:Streetlegend,0.898529472286,0.811229325884,0.775930782074,0.923241260654,0.836686486622,0.796028504586
market_item.xlsx|silk road 3.1|seller_raw:KingKongNL||market_item.xlsx|vice city|seller_raw:Lucky7,0.956178743282,0.907633925736,0.848039461414,0.887086624466,0.957274206193,0.890342105004
market_item.xlsx|silk road 3.1|seller_raw:Moneymover007||market_item.xlsx|silk road 3.1|seller_raw:jupiter022,0.831529901694,0.738302034329,0.618389660875,1.000000000000,0.563568301970,0.837356773369
market_item.xlsx|silk road 3.1|seller_raw:Nickybeverly110||market_item.xlsx|silk road 3.1|seller_raw:cocainelord110,0.786804255926,0.636207426463,0.616170982904,0.883365515192,0.775984698357,0.430806915480
market_item.xlsx|silk road 3.1|seller_raw:Pfizer||market_item.xlsx|silk road 3.1|seller_raw:kennedybrown,0.941351615791,0.875536903726,0.777484609252,0.972531614145,0.905647302650,0.907519156319
market_item.xlsx|silk road 3.1|seller_raw:QuantichR||market_item.xlsx|silk road 3.1|seller_raw:jupiter022,0.892762096910,0.767305294004,0.683049463991,0.554210650266,0.763950214148,0.918548981893
market_item.xlsx|silk road 3.1|seller_raw:RS7||market_item.xlsx|vice city|seller_raw:FedEx,0.918578420767,0.848124687134,0.808825196937,0.754851071234,0.860316082227,0.920854735320
market_item.xlsx|silk road 3.1|seller_raw:Redstevens07||market_item.xlsx|silk road 3.1|seller_raw:maskmark,0.938386410162,0.766853092577,0.746944451166,1.000000000000,0.669565826485,0.747566904958
market_item.xlsx|silk road 3.1|seller_raw:Stackx||market_item.xlsx|silk road 3.1|seller_raw:XREGORK,0.834384904164,0.702726465168,0.668685835107,0.740787819599,0.593120029682,0.806399732586
market_item.xlsx|silk road 3.1|seller_raw:Stackx||market_item.xlsx|silk road 3.1|seller_raw:bamm,0.629486014349,0.471025984028,0.475659895099,0.379612263624,0.459626011557,0.534245266347
market_item.xlsx|silk road 3.1|seller_raw:Stackx||market_item.xlsx|silk road 3.1|seller_raw:kkarolekk12,0.817326049769,0.773403867342,0.669999678337,1.000000000000,0.694487926701,0.704639615965
market_item.xlsx|silk road 3.1|seller_raw:Stackx||market_item.xlsx|silk road 3.1|seller_raw:megaup,0.704467605130,0.582183083448,0.496209810029,1.000000000000,0.466333957488,0.396064418815
market_item.xlsx|silk road 3.1|seller_raw:Stackx||market_item.xlsx|silk road 3.1|seller_raw:whistle1221,0.737317355504,0.620858675659,0.594575216056,0.599736225651,0.582419260172,0.669859316148
market_item.xlsx|silk road 3.1|seller_raw:Thecleaner786||market_item.xlsx|silk road 3.1|seller_raw:der3313,0.826535921487,0.769406675273,0.656481056621,1.000000000000,0.763440852699,0.550744995696
market_item.xlsx|silk road 3.1|seller_raw:Thecleaner786||market_item.xlsx|silk road 3.1|seller_raw:dn21,0.778093613352,0.670973869408,0.594972960532,1.000000000000,0.589440396600,0.587994276921
market_item.xlsx|silk road 3.1|seller_raw:Underground1231||market_item.xlsx|silk road 3.1|seller_raw:der3313,0.699458507729,0.627539134537,0.551921030792,0.702512028646,0.638594692522,0.452465444037
market_item.xlsx|silk road 3.1|seller_raw:Underground1231||market_item.xlsx|silk road 3.1|seller_raw:misaca,0.686602401967,0.537934621670,0.530493355359,0.702512028646,0.559009368885,0.456740393022
market_item.xlsx|silk road 3.1|seller_raw:Undergroundnation||market_item.xlsx|silk road 3.1|seller_raw:counterfeitbuyers,0.663090848585,0.547699780517,0.534506073559,0.458159270242,0.550424038959,0.607581102285
market_item.xlsx|silk road 3.1|seller_raw:WestUnionCommite||market_item.xlsx|silk road 3.1|seller_raw:WesternTransfers84,0.773661911550,0.654841904889,0.601280945420,0.499702496609,0.525661434283,0.877837283592
market_item.xlsx|silk road 3.1|seller_raw:WestUnionCommite||market_item.xlsx|silk road 3.1|seller_raw:goodman209,0.880707647619,0.746159842638,0.689250160390,0.499702496609,0.679795304381,0.952837179981
market_item.xlsx|silk road 3.1|seller_raw:XREGORK||market_item.xlsx|silk road 3.1|seller_raw:kkarolekk12,0.751159032671,0.623243811055,0.599147891572,0.740787866547,0.579583776358,0.643143480544
market_item.xlsx|silk road 3.1|seller_raw:bamm||market_item.xlsx|silk road 3.1|seller_raw:kkarolekk12,0.629760023281,0.492946884453,0.484283801376,0.379612312200,0.592442850074,0.420098156137
market_item.xlsx|silk road 3.1|seller_raw:beckly7000||market_item.xlsx|silk road 3.1|seller_raw:shuklalabsATgmail,0.884475566916,0.782682503624,0.692707895538,0.733509704997,0.800274089974,0.846569851696
market_item.xlsx|silk road 3.1|seller_raw:beckly7000||market_item.xlsx|silk road 3.1|seller_raw:vatsal,0.856716346838,0.775598680272,0.719443072084,0.772843373035,0.845188883954,0.727130301274
market_item.xlsx|silk road 3.1|seller_raw:citrek||market_item.xlsx|silk road 3.1|seller_raw:zymo,0.691678961284,0.549983184314,0.508992000184,0.511731718502,0.634342068952,0.441371351517
market_item.xlsx|silk road 3.1|seller_raw:coopine||market_item.xlsx|silk road 3.1|seller_raw:mickey009,0.861145332022,0.728626304265,0.678320822976,0.771154521397,0.670762976733,0.818492197360
market_item.xlsx|silk road 3.1|seller_raw:coopine||market_item.xlsx|silk road 3.1|seller_raw:mickey099,0.735021278124,0.617134391820,0.576652705320,0.707956788384,0.531347904965,0.700180050542
market_item.xlsx|silk road 3.1|seller_raw:counterfeitbuyers||market_item.xlsx|silk road 3.1|seller_raw:gunman2013,0.886323091888,0.802082101878,0.705905547138,0.930712942393,0.770722777858,0.826507915467
market_item.xlsx|silk road 3.1|seller_raw:counterfeitbuyers||market_item.xlsx|silk road 3.1|seller_raw:ibuyuk,0.815135720283,0.695242031451,0.651306746727,0.868867644150,0.571662631615,0.786797666629
market_item.xlsx|silk road 3.1|seller_raw:der3313||market_item.xlsx|silk road 3.1|seller_raw:dn21,0.799759514701,0.729056065777,0.649874811882,1.000000000000,0.604287253646,0.707649763873
market_item.xlsx|silk road 3.1|seller_raw:der3313||market_item.xlsx|silk road 3.1|seller_raw:misaca,0.882332104585,0.822271019346,0.717846544534,1.000000000000,0.813741761299,0.638081116983
market_item.xlsx|silk road 3.1|seller_raw:der3313||market_item.xlsx|silk road 3.1|seller_raw:zymo,0.886879159887,0.806398946562,0.716297405105,1.000000000000,0.785917034639,0.653761716971
market_item.xlsx|silk road 3.1|seller_raw:dn21||market_item.xlsx|silk road 3.1|seller_raw:misaca,0.815531599599,0.707213147234,0.665435205540,1.000000000000,0.614810861199,0.658041757986
market_item.xlsx|silk road 3.1|seller_raw:doctor77||market_item.xlsx|silk road 3.1|seller_raw:dope903,0.921778860409,0.820784928469,0.726927051611,0.956429567505,0.832261518693,0.856722872583
market_item.xlsx|silk road 3.1|seller_raw:doctor77||market_item.xlsx|silk road 3.1|seller_raw:tortrustedmeds,0.965550249425,0.870765657079,0.794271356912,0.983112351075,0.856555104095,0.944440980155
market_item.xlsx|silk road 3.1|seller_raw:doctorweed83||market_item.xlsx|silk road 3.1|seller_raw:samuellance33,0.932206346318,0.794612738483,0.781695447426,0.946975767357,0.811399107110,0.901864507515
market_item.xlsx|silk road 3.1|seller_raw:dope903||market_item.xlsx|silk road 3.1|seller_raw:mark7000,0.898643468348,0.757821450015,0.682783304853,0.953412937214,0.737499421432,0.829519808394
market_item.xlsx|silk road 3.1|seller_raw:ez1969||market_item.xlsx|silk road 3.1|seller_raw:thebuffalo,0.792809714504,0.702270568812,0.635660127671,1.000000000000,0.661211769354,0.597111680781
market_item.xlsx|silk road 3.1|seller_raw:ez1969||market_item.xlsx|silk road 3.1|seller_raw:zymo,0.792934557190,0.708876321623,0.641363159142,1.000000000000,0.632788566019,0.574994637825
market_item.xlsx|silk road 3.1|seller_raw:geazy||market_item.xlsx|silk road 3.1|seller_raw:premiumaccounts,0.892728721297,0.812604133128,0.717978091509,1.000000000000,0.946081999311,0.585428333510
market_item.xlsx|silk road 3.1|seller_raw:geazy||market_item.xlsx|silk road 3.1|seller_raw:thebuffalo,0.800177631307,0.693262151786,0.642951365310,1.000000000000,0.804669023660,0.428486355804
market_item.xlsx|silk road 3.1|seller_raw:geazy||market_item.xlsx|silk road 3.1|seller_raw:thugdos,0.860698069655,0.803453836134,0.698790977135,1.000000000000,0.908028117986,0.600606472350
market_item.xlsx|silk road 3.1|seller_raw:geazy||market_item.xlsx|silk road 3.1|seller_raw:zymo,0.793339369663,0.753597824505,0.648540280980,1.000000000000,0.762957943416,0.488475411190
market_item.xlsx|silk road 3.1|seller_raw:jebak123||market_item.xlsx|silk road 3.1|seller_raw:jupiter022,0.835591793655,0.710234939282,0.633365759601,1.000000000000,0.539818867855,0.837522665426
market_item.xlsx|silk road 3.1|seller_raw:kidney||market_item.xlsx|silk road 3.1|seller_raw:kome,0.851231668189,0.680151501490,0.623476999998,0.755803781716,0.800631273336,0.632595804304
market_item.xlsx|silk road 3.1|seller_raw:kidney||market_item.xlsx|silk road 3.1|seller_raw:vagi,0.832971053782,0.650321366059,0.611826789805,0.893758472941,0.818990985178,0.519553456237
market_item.xlsx|silk road 3.1|seller_raw:kkarolekk12||market_item.xlsx|silk road 3.1|seller_raw:megaup,0.757265690313,0.619702372344,0.553356435726,1.000000000000,0.586981423395,0.304846642587
market_item.xlsx|silk road 3.1|seller_raw:kkarolekk12||market_item.xlsx|silk road 3.1|seller_raw:whistle1221,0.820167956323,0.721089723988,0.683312198468,0.599736249103,0.796415593375,0.691791460097
market_item.xlsx|silk road 3.1|seller_raw:megaup||market_item.xlsx|silk road 3.1|seller_raw:reg0rk,0.648785979788,0.543603765530,0.435676927365,0.740787819599,0.524857799955,0.396709520241
market_item.xlsx|silk road 3.1|seller_raw:misaca||market_item.xlsx|silk road 3.1|seller_raw:thebuffalo,0.858228496114,0.767824859396,0.685164969049,1.000000000000,0.703204939288,0.721642794888
market_item.xlsx|silk road 3.1|seller_raw:premiumaccounts||market_item.xlsx|silk road 3.1|seller_raw:thebuffalo,0.843870891767,0.732516800076,0.679824575674,1.000000000000,0.788950553618,0.542341446572
market_item.xlsx|silk road 3.1|seller_raw:premiumaccounts||market_item.xlsx|silk road 3.1|seller_raw:thugdos,0.906064719997,0.853550932791,0.746125305218,1.000000000000,0.875802893343,0.758074438634
market_item.xlsx|silk road 3.1|seller_raw:premiumaccounts||market_item.xlsx|silk road 3.1|seller_raw:zymo,0.832718688129,0.772897398403,0.674398569143,1.000000000000,0.735901565172,0.619786463267
market_item.xlsx|silk road 3.1|seller_raw:samuellance33||market_item.xlsx|silk road 3.1|seller_raw:subway44,0.916013760869,0.826858790399,0.772918702319,0.945848497405,0.841137741740,0.887891429947
market_item.xlsx|silk road 3.1|seller_raw:shuklalabsATgmail||market_item.xlsx|silk road 3.1|seller_raw:vatsal,0.868540174243,0.782846608648,0.723006784117,0.710153928602,0.877125464504,0.760542372731
market_item.xlsx|silk road 3.1|seller_raw:susan393||market_item.xlsx|silk road 3.1|seller_raw:tortrustedmeds,0.961433063742,0.896810060588,0.782345339237,0.960677955201,0.905820064856,0.926270835466
market_item.xlsx|silk road 3.1|seller_raw:thebuffalo||market_item.xlsx|silk road 3.1|seller_raw:thugdos,0.846341178594,0.736981521953,0.685635676054,1.000000000000,0.822512967890,0.519940836991
market_item.xlsx|silk road 3.1|seller_raw:thebuffalo||market_item.xlsx|silk road 3.1|seller_raw:zymo,0.898984600851,0.784745419897,0.717256808736,1.000000000000,0.747319801114,0.644342077362
market_item.xlsx|silk road 3.1|seller_raw:thugdos||market_item.xlsx|silk road 3.1|seller_raw:zymo,0.834502341384,0.780780538011,0.676933324831,1.000000000000,0.774568709482,0.573984733079
market_item.xlsx|silk road 3.1|seller_raw:vagi||market_item.xlsx|silk road 3.1|seller_raw:vatsalmedsgmailcom,0.668971346666,0.570216668937,0.516587533070,0.746937111593,0.573141225886,0.576451825105
market_item.xlsx|silk road 3.1|seller_raw:vatsal||market_item.xlsx|silk road 3.1|seller_raw:vatsalmedsgmailcom,0.745830066369,0.643806118773,0.639398178207,0.570112279346,0.733352724376,0.626406709049
market_item.xlsx|tor2door market|seller_raw:GreenLeafDE||market_item.xlsx|tor2door market|seller_raw:PingPongUK,0.837477637689,0.665815994203,0.618136499255,1.000000000000,0.394531837332,0.870866766527
market_item.xlsx|tor2door market|seller_raw:Melvinbankz||market_item.xlsx|tor2door market|seller_raw:fraudbuddy,0.937055848006,0.810595164951,0.715373115161,1.000000000000,0.751308355515,0.928734037143
market_item.xlsx|tor2door market|seller_raw:Melvinbankz||market_item.xlsx|versus market|seller_raw:fraudbuddy,0.939422143165,0.716082938764,0.737929600365,0.383288234792,0.806329552698,0.938803254300
market_item.xlsx|tor2door market|seller_raw:Melvinbankz||market_item.xlsx|vice city|seller_raw:Fraudbuddy,0.932971649424,0.709801568429,0.724820727996,0.409008750308,0.818134863145,0.930505401103
market_item.xlsx|tor2door market|seller_raw:MickeyMouseNL||market_item.xlsx|vice city|seller_raw:MickeyMouseNLL,0.982973427746,0.873174395667,0.848374526846,0.403822703387,0.991548472168,0.997956432878
market_item.xlsx|tor2door market|seller_raw:NightlifeKing||market_item.xlsx|vice city|seller_raw:NightlifeKings,0.987805068396,0.914969465143,0.884523663121,0.608189991056,0.995497080142,0.996060253865
market_item.xlsx|tor2door market|seller_raw:PingPongUK||market_item.xlsx|versus market|seller_raw:GreenLeafDE,0.820936688219,0.555233928458,0.610207355676,0.426730434850,0.388575505652,0.878496742377
market_item.xlsx|tor2door market|seller_raw:ddprovider||market_item.xlsx|vice city|seller_raw:Lordsheng,0.888201723379,0.786711091541,0.670769072207,1.000000000000,0.665397333865,0.854819763625
market_item.xlsx|tor2door market|seller_raw:fraudbuddy||market_item.xlsx|versus market|seller_raw:melvinbankz,0.934095691714,0.702016914244,0.746684311692,0.400247620898,0.760413026578,0.936103097255
market_item.xlsx|versus market|seller_raw:ddprovider||market_item.xlsx|vice city|seller_raw:Lordsheng,0.859585874010,0.682276321915,0.654681027323,0.417142495521,0.675255920083,0.839199755083
market_item.xlsx|versus market|seller_raw:fraudbuddy||market_item.xlsx|versus market|seller_raw:melvinbankz,0.964259900031,0.832826318234,0.800818597246,0.911006470006,0.832339898977,0.958889232891
market_item.xlsx|versus market|seller_raw:fraudbuddy||market_item.xlsx|vice city|seller_raw:Melvinbankz,0.928454181759,0.754563001085,0.716708221264,0.565780905621,0.839034254525,0.917230189504
market_item.xlsx|versus market|seller_raw:melvinbankz||market_item.xlsx|vice city|seller_raw:Fraudbuddy,0.950065354627,0.805065906080,0.782983893869,0.807828259842,0.832770610799,0.943004112078
market_item.xlsx|vice city|seller_raw:FedEx||market_item.xlsx|vice city|seller_raw:KitKat,0.889691430100,0.827905730078,0.788343791502,0.816695501794,0.806779793156,0.887141817435
market_item.xlsx|vice city|seller_raw:Fraudbuddy||market_item.xlsx|vice city|seller_raw:Melvinbankz,0.931035047528,0.760642106878,0.714060410058,0.713198311310,0.836631710321,0.921716297213
