pair_uid,chunk_multilingual_e5_large__all_chunk_mean_cosine,chunk_multilingual_e5_large__field_equal_mean_cosine,chunk_multilingual_e5_large__symmetric_top3_block_cosine,chunk_multilingual_e5_large__category_mean_cosine,chunk_multilingual_e5_large__title_mean_cosine,chunk_multilingual_e5_large__description_mean_cosine
2017-12-05-philipjames11-darknetmarketplacedataagora20142015.xlsx|agora|seller_raw:Actorian||market_item.xlsx|apollon market|seller_raw:Made_man (100%),0.933081806706,0.888476530565,0.875850512886,0.915141860564,0.904095488778,0.859524907353
2017-12-05-philipjames11-darknetmarketplacedataagora20142015.xlsx|agora|seller_raw:DomCobb||market_item.xlsx|silk road 3.1|seller_raw:robthesilkroad,0.890209680050,0.801090688911,0.793167218746,0.813967498805,0.817865632970,0.754663990901
2017-12-05-philipjames11-darknetmarketplacedataagora20142015.xlsx|agora|seller_raw:JeanClochard||2017-12-05-philipjames11-darknetmarketplacedataagora20142015.xlsx|agora|seller_raw:MoneySell,0.989378462804,0.971610355888,0.915051931054,1.000000000000,0.982968808773,0.970659593284
2017-12-05-philipjames11-darknetmarketplacedataagora20142015.xlsx|agora|seller_raw:bestcocaine||market_item.xlsx|silk road 3.1|seller_raw:however,0.894330279102,0.829223275839,0.831637886894,0.931192697769,0.795535115908,0.830168181915
market_item.xlsx|Cartel|seller_raw:Dr_Heizen||market_item.xlsx|Cartel|seller_raw:MAGICMOVERS1,0.926076556458,0.892115194234,0.867892010509,0.958949663364,0.845001315088,0.921046997610
market_item.xlsx|Cartel|seller_raw:Drugsking||market_item.xlsx|darkfox market|seller_raw:rinyus,0.976604452637,0.906810598343,0.932628307216,0.873250320028,0.872825547783,0.985644365860
market_item.xlsx|Cartel|seller_raw:Godaddy1||market_item.xlsx|darkfox market|seller_raw:thecolonel,0.974930945730,0.920939878732,0.905063746307,0.921961713758,0.961993714192,0.913926265202
market_item.xlsx|Cartel|seller_raw:Hilfiger||market_item.xlsx|vice city|seller_raw:PILLSDr,0.951450895189,0.895837495270,0.890456376216,0.819109948749,0.916476330151,0.942119412127
market_item.xlsx|Cartel|seller_raw:fullplez||market_item.xlsx|apollon market|seller_raw:g3cko (96%),0.981170802494,0.923935653290,0.889150175269,0.898444131978,0.936450362824,0.974105089081
market_item.xlsx|Cartel|seller_raw:irishoncoke||market_item.xlsx|apollon market|seller_raw:backagain1 (100%),0.973392516410,0.937897438443,0.915401223735,0.887757518286,0.944960047413,0.968245379654
market_item.xlsx|Cartel|seller_raw:theword1||market_item.xlsx|dark0de|seller_raw:mensguru,0.973899191619,0.935748621845,0.913943656184,0.911987280824,0.941022235202,0.962091304375
market_item.xlsx|Lime|seller_raw:BossAmerica||market_item.xlsx|agartha market|seller_raw:Bestplug,0.982499692106,0.941050247632,0.912047885404,0.958196705393,0.941220583199,0.972404104765
market_item.xlsx|Lime|seller_raw:Cityshop||market_item.xlsx|agartha market|seller_raw:CITYSHOP92,0.987433109830,0.950240320958,0.926502315454,0.969334575341,0.933063630707,0.986136810951
market_item.xlsx|Lime|seller_raw:Cityshop||market_item.xlsx|agartha market|seller_raw:chrisstore24,0.989635237000,0.956093343322,0.928463868800,0.973542421150,0.946252997650,0.985307949352
market_item.xlsx|Lime|seller_raw:Darkhackman||market_item.xlsx|Lime|seller_raw:Gerybell,0.986965904540,0.963142421551,0.934531090282,0.988741512044,0.982797345724,0.959493022716
market_item.xlsx|Lime|seller_raw:Legithustle420||market_item.xlsx|agartha market|seller_raw:Ortegameds,0.972908054241,0.931198098023,0.906734546399,0.955596530789,0.921078120558,0.963620407127
market_item.xlsx|Lime|seller_raw:Legithustle420||market_item.xlsx|agartha market|seller_raw:ProGlobalSam,0.973281944724,0.930782181870,0.908125718573,0.943252462481,0.929859986548,0.957642770306
market_item.xlsx|Lime|seller_raw:Lordpharma||market_item.xlsx|agartha market|seller_raw:carlosjuan,0.980830115905,0.933276154691,0.914913229358,0.909539366774,0.927637441342,0.976135578219
market_item.xlsx|Lime|seller_raw:Lordpharma||market_item.xlsx|agartha market|seller_raw:chrisstore24,0.979910615160,0.941426064117,0.915575637610,0.970304367277,0.929671497700,0.971368079478
market_item.xlsx|Lime|seller_raw:Namara||market_item.xlsx|apollon market|seller_raw:mydeals (100%),0.966583290776,0.912933176096,0.889502303032,0.922130629407,0.885955542308,0.942933804008
market_item.xlsx|Lime|seller_raw:USADRUGLORD||market_item.xlsx|agartha market|seller_raw:willson99,0.987644803861,0.948727461616,0.930025632006,0.925224392575,0.950654004335,0.981821015206
market_item.xlsx|Lime|seller_raw:darklord||market_item.xlsx|Lime|seller_raw:tomandjerry1,0.982979164545,0.948904995343,0.935918688247,0.980156913476,0.938673867253,0.972295346414
market_item.xlsx|Lime|seller_raw:grandmaster||market_item.xlsx|Lime|seller_raw:ketplug,0.986755904804,0.948474923309,0.913773777286,0.929595915930,0.962999929852,0.979689009964
market_item.xlsx|Lime|seller_raw:grandmaster||market_item.xlsx|agartha market|seller_raw:CITYSHOP92,0.983467326937,0.929308629800,0.913146629012,0.900016276559,0.935572522015,0.977124623990
market_item.xlsx|Lime|seller_raw:grandmaster||market_item.xlsx|agartha market|seller_raw:truu00,0.986586027299,0.937430621330,0.916871066973,0.904938217631,0.944612194578,0.980167604060
market_item.xlsx|Lime|seller_raw:jennifer||market_item.xlsx|agartha market|seller_raw:labdoctor,0.975019639887,0.931422403451,0.904218269616,0.949008037082,0.943940271187,0.955625374365
market_item.xlsx|Lime|seller_raw:ketplug||market_item.xlsx|agartha market|seller_raw:CITYSHOP92,0.986098199588,0.947925754327,0.920024564206,0.968396924991,0.953830006157,0.978238809991
market_item.xlsx|Lime|seller_raw:ketplug||market_item.xlsx|agartha market|seller_raw:Lordpharma,0.988283309803,0.950058029642,0.922483275377,0.973468699577,0.944015400617,0.986192765483
market_item.xlsx|Lime|seller_raw:maxmann||market_item.xlsx|darkfox market|seller_raw:opportunity,0.972272824961,0.929112115994,0.918190538174,0.920568446476,0.933248068601,0.947636011602
market_item.xlsx|Lime|seller_raw:methking||market_item.xlsx|agartha market|seller_raw:dreamboss,0.980053044607,0.943778787797,0.919421207954,0.960926802335,0.942301586807,0.972628355075
market_item.xlsx|Lime|seller_raw:michaeldean||market_item.xlsx|agartha market|seller_raw:CannaCare,0.981827472914,0.938875460419,0.915394441126,0.966933930027,0.926461145096,0.974979037709
market_item.xlsx|Lime|seller_raw:michaeldean||market_item.xlsx|agartha market|seller_raw:Legitsales,0.981115608565,0.932082106919,0.918440967699,0.952210464926,0.923183257557,0.975952648022
market_item.xlsx|Lime|seller_raw:michaeldean||market_item.xlsx|agartha market|seller_raw:dozy1992,0.978341131133,0.931516920408,0.901814687907,0.965729069395,0.929139015101,0.966384408562
market_item.xlsx|Lime|seller_raw:michaeldean||market_item.xlsx|agartha market|seller_raw:kaiserplug,0.978720579820,0.926346017229,0.904373564116,0.954318228771,0.928498191325,0.969033238489
market_item.xlsx|Lime|seller_raw:michaeldean||market_item.xlsx|agartha market|seller_raw:makershop,0.977987079228,0.933512576839,0.901287212640,0.964373191901,0.931117135241,0.965840262271
market_item.xlsx|Lime|seller_raw:michaeldean||market_item.xlsx|agartha market|seller_raw:private,0.981601939013,0.932999981804,0.908616479723,0.962127985695,0.916078871309,0.973406523377
market_item.xlsx|Lime|seller_raw:michaeldean||market_item.xlsx|agartha market|seller_raw:tonyplug,0.973850469898,0.927717414090,0.917509332080,0.950483004982,0.918270385220,0.963670078241
market_item.xlsx|Lime|seller_raw:quick45||market_item.xlsx|darkfox market|seller_raw:usdrill,0.961662674320,0.922609725290,0.905793167922,0.956135610223,0.929756688034,0.947793244471
market_item.xlsx|Lime|seller_raw:sweetNtreat||market_item.xlsx|cannazon market|seller_raw:Weed365,0.955429176067,0.894001391287,0.877207298780,0.851936817154,0.871500670276,0.951329038723
market_item.xlsx|Lime|seller_raw:zulvinapills||market_item.xlsx|agartha market|seller_raw:legitsupply,0.977954224824,0.935295938534,0.906258847852,0.963863844130,0.946894649682,0.959450612484
market_item.xlsx|agartha market|seller_raw:AlexMuyer||market_item.xlsx|agartha market|seller_raw:drugload90,0.976535145331,0.938264615698,0.912726152916,0.971097918188,0.939094750464,0.967354541945
market_item.xlsx|agartha market|seller_raw:Bestplug||market_item.xlsx|agartha market|seller_raw:CannaCare,0.976878521879,0.940631203346,0.912742136808,0.982006445973,0.934805813356,0.968422160898
market_item.xlsx|agartha market|seller_raw:Bestplug||market_item.xlsx|agartha market|seller_raw:ExpressScripts,0.978537074170,0.946868928936,0.913946678716,0.983511771483,0.940390806028,0.968558751281
market_item.xlsx|agartha market|seller_raw:Bestplug||market_item.xlsx|agartha market|seller_raw:Global_trade,0.971844870877,0.920776477170,0.895995396990,0.967020275373,0.901823247236,0.965875630527
market_item.xlsx|agartha market|seller_raw:Bestplug||market_item.xlsx|agartha market|seller_raw:Legitwhite,0.977829524901,0.942075779262,0.913661891495,0.979236130399,0.929112069933,0.969055286900
market_item.xlsx|agartha market|seller_raw:Bestplug||market_item.xlsx|agartha market|seller_raw:bluesstore,0.977567074485,0.942739904343,0.905247013659,0.986342895527,0.941676379503,0.965273610093
market_item.xlsx|agartha market|seller_raw:Bestplug||market_item.xlsx|agartha market|seller_raw:pestein,0.977484637729,0.940669839321,0.907613305430,0.972466735143,0.930174474123,0.969812293164
market_item.xlsx|agartha market|seller_raw:Billsbarons420||market_item.xlsx|agartha market|seller_raw:PHARMAHOUSE,0.987990815946,0.951459061415,0.930406865169,0.991580146649,0.933345666603,0.984165137440
market_item.xlsx|agartha market|seller_raw:Billsbarons420||market_item.xlsx|agartha market|seller_raw:ProGlobalSam,0.986905281802,0.951923177598,0.933208907885,0.972499383947,0.938455721313,0.984612844857
market_item.xlsx|agartha market|seller_raw:Billsbarons420||market_item.xlsx|agartha market|seller_raw:drugload90,0.988694322453,0.955171390946,0.934712657433,0.984372199699,0.951087301976,0.985178052299
market_item.xlsx|agartha market|seller_raw:CannaCare||market_item.xlsx|agartha market|seller_raw:ExpressScripts,0.983911343568,0.949870527249,0.923925737178,0.987128708096,0.932831067949,0.978716026037
market_item.xlsx|agartha market|seller_raw:CannaCare||market_item.xlsx|agartha market|seller_raw:Global_trade,0.976236121522,0.933502551312,0.907772154710,0.970735503802,0.927848139444,0.969814364994
market_item.xlsx|agartha market|seller_raw:CannaCare||market_item.xlsx|agartha market|seller_raw:Legitwhite,0.985874485651,0.959215098448,0.931431736038,0.988923263993,0.955089189233,0.978772523638
market_item.xlsx|agartha market|seller_raw:CannaCare||market_item.xlsx|agartha market|seller_raw:kaiserplug,0.984794953642,0.951733178862,0.919741512010,0.985528352975,0.959460806268,0.976034611958
market_item.xlsx|agartha market|seller_raw:CannaCare||market_item.xlsx|agartha market|seller_raw:private,0.984272205899,0.953770206385,0.920725561645,0.985051350228,0.945466688304,0.978820829426
market_item.xlsx|agartha market|seller_raw:CannaCare||market_item.xlsx|agartha market|seller_raw:tonyplug,0.984419675758,0.956247846996,0.942188924923,0.980396524218,0.951638443693,0.980458003661
market_item.xlsx|agartha market|seller_raw:Daha2020||market_item.xlsx|agartha market|seller_raw:wolfhon66,0.992673453986,0.969225310679,0.935443511764,0.992053747937,0.968537222136,0.987159844955
market_item.xlsx|agartha market|seller_raw:Damason||market_item.xlsx|agartha market|seller_raw:Jamesrox,0.957734716586,0.909648092925,0.901680992755,0.893245462923,0.925610837903,0.937358827102
market_item.xlsx|agartha market|seller_raw:Damason||market_item.xlsx|agartha market|seller_raw:caliscoties,0.950044623224,0.897577775793,0.891089900507,0.882403443005,0.901237815310,0.936975268825
market_item.xlsx|agartha market|seller_raw:Damason||market_item.xlsx|agartha market|seller_raw:legitsupply,0.952906166851,0.903062236140,0.891793156812,0.909236182676,0.914053540626,0.928503226546
market_item.xlsx|agartha market|seller_raw:EU_STORE||market_item.xlsx|agartha market|seller_raw:legit1,0.987424350784,0.960442403075,0.932821617829,0.996799163476,0.968148531261,0.969899904678
market_item.xlsx|agartha market|seller_raw:ElCokeCo||market_item.xlsx|agartha market|seller_raw:Perfectsales,0.953728615202,0.918015738002,0.883805355521,0.972001913389,0.900158950144,0.914962005773
market_item.xlsx|agartha market|seller_raw:ExpressScripts||market_item.xlsx|agartha market|seller_raw:Global_trade,0.980446889943,0.937196832883,0.911081679476,0.975768326898,0.916045871547,0.973794576312
market_item.xlsx|agartha market|seller_raw:ExpressScripts||market_item.xlsx|agartha market|seller_raw:pestein,0.982523143047,0.951688385072,0.919576627826,0.974233165377,0.933926208713,0.978695234398
market_item.xlsx|agartha market|seller_raw:GehLegit||market_item.xlsx|agartha market|seller_raw:dozy1992,0.973483352508,0.935745953044,0.895048113550,0.986600117057,0.936084552956,0.955321713360
market_item.xlsx|agartha market|seller_raw:GehLegit||market_item.xlsx|agartha market|seller_raw:legitsupply,0.977930639934,0.947000184777,0.906855969243,0.993779245022,0.942024027234,0.965228278735
market_item.xlsx|agartha market|seller_raw:Global_trade||market_item.xlsx|agartha market|seller_raw:Legitwhite,0.976327433520,0.932897502353,0.909447652673,0.957644326416,0.922827633836,0.972114055149
market_item.xlsx|agartha market|seller_raw:Global_trade||market_item.xlsx|agartha market|seller_raw:Rozaydaplug,0.962470959786,0.920202523414,0.894164614957,0.968986374899,0.908511632074,0.953655785767
market_item.xlsx|agartha market|seller_raw:Global_trade||market_item.xlsx|agartha market|seller_raw:pestein,0.976864013297,0.930041523266,0.902779900831,0.953800206274,0.908167800949,0.975676906189
market_item.xlsx|agartha market|seller_raw:Jamesrox||market_item.xlsx|agartha market|seller_raw:Walgreens,0.986476284306,0.951923778203,0.927693750943,0.981034798326,0.947046193013,0.973623969131
market_item.xlsx|agartha market|seller_raw:Legitsales||market_item.xlsx|agartha market|seller_raw:kaiserplug,0.978341344634,0.939105641994,0.916172497946,0.972853222188,0.952182207381,0.964490126048
market_item.xlsx|agartha market|seller_raw:Legitsales||market_item.xlsx|agartha market|seller_raw:tonyplug,0.986799286039,0.955523317474,0.943528392018,0.991001665117,0.952430403575,0.975746195433
market_item.xlsx|agartha market|seller_raw:Legitwhite||market_item.xlsx|agartha market|seller_raw:Major_Distributor,0.988007385919,0.954983512568,0.929327626293,0.963572019918,0.961408498381,0.981315955234
market_item.xlsx|agartha market|seller_raw:Legitwhite||market_item.xlsx|agartha market|seller_raw:pestein,0.985405422141,0.951822862525,0.925822232453,0.978528403629,0.935382579225,0.983749156494
market_item.xlsx|agartha market|seller_raw:Ortegameds||market_item.xlsx|agartha market|seller_raw:sanj,0.956898485279,0.925855093251,0.889449767769,0.984531940627,0.925041910069,0.932458707138
market_item.xlsx|agartha market|seller_raw:PHARMAHOUSE||market_item.xlsx|agartha market|seller_raw:dozy1992,0.976254445080,0.938803801913,0.906910912443,0.982513260222,0.934103113455,0.962267846029
market_item.xlsx|agartha market|seller_raw:PHARMAHOUSE||market_item.xlsx|agartha market|seller_raw:drugload90,0.990188672363,0.955626708789,0.937818956476,0.992060511585,0.945262258519,0.988017097585
market_item.xlsx|agartha market|seller_raw:PHARMAHOUSE||market_item.xlsx|agartha market|seller_raw:fortunemaker,0.987918792138,0.946708591832,0.936879959454,0.981314376306,0.915174422092,0.987221938319
market_item.xlsx|agartha market|seller_raw:PHARMAHOUSE||market_item.xlsx|agartha market|seller_raw:medicalfarmer,0.986876711651,0.957824158804,0.931588723675,0.989333406194,0.951877158626,0.978777010706
market_item.xlsx|agartha market|seller_raw:Piposhop||market_item.xlsx|agartha market|seller_raw:medicalfarmer,0.974611711410,0.943392987747,0.915190568915,0.977337854502,0.935121516856,0.963184575464
market_item.xlsx|agartha market|seller_raw:PrestigeVendor||market_item.xlsx|agartha market|seller_raw:joejoeus,0.983212303959,0.959868944381,0.934517446779,0.967559285456,0.971278748667,0.972976118687
market_item.xlsx|agartha market|seller_raw:ProGlobalSam||market_item.xlsx|agartha market|seller_raw:dozy1992,0.974840479107,0.932704988433,0.906654485257,0.960452474417,0.920505009513,0.966015821011
market_item.xlsx|agartha market|seller_raw:ProGlobalSam||market_item.xlsx|agartha market|seller_raw:drugload90,0.990825092836,0.954175359940,0.941996415565,0.972986766667,0.948672105527,0.989623730281
market_item.xlsx|agartha market|seller_raw:ProGlobalSam||market_item.xlsx|agartha market|seller_raw:legitsupply,0.972263898894,0.935771529981,0.907373037233,0.975599202453,0.933514299992,0.957217061284
market_item.xlsx|agartha market|seller_raw:ProGlobalSam||market_item.xlsx|agartha market|seller_raw:tonyplug,0.990321392773,0.955664036301,0.949270707012,0.994800014691,0.936611257190,0.988273825662
market_item.xlsx|agartha market|seller_raw:ProGlobalSam||market_item.xlsx|agartha market|seller_raw:vendor_men,0.989099488503,0.953230872471,0.935391078528,0.960659246256,0.948973733467,0.986691978513
market_item.xlsx|agartha market|seller_raw:Rodrigomendez||market_item.xlsx|agartha market|seller_raw:truu00,0.992879780522,0.955009320802,0.930639068786,0.931946738275,0.962416811124,0.988775203628
market_item.xlsx|agartha market|seller_raw:Rozaydaplug||market_item.xlsx|agartha market|seller_raw:USA_PITCHER,0.982710656282,0.942457128696,0.923879467596,0.974754138580,0.926441377306,0.980650930352
market_item.xlsx|agartha market|seller_raw:Rozaydaplug||market_item.xlsx|agartha market|seller_raw:carlosjuan,0.981917823465,0.934195963337,0.927135667285,0.933442252721,0.928793476505,0.977371690480
market_item.xlsx|agartha market|seller_raw:Rozaydaplug||market_item.xlsx|agartha market|seller_raw:pestein,0.971628895905,0.939299919528,0.909637158979,0.970155704180,0.935127258497,0.960008197315
market_item.xlsx|agartha market|seller_raw:Rozaydaplug||market_item.xlsx|agartha market|seller_raw:westernunionstore,0.984897016859,0.948228780960,0.927087560736,0.972849298892,0.944608651982,0.981184377765
market_item.xlsx|agartha market|seller_raw:USADruglord||market_item.xlsx|agartha market|seller_raw:medicalfarmer,0.987923466548,0.969561202875,0.935016520849,0.990822030508,0.969620599154,0.979808733389
market_item.xlsx|agartha market|seller_raw:USA_PITCHER||market_item.xlsx|agartha market|seller_raw:carlosjuan,0.988179107708,0.940510148976,0.925341370012,0.913197032079,0.941532057529,0.985275790103
market_item.xlsx|agartha market|seller_raw:USA_PITCHER||market_item.xlsx|agartha market|seller_raw:westernunionstore,0.989693846014,0.958441117357,0.932485146640,0.976767296751,0.948870277221,0.989662137881
market_item.xlsx|agartha market|seller_raw:WEEDKING01||market_item.xlsx|agartha market|seller_raw:truu00,0.985222707986,0.939552339200,0.918323337720,0.920324467872,0.941895503873,0.978373904563
market_item.xlsx|agartha market|seller_raw:Walgreens||market_item.xlsx|agartha market|seller_raw:caliscoties,0.981678809688,0.947750241457,0.919076414072,0.989130489877,0.944623701899,0.967001503096
market_item.xlsx|agartha market|seller_raw:Walgreens||market_item.xlsx|agartha market|seller_raw:kaiserplug,0.982550300081,0.944500765725,0.914983356245,0.988258967782,0.953459996986,0.967056554959
market_item.xlsx|agartha market|seller_raw:beckynaf||market_item.xlsx|agartha market|seller_raw:wolfhon66,0.982233930339,0.937846569330,0.911841671548,0.973956619617,0.939986024341,0.968623233331
market_item.xlsx|agartha market|seller_raw:bluesstore||market_item.xlsx|agartha market|seller_raw:dozy1992,0.977068400672,0.936529309039,0.894318760277,0.983761122249,0.934230043844,0.962392352376
market_item.xlsx|agartha market|seller_raw:carlosjuan||market_item.xlsx|agartha market|seller_raw:westernunionstore,0.988192454295,0.936795019157,0.925028760157,0.907561938148,0.937175857616,0.986390950835
market_item.xlsx|agartha market|seller_raw:deathrow2||market_item.xlsx|agartha market|seller_raw:kaiserplug,0.957555790541,0.890840010732,0.875663305983,0.872277140273,0.902593317882,0.942410526973
market_item.xlsx|agartha market|seller_raw:dozy1992||market_item.xlsx|agartha market|seller_raw:kaiserplug,0.978359773903,0.938568901760,0.899011212038,0.982085750405,0.948379214235,0.963124536894
market_item.xlsx|agartha market|seller_raw:dozy1992||market_item.xlsx|agartha market|seller_raw:makershop,0.982285735263,0.949257791290,0.903713364970,0.993291391886,0.949200865335,0.971230357992
market_item.xlsx|agartha market|seller_raw:dozy1992||market_item.xlsx|agartha market|seller_raw:tonyplug,0.970200163323,0.932961546006,0.909539910731,0.965282670372,0.939925320100,0.952903788540
market_item.xlsx|agartha market|seller_raw:drugload90||market_item.xlsx|agartha market|seller_raw:medicalfarmer,0.985023645875,0.955542544659,0.932949875745,0.981732831307,0.955216219129,0.979843694139
market_item.xlsx|agartha market|seller_raw:drugload90||market_item.xlsx|agartha market|seller_raw:medscentre919,0.970639510343,0.932967474534,0.910768420161,0.959618597306,0.926758736657,0.961852633090
market_item.xlsx|agartha market|seller_raw:kaiserplug||market_item.xlsx|agartha market|seller_raw:makershop,0.978858335158,0.936010350082,0.898854813454,0.984344166511,0.945289770754,0.965797807533
market_item.xlsx|agartha market|seller_raw:kaiserplug||market_item.xlsx|agartha market|seller_raw:medicalfarmer,0.981446850095,0.948112033991,0.916836476671,0.989632915287,0.955687672589,0.967645653385
market_item.xlsx|agartha market|seller_raw:kaiserplug||market_item.xlsx|agartha market|seller_raw:private,0.981660265505,0.943721513447,0.908609512007,0.974496983106,0.949140947346,0.972845233693
market_item.xlsx|agartha market|seller_raw:kaiserplug||market_item.xlsx|agartha market|seller_raw:tonyplug,0.973246539751,0.936680450302,0.921489881668,0.973808658459,0.943142723518,0.960883463422
market_item.xlsx|agartha market|seller_raw:kaiserplug||market_item.xlsx|agartha market|seller_raw:wolfhon66,0.983388525864,0.948419419634,0.912003723718,0.983023855164,0.960696633472,0.972318771067
market_item.xlsx|agartha market|seller_raw:ketamshop||market_item.xlsx|agartha market|seller_raw:master,0.981623788108,0.943707434827,0.908080971362,0.992186889662,0.944014435205,0.967953953404
market_item.xlsx|agartha market|seller_raw:legitsupply||market_item.xlsx|agartha market|seller_raw:master,0.974447811225,0.920365160198,0.902233535780,0.983014146830,0.923178343561,0.945698190238
market_item.xlsx|agartha market|seller_raw:makershop||market_item.xlsx|agartha market|seller_raw:tonyplug,0.963451321522,0.928183422212,0.903493722115,0.966255598930,0.935590197401,0.946244502517
market_item.xlsx|agartha market|seller_raw:medicalfarmer||market_item.xlsx|agartha market|seller_raw:vendor_men,0.982491474652,0.947551269657,0.927968501095,0.935472778004,0.953187834396,0.979045811007
market_item.xlsx|agartha market|seller_raw:private||market_item.xlsx|agartha market|seller_raw:tonyplug,0.975537576325,0.945263698882,0.923402617672,0.981857117238,0.943257378181,0.965642344814
market_item.xlsx|apollon market|seller_raw:2GD4DN (100%)||market_item.xlsx|dark0de|seller_raw:yourgirlmolly,0.972794525721,0.919056348452,0.910145406658,0.921358329417,0.909794964921,0.938803198919
market_item.xlsx|apollon market|seller_raw:3Monkeys (96%)||market_item.xlsx|apollon market|seller_raw:DutchHarbour (50%),0.971174653754,0.926848594218,0.907537926657,0.981423748937,0.954494763955,0.889624941751
market_item.xlsx|apollon market|seller_raw:AMSTERDAM-TRANSPORT (100%)||market_item.xlsx|apollon market|seller_raw:HollandOnline (95%),0.983363479386,0.953377301243,0.930511187002,0.957227280886,0.957410397115,0.975308771266
market_item.xlsx|apollon market|seller_raw:AddyUSA (100%)||market_item.xlsx|dark0de|seller_raw:lastpink,0.939941444129,0.876718986839,0.858181919419,0.886482134686,0.876948373597,0.874392765190
market_item.xlsx|apollon market|seller_raw:AlphaGenetics (100%)||market_item.xlsx|apollon market|seller_raw:AmericanAnabolics (100%),0.962835626553,0.934269847601,0.914312468759,1.000000000000,0.940675785914,0.919862647791
market_item.xlsx|apollon market|seller_raw:AmericanAnabolics (100%)||market_item.xlsx|apollon market|seller_raw:Badbear707 (100%),0.977616613013,0.949496655112,0.920321450552,1.000000000000,0.954396311665,0.945433011528
market_item.xlsx|apollon market|seller_raw:AmsterdamNL (100%)||market_item.xlsx|apollon market|seller_raw:Thisisholland (99%),0.982957462896,0.954493444390,0.923639455763,0.991119768627,0.943965242103,0.976928417677
market_item.xlsx|apollon market|seller_raw:AndyMacht (100%)||market_item.xlsx|apollon market|seller_raw:StopANDShop (100%),0.979587236245,0.938499319984,0.919529597917,0.938266188354,0.950757107652,0.972043667449
market_item.xlsx|apollon market|seller_raw:Bestbars (100%)||market_item.xlsx|apollon market|seller_raw:keranvends (100%),0.995242766589,0.977754899348,0.945753954313,0.970110495366,0.985843604757,0.993972404554
market_item.xlsx|apollon market|seller_raw:CaliforniaGirl (100%)||market_item.xlsx|apollon market|seller_raw:habbyshabby (99%),0.969613913358,0.933581045070,0.909635704071,1.000000000000,0.919055324226,0.938660993599
market_item.xlsx|apollon market|seller_raw:Charlie-s (100%)||market_item.xlsx|apollon market|seller_raw:Naturalminds (100%),0.986457480818,0.971202211360,0.950808687275,1.000000000000,0.963229481788,0.974688313017
market_item.xlsx|apollon market|seller_raw:Crownstar (100%)||market_item.xlsx|apollon market|seller_raw:Shan (100%),0.987623216751,0.974699478851,0.928829761033,0.999388456904,0.975297630155,0.980939092935
market_item.xlsx|apollon market|seller_raw:DHLExpress (100%)||market_item.xlsx|apollon market|seller_raw:NHSDirect (100%),0.971643665289,0.934935903006,0.914986929472,0.895978347980,0.939148391052,0.960642483708
market_item.xlsx|apollon market|seller_raw:Darjeeling (100%)||market_item.xlsx|apollon market|seller_raw:DrParagon (100%),0.970591597534,0.942667913648,0.924929583861,0.946172283843,0.965015565852,0.926771827430
market_item.xlsx|apollon market|seller_raw:DerFeinschmecker (100%)||market_item.xlsx|darkfox market|seller_raw:Feinschmecker,0.979577364833,0.923745362943,0.904593324061,0.930300529444,0.927711275742,0.964564703163
market_item.xlsx|apollon market|seller_raw:DrogenTeamDE (100%)||market_item.xlsx|apollon market|seller_raw:SuperDrugs (100%),0.993709678993,0.972359978689,0.932724654675,1.000000000000,0.969264677471,0.988746531092
market_item.xlsx|apollon market|seller_raw:Drugsterminator (91%)||market_item.xlsx|apollon market|seller_raw:Partydrug-NL (100%),0.995684185242,0.982837416428,0.945164113089,0.999808577146,0.985310702405,0.990190807780
market_item.xlsx|apollon market|seller_raw:DrulesLi (100%)||market_item.xlsx|apollon market|seller_raw:Guzmann77 (100%),0.983931055828,0.955944534838,0.919733345946,0.935931477252,0.989532706552,0.958133454636
market_item.xlsx|apollon market|seller_raw:DrulesLi (100%)||market_item.xlsx|apollon market|seller_raw:firechemicalshop (100%),0.981993832329,0.958654888894,0.917492649418,0.986877009186,0.971428512647,0.960114437869
market_item.xlsx|apollon market|seller_raw:DutchHellboy (100%)||market_item.xlsx|apollon market|seller_raw:FCBayernMunich (100%),0.963607060541,0.907196130072,0.885803474114,0.936675583751,0.935855935352,0.895539782394
market_item.xlsx|apollon market|seller_raw:Empyrean (100%)||market_item.xlsx|silk road 3.1|seller_raw:Goodchems,0.949085672971,0.881435762170,0.873467595999,0.880757448923,0.929826901529,0.860402014437
market_item.xlsx|apollon market|seller_raw:F1rstman (99%)||market_item.xlsx|dark0de|seller_raw:heroinfactory,0.988189670469,0.945624662828,0.923350310926,0.919581839214,0.947264284774,0.986103844235
market_item.xlsx|apollon market|seller_raw:GRUENEWALDSCAVE (100%)||market_item.xlsx|darkfox market|seller_raw:POSTMANPILL,0.954149043299,0.918775812577,0.895294304730,0.938993271201,0.901769481973,0.934548888590
market_item.xlsx|apollon market|seller_raw:HotShop (100%)||market_item.xlsx|dark0de|seller_raw:hotshop100,0.992444758302,0.930843607568,0.923969683033,0.865027130585,0.951839036958,0.991678919252
market_item.xlsx|apollon market|seller_raw:JOYinc (99%)||market_item.xlsx|cypher market|seller_raw:cmoney345,0.952183624612,0.914193630507,0.894221129692,0.900178969399,0.942818075576,0.915078028950
market_item.xlsx|apollon market|seller_raw:JiffyBagBoys (100%)||market_item.xlsx|dark0de|seller_raw:jiffybagboystor,0.979621847356,0.938680305013,0.918902197558,0.930101304631,0.945809021396,0.964034748695
market_item.xlsx|apollon market|seller_raw:JustRelax (100%)||market_item.xlsx|cannazon market|seller_raw:PappaHasch,0.973676485597,0.932498489489,0.918901946836,0.879858789958,0.934998615008,0.972121142426
market_item.xlsx|apollon market|seller_raw:Kojak (97%)||market_item.xlsx|silk road 3.1|seller_raw:prohack,0.975822625272,0.913377741386,0.898114593567,0.888061434737,0.934508513202,0.965311445535
market_item.xlsx|apollon market|seller_raw:LILpump305 (100%)||market_item.xlsx|apollon market|seller_raw:Xanos (100%),0.957808385914,0.896759479804,0.903723119388,0.833704982270,0.888700623131,0.951238881822
market_item.xlsx|apollon market|seller_raw:LaCoca (100%)||market_item.xlsx|apollon market|seller_raw:ScarlettsK (100%),0.970845001622,0.946527237743,0.895468553164,1.000000000000,0.955965953774,0.902880830915
market_item.xlsx|apollon market|seller_raw:Mellow (100%)||market_item.xlsx|silk road 3.1|seller_raw:tlc010190,0.936915111125,0.878013918357,0.872801750861,0.880019138865,0.886350756639,0.876168376364
market_item.xlsx|apollon market|seller_raw:NHS_UK (100%)||market_item.xlsx|apollon market|seller_raw:UKMASTERS (95%),0.984217530389,0.946840447416,0.926758162877,1.000000000000,0.964112641658,0.935506015708
market_item.xlsx|apollon market|seller_raw:NarcoExpress (100%)||market_item.xlsx|apollon market|seller_raw:flexcompany (100%),0.988924788151,0.962706547033,0.898429454167,0.995007239229,0.953422355961,0.979709208578
market_item.xlsx|apollon market|seller_raw:NarcoExpress (100%)||market_item.xlsx|apollon market|seller_raw:your_service (98%),0.989432930708,0.956777832398,0.893505333031,0.995007239229,0.951352711620,0.979778049530
market_item.xlsx|apollon market|seller_raw:NoPayNoPLay (100%)||market_item.xlsx|apollon market|seller_raw:UKMASTERS (95%),0.960112483336,0.904640076617,0.901651084681,0.876347368346,0.953070810872,0.895246896811
market_item.xlsx|apollon market|seller_raw:Omegakappa1 (100%)||market_item.xlsx|darkfox market|seller_raw:Odessy007,0.950127152298,0.893443104728,0.878691218985,0.901016140656,0.858579440379,0.933562311937
market_item.xlsx|apollon market|seller_raw:ProVendor (100%)||market_item.xlsx|silk road 3.1|seller_raw:SouthernSpecial,0.947100057023,0.887721831595,0.882532062351,0.880893465832,0.912545715910,0.845017708482
market_item.xlsx|apollon market|seller_raw:ProfessorsEmporium (100%)||market_item.xlsx|apollon market|seller_raw:PsylocybeFanaticus (100%),0.990246811254,0.974204938514,0.937032898450,1.000000000000,0.974561931288,0.983221615456
market_item.xlsx|apollon market|seller_raw:Shr00mery (100%)||market_item.xlsx|silk road 3.1|seller_raw:sam220,0.942770921099,0.895869755624,0.891679305076,0.897319269228,0.882469474647,0.918464573659
market_item.xlsx|apollon market|seller_raw:StealthPharmacy (100%)||market_item.xlsx|versus market|seller_raw:Diazeman,0.986890729156,0.957463787169,0.941515758992,0.919145968887,0.969580610993,0.989966991648
market_item.xlsx|apollon market|seller_raw:Telstra1 (100%)||market_item.xlsx|dark0de|seller_raw:telstra,0.982518112593,0.935906202430,0.919777237571,0.893739653929,0.939300696185,0.978885065461
market_item.xlsx|apollon market|seller_raw:TheStudent (100%)||market_item.xlsx|silk road 3.1|seller_raw:bringbeerforwifi,0.931285718843,0.892167966726,0.878719333965,0.904928360439,0.888929369986,0.893584703827
market_item.xlsx|apollon market|seller_raw:UKPHARMA (89%)||market_item.xlsx|apollon market|seller_raw:terrysukstock (98%),0.986734157908,0.963025096096,0.925270377308,0.996502086220,0.948921300143,0.982189845389
market_item.xlsx|apollon market|seller_raw:VitalikButerin (95%)||market_item.xlsx|silk road 3.1|seller_raw:Drugmarket,0.962312447452,0.890831970106,0.890855303648,0.815522976197,0.900591246933,0.951972027837
market_item.xlsx|apollon market|seller_raw:astronomicat (100%)||market_item.xlsx|silk road 3.1|seller_raw:jenkin,0.961019159856,0.919361481899,0.909316874716,0.904928310276,0.959945914330,0.885993635280
market_item.xlsx|apollon market|seller_raw:aussiemedic (100%)||market_item.xlsx|apollon market|seller_raw:budreaper (100%),0.968556291592,0.946712038935,0.910715442945,1.000000000000,0.930182809749,0.943804023908
market_item.xlsx|apollon market|seller_raw:biggertreesinc (98%)||market_item.xlsx|darkfox market|seller_raw:lutonlu,0.960757230454,0.914131055821,0.893776384759,0.861588647236,0.928488669572,0.946902449877
market_item.xlsx|apollon market|seller_raw:bluemagic (98%)||market_item.xlsx|apollon market|seller_raw:expresspharma (100%),0.984995399609,0.953844846160,0.930608835298,0.962439701221,0.970836050353,0.979126489330
market_item.xlsx|apollon market|seller_raw:bluemagic (98%)||market_item.xlsx|dark0de|seller_raw:expresspharma,0.987296588216,0.939201604072,0.919214485989,0.930793087907,0.955855376586,0.982901087845
market_item.xlsx|apollon market|seller_raw:brutalflapjacks (100%)||market_item.xlsx|apollon market|seller_raw:hogwartsexpress (100%),0.961671305869,0.909771438237,0.889678314134,0.915299343283,0.895022062323,0.956439358187
market_item.xlsx|apollon market|seller_raw:cleancards (94%)||market_item.xlsx|dark0de|seller_raw:gocash,0.980193868027,0.932254409689,0.917298668334,0.914564128411,0.912889969092,0.977016654504
market_item.xlsx|apollon market|seller_raw:cocaineuk1 (98%)||market_item.xlsx|apollon market|seller_raw:ukcocaine (100%),0.994868413974,0.985791356567,0.937747055777,1.000000000000,0.994030414480,0.989403429184
market_item.xlsx|apollon market|seller_raw:friskmint (100%)||market_item.xlsx|apollon market|seller_raw:shopmoreman (100%),0.978034523426,0.945744977371,0.903671814917,1.000000000000,0.941525070595,0.954326991731
market_item.xlsx|apollon market|seller_raw:hogwartsexpress (100%)||market_item.xlsx|apollon market|seller_raw:luck0923 (99%),0.973632726131,0.927982496072,0.906995608184,0.961015497916,0.902653167559,0.968733880442
market_item.xlsx|apollon market|seller_raw:jermaine (100%)||market_item.xlsx|apollon market|seller_raw:slanggang (100%),0.960367497661,0.913474279729,0.899069429896,0.938742226522,0.890566774209,0.943716663165
market_item.xlsx|apollon market|seller_raw:marleya (100%)||market_item.xlsx|apollon market|seller_raw:mentalistsales (100%),0.977791282823,0.949427954150,0.906913111248,1.000000000000,0.919410873149,0.955863142866
market_item.xlsx|apollon market|seller_raw:monoko (99%)||market_item.xlsx|apollon market|seller_raw:trooper941 (100%),0.972039883650,0.935593840076,0.912905802894,0.956244445414,0.945573834260,0.947205527299
market_item.xlsx|apollon market|seller_raw:opiateconnect (100%)||market_item.xlsx|dark0de|seller_raw:thegingerbreadmann,0.921506150061,0.871601448994,0.858873817233,0.922801433235,0.856190577497,0.874889375462
market_item.xlsx|apollon market|seller_raw:psychedeli (100%)||market_item.xlsx|silk road 3.1|seller_raw:leary,0.972567331690,0.916303195140,0.910961478036,0.897319269228,0.952686225302,0.862521060730
market_item.xlsx|apollon market|seller_raw:ransom12c (100%)||market_item.xlsx|tor2door market|seller_raw:Caliconect,0.954138533465,0.865443551185,0.862016022962,0.849437150372,0.884070799471,0.890470819790
market_item.xlsx|apollon market|seller_raw:shroomking (100%)||market_item.xlsx|dark0de|seller_raw:bitbuds,0.960956769986,0.921480614294,0.911341504494,0.939691828373,0.897263500977,0.957669899269
market_item.xlsx|apollon market|seller_raw:the-plutus (97%)||market_item.xlsx|darkfox market|seller_raw:plutus,0.965556386902,0.927717070850,0.903786071957,0.970190346277,0.908581807170,0.953312073235
market_item.xlsx|cannazon market|seller_raw:EiffelCartel||market_item.xlsx|dark0de|seller_raw:frenchycaneloni,0.977547365491,0.934444501673,0.899265119982,0.889782547764,0.955087237500,0.956889998665
market_item.xlsx|cannazon market|seller_raw:Weed365||market_item.xlsx|vice city|seller_raw:Brexitmooch,0.939178242818,0.860371620106,0.852857988752,0.839076119278,0.821489021514,0.932659400936
market_item.xlsx|cannazon market|seller_raw:WeedPhantom||market_item.xlsx|vice city|seller_raw:WeedHunter1312,0.966251946058,0.916236851685,0.895157527988,0.870978002541,0.901507540846,0.967481210297
market_item.xlsx|cypher market|seller_raw:cmoney345||market_item.xlsx|darkfox market|seller_raw:JOYinc,0.964790644172,0.908845952601,0.895440876307,1.000000000000,0.870452200081,0.920368773201
market_item.xlsx|dark0de|seller_raw:alphapharmaltd||market_item.xlsx|darkfox market|seller_raw:streetpushers,0.977511261927,0.940170197908,0.917383842587,0.934402608324,0.928517209163,0.972539490771
market_item.xlsx|dark0de|seller_raw:barguys||market_item.xlsx|dark0de|seller_raw:bulkbars,0.979034213058,0.948954121038,0.920654576838,0.926828145845,0.970865217598,0.960759021118
market_item.xlsx|dark0de|seller_raw:biggertreesinc||market_item.xlsx|dark0de|seller_raw:wec4020,0.966930729579,0.925498112195,0.908525939694,0.905315557821,0.944313673287,0.939711214241
market_item.xlsx|dark0de|seller_raw:c2c22||market_item.xlsx|tor2door market|seller_raw:Candy_flakes,0.956152724055,0.894343858804,0.892677691800,0.800477399399,0.885771074404,0.958812999542
market_item.xlsx|dark0de|seller_raw:c2c22||market_item.xlsx|tor2door market|seller_raw:CocoParis,0.956152722519,0.894343857210,0.892677691354,0.800477391427,0.885771074404,0.958812999542
market_item.xlsx|dark0de|seller_raw:c2c22||market_item.xlsx|tor2door market|seller_raw:VEVO,0.952222410088,0.889811792166,0.889266672104,0.800477391427,0.885771074404,0.944182477997
market_item.xlsx|dark0de|seller_raw:cosmiccannabispnw||market_item.xlsx|darkfox market|seller_raw:CosmicCannabis,0.972811361363,0.934724729884,0.905465633801,0.942464676575,0.942055855923,0.957164630889
market_item.xlsx|dark0de|seller_raw:dazn||market_item.xlsx|vice city|seller_raw:CastorSmiley,0.987479357271,0.955106307242,0.931027205403,0.954958782616,0.953665211486,0.985148584985
market_item.xlsx|dark0de|seller_raw:discountweedco||market_item.xlsx|silk road 3.1|seller_raw:Drugmarket,0.952644307679,0.894464148957,0.872495147791,0.892960502688,0.883547712998,0.920824436880
market_item.xlsx|dark0de|seller_raw:exoticimports||market_item.xlsx|dark0de|seller_raw:psycheshop,0.978883461015,0.920546796610,0.915928368374,0.918223528438,0.888879219256,0.980705071214
market_item.xlsx|dark0de|seller_raw:findyourmuse||market_item.xlsx|tor2door market|seller_raw:Muse,0.979098020035,0.939331303877,0.916804427568,0.854556933705,0.948416509511,0.985395402015
market_item.xlsx|dark0de|seller_raw:ghostbusterz||market_item.xlsx|darkfox market|seller_raw:drugsfarm,0.938811233153,0.931829630829,0.907627941747,0.954162286610,0.924863928376,0.889194765707
market_item.xlsx|dark0de|seller_raw:gimmesomeroy||market_item.xlsx|darkfox market|seller_raw:ilovelucy,0.962328987892,0.919242858103,0.903013686573,0.961712034374,0.898208614094,0.919621357691
market_item.xlsx|dark0de|seller_raw:gmailz||market_item.xlsx|vice city|seller_raw:Gmail,0.980316987077,0.945669663176,0.927873955021,0.908976260715,0.928947101492,0.989954939037
market_item.xlsx|dark0de|seller_raw:gocash||market_item.xlsx|vice city|seller_raw:Guthguth,0.985963142880,0.958837870858,0.929509221209,0.954958751048,0.961208843916,0.977206767975
market_item.xlsx|dark0de|seller_raw:gofast36||market_item.xlsx|dark0de|seller_raw:theolddoctorfe,0.964583700669,0.899390109478,0.881289922029,0.892988896991,0.942034171218,0.855741217368
market_item.xlsx|dark0de|seller_raw:kaliflora||market_item.xlsx|silk road 3.1|seller_raw:ovo,0.967473735189,0.908640508635,0.894609524742,0.892960521205,0.869990739043,0.965163740098
market_item.xlsx|dark0de|seller_raw:kidcannabis7||market_item.xlsx|dark0de|seller_raw:louderpacks,0.960554670146,0.924414051537,0.880810328329,1.000000000000,0.917820344990,0.867277990538
market_item.xlsx|dark0de|seller_raw:kingacc||market_item.xlsx|darkfox market|seller_raw:KingATM,0.974712635149,0.935238769068,0.912214653759,0.928916656636,0.936777121250,0.953428062110
market_item.xlsx|dark0de|seller_raw:ldnexpert||market_item.xlsx|versus market|seller_raw:PharmaWorldUK,0.980440704699,0.943762410438,0.921637722933,0.932893724959,0.944741765006,0.969374159101
market_item.xlsx|dark0de|seller_raw:mrcapri||market_item.xlsx|white house market|seller_raw:narcosxpress,0.917556504787,0.849537507468,0.844373854957,0.866403106851,0.799461828296,0.905865719817
market_item.xlsx|dark0de|seller_raw:onlyxans||market_item.xlsx|dark0de|seller_raw:thegingerbreadmann,0.935112517384,0.905171003443,0.879358829821,1.000000000000,0.872584052148,0.877691749899
market_item.xlsx|dark0de|seller_raw:perfectmeds||market_item.xlsx|darkfox market|seller_raw:bigdickvibes,0.950037975097,0.907150078692,0.892888977699,0.941317466264,0.920643540633,0.852389338444
market_item.xlsx|dark0de|seller_raw:pickwickfactorynl||market_item.xlsx|darkfox market|seller_raw:PickwckFctryNL,0.972271315038,0.931551373492,0.913192824293,0.930117051932,0.915907368924,0.965924301234
market_item.xlsx|dark0de|seller_raw:powerpuffuk||market_item.xlsx|monopoly market|seller_raw:sponge,0.957642414841,0.887449210825,0.869238758441,0.932968325882,0.882604183373,0.891083752187
market_item.xlsx|dark0de|seller_raw:sluts||market_item.xlsx|versus market|seller_raw:sluts1,0.991370680383,0.979534926516,0.933832850654,0.962864345004,0.976675846120,0.994310124422
market_item.xlsx|dark0de|seller_raw:sm0ke||market_item.xlsx|silk road 3.1|seller_raw:SonOfAGun,0.955976553880,0.897944266298,0.895862951613,0.823101865427,0.957340076212,0.875969656819
market_item.xlsx|dark0de|seller_raw:sm0ke||market_item.xlsx|silk road 3.1|seller_raw:dunderchief,0.949154885101,0.893305980274,0.887690880335,0.823101865427,0.903362205672,0.918351812300
market_item.xlsx|dark0de|seller_raw:supperfast001||market_item.xlsx|incognito|seller_raw:/vendor/vinicius12,0.960441380240,0.884958352602,0.872987776318,0.811804122913,0.865579172653,0.967044204365
market_item.xlsx|dark0de|seller_raw:thegingerbreadmann||market_item.xlsx|dark0de|seller_raw:xanman007,0.928883945586,0.895690171875,0.867457178784,1.000000000000,0.877730612562,0.841549899634
market_item.xlsx|dark0de|seller_raw:tiktokcc||market_item.xlsx|darkfox market|seller_raw:ramashkaCC,0.971656723155,0.908465297259,0.901615818779,0.925405667363,0.898352131595,0.958155261312
market_item.xlsx|darkfox market|seller_raw:Deus||market_item.xlsx|silk road 3.1|seller_raw:leary,0.952553623417,0.902226362422,0.896294871693,0.903590423608,0.913538639835,0.880658134445
market_item.xlsx|darkfox market|seller_raw:DrugAmazon||market_item.xlsx|darkfox market|seller_raw:Pinoccio,0.966032496885,0.928751690705,0.915438620195,0.951685044197,0.904247870169,0.961686478804
market_item.xlsx|darkfox market|seller_raw:FASTPLUG||market_item.xlsx|darkfox market|seller_raw:Newheavens,0.989852196834,0.951461798341,0.930032292098,0.929295040491,0.956534457082,0.986049193264
market_item.xlsx|darkfox market|seller_raw:HappyShopOrigi||market_item.xlsx|vice city|seller_raw:HappyShop,0.989624078623,0.942106938949,0.919003367800,0.853705575496,0.970505086443,0.987034085020
market_item.xlsx|darkfox market|seller_raw:JohnyBlack||market_item.xlsx|silk road 3.1|seller_raw:surfgxd,0.942925222559,0.869317766525,0.854283960363,0.831525849204,0.940040712672,0.791968811655
market_item.xlsx|darkfox market|seller_raw:Kaliflora||market_item.xlsx|silk road 3.1|seller_raw:ovo,0.968095907539,0.908721670474,0.886239736513,0.911492577919,0.868774755435,0.959326822498
market_item.xlsx|darkfox market|seller_raw:MOLADVI||market_item.xlsx|darkfox market|seller_raw:tornadoengine,0.945393380723,0.861742159163,0.866907407011,1.000000000000,0.782501500032,0.891741027505
market_item.xlsx|darkfox market|seller_raw:ROCKO||market_item.xlsx|vice city|seller_raw:Rugrats,0.951314781171,0.900109303590,0.874108760204,0.877906255538,0.956143348447,0.882310348778
market_item.xlsx|darkfox market|seller_raw:Tornad0cc||market_item.xlsx|darkfox market|seller_raw:cloudflare,0.961805303420,0.933188982821,0.902545923800,1.000000000000,0.894339779580,0.960027247469
market_item.xlsx|darkfox market|seller_raw:Tornad0cc||market_item.xlsx|silk road 3.1|seller_raw:dumbakarahi1,0.980116379247,0.943544620311,0.927064816804,0.884922308095,0.961366843924,0.972851746928
market_item.xlsx|darkfox market|seller_raw:USvendor||market_item.xlsx|darkfox market|seller_raw:jaymike,0.959321927286,0.900643564396,0.885722990398,0.911652246985,0.850108616735,0.962282536248
market_item.xlsx|darkfox market|seller_raw:USvendor||market_item.xlsx|darkfox market|seller_raw:stonesthrowJ,0.944061962297,0.897656514957,0.881975951730,0.900989067475,0.883487589274,0.941018683405
market_item.xlsx|darkfox market|seller_raw:alphapharmaltd||market_item.xlsx|darkfox market|seller_raw:streetpushers,0.971086251169,0.931869877588,0.913443085685,0.937396006818,0.908968997786,0.969701853384
market_item.xlsx|darkfox market|seller_raw:chemzy007||market_item.xlsx|incognito|seller_raw:/vendor/tomandjerry,0.938093776278,0.841076285914,0.859319727559,0.800183022420,0.776647457174,0.953900775870
market_item.xlsx|darkfox market|seller_raw:darkchick||market_item.xlsx|silk road 3.1|seller_raw:hellothere345,0.914058995669,0.826789933678,0.827766496049,0.814302607370,0.867976664171,0.756903798998
market_item.xlsx|darkfox market|seller_raw:live4drugs||market_item.xlsx|tor2door market|seller_raw:Darkdrugs,0.990031961924,0.953396143193,0.941048236180,0.797384409198,0.998477443328,0.992870470744
market_item.xlsx|darkfox market|seller_raw:maverick111||market_item.xlsx|incognito|seller_raw:/vendor/greenpharmastore,0.965901636780,0.893087820656,0.879314886932,0.820743663330,0.878129288903,0.950939856715
market_item.xlsx|darkfox market|seller_raw:originalgermed||market_item.xlsx|versus market|seller_raw:OriginalGerMeds,0.994005421794,0.983690952659,0.950556415437,0.978285848632,0.971457473944,0.999568476478
market_item.xlsx|darkfox market|seller_raw:peterpaperguy||market_item.xlsx|versus market|seller_raw:peterpaperdude,0.981941773897,0.933585263711,0.916332375013,0.903352239532,0.920548855966,0.980232014209
market_item.xlsx|darkfox market|seller_raw:procarder2||market_item.xlsx|silk road 3.1|seller_raw:procarder7,0.990945711183,0.960672693821,0.940180610825,0.903152488172,0.975768571525,0.988165286095
market_item.xlsx|darkfox market|seller_raw:wwcs2020||market_item.xlsx|silk road 3.1|seller_raw:mico2811,0.968512404177,0.944704009039,0.935921477250,0.926002250544,0.949928980980,0.955783366480
market_item.xlsx|incognito|seller_raw:/vendor/jamesocean||market_item.xlsx|vice city|seller_raw:Jamesocean,0.984242195100,0.923098228914,0.926136676037,0.770502946262,0.949541870517,0.988429900628
market_item.xlsx|silk road 3.1|seller_raw:1SRRR1||market_item.xlsx|silk road 3.1|seller_raw:SRRR,0.996745621856,0.987929366036,0.945853069512,0.999828370217,0.994207997146,0.991216057644
market_item.xlsx|silk road 3.1|seller_raw:430m||market_item.xlsx|silk road 3.1|seller_raw:stbdva,0.928853043537,0.831654308996,0.823554613772,0.865611347826,0.861376591517,0.784953507061
market_item.xlsx|silk road 3.1|seller_raw:Adisaarland1||market_item.xlsx|silk road 3.1|seller_raw:argus2027,0.985946516510,0.975436323314,0.885516676541,1.000000000000,0.950872646629,1.000000000000
market_item.xlsx|silk road 3.1|seller_raw:Adisaarland1||market_item.xlsx|silk road 3.1|seller_raw:blopman,0.957542241197,0.919320168471,0.884972382516,1.000000000000,0.949609640266,0.778061393351
market_item.xlsx|silk road 3.1|seller_raw:Amm0zz||market_item.xlsx|silk road 3.1|seller_raw:MisterLoudpack,0.958863825139,0.892286828252,0.876558775692,0.957399569494,0.911843242899,0.856173562091
market_item.xlsx|silk road 3.1|seller_raw:Amm4rt14n1||market_item.xlsx|silk road 3.1|seller_raw:DutchCompany,0.939892560203,0.883863768408,0.861478574877,1.000000000000,0.875837895184,0.783779283262
market_item.xlsx|silk road 3.1|seller_raw:Amm4rt14n1||market_item.xlsx|silk road 3.1|seller_raw:henkjan,0.946321846059,0.895025048493,0.878091822484,1.000000000000,0.908755290706,0.762589612558
market_item.xlsx|silk road 3.1|seller_raw:Anastasia||market_item.xlsx|silk road 3.1|seller_raw:KingSkunk,0.959335288442,0.915460323740,0.900307811120,0.923054866014,0.931603392186,0.906343929410
market_item.xlsx|silk road 3.1|seller_raw:AnonAmazonAffiliate||market_item.xlsx|silk road 3.1|seller_raw:IgotVPN,0.940134534819,0.898826034649,0.879693659564,0.914753567494,0.902155395683,0.887800813444
market_item.xlsx|silk road 3.1|seller_raw:Ateldrug||market_item.xlsx|silk road 3.1|seller_raw:nonymous,0.955734866563,0.893231117122,0.868934605125,1.000000000000,0.883775706799,0.831501765483
market_item.xlsx|silk road 3.1|seller_raw:Beckamsgonzouncle||market_item.xlsx|silk road 3.1|seller_raw:CaptainFantasy,0.970351730145,0.907737289092,0.911371476278,1.000000000000,0.930173176948,0.770602802472
market_item.xlsx|silk road 3.1|seller_raw:BlackBook||market_item.xlsx|silk road 3.1|seller_raw:Drugs4Everyone,0.956418488238,0.896232799917,0.871347266107,0.911151636700,0.854367802549,0.958374737462
market_item.xlsx|silk road 3.1|seller_raw:Bohrmann||market_item.xlsx|silk road 3.1|seller_raw:samsung68161,0.939960145204,0.896372326676,0.889983400601,1.000000000000,0.877701128172,0.863402754628
market_item.xlsx|silk road 3.1|seller_raw:Brisk88||market_item.xlsx|silk road 3.1|seller_raw:peterclark,0.924277445992,0.872315820003,0.854446923400,0.914746727735,0.849220047899,0.879755848626
market_item.xlsx|silk road 3.1|seller_raw:CCSELL123||market_item.xlsx|silk road 3.1|seller_raw:r00ter,0.937262956679,0.874356298356,0.836226464012,1.000000000000,0.853436386053,0.803882398645
market_item.xlsx|silk road 3.1|seller_raw:CCSELL||market_item.xlsx|silk road 3.1|seller_raw:r00ter,0.930787416865,0.875087992442,0.833172804277,1.000000000000,0.853436399589,0.793479170591
market_item.xlsx|silk road 3.1|seller_raw:CaptainFantasy||market_item.xlsx|silk road 3.1|seller_raw:mauri4,0.943179171676,0.897309306057,0.888807831253,1.000000000000,0.868194820175,0.875384898025
market_item.xlsx|silk road 3.1|seller_raw:CaptainFantasy||market_item.xlsx|vice city|seller_raw:DutchDrugTrapper,0.901755890580,0.862280913002,0.840775441788,0.916790335326,0.861807479272,0.808718358139
market_item.xlsx|silk road 3.1|seller_raw:CardMaster||market_item.xlsx|silk road 3.1|seller_raw:gdy7jds,0.961341152264,0.896973043043,0.882833659170,0.887381266837,0.866267696000,0.963933006452
market_item.xlsx|silk road 3.1|seller_raw:Clayton||market_item.xlsx|silk road 3.1|seller_raw:luckyweed,0.921561242357,0.864578445412,0.833736817997,1.000000000000,0.853252252991,0.751809275665
market_item.xlsx|silk road 3.1|seller_raw:ColinMaclaurin||market_item.xlsx|silk road 3.1|seller_raw:kaboula,0.961635717603,0.905406475293,0.875543620323,0.879938751858,0.867866354957,0.956921002781
market_item.xlsx|silk road 3.1|seller_raw:DEATHOFME||market_item.xlsx|silk road 3.1|seller_raw:hamma1,0.938599762347,0.866974773077,0.857229919226,0.859456773879,0.915279359032,0.777883600366
market_item.xlsx|silk road 3.1|seller_raw:DWMWES||market_item.xlsx|silk road 3.1|seller_raw:triestekut,0.915458684319,0.843583004531,0.844881556377,0.908784874966,0.866509830235,0.795313230845
market_item.xlsx|silk road 3.1|seller_raw:Danielrinehart||market_item.xlsx|silk road 3.1|seller_raw:dubypride,0.975876419601,0.920396577581,0.903697860293,0.960456120735,0.920303995941,0.965991589298
market_item.xlsx|silk road 3.1|seller_raw:DavidSmith1337||market_item.xlsx|silk road 3.1|seller_raw:sneakmasterflex,0.936446050945,0.883525780342,0.842792914541,1.000000000000,0.874429741948,0.847862428867
market_item.xlsx|silk road 3.1|seller_raw:Dickscloud||market_item.xlsx|silk road 3.1|seller_raw:DicksonCloud,0.991519550892,0.961348195084,0.932441598163,0.889752211348,0.983311228245,0.990073831269
market_item.xlsx|silk road 3.1|seller_raw:DocTX||market_item.xlsx|silk road 3.1|seller_raw:MarkiHock,0.958580599625,0.907205831360,0.862592487562,1.000000000000,0.884714480691,0.886697024952
market_item.xlsx|silk road 3.1|seller_raw:DocTX||market_item.xlsx|silk road 3.1|seller_raw:MatiasVasquez,0.967473693148,0.925193394278,0.873664898031,1.000000000000,0.922526885677,0.893916660455
market_item.xlsx|silk road 3.1|seller_raw:Drkseidcontinues||market_item.xlsx|silk road 3.1|seller_raw:Drkseidforever,0.974038709013,0.939939390730,0.877015927521,1.000000000000,0.921997987479,0.927850489345
market_item.xlsx|silk road 3.1|seller_raw:Drkseidcontinues||market_item.xlsx|silk road 3.1|seller_raw:YLLLAMOARMAS,0.976852493310,0.946881377376,0.889486550467,1.000000000000,0.933754694132,0.935074261657
market_item.xlsx|silk road 3.1|seller_raw:Drugsdrugs123||market_item.xlsx|silk road 3.1|seller_raw:domination,0.970816582647,0.929729881098,0.907783755763,0.964032432596,0.892857780679,0.967745589065
market_item.xlsx|silk road 3.1|seller_raw:ElchapoJnr||market_item.xlsx|silk road 3.1|seller_raw:MisterLoudpack,0.945286870066,0.884846517590,0.871639346379,0.929844749986,0.889004760827,0.870899261103
market_item.xlsx|silk road 3.1|seller_raw:FakeBillEU||market_item.xlsx|silk road 3.1|seller_raw:medex33,0.978040389039,0.941912224756,0.923172049486,0.966500761757,0.907142446917,0.976280163139
market_item.xlsx|silk road 3.1|seller_raw:FeltonJohn||market_item.xlsx|silk road 3.1|seller_raw:smarttiger,0.957797034412,0.901556594332,0.895227715422,0.865844532175,0.890378827162,0.957576392011
market_item.xlsx|silk road 3.1|seller_raw:ForYou||market_item.xlsx|silk road 3.1|seller_raw:magic999,0.987304237802,0.970637369804,0.900380357870,1.000000000000,0.942176611585,0.990953516373
market_item.xlsx|silk road 3.1|seller_raw:Frank1234||market_item.xlsx|silk road 3.1|seller_raw:jack1111,0.974586017250,0.915886136196,0.897060383895,0.918742533910,0.931395265687,0.950987903790
market_item.xlsx|silk road 3.1|seller_raw:Frank1234||market_item.xlsx|silk road 3.1|seller_raw:peoplesdrughouse,0.972305203874,0.909332604043,0.891556587234,0.945871372190,0.932871860227,0.936162082141
market_item.xlsx|silk road 3.1|seller_raw:Gandalfini||market_item.xlsx|silk road 3.1|seller_raw:Skywalker08,0.939265790129,0.885150025959,0.871911023731,0.879938751858,0.875299798514,0.903948101194
market_item.xlsx|silk road 3.1|seller_raw:GhostSlayer||market_item.xlsx|silk road 3.1|seller_raw:TopCrop,0.968530581022,0.933290025223,0.900576479072,1.000000000000,0.937672457049,0.857740851164
market_item.xlsx|silk road 3.1|seller_raw:Gunnerman||market_item.xlsx|silk road 3.1|seller_raw:TheGunnerMan,0.983916033120,0.961587424839,0.917908483371,1.000000000000,0.924811129820,0.988230991546
market_item.xlsx|silk road 3.1|seller_raw:Hateparker||market_item.xlsx|silk road 3.1|seller_raw:Lorddeals,0.954342759031,0.893026962818,0.873699149580,0.903462265905,0.921865954524,0.867790240681
market_item.xlsx|silk road 3.1|seller_raw:IAim2Please||market_item.xlsx|silk road 3.1|seller_raw:reloadedudjtjvxr,0.972616902680,0.929297356851,0.908796419109,0.912433081449,0.932665448517,0.966626824927
market_item.xlsx|silk road 3.1|seller_raw:Ineedfeedbacks||market_item.xlsx|silk road 3.1|seller_raw:lola147,0.933895342203,0.878503914601,0.861304245374,1.000000000000,0.864185351916,0.785857397038
market_item.xlsx|silk road 3.1|seller_raw:IntoMatrix||market_item.xlsx|silk road 3.1|seller_raw:Speed2you,0.972061727174,0.955431647139,0.918433223385,1.000000000000,0.933256777480,0.955322340368
market_item.xlsx|silk road 3.1|seller_raw:Jacobaboo||market_item.xlsx|silk road 3.1|seller_raw:commander0,0.940842813248,0.881738261960,0.853026134838,0.862413927129,0.894954326518,0.912133612348
market_item.xlsx|silk road 3.1|seller_raw:King24783||market_item.xlsx|silk road 3.1|seller_raw:mutantmass,0.971142584527,0.940580631863,0.891475795243,1.000000000000,0.915861883913,0.956888172855
market_item.xlsx|silk road 3.1|seller_raw:KushPlug||market_item.xlsx|silk road 3.1|seller_raw:stingo1934,0.954917541728,0.920599272920,0.900022429983,1.000000000000,0.947439167250,0.855261895398
market_item.xlsx|silk road 3.1|seller_raw:L0RDXANAX||market_item.xlsx|silk road 3.1|seller_raw:RealLordXanax,0.996268314593,0.987679655269,0.949253506495,1.000000000000,0.980867541004,0.993280927253
market_item.xlsx|silk road 3.1|seller_raw:Lancelotdeals||market_item.xlsx|silk road 3.1|seller_raw:mayor6767,0.980898147293,0.935885404162,0.916511470702,0.969163872002,0.937373891491,0.972440696975
market_item.xlsx|silk road 3.1|seller_raw:LoudSmokeIncentive||market_item.xlsx|silk road 3.1|seller_raw:MrPissa,0.928587653003,0.873828820892,0.837305563649,1.000000000000,0.871417575475,0.752480132617
market_item.xlsx|silk road 3.1|seller_raw:M0neder0||market_item.xlsx|silk road 3.1|seller_raw:WeedStore,0.925904810303,0.902074102640,0.862684817158,1.000000000000,0.890825855979,0.826644698602
market_item.xlsx|silk road 3.1|seller_raw:MarkiHock||market_item.xlsx|silk road 3.1|seller_raw:TXDoCKapo,0.960201374415,0.910980132973,0.866560783846,1.000000000000,0.825751827366,0.957341807562
market_item.xlsx|silk road 3.1|seller_raw:MarkiHock||market_item.xlsx|silk road 3.1|seller_raw:TXDockim,0.963990315317,0.922763166988,0.869378486260,1.000000000000,0.857995289437,0.953628355664
market_item.xlsx|silk road 3.1|seller_raw:MatiasVasquez||market_item.xlsx|silk road 3.1|seller_raw:TXDoCKapo,0.958398228515,0.909121765008,0.863712287801,1.000000000000,0.829339782324,0.949737190879
market_item.xlsx|silk road 3.1|seller_raw:MatiasVasquez||market_item.xlsx|silk road 3.1|seller_raw:TXDockim,0.961168820887,0.915262139126,0.863140842527,1.000000000000,0.848322863686,0.944952407883
market_item.xlsx|silk road 3.1|seller_raw:MindTools||market_item.xlsx|silk road 3.1|seller_raw:ashley123,0.921540758532,0.862304173967,0.849482770594,0.916858787437,0.850249281445,0.851705775191
market_item.xlsx|silk road 3.1|seller_raw:MisterGreen||market_item.xlsx|silk road 3.1|seller_raw:marcopolo1969,0.986688802159,0.944368829593,0.918583748888,0.933747463566,0.949014094188,0.983464661974
market_item.xlsx|silk road 3.1|seller_raw:MisterMush||market_item.xlsx|silk road 3.1|seller_raw:mhippy,0.947847788106,0.914727093110,0.892314072018,1.000000000000,0.901823265526,0.884994467250
market_item.xlsx|silk road 3.1|seller_raw:Money666||market_item.xlsx|silk road 3.1|seller_raw:Morianus,0.974176789609,0.932709947934,0.878640463078,1.000000000000,0.917418413076,0.941447902464
market_item.xlsx|silk road 3.1|seller_raw:Mouncer96||market_item.xlsx|silk road 3.1|seller_raw:hamma1,0.928458600052,0.906086482530,0.873687986388,1.000000000000,0.880991984160,0.862361963186
market_item.xlsx|silk road 3.1|seller_raw:MriPad||market_item.xlsx|silk road 3.1|seller_raw:islands3,0.915032401576,0.851909465284,0.822233426579,0.915039428809,0.857472524202,0.828684236302
market_item.xlsx|silk road 3.1|seller_raw:Newworldorder||market_item.xlsx|silk road 3.1|seller_raw:hamma1,0.924771750209,0.898895329463,0.862349742730,1.000000000000,0.883044027153,0.829493263546
market_item.xlsx|silk road 3.1|seller_raw:Novaltis||market_item.xlsx|silk road 3.1|seller_raw:Prescriptpills,0.971466439821,0.916256509987,0.903289917316,0.961427441587,0.909014884701,0.928617615432
market_item.xlsx|silk road 3.1|seller_raw:OREIA||market_item.xlsx|silk road 3.1|seller_raw:oreiaa,0.979262277566,0.954118782122,0.913491270660,0.914753567494,0.955974680818,0.978980082673
market_item.xlsx|silk road 3.1|seller_raw:PanZen||market_item.xlsx|silk road 3.1|seller_raw:tmntmfkr,0.937487060631,0.903554798179,0.872735425475,1.000000000000,0.913548127613,0.845338867835
market_item.xlsx|silk road 3.1|seller_raw:Psilocybin195834||market_item.xlsx|silk road 3.1|seller_raw:sam220,0.943676410792,0.915780678454,0.892333628020,1.000000000000,0.899822430268,0.894167702907
market_item.xlsx|silk road 3.1|seller_raw:PulkaPula||market_item.xlsx|silk road 3.1|seller_raw:derwentstudents10,0.972996683691,0.953899005396,0.919086085859,1.000000000000,0.948829210110,0.936196170129
market_item.xlsx|silk road 3.1|seller_raw:PulkaPula||market_item.xlsx|silk road 3.1|seller_raw:mrshah,0.939172367990,0.887358386718,0.890215467228,0.817117515366,0.898607628522,0.919071248777
market_item.xlsx|silk road 3.1|seller_raw:PulkaPula||market_item.xlsx|silk road 3.1|seller_raw:msritalina,0.971590996221,0.931292634754,0.920004803764,0.859337174312,0.965092660728,0.937574837356
market_item.xlsx|silk road 3.1|seller_raw:Randyk||market_item.xlsx|silk road 3.1|seller_raw:maxcell5555,0.964429565067,0.914012633936,0.891690128996,0.953333331344,0.923478952271,0.922591053567
market_item.xlsx|silk road 3.1|seller_raw:Rayvan33||market_item.xlsx|silk road 3.1|seller_raw:felay4242,0.987006792815,0.944192373428,0.913430618127,0.946882137887,0.951682671534,0.984333751751
market_item.xlsx|silk road 3.1|seller_raw:Rickwoodopoids||market_item.xlsx|silk road 3.1|seller_raw:amadioha,0.980735567779,0.934612285848,0.906338916131,0.913851345111,0.940600990248,0.980638261613
market_item.xlsx|silk road 3.1|seller_raw:Rickwoodopoids||market_item.xlsx|silk road 3.1|seller_raw:mcwilliams,0.971312493540,0.909051054007,0.885717601682,0.873548083458,0.928114184607,0.945218979995
market_item.xlsx|silk road 3.1|seller_raw:SKuszHk||market_item.xlsx|silk road 3.1|seller_raw:fabian0150,0.954639935913,0.918169654085,0.885819859956,1.000000000000,0.882776715526,0.926828903153
market_item.xlsx|silk road 3.1|seller_raw:SKuszHk||market_item.xlsx|silk road 3.1|seller_raw:imnicetoyou,0.957877674690,0.903483592350,0.885638871183,0.886960052267,0.886525700330,0.944147502161
market_item.xlsx|silk road 3.1|seller_raw:SNRS||market_item.xlsx|silk road 3.1|seller_raw:chihiro1,0.936297445739,0.882525258740,0.848511542828,1.000000000000,0.838630135487,0.869150021479
market_item.xlsx|silk road 3.1|seller_raw:SUPPERFLY||market_item.xlsx|vice city|seller_raw:Jackwilldogs,0.982563317151,0.948409330954,0.922194711100,0.936946941622,0.966813649084,0.968335141645
market_item.xlsx|silk road 3.1|seller_raw:Sfattinopuzzino94||market_item.xlsx|silk road 3.1|seller_raw:madrunn89,0.978264256136,0.956739904444,0.913215884062,1.000000000000,0.943349888501,0.940259840774
market_item.xlsx|silk road 3.1|seller_raw:Sk8rkid779||market_item.xlsx|silk road 3.1|seller_raw:anonionmys6,0.953020657209,0.897626368773,0.877549984461,1.000000000000,0.921304491940,0.747896491212
market_item.xlsx|silk road 3.1|seller_raw:Sk8rkid779||market_item.xlsx|silk road 3.1|seller_raw:karmic01110,0.946047874561,0.896868045060,0.872932359370,1.000000000000,0.919787844515,0.747896491212
market_item.xlsx|silk road 3.1|seller_raw:Smokieevil1||market_item.xlsx|silk road 3.1|seller_raw:mid,0.931369349111,0.876785133250,0.850023407600,1.000000000000,0.882337846888,0.742464839223
market_item.xlsx|silk road 3.1|seller_raw:Spartan666||market_item.xlsx|silk road 3.1|seller_raw:lefou34,0.883786836324,0.822972007818,0.801376902886,0.896979879034,0.804872031076,0.789371329898
market_item.xlsx|silk road 3.1|seller_raw:Stokiebuyer||market_item.xlsx|silk road 3.1|seller_raw:stokeontrent,0.981601311854,0.942409055510,0.924029940108,0.953337224870,0.916468166722,0.984344820349
market_item.xlsx|silk road 3.1|seller_raw:Stoney14||market_item.xlsx|silk road 3.1|seller_raw:TheBitcoinExchange,0.905716140176,0.861851686569,0.828213517866,1.000000000000,0.855692677784,0.736021390709
market_item.xlsx|silk road 3.1|seller_raw:Stoney14||market_item.xlsx|silk road 3.1|seller_raw:crystalclear59,0.948273383620,0.895129472781,0.851930022038,1.000000000000,0.887369544617,0.805778801889
market_item.xlsx|silk road 3.1|seller_raw:Stoney14||market_item.xlsx|silk road 3.1|seller_raw:guybrush,0.920506998952,0.872435405930,0.843021382287,1.000000000000,0.873303713152,0.743134197417
market_item.xlsx|silk road 3.1|seller_raw:SubsOnly||market_item.xlsx|silk road 3.1|seller_raw:thedevilsadvocate,0.970997312298,0.925403082054,0.897388703882,1.000000000000,0.942601877431,0.891423391854
market_item.xlsx|silk road 3.1|seller_raw:SubsOnly||market_item.xlsx|silk road 3.1|seller_raw:williethepimp,0.974173997385,0.939764178731,0.909418073437,1.000000000000,0.937975115277,0.911435331550
market_item.xlsx|silk road 3.1|seller_raw:SubsOnly||market_item.xlsx|silk road 3.1|seller_raw:wood923,0.946821652622,0.903099010291,0.870116557485,1.000000000000,0.893630473825,0.864117051902
market_item.xlsx|silk road 3.1|seller_raw:TeamAdyy||market_item.xlsx|silk road 3.1|seller_raw:TeamOfFreedom,0.955325650330,0.903922788485,0.885889829278,0.857670499373,0.911954080233,0.935474118335
market_item.xlsx|silk road 3.1|seller_raw:TeamOfFreedom||market_item.xlsx|silk road 3.1|seller_raw:addyforlife,0.965733835184,0.917720944642,0.893893512346,0.907708833162,0.931239667752,0.931222149658
market_item.xlsx|silk road 3.1|seller_raw:TeslaTradings||market_item.xlsx|silk road 3.1|seller_raw:TransferMafia,0.979452176382,0.938935889663,0.905791804249,0.994980005950,0.903846063065,0.973233823869
market_item.xlsx|silk road 3.1|seller_raw:TeslaTradings||market_item.xlsx|silk road 3.1|seller_raw:drafter127,0.964579398554,0.899225342610,0.871809042397,0.994980005950,0.849701827896,0.937627456962
market_item.xlsx|silk road 3.1|seller_raw:TheBitcoinExchange||market_item.xlsx|silk road 3.1|seller_raw:crystalclear59,0.924570469715,0.883034719250,0.841451332923,1.000000000000,0.872914505986,0.786309865027
market_item.xlsx|silk road 3.1|seller_raw:TopCrop||market_item.xlsx|silk road 3.1|seller_raw:northsidedom,0.939888590652,0.907559887391,0.878515285569,1.000000000000,0.878306504977,0.873626539611
market_item.xlsx|silk road 3.1|seller_raw:Toshiba12||market_item.xlsx|silk road 3.1|seller_raw:dipset4life,0.951893538734,0.879260409692,0.860933326516,0.922838791997,0.829745993354,0.919414758262
market_item.xlsx|silk road 3.1|seller_raw:Toshiba99||market_item.xlsx|silk road 3.1|seller_raw:dipset4life,0.979423421812,0.941252532655,0.895896238505,0.914023625790,0.966416098559,0.943589669645
market_item.xlsx|silk road 3.1|seller_raw:Vend1ngMach1ne||market_item.xlsx|silk road 3.1|seller_raw:VendingMach1n3,0.995825399974,0.985326885275,0.929644568983,0.983216774030,0.993416957255,0.991029879013
market_item.xlsx|silk road 3.1|seller_raw:ViceStoreNL||market_item.xlsx|silk road 3.1|seller_raw:however,0.973110107056,0.950787016174,0.950787005842,1.000000000000,0.910466390172,0.982215284352
market_item.xlsx|silk road 3.1|seller_raw:VladimirzSK||market_item.xlsx|silk road 3.1|seller_raw:savemoney,0.966598403846,0.915379803117,0.878511778160,1.000000000000,0.862630867904,0.934293461518
market_item.xlsx|silk road 3.1|seller_raw:WeedStore||market_item.xlsx|silk road 3.1|seller_raw:ronster6669,0.915543398746,0.888236041857,0.847524582129,1.000000000000,0.876811810209,0.799320562255
market_item.xlsx|silk road 3.1|seller_raw:Weedaddy||market_item.xlsx|silk road 3.1|seller_raw:billaros2,0.975002361152,0.947654226795,0.919529783152,0.999999999999,0.923189649174,0.972781672025
market_item.xlsx|silk road 3.1|seller_raw:Weedaddy||market_item.xlsx|silk road 3.1|seller_raw:clest,0.931727536196,0.878582015349,0.861934366462,0.914678407057,0.828712296854,0.935237183720
market_item.xlsx|silk road 3.1|seller_raw:Weedaddy||market_item.xlsx|silk road 3.1|seller_raw:vanish,0.971068096209,0.950756833783,0.913889138003,0.999999999999,0.949615964511,0.958154178971
market_item.xlsx|silk road 3.1|seller_raw:Weedangel1||market_item.xlsx|silk road 3.1|seller_raw:luckyweed,0.917539986245,0.864431879579,0.838126888352,1.000000000000,0.850773530304,0.756180457708
market_item.xlsx|silk road 3.1|seller_raw:Weedangel1||market_item.xlsx|silk road 3.1|seller_raw:proxima,0.980980815916,0.959084879977,0.921175533452,1.000000000000,0.937152132167,0.961151756580
market_item.xlsx|silk road 3.1|seller_raw:WillyWonka1||market_item.xlsx|silk road 3.1|seller_raw:prettyshemale,0.970173749949,0.938121099812,0.914431560879,1.000000000000,0.908752806218,0.934978786813
market_item.xlsx|silk road 3.1|seller_raw:apimpim||market_item.xlsx|silk road 3.1|seller_raw:mayor6767,0.979778049053,0.934080427420,0.915622932121,0.962829285104,0.929144165173,0.971119817693
market_item.xlsx|silk road 3.1|seller_raw:aresares||market_item.xlsx|silk road 3.1|seller_raw:someguy9000,0.947699491070,0.888720439178,0.877735743460,0.911660661658,0.882675660394,0.888907006555
market_item.xlsx|silk road 3.1|seller_raw:argus2027||market_item.xlsx|silk road 3.1|seller_raw:blopman,0.963067790354,0.918397233540,0.888719295459,1.000000000000,0.947763770405,0.778061393351
market_item.xlsx|silk road 3.1|seller_raw:awalp||market_item.xlsx|silk road 3.1|seller_raw:etizolam80,0.944786732710,0.903397941668,0.886297376605,0.914047608408,0.917485571470,0.893206591505
market_item.xlsx|silk road 3.1|seller_raw:bagtape||market_item.xlsx|silk road 3.1|seller_raw:crystalclear59,0.919817075475,0.864246248140,0.826702636037,1.000000000000,0.840698576521,0.778289045839
market_item.xlsx|silk road 3.1|seller_raw:benfica||market_item.xlsx|silk road 3.1|seller_raw:luckyweed,0.970011832192,0.937934564495,0.882135299288,1.000000000000,1.000000000000,0.759446767434
market_item.xlsx|silk road 3.1|seller_raw:bityz||market_item.xlsx|silk road 3.1|seller_raw:kelux,0.941679272759,0.899153186044,0.871551277424,1.000000000000,0.887296387412,0.860586577699
market_item.xlsx|silk road 3.1|seller_raw:blackgoods||market_item.xlsx|silk road 3.1|seller_raw:kingofcounterfeits,0.958561585599,0.912261128466,0.879657455924,0.935866437571,0.910529458394,0.921830308064
market_item.xlsx|silk road 3.1|seller_raw:blackgoods||market_item.xlsx|silk road 3.1|seller_raw:premium,0.966044023064,0.922373393912,0.895002836474,0.945881072864,0.933086448924,0.921918502355
market_item.xlsx|silk road 3.1|seller_raw:blackhawk27||market_item.xlsx|silk road 3.1|seller_raw:thehouseonthetree,0.956547923199,0.914798139887,0.897971770228,0.941513250542,0.877834209033,0.949760470559
market_item.xlsx|silk road 3.1|seller_raw:brownsugar||market_item.xlsx|silk road 3.1|seller_raw:uomochupito,0.949444728107,0.904297464085,0.889019728073,0.936139531504,0.903796778531,0.900713568557
market_item.xlsx|silk road 3.1|seller_raw:buyeurfr||market_item.xlsx|silk road 3.1|seller_raw:metallica999,0.953159831724,0.859076908585,0.860009650758,0.838094999330,0.925432583490,0.747347468030
market_item.xlsx|silk road 3.1|seller_raw:candirose||market_item.xlsx|silk road 3.1|seller_raw:libertasgoods2,0.952998991363,0.908964588139,0.889811568419,0.899798799697,0.948355884915,0.874354640176
market_item.xlsx|silk road 3.1|seller_raw:castorpol||market_item.xlsx|silk road 3.1|seller_raw:holandskunk,0.927240565680,0.867666586496,0.862373351406,0.917662390198,0.807592799094,0.913344786182
market_item.xlsx|silk road 3.1|seller_raw:cheapconnect||market_item.xlsx|silk road 3.1|seller_raw:darkwebpartners,0.961779171881,0.899078269931,0.876017767934,0.953496715477,0.931117483119,0.890525268646
market_item.xlsx|silk road 3.1|seller_raw:chems2you||market_item.xlsx|silk road 3.1|seller_raw:yellowcasecoka,0.928575917848,0.893908764267,0.876372870169,0.940934979942,0.883130812995,0.870164080471
market_item.xlsx|silk road 3.1|seller_raw:clest||market_item.xlsx|silk road 3.1|seller_raw:vanish,0.927199882435,0.876508452797,0.864582593113,0.914678488492,0.834891752910,0.935255013799
market_item.xlsx|silk road 3.1|seller_raw:danielmonrow||market_item.xlsx|silk road 3.1|seller_raw:lawallebron33,0.973889686323,0.937121136485,0.919545350441,0.982038429350,0.968244476643,0.916243901628
market_item.xlsx|silk road 3.1|seller_raw:darksecrets||market_item.xlsx|silk road 3.1|seller_raw:ebook4u,0.966177710254,0.895323543212,0.875975504512,1.000000000000,0.909122235123,0.884232909986
market_item.xlsx|silk road 3.1|seller_raw:davidwolf||market_item.xlsx|silk road 3.1|seller_raw:joanguy,0.944287338648,0.883694145462,0.872048102418,0.859456804919,0.893080514588,0.894500090393
market_item.xlsx|silk road 3.1|seller_raw:dbag418||market_item.xlsx|silk road 3.1|seller_raw:mescalito,0.936398282214,0.857282617433,0.857467887006,0.800736329999,0.859045460837,0.883792917746
market_item.xlsx|silk road 3.1|seller_raw:deathangel001||market_item.xlsx|silk road 3.1|seller_raw:elmaestro07,0.956165121185,0.911073210293,0.880276758855,1.000000000000,0.892957462123,0.888641624512
market_item.xlsx|silk road 3.1|seller_raw:derwentstudents10||market_item.xlsx|silk road 3.1|seller_raw:johntrainor554,0.975959829562,0.949507413359,0.905850088970,1.000000000000,0.977939434596,0.895829098802
market_item.xlsx|silk road 3.1|seller_raw:derwentstudents10||market_item.xlsx|silk road 3.1|seller_raw:mrshah,0.920784305215,0.870396399785,0.865161586428,0.817117515366,0.882788320006,0.891805555002
market_item.xlsx|silk road 3.1|seller_raw:dunderchief||market_item.xlsx|silk road 3.1|seller_raw:wood923,0.960151737092,0.923110838322,0.884059571939,1.000000000000,0.926325415110,0.881451680695
market_item.xlsx|silk road 3.1|seller_raw:ecstasy201593||market_item.xlsx|silk road 3.1|seller_raw:matt1493,0.939010337968,0.849307320153,0.846269254802,0.822736983986,0.811148085429,0.919111249267
market_item.xlsx|silk road 3.1|seller_raw:fireball||market_item.xlsx|silk road 3.1|seller_raw:firefighter,0.990833630353,0.976416179146,0.929541895337,0.999019347709,0.980339732059,0.977887426168
market_item.xlsx|silk road 3.1|seller_raw:goblinking0000||market_item.xlsx|silk road 3.1|seller_raw:hidemyass7000,0.953979206678,0.896122749002,0.888318567668,0.916225201696,0.884830144446,0.915703713963
market_item.xlsx|silk road 3.1|seller_raw:hamma1||market_item.xlsx|silk road 3.1|seller_raw:hi5,0.925891640230,0.870436564349,0.857027440858,0.859456789311,0.894227550796,0.833834366494
market_item.xlsx|silk road 3.1|seller_raw:honor||market_item.xlsx|silk road 3.1|seller_raw:joanguy,0.961090278581,0.925642864665,0.894782509017,1.000000000000,0.924953819435,0.903692288612
market_item.xlsx|silk road 3.1|seller_raw:islands3||market_item.xlsx|silk road 3.1|seller_raw:krikrikri,0.933086528481,0.876589500693,0.840027398830,1.000000000000,0.861838858227,0.784157156724
market_item.xlsx|silk road 3.1|seller_raw:jack1111||market_item.xlsx|silk road 3.1|seller_raw:peoplesdrughouse,0.974848469817,0.916881859389,0.901791249494,0.876117699020,0.923128969630,0.968036069603
market_item.xlsx|silk road 3.1|seller_raw:jackie2017||market_item.xlsx|silk road 3.1|seller_raw:junky02,0.931567630039,0.890095807153,0.881659497479,0.827607603921,0.909744512411,0.914785078395
market_item.xlsx|silk road 3.1|seller_raw:jacob077342||market_item.xlsx|silk road 3.1|seller_raw:mandiz,0.933420778050,0.889635062685,0.859167220895,1.000000000000,0.892935522934,0.778917881435
market_item.xlsx|silk road 3.1|seller_raw:kanekyle2016||market_item.xlsx|silk road 3.1|seller_raw:lykalabs,0.956622505579,0.882831766933,0.866634449415,0.935534705336,0.843941209322,0.938414883031
market_item.xlsx|silk road 3.1|seller_raw:karmic01110||market_item.xlsx|silk road 3.1|seller_raw:underdog1955,0.914903809860,0.830511920450,0.811640698254,0.839266528263,0.843265025415,0.820657278153
market_item.xlsx|silk road 3.1|seller_raw:khisknni||market_item.xlsx|silk road 3.1|seller_raw:lookandfind,0.961068740519,0.886810593556,0.880257268559,0.875564635119,0.865466239128,0.960841628534
market_item.xlsx|silk road 3.1|seller_raw:libertasgoods2||market_item.xlsx|silk road 3.1|seller_raw:liberty2goods,0.974165537232,0.923510297904,0.905879068855,0.853814853085,0.956559575651,0.925308742567
market_item.xlsx|silk road 3.1|seller_raw:luckyweed||market_item.xlsx|silk road 3.1|seller_raw:netopeer,0.926103988139,0.865930083565,0.834206227312,1.000000000000,0.837385490978,0.788949352302
market_item.xlsx|silk road 3.1|seller_raw:markjonson||market_item.xlsx|silk road 3.1|seller_raw:wondas500,0.966245256335,0.913597344319,0.877886389936,0.937957102795,0.950020714886,0.894402344543
market_item.xlsx|silk road 3.1|seller_raw:maryjohanna||market_item.xlsx|silk road 3.1|seller_raw:welcuredrugs,0.970990855808,0.916971730975,0.895882590846,0.972225261907,0.930085363877,0.946316398276
market_item.xlsx|silk road 3.1|seller_raw:metou||market_item.xlsx|silk road 3.1|seller_raw:stimple,0.954966970003,0.925584021350,0.892647594265,1.000000000000,0.897406803160,0.927286658233
market_item.xlsx|silk road 3.1|seller_raw:minatuarmike||market_item.xlsx|silk road 3.1|seller_raw:soulpolegiver,0.967846153229,0.917940418875,0.898351028237,0.859337174312,1.000000000000,0.812424501190
market_item.xlsx|silk road 3.1|seller_raw:mutantmass||market_item.xlsx|silk road 3.1|seller_raw:paypaltransfers,0.954865150085,0.902212858852,0.861303086135,1.000000000000,0.827338879143,0.952291366703
market_item.xlsx|silk road 3.1|seller_raw:polinomi2||market_item.xlsx|silk road 3.1|seller_raw:sevomllik,0.927442689855,0.849423815193,0.850515864787,0.874243187002,0.864686719644,0.834271347896
market_item.xlsx|silk road 3.1|seller_raw:salsid||market_item.xlsx|silk road 3.1|seller_raw:sulcud,0.986971503247,0.959184969267,0.917344067731,1.000000000000,0.921634515565,0.992864981204
market_item.xlsx|silk road 3.1|seller_raw:silver12||market_item.xlsx|silk road 3.1|seller_raw:silver13,0.993684569480,0.985909730769,0.930013973700,1.000000000000,0.964774326923,1.000000000000
market_item.xlsx|silk road 3.1|seller_raw:srcrax||market_item.xlsx|silk road 3.1|seller_raw:williethepimp,0.965784596070,0.917848810635,0.901644455733,0.907708822353,0.945658301016,0.895386518982
market_item.xlsx|silk road 3.1|seller_raw:srcrax||market_item.xlsx|silk road 3.1|seller_raw:wood923,0.938432254047,0.876614371407,0.862806333195,0.907708833162,0.894097739930,0.843845862440
market_item.xlsx|silk road 3.1|seller_raw:thedevilsadvocate||market_item.xlsx|silk road 3.1|seller_raw:williethepimp,0.973421739865,0.939109417190,0.905739714648,1.000000000000,0.973016385998,0.895365454093
market_item.xlsx|silk road 3.1|seller_raw:thedevilsadvocate||market_item.xlsx|silk road 3.1|seller_raw:wood923,0.945432702297,0.892753394012,0.864967515371,1.000000000000,0.926227581163,0.824636252750
market_item.xlsx|silk road 3.1|seller_raw:uzy121||market_item.xlsx|silk road 3.1|seller_raw:xuladom,0.947748094250,0.855762146573,0.849150246960,0.879938751633,0.788154829570,0.940511706135
market_item.xlsx|silk road 3.1|seller_raw:williethepimp||market_item.xlsx|silk road 3.1|seller_raw:wood923,0.958263257474,0.927902515042,0.887938379893,1.000000000000,0.948798222503,0.870958065101
market_item.xlsx|tor2door market|seller_raw:mysteryland||market_item.xlsx|versus market|seller_raw:DutchDragonz,0.973905124169,0.925822254458,0.936813010307,0.791181247677,0.979847900069,0.966555664990
market_item.xlsx|versus market|seller_raw:FirebunnyUSA||market_item.xlsx|versus market|seller_raw:Suriv01,0.966576164402,0.937416717066,0.917133808971,0.955091703256,0.923346696384,0.952513163529
market_item.xlsx|versus market|seller_raw:Premierpharma||market_item.xlsx|versus market|seller_raw:stealthmedsuk,0.982044419120,0.959683397130,0.930998321308,0.967509372950,0.974328716401,0.964128138333
market_item.xlsx|versus market|seller_raw:TheBodyShops||market_item.xlsx|vice city|seller_raw:TheBodyShop,0.988863337737,0.958451075250,0.926078142084,0.925006134860,0.981547757931,0.981796683668
market_item.xlsx|versus market|seller_raw:sluts1||market_item.xlsx|vice city|seller_raw:Sluts,0.989364031101,0.967157451876,0.931572483186,0.914264112812,0.967915516806,0.997344749310
market_item.xlsx|vice city|seller_raw:Crazysupplies||market_item.xlsx|vice city|seller_raw:Rudeman,0.955687259600,0.909891296052,0.884008636301,0.939573100694,0.912265234714,0.927073432678
2017-12-05-philipjames11-darknetmarketplacedataagora20142015.xlsx|agora|seller_raw:Kript0x||market_item.xlsx|silk road 3.1|seller_raw:Electronicmen,0.943053548182,0.865786232840,0.859340126466,0.867268543237,0.868910220790,0.861921089690
2017-12-05-philipjames11-darknetmarketplacedataagora20142015.xlsx|agora|seller_raw:Kript0x||market_item.xlsx|silk road 3.1|seller_raw:junior533,0.962249707057,0.894893684664,0.876462129916,0.867268543237,0.903847148894,0.902912581528
2017-12-05-philipjames11-darknetmarketplacedataagora20142015.xlsx|agora|seller_raw:Ray Ban RB4175 Flash Lenses Sunglasses Replica鈼? 鈽?For whom(M/F): Unisex  鈽?Color: 鈽咶rame: Brown | Lens: Brown   鈽?Description: This Ray Ban RB4175 Flash Lenses Sunglasses Replica are 1:1  ...||2017-12-05-philipjames11-darknetmarketplacedataagora20142015.xlsx|agora|seller_raw:ce DefQon Partyflock Mortal Kombat  Green Android Yellow Bullet   Yel ...,0.896395969675,0.961286817651,0.856372233455,0.961286817651,0.961286817651,0.961286817651
2017-12-05-philipjames11-darknetmarketplacedataagora20142015.xlsx|agora|seller_raw:XanaxKing||market_item.xlsx|apollon market|seller_raw:rxbp (100%),0.959000201497,0.896269248515,0.882861769306,0.885979345778,0.954545470927,0.791635561851
2017-12-05-philipjames11-darknetmarketplacedataagora20142015.xlsx|agora|seller_raw:steveohjo||market_item.xlsx|silk road 3.1|seller_raw:DagobertHansa,0.920522282145,0.846207480387,0.841377031900,0.862591535632,0.862143247177,0.822273794656
2017-12-05-philipjames11-darknetmarketplacedataagora20142015.xlsx|agora|seller_raw:steveohjo||market_item.xlsx|silk road 3.1|seller_raw:DirtyPop,0.918916237027,0.845663895008,0.836167300771,0.845375093660,0.861219836387,0.830252354302
market_item.xlsx|Cartel|seller_raw:AUSXXX||market_item.xlsx|darkfox market|seller_raw:ausx,0.996065131709,0.988291377757,0.946417077156,0.981797819055,0.987945058753,0.995601219266
market_item.xlsx|Cartel|seller_raw:Thuggakingshop||market_item.xlsx|Cartel|seller_raw:flame76,0.972831752841,0.940274005771,0.918667307835,0.968087392384,0.948181848359,0.954787057385
market_item.xlsx|Cartel|seller_raw:Thuggakingshop||market_item.xlsx|darkfox market|seller_raw:High00,0.974745557245,0.956047551520,0.935426048084,0.962356826351,0.969897463241,0.955511647166
market_item.xlsx|Cartel|seller_raw:Thuggakingshop||market_item.xlsx|darkfox market|seller_raw:Thuggaking54,0.980021317218,0.954396912632,0.935478357563,0.950264421331,0.974202969414,0.958777497296
market_item.xlsx|Cartel|seller_raw:carder||market_item.xlsx|apollon market|seller_raw:voldemort999 (100%),0.983422390186,0.957118521357,0.929112037884,0.983485922152,0.942923269940,0.968853280693
market_item.xlsx|Cartel|seller_raw:flame76||market_item.xlsx|darkfox market|seller_raw:Thuggaking54,0.978058084860,0.944660010031,0.916085003958,0.968736204040,0.948596539764,0.964116556792
market_item.xlsx|Cartel|seller_raw:winamax||market_item.xlsx|tor2door market|seller_raw:trusteelucky,0.984687824177,0.939984427054,0.936422163926,0.802093750463,0.977955654860,0.985207969975
market_item.xlsx|Lime|seller_raw:Budboos||market_item.xlsx|Lime|seller_raw:DOSEPLUGS,0.985552342090,0.931102185403,0.914600880035,0.879366256097,0.960802580924,0.978143312546
market_item.xlsx|Lime|seller_raw:darkangel||market_item.xlsx|darkfox market|seller_raw:pure,0.984201642337,0.954378918677,0.910534931229,0.958430456866,0.958629394449,0.979073210080
market_item.xlsx|Lime|seller_raw:globex||market_item.xlsx|Lime|seller_raw:programmers,0.962238545944,0.931897924022,0.899174256591,0.963087614077,0.944216428571,0.942540264963
market_item.xlsx|Lime|seller_raw:globex||market_item.xlsx|agartha market|seller_raw:Thegoatman,0.977807581637,0.896211566502,0.903905307770,0.862945984324,0.876587735397,0.970229154282
market_item.xlsx|Lime|seller_raw:globex||market_item.xlsx|agartha market|seller_raw:lizardpro,0.960759390043,0.896247103133,0.891997913248,0.830117369848,0.924489814430,0.937094495914
market_item.xlsx|Lime|seller_raw:goodfellass||market_item.xlsx|darkfox market|seller_raw:Aliancepro,0.976981478921,0.931197468768,0.921854315714,0.894414497744,0.941268380125,0.967515352735
market_item.xlsx|Lime|seller_raw:programmers||market_item.xlsx|agartha market|seller_raw:lizardpro,0.993145019471,0.936332481126,0.936796539062,0.866282726263,0.953108565951,0.992208393471
market_item.xlsx|agartha market|seller_raw:Hawanegroup2010||market_item.xlsx|agartha market|seller_raw:spidergroup,0.974665708686,0.932049744488,0.916405483494,0.970695778757,0.924975923313,0.959035844369
market_item.xlsx|agartha market|seller_raw:Thegoatman||market_item.xlsx|apollon market|seller_raw:kingslord (100%),0.948888590409,0.889099948833,0.896525390892,0.889432215564,0.864712919576,0.948633407146
market_item.xlsx|agartha market|seller_raw:baileythom||market_item.xlsx|agartha market|seller_raw:everready,0.983271245301,0.941531440745,0.910557231001,0.985618524951,0.933379091399,0.974076282999
market_item.xlsx|agartha market|seller_raw:blueheavens||market_item.xlsx|agartha market|seller_raw:lizardpro,0.971747933489,0.905253439725,0.910056662870,0.851006184280,0.910568212792,0.966887289748
market_item.xlsx|agartha market|seller_raw:blueheavens||market_item.xlsx|vice city|seller_raw:Caracolcartel,0.979282381191,0.925956001506,0.916146254219,0.872488562978,0.930713771533,0.975678578933
market_item.xlsx|agartha market|seller_raw:lizardpro||market_item.xlsx|apollon market|seller_raw:kingslord (100%),0.990602937637,0.945456472129,0.936896664096,0.891337109936,0.959655806707,0.987731184777
market_item.xlsx|apollon market|seller_raw:The_Scurvy_Crew (88%)||market_item.xlsx|apollon market|seller_raw:danhash (96%),0.982533928892,0.953889681938,0.919903903581,0.997219054217,0.944662310435,0.975396809016
market_item.xlsx|apollon market|seller_raw:bluebeer (75%)||market_item.xlsx|cypher market|seller_raw:globalstims,0.981320125768,0.930114479948,0.915577056998,0.908689747370,0.955211241230,0.967205743075
market_item.xlsx|apollon market|seller_raw:bluebeer (75%)||market_item.xlsx|vice city|seller_raw:Globalstims,0.980305122648,0.936537321202,0.918593657375,0.907652274456,0.961333981863,0.972958530003
market_item.xlsx|apollon market|seller_raw:shorestore (100%)||market_item.xlsx|dark0de|seller_raw:sstore,0.978457147009,0.927812100128,0.900466146563,0.924418028430,0.969797921619,0.935112233009
market_item.xlsx|apollon market|seller_raw:twinkle (96%)||market_item.xlsx|darkfox market|seller_raw:trusteelucky,0.988425983573,0.944177369228,0.931506207290,0.949621584791,0.950526467269,0.986616540928
market_item.xlsx|dark0de|seller_raw:hunterbiden||market_item.xlsx|versus market|seller_raw:Hunterbiden666,0.995031439600,0.974820522677,0.925959971877,0.961968014323,0.996341642000,0.978624471948
market_item.xlsx|dark0de|seller_raw:justpornstore||market_item.xlsx|darkfox market|seller_raw:Justporn,0.976407197698,0.929396031594,0.913822493117,0.820339838862,0.970321322685,0.967043083967
market_item.xlsx|dark0de|seller_raw:sstore||market_item.xlsx|darkfox market|seller_raw:Shorestore,0.992148828583,0.969554197349,0.932209425910,0.951900003468,0.976278433791,0.986482585538
market_item.xlsx|dark0de|seller_raw:sstore||market_item.xlsx|vice city|seller_raw:Shorestore,0.991504163294,0.961053584671,0.933728087317,0.896227188355,0.970284390470,0.989722427861
market_item.xlsx|darkfox market|seller_raw:CARDVENDOR||market_item.xlsx|darkfox market|seller_raw:soluctionman,0.974775636969,0.929077250329,0.918847543451,0.900184245099,0.942612537024,0.974147076332
market_item.xlsx|darkfox market|seller_raw:High00||market_item.xlsx|darkfox market|seller_raw:Thuggaking54,0.975185261704,0.951775012176,0.928863191815,0.961970664390,0.964356854291,0.955891536713
market_item.xlsx|darkfox market|seller_raw:Queen||market_item.xlsx|vice city|seller_raw:JustPorn,0.968462862622,0.922240626043,0.911419630431,0.862767952669,0.950275049923,0.947353476216
market_item.xlsx|darkfox market|seller_raw:everready||market_item.xlsx|darkfox market|seller_raw:lifebotoxshop,0.984524020939,0.940771173201,0.912207418705,0.953086310117,0.941325339027,0.973013177804
market_item.xlsx|darkfox market|seller_raw:lifebotoxshop||market_item.xlsx|darkfox market|seller_raw:soluctionman,0.982528655238,0.948380091853,0.920213751732,0.990898384052,0.941774348195,0.976892054895
market_item.xlsx|darkfox market|seller_raw:pure||market_item.xlsx|darkfox market|seller_raw:trusteelucky,0.992552573328,0.945679447813,0.930210451534,0.911444150959,0.958065433923,0.993059353632
market_item.xlsx|silk road 3.1|seller_raw:Ahero||market_item.xlsx|silk road 3.1|seller_raw:Bnnemannen,1.000000000000,1.000000000000,0.939310429938,1.000000000000,1.000000000000,1.000000000000
market_item.xlsx|silk road 3.1|seller_raw:Ahero||market_item.xlsx|silk road 3.1|seller_raw:FABIUS007,1.000000000000,1.000000000000,0.939310424291,1.000000000000,1.000000000000,1.000000000000
market_item.xlsx|silk road 3.1|seller_raw:Ahero||market_item.xlsx|silk road 3.1|seller_raw:HighQaulityTrip,1.000000000000,1.000000000000,0.939310458217,1.000000000000,1.000000000000,1.000000000000
market_item.xlsx|silk road 3.1|seller_raw:Ahero||market_item.xlsx|silk road 3.1|seller_raw:TheExpansionsLevande,1.000000000000,1.000000000000,0.939310463864,1.000000000000,1.000000000000,1.000000000000
market_item.xlsx|silk road 3.1|seller_raw:Ahero||market_item.xlsx|silk road 3.1|seller_raw:asimpleuser,0.988217530602,0.957309899387,0.924710246003,0.829239597547,1.000000000000,1.000000000000
market_item.xlsx|silk road 3.1|seller_raw:Ahero||market_item.xlsx|silk road 3.1|seller_raw:camelstate,0.952673093727,0.906056494709,0.878157228896,0.874768711556,1.000000000000,0.749457267280
market_item.xlsx|silk road 3.1|seller_raw:Ahero||market_item.xlsx|silk road 3.1|seller_raw:caug,0.973565384311,0.910364512631,0.893087790472,0.826956795218,1.000000000000,0.814501255306
market_item.xlsx|silk road 3.1|seller_raw:Ahero||market_item.xlsx|silk road 3.1|seller_raw:fluxay,1.000000000000,1.000000000000,0.939310463864,1.000000000000,1.000000000000,1.000000000000
market_item.xlsx|silk road 3.1|seller_raw:Ahero||market_item.xlsx|silk road 3.1|seller_raw:janmolen,1.000000000000,1.000000000000,0.939310441254,1.000000000000,1.000000000000,1.000000000000
market_item.xlsx|silk road 3.1|seller_raw:Ahero||market_item.xlsx|silk road 3.1|seller_raw:johnsenasss666,1.000000000000,1.000000000000,0.939310429938,1.000000000000,1.000000000000,1.000000000000
market_item.xlsx|silk road 3.1|seller_raw:Ahero||market_item.xlsx|silk road 3.1|seller_raw:oabelkwow,0.943323370965,0.900634123365,0.865953239727,0.893110049711,0.856090588597,1.000000000000
market_item.xlsx|silk road 3.1|seller_raw:Ahero||market_item.xlsx|silk road 3.1|seller_raw:t2delrosario2,0.938034873910,0.889759245303,0.846904344910,1.000000000000,0.779518490607,1.000000000000
market_item.xlsx|silk road 3.1|seller_raw:Bnnemannen||market_item.xlsx|silk road 3.1|seller_raw:FABIUS007,1.000000000000,1.000000000000,0.939310412976,1.000000000000,1.000000000000,1.000000000000
market_item.xlsx|silk road 3.1|seller_raw:Bnnemannen||market_item.xlsx|silk road 3.1|seller_raw:HighQaulityTrip,1.000000000000,1.000000000000,0.939310446901,1.000000000000,1.000000000000,1.000000000000
market_item.xlsx|silk road 3.1|seller_raw:Bnnemannen||market_item.xlsx|silk road 3.1|seller_raw:TheExpansionsLevande,1.000000000000,1.000000000000,0.939310452549,1.000000000000,1.000000000000,1.000000000000
market_item.xlsx|silk road 3.1|seller_raw:Bnnemannen||market_item.xlsx|silk road 3.1|seller_raw:asimpleuser,0.988217530527,0.957309899387,0.924710235133,0.829239597547,1.000000000000,1.000000000000
market_item.xlsx|silk road 3.1|seller_raw:Bnnemannen||market_item.xlsx|silk road 3.1|seller_raw:camelstate,0.952673090186,0.906056489747,0.878157214851,0.874768711556,1.000000000000,0.749457247432
market_item.xlsx|silk road 3.1|seller_raw:Bnnemannen||market_item.xlsx|silk road 3.1|seller_raw:caug,0.973565381556,0.910364506329,0.893087775119,0.826956795218,1.000000000000,0.814501230098
market_item.xlsx|silk road 3.1|seller_raw:Bnnemannen||market_item.xlsx|silk road 3.1|seller_raw:fluxay,1.000000000000,1.000000000000,0.939310452549,1.000000000000,1.000000000000,1.000000000000
market_item.xlsx|silk road 3.1|seller_raw:Bnnemannen||market_item.xlsx|silk road 3.1|seller_raw:janmolen,1.000000000000,1.000000000000,0.939310429938,1.000000000000,1.000000000000,1.000000000000
market_item.xlsx|silk road 3.1|seller_raw:Bnnemannen||market_item.xlsx|silk road 3.1|seller_raw:johnsenasss666,1.000000000000,1.000000000000,0.939310418623,1.000000000000,1.000000000000,1.000000000000
market_item.xlsx|silk road 3.1|seller_raw:Bnnemannen||market_item.xlsx|silk road 3.1|seller_raw:oabelkwow,0.943323370366,0.900634125024,0.865953229782,0.893110049711,0.856090591099,1.000000000000
market_item.xlsx|silk road 3.1|seller_raw:Bnnemannen||market_item.xlsx|silk road 3.1|seller_raw:t2delrosario2,0.938034874384,0.889759246373,0.846904335399,1.000000000000,0.779518492746,1.000000000000
market_item.xlsx|silk road 3.1|seller_raw:DUTCHXMDMA0||market_item.xlsx|silk road 3.1|seller_raw:MollyMadness,0.978337327177,0.943915412180,0.918611140169,0.922390086148,0.953979286154,0.954454417019
market_item.xlsx|silk road 3.1|seller_raw:DUTCHXMDMA0||market_item.xlsx|silk road 3.1|seller_raw:PartySupplies,0.975894810756,0.939181151466,0.914499258729,0.971076540371,0.942166856296,0.932006009737
market_item.xlsx|silk road 3.1|seller_raw:DagobertHansa||market_item.xlsx|silk road 3.1|seller_raw:DirtyPop,0.915231425951,0.823086416796,0.818909675295,0.798108666738,0.848712857264,0.810139936226
market_item.xlsx|silk road 3.1|seller_raw:DutchXMDMAX||market_item.xlsx|silk road 3.1|seller_raw:MollyMadness,0.974417275141,0.933255367457,0.911339143504,0.935254799691,0.933810036972,0.940548910908
market_item.xlsx|silk road 3.1|seller_raw:DutchXMDMAX||market_item.xlsx|silk road 3.1|seller_raw:PartySupplies,0.979090432041,0.934175730524,0.916313109475,0.917332131154,0.947854655726,0.937257208715
market_item.xlsx|silk road 3.1|seller_raw:Electronicmen||market_item.xlsx|silk road 3.1|seller_raw:junior533,0.952745242539,0.904375421148,0.875914194083,1.000000000000,0.868733436515,0.895338402680
market_item.xlsx|silk road 3.1|seller_raw:FABIUS007||market_item.xlsx|silk road 3.1|seller_raw:HighQaulityTrip,1.000000000000,1.000000000000,0.939310441254,1.000000000000,1.000000000000,1.000000000000
market_item.xlsx|silk road 3.1|seller_raw:FABIUS007||market_item.xlsx|silk road 3.1|seller_raw:TheExpansionsLevande,1.000000000000,1.000000000000,0.939310446901,1.000000000000,1.000000000000,1.000000000000
market_item.xlsx|silk road 3.1|seller_raw:FABIUS007||market_item.xlsx|silk road 3.1|seller_raw:asimpleuser,0.988217531150,0.957309899387,0.924710229486,0.829239597547,1.000000000000,1.000000000000
market_item.xlsx|silk road 3.1|seller_raw:FABIUS007||market_item.xlsx|silk road 3.1|seller_raw:camelstate,0.952673092930,0.906056494709,0.878157212005,0.874768711556,1.000000000000,0.749457267280
market_item.xlsx|silk road 3.1|seller_raw:FABIUS007||market_item.xlsx|silk road 3.1|seller_raw:caug,0.973565383038,0.910364512631,0.893087772097,0.826956795218,1.000000000000,0.814501255306
market_item.xlsx|silk road 3.1|seller_raw:FABIUS007||market_item.xlsx|silk road 3.1|seller_raw:fluxay,1.000000000000,1.000000000000,0.939310446901,1.000000000000,1.000000000000,1.000000000000
market_item.xlsx|silk road 3.1|seller_raw:FABIUS007||market_item.xlsx|silk road 3.1|seller_raw:janmolen,1.000000000000,1.000000000000,0.939310424291,1.000000000000,1.000000000000,1.000000000000
market_item.xlsx|silk road 3.1|seller_raw:FABIUS007||market_item.xlsx|silk road 3.1|seller_raw:johnsenasss666,1.000000000000,1.000000000000,0.939310412976,1.000000000000,1.000000000000,1.000000000000
market_item.xlsx|silk road 3.1|seller_raw:FABIUS007||market_item.xlsx|silk road 3.1|seller_raw:t2delrosario2,0.938034875443,0.889759246373,0.846904331530,1.000000000000,0.779518492746,1.000000000000
market_item.xlsx|silk road 3.1|seller_raw:HighQaulityTrip||market_item.xlsx|silk road 3.1|seller_raw:TheExpansionsLevande,1.000000000000,1.000000000000,0.939310480827,1.000000000000,1.000000000000,1.000000000000
market_item.xlsx|silk road 3.1|seller_raw:HighQaulityTrip||market_item.xlsx|silk road 3.1|seller_raw:asimpleuser,0.988217530054,0.957309899387,0.924710262520,0.829239597547,1.000000000000,1.000000000000
market_item.xlsx|silk road 3.1|seller_raw:HighQaulityTrip||market_item.xlsx|silk road 3.1|seller_raw:camelstate,0.952673094523,0.906056494709,0.878157245786,0.874768711556,1.000000000000,0.749457267280
market_item.xlsx|silk road 3.1|seller_raw:HighQaulityTrip||market_item.xlsx|silk road 3.1|seller_raw:caug,0.973565385584,0.910364512631,0.893087808847,0.826956795218,1.000000000000,0.814501255306
market_item.xlsx|silk road 3.1|seller_raw:HighQaulityTrip||market_item.xlsx|silk road 3.1|seller_raw:fluxay,1.000000000000,1.000000000000,0.939310480827,1.000000000000,1.000000000000,1.000000000000
market_item.xlsx|silk road 3.1|seller_raw:HighQaulityTrip||market_item.xlsx|silk road 3.1|seller_raw:janmolen,1.000000000000,1.000000000000,0.939310458217,1.000000000000,1.000000000000,1.000000000000
market_item.xlsx|silk road 3.1|seller_raw:HighQaulityTrip||market_item.xlsx|silk road 3.1|seller_raw:johnsenasss666,1.000000000000,1.000000000000,0.939310446901,1.000000000000,1.000000000000,1.000000000000
market_item.xlsx|silk road 3.1|seller_raw:HighQaulityTrip||market_item.xlsx|silk road 3.1|seller_raw:t2delrosario2,0.938034872378,0.889759244233,0.846904358290,1.000000000000,0.779518488467,1.000000000000
market_item.xlsx|silk road 3.1|seller_raw:Kiros666||market_item.xlsx|silk road 3.1|seller_raw:hitler123,0.973606770353,1.000000000000,0.889691062777,1.000000000000,1.000000000000,1.000000000000
market_item.xlsx|silk road 3.1|seller_raw:Kiros666||market_item.xlsx|silk road 3.1|seller_raw:mcpickles,0.952591737729,0.906328262251,0.867129319438,0.853814840476,1.000000000000,0.769451502767
market_item.xlsx|silk road 3.1|seller_raw:Micheal555||market_item.xlsx|silk road 3.1|seller_raw:Mrroxy,0.968658147569,0.918029157675,0.893598427228,0.971801254999,0.970334650514,0.880102833657
market_item.xlsx|silk road 3.1|seller_raw:Micheal555||market_item.xlsx|silk road 3.1|seller_raw:ssdsolution,0.957206266219,0.900262503498,0.881144819747,0.945439661912,0.928232811581,0.904967186264
market_item.xlsx|silk road 3.1|seller_raw:Mrroxy||market_item.xlsx|silk road 3.1|seller_raw:bodypartsguy,0.912688881878,0.840137578462,0.831247494086,0.819970918268,0.805381370037,0.894664162979
market_item.xlsx|silk road 3.1|seller_raw:Mrroxy||market_item.xlsx|silk road 3.1|seller_raw:fastsupplies,0.964645660436,0.912860489522,0.891865433684,0.939662864565,0.954612165927,0.877167091300
market_item.xlsx|silk road 3.1|seller_raw:Mrroxy||market_item.xlsx|silk road 3.1|seller_raw:gennexlabs,0.969796181615,0.914759742993,0.891861284744,0.947384270169,0.949438495176,0.894664162979
market_item.xlsx|silk road 3.1|seller_raw:Mrroxy||market_item.xlsx|silk road 3.1|seller_raw:tatachemicals,0.946336034821,0.870058329676,0.860753718145,0.869673473432,0.878786964370,0.884849681654
market_item.xlsx|silk road 3.1|seller_raw:Qwerty8520||market_item.xlsx|silk road 3.1|seller_raw:lomskipystinqk,0.962365826082,0.912795606877,0.862364246000,1.000000000000,1.000000000000,0.794970286689
market_item.xlsx|silk road 3.1|seller_raw:Qwerty8520||market_item.xlsx|silk road 3.1|seller_raw:mcpickles,0.967493962036,0.943214343816,0.879557203828,1.000000000000,1.000000000000,0.772857375267
market_item.xlsx|silk road 3.1|seller_raw:TheExpansionsLevande||market_item.xlsx|silk road 3.1|seller_raw:asimpleuser,0.988217529431,0.957309899387,0.924710268168,0.829239597547,1.000000000000,1.000000000000
market_item.xlsx|silk road 3.1|seller_raw:TheExpansionsLevande||market_item.xlsx|silk road 3.1|seller_raw:camelstate,0.952673091779,0.906056489747,0.878157248631,0.874768711556,1.000000000000,0.749457247432
market_item.xlsx|silk road 3.1|seller_raw:TheExpansionsLevande||market_item.xlsx|silk road 3.1|seller_raw:caug,0.973565384103,0.910364506329,0.893087811869,0.826956795218,1.000000000000,0.814501230098
market_item.xlsx|silk road 3.1|seller_raw:TheExpansionsLevande||market_item.xlsx|silk road 3.1|seller_raw:fluxay,1.000000000000,1.000000000000,0.939310486475,1.000000000000,1.000000000000,1.000000000000
market_item.xlsx|silk road 3.1|seller_raw:TheExpansionsLevande||market_item.xlsx|silk road 3.1|seller_raw:janmolen,1.000000000000,1.000000000000,0.939310463864,1.000000000000,1.000000000000,1.000000000000
market_item.xlsx|silk road 3.1|seller_raw:TheExpansionsLevande||market_item.xlsx|silk road 3.1|seller_raw:johnsenasss666,1.000000000000,1.000000000000,0.939310452549,1.000000000000,1.000000000000,1.000000000000
market_item.xlsx|silk road 3.1|seller_raw:TheExpansionsLevande||market_item.xlsx|silk road 3.1|seller_raw:t2delrosario2,0.938034871320,0.889759244233,0.846904362159,1.000000000000,0.779518488467,1.000000000000
market_item.xlsx|silk road 3.1|seller_raw:allsupplies||market_item.xlsx|silk road 3.1|seller_raw:bodypartsguy,0.950313203998,0.874165231671,0.858586197609,0.825417757608,0.816805266736,0.977667379881
market_item.xlsx|silk road 3.1|seller_raw:allsupplies||market_item.xlsx|silk road 3.1|seller_raw:goldguy,0.950679658220,0.879872354540,0.857973944108,0.862996386283,0.813177327841,0.977667379881
market_item.xlsx|silk road 3.1|seller_raw:amazon8888||market_item.xlsx|silk road 3.1|seller_raw:jason9988,0.982990602307,0.941051563160,0.903120403954,0.964639249330,0.942625036658,0.970353825865
market_item.xlsx|silk road 3.1|seller_raw:asimpleuser||market_item.xlsx|silk road 3.1|seller_raw:camelstate,0.942356515557,0.892705460153,0.869945645195,0.821364573330,1.000000000000,0.749457267280
market_item.xlsx|silk road 3.1|seller_raw:asimpleuser||market_item.xlsx|silk road 3.1|seller_raw:caug,0.970397804448,0.906093774224,0.891301271679,0.809873841588,1.000000000000,0.814501255306
market_item.xlsx|silk road 3.1|seller_raw:asimpleuser||market_item.xlsx|silk road 3.1|seller_raw:fluxay,0.988217529431,0.957309899387,0.924710268168,0.829239597547,1.000000000000,1.000000000000
market_item.xlsx|silk road 3.1|seller_raw:asimpleuser||market_item.xlsx|silk road 3.1|seller_raw:janmolen,0.988217530602,0.957309899387,0.924710246003,0.829239597547,1.000000000000,1.000000000000
market_item.xlsx|silk road 3.1|seller_raw:asimpleuser||market_item.xlsx|silk road 3.1|seller_raw:johnsenasss666,0.988217530527,0.957309899387,0.924710235133,0.829239597547,1.000000000000,1.000000000000
market_item.xlsx|silk road 3.1|seller_raw:asimpleuser||market_item.xlsx|silk road 3.1|seller_raw:t2delrosario2,0.920956053955,0.847069145760,0.829339068237,0.829239597547,0.779518492746,1.000000000000
market_item.xlsx|silk road 3.1|seller_raw:bodypartsguy||market_item.xlsx|silk road 3.1|seller_raw:goldguy,0.959236649216,0.896722401047,0.871175586864,0.862470093508,0.810967359018,1.000000000000
market_item.xlsx|silk road 3.1|seller_raw:bodypartsguy||market_item.xlsx|silk road 3.1|seller_raw:ssdsolution,0.905440707248,0.822481448326,0.820376411302,0.809660368420,0.831222659200,0.838438916638
market_item.xlsx|silk road 3.1|seller_raw:c3c3c3||market_item.xlsx|silk road 3.1|seller_raw:hitler123,0.925036512867,0.860650530613,0.828577534654,0.916818952415,0.834016990842,0.860650530613
market_item.xlsx|silk road 3.1|seller_raw:c3c3c3||market_item.xlsx|silk road 3.1|seller_raw:lomskipystinqk,0.921088847528,0.804735964998,0.814158100436,0.814630843612,0.834016990842,0.747487820035
market_item.xlsx|silk road 3.1|seller_raw:c3c3c3||market_item.xlsx|silk road 3.1|seller_raw:mcpickles,0.925824829662,0.869940871582,0.829324985724,0.814630843612,0.834016999487,1.000000000000
market_item.xlsx|silk road 3.1|seller_raw:c3c3c3||market_item.xlsx|silk road 3.1|seller_raw:vartanxd,0.913283065668,0.838880801208,0.831540401751,0.900277242375,0.851423270730,0.755196516687
market_item.xlsx|silk road 3.1|seller_raw:caug||market_item.xlsx|silk road 3.1|seller_raw:fluxay,0.973565384103,0.910364506329,0.893087811869,0.826956795218,1.000000000000,0.814501230098
market_item.xlsx|silk road 3.1|seller_raw:caug||market_item.xlsx|silk road 3.1|seller_raw:janmolen,0.973565384311,0.910364512631,0.893087790472,0.826956795218,1.000000000000,0.814501255306
market_item.xlsx|silk road 3.1|seller_raw:caug||market_item.xlsx|silk road 3.1|seller_raw:johnsenasss666,0.973565381556,0.910364506329,0.893087775119,0.826956795218,1.000000000000,0.814501230098
market_item.xlsx|silk road 3.1|seller_raw:caug||market_item.xlsx|silk road 3.1|seller_raw:t2delrosario2,0.924015863955,0.800123752702,0.816998268448,0.826956795218,0.779518492746,0.814501230098
market_item.xlsx|silk road 3.1|seller_raw:dorado||market_item.xlsx|silk road 3.1|seller_raw:jason9988,0.945388903387,0.874902127876,0.866904280955,0.847379998911,0.902783279455,0.902920355778
market_item.xlsx|silk road 3.1|seller_raw:fastsupplies||market_item.xlsx|silk road 3.1|seller_raw:gennexlabs,0.982941336385,0.948461122645,0.909677539852,0.929060035790,0.955823427422,0.977667379881
market_item.xlsx|silk road 3.1|seller_raw:fastsupplies||market_item.xlsx|silk road 3.1|seller_raw:tatachemicals,0.973411746228,0.920446411320,0.889389892036,0.913168701531,0.881401755720,0.986268284620
market_item.xlsx|silk road 3.1|seller_raw:fluxay||market_item.xlsx|silk road 3.1|seller_raw:janmolen,1.000000000000,1.000000000000,0.939310463864,1.000000000000,1.000000000000,1.000000000000
market_item.xlsx|silk road 3.1|seller_raw:fluxay||market_item.xlsx|silk road 3.1|seller_raw:johnsenasss666,1.000000000000,1.000000000000,0.939310452549,1.000000000000,1.000000000000,1.000000000000
market_item.xlsx|silk road 3.1|seller_raw:fluxay||market_item.xlsx|silk road 3.1|seller_raw:oabelkwow,0.943323369169,0.900634122526,0.865953259236,0.893110049711,0.856090586095,1.000000000000
market_item.xlsx|silk road 3.1|seller_raw:fluxay||market_item.xlsx|silk road 3.1|seller_raw:t2delrosario2,0.938034871320,0.889759244233,0.846904362159,1.000000000000,0.779518488467,1.000000000000
market_item.xlsx|silk road 3.1|seller_raw:gennexlabs||market_item.xlsx|silk road 3.1|seller_raw:tatachemicals,0.970186053275,0.910964629378,0.882947695042,0.886731280453,0.891230197382,0.979878598688
market_item.xlsx|silk road 3.1|seller_raw:gunguy||market_item.xlsx|silk road 3.1|seller_raw:shilpameds,0.930298881821,0.869703237980,0.834801608118,0.915039454660,0.836465171721,0.916897444681
market_item.xlsx|silk road 3.1|seller_raw:gunguy||market_item.xlsx|silk road 3.1|seller_raw:tatachemicals,0.917553894485,0.837918047712,0.818364769285,0.903996963227,0.816424404146,0.857530041577
market_item.xlsx|silk road 3.1|seller_raw:hitler123||market_item.xlsx|silk road 3.1|seller_raw:lomskipystinqk,0.963544349320,0.951271613492,0.869309126266,0.853814840476,1.000000000000,0.951271613492
market_item.xlsx|silk road 3.1|seller_raw:hitler123||market_item.xlsx|silk road 3.1|seller_raw:mcpickles,0.976462293577,0.951271613492,0.888541929983,0.853814840476,1.000000000000,0.951271613492
market_item.xlsx|silk road 3.1|seller_raw:hitler123||market_item.xlsx|silk road 3.1|seller_raw:mekla,0.953505023608,0.946997491611,0.867275343981,0.840992474833,1.000000000000,0.946997491611
market_item.xlsx|silk road 3.1|seller_raw:hitler123||market_item.xlsx|silk road 3.1|seller_raw:silenkiller001,0.949971797203,0.947664563762,0.867746260666,0.842993691285,1.000000000000,0.947664563762
market_item.xlsx|silk road 3.1|seller_raw:hitler123||market_item.xlsx|silk road 3.1|seller_raw:vartanxd,0.900230468379,0.852540843618,0.828820111508,0.864781588394,0.849147286114,0.852540843618
market_item.xlsx|silk road 3.1|seller_raw:janmolen||market_item.xlsx|silk road 3.1|seller_raw:johnsenasss666,1.000000000000,1.000000000000,0.939310429938,1.000000000000,1.000000000000,1.000000000000
market_item.xlsx|silk road 3.1|seller_raw:janmolen||market_item.xlsx|silk road 3.1|seller_raw:t2delrosario2,0.938034873910,0.889759245303,0.846904344910,1.000000000000,0.779518490607,1.000000000000
market_item.xlsx|silk road 3.1|seller_raw:johnsenasss666||market_item.xlsx|silk road 3.1|seller_raw:t2delrosario2,0.938034874384,0.889759246373,0.846904335399,1.000000000000,0.779518492746,1.000000000000
market_item.xlsx|silk road 3.1|seller_raw:lomskipystinqk||market_item.xlsx|silk road 3.1|seller_raw:mcpickles,0.965238586520,0.934795088783,0.875982437804,1.000000000000,1.000000000000,0.747487791995
market_item.xlsx|silk road 3.1|seller_raw:lomskipystinqk||market_item.xlsx|silk road 3.1|seller_raw:onionsxxx,0.963987082503,0.905316765036,0.867358964937,0.859456773879,1.000000000000,0.850492578451
market_item.xlsx|silk road 3.1|seller_raw:mcpickles||market_item.xlsx|silk road 3.1|seller_raw:mekla,0.948328469026,0.898776410245,0.862000707915,0.841415787141,1.000000000000,0.753689853840
market_item.xlsx|silk road 3.1|seller_raw:mcpickles||market_item.xlsx|silk road 3.1|seller_raw:onionsxxx,0.954776674251,0.904453565690,0.870005105935,0.859456773879,1.000000000000,0.762937963560
market_item.xlsx|silk road 3.1|seller_raw:mcpickles||market_item.xlsx|silk road 3.1|seller_raw:silenkiller001,0.949919529053,0.903704786335,0.865762401569,0.865611326746,1.000000000000,0.749207818596
market_item.xlsx|silk road 3.1|seller_raw:mcpickles||market_item.xlsx|silk road 3.1|seller_raw:vartanxd,0.889121163508,0.819442573678,0.815504023952,0.829732869915,0.849147293733,0.755196489163
market_item.xlsx|silk road 3.1|seller_raw:shilpameds||market_item.xlsx|silk road 3.1|seller_raw:tatachemicals,0.942381524838,0.868450841243,0.842057777216,0.911660663581,0.880153516978,0.865309017844
market_item.xlsx|tor2door market|seller_raw:JustPorn||market_item.xlsx|vice city|seller_raw:Queen,0.969960473668,0.919463404344,0.904946101259,0.823907445297,0.964790901007,0.948975806311
market_item.xlsx|tor2door market|seller_raw:doctorupper||market_item.xlsx|vice city|seller_raw:Globalstims,0.979794354062,0.917849028174,0.915004945228,0.776581907876,0.988536335002,0.960371136575
market_item.xlsx|tor2door market|seller_raw:hudson||market_item.xlsx|vice city|seller_raw:Thuggaking54,0.971256598306,0.922958961770,0.925838944748,0.787789158355,0.970723940165,0.957116959170
market_item.xlsx|versus market|seller_raw:Hunterbiden666||market_item.xlsx|vice city|seller_raw:Hunterbiden,0.993477664351,0.974077257952,0.914963384260,0.906367492222,0.997350956686,0.991789175873
market_item.xlsx|Cartel|seller_raw:FedEx||market_item.xlsx|vice city|seller_raw:KitKat,0.967945019780,0.936289873237,0.927737529044,0.929986150859,0.909876376655,0.972695723828
market_item.xlsx|Cartel|seller_raw:Lucky7||market_item.xlsx|silk road 3.1|seller_raw:KingKongNL,0.967052733790,0.929875358977,0.924514923319,0.928604641266,0.942129642222,0.922298013127
market_item.xlsx|Cartel|seller_raw:Muankum12||market_item.xlsx|darkfox market|seller_raw:ThaKingDadpop,0.989151170770,0.972174354419,0.949290145178,0.965090562398,0.982758441044,0.983288536955
market_item.xlsx|Cartel|seller_raw:PsychedelicaShop||market_item.xlsx|darkfox market|seller_raw:Psychedelica,0.996788470520,0.983501525611,0.960216412900,0.971594997027,0.981014663434,0.997421058971
market_item.xlsx|Cartel|seller_raw:bestgroup||market_item.xlsx|dark0de|seller_raw:monsterlabstore,0.993680500420,0.975331233237,0.931082797146,0.995689987393,0.977197448293,0.990276435770
market_item.xlsx|Cartel|seller_raw:bestgroup||market_item.xlsx|silk road 3.1|seller_raw:bralle,0.986432720853,0.929191916963,0.915986470046,0.814754105358,0.958436045787,0.983076902386
market_item.xlsx|Cartel|seller_raw:dddprovider||market_item.xlsx|dark0de|seller_raw:lordsheng,0.968499569664,0.904349542170,0.892748892607,0.853994323256,0.891596494055,0.965391296182
market_item.xlsx|Cartel|seller_raw:dddprovider||market_item.xlsx|tor2door market|seller_raw:ddprovider,0.978227746628,0.921272474803,0.907662749845,0.820751132223,0.923522370982,0.983923685045
market_item.xlsx|Cartel|seller_raw:dddprovider||market_item.xlsx|versus market|seller_raw:ddprovider,0.989291158340,0.965551482259,0.938607052754,0.950320451686,0.980437246203,0.971824283667
market_item.xlsx|Cartel|seller_raw:fraudbuddy||market_item.xlsx|Cartel|seller_raw:melvinbankz,0.990813874695,0.958488041831,0.936019873045,0.972490214033,0.950559525500,0.989068101371
market_item.xlsx|Cartel|seller_raw:fraudbuddy||market_item.xlsx|dark0de|seller_raw:melvinbankz,0.987797512008,0.931962810077,0.936246866973,0.855592578239,0.940810458314,0.989224254332
market_item.xlsx|Cartel|seller_raw:fraudbuddy||market_item.xlsx|darkfox market|seller_raw:melvinbankz,0.991263382492,0.955437060413,0.944216397205,0.973715361459,0.956794898542,0.988979974537
market_item.xlsx|Cartel|seller_raw:fraudbuddy||market_item.xlsx|tor2door market|seller_raw:Melvinbankz,0.988776845893,0.926485526662,0.932165094730,0.801243514223,0.959853159548,0.988842018100
market_item.xlsx|Cartel|seller_raw:fraudbuddy||market_item.xlsx|versus market|seller_raw:melvinbankz,0.988706516164,0.953845360908,0.946617483384,0.948810568111,0.953014259521,0.987497209603
market_item.xlsx|Cartel|seller_raw:lloydspharma||market_item.xlsx|dark0de|seller_raw:lloydspharma1,0.976999945065,0.938049931591,0.915687134018,0.920794022372,0.963533794531,0.961599469037
market_item.xlsx|Cartel|seller_raw:melvinbankz||market_item.xlsx|darkfox market|seller_raw:fraudbuddy,0.988835212979,0.944689838345,0.933652313791,0.942297615438,0.938651531678,0.986979285437
market_item.xlsx|Cartel|seller_raw:melvinbankz||market_item.xlsx|versus market|seller_raw:fraudbuddy,0.989696495339,0.959004376435,0.934347348144,0.993373144092,0.948083759872,0.986638365521
market_item.xlsx|Cartel|seller_raw:melvinbankz||market_item.xlsx|vice city|seller_raw:Fraudbuddy,0.989436812933,0.946950643101,0.930263611584,0.917507033581,0.958232105455,0.988026604279
market_item.xlsx|Cartel|seller_raw:ttrebol35||market_item.xlsx|dark0de|seller_raw:firefly75,0.973437011072,0.907491934440,0.902730565258,0.889539628087,0.939570320304,0.939437952584
market_item.xlsx|Cartel|seller_raw:ttrebol35||market_item.xlsx|darkfox market|seller_raw:Firefly,0.983441770766,0.948446907289,0.926482226761,0.986146104175,0.936795295298,0.974965415756
market_item.xlsx|Lime|seller_raw:Benzopharma||market_item.xlsx|agartha market|seller_raw:vinicius12,0.958069224751,0.912954765077,0.901415440868,0.923660756783,0.896846647647,0.941847084619
market_item.xlsx|Lime|seller_raw:Hackman4all||market_item.xlsx|agartha market|seller_raw:blackhathacker,0.989819291300,0.949194730482,0.933268331560,0.881787383881,0.969694240027,0.987069737909
market_item.xlsx|Lime|seller_raw:Mrking||market_item.xlsx|darkfox market|seller_raw:Namara44,0.985371725628,0.948511330576,0.930925409137,0.964507029575,0.934224113667,0.974476595659
market_item.xlsx|Lime|seller_raw:Santiago||market_item.xlsx|agartha market|seller_raw:Hathacker,0.989283830963,0.962488138036,0.930457014682,0.964593160244,0.974141009792,0.979280123434
market_item.xlsx|Lime|seller_raw:dongreenplug||market_item.xlsx|Lime|seller_raw:thimoty99,0.989092477993,0.968489909866,0.927362461609,0.982789842116,0.976424795907,0.978892189133
market_item.xlsx|Lime|seller_raw:johnstone||market_item.xlsx|agartha market|seller_raw:johnstone14,0.983809003492,0.930357470042,0.924710715674,0.908449482219,0.925711758480,0.979399353994
market_item.xlsx|Lime|seller_raw:thimasnow||market_item.xlsx|agartha market|seller_raw:davidesales,0.975638495049,0.939748239050,0.918194024396,0.970884364113,0.933250904727,0.965247931713
market_item.xlsx|Lime|seller_raw:thimasnow||market_item.xlsx|agartha market|seller_raw:firsttrust420,0.976585742928,0.939390665007,0.912129271253,0.958168530527,0.957743901015,0.955569429047
market_item.xlsx|agartha market|seller_raw:Expediteshop||market_item.xlsx|agartha market|seller_raw:massiveshop,0.991988269816,0.975659694819,0.941685725610,0.991076064236,0.976204839204,0.987280600532
market_item.xlsx|agartha market|seller_raw:Lucky7||market_item.xlsx|apollon market|seller_raw:DonkeyKong54 (100%),0.957651471682,0.915844571506,0.886254759022,0.874802391140,0.948424447196,0.897685050893
market_item.xlsx|agartha market|seller_raw:biomed||market_item.xlsx|agartha market|seller_raw:massiveshop,0.988472449137,0.956773754124,0.930056479634,0.990978581514,0.947845668018,0.982375979057
market_item.xlsx|agartha market|seller_raw:firsttrust420||market_item.xlsx|agartha market|seller_raw:stonerpharma247,0.982458040894,0.933704377203,0.915434883587,0.950881784111,0.931743940275,0.970890245979
market_item.xlsx|agartha market|seller_raw:fivestarlegit||market_item.xlsx|agartha market|seller_raw:johnstone14,0.985893983652,0.960426099817,0.931171841174,0.988655048632,0.960243914063,0.974778570350
market_item.xlsx|agartha market|seller_raw:inlandpro||market_item.xlsx|agartha market|seller_raw:mert,0.981081864991,0.943463576872,0.929658726808,0.983684708501,0.940033397177,0.973570689670
market_item.xlsx|agartha market|seller_raw:vinicius12||market_item.xlsx|dark0de|seller_raw:coady2011,0.923744279729,0.856824368634,0.853605435696,0.837432740403,0.881833815622,0.853530327072
market_item.xlsx|apollon market|seller_raw:DonkeyKong54 (100%)||market_item.xlsx|dark0de|seller_raw:toto1909,0.949842772107,0.864885422583,0.858642540436,0.934109424729,0.881238441891,0.767469614531
market_item.xlsx|apollon market|seller_raw:MickeyMouseNL (96%)||market_item.xlsx|apollon market|seller_raw:PostNL (100%),0.980831710050,0.956638985709,0.930168475861,0.998162415750,0.943475983278,0.971632941421
market_item.xlsx|apollon market|seller_raw:NightlifeKings (99%)||market_item.xlsx|tor2door market|seller_raw:NightlifeKing,0.991269107231,0.954723125457,0.945462200705,0.849437175160,0.980226242179,0.994508244112
market_item.xlsx|apollon market|seller_raw:bestgroup1 (100%)||market_item.xlsx|silk road 3.1|seller_raw:bralle,0.982655467276,0.925529011937,0.907049484536,0.804931432235,0.961098292712,0.976883228614
market_item.xlsx|apollon market|seller_raw:bestgroup1 (100%)||market_item.xlsx|versus market|seller_raw:bestgroup,0.993325915325,0.964633877498,0.925066434932,0.912251807788,0.988358065069,0.990403175717
market_item.xlsx|cannazon market|seller_raw:GreenLeafDE||market_item.xlsx|tor2door market|seller_raw:PingPongUK,0.960159905385,0.859182835398,0.896603757776,0.811665127474,0.801454855949,0.976661554592
market_item.xlsx|cypher market|seller_raw:AudiRS7||market_item.xlsx|dark0de|seller_raw:fedex,0.957566325499,0.921537553037,0.924489943082,0.900188540711,0.910211557003,0.953448431114
market_item.xlsx|cypher market|seller_raw:AudiRS7||market_item.xlsx|darkfox market|seller_raw:FedEx,0.948984549179,0.918415330350,0.913474604458,0.924564753216,0.890297377930,0.954542343441
market_item.xlsx|cypher market|seller_raw:AudiRS7||market_item.xlsx|vice city|seller_raw:FedEx,0.957234942953,0.933461773118,0.931460961059,0.894387453938,0.939659973807,0.953904398180
market_item.xlsx|cypher market|seller_raw:NightlifeKings||market_item.xlsx|versus market|seller_raw:AmphetamineCowboys,0.994585711973,0.984472837804,0.960057234407,0.973668209271,0.992596888437,0.989010224360
market_item.xlsx|cypher market|seller_raw:monsterlabstore||market_item.xlsx|darkfox market|seller_raw:bestgroup,0.991607671027,0.962182895025,0.924387857442,0.915614882231,0.990810596407,0.984777276083
market_item.xlsx|dark0de|seller_raw:50bucks||market_item.xlsx|dark0de|seller_raw:toto1909,0.935709318393,0.885888457906,0.856436287515,1.000000000000,0.896005005184,0.750636532542
market_item.xlsx|dark0de|seller_raw:dddprovider||market_item.xlsx|dark0de|seller_raw:lordsheng,0.972359650758,0.940847705266,0.897802523357,1.000000000000,0.901615051823,0.961286917720
market_item.xlsx|dark0de|seller_raw:dddprovider||market_item.xlsx|darkfox market|seller_raw:ddprovider,0.986534321147,0.938302775413,0.933645597207,0.835133267105,0.967796981429,0.984981515534
market_item.xlsx|dark0de|seller_raw:dddprovider||market_item.xlsx|versus market|seller_raw:ddprovider,0.983081623019,0.934016864337,0.929119791043,0.838312737218,0.966978988643,0.977664005544
market_item.xlsx|dark0de|seller_raw:fedex||market_item.xlsx|silk road 3.1|seller_raw:RS7,0.979584522714,0.939453396760,0.939670618557,0.894734143696,0.930583619490,0.978826525357
market_item.xlsx|dark0de|seller_raw:fedex||market_item.xlsx|vice city|seller_raw:AudiRS7,0.981082771673,0.929012904691,0.935824611383,0.886610192282,0.927299951593,0.976275425677
market_item.xlsx|dark0de|seller_raw:fedex||market_item.xlsx|vice city|seller_raw:KitKat,0.979349133587,0.941139461878,0.940338782378,0.883685628077,0.942942928836,0.978116803238
market_item.xlsx|dark0de|seller_raw:lordsheng||market_item.xlsx|tor2door market|seller_raw:ddprovider,0.973260396067,0.918363973000,0.886626669828,0.904966246327,0.897563462113,0.967217172552
market_item.xlsx|dark0de|seller_raw:lordsheng||market_item.xlsx|versus market|seller_raw:ddprovider,0.955313355055,0.888272646142,0.881176622617,0.838312737802,0.878611883815,0.948372286985
market_item.xlsx|dark0de|seller_raw:luckyy7||market_item.xlsx|silk road 3.1|seller_raw:KingKongNL,0.976752557828,0.939231476622,0.930738479772,0.911568734785,0.956543336739,0.954557861501
market_item.xlsx|dark0de|seller_raw:melvinbankz||market_item.xlsx|darkfox market|seller_raw:fraudbuddy,0.987813844935,0.930653265857,0.937120042459,0.877418293139,0.933571187308,0.988700534543
market_item.xlsx|dark0de|seller_raw:melvinbankz||market_item.xlsx|versus market|seller_raw:fraudbuddy,0.987437094748,0.927920498306,0.934249695129,0.862625697036,0.937226575070,0.987134426300
market_item.xlsx|dark0de|seller_raw:melvinbankz||market_item.xlsx|vice city|seller_raw:Fraudbuddy,0.987617502787,0.939523229246,0.932254766292,0.899605397815,0.948531428998,0.987326020424
market_item.xlsx|dark0de|seller_raw:monsterlabstore||market_item.xlsx|silk road 3.1|seller_raw:bralle,0.986928654290,0.926674620184,0.914806203797,0.815558293220,0.949348344603,0.985763529384
market_item.xlsx|dark0de|seller_raw:nightlifekings||market_item.xlsx|tor2door market|seller_raw:NightlifeKing,0.993220629175,0.958830500141,0.952140380767,0.844250930588,0.989657056543,0.993710535042
market_item.xlsx|darkfox market|seller_raw:GreenLeafDE||market_item.xlsx|tor2door market|seller_raw:PingPongUK,0.960356190958,0.865275126901,0.895756977682,0.812688407833,0.814338371669,0.975605209497
market_item.xlsx|darkfox market|seller_raw:Psychedelica||market_item.xlsx|tor2door market|seller_raw:PsychedelicaShop,0.993685058327,0.950764329205,0.950702105053,0.787233853150,0.990946858286,0.997383757145
market_item.xlsx|darkfox market|seller_raw:Psychedelica||market_item.xlsx|vice city|seller_raw:PsychedelicaShop,0.985749781599,0.954154024702,0.936892983081,0.926783268968,0.980432093164,0.977257176708
market_item.xlsx|darkfox market|seller_raw:ThaKingDadpop||market_item.xlsx|tor2door market|seller_raw:Muankum12,0.986906479008,0.938135747791,0.940610685515,0.788001199844,0.982283339101,0.985948314684
market_item.xlsx|darkfox market|seller_raw:ThaKingDadpop||market_item.xlsx|vice city|seller_raw:Muankum12,0.986966673911,0.963744768055,0.946084755413,0.940811586525,0.984257342861,0.977025403084
market_item.xlsx|darkfox market|seller_raw:bestgroup||market_item.xlsx|silk road 3.1|seller_raw:bralle,0.984479568614,0.928279407864,0.913395205154,0.815147068528,0.959249736986,0.977436444732
market_item.xlsx|darkfox market|seller_raw:ddprovider||market_item.xlsx|vice city|seller_raw:Lordsheng,0.954798762831,0.896498740360,0.889642262537,0.805966529709,0.917838101710,0.927936077510
market_item.xlsx|darkfox market|seller_raw:frankDuke||market_item.xlsx|silk road 3.1|seller_raw:kome,0.904085493695,0.823072291073,0.818867489236,0.826943468314,0.834619879763,0.843881108851
market_item.xlsx|darkfox market|seller_raw:fraudbuddy||market_item.xlsx|darkfox market|seller_raw:melvinbankz,0.990894410372,0.949065891946,0.943860533239,0.975289798237,0.943246194192,0.990054601823
market_item.xlsx|darkfox market|seller_raw:fraudbuddy||market_item.xlsx|tor2door market|seller_raw:Melvinbankz,0.987678533169,0.926024572771,0.931175394830,0.826613960154,0.951102729106,0.988476678493
market_item.xlsx|darkfox market|seller_raw:fraudbuddy||market_item.xlsx|versus market|seller_raw:melvinbankz,0.993102351253,0.947736372829,0.950131507479,0.924374958073,0.951413497685,0.993378738100
market_item.xlsx|darkfox market|seller_raw:fraudbuddy||market_item.xlsx|vice city|seller_raw:Melvinbankz,0.984147386394,0.927513006591,0.922233506155,0.843283540560,0.953974843600,0.980116234591
market_item.xlsx|darkfox market|seller_raw:melvinbankz||market_item.xlsx|versus market|seller_raw:fraudbuddy,0.989399440877,0.948031293689,0.941516126724,0.960279836163,0.953289948320,0.987976048733
market_item.xlsx|darkfox market|seller_raw:melvinbankz||market_item.xlsx|vice city|seller_raw:Fraudbuddy,0.989445848908,0.945629358590,0.937144569283,0.915682522597,0.960935314234,0.987603157322
market_item.xlsx|silk road 3.1|seller_raw:ADMlN||market_item.xlsx|silk road 3.1|seller_raw:goodman209,0.970958218676,0.925667069712,0.875729027118,1.000000000000,0.857377878814,0.970072549530
market_item.xlsx|silk road 3.1|seller_raw:AccountCartel||market_item.xlsx|silk road 3.1|seller_raw:misaca,0.944025503102,0.895231879536,0.876973380578,1.000000000000,0.901016369249,0.845825724948
market_item.xlsx|silk road 3.1|seller_raw:AccountNinja||market_item.xlsx|silk road 3.1|seller_raw:Underground1231,0.908177654241,0.843243636666,0.842158007064,0.896807505774,0.850196273967,0.820423052927
market_item.xlsx|silk road 3.1|seller_raw:AccountNinja||market_item.xlsx|silk road 3.1|seller_raw:der3313,0.955000080704,0.931120257878,0.896515179709,1.000000000000,0.926469229238,0.871542573036
market_item.xlsx|silk road 3.1|seller_raw:AccountNinja||market_item.xlsx|silk road 3.1|seller_raw:dn21,0.937691019354,0.898365011114,0.876121046814,1.000000000000,0.864102887856,0.881809639930
market_item.xlsx|silk road 3.1|seller_raw:AccountNinja||market_item.xlsx|silk road 3.1|seller_raw:misaca,0.968083025594,0.939094713513,0.912520533300,1.000000000000,0.933400016595,0.916681935722
market_item.xlsx|silk road 3.1|seller_raw:AccountNinja||market_item.xlsx|silk road 3.1|seller_raw:thebuffalo,0.956186419253,0.917118609755,0.894046565932,1.000000000000,0.909722858174,0.883073666213
market_item.xlsx|silk road 3.1|seller_raw:AccountNinja||market_item.xlsx|silk road 3.1|seller_raw:thugdos,0.965819662853,0.937275624044,0.905462870254,1.000000000000,0.932228601343,0.910960458766
market_item.xlsx|silk road 3.1|seller_raw:BECKYAMANPOUR||market_item.xlsx|silk road 3.1|seller_raw:Nickybeverly110,0.963098026511,0.911705721369,0.889155733096,0.986290864128,0.951165767110,0.865739295244
market_item.xlsx|silk road 3.1|seller_raw:Benjo||market_item.xlsx|silk road 3.1|seller_raw:bennyman,0.991176025514,0.960881980072,0.933459433788,0.988803847812,0.942437734523,0.987522014620
market_item.xlsx|silk road 3.1|seller_raw:Benjo||market_item.xlsx|silk road 3.1|seller_raw:chani,0.990907511145,0.958580823781,0.935559948979,0.979436312897,0.957050383844,0.985398608072
market_item.xlsx|silk road 3.1|seller_raw:Benjo||market_item.xlsx|silk road 3.1|seller_raw:kennedybrown,0.986185245030,0.954463396377,0.925564419263,0.976387668067,0.964205246630,0.975565681730
market_item.xlsx|silk road 3.1|seller_raw:Biochemistz||market_item.xlsx|silk road 3.1|seller_raw:Biohazard,0.979533844116,0.940805315610,0.908268998626,0.964466128101,0.945924429843,0.958045771840
market_item.xlsx|silk road 3.1|seller_raw:Buytheworld||market_item.xlsx|silk road 3.1|seller_raw:Kingdope,0.940379527161,0.888321742223,0.863860655284,0.911660661658,0.877953029551,0.888538496513
market_item.xlsx|silk road 3.1|seller_raw:CardMoneyPro||market_item.xlsx|silk road 3.1|seller_raw:QuantichR,0.969055397275,0.906042304426,0.881824730561,0.852403965105,0.903824456033,0.963171337626
market_item.xlsx|silk road 3.1|seller_raw:CardMoneyPro||market_item.xlsx|silk road 3.1|seller_raw:jebak123,0.969102388335,0.930107236878,0.878384638985,1.000000000000,0.899699754525,0.950206949636
market_item.xlsx|silk road 3.1|seller_raw:CardMoneyPro||market_item.xlsx|silk road 3.1|seller_raw:jupiter022,0.974790764865,0.940298788724,0.883662913796,1.000000000000,0.919904270373,0.951981503252
market_item.xlsx|silk road 3.1|seller_raw:Counterfeitking2013||market_item.xlsx|silk road 3.1|seller_raw:counterfeitbuyers,0.970689431439,0.933816743797,0.916781441013,0.956400210040,0.904356469489,0.960674604216
market_item.xlsx|silk road 3.1|seller_raw:Counterfeitking2013||market_item.xlsx|silk road 3.1|seller_raw:iselluk,0.962143912107,0.925473223897,0.902366748746,0.944584441406,0.917446406552,0.930457319447
market_item.xlsx|silk road 3.1|seller_raw:Counterfeitnotes||market_item.xlsx|silk road 3.1|seller_raw:Kingdope,0.940172263549,0.865844452565,0.857881901564,0.876597998053,0.842838840753,0.885011404332
market_item.xlsx|silk road 3.1|seller_raw:DrawkwarDAccounts||market_item.xlsx|silk road 3.1|seller_raw:geazy,0.947276737316,0.888969312329,0.864141370010,1.000000000000,0.922240866081,0.803137220442
market_item.xlsx|silk road 3.1|seller_raw:DrawkwarDAccounts||market_item.xlsx|silk road 3.1|seller_raw:misaca,0.969492156984,0.951779227926,0.906435769512,1.000000000000,0.928792136969,0.951243799576
market_item.xlsx|silk road 3.1|seller_raw:DrawkwarDAccounts||market_item.xlsx|silk road 3.1|seller_raw:premiumaccounts,0.959621610077,0.908981031619,0.887980039022,1.000000000000,0.921184309017,0.854411718661
market_item.xlsx|silk road 3.1|seller_raw:DrawkwarDAccounts||market_item.xlsx|silk road 3.1|seller_raw:thebuffalo,0.976100526726,0.942998762660,0.906938284217,1.000000000000,0.949430293390,0.911419799076
market_item.xlsx|silk road 3.1|seller_raw:DrawkwarDAccounts||market_item.xlsx|silk road 3.1|seller_raw:thugdos,0.959376580195,0.911020742703,0.886559402102,1.000000000000,0.937934589140,0.842717692994
market_item.xlsx|silk road 3.1|seller_raw:DrawkwarDAccounts||market_item.xlsx|silk road 3.1|seller_raw:zymo,0.967602132828,0.924086327945,0.896285232306,1.000000000000,0.912733490499,0.877830618900
market_item.xlsx|silk road 3.1|seller_raw:Eddiemiles22||market_item.xlsx|silk road 3.1|seller_raw:subway44,0.984292718152,0.944489247021,0.931183920617,0.970542836089,0.980446222376,0.929004747719
market_item.xlsx|silk road 3.1|seller_raw:Excursive||market_item.xlsx|silk road 3.1|seller_raw:premiumaccounts,0.970274454326,0.947737196605,0.913663417671,1.000000000000,0.933102531496,0.936926877912
market_item.xlsx|silk road 3.1|seller_raw:Garda||market_item.xlsx|silk road 3.1|seller_raw:megaup,0.920508538824,0.841042103337,0.829280708242,0.873639851406,0.877536530402,0.735455501136
market_item.xlsx|silk road 3.1|seller_raw:KingKongNL||market_item.xlsx|silk road 3.1|seller_raw:Lucky7,0.974095824576,0.948632666738,0.926869466807,0.964688729605,0.963439396755,0.944144466023
market_item.xlsx|silk road 3.1|seller_raw:KingKongNL||market_item.xlsx|silk road 3.1|seller_raw:Streetlegend,0.970541317183,0.943122605391,0.929913745321,0.948169015970,0.956228669199,0.944040245703
market_item.xlsx|silk road 3.1|seller_raw:KingKongNL||market_item.xlsx|vice city|seller_raw:Lucky7,0.985964167493,0.967635055751,0.942552643137,0.978175247748,0.994456428399,0.942728537112
market_item.xlsx|silk road 3.1|seller_raw:Moneymover007||market_item.xlsx|silk road 3.1|seller_raw:jupiter022,0.960902124538,0.920256565843,0.880268119433,1.000000000000,0.877063150151,0.951865381799
market_item.xlsx|silk road 3.1|seller_raw:Nickybeverly110||market_item.xlsx|silk road 3.1|seller_raw:cocainelord110,0.954606738822,0.890337928984,0.879759995575,0.946688095932,0.948046190760,0.830623726479
market_item.xlsx|silk road 3.1|seller_raw:Pfizer||market_item.xlsx|silk road 3.1|seller_raw:kennedybrown,0.987202797102,0.961412973710,0.931925166145,0.980470652435,0.979731357918,0.976391882970
market_item.xlsx|silk road 3.1|seller_raw:QuantichR||market_item.xlsx|silk road 3.1|seller_raw:jupiter022,0.976923776555,0.926103337737,0.893305886300,0.852403965105,0.932459843116,0.974963865155
market_item.xlsx|silk road 3.1|seller_raw:RS7||market_item.xlsx|vice city|seller_raw:FedEx,0.982075431131,0.966938266431,0.950345590061,0.959649605984,0.966708491267,0.978202687159
market_item.xlsx|silk road 3.1|seller_raw:Redstevens07||market_item.xlsx|silk road 3.1|seller_raw:maskmark,0.973936737722,0.900361467316,0.902788667700,1.000000000000,0.869132966845,0.881770701446
market_item.xlsx|silk road 3.1|seller_raw:Stackx||market_item.xlsx|silk road 3.1|seller_raw:XREGORK,0.956738331297,0.900795156066,0.888947800419,0.907708833162,0.875903385956,0.925106747589
market_item.xlsx|silk road 3.1|seller_raw:Stackx||market_item.xlsx|silk road 3.1|seller_raw:bamm,0.919192326750,0.845018769521,0.844604554404,0.803569518395,0.854642744997,0.857454436638
market_item.xlsx|silk road 3.1|seller_raw:Stackx||market_item.xlsx|silk road 3.1|seller_raw:kkarolekk12,0.945091959883,0.923469926411,0.887876414149,1.000000000000,0.899200283219,0.895479139205
market_item.xlsx|silk road 3.1|seller_raw:Stackx||market_item.xlsx|silk road 3.1|seller_raw:megaup,0.916255842969,0.855410313816,0.825305411407,1.000000000000,0.823102359846,0.775436535572
market_item.xlsx|silk road 3.1|seller_raw:Stackx||market_item.xlsx|silk road 3.1|seller_raw:whistle1221,0.936475009002,0.882407848198,0.869110298904,0.873639851406,0.881596432949,0.887603261842
market_item.xlsx|silk road 3.1|seller_raw:Thecleaner786||market_item.xlsx|silk road 3.1|seller_raw:der3313,0.948475094158,0.920118723161,0.882767015431,1.000000000000,0.928106357181,0.824262178280
market_item.xlsx|silk road 3.1|seller_raw:Thecleaner786||market_item.xlsx|silk road 3.1|seller_raw:dn21,0.940741435728,0.888326009961,0.865872941212,1.000000000000,0.870496793912,0.850318230991
market_item.xlsx|silk road 3.1|seller_raw:Underground1231||market_item.xlsx|silk road 3.1|seller_raw:der3313,0.904110363316,0.868112213097,0.842723497545,0.896807505774,0.878641061441,0.788928920070
market_item.xlsx|silk road 3.1|seller_raw:Underground1231||market_item.xlsx|silk road 3.1|seller_raw:misaca,0.898771531657,0.831252968374,0.833625956784,0.896807505774,0.855248151155,0.787953641442
market_item.xlsx|silk road 3.1|seller_raw:Undergroundnation||market_item.xlsx|silk road 3.1|seller_raw:counterfeitbuyers,0.909549575182,0.852865067808,0.847553350107,0.815623223663,0.855974666429,0.875771077892
market_item.xlsx|silk road 3.1|seller_raw:WestUnionCommite||market_item.xlsx|silk road 3.1|seller_raw:WesternTransfers84,0.933720444052,0.871697296118,0.849950166613,0.852656446692,0.813102258387,0.948440744762
market_item.xlsx|silk road 3.1|seller_raw:WestUnionCommite||market_item.xlsx|silk road 3.1|seller_raw:goodman209,0.958776289383,0.894490979501,0.867434889847,0.852656446692,0.850722672931,0.970028556983
market_item.xlsx|silk road 3.1|seller_raw:XREGORK||market_item.xlsx|silk road 3.1|seller_raw:kkarolekk12,0.931307624156,0.878682020395,0.867526774314,0.907708811997,0.863243348539,0.888606052668
market_item.xlsx|silk road 3.1|seller_raw:bamm||market_item.xlsx|silk road 3.1|seller_raw:kkarolekk12,0.902381016096,0.842029615649,0.836700839181,0.803569487104,0.876290241715,0.813374267319
market_item.xlsx|silk road 3.1|seller_raw:beckly7000||market_item.xlsx|silk road 3.1|seller_raw:shuklalabsATgmail,0.969957981883,0.916799261923,0.881940669565,0.896366136987,0.905837799052,0.959151012551
market_item.xlsx|silk road 3.1|seller_raw:beckly7000||market_item.xlsx|silk road 3.1|seller_raw:vatsal,0.956716861550,0.901534439386,0.883694077946,0.902927029221,0.923750897903,0.891720321103
market_item.xlsx|silk road 3.1|seller_raw:citrek||market_item.xlsx|silk road 3.1|seller_raw:zymo,0.922179483285,0.848962547196,0.837758940386,0.834360932898,0.887229370704,0.794170696596
market_item.xlsx|silk road 3.1|seller_raw:coopine||market_item.xlsx|silk road 3.1|seller_raw:mickey009,0.958049264072,0.908245924023,0.895795785424,0.927379746865,0.888609232356,0.942240890323
market_item.xlsx|silk road 3.1|seller_raw:coopine||market_item.xlsx|silk road 3.1|seller_raw:mickey099,0.938779438442,0.881560276923,0.869688399977,0.900468423798,0.866385302703,0.919077244917
market_item.xlsx|silk road 3.1|seller_raw:counterfeitbuyers||market_item.xlsx|silk road 3.1|seller_raw:gunman2013,0.970879931771,0.939555184091,0.913075599203,0.961258291231,0.928893092423,0.958063411490
market_item.xlsx|silk road 3.1|seller_raw:counterfeitbuyers||market_item.xlsx|silk road 3.1|seller_raw:ibuyuk,0.967204816843,0.924217858471,0.911366645755,0.941914497764,0.897911944388,0.958960145016
market_item.xlsx|silk road 3.1|seller_raw:der3313||market_item.xlsx|silk road 3.1|seller_raw:dn21,0.944534539671,0.910319860054,0.882191654336,1.000000000000,0.884427367118,0.872424686521
market_item.xlsx|silk road 3.1|seller_raw:der3313||market_item.xlsx|silk road 3.1|seller_raw:misaca,0.967857735337,0.939204012846,0.909074130014,1.000000000000,0.934178865239,0.882205809422
market_item.xlsx|silk road 3.1|seller_raw:der3313||market_item.xlsx|silk road 3.1|seller_raw:zymo,0.973908047395,0.940111012996,0.914010748264,1.000000000000,0.940410170828,0.879623710326
market_item.xlsx|silk road 3.1|seller_raw:dn21||market_item.xlsx|silk road 3.1|seller_raw:misaca,0.950374219772,0.910319301782,0.888394020014,1.000000000000,0.879915642529,0.898180446088
market_item.xlsx|silk road 3.1|seller_raw:doctor77||market_item.xlsx|silk road 3.1|seller_raw:dope903,0.980747726477,0.940515676580,0.907839592336,0.984911155489,0.948662446889,0.962871492847
market_item.xlsx|silk road 3.1|seller_raw:doctor77||market_item.xlsx|silk road 3.1|seller_raw:tortrustedmeds,0.990330553598,0.957416312652,0.925171001362,0.995359801093,0.956122789095,0.982789920034
market_item.xlsx|silk road 3.1|seller_raw:doctorweed83||market_item.xlsx|silk road 3.1|seller_raw:samuellance33,0.986391847589,0.947584007555,0.945100794271,0.971332252819,0.964224905666,0.980159432655
market_item.xlsx|silk road 3.1|seller_raw:dope903||market_item.xlsx|silk road 3.1|seller_raw:mark7000,0.976881822811,0.930060308067,0.902053614407,0.962454200757,0.936474173354,0.963383388870
market_item.xlsx|silk road 3.1|seller_raw:ez1969||market_item.xlsx|silk road 3.1|seller_raw:thebuffalo,0.948071843441,0.904942423254,0.882412265429,1.000000000000,0.900133653906,0.862855905137
market_item.xlsx|silk road 3.1|seller_raw:ez1969||market_item.xlsx|silk road 3.1|seller_raw:zymo,0.934899868778,0.898724193046,0.872579638824,1.000000000000,0.879782083711,0.836570960338
market_item.xlsx|silk road 3.1|seller_raw:geazy||market_item.xlsx|silk road 3.1|seller_raw:premiumaccounts,0.967800974317,0.928750837322,0.893524881784,1.000000000000,0.982281877159,0.839595216146
market_item.xlsx|silk road 3.1|seller_raw:geazy||market_item.xlsx|silk road 3.1|seller_raw:thebuffalo,0.947723733546,0.891927812564,0.875512298243,1.000000000000,0.941918142398,0.787901389011
market_item.xlsx|silk road 3.1|seller_raw:geazy||market_item.xlsx|silk road 3.1|seller_raw:thugdos,0.955488287033,0.915419731109,0.882714392417,1.000000000000,0.961856160424,0.826693167348
market_item.xlsx|silk road 3.1|seller_raw:geazy||market_item.xlsx|silk road 3.1|seller_raw:zymo,0.938512455291,0.907680277298,0.873012005153,1.000000000000,0.924489125438,0.781742858317
market_item.xlsx|silk road 3.1|seller_raw:jebak123||market_item.xlsx|silk road 3.1|seller_raw:jupiter022,0.962260133555,0.909300280607,0.868332914262,1.000000000000,0.865423899536,0.942011088275
market_item.xlsx|silk road 3.1|seller_raw:kidney||market_item.xlsx|silk road 3.1|seller_raw:kome,0.959263936067,0.888721406633,0.873393129653,0.909830874687,0.945376159340,0.881034371932
market_item.xlsx|silk road 3.1|seller_raw:kidney||market_item.xlsx|silk road 3.1|seller_raw:vagi,0.954774502976,0.883976076171,0.866471593216,0.947680829633,0.951941392212,0.851311573243
market_item.xlsx|silk road 3.1|seller_raw:kkarolekk12||market_item.xlsx|silk road 3.1|seller_raw:megaup,0.943360858445,0.881473464220,0.859909889630,1.000000000000,0.866308622051,0.793276612780
market_item.xlsx|silk road 3.1|seller_raw:kkarolekk12||market_item.xlsx|silk road 3.1|seller_raw:whistle1221,0.948881264255,0.903383981850,0.892121013996,0.873639811301,0.928152460793,0.883591194510
market_item.xlsx|silk road 3.1|seller_raw:megaup||market_item.xlsx|silk road 3.1|seller_raw:reg0rk,0.910512990700,0.840309236214,0.807384644732,0.907708833162,0.836200926137,0.789202799505
market_item.xlsx|silk road 3.1|seller_raw:misaca||market_item.xlsx|silk road 3.1|seller_raw:thebuffalo,0.962389070976,0.934327159709,0.901601905341,1.000000000000,0.926025334142,0.912126078413
market_item.xlsx|silk road 3.1|seller_raw:premiumaccounts||market_item.xlsx|silk road 3.1|seller_raw:thebuffalo,0.962290574809,0.917031082211,0.899574628477,1.000000000000,0.940528499299,0.852049206230
market_item.xlsx|silk road 3.1|seller_raw:premiumaccounts||market_item.xlsx|silk road 3.1|seller_raw:thugdos,0.973238812248,0.946854478260,0.910972288825,1.000000000000,0.956135565316,0.911000630333
market_item.xlsx|silk road 3.1|seller_raw:premiumaccounts||market_item.xlsx|silk road 3.1|seller_raw:zymo,0.951303971108,0.926245524440,0.892437883194,1.000000000000,0.926304368225,0.852373361312
market_item.xlsx|silk road 3.1|seller_raw:samuellance33||market_item.xlsx|silk road 3.1|seller_raw:subway44,0.983708468009,0.951183737971,0.937875348302,0.963955338948,0.970855469996,0.970410238741
market_item.xlsx|silk road 3.1|seller_raw:shuklalabsATgmail||market_item.xlsx|silk road 3.1|seller_raw:vatsal,0.953800863784,0.912073829806,0.882121739216,0.911660661658,0.938752899893,0.899208193211
market_item.xlsx|silk road 3.1|seller_raw:susan393||market_item.xlsx|silk road 3.1|seller_raw:tortrustedmeds,0.987866331561,0.961549782455,0.924037584636,0.982393768928,0.970410242074,0.974595021860
market_item.xlsx|silk road 3.1|seller_raw:thebuffalo||market_item.xlsx|silk road 3.1|seller_raw:thugdos,0.966441026515,0.921523745924,0.902949867001,1.000000000000,0.958665840433,0.845143524376
market_item.xlsx|silk road 3.1|seller_raw:thebuffalo||market_item.xlsx|silk road 3.1|seller_raw:zymo,0.974750679616,0.934662099961,0.911086957062,1.000000000000,0.929496396193,0.879655607459
market_item.xlsx|silk road 3.1|seller_raw:thugdos||market_item.xlsx|silk road 3.1|seller_raw:zymo,0.957505956271,0.930999552796,0.895980038135,1.000000000000,0.940846514922,0.842305181339
market_item.xlsx|silk road 3.1|seller_raw:vagi||market_item.xlsx|silk road 3.1|seller_raw:vatsalmedsgmailcom,0.927369068579,0.870946143560,0.855298363727,0.875578086708,0.874747160040,0.909696798967
market_item.xlsx|silk road 3.1|seller_raw:vatsal||market_item.xlsx|silk road 3.1|seller_raw:vatsalmedsgmailcom,0.913583493516,0.854151898513,0.849292961640,0.819992698320,0.873295678284,0.864174728606
market_item.xlsx|tor2door market|seller_raw:GreenLeafDE||market_item.xlsx|tor2door market|seller_raw:PingPongUK,0.966575358623,0.900315414339,0.897646827355,1.000000000000,0.816418152736,0.975775001540
market_item.xlsx|tor2door market|seller_raw:Melvinbankz||market_item.xlsx|tor2door market|seller_raw:fraudbuddy,0.989092400997,0.954053738323,0.924369052491,1.000000000000,0.936236966415,0.988021559773
market_item.xlsx|tor2door market|seller_raw:Melvinbankz||market_item.xlsx|versus market|seller_raw:fraudbuddy,0.988254943420,0.924422008065,0.930487556665,0.796330085602,0.959524585359,0.988367624036
market_item.xlsx|tor2door market|seller_raw:Melvinbankz||market_item.xlsx|vice city|seller_raw:Fraudbuddy,0.988147020286,0.926187849099,0.926492977450,0.815493282306,0.962227337777,0.987412637386
market_item.xlsx|tor2door market|seller_raw:MickeyMouseNL||market_item.xlsx|vice city|seller_raw:MickeyMouseNLL,0.995460378817,0.957197800636,0.953488758307,0.795575796605,0.997600894975,0.999908207063
market_item.xlsx|tor2door market|seller_raw:NightlifeKing||market_item.xlsx|vice city|seller_raw:NightlifeKings,0.996542000658,0.972276879466,0.955442473168,0.868180282554,0.999685568914,0.998621564527
market_item.xlsx|tor2door market|seller_raw:PingPongUK||market_item.xlsx|versus market|seller_raw:GreenLeafDE,0.959200060083,0.858070159629,0.893274008067,0.791382803439,0.810734610293,0.974190592843
market_item.xlsx|tor2door market|seller_raw:ddprovider||market_item.xlsx|vice city|seller_raw:Lordsheng,0.974315743839,0.935092023598,0.897273111043,1.000000000000,0.910983250425,0.944245678467
market_item.xlsx|tor2door market|seller_raw:fraudbuddy||market_item.xlsx|versus market|seller_raw:melvinbankz,0.986346881599,0.916680087915,0.932767339920,0.809313596615,0.935549382948,0.988733246366
market_item.xlsx|versus market|seller_raw:ddprovider||market_item.xlsx|vice city|seller_raw:Lordsheng,0.950202136743,0.885367416037,0.879958698267,0.805284233900,0.906244470889,0.915588517910
market_item.xlsx|versus market|seller_raw:fraudbuddy||market_item.xlsx|versus market|seller_raw:melvinbankz,0.993436586958,0.959843786392,0.948985793685,0.976481367988,0.953330141276,0.993422895129
market_item.xlsx|versus market|seller_raw:fraudbuddy||market_item.xlsx|vice city|seller_raw:Melvinbankz,0.986149397202,0.928872053221,0.921233123605,0.847717824212,0.952663991795,0.983105929957
market_item.xlsx|versus market|seller_raw:melvinbankz||market_item.xlsx|vice city|seller_raw:Fraudbuddy,0.991005607000,0.954293477564,0.944277098666,0.932573190773,0.964697805506,0.989721540354
market_item.xlsx|vice city|seller_raw:FedEx||market_item.xlsx|vice city|seller_raw:KitKat,0.978616293457,0.958416618244,0.947551134533,0.947420726739,0.951211797884,0.978375514384
market_item.xlsx|vice city|seller_raw:Fraudbuddy||market_item.xlsx|vice city|seller_raw:Melvinbankz,0.988441892873,0.943408732202,0.921504854267,0.903858466836,0.963869600686,0.986236864766
